order_item_id,option_item_id,option_name,extra_price
1,5,ICE,0
1,2,Grande,500
2,4,HOT,0
2,2,Grande,500
2,13,더 달게,0
2,6,샷 추가 (+1),500
3,4,HOT,0
3,2,Grande,500
4,5,ICE,0
4,2,Grande,500
4,11,기본,0
4,9,카라멜 시럽,300
5,5,ICE,0
5,1,Tall,0
5,11,기본,0
6,4,HOT,0
6,1,Tall,0
7,4,HOT,0
7,2,Grande,500
7,10,휘핑크림 추가,500
8,4,HOT,0
8,1,Tall,0
8,11,기본,0
9,4,HOT,0
9,1,Tall,0
9,11,기본,0
9,6,샷 추가 (+1),500
10,5,ICE,0
10,1,Tall,0
10,12,덜 달게,0
10,6,샷 추가 (+1),500
11,4,HOT,0
11,1,Tall,0
11,13,더 달게,0
12,5,ICE,0
12,2,Grande,500
13,4,HOT,0
13,2,Grande,500
13,6,샷 추가 (+1),500
14,5,ICE,0
14,1,Tall,0
14,11,기본,0
15,4,HOT,0
15,1,Tall,0
16,5,ICE,0
16,2,Grande,500
16,11,기본,0
17,4,HOT,0
17,3,Venti,1000
17,12,덜 달게,0
17,7,바닐라 시럽,300
18,5,ICE,0
18,2,Grande,500
18,11,기본,0
18,10,휘핑크림 추가,500
19,4,HOT,0
19,3,Venti,1000
19,6,샷 추가 (+1),500
20,5,ICE,0
20,1,Tall,0
20,6,샷 추가 (+1),500
21,4,HOT,0
21,1,Tall,0
22,5,ICE,0
22,1,Tall,0
22,6,샷 추가 (+1),500
23,4,HOT,0
23,3,Venti,1000
23,7,바닐라 시럽,300
24,5,ICE,0
24,2,Grande,500
24,11,기본,0
25,4,HOT,0
25,3,Venti,1000
25,13,더 달게,0
26,4,HOT,0
26,3,Venti,1000
26,11,기본,0
26,6,샷 추가 (+1),500
27,4,HOT,0
27,1,Tall,0
27,11,기본,0
28,4,HOT,0
28,1,Tall,0
29,4,HOT,0
29,1,Tall,0
29,11,기본,0
30,4,HOT,0
30,3,Venti,1000
30,11,기본,0
30,6,샷 추가 (+1),500
30,7,바닐라 시럽,300
31,4,HOT,0
31,1,Tall,0
31,8,헤이즐넛 시럽,300
31,10,휘핑크림 추가,500
32,4,HOT,0
32,3,Venti,1000
33,4,HOT,0
33,2,Grande,500
33,13,더 달게,0
33,6,샷 추가 (+1),500
33,8,헤이즐넛 시럽,300
34,4,HOT,0
34,3,Venti,1000
34,6,샷 추가 (+1),500
35,4,HOT,0
35,2,Grande,500
35,12,덜 달게,0
36,5,ICE,0
36,2,Grande,500
36,6,샷 추가 (+1),500
36,10,휘핑크림 추가,500
37,4,HOT,0
37,3,Venti,1000
37,11,기본,0
38,5,ICE,0
38,2,Grande,500
38,11,기본,0
38,6,샷 추가 (+1),500
39,4,HOT,0
39,2,Grande,500
39,12,덜 달게,0
39,10,휘핑크림 추가,500
40,4,HOT,0
40,1,Tall,0
40,6,샷 추가 (+1),500
41,5,ICE,0
41,3,Venti,1000
41,13,더 달게,0
41,7,바닐라 시럽,300
42,5,ICE,0
42,1,Tall,0
43,4,HOT,0
43,3,Venti,1000
43,12,덜 달게,0
43,6,샷 추가 (+1),500
44,4,HOT,0
44,1,Tall,0
45,5,ICE,0
45,3,Venti,1000
45,6,샷 추가 (+1),500
45,7,바닐라 시럽,300
46,5,ICE,0
46,1,Tall,0
46,11,기본,0
47,4,HOT,0
47,2,Grande,500
47,9,카라멜 시럽,300
48,4,HOT,0
48,2,Grande,500
48,8,헤이즐넛 시럽,300
49,4,HOT,0
49,2,Grande,500
49,13,더 달게,0
49,6,샷 추가 (+1),500
50,4,HOT,0
50,2,Grande,500
50,13,더 달게,0
51,5,ICE,0
51,2,Grande,500
52,4,HOT,0
52,2,Grande,500
52,12,덜 달게,0
52,6,샷 추가 (+1),500
52,9,카라멜 시럽,300
53,4,HOT,0
53,1,Tall,0
53,12,덜 달게,0
53,7,바닐라 시럽,300
54,4,HOT,0
54,2,Grande,500
54,11,기본,0
54,6,샷 추가 (+1),500
55,5,ICE,0
55,1,Tall,0
55,11,기본,0
55,10,휘핑크림 추가,500
56,4,HOT,0
56,1,Tall,0
56,11,기본,0
56,6,샷 추가 (+1),500
57,4,HOT,0
57,1,Tall,0
57,6,샷 추가 (+1),500
57,10,휘핑크림 추가,500
58,5,ICE,0
58,3,Venti,1000
58,6,샷 추가 (+1),500
59,4,HOT,0
59,2,Grande,500
59,13,더 달게,0
59,6,샷 추가 (+1),500
60,4,HOT,0
60,1,Tall,0
61,4,HOT,0
61,3,Venti,1000
61,11,기본,0
62,4,HOT,0
62,3,Venti,1000
62,11,기본,0
63,4,HOT,0
63,1,Tall,0
64,4,HOT,0
64,1,Tall,0
65,4,HOT,0
65,1,Tall,0
65,6,샷 추가 (+1),500
65,7,바닐라 시럽,300
66,5,ICE,0
66,1,Tall,0
66,11,기본,0
66,9,카라멜 시럽,300
67,4,HOT,0
67,3,Venti,1000
67,13,더 달게,0
68,4,HOT,0
68,1,Tall,0
68,11,기본,0
68,6,샷 추가 (+1),500
69,4,HOT,0
69,1,Tall,0
70,5,ICE,0
70,1,Tall,0
70,6,샷 추가 (+1),500
71,4,HOT,0
71,3,Venti,1000
71,6,샷 추가 (+1),500
72,4,HOT,0
72,2,Grande,500
72,13,더 달게,0
72,8,헤이즐넛 시럽,300
73,4,HOT,0
73,3,Venti,1000
73,12,덜 달게,0
73,8,헤이즐넛 시럽,300
73,10,휘핑크림 추가,500
74,4,HOT,0
74,1,Tall,0
74,13,더 달게,0
74,10,휘핑크림 추가,500
75,4,HOT,0
75,1,Tall,0
76,5,ICE,0
76,3,Venti,1000
76,11,기본,0
77,5,ICE,0
77,3,Venti,1000
77,13,더 달게,0
78,4,HOT,0
78,1,Tall,0
78,11,기본,0
79,5,ICE,0
79,2,Grande,500
79,13,더 달게,0
79,10,휘핑크림 추가,500
80,4,HOT,0
80,2,Grande,500
81,5,ICE,0
81,1,Tall,0
82,4,HOT,0
82,1,Tall,0
82,11,기본,0
82,6,샷 추가 (+1),500
83,5,ICE,0
83,2,Grande,500
83,13,더 달게,0
83,7,바닐라 시럽,300
84,4,HOT,0
84,1,Tall,0
84,11,기본,0
85,4,HOT,0
85,2,Grande,500
86,4,HOT,0
86,1,Tall,0
86,11,기본,0
87,4,HOT,0
87,1,Tall,0
87,12,덜 달게,0
87,8,헤이즐넛 시럽,300
88,4,HOT,0
88,2,Grande,500
88,11,기본,0
88,8,헤이즐넛 시럽,300
89,5,ICE,0
89,1,Tall,0
89,11,기본,0
89,6,샷 추가 (+1),500
90,5,ICE,0
90,2,Grande,500
90,6,샷 추가 (+1),500
91,5,ICE,0
91,3,Venti,1000
91,11,기본,0
91,6,샷 추가 (+1),500
92,4,HOT,0
92,2,Grande,500
92,12,덜 달게,0
92,6,샷 추가 (+1),500
92,9,카라멜 시럽,300
93,5,ICE,0
93,1,Tall,0
93,11,기본,0
94,4,HOT,0
94,1,Tall,0
94,7,바닐라 시럽,300
95,4,HOT,0
95,2,Grande,500
95,11,기본,0
96,4,HOT,0
96,1,Tall,0
96,6,샷 추가 (+1),500
97,4,HOT,0
97,2,Grande,500
97,11,기본,0
98,4,HOT,0
98,1,Tall,0
98,6,샷 추가 (+1),500
99,4,HOT,0
99,2,Grande,500
99,11,기본,0
100,5,ICE,0
100,1,Tall,0
100,11,기본,0
101,4,HOT,0
101,3,Venti,1000
102,5,ICE,0
102,1,Tall,0
103,4,HOT,0
103,2,Grande,500
103,7,바닐라 시럽,300
104,5,ICE,0
104,2,Grande,500
104,11,기본,0
104,9,카라멜 시럽,300
105,4,HOT,0
105,1,Tall,0
105,11,기본,0
105,6,샷 추가 (+1),500
106,5,ICE,0
106,1,Tall,0
106,13,더 달게,0
107,5,ICE,0
107,1,Tall,0
107,13,더 달게,0
107,6,샷 추가 (+1),500
108,4,HOT,0
108,3,Venti,1000
108,11,기본,0
109,4,HOT,0
109,1,Tall,0
110,5,ICE,0
110,2,Grande,500
110,13,더 달게,0
111,4,HOT,0
111,1,Tall,0
111,12,덜 달게,0
112,4,HOT,0
112,1,Tall,0
112,13,더 달게,0
113,5,ICE,0
113,2,Grande,500
113,12,덜 달게,0
114,4,HOT,0
114,3,Venti,1000
114,11,기본,0
115,4,HOT,0
115,3,Venti,1000
115,11,기본,0
116,5,ICE,0
116,2,Grande,500
116,12,덜 달게,0
116,6,샷 추가 (+1),500
117,4,HOT,0
117,2,Grande,500
117,11,기본,0
117,6,샷 추가 (+1),500
118,4,HOT,0
118,2,Grande,500
118,11,기본,0
119,4,HOT,0
119,1,Tall,0
119,13,더 달게,0
120,4,HOT,0
120,2,Grande,500
120,10,휘핑크림 추가,500
121,4,HOT,0
121,2,Grande,500
121,9,카라멜 시럽,300
122,4,HOT,0
122,2,Grande,500
122,9,카라멜 시럽,300
123,4,HOT,0
123,1,Tall,0
123,11,기본,0
124,4,HOT,0
124,1,Tall,0
125,5,ICE,0
125,2,Grande,500
125,6,샷 추가 (+1),500
125,10,휘핑크림 추가,500
126,4,HOT,0
126,3,Venti,1000
126,8,헤이즐넛 시럽,300
127,4,HOT,0
127,3,Venti,1000
127,11,기본,0
128,4,HOT,0
128,1,Tall,0
128,9,카라멜 시럽,300
129,4,HOT,0
129,3,Venti,1000
129,11,기본,0
130,5,ICE,0
130,2,Grande,500
130,11,기본,0
130,6,샷 추가 (+1),500
130,7,바닐라 시럽,300
131,5,ICE,0
131,2,Grande,500
131,12,덜 달게,0
131,9,카라멜 시럽,300
132,5,ICE,0
132,3,Venti,1000
132,6,샷 추가 (+1),500
133,5,ICE,0
133,2,Grande,500
133,12,덜 달게,0
134,4,HOT,0
134,3,Venti,1000
134,11,기본,0
135,5,ICE,0
135,3,Venti,1000
136,4,HOT,0
136,3,Venti,1000
137,4,HOT,0
137,1,Tall,0
137,12,덜 달게,0
138,5,ICE,0
138,2,Grande,500
139,4,HOT,0
139,2,Grande,500
139,13,더 달게,0
140,5,ICE,0
140,2,Grande,500
141,4,HOT,0
141,2,Grande,500
141,6,샷 추가 (+1),500
142,4,HOT,0
142,1,Tall,0
142,13,더 달게,0
142,8,헤이즐넛 시럽,300
143,4,HOT,0
143,2,Grande,500
144,4,HOT,0
144,1,Tall,0
144,13,더 달게,0
145,4,HOT,0
145,2,Grande,500
145,13,더 달게,0
145,10,휘핑크림 추가,500
146,4,HOT,0
146,2,Grande,500
147,4,HOT,0
147,1,Tall,0
147,12,덜 달게,0
147,6,샷 추가 (+1),500
148,4,HOT,0
148,1,Tall,0
148,11,기본,0
149,4,HOT,0
149,1,Tall,0
149,6,샷 추가 (+1),500
150,5,ICE,0
150,2,Grande,500
150,12,덜 달게,0
151,5,ICE,0
151,2,Grande,500
152,5,ICE,0
152,1,Tall,0
152,6,샷 추가 (+1),500
153,5,ICE,0
153,2,Grande,500
153,13,더 달게,0
153,6,샷 추가 (+1),500
154,5,ICE,0
154,2,Grande,500
154,13,더 달게,0
154,7,바닐라 시럽,300
155,4,HOT,0
155,2,Grande,500
156,4,HOT,0
156,1,Tall,0
156,11,기본,0
157,5,ICE,0
157,2,Grande,500
157,13,더 달게,0
158,4,HOT,0
158,2,Grande,500
158,12,덜 달게,0
158,6,샷 추가 (+1),500
159,4,HOT,0
159,1,Tall,0
159,6,샷 추가 (+1),500
159,10,휘핑크림 추가,500
160,5,ICE,0
160,3,Venti,1000
161,5,ICE,0
161,3,Venti,1000
161,6,샷 추가 (+1),500
162,5,ICE,0
162,1,Tall,0
163,4,HOT,0
163,1,Tall,0
163,12,덜 달게,0
163,6,샷 추가 (+1),500
164,4,HOT,0
164,1,Tall,0
164,13,더 달게,0
165,4,HOT,0
165,2,Grande,500
165,12,덜 달게,0
165,7,바닐라 시럽,300
166,4,HOT,0
166,1,Tall,0
166,11,기본,0
166,6,샷 추가 (+1),500
167,5,ICE,0
167,3,Venti,1000
167,11,기본,0
167,6,샷 추가 (+1),500
168,4,HOT,0
168,2,Grande,500
168,13,더 달게,0
169,4,HOT,0
169,1,Tall,0
169,12,덜 달게,0
170,5,ICE,0
170,1,Tall,0
171,5,ICE,0
171,1,Tall,0
172,4,HOT,0
172,2,Grande,500
172,13,더 달게,0
173,5,ICE,0
173,1,Tall,0
173,11,기본,0
174,5,ICE,0
174,2,Grande,500
175,4,HOT,0
175,1,Tall,0
175,13,더 달게,0
176,4,HOT,0
176,3,Venti,1000
176,11,기본,0
177,4,HOT,0
177,2,Grande,500
177,13,더 달게,0
178,5,ICE,0
178,2,Grande,500
178,9,카라멜 시럽,300
179,5,ICE,0
179,2,Grande,500
179,13,더 달게,0
180,4,HOT,0
180,1,Tall,0
181,4,HOT,0
181,1,Tall,0
181,13,더 달게,0
182,4,HOT,0
182,3,Venti,1000
183,4,HOT,0
183,1,Tall,0
183,12,덜 달게,0
184,4,HOT,0
184,2,Grande,500
184,11,기본,0
185,5,ICE,0
185,2,Grande,500
185,6,샷 추가 (+1),500
186,5,ICE,0
186,1,Tall,0
186,11,기본,0
186,7,바닐라 시럽,300
187,5,ICE,0
187,2,Grande,500
187,12,덜 달게,0
188,4,HOT,0
188,2,Grande,500
188,10,휘핑크림 추가,500
189,5,ICE,0
189,1,Tall,0
190,5,ICE,0
190,1,Tall,0
190,9,카라멜 시럽,300
191,5,ICE,0
191,2,Grande,500
191,11,기본,0
191,6,샷 추가 (+1),500
191,10,휘핑크림 추가,500
192,4,HOT,0
192,2,Grande,500
192,13,더 달게,0
193,4,HOT,0
193,3,Venti,1000
193,12,덜 달게,0
193,9,카라멜 시럽,300
194,4,HOT,0
194,3,Venti,1000
194,6,샷 추가 (+1),500
195,4,HOT,0
195,2,Grande,500
195,6,샷 추가 (+1),500
196,5,ICE,0
196,1,Tall,0
196,11,기본,0
197,5,ICE,0
197,1,Tall,0
197,12,덜 달게,0
197,7,바닐라 시럽,300
198,4,HOT,0
198,1,Tall,0
198,11,기본,0
198,6,샷 추가 (+1),500
199,4,HOT,0
199,1,Tall,0
200,4,HOT,0
200,1,Tall,0
200,11,기본,0
201,5,ICE,0
201,1,Tall,0
202,5,ICE,0
202,1,Tall,0
202,11,기본,0
203,5,ICE,0
203,1,Tall,0
203,13,더 달게,0
204,4,HOT,0
204,1,Tall,0
204,12,덜 달게,0
205,4,HOT,0
205,1,Tall,0
205,11,기본,0
206,5,ICE,0
206,2,Grande,500
206,9,카라멜 시럽,300
207,4,HOT,0
207,2,Grande,500
207,12,덜 달게,0
207,6,샷 추가 (+1),500
208,5,ICE,0
208,1,Tall,0
208,6,샷 추가 (+1),500
209,4,HOT,0
209,1,Tall,0
210,4,HOT,0
210,3,Venti,1000
210,11,기본,0
211,4,HOT,0
211,1,Tall,0
211,13,더 달게,0
211,6,샷 추가 (+1),500
212,5,ICE,0
212,3,Venti,1000
212,11,기본,0
213,5,ICE,0
213,2,Grande,500
214,4,HOT,0
214,1,Tall,0
214,9,카라멜 시럽,300
215,5,ICE,0
215,1,Tall,0
215,11,기본,0
216,5,ICE,0
216,3,Venti,1000
217,4,HOT,0
217,1,Tall,0
218,4,HOT,0
218,2,Grande,500
219,5,ICE,0
219,1,Tall,0
219,7,바닐라 시럽,300
220,4,HOT,0
220,3,Venti,1000
220,6,샷 추가 (+1),500
221,4,HOT,0
221,2,Grande,500
221,11,기본,0
221,9,카라멜 시럽,300
222,4,HOT,0
222,1,Tall,0
223,5,ICE,0
223,2,Grande,500
223,11,기본,0
224,5,ICE,0
224,1,Tall,0
224,7,바닐라 시럽,300
225,5,ICE,0
225,2,Grande,500
226,4,HOT,0
226,3,Venti,1000
227,4,HOT,0
227,2,Grande,500
227,11,기본,0
227,6,샷 추가 (+1),500
228,4,HOT,0
228,3,Venti,1000
228,6,샷 추가 (+1),500
228,8,헤이즐넛 시럽,300
229,4,HOT,0
229,3,Venti,1000
229,12,덜 달게,0
230,4,HOT,0
230,2,Grande,500
230,11,기본,0
230,6,샷 추가 (+1),500
231,4,HOT,0
231,3,Venti,1000
231,12,덜 달게,0
231,6,샷 추가 (+1),500
231,8,헤이즐넛 시럽,300
232,4,HOT,0
232,2,Grande,500
232,13,더 달게,0
232,6,샷 추가 (+1),500
233,4,HOT,0
233,2,Grande,500
233,13,더 달게,0
234,4,HOT,0
234,2,Grande,500
235,4,HOT,0
235,1,Tall,0
236,4,HOT,0
236,1,Tall,0
236,12,덜 달게,0
236,6,샷 추가 (+1),500
236,8,헤이즐넛 시럽,300
237,4,HOT,0
237,2,Grande,500
237,10,휘핑크림 추가,500
238,4,HOT,0
238,3,Venti,1000
238,11,기본,0
238,10,휘핑크림 추가,500
239,4,HOT,0
239,2,Grande,500
240,5,ICE,0
240,3,Venti,1000
240,12,덜 달게,0
241,5,ICE,0
241,1,Tall,0
241,11,기본,0
242,5,ICE,0
242,3,Venti,1000
242,13,더 달게,0
243,4,HOT,0
243,2,Grande,500
243,13,더 달게,0
244,5,ICE,0
244,2,Grande,500
244,12,덜 달게,0
245,5,ICE,0
245,3,Venti,1000
245,12,덜 달게,0
245,8,헤이즐넛 시럽,300
246,5,ICE,0
246,1,Tall,0
246,13,더 달게,0
247,4,HOT,0
247,2,Grande,500
247,11,기본,0
248,5,ICE,0
248,2,Grande,500
248,11,기본,0
249,4,HOT,0
249,2,Grande,500
249,6,샷 추가 (+1),500
250,4,HOT,0
250,2,Grande,500
250,11,기본,0
250,6,샷 추가 (+1),500
251,4,HOT,0
251,1,Tall,0
251,11,기본,0
251,8,헤이즐넛 시럽,300
252,5,ICE,0
252,2,Grande,500
253,5,ICE,0
253,3,Venti,1000
254,5,ICE,0
254,2,Grande,500
255,4,HOT,0
255,1,Tall,0
255,7,바닐라 시럽,300
256,4,HOT,0
256,1,Tall,0
256,13,더 달게,0
257,5,ICE,0
257,2,Grande,500
257,6,샷 추가 (+1),500
258,5,ICE,0
258,3,Venti,1000
258,11,기본,0
259,5,ICE,0
259,1,Tall,0
259,12,덜 달게,0
260,4,HOT,0
260,1,Tall,0
260,6,샷 추가 (+1),500
261,4,HOT,0
261,2,Grande,500
261,12,덜 달게,0
262,4,HOT,0
262,2,Grande,500
262,12,덜 달게,0
263,5,ICE,0
263,2,Grande,500
263,7,바닐라 시럽,300
264,5,ICE,0
264,3,Venti,1000
265,4,HOT,0
265,1,Tall,0
266,4,HOT,0
266,3,Venti,1000
266,11,기본,0
267,4,HOT,0
267,2,Grande,500
267,11,기본,0
267,6,샷 추가 (+1),500
268,5,ICE,0
268,2,Grande,500
268,6,샷 추가 (+1),500
269,4,HOT,0
269,2,Grande,500
269,6,샷 추가 (+1),500
269,10,휘핑크림 추가,500
270,5,ICE,0
270,2,Grande,500
271,5,ICE,0
271,1,Tall,0
271,6,샷 추가 (+1),500
272,4,HOT,0
272,3,Venti,1000
272,12,덜 달게,0
272,6,샷 추가 (+1),500
272,8,헤이즐넛 시럽,300
273,5,ICE,0
273,1,Tall,0
273,13,더 달게,0
273,9,카라멜 시럽,300
274,4,HOT,0
274,1,Tall,0
274,11,기본,0
275,5,ICE,0
275,1,Tall,0
276,4,HOT,0
276,2,Grande,500
276,11,기본,0
277,4,HOT,0
277,1,Tall,0
277,11,기본,0
278,4,HOT,0
278,2,Grande,500
278,7,바닐라 시럽,300
279,5,ICE,0
279,1,Tall,0
279,11,기본,0
279,6,샷 추가 (+1),500
280,4,HOT,0
280,1,Tall,0
280,6,샷 추가 (+1),500
280,10,휘핑크림 추가,500
281,4,HOT,0
281,1,Tall,0
281,11,기본,0
282,5,ICE,0
282,1,Tall,0
282,11,기본,0
282,6,샷 추가 (+1),500
283,4,HOT,0
283,1,Tall,0
283,13,더 달게,0
284,4,HOT,0
284,1,Tall,0
284,10,휘핑크림 추가,500
285,4,HOT,0
285,2,Grande,500
285,12,덜 달게,0
285,6,샷 추가 (+1),500
286,4,HOT,0
286,1,Tall,0
286,11,기본,0
287,4,HOT,0
287,2,Grande,500
288,4,HOT,0
288,1,Tall,0
288,11,기본,0
289,4,HOT,0
289,3,Venti,1000
289,11,기본,0
290,5,ICE,0
290,3,Venti,1000
291,4,HOT,0
291,2,Grande,500
291,6,샷 추가 (+1),500
292,4,HOT,0
292,2,Grande,500
292,6,샷 추가 (+1),500
292,9,카라멜 시럽,300
293,4,HOT,0
293,1,Tall,0
293,6,샷 추가 (+1),500
294,4,HOT,0
294,2,Grande,500
294,12,덜 달게,0
295,4,HOT,0
295,2,Grande,500
295,13,더 달게,0
295,6,샷 추가 (+1),500
295,7,바닐라 시럽,300
296,5,ICE,0
296,2,Grande,500
296,13,더 달게,0
297,4,HOT,0
297,2,Grande,500
297,12,덜 달게,0
298,4,HOT,0
298,1,Tall,0
299,4,HOT,0
299,1,Tall,0
300,4,HOT,0
300,2,Grande,500
300,13,더 달게,0
300,10,휘핑크림 추가,500
301,5,ICE,0
301,1,Tall,0
301,13,더 달게,0
301,7,바닐라 시럽,300
302,4,HOT,0
302,1,Tall,0
302,12,덜 달게,0
303,4,HOT,0
303,2,Grande,500
303,13,더 달게,0
304,4,HOT,0
304,1,Tall,0
304,11,기본,0
304,6,샷 추가 (+1),500
305,4,HOT,0
305,2,Grande,500
305,6,샷 추가 (+1),500
306,4,HOT,0
306,3,Venti,1000
306,12,덜 달게,0
306,9,카라멜 시럽,300
307,4,HOT,0
307,3,Venti,1000
307,13,더 달게,0
308,4,HOT,0
308,1,Tall,0
308,7,바닐라 시럽,300
309,5,ICE,0
309,3,Venti,1000
310,5,ICE,0
310,2,Grande,500
310,11,기본,0
311,5,ICE,0
311,2,Grande,500
311,13,더 달게,0
312,5,ICE,0
312,2,Grande,500
312,12,덜 달게,0
312,6,샷 추가 (+1),500
312,10,휘핑크림 추가,500
313,4,HOT,0
313,2,Grande,500
313,7,바닐라 시럽,300
313,10,휘핑크림 추가,500
314,4,HOT,0
314,1,Tall,0
315,4,HOT,0
315,1,Tall,0
315,6,샷 추가 (+1),500
316,4,HOT,0
316,3,Venti,1000
316,6,샷 추가 (+1),500
317,4,HOT,0
317,2,Grande,500
317,12,덜 달게,0
317,6,샷 추가 (+1),500
318,5,ICE,0
318,2,Grande,500
319,5,ICE,0
319,2,Grande,500
320,4,HOT,0
320,2,Grande,500
320,12,덜 달게,0
321,4,HOT,0
321,2,Grande,500
321,6,샷 추가 (+1),500
322,4,HOT,0
322,1,Tall,0
322,11,기본,0
323,5,ICE,0
323,2,Grande,500
323,11,기본,0
323,8,헤이즐넛 시럽,300
323,10,휘핑크림 추가,500
324,4,HOT,0
324,1,Tall,0
324,12,덜 달게,0
324,6,샷 추가 (+1),500
325,4,HOT,0
325,1,Tall,0
326,4,HOT,0
326,2,Grande,500
326,13,더 달게,0
326,7,바닐라 시럽,300
327,4,HOT,0
327,3,Venti,1000
327,9,카라멜 시럽,300
328,5,ICE,0
328,3,Venti,1000
328,10,휘핑크림 추가,500
329,5,ICE,0
329,1,Tall,0
329,6,샷 추가 (+1),500
330,5,ICE,0
330,1,Tall,0
330,12,덜 달게,0
331,5,ICE,0
331,2,Grande,500
331,11,기본,0
331,10,휘핑크림 추가,500
332,4,HOT,0
332,1,Tall,0
333,4,HOT,0
333,1,Tall,0
333,13,더 달게,0
334,5,ICE,0
334,1,Tall,0
334,9,카라멜 시럽,300
335,4,HOT,0
335,1,Tall,0
335,11,기본,0
335,6,샷 추가 (+1),500
335,10,휘핑크림 추가,500
336,4,HOT,0
336,3,Venti,1000
336,6,샷 추가 (+1),500
336,9,카라멜 시럽,300
337,4,HOT,0
337,2,Grande,500
337,11,기본,0
338,5,ICE,0
338,2,Grande,500
338,12,덜 달게,0
338,10,휘핑크림 추가,500
339,5,ICE,0
339,1,Tall,0
339,11,기본,0
340,4,HOT,0
340,3,Venti,1000
341,4,HOT,0
341,3,Venti,1000
342,5,ICE,0
342,1,Tall,0
343,4,HOT,0
343,2,Grande,500
343,11,기본,0
343,7,바닐라 시럽,300
344,4,HOT,0
344,1,Tall,0
344,13,더 달게,0
345,4,HOT,0
345,2,Grande,500
346,5,ICE,0
346,1,Tall,0
347,5,ICE,0
347,1,Tall,0
347,11,기본,0
348,5,ICE,0
348,3,Venti,1000
348,11,기본,0
348,6,샷 추가 (+1),500
349,5,ICE,0
349,2,Grande,500
349,12,덜 달게,0
349,8,헤이즐넛 시럽,300
350,5,ICE,0
350,2,Grande,500
350,6,샷 추가 (+1),500
351,4,HOT,0
351,1,Tall,0
351,12,덜 달게,0
351,10,휘핑크림 추가,500
352,4,HOT,0
352,3,Venti,1000
352,12,덜 달게,0
352,10,휘핑크림 추가,500
353,4,HOT,0
353,1,Tall,0
354,5,ICE,0
354,1,Tall,0
354,11,기본,0
355,4,HOT,0
355,2,Grande,500
355,11,기본,0
355,6,샷 추가 (+1),500
356,5,ICE,0
356,3,Venti,1000
356,11,기본,0
357,4,HOT,0
357,2,Grande,500
357,12,덜 달게,0
357,6,샷 추가 (+1),500
358,4,HOT,0
358,2,Grande,500
358,11,기본,0
358,6,샷 추가 (+1),500
359,5,ICE,0
359,2,Grande,500
359,13,더 달게,0
360,4,HOT,0
360,2,Grande,500
360,6,샷 추가 (+1),500
361,4,HOT,0
361,1,Tall,0
361,11,기본,0
361,6,샷 추가 (+1),500
362,5,ICE,0
362,1,Tall,0
362,12,덜 달게,0
362,10,휘핑크림 추가,500
363,5,ICE,0
363,1,Tall,0
363,6,샷 추가 (+1),500
364,4,HOT,0
364,1,Tall,0
364,6,샷 추가 (+1),500
365,5,ICE,0
365,3,Venti,1000
366,5,ICE,0
366,3,Venti,1000
366,11,기본,0
367,4,HOT,0
367,2,Grande,500
367,11,기본,0
368,4,HOT,0
368,2,Grande,500
369,5,ICE,0
369,3,Venti,1000
369,11,기본,0
370,5,ICE,0
370,1,Tall,0
370,12,덜 달게,0
371,5,ICE,0
371,2,Grande,500
371,13,더 달게,0
372,5,ICE,0
372,2,Grande,500
372,11,기본,0
373,5,ICE,0
373,3,Venti,1000
373,8,헤이즐넛 시럽,300
374,5,ICE,0
374,1,Tall,0
374,11,기본,0
374,6,샷 추가 (+1),500
375,4,HOT,0
375,1,Tall,0
375,11,기본,0
376,5,ICE,0
376,1,Tall,0
376,6,샷 추가 (+1),500
376,9,카라멜 시럽,300
377,5,ICE,0
377,2,Grande,500
377,11,기본,0
378,5,ICE,0
378,1,Tall,0
378,12,덜 달게,0
379,4,HOT,0
379,3,Venti,1000
379,11,기본,0
380,5,ICE,0
380,1,Tall,0
380,13,더 달게,0
381,5,ICE,0
381,2,Grande,500
381,13,더 달게,0
381,6,샷 추가 (+1),500
381,9,카라멜 시럽,300
382,4,HOT,0
382,1,Tall,0
383,4,HOT,0
383,3,Venti,1000
383,6,샷 추가 (+1),500
383,8,헤이즐넛 시럽,300
384,4,HOT,0
384,2,Grande,500
384,6,샷 추가 (+1),500
384,8,헤이즐넛 시럽,300
385,4,HOT,0
385,1,Tall,0
386,5,ICE,0
386,2,Grande,500
386,13,더 달게,0
387,4,HOT,0
387,2,Grande,500
387,13,더 달게,0
387,7,바닐라 시럽,300
388,5,ICE,0
388,3,Venti,1000
388,12,덜 달게,0
388,6,샷 추가 (+1),500
389,5,ICE,0
389,2,Grande,500
389,12,덜 달게,0
389,6,샷 추가 (+1),500
390,5,ICE,0
390,3,Venti,1000
391,4,HOT,0
391,3,Venti,1000
391,11,기본,0
391,6,샷 추가 (+1),500
392,4,HOT,0
392,1,Tall,0
392,10,휘핑크림 추가,500
393,5,ICE,0
393,2,Grande,500
393,6,샷 추가 (+1),500
394,4,HOT,0
394,3,Venti,1000
394,11,기본,0
395,4,HOT,0
395,2,Grande,500
395,6,샷 추가 (+1),500
396,4,HOT,0
396,1,Tall,0
396,9,카라멜 시럽,300
397,5,ICE,0
397,3,Venti,1000
398,4,HOT,0
398,1,Tall,0
398,13,더 달게,0
398,6,샷 추가 (+1),500
399,4,HOT,0
399,2,Grande,500
399,11,기본,0
400,4,HOT,0
400,3,Venti,1000
400,11,기본,0
401,4,HOT,0
401,2,Grande,500
401,6,샷 추가 (+1),500
401,9,카라멜 시럽,300
402,4,HOT,0
402,1,Tall,0
402,11,기본,0
402,6,샷 추가 (+1),500
403,5,ICE,0
403,2,Grande,500
403,6,샷 추가 (+1),500
403,9,카라멜 시럽,300
404,4,HOT,0
404,1,Tall,0
404,12,덜 달게,0
405,4,HOT,0
405,2,Grande,500
405,12,덜 달게,0
406,4,HOT,0
406,2,Grande,500
407,5,ICE,0
407,2,Grande,500
408,5,ICE,0
408,2,Grande,500
408,12,덜 달게,0
409,5,ICE,0
409,1,Tall,0
409,11,기본,0
410,5,ICE,0
410,1,Tall,0
410,11,기본,0
410,6,샷 추가 (+1),500
411,4,HOT,0
411,1,Tall,0
411,12,덜 달게,0
411,8,헤이즐넛 시럽,300
412,4,HOT,0
412,2,Grande,500
413,4,HOT,0
413,2,Grande,500
414,4,HOT,0
414,3,Venti,1000
415,4,HOT,0
415,2,Grande,500
415,6,샷 추가 (+1),500
415,7,바닐라 시럽,300
416,5,ICE,0
416,3,Venti,1000
417,4,HOT,0
417,3,Venti,1000
417,6,샷 추가 (+1),500
417,9,카라멜 시럽,300
418,4,HOT,0
418,1,Tall,0
419,4,HOT,0
419,2,Grande,500
420,5,ICE,0
420,2,Grande,500
421,4,HOT,0
421,3,Venti,1000
421,12,덜 달게,0
421,6,샷 추가 (+1),500
422,5,ICE,0
422,1,Tall,0
422,12,덜 달게,0
423,4,HOT,0
423,1,Tall,0
423,11,기본,0
423,9,카라멜 시럽,300
424,4,HOT,0
424,2,Grande,500
424,13,더 달게,0
425,4,HOT,0
425,1,Tall,0
426,5,ICE,0
426,1,Tall,0
426,11,기본,0
427,4,HOT,0
427,1,Tall,0
427,11,기본,0
427,6,샷 추가 (+1),500
427,8,헤이즐넛 시럽,300
428,4,HOT,0
428,1,Tall,0
428,12,덜 달게,0
428,10,휘핑크림 추가,500
429,4,HOT,0
429,1,Tall,0
429,6,샷 추가 (+1),500
430,4,HOT,0
430,2,Grande,500
430,13,더 달게,0
430,9,카라멜 시럽,300
431,4,HOT,0
431,1,Tall,0
431,11,기본,0
431,6,샷 추가 (+1),500
432,5,ICE,0
432,1,Tall,0
432,11,기본,0
433,4,HOT,0
433,1,Tall,0
433,13,더 달게,0
434,4,HOT,0
434,1,Tall,0
434,12,덜 달게,0
434,6,샷 추가 (+1),500
434,7,바닐라 시럽,300
435,4,HOT,0
435,2,Grande,500
435,12,덜 달게,0
436,4,HOT,0
436,1,Tall,0
436,13,더 달게,0
437,4,HOT,0
437,2,Grande,500
437,12,덜 달게,0
437,6,샷 추가 (+1),500
437,8,헤이즐넛 시럽,300
438,4,HOT,0
438,1,Tall,0
438,12,덜 달게,0
439,5,ICE,0
439,1,Tall,0
440,5,ICE,0
440,2,Grande,500
440,11,기본,0
440,10,휘핑크림 추가,500
441,4,HOT,0
441,1,Tall,0
441,11,기본,0
442,4,HOT,0
442,2,Grande,500
442,11,기본,0
442,6,샷 추가 (+1),500
443,5,ICE,0
443,1,Tall,0
443,12,덜 달게,0
444,4,HOT,0
444,1,Tall,0
444,6,샷 추가 (+1),500
444,10,휘핑크림 추가,500
445,4,HOT,0
445,3,Venti,1000
445,7,바닐라 시럽,300
446,4,HOT,0
446,1,Tall,0
446,8,헤이즐넛 시럽,300
447,5,ICE,0
447,3,Venti,1000
447,11,기본,0
448,4,HOT,0
448,1,Tall,0
449,5,ICE,0
449,1,Tall,0
449,11,기본,0
450,5,ICE,0
450,2,Grande,500
450,6,샷 추가 (+1),500
451,5,ICE,0
451,3,Venti,1000
451,12,덜 달게,0
452,4,HOT,0
452,2,Grande,500
452,13,더 달게,0
452,6,샷 추가 (+1),500
453,4,HOT,0
453,3,Venti,1000
453,13,더 달게,0
454,5,ICE,0
454,3,Venti,1000
454,11,기본,0
454,6,샷 추가 (+1),500
455,4,HOT,0
455,1,Tall,0
455,12,덜 달게,0
456,5,ICE,0
456,1,Tall,0
456,11,기본,0
457,4,HOT,0
457,1,Tall,0
457,11,기본,0
457,9,카라멜 시럽,300
458,4,HOT,0
458,1,Tall,0
458,11,기본,0
458,6,샷 추가 (+1),500
458,9,카라멜 시럽,300
459,4,HOT,0
459,1,Tall,0
459,9,카라멜 시럽,300
460,4,HOT,0
460,2,Grande,500
461,4,HOT,0
461,3,Venti,1000
462,4,HOT,0
462,3,Venti,1000
462,11,기본,0
463,4,HOT,0
463,2,Grande,500
463,13,더 달게,0
464,5,ICE,0
464,3,Venti,1000
464,13,더 달게,0
464,6,샷 추가 (+1),500
464,10,휘핑크림 추가,500
465,4,HOT,0
465,2,Grande,500
465,7,바닐라 시럽,300
466,5,ICE,0
466,1,Tall,0
466,7,바닐라 시럽,300
467,4,HOT,0
467,3,Venti,1000
468,4,HOT,0
468,1,Tall,0
469,5,ICE,0
469,2,Grande,500
469,12,덜 달게,0
469,10,휘핑크림 추가,500
470,4,HOT,0
470,2,Grande,500
470,11,기본,0
471,4,HOT,0
471,1,Tall,0
471,11,기본,0
471,6,샷 추가 (+1),500
472,4,HOT,0
472,1,Tall,0
472,8,헤이즐넛 시럽,300
473,4,HOT,0
473,1,Tall,0
474,4,HOT,0
474,1,Tall,0
475,4,HOT,0
475,2,Grande,500
476,4,HOT,0
476,1,Tall,0
476,9,카라멜 시럽,300
477,4,HOT,0
477,1,Tall,0
477,11,기본,0
478,4,HOT,0
478,3,Venti,1000
478,9,카라멜 시럽,300
479,4,HOT,0
479,3,Venti,1000
479,10,휘핑크림 추가,500
480,4,HOT,0
480,1,Tall,0
480,12,덜 달게,0
481,5,ICE,0
481,3,Venti,1000
482,4,HOT,0
482,1,Tall,0
482,13,더 달게,0
482,7,바닐라 시럽,300
483,5,ICE,0
483,2,Grande,500
484,4,HOT,0
484,1,Tall,0
485,5,ICE,0
485,2,Grande,500
485,11,기본,0
486,4,HOT,0
486,1,Tall,0
486,13,더 달게,0
487,5,ICE,0
487,2,Grande,500
487,11,기본,0
488,4,HOT,0
488,1,Tall,0
489,4,HOT,0
489,1,Tall,0
490,4,HOT,0
490,2,Grande,500
491,5,ICE,0
491,1,Tall,0
491,11,기본,0
491,6,샷 추가 (+1),500
492,4,HOT,0
492,1,Tall,0
493,4,HOT,0
493,1,Tall,0
494,5,ICE,0
494,2,Grande,500
495,5,ICE,0
495,2,Grande,500
496,5,ICE,0
496,2,Grande,500
496,9,카라멜 시럽,300
497,5,ICE,0
497,1,Tall,0
497,11,기본,0
498,4,HOT,0
498,2,Grande,500
498,13,더 달게,0
499,4,HOT,0
499,2,Grande,500
499,10,휘핑크림 추가,500
500,5,ICE,0
500,3,Venti,1000
500,12,덜 달게,0
500,7,바닐라 시럽,300
501,5,ICE,0
501,3,Venti,1000
501,11,기본,0
501,10,휘핑크림 추가,500
502,4,HOT,0
502,1,Tall,0
503,5,ICE,0
503,2,Grande,500
503,13,더 달게,0
504,4,HOT,0
504,2,Grande,500
504,7,바닐라 시럽,300
505,5,ICE,0
505,1,Tall,0
506,4,HOT,0
506,1,Tall,0
506,6,샷 추가 (+1),500
507,4,HOT,0
507,2,Grande,500
508,4,HOT,0
508,2,Grande,500
508,7,바닐라 시럽,300
509,4,HOT,0
509,1,Tall,0
510,4,HOT,0
510,1,Tall,0
510,12,덜 달게,0
510,8,헤이즐넛 시럽,300
511,4,HOT,0
511,2,Grande,500
511,13,더 달게,0
511,7,바닐라 시럽,300
512,4,HOT,0
512,3,Venti,1000
512,13,더 달게,0
513,5,ICE,0
513,1,Tall,0
514,4,HOT,0
514,3,Venti,1000
514,11,기본,0
515,5,ICE,0
515,2,Grande,500
515,13,더 달게,0
516,5,ICE,0
516,1,Tall,0
516,6,샷 추가 (+1),500
516,9,카라멜 시럽,300
517,5,ICE,0
517,3,Venti,1000
517,12,덜 달게,0
518,4,HOT,0
518,1,Tall,0
518,11,기본,0
518,6,샷 추가 (+1),500
519,4,HOT,0
519,2,Grande,500
519,12,덜 달게,0
519,8,헤이즐넛 시럽,300
520,5,ICE,0
520,2,Grande,500
520,11,기본,0
521,5,ICE,0
521,2,Grande,500
521,8,헤이즐넛 시럽,300
522,5,ICE,0
522,3,Venti,1000
522,11,기본,0
523,5,ICE,0
523,1,Tall,0
523,11,기본,0
523,6,샷 추가 (+1),500
524,5,ICE,0
524,3,Venti,1000
524,11,기본,0
524,6,샷 추가 (+1),500
525,4,HOT,0
525,2,Grande,500
526,4,HOT,0
526,1,Tall,0
527,4,HOT,0
527,2,Grande,500
527,11,기본,0
528,4,HOT,0
528,2,Grande,500
528,6,샷 추가 (+1),500
529,4,HOT,0
529,2,Grande,500
529,13,더 달게,0
529,6,샷 추가 (+1),500
529,10,휘핑크림 추가,500
530,4,HOT,0
530,1,Tall,0
531,4,HOT,0
531,1,Tall,0
532,4,HOT,0
532,2,Grande,500
532,11,기본,0
532,10,휘핑크림 추가,500
533,4,HOT,0
533,3,Venti,1000
533,12,덜 달게,0
533,7,바닐라 시럽,300
534,5,ICE,0
534,2,Grande,500
534,11,기본,0
535,4,HOT,0
535,1,Tall,0
535,12,덜 달게,0
536,5,ICE,0
536,3,Venti,1000
536,11,기본,0
537,4,HOT,0
537,1,Tall,0
537,11,기본,0
537,6,샷 추가 (+1),500
538,4,HOT,0
538,2,Grande,500
538,13,더 달게,0
539,4,HOT,0
539,2,Grande,500
539,13,더 달게,0
540,5,ICE,0
540,2,Grande,500
540,13,더 달게,0
541,4,HOT,0
541,2,Grande,500
541,12,덜 달게,0
541,6,샷 추가 (+1),500
541,10,휘핑크림 추가,500
542,4,HOT,0
542,2,Grande,500
542,6,샷 추가 (+1),500
542,8,헤이즐넛 시럽,300
542,10,휘핑크림 추가,500
543,4,HOT,0
543,3,Venti,1000
544,4,HOT,0
544,1,Tall,0
544,6,샷 추가 (+1),500
545,4,HOT,0
545,1,Tall,0
545,7,바닐라 시럽,300
545,10,휘핑크림 추가,500
546,4,HOT,0
546,1,Tall,0
546,13,더 달게,0
546,6,샷 추가 (+1),500
547,5,ICE,0
547,1,Tall,0
548,5,ICE,0
548,3,Venti,1000
549,5,ICE,0
549,1,Tall,0
549,12,덜 달게,0
550,5,ICE,0
550,3,Venti,1000
551,4,HOT,0
551,3,Venti,1000
551,11,기본,0
551,8,헤이즐넛 시럽,300
552,4,HOT,0
552,3,Venti,1000
552,6,샷 추가 (+1),500
553,4,HOT,0
553,2,Grande,500
553,11,기본,0
553,10,휘핑크림 추가,500
554,4,HOT,0
554,2,Grande,500
555,4,HOT,0
555,1,Tall,0
555,12,덜 달게,0
556,5,ICE,0
556,3,Venti,1000
556,13,더 달게,0
556,6,샷 추가 (+1),500
557,4,HOT,0
557,2,Grande,500
558,4,HOT,0
558,2,Grande,500
559,5,ICE,0
559,2,Grande,500
559,11,기본,0
560,4,HOT,0
560,1,Tall,0
560,6,샷 추가 (+1),500
560,10,휘핑크림 추가,500
561,5,ICE,0
561,3,Venti,1000
561,13,더 달게,0
562,5,ICE,0
562,2,Grande,500
563,4,HOT,0
563,2,Grande,500
563,6,샷 추가 (+1),500
564,4,HOT,0
564,1,Tall,0
564,10,휘핑크림 추가,500
565,4,HOT,0
565,1,Tall,0
565,12,덜 달게,0
566,4,HOT,0
566,1,Tall,0
566,11,기본,0
566,6,샷 추가 (+1),500
567,4,HOT,0
567,2,Grande,500
567,11,기본,0
567,6,샷 추가 (+1),500
567,8,헤이즐넛 시럽,300
568,4,HOT,0
568,2,Grande,500
568,13,더 달게,0
568,6,샷 추가 (+1),500
569,4,HOT,0
569,2,Grande,500
570,4,HOT,0
570,3,Venti,1000
570,11,기본,0
570,6,샷 추가 (+1),500
571,4,HOT,0
571,3,Venti,1000
571,12,덜 달게,0
572,4,HOT,0
572,3,Venti,1000
572,11,기본,0
573,4,HOT,0
573,2,Grande,500
573,11,기본,0
574,5,ICE,0
574,3,Venti,1000
575,4,HOT,0
575,1,Tall,0
575,11,기본,0
575,6,샷 추가 (+1),500
576,5,ICE,0
576,3,Venti,1000
576,11,기본,0
577,4,HOT,0
577,2,Grande,500
577,11,기본,0
577,7,바닐라 시럽,300
578,5,ICE,0
578,2,Grande,500
579,5,ICE,0
579,1,Tall,0
579,6,샷 추가 (+1),500
580,5,ICE,0
580,1,Tall,0
580,13,더 달게,0
581,5,ICE,0
581,1,Tall,0
581,11,기본,0
582,4,HOT,0
582,1,Tall,0
582,6,샷 추가 (+1),500
583,5,ICE,0
583,2,Grande,500
583,11,기본,0
583,6,샷 추가 (+1),500
584,5,ICE,0
584,3,Venti,1000
585,5,ICE,0
585,1,Tall,0
585,11,기본,0
586,4,HOT,0
586,2,Grande,500
586,12,덜 달게,0
586,6,샷 추가 (+1),500
587,4,HOT,0
587,1,Tall,0
588,5,ICE,0
588,1,Tall,0
588,11,기본,0
588,6,샷 추가 (+1),500
589,4,HOT,0
589,1,Tall,0
589,13,더 달게,0
589,6,샷 추가 (+1),500
590,4,HOT,0
590,2,Grande,500
591,4,HOT,0
591,1,Tall,0
591,11,기본,0
592,4,HOT,0
592,2,Grande,500
592,12,덜 달게,0
592,6,샷 추가 (+1),500
593,5,ICE,0
593,1,Tall,0
593,11,기본,0
594,5,ICE,0
594,3,Venti,1000
595,4,HOT,0
595,1,Tall,0
595,12,덜 달게,0
595,10,휘핑크림 추가,500
596,4,HOT,0
596,1,Tall,0
596,6,샷 추가 (+1),500
596,8,헤이즐넛 시럽,300
597,5,ICE,0
597,1,Tall,0
597,11,기본,0
597,8,헤이즐넛 시럽,300
598,5,ICE,0
598,1,Tall,0
599,4,HOT,0
599,3,Venti,1000
599,11,기본,0
600,4,HOT,0
600,1,Tall,0
600,11,기본,0
600,6,샷 추가 (+1),500
601,5,ICE,0
601,2,Grande,500
601,11,기본,0
602,4,HOT,0
602,2,Grande,500
602,11,기본,0
603,4,HOT,0
603,1,Tall,0
603,13,더 달게,0
603,10,휘핑크림 추가,500
604,4,HOT,0
604,2,Grande,500
604,11,기본,0
604,6,샷 추가 (+1),500
604,10,휘핑크림 추가,500
605,4,HOT,0
605,2,Grande,500
605,11,기본,0
606,5,ICE,0
606,1,Tall,0
606,6,샷 추가 (+1),500
607,5,ICE,0
607,2,Grande,500
607,6,샷 추가 (+1),500
608,4,HOT,0
608,2,Grande,500
608,13,더 달게,0
608,6,샷 추가 (+1),500
608,7,바닐라 시럽,300
609,5,ICE,0
609,1,Tall,0
610,4,HOT,0
610,2,Grande,500
611,4,HOT,0
611,1,Tall,0
611,12,덜 달게,0
612,4,HOT,0
612,1,Tall,0
613,5,ICE,0
613,2,Grande,500
613,13,더 달게,0
613,6,샷 추가 (+1),500
614,4,HOT,0
614,2,Grande,500
614,13,더 달게,0
614,7,바닐라 시럽,300
615,4,HOT,0
615,1,Tall,0
616,4,HOT,0
616,2,Grande,500
616,11,기본,0
617,4,HOT,0
617,1,Tall,0
617,13,더 달게,0
618,4,HOT,0
618,2,Grande,500
618,13,더 달게,0
619,5,ICE,0
619,1,Tall,0
619,13,더 달게,0
620,5,ICE,0
620,3,Venti,1000
620,11,기본,0
620,6,샷 추가 (+1),500
620,7,바닐라 시럽,300
621,4,HOT,0
621,2,Grande,500
621,7,바닐라 시럽,300
622,4,HOT,0
622,2,Grande,500
622,13,더 달게,0
623,4,HOT,0
623,1,Tall,0
623,6,샷 추가 (+1),500
624,5,ICE,0
624,1,Tall,0
624,6,샷 추가 (+1),500
624,9,카라멜 시럽,300
625,4,HOT,0
625,1,Tall,0
625,6,샷 추가 (+1),500
626,4,HOT,0
626,1,Tall,0
626,11,기본,0
627,5,ICE,0
627,3,Venti,1000
627,11,기본,0
628,4,HOT,0
628,2,Grande,500
628,6,샷 추가 (+1),500
629,5,ICE,0
629,2,Grande,500
629,10,휘핑크림 추가,500
630,5,ICE,0
630,1,Tall,0
630,12,덜 달게,0
630,6,샷 추가 (+1),500
631,5,ICE,0
631,1,Tall,0
631,13,더 달게,0
632,5,ICE,0
632,3,Venti,1000
632,6,샷 추가 (+1),500
633,5,ICE,0
633,3,Venti,1000
633,11,기본,0
633,6,샷 추가 (+1),500
634,4,HOT,0
634,2,Grande,500
634,13,더 달게,0
635,5,ICE,0
635,3,Venti,1000
635,6,샷 추가 (+1),500
636,4,HOT,0
636,1,Tall,0
636,11,기본,0
636,6,샷 추가 (+1),500
636,8,헤이즐넛 시럽,300
637,5,ICE,0
637,2,Grande,500
637,13,더 달게,0
637,7,바닐라 시럽,300
638,4,HOT,0
638,1,Tall,0
638,8,헤이즐넛 시럽,300
639,4,HOT,0
639,2,Grande,500
639,6,샷 추가 (+1),500
640,5,ICE,0
640,2,Grande,500
640,12,덜 달게,0
641,4,HOT,0
641,1,Tall,0
642,5,ICE,0
642,1,Tall,0
642,11,기본,0
643,4,HOT,0
643,1,Tall,0
643,8,헤이즐넛 시럽,300
644,4,HOT,0
644,1,Tall,0
644,13,더 달게,0
644,6,샷 추가 (+1),500
645,4,HOT,0
645,1,Tall,0
645,13,더 달게,0
645,9,카라멜 시럽,300
646,4,HOT,0
646,1,Tall,0
646,13,더 달게,0
647,5,ICE,0
647,2,Grande,500
647,11,기본,0
648,4,HOT,0
648,1,Tall,0
648,8,헤이즐넛 시럽,300
649,5,ICE,0
649,1,Tall,0
649,9,카라멜 시럽,300
650,4,HOT,0
650,2,Grande,500
650,7,바닐라 시럽,300
651,4,HOT,0
651,2,Grande,500
651,7,바닐라 시럽,300
652,5,ICE,0
652,2,Grande,500
652,6,샷 추가 (+1),500
653,5,ICE,0
653,1,Tall,0
654,4,HOT,0
654,3,Venti,1000
654,13,더 달게,0
655,5,ICE,0
655,2,Grande,500
655,11,기본,0
655,6,샷 추가 (+1),500
656,5,ICE,0
656,3,Venti,1000
656,9,카라멜 시럽,300
656,10,휘핑크림 추가,500
657,4,HOT,0
657,3,Venti,1000
658,4,HOT,0
658,2,Grande,500
659,4,HOT,0
659,3,Venti,1000
659,11,기본,0
660,5,ICE,0
660,1,Tall,0
660,11,기본,0
660,6,샷 추가 (+1),500
661,5,ICE,0
661,1,Tall,0
661,6,샷 추가 (+1),500
662,4,HOT,0
662,3,Venti,1000
663,4,HOT,0
663,3,Venti,1000
663,9,카라멜 시럽,300
664,5,ICE,0
664,1,Tall,0
664,11,기본,0
664,6,샷 추가 (+1),500
665,5,ICE,0
665,2,Grande,500
665,11,기본,0
665,6,샷 추가 (+1),500
666,5,ICE,0
666,1,Tall,0
666,11,기본,0
667,5,ICE,0
667,1,Tall,0
667,12,덜 달게,0
668,4,HOT,0
668,1,Tall,0
668,6,샷 추가 (+1),500
668,7,바닐라 시럽,300
668,10,휘핑크림 추가,500
669,5,ICE,0
669,1,Tall,0
670,5,ICE,0
670,1,Tall,0
671,4,HOT,0
671,3,Venti,1000
671,6,샷 추가 (+1),500
671,7,바닐라 시럽,300
672,5,ICE,0
672,2,Grande,500
672,12,덜 달게,0
673,5,ICE,0
673,2,Grande,500
674,4,HOT,0
674,1,Tall,0
675,5,ICE,0
675,1,Tall,0
675,6,샷 추가 (+1),500
676,4,HOT,0
676,3,Venti,1000
677,4,HOT,0
677,1,Tall,0
678,5,ICE,0
678,3,Venti,1000
678,11,기본,0
679,4,HOT,0
679,2,Grande,500
679,12,덜 달게,0
679,6,샷 추가 (+1),500
680,4,HOT,0
680,2,Grande,500
680,12,덜 달게,0
681,5,ICE,0
681,1,Tall,0
681,6,샷 추가 (+1),500
682,4,HOT,0
682,2,Grande,500
682,13,더 달게,0
682,6,샷 추가 (+1),500
683,5,ICE,0
683,3,Venti,1000
683,13,더 달게,0
684,4,HOT,0
684,3,Venti,1000
684,6,샷 추가 (+1),500
685,5,ICE,0
685,3,Venti,1000
685,12,덜 달게,0
686,5,ICE,0
686,1,Tall,0
686,13,더 달게,0
686,8,헤이즐넛 시럽,300
687,5,ICE,0
687,2,Grande,500
688,5,ICE,0
688,1,Tall,0
688,6,샷 추가 (+1),500
689,4,HOT,0
689,1,Tall,0
690,4,HOT,0
690,2,Grande,500
691,5,ICE,0
691,2,Grande,500
691,12,덜 달게,0
692,4,HOT,0
692,2,Grande,500
692,6,샷 추가 (+1),500
693,5,ICE,0
693,2,Grande,500
693,12,덜 달게,0
694,5,ICE,0
694,2,Grande,500
694,13,더 달게,0
695,4,HOT,0
695,3,Venti,1000
695,12,덜 달게,0
695,7,바닐라 시럽,300
696,4,HOT,0
696,2,Grande,500
697,4,HOT,0
697,2,Grande,500
697,6,샷 추가 (+1),500
698,4,HOT,0
698,3,Venti,1000
698,9,카라멜 시럽,300
699,4,HOT,0
699,2,Grande,500
699,7,바닐라 시럽,300
700,4,HOT,0
700,1,Tall,0
700,11,기본,0
700,6,샷 추가 (+1),500
701,5,ICE,0
701,2,Grande,500
702,5,ICE,0
702,2,Grande,500
702,12,덜 달게,0
702,6,샷 추가 (+1),500
703,4,HOT,0
703,2,Grande,500
703,6,샷 추가 (+1),500
704,5,ICE,0
704,2,Grande,500
704,13,더 달게,0
705,5,ICE,0
705,3,Venti,1000
705,10,휘핑크림 추가,500
706,5,ICE,0
706,1,Tall,0
706,9,카라멜 시럽,300
707,4,HOT,0
707,1,Tall,0
707,11,기본,0
708,4,HOT,0
708,2,Grande,500
709,5,ICE,0
709,3,Venti,1000
709,12,덜 달게,0
709,9,카라멜 시럽,300
710,4,HOT,0
710,2,Grande,500
710,13,더 달게,0
710,6,샷 추가 (+1),500
711,4,HOT,0
711,2,Grande,500
711,13,더 달게,0
711,6,샷 추가 (+1),500
712,5,ICE,0
712,2,Grande,500
712,6,샷 추가 (+1),500
713,5,ICE,0
713,2,Grande,500
713,13,더 달게,0
714,5,ICE,0
714,2,Grande,500
714,12,덜 달게,0
715,4,HOT,0
715,2,Grande,500
715,11,기본,0
715,6,샷 추가 (+1),500
715,7,바닐라 시럽,300
716,4,HOT,0
716,2,Grande,500
716,11,기본,0
716,6,샷 추가 (+1),500
716,7,바닐라 시럽,300
717,5,ICE,0
717,1,Tall,0
717,11,기본,0
718,5,ICE,0
718,3,Venti,1000
719,4,HOT,0
719,2,Grande,500
719,12,덜 달게,0
719,6,샷 추가 (+1),500
720,5,ICE,0
720,1,Tall,0
720,6,샷 추가 (+1),500
721,4,HOT,0
721,1,Tall,0
721,6,샷 추가 (+1),500
722,5,ICE,0
722,2,Grande,500
723,5,ICE,0
723,2,Grande,500
723,6,샷 추가 (+1),500
724,5,ICE,0
724,1,Tall,0
724,11,기본,0
724,9,카라멜 시럽,300
725,4,HOT,0
725,3,Venti,1000
725,12,덜 달게,0
726,4,HOT,0
726,2,Grande,500
726,11,기본,0
727,4,HOT,0
727,1,Tall,0
727,6,샷 추가 (+1),500
728,4,HOT,0
728,1,Tall,0
728,13,더 달게,0
729,5,ICE,0
729,2,Grande,500
730,4,HOT,0
730,2,Grande,500
730,13,더 달게,0
730,9,카라멜 시럽,300
731,5,ICE,0
731,2,Grande,500
731,11,기본,0
732,4,HOT,0
732,2,Grande,500
732,13,더 달게,0
733,5,ICE,0
733,1,Tall,0
733,11,기본,0
734,4,HOT,0
734,1,Tall,0
734,11,기본,0
735,5,ICE,0
735,2,Grande,500
735,12,덜 달게,0
736,5,ICE,0
736,3,Venti,1000
736,11,기본,0
737,4,HOT,0
737,1,Tall,0
737,11,기본,0
737,7,바닐라 시럽,300
738,4,HOT,0
738,2,Grande,500
738,13,더 달게,0
738,6,샷 추가 (+1),500
739,4,HOT,0
739,2,Grande,500
739,12,덜 달게,0
740,4,HOT,0
740,2,Grande,500
740,11,기본,0
741,4,HOT,0
741,3,Venti,1000
741,12,덜 달게,0
742,4,HOT,0
742,1,Tall,0
743,4,HOT,0
743,1,Tall,0
743,13,더 달게,0
743,6,샷 추가 (+1),500
744,4,HOT,0
744,1,Tall,0
744,6,샷 추가 (+1),500
744,10,휘핑크림 추가,500
745,5,ICE,0
745,3,Venti,1000
745,12,덜 달게,0
746,5,ICE,0
746,1,Tall,0
746,13,더 달게,0
746,9,카라멜 시럽,300
747,4,HOT,0
747,2,Grande,500
747,13,더 달게,0
747,9,카라멜 시럽,300
748,5,ICE,0
748,3,Venti,1000
749,4,HOT,0
749,2,Grande,500
749,13,더 달게,0
750,4,HOT,0
750,3,Venti,1000
750,11,기본,0
750,6,샷 추가 (+1),500
751,5,ICE,0
751,1,Tall,0
751,6,샷 추가 (+1),500
752,5,ICE,0
752,2,Grande,500
752,12,덜 달게,0
753,4,HOT,0
753,2,Grande,500
753,13,더 달게,0
754,4,HOT,0
754,2,Grande,500
754,8,헤이즐넛 시럽,300
755,4,HOT,0
755,3,Venti,1000
755,11,기본,0
756,4,HOT,0
756,1,Tall,0
756,6,샷 추가 (+1),500
757,4,HOT,0
757,1,Tall,0
757,11,기본,0
757,10,휘핑크림 추가,500
758,5,ICE,0
758,1,Tall,0
758,6,샷 추가 (+1),500
759,4,HOT,0
759,1,Tall,0
759,11,기본,0
759,10,휘핑크림 추가,500
760,4,HOT,0
760,2,Grande,500
760,12,덜 달게,0
761,5,ICE,0
761,2,Grande,500
761,11,기본,0
761,6,샷 추가 (+1),500
761,9,카라멜 시럽,300
762,5,ICE,0
762,2,Grande,500
762,13,더 달게,0
763,4,HOT,0
763,2,Grande,500
763,11,기본,0
764,5,ICE,0
764,2,Grande,500
764,12,덜 달게,0
764,6,샷 추가 (+1),500
764,9,카라멜 시럽,300
765,5,ICE,0
765,2,Grande,500
765,12,덜 달게,0
765,7,바닐라 시럽,300
766,4,HOT,0
766,2,Grande,500
766,12,덜 달게,0
766,6,샷 추가 (+1),500
766,9,카라멜 시럽,300
767,4,HOT,0
767,1,Tall,0
767,11,기본,0
767,10,휘핑크림 추가,500
768,4,HOT,0
768,2,Grande,500
768,13,더 달게,0
768,6,샷 추가 (+1),500
768,10,휘핑크림 추가,500
769,5,ICE,0
769,2,Grande,500
770,5,ICE,0
770,3,Venti,1000
771,5,ICE,0
771,2,Grande,500
771,11,기본,0
771,6,샷 추가 (+1),500
771,9,카라멜 시럽,300
771,10,휘핑크림 추가,500
772,5,ICE,0
772,2,Grande,500
772,6,샷 추가 (+1),500
773,4,HOT,0
773,1,Tall,0
773,11,기본,0
774,5,ICE,0
774,1,Tall,0
774,13,더 달게,0
774,8,헤이즐넛 시럽,300
775,4,HOT,0
775,3,Venti,1000
775,8,헤이즐넛 시럽,300
776,4,HOT,0
776,2,Grande,500
776,11,기본,0
777,5,ICE,0
777,1,Tall,0
777,11,기본,0
778,4,HOT,0
778,3,Venti,1000
778,11,기본,0
778,6,샷 추가 (+1),500
779,4,HOT,0
779,2,Grande,500
779,11,기본,0
780,5,ICE,0
780,2,Grande,500
780,13,더 달게,0
780,6,샷 추가 (+1),500
780,9,카라멜 시럽,300
781,4,HOT,0
781,2,Grande,500
781,11,기본,0
781,6,샷 추가 (+1),500
782,4,HOT,0
782,3,Venti,1000
782,13,더 달게,0
783,4,HOT,0
783,1,Tall,0
784,5,ICE,0
784,1,Tall,0
784,6,샷 추가 (+1),500
784,9,카라멜 시럽,300
785,4,HOT,0
785,2,Grande,500
785,13,더 달게,0
786,5,ICE,0
786,1,Tall,0
786,11,기본,0
786,6,샷 추가 (+1),500
786,9,카라멜 시럽,300
787,5,ICE,0
787,3,Venti,1000
788,4,HOT,0
788,1,Tall,0
789,4,HOT,0
789,1,Tall,0
789,12,덜 달게,0
789,7,바닐라 시럽,300
790,5,ICE,0
790,1,Tall,0
790,6,샷 추가 (+1),500
791,4,HOT,0
791,1,Tall,0
791,11,기본,0
791,6,샷 추가 (+1),500
792,5,ICE,0
792,2,Grande,500
792,12,덜 달게,0
792,6,샷 추가 (+1),500
793,5,ICE,0
793,2,Grande,500
793,11,기본,0
793,6,샷 추가 (+1),500
794,4,HOT,0
794,2,Grande,500
794,11,기본,0
794,9,카라멜 시럽,300
795,4,HOT,0
795,2,Grande,500
796,5,ICE,0
796,1,Tall,0
796,13,더 달게,0
797,4,HOT,0
797,3,Venti,1000
797,6,샷 추가 (+1),500
798,4,HOT,0
798,2,Grande,500
799,5,ICE,0
799,1,Tall,0
799,6,샷 추가 (+1),500
800,5,ICE,0
800,2,Grande,500
800,8,헤이즐넛 시럽,300
801,5,ICE,0
801,2,Grande,500
801,13,더 달게,0
801,6,샷 추가 (+1),500
802,4,HOT,0
802,1,Tall,0
802,6,샷 추가 (+1),500
803,4,HOT,0
803,2,Grande,500
803,12,덜 달게,0
804,4,HOT,0
804,1,Tall,0
804,12,덜 달게,0
805,4,HOT,0
805,3,Venti,1000
806,4,HOT,0
806,1,Tall,0
806,11,기본,0
807,5,ICE,0
807,3,Venti,1000
807,12,덜 달게,0
808,4,HOT,0
808,2,Grande,500
809,5,ICE,0
809,3,Venti,1000
809,11,기본,0
810,5,ICE,0
810,1,Tall,0
810,6,샷 추가 (+1),500
811,4,HOT,0
811,1,Tall,0
812,4,HOT,0
812,3,Venti,1000
812,13,더 달게,0
813,4,HOT,0
813,1,Tall,0
814,5,ICE,0
814,3,Venti,1000
814,12,덜 달게,0
814,6,샷 추가 (+1),500
814,9,카라멜 시럽,300
815,4,HOT,0
815,1,Tall,0
815,12,덜 달게,0
815,8,헤이즐넛 시럽,300
815,10,휘핑크림 추가,500
816,5,ICE,0
816,2,Grande,500
816,11,기본,0
816,6,샷 추가 (+1),500
816,7,바닐라 시럽,300
817,5,ICE,0
817,1,Tall,0
817,8,헤이즐넛 시럽,300
818,4,HOT,0
818,2,Grande,500
819,4,HOT,0
819,1,Tall,0
819,6,샷 추가 (+1),500
819,10,휘핑크림 추가,500
820,4,HOT,0
820,3,Venti,1000
821,5,ICE,0
821,3,Venti,1000
822,4,HOT,0
822,2,Grande,500
822,11,기본,0
822,6,샷 추가 (+1),500
823,4,HOT,0
823,1,Tall,0
823,13,더 달게,0
824,5,ICE,0
824,3,Venti,1000
824,11,기본,0
824,6,샷 추가 (+1),500
825,5,ICE,0
825,1,Tall,0
826,5,ICE,0
826,1,Tall,0
827,4,HOT,0
827,3,Venti,1000
827,6,샷 추가 (+1),500
827,9,카라멜 시럽,300
828,5,ICE,0
828,3,Venti,1000
828,11,기본,0
829,4,HOT,0
829,2,Grande,500
829,12,덜 달게,0
830,4,HOT,0
830,1,Tall,0
830,12,덜 달게,0
831,5,ICE,0
831,3,Venti,1000
832,5,ICE,0
832,1,Tall,0
833,4,HOT,0
833,1,Tall,0
833,11,기본,0
834,4,HOT,0
834,2,Grande,500
834,12,덜 달게,0
835,4,HOT,0
835,2,Grande,500
835,12,덜 달게,0
835,6,샷 추가 (+1),500
836,4,HOT,0
836,1,Tall,0
836,11,기본,0
837,4,HOT,0
837,2,Grande,500
837,11,기본,0
837,6,샷 추가 (+1),500
838,5,ICE,0
838,3,Venti,1000
838,11,기본,0
839,4,HOT,0
839,1,Tall,0
839,11,기본,0
839,6,샷 추가 (+1),500
840,4,HOT,0
840,3,Venti,1000
840,13,더 달게,0
841,4,HOT,0
841,3,Venti,1000
841,11,기본,0
841,9,카라멜 시럽,300
842,4,HOT,0
842,2,Grande,500
842,6,샷 추가 (+1),500
843,5,ICE,0
843,1,Tall,0
843,6,샷 추가 (+1),500
844,4,HOT,0
844,2,Grande,500
844,6,샷 추가 (+1),500
844,7,바닐라 시럽,300
845,5,ICE,0
845,1,Tall,0
846,4,HOT,0
846,2,Grande,500
846,13,더 달게,0
847,5,ICE,0
847,2,Grande,500
847,12,덜 달게,0
847,6,샷 추가 (+1),500
848,4,HOT,0
848,1,Tall,0
848,12,덜 달게,0
849,5,ICE,0
849,1,Tall,0
849,12,덜 달게,0
850,4,HOT,0
850,2,Grande,500
851,4,HOT,0
851,1,Tall,0
852,5,ICE,0
852,2,Grande,500
852,6,샷 추가 (+1),500
852,8,헤이즐넛 시럽,300
852,10,휘핑크림 추가,500
853,5,ICE,0
853,2,Grande,500
853,11,기본,0
854,4,HOT,0
854,2,Grande,500
855,5,ICE,0
855,3,Venti,1000
855,11,기본,0
856,4,HOT,0
856,2,Grande,500
856,11,기본,0
856,7,바닐라 시럽,300
856,10,휘핑크림 추가,500
857,5,ICE,0
857,2,Grande,500
857,6,샷 추가 (+1),500
857,9,카라멜 시럽,300
858,5,ICE,0
858,1,Tall,0
858,11,기본,0
858,6,샷 추가 (+1),500
858,8,헤이즐넛 시럽,300
859,5,ICE,0
859,1,Tall,0
859,11,기본,0
860,5,ICE,0
860,1,Tall,0
860,11,기본,0
860,6,샷 추가 (+1),500
860,10,휘핑크림 추가,500
861,5,ICE,0
861,3,Venti,1000
861,13,더 달게,0
862,4,HOT,0
862,2,Grande,500
862,6,샷 추가 (+1),500
862,9,카라멜 시럽,300
863,4,HOT,0
863,2,Grande,500
864,5,ICE,0
864,3,Venti,1000
864,12,덜 달게,0
864,6,샷 추가 (+1),500
865,4,HOT,0
865,2,Grande,500
865,11,기본,0
866,4,HOT,0
866,3,Venti,1000
866,11,기본,0
866,10,휘핑크림 추가,500
867,5,ICE,0
867,1,Tall,0
867,12,덜 달게,0
868,4,HOT,0
868,1,Tall,0
868,12,덜 달게,0
868,6,샷 추가 (+1),500
868,8,헤이즐넛 시럽,300
869,4,HOT,0
869,2,Grande,500
869,12,덜 달게,0
869,6,샷 추가 (+1),500
870,4,HOT,0
870,2,Grande,500
870,11,기본,0
870,6,샷 추가 (+1),500
871,5,ICE,0
871,1,Tall,0
872,5,ICE,0
872,1,Tall,0
872,6,샷 추가 (+1),500
873,4,HOT,0
873,3,Venti,1000
873,13,더 달게,0
874,4,HOT,0
874,2,Grande,500
874,6,샷 추가 (+1),500
874,10,휘핑크림 추가,500
875,4,HOT,0
875,3,Venti,1000
875,11,기본,0
876,4,HOT,0
876,3,Venti,1000
876,13,더 달게,0
876,6,샷 추가 (+1),500
877,4,HOT,0
877,1,Tall,0
878,4,HOT,0
878,2,Grande,500
878,11,기본,0
878,8,헤이즐넛 시럽,300
879,5,ICE,0
879,1,Tall,0
879,6,샷 추가 (+1),500
880,5,ICE,0
880,2,Grande,500
880,6,샷 추가 (+1),500
880,9,카라멜 시럽,300
881,4,HOT,0
881,1,Tall,0
882,5,ICE,0
882,2,Grande,500
882,12,덜 달게,0
883,4,HOT,0
883,1,Tall,0
884,5,ICE,0
884,3,Venti,1000
884,11,기본,0
884,7,바닐라 시럽,300
885,5,ICE,0
885,2,Grande,500
886,5,ICE,0
886,2,Grande,500
886,11,기본,0
886,6,샷 추가 (+1),500
886,8,헤이즐넛 시럽,300
887,5,ICE,0
887,1,Tall,0
887,6,샷 추가 (+1),500
888,5,ICE,0
888,2,Grande,500
888,12,덜 달게,0
889,4,HOT,0
889,1,Tall,0
890,4,HOT,0
890,2,Grande,500
890,11,기본,0
890,6,샷 추가 (+1),500
891,5,ICE,0
891,2,Grande,500
891,11,기본,0
892,4,HOT,0
892,3,Venti,1000
893,4,HOT,0
893,2,Grande,500
893,11,기본,0
894,5,ICE,0
894,2,Grande,500
895,5,ICE,0
895,2,Grande,500
895,11,기본,0
895,6,샷 추가 (+1),500
895,7,바닐라 시럽,300
896,5,ICE,0
896,2,Grande,500
896,12,덜 달게,0
897,4,HOT,0
897,1,Tall,0
897,13,더 달게,0
897,6,샷 추가 (+1),500
898,4,HOT,0
898,1,Tall,0
898,13,더 달게,0
898,6,샷 추가 (+1),500
898,9,카라멜 시럽,300
898,10,휘핑크림 추가,500
899,5,ICE,0
899,2,Grande,500
899,11,기본,0
899,7,바닐라 시럽,300
900,4,HOT,0
900,1,Tall,0
900,13,더 달게,0
900,6,샷 추가 (+1),500
901,5,ICE,0
901,2,Grande,500
901,8,헤이즐넛 시럽,300
902,4,HOT,0
902,2,Grande,500
902,10,휘핑크림 추가,500
903,5,ICE,0
903,2,Grande,500
903,12,덜 달게,0
904,4,HOT,0
904,3,Venti,1000
904,12,덜 달게,0
904,9,카라멜 시럽,300
905,4,HOT,0
905,2,Grande,500
905,13,더 달게,0
906,4,HOT,0
906,2,Grande,500
906,10,휘핑크림 추가,500
907,5,ICE,0
907,2,Grande,500
907,11,기본,0
907,9,카라멜 시럽,300
907,10,휘핑크림 추가,500
908,4,HOT,0
908,2,Grande,500
908,11,기본,0
908,6,샷 추가 (+1),500
909,4,HOT,0
909,3,Venti,1000
909,13,더 달게,0
910,5,ICE,0
910,1,Tall,0
911,4,HOT,0
911,2,Grande,500
911,12,덜 달게,0
911,6,샷 추가 (+1),500
912,5,ICE,0
912,2,Grande,500
912,7,바닐라 시럽,300
913,4,HOT,0
913,2,Grande,500
913,11,기본,0
914,4,HOT,0
914,2,Grande,500
915,4,HOT,0
915,1,Tall,0
916,4,HOT,0
916,1,Tall,0
916,11,기본,0
916,10,휘핑크림 추가,500
917,5,ICE,0
917,2,Grande,500
917,12,덜 달게,0
917,7,바닐라 시럽,300
917,10,휘핑크림 추가,500
918,4,HOT,0
918,2,Grande,500
918,13,더 달게,0
918,8,헤이즐넛 시럽,300
918,10,휘핑크림 추가,500
919,5,ICE,0
919,1,Tall,0
920,4,HOT,0
920,1,Tall,0
920,6,샷 추가 (+1),500
921,5,ICE,0
921,1,Tall,0
921,11,기본,0
922,5,ICE,0
922,3,Venti,1000
922,11,기본,0
923,5,ICE,0
923,1,Tall,0
923,12,덜 달게,0
924,4,HOT,0
924,3,Venti,1000
925,4,HOT,0
925,1,Tall,0
926,5,ICE,0
926,1,Tall,0
926,12,덜 달게,0
926,6,샷 추가 (+1),500
927,4,HOT,0
927,1,Tall,0
927,11,기본,0
927,6,샷 추가 (+1),500
927,8,헤이즐넛 시럽,300
928,4,HOT,0
928,1,Tall,0
928,10,휘핑크림 추가,500
929,5,ICE,0
929,2,Grande,500
929,6,샷 추가 (+1),500
930,4,HOT,0
930,1,Tall,0
930,11,기본,0
931,5,ICE,0
931,2,Grande,500
932,5,ICE,0
932,2,Grande,500
933,4,HOT,0
933,3,Venti,1000
934,4,HOT,0
934,3,Venti,1000
934,11,기본,0
934,6,샷 추가 (+1),500
935,5,ICE,0
935,2,Grande,500
935,6,샷 추가 (+1),500
936,5,ICE,0
936,1,Tall,0
936,12,덜 달게,0
936,6,샷 추가 (+1),500
937,5,ICE,0
937,1,Tall,0
937,12,덜 달게,0
937,6,샷 추가 (+1),500
937,9,카라멜 시럽,300
938,5,ICE,0
938,1,Tall,0
938,13,더 달게,0
938,6,샷 추가 (+1),500
939,5,ICE,0
939,3,Venti,1000
939,12,덜 달게,0
939,6,샷 추가 (+1),500
940,5,ICE,0
940,3,Venti,1000
940,6,샷 추가 (+1),500
941,4,HOT,0
941,2,Grande,500
941,11,기본,0
942,5,ICE,0
942,2,Grande,500
943,5,ICE,0
943,1,Tall,0
943,10,휘핑크림 추가,500
944,4,HOT,0
944,1,Tall,0
944,11,기본,0
944,7,바닐라 시럽,300
945,5,ICE,0
945,1,Tall,0
945,11,기본,0
946,5,ICE,0
946,2,Grande,500
947,4,HOT,0
947,2,Grande,500
947,6,샷 추가 (+1),500
948,5,ICE,0
948,1,Tall,0
949,4,HOT,0
949,1,Tall,0
950,5,ICE,0
950,1,Tall,0
951,5,ICE,0
951,1,Tall,0
952,5,ICE,0
952,2,Grande,500
952,12,덜 달게,0
952,10,휘핑크림 추가,500
953,5,ICE,0
953,2,Grande,500
954,4,HOT,0
954,2,Grande,500
954,7,바닐라 시럽,300
955,4,HOT,0
955,1,Tall,0
955,12,덜 달게,0
955,6,샷 추가 (+1),500
956,4,HOT,0
956,2,Grande,500
957,4,HOT,0
957,3,Venti,1000
957,12,덜 달게,0
957,6,샷 추가 (+1),500
958,5,ICE,0
958,2,Grande,500
958,11,기본,0
958,6,샷 추가 (+1),500
959,4,HOT,0
959,2,Grande,500
960,4,HOT,0
960,3,Venti,1000
960,13,더 달게,0
960,6,샷 추가 (+1),500
961,4,HOT,0
961,1,Tall,0
961,11,기본,0
961,6,샷 추가 (+1),500
962,4,HOT,0
962,2,Grande,500
962,11,기본,0
962,6,샷 추가 (+1),500
963,4,HOT,0
963,1,Tall,0
963,11,기본,0
963,6,샷 추가 (+1),500
964,4,HOT,0
964,3,Venti,1000
964,6,샷 추가 (+1),500
964,9,카라멜 시럽,300
964,10,휘핑크림 추가,500
965,4,HOT,0
965,2,Grande,500
965,13,더 달게,0
965,6,샷 추가 (+1),500
966,5,ICE,0
966,2,Grande,500
966,12,덜 달게,0
966,9,카라멜 시럽,300
967,5,ICE,0
967,1,Tall,0
967,11,기본,0
967,6,샷 추가 (+1),500
968,4,HOT,0
968,2,Grande,500
968,13,더 달게,0
968,7,바닐라 시럽,300
969,5,ICE,0
969,1,Tall,0
969,11,기본,0
970,4,HOT,0
970,1,Tall,0
971,5,ICE,0
971,2,Grande,500
971,11,기본,0
972,4,HOT,0
972,2,Grande,500
972,6,샷 추가 (+1),500
973,5,ICE,0
973,2,Grande,500
973,12,덜 달게,0
973,6,샷 추가 (+1),500
974,5,ICE,0
974,1,Tall,0
974,13,더 달게,0
974,6,샷 추가 (+1),500
975,4,HOT,0
975,1,Tall,0
975,11,기본,0
975,6,샷 추가 (+1),500
976,4,HOT,0
976,1,Tall,0
976,13,더 달게,0
976,6,샷 추가 (+1),500
977,5,ICE,0
977,2,Grande,500
977,11,기본,0
978,5,ICE,0
978,1,Tall,0
979,4,HOT,0
979,1,Tall,0
979,10,휘핑크림 추가,500
980,5,ICE,0
980,2,Grande,500
980,6,샷 추가 (+1),500
981,4,HOT,0
981,2,Grande,500
981,9,카라멜 시럽,300
982,4,HOT,0
982,1,Tall,0
983,4,HOT,0
983,1,Tall,0
983,11,기본,0
984,4,HOT,0
984,2,Grande,500
984,11,기본,0
985,4,HOT,0
985,2,Grande,500
985,13,더 달게,0
986,4,HOT,0
986,1,Tall,0
987,5,ICE,0
987,1,Tall,0
987,13,더 달게,0
988,5,ICE,0
988,3,Venti,1000
988,11,기본,0
989,5,ICE,0
989,3,Venti,1000
990,5,ICE,0
990,1,Tall,0
990,6,샷 추가 (+1),500
991,4,HOT,0
991,2,Grande,500
991,12,덜 달게,0
991,10,휘핑크림 추가,500
992,4,HOT,0
992,1,Tall,0
992,11,기본,0
992,10,휘핑크림 추가,500
993,4,HOT,0
993,1,Tall,0
993,6,샷 추가 (+1),500
994,4,HOT,0
994,2,Grande,500
994,6,샷 추가 (+1),500
994,7,바닐라 시럽,300
995,5,ICE,0
995,2,Grande,500
995,6,샷 추가 (+1),500
996,4,HOT,0
996,1,Tall,0
997,5,ICE,0
997,2,Grande,500
997,11,기본,0
998,5,ICE,0
998,2,Grande,500
998,11,기본,0
999,4,HOT,0
999,3,Venti,1000
999,11,기본,0
1000,4,HOT,0
1000,3,Venti,1000
1000,11,기본,0
1001,5,ICE,0
1001,2,Grande,500
1001,11,기본,0
1002,4,HOT,0
1002,2,Grande,500
1002,13,더 달게,0
1003,4,HOT,0
1003,2,Grande,500
1003,11,기본,0
1004,4,HOT,0
1004,1,Tall,0
1004,10,휘핑크림 추가,500
1005,5,ICE,0
1005,3,Venti,1000
1005,11,기본,0
1005,6,샷 추가 (+1),500
1006,5,ICE,0
1006,2,Grande,500
1006,12,덜 달게,0
1006,6,샷 추가 (+1),500
1006,7,바닐라 시럽,300
1007,4,HOT,0
1007,1,Tall,0
1007,11,기본,0
1008,5,ICE,0
1008,2,Grande,500
1008,13,더 달게,0
1009,4,HOT,0
1009,1,Tall,0
1010,4,HOT,0
1010,2,Grande,500
1011,5,ICE,0
1011,2,Grande,500
1012,4,HOT,0
1012,2,Grande,500
1012,8,헤이즐넛 시럽,300
1013,5,ICE,0
1013,1,Tall,0
1013,11,기본,0
1013,6,샷 추가 (+1),500
1013,7,바닐라 시럽,300
1014,5,ICE,0
1014,3,Venti,1000
1014,11,기본,0
1014,9,카라멜 시럽,300
1015,4,HOT,0
1015,1,Tall,0
1015,13,더 달게,0
1015,6,샷 추가 (+1),500
1016,5,ICE,0
1016,1,Tall,0
1016,11,기본,0
1016,6,샷 추가 (+1),500
1016,8,헤이즐넛 시럽,300
1017,5,ICE,0
1017,1,Tall,0
1017,9,카라멜 시럽,300
1018,4,HOT,0
1018,1,Tall,0
1018,12,덜 달게,0
1018,6,샷 추가 (+1),500
1019,4,HOT,0
1019,3,Venti,1000
1019,13,더 달게,0
1020,5,ICE,0
1020,2,Grande,500
1020,13,더 달게,0
1021,5,ICE,0
1021,1,Tall,0
1021,12,덜 달게,0
1021,6,샷 추가 (+1),500
1022,4,HOT,0
1022,2,Grande,500
1023,5,ICE,0
1023,3,Venti,1000
1023,11,기본,0
1024,4,HOT,0
1024,1,Tall,0
1025,4,HOT,0
1025,2,Grande,500
1025,13,더 달게,0
1025,6,샷 추가 (+1),500
1025,8,헤이즐넛 시럽,300
1026,5,ICE,0
1026,2,Grande,500
1026,6,샷 추가 (+1),500
1027,5,ICE,0
1027,2,Grande,500
1027,6,샷 추가 (+1),500
1027,9,카라멜 시럽,300
1028,5,ICE,0
1028,1,Tall,0
1028,11,기본,0
1029,4,HOT,0
1029,2,Grande,500
1030,4,HOT,0
1030,1,Tall,0
1031,5,ICE,0
1031,1,Tall,0
1031,11,기본,0
1032,4,HOT,0
1032,1,Tall,0
1032,6,샷 추가 (+1),500
1032,9,카라멜 시럽,300
1033,4,HOT,0
1033,2,Grande,500
1034,4,HOT,0
1034,3,Venti,1000
1034,11,기본,0
1035,4,HOT,0
1035,3,Venti,1000
1035,13,더 달게,0
1036,5,ICE,0
1036,2,Grande,500
1036,11,기본,0
1036,6,샷 추가 (+1),500
1036,9,카라멜 시럽,300
1037,4,HOT,0
1037,1,Tall,0
1038,5,ICE,0
1038,2,Grande,500
1038,12,덜 달게,0
1038,9,카라멜 시럽,300
1039,4,HOT,0
1039,1,Tall,0
1039,13,더 달게,0
1039,6,샷 추가 (+1),500
1040,4,HOT,0
1040,1,Tall,0
1040,9,카라멜 시럽,300
1041,4,HOT,0
1041,3,Venti,1000
1041,11,기본,0
1042,4,HOT,0
1042,2,Grande,500
1043,5,ICE,0
1043,1,Tall,0
1043,11,기본,0
1043,7,바닐라 시럽,300
1043,10,휘핑크림 추가,500
1044,4,HOT,0
1044,2,Grande,500
1045,5,ICE,0
1045,3,Venti,1000
1046,4,HOT,0
1046,2,Grande,500
1046,11,기본,0
1047,4,HOT,0
1047,3,Venti,1000
1047,12,덜 달게,0
1048,4,HOT,0
1048,1,Tall,0
1048,11,기본,0
1048,6,샷 추가 (+1),500
1048,8,헤이즐넛 시럽,300
1049,4,HOT,0
1049,3,Venti,1000
1049,11,기본,0
1050,5,ICE,0
1050,2,Grande,500
1050,13,더 달게,0
1050,10,휘핑크림 추가,500
1051,4,HOT,0
1051,3,Venti,1000
1051,11,기본,0
1052,4,HOT,0
1052,2,Grande,500
1052,12,덜 달게,0
1053,5,ICE,0
1053,2,Grande,500
1053,12,덜 달게,0
1053,7,바닐라 시럽,300
1053,10,휘핑크림 추가,500
1054,4,HOT,0
1054,1,Tall,0
1054,12,덜 달게,0
1055,4,HOT,0
1055,1,Tall,0
1055,13,더 달게,0
1055,9,카라멜 시럽,300
1055,10,휘핑크림 추가,500
1056,4,HOT,0
1056,2,Grande,500
1056,12,덜 달게,0
1057,4,HOT,0
1057,1,Tall,0
1057,7,바닐라 시럽,300
1058,4,HOT,0
1058,3,Venti,1000
1059,5,ICE,0
1059,3,Venti,1000
1059,11,기본,0
1060,4,HOT,0
1060,3,Venti,1000
1060,11,기본,0
1060,6,샷 추가 (+1),500
1061,5,ICE,0
1061,1,Tall,0
1061,12,덜 달게,0
1061,9,카라멜 시럽,300
1062,5,ICE,0
1062,2,Grande,500
1062,12,덜 달게,0
1062,10,휘핑크림 추가,500
1063,5,ICE,0
1063,3,Venti,1000
1063,11,기본,0
1064,4,HOT,0
1064,2,Grande,500
1064,12,덜 달게,0
1065,5,ICE,0
1065,1,Tall,0
1065,11,기본,0
1065,8,헤이즐넛 시럽,300
1066,5,ICE,0
1066,1,Tall,0
1066,6,샷 추가 (+1),500
1067,4,HOT,0
1067,2,Grande,500
1067,12,덜 달게,0
1068,4,HOT,0
1068,2,Grande,500
1068,12,덜 달게,0
1068,6,샷 추가 (+1),500
1069,4,HOT,0
1069,3,Venti,1000
1069,13,더 달게,0
1070,5,ICE,0
1070,2,Grande,500
1071,4,HOT,0
1071,2,Grande,500
1071,13,더 달게,0
1071,6,샷 추가 (+1),500
1071,10,휘핑크림 추가,500
1072,4,HOT,0
1072,3,Venti,1000
1072,12,덜 달게,0
1072,9,카라멜 시럽,300
1073,4,HOT,0
1073,2,Grande,500
1073,11,기본,0
1073,8,헤이즐넛 시럽,300
1074,4,HOT,0
1074,2,Grande,500
1074,6,샷 추가 (+1),500
1075,5,ICE,0
1075,1,Tall,0
1075,11,기본,0
1075,10,휘핑크림 추가,500
1076,4,HOT,0
1076,2,Grande,500
1076,7,바닐라 시럽,300
1077,4,HOT,0
1077,1,Tall,0
1077,13,더 달게,0
1077,6,샷 추가 (+1),500
1078,5,ICE,0
1078,1,Tall,0
1078,11,기본,0
1078,6,샷 추가 (+1),500
1079,5,ICE,0
1079,2,Grande,500
1079,11,기본,0
1080,4,HOT,0
1080,2,Grande,500
1080,7,바닐라 시럽,300
1081,5,ICE,0
1081,1,Tall,0
1081,6,샷 추가 (+1),500
1082,4,HOT,0
1082,2,Grande,500
1082,13,더 달게,0
1083,4,HOT,0
1083,2,Grande,500
1083,11,기본,0
1084,5,ICE,0
1084,3,Venti,1000
1084,11,기본,0
1084,8,헤이즐넛 시럽,300
1085,5,ICE,0
1085,1,Tall,0
1085,11,기본,0
1086,5,ICE,0
1086,1,Tall,0
1087,5,ICE,0
1087,1,Tall,0
1087,13,더 달게,0
1087,10,휘핑크림 추가,500
1088,4,HOT,0
1088,2,Grande,500
1089,5,ICE,0
1089,3,Venti,1000
1089,12,덜 달게,0
1090,4,HOT,0
1090,1,Tall,0
1091,4,HOT,0
1091,2,Grande,500
1091,12,덜 달게,0
1091,6,샷 추가 (+1),500
1092,5,ICE,0
1092,1,Tall,0
1092,13,더 달게,0
1093,5,ICE,0
1093,3,Venti,1000
1094,5,ICE,0
1094,1,Tall,0
1094,11,기본,0
1094,6,샷 추가 (+1),500
1095,4,HOT,0
1095,1,Tall,0
1095,11,기본,0
1095,8,헤이즐넛 시럽,300
1095,10,휘핑크림 추가,500
1096,4,HOT,0
1096,3,Venti,1000
1097,5,ICE,0
1097,1,Tall,0
1097,11,기본,0
1097,6,샷 추가 (+1),500
1098,4,HOT,0
1098,1,Tall,0
1099,4,HOT,0
1099,3,Venti,1000
1099,13,더 달게,0
1100,5,ICE,0
1100,1,Tall,0
1100,12,덜 달게,0
1100,7,바닐라 시럽,300
1101,4,HOT,0
1101,3,Venti,1000
1101,13,더 달게,0
1102,5,ICE,0
1102,2,Grande,500
1102,12,덜 달게,0
1103,4,HOT,0
1103,3,Venti,1000
1104,5,ICE,0
1104,1,Tall,0
1104,13,더 달게,0
1105,5,ICE,0
1105,3,Venti,1000
1105,9,카라멜 시럽,300
1106,4,HOT,0
1106,2,Grande,500
1106,11,기본,0
1107,5,ICE,0
1107,2,Grande,500
1107,11,기본,0
1107,10,휘핑크림 추가,500
1108,4,HOT,0
1108,2,Grande,500
1108,13,더 달게,0
1108,7,바닐라 시럽,300
1109,5,ICE,0
1109,3,Venti,1000
1110,5,ICE,0
1110,2,Grande,500
1110,6,샷 추가 (+1),500
1111,5,ICE,0
1111,2,Grande,500
1111,6,샷 추가 (+1),500
1111,10,휘핑크림 추가,500
1112,4,HOT,0
1112,1,Tall,0
1112,11,기본,0
1113,4,HOT,0
1113,1,Tall,0
1113,12,덜 달게,0
1113,6,샷 추가 (+1),500
1114,5,ICE,0
1114,2,Grande,500
1114,10,휘핑크림 추가,500
1115,5,ICE,0
1115,3,Venti,1000
1115,11,기본,0
1116,5,ICE,0
1116,1,Tall,0
1116,11,기본,0
1116,9,카라멜 시럽,300
1117,4,HOT,0
1117,1,Tall,0
1117,13,더 달게,0
1118,4,HOT,0
1118,1,Tall,0
1118,12,덜 달게,0
1119,4,HOT,0
1119,2,Grande,500
1119,13,더 달게,0
1120,4,HOT,0
1120,3,Venti,1000
1120,13,더 달게,0
1121,4,HOT,0
1121,1,Tall,0
1121,13,더 달게,0
1121,6,샷 추가 (+1),500
1122,4,HOT,0
1122,2,Grande,500
1122,11,기본,0
1122,8,헤이즐넛 시럽,300
1123,4,HOT,0
1123,3,Venti,1000
1124,4,HOT,0
1124,3,Venti,1000
1125,4,HOT,0
1125,2,Grande,500
1125,11,기본,0
1125,8,헤이즐넛 시럽,300
1126,4,HOT,0
1126,2,Grande,500
1126,11,기본,0
1126,6,샷 추가 (+1),500
1127,4,HOT,0
1127,1,Tall,0
1128,4,HOT,0
1128,2,Grande,500
1128,13,더 달게,0
1128,6,샷 추가 (+1),500
1129,4,HOT,0
1129,2,Grande,500
1129,6,샷 추가 (+1),500
1130,5,ICE,0
1130,2,Grande,500
1130,13,더 달게,0
1131,5,ICE,0
1131,1,Tall,0
1131,6,샷 추가 (+1),500
1132,4,HOT,0
1132,1,Tall,0
1133,5,ICE,0
1133,3,Venti,1000
1133,12,덜 달게,0
1133,9,카라멜 시럽,300
1134,4,HOT,0
1134,1,Tall,0
1135,4,HOT,0
1135,1,Tall,0
1135,13,더 달게,0
1136,4,HOT,0
1136,2,Grande,500
1137,4,HOT,0
1137,3,Venti,1000
1137,12,덜 달게,0
1137,6,샷 추가 (+1),500
1137,7,바닐라 시럽,300
1138,4,HOT,0
1138,2,Grande,500
1138,13,더 달게,0
1138,8,헤이즐넛 시럽,300
1139,5,ICE,0
1139,2,Grande,500
1139,12,덜 달게,0
1140,4,HOT,0
1140,2,Grande,500
1140,6,샷 추가 (+1),500
1141,4,HOT,0
1141,2,Grande,500
1142,5,ICE,0
1142,3,Venti,1000
1142,13,더 달게,0
1143,4,HOT,0
1143,2,Grande,500
1143,11,기본,0
1143,8,헤이즐넛 시럽,300
1144,5,ICE,0
1144,2,Grande,500
1145,5,ICE,0
1145,2,Grande,500
1145,12,덜 달게,0
1146,4,HOT,0
1146,2,Grande,500
1146,8,헤이즐넛 시럽,300
1147,5,ICE,0
1147,2,Grande,500
1147,12,덜 달게,0
1147,6,샷 추가 (+1),500
1148,4,HOT,0
1148,2,Grande,500
1149,4,HOT,0
1149,2,Grande,500
1149,12,덜 달게,0
1150,4,HOT,0
1150,3,Venti,1000
1150,11,기본,0
1150,6,샷 추가 (+1),500
1151,5,ICE,0
1151,3,Venti,1000
1151,12,덜 달게,0
1152,4,HOT,0
1152,3,Venti,1000
1152,6,샷 추가 (+1),500
1152,7,바닐라 시럽,300
1152,10,휘핑크림 추가,500
1153,4,HOT,0
1153,2,Grande,500
1153,7,바닐라 시럽,300
1153,10,휘핑크림 추가,500
1154,4,HOT,0
1154,1,Tall,0
1154,11,기본,0
1154,6,샷 추가 (+1),500
1155,4,HOT,0
1155,3,Venti,1000
1155,6,샷 추가 (+1),500
1156,4,HOT,0
1156,2,Grande,500
1156,10,휘핑크림 추가,500
1157,4,HOT,0
1157,1,Tall,0
1157,11,기본,0
1157,6,샷 추가 (+1),500
1158,4,HOT,0
1158,2,Grande,500
1158,7,바닐라 시럽,300
1159,4,HOT,0
1159,1,Tall,0
1159,11,기본,0
1160,4,HOT,0
1160,2,Grande,500
1160,11,기본,0
1160,6,샷 추가 (+1),500
1161,4,HOT,0
1161,1,Tall,0
1161,12,덜 달게,0
1161,6,샷 추가 (+1),500
1162,5,ICE,0
1162,2,Grande,500
1163,4,HOT,0
1163,2,Grande,500
1163,11,기본,0
1164,4,HOT,0
1164,3,Venti,1000
1164,11,기본,0
1165,4,HOT,0
1165,3,Venti,1000
1166,4,HOT,0
1166,2,Grande,500
1166,11,기본,0
1167,5,ICE,0
1167,2,Grande,500
1167,11,기본,0
1168,5,ICE,0
1168,1,Tall,0
1168,13,더 달게,0
1169,4,HOT,0
1169,1,Tall,0
1169,13,더 달게,0
1170,4,HOT,0
1170,2,Grande,500
1171,4,HOT,0
1171,2,Grande,500
1171,11,기본,0
1171,6,샷 추가 (+1),500
1172,5,ICE,0
1172,3,Venti,1000
1172,11,기본,0
1173,4,HOT,0
1173,1,Tall,0
1173,11,기본,0
1174,5,ICE,0
1174,2,Grande,500
1174,12,덜 달게,0
1174,9,카라멜 시럽,300
1175,4,HOT,0
1175,1,Tall,0
1175,11,기본,0
1176,4,HOT,0
1176,2,Grande,500
1176,10,휘핑크림 추가,500
1177,5,ICE,0
1177,3,Venti,1000
1177,11,기본,0
1177,7,바닐라 시럽,300
1178,4,HOT,0
1178,3,Venti,1000
1178,11,기본,0
1178,6,샷 추가 (+1),500
1178,10,휘핑크림 추가,500
1179,5,ICE,0
1179,3,Venti,1000
1179,11,기본,0
1180,5,ICE,0
1180,1,Tall,0
1180,11,기본,0
1180,6,샷 추가 (+1),500
1181,4,HOT,0
1181,1,Tall,0
1182,4,HOT,0
1182,3,Venti,1000
1182,13,더 달게,0
1182,6,샷 추가 (+1),500
1182,9,카라멜 시럽,300
1183,5,ICE,0
1183,3,Venti,1000
1183,11,기본,0
1183,7,바닐라 시럽,300
1184,5,ICE,0
1184,2,Grande,500
1184,13,더 달게,0
1185,4,HOT,0
1185,3,Venti,1000
1185,13,더 달게,0
1185,6,샷 추가 (+1),500
1186,5,ICE,0
1186,1,Tall,0
1186,12,덜 달게,0
1187,5,ICE,0
1187,2,Grande,500
1187,11,기본,0
1187,7,바닐라 시럽,300
1188,4,HOT,0
1188,2,Grande,500
1188,11,기본,0
1189,5,ICE,0
1189,2,Grande,500
1189,11,기본,0
1190,4,HOT,0
1190,1,Tall,0
1190,12,덜 달게,0
1191,4,HOT,0
1191,3,Venti,1000
1191,6,샷 추가 (+1),500
1192,5,ICE,0
1192,1,Tall,0
1192,10,휘핑크림 추가,500
1193,4,HOT,0
1193,3,Venti,1000
1193,10,휘핑크림 추가,500
1194,4,HOT,0
1194,1,Tall,0
1194,6,샷 추가 (+1),500
1195,5,ICE,0
1195,3,Venti,1000
1195,11,기본,0
1195,6,샷 추가 (+1),500
1196,4,HOT,0
1196,1,Tall,0
1196,11,기본,0
1196,6,샷 추가 (+1),500
1197,4,HOT,0
1197,2,Grande,500
1197,11,기본,0
1198,4,HOT,0
1198,2,Grande,500
1198,11,기본,0
1198,6,샷 추가 (+1),500
1199,5,ICE,0
1199,1,Tall,0
1200,4,HOT,0
1200,2,Grande,500
1200,8,헤이즐넛 시럽,300
1201,4,HOT,0
1201,2,Grande,500
1201,9,카라멜 시럽,300
1202,5,ICE,0
1202,1,Tall,0
1202,11,기본,0
1202,9,카라멜 시럽,300
1203,4,HOT,0
1203,1,Tall,0
1204,4,HOT,0
1204,1,Tall,0
1204,12,덜 달게,0
1204,6,샷 추가 (+1),500
1205,5,ICE,0
1205,2,Grande,500
1205,12,덜 달게,0
1206,4,HOT,0
1206,2,Grande,500
1206,9,카라멜 시럽,300
1207,5,ICE,0
1207,2,Grande,500
1207,13,더 달게,0
1207,6,샷 추가 (+1),500
1208,4,HOT,0
1208,3,Venti,1000
1208,11,기본,0
1209,4,HOT,0
1209,2,Grande,500
1209,11,기본,0
1209,6,샷 추가 (+1),500
1210,4,HOT,0
1210,2,Grande,500
1210,12,덜 달게,0
1211,5,ICE,0
1211,2,Grande,500
1211,12,덜 달게,0
1211,6,샷 추가 (+1),500
1212,5,ICE,0
1212,1,Tall,0
1212,11,기본,0
1213,5,ICE,0
1213,2,Grande,500
1213,12,덜 달게,0
1214,5,ICE,0
1214,2,Grande,500
1215,5,ICE,0
1215,1,Tall,0
1215,12,덜 달게,0
1216,4,HOT,0
1216,1,Tall,0
1217,4,HOT,0
1217,3,Venti,1000
1217,13,더 달게,0
1217,6,샷 추가 (+1),500
1218,4,HOT,0
1218,2,Grande,500
1218,11,기본,0
1218,6,샷 추가 (+1),500
1219,5,ICE,0
1219,3,Venti,1000
1219,12,덜 달게,0
1219,6,샷 추가 (+1),500
1219,9,카라멜 시럽,300
1220,5,ICE,0
1220,1,Tall,0
1220,13,더 달게,0
1221,5,ICE,0
1221,2,Grande,500
1221,11,기본,0
1222,5,ICE,0
1222,3,Venti,1000
1223,5,ICE,0
1223,2,Grande,500
1223,13,더 달게,0
1224,4,HOT,0
1224,3,Venti,1000
1224,6,샷 추가 (+1),500
1225,4,HOT,0
1225,2,Grande,500
1225,12,덜 달게,0
1225,6,샷 추가 (+1),500
1226,5,ICE,0
1226,1,Tall,0
1226,12,덜 달게,0
1226,6,샷 추가 (+1),500
1227,5,ICE,0
1227,2,Grande,500
1227,11,기본,0
1228,4,HOT,0
1228,2,Grande,500
1228,11,기본,0
1229,4,HOT,0
1229,1,Tall,0
1229,11,기본,0
1229,9,카라멜 시럽,300
1229,10,휘핑크림 추가,500
1230,4,HOT,0
1230,2,Grande,500
1230,12,덜 달게,0
1230,6,샷 추가 (+1),500
1231,4,HOT,0
1231,2,Grande,500
1231,12,덜 달게,0
1231,6,샷 추가 (+1),500
1232,4,HOT,0
1232,1,Tall,0
1232,13,더 달게,0
1232,8,헤이즐넛 시럽,300
1233,4,HOT,0
1233,2,Grande,500
1234,5,ICE,0
1234,2,Grande,500
1234,12,덜 달게,0
1235,4,HOT,0
1235,2,Grande,500
1235,6,샷 추가 (+1),500
1236,4,HOT,0
1236,2,Grande,500
1236,8,헤이즐넛 시럽,300
1237,5,ICE,0
1237,1,Tall,0
1237,7,바닐라 시럽,300
1238,5,ICE,0
1238,2,Grande,500
1239,5,ICE,0
1239,1,Tall,0
1240,4,HOT,0
1240,3,Venti,1000
1240,12,덜 달게,0
1240,8,헤이즐넛 시럽,300
1241,4,HOT,0
1241,1,Tall,0
1241,11,기본,0
1242,5,ICE,0
1242,3,Venti,1000
1242,8,헤이즐넛 시럽,300
1243,5,ICE,0
1243,1,Tall,0
1244,5,ICE,0
1244,3,Venti,1000
1244,11,기본,0
1244,8,헤이즐넛 시럽,300
1245,5,ICE,0
1245,1,Tall,0
1245,7,바닐라 시럽,300
1246,5,ICE,0
1246,1,Tall,0
1246,6,샷 추가 (+1),500
1246,8,헤이즐넛 시럽,300
1247,5,ICE,0
1247,1,Tall,0
1247,12,덜 달게,0
1248,4,HOT,0
1248,1,Tall,0
1248,11,기본,0
1249,5,ICE,0
1249,2,Grande,500
1249,12,덜 달게,0
1250,4,HOT,0
1250,2,Grande,500
1250,13,더 달게,0
1250,7,바닐라 시럽,300
1251,4,HOT,0
1251,2,Grande,500
1252,5,ICE,0
1252,1,Tall,0
1252,11,기본,0
1252,8,헤이즐넛 시럽,300
1253,4,HOT,0
1253,1,Tall,0
1253,12,덜 달게,0
1253,6,샷 추가 (+1),500
1254,4,HOT,0
1254,3,Venti,1000
1255,5,ICE,0
1255,3,Venti,1000
1255,12,덜 달게,0
1256,5,ICE,0
1256,1,Tall,0
1257,5,ICE,0
1257,1,Tall,0
1258,4,HOT,0
1258,3,Venti,1000
1258,11,기본,0
1259,4,HOT,0
1259,1,Tall,0
1259,11,기본,0
1259,7,바닐라 시럽,300
1260,4,HOT,0
1260,3,Venti,1000
1260,11,기본,0
1261,5,ICE,0
1261,2,Grande,500
1262,4,HOT,0
1262,2,Grande,500
1262,12,덜 달게,0
1262,9,카라멜 시럽,300
1263,4,HOT,0
1263,1,Tall,0
1263,11,기본,0
1264,4,HOT,0
1264,1,Tall,0
1264,6,샷 추가 (+1),500
1265,5,ICE,0
1265,2,Grande,500
1265,12,덜 달게,0
1265,9,카라멜 시럽,300
1266,5,ICE,0
1266,2,Grande,500
1267,4,HOT,0
1267,2,Grande,500
1267,6,샷 추가 (+1),500
1268,5,ICE,0
1268,2,Grande,500
1268,11,기본,0
1268,6,샷 추가 (+1),500
1268,7,바닐라 시럽,300
1269,4,HOT,0
1269,1,Tall,0
1269,8,헤이즐넛 시럽,300
1270,4,HOT,0
1270,2,Grande,500
1270,12,덜 달게,0
1270,8,헤이즐넛 시럽,300
1271,5,ICE,0
1271,3,Venti,1000
1271,6,샷 추가 (+1),500
1272,4,HOT,0
1272,2,Grande,500
1272,6,샷 추가 (+1),500
1272,8,헤이즐넛 시럽,300
1272,10,휘핑크림 추가,500
1273,4,HOT,0
1273,2,Grande,500
1273,9,카라멜 시럽,300
1274,5,ICE,0
1274,2,Grande,500
1274,13,더 달게,0
1274,6,샷 추가 (+1),500
1275,4,HOT,0
1275,3,Venti,1000
1276,4,HOT,0
1276,1,Tall,0
1276,6,샷 추가 (+1),500
1276,8,헤이즐넛 시럽,300
1277,4,HOT,0
1277,1,Tall,0
1277,11,기본,0
1277,6,샷 추가 (+1),500
1278,5,ICE,0
1278,1,Tall,0
1278,10,휘핑크림 추가,500
1279,4,HOT,0
1279,3,Venti,1000
1279,11,기본,0
1279,6,샷 추가 (+1),500
1279,10,휘핑크림 추가,500
1280,4,HOT,0
1280,1,Tall,0
1281,5,ICE,0
1281,1,Tall,0
1281,9,카라멜 시럽,300
1282,5,ICE,0
1282,1,Tall,0
1282,6,샷 추가 (+1),500
1283,5,ICE,0
1283,2,Grande,500
1283,11,기본,0
1284,5,ICE,0
1284,1,Tall,0
1284,11,기본,0
1285,5,ICE,0
1285,1,Tall,0
1285,11,기본,0
1286,5,ICE,0
1286,2,Grande,500
1286,13,더 달게,0
1287,5,ICE,0
1287,1,Tall,0
1287,10,휘핑크림 추가,500
1288,5,ICE,0
1288,2,Grande,500
1288,11,기본,0
1289,5,ICE,0
1289,3,Venti,1000
1289,13,더 달게,0
1290,5,ICE,0
1290,2,Grande,500
1290,11,기본,0
1290,6,샷 추가 (+1),500
1290,7,바닐라 시럽,300
1291,4,HOT,0
1291,1,Tall,0
1291,6,샷 추가 (+1),500
1292,5,ICE,0
1292,1,Tall,0
1292,9,카라멜 시럽,300
1292,10,휘핑크림 추가,500
1293,5,ICE,0
1293,2,Grande,500
1293,13,더 달게,0
1294,4,HOT,0
1294,1,Tall,0
1294,13,더 달게,0
1294,6,샷 추가 (+1),500
1294,9,카라멜 시럽,300
1295,4,HOT,0
1295,2,Grande,500
1295,11,기본,0
1296,5,ICE,0
1296,2,Grande,500
1296,12,덜 달게,0
1297,4,HOT,0
1297,3,Venti,1000
1297,12,덜 달게,0
1297,8,헤이즐넛 시럽,300
1298,4,HOT,0
1298,3,Venti,1000
1298,11,기본,0
1299,4,HOT,0
1299,2,Grande,500
1299,6,샷 추가 (+1),500
1299,7,바닐라 시럽,300
1300,5,ICE,0
1300,2,Grande,500
1301,4,HOT,0
1301,1,Tall,0
1301,6,샷 추가 (+1),500
1302,4,HOT,0
1302,1,Tall,0
1303,5,ICE,0
1303,1,Tall,0
1304,4,HOT,0
1304,2,Grande,500
1305,4,HOT,0
1305,3,Venti,1000
1306,4,HOT,0
1306,3,Venti,1000
1307,4,HOT,0
1307,1,Tall,0
1307,12,덜 달게,0
1307,6,샷 추가 (+1),500
1307,7,바닐라 시럽,300
1308,5,ICE,0
1308,2,Grande,500
1308,6,샷 추가 (+1),500
1309,5,ICE,0
1309,2,Grande,500
1309,7,바닐라 시럽,300
1310,4,HOT,0
1310,3,Venti,1000
1311,4,HOT,0
1311,1,Tall,0
1311,13,더 달게,0
1311,6,샷 추가 (+1),500
1312,5,ICE,0
1312,3,Venti,1000
1313,5,ICE,0
1313,2,Grande,500
1313,11,기본,0
1313,6,샷 추가 (+1),500
1313,7,바닐라 시럽,300
1314,4,HOT,0
1314,1,Tall,0
1314,11,기본,0
1315,4,HOT,0
1315,3,Venti,1000
1315,11,기본,0
1316,5,ICE,0
1316,1,Tall,0
1316,12,덜 달게,0
1316,6,샷 추가 (+1),500
1317,4,HOT,0
1317,3,Venti,1000
1318,5,ICE,0
1318,1,Tall,0
1319,5,ICE,0
1319,2,Grande,500
1319,12,덜 달게,0
1320,4,HOT,0
1320,1,Tall,0
1320,13,더 달게,0
1321,4,HOT,0
1321,3,Venti,1000
1322,4,HOT,0
1322,1,Tall,0
1322,11,기본,0
1323,5,ICE,0
1323,1,Tall,0
1323,12,덜 달게,0
1323,7,바닐라 시럽,300
1323,10,휘핑크림 추가,500
1324,4,HOT,0
1324,1,Tall,0
1324,12,덜 달게,0
1325,5,ICE,0
1325,1,Tall,0
1325,11,기본,0
1326,5,ICE,0
1326,2,Grande,500
1326,10,휘핑크림 추가,500
1327,5,ICE,0
1327,2,Grande,500
1328,5,ICE,0
1328,2,Grande,500
1328,10,휘핑크림 추가,500
1329,4,HOT,0
1329,1,Tall,0
1330,4,HOT,0
1330,2,Grande,500
1331,4,HOT,0
1331,3,Venti,1000
1331,11,기본,0
1331,6,샷 추가 (+1),500
1332,4,HOT,0
1332,2,Grande,500
1332,6,샷 추가 (+1),500
1332,8,헤이즐넛 시럽,300
1333,4,HOT,0
1333,2,Grande,500
1333,11,기본,0
1334,4,HOT,0
1334,1,Tall,0
1334,11,기본,0
1335,5,ICE,0
1335,2,Grande,500
1335,12,덜 달게,0
1335,6,샷 추가 (+1),500
1336,4,HOT,0
1336,1,Tall,0
1336,13,더 달게,0
1337,5,ICE,0
1337,1,Tall,0
1337,11,기본,0
1337,6,샷 추가 (+1),500
1338,5,ICE,0
1338,1,Tall,0
1338,13,더 달게,0
1339,5,ICE,0
1339,3,Venti,1000
1340,5,ICE,0
1340,2,Grande,500
1340,6,샷 추가 (+1),500
1341,4,HOT,0
1341,2,Grande,500
1341,11,기본,0
1341,8,헤이즐넛 시럽,300
1342,5,ICE,0
1342,2,Grande,500
1342,11,기본,0
1342,9,카라멜 시럽,300
1343,4,HOT,0
1343,3,Venti,1000
1343,11,기본,0
1344,4,HOT,0
1344,2,Grande,500
1344,11,기본,0
1345,4,HOT,0
1345,2,Grande,500
1345,8,헤이즐넛 시럽,300
1346,5,ICE,0
1346,3,Venti,1000
1346,11,기본,0
1347,4,HOT,0
1347,2,Grande,500
1347,12,덜 달게,0
1348,5,ICE,0
1348,1,Tall,0
1348,11,기본,0
1349,4,HOT,0
1349,2,Grande,500
1349,12,덜 달게,0
1350,4,HOT,0
1350,2,Grande,500
1350,11,기본,0
1351,4,HOT,0
1351,1,Tall,0
1351,6,샷 추가 (+1),500
1352,4,HOT,0
1352,1,Tall,0
1352,6,샷 추가 (+1),500
1353,4,HOT,0
1353,2,Grande,500
1354,4,HOT,0
1354,3,Venti,1000
1355,4,HOT,0
1355,1,Tall,0
1355,11,기본,0
1356,5,ICE,0
1356,2,Grande,500
1356,11,기본,0
1356,6,샷 추가 (+1),500
1356,10,휘핑크림 추가,500
1357,4,HOT,0
1357,2,Grande,500
1357,12,덜 달게,0
1358,4,HOT,0
1358,3,Venti,1000
1358,12,덜 달게,0
1358,9,카라멜 시럽,300
1359,4,HOT,0
1359,2,Grande,500
1359,13,더 달게,0
1360,4,HOT,0
1360,1,Tall,0
1360,11,기본,0
1361,4,HOT,0
1361,1,Tall,0
1361,6,샷 추가 (+1),500
1361,8,헤이즐넛 시럽,300
1362,4,HOT,0
1362,2,Grande,500
1363,4,HOT,0
1363,3,Venti,1000
1363,6,샷 추가 (+1),500
1364,4,HOT,0
1364,1,Tall,0
1365,5,ICE,0
1365,1,Tall,0
1365,11,기본,0
1366,5,ICE,0
1366,2,Grande,500
1366,6,샷 추가 (+1),500
1366,7,바닐라 시럽,300
1367,5,ICE,0
1367,3,Venti,1000
1367,11,기본,0
1367,9,카라멜 시럽,300
1368,4,HOT,0
1368,2,Grande,500
1368,13,더 달게,0
1369,5,ICE,0
1369,1,Tall,0
1369,11,기본,0
1369,6,샷 추가 (+1),500
1370,5,ICE,0
1370,3,Venti,1000
1370,11,기본,0
1370,6,샷 추가 (+1),500
1371,5,ICE,0
1371,1,Tall,0
1371,13,더 달게,0
1371,6,샷 추가 (+1),500
1372,5,ICE,0
1372,1,Tall,0
1372,11,기본,0
1372,6,샷 추가 (+1),500
1373,4,HOT,0
1373,1,Tall,0
1374,4,HOT,0
1374,1,Tall,0
1375,5,ICE,0
1375,1,Tall,0
1375,10,휘핑크림 추가,500
1376,4,HOT,0
1376,3,Venti,1000
1376,6,샷 추가 (+1),500
1377,4,HOT,0
1377,2,Grande,500
1377,8,헤이즐넛 시럽,300
1377,10,휘핑크림 추가,500
1378,5,ICE,0
1378,3,Venti,1000
1378,9,카라멜 시럽,300
1379,4,HOT,0
1379,2,Grande,500
1379,11,기본,0
1380,4,HOT,0
1380,2,Grande,500
1380,13,더 달게,0
1381,4,HOT,0
1381,1,Tall,0
1381,12,덜 달게,0
1382,5,ICE,0
1382,2,Grande,500
1382,10,휘핑크림 추가,500
1383,5,ICE,0
1383,2,Grande,500
1383,11,기본,0
1384,5,ICE,0
1384,1,Tall,0
1384,13,더 달게,0
1384,9,카라멜 시럽,300
1385,5,ICE,0
1385,3,Venti,1000
1385,13,더 달게,0
1386,5,ICE,0
1386,2,Grande,500
1386,11,기본,0
1386,6,샷 추가 (+1),500
1387,4,HOT,0
1387,3,Venti,1000
1387,12,덜 달게,0
1388,5,ICE,0
1388,2,Grande,500
1388,6,샷 추가 (+1),500
1389,4,HOT,0
1389,1,Tall,0
1390,5,ICE,0
1390,2,Grande,500
1390,6,샷 추가 (+1),500
1391,4,HOT,0
1391,2,Grande,500
1391,12,덜 달게,0
1391,6,샷 추가 (+1),500
1392,4,HOT,0
1392,2,Grande,500
1392,13,더 달게,0
1393,4,HOT,0
1393,3,Venti,1000
1393,13,더 달게,0
1394,4,HOT,0
1394,3,Venti,1000
1394,13,더 달게,0
1395,4,HOT,0
1395,1,Tall,0
1395,12,덜 달게,0
1396,4,HOT,0
1396,3,Venti,1000
1396,12,덜 달게,0
1397,5,ICE,0
1397,1,Tall,0
1397,12,덜 달게,0
1398,5,ICE,0
1398,2,Grande,500
1399,4,HOT,0
1399,1,Tall,0
1399,12,덜 달게,0
1399,6,샷 추가 (+1),500
1399,7,바닐라 시럽,300
1400,4,HOT,0
1400,2,Grande,500
1400,12,덜 달게,0
1400,6,샷 추가 (+1),500
1401,4,HOT,0
1401,2,Grande,500
1401,13,더 달게,0
1402,4,HOT,0
1402,1,Tall,0
1402,12,덜 달게,0
1403,5,ICE,0
1403,1,Tall,0
1403,6,샷 추가 (+1),500
1403,10,휘핑크림 추가,500
1404,4,HOT,0
1404,1,Tall,0
1404,6,샷 추가 (+1),500
1405,4,HOT,0
1405,1,Tall,0
1405,12,덜 달게,0
1406,5,ICE,0
1406,2,Grande,500
1406,11,기본,0
1407,4,HOT,0
1407,2,Grande,500
1407,12,덜 달게,0
1408,4,HOT,0
1408,2,Grande,500
1408,13,더 달게,0
1408,6,샷 추가 (+1),500
1408,10,휘핑크림 추가,500
1409,4,HOT,0
1409,1,Tall,0
1409,11,기본,0
1410,4,HOT,0
1410,3,Venti,1000
1410,6,샷 추가 (+1),500
1410,8,헤이즐넛 시럽,300
1411,5,ICE,0
1411,2,Grande,500
1411,12,덜 달게,0
1412,5,ICE,0
1412,1,Tall,0
1412,13,더 달게,0
1412,6,샷 추가 (+1),500
1413,4,HOT,0
1413,1,Tall,0
1414,4,HOT,0
1414,2,Grande,500
1415,5,ICE,0
1415,2,Grande,500
1416,4,HOT,0
1416,2,Grande,500
1417,5,ICE,0
1417,1,Tall,0
1417,12,덜 달게,0
1418,4,HOT,0
1418,2,Grande,500
1419,5,ICE,0
1419,1,Tall,0
1419,11,기본,0
1419,6,샷 추가 (+1),500
1420,5,ICE,0
1420,2,Grande,500
1421,4,HOT,0
1421,3,Venti,1000
1421,6,샷 추가 (+1),500
1422,4,HOT,0
1422,3,Venti,1000
1422,8,헤이즐넛 시럽,300
1423,4,HOT,0
1423,3,Venti,1000
1423,12,덜 달게,0
1424,5,ICE,0
1424,1,Tall,0
1424,12,덜 달게,0
1424,10,휘핑크림 추가,500
1425,5,ICE,0
1425,1,Tall,0
1426,4,HOT,0
1426,3,Venti,1000
1426,13,더 달게,0
1426,6,샷 추가 (+1),500
1427,5,ICE,0
1427,3,Venti,1000
1428,5,ICE,0
1428,3,Venti,1000
1428,13,더 달게,0
1429,4,HOT,0
1429,3,Venti,1000
1430,5,ICE,0
1430,2,Grande,500
1430,12,덜 달게,0
1431,5,ICE,0
1431,3,Venti,1000
1431,13,더 달게,0
1431,6,샷 추가 (+1),500
1432,5,ICE,0
1432,1,Tall,0
1432,11,기본,0
1433,4,HOT,0
1433,1,Tall,0
1433,10,휘핑크림 추가,500
1434,5,ICE,0
1434,1,Tall,0
1434,12,덜 달게,0
1435,5,ICE,0
1435,1,Tall,0
1435,12,덜 달게,0
1435,9,카라멜 시럽,300
1436,4,HOT,0
1436,2,Grande,500
1436,11,기본,0
1437,5,ICE,0
1437,1,Tall,0
1438,5,ICE,0
1438,3,Venti,1000
1438,13,더 달게,0
1439,5,ICE,0
1439,1,Tall,0
1439,11,기본,0
1439,6,샷 추가 (+1),500
1439,7,바닐라 시럽,300
1440,4,HOT,0
1440,3,Venti,1000
1441,4,HOT,0
1441,1,Tall,0
1442,4,HOT,0
1442,2,Grande,500
1442,12,덜 달게,0
1443,4,HOT,0
1443,2,Grande,500
1443,11,기본,0
1444,4,HOT,0
1444,2,Grande,500
1444,12,덜 달게,0
1445,4,HOT,0
1445,1,Tall,0
1446,4,HOT,0
1446,2,Grande,500
1446,13,더 달게,0
1447,5,ICE,0
1447,2,Grande,500
1447,11,기본,0
1447,8,헤이즐넛 시럽,300
1448,5,ICE,0
1448,2,Grande,500
1448,11,기본,0
1449,4,HOT,0
1449,2,Grande,500
1449,11,기본,0
1449,8,헤이즐넛 시럽,300
1450,4,HOT,0
1450,2,Grande,500
1450,6,샷 추가 (+1),500
1450,9,카라멜 시럽,300
1451,4,HOT,0
1451,1,Tall,0
1451,12,덜 달게,0
1452,5,ICE,0
1452,1,Tall,0
1453,4,HOT,0
1453,3,Venti,1000
1453,12,덜 달게,0
1453,6,샷 추가 (+1),500
1454,5,ICE,0
1454,3,Venti,1000
1454,12,덜 달게,0
1455,4,HOT,0
1455,2,Grande,500
1456,4,HOT,0
1456,2,Grande,500
1456,10,휘핑크림 추가,500
1457,4,HOT,0
1457,1,Tall,0
1457,10,휘핑크림 추가,500
1458,4,HOT,0
1458,3,Venti,1000
1458,11,기본,0
1458,8,헤이즐넛 시럽,300
1459,4,HOT,0
1459,3,Venti,1000
1459,10,휘핑크림 추가,500
1460,4,HOT,0
1460,2,Grande,500
1460,11,기본,0
1461,5,ICE,0
1461,3,Venti,1000
1461,6,샷 추가 (+1),500
1461,10,휘핑크림 추가,500
1462,4,HOT,0
1462,2,Grande,500
1462,12,덜 달게,0
1463,5,ICE,0
1463,1,Tall,0
1464,5,ICE,0
1464,3,Venti,1000
1464,13,더 달게,0
1464,6,샷 추가 (+1),500
1465,4,HOT,0
1465,2,Grande,500
1466,5,ICE,0
1466,2,Grande,500
1466,12,덜 달게,0
1467,4,HOT,0
1467,1,Tall,0
1467,13,더 달게,0
1468,4,HOT,0
1468,1,Tall,0
1468,11,기본,0
1469,4,HOT,0
1469,1,Tall,0
1469,12,덜 달게,0
1470,4,HOT,0
1470,2,Grande,500
1470,13,더 달게,0
1471,4,HOT,0
1471,1,Tall,0
1472,4,HOT,0
1472,2,Grande,500
1472,11,기본,0
1473,4,HOT,0
1473,1,Tall,0
1473,11,기본,0
1473,6,샷 추가 (+1),500
1474,5,ICE,0
1474,3,Venti,1000
1474,13,더 달게,0
1474,6,샷 추가 (+1),500
1475,4,HOT,0
1475,1,Tall,0
1475,11,기본,0
1476,5,ICE,0
1476,1,Tall,0
1476,11,기본,0
1476,8,헤이즐넛 시럽,300
1477,4,HOT,0
1477,1,Tall,0
1478,5,ICE,0
1478,2,Grande,500
1479,4,HOT,0
1479,2,Grande,500
1479,6,샷 추가 (+1),500
1479,10,휘핑크림 추가,500
1480,4,HOT,0
1480,1,Tall,0
1481,4,HOT,0
1481,3,Venti,1000
1481,6,샷 추가 (+1),500
1482,5,ICE,0
1482,2,Grande,500
1482,11,기본,0
1482,8,헤이즐넛 시럽,300
1483,5,ICE,0
1483,2,Grande,500
1483,8,헤이즐넛 시럽,300
1484,4,HOT,0
1484,2,Grande,500
1484,13,더 달게,0
1485,5,ICE,0
1485,1,Tall,0
1486,4,HOT,0
1486,1,Tall,0
1486,11,기본,0
1486,6,샷 추가 (+1),500
1486,10,휘핑크림 추가,500
1487,4,HOT,0
1487,2,Grande,500
1487,13,더 달게,0
1488,4,HOT,0
1488,3,Venti,1000
1488,12,덜 달게,0
1489,4,HOT,0
1489,2,Grande,500
1489,13,더 달게,0
1490,5,ICE,0
1490,3,Venti,1000
1490,13,더 달게,0
1491,4,HOT,0
1491,2,Grande,500
1491,11,기본,0
1492,4,HOT,0
1492,2,Grande,500
1492,13,더 달게,0
1493,5,ICE,0
1493,3,Venti,1000
1493,11,기본,0
1493,6,샷 추가 (+1),500
1494,5,ICE,0
1494,2,Grande,500
1494,13,더 달게,0
1495,4,HOT,0
1495,3,Venti,1000
1495,8,헤이즐넛 시럽,300
1495,10,휘핑크림 추가,500
1496,4,HOT,0
1496,3,Venti,1000
1496,11,기본,0
1496,6,샷 추가 (+1),500
1497,4,HOT,0
1497,2,Grande,500
1497,6,샷 추가 (+1),500
1498,4,HOT,0
1498,3,Venti,1000
1499,4,HOT,0
1499,2,Grande,500
1499,12,덜 달게,0
1500,4,HOT,0
1500,3,Venti,1000
1500,12,덜 달게,0
1500,6,샷 추가 (+1),500
1501,5,ICE,0
1501,2,Grande,500
1501,11,기본,0
1502,5,ICE,0
1502,2,Grande,500
1502,7,바닐라 시럽,300
1503,4,HOT,0
1503,3,Venti,1000
1503,13,더 달게,0
1504,4,HOT,0
1504,3,Venti,1000
1504,13,더 달게,0
1505,4,HOT,0
1505,2,Grande,500
1506,5,ICE,0
1506,3,Venti,1000
1506,11,기본,0
1507,4,HOT,0
1507,2,Grande,500
1507,12,덜 달게,0
1507,10,휘핑크림 추가,500
1508,5,ICE,0
1508,2,Grande,500
1508,6,샷 추가 (+1),500
1509,5,ICE,0
1509,2,Grande,500
1509,11,기본,0
1509,6,샷 추가 (+1),500
1510,5,ICE,0
1510,1,Tall,0
1510,13,더 달게,0
1510,8,헤이즐넛 시럽,300
1511,4,HOT,0
1511,1,Tall,0
1511,6,샷 추가 (+1),500
1512,5,ICE,0
1512,2,Grande,500
1513,5,ICE,0
1513,2,Grande,500
1513,13,더 달게,0
1514,5,ICE,0
1514,3,Venti,1000
1514,11,기본,0
1515,5,ICE,0
1515,2,Grande,500
1515,6,샷 추가 (+1),500
1516,4,HOT,0
1516,1,Tall,0
1516,10,휘핑크림 추가,500
1517,4,HOT,0
1517,1,Tall,0
1517,11,기본,0
1518,5,ICE,0
1518,1,Tall,0
1519,4,HOT,0
1519,2,Grande,500
1519,12,덜 달게,0
1520,4,HOT,0
1520,3,Venti,1000
1520,10,휘핑크림 추가,500
1521,4,HOT,0
1521,3,Venti,1000
1521,6,샷 추가 (+1),500
1522,4,HOT,0
1522,2,Grande,500
1522,11,기본,0
1522,6,샷 추가 (+1),500
1523,5,ICE,0
1523,2,Grande,500
1523,11,기본,0
1524,5,ICE,0
1524,2,Grande,500
1524,11,기본,0
1525,4,HOT,0
1525,2,Grande,500
1526,5,ICE,0
1526,3,Venti,1000
1526,12,덜 달게,0
1526,10,휘핑크림 추가,500
1527,4,HOT,0
1527,2,Grande,500
1528,4,HOT,0
1528,2,Grande,500
1528,6,샷 추가 (+1),500
1529,5,ICE,0
1529,2,Grande,500
1530,4,HOT,0
1530,2,Grande,500
1530,12,덜 달게,0
1530,6,샷 추가 (+1),500
1530,8,헤이즐넛 시럽,300
1531,5,ICE,0
1531,2,Grande,500
1532,4,HOT,0
1532,1,Tall,0
1532,6,샷 추가 (+1),500
1533,5,ICE,0
1533,1,Tall,0
1534,5,ICE,0
1534,1,Tall,0
1534,6,샷 추가 (+1),500
1535,4,HOT,0
1535,1,Tall,0
1535,11,기본,0
1536,4,HOT,0
1536,3,Venti,1000
1536,11,기본,0
1537,4,HOT,0
1537,1,Tall,0
1537,12,덜 달게,0
1538,4,HOT,0
1538,1,Tall,0
1538,11,기본,0
1539,5,ICE,0
1539,2,Grande,500
1539,11,기본,0
1539,6,샷 추가 (+1),500
1540,5,ICE,0
1540,2,Grande,500
1541,4,HOT,0
1541,1,Tall,0
1541,13,더 달게,0
1542,4,HOT,0
1542,2,Grande,500
1542,12,덜 달게,0
1542,7,바닐라 시럽,300
1543,5,ICE,0
1543,2,Grande,500
1543,11,기본,0
1544,4,HOT,0
1544,3,Venti,1000
1544,12,덜 달게,0
1544,6,샷 추가 (+1),500
1545,5,ICE,0
1545,3,Venti,1000
1546,4,HOT,0
1546,2,Grande,500
1546,6,샷 추가 (+1),500
1547,4,HOT,0
1547,1,Tall,0
1547,13,더 달게,0
1548,5,ICE,0
1548,1,Tall,0
1548,6,샷 추가 (+1),500
1549,4,HOT,0
1549,2,Grande,500
1549,6,샷 추가 (+1),500
1550,4,HOT,0
1550,1,Tall,0
1550,11,기본,0
1551,5,ICE,0
1551,2,Grande,500
1551,6,샷 추가 (+1),500
1552,4,HOT,0
1552,2,Grande,500
1553,4,HOT,0
1553,1,Tall,0
1553,6,샷 추가 (+1),500
1554,5,ICE,0
1554,2,Grande,500
1554,6,샷 추가 (+1),500
1555,5,ICE,0
1555,3,Venti,1000
1555,8,헤이즐넛 시럽,300
1555,10,휘핑크림 추가,500
1556,5,ICE,0
1556,2,Grande,500
1556,11,기본,0
1556,8,헤이즐넛 시럽,300
1556,10,휘핑크림 추가,500
1557,4,HOT,0
1557,2,Grande,500
1557,6,샷 추가 (+1),500
1558,4,HOT,0
1558,1,Tall,0
1558,11,기본,0
1559,5,ICE,0
1559,2,Grande,500
1559,11,기본,0
1560,4,HOT,0
1560,3,Venti,1000
1560,11,기본,0
1560,7,바닐라 시럽,300
1561,4,HOT,0
1561,2,Grande,500
1561,12,덜 달게,0
1562,4,HOT,0
1562,1,Tall,0
1562,13,더 달게,0
1562,10,휘핑크림 추가,500
1563,5,ICE,0
1563,2,Grande,500
1563,8,헤이즐넛 시럽,300
1564,5,ICE,0
1564,2,Grande,500
1564,13,더 달게,0
1564,6,샷 추가 (+1),500
1565,5,ICE,0
1565,2,Grande,500
1565,11,기본,0
1565,7,바닐라 시럽,300
1566,4,HOT,0
1566,3,Venti,1000
1566,11,기본,0
1566,8,헤이즐넛 시럽,300
1567,4,HOT,0
1567,1,Tall,0
1567,8,헤이즐넛 시럽,300
1568,5,ICE,0
1568,2,Grande,500
1568,11,기본,0
1568,6,샷 추가 (+1),500
1568,8,헤이즐넛 시럽,300
1569,4,HOT,0
1569,3,Venti,1000
1569,8,헤이즐넛 시럽,300
1570,4,HOT,0
1570,1,Tall,0
1570,11,기본,0
1571,4,HOT,0
1571,1,Tall,0
1571,6,샷 추가 (+1),500
1572,5,ICE,0
1572,1,Tall,0
1573,4,HOT,0
1573,2,Grande,500
1573,13,더 달게,0
1574,4,HOT,0
1574,2,Grande,500
1575,4,HOT,0
1575,1,Tall,0
1575,12,덜 달게,0
1575,6,샷 추가 (+1),500
1576,4,HOT,0
1576,2,Grande,500
1576,11,기본,0
1577,5,ICE,0
1577,1,Tall,0
1577,11,기본,0
1577,6,샷 추가 (+1),500
1577,10,휘핑크림 추가,500
1578,4,HOT,0
1578,2,Grande,500
1578,13,더 달게,0
1578,6,샷 추가 (+1),500
1578,9,카라멜 시럽,300
1579,5,ICE,0
1579,1,Tall,0
1579,7,바닐라 시럽,300
1580,4,HOT,0
1580,1,Tall,0
1580,13,더 달게,0
1581,4,HOT,0
1581,1,Tall,0
1582,4,HOT,0
1582,1,Tall,0
1583,4,HOT,0
1583,1,Tall,0
1583,13,더 달게,0
1583,6,샷 추가 (+1),500
1584,5,ICE,0
1584,2,Grande,500
1585,5,ICE,0
1585,2,Grande,500
1586,4,HOT,0
1586,1,Tall,0
1586,8,헤이즐넛 시럽,300
1587,4,HOT,0
1587,2,Grande,500
1588,4,HOT,0
1588,3,Venti,1000
1588,11,기본,0
1588,6,샷 추가 (+1),500
1589,5,ICE,0
1589,3,Venti,1000
1589,13,더 달게,0
1589,6,샷 추가 (+1),500
1590,4,HOT,0
1590,3,Venti,1000
1590,12,덜 달게,0
1591,5,ICE,0
1591,3,Venti,1000
1591,11,기본,0
1591,7,바닐라 시럽,300
1592,5,ICE,0
1592,3,Venti,1000
1592,10,휘핑크림 추가,500
1593,4,HOT,0
1593,3,Venti,1000
1593,12,덜 달게,0
1594,4,HOT,0
1594,1,Tall,0
1594,7,바닐라 시럽,300
1595,4,HOT,0
1595,2,Grande,500
1595,11,기본,0
1596,4,HOT,0
1596,1,Tall,0
1597,5,ICE,0
1597,1,Tall,0
1597,12,덜 달게,0
1597,6,샷 추가 (+1),500
1598,4,HOT,0
1598,2,Grande,500
1598,9,카라멜 시럽,300
1599,5,ICE,0
1599,3,Venti,1000
1600,4,HOT,0
1600,1,Tall,0
1600,13,더 달게,0
1600,9,카라멜 시럽,300
1601,5,ICE,0
1601,3,Venti,1000
1601,13,더 달게,0
1602,5,ICE,0
1602,2,Grande,500
1602,11,기본,0
1603,4,HOT,0
1603,1,Tall,0
1603,11,기본,0
1603,6,샷 추가 (+1),500
1603,8,헤이즐넛 시럽,300
1604,4,HOT,0
1604,2,Grande,500
1604,11,기본,0
1604,6,샷 추가 (+1),500
1605,4,HOT,0
1605,1,Tall,0
1605,13,더 달게,0
1605,9,카라멜 시럽,300
1606,4,HOT,0
1606,1,Tall,0
1606,12,덜 달게,0
1607,5,ICE,0
1607,3,Venti,1000
1607,11,기본,0
1607,6,샷 추가 (+1),500
1608,5,ICE,0
1608,3,Venti,1000
1609,4,HOT,0
1609,3,Venti,1000
1609,6,샷 추가 (+1),500
1610,5,ICE,0
1610,2,Grande,500
1610,6,샷 추가 (+1),500
1611,4,HOT,0
1611,2,Grande,500
1611,6,샷 추가 (+1),500
1611,9,카라멜 시럽,300
1612,4,HOT,0
1612,2,Grande,500
1612,6,샷 추가 (+1),500
1613,5,ICE,0
1613,3,Venti,1000
1613,8,헤이즐넛 시럽,300
1614,5,ICE,0
1614,3,Venti,1000
1614,13,더 달게,0
1615,4,HOT,0
1615,2,Grande,500
1615,6,샷 추가 (+1),500
1616,4,HOT,0
1616,2,Grande,500
1617,5,ICE,0
1617,1,Tall,0
1617,11,기본,0
1618,5,ICE,0
1618,2,Grande,500
1619,4,HOT,0
1619,3,Venti,1000
1619,11,기본,0
1620,4,HOT,0
1620,1,Tall,0
1620,8,헤이즐넛 시럽,300
1620,10,휘핑크림 추가,500
1621,5,ICE,0
1621,3,Venti,1000
1622,4,HOT,0
1622,2,Grande,500
1622,11,기본,0
1622,6,샷 추가 (+1),500
1623,4,HOT,0
1623,3,Venti,1000
1624,5,ICE,0
1624,3,Venti,1000
1624,6,샷 추가 (+1),500
1624,8,헤이즐넛 시럽,300
1625,4,HOT,0
1625,2,Grande,500
1625,8,헤이즐넛 시럽,300
1626,4,HOT,0
1626,1,Tall,0
1626,11,기본,0
1627,5,ICE,0
1627,1,Tall,0
1627,11,기본,0
1628,4,HOT,0
1628,2,Grande,500
1628,13,더 달게,0
1628,6,샷 추가 (+1),500
1629,5,ICE,0
1629,2,Grande,500
1629,13,더 달게,0
1630,4,HOT,0
1630,2,Grande,500
1630,11,기본,0
1631,5,ICE,0
1631,1,Tall,0
1631,11,기본,0
1632,4,HOT,0
1632,3,Venti,1000
1633,4,HOT,0
1633,2,Grande,500
1633,11,기본,0
1633,6,샷 추가 (+1),500
1634,4,HOT,0
1634,1,Tall,0
1634,11,기본,0
1634,6,샷 추가 (+1),500
1635,4,HOT,0
1635,1,Tall,0
1635,12,덜 달게,0
1636,4,HOT,0
1636,1,Tall,0
1636,12,덜 달게,0
1636,10,휘핑크림 추가,500
1637,5,ICE,0
1637,2,Grande,500
1637,12,덜 달게,0
1638,4,HOT,0
1638,1,Tall,0
1638,13,더 달게,0
1638,6,샷 추가 (+1),500
1639,4,HOT,0
1639,1,Tall,0
1640,4,HOT,0
1640,2,Grande,500
1641,4,HOT,0
1641,1,Tall,0
1641,9,카라멜 시럽,300
1642,4,HOT,0
1642,1,Tall,0
1642,12,덜 달게,0
1642,6,샷 추가 (+1),500
1642,10,휘핑크림 추가,500
1643,5,ICE,0
1643,2,Grande,500
1644,4,HOT,0
1644,3,Venti,1000
1644,6,샷 추가 (+1),500
1645,4,HOT,0
1645,1,Tall,0
1645,9,카라멜 시럽,300
1646,4,HOT,0
1646,2,Grande,500
1646,11,기본,0
1646,6,샷 추가 (+1),500
1647,4,HOT,0
1647,1,Tall,0
1648,5,ICE,0
1648,2,Grande,500
1648,13,더 달게,0
1649,5,ICE,0
1649,1,Tall,0
1649,12,덜 달게,0
1650,4,HOT,0
1650,2,Grande,500
1650,13,더 달게,0
1651,4,HOT,0
1651,1,Tall,0
1651,6,샷 추가 (+1),500
1652,4,HOT,0
1652,2,Grande,500
1652,6,샷 추가 (+1),500
1653,5,ICE,0
1653,2,Grande,500
1653,6,샷 추가 (+1),500
1654,5,ICE,0
1654,1,Tall,0
1654,6,샷 추가 (+1),500
1655,4,HOT,0
1655,2,Grande,500
1655,7,바닐라 시럽,300
1656,4,HOT,0
1656,1,Tall,0
1657,4,HOT,0
1657,2,Grande,500
1657,11,기본,0
1658,4,HOT,0
1658,3,Venti,1000
1658,11,기본,0
1659,5,ICE,0
1659,1,Tall,0
1659,12,덜 달게,0
1660,5,ICE,0
1660,2,Grande,500
1661,5,ICE,0
1661,3,Venti,1000
1662,4,HOT,0
1662,3,Venti,1000
1662,12,덜 달게,0
1663,5,ICE,0
1663,1,Tall,0
1663,13,더 달게,0
1663,6,샷 추가 (+1),500
1664,4,HOT,0
1664,2,Grande,500
1664,6,샷 추가 (+1),500
1664,10,휘핑크림 추가,500
1665,4,HOT,0
1665,1,Tall,0
1665,11,기본,0
1666,4,HOT,0
1666,2,Grande,500
1666,13,더 달게,0
1667,5,ICE,0
1667,1,Tall,0
1668,4,HOT,0
1668,2,Grande,500
1668,12,덜 달게,0
1669,4,HOT,0
1669,3,Venti,1000
1669,7,바닐라 시럽,300
1670,4,HOT,0
1670,2,Grande,500
1670,6,샷 추가 (+1),500
1671,4,HOT,0
1671,3,Venti,1000
1671,10,휘핑크림 추가,500
1672,5,ICE,0
1672,3,Venti,1000
1672,6,샷 추가 (+1),500
1673,4,HOT,0
1673,2,Grande,500
1673,8,헤이즐넛 시럽,300
1674,5,ICE,0
1674,1,Tall,0
1674,12,덜 달게,0
1675,4,HOT,0
1675,1,Tall,0
1676,5,ICE,0
1676,2,Grande,500
1677,5,ICE,0
1677,1,Tall,0
1677,6,샷 추가 (+1),500
1678,5,ICE,0
1678,2,Grande,500
1678,6,샷 추가 (+1),500
1679,5,ICE,0
1679,1,Tall,0
1680,5,ICE,0
1680,3,Venti,1000
1680,12,덜 달게,0
1680,6,샷 추가 (+1),500
1681,5,ICE,0
1681,1,Tall,0
1681,11,기본,0
1681,6,샷 추가 (+1),500
1682,4,HOT,0
1682,1,Tall,0
1682,11,기본,0
1682,6,샷 추가 (+1),500
1683,4,HOT,0
1683,2,Grande,500
1683,12,덜 달게,0
1684,4,HOT,0
1684,2,Grande,500
1684,6,샷 추가 (+1),500
1685,5,ICE,0
1685,1,Tall,0
1685,12,덜 달게,0
1686,5,ICE,0
1686,2,Grande,500
1686,12,덜 달게,0
1686,6,샷 추가 (+1),500
1687,4,HOT,0
1687,1,Tall,0
1687,11,기본,0
1688,4,HOT,0
1688,1,Tall,0
1688,12,덜 달게,0
1689,4,HOT,0
1689,2,Grande,500
1689,11,기본,0
1690,4,HOT,0
1690,3,Venti,1000
1690,13,더 달게,0
1690,6,샷 추가 (+1),500
1690,7,바닐라 시럽,300
1691,4,HOT,0
1691,2,Grande,500
1692,5,ICE,0
1692,1,Tall,0
1692,11,기본,0
1692,6,샷 추가 (+1),500
1693,4,HOT,0
1693,1,Tall,0
1693,13,더 달게,0
1693,6,샷 추가 (+1),500
1694,5,ICE,0
1694,2,Grande,500
1694,12,덜 달게,0
1694,9,카라멜 시럽,300
1695,4,HOT,0
1695,2,Grande,500
1696,4,HOT,0
1696,2,Grande,500
1696,11,기본,0
1696,8,헤이즐넛 시럽,300
1697,4,HOT,0
1697,2,Grande,500
1697,6,샷 추가 (+1),500
1698,5,ICE,0
1698,2,Grande,500
1698,11,기본,0
1699,5,ICE,0
1699,3,Venti,1000
1699,12,덜 달게,0
1700,4,HOT,0
1700,2,Grande,500
1700,6,샷 추가 (+1),500
1700,8,헤이즐넛 시럽,300
1701,5,ICE,0
1701,2,Grande,500
1702,5,ICE,0
1702,2,Grande,500
1702,11,기본,0
1703,4,HOT,0
1703,1,Tall,0
1703,6,샷 추가 (+1),500
1704,5,ICE,0
1704,2,Grande,500
1704,6,샷 추가 (+1),500
1704,10,휘핑크림 추가,500
1705,5,ICE,0
1705,1,Tall,0
1705,12,덜 달게,0
1705,6,샷 추가 (+1),500
1705,10,휘핑크림 추가,500
1706,4,HOT,0
1706,2,Grande,500
1706,11,기본,0
1706,8,헤이즐넛 시럽,300
1707,4,HOT,0
1707,2,Grande,500
1707,12,덜 달게,0
1708,4,HOT,0
1708,3,Venti,1000
1709,5,ICE,0
1709,3,Venti,1000
1709,9,카라멜 시럽,300
1710,4,HOT,0
1710,1,Tall,0
1710,13,더 달게,0
1711,5,ICE,0
1711,3,Venti,1000
1711,11,기본,0
1711,6,샷 추가 (+1),500
1712,4,HOT,0
1712,2,Grande,500
1712,12,덜 달게,0
1712,6,샷 추가 (+1),500
1713,4,HOT,0
1713,3,Venti,1000
1713,6,샷 추가 (+1),500
1714,4,HOT,0
1714,3,Venti,1000
1715,4,HOT,0
1715,1,Tall,0
1716,5,ICE,0
1716,1,Tall,0
1716,6,샷 추가 (+1),500
1716,8,헤이즐넛 시럽,300
1717,4,HOT,0
1717,3,Venti,1000
1717,11,기본,0
1717,6,샷 추가 (+1),500
1718,4,HOT,0
1718,1,Tall,0
1718,11,기본,0
1719,5,ICE,0
1719,3,Venti,1000
1719,12,덜 달게,0
1720,5,ICE,0
1720,1,Tall,0
1720,11,기본,0
1721,5,ICE,0
1721,1,Tall,0
1721,13,더 달게,0
1722,4,HOT,0
1722,1,Tall,0
1722,12,덜 달게,0
1723,4,HOT,0
1723,1,Tall,0
1723,11,기본,0
1723,9,카라멜 시럽,300
1724,5,ICE,0
1724,3,Venti,1000
1724,13,더 달게,0
1725,5,ICE,0
1725,2,Grande,500
1726,4,HOT,0
1726,3,Venti,1000
1726,12,덜 달게,0
1727,5,ICE,0
1727,2,Grande,500
1727,11,기본,0
1727,7,바닐라 시럽,300
1728,4,HOT,0
1728,1,Tall,0
1728,13,더 달게,0
1728,10,휘핑크림 추가,500
1729,4,HOT,0
1729,3,Venti,1000
1729,11,기본,0
1730,5,ICE,0
1730,2,Grande,500
1731,4,HOT,0
1731,3,Venti,1000
1731,6,샷 추가 (+1),500
1731,10,휘핑크림 추가,500
1732,4,HOT,0
1732,3,Venti,1000
1732,13,더 달게,0
1732,6,샷 추가 (+1),500
1733,5,ICE,0
1733,2,Grande,500
1734,4,HOT,0
1734,2,Grande,500
1734,13,더 달게,0
1734,9,카라멜 시럽,300
1735,4,HOT,0
1735,2,Grande,500
1735,13,더 달게,0
1735,6,샷 추가 (+1),500
1736,4,HOT,0
1736,2,Grande,500
1736,12,덜 달게,0
1736,8,헤이즐넛 시럽,300
1737,4,HOT,0
1737,1,Tall,0
1737,11,기본,0
1737,6,샷 추가 (+1),500
1738,5,ICE,0
1738,1,Tall,0
1739,5,ICE,0
1739,1,Tall,0
1740,4,HOT,0
1740,3,Venti,1000
1740,11,기본,0
1741,4,HOT,0
1741,1,Tall,0
1741,12,덜 달게,0
1742,5,ICE,0
1742,3,Venti,1000
1742,6,샷 추가 (+1),500
1743,4,HOT,0
1743,3,Venti,1000
1744,4,HOT,0
1744,2,Grande,500
1744,6,샷 추가 (+1),500
1745,4,HOT,0
1745,1,Tall,0
1745,11,기본,0
1745,8,헤이즐넛 시럽,300
1746,4,HOT,0
1746,2,Grande,500
1746,11,기본,0
1747,4,HOT,0
1747,3,Venti,1000
1747,12,덜 달게,0
1747,7,바닐라 시럽,300
1748,4,HOT,0
1748,3,Venti,1000
1749,4,HOT,0
1749,3,Venti,1000
1749,12,덜 달게,0
1749,7,바닐라 시럽,300
1750,5,ICE,0
1750,3,Venti,1000
1750,6,샷 추가 (+1),500
1751,4,HOT,0
1751,2,Grande,500
1751,9,카라멜 시럽,300
1752,4,HOT,0
1752,2,Grande,500
1753,4,HOT,0
1753,1,Tall,0
1753,11,기본,0
1753,6,샷 추가 (+1),500
1753,9,카라멜 시럽,300
1754,4,HOT,0
1754,2,Grande,500
1754,6,샷 추가 (+1),500
1755,4,HOT,0
1755,1,Tall,0
1755,11,기본,0
1756,4,HOT,0
1756,1,Tall,0
1756,9,카라멜 시럽,300
1757,4,HOT,0
1757,3,Venti,1000
1757,11,기본,0
1757,6,샷 추가 (+1),500
1758,4,HOT,0
1758,1,Tall,0
1759,5,ICE,0
1759,3,Venti,1000
1760,4,HOT,0
1760,1,Tall,0
1760,13,더 달게,0
1760,7,바닐라 시럽,300
1761,4,HOT,0
1761,2,Grande,500
1762,5,ICE,0
1762,1,Tall,0
1762,13,더 달게,0
1762,6,샷 추가 (+1),500
1763,5,ICE,0
1763,1,Tall,0
1763,11,기본,0
1763,7,바닐라 시럽,300
1764,5,ICE,0
1764,3,Venti,1000
1764,11,기본,0
1765,4,HOT,0
1765,2,Grande,500
1766,4,HOT,0
1766,2,Grande,500
1766,6,샷 추가 (+1),500
1767,4,HOT,0
1767,3,Venti,1000
1767,8,헤이즐넛 시럽,300
1768,4,HOT,0
1768,1,Tall,0
1768,13,더 달게,0
1768,6,샷 추가 (+1),500
1769,4,HOT,0
1769,3,Venti,1000
1769,11,기본,0
1769,8,헤이즐넛 시럽,300
1770,5,ICE,0
1770,1,Tall,0
1770,10,휘핑크림 추가,500
1771,4,HOT,0
1771,1,Tall,0
1771,13,더 달게,0
1771,7,바닐라 시럽,300
1772,4,HOT,0
1772,1,Tall,0
1772,11,기본,0
1772,6,샷 추가 (+1),500
1773,5,ICE,0
1773,1,Tall,0
1773,12,덜 달게,0
1774,4,HOT,0
1774,1,Tall,0
1775,4,HOT,0
1775,1,Tall,0
1775,12,덜 달게,0
1776,5,ICE,0
1776,1,Tall,0
1776,11,기본,0
1776,6,샷 추가 (+1),500
1777,5,ICE,0
1777,2,Grande,500
1777,12,덜 달게,0
1777,7,바닐라 시럽,300
1778,4,HOT,0
1778,1,Tall,0
1778,13,더 달게,0
1779,4,HOT,0
1779,2,Grande,500
1779,6,샷 추가 (+1),500
1780,5,ICE,0
1780,3,Venti,1000
1780,13,더 달게,0
1780,7,바닐라 시럽,300
1781,4,HOT,0
1781,2,Grande,500
1781,11,기본,0
1781,6,샷 추가 (+1),500
1782,5,ICE,0
1782,1,Tall,0
1782,13,더 달게,0
1782,6,샷 추가 (+1),500
1782,7,바닐라 시럽,300
1782,10,휘핑크림 추가,500
1783,5,ICE,0
1783,2,Grande,500
1784,4,HOT,0
1784,3,Venti,1000
1784,11,기본,0
1784,9,카라멜 시럽,300
1785,4,HOT,0
1785,2,Grande,500
1786,4,HOT,0
1786,1,Tall,0
1786,11,기본,0
1787,4,HOT,0
1787,1,Tall,0
1787,6,샷 추가 (+1),500
1788,4,HOT,0
1788,1,Tall,0
1789,5,ICE,0
1789,3,Venti,1000
1790,5,ICE,0
1790,2,Grande,500
1791,4,HOT,0
1791,2,Grande,500
1791,12,덜 달게,0
1791,9,카라멜 시럽,300
1792,5,ICE,0
1792,2,Grande,500
1792,6,샷 추가 (+1),500
1792,10,휘핑크림 추가,500
1793,4,HOT,0
1793,1,Tall,0
1793,11,기본,0
1793,6,샷 추가 (+1),500
1794,5,ICE,0
1794,2,Grande,500
1794,12,덜 달게,0
1795,4,HOT,0
1795,2,Grande,500
1795,13,더 달게,0
1795,6,샷 추가 (+1),500
1795,10,휘핑크림 추가,500
1796,4,HOT,0
1796,3,Venti,1000
1796,13,더 달게,0
1796,6,샷 추가 (+1),500
1797,5,ICE,0
1797,1,Tall,0
1797,13,더 달게,0
1797,6,샷 추가 (+1),500
1797,9,카라멜 시럽,300
1797,10,휘핑크림 추가,500
1798,4,HOT,0
1798,1,Tall,0
1798,11,기본,0
1799,5,ICE,0
1799,3,Venti,1000
1799,6,샷 추가 (+1),500
1800,4,HOT,0
1800,2,Grande,500
1801,5,ICE,0
1801,3,Venti,1000
1801,11,기본,0
1801,6,샷 추가 (+1),500
1801,8,헤이즐넛 시럽,300
1802,4,HOT,0
1802,1,Tall,0
1802,12,덜 달게,0
1803,4,HOT,0
1803,2,Grande,500
1803,7,바닐라 시럽,300
1804,5,ICE,0
1804,1,Tall,0
1804,11,기본,0
1805,4,HOT,0
1805,3,Venti,1000
1805,13,더 달게,0
1806,5,ICE,0
1806,2,Grande,500
1807,4,HOT,0
1807,1,Tall,0
1808,4,HOT,0
1808,3,Venti,1000
1808,12,덜 달게,0
1808,6,샷 추가 (+1),500
1809,4,HOT,0
1809,2,Grande,500
1809,6,샷 추가 (+1),500
1810,5,ICE,0
1810,3,Venti,1000
1811,4,HOT,0
1811,3,Venti,1000
1811,6,샷 추가 (+1),500
1812,5,ICE,0
1812,1,Tall,0
1813,5,ICE,0
1813,3,Venti,1000
1813,11,기본,0
1814,4,HOT,0
1814,2,Grande,500
1814,10,휘핑크림 추가,500
1815,5,ICE,0
1815,1,Tall,0
1815,6,샷 추가 (+1),500
1815,10,휘핑크림 추가,500
1816,4,HOT,0
1816,2,Grande,500
1816,12,덜 달게,0
1817,4,HOT,0
1817,2,Grande,500
1817,12,덜 달게,0
1818,5,ICE,0
1818,2,Grande,500
1818,6,샷 추가 (+1),500
1818,8,헤이즐넛 시럽,300
1819,5,ICE,0
1819,3,Venti,1000
1820,5,ICE,0
1820,2,Grande,500
1820,12,덜 달게,0
1821,4,HOT,0
1821,3,Venti,1000
1821,6,샷 추가 (+1),500
1822,4,HOT,0
1822,1,Tall,0
1822,11,기본,0
1822,6,샷 추가 (+1),500
1823,5,ICE,0
1823,2,Grande,500
1823,11,기본,0
1823,10,휘핑크림 추가,500
1824,4,HOT,0
1824,3,Venti,1000
1825,4,HOT,0
1825,3,Venti,1000
1825,12,덜 달게,0
1825,10,휘핑크림 추가,500
1826,5,ICE,0
1826,1,Tall,0
1827,4,HOT,0
1827,1,Tall,0
1827,11,기본,0
1828,4,HOT,0
1828,2,Grande,500
1829,4,HOT,0
1829,1,Tall,0
1829,11,기본,0
1830,5,ICE,0
1830,2,Grande,500
1830,12,덜 달게,0
1830,6,샷 추가 (+1),500
1830,7,바닐라 시럽,300
1831,4,HOT,0
1831,1,Tall,0
1832,5,ICE,0
1832,3,Venti,1000
1833,4,HOT,0
1833,1,Tall,0
1834,5,ICE,0
1834,3,Venti,1000
1834,13,더 달게,0
1834,6,샷 추가 (+1),500
1835,4,HOT,0
1835,1,Tall,0
1835,11,기본,0
1836,5,ICE,0
1836,1,Tall,0
1836,12,덜 달게,0
1836,6,샷 추가 (+1),500
1836,9,카라멜 시럽,300
1836,10,휘핑크림 추가,500
1837,5,ICE,0
1837,3,Venti,1000
1837,6,샷 추가 (+1),500
1838,4,HOT,0
1838,1,Tall,0
1838,13,더 달게,0
1838,8,헤이즐넛 시럽,300
1839,4,HOT,0
1839,1,Tall,0
1839,11,기본,0
1840,5,ICE,0
1840,2,Grande,500
1840,11,기본,0
1841,4,HOT,0
1841,2,Grande,500
1841,11,기본,0
1841,10,휘핑크림 추가,500
1842,5,ICE,0
1842,1,Tall,0
1843,4,HOT,0
1843,3,Venti,1000
1844,4,HOT,0
1844,2,Grande,500
1845,5,ICE,0
1845,1,Tall,0
1846,4,HOT,0
1846,1,Tall,0
1846,13,더 달게,0
1846,6,샷 추가 (+1),500
1847,5,ICE,0
1847,1,Tall,0
1847,11,기본,0
1847,8,헤이즐넛 시럽,300
1848,5,ICE,0
1848,1,Tall,0
1848,7,바닐라 시럽,300
1849,5,ICE,0
1849,3,Venti,1000
1849,12,덜 달게,0
1849,6,샷 추가 (+1),500
1850,5,ICE,0
1850,2,Grande,500
1850,13,더 달게,0
1851,4,HOT,0
1851,1,Tall,0
1851,13,더 달게,0
1851,8,헤이즐넛 시럽,300
1852,4,HOT,0
1852,3,Venti,1000
1852,12,덜 달게,0
1853,4,HOT,0
1853,2,Grande,500
1854,4,HOT,0
1854,3,Venti,1000
1854,6,샷 추가 (+1),500
1855,4,HOT,0
1855,2,Grande,500
1855,13,더 달게,0
1855,10,휘핑크림 추가,500
1856,5,ICE,0
1856,2,Grande,500
1856,12,덜 달게,0
1856,6,샷 추가 (+1),500
1857,4,HOT,0
1857,2,Grande,500
1857,11,기본,0
1857,8,헤이즐넛 시럽,300
1858,5,ICE,0
1858,1,Tall,0
1858,12,덜 달게,0
1858,6,샷 추가 (+1),500
1859,4,HOT,0
1859,1,Tall,0
1860,5,ICE,0
1860,3,Venti,1000
1860,10,휘핑크림 추가,500
1861,5,ICE,0
1861,3,Venti,1000
1862,4,HOT,0
1862,3,Venti,1000
1862,11,기본,0
1862,6,샷 추가 (+1),500
1863,5,ICE,0
1863,2,Grande,500
1863,6,샷 추가 (+1),500
1864,4,HOT,0
1864,1,Tall,0
1864,11,기본,0
1865,4,HOT,0
1865,1,Tall,0
1865,11,기본,0
1866,5,ICE,0
1866,1,Tall,0
1866,6,샷 추가 (+1),500
1867,5,ICE,0
1867,1,Tall,0
1867,9,카라멜 시럽,300
1868,4,HOT,0
1868,1,Tall,0
1869,4,HOT,0
1869,1,Tall,0
1869,12,덜 달게,0
1870,4,HOT,0
1870,2,Grande,500
1870,6,샷 추가 (+1),500
1871,4,HOT,0
1871,1,Tall,0
1872,5,ICE,0
1872,2,Grande,500
1873,5,ICE,0
1873,2,Grande,500
1873,9,카라멜 시럽,300
1874,4,HOT,0
1874,3,Venti,1000
1874,6,샷 추가 (+1),500
1875,4,HOT,0
1875,2,Grande,500
1875,13,더 달게,0
1875,7,바닐라 시럽,300
1876,4,HOT,0
1876,2,Grande,500
1876,13,더 달게,0
1876,6,샷 추가 (+1),500
1877,4,HOT,0
1877,3,Venti,1000
1878,4,HOT,0
1878,3,Venti,1000
1878,9,카라멜 시럽,300
1879,5,ICE,0
1879,1,Tall,0
1879,11,기본,0
1879,6,샷 추가 (+1),500
1880,4,HOT,0
1880,2,Grande,500
1880,11,기본,0
1881,4,HOT,0
1881,2,Grande,500
1881,13,더 달게,0
1882,4,HOT,0
1882,2,Grande,500
1883,4,HOT,0
1883,1,Tall,0
1883,11,기본,0
1883,8,헤이즐넛 시럽,300
1884,5,ICE,0
1884,1,Tall,0
1885,4,HOT,0
1885,1,Tall,0
1885,11,기본,0
1886,5,ICE,0
1886,2,Grande,500
1886,12,덜 달게,0
1887,4,HOT,0
1887,1,Tall,0
1887,12,덜 달게,0
1887,9,카라멜 시럽,300
1888,4,HOT,0
1888,2,Grande,500
1888,11,기본,0
1889,4,HOT,0
1889,2,Grande,500
1889,13,더 달게,0
1889,6,샷 추가 (+1),500
1890,5,ICE,0
1890,2,Grande,500
1891,4,HOT,0
1891,2,Grande,500
1892,5,ICE,0
1892,1,Tall,0
1893,4,HOT,0
1893,1,Tall,0
1893,13,더 달게,0
1893,8,헤이즐넛 시럽,300
1894,5,ICE,0
1894,2,Grande,500
1894,11,기본,0
1894,6,샷 추가 (+1),500
1895,4,HOT,0
1895,1,Tall,0
1895,13,더 달게,0
1896,4,HOT,0
1896,2,Grande,500
1896,11,기본,0
1896,6,샷 추가 (+1),500
1897,5,ICE,0
1897,2,Grande,500
1897,6,샷 추가 (+1),500
1898,4,HOT,0
1898,2,Grande,500
1898,12,덜 달게,0
1899,4,HOT,0
1899,1,Tall,0
1900,4,HOT,0
1900,2,Grande,500
1900,11,기본,0
1900,6,샷 추가 (+1),500
1900,7,바닐라 시럽,300
1901,4,HOT,0
1901,1,Tall,0
1901,12,덜 달게,0
1902,5,ICE,0
1902,2,Grande,500
1902,11,기본,0
1902,9,카라멜 시럽,300
1903,5,ICE,0
1903,2,Grande,500
1903,13,더 달게,0
1903,6,샷 추가 (+1),500
1904,5,ICE,0
1904,1,Tall,0
1904,11,기본,0
1905,5,ICE,0
1905,2,Grande,500
1905,10,휘핑크림 추가,500
1906,4,HOT,0
1906,1,Tall,0
1906,13,더 달게,0
1907,5,ICE,0
1907,2,Grande,500
1907,12,덜 달게,0
1908,4,HOT,0
1908,3,Venti,1000
1909,4,HOT,0
1909,2,Grande,500
1910,4,HOT,0
1910,1,Tall,0
1910,11,기본,0
1911,4,HOT,0
1911,3,Venti,1000
1911,12,덜 달게,0
1912,4,HOT,0
1912,1,Tall,0
1912,6,샷 추가 (+1),500
1913,5,ICE,0
1913,1,Tall,0
1913,13,더 달게,0
1913,8,헤이즐넛 시럽,300
1914,4,HOT,0
1914,2,Grande,500
1914,11,기본,0
1915,5,ICE,0
1915,1,Tall,0
1915,11,기본,0
1916,4,HOT,0
1916,1,Tall,0
1916,13,더 달게,0
1917,4,HOT,0
1917,1,Tall,0
1917,13,더 달게,0
1917,10,휘핑크림 추가,500
1918,5,ICE,0
1918,3,Venti,1000
1919,4,HOT,0
1919,2,Grande,500
1919,11,기본,0
1919,7,바닐라 시럽,300
1920,5,ICE,0
1920,1,Tall,0
1921,5,ICE,0
1921,1,Tall,0
1921,11,기본,0
1921,8,헤이즐넛 시럽,300
1922,4,HOT,0
1922,2,Grande,500
1922,12,덜 달게,0
1922,6,샷 추가 (+1),500
1923,4,HOT,0
1923,3,Venti,1000
1923,6,샷 추가 (+1),500
1924,4,HOT,0
1924,3,Venti,1000
1924,10,휘핑크림 추가,500
1925,4,HOT,0
1925,3,Venti,1000
1925,6,샷 추가 (+1),500
1926,4,HOT,0
1926,2,Grande,500
1926,11,기본,0
1927,5,ICE,0
1927,1,Tall,0
1927,13,더 달게,0
1927,10,휘핑크림 추가,500
1928,4,HOT,0
1928,3,Venti,1000
1928,10,휘핑크림 추가,500
1929,5,ICE,0
1929,2,Grande,500
1929,11,기본,0
1929,7,바닐라 시럽,300
1930,4,HOT,0
1930,2,Grande,500
1930,13,더 달게,0
1930,6,샷 추가 (+1),500
1930,10,휘핑크림 추가,500
1931,5,ICE,0
1931,1,Tall,0
1932,5,ICE,0
1932,3,Venti,1000
1932,7,바닐라 시럽,300
1933,4,HOT,0
1933,1,Tall,0
1933,10,휘핑크림 추가,500
1934,4,HOT,0
1934,2,Grande,500
1934,10,휘핑크림 추가,500
1935,4,HOT,0
1935,2,Grande,500
1935,12,덜 달게,0
1935,6,샷 추가 (+1),500
1935,9,카라멜 시럽,300
1936,5,ICE,0
1936,3,Venti,1000
1936,13,더 달게,0
1937,5,ICE,0
1937,3,Venti,1000
1937,11,기본,0
1938,4,HOT,0
1938,1,Tall,0
1938,11,기본,0
1939,4,HOT,0
1939,3,Venti,1000
1939,11,기본,0
1939,6,샷 추가 (+1),500
1939,10,휘핑크림 추가,500
1940,4,HOT,0
1940,2,Grande,500
1940,11,기본,0
1941,4,HOT,0
1941,2,Grande,500
1941,11,기본,0
1942,5,ICE,0
1942,3,Venti,1000
1942,10,휘핑크림 추가,500
1943,4,HOT,0
1943,2,Grande,500
1943,11,기본,0
1944,4,HOT,0
1944,3,Venti,1000
1944,11,기본,0
1944,6,샷 추가 (+1),500
1945,5,ICE,0
1945,2,Grande,500
1945,11,기본,0
1946,5,ICE,0
1946,2,Grande,500
1946,9,카라멜 시럽,300
1947,4,HOT,0
1947,1,Tall,0
1947,6,샷 추가 (+1),500
1948,5,ICE,0
1948,1,Tall,0
1948,11,기본,0
1948,6,샷 추가 (+1),500
1949,5,ICE,0
1949,3,Venti,1000
1949,11,기본,0
1949,6,샷 추가 (+1),500
1950,4,HOT,0
1950,2,Grande,500
1950,11,기본,0
1951,4,HOT,0
1951,2,Grande,500
1951,7,바닐라 시럽,300
1951,10,휘핑크림 추가,500
1952,5,ICE,0
1952,1,Tall,0
1953,4,HOT,0
1953,3,Venti,1000
1953,11,기본,0
1954,4,HOT,0
1954,3,Venti,1000
1955,5,ICE,0
1955,3,Venti,1000
1955,13,더 달게,0
1955,8,헤이즐넛 시럽,300
1956,4,HOT,0
1956,2,Grande,500
1956,12,덜 달게,0
1957,4,HOT,0
1957,2,Grande,500
1957,11,기본,0
1957,6,샷 추가 (+1),500
1958,4,HOT,0
1958,3,Venti,1000
1958,11,기본,0
1958,6,샷 추가 (+1),500
1959,4,HOT,0
1959,2,Grande,500
1959,12,덜 달게,0
1959,8,헤이즐넛 시럽,300
1960,5,ICE,0
1960,3,Venti,1000
1960,7,바닐라 시럽,300
1960,10,휘핑크림 추가,500
1961,4,HOT,0
1961,2,Grande,500
1961,13,더 달게,0
1962,5,ICE,0
1962,1,Tall,0
1962,10,휘핑크림 추가,500
1963,5,ICE,0
1963,2,Grande,500
1964,5,ICE,0
1964,1,Tall,0
1965,4,HOT,0
1965,1,Tall,0
1965,11,기본,0
1966,5,ICE,0
1966,1,Tall,0
1966,6,샷 추가 (+1),500
1967,4,HOT,0
1967,1,Tall,0
1967,6,샷 추가 (+1),500
1968,5,ICE,0
1968,2,Grande,500
1968,11,기본,0
1968,6,샷 추가 (+1),500
1969,4,HOT,0
1969,3,Venti,1000
1970,5,ICE,0
1970,3,Venti,1000
1970,11,기본,0
1971,5,ICE,0
1971,1,Tall,0
1971,12,덜 달게,0
1972,4,HOT,0
1972,2,Grande,500
1972,13,더 달게,0
1972,10,휘핑크림 추가,500
1973,4,HOT,0
1973,1,Tall,0
1973,13,더 달게,0
1974,4,HOT,0
1974,1,Tall,0
1974,11,기본,0
1975,5,ICE,0
1975,2,Grande,500
1975,12,덜 달게,0
1976,4,HOT,0
1976,1,Tall,0
1976,6,샷 추가 (+1),500
1977,4,HOT,0
1977,1,Tall,0
1978,4,HOT,0
1978,2,Grande,500
1978,6,샷 추가 (+1),500
1979,4,HOT,0
1979,2,Grande,500
1979,12,덜 달게,0
1980,4,HOT,0
1980,2,Grande,500
1981,4,HOT,0
1981,3,Venti,1000
1982,5,ICE,0
1982,1,Tall,0
1982,11,기본,0
1982,6,샷 추가 (+1),500
1982,7,바닐라 시럽,300
1983,4,HOT,0
1983,1,Tall,0
1984,4,HOT,0
1984,2,Grande,500
1984,9,카라멜 시럽,300
1985,4,HOT,0
1985,1,Tall,0
1985,13,더 달게,0
1986,4,HOT,0
1986,1,Tall,0
1986,11,기본,0
1987,4,HOT,0
1987,1,Tall,0
1987,6,샷 추가 (+1),500
1988,4,HOT,0
1988,2,Grande,500
1988,11,기본,0
1989,4,HOT,0
1989,2,Grande,500
1989,12,덜 달게,0
1990,5,ICE,0
1990,3,Venti,1000
1990,6,샷 추가 (+1),500
1991,5,ICE,0
1991,2,Grande,500
1991,12,덜 달게,0
1992,5,ICE,0
1992,2,Grande,500
1993,5,ICE,0
1993,1,Tall,0
1994,4,HOT,0
1994,2,Grande,500
1994,12,덜 달게,0
1994,6,샷 추가 (+1),500
1995,4,HOT,0
1995,2,Grande,500
1996,4,HOT,0
1996,1,Tall,0
1996,13,더 달게,0
1996,6,샷 추가 (+1),500
1997,4,HOT,0
1997,2,Grande,500
1997,7,바닐라 시럽,300
1998,4,HOT,0
1998,3,Venti,1000
1998,11,기본,0
1998,6,샷 추가 (+1),500
1999,4,HOT,0
1999,1,Tall,0
1999,6,샷 추가 (+1),500
1999,10,휘핑크림 추가,500
2000,4,HOT,0
2000,2,Grande,500
2000,6,샷 추가 (+1),500
2000,9,카라멜 시럽,300
2001,4,HOT,0
2001,2,Grande,500
2002,4,HOT,0
2002,1,Tall,0
2002,11,기본,0
2003,5,ICE,0
2003,1,Tall,0
2003,11,기본,0
2004,4,HOT,0
2004,3,Venti,1000
2004,11,기본,0
2005,5,ICE,0
2005,1,Tall,0
2005,11,기본,0
2006,4,HOT,0
2006,3,Venti,1000
2006,6,샷 추가 (+1),500
2007,4,HOT,0
2007,1,Tall,0
2007,12,덜 달게,0
2007,6,샷 추가 (+1),500
2008,4,HOT,0
2008,2,Grande,500
2009,4,HOT,0
2009,3,Venti,1000
2009,12,덜 달게,0
2009,9,카라멜 시럽,300
2010,4,HOT,0
2010,1,Tall,0
2011,4,HOT,0
2011,3,Venti,1000
2011,11,기본,0
2011,6,샷 추가 (+1),500
2011,10,휘핑크림 추가,500
2012,5,ICE,0
2012,2,Grande,500
2012,12,덜 달게,0
2012,6,샷 추가 (+1),500
2012,7,바닐라 시럽,300
2013,4,HOT,0
2013,2,Grande,500
2013,11,기본,0
2013,6,샷 추가 (+1),500
2014,5,ICE,0
2014,3,Venti,1000
2014,12,덜 달게,0
2015,5,ICE,0
2015,3,Venti,1000
2015,13,더 달게,0
2016,4,HOT,0
2016,3,Venti,1000
2016,11,기본,0
2016,6,샷 추가 (+1),500
2017,5,ICE,0
2017,1,Tall,0
2017,12,덜 달게,0
2018,4,HOT,0
2018,2,Grande,500
2018,11,기본,0
2018,6,샷 추가 (+1),500
2018,7,바닐라 시럽,300
2019,4,HOT,0
2019,3,Venti,1000
2019,11,기본,0
2020,4,HOT,0
2020,3,Venti,1000
2020,13,더 달게,0
2021,4,HOT,0
2021,1,Tall,0
2021,7,바닐라 시럽,300
2022,5,ICE,0
2022,2,Grande,500
2022,13,더 달게,0
2023,4,HOT,0
2023,2,Grande,500
2024,5,ICE,0
2024,2,Grande,500
2024,11,기본,0
2024,10,휘핑크림 추가,500
2025,4,HOT,0
2025,1,Tall,0
2026,4,HOT,0
2026,2,Grande,500
2027,4,HOT,0
2027,1,Tall,0
2028,4,HOT,0
2028,2,Grande,500
2028,11,기본,0
2029,4,HOT,0
2029,2,Grande,500
2029,11,기본,0
2029,6,샷 추가 (+1),500
2030,4,HOT,0
2030,1,Tall,0
2030,11,기본,0
2030,6,샷 추가 (+1),500
2031,5,ICE,0
2031,2,Grande,500
2031,13,더 달게,0
2031,6,샷 추가 (+1),500
2031,9,카라멜 시럽,300
2032,5,ICE,0
2032,2,Grande,500
2032,12,덜 달게,0
2032,6,샷 추가 (+1),500
2032,10,휘핑크림 추가,500
2033,4,HOT,0
2033,3,Venti,1000
2033,12,덜 달게,0
2034,4,HOT,0
2034,1,Tall,0
2034,11,기본,0
2034,6,샷 추가 (+1),500
2035,4,HOT,0
2035,1,Tall,0
2035,11,기본,0
2036,5,ICE,0
2036,3,Venti,1000
2036,6,샷 추가 (+1),500
2036,9,카라멜 시럽,300
2037,4,HOT,0
2037,3,Venti,1000
2037,6,샷 추가 (+1),500
2037,10,휘핑크림 추가,500
2038,4,HOT,0
2038,3,Venti,1000
2038,11,기본,0
2039,5,ICE,0
2039,1,Tall,0
2040,4,HOT,0
2040,2,Grande,500
2040,11,기본,0
2040,6,샷 추가 (+1),500
2041,4,HOT,0
2041,2,Grande,500
2041,11,기본,0
2041,6,샷 추가 (+1),500
2042,5,ICE,0
2042,2,Grande,500
2042,11,기본,0
2043,4,HOT,0
2043,1,Tall,0
2043,6,샷 추가 (+1),500
2044,4,HOT,0
2044,1,Tall,0
2044,12,덜 달게,0
2045,4,HOT,0
2045,2,Grande,500
2045,12,덜 달게,0
2046,4,HOT,0
2046,1,Tall,0
2046,6,샷 추가 (+1),500
2047,4,HOT,0
2047,1,Tall,0
2047,12,덜 달게,0
2048,5,ICE,0
2048,1,Tall,0
2048,6,샷 추가 (+1),500
2049,5,ICE,0
2049,1,Tall,0
2049,11,기본,0
2050,4,HOT,0
2050,2,Grande,500
2050,12,덜 달게,0
2051,4,HOT,0
2051,2,Grande,500
2051,10,휘핑크림 추가,500
2052,5,ICE,0
2052,3,Venti,1000
2052,11,기본,0
2052,8,헤이즐넛 시럽,300
2053,4,HOT,0
2053,1,Tall,0
2053,13,더 달게,0
2054,4,HOT,0
2054,1,Tall,0
2054,13,더 달게,0
2054,8,헤이즐넛 시럽,300
2055,4,HOT,0
2055,2,Grande,500
2055,12,덜 달게,0
2055,7,바닐라 시럽,300
2056,4,HOT,0
2056,2,Grande,500
2056,9,카라멜 시럽,300
2057,4,HOT,0
2057,1,Tall,0
2057,12,덜 달게,0
2058,5,ICE,0
2058,1,Tall,0
2058,11,기본,0
2059,4,HOT,0
2059,1,Tall,0
2059,13,더 달게,0
2059,6,샷 추가 (+1),500
2059,10,휘핑크림 추가,500
2060,5,ICE,0
2060,1,Tall,0
2060,12,덜 달게,0
2060,9,카라멜 시럽,300
2061,5,ICE,0
2061,2,Grande,500
2061,13,더 달게,0
2062,5,ICE,0
2062,2,Grande,500
2062,12,덜 달게,0
2062,10,휘핑크림 추가,500
2063,4,HOT,0
2063,3,Venti,1000
2064,5,ICE,0
2064,1,Tall,0
2064,11,기본,0
2065,5,ICE,0
2065,2,Grande,500
2066,4,HOT,0
2066,1,Tall,0
2067,4,HOT,0
2067,3,Venti,1000
2067,11,기본,0
2067,7,바닐라 시럽,300
2068,4,HOT,0
2068,1,Tall,0
2068,11,기본,0
2069,5,ICE,0
2069,2,Grande,500
2069,12,덜 달게,0
2069,9,카라멜 시럽,300
2070,5,ICE,0
2070,2,Grande,500
2070,6,샷 추가 (+1),500
2071,5,ICE,0
2071,2,Grande,500
2072,4,HOT,0
2072,2,Grande,500
2072,11,기본,0
2073,5,ICE,0
2073,3,Venti,1000
2074,4,HOT,0
2074,3,Venti,1000
2074,13,더 달게,0
2074,7,바닐라 시럽,300
2074,10,휘핑크림 추가,500
2075,4,HOT,0
2075,2,Grande,500
2076,4,HOT,0
2076,2,Grande,500
2076,12,덜 달게,0
2076,10,휘핑크림 추가,500
2077,4,HOT,0
2077,3,Venti,1000
2077,11,기본,0
2077,9,카라멜 시럽,300
2078,5,ICE,0
2078,3,Venti,1000
2078,13,더 달게,0
2079,4,HOT,0
2079,1,Tall,0
2079,8,헤이즐넛 시럽,300
2080,5,ICE,0
2080,2,Grande,500
2080,6,샷 추가 (+1),500
2081,4,HOT,0
2081,1,Tall,0
2082,4,HOT,0
2082,1,Tall,0
2082,12,덜 달게,0
2082,6,샷 추가 (+1),500
2083,5,ICE,0
2083,1,Tall,0
2083,13,더 달게,0
2083,6,샷 추가 (+1),500
2083,9,카라멜 시럽,300
2083,10,휘핑크림 추가,500
2084,5,ICE,0
2084,1,Tall,0
2084,12,덜 달게,0
2084,6,샷 추가 (+1),500
2085,4,HOT,0
2085,1,Tall,0
2085,12,덜 달게,0
2086,4,HOT,0
2086,2,Grande,500
2086,13,더 달게,0
2087,4,HOT,0
2087,1,Tall,0
2087,11,기본,0
2088,4,HOT,0
2088,1,Tall,0
2088,11,기본,0
2088,6,샷 추가 (+1),500
2089,4,HOT,0
2089,1,Tall,0
2089,6,샷 추가 (+1),500
2089,10,휘핑크림 추가,500
2090,4,HOT,0
2090,2,Grande,500
2090,12,덜 달게,0
2091,5,ICE,0
2091,2,Grande,500
2091,12,덜 달게,0
2091,6,샷 추가 (+1),500
2091,8,헤이즐넛 시럽,300
2092,5,ICE,0
2092,2,Grande,500
2092,8,헤이즐넛 시럽,300
2093,4,HOT,0
2093,3,Venti,1000
2094,4,HOT,0
2094,2,Grande,500
2094,6,샷 추가 (+1),500
2095,5,ICE,0
2095,2,Grande,500
2095,6,샷 추가 (+1),500
2096,4,HOT,0
2096,2,Grande,500
2096,11,기본,0
2096,6,샷 추가 (+1),500
2097,4,HOT,0
2097,2,Grande,500
2098,4,HOT,0
2098,1,Tall,0
2098,12,덜 달게,0
2099,5,ICE,0
2099,2,Grande,500
2099,12,덜 달게,0
2099,9,카라멜 시럽,300
2100,4,HOT,0
2100,1,Tall,0
2100,12,덜 달게,0
2101,5,ICE,0
2101,2,Grande,500
2101,11,기본,0
2102,4,HOT,0
2102,2,Grande,500
2102,11,기본,0
2103,4,HOT,0
2103,1,Tall,0
2104,4,HOT,0
2104,2,Grande,500
2104,11,기본,0
2104,8,헤이즐넛 시럽,300
2105,4,HOT,0
2105,1,Tall,0
2105,12,덜 달게,0
2105,9,카라멜 시럽,300
2106,5,ICE,0
2106,1,Tall,0
2106,9,카라멜 시럽,300
2107,4,HOT,0
2107,2,Grande,500
2107,13,더 달게,0
2107,6,샷 추가 (+1),500
2107,9,카라멜 시럽,300
2108,5,ICE,0
2108,2,Grande,500
2108,12,덜 달게,0
2108,6,샷 추가 (+1),500
2109,5,ICE,0
2109,1,Tall,0
2109,13,더 달게,0
2109,9,카라멜 시럽,300
2110,5,ICE,0
2110,1,Tall,0
2110,11,기본,0
2111,5,ICE,0
2111,2,Grande,500
2111,11,기본,0
2111,8,헤이즐넛 시럽,300
2112,4,HOT,0
2112,3,Venti,1000
2112,13,더 달게,0
2113,5,ICE,0
2113,1,Tall,0
2113,11,기본,0
2113,6,샷 추가 (+1),500
2114,5,ICE,0
2114,1,Tall,0
2114,12,덜 달게,0
2114,10,휘핑크림 추가,500
2115,5,ICE,0
2115,3,Venti,1000
2115,11,기본,0
2115,6,샷 추가 (+1),500
2116,5,ICE,0
2116,3,Venti,1000
2117,4,HOT,0
2117,2,Grande,500
2117,11,기본,0
2117,6,샷 추가 (+1),500
2118,5,ICE,0
2118,2,Grande,500
2118,11,기본,0
2118,10,휘핑크림 추가,500
2119,4,HOT,0
2119,2,Grande,500
2119,12,덜 달게,0
2119,6,샷 추가 (+1),500
2120,5,ICE,0
2120,1,Tall,0
2120,6,샷 추가 (+1),500
2121,5,ICE,0
2121,1,Tall,0
2122,4,HOT,0
2122,2,Grande,500
2123,5,ICE,0
2123,2,Grande,500
2123,12,덜 달게,0
2123,6,샷 추가 (+1),500
2123,10,휘핑크림 추가,500
2124,4,HOT,0
2124,2,Grande,500
2124,12,덜 달게,0
2125,4,HOT,0
2125,1,Tall,0
2125,12,덜 달게,0
2125,6,샷 추가 (+1),500
2125,9,카라멜 시럽,300
2126,5,ICE,0
2126,3,Venti,1000
2127,4,HOT,0
2127,2,Grande,500
2127,13,더 달게,0
2127,9,카라멜 시럽,300
2128,4,HOT,0
2128,3,Venti,1000
2129,4,HOT,0
2129,1,Tall,0
2129,7,바닐라 시럽,300
2130,4,HOT,0
2130,2,Grande,500
2130,12,덜 달게,0
2130,6,샷 추가 (+1),500
2131,4,HOT,0
2131,3,Venti,1000
2131,8,헤이즐넛 시럽,300
2132,4,HOT,0
2132,2,Grande,500
2132,12,덜 달게,0
2133,5,ICE,0
2133,2,Grande,500
2133,6,샷 추가 (+1),500
2134,5,ICE,0
2134,3,Venti,1000
2135,5,ICE,0
2135,1,Tall,0
2135,6,샷 추가 (+1),500
2136,5,ICE,0
2136,1,Tall,0
2137,4,HOT,0
2137,1,Tall,0
2138,5,ICE,0
2138,1,Tall,0
2138,11,기본,0
2138,6,샷 추가 (+1),500
2139,4,HOT,0
2139,2,Grande,500
2139,12,덜 달게,0
2140,4,HOT,0
2140,1,Tall,0
2140,11,기본,0
2141,4,HOT,0
2141,3,Venti,1000
2141,9,카라멜 시럽,300
2141,10,휘핑크림 추가,500
2142,5,ICE,0
2142,1,Tall,0
2142,12,덜 달게,0
2142,9,카라멜 시럽,300
2142,10,휘핑크림 추가,500
2143,5,ICE,0
2143,2,Grande,500
2143,6,샷 추가 (+1),500
2144,4,HOT,0
2144,1,Tall,0
2144,11,기본,0
2145,4,HOT,0
2145,2,Grande,500
2145,11,기본,0
2145,8,헤이즐넛 시럽,300
2146,4,HOT,0
2146,2,Grande,500
2146,13,더 달게,0
2146,7,바닐라 시럽,300
2147,5,ICE,0
2147,1,Tall,0
2147,13,더 달게,0
2147,8,헤이즐넛 시럽,300
2148,5,ICE,0
2148,2,Grande,500
2149,4,HOT,0
2149,1,Tall,0
2149,11,기본,0
2149,10,휘핑크림 추가,500
2150,4,HOT,0
2150,1,Tall,0
2151,5,ICE,0
2151,3,Venti,1000
2151,13,더 달게,0
2151,8,헤이즐넛 시럽,300
2152,5,ICE,0
2152,2,Grande,500
2153,4,HOT,0
2153,1,Tall,0
2153,12,덜 달게,0
2153,6,샷 추가 (+1),500
2153,8,헤이즐넛 시럽,300
2154,4,HOT,0
2154,1,Tall,0
2154,6,샷 추가 (+1),500
2155,4,HOT,0
2155,1,Tall,0
2155,12,덜 달게,0
2155,10,휘핑크림 추가,500
2156,5,ICE,0
2156,1,Tall,0
2156,11,기본,0
2157,5,ICE,0
2157,1,Tall,0
2157,6,샷 추가 (+1),500
2158,5,ICE,0
2158,1,Tall,0
2158,12,덜 달게,0
2159,4,HOT,0
2159,2,Grande,500
2159,9,카라멜 시럽,300
2160,4,HOT,0
2160,2,Grande,500
2160,11,기본,0
2160,9,카라멜 시럽,300
2161,5,ICE,0
2161,2,Grande,500
2161,11,기본,0
2162,4,HOT,0
2162,1,Tall,0
2162,11,기본,0
2162,8,헤이즐넛 시럽,300
2163,4,HOT,0
2163,3,Venti,1000
2163,11,기본,0
2163,9,카라멜 시럽,300
2164,5,ICE,0
2164,1,Tall,0
2164,11,기본,0
2165,4,HOT,0
2165,2,Grande,500
2166,4,HOT,0
2166,1,Tall,0
2166,11,기본,0
2166,9,카라멜 시럽,300
2167,4,HOT,0
2167,1,Tall,0
2168,4,HOT,0
2168,3,Venti,1000
2168,9,카라멜 시럽,300
2169,4,HOT,0
2169,2,Grande,500
2169,13,더 달게,0
2169,6,샷 추가 (+1),500
2170,5,ICE,0
2170,1,Tall,0
2170,6,샷 추가 (+1),500
2171,5,ICE,0
2171,1,Tall,0
2171,13,더 달게,0
2172,4,HOT,0
2172,1,Tall,0
2172,12,덜 달게,0
2172,6,샷 추가 (+1),500
2172,10,휘핑크림 추가,500
2173,4,HOT,0
2173,2,Grande,500
2173,11,기본,0
2174,4,HOT,0
2174,1,Tall,0
2174,11,기본,0
2175,4,HOT,0
2175,1,Tall,0
2176,4,HOT,0
2176,2,Grande,500
2176,11,기본,0
2176,6,샷 추가 (+1),500
2177,5,ICE,0
2177,1,Tall,0
2177,6,샷 추가 (+1),500
2178,4,HOT,0
2178,3,Venti,1000
2178,12,덜 달게,0
2178,8,헤이즐넛 시럽,300
2179,4,HOT,0
2179,1,Tall,0
2180,4,HOT,0
2180,3,Venti,1000
2180,12,덜 달게,0
2180,10,휘핑크림 추가,500
2181,4,HOT,0
2181,3,Venti,1000
2181,11,기본,0
2181,6,샷 추가 (+1),500
2182,4,HOT,0
2182,1,Tall,0
2182,11,기본,0
2183,4,HOT,0
2183,3,Venti,1000
2183,11,기본,0
2184,4,HOT,0
2184,3,Venti,1000
2184,7,바닐라 시럽,300
2184,10,휘핑크림 추가,500
2185,5,ICE,0
2185,1,Tall,0
2185,11,기본,0
2185,9,카라멜 시럽,300
2186,5,ICE,0
2186,3,Venti,1000
2186,13,더 달게,0
2187,5,ICE,0
2187,2,Grande,500
2187,11,기본,0
2188,4,HOT,0
2188,2,Grande,500
2188,6,샷 추가 (+1),500
2189,4,HOT,0
2189,1,Tall,0
2189,13,더 달게,0
2189,6,샷 추가 (+1),500
2189,7,바닐라 시럽,300
2190,4,HOT,0
2190,1,Tall,0
2191,4,HOT,0
2191,1,Tall,0
2191,13,더 달게,0
2192,4,HOT,0
2192,2,Grande,500
2192,13,더 달게,0
2192,6,샷 추가 (+1),500
2193,5,ICE,0
2193,1,Tall,0
2194,5,ICE,0
2194,2,Grande,500
2194,11,기본,0
2195,4,HOT,0
2195,2,Grande,500
2195,6,샷 추가 (+1),500
2195,8,헤이즐넛 시럽,300
2196,4,HOT,0
2196,1,Tall,0
2196,8,헤이즐넛 시럽,300
2196,10,휘핑크림 추가,500
2197,4,HOT,0
2197,1,Tall,0
2197,13,더 달게,0
2198,4,HOT,0
2198,1,Tall,0
2198,11,기본,0
2198,6,샷 추가 (+1),500
2198,8,헤이즐넛 시럽,300
2199,4,HOT,0
2199,2,Grande,500
2199,11,기본,0
2199,6,샷 추가 (+1),500
2200,5,ICE,0
2200,1,Tall,0
2201,4,HOT,0
2201,3,Venti,1000
2201,6,샷 추가 (+1),500
2201,8,헤이즐넛 시럽,300
2202,5,ICE,0
2202,1,Tall,0
2203,4,HOT,0
2203,1,Tall,0
2204,4,HOT,0
2204,1,Tall,0
2205,4,HOT,0
2205,3,Venti,1000
2206,4,HOT,0
2206,2,Grande,500
2206,13,더 달게,0
2207,5,ICE,0
2207,2,Grande,500
2208,4,HOT,0
2208,3,Venti,1000
2208,7,바닐라 시럽,300
2209,5,ICE,0
2209,3,Venti,1000
2209,11,기본,0
2209,6,샷 추가 (+1),500
2210,5,ICE,0
2210,2,Grande,500
2210,12,덜 달게,0
2210,7,바닐라 시럽,300
2211,4,HOT,0
2211,2,Grande,500
2211,12,덜 달게,0
2212,4,HOT,0
2212,2,Grande,500
2212,11,기본,0
2213,5,ICE,0
2213,3,Venti,1000
2214,5,ICE,0
2214,1,Tall,0
2214,11,기본,0
2214,7,바닐라 시럽,300
2215,4,HOT,0
2215,1,Tall,0
2215,13,더 달게,0
2215,6,샷 추가 (+1),500
2216,5,ICE,0
2216,2,Grande,500
2216,13,더 달게,0
2216,8,헤이즐넛 시럽,300
2217,4,HOT,0
2217,2,Grande,500
2217,13,더 달게,0
2218,5,ICE,0
2218,2,Grande,500
2219,5,ICE,0
2219,1,Tall,0
2219,6,샷 추가 (+1),500
2220,4,HOT,0
2220,2,Grande,500
2221,5,ICE,0
2221,1,Tall,0
2221,7,바닐라 시럽,300
2222,4,HOT,0
2222,1,Tall,0
2222,11,기본,0
2223,5,ICE,0
2223,1,Tall,0
2223,8,헤이즐넛 시럽,300
2224,4,HOT,0
2224,1,Tall,0
2225,4,HOT,0
2225,1,Tall,0
2225,13,더 달게,0
2225,6,샷 추가 (+1),500
2226,4,HOT,0
2226,1,Tall,0
2226,13,더 달게,0
2226,10,휘핑크림 추가,500
2227,4,HOT,0
2227,1,Tall,0
2227,11,기본,0
2228,4,HOT,0
2228,3,Venti,1000
2228,13,더 달게,0
2229,5,ICE,0
2229,2,Grande,500
2229,13,더 달게,0
2229,6,샷 추가 (+1),500
2230,4,HOT,0
2230,3,Venti,1000
2231,5,ICE,0
2231,1,Tall,0
2231,7,바닐라 시럽,300
2232,5,ICE,0
2232,2,Grande,500
2232,11,기본,0
2232,6,샷 추가 (+1),500
2233,4,HOT,0
2233,1,Tall,0
2233,13,더 달게,0
2234,4,HOT,0
2234,2,Grande,500
2234,11,기본,0
2234,8,헤이즐넛 시럽,300
2235,4,HOT,0
2235,1,Tall,0
2235,13,더 달게,0
2236,4,HOT,0
2236,1,Tall,0
2236,11,기본,0
2237,4,HOT,0
2237,2,Grande,500
2237,13,더 달게,0
2237,6,샷 추가 (+1),500
2238,4,HOT,0
2238,2,Grande,500
2239,5,ICE,0
2239,2,Grande,500
2239,11,기본,0
2240,5,ICE,0
2240,3,Venti,1000
2241,4,HOT,0
2241,2,Grande,500
2241,13,더 달게,0
2241,10,휘핑크림 추가,500
2242,4,HOT,0
2242,3,Venti,1000
2242,13,더 달게,0
2243,5,ICE,0
2243,2,Grande,500
2243,11,기본,0
2244,4,HOT,0
2244,2,Grande,500
2244,11,기본,0
2244,10,휘핑크림 추가,500
2245,4,HOT,0
2245,3,Venti,1000
2245,6,샷 추가 (+1),500
2245,9,카라멜 시럽,300
2246,4,HOT,0
2246,2,Grande,500
2246,13,더 달게,0
2246,8,헤이즐넛 시럽,300
2246,10,휘핑크림 추가,500
2247,4,HOT,0
2247,2,Grande,500
2247,11,기본,0
2247,6,샷 추가 (+1),500
2248,5,ICE,0
2248,3,Venti,1000
2248,9,카라멜 시럽,300
2249,5,ICE,0
2249,1,Tall,0
2250,4,HOT,0
2250,3,Venti,1000
2250,8,헤이즐넛 시럽,300
2251,4,HOT,0
2251,3,Venti,1000
2251,11,기본,0
2252,4,HOT,0
2252,2,Grande,500
2253,5,ICE,0
2253,3,Venti,1000
2253,11,기본,0
2254,5,ICE,0
2254,2,Grande,500
2254,11,기본,0
2255,5,ICE,0
2255,2,Grande,500
2255,13,더 달게,0
2256,4,HOT,0
2256,2,Grande,500
2256,6,샷 추가 (+1),500
2257,4,HOT,0
2257,1,Tall,0
2257,13,더 달게,0
2257,6,샷 추가 (+1),500
2257,8,헤이즐넛 시럽,300
2258,4,HOT,0
2258,2,Grande,500
2258,12,덜 달게,0
2258,6,샷 추가 (+1),500
2259,5,ICE,0
2259,2,Grande,500
2259,6,샷 추가 (+1),500
2260,4,HOT,0
2260,1,Tall,0
2260,6,샷 추가 (+1),500
2261,5,ICE,0
2261,2,Grande,500
2262,5,ICE,0
2262,1,Tall,0
2262,13,더 달게,0
2263,4,HOT,0
2263,1,Tall,0
2263,13,더 달게,0
2263,6,샷 추가 (+1),500
2264,5,ICE,0
2264,3,Venti,1000
2264,11,기본,0
2265,5,ICE,0
2265,1,Tall,0
2265,10,휘핑크림 추가,500
2266,5,ICE,0
2266,1,Tall,0
2267,5,ICE,0
2267,2,Grande,500
2268,5,ICE,0
2268,2,Grande,500
2268,13,더 달게,0
2269,4,HOT,0
2269,1,Tall,0
2269,9,카라멜 시럽,300
2270,5,ICE,0
2270,1,Tall,0
2270,11,기본,0
2270,6,샷 추가 (+1),500
2270,8,헤이즐넛 시럽,300
2271,5,ICE,0
2271,1,Tall,0
2271,11,기본,0
2272,4,HOT,0
2272,2,Grande,500
2273,4,HOT,0
2273,2,Grande,500
2273,6,샷 추가 (+1),500
2274,5,ICE,0
2274,3,Venti,1000
2274,13,더 달게,0
2274,6,샷 추가 (+1),500
2275,4,HOT,0
2275,3,Venti,1000
2275,13,더 달게,0
2275,6,샷 추가 (+1),500
2275,7,바닐라 시럽,300
2276,5,ICE,0
2276,2,Grande,500
2276,6,샷 추가 (+1),500
2277,4,HOT,0
2277,1,Tall,0
2277,11,기본,0
2277,6,샷 추가 (+1),500
2278,5,ICE,0
2278,2,Grande,500
2278,11,기본,0
2278,6,샷 추가 (+1),500
2279,5,ICE,0
2279,2,Grande,500
2279,12,덜 달게,0
2280,4,HOT,0
2280,1,Tall,0
2280,11,기본,0
2280,6,샷 추가 (+1),500
2281,4,HOT,0
2281,2,Grande,500
2281,11,기본,0
2282,5,ICE,0
2282,2,Grande,500
2282,6,샷 추가 (+1),500
2283,4,HOT,0
2283,2,Grande,500
2283,12,덜 달게,0
2284,5,ICE,0
2284,2,Grande,500
2284,11,기본,0
2285,5,ICE,0
2285,2,Grande,500
2285,13,더 달게,0
2285,6,샷 추가 (+1),500
2286,5,ICE,0
2286,1,Tall,0
2286,13,더 달게,0
2287,5,ICE,0
2287,2,Grande,500
2287,6,샷 추가 (+1),500
2288,4,HOT,0
2288,2,Grande,500
2288,11,기본,0
2288,9,카라멜 시럽,300
2289,5,ICE,0
2289,1,Tall,0
2289,13,더 달게,0
2289,10,휘핑크림 추가,500
2290,4,HOT,0
2290,1,Tall,0
2290,8,헤이즐넛 시럽,300
2291,4,HOT,0
2291,2,Grande,500
2291,11,기본,0
2291,8,헤이즐넛 시럽,300
2292,5,ICE,0
2292,1,Tall,0
2292,12,덜 달게,0
2293,5,ICE,0
2293,1,Tall,0
2294,4,HOT,0
2294,2,Grande,500
2294,13,더 달게,0
2295,4,HOT,0
2295,1,Tall,0
2296,4,HOT,0
2296,3,Venti,1000
2296,11,기본,0
2296,10,휘핑크림 추가,500
2297,5,ICE,0
2297,2,Grande,500
2298,4,HOT,0
2298,1,Tall,0
2298,11,기본,0
2298,6,샷 추가 (+1),500
2299,4,HOT,0
2299,3,Venti,1000
2300,5,ICE,0
2300,2,Grande,500
2300,6,샷 추가 (+1),500
2300,7,바닐라 시럽,300
2301,5,ICE,0
2301,2,Grande,500
2302,5,ICE,0
2302,2,Grande,500
2302,11,기본,0
2302,6,샷 추가 (+1),500
2302,9,카라멜 시럽,300
2303,5,ICE,0
2303,1,Tall,0
2304,5,ICE,0
2304,1,Tall,0
2304,7,바닐라 시럽,300
2305,5,ICE,0
2305,2,Grande,500
2305,11,기본,0
2306,4,HOT,0
2306,3,Venti,1000
2306,12,덜 달게,0
2307,5,ICE,0
2307,2,Grande,500
2307,11,기본,0
2308,4,HOT,0
2308,1,Tall,0
2309,4,HOT,0
2309,1,Tall,0
2309,9,카라멜 시럽,300
2310,5,ICE,0
2310,2,Grande,500
2310,6,샷 추가 (+1),500
2311,4,HOT,0
2311,1,Tall,0
2311,12,덜 달게,0
2311,10,휘핑크림 추가,500
2312,5,ICE,0
2312,1,Tall,0
2312,11,기본,0
2312,9,카라멜 시럽,300
2313,5,ICE,0
2313,3,Venti,1000
2313,12,덜 달게,0
2314,4,HOT,0
2314,3,Venti,1000
2314,12,덜 달게,0
2314,6,샷 추가 (+1),500
2315,4,HOT,0
2315,2,Grande,500
2315,6,샷 추가 (+1),500
2316,4,HOT,0
2316,1,Tall,0
2316,11,기본,0
2317,4,HOT,0
2317,1,Tall,0
2317,11,기본,0
2317,6,샷 추가 (+1),500
2318,5,ICE,0
2318,1,Tall,0
2318,6,샷 추가 (+1),500
2319,4,HOT,0
2319,1,Tall,0
2320,5,ICE,0
2320,1,Tall,0
2320,12,덜 달게,0
2321,4,HOT,0
2321,3,Venti,1000
2321,11,기본,0
2322,5,ICE,0
2322,1,Tall,0
2322,6,샷 추가 (+1),500
2323,4,HOT,0
2323,3,Venti,1000
2323,13,더 달게,0
2323,6,샷 추가 (+1),500
2324,5,ICE,0
2324,1,Tall,0
2324,11,기본,0
2324,6,샷 추가 (+1),500
2324,9,카라멜 시럽,300
2325,5,ICE,0
2325,2,Grande,500
2326,4,HOT,0
2326,1,Tall,0
2326,13,더 달게,0
2327,4,HOT,0
2327,2,Grande,500
2327,11,기본,0
2328,4,HOT,0
2328,1,Tall,0
2329,4,HOT,0
2329,2,Grande,500
2330,4,HOT,0
2330,2,Grande,500
2330,9,카라멜 시럽,300
2331,4,HOT,0
2331,3,Venti,1000
2331,11,기본,0
2332,4,HOT,0
2332,1,Tall,0
2332,11,기본,0
2332,8,헤이즐넛 시럽,300
2333,4,HOT,0
2333,1,Tall,0
2333,11,기본,0
2334,4,HOT,0
2334,1,Tall,0
2334,11,기본,0
2335,5,ICE,0
2335,2,Grande,500
2335,6,샷 추가 (+1),500
2335,9,카라멜 시럽,300
2336,4,HOT,0
2336,3,Venti,1000
2336,6,샷 추가 (+1),500
2337,4,HOT,0
2337,1,Tall,0
2337,11,기본,0
2338,4,HOT,0
2338,2,Grande,500
2338,6,샷 추가 (+1),500
2339,5,ICE,0
2339,2,Grande,500
2340,5,ICE,0
2340,3,Venti,1000
2340,11,기본,0
2341,4,HOT,0
2341,2,Grande,500
2341,12,덜 달게,0
2341,6,샷 추가 (+1),500
2342,4,HOT,0
2342,1,Tall,0
2342,13,더 달게,0
2342,10,휘핑크림 추가,500
2343,4,HOT,0
2343,1,Tall,0
2343,6,샷 추가 (+1),500
2344,4,HOT,0
2344,1,Tall,0
2344,11,기본,0
2344,6,샷 추가 (+1),500
2344,7,바닐라 시럽,300
2345,5,ICE,0
2345,1,Tall,0
2345,8,헤이즐넛 시럽,300
2346,4,HOT,0
2346,2,Grande,500
2346,11,기본,0
2347,4,HOT,0
2347,3,Venti,1000
2347,13,더 달게,0
2347,8,헤이즐넛 시럽,300
2348,4,HOT,0
2348,3,Venti,1000
2348,12,덜 달게,0
2348,6,샷 추가 (+1),500
2349,4,HOT,0
2349,3,Venti,1000
2350,5,ICE,0
2350,2,Grande,500
2350,6,샷 추가 (+1),500
2350,7,바닐라 시럽,300
2351,4,HOT,0
2351,2,Grande,500
2351,13,더 달게,0
2351,9,카라멜 시럽,300
2352,4,HOT,0
2352,1,Tall,0
2352,6,샷 추가 (+1),500
2353,4,HOT,0
2353,3,Venti,1000
2353,11,기본,0
2353,9,카라멜 시럽,300
2354,5,ICE,0
2354,3,Venti,1000
2355,5,ICE,0
2355,2,Grande,500
2355,11,기본,0
2356,4,HOT,0
2356,1,Tall,0
2356,11,기본,0
2357,4,HOT,0
2357,1,Tall,0
2358,5,ICE,0
2358,1,Tall,0
2358,11,기본,0
2359,5,ICE,0
2359,1,Tall,0
2359,12,덜 달게,0
2360,5,ICE,0
2360,2,Grande,500
2360,11,기본,0
2361,4,HOT,0
2361,2,Grande,500
2362,5,ICE,0
2362,3,Venti,1000
2362,11,기본,0
2363,4,HOT,0
2363,3,Venti,1000
2364,4,HOT,0
2364,1,Tall,0
2364,12,덜 달게,0
2364,8,헤이즐넛 시럽,300
2365,4,HOT,0
2365,1,Tall,0
2366,5,ICE,0
2366,1,Tall,0
2366,6,샷 추가 (+1),500
2367,4,HOT,0
2367,1,Tall,0
2367,11,기본,0
2368,5,ICE,0
2368,2,Grande,500
2368,11,기본,0
2369,4,HOT,0
2369,2,Grande,500
2369,12,덜 달게,0
2369,6,샷 추가 (+1),500
2369,9,카라멜 시럽,300
2370,5,ICE,0
2370,1,Tall,0
2371,4,HOT,0
2371,1,Tall,0
2371,12,덜 달게,0
2371,9,카라멜 시럽,300
2372,5,ICE,0
2372,2,Grande,500
2373,5,ICE,0
2373,3,Venti,1000
2373,6,샷 추가 (+1),500
2374,5,ICE,0
2374,2,Grande,500
2374,6,샷 추가 (+1),500
2375,4,HOT,0
2375,1,Tall,0
2375,12,덜 달게,0
2375,6,샷 추가 (+1),500
2376,5,ICE,0
2376,2,Grande,500
2377,5,ICE,0
2377,3,Venti,1000
2377,12,덜 달게,0
2377,6,샷 추가 (+1),500
2378,4,HOT,0
2378,1,Tall,0
2378,11,기본,0
2379,4,HOT,0
2379,2,Grande,500
2380,4,HOT,0
2380,2,Grande,500
2380,11,기본,0
2380,6,샷 추가 (+1),500
2381,4,HOT,0
2381,2,Grande,500
2381,11,기본,0
2381,10,휘핑크림 추가,500
2382,5,ICE,0
2382,2,Grande,500
2382,11,기본,0
2383,5,ICE,0
2383,1,Tall,0
2383,12,덜 달게,0
2384,4,HOT,0
2384,1,Tall,0
2384,11,기본,0
2385,4,HOT,0
2385,2,Grande,500
2385,8,헤이즐넛 시럽,300
2386,5,ICE,0
2386,2,Grande,500
2386,11,기본,0
2386,6,샷 추가 (+1),500
2386,10,휘핑크림 추가,500
2387,4,HOT,0
2387,2,Grande,500
2388,4,HOT,0
2388,1,Tall,0
2389,5,ICE,0
2389,2,Grande,500
2390,4,HOT,0
2390,2,Grande,500
2390,13,더 달게,0
2391,5,ICE,0
2391,1,Tall,0
2391,11,기본,0
2391,10,휘핑크림 추가,500
2392,5,ICE,0
2392,1,Tall,0
2392,13,더 달게,0
2392,9,카라멜 시럽,300
2393,5,ICE,0
2393,2,Grande,500
2393,11,기본,0
2394,4,HOT,0
2394,2,Grande,500
2394,11,기본,0
2395,5,ICE,0
2395,2,Grande,500
2395,11,기본,0
2396,4,HOT,0
2396,2,Grande,500
2396,11,기본,0
2397,4,HOT,0
2397,3,Venti,1000
2397,11,기본,0
2397,8,헤이즐넛 시럽,300
2398,4,HOT,0
2398,2,Grande,500
2398,6,샷 추가 (+1),500
2399,5,ICE,0
2399,3,Venti,1000
2399,11,기본,0
2400,4,HOT,0
2400,2,Grande,500
2400,11,기본,0
2400,6,샷 추가 (+1),500
2400,8,헤이즐넛 시럽,300
2401,4,HOT,0
2401,2,Grande,500
2401,13,더 달게,0
2402,5,ICE,0
2402,3,Venti,1000
2402,11,기본,0
2402,7,바닐라 시럽,300
2402,10,휘핑크림 추가,500
2403,5,ICE,0
2403,2,Grande,500
2403,6,샷 추가 (+1),500
2403,10,휘핑크림 추가,500
2404,4,HOT,0
2404,2,Grande,500
2404,11,기본,0
2405,5,ICE,0
2405,1,Tall,0
2405,13,더 달게,0
2406,4,HOT,0
2406,1,Tall,0
2406,6,샷 추가 (+1),500
2406,7,바닐라 시럽,300
2407,4,HOT,0
2407,1,Tall,0
2407,12,덜 달게,0
2407,6,샷 추가 (+1),500
2407,8,헤이즐넛 시럽,300
2408,4,HOT,0
2408,2,Grande,500
2409,5,ICE,0
2409,2,Grande,500
2409,11,기본,0
2409,6,샷 추가 (+1),500
2410,4,HOT,0
2410,1,Tall,0
2410,6,샷 추가 (+1),500
2411,5,ICE,0
2411,1,Tall,0
2412,4,HOT,0
2412,1,Tall,0
2412,11,기본,0
2412,6,샷 추가 (+1),500
2412,9,카라멜 시럽,300
2413,5,ICE,0
2413,2,Grande,500
2414,4,HOT,0
2414,2,Grande,500
2414,6,샷 추가 (+1),500
2415,4,HOT,0
2415,1,Tall,0
2415,11,기본,0
2415,6,샷 추가 (+1),500
2416,4,HOT,0
2416,3,Venti,1000
2416,11,기본,0
2416,8,헤이즐넛 시럽,300
2417,4,HOT,0
2417,2,Grande,500
2417,6,샷 추가 (+1),500
2417,9,카라멜 시럽,300
2418,4,HOT,0
2418,2,Grande,500
2418,13,더 달게,0
2418,6,샷 추가 (+1),500
2419,5,ICE,0
2419,2,Grande,500
2419,6,샷 추가 (+1),500
2420,4,HOT,0
2420,3,Venti,1000
2420,12,덜 달게,0
2421,5,ICE,0
2421,1,Tall,0
2421,12,덜 달게,0
2422,4,HOT,0
2422,1,Tall,0
2422,13,더 달게,0
2422,6,샷 추가 (+1),500
2422,10,휘핑크림 추가,500
2423,5,ICE,0
2423,2,Grande,500
2423,6,샷 추가 (+1),500
2424,4,HOT,0
2424,3,Venti,1000
2425,4,HOT,0
2425,2,Grande,500
2425,12,덜 달게,0
2426,4,HOT,0
2426,1,Tall,0
2426,12,덜 달게,0
2427,4,HOT,0
2427,3,Venti,1000
2428,4,HOT,0
2428,2,Grande,500
2428,12,덜 달게,0
2428,6,샷 추가 (+1),500
2429,4,HOT,0
2429,2,Grande,500
2429,11,기본,0
2430,4,HOT,0
2430,3,Venti,1000
2430,12,덜 달게,0
2430,6,샷 추가 (+1),500
2430,9,카라멜 시럽,300
2431,4,HOT,0
2431,2,Grande,500
2432,4,HOT,0
2432,3,Venti,1000
2433,5,ICE,0
2433,1,Tall,0
2433,6,샷 추가 (+1),500
2433,10,휘핑크림 추가,500
2434,5,ICE,0
2434,1,Tall,0
2435,4,HOT,0
2435,1,Tall,0
2435,11,기본,0
2435,10,휘핑크림 추가,500
2436,4,HOT,0
2436,2,Grande,500
2436,6,샷 추가 (+1),500
2437,4,HOT,0
2437,1,Tall,0
2437,11,기본,0
2438,5,ICE,0
2438,2,Grande,500
2438,6,샷 추가 (+1),500
2439,5,ICE,0
2439,1,Tall,0
2440,4,HOT,0
2440,2,Grande,500
2440,11,기본,0
2441,4,HOT,0
2441,2,Grande,500
2441,6,샷 추가 (+1),500
2442,4,HOT,0
2442,2,Grande,500
2443,4,HOT,0
2443,2,Grande,500
2443,11,기본,0
2444,4,HOT,0
2444,1,Tall,0
2445,4,HOT,0
2445,2,Grande,500
2445,7,바닐라 시럽,300
2446,5,ICE,0
2446,2,Grande,500
2446,13,더 달게,0
2446,6,샷 추가 (+1),500
2446,7,바닐라 시럽,300
2447,4,HOT,0
2447,2,Grande,500
2447,13,더 달게,0
2448,4,HOT,0
2448,2,Grande,500
2448,11,기본,0
2449,5,ICE,0
2449,2,Grande,500
2449,11,기본,0
2450,4,HOT,0
2450,1,Tall,0
2450,11,기본,0
2451,5,ICE,0
2451,2,Grande,500
2451,12,덜 달게,0
2451,6,샷 추가 (+1),500
2452,5,ICE,0
2452,1,Tall,0
2452,12,덜 달게,0
2452,6,샷 추가 (+1),500
2453,4,HOT,0
2453,2,Grande,500
2453,11,기본,0
2453,6,샷 추가 (+1),500
2454,4,HOT,0
2454,1,Tall,0
2454,11,기본,0
2454,9,카라멜 시럽,300
2455,4,HOT,0
2455,2,Grande,500
2455,11,기본,0
2456,5,ICE,0
2456,1,Tall,0
2456,12,덜 달게,0
2457,5,ICE,0
2457,1,Tall,0
2458,5,ICE,0
2458,2,Grande,500
2459,4,HOT,0
2459,2,Grande,500
2459,11,기본,0
2460,4,HOT,0
2460,1,Tall,0
2460,13,더 달게,0
2461,4,HOT,0
2461,2,Grande,500
2461,11,기본,0
2461,6,샷 추가 (+1),500
2461,8,헤이즐넛 시럽,300
2462,4,HOT,0
2462,3,Venti,1000
2462,11,기본,0
2463,4,HOT,0
2463,3,Venti,1000
2463,11,기본,0
2463,6,샷 추가 (+1),500
2464,4,HOT,0
2464,3,Venti,1000
2464,12,덜 달게,0
2464,6,샷 추가 (+1),500
2465,4,HOT,0
2465,2,Grande,500
2465,6,샷 추가 (+1),500
2465,10,휘핑크림 추가,500
2466,5,ICE,0
2466,2,Grande,500
2467,4,HOT,0
2467,1,Tall,0
2467,13,더 달게,0
2468,5,ICE,0
2468,2,Grande,500
2468,11,기본,0
2469,4,HOT,0
2469,3,Venti,1000
2469,12,덜 달게,0
2470,5,ICE,0
2470,1,Tall,0
2470,7,바닐라 시럽,300
2471,4,HOT,0
2471,3,Venti,1000
2471,12,덜 달게,0
2472,5,ICE,0
2472,2,Grande,500
2472,11,기본,0
2473,4,HOT,0
2473,3,Venti,1000
2473,13,더 달게,0
2474,4,HOT,0
2474,2,Grande,500
2474,13,더 달게,0
2475,5,ICE,0
2475,2,Grande,500
2475,10,휘핑크림 추가,500
2476,4,HOT,0
2476,3,Venti,1000
2476,12,덜 달게,0
2477,4,HOT,0
2477,1,Tall,0
2477,11,기본,0
2477,6,샷 추가 (+1),500
2478,5,ICE,0
2478,2,Grande,500
2479,4,HOT,0
2479,1,Tall,0
2479,6,샷 추가 (+1),500
2479,10,휘핑크림 추가,500
2480,4,HOT,0
2480,3,Venti,1000
2481,4,HOT,0
2481,2,Grande,500
2481,13,더 달게,0
2482,4,HOT,0
2482,1,Tall,0
2482,6,샷 추가 (+1),500
2483,4,HOT,0
2483,1,Tall,0
2483,6,샷 추가 (+1),500
2484,4,HOT,0
2484,2,Grande,500
2484,11,기본,0
2484,6,샷 추가 (+1),500
2484,10,휘핑크림 추가,500
2485,5,ICE,0
2485,3,Venti,1000
2485,12,덜 달게,0
2486,4,HOT,0
2486,2,Grande,500
2486,11,기본,0
2487,4,HOT,0
2487,2,Grande,500
2487,11,기본,0
2487,6,샷 추가 (+1),500
2488,4,HOT,0
2488,1,Tall,0
2488,12,덜 달게,0
2488,9,카라멜 시럽,300
2489,4,HOT,0
2489,2,Grande,500
2490,5,ICE,0
2490,2,Grande,500
2490,6,샷 추가 (+1),500
2491,5,ICE,0
2491,1,Tall,0
2492,5,ICE,0
2492,2,Grande,500
2493,4,HOT,0
2493,2,Grande,500
2494,4,HOT,0
2494,1,Tall,0
2494,12,덜 달게,0
2494,8,헤이즐넛 시럽,300
2495,4,HOT,0
2495,1,Tall,0
2496,4,HOT,0
2496,3,Venti,1000
2496,11,기본,0
2497,4,HOT,0
2497,1,Tall,0
2497,11,기본,0
2498,4,HOT,0
2498,2,Grande,500
2498,11,기본,0
2499,4,HOT,0
2499,2,Grande,500
2499,6,샷 추가 (+1),500
2500,5,ICE,0
2500,3,Venti,1000
2501,5,ICE,0
2501,3,Venti,1000
2502,5,ICE,0
2502,1,Tall,0
2502,11,기본,0
2502,6,샷 추가 (+1),500
2503,4,HOT,0
2503,1,Tall,0
2503,11,기본,0
2503,6,샷 추가 (+1),500
2504,4,HOT,0
2504,2,Grande,500
2504,10,휘핑크림 추가,500
2505,4,HOT,0
2505,1,Tall,0
2505,6,샷 추가 (+1),500
2506,5,ICE,0
2506,1,Tall,0
2507,4,HOT,0
2507,2,Grande,500
2507,11,기본,0
2508,4,HOT,0
2508,1,Tall,0
2508,13,더 달게,0
2508,6,샷 추가 (+1),500
2508,10,휘핑크림 추가,500
2509,4,HOT,0
2509,2,Grande,500
2509,11,기본,0
2510,4,HOT,0
2510,2,Grande,500
2511,4,HOT,0
2511,2,Grande,500
2511,11,기본,0
2512,4,HOT,0
2512,3,Venti,1000
2512,12,덜 달게,0
2513,4,HOT,0
2513,1,Tall,0
2513,12,덜 달게,0
2513,7,바닐라 시럽,300
2514,5,ICE,0
2514,1,Tall,0
2515,4,HOT,0
2515,2,Grande,500
2515,13,더 달게,0
2515,6,샷 추가 (+1),500
2516,5,ICE,0
2516,2,Grande,500
2517,5,ICE,0
2517,1,Tall,0
2517,11,기본,0
2518,4,HOT,0
2518,1,Tall,0
2518,6,샷 추가 (+1),500
2519,5,ICE,0
2519,2,Grande,500
2520,4,HOT,0
2520,2,Grande,500
2520,13,더 달게,0
2521,5,ICE,0
2521,1,Tall,0
2521,13,더 달게,0
2522,4,HOT,0
2522,2,Grande,500
2522,11,기본,0
2523,4,HOT,0
2523,2,Grande,500
2524,5,ICE,0
2524,2,Grande,500
2524,12,덜 달게,0
2525,4,HOT,0
2525,1,Tall,0
2525,11,기본,0
2526,5,ICE,0
2526,2,Grande,500
2526,6,샷 추가 (+1),500
2527,4,HOT,0
2527,3,Venti,1000
2527,11,기본,0
2528,5,ICE,0
2528,3,Venti,1000
2528,10,휘핑크림 추가,500
2529,5,ICE,0
2529,3,Venti,1000
2529,6,샷 추가 (+1),500
2529,10,휘핑크림 추가,500
2530,4,HOT,0
2530,2,Grande,500
2530,12,덜 달게,0
2530,6,샷 추가 (+1),500
2531,5,ICE,0
2531,1,Tall,0
2531,9,카라멜 시럽,300
2532,4,HOT,0
2532,3,Venti,1000
2533,4,HOT,0
2533,1,Tall,0
2533,13,더 달게,0
2533,6,샷 추가 (+1),500
2533,10,휘핑크림 추가,500
2534,5,ICE,0
2534,2,Grande,500
2535,5,ICE,0
2535,2,Grande,500
2535,6,샷 추가 (+1),500
2535,8,헤이즐넛 시럽,300
2535,10,휘핑크림 추가,500
2536,4,HOT,0
2536,3,Venti,1000
2536,10,휘핑크림 추가,500
2537,4,HOT,0
2537,2,Grande,500
2537,11,기본,0
2537,6,샷 추가 (+1),500
2538,4,HOT,0
2538,2,Grande,500
2538,13,더 달게,0
2538,6,샷 추가 (+1),500
2539,4,HOT,0
2539,1,Tall,0
2540,5,ICE,0
2540,3,Venti,1000
2540,11,기본,0
2541,5,ICE,0
2541,3,Venti,1000
2541,10,휘핑크림 추가,500
2542,4,HOT,0
2542,1,Tall,0
2542,6,샷 추가 (+1),500
2543,4,HOT,0
2543,1,Tall,0
2544,4,HOT,0
2544,1,Tall,0
2544,11,기본,0
2545,5,ICE,0
2545,2,Grande,500
2546,5,ICE,0
2546,3,Venti,1000
2546,13,더 달게,0
2547,4,HOT,0
2547,2,Grande,500
2547,13,더 달게,0
2548,5,ICE,0
2548,2,Grande,500
2548,12,덜 달게,0
2548,6,샷 추가 (+1),500
2549,4,HOT,0
2549,2,Grande,500
2549,11,기본,0
2550,4,HOT,0
2550,1,Tall,0
2550,13,더 달게,0
2551,5,ICE,0
2551,1,Tall,0
2551,6,샷 추가 (+1),500
2551,7,바닐라 시럽,300
2552,4,HOT,0
2552,3,Venti,1000
2552,13,더 달게,0
2552,6,샷 추가 (+1),500
2552,9,카라멜 시럽,300
2553,5,ICE,0
2553,2,Grande,500
2554,5,ICE,0
2554,3,Venti,1000
2554,11,기본,0
2554,6,샷 추가 (+1),500
2555,5,ICE,0
2555,2,Grande,500
2555,13,더 달게,0
2555,6,샷 추가 (+1),500
2556,4,HOT,0
2556,1,Tall,0
2557,4,HOT,0
2557,2,Grande,500
2557,11,기본,0
2558,5,ICE,0
2558,1,Tall,0
2558,11,기본,0
2559,5,ICE,0
2559,2,Grande,500
2559,13,더 달게,0
2559,7,바닐라 시럽,300
2560,5,ICE,0
2560,1,Tall,0
2560,12,덜 달게,0
2560,6,샷 추가 (+1),500
2561,4,HOT,0
2561,2,Grande,500
2561,13,더 달게,0
2562,5,ICE,0
2562,2,Grande,500
2562,11,기본,0
2563,4,HOT,0
2563,2,Grande,500
2563,11,기본,0
2564,5,ICE,0
2564,3,Venti,1000
2564,11,기본,0
2564,10,휘핑크림 추가,500
2565,5,ICE,0
2565,3,Venti,1000
2566,4,HOT,0
2566,2,Grande,500
2566,12,덜 달게,0
2567,5,ICE,0
2567,1,Tall,0
2567,10,휘핑크림 추가,500
2568,5,ICE,0
2568,3,Venti,1000
2568,13,더 달게,0
2568,8,헤이즐넛 시럽,300
2568,10,휘핑크림 추가,500
2569,5,ICE,0
2569,2,Grande,500
2569,12,덜 달게,0
2569,7,바닐라 시럽,300
2570,4,HOT,0
2570,2,Grande,500
2570,12,덜 달게,0
2570,6,샷 추가 (+1),500
2571,5,ICE,0
2571,2,Grande,500
2571,11,기본,0
2572,4,HOT,0
2572,1,Tall,0
2572,11,기본,0
2572,7,바닐라 시럽,300
2573,5,ICE,0
2573,1,Tall,0
2573,11,기본,0
2574,4,HOT,0
2574,3,Venti,1000
2574,11,기본,0
2574,6,샷 추가 (+1),500
2575,4,HOT,0
2575,1,Tall,0
2575,12,덜 달게,0
2575,6,샷 추가 (+1),500
2576,5,ICE,0
2576,1,Tall,0
2576,12,덜 달게,0
2576,6,샷 추가 (+1),500
2577,5,ICE,0
2577,1,Tall,0
2577,12,덜 달게,0
2578,4,HOT,0
2578,3,Venti,1000
2578,11,기본,0
2579,4,HOT,0
2579,3,Venti,1000
2579,11,기본,0
2579,10,휘핑크림 추가,500
2580,4,HOT,0
2580,3,Venti,1000
2580,6,샷 추가 (+1),500
2581,4,HOT,0
2581,3,Venti,1000
2581,12,덜 달게,0
2581,6,샷 추가 (+1),500
2582,5,ICE,0
2582,1,Tall,0
2583,4,HOT,0
2583,2,Grande,500
2584,5,ICE,0
2584,2,Grande,500
2584,13,더 달게,0
2584,10,휘핑크림 추가,500
2585,4,HOT,0
2585,3,Venti,1000
2585,12,덜 달게,0
2585,6,샷 추가 (+1),500
2586,5,ICE,0
2586,1,Tall,0
2586,11,기본,0
2587,5,ICE,0
2587,2,Grande,500
2587,11,기본,0
2587,9,카라멜 시럽,300
2588,4,HOT,0
2588,1,Tall,0
2589,4,HOT,0
2589,1,Tall,0
2589,11,기본,0
2590,5,ICE,0
2590,3,Venti,1000
2590,13,더 달게,0
2590,6,샷 추가 (+1),500
2591,5,ICE,0
2591,2,Grande,500
2591,12,덜 달게,0
2592,4,HOT,0
2592,1,Tall,0
2592,6,샷 추가 (+1),500
2593,5,ICE,0
2593,1,Tall,0
2594,4,HOT,0
2594,1,Tall,0
2594,13,더 달게,0
2594,8,헤이즐넛 시럽,300
2595,4,HOT,0
2595,1,Tall,0
2596,4,HOT,0
2596,3,Venti,1000
2597,4,HOT,0
2597,1,Tall,0
2597,13,더 달게,0
2598,5,ICE,0
2598,3,Venti,1000
2598,13,더 달게,0
2598,7,바닐라 시럽,300
2599,4,HOT,0
2599,2,Grande,500
2599,13,더 달게,0
2600,5,ICE,0
2600,1,Tall,0
2600,13,더 달게,0
2600,6,샷 추가 (+1),500
2600,8,헤이즐넛 시럽,300
2601,5,ICE,0
2601,1,Tall,0
2601,9,카라멜 시럽,300
2602,4,HOT,0
2602,1,Tall,0
2602,7,바닐라 시럽,300
2603,4,HOT,0
2603,3,Venti,1000
2604,5,ICE,0
2604,1,Tall,0
2604,13,더 달게,0
2604,6,샷 추가 (+1),500
2605,5,ICE,0
2605,2,Grande,500
2606,5,ICE,0
2606,1,Tall,0
2606,11,기본,0
2606,10,휘핑크림 추가,500
2607,4,HOT,0
2607,3,Venti,1000
2607,13,더 달게,0
2608,4,HOT,0
2608,2,Grande,500
2608,6,샷 추가 (+1),500
2609,5,ICE,0
2609,1,Tall,0
2609,13,더 달게,0
2610,4,HOT,0
2610,2,Grande,500
2610,12,덜 달게,0
2610,6,샷 추가 (+1),500
2611,4,HOT,0
2611,2,Grande,500
2611,6,샷 추가 (+1),500
2612,5,ICE,0
2612,3,Venti,1000
2612,6,샷 추가 (+1),500
2613,4,HOT,0
2613,1,Tall,0
2613,13,더 달게,0
2613,10,휘핑크림 추가,500
2614,4,HOT,0
2614,3,Venti,1000
2614,11,기본,0
2614,10,휘핑크림 추가,500
2615,5,ICE,0
2615,1,Tall,0
2615,13,더 달게,0
2616,4,HOT,0
2616,3,Venti,1000
2616,11,기본,0
2617,5,ICE,0
2617,3,Venti,1000
2618,5,ICE,0
2618,3,Venti,1000
2618,10,휘핑크림 추가,500
2619,4,HOT,0
2619,1,Tall,0
2620,4,HOT,0
2620,1,Tall,0
2620,10,휘핑크림 추가,500
2621,5,ICE,0
2621,2,Grande,500
2621,11,기본,0
2622,5,ICE,0
2622,1,Tall,0
2622,11,기본,0
2623,5,ICE,0
2623,1,Tall,0
2624,4,HOT,0
2624,1,Tall,0
2624,13,더 달게,0
2624,6,샷 추가 (+1),500
2625,5,ICE,0
2625,1,Tall,0
2625,11,기본,0
2625,7,바닐라 시럽,300
2626,5,ICE,0
2626,1,Tall,0
2627,4,HOT,0
2627,1,Tall,0
2627,6,샷 추가 (+1),500
2628,5,ICE,0
2628,2,Grande,500
2628,6,샷 추가 (+1),500
2629,5,ICE,0
2629,3,Venti,1000
2630,4,HOT,0
2630,3,Venti,1000
2630,6,샷 추가 (+1),500
2631,5,ICE,0
2631,2,Grande,500
2632,4,HOT,0
2632,1,Tall,0
2633,5,ICE,0
2633,1,Tall,0
2633,13,더 달게,0
2634,4,HOT,0
2634,1,Tall,0
2635,4,HOT,0
2635,2,Grande,500
2635,11,기본,0
2635,6,샷 추가 (+1),500
2635,10,휘핑크림 추가,500
2636,4,HOT,0
2636,1,Tall,0
2636,9,카라멜 시럽,300
2637,4,HOT,0
2637,1,Tall,0
2638,4,HOT,0
2638,2,Grande,500
2638,6,샷 추가 (+1),500
2639,4,HOT,0
2639,2,Grande,500
2639,13,더 달게,0
2640,5,ICE,0
2640,2,Grande,500
2640,6,샷 추가 (+1),500
2641,5,ICE,0
2641,1,Tall,0
2641,7,바닐라 시럽,300
2641,10,휘핑크림 추가,500
2642,5,ICE,0
2642,1,Tall,0
2642,12,덜 달게,0
2642,6,샷 추가 (+1),500
2643,4,HOT,0
2643,2,Grande,500
2643,6,샷 추가 (+1),500
2644,4,HOT,0
2644,1,Tall,0
2645,5,ICE,0
2645,1,Tall,0
2645,12,덜 달게,0
2645,7,바닐라 시럽,300
2646,5,ICE,0
2646,1,Tall,0
2647,5,ICE,0
2647,2,Grande,500
2648,5,ICE,0
2648,2,Grande,500
2649,4,HOT,0
2649,1,Tall,0
2649,6,샷 추가 (+1),500
2649,8,헤이즐넛 시럽,300
2650,4,HOT,0
2650,3,Venti,1000
2650,11,기본,0
2650,6,샷 추가 (+1),500
2651,4,HOT,0
2651,3,Venti,1000
2652,4,HOT,0
2652,1,Tall,0
2652,13,더 달게,0
2653,4,HOT,0
2653,2,Grande,500
2653,13,더 달게,0
2654,4,HOT,0
2654,3,Venti,1000
2654,6,샷 추가 (+1),500
2655,4,HOT,0
2655,2,Grande,500
2655,6,샷 추가 (+1),500
2656,5,ICE,0
2656,1,Tall,0
2657,4,HOT,0
2657,2,Grande,500
2657,13,더 달게,0
2658,5,ICE,0
2658,1,Tall,0
2659,4,HOT,0
2659,1,Tall,0
2659,13,더 달게,0
2659,6,샷 추가 (+1),500
2659,10,휘핑크림 추가,500
2660,4,HOT,0
2660,1,Tall,0
2660,11,기본,0
2661,4,HOT,0
2661,1,Tall,0
2661,11,기본,0
2662,4,HOT,0
2662,3,Venti,1000
2663,4,HOT,0
2663,3,Venti,1000
2663,13,더 달게,0
2664,5,ICE,0
2664,1,Tall,0
2665,4,HOT,0
2665,3,Venti,1000
2665,11,기본,0
2665,6,샷 추가 (+1),500
2665,10,휘핑크림 추가,500
2666,5,ICE,0
2666,1,Tall,0
2666,7,바닐라 시럽,300
2667,5,ICE,0
2667,1,Tall,0
2667,6,샷 추가 (+1),500
2668,4,HOT,0
2668,2,Grande,500
2669,4,HOT,0
2669,2,Grande,500
2670,4,HOT,0
2670,2,Grande,500
2670,11,기본,0
2671,4,HOT,0
2671,3,Venti,1000
2671,11,기본,0
2672,5,ICE,0
2672,2,Grande,500
2672,12,덜 달게,0
2672,9,카라멜 시럽,300
2673,4,HOT,0
2673,3,Venti,1000
2673,11,기본,0
2673,8,헤이즐넛 시럽,300
2674,5,ICE,0
2674,2,Grande,500
2674,6,샷 추가 (+1),500
2675,4,HOT,0
2675,1,Tall,0
2675,11,기본,0
2675,6,샷 추가 (+1),500
2676,4,HOT,0
2676,1,Tall,0
2676,13,더 달게,0
2676,6,샷 추가 (+1),500
2677,5,ICE,0
2677,2,Grande,500
2678,4,HOT,0
2678,2,Grande,500
2678,6,샷 추가 (+1),500
2679,4,HOT,0
2679,2,Grande,500
2679,11,기본,0
2679,6,샷 추가 (+1),500
2680,4,HOT,0
2680,2,Grande,500
2680,13,더 달게,0
2680,9,카라멜 시럽,300
2680,10,휘핑크림 추가,500
2681,4,HOT,0
2681,1,Tall,0
2681,13,더 달게,0
2682,5,ICE,0
2682,1,Tall,0
2682,6,샷 추가 (+1),500
2683,4,HOT,0
2683,2,Grande,500
2683,6,샷 추가 (+1),500
2683,10,휘핑크림 추가,500
2684,5,ICE,0
2684,2,Grande,500
2684,11,기본,0
2685,5,ICE,0
2685,2,Grande,500
2685,11,기본,0
2686,5,ICE,0
2686,1,Tall,0
2686,11,기본,0
2686,10,휘핑크림 추가,500
2687,5,ICE,0
2687,1,Tall,0
2687,11,기본,0
2688,4,HOT,0
2688,2,Grande,500
2688,11,기본,0
2689,4,HOT,0
2689,2,Grande,500
2689,11,기본,0
2690,5,ICE,0
2690,3,Venti,1000
2691,5,ICE,0
2691,3,Venti,1000
2691,12,덜 달게,0
2692,5,ICE,0
2692,1,Tall,0
2692,10,휘핑크림 추가,500
2693,4,HOT,0
2693,3,Venti,1000
2693,11,기본,0
2694,4,HOT,0
2694,1,Tall,0
2694,6,샷 추가 (+1),500
2695,4,HOT,0
2695,1,Tall,0
2695,11,기본,0
2695,6,샷 추가 (+1),500
2696,5,ICE,0
2696,2,Grande,500
2696,11,기본,0
2696,10,휘핑크림 추가,500
2697,5,ICE,0
2697,2,Grande,500
2697,9,카라멜 시럽,300
2698,5,ICE,0
2698,1,Tall,0
2698,11,기본,0
2699,4,HOT,0
2699,1,Tall,0
2699,12,덜 달게,0
2700,5,ICE,0
2700,1,Tall,0
2701,5,ICE,0
2701,3,Venti,1000
2701,11,기본,0
2702,5,ICE,0
2702,3,Venti,1000
2702,11,기본,0
2703,4,HOT,0
2703,2,Grande,500
2703,6,샷 추가 (+1),500
2704,4,HOT,0
2704,2,Grande,500
2704,11,기본,0
2704,6,샷 추가 (+1),500
2705,5,ICE,0
2705,2,Grande,500
2706,4,HOT,0
2706,1,Tall,0
2706,11,기본,0
2706,10,휘핑크림 추가,500
2707,5,ICE,0
2707,2,Grande,500
2707,12,덜 달게,0
2708,4,HOT,0
2708,3,Venti,1000
2709,5,ICE,0
2709,3,Venti,1000
2710,5,ICE,0
2710,2,Grande,500
2711,4,HOT,0
2711,1,Tall,0
2711,12,덜 달게,0
2711,6,샷 추가 (+1),500
2712,5,ICE,0
2712,2,Grande,500
2712,6,샷 추가 (+1),500
2713,4,HOT,0
2713,1,Tall,0
2713,12,덜 달게,0
2713,6,샷 추가 (+1),500
2713,7,바닐라 시럽,300
2714,5,ICE,0
2714,1,Tall,0
2714,7,바닐라 시럽,300
2715,5,ICE,0
2715,1,Tall,0
2715,11,기본,0
2715,6,샷 추가 (+1),500
2715,7,바닐라 시럽,300
2716,4,HOT,0
2716,1,Tall,0
2716,13,더 달게,0
2716,6,샷 추가 (+1),500
2717,4,HOT,0
2717,2,Grande,500
2717,11,기본,0
2717,6,샷 추가 (+1),500
2718,4,HOT,0
2718,2,Grande,500
2718,6,샷 추가 (+1),500
2719,4,HOT,0
2719,3,Venti,1000
2719,6,샷 추가 (+1),500
2720,5,ICE,0
2720,1,Tall,0
2720,12,덜 달게,0
2721,4,HOT,0
2721,1,Tall,0
2721,11,기본,0
2722,4,HOT,0
2722,2,Grande,500
2722,11,기본,0
2722,6,샷 추가 (+1),500
2723,4,HOT,0
2723,2,Grande,500
2724,4,HOT,0
2724,2,Grande,500
2724,11,기본,0
2724,6,샷 추가 (+1),500
2725,4,HOT,0
2725,1,Tall,0
2725,6,샷 추가 (+1),500
2725,10,휘핑크림 추가,500
2726,4,HOT,0
2726,1,Tall,0
2726,13,더 달게,0
2727,5,ICE,0
2727,2,Grande,500
2727,11,기본,0
2727,7,바닐라 시럽,300
2728,5,ICE,0
2728,1,Tall,0
2728,12,덜 달게,0
2729,4,HOT,0
2729,2,Grande,500
2729,12,덜 달게,0
2729,6,샷 추가 (+1),500
2729,8,헤이즐넛 시럽,300
2730,5,ICE,0
2730,2,Grande,500
2730,6,샷 추가 (+1),500
2730,7,바닐라 시럽,300
2731,4,HOT,0
2731,2,Grande,500
2731,11,기본,0
2731,7,바닐라 시럽,300
2732,5,ICE,0
2732,3,Venti,1000
2732,12,덜 달게,0
2732,6,샷 추가 (+1),500
2733,4,HOT,0
2733,1,Tall,0
2734,4,HOT,0
2734,1,Tall,0
2734,11,기본,0
2735,4,HOT,0
2735,2,Grande,500
2735,11,기본,0
2736,5,ICE,0
2736,1,Tall,0
2736,6,샷 추가 (+1),500
2737,4,HOT,0
2737,1,Tall,0
2738,5,ICE,0
2738,2,Grande,500
2738,11,기본,0
2739,4,HOT,0
2739,2,Grande,500
2739,12,덜 달게,0
2739,10,휘핑크림 추가,500
2740,4,HOT,0
2740,1,Tall,0
2740,12,덜 달게,0
2740,6,샷 추가 (+1),500
2741,4,HOT,0
2741,2,Grande,500
2741,12,덜 달게,0
2742,5,ICE,0
2742,1,Tall,0
2742,11,기본,0
2743,4,HOT,0
2743,2,Grande,500
2744,4,HOT,0
2744,1,Tall,0
2744,13,더 달게,0
2745,4,HOT,0
2745,1,Tall,0
2745,13,더 달게,0
2745,9,카라멜 시럽,300
2745,10,휘핑크림 추가,500
2746,4,HOT,0
2746,1,Tall,0
2746,12,덜 달게,0
2747,4,HOT,0
2747,1,Tall,0
2747,12,덜 달게,0
2748,4,HOT,0
2748,2,Grande,500
2748,13,더 달게,0
2748,10,휘핑크림 추가,500
2749,4,HOT,0
2749,2,Grande,500
2749,12,덜 달게,0
2750,4,HOT,0
2750,2,Grande,500
2751,5,ICE,0
2751,1,Tall,0
2752,5,ICE,0
2752,2,Grande,500
2752,13,더 달게,0
2753,5,ICE,0
2753,2,Grande,500
2753,12,덜 달게,0
2754,4,HOT,0
2754,1,Tall,0
2755,4,HOT,0
2755,1,Tall,0
2755,11,기본,0
2756,4,HOT,0
2756,1,Tall,0
2757,4,HOT,0
2757,1,Tall,0
2757,13,더 달게,0
2758,4,HOT,0
2758,2,Grande,500
2759,5,ICE,0
2759,1,Tall,0
2759,12,덜 달게,0
2760,4,HOT,0
2760,1,Tall,0
2760,7,바닐라 시럽,300
2761,4,HOT,0
2761,1,Tall,0
2762,4,HOT,0
2762,2,Grande,500
2762,11,기본,0
2762,6,샷 추가 (+1),500
2763,4,HOT,0
2763,2,Grande,500
2763,13,더 달게,0
2763,6,샷 추가 (+1),500
2763,8,헤이즐넛 시럽,300
2764,4,HOT,0
2764,2,Grande,500
2764,12,덜 달게,0
2765,4,HOT,0
2765,2,Grande,500
2765,13,더 달게,0
2765,9,카라멜 시럽,300
2766,4,HOT,0
2766,1,Tall,0
2766,6,샷 추가 (+1),500
2767,4,HOT,0
2767,3,Venti,1000
2767,13,더 달게,0
2767,7,바닐라 시럽,300
2768,4,HOT,0
2768,1,Tall,0
2768,13,더 달게,0
2769,4,HOT,0
2769,1,Tall,0
2769,13,더 달게,0
2770,4,HOT,0
2770,2,Grande,500
2770,11,기본,0
2770,6,샷 추가 (+1),500
2770,10,휘핑크림 추가,500
2771,4,HOT,0
2771,2,Grande,500
2771,13,더 달게,0
2772,4,HOT,0
2772,2,Grande,500
2773,4,HOT,0
2773,2,Grande,500
2773,6,샷 추가 (+1),500
2774,5,ICE,0
2774,1,Tall,0
2774,11,기본,0
2774,10,휘핑크림 추가,500
2775,5,ICE,0
2775,1,Tall,0
2775,6,샷 추가 (+1),500
2776,5,ICE,0
2776,2,Grande,500
2776,11,기본,0
2776,6,샷 추가 (+1),500
2777,4,HOT,0
2777,3,Venti,1000
2778,4,HOT,0
2778,1,Tall,0
2778,13,더 달게,0
2779,4,HOT,0
2779,2,Grande,500
2779,12,덜 달게,0
2780,5,ICE,0
2780,1,Tall,0
2780,10,휘핑크림 추가,500
2781,4,HOT,0
2781,2,Grande,500
2781,11,기본,0
2781,9,카라멜 시럽,300
2781,10,휘핑크림 추가,500
2782,5,ICE,0
2782,1,Tall,0
2782,11,기본,0
2783,4,HOT,0
2783,2,Grande,500
2784,4,HOT,0
2784,1,Tall,0
2784,9,카라멜 시럽,300
2785,4,HOT,0
2785,1,Tall,0
2785,11,기본,0
2785,10,휘핑크림 추가,500
2786,4,HOT,0
2786,3,Venti,1000
2786,12,덜 달게,0
2786,9,카라멜 시럽,300
2787,4,HOT,0
2787,1,Tall,0
2787,11,기본,0
2788,5,ICE,0
2788,2,Grande,500
2788,13,더 달게,0
2789,5,ICE,0
2789,1,Tall,0
2789,11,기본,0
2789,8,헤이즐넛 시럽,300
2790,5,ICE,0
2790,1,Tall,0
2790,11,기본,0
2790,6,샷 추가 (+1),500
2791,4,HOT,0
2791,1,Tall,0
2791,11,기본,0
2791,8,헤이즐넛 시럽,300
2792,5,ICE,0
2792,1,Tall,0
2792,11,기본,0
2792,6,샷 추가 (+1),500
2793,4,HOT,0
2793,1,Tall,0
2793,12,덜 달게,0
2793,7,바닐라 시럽,300
2794,4,HOT,0
2794,2,Grande,500
2795,4,HOT,0
2795,2,Grande,500
2795,12,덜 달게,0
2796,5,ICE,0
2796,2,Grande,500
2796,10,휘핑크림 추가,500
2797,4,HOT,0
2797,1,Tall,0
2798,4,HOT,0
2798,2,Grande,500
2798,11,기본,0
2799,5,ICE,0
2799,2,Grande,500
2799,9,카라멜 시럽,300
2800,5,ICE,0
2800,2,Grande,500
2801,5,ICE,0
2801,3,Venti,1000
2801,11,기본,0
2801,7,바닐라 시럽,300
2802,4,HOT,0
2802,2,Grande,500
2802,12,덜 달게,0
2803,5,ICE,0
2803,2,Grande,500
2803,11,기본,0
2803,6,샷 추가 (+1),500
2804,4,HOT,0
2804,3,Venti,1000
2804,12,덜 달게,0
2804,6,샷 추가 (+1),500
2805,4,HOT,0
2805,2,Grande,500
2806,4,HOT,0
2806,2,Grande,500
2806,11,기본,0
2807,5,ICE,0
2807,3,Venti,1000
2807,6,샷 추가 (+1),500
2808,4,HOT,0
2808,2,Grande,500
2808,6,샷 추가 (+1),500
2809,4,HOT,0
2809,1,Tall,0
2809,13,더 달게,0
2810,4,HOT,0
2810,2,Grande,500
2810,11,기본,0
2811,4,HOT,0
2811,1,Tall,0
2811,11,기본,0
2812,4,HOT,0
2812,2,Grande,500
2812,13,더 달게,0
2812,10,휘핑크림 추가,500
2813,4,HOT,0
2813,1,Tall,0
2813,8,헤이즐넛 시럽,300
2814,5,ICE,0
2814,2,Grande,500
2814,11,기본,0
2814,7,바닐라 시럽,300
2815,4,HOT,0
2815,1,Tall,0
2816,4,HOT,0
2816,1,Tall,0
2817,4,HOT,0
2817,1,Tall,0
2817,12,덜 달게,0
2818,4,HOT,0
2818,2,Grande,500
2819,4,HOT,0
2819,3,Venti,1000
2819,11,기본,0
2819,6,샷 추가 (+1),500
2820,4,HOT,0
2820,2,Grande,500
2820,8,헤이즐넛 시럽,300
2821,5,ICE,0
2821,2,Grande,500
2821,13,더 달게,0
2822,4,HOT,0
2822,1,Tall,0
2822,13,더 달게,0
2822,6,샷 추가 (+1),500
2823,5,ICE,0
2823,2,Grande,500
2823,13,더 달게,0
2823,6,샷 추가 (+1),500
2823,9,카라멜 시럽,300
2824,5,ICE,0
2824,1,Tall,0
2824,11,기본,0
2825,4,HOT,0
2825,2,Grande,500
2825,7,바닐라 시럽,300
2826,4,HOT,0
2826,3,Venti,1000
2826,6,샷 추가 (+1),500
2827,4,HOT,0
2827,1,Tall,0
2827,6,샷 추가 (+1),500
2828,5,ICE,0
2828,3,Venti,1000
2828,10,휘핑크림 추가,500
2829,5,ICE,0
2829,3,Venti,1000
2830,4,HOT,0
2830,2,Grande,500
2830,11,기본,0
2830,8,헤이즐넛 시럽,300
2831,4,HOT,0
2831,1,Tall,0
2831,11,기본,0
2831,6,샷 추가 (+1),500
2832,4,HOT,0
2832,2,Grande,500
2832,11,기본,0
2832,6,샷 추가 (+1),500
2833,4,HOT,0
2833,2,Grande,500
2833,12,덜 달게,0
2833,6,샷 추가 (+1),500
2833,7,바닐라 시럽,300
2834,5,ICE,0
2834,1,Tall,0
2834,11,기본,0
2835,5,ICE,0
2835,2,Grande,500
2835,11,기본,0
2836,5,ICE,0
2836,2,Grande,500
2836,11,기본,0
2836,9,카라멜 시럽,300
2837,4,HOT,0
2837,1,Tall,0
2837,12,덜 달게,0
2838,4,HOT,0
2838,2,Grande,500
2838,7,바닐라 시럽,300
2839,4,HOT,0
2839,1,Tall,0
2839,12,덜 달게,0
2840,4,HOT,0
2840,2,Grande,500
2840,13,더 달게,0
2840,6,샷 추가 (+1),500
2841,5,ICE,0
2841,2,Grande,500
2841,11,기본,0
2841,6,샷 추가 (+1),500
2842,4,HOT,0
2842,1,Tall,0
2842,13,더 달게,0
2843,4,HOT,0
2843,1,Tall,0
2843,6,샷 추가 (+1),500
2844,5,ICE,0
2844,2,Grande,500
2844,12,덜 달게,0
2844,9,카라멜 시럽,300
2845,4,HOT,0
2845,1,Tall,0
2846,5,ICE,0
2846,1,Tall,0
2847,4,HOT,0
2847,2,Grande,500
2847,13,더 달게,0
2847,8,헤이즐넛 시럽,300
2848,4,HOT,0
2848,2,Grande,500
2848,11,기본,0
2848,9,카라멜 시럽,300
2849,5,ICE,0
2849,3,Venti,1000
2849,11,기본,0
2850,5,ICE,0
2850,2,Grande,500
2850,12,덜 달게,0
2850,6,샷 추가 (+1),500
2851,4,HOT,0
2851,1,Tall,0
2851,11,기본,0
2852,5,ICE,0
2852,1,Tall,0
2853,4,HOT,0
2853,2,Grande,500
2853,11,기본,0
2854,4,HOT,0
2854,1,Tall,0
2854,12,덜 달게,0
2854,6,샷 추가 (+1),500
2855,5,ICE,0
2855,1,Tall,0
2855,11,기본,0
2855,7,바닐라 시럽,300
2856,4,HOT,0
2856,2,Grande,500
2856,13,더 달게,0
2856,6,샷 추가 (+1),500
2857,5,ICE,0
2857,3,Venti,1000
2857,13,더 달게,0
2858,4,HOT,0
2858,1,Tall,0
2858,6,샷 추가 (+1),500
2858,10,휘핑크림 추가,500
2859,4,HOT,0
2859,3,Venti,1000
2859,13,더 달게,0
2860,4,HOT,0
2860,1,Tall,0
2860,8,헤이즐넛 시럽,300
2861,5,ICE,0
2861,2,Grande,500
2862,4,HOT,0
2862,3,Venti,1000
2863,5,ICE,0
2863,2,Grande,500
2864,5,ICE,0
2864,2,Grande,500
2865,4,HOT,0
2865,1,Tall,0
2865,11,기본,0
2865,8,헤이즐넛 시럽,300
2866,5,ICE,0
2866,1,Tall,0
2866,11,기본,0
2867,4,HOT,0
2867,2,Grande,500
2867,13,더 달게,0
2868,4,HOT,0
2868,2,Grande,500
2868,13,더 달게,0
2868,10,휘핑크림 추가,500
2869,4,HOT,0
2869,2,Grande,500
2869,12,덜 달게,0
2870,4,HOT,0
2870,3,Venti,1000
2870,11,기본,0
2870,10,휘핑크림 추가,500
2871,4,HOT,0
2871,1,Tall,0
2871,12,덜 달게,0
2871,6,샷 추가 (+1),500
2872,5,ICE,0
2872,1,Tall,0
2872,11,기본,0
2873,4,HOT,0
2873,3,Venti,1000
2873,6,샷 추가 (+1),500
2873,8,헤이즐넛 시럽,300
2874,4,HOT,0
2874,2,Grande,500
2874,13,더 달게,0
2874,6,샷 추가 (+1),500
2875,5,ICE,0
2875,2,Grande,500
2876,4,HOT,0
2876,1,Tall,0
2876,11,기본,0
2876,8,헤이즐넛 시럽,300
2877,5,ICE,0
2877,2,Grande,500
2877,6,샷 추가 (+1),500
2878,4,HOT,0
2878,3,Venti,1000
2878,6,샷 추가 (+1),500
2878,9,카라멜 시럽,300
2879,5,ICE,0
2879,2,Grande,500
2879,11,기본,0
2879,6,샷 추가 (+1),500
2879,7,바닐라 시럽,300
2880,4,HOT,0
2880,1,Tall,0
2880,13,더 달게,0
2880,7,바닐라 시럽,300
2881,5,ICE,0
2881,2,Grande,500
2881,12,덜 달게,0
2882,4,HOT,0
2882,2,Grande,500
2882,13,더 달게,0
2883,5,ICE,0
2883,1,Tall,0
2884,5,ICE,0
2884,2,Grande,500
2884,12,덜 달게,0
2885,5,ICE,0
2885,3,Venti,1000
2886,4,HOT,0
2886,1,Tall,0
2886,9,카라멜 시럽,300
2886,10,휘핑크림 추가,500
2887,4,HOT,0
2887,2,Grande,500
2887,11,기본,0
2887,8,헤이즐넛 시럽,300
2888,4,HOT,0
2888,2,Grande,500
2888,13,더 달게,0
2888,6,샷 추가 (+1),500
2888,8,헤이즐넛 시럽,300
2889,4,HOT,0
2889,2,Grande,500
2889,11,기본,0
2889,9,카라멜 시럽,300
2890,4,HOT,0
2890,1,Tall,0
2891,5,ICE,0
2891,2,Grande,500
2891,6,샷 추가 (+1),500
2892,5,ICE,0
2892,2,Grande,500
2892,12,덜 달게,0
2893,4,HOT,0
2893,1,Tall,0
2893,11,기본,0
2893,7,바닐라 시럽,300
2894,5,ICE,0
2894,2,Grande,500
2895,5,ICE,0
2895,1,Tall,0
2895,11,기본,0
2895,8,헤이즐넛 시럽,300
2896,4,HOT,0
2896,2,Grande,500
2896,6,샷 추가 (+1),500
2897,4,HOT,0
2897,2,Grande,500
2898,4,HOT,0
2898,3,Venti,1000
2898,11,기본,0
2898,6,샷 추가 (+1),500
2899,4,HOT,0
2899,1,Tall,0
2899,13,더 달게,0
2900,4,HOT,0
2900,1,Tall,0
2900,13,더 달게,0
2901,4,HOT,0
2901,2,Grande,500
2901,12,덜 달게,0
2901,8,헤이즐넛 시럽,300
2902,4,HOT,0
2902,2,Grande,500
2902,13,더 달게,0
2902,6,샷 추가 (+1),500
2902,10,휘핑크림 추가,500
2903,5,ICE,0
2903,3,Venti,1000
2903,8,헤이즐넛 시럽,300
2904,5,ICE,0
2904,1,Tall,0
2904,6,샷 추가 (+1),500
2905,4,HOT,0
2905,3,Venti,1000
2905,11,기본,0
2906,4,HOT,0
2906,1,Tall,0
2906,13,더 달게,0
2907,4,HOT,0
2907,3,Venti,1000
2908,5,ICE,0
2908,1,Tall,0
2908,12,덜 달게,0
2908,6,샷 추가 (+1),500
2909,5,ICE,0
2909,1,Tall,0
2909,13,더 달게,0
2910,4,HOT,0
2910,2,Grande,500
2910,11,기본,0
2910,10,휘핑크림 추가,500
2911,5,ICE,0
2911,1,Tall,0
2911,11,기본,0
2912,4,HOT,0
2912,2,Grande,500
2912,12,덜 달게,0
2913,4,HOT,0
2913,2,Grande,500
2913,12,덜 달게,0
2913,7,바닐라 시럽,300
2914,4,HOT,0
2914,1,Tall,0
2915,5,ICE,0
2915,3,Venti,1000
2915,11,기본,0
2915,10,휘핑크림 추가,500
2916,4,HOT,0
2916,1,Tall,0
2916,13,더 달게,0
2917,4,HOT,0
2917,1,Tall,0
2917,11,기본,0
2917,6,샷 추가 (+1),500
2918,5,ICE,0
2918,1,Tall,0
2918,12,덜 달게,0
2918,6,샷 추가 (+1),500
2919,5,ICE,0
2919,2,Grande,500
2919,11,기본,0
2920,4,HOT,0
2920,3,Venti,1000
2920,11,기본,0
2921,5,ICE,0
2921,2,Grande,500
2921,13,더 달게,0
2921,6,샷 추가 (+1),500
2922,4,HOT,0
2922,3,Venti,1000
2923,5,ICE,0
2923,3,Venti,1000
2923,11,기본,0
2923,6,샷 추가 (+1),500
2924,5,ICE,0
2924,2,Grande,500
2924,6,샷 추가 (+1),500
2925,5,ICE,0
2925,2,Grande,500
2926,4,HOT,0
2926,3,Venti,1000
2926,12,덜 달게,0
2927,5,ICE,0
2927,2,Grande,500
2927,6,샷 추가 (+1),500
2928,4,HOT,0
2928,2,Grande,500
2928,11,기본,0
2928,10,휘핑크림 추가,500
2929,5,ICE,0
2929,2,Grande,500
2929,13,더 달게,0
2929,6,샷 추가 (+1),500
2930,4,HOT,0
2930,2,Grande,500
2930,13,더 달게,0
2931,5,ICE,0
2931,2,Grande,500
2931,12,덜 달게,0
2931,10,휘핑크림 추가,500
2932,5,ICE,0
2932,3,Venti,1000
2933,4,HOT,0
2933,2,Grande,500
2933,10,휘핑크림 추가,500
2934,5,ICE,0
2934,2,Grande,500
2934,11,기본,0
2935,4,HOT,0
2935,2,Grande,500
2935,11,기본,0
2935,8,헤이즐넛 시럽,300
2936,5,ICE,0
2936,2,Grande,500
2936,6,샷 추가 (+1),500
2936,8,헤이즐넛 시럽,300
2936,10,휘핑크림 추가,500
2937,4,HOT,0
2937,2,Grande,500
2937,11,기본,0
2938,4,HOT,0
2938,1,Tall,0
2938,11,기본,0
2939,5,ICE,0
2939,2,Grande,500
2940,4,HOT,0
2940,3,Venti,1000
2940,6,샷 추가 (+1),500
2940,8,헤이즐넛 시럽,300
2941,5,ICE,0
2941,2,Grande,500
2941,13,더 달게,0
2942,5,ICE,0
2942,2,Grande,500
2943,4,HOT,0
2943,1,Tall,0
2943,13,더 달게,0
2944,5,ICE,0
2944,2,Grande,500
2944,9,카라멜 시럽,300
2945,4,HOT,0
2945,2,Grande,500
2945,11,기본,0
2946,4,HOT,0
2946,2,Grande,500
2946,11,기본,0
2947,4,HOT,0
2947,1,Tall,0
2947,11,기본,0
2948,4,HOT,0
2948,1,Tall,0
2948,11,기본,0
2949,5,ICE,0
2949,2,Grande,500
2949,11,기본,0
2950,4,HOT,0
2950,2,Grande,500
2950,11,기본,0
2951,4,HOT,0
2951,2,Grande,500
2952,5,ICE,0
2952,2,Grande,500
2952,12,덜 달게,0
2953,5,ICE,0
2953,1,Tall,0
2953,11,기본,0
2953,6,샷 추가 (+1),500
2954,4,HOT,0
2954,1,Tall,0
2954,11,기본,0
2955,5,ICE,0
2955,3,Venti,1000
2956,5,ICE,0
2956,2,Grande,500
2956,11,기본,0
2956,6,샷 추가 (+1),500
2956,8,헤이즐넛 시럽,300
2957,4,HOT,0
2957,2,Grande,500
2957,10,휘핑크림 추가,500
2958,5,ICE,0
2958,3,Venti,1000
2959,5,ICE,0
2959,2,Grande,500
2959,12,덜 달게,0
2959,6,샷 추가 (+1),500
2960,4,HOT,0
2960,1,Tall,0
2960,11,기본,0
2961,4,HOT,0
2961,3,Venti,1000
2961,11,기본,0
2961,6,샷 추가 (+1),500
2962,4,HOT,0
2962,3,Venti,1000
2963,5,ICE,0
2963,2,Grande,500
2963,11,기본,0
2963,10,휘핑크림 추가,500
2964,4,HOT,0
2964,1,Tall,0
2964,12,덜 달게,0
2965,4,HOT,0
2965,3,Venti,1000
2965,12,덜 달게,0
2966,4,HOT,0
2966,2,Grande,500
2967,5,ICE,0
2967,3,Venti,1000
2967,6,샷 추가 (+1),500
2968,4,HOT,0
2968,1,Tall,0
2968,11,기본,0
2968,6,샷 추가 (+1),500
2969,5,ICE,0
2969,1,Tall,0
2970,5,ICE,0
2970,2,Grande,500
2970,12,덜 달게,0
2970,6,샷 추가 (+1),500
2971,4,HOT,0
2971,1,Tall,0
2971,12,덜 달게,0
2971,6,샷 추가 (+1),500
2972,5,ICE,0
2972,1,Tall,0
2973,5,ICE,0
2973,1,Tall,0
2973,6,샷 추가 (+1),500
2974,5,ICE,0
2974,1,Tall,0
2974,12,덜 달게,0
2975,5,ICE,0
2975,2,Grande,500
2975,12,덜 달게,0
2976,5,ICE,0
2976,1,Tall,0
2976,11,기본,0
2977,4,HOT,0
2977,3,Venti,1000
2977,13,더 달게,0
2978,4,HOT,0
2978,3,Venti,1000
2978,13,더 달게,0
2978,9,카라멜 시럽,300
2979,4,HOT,0
2979,2,Grande,500
2979,12,덜 달게,0
2980,4,HOT,0
2980,2,Grande,500
2981,5,ICE,0
2981,1,Tall,0
2981,10,휘핑크림 추가,500
2982,4,HOT,0
2982,2,Grande,500
2982,6,샷 추가 (+1),500
2982,8,헤이즐넛 시럽,300
2983,4,HOT,0
2983,1,Tall,0
2984,4,HOT,0
2984,1,Tall,0
2985,4,HOT,0
2985,3,Venti,1000
2985,9,카라멜 시럽,300
2986,5,ICE,0
2986,1,Tall,0
2986,6,샷 추가 (+1),500
2986,8,헤이즐넛 시럽,300
2987,4,HOT,0
2987,3,Venti,1000
2987,10,휘핑크림 추가,500
2988,4,HOT,0
2988,3,Venti,1000
2989,5,ICE,0
2989,1,Tall,0
2989,6,샷 추가 (+1),500
2989,10,휘핑크림 추가,500
2990,4,HOT,0
2990,1,Tall,0
2990,11,기본,0
2991,5,ICE,0
2991,3,Venti,1000
2991,6,샷 추가 (+1),500
2991,9,카라멜 시럽,300
2992,4,HOT,0
2992,2,Grande,500
2992,12,덜 달게,0
2992,6,샷 추가 (+1),500
2993,5,ICE,0
2993,3,Venti,1000
2993,6,샷 추가 (+1),500
2994,4,HOT,0
2994,1,Tall,0
2994,7,바닐라 시럽,300
2995,4,HOT,0
2995,1,Tall,0
2995,6,샷 추가 (+1),500
2996,5,ICE,0
2996,1,Tall,0
2996,11,기본,0
2996,8,헤이즐넛 시럽,300
2996,10,휘핑크림 추가,500
2997,5,ICE,0
2997,2,Grande,500
2998,4,HOT,0
2998,2,Grande,500
2999,4,HOT,0
2999,2,Grande,500
2999,11,기본,0
3000,4,HOT,0
3000,2,Grande,500
3000,11,기본,0
3001,4,HOT,0
3001,3,Venti,1000
3001,10,휘핑크림 추가,500
3002,4,HOT,0
3002,1,Tall,0
3002,11,기본,0
3003,4,HOT,0
3003,2,Grande,500
3003,13,더 달게,0
3004,4,HOT,0
3004,1,Tall,0
3004,6,샷 추가 (+1),500
3005,4,HOT,0
3005,3,Venti,1000
3005,13,더 달게,0
3006,4,HOT,0
3006,2,Grande,500
3006,11,기본,0
3006,9,카라멜 시럽,300
3007,5,ICE,0
3007,1,Tall,0
3007,6,샷 추가 (+1),500
3008,5,ICE,0
3008,1,Tall,0
3008,11,기본,0
3008,9,카라멜 시럽,300
3009,4,HOT,0
3009,2,Grande,500
3009,11,기본,0
3009,8,헤이즐넛 시럽,300
3010,4,HOT,0
3010,3,Venti,1000
3010,6,샷 추가 (+1),500
3011,5,ICE,0
3011,2,Grande,500
3011,6,샷 추가 (+1),500
3012,4,HOT,0
3012,2,Grande,500
3012,11,기본,0
3012,9,카라멜 시럽,300
3013,5,ICE,0
3013,1,Tall,0
3013,13,더 달게,0
3013,6,샷 추가 (+1),500
3014,5,ICE,0
3014,1,Tall,0
3014,6,샷 추가 (+1),500
3015,5,ICE,0
3015,2,Grande,500
3015,13,더 달게,0
3016,4,HOT,0
3016,2,Grande,500
3016,11,기본,0
3016,6,샷 추가 (+1),500
3017,4,HOT,0
3017,2,Grande,500
3017,12,덜 달게,0
3018,4,HOT,0
3018,1,Tall,0
3018,11,기본,0
3019,4,HOT,0
3019,1,Tall,0
3019,11,기본,0
3019,6,샷 추가 (+1),500
3020,5,ICE,0
3020,2,Grande,500
3020,12,덜 달게,0
3021,4,HOT,0
3021,2,Grande,500
3021,11,기본,0
3022,4,HOT,0
3022,2,Grande,500
3022,11,기본,0
3023,4,HOT,0
3023,1,Tall,0
3024,5,ICE,0
3024,1,Tall,0
3024,13,더 달게,0
3025,4,HOT,0
3025,1,Tall,0
3026,4,HOT,0
3026,3,Venti,1000
3026,6,샷 추가 (+1),500
3027,5,ICE,0
3027,3,Venti,1000
3027,6,샷 추가 (+1),500
3028,4,HOT,0
3028,2,Grande,500
3028,13,더 달게,0
3028,9,카라멜 시럽,300
3029,5,ICE,0
3029,2,Grande,500
3029,11,기본,0
3030,4,HOT,0
3030,1,Tall,0
3030,10,휘핑크림 추가,500
3031,5,ICE,0
3031,2,Grande,500
3031,7,바닐라 시럽,300
3032,5,ICE,0
3032,1,Tall,0
3032,12,덜 달게,0
3032,6,샷 추가 (+1),500
3033,4,HOT,0
3033,1,Tall,0
3034,4,HOT,0
3034,1,Tall,0
3034,11,기본,0
3034,9,카라멜 시럽,300
3035,5,ICE,0
3035,2,Grande,500
3035,12,덜 달게,0
3036,4,HOT,0
3036,3,Venti,1000
3036,11,기본,0
3036,10,휘핑크림 추가,500
3037,5,ICE,0
3037,2,Grande,500
3037,11,기본,0
3037,6,샷 추가 (+1),500
3038,4,HOT,0
3038,3,Venti,1000
3039,4,HOT,0
3039,3,Venti,1000
3040,5,ICE,0
3040,1,Tall,0
3040,12,덜 달게,0
3040,8,헤이즐넛 시럽,300
3041,4,HOT,0
3041,1,Tall,0
3041,13,더 달게,0
3042,4,HOT,0
3042,1,Tall,0
3042,13,더 달게,0
3043,5,ICE,0
3043,3,Venti,1000
3043,13,더 달게,0
3044,4,HOT,0
3044,2,Grande,500
3044,11,기본,0
3045,5,ICE,0
3045,2,Grande,500
3046,4,HOT,0
3046,2,Grande,500
3046,11,기본,0
3047,4,HOT,0
3047,2,Grande,500
3047,13,더 달게,0
3047,9,카라멜 시럽,300
3048,4,HOT,0
3048,2,Grande,500
3048,13,더 달게,0
3048,6,샷 추가 (+1),500
3049,4,HOT,0
3049,2,Grande,500
3049,6,샷 추가 (+1),500
3049,8,헤이즐넛 시럽,300
3050,4,HOT,0
3050,1,Tall,0
3050,11,기본,0
3050,6,샷 추가 (+1),500
3051,5,ICE,0
3051,2,Grande,500
3051,13,더 달게,0
3052,4,HOT,0
3052,1,Tall,0
3052,11,기본,0
3053,4,HOT,0
3053,2,Grande,500
3053,13,더 달게,0
3054,4,HOT,0
3054,3,Venti,1000
3054,12,덜 달게,0
3055,4,HOT,0
3055,2,Grande,500
3055,13,더 달게,0
3055,7,바닐라 시럽,300
3056,4,HOT,0
3056,2,Grande,500
3056,13,더 달게,0
3057,4,HOT,0
3057,2,Grande,500
3057,6,샷 추가 (+1),500
3058,4,HOT,0
3058,1,Tall,0
3058,13,더 달게,0
3058,7,바닐라 시럽,300
3059,4,HOT,0
3059,1,Tall,0
3060,5,ICE,0
3060,2,Grande,500
3060,13,더 달게,0
3061,5,ICE,0
3061,2,Grande,500
3061,12,덜 달게,0
3062,5,ICE,0
3062,1,Tall,0
3062,12,덜 달게,0
3063,4,HOT,0
3063,1,Tall,0
3063,12,덜 달게,0
3063,9,카라멜 시럽,300
3064,4,HOT,0
3064,2,Grande,500
3064,9,카라멜 시럽,300
3065,4,HOT,0
3065,1,Tall,0
3066,4,HOT,0
3066,3,Venti,1000
3066,6,샷 추가 (+1),500
3067,4,HOT,0
3067,2,Grande,500
3067,11,기본,0
3067,6,샷 추가 (+1),500
3067,10,휘핑크림 추가,500
3068,5,ICE,0
3068,2,Grande,500
3068,11,기본,0
3068,6,샷 추가 (+1),500
3068,7,바닐라 시럽,300
3069,4,HOT,0
3069,2,Grande,500
3069,13,더 달게,0
3070,5,ICE,0
3070,1,Tall,0
3071,4,HOT,0
3071,2,Grande,500
3072,4,HOT,0
3072,1,Tall,0
3072,13,더 달게,0
3072,6,샷 추가 (+1),500
3073,4,HOT,0
3073,1,Tall,0
3073,11,기본,0
3073,6,샷 추가 (+1),500
3074,4,HOT,0
3074,1,Tall,0
3074,12,덜 달게,0
3074,6,샷 추가 (+1),500
3075,5,ICE,0
3075,3,Venti,1000
3076,5,ICE,0
3076,1,Tall,0
3076,10,휘핑크림 추가,500
3077,5,ICE,0
3077,3,Venti,1000
3077,6,샷 추가 (+1),500
3077,9,카라멜 시럽,300
3077,10,휘핑크림 추가,500
3078,4,HOT,0
3078,2,Grande,500
3078,11,기본,0
3079,5,ICE,0
3079,2,Grande,500
3079,13,더 달게,0
3080,5,ICE,0
3080,1,Tall,0
3081,4,HOT,0
3081,1,Tall,0
3081,9,카라멜 시럽,300
3082,4,HOT,0
3082,2,Grande,500
3082,11,기본,0
3082,8,헤이즐넛 시럽,300
3083,5,ICE,0
3083,1,Tall,0
3083,11,기본,0
3084,5,ICE,0
3084,2,Grande,500
3084,7,바닐라 시럽,300
3085,5,ICE,0
3085,2,Grande,500
3085,11,기본,0
3085,9,카라멜 시럽,300
3085,10,휘핑크림 추가,500
3086,4,HOT,0
3086,3,Venti,1000
3087,4,HOT,0
3087,3,Venti,1000
3087,13,더 달게,0
3088,5,ICE,0
3088,2,Grande,500
3088,11,기본,0
3089,4,HOT,0
3089,2,Grande,500
3090,5,ICE,0
3090,2,Grande,500
3091,4,HOT,0
3091,2,Grande,500
3091,7,바닐라 시럽,300
3092,5,ICE,0
3092,3,Venti,1000
3092,8,헤이즐넛 시럽,300
3093,5,ICE,0
3093,3,Venti,1000
3093,11,기본,0
3094,5,ICE,0
3094,2,Grande,500
3094,13,더 달게,0
3095,5,ICE,0
3095,2,Grande,500
3095,11,기본,0
3095,10,휘핑크림 추가,500
3096,4,HOT,0
3096,3,Venti,1000
3096,11,기본,0
3097,5,ICE,0
3097,1,Tall,0
3097,12,덜 달게,0
3098,4,HOT,0
3098,2,Grande,500
3098,6,샷 추가 (+1),500
3099,5,ICE,0
3099,2,Grande,500
3099,12,덜 달게,0
3099,6,샷 추가 (+1),500
3100,4,HOT,0
3100,3,Venti,1000
3100,11,기본,0
3101,4,HOT,0
3101,3,Venti,1000
3101,6,샷 추가 (+1),500
3102,4,HOT,0
3102,2,Grande,500
3102,10,휘핑크림 추가,500
3103,4,HOT,0
3103,2,Grande,500
3104,4,HOT,0
3104,3,Venti,1000
3105,4,HOT,0
3105,1,Tall,0
3105,6,샷 추가 (+1),500
3105,10,휘핑크림 추가,500
3106,5,ICE,0
3106,1,Tall,0
3106,6,샷 추가 (+1),500
3107,4,HOT,0
3107,1,Tall,0
3107,11,기본,0
3108,4,HOT,0
3108,1,Tall,0
3109,4,HOT,0
3109,2,Grande,500
3110,4,HOT,0
3110,2,Grande,500
3110,11,기본,0
3111,5,ICE,0
3111,2,Grande,500
3111,13,더 달게,0
3111,8,헤이즐넛 시럽,300
3112,4,HOT,0
3112,1,Tall,0
3112,12,덜 달게,0
3112,6,샷 추가 (+1),500
3112,9,카라멜 시럽,300
3113,4,HOT,0
3113,3,Venti,1000
3113,13,더 달게,0
3114,5,ICE,0
3114,2,Grande,500
3114,13,더 달게,0
3114,6,샷 추가 (+1),500
3115,4,HOT,0
3115,3,Venti,1000
3115,12,덜 달게,0
3116,5,ICE,0
3116,1,Tall,0
3116,11,기본,0
3116,8,헤이즐넛 시럽,300
3116,10,휘핑크림 추가,500
3117,4,HOT,0
3117,3,Venti,1000
3117,6,샷 추가 (+1),500
3118,4,HOT,0
3118,2,Grande,500
3118,13,더 달게,0
3118,6,샷 추가 (+1),500
3119,5,ICE,0
3119,2,Grande,500
3119,6,샷 추가 (+1),500
3119,8,헤이즐넛 시럽,300
3120,5,ICE,0
3120,2,Grande,500
3121,4,HOT,0
3121,1,Tall,0
3121,13,더 달게,0
3122,5,ICE,0
3122,2,Grande,500
3122,11,기본,0
3122,7,바닐라 시럽,300
3123,4,HOT,0
3123,3,Venti,1000
3124,4,HOT,0
3124,1,Tall,0
3124,7,바닐라 시럽,300
3125,5,ICE,0
3125,1,Tall,0
3125,12,덜 달게,0
3126,4,HOT,0
3126,1,Tall,0
3126,13,더 달게,0
3126,6,샷 추가 (+1),500
3127,5,ICE,0
3127,3,Venti,1000
3127,13,더 달게,0
3127,6,샷 추가 (+1),500
3128,5,ICE,0
3128,2,Grande,500
3128,10,휘핑크림 추가,500
3129,4,HOT,0
3129,1,Tall,0
3130,4,HOT,0
3130,1,Tall,0
3130,11,기본,0
3130,9,카라멜 시럽,300
3131,5,ICE,0
3131,2,Grande,500
3132,4,HOT,0
3132,2,Grande,500
3132,12,덜 달게,0
3133,4,HOT,0
3133,1,Tall,0
3133,11,기본,0
3133,6,샷 추가 (+1),500
3133,7,바닐라 시럽,300
3134,4,HOT,0
3134,3,Venti,1000
3134,12,덜 달게,0
3135,5,ICE,0
3135,2,Grande,500
3135,6,샷 추가 (+1),500
3136,5,ICE,0
3136,2,Grande,500
3136,11,기본,0
3137,5,ICE,0
3137,3,Venti,1000
3137,6,샷 추가 (+1),500
3138,4,HOT,0
3138,1,Tall,0
3138,11,기본,0
3138,10,휘핑크림 추가,500
3139,4,HOT,0
3139,2,Grande,500
3139,11,기본,0
3139,6,샷 추가 (+1),500
3139,10,휘핑크림 추가,500
3140,4,HOT,0
3140,2,Grande,500
3140,11,기본,0
3140,6,샷 추가 (+1),500
3141,4,HOT,0
3141,3,Venti,1000
3141,7,바닐라 시럽,300
3142,4,HOT,0
3142,3,Venti,1000
3142,11,기본,0
3142,6,샷 추가 (+1),500
3142,8,헤이즐넛 시럽,300
3143,5,ICE,0
3143,2,Grande,500
3143,6,샷 추가 (+1),500
3144,4,HOT,0
3144,2,Grande,500
3144,12,덜 달게,0
3144,6,샷 추가 (+1),500
3144,10,휘핑크림 추가,500
3145,5,ICE,0
3145,1,Tall,0
3145,11,기본,0
3145,6,샷 추가 (+1),500
3146,4,HOT,0
3146,1,Tall,0
3146,11,기본,0
3147,5,ICE,0
3147,2,Grande,500
3148,4,HOT,0
3148,2,Grande,500
3149,4,HOT,0
3149,3,Venti,1000
3149,11,기본,0
3149,6,샷 추가 (+1),500
3150,4,HOT,0
3150,2,Grande,500
3150,12,덜 달게,0
3151,5,ICE,0
3151,1,Tall,0
3151,8,헤이즐넛 시럽,300
3152,4,HOT,0
3152,2,Grande,500
3152,13,더 달게,0
3153,5,ICE,0
3153,2,Grande,500
3153,11,기본,0
3154,5,ICE,0
3154,3,Venti,1000
3154,11,기본,0
3155,5,ICE,0
3155,3,Venti,1000
3155,6,샷 추가 (+1),500
3156,4,HOT,0
3156,3,Venti,1000
3156,11,기본,0
3156,8,헤이즐넛 시럽,300
3157,4,HOT,0
3157,1,Tall,0
3157,13,더 달게,0
3157,8,헤이즐넛 시럽,300
3158,4,HOT,0
3158,1,Tall,0
3158,12,덜 달게,0
3158,6,샷 추가 (+1),500
3159,5,ICE,0
3159,2,Grande,500
3159,11,기본,0
3160,4,HOT,0
3160,2,Grande,500
3160,7,바닐라 시럽,300
3161,4,HOT,0
3161,2,Grande,500
3161,11,기본,0
3162,4,HOT,0
3162,1,Tall,0
3162,11,기본,0
3163,5,ICE,0
3163,2,Grande,500
3163,13,더 달게,0
3163,7,바닐라 시럽,300
3163,10,휘핑크림 추가,500
3164,5,ICE,0
3164,2,Grande,500
3164,13,더 달게,0
3165,4,HOT,0
3165,3,Venti,1000
3165,11,기본,0
3165,6,샷 추가 (+1),500
3166,5,ICE,0
3166,3,Venti,1000
3166,11,기본,0
3166,10,휘핑크림 추가,500
3167,5,ICE,0
3167,1,Tall,0
3167,11,기본,0
3168,5,ICE,0
3168,1,Tall,0
3168,13,더 달게,0
3168,6,샷 추가 (+1),500
3168,8,헤이즐넛 시럽,300
3169,4,HOT,0
3169,2,Grande,500
3169,12,덜 달게,0
3169,6,샷 추가 (+1),500
3169,8,헤이즐넛 시럽,300
3170,4,HOT,0
3170,2,Grande,500
3170,13,더 달게,0
3170,9,카라멜 시럽,300
3171,5,ICE,0
3171,2,Grande,500
3171,11,기본,0
3171,6,샷 추가 (+1),500
3172,5,ICE,0
3172,2,Grande,500
3172,6,샷 추가 (+1),500
3173,5,ICE,0
3173,2,Grande,500
3173,11,기본,0
3173,7,바닐라 시럽,300
3174,4,HOT,0
3174,3,Venti,1000
3174,6,샷 추가 (+1),500
3175,5,ICE,0
3175,2,Grande,500
3175,6,샷 추가 (+1),500
3175,8,헤이즐넛 시럽,300
3176,5,ICE,0
3176,3,Venti,1000
3177,5,ICE,0
3177,2,Grande,500
3178,4,HOT,0
3178,2,Grande,500
3178,11,기본,0
3178,8,헤이즐넛 시럽,300
3179,4,HOT,0
3179,3,Venti,1000
3179,13,더 달게,0
3180,4,HOT,0
3180,2,Grande,500
3180,10,휘핑크림 추가,500
3181,5,ICE,0
3181,2,Grande,500
3181,13,더 달게,0
3182,4,HOT,0
3182,3,Venti,1000
3183,5,ICE,0
3183,2,Grande,500
3183,12,덜 달게,0
3184,4,HOT,0
3184,1,Tall,0
3184,13,더 달게,0
3184,8,헤이즐넛 시럽,300
3185,4,HOT,0
3185,1,Tall,0
3185,13,더 달게,0
3186,5,ICE,0
3186,1,Tall,0
3186,11,기본,0
3187,5,ICE,0
3187,2,Grande,500
3188,4,HOT,0
3188,3,Venti,1000
3189,4,HOT,0
3189,2,Grande,500
3189,11,기본,0
3189,9,카라멜 시럽,300
3190,5,ICE,0
3190,3,Venti,1000
3190,12,덜 달게,0
3191,4,HOT,0
3191,1,Tall,0
3191,13,더 달게,0
3192,5,ICE,0
3192,2,Grande,500
3193,5,ICE,0
3193,1,Tall,0
3193,13,더 달게,0
3193,9,카라멜 시럽,300
3194,4,HOT,0
3194,3,Venti,1000
3194,12,덜 달게,0
3195,4,HOT,0
3195,1,Tall,0
3195,13,더 달게,0
3195,8,헤이즐넛 시럽,300
3196,5,ICE,0
3196,1,Tall,0
3196,11,기본,0
3197,4,HOT,0
3197,3,Venti,1000
3197,11,기본,0
3197,6,샷 추가 (+1),500
3197,8,헤이즐넛 시럽,300
3198,4,HOT,0
3198,1,Tall,0
3198,13,더 달게,0
3198,6,샷 추가 (+1),500
3199,4,HOT,0
3199,3,Venti,1000
3200,5,ICE,0
3200,1,Tall,0
3200,11,기본,0
3201,4,HOT,0
3201,2,Grande,500
3201,11,기본,0
3201,9,카라멜 시럽,300
3202,4,HOT,0
3202,1,Tall,0
3202,13,더 달게,0
3203,4,HOT,0
3203,1,Tall,0
3203,11,기본,0
3203,6,샷 추가 (+1),500
3203,8,헤이즐넛 시럽,300
3204,4,HOT,0
3204,3,Venti,1000
3204,13,더 달게,0
3205,5,ICE,0
3205,2,Grande,500
3205,12,덜 달게,0
3206,4,HOT,0
3206,2,Grande,500
3206,11,기본,0
3207,4,HOT,0
3207,1,Tall,0
3207,6,샷 추가 (+1),500
3208,5,ICE,0
3208,2,Grande,500
3208,13,더 달게,0
3208,6,샷 추가 (+1),500
3208,10,휘핑크림 추가,500
3209,5,ICE,0
3209,2,Grande,500
3209,11,기본,0
3209,6,샷 추가 (+1),500
3210,4,HOT,0
3210,2,Grande,500
3210,11,기본,0
3210,6,샷 추가 (+1),500
3211,4,HOT,0
3211,2,Grande,500
3211,6,샷 추가 (+1),500
3211,9,카라멜 시럽,300
3212,5,ICE,0
3212,2,Grande,500
3212,12,덜 달게,0
3213,4,HOT,0
3213,2,Grande,500
3213,8,헤이즐넛 시럽,300
3214,4,HOT,0
3214,2,Grande,500
3214,12,덜 달게,0
3215,4,HOT,0
3215,1,Tall,0
3215,11,기본,0
3215,7,바닐라 시럽,300
3215,10,휘핑크림 추가,500
3216,4,HOT,0
3216,1,Tall,0
3216,11,기본,0
3217,4,HOT,0
3217,2,Grande,500
3217,11,기본,0
3217,10,휘핑크림 추가,500
3218,5,ICE,0
3218,2,Grande,500
3218,11,기본,0
3218,6,샷 추가 (+1),500
3219,4,HOT,0
3219,2,Grande,500
3220,5,ICE,0
3220,1,Tall,0
3220,11,기본,0
3221,5,ICE,0
3221,1,Tall,0
3221,13,더 달게,0
3222,4,HOT,0
3222,2,Grande,500
3222,13,더 달게,0
3223,4,HOT,0
3223,1,Tall,0
3223,11,기본,0
3223,8,헤이즐넛 시럽,300
3224,5,ICE,0
3224,3,Venti,1000
3224,11,기본,0
3224,10,휘핑크림 추가,500
3225,4,HOT,0
3225,2,Grande,500
3226,5,ICE,0
3226,3,Venti,1000
3227,4,HOT,0
3227,1,Tall,0
3227,11,기본,0
3228,5,ICE,0
3228,2,Grande,500
3229,4,HOT,0
3229,2,Grande,500
3229,12,덜 달게,0
3229,8,헤이즐넛 시럽,300
3230,4,HOT,0
3230,1,Tall,0
3231,5,ICE,0
3231,2,Grande,500
3231,13,더 달게,0
3231,10,휘핑크림 추가,500
3232,4,HOT,0
3232,1,Tall,0
3233,4,HOT,0
3233,3,Venti,1000
3234,4,HOT,0
3234,1,Tall,0
3234,11,기본,0
3234,6,샷 추가 (+1),500
3235,5,ICE,0
3235,3,Venti,1000
3235,6,샷 추가 (+1),500
3235,7,바닐라 시럽,300
3236,4,HOT,0
3236,1,Tall,0
3236,11,기본,0
3236,9,카라멜 시럽,300
3236,10,휘핑크림 추가,500
3237,5,ICE,0
3237,1,Tall,0
3237,12,덜 달게,0
3237,6,샷 추가 (+1),500
3237,10,휘핑크림 추가,500
3238,4,HOT,0
3238,2,Grande,500
3239,4,HOT,0
3239,2,Grande,500
3239,9,카라멜 시럽,300
3240,4,HOT,0
3240,3,Venti,1000
3240,8,헤이즐넛 시럽,300
3241,4,HOT,0
3241,2,Grande,500
3241,6,샷 추가 (+1),500
3242,4,HOT,0
3242,1,Tall,0
3242,13,더 달게,0
3242,8,헤이즐넛 시럽,300
3243,4,HOT,0
3243,1,Tall,0
3243,6,샷 추가 (+1),500
3244,4,HOT,0
3244,1,Tall,0
3244,13,더 달게,0
3245,4,HOT,0
3245,1,Tall,0
3245,9,카라멜 시럽,300
3246,4,HOT,0
3246,3,Venti,1000
3246,13,더 달게,0
3246,6,샷 추가 (+1),500
3247,4,HOT,0
3247,1,Tall,0
3247,11,기본,0
3247,7,바닐라 시럽,300
3247,10,휘핑크림 추가,500
3248,4,HOT,0
3248,3,Venti,1000
3248,6,샷 추가 (+1),500
3249,5,ICE,0
3249,2,Grande,500
3249,11,기본,0
3250,4,HOT,0
3250,2,Grande,500
3250,8,헤이즐넛 시럽,300
3250,10,휘핑크림 추가,500
3251,4,HOT,0
3251,1,Tall,0
3251,8,헤이즐넛 시럽,300
3252,5,ICE,0
3252,1,Tall,0
3252,6,샷 추가 (+1),500
3253,5,ICE,0
3253,1,Tall,0
3253,11,기본,0
3254,4,HOT,0
3254,3,Venti,1000
3254,10,휘핑크림 추가,500
3255,4,HOT,0
3255,2,Grande,500
3255,12,덜 달게,0
3255,10,휘핑크림 추가,500
3256,4,HOT,0
3256,2,Grande,500
3256,11,기본,0
3256,8,헤이즐넛 시럽,300
3257,4,HOT,0
3257,2,Grande,500
3257,11,기본,0
3258,4,HOT,0
3258,2,Grande,500
3258,13,더 달게,0
3258,6,샷 추가 (+1),500
3259,5,ICE,0
3259,2,Grande,500
3259,13,더 달게,0
3259,9,카라멜 시럽,300
3259,10,휘핑크림 추가,500
3260,5,ICE,0
3260,3,Venti,1000
3260,7,바닐라 시럽,300
3261,5,ICE,0
3261,3,Venti,1000
3261,10,휘핑크림 추가,500
3262,4,HOT,0
3262,1,Tall,0
3262,11,기본,0
3262,6,샷 추가 (+1),500
3263,5,ICE,0
3263,3,Venti,1000
3263,11,기본,0
3263,9,카라멜 시럽,300
3263,10,휘핑크림 추가,500
3264,4,HOT,0
3264,1,Tall,0
3264,13,더 달게,0
3265,5,ICE,0
3265,2,Grande,500
3265,11,기본,0
3266,4,HOT,0
3266,1,Tall,0
3266,12,덜 달게,0
3267,4,HOT,0
3267,1,Tall,0
3267,11,기본,0
3268,4,HOT,0
3268,2,Grande,500
3268,6,샷 추가 (+1),500
3268,8,헤이즐넛 시럽,300
3269,4,HOT,0
3269,2,Grande,500
3269,12,덜 달게,0
3269,7,바닐라 시럽,300
3269,10,휘핑크림 추가,500
3270,4,HOT,0
3270,1,Tall,0
3271,5,ICE,0
3271,1,Tall,0
3271,11,기본,0
3271,6,샷 추가 (+1),500
3272,5,ICE,0
3272,2,Grande,500
3272,6,샷 추가 (+1),500
3273,4,HOT,0
3273,2,Grande,500
3273,11,기본,0
3274,5,ICE,0
3274,3,Venti,1000
3274,7,바닐라 시럽,300
3275,4,HOT,0
3275,2,Grande,500
3275,6,샷 추가 (+1),500
3276,5,ICE,0
3276,2,Grande,500
3277,4,HOT,0
3277,1,Tall,0
3277,12,덜 달게,0
3277,6,샷 추가 (+1),500
3278,4,HOT,0
3278,1,Tall,0
3278,11,기본,0
3279,5,ICE,0
3279,1,Tall,0
3279,13,더 달게,0
3279,6,샷 추가 (+1),500
3280,5,ICE,0
3280,2,Grande,500
3281,5,ICE,0
3281,3,Venti,1000
3282,4,HOT,0
3282,1,Tall,0
3282,11,기본,0
3282,6,샷 추가 (+1),500
3283,4,HOT,0
3283,1,Tall,0
3283,6,샷 추가 (+1),500
3284,4,HOT,0
3284,2,Grande,500
3285,5,ICE,0
3285,2,Grande,500
3285,11,기본,0
3285,6,샷 추가 (+1),500
3286,5,ICE,0
3286,1,Tall,0
3286,7,바닐라 시럽,300
3287,5,ICE,0
3287,2,Grande,500
3287,12,덜 달게,0
3287,7,바닐라 시럽,300
3287,10,휘핑크림 추가,500
3288,4,HOT,0
3288,2,Grande,500
3289,5,ICE,0
3289,2,Grande,500
3289,11,기본,0
3290,4,HOT,0
3290,2,Grande,500
3290,8,헤이즐넛 시럽,300
3291,5,ICE,0
3291,2,Grande,500
3291,9,카라멜 시럽,300
3292,4,HOT,0
3292,1,Tall,0
3292,13,더 달게,0
3292,9,카라멜 시럽,300
3293,5,ICE,0
3293,2,Grande,500
3293,11,기본,0
3294,4,HOT,0
3294,2,Grande,500
3295,5,ICE,0
3295,1,Tall,0
3296,4,HOT,0
3296,2,Grande,500
3296,11,기본,0
3297,4,HOT,0
3297,2,Grande,500
3298,4,HOT,0
3298,2,Grande,500
3298,11,기본,0
3298,9,카라멜 시럽,300
3298,10,휘핑크림 추가,500
3299,4,HOT,0
3299,1,Tall,0
3300,5,ICE,0
3300,3,Venti,1000
3300,6,샷 추가 (+1),500
3300,8,헤이즐넛 시럽,300
3301,5,ICE,0
3301,3,Venti,1000
3302,4,HOT,0
3302,2,Grande,500
3302,12,덜 달게,0
3303,5,ICE,0
3303,2,Grande,500
3303,6,샷 추가 (+1),500
3304,4,HOT,0
3304,2,Grande,500
3304,13,더 달게,0
3304,7,바닐라 시럽,300
3305,5,ICE,0
3305,1,Tall,0
3305,6,샷 추가 (+1),500
3306,4,HOT,0
3306,1,Tall,0
3306,6,샷 추가 (+1),500
3306,10,휘핑크림 추가,500
3307,4,HOT,0
3307,2,Grande,500
3307,11,기본,0
3307,9,카라멜 시럽,300
3308,4,HOT,0
3308,2,Grande,500
3308,12,덜 달게,0
3309,5,ICE,0
3309,1,Tall,0
3310,4,HOT,0
3310,1,Tall,0
3310,13,더 달게,0
3310,6,샷 추가 (+1),500
3310,10,휘핑크림 추가,500
3311,4,HOT,0
3311,1,Tall,0
3311,6,샷 추가 (+1),500
3312,5,ICE,0
3312,2,Grande,500
3312,6,샷 추가 (+1),500
3313,4,HOT,0
3313,1,Tall,0
3313,11,기본,0
3313,6,샷 추가 (+1),500
3313,7,바닐라 시럽,300
3314,4,HOT,0
3314,1,Tall,0
3314,6,샷 추가 (+1),500
3315,4,HOT,0
3315,2,Grande,500
3315,11,기본,0
3316,4,HOT,0
3316,3,Venti,1000
3316,11,기본,0
3317,4,HOT,0
3317,2,Grande,500
3317,12,덜 달게,0
3317,6,샷 추가 (+1),500
3317,8,헤이즐넛 시럽,300
3318,4,HOT,0
3318,2,Grande,500
3318,12,덜 달게,0
3319,4,HOT,0
3319,2,Grande,500
3319,7,바닐라 시럽,300
3320,5,ICE,0
3320,2,Grande,500
3321,4,HOT,0
3321,1,Tall,0
3321,6,샷 추가 (+1),500
3322,4,HOT,0
3322,1,Tall,0
3323,5,ICE,0
3323,2,Grande,500
3323,11,기본,0
3323,6,샷 추가 (+1),500
3324,4,HOT,0
3324,2,Grande,500
3324,11,기본,0
3325,4,HOT,0
3325,3,Venti,1000
3325,6,샷 추가 (+1),500
3326,4,HOT,0
3326,1,Tall,0
3326,6,샷 추가 (+1),500
3327,4,HOT,0
3327,1,Tall,0
3328,5,ICE,0
3328,2,Grande,500
3328,12,덜 달게,0
3329,4,HOT,0
3329,2,Grande,500
3329,7,바닐라 시럽,300
3330,5,ICE,0
3330,2,Grande,500
3330,11,기본,0
3331,4,HOT,0
3331,3,Venti,1000
3331,12,덜 달게,0
3332,5,ICE,0
3332,1,Tall,0
3332,11,기본,0
3333,5,ICE,0
3333,2,Grande,500
3333,12,덜 달게,0
3333,6,샷 추가 (+1),500
3334,5,ICE,0
3334,2,Grande,500
3334,11,기본,0
3334,10,휘핑크림 추가,500
3335,4,HOT,0
3335,1,Tall,0
3335,11,기본,0
3336,4,HOT,0
3336,1,Tall,0
3336,13,더 달게,0
3336,6,샷 추가 (+1),500
3337,4,HOT,0
3337,2,Grande,500
3338,5,ICE,0
3338,3,Venti,1000
3338,11,기본,0
3338,9,카라멜 시럽,300
3339,4,HOT,0
3339,2,Grande,500
3339,11,기본,0
3339,7,바닐라 시럽,300
3340,5,ICE,0
3340,2,Grande,500
3341,5,ICE,0
3341,1,Tall,0
3342,5,ICE,0
3342,1,Tall,0
3342,12,덜 달게,0
3343,4,HOT,0
3343,3,Venti,1000
3343,6,샷 추가 (+1),500
3344,5,ICE,0
3344,3,Venti,1000
3344,12,덜 달게,0
3345,4,HOT,0
3345,2,Grande,500
3345,6,샷 추가 (+1),500
3345,9,카라멜 시럽,300
3346,4,HOT,0
3346,1,Tall,0
3346,11,기본,0
3346,6,샷 추가 (+1),500
3346,9,카라멜 시럽,300
3347,5,ICE,0
3347,3,Venti,1000
3347,11,기본,0
3348,5,ICE,0
3348,1,Tall,0
3348,12,덜 달게,0
3349,4,HOT,0
3349,3,Venti,1000
3349,13,더 달게,0
3350,5,ICE,0
3350,3,Venti,1000
3350,11,기본,0
3351,4,HOT,0
3351,1,Tall,0
3351,12,덜 달게,0
3351,6,샷 추가 (+1),500
3352,5,ICE,0
3352,3,Venti,1000
3353,5,ICE,0
3353,1,Tall,0
3353,13,더 달게,0
3353,6,샷 추가 (+1),500
3354,4,HOT,0
3354,3,Venti,1000
3354,12,덜 달게,0
3354,6,샷 추가 (+1),500
3354,10,휘핑크림 추가,500
3355,4,HOT,0
3355,1,Tall,0
3355,12,덜 달게,0
3356,5,ICE,0
3356,1,Tall,0
3356,11,기본,0
3356,6,샷 추가 (+1),500
3356,7,바닐라 시럽,300
3357,4,HOT,0
3357,1,Tall,0
3358,4,HOT,0
3358,2,Grande,500
3358,9,카라멜 시럽,300
3359,5,ICE,0
3359,2,Grande,500
3359,12,덜 달게,0
3360,4,HOT,0
3360,3,Venti,1000
3361,4,HOT,0
3361,2,Grande,500
3362,5,ICE,0
3362,2,Grande,500
3362,8,헤이즐넛 시럽,300
3363,4,HOT,0
3363,1,Tall,0
3363,13,더 달게,0
3363,6,샷 추가 (+1),500
3364,4,HOT,0
3364,1,Tall,0
3365,5,ICE,0
3365,2,Grande,500
3365,13,더 달게,0
3366,4,HOT,0
3366,1,Tall,0
3366,11,기본,0
3367,4,HOT,0
3367,2,Grande,500
3367,11,기본,0
3368,5,ICE,0
3368,1,Tall,0
3368,7,바닐라 시럽,300
3369,4,HOT,0
3369,1,Tall,0
3369,11,기본,0
3370,4,HOT,0
3370,2,Grande,500
3371,4,HOT,0
3371,1,Tall,0
3371,8,헤이즐넛 시럽,300
3372,4,HOT,0
3372,3,Venti,1000
3372,11,기본,0
3373,4,HOT,0
3373,2,Grande,500
3374,4,HOT,0
3374,1,Tall,0
3374,6,샷 추가 (+1),500
3374,10,휘핑크림 추가,500
3375,4,HOT,0
3375,2,Grande,500
3375,6,샷 추가 (+1),500
3376,4,HOT,0
3376,1,Tall,0
3376,11,기본,0
3377,5,ICE,0
3377,1,Tall,0
3377,11,기본,0
3378,4,HOT,0
3378,1,Tall,0
3378,11,기본,0
3379,4,HOT,0
3379,1,Tall,0
3379,13,더 달게,0
3380,5,ICE,0
3380,1,Tall,0
3380,11,기본,0
3381,5,ICE,0
3381,2,Grande,500
3381,6,샷 추가 (+1),500
3381,7,바닐라 시럽,300
3382,5,ICE,0
3382,1,Tall,0
3382,9,카라멜 시럽,300
3383,4,HOT,0
3383,3,Venti,1000
3383,11,기본,0
3384,5,ICE,0
3384,2,Grande,500
3384,12,덜 달게,0
3384,10,휘핑크림 추가,500
3385,4,HOT,0
3385,2,Grande,500
3386,5,ICE,0
3386,1,Tall,0
3386,11,기본,0
3386,7,바닐라 시럽,300
3387,4,HOT,0
3387,2,Grande,500
3387,6,샷 추가 (+1),500
3387,7,바닐라 시럽,300
3388,4,HOT,0
3388,2,Grande,500
3389,4,HOT,0
3389,1,Tall,0
3389,12,덜 달게,0
3389,6,샷 추가 (+1),500
3389,7,바닐라 시럽,300
3390,5,ICE,0
3390,3,Venti,1000
3390,13,더 달게,0
3390,7,바닐라 시럽,300
3391,5,ICE,0
3391,1,Tall,0
3391,12,덜 달게,0
3392,5,ICE,0
3392,2,Grande,500
3392,9,카라멜 시럽,300
3393,4,HOT,0
3393,1,Tall,0
3394,4,HOT,0
3394,2,Grande,500
3394,12,덜 달게,0
3394,10,휘핑크림 추가,500
3395,5,ICE,0
3395,3,Venti,1000
3395,13,더 달게,0
3395,6,샷 추가 (+1),500
3396,5,ICE,0
3396,3,Venti,1000
3397,5,ICE,0
3397,3,Venti,1000
3397,13,더 달게,0
3398,4,HOT,0
3398,2,Grande,500
3399,4,HOT,0
3399,2,Grande,500
3399,6,샷 추가 (+1),500
3400,5,ICE,0
3400,2,Grande,500
3400,11,기본,0
3401,5,ICE,0
3401,1,Tall,0
3401,11,기본,0
3402,4,HOT,0
3402,2,Grande,500
3402,13,더 달게,0
3402,9,카라멜 시럽,300
3403,4,HOT,0
3403,2,Grande,500
3403,11,기본,0
3403,10,휘핑크림 추가,500
3404,5,ICE,0
3404,1,Tall,0
3404,11,기본,0
3405,5,ICE,0
3405,1,Tall,0
3406,4,HOT,0
3406,2,Grande,500
3406,11,기본,0
3406,6,샷 추가 (+1),500
3407,4,HOT,0
3407,1,Tall,0
3407,11,기본,0
3408,4,HOT,0
3408,3,Venti,1000
3408,6,샷 추가 (+1),500
3409,4,HOT,0
3409,3,Venti,1000
3409,11,기본,0
3409,6,샷 추가 (+1),500
3409,7,바닐라 시럽,300
3410,5,ICE,0
3410,2,Grande,500
3410,13,더 달게,0
3410,9,카라멜 시럽,300
3411,4,HOT,0
3411,2,Grande,500
3411,12,덜 달게,0
3411,10,휘핑크림 추가,500
3412,4,HOT,0
3412,2,Grande,500
3413,4,HOT,0
3413,2,Grande,500
3413,6,샷 추가 (+1),500
3413,10,휘핑크림 추가,500
3414,5,ICE,0
3414,1,Tall,0
3414,12,덜 달게,0
3415,4,HOT,0
3415,2,Grande,500
3415,8,헤이즐넛 시럽,300
3416,4,HOT,0
3416,1,Tall,0
3416,11,기본,0
3417,4,HOT,0
3417,3,Venti,1000
3417,6,샷 추가 (+1),500
3418,5,ICE,0
3418,2,Grande,500
3418,11,기본,0
3418,6,샷 추가 (+1),500
3419,4,HOT,0
3419,2,Grande,500
3419,11,기본,0
3419,6,샷 추가 (+1),500
3419,7,바닐라 시럽,300
3420,5,ICE,0
3420,1,Tall,0
3420,12,덜 달게,0
3421,5,ICE,0
3421,1,Tall,0
3421,13,더 달게,0
3421,6,샷 추가 (+1),500
3422,4,HOT,0
3422,2,Grande,500
3422,13,더 달게,0
3423,4,HOT,0
3423,3,Venti,1000
3423,13,더 달게,0
3423,8,헤이즐넛 시럽,300
3424,4,HOT,0
3424,1,Tall,0
3424,11,기본,0
3425,4,HOT,0
3425,1,Tall,0
3426,5,ICE,0
3426,1,Tall,0
3426,11,기본,0
3426,6,샷 추가 (+1),500
3427,5,ICE,0
3427,1,Tall,0
3427,12,덜 달게,0
3427,6,샷 추가 (+1),500
3428,5,ICE,0
3428,2,Grande,500
3428,13,더 달게,0
3428,6,샷 추가 (+1),500
3429,5,ICE,0
3429,3,Venti,1000
3429,6,샷 추가 (+1),500
3430,5,ICE,0
3430,1,Tall,0
3430,6,샷 추가 (+1),500
3431,5,ICE,0
3431,2,Grande,500
3431,11,기본,0
3431,7,바닐라 시럽,300
3432,5,ICE,0
3432,2,Grande,500
3432,12,덜 달게,0
3433,4,HOT,0
3433,2,Grande,500
3433,13,더 달게,0
3434,4,HOT,0
3434,3,Venti,1000
3434,11,기본,0
3435,4,HOT,0
3435,1,Tall,0
3435,8,헤이즐넛 시럽,300
3436,4,HOT,0
3436,2,Grande,500
3436,6,샷 추가 (+1),500
3437,5,ICE,0
3437,2,Grande,500
3437,11,기본,0
3438,5,ICE,0
3438,3,Venti,1000
3439,5,ICE,0
3439,3,Venti,1000
3440,4,HOT,0
3440,1,Tall,0
3440,7,바닐라 시럽,300
3441,4,HOT,0
3441,2,Grande,500
3441,12,덜 달게,0
3442,5,ICE,0
3442,2,Grande,500
3442,11,기본,0
3443,4,HOT,0
3443,1,Tall,0
3443,11,기본,0
3443,6,샷 추가 (+1),500
3443,9,카라멜 시럽,300
3444,5,ICE,0
3444,2,Grande,500
3444,6,샷 추가 (+1),500
3445,4,HOT,0
3445,2,Grande,500
3445,12,덜 달게,0
3445,6,샷 추가 (+1),500
3446,4,HOT,0
3446,2,Grande,500
3446,11,기본,0
3447,4,HOT,0
3447,2,Grande,500
3447,11,기본,0
3448,4,HOT,0
3448,2,Grande,500
3448,12,덜 달게,0
3448,6,샷 추가 (+1),500
3449,4,HOT,0
3449,2,Grande,500
3450,5,ICE,0
3450,2,Grande,500
3450,12,덜 달게,0
3451,4,HOT,0
3451,3,Venti,1000
3451,13,더 달게,0
3451,10,휘핑크림 추가,500
3452,4,HOT,0
3452,1,Tall,0
3452,11,기본,0
3453,5,ICE,0
3453,1,Tall,0
3453,13,더 달게,0
3454,5,ICE,0
3454,1,Tall,0
3454,6,샷 추가 (+1),500
3455,5,ICE,0
3455,2,Grande,500
3455,12,덜 달게,0
3455,8,헤이즐넛 시럽,300
3456,5,ICE,0
3456,2,Grande,500
3457,5,ICE,0
3457,1,Tall,0
3458,5,ICE,0
3458,1,Tall,0
3459,5,ICE,0
3459,1,Tall,0
3460,5,ICE,0
3460,1,Tall,0
3460,11,기본,0
3461,5,ICE,0
3461,1,Tall,0
3461,8,헤이즐넛 시럽,300
3462,5,ICE,0
3462,1,Tall,0
3463,4,HOT,0
3463,2,Grande,500
3463,11,기본,0
3463,6,샷 추가 (+1),500
3464,4,HOT,0
3464,2,Grande,500
3464,13,더 달게,0
3465,4,HOT,0
3465,2,Grande,500
3465,6,샷 추가 (+1),500
3466,5,ICE,0
3466,3,Venti,1000
3467,4,HOT,0
3467,3,Venti,1000
3467,10,휘핑크림 추가,500
3468,4,HOT,0
3468,1,Tall,0
3468,13,더 달게,0
3468,6,샷 추가 (+1),500
3469,4,HOT,0
3469,3,Venti,1000
3470,5,ICE,0
3470,1,Tall,0
3470,13,더 달게,0
3470,9,카라멜 시럽,300
3471,5,ICE,0
3471,2,Grande,500
3471,11,기본,0
3472,4,HOT,0
3472,1,Tall,0
3472,11,기본,0
3472,8,헤이즐넛 시럽,300
3473,4,HOT,0
3473,2,Grande,500
3474,5,ICE,0
3474,2,Grande,500
3474,11,기본,0
3474,6,샷 추가 (+1),500
3474,7,바닐라 시럽,300
3475,4,HOT,0
3475,3,Venti,1000
3475,11,기본,0
3476,4,HOT,0
3476,3,Venti,1000
3476,11,기본,0
3476,6,샷 추가 (+1),500
3477,4,HOT,0
3477,2,Grande,500
3477,12,덜 달게,0
3478,5,ICE,0
3478,1,Tall,0
3479,5,ICE,0
3479,1,Tall,0
3479,13,더 달게,0
3480,5,ICE,0
3480,1,Tall,0
3481,4,HOT,0
3481,2,Grande,500
3481,6,샷 추가 (+1),500
3481,10,휘핑크림 추가,500
3482,5,ICE,0
3482,3,Venti,1000
3482,12,덜 달게,0
3483,5,ICE,0
3483,2,Grande,500
3483,12,덜 달게,0
3483,6,샷 추가 (+1),500
3484,4,HOT,0
3484,2,Grande,500
3484,13,더 달게,0
3484,7,바닐라 시럽,300
3485,4,HOT,0
3485,1,Tall,0
3486,4,HOT,0
3486,3,Venti,1000
3487,4,HOT,0
3487,1,Tall,0
3487,6,샷 추가 (+1),500
3488,4,HOT,0
3488,1,Tall,0
3488,12,덜 달게,0
3489,4,HOT,0
3489,1,Tall,0
3489,11,기본,0
3489,6,샷 추가 (+1),500
3490,5,ICE,0
3490,3,Venti,1000
3490,11,기본,0
3491,4,HOT,0
3491,2,Grande,500
3491,12,덜 달게,0
3492,4,HOT,0
3492,3,Venti,1000
3493,4,HOT,0
3493,2,Grande,500
3493,12,덜 달게,0
3493,6,샷 추가 (+1),500
3493,8,헤이즐넛 시럽,300
3494,5,ICE,0
3494,3,Venti,1000
3494,13,더 달게,0
3495,5,ICE,0
3495,1,Tall,0
3495,11,기본,0
3496,4,HOT,0
3496,1,Tall,0
3496,13,더 달게,0
3496,6,샷 추가 (+1),500
3497,4,HOT,0
3497,1,Tall,0
3497,11,기본,0
3497,10,휘핑크림 추가,500
3498,4,HOT,0
3498,2,Grande,500
3498,12,덜 달게,0
3499,4,HOT,0
3499,1,Tall,0
3500,4,HOT,0
3500,3,Venti,1000
3500,6,샷 추가 (+1),500
3501,4,HOT,0
3501,1,Tall,0
3501,12,덜 달게,0
3502,5,ICE,0
3502,2,Grande,500
3503,5,ICE,0
3503,1,Tall,0
3503,11,기본,0
3504,4,HOT,0
3504,3,Venti,1000
3505,5,ICE,0
3505,1,Tall,0
3505,12,덜 달게,0
3506,5,ICE,0
3506,2,Grande,500
3506,12,덜 달게,0
3506,6,샷 추가 (+1),500
3507,4,HOT,0
3507,2,Grande,500
3507,11,기본,0
3508,4,HOT,0
3508,3,Venti,1000
3508,12,덜 달게,0
3509,4,HOT,0
3509,1,Tall,0
3509,11,기본,0
3510,4,HOT,0
3510,1,Tall,0
3510,12,덜 달게,0
3511,4,HOT,0
3511,3,Venti,1000
3511,11,기본,0
3512,4,HOT,0
3512,1,Tall,0
3512,11,기본,0
3513,4,HOT,0
3513,2,Grande,500
3513,13,더 달게,0
3513,6,샷 추가 (+1),500
3513,7,바닐라 시럽,300
3514,4,HOT,0
3514,1,Tall,0
3514,10,휘핑크림 추가,500
3515,4,HOT,0
3515,1,Tall,0
3515,11,기본,0
3516,4,HOT,0
3516,1,Tall,0
3517,4,HOT,0
3517,3,Venti,1000
3517,6,샷 추가 (+1),500
3518,5,ICE,0
3518,1,Tall,0
3518,13,더 달게,0
3518,9,카라멜 시럽,300
3519,4,HOT,0
3519,2,Grande,500
3519,6,샷 추가 (+1),500
3520,4,HOT,0
3520,2,Grande,500
3520,11,기본,0
3521,5,ICE,0
3521,2,Grande,500
3521,12,덜 달게,0
3522,4,HOT,0
3522,2,Grande,500
3522,6,샷 추가 (+1),500
3523,4,HOT,0
3523,3,Venti,1000
3523,11,기본,0
3523,6,샷 추가 (+1),500
3524,5,ICE,0
3524,2,Grande,500
3524,13,더 달게,0
3525,5,ICE,0
3525,2,Grande,500
3526,4,HOT,0
3526,3,Venti,1000
3526,11,기본,0
3526,6,샷 추가 (+1),500
3527,4,HOT,0
3527,1,Tall,0
3527,12,덜 달게,0
3527,6,샷 추가 (+1),500
3528,4,HOT,0
3528,2,Grande,500
3529,5,ICE,0
3529,1,Tall,0
3529,13,더 달게,0
3530,5,ICE,0
3530,1,Tall,0
3530,11,기본,0
3530,8,헤이즐넛 시럽,300
3531,4,HOT,0
3531,2,Grande,500
3532,4,HOT,0
3532,2,Grande,500
3532,13,더 달게,0
3532,6,샷 추가 (+1),500
3533,4,HOT,0
3533,2,Grande,500
3533,11,기본,0
3534,4,HOT,0
3534,1,Tall,0
3535,4,HOT,0
3535,2,Grande,500
3535,11,기본,0
3535,6,샷 추가 (+1),500
3535,10,휘핑크림 추가,500
3536,4,HOT,0
3536,1,Tall,0
3537,5,ICE,0
3537,2,Grande,500
3538,4,HOT,0
3538,1,Tall,0
3538,6,샷 추가 (+1),500
3539,4,HOT,0
3539,1,Tall,0
3539,11,기본,0
3540,5,ICE,0
3540,2,Grande,500
3540,6,샷 추가 (+1),500
3541,4,HOT,0
3541,2,Grande,500
3541,11,기본,0
3541,6,샷 추가 (+1),500
3542,4,HOT,0
3542,1,Tall,0
3542,13,더 달게,0
3542,7,바닐라 시럽,300
3542,10,휘핑크림 추가,500
3543,5,ICE,0
3543,2,Grande,500
3543,11,기본,0
3544,4,HOT,0
3544,2,Grande,500
3544,11,기본,0
3544,6,샷 추가 (+1),500
3545,5,ICE,0
3545,2,Grande,500
3545,13,더 달게,0
3545,8,헤이즐넛 시럽,300
3545,10,휘핑크림 추가,500
3546,5,ICE,0
3546,1,Tall,0
3546,11,기본,0
3547,4,HOT,0
3547,2,Grande,500
3547,11,기본,0
3548,4,HOT,0
3548,1,Tall,0
3548,11,기본,0
3548,6,샷 추가 (+1),500
3548,7,바닐라 시럽,300
3549,4,HOT,0
3549,1,Tall,0
3549,12,덜 달게,0
3550,5,ICE,0
3550,1,Tall,0
3550,6,샷 추가 (+1),500
3550,9,카라멜 시럽,300
3551,5,ICE,0
3551,2,Grande,500
3552,4,HOT,0
3552,1,Tall,0
3552,11,기본,0
3553,5,ICE,0
3553,2,Grande,500
3553,11,기본,0
3554,5,ICE,0
3554,1,Tall,0
3554,12,덜 달게,0
3555,5,ICE,0
3555,3,Venti,1000
3555,12,덜 달게,0
3555,8,헤이즐넛 시럽,300
3556,4,HOT,0
3556,3,Venti,1000
3556,11,기본,0
3556,6,샷 추가 (+1),500
3556,9,카라멜 시럽,300
3557,5,ICE,0
3557,2,Grande,500
3557,12,덜 달게,0
3558,4,HOT,0
3558,2,Grande,500
3558,11,기본,0
3558,6,샷 추가 (+1),500
3559,5,ICE,0
3559,2,Grande,500
3560,4,HOT,0
3560,1,Tall,0
3560,13,더 달게,0
3560,10,휘핑크림 추가,500
3561,4,HOT,0
3561,2,Grande,500
3561,11,기본,0
3562,4,HOT,0
3562,1,Tall,0
3563,4,HOT,0
3563,2,Grande,500
3563,11,기본,0
3563,6,샷 추가 (+1),500
3564,4,HOT,0
3564,2,Grande,500
3565,5,ICE,0
3565,3,Venti,1000
3565,11,기본,0
3566,4,HOT,0
3566,1,Tall,0
3567,5,ICE,0
3567,3,Venti,1000
3567,13,더 달게,0
3568,5,ICE,0
3568,3,Venti,1000
3568,11,기본,0
3569,4,HOT,0
3569,2,Grande,500
3569,12,덜 달게,0
3569,10,휘핑크림 추가,500
3570,4,HOT,0
3570,3,Venti,1000
3571,5,ICE,0
3571,1,Tall,0
3571,11,기본,0
3572,4,HOT,0
3572,2,Grande,500
3573,4,HOT,0
3573,1,Tall,0
3573,11,기본,0
3574,4,HOT,0
3574,1,Tall,0
3574,12,덜 달게,0
3574,6,샷 추가 (+1),500
3575,4,HOT,0
3575,3,Venti,1000
3576,4,HOT,0
3576,1,Tall,0
3576,11,기본,0
3577,4,HOT,0
3577,1,Tall,0
3578,5,ICE,0
3578,3,Venti,1000
3579,5,ICE,0
3579,1,Tall,0
3579,6,샷 추가 (+1),500
3580,5,ICE,0
3580,2,Grande,500
3580,11,기본,0
3580,10,휘핑크림 추가,500
3581,5,ICE,0
3581,2,Grande,500
3581,12,덜 달게,0
3582,5,ICE,0
3582,3,Venti,1000
3582,11,기본,0
3582,6,샷 추가 (+1),500
3583,4,HOT,0
3583,1,Tall,0
3583,11,기본,0
3583,6,샷 추가 (+1),500
3584,4,HOT,0
3584,1,Tall,0
3584,8,헤이즐넛 시럽,300
3585,4,HOT,0
3585,1,Tall,0
3585,13,더 달게,0
3585,6,샷 추가 (+1),500
3585,7,바닐라 시럽,300
3586,5,ICE,0
3586,1,Tall,0
3586,12,덜 달게,0
3587,5,ICE,0
3587,1,Tall,0
3588,4,HOT,0
3588,1,Tall,0
3588,12,덜 달게,0
3588,6,샷 추가 (+1),500
3588,9,카라멜 시럽,300
3589,4,HOT,0
3589,2,Grande,500
3589,8,헤이즐넛 시럽,300
3590,4,HOT,0
3590,2,Grande,500
3590,13,더 달게,0
3591,4,HOT,0
3591,1,Tall,0
3591,8,헤이즐넛 시럽,300
3592,4,HOT,0
3592,3,Venti,1000
3592,6,샷 추가 (+1),500
3593,4,HOT,0
3593,1,Tall,0
3593,6,샷 추가 (+1),500
3594,4,HOT,0
3594,1,Tall,0
3594,10,휘핑크림 추가,500
3595,4,HOT,0
3595,2,Grande,500
3596,4,HOT,0
3596,2,Grande,500
3596,6,샷 추가 (+1),500
3596,9,카라멜 시럽,300
3596,10,휘핑크림 추가,500
3597,4,HOT,0
3597,1,Tall,0
3598,4,HOT,0
3598,1,Tall,0
3598,6,샷 추가 (+1),500
3598,7,바닐라 시럽,300
3599,4,HOT,0
3599,2,Grande,500
3599,6,샷 추가 (+1),500
3600,5,ICE,0
3600,1,Tall,0
3601,5,ICE,0
3601,1,Tall,0
3601,11,기본,0
3602,5,ICE,0
3602,2,Grande,500
3602,11,기본,0
3602,6,샷 추가 (+1),500
3602,10,휘핑크림 추가,500
3603,4,HOT,0
3603,2,Grande,500
3603,11,기본,0
3604,5,ICE,0
3604,1,Tall,0
3604,12,덜 달게,0
3605,5,ICE,0
3605,1,Tall,0
3605,6,샷 추가 (+1),500
3606,4,HOT,0
3606,2,Grande,500
3607,4,HOT,0
3607,1,Tall,0
3607,6,샷 추가 (+1),500
3608,4,HOT,0
3608,2,Grande,500
3608,12,덜 달게,0
3609,5,ICE,0
3609,3,Venti,1000
3609,13,더 달게,0
3609,10,휘핑크림 추가,500
3610,4,HOT,0
3610,2,Grande,500
3610,11,기본,0
3610,6,샷 추가 (+1),500
3611,5,ICE,0
3611,1,Tall,0
3611,6,샷 추가 (+1),500
3612,4,HOT,0
3612,2,Grande,500
3612,11,기본,0
3613,4,HOT,0
3613,1,Tall,0
3614,5,ICE,0
3614,1,Tall,0
3614,6,샷 추가 (+1),500
3615,4,HOT,0
3615,3,Venti,1000
3615,12,덜 달게,0
3615,6,샷 추가 (+1),500
3615,10,휘핑크림 추가,500
3616,4,HOT,0
3616,3,Venti,1000
3616,12,덜 달게,0
3616,6,샷 추가 (+1),500
3616,9,카라멜 시럽,300
3617,4,HOT,0
3617,2,Grande,500
3617,11,기본,0
3617,6,샷 추가 (+1),500
3617,9,카라멜 시럽,300
3618,5,ICE,0
3618,2,Grande,500
3618,11,기본,0
3618,6,샷 추가 (+1),500
3619,5,ICE,0
3619,2,Grande,500
3619,9,카라멜 시럽,300
3620,4,HOT,0
3620,3,Venti,1000
3620,11,기본,0
3620,6,샷 추가 (+1),500
3620,10,휘핑크림 추가,500
3621,4,HOT,0
3621,1,Tall,0
3621,11,기본,0
3621,9,카라멜 시럽,300
3621,10,휘핑크림 추가,500
3622,5,ICE,0
3622,1,Tall,0
3622,13,더 달게,0
3623,4,HOT,0
3623,2,Grande,500
3623,10,휘핑크림 추가,500
3624,5,ICE,0
3624,2,Grande,500
3624,12,덜 달게,0
3624,7,바닐라 시럽,300
3625,4,HOT,0
3625,1,Tall,0
3625,13,더 달게,0
3625,6,샷 추가 (+1),500
3626,4,HOT,0
3626,1,Tall,0
3626,12,덜 달게,0
3626,10,휘핑크림 추가,500
3627,5,ICE,0
3627,3,Venti,1000
3627,12,덜 달게,0
3627,6,샷 추가 (+1),500
3628,4,HOT,0
3628,2,Grande,500
3628,12,덜 달게,0
3629,5,ICE,0
3629,1,Tall,0
3629,6,샷 추가 (+1),500
3630,4,HOT,0
3630,2,Grande,500
3630,6,샷 추가 (+1),500
3631,4,HOT,0
3631,3,Venti,1000
3632,4,HOT,0
3632,1,Tall,0
3632,13,더 달게,0
3632,10,휘핑크림 추가,500
3633,5,ICE,0
3633,1,Tall,0
3633,11,기본,0
3634,4,HOT,0
3634,1,Tall,0
3634,8,헤이즐넛 시럽,300
3635,4,HOT,0
3635,2,Grande,500
3635,6,샷 추가 (+1),500
3635,7,바닐라 시럽,300
3636,4,HOT,0
3636,3,Venti,1000
3636,10,휘핑크림 추가,500
3637,4,HOT,0
3637,1,Tall,0
3637,13,더 달게,0
3637,6,샷 추가 (+1),500
3638,4,HOT,0
3638,1,Tall,0
3638,11,기본,0
3638,6,샷 추가 (+1),500
3639,4,HOT,0
3639,1,Tall,0
3639,11,기본,0
3640,5,ICE,0
3640,1,Tall,0
3640,11,기본,0
3641,4,HOT,0
3641,1,Tall,0
3641,7,바닐라 시럽,300
3642,5,ICE,0
3642,2,Grande,500
3642,12,덜 달게,0
3642,6,샷 추가 (+1),500
3643,5,ICE,0
3643,1,Tall,0
3643,12,덜 달게,0
3644,5,ICE,0
3644,3,Venti,1000
3644,11,기본,0
3645,4,HOT,0
3645,1,Tall,0
3645,12,덜 달게,0
3646,4,HOT,0
3646,1,Tall,0
3646,11,기본,0
3646,6,샷 추가 (+1),500
3647,5,ICE,0
3647,2,Grande,500
3648,5,ICE,0
3648,3,Venti,1000
3648,8,헤이즐넛 시럽,300
3649,4,HOT,0
3649,2,Grande,500
3649,6,샷 추가 (+1),500
3649,8,헤이즐넛 시럽,300
3650,4,HOT,0
3650,1,Tall,0
3650,12,덜 달게,0
3651,4,HOT,0
3651,1,Tall,0
3651,11,기본,0
3652,4,HOT,0
3652,2,Grande,500
3652,12,덜 달게,0
3652,9,카라멜 시럽,300
3653,4,HOT,0
3653,2,Grande,500
3653,6,샷 추가 (+1),500
3653,9,카라멜 시럽,300
3654,5,ICE,0
3654,2,Grande,500
3654,11,기본,0
3655,5,ICE,0
3655,1,Tall,0
3656,4,HOT,0
3656,2,Grande,500
3656,6,샷 추가 (+1),500
3657,4,HOT,0
3657,1,Tall,0
3657,11,기본,0
3658,5,ICE,0
3658,2,Grande,500
3658,12,덜 달게,0
3658,10,휘핑크림 추가,500
3659,4,HOT,0
3659,1,Tall,0
3659,6,샷 추가 (+1),500
3660,4,HOT,0
3660,1,Tall,0
3660,11,기본,0
3660,10,휘핑크림 추가,500
3661,5,ICE,0
3661,1,Tall,0
3662,4,HOT,0
3662,1,Tall,0
3663,4,HOT,0
3663,3,Venti,1000
3663,13,더 달게,0
3663,6,샷 추가 (+1),500
3663,7,바닐라 시럽,300
3664,4,HOT,0
3664,2,Grande,500
3664,11,기본,0
3665,4,HOT,0
3665,1,Tall,0
3665,11,기본,0
3666,4,HOT,0
3666,1,Tall,0
3666,13,더 달게,0
3666,6,샷 추가 (+1),500
3666,10,휘핑크림 추가,500
3667,4,HOT,0
3667,1,Tall,0
3668,4,HOT,0
3668,1,Tall,0
3668,11,기본,0
3668,7,바닐라 시럽,300
3669,4,HOT,0
3669,2,Grande,500
3669,11,기본,0
3670,5,ICE,0
3670,1,Tall,0
3670,6,샷 추가 (+1),500
3670,9,카라멜 시럽,300
3671,4,HOT,0
3671,1,Tall,0
3671,12,덜 달게,0
3672,4,HOT,0
3672,2,Grande,500
3672,11,기본,0
3672,6,샷 추가 (+1),500
3673,5,ICE,0
3673,3,Venti,1000
3673,12,덜 달게,0
3673,6,샷 추가 (+1),500
3673,10,휘핑크림 추가,500
3674,4,HOT,0
3674,2,Grande,500
3674,11,기본,0
3675,4,HOT,0
3675,2,Grande,500
3675,11,기본,0
3676,5,ICE,0
3676,1,Tall,0
3676,12,덜 달게,0
3676,10,휘핑크림 추가,500
3677,5,ICE,0
3677,2,Grande,500
3678,5,ICE,0
3678,2,Grande,500
3678,11,기본,0
3678,6,샷 추가 (+1),500
3678,9,카라멜 시럽,300
3679,5,ICE,0
3679,3,Venti,1000
3679,12,덜 달게,0
3680,4,HOT,0
3680,1,Tall,0
3681,5,ICE,0
3681,1,Tall,0
3681,11,기본,0
3682,4,HOT,0
3682,1,Tall,0
3682,13,더 달게,0
3683,4,HOT,0
3683,1,Tall,0
3684,4,HOT,0
3684,1,Tall,0
3684,11,기본,0
3685,5,ICE,0
3685,2,Grande,500
3685,11,기본,0
3685,6,샷 추가 (+1),500
3685,9,카라멜 시럽,300
3686,4,HOT,0
3686,2,Grande,500
3686,11,기본,0
3686,6,샷 추가 (+1),500
3687,4,HOT,0
3687,3,Venti,1000
3687,12,덜 달게,0
3687,10,휘핑크림 추가,500
3688,5,ICE,0
3688,1,Tall,0
3688,6,샷 추가 (+1),500
3689,4,HOT,0
3689,1,Tall,0
3689,13,더 달게,0
3689,8,헤이즐넛 시럽,300
3690,4,HOT,0
3690,1,Tall,0
3690,10,휘핑크림 추가,500
3691,5,ICE,0
3691,1,Tall,0
3691,11,기본,0
3692,5,ICE,0
3692,2,Grande,500
3692,12,덜 달게,0
3693,4,HOT,0
3693,1,Tall,0
3693,13,더 달게,0
3693,6,샷 추가 (+1),500
3694,5,ICE,0
3694,1,Tall,0
3694,10,휘핑크림 추가,500
3695,4,HOT,0
3695,2,Grande,500
3695,10,휘핑크림 추가,500
3696,4,HOT,0
3696,2,Grande,500
3696,11,기본,0
3697,4,HOT,0
3697,1,Tall,0
3697,11,기본,0
3698,4,HOT,0
3698,3,Venti,1000
3698,6,샷 추가 (+1),500
3699,4,HOT,0
3699,2,Grande,500
3699,7,바닐라 시럽,300
3700,4,HOT,0
3700,3,Venti,1000
3701,4,HOT,0
3701,3,Venti,1000
3701,12,덜 달게,0
3702,4,HOT,0
3702,2,Grande,500
3702,12,덜 달게,0
3702,6,샷 추가 (+1),500
3702,7,바닐라 시럽,300
3703,4,HOT,0
3703,2,Grande,500
3703,11,기본,0
3703,6,샷 추가 (+1),500
3704,5,ICE,0
3704,1,Tall,0
3705,5,ICE,0
3705,1,Tall,0
3705,12,덜 달게,0
3706,4,HOT,0
3706,2,Grande,500
3706,12,덜 달게,0
3706,7,바닐라 시럽,300
3707,4,HOT,0
3707,3,Venti,1000
3707,13,더 달게,0
3708,5,ICE,0
3708,1,Tall,0
3709,4,HOT,0
3709,1,Tall,0
3709,6,샷 추가 (+1),500
3710,4,HOT,0
3710,2,Grande,500
3710,6,샷 추가 (+1),500
3711,4,HOT,0
3711,2,Grande,500
3711,11,기본,0
3712,5,ICE,0
3712,2,Grande,500
3712,11,기본,0
3712,6,샷 추가 (+1),500
3713,5,ICE,0
3713,2,Grande,500
3713,13,더 달게,0
3714,5,ICE,0
3714,2,Grande,500
3714,13,더 달게,0
3715,4,HOT,0
3715,3,Venti,1000
3715,6,샷 추가 (+1),500
3716,4,HOT,0
3716,2,Grande,500
3716,11,기본,0
3716,6,샷 추가 (+1),500
3717,4,HOT,0
3717,1,Tall,0
3718,4,HOT,0
3718,1,Tall,0
3719,4,HOT,0
3719,1,Tall,0
3719,13,더 달게,0
3719,9,카라멜 시럽,300
3720,4,HOT,0
3720,1,Tall,0
3721,4,HOT,0
3721,1,Tall,0
3721,6,샷 추가 (+1),500
3721,9,카라멜 시럽,300
3722,5,ICE,0
3722,1,Tall,0
3722,11,기본,0
3723,4,HOT,0
3723,2,Grande,500
3723,12,덜 달게,0
3723,8,헤이즐넛 시럽,300
3724,4,HOT,0
3724,1,Tall,0
3725,4,HOT,0
3725,1,Tall,0
3725,13,더 달게,0
3726,5,ICE,0
3726,1,Tall,0
3726,11,기본,0
3727,4,HOT,0
3727,2,Grande,500
3727,11,기본,0
3727,6,샷 추가 (+1),500
3727,8,헤이즐넛 시럽,300
3728,4,HOT,0
3728,1,Tall,0
3728,11,기본,0
3728,6,샷 추가 (+1),500
3728,10,휘핑크림 추가,500
3729,4,HOT,0
3729,1,Tall,0
3729,6,샷 추가 (+1),500
3729,8,헤이즐넛 시럽,300
3730,5,ICE,0
3730,2,Grande,500
3730,6,샷 추가 (+1),500
3731,5,ICE,0
3731,1,Tall,0
3731,12,덜 달게,0
3732,4,HOT,0
3732,3,Venti,1000
3732,6,샷 추가 (+1),500
3732,7,바닐라 시럽,300
3733,4,HOT,0
3733,1,Tall,0
3733,13,더 달게,0
3733,8,헤이즐넛 시럽,300
3734,4,HOT,0
3734,1,Tall,0
3734,6,샷 추가 (+1),500
3734,7,바닐라 시럽,300
3734,10,휘핑크림 추가,500
3735,4,HOT,0
3735,1,Tall,0
3735,6,샷 추가 (+1),500
3736,4,HOT,0
3736,3,Venti,1000
3737,4,HOT,0
3737,2,Grande,500
3738,5,ICE,0
3738,2,Grande,500
3738,6,샷 추가 (+1),500
3738,10,휘핑크림 추가,500
3739,4,HOT,0
3739,2,Grande,500
3740,4,HOT,0
3740,1,Tall,0
3740,11,기본,0
3740,6,샷 추가 (+1),500
3741,4,HOT,0
3741,1,Tall,0
3741,12,덜 달게,0
3741,6,샷 추가 (+1),500
3741,10,휘핑크림 추가,500
3742,5,ICE,0
3742,1,Tall,0
3742,12,덜 달게,0
3742,6,샷 추가 (+1),500
3743,4,HOT,0
3743,2,Grande,500
3743,13,더 달게,0
3744,4,HOT,0
3744,1,Tall,0
3745,4,HOT,0
3745,1,Tall,0
3745,12,덜 달게,0
3745,8,헤이즐넛 시럽,300
3746,5,ICE,0
3746,1,Tall,0
3746,12,덜 달게,0
3747,4,HOT,0
3747,3,Venti,1000
3747,6,샷 추가 (+1),500
3747,8,헤이즐넛 시럽,300
3748,4,HOT,0
3748,2,Grande,500
3748,9,카라멜 시럽,300
3749,4,HOT,0
3749,2,Grande,500
3749,11,기본,0
3749,6,샷 추가 (+1),500
3750,4,HOT,0
3750,2,Grande,500
3750,11,기본,0
3750,8,헤이즐넛 시럽,300
3751,4,HOT,0
3751,2,Grande,500
3751,12,덜 달게,0
3751,10,휘핑크림 추가,500
3752,4,HOT,0
3752,1,Tall,0
3752,13,더 달게,0
3753,4,HOT,0
3753,1,Tall,0
3753,12,덜 달게,0
3754,4,HOT,0
3754,2,Grande,500
3755,5,ICE,0
3755,2,Grande,500
3755,13,더 달게,0
3756,5,ICE,0
3756,3,Venti,1000
3756,11,기본,0
3756,6,샷 추가 (+1),500
3757,4,HOT,0
3757,2,Grande,500
3757,11,기본,0
3757,6,샷 추가 (+1),500
3758,5,ICE,0
3758,1,Tall,0
3758,12,덜 달게,0
3759,4,HOT,0
3759,2,Grande,500
3759,11,기본,0
3759,6,샷 추가 (+1),500
3759,10,휘핑크림 추가,500
3760,4,HOT,0
3760,1,Tall,0
3760,11,기본,0
3761,5,ICE,0
3761,3,Venti,1000
3761,13,더 달게,0
3762,5,ICE,0
3762,3,Venti,1000
3762,12,덜 달게,0
3763,5,ICE,0
3763,3,Venti,1000
3764,5,ICE,0
3764,2,Grande,500
3764,11,기본,0
3764,7,바닐라 시럽,300
3765,4,HOT,0
3765,3,Venti,1000
3765,11,기본,0
3766,4,HOT,0
3766,1,Tall,0
3766,11,기본,0
3766,6,샷 추가 (+1),500
3766,8,헤이즐넛 시럽,300
3767,4,HOT,0
3767,3,Venti,1000
3767,10,휘핑크림 추가,500
3768,4,HOT,0
3768,1,Tall,0
3768,12,덜 달게,0
3768,6,샷 추가 (+1),500
3768,8,헤이즐넛 시럽,300
3769,5,ICE,0
3769,1,Tall,0
3769,11,기본,0
3770,4,HOT,0
3770,1,Tall,0
3770,11,기본,0
3770,6,샷 추가 (+1),500
3771,4,HOT,0
3771,3,Venti,1000
3771,6,샷 추가 (+1),500
3771,10,휘핑크림 추가,500
3772,5,ICE,0
3772,3,Venti,1000
3772,11,기본,0
3772,10,휘핑크림 추가,500
3773,4,HOT,0
3773,1,Tall,0
3773,11,기본,0
3773,6,샷 추가 (+1),500
3773,7,바닐라 시럽,300
3774,4,HOT,0
3774,1,Tall,0
3774,11,기본,0
3774,10,휘핑크림 추가,500
3775,5,ICE,0
3775,1,Tall,0
3775,11,기본,0
3775,10,휘핑크림 추가,500
3776,5,ICE,0
3776,2,Grande,500
3776,11,기본,0
3777,5,ICE,0
3777,2,Grande,500
3777,6,샷 추가 (+1),500
3777,8,헤이즐넛 시럽,300
3778,4,HOT,0
3778,2,Grande,500
3778,11,기본,0
3778,8,헤이즐넛 시럽,300
3779,4,HOT,0
3779,1,Tall,0
3779,13,더 달게,0
3779,10,휘핑크림 추가,500
3780,4,HOT,0
3780,2,Grande,500
3780,11,기본,0
3781,4,HOT,0
3781,2,Grande,500
3781,11,기본,0
3782,4,HOT,0
3782,2,Grande,500
3782,12,덜 달게,0
3782,6,샷 추가 (+1),500
3783,4,HOT,0
3783,3,Venti,1000
3783,11,기본,0
3783,6,샷 추가 (+1),500
3783,10,휘핑크림 추가,500
3784,4,HOT,0
3784,1,Tall,0
3784,11,기본,0
3785,5,ICE,0
3785,3,Venti,1000
3785,11,기본,0
3785,6,샷 추가 (+1),500
3785,9,카라멜 시럽,300
3786,4,HOT,0
3786,1,Tall,0
3787,4,HOT,0
3787,1,Tall,0
3787,13,더 달게,0
3788,4,HOT,0
3788,1,Tall,0
3789,4,HOT,0
3789,1,Tall,0
3789,12,덜 달게,0
3789,7,바닐라 시럽,300
3790,4,HOT,0
3790,1,Tall,0
3790,11,기본,0
3791,4,HOT,0
3791,1,Tall,0
3791,11,기본,0
3791,8,헤이즐넛 시럽,300
3792,5,ICE,0
3792,2,Grande,500
3793,4,HOT,0
3793,2,Grande,500
3793,11,기본,0
3794,5,ICE,0
3794,1,Tall,0
3795,4,HOT,0
3795,1,Tall,0
3795,13,더 달게,0
3795,6,샷 추가 (+1),500
3796,5,ICE,0
3796,2,Grande,500
3796,11,기본,0
3796,6,샷 추가 (+1),500
3796,10,휘핑크림 추가,500
3797,5,ICE,0
3797,3,Venti,1000
3797,13,더 달게,0
3798,4,HOT,0
3798,1,Tall,0
3798,6,샷 추가 (+1),500
3799,4,HOT,0
3799,1,Tall,0
3799,11,기본,0
3799,6,샷 추가 (+1),500
3800,5,ICE,0
3800,3,Venti,1000
3800,6,샷 추가 (+1),500
3801,4,HOT,0
3801,2,Grande,500
3801,12,덜 달게,0
3801,6,샷 추가 (+1),500
3802,5,ICE,0
3802,3,Venti,1000
3803,4,HOT,0
3803,3,Venti,1000
3803,12,덜 달게,0
3803,6,샷 추가 (+1),500
3804,4,HOT,0
3804,2,Grande,500
3804,6,샷 추가 (+1),500
3805,4,HOT,0
3805,1,Tall,0
3805,11,기본,0
3805,8,헤이즐넛 시럽,300
3806,4,HOT,0
3806,3,Venti,1000
3806,13,더 달게,0
3806,6,샷 추가 (+1),500
3806,8,헤이즐넛 시럽,300
3807,4,HOT,0
3807,1,Tall,0
3807,11,기본,0
3807,6,샷 추가 (+1),500
3807,8,헤이즐넛 시럽,300
3808,5,ICE,0
3808,1,Tall,0
3808,11,기본,0
3808,6,샷 추가 (+1),500
3809,4,HOT,0
3809,2,Grande,500
3810,5,ICE,0
3810,2,Grande,500
3810,11,기본,0
3810,7,바닐라 시럽,300
3811,4,HOT,0
3811,3,Venti,1000
3811,12,덜 달게,0
3812,4,HOT,0
3812,1,Tall,0
3812,12,덜 달게,0
3812,10,휘핑크림 추가,500
3813,4,HOT,0
3813,1,Tall,0
3813,6,샷 추가 (+1),500
3814,4,HOT,0
3814,2,Grande,500
3814,6,샷 추가 (+1),500
3815,5,ICE,0
3815,1,Tall,0
3815,11,기본,0
3816,5,ICE,0
3816,1,Tall,0
3817,5,ICE,0
3817,1,Tall,0
3817,12,덜 달게,0
3818,5,ICE,0
3818,1,Tall,0
3818,11,기본,0
3819,5,ICE,0
3819,2,Grande,500
3819,13,더 달게,0
3819,6,샷 추가 (+1),500
3820,5,ICE,0
3820,1,Tall,0
3820,11,기본,0
3820,6,샷 추가 (+1),500
3821,5,ICE,0
3821,2,Grande,500
3822,4,HOT,0
3822,2,Grande,500
3822,12,덜 달게,0
3822,6,샷 추가 (+1),500
3823,4,HOT,0
3823,2,Grande,500
3823,11,기본,0
3824,4,HOT,0
3824,2,Grande,500
3824,12,덜 달게,0
3825,5,ICE,0
3825,1,Tall,0
3825,12,덜 달게,0
3826,4,HOT,0
3826,1,Tall,0
3827,4,HOT,0
3827,3,Venti,1000
3827,12,덜 달게,0
3828,4,HOT,0
3828,1,Tall,0
3828,11,기본,0
3828,6,샷 추가 (+1),500
3829,5,ICE,0
3829,1,Tall,0
3829,11,기본,0
3830,4,HOT,0
3830,1,Tall,0
3830,12,덜 달게,0
3831,4,HOT,0
3831,1,Tall,0
3831,12,덜 달게,0
3831,6,샷 추가 (+1),500
3832,5,ICE,0
3832,2,Grande,500
3832,13,더 달게,0
3832,6,샷 추가 (+1),500
3832,7,바닐라 시럽,300
3833,5,ICE,0
3833,3,Venti,1000
3833,6,샷 추가 (+1),500
3834,5,ICE,0
3834,1,Tall,0
3834,13,더 달게,0
3834,6,샷 추가 (+1),500
3834,10,휘핑크림 추가,500
3835,4,HOT,0
3835,2,Grande,500
3835,13,더 달게,0
3836,5,ICE,0
3836,1,Tall,0
3836,12,덜 달게,0
3836,6,샷 추가 (+1),500
3836,8,헤이즐넛 시럽,300
3837,5,ICE,0
3837,3,Venti,1000
3837,11,기본,0
3838,4,HOT,0
3838,3,Venti,1000
3838,6,샷 추가 (+1),500
3838,8,헤이즐넛 시럽,300
3839,4,HOT,0
3839,2,Grande,500
3839,11,기본,0
3840,5,ICE,0
3840,1,Tall,0
3840,11,기본,0
3841,4,HOT,0
3841,1,Tall,0
3841,6,샷 추가 (+1),500
3842,5,ICE,0
3842,2,Grande,500
3842,11,기본,0
3842,9,카라멜 시럽,300
3843,5,ICE,0
3843,2,Grande,500
3843,13,더 달게,0
3843,6,샷 추가 (+1),500
3844,4,HOT,0
3844,3,Venti,1000
3844,6,샷 추가 (+1),500
3845,4,HOT,0
3845,1,Tall,0
3845,6,샷 추가 (+1),500
3845,9,카라멜 시럽,300
3846,4,HOT,0
3846,3,Venti,1000
3847,4,HOT,0
3847,1,Tall,0
3847,13,더 달게,0
3847,6,샷 추가 (+1),500
3847,10,휘핑크림 추가,500
3848,4,HOT,0
3848,1,Tall,0
3848,11,기본,0
3848,6,샷 추가 (+1),500
3849,4,HOT,0
3849,2,Grande,500
3849,12,덜 달게,0
3850,5,ICE,0
3850,1,Tall,0
3850,11,기본,0
3851,4,HOT,0
3851,2,Grande,500
3851,11,기본,0
3852,4,HOT,0
3852,1,Tall,0
3852,6,샷 추가 (+1),500
3852,10,휘핑크림 추가,500
3853,4,HOT,0
3853,3,Venti,1000
3853,11,기본,0
3853,6,샷 추가 (+1),500
3854,4,HOT,0
3854,2,Grande,500
3854,9,카라멜 시럽,300
3855,4,HOT,0
3855,1,Tall,0
3855,11,기본,0
3855,8,헤이즐넛 시럽,300
3856,4,HOT,0
3856,2,Grande,500
3857,5,ICE,0
3857,2,Grande,500
3858,4,HOT,0
3858,1,Tall,0
3858,6,샷 추가 (+1),500
3859,4,HOT,0
3859,1,Tall,0
3859,11,기본,0
3859,6,샷 추가 (+1),500
3860,4,HOT,0
3860,1,Tall,0
3860,11,기본,0
3860,6,샷 추가 (+1),500
3860,7,바닐라 시럽,300
3861,4,HOT,0
3861,1,Tall,0
3861,13,더 달게,0
3861,9,카라멜 시럽,300
3862,4,HOT,0
3862,2,Grande,500
3862,7,바닐라 시럽,300
3863,4,HOT,0
3863,2,Grande,500
3863,12,덜 달게,0
3864,5,ICE,0
3864,1,Tall,0
3865,5,ICE,0
3865,1,Tall,0
3866,4,HOT,0
3866,3,Venti,1000
3866,11,기본,0
3866,7,바닐라 시럽,300
3867,4,HOT,0
3867,1,Tall,0
3867,12,덜 달게,0
3868,5,ICE,0
3868,1,Tall,0
3868,13,더 달게,0
3868,10,휘핑크림 추가,500
3869,4,HOT,0
3869,2,Grande,500
3869,13,더 달게,0
3869,6,샷 추가 (+1),500
3870,4,HOT,0
3870,1,Tall,0
3870,13,더 달게,0
3871,4,HOT,0
3871,1,Tall,0
3871,13,더 달게,0
3872,4,HOT,0
3872,2,Grande,500
3872,11,기본,0
3873,5,ICE,0
3873,1,Tall,0
3873,13,더 달게,0
3874,4,HOT,0
3874,3,Venti,1000
3874,13,더 달게,0
3874,9,카라멜 시럽,300
3875,5,ICE,0
3875,2,Grande,500
3875,11,기본,0
3876,5,ICE,0
3876,1,Tall,0
3876,6,샷 추가 (+1),500
3876,8,헤이즐넛 시럽,300
3877,4,HOT,0
3877,1,Tall,0
3877,6,샷 추가 (+1),500
3877,9,카라멜 시럽,300
3878,4,HOT,0
3878,2,Grande,500
3879,5,ICE,0
3879,3,Venti,1000
3879,13,더 달게,0
3879,6,샷 추가 (+1),500
3880,4,HOT,0
3880,1,Tall,0
3880,6,샷 추가 (+1),500
3881,5,ICE,0
3881,1,Tall,0
3881,13,더 달게,0
3881,9,카라멜 시럽,300
3882,4,HOT,0
3882,2,Grande,500
3883,5,ICE,0
3883,1,Tall,0
3883,13,더 달게,0
3884,4,HOT,0
3884,3,Venti,1000
3884,11,기본,0
3885,4,HOT,0
3885,3,Venti,1000
3886,4,HOT,0
3886,2,Grande,500
3886,11,기본,0
3886,6,샷 추가 (+1),500
3887,4,HOT,0
3887,3,Venti,1000
3887,7,바닐라 시럽,300
3887,10,휘핑크림 추가,500
3888,5,ICE,0
3888,1,Tall,0
3889,4,HOT,0
3889,1,Tall,0
3889,10,휘핑크림 추가,500
3890,4,HOT,0
3890,2,Grande,500
3890,11,기본,0
3890,6,샷 추가 (+1),500
3891,4,HOT,0
3891,1,Tall,0
3891,11,기본,0
3892,4,HOT,0
3892,2,Grande,500
3893,4,HOT,0
3893,1,Tall,0
3893,12,덜 달게,0
3893,7,바닐라 시럽,300
3894,4,HOT,0
3894,3,Venti,1000
3894,11,기본,0
3895,4,HOT,0
3895,2,Grande,500
3895,11,기본,0
3896,4,HOT,0
3896,1,Tall,0
3897,4,HOT,0
3897,3,Venti,1000
3897,6,샷 추가 (+1),500
3898,4,HOT,0
3898,2,Grande,500
3898,11,기본,0
3899,4,HOT,0
3899,2,Grande,500
3899,12,덜 달게,0
3900,4,HOT,0
3900,3,Venti,1000
3900,6,샷 추가 (+1),500
3901,5,ICE,0
3901,2,Grande,500
3901,11,기본,0
3902,4,HOT,0
3902,1,Tall,0
3902,12,덜 달게,0
3903,5,ICE,0
3903,3,Venti,1000
3903,7,바닐라 시럽,300
3904,5,ICE,0
3904,1,Tall,0
3904,13,더 달게,0
3904,6,샷 추가 (+1),500
3904,10,휘핑크림 추가,500
3905,5,ICE,0
3905,2,Grande,500
3905,6,샷 추가 (+1),500
3906,5,ICE,0
3906,1,Tall,0
3906,10,휘핑크림 추가,500
3907,4,HOT,0
3907,2,Grande,500
3907,11,기본,0
3908,5,ICE,0
3908,3,Venti,1000
3909,5,ICE,0
3909,1,Tall,0
3909,12,덜 달게,0
3909,6,샷 추가 (+1),500
3910,5,ICE,0
3910,1,Tall,0
3910,13,더 달게,0
3910,7,바닐라 시럽,300
3910,10,휘핑크림 추가,500
3911,4,HOT,0
3911,1,Tall,0
3911,12,덜 달게,0
3912,4,HOT,0
3912,2,Grande,500
3912,11,기본,0
3913,4,HOT,0
3913,3,Venti,1000
3913,6,샷 추가 (+1),500
3914,5,ICE,0
3914,1,Tall,0
3914,11,기본,0
3914,6,샷 추가 (+1),500
3915,5,ICE,0
3915,1,Tall,0
3916,4,HOT,0
3916,3,Venti,1000
3916,12,덜 달게,0
3917,5,ICE,0
3917,2,Grande,500
3917,12,덜 달게,0
3918,4,HOT,0
3918,3,Venti,1000
3918,13,더 달게,0
3919,5,ICE,0
3919,2,Grande,500
3919,6,샷 추가 (+1),500
3920,5,ICE,0
3920,1,Tall,0
3920,13,더 달게,0
3920,9,카라멜 시럽,300
3920,10,휘핑크림 추가,500
3921,4,HOT,0
3921,3,Venti,1000
3921,11,기본,0
3922,5,ICE,0
3922,1,Tall,0
3922,9,카라멜 시럽,300
3923,5,ICE,0
3923,2,Grande,500
3924,4,HOT,0
3924,2,Grande,500
3925,4,HOT,0
3925,3,Venti,1000
3925,13,더 달게,0
3925,6,샷 추가 (+1),500
3926,4,HOT,0
3926,2,Grande,500
3926,13,더 달게,0
3926,6,샷 추가 (+1),500
3927,4,HOT,0
3927,3,Venti,1000
3927,6,샷 추가 (+1),500
3927,10,휘핑크림 추가,500
3928,5,ICE,0
3928,2,Grande,500
3928,8,헤이즐넛 시럽,300
3928,10,휘핑크림 추가,500
3929,5,ICE,0
3929,3,Venti,1000
3930,4,HOT,0
3930,2,Grande,500
3930,11,기본,0
3931,5,ICE,0
3931,1,Tall,0
3931,12,덜 달게,0
3932,4,HOT,0
3932,2,Grande,500
3932,6,샷 추가 (+1),500
3932,7,바닐라 시럽,300
3933,4,HOT,0
3933,3,Venti,1000
3933,13,더 달게,0
3933,6,샷 추가 (+1),500
3934,4,HOT,0
3934,2,Grande,500
3934,11,기본,0
3934,6,샷 추가 (+1),500
3934,9,카라멜 시럽,300
3935,5,ICE,0
3935,2,Grande,500
3936,4,HOT,0
3936,2,Grande,500
3937,4,HOT,0
3937,1,Tall,0
3937,6,샷 추가 (+1),500
3938,4,HOT,0
3938,1,Tall,0
3938,11,기본,0
3938,8,헤이즐넛 시럽,300
3939,4,HOT,0
3939,3,Venti,1000
3939,13,더 달게,0
3940,4,HOT,0
3940,2,Grande,500
3940,11,기본,0
3941,5,ICE,0
3941,3,Venti,1000
3941,7,바닐라 시럽,300
3942,4,HOT,0
3942,2,Grande,500
3942,13,더 달게,0
3943,4,HOT,0
3943,2,Grande,500
3944,4,HOT,0
3944,2,Grande,500
3944,6,샷 추가 (+1),500
3945,4,HOT,0
3945,2,Grande,500
3945,12,덜 달게,0
3945,7,바닐라 시럽,300
3946,5,ICE,0
3946,3,Venti,1000
3947,4,HOT,0
3947,1,Tall,0
3947,11,기본,0
3947,6,샷 추가 (+1),500
3947,7,바닐라 시럽,300
3948,4,HOT,0
3948,2,Grande,500
3948,11,기본,0
3949,5,ICE,0
3949,1,Tall,0
3949,11,기본,0
3949,8,헤이즐넛 시럽,300
3950,4,HOT,0
3950,2,Grande,500
3950,12,덜 달게,0
3950,6,샷 추가 (+1),500
3951,4,HOT,0
3951,2,Grande,500
3951,11,기본,0
3952,4,HOT,0
3952,1,Tall,0
3952,11,기본,0
3952,7,바닐라 시럽,300
3953,5,ICE,0
3953,2,Grande,500
3954,4,HOT,0
3954,3,Venti,1000
3954,13,더 달게,0
3955,5,ICE,0
3955,1,Tall,0
3955,11,기본,0
3956,4,HOT,0
3956,2,Grande,500
3956,6,샷 추가 (+1),500
3956,8,헤이즐넛 시럽,300
3957,4,HOT,0
3957,2,Grande,500
3957,11,기본,0
3958,4,HOT,0
3958,3,Venti,1000
3958,11,기본,0
3959,5,ICE,0
3959,3,Venti,1000
3959,13,더 달게,0
3959,6,샷 추가 (+1),500
3960,4,HOT,0
3960,1,Tall,0
3960,12,덜 달게,0
3961,4,HOT,0
3961,1,Tall,0
3961,13,더 달게,0
3961,6,샷 추가 (+1),500
3962,5,ICE,0
3962,1,Tall,0
3962,11,기본,0
3963,5,ICE,0
3963,1,Tall,0
3963,13,더 달게,0
3964,4,HOT,0
3964,2,Grande,500
3964,12,덜 달게,0
3964,9,카라멜 시럽,300
3965,5,ICE,0
3965,2,Grande,500
3966,4,HOT,0
3966,3,Venti,1000
3967,4,HOT,0
3967,2,Grande,500
3967,13,더 달게,0
3968,5,ICE,0
3968,3,Venti,1000
3968,13,더 달게,0
3968,6,샷 추가 (+1),500
3969,4,HOT,0
3969,2,Grande,500
3969,6,샷 추가 (+1),500
3969,9,카라멜 시럽,300
3970,5,ICE,0
3970,2,Grande,500
3970,6,샷 추가 (+1),500
3971,4,HOT,0
3971,1,Tall,0
3971,6,샷 추가 (+1),500
3971,9,카라멜 시럽,300
3972,5,ICE,0
3972,3,Venti,1000
3972,13,더 달게,0
3973,4,HOT,0
3973,2,Grande,500
3973,6,샷 추가 (+1),500
3974,5,ICE,0
3974,1,Tall,0
3974,11,기본,0
3975,4,HOT,0
3975,2,Grande,500
3975,11,기본,0
3975,6,샷 추가 (+1),500
3976,4,HOT,0
3976,2,Grande,500
3976,7,바닐라 시럽,300
3976,10,휘핑크림 추가,500
3977,5,ICE,0
3977,1,Tall,0
3977,12,덜 달게,0
3977,6,샷 추가 (+1),500
3978,4,HOT,0
3978,3,Venti,1000
3978,11,기본,0
3978,7,바닐라 시럽,300
3979,4,HOT,0
3979,1,Tall,0
3979,6,샷 추가 (+1),500
3980,4,HOT,0
3980,1,Tall,0
3980,12,덜 달게,0
3981,4,HOT,0
3981,2,Grande,500
3981,11,기본,0
3982,5,ICE,0
3982,3,Venti,1000
3983,4,HOT,0
3983,2,Grande,500
3984,4,HOT,0
3984,2,Grande,500
3984,11,기본,0
3984,6,샷 추가 (+1),500
3985,4,HOT,0
3985,2,Grande,500
3985,13,더 달게,0
3985,6,샷 추가 (+1),500
3986,5,ICE,0
3986,2,Grande,500
3987,4,HOT,0
3987,1,Tall,0
3987,8,헤이즐넛 시럽,300
3988,4,HOT,0
3988,3,Venti,1000
3988,11,기본,0
3988,9,카라멜 시럽,300
3989,4,HOT,0
3989,1,Tall,0
3990,4,HOT,0
3990,2,Grande,500
3990,13,더 달게,0
3991,4,HOT,0
3991,2,Grande,500
3991,13,더 달게,0
3991,8,헤이즐넛 시럽,300
3992,4,HOT,0
3992,1,Tall,0
3992,12,덜 달게,0
3993,5,ICE,0
3993,1,Tall,0
3993,12,덜 달게,0
3993,6,샷 추가 (+1),500
3993,9,카라멜 시럽,300
3994,5,ICE,0
3994,3,Venti,1000
3994,8,헤이즐넛 시럽,300
3994,10,휘핑크림 추가,500
3995,4,HOT,0
3995,1,Tall,0
3995,13,더 달게,0
3995,8,헤이즐넛 시럽,300
3996,4,HOT,0
3996,3,Venti,1000
3996,11,기본,0
3996,10,휘핑크림 추가,500
3997,5,ICE,0
3997,2,Grande,500
3997,9,카라멜 시럽,300
3998,4,HOT,0
3998,1,Tall,0
3998,6,샷 추가 (+1),500
3999,5,ICE,0
3999,2,Grande,500
3999,11,기본,0
4000,4,HOT,0
4000,2,Grande,500
4000,6,샷 추가 (+1),500
4001,4,HOT,0
4001,1,Tall,0
4001,6,샷 추가 (+1),500
4002,4,HOT,0
4002,2,Grande,500
4002,11,기본,0
4002,6,샷 추가 (+1),500
4003,4,HOT,0
4003,2,Grande,500
4003,6,샷 추가 (+1),500
4004,5,ICE,0
4004,1,Tall,0
4004,6,샷 추가 (+1),500
4005,5,ICE,0
4005,1,Tall,0
4005,12,덜 달게,0
4005,10,휘핑크림 추가,500
4006,5,ICE,0
4006,3,Venti,1000
4006,6,샷 추가 (+1),500
4007,4,HOT,0
4007,3,Venti,1000
4007,13,더 달게,0
4008,4,HOT,0
4008,2,Grande,500
4009,5,ICE,0
4009,3,Venti,1000
4009,12,덜 달게,0
4010,5,ICE,0
4010,1,Tall,0
4011,5,ICE,0
4011,2,Grande,500
4011,13,더 달게,0
4012,4,HOT,0
4012,1,Tall,0
4012,9,카라멜 시럽,300
4013,4,HOT,0
4013,2,Grande,500
4014,5,ICE,0
4014,3,Venti,1000
4014,11,기본,0
4014,6,샷 추가 (+1),500
4015,5,ICE,0
4015,1,Tall,0
4016,5,ICE,0
4016,2,Grande,500
4016,13,더 달게,0
4016,6,샷 추가 (+1),500
4016,8,헤이즐넛 시럽,300
4017,4,HOT,0
4017,1,Tall,0
4018,5,ICE,0
4018,2,Grande,500
4018,13,더 달게,0
4019,4,HOT,0
4019,1,Tall,0
4019,12,덜 달게,0
4020,4,HOT,0
4020,2,Grande,500
4020,11,기본,0
4021,5,ICE,0
4021,1,Tall,0
4021,12,덜 달게,0
4022,4,HOT,0
4022,2,Grande,500
4023,4,HOT,0
4023,1,Tall,0
4024,4,HOT,0
4024,3,Venti,1000
4024,11,기본,0
4025,4,HOT,0
4025,1,Tall,0
4025,9,카라멜 시럽,300
4026,5,ICE,0
4026,3,Venti,1000
4026,12,덜 달게,0
4026,6,샷 추가 (+1),500
4027,5,ICE,0
4027,2,Grande,500
4027,9,카라멜 시럽,300
4028,5,ICE,0
4028,3,Venti,1000
4028,11,기본,0
4028,9,카라멜 시럽,300
4029,4,HOT,0
4029,2,Grande,500
4029,11,기본,0
4029,6,샷 추가 (+1),500
4029,8,헤이즐넛 시럽,300
4030,4,HOT,0
4030,3,Venti,1000
4030,6,샷 추가 (+1),500
4031,4,HOT,0
4031,1,Tall,0
4031,11,기본,0
4032,4,HOT,0
4032,1,Tall,0
4032,11,기본,0
4032,10,휘핑크림 추가,500
4033,4,HOT,0
4033,1,Tall,0
4033,11,기본,0
4034,4,HOT,0
4034,1,Tall,0
4034,13,더 달게,0
4035,4,HOT,0
4035,3,Venti,1000
4035,11,기본,0
4036,4,HOT,0
4036,2,Grande,500
4036,6,샷 추가 (+1),500
4036,8,헤이즐넛 시럽,300
4037,4,HOT,0
4037,1,Tall,0
4037,6,샷 추가 (+1),500
4038,4,HOT,0
4038,2,Grande,500
4038,12,덜 달게,0
4038,9,카라멜 시럽,300
4039,5,ICE,0
4039,2,Grande,500
4039,6,샷 추가 (+1),500
4040,5,ICE,0
4040,2,Grande,500
4041,4,HOT,0
4041,2,Grande,500
4041,11,기본,0
4042,5,ICE,0
4042,2,Grande,500
4043,5,ICE,0
4043,1,Tall,0
4044,4,HOT,0
4044,3,Venti,1000
4044,11,기본,0
4045,4,HOT,0
4045,2,Grande,500
4046,5,ICE,0
4046,3,Venti,1000
4046,12,덜 달게,0
4046,9,카라멜 시럽,300
4047,4,HOT,0
4047,1,Tall,0
4047,11,기본,0
4048,4,HOT,0
4048,3,Venti,1000
4048,13,더 달게,0
4049,5,ICE,0
4049,1,Tall,0
4049,11,기본,0
4049,6,샷 추가 (+1),500
4050,5,ICE,0
4050,3,Venti,1000
4050,12,덜 달게,0
4050,9,카라멜 시럽,300
4051,4,HOT,0
4051,3,Venti,1000
4051,12,덜 달게,0
4051,10,휘핑크림 추가,500
4052,5,ICE,0
4052,2,Grande,500
4052,12,덜 달게,0
4052,10,휘핑크림 추가,500
4053,5,ICE,0
4053,2,Grande,500
4053,7,바닐라 시럽,300
4054,5,ICE,0
4054,1,Tall,0
4054,12,덜 달게,0
4054,6,샷 추가 (+1),500
4055,5,ICE,0
4055,1,Tall,0
4055,6,샷 추가 (+1),500
4056,4,HOT,0
4056,2,Grande,500
4056,11,기본,0
4056,6,샷 추가 (+1),500
4057,5,ICE,0
4057,2,Grande,500
4057,13,더 달게,0
4058,4,HOT,0
4058,1,Tall,0
4058,13,더 달게,0
4059,4,HOT,0
4059,2,Grande,500
4059,11,기본,0
4059,10,휘핑크림 추가,500
4060,4,HOT,0
4060,1,Tall,0
4060,13,더 달게,0
4061,4,HOT,0
4061,2,Grande,500
4061,13,더 달게,0
4061,6,샷 추가 (+1),500
4061,7,바닐라 시럽,300
4061,10,휘핑크림 추가,500
4062,4,HOT,0
4062,2,Grande,500
4062,12,덜 달게,0
4063,4,HOT,0
4063,2,Grande,500
4063,11,기본,0
4063,8,헤이즐넛 시럽,300
4064,5,ICE,0
4064,2,Grande,500
4064,6,샷 추가 (+1),500
4065,4,HOT,0
4065,1,Tall,0
4065,12,덜 달게,0
4065,6,샷 추가 (+1),500
4066,4,HOT,0
4066,1,Tall,0
4066,6,샷 추가 (+1),500
4067,4,HOT,0
4067,1,Tall,0
4068,4,HOT,0
4068,1,Tall,0
4068,12,덜 달게,0
4069,5,ICE,0
4069,2,Grande,500
4069,11,기본,0
4070,4,HOT,0
4070,1,Tall,0
4070,11,기본,0
4071,5,ICE,0
4071,3,Venti,1000
4071,11,기본,0
4071,7,바닐라 시럽,300
4072,4,HOT,0
4072,3,Venti,1000
4072,12,덜 달게,0
4072,6,샷 추가 (+1),500
4073,4,HOT,0
4073,1,Tall,0
4073,11,기본,0
4073,6,샷 추가 (+1),500
4074,4,HOT,0
4074,2,Grande,500
4074,11,기본,0
4075,5,ICE,0
4075,2,Grande,500
4075,11,기본,0
4076,5,ICE,0
4076,1,Tall,0
4077,4,HOT,0
4077,1,Tall,0
4077,13,더 달게,0
4077,6,샷 추가 (+1),500
4078,4,HOT,0
4078,2,Grande,500
4078,11,기본,0
4079,5,ICE,0
4079,1,Tall,0
4079,6,샷 추가 (+1),500
4080,5,ICE,0
4080,1,Tall,0
4080,13,더 달게,0
4080,8,헤이즐넛 시럽,300
4081,5,ICE,0
4081,3,Venti,1000
4081,11,기본,0
4081,8,헤이즐넛 시럽,300
4082,4,HOT,0
4082,3,Venti,1000
4082,6,샷 추가 (+1),500
4082,8,헤이즐넛 시럽,300
4083,5,ICE,0
4083,2,Grande,500
4084,4,HOT,0
4084,1,Tall,0
4085,4,HOT,0
4085,1,Tall,0
4085,11,기본,0
4086,5,ICE,0
4086,2,Grande,500
4086,6,샷 추가 (+1),500
4087,4,HOT,0
4087,1,Tall,0
4088,5,ICE,0
4088,3,Venti,1000
4088,6,샷 추가 (+1),500
4089,5,ICE,0
4089,3,Venti,1000
4090,5,ICE,0
4090,1,Tall,0
4090,9,카라멜 시럽,300
4091,4,HOT,0
4091,3,Venti,1000
4091,6,샷 추가 (+1),500
4091,9,카라멜 시럽,300
4092,4,HOT,0
4092,3,Venti,1000
4092,11,기본,0
4093,5,ICE,0
4093,1,Tall,0
4093,6,샷 추가 (+1),500
4094,4,HOT,0
4094,1,Tall,0
4094,11,기본,0
4094,7,바닐라 시럽,300
4095,4,HOT,0
4095,1,Tall,0
4096,4,HOT,0
4096,2,Grande,500
4097,4,HOT,0
4097,2,Grande,500
4098,4,HOT,0
4098,1,Tall,0
4098,11,기본,0
4099,4,HOT,0
4099,2,Grande,500
4099,11,기본,0
4100,4,HOT,0
4100,1,Tall,0
4100,8,헤이즐넛 시럽,300
4101,4,HOT,0
4101,1,Tall,0
4101,11,기본,0
4101,6,샷 추가 (+1),500
4102,4,HOT,0
4102,1,Tall,0
4102,11,기본,0
4103,4,HOT,0
4103,2,Grande,500
4104,4,HOT,0
4104,1,Tall,0
4105,4,HOT,0
4105,2,Grande,500
4105,13,더 달게,0
4106,5,ICE,0
4106,1,Tall,0
4106,13,더 달게,0
4107,4,HOT,0
4107,2,Grande,500
4107,9,카라멜 시럽,300
4108,4,HOT,0
4108,3,Venti,1000
4108,12,덜 달게,0
4109,5,ICE,0
4109,1,Tall,0
4110,4,HOT,0
4110,1,Tall,0
4110,12,덜 달게,0
4111,4,HOT,0
4111,2,Grande,500
4111,11,기본,0
4111,6,샷 추가 (+1),500
4112,5,ICE,0
4112,3,Venti,1000
4112,13,더 달게,0
4112,6,샷 추가 (+1),500
4113,4,HOT,0
4113,2,Grande,500
4113,12,덜 달게,0
4113,8,헤이즐넛 시럽,300
4114,5,ICE,0
4114,3,Venti,1000
4114,7,바닐라 시럽,300
4115,4,HOT,0
4115,1,Tall,0
4115,6,샷 추가 (+1),500
4116,4,HOT,0
4116,1,Tall,0
4116,11,기본,0
4117,5,ICE,0
4117,2,Grande,500
4117,11,기본,0
4117,7,바닐라 시럽,300
4118,4,HOT,0
4118,3,Venti,1000
4118,12,덜 달게,0
4118,7,바닐라 시럽,300
4119,5,ICE,0
4119,2,Grande,500
4119,6,샷 추가 (+1),500
4120,5,ICE,0
4120,1,Tall,0
4120,11,기본,0
4121,4,HOT,0
4121,1,Tall,0
4122,5,ICE,0
4122,2,Grande,500
4123,4,HOT,0
4123,2,Grande,500
4123,6,샷 추가 (+1),500
4124,5,ICE,0
4124,3,Venti,1000
4125,4,HOT,0
4125,3,Venti,1000
4125,6,샷 추가 (+1),500
4126,4,HOT,0
4126,2,Grande,500
4126,12,덜 달게,0
4127,4,HOT,0
4127,1,Tall,0
4127,11,기본,0
4127,6,샷 추가 (+1),500
4128,4,HOT,0
4128,2,Grande,500
4128,11,기본,0
4128,6,샷 추가 (+1),500
4129,5,ICE,0
4129,2,Grande,500
4130,5,ICE,0
4130,3,Venti,1000
4130,13,더 달게,0
4131,5,ICE,0
4131,2,Grande,500
4132,5,ICE,0
4132,1,Tall,0
4133,4,HOT,0
4133,1,Tall,0
4133,6,샷 추가 (+1),500
4134,4,HOT,0
4134,3,Venti,1000
4134,13,더 달게,0
4135,4,HOT,0
4135,2,Grande,500
4135,6,샷 추가 (+1),500
4136,4,HOT,0
4136,2,Grande,500
4136,6,샷 추가 (+1),500
4136,8,헤이즐넛 시럽,300
4137,4,HOT,0
4137,2,Grande,500
4137,8,헤이즐넛 시럽,300
4138,5,ICE,0
4138,3,Venti,1000
4138,6,샷 추가 (+1),500
4139,4,HOT,0
4139,2,Grande,500
4139,9,카라멜 시럽,300
4140,5,ICE,0
4140,1,Tall,0
4140,13,더 달게,0
4140,9,카라멜 시럽,300
4141,4,HOT,0
4141,2,Grande,500
4142,5,ICE,0
4142,1,Tall,0
4142,11,기본,0
4142,7,바닐라 시럽,300
4143,4,HOT,0
4143,1,Tall,0
4143,12,덜 달게,0
4143,9,카라멜 시럽,300
4144,4,HOT,0
4144,1,Tall,0
4145,4,HOT,0
4145,1,Tall,0
4145,6,샷 추가 (+1),500
4146,4,HOT,0
4146,3,Venti,1000
4146,6,샷 추가 (+1),500
4146,10,휘핑크림 추가,500
4147,5,ICE,0
4147,2,Grande,500
4147,11,기본,0
4148,4,HOT,0
4148,3,Venti,1000
4149,4,HOT,0
4149,1,Tall,0
4149,11,기본,0
4149,6,샷 추가 (+1),500
4149,9,카라멜 시럽,300
4150,4,HOT,0
4150,2,Grande,500
4150,11,기본,0
4150,6,샷 추가 (+1),500
4151,5,ICE,0
4151,2,Grande,500
4151,11,기본,0
4151,6,샷 추가 (+1),500
4152,4,HOT,0
4152,2,Grande,500
4152,12,덜 달게,0
4153,5,ICE,0
4153,1,Tall,0
4154,4,HOT,0
4154,2,Grande,500
4154,11,기본,0
4155,4,HOT,0
4155,3,Venti,1000
4156,4,HOT,0
4156,1,Tall,0
4156,12,덜 달게,0
4157,4,HOT,0
4157,1,Tall,0
4157,6,샷 추가 (+1),500
4158,5,ICE,0
4158,1,Tall,0
4159,4,HOT,0
4159,2,Grande,500
4159,11,기본,0
4160,4,HOT,0
4160,1,Tall,0
4160,12,덜 달게,0
4160,7,바닐라 시럽,300
4161,4,HOT,0
4161,2,Grande,500
4161,11,기본,0
4162,5,ICE,0
4162,1,Tall,0
4162,11,기본,0
4162,8,헤이즐넛 시럽,300
4163,4,HOT,0
4163,1,Tall,0
4163,13,더 달게,0
4164,4,HOT,0
4164,2,Grande,500
4164,11,기본,0
4165,5,ICE,0
4165,1,Tall,0
4166,4,HOT,0
4166,1,Tall,0
4166,12,덜 달게,0
4167,5,ICE,0
4167,1,Tall,0
4167,11,기본,0
4168,4,HOT,0
4168,3,Venti,1000
4168,6,샷 추가 (+1),500
4169,4,HOT,0
4169,2,Grande,500
4170,5,ICE,0
4170,1,Tall,0
4170,12,덜 달게,0
4170,6,샷 추가 (+1),500
4171,5,ICE,0
4171,2,Grande,500
4172,4,HOT,0
4172,2,Grande,500
4172,6,샷 추가 (+1),500
4173,5,ICE,0
4173,1,Tall,0
4174,4,HOT,0
4174,3,Venti,1000
4174,12,덜 달게,0
4175,4,HOT,0
4175,1,Tall,0
4175,11,기본,0
4175,6,샷 추가 (+1),500
4175,10,휘핑크림 추가,500
4176,4,HOT,0
4176,1,Tall,0
4177,4,HOT,0
4177,3,Venti,1000
4177,12,덜 달게,0
4177,10,휘핑크림 추가,500
4178,4,HOT,0
4178,3,Venti,1000
4178,12,덜 달게,0
4178,10,휘핑크림 추가,500
4179,5,ICE,0
4179,2,Grande,500
4179,11,기본,0
4180,5,ICE,0
4180,2,Grande,500
4180,12,덜 달게,0
4181,4,HOT,0
4181,2,Grande,500
4181,12,덜 달게,0
4182,4,HOT,0
4182,2,Grande,500
4183,5,ICE,0
4183,2,Grande,500
4183,11,기본,0
4184,5,ICE,0
4184,2,Grande,500
4184,13,더 달게,0
4184,10,휘핑크림 추가,500
4185,5,ICE,0
4185,1,Tall,0
4185,12,덜 달게,0
4186,5,ICE,0
4186,1,Tall,0
4187,4,HOT,0
4187,1,Tall,0
4187,12,덜 달게,0
4187,8,헤이즐넛 시럽,300
4188,4,HOT,0
4188,2,Grande,500
4188,7,바닐라 시럽,300
4189,5,ICE,0
4189,1,Tall,0
4189,9,카라멜 시럽,300
4190,5,ICE,0
4190,1,Tall,0
4190,12,덜 달게,0
4190,7,바닐라 시럽,300
4191,5,ICE,0
4191,2,Grande,500
4192,5,ICE,0
4192,1,Tall,0
4192,11,기본,0
4192,6,샷 추가 (+1),500
4192,10,휘핑크림 추가,500
4193,5,ICE,0
4193,2,Grande,500
4193,10,휘핑크림 추가,500
4194,5,ICE,0
4194,2,Grande,500
4194,11,기본,0
4195,5,ICE,0
4195,1,Tall,0
4195,13,더 달게,0
4196,5,ICE,0
4196,1,Tall,0
4197,5,ICE,0
4197,1,Tall,0
4197,11,기본,0
4198,5,ICE,0
4198,1,Tall,0
4199,5,ICE,0
4199,3,Venti,1000
4199,12,덜 달게,0
4200,4,HOT,0
4200,2,Grande,500
4200,12,덜 달게,0
4200,9,카라멜 시럽,300
4200,10,휘핑크림 추가,500
4201,4,HOT,0
4201,2,Grande,500
4201,13,더 달게,0
4201,6,샷 추가 (+1),500
4202,5,ICE,0
4202,1,Tall,0
4202,13,더 달게,0
4203,4,HOT,0
4203,1,Tall,0
4203,10,휘핑크림 추가,500
4204,4,HOT,0
4204,3,Venti,1000
4204,6,샷 추가 (+1),500
4204,10,휘핑크림 추가,500
4205,4,HOT,0
4205,2,Grande,500
4205,12,덜 달게,0
4205,10,휘핑크림 추가,500
4206,5,ICE,0
4206,2,Grande,500
4207,4,HOT,0
4207,1,Tall,0
4207,13,더 달게,0
4207,9,카라멜 시럽,300
4208,4,HOT,0
4208,1,Tall,0
4208,12,덜 달게,0
4208,6,샷 추가 (+1),500
4209,4,HOT,0
4209,1,Tall,0
4209,13,더 달게,0
4210,4,HOT,0
4210,3,Venti,1000
4210,12,덜 달게,0
4210,9,카라멜 시럽,300
4211,4,HOT,0
4211,1,Tall,0
4211,12,덜 달게,0
4211,6,샷 추가 (+1),500
4212,4,HOT,0
4212,2,Grande,500
4213,5,ICE,0
4213,1,Tall,0
4213,11,기본,0
4213,6,샷 추가 (+1),500
4213,10,휘핑크림 추가,500
4214,5,ICE,0
4214,2,Grande,500
4214,6,샷 추가 (+1),500
4215,5,ICE,0
4215,1,Tall,0
4216,4,HOT,0
4216,2,Grande,500
4216,11,기본,0
4216,6,샷 추가 (+1),500
4217,4,HOT,0
4217,3,Venti,1000
4218,5,ICE,0
4218,2,Grande,500
4218,6,샷 추가 (+1),500
4219,5,ICE,0
4219,2,Grande,500
4219,11,기본,0
4220,4,HOT,0
4220,1,Tall,0
4220,9,카라멜 시럽,300
4221,4,HOT,0
4221,2,Grande,500
4221,11,기본,0
4221,6,샷 추가 (+1),500
4222,5,ICE,0
4222,2,Grande,500
4222,6,샷 추가 (+1),500
4223,4,HOT,0
4223,2,Grande,500
4223,12,덜 달게,0
4223,10,휘핑크림 추가,500
4224,4,HOT,0
4224,2,Grande,500
4224,11,기본,0
4224,7,바닐라 시럽,300
4225,5,ICE,0
4225,2,Grande,500
4225,9,카라멜 시럽,300
4226,4,HOT,0
4226,2,Grande,500
4226,11,기본,0
4226,7,바닐라 시럽,300
4227,4,HOT,0
4227,1,Tall,0
4228,4,HOT,0
4228,1,Tall,0
4228,12,덜 달게,0
4228,6,샷 추가 (+1),500
4228,8,헤이즐넛 시럽,300
4229,4,HOT,0
4229,2,Grande,500
4230,4,HOT,0
4230,3,Venti,1000
4230,11,기본,0
4230,6,샷 추가 (+1),500
4231,5,ICE,0
4231,1,Tall,0
4231,6,샷 추가 (+1),500
4232,4,HOT,0
4232,3,Venti,1000
4232,13,더 달게,0
4232,10,휘핑크림 추가,500
4233,5,ICE,0
4233,1,Tall,0
4234,5,ICE,0
4234,1,Tall,0
4234,12,덜 달게,0
4235,4,HOT,0
4235,2,Grande,500
4235,12,덜 달게,0
4235,8,헤이즐넛 시럽,300
4236,4,HOT,0
4236,2,Grande,500
4237,4,HOT,0
4237,1,Tall,0
4238,4,HOT,0
4238,2,Grande,500
4238,6,샷 추가 (+1),500
4239,4,HOT,0
4239,2,Grande,500
4239,11,기본,0
4239,6,샷 추가 (+1),500
4240,5,ICE,0
4240,3,Venti,1000
4240,11,기본,0
4240,7,바닐라 시럽,300
4241,5,ICE,0
4241,2,Grande,500
4241,12,덜 달게,0
4242,4,HOT,0
4242,1,Tall,0
4242,13,더 달게,0
4243,4,HOT,0
4243,2,Grande,500
4243,13,더 달게,0
4244,4,HOT,0
4244,1,Tall,0
4245,4,HOT,0
4245,1,Tall,0
4245,11,기본,0
4245,6,샷 추가 (+1),500
4246,4,HOT,0
4246,2,Grande,500
4247,4,HOT,0
4247,1,Tall,0
4247,11,기본,0
4248,4,HOT,0
4248,2,Grande,500
4248,13,더 달게,0
4249,4,HOT,0
4249,2,Grande,500
4249,13,더 달게,0
4250,4,HOT,0
4250,1,Tall,0
4251,5,ICE,0
4251,1,Tall,0
4252,4,HOT,0
4252,1,Tall,0
4252,12,덜 달게,0
4252,6,샷 추가 (+1),500
4253,4,HOT,0
4253,3,Venti,1000
4253,13,더 달게,0
4253,7,바닐라 시럽,300
4254,4,HOT,0
4254,2,Grande,500
4255,4,HOT,0
4255,1,Tall,0
4255,11,기본,0
4256,4,HOT,0
4256,1,Tall,0
4256,11,기본,0
4257,4,HOT,0
4257,3,Venti,1000
4258,4,HOT,0
4258,2,Grande,500
4258,11,기본,0
4258,7,바닐라 시럽,300
4259,4,HOT,0
4259,2,Grande,500
4259,6,샷 추가 (+1),500
4259,10,휘핑크림 추가,500
4260,4,HOT,0
4260,3,Venti,1000
4260,13,더 달게,0
4261,4,HOT,0
4261,2,Grande,500
4262,4,HOT,0
4262,3,Venti,1000
4262,6,샷 추가 (+1),500
4263,4,HOT,0
4263,3,Venti,1000
4263,13,더 달게,0
4264,5,ICE,0
4264,2,Grande,500
4264,6,샷 추가 (+1),500
4265,5,ICE,0
4265,1,Tall,0
4265,6,샷 추가 (+1),500
4266,5,ICE,0
4266,3,Venti,1000
4266,9,카라멜 시럽,300
4267,5,ICE,0
4267,1,Tall,0
4267,11,기본,0
4267,6,샷 추가 (+1),500
4268,4,HOT,0
4268,3,Venti,1000
4268,11,기본,0
4268,7,바닐라 시럽,300
4269,4,HOT,0
4269,1,Tall,0
4269,6,샷 추가 (+1),500
4270,4,HOT,0
4270,1,Tall,0
4270,13,더 달게,0
4270,8,헤이즐넛 시럽,300
4271,4,HOT,0
4271,1,Tall,0
4271,11,기본,0
4272,4,HOT,0
4272,1,Tall,0
4272,13,더 달게,0
4272,6,샷 추가 (+1),500
4273,5,ICE,0
4273,2,Grande,500
4273,13,더 달게,0
4274,5,ICE,0
4274,2,Grande,500
4274,13,더 달게,0
4274,9,카라멜 시럽,300
4275,4,HOT,0
4275,1,Tall,0
4275,13,더 달게,0
4275,6,샷 추가 (+1),500
4275,10,휘핑크림 추가,500
4276,5,ICE,0
4276,2,Grande,500
4276,12,덜 달게,0
4276,7,바닐라 시럽,300
4277,5,ICE,0
4277,2,Grande,500
4278,5,ICE,0
4278,1,Tall,0
4278,7,바닐라 시럽,300
4279,5,ICE,0
4279,2,Grande,500
4279,11,기본,0
4279,6,샷 추가 (+1),500
4279,9,카라멜 시럽,300
4280,5,ICE,0
4280,2,Grande,500
4280,6,샷 추가 (+1),500
4281,5,ICE,0
4281,2,Grande,500
4282,4,HOT,0
4282,2,Grande,500
4282,11,기본,0
4283,5,ICE,0
4283,1,Tall,0
4283,6,샷 추가 (+1),500
4284,5,ICE,0
4284,2,Grande,500
4284,7,바닐라 시럽,300
4285,4,HOT,0
4285,1,Tall,0
4286,5,ICE,0
4286,2,Grande,500
4286,11,기본,0
4286,6,샷 추가 (+1),500
4287,4,HOT,0
4287,1,Tall,0
4287,13,더 달게,0
4288,5,ICE,0
4288,1,Tall,0
4288,11,기본,0
4288,6,샷 추가 (+1),500
4288,7,바닐라 시럽,300
4289,4,HOT,0
4289,1,Tall,0
4289,12,덜 달게,0
4290,4,HOT,0
4290,2,Grande,500
4291,5,ICE,0
4291,1,Tall,0
4291,13,더 달게,0
4292,5,ICE,0
4292,3,Venti,1000
4292,13,더 달게,0
4293,4,HOT,0
4293,2,Grande,500
4293,13,더 달게,0
4293,8,헤이즐넛 시럽,300
4294,5,ICE,0
4294,1,Tall,0
4295,5,ICE,0
4295,2,Grande,500
4296,4,HOT,0
4296,2,Grande,500
4296,11,기본,0
4297,4,HOT,0
4297,1,Tall,0
4297,13,더 달게,0
4298,4,HOT,0
4298,2,Grande,500
4298,13,더 달게,0
4299,5,ICE,0
4299,3,Venti,1000
4299,11,기본,0
4300,4,HOT,0
4300,2,Grande,500
4300,6,샷 추가 (+1),500
4300,8,헤이즐넛 시럽,300
4301,4,HOT,0
4301,1,Tall,0
4301,11,기본,0
4302,4,HOT,0
4302,1,Tall,0
4302,12,덜 달게,0
4302,10,휘핑크림 추가,500
4303,5,ICE,0
4303,2,Grande,500
4303,12,덜 달게,0
4304,5,ICE,0
4304,2,Grande,500
4304,11,기본,0
4305,4,HOT,0
4305,3,Venti,1000
4305,11,기본,0
4306,5,ICE,0
4306,1,Tall,0
4306,11,기본,0
4307,4,HOT,0
4307,1,Tall,0
4308,5,ICE,0
4308,1,Tall,0
4308,6,샷 추가 (+1),500
4308,10,휘핑크림 추가,500
4309,5,ICE,0
4309,2,Grande,500
4309,8,헤이즐넛 시럽,300
4309,10,휘핑크림 추가,500
4310,4,HOT,0
4310,3,Venti,1000
4310,12,덜 달게,0
4310,6,샷 추가 (+1),500
4310,8,헤이즐넛 시럽,300
4311,4,HOT,0
4311,2,Grande,500
4312,5,ICE,0
4312,1,Tall,0
4312,11,기본,0
4313,5,ICE,0
4313,1,Tall,0
4313,13,더 달게,0
4313,6,샷 추가 (+1),500
4313,10,휘핑크림 추가,500
4314,5,ICE,0
4314,2,Grande,500
4314,11,기본,0
4315,5,ICE,0
4315,2,Grande,500
4315,13,더 달게,0
4315,8,헤이즐넛 시럽,300
4316,5,ICE,0
4316,1,Tall,0
4316,13,더 달게,0
4317,5,ICE,0
4317,2,Grande,500
4317,11,기본,0
4318,5,ICE,0
4318,3,Venti,1000
4318,11,기본,0
4318,6,샷 추가 (+1),500
4319,4,HOT,0
4319,1,Tall,0
4319,11,기본,0
4320,5,ICE,0
4320,3,Venti,1000
4321,4,HOT,0
4321,3,Venti,1000
4322,4,HOT,0
4322,2,Grande,500
4323,4,HOT,0
4323,1,Tall,0
4324,5,ICE,0
4324,1,Tall,0
4324,11,기본,0
4324,9,카라멜 시럽,300
4325,4,HOT,0
4325,2,Grande,500
4325,13,더 달게,0
4325,6,샷 추가 (+1),500
4326,4,HOT,0
4326,2,Grande,500
4326,11,기본,0
4326,6,샷 추가 (+1),500
4327,5,ICE,0
4327,1,Tall,0
4328,5,ICE,0
4328,2,Grande,500
4328,11,기본,0
4328,6,샷 추가 (+1),500
4329,4,HOT,0
4329,2,Grande,500
4329,11,기본,0
4329,6,샷 추가 (+1),500
4330,5,ICE,0
4330,3,Venti,1000
4330,13,더 달게,0
4330,6,샷 추가 (+1),500
4331,4,HOT,0
4331,3,Venti,1000
4331,6,샷 추가 (+1),500
4332,4,HOT,0
4332,2,Grande,500
4332,12,덜 달게,0
4333,5,ICE,0
4333,3,Venti,1000
4334,5,ICE,0
4334,3,Venti,1000
4334,13,더 달게,0
4335,5,ICE,0
4335,1,Tall,0
4335,11,기본,0
4335,10,휘핑크림 추가,500
4336,4,HOT,0
4336,1,Tall,0
4336,12,덜 달게,0
4337,4,HOT,0
4337,2,Grande,500
4337,11,기본,0
4338,4,HOT,0
4338,1,Tall,0
4339,4,HOT,0
4339,3,Venti,1000
4339,11,기본,0
4340,5,ICE,0
4340,1,Tall,0
4340,13,더 달게,0
4341,5,ICE,0
4341,2,Grande,500
4341,12,덜 달게,0
4341,6,샷 추가 (+1),500
4341,9,카라멜 시럽,300
4342,4,HOT,0
4342,2,Grande,500
4342,11,기본,0
4342,9,카라멜 시럽,300
4343,4,HOT,0
4343,3,Venti,1000
4343,13,더 달게,0
4343,9,카라멜 시럽,300
4344,5,ICE,0
4344,2,Grande,500
4344,11,기본,0
4344,6,샷 추가 (+1),500
4344,8,헤이즐넛 시럽,300
4345,5,ICE,0
4345,1,Tall,0
4345,10,휘핑크림 추가,500
4346,4,HOT,0
4346,1,Tall,0
4346,13,더 달게,0
4347,4,HOT,0
4347,1,Tall,0
4347,11,기본,0
4347,6,샷 추가 (+1),500
4348,4,HOT,0
4348,2,Grande,500
4348,11,기본,0
4349,5,ICE,0
4349,3,Venti,1000
4349,13,더 달게,0
4350,5,ICE,0
4350,1,Tall,0
4350,12,덜 달게,0
4351,5,ICE,0
4351,2,Grande,500
4352,5,ICE,0
4352,2,Grande,500
4352,10,휘핑크림 추가,500
4353,4,HOT,0
4353,1,Tall,0
4354,4,HOT,0
4354,3,Venti,1000
4354,12,덜 달게,0
4355,5,ICE,0
4355,2,Grande,500
4355,11,기본,0
4356,4,HOT,0
4356,1,Tall,0
4356,11,기본,0
4356,6,샷 추가 (+1),500
4357,5,ICE,0
4357,2,Grande,500
4358,4,HOT,0
4358,2,Grande,500
4358,12,덜 달게,0
4358,10,휘핑크림 추가,500
4359,4,HOT,0
4359,2,Grande,500
4359,6,샷 추가 (+1),500
4360,4,HOT,0
4360,2,Grande,500
4360,11,기본,0
4361,4,HOT,0
4361,1,Tall,0
4362,4,HOT,0
4362,2,Grande,500
4362,9,카라멜 시럽,300
4363,5,ICE,0
4363,1,Tall,0
4363,10,휘핑크림 추가,500
4364,4,HOT,0
4364,3,Venti,1000
4365,5,ICE,0
4365,1,Tall,0
4365,12,덜 달게,0
4365,6,샷 추가 (+1),500
4366,4,HOT,0
4366,2,Grande,500
4366,6,샷 추가 (+1),500
4367,5,ICE,0
4367,2,Grande,500
4367,13,더 달게,0
4368,5,ICE,0
4368,2,Grande,500
4368,11,기본,0
4368,7,바닐라 시럽,300
4369,5,ICE,0
4369,2,Grande,500
4370,4,HOT,0
4370,3,Venti,1000
4370,11,기본,0
4371,5,ICE,0
4371,2,Grande,500
4372,4,HOT,0
4372,1,Tall,0
4372,11,기본,0
4372,6,샷 추가 (+1),500
4372,9,카라멜 시럽,300
4372,10,휘핑크림 추가,500
4373,4,HOT,0
4373,3,Venti,1000
4373,13,더 달게,0
4374,5,ICE,0
4374,1,Tall,0
4374,12,덜 달게,0
4375,4,HOT,0
4375,2,Grande,500
4375,11,기본,0
4375,6,샷 추가 (+1),500
4376,4,HOT,0
4376,3,Venti,1000
4376,11,기본,0
4377,4,HOT,0
4377,2,Grande,500
4377,9,카라멜 시럽,300
4378,5,ICE,0
4378,2,Grande,500
4379,4,HOT,0
4379,2,Grande,500
4379,12,덜 달게,0
4379,6,샷 추가 (+1),500
4380,5,ICE,0
4380,1,Tall,0
4380,13,더 달게,0
4380,6,샷 추가 (+1),500
4381,4,HOT,0
4381,1,Tall,0
4381,6,샷 추가 (+1),500
4382,5,ICE,0
4382,3,Venti,1000
4383,4,HOT,0
4383,1,Tall,0
4383,11,기본,0
4383,6,샷 추가 (+1),500
4384,5,ICE,0
4384,3,Venti,1000
4384,12,덜 달게,0
4385,4,HOT,0
4385,2,Grande,500
4385,12,덜 달게,0
4385,6,샷 추가 (+1),500
4386,4,HOT,0
4386,2,Grande,500
4386,11,기본,0
4387,4,HOT,0
4387,2,Grande,500
4387,11,기본,0
4387,6,샷 추가 (+1),500
4387,10,휘핑크림 추가,500
4388,4,HOT,0
4388,2,Grande,500
4388,11,기본,0
4388,6,샷 추가 (+1),500
4389,5,ICE,0
4389,2,Grande,500
4389,11,기본,0
4389,6,샷 추가 (+1),500
4390,4,HOT,0
4390,1,Tall,0
4390,11,기본,0
4391,4,HOT,0
4391,1,Tall,0
4392,5,ICE,0
4392,2,Grande,500
4392,11,기본,0
4392,9,카라멜 시럽,300
4393,4,HOT,0
4393,3,Venti,1000
4394,4,HOT,0
4394,2,Grande,500
4395,5,ICE,0
4395,3,Venti,1000
4395,6,샷 추가 (+1),500
4396,5,ICE,0
4396,3,Venti,1000
4397,4,HOT,0
4397,2,Grande,500
4397,13,더 달게,0
4398,4,HOT,0
4398,3,Venti,1000
4398,13,더 달게,0
4398,7,바닐라 시럽,300
4399,4,HOT,0
4399,1,Tall,0
4400,4,HOT,0
4400,2,Grande,500
4400,11,기본,0
4400,7,바닐라 시럽,300
4400,10,휘핑크림 추가,500
4401,5,ICE,0
4401,3,Venti,1000
4402,4,HOT,0
4402,3,Venti,1000
4402,10,휘핑크림 추가,500
4403,5,ICE,0
4403,2,Grande,500
4403,11,기본,0
4404,4,HOT,0
4404,1,Tall,0
4404,6,샷 추가 (+1),500
4405,4,HOT,0
4405,3,Venti,1000
4406,5,ICE,0
4406,3,Venti,1000
4406,11,기본,0
4407,4,HOT,0
4407,1,Tall,0
4408,4,HOT,0
4408,2,Grande,500
4408,6,샷 추가 (+1),500
4408,7,바닐라 시럽,300
4409,4,HOT,0
4409,3,Venti,1000
4409,11,기본,0
4409,9,카라멜 시럽,300
4410,5,ICE,0
4410,2,Grande,500
4410,11,기본,0
4410,6,샷 추가 (+1),500
4410,8,헤이즐넛 시럽,300
4411,4,HOT,0
4411,1,Tall,0
4411,6,샷 추가 (+1),500
4411,7,바닐라 시럽,300
4412,4,HOT,0
4412,1,Tall,0
4412,13,더 달게,0
4412,8,헤이즐넛 시럽,300
4413,5,ICE,0
4413,2,Grande,500
4413,6,샷 추가 (+1),500
4414,5,ICE,0
4414,2,Grande,500
4414,11,기본,0
4415,4,HOT,0
4415,1,Tall,0
4416,4,HOT,0
4416,2,Grande,500
4416,11,기본,0
4417,4,HOT,0
4417,1,Tall,0
4417,11,기본,0
4418,5,ICE,0
4418,3,Venti,1000
4418,13,더 달게,0
4418,6,샷 추가 (+1),500
4419,5,ICE,0
4419,3,Venti,1000
4419,13,더 달게,0
4420,5,ICE,0
4420,2,Grande,500
4420,11,기본,0
4421,5,ICE,0
4421,1,Tall,0
4421,13,더 달게,0
4421,6,샷 추가 (+1),500
4422,5,ICE,0
4422,1,Tall,0
4422,11,기본,0
4422,9,카라멜 시럽,300
4423,4,HOT,0
4423,2,Grande,500
4423,7,바닐라 시럽,300
4424,4,HOT,0
4424,3,Venti,1000
4424,12,덜 달게,0
4425,5,ICE,0
4425,3,Venti,1000
4426,4,HOT,0
4426,3,Venti,1000
4426,13,더 달게,0
4426,9,카라멜 시럽,300
4426,10,휘핑크림 추가,500
4427,4,HOT,0
4427,1,Tall,0
4427,11,기본,0
4428,5,ICE,0
4428,2,Grande,500
4428,11,기본,0
4428,8,헤이즐넛 시럽,300
4429,5,ICE,0
4429,1,Tall,0
4429,13,더 달게,0
4429,6,샷 추가 (+1),500
4429,9,카라멜 시럽,300
4429,10,휘핑크림 추가,500
4430,5,ICE,0
4430,2,Grande,500
4431,4,HOT,0
4431,1,Tall,0
4431,13,더 달게,0
4431,10,휘핑크림 추가,500
4432,5,ICE,0
4432,2,Grande,500
4432,8,헤이즐넛 시럽,300
4433,4,HOT,0
4433,3,Venti,1000
4433,12,덜 달게,0
4434,4,HOT,0
4434,2,Grande,500
4434,11,기본,0
4435,4,HOT,0
4435,3,Venti,1000
4435,6,샷 추가 (+1),500
4435,9,카라멜 시럽,300
4436,4,HOT,0
4436,1,Tall,0
4436,6,샷 추가 (+1),500
4437,5,ICE,0
4437,1,Tall,0
4437,13,더 달게,0
4438,5,ICE,0
4438,3,Venti,1000
4438,11,기본,0
4439,5,ICE,0
4439,2,Grande,500
4439,11,기본,0
4440,4,HOT,0
4440,2,Grande,500
4440,12,덜 달게,0
4441,5,ICE,0
4441,1,Tall,0
4441,11,기본,0
4442,4,HOT,0
4442,3,Venti,1000
4443,5,ICE,0
4443,2,Grande,500
4444,5,ICE,0
4444,1,Tall,0
4445,4,HOT,0
4445,1,Tall,0
4445,11,기본,0
4445,10,휘핑크림 추가,500
4446,5,ICE,0
4446,1,Tall,0
4446,11,기본,0
4447,5,ICE,0
4447,2,Grande,500
4447,12,덜 달게,0
4447,10,휘핑크림 추가,500
4448,4,HOT,0
4448,3,Venti,1000
4449,5,ICE,0
4449,1,Tall,0
4449,11,기본,0
4449,7,바닐라 시럽,300
4450,4,HOT,0
4450,2,Grande,500
4450,11,기본,0
4451,5,ICE,0
4451,2,Grande,500
4451,11,기본,0
4451,6,샷 추가 (+1),500
4452,4,HOT,0
4452,1,Tall,0
4453,5,ICE,0
4453,2,Grande,500
4453,12,덜 달게,0
4454,5,ICE,0
4454,2,Grande,500
4454,11,기본,0
4454,6,샷 추가 (+1),500
4455,5,ICE,0
4455,1,Tall,0
4455,13,더 달게,0
4455,6,샷 추가 (+1),500
4455,9,카라멜 시럽,300
4456,4,HOT,0
4456,2,Grande,500
4456,12,덜 달게,0
4456,6,샷 추가 (+1),500
4457,5,ICE,0
4457,1,Tall,0
4457,13,더 달게,0
4457,6,샷 추가 (+1),500
4457,9,카라멜 시럽,300
4458,5,ICE,0
4458,2,Grande,500
4458,6,샷 추가 (+1),500
4458,10,휘핑크림 추가,500
4459,4,HOT,0
4459,1,Tall,0
4459,11,기본,0
4459,6,샷 추가 (+1),500
4460,5,ICE,0
4460,1,Tall,0
4460,12,덜 달게,0
4460,6,샷 추가 (+1),500
4461,4,HOT,0
4461,1,Tall,0
4461,12,덜 달게,0
4462,4,HOT,0
4462,1,Tall,0
4462,13,더 달게,0
4463,5,ICE,0
4463,2,Grande,500
4463,13,더 달게,0
4463,6,샷 추가 (+1),500
4464,5,ICE,0
4464,3,Venti,1000
4464,11,기본,0
4464,6,샷 추가 (+1),500
4465,4,HOT,0
4465,1,Tall,0
4465,11,기본,0
4466,4,HOT,0
4466,3,Venti,1000
4466,6,샷 추가 (+1),500
4466,9,카라멜 시럽,300
4467,4,HOT,0
4467,2,Grande,500
4467,11,기본,0
4467,10,휘핑크림 추가,500
4468,4,HOT,0
4468,2,Grande,500
4468,8,헤이즐넛 시럽,300
4469,4,HOT,0
4469,3,Venti,1000
4469,13,더 달게,0
4470,5,ICE,0
4470,2,Grande,500
4470,10,휘핑크림 추가,500
4471,5,ICE,0
4471,2,Grande,500
4471,11,기본,0
4471,9,카라멜 시럽,300
4471,10,휘핑크림 추가,500
4472,4,HOT,0
4472,2,Grande,500
4472,13,더 달게,0
4473,5,ICE,0
4473,1,Tall,0
4474,4,HOT,0
4474,1,Tall,0
4474,11,기본,0
4475,4,HOT,0
4475,3,Venti,1000
4475,11,기본,0
4475,6,샷 추가 (+1),500
4476,5,ICE,0
4476,2,Grande,500
4477,4,HOT,0
4477,1,Tall,0
4477,12,덜 달게,0
4477,6,샷 추가 (+1),500
4478,5,ICE,0
4478,1,Tall,0
4479,5,ICE,0
4479,2,Grande,500
4479,6,샷 추가 (+1),500
4480,4,HOT,0
4480,1,Tall,0
4480,13,더 달게,0
4481,5,ICE,0
4481,2,Grande,500
4481,13,더 달게,0
4482,4,HOT,0
4482,2,Grande,500
4483,4,HOT,0
4483,2,Grande,500
4483,11,기본,0
4483,7,바닐라 시럽,300
4484,4,HOT,0
4484,3,Venti,1000
4484,11,기본,0
4484,6,샷 추가 (+1),500
4485,5,ICE,0
4485,2,Grande,500
4485,6,샷 추가 (+1),500
4486,5,ICE,0
4486,1,Tall,0
4487,4,HOT,0
4487,2,Grande,500
4488,5,ICE,0
4488,1,Tall,0
4488,11,기본,0
4489,4,HOT,0
4489,2,Grande,500
4489,13,더 달게,0
4490,5,ICE,0
4490,2,Grande,500
4490,6,샷 추가 (+1),500
4491,4,HOT,0
4491,2,Grande,500
4491,11,기본,0
4491,10,휘핑크림 추가,500
4492,5,ICE,0
4492,2,Grande,500
4492,13,더 달게,0
4493,4,HOT,0
4493,1,Tall,0
4493,10,휘핑크림 추가,500
4494,4,HOT,0
4494,1,Tall,0
4494,11,기본,0
4494,6,샷 추가 (+1),500
4494,7,바닐라 시럽,300
4495,5,ICE,0
4495,3,Venti,1000
4495,11,기본,0
4496,5,ICE,0
4496,3,Venti,1000
4496,8,헤이즐넛 시럽,300
4497,4,HOT,0
4497,3,Venti,1000
4497,13,더 달게,0
4497,7,바닐라 시럽,300
4498,5,ICE,0
4498,3,Venti,1000
4498,12,덜 달게,0
4498,6,샷 추가 (+1),500
4499,5,ICE,0
4499,2,Grande,500
4500,4,HOT,0
4500,2,Grande,500
4501,4,HOT,0
4501,1,Tall,0
4501,12,덜 달게,0
4502,4,HOT,0
4502,2,Grande,500
4502,6,샷 추가 (+1),500
4503,5,ICE,0
4503,1,Tall,0
4503,13,더 달게,0
4503,6,샷 추가 (+1),500
4504,4,HOT,0
4504,2,Grande,500
4504,11,기본,0
4504,6,샷 추가 (+1),500
4505,4,HOT,0
4505,3,Venti,1000
4505,11,기본,0
4505,10,휘핑크림 추가,500
4506,4,HOT,0
4506,2,Grande,500
4506,12,덜 달게,0
4507,4,HOT,0
4507,1,Tall,0
4507,13,더 달게,0
4508,4,HOT,0
4508,2,Grande,500
4508,11,기본,0
4508,6,샷 추가 (+1),500
4509,4,HOT,0
4509,1,Tall,0
4509,11,기본,0
4509,6,샷 추가 (+1),500
4510,4,HOT,0
4510,1,Tall,0
4510,6,샷 추가 (+1),500
4511,5,ICE,0
4511,3,Venti,1000
4512,4,HOT,0
4512,1,Tall,0
4512,13,더 달게,0
4512,6,샷 추가 (+1),500
4512,9,카라멜 시럽,300
4513,5,ICE,0
4513,1,Tall,0
4514,5,ICE,0
4514,1,Tall,0
4514,11,기본,0
4514,10,휘핑크림 추가,500
4515,5,ICE,0
4515,1,Tall,0
4515,11,기본,0
4515,10,휘핑크림 추가,500
4516,5,ICE,0
4516,3,Venti,1000
4516,13,더 달게,0
4516,6,샷 추가 (+1),500
4517,5,ICE,0
4517,2,Grande,500
4517,11,기본,0
4517,9,카라멜 시럽,300
4518,4,HOT,0
4518,1,Tall,0
4519,4,HOT,0
4519,1,Tall,0
4519,11,기본,0
4520,4,HOT,0
4520,2,Grande,500
4520,12,덜 달게,0
4521,4,HOT,0
4521,3,Venti,1000
4521,13,더 달게,0
4522,5,ICE,0
4522,2,Grande,500
4522,10,휘핑크림 추가,500
4523,4,HOT,0
4523,1,Tall,0
4524,5,ICE,0
4524,2,Grande,500
4524,11,기본,0
4525,4,HOT,0
4525,2,Grande,500
4525,13,더 달게,0
4525,8,헤이즐넛 시럽,300
4525,10,휘핑크림 추가,500
4526,4,HOT,0
4526,2,Grande,500
4526,13,더 달게,0
4527,4,HOT,0
4527,2,Grande,500
4528,5,ICE,0
4528,3,Venti,1000
4528,10,휘핑크림 추가,500
4529,5,ICE,0
4529,2,Grande,500
4529,13,더 달게,0
4529,9,카라멜 시럽,300
4530,5,ICE,0
4530,1,Tall,0
4530,10,휘핑크림 추가,500
4531,4,HOT,0
4531,2,Grande,500
4531,11,기본,0
4532,5,ICE,0
4532,2,Grande,500
4532,13,더 달게,0
4532,6,샷 추가 (+1),500
4533,4,HOT,0
4533,2,Grande,500
4534,4,HOT,0
4534,1,Tall,0
4534,12,덜 달게,0
4535,5,ICE,0
4535,1,Tall,0
4535,13,더 달게,0
4535,7,바닐라 시럽,300
4536,5,ICE,0
4536,1,Tall,0
4537,5,ICE,0
4537,1,Tall,0
4537,6,샷 추가 (+1),500
4538,4,HOT,0
4538,3,Venti,1000
4538,13,더 달게,0
4539,5,ICE,0
4539,3,Venti,1000
4540,4,HOT,0
4540,3,Venti,1000
4540,12,덜 달게,0
4541,4,HOT,0
4541,2,Grande,500
4541,11,기본,0
4542,5,ICE,0
4542,1,Tall,0
4542,11,기본,0
4542,8,헤이즐넛 시럽,300
4542,10,휘핑크림 추가,500
4543,4,HOT,0
4543,3,Venti,1000
4544,4,HOT,0
4544,2,Grande,500
4544,11,기본,0
4545,4,HOT,0
4545,1,Tall,0
4545,12,덜 달게,0
4546,4,HOT,0
4546,2,Grande,500
4547,4,HOT,0
4547,2,Grande,500
4547,13,더 달게,0
4547,10,휘핑크림 추가,500
4548,5,ICE,0
4548,1,Tall,0
4548,8,헤이즐넛 시럽,300
4549,4,HOT,0
4549,1,Tall,0
4549,6,샷 추가 (+1),500
4550,4,HOT,0
4550,2,Grande,500
4551,4,HOT,0
4551,2,Grande,500
4551,12,덜 달게,0
4552,4,HOT,0
4552,2,Grande,500
4552,11,기본,0
4553,4,HOT,0
4553,1,Tall,0
4554,5,ICE,0
4554,3,Venti,1000
4555,4,HOT,0
4555,1,Tall,0
4556,5,ICE,0
4556,2,Grande,500
4556,11,기본,0
4557,4,HOT,0
4557,2,Grande,500
4557,12,덜 달게,0
4557,6,샷 추가 (+1),500
4557,7,바닐라 시럽,300
4558,4,HOT,0
4558,2,Grande,500
4559,4,HOT,0
4559,2,Grande,500
4559,12,덜 달게,0
4559,6,샷 추가 (+1),500
4560,4,HOT,0
4560,2,Grande,500
4560,11,기본,0
4561,4,HOT,0
4561,2,Grande,500
4562,5,ICE,0
4562,1,Tall,0
4562,12,덜 달게,0
4562,6,샷 추가 (+1),500
4563,4,HOT,0
4563,2,Grande,500
4564,5,ICE,0
4564,2,Grande,500
4564,13,더 달게,0
4565,4,HOT,0
4565,1,Tall,0
4565,11,기본,0
4565,6,샷 추가 (+1),500
4566,5,ICE,0
4566,1,Tall,0
4566,10,휘핑크림 추가,500
4567,5,ICE,0
4567,2,Grande,500
4567,11,기본,0
4567,6,샷 추가 (+1),500
4568,5,ICE,0
4568,2,Grande,500
4568,11,기본,0
4568,6,샷 추가 (+1),500
4569,4,HOT,0
4569,2,Grande,500
4570,4,HOT,0
4570,3,Venti,1000
4570,9,카라멜 시럽,300
4571,4,HOT,0
4571,1,Tall,0
4571,11,기본,0
4571,6,샷 추가 (+1),500
4572,4,HOT,0
4572,3,Venti,1000
4572,6,샷 추가 (+1),500
4573,5,ICE,0
4573,1,Tall,0
4573,11,기본,0
4573,6,샷 추가 (+1),500
4574,4,HOT,0
4574,2,Grande,500
4574,12,덜 달게,0
4575,4,HOT,0
4575,2,Grande,500
4575,12,덜 달게,0
4575,10,휘핑크림 추가,500
4576,5,ICE,0
4576,2,Grande,500
4576,11,기본,0
4576,9,카라멜 시럽,300
4577,4,HOT,0
4577,3,Venti,1000
4577,13,더 달게,0
4577,9,카라멜 시럽,300
4578,4,HOT,0
4578,3,Venti,1000
4578,9,카라멜 시럽,300
4579,4,HOT,0
4579,1,Tall,0
4579,11,기본,0
4580,5,ICE,0
4580,3,Venti,1000
4580,11,기본,0
4580,6,샷 추가 (+1),500
4581,4,HOT,0
4581,1,Tall,0
4581,11,기본,0
4581,6,샷 추가 (+1),500
4582,4,HOT,0
4582,2,Grande,500
4582,13,더 달게,0
4583,5,ICE,0
4583,1,Tall,0
4584,4,HOT,0
4584,3,Venti,1000
4584,12,덜 달게,0
4585,4,HOT,0
4585,2,Grande,500
4585,11,기본,0
4586,4,HOT,0
4586,1,Tall,0
4586,11,기본,0
4586,6,샷 추가 (+1),500
4587,4,HOT,0
4587,2,Grande,500
4587,12,덜 달게,0
4588,5,ICE,0
4588,2,Grande,500
4589,4,HOT,0
4589,3,Venti,1000
4589,12,덜 달게,0
4590,5,ICE,0
4590,3,Venti,1000
4590,12,덜 달게,0
4591,4,HOT,0
4591,2,Grande,500
4591,6,샷 추가 (+1),500
4592,5,ICE,0
4592,2,Grande,500
4592,6,샷 추가 (+1),500
4593,4,HOT,0
4593,3,Venti,1000
4593,6,샷 추가 (+1),500
4594,5,ICE,0
4594,2,Grande,500
4594,13,더 달게,0
4594,8,헤이즐넛 시럽,300
4595,5,ICE,0
4595,2,Grande,500
4595,11,기본,0
4596,4,HOT,0
4596,3,Venti,1000
4597,5,ICE,0
4597,1,Tall,0
4598,5,ICE,0
4598,2,Grande,500
4598,12,덜 달게,0
4598,7,바닐라 시럽,300
4599,5,ICE,0
4599,2,Grande,500
4599,11,기본,0
4600,4,HOT,0
4600,2,Grande,500
4600,12,덜 달게,0
4600,6,샷 추가 (+1),500
4601,5,ICE,0
4601,1,Tall,0
4601,12,덜 달게,0
4601,6,샷 추가 (+1),500
4602,5,ICE,0
4602,1,Tall,0
4602,6,샷 추가 (+1),500
4603,4,HOT,0
4603,2,Grande,500
4603,11,기본,0
4604,5,ICE,0
4604,2,Grande,500
4604,11,기본,0
4604,8,헤이즐넛 시럽,300
4605,5,ICE,0
4605,1,Tall,0
4605,13,더 달게,0
4605,6,샷 추가 (+1),500
4605,9,카라멜 시럽,300
4606,5,ICE,0
4606,1,Tall,0
4606,11,기본,0
4606,6,샷 추가 (+1),500
4607,5,ICE,0
4607,2,Grande,500
4607,12,덜 달게,0
4608,4,HOT,0
4608,1,Tall,0
4608,13,더 달게,0
4608,8,헤이즐넛 시럽,300
4609,5,ICE,0
4609,2,Grande,500
4609,9,카라멜 시럽,300
4610,5,ICE,0
4610,1,Tall,0
4610,11,기본,0
4610,6,샷 추가 (+1),500
4611,4,HOT,0
4611,3,Venti,1000
4611,11,기본,0
4612,4,HOT,0
4612,2,Grande,500
4612,12,덜 달게,0
4613,5,ICE,0
4613,3,Venti,1000
4613,11,기본,0
4613,6,샷 추가 (+1),500
4614,4,HOT,0
4614,1,Tall,0
4615,5,ICE,0
4615,2,Grande,500
4615,11,기본,0
4616,4,HOT,0
4616,3,Venti,1000
4616,12,덜 달게,0
4617,4,HOT,0
4617,2,Grande,500
4617,9,카라멜 시럽,300
4618,5,ICE,0
4618,1,Tall,0
4618,11,기본,0
4618,6,샷 추가 (+1),500
4619,4,HOT,0
4619,2,Grande,500
4619,10,휘핑크림 추가,500
4620,5,ICE,0
4620,2,Grande,500
4620,12,덜 달게,0
4621,5,ICE,0
4621,2,Grande,500
4621,12,덜 달게,0
4622,5,ICE,0
4622,2,Grande,500
4622,11,기본,0
4623,5,ICE,0
4623,3,Venti,1000
4623,12,덜 달게,0
4623,6,샷 추가 (+1),500
4624,4,HOT,0
4624,1,Tall,0
4625,4,HOT,0
4625,2,Grande,500
4626,5,ICE,0
4626,1,Tall,0
4626,11,기본,0
4627,4,HOT,0
4627,1,Tall,0
4627,6,샷 추가 (+1),500
4627,10,휘핑크림 추가,500
4628,5,ICE,0
4628,1,Tall,0
4629,5,ICE,0
4629,3,Venti,1000
4630,4,HOT,0
4630,1,Tall,0
4630,11,기본,0
4631,5,ICE,0
4631,2,Grande,500
4631,13,더 달게,0
4632,4,HOT,0
4632,3,Venti,1000
4632,11,기본,0
4633,4,HOT,0
4633,2,Grande,500
4633,11,기본,0
4634,4,HOT,0
4634,1,Tall,0
4634,12,덜 달게,0
4634,6,샷 추가 (+1),500
4635,5,ICE,0
4635,2,Grande,500
4635,6,샷 추가 (+1),500
4636,4,HOT,0
4636,1,Tall,0
4636,6,샷 추가 (+1),500
4636,9,카라멜 시럽,300
4637,4,HOT,0
4637,2,Grande,500
4637,12,덜 달게,0
4638,4,HOT,0
4638,1,Tall,0
4638,6,샷 추가 (+1),500
4639,4,HOT,0
4639,1,Tall,0
4639,12,덜 달게,0
4640,4,HOT,0
4640,3,Venti,1000
4640,11,기본,0
4641,4,HOT,0
4641,1,Tall,0
4641,6,샷 추가 (+1),500
4642,4,HOT,0
4642,1,Tall,0
4642,11,기본,0
4642,6,샷 추가 (+1),500
4642,9,카라멜 시럽,300
4643,5,ICE,0
4643,2,Grande,500
4643,11,기본,0
4644,4,HOT,0
4644,2,Grande,500
4644,6,샷 추가 (+1),500
4645,5,ICE,0
4645,2,Grande,500
4645,11,기본,0
4646,4,HOT,0
4646,2,Grande,500
4646,13,더 달게,0
4647,5,ICE,0
4647,2,Grande,500
4647,11,기본,0
4647,8,헤이즐넛 시럽,300
4648,4,HOT,0
4648,2,Grande,500
4648,11,기본,0
4648,7,바닐라 시럽,300
4649,4,HOT,0
4649,2,Grande,500
4649,11,기본,0
4650,4,HOT,0
4650,2,Grande,500
4650,13,더 달게,0
4651,4,HOT,0
4651,2,Grande,500
4651,11,기본,0
4651,6,샷 추가 (+1),500
4652,4,HOT,0
4652,3,Venti,1000
4652,11,기본,0
4652,8,헤이즐넛 시럽,300
4653,5,ICE,0
4653,1,Tall,0
4654,5,ICE,0
4654,2,Grande,500
4655,5,ICE,0
4655,3,Venti,1000
4655,11,기본,0
4655,8,헤이즐넛 시럽,300
4656,4,HOT,0
4656,1,Tall,0
4657,4,HOT,0
4657,2,Grande,500
4658,5,ICE,0
4658,1,Tall,0
4658,11,기본,0
4659,5,ICE,0
4659,3,Venti,1000
4659,12,덜 달게,0
4659,10,휘핑크림 추가,500
4660,5,ICE,0
4660,2,Grande,500
4660,11,기본,0
4661,4,HOT,0
4661,2,Grande,500
4661,12,덜 달게,0
4661,10,휘핑크림 추가,500
4662,5,ICE,0
4662,2,Grande,500
4662,13,더 달게,0
4663,4,HOT,0
4663,2,Grande,500
4663,12,덜 달게,0
4664,4,HOT,0
4664,3,Venti,1000
4664,11,기본,0
4665,5,ICE,0
4665,2,Grande,500
4665,11,기본,0
4666,5,ICE,0
4666,1,Tall,0
4667,4,HOT,0
4667,3,Venti,1000
4667,11,기본,0
4667,6,샷 추가 (+1),500
4667,7,바닐라 시럽,300
4668,4,HOT,0
4668,3,Venti,1000
4668,6,샷 추가 (+1),500
4669,4,HOT,0
4669,1,Tall,0
4669,13,더 달게,0
4670,4,HOT,0
4670,1,Tall,0
4670,13,더 달게,0
4670,6,샷 추가 (+1),500
4670,10,휘핑크림 추가,500
4671,5,ICE,0
4671,1,Tall,0
4672,5,ICE,0
4672,2,Grande,500
4672,7,바닐라 시럽,300
4673,5,ICE,0
4673,2,Grande,500
4674,5,ICE,0
4674,3,Venti,1000
4674,11,기본,0
4675,4,HOT,0
4675,2,Grande,500
4676,4,HOT,0
4676,2,Grande,500
4676,6,샷 추가 (+1),500
4676,9,카라멜 시럽,300
4677,4,HOT,0
4677,2,Grande,500
4678,5,ICE,0
4678,1,Tall,0
4678,11,기본,0
4678,10,휘핑크림 추가,500
4679,5,ICE,0
4679,3,Venti,1000
4679,11,기본,0
4680,4,HOT,0
4680,3,Venti,1000
4681,5,ICE,0
4681,2,Grande,500
4681,11,기본,0
4681,6,샷 추가 (+1),500
4682,4,HOT,0
4682,3,Venti,1000
4682,6,샷 추가 (+1),500
4683,5,ICE,0
4683,2,Grande,500
4684,4,HOT,0
4684,1,Tall,0
4684,12,덜 달게,0
4684,8,헤이즐넛 시럽,300
4685,4,HOT,0
4685,2,Grande,500
4685,11,기본,0
4685,6,샷 추가 (+1),500
4686,4,HOT,0
4686,2,Grande,500
4686,11,기본,0
4687,5,ICE,0
4687,1,Tall,0
4688,4,HOT,0
4688,1,Tall,0
4688,8,헤이즐넛 시럽,300
4689,4,HOT,0
4689,1,Tall,0
4690,5,ICE,0
4690,2,Grande,500
4690,11,기본,0
4691,5,ICE,0
4691,2,Grande,500
4691,6,샷 추가 (+1),500
4691,10,휘핑크림 추가,500
4692,5,ICE,0
4692,1,Tall,0
4693,5,ICE,0
4693,3,Venti,1000
4693,12,덜 달게,0
4694,4,HOT,0
4694,1,Tall,0
4694,11,기본,0
4695,5,ICE,0
4695,2,Grande,500
4695,13,더 달게,0
4695,6,샷 추가 (+1),500
4695,7,바닐라 시럽,300
4696,5,ICE,0
4696,2,Grande,500
4696,13,더 달게,0
4696,6,샷 추가 (+1),500
4696,9,카라멜 시럽,300
4697,4,HOT,0
4697,2,Grande,500
4697,6,샷 추가 (+1),500
4698,4,HOT,0
4698,2,Grande,500
4698,11,기본,0
4698,9,카라멜 시럽,300
4698,10,휘핑크림 추가,500
4699,5,ICE,0
4699,1,Tall,0
4699,10,휘핑크림 추가,500
4700,4,HOT,0
4700,2,Grande,500
4700,9,카라멜 시럽,300
4701,5,ICE,0
4701,2,Grande,500
4701,11,기본,0
4702,4,HOT,0
4702,1,Tall,0
4702,13,더 달게,0
4703,4,HOT,0
4703,1,Tall,0
4703,12,덜 달게,0
4703,6,샷 추가 (+1),500
4704,4,HOT,0
4704,3,Venti,1000
4704,13,더 달게,0
4705,5,ICE,0
4705,1,Tall,0
4705,11,기본,0
4706,5,ICE,0
4706,3,Venti,1000
4706,11,기본,0
4707,5,ICE,0
4707,3,Venti,1000
4707,11,기본,0
4708,4,HOT,0
4708,2,Grande,500
4709,5,ICE,0
4709,1,Tall,0
4709,13,더 달게,0
4710,5,ICE,0
4710,3,Venti,1000
4710,11,기본,0
4711,4,HOT,0
4711,2,Grande,500
4712,4,HOT,0
4712,1,Tall,0
4712,11,기본,0
4713,4,HOT,0
4713,1,Tall,0
4713,7,바닐라 시럽,300
4714,4,HOT,0
4714,2,Grande,500
4714,12,덜 달게,0
4714,6,샷 추가 (+1),500
4715,4,HOT,0
4715,2,Grande,500
4715,6,샷 추가 (+1),500
4716,4,HOT,0
4716,3,Venti,1000
4716,6,샷 추가 (+1),500
4717,5,ICE,0
4717,1,Tall,0
4717,11,기본,0
4717,6,샷 추가 (+1),500
4718,5,ICE,0
4718,2,Grande,500
4718,12,덜 달게,0
4718,6,샷 추가 (+1),500
4718,9,카라멜 시럽,300
4718,10,휘핑크림 추가,500
4719,4,HOT,0
4719,3,Venti,1000
4719,6,샷 추가 (+1),500
4719,8,헤이즐넛 시럽,300
4720,4,HOT,0
4720,2,Grande,500
4720,12,덜 달게,0
4720,9,카라멜 시럽,300
4721,4,HOT,0
4721,1,Tall,0
4722,4,HOT,0
4722,2,Grande,500
4722,12,덜 달게,0
4722,8,헤이즐넛 시럽,300
4723,4,HOT,0
4723,2,Grande,500
4723,12,덜 달게,0
4723,6,샷 추가 (+1),500
4724,4,HOT,0
4724,2,Grande,500
4725,4,HOT,0
4725,1,Tall,0
4725,13,더 달게,0
4726,5,ICE,0
4726,1,Tall,0
4726,13,더 달게,0
4726,6,샷 추가 (+1),500
4727,5,ICE,0
4727,2,Grande,500
4727,12,덜 달게,0
4728,4,HOT,0
4728,2,Grande,500
4729,4,HOT,0
4729,2,Grande,500
4729,6,샷 추가 (+1),500
4730,5,ICE,0
4730,2,Grande,500
4730,6,샷 추가 (+1),500
4731,5,ICE,0
4731,2,Grande,500
4731,11,기본,0
4732,5,ICE,0
4732,3,Venti,1000
4732,11,기본,0
4733,4,HOT,0
4733,1,Tall,0
4733,12,덜 달게,0
4734,4,HOT,0
4734,1,Tall,0
4734,12,덜 달게,0
4734,6,샷 추가 (+1),500
4735,5,ICE,0
4735,1,Tall,0
4735,11,기본,0
4736,5,ICE,0
4736,1,Tall,0
4736,13,더 달게,0
4737,4,HOT,0
4737,2,Grande,500
4737,8,헤이즐넛 시럽,300
4738,5,ICE,0
4738,2,Grande,500
4738,11,기본,0
4739,5,ICE,0
4739,1,Tall,0
4739,13,더 달게,0
4739,6,샷 추가 (+1),500
4740,4,HOT,0
4740,2,Grande,500
4740,10,휘핑크림 추가,500
4741,4,HOT,0
4741,2,Grande,500
4741,11,기본,0
4742,5,ICE,0
4742,2,Grande,500
4742,13,더 달게,0
4742,6,샷 추가 (+1),500
4742,9,카라멜 시럽,300
4743,5,ICE,0
4743,2,Grande,500
4743,13,더 달게,0
4743,6,샷 추가 (+1),500
4744,5,ICE,0
4744,1,Tall,0
4744,13,더 달게,0
4745,5,ICE,0
4745,1,Tall,0
4746,4,HOT,0
4746,3,Venti,1000
4746,6,샷 추가 (+1),500
4747,4,HOT,0
4747,1,Tall,0
4748,4,HOT,0
4748,3,Venti,1000
4749,5,ICE,0
4749,3,Venti,1000
4749,12,덜 달게,0
4750,5,ICE,0
4750,2,Grande,500
4750,12,덜 달게,0
4750,6,샷 추가 (+1),500
4750,8,헤이즐넛 시럽,300
4751,5,ICE,0
4751,2,Grande,500
4752,5,ICE,0
4752,3,Venti,1000
4752,13,더 달게,0
4752,9,카라멜 시럽,300
4753,4,HOT,0
4753,1,Tall,0
4754,4,HOT,0
4754,3,Venti,1000
4754,13,더 달게,0
4754,6,샷 추가 (+1),500
4754,9,카라멜 시럽,300
4755,5,ICE,0
4755,1,Tall,0
4755,6,샷 추가 (+1),500
4756,4,HOT,0
4756,1,Tall,0
4757,5,ICE,0
4757,3,Venti,1000
4758,4,HOT,0
4758,1,Tall,0
4758,11,기본,0
4759,5,ICE,0
4759,1,Tall,0
4760,4,HOT,0
4760,1,Tall,0
4760,12,덜 달게,0
4761,4,HOT,0
4761,1,Tall,0
4761,13,더 달게,0
4761,10,휘핑크림 추가,500
4762,5,ICE,0
4762,2,Grande,500
4762,6,샷 추가 (+1),500
4763,4,HOT,0
4763,2,Grande,500
4764,4,HOT,0
4764,2,Grande,500
4764,11,기본,0
4764,6,샷 추가 (+1),500
4765,5,ICE,0
4765,3,Venti,1000
4765,6,샷 추가 (+1),500
4766,4,HOT,0
4766,2,Grande,500
4766,13,더 달게,0
4767,4,HOT,0
4767,1,Tall,0
4767,12,덜 달게,0
4767,6,샷 추가 (+1),500
4768,4,HOT,0
4768,2,Grande,500
4768,11,기본,0
4768,8,헤이즐넛 시럽,300
4769,5,ICE,0
4769,2,Grande,500
4769,9,카라멜 시럽,300
4770,4,HOT,0
4770,1,Tall,0
4770,11,기본,0
4770,6,샷 추가 (+1),500
4770,9,카라멜 시럽,300
4771,4,HOT,0
4771,2,Grande,500
4771,13,더 달게,0
4772,5,ICE,0
4772,2,Grande,500
4773,5,ICE,0
4773,3,Venti,1000
4773,6,샷 추가 (+1),500
4774,4,HOT,0
4774,1,Tall,0
4774,13,더 달게,0
4774,6,샷 추가 (+1),500
4775,4,HOT,0
4775,1,Tall,0
4776,4,HOT,0
4776,2,Grande,500
4776,6,샷 추가 (+1),500
4777,5,ICE,0
4777,2,Grande,500
4777,7,바닐라 시럽,300
4778,5,ICE,0
4778,2,Grande,500
4778,13,더 달게,0
4778,6,샷 추가 (+1),500
4779,5,ICE,0
4779,3,Venti,1000
4779,9,카라멜 시럽,300
4780,4,HOT,0
4780,1,Tall,0
4781,4,HOT,0
4781,3,Venti,1000
4781,9,카라멜 시럽,300
4782,5,ICE,0
4782,2,Grande,500
4782,13,더 달게,0
4783,4,HOT,0
4783,1,Tall,0
4783,13,더 달게,0
4784,5,ICE,0
4784,1,Tall,0
4785,5,ICE,0
4785,3,Venti,1000
4785,11,기본,0
4785,6,샷 추가 (+1),500
4785,10,휘핑크림 추가,500
4786,4,HOT,0
4786,1,Tall,0
4786,11,기본,0
4786,8,헤이즐넛 시럽,300
4787,4,HOT,0
4787,1,Tall,0
4788,5,ICE,0
4788,3,Venti,1000
4788,12,덜 달게,0
4789,4,HOT,0
4789,1,Tall,0
4789,11,기본,0
4789,6,샷 추가 (+1),500
4790,4,HOT,0
4790,2,Grande,500
4790,11,기본,0
4791,4,HOT,0
4791,2,Grande,500
4791,12,덜 달게,0
4791,6,샷 추가 (+1),500
4792,5,ICE,0
4792,3,Venti,1000
4792,11,기본,0
4792,6,샷 추가 (+1),500
4793,4,HOT,0
4793,2,Grande,500
4793,11,기본,0
4794,5,ICE,0
4794,1,Tall,0
4794,6,샷 추가 (+1),500
4795,5,ICE,0
4795,1,Tall,0
4795,11,기본,0
4795,8,헤이즐넛 시럽,300
4796,4,HOT,0
4796,2,Grande,500
4797,5,ICE,0
4797,3,Venti,1000
4797,12,덜 달게,0
4797,10,휘핑크림 추가,500
4798,5,ICE,0
4798,2,Grande,500
4798,11,기본,0
4798,10,휘핑크림 추가,500
4799,4,HOT,0
4799,1,Tall,0
4800,4,HOT,0
4800,2,Grande,500
4800,13,더 달게,0
4801,4,HOT,0
4801,1,Tall,0
4802,5,ICE,0
4802,1,Tall,0
4802,13,더 달게,0
4803,4,HOT,0
4803,1,Tall,0
4803,6,샷 추가 (+1),500
4804,5,ICE,0
4804,1,Tall,0
4804,13,더 달게,0
4805,4,HOT,0
4805,1,Tall,0
4805,12,덜 달게,0
4805,6,샷 추가 (+1),500
4805,7,바닐라 시럽,300
4805,10,휘핑크림 추가,500
4806,5,ICE,0
4806,1,Tall,0
4806,10,휘핑크림 추가,500
4807,4,HOT,0
4807,3,Venti,1000
4807,6,샷 추가 (+1),500
4808,4,HOT,0
4808,2,Grande,500
4808,11,기본,0
4809,5,ICE,0
4809,1,Tall,0
4809,11,기본,0
4810,4,HOT,0
4810,1,Tall,0
4810,12,덜 달게,0
4811,5,ICE,0
4811,1,Tall,0
4811,8,헤이즐넛 시럽,300
4812,5,ICE,0
4812,1,Tall,0
4812,6,샷 추가 (+1),500
4812,8,헤이즐넛 시럽,300
4813,4,HOT,0
4813,2,Grande,500
4813,12,덜 달게,0
4813,9,카라멜 시럽,300
4814,5,ICE,0
4814,2,Grande,500
4814,11,기본,0
4815,4,HOT,0
4815,1,Tall,0
4815,12,덜 달게,0
4816,4,HOT,0
4816,2,Grande,500
4816,11,기본,0
4816,6,샷 추가 (+1),500
4817,4,HOT,0
4817,3,Venti,1000
4817,12,덜 달게,0
4817,6,샷 추가 (+1),500
4818,5,ICE,0
4818,2,Grande,500
4818,11,기본,0
4819,4,HOT,0
4819,2,Grande,500
4819,12,덜 달게,0
4819,6,샷 추가 (+1),500
4819,9,카라멜 시럽,300
4820,4,HOT,0
4820,1,Tall,0
4820,11,기본,0
4820,6,샷 추가 (+1),500
4820,8,헤이즐넛 시럽,300
4821,5,ICE,0
4821,3,Venti,1000
4821,13,더 달게,0
4821,8,헤이즐넛 시럽,300
4822,5,ICE,0
4822,1,Tall,0
4822,11,기본,0
4822,10,휘핑크림 추가,500
4823,5,ICE,0
4823,2,Grande,500
4823,6,샷 추가 (+1),500
4824,4,HOT,0
4824,3,Venti,1000
4824,11,기본,0
4825,4,HOT,0
4825,2,Grande,500
4825,11,기본,0
4826,4,HOT,0
4826,1,Tall,0
4826,11,기본,0
4827,5,ICE,0
4827,1,Tall,0
4827,13,더 달게,0
4827,6,샷 추가 (+1),500
4827,7,바닐라 시럽,300
4828,4,HOT,0
4828,2,Grande,500
4828,11,기본,0
4828,9,카라멜 시럽,300
4829,5,ICE,0
4829,2,Grande,500
4829,11,기본,0
4829,6,샷 추가 (+1),500
4830,4,HOT,0
4830,1,Tall,0
4830,11,기본,0
4831,4,HOT,0
4831,1,Tall,0
4831,12,덜 달게,0
4831,6,샷 추가 (+1),500
4832,4,HOT,0
4832,1,Tall,0
4832,11,기본,0
4833,4,HOT,0
4833,2,Grande,500
4833,6,샷 추가 (+1),500
4834,4,HOT,0
4834,1,Tall,0
4834,12,덜 달게,0
4834,6,샷 추가 (+1),500
4834,8,헤이즐넛 시럽,300
4835,4,HOT,0
4835,3,Venti,1000
4836,5,ICE,0
4836,1,Tall,0
4836,11,기본,0
4837,4,HOT,0
4837,2,Grande,500
4837,10,휘핑크림 추가,500
4838,4,HOT,0
4838,1,Tall,0
4838,12,덜 달게,0
4839,4,HOT,0
4839,3,Venti,1000
4839,11,기본,0
4839,6,샷 추가 (+1),500
4840,4,HOT,0
4840,1,Tall,0
4840,11,기본,0
4841,5,ICE,0
4841,3,Venti,1000
4842,4,HOT,0
4842,1,Tall,0
4842,11,기본,0
4842,9,카라멜 시럽,300
4843,4,HOT,0
4843,3,Venti,1000
4843,11,기본,0
4844,5,ICE,0
4844,3,Venti,1000
4844,11,기본,0
4845,5,ICE,0
4845,1,Tall,0
4846,4,HOT,0
4846,2,Grande,500
4847,4,HOT,0
4847,1,Tall,0
4847,11,기본,0
4848,5,ICE,0
4848,2,Grande,500
4849,5,ICE,0
4849,2,Grande,500
4850,4,HOT,0
4850,2,Grande,500
4850,11,기본,0
4851,5,ICE,0
4851,1,Tall,0
4851,13,더 달게,0
4852,5,ICE,0
4852,1,Tall,0
4852,12,덜 달게,0
4852,8,헤이즐넛 시럽,300
4853,4,HOT,0
4853,2,Grande,500
4854,5,ICE,0
4854,1,Tall,0
4854,6,샷 추가 (+1),500
4854,10,휘핑크림 추가,500
4855,4,HOT,0
4855,3,Venti,1000
4855,12,덜 달게,0
4855,6,샷 추가 (+1),500
4856,4,HOT,0
4856,1,Tall,0
4856,6,샷 추가 (+1),500
4857,4,HOT,0
4857,1,Tall,0
4857,11,기본,0
4857,6,샷 추가 (+1),500
4858,4,HOT,0
4858,1,Tall,0
4859,5,ICE,0
4859,2,Grande,500
4859,6,샷 추가 (+1),500
4860,5,ICE,0
4860,2,Grande,500
4860,13,더 달게,0
4861,4,HOT,0
4861,3,Venti,1000
4862,5,ICE,0
4862,1,Tall,0
4862,11,기본,0
4863,4,HOT,0
4863,1,Tall,0
4863,6,샷 추가 (+1),500
4863,10,휘핑크림 추가,500
4864,4,HOT,0
4864,3,Venti,1000
4864,6,샷 추가 (+1),500
4865,4,HOT,0
4865,3,Venti,1000
4865,11,기본,0
4865,7,바닐라 시럽,300
4866,5,ICE,0
4866,1,Tall,0
4867,5,ICE,0
4867,2,Grande,500
4867,12,덜 달게,0
4868,5,ICE,0
4868,2,Grande,500
4868,7,바닐라 시럽,300
4868,10,휘핑크림 추가,500
4869,5,ICE,0
4869,3,Venti,1000
4869,8,헤이즐넛 시럽,300
4870,4,HOT,0
4870,1,Tall,0
4870,9,카라멜 시럽,300
4871,4,HOT,0
4871,1,Tall,0
4872,5,ICE,0
4872,3,Venti,1000
4872,12,덜 달게,0
4873,4,HOT,0
4873,2,Grande,500
4873,11,기본,0
4874,4,HOT,0
4874,1,Tall,0
4875,5,ICE,0
4875,3,Venti,1000
4875,11,기본,0
4875,6,샷 추가 (+1),500
4876,4,HOT,0
4876,3,Venti,1000
4876,6,샷 추가 (+1),500
4877,4,HOT,0
4877,1,Tall,0
4877,13,더 달게,0
4878,4,HOT,0
4878,1,Tall,0
4879,4,HOT,0
4879,2,Grande,500
4879,11,기본,0
4880,5,ICE,0
4880,2,Grande,500
4880,13,더 달게,0
4881,4,HOT,0
4881,1,Tall,0
4882,4,HOT,0
4882,1,Tall,0
4882,13,더 달게,0
4883,4,HOT,0
4883,1,Tall,0
4883,11,기본,0
4883,6,샷 추가 (+1),500
4884,5,ICE,0
4884,3,Venti,1000
4884,8,헤이즐넛 시럽,300
4885,4,HOT,0
4885,1,Tall,0
4885,6,샷 추가 (+1),500
4886,5,ICE,0
4886,2,Grande,500
4886,12,덜 달게,0
4886,6,샷 추가 (+1),500
4887,4,HOT,0
4887,1,Tall,0
4887,6,샷 추가 (+1),500
4888,4,HOT,0
4888,1,Tall,0
4888,11,기본,0
4889,5,ICE,0
4889,1,Tall,0
4889,11,기본,0
4889,6,샷 추가 (+1),500
4889,7,바닐라 시럽,300
4890,4,HOT,0
4890,3,Venti,1000
4891,4,HOT,0
4891,1,Tall,0
4891,13,더 달게,0
4892,5,ICE,0
4892,1,Tall,0
4892,13,더 달게,0
4893,4,HOT,0
4893,1,Tall,0
4893,11,기본,0
4893,10,휘핑크림 추가,500
4894,5,ICE,0
4894,3,Venti,1000
4894,13,더 달게,0
4894,6,샷 추가 (+1),500
4895,5,ICE,0
4895,2,Grande,500
4895,13,더 달게,0
4895,9,카라멜 시럽,300
4896,4,HOT,0
4896,2,Grande,500
4896,11,기본,0
4896,9,카라멜 시럽,300
4896,10,휘핑크림 추가,500
4897,5,ICE,0
4897,2,Grande,500
4897,13,더 달게,0
4898,5,ICE,0
4898,1,Tall,0
4898,11,기본,0
4898,6,샷 추가 (+1),500
4898,10,휘핑크림 추가,500
4899,4,HOT,0
4899,1,Tall,0
4900,5,ICE,0
4900,2,Grande,500
4900,11,기본,0
4901,4,HOT,0
4901,1,Tall,0
4901,13,더 달게,0
4901,10,휘핑크림 추가,500
4902,5,ICE,0
4902,2,Grande,500
4902,12,덜 달게,0
4903,4,HOT,0
4903,3,Venti,1000
4903,12,덜 달게,0
4903,8,헤이즐넛 시럽,300
4904,5,ICE,0
4904,2,Grande,500
4904,9,카라멜 시럽,300
4905,5,ICE,0
4905,3,Venti,1000
4905,8,헤이즐넛 시럽,300
4906,4,HOT,0
4906,2,Grande,500
4906,8,헤이즐넛 시럽,300
4907,5,ICE,0
4907,3,Venti,1000
4907,11,기본,0
4908,5,ICE,0
4908,1,Tall,0
4908,11,기본,0
4909,4,HOT,0
4909,2,Grande,500
4909,11,기본,0
4909,6,샷 추가 (+1),500
4910,5,ICE,0
4910,1,Tall,0
4911,5,ICE,0
4911,3,Venti,1000
4911,13,더 달게,0
4912,4,HOT,0
4912,2,Grande,500
4912,11,기본,0
4912,8,헤이즐넛 시럽,300
4913,5,ICE,0
4913,1,Tall,0
4913,7,바닐라 시럽,300
4914,5,ICE,0
4914,2,Grande,500
4914,13,더 달게,0
4915,4,HOT,0
4915,2,Grande,500
4915,11,기본,0
4916,5,ICE,0
4916,3,Venti,1000
4916,12,덜 달게,0
4916,6,샷 추가 (+1),500
4917,4,HOT,0
4917,2,Grande,500
4917,11,기본,0
4918,5,ICE,0
4918,1,Tall,0
4918,6,샷 추가 (+1),500
4919,4,HOT,0
4919,3,Venti,1000
4919,6,샷 추가 (+1),500
4919,10,휘핑크림 추가,500
4920,5,ICE,0
4920,3,Venti,1000
4920,6,샷 추가 (+1),500
4921,4,HOT,0
4921,2,Grande,500
4922,4,HOT,0
4922,1,Tall,0
4922,12,덜 달게,0
4923,5,ICE,0
4923,2,Grande,500
4923,13,더 달게,0
4923,6,샷 추가 (+1),500
4924,4,HOT,0
4924,1,Tall,0
4924,12,덜 달게,0
4925,5,ICE,0
4925,2,Grande,500
4926,4,HOT,0
4926,3,Venti,1000
4926,7,바닐라 시럽,300
4927,5,ICE,0
4927,1,Tall,0
4927,12,덜 달게,0
4927,6,샷 추가 (+1),500
4928,4,HOT,0
4928,1,Tall,0
4928,6,샷 추가 (+1),500
4929,5,ICE,0
4929,2,Grande,500
4930,4,HOT,0
4930,3,Venti,1000
4930,7,바닐라 시럽,300
4931,5,ICE,0
4931,2,Grande,500
4931,13,더 달게,0
4931,6,샷 추가 (+1),500
4932,4,HOT,0
4932,1,Tall,0
4932,11,기본,0
4932,10,휘핑크림 추가,500
4933,5,ICE,0
4933,1,Tall,0
4933,8,헤이즐넛 시럽,300
4934,4,HOT,0
4934,3,Venti,1000
4934,11,기본,0
4935,5,ICE,0
4935,2,Grande,500
4935,8,헤이즐넛 시럽,300
4936,4,HOT,0
4936,2,Grande,500
4936,13,더 달게,0
4936,10,휘핑크림 추가,500
4937,4,HOT,0
4937,1,Tall,0
4937,12,덜 달게,0
4937,7,바닐라 시럽,300
4938,5,ICE,0
4938,2,Grande,500
4938,11,기본,0
4939,5,ICE,0
4939,1,Tall,0
4939,12,덜 달게,0
4939,7,바닐라 시럽,300
4940,5,ICE,0
4940,2,Grande,500
4940,6,샷 추가 (+1),500
4941,4,HOT,0
4941,2,Grande,500
4941,11,기본,0
4942,5,ICE,0
4942,2,Grande,500
4942,9,카라멜 시럽,300
4943,5,ICE,0
4943,3,Venti,1000
4943,11,기본,0
4943,9,카라멜 시럽,300
4944,5,ICE,0
4944,1,Tall,0
4944,13,더 달게,0
4945,4,HOT,0
4945,1,Tall,0
4946,5,ICE,0
4946,2,Grande,500
4946,12,덜 달게,0
4947,4,HOT,0
4947,1,Tall,0
4947,6,샷 추가 (+1),500
4948,5,ICE,0
4948,2,Grande,500
4948,11,기본,0
4949,5,ICE,0
4949,1,Tall,0
4950,5,ICE,0
4950,2,Grande,500
4950,11,기본,0
4950,6,샷 추가 (+1),500
4951,5,ICE,0
4951,3,Venti,1000
4951,11,기본,0
4952,5,ICE,0
4952,1,Tall,0
4952,11,기본,0
4952,6,샷 추가 (+1),500
4953,4,HOT,0
4953,3,Venti,1000
4953,11,기본,0
4953,9,카라멜 시럽,300
4954,4,HOT,0
4954,2,Grande,500
4955,4,HOT,0
4955,1,Tall,0
4955,11,기본,0
4956,4,HOT,0
4956,2,Grande,500
4956,11,기본,0
4956,6,샷 추가 (+1),500
4957,4,HOT,0
4957,1,Tall,0
4957,12,덜 달게,0
4957,9,카라멜 시럽,300
4958,4,HOT,0
4958,1,Tall,0
4958,11,기본,0
4959,4,HOT,0
4959,1,Tall,0
4959,6,샷 추가 (+1),500
4959,7,바닐라 시럽,300
4960,4,HOT,0
4960,2,Grande,500
4960,13,더 달게,0
4960,6,샷 추가 (+1),500
4960,7,바닐라 시럽,300
4961,5,ICE,0
4961,2,Grande,500
4961,11,기본,0
4962,4,HOT,0
4962,1,Tall,0
4962,9,카라멜 시럽,300
4963,4,HOT,0
4963,3,Venti,1000
4963,11,기본,0
4964,5,ICE,0
4964,1,Tall,0
4965,4,HOT,0
4965,1,Tall,0
4965,11,기본,0
4965,6,샷 추가 (+1),500
4966,4,HOT,0
4966,1,Tall,0
4966,11,기본,0
4966,8,헤이즐넛 시럽,300
4967,4,HOT,0
4967,1,Tall,0
4967,11,기본,0
4968,4,HOT,0
4968,1,Tall,0
4968,7,바닐라 시럽,300
4969,5,ICE,0
4969,3,Venti,1000
4969,11,기본,0
4970,5,ICE,0
4970,1,Tall,0
4970,8,헤이즐넛 시럽,300
4971,5,ICE,0
4971,1,Tall,0
4971,11,기본,0
4972,4,HOT,0
4972,2,Grande,500
4973,5,ICE,0
4973,2,Grande,500
4973,12,덜 달게,0
4974,5,ICE,0
4974,2,Grande,500
4975,4,HOT,0
4975,3,Venti,1000
4975,10,휘핑크림 추가,500
4976,4,HOT,0
4976,1,Tall,0
4976,11,기본,0
4976,6,샷 추가 (+1),500
4977,4,HOT,0
4977,2,Grande,500
4977,9,카라멜 시럽,300
4978,4,HOT,0
4978,2,Grande,500
4978,11,기본,0
4979,5,ICE,0
4979,1,Tall,0
4979,11,기본,0
4980,4,HOT,0
4980,2,Grande,500
4980,11,기본,0
4981,5,ICE,0
4981,1,Tall,0
4981,12,덜 달게,0
4982,5,ICE,0
4982,1,Tall,0
4982,6,샷 추가 (+1),500
4983,4,HOT,0
4983,2,Grande,500
4983,6,샷 추가 (+1),500
4983,9,카라멜 시럽,300
4984,4,HOT,0
4984,1,Tall,0
4985,4,HOT,0
4985,2,Grande,500
4985,13,더 달게,0
4986,4,HOT,0
4986,1,Tall,0
4986,11,기본,0
4986,9,카라멜 시럽,300
4987,4,HOT,0
4987,2,Grande,500
4987,12,덜 달게,0
4988,5,ICE,0
4988,3,Venti,1000
4989,4,HOT,0
4989,1,Tall,0
4990,5,ICE,0
4990,2,Grande,500
4990,10,휘핑크림 추가,500
4991,4,HOT,0
4991,2,Grande,500
4992,4,HOT,0
4992,1,Tall,0
4992,12,덜 달게,0
4993,4,HOT,0
4993,1,Tall,0
4993,12,덜 달게,0
4993,6,샷 추가 (+1),500
4994,4,HOT,0
4994,1,Tall,0
4994,11,기본,0
4995,5,ICE,0
4995,1,Tall,0
4995,11,기본,0
4995,10,휘핑크림 추가,500
4996,4,HOT,0
4996,1,Tall,0
4996,12,덜 달게,0
4996,6,샷 추가 (+1),500
4997,4,HOT,0
4997,2,Grande,500
4998,5,ICE,0
4998,2,Grande,500
4998,13,더 달게,0
4999,5,ICE,0
4999,1,Tall,0
4999,13,더 달게,0
5000,4,HOT,0
5000,1,Tall,0
5000,8,헤이즐넛 시럽,300
5001,4,HOT,0
5001,3,Venti,1000
5001,12,덜 달게,0
5001,9,카라멜 시럽,300
5002,4,HOT,0
5002,3,Venti,1000
5002,12,덜 달게,0
5003,4,HOT,0
5003,2,Grande,500
5003,13,더 달게,0
5004,4,HOT,0
5004,2,Grande,500
5004,13,더 달게,0
5004,6,샷 추가 (+1),500
5004,8,헤이즐넛 시럽,300
5005,5,ICE,0
5005,3,Venti,1000
5005,11,기본,0
5006,4,HOT,0
5006,2,Grande,500
5006,11,기본,0
5006,8,헤이즐넛 시럽,300
5006,10,휘핑크림 추가,500
5007,4,HOT,0
5007,2,Grande,500
5007,12,덜 달게,0
5008,4,HOT,0
5008,2,Grande,500
5008,11,기본,0
5009,5,ICE,0
5009,1,Tall,0
5009,12,덜 달게,0
5009,6,샷 추가 (+1),500
5010,5,ICE,0
5010,1,Tall,0
5010,7,바닐라 시럽,300
5011,4,HOT,0
5011,2,Grande,500
5011,8,헤이즐넛 시럽,300
5012,5,ICE,0
5012,1,Tall,0
5013,4,HOT,0
5013,3,Venti,1000
5013,11,기본,0
5014,4,HOT,0
5014,2,Grande,500
5015,4,HOT,0
5015,1,Tall,0
5016,4,HOT,0
5016,3,Venti,1000
5016,7,바닐라 시럽,300
5017,4,HOT,0
5017,1,Tall,0
5017,11,기본,0
5018,5,ICE,0
5018,2,Grande,500
5018,11,기본,0
5019,5,ICE,0
5019,2,Grande,500
5019,11,기본,0
5019,8,헤이즐넛 시럽,300
5020,4,HOT,0
5020,1,Tall,0
5020,12,덜 달게,0
5021,4,HOT,0
5021,2,Grande,500
5021,11,기본,0
5021,6,샷 추가 (+1),500
5022,4,HOT,0
5022,3,Venti,1000
5022,6,샷 추가 (+1),500
5023,5,ICE,0
5023,2,Grande,500
5023,11,기본,0
5023,6,샷 추가 (+1),500
5024,4,HOT,0
5024,1,Tall,0
5024,11,기본,0
5024,6,샷 추가 (+1),500
5024,10,휘핑크림 추가,500
5025,5,ICE,0
5025,1,Tall,0
5025,13,더 달게,0
5026,4,HOT,0
5026,1,Tall,0
5027,5,ICE,0
5027,1,Tall,0
5027,13,더 달게,0
5027,8,헤이즐넛 시럽,300
5027,10,휘핑크림 추가,500
5028,4,HOT,0
5028,1,Tall,0
5028,7,바닐라 시럽,300
5029,4,HOT,0
5029,1,Tall,0
5029,11,기본,0
5029,10,휘핑크림 추가,500
5030,5,ICE,0
5030,2,Grande,500
5030,11,기본,0
5030,8,헤이즐넛 시럽,300
5031,4,HOT,0
5031,3,Venti,1000
5031,11,기본,0
5032,4,HOT,0
5032,1,Tall,0
5032,13,더 달게,0
5033,5,ICE,0
5033,2,Grande,500
5033,9,카라멜 시럽,300
5034,5,ICE,0
5034,3,Venti,1000
5034,11,기본,0
5034,6,샷 추가 (+1),500
5035,4,HOT,0
5035,1,Tall,0
5035,11,기본,0
5036,5,ICE,0
5036,1,Tall,0
5036,12,덜 달게,0
5036,7,바닐라 시럽,300
5037,5,ICE,0
5037,3,Venti,1000
5038,4,HOT,0
5038,2,Grande,500
5038,12,덜 달게,0
5038,6,샷 추가 (+1),500
5039,4,HOT,0
5039,1,Tall,0
5039,11,기본,0
5039,6,샷 추가 (+1),500
5040,4,HOT,0
5040,2,Grande,500
5040,12,덜 달게,0
5041,5,ICE,0
5041,2,Grande,500
5041,11,기본,0
5042,4,HOT,0
5042,3,Venti,1000
5042,12,덜 달게,0
5043,4,HOT,0
5043,2,Grande,500
5043,11,기본,0
5043,7,바닐라 시럽,300
5044,5,ICE,0
5044,2,Grande,500
5044,6,샷 추가 (+1),500
5045,4,HOT,0
5045,2,Grande,500
5046,4,HOT,0
5046,1,Tall,0
5046,13,더 달게,0
5047,4,HOT,0
5047,1,Tall,0
5047,11,기본,0
5047,6,샷 추가 (+1),500
5048,4,HOT,0
5048,1,Tall,0
5048,11,기본,0
5048,7,바닐라 시럽,300
5049,4,HOT,0
5049,3,Venti,1000
5050,4,HOT,0
5050,2,Grande,500
5050,11,기본,0
5050,6,샷 추가 (+1),500
5051,4,HOT,0
5051,2,Grande,500
5052,5,ICE,0
5052,2,Grande,500
5052,6,샷 추가 (+1),500
5052,9,카라멜 시럽,300
5053,5,ICE,0
5053,1,Tall,0
5053,11,기본,0
5054,4,HOT,0
5054,1,Tall,0
5054,13,더 달게,0
5054,10,휘핑크림 추가,500
5055,5,ICE,0
5055,3,Venti,1000
5055,7,바닐라 시럽,300
5056,4,HOT,0
5056,1,Tall,0
5056,6,샷 추가 (+1),500
5057,4,HOT,0
5057,2,Grande,500
5057,11,기본,0
5058,5,ICE,0
5058,1,Tall,0
5058,6,샷 추가 (+1),500
5059,4,HOT,0
5059,2,Grande,500
5059,6,샷 추가 (+1),500
5060,4,HOT,0
5060,3,Venti,1000
5060,10,휘핑크림 추가,500
5061,4,HOT,0
5061,1,Tall,0
5061,10,휘핑크림 추가,500
5062,4,HOT,0
5062,2,Grande,500
5063,4,HOT,0
5063,1,Tall,0
5063,13,더 달게,0
5064,5,ICE,0
5064,1,Tall,0
5064,12,덜 달게,0
5064,7,바닐라 시럽,300
5065,4,HOT,0
5065,3,Venti,1000
5065,6,샷 추가 (+1),500
5066,4,HOT,0
5066,1,Tall,0
5067,4,HOT,0
5067,3,Venti,1000
5068,5,ICE,0
5068,1,Tall,0
5069,4,HOT,0
5069,2,Grande,500
5069,13,더 달게,0
5070,4,HOT,0
5070,3,Venti,1000
5070,11,기본,0
5070,7,바닐라 시럽,300
5071,5,ICE,0
5071,1,Tall,0
5071,7,바닐라 시럽,300
5072,5,ICE,0
5072,1,Tall,0
5072,8,헤이즐넛 시럽,300
5073,4,HOT,0
5073,2,Grande,500
5074,4,HOT,0
5074,2,Grande,500
5074,12,덜 달게,0
5075,5,ICE,0
5075,3,Venti,1000
5075,6,샷 추가 (+1),500
5076,5,ICE,0
5076,2,Grande,500
5076,10,휘핑크림 추가,500
5077,5,ICE,0
5077,1,Tall,0
5077,11,기본,0
5077,6,샷 추가 (+1),500
5078,4,HOT,0
5078,2,Grande,500
5078,11,기본,0
5079,4,HOT,0
5079,1,Tall,0
5079,13,더 달게,0
5079,6,샷 추가 (+1),500
5080,4,HOT,0
5080,1,Tall,0
5080,6,샷 추가 (+1),500
5081,5,ICE,0
5081,2,Grande,500
5081,11,기본,0
5081,6,샷 추가 (+1),500
5081,10,휘핑크림 추가,500
5082,5,ICE,0
5082,2,Grande,500
5082,6,샷 추가 (+1),500
5083,4,HOT,0
5083,3,Venti,1000
5083,11,기본,0
5084,4,HOT,0
5084,3,Venti,1000
5084,12,덜 달게,0
5085,4,HOT,0
5085,1,Tall,0
5085,12,덜 달게,0
5085,9,카라멜 시럽,300
5086,4,HOT,0
5086,2,Grande,500
5086,11,기본,0
5087,5,ICE,0
5087,1,Tall,0
5087,11,기본,0
5087,6,샷 추가 (+1),500
5087,9,카라멜 시럽,300
5088,5,ICE,0
5088,2,Grande,500
5088,13,더 달게,0
5088,6,샷 추가 (+1),500
5089,5,ICE,0
5089,2,Grande,500
5089,11,기본,0
5089,6,샷 추가 (+1),500
5089,9,카라멜 시럽,300
5090,5,ICE,0
5090,3,Venti,1000
5090,11,기본,0
5091,4,HOT,0
5091,1,Tall,0
5091,11,기본,0
5091,6,샷 추가 (+1),500
5091,9,카라멜 시럽,300
5092,5,ICE,0
5092,1,Tall,0
5092,11,기본,0
5092,10,휘핑크림 추가,500
5093,5,ICE,0
5093,1,Tall,0
5093,6,샷 추가 (+1),500
5094,5,ICE,0
5094,1,Tall,0
5094,13,더 달게,0
5094,7,바닐라 시럽,300
5095,5,ICE,0
5095,2,Grande,500
5095,11,기본,0
5096,5,ICE,0
5096,1,Tall,0
5097,5,ICE,0
5097,2,Grande,500
5097,10,휘핑크림 추가,500
5098,5,ICE,0
5098,3,Venti,1000
5098,12,덜 달게,0
5098,6,샷 추가 (+1),500
5098,9,카라멜 시럽,300
5098,10,휘핑크림 추가,500
5099,4,HOT,0
5099,2,Grande,500
5099,13,더 달게,0
5099,6,샷 추가 (+1),500
5100,4,HOT,0
5100,2,Grande,500
5101,4,HOT,0
5101,1,Tall,0
5101,11,기본,0
5102,4,HOT,0
5102,2,Grande,500
5102,7,바닐라 시럽,300
5103,4,HOT,0
5103,3,Venti,1000
5103,13,더 달게,0
5104,4,HOT,0
5104,2,Grande,500
5104,7,바닐라 시럽,300
5105,4,HOT,0
5105,3,Venti,1000
5105,11,기본,0
5106,5,ICE,0
5106,2,Grande,500
5106,13,더 달게,0
5107,4,HOT,0
5107,2,Grande,500
5108,5,ICE,0
5108,1,Tall,0
5108,13,더 달게,0
5108,6,샷 추가 (+1),500
5109,5,ICE,0
5109,3,Venti,1000
5110,5,ICE,0
5110,2,Grande,500
5110,6,샷 추가 (+1),500
5111,4,HOT,0
5111,3,Venti,1000
5111,11,기본,0
5111,6,샷 추가 (+1),500
5112,5,ICE,0
5112,1,Tall,0
5112,7,바닐라 시럽,300
5113,4,HOT,0
5113,2,Grande,500
5113,11,기본,0
5114,4,HOT,0
5114,2,Grande,500
5114,12,덜 달게,0
5114,6,샷 추가 (+1),500
5115,4,HOT,0
5115,3,Venti,1000
5115,8,헤이즐넛 시럽,300
5116,5,ICE,0
5116,2,Grande,500
5116,11,기본,0
5117,4,HOT,0
5117,2,Grande,500
5118,4,HOT,0
5118,1,Tall,0
5119,4,HOT,0
5119,2,Grande,500
5119,13,더 달게,0
5120,4,HOT,0
5120,1,Tall,0
5120,6,샷 추가 (+1),500
5120,8,헤이즐넛 시럽,300
5121,4,HOT,0
5121,1,Tall,0
5121,13,더 달게,0
5122,5,ICE,0
5122,3,Venti,1000
5122,6,샷 추가 (+1),500
5123,4,HOT,0
5123,2,Grande,500
5123,11,기본,0
5124,5,ICE,0
5124,2,Grande,500
5124,11,기본,0
5125,5,ICE,0
5125,2,Grande,500
5125,12,덜 달게,0
5126,4,HOT,0
5126,1,Tall,0
5126,13,더 달게,0
5126,6,샷 추가 (+1),500
5127,5,ICE,0
5127,3,Venti,1000
5127,6,샷 추가 (+1),500
5127,8,헤이즐넛 시럽,300
5128,5,ICE,0
5128,1,Tall,0
5128,8,헤이즐넛 시럽,300
5129,5,ICE,0
5129,2,Grande,500
5129,6,샷 추가 (+1),500
5130,5,ICE,0
5130,2,Grande,500
5131,4,HOT,0
5131,3,Venti,1000
5131,11,기본,0
5131,8,헤이즐넛 시럽,300
5132,4,HOT,0
5132,2,Grande,500
5133,5,ICE,0
5133,2,Grande,500
5133,13,더 달게,0
5133,6,샷 추가 (+1),500
5134,4,HOT,0
5134,2,Grande,500
5134,11,기본,0
5134,6,샷 추가 (+1),500
5135,5,ICE,0
5135,2,Grande,500
5136,5,ICE,0
5136,1,Tall,0
5137,4,HOT,0
5137,1,Tall,0
5137,6,샷 추가 (+1),500
5138,5,ICE,0
5138,1,Tall,0
5138,8,헤이즐넛 시럽,300
5139,5,ICE,0
5139,3,Venti,1000
5140,4,HOT,0
5140,2,Grande,500
5141,4,HOT,0
5141,1,Tall,0
5141,12,덜 달게,0
5142,5,ICE,0
5142,3,Venti,1000
5142,11,기본,0
5143,4,HOT,0
5143,2,Grande,500
5143,6,샷 추가 (+1),500
5143,7,바닐라 시럽,300
5144,5,ICE,0
5144,2,Grande,500
5144,6,샷 추가 (+1),500
5145,4,HOT,0
5145,1,Tall,0
5145,13,더 달게,0
5145,10,휘핑크림 추가,500
5146,5,ICE,0
5146,1,Tall,0
5146,12,덜 달게,0
5146,6,샷 추가 (+1),500
5146,8,헤이즐넛 시럽,300
5147,4,HOT,0
5147,1,Tall,0
5147,12,덜 달게,0
5148,4,HOT,0
5148,3,Venti,1000
5148,11,기본,0
5149,4,HOT,0
5149,2,Grande,500
5149,10,휘핑크림 추가,500
5150,4,HOT,0
5150,1,Tall,0
5150,8,헤이즐넛 시럽,300
5151,4,HOT,0
5151,3,Venti,1000
5152,4,HOT,0
5152,1,Tall,0
5152,13,더 달게,0
5152,10,휘핑크림 추가,500
5153,4,HOT,0
5153,2,Grande,500
5153,13,더 달게,0
5153,6,샷 추가 (+1),500
5153,8,헤이즐넛 시럽,300
5154,5,ICE,0
5154,1,Tall,0
5154,12,덜 달게,0
5154,6,샷 추가 (+1),500
5155,5,ICE,0
5155,2,Grande,500
5155,11,기본,0
5156,4,HOT,0
5156,2,Grande,500
5156,13,더 달게,0
5156,6,샷 추가 (+1),500
5157,5,ICE,0
5157,1,Tall,0
5157,11,기본,0
5158,4,HOT,0
5158,2,Grande,500
5158,11,기본,0
5158,9,카라멜 시럽,300
5159,4,HOT,0
5159,2,Grande,500
5159,7,바닐라 시럽,300
5160,4,HOT,0
5160,1,Tall,0
5161,4,HOT,0
5161,1,Tall,0
5161,13,더 달게,0
5161,6,샷 추가 (+1),500
5162,5,ICE,0
5162,1,Tall,0
5162,11,기본,0
5163,5,ICE,0
5163,2,Grande,500
5163,12,덜 달게,0
5164,4,HOT,0
5164,2,Grande,500
5164,13,더 달게,0
5164,6,샷 추가 (+1),500
5165,4,HOT,0
5165,3,Venti,1000
5165,11,기본,0
5165,7,바닐라 시럽,300
5166,4,HOT,0
5166,1,Tall,0
5166,11,기본,0
5167,4,HOT,0
5167,1,Tall,0
5167,11,기본,0
5167,10,휘핑크림 추가,500
5168,5,ICE,0
5168,2,Grande,500
5168,11,기본,0
5168,8,헤이즐넛 시럽,300
5169,4,HOT,0
5169,2,Grande,500
5169,6,샷 추가 (+1),500
5170,4,HOT,0
5170,2,Grande,500
5170,11,기본,0
5171,5,ICE,0
5171,3,Venti,1000
5172,5,ICE,0
5172,2,Grande,500
5173,4,HOT,0
5173,1,Tall,0
5173,12,덜 달게,0
5173,6,샷 추가 (+1),500
5174,4,HOT,0
5174,2,Grande,500
5175,4,HOT,0
5175,2,Grande,500
5175,13,더 달게,0
5175,6,샷 추가 (+1),500
5176,4,HOT,0
5176,1,Tall,0
5177,4,HOT,0
5177,1,Tall,0
5178,4,HOT,0
5178,2,Grande,500
5178,11,기본,0
5178,6,샷 추가 (+1),500
5179,5,ICE,0
5179,2,Grande,500
5179,13,더 달게,0
5179,10,휘핑크림 추가,500
5180,5,ICE,0
5180,1,Tall,0
5181,4,HOT,0
5181,1,Tall,0
5181,11,기본,0
5181,7,바닐라 시럽,300
5182,5,ICE,0
5182,1,Tall,0
5182,6,샷 추가 (+1),500
5183,4,HOT,0
5183,1,Tall,0
5184,4,HOT,0
5184,2,Grande,500
5184,11,기본,0
5185,5,ICE,0
5185,1,Tall,0
5185,13,더 달게,0
5186,5,ICE,0
5186,1,Tall,0
5186,10,휘핑크림 추가,500
5187,5,ICE,0
5187,3,Venti,1000
5188,5,ICE,0
5188,2,Grande,500
5188,11,기본,0
5188,6,샷 추가 (+1),500
5188,9,카라멜 시럽,300
5189,5,ICE,0
5189,2,Grande,500
5189,11,기본,0
5189,6,샷 추가 (+1),500
5189,7,바닐라 시럽,300
5190,4,HOT,0
5190,2,Grande,500
5190,12,덜 달게,0
5190,7,바닐라 시럽,300
5191,4,HOT,0
5191,1,Tall,0
5191,11,기본,0
5191,6,샷 추가 (+1),500
5192,5,ICE,0
5192,1,Tall,0
5192,6,샷 추가 (+1),500
5192,8,헤이즐넛 시럽,300
5193,4,HOT,0
5193,1,Tall,0
5193,11,기본,0
5193,6,샷 추가 (+1),500
5194,4,HOT,0
5194,1,Tall,0
5195,4,HOT,0
5195,1,Tall,0
5195,12,덜 달게,0
5196,4,HOT,0
5196,2,Grande,500
5196,12,덜 달게,0
5196,7,바닐라 시럽,300
5197,4,HOT,0
5197,2,Grande,500
5197,13,더 달게,0
5198,4,HOT,0
5198,2,Grande,500
5198,11,기본,0
5198,6,샷 추가 (+1),500
5198,7,바닐라 시럽,300
5198,10,휘핑크림 추가,500
5199,4,HOT,0
5199,2,Grande,500
5199,11,기본,0
5200,4,HOT,0
5200,1,Tall,0
5200,13,더 달게,0
5201,4,HOT,0
5201,2,Grande,500
5201,13,더 달게,0
5201,6,샷 추가 (+1),500
5202,4,HOT,0
5202,1,Tall,0
5202,11,기본,0
5203,4,HOT,0
5203,2,Grande,500
5203,11,기본,0
5204,5,ICE,0
5204,1,Tall,0
5205,5,ICE,0
5205,1,Tall,0
5205,11,기본,0
5205,6,샷 추가 (+1),500
5206,4,HOT,0
5206,1,Tall,0
5206,8,헤이즐넛 시럽,300
5207,4,HOT,0
5207,1,Tall,0
5208,4,HOT,0
5208,2,Grande,500
5208,11,기본,0
5209,4,HOT,0
5209,3,Venti,1000
5209,6,샷 추가 (+1),500
5209,9,카라멜 시럽,300
5210,4,HOT,0
5210,1,Tall,0
5210,11,기본,0
5211,5,ICE,0
5211,2,Grande,500
5211,11,기본,0
5211,6,샷 추가 (+1),500
5211,10,휘핑크림 추가,500
5212,4,HOT,0
5212,3,Venti,1000
5212,12,덜 달게,0
5213,4,HOT,0
5213,2,Grande,500
5213,11,기본,0
5214,5,ICE,0
5214,2,Grande,500
5214,11,기본,0
5215,4,HOT,0
5215,1,Tall,0
5215,12,덜 달게,0
5215,9,카라멜 시럽,300
5216,4,HOT,0
5216,2,Grande,500
5216,11,기본,0
5216,6,샷 추가 (+1),500
5217,4,HOT,0
5217,3,Venti,1000
5217,11,기본,0
5218,5,ICE,0
5218,1,Tall,0
5218,6,샷 추가 (+1),500
5219,5,ICE,0
5219,3,Venti,1000
5219,13,더 달게,0
5219,6,샷 추가 (+1),500
5220,5,ICE,0
5220,1,Tall,0
5221,5,ICE,0
5221,1,Tall,0
5222,4,HOT,0
5222,2,Grande,500
5222,13,더 달게,0
5223,5,ICE,0
5223,1,Tall,0
5223,13,더 달게,0
5224,4,HOT,0
5224,2,Grande,500
5224,9,카라멜 시럽,300
5225,4,HOT,0
5225,2,Grande,500
5225,13,더 달게,0
5226,4,HOT,0
5226,1,Tall,0
5227,4,HOT,0
5227,1,Tall,0
5228,4,HOT,0
5228,2,Grande,500
5228,11,기본,0
5228,8,헤이즐넛 시럽,300
5228,10,휘핑크림 추가,500
5229,5,ICE,0
5229,3,Venti,1000
5229,11,기본,0
5229,7,바닐라 시럽,300
5230,4,HOT,0
5230,2,Grande,500
5230,6,샷 추가 (+1),500
5231,4,HOT,0
5231,1,Tall,0
5231,11,기본,0
5232,5,ICE,0
5232,2,Grande,500
5232,13,더 달게,0
5232,6,샷 추가 (+1),500
5232,8,헤이즐넛 시럽,300
5233,4,HOT,0
5233,3,Venti,1000
5233,13,더 달게,0
5233,8,헤이즐넛 시럽,300
5234,5,ICE,0
5234,1,Tall,0
5234,9,카라멜 시럽,300
5235,5,ICE,0
5235,2,Grande,500
5235,12,덜 달게,0
5235,6,샷 추가 (+1),500
5236,4,HOT,0
5236,2,Grande,500
5236,13,더 달게,0
5236,6,샷 추가 (+1),500
5236,7,바닐라 시럽,300
5237,5,ICE,0
5237,2,Grande,500
5238,5,ICE,0
5238,1,Tall,0
5239,5,ICE,0
5239,1,Tall,0
5239,6,샷 추가 (+1),500
5239,9,카라멜 시럽,300
5240,5,ICE,0
5240,2,Grande,500
5240,13,더 달게,0
5240,7,바닐라 시럽,300
5241,4,HOT,0
5241,1,Tall,0
5241,11,기본,0
5241,9,카라멜 시럽,300
5242,4,HOT,0
5242,3,Venti,1000
5242,6,샷 추가 (+1),500
5243,4,HOT,0
5243,2,Grande,500
5243,12,덜 달게,0
5243,6,샷 추가 (+1),500
5244,4,HOT,0
5244,2,Grande,500
5244,13,더 달게,0
5245,5,ICE,0
5245,3,Venti,1000
5245,11,기본,0
5246,4,HOT,0
5246,1,Tall,0
5246,13,더 달게,0
5246,9,카라멜 시럽,300
5247,5,ICE,0
5247,1,Tall,0
5248,5,ICE,0
5248,2,Grande,500
5248,12,덜 달게,0
5248,8,헤이즐넛 시럽,300
5249,5,ICE,0
5249,3,Venti,1000
5249,8,헤이즐넛 시럽,300
5250,4,HOT,0
5250,1,Tall,0
5251,5,ICE,0
5251,2,Grande,500
5251,13,더 달게,0
5252,4,HOT,0
5252,2,Grande,500
5252,13,더 달게,0
5252,10,휘핑크림 추가,500
5253,4,HOT,0
5253,2,Grande,500
5253,11,기본,0
5253,6,샷 추가 (+1),500
5254,4,HOT,0
5254,3,Venti,1000
5255,5,ICE,0
5255,2,Grande,500
5255,13,더 달게,0
5256,4,HOT,0
5256,1,Tall,0
5256,11,기본,0
5257,5,ICE,0
5257,2,Grande,500
5258,4,HOT,0
5258,3,Venti,1000
5258,11,기본,0
5259,5,ICE,0
5259,3,Venti,1000
5259,12,덜 달게,0
5259,6,샷 추가 (+1),500
5259,9,카라멜 시럽,300
5259,10,휘핑크림 추가,500
5260,5,ICE,0
5260,2,Grande,500
5260,8,헤이즐넛 시럽,300
5260,10,휘핑크림 추가,500
5261,4,HOT,0
5261,2,Grande,500
5261,12,덜 달게,0
5262,4,HOT,0
5262,2,Grande,500
5262,11,기본,0
5262,7,바닐라 시럽,300
5263,4,HOT,0
5263,3,Venti,1000
5263,11,기본,0
5264,5,ICE,0
5264,2,Grande,500
5264,9,카라멜 시럽,300
5265,4,HOT,0
5265,2,Grande,500
5266,4,HOT,0
5266,2,Grande,500
5266,11,기본,0
5266,6,샷 추가 (+1),500
5266,9,카라멜 시럽,300
5267,4,HOT,0
5267,2,Grande,500
5267,6,샷 추가 (+1),500
5268,4,HOT,0
5268,1,Tall,0
5269,4,HOT,0
5269,3,Venti,1000
5269,11,기본,0
5269,6,샷 추가 (+1),500
5270,5,ICE,0
5270,1,Tall,0
5270,13,더 달게,0
5270,6,샷 추가 (+1),500
5270,9,카라멜 시럽,300
5271,5,ICE,0
5271,1,Tall,0
5272,5,ICE,0
5272,2,Grande,500
5273,5,ICE,0
5273,1,Tall,0
5273,13,더 달게,0
5273,10,휘핑크림 추가,500
5274,4,HOT,0
5274,1,Tall,0
5274,13,더 달게,0
5274,6,샷 추가 (+1),500
5275,4,HOT,0
5275,1,Tall,0
5275,11,기본,0
5276,4,HOT,0
5276,2,Grande,500
5276,6,샷 추가 (+1),500
5277,4,HOT,0
5277,1,Tall,0
5277,11,기본,0
5277,6,샷 추가 (+1),500
5278,4,HOT,0
5278,2,Grande,500
5279,4,HOT,0
5279,3,Venti,1000
5279,11,기본,0
5279,6,샷 추가 (+1),500
5280,5,ICE,0
5280,1,Tall,0
5280,10,휘핑크림 추가,500
5281,5,ICE,0
5281,1,Tall,0
5281,11,기본,0
5282,5,ICE,0
5282,1,Tall,0
5283,4,HOT,0
5283,3,Venti,1000
5283,11,기본,0
5284,5,ICE,0
5284,3,Venti,1000
5284,11,기본,0
5285,4,HOT,0
5285,2,Grande,500
5285,11,기본,0
5286,4,HOT,0
5286,2,Grande,500
5286,11,기본,0
5287,4,HOT,0
5287,1,Tall,0
5287,11,기본,0
5288,5,ICE,0
5288,1,Tall,0
5288,11,기본,0
5288,6,샷 추가 (+1),500
5288,8,헤이즐넛 시럽,300
5289,4,HOT,0
5289,1,Tall,0
5289,11,기본,0
5290,5,ICE,0
5290,2,Grande,500
5291,4,HOT,0
5291,2,Grande,500
5292,4,HOT,0
5292,1,Tall,0
5293,4,HOT,0
5293,3,Venti,1000
5293,11,기본,0
5293,6,샷 추가 (+1),500
5294,4,HOT,0
5294,2,Grande,500
5294,9,카라멜 시럽,300
5294,10,휘핑크림 추가,500
5295,5,ICE,0
5295,2,Grande,500
5295,6,샷 추가 (+1),500
5296,5,ICE,0
5296,1,Tall,0
5296,6,샷 추가 (+1),500
5297,4,HOT,0
5297,3,Venti,1000
5297,11,기본,0
5297,10,휘핑크림 추가,500
5298,4,HOT,0
5298,3,Venti,1000
5299,4,HOT,0
5299,1,Tall,0
5300,4,HOT,0
5300,2,Grande,500
5300,6,샷 추가 (+1),500
5301,5,ICE,0
5301,2,Grande,500
5301,11,기본,0
5302,4,HOT,0
5302,1,Tall,0
5302,11,기본,0
5303,4,HOT,0
5303,1,Tall,0
5303,11,기본,0
5304,4,HOT,0
5304,3,Venti,1000
5304,10,휘핑크림 추가,500
5305,5,ICE,0
5305,3,Venti,1000
5306,5,ICE,0
5306,2,Grande,500
5306,6,샷 추가 (+1),500
5307,5,ICE,0
5307,1,Tall,0
5307,6,샷 추가 (+1),500
5308,5,ICE,0
5308,3,Venti,1000
5309,4,HOT,0
5309,1,Tall,0
5310,4,HOT,0
5310,3,Venti,1000
5310,13,더 달게,0
5311,5,ICE,0
5311,2,Grande,500
5311,8,헤이즐넛 시럽,300
5312,4,HOT,0
5312,1,Tall,0
5312,6,샷 추가 (+1),500
5313,4,HOT,0
5313,1,Tall,0
5313,11,기본,0
5314,5,ICE,0
5314,2,Grande,500
5314,6,샷 추가 (+1),500
5314,9,카라멜 시럽,300
5315,4,HOT,0
5315,1,Tall,0
5315,11,기본,0
5316,4,HOT,0
5316,2,Grande,500
5316,7,바닐라 시럽,300
5317,4,HOT,0
5317,1,Tall,0
5317,13,더 달게,0
5318,4,HOT,0
5318,3,Venti,1000
5318,9,카라멜 시럽,300
5319,5,ICE,0
5319,1,Tall,0
5319,10,휘핑크림 추가,500
5320,5,ICE,0
5320,1,Tall,0
5320,11,기본,0
5320,6,샷 추가 (+1),500
5321,4,HOT,0
5321,1,Tall,0
5321,6,샷 추가 (+1),500
5322,4,HOT,0
5322,3,Venti,1000
5322,11,기본,0
5323,5,ICE,0
5323,1,Tall,0
5323,12,덜 달게,0
5323,6,샷 추가 (+1),500
5324,5,ICE,0
5324,1,Tall,0
5325,5,ICE,0
5325,3,Venti,1000
5325,7,바닐라 시럽,300
5326,5,ICE,0
5326,1,Tall,0
5327,4,HOT,0
5327,1,Tall,0
5327,12,덜 달게,0
5327,6,샷 추가 (+1),500
5327,10,휘핑크림 추가,500
5328,4,HOT,0
5328,2,Grande,500
5329,5,ICE,0
5329,1,Tall,0
5329,6,샷 추가 (+1),500
5330,4,HOT,0
5330,1,Tall,0
5330,12,덜 달게,0
5331,5,ICE,0
5331,2,Grande,500
5332,4,HOT,0
5332,1,Tall,0
5332,13,더 달게,0
5332,6,샷 추가 (+1),500
5333,5,ICE,0
5333,2,Grande,500
5333,6,샷 추가 (+1),500
5333,9,카라멜 시럽,300
5333,10,휘핑크림 추가,500
5334,5,ICE,0
5334,1,Tall,0
5334,13,더 달게,0
5334,8,헤이즐넛 시럽,300
5335,5,ICE,0
5335,2,Grande,500
5335,13,더 달게,0
5335,6,샷 추가 (+1),500
5336,5,ICE,0
5336,3,Venti,1000
5336,12,덜 달게,0
5336,6,샷 추가 (+1),500
5337,5,ICE,0
5337,1,Tall,0
5337,13,더 달게,0
5337,8,헤이즐넛 시럽,300
5338,4,HOT,0
5338,2,Grande,500
5338,11,기본,0
5339,4,HOT,0
5339,1,Tall,0
5339,11,기본,0
5340,5,ICE,0
5340,1,Tall,0
5340,12,덜 달게,0
5341,5,ICE,0
5341,2,Grande,500
5341,12,덜 달게,0
5341,6,샷 추가 (+1),500
5341,10,휘핑크림 추가,500
5342,4,HOT,0
5342,1,Tall,0
5343,4,HOT,0
5343,2,Grande,500
5343,11,기본,0
5344,4,HOT,0
5344,2,Grande,500
5344,7,바닐라 시럽,300
5345,4,HOT,0
5345,1,Tall,0
5345,11,기본,0
5345,6,샷 추가 (+1),500
5346,5,ICE,0
5346,1,Tall,0
5346,11,기본,0
5347,4,HOT,0
5347,2,Grande,500
5347,11,기본,0
5348,5,ICE,0
5348,2,Grande,500
5348,6,샷 추가 (+1),500
5348,7,바닐라 시럽,300
5349,4,HOT,0
5349,2,Grande,500
5349,6,샷 추가 (+1),500
5349,7,바닐라 시럽,300
5350,5,ICE,0
5350,1,Tall,0
5350,6,샷 추가 (+1),500
5351,5,ICE,0
5351,1,Tall,0
5351,7,바닐라 시럽,300
5351,10,휘핑크림 추가,500
5352,5,ICE,0
5352,3,Venti,1000
5352,11,기본,0
5352,6,샷 추가 (+1),500
5353,5,ICE,0
5353,2,Grande,500
5353,7,바닐라 시럽,300
5354,4,HOT,0
5354,1,Tall,0
5354,13,더 달게,0
5355,5,ICE,0
5355,1,Tall,0
5355,11,기본,0
5356,5,ICE,0
5356,1,Tall,0
5356,13,더 달게,0
5357,4,HOT,0
5357,2,Grande,500
5358,4,HOT,0
5358,1,Tall,0
5358,12,덜 달게,0
5359,4,HOT,0
5359,2,Grande,500
5359,13,더 달게,0
5360,4,HOT,0
5360,1,Tall,0
5360,11,기본,0
5360,10,휘핑크림 추가,500
5361,5,ICE,0
5361,1,Tall,0
5361,11,기본,0
5361,6,샷 추가 (+1),500
5361,8,헤이즐넛 시럽,300
5362,5,ICE,0
5362,3,Venti,1000
5362,13,더 달게,0
5362,6,샷 추가 (+1),500
5363,5,ICE,0
5363,2,Grande,500
5363,13,더 달게,0
5364,5,ICE,0
5364,1,Tall,0
5364,10,휘핑크림 추가,500
5365,4,HOT,0
5365,3,Venti,1000
5365,11,기본,0
5365,10,휘핑크림 추가,500
5366,4,HOT,0
5366,1,Tall,0
5366,7,바닐라 시럽,300
5367,4,HOT,0
5367,2,Grande,500
5367,6,샷 추가 (+1),500
5368,5,ICE,0
5368,2,Grande,500
5368,8,헤이즐넛 시럽,300
5369,5,ICE,0
5369,1,Tall,0
5369,11,기본,0
5369,10,휘핑크림 추가,500
5370,4,HOT,0
5370,3,Venti,1000
5370,11,기본,0
5370,6,샷 추가 (+1),500
5370,7,바닐라 시럽,300
5371,4,HOT,0
5371,1,Tall,0
5371,11,기본,0
5372,4,HOT,0
5372,1,Tall,0
5372,12,덜 달게,0
5373,5,ICE,0
5373,2,Grande,500
5373,11,기본,0
5373,8,헤이즐넛 시럽,300
5374,5,ICE,0
5374,1,Tall,0
5374,11,기본,0
5374,6,샷 추가 (+1),500
5375,4,HOT,0
5375,1,Tall,0
5375,6,샷 추가 (+1),500
5376,4,HOT,0
5376,1,Tall,0
5376,11,기본,0
5377,5,ICE,0
5377,2,Grande,500
5377,11,기본,0
5378,4,HOT,0
5378,1,Tall,0
5378,6,샷 추가 (+1),500
5378,7,바닐라 시럽,300
5378,10,휘핑크림 추가,500
5379,4,HOT,0
5379,2,Grande,500
5379,11,기본,0
5379,6,샷 추가 (+1),500
5379,9,카라멜 시럽,300
5380,4,HOT,0
5380,2,Grande,500
5381,5,ICE,0
5381,1,Tall,0
5381,11,기본,0
5382,4,HOT,0
5382,2,Grande,500
5382,12,덜 달게,0
5383,4,HOT,0
5383,2,Grande,500
5383,6,샷 추가 (+1),500
5383,8,헤이즐넛 시럽,300
5383,10,휘핑크림 추가,500
5384,4,HOT,0
5384,2,Grande,500
5384,12,덜 달게,0
5385,5,ICE,0
5385,2,Grande,500
5386,4,HOT,0
5386,1,Tall,0
5386,11,기본,0
5387,4,HOT,0
5387,2,Grande,500
5387,11,기본,0
5387,6,샷 추가 (+1),500
5388,4,HOT,0
5388,1,Tall,0
5388,11,기본,0
5389,5,ICE,0
5389,1,Tall,0
5389,12,덜 달게,0
5389,6,샷 추가 (+1),500
5390,5,ICE,0
5390,3,Venti,1000
5391,5,ICE,0
5391,1,Tall,0
5391,11,기본,0
5391,10,휘핑크림 추가,500
5392,4,HOT,0
5392,3,Venti,1000
5392,6,샷 추가 (+1),500
5393,4,HOT,0
5393,3,Venti,1000
5393,8,헤이즐넛 시럽,300
5394,4,HOT,0
5394,1,Tall,0
5394,6,샷 추가 (+1),500
5395,5,ICE,0
5395,3,Venti,1000
5396,5,ICE,0
5396,1,Tall,0
5396,11,기본,0
5397,4,HOT,0
5397,2,Grande,500
5397,10,휘핑크림 추가,500
5398,5,ICE,0
5398,1,Tall,0
5398,6,샷 추가 (+1),500
5399,5,ICE,0
5399,2,Grande,500
5400,5,ICE,0
5400,1,Tall,0
5400,7,바닐라 시럽,300
5400,10,휘핑크림 추가,500
5401,5,ICE,0
5401,2,Grande,500
5401,12,덜 달게,0
5402,5,ICE,0
5402,1,Tall,0
5402,12,덜 달게,0
5403,4,HOT,0
5403,2,Grande,500
5403,6,샷 추가 (+1),500
5404,4,HOT,0
5404,1,Tall,0
5404,13,더 달게,0
5405,5,ICE,0
5405,2,Grande,500
5405,11,기본,0
5406,4,HOT,0
5406,2,Grande,500
5406,11,기본,0
5406,6,샷 추가 (+1),500
5407,5,ICE,0
5407,2,Grande,500
5407,11,기본,0
5407,9,카라멜 시럽,300
5407,10,휘핑크림 추가,500
5408,5,ICE,0
5408,2,Grande,500
5408,13,더 달게,0
5409,4,HOT,0
5409,1,Tall,0
5409,13,더 달게,0
5409,6,샷 추가 (+1),500
5410,4,HOT,0
5410,2,Grande,500
5410,11,기본,0
5410,10,휘핑크림 추가,500
5411,4,HOT,0
5411,1,Tall,0
5411,13,더 달게,0
5412,4,HOT,0
5412,1,Tall,0
5412,6,샷 추가 (+1),500
5413,5,ICE,0
5413,1,Tall,0
5413,8,헤이즐넛 시럽,300
5414,4,HOT,0
5414,2,Grande,500
5414,11,기본,0
5414,9,카라멜 시럽,300
5415,5,ICE,0
5415,1,Tall,0
5415,6,샷 추가 (+1),500
5416,4,HOT,0
5416,2,Grande,500
5416,10,휘핑크림 추가,500
5417,4,HOT,0
5417,1,Tall,0
5417,11,기본,0
5417,6,샷 추가 (+1),500
5417,8,헤이즐넛 시럽,300
5418,5,ICE,0
5418,1,Tall,0
5418,12,덜 달게,0
5419,4,HOT,0
5419,1,Tall,0
5419,11,기본,0
5419,6,샷 추가 (+1),500
5419,7,바닐라 시럽,300
5420,4,HOT,0
5420,1,Tall,0
5420,6,샷 추가 (+1),500
5421,5,ICE,0
5421,2,Grande,500
5421,11,기본,0
5421,7,바닐라 시럽,300
5422,4,HOT,0
5422,2,Grande,500
5422,11,기본,0
5422,6,샷 추가 (+1),500
5422,7,바닐라 시럽,300
5423,4,HOT,0
5423,1,Tall,0
5424,5,ICE,0
5424,3,Venti,1000
5424,13,더 달게,0
5424,9,카라멜 시럽,300
5425,5,ICE,0
5425,1,Tall,0
5425,6,샷 추가 (+1),500
5426,4,HOT,0
5426,1,Tall,0
5426,12,덜 달게,0
5426,6,샷 추가 (+1),500
5427,5,ICE,0
5427,2,Grande,500
5427,13,더 달게,0
5427,8,헤이즐넛 시럽,300
5428,4,HOT,0
5428,2,Grande,500
5428,11,기본,0
5428,10,휘핑크림 추가,500
5429,5,ICE,0
5429,3,Venti,1000
5429,6,샷 추가 (+1),500
5430,5,ICE,0
5430,1,Tall,0
5430,12,덜 달게,0
5430,6,샷 추가 (+1),500
5431,4,HOT,0
5431,2,Grande,500
5431,11,기본,0
5431,6,샷 추가 (+1),500
5431,10,휘핑크림 추가,500
5432,4,HOT,0
5432,3,Venti,1000
5432,12,덜 달게,0
5432,9,카라멜 시럽,300
5432,10,휘핑크림 추가,500
5433,4,HOT,0
5433,2,Grande,500
5433,13,더 달게,0
5434,5,ICE,0
5434,1,Tall,0
5434,9,카라멜 시럽,300
5435,4,HOT,0
5435,2,Grande,500
5435,6,샷 추가 (+1),500
5436,4,HOT,0
5436,2,Grande,500
5436,12,덜 달게,0
5437,5,ICE,0
5437,3,Venti,1000
5437,11,기본,0
5438,5,ICE,0
5438,3,Venti,1000
5439,5,ICE,0
5439,3,Venti,1000
5439,8,헤이즐넛 시럽,300
5439,10,휘핑크림 추가,500
5440,4,HOT,0
5440,1,Tall,0
5440,12,덜 달게,0
5440,9,카라멜 시럽,300
5441,5,ICE,0
5441,1,Tall,0
5441,11,기본,0
5442,4,HOT,0
5442,1,Tall,0
5443,5,ICE,0
5443,1,Tall,0
5443,12,덜 달게,0
5443,6,샷 추가 (+1),500
5443,10,휘핑크림 추가,500
5444,4,HOT,0
5444,1,Tall,0
5444,11,기본,0
5444,7,바닐라 시럽,300
5445,4,HOT,0
5445,1,Tall,0
5445,6,샷 추가 (+1),500
5445,9,카라멜 시럽,300
5446,5,ICE,0
5446,2,Grande,500
5447,5,ICE,0
5447,2,Grande,500
5447,11,기본,0
5448,5,ICE,0
5448,2,Grande,500
5448,6,샷 추가 (+1),500
5448,9,카라멜 시럽,300
5449,5,ICE,0
5449,2,Grande,500
5449,8,헤이즐넛 시럽,300
5450,5,ICE,0
5450,1,Tall,0
5450,10,휘핑크림 추가,500
5451,5,ICE,0
5451,3,Venti,1000
5452,5,ICE,0
5452,3,Venti,1000
5452,12,덜 달게,0
5453,4,HOT,0
5453,1,Tall,0
5453,11,기본,0
5454,4,HOT,0
5454,2,Grande,500
5454,12,덜 달게,0
5454,8,헤이즐넛 시럽,300
5455,4,HOT,0
5455,3,Venti,1000
5455,11,기본,0
5455,6,샷 추가 (+1),500
5456,4,HOT,0
5456,1,Tall,0
5456,11,기본,0
5456,6,샷 추가 (+1),500
5457,4,HOT,0
5457,1,Tall,0
5457,11,기본,0
5457,6,샷 추가 (+1),500
5458,5,ICE,0
5458,1,Tall,0
5458,12,덜 달게,0
5458,6,샷 추가 (+1),500
5459,5,ICE,0
5459,1,Tall,0
5459,11,기본,0
5459,6,샷 추가 (+1),500
5460,4,HOT,0
5460,3,Venti,1000
5461,4,HOT,0
5461,2,Grande,500
5462,5,ICE,0
5462,3,Venti,1000
5462,12,덜 달게,0
5463,4,HOT,0
5463,1,Tall,0
5463,11,기본,0
5463,6,샷 추가 (+1),500
5464,5,ICE,0
5464,2,Grande,500
5464,11,기본,0
5464,9,카라멜 시럽,300
5465,4,HOT,0
5465,1,Tall,0
5466,4,HOT,0
5466,2,Grande,500
5466,13,더 달게,0
5466,9,카라멜 시럽,300
5466,10,휘핑크림 추가,500
5467,4,HOT,0
5467,1,Tall,0
5467,9,카라멜 시럽,300
5468,4,HOT,0
5468,2,Grande,500
5468,6,샷 추가 (+1),500
5469,5,ICE,0
5469,2,Grande,500
5470,4,HOT,0
5470,2,Grande,500
5471,5,ICE,0
5471,2,Grande,500
5472,4,HOT,0
5472,2,Grande,500
5472,11,기본,0
5473,4,HOT,0
5473,1,Tall,0
5473,6,샷 추가 (+1),500
5474,4,HOT,0
5474,1,Tall,0
5474,11,기본,0
5475,5,ICE,0
5475,2,Grande,500
5475,6,샷 추가 (+1),500
5476,4,HOT,0
5476,1,Tall,0
5476,11,기본,0
5477,5,ICE,0
5477,1,Tall,0
5478,5,ICE,0
5478,1,Tall,0
5478,11,기본,0
5478,9,카라멜 시럽,300
5479,4,HOT,0
5479,2,Grande,500
5480,4,HOT,0
5480,1,Tall,0
5480,11,기본,0
5481,4,HOT,0
5481,3,Venti,1000
5481,12,덜 달게,0
5482,5,ICE,0
5482,3,Venti,1000
5482,13,더 달게,0
5483,4,HOT,0
5483,1,Tall,0
5483,12,덜 달게,0
5484,5,ICE,0
5484,1,Tall,0
5484,11,기본,0
5484,6,샷 추가 (+1),500
5484,9,카라멜 시럽,300
5485,5,ICE,0
5485,2,Grande,500
5485,6,샷 추가 (+1),500
5485,9,카라멜 시럽,300
5486,4,HOT,0
5486,3,Venti,1000
5486,7,바닐라 시럽,300
5487,5,ICE,0
5487,2,Grande,500
5488,4,HOT,0
5488,1,Tall,0
5488,7,바닐라 시럽,300
5489,4,HOT,0
5489,1,Tall,0
5490,5,ICE,0
5490,3,Venti,1000
5490,11,기본,0
5491,5,ICE,0
5491,1,Tall,0
5491,13,더 달게,0
5492,4,HOT,0
5492,3,Venti,1000
5492,12,덜 달게,0
5492,10,휘핑크림 추가,500
5493,4,HOT,0
5493,2,Grande,500
5494,5,ICE,0
5494,2,Grande,500
5494,12,덜 달게,0
5495,5,ICE,0
5495,2,Grande,500
5495,11,기본,0
5495,6,샷 추가 (+1),500
5496,4,HOT,0
5496,1,Tall,0
5496,11,기본,0
5496,9,카라멜 시럽,300
5496,10,휘핑크림 추가,500
5497,4,HOT,0
5497,2,Grande,500
5497,11,기본,0
5497,10,휘핑크림 추가,500
5498,5,ICE,0
5498,2,Grande,500
5498,11,기본,0
5498,8,헤이즐넛 시럽,300
5499,4,HOT,0
5499,1,Tall,0
5499,7,바닐라 시럽,300
5500,4,HOT,0
5500,2,Grande,500
5501,5,ICE,0
5501,2,Grande,500
5501,12,덜 달게,0
5502,4,HOT,0
5502,2,Grande,500
5502,12,덜 달게,0
5502,6,샷 추가 (+1),500
5503,4,HOT,0
5503,2,Grande,500
5503,11,기본,0
5503,8,헤이즐넛 시럽,300
5504,4,HOT,0
5504,3,Venti,1000
5504,12,덜 달게,0
5504,9,카라멜 시럽,300
5505,4,HOT,0
5505,2,Grande,500
5505,9,카라멜 시럽,300
5506,5,ICE,0
5506,2,Grande,500
5506,6,샷 추가 (+1),500
5507,5,ICE,0
5507,1,Tall,0
5507,13,더 달게,0
5507,6,샷 추가 (+1),500
5507,8,헤이즐넛 시럽,300
5508,5,ICE,0
5508,2,Grande,500
5508,12,덜 달게,0
5509,5,ICE,0
5509,1,Tall,0
5509,11,기본,0
5510,5,ICE,0
5510,3,Venti,1000
5511,4,HOT,0
5511,2,Grande,500
5511,7,바닐라 시럽,300
5512,4,HOT,0
5512,2,Grande,500
5513,4,HOT,0
5513,2,Grande,500
5513,9,카라멜 시럽,300
5514,4,HOT,0
5514,2,Grande,500
5515,4,HOT,0
5515,2,Grande,500
5515,12,덜 달게,0
5516,4,HOT,0
5516,3,Venti,1000
5516,6,샷 추가 (+1),500
5517,4,HOT,0
5517,2,Grande,500
5517,12,덜 달게,0
5518,5,ICE,0
5518,2,Grande,500
5519,4,HOT,0
5519,1,Tall,0
5520,5,ICE,0
5520,2,Grande,500
5520,12,덜 달게,0
5520,10,휘핑크림 추가,500
5521,4,HOT,0
5521,2,Grande,500
5521,11,기본,0
5522,5,ICE,0
5522,2,Grande,500
5522,10,휘핑크림 추가,500
5523,4,HOT,0
5523,2,Grande,500
5523,11,기본,0
5524,4,HOT,0
5524,2,Grande,500
5524,13,더 달게,0
5525,4,HOT,0
5525,2,Grande,500
5525,11,기본,0
5526,4,HOT,0
5526,3,Venti,1000
5527,4,HOT,0
5527,1,Tall,0
5527,8,헤이즐넛 시럽,300
5528,5,ICE,0
5528,2,Grande,500
5528,13,더 달게,0
5528,6,샷 추가 (+1),500
5528,8,헤이즐넛 시럽,300
5529,4,HOT,0
5529,1,Tall,0
5529,11,기본,0
5530,4,HOT,0
5530,1,Tall,0
5530,10,휘핑크림 추가,500
5531,4,HOT,0
5531,1,Tall,0
5531,11,기본,0
5531,6,샷 추가 (+1),500
5532,4,HOT,0
5532,2,Grande,500
5532,6,샷 추가 (+1),500
5532,9,카라멜 시럽,300
5533,5,ICE,0
5533,2,Grande,500
5533,6,샷 추가 (+1),500
5533,10,휘핑크림 추가,500
5534,4,HOT,0
5534,3,Venti,1000
5535,4,HOT,0
5535,1,Tall,0
5535,7,바닐라 시럽,300
5536,4,HOT,0
5536,2,Grande,500
5536,11,기본,0
5536,6,샷 추가 (+1),500
5537,4,HOT,0
5537,2,Grande,500
5537,12,덜 달게,0
5538,4,HOT,0
5538,1,Tall,0
5538,13,더 달게,0
5538,10,휘핑크림 추가,500
5539,5,ICE,0
5539,3,Venti,1000
5540,5,ICE,0
5540,3,Venti,1000
5541,4,HOT,0
5541,1,Tall,0
5541,11,기본,0
5542,4,HOT,0
5542,2,Grande,500
5542,12,덜 달게,0
5543,5,ICE,0
5543,2,Grande,500
5543,11,기본,0
5543,6,샷 추가 (+1),500
5543,9,카라멜 시럽,300
5544,4,HOT,0
5544,1,Tall,0
5544,13,더 달게,0
5545,5,ICE,0
5545,2,Grande,500
5545,11,기본,0
5546,4,HOT,0
5546,1,Tall,0
5547,4,HOT,0
5547,3,Venti,1000
5547,6,샷 추가 (+1),500
5548,5,ICE,0
5548,1,Tall,0
5549,5,ICE,0
5549,3,Venti,1000
5549,12,덜 달게,0
5550,4,HOT,0
5550,2,Grande,500
5551,5,ICE,0
5551,2,Grande,500
5551,11,기본,0
5551,6,샷 추가 (+1),500
5552,4,HOT,0
5552,3,Venti,1000
5552,11,기본,0
5553,4,HOT,0
5553,1,Tall,0
5553,8,헤이즐넛 시럽,300
5554,4,HOT,0
5554,2,Grande,500
5554,6,샷 추가 (+1),500
5554,8,헤이즐넛 시럽,300
5555,4,HOT,0
5555,2,Grande,500
5555,11,기본,0
5556,4,HOT,0
5556,3,Venti,1000
5556,11,기본,0
5556,6,샷 추가 (+1),500
5557,5,ICE,0
5557,2,Grande,500
5558,4,HOT,0
5558,2,Grande,500
5559,5,ICE,0
5559,1,Tall,0
5559,6,샷 추가 (+1),500
5560,4,HOT,0
5560,1,Tall,0
5560,11,기본,0
5560,10,휘핑크림 추가,500
5561,4,HOT,0
5561,1,Tall,0
5561,12,덜 달게,0
5561,6,샷 추가 (+1),500
5562,4,HOT,0
5562,3,Venti,1000
5563,5,ICE,0
5563,1,Tall,0
5563,12,덜 달게,0
5563,6,샷 추가 (+1),500
5564,4,HOT,0
5564,2,Grande,500
5565,4,HOT,0
5565,3,Venti,1000
5565,11,기본,0
5565,8,헤이즐넛 시럽,300
5566,5,ICE,0
5566,2,Grande,500
5566,13,더 달게,0
5566,6,샷 추가 (+1),500
5567,4,HOT,0
5567,3,Venti,1000
5567,12,덜 달게,0
5568,5,ICE,0
5568,1,Tall,0
5568,11,기본,0
5568,6,샷 추가 (+1),500
5568,7,바닐라 시럽,300
5569,4,HOT,0
5569,1,Tall,0
5569,10,휘핑크림 추가,500
5570,5,ICE,0
5570,2,Grande,500
5570,13,더 달게,0
5570,6,샷 추가 (+1),500
5571,4,HOT,0
5571,3,Venti,1000
5571,13,더 달게,0
5571,6,샷 추가 (+1),500
5572,5,ICE,0
5572,1,Tall,0
5572,11,기본,0
5573,4,HOT,0
5573,2,Grande,500
5573,11,기본,0
5573,6,샷 추가 (+1),500
5574,5,ICE,0
5574,2,Grande,500
5574,13,더 달게,0
5574,7,바닐라 시럽,300
5574,10,휘핑크림 추가,500
5575,5,ICE,0
5575,1,Tall,0
5575,12,덜 달게,0
5576,4,HOT,0
5576,1,Tall,0
5576,11,기본,0
5577,5,ICE,0
5577,1,Tall,0
5577,12,덜 달게,0
5578,5,ICE,0
5578,2,Grande,500
5579,4,HOT,0
5579,2,Grande,500
5579,11,기본,0
5579,6,샷 추가 (+1),500
5580,4,HOT,0
5580,2,Grande,500
5580,13,더 달게,0
5581,5,ICE,0
5581,1,Tall,0
5581,12,덜 달게,0
5581,10,휘핑크림 추가,500
5582,4,HOT,0
5582,2,Grande,500
5582,13,더 달게,0
5583,4,HOT,0
5583,1,Tall,0
5583,11,기본,0
5583,6,샷 추가 (+1),500
5584,4,HOT,0
5584,2,Grande,500
5584,12,덜 달게,0
5584,6,샷 추가 (+1),500
5585,4,HOT,0
5585,1,Tall,0
5585,11,기본,0
5585,6,샷 추가 (+1),500
5586,5,ICE,0
5586,1,Tall,0
5586,11,기본,0
5586,10,휘핑크림 추가,500
5587,4,HOT,0
5587,2,Grande,500
5587,6,샷 추가 (+1),500
5588,4,HOT,0
5588,2,Grande,500
5588,13,더 달게,0
5589,5,ICE,0
5589,2,Grande,500
5590,5,ICE,0
5590,1,Tall,0
5590,11,기본,0
5591,4,HOT,0
5591,3,Venti,1000
5591,12,덜 달게,0
5591,6,샷 추가 (+1),500
5592,4,HOT,0
5592,3,Venti,1000
5592,12,덜 달게,0
5593,4,HOT,0
5593,1,Tall,0
5593,11,기본,0
5593,6,샷 추가 (+1),500
5593,7,바닐라 시럽,300
5594,4,HOT,0
5594,2,Grande,500
5594,10,휘핑크림 추가,500
5595,5,ICE,0
5595,3,Venti,1000
5596,4,HOT,0
5596,2,Grande,500
5596,13,더 달게,0
5597,5,ICE,0
5597,3,Venti,1000
5597,11,기본,0
5598,5,ICE,0
5598,1,Tall,0
5599,5,ICE,0
5599,2,Grande,500
5599,12,덜 달게,0
5600,4,HOT,0
5600,1,Tall,0
5600,11,기본,0
5600,6,샷 추가 (+1),500
5601,5,ICE,0
5601,2,Grande,500
5602,4,HOT,0
5602,2,Grande,500
5602,9,카라멜 시럽,300
5603,4,HOT,0
5603,2,Grande,500
5603,11,기본,0
5603,6,샷 추가 (+1),500
5604,5,ICE,0
5604,2,Grande,500
5605,4,HOT,0
5605,2,Grande,500
5606,5,ICE,0
5606,3,Venti,1000
5607,4,HOT,0
5607,1,Tall,0
5608,4,HOT,0
5608,2,Grande,500
5608,6,샷 추가 (+1),500
5609,5,ICE,0
5609,2,Grande,500
5609,11,기본,0
5609,6,샷 추가 (+1),500
5609,7,바닐라 시럽,300
5610,4,HOT,0
5610,1,Tall,0
5610,12,덜 달게,0
5610,6,샷 추가 (+1),500
5611,5,ICE,0
5611,3,Venti,1000
5612,4,HOT,0
5612,1,Tall,0
5612,11,기본,0
5612,6,샷 추가 (+1),500
5613,5,ICE,0
5613,1,Tall,0
5613,6,샷 추가 (+1),500
5614,5,ICE,0
5614,1,Tall,0
5614,11,기본,0
5615,5,ICE,0
5615,3,Venti,1000
5615,13,더 달게,0
5616,5,ICE,0
5616,3,Venti,1000
5617,5,ICE,0
5617,1,Tall,0
5618,4,HOT,0
5618,2,Grande,500
5619,4,HOT,0
5619,2,Grande,500
5619,12,덜 달게,0
5620,4,HOT,0
5620,1,Tall,0
5620,6,샷 추가 (+1),500
5620,10,휘핑크림 추가,500
5621,5,ICE,0
5621,3,Venti,1000
5622,4,HOT,0
5622,3,Venti,1000
5622,11,기본,0
5622,8,헤이즐넛 시럽,300
5623,4,HOT,0
5623,1,Tall,0
5624,4,HOT,0
5624,2,Grande,500
5625,5,ICE,0
5625,1,Tall,0
5625,12,덜 달게,0
5626,5,ICE,0
5626,2,Grande,500
5626,11,기본,0
5626,6,샷 추가 (+1),500
5627,4,HOT,0
5627,3,Venti,1000
5627,13,더 달게,0
5627,6,샷 추가 (+1),500
5628,5,ICE,0
5628,2,Grande,500
5628,13,더 달게,0
5628,7,바닐라 시럽,300
5629,5,ICE,0
5629,1,Tall,0
5629,11,기본,0
5630,5,ICE,0
5630,1,Tall,0
5630,13,더 달게,0
5630,6,샷 추가 (+1),500
5631,4,HOT,0
5631,3,Venti,1000
5631,6,샷 추가 (+1),500
5632,5,ICE,0
5632,3,Venti,1000
5632,6,샷 추가 (+1),500
5633,4,HOT,0
5633,3,Venti,1000
5633,12,덜 달게,0
5633,6,샷 추가 (+1),500
5634,4,HOT,0
5634,2,Grande,500
5634,11,기본,0
5634,6,샷 추가 (+1),500
5634,10,휘핑크림 추가,500
5635,5,ICE,0
5635,1,Tall,0
5635,11,기본,0
5636,4,HOT,0
5636,1,Tall,0
5636,12,덜 달게,0
5636,10,휘핑크림 추가,500
5637,4,HOT,0
5637,3,Venti,1000
5637,6,샷 추가 (+1),500
5638,4,HOT,0
5638,2,Grande,500
5638,12,덜 달게,0
5639,4,HOT,0
5639,1,Tall,0
5640,4,HOT,0
5640,1,Tall,0
5640,11,기본,0
5641,5,ICE,0
5641,1,Tall,0
5641,11,기본,0
5642,5,ICE,0
5642,2,Grande,500
5643,5,ICE,0
5643,3,Venti,1000
5643,11,기본,0
5644,5,ICE,0
5644,3,Venti,1000
5644,6,샷 추가 (+1),500
5645,4,HOT,0
5645,1,Tall,0
5645,13,더 달게,0
5645,8,헤이즐넛 시럽,300
5646,5,ICE,0
5646,1,Tall,0
5647,4,HOT,0
5647,2,Grande,500
5647,11,기본,0
5647,9,카라멜 시럽,300
5647,10,휘핑크림 추가,500
5648,4,HOT,0
5648,1,Tall,0
5648,11,기본,0
5649,5,ICE,0
5649,3,Venti,1000
5649,13,더 달게,0
5650,5,ICE,0
5650,3,Venti,1000
5650,11,기본,0
5650,6,샷 추가 (+1),500
5651,5,ICE,0
5651,3,Venti,1000
5652,4,HOT,0
5652,3,Venti,1000
5653,4,HOT,0
5653,1,Tall,0
5653,11,기본,0
5654,5,ICE,0
5654,2,Grande,500
5655,5,ICE,0
5655,1,Tall,0
5655,13,더 달게,0
5655,8,헤이즐넛 시럽,300
5656,5,ICE,0
5656,2,Grande,500
5657,5,ICE,0
5657,1,Tall,0
5657,6,샷 추가 (+1),500
5658,4,HOT,0
5658,2,Grande,500
5658,11,기본,0
5659,4,HOT,0
5659,1,Tall,0
5659,11,기본,0
5660,5,ICE,0
5660,2,Grande,500
5660,11,기본,0
5661,4,HOT,0
5661,1,Tall,0
5661,11,기본,0
5662,4,HOT,0
5662,1,Tall,0
5663,4,HOT,0
5663,3,Venti,1000
5663,12,덜 달게,0
5663,6,샷 추가 (+1),500
5664,4,HOT,0
5664,2,Grande,500
5664,11,기본,0
5665,4,HOT,0
5665,2,Grande,500
5665,13,더 달게,0
5665,6,샷 추가 (+1),500
5666,5,ICE,0
5666,1,Tall,0
5666,12,덜 달게,0
5666,7,바닐라 시럽,300
5667,4,HOT,0
5667,2,Grande,500
5667,10,휘핑크림 추가,500
5668,5,ICE,0
5668,3,Venti,1000
5668,13,더 달게,0
5668,9,카라멜 시럽,300
5669,5,ICE,0
5669,3,Venti,1000
5670,4,HOT,0
5670,1,Tall,0
5670,11,기본,0
5670,6,샷 추가 (+1),500
5671,4,HOT,0
5671,1,Tall,0
5671,12,덜 달게,0
5671,6,샷 추가 (+1),500
5672,5,ICE,0
5672,3,Venti,1000
5672,12,덜 달게,0
5672,8,헤이즐넛 시럽,300
5673,5,ICE,0
5673,1,Tall,0
5673,12,덜 달게,0
5674,4,HOT,0
5674,1,Tall,0
5674,12,덜 달게,0
5674,6,샷 추가 (+1),500
5675,4,HOT,0
5675,3,Venti,1000
5675,11,기본,0
5676,4,HOT,0
5676,1,Tall,0
5676,8,헤이즐넛 시럽,300
5677,4,HOT,0
5677,2,Grande,500
5677,13,더 달게,0
5677,10,휘핑크림 추가,500
5678,5,ICE,0
5678,2,Grande,500
5678,11,기본,0
5678,7,바닐라 시럽,300
5679,5,ICE,0
5679,1,Tall,0
5679,10,휘핑크림 추가,500
5680,5,ICE,0
5680,2,Grande,500
5680,13,더 달게,0
5680,9,카라멜 시럽,300
5681,5,ICE,0
5681,2,Grande,500
5681,6,샷 추가 (+1),500
5682,4,HOT,0
5682,2,Grande,500
5683,5,ICE,0
5683,2,Grande,500
5683,11,기본,0
5683,7,바닐라 시럽,300
5684,4,HOT,0
5684,2,Grande,500
5684,13,더 달게,0
5684,6,샷 추가 (+1),500
5685,4,HOT,0
5685,2,Grande,500
5686,4,HOT,0
5686,1,Tall,0
5687,5,ICE,0
5687,1,Tall,0
5688,4,HOT,0
5688,3,Venti,1000
5688,11,기본,0
5688,9,카라멜 시럽,300
5689,5,ICE,0
5689,3,Venti,1000
5689,11,기본,0
5690,4,HOT,0
5690,1,Tall,0
5690,12,덜 달게,0
5690,6,샷 추가 (+1),500
5690,10,휘핑크림 추가,500
5691,4,HOT,0
5691,1,Tall,0
5691,12,덜 달게,0
5691,8,헤이즐넛 시럽,300
5692,4,HOT,0
5692,2,Grande,500
5692,11,기본,0
5692,6,샷 추가 (+1),500
5693,5,ICE,0
5693,3,Venti,1000
5693,11,기본,0
5693,6,샷 추가 (+1),500
5694,4,HOT,0
5694,2,Grande,500
5694,11,기본,0
5694,7,바닐라 시럽,300
5695,5,ICE,0
5695,3,Venti,1000
5696,4,HOT,0
5696,1,Tall,0
5696,11,기본,0
5697,4,HOT,0
5697,3,Venti,1000
5697,13,더 달게,0
5697,6,샷 추가 (+1),500
5697,10,휘핑크림 추가,500
5698,4,HOT,0
5698,2,Grande,500
5698,11,기본,0
5698,7,바닐라 시럽,300
5699,4,HOT,0
5699,2,Grande,500
5699,12,덜 달게,0
5700,4,HOT,0
5700,2,Grande,500
5700,11,기본,0
5700,6,샷 추가 (+1),500
5700,8,헤이즐넛 시럽,300
5701,5,ICE,0
5701,1,Tall,0
5701,11,기본,0
5701,10,휘핑크림 추가,500
5702,5,ICE,0
5702,2,Grande,500
5702,11,기본,0
5703,5,ICE,0
5703,1,Tall,0
5703,6,샷 추가 (+1),500
5704,4,HOT,0
5704,2,Grande,500
5704,6,샷 추가 (+1),500
5705,5,ICE,0
5705,3,Venti,1000
5705,11,기본,0
5705,6,샷 추가 (+1),500
5706,4,HOT,0
5706,2,Grande,500
5706,7,바닐라 시럽,300
5707,4,HOT,0
5707,3,Venti,1000
5707,11,기본,0
5707,9,카라멜 시럽,300
5708,4,HOT,0
5708,3,Venti,1000
5708,6,샷 추가 (+1),500
5709,4,HOT,0
5709,2,Grande,500
5709,13,더 달게,0
5709,10,휘핑크림 추가,500
5710,4,HOT,0
5710,2,Grande,500
5710,12,덜 달게,0
5710,7,바닐라 시럽,300
5711,5,ICE,0
5711,2,Grande,500
5711,6,샷 추가 (+1),500
5712,5,ICE,0
5712,2,Grande,500
5712,11,기본,0
5713,5,ICE,0
5713,3,Venti,1000
5713,6,샷 추가 (+1),500
5713,7,바닐라 시럽,300
5714,4,HOT,0
5714,1,Tall,0
5714,11,기본,0
5714,6,샷 추가 (+1),500
5714,7,바닐라 시럽,300
5715,4,HOT,0
5715,2,Grande,500
5715,12,덜 달게,0
5716,4,HOT,0
5716,1,Tall,0
5716,11,기본,0
5717,4,HOT,0
5717,1,Tall,0
5717,12,덜 달게,0
5718,5,ICE,0
5718,2,Grande,500
5718,13,더 달게,0
5719,4,HOT,0
5719,2,Grande,500
5719,12,덜 달게,0
5720,4,HOT,0
5720,3,Venti,1000
5720,6,샷 추가 (+1),500
5721,5,ICE,0
5721,1,Tall,0
5721,12,덜 달게,0
5722,4,HOT,0
5722,1,Tall,0
5722,11,기본,0
5722,6,샷 추가 (+1),500
5723,5,ICE,0
5723,2,Grande,500
5723,11,기본,0
5724,4,HOT,0
5724,1,Tall,0
5724,11,기본,0
5725,5,ICE,0
5725,1,Tall,0
5725,11,기본,0
5726,4,HOT,0
5726,2,Grande,500
5726,11,기본,0
5727,4,HOT,0
5727,1,Tall,0
5727,11,기본,0
5727,8,헤이즐넛 시럽,300
5728,5,ICE,0
5728,1,Tall,0
5728,13,더 달게,0
5728,6,샷 추가 (+1),500
5729,5,ICE,0
5729,2,Grande,500
5729,6,샷 추가 (+1),500
5730,4,HOT,0
5730,2,Grande,500
5730,12,덜 달게,0
5730,6,샷 추가 (+1),500
5731,4,HOT,0
5731,2,Grande,500
5731,11,기본,0
5731,6,샷 추가 (+1),500
5732,5,ICE,0
5732,2,Grande,500
5733,4,HOT,0
5733,2,Grande,500
5733,11,기본,0
5733,9,카라멜 시럽,300
5734,4,HOT,0
5734,1,Tall,0
5734,11,기본,0
5735,5,ICE,0
5735,2,Grande,500
5736,4,HOT,0
5736,2,Grande,500
5737,4,HOT,0
5737,1,Tall,0
5737,13,더 달게,0
5737,8,헤이즐넛 시럽,300
5738,4,HOT,0
5738,2,Grande,500
5739,4,HOT,0
5739,1,Tall,0
5739,11,기본,0
5739,6,샷 추가 (+1),500
5739,8,헤이즐넛 시럽,300
5740,4,HOT,0
5740,1,Tall,0
5740,12,덜 달게,0
5741,5,ICE,0
5741,1,Tall,0
5742,5,ICE,0
5742,1,Tall,0
5742,11,기본,0
5743,4,HOT,0
5743,1,Tall,0
5744,5,ICE,0
5744,1,Tall,0
5744,13,더 달게,0
5744,6,샷 추가 (+1),500
5745,5,ICE,0
5745,2,Grande,500
5745,7,바닐라 시럽,300
5746,5,ICE,0
5746,2,Grande,500
5746,6,샷 추가 (+1),500
5746,8,헤이즐넛 시럽,300
5747,4,HOT,0
5747,1,Tall,0
5747,11,기본,0
5748,4,HOT,0
5748,1,Tall,0
5748,12,덜 달게,0
5748,7,바닐라 시럽,300
5749,4,HOT,0
5749,3,Venti,1000
5749,11,기본,0
5750,5,ICE,0
5750,1,Tall,0
5750,11,기본,0
5751,4,HOT,0
5751,2,Grande,500
5752,5,ICE,0
5752,2,Grande,500
5752,11,기본,0
5753,4,HOT,0
5753,1,Tall,0
5754,4,HOT,0
5754,3,Venti,1000
5754,13,더 달게,0
5754,6,샷 추가 (+1),500
5754,10,휘핑크림 추가,500
5755,4,HOT,0
5755,2,Grande,500
5755,13,더 달게,0
5756,4,HOT,0
5756,2,Grande,500
5756,11,기본,0
5757,4,HOT,0
5757,1,Tall,0
5757,13,더 달게,0
5757,6,샷 추가 (+1),500
5758,5,ICE,0
5758,2,Grande,500
5758,11,기본,0
5759,4,HOT,0
5759,1,Tall,0
5760,4,HOT,0
5760,2,Grande,500
5760,11,기본,0
5761,4,HOT,0
5761,3,Venti,1000
5761,12,덜 달게,0
5762,5,ICE,0
5762,2,Grande,500
5762,13,더 달게,0
5763,5,ICE,0
5763,2,Grande,500
5764,5,ICE,0
5764,1,Tall,0
5764,6,샷 추가 (+1),500
5765,4,HOT,0
5765,1,Tall,0
5765,12,덜 달게,0
5766,4,HOT,0
5766,3,Venti,1000
5766,13,더 달게,0
5766,6,샷 추가 (+1),500
5767,5,ICE,0
5767,3,Venti,1000
5767,11,기본,0
5767,6,샷 추가 (+1),500
5768,5,ICE,0
5768,3,Venti,1000
5768,11,기본,0
5768,9,카라멜 시럽,300
5769,4,HOT,0
5769,1,Tall,0
5769,11,기본,0
5770,4,HOT,0
5770,1,Tall,0
5770,11,기본,0
5771,5,ICE,0
5771,2,Grande,500
5771,8,헤이즐넛 시럽,300
5772,4,HOT,0
5772,1,Tall,0
5772,11,기본,0
5773,4,HOT,0
5773,1,Tall,0
5773,8,헤이즐넛 시럽,300
5774,4,HOT,0
5774,3,Venti,1000
5774,6,샷 추가 (+1),500
5774,9,카라멜 시럽,300
5775,4,HOT,0
5775,2,Grande,500
5775,8,헤이즐넛 시럽,300
5776,5,ICE,0
5776,1,Tall,0
5777,4,HOT,0
5777,1,Tall,0
5777,11,기본,0
5777,6,샷 추가 (+1),500
5778,4,HOT,0
5778,1,Tall,0
5778,12,덜 달게,0
5779,5,ICE,0
5779,2,Grande,500
5779,11,기본,0
5780,5,ICE,0
5780,1,Tall,0
5780,11,기본,0
5781,4,HOT,0
5781,1,Tall,0
5781,11,기본,0
5782,4,HOT,0
5782,1,Tall,0
5782,6,샷 추가 (+1),500
5783,5,ICE,0
5783,1,Tall,0
5784,4,HOT,0
5784,2,Grande,500
5784,6,샷 추가 (+1),500
5785,5,ICE,0
5785,2,Grande,500
5785,12,덜 달게,0
5786,4,HOT,0
5786,2,Grande,500
5787,4,HOT,0
5787,2,Grande,500
5787,11,기본,0
5787,6,샷 추가 (+1),500
5788,4,HOT,0
5788,3,Venti,1000
5789,4,HOT,0
5789,2,Grande,500
5789,11,기본,0
5789,10,휘핑크림 추가,500
5790,5,ICE,0
5790,3,Venti,1000
5790,11,기본,0
5791,4,HOT,0
5791,2,Grande,500
5791,13,더 달게,0
5792,4,HOT,0
5792,1,Tall,0
5793,4,HOT,0
5793,1,Tall,0
5793,9,카라멜 시럽,300
5794,4,HOT,0
5794,2,Grande,500
5794,11,기본,0
5794,6,샷 추가 (+1),500
5794,7,바닐라 시럽,300
5795,5,ICE,0
5795,2,Grande,500
5795,13,더 달게,0
5796,5,ICE,0
5796,2,Grande,500
5796,6,샷 추가 (+1),500
5796,8,헤이즐넛 시럽,300
5797,4,HOT,0
5797,1,Tall,0
5797,11,기본,0
5797,6,샷 추가 (+1),500
5798,4,HOT,0
5798,2,Grande,500
5798,11,기본,0
5799,4,HOT,0
5799,1,Tall,0
5799,11,기본,0
5799,6,샷 추가 (+1),500
5800,5,ICE,0
5800,2,Grande,500
5800,6,샷 추가 (+1),500
5800,8,헤이즐넛 시럽,300
5801,5,ICE,0
5801,1,Tall,0
5801,11,기본,0
5802,4,HOT,0
5802,1,Tall,0
5802,11,기본,0
5802,10,휘핑크림 추가,500
5803,5,ICE,0
5803,3,Venti,1000
5803,10,휘핑크림 추가,500
5804,5,ICE,0
5804,1,Tall,0
5804,11,기본,0
5804,6,샷 추가 (+1),500
5804,9,카라멜 시럽,300
5805,5,ICE,0
5805,2,Grande,500
5805,6,샷 추가 (+1),500
5805,10,휘핑크림 추가,500
5806,5,ICE,0
5806,2,Grande,500
5806,8,헤이즐넛 시럽,300
5807,5,ICE,0
5807,1,Tall,0
5807,13,더 달게,0
5807,6,샷 추가 (+1),500
5808,4,HOT,0
5808,3,Venti,1000
5808,7,바닐라 시럽,300
5809,5,ICE,0
5809,2,Grande,500
5810,4,HOT,0
5810,2,Grande,500
5810,13,더 달게,0
5810,10,휘핑크림 추가,500
5811,5,ICE,0
5811,2,Grande,500
5811,13,더 달게,0
5811,7,바닐라 시럽,300
5812,4,HOT,0
5812,2,Grande,500
5812,12,덜 달게,0
5813,4,HOT,0
5813,2,Grande,500
5813,6,샷 추가 (+1),500
5814,5,ICE,0
5814,1,Tall,0
5814,13,더 달게,0
5814,6,샷 추가 (+1),500
5815,4,HOT,0
5815,3,Venti,1000
5815,11,기본,0
5816,4,HOT,0
5816,2,Grande,500
5816,11,기본,0
5816,8,헤이즐넛 시럽,300
5817,4,HOT,0
5817,1,Tall,0
5817,12,덜 달게,0
5818,4,HOT,0
5818,2,Grande,500
5819,4,HOT,0
5819,2,Grande,500
5820,5,ICE,0
5820,1,Tall,0
5820,6,샷 추가 (+1),500
5821,5,ICE,0
5821,2,Grande,500
5821,13,더 달게,0
5822,4,HOT,0
5822,2,Grande,500
5822,11,기본,0
5822,6,샷 추가 (+1),500
5823,5,ICE,0
5823,1,Tall,0
5823,11,기본,0
5823,6,샷 추가 (+1),500
5824,5,ICE,0
5824,1,Tall,0
5824,11,기본,0
5824,7,바닐라 시럽,300
5825,5,ICE,0
5825,2,Grande,500
5825,11,기본,0
5825,10,휘핑크림 추가,500
5826,4,HOT,0
5826,1,Tall,0
5826,11,기본,0
5826,6,샷 추가 (+1),500
5826,10,휘핑크림 추가,500
5827,5,ICE,0
5827,2,Grande,500
5827,12,덜 달게,0
5827,6,샷 추가 (+1),500
5828,4,HOT,0
5828,3,Venti,1000
5828,13,더 달게,0
5828,7,바닐라 시럽,300
5829,4,HOT,0
5829,2,Grande,500
5829,12,덜 달게,0
5830,4,HOT,0
5830,1,Tall,0
5830,11,기본,0
5831,4,HOT,0
5831,1,Tall,0
5831,7,바닐라 시럽,300
5832,4,HOT,0
5832,2,Grande,500
5832,11,기본,0
5833,5,ICE,0
5833,1,Tall,0
5833,11,기본,0
5834,4,HOT,0
5834,2,Grande,500
5835,4,HOT,0
5835,2,Grande,500
5835,11,기본,0
5836,4,HOT,0
5836,1,Tall,0
5837,5,ICE,0
5837,2,Grande,500
5837,13,더 달게,0
5838,4,HOT,0
5838,1,Tall,0
5838,12,덜 달게,0
5838,10,휘핑크림 추가,500
5839,5,ICE,0
5839,1,Tall,0
5840,4,HOT,0
5840,2,Grande,500
5840,6,샷 추가 (+1),500
5841,5,ICE,0
5841,1,Tall,0
5841,11,기본,0
5841,7,바닐라 시럽,300
5842,4,HOT,0
5842,1,Tall,0
5842,6,샷 추가 (+1),500
5843,5,ICE,0
5843,1,Tall,0
5843,10,휘핑크림 추가,500
5844,4,HOT,0
5844,2,Grande,500
5844,11,기본,0
5844,6,샷 추가 (+1),500
5844,9,카라멜 시럽,300
5845,4,HOT,0
5845,1,Tall,0
5845,11,기본,0
5846,5,ICE,0
5846,1,Tall,0
5846,6,샷 추가 (+1),500
5847,4,HOT,0
5847,1,Tall,0
5847,13,더 달게,0
5847,6,샷 추가 (+1),500
5847,9,카라멜 시럽,300
5848,4,HOT,0
5848,3,Venti,1000
5848,10,휘핑크림 추가,500
5849,4,HOT,0
5849,1,Tall,0
5849,11,기본,0
5849,6,샷 추가 (+1),500
5850,4,HOT,0
5850,1,Tall,0
5850,11,기본,0
5850,6,샷 추가 (+1),500
5851,4,HOT,0
5851,2,Grande,500
5851,12,덜 달게,0
5851,6,샷 추가 (+1),500
5852,4,HOT,0
5852,3,Venti,1000
5852,12,덜 달게,0
5852,9,카라멜 시럽,300
5853,4,HOT,0
5853,3,Venti,1000
5854,4,HOT,0
5854,1,Tall,0
5855,5,ICE,0
5855,2,Grande,500
5855,6,샷 추가 (+1),500
5855,9,카라멜 시럽,300
5856,4,HOT,0
5856,1,Tall,0
5856,12,덜 달게,0
5856,6,샷 추가 (+1),500
5857,5,ICE,0
5857,2,Grande,500
5857,6,샷 추가 (+1),500
5858,4,HOT,0
5858,2,Grande,500
5858,13,더 달게,0
5858,9,카라멜 시럽,300
5858,10,휘핑크림 추가,500
5859,4,HOT,0
5859,1,Tall,0
5860,4,HOT,0
5860,2,Grande,500
5861,5,ICE,0
5861,3,Venti,1000
5862,4,HOT,0
5862,2,Grande,500
5862,11,기본,0
5862,8,헤이즐넛 시럽,300
5863,4,HOT,0
5863,2,Grande,500
5863,11,기본,0
5864,4,HOT,0
5864,1,Tall,0
5864,11,기본,0
5865,4,HOT,0
5865,2,Grande,500
5865,13,더 달게,0
5865,8,헤이즐넛 시럽,300
5866,5,ICE,0
5866,1,Tall,0
5866,6,샷 추가 (+1),500
5867,5,ICE,0
5867,3,Venti,1000
5868,4,HOT,0
5868,2,Grande,500
5868,11,기본,0
5869,4,HOT,0
5869,2,Grande,500
5869,13,더 달게,0
5869,6,샷 추가 (+1),500
5869,9,카라멜 시럽,300
5870,5,ICE,0
5870,2,Grande,500
5870,12,덜 달게,0
5871,4,HOT,0
5871,3,Venti,1000
5871,11,기본,0
5872,4,HOT,0
5872,2,Grande,500
5873,5,ICE,0
5873,2,Grande,500
5873,11,기본,0
5873,6,샷 추가 (+1),500
5874,5,ICE,0
5874,2,Grande,500
5875,5,ICE,0
5875,3,Venti,1000
5876,4,HOT,0
5876,1,Tall,0
5876,11,기본,0
5877,5,ICE,0
5877,1,Tall,0
5878,4,HOT,0
5878,3,Venti,1000
5879,4,HOT,0
5879,1,Tall,0
5879,10,휘핑크림 추가,500
5880,5,ICE,0
5880,3,Venti,1000
5880,11,기본,0
5881,4,HOT,0
5881,2,Grande,500
5881,6,샷 추가 (+1),500
5882,5,ICE,0
5882,2,Grande,500
5882,6,샷 추가 (+1),500
5883,5,ICE,0
5883,1,Tall,0
5883,7,바닐라 시럽,300
5883,10,휘핑크림 추가,500
5884,5,ICE,0
5884,2,Grande,500
5884,12,덜 달게,0
5884,7,바닐라 시럽,300
5884,10,휘핑크림 추가,500
5885,5,ICE,0
5885,2,Grande,500
5885,6,샷 추가 (+1),500
5885,9,카라멜 시럽,300
5886,4,HOT,0
5886,2,Grande,500
5886,11,기본,0
5887,4,HOT,0
5887,2,Grande,500
5887,6,샷 추가 (+1),500
5888,5,ICE,0
5888,2,Grande,500
5888,11,기본,0
5889,4,HOT,0
5889,1,Tall,0
5889,13,더 달게,0
5889,6,샷 추가 (+1),500
5890,4,HOT,0
5890,1,Tall,0
5890,13,더 달게,0
5890,6,샷 추가 (+1),500
5890,8,헤이즐넛 시럽,300
5891,4,HOT,0
5891,2,Grande,500
5892,4,HOT,0
5892,1,Tall,0
5893,4,HOT,0
5893,3,Venti,1000
5893,13,더 달게,0
5894,5,ICE,0
5894,3,Venti,1000
5894,6,샷 추가 (+1),500
5894,9,카라멜 시럽,300
5895,4,HOT,0
5895,3,Venti,1000
5895,11,기본,0
5896,4,HOT,0
5896,1,Tall,0
5896,11,기본,0
5897,4,HOT,0
5897,2,Grande,500
5898,4,HOT,0
5898,3,Venti,1000
5899,4,HOT,0
5899,2,Grande,500
5899,13,더 달게,0
5900,5,ICE,0
5900,3,Venti,1000
5900,13,더 달게,0
5901,5,ICE,0
5901,3,Venti,1000
5902,5,ICE,0
5902,1,Tall,0
5902,11,기본,0
5903,4,HOT,0
5903,1,Tall,0
5903,11,기본,0
5904,4,HOT,0
5904,3,Venti,1000
5904,11,기본,0
5905,4,HOT,0
5905,1,Tall,0
5905,11,기본,0
5906,4,HOT,0
5906,1,Tall,0
5906,11,기본,0
5907,5,ICE,0
5907,1,Tall,0
5907,11,기본,0
5908,4,HOT,0
5908,3,Venti,1000
5909,5,ICE,0
5909,1,Tall,0
5909,12,덜 달게,0
5909,6,샷 추가 (+1),500
5909,9,카라멜 시럽,300
5910,5,ICE,0
5910,1,Tall,0
5910,6,샷 추가 (+1),500
5911,4,HOT,0
5911,2,Grande,500
5911,11,기본,0
5912,5,ICE,0
5912,1,Tall,0
5912,6,샷 추가 (+1),500
5913,5,ICE,0
5913,3,Venti,1000
5914,4,HOT,0
5914,1,Tall,0
5914,7,바닐라 시럽,300
5914,10,휘핑크림 추가,500
5915,4,HOT,0
5915,2,Grande,500
5915,6,샷 추가 (+1),500
5916,5,ICE,0
5916,3,Venti,1000
5916,13,더 달게,0
5917,5,ICE,0
5917,1,Tall,0
5917,11,기본,0
5917,7,바닐라 시럽,300
5918,4,HOT,0
5918,3,Venti,1000
5918,11,기본,0
5918,7,바닐라 시럽,300
5919,4,HOT,0
5919,1,Tall,0
5919,11,기본,0
5920,4,HOT,0
5920,2,Grande,500
5921,4,HOT,0
5921,2,Grande,500
5921,11,기본,0
5922,4,HOT,0
5922,2,Grande,500
5922,11,기본,0
5922,6,샷 추가 (+1),500
5923,4,HOT,0
5923,2,Grande,500
5923,8,헤이즐넛 시럽,300
5924,4,HOT,0
5924,3,Venti,1000
5924,8,헤이즐넛 시럽,300
5925,5,ICE,0
5925,1,Tall,0
5926,5,ICE,0
5926,2,Grande,500
5926,6,샷 추가 (+1),500
5927,5,ICE,0
5927,3,Venti,1000
5928,4,HOT,0
5928,1,Tall,0
5928,8,헤이즐넛 시럽,300
5929,5,ICE,0
5929,1,Tall,0
5929,13,더 달게,0
5930,5,ICE,0
5930,1,Tall,0
5930,11,기본,0
5931,5,ICE,0
5931,2,Grande,500
5932,4,HOT,0
5932,2,Grande,500
5933,5,ICE,0
5933,1,Tall,0
5934,4,HOT,0
5934,3,Venti,1000
5934,13,더 달게,0
5934,7,바닐라 시럽,300
5935,4,HOT,0
5935,1,Tall,0
5935,6,샷 추가 (+1),500
5935,10,휘핑크림 추가,500
5936,5,ICE,0
5936,2,Grande,500
5936,11,기본,0
5937,5,ICE,0
5937,3,Venti,1000
5938,5,ICE,0
5938,3,Venti,1000
5938,11,기본,0
5938,9,카라멜 시럽,300
5939,5,ICE,0
5939,2,Grande,500
5939,13,더 달게,0
5939,6,샷 추가 (+1),500
5939,8,헤이즐넛 시럽,300
5940,5,ICE,0
5940,1,Tall,0
5940,11,기본,0
5940,6,샷 추가 (+1),500
5941,4,HOT,0
5941,2,Grande,500
5942,5,ICE,0
5942,1,Tall,0
5942,11,기본,0
5943,5,ICE,0
5943,3,Venti,1000
5943,12,덜 달게,0
5944,4,HOT,0
5944,3,Venti,1000
5944,11,기본,0
5945,5,ICE,0
5945,2,Grande,500
5945,6,샷 추가 (+1),500
5946,4,HOT,0
5946,2,Grande,500
5946,11,기본,0
5946,6,샷 추가 (+1),500
5947,5,ICE,0
5947,1,Tall,0
5947,12,덜 달게,0
5948,4,HOT,0
5948,1,Tall,0
5948,13,더 달게,0
5948,6,샷 추가 (+1),500
5949,5,ICE,0
5949,1,Tall,0
5949,10,휘핑크림 추가,500
5950,4,HOT,0
5950,1,Tall,0
5950,11,기본,0
5951,4,HOT,0
5951,1,Tall,0
5951,11,기본,0
5951,6,샷 추가 (+1),500
5952,5,ICE,0
5952,2,Grande,500
5952,11,기본,0
5952,8,헤이즐넛 시럽,300
5953,4,HOT,0
5953,3,Venti,1000
5954,4,HOT,0
5954,2,Grande,500
5954,11,기본,0
5955,4,HOT,0
5955,1,Tall,0
5956,5,ICE,0
5956,1,Tall,0
5956,12,덜 달게,0
5957,4,HOT,0
5957,2,Grande,500
5957,11,기본,0
5957,7,바닐라 시럽,300
5958,4,HOT,0
5958,1,Tall,0
5958,6,샷 추가 (+1),500
5959,4,HOT,0
5959,1,Tall,0
5959,11,기본,0
5959,9,카라멜 시럽,300
5960,4,HOT,0
5960,1,Tall,0
5961,4,HOT,0
5961,2,Grande,500
5961,11,기본,0
5961,9,카라멜 시럽,300
5961,10,휘핑크림 추가,500
5962,5,ICE,0
5962,2,Grande,500
5963,5,ICE,0
5963,1,Tall,0
5963,11,기본,0
5963,6,샷 추가 (+1),500
5964,4,HOT,0
5964,3,Venti,1000
5964,13,더 달게,0
5964,10,휘핑크림 추가,500
5965,4,HOT,0
5965,3,Venti,1000
5966,5,ICE,0
5966,1,Tall,0
5967,5,ICE,0
5967,3,Venti,1000
5967,12,덜 달게,0
5967,10,휘핑크림 추가,500
5968,5,ICE,0
5968,1,Tall,0
5968,11,기본,0
5968,6,샷 추가 (+1),500
5968,9,카라멜 시럽,300
5969,5,ICE,0
5969,3,Venti,1000
5970,4,HOT,0
5970,2,Grande,500
5970,11,기본,0
5971,4,HOT,0
5971,2,Grande,500
5971,12,덜 달게,0
5972,4,HOT,0
5972,2,Grande,500
5972,6,샷 추가 (+1),500
5973,4,HOT,0
5973,2,Grande,500
5973,11,기본,0
5973,6,샷 추가 (+1),500
5974,5,ICE,0
5974,1,Tall,0
5974,8,헤이즐넛 시럽,300
5975,5,ICE,0
5975,2,Grande,500
5975,13,더 달게,0
5975,6,샷 추가 (+1),500
5976,4,HOT,0
5976,1,Tall,0
5976,8,헤이즐넛 시럽,300
5976,10,휘핑크림 추가,500
5977,5,ICE,0
5977,1,Tall,0
5978,4,HOT,0
5978,2,Grande,500
5979,4,HOT,0
5979,1,Tall,0
5979,13,더 달게,0
5980,5,ICE,0
5980,3,Venti,1000
5980,11,기본,0
5981,5,ICE,0
5981,2,Grande,500
5981,12,덜 달게,0
5981,6,샷 추가 (+1),500
5982,4,HOT,0
5982,1,Tall,0
5982,7,바닐라 시럽,300
5982,10,휘핑크림 추가,500
5983,4,HOT,0
5983,3,Venti,1000
5984,4,HOT,0
5984,3,Venti,1000
5984,11,기본,0
5985,5,ICE,0
5985,2,Grande,500
5985,12,덜 달게,0
5985,7,바닐라 시럽,300
5986,4,HOT,0
5986,2,Grande,500
5987,4,HOT,0
5987,3,Venti,1000
5987,6,샷 추가 (+1),500
5988,4,HOT,0
5988,1,Tall,0
5988,11,기본,0
5988,6,샷 추가 (+1),500
5989,4,HOT,0
5989,3,Venti,1000
5989,6,샷 추가 (+1),500
5990,5,ICE,0
5990,1,Tall,0
5990,13,더 달게,0
5991,4,HOT,0
5991,1,Tall,0
5991,13,더 달게,0
5992,4,HOT,0
5992,1,Tall,0
5993,4,HOT,0
5993,3,Venti,1000
5993,6,샷 추가 (+1),500
5994,4,HOT,0
5994,2,Grande,500
5994,7,바닐라 시럽,300
5995,4,HOT,0
5995,2,Grande,500
5995,11,기본,0
5995,6,샷 추가 (+1),500
5996,4,HOT,0
5996,3,Venti,1000
5996,12,덜 달게,0
5996,8,헤이즐넛 시럽,300
5997,4,HOT,0
5997,3,Venti,1000
5997,13,더 달게,0
5998,4,HOT,0
5998,1,Tall,0
5998,6,샷 추가 (+1),500
5999,4,HOT,0
5999,2,Grande,500
5999,11,기본,0
5999,7,바닐라 시럽,300
6000,5,ICE,0
6000,2,Grande,500
6000,11,기본,0
6001,4,HOT,0
6001,2,Grande,500
6002,5,ICE,0
6002,2,Grande,500
6002,11,기본,0
6002,6,샷 추가 (+1),500
6002,9,카라멜 시럽,300
6003,4,HOT,0
6003,1,Tall,0
6003,6,샷 추가 (+1),500
6004,4,HOT,0
6004,1,Tall,0
6005,5,ICE,0
6005,1,Tall,0
6005,6,샷 추가 (+1),500
6006,4,HOT,0
6006,1,Tall,0
6006,11,기본,0
6006,10,휘핑크림 추가,500
6007,4,HOT,0
6007,3,Venti,1000
6007,13,더 달게,0
6007,6,샷 추가 (+1),500
6008,4,HOT,0
6008,1,Tall,0
6008,12,덜 달게,0
6009,4,HOT,0
6009,2,Grande,500
6009,11,기본,0
6009,6,샷 추가 (+1),500
6010,5,ICE,0
6010,1,Tall,0
6010,7,바닐라 시럽,300
6011,5,ICE,0
6011,1,Tall,0
6011,12,덜 달게,0
6011,6,샷 추가 (+1),500
6011,10,휘핑크림 추가,500
6012,5,ICE,0
6012,3,Venti,1000
6012,10,휘핑크림 추가,500
6013,5,ICE,0
6013,1,Tall,0
6013,11,기본,0
6014,5,ICE,0
6014,1,Tall,0
6014,6,샷 추가 (+1),500
6015,4,HOT,0
6015,3,Venti,1000
6015,13,더 달게,0
6016,4,HOT,0
6016,2,Grande,500
6017,5,ICE,0
6017,2,Grande,500
6017,7,바닐라 시럽,300
6018,4,HOT,0
6018,1,Tall,0
6018,6,샷 추가 (+1),500
6019,5,ICE,0
6019,3,Venti,1000
6020,4,HOT,0
6020,3,Venti,1000
6020,11,기본,0
6020,6,샷 추가 (+1),500
6021,4,HOT,0
6021,1,Tall,0
6021,11,기본,0
6021,6,샷 추가 (+1),500
6022,4,HOT,0
6022,1,Tall,0
6022,12,덜 달게,0
6023,4,HOT,0
6023,3,Venti,1000
6023,12,덜 달게,0
6024,4,HOT,0
6024,3,Venti,1000
6024,6,샷 추가 (+1),500
6025,5,ICE,0
6025,1,Tall,0
6025,11,기본,0
6026,4,HOT,0
6026,2,Grande,500
6026,10,휘핑크림 추가,500
6027,4,HOT,0
6027,2,Grande,500
6027,11,기본,0
6028,4,HOT,0
6028,2,Grande,500
6028,13,더 달게,0
6029,4,HOT,0
6029,2,Grande,500
6029,6,샷 추가 (+1),500
6029,10,휘핑크림 추가,500
6030,5,ICE,0
6030,3,Venti,1000
6030,13,더 달게,0
6030,6,샷 추가 (+1),500
6031,4,HOT,0
6031,1,Tall,0
6031,12,덜 달게,0
6031,6,샷 추가 (+1),500
6032,4,HOT,0
6032,3,Venti,1000
6032,11,기본,0
6033,5,ICE,0
6033,1,Tall,0
6034,5,ICE,0
6034,2,Grande,500
6035,4,HOT,0
6035,1,Tall,0
6036,4,HOT,0
6036,3,Venti,1000
6036,12,덜 달게,0
6036,9,카라멜 시럽,300
6037,4,HOT,0
6037,2,Grande,500
6038,4,HOT,0
6038,1,Tall,0
6038,13,더 달게,0
6038,7,바닐라 시럽,300
6039,5,ICE,0
6039,1,Tall,0
6040,5,ICE,0
6040,3,Venti,1000
6040,12,덜 달게,0
6041,4,HOT,0
6041,3,Venti,1000
6041,13,더 달게,0
6042,5,ICE,0
6042,2,Grande,500
6042,8,헤이즐넛 시럽,300
6043,5,ICE,0
6043,2,Grande,500
6043,11,기본,0
6044,5,ICE,0
6044,2,Grande,500
6044,6,샷 추가 (+1),500
6045,4,HOT,0
6045,2,Grande,500
6046,4,HOT,0
6046,2,Grande,500
6046,13,더 달게,0
6046,6,샷 추가 (+1),500
6046,7,바닐라 시럽,300
6047,5,ICE,0
6047,1,Tall,0
6047,13,더 달게,0
6047,6,샷 추가 (+1),500
6047,9,카라멜 시럽,300
6048,4,HOT,0
6048,2,Grande,500
6048,11,기본,0
6048,6,샷 추가 (+1),500
6049,4,HOT,0
6049,2,Grande,500
6049,11,기본,0
6050,4,HOT,0
6050,1,Tall,0
6050,6,샷 추가 (+1),500
6051,5,ICE,0
6051,2,Grande,500
6052,5,ICE,0
6052,1,Tall,0
6052,11,기본,0
6052,9,카라멜 시럽,300
6053,5,ICE,0
6053,1,Tall,0
6053,11,기본,0
6054,4,HOT,0
6054,3,Venti,1000
6055,4,HOT,0
6055,1,Tall,0
6055,10,휘핑크림 추가,500
6056,5,ICE,0
6056,1,Tall,0
6056,11,기본,0
6056,8,헤이즐넛 시럽,300
6057,4,HOT,0
6057,2,Grande,500
6057,11,기본,0
6057,6,샷 추가 (+1),500
6057,10,휘핑크림 추가,500
6058,4,HOT,0
6058,2,Grande,500
6059,4,HOT,0
6059,2,Grande,500
6059,11,기본,0
6059,10,휘핑크림 추가,500
6060,5,ICE,0
6060,1,Tall,0
6060,6,샷 추가 (+1),500
6060,7,바닐라 시럽,300
6061,4,HOT,0
6061,3,Venti,1000
6061,11,기본,0
6061,6,샷 추가 (+1),500
6062,4,HOT,0
6062,2,Grande,500
6062,11,기본,0
6062,6,샷 추가 (+1),500
6062,7,바닐라 시럽,300
6063,5,ICE,0
6063,1,Tall,0
6063,9,카라멜 시럽,300
6064,5,ICE,0
6064,3,Venti,1000
6064,11,기본,0
6065,5,ICE,0
6065,1,Tall,0
6065,6,샷 추가 (+1),500
6066,4,HOT,0
6066,3,Venti,1000
6066,8,헤이즐넛 시럽,300
6067,4,HOT,0
6067,2,Grande,500
6067,11,기본,0
6067,9,카라멜 시럽,300
6068,4,HOT,0
6068,1,Tall,0
6068,12,덜 달게,0
6069,5,ICE,0
6069,1,Tall,0
6069,6,샷 추가 (+1),500
6070,4,HOT,0
6070,3,Venti,1000
6070,11,기본,0
6070,9,카라멜 시럽,300
6071,5,ICE,0
6071,3,Venti,1000
6071,13,더 달게,0
6072,4,HOT,0
6072,3,Venti,1000
6072,11,기본,0
6073,4,HOT,0
6073,2,Grande,500
6073,6,샷 추가 (+1),500
6073,8,헤이즐넛 시럽,300
6074,4,HOT,0
6074,2,Grande,500
6074,11,기본,0
6074,6,샷 추가 (+1),500
6075,4,HOT,0
6075,2,Grande,500
6075,6,샷 추가 (+1),500
6075,7,바닐라 시럽,300
6076,4,HOT,0
6076,3,Venti,1000
6076,11,기본,0
6076,6,샷 추가 (+1),500
6077,4,HOT,0
6077,2,Grande,500
6077,9,카라멜 시럽,300
6078,5,ICE,0
6078,3,Venti,1000
6078,9,카라멜 시럽,300
6079,4,HOT,0
6079,3,Venti,1000
6079,9,카라멜 시럽,300
6080,4,HOT,0
6080,1,Tall,0
6080,11,기본,0
6081,4,HOT,0
6081,2,Grande,500
6081,12,덜 달게,0
6081,6,샷 추가 (+1),500
6082,4,HOT,0
6082,2,Grande,500
6082,12,덜 달게,0
6082,6,샷 추가 (+1),500
6083,5,ICE,0
6083,2,Grande,500
6084,4,HOT,0
6084,2,Grande,500
6085,5,ICE,0
6085,2,Grande,500
6086,4,HOT,0
6086,2,Grande,500
6086,11,기본,0
6087,5,ICE,0
6087,1,Tall,0
6087,11,기본,0
6087,6,샷 추가 (+1),500
6088,4,HOT,0
6088,2,Grande,500
6088,10,휘핑크림 추가,500
6089,4,HOT,0
6089,1,Tall,0
6089,13,더 달게,0
6089,6,샷 추가 (+1),500
6090,5,ICE,0
6090,3,Venti,1000
6091,5,ICE,0
6091,1,Tall,0
6092,5,ICE,0
6092,2,Grande,500
6093,5,ICE,0
6093,1,Tall,0
6093,12,덜 달게,0
6093,6,샷 추가 (+1),500
6093,8,헤이즐넛 시럽,300
6094,4,HOT,0
6094,2,Grande,500
6094,13,더 달게,0
6095,5,ICE,0
6095,1,Tall,0
6096,4,HOT,0
6096,1,Tall,0
6096,11,기본,0
6097,4,HOT,0
6097,2,Grande,500
6097,12,덜 달게,0
6098,4,HOT,0
6098,2,Grande,500
6098,11,기본,0
6099,4,HOT,0
6099,2,Grande,500
6099,11,기본,0
6100,4,HOT,0
6100,1,Tall,0
6100,11,기본,0
6100,10,휘핑크림 추가,500
6101,5,ICE,0
6101,2,Grande,500
6101,13,더 달게,0
6101,6,샷 추가 (+1),500
6102,4,HOT,0
6102,1,Tall,0
6103,4,HOT,0
6103,3,Venti,1000
6104,4,HOT,0
6104,2,Grande,500
6104,6,샷 추가 (+1),500
6105,5,ICE,0
6105,1,Tall,0
6106,4,HOT,0
6106,1,Tall,0
6107,5,ICE,0
6107,2,Grande,500
6107,11,기본,0
6108,4,HOT,0
6108,1,Tall,0
6108,12,덜 달게,0
6108,6,샷 추가 (+1),500
6109,4,HOT,0
6109,2,Grande,500
6109,6,샷 추가 (+1),500
6110,4,HOT,0
6110,2,Grande,500
6110,13,더 달게,0
6111,4,HOT,0
6111,1,Tall,0
6111,12,덜 달게,0
6111,6,샷 추가 (+1),500
6112,4,HOT,0
6112,2,Grande,500
6113,4,HOT,0
6113,2,Grande,500
6113,12,덜 달게,0
6114,4,HOT,0
6114,3,Venti,1000
6114,11,기본,0
6115,4,HOT,0
6115,1,Tall,0
6115,11,기본,0
6115,6,샷 추가 (+1),500
6116,5,ICE,0
6116,1,Tall,0
6117,4,HOT,0
6117,1,Tall,0
6118,4,HOT,0
6118,1,Tall,0
6118,13,더 달게,0
6119,5,ICE,0
6119,1,Tall,0
6119,11,기본,0
6120,4,HOT,0
6120,3,Venti,1000
6120,6,샷 추가 (+1),500
6121,5,ICE,0
6121,1,Tall,0
6122,4,HOT,0
6122,2,Grande,500
6122,12,덜 달게,0
6122,6,샷 추가 (+1),500
6123,4,HOT,0
6123,1,Tall,0
6123,13,더 달게,0
6123,6,샷 추가 (+1),500
6124,4,HOT,0
6124,1,Tall,0
6124,11,기본,0
6125,5,ICE,0
6125,3,Venti,1000
6125,11,기본,0
6125,6,샷 추가 (+1),500
6126,5,ICE,0
6126,2,Grande,500
6126,12,덜 달게,0
6127,4,HOT,0
6127,2,Grande,500
6128,4,HOT,0
6128,1,Tall,0
6128,6,샷 추가 (+1),500
6129,5,ICE,0
6129,3,Venti,1000
6129,12,덜 달게,0
6129,6,샷 추가 (+1),500
6129,8,헤이즐넛 시럽,300
6130,4,HOT,0
6130,1,Tall,0
6131,5,ICE,0
6131,1,Tall,0
6131,12,덜 달게,0
6131,9,카라멜 시럽,300
6132,5,ICE,0
6132,2,Grande,500
6132,6,샷 추가 (+1),500
6133,4,HOT,0
6133,1,Tall,0
6133,11,기본,0
6134,4,HOT,0
6134,2,Grande,500
6134,12,덜 달게,0
6135,5,ICE,0
6135,1,Tall,0
6135,7,바닐라 시럽,300
6136,5,ICE,0
6136,2,Grande,500
6136,11,기본,0
6137,4,HOT,0
6137,2,Grande,500
6137,11,기본,0
6137,6,샷 추가 (+1),500
6137,8,헤이즐넛 시럽,300
6138,5,ICE,0
6138,1,Tall,0
6138,11,기본,0
6138,6,샷 추가 (+1),500
6138,10,휘핑크림 추가,500
6139,4,HOT,0
6139,1,Tall,0
6139,7,바닐라 시럽,300
6140,5,ICE,0
6140,2,Grande,500
6140,12,덜 달게,0
6140,6,샷 추가 (+1),500
6140,8,헤이즐넛 시럽,300
6141,4,HOT,0
6141,1,Tall,0
6141,8,헤이즐넛 시럽,300
6142,4,HOT,0
6142,2,Grande,500
6142,13,더 달게,0
6142,6,샷 추가 (+1),500
6143,5,ICE,0
6143,2,Grande,500
6144,4,HOT,0
6144,2,Grande,500
6144,12,덜 달게,0
6144,9,카라멜 시럽,300
6145,4,HOT,0
6145,1,Tall,0
6145,12,덜 달게,0
6145,10,휘핑크림 추가,500
6146,5,ICE,0
6146,1,Tall,0
6146,12,덜 달게,0
6147,4,HOT,0
6147,1,Tall,0
6147,11,기본,0
6148,5,ICE,0
6148,2,Grande,500
6148,13,더 달게,0
6148,7,바닐라 시럽,300
6149,4,HOT,0
6149,3,Venti,1000
6149,11,기본,0
6150,4,HOT,0
6150,3,Venti,1000
6150,11,기본,0
6151,4,HOT,0
6151,3,Venti,1000
6151,11,기본,0
6151,6,샷 추가 (+1),500
6152,5,ICE,0
6152,1,Tall,0
6153,5,ICE,0
6153,1,Tall,0
6153,11,기본,0
6154,4,HOT,0
6154,3,Venti,1000
6154,11,기본,0
6155,4,HOT,0
6155,3,Venti,1000
6155,11,기본,0
6156,5,ICE,0
6156,1,Tall,0
6156,6,샷 추가 (+1),500
6157,4,HOT,0
6157,2,Grande,500
6158,5,ICE,0
6158,2,Grande,500
6158,11,기본,0
6158,9,카라멜 시럽,300
6159,5,ICE,0
6159,1,Tall,0
6160,4,HOT,0
6160,1,Tall,0
6160,13,더 달게,0
6160,6,샷 추가 (+1),500
6161,4,HOT,0
6161,1,Tall,0
6161,6,샷 추가 (+1),500
6162,4,HOT,0
6162,1,Tall,0
6162,6,샷 추가 (+1),500
6163,4,HOT,0
6163,2,Grande,500
6163,13,더 달게,0
6164,4,HOT,0
6164,1,Tall,0
6164,12,덜 달게,0
6165,5,ICE,0
6165,3,Venti,1000
6165,11,기본,0
6165,6,샷 추가 (+1),500
6166,4,HOT,0
6166,1,Tall,0
6166,13,더 달게,0
6167,5,ICE,0
6167,1,Tall,0
6167,9,카라멜 시럽,300
6168,5,ICE,0
6168,2,Grande,500
6168,11,기본,0
6169,4,HOT,0
6169,2,Grande,500
6169,11,기본,0
6169,6,샷 추가 (+1),500
6169,8,헤이즐넛 시럽,300
6170,4,HOT,0
6170,1,Tall,0
6170,6,샷 추가 (+1),500
6170,9,카라멜 시럽,300
6171,5,ICE,0
6171,1,Tall,0
6171,11,기본,0
6172,4,HOT,0
6172,2,Grande,500
6173,4,HOT,0
6173,3,Venti,1000
6174,4,HOT,0
6174,1,Tall,0
6174,13,더 달게,0
6174,9,카라멜 시럽,300
6175,4,HOT,0
6175,1,Tall,0
6175,7,바닐라 시럽,300
6176,5,ICE,0
6176,2,Grande,500
6176,11,기본,0
6177,5,ICE,0
6177,1,Tall,0
6177,13,더 달게,0
6178,4,HOT,0
6178,1,Tall,0
6179,4,HOT,0
6179,3,Venti,1000
6179,6,샷 추가 (+1),500
6180,4,HOT,0
6180,2,Grande,500
6180,10,휘핑크림 추가,500
6181,4,HOT,0
6181,1,Tall,0
6181,12,덜 달게,0
6181,6,샷 추가 (+1),500
6182,5,ICE,0
6182,2,Grande,500
6182,12,덜 달게,0
6183,4,HOT,0
6183,2,Grande,500
6183,10,휘핑크림 추가,500
6184,4,HOT,0
6184,1,Tall,0
6184,8,헤이즐넛 시럽,300
6185,5,ICE,0
6185,1,Tall,0
6185,12,덜 달게,0
6185,6,샷 추가 (+1),500
6186,4,HOT,0
6186,2,Grande,500
6186,13,더 달게,0
6187,4,HOT,0
6187,1,Tall,0
6187,12,덜 달게,0
6187,6,샷 추가 (+1),500
6188,5,ICE,0
6188,2,Grande,500
6188,12,덜 달게,0
6189,5,ICE,0
6189,1,Tall,0
6189,11,기본,0
6189,10,휘핑크림 추가,500
6190,4,HOT,0
6190,2,Grande,500
6190,6,샷 추가 (+1),500
6190,9,카라멜 시럽,300
6191,4,HOT,0
6191,1,Tall,0
6191,6,샷 추가 (+1),500
6192,5,ICE,0
6192,1,Tall,0
6192,12,덜 달게,0
6192,6,샷 추가 (+1),500
6193,5,ICE,0
6193,1,Tall,0
6193,13,더 달게,0
6193,10,휘핑크림 추가,500
6194,5,ICE,0
6194,2,Grande,500
6194,11,기본,0
6195,4,HOT,0
6195,2,Grande,500
6195,6,샷 추가 (+1),500
6196,4,HOT,0
6196,1,Tall,0
6196,11,기본,0
6197,5,ICE,0
6197,2,Grande,500
6197,11,기본,0
6198,4,HOT,0
6198,1,Tall,0
6198,10,휘핑크림 추가,500
6199,4,HOT,0
6199,3,Venti,1000
6199,11,기본,0
6199,9,카라멜 시럽,300
6200,4,HOT,0
6200,2,Grande,500
6200,13,더 달게,0
6200,6,샷 추가 (+1),500
6200,10,휘핑크림 추가,500
6201,4,HOT,0
6201,2,Grande,500
6201,8,헤이즐넛 시럽,300
6202,5,ICE,0
6202,1,Tall,0
6202,11,기본,0
6202,6,샷 추가 (+1),500
6203,5,ICE,0
6203,2,Grande,500
6203,6,샷 추가 (+1),500
6203,9,카라멜 시럽,300
6204,5,ICE,0
6204,2,Grande,500
6204,13,더 달게,0
6204,7,바닐라 시럽,300
6205,4,HOT,0
6205,1,Tall,0
6206,4,HOT,0
6206,3,Venti,1000
6206,6,샷 추가 (+1),500
6206,7,바닐라 시럽,300
6207,4,HOT,0
6207,2,Grande,500
6207,12,덜 달게,0
6207,7,바닐라 시럽,300
6208,4,HOT,0
6208,3,Venti,1000
6209,5,ICE,0
6209,2,Grande,500
6209,11,기본,0
6209,6,샷 추가 (+1),500
6210,4,HOT,0
6210,1,Tall,0
6210,11,기본,0
6210,6,샷 추가 (+1),500
6211,4,HOT,0
6211,3,Venti,1000
6211,11,기본,0
6212,4,HOT,0
6212,3,Venti,1000
6212,13,더 달게,0
6213,5,ICE,0
6213,1,Tall,0
6213,11,기본,0
6213,10,휘핑크림 추가,500
6214,4,HOT,0
6214,1,Tall,0
6214,11,기본,0
6214,9,카라멜 시럽,300
6215,4,HOT,0
6215,1,Tall,0
6215,11,기본,0
6216,4,HOT,0
6216,3,Venti,1000
6216,11,기본,0
6217,4,HOT,0
6217,2,Grande,500
6217,6,샷 추가 (+1),500
6217,9,카라멜 시럽,300
6218,4,HOT,0
6218,1,Tall,0
6218,6,샷 추가 (+1),500
6219,4,HOT,0
6219,2,Grande,500
6219,6,샷 추가 (+1),500
6220,4,HOT,0
6220,1,Tall,0
6221,5,ICE,0
6221,2,Grande,500
6221,13,더 달게,0
6221,6,샷 추가 (+1),500
6222,5,ICE,0
6222,3,Venti,1000
6222,8,헤이즐넛 시럽,300
6223,4,HOT,0
6223,2,Grande,500
6223,6,샷 추가 (+1),500
6223,8,헤이즐넛 시럽,300
6224,5,ICE,0
6224,2,Grande,500
6225,5,ICE,0
6225,2,Grande,500
6225,11,기본,0
6225,6,샷 추가 (+1),500
6225,9,카라멜 시럽,300
6226,5,ICE,0
6226,3,Venti,1000
6226,11,기본,0
6226,6,샷 추가 (+1),500
6227,4,HOT,0
6227,3,Venti,1000
6227,11,기본,0
6227,6,샷 추가 (+1),500
6228,4,HOT,0
6228,1,Tall,0
6229,4,HOT,0
6229,3,Venti,1000
6229,12,덜 달게,0
6230,5,ICE,0
6230,1,Tall,0
6230,6,샷 추가 (+1),500
6230,10,휘핑크림 추가,500
6231,4,HOT,0
6231,3,Venti,1000
6231,12,덜 달게,0
6232,4,HOT,0
6232,2,Grande,500
6232,11,기본,0
6233,4,HOT,0
6233,1,Tall,0
6234,4,HOT,0
6234,1,Tall,0
6234,12,덜 달게,0
6235,4,HOT,0
6235,1,Tall,0
6235,11,기본,0
6236,4,HOT,0
6236,1,Tall,0
6236,6,샷 추가 (+1),500
6236,9,카라멜 시럽,300
6236,10,휘핑크림 추가,500
6237,4,HOT,0
6237,1,Tall,0
6237,12,덜 달게,0
6238,4,HOT,0
6238,2,Grande,500
6239,5,ICE,0
6239,3,Venti,1000
6239,12,덜 달게,0
6240,5,ICE,0
6240,2,Grande,500
6240,13,더 달게,0
6240,6,샷 추가 (+1),500
6241,5,ICE,0
6241,3,Venti,1000
6241,13,더 달게,0
6241,6,샷 추가 (+1),500
6242,4,HOT,0
6242,2,Grande,500
6243,4,HOT,0
6243,2,Grande,500
6243,11,기본,0
6243,6,샷 추가 (+1),500
6243,10,휘핑크림 추가,500
6244,5,ICE,0
6244,3,Venti,1000
6245,4,HOT,0
6245,1,Tall,0
6246,4,HOT,0
6246,1,Tall,0
6246,11,기본,0
6246,6,샷 추가 (+1),500
6247,4,HOT,0
6247,1,Tall,0
6247,11,기본,0
6248,5,ICE,0
6248,2,Grande,500
6249,4,HOT,0
6249,1,Tall,0
6249,6,샷 추가 (+1),500
6250,4,HOT,0
6250,2,Grande,500
6250,12,덜 달게,0
6250,6,샷 추가 (+1),500
6251,5,ICE,0
6251,2,Grande,500
6252,4,HOT,0
6252,2,Grande,500
6253,4,HOT,0
6253,3,Venti,1000
6254,5,ICE,0
6254,2,Grande,500
6254,9,카라멜 시럽,300
6255,5,ICE,0
6255,1,Tall,0
6255,13,더 달게,0
6256,4,HOT,0
6256,2,Grande,500
6256,12,덜 달게,0
6257,4,HOT,0
6257,1,Tall,0
6257,12,덜 달게,0
6257,6,샷 추가 (+1),500
6258,4,HOT,0
6258,3,Venti,1000
6258,11,기본,0
6258,9,카라멜 시럽,300
6259,5,ICE,0
6259,1,Tall,0
6259,12,덜 달게,0
6260,5,ICE,0
6260,2,Grande,500
6260,10,휘핑크림 추가,500
6261,4,HOT,0
6261,3,Venti,1000
6261,6,샷 추가 (+1),500
6262,5,ICE,0
6262,1,Tall,0
6262,6,샷 추가 (+1),500
6263,4,HOT,0
6263,2,Grande,500
6263,11,기본,0
6264,4,HOT,0
6264,3,Venti,1000
6265,5,ICE,0
6265,3,Venti,1000
6266,5,ICE,0
6266,3,Venti,1000
6266,13,더 달게,0
6266,9,카라멜 시럽,300
6267,5,ICE,0
6267,3,Venti,1000
6267,6,샷 추가 (+1),500
6268,4,HOT,0
6268,1,Tall,0
6268,11,기본,0
6269,4,HOT,0
6269,2,Grande,500
6269,13,더 달게,0
6270,5,ICE,0
6270,2,Grande,500
6271,4,HOT,0
6271,1,Tall,0
6272,5,ICE,0
6272,2,Grande,500
6272,6,샷 추가 (+1),500
6273,4,HOT,0
6273,2,Grande,500
6273,13,더 달게,0
6274,4,HOT,0
6274,2,Grande,500
6274,11,기본,0
6275,5,ICE,0
6275,3,Venti,1000
6275,13,더 달게,0
6275,9,카라멜 시럽,300
6276,5,ICE,0
6276,1,Tall,0
6276,11,기본,0
6276,8,헤이즐넛 시럽,300
6277,4,HOT,0
6277,2,Grande,500
6277,13,더 달게,0
6278,4,HOT,0
6278,2,Grande,500
6278,11,기본,0
6278,6,샷 추가 (+1),500
6278,9,카라멜 시럽,300
6279,4,HOT,0
6279,1,Tall,0
6279,6,샷 추가 (+1),500
6280,5,ICE,0
6280,2,Grande,500
6280,6,샷 추가 (+1),500
6280,8,헤이즐넛 시럽,300
6281,4,HOT,0
6281,2,Grande,500
6281,12,덜 달게,0
6282,4,HOT,0
6282,1,Tall,0
6282,11,기본,0
6282,6,샷 추가 (+1),500
6283,4,HOT,0
6283,1,Tall,0
6283,13,더 달게,0
6284,4,HOT,0
6284,2,Grande,500
6284,6,샷 추가 (+1),500
6285,5,ICE,0
6285,1,Tall,0
6286,4,HOT,0
6286,1,Tall,0
6286,11,기본,0
6286,6,샷 추가 (+1),500
6287,4,HOT,0
6287,1,Tall,0
6287,12,덜 달게,0
6288,5,ICE,0
6288,1,Tall,0
6288,6,샷 추가 (+1),500
6289,4,HOT,0
6289,1,Tall,0
6289,13,더 달게,0
6289,6,샷 추가 (+1),500
6289,10,휘핑크림 추가,500
6290,5,ICE,0
6290,1,Tall,0
6290,13,더 달게,0
6290,8,헤이즐넛 시럽,300
6291,4,HOT,0
6291,2,Grande,500
6291,11,기본,0
6291,6,샷 추가 (+1),500
6292,5,ICE,0
6292,2,Grande,500
6293,4,HOT,0
6293,2,Grande,500
6293,13,더 달게,0
6294,4,HOT,0
6294,3,Venti,1000
6295,5,ICE,0
6295,1,Tall,0
6295,13,더 달게,0
6295,8,헤이즐넛 시럽,300
6296,5,ICE,0
6296,3,Venti,1000
6296,12,덜 달게,0
6297,4,HOT,0
6297,2,Grande,500
6297,12,덜 달게,0
6298,4,HOT,0
6298,2,Grande,500
6298,12,덜 달게,0
6298,6,샷 추가 (+1),500
6299,4,HOT,0
6299,1,Tall,0
6300,5,ICE,0
6300,3,Venti,1000
6300,11,기본,0
6301,4,HOT,0
6301,3,Venti,1000
6302,4,HOT,0
6302,2,Grande,500
6302,13,더 달게,0
6303,4,HOT,0
6303,2,Grande,500
6303,11,기본,0
6304,5,ICE,0
6304,2,Grande,500
6304,6,샷 추가 (+1),500
6305,5,ICE,0
6305,1,Tall,0
6305,12,덜 달게,0
6305,6,샷 추가 (+1),500
6306,5,ICE,0
6306,1,Tall,0
6306,12,덜 달게,0
6307,5,ICE,0
6307,2,Grande,500
6307,13,더 달게,0
6307,6,샷 추가 (+1),500
6308,5,ICE,0
6308,2,Grande,500
6309,5,ICE,0
6309,3,Venti,1000
6310,5,ICE,0
6310,3,Venti,1000
6310,11,기본,0
6310,6,샷 추가 (+1),500
6310,7,바닐라 시럽,300
6311,5,ICE,0
6311,2,Grande,500
6311,12,덜 달게,0
6312,4,HOT,0
6312,2,Grande,500
6312,10,휘핑크림 추가,500
6313,5,ICE,0
6313,2,Grande,500
6313,11,기본,0
6314,4,HOT,0
6314,1,Tall,0
6315,4,HOT,0
6315,3,Venti,1000
6315,12,덜 달게,0
6315,6,샷 추가 (+1),500
6316,5,ICE,0
6316,1,Tall,0
6316,6,샷 추가 (+1),500
6317,4,HOT,0
6317,1,Tall,0
6317,13,더 달게,0
6318,5,ICE,0
6318,3,Venti,1000
6318,11,기본,0
6319,4,HOT,0
6319,1,Tall,0
6319,6,샷 추가 (+1),500
6319,9,카라멜 시럽,300
6320,5,ICE,0
6320,2,Grande,500
6321,5,ICE,0
6321,1,Tall,0
6321,10,휘핑크림 추가,500
6322,4,HOT,0
6322,2,Grande,500
6323,5,ICE,0
6323,1,Tall,0
6323,10,휘핑크림 추가,500
6324,5,ICE,0
6324,2,Grande,500
6325,5,ICE,0
6325,1,Tall,0
6325,11,기본,0
6325,6,샷 추가 (+1),500
6326,4,HOT,0
6326,2,Grande,500
6326,11,기본,0
6327,5,ICE,0
6327,2,Grande,500
6327,13,더 달게,0
6327,10,휘핑크림 추가,500
6328,4,HOT,0
6328,1,Tall,0
6328,11,기본,0
6329,4,HOT,0
6329,2,Grande,500
6329,6,샷 추가 (+1),500
6330,4,HOT,0
6330,2,Grande,500
6330,8,헤이즐넛 시럽,300
6331,4,HOT,0
6331,1,Tall,0
6331,7,바닐라 시럽,300
6332,4,HOT,0
6332,2,Grande,500
6332,11,기본,0
6333,4,HOT,0
6333,1,Tall,0
6334,4,HOT,0
6334,3,Venti,1000
6334,13,더 달게,0
6335,4,HOT,0
6335,1,Tall,0
6335,6,샷 추가 (+1),500
6335,7,바닐라 시럽,300
6336,4,HOT,0
6336,2,Grande,500
6336,13,더 달게,0
6336,10,휘핑크림 추가,500
6337,4,HOT,0
6337,1,Tall,0
6337,11,기본,0
6338,4,HOT,0
6338,3,Venti,1000
6338,6,샷 추가 (+1),500
6339,5,ICE,0
6339,1,Tall,0
6339,11,기본,0
6339,10,휘핑크림 추가,500
6340,5,ICE,0
6340,3,Venti,1000
6340,9,카라멜 시럽,300
6341,4,HOT,0
6341,2,Grande,500
6341,7,바닐라 시럽,300
6342,5,ICE,0
6342,2,Grande,500
6342,9,카라멜 시럽,300
6343,5,ICE,0
6343,2,Grande,500
6343,13,더 달게,0
6344,4,HOT,0
6344,2,Grande,500
6344,13,더 달게,0
6344,8,헤이즐넛 시럽,300
6345,4,HOT,0
6345,2,Grande,500
6346,4,HOT,0
6346,1,Tall,0
6346,12,덜 달게,0
6347,4,HOT,0
6347,1,Tall,0
6347,11,기본,0
6347,6,샷 추가 (+1),500
6348,4,HOT,0
6348,2,Grande,500
6348,13,더 달게,0
6349,4,HOT,0
6349,3,Venti,1000
6349,12,덜 달게,0
6350,4,HOT,0
6350,1,Tall,0
6350,13,더 달게,0
6350,10,휘핑크림 추가,500
6351,5,ICE,0
6351,3,Venti,1000
6351,6,샷 추가 (+1),500
6352,5,ICE,0
6352,2,Grande,500
6352,6,샷 추가 (+1),500
6353,5,ICE,0
6353,2,Grande,500
6353,13,더 달게,0
6353,6,샷 추가 (+1),500
6354,5,ICE,0
6354,1,Tall,0
6355,4,HOT,0
6355,2,Grande,500
6355,12,덜 달게,0
6356,4,HOT,0
6356,1,Tall,0
6356,11,기본,0
6357,5,ICE,0
6357,1,Tall,0
6358,4,HOT,0
6358,2,Grande,500
6358,6,샷 추가 (+1),500
6359,5,ICE,0
6359,1,Tall,0
6359,6,샷 추가 (+1),500
6360,4,HOT,0
6360,1,Tall,0
6360,6,샷 추가 (+1),500
6361,4,HOT,0
6361,1,Tall,0
6361,12,덜 달게,0
6362,4,HOT,0
6362,1,Tall,0
6362,11,기본,0
6363,4,HOT,0
6363,1,Tall,0
6363,11,기본,0
6364,5,ICE,0
6364,1,Tall,0
6364,13,더 달게,0
6365,4,HOT,0
6365,1,Tall,0
6365,6,샷 추가 (+1),500
6365,8,헤이즐넛 시럽,300
6366,5,ICE,0
6366,1,Tall,0
6366,8,헤이즐넛 시럽,300
6367,4,HOT,0
6367,1,Tall,0
6367,11,기본,0
6367,6,샷 추가 (+1),500
6367,8,헤이즐넛 시럽,300
6368,4,HOT,0
6368,2,Grande,500
6369,4,HOT,0
6369,2,Grande,500
6369,11,기본,0
6369,9,카라멜 시럽,300
6370,5,ICE,0
6370,2,Grande,500
6370,11,기본,0
6371,5,ICE,0
6371,1,Tall,0
6371,6,샷 추가 (+1),500
6372,4,HOT,0
6372,1,Tall,0
6372,12,덜 달게,0
6372,7,바닐라 시럽,300
6373,4,HOT,0
6373,1,Tall,0
6373,6,샷 추가 (+1),500
6373,7,바닐라 시럽,300
6373,10,휘핑크림 추가,500
6374,4,HOT,0
6374,1,Tall,0
6374,11,기본,0
6375,4,HOT,0
6375,1,Tall,0
6375,11,기본,0
6376,4,HOT,0
6376,3,Venti,1000
6376,12,덜 달게,0
6376,6,샷 추가 (+1),500
6376,10,휘핑크림 추가,500
6377,4,HOT,0
6377,3,Venti,1000
6377,7,바닐라 시럽,300
6378,5,ICE,0
6378,2,Grande,500
6378,12,덜 달게,0
6379,4,HOT,0
6379,3,Venti,1000
6379,11,기본,0
6380,4,HOT,0
6380,2,Grande,500
6380,6,샷 추가 (+1),500
6380,10,휘핑크림 추가,500
6381,4,HOT,0
6381,1,Tall,0
6381,11,기본,0
6382,4,HOT,0
6382,2,Grande,500
6382,12,덜 달게,0
6383,4,HOT,0
6383,1,Tall,0
6383,13,더 달게,0
6384,5,ICE,0
6384,1,Tall,0
6384,11,기본,0
6385,4,HOT,0
6385,1,Tall,0
6385,11,기본,0
6385,6,샷 추가 (+1),500
6386,4,HOT,0
6386,2,Grande,500
6386,10,휘핑크림 추가,500
6387,5,ICE,0
6387,2,Grande,500
6387,11,기본,0
6388,5,ICE,0
6388,1,Tall,0
6389,4,HOT,0
6389,1,Tall,0
6389,11,기본,0
6389,6,샷 추가 (+1),500
6390,4,HOT,0
6390,1,Tall,0
6390,13,더 달게,0
6391,4,HOT,0
6391,2,Grande,500
6391,13,더 달게,0
6391,7,바닐라 시럽,300
6392,5,ICE,0
6392,3,Venti,1000
6392,13,더 달게,0
6392,7,바닐라 시럽,300
6393,5,ICE,0
6393,2,Grande,500
6393,11,기본,0
6394,4,HOT,0
6394,1,Tall,0
6395,5,ICE,0
6395,1,Tall,0
6395,11,기본,0
6395,6,샷 추가 (+1),500
6396,4,HOT,0
6396,1,Tall,0
6396,13,더 달게,0
6397,4,HOT,0
6397,1,Tall,0
6397,11,기본,0
6398,5,ICE,0
6398,3,Venti,1000
6399,4,HOT,0
6399,3,Venti,1000
6399,10,휘핑크림 추가,500
6400,4,HOT,0
6400,2,Grande,500
6401,5,ICE,0
6401,1,Tall,0
6402,5,ICE,0
6402,1,Tall,0
6403,4,HOT,0
6403,1,Tall,0
6403,13,더 달게,0
6404,4,HOT,0
6404,3,Venti,1000
6405,5,ICE,0
6405,2,Grande,500
6405,13,더 달게,0
6406,4,HOT,0
6406,2,Grande,500
6407,4,HOT,0
6407,2,Grande,500
6407,13,더 달게,0
6408,4,HOT,0
6408,2,Grande,500
6408,11,기본,0
6408,6,샷 추가 (+1),500
6409,4,HOT,0
6409,1,Tall,0
6409,12,덜 달게,0
6410,5,ICE,0
6410,1,Tall,0
6411,4,HOT,0
6411,2,Grande,500
6411,13,더 달게,0
6411,10,휘핑크림 추가,500
6412,4,HOT,0
6412,2,Grande,500
6412,8,헤이즐넛 시럽,300
6413,4,HOT,0
6413,2,Grande,500
6414,4,HOT,0
6414,1,Tall,0
6414,13,더 달게,0
6414,7,바닐라 시럽,300
6415,4,HOT,0
6415,1,Tall,0
6415,11,기본,0
6416,5,ICE,0
6416,1,Tall,0
6416,6,샷 추가 (+1),500
6417,4,HOT,0
6417,1,Tall,0
6418,4,HOT,0
6418,1,Tall,0
6419,5,ICE,0
6419,1,Tall,0
6419,11,기본,0
6419,9,카라멜 시럽,300
6419,10,휘핑크림 추가,500
6420,4,HOT,0
6420,1,Tall,0
6421,4,HOT,0
6421,2,Grande,500
6422,4,HOT,0
6422,1,Tall,0
6423,5,ICE,0
6423,1,Tall,0
6424,4,HOT,0
6424,2,Grande,500
6424,10,휘핑크림 추가,500
6425,4,HOT,0
6425,2,Grande,500
6426,4,HOT,0
6426,2,Grande,500
6427,4,HOT,0
6427,3,Venti,1000
6427,6,샷 추가 (+1),500
6427,8,헤이즐넛 시럽,300
6428,4,HOT,0
6428,2,Grande,500
6429,4,HOT,0
6429,3,Venti,1000
6430,4,HOT,0
6430,2,Grande,500
6430,9,카라멜 시럽,300
6431,4,HOT,0
6431,2,Grande,500
6431,6,샷 추가 (+1),500
6432,4,HOT,0
6432,3,Venti,1000
6433,4,HOT,0
6433,1,Tall,0
6433,12,덜 달게,0
6434,5,ICE,0
6434,1,Tall,0
6435,5,ICE,0
6435,2,Grande,500
6435,7,바닐라 시럽,300
6436,5,ICE,0
6436,2,Grande,500
6436,11,기본,0
6437,5,ICE,0
6437,3,Venti,1000
6437,11,기본,0
6437,6,샷 추가 (+1),500
6437,7,바닐라 시럽,300
6438,4,HOT,0
6438,1,Tall,0
6438,6,샷 추가 (+1),500
6438,10,휘핑크림 추가,500
6439,5,ICE,0
6439,1,Tall,0
6439,6,샷 추가 (+1),500
6440,4,HOT,0
6440,2,Grande,500
6440,13,더 달게,0
6441,4,HOT,0
6441,3,Venti,1000
6441,8,헤이즐넛 시럽,300
6442,4,HOT,0
6442,1,Tall,0
6443,4,HOT,0
6443,3,Venti,1000
6444,5,ICE,0
6444,1,Tall,0
6444,12,덜 달게,0
6445,5,ICE,0
6445,1,Tall,0
6445,11,기본,0
6446,5,ICE,0
6446,2,Grande,500
6446,11,기본,0
6446,6,샷 추가 (+1),500
6446,7,바닐라 시럽,300
6447,4,HOT,0
6447,3,Venti,1000
6447,6,샷 추가 (+1),500
6448,5,ICE,0
6448,1,Tall,0
6448,6,샷 추가 (+1),500
6449,4,HOT,0
6449,1,Tall,0
6450,4,HOT,0
6450,1,Tall,0
6450,12,덜 달게,0
6451,4,HOT,0
6451,3,Venti,1000
6451,13,더 달게,0
6451,9,카라멜 시럽,300
6452,5,ICE,0
6452,1,Tall,0
6452,11,기본,0
6453,5,ICE,0
6453,3,Venti,1000
6453,12,덜 달게,0
6454,5,ICE,0
6454,3,Venti,1000
6455,4,HOT,0
6455,1,Tall,0
6455,13,더 달게,0
6455,6,샷 추가 (+1),500
6455,9,카라멜 시럽,300
6456,4,HOT,0
6456,1,Tall,0
6456,10,휘핑크림 추가,500
6457,5,ICE,0
6457,1,Tall,0
6458,5,ICE,0
6458,2,Grande,500
6458,12,덜 달게,0
6458,6,샷 추가 (+1),500
6458,7,바닐라 시럽,300
6459,5,ICE,0
6459,1,Tall,0
6459,13,더 달게,0
6459,8,헤이즐넛 시럽,300
6460,4,HOT,0
6460,2,Grande,500
6461,5,ICE,0
6461,2,Grande,500
6461,6,샷 추가 (+1),500
6461,7,바닐라 시럽,300
6461,10,휘핑크림 추가,500
6462,5,ICE,0
6462,2,Grande,500
6463,4,HOT,0
6463,2,Grande,500
6463,13,더 달게,0
6463,6,샷 추가 (+1),500
6464,5,ICE,0
6464,1,Tall,0
6464,8,헤이즐넛 시럽,300
6465,4,HOT,0
6465,1,Tall,0
6465,13,더 달게,0
6466,4,HOT,0
6466,2,Grande,500
6467,5,ICE,0
6467,2,Grande,500
6467,11,기본,0
6467,8,헤이즐넛 시럽,300
6467,10,휘핑크림 추가,500
6468,4,HOT,0
6468,2,Grande,500
6469,5,ICE,0
6469,1,Tall,0
6470,4,HOT,0
6470,2,Grande,500
6470,13,더 달게,0
6470,6,샷 추가 (+1),500
6471,4,HOT,0
6471,3,Venti,1000
6471,6,샷 추가 (+1),500
6472,4,HOT,0
6472,1,Tall,0
6473,5,ICE,0
6473,2,Grande,500
6473,10,휘핑크림 추가,500
6474,5,ICE,0
6474,1,Tall,0
6475,5,ICE,0
6475,2,Grande,500
6475,12,덜 달게,0
6475,9,카라멜 시럽,300
6476,5,ICE,0
6476,1,Tall,0
6476,12,덜 달게,0
6477,4,HOT,0
6477,2,Grande,500
6477,11,기본,0
6478,4,HOT,0
6478,3,Venti,1000
6478,12,덜 달게,0
6479,4,HOT,0
6479,3,Venti,1000
6479,9,카라멜 시럽,300
6480,4,HOT,0
6480,2,Grande,500
6480,7,바닐라 시럽,300
6481,4,HOT,0
6481,2,Grande,500
6481,11,기본,0
6482,5,ICE,0
6482,2,Grande,500
6482,6,샷 추가 (+1),500
6483,4,HOT,0
6483,1,Tall,0
6484,5,ICE,0
6484,3,Venti,1000
6484,11,기본,0
6485,5,ICE,0
6485,2,Grande,500
6485,11,기본,0
6486,4,HOT,0
6486,3,Venti,1000
6486,13,더 달게,0
6487,4,HOT,0
6487,2,Grande,500
6487,6,샷 추가 (+1),500
6488,5,ICE,0
6488,2,Grande,500
6489,5,ICE,0
6489,3,Venti,1000
6489,10,휘핑크림 추가,500
6490,4,HOT,0
6490,2,Grande,500
6491,4,HOT,0
6491,2,Grande,500
6491,11,기본,0
6491,7,바닐라 시럽,300
6492,5,ICE,0
6492,2,Grande,500
6492,13,더 달게,0
6493,5,ICE,0
6493,2,Grande,500
6493,10,휘핑크림 추가,500
6494,5,ICE,0
6494,3,Venti,1000
6494,12,덜 달게,0
6495,4,HOT,0
6495,2,Grande,500
6495,13,더 달게,0
6496,4,HOT,0
6496,2,Grande,500
6496,6,샷 추가 (+1),500
6496,9,카라멜 시럽,300
6497,4,HOT,0
6497,1,Tall,0
6498,4,HOT,0
6498,3,Venti,1000
6499,5,ICE,0
6499,3,Venti,1000
6499,7,바닐라 시럽,300
6500,4,HOT,0
6500,2,Grande,500
6500,11,기본,0
6500,8,헤이즐넛 시럽,300
6501,4,HOT,0
6501,3,Venti,1000
6501,6,샷 추가 (+1),500
6502,5,ICE,0
6502,2,Grande,500
6502,8,헤이즐넛 시럽,300
6503,5,ICE,0
6503,2,Grande,500
6503,11,기본,0
6504,4,HOT,0
6504,1,Tall,0
6504,11,기본,0
6505,5,ICE,0
6505,1,Tall,0
6505,13,더 달게,0
6505,6,샷 추가 (+1),500
6506,4,HOT,0
6506,2,Grande,500
6507,4,HOT,0
6507,1,Tall,0
6507,6,샷 추가 (+1),500
6508,5,ICE,0
6508,3,Venti,1000
6508,11,기본,0
6509,4,HOT,0
6509,2,Grande,500
6510,4,HOT,0
6510,2,Grande,500
6510,12,덜 달게,0
6510,9,카라멜 시럽,300
6511,5,ICE,0
6511,2,Grande,500
6512,4,HOT,0
6512,1,Tall,0
6513,5,ICE,0
6513,1,Tall,0
6514,4,HOT,0
6514,1,Tall,0
6514,11,기본,0
6514,6,샷 추가 (+1),500
6515,4,HOT,0
6515,1,Tall,0
6515,6,샷 추가 (+1),500
6516,5,ICE,0
6516,2,Grande,500
6516,6,샷 추가 (+1),500
6516,9,카라멜 시럽,300
6517,4,HOT,0
6517,2,Grande,500
6517,9,카라멜 시럽,300
6517,10,휘핑크림 추가,500
6518,4,HOT,0
6518,3,Venti,1000
6518,13,더 달게,0
6519,4,HOT,0
6519,3,Venti,1000
6520,4,HOT,0
6520,1,Tall,0
6520,11,기본,0
6521,4,HOT,0
6521,1,Tall,0
6522,4,HOT,0
6522,2,Grande,500
6522,12,덜 달게,0
6523,4,HOT,0
6523,3,Venti,1000
6523,11,기본,0
6524,4,HOT,0
6524,2,Grande,500
6524,13,더 달게,0
6524,6,샷 추가 (+1),500
6524,8,헤이즐넛 시럽,300
6525,4,HOT,0
6525,2,Grande,500
6525,11,기본,0
6526,5,ICE,0
6526,2,Grande,500
6526,12,덜 달게,0
6526,8,헤이즐넛 시럽,300
6527,4,HOT,0
6527,3,Venti,1000
6527,8,헤이즐넛 시럽,300
6528,4,HOT,0
6528,3,Venti,1000
6528,7,바닐라 시럽,300
6529,4,HOT,0
6529,2,Grande,500
6530,4,HOT,0
6530,1,Tall,0
6530,6,샷 추가 (+1),500
6530,9,카라멜 시럽,300
6531,4,HOT,0
6531,3,Venti,1000
6531,11,기본,0
6532,4,HOT,0
6532,2,Grande,500
6532,13,더 달게,0
6533,4,HOT,0
6533,1,Tall,0
6533,12,덜 달게,0
6534,4,HOT,0
6534,1,Tall,0
6534,13,더 달게,0
6535,4,HOT,0
6535,2,Grande,500
6535,11,기본,0
6536,5,ICE,0
6536,1,Tall,0
6537,4,HOT,0
6537,1,Tall,0
6538,4,HOT,0
6538,2,Grande,500
6539,4,HOT,0
6539,1,Tall,0
6539,11,기본,0
6539,6,샷 추가 (+1),500
6540,4,HOT,0
6540,2,Grande,500
6540,6,샷 추가 (+1),500
6541,4,HOT,0
6541,2,Grande,500
6542,5,ICE,0
6542,1,Tall,0
6542,13,더 달게,0
6542,8,헤이즐넛 시럽,300
6542,10,휘핑크림 추가,500
6543,5,ICE,0
6543,1,Tall,0
6543,11,기본,0
6544,4,HOT,0
6544,2,Grande,500
6544,6,샷 추가 (+1),500
6545,4,HOT,0
6545,2,Grande,500
6546,4,HOT,0
6546,3,Venti,1000
6546,10,휘핑크림 추가,500
6547,4,HOT,0
6547,3,Venti,1000
6547,11,기본,0
6548,4,HOT,0
6548,2,Grande,500
6548,6,샷 추가 (+1),500
6549,4,HOT,0
6549,1,Tall,0
6549,6,샷 추가 (+1),500
6550,4,HOT,0
6550,1,Tall,0
6550,10,휘핑크림 추가,500
6551,4,HOT,0
6551,3,Venti,1000
6551,11,기본,0
6551,6,샷 추가 (+1),500
6551,7,바닐라 시럽,300
6552,4,HOT,0
6552,1,Tall,0
6552,11,기본,0
6553,5,ICE,0
6553,1,Tall,0
6553,11,기본,0
6554,4,HOT,0
6554,1,Tall,0
6554,11,기본,0
6554,6,샷 추가 (+1),500
6554,10,휘핑크림 추가,500
6555,5,ICE,0
6555,2,Grande,500
6556,5,ICE,0
6556,3,Venti,1000
6556,11,기본,0
6557,5,ICE,0
6557,1,Tall,0
6557,6,샷 추가 (+1),500
6558,4,HOT,0
6558,1,Tall,0
6558,6,샷 추가 (+1),500
6558,8,헤이즐넛 시럽,300
6559,4,HOT,0
6559,1,Tall,0
6559,7,바닐라 시럽,300
6560,4,HOT,0
6560,2,Grande,500
6560,13,더 달게,0
6560,10,휘핑크림 추가,500
6561,5,ICE,0
6561,1,Tall,0
6561,12,덜 달게,0
6562,4,HOT,0
6562,3,Venti,1000
6563,4,HOT,0
6563,2,Grande,500
6564,4,HOT,0
6564,2,Grande,500
6565,4,HOT,0
6565,1,Tall,0
6565,12,덜 달게,0
6566,4,HOT,0
6566,3,Venti,1000
6566,13,더 달게,0
6566,10,휘핑크림 추가,500
6567,4,HOT,0
6567,2,Grande,500
6567,7,바닐라 시럽,300
6568,5,ICE,0
6568,1,Tall,0
6569,4,HOT,0
6569,2,Grande,500
6570,5,ICE,0
6570,2,Grande,500
6571,5,ICE,0
6571,1,Tall,0
6571,6,샷 추가 (+1),500
6572,5,ICE,0
6572,3,Venti,1000
6572,12,덜 달게,0
6572,9,카라멜 시럽,300
6573,4,HOT,0
6573,2,Grande,500
6573,13,더 달게,0
6573,7,바닐라 시럽,300
6574,4,HOT,0
6574,1,Tall,0
6575,5,ICE,0
6575,1,Tall,0
6575,11,기본,0
6576,5,ICE,0
6576,2,Grande,500
6576,13,더 달게,0
6576,10,휘핑크림 추가,500
6577,4,HOT,0
6577,1,Tall,0
6577,12,덜 달게,0
6578,4,HOT,0
6578,2,Grande,500
6578,11,기본,0
6578,6,샷 추가 (+1),500
6579,5,ICE,0
6579,2,Grande,500
6580,4,HOT,0
6580,3,Venti,1000
6580,11,기본,0
6580,6,샷 추가 (+1),500
6581,5,ICE,0
6581,1,Tall,0
6581,13,더 달게,0
6582,4,HOT,0
6582,1,Tall,0
6582,11,기본,0
6583,5,ICE,0
6583,3,Venti,1000
6584,5,ICE,0
6584,2,Grande,500
6584,12,덜 달게,0
6585,5,ICE,0
6585,2,Grande,500
6585,11,기본,0
6586,4,HOT,0
6586,3,Venti,1000
6586,12,덜 달게,0
6586,6,샷 추가 (+1),500
6587,4,HOT,0
6587,2,Grande,500
6587,8,헤이즐넛 시럽,300
6588,4,HOT,0
6588,1,Tall,0
6588,7,바닐라 시럽,300
6589,4,HOT,0
6589,1,Tall,0
6589,11,기본,0
6590,4,HOT,0
6590,3,Venti,1000
6590,12,덜 달게,0
6590,6,샷 추가 (+1),500
6591,4,HOT,0
6591,1,Tall,0
6592,5,ICE,0
6592,2,Grande,500
6592,12,덜 달게,0
6592,8,헤이즐넛 시럽,300
6593,4,HOT,0
6593,2,Grande,500
6594,5,ICE,0
6594,2,Grande,500
6594,12,덜 달게,0
6595,5,ICE,0
6595,2,Grande,500
6595,11,기본,0
6595,6,샷 추가 (+1),500
6596,5,ICE,0
6596,2,Grande,500
6596,11,기본,0
6597,4,HOT,0
6597,3,Venti,1000
6597,11,기본,0
6598,5,ICE,0
6598,1,Tall,0
6598,13,더 달게,0
6598,6,샷 추가 (+1),500
6599,4,HOT,0
6599,1,Tall,0
6599,12,덜 달게,0
6599,8,헤이즐넛 시럽,300
6600,4,HOT,0
6600,1,Tall,0
6600,9,카라멜 시럽,300
6601,4,HOT,0
6601,1,Tall,0
6601,12,덜 달게,0
6601,6,샷 추가 (+1),500
6602,4,HOT,0
6602,1,Tall,0
6603,4,HOT,0
6603,2,Grande,500
6603,11,기본,0
6603,6,샷 추가 (+1),500
6603,9,카라멜 시럽,300
6604,5,ICE,0
6604,2,Grande,500
6604,7,바닐라 시럽,300
6605,5,ICE,0
6605,3,Venti,1000
6605,11,기본,0
6606,5,ICE,0
6606,3,Venti,1000
6607,4,HOT,0
6607,1,Tall,0
6607,11,기본,0
6608,5,ICE,0
6608,1,Tall,0
6609,5,ICE,0
6609,1,Tall,0
6609,6,샷 추가 (+1),500
6609,7,바닐라 시럽,300
6610,4,HOT,0
6610,3,Venti,1000
6610,6,샷 추가 (+1),500
6610,10,휘핑크림 추가,500
6611,4,HOT,0
6611,3,Venti,1000
6612,5,ICE,0
6612,3,Venti,1000
6613,5,ICE,0
6613,1,Tall,0
6613,11,기본,0
6614,4,HOT,0
6614,3,Venti,1000
6614,11,기본,0
6615,4,HOT,0
6615,1,Tall,0
6615,11,기본,0
6615,9,카라멜 시럽,300
6616,4,HOT,0
6616,1,Tall,0
6616,11,기본,0
6616,6,샷 추가 (+1),500
6617,4,HOT,0
6617,2,Grande,500
6617,11,기본,0
6617,9,카라멜 시럽,300
6618,4,HOT,0
6618,2,Grande,500
6619,4,HOT,0
6619,2,Grande,500
6619,9,카라멜 시럽,300
6620,5,ICE,0
6620,3,Venti,1000
6620,11,기본,0
6620,8,헤이즐넛 시럽,300
6621,5,ICE,0
6621,2,Grande,500
6621,11,기본,0
6622,4,HOT,0
6622,2,Grande,500
6622,12,덜 달게,0
6623,4,HOT,0
6623,1,Tall,0
6623,12,덜 달게,0
6624,4,HOT,0
6624,1,Tall,0
6624,7,바닐라 시럽,300
6625,4,HOT,0
6625,1,Tall,0
6625,11,기본,0
6625,6,샷 추가 (+1),500
6625,8,헤이즐넛 시럽,300
6626,4,HOT,0
6626,1,Tall,0
6626,11,기본,0
6626,8,헤이즐넛 시럽,300
6627,5,ICE,0
6627,1,Tall,0
6627,11,기본,0
6628,4,HOT,0
6628,1,Tall,0
6628,13,더 달게,0
6629,4,HOT,0
6629,2,Grande,500
6630,4,HOT,0
6630,3,Venti,1000
6630,12,덜 달게,0
6630,6,샷 추가 (+1),500
6631,4,HOT,0
6631,2,Grande,500
6631,13,더 달게,0
6631,6,샷 추가 (+1),500
6631,9,카라멜 시럽,300
6632,4,HOT,0
6632,1,Tall,0
6632,13,더 달게,0
6632,6,샷 추가 (+1),500
6633,4,HOT,0
6633,2,Grande,500
6633,8,헤이즐넛 시럽,300
6634,5,ICE,0
6634,1,Tall,0
6634,13,더 달게,0
6635,4,HOT,0
6635,3,Venti,1000
6635,13,더 달게,0
6635,10,휘핑크림 추가,500
6636,4,HOT,0
6636,1,Tall,0
6636,13,더 달게,0
6637,4,HOT,0
6637,3,Venti,1000
6637,11,기본,0
6638,4,HOT,0
6638,1,Tall,0
6638,13,더 달게,0
6639,5,ICE,0
6639,1,Tall,0
6639,11,기본,0
6640,4,HOT,0
6640,1,Tall,0
6641,5,ICE,0
6641,1,Tall,0
6641,12,덜 달게,0
6641,6,샷 추가 (+1),500
6642,4,HOT,0
6642,2,Grande,500
6642,13,더 달게,0
6643,4,HOT,0
6643,2,Grande,500
6643,11,기본,0
6644,4,HOT,0
6644,3,Venti,1000
6644,11,기본,0
6644,6,샷 추가 (+1),500
6645,5,ICE,0
6645,3,Venti,1000
6646,5,ICE,0
6646,1,Tall,0
6646,12,덜 달게,0
6647,5,ICE,0
6647,2,Grande,500
6648,4,HOT,0
6648,3,Venti,1000
6648,11,기본,0
6648,8,헤이즐넛 시럽,300
6649,4,HOT,0
6649,1,Tall,0
6649,6,샷 추가 (+1),500
6650,5,ICE,0
6650,3,Venti,1000
6650,11,기본,0
6650,7,바닐라 시럽,300
6651,4,HOT,0
6651,2,Grande,500
6651,12,덜 달게,0
6652,4,HOT,0
6652,2,Grande,500
6652,6,샷 추가 (+1),500
6653,5,ICE,0
6653,2,Grande,500
6654,4,HOT,0
6654,2,Grande,500
6654,11,기본,0
6655,5,ICE,0
6655,2,Grande,500
6655,13,더 달게,0
6655,6,샷 추가 (+1),500
6656,5,ICE,0
6656,2,Grande,500
6656,13,더 달게,0
6657,5,ICE,0
6657,3,Venti,1000
6657,12,덜 달게,0
6657,9,카라멜 시럽,300
6658,5,ICE,0
6658,1,Tall,0
6658,11,기본,0
6658,7,바닐라 시럽,300
6659,5,ICE,0
6659,1,Tall,0
6660,4,HOT,0
6660,3,Venti,1000
6661,5,ICE,0
6661,2,Grande,500
6661,7,바닐라 시럽,300
6662,4,HOT,0
6662,1,Tall,0
6662,8,헤이즐넛 시럽,300
6663,5,ICE,0
6663,1,Tall,0
6663,13,더 달게,0
6664,4,HOT,0
6664,2,Grande,500
6664,10,휘핑크림 추가,500
6665,4,HOT,0
6665,3,Venti,1000
6665,11,기본,0
6666,4,HOT,0
6666,2,Grande,500
6666,11,기본,0
6666,6,샷 추가 (+1),500
6667,5,ICE,0
6667,1,Tall,0
6667,13,더 달게,0
6667,10,휘핑크림 추가,500
6668,5,ICE,0
6668,3,Venti,1000
6669,5,ICE,0
6669,3,Venti,1000
6669,10,휘핑크림 추가,500
6670,5,ICE,0
6670,2,Grande,500
6670,11,기본,0
6671,4,HOT,0
6671,1,Tall,0
6671,12,덜 달게,0
6671,6,샷 추가 (+1),500
6672,4,HOT,0
6672,1,Tall,0
6672,13,더 달게,0
6673,5,ICE,0
6673,1,Tall,0
6673,13,더 달게,0
6673,7,바닐라 시럽,300
6674,4,HOT,0
6674,2,Grande,500
6675,4,HOT,0
6675,2,Grande,500
6676,4,HOT,0
6676,3,Venti,1000
6676,13,더 달게,0
6677,5,ICE,0
6677,2,Grande,500
6677,11,기본,0
6677,9,카라멜 시럽,300
6678,5,ICE,0
6678,2,Grande,500
6679,4,HOT,0
6679,2,Grande,500
6679,13,더 달게,0
6679,6,샷 추가 (+1),500
6679,10,휘핑크림 추가,500
6680,4,HOT,0
6680,1,Tall,0
6680,12,덜 달게,0
6681,5,ICE,0
6681,2,Grande,500
6681,12,덜 달게,0
6681,6,샷 추가 (+1),500
6682,5,ICE,0
6682,1,Tall,0
6682,12,덜 달게,0
6682,6,샷 추가 (+1),500
6682,9,카라멜 시럽,300
6683,5,ICE,0
6683,1,Tall,0
6683,11,기본,0
6683,6,샷 추가 (+1),500
6684,5,ICE,0
6684,1,Tall,0
6684,11,기본,0
6685,4,HOT,0
6685,3,Venti,1000
6685,13,더 달게,0
6685,9,카라멜 시럽,300
6686,5,ICE,0
6686,1,Tall,0
6686,12,덜 달게,0
6686,7,바닐라 시럽,300
6687,4,HOT,0
6687,3,Venti,1000
6688,4,HOT,0
6688,2,Grande,500
6688,11,기본,0
6688,6,샷 추가 (+1),500
6688,8,헤이즐넛 시럽,300
6689,5,ICE,0
6689,1,Tall,0
6690,4,HOT,0
6690,1,Tall,0
6690,13,더 달게,0
6691,4,HOT,0
6691,1,Tall,0
6691,11,기본,0
6692,4,HOT,0
6692,1,Tall,0
6692,12,덜 달게,0
6692,8,헤이즐넛 시럽,300
6692,10,휘핑크림 추가,500
6693,4,HOT,0
6693,1,Tall,0
6693,12,덜 달게,0
6693,6,샷 추가 (+1),500
6693,10,휘핑크림 추가,500
6694,4,HOT,0
6694,2,Grande,500
6694,11,기본,0
6694,6,샷 추가 (+1),500
6694,10,휘핑크림 추가,500
6695,5,ICE,0
6695,2,Grande,500
6695,11,기본,0
6695,10,휘핑크림 추가,500
6696,5,ICE,0
6696,2,Grande,500
6697,5,ICE,0
6697,3,Venti,1000
6697,11,기본,0
6698,4,HOT,0
6698,2,Grande,500
6698,12,덜 달게,0
6699,4,HOT,0
6699,2,Grande,500
6700,4,HOT,0
6700,2,Grande,500
6701,5,ICE,0
6701,3,Venti,1000
6702,5,ICE,0
6702,1,Tall,0
6702,11,기본,0
6703,5,ICE,0
6703,2,Grande,500
6703,12,덜 달게,0
6703,6,샷 추가 (+1),500
6704,5,ICE,0
6704,3,Venti,1000
6705,4,HOT,0
6705,3,Venti,1000
6705,12,덜 달게,0
6705,6,샷 추가 (+1),500
6706,4,HOT,0
6706,1,Tall,0
6706,7,바닐라 시럽,300
6707,4,HOT,0
6707,1,Tall,0
6708,4,HOT,0
6708,3,Venti,1000
6708,13,더 달게,0
6708,6,샷 추가 (+1),500
6708,10,휘핑크림 추가,500
6709,4,HOT,0
6709,2,Grande,500
6709,13,더 달게,0
6709,6,샷 추가 (+1),500
6709,10,휘핑크림 추가,500
6710,5,ICE,0
6710,1,Tall,0
6710,13,더 달게,0
6711,4,HOT,0
6711,2,Grande,500
6711,13,더 달게,0
6711,6,샷 추가 (+1),500
6712,4,HOT,0
6712,1,Tall,0
6712,8,헤이즐넛 시럽,300
6713,4,HOT,0
6713,1,Tall,0
6713,12,덜 달게,0
6714,4,HOT,0
6714,2,Grande,500
6715,5,ICE,0
6715,3,Venti,1000
6716,5,ICE,0
6716,1,Tall,0
6716,13,더 달게,0
6717,4,HOT,0
6717,2,Grande,500
6717,12,덜 달게,0
6718,5,ICE,0
6718,1,Tall,0
6718,12,덜 달게,0
6718,6,샷 추가 (+1),500
6718,8,헤이즐넛 시럽,300
6719,4,HOT,0
6719,1,Tall,0
6719,11,기본,0
6719,8,헤이즐넛 시럽,300
6720,4,HOT,0
6720,2,Grande,500
6720,13,더 달게,0
6721,5,ICE,0
6721,3,Venti,1000
6722,4,HOT,0
6722,1,Tall,0
6723,5,ICE,0
6723,1,Tall,0
6723,11,기본,0
6724,5,ICE,0
6724,1,Tall,0
6724,11,기본,0
6725,5,ICE,0
6725,2,Grande,500
6726,4,HOT,0
6726,1,Tall,0
6727,4,HOT,0
6727,3,Venti,1000
6727,12,덜 달게,0
6728,4,HOT,0
6728,1,Tall,0
6728,11,기본,0
6729,4,HOT,0
6729,1,Tall,0
6729,11,기본,0
6730,5,ICE,0
6730,2,Grande,500
6730,12,덜 달게,0
6731,4,HOT,0
6731,2,Grande,500
6732,5,ICE,0
6732,1,Tall,0
6732,6,샷 추가 (+1),500
6733,4,HOT,0
6733,3,Venti,1000
6733,6,샷 추가 (+1),500
6734,4,HOT,0
6734,2,Grande,500
6734,11,기본,0
6735,4,HOT,0
6735,3,Venti,1000
6735,12,덜 달게,0
6736,5,ICE,0
6736,3,Venti,1000
6737,4,HOT,0
6737,1,Tall,0
6737,12,덜 달게,0
6738,4,HOT,0
6738,1,Tall,0
6738,11,기본,0
6739,5,ICE,0
6739,1,Tall,0
6740,4,HOT,0
6740,2,Grande,500
6741,5,ICE,0
6741,2,Grande,500
6742,4,HOT,0
6742,2,Grande,500
6743,5,ICE,0
6743,2,Grande,500
6744,5,ICE,0
6744,1,Tall,0
6745,5,ICE,0
6745,2,Grande,500
6745,12,덜 달게,0
6746,4,HOT,0
6746,2,Grande,500
6746,6,샷 추가 (+1),500
6747,4,HOT,0
6747,2,Grande,500
6747,13,더 달게,0
6748,4,HOT,0
6748,2,Grande,500
6749,5,ICE,0
6749,3,Venti,1000
6749,12,덜 달게,0
6749,7,바닐라 시럽,300
6750,4,HOT,0
6750,2,Grande,500
6750,13,더 달게,0
6750,6,샷 추가 (+1),500
6751,4,HOT,0
6751,1,Tall,0
6752,4,HOT,0
6752,1,Tall,0
6752,11,기본,0
6753,5,ICE,0
6753,2,Grande,500
6753,13,더 달게,0
6754,5,ICE,0
6754,2,Grande,500
6754,11,기본,0
6755,5,ICE,0
6755,2,Grande,500
6756,5,ICE,0
6756,1,Tall,0
6756,6,샷 추가 (+1),500
6757,5,ICE,0
6757,1,Tall,0
6757,7,바닐라 시럽,300
6758,5,ICE,0
6758,2,Grande,500
6759,5,ICE,0
6759,3,Venti,1000
6759,11,기본,0
6760,4,HOT,0
6760,1,Tall,0
6760,12,덜 달게,0
6760,7,바닐라 시럽,300
6761,5,ICE,0
6761,2,Grande,500
6761,13,더 달게,0
6761,7,바닐라 시럽,300
6762,5,ICE,0
6762,1,Tall,0
6762,13,더 달게,0
6763,4,HOT,0
6763,2,Grande,500
6764,4,HOT,0
6764,1,Tall,0
6765,4,HOT,0
6765,1,Tall,0
6765,9,카라멜 시럽,300
6766,4,HOT,0
6766,1,Tall,0
6766,9,카라멜 시럽,300
6767,4,HOT,0
6767,2,Grande,500
6767,11,기본,0
6767,9,카라멜 시럽,300
6768,5,ICE,0
6768,2,Grande,500
6769,5,ICE,0
6769,1,Tall,0
6769,6,샷 추가 (+1),500
6770,5,ICE,0
6770,1,Tall,0
6770,11,기본,0
6771,4,HOT,0
6771,3,Venti,1000
6771,12,덜 달게,0
6772,4,HOT,0
6772,1,Tall,0
6772,6,샷 추가 (+1),500
6773,4,HOT,0
6773,1,Tall,0
6773,11,기본,0
6773,6,샷 추가 (+1),500
6774,5,ICE,0
6774,1,Tall,0
6774,12,덜 달게,0
6775,5,ICE,0
6775,3,Venti,1000
6775,11,기본,0
6776,5,ICE,0
6776,2,Grande,500
6776,13,더 달게,0
6776,6,샷 추가 (+1),500
6777,4,HOT,0
6777,1,Tall,0
6777,6,샷 추가 (+1),500
6777,7,바닐라 시럽,300
6778,4,HOT,0
6778,1,Tall,0
6778,11,기본,0
6779,4,HOT,0
6779,1,Tall,0
6779,11,기본,0
6779,8,헤이즐넛 시럽,300
6780,4,HOT,0
6780,3,Venti,1000
6780,12,덜 달게,0
6781,4,HOT,0
6781,2,Grande,500
6781,11,기본,0
6782,4,HOT,0
6782,3,Venti,1000
6783,4,HOT,0
6783,3,Venti,1000
6783,12,덜 달게,0
6784,4,HOT,0
6784,1,Tall,0
6785,5,ICE,0
6785,1,Tall,0
6785,13,더 달게,0
6786,5,ICE,0
6786,3,Venti,1000
6786,13,더 달게,0
6787,4,HOT,0
6787,1,Tall,0
6788,4,HOT,0
6788,2,Grande,500
6788,10,휘핑크림 추가,500
6789,5,ICE,0
6789,1,Tall,0
6789,6,샷 추가 (+1),500
6789,7,바닐라 시럽,300
6790,5,ICE,0
6790,2,Grande,500
6791,5,ICE,0
6791,3,Venti,1000
6791,13,더 달게,0
6791,7,바닐라 시럽,300
6792,4,HOT,0
6792,1,Tall,0
6792,12,덜 달게,0
6793,4,HOT,0
6793,2,Grande,500
6793,12,덜 달게,0
6793,10,휘핑크림 추가,500
6794,4,HOT,0
6794,1,Tall,0
6794,11,기본,0
6795,4,HOT,0
6795,1,Tall,0
6795,12,덜 달게,0
6796,4,HOT,0
6796,1,Tall,0
6796,12,덜 달게,0
6796,6,샷 추가 (+1),500
6797,5,ICE,0
6797,2,Grande,500
6797,11,기본,0
6798,4,HOT,0
6798,2,Grande,500
6798,11,기본,0
6798,6,샷 추가 (+1),500
6798,8,헤이즐넛 시럽,300
6799,5,ICE,0
6799,2,Grande,500
6799,13,더 달게,0
6799,7,바닐라 시럽,300
6800,4,HOT,0
6800,1,Tall,0
6801,5,ICE,0
6801,3,Venti,1000
6801,11,기본,0
6801,6,샷 추가 (+1),500
6802,5,ICE,0
6802,2,Grande,500
6802,6,샷 추가 (+1),500
6803,4,HOT,0
6803,1,Tall,0
6803,13,더 달게,0
6804,4,HOT,0
6804,2,Grande,500
6804,12,덜 달게,0
6804,8,헤이즐넛 시럽,300
6805,4,HOT,0
6805,2,Grande,500
6805,11,기본,0
6805,6,샷 추가 (+1),500
6806,4,HOT,0
6806,2,Grande,500
6806,11,기본,0
6807,5,ICE,0
6807,1,Tall,0
6807,13,더 달게,0
6808,4,HOT,0
6808,2,Grande,500
6808,12,덜 달게,0
6808,8,헤이즐넛 시럽,300
6809,4,HOT,0
6809,1,Tall,0
6809,11,기본,0
6810,5,ICE,0
6810,1,Tall,0
6810,13,더 달게,0
6811,5,ICE,0
6811,1,Tall,0
6812,4,HOT,0
6812,1,Tall,0
6812,11,기본,0
6813,5,ICE,0
6813,2,Grande,500
6813,12,덜 달게,0
6814,4,HOT,0
6814,1,Tall,0
6814,11,기본,0
6815,4,HOT,0
6815,2,Grande,500
6815,13,더 달게,0
6815,6,샷 추가 (+1),500
6816,4,HOT,0
6816,2,Grande,500
6816,11,기본,0
6817,5,ICE,0
6817,2,Grande,500
6817,11,기본,0
6818,5,ICE,0
6818,1,Tall,0
6818,11,기본,0
6819,4,HOT,0
6819,3,Venti,1000
6820,4,HOT,0
6820,1,Tall,0
6820,11,기본,0
6821,4,HOT,0
6821,2,Grande,500
6821,11,기본,0
6821,6,샷 추가 (+1),500
6822,4,HOT,0
6822,1,Tall,0
6822,7,바닐라 시럽,300
6823,5,ICE,0
6823,1,Tall,0
6824,4,HOT,0
6824,2,Grande,500
6824,12,덜 달게,0
6824,9,카라멜 시럽,300
6825,4,HOT,0
6825,1,Tall,0
6826,4,HOT,0
6826,3,Venti,1000
6826,11,기본,0
6826,6,샷 추가 (+1),500
6827,4,HOT,0
6827,2,Grande,500
6827,11,기본,0
6828,4,HOT,0
6828,1,Tall,0
6828,13,더 달게,0
6828,6,샷 추가 (+1),500
6829,4,HOT,0
6829,1,Tall,0
6829,12,덜 달게,0
6829,6,샷 추가 (+1),500
6829,10,휘핑크림 추가,500
6830,4,HOT,0
6830,2,Grande,500
6830,11,기본,0
6830,10,휘핑크림 추가,500
6831,4,HOT,0
6831,3,Venti,1000
6831,7,바닐라 시럽,300
6832,4,HOT,0
6832,3,Venti,1000
6832,11,기본,0
6833,5,ICE,0
6833,3,Venti,1000
6833,12,덜 달게,0
6834,4,HOT,0
6834,1,Tall,0
6835,5,ICE,0
6835,2,Grande,500
6835,11,기본,0
6835,6,샷 추가 (+1),500
6836,4,HOT,0
6836,1,Tall,0
6836,11,기본,0
6836,6,샷 추가 (+1),500
6837,5,ICE,0
6837,2,Grande,500
6837,13,더 달게,0
6837,8,헤이즐넛 시럽,300
6838,4,HOT,0
6838,2,Grande,500
6838,12,덜 달게,0
6839,5,ICE,0
6839,2,Grande,500
6840,4,HOT,0
6840,2,Grande,500
6840,6,샷 추가 (+1),500
6841,4,HOT,0
6841,1,Tall,0
6841,11,기본,0
6841,6,샷 추가 (+1),500
6842,5,ICE,0
6842,2,Grande,500
6842,13,더 달게,0
6843,5,ICE,0
6843,2,Grande,500
6843,12,덜 달게,0
6844,4,HOT,0
6844,2,Grande,500
6844,13,더 달게,0
6845,4,HOT,0
6845,2,Grande,500
6845,13,더 달게,0
6845,6,샷 추가 (+1),500
6846,5,ICE,0
6846,2,Grande,500
6846,13,더 달게,0
6846,6,샷 추가 (+1),500
6847,5,ICE,0
6847,1,Tall,0
6847,12,덜 달게,0
6848,4,HOT,0
6848,1,Tall,0
6848,12,덜 달게,0
6848,9,카라멜 시럽,300
6849,4,HOT,0
6849,1,Tall,0
6849,13,더 달게,0
6849,6,샷 추가 (+1),500
6849,8,헤이즐넛 시럽,300
6850,5,ICE,0
6850,3,Venti,1000
6850,6,샷 추가 (+1),500
6850,10,휘핑크림 추가,500
6851,5,ICE,0
6851,1,Tall,0
6851,12,덜 달게,0
6851,6,샷 추가 (+1),500
6852,5,ICE,0
6852,3,Venti,1000
6852,11,기본,0
6852,6,샷 추가 (+1),500
6852,8,헤이즐넛 시럽,300
6853,4,HOT,0
6853,2,Grande,500
6853,11,기본,0
6853,6,샷 추가 (+1),500
6854,5,ICE,0
6854,1,Tall,0
6855,5,ICE,0
6855,1,Tall,0
6856,4,HOT,0
6856,2,Grande,500
6856,7,바닐라 시럽,300
6857,4,HOT,0
6857,3,Venti,1000
6858,4,HOT,0
6858,2,Grande,500
6859,5,ICE,0
6859,1,Tall,0
6859,12,덜 달게,0
6859,9,카라멜 시럽,300
6860,4,HOT,0
6860,3,Venti,1000
6860,12,덜 달게,0
6860,6,샷 추가 (+1),500
6861,5,ICE,0
6861,3,Venti,1000
6861,12,덜 달게,0
6862,4,HOT,0
6862,2,Grande,500
6862,11,기본,0
6863,5,ICE,0
6863,2,Grande,500
6863,13,더 달게,0
6863,6,샷 추가 (+1),500
6864,5,ICE,0
6864,1,Tall,0
6864,11,기본,0
6865,5,ICE,0
6865,1,Tall,0
6865,6,샷 추가 (+1),500
6865,9,카라멜 시럽,300
6866,4,HOT,0
6866,1,Tall,0
6866,12,덜 달게,0
6866,8,헤이즐넛 시럽,300
6867,5,ICE,0
6867,3,Venti,1000
6867,11,기본,0
6868,4,HOT,0
6868,3,Venti,1000
6869,4,HOT,0
6869,3,Venti,1000
6869,13,더 달게,0
6869,6,샷 추가 (+1),500
6870,5,ICE,0
6870,3,Venti,1000
6870,12,덜 달게,0
6870,6,샷 추가 (+1),500
6871,4,HOT,0
6871,3,Venti,1000
6871,13,더 달게,0
6871,6,샷 추가 (+1),500
6872,5,ICE,0
6872,1,Tall,0
6872,12,덜 달게,0
6872,6,샷 추가 (+1),500
6872,8,헤이즐넛 시럽,300
6873,5,ICE,0
6873,2,Grande,500
6873,11,기본,0
6873,6,샷 추가 (+1),500
6874,4,HOT,0
6874,2,Grande,500
6874,6,샷 추가 (+1),500
6874,10,휘핑크림 추가,500
6875,5,ICE,0
6875,2,Grande,500
6875,6,샷 추가 (+1),500
6876,4,HOT,0
6876,2,Grande,500
6876,11,기본,0
6876,6,샷 추가 (+1),500
6877,4,HOT,0
6877,1,Tall,0
6877,11,기본,0
6878,4,HOT,0
6878,1,Tall,0
6878,12,덜 달게,0
6878,7,바닐라 시럽,300
6879,4,HOT,0
6879,2,Grande,500
6879,12,덜 달게,0
6880,4,HOT,0
6880,3,Venti,1000
6880,11,기본,0
6880,6,샷 추가 (+1),500
6881,5,ICE,0
6881,3,Venti,1000
6881,6,샷 추가 (+1),500
6881,7,바닐라 시럽,300
6882,4,HOT,0
6882,2,Grande,500
6882,12,덜 달게,0
6883,5,ICE,0
6883,2,Grande,500
6883,11,기본,0
6884,4,HOT,0
6884,2,Grande,500
6884,6,샷 추가 (+1),500
6885,5,ICE,0
6885,3,Venti,1000
6885,13,더 달게,0
6886,5,ICE,0
6886,1,Tall,0
6886,12,덜 달게,0
6886,6,샷 추가 (+1),500
6887,5,ICE,0
6887,2,Grande,500
6887,13,더 달게,0
6888,4,HOT,0
6888,3,Venti,1000
6888,11,기본,0
6889,5,ICE,0
6889,1,Tall,0
6889,6,샷 추가 (+1),500
6890,4,HOT,0
6890,2,Grande,500
6890,13,더 달게,0
6890,6,샷 추가 (+1),500
6890,7,바닐라 시럽,300
6891,5,ICE,0
6891,3,Venti,1000
6891,13,더 달게,0
6892,4,HOT,0
6892,2,Grande,500
6892,13,더 달게,0
6893,5,ICE,0
6893,1,Tall,0
6893,13,더 달게,0
6894,4,HOT,0
6894,2,Grande,500
6894,11,기본,0
6894,6,샷 추가 (+1),500
6895,5,ICE,0
6895,1,Tall,0
6896,5,ICE,0
6896,2,Grande,500
6896,11,기본,0
6896,6,샷 추가 (+1),500
6897,4,HOT,0
6897,1,Tall,0
6898,5,ICE,0
6898,2,Grande,500
6898,12,덜 달게,0
6899,5,ICE,0
6899,1,Tall,0
6899,13,더 달게,0
6899,6,샷 추가 (+1),500
6900,4,HOT,0
6900,3,Venti,1000
6900,6,샷 추가 (+1),500
6901,4,HOT,0
6901,1,Tall,0
6901,13,더 달게,0
6902,4,HOT,0
6902,3,Venti,1000
6903,5,ICE,0
6903,3,Venti,1000
6903,11,기본,0
6904,4,HOT,0
6904,2,Grande,500
6904,6,샷 추가 (+1),500
6905,5,ICE,0
6905,2,Grande,500
6905,6,샷 추가 (+1),500
6906,4,HOT,0
6906,2,Grande,500
6906,13,더 달게,0
6907,4,HOT,0
6907,1,Tall,0
6907,11,기본,0
6908,4,HOT,0
6908,1,Tall,0
6908,11,기본,0
6908,8,헤이즐넛 시럽,300
6909,5,ICE,0
6909,2,Grande,500
6909,12,덜 달게,0
6909,6,샷 추가 (+1),500
6910,5,ICE,0
6910,1,Tall,0
6911,5,ICE,0
6911,3,Venti,1000
6911,6,샷 추가 (+1),500
6911,7,바닐라 시럽,300
6912,5,ICE,0
6912,3,Venti,1000
6913,4,HOT,0
6913,2,Grande,500
6913,6,샷 추가 (+1),500
6914,4,HOT,0
6914,2,Grande,500
6915,5,ICE,0
6915,2,Grande,500
6915,11,기본,0
6916,4,HOT,0
6916,2,Grande,500
6916,13,더 달게,0
6917,4,HOT,0
6917,2,Grande,500
6917,13,더 달게,0
6918,5,ICE,0
6918,1,Tall,0
6918,13,더 달게,0
6918,6,샷 추가 (+1),500
6919,5,ICE,0
6919,2,Grande,500
6919,13,더 달게,0
6920,5,ICE,0
6920,2,Grande,500
6920,7,바닐라 시럽,300
6921,4,HOT,0
6921,1,Tall,0
6921,11,기본,0
6922,5,ICE,0
6922,2,Grande,500
6922,11,기본,0
6923,4,HOT,0
6923,3,Venti,1000
6923,12,덜 달게,0
6923,9,카라멜 시럽,300
6924,5,ICE,0
6924,1,Tall,0
6925,5,ICE,0
6925,1,Tall,0
6925,13,더 달게,0
6926,4,HOT,0
6926,2,Grande,500
6927,4,HOT,0
6927,2,Grande,500
6927,10,휘핑크림 추가,500
6928,5,ICE,0
6928,3,Venti,1000
6928,13,더 달게,0
6929,4,HOT,0
6929,1,Tall,0
6929,6,샷 추가 (+1),500
6930,4,HOT,0
6930,1,Tall,0
6930,13,더 달게,0
6931,5,ICE,0
6931,1,Tall,0
6931,10,휘핑크림 추가,500
6932,4,HOT,0
6932,3,Venti,1000
6932,12,덜 달게,0
6933,4,HOT,0
6933,2,Grande,500
6933,12,덜 달게,0
6933,6,샷 추가 (+1),500
6933,10,휘핑크림 추가,500
6934,4,HOT,0
6934,3,Venti,1000
6935,4,HOT,0
6935,1,Tall,0
6936,4,HOT,0
6936,2,Grande,500
6936,12,덜 달게,0
6937,5,ICE,0
6937,2,Grande,500
6937,7,바닐라 시럽,300
6938,4,HOT,0
6938,3,Venti,1000
6938,6,샷 추가 (+1),500
6939,5,ICE,0
6939,2,Grande,500
6939,13,더 달게,0
6940,5,ICE,0
6940,1,Tall,0
6940,10,휘핑크림 추가,500
6941,4,HOT,0
6941,2,Grande,500
6942,4,HOT,0
6942,1,Tall,0
6942,13,더 달게,0
6942,7,바닐라 시럽,300
6943,4,HOT,0
6943,1,Tall,0
6943,11,기본,0
6943,9,카라멜 시럽,300
6944,4,HOT,0
6944,1,Tall,0
6945,5,ICE,0
6945,2,Grande,500
6945,11,기본,0
6946,4,HOT,0
6946,1,Tall,0
6946,12,덜 달게,0
6947,4,HOT,0
6947,2,Grande,500
6947,11,기본,0
6947,6,샷 추가 (+1),500
6948,4,HOT,0
6948,1,Tall,0
6949,4,HOT,0
6949,2,Grande,500
6950,4,HOT,0
6950,2,Grande,500
6950,12,덜 달게,0
6951,5,ICE,0
6951,1,Tall,0
6951,6,샷 추가 (+1),500
6951,8,헤이즐넛 시럽,300
6952,4,HOT,0
6952,2,Grande,500
6952,11,기본,0
6953,4,HOT,0
6953,1,Tall,0
6953,11,기본,0
6953,8,헤이즐넛 시럽,300
6954,4,HOT,0
6954,1,Tall,0
6954,10,휘핑크림 추가,500
6955,4,HOT,0
6955,3,Venti,1000
6955,9,카라멜 시럽,300
6956,5,ICE,0
6956,2,Grande,500
6957,4,HOT,0
6957,1,Tall,0
6957,12,덜 달게,0
6958,4,HOT,0
6958,1,Tall,0
6959,4,HOT,0
6959,1,Tall,0
6959,13,더 달게,0
6960,5,ICE,0
6960,1,Tall,0
6960,11,기본,0
6961,5,ICE,0
6961,2,Grande,500
6961,11,기본,0
6961,6,샷 추가 (+1),500
6962,4,HOT,0
6962,1,Tall,0
6963,4,HOT,0
6963,2,Grande,500
6963,10,휘핑크림 추가,500
6964,4,HOT,0
6964,2,Grande,500
6964,12,덜 달게,0
6964,6,샷 추가 (+1),500
6965,4,HOT,0
6965,2,Grande,500
6966,5,ICE,0
6966,2,Grande,500
6966,6,샷 추가 (+1),500
6967,4,HOT,0
6967,1,Tall,0
6967,11,기본,0
6967,6,샷 추가 (+1),500
6967,9,카라멜 시럽,300
6968,4,HOT,0
6968,1,Tall,0
6968,11,기본,0
6968,6,샷 추가 (+1),500
6969,5,ICE,0
6969,2,Grande,500
6969,11,기본,0
6970,5,ICE,0
6970,1,Tall,0
6970,10,휘핑크림 추가,500
6971,4,HOT,0
6971,1,Tall,0
6971,11,기본,0
6972,5,ICE,0
6972,2,Grande,500
6972,6,샷 추가 (+1),500
6973,4,HOT,0
6973,2,Grande,500
6973,12,덜 달게,0
6973,6,샷 추가 (+1),500
6974,4,HOT,0
6974,1,Tall,0
6974,12,덜 달게,0
6975,5,ICE,0
6975,1,Tall,0
6975,6,샷 추가 (+1),500
6976,4,HOT,0
6976,3,Venti,1000
6976,6,샷 추가 (+1),500
6977,4,HOT,0
6977,2,Grande,500
6977,13,더 달게,0
6978,4,HOT,0
6978,1,Tall,0
6978,12,덜 달게,0
6978,6,샷 추가 (+1),500
6979,4,HOT,0
6979,2,Grande,500
6979,9,카라멜 시럽,300
6980,4,HOT,0
6980,1,Tall,0
6980,12,덜 달게,0
6981,4,HOT,0
6981,2,Grande,500
6981,6,샷 추가 (+1),500
6982,4,HOT,0
6982,2,Grande,500
6983,5,ICE,0
6983,2,Grande,500
6983,11,기본,0
6984,5,ICE,0
6984,2,Grande,500
6984,13,더 달게,0
6985,5,ICE,0
6985,2,Grande,500
6985,10,휘핑크림 추가,500
6986,5,ICE,0
6986,2,Grande,500
6987,5,ICE,0
6987,1,Tall,0
6988,4,HOT,0
6988,1,Tall,0
6988,11,기본,0
6989,4,HOT,0
6989,3,Venti,1000
6989,13,더 달게,0
6990,5,ICE,0
6990,3,Venti,1000
6990,11,기본,0
6990,6,샷 추가 (+1),500
6991,4,HOT,0
6991,1,Tall,0
6992,4,HOT,0
6992,1,Tall,0
6992,12,덜 달게,0
6992,6,샷 추가 (+1),500
6993,4,HOT,0
6993,2,Grande,500
6994,4,HOT,0
6994,2,Grande,500
6994,11,기본,0
6995,4,HOT,0
6995,3,Venti,1000
6996,4,HOT,0
6996,3,Venti,1000
6996,11,기본,0
6997,5,ICE,0
6997,2,Grande,500
6998,4,HOT,0
6998,1,Tall,0
6999,4,HOT,0
6999,2,Grande,500
6999,12,덜 달게,0
7000,5,ICE,0
7000,1,Tall,0
7001,5,ICE,0
7001,3,Venti,1000
7001,11,기본,0
7002,5,ICE,0
7002,1,Tall,0
7002,11,기본,0
7003,5,ICE,0
7003,3,Venti,1000
7003,13,더 달게,0
7003,6,샷 추가 (+1),500
7004,5,ICE,0
7004,1,Tall,0
7004,11,기본,0
7004,6,샷 추가 (+1),500
7005,4,HOT,0
7005,1,Tall,0
7006,5,ICE,0
7006,3,Venti,1000
7006,11,기본,0
7007,4,HOT,0
7007,2,Grande,500
7007,12,덜 달게,0
7007,6,샷 추가 (+1),500
7007,8,헤이즐넛 시럽,300
7008,5,ICE,0
7008,2,Grande,500
7008,8,헤이즐넛 시럽,300
7009,4,HOT,0
7009,2,Grande,500
7009,12,덜 달게,0
7009,6,샷 추가 (+1),500
7010,4,HOT,0
7010,2,Grande,500
7011,4,HOT,0
7011,2,Grande,500
7011,12,덜 달게,0
7012,4,HOT,0
7012,1,Tall,0
7012,8,헤이즐넛 시럽,300
7013,5,ICE,0
7013,2,Grande,500
7013,6,샷 추가 (+1),500
7014,4,HOT,0
7014,2,Grande,500
7014,11,기본,0
7015,4,HOT,0
7015,2,Grande,500
7015,11,기본,0
7016,5,ICE,0
7016,1,Tall,0
7016,11,기본,0
7016,9,카라멜 시럽,300
7017,5,ICE,0
7017,3,Venti,1000
7017,11,기본,0
7017,6,샷 추가 (+1),500
7017,10,휘핑크림 추가,500
7018,5,ICE,0
7018,3,Venti,1000
7018,10,휘핑크림 추가,500
7019,4,HOT,0
7019,2,Grande,500
7019,13,더 달게,0
7019,10,휘핑크림 추가,500
7020,5,ICE,0
7020,3,Venti,1000
7020,11,기본,0
7020,6,샷 추가 (+1),500
7021,4,HOT,0
7021,1,Tall,0
7021,13,더 달게,0
7022,4,HOT,0
7022,2,Grande,500
7023,5,ICE,0
7023,1,Tall,0
7023,12,덜 달게,0
7024,4,HOT,0
7024,1,Tall,0
7024,11,기본,0
7024,6,샷 추가 (+1),500
7025,5,ICE,0
7025,2,Grande,500
7025,11,기본,0
7025,7,바닐라 시럽,300
7026,5,ICE,0
7026,3,Venti,1000
7026,12,덜 달게,0
7026,10,휘핑크림 추가,500
7027,5,ICE,0
7027,3,Venti,1000
7028,4,HOT,0
7028,3,Venti,1000
7028,11,기본,0
7029,5,ICE,0
7029,2,Grande,500
7029,6,샷 추가 (+1),500
7030,5,ICE,0
7030,2,Grande,500
7030,11,기본,0
7031,4,HOT,0
7031,1,Tall,0
7031,8,헤이즐넛 시럽,300
7032,4,HOT,0
7032,2,Grande,500
7032,6,샷 추가 (+1),500
7033,4,HOT,0
7033,1,Tall,0
7033,12,덜 달게,0
7033,6,샷 추가 (+1),500
7033,9,카라멜 시럽,300
7034,5,ICE,0
7034,2,Grande,500
7035,5,ICE,0
7035,2,Grande,500
7036,4,HOT,0
7036,3,Venti,1000
7037,4,HOT,0
7037,2,Grande,500
7038,4,HOT,0
7038,3,Venti,1000
7038,6,샷 추가 (+1),500
7039,5,ICE,0
7039,1,Tall,0
7039,12,덜 달게,0
7039,6,샷 추가 (+1),500
7039,7,바닐라 시럽,300
7040,4,HOT,0
7040,1,Tall,0
7040,13,더 달게,0
7041,5,ICE,0
7041,2,Grande,500
7042,4,HOT,0
7042,1,Tall,0
7042,13,더 달게,0
7042,6,샷 추가 (+1),500
7043,5,ICE,0
7043,1,Tall,0
7044,4,HOT,0
7044,2,Grande,500
7045,5,ICE,0
7045,2,Grande,500
7046,5,ICE,0
7046,1,Tall,0
7046,11,기본,0
7047,5,ICE,0
7047,2,Grande,500
7047,13,더 달게,0
7047,6,샷 추가 (+1),500
7047,9,카라멜 시럽,300
7047,10,휘핑크림 추가,500
7048,5,ICE,0
7048,2,Grande,500
7048,6,샷 추가 (+1),500
7048,10,휘핑크림 추가,500
7049,5,ICE,0
7049,1,Tall,0
7049,6,샷 추가 (+1),500
7050,4,HOT,0
7050,1,Tall,0
7050,6,샷 추가 (+1),500
7050,7,바닐라 시럽,300
7051,4,HOT,0
7051,3,Venti,1000
7051,11,기본,0
7051,6,샷 추가 (+1),500
7052,5,ICE,0
7052,3,Venti,1000
7053,4,HOT,0
7053,3,Venti,1000
7053,12,덜 달게,0
7054,4,HOT,0
7054,2,Grande,500
7055,4,HOT,0
7055,2,Grande,500
7055,10,휘핑크림 추가,500
7056,4,HOT,0
7056,2,Grande,500
7056,11,기본,0
7057,4,HOT,0
7057,2,Grande,500
7057,13,더 달게,0
7058,5,ICE,0
7058,3,Venti,1000
7058,7,바닐라 시럽,300
7058,10,휘핑크림 추가,500
7059,4,HOT,0
7059,2,Grande,500
7059,11,기본,0
7059,6,샷 추가 (+1),500
7060,4,HOT,0
7060,1,Tall,0
7060,11,기본,0
7061,5,ICE,0
7061,2,Grande,500
7061,13,더 달게,0
7061,6,샷 추가 (+1),500
7062,4,HOT,0
7062,1,Tall,0
7062,11,기본,0
7062,10,휘핑크림 추가,500
7063,4,HOT,0
7063,2,Grande,500
7063,12,덜 달게,0
7064,4,HOT,0
7064,2,Grande,500
7064,12,덜 달게,0
7065,5,ICE,0
7065,1,Tall,0
7065,11,기본,0
7066,4,HOT,0
7066,1,Tall,0
7067,4,HOT,0
7067,1,Tall,0
7067,11,기본,0
7067,6,샷 추가 (+1),500
7068,4,HOT,0
7068,1,Tall,0
7068,11,기본,0
7068,6,샷 추가 (+1),500
7069,4,HOT,0
7069,2,Grande,500
7069,9,카라멜 시럽,300
7070,4,HOT,0
7070,3,Venti,1000
7070,11,기본,0
7070,7,바닐라 시럽,300
7071,5,ICE,0
7071,3,Venti,1000
7071,6,샷 추가 (+1),500
7072,5,ICE,0
7072,1,Tall,0
7072,6,샷 추가 (+1),500
7073,5,ICE,0
7073,3,Venti,1000
7074,4,HOT,0
7074,2,Grande,500
7074,11,기본,0
7074,6,샷 추가 (+1),500
7074,10,휘핑크림 추가,500
7075,5,ICE,0
7075,2,Grande,500
7075,13,더 달게,0
7076,5,ICE,0
7076,1,Tall,0
7076,12,덜 달게,0
7076,6,샷 추가 (+1),500
7077,5,ICE,0
7077,2,Grande,500
7077,6,샷 추가 (+1),500
7078,5,ICE,0
7078,2,Grande,500
7078,6,샷 추가 (+1),500
7078,10,휘핑크림 추가,500
7079,5,ICE,0
7079,2,Grande,500
7079,12,덜 달게,0
7079,6,샷 추가 (+1),500
7080,4,HOT,0
7080,3,Venti,1000
7081,4,HOT,0
7081,1,Tall,0
7081,13,더 달게,0
7081,6,샷 추가 (+1),500
7082,5,ICE,0
7082,1,Tall,0
7082,13,더 달게,0
7082,6,샷 추가 (+1),500
7082,8,헤이즐넛 시럽,300
7083,4,HOT,0
7083,2,Grande,500
7083,12,덜 달게,0
7083,8,헤이즐넛 시럽,300
7084,5,ICE,0
7084,2,Grande,500
7085,4,HOT,0
7085,3,Venti,1000
7085,12,덜 달게,0
7085,10,휘핑크림 추가,500
7086,5,ICE,0
7086,2,Grande,500
7086,11,기본,0
7086,10,휘핑크림 추가,500
7087,5,ICE,0
7087,1,Tall,0
7087,11,기본,0
7088,4,HOT,0
7088,2,Grande,500
7089,5,ICE,0
7089,1,Tall,0
7089,13,더 달게,0
7090,4,HOT,0
7090,3,Venti,1000
7090,11,기본,0
7091,5,ICE,0
7091,1,Tall,0
7091,13,더 달게,0
7091,6,샷 추가 (+1),500
7092,5,ICE,0
7092,2,Grande,500
7092,11,기본,0
7092,6,샷 추가 (+1),500
7093,4,HOT,0
7093,1,Tall,0
7093,12,덜 달게,0
7093,6,샷 추가 (+1),500
7094,4,HOT,0
7094,3,Venti,1000
7094,11,기본,0
7094,10,휘핑크림 추가,500
7095,4,HOT,0
7095,3,Venti,1000
7095,11,기본,0
7096,4,HOT,0
7096,1,Tall,0
7096,13,더 달게,0
7097,5,ICE,0
7097,1,Tall,0
7097,12,덜 달게,0
7097,6,샷 추가 (+1),500
7097,7,바닐라 시럽,300
7098,4,HOT,0
7098,3,Venti,1000
7098,6,샷 추가 (+1),500
7099,5,ICE,0
7099,1,Tall,0
7100,4,HOT,0
7100,3,Venti,1000
7101,4,HOT,0
7101,3,Venti,1000
7101,12,덜 달게,0
7102,5,ICE,0
7102,1,Tall,0
7102,13,더 달게,0
7103,4,HOT,0
7103,2,Grande,500
7104,4,HOT,0
7104,1,Tall,0
7104,6,샷 추가 (+1),500
7105,4,HOT,0
7105,1,Tall,0
7105,11,기본,0
7105,6,샷 추가 (+1),500
7106,5,ICE,0
7106,2,Grande,500
7106,11,기본,0
7106,6,샷 추가 (+1),500
7106,8,헤이즐넛 시럽,300
7106,10,휘핑크림 추가,500
7107,4,HOT,0
7107,2,Grande,500
7108,4,HOT,0
7108,2,Grande,500
7109,4,HOT,0
7109,2,Grande,500
7109,11,기본,0
7110,5,ICE,0
7110,1,Tall,0
7110,11,기본,0
7110,6,샷 추가 (+1),500
7111,4,HOT,0
7111,3,Venti,1000
7111,13,더 달게,0
7111,6,샷 추가 (+1),500
7112,4,HOT,0
7112,2,Grande,500
7112,11,기본,0
7113,4,HOT,0
7113,3,Venti,1000
7114,5,ICE,0
7114,3,Venti,1000
7114,11,기본,0
7115,5,ICE,0
7115,1,Tall,0
7115,12,덜 달게,0
7115,6,샷 추가 (+1),500
7116,4,HOT,0
7116,2,Grande,500
7116,13,더 달게,0
7116,8,헤이즐넛 시럽,300
7117,5,ICE,0
7117,2,Grande,500
7117,13,더 달게,0
7118,5,ICE,0
7118,3,Venti,1000
7118,12,덜 달게,0
7119,5,ICE,0
7119,3,Venti,1000
7119,6,샷 추가 (+1),500
7119,9,카라멜 시럽,300
7120,4,HOT,0
7120,1,Tall,0
7120,12,덜 달게,0
7120,6,샷 추가 (+1),500
7121,4,HOT,0
7121,3,Venti,1000
7122,5,ICE,0
7122,2,Grande,500
7123,4,HOT,0
7123,3,Venti,1000
7123,13,더 달게,0
7124,5,ICE,0
7124,1,Tall,0
7124,11,기본,0
7124,6,샷 추가 (+1),500
7124,9,카라멜 시럽,300
7125,5,ICE,0
7125,3,Venti,1000
7126,5,ICE,0
7126,3,Venti,1000
7126,13,더 달게,0
7127,4,HOT,0
7127,2,Grande,500
7127,6,샷 추가 (+1),500
7128,5,ICE,0
7128,3,Venti,1000
7128,6,샷 추가 (+1),500
7128,8,헤이즐넛 시럽,300
7129,4,HOT,0
7129,1,Tall,0
7130,4,HOT,0
7130,2,Grande,500
7130,11,기본,0
7131,4,HOT,0
7131,1,Tall,0
7131,13,더 달게,0
7131,6,샷 추가 (+1),500
7132,4,HOT,0
7132,1,Tall,0
7132,12,덜 달게,0
7133,5,ICE,0
7133,2,Grande,500
7133,13,더 달게,0
7133,10,휘핑크림 추가,500
7134,5,ICE,0
7134,1,Tall,0
7134,13,더 달게,0
7135,4,HOT,0
7135,3,Venti,1000
7135,6,샷 추가 (+1),500
7136,5,ICE,0
7136,1,Tall,0
7136,11,기본,0
7137,5,ICE,0
7137,1,Tall,0
7137,6,샷 추가 (+1),500
7138,5,ICE,0
7138,3,Venti,1000
7138,12,덜 달게,0
7138,7,바닐라 시럽,300
7139,5,ICE,0
7139,1,Tall,0
7139,11,기본,0
7140,4,HOT,0
7140,1,Tall,0
7140,13,더 달게,0
7141,5,ICE,0
7141,1,Tall,0
7141,13,더 달게,0
7142,5,ICE,0
7142,2,Grande,500
7143,4,HOT,0
7143,3,Venti,1000
7143,6,샷 추가 (+1),500
7144,4,HOT,0
7144,2,Grande,500
7144,11,기본,0
7144,6,샷 추가 (+1),500
7145,5,ICE,0
7145,1,Tall,0
7145,11,기본,0
7146,5,ICE,0
7146,2,Grande,500
7147,5,ICE,0
7147,2,Grande,500
7147,6,샷 추가 (+1),500
7147,9,카라멜 시럽,300
7148,5,ICE,0
7148,1,Tall,0
7148,11,기본,0
7148,6,샷 추가 (+1),500
7149,4,HOT,0
7149,1,Tall,0
7149,11,기본,0
7149,6,샷 추가 (+1),500
7150,4,HOT,0
7150,1,Tall,0
7150,6,샷 추가 (+1),500
7151,4,HOT,0
7151,1,Tall,0
7152,5,ICE,0
7152,2,Grande,500
7152,12,덜 달게,0
7153,5,ICE,0
7153,3,Venti,1000
7153,11,기본,0
7153,10,휘핑크림 추가,500
7154,5,ICE,0
7154,2,Grande,500
7154,10,휘핑크림 추가,500
7155,4,HOT,0
7155,1,Tall,0
7155,12,덜 달게,0
7156,4,HOT,0
7156,3,Venti,1000
7156,6,샷 추가 (+1),500
7157,4,HOT,0
7157,3,Venti,1000
7157,13,더 달게,0
7157,6,샷 추가 (+1),500
7158,5,ICE,0
7158,2,Grande,500
7158,11,기본,0
7158,6,샷 추가 (+1),500
7159,4,HOT,0
7159,1,Tall,0
7159,13,더 달게,0
7159,6,샷 추가 (+1),500
7159,10,휘핑크림 추가,500
7160,4,HOT,0
7160,1,Tall,0
7160,6,샷 추가 (+1),500
7161,5,ICE,0
7161,1,Tall,0
7161,11,기본,0
7162,5,ICE,0
7162,2,Grande,500
7163,5,ICE,0
7163,2,Grande,500
7163,12,덜 달게,0
7164,5,ICE,0
7164,2,Grande,500
7164,6,샷 추가 (+1),500
7165,4,HOT,0
7165,1,Tall,0
7165,11,기본,0
7165,9,카라멜 시럽,300
7166,5,ICE,0
7166,3,Venti,1000
7166,13,더 달게,0
7167,4,HOT,0
7167,3,Venti,1000
7167,11,기본,0
7167,6,샷 추가 (+1),500
7168,5,ICE,0
7168,1,Tall,0
7168,12,덜 달게,0
7168,6,샷 추가 (+1),500
7169,4,HOT,0
7169,3,Venti,1000
7169,13,더 달게,0
7169,6,샷 추가 (+1),500
7170,4,HOT,0
7170,2,Grande,500
7170,13,더 달게,0
7171,4,HOT,0
7171,2,Grande,500
7171,11,기본,0
7171,9,카라멜 시럽,300
7172,5,ICE,0
7172,1,Tall,0
7173,5,ICE,0
7173,1,Tall,0
7173,6,샷 추가 (+1),500
7174,4,HOT,0
7174,2,Grande,500
7175,4,HOT,0
7175,3,Venti,1000
7175,12,덜 달게,0
7175,6,샷 추가 (+1),500
7176,4,HOT,0
7176,2,Grande,500
7177,5,ICE,0
7177,3,Venti,1000
7177,6,샷 추가 (+1),500
7178,4,HOT,0
7178,2,Grande,500
7178,13,더 달게,0
7179,4,HOT,0
7179,2,Grande,500
7180,4,HOT,0
7180,2,Grande,500
7180,11,기본,0
7181,4,HOT,0
7181,2,Grande,500
7181,7,바닐라 시럽,300
7181,10,휘핑크림 추가,500
7182,4,HOT,0
7182,1,Tall,0
7182,13,더 달게,0
7183,5,ICE,0
7183,1,Tall,0
7183,6,샷 추가 (+1),500
7184,4,HOT,0
7184,1,Tall,0
7185,5,ICE,0
7185,3,Venti,1000
7185,6,샷 추가 (+1),500
7186,4,HOT,0
7186,3,Venti,1000
7186,13,더 달게,0
7186,6,샷 추가 (+1),500
7187,5,ICE,0
7187,2,Grande,500
7187,11,기본,0
7187,6,샷 추가 (+1),500
7188,4,HOT,0
7188,2,Grande,500
7188,10,휘핑크림 추가,500
7189,4,HOT,0
7189,2,Grande,500
7189,11,기본,0
7190,4,HOT,0
7190,1,Tall,0
7191,5,ICE,0
7191,3,Venti,1000
7191,11,기본,0
7192,4,HOT,0
7192,2,Grande,500
7192,11,기본,0
7192,6,샷 추가 (+1),500
7192,9,카라멜 시럽,300
7193,5,ICE,0
7193,2,Grande,500
7193,6,샷 추가 (+1),500
7193,9,카라멜 시럽,300
7194,5,ICE,0
7194,1,Tall,0
7194,13,더 달게,0
7194,7,바닐라 시럽,300
7195,5,ICE,0
7195,1,Tall,0
7196,4,HOT,0
7196,1,Tall,0
7196,11,기본,0
7196,10,휘핑크림 추가,500
7197,4,HOT,0
7197,2,Grande,500
7197,11,기본,0
7198,5,ICE,0
7198,3,Venti,1000
7198,11,기본,0
7198,6,샷 추가 (+1),500
7198,7,바닐라 시럽,300
7199,5,ICE,0
7199,1,Tall,0
7200,5,ICE,0
7200,1,Tall,0
7200,6,샷 추가 (+1),500
7201,4,HOT,0
7201,2,Grande,500
7201,11,기본,0
7201,8,헤이즐넛 시럽,300
7202,4,HOT,0
7202,2,Grande,500
7202,6,샷 추가 (+1),500
7202,10,휘핑크림 추가,500
7203,4,HOT,0
7203,2,Grande,500
7203,11,기본,0
7204,4,HOT,0
7204,2,Grande,500
7204,12,덜 달게,0
7205,4,HOT,0
7205,2,Grande,500
7205,11,기본,0
7205,6,샷 추가 (+1),500
7205,7,바닐라 시럽,300
7206,5,ICE,0
7206,2,Grande,500
7206,7,바닐라 시럽,300
7206,10,휘핑크림 추가,500
7207,5,ICE,0
7207,2,Grande,500
7207,8,헤이즐넛 시럽,300
7208,4,HOT,0
7208,3,Venti,1000
7209,4,HOT,0
7209,3,Venti,1000
7209,11,기본,0
7210,5,ICE,0
7210,1,Tall,0
7210,13,더 달게,0
7211,4,HOT,0
7211,3,Venti,1000
7211,6,샷 추가 (+1),500
7212,4,HOT,0
7212,1,Tall,0
7213,5,ICE,0
7213,3,Venti,1000
7213,6,샷 추가 (+1),500
7214,5,ICE,0
7214,2,Grande,500
7214,8,헤이즐넛 시럽,300
7215,4,HOT,0
7215,2,Grande,500
7215,7,바닐라 시럽,300
7216,4,HOT,0
7216,2,Grande,500
7216,11,기본,0
7216,6,샷 추가 (+1),500
7216,7,바닐라 시럽,300
7217,4,HOT,0
7217,2,Grande,500
7217,13,더 달게,0
7218,4,HOT,0
7218,1,Tall,0
7218,11,기본,0
7219,5,ICE,0
7219,2,Grande,500
7219,11,기본,0
7220,4,HOT,0
7220,3,Venti,1000
7220,12,덜 달게,0
7220,6,샷 추가 (+1),500
7220,8,헤이즐넛 시럽,300
7221,5,ICE,0
7221,1,Tall,0
7222,5,ICE,0
7222,2,Grande,500
7222,13,더 달게,0
7223,5,ICE,0
7223,2,Grande,500
7223,13,더 달게,0
7224,5,ICE,0
7224,3,Venti,1000
7224,11,기본,0
7225,5,ICE,0
7225,3,Venti,1000
7226,4,HOT,0
7226,3,Venti,1000
7226,6,샷 추가 (+1),500
7227,4,HOT,0
7227,1,Tall,0
7228,5,ICE,0
7228,2,Grande,500
7229,4,HOT,0
7229,2,Grande,500
7229,11,기본,0
7230,4,HOT,0
7230,1,Tall,0
7231,4,HOT,0
7231,1,Tall,0
7232,4,HOT,0
7232,2,Grande,500
7232,11,기본,0
7232,6,샷 추가 (+1),500
7233,4,HOT,0
7233,1,Tall,0
7233,12,덜 달게,0
7234,5,ICE,0
7234,1,Tall,0
7235,4,HOT,0
7235,1,Tall,0
7236,5,ICE,0
7236,1,Tall,0
7236,11,기본,0
7236,9,카라멜 시럽,300
7237,4,HOT,0
7237,2,Grande,500
7237,7,바닐라 시럽,300
7238,4,HOT,0
7238,2,Grande,500
7238,13,더 달게,0
7238,10,휘핑크림 추가,500
7239,4,HOT,0
7239,3,Venti,1000
7239,6,샷 추가 (+1),500
7240,4,HOT,0
7240,1,Tall,0
7240,11,기본,0
7240,9,카라멜 시럽,300
7241,4,HOT,0
7241,2,Grande,500
7241,11,기본,0
7242,5,ICE,0
7242,3,Venti,1000
7242,6,샷 추가 (+1),500
7243,4,HOT,0
7243,2,Grande,500
7244,4,HOT,0
7244,1,Tall,0
7244,12,덜 달게,0
7245,4,HOT,0
7245,1,Tall,0
7246,4,HOT,0
7246,3,Venti,1000
7247,5,ICE,0
7247,1,Tall,0
7247,13,더 달게,0
7247,7,바닐라 시럽,300
7248,5,ICE,0
7248,3,Venti,1000
7248,13,더 달게,0
7249,4,HOT,0
7249,2,Grande,500
7249,13,더 달게,0
7250,5,ICE,0
7250,1,Tall,0
7250,12,덜 달게,0
7250,10,휘핑크림 추가,500
7251,4,HOT,0
7251,2,Grande,500
7251,11,기본,0
7252,4,HOT,0
7252,3,Venti,1000
7253,4,HOT,0
7253,1,Tall,0
7253,13,더 달게,0
7254,4,HOT,0
7254,1,Tall,0
7254,12,덜 달게,0
7254,6,샷 추가 (+1),500
7255,5,ICE,0
7255,1,Tall,0
7255,12,덜 달게,0
7256,4,HOT,0
7256,3,Venti,1000
7256,6,샷 추가 (+1),500
7257,4,HOT,0
7257,1,Tall,0
7258,5,ICE,0
7258,1,Tall,0
7258,12,덜 달게,0
7259,4,HOT,0
7259,2,Grande,500
7260,4,HOT,0
7260,1,Tall,0
7260,11,기본,0
7261,5,ICE,0
7261,1,Tall,0
7261,13,더 달게,0
7262,5,ICE,0
7262,2,Grande,500
7262,6,샷 추가 (+1),500
7263,5,ICE,0
7263,1,Tall,0
7264,4,HOT,0
7264,1,Tall,0
7264,13,더 달게,0
7264,6,샷 추가 (+1),500
7264,10,휘핑크림 추가,500
7265,4,HOT,0
7265,2,Grande,500
7265,12,덜 달게,0
7265,6,샷 추가 (+1),500
7266,4,HOT,0
7266,2,Grande,500
7267,5,ICE,0
7267,1,Tall,0
7267,11,기본,0
7268,4,HOT,0
7268,2,Grande,500
7268,12,덜 달게,0
7268,9,카라멜 시럽,300
7268,10,휘핑크림 추가,500
7269,4,HOT,0
7269,3,Venti,1000
7269,12,덜 달게,0
7270,5,ICE,0
7270,1,Tall,0
7270,11,기본,0
7270,6,샷 추가 (+1),500
7271,4,HOT,0
7271,1,Tall,0
7271,11,기본,0
7271,7,바닐라 시럽,300
7272,5,ICE,0
7272,2,Grande,500
7272,13,더 달게,0
7273,5,ICE,0
7273,2,Grande,500
7274,4,HOT,0
7274,1,Tall,0
7274,11,기본,0
7274,6,샷 추가 (+1),500
7274,8,헤이즐넛 시럽,300
7275,4,HOT,0
7275,3,Venti,1000
7275,12,덜 달게,0
7276,5,ICE,0
7276,1,Tall,0
7276,11,기본,0
7277,5,ICE,0
7277,1,Tall,0
7277,7,바닐라 시럽,300
7277,10,휘핑크림 추가,500
7278,4,HOT,0
7278,2,Grande,500
7278,13,더 달게,0
7279,4,HOT,0
7279,2,Grande,500
7279,13,더 달게,0
7279,6,샷 추가 (+1),500
7279,8,헤이즐넛 시럽,300
7280,4,HOT,0
7280,2,Grande,500
7280,13,더 달게,0
7280,6,샷 추가 (+1),500
7280,8,헤이즐넛 시럽,300
7281,4,HOT,0
7281,1,Tall,0
7281,11,기본,0
7282,4,HOT,0
7282,1,Tall,0
7282,6,샷 추가 (+1),500
7283,4,HOT,0
7283,1,Tall,0
7283,11,기본,0
7283,6,샷 추가 (+1),500
7283,8,헤이즐넛 시럽,300
7284,4,HOT,0
7284,1,Tall,0
7284,8,헤이즐넛 시럽,300
7285,5,ICE,0
7285,1,Tall,0
7286,5,ICE,0
7286,1,Tall,0
7287,4,HOT,0
7287,3,Venti,1000
7287,11,기본,0
7288,4,HOT,0
7288,1,Tall,0
7289,4,HOT,0
7289,2,Grande,500
7289,6,샷 추가 (+1),500
7290,4,HOT,0
7290,2,Grande,500
7290,6,샷 추가 (+1),500
7290,7,바닐라 시럽,300
7291,4,HOT,0
7291,1,Tall,0
7291,6,샷 추가 (+1),500
7292,4,HOT,0
7292,3,Venti,1000
7292,11,기본,0
7293,4,HOT,0
7293,1,Tall,0
7294,4,HOT,0
7294,1,Tall,0
7295,4,HOT,0
7295,3,Venti,1000
7295,11,기본,0
7295,7,바닐라 시럽,300
7296,5,ICE,0
7296,1,Tall,0
7296,12,덜 달게,0
7297,5,ICE,0
7297,1,Tall,0
7298,5,ICE,0
7298,1,Tall,0
7298,11,기본,0
7299,4,HOT,0
7299,2,Grande,500
7299,13,더 달게,0
7299,8,헤이즐넛 시럽,300
7300,5,ICE,0
7300,3,Venti,1000
7300,11,기본,0
7300,6,샷 추가 (+1),500
7301,5,ICE,0
7301,1,Tall,0
7301,11,기본,0
7302,4,HOT,0
7302,2,Grande,500
7302,11,기본,0
7303,5,ICE,0
7303,2,Grande,500
7303,13,더 달게,0
7303,9,카라멜 시럽,300
7304,4,HOT,0
7304,2,Grande,500
7304,11,기본,0
7304,6,샷 추가 (+1),500
7305,4,HOT,0
7305,3,Venti,1000
7305,11,기본,0
7305,7,바닐라 시럽,300
7306,4,HOT,0
7306,1,Tall,0
7306,6,샷 추가 (+1),500
7306,8,헤이즐넛 시럽,300
7306,10,휘핑크림 추가,500
7307,4,HOT,0
7307,3,Venti,1000
7307,6,샷 추가 (+1),500
7307,8,헤이즐넛 시럽,300
7308,4,HOT,0
7308,2,Grande,500
7308,11,기본,0
7309,4,HOT,0
7309,1,Tall,0
7309,6,샷 추가 (+1),500
7309,10,휘핑크림 추가,500
7310,4,HOT,0
7310,2,Grande,500
7310,6,샷 추가 (+1),500
7311,4,HOT,0
7311,1,Tall,0
7312,5,ICE,0
7312,2,Grande,500
7312,12,덜 달게,0
7313,4,HOT,0
7313,3,Venti,1000
7313,6,샷 추가 (+1),500
7313,10,휘핑크림 추가,500
7314,4,HOT,0
7314,1,Tall,0
7314,11,기본,0
7314,6,샷 추가 (+1),500
7315,4,HOT,0
7315,1,Tall,0
7315,11,기본,0
7315,6,샷 추가 (+1),500
7316,5,ICE,0
7316,3,Venti,1000
7316,8,헤이즐넛 시럽,300
7317,5,ICE,0
7317,1,Tall,0
7317,11,기본,0
7318,5,ICE,0
7318,3,Venti,1000
7319,5,ICE,0
7319,3,Venti,1000
7319,12,덜 달게,0
7320,4,HOT,0
7320,1,Tall,0
7320,13,더 달게,0
7320,8,헤이즐넛 시럽,300
7321,5,ICE,0
7321,3,Venti,1000
7321,12,덜 달게,0
7322,4,HOT,0
7322,3,Venti,1000
7322,13,더 달게,0
7322,6,샷 추가 (+1),500
7323,5,ICE,0
7323,2,Grande,500
7324,4,HOT,0
7324,3,Venti,1000
7324,6,샷 추가 (+1),500
7324,8,헤이즐넛 시럽,300
7325,4,HOT,0
7325,1,Tall,0
7325,6,샷 추가 (+1),500
7325,9,카라멜 시럽,300
7325,10,휘핑크림 추가,500
7326,4,HOT,0
7326,1,Tall,0
7326,6,샷 추가 (+1),500
7327,5,ICE,0
7327,1,Tall,0
7328,5,ICE,0
7328,2,Grande,500
7328,11,기본,0
7329,4,HOT,0
7329,2,Grande,500
7329,8,헤이즐넛 시럽,300
7330,5,ICE,0
7330,3,Venti,1000
7330,10,휘핑크림 추가,500
7331,4,HOT,0
7331,1,Tall,0
7331,6,샷 추가 (+1),500
7332,4,HOT,0
7332,3,Venti,1000
7333,4,HOT,0
7333,3,Venti,1000
7333,13,더 달게,0
7334,5,ICE,0
7334,1,Tall,0
7334,11,기본,0
7335,5,ICE,0
7335,2,Grande,500
7335,12,덜 달게,0
7336,4,HOT,0
7336,1,Tall,0
7336,11,기본,0
7337,5,ICE,0
7337,2,Grande,500
7337,6,샷 추가 (+1),500
7338,5,ICE,0
7338,1,Tall,0
7338,9,카라멜 시럽,300
7339,5,ICE,0
7339,2,Grande,500
7339,12,덜 달게,0
7339,6,샷 추가 (+1),500
7340,4,HOT,0
7340,1,Tall,0
7341,4,HOT,0
7341,1,Tall,0
7341,6,샷 추가 (+1),500
7342,4,HOT,0
7342,1,Tall,0
7342,13,더 달게,0
7342,6,샷 추가 (+1),500
7343,5,ICE,0
7343,1,Tall,0
7343,9,카라멜 시럽,300
7344,4,HOT,0
7344,2,Grande,500
7344,10,휘핑크림 추가,500
7345,5,ICE,0
7345,2,Grande,500
7345,6,샷 추가 (+1),500
7345,7,바닐라 시럽,300
7346,5,ICE,0
7346,3,Venti,1000
7347,4,HOT,0
7347,1,Tall,0
7347,8,헤이즐넛 시럽,300
7348,4,HOT,0
7348,1,Tall,0
7348,13,더 달게,0
7348,6,샷 추가 (+1),500
7348,9,카라멜 시럽,300
7349,5,ICE,0
7349,1,Tall,0
7349,11,기본,0
7349,9,카라멜 시럽,300
7350,5,ICE,0
7350,1,Tall,0
7350,11,기본,0
7350,8,헤이즐넛 시럽,300
7351,5,ICE,0
7351,2,Grande,500
7351,11,기본,0
7351,8,헤이즐넛 시럽,300
7352,5,ICE,0
7352,3,Venti,1000
7352,6,샷 추가 (+1),500
7353,4,HOT,0
7353,1,Tall,0
7354,4,HOT,0
7354,3,Venti,1000
7354,7,바닐라 시럽,300
7355,5,ICE,0
7355,3,Venti,1000
7355,6,샷 추가 (+1),500
7356,5,ICE,0
7356,3,Venti,1000
7356,13,더 달게,0
7356,6,샷 추가 (+1),500
7357,4,HOT,0
7357,2,Grande,500
7357,12,덜 달게,0
7357,6,샷 추가 (+1),500
7358,4,HOT,0
7358,2,Grande,500
7359,5,ICE,0
7359,1,Tall,0
7359,12,덜 달게,0
7360,5,ICE,0
7360,3,Venti,1000
7360,13,더 달게,0
7361,5,ICE,0
7361,3,Venti,1000
7361,13,더 달게,0
7362,5,ICE,0
7362,1,Tall,0
7362,13,더 달게,0
7363,5,ICE,0
7363,1,Tall,0
7363,12,덜 달게,0
7363,7,바닐라 시럽,300
7364,4,HOT,0
7364,2,Grande,500
7364,13,더 달게,0
7364,6,샷 추가 (+1),500
7364,9,카라멜 시럽,300
7365,4,HOT,0
7365,1,Tall,0
7365,13,더 달게,0
7366,4,HOT,0
7366,1,Tall,0
7366,7,바닐라 시럽,300
7367,5,ICE,0
7367,1,Tall,0
7367,13,더 달게,0
7368,4,HOT,0
7368,1,Tall,0
7368,11,기본,0
7368,6,샷 추가 (+1),500
7369,5,ICE,0
7369,2,Grande,500
7369,11,기본,0
7370,4,HOT,0
7370,3,Venti,1000
7370,7,바닐라 시럽,300
7371,4,HOT,0
7371,3,Venti,1000
7371,11,기본,0
7372,4,HOT,0
7372,1,Tall,0
7372,8,헤이즐넛 시럽,300
7373,4,HOT,0
7373,2,Grande,500
7374,5,ICE,0
7374,1,Tall,0
7375,5,ICE,0
7375,3,Venti,1000
7375,13,더 달게,0
7376,4,HOT,0
7376,1,Tall,0
7376,13,더 달게,0
7377,4,HOT,0
7377,2,Grande,500
7377,13,더 달게,0
7377,6,샷 추가 (+1),500
7378,4,HOT,0
7378,2,Grande,500
7378,11,기본,0
7378,6,샷 추가 (+1),500
7378,10,휘핑크림 추가,500
7379,5,ICE,0
7379,3,Venti,1000
7379,13,더 달게,0
7380,5,ICE,0
7380,2,Grande,500
7380,11,기본,0
7381,5,ICE,0
7381,2,Grande,500
7382,5,ICE,0
7382,2,Grande,500
7382,12,덜 달게,0
7382,6,샷 추가 (+1),500
7383,5,ICE,0
7383,2,Grande,500
7383,11,기본,0
7383,10,휘핑크림 추가,500
7384,5,ICE,0
7384,1,Tall,0
7385,5,ICE,0
7385,2,Grande,500
7385,12,덜 달게,0
7385,10,휘핑크림 추가,500
7386,5,ICE,0
7386,3,Venti,1000
7386,6,샷 추가 (+1),500
7387,5,ICE,0
7387,3,Venti,1000
7387,10,휘핑크림 추가,500
7388,4,HOT,0
7388,2,Grande,500
7388,13,더 달게,0
7388,6,샷 추가 (+1),500
7388,7,바닐라 시럽,300
7389,4,HOT,0
7389,3,Venti,1000
7389,11,기본,0
7390,5,ICE,0
7390,2,Grande,500
7390,6,샷 추가 (+1),500
7391,4,HOT,0
7391,1,Tall,0
7391,11,기본,0
7391,9,카라멜 시럽,300
7392,4,HOT,0
7392,3,Venti,1000
7392,11,기본,0
7393,4,HOT,0
7393,2,Grande,500
7393,6,샷 추가 (+1),500
7394,5,ICE,0
7394,2,Grande,500
7394,12,덜 달게,0
7395,5,ICE,0
7395,2,Grande,500
7396,5,ICE,0
7396,2,Grande,500
7396,11,기본,0
7396,8,헤이즐넛 시럽,300
7397,4,HOT,0
7397,3,Venti,1000
7397,11,기본,0
7397,6,샷 추가 (+1),500
7397,8,헤이즐넛 시럽,300
7398,5,ICE,0
7398,3,Venti,1000
7398,11,기본,0
7398,6,샷 추가 (+1),500
7399,4,HOT,0
7399,3,Venti,1000
7399,11,기본,0
7400,5,ICE,0
7400,2,Grande,500
7400,9,카라멜 시럽,300
7401,4,HOT,0
7401,2,Grande,500
7401,11,기본,0
7402,5,ICE,0
7402,1,Tall,0
7402,13,더 달게,0
7403,5,ICE,0
7403,1,Tall,0
7403,13,더 달게,0
7404,4,HOT,0
7404,1,Tall,0
7405,5,ICE,0
7405,2,Grande,500
7405,12,덜 달게,0
7406,5,ICE,0
7406,1,Tall,0
7406,10,휘핑크림 추가,500
7407,4,HOT,0
7407,2,Grande,500
7408,5,ICE,0
7408,3,Venti,1000
7409,4,HOT,0
7409,2,Grande,500
7410,4,HOT,0
7410,2,Grande,500
7410,6,샷 추가 (+1),500
7411,5,ICE,0
7411,1,Tall,0
7411,11,기본,0
7412,4,HOT,0
7412,1,Tall,0
7412,12,덜 달게,0
7413,4,HOT,0
7413,2,Grande,500
7413,8,헤이즐넛 시럽,300
7414,5,ICE,0
7414,1,Tall,0
7415,4,HOT,0
7415,1,Tall,0
7415,12,덜 달게,0
7415,6,샷 추가 (+1),500
7416,5,ICE,0
7416,2,Grande,500
7416,6,샷 추가 (+1),500
7417,4,HOT,0
7417,1,Tall,0
7417,12,덜 달게,0
7418,5,ICE,0
7418,2,Grande,500
7419,5,ICE,0
7419,2,Grande,500
7419,11,기본,0
7420,4,HOT,0
7420,1,Tall,0
7420,11,기본,0
7421,4,HOT,0
7421,1,Tall,0
7421,13,더 달게,0
7422,5,ICE,0
7422,1,Tall,0
7422,11,기본,0
7422,6,샷 추가 (+1),500
7422,7,바닐라 시럽,300
7423,5,ICE,0
7423,2,Grande,500
7423,6,샷 추가 (+1),500
7424,5,ICE,0
7424,3,Venti,1000
7424,7,바닐라 시럽,300
7425,5,ICE,0
7425,2,Grande,500
7425,11,기본,0
7425,6,샷 추가 (+1),500
7426,5,ICE,0
7426,2,Grande,500
7427,5,ICE,0
7427,2,Grande,500
7427,11,기본,0
7427,6,샷 추가 (+1),500
7428,5,ICE,0
7428,3,Venti,1000
7429,4,HOT,0
7429,3,Venti,1000
7429,11,기본,0
7429,6,샷 추가 (+1),500
7430,5,ICE,0
7430,1,Tall,0
7430,12,덜 달게,0
7431,5,ICE,0
7431,1,Tall,0
7431,8,헤이즐넛 시럽,300
7431,10,휘핑크림 추가,500
7432,4,HOT,0
7432,1,Tall,0
7432,8,헤이즐넛 시럽,300
7433,4,HOT,0
7433,2,Grande,500
7433,6,샷 추가 (+1),500
7434,4,HOT,0
7434,2,Grande,500
7434,11,기본,0
7434,6,샷 추가 (+1),500
7435,5,ICE,0
7435,1,Tall,0
7435,6,샷 추가 (+1),500
7436,4,HOT,0
7436,2,Grande,500
7436,9,카라멜 시럽,300
7437,4,HOT,0
7437,2,Grande,500
7437,6,샷 추가 (+1),500
7438,4,HOT,0
7438,3,Venti,1000
7438,8,헤이즐넛 시럽,300
7439,5,ICE,0
7439,1,Tall,0
7439,11,기본,0
7440,4,HOT,0
7440,1,Tall,0
7440,13,더 달게,0
7440,9,카라멜 시럽,300
7441,5,ICE,0
7441,3,Venti,1000
7442,4,HOT,0
7442,1,Tall,0
7443,4,HOT,0
7443,1,Tall,0
7443,6,샷 추가 (+1),500
7444,4,HOT,0
7444,2,Grande,500
7445,5,ICE,0
7445,3,Venti,1000
7445,13,더 달게,0
7446,4,HOT,0
7446,1,Tall,0
7446,11,기본,0
7447,4,HOT,0
7447,2,Grande,500
7447,13,더 달게,0
7448,5,ICE,0
7448,2,Grande,500
7448,12,덜 달게,0
7449,5,ICE,0
7449,2,Grande,500
7449,12,덜 달게,0
7449,6,샷 추가 (+1),500
7450,4,HOT,0
7450,2,Grande,500
7450,7,바닐라 시럽,300
7451,4,HOT,0
7451,3,Venti,1000
7452,5,ICE,0
7452,2,Grande,500
7452,10,휘핑크림 추가,500
7453,5,ICE,0
7453,2,Grande,500
7453,8,헤이즐넛 시럽,300
7454,5,ICE,0
7454,2,Grande,500
7454,12,덜 달게,0
7455,5,ICE,0
7455,3,Venti,1000
7455,11,기본,0
7455,10,휘핑크림 추가,500
7456,5,ICE,0
7456,1,Tall,0
7457,5,ICE,0
7457,1,Tall,0
7457,13,더 달게,0
7458,4,HOT,0
7458,1,Tall,0
7459,5,ICE,0
7459,2,Grande,500
7459,11,기본,0
7460,4,HOT,0
7460,1,Tall,0
7461,5,ICE,0
7461,1,Tall,0
7461,12,덜 달게,0
7462,5,ICE,0
7462,2,Grande,500
7462,11,기본,0
7462,6,샷 추가 (+1),500
7463,5,ICE,0
7463,1,Tall,0
7464,4,HOT,0
7464,2,Grande,500
7464,12,덜 달게,0
7464,6,샷 추가 (+1),500
7465,5,ICE,0
7465,2,Grande,500
7465,8,헤이즐넛 시럽,300
7466,5,ICE,0
7466,3,Venti,1000
7466,12,덜 달게,0
7467,4,HOT,0
7467,1,Tall,0
7468,4,HOT,0
7468,2,Grande,500
7468,13,더 달게,0
7469,4,HOT,0
7469,3,Venti,1000
7469,12,덜 달게,0
7470,5,ICE,0
7470,2,Grande,500
7470,11,기본,0
7470,6,샷 추가 (+1),500
7471,4,HOT,0
7471,1,Tall,0
7472,5,ICE,0
7472,1,Tall,0
7472,11,기본,0
7473,4,HOT,0
7473,3,Venti,1000
7474,5,ICE,0
7474,2,Grande,500
7475,5,ICE,0
7475,3,Venti,1000
7476,4,HOT,0
7476,3,Venti,1000
7476,11,기본,0
7477,4,HOT,0
7477,1,Tall,0
7477,11,기본,0
7478,5,ICE,0
7478,3,Venti,1000
7478,11,기본,0
7479,5,ICE,0
7479,2,Grande,500
7479,13,더 달게,0
7479,9,카라멜 시럽,300
7480,5,ICE,0
7480,2,Grande,500
7480,11,기본,0
7481,5,ICE,0
7481,3,Venti,1000
7482,5,ICE,0
7482,1,Tall,0
7482,6,샷 추가 (+1),500
7482,8,헤이즐넛 시럽,300
7483,4,HOT,0
7483,2,Grande,500
7483,12,덜 달게,0
7484,4,HOT,0
7484,2,Grande,500
7484,6,샷 추가 (+1),500
7485,5,ICE,0
7485,3,Venti,1000
7486,5,ICE,0
7486,3,Venti,1000
7487,4,HOT,0
7487,1,Tall,0
7487,6,샷 추가 (+1),500
7487,8,헤이즐넛 시럽,300
7488,5,ICE,0
7488,1,Tall,0
7488,11,기본,0
7488,6,샷 추가 (+1),500
7489,4,HOT,0
7489,2,Grande,500
7489,12,덜 달게,0
7490,4,HOT,0
7490,2,Grande,500
7490,12,덜 달게,0
7491,4,HOT,0
7491,2,Grande,500
7491,12,덜 달게,0
7491,6,샷 추가 (+1),500
7492,4,HOT,0
7492,2,Grande,500
7493,4,HOT,0
7493,1,Tall,0
7493,13,더 달게,0
7494,4,HOT,0
7494,1,Tall,0
7494,11,기본,0
7494,6,샷 추가 (+1),500
7495,4,HOT,0
7495,3,Venti,1000
7495,9,카라멜 시럽,300
7496,4,HOT,0
7496,1,Tall,0
7496,6,샷 추가 (+1),500
7497,4,HOT,0
7497,2,Grande,500
7498,5,ICE,0
7498,1,Tall,0
7499,5,ICE,0
7499,2,Grande,500
7499,11,기본,0
7499,6,샷 추가 (+1),500
7499,10,휘핑크림 추가,500
7500,4,HOT,0
7500,3,Venti,1000
7500,7,바닐라 시럽,300
7501,4,HOT,0
7501,1,Tall,0
7501,11,기본,0
7502,5,ICE,0
7502,2,Grande,500
7502,11,기본,0
7503,5,ICE,0
7503,1,Tall,0
7503,13,더 달게,0
7504,4,HOT,0
7504,2,Grande,500
7504,13,더 달게,0
7504,9,카라멜 시럽,300
7505,4,HOT,0
7505,3,Venti,1000
7506,4,HOT,0
7506,2,Grande,500
7506,6,샷 추가 (+1),500
7507,4,HOT,0
7507,2,Grande,500
7507,11,기본,0
7508,4,HOT,0
7508,3,Venti,1000
7508,13,더 달게,0
7508,6,샷 추가 (+1),500
7509,5,ICE,0
7509,3,Venti,1000
7509,11,기본,0
7510,4,HOT,0
7510,1,Tall,0
7510,6,샷 추가 (+1),500
7511,4,HOT,0
7511,1,Tall,0
7511,13,더 달게,0
7511,7,바닐라 시럽,300
7512,4,HOT,0
7512,2,Grande,500
7512,13,더 달게,0
7513,4,HOT,0
7513,2,Grande,500
7514,4,HOT,0
7514,1,Tall,0
7514,12,덜 달게,0
7514,6,샷 추가 (+1),500
7514,9,카라멜 시럽,300
7515,4,HOT,0
7515,2,Grande,500
7515,13,더 달게,0
7515,6,샷 추가 (+1),500
7516,4,HOT,0
7516,3,Venti,1000
7516,6,샷 추가 (+1),500
7516,8,헤이즐넛 시럽,300
7517,4,HOT,0
7517,2,Grande,500
7518,5,ICE,0
7518,2,Grande,500
7519,4,HOT,0
7519,2,Grande,500
7519,6,샷 추가 (+1),500
7520,4,HOT,0
7520,1,Tall,0
7520,6,샷 추가 (+1),500
7520,10,휘핑크림 추가,500
7521,4,HOT,0
7521,2,Grande,500
7521,11,기본,0
7522,4,HOT,0
7522,2,Grande,500
7523,4,HOT,0
7523,1,Tall,0
7523,13,더 달게,0
7523,6,샷 추가 (+1),500
7524,5,ICE,0
7524,2,Grande,500
7524,11,기본,0
7524,6,샷 추가 (+1),500
7524,10,휘핑크림 추가,500
7525,5,ICE,0
7525,3,Venti,1000
7525,13,더 달게,0
7525,9,카라멜 시럽,300
7526,4,HOT,0
7526,1,Tall,0
7526,11,기본,0
7526,6,샷 추가 (+1),500
7527,4,HOT,0
7527,2,Grande,500
7528,5,ICE,0
7528,1,Tall,0
7529,4,HOT,0
7529,3,Venti,1000
7529,12,덜 달게,0
7530,4,HOT,0
7530,2,Grande,500
7530,6,샷 추가 (+1),500
7531,4,HOT,0
7531,2,Grande,500
7531,11,기본,0
7532,4,HOT,0
7532,2,Grande,500
7532,10,휘핑크림 추가,500
7533,4,HOT,0
7533,2,Grande,500
7533,12,덜 달게,0
7533,9,카라멜 시럽,300
7534,5,ICE,0
7534,1,Tall,0
7535,4,HOT,0
7535,2,Grande,500
7536,4,HOT,0
7536,2,Grande,500
7536,11,기본,0
7537,5,ICE,0
7537,3,Venti,1000
7537,11,기본,0
7537,8,헤이즐넛 시럽,300
7538,4,HOT,0
7538,3,Venti,1000
7538,11,기본,0
7539,4,HOT,0
7539,2,Grande,500
7539,12,덜 달게,0
7539,7,바닐라 시럽,300
7540,4,HOT,0
7540,2,Grande,500
7540,11,기본,0
7541,5,ICE,0
7541,2,Grande,500
7541,13,더 달게,0
7542,4,HOT,0
7542,1,Tall,0
7543,4,HOT,0
7543,1,Tall,0
7543,11,기본,0
7544,4,HOT,0
7544,1,Tall,0
7544,6,샷 추가 (+1),500
7545,5,ICE,0
7545,3,Venti,1000
7545,6,샷 추가 (+1),500
7545,8,헤이즐넛 시럽,300
7546,5,ICE,0
7546,2,Grande,500
7546,13,더 달게,0
7546,6,샷 추가 (+1),500
7547,5,ICE,0
7547,1,Tall,0
7547,11,기본,0
7547,8,헤이즐넛 시럽,300
7548,4,HOT,0
7548,2,Grande,500
7548,12,덜 달게,0
7549,5,ICE,0
7549,2,Grande,500
7549,11,기본,0
7549,6,샷 추가 (+1),500
7550,4,HOT,0
7550,2,Grande,500
7551,4,HOT,0
7551,3,Venti,1000
7551,13,더 달게,0
7552,5,ICE,0
7552,3,Venti,1000
7552,13,더 달게,0
7553,5,ICE,0
7553,1,Tall,0
7553,12,덜 달게,0
7554,4,HOT,0
7554,1,Tall,0
7554,11,기본,0
7555,4,HOT,0
7555,2,Grande,500
7555,11,기본,0
7555,6,샷 추가 (+1),500
7555,10,휘핑크림 추가,500
7556,4,HOT,0
7556,2,Grande,500
7556,11,기본,0
7556,6,샷 추가 (+1),500
7556,8,헤이즐넛 시럽,300
7557,5,ICE,0
7557,1,Tall,0
7557,11,기본,0
7558,5,ICE,0
7558,1,Tall,0
7558,11,기본,0
7558,6,샷 추가 (+1),500
7559,5,ICE,0
7559,1,Tall,0
7559,9,카라멜 시럽,300
7559,10,휘핑크림 추가,500
7560,5,ICE,0
7560,2,Grande,500
7560,12,덜 달게,0
7561,5,ICE,0
7561,2,Grande,500
7561,8,헤이즐넛 시럽,300
7562,4,HOT,0
7562,3,Venti,1000
7562,6,샷 추가 (+1),500
7563,4,HOT,0
7563,1,Tall,0
7563,10,휘핑크림 추가,500
7564,5,ICE,0
7564,3,Venti,1000
7565,4,HOT,0
7565,1,Tall,0
7565,12,덜 달게,0
7566,4,HOT,0
7566,3,Venti,1000
7567,5,ICE,0
7567,1,Tall,0
7567,6,샷 추가 (+1),500
7568,5,ICE,0
7568,2,Grande,500
7568,10,휘핑크림 추가,500
7569,4,HOT,0
7569,1,Tall,0
7569,12,덜 달게,0
7570,4,HOT,0
7570,2,Grande,500
7570,10,휘핑크림 추가,500
7571,5,ICE,0
7571,2,Grande,500
7571,13,더 달게,0
7571,6,샷 추가 (+1),500
7572,5,ICE,0
7572,3,Venti,1000
7572,8,헤이즐넛 시럽,300
7573,4,HOT,0
7573,3,Venti,1000
7573,7,바닐라 시럽,300
7574,5,ICE,0
7574,1,Tall,0
7575,5,ICE,0
7575,2,Grande,500
7575,12,덜 달게,0
7576,4,HOT,0
7576,2,Grande,500
7576,11,기본,0
7577,4,HOT,0
7577,1,Tall,0
7577,13,더 달게,0
7577,9,카라멜 시럽,300
7578,5,ICE,0
7578,1,Tall,0
7578,8,헤이즐넛 시럽,300
7579,5,ICE,0
7579,3,Venti,1000
7580,5,ICE,0
7580,3,Venti,1000
7580,11,기본,0
7581,4,HOT,0
7581,1,Tall,0
7582,4,HOT,0
7582,3,Venti,1000
7582,12,덜 달게,0
7583,5,ICE,0
7583,3,Venti,1000
7583,8,헤이즐넛 시럽,300
7584,4,HOT,0
7584,2,Grande,500
7584,12,덜 달게,0
7584,7,바닐라 시럽,300
7585,5,ICE,0
7585,2,Grande,500
7585,11,기본,0
7585,9,카라멜 시럽,300
7586,4,HOT,0
7586,1,Tall,0
7587,5,ICE,0
7587,1,Tall,0
7587,13,더 달게,0
7588,5,ICE,0
7588,1,Tall,0
7589,4,HOT,0
7589,3,Venti,1000
7589,11,기본,0
7590,5,ICE,0
7590,2,Grande,500
7590,11,기본,0
7591,5,ICE,0
7591,2,Grande,500
7591,7,바닐라 시럽,300
7592,4,HOT,0
7592,3,Venti,1000
7593,4,HOT,0
7593,2,Grande,500
7594,5,ICE,0
7594,3,Venti,1000
7595,4,HOT,0
7595,1,Tall,0
7595,12,덜 달게,0
7596,5,ICE,0
7596,1,Tall,0
7596,13,더 달게,0
7596,6,샷 추가 (+1),500
7597,4,HOT,0
7597,2,Grande,500
7597,8,헤이즐넛 시럽,300
7598,5,ICE,0
7598,2,Grande,500
7599,5,ICE,0
7599,1,Tall,0
7599,10,휘핑크림 추가,500
7600,4,HOT,0
7600,1,Tall,0
7600,13,더 달게,0
7600,6,샷 추가 (+1),500
7601,4,HOT,0
7601,1,Tall,0
7601,12,덜 달게,0
7602,5,ICE,0
7602,2,Grande,500
7602,6,샷 추가 (+1),500
7602,8,헤이즐넛 시럽,300
7603,5,ICE,0
7603,1,Tall,0
7603,6,샷 추가 (+1),500
7604,4,HOT,0
7604,1,Tall,0
7604,11,기본,0
7605,4,HOT,0
7605,2,Grande,500
7605,6,샷 추가 (+1),500
7605,8,헤이즐넛 시럽,300
7606,5,ICE,0
7606,2,Grande,500
7606,12,덜 달게,0
7607,5,ICE,0
7607,3,Venti,1000
7607,12,덜 달게,0
7607,7,바닐라 시럽,300
7608,5,ICE,0
7608,2,Grande,500
7608,6,샷 추가 (+1),500
7608,7,바닐라 시럽,300
7609,5,ICE,0
7609,3,Venti,1000
7609,11,기본,0
7610,4,HOT,0
7610,3,Venti,1000
7610,11,기본,0
7611,5,ICE,0
7611,2,Grande,500
7611,13,더 달게,0
7611,6,샷 추가 (+1),500
7612,4,HOT,0
7612,3,Venti,1000
7612,11,기본,0
7613,4,HOT,0
7613,1,Tall,0
7613,13,더 달게,0
7614,4,HOT,0
7614,2,Grande,500
7614,11,기본,0
7614,6,샷 추가 (+1),500
7615,4,HOT,0
7615,1,Tall,0
7615,11,기본,0
7616,4,HOT,0
7616,1,Tall,0
7617,5,ICE,0
7617,3,Venti,1000
7618,5,ICE,0
7618,2,Grande,500
7618,13,더 달게,0
7618,6,샷 추가 (+1),500
7619,5,ICE,0
7619,3,Venti,1000
7620,4,HOT,0
7620,1,Tall,0
7620,11,기본,0
7621,4,HOT,0
7621,1,Tall,0
7621,11,기본,0
7621,9,카라멜 시럽,300
7622,5,ICE,0
7622,1,Tall,0
7622,11,기본,0
7622,7,바닐라 시럽,300
7623,4,HOT,0
7623,1,Tall,0
7624,4,HOT,0
7624,3,Venti,1000
7624,12,덜 달게,0
7625,5,ICE,0
7625,2,Grande,500
7626,4,HOT,0
7626,2,Grande,500
7626,12,덜 달게,0
7626,6,샷 추가 (+1),500
7627,5,ICE,0
7627,1,Tall,0
7627,11,기본,0
7628,5,ICE,0
7628,1,Tall,0
7628,11,기본,0
7628,6,샷 추가 (+1),500
7629,4,HOT,0
7629,3,Venti,1000
7630,4,HOT,0
7630,2,Grande,500
7630,11,기본,0
7630,6,샷 추가 (+1),500
7631,5,ICE,0
7631,1,Tall,0
7632,4,HOT,0
7632,3,Venti,1000
7632,12,덜 달게,0
7633,5,ICE,0
7633,1,Tall,0
7633,11,기본,0
7634,4,HOT,0
7634,1,Tall,0
7635,4,HOT,0
7635,2,Grande,500
7635,13,더 달게,0
7636,4,HOT,0
7636,2,Grande,500
7636,11,기본,0
7637,5,ICE,0
7637,1,Tall,0
7637,12,덜 달게,0
7638,5,ICE,0
7638,1,Tall,0
7638,11,기본,0
7639,4,HOT,0
7639,1,Tall,0
7639,13,더 달게,0
7640,4,HOT,0
7640,2,Grande,500
7640,13,더 달게,0
7641,5,ICE,0
7641,1,Tall,0
7641,6,샷 추가 (+1),500
7642,4,HOT,0
7642,2,Grande,500
7642,6,샷 추가 (+1),500
7642,8,헤이즐넛 시럽,300
7643,5,ICE,0
7643,1,Tall,0
7643,13,더 달게,0
7644,4,HOT,0
7644,3,Venti,1000
7644,6,샷 추가 (+1),500
7645,4,HOT,0
7645,3,Venti,1000
7646,4,HOT,0
7646,2,Grande,500
7646,12,덜 달게,0
7646,7,바닐라 시럽,300
7647,5,ICE,0
7647,2,Grande,500
7647,6,샷 추가 (+1),500
7647,9,카라멜 시럽,300
7648,4,HOT,0
7648,3,Venti,1000
7648,11,기본,0
7649,4,HOT,0
7649,2,Grande,500
7650,4,HOT,0
7650,1,Tall,0
7650,6,샷 추가 (+1),500
7651,5,ICE,0
7651,3,Venti,1000
7651,13,더 달게,0
7651,6,샷 추가 (+1),500
7652,5,ICE,0
7652,2,Grande,500
7652,13,더 달게,0
7653,4,HOT,0
7653,1,Tall,0
7653,11,기본,0
7654,4,HOT,0
7654,2,Grande,500
7654,11,기본,0
7654,9,카라멜 시럽,300
7655,4,HOT,0
7655,2,Grande,500
7655,13,더 달게,0
7656,4,HOT,0
7656,2,Grande,500
7656,12,덜 달게,0
7657,4,HOT,0
7657,2,Grande,500
7658,4,HOT,0
7658,2,Grande,500
7658,11,기본,0
7659,4,HOT,0
7659,2,Grande,500
7659,12,덜 달게,0
7660,5,ICE,0
7660,2,Grande,500
7661,4,HOT,0
7661,2,Grande,500
7661,11,기본,0
7662,4,HOT,0
7662,1,Tall,0
7662,12,덜 달게,0
7663,4,HOT,0
7663,1,Tall,0
7664,4,HOT,0
7664,2,Grande,500
7664,12,덜 달게,0
7665,4,HOT,0
7665,2,Grande,500
7665,12,덜 달게,0
7666,4,HOT,0
7666,1,Tall,0
7667,5,ICE,0
7667,1,Tall,0
7667,9,카라멜 시럽,300
7668,4,HOT,0
7668,1,Tall,0
7668,10,휘핑크림 추가,500
7669,5,ICE,0
7669,3,Venti,1000
7669,6,샷 추가 (+1),500
7669,8,헤이즐넛 시럽,300
7670,4,HOT,0
7670,2,Grande,500
7671,4,HOT,0
7671,1,Tall,0
7671,10,휘핑크림 추가,500
7672,5,ICE,0
7672,2,Grande,500
7672,10,휘핑크림 추가,500
7673,5,ICE,0
7673,1,Tall,0
7673,9,카라멜 시럽,300
7674,5,ICE,0
7674,1,Tall,0
7674,6,샷 추가 (+1),500
7675,5,ICE,0
7675,3,Venti,1000
7675,11,기본,0
7676,5,ICE,0
7676,2,Grande,500
7676,13,더 달게,0
7676,6,샷 추가 (+1),500
7677,4,HOT,0
7677,1,Tall,0
7677,6,샷 추가 (+1),500
7678,5,ICE,0
7678,2,Grande,500
7678,12,덜 달게,0
7678,6,샷 추가 (+1),500
7679,4,HOT,0
7679,3,Venti,1000
7679,13,더 달게,0
7679,6,샷 추가 (+1),500
7679,7,바닐라 시럽,300
7680,5,ICE,0
7680,3,Venti,1000
7680,13,더 달게,0
7680,6,샷 추가 (+1),500
7680,9,카라멜 시럽,300
7681,4,HOT,0
7681,2,Grande,500
7681,13,더 달게,0
7682,4,HOT,0
7682,1,Tall,0
7682,11,기본,0
7682,6,샷 추가 (+1),500
7683,4,HOT,0
7683,1,Tall,0
7683,6,샷 추가 (+1),500
7684,5,ICE,0
7684,1,Tall,0
7685,5,ICE,0
7685,2,Grande,500
7685,11,기본,0
7685,6,샷 추가 (+1),500
7685,10,휘핑크림 추가,500
7686,4,HOT,0
7686,1,Tall,0
7687,4,HOT,0
7687,1,Tall,0
7687,11,기본,0
7687,9,카라멜 시럽,300
7687,10,휘핑크림 추가,500
7688,4,HOT,0
7688,2,Grande,500
7689,5,ICE,0
7689,1,Tall,0
7689,6,샷 추가 (+1),500
7690,5,ICE,0
7690,2,Grande,500
7690,12,덜 달게,0
7690,7,바닐라 시럽,300
7691,4,HOT,0
7691,1,Tall,0
7692,4,HOT,0
7692,1,Tall,0
7692,11,기본,0
7693,4,HOT,0
7693,2,Grande,500
7693,11,기본,0
7694,4,HOT,0
7694,2,Grande,500
7695,5,ICE,0
7695,1,Tall,0
7695,13,더 달게,0
7695,6,샷 추가 (+1),500
7696,5,ICE,0
7696,3,Venti,1000
7696,6,샷 추가 (+1),500
7696,10,휘핑크림 추가,500
7697,4,HOT,0
7697,1,Tall,0
7697,11,기본,0
7698,5,ICE,0
7698,1,Tall,0
7698,13,더 달게,0
7698,6,샷 추가 (+1),500
7699,4,HOT,0
7699,3,Venti,1000
7699,13,더 달게,0
7699,6,샷 추가 (+1),500
7699,9,카라멜 시럽,300
7700,4,HOT,0
7700,2,Grande,500
7700,11,기본,0
7701,5,ICE,0
7701,1,Tall,0
7702,5,ICE,0
7702,2,Grande,500
7702,11,기본,0
7702,6,샷 추가 (+1),500
7702,10,휘핑크림 추가,500
7703,4,HOT,0
7703,1,Tall,0
7703,12,덜 달게,0
7703,9,카라멜 시럽,300
7704,5,ICE,0
7704,3,Venti,1000
7704,13,더 달게,0
7705,4,HOT,0
7705,2,Grande,500
7705,11,기본,0
7706,4,HOT,0
7706,2,Grande,500
7706,13,더 달게,0
7707,5,ICE,0
7707,1,Tall,0
7707,11,기본,0
7707,6,샷 추가 (+1),500
7708,5,ICE,0
7708,1,Tall,0
7708,11,기본,0
7708,8,헤이즐넛 시럽,300
7709,4,HOT,0
7709,1,Tall,0
7710,4,HOT,0
7710,2,Grande,500
7710,12,덜 달게,0
7710,6,샷 추가 (+1),500
7711,4,HOT,0
7711,2,Grande,500
7711,11,기본,0
7711,9,카라멜 시럽,300
7711,10,휘핑크림 추가,500
7712,4,HOT,0
7712,2,Grande,500
7712,13,더 달게,0
7712,7,바닐라 시럽,300
7713,5,ICE,0
7713,3,Venti,1000
7713,7,바닐라 시럽,300
7714,4,HOT,0
7714,1,Tall,0
7714,13,더 달게,0
7715,4,HOT,0
7715,2,Grande,500
7716,4,HOT,0
7716,1,Tall,0
7717,4,HOT,0
7717,2,Grande,500
7717,11,기본,0
7718,4,HOT,0
7718,3,Venti,1000
7718,11,기본,0
7719,5,ICE,0
7719,1,Tall,0
7720,4,HOT,0
7720,1,Tall,0
7720,11,기본,0
7721,4,HOT,0
7721,3,Venti,1000
7721,11,기본,0
7722,4,HOT,0
7722,2,Grande,500
7723,4,HOT,0
7723,3,Venti,1000
7723,11,기본,0
7724,5,ICE,0
7724,2,Grande,500
7724,12,덜 달게,0
7724,7,바닐라 시럽,300
7725,4,HOT,0
7725,2,Grande,500
7725,13,더 달게,0
7725,8,헤이즐넛 시럽,300
7726,4,HOT,0
7726,2,Grande,500
7727,4,HOT,0
7727,3,Venti,1000
7727,13,더 달게,0
7728,5,ICE,0
7728,1,Tall,0
7728,12,덜 달게,0
7728,6,샷 추가 (+1),500
7729,5,ICE,0
7729,3,Venti,1000
7729,10,휘핑크림 추가,500
7730,4,HOT,0
7730,2,Grande,500
7730,13,더 달게,0
7731,4,HOT,0
7731,1,Tall,0
7731,11,기본,0
7732,5,ICE,0
7732,1,Tall,0
7732,11,기본,0
7732,8,헤이즐넛 시럽,300
7733,4,HOT,0
7733,2,Grande,500
7733,12,덜 달게,0
7734,4,HOT,0
7734,3,Venti,1000
7734,11,기본,0
7735,4,HOT,0
7735,3,Venti,1000
7735,11,기본,0
7735,6,샷 추가 (+1),500
7736,4,HOT,0
7736,2,Grande,500
7736,11,기본,0
7736,6,샷 추가 (+1),500
7736,8,헤이즐넛 시럽,300
7736,10,휘핑크림 추가,500
7737,4,HOT,0
7737,2,Grande,500
7738,5,ICE,0
7738,2,Grande,500
7738,11,기본,0
7739,5,ICE,0
7739,2,Grande,500
7739,13,더 달게,0
7740,5,ICE,0
7740,2,Grande,500
7741,4,HOT,0
7741,1,Tall,0
7741,11,기본,0
7741,7,바닐라 시럽,300
7742,4,HOT,0
7742,3,Venti,1000
7743,5,ICE,0
7743,2,Grande,500
7743,6,샷 추가 (+1),500
7744,5,ICE,0
7744,3,Venti,1000
7744,13,더 달게,0
7745,5,ICE,0
7745,1,Tall,0
7745,12,덜 달게,0
7745,10,휘핑크림 추가,500
7746,5,ICE,0
7746,1,Tall,0
7746,12,덜 달게,0
7746,6,샷 추가 (+1),500
7746,10,휘핑크림 추가,500
7747,4,HOT,0
7747,1,Tall,0
7747,11,기본,0
7747,6,샷 추가 (+1),500
7748,4,HOT,0
7748,1,Tall,0
7748,11,기본,0
7748,7,바닐라 시럽,300
7749,4,HOT,0
7749,1,Tall,0
7750,5,ICE,0
7750,2,Grande,500
7750,11,기본,0
7750,7,바닐라 시럽,300
7751,4,HOT,0
7751,1,Tall,0
7751,11,기본,0
7751,7,바닐라 시럽,300
7751,10,휘핑크림 추가,500
7752,4,HOT,0
7752,2,Grande,500
7752,11,기본,0
7753,5,ICE,0
7753,2,Grande,500
7753,11,기본,0
7753,6,샷 추가 (+1),500
7753,8,헤이즐넛 시럽,300
7754,4,HOT,0
7754,1,Tall,0
7754,13,더 달게,0
7755,4,HOT,0
7755,3,Venti,1000
7755,12,덜 달게,0
7756,4,HOT,0
7756,2,Grande,500
7756,11,기본,0
7757,4,HOT,0
7757,2,Grande,500
7757,11,기본,0
7757,6,샷 추가 (+1),500
7757,9,카라멜 시럽,300
7758,4,HOT,0
7758,1,Tall,0
7758,11,기본,0
7759,4,HOT,0
7759,2,Grande,500
7759,11,기본,0
7759,6,샷 추가 (+1),500
7760,5,ICE,0
7760,2,Grande,500
7760,12,덜 달게,0
7761,5,ICE,0
7761,2,Grande,500
7762,4,HOT,0
7762,1,Tall,0
7763,4,HOT,0
7763,1,Tall,0
7763,11,기본,0
7764,4,HOT,0
7764,1,Tall,0
7764,11,기본,0
7764,7,바닐라 시럽,300
7765,5,ICE,0
7765,1,Tall,0
7765,6,샷 추가 (+1),500
7766,4,HOT,0
7766,2,Grande,500
7766,9,카라멜 시럽,300
7767,5,ICE,0
7767,2,Grande,500
7767,12,덜 달게,0
7767,6,샷 추가 (+1),500
7768,5,ICE,0
7768,1,Tall,0
7768,12,덜 달게,0
7769,5,ICE,0
7769,1,Tall,0
7769,13,더 달게,0
7769,6,샷 추가 (+1),500
7770,4,HOT,0
7770,2,Grande,500
7771,4,HOT,0
7771,3,Venti,1000
7771,6,샷 추가 (+1),500
7771,10,휘핑크림 추가,500
7772,4,HOT,0
7772,3,Venti,1000
7773,4,HOT,0
7773,1,Tall,0
7773,11,기본,0
7773,6,샷 추가 (+1),500
7774,4,HOT,0
7774,1,Tall,0
7775,4,HOT,0
7775,2,Grande,500
7775,11,기본,0
7775,8,헤이즐넛 시럽,300
7776,4,HOT,0
7776,1,Tall,0
7776,12,덜 달게,0
7777,4,HOT,0
7777,2,Grande,500
7777,13,더 달게,0
7778,4,HOT,0
7778,3,Venti,1000
7778,13,더 달게,0
7779,5,ICE,0
7779,1,Tall,0
7779,11,기본,0
7780,4,HOT,0
7780,2,Grande,500
7780,9,카라멜 시럽,300
7781,4,HOT,0
7781,2,Grande,500
7781,6,샷 추가 (+1),500
7782,4,HOT,0
7782,1,Tall,0
7782,11,기본,0
7782,8,헤이즐넛 시럽,300
7783,4,HOT,0
7783,1,Tall,0
7783,11,기본,0
7783,6,샷 추가 (+1),500
7783,10,휘핑크림 추가,500
7784,4,HOT,0
7784,1,Tall,0
7784,12,덜 달게,0
7785,4,HOT,0
7785,2,Grande,500
7785,12,덜 달게,0
7785,6,샷 추가 (+1),500
7786,4,HOT,0
7786,2,Grande,500
7787,4,HOT,0
7787,2,Grande,500
7787,12,덜 달게,0
7787,6,샷 추가 (+1),500
7787,10,휘핑크림 추가,500
7788,4,HOT,0
7788,1,Tall,0
7788,13,더 달게,0
7788,6,샷 추가 (+1),500
7789,4,HOT,0
7789,2,Grande,500
7789,11,기본,0
7789,6,샷 추가 (+1),500
7789,10,휘핑크림 추가,500
7790,4,HOT,0
7790,3,Venti,1000
7791,4,HOT,0
7791,1,Tall,0
7791,13,더 달게,0
7792,5,ICE,0
7792,1,Tall,0
7792,11,기본,0
7792,7,바닐라 시럽,300
7793,5,ICE,0
7793,3,Venti,1000
7793,11,기본,0
7794,5,ICE,0
7794,3,Venti,1000
7794,12,덜 달게,0
7795,5,ICE,0
7795,3,Venti,1000
7795,11,기본,0
7796,5,ICE,0
7796,3,Venti,1000
7796,11,기본,0
7797,4,HOT,0
7797,1,Tall,0
7797,11,기본,0
7797,6,샷 추가 (+1),500
7798,5,ICE,0
7798,3,Venti,1000
7798,11,기본,0
7799,5,ICE,0
7799,2,Grande,500
7799,6,샷 추가 (+1),500
7799,9,카라멜 시럽,300
7799,10,휘핑크림 추가,500
7800,5,ICE,0
7800,1,Tall,0
7800,6,샷 추가 (+1),500
7801,4,HOT,0
7801,1,Tall,0
7801,13,더 달게,0
7802,4,HOT,0
7802,3,Venti,1000
7802,6,샷 추가 (+1),500
7803,5,ICE,0
7803,1,Tall,0
7804,5,ICE,0
7804,2,Grande,500
7804,11,기본,0
7804,10,휘핑크림 추가,500
7805,5,ICE,0
7805,1,Tall,0
7805,11,기본,0
7805,6,샷 추가 (+1),500
7806,4,HOT,0
7806,1,Tall,0
7807,4,HOT,0
7807,2,Grande,500
7807,11,기본,0
7808,5,ICE,0
7808,2,Grande,500
7809,4,HOT,0
7809,2,Grande,500
7809,8,헤이즐넛 시럽,300
7810,4,HOT,0
7810,1,Tall,0
7810,6,샷 추가 (+1),500
7811,4,HOT,0
7811,3,Venti,1000
7811,13,더 달게,0
7811,10,휘핑크림 추가,500
7812,4,HOT,0
7812,3,Venti,1000
7812,11,기본,0
7812,8,헤이즐넛 시럽,300
7813,5,ICE,0
7813,1,Tall,0
7813,9,카라멜 시럽,300
7813,10,휘핑크림 추가,500
7814,4,HOT,0
7814,1,Tall,0
7814,11,기본,0
7815,4,HOT,0
7815,1,Tall,0
7815,8,헤이즐넛 시럽,300
7816,4,HOT,0
7816,2,Grande,500
7816,11,기본,0
7817,5,ICE,0
7817,1,Tall,0
7817,6,샷 추가 (+1),500
7818,5,ICE,0
7818,1,Tall,0
7818,13,더 달게,0
7818,6,샷 추가 (+1),500
7819,5,ICE,0
7819,1,Tall,0
7819,11,기본,0
7820,4,HOT,0
7820,2,Grande,500
7820,11,기본,0
7821,5,ICE,0
7821,2,Grande,500
7821,12,덜 달게,0
7821,6,샷 추가 (+1),500
7822,4,HOT,0
7822,1,Tall,0
7822,13,더 달게,0
7823,4,HOT,0
7823,2,Grande,500
7823,13,더 달게,0
7824,5,ICE,0
7824,3,Venti,1000
7824,11,기본,0
7824,6,샷 추가 (+1),500
7825,5,ICE,0
7825,2,Grande,500
7825,8,헤이즐넛 시럽,300
7826,5,ICE,0
7826,2,Grande,500
7826,11,기본,0
7827,4,HOT,0
7827,2,Grande,500
7828,5,ICE,0
7828,1,Tall,0
7828,11,기본,0
7828,6,샷 추가 (+1),500
7829,5,ICE,0
7829,1,Tall,0
7830,5,ICE,0
7830,1,Tall,0
7830,13,더 달게,0
7830,7,바닐라 시럽,300
7830,10,휘핑크림 추가,500
7831,4,HOT,0
7831,1,Tall,0
7831,11,기본,0
7832,4,HOT,0
7832,1,Tall,0
7832,12,덜 달게,0
7833,5,ICE,0
7833,1,Tall,0
7833,6,샷 추가 (+1),500
7834,4,HOT,0
7834,2,Grande,500
7834,13,더 달게,0
7835,5,ICE,0
7835,3,Venti,1000
7835,12,덜 달게,0
7835,6,샷 추가 (+1),500
7835,10,휘핑크림 추가,500
7836,5,ICE,0
7836,2,Grande,500
7837,5,ICE,0
7837,2,Grande,500
7837,13,더 달게,0
7838,4,HOT,0
7838,1,Tall,0
7838,6,샷 추가 (+1),500
7839,5,ICE,0
7839,1,Tall,0
7839,12,덜 달게,0
7839,6,샷 추가 (+1),500
7840,5,ICE,0
7840,3,Venti,1000
7840,13,더 달게,0
7840,6,샷 추가 (+1),500
7841,4,HOT,0
7841,2,Grande,500
7841,12,덜 달게,0
7842,4,HOT,0
7842,1,Tall,0
7842,12,덜 달게,0
7842,7,바닐라 시럽,300
7842,10,휘핑크림 추가,500
7843,5,ICE,0
7843,2,Grande,500
7843,6,샷 추가 (+1),500
7843,9,카라멜 시럽,300
7844,5,ICE,0
7844,2,Grande,500
7845,5,ICE,0
7845,2,Grande,500
7845,8,헤이즐넛 시럽,300
7846,4,HOT,0
7846,1,Tall,0
7846,12,덜 달게,0
7846,10,휘핑크림 추가,500
7847,4,HOT,0
7847,3,Venti,1000
7847,12,덜 달게,0
7848,4,HOT,0
7848,3,Venti,1000
7848,11,기본,0
7849,4,HOT,0
7849,2,Grande,500
7849,12,덜 달게,0
7850,4,HOT,0
7850,1,Tall,0
7850,12,덜 달게,0
7850,8,헤이즐넛 시럽,300
7851,4,HOT,0
7851,2,Grande,500
7852,5,ICE,0
7852,3,Venti,1000
7852,11,기본,0
7852,6,샷 추가 (+1),500
7853,4,HOT,0
7853,3,Venti,1000
7853,6,샷 추가 (+1),500
7853,7,바닐라 시럽,300
7854,5,ICE,0
7854,1,Tall,0
7854,12,덜 달게,0
7855,4,HOT,0
7855,1,Tall,0
7856,4,HOT,0
7856,1,Tall,0
7857,5,ICE,0
7857,3,Venti,1000
7857,13,더 달게,0
7858,4,HOT,0
7858,2,Grande,500
7858,6,샷 추가 (+1),500
7859,4,HOT,0
7859,1,Tall,0
7859,11,기본,0
7860,5,ICE,0
7860,2,Grande,500
7860,11,기본,0
7861,5,ICE,0
7861,1,Tall,0
7862,5,ICE,0
7862,3,Venti,1000
7862,11,기본,0
7863,4,HOT,0
7863,3,Venti,1000
7863,13,더 달게,0
7863,7,바닐라 시럽,300
7864,4,HOT,0
7864,3,Venti,1000
7864,6,샷 추가 (+1),500
7865,5,ICE,0
7865,1,Tall,0
7865,12,덜 달게,0
7866,4,HOT,0
7866,1,Tall,0
7866,6,샷 추가 (+1),500
7866,9,카라멜 시럽,300
7866,10,휘핑크림 추가,500
7867,4,HOT,0
7867,1,Tall,0
7867,12,덜 달게,0
7868,5,ICE,0
7868,3,Venti,1000
7868,12,덜 달게,0
7869,4,HOT,0
7869,2,Grande,500
7869,6,샷 추가 (+1),500
7870,4,HOT,0
7870,3,Venti,1000
7870,6,샷 추가 (+1),500
7871,5,ICE,0
7871,1,Tall,0
7871,13,더 달게,0
7872,5,ICE,0
7872,1,Tall,0
7872,11,기본,0
7873,4,HOT,0
7873,1,Tall,0
7873,12,덜 달게,0
7874,4,HOT,0
7874,2,Grande,500
7874,13,더 달게,0
7874,6,샷 추가 (+1),500
7875,5,ICE,0
7875,3,Venti,1000
7875,12,덜 달게,0
7876,4,HOT,0
7876,2,Grande,500
7876,6,샷 추가 (+1),500
7877,5,ICE,0
7877,1,Tall,0
7877,11,기본,0
7878,4,HOT,0
7878,3,Venti,1000
7878,7,바닐라 시럽,300
7879,4,HOT,0
7879,1,Tall,0
7879,12,덜 달게,0
7879,6,샷 추가 (+1),500
7879,9,카라멜 시럽,300
7880,4,HOT,0
7880,2,Grande,500
7880,13,더 달게,0
7880,7,바닐라 시럽,300
7881,5,ICE,0
7881,2,Grande,500
7882,5,ICE,0
7882,3,Venti,1000
7882,13,더 달게,0
7883,4,HOT,0
7883,1,Tall,0
7883,12,덜 달게,0
7883,10,휘핑크림 추가,500
7884,4,HOT,0
7884,2,Grande,500
7885,5,ICE,0
7885,1,Tall,0
7885,6,샷 추가 (+1),500
7886,4,HOT,0
7886,1,Tall,0
7886,6,샷 추가 (+1),500
7887,5,ICE,0
7887,1,Tall,0
7887,6,샷 추가 (+1),500
7888,4,HOT,0
7888,2,Grande,500
7889,4,HOT,0
7889,2,Grande,500
7889,11,기본,0
7890,4,HOT,0
7890,1,Tall,0
7890,13,더 달게,0
7890,9,카라멜 시럽,300
7890,10,휘핑크림 추가,500
7891,4,HOT,0
7891,2,Grande,500
7892,4,HOT,0
7892,3,Venti,1000
7892,11,기본,0
7893,4,HOT,0
7893,2,Grande,500
7893,11,기본,0
7893,6,샷 추가 (+1),500
7894,5,ICE,0
7894,2,Grande,500
7895,4,HOT,0
7895,3,Venti,1000
7895,13,더 달게,0
7896,4,HOT,0
7896,3,Venti,1000
7896,6,샷 추가 (+1),500
7897,4,HOT,0
7897,1,Tall,0
7898,4,HOT,0
7898,2,Grande,500
7898,6,샷 추가 (+1),500
7898,8,헤이즐넛 시럽,300
7898,10,휘핑크림 추가,500
7899,5,ICE,0
7899,2,Grande,500
7899,7,바닐라 시럽,300
7900,5,ICE,0
7900,1,Tall,0
7900,9,카라멜 시럽,300
7901,4,HOT,0
7901,3,Venti,1000
7901,11,기본,0
7901,7,바닐라 시럽,300
7902,4,HOT,0
7902,1,Tall,0
7902,12,덜 달게,0
7902,6,샷 추가 (+1),500
7903,5,ICE,0
7903,2,Grande,500
7904,5,ICE,0
7904,3,Venti,1000
7904,11,기본,0
7904,7,바닐라 시럽,300
7904,10,휘핑크림 추가,500
7905,5,ICE,0
7905,1,Tall,0
7905,6,샷 추가 (+1),500
7905,10,휘핑크림 추가,500
7906,5,ICE,0
7906,1,Tall,0
7906,13,더 달게,0
7906,6,샷 추가 (+1),500
7907,4,HOT,0
7907,1,Tall,0
7907,6,샷 추가 (+1),500
7908,5,ICE,0
7908,1,Tall,0
7908,11,기본,0
7909,5,ICE,0
7909,3,Venti,1000
7909,8,헤이즐넛 시럽,300
7909,10,휘핑크림 추가,500
7910,4,HOT,0
7910,3,Venti,1000
7910,6,샷 추가 (+1),500
7910,10,휘핑크림 추가,500
7911,4,HOT,0
7911,3,Venti,1000
7911,12,덜 달게,0
7911,6,샷 추가 (+1),500
7912,5,ICE,0
7912,1,Tall,0
7913,5,ICE,0
7913,1,Tall,0
7913,11,기본,0
7913,10,휘핑크림 추가,500
7914,5,ICE,0
7914,3,Venti,1000
7914,12,덜 달게,0
7915,5,ICE,0
7915,2,Grande,500
7915,12,덜 달게,0
7915,6,샷 추가 (+1),500
7916,5,ICE,0
7916,2,Grande,500
7916,11,기본,0
7917,5,ICE,0
7917,2,Grande,500
7917,13,더 달게,0
7917,6,샷 추가 (+1),500
7918,4,HOT,0
7918,1,Tall,0
7918,8,헤이즐넛 시럽,300
7919,5,ICE,0
7919,1,Tall,0
7920,4,HOT,0
7920,1,Tall,0
7920,11,기본,0
7921,5,ICE,0
7921,1,Tall,0
7921,13,더 달게,0
7922,4,HOT,0
7922,3,Venti,1000
7922,8,헤이즐넛 시럽,300
7923,4,HOT,0
7923,1,Tall,0
7923,11,기본,0
7924,4,HOT,0
7924,1,Tall,0
7924,13,더 달게,0
7924,6,샷 추가 (+1),500
7924,10,휘핑크림 추가,500
7925,4,HOT,0
7925,2,Grande,500
7925,12,덜 달게,0
7926,5,ICE,0
7926,3,Venti,1000
7926,11,기본,0
7927,4,HOT,0
7927,1,Tall,0
7927,13,더 달게,0
7928,4,HOT,0
7928,1,Tall,0
7928,13,더 달게,0
7929,5,ICE,0
7929,2,Grande,500
7929,13,더 달게,0
7930,5,ICE,0
7930,3,Venti,1000
7930,11,기본,0
7930,6,샷 추가 (+1),500
7931,4,HOT,0
7931,1,Tall,0
7931,12,덜 달게,0
7932,4,HOT,0
7932,3,Venti,1000
7932,11,기본,0
7933,5,ICE,0
7933,2,Grande,500
7933,13,더 달게,0
7934,4,HOT,0
7934,1,Tall,0
7934,12,덜 달게,0
7935,5,ICE,0
7935,1,Tall,0
7935,11,기본,0
7935,10,휘핑크림 추가,500
7936,5,ICE,0
7936,2,Grande,500
7936,10,휘핑크림 추가,500
7937,5,ICE,0
7937,3,Venti,1000
7937,11,기본,0
7938,4,HOT,0
7938,2,Grande,500
7938,6,샷 추가 (+1),500
7939,4,HOT,0
7939,3,Venti,1000
7939,12,덜 달게,0
7940,4,HOT,0
7940,2,Grande,500
7940,13,더 달게,0
7941,4,HOT,0
7941,2,Grande,500
7941,13,더 달게,0
7942,4,HOT,0
7942,2,Grande,500
7942,11,기본,0
7943,4,HOT,0
7943,1,Tall,0
7943,6,샷 추가 (+1),500
7943,7,바닐라 시럽,300
7944,5,ICE,0
7944,1,Tall,0
7945,5,ICE,0
7945,1,Tall,0
7946,5,ICE,0
7946,2,Grande,500
7946,13,더 달게,0
7947,4,HOT,0
7947,1,Tall,0
7947,13,더 달게,0
7947,10,휘핑크림 추가,500
7948,4,HOT,0
7948,2,Grande,500
7949,5,ICE,0
7949,2,Grande,500
7949,11,기본,0
7950,4,HOT,0
7950,3,Venti,1000
7950,11,기본,0
7950,6,샷 추가 (+1),500
7950,8,헤이즐넛 시럽,300
7951,4,HOT,0
7951,1,Tall,0
7951,13,더 달게,0
7951,10,휘핑크림 추가,500
7952,5,ICE,0
7952,1,Tall,0
7952,11,기본,0
7952,6,샷 추가 (+1),500
7953,5,ICE,0
7953,2,Grande,500
7953,12,덜 달게,0
7953,6,샷 추가 (+1),500
7954,4,HOT,0
7954,2,Grande,500
7955,4,HOT,0
7955,1,Tall,0
7955,11,기본,0
7955,6,샷 추가 (+1),500
7956,4,HOT,0
7956,2,Grande,500
7956,9,카라멜 시럽,300
7957,5,ICE,0
7957,2,Grande,500
7957,9,카라멜 시럽,300
7958,4,HOT,0
7958,1,Tall,0
7959,4,HOT,0
7959,2,Grande,500
7959,11,기본,0
7960,5,ICE,0
7960,1,Tall,0
7960,11,기본,0
7961,4,HOT,0
7961,3,Venti,1000
7961,11,기본,0
7961,6,샷 추가 (+1),500
7961,10,휘핑크림 추가,500
7962,4,HOT,0
7962,3,Venti,1000
7962,8,헤이즐넛 시럽,300
7962,10,휘핑크림 추가,500
7963,4,HOT,0
7963,2,Grande,500
7964,4,HOT,0
7964,1,Tall,0
7964,6,샷 추가 (+1),500
7965,5,ICE,0
7965,1,Tall,0
7965,6,샷 추가 (+1),500
7966,4,HOT,0
7966,2,Grande,500
7966,12,덜 달게,0
7967,4,HOT,0
7967,1,Tall,0
7967,11,기본,0
7967,6,샷 추가 (+1),500
7968,5,ICE,0
7968,3,Venti,1000
7968,11,기본,0
7968,6,샷 추가 (+1),500
7968,8,헤이즐넛 시럽,300
7969,4,HOT,0
7969,2,Grande,500
7969,13,더 달게,0
7969,6,샷 추가 (+1),500
7970,4,HOT,0
7970,1,Tall,0
7970,12,덜 달게,0
7971,4,HOT,0
7971,2,Grande,500
7971,6,샷 추가 (+1),500
7972,5,ICE,0
7972,1,Tall,0
7972,11,기본,0
7973,5,ICE,0
7973,2,Grande,500
7973,6,샷 추가 (+1),500
7973,8,헤이즐넛 시럽,300
7974,4,HOT,0
7974,1,Tall,0
7974,11,기본,0
7975,4,HOT,0
7975,2,Grande,500
7975,6,샷 추가 (+1),500
7976,5,ICE,0
7976,2,Grande,500
7976,12,덜 달게,0
7977,5,ICE,0
7977,1,Tall,0
7978,4,HOT,0
7978,2,Grande,500
7978,11,기본,0
7978,8,헤이즐넛 시럽,300
7979,4,HOT,0
7979,2,Grande,500
7979,11,기본,0
7980,4,HOT,0
7980,1,Tall,0
7980,11,기본,0
7981,4,HOT,0
7981,3,Venti,1000
7981,11,기본,0
7982,4,HOT,0
7982,2,Grande,500
7982,8,헤이즐넛 시럽,300
7982,10,휘핑크림 추가,500
7983,5,ICE,0
7983,3,Venti,1000
7983,11,기본,0
7984,5,ICE,0
7984,1,Tall,0
7984,12,덜 달게,0
7985,5,ICE,0
7985,2,Grande,500
7985,11,기본,0
7985,6,샷 추가 (+1),500
7986,5,ICE,0
7986,2,Grande,500
7986,11,기본,0
7986,6,샷 추가 (+1),500
7986,8,헤이즐넛 시럽,300
7987,5,ICE,0
7987,1,Tall,0
7987,12,덜 달게,0
7988,4,HOT,0
7988,1,Tall,0
7988,10,휘핑크림 추가,500
7989,4,HOT,0
7989,2,Grande,500
7989,13,더 달게,0
7989,10,휘핑크림 추가,500
7990,4,HOT,0
7990,2,Grande,500
7990,12,덜 달게,0
7991,4,HOT,0
7991,2,Grande,500
7991,11,기본,0
7991,6,샷 추가 (+1),500
7991,10,휘핑크림 추가,500
7992,4,HOT,0
7992,2,Grande,500
7992,13,더 달게,0
7992,9,카라멜 시럽,300
7992,10,휘핑크림 추가,500
7993,4,HOT,0
7993,2,Grande,500
7993,11,기본,0
7993,6,샷 추가 (+1),500
7993,8,헤이즐넛 시럽,300
7994,4,HOT,0
7994,2,Grande,500
7994,10,휘핑크림 추가,500
7995,4,HOT,0
7995,1,Tall,0
7995,6,샷 추가 (+1),500
7996,5,ICE,0
7996,1,Tall,0
7997,5,ICE,0
7997,3,Venti,1000
7997,6,샷 추가 (+1),500
7997,9,카라멜 시럽,300
7998,4,HOT,0
7998,3,Venti,1000
7998,11,기본,0
7999,4,HOT,0
7999,2,Grande,500
7999,12,덜 달게,0
7999,6,샷 추가 (+1),500
8000,4,HOT,0
8000,1,Tall,0
8000,6,샷 추가 (+1),500
8001,5,ICE,0
8001,1,Tall,0
8002,5,ICE,0
8002,2,Grande,500
8002,12,덜 달게,0
8002,9,카라멜 시럽,300
8003,4,HOT,0
8003,2,Grande,500
8003,11,기본,0
8003,6,샷 추가 (+1),500
8004,4,HOT,0
8004,1,Tall,0
8004,13,더 달게,0
8005,5,ICE,0
8005,1,Tall,0
8006,4,HOT,0
8006,1,Tall,0
8006,11,기본,0
8006,6,샷 추가 (+1),500
8007,4,HOT,0
8007,2,Grande,500
8007,8,헤이즐넛 시럽,300
8008,4,HOT,0
8008,1,Tall,0
8008,8,헤이즐넛 시럽,300
8008,10,휘핑크림 추가,500
8009,5,ICE,0
8009,2,Grande,500
8009,13,더 달게,0
8009,6,샷 추가 (+1),500
8010,4,HOT,0
8010,1,Tall,0
8010,8,헤이즐넛 시럽,300
8011,5,ICE,0
8011,2,Grande,500
8012,5,ICE,0
8012,2,Grande,500
8012,11,기본,0
8012,6,샷 추가 (+1),500
8013,4,HOT,0
8013,1,Tall,0
8013,12,덜 달게,0
8014,4,HOT,0
8014,2,Grande,500
8014,12,덜 달게,0
8015,4,HOT,0
8015,3,Venti,1000
8015,11,기본,0
8015,7,바닐라 시럽,300
8016,4,HOT,0
8016,2,Grande,500
8016,11,기본,0
8017,4,HOT,0
8017,2,Grande,500
8017,11,기본,0
8018,4,HOT,0
8018,2,Grande,500
8019,4,HOT,0
8019,2,Grande,500
8020,5,ICE,0
8020,1,Tall,0
8020,6,샷 추가 (+1),500
8021,4,HOT,0
8021,1,Tall,0
8021,11,기본,0
8021,7,바닐라 시럽,300
8022,4,HOT,0
8022,3,Venti,1000
8022,13,더 달게,0
8022,6,샷 추가 (+1),500
8023,5,ICE,0
8023,3,Venti,1000
8023,11,기본,0
8024,4,HOT,0
8024,3,Venti,1000
8024,11,기본,0
8024,6,샷 추가 (+1),500
8025,5,ICE,0
8025,3,Venti,1000
8026,4,HOT,0
8026,2,Grande,500
8027,5,ICE,0
8027,2,Grande,500
8027,6,샷 추가 (+1),500
8027,9,카라멜 시럽,300
8028,5,ICE,0
8028,1,Tall,0
8028,11,기본,0
8028,6,샷 추가 (+1),500
8029,4,HOT,0
8029,3,Venti,1000
8030,4,HOT,0
8030,2,Grande,500
8030,13,더 달게,0
8031,5,ICE,0
8031,2,Grande,500
8031,6,샷 추가 (+1),500
8032,4,HOT,0
8032,2,Grande,500
8032,9,카라멜 시럽,300
8033,5,ICE,0
8033,2,Grande,500
8033,8,헤이즐넛 시럽,300
8034,4,HOT,0
8034,2,Grande,500
8034,6,샷 추가 (+1),500
8035,4,HOT,0
8035,1,Tall,0
8036,5,ICE,0
8036,3,Venti,1000
8037,5,ICE,0
8037,1,Tall,0
8037,11,기본,0
8038,4,HOT,0
8038,2,Grande,500
8038,11,기본,0
8039,4,HOT,0
8039,2,Grande,500
8039,11,기본,0
8040,5,ICE,0
8040,2,Grande,500
8040,11,기본,0
8040,9,카라멜 시럽,300
8041,5,ICE,0
8041,2,Grande,500
8041,13,더 달게,0
8042,4,HOT,0
8042,1,Tall,0
8042,13,더 달게,0
8042,6,샷 추가 (+1),500
8043,5,ICE,0
8043,2,Grande,500
8043,6,샷 추가 (+1),500
8044,4,HOT,0
8044,3,Venti,1000
8044,9,카라멜 시럽,300
8044,10,휘핑크림 추가,500
8045,4,HOT,0
8045,2,Grande,500
8045,8,헤이즐넛 시럽,300
8046,4,HOT,0
8046,2,Grande,500
8046,11,기본,0
8046,6,샷 추가 (+1),500
8046,10,휘핑크림 추가,500
8047,4,HOT,0
8047,2,Grande,500
8047,13,더 달게,0
8048,4,HOT,0
8048,2,Grande,500
8048,13,더 달게,0
8048,6,샷 추가 (+1),500
8048,7,바닐라 시럽,300
8049,4,HOT,0
8049,3,Venti,1000
8050,5,ICE,0
8050,2,Grande,500
8051,5,ICE,0
8051,1,Tall,0
8052,5,ICE,0
8052,2,Grande,500
8052,11,기본,0
8053,4,HOT,0
8053,1,Tall,0
8053,11,기본,0
8053,6,샷 추가 (+1),500
8053,10,휘핑크림 추가,500
8054,4,HOT,0
8054,1,Tall,0
8055,4,HOT,0
8055,3,Venti,1000
8055,11,기본,0
8056,4,HOT,0
8056,1,Tall,0
8056,11,기본,0
8057,4,HOT,0
8057,2,Grande,500
8057,13,더 달게,0
8058,5,ICE,0
8058,3,Venti,1000
8059,4,HOT,0
8059,2,Grande,500
8060,5,ICE,0
8060,1,Tall,0
8061,5,ICE,0
8061,2,Grande,500
8061,6,샷 추가 (+1),500
8062,5,ICE,0
8062,2,Grande,500
8062,12,덜 달게,0
8063,5,ICE,0
8063,1,Tall,0
8063,9,카라멜 시럽,300
8064,5,ICE,0
8064,1,Tall,0
8064,9,카라멜 시럽,300
8065,5,ICE,0
8065,1,Tall,0
8065,6,샷 추가 (+1),500
8065,8,헤이즐넛 시럽,300
8065,10,휘핑크림 추가,500
8066,4,HOT,0
8066,2,Grande,500
8066,12,덜 달게,0
8067,4,HOT,0
8067,1,Tall,0
8067,11,기본,0
8068,5,ICE,0
8068,2,Grande,500
8068,12,덜 달게,0
8068,9,카라멜 시럽,300
8069,5,ICE,0
8069,3,Venti,1000
8069,13,더 달게,0
8070,4,HOT,0
8070,2,Grande,500
8070,13,더 달게,0
8070,6,샷 추가 (+1),500
8071,4,HOT,0
8071,2,Grande,500
8071,6,샷 추가 (+1),500
8072,4,HOT,0
8072,3,Venti,1000
8073,5,ICE,0
8073,1,Tall,0
8073,11,기본,0
8073,9,카라멜 시럽,300
8074,5,ICE,0
8074,3,Venti,1000
8074,13,더 달게,0
8074,6,샷 추가 (+1),500
8075,5,ICE,0
8075,3,Venti,1000
8076,5,ICE,0
8076,1,Tall,0
8077,4,HOT,0
8077,3,Venti,1000
8077,7,바닐라 시럽,300
8078,4,HOT,0
8078,3,Venti,1000
8078,11,기본,0
8078,6,샷 추가 (+1),500
8079,5,ICE,0
8079,3,Venti,1000
8079,13,더 달게,0
8079,10,휘핑크림 추가,500
8080,4,HOT,0
8080,1,Tall,0
8080,13,더 달게,0
8081,4,HOT,0
8081,2,Grande,500
8081,12,덜 달게,0
8081,6,샷 추가 (+1),500
8082,4,HOT,0
8082,2,Grande,500
8082,6,샷 추가 (+1),500
8083,4,HOT,0
8083,3,Venti,1000
8084,4,HOT,0
8084,2,Grande,500
8084,7,바닐라 시럽,300
8084,10,휘핑크림 추가,500
8085,4,HOT,0
8085,1,Tall,0
8086,4,HOT,0
8086,3,Venti,1000
8086,11,기본,0
8087,5,ICE,0
8087,1,Tall,0
8087,7,바닐라 시럽,300
8087,10,휘핑크림 추가,500
8088,4,HOT,0
8088,2,Grande,500
8089,5,ICE,0
8089,3,Venti,1000
8089,8,헤이즐넛 시럽,300
8090,4,HOT,0
8090,1,Tall,0
8090,6,샷 추가 (+1),500
8091,4,HOT,0
8091,3,Venti,1000
8091,11,기본,0
8092,4,HOT,0
8092,1,Tall,0
8092,11,기본,0
8092,9,카라멜 시럽,300
8093,4,HOT,0
8093,2,Grande,500
8093,11,기본,0
8094,4,HOT,0
8094,1,Tall,0
8094,13,더 달게,0
8094,9,카라멜 시럽,300
8095,5,ICE,0
8095,3,Venti,1000
8095,12,덜 달게,0
8096,4,HOT,0
8096,1,Tall,0
8097,5,ICE,0
8097,3,Venti,1000
8097,13,더 달게,0
8098,4,HOT,0
8098,1,Tall,0
8098,11,기본,0
8099,4,HOT,0
8099,3,Venti,1000
8099,6,샷 추가 (+1),500
8099,10,휘핑크림 추가,500
8100,5,ICE,0
8100,3,Venti,1000
8100,13,더 달게,0
8100,9,카라멜 시럽,300
8101,5,ICE,0
8101,1,Tall,0
8101,11,기본,0
8102,4,HOT,0
8102,1,Tall,0
8102,13,더 달게,0
8103,5,ICE,0
8103,2,Grande,500
8103,12,덜 달게,0
8103,7,바닐라 시럽,300
8104,4,HOT,0
8104,1,Tall,0
8105,5,ICE,0
8105,2,Grande,500
8105,12,덜 달게,0
8106,4,HOT,0
8106,3,Venti,1000
8107,4,HOT,0
8107,1,Tall,0
8107,13,더 달게,0
8107,6,샷 추가 (+1),500
8107,9,카라멜 시럽,300
8108,5,ICE,0
8108,1,Tall,0
8108,13,더 달게,0
8108,6,샷 추가 (+1),500
8109,4,HOT,0
8109,2,Grande,500
8109,11,기본,0
8109,6,샷 추가 (+1),500
8109,9,카라멜 시럽,300
8110,4,HOT,0
8110,3,Venti,1000
8110,11,기본,0
8111,5,ICE,0
8111,1,Tall,0
8111,11,기본,0
8112,4,HOT,0
8112,2,Grande,500
8112,11,기본,0
8112,6,샷 추가 (+1),500
8113,4,HOT,0
8113,1,Tall,0
8114,5,ICE,0
8114,2,Grande,500
8114,6,샷 추가 (+1),500
8114,10,휘핑크림 추가,500
8115,4,HOT,0
8115,1,Tall,0
8115,11,기본,0
8115,8,헤이즐넛 시럽,300
8116,5,ICE,0
8116,2,Grande,500
8116,13,더 달게,0
8116,7,바닐라 시럽,300
8117,4,HOT,0
8117,1,Tall,0
8117,12,덜 달게,0
8117,6,샷 추가 (+1),500
8117,9,카라멜 시럽,300
8118,5,ICE,0
8118,1,Tall,0
8119,5,ICE,0
8119,2,Grande,500
8119,11,기본,0
8119,7,바닐라 시럽,300
8120,5,ICE,0
8120,2,Grande,500
8120,11,기본,0
8120,6,샷 추가 (+1),500
8121,4,HOT,0
8121,2,Grande,500
8121,12,덜 달게,0
8122,4,HOT,0
8122,2,Grande,500
8122,13,더 달게,0
8122,8,헤이즐넛 시럽,300
8123,4,HOT,0
8123,1,Tall,0
8123,11,기본,0
8123,6,샷 추가 (+1),500
8124,4,HOT,0
8124,2,Grande,500
8124,13,더 달게,0
8124,10,휘핑크림 추가,500
8125,4,HOT,0
8125,2,Grande,500
8125,11,기본,0
8126,4,HOT,0
8126,2,Grande,500
8126,13,더 달게,0
8126,8,헤이즐넛 시럽,300
8127,4,HOT,0
8127,3,Venti,1000
8127,11,기본,0
8127,10,휘핑크림 추가,500
8128,4,HOT,0
8128,2,Grande,500
8128,12,덜 달게,0
8128,8,헤이즐넛 시럽,300
8129,5,ICE,0
8129,2,Grande,500
8129,6,샷 추가 (+1),500
8129,9,카라멜 시럽,300
8130,5,ICE,0
8130,1,Tall,0
8130,11,기본,0
8130,8,헤이즐넛 시럽,300
8131,4,HOT,0
8131,1,Tall,0
8132,5,ICE,0
8132,2,Grande,500
8132,11,기본,0
8132,6,샷 추가 (+1),500
8133,4,HOT,0
8133,2,Grande,500
8133,12,덜 달게,0
8133,10,휘핑크림 추가,500
8134,4,HOT,0
8134,3,Venti,1000
8134,12,덜 달게,0
8134,6,샷 추가 (+1),500
8135,5,ICE,0
8135,1,Tall,0
8135,13,더 달게,0
8136,4,HOT,0
8136,3,Venti,1000
8136,6,샷 추가 (+1),500
8137,4,HOT,0
8137,1,Tall,0
8137,6,샷 추가 (+1),500
8138,5,ICE,0
8138,1,Tall,0
8138,11,기본,0
8138,6,샷 추가 (+1),500
8139,5,ICE,0
8139,1,Tall,0
8140,5,ICE,0
8140,3,Venti,1000
8140,11,기본,0
8140,7,바닐라 시럽,300
8141,5,ICE,0
8141,1,Tall,0
8141,13,더 달게,0
8141,8,헤이즐넛 시럽,300
8142,4,HOT,0
8142,2,Grande,500
8142,11,기본,0
8143,4,HOT,0
8143,2,Grande,500
8143,11,기본,0
8143,6,샷 추가 (+1),500
8144,4,HOT,0
8144,3,Venti,1000
8144,7,바닐라 시럽,300
8145,5,ICE,0
8145,2,Grande,500
8145,12,덜 달게,0
8146,4,HOT,0
8146,1,Tall,0
8146,11,기본,0
8147,4,HOT,0
8147,3,Venti,1000
8147,6,샷 추가 (+1),500
8148,4,HOT,0
8148,1,Tall,0
8148,12,덜 달게,0
8149,4,HOT,0
8149,2,Grande,500
8149,6,샷 추가 (+1),500
8150,5,ICE,0
8150,2,Grande,500
8150,13,더 달게,0
8150,6,샷 추가 (+1),500
8150,9,카라멜 시럽,300
8151,4,HOT,0
8151,2,Grande,500
8151,6,샷 추가 (+1),500
8152,4,HOT,0
8152,1,Tall,0
8152,6,샷 추가 (+1),500
8153,4,HOT,0
8153,2,Grande,500
8153,11,기본,0
8154,4,HOT,0
8154,3,Venti,1000
8155,4,HOT,0
8155,1,Tall,0
8155,11,기본,0
8156,5,ICE,0
8156,1,Tall,0
8156,10,휘핑크림 추가,500
8157,5,ICE,0
8157,2,Grande,500
8157,11,기본,0
8158,4,HOT,0
8158,1,Tall,0
8159,5,ICE,0
8159,2,Grande,500
8160,5,ICE,0
8160,2,Grande,500
8160,11,기본,0
8161,5,ICE,0
8161,1,Tall,0
8161,12,덜 달게,0
8162,5,ICE,0
8162,2,Grande,500
8163,4,HOT,0
8163,2,Grande,500
8163,8,헤이즐넛 시럽,300
8164,4,HOT,0
8164,3,Venti,1000
8164,12,덜 달게,0
8164,6,샷 추가 (+1),500
8165,4,HOT,0
8165,1,Tall,0
8165,6,샷 추가 (+1),500
8166,4,HOT,0
8166,1,Tall,0
8166,11,기본,0
8167,5,ICE,0
8167,1,Tall,0
8167,11,기본,0
8167,10,휘핑크림 추가,500
8168,4,HOT,0
8168,1,Tall,0
8168,11,기본,0
8169,5,ICE,0
8169,3,Venti,1000
8169,10,휘핑크림 추가,500
8170,4,HOT,0
8170,2,Grande,500
8170,6,샷 추가 (+1),500
8171,4,HOT,0
8171,2,Grande,500
8171,11,기본,0
8172,4,HOT,0
8172,1,Tall,0
8173,4,HOT,0
8173,1,Tall,0
8173,11,기본,0
8173,6,샷 추가 (+1),500
8174,5,ICE,0
8174,1,Tall,0
8174,11,기본,0
8174,6,샷 추가 (+1),500
8175,5,ICE,0
8175,1,Tall,0
8176,5,ICE,0
8176,1,Tall,0
8176,6,샷 추가 (+1),500
8177,4,HOT,0
8177,1,Tall,0
8177,13,더 달게,0
8177,6,샷 추가 (+1),500
8178,4,HOT,0
8178,1,Tall,0
8178,11,기본,0
8179,4,HOT,0
8179,2,Grande,500
8179,11,기본,0
8180,5,ICE,0
8180,2,Grande,500
8180,11,기본,0
8180,6,샷 추가 (+1),500
8181,5,ICE,0
8181,1,Tall,0
8181,6,샷 추가 (+1),500
8181,8,헤이즐넛 시럽,300
8182,4,HOT,0
8182,2,Grande,500
8182,11,기본,0
8182,6,샷 추가 (+1),500
8183,5,ICE,0
8183,1,Tall,0
8183,11,기본,0
8184,4,HOT,0
8184,1,Tall,0
8185,5,ICE,0
8185,2,Grande,500
8185,13,더 달게,0
8186,4,HOT,0
8186,1,Tall,0
8186,11,기본,0
8186,10,휘핑크림 추가,500
8187,4,HOT,0
8187,1,Tall,0
8187,6,샷 추가 (+1),500
8187,7,바닐라 시럽,300
8187,10,휘핑크림 추가,500
8188,4,HOT,0
8188,1,Tall,0
8188,9,카라멜 시럽,300
8188,10,휘핑크림 추가,500
8189,4,HOT,0
8189,3,Venti,1000
8190,4,HOT,0
8190,3,Venti,1000
8190,11,기본,0
8191,4,HOT,0
8191,2,Grande,500
8191,11,기본,0
8192,4,HOT,0
8192,1,Tall,0
8192,12,덜 달게,0
8192,6,샷 추가 (+1),500
8193,5,ICE,0
8193,1,Tall,0
8194,5,ICE,0
8194,2,Grande,500
8194,12,덜 달게,0
8195,4,HOT,0
8195,1,Tall,0
8195,12,덜 달게,0
8195,10,휘핑크림 추가,500
8196,4,HOT,0
8196,2,Grande,500
8196,11,기본,0
8197,5,ICE,0
8197,2,Grande,500
8197,11,기본,0
8198,4,HOT,0
8198,2,Grande,500
8198,8,헤이즐넛 시럽,300
8199,4,HOT,0
8199,2,Grande,500
8199,11,기본,0
8199,6,샷 추가 (+1),500
8199,7,바닐라 시럽,300
8200,4,HOT,0
8200,2,Grande,500
8200,8,헤이즐넛 시럽,300
8201,4,HOT,0
8201,3,Venti,1000
8201,11,기본,0
8202,5,ICE,0
8202,2,Grande,500
8203,4,HOT,0
8203,3,Venti,1000
8203,12,덜 달게,0
8204,5,ICE,0
8204,1,Tall,0
8204,13,더 달게,0
8205,4,HOT,0
8205,1,Tall,0
8205,8,헤이즐넛 시럽,300
8206,4,HOT,0
8206,1,Tall,0
8206,11,기본,0
8206,9,카라멜 시럽,300
8207,4,HOT,0
8207,3,Venti,1000
8207,13,더 달게,0
8207,6,샷 추가 (+1),500
8208,5,ICE,0
8208,2,Grande,500
8209,4,HOT,0
8209,2,Grande,500
8209,11,기본,0
8209,10,휘핑크림 추가,500
8210,5,ICE,0
8210,2,Grande,500
8210,6,샷 추가 (+1),500
8211,5,ICE,0
8211,1,Tall,0
8212,5,ICE,0
8212,3,Venti,1000
8212,13,더 달게,0
8212,7,바닐라 시럽,300
8213,4,HOT,0
8213,2,Grande,500
8213,13,더 달게,0
8213,8,헤이즐넛 시럽,300
8214,4,HOT,0
8214,3,Venti,1000
8214,6,샷 추가 (+1),500
8214,7,바닐라 시럽,300
8215,4,HOT,0
8215,2,Grande,500
8216,5,ICE,0
8216,2,Grande,500
8217,4,HOT,0
8217,2,Grande,500
8218,5,ICE,0
8218,3,Venti,1000
8218,12,덜 달게,0
8218,6,샷 추가 (+1),500
8218,10,휘핑크림 추가,500
8219,5,ICE,0
8219,2,Grande,500
8219,9,카라멜 시럽,300
8220,4,HOT,0
8220,2,Grande,500
8220,12,덜 달게,0
8221,4,HOT,0
8221,2,Grande,500
8222,4,HOT,0
8222,2,Grande,500
8222,11,기본,0
8222,6,샷 추가 (+1),500
8222,9,카라멜 시럽,300
8223,4,HOT,0
8223,2,Grande,500
8224,5,ICE,0
8224,2,Grande,500
8224,12,덜 달게,0
8224,6,샷 추가 (+1),500
8225,4,HOT,0
8225,2,Grande,500
8225,11,기본,0
8225,6,샷 추가 (+1),500
8226,5,ICE,0
8226,3,Venti,1000
8227,5,ICE,0
8227,2,Grande,500
8227,6,샷 추가 (+1),500
8228,5,ICE,0
8228,1,Tall,0
8228,11,기본,0
8229,4,HOT,0
8229,2,Grande,500
8230,5,ICE,0
8230,2,Grande,500
8231,4,HOT,0
8231,1,Tall,0
8231,13,더 달게,0
8232,4,HOT,0
8232,1,Tall,0
8232,13,더 달게,0
8233,5,ICE,0
8233,1,Tall,0
8233,13,더 달게,0
8234,5,ICE,0
8234,2,Grande,500
8234,6,샷 추가 (+1),500
8234,8,헤이즐넛 시럽,300
8235,5,ICE,0
8235,3,Venti,1000
8235,13,더 달게,0
8235,8,헤이즐넛 시럽,300
8236,5,ICE,0
8236,2,Grande,500
8236,12,덜 달게,0
8237,4,HOT,0
8237,1,Tall,0
8237,11,기본,0
8237,9,카라멜 시럽,300
8238,4,HOT,0
8238,1,Tall,0
8238,6,샷 추가 (+1),500
8239,4,HOT,0
8239,2,Grande,500
8240,4,HOT,0
8240,3,Venti,1000
8240,11,기본,0
8241,4,HOT,0
8241,2,Grande,500
8241,13,더 달게,0
8241,6,샷 추가 (+1),500
8242,5,ICE,0
8242,2,Grande,500
8242,13,더 달게,0
8242,10,휘핑크림 추가,500
8243,5,ICE,0
8243,2,Grande,500
8244,5,ICE,0
8244,1,Tall,0
8244,11,기본,0
8244,9,카라멜 시럽,300
8244,10,휘핑크림 추가,500
8245,4,HOT,0
8245,3,Venti,1000
8245,11,기본,0
8245,6,샷 추가 (+1),500
8245,10,휘핑크림 추가,500
8246,4,HOT,0
8246,3,Venti,1000
8246,12,덜 달게,0
8246,10,휘핑크림 추가,500
8247,5,ICE,0
8247,2,Grande,500
8247,11,기본,0
8247,10,휘핑크림 추가,500
8248,5,ICE,0
8248,3,Venti,1000
8248,8,헤이즐넛 시럽,300
8249,5,ICE,0
8249,1,Tall,0
8249,11,기본,0
8250,4,HOT,0
8250,2,Grande,500
8250,12,덜 달게,0
8251,4,HOT,0
8251,1,Tall,0
8251,13,더 달게,0
8251,6,샷 추가 (+1),500
8252,4,HOT,0
8252,2,Grande,500
8252,12,덜 달게,0
8253,4,HOT,0
8253,1,Tall,0
8253,13,더 달게,0
8254,5,ICE,0
8254,3,Venti,1000
8254,13,더 달게,0
8255,4,HOT,0
8255,3,Venti,1000
8256,4,HOT,0
8256,1,Tall,0
8256,11,기본,0
8256,7,바닐라 시럽,300
8257,5,ICE,0
8257,1,Tall,0
8257,13,더 달게,0
8258,5,ICE,0
8258,2,Grande,500
8258,12,덜 달게,0
8259,5,ICE,0
8259,2,Grande,500
8259,8,헤이즐넛 시럽,300
8260,5,ICE,0
8260,2,Grande,500
8261,5,ICE,0
8261,3,Venti,1000
8261,12,덜 달게,0
8261,6,샷 추가 (+1),500
8261,10,휘핑크림 추가,500
8262,4,HOT,0
8262,1,Tall,0
8262,12,덜 달게,0
8262,7,바닐라 시럽,300
8263,5,ICE,0
8263,3,Venti,1000
8263,12,덜 달게,0
8264,5,ICE,0
8264,2,Grande,500
8264,12,덜 달게,0
8264,9,카라멜 시럽,300
8265,4,HOT,0
8265,1,Tall,0
8265,9,카라멜 시럽,300
8266,4,HOT,0
8266,2,Grande,500
8266,6,샷 추가 (+1),500
8267,4,HOT,0
8267,1,Tall,0
8267,11,기본,0
8267,10,휘핑크림 추가,500
8268,4,HOT,0
8268,1,Tall,0
8268,13,더 달게,0
8269,4,HOT,0
8269,1,Tall,0
8269,12,덜 달게,0
8270,5,ICE,0
8270,2,Grande,500
8270,6,샷 추가 (+1),500
8271,4,HOT,0
8271,2,Grande,500
8271,7,바닐라 시럽,300
8272,5,ICE,0
8272,2,Grande,500
8272,11,기본,0
8273,4,HOT,0
8273,2,Grande,500
8273,11,기본,0
8274,4,HOT,0
8274,3,Venti,1000
8274,12,덜 달게,0
8274,7,바닐라 시럽,300
8275,5,ICE,0
8275,1,Tall,0
8276,4,HOT,0
8276,3,Venti,1000
8276,11,기본,0
8277,4,HOT,0
8277,2,Grande,500
8277,11,기본,0
8278,4,HOT,0
8278,3,Venti,1000
8278,13,더 달게,0
8278,6,샷 추가 (+1),500
8279,5,ICE,0
8279,2,Grande,500
8279,11,기본,0
8279,9,카라멜 시럽,300
8280,5,ICE,0
8280,1,Tall,0
8280,12,덜 달게,0
8281,4,HOT,0
8281,2,Grande,500
8281,6,샷 추가 (+1),500
8282,5,ICE,0
8282,2,Grande,500
8282,6,샷 추가 (+1),500
8283,5,ICE,0
8283,3,Venti,1000
8284,4,HOT,0
8284,3,Venti,1000
8285,5,ICE,0
8285,1,Tall,0
8285,11,기본,0
8285,6,샷 추가 (+1),500
8286,4,HOT,0
8286,1,Tall,0
8286,12,덜 달게,0
8286,6,샷 추가 (+1),500
8287,5,ICE,0
8287,2,Grande,500
8288,5,ICE,0
8288,2,Grande,500
8288,6,샷 추가 (+1),500
8289,4,HOT,0
8289,2,Grande,500
8289,12,덜 달게,0
8289,6,샷 추가 (+1),500
8290,4,HOT,0
8290,2,Grande,500
8290,12,덜 달게,0
8291,4,HOT,0
8291,1,Tall,0
8291,12,덜 달게,0
8291,10,휘핑크림 추가,500
8292,4,HOT,0
8292,2,Grande,500
8292,12,덜 달게,0
8292,10,휘핑크림 추가,500
8293,4,HOT,0
8293,1,Tall,0
8293,11,기본,0
8293,6,샷 추가 (+1),500
8294,4,HOT,0
8294,2,Grande,500
8294,13,더 달게,0
8295,4,HOT,0
8295,2,Grande,500
8295,11,기본,0
8296,5,ICE,0
8296,1,Tall,0
8296,11,기본,0
8297,4,HOT,0
8297,2,Grande,500
8297,13,더 달게,0
8298,4,HOT,0
8298,1,Tall,0
8299,5,ICE,0
8299,2,Grande,500
8299,11,기본,0
8299,8,헤이즐넛 시럽,300
8300,4,HOT,0
8300,1,Tall,0
8301,5,ICE,0
8301,2,Grande,500
8301,11,기본,0
8301,9,카라멜 시럽,300
8302,4,HOT,0
8302,3,Venti,1000
8302,13,더 달게,0
8303,4,HOT,0
8303,1,Tall,0
8303,11,기본,0
8303,10,휘핑크림 추가,500
8304,4,HOT,0
8304,2,Grande,500
8305,4,HOT,0
8305,1,Tall,0
8305,6,샷 추가 (+1),500
8305,7,바닐라 시럽,300
8306,4,HOT,0
8306,1,Tall,0
8306,11,기본,0
8306,10,휘핑크림 추가,500
8307,4,HOT,0
8307,2,Grande,500
8307,7,바닐라 시럽,300
8308,4,HOT,0
8308,1,Tall,0
8308,11,기본,0
8309,5,ICE,0
8309,2,Grande,500
8309,11,기본,0
8310,4,HOT,0
8310,1,Tall,0
8311,4,HOT,0
8311,3,Venti,1000
8312,4,HOT,0
8312,2,Grande,500
8312,6,샷 추가 (+1),500
8312,10,휘핑크림 추가,500
8313,4,HOT,0
8313,2,Grande,500
8313,6,샷 추가 (+1),500
8314,4,HOT,0
8314,1,Tall,0
8314,11,기본,0
8314,8,헤이즐넛 시럽,300
8315,4,HOT,0
8315,1,Tall,0
8315,11,기본,0
8315,6,샷 추가 (+1),500
8316,4,HOT,0
8316,1,Tall,0
8316,11,기본,0
8316,6,샷 추가 (+1),500
8317,5,ICE,0
8317,1,Tall,0
8318,5,ICE,0
8318,1,Tall,0
8318,13,더 달게,0
8318,8,헤이즐넛 시럽,300
8319,4,HOT,0
8319,2,Grande,500
8319,6,샷 추가 (+1),500
8320,4,HOT,0
8320,3,Venti,1000
8320,11,기본,0
8320,6,샷 추가 (+1),500
8321,5,ICE,0
8321,3,Venti,1000
8321,11,기본,0
8322,5,ICE,0
8322,2,Grande,500
8322,11,기본,0
8322,6,샷 추가 (+1),500
8323,4,HOT,0
8323,1,Tall,0
8323,11,기본,0
8324,4,HOT,0
8324,2,Grande,500
8324,12,덜 달게,0
8324,7,바닐라 시럽,300
8325,5,ICE,0
8325,2,Grande,500
8325,6,샷 추가 (+1),500
8326,4,HOT,0
8326,2,Grande,500
8326,11,기본,0
8327,4,HOT,0
8327,1,Tall,0
8328,5,ICE,0
8328,3,Venti,1000
8328,11,기본,0
8329,4,HOT,0
8329,2,Grande,500
8329,12,덜 달게,0
8329,6,샷 추가 (+1),500
8330,4,HOT,0
8330,2,Grande,500
8330,11,기본,0
8331,4,HOT,0
8331,3,Venti,1000
8332,4,HOT,0
8332,2,Grande,500
8332,11,기본,0
8332,6,샷 추가 (+1),500
8333,5,ICE,0
8333,1,Tall,0
8333,12,덜 달게,0
8334,5,ICE,0
8334,2,Grande,500
8334,12,덜 달게,0
8334,6,샷 추가 (+1),500
8335,4,HOT,0
8335,1,Tall,0
8335,11,기본,0
8336,4,HOT,0
8336,1,Tall,0
8336,11,기본,0
8336,7,바닐라 시럽,300
8337,4,HOT,0
8337,1,Tall,0
8337,13,더 달게,0
8338,4,HOT,0
8338,3,Venti,1000
8338,13,더 달게,0
8338,8,헤이즐넛 시럽,300
8339,4,HOT,0
8339,2,Grande,500
8339,11,기본,0
8340,5,ICE,0
8340,2,Grande,500
8340,6,샷 추가 (+1),500
8340,10,휘핑크림 추가,500
8341,4,HOT,0
8341,2,Grande,500
8342,4,HOT,0
8342,1,Tall,0
8342,11,기본,0
8343,4,HOT,0
8343,1,Tall,0
8344,5,ICE,0
8344,2,Grande,500
8344,13,더 달게,0
8344,6,샷 추가 (+1),500
8344,7,바닐라 시럽,300
8345,5,ICE,0
8345,3,Venti,1000
8345,11,기본,0
8345,6,샷 추가 (+1),500
8346,5,ICE,0
8346,1,Tall,0
8347,4,HOT,0
8347,3,Venti,1000
8347,6,샷 추가 (+1),500
8348,4,HOT,0
8348,2,Grande,500
8348,12,덜 달게,0
8348,10,휘핑크림 추가,500
8349,5,ICE,0
8349,3,Venti,1000
8349,11,기본,0
8350,4,HOT,0
8350,3,Venti,1000
8350,11,기본,0
8351,4,HOT,0
8351,2,Grande,500
8351,13,더 달게,0
8352,5,ICE,0
8352,3,Venti,1000
8353,4,HOT,0
8353,2,Grande,500
8353,12,덜 달게,0
8354,4,HOT,0
8354,2,Grande,500
8354,11,기본,0
8355,5,ICE,0
8355,2,Grande,500
8355,11,기본,0
8356,4,HOT,0
8356,2,Grande,500
8356,7,바닐라 시럽,300
8357,5,ICE,0
8357,2,Grande,500
8357,13,더 달게,0
8358,5,ICE,0
8358,1,Tall,0
8358,12,덜 달게,0
8359,4,HOT,0
8359,1,Tall,0
8359,13,더 달게,0
8360,4,HOT,0
8360,1,Tall,0
8360,13,더 달게,0
8361,5,ICE,0
8361,3,Venti,1000
8361,11,기본,0
8362,4,HOT,0
8362,2,Grande,500
8363,5,ICE,0
8363,2,Grande,500
8363,12,덜 달게,0
8363,6,샷 추가 (+1),500
8364,4,HOT,0
8364,2,Grande,500
8364,13,더 달게,0
8365,5,ICE,0
8365,2,Grande,500
8365,6,샷 추가 (+1),500
8366,4,HOT,0
8366,3,Venti,1000
8366,12,덜 달게,0
8367,5,ICE,0
8367,1,Tall,0
8368,4,HOT,0
8368,1,Tall,0
8369,4,HOT,0
8369,2,Grande,500
8369,11,기본,0
8369,8,헤이즐넛 시럽,300
8370,5,ICE,0
8370,1,Tall,0
8370,12,덜 달게,0
8370,6,샷 추가 (+1),500
8371,4,HOT,0
8371,2,Grande,500
8371,11,기본,0
8372,4,HOT,0
8372,2,Grande,500
8372,9,카라멜 시럽,300
8373,5,ICE,0
8373,3,Venti,1000
8373,11,기본,0
8373,10,휘핑크림 추가,500
8374,4,HOT,0
8374,2,Grande,500
8375,4,HOT,0
8375,3,Venti,1000
8375,13,더 달게,0
8375,7,바닐라 시럽,300
8376,4,HOT,0
8376,2,Grande,500
8376,12,덜 달게,0
8377,4,HOT,0
8377,2,Grande,500
8377,11,기본,0
8377,6,샷 추가 (+1),500
8377,10,휘핑크림 추가,500
8378,4,HOT,0
8378,2,Grande,500
8378,13,더 달게,0
8378,7,바닐라 시럽,300
8379,4,HOT,0
8379,2,Grande,500
8379,8,헤이즐넛 시럽,300
8380,5,ICE,0
8380,3,Venti,1000
8380,11,기본,0
8381,5,ICE,0
8381,1,Tall,0
8381,11,기본,0
8381,10,휘핑크림 추가,500
8382,5,ICE,0
8382,2,Grande,500
8382,11,기본,0
8382,10,휘핑크림 추가,500
8383,4,HOT,0
8383,1,Tall,0
8384,4,HOT,0
8384,1,Tall,0
8384,11,기본,0
8385,5,ICE,0
8385,1,Tall,0
8386,5,ICE,0
8386,2,Grande,500
8387,5,ICE,0
8387,1,Tall,0
8387,6,샷 추가 (+1),500
8388,4,HOT,0
8388,3,Venti,1000
8389,4,HOT,0
8389,2,Grande,500
8389,11,기본,0
8390,4,HOT,0
8390,2,Grande,500
8390,12,덜 달게,0
8390,6,샷 추가 (+1),500
8391,5,ICE,0
8391,1,Tall,0
8391,12,덜 달게,0
8391,6,샷 추가 (+1),500
8392,4,HOT,0
8392,3,Venti,1000
8392,12,덜 달게,0
8392,6,샷 추가 (+1),500
8393,4,HOT,0
8393,1,Tall,0
8393,13,더 달게,0
8393,7,바닐라 시럽,300
8394,5,ICE,0
8394,3,Venti,1000
8394,11,기본,0
8394,6,샷 추가 (+1),500
8394,8,헤이즐넛 시럽,300
8395,4,HOT,0
8395,1,Tall,0
8395,11,기본,0
8395,8,헤이즐넛 시럽,300
8396,5,ICE,0
8396,3,Venti,1000
8396,11,기본,0
8397,4,HOT,0
8397,2,Grande,500
8397,7,바닐라 시럽,300
8398,5,ICE,0
8398,2,Grande,500
8398,13,더 달게,0
8399,4,HOT,0
8399,1,Tall,0
8399,11,기본,0
8400,4,HOT,0
8400,2,Grande,500
8400,9,카라멜 시럽,300
8401,4,HOT,0
8401,3,Venti,1000
8401,13,더 달게,0
8401,7,바닐라 시럽,300
8401,10,휘핑크림 추가,500
8402,4,HOT,0
8402,2,Grande,500
8402,6,샷 추가 (+1),500
8403,4,HOT,0
8403,2,Grande,500
8403,6,샷 추가 (+1),500
8403,7,바닐라 시럽,300
8404,5,ICE,0
8404,1,Tall,0
8404,6,샷 추가 (+1),500
8405,5,ICE,0
8405,1,Tall,0
8405,11,기본,0
8406,4,HOT,0
8406,1,Tall,0
8406,12,덜 달게,0
8406,6,샷 추가 (+1),500
8407,5,ICE,0
8407,1,Tall,0
8407,11,기본,0
8407,8,헤이즐넛 시럽,300
8408,4,HOT,0
8408,2,Grande,500
8408,12,덜 달게,0
8409,5,ICE,0
8409,1,Tall,0
8409,11,기본,0
8409,8,헤이즐넛 시럽,300
8409,10,휘핑크림 추가,500
8410,5,ICE,0
8410,1,Tall,0
8410,11,기본,0
8411,4,HOT,0
8411,2,Grande,500
8412,5,ICE,0
8412,1,Tall,0
8412,11,기본,0
8412,10,휘핑크림 추가,500
8413,4,HOT,0
8413,1,Tall,0
8413,11,기본,0
8414,4,HOT,0
8414,3,Venti,1000
8414,11,기본,0
8415,4,HOT,0
8415,3,Venti,1000
8415,11,기본,0
8416,4,HOT,0
8416,2,Grande,500
8416,13,더 달게,0
8417,5,ICE,0
8417,2,Grande,500
8417,12,덜 달게,0
8417,7,바닐라 시럽,300
8418,4,HOT,0
8418,1,Tall,0
8418,12,덜 달게,0
8418,10,휘핑크림 추가,500
8419,4,HOT,0
8419,3,Venti,1000
8419,11,기본,0
8420,4,HOT,0
8420,2,Grande,500
8421,4,HOT,0
8421,1,Tall,0
8422,5,ICE,0
8422,1,Tall,0
8422,13,더 달게,0
8423,5,ICE,0
8423,1,Tall,0
8423,11,기본,0
8423,9,카라멜 시럽,300
8424,4,HOT,0
8424,1,Tall,0
8424,13,더 달게,0
8424,8,헤이즐넛 시럽,300
8425,5,ICE,0
8425,1,Tall,0
8425,11,기본,0
8425,10,휘핑크림 추가,500
8426,5,ICE,0
8426,3,Venti,1000
8427,4,HOT,0
8427,2,Grande,500
8428,4,HOT,0
8428,1,Tall,0
8428,12,덜 달게,0
8428,6,샷 추가 (+1),500
8429,5,ICE,0
8429,2,Grande,500
8430,5,ICE,0
8430,1,Tall,0
8431,5,ICE,0
8431,3,Venti,1000
8432,4,HOT,0
8432,2,Grande,500
8432,10,휘핑크림 추가,500
8433,5,ICE,0
8433,1,Tall,0
8433,11,기본,0
8433,10,휘핑크림 추가,500
8434,4,HOT,0
8434,3,Venti,1000
8434,8,헤이즐넛 시럽,300
8434,10,휘핑크림 추가,500
8435,4,HOT,0
8435,2,Grande,500
8435,13,더 달게,0
8435,6,샷 추가 (+1),500
8436,4,HOT,0
8436,2,Grande,500
8436,13,더 달게,0
8436,6,샷 추가 (+1),500
8437,5,ICE,0
8437,3,Venti,1000
8437,6,샷 추가 (+1),500
8438,4,HOT,0
8438,1,Tall,0
8438,13,더 달게,0
8439,4,HOT,0
8439,1,Tall,0
8439,11,기본,0
8439,6,샷 추가 (+1),500
8440,4,HOT,0
8440,1,Tall,0
8440,11,기본,0
8440,6,샷 추가 (+1),500
8440,10,휘핑크림 추가,500
8441,4,HOT,0
8441,1,Tall,0
8441,11,기본,0
8442,5,ICE,0
8442,2,Grande,500
8443,5,ICE,0
8443,1,Tall,0
8443,11,기본,0
8443,6,샷 추가 (+1),500
8444,5,ICE,0
8444,2,Grande,500
8444,12,덜 달게,0
8444,6,샷 추가 (+1),500
8444,10,휘핑크림 추가,500
8445,5,ICE,0
8445,2,Grande,500
8445,13,더 달게,0
8446,4,HOT,0
8446,1,Tall,0
8446,12,덜 달게,0
8446,6,샷 추가 (+1),500
8447,4,HOT,0
8447,3,Venti,1000
8447,11,기본,0
8448,5,ICE,0
8448,1,Tall,0
8448,6,샷 추가 (+1),500
8448,7,바닐라 시럽,300
8449,5,ICE,0
8449,2,Grande,500
8449,6,샷 추가 (+1),500
8450,5,ICE,0
8450,1,Tall,0
8450,13,더 달게,0
8450,7,바닐라 시럽,300
8451,4,HOT,0
8451,3,Venti,1000
8451,10,휘핑크림 추가,500
8452,5,ICE,0
8452,2,Grande,500
8453,4,HOT,0
8453,2,Grande,500
8453,9,카라멜 시럽,300
8454,5,ICE,0
8454,1,Tall,0
8455,4,HOT,0
8455,2,Grande,500
8455,6,샷 추가 (+1),500
8456,4,HOT,0
8456,3,Venti,1000
8457,5,ICE,0
8457,1,Tall,0
8457,13,더 달게,0
8458,4,HOT,0
8458,2,Grande,500
8458,11,기본,0
8458,6,샷 추가 (+1),500
8459,5,ICE,0
8459,2,Grande,500
8459,12,덜 달게,0
8459,6,샷 추가 (+1),500
8460,4,HOT,0
8460,3,Venti,1000
8460,12,덜 달게,0
8460,6,샷 추가 (+1),500
8461,5,ICE,0
8461,1,Tall,0
8461,12,덜 달게,0
8461,8,헤이즐넛 시럽,300
8461,10,휘핑크림 추가,500
8462,4,HOT,0
8462,1,Tall,0
8463,4,HOT,0
8463,3,Venti,1000
8463,11,기본,0
8463,7,바닐라 시럽,300
8463,10,휘핑크림 추가,500
8464,5,ICE,0
8464,2,Grande,500
8465,4,HOT,0
8465,1,Tall,0
8465,12,덜 달게,0
8465,9,카라멜 시럽,300
8466,4,HOT,0
8466,1,Tall,0
8466,6,샷 추가 (+1),500
8467,4,HOT,0
8467,2,Grande,500
8468,5,ICE,0
8468,2,Grande,500
8468,12,덜 달게,0
8468,9,카라멜 시럽,300
8469,5,ICE,0
8469,1,Tall,0
8469,6,샷 추가 (+1),500
8469,9,카라멜 시럽,300
8469,10,휘핑크림 추가,500
8470,5,ICE,0
8470,1,Tall,0
8470,11,기본,0
8470,7,바닐라 시럽,300
8471,4,HOT,0
8471,1,Tall,0
8471,12,덜 달게,0
8472,4,HOT,0
8472,2,Grande,500
8472,11,기본,0
8472,6,샷 추가 (+1),500
8473,4,HOT,0
8473,3,Venti,1000
8473,6,샷 추가 (+1),500
8474,5,ICE,0
8474,1,Tall,0
8475,5,ICE,0
8475,3,Venti,1000
8475,13,더 달게,0
8476,5,ICE,0
8476,2,Grande,500
8476,13,더 달게,0
8476,6,샷 추가 (+1),500
8477,4,HOT,0
8477,2,Grande,500
8477,12,덜 달게,0
8478,4,HOT,0
8478,2,Grande,500
8478,7,바닐라 시럽,300
8478,10,휘핑크림 추가,500
8479,4,HOT,0
8479,1,Tall,0
8479,6,샷 추가 (+1),500
8480,4,HOT,0
8480,1,Tall,0
8480,13,더 달게,0
8480,7,바닐라 시럽,300
8481,5,ICE,0
8481,2,Grande,500
8481,12,덜 달게,0
8482,5,ICE,0
8482,2,Grande,500
8482,11,기본,0
8482,6,샷 추가 (+1),500
8483,4,HOT,0
8483,1,Tall,0
8483,11,기본,0
8484,5,ICE,0
8484,3,Venti,1000
8484,12,덜 달게,0
8485,4,HOT,0
8485,2,Grande,500
8485,11,기본,0
8485,10,휘핑크림 추가,500
8486,4,HOT,0
8486,2,Grande,500
8486,11,기본,0
8487,4,HOT,0
8487,1,Tall,0
8488,4,HOT,0
8488,2,Grande,500
8488,12,덜 달게,0
8489,4,HOT,0
8489,2,Grande,500
8489,11,기본,0
8490,4,HOT,0
8490,2,Grande,500
8490,13,더 달게,0
8490,6,샷 추가 (+1),500
8491,4,HOT,0
8491,2,Grande,500
8492,4,HOT,0
8492,2,Grande,500
8492,12,덜 달게,0
8493,4,HOT,0
8493,2,Grande,500
8494,5,ICE,0
8494,1,Tall,0
8495,4,HOT,0
8495,1,Tall,0
8495,6,샷 추가 (+1),500
8496,4,HOT,0
8496,1,Tall,0
8496,12,덜 달게,0
8497,5,ICE,0
8497,1,Tall,0
8497,6,샷 추가 (+1),500
8498,5,ICE,0
8498,1,Tall,0
8499,5,ICE,0
8499,2,Grande,500
8499,11,기본,0
8499,10,휘핑크림 추가,500
8500,4,HOT,0
8500,1,Tall,0
8500,11,기본,0
8501,4,HOT,0
8501,1,Tall,0
8501,13,더 달게,0
8501,6,샷 추가 (+1),500
8502,4,HOT,0
8502,2,Grande,500
8502,11,기본,0
8503,4,HOT,0
8503,1,Tall,0
8503,11,기본,0
8503,10,휘핑크림 추가,500
8504,5,ICE,0
8504,1,Tall,0
8504,11,기본,0
8504,6,샷 추가 (+1),500
8504,7,바닐라 시럽,300
8505,4,HOT,0
8505,1,Tall,0
8505,12,덜 달게,0
8506,5,ICE,0
8506,1,Tall,0
8507,4,HOT,0
8507,3,Venti,1000
8507,7,바닐라 시럽,300
8508,4,HOT,0
8508,1,Tall,0
8508,12,덜 달게,0
8508,7,바닐라 시럽,300
8509,4,HOT,0
8509,3,Venti,1000
8510,4,HOT,0
8510,3,Venti,1000
8510,12,덜 달게,0
8510,6,샷 추가 (+1),500
8511,5,ICE,0
8511,2,Grande,500
8512,5,ICE,0
8512,2,Grande,500
8513,5,ICE,0
8513,2,Grande,500
8513,12,덜 달게,0
8513,7,바닐라 시럽,300
8514,4,HOT,0
8514,1,Tall,0
8514,11,기본,0
8515,5,ICE,0
8515,3,Venti,1000
8515,11,기본,0
8515,6,샷 추가 (+1),500
8516,5,ICE,0
8516,1,Tall,0
8516,12,덜 달게,0
8517,4,HOT,0
8517,1,Tall,0
8517,6,샷 추가 (+1),500
8517,10,휘핑크림 추가,500
8518,4,HOT,0
8518,2,Grande,500
8519,5,ICE,0
8519,2,Grande,500
8519,11,기본,0
8520,4,HOT,0
8520,2,Grande,500
8520,11,기본,0
8521,4,HOT,0
8521,2,Grande,500
8521,11,기본,0
8521,8,헤이즐넛 시럽,300
8521,10,휘핑크림 추가,500
8522,4,HOT,0
8522,1,Tall,0
8522,11,기본,0
8523,5,ICE,0
8523,1,Tall,0
8523,12,덜 달게,0
8523,6,샷 추가 (+1),500
8524,4,HOT,0
8524,2,Grande,500
8524,7,바닐라 시럽,300
8525,5,ICE,0
8525,2,Grande,500
8525,11,기본,0
8525,6,샷 추가 (+1),500
8526,4,HOT,0
8526,2,Grande,500
8527,5,ICE,0
8527,1,Tall,0
8527,11,기본,0
8528,5,ICE,0
8528,1,Tall,0
8529,4,HOT,0
8529,2,Grande,500
8529,11,기본,0
8529,6,샷 추가 (+1),500
8529,10,휘핑크림 추가,500
8530,5,ICE,0
8530,1,Tall,0
8530,7,바닐라 시럽,300
8531,5,ICE,0
8531,2,Grande,500
8531,11,기본,0
8532,4,HOT,0
8532,1,Tall,0
8533,4,HOT,0
8533,3,Venti,1000
8533,13,더 달게,0
8533,6,샷 추가 (+1),500
8534,4,HOT,0
8534,2,Grande,500
8534,12,덜 달게,0
8535,5,ICE,0
8535,1,Tall,0
8535,11,기본,0
8535,6,샷 추가 (+1),500
8536,4,HOT,0
8536,3,Venti,1000
8537,4,HOT,0
8537,3,Venti,1000
8537,12,덜 달게,0
8537,7,바닐라 시럽,300
8538,4,HOT,0
8538,1,Tall,0
8538,11,기본,0
8539,4,HOT,0
8539,2,Grande,500
8539,6,샷 추가 (+1),500
8540,5,ICE,0
8540,1,Tall,0
8540,6,샷 추가 (+1),500
8540,10,휘핑크림 추가,500
8541,4,HOT,0
8541,2,Grande,500
8541,11,기본,0
8542,4,HOT,0
8542,3,Venti,1000
8542,6,샷 추가 (+1),500
8543,4,HOT,0
8543,2,Grande,500
8543,6,샷 추가 (+1),500
8544,4,HOT,0
8544,3,Venti,1000
8545,5,ICE,0
8545,1,Tall,0
8545,11,기본,0
8545,6,샷 추가 (+1),500
8545,9,카라멜 시럽,300
8546,4,HOT,0
8546,1,Tall,0
8546,6,샷 추가 (+1),500
8547,5,ICE,0
8547,2,Grande,500
8547,11,기본,0
8547,7,바닐라 시럽,300
8548,4,HOT,0
8548,3,Venti,1000
8549,4,HOT,0
8549,1,Tall,0
8549,11,기본,0
8549,6,샷 추가 (+1),500
8550,4,HOT,0
8550,3,Venti,1000
8550,11,기본,0
8550,9,카라멜 시럽,300
8551,4,HOT,0
8551,2,Grande,500
8552,5,ICE,0
8552,1,Tall,0
8552,11,기본,0
8553,5,ICE,0
8553,1,Tall,0
8553,6,샷 추가 (+1),500
8554,4,HOT,0
8554,1,Tall,0
8555,4,HOT,0
8555,1,Tall,0
8556,5,ICE,0
8556,1,Tall,0
8556,11,기본,0
8557,4,HOT,0
8557,1,Tall,0
8557,13,더 달게,0
8557,8,헤이즐넛 시럽,300
8558,5,ICE,0
8558,3,Venti,1000
8558,9,카라멜 시럽,300
8559,5,ICE,0
8559,2,Grande,500
8559,12,덜 달게,0
8559,6,샷 추가 (+1),500
8559,10,휘핑크림 추가,500
8560,4,HOT,0
8560,3,Venti,1000
8560,13,더 달게,0
8560,7,바닐라 시럽,300
8561,5,ICE,0
8561,2,Grande,500
8561,11,기본,0
8561,6,샷 추가 (+1),500
8562,4,HOT,0
8562,1,Tall,0
8562,11,기본,0
8563,4,HOT,0
8563,1,Tall,0
8563,12,덜 달게,0
8564,5,ICE,0
8564,1,Tall,0
8564,11,기본,0
8565,5,ICE,0
8565,2,Grande,500
8566,4,HOT,0
8566,2,Grande,500
8566,13,더 달게,0
8567,4,HOT,0
8567,1,Tall,0
8567,11,기본,0
8568,5,ICE,0
8568,1,Tall,0
8568,13,더 달게,0
8569,5,ICE,0
8569,3,Venti,1000
8570,5,ICE,0
8570,1,Tall,0
8570,7,바닐라 시럽,300
8571,5,ICE,0
8571,2,Grande,500
8571,6,샷 추가 (+1),500
8572,5,ICE,0
8572,2,Grande,500
8572,12,덜 달게,0
8573,4,HOT,0
8573,3,Venti,1000
8574,4,HOT,0
8574,2,Grande,500
8574,12,덜 달게,0
8575,4,HOT,0
8575,3,Venti,1000
8575,11,기본,0
8576,4,HOT,0
8576,3,Venti,1000
8576,12,덜 달게,0
8576,6,샷 추가 (+1),500
8577,5,ICE,0
8577,2,Grande,500
8577,6,샷 추가 (+1),500
8578,5,ICE,0
8578,2,Grande,500
8578,6,샷 추가 (+1),500
8579,5,ICE,0
8579,1,Tall,0
8580,5,ICE,0
8580,2,Grande,500
8580,7,바닐라 시럽,300
8580,10,휘핑크림 추가,500
8581,4,HOT,0
8581,1,Tall,0
8581,11,기본,0
8581,6,샷 추가 (+1),500
8582,4,HOT,0
8582,1,Tall,0
8582,12,덜 달게,0
8583,4,HOT,0
8583,3,Venti,1000
8583,12,덜 달게,0
8583,6,샷 추가 (+1),500
8584,5,ICE,0
8584,1,Tall,0
8585,4,HOT,0
8585,2,Grande,500
8585,11,기본,0
8585,8,헤이즐넛 시럽,300
8586,4,HOT,0
8586,2,Grande,500
8586,11,기본,0
8587,4,HOT,0
8587,1,Tall,0
8587,6,샷 추가 (+1),500
8587,8,헤이즐넛 시럽,300
8588,4,HOT,0
8588,3,Venti,1000
8588,12,덜 달게,0
8588,9,카라멜 시럽,300
8589,4,HOT,0
8589,2,Grande,500
8589,13,더 달게,0
8590,4,HOT,0
8590,1,Tall,0
8590,6,샷 추가 (+1),500
8591,4,HOT,0
8591,3,Venti,1000
8591,11,기본,0
8592,4,HOT,0
8592,1,Tall,0
8592,6,샷 추가 (+1),500
8593,4,HOT,0
8593,1,Tall,0
8593,11,기본,0
8594,4,HOT,0
8594,3,Venti,1000
8594,12,덜 달게,0
8595,4,HOT,0
8595,1,Tall,0
8595,6,샷 추가 (+1),500
8596,4,HOT,0
8596,3,Venti,1000
8596,11,기본,0
8596,6,샷 추가 (+1),500
8596,7,바닐라 시럽,300
8597,4,HOT,0
8597,1,Tall,0
8597,12,덜 달게,0
8598,5,ICE,0
8598,2,Grande,500
8598,11,기본,0
8599,4,HOT,0
8599,3,Venti,1000
8600,4,HOT,0
8600,2,Grande,500
8600,11,기본,0
8601,4,HOT,0
8601,2,Grande,500
8601,11,기본,0
8601,6,샷 추가 (+1),500
8602,4,HOT,0
8602,2,Grande,500
8602,12,덜 달게,0
8603,4,HOT,0
8603,1,Tall,0
8604,5,ICE,0
8604,1,Tall,0
8604,13,더 달게,0
8604,6,샷 추가 (+1),500
8604,10,휘핑크림 추가,500
8605,4,HOT,0
8605,2,Grande,500
8606,4,HOT,0
8606,2,Grande,500
8607,5,ICE,0
8607,2,Grande,500
8607,11,기본,0
8607,10,휘핑크림 추가,500
8608,5,ICE,0
8608,1,Tall,0
8608,11,기본,0
8609,4,HOT,0
8609,1,Tall,0
8609,13,더 달게,0
8610,4,HOT,0
8610,1,Tall,0
8610,13,더 달게,0
8611,5,ICE,0
8611,2,Grande,500
8612,4,HOT,0
8612,2,Grande,500
8612,6,샷 추가 (+1),500
8613,5,ICE,0
8613,3,Venti,1000
8613,11,기본,0
8613,10,휘핑크림 추가,500
8614,5,ICE,0
8614,2,Grande,500
8614,6,샷 추가 (+1),500
8614,9,카라멜 시럽,300
8615,5,ICE,0
8615,1,Tall,0
8615,12,덜 달게,0
8616,4,HOT,0
8616,2,Grande,500
8616,6,샷 추가 (+1),500
8617,5,ICE,0
8617,3,Venti,1000
8617,11,기본,0
8618,4,HOT,0
8618,2,Grande,500
8618,11,기본,0
8619,4,HOT,0
8619,1,Tall,0
8620,5,ICE,0
8620,1,Tall,0
8620,11,기본,0
8621,4,HOT,0
8621,1,Tall,0
8621,12,덜 달게,0
8622,5,ICE,0
8622,2,Grande,500
8622,6,샷 추가 (+1),500
8623,4,HOT,0
8623,1,Tall,0
8623,11,기본,0
8623,6,샷 추가 (+1),500
8624,5,ICE,0
8624,1,Tall,0
8624,6,샷 추가 (+1),500
8624,7,바닐라 시럽,300
8625,4,HOT,0
8625,2,Grande,500
8626,4,HOT,0
8626,1,Tall,0
8626,11,기본,0
8626,6,샷 추가 (+1),500
8627,5,ICE,0
8627,1,Tall,0
8627,11,기본,0
8628,5,ICE,0
8628,1,Tall,0
8628,12,덜 달게,0
8629,4,HOT,0
8629,1,Tall,0
8629,11,기본,0
8629,6,샷 추가 (+1),500
8630,4,HOT,0
8630,2,Grande,500
8630,12,덜 달게,0
8631,5,ICE,0
8631,1,Tall,0
8631,6,샷 추가 (+1),500
8631,9,카라멜 시럽,300
8632,4,HOT,0
8632,3,Venti,1000
8632,11,기본,0
8633,4,HOT,0
8633,2,Grande,500
8633,10,휘핑크림 추가,500
8634,4,HOT,0
8634,2,Grande,500
8635,4,HOT,0
8635,2,Grande,500
8635,13,더 달게,0
8635,6,샷 추가 (+1),500
8635,7,바닐라 시럽,300
8636,5,ICE,0
8636,3,Venti,1000
8636,6,샷 추가 (+1),500
8637,4,HOT,0
8637,2,Grande,500
8637,12,덜 달게,0
8637,6,샷 추가 (+1),500
8638,4,HOT,0
8638,1,Tall,0
8638,13,더 달게,0
8639,4,HOT,0
8639,1,Tall,0
8639,11,기본,0
8639,10,휘핑크림 추가,500
8640,4,HOT,0
8640,2,Grande,500
8640,11,기본,0
8640,7,바닐라 시럽,300
8641,4,HOT,0
8641,2,Grande,500
8641,12,덜 달게,0
8641,8,헤이즐넛 시럽,300
8642,4,HOT,0
8642,2,Grande,500
8643,5,ICE,0
8643,1,Tall,0
8643,11,기본,0
8644,4,HOT,0
8644,3,Venti,1000
8644,11,기본,0
8645,4,HOT,0
8645,3,Venti,1000
8645,13,더 달게,0
8645,6,샷 추가 (+1),500
8645,10,휘핑크림 추가,500
8646,5,ICE,0
8646,2,Grande,500
8646,6,샷 추가 (+1),500
8647,4,HOT,0
8647,2,Grande,500
8647,13,더 달게,0
8647,6,샷 추가 (+1),500
8648,4,HOT,0
8648,2,Grande,500
8648,8,헤이즐넛 시럽,300
8648,10,휘핑크림 추가,500
8649,5,ICE,0
8649,1,Tall,0
8649,11,기본,0
8650,5,ICE,0
8650,1,Tall,0
8651,4,HOT,0
8651,1,Tall,0
8651,10,휘핑크림 추가,500
8652,5,ICE,0
8652,2,Grande,500
8652,11,기본,0
8652,9,카라멜 시럽,300
8653,5,ICE,0
8653,1,Tall,0
8653,11,기본,0
8653,6,샷 추가 (+1),500
8654,5,ICE,0
8654,1,Tall,0
8654,12,덜 달게,0
8654,6,샷 추가 (+1),500
8655,4,HOT,0
8655,1,Tall,0
8655,12,덜 달게,0
8655,6,샷 추가 (+1),500
8656,5,ICE,0
8656,3,Venti,1000
8656,11,기본,0
8656,9,카라멜 시럽,300
8657,4,HOT,0
8657,1,Tall,0
8658,4,HOT,0
8658,3,Venti,1000
8658,13,더 달게,0
8658,6,샷 추가 (+1),500
8659,5,ICE,0
8659,2,Grande,500
8659,11,기본,0
8660,4,HOT,0
8660,3,Venti,1000
8660,11,기본,0
8661,4,HOT,0
8661,3,Venti,1000
8661,11,기본,0
8661,6,샷 추가 (+1),500
8662,5,ICE,0
8662,1,Tall,0
8662,12,덜 달게,0
8662,8,헤이즐넛 시럽,300
8663,5,ICE,0
8663,3,Venti,1000
8664,5,ICE,0
8664,2,Grande,500
8664,11,기본,0
8665,4,HOT,0
8665,2,Grande,500
8665,11,기본,0
8666,4,HOT,0
8666,1,Tall,0
8666,11,기본,0
8666,6,샷 추가 (+1),500
8666,10,휘핑크림 추가,500
8667,4,HOT,0
8667,2,Grande,500
8667,11,기본,0
8667,9,카라멜 시럽,300
8668,5,ICE,0
8668,1,Tall,0
8669,4,HOT,0
8669,3,Venti,1000
8669,13,더 달게,0
8670,4,HOT,0
8670,1,Tall,0
8670,12,덜 달게,0
8670,8,헤이즐넛 시럽,300
8671,4,HOT,0
8671,3,Venti,1000
8672,4,HOT,0
8672,3,Venti,1000
8673,4,HOT,0
8673,1,Tall,0
8673,11,기본,0
8673,6,샷 추가 (+1),500
8674,5,ICE,0
8674,2,Grande,500
8674,11,기본,0
8674,9,카라멜 시럽,300
8674,10,휘핑크림 추가,500
8675,4,HOT,0
8675,2,Grande,500
8676,4,HOT,0
8676,1,Tall,0
8676,6,샷 추가 (+1),500
8677,5,ICE,0
8677,2,Grande,500
8678,4,HOT,0
8678,2,Grande,500
8679,5,ICE,0
8679,2,Grande,500
8680,4,HOT,0
8680,2,Grande,500
8680,11,기본,0
8680,6,샷 추가 (+1),500
8681,4,HOT,0
8681,3,Venti,1000
8681,9,카라멜 시럽,300
8682,4,HOT,0
8682,1,Tall,0
8682,11,기본,0
8682,8,헤이즐넛 시럽,300
8683,4,HOT,0
8683,2,Grande,500
8683,12,덜 달게,0
8683,7,바닐라 시럽,300
8684,4,HOT,0
8684,2,Grande,500
8684,12,덜 달게,0
8684,6,샷 추가 (+1),500
8685,5,ICE,0
8685,1,Tall,0
8685,12,덜 달게,0
8686,5,ICE,0
8686,1,Tall,0
8686,6,샷 추가 (+1),500
8687,5,ICE,0
8687,2,Grande,500
8688,4,HOT,0
8688,2,Grande,500
8688,11,기본,0
8689,5,ICE,0
8689,1,Tall,0
8689,12,덜 달게,0
8689,6,샷 추가 (+1),500
8690,5,ICE,0
8690,3,Venti,1000
8690,8,헤이즐넛 시럽,300
8691,5,ICE,0
8691,1,Tall,0
8691,6,샷 추가 (+1),500
8692,5,ICE,0
8692,1,Tall,0
8693,5,ICE,0
8693,2,Grande,500
8693,11,기본,0
8693,10,휘핑크림 추가,500
8694,5,ICE,0
8694,2,Grande,500
8694,6,샷 추가 (+1),500
8695,4,HOT,0
8695,1,Tall,0
8695,12,덜 달게,0
8696,5,ICE,0
8696,1,Tall,0
8696,12,덜 달게,0
8697,4,HOT,0
8697,2,Grande,500
8697,11,기본,0
8698,5,ICE,0
8698,1,Tall,0
8699,4,HOT,0
8699,2,Grande,500
8699,12,덜 달게,0
8700,4,HOT,0
8700,1,Tall,0
8700,8,헤이즐넛 시럽,300
8701,5,ICE,0
8701,1,Tall,0
8701,13,더 달게,0
8702,4,HOT,0
8702,2,Grande,500
8702,13,더 달게,0
8703,5,ICE,0
8703,1,Tall,0
8704,4,HOT,0
8704,1,Tall,0
8704,12,덜 달게,0
8704,7,바닐라 시럽,300
8705,4,HOT,0
8705,2,Grande,500
8705,11,기본,0
8705,6,샷 추가 (+1),500
8706,4,HOT,0
8706,1,Tall,0
8706,11,기본,0
8707,4,HOT,0
8707,1,Tall,0
8707,13,더 달게,0
8707,10,휘핑크림 추가,500
8708,4,HOT,0
8708,1,Tall,0
8708,6,샷 추가 (+1),500
8709,4,HOT,0
8709,2,Grande,500
8709,6,샷 추가 (+1),500
8710,4,HOT,0
8710,2,Grande,500
8710,12,덜 달게,0
8710,6,샷 추가 (+1),500
8710,9,카라멜 시럽,300
8711,4,HOT,0
8711,2,Grande,500
8711,11,기본,0
8712,4,HOT,0
8712,1,Tall,0
8713,4,HOT,0
8713,1,Tall,0
8713,11,기본,0
8714,4,HOT,0
8714,2,Grande,500
8715,5,ICE,0
8715,2,Grande,500
8716,4,HOT,0
8716,2,Grande,500
8716,6,샷 추가 (+1),500
8717,5,ICE,0
8717,3,Venti,1000
8717,6,샷 추가 (+1),500
8717,8,헤이즐넛 시럽,300
8718,4,HOT,0
8718,1,Tall,0
8718,13,더 달게,0
8718,8,헤이즐넛 시럽,300
8719,5,ICE,0
8719,2,Grande,500
8719,13,더 달게,0
8720,4,HOT,0
8720,2,Grande,500
8721,4,HOT,0
8721,1,Tall,0
8721,12,덜 달게,0
8721,6,샷 추가 (+1),500
8722,4,HOT,0
8722,1,Tall,0
8722,6,샷 추가 (+1),500
8723,5,ICE,0
8723,3,Venti,1000
8723,12,덜 달게,0
8723,6,샷 추가 (+1),500
8723,7,바닐라 시럽,300
8724,4,HOT,0
8724,1,Tall,0
8724,11,기본,0
8724,6,샷 추가 (+1),500
8725,5,ICE,0
8725,3,Venti,1000
8726,4,HOT,0
8726,1,Tall,0
8726,13,더 달게,0
8727,5,ICE,0
8727,3,Venti,1000
8728,4,HOT,0
8728,1,Tall,0
8728,12,덜 달게,0
8729,4,HOT,0
8729,2,Grande,500
8729,11,기본,0
8730,5,ICE,0
8730,1,Tall,0
8730,12,덜 달게,0
8731,5,ICE,0
8731,3,Venti,1000
8731,11,기본,0
8732,4,HOT,0
8732,3,Venti,1000
8732,9,카라멜 시럽,300
8733,4,HOT,0
8733,3,Venti,1000
8733,12,덜 달게,0
8734,4,HOT,0
8734,2,Grande,500
8734,11,기본,0
8734,6,샷 추가 (+1),500
8735,4,HOT,0
8735,1,Tall,0
8735,12,덜 달게,0
8736,4,HOT,0
8736,1,Tall,0
8736,11,기본,0
8737,5,ICE,0
8737,1,Tall,0
8737,13,더 달게,0
8737,6,샷 추가 (+1),500
8737,7,바닐라 시럽,300
8738,4,HOT,0
8738,2,Grande,500
8738,11,기본,0
8738,6,샷 추가 (+1),500
8739,4,HOT,0
8739,2,Grande,500
8740,5,ICE,0
8740,2,Grande,500
8740,13,더 달게,0
8740,7,바닐라 시럽,300
8741,5,ICE,0
8741,1,Tall,0
8741,11,기본,0
8741,6,샷 추가 (+1),500
8742,5,ICE,0
8742,2,Grande,500
8743,4,HOT,0
8743,2,Grande,500
8743,12,덜 달게,0
8743,6,샷 추가 (+1),500
8744,5,ICE,0
8744,1,Tall,0
8744,11,기본,0
8745,5,ICE,0
8745,3,Venti,1000
8745,11,기본,0
8745,7,바닐라 시럽,300
8746,4,HOT,0
8746,1,Tall,0
8746,6,샷 추가 (+1),500
8747,5,ICE,0
8747,2,Grande,500
8747,13,더 달게,0
8747,6,샷 추가 (+1),500
8748,4,HOT,0
8748,1,Tall,0
8749,4,HOT,0
8749,3,Venti,1000
8750,4,HOT,0
8750,1,Tall,0
8751,4,HOT,0
8751,2,Grande,500
8751,13,더 달게,0
8751,6,샷 추가 (+1),500
8752,4,HOT,0
8752,2,Grande,500
8752,13,더 달게,0
8753,5,ICE,0
8753,3,Venti,1000
8753,12,덜 달게,0
8753,6,샷 추가 (+1),500
8754,5,ICE,0
8754,3,Venti,1000
8754,11,기본,0
8755,5,ICE,0
8755,1,Tall,0
8755,6,샷 추가 (+1),500
8756,5,ICE,0
8756,1,Tall,0
8757,5,ICE,0
8757,2,Grande,500
8757,12,덜 달게,0
8757,10,휘핑크림 추가,500
8758,5,ICE,0
8758,1,Tall,0
8758,6,샷 추가 (+1),500
8759,4,HOT,0
8759,2,Grande,500
8759,12,덜 달게,0
8759,6,샷 추가 (+1),500
8760,4,HOT,0
8760,1,Tall,0
8760,13,더 달게,0
8760,6,샷 추가 (+1),500
8761,4,HOT,0
8761,1,Tall,0
8761,13,더 달게,0
8762,4,HOT,0
8762,2,Grande,500
8762,11,기본,0
8763,5,ICE,0
8763,2,Grande,500
8763,11,기본,0
8764,5,ICE,0
8764,2,Grande,500
8765,5,ICE,0
8765,1,Tall,0
8765,13,더 달게,0
8766,4,HOT,0
8766,2,Grande,500
8766,9,카라멜 시럽,300
8767,5,ICE,0
8767,2,Grande,500
8767,6,샷 추가 (+1),500
8767,8,헤이즐넛 시럽,300
8768,4,HOT,0
8768,1,Tall,0
8768,11,기본,0
8769,5,ICE,0
8769,1,Tall,0
8769,13,더 달게,0
8770,4,HOT,0
8770,1,Tall,0
8771,5,ICE,0
8771,1,Tall,0
8771,6,샷 추가 (+1),500
8772,4,HOT,0
8772,3,Venti,1000
8772,12,덜 달게,0
8773,4,HOT,0
8773,2,Grande,500
8773,11,기본,0
8773,6,샷 추가 (+1),500
8774,5,ICE,0
8774,2,Grande,500
8774,13,더 달게,0
8774,7,바닐라 시럽,300
8775,4,HOT,0
8775,1,Tall,0
8775,9,카라멜 시럽,300
8776,4,HOT,0
8776,1,Tall,0
8776,13,더 달게,0
8777,5,ICE,0
8777,1,Tall,0
8777,13,더 달게,0
8778,4,HOT,0
8778,1,Tall,0
8778,11,기본,0
8779,4,HOT,0
8779,2,Grande,500
8779,12,덜 달게,0
8779,10,휘핑크림 추가,500
8780,4,HOT,0
8780,1,Tall,0
8780,11,기본,0
8781,4,HOT,0
8781,1,Tall,0
8781,10,휘핑크림 추가,500
8782,4,HOT,0
8782,3,Venti,1000
8782,13,더 달게,0
8783,4,HOT,0
8783,1,Tall,0
8783,12,덜 달게,0
8784,5,ICE,0
8784,1,Tall,0
8784,9,카라멜 시럽,300
8785,5,ICE,0
8785,2,Grande,500
8786,4,HOT,0
8786,1,Tall,0
8786,6,샷 추가 (+1),500
8787,5,ICE,0
8787,2,Grande,500
8787,12,덜 달게,0
8788,4,HOT,0
8788,3,Venti,1000
8788,11,기본,0
8789,5,ICE,0
8789,2,Grande,500
8789,11,기본,0
8790,4,HOT,0
8790,1,Tall,0
8790,11,기본,0
8790,6,샷 추가 (+1),500
8791,5,ICE,0
8791,1,Tall,0
8791,11,기본,0
8791,8,헤이즐넛 시럽,300
8792,4,HOT,0
8792,1,Tall,0
8792,8,헤이즐넛 시럽,300
8793,4,HOT,0
8793,1,Tall,0
8794,4,HOT,0
8794,2,Grande,500
8794,11,기본,0
8794,6,샷 추가 (+1),500
8794,9,카라멜 시럽,300
8795,4,HOT,0
8795,2,Grande,500
8795,11,기본,0
8796,4,HOT,0
8796,3,Venti,1000
8796,11,기본,0
8797,4,HOT,0
8797,1,Tall,0
8797,12,덜 달게,0
8798,4,HOT,0
8798,1,Tall,0
8798,11,기본,0
8798,9,카라멜 시럽,300
8799,4,HOT,0
8799,3,Venti,1000
8799,13,더 달게,0
8799,6,샷 추가 (+1),500
8799,8,헤이즐넛 시럽,300
8800,4,HOT,0
8800,3,Venti,1000
8800,13,더 달게,0
8801,4,HOT,0
8801,1,Tall,0
8801,6,샷 추가 (+1),500
8801,8,헤이즐넛 시럽,300
8802,5,ICE,0
8802,2,Grande,500
8802,13,더 달게,0
8803,5,ICE,0
8803,2,Grande,500
8803,6,샷 추가 (+1),500
8803,8,헤이즐넛 시럽,300
8804,4,HOT,0
8804,1,Tall,0
8805,4,HOT,0
8805,3,Venti,1000
8805,12,덜 달게,0
8805,6,샷 추가 (+1),500
8806,5,ICE,0
8806,3,Venti,1000
8806,11,기본,0
8807,4,HOT,0
8807,2,Grande,500
8807,11,기본,0
8807,6,샷 추가 (+1),500
8807,8,헤이즐넛 시럽,300
8808,4,HOT,0
8808,2,Grande,500
8809,5,ICE,0
8809,1,Tall,0
8809,12,덜 달게,0
8809,6,샷 추가 (+1),500
8810,5,ICE,0
8810,1,Tall,0
8810,13,더 달게,0
8811,5,ICE,0
8811,2,Grande,500
8811,11,기본,0
8812,5,ICE,0
8812,3,Venti,1000
8813,5,ICE,0
8813,2,Grande,500
8813,12,덜 달게,0
8813,7,바닐라 시럽,300
8814,4,HOT,0
8814,3,Venti,1000
8814,11,기본,0
8815,5,ICE,0
8815,2,Grande,500
8815,11,기본,0
8816,5,ICE,0
8816,2,Grande,500
8816,12,덜 달게,0
8817,5,ICE,0
8817,1,Tall,0
8817,11,기본,0
8818,4,HOT,0
8818,2,Grande,500
8818,13,더 달게,0
8819,4,HOT,0
8819,2,Grande,500
8819,13,더 달게,0
8819,6,샷 추가 (+1),500
8819,10,휘핑크림 추가,500
8820,4,HOT,0
8820,1,Tall,0
8821,4,HOT,0
8821,1,Tall,0
8821,6,샷 추가 (+1),500
8822,5,ICE,0
8822,2,Grande,500
8822,11,기본,0
8822,6,샷 추가 (+1),500
8823,4,HOT,0
8823,3,Venti,1000
8823,13,더 달게,0
8823,6,샷 추가 (+1),500
8824,5,ICE,0
8824,2,Grande,500
8824,6,샷 추가 (+1),500
8824,7,바닐라 시럽,300
8825,5,ICE,0
8825,1,Tall,0
8825,11,기본,0
8825,6,샷 추가 (+1),500
8826,5,ICE,0
8826,1,Tall,0
8826,11,기본,0
8827,5,ICE,0
8827,1,Tall,0
8827,11,기본,0
8827,7,바닐라 시럽,300
8827,10,휘핑크림 추가,500
8828,5,ICE,0
8828,1,Tall,0
8829,4,HOT,0
8829,2,Grande,500
8829,6,샷 추가 (+1),500
8830,4,HOT,0
8830,1,Tall,0
8830,13,더 달게,0
8831,5,ICE,0
8831,1,Tall,0
8831,13,더 달게,0
8831,6,샷 추가 (+1),500
8832,4,HOT,0
8832,3,Venti,1000
8832,12,덜 달게,0
8832,10,휘핑크림 추가,500
8833,5,ICE,0
8833,2,Grande,500
8833,11,기본,0
8833,8,헤이즐넛 시럽,300
8834,5,ICE,0
8834,2,Grande,500
8834,12,덜 달게,0
8835,4,HOT,0
8835,1,Tall,0
8835,12,덜 달게,0
8836,5,ICE,0
8836,2,Grande,500
8836,6,샷 추가 (+1),500
8836,9,카라멜 시럽,300
8837,4,HOT,0
8837,2,Grande,500
8838,4,HOT,0
8838,1,Tall,0
8838,13,더 달게,0
8838,6,샷 추가 (+1),500
8839,4,HOT,0
8839,2,Grande,500
8839,8,헤이즐넛 시럽,300
8840,5,ICE,0
8840,3,Venti,1000
8840,12,덜 달게,0
8841,4,HOT,0
8841,3,Venti,1000
8841,13,더 달게,0
8842,4,HOT,0
8842,3,Venti,1000
8842,11,기본,0
8842,6,샷 추가 (+1),500
8842,9,카라멜 시럽,300
8843,4,HOT,0
8843,1,Tall,0
8844,4,HOT,0
8844,2,Grande,500
8844,11,기본,0
8844,6,샷 추가 (+1),500
8844,10,휘핑크림 추가,500
8845,4,HOT,0
8845,1,Tall,0
8845,13,더 달게,0
8846,5,ICE,0
8846,2,Grande,500
8846,13,더 달게,0
8846,6,샷 추가 (+1),500
8847,4,HOT,0
8847,1,Tall,0
8847,12,덜 달게,0
8848,4,HOT,0
8848,1,Tall,0
8848,13,더 달게,0
8849,5,ICE,0
8849,2,Grande,500
8849,11,기본,0
8849,6,샷 추가 (+1),500
8849,8,헤이즐넛 시럽,300
8850,5,ICE,0
8850,1,Tall,0
8850,12,덜 달게,0
8851,5,ICE,0
8851,2,Grande,500
8851,12,덜 달게,0
8851,6,샷 추가 (+1),500
8851,10,휘핑크림 추가,500
8852,5,ICE,0
8852,3,Venti,1000
8853,4,HOT,0
8853,1,Tall,0
8854,5,ICE,0
8854,3,Venti,1000
8854,11,기본,0
8854,6,샷 추가 (+1),500
8855,4,HOT,0
8855,3,Venti,1000
8855,13,더 달게,0
8856,5,ICE,0
8856,1,Tall,0
8856,13,더 달게,0
8857,4,HOT,0
8857,1,Tall,0
8857,11,기본,0
8858,4,HOT,0
8858,1,Tall,0
8859,4,HOT,0
8859,3,Venti,1000
8859,10,휘핑크림 추가,500
8860,4,HOT,0
8860,1,Tall,0
8860,10,휘핑크림 추가,500
8861,5,ICE,0
8861,3,Venti,1000
8862,4,HOT,0
8862,1,Tall,0
8862,11,기본,0
8862,6,샷 추가 (+1),500
8862,9,카라멜 시럽,300
8863,5,ICE,0
8863,2,Grande,500
8863,12,덜 달게,0
8864,4,HOT,0
8864,2,Grande,500
8864,13,더 달게,0
8865,5,ICE,0
8865,1,Tall,0
8866,4,HOT,0
8866,2,Grande,500
8866,12,덜 달게,0
8866,9,카라멜 시럽,300
8867,4,HOT,0
8867,1,Tall,0
8868,5,ICE,0
8868,1,Tall,0
8868,11,기본,0
8869,4,HOT,0
8869,1,Tall,0
8869,6,샷 추가 (+1),500
8869,7,바닐라 시럽,300
8870,4,HOT,0
8870,1,Tall,0
8871,5,ICE,0
8871,1,Tall,0
8872,5,ICE,0
8872,1,Tall,0
8872,12,덜 달게,0
8872,6,샷 추가 (+1),500
8873,5,ICE,0
8873,1,Tall,0
8873,13,더 달게,0
8874,4,HOT,0
8874,1,Tall,0
8875,5,ICE,0
8875,1,Tall,0
8875,8,헤이즐넛 시럽,300
8876,5,ICE,0
8876,1,Tall,0
8876,7,바닐라 시럽,300
8877,4,HOT,0
8877,3,Venti,1000
8877,12,덜 달게,0
8877,6,샷 추가 (+1),500
8877,9,카라멜 시럽,300
8878,5,ICE,0
8878,1,Tall,0
8878,12,덜 달게,0
8878,6,샷 추가 (+1),500
8878,8,헤이즐넛 시럽,300
8879,5,ICE,0
8879,1,Tall,0
8879,11,기본,0
8879,6,샷 추가 (+1),500
8880,5,ICE,0
8880,2,Grande,500
8880,11,기본,0
8880,7,바닐라 시럽,300
8881,4,HOT,0
8881,3,Venti,1000
8881,11,기본,0
8882,5,ICE,0
8882,2,Grande,500
8882,11,기본,0
8883,4,HOT,0
8883,3,Venti,1000
8883,11,기본,0
8883,6,샷 추가 (+1),500
8883,8,헤이즐넛 시럽,300
8884,4,HOT,0
8884,2,Grande,500
8884,12,덜 달게,0
8884,6,샷 추가 (+1),500
8885,5,ICE,0
8885,1,Tall,0
8885,6,샷 추가 (+1),500
8886,5,ICE,0
8886,1,Tall,0
8886,13,더 달게,0
8886,6,샷 추가 (+1),500
8886,9,카라멜 시럽,300
8887,4,HOT,0
8887,2,Grande,500
8887,13,더 달게,0
8887,6,샷 추가 (+1),500
8888,4,HOT,0
8888,1,Tall,0
8888,11,기본,0
8888,6,샷 추가 (+1),500
8889,5,ICE,0
8889,3,Venti,1000
8890,4,HOT,0
8890,1,Tall,0
8890,11,기본,0
8891,4,HOT,0
8891,1,Tall,0
8891,11,기본,0
8892,5,ICE,0
8892,1,Tall,0
8892,11,기본,0
8892,6,샷 추가 (+1),500
8893,4,HOT,0
8893,1,Tall,0
8893,13,더 달게,0
8894,4,HOT,0
8894,1,Tall,0
8895,5,ICE,0
8895,3,Venti,1000
8896,4,HOT,0
8896,2,Grande,500
8896,11,기본,0
8897,4,HOT,0
8897,2,Grande,500
8897,6,샷 추가 (+1),500
8897,7,바닐라 시럽,300
8898,4,HOT,0
8898,1,Tall,0
8898,6,샷 추가 (+1),500
8899,4,HOT,0
8899,1,Tall,0
8899,11,기본,0
8900,4,HOT,0
8900,1,Tall,0
8900,12,덜 달게,0
8900,7,바닐라 시럽,300
8901,5,ICE,0
8901,1,Tall,0
8901,11,기본,0
8902,5,ICE,0
8902,2,Grande,500
8902,6,샷 추가 (+1),500
8902,9,카라멜 시럽,300
8903,4,HOT,0
8903,1,Tall,0
8903,13,더 달게,0
8903,6,샷 추가 (+1),500
8903,10,휘핑크림 추가,500
8904,4,HOT,0
8904,1,Tall,0
8905,5,ICE,0
8905,3,Venti,1000
8905,11,기본,0
8906,4,HOT,0
8906,1,Tall,0
8906,11,기본,0
8907,4,HOT,0
8907,1,Tall,0
8907,13,더 달게,0
8907,10,휘핑크림 추가,500
8908,4,HOT,0
8908,1,Tall,0
8908,13,더 달게,0
8909,4,HOT,0
8909,2,Grande,500
8909,11,기본,0
8909,7,바닐라 시럽,300
8909,10,휘핑크림 추가,500
8910,4,HOT,0
8910,1,Tall,0
8910,11,기본,0
8910,7,바닐라 시럽,300
8911,4,HOT,0
8911,1,Tall,0
8912,5,ICE,0
8912,1,Tall,0
8912,11,기본,0
8913,4,HOT,0
8913,2,Grande,500
8914,4,HOT,0
8914,2,Grande,500
8914,10,휘핑크림 추가,500
8915,5,ICE,0
8915,1,Tall,0
8916,4,HOT,0
8916,3,Venti,1000
8916,12,덜 달게,0
8917,4,HOT,0
8917,1,Tall,0
8917,11,기본,0
8918,4,HOT,0
8918,1,Tall,0
8919,4,HOT,0
8919,1,Tall,0
8920,4,HOT,0
8920,3,Venti,1000
8920,11,기본,0
8920,6,샷 추가 (+1),500
8921,5,ICE,0
8921,2,Grande,500
8921,6,샷 추가 (+1),500
8922,5,ICE,0
8922,2,Grande,500
8922,13,더 달게,0
8922,9,카라멜 시럽,300
8923,5,ICE,0
8923,3,Venti,1000
8923,11,기본,0
8924,4,HOT,0
8924,3,Venti,1000
8925,5,ICE,0
8925,2,Grande,500
8925,11,기본,0
8926,5,ICE,0
8926,2,Grande,500
8926,6,샷 추가 (+1),500
8927,4,HOT,0
8927,3,Venti,1000
8927,13,더 달게,0
8927,7,바닐라 시럽,300
8928,4,HOT,0
8928,1,Tall,0
8929,5,ICE,0
8929,2,Grande,500
8930,5,ICE,0
8930,1,Tall,0
8930,6,샷 추가 (+1),500
8931,4,HOT,0
8931,1,Tall,0
8931,13,더 달게,0
8932,4,HOT,0
8932,3,Venti,1000
8932,11,기본,0
8932,6,샷 추가 (+1),500
8933,4,HOT,0
8933,3,Venti,1000
8933,13,더 달게,0
8933,6,샷 추가 (+1),500
8933,7,바닐라 시럽,300
8934,5,ICE,0
8934,3,Venti,1000
8934,13,더 달게,0
8934,6,샷 추가 (+1),500
8935,4,HOT,0
8935,1,Tall,0
8935,6,샷 추가 (+1),500
8936,5,ICE,0
8936,1,Tall,0
8936,13,더 달게,0
8937,5,ICE,0
8937,2,Grande,500
8937,12,덜 달게,0
8938,5,ICE,0
8938,2,Grande,500
8938,12,덜 달게,0
8938,6,샷 추가 (+1),500
8939,5,ICE,0
8939,1,Tall,0
8940,4,HOT,0
8940,2,Grande,500
8940,12,덜 달게,0
8940,6,샷 추가 (+1),500
8940,10,휘핑크림 추가,500
8941,5,ICE,0
8941,3,Venti,1000
8941,13,더 달게,0
8942,4,HOT,0
8942,2,Grande,500
8942,11,기본,0
8942,6,샷 추가 (+1),500
8942,10,휘핑크림 추가,500
8943,4,HOT,0
8943,2,Grande,500
8943,10,휘핑크림 추가,500
8944,4,HOT,0
8944,3,Venti,1000
8944,11,기본,0
8945,5,ICE,0
8945,2,Grande,500
8946,4,HOT,0
8946,2,Grande,500
8947,4,HOT,0
8947,2,Grande,500
8947,12,덜 달게,0
8948,5,ICE,0
8948,1,Tall,0
8949,4,HOT,0
8949,1,Tall,0
8949,10,휘핑크림 추가,500
8950,4,HOT,0
8950,1,Tall,0
8950,12,덜 달게,0
8951,4,HOT,0
8951,1,Tall,0
8952,4,HOT,0
8952,2,Grande,500
8953,4,HOT,0
8953,1,Tall,0
8953,12,덜 달게,0
8953,6,샷 추가 (+1),500
8954,5,ICE,0
8954,2,Grande,500
8954,13,더 달게,0
8954,6,샷 추가 (+1),500
8955,4,HOT,0
8955,1,Tall,0
8955,12,덜 달게,0
8956,4,HOT,0
8956,2,Grande,500
8956,11,기본,0
8956,7,바닐라 시럽,300
8957,5,ICE,0
8957,3,Venti,1000
8958,4,HOT,0
8958,1,Tall,0
8958,12,덜 달게,0
8959,4,HOT,0
8959,1,Tall,0
8959,12,덜 달게,0
8959,6,샷 추가 (+1),500
8959,10,휘핑크림 추가,500
8960,4,HOT,0
8960,3,Venti,1000
8960,12,덜 달게,0
8961,4,HOT,0
8961,2,Grande,500
8961,11,기본,0
8962,4,HOT,0
8962,1,Tall,0
8962,13,더 달게,0
8963,4,HOT,0
8963,1,Tall,0
8963,6,샷 추가 (+1),500
8963,8,헤이즐넛 시럽,300
8964,4,HOT,0
8964,3,Venti,1000
8964,11,기본,0
8964,9,카라멜 시럽,300
8965,4,HOT,0
8965,2,Grande,500
8965,12,덜 달게,0
8966,4,HOT,0
8966,1,Tall,0
8966,11,기본,0
8966,6,샷 추가 (+1),500
8967,5,ICE,0
8967,2,Grande,500
8967,11,기본,0
8968,4,HOT,0
8968,3,Venti,1000
8968,11,기본,0
8968,7,바닐라 시럽,300
8968,10,휘핑크림 추가,500
8969,4,HOT,0
8969,1,Tall,0
8970,4,HOT,0
8970,3,Venti,1000
8970,11,기본,0
8971,4,HOT,0
8971,2,Grande,500
8971,11,기본,0
8971,8,헤이즐넛 시럽,300
8972,5,ICE,0
8972,1,Tall,0
8972,11,기본,0
8972,6,샷 추가 (+1),500
8973,4,HOT,0
8973,2,Grande,500
8973,13,더 달게,0
8974,4,HOT,0
8974,2,Grande,500
8974,9,카라멜 시럽,300
8975,4,HOT,0
8975,2,Grande,500
8975,11,기본,0
8976,5,ICE,0
8976,3,Venti,1000
8976,6,샷 추가 (+1),500
8977,5,ICE,0
8977,2,Grande,500
8977,13,더 달게,0
8977,6,샷 추가 (+1),500
8978,5,ICE,0
8978,1,Tall,0
8978,13,더 달게,0
8979,5,ICE,0
8979,1,Tall,0
8979,11,기본,0
8980,4,HOT,0
8980,2,Grande,500
8980,12,덜 달게,0
8981,4,HOT,0
8981,2,Grande,500
8981,12,덜 달게,0
8982,4,HOT,0
8982,3,Venti,1000
8982,12,덜 달게,0
8983,4,HOT,0
8983,3,Venti,1000
8984,4,HOT,0
8984,3,Venti,1000
8984,13,더 달게,0
8985,4,HOT,0
8985,1,Tall,0
8985,11,기본,0
8985,8,헤이즐넛 시럽,300
8986,4,HOT,0
8986,1,Tall,0
8986,6,샷 추가 (+1),500
8987,5,ICE,0
8987,1,Tall,0
8987,6,샷 추가 (+1),500
8987,10,휘핑크림 추가,500
8988,4,HOT,0
8988,1,Tall,0
8989,4,HOT,0
8989,2,Grande,500
8990,5,ICE,0
8990,1,Tall,0
8991,4,HOT,0
8991,1,Tall,0
8991,12,덜 달게,0
8992,4,HOT,0
8992,2,Grande,500
8992,11,기본,0
8993,5,ICE,0
8993,1,Tall,0
8993,13,더 달게,0
8994,4,HOT,0
8994,1,Tall,0
8994,11,기본,0
8995,4,HOT,0
8995,2,Grande,500
8995,13,더 달게,0
8995,10,휘핑크림 추가,500
8996,4,HOT,0
8996,2,Grande,500
8996,12,덜 달게,0
8996,10,휘핑크림 추가,500
8997,4,HOT,0
8997,1,Tall,0
8997,13,더 달게,0
8997,6,샷 추가 (+1),500
8997,9,카라멜 시럽,300
8998,4,HOT,0
8998,1,Tall,0
8998,11,기본,0
8999,5,ICE,0
8999,3,Venti,1000
8999,8,헤이즐넛 시럽,300
9000,4,HOT,0
9000,2,Grande,500
9000,13,더 달게,0
9001,4,HOT,0
9001,1,Tall,0
9001,13,더 달게,0
9002,4,HOT,0
9002,1,Tall,0
9002,12,덜 달게,0
9003,4,HOT,0
9003,3,Venti,1000
9003,13,더 달게,0
9004,4,HOT,0
9004,1,Tall,0
9004,11,기본,0
9005,5,ICE,0
9005,2,Grande,500
9005,12,덜 달게,0
9005,10,휘핑크림 추가,500
9006,4,HOT,0
9006,2,Grande,500
9006,11,기본,0
9006,6,샷 추가 (+1),500
9007,4,HOT,0
9007,3,Venti,1000
9007,11,기본,0
9007,9,카라멜 시럽,300
9008,5,ICE,0
9008,1,Tall,0
9008,11,기본,0
9008,9,카라멜 시럽,300
9009,5,ICE,0
9009,2,Grande,500
9009,12,덜 달게,0
9009,6,샷 추가 (+1),500
9010,4,HOT,0
9010,2,Grande,500
9010,6,샷 추가 (+1),500
9010,10,휘핑크림 추가,500
9011,4,HOT,0
9011,1,Tall,0
9011,6,샷 추가 (+1),500
9012,5,ICE,0
9012,3,Venti,1000
9012,11,기본,0
9013,4,HOT,0
9013,3,Venti,1000
9013,12,덜 달게,0
9013,8,헤이즐넛 시럽,300
9014,5,ICE,0
9014,1,Tall,0
9014,12,덜 달게,0
9014,6,샷 추가 (+1),500
9014,10,휘핑크림 추가,500
9015,4,HOT,0
9015,3,Venti,1000
9016,5,ICE,0
9016,3,Venti,1000
9017,5,ICE,0
9017,1,Tall,0
9017,6,샷 추가 (+1),500
9018,5,ICE,0
9018,2,Grande,500
9018,13,더 달게,0
9018,7,바닐라 시럽,300
9019,5,ICE,0
9019,1,Tall,0
9020,4,HOT,0
9020,1,Tall,0
9020,11,기본,0
9021,5,ICE,0
9021,2,Grande,500
9021,11,기본,0
9022,4,HOT,0
9022,1,Tall,0
9022,9,카라멜 시럽,300
9023,4,HOT,0
9023,2,Grande,500
9023,7,바닐라 시럽,300
9023,10,휘핑크림 추가,500
9024,4,HOT,0
9024,1,Tall,0
9024,11,기본,0
9025,4,HOT,0
9025,1,Tall,0
9025,11,기본,0
9025,7,바닐라 시럽,300
9026,4,HOT,0
9026,1,Tall,0
9026,10,휘핑크림 추가,500
9027,4,HOT,0
9027,1,Tall,0
9027,11,기본,0
9028,5,ICE,0
9028,2,Grande,500
9028,6,샷 추가 (+1),500
9028,10,휘핑크림 추가,500
9029,4,HOT,0
9029,2,Grande,500
9029,6,샷 추가 (+1),500
9029,10,휘핑크림 추가,500
9030,4,HOT,0
9030,3,Venti,1000
9030,12,덜 달게,0
9030,6,샷 추가 (+1),500
9030,8,헤이즐넛 시럽,300
9031,5,ICE,0
9031,2,Grande,500
9031,12,덜 달게,0
9031,6,샷 추가 (+1),500
9032,4,HOT,0
9032,1,Tall,0
9032,6,샷 추가 (+1),500
9032,10,휘핑크림 추가,500
9033,5,ICE,0
9033,2,Grande,500
9033,13,더 달게,0
9034,5,ICE,0
9034,2,Grande,500
9034,13,더 달게,0
9035,5,ICE,0
9035,2,Grande,500
9035,11,기본,0
9035,6,샷 추가 (+1),500
9036,5,ICE,0
9036,2,Grande,500
9036,12,덜 달게,0
9037,4,HOT,0
9037,1,Tall,0
9038,4,HOT,0
9038,1,Tall,0
9038,11,기본,0
9039,5,ICE,0
9039,1,Tall,0
9039,11,기본,0
9039,6,샷 추가 (+1),500
9040,5,ICE,0
9040,2,Grande,500
9040,8,헤이즐넛 시럽,300
9041,4,HOT,0
9041,1,Tall,0
9042,5,ICE,0
9042,2,Grande,500
9042,12,덜 달게,0
9042,7,바닐라 시럽,300
9043,4,HOT,0
9043,3,Venti,1000
9043,11,기본,0
9044,4,HOT,0
9044,3,Venti,1000
9044,12,덜 달게,0
9044,8,헤이즐넛 시럽,300
9045,4,HOT,0
9045,2,Grande,500
9045,13,더 달게,0
9045,6,샷 추가 (+1),500
9045,10,휘핑크림 추가,500
9046,4,HOT,0
9046,1,Tall,0
9047,5,ICE,0
9047,1,Tall,0
9048,4,HOT,0
9048,2,Grande,500
9048,13,더 달게,0
9048,6,샷 추가 (+1),500
9049,5,ICE,0
9049,2,Grande,500
9050,5,ICE,0
9050,1,Tall,0
9050,11,기본,0
9051,5,ICE,0
9051,2,Grande,500
9051,13,더 달게,0
9051,7,바닐라 시럽,300
9052,5,ICE,0
9052,2,Grande,500
9052,13,더 달게,0
9052,6,샷 추가 (+1),500
9053,4,HOT,0
9053,1,Tall,0
9054,5,ICE,0
9054,1,Tall,0
9054,12,덜 달게,0
9054,8,헤이즐넛 시럽,300
9055,4,HOT,0
9055,2,Grande,500
9055,11,기본,0
9056,4,HOT,0
9056,1,Tall,0
9056,11,기본,0
9057,5,ICE,0
9057,1,Tall,0
9057,12,덜 달게,0
9058,4,HOT,0
9058,1,Tall,0
9059,5,ICE,0
9059,1,Tall,0
9059,11,기본,0
9060,5,ICE,0
9060,3,Venti,1000
9060,11,기본,0
9061,4,HOT,0
9061,2,Grande,500
9061,13,더 달게,0
9061,6,샷 추가 (+1),500
9061,8,헤이즐넛 시럽,300
9062,4,HOT,0
9062,1,Tall,0
9062,13,더 달게,0
9063,4,HOT,0
9063,1,Tall,0
9063,11,기본,0
9063,6,샷 추가 (+1),500
9064,5,ICE,0
9064,2,Grande,500
9064,11,기본,0
9065,5,ICE,0
9065,1,Tall,0
9065,11,기본,0
9066,4,HOT,0
9066,2,Grande,500
9067,4,HOT,0
9067,3,Venti,1000
9067,10,휘핑크림 추가,500
9068,4,HOT,0
9068,2,Grande,500
9068,11,기본,0
9069,4,HOT,0
9069,2,Grande,500
9069,11,기본,0
9070,5,ICE,0
9070,1,Tall,0
9070,12,덜 달게,0
9071,4,HOT,0
9071,2,Grande,500
9071,13,더 달게,0
9072,4,HOT,0
9072,1,Tall,0
9072,11,기본,0
9073,4,HOT,0
9073,1,Tall,0
9073,12,덜 달게,0
9073,8,헤이즐넛 시럽,300
9074,4,HOT,0
9074,2,Grande,500
9074,11,기본,0
9075,4,HOT,0
9075,1,Tall,0
9075,13,더 달게,0
9076,5,ICE,0
9076,2,Grande,500
9076,11,기본,0
9077,4,HOT,0
9077,2,Grande,500
9077,7,바닐라 시럽,300
9078,4,HOT,0
9078,3,Venti,1000
9078,13,더 달게,0
9079,5,ICE,0
9079,1,Tall,0
9079,12,덜 달게,0
9079,6,샷 추가 (+1),500
9080,5,ICE,0
9080,3,Venti,1000
9081,5,ICE,0
9081,3,Venti,1000
9081,8,헤이즐넛 시럽,300
9082,4,HOT,0
9082,1,Tall,0
9082,11,기본,0
9083,4,HOT,0
9083,1,Tall,0
9083,12,덜 달게,0
9084,4,HOT,0
9084,1,Tall,0
9084,12,덜 달게,0
9085,5,ICE,0
9085,2,Grande,500
9085,8,헤이즐넛 시럽,300
9086,5,ICE,0
9086,2,Grande,500
9086,13,더 달게,0
9086,6,샷 추가 (+1),500
9087,4,HOT,0
9087,2,Grande,500
9088,4,HOT,0
9088,2,Grande,500
9088,12,덜 달게,0
9089,4,HOT,0
9089,1,Tall,0
9089,11,기본,0
9089,6,샷 추가 (+1),500
9089,10,휘핑크림 추가,500
9090,4,HOT,0
9090,2,Grande,500
9090,9,카라멜 시럽,300
9091,5,ICE,0
9091,2,Grande,500
9092,4,HOT,0
9092,2,Grande,500
9092,13,더 달게,0
9093,4,HOT,0
9093,1,Tall,0
9093,11,기본,0
9094,5,ICE,0
9094,2,Grande,500
9094,11,기본,0
9094,6,샷 추가 (+1),500
9095,5,ICE,0
9095,3,Venti,1000
9095,11,기본,0
9096,4,HOT,0
9096,2,Grande,500
9096,11,기본,0
9096,9,카라멜 시럽,300
9097,4,HOT,0
9097,3,Venti,1000
9097,7,바닐라 시럽,300
9098,4,HOT,0
9098,1,Tall,0
9098,13,더 달게,0
9098,6,샷 추가 (+1),500
9099,5,ICE,0
9099,3,Venti,1000
9099,13,더 달게,0
9099,6,샷 추가 (+1),500
9099,7,바닐라 시럽,300
9099,10,휘핑크림 추가,500
9100,4,HOT,0
9100,2,Grande,500
9100,11,기본,0
9101,4,HOT,0
9101,1,Tall,0
9101,12,덜 달게,0
9102,5,ICE,0
9102,2,Grande,500
9103,5,ICE,0
9103,1,Tall,0
9103,9,카라멜 시럽,300
9103,10,휘핑크림 추가,500
9104,4,HOT,0
9104,1,Tall,0
9104,13,더 달게,0
9105,4,HOT,0
9105,3,Venti,1000
9105,13,더 달게,0
9105,6,샷 추가 (+1),500
9106,5,ICE,0
9106,2,Grande,500
9106,11,기본,0
9107,4,HOT,0
9107,1,Tall,0
9107,6,샷 추가 (+1),500
9108,5,ICE,0
9108,1,Tall,0
9108,8,헤이즐넛 시럽,300
9109,5,ICE,0
9109,2,Grande,500
9109,6,샷 추가 (+1),500
9109,9,카라멜 시럽,300
9110,5,ICE,0
9110,1,Tall,0
9110,13,더 달게,0
9110,6,샷 추가 (+1),500
9111,4,HOT,0
9111,1,Tall,0
9111,12,덜 달게,0
9112,5,ICE,0
9112,2,Grande,500
9112,8,헤이즐넛 시럽,300
9113,4,HOT,0
9113,1,Tall,0
9113,6,샷 추가 (+1),500
9114,4,HOT,0
9114,1,Tall,0
9114,11,기본,0
9115,4,HOT,0
9115,1,Tall,0
9115,11,기본,0
9115,6,샷 추가 (+1),500
9116,4,HOT,0
9116,1,Tall,0
9117,5,ICE,0
9117,3,Venti,1000
9117,7,바닐라 시럽,300
9118,5,ICE,0
9118,3,Venti,1000
9118,13,더 달게,0
9119,4,HOT,0
9119,1,Tall,0
9120,5,ICE,0
9120,3,Venti,1000
9120,7,바닐라 시럽,300
9120,10,휘핑크림 추가,500
9121,4,HOT,0
9121,3,Venti,1000
9122,4,HOT,0
9122,1,Tall,0
9123,4,HOT,0
9123,3,Venti,1000
9123,11,기본,0
9123,6,샷 추가 (+1),500
9124,4,HOT,0
9124,3,Venti,1000
9124,12,덜 달게,0
9124,6,샷 추가 (+1),500
9125,5,ICE,0
9125,1,Tall,0
9125,11,기본,0
9125,6,샷 추가 (+1),500
9126,5,ICE,0
9126,2,Grande,500
9126,6,샷 추가 (+1),500
9126,7,바닐라 시럽,300
9127,4,HOT,0
9127,3,Venti,1000
9127,11,기본,0
9127,8,헤이즐넛 시럽,300
9128,4,HOT,0
9128,1,Tall,0
9129,4,HOT,0
9129,1,Tall,0
9129,12,덜 달게,0
9130,4,HOT,0
9130,2,Grande,500
9130,12,덜 달게,0
9130,8,헤이즐넛 시럽,300
9130,10,휘핑크림 추가,500
9131,5,ICE,0
9131,1,Tall,0
9131,7,바닐라 시럽,300
9132,4,HOT,0
9132,2,Grande,500
9132,12,덜 달게,0
9132,10,휘핑크림 추가,500
9133,5,ICE,0
9133,2,Grande,500
9134,5,ICE,0
9134,2,Grande,500
9134,10,휘핑크림 추가,500
9135,4,HOT,0
9135,2,Grande,500
9135,6,샷 추가 (+1),500
9136,4,HOT,0
9136,1,Tall,0
9136,13,더 달게,0
9136,6,샷 추가 (+1),500
9137,5,ICE,0
9137,2,Grande,500
9137,11,기본,0
9137,10,휘핑크림 추가,500
9138,4,HOT,0
9138,1,Tall,0
9138,13,더 달게,0
9138,6,샷 추가 (+1),500
9138,10,휘핑크림 추가,500
9139,5,ICE,0
9139,1,Tall,0
9139,11,기본,0
9139,6,샷 추가 (+1),500
9139,8,헤이즐넛 시럽,300
9140,4,HOT,0
9140,3,Venti,1000
9141,4,HOT,0
9141,2,Grande,500
9141,9,카라멜 시럽,300
9142,5,ICE,0
9142,1,Tall,0
9142,6,샷 추가 (+1),500
9143,4,HOT,0
9143,2,Grande,500
9143,13,더 달게,0
9144,5,ICE,0
9144,2,Grande,500
9145,4,HOT,0
9145,1,Tall,0
9145,11,기본,0
9145,6,샷 추가 (+1),500
9145,8,헤이즐넛 시럽,300
9146,4,HOT,0
9146,3,Venti,1000
9146,7,바닐라 시럽,300
9147,5,ICE,0
9147,3,Venti,1000
9147,6,샷 추가 (+1),500
9147,7,바닐라 시럽,300
9148,5,ICE,0
9148,1,Tall,0
9148,13,더 달게,0
9149,5,ICE,0
9149,2,Grande,500
9149,11,기본,0
9149,8,헤이즐넛 시럽,300
9150,5,ICE,0
9150,1,Tall,0
9151,4,HOT,0
9151,1,Tall,0
9151,11,기본,0
9152,5,ICE,0
9152,3,Venti,1000
9152,11,기본,0
9153,4,HOT,0
9153,1,Tall,0
9153,11,기본,0
9154,5,ICE,0
9154,2,Grande,500
9155,5,ICE,0
9155,1,Tall,0
9155,11,기본,0
9155,6,샷 추가 (+1),500
9155,9,카라멜 시럽,300
9156,4,HOT,0
9156,1,Tall,0
9157,4,HOT,0
9157,3,Venti,1000
9157,6,샷 추가 (+1),500
9157,8,헤이즐넛 시럽,300
9158,4,HOT,0
9158,3,Venti,1000
9158,8,헤이즐넛 시럽,300
9159,5,ICE,0
9159,3,Venti,1000
9159,12,덜 달게,0
9159,6,샷 추가 (+1),500
9160,5,ICE,0
9160,3,Venti,1000
9160,11,기본,0
9160,6,샷 추가 (+1),500
9160,7,바닐라 시럽,300
9161,4,HOT,0
9161,2,Grande,500
9161,6,샷 추가 (+1),500
9162,5,ICE,0
9162,2,Grande,500
9162,6,샷 추가 (+1),500
9163,4,HOT,0
9163,1,Tall,0
9163,6,샷 추가 (+1),500
9164,4,HOT,0
9164,1,Tall,0
9164,13,더 달게,0
9165,4,HOT,0
9165,1,Tall,0
9165,11,기본,0
9165,6,샷 추가 (+1),500
9166,4,HOT,0
9166,2,Grande,500
9166,8,헤이즐넛 시럽,300
9167,4,HOT,0
9167,2,Grande,500
9168,4,HOT,0
9168,3,Venti,1000
9168,13,더 달게,0
9168,7,바닐라 시럽,300
9169,4,HOT,0
9169,3,Venti,1000
9169,13,더 달게,0
9169,10,휘핑크림 추가,500
9170,5,ICE,0
9170,3,Venti,1000
9170,6,샷 추가 (+1),500
9171,5,ICE,0
9171,1,Tall,0
9171,12,덜 달게,0
9171,8,헤이즐넛 시럽,300
9172,4,HOT,0
9172,3,Venti,1000
9173,5,ICE,0
9173,1,Tall,0
9173,11,기본,0
9174,4,HOT,0
9174,2,Grande,500
9174,11,기본,0
9174,6,샷 추가 (+1),500
9174,9,카라멜 시럽,300
9175,5,ICE,0
9175,2,Grande,500
9175,13,더 달게,0
9175,6,샷 추가 (+1),500
9176,4,HOT,0
9176,1,Tall,0
9176,12,덜 달게,0
9176,6,샷 추가 (+1),500
9177,4,HOT,0
9177,2,Grande,500
9178,4,HOT,0
9178,1,Tall,0
9178,11,기본,0
9178,6,샷 추가 (+1),500
9178,7,바닐라 시럽,300
9179,5,ICE,0
9179,1,Tall,0
9179,11,기본,0
9180,5,ICE,0
9180,2,Grande,500
9180,12,덜 달게,0
9180,6,샷 추가 (+1),500
9181,4,HOT,0
9181,1,Tall,0
9182,5,ICE,0
9182,3,Venti,1000
9182,13,더 달게,0
9183,5,ICE,0
9183,1,Tall,0
9183,12,덜 달게,0
9183,6,샷 추가 (+1),500
9184,5,ICE,0
9184,1,Tall,0
9184,11,기본,0
9185,5,ICE,0
9185,2,Grande,500
9185,8,헤이즐넛 시럽,300
9186,5,ICE,0
9186,1,Tall,0
9186,6,샷 추가 (+1),500
9187,4,HOT,0
9187,2,Grande,500
9188,4,HOT,0
9188,1,Tall,0
9188,11,기본,0
9189,4,HOT,0
9189,2,Grande,500
9189,11,기본,0
9190,4,HOT,0
9190,1,Tall,0
9190,6,샷 추가 (+1),500
9190,8,헤이즐넛 시럽,300
9191,5,ICE,0
9191,1,Tall,0
9191,6,샷 추가 (+1),500
9191,9,카라멜 시럽,300
9192,5,ICE,0
9192,3,Venti,1000
9192,11,기본,0
9193,5,ICE,0
9193,1,Tall,0
9193,12,덜 달게,0
9194,5,ICE,0
9194,1,Tall,0
9194,11,기본,0
9195,4,HOT,0
9195,3,Venti,1000
9196,5,ICE,0
9196,1,Tall,0
9197,5,ICE,0
9197,1,Tall,0
9198,4,HOT,0
9198,3,Venti,1000
9198,12,덜 달게,0
9198,6,샷 추가 (+1),500
9199,5,ICE,0
9199,3,Venti,1000
9200,4,HOT,0
9200,2,Grande,500
9200,6,샷 추가 (+1),500
9201,4,HOT,0
9201,1,Tall,0
9201,10,휘핑크림 추가,500
9202,4,HOT,0
9202,2,Grande,500
9202,10,휘핑크림 추가,500
9203,4,HOT,0
9203,2,Grande,500
9203,11,기본,0
9204,4,HOT,0
9204,2,Grande,500
9204,6,샷 추가 (+1),500
9205,4,HOT,0
9205,2,Grande,500
9205,11,기본,0
9205,8,헤이즐넛 시럽,300
9206,5,ICE,0
9206,1,Tall,0
9207,4,HOT,0
9207,1,Tall,0
9207,12,덜 달게,0
9208,4,HOT,0
9208,1,Tall,0
9208,13,더 달게,0
9208,6,샷 추가 (+1),500
9209,5,ICE,0
9209,2,Grande,500
9209,6,샷 추가 (+1),500
9210,4,HOT,0
9210,3,Venti,1000
9211,4,HOT,0
9211,2,Grande,500
9211,11,기본,0
9211,10,휘핑크림 추가,500
9212,5,ICE,0
9212,2,Grande,500
9212,13,더 달게,0
9212,6,샷 추가 (+1),500
9213,4,HOT,0
9213,3,Venti,1000
9213,13,더 달게,0
9214,5,ICE,0
9214,2,Grande,500
9214,13,더 달게,0
9215,5,ICE,0
9215,2,Grande,500
9215,11,기본,0
9215,6,샷 추가 (+1),500
9216,5,ICE,0
9216,3,Venti,1000
9216,12,덜 달게,0
9216,8,헤이즐넛 시럽,300
9216,10,휘핑크림 추가,500
9217,4,HOT,0
9217,2,Grande,500
9217,11,기본,0
9217,6,샷 추가 (+1),500
9218,5,ICE,0
9218,2,Grande,500
9218,13,더 달게,0
9219,5,ICE,0
9219,1,Tall,0
9219,6,샷 추가 (+1),500
9219,10,휘핑크림 추가,500
9220,5,ICE,0
9220,2,Grande,500
9221,5,ICE,0
9221,1,Tall,0
9221,6,샷 추가 (+1),500
9222,4,HOT,0
9222,2,Grande,500
9222,11,기본,0
9222,8,헤이즐넛 시럽,300
9222,10,휘핑크림 추가,500
9223,5,ICE,0
9223,3,Venti,1000
9223,11,기본,0
9224,4,HOT,0
9224,1,Tall,0
9225,4,HOT,0
9225,1,Tall,0
9225,11,기본,0
9225,6,샷 추가 (+1),500
9226,4,HOT,0
9226,2,Grande,500
9226,12,덜 달게,0
9227,4,HOT,0
9227,3,Venti,1000
9227,11,기본,0
9228,4,HOT,0
9228,1,Tall,0
9229,5,ICE,0
9229,1,Tall,0
9229,6,샷 추가 (+1),500
9230,4,HOT,0
9230,2,Grande,500
9231,4,HOT,0
9231,2,Grande,500
9231,6,샷 추가 (+1),500
9232,5,ICE,0
9232,2,Grande,500
9232,12,덜 달게,0
9233,4,HOT,0
9233,3,Venti,1000
9233,6,샷 추가 (+1),500
9234,5,ICE,0
9234,2,Grande,500
9234,11,기본,0
9235,4,HOT,0
9235,2,Grande,500
9235,6,샷 추가 (+1),500
9236,4,HOT,0
9236,1,Tall,0
9236,13,더 달게,0
9236,6,샷 추가 (+1),500
9237,4,HOT,0
9237,3,Venti,1000
9237,13,더 달게,0
9238,4,HOT,0
9238,2,Grande,500
9238,11,기본,0
9238,6,샷 추가 (+1),500
9238,9,카라멜 시럽,300
9239,5,ICE,0
9239,2,Grande,500
9239,13,더 달게,0
9240,4,HOT,0
9240,2,Grande,500
9240,11,기본,0
9241,5,ICE,0
9241,1,Tall,0
9241,11,기본,0
9241,6,샷 추가 (+1),500
9242,5,ICE,0
9242,1,Tall,0
9242,11,기본,0
9243,5,ICE,0
9243,2,Grande,500
9243,10,휘핑크림 추가,500
9244,5,ICE,0
9244,2,Grande,500
9244,11,기본,0
9245,5,ICE,0
9245,3,Venti,1000
9245,11,기본,0
9245,6,샷 추가 (+1),500
9246,4,HOT,0
9246,2,Grande,500
9247,4,HOT,0
9247,1,Tall,0
9248,4,HOT,0
9248,1,Tall,0
9249,5,ICE,0
9249,2,Grande,500
9249,10,휘핑크림 추가,500
9250,4,HOT,0
9250,1,Tall,0
9250,12,덜 달게,0
9250,6,샷 추가 (+1),500
9251,4,HOT,0
9251,1,Tall,0
9251,6,샷 추가 (+1),500
9252,4,HOT,0
9252,1,Tall,0
9252,11,기본,0
9253,5,ICE,0
9253,2,Grande,500
9253,7,바닐라 시럽,300
9254,4,HOT,0
9254,1,Tall,0
9254,10,휘핑크림 추가,500
9255,4,HOT,0
9255,2,Grande,500
9255,11,기본,0
9255,6,샷 추가 (+1),500
9256,5,ICE,0
9256,2,Grande,500
9256,13,더 달게,0
9257,4,HOT,0
9257,1,Tall,0
9257,12,덜 달게,0
9257,7,바닐라 시럽,300
9258,4,HOT,0
9258,1,Tall,0
9258,12,덜 달게,0
9259,4,HOT,0
9259,2,Grande,500
9259,12,덜 달게,0
9259,6,샷 추가 (+1),500
9259,7,바닐라 시럽,300
9260,4,HOT,0
9260,2,Grande,500
9260,13,더 달게,0
9261,4,HOT,0
9261,1,Tall,0
9262,4,HOT,0
9262,1,Tall,0
9262,13,더 달게,0
9262,6,샷 추가 (+1),500
9263,5,ICE,0
9263,1,Tall,0
9263,13,더 달게,0
9263,10,휘핑크림 추가,500
9264,4,HOT,0
9264,1,Tall,0
9265,5,ICE,0
9265,1,Tall,0
9265,11,기본,0
9265,6,샷 추가 (+1),500
9266,4,HOT,0
9266,3,Venti,1000
9267,5,ICE,0
9267,1,Tall,0
9267,11,기본,0
9267,9,카라멜 시럽,300
9268,4,HOT,0
9268,2,Grande,500
9268,11,기본,0
9268,6,샷 추가 (+1),500
9269,4,HOT,0
9269,2,Grande,500
9269,12,덜 달게,0
9270,4,HOT,0
9270,1,Tall,0
9270,12,덜 달게,0
9270,8,헤이즐넛 시럽,300
9271,4,HOT,0
9271,1,Tall,0
9271,11,기본,0
9272,4,HOT,0
9272,2,Grande,500
9272,11,기본,0
9273,5,ICE,0
9273,2,Grande,500
9274,4,HOT,0
9274,1,Tall,0
9275,4,HOT,0
9275,2,Grande,500
9275,6,샷 추가 (+1),500
9276,5,ICE,0
9276,2,Grande,500
9276,10,휘핑크림 추가,500
9277,4,HOT,0
9277,2,Grande,500
9278,5,ICE,0
9278,3,Venti,1000
9278,11,기본,0
9279,5,ICE,0
9279,1,Tall,0
9279,11,기본,0
9280,4,HOT,0
9280,2,Grande,500
9280,12,덜 달게,0
9280,6,샷 추가 (+1),500
9281,5,ICE,0
9281,2,Grande,500
9281,11,기본,0
9282,5,ICE,0
9282,3,Venti,1000
9282,11,기본,0
9283,4,HOT,0
9283,2,Grande,500
9283,10,휘핑크림 추가,500
9284,5,ICE,0
9284,2,Grande,500
9284,6,샷 추가 (+1),500
9285,5,ICE,0
9285,1,Tall,0
9285,6,샷 추가 (+1),500
9286,5,ICE,0
9286,3,Venti,1000
9286,11,기본,0
9286,6,샷 추가 (+1),500
9287,4,HOT,0
9287,2,Grande,500
9287,11,기본,0
9287,6,샷 추가 (+1),500
9288,4,HOT,0
9288,2,Grande,500
9288,13,더 달게,0
9289,4,HOT,0
9289,2,Grande,500
9289,11,기본,0
9289,10,휘핑크림 추가,500
9290,4,HOT,0
9290,2,Grande,500
9291,5,ICE,0
9291,3,Venti,1000
9291,10,휘핑크림 추가,500
9292,5,ICE,0
9292,2,Grande,500
9292,11,기본,0
9293,4,HOT,0
9293,3,Venti,1000
9293,11,기본,0
9294,5,ICE,0
9294,1,Tall,0
9294,11,기본,0
9294,8,헤이즐넛 시럽,300
9295,5,ICE,0
9295,2,Grande,500
9295,11,기본,0
9295,7,바닐라 시럽,300
9296,4,HOT,0
9296,1,Tall,0
9296,12,덜 달게,0
9296,7,바닐라 시럽,300
9297,5,ICE,0
9297,2,Grande,500
9297,11,기본,0
9298,4,HOT,0
9298,1,Tall,0
9298,8,헤이즐넛 시럽,300
9299,5,ICE,0
9299,2,Grande,500
9299,9,카라멜 시럽,300
9300,4,HOT,0
9300,2,Grande,500
9300,12,덜 달게,0
9301,5,ICE,0
9301,2,Grande,500
9301,11,기본,0
9301,7,바닐라 시럽,300
9302,4,HOT,0
9302,1,Tall,0
9302,7,바닐라 시럽,300
9302,10,휘핑크림 추가,500
9303,4,HOT,0
9303,1,Tall,0
9303,6,샷 추가 (+1),500
9304,5,ICE,0
9304,3,Venti,1000
9304,11,기본,0
9305,5,ICE,0
9305,3,Venti,1000
9305,7,바닐라 시럽,300
9306,5,ICE,0
9306,2,Grande,500
9306,12,덜 달게,0
9307,5,ICE,0
9307,3,Venti,1000
9307,12,덜 달게,0
9308,5,ICE,0
9308,1,Tall,0
9308,6,샷 추가 (+1),500
9309,4,HOT,0
9309,3,Venti,1000
9309,6,샷 추가 (+1),500
9310,5,ICE,0
9310,3,Venti,1000
9310,6,샷 추가 (+1),500
9311,5,ICE,0
9311,2,Grande,500
9311,13,더 달게,0
9311,7,바닐라 시럽,300
9312,4,HOT,0
9312,3,Venti,1000
9313,5,ICE,0
9313,3,Venti,1000
9313,11,기본,0
9313,6,샷 추가 (+1),500
9313,8,헤이즐넛 시럽,300
9314,4,HOT,0
9314,2,Grande,500
9315,4,HOT,0
9315,2,Grande,500
9315,11,기본,0
9315,7,바닐라 시럽,300
9316,4,HOT,0
9316,1,Tall,0
9316,10,휘핑크림 추가,500
9317,4,HOT,0
9317,1,Tall,0
9317,6,샷 추가 (+1),500
9317,10,휘핑크림 추가,500
9318,5,ICE,0
9318,3,Venti,1000
9319,4,HOT,0
9319,1,Tall,0
9319,12,덜 달게,0
9320,4,HOT,0
9320,1,Tall,0
9320,13,더 달게,0
9320,6,샷 추가 (+1),500
9320,7,바닐라 시럽,300
9321,5,ICE,0
9321,2,Grande,500
9321,13,더 달게,0
9321,10,휘핑크림 추가,500
9322,5,ICE,0
9322,3,Venti,1000
9323,4,HOT,0
9323,1,Tall,0
9324,5,ICE,0
9324,1,Tall,0
9324,11,기본,0
9324,6,샷 추가 (+1),500
9325,4,HOT,0
9325,3,Venti,1000
9325,11,기본,0
9326,4,HOT,0
9326,2,Grande,500
9327,4,HOT,0
9327,1,Tall,0
9327,13,더 달게,0
9328,4,HOT,0
9328,1,Tall,0
9328,10,휘핑크림 추가,500
9329,4,HOT,0
9329,1,Tall,0
9329,11,기본,0
9329,6,샷 추가 (+1),500
9330,5,ICE,0
9330,3,Venti,1000
9330,12,덜 달게,0
9331,4,HOT,0
9331,1,Tall,0
9331,11,기본,0
9331,6,샷 추가 (+1),500
9331,10,휘핑크림 추가,500
9332,5,ICE,0
9332,1,Tall,0
9332,12,덜 달게,0
9333,4,HOT,0
9333,3,Venti,1000
9334,4,HOT,0
9334,1,Tall,0
9334,12,덜 달게,0
9334,9,카라멜 시럽,300
9335,5,ICE,0
9335,2,Grande,500
9336,4,HOT,0
9336,1,Tall,0
9336,11,기본,0
9337,5,ICE,0
9337,2,Grande,500
9338,4,HOT,0
9338,1,Tall,0
9338,11,기본,0
9339,4,HOT,0
9339,2,Grande,500
9339,11,기본,0
9340,5,ICE,0
9340,3,Venti,1000
9340,11,기본,0
9340,6,샷 추가 (+1),500
9341,4,HOT,0
9341,1,Tall,0
9341,11,기본,0
9342,4,HOT,0
9342,3,Venti,1000
9343,4,HOT,0
9343,1,Tall,0
9343,11,기본,0
9343,6,샷 추가 (+1),500
9344,5,ICE,0
9344,3,Venti,1000
9345,4,HOT,0
9345,1,Tall,0
9345,11,기본,0
9345,6,샷 추가 (+1),500
9346,4,HOT,0
9346,3,Venti,1000
9346,11,기본,0
9347,4,HOT,0
9347,2,Grande,500
9348,5,ICE,0
9348,1,Tall,0
9349,5,ICE,0
9349,1,Tall,0
9349,11,기본,0
9350,4,HOT,0
9350,2,Grande,500
9350,11,기본,0
9351,4,HOT,0
9351,1,Tall,0
9351,13,더 달게,0
9352,5,ICE,0
9352,2,Grande,500
9353,4,HOT,0
9353,2,Grande,500
9353,7,바닐라 시럽,300
9354,5,ICE,0
9354,2,Grande,500
9354,8,헤이즐넛 시럽,300
9355,5,ICE,0
9355,2,Grande,500
9355,9,카라멜 시럽,300
9356,5,ICE,0
9356,1,Tall,0
9356,11,기본,0
9356,8,헤이즐넛 시럽,300
9357,5,ICE,0
9357,1,Tall,0
9357,6,샷 추가 (+1),500
9357,9,카라멜 시럽,300
9358,5,ICE,0
9358,1,Tall,0
9358,12,덜 달게,0
9359,5,ICE,0
9359,1,Tall,0
9359,11,기본,0
9360,5,ICE,0
9360,1,Tall,0
9360,11,기본,0
9361,5,ICE,0
9361,1,Tall,0
9361,13,더 달게,0
9362,5,ICE,0
9362,2,Grande,500
9362,6,샷 추가 (+1),500
9362,9,카라멜 시럽,300
9362,10,휘핑크림 추가,500
9363,4,HOT,0
9363,1,Tall,0
9363,11,기본,0
9363,6,샷 추가 (+1),500
9364,5,ICE,0
9364,1,Tall,0
9364,12,덜 달게,0
9365,4,HOT,0
9365,2,Grande,500
9365,12,덜 달게,0
9366,4,HOT,0
9366,2,Grande,500
9366,6,샷 추가 (+1),500
9367,4,HOT,0
9367,1,Tall,0
9367,11,기본,0
9368,4,HOT,0
9368,2,Grande,500
9368,11,기본,0
9369,4,HOT,0
9369,2,Grande,500
9369,11,기본,0
9369,6,샷 추가 (+1),500
9370,4,HOT,0
9370,2,Grande,500
9371,5,ICE,0
9371,1,Tall,0
9371,12,덜 달게,0
9371,6,샷 추가 (+1),500
9372,4,HOT,0
9372,1,Tall,0
9372,6,샷 추가 (+1),500
9373,4,HOT,0
9373,2,Grande,500
9373,6,샷 추가 (+1),500
9374,5,ICE,0
9374,2,Grande,500
9374,11,기본,0
9374,6,샷 추가 (+1),500
9374,8,헤이즐넛 시럽,300
9374,10,휘핑크림 추가,500
9375,4,HOT,0
9375,2,Grande,500
9375,12,덜 달게,0
9376,4,HOT,0
9376,2,Grande,500
9376,13,더 달게,0
9377,5,ICE,0
9377,3,Venti,1000
9377,6,샷 추가 (+1),500
9377,7,바닐라 시럽,300
9378,4,HOT,0
9378,3,Venti,1000
9378,13,더 달게,0
9378,6,샷 추가 (+1),500
9379,4,HOT,0
9379,1,Tall,0
9379,12,덜 달게,0
9379,6,샷 추가 (+1),500
9380,4,HOT,0
9380,3,Venti,1000
9381,4,HOT,0
9381,2,Grande,500
9382,4,HOT,0
9382,3,Venti,1000
9382,13,더 달게,0
9383,4,HOT,0
9383,2,Grande,500
9383,12,덜 달게,0
9383,6,샷 추가 (+1),500
9384,4,HOT,0
9384,1,Tall,0
9384,11,기본,0
9385,4,HOT,0
9385,3,Venti,1000
9386,4,HOT,0
9386,3,Venti,1000
9387,4,HOT,0
9387,2,Grande,500
9388,4,HOT,0
9388,1,Tall,0
9389,5,ICE,0
9389,2,Grande,500
9389,7,바닐라 시럽,300
9390,4,HOT,0
9390,1,Tall,0
9391,4,HOT,0
9391,3,Venti,1000
9391,11,기본,0
9392,4,HOT,0
9392,2,Grande,500
9392,13,더 달게,0
9393,5,ICE,0
9393,1,Tall,0
9393,11,기본,0
9394,4,HOT,0
9394,3,Venti,1000
9394,11,기본,0
9394,6,샷 추가 (+1),500
9395,4,HOT,0
9395,2,Grande,500
9395,13,더 달게,0
9395,8,헤이즐넛 시럽,300
9396,4,HOT,0
9396,1,Tall,0
9396,11,기본,0
9397,5,ICE,0
9397,1,Tall,0
9398,4,HOT,0
9398,2,Grande,500
9398,13,더 달게,0
9399,5,ICE,0
9399,2,Grande,500
9399,12,덜 달게,0
9399,6,샷 추가 (+1),500
9400,4,HOT,0
9400,3,Venti,1000
9400,6,샷 추가 (+1),500
9401,4,HOT,0
9401,1,Tall,0
9401,7,바닐라 시럽,300
9402,4,HOT,0
9402,1,Tall,0
9402,11,기본,0
9403,5,ICE,0
9403,2,Grande,500
9403,11,기본,0
9403,7,바닐라 시럽,300
9404,5,ICE,0
9404,2,Grande,500
9404,11,기본,0
9405,4,HOT,0
9405,1,Tall,0
9405,11,기본,0
9405,6,샷 추가 (+1),500
9406,4,HOT,0
9406,1,Tall,0
9407,5,ICE,0
9407,1,Tall,0
9407,11,기본,0
9407,6,샷 추가 (+1),500
9408,4,HOT,0
9408,1,Tall,0
9408,6,샷 추가 (+1),500
9408,7,바닐라 시럽,300
9409,4,HOT,0
9409,3,Venti,1000
9409,11,기본,0
9409,6,샷 추가 (+1),500
9410,4,HOT,0
9410,1,Tall,0
9410,12,덜 달게,0
9410,9,카라멜 시럽,300
9411,5,ICE,0
9411,2,Grande,500
9411,11,기본,0
9411,6,샷 추가 (+1),500
9412,5,ICE,0
9412,3,Venti,1000
9413,5,ICE,0
9413,1,Tall,0
9413,6,샷 추가 (+1),500
9414,4,HOT,0
9414,2,Grande,500
9414,6,샷 추가 (+1),500
9415,4,HOT,0
9415,2,Grande,500
9415,12,덜 달게,0
9416,4,HOT,0
9416,2,Grande,500
9417,4,HOT,0
9417,1,Tall,0
9417,11,기본,0
9418,5,ICE,0
9418,2,Grande,500
9419,5,ICE,0
9419,2,Grande,500
9419,12,덜 달게,0
9420,4,HOT,0
9420,3,Venti,1000
9420,11,기본,0
9420,6,샷 추가 (+1),500
9421,4,HOT,0
9421,1,Tall,0
9421,11,기본,0
9422,4,HOT,0
9422,2,Grande,500
9423,5,ICE,0
9423,1,Tall,0
9423,12,덜 달게,0
9423,9,카라멜 시럽,300
9424,4,HOT,0
9424,2,Grande,500
9424,13,더 달게,0
9425,5,ICE,0
9425,2,Grande,500
9425,11,기본,0
9426,5,ICE,0
9426,2,Grande,500
9426,13,더 달게,0
9426,6,샷 추가 (+1),500
9426,8,헤이즐넛 시럽,300
9427,5,ICE,0
9427,1,Tall,0
9427,13,더 달게,0
9428,5,ICE,0
9428,2,Grande,500
9429,4,HOT,0
9429,1,Tall,0
9429,13,더 달게,0
9429,6,샷 추가 (+1),500
9430,5,ICE,0
9430,1,Tall,0
9430,11,기본,0
9430,7,바닐라 시럽,300
9431,5,ICE,0
9431,1,Tall,0
9431,11,기본,0
9432,4,HOT,0
9432,1,Tall,0
9432,11,기본,0
9432,6,샷 추가 (+1),500
9432,7,바닐라 시럽,300
9433,5,ICE,0
9433,1,Tall,0
9433,11,기본,0
9433,9,카라멜 시럽,300
9433,10,휘핑크림 추가,500
9434,4,HOT,0
9434,1,Tall,0
9435,4,HOT,0
9435,3,Venti,1000
9435,11,기본,0
9435,6,샷 추가 (+1),500
9436,5,ICE,0
9436,2,Grande,500
9436,6,샷 추가 (+1),500
9437,5,ICE,0
9437,1,Tall,0
9437,11,기본,0
9438,4,HOT,0
9438,1,Tall,0
9438,11,기본,0
9438,6,샷 추가 (+1),500
9439,4,HOT,0
9439,1,Tall,0
9439,11,기본,0
9440,4,HOT,0
9440,1,Tall,0
9440,11,기본,0
9440,10,휘핑크림 추가,500
9441,4,HOT,0
9441,3,Venti,1000
9442,4,HOT,0
9442,1,Tall,0
9442,8,헤이즐넛 시럽,300
9443,5,ICE,0
9443,1,Tall,0
9443,13,더 달게,0
9444,4,HOT,0
9444,3,Venti,1000
9444,13,더 달게,0
9445,4,HOT,0
9445,2,Grande,500
9445,11,기본,0
9445,6,샷 추가 (+1),500
9445,10,휘핑크림 추가,500
9446,5,ICE,0
9446,2,Grande,500
9446,13,더 달게,0
9447,4,HOT,0
9447,1,Tall,0
9447,11,기본,0
9448,5,ICE,0
9448,3,Venti,1000
9448,13,더 달게,0
9448,6,샷 추가 (+1),500
9449,5,ICE,0
9449,2,Grande,500
9450,4,HOT,0
9450,1,Tall,0
9450,12,덜 달게,0
9450,6,샷 추가 (+1),500
9451,4,HOT,0
9451,3,Venti,1000
9451,9,카라멜 시럽,300
9452,4,HOT,0
9452,3,Venti,1000
9452,11,기본,0
9453,5,ICE,0
9453,2,Grande,500
9454,5,ICE,0
9454,2,Grande,500
9455,4,HOT,0
9455,1,Tall,0
9455,10,휘핑크림 추가,500
9456,5,ICE,0
9456,1,Tall,0
9456,12,덜 달게,0
9457,5,ICE,0
9457,2,Grande,500
9457,8,헤이즐넛 시럽,300
9458,4,HOT,0
9458,1,Tall,0
9458,6,샷 추가 (+1),500
9458,10,휘핑크림 추가,500
9459,5,ICE,0
9459,1,Tall,0
9459,12,덜 달게,0
9459,6,샷 추가 (+1),500
9460,5,ICE,0
9460,1,Tall,0
9460,11,기본,0
9460,6,샷 추가 (+1),500
9461,5,ICE,0
9461,1,Tall,0
9461,11,기본,0
9462,4,HOT,0
9462,3,Venti,1000
9462,6,샷 추가 (+1),500
9463,5,ICE,0
9463,2,Grande,500
9464,5,ICE,0
9464,3,Venti,1000
9464,11,기본,0
9464,6,샷 추가 (+1),500
9465,5,ICE,0
9465,1,Tall,0
9465,12,덜 달게,0
9465,6,샷 추가 (+1),500
9466,5,ICE,0
9466,2,Grande,500
9467,5,ICE,0
9467,1,Tall,0
9467,6,샷 추가 (+1),500
9468,4,HOT,0
9468,2,Grande,500
9468,6,샷 추가 (+1),500
9468,7,바닐라 시럽,300
9468,10,휘핑크림 추가,500
9469,4,HOT,0
9469,2,Grande,500
9470,4,HOT,0
9470,3,Venti,1000
9471,4,HOT,0
9471,3,Venti,1000
9471,11,기본,0
9472,4,HOT,0
9472,1,Tall,0
9472,6,샷 추가 (+1),500
9472,10,휘핑크림 추가,500
9473,5,ICE,0
9473,1,Tall,0
9473,11,기본,0
9473,6,샷 추가 (+1),500
9473,10,휘핑크림 추가,500
9474,5,ICE,0
9474,2,Grande,500
9474,6,샷 추가 (+1),500
9474,8,헤이즐넛 시럽,300
9475,5,ICE,0
9475,2,Grande,500
9475,13,더 달게,0
9476,4,HOT,0
9476,3,Venti,1000
9476,9,카라멜 시럽,300
9477,4,HOT,0
9477,3,Venti,1000
9477,13,더 달게,0
9477,6,샷 추가 (+1),500
9478,5,ICE,0
9478,2,Grande,500
9478,12,덜 달게,0
9478,6,샷 추가 (+1),500
9479,4,HOT,0
9479,2,Grande,500
9479,6,샷 추가 (+1),500
9480,5,ICE,0
9480,2,Grande,500
9480,11,기본,0
9481,4,HOT,0
9481,2,Grande,500
9481,12,덜 달게,0
9481,6,샷 추가 (+1),500
9482,4,HOT,0
9482,3,Venti,1000
9482,12,덜 달게,0
9483,5,ICE,0
9483,2,Grande,500
9483,13,더 달게,0
9483,10,휘핑크림 추가,500
9484,4,HOT,0
9484,2,Grande,500
9484,10,휘핑크림 추가,500
9485,5,ICE,0
9485,3,Venti,1000
9485,8,헤이즐넛 시럽,300
9486,4,HOT,0
9486,3,Venti,1000
9486,7,바닐라 시럽,300
9487,5,ICE,0
9487,3,Venti,1000
9487,11,기본,0
9488,5,ICE,0
9488,1,Tall,0
9488,13,더 달게,0
9488,6,샷 추가 (+1),500
9489,4,HOT,0
9489,2,Grande,500
9489,6,샷 추가 (+1),500
9489,10,휘핑크림 추가,500
9490,5,ICE,0
9490,1,Tall,0
9490,11,기본,0
9490,6,샷 추가 (+1),500
9490,7,바닐라 시럽,300
9491,5,ICE,0
9491,2,Grande,500
9492,5,ICE,0
9492,2,Grande,500
9492,12,덜 달게,0
9492,6,샷 추가 (+1),500
9493,4,HOT,0
9493,1,Tall,0
9493,12,덜 달게,0
9494,5,ICE,0
9494,1,Tall,0
9494,12,덜 달게,0
9494,10,휘핑크림 추가,500
9495,4,HOT,0
9495,3,Venti,1000
9495,11,기본,0
9496,5,ICE,0
9496,3,Venti,1000
9497,4,HOT,0
9497,1,Tall,0
9497,13,더 달게,0
9497,7,바닐라 시럽,300
9498,4,HOT,0
9498,2,Grande,500
9499,4,HOT,0
9499,2,Grande,500
9499,11,기본,0
9500,4,HOT,0
9500,1,Tall,0
9500,12,덜 달게,0
9501,4,HOT,0
9501,1,Tall,0
9501,12,덜 달게,0
9501,9,카라멜 시럽,300
9502,5,ICE,0
9502,1,Tall,0
9502,12,덜 달게,0
9503,5,ICE,0
9503,2,Grande,500
9504,4,HOT,0
9504,2,Grande,500
9504,13,더 달게,0
9504,8,헤이즐넛 시럽,300
9505,5,ICE,0
9505,2,Grande,500
9505,6,샷 추가 (+1),500
9506,5,ICE,0
9506,1,Tall,0
9506,13,더 달게,0
9506,6,샷 추가 (+1),500
9507,5,ICE,0
9507,1,Tall,0
9507,12,덜 달게,0
9508,5,ICE,0
9508,2,Grande,500
9508,8,헤이즐넛 시럽,300
9509,4,HOT,0
9509,2,Grande,500
9509,11,기본,0
9510,4,HOT,0
9510,2,Grande,500
9510,12,덜 달게,0
9511,4,HOT,0
9511,2,Grande,500
9511,13,더 달게,0
9511,6,샷 추가 (+1),500
9512,4,HOT,0
9512,1,Tall,0
9512,13,더 달게,0
9512,6,샷 추가 (+1),500
9513,5,ICE,0
9513,1,Tall,0
9513,10,휘핑크림 추가,500
9514,4,HOT,0
9514,3,Venti,1000
9514,12,덜 달게,0
9514,6,샷 추가 (+1),500
9514,10,휘핑크림 추가,500
9515,4,HOT,0
9515,2,Grande,500
9515,13,더 달게,0
9515,6,샷 추가 (+1),500
9515,9,카라멜 시럽,300
9516,5,ICE,0
9516,3,Venti,1000
9516,8,헤이즐넛 시럽,300
9516,10,휘핑크림 추가,500
9517,4,HOT,0
9517,3,Venti,1000
9517,6,샷 추가 (+1),500
9517,7,바닐라 시럽,300
9518,5,ICE,0
9518,1,Tall,0
9518,11,기본,0
9519,5,ICE,0
9519,2,Grande,500
9519,6,샷 추가 (+1),500
9520,4,HOT,0
9520,3,Venti,1000
9520,9,카라멜 시럽,300
9521,5,ICE,0
9521,2,Grande,500
9521,11,기본,0
9521,6,샷 추가 (+1),500
9521,7,바닐라 시럽,300
9522,4,HOT,0
9522,3,Venti,1000
9522,11,기본,0
9523,4,HOT,0
9523,3,Venti,1000
9523,11,기본,0
9524,4,HOT,0
9524,2,Grande,500
9524,13,더 달게,0
9524,6,샷 추가 (+1),500
9525,5,ICE,0
9525,2,Grande,500
9525,11,기본,0
9526,4,HOT,0
9526,1,Tall,0
9526,12,덜 달게,0
9526,7,바닐라 시럽,300
9527,4,HOT,0
9527,2,Grande,500
9527,11,기본,0
9527,7,바닐라 시럽,300
9528,4,HOT,0
9528,2,Grande,500
9528,11,기본,0
9528,6,샷 추가 (+1),500
9529,5,ICE,0
9529,2,Grande,500
9530,4,HOT,0
9530,1,Tall,0
9530,11,기본,0
9530,10,휘핑크림 추가,500
9531,4,HOT,0
9531,2,Grande,500
9531,11,기본,0
9532,4,HOT,0
9532,1,Tall,0
9532,11,기본,0
9532,6,샷 추가 (+1),500
9533,4,HOT,0
9533,2,Grande,500
9533,11,기본,0
9533,6,샷 추가 (+1),500
9533,8,헤이즐넛 시럽,300
9534,5,ICE,0
9534,2,Grande,500
9535,5,ICE,0
9535,2,Grande,500
9535,12,덜 달게,0
9535,8,헤이즐넛 시럽,300
9536,4,HOT,0
9536,1,Tall,0
9537,4,HOT,0
9537,2,Grande,500
9538,4,HOT,0
9538,3,Venti,1000
9538,13,더 달게,0
9539,4,HOT,0
9539,1,Tall,0
9539,13,더 달게,0
9540,5,ICE,0
9540,1,Tall,0
9540,13,더 달게,0
9541,4,HOT,0
9541,2,Grande,500
9541,11,기본,0
9542,4,HOT,0
9542,2,Grande,500
9542,6,샷 추가 (+1),500
9543,4,HOT,0
9543,1,Tall,0
9543,11,기본,0
9544,5,ICE,0
9544,2,Grande,500
9545,4,HOT,0
9545,2,Grande,500
9545,6,샷 추가 (+1),500
9545,10,휘핑크림 추가,500
9546,5,ICE,0
9546,2,Grande,500
9546,11,기본,0
9547,5,ICE,0
9547,2,Grande,500
9548,5,ICE,0
9548,2,Grande,500
9548,7,바닐라 시럽,300
9549,5,ICE,0
9549,3,Venti,1000
9549,6,샷 추가 (+1),500
9550,5,ICE,0
9550,3,Venti,1000
9550,13,더 달게,0
9550,6,샷 추가 (+1),500
9551,4,HOT,0
9551,2,Grande,500
9552,5,ICE,0
9552,2,Grande,500
9552,13,더 달게,0
9552,9,카라멜 시럽,300
9553,4,HOT,0
9553,2,Grande,500
9553,13,더 달게,0
9554,4,HOT,0
9554,2,Grande,500
9554,9,카라멜 시럽,300
9555,5,ICE,0
9555,1,Tall,0
9555,12,덜 달게,0
9556,4,HOT,0
9556,1,Tall,0
9556,8,헤이즐넛 시럽,300
9557,4,HOT,0
9557,1,Tall,0
9557,13,더 달게,0
9558,5,ICE,0
9558,3,Venti,1000
9558,6,샷 추가 (+1),500
9558,9,카라멜 시럽,300
9559,4,HOT,0
9559,1,Tall,0
9559,6,샷 추가 (+1),500
9560,4,HOT,0
9560,2,Grande,500
9561,4,HOT,0
9561,2,Grande,500
9561,11,기본,0
9562,5,ICE,0
9562,3,Venti,1000
9562,6,샷 추가 (+1),500
9563,4,HOT,0
9563,2,Grande,500
9563,6,샷 추가 (+1),500
9564,4,HOT,0
9564,3,Venti,1000
9564,12,덜 달게,0
9565,4,HOT,0
9565,3,Venti,1000
9565,7,바닐라 시럽,300
9566,4,HOT,0
9566,3,Venti,1000
9566,13,더 달게,0
9566,6,샷 추가 (+1),500
9566,7,바닐라 시럽,300
9567,4,HOT,0
9567,1,Tall,0
9567,11,기본,0
9567,7,바닐라 시럽,300
9568,4,HOT,0
9568,1,Tall,0
9569,4,HOT,0
9569,1,Tall,0
9569,13,더 달게,0
9570,4,HOT,0
9570,3,Venti,1000
9570,9,카라멜 시럽,300
9571,4,HOT,0
9571,1,Tall,0
9571,12,덜 달게,0
9571,6,샷 추가 (+1),500
9572,4,HOT,0
9572,1,Tall,0
9572,13,더 달게,0
9572,6,샷 추가 (+1),500
9572,8,헤이즐넛 시럽,300
9573,5,ICE,0
9573,3,Venti,1000
9573,11,기본,0
9574,4,HOT,0
9574,2,Grande,500
9575,4,HOT,0
9575,2,Grande,500
9575,11,기본,0
9575,10,휘핑크림 추가,500
9576,4,HOT,0
9576,3,Venti,1000
9576,12,덜 달게,0
9576,10,휘핑크림 추가,500
9577,4,HOT,0
9577,1,Tall,0
9577,13,더 달게,0
9577,9,카라멜 시럽,300
9578,5,ICE,0
9578,1,Tall,0
9578,11,기본,0
9579,5,ICE,0
9579,2,Grande,500
9579,6,샷 추가 (+1),500
9580,4,HOT,0
9580,1,Tall,0
9580,6,샷 추가 (+1),500
9581,4,HOT,0
9581,3,Venti,1000
9581,11,기본,0
9582,4,HOT,0
9582,3,Venti,1000
9583,4,HOT,0
9583,2,Grande,500
9583,12,덜 달게,0
9583,6,샷 추가 (+1),500
9584,5,ICE,0
9584,3,Venti,1000
9584,6,샷 추가 (+1),500
9584,8,헤이즐넛 시럽,300
9585,5,ICE,0
9585,2,Grande,500
9585,12,덜 달게,0
9585,6,샷 추가 (+1),500
9586,4,HOT,0
9586,2,Grande,500
9586,11,기본,0
9587,4,HOT,0
9587,1,Tall,0
9587,11,기본,0
9588,4,HOT,0
9588,1,Tall,0
9589,5,ICE,0
9589,2,Grande,500
9589,6,샷 추가 (+1),500
9590,5,ICE,0
9590,1,Tall,0
9590,6,샷 추가 (+1),500
9591,4,HOT,0
9591,2,Grande,500
9591,11,기본,0
9591,8,헤이즐넛 시럽,300
9591,10,휘핑크림 추가,500
9592,4,HOT,0
9592,3,Venti,1000
9592,11,기본,0
9592,6,샷 추가 (+1),500
9592,9,카라멜 시럽,300
9593,5,ICE,0
9593,1,Tall,0
9593,6,샷 추가 (+1),500
9593,9,카라멜 시럽,300
9594,4,HOT,0
9594,1,Tall,0
9594,11,기본,0
9594,6,샷 추가 (+1),500
9595,4,HOT,0
9595,1,Tall,0
9595,12,덜 달게,0
9596,5,ICE,0
9596,2,Grande,500
9596,13,더 달게,0
9596,6,샷 추가 (+1),500
9596,9,카라멜 시럽,300
9597,5,ICE,0
9597,1,Tall,0
9597,6,샷 추가 (+1),500
9597,7,바닐라 시럽,300
9598,4,HOT,0
9598,3,Venti,1000
9598,6,샷 추가 (+1),500
9599,4,HOT,0
9599,1,Tall,0
9599,12,덜 달게,0
9600,4,HOT,0
9600,2,Grande,500
9600,12,덜 달게,0
9601,4,HOT,0
9601,3,Venti,1000
9601,13,더 달게,0
9601,8,헤이즐넛 시럽,300
9602,5,ICE,0
9602,2,Grande,500
9602,10,휘핑크림 추가,500
9603,5,ICE,0
9603,1,Tall,0
9603,12,덜 달게,0
9604,5,ICE,0
9604,1,Tall,0
9604,7,바닐라 시럽,300
9605,4,HOT,0
9605,3,Venti,1000
9606,4,HOT,0
9606,1,Tall,0
9606,13,더 달게,0
9606,9,카라멜 시럽,300
9607,4,HOT,0
9607,2,Grande,500
9607,6,샷 추가 (+1),500
9608,5,ICE,0
9608,3,Venti,1000
9608,6,샷 추가 (+1),500
9609,4,HOT,0
9609,1,Tall,0
9609,12,덜 달게,0
9609,6,샷 추가 (+1),500
9610,5,ICE,0
9610,2,Grande,500
9611,5,ICE,0
9611,1,Tall,0
9612,5,ICE,0
9612,2,Grande,500
9612,13,더 달게,0
9612,6,샷 추가 (+1),500
9612,8,헤이즐넛 시럽,300
9613,5,ICE,0
9613,2,Grande,500
9613,12,덜 달게,0
9613,6,샷 추가 (+1),500
9613,8,헤이즐넛 시럽,300
9614,4,HOT,0
9614,3,Venti,1000
9614,9,카라멜 시럽,300
9615,4,HOT,0
9615,3,Venti,1000
9615,6,샷 추가 (+1),500
9616,5,ICE,0
9616,1,Tall,0
9616,6,샷 추가 (+1),500
9616,9,카라멜 시럽,300
9617,4,HOT,0
9617,1,Tall,0
9617,11,기본,0
9618,5,ICE,0
9618,1,Tall,0
9618,11,기본,0
9619,4,HOT,0
9619,3,Venti,1000
9619,12,덜 달게,0
9620,5,ICE,0
9620,1,Tall,0
9620,11,기본,0
9620,6,샷 추가 (+1),500
9621,4,HOT,0
9621,2,Grande,500
9621,11,기본,0
9622,4,HOT,0
9622,1,Tall,0
9622,11,기본,0
9623,5,ICE,0
9623,2,Grande,500
9623,9,카라멜 시럽,300
9623,10,휘핑크림 추가,500
9624,4,HOT,0
9624,1,Tall,0
9624,13,더 달게,0
9625,4,HOT,0
9625,2,Grande,500
9625,13,더 달게,0
9626,5,ICE,0
9626,2,Grande,500
9626,12,덜 달게,0
9627,5,ICE,0
9627,1,Tall,0
9628,4,HOT,0
9628,3,Venti,1000
9628,11,기본,0
9629,4,HOT,0
9629,2,Grande,500
9629,11,기본,0
9629,6,샷 추가 (+1),500
9629,7,바닐라 시럽,300
9630,5,ICE,0
9630,1,Tall,0
9631,4,HOT,0
9631,2,Grande,500
9631,11,기본,0
9631,10,휘핑크림 추가,500
9632,5,ICE,0
9632,2,Grande,500
9632,6,샷 추가 (+1),500
9632,8,헤이즐넛 시럽,300
9633,4,HOT,0
9633,1,Tall,0
9633,13,더 달게,0
9634,4,HOT,0
9634,1,Tall,0
9635,5,ICE,0
9635,1,Tall,0
9636,5,ICE,0
9636,2,Grande,500
9636,13,더 달게,0
9636,9,카라멜 시럽,300
9637,4,HOT,0
9637,1,Tall,0
9637,13,더 달게,0
9638,5,ICE,0
9638,1,Tall,0
9639,4,HOT,0
9639,1,Tall,0
9640,5,ICE,0
9640,3,Venti,1000
9640,8,헤이즐넛 시럽,300
9641,4,HOT,0
9641,2,Grande,500
9641,11,기본,0
9641,10,휘핑크림 추가,500
9642,5,ICE,0
9642,1,Tall,0
9643,4,HOT,0
9643,3,Venti,1000
9643,12,덜 달게,0
9644,5,ICE,0
9644,3,Venti,1000
9645,5,ICE,0
9645,2,Grande,500
9645,13,더 달게,0
9645,6,샷 추가 (+1),500
9646,4,HOT,0
9646,2,Grande,500
9646,11,기본,0
9647,5,ICE,0
9647,2,Grande,500
9647,11,기본,0
9648,4,HOT,0
9648,1,Tall,0
9648,13,더 달게,0
9648,6,샷 추가 (+1),500
9649,5,ICE,0
9649,1,Tall,0
9649,11,기본,0
9650,5,ICE,0
9650,1,Tall,0
9650,6,샷 추가 (+1),500
9651,5,ICE,0
9651,3,Venti,1000
9651,13,더 달게,0
9652,4,HOT,0
9652,3,Venti,1000
9652,11,기본,0
9652,7,바닐라 시럽,300
9653,5,ICE,0
9653,3,Venti,1000
9653,11,기본,0
9654,4,HOT,0
9654,1,Tall,0
9655,4,HOT,0
9655,2,Grande,500
9655,12,덜 달게,0
9656,5,ICE,0
9656,1,Tall,0
9656,12,덜 달게,0
9657,5,ICE,0
9657,2,Grande,500
9657,13,더 달게,0
9658,4,HOT,0
9658,2,Grande,500
9658,11,기본,0
9659,4,HOT,0
9659,3,Venti,1000
9660,4,HOT,0
9660,2,Grande,500
9660,9,카라멜 시럽,300
9661,5,ICE,0
9661,1,Tall,0
9662,5,ICE,0
9662,2,Grande,500
9662,11,기본,0
9662,6,샷 추가 (+1),500
9663,4,HOT,0
9663,1,Tall,0
9663,11,기본,0
9663,6,샷 추가 (+1),500
9664,5,ICE,0
9664,2,Grande,500
9664,9,카라멜 시럽,300
9665,4,HOT,0
9665,2,Grande,500
9665,11,기본,0
9665,9,카라멜 시럽,300
9666,4,HOT,0
9666,1,Tall,0
9666,7,바닐라 시럽,300
9667,4,HOT,0
9667,3,Venti,1000
9667,11,기본,0
9667,6,샷 추가 (+1),500
9667,8,헤이즐넛 시럽,300
9668,5,ICE,0
9668,1,Tall,0
9668,11,기본,0
9669,4,HOT,0
9669,1,Tall,0
9669,13,더 달게,0
9669,8,헤이즐넛 시럽,300
9670,5,ICE,0
9670,3,Venti,1000
9671,4,HOT,0
9671,3,Venti,1000
9672,4,HOT,0
9672,2,Grande,500
9672,13,더 달게,0
9672,6,샷 추가 (+1),500
9672,8,헤이즐넛 시럽,300
9673,4,HOT,0
9673,1,Tall,0
9673,7,바닐라 시럽,300
9674,5,ICE,0
9674,1,Tall,0
9674,10,휘핑크림 추가,500
9675,5,ICE,0
9675,2,Grande,500
9676,4,HOT,0
9676,3,Venti,1000
9676,9,카라멜 시럽,300
9677,4,HOT,0
9677,3,Venti,1000
9677,11,기본,0
9677,6,샷 추가 (+1),500
9677,8,헤이즐넛 시럽,300
9678,4,HOT,0
9678,2,Grande,500
9679,5,ICE,0
9679,2,Grande,500
9680,5,ICE,0
9680,2,Grande,500
9680,6,샷 추가 (+1),500
9680,10,휘핑크림 추가,500
9681,4,HOT,0
9681,1,Tall,0
9682,4,HOT,0
9682,1,Tall,0
9682,8,헤이즐넛 시럽,300
9682,10,휘핑크림 추가,500
9683,5,ICE,0
9683,1,Tall,0
9684,5,ICE,0
9684,3,Venti,1000
9685,4,HOT,0
9685,1,Tall,0
9686,5,ICE,0
9686,3,Venti,1000
9686,10,휘핑크림 추가,500
9687,4,HOT,0
9687,2,Grande,500
9687,12,덜 달게,0
9687,9,카라멜 시럽,300
9688,5,ICE,0
9688,2,Grande,500
9688,11,기본,0
9689,4,HOT,0
9689,2,Grande,500
9689,13,더 달게,0
9690,5,ICE,0
9690,1,Tall,0
9690,12,덜 달게,0
9690,6,샷 추가 (+1),500
9691,5,ICE,0
9691,1,Tall,0
9692,4,HOT,0
9692,1,Tall,0
9692,13,더 달게,0
9693,4,HOT,0
9693,1,Tall,0
9693,12,덜 달게,0
9693,9,카라멜 시럽,300
9694,4,HOT,0
9694,1,Tall,0
9694,12,덜 달게,0
9695,4,HOT,0
9695,1,Tall,0
9695,11,기본,0
9695,7,바닐라 시럽,300
9696,5,ICE,0
9696,2,Grande,500
9696,6,샷 추가 (+1),500
9696,8,헤이즐넛 시럽,300
9697,5,ICE,0
9697,1,Tall,0
9697,12,덜 달게,0
9698,5,ICE,0
9698,1,Tall,0
9699,4,HOT,0
9699,3,Venti,1000
9699,11,기본,0
9699,6,샷 추가 (+1),500
9700,5,ICE,0
9700,2,Grande,500
9700,6,샷 추가 (+1),500
9700,8,헤이즐넛 시럽,300
9701,5,ICE,0
9701,3,Venti,1000
9701,12,덜 달게,0
9701,6,샷 추가 (+1),500
9702,5,ICE,0
9702,2,Grande,500
9702,6,샷 추가 (+1),500
9702,8,헤이즐넛 시럽,300
9703,5,ICE,0
9703,2,Grande,500
9704,4,HOT,0
9704,1,Tall,0
9705,4,HOT,0
9705,3,Venti,1000
9705,11,기본,0
9706,5,ICE,0
9706,1,Tall,0
9706,12,덜 달게,0
9707,5,ICE,0
9707,1,Tall,0
9707,13,더 달게,0
9708,5,ICE,0
9708,1,Tall,0
9709,4,HOT,0
9709,2,Grande,500
9710,5,ICE,0
9710,2,Grande,500
9710,11,기본,0
9710,6,샷 추가 (+1),500
9710,10,휘핑크림 추가,500
9711,4,HOT,0
9711,1,Tall,0
9711,6,샷 추가 (+1),500
9712,4,HOT,0
9712,3,Venti,1000
9713,4,HOT,0
9713,2,Grande,500
9713,11,기본,0
9714,4,HOT,0
9714,2,Grande,500
9714,10,휘핑크림 추가,500
9715,5,ICE,0
9715,1,Tall,0
9715,13,더 달게,0
9716,5,ICE,0
9716,2,Grande,500
9716,7,바닐라 시럽,300
9717,4,HOT,0
9717,3,Venti,1000
9717,6,샷 추가 (+1),500
9718,4,HOT,0
9718,2,Grande,500
9718,13,더 달게,0
9719,5,ICE,0
9719,2,Grande,500
9719,12,덜 달게,0
9720,5,ICE,0
9720,2,Grande,500
9720,12,덜 달게,0
9720,8,헤이즐넛 시럽,300
9721,4,HOT,0
9721,3,Venti,1000
9722,5,ICE,0
9722,1,Tall,0
9723,4,HOT,0
9723,2,Grande,500
9723,11,기본,0
9723,6,샷 추가 (+1),500
9724,4,HOT,0
9724,2,Grande,500
9724,11,기본,0
9724,6,샷 추가 (+1),500
9725,4,HOT,0
9725,1,Tall,0
9725,11,기본,0
9726,4,HOT,0
9726,1,Tall,0
9726,12,덜 달게,0
9727,4,HOT,0
9727,1,Tall,0
9727,11,기본,0
9728,4,HOT,0
9728,3,Venti,1000
9728,11,기본,0
9728,8,헤이즐넛 시럽,300
9729,5,ICE,0
9729,1,Tall,0
9729,12,덜 달게,0
9729,9,카라멜 시럽,300
9730,4,HOT,0
9730,3,Venti,1000
9731,5,ICE,0
9731,2,Grande,500
9732,5,ICE,0
9732,3,Venti,1000
9732,11,기본,0
9732,9,카라멜 시럽,300
9733,5,ICE,0
9733,3,Venti,1000
9733,12,덜 달게,0
9733,10,휘핑크림 추가,500
9734,4,HOT,0
9734,2,Grande,500
9734,11,기본,0
9735,4,HOT,0
9735,2,Grande,500
9735,11,기본,0
9735,8,헤이즐넛 시럽,300
9735,10,휘핑크림 추가,500
9736,4,HOT,0
9736,3,Venti,1000
9736,6,샷 추가 (+1),500
9737,5,ICE,0
9737,2,Grande,500
9737,10,휘핑크림 추가,500
9738,5,ICE,0
9738,3,Venti,1000
9738,13,더 달게,0
9738,6,샷 추가 (+1),500
9738,10,휘핑크림 추가,500
9739,4,HOT,0
9739,2,Grande,500
9739,11,기본,0
9739,6,샷 추가 (+1),500
9740,5,ICE,0
9740,1,Tall,0
9740,11,기본,0
9740,8,헤이즐넛 시럽,300
9741,5,ICE,0
9741,1,Tall,0
9741,8,헤이즐넛 시럽,300
9742,4,HOT,0
9742,2,Grande,500
9742,13,더 달게,0
9742,7,바닐라 시럽,300
9743,4,HOT,0
9743,1,Tall,0
9743,6,샷 추가 (+1),500
9744,5,ICE,0
9744,1,Tall,0
9744,11,기본,0
9744,8,헤이즐넛 시럽,300
9745,4,HOT,0
9745,1,Tall,0
9745,6,샷 추가 (+1),500
9746,4,HOT,0
9746,2,Grande,500
9746,9,카라멜 시럽,300
9747,4,HOT,0
9747,1,Tall,0
9747,11,기본,0
9747,6,샷 추가 (+1),500
9748,4,HOT,0
9748,3,Venti,1000
9748,6,샷 추가 (+1),500
9749,4,HOT,0
9749,2,Grande,500
9750,4,HOT,0
9750,1,Tall,0
9750,12,덜 달게,0
9751,5,ICE,0
9751,1,Tall,0
9751,11,기본,0
9752,4,HOT,0
9752,3,Venti,1000
9752,12,덜 달게,0
9753,4,HOT,0
9753,2,Grande,500
9753,11,기본,0
9753,6,샷 추가 (+1),500
9754,5,ICE,0
9754,2,Grande,500
9754,9,카라멜 시럽,300
9755,5,ICE,0
9755,2,Grande,500
9755,12,덜 달게,0
9755,6,샷 추가 (+1),500
9756,4,HOT,0
9756,1,Tall,0
9756,11,기본,0
9756,6,샷 추가 (+1),500
9756,10,휘핑크림 추가,500
9757,5,ICE,0
9757,2,Grande,500
9757,11,기본,0
9758,4,HOT,0
9758,2,Grande,500
9758,13,더 달게,0
9759,4,HOT,0
9759,2,Grande,500
9759,11,기본,0
9759,6,샷 추가 (+1),500
9760,4,HOT,0
9760,1,Tall,0
9760,13,더 달게,0
9760,10,휘핑크림 추가,500
9761,4,HOT,0
9761,2,Grande,500
9761,6,샷 추가 (+1),500
9761,9,카라멜 시럽,300
9762,4,HOT,0
9762,2,Grande,500
9762,11,기본,0
9763,4,HOT,0
9763,1,Tall,0
9763,6,샷 추가 (+1),500
9764,5,ICE,0
9764,1,Tall,0
9765,5,ICE,0
9765,1,Tall,0
9766,4,HOT,0
9766,2,Grande,500
9766,11,기본,0
9766,6,샷 추가 (+1),500
9767,4,HOT,0
9767,1,Tall,0
9767,13,더 달게,0
9767,6,샷 추가 (+1),500
9768,5,ICE,0
9768,1,Tall,0
9768,13,더 달게,0
9769,4,HOT,0
9769,2,Grande,500
9769,13,더 달게,0
9770,4,HOT,0
9770,2,Grande,500
9770,13,더 달게,0
9771,4,HOT,0
9771,2,Grande,500
9771,13,더 달게,0
9772,5,ICE,0
9772,2,Grande,500
9772,6,샷 추가 (+1),500
9773,4,HOT,0
9773,2,Grande,500
9773,11,기본,0
9773,6,샷 추가 (+1),500
9774,5,ICE,0
9774,1,Tall,0
9775,4,HOT,0
9775,2,Grande,500
9776,5,ICE,0
9776,1,Tall,0
9776,11,기본,0
9777,4,HOT,0
9777,1,Tall,0
9777,11,기본,0
9778,4,HOT,0
9778,1,Tall,0
9778,11,기본,0
9779,5,ICE,0
9779,2,Grande,500
9779,12,덜 달게,0
9779,6,샷 추가 (+1),500
9780,5,ICE,0
9780,1,Tall,0
9780,12,덜 달게,0
9781,4,HOT,0
9781,1,Tall,0
9781,12,덜 달게,0
9781,6,샷 추가 (+1),500
9782,5,ICE,0
9782,1,Tall,0
9782,6,샷 추가 (+1),500
9783,5,ICE,0
9783,2,Grande,500
9783,9,카라멜 시럽,300
9784,4,HOT,0
9784,2,Grande,500
9785,4,HOT,0
9785,3,Venti,1000
9785,8,헤이즐넛 시럽,300
9786,4,HOT,0
9786,1,Tall,0
9787,5,ICE,0
9787,1,Tall,0
9787,11,기본,0
9787,9,카라멜 시럽,300
9788,4,HOT,0
9788,1,Tall,0
9788,12,덜 달게,0
9788,6,샷 추가 (+1),500
9789,4,HOT,0
9789,2,Grande,500
9789,11,기본,0
9789,6,샷 추가 (+1),500
9790,5,ICE,0
9790,3,Venti,1000
9790,11,기본,0
9791,4,HOT,0
9791,1,Tall,0
9791,13,더 달게,0
9791,10,휘핑크림 추가,500
9792,4,HOT,0
9792,2,Grande,500
9792,6,샷 추가 (+1),500
9793,4,HOT,0
9793,1,Tall,0
9793,13,더 달게,0
9793,10,휘핑크림 추가,500
9794,4,HOT,0
9794,2,Grande,500
9795,4,HOT,0
9795,3,Venti,1000
9795,11,기본,0
9795,6,샷 추가 (+1),500
9796,4,HOT,0
9796,1,Tall,0
9796,13,더 달게,0
9796,6,샷 추가 (+1),500
9796,10,휘핑크림 추가,500
9797,5,ICE,0
9797,2,Grande,500
9797,12,덜 달게,0
9797,6,샷 추가 (+1),500
9797,10,휘핑크림 추가,500
9798,5,ICE,0
9798,1,Tall,0
9798,12,덜 달게,0
9799,5,ICE,0
9799,2,Grande,500
9800,5,ICE,0
9800,2,Grande,500
9800,11,기본,0
9801,4,HOT,0
9801,2,Grande,500
9801,12,덜 달게,0
9801,8,헤이즐넛 시럽,300
9802,4,HOT,0
9802,1,Tall,0
9802,11,기본,0
9803,4,HOT,0
9803,1,Tall,0
9803,11,기본,0
9804,5,ICE,0
9804,1,Tall,0
9804,11,기본,0
9804,6,샷 추가 (+1),500
9805,5,ICE,0
9805,2,Grande,500
9805,6,샷 추가 (+1),500
9806,4,HOT,0
9806,1,Tall,0
9806,11,기본,0
9807,5,ICE,0
9807,2,Grande,500
9807,12,덜 달게,0
9808,4,HOT,0
9808,1,Tall,0
9808,11,기본,0
9809,4,HOT,0
9809,2,Grande,500
9809,6,샷 추가 (+1),500
9810,4,HOT,0
9810,1,Tall,0
9810,10,휘핑크림 추가,500
9811,4,HOT,0
9811,2,Grande,500
9811,11,기본,0
9811,10,휘핑크림 추가,500
9812,4,HOT,0
9812,2,Grande,500
9812,11,기본,0
9813,4,HOT,0
9813,1,Tall,0
9813,6,샷 추가 (+1),500
9814,4,HOT,0
9814,3,Venti,1000
9814,13,더 달게,0
9814,6,샷 추가 (+1),500
9814,7,바닐라 시럽,300
9815,4,HOT,0
9815,3,Venti,1000
9815,11,기본,0
9816,5,ICE,0
9816,1,Tall,0
9816,6,샷 추가 (+1),500
9817,5,ICE,0
9817,2,Grande,500
9818,4,HOT,0
9818,3,Venti,1000
9818,12,덜 달게,0
9819,5,ICE,0
9819,1,Tall,0
9819,6,샷 추가 (+1),500
9819,10,휘핑크림 추가,500
9820,4,HOT,0
9820,1,Tall,0
9820,6,샷 추가 (+1),500
9820,7,바닐라 시럽,300
9821,5,ICE,0
9821,2,Grande,500
9821,6,샷 추가 (+1),500
9822,5,ICE,0
9822,1,Tall,0
9822,6,샷 추가 (+1),500
9822,10,휘핑크림 추가,500
9823,5,ICE,0
9823,3,Venti,1000
9824,4,HOT,0
9824,1,Tall,0
9825,4,HOT,0
9825,1,Tall,0
9825,13,더 달게,0
9825,9,카라멜 시럽,300
9826,4,HOT,0
9826,1,Tall,0
9826,12,덜 달게,0
9826,6,샷 추가 (+1),500
9827,4,HOT,0
9827,1,Tall,0
9827,11,기본,0
9828,4,HOT,0
9828,3,Venti,1000
9828,11,기본,0
9828,9,카라멜 시럽,300
9829,4,HOT,0
9829,3,Venti,1000
9830,5,ICE,0
9830,1,Tall,0
9830,11,기본,0
9831,5,ICE,0
9831,3,Venti,1000
9832,5,ICE,0
9832,2,Grande,500
9832,11,기본,0
9833,4,HOT,0
9833,2,Grande,500
9833,11,기본,0
9833,6,샷 추가 (+1),500
9834,4,HOT,0
9834,2,Grande,500
9834,12,덜 달게,0
9835,5,ICE,0
9835,3,Venti,1000
9835,6,샷 추가 (+1),500
9836,5,ICE,0
9836,1,Tall,0
9837,4,HOT,0
9837,1,Tall,0
9837,12,덜 달게,0
9838,5,ICE,0
9838,2,Grande,500
9838,11,기본,0
9838,6,샷 추가 (+1),500
9838,9,카라멜 시럽,300
9838,10,휘핑크림 추가,500
9839,5,ICE,0
9839,2,Grande,500
9839,11,기본,0
9840,4,HOT,0
9840,1,Tall,0
9841,5,ICE,0
9841,1,Tall,0
9841,12,덜 달게,0
9841,6,샷 추가 (+1),500
9842,4,HOT,0
9842,2,Grande,500
9843,4,HOT,0
9843,1,Tall,0
9843,6,샷 추가 (+1),500
9844,5,ICE,0
9844,2,Grande,500
9844,6,샷 추가 (+1),500
9845,5,ICE,0
9845,1,Tall,0
9846,4,HOT,0
9846,3,Venti,1000
9847,4,HOT,0
9847,3,Venti,1000
9847,11,기본,0
9847,8,헤이즐넛 시럽,300
9848,4,HOT,0
9848,2,Grande,500
9849,5,ICE,0
9849,1,Tall,0
9849,11,기본,0
9850,5,ICE,0
9850,1,Tall,0
9850,12,덜 달게,0
9850,6,샷 추가 (+1),500
9850,10,휘핑크림 추가,500
9851,4,HOT,0
9851,2,Grande,500
9851,13,더 달게,0
9852,5,ICE,0
9852,3,Venti,1000
9852,12,덜 달게,0
9853,4,HOT,0
9853,2,Grande,500
9854,4,HOT,0
9854,3,Venti,1000
9854,12,덜 달게,0
9855,4,HOT,0
9855,1,Tall,0
9855,12,덜 달게,0
9856,4,HOT,0
9856,1,Tall,0
9856,11,기본,0
9856,6,샷 추가 (+1),500
9857,5,ICE,0
9857,1,Tall,0
9858,5,ICE,0
9858,1,Tall,0
9858,12,덜 달게,0
9859,5,ICE,0
9859,2,Grande,500
9859,12,덜 달게,0
9859,6,샷 추가 (+1),500
9860,5,ICE,0
9860,2,Grande,500
9860,6,샷 추가 (+1),500
9861,4,HOT,0
9861,1,Tall,0
9861,12,덜 달게,0
9861,6,샷 추가 (+1),500
9862,5,ICE,0
9862,2,Grande,500
9862,12,덜 달게,0
9862,8,헤이즐넛 시럽,300
9863,5,ICE,0
9863,3,Venti,1000
9864,4,HOT,0
9864,1,Tall,0
9864,13,더 달게,0
9865,4,HOT,0
9865,3,Venti,1000
9865,13,더 달게,0
9866,5,ICE,0
9866,1,Tall,0
9866,13,더 달게,0
9867,5,ICE,0
9867,1,Tall,0
9867,11,기본,0
9867,7,바닐라 시럽,300
9868,4,HOT,0
9868,2,Grande,500
9868,6,샷 추가 (+1),500
9869,5,ICE,0
9869,1,Tall,0
9869,12,덜 달게,0
9870,4,HOT,0
9870,3,Venti,1000
9870,10,휘핑크림 추가,500
9871,5,ICE,0
9871,1,Tall,0
9871,12,덜 달게,0
9871,8,헤이즐넛 시럽,300
9872,5,ICE,0
9872,2,Grande,500
9872,11,기본,0
9873,5,ICE,0
9873,3,Venti,1000
9873,11,기본,0
9874,4,HOT,0
9874,2,Grande,500
9874,11,기본,0
9875,4,HOT,0
9875,1,Tall,0
9875,13,더 달게,0
9876,4,HOT,0
9876,2,Grande,500
9876,6,샷 추가 (+1),500
9877,5,ICE,0
9877,1,Tall,0
9878,4,HOT,0
9878,3,Venti,1000
9878,12,덜 달게,0
9879,4,HOT,0
9879,1,Tall,0
9879,12,덜 달게,0
9880,4,HOT,0
9880,2,Grande,500
9880,12,덜 달게,0
9880,8,헤이즐넛 시럽,300
9880,10,휘핑크림 추가,500
9881,4,HOT,0
9881,2,Grande,500
9881,6,샷 추가 (+1),500
9882,4,HOT,0
9882,1,Tall,0
9882,11,기본,0
9882,7,바닐라 시럽,300
9882,10,휘핑크림 추가,500
9883,5,ICE,0
9883,2,Grande,500
9883,11,기본,0
9884,4,HOT,0
9884,2,Grande,500
9884,13,더 달게,0
9885,4,HOT,0
9885,2,Grande,500
9885,11,기본,0
9885,6,샷 추가 (+1),500
9885,10,휘핑크림 추가,500
9886,5,ICE,0
9886,1,Tall,0
9886,11,기본,0
9886,6,샷 추가 (+1),500
9887,4,HOT,0
9887,1,Tall,0
9887,13,더 달게,0
9887,10,휘핑크림 추가,500
9888,4,HOT,0
9888,2,Grande,500
9888,11,기본,0
9888,9,카라멜 시럽,300
9889,4,HOT,0
9889,3,Venti,1000
9889,11,기본,0
9889,6,샷 추가 (+1),500
9889,9,카라멜 시럽,300
9890,5,ICE,0
9890,2,Grande,500
9891,4,HOT,0
9891,2,Grande,500
9891,12,덜 달게,0
9891,6,샷 추가 (+1),500
9892,4,HOT,0
9892,2,Grande,500
9892,11,기본,0
9892,9,카라멜 시럽,300
9893,4,HOT,0
9893,1,Tall,0
9893,13,더 달게,0
9894,4,HOT,0
9894,2,Grande,500
9895,4,HOT,0
9895,3,Venti,1000
9895,11,기본,0
9895,6,샷 추가 (+1),500
9896,5,ICE,0
9896,1,Tall,0
9896,10,휘핑크림 추가,500
9897,4,HOT,0
9897,1,Tall,0
9897,12,덜 달게,0
9898,4,HOT,0
9898,2,Grande,500
9898,6,샷 추가 (+1),500
9899,4,HOT,0
9899,2,Grande,500
9899,13,더 달게,0
9900,4,HOT,0
9900,3,Venti,1000
9900,11,기본,0
9900,7,바닐라 시럽,300
9901,5,ICE,0
9901,1,Tall,0
9902,4,HOT,0
9902,3,Venti,1000
9903,4,HOT,0
9903,1,Tall,0
9903,11,기본,0
9904,4,HOT,0
9904,1,Tall,0
9905,4,HOT,0
9905,3,Venti,1000
9906,4,HOT,0
9906,1,Tall,0
9906,13,더 달게,0
9906,6,샷 추가 (+1),500
9906,9,카라멜 시럽,300
9906,10,휘핑크림 추가,500
9907,4,HOT,0
9907,3,Venti,1000
9908,4,HOT,0
9908,3,Venti,1000
9908,11,기본,0
9909,5,ICE,0
9909,1,Tall,0
9909,12,덜 달게,0
9909,6,샷 추가 (+1),500
9910,5,ICE,0
9910,3,Venti,1000
9911,5,ICE,0
9911,1,Tall,0
9911,11,기본,0
9912,4,HOT,0
9912,2,Grande,500
9913,4,HOT,0
9913,3,Venti,1000
9913,11,기본,0
9913,7,바닐라 시럽,300
9914,5,ICE,0
9914,1,Tall,0
9914,12,덜 달게,0
9915,4,HOT,0
9915,1,Tall,0
9915,13,더 달게,0
9915,6,샷 추가 (+1),500
9916,5,ICE,0
9916,1,Tall,0
9916,13,더 달게,0
9917,5,ICE,0
9917,2,Grande,500
9917,11,기본,0
9918,4,HOT,0
9918,2,Grande,500
9919,4,HOT,0
9919,1,Tall,0
9919,13,더 달게,0
9919,8,헤이즐넛 시럽,300
9920,5,ICE,0
9920,2,Grande,500
9921,5,ICE,0
9921,2,Grande,500
9921,12,덜 달게,0
9921,6,샷 추가 (+1),500
9922,4,HOT,0
9922,1,Tall,0
9922,11,기본,0
9923,5,ICE,0
9923,1,Tall,0
9924,4,HOT,0
9924,3,Venti,1000
9924,11,기본,0
9924,6,샷 추가 (+1),500
9924,9,카라멜 시럽,300
9925,5,ICE,0
9925,3,Venti,1000
9925,11,기본,0
9926,4,HOT,0
9926,2,Grande,500
9926,11,기본,0
9927,4,HOT,0
9927,2,Grande,500
9927,11,기본,0
9927,6,샷 추가 (+1),500
9927,7,바닐라 시럽,300
9928,5,ICE,0
9928,3,Venti,1000
9928,12,덜 달게,0
9929,5,ICE,0
9929,2,Grande,500
9929,6,샷 추가 (+1),500
9930,4,HOT,0
9930,2,Grande,500
9930,12,덜 달게,0
9931,4,HOT,0
9931,1,Tall,0
9931,6,샷 추가 (+1),500
9932,4,HOT,0
9932,3,Venti,1000
9932,12,덜 달게,0
9933,4,HOT,0
9933,1,Tall,0
9933,11,기본,0
9934,4,HOT,0
9934,2,Grande,500
9935,5,ICE,0
9935,1,Tall,0
9935,13,더 달게,0
9935,6,샷 추가 (+1),500
9936,5,ICE,0
9936,2,Grande,500
9936,6,샷 추가 (+1),500
9937,4,HOT,0
9937,1,Tall,0
9938,4,HOT,0
9938,2,Grande,500
9938,11,기본,0
9938,6,샷 추가 (+1),500
9939,5,ICE,0
9939,2,Grande,500
9939,12,덜 달게,0
9940,5,ICE,0
9940,2,Grande,500
9941,5,ICE,0
9941,1,Tall,0
9941,13,더 달게,0
9941,8,헤이즐넛 시럽,300
9942,4,HOT,0
9942,2,Grande,500
9942,11,기본,0
9942,6,샷 추가 (+1),500
9943,4,HOT,0
9943,2,Grande,500
9944,4,HOT,0
9944,2,Grande,500
9944,11,기본,0
9945,4,HOT,0
9945,2,Grande,500
9945,11,기본,0
9946,4,HOT,0
9946,3,Venti,1000
9947,4,HOT,0
9947,2,Grande,500
9947,12,덜 달게,0
9947,6,샷 추가 (+1),500
9948,5,ICE,0
9948,3,Venti,1000
9948,6,샷 추가 (+1),500
9948,7,바닐라 시럽,300
9949,5,ICE,0
9949,1,Tall,0
9949,6,샷 추가 (+1),500
9950,4,HOT,0
9950,2,Grande,500
9950,11,기본,0
9950,8,헤이즐넛 시럽,300
9951,5,ICE,0
9951,1,Tall,0
9951,9,카라멜 시럽,300
9952,4,HOT,0
9952,2,Grande,500
9952,6,샷 추가 (+1),500
9952,8,헤이즐넛 시럽,300
9953,4,HOT,0
9953,3,Venti,1000
9953,6,샷 추가 (+1),500
9954,4,HOT,0
9954,3,Venti,1000
9954,6,샷 추가 (+1),500
9955,4,HOT,0
9955,2,Grande,500
9955,11,기본,0
9955,10,휘핑크림 추가,500
9956,4,HOT,0
9956,1,Tall,0
9956,11,기본,0
9956,6,샷 추가 (+1),500
9957,5,ICE,0
9957,2,Grande,500
9958,4,HOT,0
9958,3,Venti,1000
9958,13,더 달게,0
9959,5,ICE,0
9959,3,Venti,1000
9959,13,더 달게,0
9959,10,휘핑크림 추가,500
9960,4,HOT,0
9960,2,Grande,500
9960,11,기본,0
9960,9,카라멜 시럽,300
9961,4,HOT,0
9961,1,Tall,0
9962,5,ICE,0
9962,1,Tall,0
9962,6,샷 추가 (+1),500
9963,5,ICE,0
9963,1,Tall,0
9963,6,샷 추가 (+1),500
9964,5,ICE,0
9964,2,Grande,500
9964,6,샷 추가 (+1),500
9964,9,카라멜 시럽,300
9965,5,ICE,0
9965,2,Grande,500
9965,6,샷 추가 (+1),500
9966,4,HOT,0
9966,3,Venti,1000
9966,11,기본,0
9966,6,샷 추가 (+1),500
9967,4,HOT,0
9967,1,Tall,0
9968,5,ICE,0
9968,1,Tall,0
9968,11,기본,0
9969,4,HOT,0
9969,1,Tall,0
9969,11,기본,0
9970,4,HOT,0
9970,2,Grande,500
9970,11,기본,0
9970,10,휘핑크림 추가,500
9971,5,ICE,0
9971,3,Venti,1000
9971,11,기본,0
9972,5,ICE,0
9972,1,Tall,0
9973,4,HOT,0
9973,3,Venti,1000
9973,12,덜 달게,0
9974,4,HOT,0
9974,2,Grande,500
9974,6,샷 추가 (+1),500
9975,4,HOT,0
9975,2,Grande,500
9976,5,ICE,0
9976,1,Tall,0
9976,13,더 달게,0
9976,6,샷 추가 (+1),500
9977,5,ICE,0
9977,1,Tall,0
9977,12,덜 달게,0
9978,5,ICE,0
9978,2,Grande,500
9978,6,샷 추가 (+1),500
9979,4,HOT,0
9979,2,Grande,500
9979,13,더 달게,0
9979,6,샷 추가 (+1),500
9979,7,바닐라 시럽,300
9979,10,휘핑크림 추가,500
9980,4,HOT,0
9980,2,Grande,500
9980,12,덜 달게,0
9981,5,ICE,0
9981,1,Tall,0
9981,12,덜 달게,0
9981,8,헤이즐넛 시럽,300
9981,10,휘핑크림 추가,500
9982,5,ICE,0
9982,1,Tall,0
9982,11,기본,0
9983,4,HOT,0
9983,2,Grande,500
9983,13,더 달게,0
9984,4,HOT,0
9984,1,Tall,0
9984,10,휘핑크림 추가,500
9985,4,HOT,0
9985,2,Grande,500
9985,13,더 달게,0
9986,5,ICE,0
9986,1,Tall,0
9987,5,ICE,0
9987,1,Tall,0
9987,11,기본,0
9988,5,ICE,0
9988,3,Venti,1000
9988,11,기본,0
9989,4,HOT,0
9989,3,Venti,1000
9989,11,기본,0
9990,5,ICE,0
9990,2,Grande,500
9990,11,기본,0
9991,5,ICE,0
9991,2,Grande,500
9991,11,기본,0
9992,4,HOT,0
9992,1,Tall,0
9992,11,기본,0
9992,6,샷 추가 (+1),500
9992,9,카라멜 시럽,300
9993,4,HOT,0
9993,1,Tall,0
9994,4,HOT,0
9994,2,Grande,500
9994,6,샷 추가 (+1),500
9995,4,HOT,0
9995,3,Venti,1000
9995,11,기본,0
9996,4,HOT,0
9996,1,Tall,0
9996,13,더 달게,0
9996,6,샷 추가 (+1),500
9997,4,HOT,0
9997,1,Tall,0
9997,11,기본,0
9998,4,HOT,0
9998,2,Grande,500
9999,5,ICE,0
9999,1,Tall,0
10000,4,HOT,0
10000,1,Tall,0
10000,6,샷 추가 (+1),500
10001,5,ICE,0
10001,2,Grande,500
10002,4,HOT,0
10002,1,Tall,0
10002,12,덜 달게,0
10002,6,샷 추가 (+1),500
10002,9,카라멜 시럽,300
10003,5,ICE,0
10003,2,Grande,500
10003,11,기본,0
10004,4,HOT,0
10004,2,Grande,500
10005,4,HOT,0
10005,1,Tall,0
10006,4,HOT,0
10006,2,Grande,500
10006,8,헤이즐넛 시럽,300
10007,4,HOT,0
10007,1,Tall,0
10007,11,기본,0
10008,5,ICE,0
10008,1,Tall,0
10008,11,기본,0
10009,4,HOT,0
10009,1,Tall,0
10009,11,기본,0
10009,6,샷 추가 (+1),500
10010,4,HOT,0
10010,3,Venti,1000
10010,6,샷 추가 (+1),500
10011,5,ICE,0
10011,2,Grande,500
10011,13,더 달게,0
10012,5,ICE,0
10012,1,Tall,0
10012,11,기본,0
10012,10,휘핑크림 추가,500
10013,4,HOT,0
10013,1,Tall,0
10013,13,더 달게,0
10013,8,헤이즐넛 시럽,300
10014,4,HOT,0
10014,3,Venti,1000
10014,6,샷 추가 (+1),500
10015,5,ICE,0
10015,3,Venti,1000
10016,5,ICE,0
10016,1,Tall,0
10016,12,덜 달게,0
10017,4,HOT,0
10017,1,Tall,0
10018,5,ICE,0
10018,2,Grande,500
10019,4,HOT,0
10019,3,Venti,1000
10019,12,덜 달게,0
10020,4,HOT,0
10020,2,Grande,500
10021,4,HOT,0
10021,2,Grande,500
10021,11,기본,0
10021,9,카라멜 시럽,300
10022,4,HOT,0
10022,1,Tall,0
10022,11,기본,0
10023,5,ICE,0
10023,2,Grande,500
10023,7,바닐라 시럽,300
10024,4,HOT,0
10024,1,Tall,0
10024,6,샷 추가 (+1),500
10025,5,ICE,0
10025,2,Grande,500
10026,4,HOT,0
10026,1,Tall,0
10026,6,샷 추가 (+1),500
10027,4,HOT,0
10027,2,Grande,500
10027,10,휘핑크림 추가,500
10028,4,HOT,0
10028,1,Tall,0
10028,13,더 달게,0
10029,5,ICE,0
10029,2,Grande,500
10029,13,더 달게,0
10029,10,휘핑크림 추가,500
10030,4,HOT,0
10030,2,Grande,500
10031,4,HOT,0
10031,2,Grande,500
10032,4,HOT,0
10032,2,Grande,500
10032,11,기본,0
10032,9,카라멜 시럽,300
10033,5,ICE,0
10033,1,Tall,0
10034,4,HOT,0
10034,2,Grande,500
10034,12,덜 달게,0
10034,10,휘핑크림 추가,500
10035,4,HOT,0
10035,1,Tall,0
10035,13,더 달게,0
10036,4,HOT,0
10036,3,Venti,1000
10037,5,ICE,0
10037,2,Grande,500
10037,13,더 달게,0
10037,9,카라멜 시럽,300
10037,10,휘핑크림 추가,500
10038,4,HOT,0
10038,1,Tall,0
10038,11,기본,0
10038,10,휘핑크림 추가,500
10039,4,HOT,0
10039,2,Grande,500
10040,4,HOT,0
10040,1,Tall,0
10040,13,더 달게,0
10040,8,헤이즐넛 시럽,300
10041,4,HOT,0
10041,2,Grande,500
10041,12,덜 달게,0
10042,4,HOT,0
10042,3,Venti,1000
10043,4,HOT,0
10043,1,Tall,0
10044,4,HOT,0
10044,2,Grande,500
10044,8,헤이즐넛 시럽,300
10045,4,HOT,0
10045,3,Venti,1000
10045,11,기본,0
10045,6,샷 추가 (+1),500
10045,9,카라멜 시럽,300
10046,4,HOT,0
10046,2,Grande,500
10047,5,ICE,0
10047,2,Grande,500
10047,12,덜 달게,0
10047,6,샷 추가 (+1),500
10047,10,휘핑크림 추가,500
10048,4,HOT,0
10048,1,Tall,0
10048,9,카라멜 시럽,300
10049,5,ICE,0
10049,1,Tall,0
10049,11,기본,0
10050,4,HOT,0
10050,3,Venti,1000
10050,12,덜 달게,0
10051,4,HOT,0
10051,2,Grande,500
10051,13,더 달게,0
10052,4,HOT,0
10052,2,Grande,500
10053,5,ICE,0
10053,3,Venti,1000
10053,10,휘핑크림 추가,500
10054,5,ICE,0
10054,1,Tall,0
10054,11,기본,0
10054,10,휘핑크림 추가,500
10055,5,ICE,0
10055,3,Venti,1000
10055,12,덜 달게,0
10056,5,ICE,0
10056,3,Venti,1000
10056,11,기본,0
10056,9,카라멜 시럽,300
10057,5,ICE,0
10057,2,Grande,500
10057,6,샷 추가 (+1),500
10058,4,HOT,0
10058,1,Tall,0
10058,11,기본,0
10058,10,휘핑크림 추가,500
10059,4,HOT,0
10059,1,Tall,0
10059,11,기본,0
10059,9,카라멜 시럽,300
10060,5,ICE,0
10060,2,Grande,500
10061,4,HOT,0
10061,3,Venti,1000
10061,11,기본,0
10061,8,헤이즐넛 시럽,300
10062,4,HOT,0
10062,3,Venti,1000
10062,11,기본,0
10063,4,HOT,0
10063,1,Tall,0
10063,11,기본,0
10064,4,HOT,0
10064,1,Tall,0
10064,11,기본,0
10065,4,HOT,0
10065,1,Tall,0
10065,12,덜 달게,0
10065,7,바닐라 시럽,300
10066,4,HOT,0
10066,2,Grande,500
10066,6,샷 추가 (+1),500
10067,4,HOT,0
10067,2,Grande,500
10067,12,덜 달게,0
10068,4,HOT,0
10068,1,Tall,0
10068,11,기본,0
10069,5,ICE,0
10069,2,Grande,500
10069,6,샷 추가 (+1),500
10070,4,HOT,0
10070,2,Grande,500
10070,9,카라멜 시럽,300
10071,4,HOT,0
10071,1,Tall,0
10071,6,샷 추가 (+1),500
10071,8,헤이즐넛 시럽,300
10072,4,HOT,0
10072,1,Tall,0
10072,12,덜 달게,0
10073,5,ICE,0
10073,1,Tall,0
10073,11,기본,0
10074,4,HOT,0
10074,2,Grande,500
10074,11,기본,0
10075,5,ICE,0
10075,2,Grande,500
10075,13,더 달게,0
10075,8,헤이즐넛 시럽,300
10076,4,HOT,0
10076,1,Tall,0
10076,6,샷 추가 (+1),500
10077,5,ICE,0
10077,2,Grande,500
10078,4,HOT,0
10078,2,Grande,500
10078,8,헤이즐넛 시럽,300
10079,4,HOT,0
10079,3,Venti,1000
10079,13,더 달게,0
10080,4,HOT,0
10080,1,Tall,0
10080,6,샷 추가 (+1),500
10080,7,바닐라 시럽,300
10080,10,휘핑크림 추가,500
10081,4,HOT,0
10081,3,Venti,1000
10081,13,더 달게,0
10082,4,HOT,0
10082,2,Grande,500
10083,5,ICE,0
10083,1,Tall,0
10083,11,기본,0
10084,4,HOT,0
10084,2,Grande,500
10084,11,기본,0
10085,4,HOT,0
10085,2,Grande,500
10085,6,샷 추가 (+1),500
10086,4,HOT,0
10086,1,Tall,0
10086,12,덜 달게,0
10087,5,ICE,0
10087,3,Venti,1000
10087,13,더 달게,0
10088,5,ICE,0
10088,2,Grande,500
10088,12,덜 달게,0
10088,6,샷 추가 (+1),500
10089,4,HOT,0
10089,1,Tall,0
10090,4,HOT,0
10090,1,Tall,0
10091,5,ICE,0
10091,2,Grande,500
10091,13,더 달게,0
10091,6,샷 추가 (+1),500
10092,5,ICE,0
10092,2,Grande,500
10092,6,샷 추가 (+1),500
10092,8,헤이즐넛 시럽,300
10093,5,ICE,0
10093,2,Grande,500
10093,11,기본,0
10094,5,ICE,0
10094,1,Tall,0
10094,11,기본,0
10095,4,HOT,0
10095,1,Tall,0
10095,12,덜 달게,0
10096,4,HOT,0
10096,1,Tall,0
10097,5,ICE,0
10097,2,Grande,500
10097,11,기본,0
10098,5,ICE,0
10098,3,Venti,1000
10099,5,ICE,0
10099,2,Grande,500
10099,10,휘핑크림 추가,500
10100,5,ICE,0
10100,1,Tall,0
10101,4,HOT,0
10101,2,Grande,500
10102,5,ICE,0
10102,2,Grande,500
10102,13,더 달게,0
10103,4,HOT,0
10103,3,Venti,1000
10103,6,샷 추가 (+1),500
10104,4,HOT,0
10104,2,Grande,500
10104,13,더 달게,0
10104,6,샷 추가 (+1),500
10104,10,휘핑크림 추가,500
10105,4,HOT,0
10105,2,Grande,500
10106,4,HOT,0
10106,3,Venti,1000
10107,5,ICE,0
10107,1,Tall,0
10107,11,기본,0
10108,4,HOT,0
10108,3,Venti,1000
10109,5,ICE,0
10109,2,Grande,500
10109,7,바닐라 시럽,300
10110,4,HOT,0
10110,2,Grande,500
10110,11,기본,0
10111,5,ICE,0
10111,1,Tall,0
10111,12,덜 달게,0
10111,10,휘핑크림 추가,500
10112,4,HOT,0
10112,2,Grande,500
10112,12,덜 달게,0
10113,5,ICE,0
10113,1,Tall,0
10113,6,샷 추가 (+1),500
10114,4,HOT,0
10114,2,Grande,500
10114,11,기본,0
10114,6,샷 추가 (+1),500
10115,5,ICE,0
10115,1,Tall,0
10115,11,기본,0
10116,4,HOT,0
10116,1,Tall,0
10116,12,덜 달게,0
10116,7,바닐라 시럽,300
10117,4,HOT,0
10117,3,Venti,1000
10117,11,기본,0
10117,8,헤이즐넛 시럽,300
10118,5,ICE,0
10118,1,Tall,0
10119,5,ICE,0
10119,2,Grande,500
10120,5,ICE,0
10120,3,Venti,1000
10120,12,덜 달게,0
10121,4,HOT,0
10121,1,Tall,0
10121,12,덜 달게,0
10121,6,샷 추가 (+1),500
10122,4,HOT,0
10122,3,Venti,1000
10122,6,샷 추가 (+1),500
10123,4,HOT,0
10123,3,Venti,1000
10123,13,더 달게,0
10124,4,HOT,0
10124,2,Grande,500
10125,5,ICE,0
10125,1,Tall,0
10125,12,덜 달게,0
10125,6,샷 추가 (+1),500
10125,10,휘핑크림 추가,500
10126,4,HOT,0
10126,1,Tall,0
10127,5,ICE,0
10127,2,Grande,500
10128,4,HOT,0
10128,1,Tall,0
10129,5,ICE,0
10129,1,Tall,0
10130,4,HOT,0
10130,2,Grande,500
10130,9,카라멜 시럽,300
10131,4,HOT,0
10131,2,Grande,500
10132,5,ICE,0
10132,1,Tall,0
10132,6,샷 추가 (+1),500
10133,5,ICE,0
10133,1,Tall,0
10134,5,ICE,0
10134,1,Tall,0
10134,6,샷 추가 (+1),500
10135,5,ICE,0
10135,3,Venti,1000
10136,5,ICE,0
10136,2,Grande,500
10136,11,기본,0
10137,4,HOT,0
10137,2,Grande,500
10137,12,덜 달게,0
10137,6,샷 추가 (+1),500
10138,4,HOT,0
10138,2,Grande,500
10138,12,덜 달게,0
10138,9,카라멜 시럽,300
10139,5,ICE,0
10139,2,Grande,500
10139,12,덜 달게,0
10139,6,샷 추가 (+1),500
10140,5,ICE,0
10140,3,Venti,1000
10140,11,기본,0
10140,6,샷 추가 (+1),500
10140,10,휘핑크림 추가,500
10141,5,ICE,0
10141,1,Tall,0
10141,13,더 달게,0
10141,6,샷 추가 (+1),500
10142,4,HOT,0
10142,3,Venti,1000
10142,6,샷 추가 (+1),500
10143,5,ICE,0
10143,1,Tall,0
10143,12,덜 달게,0
10144,5,ICE,0
10144,2,Grande,500
10144,13,더 달게,0
10144,6,샷 추가 (+1),500
10145,5,ICE,0
10145,2,Grande,500
10146,5,ICE,0
10146,1,Tall,0
10146,12,덜 달게,0
10147,5,ICE,0
10147,3,Venti,1000
10147,13,더 달게,0
10148,5,ICE,0
10148,2,Grande,500
10148,12,덜 달게,0
10148,6,샷 추가 (+1),500
10149,4,HOT,0
10149,1,Tall,0
10149,12,덜 달게,0
10149,7,바닐라 시럽,300
10149,10,휘핑크림 추가,500
10150,4,HOT,0
10150,1,Tall,0
10150,13,더 달게,0
10151,5,ICE,0
10151,1,Tall,0
10151,11,기본,0
10152,5,ICE,0
10152,2,Grande,500
10152,12,덜 달게,0
10152,6,샷 추가 (+1),500
10153,4,HOT,0
10153,1,Tall,0
10153,13,더 달게,0
10154,5,ICE,0
10154,1,Tall,0
10154,12,덜 달게,0
10155,5,ICE,0
10155,2,Grande,500
10155,12,덜 달게,0
10155,6,샷 추가 (+1),500
10156,4,HOT,0
10156,1,Tall,0
10156,9,카라멜 시럽,300
10157,5,ICE,0
10157,2,Grande,500
10157,10,휘핑크림 추가,500
10158,4,HOT,0
10158,1,Tall,0
10158,11,기본,0
10159,4,HOT,0
10159,2,Grande,500
10159,13,더 달게,0
10160,5,ICE,0
10160,1,Tall,0
10161,5,ICE,0
10161,2,Grande,500
10161,11,기본,0
10162,5,ICE,0
10162,1,Tall,0
10162,12,덜 달게,0
10162,6,샷 추가 (+1),500
10163,4,HOT,0
10163,2,Grande,500
10164,5,ICE,0
10164,2,Grande,500
10164,13,더 달게,0
10164,6,샷 추가 (+1),500
10165,4,HOT,0
10165,3,Venti,1000
10165,11,기본,0
10166,5,ICE,0
10166,3,Venti,1000
10166,8,헤이즐넛 시럽,300
10166,10,휘핑크림 추가,500
10167,5,ICE,0
10167,3,Venti,1000
10167,11,기본,0
10167,6,샷 추가 (+1),500
10167,10,휘핑크림 추가,500
10168,4,HOT,0
10168,2,Grande,500
10168,11,기본,0
10168,9,카라멜 시럽,300
10169,4,HOT,0
10169,3,Venti,1000
10169,11,기본,0
10169,9,카라멜 시럽,300
10169,10,휘핑크림 추가,500
10170,5,ICE,0
10170,1,Tall,0
10170,13,더 달게,0
10171,5,ICE,0
10171,2,Grande,500
10171,13,더 달게,0
10171,9,카라멜 시럽,300
10172,4,HOT,0
10172,3,Venti,1000
10172,11,기본,0
10173,4,HOT,0
10173,2,Grande,500
10173,11,기본,0
10174,4,HOT,0
10174,2,Grande,500
10174,11,기본,0
10174,8,헤이즐넛 시럽,300
10175,4,HOT,0
10175,2,Grande,500
10176,5,ICE,0
10176,2,Grande,500
10177,4,HOT,0
10177,1,Tall,0
10177,13,더 달게,0
10177,6,샷 추가 (+1),500
10178,4,HOT,0
10178,3,Venti,1000
10178,6,샷 추가 (+1),500
10179,5,ICE,0
10179,1,Tall,0
10180,4,HOT,0
10180,2,Grande,500
10181,4,HOT,0
10181,2,Grande,500
10181,11,기본,0
10182,4,HOT,0
10182,2,Grande,500
10182,10,휘핑크림 추가,500
10183,4,HOT,0
10183,3,Venti,1000
10184,5,ICE,0
10184,3,Venti,1000
10184,13,더 달게,0
10185,4,HOT,0
10185,3,Venti,1000
10185,12,덜 달게,0
10185,10,휘핑크림 추가,500
10186,4,HOT,0
10186,2,Grande,500
10186,11,기본,0
10186,6,샷 추가 (+1),500
10187,5,ICE,0
10187,1,Tall,0
10187,11,기본,0
10188,4,HOT,0
10188,2,Grande,500
10188,8,헤이즐넛 시럽,300
10189,4,HOT,0
10189,1,Tall,0
10189,11,기본,0
10189,6,샷 추가 (+1),500
10190,5,ICE,0
10190,2,Grande,500
10190,12,덜 달게,0
10191,4,HOT,0
10191,1,Tall,0
10191,13,더 달게,0
10192,5,ICE,0
10192,2,Grande,500
10193,4,HOT,0
10193,3,Venti,1000
10194,4,HOT,0
10194,1,Tall,0
10194,11,기본,0
10194,6,샷 추가 (+1),500
10195,4,HOT,0
10195,1,Tall,0
10195,13,더 달게,0
10196,5,ICE,0
10196,2,Grande,500
10196,11,기본,0
10197,5,ICE,0
10197,1,Tall,0
10198,4,HOT,0
10198,2,Grande,500
10198,12,덜 달게,0
10198,6,샷 추가 (+1),500
10199,4,HOT,0
10199,2,Grande,500
10199,12,덜 달게,0
10200,4,HOT,0
10200,1,Tall,0
10200,6,샷 추가 (+1),500
10200,10,휘핑크림 추가,500
10201,5,ICE,0
10201,2,Grande,500
10201,6,샷 추가 (+1),500
10202,5,ICE,0
10202,2,Grande,500
10202,11,기본,0
10202,6,샷 추가 (+1),500
10202,7,바닐라 시럽,300
10203,4,HOT,0
10203,3,Venti,1000
10203,11,기본,0
10204,4,HOT,0
10204,2,Grande,500
10204,6,샷 추가 (+1),500
10205,4,HOT,0
10205,1,Tall,0
10205,6,샷 추가 (+1),500
10206,4,HOT,0
10206,1,Tall,0
10206,12,덜 달게,0
10206,8,헤이즐넛 시럽,300
10207,4,HOT,0
10207,3,Venti,1000
10207,11,기본,0
10208,4,HOT,0
10208,2,Grande,500
10208,13,더 달게,0
10208,6,샷 추가 (+1),500
10209,4,HOT,0
10209,2,Grande,500
10209,6,샷 추가 (+1),500
10210,4,HOT,0
10210,2,Grande,500
10211,4,HOT,0
10211,1,Tall,0
10211,11,기본,0
10211,6,샷 추가 (+1),500
10212,4,HOT,0
10212,2,Grande,500
10212,11,기본,0
10213,4,HOT,0
10213,3,Venti,1000
10213,13,더 달게,0
10214,5,ICE,0
10214,2,Grande,500
10214,13,더 달게,0
10215,4,HOT,0
10215,2,Grande,500
10215,13,더 달게,0
10215,9,카라멜 시럽,300
10216,4,HOT,0
10216,2,Grande,500
10216,11,기본,0
10217,4,HOT,0
10217,1,Tall,0
10218,4,HOT,0
10218,2,Grande,500
10218,11,기본,0
10219,5,ICE,0
10219,1,Tall,0
10220,4,HOT,0
10220,1,Tall,0
10220,12,덜 달게,0
10221,5,ICE,0
10221,3,Venti,1000
10222,4,HOT,0
10222,1,Tall,0
10223,5,ICE,0
10223,2,Grande,500
10223,11,기본,0
10223,6,샷 추가 (+1),500
10223,7,바닐라 시럽,300
10224,4,HOT,0
10224,3,Venti,1000
10224,6,샷 추가 (+1),500
10225,5,ICE,0
10225,2,Grande,500
10225,12,덜 달게,0
10226,5,ICE,0
10226,1,Tall,0
10226,7,바닐라 시럽,300
10227,5,ICE,0
10227,3,Venti,1000
10227,6,샷 추가 (+1),500
10228,4,HOT,0
10228,1,Tall,0
10228,6,샷 추가 (+1),500
10229,5,ICE,0
10229,1,Tall,0
10229,11,기본,0
10230,4,HOT,0
10230,3,Venti,1000
10230,12,덜 달게,0
10230,6,샷 추가 (+1),500
10231,4,HOT,0
10231,2,Grande,500
10231,11,기본,0
10231,8,헤이즐넛 시럽,300
10232,5,ICE,0
10232,1,Tall,0
10233,5,ICE,0
10233,1,Tall,0
10233,9,카라멜 시럽,300
10233,10,휘핑크림 추가,500
10234,4,HOT,0
10234,2,Grande,500
10234,12,덜 달게,0
10234,6,샷 추가 (+1),500
10234,8,헤이즐넛 시럽,300
10235,5,ICE,0
10235,1,Tall,0
10235,11,기본,0
10235,6,샷 추가 (+1),500
10236,4,HOT,0
10236,3,Venti,1000
10237,5,ICE,0
10237,2,Grande,500
10237,11,기본,0
10237,6,샷 추가 (+1),500
10238,4,HOT,0
10238,2,Grande,500
10239,4,HOT,0
10239,1,Tall,0
10239,13,더 달게,0
10239,6,샷 추가 (+1),500
10240,4,HOT,0
10240,2,Grande,500
10240,6,샷 추가 (+1),500
10241,4,HOT,0
10241,1,Tall,0
10241,13,더 달게,0
10242,4,HOT,0
10242,1,Tall,0
10242,11,기본,0
10243,5,ICE,0
10243,3,Venti,1000
10243,13,더 달게,0
10243,6,샷 추가 (+1),500
10244,4,HOT,0
10244,3,Venti,1000
10244,11,기본,0
10244,6,샷 추가 (+1),500
10245,4,HOT,0
10245,1,Tall,0
10245,11,기본,0
10245,6,샷 추가 (+1),500
10246,4,HOT,0
10246,2,Grande,500
10247,4,HOT,0
10247,3,Venti,1000
10247,11,기본,0
10248,4,HOT,0
10248,3,Venti,1000
10249,4,HOT,0
10249,1,Tall,0
10249,11,기본,0
10250,5,ICE,0
10250,2,Grande,500
10250,13,더 달게,0
10250,6,샷 추가 (+1),500
10251,5,ICE,0
10251,3,Venti,1000
10251,12,덜 달게,0
10252,4,HOT,0
10252,1,Tall,0
10252,13,더 달게,0
10253,4,HOT,0
10253,1,Tall,0
10253,11,기본,0
10254,5,ICE,0
10254,1,Tall,0
10254,11,기본,0
10255,5,ICE,0
10255,3,Venti,1000
10255,10,휘핑크림 추가,500
10256,4,HOT,0
10256,3,Venti,1000
10256,11,기본,0
10257,5,ICE,0
10257,1,Tall,0
10257,10,휘핑크림 추가,500
10258,5,ICE,0
10258,1,Tall,0
10258,13,더 달게,0
10258,8,헤이즐넛 시럽,300
10259,4,HOT,0
10259,1,Tall,0
10259,11,기본,0
10260,5,ICE,0
10260,1,Tall,0
10261,5,ICE,0
10261,2,Grande,500
10262,4,HOT,0
10262,1,Tall,0
10262,10,휘핑크림 추가,500
10263,5,ICE,0
10263,2,Grande,500
10263,9,카라멜 시럽,300
10264,4,HOT,0
10264,1,Tall,0
10264,11,기본,0
10265,4,HOT,0
10265,1,Tall,0
10265,11,기본,0
10266,5,ICE,0
10266,2,Grande,500
10266,13,더 달게,0
10267,4,HOT,0
10267,1,Tall,0
10267,12,덜 달게,0
10267,6,샷 추가 (+1),500
10267,7,바닐라 시럽,300
10268,5,ICE,0
10268,1,Tall,0
10268,12,덜 달게,0
10269,5,ICE,0
10269,2,Grande,500
10269,11,기본,0
10269,6,샷 추가 (+1),500
10269,9,카라멜 시럽,300
10269,10,휘핑크림 추가,500
10270,5,ICE,0
10270,3,Venti,1000
10271,4,HOT,0
10271,2,Grande,500
10272,4,HOT,0
10272,1,Tall,0
10273,4,HOT,0
10273,1,Tall,0
10273,13,더 달게,0
10274,5,ICE,0
10274,3,Venti,1000
10275,4,HOT,0
10275,2,Grande,500
10275,13,더 달게,0
10276,4,HOT,0
10276,1,Tall,0
10276,12,덜 달게,0
10277,5,ICE,0
10277,3,Venti,1000
10278,4,HOT,0
10278,2,Grande,500
10278,11,기본,0
10278,9,카라멜 시럽,300
10279,4,HOT,0
10279,1,Tall,0
10279,6,샷 추가 (+1),500
10280,5,ICE,0
10280,1,Tall,0
10280,6,샷 추가 (+1),500
10280,10,휘핑크림 추가,500
10281,4,HOT,0
10281,3,Venti,1000
10281,6,샷 추가 (+1),500
10282,4,HOT,0
10282,1,Tall,0
10282,6,샷 추가 (+1),500
10282,10,휘핑크림 추가,500
10283,5,ICE,0
10283,2,Grande,500
10283,12,덜 달게,0
10283,6,샷 추가 (+1),500
10283,8,헤이즐넛 시럽,300
10284,5,ICE,0
10284,2,Grande,500
10285,4,HOT,0
10285,1,Tall,0
10285,11,기본,0
10286,4,HOT,0
10286,2,Grande,500
10286,13,더 달게,0
10287,5,ICE,0
10287,2,Grande,500
10288,4,HOT,0
10288,1,Tall,0
10288,9,카라멜 시럽,300
10289,5,ICE,0
10289,1,Tall,0
10289,6,샷 추가 (+1),500
10290,4,HOT,0
10290,2,Grande,500
10290,11,기본,0
10290,10,휘핑크림 추가,500
10291,5,ICE,0
10291,1,Tall,0
10292,4,HOT,0
10292,2,Grande,500
10292,12,덜 달게,0
10293,4,HOT,0
10293,1,Tall,0
10294,4,HOT,0
10294,1,Tall,0
10295,4,HOT,0
10295,2,Grande,500
10296,5,ICE,0
10296,1,Tall,0
10296,11,기본,0
10296,6,샷 추가 (+1),500
10296,7,바닐라 시럽,300
10296,10,휘핑크림 추가,500
10297,4,HOT,0
10297,2,Grande,500
10297,11,기본,0
10297,6,샷 추가 (+1),500
10298,4,HOT,0
10298,2,Grande,500
10298,13,더 달게,0
10298,10,휘핑크림 추가,500
10299,4,HOT,0
10299,2,Grande,500
10299,13,더 달게,0
10300,4,HOT,0
10300,2,Grande,500
10300,6,샷 추가 (+1),500
10300,7,바닐라 시럽,300
10300,10,휘핑크림 추가,500
10301,5,ICE,0
10301,1,Tall,0
10301,12,덜 달게,0
10301,6,샷 추가 (+1),500
10301,9,카라멜 시럽,300
10302,5,ICE,0
10302,1,Tall,0
10302,11,기본,0
10302,6,샷 추가 (+1),500
10302,8,헤이즐넛 시럽,300
10303,4,HOT,0
10303,1,Tall,0
10303,11,기본,0
10304,5,ICE,0
10304,1,Tall,0
10304,12,덜 달게,0
10305,4,HOT,0
10305,1,Tall,0
10305,11,기본,0
10305,10,휘핑크림 추가,500
10306,4,HOT,0
10306,1,Tall,0
10306,12,덜 달게,0
10307,4,HOT,0
10307,1,Tall,0
10307,13,더 달게,0
10308,4,HOT,0
10308,2,Grande,500
10308,13,더 달게,0
10308,7,바닐라 시럽,300
10308,10,휘핑크림 추가,500
10309,4,HOT,0
10309,1,Tall,0
10310,5,ICE,0
10310,3,Venti,1000
10310,13,더 달게,0
10310,9,카라멜 시럽,300
10311,5,ICE,0
10311,2,Grande,500
10311,13,더 달게,0
10312,4,HOT,0
10312,2,Grande,500
10313,4,HOT,0
10313,1,Tall,0
10314,5,ICE,0
10314,3,Venti,1000
10314,11,기본,0
10314,6,샷 추가 (+1),500
10314,9,카라멜 시럽,300
10315,5,ICE,0
10315,2,Grande,500
10316,4,HOT,0
10316,2,Grande,500
10316,13,더 달게,0
10317,4,HOT,0
10317,2,Grande,500
10318,4,HOT,0
10318,3,Venti,1000
10318,7,바닐라 시럽,300
10319,4,HOT,0
10319,2,Grande,500
10320,4,HOT,0
10320,1,Tall,0
10320,12,덜 달게,0
10321,4,HOT,0
10321,2,Grande,500
10321,12,덜 달게,0
10322,4,HOT,0
10322,3,Venti,1000
10322,8,헤이즐넛 시럽,300
10323,5,ICE,0
10323,2,Grande,500
10323,6,샷 추가 (+1),500
10324,4,HOT,0
10324,1,Tall,0
10324,6,샷 추가 (+1),500
10325,4,HOT,0
10325,3,Venti,1000
10325,10,휘핑크림 추가,500
10326,4,HOT,0
10326,1,Tall,0
10326,12,덜 달게,0
10327,5,ICE,0
10327,1,Tall,0
10327,11,기본,0
10328,5,ICE,0
10328,2,Grande,500
10328,12,덜 달게,0
10329,4,HOT,0
10329,1,Tall,0
10329,12,덜 달게,0
10330,5,ICE,0
10330,1,Tall,0
10330,11,기본,0
10331,4,HOT,0
10331,1,Tall,0
10332,4,HOT,0
10332,1,Tall,0
10332,12,덜 달게,0
10333,4,HOT,0
10333,2,Grande,500
10333,6,샷 추가 (+1),500
10334,5,ICE,0
10334,1,Tall,0
10334,11,기본,0
10335,4,HOT,0
10335,1,Tall,0
10335,12,덜 달게,0
10335,10,휘핑크림 추가,500
10336,4,HOT,0
10336,1,Tall,0
10336,11,기본,0
10336,7,바닐라 시럽,300
10337,5,ICE,0
10337,3,Venti,1000
10337,12,덜 달게,0
10338,4,HOT,0
10338,2,Grande,500
10338,11,기본,0
10339,5,ICE,0
10339,3,Venti,1000
10339,12,덜 달게,0
10340,5,ICE,0
10340,2,Grande,500
10340,11,기본,0
10341,4,HOT,0
10341,1,Tall,0
10341,9,카라멜 시럽,300
10342,4,HOT,0
10342,3,Venti,1000
10342,11,기본,0
10343,5,ICE,0
10343,3,Venti,1000
10343,6,샷 추가 (+1),500
10343,7,바닐라 시럽,300
10344,4,HOT,0
10344,2,Grande,500
10344,12,덜 달게,0
10345,5,ICE,0
10345,3,Venti,1000
10345,11,기본,0
10346,4,HOT,0
10346,3,Venti,1000
10346,12,덜 달게,0
10346,9,카라멜 시럽,300
10347,4,HOT,0
10347,1,Tall,0
10347,11,기본,0
10347,9,카라멜 시럽,300
10348,5,ICE,0
10348,1,Tall,0
10348,11,기본,0
10349,5,ICE,0
10349,2,Grande,500
10349,11,기본,0
10350,4,HOT,0
10350,3,Venti,1000
10350,9,카라멜 시럽,300
10351,4,HOT,0
10351,2,Grande,500
10351,12,덜 달게,0
10352,5,ICE,0
10352,1,Tall,0
10352,13,더 달게,0
10353,4,HOT,0
10353,2,Grande,500
10353,13,더 달게,0
10354,4,HOT,0
10354,3,Venti,1000
10354,11,기본,0
10354,7,바닐라 시럽,300
10355,5,ICE,0
10355,2,Grande,500
10356,5,ICE,0
10356,1,Tall,0
10357,4,HOT,0
10357,2,Grande,500
10357,13,더 달게,0
10357,10,휘핑크림 추가,500
10358,5,ICE,0
10358,1,Tall,0
10358,6,샷 추가 (+1),500
10358,7,바닐라 시럽,300
10359,5,ICE,0
10359,1,Tall,0
10359,11,기본,0
10359,6,샷 추가 (+1),500
10360,4,HOT,0
10360,2,Grande,500
10361,4,HOT,0
10361,1,Tall,0
10362,5,ICE,0
10362,2,Grande,500
10362,11,기본,0
10363,4,HOT,0
10363,3,Venti,1000
10363,6,샷 추가 (+1),500
10364,5,ICE,0
10364,3,Venti,1000
10364,13,더 달게,0
10365,4,HOT,0
10365,3,Venti,1000
10366,4,HOT,0
10366,1,Tall,0
10366,12,덜 달게,0
10367,4,HOT,0
10367,1,Tall,0
10367,6,샷 추가 (+1),500
10368,4,HOT,0
10368,1,Tall,0
10368,11,기본,0
10368,6,샷 추가 (+1),500
10369,4,HOT,0
10369,1,Tall,0
10369,7,바닐라 시럽,300
10370,4,HOT,0
10370,1,Tall,0
10370,6,샷 추가 (+1),500
10371,4,HOT,0
10371,2,Grande,500
10371,12,덜 달게,0
10372,4,HOT,0
10372,1,Tall,0
10372,6,샷 추가 (+1),500
10373,5,ICE,0
10373,2,Grande,500
10374,4,HOT,0
10374,2,Grande,500
10375,5,ICE,0
10375,3,Venti,1000
10376,4,HOT,0
10376,1,Tall,0
10376,13,더 달게,0
10377,5,ICE,0
10377,2,Grande,500
10377,13,더 달게,0
10377,6,샷 추가 (+1),500
10377,7,바닐라 시럽,300
10378,5,ICE,0
10378,3,Venti,1000
10378,9,카라멜 시럽,300
10379,4,HOT,0
10379,3,Venti,1000
10379,11,기본,0
10379,6,샷 추가 (+1),500
10380,5,ICE,0
10380,1,Tall,0
10381,4,HOT,0
10381,2,Grande,500
10382,5,ICE,0
10382,2,Grande,500
10382,12,덜 달게,0
10383,5,ICE,0
10383,3,Venti,1000
10383,11,기본,0
10383,10,휘핑크림 추가,500
10384,5,ICE,0
10384,2,Grande,500
10384,13,더 달게,0
10385,4,HOT,0
10385,1,Tall,0
10386,4,HOT,0
10386,1,Tall,0
10386,13,더 달게,0
10387,4,HOT,0
10387,3,Venti,1000
10387,13,더 달게,0
10388,5,ICE,0
10388,2,Grande,500
10388,12,덜 달게,0
10389,5,ICE,0
10389,1,Tall,0
10389,12,덜 달게,0
10390,4,HOT,0
10390,1,Tall,0
10390,11,기본,0
10390,6,샷 추가 (+1),500
10391,4,HOT,0
10391,2,Grande,500
10391,7,바닐라 시럽,300
10392,5,ICE,0
10392,1,Tall,0
10393,4,HOT,0
10393,2,Grande,500
10393,12,덜 달게,0
10394,4,HOT,0
10394,1,Tall,0
10395,5,ICE,0
10395,1,Tall,0
10395,8,헤이즐넛 시럽,300
10396,5,ICE,0
10396,2,Grande,500
10396,11,기본,0
10396,9,카라멜 시럽,300
10397,5,ICE,0
10397,3,Venti,1000
10397,11,기본,0
10397,6,샷 추가 (+1),500
10398,5,ICE,0
10398,2,Grande,500
10398,6,샷 추가 (+1),500
10399,4,HOT,0
10399,1,Tall,0
10400,4,HOT,0
10400,2,Grande,500
10400,6,샷 추가 (+1),500
10401,5,ICE,0
10401,1,Tall,0
10401,11,기본,0
10402,4,HOT,0
10402,3,Venti,1000
10402,11,기본,0
10403,5,ICE,0
10403,2,Grande,500
10403,12,덜 달게,0
10404,4,HOT,0
10404,1,Tall,0
10404,13,더 달게,0
10405,5,ICE,0
10405,3,Venti,1000
10406,4,HOT,0
10406,1,Tall,0
10406,13,더 달게,0
10407,4,HOT,0
10407,1,Tall,0
10407,13,더 달게,0
10407,6,샷 추가 (+1),500
10408,5,ICE,0
10408,1,Tall,0
10408,11,기본,0
10409,4,HOT,0
10409,3,Venti,1000
10409,6,샷 추가 (+1),500
10410,4,HOT,0
10410,2,Grande,500
10410,12,덜 달게,0
10411,4,HOT,0
10411,2,Grande,500
10411,11,기본,0
10412,5,ICE,0
10412,1,Tall,0
10412,12,덜 달게,0
10412,8,헤이즐넛 시럽,300
10413,5,ICE,0
10413,1,Tall,0
10414,4,HOT,0
10414,2,Grande,500
10414,12,덜 달게,0
10414,6,샷 추가 (+1),500
10415,5,ICE,0
10415,3,Venti,1000
10415,11,기본,0
10415,6,샷 추가 (+1),500
10416,4,HOT,0
10416,3,Venti,1000
10416,6,샷 추가 (+1),500
10417,5,ICE,0
10417,1,Tall,0
10417,13,더 달게,0
10418,5,ICE,0
10418,2,Grande,500
10418,11,기본,0
10419,4,HOT,0
10419,2,Grande,500
10419,6,샷 추가 (+1),500
10420,5,ICE,0
10420,2,Grande,500
10420,10,휘핑크림 추가,500
10421,5,ICE,0
10421,2,Grande,500
10421,12,덜 달게,0
10422,4,HOT,0
10422,2,Grande,500
10422,12,덜 달게,0
10422,6,샷 추가 (+1),500
10423,4,HOT,0
10423,3,Venti,1000
10423,6,샷 추가 (+1),500
10424,4,HOT,0
10424,1,Tall,0
10424,8,헤이즐넛 시럽,300
10425,4,HOT,0
10425,1,Tall,0
10425,13,더 달게,0
10426,4,HOT,0
10426,1,Tall,0
10426,13,더 달게,0
10426,6,샷 추가 (+1),500
10427,4,HOT,0
10427,1,Tall,0
10427,6,샷 추가 (+1),500
10428,4,HOT,0
10428,2,Grande,500
10428,12,덜 달게,0
10428,6,샷 추가 (+1),500
10429,4,HOT,0
10429,2,Grande,500
10429,12,덜 달게,0
10430,5,ICE,0
10430,2,Grande,500
10430,11,기본,0
10430,6,샷 추가 (+1),500
10431,5,ICE,0
10431,2,Grande,500
10431,11,기본,0
10431,6,샷 추가 (+1),500
10432,4,HOT,0
10432,1,Tall,0
10432,13,더 달게,0
10432,6,샷 추가 (+1),500
10433,5,ICE,0
10433,3,Venti,1000
10433,6,샷 추가 (+1),500
10433,7,바닐라 시럽,300
10434,5,ICE,0
10434,2,Grande,500
10434,12,덜 달게,0
10435,5,ICE,0
10435,3,Venti,1000
10435,12,덜 달게,0
10436,4,HOT,0
10436,2,Grande,500
10437,5,ICE,0
10437,1,Tall,0
10437,11,기본,0
10437,9,카라멜 시럽,300
10438,5,ICE,0
10438,2,Grande,500
10438,13,더 달게,0
10439,5,ICE,0
10439,3,Venti,1000
10440,4,HOT,0
10440,2,Grande,500
10440,6,샷 추가 (+1),500
10441,4,HOT,0
10441,3,Venti,1000
10441,12,덜 달게,0
10441,6,샷 추가 (+1),500
10442,4,HOT,0
10442,2,Grande,500
10442,12,덜 달게,0
10443,4,HOT,0
10443,2,Grande,500
10443,13,더 달게,0
10444,4,HOT,0
10444,1,Tall,0
10444,6,샷 추가 (+1),500
10445,5,ICE,0
10445,1,Tall,0
10445,6,샷 추가 (+1),500
10446,4,HOT,0
10446,1,Tall,0
10446,11,기본,0
10446,6,샷 추가 (+1),500
10446,10,휘핑크림 추가,500
10447,5,ICE,0
10447,3,Venti,1000
10447,8,헤이즐넛 시럽,300
10447,10,휘핑크림 추가,500
10448,5,ICE,0
10448,1,Tall,0
10448,11,기본,0
10449,5,ICE,0
10449,2,Grande,500
10449,11,기본,0
10449,6,샷 추가 (+1),500
10450,4,HOT,0
10450,2,Grande,500
10450,6,샷 추가 (+1),500
10451,4,HOT,0
10451,1,Tall,0
10451,12,덜 달게,0
10451,6,샷 추가 (+1),500
10452,5,ICE,0
10452,2,Grande,500
10452,11,기본,0
10452,6,샷 추가 (+1),500
10453,4,HOT,0
10453,3,Venti,1000
10453,11,기본,0
10454,4,HOT,0
10454,1,Tall,0
10454,13,더 달게,0
10455,4,HOT,0
10455,3,Venti,1000
10455,12,덜 달게,0
10455,6,샷 추가 (+1),500
10456,5,ICE,0
10456,1,Tall,0
10456,13,더 달게,0
10457,4,HOT,0
10457,3,Venti,1000
10457,12,덜 달게,0
10457,6,샷 추가 (+1),500
10457,9,카라멜 시럽,300
10457,10,휘핑크림 추가,500
10458,5,ICE,0
10458,3,Venti,1000
10458,12,덜 달게,0
10458,6,샷 추가 (+1),500
10459,5,ICE,0
10459,3,Venti,1000
10459,6,샷 추가 (+1),500
10459,7,바닐라 시럽,300
10460,5,ICE,0
10460,3,Venti,1000
10461,4,HOT,0
10461,2,Grande,500
10461,12,덜 달게,0
10462,5,ICE,0
10462,2,Grande,500
10462,12,덜 달게,0
10463,5,ICE,0
10463,3,Venti,1000
10463,13,더 달게,0
10463,6,샷 추가 (+1),500
10464,4,HOT,0
10464,2,Grande,500
10464,6,샷 추가 (+1),500
10465,4,HOT,0
10465,1,Tall,0
10465,9,카라멜 시럽,300
10466,4,HOT,0
10466,3,Venti,1000
10466,11,기본,0
10466,6,샷 추가 (+1),500
10467,5,ICE,0
10467,1,Tall,0
10467,6,샷 추가 (+1),500
10468,4,HOT,0
10468,2,Grande,500
10469,4,HOT,0
10469,2,Grande,500
10469,7,바닐라 시럽,300
10470,4,HOT,0
10470,1,Tall,0
10470,12,덜 달게,0
10471,4,HOT,0
10471,2,Grande,500
10471,6,샷 추가 (+1),500
10471,7,바닐라 시럽,300
10472,4,HOT,0
10472,1,Tall,0
10472,12,덜 달게,0
10472,6,샷 추가 (+1),500
10473,5,ICE,0
10473,2,Grande,500
10473,11,기본,0
10473,7,바닐라 시럽,300
10474,4,HOT,0
10474,3,Venti,1000
10475,4,HOT,0
10475,2,Grande,500
10475,13,더 달게,0
10475,9,카라멜 시럽,300
10476,5,ICE,0
10476,1,Tall,0
10476,12,덜 달게,0
10477,5,ICE,0
10477,2,Grande,500
10477,11,기본,0
10478,5,ICE,0
10478,3,Venti,1000
10479,4,HOT,0
10479,2,Grande,500
10479,11,기본,0
10479,8,헤이즐넛 시럽,300
10479,10,휘핑크림 추가,500
10480,4,HOT,0
10480,2,Grande,500
10480,13,더 달게,0
10480,6,샷 추가 (+1),500
10480,9,카라멜 시럽,300
10481,4,HOT,0
10481,3,Venti,1000
10481,7,바닐라 시럽,300
10482,4,HOT,0
10482,2,Grande,500
10483,4,HOT,0
10483,1,Tall,0
10483,11,기본,0
10483,6,샷 추가 (+1),500
10483,9,카라멜 시럽,300
10484,4,HOT,0
10484,3,Venti,1000
10485,5,ICE,0
10485,1,Tall,0
10485,11,기본,0
10486,5,ICE,0
10486,3,Venti,1000
10486,11,기본,0
10487,4,HOT,0
10487,3,Venti,1000
10488,4,HOT,0
10488,2,Grande,500
10489,4,HOT,0
10489,2,Grande,500
10489,11,기본,0
10489,6,샷 추가 (+1),500
10489,8,헤이즐넛 시럽,300
10490,5,ICE,0
10490,1,Tall,0
10490,12,덜 달게,0
10491,4,HOT,0
10491,1,Tall,0
10491,13,더 달게,0
10492,5,ICE,0
10492,2,Grande,500
10493,4,HOT,0
10493,2,Grande,500
10493,8,헤이즐넛 시럽,300
10494,5,ICE,0
10494,1,Tall,0
10494,11,기본,0
10495,4,HOT,0
10495,1,Tall,0
10495,6,샷 추가 (+1),500
10496,4,HOT,0
10496,3,Venti,1000
10496,6,샷 추가 (+1),500
10497,5,ICE,0
10497,2,Grande,500
10497,12,덜 달게,0
10498,4,HOT,0
10498,2,Grande,500
10498,6,샷 추가 (+1),500
10498,7,바닐라 시럽,300
10498,10,휘핑크림 추가,500
10499,4,HOT,0
10499,1,Tall,0
10499,9,카라멜 시럽,300
10500,4,HOT,0
10500,1,Tall,0
10501,5,ICE,0
10501,2,Grande,500
10501,7,바닐라 시럽,300
10502,5,ICE,0
10502,2,Grande,500
10502,9,카라멜 시럽,300
10503,5,ICE,0
10503,2,Grande,500
10503,12,덜 달게,0
10503,7,바닐라 시럽,300
10504,5,ICE,0
10504,2,Grande,500
10505,4,HOT,0
10505,2,Grande,500
10505,13,더 달게,0
10505,6,샷 추가 (+1),500
10505,8,헤이즐넛 시럽,300
10506,4,HOT,0
10506,1,Tall,0
10507,5,ICE,0
10507,1,Tall,0
10507,6,샷 추가 (+1),500
10508,4,HOT,0
10508,1,Tall,0
10508,11,기본,0
10508,9,카라멜 시럽,300
10509,5,ICE,0
10509,3,Venti,1000
10509,6,샷 추가 (+1),500
10509,10,휘핑크림 추가,500
10510,5,ICE,0
10510,2,Grande,500
10510,6,샷 추가 (+1),500
10510,10,휘핑크림 추가,500
10511,4,HOT,0
10511,2,Grande,500
10511,12,덜 달게,0
10511,8,헤이즐넛 시럽,300
10512,5,ICE,0
10512,3,Venti,1000
10512,12,덜 달게,0
10513,4,HOT,0
10513,2,Grande,500
10514,5,ICE,0
10514,2,Grande,500
10514,10,휘핑크림 추가,500
10515,4,HOT,0
10515,1,Tall,0
10515,13,더 달게,0
10516,4,HOT,0
10516,3,Venti,1000
10516,11,기본,0
10516,7,바닐라 시럽,300
10517,4,HOT,0
10517,2,Grande,500
10517,11,기본,0
10517,7,바닐라 시럽,300
10518,4,HOT,0
10518,1,Tall,0
10518,11,기본,0
10519,4,HOT,0
10519,2,Grande,500
10519,10,휘핑크림 추가,500
10520,5,ICE,0
10520,2,Grande,500
10520,13,더 달게,0
10520,10,휘핑크림 추가,500
10521,5,ICE,0
10521,1,Tall,0
10522,5,ICE,0
10522,2,Grande,500
10522,13,더 달게,0
10522,6,샷 추가 (+1),500
10522,7,바닐라 시럽,300
10523,4,HOT,0
10523,1,Tall,0
10523,11,기본,0
10524,4,HOT,0
10524,3,Venti,1000
10525,4,HOT,0
10525,3,Venti,1000
10525,6,샷 추가 (+1),500
10525,7,바닐라 시럽,300
10526,5,ICE,0
10526,2,Grande,500
10526,11,기본,0
10526,6,샷 추가 (+1),500
10527,5,ICE,0
10527,1,Tall,0
10528,4,HOT,0
10528,3,Venti,1000
10528,13,더 달게,0
10529,4,HOT,0
10529,2,Grande,500
10529,6,샷 추가 (+1),500
10530,4,HOT,0
10530,2,Grande,500
10530,12,덜 달게,0
10531,4,HOT,0
10531,3,Venti,1000
10531,10,휘핑크림 추가,500
10532,5,ICE,0
10532,1,Tall,0
10533,4,HOT,0
10533,3,Venti,1000
10533,6,샷 추가 (+1),500
10534,4,HOT,0
10534,1,Tall,0
10534,11,기본,0
10535,4,HOT,0
10535,1,Tall,0
10535,11,기본,0
10536,5,ICE,0
10536,1,Tall,0
10536,11,기본,0
10537,5,ICE,0
10537,2,Grande,500
10537,11,기본,0
10537,6,샷 추가 (+1),500
10538,4,HOT,0
10538,1,Tall,0
10538,13,더 달게,0
10538,8,헤이즐넛 시럽,300
10539,4,HOT,0
10539,1,Tall,0
10539,13,더 달게,0
10540,4,HOT,0
10540,2,Grande,500
10540,10,휘핑크림 추가,500
10541,4,HOT,0
10541,1,Tall,0
10541,10,휘핑크림 추가,500
10542,5,ICE,0
10542,2,Grande,500
10543,5,ICE,0
10543,2,Grande,500
10543,11,기본,0
10543,7,바닐라 시럽,300
10544,5,ICE,0
10544,2,Grande,500
10544,11,기본,0
10545,5,ICE,0
10545,2,Grande,500
10545,6,샷 추가 (+1),500
10545,9,카라멜 시럽,300
10546,4,HOT,0
10546,3,Venti,1000
10546,11,기본,0
10547,4,HOT,0
10547,2,Grande,500
10547,11,기본,0
10548,4,HOT,0
10548,3,Venti,1000
10548,12,덜 달게,0
10548,6,샷 추가 (+1),500
10549,4,HOT,0
10549,1,Tall,0
10549,11,기본,0
10550,4,HOT,0
10550,2,Grande,500
10551,4,HOT,0
10551,2,Grande,500
10551,7,바닐라 시럽,300
10552,5,ICE,0
10552,2,Grande,500
10552,6,샷 추가 (+1),500
10553,5,ICE,0
10553,2,Grande,500
10553,11,기본,0
10553,6,샷 추가 (+1),500
10553,10,휘핑크림 추가,500
10554,5,ICE,0
10554,3,Venti,1000
10554,13,더 달게,0
10555,4,HOT,0
10555,1,Tall,0
10555,11,기본,0
10556,5,ICE,0
10556,2,Grande,500
10556,11,기본,0
10556,9,카라멜 시럽,300
10557,5,ICE,0
10557,3,Venti,1000
10558,5,ICE,0
10558,2,Grande,500
10558,6,샷 추가 (+1),500
10559,4,HOT,0
10559,2,Grande,500
10559,11,기본,0
10560,4,HOT,0
10560,1,Tall,0
10560,13,더 달게,0
10560,6,샷 추가 (+1),500
10561,5,ICE,0
10561,2,Grande,500
10562,4,HOT,0
10562,2,Grande,500
10562,12,덜 달게,0
10563,5,ICE,0
10563,2,Grande,500
10563,11,기본,0
10564,4,HOT,0
10564,2,Grande,500
10564,6,샷 추가 (+1),500
10565,5,ICE,0
10565,2,Grande,500
10565,11,기본,0
10566,4,HOT,0
10566,2,Grande,500
10566,12,덜 달게,0
10566,6,샷 추가 (+1),500
10566,9,카라멜 시럽,300
10567,4,HOT,0
10567,3,Venti,1000
10568,5,ICE,0
10568,1,Tall,0
10568,11,기본,0
10568,6,샷 추가 (+1),500
10569,4,HOT,0
10569,2,Grande,500
10569,9,카라멜 시럽,300
10570,4,HOT,0
10570,1,Tall,0
10570,12,덜 달게,0
10571,4,HOT,0
10571,2,Grande,500
10571,11,기본,0
10571,6,샷 추가 (+1),500
10572,5,ICE,0
10572,2,Grande,500
10573,4,HOT,0
10573,1,Tall,0
10573,6,샷 추가 (+1),500
10573,8,헤이즐넛 시럽,300
10574,5,ICE,0
10574,3,Venti,1000
10574,6,샷 추가 (+1),500
10575,4,HOT,0
10575,3,Venti,1000
10576,4,HOT,0
10576,3,Venti,1000
10577,5,ICE,0
10577,3,Venti,1000
10578,4,HOT,0
10578,2,Grande,500
10579,4,HOT,0
10579,1,Tall,0
10579,11,기본,0
10579,6,샷 추가 (+1),500
10580,5,ICE,0
10580,3,Venti,1000
10580,11,기본,0
10581,5,ICE,0
10581,2,Grande,500
10581,11,기본,0
10582,5,ICE,0
10582,2,Grande,500
10582,10,휘핑크림 추가,500
10583,4,HOT,0
10583,3,Venti,1000
10584,4,HOT,0
10584,2,Grande,500
10584,12,덜 달게,0
10585,4,HOT,0
10585,3,Venti,1000
10585,10,휘핑크림 추가,500
10586,4,HOT,0
10586,1,Tall,0
10586,10,휘핑크림 추가,500
10587,5,ICE,0
10587,1,Tall,0
10587,6,샷 추가 (+1),500
10588,5,ICE,0
10588,2,Grande,500
10588,12,덜 달게,0
10588,6,샷 추가 (+1),500
10589,5,ICE,0
10589,1,Tall,0
10589,11,기본,0
10590,5,ICE,0
10590,1,Tall,0
10590,13,더 달게,0
10591,4,HOT,0
10591,1,Tall,0
10591,6,샷 추가 (+1),500
10591,7,바닐라 시럽,300
10592,4,HOT,0
10592,1,Tall,0
10592,12,덜 달게,0
10593,4,HOT,0
10593,2,Grande,500
10593,12,덜 달게,0
10594,4,HOT,0
10594,1,Tall,0
10594,6,샷 추가 (+1),500
10595,4,HOT,0
10595,1,Tall,0
10595,13,더 달게,0
10595,8,헤이즐넛 시럽,300
10596,5,ICE,0
10596,3,Venti,1000
10596,10,휘핑크림 추가,500
10597,4,HOT,0
10597,2,Grande,500
10597,12,덜 달게,0
10598,5,ICE,0
10598,1,Tall,0
10598,11,기본,0
10599,4,HOT,0
10599,2,Grande,500
10599,13,더 달게,0
10599,10,휘핑크림 추가,500
10600,4,HOT,0
10600,1,Tall,0
10600,12,덜 달게,0
10600,6,샷 추가 (+1),500
10601,4,HOT,0
10601,2,Grande,500
10602,5,ICE,0
10602,1,Tall,0
10602,11,기본,0
10603,4,HOT,0
10603,3,Venti,1000
10603,11,기본,0
10603,9,카라멜 시럽,300
10604,5,ICE,0
10604,2,Grande,500
10604,11,기본,0
10605,4,HOT,0
10605,1,Tall,0
10605,6,샷 추가 (+1),500
10606,5,ICE,0
10606,2,Grande,500
10606,6,샷 추가 (+1),500
10607,4,HOT,0
10607,1,Tall,0
10607,12,덜 달게,0
10607,7,바닐라 시럽,300
10608,4,HOT,0
10608,1,Tall,0
10608,13,더 달게,0
10609,4,HOT,0
10609,1,Tall,0
10609,13,더 달게,0
10610,4,HOT,0
10610,2,Grande,500
10610,13,더 달게,0
10610,7,바닐라 시럽,300
10610,10,휘핑크림 추가,500
10611,5,ICE,0
10611,1,Tall,0
10611,13,더 달게,0
10612,4,HOT,0
10612,2,Grande,500
10612,11,기본,0
10613,5,ICE,0
10613,1,Tall,0
10613,9,카라멜 시럽,300
10614,4,HOT,0
10614,2,Grande,500
10615,4,HOT,0
10615,1,Tall,0
10615,6,샷 추가 (+1),500
10616,4,HOT,0
10616,2,Grande,500
10617,5,ICE,0
10617,1,Tall,0
10617,11,기본,0
10618,5,ICE,0
10618,2,Grande,500
10618,12,덜 달게,0
10619,4,HOT,0
10619,3,Venti,1000
10619,11,기본,0
10620,5,ICE,0
10620,1,Tall,0
10620,11,기본,0
10620,9,카라멜 시럽,300
10621,5,ICE,0
10621,3,Venti,1000
10621,9,카라멜 시럽,300
10622,4,HOT,0
10622,1,Tall,0
10622,6,샷 추가 (+1),500
10623,4,HOT,0
10623,1,Tall,0
10623,12,덜 달게,0
10623,6,샷 추가 (+1),500
10624,4,HOT,0
10624,1,Tall,0
10625,5,ICE,0
10625,3,Venti,1000
10625,11,기본,0
10625,6,샷 추가 (+1),500
10626,4,HOT,0
10626,3,Venti,1000
10626,11,기본,0
10626,9,카라멜 시럽,300
10627,4,HOT,0
10627,3,Venti,1000
10627,11,기본,0
10628,4,HOT,0
10628,3,Venti,1000
10628,12,덜 달게,0
10628,6,샷 추가 (+1),500
10628,10,휘핑크림 추가,500
10629,4,HOT,0
10629,1,Tall,0
10629,11,기본,0
10630,5,ICE,0
10630,3,Venti,1000
10630,11,기본,0
10630,8,헤이즐넛 시럽,300
10631,5,ICE,0
10631,1,Tall,0
10632,5,ICE,0
10632,1,Tall,0
10632,9,카라멜 시럽,300
10633,4,HOT,0
10633,2,Grande,500
10633,11,기본,0
10634,5,ICE,0
10634,2,Grande,500
10634,6,샷 추가 (+1),500
10635,5,ICE,0
10635,1,Tall,0
10635,11,기본,0
10635,6,샷 추가 (+1),500
10636,4,HOT,0
10636,1,Tall,0
10636,13,더 달게,0
10637,5,ICE,0
10637,1,Tall,0
10637,11,기본,0
10638,4,HOT,0
10638,2,Grande,500
10638,12,덜 달게,0
10638,6,샷 추가 (+1),500
10638,7,바닐라 시럽,300
10639,4,HOT,0
10639,1,Tall,0
10639,13,더 달게,0
10639,6,샷 추가 (+1),500
10640,4,HOT,0
10640,2,Grande,500
10640,9,카라멜 시럽,300
10641,4,HOT,0
10641,2,Grande,500
10641,12,덜 달게,0
10641,6,샷 추가 (+1),500
10642,5,ICE,0
10642,2,Grande,500
10642,6,샷 추가 (+1),500
10642,10,휘핑크림 추가,500
10643,4,HOT,0
10643,3,Venti,1000
10643,12,덜 달게,0
10644,5,ICE,0
10644,3,Venti,1000
10644,12,덜 달게,0
10645,4,HOT,0
10645,1,Tall,0
10645,11,기본,0
10646,5,ICE,0
10646,2,Grande,500
10646,6,샷 추가 (+1),500
10646,10,휘핑크림 추가,500
10647,4,HOT,0
10647,3,Venti,1000
10647,7,바닐라 시럽,300
10648,5,ICE,0
10648,2,Grande,500
10648,7,바닐라 시럽,300
10649,4,HOT,0
10649,3,Venti,1000
10650,4,HOT,0
10650,1,Tall,0
10650,10,휘핑크림 추가,500
10651,4,HOT,0
10651,2,Grande,500
10651,11,기본,0
10651,6,샷 추가 (+1),500
10652,4,HOT,0
10652,1,Tall,0
10652,11,기본,0
10652,9,카라멜 시럽,300
10653,5,ICE,0
10653,3,Venti,1000
10654,4,HOT,0
10654,1,Tall,0
10655,4,HOT,0
10655,2,Grande,500
10655,11,기본,0
10655,7,바닐라 시럽,300
10656,4,HOT,0
10656,1,Tall,0
10656,13,더 달게,0
10656,6,샷 추가 (+1),500
10656,8,헤이즐넛 시럽,300
10657,5,ICE,0
10657,2,Grande,500
10658,4,HOT,0
10658,2,Grande,500
10658,11,기본,0
10659,5,ICE,0
10659,2,Grande,500
10659,13,더 달게,0
10659,9,카라멜 시럽,300
10660,4,HOT,0
10660,1,Tall,0
10660,13,더 달게,0
10660,6,샷 추가 (+1),500
10660,9,카라멜 시럽,300
10660,10,휘핑크림 추가,500
10661,4,HOT,0
10661,1,Tall,0
10661,13,더 달게,0
10662,4,HOT,0
10662,2,Grande,500
10663,5,ICE,0
10663,1,Tall,0
10664,4,HOT,0
10664,3,Venti,1000
10664,11,기본,0
10665,4,HOT,0
10665,1,Tall,0
10665,13,더 달게,0
10666,5,ICE,0
10666,2,Grande,500
10666,11,기본,0
10666,10,휘핑크림 추가,500
10667,5,ICE,0
10667,1,Tall,0
10667,13,더 달게,0
10668,5,ICE,0
10668,2,Grande,500
10669,5,ICE,0
10669,1,Tall,0
10669,11,기본,0
10670,4,HOT,0
10670,1,Tall,0
10671,4,HOT,0
10671,2,Grande,500
10671,7,바닐라 시럽,300
10672,4,HOT,0
10672,2,Grande,500
10673,5,ICE,0
10673,2,Grande,500
10673,6,샷 추가 (+1),500
10674,5,ICE,0
10674,2,Grande,500
10674,13,더 달게,0
10675,4,HOT,0
10675,2,Grande,500
10675,11,기본,0
10675,8,헤이즐넛 시럽,300
10676,4,HOT,0
10676,2,Grande,500
10676,11,기본,0
10677,4,HOT,0
10677,2,Grande,500
10678,4,HOT,0
10678,3,Venti,1000
10678,6,샷 추가 (+1),500
10678,10,휘핑크림 추가,500
10679,4,HOT,0
10679,2,Grande,500
10680,4,HOT,0
10680,2,Grande,500
10681,5,ICE,0
10681,1,Tall,0
10681,6,샷 추가 (+1),500
10682,5,ICE,0
10682,3,Venti,1000
10683,4,HOT,0
10683,1,Tall,0
10683,9,카라멜 시럽,300
10684,5,ICE,0
10684,2,Grande,500
10684,11,기본,0
10685,5,ICE,0
10685,1,Tall,0
10685,11,기본,0
10685,6,샷 추가 (+1),500
10686,4,HOT,0
10686,2,Grande,500
10687,5,ICE,0
10687,3,Venti,1000
10687,6,샷 추가 (+1),500
10687,10,휘핑크림 추가,500
10688,4,HOT,0
10688,2,Grande,500
10688,11,기본,0
10689,4,HOT,0
10689,2,Grande,500
10690,4,HOT,0
10690,1,Tall,0
10690,11,기본,0
10690,10,휘핑크림 추가,500
10691,5,ICE,0
10691,1,Tall,0
10691,6,샷 추가 (+1),500
10692,5,ICE,0
10692,3,Venti,1000
10692,13,더 달게,0
10693,4,HOT,0
10693,2,Grande,500
10693,13,더 달게,0
10694,4,HOT,0
10694,3,Venti,1000
10695,5,ICE,0
10695,1,Tall,0
10695,10,휘핑크림 추가,500
10696,4,HOT,0
10696,2,Grande,500
10696,11,기본,0
10696,6,샷 추가 (+1),500
10696,8,헤이즐넛 시럽,300
10697,5,ICE,0
10697,2,Grande,500
10697,12,덜 달게,0
10697,6,샷 추가 (+1),500
10698,4,HOT,0
10698,2,Grande,500
10698,6,샷 추가 (+1),500
10698,10,휘핑크림 추가,500
10699,4,HOT,0
10699,3,Venti,1000
10699,6,샷 추가 (+1),500
10700,5,ICE,0
10700,2,Grande,500
10701,4,HOT,0
10701,3,Venti,1000
10701,8,헤이즐넛 시럽,300
10702,5,ICE,0
10702,3,Venti,1000
10703,5,ICE,0
10703,1,Tall,0
10703,8,헤이즐넛 시럽,300
10704,4,HOT,0
10704,1,Tall,0
10704,11,기본,0
10705,5,ICE,0
10705,3,Venti,1000
10705,11,기본,0
10706,4,HOT,0
10706,1,Tall,0
10706,6,샷 추가 (+1),500
10707,4,HOT,0
10707,1,Tall,0
10707,11,기본,0
10708,5,ICE,0
10708,3,Venti,1000
10708,12,덜 달게,0
10709,5,ICE,0
10709,3,Venti,1000
10709,13,더 달게,0
10710,5,ICE,0
10710,1,Tall,0
10710,11,기본,0
10710,6,샷 추가 (+1),500
10711,4,HOT,0
10711,2,Grande,500
10711,6,샷 추가 (+1),500
10711,10,휘핑크림 추가,500
10712,5,ICE,0
10712,1,Tall,0
10712,11,기본,0
10713,4,HOT,0
10713,2,Grande,500
10713,12,덜 달게,0
10714,5,ICE,0
10714,1,Tall,0
10715,4,HOT,0
10715,2,Grande,500
10715,11,기본,0
10715,6,샷 추가 (+1),500
10716,4,HOT,0
10716,1,Tall,0
10716,8,헤이즐넛 시럽,300
10717,4,HOT,0
10717,2,Grande,500
10717,11,기본,0
10718,5,ICE,0
10718,1,Tall,0
10718,11,기본,0
10719,4,HOT,0
10719,1,Tall,0
10719,13,더 달게,0
10720,4,HOT,0
10720,1,Tall,0
10720,11,기본,0
10720,6,샷 추가 (+1),500
10720,9,카라멜 시럽,300
10720,10,휘핑크림 추가,500
10721,5,ICE,0
10721,2,Grande,500
10721,11,기본,0
10721,6,샷 추가 (+1),500
10722,5,ICE,0
10722,3,Venti,1000
10723,5,ICE,0
10723,1,Tall,0
10723,6,샷 추가 (+1),500
10723,9,카라멜 시럽,300
10724,4,HOT,0
10724,2,Grande,500
10725,4,HOT,0
10725,3,Venti,1000
10725,6,샷 추가 (+1),500
10726,4,HOT,0
10726,1,Tall,0
10726,6,샷 추가 (+1),500
10727,5,ICE,0
10727,2,Grande,500
10727,12,덜 달게,0
10727,6,샷 추가 (+1),500
10728,5,ICE,0
10728,2,Grande,500
10728,8,헤이즐넛 시럽,300
10729,4,HOT,0
10729,2,Grande,500
10729,13,더 달게,0
10729,6,샷 추가 (+1),500
10730,5,ICE,0
10730,2,Grande,500
10730,7,바닐라 시럽,300
10731,4,HOT,0
10731,2,Grande,500
10731,11,기본,0
10732,5,ICE,0
10732,3,Venti,1000
10733,4,HOT,0
10733,2,Grande,500
10733,11,기본,0
10733,8,헤이즐넛 시럽,300
10734,4,HOT,0
10734,1,Tall,0
10734,11,기본,0
10734,7,바닐라 시럽,300
10734,10,휘핑크림 추가,500
10735,4,HOT,0
10735,1,Tall,0
10735,6,샷 추가 (+1),500
10736,5,ICE,0
10736,1,Tall,0
10736,6,샷 추가 (+1),500
10737,5,ICE,0
10737,3,Venti,1000
10737,11,기본,0
10738,4,HOT,0
10738,2,Grande,500
10738,13,더 달게,0
10739,4,HOT,0
10739,3,Venti,1000
10739,6,샷 추가 (+1),500
10740,5,ICE,0
10740,2,Grande,500
10740,13,더 달게,0
10740,6,샷 추가 (+1),500
10741,4,HOT,0
10741,2,Grande,500
10742,4,HOT,0
10742,1,Tall,0
10742,13,더 달게,0
10743,4,HOT,0
10743,1,Tall,0
10743,13,더 달게,0
10744,4,HOT,0
10744,2,Grande,500
10744,11,기본,0
10745,5,ICE,0
10745,3,Venti,1000
10745,9,카라멜 시럽,300
10746,4,HOT,0
10746,1,Tall,0
10746,11,기본,0
10747,4,HOT,0
10747,2,Grande,500
10747,10,휘핑크림 추가,500
10748,5,ICE,0
10748,1,Tall,0
10748,6,샷 추가 (+1),500
10748,9,카라멜 시럽,300
10749,5,ICE,0
10749,3,Venti,1000
10749,13,더 달게,0
10750,5,ICE,0
10750,3,Venti,1000
10751,4,HOT,0
10751,3,Venti,1000
10751,11,기본,0
10751,10,휘핑크림 추가,500
10752,5,ICE,0
10752,3,Venti,1000
10752,10,휘핑크림 추가,500
10753,4,HOT,0
10753,1,Tall,0
10753,11,기본,0
10753,6,샷 추가 (+1),500
10754,5,ICE,0
10754,2,Grande,500
10754,8,헤이즐넛 시럽,300
10755,4,HOT,0
10755,1,Tall,0
10755,6,샷 추가 (+1),500
10756,5,ICE,0
10756,1,Tall,0
10756,6,샷 추가 (+1),500
10757,5,ICE,0
10757,3,Venti,1000
10757,12,덜 달게,0
10757,8,헤이즐넛 시럽,300
10758,4,HOT,0
10758,3,Venti,1000
10758,11,기본,0
10758,7,바닐라 시럽,300
10759,4,HOT,0
10759,1,Tall,0
10759,9,카라멜 시럽,300
10760,4,HOT,0
10760,3,Venti,1000
10760,11,기본,0
10760,6,샷 추가 (+1),500
10760,7,바닐라 시럽,300
10761,5,ICE,0
10761,1,Tall,0
10761,6,샷 추가 (+1),500
10762,4,HOT,0
10762,1,Tall,0
10762,11,기본,0
10763,4,HOT,0
10763,2,Grande,500
10763,11,기본,0
10763,10,휘핑크림 추가,500
10764,5,ICE,0
10764,3,Venti,1000
10765,4,HOT,0
10765,1,Tall,0
10765,11,기본,0
10765,8,헤이즐넛 시럽,300
10765,10,휘핑크림 추가,500
10766,5,ICE,0
10766,2,Grande,500
10767,4,HOT,0
10767,1,Tall,0
10767,9,카라멜 시럽,300
10768,4,HOT,0
10768,3,Venti,1000
10768,6,샷 추가 (+1),500
10769,5,ICE,0
10769,3,Venti,1000
10769,12,덜 달게,0
10770,5,ICE,0
10770,2,Grande,500
10770,12,덜 달게,0
10770,7,바닐라 시럽,300
10771,4,HOT,0
10771,2,Grande,500
10772,4,HOT,0
10772,2,Grande,500
10772,11,기본,0
10773,5,ICE,0
10773,2,Grande,500
10773,12,덜 달게,0
10774,4,HOT,0
10774,2,Grande,500
10774,12,덜 달게,0
10775,4,HOT,0
10775,1,Tall,0
10775,12,덜 달게,0
10776,4,HOT,0
10776,1,Tall,0
10776,13,더 달게,0
10777,5,ICE,0
10777,1,Tall,0
10777,11,기본,0
10777,6,샷 추가 (+1),500
10778,5,ICE,0
10778,2,Grande,500
10778,12,덜 달게,0
10779,5,ICE,0
10779,2,Grande,500
10780,5,ICE,0
10780,2,Grande,500
10781,4,HOT,0
10781,1,Tall,0
10781,9,카라멜 시럽,300
10782,4,HOT,0
10782,2,Grande,500
10782,9,카라멜 시럽,300
10783,5,ICE,0
10783,2,Grande,500
10783,12,덜 달게,0
10784,4,HOT,0
10784,1,Tall,0
10784,8,헤이즐넛 시럽,300
10785,4,HOT,0
10785,1,Tall,0
10785,7,바닐라 시럽,300
10786,4,HOT,0
10786,3,Venti,1000
10786,6,샷 추가 (+1),500
10787,4,HOT,0
10787,2,Grande,500
10787,12,덜 달게,0
10787,6,샷 추가 (+1),500
10787,9,카라멜 시럽,300
10788,4,HOT,0
10788,1,Tall,0
10788,12,덜 달게,0
10788,6,샷 추가 (+1),500
10788,10,휘핑크림 추가,500
10789,4,HOT,0
10789,3,Venti,1000
10790,4,HOT,0
10790,1,Tall,0
10790,11,기본,0
10791,5,ICE,0
10791,1,Tall,0
10791,13,더 달게,0
10791,6,샷 추가 (+1),500
10792,5,ICE,0
10792,2,Grande,500
10792,9,카라멜 시럽,300
10793,4,HOT,0
10793,1,Tall,0
10793,8,헤이즐넛 시럽,300
10794,5,ICE,0
10794,2,Grande,500
10794,12,덜 달게,0
10795,5,ICE,0
10795,1,Tall,0
10795,11,기본,0
10795,6,샷 추가 (+1),500
10796,5,ICE,0
10796,2,Grande,500
10797,5,ICE,0
10797,3,Venti,1000
10797,12,덜 달게,0
10797,6,샷 추가 (+1),500
10797,8,헤이즐넛 시럽,300
10798,4,HOT,0
10798,2,Grande,500
10798,13,더 달게,0
10799,5,ICE,0
10799,1,Tall,0
10799,6,샷 추가 (+1),500
10800,5,ICE,0
10800,2,Grande,500
10801,4,HOT,0
10801,2,Grande,500
10802,4,HOT,0
10802,1,Tall,0
10802,11,기본,0
10802,6,샷 추가 (+1),500
10803,5,ICE,0
10803,1,Tall,0
10803,13,더 달게,0
10804,5,ICE,0
10804,1,Tall,0
10804,11,기본,0
10804,6,샷 추가 (+1),500
10805,4,HOT,0
10805,3,Venti,1000
10805,12,덜 달게,0
10806,5,ICE,0
10806,1,Tall,0
10806,11,기본,0
10806,6,샷 추가 (+1),500
10807,4,HOT,0
10807,2,Grande,500
10807,11,기본,0
10807,6,샷 추가 (+1),500
10807,10,휘핑크림 추가,500
10808,5,ICE,0
10808,1,Tall,0
10808,10,휘핑크림 추가,500
10809,4,HOT,0
10809,2,Grande,500
10810,5,ICE,0
10810,1,Tall,0
10810,6,샷 추가 (+1),500
10811,5,ICE,0
10811,2,Grande,500
10811,11,기본,0
10811,7,바닐라 시럽,300
10812,5,ICE,0
10812,2,Grande,500
10812,11,기본,0
10813,5,ICE,0
10813,1,Tall,0
10814,5,ICE,0
10814,1,Tall,0
10814,11,기본,0
10815,5,ICE,0
10815,1,Tall,0
10816,5,ICE,0
10816,1,Tall,0
10816,7,바닐라 시럽,300
10817,4,HOT,0
10817,3,Venti,1000
10817,12,덜 달게,0
10818,4,HOT,0
10818,3,Venti,1000
10818,6,샷 추가 (+1),500
10819,5,ICE,0
10819,1,Tall,0
10820,5,ICE,0
10820,2,Grande,500
10820,6,샷 추가 (+1),500
10821,4,HOT,0
10821,1,Tall,0
10821,6,샷 추가 (+1),500
10822,5,ICE,0
10822,1,Tall,0
10822,10,휘핑크림 추가,500
10823,5,ICE,0
10823,1,Tall,0
10823,7,바닐라 시럽,300
10824,5,ICE,0
10824,1,Tall,0
10825,4,HOT,0
10825,3,Venti,1000
10826,5,ICE,0
10826,3,Venti,1000
10826,12,덜 달게,0
10826,6,샷 추가 (+1),500
10826,8,헤이즐넛 시럽,300
10826,10,휘핑크림 추가,500
10827,4,HOT,0
10827,1,Tall,0
10828,5,ICE,0
10828,2,Grande,500
10828,6,샷 추가 (+1),500
10829,5,ICE,0
10829,3,Venti,1000
10829,11,기본,0
10830,4,HOT,0
10830,2,Grande,500
10830,11,기본,0
10831,5,ICE,0
10831,2,Grande,500
10831,11,기본,0
10831,8,헤이즐넛 시럽,300
10832,4,HOT,0
10832,2,Grande,500
10833,5,ICE,0
10833,1,Tall,0
10833,12,덜 달게,0
10834,4,HOT,0
10834,2,Grande,500
10834,12,덜 달게,0
10834,6,샷 추가 (+1),500
10835,4,HOT,0
10835,1,Tall,0
10836,4,HOT,0
10836,1,Tall,0
10837,5,ICE,0
10837,2,Grande,500
10837,6,샷 추가 (+1),500
10838,4,HOT,0
10838,2,Grande,500
10838,6,샷 추가 (+1),500
10838,10,휘핑크림 추가,500
10839,5,ICE,0
10839,2,Grande,500
10840,4,HOT,0
10840,3,Venti,1000
10840,13,더 달게,0
10840,10,휘핑크림 추가,500
10841,5,ICE,0
10841,2,Grande,500
10841,11,기본,0
10842,4,HOT,0
10842,2,Grande,500
10842,11,기본,0
10843,4,HOT,0
10843,1,Tall,0
10843,12,덜 달게,0
10843,6,샷 추가 (+1),500
10844,5,ICE,0
10844,1,Tall,0
10844,13,더 달게,0
10845,4,HOT,0
10845,1,Tall,0
10845,8,헤이즐넛 시럽,300
10846,4,HOT,0
10846,2,Grande,500
10846,13,더 달게,0
10847,4,HOT,0
10847,1,Tall,0
10848,4,HOT,0
10848,1,Tall,0
10848,11,기본,0
10849,5,ICE,0
10849,3,Venti,1000
10849,10,휘핑크림 추가,500
10850,5,ICE,0
10850,2,Grande,500
10850,6,샷 추가 (+1),500
10851,4,HOT,0
10851,3,Venti,1000
10851,12,덜 달게,0
10851,6,샷 추가 (+1),500
10851,8,헤이즐넛 시럽,300
10852,4,HOT,0
10852,2,Grande,500
10852,13,더 달게,0
10853,5,ICE,0
10853,1,Tall,0
10853,12,덜 달게,0
10854,5,ICE,0
10854,1,Tall,0
10854,6,샷 추가 (+1),500
10855,5,ICE,0
10855,2,Grande,500
10855,13,더 달게,0
10855,6,샷 추가 (+1),500
10856,5,ICE,0
10856,2,Grande,500
10856,10,휘핑크림 추가,500
10857,4,HOT,0
10857,1,Tall,0
10857,6,샷 추가 (+1),500
10857,9,카라멜 시럽,300
10858,4,HOT,0
10858,1,Tall,0
10858,7,바닐라 시럽,300
10859,4,HOT,0
10859,2,Grande,500
10859,6,샷 추가 (+1),500
10860,4,HOT,0
10860,2,Grande,500
10860,11,기본,0
10861,5,ICE,0
10861,1,Tall,0
10861,10,휘핑크림 추가,500
10862,4,HOT,0
10862,1,Tall,0
10863,4,HOT,0
10863,1,Tall,0
10863,6,샷 추가 (+1),500
10864,4,HOT,0
10864,3,Venti,1000
10864,11,기본,0
10865,4,HOT,0
10865,3,Venti,1000
10866,4,HOT,0
10866,2,Grande,500
10866,13,더 달게,0
10867,4,HOT,0
10867,1,Tall,0
10868,5,ICE,0
10868,1,Tall,0
10868,11,기본,0
10869,5,ICE,0
10869,1,Tall,0
10869,11,기본,0
10870,4,HOT,0
10870,1,Tall,0
10871,4,HOT,0
10871,2,Grande,500
10871,6,샷 추가 (+1),500
10872,5,ICE,0
10872,2,Grande,500
10872,11,기본,0
10873,4,HOT,0
10873,1,Tall,0
10874,4,HOT,0
10874,2,Grande,500
10874,13,더 달게,0
10875,4,HOT,0
10875,2,Grande,500
10875,6,샷 추가 (+1),500
10876,5,ICE,0
10876,1,Tall,0
10877,4,HOT,0
10877,1,Tall,0
10877,11,기본,0
10877,6,샷 추가 (+1),500
10878,4,HOT,0
10878,3,Venti,1000
10878,11,기본,0
10879,4,HOT,0
10879,1,Tall,0
10879,11,기본,0
10879,8,헤이즐넛 시럽,300
10880,4,HOT,0
10880,2,Grande,500
10881,5,ICE,0
10881,2,Grande,500
10881,13,더 달게,0
10881,7,바닐라 시럽,300
10882,4,HOT,0
10882,2,Grande,500
10883,5,ICE,0
10883,1,Tall,0
10883,11,기본,0
10884,5,ICE,0
10884,1,Tall,0
10885,4,HOT,0
10885,1,Tall,0
10885,12,덜 달게,0
10885,6,샷 추가 (+1),500
10886,4,HOT,0
10886,3,Venti,1000
10886,8,헤이즐넛 시럽,300
10887,4,HOT,0
10887,2,Grande,500
10888,4,HOT,0
10888,3,Venti,1000
10888,11,기본,0
10888,6,샷 추가 (+1),500
10888,9,카라멜 시럽,300
10889,4,HOT,0
10889,1,Tall,0
10889,6,샷 추가 (+1),500
10890,4,HOT,0
10890,1,Tall,0
10890,7,바닐라 시럽,300
10891,4,HOT,0
10891,1,Tall,0
10891,9,카라멜 시럽,300
10892,5,ICE,0
10892,3,Venti,1000
10892,6,샷 추가 (+1),500
10893,4,HOT,0
10893,2,Grande,500
10893,12,덜 달게,0
10894,4,HOT,0
10894,1,Tall,0
10894,11,기본,0
10894,6,샷 추가 (+1),500
10895,4,HOT,0
10895,3,Venti,1000
10895,12,덜 달게,0
10895,6,샷 추가 (+1),500
10896,4,HOT,0
10896,1,Tall,0
10897,5,ICE,0
10897,2,Grande,500
10897,12,덜 달게,0
10898,4,HOT,0
10898,3,Venti,1000
10898,12,덜 달게,0
10899,5,ICE,0
10899,2,Grande,500
10900,5,ICE,0
10900,3,Venti,1000
10900,13,더 달게,0
10900,6,샷 추가 (+1),500
10901,4,HOT,0
10901,2,Grande,500
10902,4,HOT,0
10902,3,Venti,1000
10902,11,기본,0
10903,4,HOT,0
10903,3,Venti,1000
10903,11,기본,0
10903,6,샷 추가 (+1),500
10904,4,HOT,0
10904,3,Venti,1000
10905,4,HOT,0
10905,1,Tall,0
10905,11,기본,0
10906,4,HOT,0
10906,2,Grande,500
10906,7,바닐라 시럽,300
10907,4,HOT,0
10907,1,Tall,0
10907,11,기본,0
10907,7,바닐라 시럽,300
10908,4,HOT,0
10908,2,Grande,500
10908,11,기본,0
10909,4,HOT,0
10909,1,Tall,0
10909,13,더 달게,0
10909,6,샷 추가 (+1),500
10909,7,바닐라 시럽,300
10910,4,HOT,0
10910,2,Grande,500
10911,4,HOT,0
10911,1,Tall,0
10911,12,덜 달게,0
10911,6,샷 추가 (+1),500
10911,9,카라멜 시럽,300
10912,5,ICE,0
10912,1,Tall,0
10912,6,샷 추가 (+1),500
10912,8,헤이즐넛 시럽,300
10913,4,HOT,0
10913,2,Grande,500
10913,11,기본,0
10914,5,ICE,0
10914,2,Grande,500
10914,11,기본,0
10915,5,ICE,0
10915,1,Tall,0
10916,5,ICE,0
10916,3,Venti,1000
10916,11,기본,0
10916,10,휘핑크림 추가,500
10917,4,HOT,0
10917,2,Grande,500
10917,11,기본,0
10917,7,바닐라 시럽,300
10918,5,ICE,0
10918,1,Tall,0
10918,12,덜 달게,0
10919,4,HOT,0
10919,2,Grande,500
10919,11,기본,0
10919,10,휘핑크림 추가,500
10920,4,HOT,0
10920,1,Tall,0
10920,13,더 달게,0
10921,4,HOT,0
10921,2,Grande,500
10921,6,샷 추가 (+1),500
10922,4,HOT,0
10922,2,Grande,500
10922,7,바닐라 시럽,300
10923,5,ICE,0
10923,1,Tall,0
10923,7,바닐라 시럽,300
10924,4,HOT,0
10924,1,Tall,0
10924,11,기본,0
10924,6,샷 추가 (+1),500
10924,10,휘핑크림 추가,500
10925,4,HOT,0
10925,3,Venti,1000
10925,11,기본,0
10926,4,HOT,0
10926,2,Grande,500
10926,13,더 달게,0
10926,6,샷 추가 (+1),500
10927,4,HOT,0
10927,1,Tall,0
10927,11,기본,0
10928,4,HOT,0
10928,2,Grande,500
10928,11,기본,0
10929,5,ICE,0
10929,1,Tall,0
10930,4,HOT,0
10930,3,Venti,1000
10930,6,샷 추가 (+1),500
10930,10,휘핑크림 추가,500
10931,4,HOT,0
10931,1,Tall,0
10931,13,더 달게,0
10932,4,HOT,0
10932,3,Venti,1000
10932,11,기본,0
10933,4,HOT,0
10933,2,Grande,500
10933,13,더 달게,0
10933,6,샷 추가 (+1),500
10933,10,휘핑크림 추가,500
10934,5,ICE,0
10934,2,Grande,500
10934,12,덜 달게,0
10934,10,휘핑크림 추가,500
10935,4,HOT,0
10935,1,Tall,0
10935,13,더 달게,0
10936,5,ICE,0
10936,1,Tall,0
10936,13,더 달게,0
10937,4,HOT,0
10937,2,Grande,500
10937,11,기본,0
10937,6,샷 추가 (+1),500
10938,5,ICE,0
10938,2,Grande,500
10938,9,카라멜 시럽,300
10939,5,ICE,0
10939,1,Tall,0
10939,11,기본,0
10940,5,ICE,0
10940,2,Grande,500
10940,8,헤이즐넛 시럽,300
10941,4,HOT,0
10941,1,Tall,0
10941,6,샷 추가 (+1),500
10942,4,HOT,0
10942,2,Grande,500
10942,11,기본,0
10942,6,샷 추가 (+1),500
10943,4,HOT,0
10943,1,Tall,0
10944,5,ICE,0
10944,1,Tall,0
10944,13,더 달게,0
10945,5,ICE,0
10945,2,Grande,500
10945,11,기본,0
10945,6,샷 추가 (+1),500
10946,4,HOT,0
10946,2,Grande,500
10946,13,더 달게,0
10947,5,ICE,0
10947,1,Tall,0
10947,12,덜 달게,0
10947,8,헤이즐넛 시럽,300
10948,4,HOT,0
10948,1,Tall,0
10948,9,카라멜 시럽,300
10949,5,ICE,0
10949,2,Grande,500
10949,11,기본,0
10950,4,HOT,0
10950,2,Grande,500
10950,11,기본,0
10950,9,카라멜 시럽,300
10951,4,HOT,0
10951,3,Venti,1000
10951,6,샷 추가 (+1),500
10952,5,ICE,0
10952,2,Grande,500
10953,4,HOT,0
10953,2,Grande,500
10953,12,덜 달게,0
10953,7,바닐라 시럽,300
10954,5,ICE,0
10954,3,Venti,1000
10955,4,HOT,0
10955,3,Venti,1000
10955,13,더 달게,0
10955,6,샷 추가 (+1),500
10956,5,ICE,0
10956,1,Tall,0
10956,13,더 달게,0
10956,6,샷 추가 (+1),500
10957,5,ICE,0
10957,1,Tall,0
10957,11,기본,0
10957,6,샷 추가 (+1),500
10958,4,HOT,0
10958,1,Tall,0
10958,13,더 달게,0
10958,6,샷 추가 (+1),500
10959,4,HOT,0
10959,2,Grande,500
10959,11,기본,0
10960,5,ICE,0
10960,2,Grande,500
10961,5,ICE,0
10961,3,Venti,1000
10961,11,기본,0
10961,10,휘핑크림 추가,500
10962,4,HOT,0
10962,3,Venti,1000
10962,9,카라멜 시럽,300
10963,4,HOT,0
10963,1,Tall,0
10964,4,HOT,0
10964,2,Grande,500
10964,13,더 달게,0
10964,6,샷 추가 (+1),500
10965,5,ICE,0
10965,1,Tall,0
10965,11,기본,0
10966,5,ICE,0
10966,2,Grande,500
10966,13,더 달게,0
10967,4,HOT,0
10967,3,Venti,1000
10967,11,기본,0
10967,6,샷 추가 (+1),500
10968,4,HOT,0
10968,2,Grande,500
10969,5,ICE,0
10969,2,Grande,500
10969,13,더 달게,0
10970,4,HOT,0
10970,1,Tall,0
10970,11,기본,0
10971,4,HOT,0
10971,1,Tall,0
10971,11,기본,0
10972,4,HOT,0
10972,1,Tall,0
10972,12,덜 달게,0
10973,5,ICE,0
10973,1,Tall,0
10973,11,기본,0
10973,9,카라멜 시럽,300
10974,4,HOT,0
10974,1,Tall,0
10974,11,기본,0
10975,4,HOT,0
10975,2,Grande,500
10976,4,HOT,0
10976,2,Grande,500
10976,13,더 달게,0
10976,6,샷 추가 (+1),500
10977,4,HOT,0
10977,1,Tall,0
10977,11,기본,0
10977,6,샷 추가 (+1),500
10978,4,HOT,0
10978,2,Grande,500
10979,4,HOT,0
10979,2,Grande,500
10979,11,기본,0
10980,5,ICE,0
10980,2,Grande,500
10981,5,ICE,0
10981,2,Grande,500
10981,13,더 달게,0
10982,4,HOT,0
10982,1,Tall,0
10982,6,샷 추가 (+1),500
10982,9,카라멜 시럽,300
10983,4,HOT,0
10983,2,Grande,500
10983,12,덜 달게,0
10984,4,HOT,0
10984,1,Tall,0
10984,12,덜 달게,0
10984,6,샷 추가 (+1),500
10985,5,ICE,0
10985,2,Grande,500
10985,11,기본,0
10986,4,HOT,0
10986,2,Grande,500
10987,4,HOT,0
10987,2,Grande,500
10987,11,기본,0
10987,6,샷 추가 (+1),500
10988,4,HOT,0
10988,2,Grande,500
10988,7,바닐라 시럽,300
10989,5,ICE,0
10989,1,Tall,0
10989,6,샷 추가 (+1),500
10990,5,ICE,0
10990,1,Tall,0
10990,13,더 달게,0
10990,6,샷 추가 (+1),500
10991,4,HOT,0
10991,1,Tall,0
10991,13,더 달게,0
10991,9,카라멜 시럽,300
10992,4,HOT,0
10992,1,Tall,0
10992,13,더 달게,0
10992,6,샷 추가 (+1),500
10993,5,ICE,0
10993,2,Grande,500
10993,11,기본,0
10993,6,샷 추가 (+1),500
10994,4,HOT,0
10994,2,Grande,500
10994,6,샷 추가 (+1),500
10995,4,HOT,0
10995,3,Venti,1000
10995,6,샷 추가 (+1),500
10996,5,ICE,0
10996,2,Grande,500
10996,13,더 달게,0
10997,4,HOT,0
10997,2,Grande,500
10997,13,더 달게,0
10998,5,ICE,0
10998,2,Grande,500
10999,5,ICE,0
10999,3,Venti,1000
10999,11,기본,0
11000,4,HOT,0
11000,2,Grande,500
11000,11,기본,0
11000,6,샷 추가 (+1),500
11000,9,카라멜 시럽,300
11001,5,ICE,0
11001,1,Tall,0
11001,13,더 달게,0
11002,4,HOT,0
11002,3,Venti,1000
11003,4,HOT,0
11003,1,Tall,0
11004,4,HOT,0
11004,2,Grande,500
11005,4,HOT,0
11005,3,Venti,1000
11005,6,샷 추가 (+1),500
11005,9,카라멜 시럽,300
11006,4,HOT,0
11006,1,Tall,0
11007,4,HOT,0
11007,1,Tall,0
11008,4,HOT,0
11008,2,Grande,500
11008,13,더 달게,0
11008,6,샷 추가 (+1),500
11008,9,카라멜 시럽,300
11008,10,휘핑크림 추가,500
11009,4,HOT,0
11009,2,Grande,500
11009,11,기본,0
11009,6,샷 추가 (+1),500
11010,5,ICE,0
11010,3,Venti,1000
11010,11,기본,0
11011,5,ICE,0
11011,2,Grande,500
11011,8,헤이즐넛 시럽,300
11011,10,휘핑크림 추가,500
11012,4,HOT,0
11012,1,Tall,0
11012,11,기본,0
11012,6,샷 추가 (+1),500
11013,5,ICE,0
11013,2,Grande,500
11013,10,휘핑크림 추가,500
11014,5,ICE,0
11014,1,Tall,0
11014,6,샷 추가 (+1),500
11015,4,HOT,0
11015,2,Grande,500
11015,12,덜 달게,0
11015,8,헤이즐넛 시럽,300
11016,5,ICE,0
11016,3,Venti,1000
11016,13,더 달게,0
11017,5,ICE,0
11017,2,Grande,500
11017,6,샷 추가 (+1),500
11018,4,HOT,0
11018,2,Grande,500
11018,6,샷 추가 (+1),500
11019,5,ICE,0
11019,1,Tall,0
11019,10,휘핑크림 추가,500
11020,4,HOT,0
11020,1,Tall,0
11020,6,샷 추가 (+1),500
11021,5,ICE,0
11021,3,Venti,1000
11021,11,기본,0
11021,6,샷 추가 (+1),500
11021,10,휘핑크림 추가,500
11022,4,HOT,0
11022,2,Grande,500
11022,13,더 달게,0
11023,4,HOT,0
11023,2,Grande,500
11023,6,샷 추가 (+1),500
11024,4,HOT,0
11024,2,Grande,500
11024,13,더 달게,0
11024,6,샷 추가 (+1),500
11024,8,헤이즐넛 시럽,300
11025,4,HOT,0
11025,2,Grande,500
11026,5,ICE,0
11026,1,Tall,0
11026,11,기본,0
11027,4,HOT,0
11027,3,Venti,1000
11027,11,기본,0
11028,4,HOT,0
11028,3,Venti,1000
11028,6,샷 추가 (+1),500
11029,4,HOT,0
11029,1,Tall,0
11029,6,샷 추가 (+1),500
11029,7,바닐라 시럽,300
11030,4,HOT,0
11030,1,Tall,0
11031,4,HOT,0
11031,1,Tall,0
11031,11,기본,0
11032,4,HOT,0
11032,1,Tall,0
11032,6,샷 추가 (+1),500
11032,8,헤이즐넛 시럽,300
11033,4,HOT,0
11033,2,Grande,500
11033,11,기본,0
11033,7,바닐라 시럽,300
11033,10,휘핑크림 추가,500
11034,5,ICE,0
11034,2,Grande,500
11034,11,기본,0
11034,10,휘핑크림 추가,500
11035,4,HOT,0
11035,1,Tall,0
11035,6,샷 추가 (+1),500
11036,5,ICE,0
11036,1,Tall,0
11037,5,ICE,0
11037,2,Grande,500
11037,11,기본,0
11038,4,HOT,0
11038,3,Venti,1000
11038,12,덜 달게,0
11038,8,헤이즐넛 시럽,300
11039,5,ICE,0
11039,1,Tall,0
11040,4,HOT,0
11040,2,Grande,500
11040,13,더 달게,0
11040,9,카라멜 시럽,300
11041,4,HOT,0
11041,1,Tall,0
11041,13,더 달게,0
11042,4,HOT,0
11042,2,Grande,500
11042,11,기본,0
11042,6,샷 추가 (+1),500
11043,4,HOT,0
11043,2,Grande,500
11043,7,바닐라 시럽,300
11044,4,HOT,0
11044,1,Tall,0
11044,11,기본,0
11045,4,HOT,0
11045,1,Tall,0
11046,4,HOT,0
11046,1,Tall,0
11046,11,기본,0
11047,4,HOT,0
11047,2,Grande,500
11048,4,HOT,0
11048,1,Tall,0
11049,5,ICE,0
11049,2,Grande,500
11049,11,기본,0
11049,6,샷 추가 (+1),500
11049,8,헤이즐넛 시럽,300
11050,5,ICE,0
11050,2,Grande,500
11050,11,기본,0
11050,6,샷 추가 (+1),500
11051,5,ICE,0
11051,2,Grande,500
11051,13,더 달게,0
11051,7,바닐라 시럽,300
11052,4,HOT,0
11052,1,Tall,0
11052,11,기본,0
11052,6,샷 추가 (+1),500
11053,5,ICE,0
11053,1,Tall,0
11053,11,기본,0
11054,5,ICE,0
11054,2,Grande,500
11054,12,덜 달게,0
11055,4,HOT,0
11055,2,Grande,500
11055,6,샷 추가 (+1),500
11055,10,휘핑크림 추가,500
11056,4,HOT,0
11056,1,Tall,0
11056,12,덜 달게,0
11057,4,HOT,0
11057,2,Grande,500
11057,13,더 달게,0
11058,5,ICE,0
11058,2,Grande,500
11058,9,카라멜 시럽,300
11059,5,ICE,0
11059,2,Grande,500
11059,6,샷 추가 (+1),500
11060,4,HOT,0
11060,2,Grande,500
11061,4,HOT,0
11061,1,Tall,0
11062,4,HOT,0
11062,1,Tall,0
11062,13,더 달게,0
11062,6,샷 추가 (+1),500
11062,9,카라멜 시럽,300
11063,5,ICE,0
11063,1,Tall,0
11063,12,덜 달게,0
11063,10,휘핑크림 추가,500
11064,4,HOT,0
11064,1,Tall,0
11064,11,기본,0
11064,6,샷 추가 (+1),500
11065,4,HOT,0
11065,2,Grande,500
11065,6,샷 추가 (+1),500
11066,4,HOT,0
11066,1,Tall,0
11066,12,덜 달게,0
11067,4,HOT,0
11067,2,Grande,500
11067,12,덜 달게,0
11068,4,HOT,0
11068,3,Venti,1000
11069,4,HOT,0
11069,1,Tall,0
11069,9,카라멜 시럽,300
11070,4,HOT,0
11070,2,Grande,500
11070,6,샷 추가 (+1),500
11070,9,카라멜 시럽,300
11070,10,휘핑크림 추가,500
11071,4,HOT,0
11071,3,Venti,1000
11071,11,기본,0
11072,4,HOT,0
11072,2,Grande,500
11073,4,HOT,0
11073,2,Grande,500
11073,12,덜 달게,0
11074,5,ICE,0
11074,1,Tall,0
11075,4,HOT,0
11075,1,Tall,0
11075,6,샷 추가 (+1),500
11075,8,헤이즐넛 시럽,300
11076,4,HOT,0
11076,3,Venti,1000
11077,4,HOT,0
11077,2,Grande,500
11077,10,휘핑크림 추가,500
11078,5,ICE,0
11078,1,Tall,0
11078,11,기본,0
11078,7,바닐라 시럽,300
11079,4,HOT,0
11079,3,Venti,1000
11079,9,카라멜 시럽,300
11080,5,ICE,0
11080,2,Grande,500
11080,11,기본,0
11080,10,휘핑크림 추가,500
11081,4,HOT,0
11081,2,Grande,500
11082,4,HOT,0
11082,3,Venti,1000
11082,10,휘핑크림 추가,500
11083,4,HOT,0
11083,2,Grande,500
11083,13,더 달게,0
11084,4,HOT,0
11084,1,Tall,0
11084,6,샷 추가 (+1),500
11085,4,HOT,0
11085,2,Grande,500
11085,13,더 달게,0
11086,5,ICE,0
11086,1,Tall,0
11086,11,기본,0
11087,4,HOT,0
11087,1,Tall,0
11087,9,카라멜 시럽,300
11088,4,HOT,0
11088,1,Tall,0
11088,11,기본,0
11089,5,ICE,0
11089,1,Tall,0
11089,6,샷 추가 (+1),500
11089,10,휘핑크림 추가,500
11090,4,HOT,0
11090,2,Grande,500
11090,13,더 달게,0
11091,5,ICE,0
11091,3,Venti,1000
11091,12,덜 달게,0
11091,9,카라멜 시럽,300
11092,4,HOT,0
11092,1,Tall,0
11092,11,기본,0
11093,4,HOT,0
11093,1,Tall,0
11093,11,기본,0
11093,6,샷 추가 (+1),500
11094,4,HOT,0
11094,1,Tall,0
11094,13,더 달게,0
11094,6,샷 추가 (+1),500
11095,5,ICE,0
11095,1,Tall,0
11095,12,덜 달게,0
11095,6,샷 추가 (+1),500
11096,4,HOT,0
11096,2,Grande,500
11096,11,기본,0
11097,5,ICE,0
11097,2,Grande,500
11097,11,기본,0
11098,4,HOT,0
11098,1,Tall,0
11098,13,더 달게,0
11098,7,바닐라 시럽,300
11099,4,HOT,0
11099,1,Tall,0
11099,11,기본,0
11099,6,샷 추가 (+1),500
11100,5,ICE,0
11100,2,Grande,500
11100,11,기본,0
11100,6,샷 추가 (+1),500
11100,7,바닐라 시럽,300
11101,5,ICE,0
11101,1,Tall,0
11101,7,바닐라 시럽,300
11102,4,HOT,0
11102,3,Venti,1000
11103,4,HOT,0
11103,1,Tall,0
11103,11,기본,0
11103,9,카라멜 시럽,300
11104,5,ICE,0
11104,3,Venti,1000
11104,12,덜 달게,0
11104,6,샷 추가 (+1),500
11105,5,ICE,0
11105,2,Grande,500
11105,13,더 달게,0
11106,5,ICE,0
11106,3,Venti,1000
11106,11,기본,0
11107,4,HOT,0
11107,1,Tall,0
11107,11,기본,0
11108,5,ICE,0
11108,2,Grande,500
11108,11,기본,0
11108,9,카라멜 시럽,300
11109,5,ICE,0
11109,1,Tall,0
11109,11,기본,0
11109,6,샷 추가 (+1),500
11110,4,HOT,0
11110,2,Grande,500
11110,6,샷 추가 (+1),500
11110,8,헤이즐넛 시럽,300
11111,4,HOT,0
11111,2,Grande,500
11111,6,샷 추가 (+1),500
11112,5,ICE,0
11112,2,Grande,500
11112,11,기본,0
11113,4,HOT,0
11113,1,Tall,0
11113,6,샷 추가 (+1),500
11114,4,HOT,0
11114,1,Tall,0
11114,12,덜 달게,0
11114,6,샷 추가 (+1),500
11115,5,ICE,0
11115,2,Grande,500
11115,6,샷 추가 (+1),500
11116,5,ICE,0
11116,2,Grande,500
11116,12,덜 달게,0
11116,10,휘핑크림 추가,500
11117,5,ICE,0
11117,2,Grande,500
11117,13,더 달게,0
11117,6,샷 추가 (+1),500
11118,4,HOT,0
11118,1,Tall,0
11118,12,덜 달게,0
11119,4,HOT,0
11119,1,Tall,0
11120,4,HOT,0
11120,2,Grande,500
11120,12,덜 달게,0
11120,6,샷 추가 (+1),500
11121,4,HOT,0
11121,3,Venti,1000
11121,13,더 달게,0
11121,6,샷 추가 (+1),500
11122,5,ICE,0
11122,3,Venti,1000
11122,12,덜 달게,0
11123,4,HOT,0
11123,1,Tall,0
11123,11,기본,0
11123,7,바닐라 시럽,300
11124,4,HOT,0
11124,1,Tall,0
11124,13,더 달게,0
11124,10,휘핑크림 추가,500
11125,4,HOT,0
11125,1,Tall,0
11125,13,더 달게,0
11125,10,휘핑크림 추가,500
11126,4,HOT,0
11126,1,Tall,0
11126,12,덜 달게,0
11127,5,ICE,0
11127,2,Grande,500
11128,5,ICE,0
11128,1,Tall,0
11129,4,HOT,0
11129,2,Grande,500
11130,5,ICE,0
11130,1,Tall,0
11130,13,더 달게,0
11130,6,샷 추가 (+1),500
11131,4,HOT,0
11131,1,Tall,0
11131,12,덜 달게,0
11131,7,바닐라 시럽,300
11132,4,HOT,0
11132,2,Grande,500
11132,11,기본,0
11133,4,HOT,0
11133,3,Venti,1000
11133,11,기본,0
11133,8,헤이즐넛 시럽,300
11134,4,HOT,0
11134,3,Venti,1000
11135,4,HOT,0
11135,2,Grande,500
11135,6,샷 추가 (+1),500
11135,9,카라멜 시럽,300
11135,10,휘핑크림 추가,500
11136,4,HOT,0
11136,1,Tall,0
11137,4,HOT,0
11137,1,Tall,0
11137,9,카라멜 시럽,300
11138,4,HOT,0
11138,2,Grande,500
11139,5,ICE,0
11139,2,Grande,500
11139,11,기본,0
11139,8,헤이즐넛 시럽,300
11140,5,ICE,0
11140,2,Grande,500
11141,4,HOT,0
11141,1,Tall,0
11142,5,ICE,0
11142,3,Venti,1000
11142,11,기본,0
11142,6,샷 추가 (+1),500
11143,5,ICE,0
11143,2,Grande,500
11143,11,기본,0
11143,6,샷 추가 (+1),500
11144,4,HOT,0
11144,2,Grande,500
11144,13,더 달게,0
11145,5,ICE,0
11145,1,Tall,0
11145,11,기본,0
11146,5,ICE,0
11146,2,Grande,500
11146,11,기본,0
11147,5,ICE,0
11147,1,Tall,0
11147,6,샷 추가 (+1),500
11148,4,HOT,0
11148,3,Venti,1000
11148,6,샷 추가 (+1),500
11148,10,휘핑크림 추가,500
11149,5,ICE,0
11149,3,Venti,1000
11150,4,HOT,0
11150,2,Grande,500
11150,9,카라멜 시럽,300
11151,4,HOT,0
11151,3,Venti,1000
11151,13,더 달게,0
11152,5,ICE,0
11152,1,Tall,0
11153,5,ICE,0
11153,1,Tall,0
11153,6,샷 추가 (+1),500
11154,5,ICE,0
11154,1,Tall,0
11154,6,샷 추가 (+1),500
11155,4,HOT,0
11155,2,Grande,500
11155,11,기본,0
11155,6,샷 추가 (+1),500
11156,4,HOT,0
11156,2,Grande,500
11156,11,기본,0
11157,4,HOT,0
11157,3,Venti,1000
11157,8,헤이즐넛 시럽,300
11158,4,HOT,0
11158,1,Tall,0
11158,12,덜 달게,0
11159,4,HOT,0
11159,3,Venti,1000
11159,12,덜 달게,0
11160,5,ICE,0
11160,3,Venti,1000
11160,11,기본,0
11160,8,헤이즐넛 시럽,300
11161,4,HOT,0
11161,3,Venti,1000
11161,11,기본,0
11161,6,샷 추가 (+1),500
11161,9,카라멜 시럽,300
11162,5,ICE,0
11162,1,Tall,0
11162,11,기본,0
11162,6,샷 추가 (+1),500
11163,4,HOT,0
11163,2,Grande,500
11163,11,기본,0
11164,5,ICE,0
11164,2,Grande,500
11164,11,기본,0
11165,4,HOT,0
11165,2,Grande,500
11166,5,ICE,0
11166,2,Grande,500
11166,11,기본,0
11166,6,샷 추가 (+1),500
11166,7,바닐라 시럽,300
11166,10,휘핑크림 추가,500
11167,4,HOT,0
11167,2,Grande,500
11167,13,더 달게,0
11167,6,샷 추가 (+1),500
11168,4,HOT,0
11168,2,Grande,500
11168,10,휘핑크림 추가,500
11169,5,ICE,0
11169,1,Tall,0
11169,11,기본,0
11170,4,HOT,0
11170,1,Tall,0
11170,11,기본,0
11171,4,HOT,0
11171,1,Tall,0
11171,13,더 달게,0
11171,6,샷 추가 (+1),500
11172,4,HOT,0
11172,1,Tall,0
11173,4,HOT,0
11173,1,Tall,0
11173,11,기본,0
11174,4,HOT,0
11174,1,Tall,0
11174,11,기본,0
11174,6,샷 추가 (+1),500
11175,5,ICE,0
11175,1,Tall,0
11175,11,기본,0
11175,6,샷 추가 (+1),500
11176,4,HOT,0
11176,3,Venti,1000
11177,5,ICE,0
11177,1,Tall,0
11178,5,ICE,0
11178,2,Grande,500
11178,12,덜 달게,0
11178,6,샷 추가 (+1),500
11178,7,바닐라 시럽,300
11179,5,ICE,0
11179,1,Tall,0
11179,6,샷 추가 (+1),500
11180,5,ICE,0
11180,2,Grande,500
11180,12,덜 달게,0
11181,5,ICE,0
11181,3,Venti,1000
11181,13,더 달게,0
11181,9,카라멜 시럽,300
11182,4,HOT,0
11182,1,Tall,0
11182,11,기본,0
11183,4,HOT,0
11183,2,Grande,500
11183,11,기본,0
11183,6,샷 추가 (+1),500
11184,5,ICE,0
11184,1,Tall,0
11184,12,덜 달게,0
11185,4,HOT,0
11185,2,Grande,500
11185,11,기본,0
11186,4,HOT,0
11186,2,Grande,500
11187,4,HOT,0
11187,1,Tall,0
11187,11,기본,0
11188,5,ICE,0
11188,3,Venti,1000
11188,11,기본,0
11189,5,ICE,0
11189,3,Venti,1000
11189,7,바닐라 시럽,300
11190,4,HOT,0
11190,3,Venti,1000
11190,12,덜 달게,0
11190,6,샷 추가 (+1),500
11191,5,ICE,0
11191,2,Grande,500
11191,12,덜 달게,0
11191,6,샷 추가 (+1),500
11191,8,헤이즐넛 시럽,300
11192,4,HOT,0
11192,2,Grande,500
11193,4,HOT,0
11193,2,Grande,500
11193,11,기본,0
11194,4,HOT,0
11194,1,Tall,0
11194,11,기본,0
11195,4,HOT,0
11195,2,Grande,500
11195,11,기본,0
11195,8,헤이즐넛 시럽,300
11196,4,HOT,0
11196,1,Tall,0
11196,11,기본,0
11196,6,샷 추가 (+1),500
11196,7,바닐라 시럽,300
11196,10,휘핑크림 추가,500
11197,5,ICE,0
11197,2,Grande,500
11197,11,기본,0
11197,6,샷 추가 (+1),500
11198,4,HOT,0
11198,1,Tall,0
11198,6,샷 추가 (+1),500
11198,9,카라멜 시럽,300
11199,5,ICE,0
11199,1,Tall,0
11199,13,더 달게,0
11200,5,ICE,0
11200,2,Grande,500
11200,13,더 달게,0
11200,6,샷 추가 (+1),500
11201,4,HOT,0
11201,2,Grande,500
11202,5,ICE,0
11202,2,Grande,500
11202,11,기본,0
11203,4,HOT,0
11203,3,Venti,1000
11203,13,더 달게,0
11203,6,샷 추가 (+1),500
11204,4,HOT,0
11204,1,Tall,0
11205,4,HOT,0
11205,2,Grande,500
11205,13,더 달게,0
11205,6,샷 추가 (+1),500
11206,4,HOT,0
11206,2,Grande,500
11206,8,헤이즐넛 시럽,300
11207,4,HOT,0
11207,3,Venti,1000
11207,7,바닐라 시럽,300
11208,4,HOT,0
11208,1,Tall,0
11208,12,덜 달게,0
11208,6,샷 추가 (+1),500
11209,4,HOT,0
11209,2,Grande,500
11209,11,기본,0
11210,5,ICE,0
11210,1,Tall,0
11210,11,기본,0
11210,9,카라멜 시럽,300
11211,5,ICE,0
11211,2,Grande,500
11211,13,더 달게,0
11212,4,HOT,0
11212,3,Venti,1000
11213,4,HOT,0
11213,3,Venti,1000
11213,11,기본,0
11213,6,샷 추가 (+1),500
11214,5,ICE,0
11214,1,Tall,0
11214,6,샷 추가 (+1),500
11215,4,HOT,0
11215,3,Venti,1000
11215,11,기본,0
11216,5,ICE,0
11216,1,Tall,0
11216,6,샷 추가 (+1),500
11217,4,HOT,0
11217,2,Grande,500
11218,5,ICE,0
11218,2,Grande,500
11219,5,ICE,0
11219,3,Venti,1000
11219,11,기본,0
11220,5,ICE,0
11220,2,Grande,500
11220,13,더 달게,0
11221,5,ICE,0
11221,2,Grande,500
11221,6,샷 추가 (+1),500
11221,7,바닐라 시럽,300
11222,4,HOT,0
11222,3,Venti,1000
11223,4,HOT,0
11223,2,Grande,500
11223,10,휘핑크림 추가,500
11224,4,HOT,0
11224,3,Venti,1000
11224,13,더 달게,0
11225,4,HOT,0
11225,2,Grande,500
11225,11,기본,0
11225,6,샷 추가 (+1),500
11226,4,HOT,0
11226,3,Venti,1000
11226,11,기본,0
11227,5,ICE,0
11227,2,Grande,500
11227,12,덜 달게,0
11228,4,HOT,0
11228,2,Grande,500
11229,5,ICE,0
11229,2,Grande,500
11229,11,기본,0
11229,7,바닐라 시럽,300
11230,5,ICE,0
11230,2,Grande,500
11230,11,기본,0
11230,6,샷 추가 (+1),500
11231,5,ICE,0
11231,1,Tall,0
11231,6,샷 추가 (+1),500
11231,8,헤이즐넛 시럽,300
11232,4,HOT,0
11232,3,Venti,1000
11232,12,덜 달게,0
11232,9,카라멜 시럽,300
11233,5,ICE,0
11233,1,Tall,0
11233,13,더 달게,0
11234,4,HOT,0
11234,1,Tall,0
11234,13,더 달게,0
11234,10,휘핑크림 추가,500
11235,5,ICE,0
11235,2,Grande,500
11235,11,기본,0
11236,5,ICE,0
11236,2,Grande,500
11236,13,더 달게,0
11237,5,ICE,0
11237,1,Tall,0
11237,7,바닐라 시럽,300
11237,10,휘핑크림 추가,500
11238,4,HOT,0
11238,3,Venti,1000
11238,12,덜 달게,0
11238,6,샷 추가 (+1),500
11238,10,휘핑크림 추가,500
11239,4,HOT,0
11239,2,Grande,500
11239,6,샷 추가 (+1),500
11240,5,ICE,0
11240,2,Grande,500
11240,11,기본,0
11240,10,휘핑크림 추가,500
11241,4,HOT,0
11241,2,Grande,500
11241,13,더 달게,0
11241,10,휘핑크림 추가,500
11242,4,HOT,0
11242,1,Tall,0
11242,12,덜 달게,0
11243,5,ICE,0
11243,2,Grande,500
11243,8,헤이즐넛 시럽,300
11244,4,HOT,0
11244,1,Tall,0
11244,11,기본,0
11244,6,샷 추가 (+1),500
11244,9,카라멜 시럽,300
11245,5,ICE,0
11245,3,Venti,1000
11245,11,기본,0
11246,4,HOT,0
11246,2,Grande,500
11246,11,기본,0
11247,5,ICE,0
11247,3,Venti,1000
11247,6,샷 추가 (+1),500
11247,10,휘핑크림 추가,500
11248,5,ICE,0
11248,3,Venti,1000
11248,12,덜 달게,0
11249,4,HOT,0
11249,2,Grande,500
11249,7,바닐라 시럽,300
11250,4,HOT,0
11250,1,Tall,0
11250,13,더 달게,0
11250,6,샷 추가 (+1),500
11251,4,HOT,0
11251,2,Grande,500
11251,13,더 달게,0
11252,5,ICE,0
11252,1,Tall,0
11252,11,기본,0
11252,6,샷 추가 (+1),500
11252,7,바닐라 시럽,300
11252,10,휘핑크림 추가,500
11253,4,HOT,0
11253,2,Grande,500
11253,11,기본,0
11254,5,ICE,0
11254,1,Tall,0
11254,11,기본,0
11255,4,HOT,0
11255,3,Venti,1000
11255,11,기본,0
11255,6,샷 추가 (+1),500
11256,5,ICE,0
11256,3,Venti,1000
11257,4,HOT,0
11257,1,Tall,0
11258,5,ICE,0
11258,2,Grande,500
11259,4,HOT,0
11259,2,Grande,500
11260,5,ICE,0
11260,1,Tall,0
11260,11,기본,0
11260,7,바닐라 시럽,300
11261,4,HOT,0
11261,3,Venti,1000
11262,5,ICE,0
11262,2,Grande,500
11262,11,기본,0
11263,4,HOT,0
11263,1,Tall,0
11263,12,덜 달게,0
11264,4,HOT,0
11264,2,Grande,500
11264,11,기본,0
11265,5,ICE,0
11265,1,Tall,0
11265,11,기본,0
11265,10,휘핑크림 추가,500
11266,5,ICE,0
11266,2,Grande,500
11266,11,기본,0
11267,4,HOT,0
11267,2,Grande,500
11267,12,덜 달게,0
11268,4,HOT,0
11268,2,Grande,500
11268,10,휘핑크림 추가,500
11269,5,ICE,0
11269,1,Tall,0
11269,13,더 달게,0
11270,4,HOT,0
11270,2,Grande,500
11270,6,샷 추가 (+1),500
11271,4,HOT,0
11271,1,Tall,0
11271,13,더 달게,0
11272,4,HOT,0
11272,2,Grande,500
11272,11,기본,0
11272,6,샷 추가 (+1),500
11273,4,HOT,0
11273,1,Tall,0
11273,11,기본,0
11274,4,HOT,0
11274,1,Tall,0
11274,8,헤이즐넛 시럽,300
11275,4,HOT,0
11275,1,Tall,0
11275,6,샷 추가 (+1),500
11276,4,HOT,0
11276,1,Tall,0
11276,13,더 달게,0
11276,6,샷 추가 (+1),500
11277,5,ICE,0
11277,2,Grande,500
11278,5,ICE,0
11278,2,Grande,500
11278,11,기본,0
11279,4,HOT,0
11279,1,Tall,0
11279,12,덜 달게,0
11280,4,HOT,0
11280,1,Tall,0
11281,4,HOT,0
11281,3,Venti,1000
11281,11,기본,0
11281,6,샷 추가 (+1),500
11282,4,HOT,0
11282,1,Tall,0
11283,5,ICE,0
11283,1,Tall,0
11283,6,샷 추가 (+1),500
11283,8,헤이즐넛 시럽,300
11284,4,HOT,0
11284,3,Venti,1000
11284,11,기본,0
11284,6,샷 추가 (+1),500
11285,5,ICE,0
11285,1,Tall,0
11286,5,ICE,0
11286,2,Grande,500
11287,5,ICE,0
11287,1,Tall,0
11287,6,샷 추가 (+1),500
11288,4,HOT,0
11288,3,Venti,1000
11288,12,덜 달게,0
11288,6,샷 추가 (+1),500
11289,5,ICE,0
11289,2,Grande,500
11289,11,기본,0
11289,6,샷 추가 (+1),500
11290,4,HOT,0
11290,2,Grande,500
11290,7,바닐라 시럽,300
11291,4,HOT,0
11291,1,Tall,0
11291,12,덜 달게,0
11291,6,샷 추가 (+1),500
11292,5,ICE,0
11292,1,Tall,0
11292,11,기본,0
11292,10,휘핑크림 추가,500
11293,5,ICE,0
11293,2,Grande,500
11293,13,더 달게,0
11293,6,샷 추가 (+1),500
11294,5,ICE,0
11294,2,Grande,500
11295,4,HOT,0
11295,2,Grande,500
11295,11,기본,0
11295,6,샷 추가 (+1),500
11296,5,ICE,0
11296,1,Tall,0
11297,4,HOT,0
11297,1,Tall,0
11297,9,카라멜 시럽,300
11298,5,ICE,0
11298,2,Grande,500
11298,11,기본,0
11298,6,샷 추가 (+1),500
11299,4,HOT,0
11299,3,Venti,1000
11299,12,덜 달게,0
11300,4,HOT,0
11300,3,Venti,1000
11300,13,더 달게,0
11301,5,ICE,0
11301,1,Tall,0
11301,11,기본,0
11302,5,ICE,0
11302,2,Grande,500
11303,4,HOT,0
11303,1,Tall,0
11304,4,HOT,0
11304,2,Grande,500
11305,5,ICE,0
11305,2,Grande,500
11305,11,기본,0
11306,5,ICE,0
11306,1,Tall,0
11307,5,ICE,0
11307,1,Tall,0
11307,11,기본,0
11307,10,휘핑크림 추가,500
11308,4,HOT,0
11308,2,Grande,500
11308,12,덜 달게,0
11308,6,샷 추가 (+1),500
11309,5,ICE,0
11309,3,Venti,1000
11309,11,기본,0
11309,6,샷 추가 (+1),500
11310,4,HOT,0
11310,2,Grande,500
11311,5,ICE,0
11311,1,Tall,0
11311,13,더 달게,0
11312,5,ICE,0
11312,2,Grande,500
11312,11,기본,0
11313,4,HOT,0
11313,2,Grande,500
11313,13,더 달게,0
11313,6,샷 추가 (+1),500
11314,4,HOT,0
11314,2,Grande,500
11315,4,HOT,0
11315,1,Tall,0
11316,5,ICE,0
11316,2,Grande,500
11316,13,더 달게,0
11317,5,ICE,0
11317,2,Grande,500
11317,6,샷 추가 (+1),500
11318,4,HOT,0
11318,1,Tall,0
11318,13,더 달게,0
11319,4,HOT,0
11319,1,Tall,0
11319,6,샷 추가 (+1),500
11320,4,HOT,0
11320,2,Grande,500
11321,4,HOT,0
11321,2,Grande,500
11321,12,덜 달게,0
11322,4,HOT,0
11322,1,Tall,0
11322,6,샷 추가 (+1),500
11323,4,HOT,0
11323,2,Grande,500
11323,13,더 달게,0
11324,4,HOT,0
11324,2,Grande,500
11324,11,기본,0
11324,7,바닐라 시럽,300
11325,5,ICE,0
11325,1,Tall,0
11325,11,기본,0
11326,5,ICE,0
11326,2,Grande,500
11326,12,덜 달게,0
11326,6,샷 추가 (+1),500
11327,5,ICE,0
11327,1,Tall,0
11327,12,덜 달게,0
11328,4,HOT,0
11328,2,Grande,500
11328,6,샷 추가 (+1),500
11329,5,ICE,0
11329,2,Grande,500
11330,4,HOT,0
11330,2,Grande,500
11330,12,덜 달게,0
11331,4,HOT,0
11331,2,Grande,500
11331,12,덜 달게,0
11331,6,샷 추가 (+1),500
11332,5,ICE,0
11332,2,Grande,500
11333,5,ICE,0
11333,1,Tall,0
11333,11,기본,0
11333,6,샷 추가 (+1),500
11334,4,HOT,0
11334,1,Tall,0
11334,13,더 달게,0
11334,10,휘핑크림 추가,500
11335,5,ICE,0
11335,3,Venti,1000
11335,11,기본,0
11336,5,ICE,0
11336,3,Venti,1000
11336,11,기본,0
11337,4,HOT,0
11337,1,Tall,0
11337,12,덜 달게,0
11338,4,HOT,0
11338,1,Tall,0
11339,4,HOT,0
11339,2,Grande,500
11340,5,ICE,0
11340,2,Grande,500
11340,10,휘핑크림 추가,500
11341,5,ICE,0
11341,1,Tall,0
11341,6,샷 추가 (+1),500
11342,4,HOT,0
11342,3,Venti,1000
11342,11,기본,0
11342,8,헤이즐넛 시럽,300
11343,4,HOT,0
11343,2,Grande,500
11344,4,HOT,0
11344,2,Grande,500
11345,4,HOT,0
11345,2,Grande,500
11346,4,HOT,0
11346,1,Tall,0
11346,11,기본,0
11346,6,샷 추가 (+1),500
11347,4,HOT,0
11347,1,Tall,0
11347,12,덜 달게,0
11348,4,HOT,0
11348,2,Grande,500
11348,13,더 달게,0
11348,7,바닐라 시럽,300
11348,10,휘핑크림 추가,500
11349,4,HOT,0
11349,1,Tall,0
11350,5,ICE,0
11350,2,Grande,500
11351,5,ICE,0
11351,1,Tall,0
11351,6,샷 추가 (+1),500
11352,4,HOT,0
11352,1,Tall,0
11352,11,기본,0
11353,5,ICE,0
11353,1,Tall,0
11354,4,HOT,0
11354,2,Grande,500
11355,5,ICE,0
11355,2,Grande,500
11355,7,바닐라 시럽,300
11356,4,HOT,0
11356,1,Tall,0
11356,11,기본,0
11356,9,카라멜 시럽,300
11357,5,ICE,0
11357,2,Grande,500
11357,11,기본,0
11357,7,바닐라 시럽,300
11358,4,HOT,0
11358,2,Grande,500
11359,4,HOT,0
11359,2,Grande,500
11359,6,샷 추가 (+1),500
11360,4,HOT,0
11360,1,Tall,0
11360,6,샷 추가 (+1),500
11360,10,휘핑크림 추가,500
11361,4,HOT,0
11361,1,Tall,0
11362,4,HOT,0
11362,3,Venti,1000
11362,11,기본,0
11363,5,ICE,0
11363,1,Tall,0
11363,12,덜 달게,0
11364,5,ICE,0
11364,2,Grande,500
11365,4,HOT,0
11365,3,Venti,1000
11365,8,헤이즐넛 시럽,300
11366,4,HOT,0
11366,1,Tall,0
11367,5,ICE,0
11367,2,Grande,500
11367,11,기본,0
11367,6,샷 추가 (+1),500
11367,8,헤이즐넛 시럽,300
11368,4,HOT,0
11368,2,Grande,500
11368,11,기본,0
11368,6,샷 추가 (+1),500
11369,5,ICE,0
11369,1,Tall,0
11370,4,HOT,0
11370,1,Tall,0
11371,4,HOT,0
11371,2,Grande,500
11372,4,HOT,0
11372,1,Tall,0
11372,11,기본,0
11372,10,휘핑크림 추가,500
11373,5,ICE,0
11373,2,Grande,500
11373,11,기본,0
11374,4,HOT,0
11374,3,Venti,1000
11374,12,덜 달게,0
11374,6,샷 추가 (+1),500
11375,4,HOT,0
11375,2,Grande,500
11375,13,더 달게,0
11375,10,휘핑크림 추가,500
11376,4,HOT,0
11376,1,Tall,0
11377,5,ICE,0
11377,2,Grande,500
11377,12,덜 달게,0
11378,4,HOT,0
11378,1,Tall,0
11378,11,기본,0
11378,7,바닐라 시럽,300
11379,5,ICE,0
11379,3,Venti,1000
11379,6,샷 추가 (+1),500
11380,4,HOT,0
11380,1,Tall,0
11380,11,기본,0
11381,4,HOT,0
11381,3,Venti,1000
11381,13,더 달게,0
11382,4,HOT,0
11382,2,Grande,500
11382,13,더 달게,0
11383,5,ICE,0
11383,1,Tall,0
11383,6,샷 추가 (+1),500
11384,4,HOT,0
11384,2,Grande,500
11384,11,기본,0
11385,4,HOT,0
11385,2,Grande,500
11385,12,덜 달게,0
11386,4,HOT,0
11386,1,Tall,0
11387,4,HOT,0
11387,1,Tall,0
11387,6,샷 추가 (+1),500
11388,4,HOT,0
11388,1,Tall,0
11388,11,기본,0
11388,6,샷 추가 (+1),500
11389,5,ICE,0
11389,3,Venti,1000
11389,11,기본,0
11389,6,샷 추가 (+1),500
11390,5,ICE,0
11390,2,Grande,500
11390,11,기본,0
11390,6,샷 추가 (+1),500
11391,4,HOT,0
11391,1,Tall,0
11391,6,샷 추가 (+1),500
11392,5,ICE,0
11392,1,Tall,0
11392,13,더 달게,0
11392,9,카라멜 시럽,300
11393,4,HOT,0
11393,3,Venti,1000
11393,13,더 달게,0
11393,8,헤이즐넛 시럽,300
11394,5,ICE,0
11394,3,Venti,1000
11394,11,기본,0
11395,4,HOT,0
11395,2,Grande,500
11395,11,기본,0
11395,6,샷 추가 (+1),500
11396,5,ICE,0
11396,3,Venti,1000
11397,5,ICE,0
11397,2,Grande,500
11398,4,HOT,0
11398,2,Grande,500
11398,11,기본,0
11398,6,샷 추가 (+1),500
11399,5,ICE,0
11399,3,Venti,1000
11399,11,기본,0
11400,5,ICE,0
11400,2,Grande,500
11400,11,기본,0
11400,6,샷 추가 (+1),500
11401,5,ICE,0
11401,2,Grande,500
11401,12,덜 달게,0
11401,8,헤이즐넛 시럽,300
11402,4,HOT,0
11402,3,Venti,1000
11403,4,HOT,0
11403,2,Grande,500
11403,12,덜 달게,0
11403,8,헤이즐넛 시럽,300
11404,4,HOT,0
11404,1,Tall,0
11404,11,기본,0
11405,4,HOT,0
11405,1,Tall,0
11406,4,HOT,0
11406,1,Tall,0
11407,4,HOT,0
11407,2,Grande,500
11407,11,기본,0
11408,4,HOT,0
11408,2,Grande,500
11408,8,헤이즐넛 시럽,300
11409,5,ICE,0
11409,1,Tall,0
11409,6,샷 추가 (+1),500
11410,5,ICE,0
11410,3,Venti,1000
11410,12,덜 달게,0
11410,10,휘핑크림 추가,500
11411,4,HOT,0
11411,2,Grande,500
11411,11,기본,0
11411,9,카라멜 시럽,300
11412,4,HOT,0
11412,1,Tall,0
11413,4,HOT,0
11413,3,Venti,1000
11413,6,샷 추가 (+1),500
11413,10,휘핑크림 추가,500
11414,5,ICE,0
11414,1,Tall,0
11414,11,기본,0
11414,6,샷 추가 (+1),500
11415,4,HOT,0
11415,3,Venti,1000
11415,11,기본,0
11416,4,HOT,0
11416,1,Tall,0
11416,13,더 달게,0
11417,4,HOT,0
11417,1,Tall,0
11417,11,기본,0
11417,9,카라멜 시럽,300
11418,4,HOT,0
11418,1,Tall,0
11418,7,바닐라 시럽,300
11419,5,ICE,0
11419,1,Tall,0
11419,13,더 달게,0
11419,6,샷 추가 (+1),500
11419,7,바닐라 시럽,300
11420,5,ICE,0
11420,2,Grande,500
11420,11,기본,0
11420,8,헤이즐넛 시럽,300
11421,4,HOT,0
11421,3,Venti,1000
11421,12,덜 달게,0
11422,4,HOT,0
11422,2,Grande,500
11422,12,덜 달게,0
11422,6,샷 추가 (+1),500
11423,4,HOT,0
11423,2,Grande,500
11423,12,덜 달게,0
11424,5,ICE,0
11424,2,Grande,500
11424,11,기본,0
11425,4,HOT,0
11425,1,Tall,0
11425,11,기본,0
11425,6,샷 추가 (+1),500
11425,10,휘핑크림 추가,500
11426,4,HOT,0
11426,3,Venti,1000
11426,11,기본,0
11427,4,HOT,0
11427,3,Venti,1000
11427,6,샷 추가 (+1),500
11427,10,휘핑크림 추가,500
11428,4,HOT,0
11428,2,Grande,500
11428,11,기본,0
11428,10,휘핑크림 추가,500
11429,4,HOT,0
11429,2,Grande,500
11430,4,HOT,0
11430,3,Venti,1000
11430,13,더 달게,0
11430,6,샷 추가 (+1),500
11431,5,ICE,0
11431,2,Grande,500
11431,11,기본,0
11431,6,샷 추가 (+1),500
11431,8,헤이즐넛 시럽,300
11432,5,ICE,0
11432,1,Tall,0
11433,4,HOT,0
11433,2,Grande,500
11433,11,기본,0
11434,5,ICE,0
11434,1,Tall,0
11435,4,HOT,0
11435,2,Grande,500
11435,11,기본,0
11435,10,휘핑크림 추가,500
11436,4,HOT,0
11436,1,Tall,0
11436,12,덜 달게,0
11436,6,샷 추가 (+1),500
11437,5,ICE,0
11437,1,Tall,0
11438,5,ICE,0
11438,2,Grande,500
11438,13,더 달게,0
11439,5,ICE,0
11439,1,Tall,0
11439,11,기본,0
11439,6,샷 추가 (+1),500
11440,4,HOT,0
11440,3,Venti,1000
11440,9,카라멜 시럽,300
11441,4,HOT,0
11441,3,Venti,1000
11441,13,더 달게,0
11442,5,ICE,0
11442,1,Tall,0
11442,11,기본,0
11442,6,샷 추가 (+1),500
11442,7,바닐라 시럽,300
11443,5,ICE,0
11443,1,Tall,0
11443,6,샷 추가 (+1),500
11444,4,HOT,0
11444,2,Grande,500
11444,11,기본,0
11445,4,HOT,0
11445,2,Grande,500
11445,11,기본,0
11445,6,샷 추가 (+1),500
11446,4,HOT,0
11446,3,Venti,1000
11446,13,더 달게,0
11447,5,ICE,0
11447,2,Grande,500
11447,11,기본,0
11447,8,헤이즐넛 시럽,300
11448,4,HOT,0
11448,1,Tall,0
11448,12,덜 달게,0
11449,4,HOT,0
11449,3,Venti,1000
11449,11,기본,0
11449,9,카라멜 시럽,300
11450,4,HOT,0
11450,3,Venti,1000
11450,13,더 달게,0
11450,6,샷 추가 (+1),500
11451,4,HOT,0
11451,1,Tall,0
11451,13,더 달게,0
11452,4,HOT,0
11452,3,Venti,1000
11452,11,기본,0
11452,8,헤이즐넛 시럽,300
11453,4,HOT,0
11453,3,Venti,1000
11454,4,HOT,0
11454,1,Tall,0
11454,11,기본,0
11454,8,헤이즐넛 시럽,300
11455,4,HOT,0
11455,1,Tall,0
11455,11,기본,0
11456,4,HOT,0
11456,2,Grande,500
11456,13,더 달게,0
11457,5,ICE,0
11457,2,Grande,500
11457,12,덜 달게,0
11457,6,샷 추가 (+1),500
11458,4,HOT,0
11458,1,Tall,0
11458,12,덜 달게,0
11459,4,HOT,0
11459,1,Tall,0
11459,6,샷 추가 (+1),500
11459,10,휘핑크림 추가,500
11460,4,HOT,0
11460,2,Grande,500
11461,4,HOT,0
11461,1,Tall,0
11462,4,HOT,0
11462,2,Grande,500
11462,11,기본,0
11462,6,샷 추가 (+1),500
11463,5,ICE,0
11463,1,Tall,0
11463,11,기본,0
11463,6,샷 추가 (+1),500
11464,4,HOT,0
11464,1,Tall,0
11464,6,샷 추가 (+1),500
11465,4,HOT,0
11465,2,Grande,500
11465,12,덜 달게,0
11465,6,샷 추가 (+1),500
11465,8,헤이즐넛 시럽,300
11466,5,ICE,0
11466,1,Tall,0
11466,12,덜 달게,0
11467,4,HOT,0
11467,2,Grande,500
11467,11,기본,0
11468,4,HOT,0
11468,2,Grande,500
11468,11,기본,0
11469,5,ICE,0
11469,2,Grande,500
11469,11,기본,0
11470,5,ICE,0
11470,3,Venti,1000
11470,13,더 달게,0
11470,6,샷 추가 (+1),500
11470,8,헤이즐넛 시럽,300
11470,10,휘핑크림 추가,500
11471,4,HOT,0
11471,2,Grande,500
11471,13,더 달게,0
11472,4,HOT,0
11472,3,Venti,1000
11472,11,기본,0
11473,4,HOT,0
11473,2,Grande,500
11473,11,기본,0
11473,9,카라멜 시럽,300
11474,5,ICE,0
11474,1,Tall,0
11475,5,ICE,0
11475,2,Grande,500
11475,13,더 달게,0
11475,9,카라멜 시럽,300
11476,4,HOT,0
11476,2,Grande,500
11477,5,ICE,0
11477,2,Grande,500
11477,11,기본,0
11478,4,HOT,0
11478,2,Grande,500
11478,9,카라멜 시럽,300
11479,4,HOT,0
11479,2,Grande,500
11479,11,기본,0
11480,4,HOT,0
11480,2,Grande,500
11481,5,ICE,0
11481,2,Grande,500
11481,11,기본,0
11482,4,HOT,0
11482,3,Venti,1000
11482,6,샷 추가 (+1),500
11483,4,HOT,0
11483,1,Tall,0
11483,11,기본,0
11483,6,샷 추가 (+1),500
11484,5,ICE,0
11484,2,Grande,500
11484,11,기본,0
11485,5,ICE,0
11485,2,Grande,500
11485,11,기본,0
11486,4,HOT,0
11486,2,Grande,500
11487,4,HOT,0
11487,2,Grande,500
11487,6,샷 추가 (+1),500
11488,5,ICE,0
11488,1,Tall,0
11488,12,덜 달게,0
11488,6,샷 추가 (+1),500
11489,4,HOT,0
11489,1,Tall,0
11489,10,휘핑크림 추가,500
11490,4,HOT,0
11490,1,Tall,0
11490,6,샷 추가 (+1),500
11490,8,헤이즐넛 시럽,300
11491,5,ICE,0
11491,2,Grande,500
11492,5,ICE,0
11492,1,Tall,0
11492,12,덜 달게,0
11492,6,샷 추가 (+1),500
11492,10,휘핑크림 추가,500
11493,5,ICE,0
11493,3,Venti,1000
11493,13,더 달게,0
11493,8,헤이즐넛 시럽,300
11494,4,HOT,0
11494,3,Venti,1000
11494,12,덜 달게,0
11494,6,샷 추가 (+1),500
11495,4,HOT,0
11495,1,Tall,0
11495,6,샷 추가 (+1),500
11495,10,휘핑크림 추가,500
11496,4,HOT,0
11496,1,Tall,0
11496,11,기본,0
11496,6,샷 추가 (+1),500
11496,8,헤이즐넛 시럽,300
11497,4,HOT,0
11497,1,Tall,0
11497,11,기본,0
11497,10,휘핑크림 추가,500
11498,4,HOT,0
11498,2,Grande,500
11499,4,HOT,0
11499,3,Venti,1000
11499,11,기본,0
11500,5,ICE,0
11500,2,Grande,500
11500,11,기본,0
11501,4,HOT,0
11501,2,Grande,500
11501,11,기본,0
11502,4,HOT,0
11502,2,Grande,500
11503,5,ICE,0
11503,2,Grande,500
11503,12,덜 달게,0
11504,4,HOT,0
11504,1,Tall,0
11505,4,HOT,0
11505,3,Venti,1000
11505,11,기본,0
11505,6,샷 추가 (+1),500
11505,9,카라멜 시럽,300
11506,4,HOT,0
11506,1,Tall,0
11506,11,기본,0
11507,5,ICE,0
11507,1,Tall,0
11508,5,ICE,0
11508,2,Grande,500
11508,12,덜 달게,0
11508,7,바닐라 시럽,300
11509,5,ICE,0
11509,2,Grande,500
11509,12,덜 달게,0
11509,6,샷 추가 (+1),500
11509,8,헤이즐넛 시럽,300
11509,10,휘핑크림 추가,500
11510,4,HOT,0
11510,1,Tall,0
11510,12,덜 달게,0
11511,4,HOT,0
11511,1,Tall,0
11511,11,기본,0
11511,6,샷 추가 (+1),500
11511,9,카라멜 시럽,300
11512,4,HOT,0
11512,2,Grande,500
11512,12,덜 달게,0
11513,4,HOT,0
11513,1,Tall,0
11513,12,덜 달게,0
11513,10,휘핑크림 추가,500
11514,4,HOT,0
11514,1,Tall,0
11515,4,HOT,0
11515,1,Tall,0
11515,6,샷 추가 (+1),500
11516,5,ICE,0
11516,2,Grande,500
11516,12,덜 달게,0
11516,9,카라멜 시럽,300
11517,5,ICE,0
11517,1,Tall,0
11517,11,기본,0
11518,4,HOT,0
11518,2,Grande,500
11518,6,샷 추가 (+1),500
11518,9,카라멜 시럽,300
11519,5,ICE,0
11519,2,Grande,500
11519,11,기본,0
11519,10,휘핑크림 추가,500
11520,5,ICE,0
11520,2,Grande,500
11520,11,기본,0
11521,4,HOT,0
11521,3,Venti,1000
11521,11,기본,0
11522,4,HOT,0
11522,1,Tall,0
11522,11,기본,0
11522,6,샷 추가 (+1),500
11523,4,HOT,0
11523,1,Tall,0
11523,13,더 달게,0
11524,4,HOT,0
11524,1,Tall,0
11524,11,기본,0
11524,9,카라멜 시럽,300
11525,5,ICE,0
11525,2,Grande,500
11526,4,HOT,0
11526,2,Grande,500
11526,13,더 달게,0
11527,5,ICE,0
11527,2,Grande,500
11527,13,더 달게,0
11527,6,샷 추가 (+1),500
11528,5,ICE,0
11528,3,Venti,1000
11528,12,덜 달게,0
11529,4,HOT,0
11529,3,Venti,1000
11529,11,기본,0
11529,9,카라멜 시럽,300
11530,5,ICE,0
11530,2,Grande,500
11530,12,덜 달게,0
11531,5,ICE,0
11531,2,Grande,500
11531,10,휘핑크림 추가,500
11532,5,ICE,0
11532,1,Tall,0
11532,11,기본,0
11533,5,ICE,0
11533,1,Tall,0
11533,13,더 달게,0
11534,4,HOT,0
11534,1,Tall,0
11534,11,기본,0
11534,6,샷 추가 (+1),500
11535,5,ICE,0
11535,2,Grande,500
11535,11,기본,0
11536,5,ICE,0
11536,1,Tall,0
11537,5,ICE,0
11537,1,Tall,0
11537,13,더 달게,0
11537,8,헤이즐넛 시럽,300
11538,4,HOT,0
11538,3,Venti,1000
11538,13,더 달게,0
11538,6,샷 추가 (+1),500
11538,8,헤이즐넛 시럽,300
11539,4,HOT,0
11539,2,Grande,500
11539,11,기본,0
11540,4,HOT,0
11540,1,Tall,0
11541,5,ICE,0
11541,3,Venti,1000
11541,12,덜 달게,0
11542,4,HOT,0
11542,3,Venti,1000
11542,12,덜 달게,0
11542,6,샷 추가 (+1),500
11542,7,바닐라 시럽,300
11543,5,ICE,0
11543,2,Grande,500
11544,4,HOT,0
11544,2,Grande,500
11544,11,기본,0
11544,6,샷 추가 (+1),500
11545,5,ICE,0
11545,3,Venti,1000
11545,13,더 달게,0
11545,6,샷 추가 (+1),500
11546,4,HOT,0
11546,1,Tall,0
11546,7,바닐라 시럽,300
11547,5,ICE,0
11547,1,Tall,0
11547,6,샷 추가 (+1),500
11547,7,바닐라 시럽,300
11548,4,HOT,0
11548,2,Grande,500
11549,5,ICE,0
11549,2,Grande,500
11549,11,기본,0
11550,4,HOT,0
11550,2,Grande,500
11550,11,기본,0
11551,4,HOT,0
11551,1,Tall,0
11551,12,덜 달게,0
11551,6,샷 추가 (+1),500
11552,5,ICE,0
11552,2,Grande,500
11552,11,기본,0
11552,8,헤이즐넛 시럽,300
11553,5,ICE,0
11553,1,Tall,0
11553,11,기본,0
11553,6,샷 추가 (+1),500
11554,5,ICE,0
11554,2,Grande,500
11554,11,기본,0
11555,4,HOT,0
11555,2,Grande,500
11555,12,덜 달게,0
11555,8,헤이즐넛 시럽,300
11556,4,HOT,0
11556,1,Tall,0
11556,13,더 달게,0
11557,4,HOT,0
11557,1,Tall,0
11557,11,기본,0
11558,5,ICE,0
11558,2,Grande,500
11558,13,더 달게,0
11558,6,샷 추가 (+1),500
11558,7,바닐라 시럽,300
11559,4,HOT,0
11559,2,Grande,500
11559,6,샷 추가 (+1),500
11560,5,ICE,0
11560,2,Grande,500
11560,13,더 달게,0
11560,6,샷 추가 (+1),500
11561,4,HOT,0
11561,3,Venti,1000
11561,12,덜 달게,0
11562,4,HOT,0
11562,1,Tall,0
11562,10,휘핑크림 추가,500
11563,5,ICE,0
11563,1,Tall,0
11563,12,덜 달게,0
11564,4,HOT,0
11564,1,Tall,0
11564,13,더 달게,0
11564,9,카라멜 시럽,300
11565,4,HOT,0
11565,3,Venti,1000
11565,9,카라멜 시럽,300
11566,5,ICE,0
11566,1,Tall,0
11566,12,덜 달게,0
11566,6,샷 추가 (+1),500
11567,4,HOT,0
11567,2,Grande,500
11567,11,기본,0
11568,5,ICE,0
11568,2,Grande,500
11568,12,덜 달게,0
11568,8,헤이즐넛 시럽,300
11568,10,휘핑크림 추가,500
11569,5,ICE,0
11569,2,Grande,500
11570,4,HOT,0
11570,2,Grande,500
11570,12,덜 달게,0
11570,6,샷 추가 (+1),500
11570,7,바닐라 시럽,300
11570,10,휘핑크림 추가,500
11571,5,ICE,0
11571,3,Venti,1000
11571,11,기본,0
11572,4,HOT,0
11572,1,Tall,0
11573,4,HOT,0
11573,3,Venti,1000
11573,10,휘핑크림 추가,500
11574,5,ICE,0
11574,2,Grande,500
11574,11,기본,0
11575,4,HOT,0
11575,1,Tall,0
11575,11,기본,0
11575,6,샷 추가 (+1),500
11575,10,휘핑크림 추가,500
11576,4,HOT,0
11576,1,Tall,0
11576,13,더 달게,0
11576,6,샷 추가 (+1),500
11577,4,HOT,0
11577,2,Grande,500
11577,11,기본,0
11577,6,샷 추가 (+1),500
11578,4,HOT,0
11578,1,Tall,0
11578,13,더 달게,0
11578,9,카라멜 시럽,300
11579,5,ICE,0
11579,2,Grande,500
11579,11,기본,0
11579,6,샷 추가 (+1),500
11579,8,헤이즐넛 시럽,300
11580,5,ICE,0
11580,2,Grande,500
11580,11,기본,0
11580,9,카라멜 시럽,300
11581,4,HOT,0
11581,2,Grande,500
11581,12,덜 달게,0
11582,5,ICE,0
11582,3,Venti,1000
11582,11,기본,0
11582,6,샷 추가 (+1),500
11583,5,ICE,0
11583,3,Venti,1000
11583,9,카라멜 시럽,300
11584,4,HOT,0
11584,3,Venti,1000
11584,13,더 달게,0
11585,4,HOT,0
11585,1,Tall,0
11585,6,샷 추가 (+1),500
11585,10,휘핑크림 추가,500
11586,4,HOT,0
11586,2,Grande,500
11586,11,기본,0
11587,4,HOT,0
11587,2,Grande,500
11588,5,ICE,0
11588,2,Grande,500
11588,12,덜 달게,0
11589,4,HOT,0
11589,2,Grande,500
11589,12,덜 달게,0
11589,7,바닐라 시럽,300
11590,5,ICE,0
11590,1,Tall,0
11591,4,HOT,0
11591,1,Tall,0
11591,11,기본,0
11592,4,HOT,0
11592,1,Tall,0
11592,11,기본,0
11592,6,샷 추가 (+1),500
11593,4,HOT,0
11593,3,Venti,1000
11593,11,기본,0
11594,4,HOT,0
11594,2,Grande,500
11594,6,샷 추가 (+1),500
11595,4,HOT,0
11595,1,Tall,0
11595,11,기본,0
11595,10,휘핑크림 추가,500
11596,4,HOT,0
11596,2,Grande,500
11597,4,HOT,0
11597,1,Tall,0
11597,12,덜 달게,0
11598,4,HOT,0
11598,2,Grande,500
11598,11,기본,0
11599,4,HOT,0
11599,2,Grande,500
11599,6,샷 추가 (+1),500
11600,5,ICE,0
11600,1,Tall,0
11600,13,더 달게,0
11601,5,ICE,0
11601,2,Grande,500
11601,6,샷 추가 (+1),500
11602,4,HOT,0
11602,1,Tall,0
11602,12,덜 달게,0
11602,9,카라멜 시럽,300
11603,5,ICE,0
11603,2,Grande,500
11604,5,ICE,0
11604,1,Tall,0
11604,6,샷 추가 (+1),500
11605,4,HOT,0
11605,2,Grande,500
11605,6,샷 추가 (+1),500
11605,10,휘핑크림 추가,500
11606,5,ICE,0
11606,2,Grande,500
11606,11,기본,0
11607,4,HOT,0
11607,3,Venti,1000
11608,4,HOT,0
11608,1,Tall,0
11608,13,더 달게,0
11609,4,HOT,0
11609,1,Tall,0
11609,6,샷 추가 (+1),500
11610,4,HOT,0
11610,1,Tall,0
11611,4,HOT,0
11611,1,Tall,0
11611,11,기본,0
11612,4,HOT,0
11612,2,Grande,500
11612,11,기본,0
11612,6,샷 추가 (+1),500
11613,4,HOT,0
11613,3,Venti,1000
11613,12,덜 달게,0
11614,5,ICE,0
11614,1,Tall,0
11615,5,ICE,0
11615,3,Venti,1000
11615,13,더 달게,0
11616,4,HOT,0
11616,1,Tall,0
11617,5,ICE,0
11617,2,Grande,500
11617,13,더 달게,0
11617,9,카라멜 시럽,300
11618,4,HOT,0
11618,2,Grande,500
11619,4,HOT,0
11619,2,Grande,500
11619,12,덜 달게,0
11619,6,샷 추가 (+1),500
11620,4,HOT,0
11620,1,Tall,0
11620,11,기본,0
11621,5,ICE,0
11621,2,Grande,500
11621,11,기본,0
11621,6,샷 추가 (+1),500
11622,4,HOT,0
11622,2,Grande,500
11622,11,기본,0
11623,4,HOT,0
11623,2,Grande,500
11623,11,기본,0
11624,4,HOT,0
11624,2,Grande,500
11624,9,카라멜 시럽,300
11625,4,HOT,0
11625,2,Grande,500
11626,4,HOT,0
11626,2,Grande,500
11626,11,기본,0
11626,6,샷 추가 (+1),500
11627,4,HOT,0
11627,2,Grande,500
11628,5,ICE,0
11628,2,Grande,500
11628,11,기본,0
11628,6,샷 추가 (+1),500
11629,5,ICE,0
11629,1,Tall,0
11629,12,덜 달게,0
11629,6,샷 추가 (+1),500
11629,8,헤이즐넛 시럽,300
11630,5,ICE,0
11630,2,Grande,500
11630,11,기본,0
11630,6,샷 추가 (+1),500
11630,10,휘핑크림 추가,500
11631,4,HOT,0
11631,1,Tall,0
11632,5,ICE,0
11632,2,Grande,500
11632,11,기본,0
11632,9,카라멜 시럽,300
11633,4,HOT,0
11633,2,Grande,500
11633,12,덜 달게,0
11634,4,HOT,0
11634,2,Grande,500
11635,5,ICE,0
11635,2,Grande,500
11635,6,샷 추가 (+1),500
11636,4,HOT,0
11636,3,Venti,1000
11636,13,더 달게,0
11636,9,카라멜 시럽,300
11637,5,ICE,0
11637,1,Tall,0
11638,4,HOT,0
11638,1,Tall,0
11638,13,더 달게,0
11638,9,카라멜 시럽,300
11638,10,휘핑크림 추가,500
11639,5,ICE,0
11639,2,Grande,500
11639,9,카라멜 시럽,300
11640,4,HOT,0
11640,3,Venti,1000
11640,11,기본,0
11641,4,HOT,0
11641,2,Grande,500
11641,13,더 달게,0
11641,6,샷 추가 (+1),500
11641,8,헤이즐넛 시럽,300
11642,5,ICE,0
11642,1,Tall,0
11642,10,휘핑크림 추가,500
11643,5,ICE,0
11643,1,Tall,0
11643,11,기본,0
11643,10,휘핑크림 추가,500
11644,5,ICE,0
11644,2,Grande,500
11644,13,더 달게,0
11645,4,HOT,0
11645,2,Grande,500
11645,12,덜 달게,0
11646,4,HOT,0
11646,1,Tall,0
11646,11,기본,0
11646,8,헤이즐넛 시럽,300
11647,4,HOT,0
11647,2,Grande,500
11647,11,기본,0
11648,4,HOT,0
11648,1,Tall,0
11648,8,헤이즐넛 시럽,300
11649,4,HOT,0
11649,1,Tall,0
11649,12,덜 달게,0
11650,5,ICE,0
11650,1,Tall,0
11650,11,기본,0
11651,4,HOT,0
11651,1,Tall,0
11651,6,샷 추가 (+1),500
11652,4,HOT,0
11652,1,Tall,0
11652,13,더 달게,0
11652,6,샷 추가 (+1),500
11653,5,ICE,0
11653,2,Grande,500
11653,11,기본,0
11653,6,샷 추가 (+1),500
11654,5,ICE,0
11654,1,Tall,0
11654,6,샷 추가 (+1),500
11655,5,ICE,0
11655,2,Grande,500
11655,11,기본,0
11655,6,샷 추가 (+1),500
11656,5,ICE,0
11656,2,Grande,500
11656,12,덜 달게,0
11657,4,HOT,0
11657,1,Tall,0
11657,11,기본,0
11658,5,ICE,0
11658,1,Tall,0
11659,4,HOT,0
11659,2,Grande,500
11659,6,샷 추가 (+1),500
11660,4,HOT,0
11660,2,Grande,500
11661,5,ICE,0
11661,3,Venti,1000
11661,12,덜 달게,0
11662,5,ICE,0
11662,2,Grande,500
11662,11,기본,0
11662,6,샷 추가 (+1),500
11663,5,ICE,0
11663,2,Grande,500
11663,13,더 달게,0
11663,8,헤이즐넛 시럽,300
11664,5,ICE,0
11664,1,Tall,0
11665,4,HOT,0
11665,3,Venti,1000
11665,11,기본,0
11666,4,HOT,0
11666,1,Tall,0
11666,12,덜 달게,0
11667,4,HOT,0
11667,2,Grande,500
11668,5,ICE,0
11668,1,Tall,0
11668,12,덜 달게,0
11668,6,샷 추가 (+1),500
11669,4,HOT,0
11669,2,Grande,500
11669,9,카라멜 시럽,300
11670,4,HOT,0
11670,2,Grande,500
11670,6,샷 추가 (+1),500
11671,4,HOT,0
11671,2,Grande,500
11671,6,샷 추가 (+1),500
11672,5,ICE,0
11672,2,Grande,500
11672,9,카라멜 시럽,300
11673,4,HOT,0
11673,1,Tall,0
11674,4,HOT,0
11674,1,Tall,0
11674,10,휘핑크림 추가,500
11675,4,HOT,0
11675,3,Venti,1000
11675,13,더 달게,0
11676,5,ICE,0
11676,2,Grande,500
11676,10,휘핑크림 추가,500
11677,4,HOT,0
11677,2,Grande,500
11677,11,기본,0
11677,10,휘핑크림 추가,500
11678,4,HOT,0
11678,1,Tall,0
11678,11,기본,0
11678,6,샷 추가 (+1),500
11679,5,ICE,0
11679,2,Grande,500
11679,12,덜 달게,0
11679,7,바닐라 시럽,300
11680,5,ICE,0
11680,1,Tall,0
11680,12,덜 달게,0
11681,4,HOT,0
11681,1,Tall,0
11681,11,기본,0
11681,6,샷 추가 (+1),500
11682,4,HOT,0
11682,1,Tall,0
11682,12,덜 달게,0
11683,5,ICE,0
11683,2,Grande,500
11683,13,더 달게,0
11683,6,샷 추가 (+1),500
11684,5,ICE,0
11684,2,Grande,500
11684,11,기본,0
11684,6,샷 추가 (+1),500
11684,8,헤이즐넛 시럽,300
11685,4,HOT,0
11685,3,Venti,1000
11685,8,헤이즐넛 시럽,300
11686,5,ICE,0
11686,1,Tall,0
11686,11,기본,0
11687,4,HOT,0
11687,3,Venti,1000
11687,11,기본,0
11688,5,ICE,0
11688,2,Grande,500
11689,5,ICE,0
11689,2,Grande,500
11689,12,덜 달게,0
11689,6,샷 추가 (+1),500
11690,4,HOT,0
11690,2,Grande,500
11690,13,더 달게,0
11691,4,HOT,0
11691,1,Tall,0
11691,13,더 달게,0
11692,5,ICE,0
11692,3,Venti,1000
11692,13,더 달게,0
11692,6,샷 추가 (+1),500
11693,4,HOT,0
11693,3,Venti,1000
11693,12,덜 달게,0
11694,4,HOT,0
11694,2,Grande,500
11694,12,덜 달게,0
11694,6,샷 추가 (+1),500
11695,4,HOT,0
11695,2,Grande,500
11695,7,바닐라 시럽,300
11696,5,ICE,0
11696,2,Grande,500
11696,9,카라멜 시럽,300
11697,4,HOT,0
11697,1,Tall,0
11697,6,샷 추가 (+1),500
11697,7,바닐라 시럽,300
11698,4,HOT,0
11698,2,Grande,500
11698,11,기본,0
11698,7,바닐라 시럽,300
11699,4,HOT,0
11699,2,Grande,500
11699,13,더 달게,0
11699,9,카라멜 시럽,300
11699,10,휘핑크림 추가,500
11700,5,ICE,0
11700,2,Grande,500
11700,11,기본,0
11700,6,샷 추가 (+1),500
11701,4,HOT,0
11701,2,Grande,500
11701,11,기본,0
11701,6,샷 추가 (+1),500
11702,4,HOT,0
11702,2,Grande,500
11702,13,더 달게,0
11703,4,HOT,0
11703,2,Grande,500
11703,11,기본,0
11703,8,헤이즐넛 시럽,300
11704,4,HOT,0
11704,3,Venti,1000
11705,4,HOT,0
11705,1,Tall,0
11705,6,샷 추가 (+1),500
11706,4,HOT,0
11706,2,Grande,500
11707,4,HOT,0
11707,3,Venti,1000
11707,11,기본,0
11707,10,휘핑크림 추가,500
11708,5,ICE,0
11708,1,Tall,0
11708,6,샷 추가 (+1),500
11709,5,ICE,0
11709,2,Grande,500
11709,13,더 달게,0
11709,6,샷 추가 (+1),500
11710,4,HOT,0
11710,1,Tall,0
11710,6,샷 추가 (+1),500
11711,4,HOT,0
11711,3,Venti,1000
11711,11,기본,0
11711,10,휘핑크림 추가,500
11712,4,HOT,0
11712,2,Grande,500
11712,11,기본,0
11712,6,샷 추가 (+1),500
11713,4,HOT,0
11713,2,Grande,500
11714,4,HOT,0
11714,1,Tall,0
11714,11,기본,0
11715,4,HOT,0
11715,2,Grande,500
11716,4,HOT,0
11716,2,Grande,500
11716,11,기본,0
11716,10,휘핑크림 추가,500
11717,5,ICE,0
11717,1,Tall,0
11718,5,ICE,0
11718,3,Venti,1000
11719,4,HOT,0
11719,1,Tall,0
11719,11,기본,0
11719,10,휘핑크림 추가,500
11720,4,HOT,0
11720,2,Grande,500
11720,13,더 달게,0
11721,4,HOT,0
11721,1,Tall,0
11722,4,HOT,0
11722,2,Grande,500
11722,11,기본,0
11722,7,바닐라 시럽,300
11723,5,ICE,0
11723,2,Grande,500
11723,12,덜 달게,0
11724,5,ICE,0
11724,2,Grande,500
11725,5,ICE,0
11725,2,Grande,500
11725,11,기본,0
11726,4,HOT,0
11726,2,Grande,500
11726,13,더 달게,0
11726,6,샷 추가 (+1),500
11727,5,ICE,0
11727,3,Venti,1000
11727,12,덜 달게,0
11728,4,HOT,0
11728,1,Tall,0
11728,11,기본,0
11728,10,휘핑크림 추가,500
11729,5,ICE,0
11729,2,Grande,500
11729,7,바닐라 시럽,300
11730,5,ICE,0
11730,1,Tall,0
11730,13,더 달게,0
11730,6,샷 추가 (+1),500
11730,8,헤이즐넛 시럽,300
11731,4,HOT,0
11731,3,Venti,1000
11731,12,덜 달게,0
11731,6,샷 추가 (+1),500
11731,9,카라멜 시럽,300
11732,5,ICE,0
11732,2,Grande,500
11732,11,기본,0
11732,6,샷 추가 (+1),500
11733,4,HOT,0
11733,2,Grande,500
11733,6,샷 추가 (+1),500
11734,4,HOT,0
11734,3,Venti,1000
11734,12,덜 달게,0
11734,6,샷 추가 (+1),500
11735,4,HOT,0
11735,2,Grande,500
11735,13,더 달게,0
11736,5,ICE,0
11736,2,Grande,500
11736,11,기본,0
11737,4,HOT,0
11737,1,Tall,0
11737,11,기본,0
11737,8,헤이즐넛 시럽,300
11737,10,휘핑크림 추가,500
11738,4,HOT,0
11738,3,Venti,1000
11738,9,카라멜 시럽,300
11739,4,HOT,0
11739,2,Grande,500
11739,11,기본,0
11740,4,HOT,0
11740,3,Venti,1000
11740,7,바닐라 시럽,300
11741,4,HOT,0
11741,2,Grande,500
11742,4,HOT,0
11742,1,Tall,0
11742,13,더 달게,0
11742,6,샷 추가 (+1),500
11743,5,ICE,0
11743,3,Venti,1000
11743,11,기본,0
11744,5,ICE,0
11744,2,Grande,500
11744,11,기본,0
11745,4,HOT,0
11745,1,Tall,0
11745,6,샷 추가 (+1),500
11745,10,휘핑크림 추가,500
11746,4,HOT,0
11746,1,Tall,0
11747,5,ICE,0
11747,1,Tall,0
11747,11,기본,0
11747,6,샷 추가 (+1),500
11748,5,ICE,0
11748,3,Venti,1000
11748,6,샷 추가 (+1),500
11749,4,HOT,0
11749,3,Venti,1000
11749,13,더 달게,0
11750,4,HOT,0
11750,3,Venti,1000
11750,11,기본,0
11751,5,ICE,0
11751,1,Tall,0
11752,4,HOT,0
11752,3,Venti,1000
11753,4,HOT,0
11753,1,Tall,0
11753,11,기본,0
11753,9,카라멜 시럽,300
11754,4,HOT,0
11754,2,Grande,500
11754,12,덜 달게,0
11754,9,카라멜 시럽,300
11755,5,ICE,0
11755,1,Tall,0
11756,4,HOT,0
11756,1,Tall,0
11756,6,샷 추가 (+1),500
11757,4,HOT,0
11757,3,Venti,1000
11757,11,기본,0
11758,5,ICE,0
11758,3,Venti,1000
11758,11,기본,0
11758,6,샷 추가 (+1),500
11759,4,HOT,0
11759,2,Grande,500
11759,11,기본,0
11760,5,ICE,0
11760,1,Tall,0
11760,13,더 달게,0
11761,4,HOT,0
11761,2,Grande,500
11761,12,덜 달게,0
11761,6,샷 추가 (+1),500
11762,5,ICE,0
11762,3,Venti,1000
11762,13,더 달게,0
11762,8,헤이즐넛 시럽,300
11763,5,ICE,0
11763,1,Tall,0
11763,11,기본,0
11763,6,샷 추가 (+1),500
11764,5,ICE,0
11764,1,Tall,0
11764,11,기본,0
11764,6,샷 추가 (+1),500
11764,10,휘핑크림 추가,500
11765,4,HOT,0
11765,2,Grande,500
11765,12,덜 달게,0
11765,7,바닐라 시럽,300
11766,4,HOT,0
11766,2,Grande,500
11767,4,HOT,0
11767,2,Grande,500
11768,4,HOT,0
11768,1,Tall,0
11768,6,샷 추가 (+1),500
11769,4,HOT,0
11769,3,Venti,1000
11769,12,덜 달게,0
11769,8,헤이즐넛 시럽,300
11770,5,ICE,0
11770,1,Tall,0
11770,13,더 달게,0
11770,9,카라멜 시럽,300
11771,4,HOT,0
11771,1,Tall,0
11772,4,HOT,0
11772,3,Venti,1000
11772,13,더 달게,0
11773,4,HOT,0
11773,2,Grande,500
11773,12,덜 달게,0
11773,8,헤이즐넛 시럽,300
11773,10,휘핑크림 추가,500
11774,5,ICE,0
11774,2,Grande,500
11774,10,휘핑크림 추가,500
11775,5,ICE,0
11775,1,Tall,0
11775,6,샷 추가 (+1),500
11775,8,헤이즐넛 시럽,300
11776,4,HOT,0
11776,3,Venti,1000
11776,10,휘핑크림 추가,500
11777,4,HOT,0
11777,1,Tall,0
11777,11,기본,0
11777,6,샷 추가 (+1),500
11777,7,바닐라 시럽,300
11778,4,HOT,0
11778,1,Tall,0
11778,6,샷 추가 (+1),500
11778,10,휘핑크림 추가,500
11779,4,HOT,0
11779,1,Tall,0
11779,13,더 달게,0
11780,4,HOT,0
11780,2,Grande,500
11780,11,기본,0
11780,6,샷 추가 (+1),500
11780,10,휘핑크림 추가,500
11781,4,HOT,0
11781,3,Venti,1000
11781,13,더 달게,0
11782,5,ICE,0
11782,2,Grande,500
11782,12,덜 달게,0
11782,6,샷 추가 (+1),500
11783,4,HOT,0
11783,2,Grande,500
11783,12,덜 달게,0
11783,6,샷 추가 (+1),500
11784,4,HOT,0
11784,1,Tall,0
11784,11,기본,0
11784,6,샷 추가 (+1),500
11784,10,휘핑크림 추가,500
11785,4,HOT,0
11785,2,Grande,500
11785,7,바닐라 시럽,300
11786,5,ICE,0
11786,2,Grande,500
11786,13,더 달게,0
11786,6,샷 추가 (+1),500
11787,5,ICE,0
11787,2,Grande,500
11787,11,기본,0
11788,5,ICE,0
11788,2,Grande,500
11788,11,기본,0
11789,4,HOT,0
11789,2,Grande,500
11790,4,HOT,0
11790,1,Tall,0
11791,4,HOT,0
11791,3,Venti,1000
11792,4,HOT,0
11792,1,Tall,0
11792,13,더 달게,0
11793,5,ICE,0
11793,1,Tall,0
11793,11,기본,0
11793,6,샷 추가 (+1),500
11793,8,헤이즐넛 시럽,300
11794,5,ICE,0
11794,2,Grande,500
11794,6,샷 추가 (+1),500
11795,4,HOT,0
11795,1,Tall,0
11795,11,기본,0
11796,5,ICE,0
11796,2,Grande,500
11796,13,더 달게,0
11796,8,헤이즐넛 시럽,300
11797,5,ICE,0
11797,3,Venti,1000
11797,10,휘핑크림 추가,500
11798,4,HOT,0
11798,2,Grande,500
11798,12,덜 달게,0
11798,8,헤이즐넛 시럽,300
11799,4,HOT,0
11799,3,Venti,1000
11799,6,샷 추가 (+1),500
11800,4,HOT,0
11800,2,Grande,500
11800,13,더 달게,0
11801,5,ICE,0
11801,1,Tall,0
11801,11,기본,0
11802,5,ICE,0
11802,2,Grande,500
11803,5,ICE,0
11803,3,Venti,1000
11803,11,기본,0
11804,5,ICE,0
11804,2,Grande,500
11804,12,덜 달게,0
11805,5,ICE,0
11805,2,Grande,500
11805,12,덜 달게,0
11806,5,ICE,0
11806,1,Tall,0
11806,12,덜 달게,0
11806,6,샷 추가 (+1),500
11807,5,ICE,0
11807,1,Tall,0
11807,9,카라멜 시럽,300
11808,5,ICE,0
11808,3,Venti,1000
11808,11,기본,0
11808,6,샷 추가 (+1),500
11809,5,ICE,0
11809,1,Tall,0
11809,12,덜 달게,0
11810,5,ICE,0
11810,1,Tall,0
11810,12,덜 달게,0
11811,5,ICE,0
11811,1,Tall,0
11811,11,기본,0
11811,8,헤이즐넛 시럽,300
11812,5,ICE,0
11812,1,Tall,0
11812,13,더 달게,0
11813,4,HOT,0
11813,1,Tall,0
11813,11,기본,0
11814,4,HOT,0
11814,2,Grande,500
11814,13,더 달게,0
11815,4,HOT,0
11815,2,Grande,500
11815,11,기본,0
11816,4,HOT,0
11816,1,Tall,0
11816,13,더 달게,0
11816,7,바닐라 시럽,300
11817,5,ICE,0
11817,1,Tall,0
11817,11,기본,0
11817,6,샷 추가 (+1),500
11818,4,HOT,0
11818,2,Grande,500
11818,11,기본,0
11818,9,카라멜 시럽,300
11818,10,휘핑크림 추가,500
11819,4,HOT,0
11819,1,Tall,0
11819,13,더 달게,0
11820,5,ICE,0
11820,1,Tall,0
11821,4,HOT,0
11821,1,Tall,0
11822,5,ICE,0
11822,1,Tall,0
11822,11,기본,0
11823,4,HOT,0
11823,1,Tall,0
11823,11,기본,0
11823,10,휘핑크림 추가,500
11824,5,ICE,0
11824,2,Grande,500
11824,6,샷 추가 (+1),500
11825,4,HOT,0
11825,3,Venti,1000
11825,12,덜 달게,0
11826,4,HOT,0
11826,2,Grande,500
11826,12,덜 달게,0
11827,4,HOT,0
11827,2,Grande,500
11827,11,기본,0
11828,4,HOT,0
11828,1,Tall,0
11828,6,샷 추가 (+1),500
11828,7,바닐라 시럽,300
11829,5,ICE,0
11829,3,Venti,1000
11829,11,기본,0
11829,10,휘핑크림 추가,500
11830,4,HOT,0
11830,1,Tall,0
11830,11,기본,0
11830,6,샷 추가 (+1),500
11831,4,HOT,0
11831,2,Grande,500
11831,6,샷 추가 (+1),500
11832,4,HOT,0
11832,1,Tall,0
11832,11,기본,0
11832,8,헤이즐넛 시럽,300
11833,5,ICE,0
11833,2,Grande,500
11833,6,샷 추가 (+1),500
11834,4,HOT,0
11834,2,Grande,500
11834,10,휘핑크림 추가,500
11835,4,HOT,0
11835,1,Tall,0
11835,9,카라멜 시럽,300
11836,5,ICE,0
11836,2,Grande,500
11836,13,더 달게,0
11837,4,HOT,0
11837,2,Grande,500
11837,11,기본,0
11837,10,휘핑크림 추가,500
11838,4,HOT,0
11838,3,Venti,1000
11838,11,기본,0
11839,5,ICE,0
11839,2,Grande,500
11839,6,샷 추가 (+1),500
11840,5,ICE,0
11840,1,Tall,0
11841,5,ICE,0
11841,2,Grande,500
11841,12,덜 달게,0
11842,5,ICE,0
11842,2,Grande,500
11843,4,HOT,0
11843,2,Grande,500
11843,11,기본,0
11843,6,샷 추가 (+1),500
11844,5,ICE,0
11844,2,Grande,500
11844,11,기본,0
11845,5,ICE,0
11845,1,Tall,0
11845,10,휘핑크림 추가,500
11846,4,HOT,0
11846,1,Tall,0
11846,6,샷 추가 (+1),500
11846,7,바닐라 시럽,300
11847,4,HOT,0
11847,2,Grande,500
11847,11,기본,0
11847,7,바닐라 시럽,300
11848,4,HOT,0
11848,3,Venti,1000
11848,13,더 달게,0
11849,5,ICE,0
11849,2,Grande,500
11849,6,샷 추가 (+1),500
11849,8,헤이즐넛 시럽,300
11850,5,ICE,0
11850,2,Grande,500
11851,5,ICE,0
11851,2,Grande,500
11852,5,ICE,0
11852,1,Tall,0
11852,9,카라멜 시럽,300
11853,4,HOT,0
11853,2,Grande,500
11853,7,바닐라 시럽,300
11854,5,ICE,0
11854,2,Grande,500
11854,11,기본,0
11854,6,샷 추가 (+1),500
11855,5,ICE,0
11855,2,Grande,500
11855,11,기본,0
11855,6,샷 추가 (+1),500
11856,4,HOT,0
11856,1,Tall,0
11856,6,샷 추가 (+1),500
11857,5,ICE,0
11857,1,Tall,0
11857,6,샷 추가 (+1),500
11857,10,휘핑크림 추가,500
11858,4,HOT,0
11858,1,Tall,0
11858,11,기본,0
11858,6,샷 추가 (+1),500
11859,4,HOT,0
11859,3,Venti,1000
11859,11,기본,0
11859,6,샷 추가 (+1),500
11860,4,HOT,0
11860,1,Tall,0
11860,11,기본,0
11860,6,샷 추가 (+1),500
11861,4,HOT,0
11861,2,Grande,500
11861,11,기본,0
11861,6,샷 추가 (+1),500
11862,4,HOT,0
11862,2,Grande,500
11862,11,기본,0
11862,6,샷 추가 (+1),500
11862,7,바닐라 시럽,300
11863,5,ICE,0
11863,2,Grande,500
11863,13,더 달게,0
11863,6,샷 추가 (+1),500
11864,5,ICE,0
11864,3,Venti,1000
11864,11,기본,0
11865,4,HOT,0
11865,1,Tall,0
11865,11,기본,0
11866,4,HOT,0
11866,3,Venti,1000
11866,11,기본,0
11867,5,ICE,0
11867,1,Tall,0
11867,11,기본,0
11868,5,ICE,0
11868,1,Tall,0
11868,12,덜 달게,0
11868,6,샷 추가 (+1),500
11869,4,HOT,0
11869,2,Grande,500
11869,11,기본,0
11870,4,HOT,0
11870,1,Tall,0
11871,4,HOT,0
11871,3,Venti,1000
11872,4,HOT,0
11872,2,Grande,500
11872,9,카라멜 시럽,300
11873,4,HOT,0
11873,3,Venti,1000
11873,6,샷 추가 (+1),500
11873,7,바닐라 시럽,300
11874,4,HOT,0
11874,1,Tall,0
11874,6,샷 추가 (+1),500
11875,5,ICE,0
11875,1,Tall,0
11875,11,기본,0
11876,4,HOT,0
11876,1,Tall,0
11876,12,덜 달게,0
11877,4,HOT,0
11877,2,Grande,500
11877,12,덜 달게,0
11878,5,ICE,0
11878,1,Tall,0
11878,11,기본,0
11879,4,HOT,0
11879,3,Venti,1000
11879,13,더 달게,0
11879,6,샷 추가 (+1),500
11880,4,HOT,0
11880,1,Tall,0
11880,7,바닐라 시럽,300
11880,10,휘핑크림 추가,500
11881,4,HOT,0
11881,1,Tall,0
11881,11,기본,0
11882,4,HOT,0
11882,1,Tall,0
11882,11,기본,0
11882,6,샷 추가 (+1),500
11882,8,헤이즐넛 시럽,300
11883,5,ICE,0
11883,2,Grande,500
11883,6,샷 추가 (+1),500
11884,4,HOT,0
11884,1,Tall,0
11884,11,기본,0
11885,4,HOT,0
11885,1,Tall,0
11886,4,HOT,0
11886,1,Tall,0
11886,12,덜 달게,0
11887,4,HOT,0
11887,3,Venti,1000
11887,6,샷 추가 (+1),500
11888,4,HOT,0
11888,3,Venti,1000
11888,13,더 달게,0
11889,4,HOT,0
11889,3,Venti,1000
11889,7,바닐라 시럽,300
11890,4,HOT,0
11890,2,Grande,500
11890,11,기본,0
11891,5,ICE,0
11891,3,Venti,1000
11891,11,기본,0
11892,4,HOT,0
11892,2,Grande,500
11892,11,기본,0
11892,9,카라멜 시럽,300
11893,5,ICE,0
11893,1,Tall,0
11894,5,ICE,0
11894,3,Venti,1000
11895,5,ICE,0
11895,2,Grande,500
11895,11,기본,0
11895,6,샷 추가 (+1),500
11895,10,휘핑크림 추가,500
11896,4,HOT,0
11896,2,Grande,500
11896,13,더 달게,0
11896,9,카라멜 시럽,300
11897,4,HOT,0
11897,1,Tall,0
11897,12,덜 달게,0
11897,6,샷 추가 (+1),500
11897,9,카라멜 시럽,300
11898,4,HOT,0
11898,2,Grande,500
11898,13,더 달게,0
11899,4,HOT,0
11899,1,Tall,0
11899,11,기본,0
11899,6,샷 추가 (+1),500
11900,4,HOT,0
11900,1,Tall,0
11900,13,더 달게,0
11900,6,샷 추가 (+1),500
11901,5,ICE,0
11901,2,Grande,500
11901,11,기본,0
11901,6,샷 추가 (+1),500
11902,4,HOT,0
11902,1,Tall,0
11902,12,덜 달게,0
11902,6,샷 추가 (+1),500
11903,4,HOT,0
11903,3,Venti,1000
11903,13,더 달게,0
11904,4,HOT,0
11904,2,Grande,500
11904,13,더 달게,0
11904,7,바닐라 시럽,300
11905,5,ICE,0
11905,1,Tall,0
11905,13,더 달게,0
11905,7,바닐라 시럽,300
11906,4,HOT,0
11906,3,Venti,1000
11906,11,기본,0
11906,10,휘핑크림 추가,500
11907,4,HOT,0
11907,1,Tall,0
11907,6,샷 추가 (+1),500
11907,8,헤이즐넛 시럽,300
11908,4,HOT,0
11908,2,Grande,500
11908,6,샷 추가 (+1),500
11909,4,HOT,0
11909,1,Tall,0
11909,12,덜 달게,0
11910,4,HOT,0
11910,3,Venti,1000
11910,11,기본,0
11911,5,ICE,0
11911,1,Tall,0
11911,6,샷 추가 (+1),500
11912,5,ICE,0
11912,3,Venti,1000
11912,11,기본,0
11913,4,HOT,0
11913,1,Tall,0
11914,4,HOT,0
11914,3,Venti,1000
11914,13,더 달게,0
11915,5,ICE,0
11915,2,Grande,500
11915,6,샷 추가 (+1),500
11916,5,ICE,0
11916,2,Grande,500
11916,11,기본,0
11917,4,HOT,0
11917,1,Tall,0
11917,11,기본,0
11918,5,ICE,0
11918,3,Venti,1000
11918,11,기본,0
11919,4,HOT,0
11919,3,Venti,1000
11919,13,더 달게,0
11920,5,ICE,0
11920,2,Grande,500
11920,11,기본,0
11921,5,ICE,0
11921,2,Grande,500
11922,4,HOT,0
11922,1,Tall,0
11922,11,기본,0
11923,5,ICE,0
11923,3,Venti,1000
11923,11,기본,0
11924,4,HOT,0
11924,3,Venti,1000
11924,11,기본,0
11924,7,바닐라 시럽,300
11925,4,HOT,0
11925,1,Tall,0
11925,13,더 달게,0
11925,6,샷 추가 (+1),500
11926,4,HOT,0
11926,2,Grande,500
11926,12,덜 달게,0
11927,4,HOT,0
11927,2,Grande,500
11927,11,기본,0
11927,7,바닐라 시럽,300
11928,4,HOT,0
11928,1,Tall,0
11928,6,샷 추가 (+1),500
11929,4,HOT,0
11929,1,Tall,0
11930,4,HOT,0
11930,1,Tall,0
11930,11,기본,0
11931,4,HOT,0
11931,3,Venti,1000
11931,6,샷 추가 (+1),500
11932,4,HOT,0
11932,1,Tall,0
11932,13,더 달게,0
11932,10,휘핑크림 추가,500
11933,5,ICE,0
11933,1,Tall,0
11933,12,덜 달게,0
11934,4,HOT,0
11934,3,Venti,1000
11934,12,덜 달게,0
11934,7,바닐라 시럽,300
11934,10,휘핑크림 추가,500
11935,4,HOT,0
11935,1,Tall,0
11935,13,더 달게,0
11935,10,휘핑크림 추가,500
11936,4,HOT,0
11936,2,Grande,500
11936,13,더 달게,0
11937,4,HOT,0
11937,2,Grande,500
11937,12,덜 달게,0
11937,6,샷 추가 (+1),500
11937,9,카라멜 시럽,300
11938,5,ICE,0
11938,1,Tall,0
11938,11,기본,0
11938,6,샷 추가 (+1),500
11939,5,ICE,0
11939,1,Tall,0
11939,13,더 달게,0
11940,4,HOT,0
11940,2,Grande,500
11941,4,HOT,0
11941,3,Venti,1000
11941,6,샷 추가 (+1),500
11941,7,바닐라 시럽,300
11942,5,ICE,0
11942,2,Grande,500
11943,5,ICE,0
11943,1,Tall,0
11944,4,HOT,0
11944,3,Venti,1000
11945,4,HOT,0
11945,2,Grande,500
11946,5,ICE,0
11946,2,Grande,500
11946,11,기본,0
11946,6,샷 추가 (+1),500
11946,7,바닐라 시럽,300
11947,5,ICE,0
11947,3,Venti,1000
11948,4,HOT,0
11948,2,Grande,500
11948,6,샷 추가 (+1),500
11949,4,HOT,0
11949,2,Grande,500
11950,5,ICE,0
11950,1,Tall,0
11951,5,ICE,0
11951,2,Grande,500
11951,12,덜 달게,0
11952,4,HOT,0
11952,3,Venti,1000
11952,11,기본,0
11952,6,샷 추가 (+1),500
11952,9,카라멜 시럽,300
11953,5,ICE,0
11953,2,Grande,500
11953,9,카라멜 시럽,300
11954,4,HOT,0
11954,3,Venti,1000
11954,12,덜 달게,0
11955,4,HOT,0
11955,2,Grande,500
11955,11,기본,0
11955,6,샷 추가 (+1),500
11955,7,바닐라 시럽,300
11956,5,ICE,0
11956,3,Venti,1000
11956,13,더 달게,0
11956,6,샷 추가 (+1),500
11956,10,휘핑크림 추가,500
11957,4,HOT,0
11957,2,Grande,500
11957,12,덜 달게,0
11957,6,샷 추가 (+1),500
11958,4,HOT,0
11958,1,Tall,0
11958,9,카라멜 시럽,300
11959,5,ICE,0
11959,1,Tall,0
11960,4,HOT,0
11960,2,Grande,500
11961,5,ICE,0
11961,3,Venti,1000
11961,13,더 달게,0
11961,6,샷 추가 (+1),500
11962,4,HOT,0
11962,1,Tall,0
11962,13,더 달게,0
11963,4,HOT,0
11963,2,Grande,500
11964,5,ICE,0
11964,3,Venti,1000
11964,12,덜 달게,0
11965,5,ICE,0
11965,3,Venti,1000
11965,12,덜 달게,0
11965,10,휘핑크림 추가,500
11966,4,HOT,0
11966,3,Venti,1000
11966,6,샷 추가 (+1),500
11967,5,ICE,0
11967,2,Grande,500
11967,11,기본,0
11968,5,ICE,0
11968,3,Venti,1000
11968,9,카라멜 시럽,300
11969,5,ICE,0
11969,1,Tall,0
11969,11,기본,0
11969,6,샷 추가 (+1),500
11970,4,HOT,0
11970,2,Grande,500
11970,11,기본,0
11971,4,HOT,0
11971,2,Grande,500
11971,6,샷 추가 (+1),500
11972,4,HOT,0
11972,2,Grande,500
11972,11,기본,0
11972,9,카라멜 시럽,300
11973,4,HOT,0
11973,1,Tall,0
11973,11,기본,0
11974,5,ICE,0
11974,1,Tall,0
11975,5,ICE,0
11975,3,Venti,1000
11975,11,기본,0
11975,6,샷 추가 (+1),500
11976,5,ICE,0
11976,1,Tall,0
11976,12,덜 달게,0
11976,6,샷 추가 (+1),500
11976,9,카라멜 시럽,300
11977,5,ICE,0
11977,2,Grande,500
11977,8,헤이즐넛 시럽,300
11978,5,ICE,0
11978,2,Grande,500
11978,6,샷 추가 (+1),500
11979,4,HOT,0
11979,2,Grande,500
11979,11,기본,0
11979,6,샷 추가 (+1),500
11979,9,카라멜 시럽,300
11980,4,HOT,0
11980,1,Tall,0
11980,11,기본,0
11980,6,샷 추가 (+1),500
11980,8,헤이즐넛 시럽,300
11980,10,휘핑크림 추가,500
11981,5,ICE,0
11981,1,Tall,0
11981,11,기본,0
11982,5,ICE,0
11982,2,Grande,500
11982,11,기본,0
11982,7,바닐라 시럽,300
11982,10,휘핑크림 추가,500
11983,4,HOT,0
11983,2,Grande,500
11984,5,ICE,0
11984,1,Tall,0
11985,5,ICE,0
11985,2,Grande,500
11986,5,ICE,0
11986,1,Tall,0
11986,13,더 달게,0
11986,7,바닐라 시럽,300
11987,4,HOT,0
11987,2,Grande,500
11987,13,더 달게,0
11987,9,카라멜 시럽,300
11988,4,HOT,0
11988,1,Tall,0
11988,13,더 달게,0
11989,4,HOT,0
11989,3,Venti,1000
11989,7,바닐라 시럽,300
11989,10,휘핑크림 추가,500
11990,4,HOT,0
11990,2,Grande,500
11990,8,헤이즐넛 시럽,300
11991,4,HOT,0
11991,2,Grande,500
11991,13,더 달게,0
11991,6,샷 추가 (+1),500
11991,10,휘핑크림 추가,500
11992,5,ICE,0
11992,1,Tall,0
11993,5,ICE,0
11993,3,Venti,1000
11994,4,HOT,0
11994,1,Tall,0
11994,13,더 달게,0
11994,8,헤이즐넛 시럽,300
11995,4,HOT,0
11995,1,Tall,0
11995,13,더 달게,0
11995,6,샷 추가 (+1),500
11996,4,HOT,0
11996,3,Venti,1000
11996,6,샷 추가 (+1),500
11996,10,휘핑크림 추가,500
11997,5,ICE,0
11997,2,Grande,500
11998,4,HOT,0
11998,1,Tall,0
11998,6,샷 추가 (+1),500
11998,9,카라멜 시럽,300
11999,4,HOT,0
11999,1,Tall,0
12000,4,HOT,0
12000,2,Grande,500
12000,11,기본,0
12001,4,HOT,0
12001,1,Tall,0
12002,5,ICE,0
12002,1,Tall,0
12002,8,헤이즐넛 시럽,300
12002,10,휘핑크림 추가,500
12003,4,HOT,0
12003,3,Venti,1000
12004,4,HOT,0
12004,2,Grande,500
12004,10,휘핑크림 추가,500
12005,4,HOT,0
12005,3,Venti,1000
12005,11,기본,0
12005,8,헤이즐넛 시럽,300
12006,4,HOT,0
12006,3,Venti,1000
12006,13,더 달게,0
12006,6,샷 추가 (+1),500
12007,4,HOT,0
12007,2,Grande,500
12007,13,더 달게,0
12008,5,ICE,0
12008,1,Tall,0
12009,4,HOT,0
12009,1,Tall,0
12010,4,HOT,0
12010,1,Tall,0
12010,12,덜 달게,0
12011,4,HOT,0
12011,1,Tall,0
12011,13,더 달게,0
12011,8,헤이즐넛 시럽,300
12012,4,HOT,0
12012,2,Grande,500
12013,4,HOT,0
12013,2,Grande,500
12013,10,휘핑크림 추가,500
12014,4,HOT,0
12014,1,Tall,0
12014,13,더 달게,0
12014,6,샷 추가 (+1),500
12014,7,바닐라 시럽,300
12015,4,HOT,0
12015,3,Venti,1000
12016,5,ICE,0
12016,2,Grande,500
12016,6,샷 추가 (+1),500
12017,4,HOT,0
12017,1,Tall,0
12017,11,기본,0
12017,6,샷 추가 (+1),500
12018,4,HOT,0
12018,2,Grande,500
12018,13,더 달게,0
12018,8,헤이즐넛 시럽,300
12019,4,HOT,0
12019,1,Tall,0
12019,12,덜 달게,0
12020,5,ICE,0
12020,3,Venti,1000
12020,12,덜 달게,0
12021,4,HOT,0
12021,1,Tall,0
12021,11,기본,0
12022,4,HOT,0
12022,1,Tall,0
12022,11,기본,0
12023,4,HOT,0
12023,3,Venti,1000
12023,11,기본,0
12023,6,샷 추가 (+1),500
12024,5,ICE,0
12024,3,Venti,1000
12024,11,기본,0
12025,4,HOT,0
12025,1,Tall,0
12025,13,더 달게,0
12026,5,ICE,0
12026,1,Tall,0
12026,11,기본,0
12026,10,휘핑크림 추가,500
12027,5,ICE,0
12027,1,Tall,0
12027,11,기본,0
12028,5,ICE,0
12028,2,Grande,500
12028,13,더 달게,0
12029,5,ICE,0
12029,1,Tall,0
12029,6,샷 추가 (+1),500
12030,5,ICE,0
12030,3,Venti,1000
12030,11,기본,0
12030,6,샷 추가 (+1),500
12031,4,HOT,0
12031,2,Grande,500
12032,4,HOT,0
12032,1,Tall,0
12032,12,덜 달게,0
12032,6,샷 추가 (+1),500
12033,4,HOT,0
12033,1,Tall,0
12033,6,샷 추가 (+1),500
12033,7,바닐라 시럽,300
12034,5,ICE,0
12034,3,Venti,1000
12034,11,기본,0
12034,7,바닐라 시럽,300
12035,4,HOT,0
12035,2,Grande,500
12035,11,기본,0
12035,6,샷 추가 (+1),500
12036,4,HOT,0
12036,1,Tall,0
12036,8,헤이즐넛 시럽,300
12036,10,휘핑크림 추가,500
12037,5,ICE,0
12037,2,Grande,500
12037,7,바닐라 시럽,300
12038,5,ICE,0
12038,2,Grande,500
12039,5,ICE,0
12039,2,Grande,500
12040,4,HOT,0
12040,1,Tall,0
12040,9,카라멜 시럽,300
12041,5,ICE,0
12041,1,Tall,0
12041,11,기본,0
12041,7,바닐라 시럽,300
12042,5,ICE,0
12042,2,Grande,500
12042,11,기본,0
12043,4,HOT,0
12043,2,Grande,500
12043,12,덜 달게,0
12043,6,샷 추가 (+1),500
12044,5,ICE,0
12044,1,Tall,0
12044,9,카라멜 시럽,300
12045,5,ICE,0
12045,2,Grande,500
12046,4,HOT,0
12046,2,Grande,500
12046,13,더 달게,0
12047,5,ICE,0
12047,2,Grande,500
12047,12,덜 달게,0
12048,5,ICE,0
12048,2,Grande,500
12048,11,기본,0
12049,5,ICE,0
12049,3,Venti,1000
12049,11,기본,0
12049,6,샷 추가 (+1),500
12049,10,휘핑크림 추가,500
12050,5,ICE,0
12050,3,Venti,1000
12050,12,덜 달게,0
12050,7,바닐라 시럽,300
12051,4,HOT,0
12051,3,Venti,1000
12051,6,샷 추가 (+1),500
12052,4,HOT,0
12052,3,Venti,1000
12052,6,샷 추가 (+1),500
12053,5,ICE,0
12053,1,Tall,0
12053,13,더 달게,0
12054,4,HOT,0
12054,2,Grande,500
12054,13,더 달게,0
12055,4,HOT,0
12055,2,Grande,500
12055,12,덜 달게,0
12056,5,ICE,0
12056,1,Tall,0
12056,6,샷 추가 (+1),500
12057,5,ICE,0
12057,1,Tall,0
12057,11,기본,0
12057,6,샷 추가 (+1),500
12057,10,휘핑크림 추가,500
12058,5,ICE,0
12058,3,Venti,1000
12058,6,샷 추가 (+1),500
12058,9,카라멜 시럽,300
12059,4,HOT,0
12059,2,Grande,500
12059,6,샷 추가 (+1),500
12059,8,헤이즐넛 시럽,300
12060,4,HOT,0
12060,3,Venti,1000
12060,10,휘핑크림 추가,500
12061,4,HOT,0
12061,1,Tall,0
12061,11,기본,0
12061,6,샷 추가 (+1),500
12062,4,HOT,0
12062,1,Tall,0
12062,6,샷 추가 (+1),500
12062,8,헤이즐넛 시럽,300
12063,5,ICE,0
12063,2,Grande,500
12064,4,HOT,0
12064,1,Tall,0
12064,9,카라멜 시럽,300
12065,5,ICE,0
12065,2,Grande,500
12065,13,더 달게,0
12066,5,ICE,0
12066,3,Venti,1000
12066,12,덜 달게,0
12067,4,HOT,0
12067,1,Tall,0
12067,12,덜 달게,0
12068,5,ICE,0
12068,3,Venti,1000
12068,11,기본,0
12068,6,샷 추가 (+1),500
12069,5,ICE,0
12069,1,Tall,0
12069,10,휘핑크림 추가,500
12070,4,HOT,0
12070,2,Grande,500
12070,6,샷 추가 (+1),500
12071,5,ICE,0
12071,1,Tall,0
12071,11,기본,0
12072,4,HOT,0
12072,2,Grande,500
12072,6,샷 추가 (+1),500
12073,5,ICE,0
12073,1,Tall,0
12073,11,기본,0
12073,6,샷 추가 (+1),500
12074,5,ICE,0
12074,3,Venti,1000
12074,11,기본,0
12074,6,샷 추가 (+1),500
12075,5,ICE,0
12075,1,Tall,0
12075,12,덜 달게,0
12075,6,샷 추가 (+1),500
12076,4,HOT,0
12076,2,Grande,500
12077,5,ICE,0
12077,2,Grande,500
12077,11,기본,0
12077,10,휘핑크림 추가,500
12078,4,HOT,0
12078,3,Venti,1000
12078,11,기본,0
12078,8,헤이즐넛 시럽,300
12079,5,ICE,0
12079,2,Grande,500
12079,11,기본,0
12080,4,HOT,0
12080,1,Tall,0
12080,11,기본,0
12081,5,ICE,0
12081,1,Tall,0
12082,4,HOT,0
12082,2,Grande,500
12082,11,기본,0
12083,4,HOT,0
12083,1,Tall,0
12083,6,샷 추가 (+1),500
12084,5,ICE,0
12084,2,Grande,500
12084,11,기본,0
12085,4,HOT,0
12085,1,Tall,0
12085,6,샷 추가 (+1),500
12086,4,HOT,0
12086,1,Tall,0
12086,13,더 달게,0
12087,5,ICE,0
12087,1,Tall,0
12087,6,샷 추가 (+1),500
12088,5,ICE,0
12088,3,Venti,1000
12089,4,HOT,0
12089,3,Venti,1000
12089,11,기본,0
12090,5,ICE,0
12090,2,Grande,500
12091,5,ICE,0
12091,2,Grande,500
12091,11,기본,0
12091,6,샷 추가 (+1),500
12092,4,HOT,0
12092,2,Grande,500
12092,13,더 달게,0
12093,5,ICE,0
12093,2,Grande,500
12093,13,더 달게,0
12093,9,카라멜 시럽,300
12094,4,HOT,0
12094,2,Grande,500
12094,12,덜 달게,0
12095,4,HOT,0
12095,2,Grande,500
12095,13,더 달게,0
12095,7,바닐라 시럽,300
12096,5,ICE,0
12096,1,Tall,0
12097,4,HOT,0
12097,1,Tall,0
12097,11,기본,0
12098,4,HOT,0
12098,2,Grande,500
12098,11,기본,0
12098,6,샷 추가 (+1),500
12098,10,휘핑크림 추가,500
12099,4,HOT,0
12099,2,Grande,500
12099,12,덜 달게,0
12099,6,샷 추가 (+1),500
12100,4,HOT,0
12100,1,Tall,0
12100,10,휘핑크림 추가,500
12101,5,ICE,0
12101,1,Tall,0
12101,11,기본,0
12102,4,HOT,0
12102,2,Grande,500
12102,11,기본,0
12103,4,HOT,0
12103,2,Grande,500
12104,4,HOT,0
12104,2,Grande,500
12104,6,샷 추가 (+1),500
12104,10,휘핑크림 추가,500
12105,5,ICE,0
12105,3,Venti,1000
12105,12,덜 달게,0
12105,6,샷 추가 (+1),500
12105,7,바닐라 시럽,300
12106,4,HOT,0
12106,2,Grande,500
12106,11,기본,0
12107,5,ICE,0
12107,1,Tall,0
12107,11,기본,0
12107,6,샷 추가 (+1),500
12108,5,ICE,0
12108,2,Grande,500
12109,5,ICE,0
12109,1,Tall,0
12109,12,덜 달게,0
12110,4,HOT,0
12110,2,Grande,500
12111,4,HOT,0
12111,1,Tall,0
12111,13,더 달게,0
12111,6,샷 추가 (+1),500
12112,4,HOT,0
12112,1,Tall,0
12113,4,HOT,0
12113,1,Tall,0
12113,13,더 달게,0
12113,10,휘핑크림 추가,500
12114,4,HOT,0
12114,1,Tall,0
12114,11,기본,0
12114,9,카라멜 시럽,300
12115,4,HOT,0
12115,1,Tall,0
12116,4,HOT,0
12116,2,Grande,500
12117,5,ICE,0
12117,3,Venti,1000
12117,13,더 달게,0
12118,4,HOT,0
12118,3,Venti,1000
12118,12,덜 달게,0
12118,10,휘핑크림 추가,500
12119,4,HOT,0
12119,1,Tall,0
12120,5,ICE,0
12120,2,Grande,500
12121,4,HOT,0
12121,1,Tall,0
12121,13,더 달게,0
12122,4,HOT,0
12122,3,Venti,1000
12122,13,더 달게,0
12122,9,카라멜 시럽,300
12123,5,ICE,0
12123,2,Grande,500
12123,11,기본,0
12124,4,HOT,0
12124,1,Tall,0
12125,4,HOT,0
12125,1,Tall,0
12125,11,기본,0
12126,4,HOT,0
12126,1,Tall,0
12126,13,더 달게,0
12126,6,샷 추가 (+1),500
12127,4,HOT,0
12127,3,Venti,1000
12128,4,HOT,0
12128,1,Tall,0
12128,13,더 달게,0
12128,8,헤이즐넛 시럽,300
12129,4,HOT,0
12129,2,Grande,500
12129,11,기본,0
12130,5,ICE,0
12130,3,Venti,1000
12130,11,기본,0
12131,4,HOT,0
12131,2,Grande,500
12131,12,덜 달게,0
12132,4,HOT,0
12132,3,Venti,1000
12132,13,더 달게,0
12133,5,ICE,0
12133,1,Tall,0
12133,6,샷 추가 (+1),500
12133,8,헤이즐넛 시럽,300
12134,4,HOT,0
12134,1,Tall,0
12134,13,더 달게,0
12135,4,HOT,0
12135,3,Venti,1000
12135,6,샷 추가 (+1),500
12135,7,바닐라 시럽,300
12136,4,HOT,0
12136,1,Tall,0
12136,11,기본,0
12137,4,HOT,0
12137,1,Tall,0
12137,13,더 달게,0
12137,6,샷 추가 (+1),500
12137,9,카라멜 시럽,300
12138,4,HOT,0
12138,2,Grande,500
12138,11,기본,0
12138,8,헤이즐넛 시럽,300
12139,5,ICE,0
12139,2,Grande,500
12139,10,휘핑크림 추가,500
12140,4,HOT,0
12140,3,Venti,1000
12141,5,ICE,0
12141,2,Grande,500
12141,11,기본,0
12142,4,HOT,0
12142,2,Grande,500
12142,13,더 달게,0
12143,4,HOT,0
12143,2,Grande,500
12143,13,더 달게,0
12144,4,HOT,0
12144,2,Grande,500
12144,12,덜 달게,0
12145,4,HOT,0
12145,1,Tall,0
12145,13,더 달게,0
12145,6,샷 추가 (+1),500
12146,4,HOT,0
12146,3,Venti,1000
12146,12,덜 달게,0
12147,4,HOT,0
12147,3,Venti,1000
12147,6,샷 추가 (+1),500
12148,4,HOT,0
12148,3,Venti,1000
12148,6,샷 추가 (+1),500
12148,8,헤이즐넛 시럽,300
12148,10,휘핑크림 추가,500
12149,5,ICE,0
12149,1,Tall,0
12149,6,샷 추가 (+1),500
12150,4,HOT,0
12150,1,Tall,0
12150,6,샷 추가 (+1),500
12151,5,ICE,0
12151,2,Grande,500
12151,13,더 달게,0
12151,6,샷 추가 (+1),500
12152,4,HOT,0
12152,2,Grande,500
12152,13,더 달게,0
12153,4,HOT,0
12153,2,Grande,500
12153,11,기본,0
12154,4,HOT,0
12154,1,Tall,0
12154,12,덜 달게,0
12154,6,샷 추가 (+1),500
12155,4,HOT,0
12155,1,Tall,0
12155,11,기본,0
12155,7,바닐라 시럽,300
12155,10,휘핑크림 추가,500
12156,5,ICE,0
12156,1,Tall,0
12156,12,덜 달게,0
12156,10,휘핑크림 추가,500
12157,4,HOT,0
12157,1,Tall,0
12157,12,덜 달게,0
12157,6,샷 추가 (+1),500
12158,4,HOT,0
12158,1,Tall,0
12158,10,휘핑크림 추가,500
12159,4,HOT,0
12159,2,Grande,500
12159,13,더 달게,0
12160,5,ICE,0
12160,2,Grande,500
12161,5,ICE,0
12161,1,Tall,0
12161,12,덜 달게,0
12161,6,샷 추가 (+1),500
12162,5,ICE,0
12162,3,Venti,1000
12163,5,ICE,0
12163,2,Grande,500
12163,6,샷 추가 (+1),500
12163,9,카라멜 시럽,300
12164,4,HOT,0
12164,1,Tall,0
12165,5,ICE,0
12165,3,Venti,1000
12165,6,샷 추가 (+1),500
12165,8,헤이즐넛 시럽,300
12166,5,ICE,0
12166,2,Grande,500
12166,6,샷 추가 (+1),500
12166,8,헤이즐넛 시럽,300
12167,4,HOT,0
12167,1,Tall,0
12167,6,샷 추가 (+1),500
12168,4,HOT,0
12168,2,Grande,500
12168,6,샷 추가 (+1),500
12169,4,HOT,0
12169,1,Tall,0
12169,11,기본,0
12170,4,HOT,0
12170,3,Venti,1000
12170,6,샷 추가 (+1),500
12171,4,HOT,0
12171,2,Grande,500
12172,4,HOT,0
12172,1,Tall,0
12172,8,헤이즐넛 시럽,300
12173,4,HOT,0
12173,3,Venti,1000
12173,6,샷 추가 (+1),500
12174,4,HOT,0
12174,1,Tall,0
12174,13,더 달게,0
12175,4,HOT,0
12175,1,Tall,0
12175,12,덜 달게,0
12176,4,HOT,0
12176,2,Grande,500
12177,4,HOT,0
12177,1,Tall,0
12178,4,HOT,0
12178,3,Venti,1000
12178,11,기본,0
12178,6,샷 추가 (+1),500
12179,4,HOT,0
12179,1,Tall,0
12180,4,HOT,0
12180,1,Tall,0
12180,13,더 달게,0
12180,8,헤이즐넛 시럽,300
12181,5,ICE,0
12181,2,Grande,500
12182,4,HOT,0
12182,1,Tall,0
12182,11,기본,0
12183,4,HOT,0
12183,2,Grande,500
12183,11,기본,0
12184,4,HOT,0
12184,1,Tall,0
12184,12,덜 달게,0
12185,5,ICE,0
12185,1,Tall,0
12185,11,기본,0
12185,10,휘핑크림 추가,500
12186,5,ICE,0
12186,2,Grande,500
12186,11,기본,0
12186,6,샷 추가 (+1),500
12187,4,HOT,0
12187,2,Grande,500
12187,12,덜 달게,0
12187,6,샷 추가 (+1),500
12188,5,ICE,0
12188,1,Tall,0
12188,6,샷 추가 (+1),500
12189,5,ICE,0
12189,1,Tall,0
12189,11,기본,0
12190,5,ICE,0
12190,2,Grande,500
12191,5,ICE,0
12191,1,Tall,0
12191,11,기본,0
12191,6,샷 추가 (+1),500
12191,9,카라멜 시럽,300
12191,10,휘핑크림 추가,500
12192,5,ICE,0
12192,3,Venti,1000
12193,5,ICE,0
12193,1,Tall,0
12193,11,기본,0
12193,9,카라멜 시럽,300
12194,4,HOT,0
12194,1,Tall,0
12195,4,HOT,0
12195,1,Tall,0
12195,11,기본,0
12196,4,HOT,0
12196,1,Tall,0
12196,6,샷 추가 (+1),500
12197,5,ICE,0
12197,1,Tall,0
12197,6,샷 추가 (+1),500
12198,5,ICE,0
12198,1,Tall,0
12198,11,기본,0
12199,4,HOT,0
12199,3,Venti,1000
12199,13,더 달게,0
12199,6,샷 추가 (+1),500
12200,4,HOT,0
12200,1,Tall,0
12201,5,ICE,0
12201,2,Grande,500
12201,12,덜 달게,0
12202,5,ICE,0
12202,2,Grande,500
12202,11,기본,0
12203,5,ICE,0
12203,1,Tall,0
12203,13,더 달게,0
12204,4,HOT,0
12204,1,Tall,0
12205,5,ICE,0
12205,1,Tall,0
12205,11,기본,0
12205,9,카라멜 시럽,300
12206,4,HOT,0
12206,1,Tall,0
12206,13,더 달게,0
12206,6,샷 추가 (+1),500
12207,5,ICE,0
12207,1,Tall,0
12207,13,더 달게,0
12208,4,HOT,0
12208,2,Grande,500
12208,12,덜 달게,0
12209,4,HOT,0
12209,1,Tall,0
12210,4,HOT,0
12210,2,Grande,500
12210,12,덜 달게,0
12210,7,바닐라 시럽,300
12211,4,HOT,0
12211,2,Grande,500
12211,6,샷 추가 (+1),500
12212,4,HOT,0
12212,1,Tall,0
12212,13,더 달게,0
12212,6,샷 추가 (+1),500
12213,4,HOT,0
12213,3,Venti,1000
12213,11,기본,0
12213,6,샷 추가 (+1),500
12214,5,ICE,0
12214,3,Venti,1000
12214,12,덜 달게,0
12214,6,샷 추가 (+1),500
12215,5,ICE,0
12215,1,Tall,0
12215,12,덜 달게,0
12216,5,ICE,0
12216,2,Grande,500
12216,13,더 달게,0
12217,4,HOT,0
12217,2,Grande,500
12217,11,기본,0
12218,4,HOT,0
12218,2,Grande,500
12218,11,기본,0
12218,6,샷 추가 (+1),500
12218,9,카라멜 시럽,300
12219,4,HOT,0
12219,2,Grande,500
12219,11,기본,0
12220,4,HOT,0
12220,2,Grande,500
12221,4,HOT,0
12221,3,Venti,1000
12221,12,덜 달게,0
12222,4,HOT,0
12222,2,Grande,500
12223,4,HOT,0
12223,3,Venti,1000
12223,13,더 달게,0
12224,4,HOT,0
12224,1,Tall,0
12224,11,기본,0
12225,4,HOT,0
12225,2,Grande,500
12225,12,덜 달게,0
12226,5,ICE,0
12226,3,Venti,1000
12226,6,샷 추가 (+1),500
12227,4,HOT,0
12227,1,Tall,0
12227,6,샷 추가 (+1),500
12227,7,바닐라 시럽,300
12228,5,ICE,0
12228,1,Tall,0
12229,5,ICE,0
12229,1,Tall,0
12229,11,기본,0
12230,4,HOT,0
12230,1,Tall,0
12230,12,덜 달게,0
12231,5,ICE,0
12231,2,Grande,500
12232,5,ICE,0
12232,1,Tall,0
12232,13,더 달게,0
12233,4,HOT,0
12233,3,Venti,1000
12233,13,더 달게,0
12234,4,HOT,0
12234,1,Tall,0
12234,12,덜 달게,0
12234,6,샷 추가 (+1),500
12234,8,헤이즐넛 시럽,300
12235,5,ICE,0
12235,1,Tall,0
12235,6,샷 추가 (+1),500
12235,8,헤이즐넛 시럽,300
12235,10,휘핑크림 추가,500
12236,4,HOT,0
12236,2,Grande,500
12236,11,기본,0
12237,5,ICE,0
12237,2,Grande,500
12237,6,샷 추가 (+1),500
12238,4,HOT,0
12238,1,Tall,0
12238,13,더 달게,0
12238,8,헤이즐넛 시럽,300
12239,5,ICE,0
12239,2,Grande,500
12239,6,샷 추가 (+1),500
12240,5,ICE,0
12240,1,Tall,0
12240,11,기본,0
12241,4,HOT,0
12241,1,Tall,0
12242,4,HOT,0
12242,3,Venti,1000
12242,12,덜 달게,0
12243,4,HOT,0
12243,1,Tall,0
12243,10,휘핑크림 추가,500
12244,4,HOT,0
12244,3,Venti,1000
12244,13,더 달게,0
12244,6,샷 추가 (+1),500
12245,5,ICE,0
12245,2,Grande,500
12245,11,기본,0
12245,6,샷 추가 (+1),500
12246,4,HOT,0
12246,1,Tall,0
12246,11,기본,0
12247,5,ICE,0
12247,1,Tall,0
12248,5,ICE,0
12248,1,Tall,0
12248,6,샷 추가 (+1),500
12249,5,ICE,0
12249,1,Tall,0
12249,12,덜 달게,0
12250,4,HOT,0
12250,1,Tall,0
12250,11,기본,0
12250,6,샷 추가 (+1),500
12251,5,ICE,0
12251,1,Tall,0
12251,11,기본,0
12252,4,HOT,0
12252,2,Grande,500
12252,13,더 달게,0
12253,4,HOT,0
12253,2,Grande,500
12253,12,덜 달게,0
12254,4,HOT,0
12254,2,Grande,500
12254,12,덜 달게,0
12254,6,샷 추가 (+1),500
12254,7,바닐라 시럽,300
12255,5,ICE,0
12255,1,Tall,0
12255,12,덜 달게,0
12255,6,샷 추가 (+1),500
12256,4,HOT,0
12256,1,Tall,0
12256,12,덜 달게,0
12256,9,카라멜 시럽,300
12256,10,휘핑크림 추가,500
12257,5,ICE,0
12257,2,Grande,500
12257,13,더 달게,0
12257,6,샷 추가 (+1),500
12257,8,헤이즐넛 시럽,300
12258,4,HOT,0
12258,3,Venti,1000
12259,4,HOT,0
12259,2,Grande,500
12259,12,덜 달게,0
12259,6,샷 추가 (+1),500
12260,4,HOT,0
12260,3,Venti,1000
12260,6,샷 추가 (+1),500
12260,9,카라멜 시럽,300
12261,4,HOT,0
12261,2,Grande,500
12261,11,기본,0
12262,5,ICE,0
12262,2,Grande,500
12262,13,더 달게,0
12263,4,HOT,0
12263,2,Grande,500
12263,11,기본,0
12263,6,샷 추가 (+1),500
12264,4,HOT,0
12264,2,Grande,500
12264,11,기본,0
12265,5,ICE,0
12265,1,Tall,0
12265,13,더 달게,0
12265,6,샷 추가 (+1),500
12266,4,HOT,0
12266,2,Grande,500
12266,12,덜 달게,0
12266,6,샷 추가 (+1),500
12267,4,HOT,0
12267,3,Venti,1000
12267,11,기본,0
12268,4,HOT,0
12268,3,Venti,1000
12268,12,덜 달게,0
12269,5,ICE,0
12269,1,Tall,0
12269,11,기본,0
12270,5,ICE,0
12270,2,Grande,500
12271,4,HOT,0
12271,1,Tall,0
12272,5,ICE,0
12272,3,Venti,1000
12272,12,덜 달게,0
12272,8,헤이즐넛 시럽,300
12273,4,HOT,0
12273,1,Tall,0
12273,6,샷 추가 (+1),500
12273,7,바닐라 시럽,300
12274,4,HOT,0
12274,1,Tall,0
12275,4,HOT,0
12275,1,Tall,0
12275,6,샷 추가 (+1),500
12276,5,ICE,0
12276,1,Tall,0
12276,11,기본,0
12277,4,HOT,0
12277,1,Tall,0
12277,11,기본,0
12277,6,샷 추가 (+1),500
12278,5,ICE,0
12278,2,Grande,500
12279,5,ICE,0
12279,2,Grande,500
12279,11,기본,0
12280,4,HOT,0
12280,2,Grande,500
12281,4,HOT,0
12281,2,Grande,500
12281,11,기본,0
12281,6,샷 추가 (+1),500
12282,5,ICE,0
12282,1,Tall,0
12282,13,더 달게,0
12283,4,HOT,0
12283,1,Tall,0
12283,11,기본,0
12283,6,샷 추가 (+1),500
12284,5,ICE,0
12284,3,Venti,1000
12285,5,ICE,0
12285,2,Grande,500
12286,4,HOT,0
12286,1,Tall,0
12286,6,샷 추가 (+1),500
12287,4,HOT,0
12287,2,Grande,500
12288,4,HOT,0
12288,2,Grande,500
12289,4,HOT,0
12289,2,Grande,500
12289,11,기본,0
12289,6,샷 추가 (+1),500
12289,9,카라멜 시럽,300
12290,5,ICE,0
12290,2,Grande,500
12290,12,덜 달게,0
12290,7,바닐라 시럽,300
12290,10,휘핑크림 추가,500
12291,5,ICE,0
12291,2,Grande,500
12291,8,헤이즐넛 시럽,300
12292,4,HOT,0
12292,3,Venti,1000
12293,4,HOT,0
12293,2,Grande,500
12293,13,더 달게,0
12294,4,HOT,0
12294,2,Grande,500
12294,6,샷 추가 (+1),500
12294,7,바닐라 시럽,300
12295,5,ICE,0
12295,2,Grande,500
12295,12,덜 달게,0
12296,4,HOT,0
12296,3,Venti,1000
12296,6,샷 추가 (+1),500
12297,5,ICE,0
12297,2,Grande,500
12298,4,HOT,0
12298,1,Tall,0
12298,6,샷 추가 (+1),500
12298,10,휘핑크림 추가,500
12299,4,HOT,0
12299,1,Tall,0
12299,7,바닐라 시럽,300
12300,4,HOT,0
12300,1,Tall,0
12300,11,기본,0
12301,5,ICE,0
12301,2,Grande,500
12301,11,기본,0
12302,5,ICE,0
12302,3,Venti,1000
12302,7,바닐라 시럽,300
12303,5,ICE,0
12303,2,Grande,500
12303,6,샷 추가 (+1),500
12304,5,ICE,0
12304,2,Grande,500
12304,11,기본,0
12305,4,HOT,0
12305,2,Grande,500
12305,11,기본,0
12306,5,ICE,0
12306,2,Grande,500
12306,13,더 달게,0
12307,4,HOT,0
12307,1,Tall,0
12307,12,덜 달게,0
12307,7,바닐라 시럽,300
12308,4,HOT,0
12308,2,Grande,500
12308,11,기본,0
12309,5,ICE,0
12309,2,Grande,500
12310,4,HOT,0
12310,2,Grande,500
12310,11,기본,0
12310,6,샷 추가 (+1),500
12311,4,HOT,0
12311,2,Grande,500
12311,11,기본,0
12311,6,샷 추가 (+1),500
12312,5,ICE,0
12312,2,Grande,500
12312,12,덜 달게,0
12312,6,샷 추가 (+1),500
12313,4,HOT,0
12313,2,Grande,500
12314,5,ICE,0
12314,1,Tall,0
12314,13,더 달게,0
12314,6,샷 추가 (+1),500
12315,4,HOT,0
12315,1,Tall,0
12315,11,기본,0
12316,5,ICE,0
12316,2,Grande,500
12317,5,ICE,0
12317,1,Tall,0
12317,6,샷 추가 (+1),500
12318,5,ICE,0
12318,3,Venti,1000
12318,11,기본,0
12318,6,샷 추가 (+1),500
12319,4,HOT,0
12319,1,Tall,0
12319,11,기본,0
12320,4,HOT,0
12320,3,Venti,1000
12320,6,샷 추가 (+1),500
12320,9,카라멜 시럽,300
12321,4,HOT,0
12321,2,Grande,500
12321,13,더 달게,0
12321,6,샷 추가 (+1),500
12322,4,HOT,0
12322,2,Grande,500
12322,8,헤이즐넛 시럽,300
12323,5,ICE,0
12323,3,Venti,1000
12323,8,헤이즐넛 시럽,300
12324,4,HOT,0
12324,2,Grande,500
12324,11,기본,0
12325,4,HOT,0
12325,1,Tall,0
12326,4,HOT,0
12326,2,Grande,500
12326,11,기본,0
12326,8,헤이즐넛 시럽,300
12327,4,HOT,0
12327,2,Grande,500
12328,4,HOT,0
12328,1,Tall,0
12328,11,기본,0
12329,5,ICE,0
12329,2,Grande,500
12330,4,HOT,0
12330,2,Grande,500
12331,5,ICE,0
12331,1,Tall,0
12331,12,덜 달게,0
12331,6,샷 추가 (+1),500
12331,10,휘핑크림 추가,500
12332,4,HOT,0
12332,1,Tall,0
12333,4,HOT,0
12333,2,Grande,500
12333,11,기본,0
12334,4,HOT,0
12334,2,Grande,500
12334,13,더 달게,0
12335,4,HOT,0
12335,1,Tall,0
12335,6,샷 추가 (+1),500
12336,4,HOT,0
12336,2,Grande,500
12336,6,샷 추가 (+1),500
12337,5,ICE,0
12337,2,Grande,500
12337,6,샷 추가 (+1),500
12338,5,ICE,0
12338,2,Grande,500
12338,10,휘핑크림 추가,500
12339,5,ICE,0
12339,2,Grande,500
12340,4,HOT,0
12340,1,Tall,0
12340,6,샷 추가 (+1),500
12341,4,HOT,0
12341,1,Tall,0
12341,9,카라멜 시럽,300
12342,5,ICE,0
12342,2,Grande,500
12342,11,기본,0
12342,7,바닐라 시럽,300
12343,4,HOT,0
12343,2,Grande,500
12343,12,덜 달게,0
12344,4,HOT,0
12344,2,Grande,500
12344,11,기본,0
12344,6,샷 추가 (+1),500
12345,5,ICE,0
12345,2,Grande,500
12345,7,바닐라 시럽,300
12346,5,ICE,0
12346,1,Tall,0
12346,12,덜 달게,0
12346,10,휘핑크림 추가,500
12347,5,ICE,0
12347,1,Tall,0
12347,11,기본,0
12348,5,ICE,0
12348,1,Tall,0
12349,5,ICE,0
12349,2,Grande,500
12349,11,기본,0
12350,4,HOT,0
12350,1,Tall,0
12350,13,더 달게,0
12350,10,휘핑크림 추가,500
12351,4,HOT,0
12351,2,Grande,500
12351,12,덜 달게,0
12352,4,HOT,0
12352,2,Grande,500
12352,6,샷 추가 (+1),500
12352,7,바닐라 시럽,300
12353,4,HOT,0
12353,2,Grande,500
12353,12,덜 달게,0
12353,10,휘핑크림 추가,500
12354,4,HOT,0
12354,3,Venti,1000
12354,11,기본,0
12355,4,HOT,0
12355,2,Grande,500
12355,11,기본,0
12355,7,바닐라 시럽,300
12356,4,HOT,0
12356,2,Grande,500
12356,6,샷 추가 (+1),500
12356,8,헤이즐넛 시럽,300
12357,4,HOT,0
12357,1,Tall,0
12358,5,ICE,0
12358,1,Tall,0
12359,5,ICE,0
12359,1,Tall,0
12359,6,샷 추가 (+1),500
12360,4,HOT,0
12360,2,Grande,500
12360,11,기본,0
12361,5,ICE,0
12361,2,Grande,500
12361,11,기본,0
12361,6,샷 추가 (+1),500
12362,4,HOT,0
12362,1,Tall,0
12362,7,바닐라 시럽,300
12363,5,ICE,0
12363,3,Venti,1000
12363,12,덜 달게,0
12364,5,ICE,0
12364,1,Tall,0
12365,5,ICE,0
12365,2,Grande,500
12365,13,더 달게,0
12365,8,헤이즐넛 시럽,300
12366,4,HOT,0
12366,1,Tall,0
12367,4,HOT,0
12367,2,Grande,500
12368,4,HOT,0
12368,1,Tall,0
12368,13,더 달게,0
12369,4,HOT,0
12369,3,Venti,1000
12369,11,기본,0
12369,6,샷 추가 (+1),500
12370,5,ICE,0
12370,2,Grande,500
12370,11,기본,0
12371,5,ICE,0
12371,2,Grande,500
12371,12,덜 달게,0
12371,10,휘핑크림 추가,500
12372,4,HOT,0
12372,2,Grande,500
12372,11,기본,0
12373,4,HOT,0
12373,1,Tall,0
12373,11,기본,0
12373,6,샷 추가 (+1),500
12374,4,HOT,0
12374,2,Grande,500
12375,4,HOT,0
12375,2,Grande,500
12375,11,기본,0
12376,5,ICE,0
12376,2,Grande,500
12376,13,더 달게,0
12377,4,HOT,0
12377,2,Grande,500
12377,11,기본,0
12377,6,샷 추가 (+1),500
12377,8,헤이즐넛 시럽,300
12378,4,HOT,0
12378,1,Tall,0
12378,11,기본,0
12378,6,샷 추가 (+1),500
12379,4,HOT,0
12379,3,Venti,1000
12379,10,휘핑크림 추가,500
12380,5,ICE,0
12380,2,Grande,500
12380,7,바닐라 시럽,300
12381,5,ICE,0
12381,1,Tall,0
12382,5,ICE,0
12382,1,Tall,0
12382,13,더 달게,0
12383,4,HOT,0
12383,2,Grande,500
12383,12,덜 달게,0
12384,4,HOT,0
12384,1,Tall,0
12384,11,기본,0
12385,5,ICE,0
12385,3,Venti,1000
12386,5,ICE,0
12386,3,Venti,1000
12386,13,더 달게,0
12386,9,카라멜 시럽,300
12387,5,ICE,0
12387,2,Grande,500
12387,11,기본,0
12388,5,ICE,0
12388,3,Venti,1000
12388,6,샷 추가 (+1),500
12388,9,카라멜 시럽,300
12389,5,ICE,0
12389,2,Grande,500
12389,11,기본,0
12389,6,샷 추가 (+1),500
12390,5,ICE,0
12390,2,Grande,500
12390,8,헤이즐넛 시럽,300
12390,10,휘핑크림 추가,500
12391,4,HOT,0
12391,2,Grande,500
12392,4,HOT,0
12392,2,Grande,500
12392,11,기본,0
12392,6,샷 추가 (+1),500
12392,9,카라멜 시럽,300
12393,5,ICE,0
12393,2,Grande,500
12394,4,HOT,0
12394,3,Venti,1000
12394,11,기본,0
12394,6,샷 추가 (+1),500
12395,5,ICE,0
12395,1,Tall,0
12395,6,샷 추가 (+1),500
12396,5,ICE,0
12396,1,Tall,0
12396,13,더 달게,0
12396,8,헤이즐넛 시럽,300
12397,5,ICE,0
12397,1,Tall,0
12397,6,샷 추가 (+1),500
12398,4,HOT,0
12398,2,Grande,500
12398,11,기본,0
12399,5,ICE,0
12399,1,Tall,0
12399,6,샷 추가 (+1),500
12400,4,HOT,0
12400,2,Grande,500
12400,6,샷 추가 (+1),500
12400,10,휘핑크림 추가,500
12401,4,HOT,0
12401,2,Grande,500
12401,6,샷 추가 (+1),500
12402,5,ICE,0
12402,1,Tall,0
12402,11,기본,0
12403,4,HOT,0
12403,3,Venti,1000
12404,4,HOT,0
12404,2,Grande,500
12404,11,기본,0
12404,10,휘핑크림 추가,500
12405,5,ICE,0
12405,1,Tall,0
12405,11,기본,0
12406,5,ICE,0
12406,1,Tall,0
12406,12,덜 달게,0
12406,9,카라멜 시럽,300
12407,5,ICE,0
12407,2,Grande,500
12407,11,기본,0
12408,4,HOT,0
12408,1,Tall,0
12408,8,헤이즐넛 시럽,300
12409,5,ICE,0
12409,2,Grande,500
12409,13,더 달게,0
12410,4,HOT,0
12410,3,Venti,1000
12410,12,덜 달게,0
12411,4,HOT,0
12411,3,Venti,1000
12411,6,샷 추가 (+1),500
12412,5,ICE,0
12412,2,Grande,500
12412,11,기본,0
12413,4,HOT,0
12413,1,Tall,0
12413,13,더 달게,0
12414,4,HOT,0
12414,1,Tall,0
12414,13,더 달게,0
12414,6,샷 추가 (+1),500
12414,10,휘핑크림 추가,500
12415,4,HOT,0
12415,3,Venti,1000
12416,4,HOT,0
12416,2,Grande,500
12416,11,기본,0
12417,4,HOT,0
12417,1,Tall,0
12417,13,더 달게,0
12418,4,HOT,0
12418,2,Grande,500
12418,6,샷 추가 (+1),500
12418,7,바닐라 시럽,300
12419,4,HOT,0
12419,1,Tall,0
12419,6,샷 추가 (+1),500
12420,4,HOT,0
12420,1,Tall,0
12420,11,기본,0
12421,4,HOT,0
12421,2,Grande,500
12421,11,기본,0
12422,4,HOT,0
12422,2,Grande,500
12422,7,바닐라 시럽,300
12423,4,HOT,0
12423,2,Grande,500
12424,5,ICE,0
12424,1,Tall,0
12424,6,샷 추가 (+1),500
12425,5,ICE,0
12425,2,Grande,500
12425,12,덜 달게,0
12426,5,ICE,0
12426,2,Grande,500
12426,11,기본,0
12426,9,카라멜 시럽,300
12427,4,HOT,0
12427,1,Tall,0
12427,11,기본,0
12427,9,카라멜 시럽,300
12428,4,HOT,0
12428,3,Venti,1000
12428,13,더 달게,0
12429,4,HOT,0
12429,2,Grande,500
12430,5,ICE,0
12430,2,Grande,500
12430,6,샷 추가 (+1),500
12431,4,HOT,0
12431,2,Grande,500
12432,4,HOT,0
12432,1,Tall,0
12433,4,HOT,0
12433,3,Venti,1000
12433,7,바닐라 시럽,300
12434,4,HOT,0
12434,1,Tall,0
12434,6,샷 추가 (+1),500
12435,4,HOT,0
12435,1,Tall,0
12435,12,덜 달게,0
12436,5,ICE,0
12436,1,Tall,0
12436,6,샷 추가 (+1),500
12437,4,HOT,0
12437,1,Tall,0
12437,13,더 달게,0
12438,4,HOT,0
12438,2,Grande,500
12439,4,HOT,0
12439,1,Tall,0
12439,9,카라멜 시럽,300
12440,4,HOT,0
12440,1,Tall,0
12440,13,더 달게,0
12441,5,ICE,0
12441,2,Grande,500
12442,4,HOT,0
12442,1,Tall,0
12442,12,덜 달게,0
12443,4,HOT,0
12443,1,Tall,0
12443,11,기본,0
12444,4,HOT,0
12444,2,Grande,500
12444,8,헤이즐넛 시럽,300
12445,4,HOT,0
12445,2,Grande,500
12446,5,ICE,0
12446,2,Grande,500
12446,12,덜 달게,0
12447,5,ICE,0
12447,1,Tall,0
12447,13,더 달게,0
12447,6,샷 추가 (+1),500
12447,10,휘핑크림 추가,500
12448,4,HOT,0
12448,2,Grande,500
12449,5,ICE,0
12449,1,Tall,0
12449,11,기본,0
12449,6,샷 추가 (+1),500
12449,8,헤이즐넛 시럽,300
12449,10,휘핑크림 추가,500
12450,4,HOT,0
12450,1,Tall,0
12450,10,휘핑크림 추가,500
12451,5,ICE,0
12451,1,Tall,0
12451,13,더 달게,0
12451,7,바닐라 시럽,300
12452,4,HOT,0
12452,2,Grande,500
12452,13,더 달게,0
12452,9,카라멜 시럽,300
12452,10,휘핑크림 추가,500
12453,4,HOT,0
12453,3,Venti,1000
12453,11,기본,0
12453,6,샷 추가 (+1),500
12454,5,ICE,0
12454,1,Tall,0
12454,12,덜 달게,0
12454,6,샷 추가 (+1),500
12455,4,HOT,0
12455,1,Tall,0
12456,4,HOT,0
12456,1,Tall,0
12456,9,카라멜 시럽,300
12457,4,HOT,0
12457,3,Venti,1000
12457,12,덜 달게,0
12457,8,헤이즐넛 시럽,300
12458,4,HOT,0
12458,2,Grande,500
12458,13,더 달게,0
12459,4,HOT,0
12459,2,Grande,500
12459,11,기본,0
12459,10,휘핑크림 추가,500
12460,4,HOT,0
12460,1,Tall,0
12460,13,더 달게,0
12460,6,샷 추가 (+1),500
12461,4,HOT,0
12461,1,Tall,0
12461,13,더 달게,0
12462,4,HOT,0
12462,2,Grande,500
12462,12,덜 달게,0
12463,4,HOT,0
12463,1,Tall,0
12463,6,샷 추가 (+1),500
12463,9,카라멜 시럽,300
12464,4,HOT,0
12464,3,Venti,1000
12464,6,샷 추가 (+1),500
12465,5,ICE,0
12465,2,Grande,500
12466,4,HOT,0
12466,3,Venti,1000
12466,11,기본,0
12466,6,샷 추가 (+1),500
12467,4,HOT,0
12467,1,Tall,0
12467,11,기본,0
12467,10,휘핑크림 추가,500
12468,4,HOT,0
12468,2,Grande,500
12468,6,샷 추가 (+1),500
12469,5,ICE,0
12469,2,Grande,500
12470,5,ICE,0
12470,1,Tall,0
12470,12,덜 달게,0
12470,6,샷 추가 (+1),500
12471,4,HOT,0
12471,2,Grande,500
12471,6,샷 추가 (+1),500
12472,4,HOT,0
12472,2,Grande,500
12472,12,덜 달게,0
12473,4,HOT,0
12473,2,Grande,500
12473,13,더 달게,0
12474,4,HOT,0
12474,2,Grande,500
12475,4,HOT,0
12475,2,Grande,500
12476,4,HOT,0
12476,3,Venti,1000
12476,12,덜 달게,0
12476,6,샷 추가 (+1),500
12476,8,헤이즐넛 시럽,300
12477,4,HOT,0
12477,2,Grande,500
12477,12,덜 달게,0
12478,4,HOT,0
12478,3,Venti,1000
12478,11,기본,0
12479,5,ICE,0
12479,1,Tall,0
12480,4,HOT,0
12480,3,Venti,1000
12480,13,더 달게,0
12480,6,샷 추가 (+1),500
12481,4,HOT,0
12481,2,Grande,500
12481,11,기본,0
12482,5,ICE,0
12482,3,Venti,1000
12482,13,더 달게,0
12482,6,샷 추가 (+1),500
12483,5,ICE,0
12483,3,Venti,1000
12483,6,샷 추가 (+1),500
12484,4,HOT,0
12484,1,Tall,0
12484,13,더 달게,0
12484,6,샷 추가 (+1),500
12484,8,헤이즐넛 시럽,300
12485,4,HOT,0
12485,2,Grande,500
12485,11,기본,0
12485,10,휘핑크림 추가,500
12486,4,HOT,0
12486,1,Tall,0
12486,13,더 달게,0
12487,4,HOT,0
12487,1,Tall,0
12487,11,기본,0
12488,5,ICE,0
12488,2,Grande,500
12489,4,HOT,0
12489,2,Grande,500
12489,11,기본,0
12490,4,HOT,0
12490,2,Grande,500
12491,4,HOT,0
12491,1,Tall,0
12491,13,더 달게,0
12492,4,HOT,0
12492,2,Grande,500
12492,11,기본,0
12492,7,바닐라 시럽,300
12493,5,ICE,0
12493,2,Grande,500
12493,12,덜 달게,0
12493,7,바닐라 시럽,300
12494,5,ICE,0
12494,1,Tall,0
12495,4,HOT,0
12495,1,Tall,0
12495,12,덜 달게,0
12495,9,카라멜 시럽,300
12496,5,ICE,0
12496,2,Grande,500
12496,8,헤이즐넛 시럽,300
12497,4,HOT,0
12497,2,Grande,500
12497,6,샷 추가 (+1),500
12497,9,카라멜 시럽,300
12498,5,ICE,0
12498,2,Grande,500
12499,4,HOT,0
12499,1,Tall,0
12499,11,기본,0
12500,5,ICE,0
12500,2,Grande,500
12500,11,기본,0
12500,7,바닐라 시럽,300
12501,4,HOT,0
12501,1,Tall,0
12501,11,기본,0
12501,7,바닐라 시럽,300
12502,5,ICE,0
12502,1,Tall,0
12502,11,기본,0
12503,4,HOT,0
12503,2,Grande,500
12504,4,HOT,0
12504,1,Tall,0
12504,10,휘핑크림 추가,500
12505,4,HOT,0
12505,1,Tall,0
12505,13,더 달게,0
12505,9,카라멜 시럽,300
12506,4,HOT,0
12506,1,Tall,0
12506,13,더 달게,0
12506,6,샷 추가 (+1),500
12507,4,HOT,0
12507,2,Grande,500
12508,4,HOT,0
12508,1,Tall,0
12508,11,기본,0
12508,6,샷 추가 (+1),500
12509,5,ICE,0
12509,3,Venti,1000
12509,12,덜 달게,0
12509,6,샷 추가 (+1),500
12510,4,HOT,0
12510,1,Tall,0
12510,13,더 달게,0
12510,6,샷 추가 (+1),500
12511,4,HOT,0
12511,2,Grande,500
12511,13,더 달게,0
12512,5,ICE,0
12512,1,Tall,0
12512,11,기본,0
12513,5,ICE,0
12513,3,Venti,1000
12513,11,기본,0
12514,5,ICE,0
12514,1,Tall,0
12515,4,HOT,0
12515,1,Tall,0
12515,12,덜 달게,0
12515,6,샷 추가 (+1),500
12516,5,ICE,0
12516,2,Grande,500
12517,4,HOT,0
12517,3,Venti,1000
12517,6,샷 추가 (+1),500
12518,5,ICE,0
12518,2,Grande,500
12518,7,바닐라 시럽,300
12518,10,휘핑크림 추가,500
12519,4,HOT,0
12519,1,Tall,0
12520,4,HOT,0
12520,2,Grande,500
12521,4,HOT,0
12521,3,Venti,1000
12521,13,더 달게,0
12521,10,휘핑크림 추가,500
12522,5,ICE,0
12522,3,Venti,1000
12522,6,샷 추가 (+1),500
12523,5,ICE,0
12523,2,Grande,500
12523,11,기본,0
12523,10,휘핑크림 추가,500
12524,4,HOT,0
12524,3,Venti,1000
12525,5,ICE,0
12525,1,Tall,0
12526,4,HOT,0
12526,1,Tall,0
12526,6,샷 추가 (+1),500
12527,5,ICE,0
12527,1,Tall,0
12527,11,기본,0
12527,6,샷 추가 (+1),500
12527,8,헤이즐넛 시럽,300
12528,4,HOT,0
12528,1,Tall,0
12529,4,HOT,0
12529,2,Grande,500
12529,12,덜 달게,0
12529,6,샷 추가 (+1),500
12530,4,HOT,0
12530,1,Tall,0
12530,11,기본,0
12531,4,HOT,0
12531,2,Grande,500
12531,13,더 달게,0
12531,6,샷 추가 (+1),500
12532,4,HOT,0
12532,2,Grande,500
12532,11,기본,0
12532,8,헤이즐넛 시럽,300
12532,10,휘핑크림 추가,500
12533,4,HOT,0
12533,1,Tall,0
12533,13,더 달게,0
12533,7,바닐라 시럽,300
12534,5,ICE,0
12534,2,Grande,500
12534,6,샷 추가 (+1),500
12534,8,헤이즐넛 시럽,300
12534,10,휘핑크림 추가,500
12535,4,HOT,0
12535,3,Venti,1000
12535,11,기본,0
12536,5,ICE,0
12536,2,Grande,500
12536,13,더 달게,0
12536,6,샷 추가 (+1),500
12537,4,HOT,0
12537,1,Tall,0
12537,11,기본,0
12537,6,샷 추가 (+1),500
12538,5,ICE,0
12538,2,Grande,500
12538,11,기본,0
12539,4,HOT,0
12539,2,Grande,500
12539,11,기본,0
12540,4,HOT,0
12540,3,Venti,1000
12540,13,더 달게,0
12540,10,휘핑크림 추가,500
12541,4,HOT,0
12541,1,Tall,0
12542,4,HOT,0
12542,1,Tall,0
12542,13,더 달게,0
12542,6,샷 추가 (+1),500
12542,7,바닐라 시럽,300
12542,10,휘핑크림 추가,500
12543,4,HOT,0
12543,2,Grande,500
12543,6,샷 추가 (+1),500
12543,8,헤이즐넛 시럽,300
12544,4,HOT,0
12544,1,Tall,0
12544,13,더 달게,0
12545,4,HOT,0
12545,1,Tall,0
12545,11,기본,0
12545,6,샷 추가 (+1),500
12546,4,HOT,0
12546,1,Tall,0
12546,11,기본,0
12546,6,샷 추가 (+1),500
12547,4,HOT,0
12547,2,Grande,500
12547,11,기본,0
12548,4,HOT,0
12548,1,Tall,0
12548,11,기본,0
12548,6,샷 추가 (+1),500
12549,4,HOT,0
12549,2,Grande,500
12549,6,샷 추가 (+1),500
12549,9,카라멜 시럽,300
12550,4,HOT,0
12550,2,Grande,500
12550,13,더 달게,0
12551,4,HOT,0
12551,1,Tall,0
12551,6,샷 추가 (+1),500
12551,9,카라멜 시럽,300
12552,4,HOT,0
12552,1,Tall,0
12552,7,바닐라 시럽,300
12553,4,HOT,0
12553,1,Tall,0
12554,5,ICE,0
12554,3,Venti,1000
12554,12,덜 달게,0
12555,4,HOT,0
12555,1,Tall,0
12555,13,더 달게,0
12556,4,HOT,0
12556,1,Tall,0
12556,13,더 달게,0
12556,6,샷 추가 (+1),500
12557,4,HOT,0
12557,1,Tall,0
12557,12,덜 달게,0
12557,6,샷 추가 (+1),500
12557,7,바닐라 시럽,300
12558,4,HOT,0
12558,2,Grande,500
12559,4,HOT,0
12559,2,Grande,500
12559,7,바닐라 시럽,300
12560,4,HOT,0
12560,2,Grande,500
12560,6,샷 추가 (+1),500
12561,4,HOT,0
12561,1,Tall,0
12561,6,샷 추가 (+1),500
12562,4,HOT,0
12562,2,Grande,500
12562,11,기본,0
12563,4,HOT,0
12563,3,Venti,1000
12563,13,더 달게,0
12563,6,샷 추가 (+1),500
12564,4,HOT,0
12564,2,Grande,500
12564,13,더 달게,0
12564,10,휘핑크림 추가,500
12565,4,HOT,0
12565,3,Venti,1000
12565,9,카라멜 시럽,300
12566,4,HOT,0
12566,1,Tall,0
12567,4,HOT,0
12567,1,Tall,0
12567,13,더 달게,0
12567,8,헤이즐넛 시럽,300
12568,4,HOT,0
12568,2,Grande,500
12568,11,기본,0
12569,5,ICE,0
12569,1,Tall,0
12569,12,덜 달게,0
12569,7,바닐라 시럽,300
12570,5,ICE,0
12570,3,Venti,1000
12570,13,더 달게,0
12571,4,HOT,0
12571,2,Grande,500
12571,9,카라멜 시럽,300
12571,10,휘핑크림 추가,500
12572,4,HOT,0
12572,1,Tall,0
12572,7,바닐라 시럽,300
12573,4,HOT,0
12573,2,Grande,500
12573,11,기본,0
12574,5,ICE,0
12574,1,Tall,0
12575,4,HOT,0
12575,2,Grande,500
12575,8,헤이즐넛 시럽,300
12576,5,ICE,0
12576,2,Grande,500
12576,11,기본,0
12576,10,휘핑크림 추가,500
12577,4,HOT,0
12577,3,Venti,1000
12577,11,기본,0
12577,6,샷 추가 (+1),500
12578,4,HOT,0
12578,2,Grande,500
12579,4,HOT,0
12579,1,Tall,0
12579,10,휘핑크림 추가,500
12580,5,ICE,0
12580,2,Grande,500
12580,13,더 달게,0
12581,4,HOT,0
12581,3,Venti,1000
12581,12,덜 달게,0
12582,4,HOT,0
12582,2,Grande,500
12582,13,더 달게,0
12582,10,휘핑크림 추가,500
12583,5,ICE,0
12583,2,Grande,500
12584,4,HOT,0
12584,2,Grande,500
12584,12,덜 달게,0
12585,4,HOT,0
12585,2,Grande,500
12586,5,ICE,0
12586,3,Venti,1000
12587,4,HOT,0
12587,3,Venti,1000
12587,8,헤이즐넛 시럽,300
12588,4,HOT,0
12588,1,Tall,0
12588,6,샷 추가 (+1),500
12588,10,휘핑크림 추가,500
12589,5,ICE,0
12589,1,Tall,0
12589,6,샷 추가 (+1),500
12590,5,ICE,0
12590,2,Grande,500
12591,4,HOT,0
12591,3,Venti,1000
12591,6,샷 추가 (+1),500
12591,7,바닐라 시럽,300
12591,10,휘핑크림 추가,500
12592,4,HOT,0
12592,1,Tall,0
12593,4,HOT,0
12593,1,Tall,0
12593,13,더 달게,0
12593,6,샷 추가 (+1),500
12594,5,ICE,0
12594,2,Grande,500
12594,12,덜 달게,0
12595,4,HOT,0
12595,1,Tall,0
12595,11,기본,0
12596,4,HOT,0
12596,1,Tall,0
12596,13,더 달게,0
12596,6,샷 추가 (+1),500
12596,8,헤이즐넛 시럽,300
12597,5,ICE,0
12597,3,Venti,1000
12598,4,HOT,0
12598,1,Tall,0
12598,11,기본,0
12599,5,ICE,0
12599,2,Grande,500
12599,6,샷 추가 (+1),500
12599,7,바닐라 시럽,300
12600,4,HOT,0
12600,2,Grande,500
12600,10,휘핑크림 추가,500
12601,5,ICE,0
12601,2,Grande,500
12601,12,덜 달게,0
12601,6,샷 추가 (+1),500
12601,8,헤이즐넛 시럽,300
12602,5,ICE,0
12602,2,Grande,500
12602,11,기본,0
12602,6,샷 추가 (+1),500
12603,4,HOT,0
12603,1,Tall,0
12603,7,바닐라 시럽,300
12604,4,HOT,0
12604,1,Tall,0
12604,12,덜 달게,0
12605,5,ICE,0
12605,2,Grande,500
12605,10,휘핑크림 추가,500
12606,5,ICE,0
12606,1,Tall,0
12607,5,ICE,0
12607,1,Tall,0
12607,12,덜 달게,0
12608,5,ICE,0
12608,1,Tall,0
12608,6,샷 추가 (+1),500
12608,7,바닐라 시럽,300
12609,5,ICE,0
12609,2,Grande,500
12609,13,더 달게,0
12610,5,ICE,0
12610,2,Grande,500
12610,11,기본,0
12611,4,HOT,0
12611,1,Tall,0
12612,4,HOT,0
12612,2,Grande,500
12612,11,기본,0
12613,4,HOT,0
12613,1,Tall,0
12613,8,헤이즐넛 시럽,300
12614,5,ICE,0
12614,1,Tall,0
12614,11,기본,0
12614,6,샷 추가 (+1),500
12615,4,HOT,0
12615,1,Tall,0
12615,13,더 달게,0
12615,6,샷 추가 (+1),500
12616,4,HOT,0
12616,2,Grande,500
12617,4,HOT,0
12617,1,Tall,0
12617,12,덜 달게,0
12617,6,샷 추가 (+1),500
12618,5,ICE,0
12618,1,Tall,0
12618,11,기본,0
12619,5,ICE,0
12619,1,Tall,0
12619,12,덜 달게,0
12620,5,ICE,0
12620,3,Venti,1000
12621,4,HOT,0
12621,2,Grande,500
12621,12,덜 달게,0
12621,9,카라멜 시럽,300
12622,4,HOT,0
12622,2,Grande,500
12622,12,덜 달게,0
12623,5,ICE,0
12623,1,Tall,0
12623,11,기본,0
12623,9,카라멜 시럽,300
12623,10,휘핑크림 추가,500
12624,5,ICE,0
12624,2,Grande,500
12625,4,HOT,0
12625,2,Grande,500
12625,12,덜 달게,0
12626,4,HOT,0
12626,1,Tall,0
12626,13,더 달게,0
12626,10,휘핑크림 추가,500
12627,4,HOT,0
12627,2,Grande,500
12628,4,HOT,0
12628,1,Tall,0
12628,13,더 달게,0
12629,4,HOT,0
12629,2,Grande,500
12629,7,바닐라 시럽,300
12630,4,HOT,0
12630,3,Venti,1000
12631,4,HOT,0
12631,3,Venti,1000
12631,12,덜 달게,0
12632,4,HOT,0
12632,2,Grande,500
12632,7,바닐라 시럽,300
12633,5,ICE,0
12633,2,Grande,500
12633,11,기본,0
12634,5,ICE,0
12634,2,Grande,500
12634,13,더 달게,0
12635,4,HOT,0
12635,3,Venti,1000
12635,12,덜 달게,0
12636,4,HOT,0
12636,2,Grande,500
12637,5,ICE,0
12637,1,Tall,0
12637,11,기본,0
12637,6,샷 추가 (+1),500
12637,10,휘핑크림 추가,500
12638,4,HOT,0
12638,3,Venti,1000
12638,13,더 달게,0
12638,9,카라멜 시럽,300
12638,10,휘핑크림 추가,500
12639,4,HOT,0
12639,1,Tall,0
12639,6,샷 추가 (+1),500
12640,4,HOT,0
12640,2,Grande,500
12640,11,기본,0
12640,9,카라멜 시럽,300
12641,5,ICE,0
12641,2,Grande,500
12641,12,덜 달게,0
12641,6,샷 추가 (+1),500
12641,8,헤이즐넛 시럽,300
12642,4,HOT,0
12642,3,Venti,1000
12642,13,더 달게,0
12643,4,HOT,0
12643,1,Tall,0
12644,5,ICE,0
12644,3,Venti,1000
12644,11,기본,0
12645,5,ICE,0
12645,1,Tall,0
12645,11,기본,0
12646,4,HOT,0
12646,2,Grande,500
12646,6,샷 추가 (+1),500
12647,4,HOT,0
12647,2,Grande,500
12647,12,덜 달게,0
12647,8,헤이즐넛 시럽,300
12648,5,ICE,0
12648,1,Tall,0
12648,6,샷 추가 (+1),500
12649,4,HOT,0
12649,2,Grande,500
12649,8,헤이즐넛 시럽,300
12650,5,ICE,0
12650,3,Venti,1000
12650,12,덜 달게,0
12651,5,ICE,0
12651,1,Tall,0
12652,5,ICE,0
12652,2,Grande,500
12652,11,기본,0
12653,4,HOT,0
12653,1,Tall,0
12653,12,덜 달게,0
12654,5,ICE,0
12654,3,Venti,1000
12654,11,기본,0
12655,5,ICE,0
12655,1,Tall,0
12655,13,더 달게,0
12655,6,샷 추가 (+1),500
12656,5,ICE,0
12656,3,Venti,1000
12657,5,ICE,0
12657,1,Tall,0
12657,9,카라멜 시럽,300
12658,4,HOT,0
12658,2,Grande,500
12658,10,휘핑크림 추가,500
12659,4,HOT,0
12659,1,Tall,0
12660,5,ICE,0
12660,2,Grande,500
12660,11,기본,0
12660,8,헤이즐넛 시럽,300
12661,5,ICE,0
12661,2,Grande,500
12661,6,샷 추가 (+1),500
12662,4,HOT,0
12662,1,Tall,0
12662,13,더 달게,0
12663,4,HOT,0
12663,1,Tall,0
12664,5,ICE,0
12664,3,Venti,1000
12664,12,덜 달게,0
12664,6,샷 추가 (+1),500
12665,5,ICE,0
12665,3,Venti,1000
12665,13,더 달게,0
12666,5,ICE,0
12666,1,Tall,0
12666,6,샷 추가 (+1),500
12666,8,헤이즐넛 시럽,300
12667,4,HOT,0
12667,1,Tall,0
12667,13,더 달게,0
12668,5,ICE,0
12668,1,Tall,0
12668,12,덜 달게,0
12669,4,HOT,0
12669,1,Tall,0
12670,4,HOT,0
12670,1,Tall,0
12670,12,덜 달게,0
12671,4,HOT,0
12671,1,Tall,0
12671,6,샷 추가 (+1),500
12672,4,HOT,0
12672,3,Venti,1000
12673,4,HOT,0
12673,1,Tall,0
12673,8,헤이즐넛 시럽,300
12674,4,HOT,0
12674,2,Grande,500
12674,11,기본,0
12675,4,HOT,0
12675,2,Grande,500
12675,13,더 달게,0
12676,4,HOT,0
12676,2,Grande,500
12677,5,ICE,0
12677,1,Tall,0
12677,11,기본,0
12678,4,HOT,0
12678,1,Tall,0
12678,11,기본,0
12678,7,바닐라 시럽,300
12678,10,휘핑크림 추가,500
12679,5,ICE,0
12679,1,Tall,0
12680,5,ICE,0
12680,3,Venti,1000
12680,11,기본,0
12680,10,휘핑크림 추가,500
12681,5,ICE,0
12681,1,Tall,0
12681,6,샷 추가 (+1),500
12682,4,HOT,0
12682,2,Grande,500
12682,13,더 달게,0
12683,5,ICE,0
12683,1,Tall,0
12683,12,덜 달게,0
12683,6,샷 추가 (+1),500
12684,5,ICE,0
12684,1,Tall,0
12684,11,기본,0
12684,8,헤이즐넛 시럽,300
12685,5,ICE,0
12685,1,Tall,0
12686,4,HOT,0
12686,2,Grande,500
12687,5,ICE,0
12687,1,Tall,0
12687,11,기본,0
12687,9,카라멜 시럽,300
12688,5,ICE,0
12688,1,Tall,0
12689,5,ICE,0
12689,2,Grande,500
12689,11,기본,0
12689,6,샷 추가 (+1),500
12690,4,HOT,0
12690,3,Venti,1000
12690,11,기본,0
12690,9,카라멜 시럽,300
12691,4,HOT,0
12691,2,Grande,500
12691,12,덜 달게,0
12692,5,ICE,0
12692,2,Grande,500
12692,11,기본,0
12692,6,샷 추가 (+1),500
12692,10,휘핑크림 추가,500
12693,4,HOT,0
12693,3,Venti,1000
12693,9,카라멜 시럽,300
12694,4,HOT,0
12694,2,Grande,500
12694,11,기본,0
12695,5,ICE,0
12695,1,Tall,0
12695,13,더 달게,0
12696,5,ICE,0
12696,2,Grande,500
12696,13,더 달게,0
12697,4,HOT,0
12697,1,Tall,0
12697,13,더 달게,0
12698,4,HOT,0
12698,3,Venti,1000
12698,13,더 달게,0
12698,8,헤이즐넛 시럽,300
12699,5,ICE,0
12699,1,Tall,0
12700,4,HOT,0
12700,1,Tall,0
12700,9,카라멜 시럽,300
12701,4,HOT,0
12701,2,Grande,500
12701,8,헤이즐넛 시럽,300
12702,4,HOT,0
12702,3,Venti,1000
12702,13,더 달게,0
12703,4,HOT,0
12703,1,Tall,0
12704,5,ICE,0
12704,2,Grande,500
12704,11,기본,0
12704,6,샷 추가 (+1),500
12705,4,HOT,0
12705,1,Tall,0
12705,12,덜 달게,0
12705,9,카라멜 시럽,300
12706,4,HOT,0
12706,1,Tall,0
12706,13,더 달게,0
12706,10,휘핑크림 추가,500
12707,5,ICE,0
12707,3,Venti,1000
12707,11,기본,0
12707,9,카라멜 시럽,300
12708,4,HOT,0
12708,2,Grande,500
12708,6,샷 추가 (+1),500
12709,5,ICE,0
12709,2,Grande,500
12709,6,샷 추가 (+1),500
12709,7,바닐라 시럽,300
12710,4,HOT,0
12710,3,Venti,1000
12711,5,ICE,0
12711,2,Grande,500
12711,10,휘핑크림 추가,500
12712,5,ICE,0
12712,1,Tall,0
12712,12,덜 달게,0
12713,4,HOT,0
12713,1,Tall,0
12713,11,기본,0
12714,4,HOT,0
12714,2,Grande,500
12715,4,HOT,0
12715,2,Grande,500
12715,11,기본,0
12715,10,휘핑크림 추가,500
12716,5,ICE,0
12716,1,Tall,0
12717,4,HOT,0
12717,2,Grande,500
12717,11,기본,0
12718,5,ICE,0
12718,3,Venti,1000
12718,11,기본,0
12719,4,HOT,0
12719,1,Tall,0
12720,5,ICE,0
12720,3,Venti,1000
12720,11,기본,0
12720,6,샷 추가 (+1),500
12721,4,HOT,0
12721,1,Tall,0
12722,5,ICE,0
12722,3,Venti,1000
12722,11,기본,0
12722,6,샷 추가 (+1),500
12723,5,ICE,0
12723,3,Venti,1000
12723,11,기본,0
12723,6,샷 추가 (+1),500
12724,4,HOT,0
12724,1,Tall,0
12724,11,기본,0
12725,4,HOT,0
12725,1,Tall,0
12725,11,기본,0
12726,5,ICE,0
12726,2,Grande,500
12726,13,더 달게,0
12726,6,샷 추가 (+1),500
12727,5,ICE,0
12727,1,Tall,0
12727,12,덜 달게,0
12728,4,HOT,0
12728,2,Grande,500
12728,6,샷 추가 (+1),500
12728,10,휘핑크림 추가,500
12729,5,ICE,0
12729,3,Venti,1000
12730,4,HOT,0
12730,1,Tall,0
12731,5,ICE,0
12731,1,Tall,0
12731,13,더 달게,0
12732,5,ICE,0
12732,1,Tall,0
12733,4,HOT,0
12733,1,Tall,0
12733,11,기본,0
12733,10,휘핑크림 추가,500
12734,5,ICE,0
12734,1,Tall,0
12734,13,더 달게,0
12734,6,샷 추가 (+1),500
12735,4,HOT,0
12735,2,Grande,500
12735,11,기본,0
12736,4,HOT,0
12736,2,Grande,500
12737,4,HOT,0
12737,3,Venti,1000
12737,13,더 달게,0
12737,9,카라멜 시럽,300
12738,4,HOT,0
12738,2,Grande,500
12739,4,HOT,0
12739,1,Tall,0
12739,6,샷 추가 (+1),500
12739,10,휘핑크림 추가,500
12740,4,HOT,0
12740,1,Tall,0
12740,11,기본,0
12740,6,샷 추가 (+1),500
12740,9,카라멜 시럽,300
12741,5,ICE,0
12741,2,Grande,500
12741,11,기본,0
12742,4,HOT,0
12742,1,Tall,0
12742,7,바닐라 시럽,300
12743,5,ICE,0
12743,1,Tall,0
12743,10,휘핑크림 추가,500
12744,4,HOT,0
12744,2,Grande,500
12744,6,샷 추가 (+1),500
12745,5,ICE,0
12745,3,Venti,1000
12745,11,기본,0
12746,4,HOT,0
12746,2,Grande,500
12746,11,기본,0
12746,6,샷 추가 (+1),500
12747,4,HOT,0
12747,2,Grande,500
12748,4,HOT,0
12748,2,Grande,500
12749,4,HOT,0
12749,2,Grande,500
12750,4,HOT,0
12750,1,Tall,0
12750,12,덜 달게,0
12751,4,HOT,0
12751,1,Tall,0
12752,5,ICE,0
12752,2,Grande,500
12752,12,덜 달게,0
12752,6,샷 추가 (+1),500
12753,5,ICE,0
12753,2,Grande,500
12754,4,HOT,0
12754,1,Tall,0
12754,10,휘핑크림 추가,500
12755,4,HOT,0
12755,2,Grande,500
12755,12,덜 달게,0
12756,5,ICE,0
12756,2,Grande,500
12756,12,덜 달게,0
12756,9,카라멜 시럽,300
12757,5,ICE,0
12757,3,Venti,1000
12757,11,기본,0
12758,5,ICE,0
12758,1,Tall,0
12759,5,ICE,0
12759,1,Tall,0
12759,11,기본,0
12759,6,샷 추가 (+1),500
12759,10,휘핑크림 추가,500
12760,4,HOT,0
12760,2,Grande,500
12760,13,더 달게,0
12760,6,샷 추가 (+1),500
12760,7,바닐라 시럽,300
12760,10,휘핑크림 추가,500
12761,5,ICE,0
12761,1,Tall,0
12762,4,HOT,0
12762,1,Tall,0
12762,11,기본,0
12763,4,HOT,0
12763,3,Venti,1000
12763,11,기본,0
12763,6,샷 추가 (+1),500
12764,5,ICE,0
12764,3,Venti,1000
12764,11,기본,0
12764,7,바닐라 시럽,300
12765,5,ICE,0
12765,1,Tall,0
12765,6,샷 추가 (+1),500
12765,7,바닐라 시럽,300
12766,4,HOT,0
12766,2,Grande,500
12766,6,샷 추가 (+1),500
12766,7,바닐라 시럽,300
12767,5,ICE,0
12767,1,Tall,0
12768,4,HOT,0
12768,1,Tall,0
12768,12,덜 달게,0
12769,4,HOT,0
12769,1,Tall,0
12770,5,ICE,0
12770,2,Grande,500
12770,12,덜 달게,0
12771,5,ICE,0
12771,1,Tall,0
12771,13,더 달게,0
12772,4,HOT,0
12772,3,Venti,1000
12772,11,기본,0
12772,6,샷 추가 (+1),500
12773,5,ICE,0
12773,1,Tall,0
12774,5,ICE,0
12774,1,Tall,0
12774,6,샷 추가 (+1),500
12775,4,HOT,0
12775,1,Tall,0
12775,13,더 달게,0
12776,5,ICE,0
12776,2,Grande,500
12777,5,ICE,0
12777,2,Grande,500
12777,11,기본,0
12777,6,샷 추가 (+1),500
12778,4,HOT,0
12778,3,Venti,1000
12779,5,ICE,0
12779,1,Tall,0
12779,11,기본,0
12780,5,ICE,0
12780,3,Venti,1000
12780,13,더 달게,0
12781,5,ICE,0
12781,3,Venti,1000
12781,13,더 달게,0
12781,6,샷 추가 (+1),500
12782,4,HOT,0
12782,2,Grande,500
12782,13,더 달게,0
12782,6,샷 추가 (+1),500
12783,4,HOT,0
12783,1,Tall,0
12784,4,HOT,0
12784,3,Venti,1000
12784,11,기본,0
12784,6,샷 추가 (+1),500
12785,4,HOT,0
12785,1,Tall,0
12785,12,덜 달게,0
12786,4,HOT,0
12786,3,Venti,1000
12786,6,샷 추가 (+1),500
12786,7,바닐라 시럽,300
12787,4,HOT,0
12787,3,Venti,1000
12787,6,샷 추가 (+1),500
12788,4,HOT,0
12788,1,Tall,0
12788,11,기본,0
12789,4,HOT,0
12789,2,Grande,500
12789,11,기본,0
12790,5,ICE,0
12790,2,Grande,500
12790,11,기본,0
12791,4,HOT,0
12791,2,Grande,500
12791,13,더 달게,0
12791,6,샷 추가 (+1),500
12791,7,바닐라 시럽,300
12792,4,HOT,0
12792,1,Tall,0
12792,6,샷 추가 (+1),500
12793,5,ICE,0
12793,2,Grande,500
12794,4,HOT,0
12794,1,Tall,0
12795,4,HOT,0
12795,2,Grande,500
12796,5,ICE,0
12796,2,Grande,500
12797,5,ICE,0
12797,1,Tall,0
12797,12,덜 달게,0
12797,6,샷 추가 (+1),500
12798,4,HOT,0
12798,2,Grande,500
12798,8,헤이즐넛 시럽,300
12799,4,HOT,0
12799,3,Venti,1000
12799,9,카라멜 시럽,300
12800,4,HOT,0
12800,3,Venti,1000
12800,12,덜 달게,0
12800,6,샷 추가 (+1),500
12800,10,휘핑크림 추가,500
12801,5,ICE,0
12801,3,Venti,1000
12801,13,더 달게,0
12801,6,샷 추가 (+1),500
12802,4,HOT,0
12802,3,Venti,1000
12802,13,더 달게,0
12803,4,HOT,0
12803,3,Venti,1000
12803,6,샷 추가 (+1),500
12804,4,HOT,0
12804,3,Venti,1000
12805,5,ICE,0
12805,1,Tall,0
12805,7,바닐라 시럽,300
12806,5,ICE,0
12806,2,Grande,500
12806,11,기본,0
12807,5,ICE,0
12807,1,Tall,0
12807,12,덜 달게,0
12808,5,ICE,0
12808,1,Tall,0
12808,6,샷 추가 (+1),500
12809,4,HOT,0
12809,1,Tall,0
12809,13,더 달게,0
12809,10,휘핑크림 추가,500
12810,4,HOT,0
12810,1,Tall,0
12811,5,ICE,0
12811,3,Venti,1000
12811,11,기본,0
12812,4,HOT,0
12812,2,Grande,500
12813,4,HOT,0
12813,1,Tall,0
12813,6,샷 추가 (+1),500
12814,5,ICE,0
12814,1,Tall,0
12814,11,기본,0
12815,4,HOT,0
12815,1,Tall,0
12816,5,ICE,0
12816,1,Tall,0
12816,11,기본,0
12817,5,ICE,0
12817,3,Venti,1000
12818,4,HOT,0
12818,3,Venti,1000
12818,11,기본,0
12818,6,샷 추가 (+1),500
12818,9,카라멜 시럽,300
12819,5,ICE,0
12819,2,Grande,500
12819,12,덜 달게,0
12819,6,샷 추가 (+1),500
12820,5,ICE,0
12820,1,Tall,0
12820,11,기본,0
12820,7,바닐라 시럽,300
12821,4,HOT,0
12821,2,Grande,500
12822,4,HOT,0
12822,3,Venti,1000
12822,12,덜 달게,0
12823,5,ICE,0
12823,1,Tall,0
12823,11,기본,0
12824,4,HOT,0
12824,1,Tall,0
12824,11,기본,0
12824,9,카라멜 시럽,300
12824,10,휘핑크림 추가,500
12825,4,HOT,0
12825,2,Grande,500
12825,12,덜 달게,0
12825,8,헤이즐넛 시럽,300
12826,5,ICE,0
12826,2,Grande,500
12827,5,ICE,0
12827,2,Grande,500
12827,11,기본,0
12828,5,ICE,0
12828,1,Tall,0
12828,6,샷 추가 (+1),500
12828,9,카라멜 시럽,300
12829,4,HOT,0
12829,2,Grande,500
12830,4,HOT,0
12830,1,Tall,0
12831,5,ICE,0
12831,1,Tall,0
12831,11,기본,0
12831,6,샷 추가 (+1),500
12832,4,HOT,0
12832,1,Tall,0
12832,10,휘핑크림 추가,500
12833,4,HOT,0
12833,2,Grande,500
12833,12,덜 달게,0
12834,5,ICE,0
12834,1,Tall,0
12834,12,덜 달게,0
12834,6,샷 추가 (+1),500
12834,7,바닐라 시럽,300
12834,10,휘핑크림 추가,500
12835,5,ICE,0
12835,2,Grande,500
12835,11,기본,0
12836,4,HOT,0
12836,2,Grande,500
12836,11,기본,0
12837,5,ICE,0
12837,1,Tall,0
12837,12,덜 달게,0
12838,5,ICE,0
12838,1,Tall,0
12838,12,덜 달게,0
12838,6,샷 추가 (+1),500
12839,5,ICE,0
12839,2,Grande,500
12840,5,ICE,0
12840,2,Grande,500
12840,12,덜 달게,0
12840,10,휘핑크림 추가,500
12841,5,ICE,0
12841,3,Venti,1000
12842,4,HOT,0
12842,1,Tall,0
12843,5,ICE,0
12843,3,Venti,1000
12843,12,덜 달게,0
12843,6,샷 추가 (+1),500
12844,4,HOT,0
12844,2,Grande,500
12844,11,기본,0
12844,6,샷 추가 (+1),500
12845,4,HOT,0
12845,2,Grande,500
12846,5,ICE,0
12846,1,Tall,0
12846,6,샷 추가 (+1),500
12847,5,ICE,0
12847,1,Tall,0
12847,8,헤이즐넛 시럽,300
12848,4,HOT,0
12848,3,Venti,1000
12848,6,샷 추가 (+1),500
12849,4,HOT,0
12849,1,Tall,0
12850,5,ICE,0
12850,2,Grande,500
12850,13,더 달게,0
12850,8,헤이즐넛 시럽,300
12851,5,ICE,0
12851,1,Tall,0
12851,12,덜 달게,0
12851,6,샷 추가 (+1),500
12852,5,ICE,0
12852,3,Venti,1000
12852,12,덜 달게,0
12852,6,샷 추가 (+1),500
12853,4,HOT,0
12853,3,Venti,1000
12854,4,HOT,0
12854,1,Tall,0
12854,12,덜 달게,0
12855,5,ICE,0
12855,3,Venti,1000
12855,13,더 달게,0
12856,5,ICE,0
12856,2,Grande,500
12856,12,덜 달게,0
12856,6,샷 추가 (+1),500
12857,5,ICE,0
12857,1,Tall,0
12858,4,HOT,0
12858,2,Grande,500
12859,5,ICE,0
12859,2,Grande,500
12859,11,기본,0
12860,4,HOT,0
12860,2,Grande,500
12860,11,기본,0
12860,9,카라멜 시럽,300
12861,5,ICE,0
12861,2,Grande,500
12861,13,더 달게,0
12861,6,샷 추가 (+1),500
12861,9,카라멜 시럽,300
12862,5,ICE,0
12862,1,Tall,0
12863,4,HOT,0
12863,2,Grande,500
12863,12,덜 달게,0
12864,5,ICE,0
12864,1,Tall,0
12864,11,기본,0
12865,4,HOT,0
12865,2,Grande,500
12866,4,HOT,0
12866,1,Tall,0
12866,9,카라멜 시럽,300
12867,4,HOT,0
12867,2,Grande,500
12867,11,기본,0
12868,4,HOT,0
12868,2,Grande,500
12868,11,기본,0
12868,7,바닐라 시럽,300
12869,5,ICE,0
12869,2,Grande,500
12869,13,더 달게,0
12869,8,헤이즐넛 시럽,300
12870,4,HOT,0
12870,3,Venti,1000
12870,6,샷 추가 (+1),500
12870,8,헤이즐넛 시럽,300
12871,4,HOT,0
12871,2,Grande,500
12871,13,더 달게,0
12872,5,ICE,0
12872,2,Grande,500
12872,10,휘핑크림 추가,500
12873,5,ICE,0
12873,2,Grande,500
12873,12,덜 달게,0
12873,7,바닐라 시럽,300
12874,4,HOT,0
12874,2,Grande,500
12874,11,기본,0
12874,6,샷 추가 (+1),500
12875,4,HOT,0
12875,1,Tall,0
12875,11,기본,0
12876,4,HOT,0
12876,1,Tall,0
12876,13,더 달게,0
12877,4,HOT,0
12877,2,Grande,500
12877,6,샷 추가 (+1),500
12877,10,휘핑크림 추가,500
12878,5,ICE,0
12878,2,Grande,500
12879,4,HOT,0
12879,2,Grande,500
12879,6,샷 추가 (+1),500
12880,4,HOT,0
12880,1,Tall,0
12880,11,기본,0
12881,5,ICE,0
12881,1,Tall,0
12882,4,HOT,0
12882,2,Grande,500
12882,13,더 달게,0
12882,8,헤이즐넛 시럽,300
12883,4,HOT,0
12883,1,Tall,0
12883,12,덜 달게,0
12883,6,샷 추가 (+1),500
12883,10,휘핑크림 추가,500
12884,4,HOT,0
12884,1,Tall,0
12884,10,휘핑크림 추가,500
12885,4,HOT,0
12885,3,Venti,1000
12885,11,기본,0
12885,6,샷 추가 (+1),500
12886,5,ICE,0
12886,1,Tall,0
12887,4,HOT,0
12887,1,Tall,0
12887,13,더 달게,0
12888,5,ICE,0
12888,3,Venti,1000
12889,5,ICE,0
12889,3,Venti,1000
12889,13,더 달게,0
12890,5,ICE,0
12890,3,Venti,1000
12890,11,기본,0
12890,6,샷 추가 (+1),500
12890,9,카라멜 시럽,300
12891,5,ICE,0
12891,2,Grande,500
12891,11,기본,0
12892,5,ICE,0
12892,3,Venti,1000
12892,6,샷 추가 (+1),500
12893,5,ICE,0
12893,3,Venti,1000
12893,12,덜 달게,0
12893,6,샷 추가 (+1),500
12894,5,ICE,0
12894,1,Tall,0
12894,11,기본,0
12894,9,카라멜 시럽,300
12895,5,ICE,0
12895,2,Grande,500
12895,11,기본,0
12896,4,HOT,0
12896,2,Grande,500
12896,11,기본,0
12897,4,HOT,0
12897,1,Tall,0
12897,13,더 달게,0
12897,6,샷 추가 (+1),500
12898,4,HOT,0
12898,1,Tall,0
12898,13,더 달게,0
12899,5,ICE,0
12899,1,Tall,0
12899,11,기본,0
12900,4,HOT,0
12900,1,Tall,0
12901,4,HOT,0
12901,2,Grande,500
12901,12,덜 달게,0
12901,6,샷 추가 (+1),500
12902,4,HOT,0
12902,3,Venti,1000
12903,5,ICE,0
12903,3,Venti,1000
12903,12,덜 달게,0
12904,4,HOT,0
12904,1,Tall,0
12904,6,샷 추가 (+1),500
12905,4,HOT,0
12905,2,Grande,500
12905,11,기본,0
12905,8,헤이즐넛 시럽,300
12906,4,HOT,0
12906,1,Tall,0
12906,11,기본,0
12907,5,ICE,0
12907,2,Grande,500
12907,11,기본,0
12907,6,샷 추가 (+1),500
12908,4,HOT,0
12908,2,Grande,500
12908,13,더 달게,0
12909,4,HOT,0
12909,1,Tall,0
12909,8,헤이즐넛 시럽,300
12909,10,휘핑크림 추가,500
12910,4,HOT,0
12910,2,Grande,500
12910,11,기본,0
12911,5,ICE,0
12911,1,Tall,0
12911,11,기본,0
12911,8,헤이즐넛 시럽,300
12912,4,HOT,0
12912,3,Venti,1000
12913,4,HOT,0
12913,3,Venti,1000
12913,11,기본,0
12914,5,ICE,0
12914,2,Grande,500
12914,13,더 달게,0
12914,6,샷 추가 (+1),500
12915,5,ICE,0
12915,1,Tall,0
12915,12,덜 달게,0
12915,8,헤이즐넛 시럽,300
12916,4,HOT,0
12916,2,Grande,500
12916,12,덜 달게,0
12916,10,휘핑크림 추가,500
12917,4,HOT,0
12917,1,Tall,0
12917,12,덜 달게,0
12917,9,카라멜 시럽,300
12918,4,HOT,0
12918,1,Tall,0
12918,11,기본,0
12919,4,HOT,0
12919,2,Grande,500
12919,11,기본,0
12920,4,HOT,0
12920,3,Venti,1000
12920,13,더 달게,0
12921,5,ICE,0
12921,2,Grande,500
12922,4,HOT,0
12922,2,Grande,500
12922,8,헤이즐넛 시럽,300
12923,4,HOT,0
12923,2,Grande,500
12923,13,더 달게,0
12923,9,카라멜 시럽,300
12924,5,ICE,0
12924,2,Grande,500
12924,13,더 달게,0
12925,4,HOT,0
12925,1,Tall,0
12925,13,더 달게,0
12926,5,ICE,0
12926,1,Tall,0
12926,12,덜 달게,0
12926,9,카라멜 시럽,300
12927,4,HOT,0
12927,2,Grande,500
12927,13,더 달게,0
12927,6,샷 추가 (+1),500
12928,5,ICE,0
12928,3,Venti,1000
12928,13,더 달게,0
12928,6,샷 추가 (+1),500
12929,5,ICE,0
12929,1,Tall,0
12929,13,더 달게,0
12930,4,HOT,0
12930,1,Tall,0
12930,12,덜 달게,0
12930,6,샷 추가 (+1),500
12931,5,ICE,0
12931,1,Tall,0
12931,13,더 달게,0
12932,4,HOT,0
12932,1,Tall,0
12932,11,기본,0
12933,4,HOT,0
12933,2,Grande,500
12933,12,덜 달게,0
12933,6,샷 추가 (+1),500
12934,4,HOT,0
12934,2,Grande,500
12935,4,HOT,0
12935,3,Venti,1000
12936,5,ICE,0
12936,2,Grande,500
12936,12,덜 달게,0
12936,6,샷 추가 (+1),500
12937,5,ICE,0
12937,1,Tall,0
12937,11,기본,0
12938,5,ICE,0
12938,1,Tall,0
12938,6,샷 추가 (+1),500
12938,10,휘핑크림 추가,500
12939,5,ICE,0
12939,1,Tall,0
12939,13,더 달게,0
12940,4,HOT,0
12940,1,Tall,0
12940,12,덜 달게,0
12941,5,ICE,0
12941,1,Tall,0
12941,11,기본,0
12942,5,ICE,0
12942,2,Grande,500
12942,12,덜 달게,0
12942,6,샷 추가 (+1),500
12943,4,HOT,0
12943,3,Venti,1000
12944,4,HOT,0
12944,3,Venti,1000
12944,7,바닐라 시럽,300
12945,4,HOT,0
12945,2,Grande,500
12945,11,기본,0
12946,5,ICE,0
12946,2,Grande,500
12946,12,덜 달게,0
12946,6,샷 추가 (+1),500
12946,9,카라멜 시럽,300
12947,4,HOT,0
12947,3,Venti,1000
12947,12,덜 달게,0
12947,6,샷 추가 (+1),500
12948,4,HOT,0
12948,3,Venti,1000
12948,11,기본,0
12948,6,샷 추가 (+1),500
12949,4,HOT,0
12949,2,Grande,500
12949,11,기본,0
12950,4,HOT,0
12950,3,Venti,1000
12950,7,바닐라 시럽,300
12951,4,HOT,0
12951,1,Tall,0
12952,5,ICE,0
12952,3,Venti,1000
12952,13,더 달게,0
12952,6,샷 추가 (+1),500
12953,4,HOT,0
12953,2,Grande,500
12953,11,기본,0
12953,9,카라멜 시럽,300
12954,4,HOT,0
12954,2,Grande,500
12954,12,덜 달게,0
12955,4,HOT,0
12955,1,Tall,0
12955,13,더 달게,0
12956,4,HOT,0
12956,1,Tall,0
12956,11,기본,0
12956,6,샷 추가 (+1),500
12956,9,카라멜 시럽,300
12957,4,HOT,0
12957,2,Grande,500
12957,12,덜 달게,0
12958,5,ICE,0
12958,1,Tall,0
12958,11,기본,0
12959,4,HOT,0
12959,1,Tall,0
12959,11,기본,0
12959,6,샷 추가 (+1),500
12960,4,HOT,0
12960,1,Tall,0
12960,11,기본,0
12961,4,HOT,0
12961,2,Grande,500
12961,12,덜 달게,0
12961,8,헤이즐넛 시럽,300
12961,10,휘핑크림 추가,500
12962,4,HOT,0
12962,1,Tall,0
12963,4,HOT,0
12963,1,Tall,0
12963,11,기본,0
12964,5,ICE,0
12964,3,Venti,1000
12964,13,더 달게,0
12964,10,휘핑크림 추가,500
12965,5,ICE,0
12965,1,Tall,0
12965,6,샷 추가 (+1),500
12965,9,카라멜 시럽,300
12966,4,HOT,0
12966,1,Tall,0
12966,13,더 달게,0
12966,6,샷 추가 (+1),500
12967,5,ICE,0
12967,3,Venti,1000
12967,11,기본,0
12968,5,ICE,0
12968,1,Tall,0
12968,12,덜 달게,0
12969,5,ICE,0
12969,1,Tall,0
12969,6,샷 추가 (+1),500
12970,5,ICE,0
12970,2,Grande,500
12971,4,HOT,0
12971,1,Tall,0
12971,13,더 달게,0
12971,6,샷 추가 (+1),500
12972,5,ICE,0
12972,2,Grande,500
12972,11,기본,0
12972,10,휘핑크림 추가,500
12973,4,HOT,0
12973,3,Venti,1000
12973,6,샷 추가 (+1),500
12974,4,HOT,0
12974,3,Venti,1000
12975,4,HOT,0
12975,2,Grande,500
12975,6,샷 추가 (+1),500
12975,7,바닐라 시럽,300
12976,4,HOT,0
12976,2,Grande,500
12976,13,더 달게,0
12977,5,ICE,0
12977,1,Tall,0
12977,13,더 달게,0
12978,5,ICE,0
12978,1,Tall,0
12978,13,더 달게,0
12978,9,카라멜 시럽,300
12979,4,HOT,0
12979,1,Tall,0
12979,11,기본,0
12980,5,ICE,0
12980,1,Tall,0
12980,11,기본,0
12981,4,HOT,0
12981,3,Venti,1000
12981,6,샷 추가 (+1),500
12982,4,HOT,0
12982,1,Tall,0
12982,11,기본,0
12983,4,HOT,0
12983,1,Tall,0
12983,11,기본,0
12984,5,ICE,0
12984,3,Venti,1000
12984,6,샷 추가 (+1),500
12985,4,HOT,0
12985,2,Grande,500
12985,11,기본,0
12985,8,헤이즐넛 시럽,300
12986,5,ICE,0
12986,1,Tall,0
12987,4,HOT,0
12987,2,Grande,500
12987,11,기본,0
12988,4,HOT,0
12988,1,Tall,0
12988,8,헤이즐넛 시럽,300
12989,5,ICE,0
12989,1,Tall,0
12990,5,ICE,0
12990,1,Tall,0
12990,12,덜 달게,0
12990,7,바닐라 시럽,300
12991,5,ICE,0
12991,2,Grande,500
12991,6,샷 추가 (+1),500
12992,4,HOT,0
12992,1,Tall,0
12992,13,더 달게,0
12993,4,HOT,0
12993,2,Grande,500
12993,11,기본,0
12994,4,HOT,0
12994,1,Tall,0
12994,11,기본,0
12995,4,HOT,0
12995,1,Tall,0
12995,12,덜 달게,0
12996,5,ICE,0
12996,2,Grande,500
12996,11,기본,0
12996,8,헤이즐넛 시럽,300
12997,5,ICE,0
12997,3,Venti,1000
12997,7,바닐라 시럽,300
12998,5,ICE,0
12998,1,Tall,0
12998,11,기본,0
12998,7,바닐라 시럽,300
12999,5,ICE,0
12999,1,Tall,0
13000,5,ICE,0
13000,1,Tall,0
13000,12,덜 달게,0
13001,4,HOT,0
13001,1,Tall,0
13002,5,ICE,0
13002,2,Grande,500
13002,10,휘핑크림 추가,500
13003,4,HOT,0
13003,2,Grande,500
13003,13,더 달게,0
13003,6,샷 추가 (+1),500
13004,4,HOT,0
13004,2,Grande,500
13004,12,덜 달게,0
13005,5,ICE,0
13005,3,Venti,1000
13005,6,샷 추가 (+1),500
13006,5,ICE,0
13006,2,Grande,500
13006,12,덜 달게,0
13007,5,ICE,0
13007,1,Tall,0
13007,11,기본,0
13008,4,HOT,0
13008,1,Tall,0
13009,4,HOT,0
13009,3,Venti,1000
13009,12,덜 달게,0
13009,6,샷 추가 (+1),500
13010,5,ICE,0
13010,3,Venti,1000
13011,4,HOT,0
13011,2,Grande,500
13011,6,샷 추가 (+1),500
13012,5,ICE,0
13012,3,Venti,1000
13012,11,기본,0
13012,9,카라멜 시럽,300
13013,4,HOT,0
13013,1,Tall,0
13013,11,기본,0
13014,5,ICE,0
13014,2,Grande,500
13014,10,휘핑크림 추가,500
13015,4,HOT,0
13015,3,Venti,1000
13015,11,기본,0
13016,4,HOT,0
13016,2,Grande,500
13016,11,기본,0
13016,6,샷 추가 (+1),500
13017,4,HOT,0
13017,1,Tall,0
13017,12,덜 달게,0
13018,5,ICE,0
13018,2,Grande,500
13018,11,기본,0
13018,7,바닐라 시럽,300
13019,4,HOT,0
13019,3,Venti,1000
13019,11,기본,0
13019,7,바닐라 시럽,300
13020,4,HOT,0
13020,1,Tall,0
13020,12,덜 달게,0
13021,4,HOT,0
13021,2,Grande,500
13021,13,더 달게,0
13021,6,샷 추가 (+1),500
13021,7,바닐라 시럽,300
13022,4,HOT,0
13022,1,Tall,0
13022,13,더 달게,0
13022,6,샷 추가 (+1),500
13022,8,헤이즐넛 시럽,300
13023,4,HOT,0
13023,2,Grande,500
13023,13,더 달게,0
13024,4,HOT,0
13024,2,Grande,500
13024,12,덜 달게,0
13024,9,카라멜 시럽,300
13025,4,HOT,0
13025,3,Venti,1000
13025,8,헤이즐넛 시럽,300
13026,5,ICE,0
13026,2,Grande,500
13027,5,ICE,0
13027,3,Venti,1000
13027,11,기본,0
13027,6,샷 추가 (+1),500
13028,5,ICE,0
13028,1,Tall,0
13028,11,기본,0
13029,4,HOT,0
13029,2,Grande,500
13030,5,ICE,0
13030,1,Tall,0
13030,13,더 달게,0
13030,6,샷 추가 (+1),500
13030,9,카라멜 시럽,300
13031,4,HOT,0
13031,1,Tall,0
13031,13,더 달게,0
13032,4,HOT,0
13032,2,Grande,500
13033,4,HOT,0
13033,1,Tall,0
13033,11,기본,0
13034,5,ICE,0
13034,1,Tall,0
13034,12,덜 달게,0
13035,4,HOT,0
13035,3,Venti,1000
13035,11,기본,0
13036,5,ICE,0
13036,3,Venti,1000
13036,10,휘핑크림 추가,500
13037,4,HOT,0
13037,2,Grande,500
13037,13,더 달게,0
13037,6,샷 추가 (+1),500
13038,5,ICE,0
13038,1,Tall,0
13038,12,덜 달게,0
13039,4,HOT,0
13039,2,Grande,500
13039,12,덜 달게,0
13039,6,샷 추가 (+1),500
13040,4,HOT,0
13040,3,Venti,1000
13041,5,ICE,0
13041,1,Tall,0
13042,4,HOT,0
13042,3,Venti,1000
13042,6,샷 추가 (+1),500
13043,5,ICE,0
13043,2,Grande,500
13043,13,더 달게,0
13044,4,HOT,0
13044,1,Tall,0
13044,7,바닐라 시럽,300
13045,4,HOT,0
13045,3,Venti,1000
13046,4,HOT,0
13046,3,Venti,1000
13047,4,HOT,0
13047,1,Tall,0
13047,12,덜 달게,0
13048,4,HOT,0
13048,2,Grande,500
13048,11,기본,0
13048,6,샷 추가 (+1),500
13049,4,HOT,0
13049,3,Venti,1000
13049,7,바닐라 시럽,300
13050,4,HOT,0
13050,1,Tall,0
13050,11,기본,0
13050,10,휘핑크림 추가,500
13051,5,ICE,0
13051,2,Grande,500
13051,11,기본,0
13052,4,HOT,0
13052,1,Tall,0
13052,13,더 달게,0
13053,4,HOT,0
13053,1,Tall,0
13053,11,기본,0
13054,4,HOT,0
13054,2,Grande,500
13055,4,HOT,0
13055,2,Grande,500
13055,7,바닐라 시럽,300
13056,5,ICE,0
13056,1,Tall,0
13056,12,덜 달게,0
13057,4,HOT,0
13057,3,Venti,1000
13057,7,바닐라 시럽,300
13058,4,HOT,0
13058,3,Venti,1000
13058,6,샷 추가 (+1),500
13059,5,ICE,0
13059,1,Tall,0
13059,11,기본,0
13059,6,샷 추가 (+1),500
13060,5,ICE,0
13060,2,Grande,500
13060,8,헤이즐넛 시럽,300
13061,4,HOT,0
13061,2,Grande,500
13061,6,샷 추가 (+1),500
13062,5,ICE,0
13062,1,Tall,0
13062,11,기본,0
13063,5,ICE,0
13063,2,Grande,500
13063,13,더 달게,0
13064,4,HOT,0
13064,2,Grande,500
13065,5,ICE,0
13065,1,Tall,0
13065,6,샷 추가 (+1),500
13066,5,ICE,0
13066,1,Tall,0
13066,13,더 달게,0
13067,5,ICE,0
13067,2,Grande,500
13067,6,샷 추가 (+1),500
13067,9,카라멜 시럽,300
13068,5,ICE,0
13068,2,Grande,500
13068,12,덜 달게,0
13069,4,HOT,0
13069,2,Grande,500
13070,5,ICE,0
13070,2,Grande,500
13071,4,HOT,0
13071,1,Tall,0
13072,5,ICE,0
13072,3,Venti,1000
13072,9,카라멜 시럽,300
13073,5,ICE,0
13073,1,Tall,0
13073,13,더 달게,0
13074,4,HOT,0
13074,1,Tall,0
13074,12,덜 달게,0
13074,6,샷 추가 (+1),500
13075,4,HOT,0
13075,3,Venti,1000
13075,6,샷 추가 (+1),500
13076,5,ICE,0
13076,3,Venti,1000
13076,11,기본,0
13076,6,샷 추가 (+1),500
13077,4,HOT,0
13077,3,Venti,1000
13077,11,기본,0
13078,4,HOT,0
13078,1,Tall,0
13078,8,헤이즐넛 시럽,300
13079,4,HOT,0
13079,1,Tall,0
13080,5,ICE,0
13080,1,Tall,0
13081,4,HOT,0
13081,2,Grande,500
13081,9,카라멜 시럽,300
13082,4,HOT,0
13082,1,Tall,0
13082,11,기본,0
13082,6,샷 추가 (+1),500
13083,4,HOT,0
13083,1,Tall,0
13083,11,기본,0
13083,6,샷 추가 (+1),500
13083,7,바닐라 시럽,300
13084,5,ICE,0
13084,3,Venti,1000
13084,13,더 달게,0
13085,4,HOT,0
13085,3,Venti,1000
13085,11,기본,0
13086,4,HOT,0
13086,2,Grande,500
13086,13,더 달게,0
13087,5,ICE,0
13087,2,Grande,500
13087,13,더 달게,0
13087,6,샷 추가 (+1),500
13088,5,ICE,0
13088,1,Tall,0
13088,13,더 달게,0
13089,4,HOT,0
13089,2,Grande,500
13089,7,바닐라 시럽,300
13090,5,ICE,0
13090,2,Grande,500
13090,13,더 달게,0
13090,10,휘핑크림 추가,500
13091,4,HOT,0
13091,1,Tall,0
13091,6,샷 추가 (+1),500
13092,5,ICE,0
13092,1,Tall,0
13092,11,기본,0
13093,5,ICE,0
13093,1,Tall,0
13093,12,덜 달게,0
13093,6,샷 추가 (+1),500
13094,4,HOT,0
13094,1,Tall,0
13094,11,기본,0
13094,9,카라멜 시럽,300
13095,4,HOT,0
13095,3,Venti,1000
13095,11,기본,0
13095,6,샷 추가 (+1),500
13096,4,HOT,0
13096,3,Venti,1000
13097,5,ICE,0
13097,2,Grande,500
13098,4,HOT,0
13098,2,Grande,500
13098,11,기본,0
13098,6,샷 추가 (+1),500
13099,4,HOT,0
13099,1,Tall,0
13099,11,기본,0
13100,5,ICE,0
13100,2,Grande,500
13100,11,기본,0
13100,6,샷 추가 (+1),500
13101,4,HOT,0
13101,1,Tall,0
13101,13,더 달게,0
13101,6,샷 추가 (+1),500
13101,9,카라멜 시럽,300
13101,10,휘핑크림 추가,500
13102,4,HOT,0
13102,3,Venti,1000
13102,6,샷 추가 (+1),500
13103,4,HOT,0
13103,2,Grande,500
13103,11,기본,0
13103,6,샷 추가 (+1),500
13104,5,ICE,0
13104,1,Tall,0
13104,12,덜 달게,0
13104,10,휘핑크림 추가,500
13105,4,HOT,0
13105,1,Tall,0
13106,4,HOT,0
13106,2,Grande,500
13106,11,기본,0
13106,10,휘핑크림 추가,500
13107,4,HOT,0
13107,2,Grande,500
13107,12,덜 달게,0
13108,5,ICE,0
13108,1,Tall,0
13108,6,샷 추가 (+1),500
13109,5,ICE,0
13109,3,Venti,1000
13109,11,기본,0
13110,5,ICE,0
13110,2,Grande,500
13110,10,휘핑크림 추가,500
13111,4,HOT,0
13111,1,Tall,0
13111,12,덜 달게,0
13112,4,HOT,0
13112,2,Grande,500
13113,5,ICE,0
13113,1,Tall,0
13113,11,기본,0
13113,6,샷 추가 (+1),500
13113,8,헤이즐넛 시럽,300
13114,5,ICE,0
13114,3,Venti,1000
13114,13,더 달게,0
13115,5,ICE,0
13115,2,Grande,500
13116,4,HOT,0
13116,2,Grande,500
13116,11,기본,0
13116,6,샷 추가 (+1),500
13117,5,ICE,0
13117,2,Grande,500
13117,13,더 달게,0
13118,5,ICE,0
13118,2,Grande,500
13119,5,ICE,0
13119,1,Tall,0
13119,11,기본,0
13119,6,샷 추가 (+1),500
13120,4,HOT,0
13120,2,Grande,500
13120,10,휘핑크림 추가,500
13121,4,HOT,0
13121,1,Tall,0
13121,7,바닐라 시럽,300
13121,10,휘핑크림 추가,500
13122,4,HOT,0
13122,2,Grande,500
13123,4,HOT,0
13123,2,Grande,500
13124,4,HOT,0
13124,2,Grande,500
13125,5,ICE,0
13125,2,Grande,500
13125,6,샷 추가 (+1),500
13126,5,ICE,0
13126,3,Venti,1000
13126,11,기본,0
13126,9,카라멜 시럽,300
13127,4,HOT,0
13127,1,Tall,0
13127,6,샷 추가 (+1),500
13128,5,ICE,0
13128,3,Venti,1000
13129,5,ICE,0
13129,1,Tall,0
13129,12,덜 달게,0
13130,4,HOT,0
13130,1,Tall,0
13130,12,덜 달게,0
13130,6,샷 추가 (+1),500
13130,7,바닐라 시럽,300
13131,4,HOT,0
13131,1,Tall,0
13131,11,기본,0
13132,4,HOT,0
13132,3,Venti,1000
13132,11,기본,0
13133,5,ICE,0
13133,3,Venti,1000
13134,5,ICE,0
13134,1,Tall,0
13134,11,기본,0
13135,4,HOT,0
13135,3,Venti,1000
13135,8,헤이즐넛 시럽,300
13136,4,HOT,0
13136,1,Tall,0
13137,5,ICE,0
13137,2,Grande,500
13138,4,HOT,0
13138,2,Grande,500
13138,6,샷 추가 (+1),500
13139,5,ICE,0
13139,2,Grande,500
13139,10,휘핑크림 추가,500
13140,4,HOT,0
13140,3,Venti,1000
13141,5,ICE,0
13141,1,Tall,0
13141,12,덜 달게,0
13141,7,바닐라 시럽,300
13142,4,HOT,0
13142,3,Venti,1000
13142,11,기본,0
13142,6,샷 추가 (+1),500
13142,10,휘핑크림 추가,500
13143,5,ICE,0
13143,2,Grande,500
13143,12,덜 달게,0
13144,5,ICE,0
13144,3,Venti,1000
13144,8,헤이즐넛 시럽,300
13145,5,ICE,0
13145,2,Grande,500
13145,13,더 달게,0
13146,4,HOT,0
13146,2,Grande,500
13146,6,샷 추가 (+1),500
13146,10,휘핑크림 추가,500
13147,5,ICE,0
13147,2,Grande,500
13147,13,더 달게,0
13147,6,샷 추가 (+1),500
13148,4,HOT,0
13148,2,Grande,500
13148,11,기본,0
13149,4,HOT,0
13149,1,Tall,0
13150,4,HOT,0
13150,3,Venti,1000
13150,6,샷 추가 (+1),500
13150,10,휘핑크림 추가,500
13151,4,HOT,0
13151,3,Venti,1000
13152,5,ICE,0
13152,2,Grande,500
13153,5,ICE,0
13153,2,Grande,500
13153,6,샷 추가 (+1),500
13154,4,HOT,0
13154,2,Grande,500
13154,11,기본,0
13154,6,샷 추가 (+1),500
13155,4,HOT,0
13155,1,Tall,0
13155,11,기본,0
13155,7,바닐라 시럽,300
13156,4,HOT,0
13156,1,Tall,0
13156,6,샷 추가 (+1),500
13157,4,HOT,0
13157,2,Grande,500
13157,6,샷 추가 (+1),500
13157,9,카라멜 시럽,300
13158,4,HOT,0
13158,3,Venti,1000
13158,12,덜 달게,0
13158,8,헤이즐넛 시럽,300
13159,4,HOT,0
13159,2,Grande,500
13159,6,샷 추가 (+1),500
13159,7,바닐라 시럽,300
13160,5,ICE,0
13160,1,Tall,0
13160,11,기본,0
13161,4,HOT,0
13161,3,Venti,1000
13161,11,기본,0
13162,5,ICE,0
13162,2,Grande,500
13162,6,샷 추가 (+1),500
13163,4,HOT,0
13163,2,Grande,500
13163,6,샷 추가 (+1),500
13163,9,카라멜 시럽,300
13164,4,HOT,0
13164,1,Tall,0
13164,6,샷 추가 (+1),500
13165,5,ICE,0
13165,2,Grande,500
13165,13,더 달게,0
13165,6,샷 추가 (+1),500
13166,4,HOT,0
13166,1,Tall,0
13166,11,기본,0
13166,6,샷 추가 (+1),500
13167,5,ICE,0
13167,2,Grande,500
13167,11,기본,0
13168,4,HOT,0
13168,1,Tall,0
13168,13,더 달게,0
13169,4,HOT,0
13169,1,Tall,0
13169,11,기본,0
13169,6,샷 추가 (+1),500
13170,4,HOT,0
13170,3,Venti,1000
13170,6,샷 추가 (+1),500
13171,5,ICE,0
13171,3,Venti,1000
13171,11,기본,0
13171,8,헤이즐넛 시럽,300
13172,5,ICE,0
13172,2,Grande,500
13172,13,더 달게,0
13173,5,ICE,0
13173,1,Tall,0
13173,12,덜 달게,0
13173,6,샷 추가 (+1),500
13174,5,ICE,0
13174,3,Venti,1000
13175,4,HOT,0
13175,2,Grande,500
13175,11,기본,0
13176,5,ICE,0
13176,1,Tall,0
13176,13,더 달게,0
13176,8,헤이즐넛 시럽,300
13177,5,ICE,0
13177,1,Tall,0
13177,6,샷 추가 (+1),500
13178,4,HOT,0
13178,2,Grande,500
13178,11,기본,0
13178,9,카라멜 시럽,300
13178,10,휘핑크림 추가,500
13179,4,HOT,0
13179,1,Tall,0
13179,13,더 달게,0
13180,4,HOT,0
13180,1,Tall,0
13180,6,샷 추가 (+1),500
13180,8,헤이즐넛 시럽,300
13180,10,휘핑크림 추가,500
13181,4,HOT,0
13181,1,Tall,0
13181,8,헤이즐넛 시럽,300
13182,5,ICE,0
13182,2,Grande,500
13182,13,더 달게,0
13183,5,ICE,0
13183,1,Tall,0
13183,12,덜 달게,0
13183,7,바닐라 시럽,300
13183,10,휘핑크림 추가,500
13184,5,ICE,0
13184,3,Venti,1000
13185,4,HOT,0
13185,3,Venti,1000
13186,4,HOT,0
13186,1,Tall,0
13187,4,HOT,0
13187,2,Grande,500
13188,4,HOT,0
13188,3,Venti,1000
13188,11,기본,0
13189,4,HOT,0
13189,2,Grande,500
13190,4,HOT,0
13190,2,Grande,500
13190,11,기본,0
13190,8,헤이즐넛 시럽,300
13191,4,HOT,0
13191,2,Grande,500
13191,11,기본,0
13191,8,헤이즐넛 시럽,300
13192,4,HOT,0
13192,2,Grande,500
13192,11,기본,0
13193,4,HOT,0
13193,1,Tall,0
13193,11,기본,0
13193,6,샷 추가 (+1),500
13194,5,ICE,0
13194,2,Grande,500
13194,11,기본,0
13194,6,샷 추가 (+1),500
13195,4,HOT,0
13195,2,Grande,500
13196,5,ICE,0
13196,3,Venti,1000
13197,4,HOT,0
13197,2,Grande,500
13197,13,더 달게,0
13197,6,샷 추가 (+1),500
13198,5,ICE,0
13198,1,Tall,0
13198,6,샷 추가 (+1),500
13199,4,HOT,0
13199,1,Tall,0
13199,8,헤이즐넛 시럽,300
13200,4,HOT,0
13200,2,Grande,500
13200,13,더 달게,0
13200,6,샷 추가 (+1),500
13200,10,휘핑크림 추가,500
13201,4,HOT,0
13201,1,Tall,0
13201,6,샷 추가 (+1),500
13202,5,ICE,0
13202,2,Grande,500
13202,12,덜 달게,0
13202,6,샷 추가 (+1),500
13203,4,HOT,0
13203,2,Grande,500
13203,11,기본,0
13203,10,휘핑크림 추가,500
13204,4,HOT,0
13204,2,Grande,500
13204,12,덜 달게,0
13205,5,ICE,0
13205,2,Grande,500
13205,13,더 달게,0
13205,6,샷 추가 (+1),500
13206,5,ICE,0
13206,2,Grande,500
13206,11,기본,0
13206,8,헤이즐넛 시럽,300
13207,4,HOT,0
13207,1,Tall,0
13207,8,헤이즐넛 시럽,300
13208,4,HOT,0
13208,2,Grande,500
13208,13,더 달게,0
13209,4,HOT,0
13209,2,Grande,500
13209,12,덜 달게,0
13209,6,샷 추가 (+1),500
13210,5,ICE,0
13210,1,Tall,0
13210,10,휘핑크림 추가,500
13211,4,HOT,0
13211,2,Grande,500
13211,11,기본,0
13212,4,HOT,0
13212,1,Tall,0
13212,11,기본,0
13213,4,HOT,0
13213,3,Venti,1000
13213,6,샷 추가 (+1),500
13214,5,ICE,0
13214,3,Venti,1000
13214,13,더 달게,0
13215,5,ICE,0
13215,2,Grande,500
13216,5,ICE,0
13216,3,Venti,1000
13217,4,HOT,0
13217,1,Tall,0
13217,11,기본,0
13217,10,휘핑크림 추가,500
13218,5,ICE,0
13218,1,Tall,0
13218,12,덜 달게,0
13219,4,HOT,0
13219,2,Grande,500
13219,13,더 달게,0
13220,4,HOT,0
13220,2,Grande,500
13220,9,카라멜 시럽,300
13221,4,HOT,0
13221,2,Grande,500
13221,13,더 달게,0
13222,5,ICE,0
13222,1,Tall,0
13222,13,더 달게,0
13222,6,샷 추가 (+1),500
13223,4,HOT,0
13223,2,Grande,500
13223,6,샷 추가 (+1),500
13224,5,ICE,0
13224,1,Tall,0
13224,13,더 달게,0
13225,4,HOT,0
13225,1,Tall,0
13225,12,덜 달게,0
13226,4,HOT,0
13226,3,Venti,1000
13226,13,더 달게,0
13227,4,HOT,0
13227,1,Tall,0
13227,11,기본,0
13228,4,HOT,0
13228,1,Tall,0
13228,12,덜 달게,0
13229,4,HOT,0
13229,2,Grande,500
13229,12,덜 달게,0
13229,6,샷 추가 (+1),500
13230,4,HOT,0
13230,1,Tall,0
13230,11,기본,0
13230,6,샷 추가 (+1),500
13231,4,HOT,0
13231,1,Tall,0
13231,12,덜 달게,0
13231,10,휘핑크림 추가,500
13232,4,HOT,0
13232,1,Tall,0
13232,13,더 달게,0
13233,4,HOT,0
13233,3,Venti,1000
13233,12,덜 달게,0
13233,6,샷 추가 (+1),500
13234,4,HOT,0
13234,1,Tall,0
13234,11,기본,0
13235,4,HOT,0
13235,2,Grande,500
13236,4,HOT,0
13236,2,Grande,500
13236,11,기본,0
13237,4,HOT,0
13237,1,Tall,0
13237,11,기본,0
13238,4,HOT,0
13238,1,Tall,0
13238,12,덜 달게,0
13238,8,헤이즐넛 시럽,300
13239,5,ICE,0
13239,3,Venti,1000
13240,4,HOT,0
13240,1,Tall,0
13241,4,HOT,0
13241,2,Grande,500
13242,5,ICE,0
13242,1,Tall,0
13242,10,휘핑크림 추가,500
13243,5,ICE,0
13243,2,Grande,500
13244,4,HOT,0
13244,2,Grande,500
13244,12,덜 달게,0
13245,5,ICE,0
13245,1,Tall,0
13245,6,샷 추가 (+1),500
13245,9,카라멜 시럽,300
13245,10,휘핑크림 추가,500
13246,5,ICE,0
13246,1,Tall,0
13246,12,덜 달게,0
13246,6,샷 추가 (+1),500
13246,8,헤이즐넛 시럽,300
13247,4,HOT,0
13247,2,Grande,500
13247,12,덜 달게,0
13248,4,HOT,0
13248,1,Tall,0
13248,13,더 달게,0
13248,6,샷 추가 (+1),500
13249,4,HOT,0
13249,2,Grande,500
13249,13,더 달게,0
13250,4,HOT,0
13250,1,Tall,0
13250,12,덜 달게,0
13251,5,ICE,0
13251,1,Tall,0
13251,6,샷 추가 (+1),500
13252,5,ICE,0
13252,1,Tall,0
13253,4,HOT,0
13253,2,Grande,500
13254,4,HOT,0
13254,1,Tall,0
13254,11,기본,0
13254,10,휘핑크림 추가,500
13255,4,HOT,0
13255,2,Grande,500
13255,10,휘핑크림 추가,500
13256,5,ICE,0
13256,3,Venti,1000
13257,5,ICE,0
13257,1,Tall,0
13257,12,덜 달게,0
13258,5,ICE,0
13258,1,Tall,0
13259,4,HOT,0
13259,1,Tall,0
13259,11,기본,0
13259,6,샷 추가 (+1),500
13259,8,헤이즐넛 시럽,300
13259,10,휘핑크림 추가,500
13260,4,HOT,0
13260,1,Tall,0
13261,5,ICE,0
13261,1,Tall,0
13262,5,ICE,0
13262,1,Tall,0
13262,12,덜 달게,0
13263,5,ICE,0
13263,2,Grande,500
13263,13,더 달게,0
13263,8,헤이즐넛 시럽,300
13264,5,ICE,0
13264,2,Grande,500
13264,11,기본,0
13264,6,샷 추가 (+1),500
13265,4,HOT,0
13265,2,Grande,500
13265,13,더 달게,0
13265,8,헤이즐넛 시럽,300
13266,4,HOT,0
13266,1,Tall,0
13267,5,ICE,0
13267,1,Tall,0
13267,11,기본,0
13267,10,휘핑크림 추가,500
13268,4,HOT,0
13268,1,Tall,0
13268,6,샷 추가 (+1),500
13269,4,HOT,0
13269,1,Tall,0
13269,13,더 달게,0
13269,6,샷 추가 (+1),500
13270,4,HOT,0
13270,2,Grande,500
13270,6,샷 추가 (+1),500
13271,5,ICE,0
13271,2,Grande,500
13272,5,ICE,0
13272,2,Grande,500
13272,12,덜 달게,0
13273,4,HOT,0
13273,1,Tall,0
13274,5,ICE,0
13274,2,Grande,500
13274,11,기본,0
13275,4,HOT,0
13275,2,Grande,500
13275,10,휘핑크림 추가,500
13276,4,HOT,0
13276,1,Tall,0
13276,12,덜 달게,0
13277,4,HOT,0
13277,2,Grande,500
13277,6,샷 추가 (+1),500
13277,7,바닐라 시럽,300
13278,4,HOT,0
13278,2,Grande,500
13278,12,덜 달게,0
13279,5,ICE,0
13279,3,Venti,1000
13280,5,ICE,0
13280,1,Tall,0
13281,4,HOT,0
13281,1,Tall,0
13281,10,휘핑크림 추가,500
13282,5,ICE,0
13282,1,Tall,0
13282,13,더 달게,0
13282,6,샷 추가 (+1),500
13283,4,HOT,0
13283,1,Tall,0
13283,10,휘핑크림 추가,500
13284,5,ICE,0
13284,1,Tall,0
13285,5,ICE,0
13285,1,Tall,0
13285,12,덜 달게,0
13286,4,HOT,0
13286,1,Tall,0
13286,11,기본,0
13286,7,바닐라 시럽,300
13287,4,HOT,0
13287,2,Grande,500
13288,5,ICE,0
13288,2,Grande,500
13288,12,덜 달게,0
13289,5,ICE,0
13289,2,Grande,500
13289,6,샷 추가 (+1),500
13290,4,HOT,0
13290,3,Venti,1000
13290,12,덜 달게,0
13290,10,휘핑크림 추가,500
13291,4,HOT,0
13291,2,Grande,500
13292,4,HOT,0
13292,2,Grande,500
13292,9,카라멜 시럽,300
13293,5,ICE,0
13293,1,Tall,0
13293,13,더 달게,0
13293,10,휘핑크림 추가,500
13294,5,ICE,0
13294,1,Tall,0
13295,4,HOT,0
13295,1,Tall,0
13295,13,더 달게,0
13296,5,ICE,0
13296,2,Grande,500
13297,5,ICE,0
13297,2,Grande,500
13297,6,샷 추가 (+1),500
13298,5,ICE,0
13298,2,Grande,500
13298,8,헤이즐넛 시럽,300
13299,5,ICE,0
13299,1,Tall,0
13300,5,ICE,0
13300,1,Tall,0
13300,11,기본,0
13300,6,샷 추가 (+1),500
13301,4,HOT,0
13301,2,Grande,500
13301,11,기본,0
13302,4,HOT,0
13302,3,Venti,1000
13302,11,기본,0
13303,4,HOT,0
13303,1,Tall,0
13303,6,샷 추가 (+1),500
13304,5,ICE,0
13304,3,Venti,1000
13304,11,기본,0
13304,6,샷 추가 (+1),500
13305,4,HOT,0
13305,2,Grande,500
13306,5,ICE,0
13306,3,Venti,1000
13306,8,헤이즐넛 시럽,300
13307,5,ICE,0
13307,2,Grande,500
13307,9,카라멜 시럽,300
13308,5,ICE,0
13308,2,Grande,500
13308,6,샷 추가 (+1),500
13309,4,HOT,0
13309,3,Venti,1000
13310,4,HOT,0
13310,3,Venti,1000
13310,6,샷 추가 (+1),500
13311,4,HOT,0
13311,1,Tall,0
13311,10,휘핑크림 추가,500
13312,4,HOT,0
13312,1,Tall,0
13312,6,샷 추가 (+1),500
13313,4,HOT,0
13313,1,Tall,0
13313,6,샷 추가 (+1),500
13314,5,ICE,0
13314,1,Tall,0
13314,6,샷 추가 (+1),500
13315,4,HOT,0
13315,2,Grande,500
13315,11,기본,0
13315,7,바닐라 시럽,300
13316,5,ICE,0
13316,1,Tall,0
13316,12,덜 달게,0
13316,6,샷 추가 (+1),500
13316,8,헤이즐넛 시럽,300
13316,10,휘핑크림 추가,500
13317,5,ICE,0
13317,1,Tall,0
13317,13,더 달게,0
13318,5,ICE,0
13318,2,Grande,500
13318,11,기본,0
13318,6,샷 추가 (+1),500
13319,5,ICE,0
13319,3,Venti,1000
13319,13,더 달게,0
13319,6,샷 추가 (+1),500
13319,9,카라멜 시럽,300
13320,4,HOT,0
13320,1,Tall,0
13320,6,샷 추가 (+1),500
13321,4,HOT,0
13321,2,Grande,500
13321,11,기본,0
13321,7,바닐라 시럽,300
13322,5,ICE,0
13322,1,Tall,0
13322,13,더 달게,0
13323,5,ICE,0
13323,2,Grande,500
13323,12,덜 달게,0
13324,4,HOT,0
13324,2,Grande,500
13324,12,덜 달게,0
13325,5,ICE,0
13325,1,Tall,0
13325,11,기본,0
13325,6,샷 추가 (+1),500
13326,5,ICE,0
13326,3,Venti,1000
13326,11,기본,0
13327,4,HOT,0
13327,1,Tall,0
13327,10,휘핑크림 추가,500
13328,5,ICE,0
13328,1,Tall,0
13328,11,기본,0
13329,4,HOT,0
13329,2,Grande,500
13329,11,기본,0
13330,4,HOT,0
13330,1,Tall,0
13331,5,ICE,0
13331,2,Grande,500
13331,10,휘핑크림 추가,500
13332,5,ICE,0
13332,2,Grande,500
13332,13,더 달게,0
13332,6,샷 추가 (+1),500
13333,4,HOT,0
13333,3,Venti,1000
13334,5,ICE,0
13334,2,Grande,500
13334,13,더 달게,0
13334,6,샷 추가 (+1),500
13334,9,카라멜 시럽,300
13335,4,HOT,0
13335,2,Grande,500
13335,11,기본,0
13336,5,ICE,0
13336,3,Venti,1000
13337,4,HOT,0
13337,2,Grande,500
13337,13,더 달게,0
13338,5,ICE,0
13338,2,Grande,500
13338,11,기본,0
13339,4,HOT,0
13339,1,Tall,0
13339,13,더 달게,0
13339,6,샷 추가 (+1),500
13340,5,ICE,0
13340,1,Tall,0
13340,6,샷 추가 (+1),500
13341,5,ICE,0
13341,2,Grande,500
13342,4,HOT,0
13342,2,Grande,500
13342,13,더 달게,0
13342,6,샷 추가 (+1),500
13343,5,ICE,0
13343,2,Grande,500
13343,11,기본,0
13344,4,HOT,0
13344,1,Tall,0
13345,5,ICE,0
13345,2,Grande,500
13345,13,더 달게,0
13346,4,HOT,0
13346,1,Tall,0
13347,4,HOT,0
13347,3,Venti,1000
13347,12,덜 달게,0
13348,4,HOT,0
13348,2,Grande,500
13348,11,기본,0
13349,4,HOT,0
13349,3,Venti,1000
13349,13,더 달게,0
13350,4,HOT,0
13350,3,Venti,1000
13351,5,ICE,0
13351,1,Tall,0
13351,6,샷 추가 (+1),500
13351,10,휘핑크림 추가,500
13352,4,HOT,0
13352,1,Tall,0
13352,6,샷 추가 (+1),500
13353,5,ICE,0
13353,1,Tall,0
13354,4,HOT,0
13354,2,Grande,500
13354,7,바닐라 시럽,300
13355,4,HOT,0
13355,2,Grande,500
13355,11,기본,0
13355,8,헤이즐넛 시럽,300
13356,5,ICE,0
13356,3,Venti,1000
13356,12,덜 달게,0
13356,6,샷 추가 (+1),500
13357,4,HOT,0
13357,3,Venti,1000
13358,4,HOT,0
13358,2,Grande,500
13359,4,HOT,0
13359,1,Tall,0
13359,11,기본,0
13360,4,HOT,0
13360,1,Tall,0
13360,11,기본,0
13360,6,샷 추가 (+1),500
13361,5,ICE,0
13361,2,Grande,500
13362,4,HOT,0
13362,2,Grande,500
13362,10,휘핑크림 추가,500
13363,4,HOT,0
13363,2,Grande,500
13363,13,더 달게,0
13364,5,ICE,0
13364,2,Grande,500
13364,11,기본,0
13365,4,HOT,0
13365,1,Tall,0
13365,6,샷 추가 (+1),500
13366,5,ICE,0
13366,2,Grande,500
13367,4,HOT,0
13367,1,Tall,0
13367,6,샷 추가 (+1),500
13368,4,HOT,0
13368,1,Tall,0
13369,4,HOT,0
13369,1,Tall,0
13369,13,더 달게,0
13370,4,HOT,0
13370,1,Tall,0
13370,12,덜 달게,0
13370,6,샷 추가 (+1),500
13370,10,휘핑크림 추가,500
13371,4,HOT,0
13371,1,Tall,0
13371,11,기본,0
13371,6,샷 추가 (+1),500
13372,4,HOT,0
13372,2,Grande,500
13372,11,기본,0
13373,4,HOT,0
13373,2,Grande,500
13373,11,기본,0
13374,4,HOT,0
13374,2,Grande,500
13375,4,HOT,0
13375,3,Venti,1000
13375,13,더 달게,0
13376,5,ICE,0
13376,3,Venti,1000
13376,11,기본,0
13377,4,HOT,0
13377,2,Grande,500
13377,10,휘핑크림 추가,500
13378,4,HOT,0
13378,3,Venti,1000
13379,5,ICE,0
13379,3,Venti,1000
13380,4,HOT,0
13380,2,Grande,500
13381,5,ICE,0
13381,1,Tall,0
13381,11,기본,0
13381,6,샷 추가 (+1),500
13382,4,HOT,0
13382,2,Grande,500
13382,7,바닐라 시럽,300
13383,5,ICE,0
13383,3,Venti,1000
13383,11,기본,0
13383,9,카라멜 시럽,300
13384,4,HOT,0
13384,3,Venti,1000
13384,10,휘핑크림 추가,500
13385,4,HOT,0
13385,3,Venti,1000
13385,8,헤이즐넛 시럽,300
13386,5,ICE,0
13386,3,Venti,1000
13386,8,헤이즐넛 시럽,300
13386,10,휘핑크림 추가,500
13387,4,HOT,0
13387,1,Tall,0
13387,13,더 달게,0
13388,5,ICE,0
13388,1,Tall,0
13388,11,기본,0
13388,6,샷 추가 (+1),500
13389,5,ICE,0
13389,1,Tall,0
13389,11,기본,0
13389,6,샷 추가 (+1),500
13390,4,HOT,0
13390,3,Venti,1000
13390,10,휘핑크림 추가,500
13391,5,ICE,0
13391,1,Tall,0
13391,11,기본,0
13392,4,HOT,0
13392,2,Grande,500
13392,12,덜 달게,0
13392,6,샷 추가 (+1),500
13393,4,HOT,0
13393,2,Grande,500
13394,4,HOT,0
13394,2,Grande,500
13394,6,샷 추가 (+1),500
13395,4,HOT,0
13395,3,Venti,1000
13395,11,기본,0
13396,4,HOT,0
13396,2,Grande,500
13396,9,카라멜 시럽,300
13397,5,ICE,0
13397,1,Tall,0
13398,4,HOT,0
13398,2,Grande,500
13398,12,덜 달게,0
13399,4,HOT,0
13399,2,Grande,500
13399,12,덜 달게,0
13399,6,샷 추가 (+1),500
13400,4,HOT,0
13400,2,Grande,500
13400,6,샷 추가 (+1),500
13401,4,HOT,0
13401,3,Venti,1000
13401,11,기본,0
13402,4,HOT,0
13402,2,Grande,500
13402,11,기본,0
13402,6,샷 추가 (+1),500
13403,5,ICE,0
13403,1,Tall,0
13403,11,기본,0
13403,8,헤이즐넛 시럽,300
13404,4,HOT,0
13404,3,Venti,1000
13404,12,덜 달게,0
13405,5,ICE,0
13405,2,Grande,500
13405,11,기본,0
13405,6,샷 추가 (+1),500
13405,8,헤이즐넛 시럽,300
13406,5,ICE,0
13406,2,Grande,500
13406,11,기본,0
13406,6,샷 추가 (+1),500
13407,5,ICE,0
13407,2,Grande,500
13407,13,더 달게,0
13408,4,HOT,0
13408,1,Tall,0
13408,11,기본,0
13408,6,샷 추가 (+1),500
13408,7,바닐라 시럽,300
13409,4,HOT,0
13409,2,Grande,500
13410,4,HOT,0
13410,2,Grande,500
13410,13,더 달게,0
13411,4,HOT,0
13411,2,Grande,500
13411,11,기본,0
13412,4,HOT,0
13412,1,Tall,0
13412,7,바닐라 시럽,300
13412,10,휘핑크림 추가,500
13413,5,ICE,0
13413,1,Tall,0
13414,5,ICE,0
13414,2,Grande,500
13414,6,샷 추가 (+1),500
13415,4,HOT,0
13415,1,Tall,0
13416,4,HOT,0
13416,1,Tall,0
13416,9,카라멜 시럽,300
13417,4,HOT,0
13417,2,Grande,500
13417,12,덜 달게,0
13417,6,샷 추가 (+1),500
13418,4,HOT,0
13418,1,Tall,0
13418,6,샷 추가 (+1),500
13419,4,HOT,0
13419,1,Tall,0
13419,10,휘핑크림 추가,500
13420,4,HOT,0
13420,3,Venti,1000
13420,12,덜 달게,0
13420,9,카라멜 시럽,300
13421,5,ICE,0
13421,2,Grande,500
13421,12,덜 달게,0
13421,6,샷 추가 (+1),500
13422,5,ICE,0
13422,1,Tall,0
13422,12,덜 달게,0
13422,6,샷 추가 (+1),500
13423,4,HOT,0
13423,3,Venti,1000
13423,12,덜 달게,0
13423,8,헤이즐넛 시럽,300
13424,5,ICE,0
13424,2,Grande,500
13425,4,HOT,0
13425,3,Venti,1000
13425,13,더 달게,0
13426,4,HOT,0
13426,2,Grande,500
13427,4,HOT,0
13427,2,Grande,500
13427,6,샷 추가 (+1),500
13427,9,카라멜 시럽,300
13428,5,ICE,0
13428,2,Grande,500
13428,9,카라멜 시럽,300
13429,4,HOT,0
13429,1,Tall,0
13429,13,더 달게,0
13430,4,HOT,0
13430,2,Grande,500
13431,4,HOT,0
13431,1,Tall,0
13431,12,덜 달게,0
13431,8,헤이즐넛 시럽,300
13432,4,HOT,0
13432,1,Tall,0
13432,13,더 달게,0
13433,4,HOT,0
13433,1,Tall,0
13433,13,더 달게,0
13434,5,ICE,0
13434,2,Grande,500
13434,11,기본,0
13435,4,HOT,0
13435,3,Venti,1000
13435,12,덜 달게,0
13435,6,샷 추가 (+1),500
13435,10,휘핑크림 추가,500
13436,4,HOT,0
13436,1,Tall,0
13436,12,덜 달게,0
13436,7,바닐라 시럽,300
13436,10,휘핑크림 추가,500
13437,5,ICE,0
13437,1,Tall,0
13437,12,덜 달게,0
13438,4,HOT,0
13438,2,Grande,500
13439,5,ICE,0
13439,1,Tall,0
13439,6,샷 추가 (+1),500
13440,4,HOT,0
13440,2,Grande,500
13440,6,샷 추가 (+1),500
13441,4,HOT,0
13441,2,Grande,500
13441,13,더 달게,0
13441,9,카라멜 시럽,300
13441,10,휘핑크림 추가,500
13442,5,ICE,0
13442,2,Grande,500
13442,12,덜 달게,0
13442,6,샷 추가 (+1),500
13443,5,ICE,0
13443,2,Grande,500
13443,11,기본,0
13444,4,HOT,0
13444,1,Tall,0
13444,11,기본,0
13444,6,샷 추가 (+1),500
13445,4,HOT,0
13445,1,Tall,0
13445,11,기본,0
13446,4,HOT,0
13446,3,Venti,1000
13446,11,기본,0
13446,6,샷 추가 (+1),500
13446,8,헤이즐넛 시럽,300
13447,4,HOT,0
13447,3,Venti,1000
13447,11,기본,0
13448,4,HOT,0
13448,1,Tall,0
13448,11,기본,0
13448,6,샷 추가 (+1),500
13448,9,카라멜 시럽,300
13449,4,HOT,0
13449,3,Venti,1000
13449,6,샷 추가 (+1),500
13449,9,카라멜 시럽,300
13450,4,HOT,0
13450,3,Venti,1000
13450,11,기본,0
13450,6,샷 추가 (+1),500
13450,8,헤이즐넛 시럽,300
13451,5,ICE,0
13451,1,Tall,0
13451,12,덜 달게,0
13451,9,카라멜 시럽,300
13452,4,HOT,0
13452,1,Tall,0
13452,13,더 달게,0
13452,6,샷 추가 (+1),500
13453,4,HOT,0
13453,3,Venti,1000
13453,11,기본,0
13453,6,샷 추가 (+1),500
13454,5,ICE,0
13454,2,Grande,500
13454,12,덜 달게,0
13454,6,샷 추가 (+1),500
13455,5,ICE,0
13455,2,Grande,500
13455,13,더 달게,0
13456,4,HOT,0
13456,3,Venti,1000
13456,11,기본,0
13456,6,샷 추가 (+1),500
13456,9,카라멜 시럽,300
13457,4,HOT,0
13457,3,Venti,1000
13458,4,HOT,0
13458,1,Tall,0
13458,11,기본,0
13458,6,샷 추가 (+1),500
13459,4,HOT,0
13459,1,Tall,0
13459,12,덜 달게,0
13460,4,HOT,0
13460,1,Tall,0
13460,13,더 달게,0
13460,6,샷 추가 (+1),500
13461,4,HOT,0
13461,2,Grande,500
13461,13,더 달게,0
13462,5,ICE,0
13462,1,Tall,0
13462,11,기본,0
13462,6,샷 추가 (+1),500
13463,4,HOT,0
13463,2,Grande,500
13463,8,헤이즐넛 시럽,300
13464,5,ICE,0
13464,1,Tall,0
13464,12,덜 달게,0
13465,5,ICE,0
13465,2,Grande,500
13466,4,HOT,0
13466,1,Tall,0
13466,13,더 달게,0
13467,5,ICE,0
13467,1,Tall,0
13467,13,더 달게,0
13468,5,ICE,0
13468,1,Tall,0
13468,6,샷 추가 (+1),500
13468,9,카라멜 시럽,300
13469,5,ICE,0
13469,3,Venti,1000
13469,11,기본,0
13470,4,HOT,0
13470,3,Venti,1000
13470,11,기본,0
13470,8,헤이즐넛 시럽,300
13471,4,HOT,0
13471,2,Grande,500
13471,11,기본,0
13471,6,샷 추가 (+1),500
13472,5,ICE,0
13472,1,Tall,0
13472,11,기본,0
13472,6,샷 추가 (+1),500
13473,5,ICE,0
13473,1,Tall,0
13473,11,기본,0
13474,5,ICE,0
13474,1,Tall,0
13475,4,HOT,0
13475,1,Tall,0
13475,11,기본,0
13476,5,ICE,0
13476,3,Venti,1000
13476,12,덜 달게,0
13476,6,샷 추가 (+1),500
13476,7,바닐라 시럽,300
13476,10,휘핑크림 추가,500
13477,5,ICE,0
13477,1,Tall,0
13477,12,덜 달게,0
13478,4,HOT,0
13478,3,Venti,1000
13478,12,덜 달게,0
13479,5,ICE,0
13479,2,Grande,500
13480,4,HOT,0
13480,2,Grande,500
13480,11,기본,0
13481,5,ICE,0
13481,2,Grande,500
13481,11,기본,0
13482,5,ICE,0
13482,3,Venti,1000
13482,12,덜 달게,0
13483,5,ICE,0
13483,2,Grande,500
13484,4,HOT,0
13484,1,Tall,0
13484,13,더 달게,0
13484,8,헤이즐넛 시럽,300
13485,4,HOT,0
13485,2,Grande,500
13486,4,HOT,0
13486,3,Venti,1000
13486,6,샷 추가 (+1),500
13487,4,HOT,0
13487,3,Venti,1000
13487,6,샷 추가 (+1),500
13488,5,ICE,0
13488,1,Tall,0
13489,4,HOT,0
13489,1,Tall,0
13489,10,휘핑크림 추가,500
13490,4,HOT,0
13490,2,Grande,500
13490,11,기본,0
13491,4,HOT,0
13491,1,Tall,0
13492,5,ICE,0
13492,1,Tall,0
13492,12,덜 달게,0
13493,4,HOT,0
13493,1,Tall,0
13493,11,기본,0
13493,7,바닐라 시럽,300
13494,4,HOT,0
13494,1,Tall,0
13495,4,HOT,0
13495,1,Tall,0
13496,4,HOT,0
13496,1,Tall,0
13497,5,ICE,0
13497,3,Venti,1000
13498,5,ICE,0
13498,1,Tall,0
13499,4,HOT,0
13499,2,Grande,500
13500,4,HOT,0
13500,3,Venti,1000
13500,12,덜 달게,0
13501,4,HOT,0
13501,1,Tall,0
13501,13,더 달게,0
13501,6,샷 추가 (+1),500
13501,9,카라멜 시럽,300
13502,5,ICE,0
13502,2,Grande,500
13502,11,기본,0
13503,4,HOT,0
13503,3,Venti,1000
13503,6,샷 추가 (+1),500
13504,5,ICE,0
13504,3,Venti,1000
13504,9,카라멜 시럽,300
13505,4,HOT,0
13505,3,Venti,1000
13505,13,더 달게,0
13506,5,ICE,0
13506,1,Tall,0
13506,6,샷 추가 (+1),500
13506,10,휘핑크림 추가,500
13507,4,HOT,0
13507,1,Tall,0
13507,11,기본,0
13507,10,휘핑크림 추가,500
13508,4,HOT,0
13508,1,Tall,0
13508,6,샷 추가 (+1),500
13509,5,ICE,0
13509,1,Tall,0
13509,11,기본,0
13510,4,HOT,0
13510,2,Grande,500
13510,10,휘핑크림 추가,500
13511,4,HOT,0
13511,3,Venti,1000
13511,6,샷 추가 (+1),500
13512,4,HOT,0
13512,2,Grande,500
13512,6,샷 추가 (+1),500
13513,5,ICE,0
13513,1,Tall,0
13513,11,기본,0
13513,8,헤이즐넛 시럽,300
13514,5,ICE,0
13514,3,Venti,1000
13514,6,샷 추가 (+1),500
13515,4,HOT,0
13515,1,Tall,0
13515,6,샷 추가 (+1),500
13516,4,HOT,0
13516,1,Tall,0
13517,5,ICE,0
13517,2,Grande,500
13518,4,HOT,0
13518,3,Venti,1000
13518,12,덜 달게,0
13519,4,HOT,0
13519,3,Venti,1000
13519,6,샷 추가 (+1),500
13519,8,헤이즐넛 시럽,300
13520,4,HOT,0
13520,2,Grande,500
13521,4,HOT,0
13521,1,Tall,0
13521,11,기본,0
13522,4,HOT,0
13522,1,Tall,0
13522,11,기본,0
13522,6,샷 추가 (+1),500
13523,4,HOT,0
13523,2,Grande,500
13524,4,HOT,0
13524,1,Tall,0
13524,6,샷 추가 (+1),500
13525,5,ICE,0
13525,1,Tall,0
13525,13,더 달게,0
13525,8,헤이즐넛 시럽,300
13526,5,ICE,0
13526,2,Grande,500
13526,12,덜 달게,0
13527,4,HOT,0
13527,3,Venti,1000
13527,13,더 달게,0
13527,6,샷 추가 (+1),500
13528,5,ICE,0
13528,3,Venti,1000
13528,11,기본,0
13528,8,헤이즐넛 시럽,300
13529,5,ICE,0
13529,2,Grande,500
13529,7,바닐라 시럽,300
13530,4,HOT,0
13530,2,Grande,500
13530,11,기본,0
13531,5,ICE,0
13531,1,Tall,0
13531,6,샷 추가 (+1),500
13532,5,ICE,0
13532,1,Tall,0
13532,11,기본,0
13533,5,ICE,0
13533,3,Venti,1000
13533,11,기본,0
13534,4,HOT,0
13534,3,Venti,1000
13534,12,덜 달게,0
13534,6,샷 추가 (+1),500
13534,10,휘핑크림 추가,500
13535,5,ICE,0
13535,2,Grande,500
13535,12,덜 달게,0
13535,6,샷 추가 (+1),500
13535,8,헤이즐넛 시럽,300
13536,4,HOT,0
13536,3,Venti,1000
13536,13,더 달게,0
13537,4,HOT,0
13537,2,Grande,500
13537,12,덜 달게,0
13537,10,휘핑크림 추가,500
13538,5,ICE,0
13538,3,Venti,1000
13538,12,덜 달게,0
13538,6,샷 추가 (+1),500
13539,5,ICE,0
13539,3,Venti,1000
13540,5,ICE,0
13540,1,Tall,0
13541,4,HOT,0
13541,2,Grande,500
13541,6,샷 추가 (+1),500
13542,5,ICE,0
13542,1,Tall,0
13542,6,샷 추가 (+1),500
13543,5,ICE,0
13543,3,Venti,1000
13543,6,샷 추가 (+1),500
13544,4,HOT,0
13544,1,Tall,0
13544,11,기본,0
13545,5,ICE,0
13545,3,Venti,1000
13546,4,HOT,0
13546,1,Tall,0
13546,11,기본,0
13546,7,바닐라 시럽,300
13547,5,ICE,0
13547,1,Tall,0
13548,5,ICE,0
13548,3,Venti,1000
13548,13,더 달게,0
13549,5,ICE,0
13549,2,Grande,500
13549,6,샷 추가 (+1),500
13550,5,ICE,0
13550,3,Venti,1000
13551,5,ICE,0
13551,3,Venti,1000
13552,4,HOT,0
13552,2,Grande,500
13553,4,HOT,0
13553,1,Tall,0
13553,12,덜 달게,0
13554,4,HOT,0
13554,2,Grande,500
13554,11,기본,0
13554,6,샷 추가 (+1),500
13555,4,HOT,0
13555,1,Tall,0
13555,11,기본,0
13555,6,샷 추가 (+1),500
13556,5,ICE,0
13556,1,Tall,0
13556,12,덜 달게,0
13557,4,HOT,0
13557,2,Grande,500
13557,13,더 달게,0
13557,7,바닐라 시럽,300
13557,10,휘핑크림 추가,500
13558,4,HOT,0
13558,2,Grande,500
13558,11,기본,0
13559,5,ICE,0
13559,3,Venti,1000
13560,5,ICE,0
13560,1,Tall,0
13560,6,샷 추가 (+1),500
13561,4,HOT,0
13561,1,Tall,0
13561,12,덜 달게,0
13562,4,HOT,0
13562,1,Tall,0
13563,4,HOT,0
13563,2,Grande,500
13563,12,덜 달게,0
13564,5,ICE,0
13564,1,Tall,0
13564,13,더 달게,0
13564,10,휘핑크림 추가,500
13565,5,ICE,0
13565,2,Grande,500
13565,11,기본,0
13566,4,HOT,0
13566,1,Tall,0
13566,11,기본,0
13566,8,헤이즐넛 시럽,300
13567,4,HOT,0
13567,2,Grande,500
13567,11,기본,0
13568,4,HOT,0
13568,2,Grande,500
13568,6,샷 추가 (+1),500
13568,10,휘핑크림 추가,500
13569,4,HOT,0
13569,2,Grande,500
13569,13,더 달게,0
13570,4,HOT,0
13570,1,Tall,0
13570,12,덜 달게,0
13570,6,샷 추가 (+1),500
13571,5,ICE,0
13571,1,Tall,0
13571,11,기본,0
13571,9,카라멜 시럽,300
13571,10,휘핑크림 추가,500
13572,5,ICE,0
13572,1,Tall,0
13572,6,샷 추가 (+1),500
13572,10,휘핑크림 추가,500
13573,5,ICE,0
13573,1,Tall,0
13573,6,샷 추가 (+1),500
13573,9,카라멜 시럽,300
13573,10,휘핑크림 추가,500
13574,5,ICE,0
13574,1,Tall,0
13574,13,더 달게,0
13574,6,샷 추가 (+1),500
13575,5,ICE,0
13575,1,Tall,0
13575,11,기본,0
13576,5,ICE,0
13576,1,Tall,0
13576,12,덜 달게,0
13577,4,HOT,0
13577,1,Tall,0
13577,11,기본,0
13578,4,HOT,0
13578,1,Tall,0
13578,6,샷 추가 (+1),500
13579,5,ICE,0
13579,2,Grande,500
13579,11,기본,0
13580,5,ICE,0
13580,1,Tall,0
13580,11,기본,0
13581,4,HOT,0
13581,2,Grande,500
13581,6,샷 추가 (+1),500
13582,5,ICE,0
13582,3,Venti,1000
13582,13,더 달게,0
13582,6,샷 추가 (+1),500
13583,5,ICE,0
13583,2,Grande,500
13584,4,HOT,0
13584,2,Grande,500
13585,5,ICE,0
13585,3,Venti,1000
13585,13,더 달게,0
13586,4,HOT,0
13586,3,Venti,1000
13587,5,ICE,0
13587,2,Grande,500
13587,8,헤이즐넛 시럽,300
13588,5,ICE,0
13588,2,Grande,500
13588,11,기본,0
13588,6,샷 추가 (+1),500
13589,4,HOT,0
13589,2,Grande,500
13589,12,덜 달게,0
13589,10,휘핑크림 추가,500
13590,4,HOT,0
13590,1,Tall,0
13590,8,헤이즐넛 시럽,300
13591,4,HOT,0
13591,1,Tall,0
13591,6,샷 추가 (+1),500
13591,9,카라멜 시럽,300
13592,4,HOT,0
13592,1,Tall,0
13592,11,기본,0
13592,6,샷 추가 (+1),500
13593,5,ICE,0
13593,2,Grande,500
13593,11,기본,0
13593,10,휘핑크림 추가,500
13594,4,HOT,0
13594,2,Grande,500
13594,11,기본,0
13595,4,HOT,0
13595,1,Tall,0
13595,11,기본,0
13595,6,샷 추가 (+1),500
13596,4,HOT,0
13596,2,Grande,500
13596,13,더 달게,0
13597,5,ICE,0
13597,1,Tall,0
13597,6,샷 추가 (+1),500
13597,10,휘핑크림 추가,500
13598,4,HOT,0
13598,1,Tall,0
13598,11,기본,0
13598,6,샷 추가 (+1),500
13598,7,바닐라 시럽,300
13599,4,HOT,0
13599,1,Tall,0
13599,12,덜 달게,0
13600,5,ICE,0
13600,2,Grande,500
13600,12,덜 달게,0
13601,4,HOT,0
13601,3,Venti,1000
13601,13,더 달게,0
13602,5,ICE,0
13602,2,Grande,500
13602,6,샷 추가 (+1),500
13603,4,HOT,0
13603,2,Grande,500
13603,13,더 달게,0
13604,4,HOT,0
13604,2,Grande,500
13605,5,ICE,0
13605,1,Tall,0
13605,11,기본,0
13606,5,ICE,0
13606,1,Tall,0
13607,5,ICE,0
13607,2,Grande,500
13608,4,HOT,0
13608,2,Grande,500
13608,11,기본,0
13609,4,HOT,0
13609,1,Tall,0
13609,12,덜 달게,0
13609,6,샷 추가 (+1),500
13610,5,ICE,0
13610,1,Tall,0
13611,4,HOT,0
13611,2,Grande,500
13611,11,기본,0
13611,9,카라멜 시럽,300
13612,4,HOT,0
13612,2,Grande,500
13613,4,HOT,0
13613,1,Tall,0
13613,10,휘핑크림 추가,500
13614,5,ICE,0
13614,3,Venti,1000
13614,11,기본,0
13614,6,샷 추가 (+1),500
13615,5,ICE,0
13615,2,Grande,500
13615,12,덜 달게,0
13615,6,샷 추가 (+1),500
13616,4,HOT,0
13616,1,Tall,0
13616,11,기본,0
13616,8,헤이즐넛 시럽,300
13617,5,ICE,0
13617,2,Grande,500
13617,6,샷 추가 (+1),500
13618,5,ICE,0
13618,1,Tall,0
13618,13,더 달게,0
13618,6,샷 추가 (+1),500
13619,5,ICE,0
13619,2,Grande,500
13620,4,HOT,0
13620,2,Grande,500
13621,4,HOT,0
13621,1,Tall,0
13622,4,HOT,0
13622,1,Tall,0
13622,6,샷 추가 (+1),500
13623,4,HOT,0
13623,1,Tall,0
13623,10,휘핑크림 추가,500
13624,5,ICE,0
13624,2,Grande,500
13625,4,HOT,0
13625,1,Tall,0
13626,4,HOT,0
13626,2,Grande,500
13627,4,HOT,0
13627,2,Grande,500
13628,5,ICE,0
13628,2,Grande,500
13628,13,더 달게,0
13628,8,헤이즐넛 시럽,300
13629,4,HOT,0
13629,3,Venti,1000
13630,4,HOT,0
13630,2,Grande,500
13631,4,HOT,0
13631,1,Tall,0
13631,11,기본,0
13632,4,HOT,0
13632,2,Grande,500
13633,5,ICE,0
13633,3,Venti,1000
13633,13,더 달게,0
13634,5,ICE,0
13634,2,Grande,500
13634,11,기본,0
13634,8,헤이즐넛 시럽,300
13635,5,ICE,0
13635,1,Tall,0
13635,11,기본,0
13635,7,바닐라 시럽,300
13636,4,HOT,0
13636,2,Grande,500
13636,6,샷 추가 (+1),500
13637,4,HOT,0
13637,1,Tall,0
13637,11,기본,0
13637,6,샷 추가 (+1),500
13638,4,HOT,0
13638,2,Grande,500
13639,4,HOT,0
13639,1,Tall,0
13639,6,샷 추가 (+1),500
13640,5,ICE,0
13640,1,Tall,0
13641,4,HOT,0
13641,1,Tall,0
13641,13,더 달게,0
13642,5,ICE,0
13642,1,Tall,0
13642,8,헤이즐넛 시럽,300
13642,10,휘핑크림 추가,500
13643,4,HOT,0
13643,1,Tall,0
13644,4,HOT,0
13644,1,Tall,0
13644,11,기본,0
13645,5,ICE,0
13645,3,Venti,1000
13645,11,기본,0
13645,6,샷 추가 (+1),500
13645,8,헤이즐넛 시럽,300
13645,10,휘핑크림 추가,500
13646,5,ICE,0
13646,1,Tall,0
13647,4,HOT,0
13647,3,Venti,1000
13647,10,휘핑크림 추가,500
13648,4,HOT,0
13648,2,Grande,500
13648,11,기본,0
13648,7,바닐라 시럽,300
13649,4,HOT,0
13649,2,Grande,500
13649,6,샷 추가 (+1),500
13650,4,HOT,0
13650,2,Grande,500
13650,11,기본,0
13651,4,HOT,0
13651,1,Tall,0
13651,6,샷 추가 (+1),500
13651,10,휘핑크림 추가,500
13652,5,ICE,0
13652,2,Grande,500
13652,6,샷 추가 (+1),500
13653,5,ICE,0
13653,1,Tall,0
13653,6,샷 추가 (+1),500
13654,5,ICE,0
13654,1,Tall,0
13655,5,ICE,0
13655,2,Grande,500
13655,6,샷 추가 (+1),500
13656,4,HOT,0
13656,2,Grande,500
13656,11,기본,0
13657,5,ICE,0
13657,3,Venti,1000
13657,11,기본,0
13657,9,카라멜 시럽,300
13658,4,HOT,0
13658,1,Tall,0
13658,12,덜 달게,0
13658,6,샷 추가 (+1),500
13658,9,카라멜 시럽,300
13659,4,HOT,0
13659,1,Tall,0
13659,11,기본,0
13660,5,ICE,0
13660,2,Grande,500
13661,5,ICE,0
13661,1,Tall,0
13662,5,ICE,0
13662,1,Tall,0
13663,5,ICE,0
13663,3,Venti,1000
13664,5,ICE,0
13664,3,Venti,1000
13664,6,샷 추가 (+1),500
13664,8,헤이즐넛 시럽,300
13665,5,ICE,0
13665,3,Venti,1000
13665,11,기본,0
13666,4,HOT,0
13666,1,Tall,0
13666,12,덜 달게,0
13667,5,ICE,0
13667,1,Tall,0
13667,6,샷 추가 (+1),500
13668,4,HOT,0
13668,2,Grande,500
13668,11,기본,0
13669,4,HOT,0
13669,3,Venti,1000
13670,4,HOT,0
13670,2,Grande,500
13670,10,휘핑크림 추가,500
13671,4,HOT,0
13671,2,Grande,500
13671,6,샷 추가 (+1),500
13672,4,HOT,0
13672,1,Tall,0
13672,13,더 달게,0
13672,6,샷 추가 (+1),500
13672,9,카라멜 시럽,300
13673,4,HOT,0
13673,2,Grande,500
13673,11,기본,0
13674,4,HOT,0
13674,3,Venti,1000
13674,12,덜 달게,0
13674,6,샷 추가 (+1),500
13675,5,ICE,0
13675,2,Grande,500
13676,4,HOT,0
13676,1,Tall,0
13677,5,ICE,0
13677,3,Venti,1000
13678,4,HOT,0
13678,3,Venti,1000
13678,12,덜 달게,0
13679,4,HOT,0
13679,1,Tall,0
13679,7,바닐라 시럽,300
13680,4,HOT,0
13680,1,Tall,0
13681,4,HOT,0
13681,1,Tall,0
13682,4,HOT,0
13682,2,Grande,500
13682,13,더 달게,0
13683,5,ICE,0
13683,1,Tall,0
13684,4,HOT,0
13684,2,Grande,500
13684,12,덜 달게,0
13684,6,샷 추가 (+1),500
13684,9,카라멜 시럽,300
13685,4,HOT,0
13685,2,Grande,500
13685,13,더 달게,0
13686,4,HOT,0
13686,1,Tall,0
13686,13,더 달게,0
13687,5,ICE,0
13687,2,Grande,500
13687,11,기본,0
13687,10,휘핑크림 추가,500
13688,4,HOT,0
13688,2,Grande,500
13688,13,더 달게,0
13689,4,HOT,0
13689,1,Tall,0
13689,11,기본,0
13690,5,ICE,0
13690,2,Grande,500
13690,11,기본,0
13690,6,샷 추가 (+1),500
13691,5,ICE,0
13691,2,Grande,500
13691,11,기본,0
13692,4,HOT,0
13692,1,Tall,0
13693,4,HOT,0
13693,2,Grande,500
13693,11,기본,0
13694,4,HOT,0
13694,2,Grande,500
13694,11,기본,0
13695,5,ICE,0
13695,2,Grande,500
13695,9,카라멜 시럽,300
13696,5,ICE,0
13696,2,Grande,500
13696,12,덜 달게,0
13696,6,샷 추가 (+1),500
13697,4,HOT,0
13697,1,Tall,0
13697,11,기본,0
13698,5,ICE,0
13698,1,Tall,0
13699,5,ICE,0
13699,1,Tall,0
13699,11,기본,0
13699,6,샷 추가 (+1),500
13700,4,HOT,0
13700,1,Tall,0
13700,6,샷 추가 (+1),500
13701,4,HOT,0
13701,1,Tall,0
13701,11,기본,0
13701,6,샷 추가 (+1),500
13702,4,HOT,0
13702,3,Venti,1000
13702,11,기본,0
13702,6,샷 추가 (+1),500
13702,7,바닐라 시럽,300
13703,5,ICE,0
13703,1,Tall,0
13703,7,바닐라 시럽,300
13704,4,HOT,0
13704,1,Tall,0
13704,11,기본,0
13705,5,ICE,0
13705,2,Grande,500
13706,4,HOT,0
13706,2,Grande,500
13706,11,기본,0
13707,4,HOT,0
13707,1,Tall,0
13707,13,더 달게,0
13707,9,카라멜 시럽,300
13708,5,ICE,0
13708,1,Tall,0
13709,4,HOT,0
13709,2,Grande,500
13709,12,덜 달게,0
13709,6,샷 추가 (+1),500
13710,4,HOT,0
13710,3,Venti,1000
13710,11,기본,0
13711,4,HOT,0
13711,3,Venti,1000
13711,13,더 달게,0
13712,4,HOT,0
13712,1,Tall,0
13713,5,ICE,0
13713,2,Grande,500
13713,13,더 달게,0
13713,6,샷 추가 (+1),500
13714,4,HOT,0
13714,1,Tall,0
13714,12,덜 달게,0
13715,5,ICE,0
13715,1,Tall,0
13715,11,기본,0
13715,6,샷 추가 (+1),500
13716,4,HOT,0
13716,3,Venti,1000
13716,11,기본,0
13717,5,ICE,0
13717,2,Grande,500
13717,11,기본,0
13718,4,HOT,0
13718,1,Tall,0
13718,12,덜 달게,0
13719,5,ICE,0
13719,2,Grande,500
13720,4,HOT,0
13720,1,Tall,0
13720,12,덜 달게,0
13720,6,샷 추가 (+1),500
13720,8,헤이즐넛 시럽,300
13721,4,HOT,0
13721,1,Tall,0
13722,4,HOT,0
13722,2,Grande,500
13722,8,헤이즐넛 시럽,300
13723,5,ICE,0
13723,3,Venti,1000
13723,11,기본,0
13723,8,헤이즐넛 시럽,300
13724,4,HOT,0
13724,2,Grande,500
13724,6,샷 추가 (+1),500
13724,9,카라멜 시럽,300
13725,4,HOT,0
13725,2,Grande,500
13725,12,덜 달게,0
13725,7,바닐라 시럽,300
13726,4,HOT,0
13726,2,Grande,500
13726,13,더 달게,0
13726,6,샷 추가 (+1),500
13727,5,ICE,0
13727,3,Venti,1000
13727,11,기본,0
13727,6,샷 추가 (+1),500
13728,4,HOT,0
13728,2,Grande,500
13729,5,ICE,0
13729,2,Grande,500
13729,11,기본,0
13729,6,샷 추가 (+1),500
13730,4,HOT,0
13730,2,Grande,500
13730,11,기본,0
13731,5,ICE,0
13731,2,Grande,500
13731,13,더 달게,0
13731,6,샷 추가 (+1),500
13732,5,ICE,0
13732,3,Venti,1000
13732,11,기본,0
13733,4,HOT,0
13733,1,Tall,0
13733,13,더 달게,0
13734,4,HOT,0
13734,2,Grande,500
13734,11,기본,0
13735,5,ICE,0
13735,1,Tall,0
13735,6,샷 추가 (+1),500
13736,5,ICE,0
13736,2,Grande,500
13736,9,카라멜 시럽,300
13737,5,ICE,0
13737,1,Tall,0
13737,12,덜 달게,0
13738,5,ICE,0
13738,1,Tall,0
13738,11,기본,0
13739,5,ICE,0
13739,1,Tall,0
13739,13,더 달게,0
13739,6,샷 추가 (+1),500
13740,4,HOT,0
13740,2,Grande,500
13740,7,바닐라 시럽,300
13741,5,ICE,0
13741,3,Venti,1000
13741,6,샷 추가 (+1),500
13741,10,휘핑크림 추가,500
13742,4,HOT,0
13742,1,Tall,0
13742,11,기본,0
13742,6,샷 추가 (+1),500
13742,10,휘핑크림 추가,500
13743,4,HOT,0
13743,1,Tall,0
13743,11,기본,0
13744,4,HOT,0
13744,2,Grande,500
13744,11,기본,0
13745,4,HOT,0
13745,1,Tall,0
13745,13,더 달게,0
13745,6,샷 추가 (+1),500
13746,5,ICE,0
13746,3,Venti,1000
13746,13,더 달게,0
13747,4,HOT,0
13747,1,Tall,0
13748,5,ICE,0
13748,2,Grande,500
13748,11,기본,0
13749,4,HOT,0
13749,2,Grande,500
13749,6,샷 추가 (+1),500
13749,8,헤이즐넛 시럽,300
13750,4,HOT,0
13750,3,Venti,1000
13750,11,기본,0
13751,4,HOT,0
13751,1,Tall,0
13751,11,기본,0
13751,6,샷 추가 (+1),500
13752,4,HOT,0
13752,1,Tall,0
13753,4,HOT,0
13753,1,Tall,0
13754,5,ICE,0
13754,1,Tall,0
13754,11,기본,0
13755,4,HOT,0
13755,2,Grande,500
13755,6,샷 추가 (+1),500
13756,4,HOT,0
13756,1,Tall,0
13756,6,샷 추가 (+1),500
13757,5,ICE,0
13757,1,Tall,0
13757,7,바닐라 시럽,300
13757,10,휘핑크림 추가,500
13758,4,HOT,0
13758,3,Venti,1000
13758,12,덜 달게,0
13758,6,샷 추가 (+1),500
13758,10,휘핑크림 추가,500
13759,4,HOT,0
13759,1,Tall,0
13760,4,HOT,0
13760,2,Grande,500
13761,5,ICE,0
13761,3,Venti,1000
13762,4,HOT,0
13762,2,Grande,500
13762,13,더 달게,0
13762,6,샷 추가 (+1),500
13763,5,ICE,0
13763,2,Grande,500
13763,11,기본,0
13764,4,HOT,0
13764,2,Grande,500
13764,13,더 달게,0
13764,6,샷 추가 (+1),500
13764,10,휘핑크림 추가,500
13765,5,ICE,0
13765,3,Venti,1000
13765,6,샷 추가 (+1),500
13766,4,HOT,0
13766,2,Grande,500
13767,5,ICE,0
13767,1,Tall,0
13768,5,ICE,0
13768,1,Tall,0
13768,6,샷 추가 (+1),500
13769,4,HOT,0
13769,2,Grande,500
13769,13,더 달게,0
13769,8,헤이즐넛 시럽,300
13770,5,ICE,0
13770,1,Tall,0
13770,13,더 달게,0
13770,7,바닐라 시럽,300
13771,4,HOT,0
13771,3,Venti,1000
13771,13,더 달게,0
13771,6,샷 추가 (+1),500
13772,4,HOT,0
13772,2,Grande,500
13773,5,ICE,0
13773,2,Grande,500
13773,11,기본,0
13774,4,HOT,0
13774,1,Tall,0
13774,12,덜 달게,0
13774,6,샷 추가 (+1),500
13774,10,휘핑크림 추가,500
13775,5,ICE,0
13775,1,Tall,0
13775,13,더 달게,0
13775,6,샷 추가 (+1),500
13775,7,바닐라 시럽,300
13776,4,HOT,0
13776,1,Tall,0
13776,6,샷 추가 (+1),500
13777,4,HOT,0
13777,1,Tall,0
13778,4,HOT,0
13778,1,Tall,0
13778,11,기본,0
13779,5,ICE,0
13779,2,Grande,500
13779,9,카라멜 시럽,300
13779,10,휘핑크림 추가,500
13780,4,HOT,0
13780,3,Venti,1000
13780,6,샷 추가 (+1),500
13781,5,ICE,0
13781,1,Tall,0
13781,11,기본,0
13781,6,샷 추가 (+1),500
13781,8,헤이즐넛 시럽,300
13782,4,HOT,0
13782,1,Tall,0
13782,7,바닐라 시럽,300
13783,4,HOT,0
13783,1,Tall,0
13783,13,더 달게,0
13784,4,HOT,0
13784,2,Grande,500
13784,13,더 달게,0
13784,6,샷 추가 (+1),500
13785,5,ICE,0
13785,2,Grande,500
13785,7,바닐라 시럽,300
13786,5,ICE,0
13786,2,Grande,500
13786,11,기본,0
13787,5,ICE,0
13787,1,Tall,0
13787,12,덜 달게,0
13787,10,휘핑크림 추가,500
13788,5,ICE,0
13788,2,Grande,500
13788,13,더 달게,0
13788,6,샷 추가 (+1),500
13789,4,HOT,0
13789,3,Venti,1000
13789,6,샷 추가 (+1),500
13790,4,HOT,0
13790,2,Grande,500
13790,13,더 달게,0
13790,8,헤이즐넛 시럽,300
13791,4,HOT,0
13791,1,Tall,0
13792,4,HOT,0
13792,3,Venti,1000
13792,13,더 달게,0
13792,6,샷 추가 (+1),500
13793,4,HOT,0
13793,1,Tall,0
13793,12,덜 달게,0
13793,8,헤이즐넛 시럽,300
13794,4,HOT,0
13794,2,Grande,500
13794,11,기본,0
13795,5,ICE,0
13795,2,Grande,500
13795,6,샷 추가 (+1),500
13795,8,헤이즐넛 시럽,300
13796,5,ICE,0
13796,1,Tall,0
13796,12,덜 달게,0
13796,6,샷 추가 (+1),500
13797,4,HOT,0
13797,2,Grande,500
13797,6,샷 추가 (+1),500
13798,5,ICE,0
13798,1,Tall,0
13798,11,기본,0
13798,9,카라멜 시럽,300
13799,4,HOT,0
13799,2,Grande,500
13799,12,덜 달게,0
13799,6,샷 추가 (+1),500
13799,9,카라멜 시럽,300
13800,4,HOT,0
13800,1,Tall,0
13800,11,기본,0
13801,4,HOT,0
13801,2,Grande,500
13801,13,더 달게,0
13802,4,HOT,0
13802,3,Venti,1000
13803,4,HOT,0
13803,2,Grande,500
13803,12,덜 달게,0
13803,7,바닐라 시럽,300
13804,5,ICE,0
13804,3,Venti,1000
13804,11,기본,0
13805,4,HOT,0
13805,2,Grande,500
13805,11,기본,0
13806,4,HOT,0
13806,3,Venti,1000
13806,11,기본,0
13806,6,샷 추가 (+1),500
13807,4,HOT,0
13807,3,Venti,1000
13807,11,기본,0
13807,7,바닐라 시럽,300
13808,4,HOT,0
13808,2,Grande,500
13808,12,덜 달게,0
13808,7,바닐라 시럽,300
13809,4,HOT,0
13809,3,Venti,1000
13809,11,기본,0
13810,5,ICE,0
13810,3,Venti,1000
13810,12,덜 달게,0
13810,6,샷 추가 (+1),500
13810,10,휘핑크림 추가,500
13811,5,ICE,0
13811,1,Tall,0
13811,7,바닐라 시럽,300
13812,5,ICE,0
13812,1,Tall,0
13812,6,샷 추가 (+1),500
13813,5,ICE,0
13813,2,Grande,500
13813,8,헤이즐넛 시럽,300
13814,4,HOT,0
13814,1,Tall,0
13815,4,HOT,0
13815,2,Grande,500
13815,12,덜 달게,0
13815,6,샷 추가 (+1),500
13816,5,ICE,0
13816,2,Grande,500
13817,4,HOT,0
13817,3,Venti,1000
13817,11,기본,0
13818,4,HOT,0
13818,2,Grande,500
13818,13,더 달게,0
13819,5,ICE,0
13819,2,Grande,500
13819,13,더 달게,0
13819,10,휘핑크림 추가,500
13820,4,HOT,0
13820,2,Grande,500
13821,5,ICE,0
13821,1,Tall,0
13821,12,덜 달게,0
13822,5,ICE,0
13822,2,Grande,500
13822,11,기본,0
13822,7,바닐라 시럽,300
13823,5,ICE,0
13823,1,Tall,0
13823,6,샷 추가 (+1),500
13824,4,HOT,0
13824,2,Grande,500
13824,11,기본,0
13825,5,ICE,0
13825,3,Venti,1000
13825,12,덜 달게,0
13826,4,HOT,0
13826,2,Grande,500
13826,6,샷 추가 (+1),500
13827,4,HOT,0
13827,2,Grande,500
13827,11,기본,0
13827,7,바닐라 시럽,300
13828,5,ICE,0
13828,1,Tall,0
13828,11,기본,0
13828,7,바닐라 시럽,300
13829,5,ICE,0
13829,1,Tall,0
13829,11,기본,0
13829,10,휘핑크림 추가,500
13830,4,HOT,0
13830,3,Venti,1000
13830,12,덜 달게,0
13830,8,헤이즐넛 시럽,300
13831,4,HOT,0
13831,3,Venti,1000
13831,11,기본,0
13832,5,ICE,0
13832,2,Grande,500
13832,11,기본,0
13832,8,헤이즐넛 시럽,300
13833,5,ICE,0
13833,1,Tall,0
13833,11,기본,0
13834,5,ICE,0
13834,2,Grande,500
13834,6,샷 추가 (+1),500
13835,4,HOT,0
13835,2,Grande,500
13836,5,ICE,0
13836,1,Tall,0
13837,4,HOT,0
13837,1,Tall,0
13837,11,기본,0
13837,7,바닐라 시럽,300
13838,5,ICE,0
13838,2,Grande,500
13838,12,덜 달게,0
13839,5,ICE,0
13839,2,Grande,500
13839,12,덜 달게,0
13839,9,카라멜 시럽,300
13840,5,ICE,0
13840,2,Grande,500
13840,13,더 달게,0
13840,10,휘핑크림 추가,500
13841,5,ICE,0
13841,1,Tall,0
13841,6,샷 추가 (+1),500
13842,4,HOT,0
13842,1,Tall,0
13842,13,더 달게,0
13842,8,헤이즐넛 시럽,300
13843,5,ICE,0
13843,2,Grande,500
13843,12,덜 달게,0
13843,6,샷 추가 (+1),500
13844,4,HOT,0
13844,3,Venti,1000
13844,12,덜 달게,0
13844,6,샷 추가 (+1),500
13845,5,ICE,0
13845,1,Tall,0
13845,6,샷 추가 (+1),500
13846,5,ICE,0
13846,2,Grande,500
13846,13,더 달게,0
13847,4,HOT,0
13847,1,Tall,0
13847,13,더 달게,0
13848,4,HOT,0
13848,2,Grande,500
13848,11,기본,0
13849,5,ICE,0
13849,3,Venti,1000
13849,13,더 달게,0
13849,9,카라멜 시럽,300
13850,4,HOT,0
13850,2,Grande,500
13850,11,기본,0
13851,4,HOT,0
13851,2,Grande,500
13851,11,기본,0
13851,6,샷 추가 (+1),500
13851,9,카라멜 시럽,300
13851,10,휘핑크림 추가,500
13852,4,HOT,0
13852,1,Tall,0
13852,11,기본,0
13853,4,HOT,0
13853,1,Tall,0
13853,9,카라멜 시럽,300
13854,4,HOT,0
13854,2,Grande,500
13854,13,더 달게,0
13854,6,샷 추가 (+1),500
13855,4,HOT,0
13855,2,Grande,500
13855,12,덜 달게,0
13855,6,샷 추가 (+1),500
13855,9,카라멜 시럽,300
13856,5,ICE,0
13856,2,Grande,500
13857,5,ICE,0
13857,3,Venti,1000
13857,11,기본,0
13858,4,HOT,0
13858,2,Grande,500
13858,13,더 달게,0
13859,5,ICE,0
13859,1,Tall,0
13859,10,휘핑크림 추가,500
13860,4,HOT,0
13860,2,Grande,500
13860,11,기본,0
13861,4,HOT,0
13861,2,Grande,500
13862,5,ICE,0
13862,2,Grande,500
13862,8,헤이즐넛 시럽,300
13863,4,HOT,0
13863,3,Venti,1000
13864,5,ICE,0
13864,3,Venti,1000
13865,5,ICE,0
13865,3,Venti,1000
13865,13,더 달게,0
13865,6,샷 추가 (+1),500
13866,4,HOT,0
13866,2,Grande,500
13866,6,샷 추가 (+1),500
13866,10,휘핑크림 추가,500
13867,5,ICE,0
13867,2,Grande,500
13867,6,샷 추가 (+1),500
13868,4,HOT,0
13868,1,Tall,0
13868,11,기본,0
13868,6,샷 추가 (+1),500
13869,4,HOT,0
13869,1,Tall,0
13869,12,덜 달게,0
13869,6,샷 추가 (+1),500
13870,5,ICE,0
13870,2,Grande,500
13870,6,샷 추가 (+1),500
13871,4,HOT,0
13871,1,Tall,0
13871,12,덜 달게,0
13872,4,HOT,0
13872,1,Tall,0
13873,4,HOT,0
13873,1,Tall,0
13873,10,휘핑크림 추가,500
13874,4,HOT,0
13874,1,Tall,0
13874,12,덜 달게,0
13875,5,ICE,0
13875,1,Tall,0
13876,4,HOT,0
13876,3,Venti,1000
13877,4,HOT,0
13877,3,Venti,1000
13877,13,더 달게,0
13877,6,샷 추가 (+1),500
13878,5,ICE,0
13878,2,Grande,500
13878,11,기본,0
13878,6,샷 추가 (+1),500
13879,5,ICE,0
13879,2,Grande,500
13880,5,ICE,0
13880,1,Tall,0
13880,12,덜 달게,0
13881,4,HOT,0
13881,1,Tall,0
13881,11,기본,0
13881,6,샷 추가 (+1),500
13882,5,ICE,0
13882,3,Venti,1000
13882,13,더 달게,0
13883,5,ICE,0
13883,3,Venti,1000
13884,5,ICE,0
13884,1,Tall,0
13884,11,기본,0
13885,4,HOT,0
13885,1,Tall,0
13885,11,기본,0
13886,5,ICE,0
13886,2,Grande,500
13887,5,ICE,0
13887,1,Tall,0
13888,4,HOT,0
13888,1,Tall,0
13888,11,기본,0
13888,10,휘핑크림 추가,500
13889,4,HOT,0
13889,3,Venti,1000
13889,13,더 달게,0
13889,6,샷 추가 (+1),500
13890,5,ICE,0
13890,2,Grande,500
13890,13,더 달게,0
13891,5,ICE,0
13891,1,Tall,0
13891,11,기본,0
13892,4,HOT,0
13892,3,Venti,1000
13892,12,덜 달게,0
13893,4,HOT,0
13893,1,Tall,0
13893,13,더 달게,0
13894,4,HOT,0
13894,2,Grande,500
13894,12,덜 달게,0
13895,4,HOT,0
13895,1,Tall,0
13895,12,덜 달게,0
13896,5,ICE,0
13896,3,Venti,1000
13896,11,기본,0
13896,6,샷 추가 (+1),500
13896,7,바닐라 시럽,300
13897,4,HOT,0
13897,1,Tall,0
13897,13,더 달게,0
13897,6,샷 추가 (+1),500
13898,4,HOT,0
13898,3,Venti,1000
13899,4,HOT,0
13899,1,Tall,0
13899,12,덜 달게,0
13900,5,ICE,0
13900,2,Grande,500
13900,13,더 달게,0
13900,6,샷 추가 (+1),500
13901,5,ICE,0
13901,2,Grande,500
13902,4,HOT,0
13902,1,Tall,0
13902,13,더 달게,0
13902,6,샷 추가 (+1),500
13903,5,ICE,0
13903,2,Grande,500
13904,4,HOT,0
13904,2,Grande,500
13904,12,덜 달게,0
13904,6,샷 추가 (+1),500
13905,4,HOT,0
13905,2,Grande,500
13905,11,기본,0
13905,6,샷 추가 (+1),500
13906,4,HOT,0
13906,1,Tall,0
13906,6,샷 추가 (+1),500
13907,5,ICE,0
13907,1,Tall,0
13907,12,덜 달게,0
13908,4,HOT,0
13908,1,Tall,0
13908,6,샷 추가 (+1),500
13909,5,ICE,0
13909,2,Grande,500
13909,11,기본,0
13909,6,샷 추가 (+1),500
13909,8,헤이즐넛 시럽,300
13910,4,HOT,0
13910,1,Tall,0
13910,11,기본,0
13911,4,HOT,0
13911,3,Venti,1000
13911,12,덜 달게,0
13911,10,휘핑크림 추가,500
13912,4,HOT,0
13912,1,Tall,0
13912,11,기본,0
13912,6,샷 추가 (+1),500
13913,4,HOT,0
13913,2,Grande,500
13913,12,덜 달게,0
13914,4,HOT,0
13914,2,Grande,500
13914,12,덜 달게,0
13915,4,HOT,0
13915,2,Grande,500
13916,5,ICE,0
13916,2,Grande,500
13916,11,기본,0
13917,4,HOT,0
13917,2,Grande,500
13917,11,기본,0
13918,4,HOT,0
13918,2,Grande,500
13918,13,더 달게,0
13919,4,HOT,0
13919,2,Grande,500
13919,6,샷 추가 (+1),500
13920,4,HOT,0
13920,1,Tall,0
13920,11,기본,0
13921,4,HOT,0
13921,1,Tall,0
13922,5,ICE,0
13922,3,Venti,1000
13922,11,기본,0
13923,4,HOT,0
13923,2,Grande,500
13923,12,덜 달게,0
13923,6,샷 추가 (+1),500
13923,8,헤이즐넛 시럽,300
13924,5,ICE,0
13924,2,Grande,500
13924,12,덜 달게,0
13925,5,ICE,0
13925,1,Tall,0
13925,6,샷 추가 (+1),500
13926,5,ICE,0
13926,2,Grande,500
13926,6,샷 추가 (+1),500
13927,4,HOT,0
13927,1,Tall,0
13927,11,기본,0
13928,4,HOT,0
13928,2,Grande,500
13928,13,더 달게,0
13928,6,샷 추가 (+1),500
13929,5,ICE,0
13929,2,Grande,500
13929,13,더 달게,0
13929,6,샷 추가 (+1),500
13930,5,ICE,0
13930,2,Grande,500
13930,6,샷 추가 (+1),500
13931,4,HOT,0
13931,1,Tall,0
13931,11,기본,0
13931,9,카라멜 시럽,300
13932,4,HOT,0
13932,3,Venti,1000
13932,11,기본,0
13933,4,HOT,0
13933,1,Tall,0
13933,12,덜 달게,0
13933,6,샷 추가 (+1),500
13933,10,휘핑크림 추가,500
13934,4,HOT,0
13934,2,Grande,500
13934,11,기본,0
13935,4,HOT,0
13935,3,Venti,1000
13936,5,ICE,0
13936,1,Tall,0
13936,6,샷 추가 (+1),500
13937,5,ICE,0
13937,1,Tall,0
13938,5,ICE,0
13938,2,Grande,500
13938,11,기본,0
13938,6,샷 추가 (+1),500
13939,4,HOT,0
13939,3,Venti,1000
13939,8,헤이즐넛 시럽,300
13940,4,HOT,0
13940,1,Tall,0
13940,13,더 달게,0
13941,5,ICE,0
13941,1,Tall,0
13941,13,더 달게,0
13942,5,ICE,0
13942,3,Venti,1000
13942,12,덜 달게,0
13942,9,카라멜 시럽,300
13943,5,ICE,0
13943,3,Venti,1000
13943,13,더 달게,0
13943,6,샷 추가 (+1),500
13944,4,HOT,0
13944,1,Tall,0
13944,12,덜 달게,0
13945,5,ICE,0
13945,1,Tall,0
13945,11,기본,0
13945,6,샷 추가 (+1),500
13945,10,휘핑크림 추가,500
13946,4,HOT,0
13946,2,Grande,500
13946,8,헤이즐넛 시럽,300
13947,4,HOT,0
13947,2,Grande,500
13947,12,덜 달게,0
13947,6,샷 추가 (+1),500
13947,7,바닐라 시럽,300
13947,10,휘핑크림 추가,500
13948,5,ICE,0
13948,2,Grande,500
13948,12,덜 달게,0
13948,8,헤이즐넛 시럽,300
13949,4,HOT,0
13949,3,Venti,1000
13949,12,덜 달게,0
13949,10,휘핑크림 추가,500
13950,5,ICE,0
13950,2,Grande,500
13950,11,기본,0
13950,8,헤이즐넛 시럽,300
13951,4,HOT,0
13951,1,Tall,0
13952,4,HOT,0
13952,2,Grande,500
13952,13,더 달게,0
13953,5,ICE,0
13953,1,Tall,0
13953,12,덜 달게,0
13953,6,샷 추가 (+1),500
13954,4,HOT,0
13954,2,Grande,500
13954,13,더 달게,0
13955,4,HOT,0
13955,2,Grande,500
13955,8,헤이즐넛 시럽,300
13956,4,HOT,0
13956,2,Grande,500
13956,6,샷 추가 (+1),500
13957,4,HOT,0
13957,3,Venti,1000
13958,4,HOT,0
13958,3,Venti,1000
13958,12,덜 달게,0
13959,5,ICE,0
13959,1,Tall,0
13959,12,덜 달게,0
13959,6,샷 추가 (+1),500
13960,4,HOT,0
13960,2,Grande,500
13960,12,덜 달게,0
13960,9,카라멜 시럽,300
13961,4,HOT,0
13961,2,Grande,500
13961,11,기본,0
13961,6,샷 추가 (+1),500
13962,4,HOT,0
13962,2,Grande,500
13962,11,기본,0
13963,5,ICE,0
13963,2,Grande,500
13964,5,ICE,0
13964,1,Tall,0
13964,7,바닐라 시럽,300
13965,5,ICE,0
13965,3,Venti,1000
13966,4,HOT,0
13966,1,Tall,0
13966,6,샷 추가 (+1),500
13967,5,ICE,0
13967,2,Grande,500
13967,6,샷 추가 (+1),500
13968,5,ICE,0
13968,2,Grande,500
13968,12,덜 달게,0
13968,8,헤이즐넛 시럽,300
13969,4,HOT,0
13969,2,Grande,500
13969,13,더 달게,0
13970,5,ICE,0
13970,1,Tall,0
13970,10,휘핑크림 추가,500
13971,5,ICE,0
13971,2,Grande,500
13971,11,기본,0
13972,5,ICE,0
13972,1,Tall,0
13972,11,기본,0
13973,4,HOT,0
13973,3,Venti,1000
13973,11,기본,0
13973,6,샷 추가 (+1),500
13974,4,HOT,0
13974,3,Venti,1000
13975,5,ICE,0
13975,2,Grande,500
13976,4,HOT,0
13976,1,Tall,0
13977,4,HOT,0
13977,2,Grande,500
13977,11,기본,0
13977,8,헤이즐넛 시럽,300
13978,5,ICE,0
13978,2,Grande,500
13978,6,샷 추가 (+1),500
13979,4,HOT,0
13979,2,Grande,500
13979,11,기본,0
13980,5,ICE,0
13980,2,Grande,500
13980,11,기본,0
13980,9,카라멜 시럽,300
13980,10,휘핑크림 추가,500
13981,5,ICE,0
13981,1,Tall,0
13981,12,덜 달게,0
13981,9,카라멜 시럽,300
13982,5,ICE,0
13982,2,Grande,500
13982,11,기본,0
13983,5,ICE,0
13983,3,Venti,1000
13983,6,샷 추가 (+1),500
13983,7,바닐라 시럽,300
13984,4,HOT,0
13984,1,Tall,0
13984,11,기본,0
13984,7,바닐라 시럽,300
13985,4,HOT,0
13985,1,Tall,0
13986,4,HOT,0
13986,1,Tall,0
13986,12,덜 달게,0
13986,10,휘핑크림 추가,500
13987,4,HOT,0
13987,1,Tall,0
13987,11,기본,0
13987,9,카라멜 시럽,300
13988,4,HOT,0
13988,1,Tall,0
13989,5,ICE,0
13989,1,Tall,0
13989,13,더 달게,0
13990,4,HOT,0
13990,1,Tall,0
13990,8,헤이즐넛 시럽,300
13990,10,휘핑크림 추가,500
13991,4,HOT,0
13991,1,Tall,0
13991,11,기본,0
13992,4,HOT,0
13992,1,Tall,0
13992,6,샷 추가 (+1),500
13993,4,HOT,0
13993,1,Tall,0
13993,12,덜 달게,0
13993,9,카라멜 시럽,300
13994,4,HOT,0
13994,3,Venti,1000
13994,11,기본,0
13995,5,ICE,0
13995,2,Grande,500
13995,10,휘핑크림 추가,500
13996,4,HOT,0
13996,3,Venti,1000
13996,13,더 달게,0
13997,5,ICE,0
13997,2,Grande,500
13998,4,HOT,0
13998,2,Grande,500
13998,11,기본,0
13998,6,샷 추가 (+1),500
13999,5,ICE,0
13999,2,Grande,500
13999,12,덜 달게,0
14000,4,HOT,0
14000,2,Grande,500
14001,5,ICE,0
14001,2,Grande,500
14001,11,기본,0
14001,6,샷 추가 (+1),500
14002,4,HOT,0
14002,1,Tall,0
14002,8,헤이즐넛 시럽,300
14003,4,HOT,0
14003,2,Grande,500
14003,12,덜 달게,0
14004,5,ICE,0
14004,1,Tall,0
14004,11,기본,0
14005,4,HOT,0
14005,2,Grande,500
14005,11,기본,0
14005,6,샷 추가 (+1),500
14006,5,ICE,0
14006,2,Grande,500
14006,12,덜 달게,0
14006,6,샷 추가 (+1),500
14007,4,HOT,0
14007,2,Grande,500
14007,6,샷 추가 (+1),500
14008,4,HOT,0
14008,1,Tall,0
14009,4,HOT,0
14009,3,Venti,1000
14009,13,더 달게,0
14010,5,ICE,0
14010,2,Grande,500
14010,11,기본,0
14011,4,HOT,0
14011,2,Grande,500
14011,6,샷 추가 (+1),500
14012,4,HOT,0
14012,1,Tall,0
14013,5,ICE,0
14013,1,Tall,0
14013,7,바닐라 시럽,300
14014,4,HOT,0
14014,2,Grande,500
14015,5,ICE,0
14015,3,Venti,1000
14015,6,샷 추가 (+1),500
14016,4,HOT,0
14016,1,Tall,0
14016,6,샷 추가 (+1),500
14017,5,ICE,0
14017,3,Venti,1000
14017,11,기본,0
14018,5,ICE,0
14018,2,Grande,500
14018,13,더 달게,0
14018,7,바닐라 시럽,300
14019,5,ICE,0
14019,2,Grande,500
14019,6,샷 추가 (+1),500
14020,5,ICE,0
14020,2,Grande,500
14020,6,샷 추가 (+1),500
14021,4,HOT,0
14021,2,Grande,500
14021,11,기본,0
14022,5,ICE,0
14022,1,Tall,0
14023,5,ICE,0
14023,1,Tall,0
14023,12,덜 달게,0
14023,6,샷 추가 (+1),500
14024,5,ICE,0
14024,3,Venti,1000
14024,10,휘핑크림 추가,500
14025,4,HOT,0
14025,1,Tall,0
14025,12,덜 달게,0
14025,6,샷 추가 (+1),500
14026,5,ICE,0
14026,3,Venti,1000
14026,12,덜 달게,0
14027,5,ICE,0
14027,1,Tall,0
14027,12,덜 달게,0
14028,4,HOT,0
14028,2,Grande,500
14029,4,HOT,0
14029,1,Tall,0
14030,5,ICE,0
14030,1,Tall,0
14030,13,더 달게,0
14030,6,샷 추가 (+1),500
14031,5,ICE,0
14031,3,Venti,1000
14031,11,기본,0
14031,6,샷 추가 (+1),500
14031,10,휘핑크림 추가,500
14032,4,HOT,0
14032,1,Tall,0
14032,12,덜 달게,0
14032,7,바닐라 시럽,300
14032,10,휘핑크림 추가,500
14033,4,HOT,0
14033,2,Grande,500
14033,11,기본,0
14033,6,샷 추가 (+1),500
14033,10,휘핑크림 추가,500
14034,4,HOT,0
14034,3,Venti,1000
14035,5,ICE,0
14035,1,Tall,0
14035,12,덜 달게,0
14035,7,바닐라 시럽,300
14036,4,HOT,0
14036,1,Tall,0
14036,6,샷 추가 (+1),500
14036,8,헤이즐넛 시럽,300
14037,5,ICE,0
14037,1,Tall,0
14038,5,ICE,0
14038,1,Tall,0
14038,12,덜 달게,0
14038,9,카라멜 시럽,300
14039,4,HOT,0
14039,2,Grande,500
14039,11,기본,0
14039,6,샷 추가 (+1),500
14040,4,HOT,0
14040,1,Tall,0
14041,5,ICE,0
14041,2,Grande,500
14042,4,HOT,0
14042,2,Grande,500
14042,10,휘핑크림 추가,500
14043,4,HOT,0
14043,3,Venti,1000
14043,11,기본,0
14043,8,헤이즐넛 시럽,300
14044,4,HOT,0
14044,3,Venti,1000
14044,13,더 달게,0
14045,4,HOT,0
14045,3,Venti,1000
14045,13,더 달게,0
14046,4,HOT,0
14046,1,Tall,0
14046,11,기본,0
14046,6,샷 추가 (+1),500
14047,5,ICE,0
14047,3,Venti,1000
14048,5,ICE,0
14048,3,Venti,1000
14049,5,ICE,0
14049,2,Grande,500
14049,11,기본,0
14049,6,샷 추가 (+1),500
14050,5,ICE,0
14050,2,Grande,500
14050,11,기본,0
14050,6,샷 추가 (+1),500
14051,5,ICE,0
14051,2,Grande,500
14051,11,기본,0
14051,6,샷 추가 (+1),500
14052,4,HOT,0
14052,1,Tall,0
14052,13,더 달게,0
14053,4,HOT,0
14053,1,Tall,0
14053,13,더 달게,0
14054,4,HOT,0
14054,2,Grande,500
14054,13,더 달게,0
14055,4,HOT,0
14055,2,Grande,500
14056,4,HOT,0
14056,2,Grande,500
14057,5,ICE,0
14057,1,Tall,0
14057,9,카라멜 시럽,300
14058,4,HOT,0
14058,1,Tall,0
14059,5,ICE,0
14059,1,Tall,0
14059,13,더 달게,0
14059,6,샷 추가 (+1),500
14060,4,HOT,0
14060,1,Tall,0
14061,4,HOT,0
14061,1,Tall,0
14061,6,샷 추가 (+1),500
14062,5,ICE,0
14062,2,Grande,500
14062,11,기본,0
14063,4,HOT,0
14063,2,Grande,500
14064,5,ICE,0
14064,3,Venti,1000
14064,12,덜 달게,0
14065,4,HOT,0
14065,2,Grande,500
14065,13,더 달게,0
14065,6,샷 추가 (+1),500
14066,4,HOT,0
14066,3,Venti,1000
14066,6,샷 추가 (+1),500
14067,5,ICE,0
14067,1,Tall,0
14067,13,더 달게,0
14068,5,ICE,0
14068,2,Grande,500
14068,11,기본,0
14069,4,HOT,0
14069,2,Grande,500
14069,11,기본,0
14070,4,HOT,0
14070,3,Venti,1000
14070,13,더 달게,0
14070,9,카라멜 시럽,300
14071,5,ICE,0
14071,3,Venti,1000
14071,11,기본,0
14072,4,HOT,0
14072,3,Venti,1000
14072,6,샷 추가 (+1),500
14073,5,ICE,0
14073,1,Tall,0
14074,4,HOT,0
14074,1,Tall,0
14074,12,덜 달게,0
14075,4,HOT,0
14075,1,Tall,0
14075,11,기본,0
14076,5,ICE,0
14076,1,Tall,0
14077,5,ICE,0
14077,2,Grande,500
14077,6,샷 추가 (+1),500
14077,8,헤이즐넛 시럽,300
14078,4,HOT,0
14078,1,Tall,0
14078,11,기본,0
14079,4,HOT,0
14079,1,Tall,0
14079,12,덜 달게,0
14080,4,HOT,0
14080,1,Tall,0
14080,8,헤이즐넛 시럽,300
14081,4,HOT,0
14081,1,Tall,0
14081,8,헤이즐넛 시럽,300
14082,4,HOT,0
14082,1,Tall,0
14082,11,기본,0
14083,4,HOT,0
14083,2,Grande,500
14083,12,덜 달게,0
14084,4,HOT,0
14084,1,Tall,0
14084,13,더 달게,0
14085,5,ICE,0
14085,2,Grande,500
14086,5,ICE,0
14086,3,Venti,1000
14086,11,기본,0
14087,4,HOT,0
14087,2,Grande,500
14088,4,HOT,0
14088,2,Grande,500
14088,12,덜 달게,0
14088,6,샷 추가 (+1),500
14089,5,ICE,0
14089,1,Tall,0
14089,6,샷 추가 (+1),500
14090,4,HOT,0
14090,2,Grande,500
14090,11,기본,0
14090,10,휘핑크림 추가,500
14091,5,ICE,0
14091,3,Venti,1000
14091,11,기본,0
14092,5,ICE,0
14092,2,Grande,500
14093,5,ICE,0
14093,1,Tall,0
14094,5,ICE,0
14094,1,Tall,0
14094,12,덜 달게,0
14094,9,카라멜 시럽,300
14095,4,HOT,0
14095,2,Grande,500
14095,6,샷 추가 (+1),500
14095,10,휘핑크림 추가,500
14096,4,HOT,0
14096,1,Tall,0
14096,12,덜 달게,0
14096,6,샷 추가 (+1),500
14097,5,ICE,0
14097,1,Tall,0
14097,11,기본,0
14097,6,샷 추가 (+1),500
14098,4,HOT,0
14098,2,Grande,500
14098,13,더 달게,0
14099,5,ICE,0
14099,2,Grande,500
14099,13,더 달게,0
14099,6,샷 추가 (+1),500
14099,7,바닐라 시럽,300
14100,5,ICE,0
14100,1,Tall,0
14101,5,ICE,0
14101,2,Grande,500
14101,6,샷 추가 (+1),500
14102,4,HOT,0
14102,1,Tall,0
14102,6,샷 추가 (+1),500
14102,10,휘핑크림 추가,500
14103,4,HOT,0
14103,2,Grande,500
14103,6,샷 추가 (+1),500
14104,4,HOT,0
14104,2,Grande,500
14104,13,더 달게,0
14104,6,샷 추가 (+1),500
14105,4,HOT,0
14105,2,Grande,500
14105,11,기본,0
14106,5,ICE,0
14106,2,Grande,500
14106,13,더 달게,0
14106,6,샷 추가 (+1),500
14107,4,HOT,0
14107,1,Tall,0
14107,12,덜 달게,0
14107,6,샷 추가 (+1),500
14108,5,ICE,0
14108,1,Tall,0
14109,4,HOT,0
14109,2,Grande,500
14109,8,헤이즐넛 시럽,300
14110,4,HOT,0
14110,1,Tall,0
14110,11,기본,0
14111,4,HOT,0
14111,1,Tall,0
14111,11,기본,0
14112,4,HOT,0
14112,3,Venti,1000
14112,6,샷 추가 (+1),500
14113,5,ICE,0
14113,2,Grande,500
14113,11,기본,0
14114,4,HOT,0
14114,1,Tall,0
14114,11,기본,0
14115,5,ICE,0
14115,3,Venti,1000
14115,11,기본,0
14116,4,HOT,0
14116,2,Grande,500
14116,11,기본,0
14117,4,HOT,0
14117,1,Tall,0
14117,11,기본,0
14117,6,샷 추가 (+1),500
14117,10,휘핑크림 추가,500
14118,5,ICE,0
14118,1,Tall,0
14119,5,ICE,0
14119,3,Venti,1000
14119,12,덜 달게,0
14119,6,샷 추가 (+1),500
14120,4,HOT,0
14120,1,Tall,0
14120,11,기본,0
14121,4,HOT,0
14121,2,Grande,500
14121,11,기본,0
14121,6,샷 추가 (+1),500
14122,4,HOT,0
14122,2,Grande,500
14122,11,기본,0
14123,5,ICE,0
14123,1,Tall,0
14123,10,휘핑크림 추가,500
14124,5,ICE,0
14124,1,Tall,0
14124,9,카라멜 시럽,300
14125,4,HOT,0
14125,1,Tall,0
14125,11,기본,0
14126,5,ICE,0
14126,1,Tall,0
14126,13,더 달게,0
14126,10,휘핑크림 추가,500
14127,5,ICE,0
14127,1,Tall,0
14128,4,HOT,0
14128,2,Grande,500
14128,13,더 달게,0
14128,7,바닐라 시럽,300
14128,10,휘핑크림 추가,500
14129,4,HOT,0
14129,1,Tall,0
14129,6,샷 추가 (+1),500
14129,8,헤이즐넛 시럽,300
14130,5,ICE,0
14130,1,Tall,0
14130,6,샷 추가 (+1),500
14131,4,HOT,0
14131,2,Grande,500
14131,13,더 달게,0
14132,5,ICE,0
14132,3,Venti,1000
14132,13,더 달게,0
14132,6,샷 추가 (+1),500
14133,4,HOT,0
14133,3,Venti,1000
14133,6,샷 추가 (+1),500
14134,4,HOT,0
14134,1,Tall,0
14135,5,ICE,0
14135,1,Tall,0
14135,6,샷 추가 (+1),500
14136,4,HOT,0
14136,3,Venti,1000
14136,11,기본,0
14136,7,바닐라 시럽,300
14136,10,휘핑크림 추가,500
14137,4,HOT,0
14137,2,Grande,500
14137,9,카라멜 시럽,300
14138,5,ICE,0
14138,2,Grande,500
14139,4,HOT,0
14139,2,Grande,500
14139,11,기본,0
14139,6,샷 추가 (+1),500
14140,4,HOT,0
14140,2,Grande,500
14141,4,HOT,0
14141,2,Grande,500
14141,6,샷 추가 (+1),500
14141,10,휘핑크림 추가,500
14142,4,HOT,0
14142,2,Grande,500
14143,4,HOT,0
14143,2,Grande,500
14143,11,기본,0
14143,6,샷 추가 (+1),500
14143,8,헤이즐넛 시럽,300
14144,4,HOT,0
14144,1,Tall,0
14144,13,더 달게,0
14144,6,샷 추가 (+1),500
14145,4,HOT,0
14145,2,Grande,500
14145,12,덜 달게,0
14145,10,휘핑크림 추가,500
14146,4,HOT,0
14146,2,Grande,500
14146,13,더 달게,0
14147,4,HOT,0
14147,2,Grande,500
14147,13,더 달게,0
14147,7,바닐라 시럽,300
14148,4,HOT,0
14148,3,Venti,1000
14148,6,샷 추가 (+1),500
14149,5,ICE,0
14149,1,Tall,0
14150,4,HOT,0
14150,2,Grande,500
14150,13,더 달게,0
14150,9,카라멜 시럽,300
14151,5,ICE,0
14151,2,Grande,500
14151,12,덜 달게,0
14152,4,HOT,0
14152,3,Venti,1000
14153,4,HOT,0
14153,1,Tall,0
14154,5,ICE,0
14154,3,Venti,1000
14155,4,HOT,0
14155,2,Grande,500
14155,11,기본,0
14155,6,샷 추가 (+1),500
14156,4,HOT,0
14156,1,Tall,0
14157,5,ICE,0
14157,3,Venti,1000
14157,11,기본,0
14157,6,샷 추가 (+1),500
14158,4,HOT,0
14158,3,Venti,1000
14159,5,ICE,0
14159,2,Grande,500
14159,6,샷 추가 (+1),500
14160,4,HOT,0
14160,2,Grande,500
14161,4,HOT,0
14161,3,Venti,1000
14161,13,더 달게,0
14162,4,HOT,0
14162,2,Grande,500
14162,11,기본,0
14163,4,HOT,0
14163,2,Grande,500
14163,13,더 달게,0
14164,5,ICE,0
14164,2,Grande,500
14164,6,샷 추가 (+1),500
14165,4,HOT,0
14165,2,Grande,500
14165,9,카라멜 시럽,300
14166,4,HOT,0
14166,1,Tall,0
14166,10,휘핑크림 추가,500
14167,4,HOT,0
14167,2,Grande,500
14167,11,기본,0
14168,5,ICE,0
14168,3,Venti,1000
14168,10,휘핑크림 추가,500
14169,4,HOT,0
14169,1,Tall,0
14169,12,덜 달게,0
14170,4,HOT,0
14170,2,Grande,500
14171,4,HOT,0
14171,1,Tall,0
14172,4,HOT,0
14172,1,Tall,0
14172,11,기본,0
14173,5,ICE,0
14173,1,Tall,0
14174,4,HOT,0
14174,2,Grande,500
14174,11,기본,0
14175,5,ICE,0
14175,1,Tall,0
14175,11,기본,0
14176,4,HOT,0
14176,1,Tall,0
14176,12,덜 달게,0
14176,7,바닐라 시럽,300
14176,10,휘핑크림 추가,500
14177,4,HOT,0
14177,1,Tall,0
14177,13,더 달게,0
14178,5,ICE,0
14178,3,Venti,1000
14178,12,덜 달게,0
14178,6,샷 추가 (+1),500
14178,8,헤이즐넛 시럽,300
14179,4,HOT,0
14179,3,Venti,1000
14179,6,샷 추가 (+1),500
14180,4,HOT,0
14180,2,Grande,500
14180,12,덜 달게,0
14180,6,샷 추가 (+1),500
14181,5,ICE,0
14181,1,Tall,0
14181,13,더 달게,0
14181,6,샷 추가 (+1),500
14182,4,HOT,0
14182,1,Tall,0
14183,5,ICE,0
14183,1,Tall,0
14183,11,기본,0
14184,5,ICE,0
14184,1,Tall,0
14185,5,ICE,0
14185,2,Grande,500
14185,11,기본,0
14185,6,샷 추가 (+1),500
14186,5,ICE,0
14186,2,Grande,500
14186,13,더 달게,0
14187,5,ICE,0
14187,2,Grande,500
14187,12,덜 달게,0
14187,6,샷 추가 (+1),500
14188,4,HOT,0
14188,2,Grande,500
14188,12,덜 달게,0
14189,4,HOT,0
14189,1,Tall,0
14189,13,더 달게,0
14189,6,샷 추가 (+1),500
14190,4,HOT,0
14190,1,Tall,0
14190,12,덜 달게,0
14190,10,휘핑크림 추가,500
14191,5,ICE,0
14191,2,Grande,500
14192,4,HOT,0
14192,2,Grande,500
14192,13,더 달게,0
14192,7,바닐라 시럽,300
14193,4,HOT,0
14193,3,Venti,1000
14194,5,ICE,0
14194,1,Tall,0
14195,4,HOT,0
14195,2,Grande,500
14195,11,기본,0
14196,4,HOT,0
14196,2,Grande,500
14196,12,덜 달게,0
14196,6,샷 추가 (+1),500
14197,5,ICE,0
14197,2,Grande,500
14197,11,기본,0
14198,5,ICE,0
14198,2,Grande,500
14198,6,샷 추가 (+1),500
14198,10,휘핑크림 추가,500
14199,5,ICE,0
14199,2,Grande,500
14200,4,HOT,0
14200,3,Venti,1000
14201,4,HOT,0
14201,3,Venti,1000
14202,4,HOT,0
14202,1,Tall,0
14203,4,HOT,0
14203,2,Grande,500
14203,6,샷 추가 (+1),500
14204,5,ICE,0
14204,2,Grande,500
14205,4,HOT,0
14205,2,Grande,500
14205,13,더 달게,0
14206,4,HOT,0
14206,1,Tall,0
14206,12,덜 달게,0
14207,5,ICE,0
14207,2,Grande,500
14208,4,HOT,0
14208,2,Grande,500
14208,13,더 달게,0
14209,4,HOT,0
14209,1,Tall,0
14209,12,덜 달게,0
14210,4,HOT,0
14210,1,Tall,0
14210,13,더 달게,0
14211,5,ICE,0
14211,2,Grande,500
14211,13,더 달게,0
14211,8,헤이즐넛 시럽,300
14212,5,ICE,0
14212,1,Tall,0
14212,11,기본,0
14212,9,카라멜 시럽,300
14213,4,HOT,0
14213,1,Tall,0
14213,6,샷 추가 (+1),500
14213,7,바닐라 시럽,300
14214,5,ICE,0
14214,2,Grande,500
14214,12,덜 달게,0
14214,6,샷 추가 (+1),500
14215,4,HOT,0
14215,1,Tall,0
14215,6,샷 추가 (+1),500
14215,10,휘핑크림 추가,500
14216,5,ICE,0
14216,3,Venti,1000
14216,11,기본,0
14216,6,샷 추가 (+1),500
14217,4,HOT,0
14217,2,Grande,500
14218,5,ICE,0
14218,1,Tall,0
14219,4,HOT,0
14219,1,Tall,0
14219,12,덜 달게,0
14219,8,헤이즐넛 시럽,300
14220,5,ICE,0
14220,2,Grande,500
14220,11,기본,0
14221,4,HOT,0
14221,1,Tall,0
14221,12,덜 달게,0
14222,4,HOT,0
14222,2,Grande,500
14222,13,더 달게,0
14222,6,샷 추가 (+1),500
14223,4,HOT,0
14223,1,Tall,0
14224,4,HOT,0
14224,2,Grande,500
14224,13,더 달게,0
14225,5,ICE,0
14225,1,Tall,0
14226,5,ICE,0
14226,3,Venti,1000
14226,12,덜 달게,0
14226,8,헤이즐넛 시럽,300
14227,5,ICE,0
14227,1,Tall,0
14227,13,더 달게,0
14228,4,HOT,0
14228,2,Grande,500
14229,4,HOT,0
14229,2,Grande,500
14229,13,더 달게,0
14229,6,샷 추가 (+1),500
14230,4,HOT,0
14230,3,Venti,1000
14230,12,덜 달게,0
14231,5,ICE,0
14231,2,Grande,500
14231,13,더 달게,0
14232,4,HOT,0
14232,1,Tall,0
14232,7,바닐라 시럽,300
14233,5,ICE,0
14233,1,Tall,0
14233,11,기본,0
14233,10,휘핑크림 추가,500
14234,5,ICE,0
14234,2,Grande,500
14235,5,ICE,0
14235,2,Grande,500
14235,11,기본,0
14235,6,샷 추가 (+1),500
14236,4,HOT,0
14236,2,Grande,500
14236,13,더 달게,0
14237,5,ICE,0
14237,2,Grande,500
14237,11,기본,0
14238,4,HOT,0
14238,1,Tall,0
14238,11,기본,0
14238,6,샷 추가 (+1),500
14239,4,HOT,0
14239,3,Venti,1000
14239,11,기본,0
14239,6,샷 추가 (+1),500
14239,8,헤이즐넛 시럽,300
14240,5,ICE,0
14240,2,Grande,500
14240,11,기본,0
14240,6,샷 추가 (+1),500
14241,5,ICE,0
14241,2,Grande,500
14241,13,더 달게,0
14242,4,HOT,0
14242,3,Venti,1000
14242,13,더 달게,0
14243,4,HOT,0
14243,1,Tall,0
14244,4,HOT,0
14244,2,Grande,500
14244,10,휘핑크림 추가,500
14245,4,HOT,0
14245,2,Grande,500
14245,7,바닐라 시럽,300
14246,4,HOT,0
14246,1,Tall,0
14246,12,덜 달게,0
14246,6,샷 추가 (+1),500
14247,4,HOT,0
14247,3,Venti,1000
14247,12,덜 달게,0
14247,9,카라멜 시럽,300
14248,4,HOT,0
14248,3,Venti,1000
14248,6,샷 추가 (+1),500
14248,10,휘핑크림 추가,500
14249,5,ICE,0
14249,2,Grande,500
14249,13,더 달게,0
14249,6,샷 추가 (+1),500
14250,4,HOT,0
14250,2,Grande,500
14250,8,헤이즐넛 시럽,300
14251,4,HOT,0
14251,2,Grande,500
14251,13,더 달게,0
14252,5,ICE,0
14252,3,Venti,1000
14252,8,헤이즐넛 시럽,300
14253,5,ICE,0
14253,1,Tall,0
14253,12,덜 달게,0
14253,6,샷 추가 (+1),500
14253,7,바닐라 시럽,300
14253,10,휘핑크림 추가,500
14254,4,HOT,0
14254,3,Venti,1000
14254,12,덜 달게,0
14255,4,HOT,0
14255,3,Venti,1000
14256,4,HOT,0
14256,1,Tall,0
14256,12,덜 달게,0
14257,5,ICE,0
14257,2,Grande,500
14258,4,HOT,0
14258,2,Grande,500
14258,6,샷 추가 (+1),500
14259,4,HOT,0
14259,1,Tall,0
14259,13,더 달게,0
14260,4,HOT,0
14260,2,Grande,500
14260,13,더 달게,0
14261,4,HOT,0
14261,2,Grande,500
14261,13,더 달게,0
14262,5,ICE,0
14262,1,Tall,0
14262,9,카라멜 시럽,300
14263,5,ICE,0
14263,1,Tall,0
14263,11,기본,0
14264,5,ICE,0
14264,1,Tall,0
14264,13,더 달게,0
14264,9,카라멜 시럽,300
14265,5,ICE,0
14265,1,Tall,0
14265,11,기본,0
14265,6,샷 추가 (+1),500
14265,8,헤이즐넛 시럽,300
14266,4,HOT,0
14266,2,Grande,500
14266,12,덜 달게,0
14267,5,ICE,0
14267,1,Tall,0
14268,4,HOT,0
14268,1,Tall,0
14268,12,덜 달게,0
14268,6,샷 추가 (+1),500
14269,4,HOT,0
14269,1,Tall,0
14269,12,덜 달게,0
14269,8,헤이즐넛 시럽,300
14270,5,ICE,0
14270,2,Grande,500
14270,11,기본,0
14271,4,HOT,0
14271,2,Grande,500
14271,6,샷 추가 (+1),500
14272,4,HOT,0
14272,1,Tall,0
14272,12,덜 달게,0
14273,5,ICE,0
14273,3,Venti,1000
14273,11,기본,0
14274,4,HOT,0
14274,1,Tall,0
14274,11,기본,0
14275,4,HOT,0
14275,1,Tall,0
14275,11,기본,0
14275,6,샷 추가 (+1),500
14276,4,HOT,0
14276,1,Tall,0
14277,4,HOT,0
14277,2,Grande,500
14277,12,덜 달게,0
14278,4,HOT,0
14278,1,Tall,0
14278,11,기본,0
14279,5,ICE,0
14279,2,Grande,500
14279,10,휘핑크림 추가,500
14280,5,ICE,0
14280,3,Venti,1000
14280,11,기본,0
14280,8,헤이즐넛 시럽,300
14281,4,HOT,0
14281,2,Grande,500
14282,5,ICE,0
14282,2,Grande,500
14282,11,기본,0
14283,5,ICE,0
14283,1,Tall,0
14283,12,덜 달게,0
14284,4,HOT,0
14284,1,Tall,0
14284,12,덜 달게,0
14284,7,바닐라 시럽,300
14285,5,ICE,0
14285,2,Grande,500
14285,11,기본,0
14286,4,HOT,0
14286,1,Tall,0
14286,13,더 달게,0
14287,4,HOT,0
14287,2,Grande,500
14287,12,덜 달게,0
14288,5,ICE,0
14288,2,Grande,500
14288,11,기본,0
14289,5,ICE,0
14289,2,Grande,500
14289,11,기본,0
14290,5,ICE,0
14290,2,Grande,500
14290,13,더 달게,0
14290,9,카라멜 시럽,300
14291,4,HOT,0
14291,1,Tall,0
14291,11,기본,0
14291,6,샷 추가 (+1),500
14292,4,HOT,0
14292,1,Tall,0
14292,13,더 달게,0
14293,4,HOT,0
14293,2,Grande,500
14294,5,ICE,0
14294,1,Tall,0
14294,13,더 달게,0
14295,4,HOT,0
14295,2,Grande,500
14295,12,덜 달게,0
14295,6,샷 추가 (+1),500
14295,7,바닐라 시럽,300
14296,4,HOT,0
14296,3,Venti,1000
14296,13,더 달게,0
14297,4,HOT,0
14297,2,Grande,500
14297,11,기본,0
14298,4,HOT,0
14298,2,Grande,500
14298,11,기본,0
14299,4,HOT,0
14299,1,Tall,0
14299,6,샷 추가 (+1),500
14300,5,ICE,0
14300,2,Grande,500
14300,9,카라멜 시럽,300
14301,5,ICE,0
14301,2,Grande,500
14301,6,샷 추가 (+1),500
14302,4,HOT,0
14302,2,Grande,500
14302,11,기본,0
14303,5,ICE,0
14303,3,Venti,1000
14303,13,더 달게,0
14303,6,샷 추가 (+1),500
14304,5,ICE,0
14304,1,Tall,0
14305,5,ICE,0
14305,3,Venti,1000
14306,4,HOT,0
14306,3,Venti,1000
14306,11,기본,0
14306,8,헤이즐넛 시럽,300
14307,5,ICE,0
14307,1,Tall,0
14307,6,샷 추가 (+1),500
14308,4,HOT,0
14308,3,Venti,1000
14308,6,샷 추가 (+1),500
14309,4,HOT,0
14309,3,Venti,1000
14310,4,HOT,0
14310,1,Tall,0
14311,4,HOT,0
14311,3,Venti,1000
14312,4,HOT,0
14312,1,Tall,0
14312,8,헤이즐넛 시럽,300
14313,4,HOT,0
14313,2,Grande,500
14314,5,ICE,0
14314,1,Tall,0
14314,11,기본,0
14315,4,HOT,0
14315,3,Venti,1000
14315,12,덜 달게,0
14316,4,HOT,0
14316,1,Tall,0
14316,12,덜 달게,0
14317,5,ICE,0
14317,1,Tall,0
14317,12,덜 달게,0
14317,10,휘핑크림 추가,500
14318,5,ICE,0
14318,1,Tall,0
14318,11,기본,0
14318,9,카라멜 시럽,300
14319,5,ICE,0
14319,1,Tall,0
14319,9,카라멜 시럽,300
14320,5,ICE,0
14320,3,Venti,1000
14320,11,기본,0
14320,6,샷 추가 (+1),500
14321,4,HOT,0
14321,1,Tall,0
14321,12,덜 달게,0
14322,4,HOT,0
14322,1,Tall,0
14322,9,카라멜 시럽,300
14322,10,휘핑크림 추가,500
14323,4,HOT,0
14323,2,Grande,500
14324,4,HOT,0
14324,3,Venti,1000
14324,11,기본,0
14324,6,샷 추가 (+1),500
14324,7,바닐라 시럽,300
14325,5,ICE,0
14325,2,Grande,500
14325,11,기본,0
14326,4,HOT,0
14326,3,Venti,1000
14326,9,카라멜 시럽,300
14327,4,HOT,0
14327,2,Grande,500
14327,11,기본,0
14327,10,휘핑크림 추가,500
14328,4,HOT,0
14328,2,Grande,500
14328,8,헤이즐넛 시럽,300
14329,4,HOT,0
14329,2,Grande,500
14329,6,샷 추가 (+1),500
14330,5,ICE,0
14330,3,Venti,1000
14330,11,기본,0
14330,6,샷 추가 (+1),500
14331,5,ICE,0
14331,1,Tall,0
14332,5,ICE,0
14332,2,Grande,500
14333,4,HOT,0
14333,3,Venti,1000
14333,12,덜 달게,0
14333,6,샷 추가 (+1),500
14334,5,ICE,0
14334,2,Grande,500
14335,5,ICE,0
14335,2,Grande,500
14335,12,덜 달게,0
14336,4,HOT,0
14336,2,Grande,500
14336,12,덜 달게,0
14337,4,HOT,0
14337,3,Venti,1000
14337,11,기본,0
14337,7,바닐라 시럽,300
14338,4,HOT,0
14338,2,Grande,500
14338,13,더 달게,0
14339,4,HOT,0
14339,2,Grande,500
14339,11,기본,0
14340,4,HOT,0
14340,2,Grande,500
14340,11,기본,0
14341,4,HOT,0
14341,1,Tall,0
14341,12,덜 달게,0
14341,9,카라멜 시럽,300
14342,5,ICE,0
14342,2,Grande,500
14342,13,더 달게,0
14343,4,HOT,0
14343,2,Grande,500
14343,11,기본,0
14343,6,샷 추가 (+1),500
14344,4,HOT,0
14344,3,Venti,1000
14344,11,기본,0
14345,4,HOT,0
14345,1,Tall,0
14345,6,샷 추가 (+1),500
14346,4,HOT,0
14346,3,Venti,1000
14346,11,기본,0
14346,6,샷 추가 (+1),500
14347,5,ICE,0
14347,2,Grande,500
14347,13,더 달게,0
14348,5,ICE,0
14348,1,Tall,0
14349,4,HOT,0
14349,3,Venti,1000
14350,5,ICE,0
14350,2,Grande,500
14351,5,ICE,0
14351,1,Tall,0
14352,5,ICE,0
14352,1,Tall,0
14352,11,기본,0
14353,5,ICE,0
14353,2,Grande,500
14353,11,기본,0
14354,4,HOT,0
14354,2,Grande,500
14354,6,샷 추가 (+1),500
14354,10,휘핑크림 추가,500
14355,4,HOT,0
14355,2,Grande,500
14355,11,기본,0
14356,4,HOT,0
14356,2,Grande,500
14357,4,HOT,0
14357,1,Tall,0
14357,11,기본,0
14358,4,HOT,0
14358,1,Tall,0
14358,11,기본,0
14359,4,HOT,0
14359,1,Tall,0
14360,5,ICE,0
14360,1,Tall,0
14360,11,기본,0
14361,5,ICE,0
14361,1,Tall,0
14361,6,샷 추가 (+1),500
14361,8,헤이즐넛 시럽,300
14362,4,HOT,0
14362,2,Grande,500
14362,12,덜 달게,0
14363,5,ICE,0
14363,1,Tall,0
14363,13,더 달게,0
14363,6,샷 추가 (+1),500
14363,7,바닐라 시럽,300
14364,4,HOT,0
14364,2,Grande,500
14364,13,더 달게,0
14365,4,HOT,0
14365,1,Tall,0
14366,4,HOT,0
14366,2,Grande,500
14366,13,더 달게,0
14367,4,HOT,0
14367,1,Tall,0
14368,4,HOT,0
14368,3,Venti,1000
14368,11,기본,0
14368,6,샷 추가 (+1),500
14368,7,바닐라 시럽,300
14369,5,ICE,0
14369,3,Venti,1000
14370,4,HOT,0
14370,2,Grande,500
14370,11,기본,0
14371,5,ICE,0
14371,2,Grande,500
14372,5,ICE,0
14372,2,Grande,500
14372,11,기본,0
14373,5,ICE,0
14373,3,Venti,1000
14373,13,더 달게,0
14374,4,HOT,0
14374,1,Tall,0
14374,13,더 달게,0
14375,5,ICE,0
14375,1,Tall,0
14375,11,기본,0
14375,6,샷 추가 (+1),500
14376,4,HOT,0
14376,2,Grande,500
14376,13,더 달게,0
14377,4,HOT,0
14377,1,Tall,0
14377,13,더 달게,0
14377,6,샷 추가 (+1),500
14377,9,카라멜 시럽,300
14378,4,HOT,0
14378,1,Tall,0
14379,5,ICE,0
14379,2,Grande,500
14380,5,ICE,0
14380,1,Tall,0
14380,13,더 달게,0
14381,4,HOT,0
14381,2,Grande,500
14382,4,HOT,0
14382,1,Tall,0
14382,6,샷 추가 (+1),500
14383,4,HOT,0
14383,2,Grande,500
14383,11,기본,0
14384,4,HOT,0
14384,1,Tall,0
14384,6,샷 추가 (+1),500
14384,7,바닐라 시럽,300
14384,10,휘핑크림 추가,500
14385,4,HOT,0
14385,1,Tall,0
14385,9,카라멜 시럽,300
14386,5,ICE,0
14386,3,Venti,1000
14386,13,더 달게,0
14386,7,바닐라 시럽,300
14387,4,HOT,0
14387,3,Venti,1000
14387,8,헤이즐넛 시럽,300
14388,5,ICE,0
14388,2,Grande,500
14389,4,HOT,0
14389,1,Tall,0
14390,4,HOT,0
14390,3,Venti,1000
14391,4,HOT,0
14391,1,Tall,0
14391,12,덜 달게,0
14392,4,HOT,0
14392,1,Tall,0
14392,13,더 달게,0
14393,5,ICE,0
14393,2,Grande,500
14394,4,HOT,0
14394,3,Venti,1000
14394,11,기본,0
14394,6,샷 추가 (+1),500
14395,4,HOT,0
14395,3,Venti,1000
14395,11,기본,0
14396,4,HOT,0
14396,2,Grande,500
14396,11,기본,0
14397,4,HOT,0
14397,3,Venti,1000
14398,5,ICE,0
14398,1,Tall,0
14398,13,더 달게,0
14398,9,카라멜 시럽,300
14399,5,ICE,0
14399,3,Venti,1000
14399,11,기본,0
14399,6,샷 추가 (+1),500
14400,4,HOT,0
14400,2,Grande,500
14401,4,HOT,0
14401,2,Grande,500
14401,11,기본,0
14402,5,ICE,0
14402,3,Venti,1000
14403,5,ICE,0
14403,1,Tall,0
14403,12,덜 달게,0
14403,6,샷 추가 (+1),500
14404,4,HOT,0
14404,2,Grande,500
14404,11,기본,0
14405,5,ICE,0
14405,2,Grande,500
14405,6,샷 추가 (+1),500
14406,5,ICE,0
14406,1,Tall,0
14406,11,기본,0
14406,6,샷 추가 (+1),500
14407,5,ICE,0
14407,1,Tall,0
14407,11,기본,0
14407,6,샷 추가 (+1),500
14407,10,휘핑크림 추가,500
14408,4,HOT,0
14408,2,Grande,500
14408,12,덜 달게,0
14408,7,바닐라 시럽,300
14409,5,ICE,0
14409,1,Tall,0
14409,12,덜 달게,0
14409,6,샷 추가 (+1),500
14410,4,HOT,0
14410,2,Grande,500
14410,12,덜 달게,0
14410,8,헤이즐넛 시럽,300
14410,10,휘핑크림 추가,500
14411,4,HOT,0
14411,1,Tall,0
14411,13,더 달게,0
14411,7,바닐라 시럽,300
14412,4,HOT,0
14412,1,Tall,0
14412,12,덜 달게,0
14412,8,헤이즐넛 시럽,300
14413,5,ICE,0
14413,3,Venti,1000
14413,13,더 달게,0
14414,5,ICE,0
14414,2,Grande,500
14414,11,기본,0
14414,7,바닐라 시럽,300
14415,5,ICE,0
14415,1,Tall,0
14415,6,샷 추가 (+1),500
14416,4,HOT,0
14416,1,Tall,0
14417,5,ICE,0
14417,3,Venti,1000
14417,9,카라멜 시럽,300
14418,4,HOT,0
14418,3,Venti,1000
14419,4,HOT,0
14419,1,Tall,0
14419,11,기본,0
14420,5,ICE,0
14420,1,Tall,0
14420,12,덜 달게,0
14421,5,ICE,0
14421,1,Tall,0
14421,12,덜 달게,0
14421,6,샷 추가 (+1),500
14422,4,HOT,0
14422,3,Venti,1000
14422,11,기본,0
14423,5,ICE,0
14423,1,Tall,0
14424,5,ICE,0
14424,1,Tall,0
14424,11,기본,0
14425,4,HOT,0
14425,1,Tall,0
14425,12,덜 달게,0
14425,6,샷 추가 (+1),500
14426,4,HOT,0
14426,3,Venti,1000
14426,12,덜 달게,0
14427,4,HOT,0
14427,2,Grande,500
14428,4,HOT,0
14428,2,Grande,500
14428,12,덜 달게,0
14428,6,샷 추가 (+1),500
14429,5,ICE,0
14429,2,Grande,500
14429,11,기본,0
14430,5,ICE,0
14430,1,Tall,0
14430,12,덜 달게,0
14430,6,샷 추가 (+1),500
14430,10,휘핑크림 추가,500
14431,4,HOT,0
14431,2,Grande,500
14431,13,더 달게,0
14432,4,HOT,0
14432,2,Grande,500
14433,5,ICE,0
14433,2,Grande,500
14434,5,ICE,0
14434,3,Venti,1000
14435,4,HOT,0
14435,1,Tall,0
14435,6,샷 추가 (+1),500
14436,5,ICE,0
14436,1,Tall,0
14436,11,기본,0
14437,4,HOT,0
14437,2,Grande,500
14437,6,샷 추가 (+1),500
14438,4,HOT,0
14438,3,Venti,1000
14438,12,덜 달게,0
14438,8,헤이즐넛 시럽,300
14439,5,ICE,0
14439,3,Venti,1000
14439,13,더 달게,0
14439,8,헤이즐넛 시럽,300
14440,4,HOT,0
14440,3,Venti,1000
14440,12,덜 달게,0
14441,5,ICE,0
14441,3,Venti,1000
14441,11,기본,0
14441,6,샷 추가 (+1),500
14441,9,카라멜 시럽,300
14442,5,ICE,0
14442,3,Venti,1000
14442,12,덜 달게,0
14443,4,HOT,0
14443,1,Tall,0
14443,6,샷 추가 (+1),500
14444,4,HOT,0
14444,1,Tall,0
14444,11,기본,0
14444,6,샷 추가 (+1),500
14445,4,HOT,0
14445,1,Tall,0
14445,6,샷 추가 (+1),500
14446,4,HOT,0
14446,2,Grande,500
14446,9,카라멜 시럽,300
14446,10,휘핑크림 추가,500
14447,5,ICE,0
14447,1,Tall,0
14447,11,기본,0
14448,5,ICE,0
14448,2,Grande,500
14448,6,샷 추가 (+1),500
14449,4,HOT,0
14449,1,Tall,0
14449,8,헤이즐넛 시럽,300
14450,5,ICE,0
14450,2,Grande,500
14450,11,기본,0
14451,4,HOT,0
14451,3,Venti,1000
14451,6,샷 추가 (+1),500
14452,4,HOT,0
14452,1,Tall,0
14452,11,기본,0
14453,5,ICE,0
14453,3,Venti,1000
14454,4,HOT,0
14454,1,Tall,0
14454,11,기본,0
14454,6,샷 추가 (+1),500
14455,4,HOT,0
14455,2,Grande,500
14455,13,더 달게,0
14456,5,ICE,0
14456,2,Grande,500
14456,12,덜 달게,0
14457,4,HOT,0
14457,1,Tall,0
14457,12,덜 달게,0
14457,6,샷 추가 (+1),500
14457,9,카라멜 시럽,300
14457,10,휘핑크림 추가,500
14458,4,HOT,0
14458,1,Tall,0
14458,11,기본,0
14458,6,샷 추가 (+1),500
14459,5,ICE,0
14459,1,Tall,0
14459,12,덜 달게,0
14459,9,카라멜 시럽,300
14460,4,HOT,0
14460,1,Tall,0
14460,12,덜 달게,0
14461,4,HOT,0
14461,1,Tall,0
14462,4,HOT,0
14462,2,Grande,500
14463,4,HOT,0
14463,2,Grande,500
14464,5,ICE,0
14464,1,Tall,0
14464,12,덜 달게,0
14465,4,HOT,0
14465,3,Venti,1000
14465,11,기본,0
14465,8,헤이즐넛 시럽,300
14466,5,ICE,0
14466,2,Grande,500
14466,11,기본,0
14466,6,샷 추가 (+1),500
14467,5,ICE,0
14467,2,Grande,500
14468,4,HOT,0
14468,3,Venti,1000
14468,8,헤이즐넛 시럽,300
14469,4,HOT,0
14469,3,Venti,1000
14469,13,더 달게,0
14469,6,샷 추가 (+1),500
14469,10,휘핑크림 추가,500
14470,5,ICE,0
14470,3,Venti,1000
14471,4,HOT,0
14471,2,Grande,500
14471,12,덜 달게,0
14471,6,샷 추가 (+1),500
14472,4,HOT,0
14472,1,Tall,0
14472,12,덜 달게,0
14472,9,카라멜 시럽,300
14473,4,HOT,0
14473,2,Grande,500
14474,5,ICE,0
14474,1,Tall,0
14474,11,기본,0
14475,5,ICE,0
14475,3,Venti,1000
14475,11,기본,0
14475,6,샷 추가 (+1),500
14476,5,ICE,0
14476,3,Venti,1000
14476,8,헤이즐넛 시럽,300
14476,10,휘핑크림 추가,500
14477,4,HOT,0
14477,1,Tall,0
14478,4,HOT,0
14478,2,Grande,500
14478,11,기본,0
14479,4,HOT,0
14479,3,Venti,1000
14479,13,더 달게,0
14479,6,샷 추가 (+1),500
14480,4,HOT,0
14480,3,Venti,1000
14480,11,기본,0
14480,6,샷 추가 (+1),500
14480,10,휘핑크림 추가,500
14481,4,HOT,0
14481,1,Tall,0
14481,11,기본,0
14481,6,샷 추가 (+1),500
14481,10,휘핑크림 추가,500
14482,5,ICE,0
14482,1,Tall,0
14483,4,HOT,0
14483,3,Venti,1000
14483,6,샷 추가 (+1),500
14484,5,ICE,0
14484,1,Tall,0
14485,5,ICE,0
14485,3,Venti,1000
14485,11,기본,0
14485,6,샷 추가 (+1),500
14486,4,HOT,0
14486,3,Venti,1000
14486,6,샷 추가 (+1),500
14486,9,카라멜 시럽,300
14487,5,ICE,0
14487,1,Tall,0
14487,8,헤이즐넛 시럽,300
14488,5,ICE,0
14488,1,Tall,0
14488,11,기본,0
14489,4,HOT,0
14489,3,Venti,1000
14489,11,기본,0
14490,5,ICE,0
14490,2,Grande,500
14490,6,샷 추가 (+1),500
14491,5,ICE,0
14491,2,Grande,500
14491,11,기본,0
14491,9,카라멜 시럽,300
14492,5,ICE,0
14492,3,Venti,1000
14493,4,HOT,0
14493,1,Tall,0
14493,6,샷 추가 (+1),500
14494,5,ICE,0
14494,2,Grande,500
14494,12,덜 달게,0
14495,4,HOT,0
14495,3,Venti,1000
14495,13,더 달게,0
14496,4,HOT,0
14496,1,Tall,0
14496,11,기본,0
14497,5,ICE,0
14497,2,Grande,500
14497,11,기본,0
14497,6,샷 추가 (+1),500
14498,4,HOT,0
14498,3,Venti,1000
14498,11,기본,0
14498,9,카라멜 시럽,300
14499,5,ICE,0
14499,2,Grande,500
14499,12,덜 달게,0
14499,6,샷 추가 (+1),500
14499,7,바닐라 시럽,300
14500,5,ICE,0
14500,1,Tall,0
14500,13,더 달게,0
14500,9,카라멜 시럽,300
14501,5,ICE,0
14501,3,Venti,1000
14501,6,샷 추가 (+1),500
14502,4,HOT,0
14502,1,Tall,0
14502,13,더 달게,0
14502,6,샷 추가 (+1),500
14503,5,ICE,0
14503,3,Venti,1000
14503,11,기본,0
14504,4,HOT,0
14504,2,Grande,500
14504,6,샷 추가 (+1),500
14504,7,바닐라 시럽,300
14505,4,HOT,0
14505,2,Grande,500
14505,11,기본,0
14506,5,ICE,0
14506,2,Grande,500
14506,11,기본,0
14506,6,샷 추가 (+1),500
14506,10,휘핑크림 추가,500
14507,5,ICE,0
14507,2,Grande,500
14507,13,더 달게,0
14507,6,샷 추가 (+1),500
14508,5,ICE,0
14508,2,Grande,500
14508,13,더 달게,0
14509,4,HOT,0
14509,2,Grande,500
14509,11,기본,0
14509,6,샷 추가 (+1),500
14509,8,헤이즐넛 시럽,300
14510,5,ICE,0
14510,3,Venti,1000
14510,13,더 달게,0
14511,5,ICE,0
14511,3,Venti,1000
14511,7,바닐라 시럽,300
14511,10,휘핑크림 추가,500
14512,5,ICE,0
14512,2,Grande,500
14512,11,기본,0
14513,5,ICE,0
14513,1,Tall,0
14513,6,샷 추가 (+1),500
14514,5,ICE,0
14514,1,Tall,0
14514,11,기본,0
14514,6,샷 추가 (+1),500
14515,5,ICE,0
14515,1,Tall,0
14516,4,HOT,0
14516,1,Tall,0
14516,11,기본,0
14516,8,헤이즐넛 시럽,300
14516,10,휘핑크림 추가,500
14517,5,ICE,0
14517,2,Grande,500
14517,9,카라멜 시럽,300
14518,4,HOT,0
14518,1,Tall,0
14519,5,ICE,0
14519,2,Grande,500
14519,11,기본,0
14520,5,ICE,0
14520,1,Tall,0
14520,7,바닐라 시럽,300
14521,5,ICE,0
14521,2,Grande,500
14521,13,더 달게,0
14521,6,샷 추가 (+1),500
14522,5,ICE,0
14522,1,Tall,0
14523,5,ICE,0
14523,2,Grande,500
14523,12,덜 달게,0
14523,6,샷 추가 (+1),500
14523,10,휘핑크림 추가,500
14524,5,ICE,0
14524,3,Venti,1000
14524,13,더 달게,0
14525,5,ICE,0
14525,2,Grande,500
14525,11,기본,0
14526,5,ICE,0
14526,1,Tall,0
14527,4,HOT,0
14527,1,Tall,0
14527,6,샷 추가 (+1),500
14528,4,HOT,0
14528,1,Tall,0
14528,13,더 달게,0
14529,5,ICE,0
14529,1,Tall,0
14529,11,기본,0
14530,4,HOT,0
14530,2,Grande,500
14530,13,더 달게,0
14531,5,ICE,0
14531,2,Grande,500
14531,11,기본,0
14532,5,ICE,0
14532,1,Tall,0
14532,11,기본,0
14533,4,HOT,0
14533,2,Grande,500
14534,5,ICE,0
14534,2,Grande,500
14534,11,기본,0
14534,6,샷 추가 (+1),500
14535,5,ICE,0
14535,1,Tall,0
14536,4,HOT,0
14536,1,Tall,0
14536,12,덜 달게,0
14536,6,샷 추가 (+1),500
14536,8,헤이즐넛 시럽,300
14536,10,휘핑크림 추가,500
14537,4,HOT,0
14537,3,Venti,1000
14537,13,더 달게,0
14537,7,바닐라 시럽,300
14538,5,ICE,0
14538,1,Tall,0
14538,11,기본,0
14539,5,ICE,0
14539,1,Tall,0
14539,9,카라멜 시럽,300
14540,4,HOT,0
14540,1,Tall,0
14540,12,덜 달게,0
14541,5,ICE,0
14541,2,Grande,500
14542,5,ICE,0
14542,2,Grande,500
14542,11,기본,0
14543,4,HOT,0
14543,2,Grande,500
14543,13,더 달게,0
14543,9,카라멜 시럽,300
14544,5,ICE,0
14544,2,Grande,500
14545,5,ICE,0
14545,3,Venti,1000
14545,11,기본,0
14546,4,HOT,0
14546,2,Grande,500
14546,12,덜 달게,0
14546,6,샷 추가 (+1),500
14547,4,HOT,0
14547,1,Tall,0
14547,11,기본,0
14547,7,바닐라 시럽,300
14548,5,ICE,0
14548,2,Grande,500
14549,5,ICE,0
14549,2,Grande,500
14550,4,HOT,0
14550,2,Grande,500
14551,4,HOT,0
14551,2,Grande,500
14552,4,HOT,0
14552,1,Tall,0
14553,4,HOT,0
14553,1,Tall,0
14553,6,샷 추가 (+1),500
14554,5,ICE,0
14554,2,Grande,500
14555,4,HOT,0
14555,2,Grande,500
14555,12,덜 달게,0
14556,4,HOT,0
14556,2,Grande,500
14557,4,HOT,0
14557,2,Grande,500
14557,6,샷 추가 (+1),500
14557,9,카라멜 시럽,300
14558,4,HOT,0
14558,1,Tall,0
14558,11,기본,0
14559,5,ICE,0
14559,2,Grande,500
14559,12,덜 달게,0
14560,5,ICE,0
14560,1,Tall,0
14560,11,기본,0
14560,10,휘핑크림 추가,500
14561,5,ICE,0
14561,1,Tall,0
14561,13,더 달게,0
14561,7,바닐라 시럽,300
14562,4,HOT,0
14562,3,Venti,1000
14562,6,샷 추가 (+1),500
14563,5,ICE,0
14563,1,Tall,0
14563,6,샷 추가 (+1),500
14564,5,ICE,0
14564,1,Tall,0
14564,13,더 달게,0
14564,7,바닐라 시럽,300
14565,4,HOT,0
14565,1,Tall,0
14565,11,기본,0
14566,4,HOT,0
14566,1,Tall,0
14566,11,기본,0
14566,6,샷 추가 (+1),500
14566,8,헤이즐넛 시럽,300
14567,4,HOT,0
14567,1,Tall,0
14568,4,HOT,0
14568,1,Tall,0
14568,9,카라멜 시럽,300
14569,5,ICE,0
14569,3,Venti,1000
14569,13,더 달게,0
14569,6,샷 추가 (+1),500
14569,8,헤이즐넛 시럽,300
14570,5,ICE,0
14570,1,Tall,0
14570,12,덜 달게,0
14570,10,휘핑크림 추가,500
14571,5,ICE,0
14571,3,Venti,1000
14571,10,휘핑크림 추가,500
14572,4,HOT,0
14572,2,Grande,500
14573,5,ICE,0
14573,2,Grande,500
14573,13,더 달게,0
14574,5,ICE,0
14574,2,Grande,500
14575,4,HOT,0
14575,3,Venti,1000
14575,11,기본,0
14576,5,ICE,0
14576,2,Grande,500
14577,4,HOT,0
14577,1,Tall,0
14577,13,더 달게,0
14577,8,헤이즐넛 시럽,300
14578,4,HOT,0
14578,3,Venti,1000
14578,12,덜 달게,0
14578,10,휘핑크림 추가,500
14579,5,ICE,0
14579,1,Tall,0
14579,13,더 달게,0
14580,4,HOT,0
14580,2,Grande,500
14580,12,덜 달게,0
14581,4,HOT,0
14581,1,Tall,0
14581,11,기본,0
14581,6,샷 추가 (+1),500
14582,4,HOT,0
14582,2,Grande,500
14582,12,덜 달게,0
14583,5,ICE,0
14583,1,Tall,0
14583,12,덜 달게,0
14584,4,HOT,0
14584,1,Tall,0
14585,5,ICE,0
14585,2,Grande,500
14585,12,덜 달게,0
14586,5,ICE,0
14586,2,Grande,500
14586,11,기본,0
14586,6,샷 추가 (+1),500
14587,4,HOT,0
14587,1,Tall,0
14587,13,더 달게,0
14587,6,샷 추가 (+1),500
14587,10,휘핑크림 추가,500
14588,4,HOT,0
14588,2,Grande,500
14588,6,샷 추가 (+1),500
14589,4,HOT,0
14589,2,Grande,500
14589,6,샷 추가 (+1),500
14590,4,HOT,0
14590,2,Grande,500
14590,6,샷 추가 (+1),500
14591,4,HOT,0
14591,2,Grande,500
14591,11,기본,0
14591,7,바닐라 시럽,300
14592,4,HOT,0
14592,3,Venti,1000
14592,11,기본,0
14593,4,HOT,0
14593,2,Grande,500
14593,13,더 달게,0
14594,4,HOT,0
14594,1,Tall,0
14595,5,ICE,0
14595,1,Tall,0
14596,5,ICE,0
14596,1,Tall,0
14597,5,ICE,0
14597,1,Tall,0
14597,12,덜 달게,0
14598,5,ICE,0
14598,2,Grande,500
14598,11,기본,0
14599,4,HOT,0
14599,1,Tall,0
14599,11,기본,0
14600,4,HOT,0
14600,3,Venti,1000
14600,13,더 달게,0
14601,4,HOT,0
14601,2,Grande,500
14601,12,덜 달게,0
14602,4,HOT,0
14602,1,Tall,0
14602,11,기본,0
14602,7,바닐라 시럽,300
14603,5,ICE,0
14603,3,Venti,1000
14603,10,휘핑크림 추가,500
14604,4,HOT,0
14604,1,Tall,0
14604,6,샷 추가 (+1),500
14605,5,ICE,0
14605,3,Venti,1000
14605,11,기본,0
14605,6,샷 추가 (+1),500
14606,4,HOT,0
14606,3,Venti,1000
14606,6,샷 추가 (+1),500
14607,5,ICE,0
14607,3,Venti,1000
14607,11,기본,0
14607,10,휘핑크림 추가,500
14608,5,ICE,0
14608,1,Tall,0
14608,11,기본,0
14609,5,ICE,0
14609,1,Tall,0
14609,12,덜 달게,0
14609,6,샷 추가 (+1),500
14609,10,휘핑크림 추가,500
14610,4,HOT,0
14610,2,Grande,500
14610,13,더 달게,0
14610,7,바닐라 시럽,300
14610,10,휘핑크림 추가,500
14611,4,HOT,0
14611,1,Tall,0
14611,8,헤이즐넛 시럽,300
14612,5,ICE,0
14612,3,Venti,1000
14613,4,HOT,0
14613,3,Venti,1000
14613,11,기본,0
14613,8,헤이즐넛 시럽,300
14614,4,HOT,0
14614,2,Grande,500
14614,12,덜 달게,0
14615,4,HOT,0
14615,3,Venti,1000
14615,11,기본,0
14616,4,HOT,0
14616,2,Grande,500
14616,12,덜 달게,0
14617,4,HOT,0
14617,3,Venti,1000
14617,11,기본,0
14617,6,샷 추가 (+1),500
14617,10,휘핑크림 추가,500
14618,4,HOT,0
14618,1,Tall,0
14618,13,더 달게,0
14619,4,HOT,0
14619,1,Tall,0
14620,5,ICE,0
14620,1,Tall,0
14621,5,ICE,0
14621,1,Tall,0
14621,12,덜 달게,0
14622,4,HOT,0
14622,3,Venti,1000
14622,11,기본,0
14622,8,헤이즐넛 시럽,300
14623,4,HOT,0
14623,2,Grande,500
14624,4,HOT,0
14624,1,Tall,0
14625,4,HOT,0
14625,2,Grande,500
14625,12,덜 달게,0
14626,5,ICE,0
14626,2,Grande,500
14626,6,샷 추가 (+1),500
14627,4,HOT,0
14627,3,Venti,1000
14627,11,기본,0
14628,5,ICE,0
14628,1,Tall,0
14628,11,기본,0
14628,8,헤이즐넛 시럽,300
14629,5,ICE,0
14629,1,Tall,0
14629,13,더 달게,0
14629,8,헤이즐넛 시럽,300
14630,4,HOT,0
14630,2,Grande,500
14630,11,기본,0
14630,7,바닐라 시럽,300
14631,4,HOT,0
14631,2,Grande,500
14632,4,HOT,0
14632,2,Grande,500
14633,4,HOT,0
14633,3,Venti,1000
14633,13,더 달게,0
14633,6,샷 추가 (+1),500
14633,8,헤이즐넛 시럽,300
14634,4,HOT,0
14634,3,Venti,1000
14634,10,휘핑크림 추가,500
14635,4,HOT,0
14635,2,Grande,500
14635,6,샷 추가 (+1),500
14636,5,ICE,0
14636,1,Tall,0
14636,13,더 달게,0
14637,4,HOT,0
14637,1,Tall,0
14637,13,더 달게,0
14638,4,HOT,0
14638,2,Grande,500
14638,11,기본,0
14638,6,샷 추가 (+1),500
14639,4,HOT,0
14639,1,Tall,0
14639,12,덜 달게,0
14639,8,헤이즐넛 시럽,300
14639,10,휘핑크림 추가,500
14640,4,HOT,0
14640,3,Venti,1000
14641,4,HOT,0
14641,2,Grande,500
14642,5,ICE,0
14642,2,Grande,500
14642,13,더 달게,0
14643,4,HOT,0
14643,3,Venti,1000
14643,11,기본,0
14644,5,ICE,0
14644,2,Grande,500
14645,4,HOT,0
14645,1,Tall,0
14645,11,기본,0
14645,10,휘핑크림 추가,500
14646,4,HOT,0
14646,2,Grande,500
14646,6,샷 추가 (+1),500
14647,4,HOT,0
14647,3,Venti,1000
14647,13,더 달게,0
14647,6,샷 추가 (+1),500
14648,5,ICE,0
14648,2,Grande,500
14649,4,HOT,0
14649,1,Tall,0
14649,11,기본,0
14650,4,HOT,0
14650,2,Grande,500
14651,4,HOT,0
14651,1,Tall,0
14652,4,HOT,0
14652,3,Venti,1000
14652,13,더 달게,0
14652,10,휘핑크림 추가,500
14653,5,ICE,0
14653,2,Grande,500
14653,13,더 달게,0
14653,10,휘핑크림 추가,500
14654,5,ICE,0
14654,3,Venti,1000
14654,11,기본,0
14655,5,ICE,0
14655,1,Tall,0
14655,11,기본,0
14656,5,ICE,0
14656,2,Grande,500
14656,12,덜 달게,0
14656,6,샷 추가 (+1),500
14656,8,헤이즐넛 시럽,300
14657,5,ICE,0
14657,2,Grande,500
14658,4,HOT,0
14658,1,Tall,0
14658,10,휘핑크림 추가,500
14659,4,HOT,0
14659,1,Tall,0
14659,12,덜 달게,0
14659,6,샷 추가 (+1),500
14660,4,HOT,0
14660,3,Venti,1000
14660,12,덜 달게,0
14661,4,HOT,0
14661,2,Grande,500
14661,12,덜 달게,0
14662,4,HOT,0
14662,1,Tall,0
14662,11,기본,0
14662,6,샷 추가 (+1),500
14662,8,헤이즐넛 시럽,300
14663,4,HOT,0
14663,1,Tall,0
14663,11,기본,0
14664,4,HOT,0
14664,1,Tall,0
14664,11,기본,0
14664,6,샷 추가 (+1),500
14665,4,HOT,0
14665,3,Venti,1000
14666,4,HOT,0
14666,2,Grande,500
14666,11,기본,0
14667,4,HOT,0
14667,3,Venti,1000
14668,4,HOT,0
14668,1,Tall,0
14669,4,HOT,0
14669,1,Tall,0
14670,4,HOT,0
14670,1,Tall,0
14670,12,덜 달게,0
14670,6,샷 추가 (+1),500
14671,5,ICE,0
14671,1,Tall,0
14672,4,HOT,0
14672,2,Grande,500
14672,6,샷 추가 (+1),500
14672,10,휘핑크림 추가,500
14673,5,ICE,0
14673,1,Tall,0
14673,7,바닐라 시럽,300
14674,4,HOT,0
14674,3,Venti,1000
14674,13,더 달게,0
14675,5,ICE,0
14675,2,Grande,500
14675,9,카라멜 시럽,300
14676,5,ICE,0
14676,1,Tall,0
14676,12,덜 달게,0
14676,6,샷 추가 (+1),500
14677,5,ICE,0
14677,2,Grande,500
14677,11,기본,0
14678,5,ICE,0
14678,2,Grande,500
14679,4,HOT,0
14679,2,Grande,500
14679,11,기본,0
14679,10,휘핑크림 추가,500
14680,5,ICE,0
14680,3,Venti,1000
14681,5,ICE,0
14681,1,Tall,0
14681,13,더 달게,0
14682,4,HOT,0
14682,2,Grande,500
14682,13,더 달게,0
14683,4,HOT,0
14683,2,Grande,500
14683,13,더 달게,0
14683,8,헤이즐넛 시럽,300
14683,10,휘핑크림 추가,500
14684,4,HOT,0
14684,2,Grande,500
14684,12,덜 달게,0
14685,4,HOT,0
14685,2,Grande,500
14686,4,HOT,0
14686,1,Tall,0
14686,11,기본,0
14687,4,HOT,0
14687,1,Tall,0
14687,11,기본,0
14688,4,HOT,0
14688,2,Grande,500
14688,11,기본,0
14689,4,HOT,0
14689,2,Grande,500
14689,13,더 달게,0
14690,4,HOT,0
14690,1,Tall,0
14690,13,더 달게,0
14691,5,ICE,0
14691,1,Tall,0
14691,12,덜 달게,0
14691,8,헤이즐넛 시럽,300
14692,4,HOT,0
14692,2,Grande,500
14693,5,ICE,0
14693,2,Grande,500
14693,13,더 달게,0
14694,5,ICE,0
14694,2,Grande,500
14694,11,기본,0
14694,6,샷 추가 (+1),500
14695,4,HOT,0
14695,1,Tall,0
14695,12,덜 달게,0
14696,5,ICE,0
14696,3,Venti,1000
14696,6,샷 추가 (+1),500
14697,4,HOT,0
14697,1,Tall,0
14697,11,기본,0
14697,10,휘핑크림 추가,500
14698,4,HOT,0
14698,1,Tall,0
14699,4,HOT,0
14699,2,Grande,500
14699,12,덜 달게,0
14699,6,샷 추가 (+1),500
14700,4,HOT,0
14700,1,Tall,0
14700,13,더 달게,0
14701,4,HOT,0
14701,2,Grande,500
14702,5,ICE,0
14702,3,Venti,1000
14702,13,더 달게,0
14702,6,샷 추가 (+1),500
14703,4,HOT,0
14703,2,Grande,500
14703,11,기본,0
14704,5,ICE,0
14704,2,Grande,500
14704,11,기본,0
14704,8,헤이즐넛 시럽,300
14705,5,ICE,0
14705,2,Grande,500
14705,12,덜 달게,0
14705,6,샷 추가 (+1),500
14706,5,ICE,0
14706,2,Grande,500
14706,12,덜 달게,0
14706,10,휘핑크림 추가,500
14707,5,ICE,0
14707,2,Grande,500
14707,11,기본,0
14708,4,HOT,0
14708,3,Venti,1000
14708,11,기본,0
14709,5,ICE,0
14709,1,Tall,0
14709,8,헤이즐넛 시럽,300
14710,4,HOT,0
14710,3,Venti,1000
14710,12,덜 달게,0
14710,6,샷 추가 (+1),500
14711,5,ICE,0
14711,2,Grande,500
14712,4,HOT,0
14712,2,Grande,500
14713,5,ICE,0
14713,2,Grande,500
14713,13,더 달게,0
14714,4,HOT,0
14714,2,Grande,500
14714,13,더 달게,0
14715,4,HOT,0
14715,2,Grande,500
14715,11,기본,0
14715,6,샷 추가 (+1),500
14716,4,HOT,0
14716,1,Tall,0
14716,11,기본,0
14717,5,ICE,0
14717,1,Tall,0
14717,8,헤이즐넛 시럽,300
14718,5,ICE,0
14718,1,Tall,0
14718,13,더 달게,0
14718,6,샷 추가 (+1),500
14719,5,ICE,0
14719,1,Tall,0
14719,11,기본,0
14719,10,휘핑크림 추가,500
14720,4,HOT,0
14720,1,Tall,0
14721,4,HOT,0
14721,1,Tall,0
14721,11,기본,0
14721,6,샷 추가 (+1),500
14722,5,ICE,0
14722,3,Venti,1000
14722,11,기본,0
14722,8,헤이즐넛 시럽,300
14723,4,HOT,0
14723,1,Tall,0
14724,5,ICE,0
14724,1,Tall,0
14724,13,더 달게,0
14725,5,ICE,0
14725,2,Grande,500
14725,6,샷 추가 (+1),500
14725,7,바닐라 시럽,300
14726,4,HOT,0
14726,2,Grande,500
14726,11,기본,0
14727,4,HOT,0
14727,3,Venti,1000
14727,11,기본,0
14727,10,휘핑크림 추가,500
14728,4,HOT,0
14728,2,Grande,500
14728,7,바닐라 시럽,300
14729,4,HOT,0
14729,2,Grande,500
14729,9,카라멜 시럽,300
14730,4,HOT,0
14730,2,Grande,500
14730,8,헤이즐넛 시럽,300
14731,4,HOT,0
14731,1,Tall,0
14731,11,기본,0
14731,6,샷 추가 (+1),500
14732,4,HOT,0
14732,2,Grande,500
14732,11,기본,0
14732,6,샷 추가 (+1),500
14732,7,바닐라 시럽,300
14733,5,ICE,0
14733,3,Venti,1000
14733,11,기본,0
14733,10,휘핑크림 추가,500
14734,5,ICE,0
14734,2,Grande,500
14735,5,ICE,0
14735,3,Venti,1000
14735,11,기본,0
14736,5,ICE,0
14736,1,Tall,0
14736,9,카라멜 시럽,300
14737,4,HOT,0
14737,2,Grande,500
14737,11,기본,0
14738,4,HOT,0
14738,1,Tall,0
14738,13,더 달게,0
14738,10,휘핑크림 추가,500
14739,5,ICE,0
14739,1,Tall,0
14739,9,카라멜 시럽,300
14739,10,휘핑크림 추가,500
14740,5,ICE,0
14740,1,Tall,0
14740,6,샷 추가 (+1),500
14741,4,HOT,0
14741,1,Tall,0
14741,13,더 달게,0
14741,6,샷 추가 (+1),500
14742,4,HOT,0
14742,1,Tall,0
14742,12,덜 달게,0
14743,4,HOT,0
14743,2,Grande,500
14743,13,더 달게,0
14744,4,HOT,0
14744,3,Venti,1000
14744,6,샷 추가 (+1),500
14745,5,ICE,0
14745,1,Tall,0
14746,4,HOT,0
14746,2,Grande,500
14746,6,샷 추가 (+1),500
14747,5,ICE,0
14747,2,Grande,500
14747,6,샷 추가 (+1),500
14748,4,HOT,0
14748,2,Grande,500
14748,11,기본,0
14748,6,샷 추가 (+1),500
14749,5,ICE,0
14749,1,Tall,0
14749,13,더 달게,0
14749,9,카라멜 시럽,300
14750,4,HOT,0
14750,2,Grande,500
14750,13,더 달게,0
14751,4,HOT,0
14751,2,Grande,500
14751,11,기본,0
14751,6,샷 추가 (+1),500
14751,7,바닐라 시럽,300
14751,10,휘핑크림 추가,500
14752,5,ICE,0
14752,1,Tall,0
14753,4,HOT,0
14753,2,Grande,500
14753,11,기본,0
14754,5,ICE,0
14754,2,Grande,500
14754,11,기본,0
14754,6,샷 추가 (+1),500
14755,5,ICE,0
14755,2,Grande,500
14755,11,기본,0
14756,4,HOT,0
14756,2,Grande,500
14756,11,기본,0
14757,5,ICE,0
14757,3,Venti,1000
14758,4,HOT,0
14758,2,Grande,500
14758,12,덜 달게,0
14758,6,샷 추가 (+1),500
14758,9,카라멜 시럽,300
14759,4,HOT,0
14759,3,Venti,1000
14759,11,기본,0
14759,6,샷 추가 (+1),500
14760,4,HOT,0
14760,3,Venti,1000
14760,13,더 달게,0
14761,5,ICE,0
14761,2,Grande,500
14761,12,덜 달게,0
14762,4,HOT,0
14762,3,Venti,1000
14763,5,ICE,0
14763,2,Grande,500
14763,13,더 달게,0
14763,10,휘핑크림 추가,500
14764,4,HOT,0
14764,3,Venti,1000
14764,11,기본,0
14765,4,HOT,0
14765,3,Venti,1000
14765,10,휘핑크림 추가,500
14766,4,HOT,0
14766,1,Tall,0
14766,11,기본,0
14766,7,바닐라 시럽,300
14767,5,ICE,0
14767,2,Grande,500
14767,11,기본,0
14768,4,HOT,0
14768,1,Tall,0
14768,10,휘핑크림 추가,500
14769,5,ICE,0
14769,1,Tall,0
14769,6,샷 추가 (+1),500
14770,5,ICE,0
14770,2,Grande,500
14771,5,ICE,0
14771,2,Grande,500
14771,12,덜 달게,0
14772,5,ICE,0
14772,1,Tall,0
14772,11,기본,0
14772,6,샷 추가 (+1),500
14773,4,HOT,0
14773,2,Grande,500
14774,5,ICE,0
14774,1,Tall,0
14774,12,덜 달게,0
14774,6,샷 추가 (+1),500
14775,4,HOT,0
14775,2,Grande,500
14775,12,덜 달게,0
14775,10,휘핑크림 추가,500
14776,5,ICE,0
14776,2,Grande,500
14776,11,기본,0
14776,6,샷 추가 (+1),500
14776,7,바닐라 시럽,300
14777,5,ICE,0
14777,2,Grande,500
14777,11,기본,0
14778,4,HOT,0
14778,2,Grande,500
14778,13,더 달게,0
14779,5,ICE,0
14779,1,Tall,0
14779,13,더 달게,0
14780,5,ICE,0
14780,2,Grande,500
14780,12,덜 달게,0
14781,4,HOT,0
14781,1,Tall,0
14781,11,기본,0
14781,6,샷 추가 (+1),500
14782,4,HOT,0
14782,2,Grande,500
14783,5,ICE,0
14783,3,Venti,1000
14783,8,헤이즐넛 시럽,300
14784,5,ICE,0
14784,1,Tall,0
14784,6,샷 추가 (+1),500
14785,4,HOT,0
14785,3,Venti,1000
14785,11,기본,0
14786,4,HOT,0
14786,3,Venti,1000
14786,11,기본,0
14786,6,샷 추가 (+1),500
14787,4,HOT,0
14787,3,Venti,1000
14787,8,헤이즐넛 시럽,300
14788,5,ICE,0
14788,2,Grande,500
14789,5,ICE,0
14789,2,Grande,500
14789,13,더 달게,0
14790,4,HOT,0
14790,1,Tall,0
14790,6,샷 추가 (+1),500
14791,5,ICE,0
14791,2,Grande,500
14791,7,바닐라 시럽,300
14792,4,HOT,0
14792,1,Tall,0
14793,5,ICE,0
14793,2,Grande,500
14793,12,덜 달게,0
14794,5,ICE,0
14794,2,Grande,500
14794,13,더 달게,0
14794,6,샷 추가 (+1),500
14795,4,HOT,0
14795,2,Grande,500
14795,13,더 달게,0
14796,5,ICE,0
14796,3,Venti,1000
14796,12,덜 달게,0
14797,4,HOT,0
14797,3,Venti,1000
14797,11,기본,0
14798,4,HOT,0
14798,1,Tall,0
14798,11,기본,0
14799,4,HOT,0
14799,2,Grande,500
14799,10,휘핑크림 추가,500
14800,4,HOT,0
14800,2,Grande,500
14801,4,HOT,0
14801,2,Grande,500
14801,13,더 달게,0
14801,6,샷 추가 (+1),500
14802,5,ICE,0
14802,2,Grande,500
14802,12,덜 달게,0
14803,4,HOT,0
14803,3,Venti,1000
14803,11,기본,0
14803,10,휘핑크림 추가,500
14804,4,HOT,0
14804,3,Venti,1000
14804,12,덜 달게,0
14805,4,HOT,0
14805,1,Tall,0
14805,12,덜 달게,0
14806,5,ICE,0
14806,2,Grande,500
14806,12,덜 달게,0
14807,5,ICE,0
14807,2,Grande,500
14807,11,기본,0
14808,4,HOT,0
14808,1,Tall,0
14808,13,더 달게,0
14809,5,ICE,0
14809,2,Grande,500
14809,11,기본,0
14809,6,샷 추가 (+1),500
14809,8,헤이즐넛 시럽,300
14810,4,HOT,0
14810,1,Tall,0
14810,13,더 달게,0
14810,9,카라멜 시럽,300
14811,4,HOT,0
14811,1,Tall,0
14811,9,카라멜 시럽,300
14812,4,HOT,0
14812,1,Tall,0
14812,6,샷 추가 (+1),500
14812,9,카라멜 시럽,300
14813,4,HOT,0
14813,2,Grande,500
14813,11,기본,0
14814,4,HOT,0
14814,2,Grande,500
14815,5,ICE,0
14815,3,Venti,1000
14815,11,기본,0
14815,10,휘핑크림 추가,500
14816,4,HOT,0
14816,1,Tall,0
14816,6,샷 추가 (+1),500
14817,5,ICE,0
14817,1,Tall,0
14817,13,더 달게,0
14817,6,샷 추가 (+1),500
14818,4,HOT,0
14818,1,Tall,0
14818,11,기본,0
14818,6,샷 추가 (+1),500
14819,4,HOT,0
14819,1,Tall,0
14819,13,더 달게,0
14820,4,HOT,0
14820,1,Tall,0
14820,12,덜 달게,0
14821,4,HOT,0
14821,2,Grande,500
14821,11,기본,0
14821,6,샷 추가 (+1),500
14822,5,ICE,0
14822,2,Grande,500
14822,13,더 달게,0
14823,4,HOT,0
14823,1,Tall,0
14823,11,기본,0
14823,6,샷 추가 (+1),500
14823,10,휘핑크림 추가,500
14824,4,HOT,0
14824,2,Grande,500
14824,13,더 달게,0
14825,4,HOT,0
14825,3,Venti,1000
14825,12,덜 달게,0
14826,4,HOT,0
14826,2,Grande,500
14826,6,샷 추가 (+1),500
14827,4,HOT,0
14827,2,Grande,500
14827,13,더 달게,0
14828,5,ICE,0
14828,1,Tall,0
14829,5,ICE,0
14829,2,Grande,500
14829,10,휘핑크림 추가,500
14830,4,HOT,0
14830,1,Tall,0
14831,4,HOT,0
14831,2,Grande,500
14832,5,ICE,0
14832,2,Grande,500
14833,4,HOT,0
14833,1,Tall,0
14833,13,더 달게,0
14833,6,샷 추가 (+1),500
14834,4,HOT,0
14834,1,Tall,0
14834,6,샷 추가 (+1),500
14834,8,헤이즐넛 시럽,300
14835,4,HOT,0
14835,3,Venti,1000
14836,4,HOT,0
14836,1,Tall,0
14836,8,헤이즐넛 시럽,300
14837,5,ICE,0
14837,2,Grande,500
14837,12,덜 달게,0
14837,10,휘핑크림 추가,500
14838,4,HOT,0
14838,1,Tall,0
14838,6,샷 추가 (+1),500
14839,4,HOT,0
14839,2,Grande,500
14839,11,기본,0
14840,5,ICE,0
14840,1,Tall,0
14840,11,기본,0
14841,4,HOT,0
14841,2,Grande,500
14841,13,더 달게,0
14842,5,ICE,0
14842,1,Tall,0
14842,11,기본,0
14843,4,HOT,0
14843,1,Tall,0
14843,7,바닐라 시럽,300
14844,5,ICE,0
14844,3,Venti,1000
14844,11,기본,0
14844,8,헤이즐넛 시럽,300
14845,5,ICE,0
14845,1,Tall,0
14846,4,HOT,0
14846,1,Tall,0
14846,11,기본,0
14847,5,ICE,0
14847,3,Venti,1000
14847,6,샷 추가 (+1),500
14848,4,HOT,0
14848,1,Tall,0
14849,4,HOT,0
14849,1,Tall,0
14849,6,샷 추가 (+1),500
14850,4,HOT,0
14850,2,Grande,500
14851,5,ICE,0
14851,1,Tall,0
14852,5,ICE,0
14852,3,Venti,1000
14852,12,덜 달게,0
14852,9,카라멜 시럽,300
14853,4,HOT,0
14853,1,Tall,0
14853,11,기본,0
14853,6,샷 추가 (+1),500
14854,4,HOT,0
14854,1,Tall,0
14854,11,기본,0
14854,10,휘핑크림 추가,500
14855,5,ICE,0
14855,1,Tall,0
14855,11,기본,0
14855,6,샷 추가 (+1),500
14856,5,ICE,0
14856,2,Grande,500
14856,11,기본,0
14857,4,HOT,0
14857,2,Grande,500
14857,6,샷 추가 (+1),500
14858,4,HOT,0
14858,2,Grande,500
14858,6,샷 추가 (+1),500
14859,4,HOT,0
14859,2,Grande,500
14859,6,샷 추가 (+1),500
14859,10,휘핑크림 추가,500
14860,5,ICE,0
14860,1,Tall,0
14860,11,기본,0
14860,6,샷 추가 (+1),500
14861,4,HOT,0
14861,1,Tall,0
14862,5,ICE,0
14862,2,Grande,500
14862,11,기본,0
14863,5,ICE,0
14863,1,Tall,0
14863,6,샷 추가 (+1),500
14864,4,HOT,0
14864,3,Venti,1000
14864,11,기본,0
14864,6,샷 추가 (+1),500
14865,4,HOT,0
14865,2,Grande,500
14865,8,헤이즐넛 시럽,300
14866,4,HOT,0
14866,3,Venti,1000
14866,11,기본,0
14866,6,샷 추가 (+1),500
14867,4,HOT,0
14867,1,Tall,0
14867,6,샷 추가 (+1),500
14867,8,헤이즐넛 시럽,300
14868,5,ICE,0
14868,3,Venti,1000
14868,7,바닐라 시럽,300
14869,4,HOT,0
14869,1,Tall,0
14869,13,더 달게,0
14869,10,휘핑크림 추가,500
14870,5,ICE,0
14870,1,Tall,0
14870,11,기본,0
14871,4,HOT,0
14871,1,Tall,0
14871,13,더 달게,0
14872,4,HOT,0
14872,2,Grande,500
14873,4,HOT,0
14873,2,Grande,500
14874,5,ICE,0
14874,2,Grande,500
14874,6,샷 추가 (+1),500
14875,4,HOT,0
14875,1,Tall,0
14876,4,HOT,0
14876,2,Grande,500
14876,6,샷 추가 (+1),500
14876,7,바닐라 시럽,300
14877,4,HOT,0
14877,2,Grande,500
14878,4,HOT,0
14878,1,Tall,0
14878,12,덜 달게,0
14879,5,ICE,0
14879,2,Grande,500
14880,4,HOT,0
14880,1,Tall,0
14881,5,ICE,0
14881,2,Grande,500
14882,4,HOT,0
14882,3,Venti,1000
14882,11,기본,0
14882,8,헤이즐넛 시럽,300
14883,4,HOT,0
14883,1,Tall,0
14883,12,덜 달게,0
14884,4,HOT,0
14884,2,Grande,500
14884,12,덜 달게,0
14884,6,샷 추가 (+1),500
14884,8,헤이즐넛 시럽,300
14884,10,휘핑크림 추가,500
14885,4,HOT,0
14885,2,Grande,500
14885,12,덜 달게,0
14885,9,카라멜 시럽,300
14886,5,ICE,0
14886,2,Grande,500
14887,4,HOT,0
14887,1,Tall,0
14888,5,ICE,0
14888,3,Venti,1000
14888,13,더 달게,0
14889,5,ICE,0
14889,2,Grande,500
14890,4,HOT,0
14890,1,Tall,0
14891,4,HOT,0
14891,1,Tall,0
14891,11,기본,0
14892,4,HOT,0
14892,1,Tall,0
14892,11,기본,0
14892,6,샷 추가 (+1),500
14893,4,HOT,0
14893,2,Grande,500
14893,12,덜 달게,0
14893,6,샷 추가 (+1),500
14893,9,카라멜 시럽,300
14894,5,ICE,0
14894,2,Grande,500
14894,12,덜 달게,0
14895,4,HOT,0
14895,2,Grande,500
14895,6,샷 추가 (+1),500
14896,4,HOT,0
14896,3,Venti,1000
14896,11,기본,0
14896,6,샷 추가 (+1),500
14897,4,HOT,0
14897,2,Grande,500
14898,5,ICE,0
14898,1,Tall,0
14898,13,더 달게,0
14899,4,HOT,0
14899,1,Tall,0
14899,13,더 달게,0
14900,5,ICE,0
14900,3,Venti,1000
14900,12,덜 달게,0
14900,6,샷 추가 (+1),500
14900,9,카라멜 시럽,300
14901,4,HOT,0
14901,1,Tall,0
14901,13,더 달게,0
14901,6,샷 추가 (+1),500
14902,4,HOT,0
14902,2,Grande,500
14902,6,샷 추가 (+1),500
14903,4,HOT,0
14903,3,Venti,1000
14903,11,기본,0
14904,4,HOT,0
14904,2,Grande,500
14904,12,덜 달게,0
14905,4,HOT,0
14905,1,Tall,0
14906,4,HOT,0
14906,2,Grande,500
14907,5,ICE,0
14907,1,Tall,0
14907,11,기본,0
14908,4,HOT,0
14908,2,Grande,500
14908,13,더 달게,0
14908,7,바닐라 시럽,300
14909,4,HOT,0
14909,1,Tall,0
14909,11,기본,0
14910,5,ICE,0
14910,2,Grande,500
14910,12,덜 달게,0
14911,5,ICE,0
14911,1,Tall,0
14911,11,기본,0
14911,7,바닐라 시럽,300
14912,4,HOT,0
14912,1,Tall,0
14912,12,덜 달게,0
14912,6,샷 추가 (+1),500
14912,7,바닐라 시럽,300
14913,5,ICE,0
14913,2,Grande,500
14913,13,더 달게,0
14913,6,샷 추가 (+1),500
14914,5,ICE,0
14914,1,Tall,0
14914,13,더 달게,0
14914,6,샷 추가 (+1),500
14914,9,카라멜 시럽,300
14915,5,ICE,0
14915,1,Tall,0
14915,12,덜 달게,0
14916,4,HOT,0
14916,2,Grande,500
14916,12,덜 달게,0
14916,6,샷 추가 (+1),500
14917,5,ICE,0
14917,2,Grande,500
14917,6,샷 추가 (+1),500
14918,5,ICE,0
14918,2,Grande,500
14919,5,ICE,0
14919,3,Venti,1000
14919,11,기본,0
14920,5,ICE,0
14920,2,Grande,500
14920,6,샷 추가 (+1),500
14921,5,ICE,0
14921,3,Venti,1000
14922,4,HOT,0
14922,1,Tall,0
14922,6,샷 추가 (+1),500
14922,8,헤이즐넛 시럽,300
14923,4,HOT,0
14923,2,Grande,500
14923,12,덜 달게,0
14924,4,HOT,0
14924,1,Tall,0
14924,12,덜 달게,0
14924,6,샷 추가 (+1),500
14925,5,ICE,0
14925,1,Tall,0
14925,12,덜 달게,0
14926,5,ICE,0
14926,1,Tall,0
14926,11,기본,0
14926,6,샷 추가 (+1),500
14927,4,HOT,0
14927,2,Grande,500
14927,6,샷 추가 (+1),500
14928,4,HOT,0
14928,2,Grande,500
14928,6,샷 추가 (+1),500
14929,5,ICE,0
14929,2,Grande,500
14929,10,휘핑크림 추가,500
14930,5,ICE,0
14930,2,Grande,500
14931,4,HOT,0
14931,2,Grande,500
14931,11,기본,0
14932,5,ICE,0
14932,2,Grande,500
14932,11,기본,0
14933,4,HOT,0
14933,1,Tall,0
14933,13,더 달게,0
14933,10,휘핑크림 추가,500
14934,4,HOT,0
14934,1,Tall,0
14934,13,더 달게,0
14934,6,샷 추가 (+1),500
14935,5,ICE,0
14935,1,Tall,0
14935,13,더 달게,0
14936,4,HOT,0
14936,2,Grande,500
14936,11,기본,0
14936,6,샷 추가 (+1),500
14937,4,HOT,0
14937,2,Grande,500
14937,6,샷 추가 (+1),500
14938,4,HOT,0
14938,1,Tall,0
14938,12,덜 달게,0
14939,4,HOT,0
14939,2,Grande,500
14939,11,기본,0
14940,5,ICE,0
14940,1,Tall,0
14940,11,기본,0
14941,5,ICE,0
14941,3,Venti,1000
14942,5,ICE,0
14942,1,Tall,0
14942,11,기본,0
14942,6,샷 추가 (+1),500
14942,8,헤이즐넛 시럽,300
14943,4,HOT,0
14943,2,Grande,500
14943,6,샷 추가 (+1),500
14944,5,ICE,0
14944,2,Grande,500
14944,12,덜 달게,0
14944,7,바닐라 시럽,300
14945,4,HOT,0
14945,3,Venti,1000
14945,10,휘핑크림 추가,500
14946,4,HOT,0
14946,1,Tall,0
14946,13,더 달게,0
14947,4,HOT,0
14947,1,Tall,0
14947,11,기본,0
14948,4,HOT,0
14948,1,Tall,0
14948,6,샷 추가 (+1),500
14949,4,HOT,0
14949,2,Grande,500
14949,13,더 달게,0
14950,4,HOT,0
14950,2,Grande,500
14950,11,기본,0
14951,4,HOT,0
14951,2,Grande,500
14952,4,HOT,0
14952,1,Tall,0
14952,11,기본,0
14952,10,휘핑크림 추가,500
14953,5,ICE,0
14953,2,Grande,500
14953,13,더 달게,0
14954,4,HOT,0
14954,1,Tall,0
14954,8,헤이즐넛 시럽,300
14955,4,HOT,0
14955,1,Tall,0
14955,11,기본,0
14955,9,카라멜 시럽,300
14956,5,ICE,0
14956,1,Tall,0
14956,11,기본,0
14956,6,샷 추가 (+1),500
14957,4,HOT,0
14957,2,Grande,500
14957,6,샷 추가 (+1),500
14957,9,카라멜 시럽,300
14957,10,휘핑크림 추가,500
14958,5,ICE,0
14958,2,Grande,500
14958,11,기본,0
14958,6,샷 추가 (+1),500
14959,4,HOT,0
14959,3,Venti,1000
14959,11,기본,0
14960,4,HOT,0
14960,2,Grande,500
14960,6,샷 추가 (+1),500
14961,4,HOT,0
14961,2,Grande,500
14962,4,HOT,0
14962,2,Grande,500
14962,12,덜 달게,0
14963,5,ICE,0
14963,2,Grande,500
14963,7,바닐라 시럽,300
14964,4,HOT,0
14964,3,Venti,1000
14964,11,기본,0
14965,4,HOT,0
14965,1,Tall,0
14966,5,ICE,0
14966,2,Grande,500
14966,11,기본,0
14966,6,샷 추가 (+1),500
14967,4,HOT,0
14967,1,Tall,0
14968,5,ICE,0
14968,2,Grande,500
14968,12,덜 달게,0
14969,4,HOT,0
14969,1,Tall,0
14969,11,기본,0
14970,4,HOT,0
14970,1,Tall,0
14970,11,기본,0
14970,10,휘핑크림 추가,500
14971,5,ICE,0
14971,2,Grande,500
14971,6,샷 추가 (+1),500
14971,9,카라멜 시럽,300
14972,4,HOT,0
14972,2,Grande,500
14972,12,덜 달게,0
14972,6,샷 추가 (+1),500
14973,4,HOT,0
14973,1,Tall,0
14973,11,기본,0
14973,8,헤이즐넛 시럽,300
14974,4,HOT,0
14974,1,Tall,0
14975,4,HOT,0
14975,1,Tall,0
14975,13,더 달게,0
14975,10,휘핑크림 추가,500
14976,4,HOT,0
14976,3,Venti,1000
14976,11,기본,0
14976,6,샷 추가 (+1),500
14977,4,HOT,0
14977,3,Venti,1000
14977,8,헤이즐넛 시럽,300
14978,4,HOT,0
14978,1,Tall,0
14978,13,더 달게,0
14979,4,HOT,0
14979,3,Venti,1000
14979,10,휘핑크림 추가,500
14980,5,ICE,0
14980,2,Grande,500
14980,6,샷 추가 (+1),500
14981,5,ICE,0
14981,3,Venti,1000
14982,5,ICE,0
14982,2,Grande,500
14983,5,ICE,0
14983,1,Tall,0
14984,4,HOT,0
14984,2,Grande,500
14984,6,샷 추가 (+1),500
14985,5,ICE,0
14985,2,Grande,500
14985,13,더 달게,0
14985,6,샷 추가 (+1),500
14985,9,카라멜 시럽,300
14986,4,HOT,0
14986,2,Grande,500
14986,13,더 달게,0
14987,5,ICE,0
14987,2,Grande,500
14988,4,HOT,0
14988,2,Grande,500
14988,6,샷 추가 (+1),500
14989,5,ICE,0
14989,2,Grande,500
14989,6,샷 추가 (+1),500
14990,5,ICE,0
14990,2,Grande,500
14990,6,샷 추가 (+1),500
14990,10,휘핑크림 추가,500
14991,4,HOT,0
14991,2,Grande,500
14991,13,더 달게,0
14992,4,HOT,0
14992,2,Grande,500
14992,13,더 달게,0
14992,7,바닐라 시럽,300
14993,5,ICE,0
14993,3,Venti,1000
14993,12,덜 달게,0
14994,4,HOT,0
14994,1,Tall,0
14994,12,덜 달게,0
14994,10,휘핑크림 추가,500
14995,4,HOT,0
14995,1,Tall,0
14995,11,기본,0
14996,4,HOT,0
14996,2,Grande,500
14996,13,더 달게,0
14996,8,헤이즐넛 시럽,300
14997,4,HOT,0
14997,2,Grande,500
14997,11,기본,0
14997,6,샷 추가 (+1),500
14998,5,ICE,0
14998,3,Venti,1000
14998,11,기본,0
14998,6,샷 추가 (+1),500
14999,4,HOT,0
14999,1,Tall,0
15000,4,HOT,0
15000,3,Venti,1000
15000,12,덜 달게,0
15001,5,ICE,0
15001,2,Grande,500
15002,4,HOT,0
15002,2,Grande,500
15002,12,덜 달게,0
15003,4,HOT,0
15003,2,Grande,500
15004,4,HOT,0
15004,3,Venti,1000
15004,11,기본,0
15005,4,HOT,0
15005,2,Grande,500
15005,6,샷 추가 (+1),500
15005,8,헤이즐넛 시럽,300
15006,5,ICE,0
15006,1,Tall,0
15006,11,기본,0
15007,4,HOT,0
15007,2,Grande,500
15007,12,덜 달게,0
15007,6,샷 추가 (+1),500
15007,7,바닐라 시럽,300
15008,4,HOT,0
15008,3,Venti,1000
15008,12,덜 달게,0
15009,4,HOT,0
15009,2,Grande,500
15010,4,HOT,0
15010,2,Grande,500
15010,11,기본,0
15011,4,HOT,0
15011,3,Venti,1000
15011,11,기본,0
15011,6,샷 추가 (+1),500
15012,4,HOT,0
15012,3,Venti,1000
15012,11,기본,0
15012,6,샷 추가 (+1),500
15013,4,HOT,0
15013,3,Venti,1000
15013,11,기본,0
15014,5,ICE,0
15014,2,Grande,500
15014,13,더 달게,0
15015,4,HOT,0
15015,3,Venti,1000
15016,4,HOT,0
15016,1,Tall,0
15016,13,더 달게,0
15017,4,HOT,0
15017,1,Tall,0
15017,11,기본,0
15018,4,HOT,0
15018,2,Grande,500
15019,5,ICE,0
15019,1,Tall,0
15019,6,샷 추가 (+1),500
15020,4,HOT,0
15020,1,Tall,0
15020,12,덜 달게,0
15021,5,ICE,0
15021,3,Venti,1000
15021,11,기본,0
15021,6,샷 추가 (+1),500
15021,10,휘핑크림 추가,500
15022,5,ICE,0
15022,3,Venti,1000
15022,12,덜 달게,0
15023,5,ICE,0
15023,1,Tall,0
15023,11,기본,0
15023,6,샷 추가 (+1),500
15024,5,ICE,0
15024,2,Grande,500
15024,13,더 달게,0
15024,6,샷 추가 (+1),500
15024,8,헤이즐넛 시럽,300
15025,5,ICE,0
15025,3,Venti,1000
15025,12,덜 달게,0
15026,4,HOT,0
15026,1,Tall,0
15026,11,기본,0
15027,5,ICE,0
15027,1,Tall,0
15027,6,샷 추가 (+1),500
15028,5,ICE,0
15028,1,Tall,0
15029,4,HOT,0
15029,2,Grande,500
15029,13,더 달게,0
15029,6,샷 추가 (+1),500
15030,4,HOT,0
15030,1,Tall,0
15031,4,HOT,0
15031,3,Venti,1000
15032,4,HOT,0
15032,2,Grande,500
15032,11,기본,0
15033,5,ICE,0
15033,2,Grande,500
15033,9,카라멜 시럽,300
15034,5,ICE,0
15034,2,Grande,500
15035,4,HOT,0
15035,2,Grande,500
15035,11,기본,0
15036,4,HOT,0
15036,2,Grande,500
15036,8,헤이즐넛 시럽,300
15036,10,휘핑크림 추가,500
15037,4,HOT,0
15037,2,Grande,500
15037,13,더 달게,0
15038,5,ICE,0
15038,1,Tall,0
15038,8,헤이즐넛 시럽,300
15039,5,ICE,0
15039,2,Grande,500
15039,11,기본,0
15040,4,HOT,0
15040,3,Venti,1000
15041,5,ICE,0
15041,1,Tall,0
15041,11,기본,0
15041,6,샷 추가 (+1),500
15042,5,ICE,0
15042,2,Grande,500
15042,12,덜 달게,0
15043,4,HOT,0
15043,1,Tall,0
15043,11,기본,0
15043,6,샷 추가 (+1),500
15044,5,ICE,0
15044,2,Grande,500
15045,4,HOT,0
15045,1,Tall,0
15045,8,헤이즐넛 시럽,300
15046,4,HOT,0
15046,2,Grande,500
15046,11,기본,0
15047,4,HOT,0
15047,2,Grande,500
15047,6,샷 추가 (+1),500
15048,4,HOT,0
15048,2,Grande,500
15048,12,덜 달게,0
15049,4,HOT,0
15049,1,Tall,0
15049,13,더 달게,0
15050,5,ICE,0
15050,3,Venti,1000
15050,6,샷 추가 (+1),500
15050,7,바닐라 시럽,300
15051,4,HOT,0
15051,1,Tall,0
15051,9,카라멜 시럽,300
15052,4,HOT,0
15052,2,Grande,500
15052,11,기본,0
15052,6,샷 추가 (+1),500
15053,4,HOT,0
15053,1,Tall,0
15054,5,ICE,0
15054,3,Venti,1000
15054,13,더 달게,0
15055,4,HOT,0
15055,2,Grande,500
15055,11,기본,0
15055,7,바닐라 시럽,300
15056,5,ICE,0
15056,2,Grande,500
15056,13,더 달게,0
15056,6,샷 추가 (+1),500
15056,10,휘핑크림 추가,500
15057,4,HOT,0
15057,2,Grande,500
15058,5,ICE,0
15058,2,Grande,500
15058,13,더 달게,0
15059,4,HOT,0
15059,2,Grande,500
15059,11,기본,0
15059,7,바닐라 시럽,300
15060,4,HOT,0
15060,1,Tall,0
15060,12,덜 달게,0
15061,4,HOT,0
15061,1,Tall,0
15061,6,샷 추가 (+1),500
15062,5,ICE,0
15062,2,Grande,500
15062,13,더 달게,0
15063,5,ICE,0
15063,1,Tall,0
15063,11,기본,0
15064,4,HOT,0
15064,1,Tall,0
15064,8,헤이즐넛 시럽,300
15065,4,HOT,0
15065,3,Venti,1000
15065,6,샷 추가 (+1),500
15066,5,ICE,0
15066,1,Tall,0
15066,13,더 달게,0
15067,5,ICE,0
15067,1,Tall,0
15068,5,ICE,0
15068,1,Tall,0
15068,13,더 달게,0
15069,4,HOT,0
15069,1,Tall,0
15069,10,휘핑크림 추가,500
15070,5,ICE,0
15070,3,Venti,1000
15070,11,기본,0
15070,6,샷 추가 (+1),500
15071,4,HOT,0
15071,3,Venti,1000
15071,12,덜 달게,0
15071,6,샷 추가 (+1),500
15071,8,헤이즐넛 시럽,300
15072,4,HOT,0
15072,2,Grande,500
15072,11,기본,0
15073,4,HOT,0
15073,2,Grande,500
15073,11,기본,0
15073,6,샷 추가 (+1),500
15073,10,휘핑크림 추가,500
15074,4,HOT,0
15074,3,Venti,1000
15074,12,덜 달게,0
15075,4,HOT,0
15075,1,Tall,0
15075,10,휘핑크림 추가,500
15076,4,HOT,0
15076,2,Grande,500
15076,11,기본,0
15076,6,샷 추가 (+1),500
15076,8,헤이즐넛 시럽,300
15077,5,ICE,0
15077,2,Grande,500
15077,12,덜 달게,0
15078,5,ICE,0
15078,1,Tall,0
15078,11,기본,0
15078,6,샷 추가 (+1),500
15078,10,휘핑크림 추가,500
15079,4,HOT,0
15079,1,Tall,0
15079,12,덜 달게,0
15080,4,HOT,0
15080,2,Grande,500
15080,13,더 달게,0
15081,5,ICE,0
15081,2,Grande,500
15081,11,기본,0
15081,6,샷 추가 (+1),500
15082,5,ICE,0
15082,1,Tall,0
15082,11,기본,0
15083,4,HOT,0
15083,2,Grande,500
15083,11,기본,0
15083,6,샷 추가 (+1),500
15084,4,HOT,0
15084,3,Venti,1000
15084,12,덜 달게,0
15085,5,ICE,0
15085,1,Tall,0
15086,4,HOT,0
15086,2,Grande,500
15086,11,기본,0
15087,4,HOT,0
15087,2,Grande,500
15087,13,더 달게,0
15088,4,HOT,0
15088,2,Grande,500
15088,6,샷 추가 (+1),500
15089,4,HOT,0
15089,1,Tall,0
15089,12,덜 달게,0
15089,8,헤이즐넛 시럽,300
15090,5,ICE,0
15090,2,Grande,500
15090,11,기본,0
15090,6,샷 추가 (+1),500
15090,8,헤이즐넛 시럽,300
15091,4,HOT,0
15091,3,Venti,1000
15091,13,더 달게,0
15092,5,ICE,0
15092,3,Venti,1000
15092,12,덜 달게,0
15093,5,ICE,0
15093,2,Grande,500
15093,9,카라멜 시럽,300
15093,10,휘핑크림 추가,500
15094,4,HOT,0
15094,1,Tall,0
15094,12,덜 달게,0
15094,6,샷 추가 (+1),500
15095,4,HOT,0
15095,2,Grande,500
15096,5,ICE,0
15096,2,Grande,500
15096,11,기본,0
15097,5,ICE,0
15097,1,Tall,0
15097,11,기본,0
15097,9,카라멜 시럽,300
15098,4,HOT,0
15098,1,Tall,0
15099,5,ICE,0
15099,2,Grande,500
15099,11,기본,0
15100,4,HOT,0
15100,1,Tall,0
15100,11,기본,0
15101,4,HOT,0
15101,3,Venti,1000
15101,13,더 달게,0
15102,4,HOT,0
15102,2,Grande,500
15102,6,샷 추가 (+1),500
15103,4,HOT,0
15103,2,Grande,500
15103,11,기본,0
15104,4,HOT,0
15104,1,Tall,0
15104,11,기본,0
15104,9,카라멜 시럽,300
15105,4,HOT,0
15105,3,Venti,1000
15105,11,기본,0
15105,8,헤이즐넛 시럽,300
15106,5,ICE,0
15106,2,Grande,500
15107,5,ICE,0
15107,2,Grande,500
15107,12,덜 달게,0
15108,5,ICE,0
15108,1,Tall,0
15108,11,기본,0
15108,6,샷 추가 (+1),500
15109,5,ICE,0
15109,3,Venti,1000
15109,6,샷 추가 (+1),500
15110,5,ICE,0
15110,2,Grande,500
15110,12,덜 달게,0
15110,7,바닐라 시럽,300
15111,4,HOT,0
15111,1,Tall,0
15111,6,샷 추가 (+1),500
15112,5,ICE,0
15112,2,Grande,500
15112,11,기본,0
15113,5,ICE,0
15113,2,Grande,500
15113,11,기본,0
15113,7,바닐라 시럽,300
15114,4,HOT,0
15114,3,Venti,1000
15114,12,덜 달게,0
15115,5,ICE,0
15115,2,Grande,500
15115,10,휘핑크림 추가,500
15116,5,ICE,0
15116,2,Grande,500
15116,13,더 달게,0
15116,6,샷 추가 (+1),500
15117,4,HOT,0
15117,3,Venti,1000
15118,5,ICE,0
15118,2,Grande,500
15118,12,덜 달게,0
15119,4,HOT,0
15119,3,Venti,1000
15119,12,덜 달게,0
15120,4,HOT,0
15120,2,Grande,500
15120,11,기본,0
15120,7,바닐라 시럽,300
15121,5,ICE,0
15121,1,Tall,0
15121,12,덜 달게,0
15121,10,휘핑크림 추가,500
15122,4,HOT,0
15122,1,Tall,0
15122,12,덜 달게,0
15123,4,HOT,0
15123,1,Tall,0
15123,6,샷 추가 (+1),500
15123,7,바닐라 시럽,300
15124,4,HOT,0
15124,1,Tall,0
15124,11,기본,0
15125,5,ICE,0
15125,1,Tall,0
15125,11,기본,0
15125,6,샷 추가 (+1),500
15126,4,HOT,0
15126,2,Grande,500
15127,4,HOT,0
15127,1,Tall,0
15127,12,덜 달게,0
15127,6,샷 추가 (+1),500
15128,5,ICE,0
15128,3,Venti,1000
15128,11,기본,0
15128,7,바닐라 시럽,300
15129,4,HOT,0
15129,3,Venti,1000
15129,6,샷 추가 (+1),500
15130,5,ICE,0
15130,1,Tall,0
15130,7,바닐라 시럽,300
15131,5,ICE,0
15131,1,Tall,0
15131,13,더 달게,0
15132,5,ICE,0
15132,1,Tall,0
15132,13,더 달게,0
15133,5,ICE,0
15133,2,Grande,500
15134,5,ICE,0
15134,3,Venti,1000
15135,5,ICE,0
15135,1,Tall,0
15135,8,헤이즐넛 시럽,300
15136,4,HOT,0
15136,1,Tall,0
15136,12,덜 달게,0
15137,4,HOT,0
15137,2,Grande,500
15137,11,기본,0
15137,9,카라멜 시럽,300
15138,5,ICE,0
15138,2,Grande,500
15139,5,ICE,0
15139,2,Grande,500
15139,6,샷 추가 (+1),500
15140,5,ICE,0
15140,3,Venti,1000
15140,6,샷 추가 (+1),500
15141,5,ICE,0
15141,2,Grande,500
15141,13,더 달게,0
15142,4,HOT,0
15142,2,Grande,500
15143,4,HOT,0
15143,1,Tall,0
15143,11,기본,0
15143,10,휘핑크림 추가,500
15144,4,HOT,0
15144,1,Tall,0
15144,13,더 달게,0
15144,6,샷 추가 (+1),500
15145,5,ICE,0
15145,3,Venti,1000
15145,13,더 달게,0
15145,6,샷 추가 (+1),500
15145,8,헤이즐넛 시럽,300
15146,5,ICE,0
15146,3,Venti,1000
15146,11,기본,0
15146,8,헤이즐넛 시럽,300
15147,5,ICE,0
15147,3,Venti,1000
15148,5,ICE,0
15148,2,Grande,500
15148,6,샷 추가 (+1),500
15149,4,HOT,0
15149,2,Grande,500
15149,10,휘핑크림 추가,500
15150,5,ICE,0
15150,2,Grande,500
15150,6,샷 추가 (+1),500
15151,5,ICE,0
15151,2,Grande,500
15151,6,샷 추가 (+1),500
15151,10,휘핑크림 추가,500
15152,5,ICE,0
15152,1,Tall,0
15152,6,샷 추가 (+1),500
15152,9,카라멜 시럽,300
15153,4,HOT,0
15153,3,Venti,1000
15153,12,덜 달게,0
15153,10,휘핑크림 추가,500
15154,4,HOT,0
15154,1,Tall,0
15154,11,기본,0
15154,6,샷 추가 (+1),500
15154,10,휘핑크림 추가,500
15155,4,HOT,0
15155,2,Grande,500
15155,6,샷 추가 (+1),500
15156,4,HOT,0
15156,2,Grande,500
15157,4,HOT,0
15157,2,Grande,500
15157,6,샷 추가 (+1),500
15158,4,HOT,0
15158,3,Venti,1000
15158,12,덜 달게,0
15158,6,샷 추가 (+1),500
15158,10,휘핑크림 추가,500
15159,4,HOT,0
15159,3,Venti,1000
15159,12,덜 달게,0
15159,9,카라멜 시럽,300
15160,5,ICE,0
15160,1,Tall,0
15160,11,기본,0
15161,4,HOT,0
15161,3,Venti,1000
15161,11,기본,0
15162,4,HOT,0
15162,1,Tall,0
15162,11,기본,0
15163,4,HOT,0
15163,1,Tall,0
15164,4,HOT,0
15164,2,Grande,500
15164,11,기본,0
15164,7,바닐라 시럽,300
15165,5,ICE,0
15165,2,Grande,500
15165,13,더 달게,0
15165,6,샷 추가 (+1),500
15165,10,휘핑크림 추가,500
15166,5,ICE,0
15166,1,Tall,0
15166,12,덜 달게,0
15166,6,샷 추가 (+1),500
15166,7,바닐라 시럽,300
15167,5,ICE,0
15167,3,Venti,1000
15167,11,기본,0
15167,6,샷 추가 (+1),500
15167,7,바닐라 시럽,300
15168,5,ICE,0
15168,1,Tall,0
15168,13,더 달게,0
15169,5,ICE,0
15169,3,Venti,1000
15169,12,덜 달게,0
15170,4,HOT,0
15170,3,Venti,1000
15171,4,HOT,0
15171,1,Tall,0
15171,7,바닐라 시럽,300
15172,4,HOT,0
15172,3,Venti,1000
15172,9,카라멜 시럽,300
15173,5,ICE,0
15173,1,Tall,0
15174,4,HOT,0
15174,1,Tall,0
15174,13,더 달게,0
15174,6,샷 추가 (+1),500
15175,5,ICE,0
15175,2,Grande,500
15175,7,바닐라 시럽,300
15175,10,휘핑크림 추가,500
15176,5,ICE,0
15176,1,Tall,0
15176,11,기본,0
15176,9,카라멜 시럽,300
15177,4,HOT,0
15177,1,Tall,0
15177,11,기본,0
15177,6,샷 추가 (+1),500
15178,5,ICE,0
15178,3,Venti,1000
15178,6,샷 추가 (+1),500
15179,5,ICE,0
15179,2,Grande,500
15179,11,기본,0
15179,6,샷 추가 (+1),500
15179,9,카라멜 시럽,300
15180,4,HOT,0
15180,2,Grande,500
15180,12,덜 달게,0
15180,8,헤이즐넛 시럽,300
15180,10,휘핑크림 추가,500
15181,4,HOT,0
15181,1,Tall,0
15181,12,덜 달게,0
15182,4,HOT,0
15182,1,Tall,0
15182,6,샷 추가 (+1),500
15183,4,HOT,0
15183,1,Tall,0
15183,12,덜 달게,0
15183,6,샷 추가 (+1),500
15184,4,HOT,0
15184,1,Tall,0
15184,12,덜 달게,0
15184,10,휘핑크림 추가,500
15185,4,HOT,0
15185,2,Grande,500
15185,12,덜 달게,0
15186,4,HOT,0
15186,2,Grande,500
15186,12,덜 달게,0
15187,4,HOT,0
15187,1,Tall,0
15187,11,기본,0
15187,10,휘핑크림 추가,500
15188,4,HOT,0
15188,2,Grande,500
15188,13,더 달게,0
15188,9,카라멜 시럽,300
15189,5,ICE,0
15189,1,Tall,0
15189,11,기본,0
15189,8,헤이즐넛 시럽,300
15190,5,ICE,0
15190,2,Grande,500
15190,6,샷 추가 (+1),500
15191,4,HOT,0
15191,1,Tall,0
15191,11,기본,0
15192,5,ICE,0
15192,1,Tall,0
15192,11,기본,0
15192,6,샷 추가 (+1),500
15192,9,카라멜 시럽,300
15193,4,HOT,0
15193,1,Tall,0
15194,5,ICE,0
15194,3,Venti,1000
15194,12,덜 달게,0
15194,6,샷 추가 (+1),500
15195,4,HOT,0
15195,3,Venti,1000
15195,13,더 달게,0
15195,7,바닐라 시럽,300
15196,4,HOT,0
15196,2,Grande,500
15196,12,덜 달게,0
15197,5,ICE,0
15197,3,Venti,1000
15197,13,더 달게,0
15197,10,휘핑크림 추가,500
15198,4,HOT,0
15198,1,Tall,0
15198,6,샷 추가 (+1),500
15198,9,카라멜 시럽,300
15199,5,ICE,0
15199,2,Grande,500
15199,11,기본,0
15199,9,카라멜 시럽,300
15200,5,ICE,0
15200,2,Grande,500
15201,4,HOT,0
15201,2,Grande,500
15201,12,덜 달게,0
15201,6,샷 추가 (+1),500
15202,5,ICE,0
15202,1,Tall,0
15202,12,덜 달게,0
15202,6,샷 추가 (+1),500
15202,8,헤이즐넛 시럽,300
15203,4,HOT,0
15203,3,Venti,1000
15203,11,기본,0
15203,6,샷 추가 (+1),500
15204,4,HOT,0
15204,2,Grande,500
15204,11,기본,0
15205,4,HOT,0
15205,2,Grande,500
15205,12,덜 달게,0
15205,9,카라멜 시럽,300
15206,4,HOT,0
15206,1,Tall,0
15206,11,기본,0
15207,4,HOT,0
15207,1,Tall,0
15207,6,샷 추가 (+1),500
15208,4,HOT,0
15208,3,Venti,1000
15209,5,ICE,0
15209,3,Venti,1000
15209,13,더 달게,0
15210,4,HOT,0
15210,1,Tall,0
15210,11,기본,0
15211,4,HOT,0
15211,3,Venti,1000
15211,11,기본,0
15212,4,HOT,0
15212,1,Tall,0
15213,5,ICE,0
15213,3,Venti,1000
15213,11,기본,0
15214,5,ICE,0
15214,1,Tall,0
15214,11,기본,0
15215,4,HOT,0
15215,2,Grande,500
15216,4,HOT,0
15216,2,Grande,500
15216,12,덜 달게,0
15217,4,HOT,0
15217,1,Tall,0
15217,6,샷 추가 (+1),500
15218,4,HOT,0
15218,1,Tall,0
15219,4,HOT,0
15219,1,Tall,0
15220,4,HOT,0
15220,1,Tall,0
15220,12,덜 달게,0
15221,5,ICE,0
15221,2,Grande,500
15222,4,HOT,0
15222,1,Tall,0
15222,13,더 달게,0
15223,5,ICE,0
15223,3,Venti,1000
15224,5,ICE,0
15224,1,Tall,0
15225,5,ICE,0
15225,3,Venti,1000
15226,5,ICE,0
15226,2,Grande,500
15226,11,기본,0
15226,6,샷 추가 (+1),500
15227,4,HOT,0
15227,3,Venti,1000
15227,12,덜 달게,0
15227,7,바닐라 시럽,300
15228,5,ICE,0
15228,1,Tall,0
15229,5,ICE,0
15229,2,Grande,500
15229,11,기본,0
15229,6,샷 추가 (+1),500
15230,4,HOT,0
15230,2,Grande,500
15230,11,기본,0
15231,4,HOT,0
15231,2,Grande,500
15231,11,기본,0
15231,6,샷 추가 (+1),500
15232,4,HOT,0
15232,1,Tall,0
15232,11,기본,0
15233,4,HOT,0
15233,1,Tall,0
15233,11,기본,0
15234,4,HOT,0
15234,2,Grande,500
15234,13,더 달게,0
15235,4,HOT,0
15235,2,Grande,500
15235,13,더 달게,0
15236,5,ICE,0
15236,1,Tall,0
15236,11,기본,0
15237,5,ICE,0
15237,1,Tall,0
15237,11,기본,0
15237,6,샷 추가 (+1),500
15237,10,휘핑크림 추가,500
15238,4,HOT,0
15238,1,Tall,0
15238,12,덜 달게,0
15238,9,카라멜 시럽,300
15239,5,ICE,0
15239,1,Tall,0
15239,11,기본,0
15239,6,샷 추가 (+1),500
15239,7,바닐라 시럽,300
15240,4,HOT,0
15240,1,Tall,0
15240,7,바닐라 시럽,300
15241,4,HOT,0
15241,2,Grande,500
15241,13,더 달게,0
15241,6,샷 추가 (+1),500
15242,4,HOT,0
15242,1,Tall,0
15242,12,덜 달게,0
15242,9,카라멜 시럽,300
15243,5,ICE,0
15243,1,Tall,0
15243,12,덜 달게,0
15244,5,ICE,0
15244,1,Tall,0
15244,9,카라멜 시럽,300
15245,4,HOT,0
15245,1,Tall,0
15245,6,샷 추가 (+1),500
15246,5,ICE,0
15246,1,Tall,0
15247,5,ICE,0
15247,2,Grande,500
15247,13,더 달게,0
15248,4,HOT,0
15248,2,Grande,500
15248,12,덜 달게,0
15248,6,샷 추가 (+1),500
15249,5,ICE,0
15249,1,Tall,0
15249,11,기본,0
15250,5,ICE,0
15250,3,Venti,1000
15250,11,기본,0
15250,6,샷 추가 (+1),500
15251,4,HOT,0
15251,1,Tall,0
15251,12,덜 달게,0
15251,8,헤이즐넛 시럽,300
15252,4,HOT,0
15252,2,Grande,500
15252,12,덜 달게,0
15253,4,HOT,0
15253,1,Tall,0
15253,12,덜 달게,0
15253,6,샷 추가 (+1),500
15253,10,휘핑크림 추가,500
15254,4,HOT,0
15254,1,Tall,0
15255,4,HOT,0
15255,3,Venti,1000
15255,11,기본,0
15256,5,ICE,0
15256,1,Tall,0
15256,6,샷 추가 (+1),500
15257,5,ICE,0
15257,2,Grande,500
15257,11,기본,0
15258,5,ICE,0
15258,1,Tall,0
15258,13,더 달게,0
15259,4,HOT,0
15259,2,Grande,500
15259,12,덜 달게,0
15260,4,HOT,0
15260,3,Venti,1000
15260,6,샷 추가 (+1),500
15261,4,HOT,0
15261,1,Tall,0
15261,11,기본,0
15262,4,HOT,0
15262,2,Grande,500
15262,6,샷 추가 (+1),500
15263,5,ICE,0
15263,3,Venti,1000
15263,10,휘핑크림 추가,500
15264,5,ICE,0
15264,1,Tall,0
15265,4,HOT,0
15265,1,Tall,0
15265,12,덜 달게,0
15266,4,HOT,0
15266,2,Grande,500
15266,6,샷 추가 (+1),500
15266,9,카라멜 시럽,300
15267,5,ICE,0
15267,1,Tall,0
15267,11,기본,0
15268,4,HOT,0
15268,1,Tall,0
15269,4,HOT,0
15269,2,Grande,500
15269,8,헤이즐넛 시럽,300
15270,5,ICE,0
15270,1,Tall,0
15271,4,HOT,0
15271,2,Grande,500
15272,4,HOT,0
15272,1,Tall,0
15272,12,덜 달게,0
15272,6,샷 추가 (+1),500
15273,4,HOT,0
15273,2,Grande,500
15273,12,덜 달게,0
15273,6,샷 추가 (+1),500
15274,4,HOT,0
15274,3,Venti,1000
15274,13,더 달게,0
15275,4,HOT,0
15275,1,Tall,0
15275,13,더 달게,0
15275,6,샷 추가 (+1),500
15276,5,ICE,0
15276,1,Tall,0
15276,13,더 달게,0
15277,4,HOT,0
15277,1,Tall,0
15277,12,덜 달게,0
15278,5,ICE,0
15278,1,Tall,0
15278,11,기본,0
15278,6,샷 추가 (+1),500
15279,5,ICE,0
15279,1,Tall,0
15280,5,ICE,0
15280,1,Tall,0
15280,6,샷 추가 (+1),500
15281,5,ICE,0
15281,3,Venti,1000
15281,12,덜 달게,0
15281,6,샷 추가 (+1),500
15282,4,HOT,0
15282,2,Grande,500
15282,11,기본,0
15282,6,샷 추가 (+1),500
15282,9,카라멜 시럽,300
15283,4,HOT,0
15283,1,Tall,0
15283,13,더 달게,0
15284,4,HOT,0
15284,2,Grande,500
15284,11,기본,0
15285,5,ICE,0
15285,2,Grande,500
15285,11,기본,0
15286,5,ICE,0
15286,2,Grande,500
15286,6,샷 추가 (+1),500
15287,5,ICE,0
15287,2,Grande,500
15288,4,HOT,0
15288,1,Tall,0
15288,13,더 달게,0
15288,10,휘핑크림 추가,500
15289,4,HOT,0
15289,1,Tall,0
15289,13,더 달게,0
15290,4,HOT,0
15290,1,Tall,0
15290,11,기본,0
15291,4,HOT,0
15291,2,Grande,500
15292,4,HOT,0
15292,2,Grande,500
15293,4,HOT,0
15293,2,Grande,500
15293,6,샷 추가 (+1),500
15293,7,바닐라 시럽,300
15294,4,HOT,0
15294,1,Tall,0
15294,12,덜 달게,0
15294,6,샷 추가 (+1),500
15295,5,ICE,0
15295,1,Tall,0
15295,11,기본,0
15296,5,ICE,0
15296,3,Venti,1000
15297,5,ICE,0
15297,1,Tall,0
15298,5,ICE,0
15298,3,Venti,1000
15299,5,ICE,0
15299,3,Venti,1000
15299,13,더 달게,0
15299,10,휘핑크림 추가,500
15300,4,HOT,0
15300,2,Grande,500
15300,6,샷 추가 (+1),500
15301,5,ICE,0
15301,2,Grande,500
15301,11,기본,0
15301,6,샷 추가 (+1),500
15302,5,ICE,0
15302,3,Venti,1000
15302,6,샷 추가 (+1),500
15303,5,ICE,0
15303,2,Grande,500
15303,12,덜 달게,0
15303,6,샷 추가 (+1),500
15303,9,카라멜 시럽,300
15304,5,ICE,0
15304,3,Venti,1000
15304,7,바닐라 시럽,300
15305,5,ICE,0
15305,2,Grande,500
15305,12,덜 달게,0
15306,4,HOT,0
15306,3,Venti,1000
15307,4,HOT,0
15307,3,Venti,1000
15307,11,기본,0
15307,6,샷 추가 (+1),500
15307,10,휘핑크림 추가,500
15308,5,ICE,0
15308,1,Tall,0
15308,6,샷 추가 (+1),500
15308,8,헤이즐넛 시럽,300
15309,5,ICE,0
15309,1,Tall,0
15310,5,ICE,0
15310,2,Grande,500
15310,6,샷 추가 (+1),500
15311,5,ICE,0
15311,1,Tall,0
15311,13,더 달게,0
15311,6,샷 추가 (+1),500
15311,8,헤이즐넛 시럽,300
15311,10,휘핑크림 추가,500
15312,4,HOT,0
15312,2,Grande,500
15312,11,기본,0
15312,7,바닐라 시럽,300
15313,5,ICE,0
15313,3,Venti,1000
15313,11,기본,0
15313,8,헤이즐넛 시럽,300
15314,5,ICE,0
15314,3,Venti,1000
15314,13,더 달게,0
15314,6,샷 추가 (+1),500
15315,4,HOT,0
15315,1,Tall,0
15315,11,기본,0
15315,6,샷 추가 (+1),500
15315,10,휘핑크림 추가,500
15316,4,HOT,0
15316,2,Grande,500
15316,6,샷 추가 (+1),500
15317,5,ICE,0
15317,2,Grande,500
15318,4,HOT,0
15318,3,Venti,1000
15318,11,기본,0
15319,4,HOT,0
15319,3,Venti,1000
15319,6,샷 추가 (+1),500
15320,4,HOT,0
15320,3,Venti,1000
15320,11,기본,0
15321,4,HOT,0
15321,2,Grande,500
15321,11,기본,0
15322,5,ICE,0
15322,1,Tall,0
15322,11,기본,0
15322,6,샷 추가 (+1),500
15322,7,바닐라 시럽,300
15323,5,ICE,0
15323,1,Tall,0
15323,6,샷 추가 (+1),500
15324,4,HOT,0
15324,2,Grande,500
15324,6,샷 추가 (+1),500
15324,10,휘핑크림 추가,500
15325,4,HOT,0
15325,1,Tall,0
15326,4,HOT,0
15326,2,Grande,500
15326,11,기본,0
15326,9,카라멜 시럽,300
15327,4,HOT,0
15327,2,Grande,500
15327,13,더 달게,0
15328,5,ICE,0
15328,2,Grande,500
15328,11,기본,0
15329,4,HOT,0
15329,3,Venti,1000
15329,11,기본,0
15330,5,ICE,0
15330,3,Venti,1000
15330,9,카라멜 시럽,300
15331,4,HOT,0
15331,1,Tall,0
15331,12,덜 달게,0
15331,6,샷 추가 (+1),500
15331,9,카라멜 시럽,300
15331,10,휘핑크림 추가,500
15332,4,HOT,0
15332,3,Venti,1000
15332,6,샷 추가 (+1),500
15333,4,HOT,0
15333,2,Grande,500
15333,12,덜 달게,0
15334,4,HOT,0
15334,1,Tall,0
15335,4,HOT,0
15335,3,Venti,1000
15336,5,ICE,0
15336,3,Venti,1000
15336,9,카라멜 시럽,300
15337,4,HOT,0
15337,1,Tall,0
15338,4,HOT,0
15338,1,Tall,0
15338,13,더 달게,0
15338,10,휘핑크림 추가,500
15339,4,HOT,0
15339,1,Tall,0
15339,11,기본,0
15339,6,샷 추가 (+1),500
15339,10,휘핑크림 추가,500
15340,5,ICE,0
15340,2,Grande,500
15340,12,덜 달게,0
15340,6,샷 추가 (+1),500
15341,4,HOT,0
15341,3,Venti,1000
15342,5,ICE,0
15342,1,Tall,0
15342,6,샷 추가 (+1),500
15343,4,HOT,0
15343,3,Venti,1000
15343,11,기본,0
15343,6,샷 추가 (+1),500
15344,4,HOT,0
15344,2,Grande,500
15345,4,HOT,0
15345,1,Tall,0
15345,11,기본,0
15345,10,휘핑크림 추가,500
15346,4,HOT,0
15346,1,Tall,0
15347,5,ICE,0
15347,1,Tall,0
15347,13,더 달게,0
15347,6,샷 추가 (+1),500
15348,4,HOT,0
15348,2,Grande,500
15348,6,샷 추가 (+1),500
15349,5,ICE,0
15349,2,Grande,500
15349,11,기본,0
15350,5,ICE,0
15350,2,Grande,500
15351,4,HOT,0
15351,2,Grande,500
15351,6,샷 추가 (+1),500
15351,8,헤이즐넛 시럽,300
15352,5,ICE,0
15352,1,Tall,0
15352,10,휘핑크림 추가,500
15353,4,HOT,0
15353,3,Venti,1000
15353,13,더 달게,0
15353,6,샷 추가 (+1),500
15354,5,ICE,0
15354,1,Tall,0
15354,11,기본,0
15354,6,샷 추가 (+1),500
15355,5,ICE,0
15355,3,Venti,1000
15356,5,ICE,0
15356,2,Grande,500
15356,11,기본,0
15357,5,ICE,0
15357,3,Venti,1000
15357,11,기본,0
15358,4,HOT,0
15358,3,Venti,1000
15358,12,덜 달게,0
15359,4,HOT,0
15359,1,Tall,0
15359,10,휘핑크림 추가,500
15360,4,HOT,0
15360,1,Tall,0
15360,13,더 달게,0
15361,4,HOT,0
15361,3,Venti,1000
15361,12,덜 달게,0
15362,5,ICE,0
15362,1,Tall,0
15362,6,샷 추가 (+1),500
15362,9,카라멜 시럽,300
15363,5,ICE,0
15363,3,Venti,1000
15364,4,HOT,0
15364,2,Grande,500
15364,10,휘핑크림 추가,500
15365,4,HOT,0
15365,1,Tall,0
15366,5,ICE,0
15366,1,Tall,0
15366,12,덜 달게,0
15367,5,ICE,0
15367,3,Venti,1000
15368,5,ICE,0
15368,3,Venti,1000
15369,5,ICE,0
15369,2,Grande,500
15369,11,기본,0
15369,9,카라멜 시럽,300
15370,5,ICE,0
15370,3,Venti,1000
15370,6,샷 추가 (+1),500
15370,9,카라멜 시럽,300
15371,5,ICE,0
15371,1,Tall,0
15371,11,기본,0
15371,8,헤이즐넛 시럽,300
15371,10,휘핑크림 추가,500
15372,5,ICE,0
15372,2,Grande,500
15372,6,샷 추가 (+1),500
15373,4,HOT,0
15373,3,Venti,1000
15374,5,ICE,0
15374,3,Venti,1000
15374,13,더 달게,0
15374,6,샷 추가 (+1),500
15375,5,ICE,0
15375,1,Tall,0
15375,6,샷 추가 (+1),500
15375,10,휘핑크림 추가,500
15376,5,ICE,0
15376,2,Grande,500
15376,11,기본,0
15377,4,HOT,0
15377,1,Tall,0
15377,7,바닐라 시럽,300
15377,10,휘핑크림 추가,500
15378,4,HOT,0
15378,1,Tall,0
15379,4,HOT,0
15379,2,Grande,500
15380,5,ICE,0
15380,2,Grande,500
15380,11,기본,0
15380,6,샷 추가 (+1),500
15381,4,HOT,0
15381,1,Tall,0
15381,11,기본,0
15381,6,샷 추가 (+1),500
15382,4,HOT,0
15382,2,Grande,500
15382,6,샷 추가 (+1),500
15382,7,바닐라 시럽,300
15383,5,ICE,0
15383,1,Tall,0
15383,11,기본,0
15384,4,HOT,0
15384,1,Tall,0
15384,6,샷 추가 (+1),500
15385,5,ICE,0
15385,2,Grande,500
15385,6,샷 추가 (+1),500
15386,5,ICE,0
15386,2,Grande,500
15386,11,기본,0
15387,5,ICE,0
15387,2,Grande,500
15387,13,더 달게,0
15388,5,ICE,0
15388,1,Tall,0
15389,5,ICE,0
15389,2,Grande,500
15389,11,기본,0
15389,10,휘핑크림 추가,500
15390,4,HOT,0
15390,2,Grande,500
15390,11,기본,0
15391,5,ICE,0
15391,2,Grande,500
15392,4,HOT,0
15392,3,Venti,1000
15393,5,ICE,0
15393,3,Venti,1000
15393,12,덜 달게,0
15393,9,카라멜 시럽,300
15394,5,ICE,0
15394,1,Tall,0
15394,11,기본,0
15394,9,카라멜 시럽,300
15394,10,휘핑크림 추가,500
15395,5,ICE,0
15395,2,Grande,500
15395,12,덜 달게,0
15396,4,HOT,0
15396,2,Grande,500
15396,11,기본,0
15397,4,HOT,0
15397,1,Tall,0
15397,12,덜 달게,0
15397,6,샷 추가 (+1),500
15398,4,HOT,0
15398,1,Tall,0
15399,5,ICE,0
15399,1,Tall,0
15400,4,HOT,0
15400,3,Venti,1000
15400,13,더 달게,0
15401,4,HOT,0
15401,3,Venti,1000
15401,13,더 달게,0
15401,6,샷 추가 (+1),500
15401,9,카라멜 시럽,300
15402,5,ICE,0
15402,2,Grande,500
15402,13,더 달게,0
15403,4,HOT,0
15403,1,Tall,0
15404,5,ICE,0
15404,1,Tall,0
15404,11,기본,0
15405,4,HOT,0
15405,2,Grande,500
15406,5,ICE,0
15406,2,Grande,500
15406,6,샷 추가 (+1),500
15407,4,HOT,0
15407,1,Tall,0
15407,11,기본,0
15407,6,샷 추가 (+1),500
15408,5,ICE,0
15408,2,Grande,500
15408,12,덜 달게,0
15408,6,샷 추가 (+1),500
15408,7,바닐라 시럽,300
15409,4,HOT,0
15409,2,Grande,500
15409,12,덜 달게,0
15410,5,ICE,0
15410,1,Tall,0
15411,4,HOT,0
15411,2,Grande,500
15411,6,샷 추가 (+1),500
15412,5,ICE,0
15412,3,Venti,1000
15412,6,샷 추가 (+1),500
15412,9,카라멜 시럽,300
15413,5,ICE,0
15413,1,Tall,0
15414,5,ICE,0
15414,1,Tall,0
15414,11,기본,0
15415,4,HOT,0
15415,1,Tall,0
15416,5,ICE,0
15416,3,Venti,1000
15416,12,덜 달게,0
15416,6,샷 추가 (+1),500
15417,4,HOT,0
15417,1,Tall,0
15418,4,HOT,0
15418,1,Tall,0
15419,4,HOT,0
15419,1,Tall,0
15419,10,휘핑크림 추가,500
15420,4,HOT,0
15420,1,Tall,0
15420,13,더 달게,0
15420,6,샷 추가 (+1),500
15421,4,HOT,0
15421,1,Tall,0
15421,11,기본,0
15422,4,HOT,0
15422,1,Tall,0
15422,11,기본,0
15423,4,HOT,0
15423,2,Grande,500
15424,4,HOT,0
15424,1,Tall,0
15424,11,기본,0
15425,5,ICE,0
15425,3,Venti,1000
15425,12,덜 달게,0
15426,5,ICE,0
15426,2,Grande,500
15426,10,휘핑크림 추가,500
15427,4,HOT,0
15427,1,Tall,0
15427,11,기본,0
15428,4,HOT,0
15428,1,Tall,0
15428,11,기본,0
15428,6,샷 추가 (+1),500
15428,10,휘핑크림 추가,500
15429,4,HOT,0
15429,2,Grande,500
15429,8,헤이즐넛 시럽,300
15430,4,HOT,0
15430,2,Grande,500
15430,9,카라멜 시럽,300
15431,5,ICE,0
15431,1,Tall,0
15431,12,덜 달게,0
15432,5,ICE,0
15432,1,Tall,0
15432,11,기본,0
15433,5,ICE,0
15433,1,Tall,0
15433,11,기본,0
15434,5,ICE,0
15434,2,Grande,500
15434,6,샷 추가 (+1),500
15434,10,휘핑크림 추가,500
15435,5,ICE,0
15435,1,Tall,0
15436,4,HOT,0
15436,1,Tall,0
15437,5,ICE,0
15437,1,Tall,0
15437,12,덜 달게,0
15438,5,ICE,0
15438,2,Grande,500
15438,12,덜 달게,0
15438,6,샷 추가 (+1),500
15439,5,ICE,0
15439,2,Grande,500
15440,5,ICE,0
15440,1,Tall,0
15440,12,덜 달게,0
15441,4,HOT,0
15441,3,Venti,1000
15441,13,더 달게,0
15442,5,ICE,0
15442,2,Grande,500
15442,11,기본,0
15443,5,ICE,0
15443,1,Tall,0
15443,12,덜 달게,0
15444,5,ICE,0
15444,1,Tall,0
15444,12,덜 달게,0
15445,5,ICE,0
15445,2,Grande,500
15445,13,더 달게,0
15446,5,ICE,0
15446,1,Tall,0
15446,12,덜 달게,0
15447,5,ICE,0
15447,2,Grande,500
15447,11,기본,0
15448,4,HOT,0
15448,2,Grande,500
15448,11,기본,0
15448,10,휘핑크림 추가,500
15449,5,ICE,0
15449,1,Tall,0
15450,4,HOT,0
15450,1,Tall,0
15451,5,ICE,0
15451,2,Grande,500
15451,13,더 달게,0
15452,4,HOT,0
15452,2,Grande,500
15453,5,ICE,0
15453,1,Tall,0
15453,11,기본,0
15453,6,샷 추가 (+1),500
15454,4,HOT,0
15454,2,Grande,500
15454,11,기본,0
15454,6,샷 추가 (+1),500
15455,4,HOT,0
15455,2,Grande,500
15455,13,더 달게,0
15455,8,헤이즐넛 시럽,300
15456,4,HOT,0
15456,1,Tall,0
15456,11,기본,0
15457,5,ICE,0
15457,1,Tall,0
15457,6,샷 추가 (+1),500
15458,4,HOT,0
15458,1,Tall,0
15458,13,더 달게,0
15459,5,ICE,0
15459,1,Tall,0
15459,11,기본,0
15460,5,ICE,0
15460,2,Grande,500
15460,11,기본,0
15460,6,샷 추가 (+1),500
15461,4,HOT,0
15461,3,Venti,1000
15462,4,HOT,0
15462,2,Grande,500
15463,5,ICE,0
15463,1,Tall,0
15464,5,ICE,0
15464,1,Tall,0
15465,5,ICE,0
15465,3,Venti,1000
15465,6,샷 추가 (+1),500
15466,4,HOT,0
15466,3,Venti,1000
15466,11,기본,0
15467,4,HOT,0
15467,3,Venti,1000
15467,11,기본,0
15467,6,샷 추가 (+1),500
15468,4,HOT,0
15468,1,Tall,0
15468,11,기본,0
15468,7,바닐라 시럽,300
15469,5,ICE,0
15469,1,Tall,0
15469,8,헤이즐넛 시럽,300
15469,10,휘핑크림 추가,500
15470,4,HOT,0
15470,2,Grande,500
15470,11,기본,0
15471,5,ICE,0
15471,2,Grande,500
15471,7,바닐라 시럽,300
15472,4,HOT,0
15472,3,Venti,1000
15472,6,샷 추가 (+1),500
15473,4,HOT,0
15473,2,Grande,500
15474,4,HOT,0
15474,2,Grande,500
15474,11,기본,0
15474,10,휘핑크림 추가,500
15475,4,HOT,0
15475,3,Venti,1000
15476,4,HOT,0
15476,2,Grande,500
15476,10,휘핑크림 추가,500
15477,4,HOT,0
15477,2,Grande,500
15477,11,기본,0
15477,6,샷 추가 (+1),500
15478,4,HOT,0
15478,2,Grande,500
15479,4,HOT,0
15479,2,Grande,500
15480,4,HOT,0
15480,1,Tall,0
15481,5,ICE,0
15481,1,Tall,0
15482,5,ICE,0
15482,2,Grande,500
15482,11,기본,0
15482,6,샷 추가 (+1),500
15483,4,HOT,0
15483,1,Tall,0
15483,13,더 달게,0
15484,5,ICE,0
15484,1,Tall,0
15484,7,바닐라 시럽,300
15485,5,ICE,0
15485,1,Tall,0
15485,12,덜 달게,0
15486,4,HOT,0
15486,1,Tall,0
15486,12,덜 달게,0
15487,5,ICE,0
15487,1,Tall,0
15487,12,덜 달게,0
15487,10,휘핑크림 추가,500
15488,4,HOT,0
15488,2,Grande,500
15488,11,기본,0
15489,5,ICE,0
15489,2,Grande,500
15489,11,기본,0
15490,5,ICE,0
15490,3,Venti,1000
15490,13,더 달게,0
15490,6,샷 추가 (+1),500
15491,4,HOT,0
15491,2,Grande,500
15491,11,기본,0
15491,6,샷 추가 (+1),500
15492,4,HOT,0
15492,2,Grande,500
15492,13,더 달게,0
15492,6,샷 추가 (+1),500
15493,5,ICE,0
15493,2,Grande,500
15494,4,HOT,0
15494,1,Tall,0
15494,6,샷 추가 (+1),500
15495,5,ICE,0
15495,1,Tall,0
15495,6,샷 추가 (+1),500
15496,4,HOT,0
15496,1,Tall,0
15496,11,기본,0
15496,7,바닐라 시럽,300
15497,5,ICE,0
15497,2,Grande,500
15498,4,HOT,0
15498,2,Grande,500
15499,5,ICE,0
15499,2,Grande,500
15499,11,기본,0
15500,5,ICE,0
15500,1,Tall,0
15500,11,기본,0
15501,4,HOT,0
15501,2,Grande,500
15501,13,더 달게,0
15502,5,ICE,0
15502,2,Grande,500
15503,5,ICE,0
15503,2,Grande,500
15503,6,샷 추가 (+1),500
15504,4,HOT,0
15504,3,Venti,1000
15504,11,기본,0
15505,5,ICE,0
15505,2,Grande,500
15505,11,기본,0
15505,6,샷 추가 (+1),500
15505,7,바닐라 시럽,300
15506,5,ICE,0
15506,2,Grande,500
15506,11,기본,0
15506,7,바닐라 시럽,300
15507,4,HOT,0
15507,2,Grande,500
15507,6,샷 추가 (+1),500
15508,5,ICE,0
15508,2,Grande,500
15508,13,더 달게,0
15508,8,헤이즐넛 시럽,300
15509,4,HOT,0
15509,2,Grande,500
15509,10,휘핑크림 추가,500
15510,4,HOT,0
15510,2,Grande,500
15510,11,기본,0
15511,5,ICE,0
15511,1,Tall,0
15511,11,기본,0
15511,9,카라멜 시럽,300
15512,4,HOT,0
15512,3,Venti,1000
15513,5,ICE,0
15513,1,Tall,0
15514,5,ICE,0
15514,1,Tall,0
15514,12,덜 달게,0
15515,4,HOT,0
15515,1,Tall,0
15515,11,기본,0
15515,10,휘핑크림 추가,500
15516,4,HOT,0
15516,1,Tall,0
15516,11,기본,0
15517,5,ICE,0
15517,1,Tall,0
15518,5,ICE,0
15518,3,Venti,1000
15518,13,더 달게,0
15519,4,HOT,0
15519,2,Grande,500
15519,12,덜 달게,0
15520,4,HOT,0
15520,2,Grande,500
15521,5,ICE,0
15521,2,Grande,500
15522,4,HOT,0
15522,2,Grande,500
15523,4,HOT,0
15523,2,Grande,500
15523,9,카라멜 시럽,300
15524,4,HOT,0
15524,2,Grande,500
15524,11,기본,0
15524,6,샷 추가 (+1),500
15525,4,HOT,0
15525,2,Grande,500
15525,11,기본,0
15526,5,ICE,0
15526,2,Grande,500
15526,11,기본,0
15526,6,샷 추가 (+1),500
15527,4,HOT,0
15527,1,Tall,0
15528,4,HOT,0
15528,1,Tall,0
15528,11,기본,0
15528,6,샷 추가 (+1),500
15529,5,ICE,0
15529,1,Tall,0
15529,12,덜 달게,0
15530,5,ICE,0
15530,1,Tall,0
15530,9,카라멜 시럽,300
15531,5,ICE,0
15531,2,Grande,500
15531,6,샷 추가 (+1),500
15531,10,휘핑크림 추가,500
15532,4,HOT,0
15532,1,Tall,0
15533,5,ICE,0
15533,1,Tall,0
15533,12,덜 달게,0
15533,7,바닐라 시럽,300
15534,4,HOT,0
15534,3,Venti,1000
15534,13,더 달게,0
15535,4,HOT,0
15535,2,Grande,500
15536,5,ICE,0
15536,1,Tall,0
15537,4,HOT,0
15537,3,Venti,1000
15538,4,HOT,0
15538,3,Venti,1000
15538,12,덜 달게,0
15538,6,샷 추가 (+1),500
15539,4,HOT,0
15539,3,Venti,1000
15540,4,HOT,0
15540,3,Venti,1000
15540,6,샷 추가 (+1),500
15541,5,ICE,0
15541,2,Grande,500
15541,11,기본,0
15542,5,ICE,0
15542,2,Grande,500
15542,13,더 달게,0
15543,4,HOT,0
15543,1,Tall,0
15543,13,더 달게,0
15543,6,샷 추가 (+1),500
15544,4,HOT,0
15544,3,Venti,1000
15544,12,덜 달게,0
15544,6,샷 추가 (+1),500
15545,5,ICE,0
15545,2,Grande,500
15545,10,휘핑크림 추가,500
15546,5,ICE,0
15546,1,Tall,0
15546,11,기본,0
15547,4,HOT,0
15547,3,Venti,1000
15548,5,ICE,0
15548,2,Grande,500
15549,4,HOT,0
15549,1,Tall,0
15550,4,HOT,0
15550,1,Tall,0
15550,12,덜 달게,0
15550,6,샷 추가 (+1),500
15551,4,HOT,0
15551,3,Venti,1000
15551,6,샷 추가 (+1),500
15552,5,ICE,0
15552,1,Tall,0
15552,12,덜 달게,0
15553,4,HOT,0
15553,1,Tall,0
15553,6,샷 추가 (+1),500
15553,7,바닐라 시럽,300
15554,4,HOT,0
15554,1,Tall,0
15554,11,기본,0
15554,6,샷 추가 (+1),500
15555,4,HOT,0
15555,3,Venti,1000
15555,10,휘핑크림 추가,500
15556,4,HOT,0
15556,3,Venti,1000
15556,12,덜 달게,0
15557,4,HOT,0
15557,2,Grande,500
15558,4,HOT,0
15558,1,Tall,0
15558,12,덜 달게,0
15559,4,HOT,0
15559,2,Grande,500
15559,12,덜 달게,0
15560,5,ICE,0
15560,1,Tall,0
15560,12,덜 달게,0
15561,4,HOT,0
15561,3,Venti,1000
15561,6,샷 추가 (+1),500
15562,5,ICE,0
15562,3,Venti,1000
15562,10,휘핑크림 추가,500
15563,4,HOT,0
15563,2,Grande,500
15564,5,ICE,0
15564,2,Grande,500
15564,11,기본,0
15564,6,샷 추가 (+1),500
15564,7,바닐라 시럽,300
15565,5,ICE,0
15565,1,Tall,0
15565,6,샷 추가 (+1),500
15566,5,ICE,0
15566,2,Grande,500
15567,4,HOT,0
15567,3,Venti,1000
15567,6,샷 추가 (+1),500
15568,4,HOT,0
15568,2,Grande,500
15568,11,기본,0
15568,6,샷 추가 (+1),500
15569,5,ICE,0
15569,1,Tall,0
15570,4,HOT,0
15570,1,Tall,0
15570,11,기본,0
15570,6,샷 추가 (+1),500
15571,4,HOT,0
15571,3,Venti,1000
15571,11,기본,0
15572,5,ICE,0
15572,3,Venti,1000
15572,13,더 달게,0
15573,5,ICE,0
15573,2,Grande,500
15573,12,덜 달게,0
15573,10,휘핑크림 추가,500
15574,4,HOT,0
15574,1,Tall,0
15574,11,기본,0
15575,4,HOT,0
15575,1,Tall,0
15575,6,샷 추가 (+1),500
15576,5,ICE,0
15576,2,Grande,500
15576,11,기본,0
15577,5,ICE,0
15577,2,Grande,500
15577,12,덜 달게,0
15578,4,HOT,0
15578,1,Tall,0
15578,12,덜 달게,0
15578,6,샷 추가 (+1),500
15578,10,휘핑크림 추가,500
15579,5,ICE,0
15579,1,Tall,0
15579,11,기본,0
15579,7,바닐라 시럽,300
15580,5,ICE,0
15580,1,Tall,0
15580,8,헤이즐넛 시럽,300
15581,4,HOT,0
15581,2,Grande,500
15581,11,기본,0
15582,5,ICE,0
15582,1,Tall,0
15583,4,HOT,0
15583,2,Grande,500
15583,6,샷 추가 (+1),500
15584,5,ICE,0
15584,1,Tall,0
15584,11,기본,0
15584,6,샷 추가 (+1),500
15584,10,휘핑크림 추가,500
15585,5,ICE,0
15585,2,Grande,500
15586,4,HOT,0
15586,1,Tall,0
15586,11,기본,0
15586,8,헤이즐넛 시럽,300
15586,10,휘핑크림 추가,500
15587,4,HOT,0
15587,1,Tall,0
15588,5,ICE,0
15588,2,Grande,500
15589,5,ICE,0
15589,2,Grande,500
15589,12,덜 달게,0
15589,10,휘핑크림 추가,500
15590,5,ICE,0
15590,1,Tall,0
15590,6,샷 추가 (+1),500
15590,8,헤이즐넛 시럽,300
15591,5,ICE,0
15591,3,Venti,1000
15591,11,기본,0
15591,6,샷 추가 (+1),500
15592,4,HOT,0
15592,3,Venti,1000
15593,5,ICE,0
15593,2,Grande,500
15593,10,휘핑크림 추가,500
15594,5,ICE,0
15594,3,Venti,1000
15594,11,기본,0
15594,6,샷 추가 (+1),500
15595,5,ICE,0
15595,1,Tall,0
15595,6,샷 추가 (+1),500
15596,5,ICE,0
15596,2,Grande,500
15597,5,ICE,0
15597,2,Grande,500
15597,13,더 달게,0
15597,6,샷 추가 (+1),500
15598,5,ICE,0
15598,1,Tall,0
15599,4,HOT,0
15599,2,Grande,500
15599,13,더 달게,0
15600,4,HOT,0
15600,3,Venti,1000
15600,13,더 달게,0
15600,6,샷 추가 (+1),500
15601,5,ICE,0
15601,1,Tall,0
15601,6,샷 추가 (+1),500
15602,4,HOT,0
15602,1,Tall,0
15602,11,기본,0
15603,4,HOT,0
15603,3,Venti,1000
15603,12,덜 달게,0
15604,5,ICE,0
15604,2,Grande,500
15604,12,덜 달게,0
15605,5,ICE,0
15605,1,Tall,0
15605,11,기본,0
15606,5,ICE,0
15606,2,Grande,500
15606,8,헤이즐넛 시럽,300
15607,4,HOT,0
15607,1,Tall,0
15608,5,ICE,0
15608,2,Grande,500
15608,11,기본,0
15608,6,샷 추가 (+1),500
15609,5,ICE,0
15609,1,Tall,0
15609,13,더 달게,0
15609,6,샷 추가 (+1),500
15610,4,HOT,0
15610,2,Grande,500
15610,8,헤이즐넛 시럽,300
15611,5,ICE,0
15611,3,Venti,1000
15611,11,기본,0
15611,10,휘핑크림 추가,500
15612,4,HOT,0
15612,1,Tall,0
15612,11,기본,0
15613,4,HOT,0
15613,3,Venti,1000
15613,6,샷 추가 (+1),500
15614,5,ICE,0
15614,1,Tall,0
15614,13,더 달게,0
15615,4,HOT,0
15615,2,Grande,500
15615,11,기본,0
15615,7,바닐라 시럽,300
15616,5,ICE,0
15616,1,Tall,0
15617,4,HOT,0
15617,1,Tall,0
15617,12,덜 달게,0
15618,4,HOT,0
15618,3,Venti,1000
15618,10,휘핑크림 추가,500
15619,4,HOT,0
15619,3,Venti,1000
15619,11,기본,0
15619,6,샷 추가 (+1),500
15620,5,ICE,0
15620,2,Grande,500
15620,11,기본,0
15620,6,샷 추가 (+1),500
15620,7,바닐라 시럽,300
15620,10,휘핑크림 추가,500
15621,5,ICE,0
15621,1,Tall,0
15621,6,샷 추가 (+1),500
15622,4,HOT,0
15622,1,Tall,0
15622,11,기본,0
15623,4,HOT,0
15623,2,Grande,500
15623,11,기본,0
15624,5,ICE,0
15624,3,Venti,1000
15624,13,더 달게,0
15625,5,ICE,0
15625,2,Grande,500
15626,4,HOT,0
15626,1,Tall,0
15626,11,기본,0
15626,6,샷 추가 (+1),500
15626,8,헤이즐넛 시럽,300
15626,10,휘핑크림 추가,500
15627,5,ICE,0
15627,1,Tall,0
15627,6,샷 추가 (+1),500
15627,7,바닐라 시럽,300
15628,4,HOT,0
15628,2,Grande,500
15628,13,더 달게,0
15629,4,HOT,0
15629,3,Venti,1000
15629,11,기본,0
15630,4,HOT,0
15630,2,Grande,500
15630,6,샷 추가 (+1),500
15631,5,ICE,0
15631,1,Tall,0
15631,13,더 달게,0
15631,6,샷 추가 (+1),500
15631,10,휘핑크림 추가,500
15632,5,ICE,0
15632,2,Grande,500
15632,13,더 달게,0
15632,6,샷 추가 (+1),500
15632,7,바닐라 시럽,300
15633,5,ICE,0
15633,2,Grande,500
15633,11,기본,0
15634,5,ICE,0
15634,1,Tall,0
15635,5,ICE,0
15635,2,Grande,500
15635,11,기본,0
15635,6,샷 추가 (+1),500
15636,4,HOT,0
15636,2,Grande,500
15636,11,기본,0
15636,6,샷 추가 (+1),500
15636,7,바닐라 시럽,300
15637,5,ICE,0
15637,2,Grande,500
15637,12,덜 달게,0
15638,4,HOT,0
15638,2,Grande,500
15638,7,바닐라 시럽,300
15639,4,HOT,0
15639,1,Tall,0
15639,11,기본,0
15640,4,HOT,0
15640,1,Tall,0
15640,13,더 달게,0
15641,4,HOT,0
15641,2,Grande,500
15641,11,기본,0
15641,6,샷 추가 (+1),500
15641,10,휘핑크림 추가,500
15642,4,HOT,0
15642,1,Tall,0
15642,10,휘핑크림 추가,500
15643,4,HOT,0
15643,1,Tall,0
15643,13,더 달게,0
15644,4,HOT,0
15644,1,Tall,0
15644,6,샷 추가 (+1),500
15645,5,ICE,0
15645,2,Grande,500
15645,13,더 달게,0
15645,6,샷 추가 (+1),500
15646,5,ICE,0
15646,3,Venti,1000
15646,12,덜 달게,0
15646,6,샷 추가 (+1),500
15646,8,헤이즐넛 시럽,300
15646,10,휘핑크림 추가,500
15647,5,ICE,0
15647,1,Tall,0
15647,12,덜 달게,0
15647,6,샷 추가 (+1),500
15648,5,ICE,0
15648,2,Grande,500
15649,4,HOT,0
15649,1,Tall,0
15650,4,HOT,0
15650,3,Venti,1000
15651,5,ICE,0
15651,2,Grande,500
15651,11,기본,0
15651,9,카라멜 시럽,300
15652,5,ICE,0
15652,1,Tall,0
15653,5,ICE,0
15653,2,Grande,500
15653,7,바닐라 시럽,300
15654,5,ICE,0
15654,2,Grande,500
15654,11,기본,0
15655,5,ICE,0
15655,1,Tall,0
15656,4,HOT,0
15656,2,Grande,500
15656,11,기본,0
15657,5,ICE,0
15657,1,Tall,0
15657,13,더 달게,0
15657,10,휘핑크림 추가,500
15658,4,HOT,0
15658,2,Grande,500
15658,12,덜 달게,0
15659,5,ICE,0
15659,3,Venti,1000
15659,12,덜 달게,0
15659,6,샷 추가 (+1),500
15660,5,ICE,0
15660,1,Tall,0
15660,9,카라멜 시럽,300
15661,5,ICE,0
15661,1,Tall,0
15661,9,카라멜 시럽,300
15662,5,ICE,0
15662,1,Tall,0
15663,5,ICE,0
15663,1,Tall,0
15664,4,HOT,0
15664,2,Grande,500
15664,10,휘핑크림 추가,500
15665,5,ICE,0
15665,1,Tall,0
15665,11,기본,0
15665,6,샷 추가 (+1),500
15665,9,카라멜 시럽,300
15666,4,HOT,0
15666,3,Venti,1000
15666,6,샷 추가 (+1),500
15667,5,ICE,0
15667,1,Tall,0
15667,11,기본,0
15668,5,ICE,0
15668,2,Grande,500
15668,6,샷 추가 (+1),500
15669,5,ICE,0
15669,3,Venti,1000
15669,6,샷 추가 (+1),500
15670,5,ICE,0
15670,1,Tall,0
15671,4,HOT,0
15671,2,Grande,500
15671,7,바닐라 시럽,300
15672,5,ICE,0
15672,1,Tall,0
15672,6,샷 추가 (+1),500
15672,9,카라멜 시럽,300
15673,4,HOT,0
15673,1,Tall,0
15673,11,기본,0
15674,4,HOT,0
15674,2,Grande,500
15674,13,더 달게,0
15675,5,ICE,0
15675,3,Venti,1000
15675,12,덜 달게,0
15675,10,휘핑크림 추가,500
15676,5,ICE,0
15676,2,Grande,500
15676,12,덜 달게,0
15677,5,ICE,0
15677,2,Grande,500
15677,11,기본,0
15678,4,HOT,0
15678,2,Grande,500
15678,6,샷 추가 (+1),500
15678,10,휘핑크림 추가,500
15679,4,HOT,0
15679,1,Tall,0
15679,9,카라멜 시럽,300
15679,10,휘핑크림 추가,500
15680,5,ICE,0
15680,2,Grande,500
15680,6,샷 추가 (+1),500
15680,9,카라멜 시럽,300
15681,5,ICE,0
15681,2,Grande,500
15682,4,HOT,0
15682,1,Tall,0
15682,11,기본,0
15683,4,HOT,0
15683,2,Grande,500
15683,10,휘핑크림 추가,500
15684,5,ICE,0
15684,1,Tall,0
15684,13,더 달게,0
15684,7,바닐라 시럽,300
15685,4,HOT,0
15685,3,Venti,1000
15685,12,덜 달게,0
15686,4,HOT,0
15686,1,Tall,0
15686,6,샷 추가 (+1),500
15687,5,ICE,0
15687,3,Venti,1000
15687,11,기본,0
15687,7,바닐라 시럽,300
15688,4,HOT,0
15688,1,Tall,0
15688,11,기본,0
15688,7,바닐라 시럽,300
15689,5,ICE,0
15689,3,Venti,1000
15689,11,기본,0
15689,6,샷 추가 (+1),500
15690,4,HOT,0
15690,2,Grande,500
15690,13,더 달게,0
15690,6,샷 추가 (+1),500
15690,9,카라멜 시럽,300
15690,10,휘핑크림 추가,500
15691,4,HOT,0
15691,1,Tall,0
15691,13,더 달게,0
15692,4,HOT,0
15692,2,Grande,500
15693,4,HOT,0
15693,1,Tall,0
15693,12,덜 달게,0
15693,6,샷 추가 (+1),500
15694,4,HOT,0
15694,3,Venti,1000
15694,6,샷 추가 (+1),500
15695,5,ICE,0
15695,2,Grande,500
15695,10,휘핑크림 추가,500
15696,5,ICE,0
15696,1,Tall,0
15697,4,HOT,0
15697,2,Grande,500
15697,7,바닐라 시럽,300
15698,4,HOT,0
15698,2,Grande,500
15698,11,기본,0
15698,7,바닐라 시럽,300
15699,4,HOT,0
15699,2,Grande,500
15699,11,기본,0
15700,4,HOT,0
15700,2,Grande,500
15700,11,기본,0
15700,6,샷 추가 (+1),500
15701,4,HOT,0
15701,2,Grande,500
15701,11,기본,0
15701,8,헤이즐넛 시럽,300
15702,4,HOT,0
15702,1,Tall,0
15702,12,덜 달게,0
15702,8,헤이즐넛 시럽,300
15703,4,HOT,0
15703,2,Grande,500
15703,13,더 달게,0
15704,4,HOT,0
15704,3,Venti,1000
15704,12,덜 달게,0
15704,6,샷 추가 (+1),500
15705,4,HOT,0
15705,3,Venti,1000
15705,11,기본,0
15706,5,ICE,0
15706,1,Tall,0
15706,12,덜 달게,0
15707,5,ICE,0
15707,2,Grande,500
15708,5,ICE,0
15708,3,Venti,1000
15708,11,기본,0
15709,4,HOT,0
15709,1,Tall,0
15710,4,HOT,0
15710,1,Tall,0
15710,6,샷 추가 (+1),500
15711,4,HOT,0
15711,3,Venti,1000
15711,11,기본,0
15712,5,ICE,0
15712,1,Tall,0
15712,11,기본,0
15713,4,HOT,0
15713,2,Grande,500
15713,12,덜 달게,0
15714,4,HOT,0
15714,1,Tall,0
15714,6,샷 추가 (+1),500
15715,4,HOT,0
15715,1,Tall,0
15715,11,기본,0
15716,5,ICE,0
15716,1,Tall,0
15716,11,기본,0
15717,4,HOT,0
15717,1,Tall,0
15718,5,ICE,0
15718,1,Tall,0
15718,7,바닐라 시럽,300
15719,4,HOT,0
15719,2,Grande,500
15719,12,덜 달게,0
15719,6,샷 추가 (+1),500
15720,5,ICE,0
15720,1,Tall,0
15721,4,HOT,0
15721,3,Venti,1000
15722,4,HOT,0
15722,2,Grande,500
15722,11,기본,0
15723,4,HOT,0
15723,1,Tall,0
15723,9,카라멜 시럽,300
15724,4,HOT,0
15724,1,Tall,0
15724,12,덜 달게,0
15724,6,샷 추가 (+1),500
15724,8,헤이즐넛 시럽,300
15725,4,HOT,0
15725,1,Tall,0
15725,13,더 달게,0
15726,4,HOT,0
15726,1,Tall,0
15727,5,ICE,0
15727,1,Tall,0
15727,11,기본,0
15727,6,샷 추가 (+1),500
15727,9,카라멜 시럽,300
15728,5,ICE,0
15728,1,Tall,0
15728,11,기본,0
15728,7,바닐라 시럽,300
15729,4,HOT,0
15729,1,Tall,0
15729,13,더 달게,0
15729,10,휘핑크림 추가,500
15730,5,ICE,0
15730,1,Tall,0
15730,12,덜 달게,0
15730,6,샷 추가 (+1),500
15730,8,헤이즐넛 시럽,300
15731,4,HOT,0
15731,3,Venti,1000
15731,11,기본,0
15731,6,샷 추가 (+1),500
15732,4,HOT,0
15732,1,Tall,0
15732,11,기본,0
15732,7,바닐라 시럽,300
15733,4,HOT,0
15733,2,Grande,500
15734,4,HOT,0
15734,2,Grande,500
15734,12,덜 달게,0
15734,8,헤이즐넛 시럽,300
15735,4,HOT,0
15735,2,Grande,500
15735,11,기본,0
15736,5,ICE,0
15736,2,Grande,500
15736,11,기본,0
15737,4,HOT,0
15737,1,Tall,0
15737,11,기본,0
15737,10,휘핑크림 추가,500
15738,4,HOT,0
15738,1,Tall,0
15738,6,샷 추가 (+1),500
15739,4,HOT,0
15739,2,Grande,500
15739,6,샷 추가 (+1),500
15740,4,HOT,0
15740,2,Grande,500
15740,11,기본,0
15741,5,ICE,0
15741,3,Venti,1000
15741,12,덜 달게,0
15742,4,HOT,0
15742,2,Grande,500
15742,6,샷 추가 (+1),500
15742,10,휘핑크림 추가,500
15743,4,HOT,0
15743,3,Venti,1000
15743,11,기본,0
15743,6,샷 추가 (+1),500
15744,5,ICE,0
15744,2,Grande,500
15744,7,바닐라 시럽,300
15745,4,HOT,0
15745,1,Tall,0
15745,11,기본,0
15746,4,HOT,0
15746,2,Grande,500
15746,6,샷 추가 (+1),500
15747,4,HOT,0
15747,1,Tall,0
15747,12,덜 달게,0
15748,5,ICE,0
15748,3,Venti,1000
15748,13,더 달게,0
15749,4,HOT,0
15749,1,Tall,0
15749,11,기본,0
15749,7,바닐라 시럽,300
15750,4,HOT,0
15750,2,Grande,500
15750,11,기본,0
15750,10,휘핑크림 추가,500
15751,4,HOT,0
15751,1,Tall,0
15752,4,HOT,0
15752,1,Tall,0
15752,8,헤이즐넛 시럽,300
15753,4,HOT,0
15753,1,Tall,0
15754,4,HOT,0
15754,1,Tall,0
15754,12,덜 달게,0
15754,8,헤이즐넛 시럽,300
15755,5,ICE,0
15755,2,Grande,500
15755,11,기본,0
15755,6,샷 추가 (+1),500
15756,5,ICE,0
15756,3,Venti,1000
15756,12,덜 달게,0
15757,5,ICE,0
15757,2,Grande,500
15757,13,더 달게,0
15757,6,샷 추가 (+1),500
15757,7,바닐라 시럽,300
15758,4,HOT,0
15758,1,Tall,0
15758,12,덜 달게,0
15759,4,HOT,0
15759,2,Grande,500
15759,11,기본,0
15760,4,HOT,0
15760,2,Grande,500
15761,5,ICE,0
15761,3,Venti,1000
15761,13,더 달게,0
15761,6,샷 추가 (+1),500
15761,10,휘핑크림 추가,500
15762,4,HOT,0
15762,1,Tall,0
15762,6,샷 추가 (+1),500
15762,8,헤이즐넛 시럽,300
15763,5,ICE,0
15763,1,Tall,0
15763,6,샷 추가 (+1),500
15764,5,ICE,0
15764,3,Venti,1000
15765,4,HOT,0
15765,3,Venti,1000
15766,4,HOT,0
15766,3,Venti,1000
15766,6,샷 추가 (+1),500
15766,10,휘핑크림 추가,500
15767,4,HOT,0
15767,3,Venti,1000
15767,6,샷 추가 (+1),500
15768,5,ICE,0
15768,2,Grande,500
15769,4,HOT,0
15769,3,Venti,1000
15770,4,HOT,0
15770,1,Tall,0
15770,11,기본,0
15771,5,ICE,0
15771,1,Tall,0
15772,4,HOT,0
15772,1,Tall,0
15772,12,덜 달게,0
15772,9,카라멜 시럽,300
15773,4,HOT,0
15773,1,Tall,0
15773,11,기본,0
15773,6,샷 추가 (+1),500
15774,4,HOT,0
15774,1,Tall,0
15774,12,덜 달게,0
15775,5,ICE,0
15775,1,Tall,0
15775,12,덜 달게,0
15776,4,HOT,0
15776,3,Venti,1000
15776,12,덜 달게,0
15776,7,바닐라 시럽,300
15777,5,ICE,0
15777,1,Tall,0
15777,11,기본,0
15777,10,휘핑크림 추가,500
15778,4,HOT,0
15778,1,Tall,0
15778,8,헤이즐넛 시럽,300
15779,5,ICE,0
15779,1,Tall,0
15779,6,샷 추가 (+1),500
15779,10,휘핑크림 추가,500
15780,4,HOT,0
15780,2,Grande,500
15780,12,덜 달게,0
15781,4,HOT,0
15781,1,Tall,0
15781,11,기본,0
15781,7,바닐라 시럽,300
15782,4,HOT,0
15782,2,Grande,500
15783,5,ICE,0
15783,1,Tall,0
15783,6,샷 추가 (+1),500
15784,5,ICE,0
15784,1,Tall,0
15784,11,기본,0
15785,4,HOT,0
15785,3,Venti,1000
15785,11,기본,0
15785,8,헤이즐넛 시럽,300
15786,4,HOT,0
15786,2,Grande,500
15786,13,더 달게,0
15786,6,샷 추가 (+1),500
15787,4,HOT,0
15787,1,Tall,0
15787,13,더 달게,0
15788,5,ICE,0
15788,1,Tall,0
15789,4,HOT,0
15789,1,Tall,0
15789,9,카라멜 시럽,300
15790,5,ICE,0
15790,1,Tall,0
15791,4,HOT,0
15791,1,Tall,0
15791,11,기본,0
15792,5,ICE,0
15792,3,Venti,1000
15792,11,기본,0
15792,6,샷 추가 (+1),500
15793,5,ICE,0
15793,2,Grande,500
15793,13,더 달게,0
15794,5,ICE,0
15794,2,Grande,500
15794,12,덜 달게,0
15794,6,샷 추가 (+1),500
15795,5,ICE,0
15795,1,Tall,0
15796,4,HOT,0
15796,2,Grande,500
15796,12,덜 달게,0
15797,4,HOT,0
15797,2,Grande,500
15797,11,기본,0
15797,9,카라멜 시럽,300
15798,4,HOT,0
15798,2,Grande,500
15798,13,더 달게,0
15799,4,HOT,0
15799,2,Grande,500
15799,6,샷 추가 (+1),500
15799,8,헤이즐넛 시럽,300
15800,4,HOT,0
15800,2,Grande,500
15801,5,ICE,0
15801,2,Grande,500
15802,4,HOT,0
15802,2,Grande,500
15803,4,HOT,0
15803,2,Grande,500
15803,12,덜 달게,0
15803,8,헤이즐넛 시럽,300
15803,10,휘핑크림 추가,500
15804,4,HOT,0
15804,3,Venti,1000
15804,11,기본,0
15805,5,ICE,0
15805,2,Grande,500
15805,6,샷 추가 (+1),500
15806,5,ICE,0
15806,1,Tall,0
15806,10,휘핑크림 추가,500
15807,4,HOT,0
15807,1,Tall,0
15807,7,바닐라 시럽,300
15808,4,HOT,0
15808,3,Venti,1000
15808,11,기본,0
15809,5,ICE,0
15809,2,Grande,500
15809,11,기본,0
15810,4,HOT,0
15810,3,Venti,1000
15810,13,더 달게,0
15810,10,휘핑크림 추가,500
15811,5,ICE,0
15811,2,Grande,500
15811,12,덜 달게,0
15812,5,ICE,0
15812,2,Grande,500
15813,4,HOT,0
15813,2,Grande,500
15813,11,기본,0
15814,4,HOT,0
15814,2,Grande,500
15814,13,더 달게,0
15815,5,ICE,0
15815,1,Tall,0
15815,11,기본,0
15815,7,바닐라 시럽,300
15816,5,ICE,0
15816,3,Venti,1000
15816,13,더 달게,0
15816,6,샷 추가 (+1),500
15817,4,HOT,0
15817,2,Grande,500
15817,11,기본,0
15818,5,ICE,0
15818,2,Grande,500
15818,6,샷 추가 (+1),500
15819,5,ICE,0
15819,2,Grande,500
15819,13,더 달게,0
15820,5,ICE,0
15820,1,Tall,0
15820,13,더 달게,0
15820,8,헤이즐넛 시럽,300
15821,5,ICE,0
15821,2,Grande,500
15821,11,기본,0
15821,6,샷 추가 (+1),500
15822,5,ICE,0
15822,1,Tall,0
15822,13,더 달게,0
15822,6,샷 추가 (+1),500
15823,5,ICE,0
15823,2,Grande,500
15823,11,기본,0
15824,5,ICE,0
15824,2,Grande,500
15824,7,바닐라 시럽,300
15825,4,HOT,0
15825,2,Grande,500
15825,11,기본,0
15826,5,ICE,0
15826,2,Grande,500
15826,13,더 달게,0
15826,6,샷 추가 (+1),500
15827,4,HOT,0
15827,3,Venti,1000
15828,4,HOT,0
15828,2,Grande,500
15828,11,기본,0
15829,4,HOT,0
15829,1,Tall,0
15829,13,더 달게,0
15830,5,ICE,0
15830,2,Grande,500
15830,12,덜 달게,0
15831,4,HOT,0
15831,2,Grande,500
15831,13,더 달게,0
15831,6,샷 추가 (+1),500
15832,5,ICE,0
15832,1,Tall,0
15832,11,기본,0
15833,5,ICE,0
15833,1,Tall,0
15833,11,기본,0
15834,5,ICE,0
15834,1,Tall,0
15834,11,기본,0
15835,4,HOT,0
15835,1,Tall,0
15835,12,덜 달게,0
15835,8,헤이즐넛 시럽,300
15836,4,HOT,0
15836,1,Tall,0
15836,11,기본,0
15836,6,샷 추가 (+1),500
15836,8,헤이즐넛 시럽,300
15837,4,HOT,0
15837,2,Grande,500
15837,11,기본,0
15837,6,샷 추가 (+1),500
15838,5,ICE,0
15838,1,Tall,0
15838,12,덜 달게,0
15839,5,ICE,0
15839,2,Grande,500
15839,11,기본,0
15839,6,샷 추가 (+1),500
15840,5,ICE,0
15840,1,Tall,0
15840,12,덜 달게,0
15840,9,카라멜 시럽,300
15841,4,HOT,0
15841,2,Grande,500
15842,4,HOT,0
15842,1,Tall,0
15842,12,덜 달게,0
15843,5,ICE,0
15843,2,Grande,500
15843,13,더 달게,0
15843,8,헤이즐넛 시럽,300
15844,4,HOT,0
15844,2,Grande,500
15844,11,기본,0
15845,4,HOT,0
15845,1,Tall,0
15845,13,더 달게,0
15845,10,휘핑크림 추가,500
15846,4,HOT,0
15846,2,Grande,500
15846,6,샷 추가 (+1),500
15846,10,휘핑크림 추가,500
15847,4,HOT,0
15847,3,Venti,1000
15847,11,기본,0
15847,6,샷 추가 (+1),500
15847,10,휘핑크림 추가,500
15848,5,ICE,0
15848,2,Grande,500
15848,11,기본,0
15849,5,ICE,0
15849,2,Grande,500
15849,11,기본,0
15849,8,헤이즐넛 시럽,300
15850,4,HOT,0
15850,1,Tall,0
15850,13,더 달게,0
15851,5,ICE,0
15851,2,Grande,500
15852,4,HOT,0
15852,3,Venti,1000
15852,11,기본,0
15853,4,HOT,0
15853,2,Grande,500
15853,12,덜 달게,0
15854,4,HOT,0
15854,1,Tall,0
15854,6,샷 추가 (+1),500
15855,5,ICE,0
15855,2,Grande,500
15855,12,덜 달게,0
15855,7,바닐라 시럽,300
15856,5,ICE,0
15856,1,Tall,0
15856,13,더 달게,0
15856,6,샷 추가 (+1),500
15857,4,HOT,0
15857,2,Grande,500
15858,4,HOT,0
15858,1,Tall,0
15858,12,덜 달게,0
15859,4,HOT,0
15859,3,Venti,1000
15859,11,기본,0
15860,4,HOT,0
15860,2,Grande,500
15860,11,기본,0
15861,4,HOT,0
15861,1,Tall,0
15861,6,샷 추가 (+1),500
15861,8,헤이즐넛 시럽,300
15862,5,ICE,0
15862,1,Tall,0
15862,12,덜 달게,0
15863,5,ICE,0
15863,3,Venti,1000
15863,11,기본,0
15864,4,HOT,0
15864,1,Tall,0
15864,6,샷 추가 (+1),500
15865,5,ICE,0
15865,1,Tall,0
15865,11,기본,0
15866,5,ICE,0
15866,2,Grande,500
15866,12,덜 달게,0
15867,5,ICE,0
15867,1,Tall,0
15867,6,샷 추가 (+1),500
15868,5,ICE,0
15868,2,Grande,500
15868,12,덜 달게,0
15868,10,휘핑크림 추가,500
15869,4,HOT,0
15869,1,Tall,0
15869,11,기본,0
15870,5,ICE,0
15870,2,Grande,500
15870,13,더 달게,0
15870,7,바닐라 시럽,300
15871,5,ICE,0
15871,1,Tall,0
15871,13,더 달게,0
15872,4,HOT,0
15872,1,Tall,0
15873,5,ICE,0
15873,2,Grande,500
15873,6,샷 추가 (+1),500
15874,4,HOT,0
15874,2,Grande,500
15874,13,더 달게,0
15875,4,HOT,0
15875,1,Tall,0
15875,11,기본,0
15876,4,HOT,0
15876,2,Grande,500
15876,10,휘핑크림 추가,500
15877,4,HOT,0
15877,2,Grande,500
15878,5,ICE,0
15878,2,Grande,500
15878,11,기본,0
15879,5,ICE,0
15879,1,Tall,0
15879,11,기본,0
15879,6,샷 추가 (+1),500
15880,4,HOT,0
15880,1,Tall,0
15880,13,더 달게,0
15881,4,HOT,0
15881,1,Tall,0
15882,5,ICE,0
15882,2,Grande,500
15882,11,기본,0
15882,6,샷 추가 (+1),500
15883,4,HOT,0
15883,1,Tall,0
15883,13,더 달게,0
15884,4,HOT,0
15884,1,Tall,0
15884,11,기본,0
15885,5,ICE,0
15885,1,Tall,0
15885,8,헤이즐넛 시럽,300
15886,4,HOT,0
15886,3,Venti,1000
15886,7,바닐라 시럽,300
15887,4,HOT,0
15887,3,Venti,1000
15887,11,기본,0
15888,4,HOT,0
15888,2,Grande,500
15888,6,샷 추가 (+1),500
15889,4,HOT,0
15889,3,Venti,1000
15889,12,덜 달게,0
15890,5,ICE,0
15890,3,Venti,1000
15890,10,휘핑크림 추가,500
15891,4,HOT,0
15891,3,Venti,1000
15891,7,바닐라 시럽,300
15892,4,HOT,0
15892,1,Tall,0
15893,5,ICE,0
15893,3,Venti,1000
15893,11,기본,0
15894,5,ICE,0
15894,2,Grande,500
15895,5,ICE,0
15895,1,Tall,0
15896,5,ICE,0
15896,1,Tall,0
15896,9,카라멜 시럽,300
15897,5,ICE,0
15897,2,Grande,500
15897,13,더 달게,0
15897,6,샷 추가 (+1),500
15898,4,HOT,0
15898,2,Grande,500
15898,12,덜 달게,0
15898,6,샷 추가 (+1),500
15898,9,카라멜 시럽,300
15899,5,ICE,0
15899,1,Tall,0
15899,11,기본,0
15900,5,ICE,0
15900,3,Venti,1000
15900,11,기본,0
15901,4,HOT,0
15901,2,Grande,500
15902,4,HOT,0
15902,1,Tall,0
15902,13,더 달게,0
15902,6,샷 추가 (+1),500
15903,5,ICE,0
15903,1,Tall,0
15903,11,기본,0
15904,4,HOT,0
15904,1,Tall,0
15905,5,ICE,0
15905,2,Grande,500
15905,11,기본,0
15906,4,HOT,0
15906,3,Venti,1000
15906,11,기본,0
15907,5,ICE,0
15907,3,Venti,1000
15907,11,기본,0
15907,7,바닐라 시럽,300
15908,5,ICE,0
15908,3,Venti,1000
15908,11,기본,0
15908,6,샷 추가 (+1),500
15909,4,HOT,0
15909,3,Venti,1000
15910,5,ICE,0
15910,1,Tall,0
15910,13,더 달게,0
15910,10,휘핑크림 추가,500
15911,4,HOT,0
15911,1,Tall,0
15911,11,기본,0
15911,6,샷 추가 (+1),500
15911,9,카라멜 시럽,300
15912,4,HOT,0
15912,2,Grande,500
15912,11,기본,0
15913,4,HOT,0
15913,3,Venti,1000
15913,6,샷 추가 (+1),500
15913,9,카라멜 시럽,300
15914,5,ICE,0
15914,1,Tall,0
15915,4,HOT,0
15915,2,Grande,500
15915,6,샷 추가 (+1),500
15916,4,HOT,0
15916,2,Grande,500
15916,12,덜 달게,0
15917,4,HOT,0
15917,3,Venti,1000
15917,9,카라멜 시럽,300
15917,10,휘핑크림 추가,500
15918,4,HOT,0
15918,2,Grande,500
15918,10,휘핑크림 추가,500
15919,5,ICE,0
15919,1,Tall,0
15920,5,ICE,0
15920,1,Tall,0
15921,4,HOT,0
15921,1,Tall,0
15921,11,기본,0
15921,6,샷 추가 (+1),500
15922,4,HOT,0
15922,1,Tall,0
15922,6,샷 추가 (+1),500
15923,5,ICE,0
15923,1,Tall,0
15924,4,HOT,0
15924,2,Grande,500
15924,11,기본,0
15924,6,샷 추가 (+1),500
15925,4,HOT,0
15925,1,Tall,0
15925,6,샷 추가 (+1),500
15925,10,휘핑크림 추가,500
15926,4,HOT,0
15926,1,Tall,0
15926,10,휘핑크림 추가,500
15927,4,HOT,0
15927,1,Tall,0
15927,13,더 달게,0
15928,4,HOT,0
15928,3,Venti,1000
15929,4,HOT,0
15929,3,Venti,1000
15929,11,기본,0
15929,6,샷 추가 (+1),500
15930,4,HOT,0
15930,2,Grande,500
15930,11,기본,0
15931,4,HOT,0
15931,2,Grande,500
15931,13,더 달게,0
15931,6,샷 추가 (+1),500
15931,7,바닐라 시럽,300
15932,4,HOT,0
15932,1,Tall,0
15932,11,기본,0
15932,6,샷 추가 (+1),500
15933,5,ICE,0
15933,2,Grande,500
15933,6,샷 추가 (+1),500
15933,9,카라멜 시럽,300
15934,4,HOT,0
15934,1,Tall,0
15934,12,덜 달게,0
15935,4,HOT,0
15935,3,Venti,1000
15935,12,덜 달게,0
15935,6,샷 추가 (+1),500
15936,5,ICE,0
15936,3,Venti,1000
15936,13,더 달게,0
15936,6,샷 추가 (+1),500
15937,5,ICE,0
15937,2,Grande,500
15937,11,기본,0
15937,10,휘핑크림 추가,500
15938,4,HOT,0
15938,2,Grande,500
15939,4,HOT,0
15939,1,Tall,0
15939,8,헤이즐넛 시럽,300
15940,4,HOT,0
15940,1,Tall,0
15940,13,더 달게,0
15940,6,샷 추가 (+1),500
15941,4,HOT,0
15941,2,Grande,500
15941,13,더 달게,0
15942,4,HOT,0
15942,1,Tall,0
15942,6,샷 추가 (+1),500
15942,9,카라멜 시럽,300
15943,5,ICE,0
15943,1,Tall,0
15944,4,HOT,0
15944,1,Tall,0
15944,11,기본,0
15945,5,ICE,0
15945,1,Tall,0
15945,8,헤이즐넛 시럽,300
15946,4,HOT,0
15946,2,Grande,500
15946,6,샷 추가 (+1),500
15947,5,ICE,0
15947,2,Grande,500
15947,10,휘핑크림 추가,500
15948,5,ICE,0
15948,1,Tall,0
15948,12,덜 달게,0
15948,6,샷 추가 (+1),500
15949,5,ICE,0
15949,3,Venti,1000
15949,11,기본,0
15949,7,바닐라 시럽,300
15950,4,HOT,0
15950,3,Venti,1000
15951,5,ICE,0
15951,2,Grande,500
15951,6,샷 추가 (+1),500
15952,4,HOT,0
15952,3,Venti,1000
15952,11,기본,0
15952,10,휘핑크림 추가,500
15953,5,ICE,0
15953,3,Venti,1000
15953,12,덜 달게,0
15953,6,샷 추가 (+1),500
15954,4,HOT,0
15954,3,Venti,1000
15954,11,기본,0
15955,5,ICE,0
15955,2,Grande,500
15955,11,기본,0
15956,5,ICE,0
15956,2,Grande,500
15956,13,더 달게,0
15956,8,헤이즐넛 시럽,300
15957,4,HOT,0
15957,3,Venti,1000
15958,5,ICE,0
15958,2,Grande,500
15959,5,ICE,0
15959,1,Tall,0
15959,6,샷 추가 (+1),500
15959,7,바닐라 시럽,300
15960,5,ICE,0
15960,1,Tall,0
15960,6,샷 추가 (+1),500
15960,10,휘핑크림 추가,500
15961,4,HOT,0
15961,2,Grande,500
15961,12,덜 달게,0
15961,6,샷 추가 (+1),500
15961,7,바닐라 시럽,300
15962,4,HOT,0
15962,1,Tall,0
15962,11,기본,0
15963,4,HOT,0
15963,1,Tall,0
15964,5,ICE,0
15964,2,Grande,500
15964,13,더 달게,0
15964,10,휘핑크림 추가,500
15965,5,ICE,0
15965,3,Venti,1000
15965,13,더 달게,0
15965,10,휘핑크림 추가,500
15966,4,HOT,0
15966,1,Tall,0
15966,11,기본,0
15966,6,샷 추가 (+1),500
15966,10,휘핑크림 추가,500
15967,5,ICE,0
15967,2,Grande,500
15967,11,기본,0
15968,4,HOT,0
15968,2,Grande,500
15968,13,더 달게,0
15969,4,HOT,0
15969,2,Grande,500
15969,11,기본,0
15970,4,HOT,0
15970,1,Tall,0
15970,7,바닐라 시럽,300
15971,4,HOT,0
15971,1,Tall,0
15971,13,더 달게,0
15972,4,HOT,0
15972,2,Grande,500
15972,12,덜 달게,0
15973,5,ICE,0
15973,3,Venti,1000
15973,11,기본,0
15974,4,HOT,0
15974,2,Grande,500
15974,11,기본,0
15975,4,HOT,0
15975,3,Venti,1000
15975,11,기본,0
15975,6,샷 추가 (+1),500
15975,8,헤이즐넛 시럽,300
15976,4,HOT,0
15976,3,Venti,1000
15976,13,더 달게,0
15976,10,휘핑크림 추가,500
15977,5,ICE,0
15977,3,Venti,1000
15977,12,덜 달게,0
15977,9,카라멜 시럽,300
15978,4,HOT,0
15978,1,Tall,0
15978,11,기본,0
15978,6,샷 추가 (+1),500
15979,5,ICE,0
15979,1,Tall,0
15979,11,기본,0
15979,6,샷 추가 (+1),500
15980,4,HOT,0
15980,1,Tall,0
15980,11,기본,0
15981,4,HOT,0
15981,1,Tall,0
15981,6,샷 추가 (+1),500
15982,4,HOT,0
15982,1,Tall,0
15982,11,기본,0
15982,7,바닐라 시럽,300
15983,5,ICE,0
15983,1,Tall,0
15983,11,기본,0
15984,4,HOT,0
15984,3,Venti,1000
15984,6,샷 추가 (+1),500
15985,4,HOT,0
15985,3,Venti,1000
15985,12,덜 달게,0
15986,4,HOT,0
15986,2,Grande,500
15986,13,더 달게,0
15987,4,HOT,0
15987,2,Grande,500
15987,13,더 달게,0
15987,6,샷 추가 (+1),500
15987,8,헤이즐넛 시럽,300
15988,5,ICE,0
15988,1,Tall,0
15989,5,ICE,0
15989,1,Tall,0
15989,13,더 달게,0
15989,6,샷 추가 (+1),500
15990,4,HOT,0
15990,3,Venti,1000
15990,11,기본,0
15990,6,샷 추가 (+1),500
15990,8,헤이즐넛 시럽,300
15990,10,휘핑크림 추가,500
15991,5,ICE,0
15991,2,Grande,500
15991,13,더 달게,0
15991,6,샷 추가 (+1),500
15992,4,HOT,0
15992,3,Venti,1000
15992,13,더 달게,0
15993,4,HOT,0
15993,1,Tall,0
15994,4,HOT,0
15994,1,Tall,0
15994,11,기본,0
15994,6,샷 추가 (+1),500
15994,8,헤이즐넛 시럽,300
15994,10,휘핑크림 추가,500
15995,4,HOT,0
15995,3,Venti,1000
15995,6,샷 추가 (+1),500
15996,4,HOT,0
15996,1,Tall,0
15997,4,HOT,0
15997,1,Tall,0
15997,12,덜 달게,0
15997,7,바닐라 시럽,300
15997,10,휘핑크림 추가,500
15998,4,HOT,0
15998,3,Venti,1000
15998,13,더 달게,0
15998,9,카라멜 시럽,300
15999,4,HOT,0
15999,1,Tall,0
15999,6,샷 추가 (+1),500
16000,4,HOT,0
16000,1,Tall,0
16000,11,기본,0
16000,7,바닐라 시럽,300
16001,5,ICE,0
16001,3,Venti,1000
16002,5,ICE,0
16002,1,Tall,0
16002,12,덜 달게,0
16003,4,HOT,0
16003,2,Grande,500
16003,13,더 달게,0
16004,4,HOT,0
16004,3,Venti,1000
16004,11,기본,0
16005,4,HOT,0
16005,1,Tall,0
16005,9,카라멜 시럽,300
16006,4,HOT,0
16006,1,Tall,0
16006,12,덜 달게,0
16006,7,바닐라 시럽,300
16007,5,ICE,0
16007,1,Tall,0
16008,4,HOT,0
16008,2,Grande,500
16009,5,ICE,0
16009,2,Grande,500
16009,6,샷 추가 (+1),500
16009,8,헤이즐넛 시럽,300
16010,4,HOT,0
16010,2,Grande,500
16010,6,샷 추가 (+1),500
16010,9,카라멜 시럽,300
16011,4,HOT,0
16011,3,Venti,1000
16011,11,기본,0
16012,5,ICE,0
16012,2,Grande,500
16012,11,기본,0
16012,9,카라멜 시럽,300
16013,4,HOT,0
16013,1,Tall,0
16013,12,덜 달게,0
16013,6,샷 추가 (+1),500
16013,8,헤이즐넛 시럽,300
16014,4,HOT,0
16014,3,Venti,1000
16014,13,더 달게,0
16014,10,휘핑크림 추가,500
16015,4,HOT,0
16015,2,Grande,500
16016,5,ICE,0
16016,1,Tall,0
16016,11,기본,0
16016,6,샷 추가 (+1),500
16016,7,바닐라 시럽,300
16017,5,ICE,0
16017,1,Tall,0
16017,11,기본,0
16017,6,샷 추가 (+1),500
16018,4,HOT,0
16018,3,Venti,1000
16018,11,기본,0
16018,8,헤이즐넛 시럽,300
16018,10,휘핑크림 추가,500
16019,4,HOT,0
16019,2,Grande,500
16019,13,더 달게,0
16019,6,샷 추가 (+1),500
16019,9,카라멜 시럽,300
16020,4,HOT,0
16020,1,Tall,0
16020,10,휘핑크림 추가,500
16021,4,HOT,0
16021,1,Tall,0
16021,11,기본,0
16022,4,HOT,0
16022,3,Venti,1000
16022,12,덜 달게,0
16022,8,헤이즐넛 시럽,300
16022,10,휘핑크림 추가,500
16023,4,HOT,0
16023,2,Grande,500
16023,12,덜 달게,0
16024,5,ICE,0
16024,2,Grande,500
16025,4,HOT,0
16025,3,Venti,1000
16025,13,더 달게,0
16026,5,ICE,0
16026,2,Grande,500
16026,6,샷 추가 (+1),500
16027,4,HOT,0
16027,2,Grande,500
16027,13,더 달게,0
16027,6,샷 추가 (+1),500
16028,4,HOT,0
16028,2,Grande,500
16028,11,기본,0
16029,4,HOT,0
16029,2,Grande,500
16029,12,덜 달게,0
16030,4,HOT,0
16030,3,Venti,1000
16030,11,기본,0
16030,9,카라멜 시럽,300
16031,5,ICE,0
16031,3,Venti,1000
16031,6,샷 추가 (+1),500
16031,8,헤이즐넛 시럽,300
16032,5,ICE,0
16032,1,Tall,0
16032,11,기본,0
16033,4,HOT,0
16033,1,Tall,0
16033,6,샷 추가 (+1),500
16034,4,HOT,0
16034,3,Venti,1000
16034,13,더 달게,0
16035,4,HOT,0
16035,2,Grande,500
16035,11,기본,0
16035,6,샷 추가 (+1),500
16035,10,휘핑크림 추가,500
16036,4,HOT,0
16036,1,Tall,0
16036,6,샷 추가 (+1),500
16037,5,ICE,0
16037,1,Tall,0
16037,6,샷 추가 (+1),500
16038,5,ICE,0
16038,1,Tall,0
16039,5,ICE,0
16039,3,Venti,1000
16039,11,기본,0
16039,6,샷 추가 (+1),500
16040,5,ICE,0
16040,1,Tall,0
16040,9,카라멜 시럽,300
16041,4,HOT,0
16041,2,Grande,500
16041,11,기본,0
16041,6,샷 추가 (+1),500
16042,4,HOT,0
16042,1,Tall,0
16042,6,샷 추가 (+1),500
16042,10,휘핑크림 추가,500
16043,5,ICE,0
16043,2,Grande,500
16043,6,샷 추가 (+1),500
16044,4,HOT,0
16044,2,Grande,500
16044,12,덜 달게,0
16044,6,샷 추가 (+1),500
16044,7,바닐라 시럽,300
16045,5,ICE,0
16045,1,Tall,0
16046,4,HOT,0
16046,2,Grande,500
16047,5,ICE,0
16047,2,Grande,500
16047,7,바닐라 시럽,300
16048,4,HOT,0
16048,2,Grande,500
16048,11,기본,0
16048,6,샷 추가 (+1),500
16048,9,카라멜 시럽,300
16049,4,HOT,0
16049,2,Grande,500
16050,4,HOT,0
16050,1,Tall,0
16050,12,덜 달게,0
16051,4,HOT,0
16051,1,Tall,0
16051,11,기본,0
16051,6,샷 추가 (+1),500
16052,5,ICE,0
16052,1,Tall,0
16052,8,헤이즐넛 시럽,300
16053,5,ICE,0
16053,1,Tall,0
16053,6,샷 추가 (+1),500
16054,5,ICE,0
16054,3,Venti,1000
16054,10,휘핑크림 추가,500
16055,4,HOT,0
16055,2,Grande,500
16056,5,ICE,0
16056,2,Grande,500
16056,6,샷 추가 (+1),500
16057,5,ICE,0
16057,2,Grande,500
16057,12,덜 달게,0
16058,4,HOT,0
16058,2,Grande,500
16058,11,기본,0
16059,4,HOT,0
16059,1,Tall,0
16059,8,헤이즐넛 시럽,300
16060,4,HOT,0
16060,1,Tall,0
16060,11,기본,0
16060,6,샷 추가 (+1),500
16061,4,HOT,0
16061,2,Grande,500
16061,11,기본,0
16062,4,HOT,0
16062,3,Venti,1000
16062,12,덜 달게,0
16062,6,샷 추가 (+1),500
16063,5,ICE,0
16063,3,Venti,1000
16064,5,ICE,0
16064,2,Grande,500
16065,4,HOT,0
16065,2,Grande,500
16065,6,샷 추가 (+1),500
16066,5,ICE,0
16066,3,Venti,1000
16066,13,더 달게,0
16066,8,헤이즐넛 시럽,300
16066,10,휘핑크림 추가,500
16067,4,HOT,0
16067,2,Grande,500
16067,12,덜 달게,0
16068,5,ICE,0
16068,1,Tall,0
16068,11,기본,0
16068,6,샷 추가 (+1),500
16069,5,ICE,0
16069,2,Grande,500
16069,12,덜 달게,0
16070,5,ICE,0
16070,2,Grande,500
16070,12,덜 달게,0
16070,10,휘핑크림 추가,500
16071,4,HOT,0
16071,1,Tall,0
16071,11,기본,0
16071,6,샷 추가 (+1),500
16072,4,HOT,0
16072,3,Venti,1000
16072,11,기본,0
16073,4,HOT,0
16073,2,Grande,500
16073,13,더 달게,0
16073,6,샷 추가 (+1),500
16074,5,ICE,0
16074,1,Tall,0
16074,13,더 달게,0
16075,5,ICE,0
16075,1,Tall,0
16075,9,카라멜 시럽,300
16076,4,HOT,0
16076,1,Tall,0
16076,13,더 달게,0
16076,6,샷 추가 (+1),500
16077,4,HOT,0
16077,3,Venti,1000
16077,11,기본,0
16078,4,HOT,0
16078,1,Tall,0
16078,13,더 달게,0
16079,4,HOT,0
16079,2,Grande,500
16079,11,기본,0
16079,6,샷 추가 (+1),500
16080,4,HOT,0
16080,3,Venti,1000
16080,6,샷 추가 (+1),500
16081,5,ICE,0
16081,1,Tall,0
16081,13,더 달게,0
16082,4,HOT,0
16082,3,Venti,1000
16082,11,기본,0
16083,4,HOT,0
16083,1,Tall,0
16083,12,덜 달게,0
16084,4,HOT,0
16084,2,Grande,500
16084,12,덜 달게,0
16085,5,ICE,0
16085,2,Grande,500
16085,12,덜 달게,0
16086,4,HOT,0
16086,2,Grande,500
16086,9,카라멜 시럽,300
16087,4,HOT,0
16087,2,Grande,500
16088,4,HOT,0
16088,1,Tall,0
16088,7,바닐라 시럽,300
16089,4,HOT,0
16089,1,Tall,0
16089,13,더 달게,0
16090,4,HOT,0
16090,3,Venti,1000
16090,13,더 달게,0
16090,9,카라멜 시럽,300
16091,4,HOT,0
16091,3,Venti,1000
16092,4,HOT,0
16092,2,Grande,500
16092,13,더 달게,0
16092,6,샷 추가 (+1),500
16093,5,ICE,0
16093,1,Tall,0
16093,11,기본,0
16093,8,헤이즐넛 시럽,300
16094,4,HOT,0
16094,1,Tall,0
16094,11,기본,0
16094,6,샷 추가 (+1),500
16095,4,HOT,0
16095,3,Venti,1000
16095,13,더 달게,0
16095,8,헤이즐넛 시럽,300
16096,5,ICE,0
16096,3,Venti,1000
16096,13,더 달게,0
16096,6,샷 추가 (+1),500
16097,4,HOT,0
16097,3,Venti,1000
16097,8,헤이즐넛 시럽,300
16098,4,HOT,0
16098,1,Tall,0
16098,11,기본,0
16098,6,샷 추가 (+1),500
16099,4,HOT,0
16099,2,Grande,500
16099,10,휘핑크림 추가,500
16100,5,ICE,0
16100,1,Tall,0
16100,11,기본,0
16100,6,샷 추가 (+1),500
16101,4,HOT,0
16101,1,Tall,0
16101,9,카라멜 시럽,300
16102,4,HOT,0
16102,2,Grande,500
16102,11,기본,0
16102,6,샷 추가 (+1),500
16103,5,ICE,0
16103,2,Grande,500
16103,11,기본,0
16104,4,HOT,0
16104,2,Grande,500
16105,5,ICE,0
16105,1,Tall,0
16106,4,HOT,0
16106,3,Venti,1000
16106,11,기본,0
16106,8,헤이즐넛 시럽,300
16107,4,HOT,0
16107,1,Tall,0
16108,5,ICE,0
16108,3,Venti,1000
16108,13,더 달게,0
16109,4,HOT,0
16109,2,Grande,500
16109,12,덜 달게,0
16110,4,HOT,0
16110,1,Tall,0
16110,11,기본,0
16110,7,바닐라 시럽,300
16111,4,HOT,0
16111,2,Grande,500
16112,5,ICE,0
16112,2,Grande,500
16112,12,덜 달게,0
16112,6,샷 추가 (+1),500
16113,4,HOT,0
16113,1,Tall,0
16114,4,HOT,0
16114,2,Grande,500
16115,4,HOT,0
16115,2,Grande,500
16115,13,더 달게,0
16116,4,HOT,0
16116,1,Tall,0
16116,8,헤이즐넛 시럽,300
16117,4,HOT,0
16117,3,Venti,1000
16117,11,기본,0
16117,10,휘핑크림 추가,500
16118,5,ICE,0
16118,2,Grande,500
16118,11,기본,0
16118,10,휘핑크림 추가,500
16119,4,HOT,0
16119,1,Tall,0
16119,11,기본,0
16119,9,카라멜 시럽,300
16119,10,휘핑크림 추가,500
16120,4,HOT,0
16120,2,Grande,500
16120,6,샷 추가 (+1),500
16121,5,ICE,0
16121,1,Tall,0
16121,11,기본,0
16122,4,HOT,0
16122,2,Grande,500
16122,13,더 달게,0
16123,5,ICE,0
16123,1,Tall,0
16123,12,덜 달게,0
16124,4,HOT,0
16124,1,Tall,0
16124,11,기본,0
16125,5,ICE,0
16125,1,Tall,0
16126,4,HOT,0
16126,2,Grande,500
16127,5,ICE,0
16127,1,Tall,0
16127,12,덜 달게,0
16128,4,HOT,0
16128,2,Grande,500
16128,11,기본,0
16129,5,ICE,0
16129,1,Tall,0
16129,10,휘핑크림 추가,500
16130,4,HOT,0
16130,2,Grande,500
16131,5,ICE,0
16131,2,Grande,500
16131,6,샷 추가 (+1),500
16132,5,ICE,0
16132,2,Grande,500
16132,11,기본,0
16132,8,헤이즐넛 시럽,300
16133,4,HOT,0
16133,1,Tall,0
16133,13,더 달게,0
16133,6,샷 추가 (+1),500
16133,7,바닐라 시럽,300
16134,4,HOT,0
16134,1,Tall,0
16134,11,기본,0
16134,6,샷 추가 (+1),500
16135,4,HOT,0
16135,3,Venti,1000
16135,11,기본,0
16136,4,HOT,0
16136,3,Venti,1000
16136,13,더 달게,0
16137,4,HOT,0
16137,1,Tall,0
16137,13,더 달게,0
16137,9,카라멜 시럽,300
16138,4,HOT,0
16138,1,Tall,0
16138,13,더 달게,0
16139,4,HOT,0
16139,2,Grande,500
16139,11,기본,0
16140,5,ICE,0
16140,3,Venti,1000
16140,13,더 달게,0
16141,5,ICE,0
16141,3,Venti,1000
16141,12,덜 달게,0
16142,4,HOT,0
16142,2,Grande,500
16142,11,기본,0
16143,4,HOT,0
16143,1,Tall,0
16143,9,카라멜 시럽,300
16144,4,HOT,0
16144,1,Tall,0
16144,13,더 달게,0
16145,4,HOT,0
16145,2,Grande,500
16146,4,HOT,0
16146,2,Grande,500
16146,13,더 달게,0
16147,4,HOT,0
16147,2,Grande,500
16147,11,기본,0
16148,4,HOT,0
16148,2,Grande,500
16148,10,휘핑크림 추가,500
16149,4,HOT,0
16149,2,Grande,500
16149,11,기본,0
16150,4,HOT,0
16150,2,Grande,500
16150,13,더 달게,0
16151,5,ICE,0
16151,1,Tall,0
16151,13,더 달게,0
16151,6,샷 추가 (+1),500
16152,4,HOT,0
16152,2,Grande,500
16152,6,샷 추가 (+1),500
16153,5,ICE,0
16153,1,Tall,0
16154,4,HOT,0
16154,1,Tall,0
16154,13,더 달게,0
16154,6,샷 추가 (+1),500
16155,4,HOT,0
16155,3,Venti,1000
16155,6,샷 추가 (+1),500
16156,5,ICE,0
16156,2,Grande,500
16156,12,덜 달게,0
16156,6,샷 추가 (+1),500
16156,7,바닐라 시럽,300
16157,5,ICE,0
16157,1,Tall,0
16157,12,덜 달게,0
16157,9,카라멜 시럽,300
16158,4,HOT,0
16158,1,Tall,0
16158,11,기본,0
16158,6,샷 추가 (+1),500
16158,9,카라멜 시럽,300
16159,5,ICE,0
16159,1,Tall,0
16159,6,샷 추가 (+1),500
16159,9,카라멜 시럽,300
16160,4,HOT,0
16160,2,Grande,500
16160,12,덜 달게,0
16160,6,샷 추가 (+1),500
16161,4,HOT,0
16161,3,Venti,1000
16161,6,샷 추가 (+1),500
16162,4,HOT,0
16162,2,Grande,500
16162,11,기본,0
16163,5,ICE,0
16163,1,Tall,0
16163,6,샷 추가 (+1),500
16163,7,바닐라 시럽,300
16164,4,HOT,0
16164,2,Grande,500
16164,13,더 달게,0
16165,4,HOT,0
16165,1,Tall,0
16165,7,바닐라 시럽,300
16166,4,HOT,0
16166,1,Tall,0
16167,4,HOT,0
16167,3,Venti,1000
16167,6,샷 추가 (+1),500
16168,4,HOT,0
16168,1,Tall,0
16169,4,HOT,0
16169,3,Venti,1000
16169,11,기본,0
16169,10,휘핑크림 추가,500
16170,4,HOT,0
16170,1,Tall,0
16170,11,기본,0
16170,6,샷 추가 (+1),500
16171,4,HOT,0
16171,1,Tall,0
16171,11,기본,0
16172,4,HOT,0
16172,2,Grande,500
16172,11,기본,0
16172,6,샷 추가 (+1),500
16173,5,ICE,0
16173,1,Tall,0
16173,11,기본,0
16174,5,ICE,0
16174,2,Grande,500
16174,12,덜 달게,0
16175,4,HOT,0
16175,1,Tall,0
16176,4,HOT,0
16176,1,Tall,0
16176,11,기본,0
16176,6,샷 추가 (+1),500
16176,9,카라멜 시럽,300
16177,5,ICE,0
16177,3,Venti,1000
16177,11,기본,0
16177,6,샷 추가 (+1),500
16178,5,ICE,0
16178,2,Grande,500
16179,4,HOT,0
16179,1,Tall,0
16179,12,덜 달게,0
16180,4,HOT,0
16180,3,Venti,1000
16180,7,바닐라 시럽,300
16181,4,HOT,0
16181,2,Grande,500
16181,12,덜 달게,0
16181,6,샷 추가 (+1),500
16181,10,휘핑크림 추가,500
16182,5,ICE,0
16182,2,Grande,500
16182,13,더 달게,0
16183,4,HOT,0
16183,3,Venti,1000
16183,11,기본,0
16184,5,ICE,0
16184,2,Grande,500
16184,13,더 달게,0
16184,6,샷 추가 (+1),500
16184,10,휘핑크림 추가,500
16185,5,ICE,0
16185,2,Grande,500
16185,6,샷 추가 (+1),500
16186,4,HOT,0
16186,3,Venti,1000
16187,4,HOT,0
16187,3,Venti,1000
16187,12,덜 달게,0
16187,9,카라멜 시럽,300
16187,10,휘핑크림 추가,500
16188,5,ICE,0
16188,1,Tall,0
16188,11,기본,0
16189,4,HOT,0
16189,1,Tall,0
16189,6,샷 추가 (+1),500
16190,4,HOT,0
16190,1,Tall,0
16190,11,기본,0
16190,7,바닐라 시럽,300
16191,4,HOT,0
16191,1,Tall,0
16191,11,기본,0
16192,5,ICE,0
16192,1,Tall,0
16192,11,기본,0
16193,4,HOT,0
16193,1,Tall,0
16193,12,덜 달게,0
16194,5,ICE,0
16194,3,Venti,1000
16195,5,ICE,0
16195,1,Tall,0
16195,11,기본,0
16196,4,HOT,0
16196,1,Tall,0
16196,11,기본,0
16196,6,샷 추가 (+1),500
16196,10,휘핑크림 추가,500
16197,4,HOT,0
16197,1,Tall,0
16197,13,더 달게,0
16197,9,카라멜 시럽,300
16198,5,ICE,0
16198,3,Venti,1000
16199,5,ICE,0
16199,2,Grande,500
16200,5,ICE,0
16200,3,Venti,1000
16200,11,기본,0
16200,6,샷 추가 (+1),500
16200,7,바닐라 시럽,300
16201,4,HOT,0
16201,3,Venti,1000
16201,12,덜 달게,0
16201,6,샷 추가 (+1),500
16202,5,ICE,0
16202,3,Venti,1000
16202,11,기본,0
16203,5,ICE,0
16203,1,Tall,0
16203,11,기본,0
16203,10,휘핑크림 추가,500
16204,4,HOT,0
16204,1,Tall,0
16205,4,HOT,0
16205,1,Tall,0
16205,11,기본,0
16205,6,샷 추가 (+1),500
16206,4,HOT,0
16206,2,Grande,500
16206,12,덜 달게,0
16207,5,ICE,0
16207,2,Grande,500
16207,11,기본,0
16207,6,샷 추가 (+1),500
16208,4,HOT,0
16208,2,Grande,500
16208,6,샷 추가 (+1),500
16209,5,ICE,0
16209,1,Tall,0
16209,11,기본,0
16210,5,ICE,0
16210,3,Venti,1000
16210,11,기본,0
16210,6,샷 추가 (+1),500
16211,5,ICE,0
16211,1,Tall,0
16211,11,기본,0
16211,6,샷 추가 (+1),500
16211,8,헤이즐넛 시럽,300
16212,4,HOT,0
16212,2,Grande,500
16212,11,기본,0
16213,4,HOT,0
16213,1,Tall,0
16213,13,더 달게,0
16214,4,HOT,0
16214,2,Grande,500
16214,6,샷 추가 (+1),500
16215,4,HOT,0
16215,1,Tall,0
16215,11,기본,0
16216,4,HOT,0
16216,3,Venti,1000
16216,12,덜 달게,0
16217,4,HOT,0
16217,3,Venti,1000
16217,12,덜 달게,0
16217,6,샷 추가 (+1),500
16218,5,ICE,0
16218,1,Tall,0
16218,11,기본,0
16219,5,ICE,0
16219,1,Tall,0
16219,13,더 달게,0
16220,5,ICE,0
16220,1,Tall,0
16221,4,HOT,0
16221,2,Grande,500
16221,11,기본,0
16222,4,HOT,0
16222,1,Tall,0
16223,4,HOT,0
16223,2,Grande,500
16223,11,기본,0
16223,9,카라멜 시럽,300
16224,4,HOT,0
16224,2,Grande,500
16224,8,헤이즐넛 시럽,300
16225,5,ICE,0
16225,1,Tall,0
16225,11,기본,0
16225,9,카라멜 시럽,300
16226,5,ICE,0
16226,1,Tall,0
16226,11,기본,0
16227,4,HOT,0
16227,3,Venti,1000
16227,6,샷 추가 (+1),500
16228,5,ICE,0
16228,3,Venti,1000
16229,4,HOT,0
16229,2,Grande,500
16230,4,HOT,0
16230,3,Venti,1000
16230,11,기본,0
16231,4,HOT,0
16231,1,Tall,0
16231,11,기본,0
16232,4,HOT,0
16232,1,Tall,0
16233,4,HOT,0
16233,2,Grande,500
16233,11,기본,0
16234,5,ICE,0
16234,2,Grande,500
16234,13,더 달게,0
16234,6,샷 추가 (+1),500
16234,10,휘핑크림 추가,500
16235,5,ICE,0
16235,2,Grande,500
16236,4,HOT,0
16236,3,Venti,1000
16236,11,기본,0
16237,4,HOT,0
16237,1,Tall,0
16237,11,기본,0
16237,7,바닐라 시럽,300
16238,5,ICE,0
16238,2,Grande,500
16238,11,기본,0
16238,6,샷 추가 (+1),500
16238,7,바닐라 시럽,300
16239,4,HOT,0
16239,2,Grande,500
16239,11,기본,0
16240,5,ICE,0
16240,1,Tall,0
16240,11,기본,0
16241,5,ICE,0
16241,2,Grande,500
16241,7,바닐라 시럽,300
16242,5,ICE,0
16242,2,Grande,500
16242,11,기본,0
16243,4,HOT,0
16243,2,Grande,500
16244,5,ICE,0
16244,1,Tall,0
16245,5,ICE,0
16245,2,Grande,500
16245,6,샷 추가 (+1),500
16246,4,HOT,0
16246,2,Grande,500
16246,6,샷 추가 (+1),500
16246,7,바닐라 시럽,300
16247,4,HOT,0
16247,2,Grande,500
16247,12,덜 달게,0
16248,4,HOT,0
16248,3,Venti,1000
16248,10,휘핑크림 추가,500
16249,5,ICE,0
16249,2,Grande,500
16249,6,샷 추가 (+1),500
16249,9,카라멜 시럽,300
16250,4,HOT,0
16250,1,Tall,0
16250,11,기본,0
16251,5,ICE,0
16251,2,Grande,500
16252,4,HOT,0
16252,2,Grande,500
16253,4,HOT,0
16253,2,Grande,500
16254,5,ICE,0
16254,1,Tall,0
16254,13,더 달게,0
16255,4,HOT,0
16255,1,Tall,0
16255,6,샷 추가 (+1),500
16255,8,헤이즐넛 시럽,300
16256,4,HOT,0
16256,1,Tall,0
16257,4,HOT,0
16257,3,Venti,1000
16257,6,샷 추가 (+1),500
16258,4,HOT,0
16258,2,Grande,500
16258,6,샷 추가 (+1),500
16258,9,카라멜 시럽,300
16259,4,HOT,0
16259,1,Tall,0
16259,6,샷 추가 (+1),500
16260,5,ICE,0
16260,2,Grande,500
16261,5,ICE,0
16261,1,Tall,0
16261,8,헤이즐넛 시럽,300
16262,4,HOT,0
16262,3,Venti,1000
16262,11,기본,0
16263,4,HOT,0
16263,1,Tall,0
16263,6,샷 추가 (+1),500
16264,4,HOT,0
16264,2,Grande,500
16264,11,기본,0
16265,5,ICE,0
16265,2,Grande,500
16265,11,기본,0
16266,5,ICE,0
16266,2,Grande,500
16266,6,샷 추가 (+1),500
16267,4,HOT,0
16267,1,Tall,0
16267,13,더 달게,0
16268,4,HOT,0
16268,2,Grande,500
16268,11,기본,0
16268,6,샷 추가 (+1),500
16269,5,ICE,0
16269,2,Grande,500
16269,12,덜 달게,0
16269,6,샷 추가 (+1),500
16270,4,HOT,0
16270,2,Grande,500
16270,6,샷 추가 (+1),500
16271,4,HOT,0
16271,1,Tall,0
16271,12,덜 달게,0
16271,6,샷 추가 (+1),500
16271,8,헤이즐넛 시럽,300
16272,4,HOT,0
16272,1,Tall,0
16272,11,기본,0
16272,6,샷 추가 (+1),500
16273,4,HOT,0
16273,3,Venti,1000
16274,4,HOT,0
16274,1,Tall,0
16274,12,덜 달게,0
16274,7,바닐라 시럽,300
16275,4,HOT,0
16275,3,Venti,1000
16275,11,기본,0
16275,6,샷 추가 (+1),500
16276,4,HOT,0
16276,2,Grande,500
16277,4,HOT,0
16277,1,Tall,0
16277,13,더 달게,0
16278,4,HOT,0
16278,2,Grande,500
16278,12,덜 달게,0
16279,4,HOT,0
16279,2,Grande,500
16279,11,기본,0
16280,5,ICE,0
16280,3,Venti,1000
16280,11,기본,0
16281,5,ICE,0
16281,2,Grande,500
16281,11,기본,0
16281,6,샷 추가 (+1),500
16282,5,ICE,0
16282,1,Tall,0
16282,11,기본,0
16282,7,바닐라 시럽,300
16283,5,ICE,0
16283,1,Tall,0
16283,13,더 달게,0
16283,6,샷 추가 (+1),500
16284,4,HOT,0
16284,3,Venti,1000
16284,10,휘핑크림 추가,500
16285,4,HOT,0
16285,2,Grande,500
16285,9,카라멜 시럽,300
16286,5,ICE,0
16286,2,Grande,500
16286,12,덜 달게,0
16287,4,HOT,0
16287,3,Venti,1000
16288,4,HOT,0
16288,2,Grande,500
16288,13,더 달게,0
16289,4,HOT,0
16289,2,Grande,500
16289,11,기본,0
16290,5,ICE,0
16290,2,Grande,500
16290,12,덜 달게,0
16291,4,HOT,0
16291,2,Grande,500
16291,8,헤이즐넛 시럽,300
16292,5,ICE,0
16292,1,Tall,0
16292,13,더 달게,0
16292,6,샷 추가 (+1),500
16293,4,HOT,0
16293,1,Tall,0
16293,11,기본,0
16293,10,휘핑크림 추가,500
16294,4,HOT,0
16294,2,Grande,500
16294,6,샷 추가 (+1),500
16294,8,헤이즐넛 시럽,300
16295,4,HOT,0
16295,1,Tall,0
16295,6,샷 추가 (+1),500
16296,5,ICE,0
16296,1,Tall,0
16296,6,샷 추가 (+1),500
16296,9,카라멜 시럽,300
16296,10,휘핑크림 추가,500
16297,5,ICE,0
16297,2,Grande,500
16297,9,카라멜 시럽,300
16298,4,HOT,0
16298,1,Tall,0
16298,12,덜 달게,0
16298,6,샷 추가 (+1),500
16299,4,HOT,0
16299,1,Tall,0
16299,6,샷 추가 (+1),500
16300,4,HOT,0
16300,3,Venti,1000
16300,11,기본,0
16301,5,ICE,0
16301,2,Grande,500
16302,4,HOT,0
16302,1,Tall,0
16302,13,더 달게,0
16302,6,샷 추가 (+1),500
16302,7,바닐라 시럽,300
16303,4,HOT,0
16303,3,Venti,1000
16303,11,기본,0
16303,6,샷 추가 (+1),500
16303,8,헤이즐넛 시럽,300
16304,5,ICE,0
16304,1,Tall,0
16304,9,카라멜 시럽,300
16305,4,HOT,0
16305,1,Tall,0
16306,5,ICE,0
16306,1,Tall,0
16306,12,덜 달게,0
16306,6,샷 추가 (+1),500
16307,4,HOT,0
16307,1,Tall,0
16307,12,덜 달게,0
16308,4,HOT,0
16308,2,Grande,500
16308,12,덜 달게,0
16309,5,ICE,0
16309,2,Grande,500
16309,11,기본,0
16310,4,HOT,0
16310,1,Tall,0
16310,11,기본,0
16310,6,샷 추가 (+1),500
16311,5,ICE,0
16311,1,Tall,0
16311,8,헤이즐넛 시럽,300
16312,4,HOT,0
16312,2,Grande,500
16312,13,더 달게,0
16312,6,샷 추가 (+1),500
16313,4,HOT,0
16313,3,Venti,1000
16313,11,기본,0
16313,6,샷 추가 (+1),500
16314,4,HOT,0
16314,3,Venti,1000
16314,11,기본,0
16314,6,샷 추가 (+1),500
16315,4,HOT,0
16315,1,Tall,0
16315,13,더 달게,0
16315,8,헤이즐넛 시럽,300
16316,4,HOT,0
16316,2,Grande,500
16316,11,기본,0
16317,4,HOT,0
16317,1,Tall,0
16317,6,샷 추가 (+1),500
16318,4,HOT,0
16318,3,Venti,1000
16318,11,기본,0
16318,6,샷 추가 (+1),500
16318,8,헤이즐넛 시럽,300
16319,5,ICE,0
16319,3,Venti,1000
16319,13,더 달게,0
16320,5,ICE,0
16320,2,Grande,500
16320,12,덜 달게,0
16321,5,ICE,0
16321,2,Grande,500
16321,7,바닐라 시럽,300
16322,4,HOT,0
16322,3,Venti,1000
16322,11,기본,0
16322,9,카라멜 시럽,300
16322,10,휘핑크림 추가,500
16323,5,ICE,0
16323,1,Tall,0
16323,12,덜 달게,0
16324,4,HOT,0
16324,1,Tall,0
16324,11,기본,0
16324,9,카라멜 시럽,300
16325,5,ICE,0
16325,1,Tall,0
16325,8,헤이즐넛 시럽,300
16326,5,ICE,0
16326,1,Tall,0
16326,10,휘핑크림 추가,500
16327,4,HOT,0
16327,1,Tall,0
16328,5,ICE,0
16328,3,Venti,1000
16328,11,기본,0
16329,5,ICE,0
16329,2,Grande,500
16329,11,기본,0
16329,6,샷 추가 (+1),500
16330,4,HOT,0
16330,2,Grande,500
16330,11,기본,0
16330,8,헤이즐넛 시럽,300
16331,4,HOT,0
16331,1,Tall,0
16331,12,덜 달게,0
16331,6,샷 추가 (+1),500
16331,9,카라멜 시럽,300
16332,4,HOT,0
16332,3,Venti,1000
16332,12,덜 달게,0
16332,6,샷 추가 (+1),500
16332,8,헤이즐넛 시럽,300
16333,4,HOT,0
16333,2,Grande,500
16333,13,더 달게,0
16334,4,HOT,0
16334,1,Tall,0
16334,12,덜 달게,0
16335,5,ICE,0
16335,1,Tall,0
16335,12,덜 달게,0
16336,5,ICE,0
16336,3,Venti,1000
16336,13,더 달게,0
16336,6,샷 추가 (+1),500
16337,4,HOT,0
16337,1,Tall,0
16337,9,카라멜 시럽,300
16338,4,HOT,0
16338,3,Venti,1000
16338,7,바닐라 시럽,300
16339,4,HOT,0
16339,1,Tall,0
16339,11,기본,0
16340,4,HOT,0
16340,1,Tall,0
16341,4,HOT,0
16341,1,Tall,0
16341,10,휘핑크림 추가,500
16342,4,HOT,0
16342,3,Venti,1000
16342,12,덜 달게,0
16342,10,휘핑크림 추가,500
16343,5,ICE,0
16343,2,Grande,500
16343,11,기본,0
16343,7,바닐라 시럽,300
16344,4,HOT,0
16344,2,Grande,500
16344,13,더 달게,0
16345,4,HOT,0
16345,1,Tall,0
16345,12,덜 달게,0
16346,5,ICE,0
16346,1,Tall,0
16346,13,더 달게,0
16347,4,HOT,0
16347,2,Grande,500
16347,11,기본,0
16347,6,샷 추가 (+1),500
16347,8,헤이즐넛 시럽,300
16348,4,HOT,0
16348,1,Tall,0
16348,12,덜 달게,0
16349,4,HOT,0
16349,2,Grande,500
16349,11,기본,0
16350,4,HOT,0
16350,2,Grande,500
16350,11,기본,0
16350,9,카라멜 시럽,300
16351,4,HOT,0
16351,2,Grande,500
16351,13,더 달게,0
16351,6,샷 추가 (+1),500
16352,4,HOT,0
16352,1,Tall,0
16352,12,덜 달게,0
16353,5,ICE,0
16353,2,Grande,500
16353,6,샷 추가 (+1),500
16354,5,ICE,0
16354,2,Grande,500
16354,13,더 달게,0
16354,6,샷 추가 (+1),500
16355,4,HOT,0
16355,2,Grande,500
16355,11,기본,0
16356,4,HOT,0
16356,2,Grande,500
16357,5,ICE,0
16357,1,Tall,0
16357,13,더 달게,0
16358,5,ICE,0
16358,3,Venti,1000
16358,6,샷 추가 (+1),500
16359,5,ICE,0
16359,2,Grande,500
16359,11,기본,0
16359,7,바닐라 시럽,300
16360,4,HOT,0
16360,2,Grande,500
16360,11,기본,0
16360,9,카라멜 시럽,300
16361,4,HOT,0
16361,3,Venti,1000
16361,12,덜 달게,0
16361,6,샷 추가 (+1),500
16361,8,헤이즐넛 시럽,300
16362,4,HOT,0
16362,2,Grande,500
16362,11,기본,0
16362,6,샷 추가 (+1),500
16362,10,휘핑크림 추가,500
16363,4,HOT,0
16363,2,Grande,500
16363,12,덜 달게,0
16364,4,HOT,0
16364,1,Tall,0
16364,12,덜 달게,0
16365,4,HOT,0
16365,3,Venti,1000
16365,11,기본,0
16365,6,샷 추가 (+1),500
16366,5,ICE,0
16366,2,Grande,500
16366,12,덜 달게,0
16367,4,HOT,0
16367,2,Grande,500
16367,11,기본,0
16368,5,ICE,0
16368,2,Grande,500
16368,11,기본,0
16369,5,ICE,0
16369,1,Tall,0
16369,11,기본,0
16369,9,카라멜 시럽,300
16370,4,HOT,0
16370,1,Tall,0
16370,13,더 달게,0
16371,4,HOT,0
16371,2,Grande,500
16371,13,더 달게,0
16371,6,샷 추가 (+1),500
16372,4,HOT,0
16372,3,Venti,1000
16372,10,휘핑크림 추가,500
16373,5,ICE,0
16373,1,Tall,0
16373,11,기본,0
16374,4,HOT,0
16374,1,Tall,0
16374,11,기본,0
16375,4,HOT,0
16375,2,Grande,500
16375,11,기본,0
16375,6,샷 추가 (+1),500
16375,9,카라멜 시럽,300
16376,4,HOT,0
16376,2,Grande,500
16376,6,샷 추가 (+1),500
16377,4,HOT,0
16377,2,Grande,500
16377,13,더 달게,0
16378,4,HOT,0
16378,1,Tall,0
16378,12,덜 달게,0
16379,4,HOT,0
16379,2,Grande,500
16379,12,덜 달게,0
16380,4,HOT,0
16380,2,Grande,500
16381,5,ICE,0
16381,1,Tall,0
16381,12,덜 달게,0
16382,5,ICE,0
16382,3,Venti,1000
16383,4,HOT,0
16383,2,Grande,500
16383,11,기본,0
16383,6,샷 추가 (+1),500
16384,4,HOT,0
16384,1,Tall,0
16384,11,기본,0
16385,5,ICE,0
16385,2,Grande,500
16385,12,덜 달게,0
16385,10,휘핑크림 추가,500
16386,4,HOT,0
16386,2,Grande,500
16386,7,바닐라 시럽,300
16387,4,HOT,0
16387,2,Grande,500
16387,6,샷 추가 (+1),500
16387,10,휘핑크림 추가,500
16388,5,ICE,0
16388,3,Venti,1000
16388,9,카라멜 시럽,300
16389,5,ICE,0
16389,2,Grande,500
16389,12,덜 달게,0
16390,4,HOT,0
16390,1,Tall,0
16390,11,기본,0
16390,6,샷 추가 (+1),500
16391,4,HOT,0
16391,2,Grande,500
16391,13,더 달게,0
16392,5,ICE,0
16392,1,Tall,0
16392,11,기본,0
16392,10,휘핑크림 추가,500
16393,4,HOT,0
16393,3,Venti,1000
16393,12,덜 달게,0
16394,4,HOT,0
16394,2,Grande,500
16394,12,덜 달게,0
16394,9,카라멜 시럽,300
16395,4,HOT,0
16395,2,Grande,500
16395,11,기본,0
16396,4,HOT,0
16396,2,Grande,500
16396,12,덜 달게,0
16396,7,바닐라 시럽,300
16397,5,ICE,0
16397,1,Tall,0
16397,11,기본,0
16397,9,카라멜 시럽,300
16398,5,ICE,0
16398,1,Tall,0
16398,6,샷 추가 (+1),500
16399,4,HOT,0
16399,1,Tall,0
16399,8,헤이즐넛 시럽,300
16399,10,휘핑크림 추가,500
16400,4,HOT,0
16400,3,Venti,1000
16400,12,덜 달게,0
16401,4,HOT,0
16401,1,Tall,0
16401,11,기본,0
16402,5,ICE,0
16402,3,Venti,1000
16402,11,기본,0
16402,6,샷 추가 (+1),500
16402,9,카라멜 시럽,300
16403,5,ICE,0
16403,3,Venti,1000
16403,6,샷 추가 (+1),500
16404,4,HOT,0
16404,3,Venti,1000
16405,4,HOT,0
16405,1,Tall,0
16405,13,더 달게,0
16405,6,샷 추가 (+1),500
16406,5,ICE,0
16406,3,Venti,1000
16406,6,샷 추가 (+1),500
16407,4,HOT,0
16407,2,Grande,500
16407,13,더 달게,0
16407,6,샷 추가 (+1),500
16408,5,ICE,0
16408,1,Tall,0
16408,12,덜 달게,0
16408,6,샷 추가 (+1),500
16409,4,HOT,0
16409,2,Grande,500
16409,12,덜 달게,0
16409,6,샷 추가 (+1),500
16410,4,HOT,0
16410,2,Grande,500
16410,13,더 달게,0
16411,4,HOT,0
16411,2,Grande,500
16411,11,기본,0
16411,8,헤이즐넛 시럽,300
16412,4,HOT,0
16412,3,Venti,1000
16412,11,기본,0
16413,4,HOT,0
16413,1,Tall,0
16413,13,더 달게,0
16414,4,HOT,0
16414,1,Tall,0
16414,10,휘핑크림 추가,500
16415,5,ICE,0
16415,3,Venti,1000
16415,11,기본,0
16416,4,HOT,0
16416,2,Grande,500
16416,11,기본,0
16417,5,ICE,0
16417,2,Grande,500
16417,11,기본,0
16417,6,샷 추가 (+1),500
16418,4,HOT,0
16418,1,Tall,0
16418,12,덜 달게,0
16419,5,ICE,0
16419,3,Venti,1000
16419,13,더 달게,0
16419,6,샷 추가 (+1),500
16420,5,ICE,0
16420,2,Grande,500
16420,6,샷 추가 (+1),500
16421,5,ICE,0
16421,1,Tall,0
16422,4,HOT,0
16422,1,Tall,0
16423,4,HOT,0
16423,1,Tall,0
16424,4,HOT,0
16424,2,Grande,500
16424,11,기본,0
16425,4,HOT,0
16425,3,Venti,1000
16425,12,덜 달게,0
16426,4,HOT,0
16426,1,Tall,0
16427,4,HOT,0
16427,1,Tall,0
16427,11,기본,0
16428,4,HOT,0
16428,3,Venti,1000
16428,9,카라멜 시럽,300
16429,4,HOT,0
16429,3,Venti,1000
16429,11,기본,0
16429,6,샷 추가 (+1),500
16429,9,카라멜 시럽,300
16430,4,HOT,0
16430,2,Grande,500
16430,12,덜 달게,0
16430,6,샷 추가 (+1),500
16431,4,HOT,0
16431,1,Tall,0
16431,8,헤이즐넛 시럽,300
16432,4,HOT,0
16432,2,Grande,500
16433,5,ICE,0
16433,1,Tall,0
16433,7,바닐라 시럽,300
16434,4,HOT,0
16434,1,Tall,0
16435,5,ICE,0
16435,2,Grande,500
16436,4,HOT,0
16436,2,Grande,500
16436,9,카라멜 시럽,300
16437,4,HOT,0
16437,2,Grande,500
16437,12,덜 달게,0
16437,6,샷 추가 (+1),500
16437,7,바닐라 시럽,300
16438,4,HOT,0
16438,2,Grande,500
16438,6,샷 추가 (+1),500
16439,5,ICE,0
16439,1,Tall,0
16439,8,헤이즐넛 시럽,300
16440,4,HOT,0
16440,2,Grande,500
16440,13,더 달게,0
16441,4,HOT,0
16441,3,Venti,1000
16442,4,HOT,0
16442,1,Tall,0
16443,4,HOT,0
16443,1,Tall,0
16443,11,기본,0
16443,6,샷 추가 (+1),500
16443,8,헤이즐넛 시럽,300
16444,5,ICE,0
16444,2,Grande,500
16444,12,덜 달게,0
16445,4,HOT,0
16445,1,Tall,0
16445,13,더 달게,0
16446,5,ICE,0
16446,2,Grande,500
16447,4,HOT,0
16447,1,Tall,0
16448,4,HOT,0
16448,3,Venti,1000
16448,10,휘핑크림 추가,500
16449,4,HOT,0
16449,1,Tall,0
16450,4,HOT,0
16450,2,Grande,500
16450,8,헤이즐넛 시럽,300
16451,4,HOT,0
16451,3,Venti,1000
16451,11,기본,0
16452,4,HOT,0
16452,3,Venti,1000
16453,5,ICE,0
16453,3,Venti,1000
16453,6,샷 추가 (+1),500
16454,4,HOT,0
16454,3,Venti,1000
16454,13,더 달게,0
16454,6,샷 추가 (+1),500
16454,9,카라멜 시럽,300
16455,4,HOT,0
16455,2,Grande,500
16455,13,더 달게,0
16455,6,샷 추가 (+1),500
16456,4,HOT,0
16456,2,Grande,500
16456,12,덜 달게,0
16456,6,샷 추가 (+1),500
16457,5,ICE,0
16457,1,Tall,0
16457,6,샷 추가 (+1),500
16458,4,HOT,0
16458,2,Grande,500
16458,11,기본,0
16459,4,HOT,0
16459,3,Venti,1000
16459,11,기본,0
16460,4,HOT,0
16460,2,Grande,500
16460,6,샷 추가 (+1),500
16460,8,헤이즐넛 시럽,300
16461,4,HOT,0
16461,1,Tall,0
16461,13,더 달게,0
16461,10,휘핑크림 추가,500
16462,5,ICE,0
16462,3,Venti,1000
16462,7,바닐라 시럽,300
16463,5,ICE,0
16463,2,Grande,500
16463,13,더 달게,0
16463,9,카라멜 시럽,300
16464,5,ICE,0
16464,2,Grande,500
16464,11,기본,0
16465,4,HOT,0
16465,1,Tall,0
16466,5,ICE,0
16466,3,Venti,1000
16466,9,카라멜 시럽,300
16467,5,ICE,0
16467,1,Tall,0
16467,12,덜 달게,0
16467,6,샷 추가 (+1),500
16468,4,HOT,0
16468,2,Grande,500
16468,13,더 달게,0
16469,4,HOT,0
16469,3,Venti,1000
16469,11,기본,0
16470,5,ICE,0
16470,3,Venti,1000
16470,13,더 달게,0
16471,4,HOT,0
16471,2,Grande,500
16471,11,기본,0
16471,7,바닐라 시럽,300
16472,4,HOT,0
16472,1,Tall,0
16472,11,기본,0
16472,6,샷 추가 (+1),500
16473,4,HOT,0
16473,2,Grande,500
16473,12,덜 달게,0
16474,4,HOT,0
16474,2,Grande,500
16474,11,기본,0
16475,4,HOT,0
16475,1,Tall,0
16476,5,ICE,0
16476,1,Tall,0
16476,11,기본,0
16477,5,ICE,0
16477,2,Grande,500
16477,12,덜 달게,0
16477,9,카라멜 시럽,300
16478,5,ICE,0
16478,2,Grande,500
16478,11,기본,0
16479,4,HOT,0
16479,1,Tall,0
16479,11,기본,0
16479,6,샷 추가 (+1),500
16480,5,ICE,0
16480,3,Venti,1000
16480,6,샷 추가 (+1),500
16480,8,헤이즐넛 시럽,300
16481,4,HOT,0
16481,2,Grande,500
16481,13,더 달게,0
16482,5,ICE,0
16482,2,Grande,500
16483,5,ICE,0
16483,3,Venti,1000
16484,4,HOT,0
16484,1,Tall,0
16485,4,HOT,0
16485,2,Grande,500
16485,12,덜 달게,0
16486,5,ICE,0
16486,3,Venti,1000
16486,11,기본,0
16486,10,휘핑크림 추가,500
16487,5,ICE,0
16487,3,Venti,1000
16488,4,HOT,0
16488,2,Grande,500
16488,13,더 달게,0
16489,5,ICE,0
16489,1,Tall,0
16489,13,더 달게,0
16490,4,HOT,0
16490,1,Tall,0
16490,9,카라멜 시럽,300
16491,4,HOT,0
16491,3,Venti,1000
16491,11,기본,0
16491,6,샷 추가 (+1),500
16491,9,카라멜 시럽,300
16492,4,HOT,0
16492,3,Venti,1000
16493,4,HOT,0
16493,1,Tall,0
16493,12,덜 달게,0
16493,6,샷 추가 (+1),500
16494,4,HOT,0
16494,1,Tall,0
16494,12,덜 달게,0
16494,10,휘핑크림 추가,500
16495,5,ICE,0
16495,1,Tall,0
16496,5,ICE,0
16496,1,Tall,0
16496,12,덜 달게,0
16497,5,ICE,0
16497,2,Grande,500
16497,6,샷 추가 (+1),500
16498,5,ICE,0
16498,2,Grande,500
16498,11,기본,0
16499,4,HOT,0
16499,3,Venti,1000
16499,6,샷 추가 (+1),500
16500,5,ICE,0
16500,2,Grande,500
16500,11,기본,0
16501,5,ICE,0
16501,2,Grande,500
16501,11,기본,0
16502,4,HOT,0
16502,1,Tall,0
16503,5,ICE,0
16503,3,Venti,1000
16503,11,기본,0
16503,6,샷 추가 (+1),500
16504,4,HOT,0
16504,2,Grande,500
16505,4,HOT,0
16505,2,Grande,500
16505,13,더 달게,0
16505,6,샷 추가 (+1),500
16506,4,HOT,0
16506,3,Venti,1000
16506,6,샷 추가 (+1),500
16507,4,HOT,0
16507,3,Venti,1000
16508,4,HOT,0
16508,2,Grande,500
16508,6,샷 추가 (+1),500
16508,8,헤이즐넛 시럽,300
16509,5,ICE,0
16509,2,Grande,500
16509,11,기본,0
16509,6,샷 추가 (+1),500
16510,5,ICE,0
16510,3,Venti,1000
16510,12,덜 달게,0
16511,5,ICE,0
16511,2,Grande,500
16511,6,샷 추가 (+1),500
16511,9,카라멜 시럽,300
16511,10,휘핑크림 추가,500
16512,4,HOT,0
16512,3,Venti,1000
16512,13,더 달게,0
16512,6,샷 추가 (+1),500
16512,8,헤이즐넛 시럽,300
16513,4,HOT,0
16513,3,Venti,1000
16513,12,덜 달게,0
16514,5,ICE,0
16514,3,Venti,1000
16514,12,덜 달게,0
16514,6,샷 추가 (+1),500
16515,4,HOT,0
16515,1,Tall,0
16515,6,샷 추가 (+1),500
16516,4,HOT,0
16516,2,Grande,500
16516,6,샷 추가 (+1),500
16517,5,ICE,0
16517,2,Grande,500
16517,11,기본,0
16517,6,샷 추가 (+1),500
16518,4,HOT,0
16518,1,Tall,0
16518,11,기본,0
16519,4,HOT,0
16519,3,Venti,1000
16519,13,더 달게,0
16520,4,HOT,0
16520,2,Grande,500
16520,10,휘핑크림 추가,500
16521,4,HOT,0
16521,3,Venti,1000
16521,12,덜 달게,0
16521,6,샷 추가 (+1),500
16522,5,ICE,0
16522,1,Tall,0
16522,12,덜 달게,0
16522,10,휘핑크림 추가,500
16523,4,HOT,0
16523,2,Grande,500
16523,13,더 달게,0
16523,6,샷 추가 (+1),500
16524,4,HOT,0
16524,2,Grande,500
16524,12,덜 달게,0
16525,5,ICE,0
16525,1,Tall,0
16525,8,헤이즐넛 시럽,300
16526,5,ICE,0
16526,2,Grande,500
16527,5,ICE,0
16527,2,Grande,500
16527,13,더 달게,0
16527,6,샷 추가 (+1),500
16528,4,HOT,0
16528,2,Grande,500
16528,11,기본,0
16529,4,HOT,0
16529,1,Tall,0
16529,8,헤이즐넛 시럽,300
16530,4,HOT,0
16530,1,Tall,0
16530,9,카라멜 시럽,300
16531,4,HOT,0
16531,2,Grande,500
16531,12,덜 달게,0
16532,4,HOT,0
16532,3,Venti,1000
16533,4,HOT,0
16533,2,Grande,500
16533,12,덜 달게,0
16533,6,샷 추가 (+1),500
16534,4,HOT,0
16534,1,Tall,0
16534,12,덜 달게,0
16535,4,HOT,0
16535,2,Grande,500
16535,6,샷 추가 (+1),500
16535,10,휘핑크림 추가,500
16536,5,ICE,0
16536,2,Grande,500
16536,13,더 달게,0
16537,4,HOT,0
16537,2,Grande,500
16538,4,HOT,0
16538,1,Tall,0
16539,5,ICE,0
16539,1,Tall,0
16539,11,기본,0
16540,4,HOT,0
16540,2,Grande,500
16540,13,더 달게,0
16540,7,바닐라 시럽,300
16541,4,HOT,0
16541,2,Grande,500
16541,13,더 달게,0
16542,4,HOT,0
16542,3,Venti,1000
16542,6,샷 추가 (+1),500
16542,9,카라멜 시럽,300
16543,4,HOT,0
16543,2,Grande,500
16543,12,덜 달게,0
16543,6,샷 추가 (+1),500
16543,10,휘핑크림 추가,500
16544,4,HOT,0
16544,2,Grande,500
16545,4,HOT,0
16545,2,Grande,500
16545,11,기본,0
16546,5,ICE,0
16546,3,Venti,1000
16547,5,ICE,0
16547,1,Tall,0
16547,6,샷 추가 (+1),500
16548,4,HOT,0
16548,1,Tall,0
16548,11,기본,0
16548,6,샷 추가 (+1),500
16549,5,ICE,0
16549,2,Grande,500
16549,11,기본,0
16549,6,샷 추가 (+1),500
16550,4,HOT,0
16550,1,Tall,0
16550,11,기본,0
16550,6,샷 추가 (+1),500
16551,5,ICE,0
16551,3,Venti,1000
16551,11,기본,0
16551,7,바닐라 시럽,300
16552,4,HOT,0
16552,2,Grande,500
16552,13,더 달게,0
16552,6,샷 추가 (+1),500
16553,4,HOT,0
16553,2,Grande,500
16553,6,샷 추가 (+1),500
16554,4,HOT,0
16554,2,Grande,500
16554,11,기본,0
16555,4,HOT,0
16555,2,Grande,500
16555,11,기본,0
16555,10,휘핑크림 추가,500
16556,4,HOT,0
16556,2,Grande,500
16556,11,기본,0
16557,4,HOT,0
16557,1,Tall,0
16557,12,덜 달게,0
16557,7,바닐라 시럽,300
16557,10,휘핑크림 추가,500
16558,4,HOT,0
16558,2,Grande,500
16558,11,기본,0
16558,8,헤이즐넛 시럽,300
16559,4,HOT,0
16559,3,Venti,1000
16560,5,ICE,0
16560,1,Tall,0
16560,11,기본,0
16561,4,HOT,0
16561,1,Tall,0
16561,6,샷 추가 (+1),500
16562,5,ICE,0
16562,2,Grande,500
16562,6,샷 추가 (+1),500
16563,4,HOT,0
16563,1,Tall,0
16563,11,기본,0
16563,7,바닐라 시럽,300
16564,5,ICE,0
16564,3,Venti,1000
16564,11,기본,0
16564,6,샷 추가 (+1),500
16565,5,ICE,0
16565,2,Grande,500
16565,11,기본,0
16565,6,샷 추가 (+1),500
16566,4,HOT,0
16566,2,Grande,500
16566,13,더 달게,0
16567,4,HOT,0
16567,2,Grande,500
16567,13,더 달게,0
16567,10,휘핑크림 추가,500
16568,4,HOT,0
16568,1,Tall,0
16568,11,기본,0
16568,6,샷 추가 (+1),500
16568,10,휘핑크림 추가,500
16569,4,HOT,0
16569,2,Grande,500
16569,6,샷 추가 (+1),500
16570,4,HOT,0
16570,2,Grande,500
16570,11,기본,0
16570,7,바닐라 시럽,300
16571,4,HOT,0
16571,1,Tall,0
16571,11,기본,0
16571,6,샷 추가 (+1),500
16571,10,휘핑크림 추가,500
16572,5,ICE,0
16572,3,Venti,1000
16572,13,더 달게,0
16573,4,HOT,0
16573,1,Tall,0
16574,4,HOT,0
16574,2,Grande,500
16574,11,기본,0
16575,4,HOT,0
16575,3,Venti,1000
16575,6,샷 추가 (+1),500
16576,5,ICE,0
16576,3,Venti,1000
16576,12,덜 달게,0
16576,8,헤이즐넛 시럽,300
16577,5,ICE,0
16577,1,Tall,0
16577,12,덜 달게,0
16578,4,HOT,0
16578,2,Grande,500
16578,6,샷 추가 (+1),500
16579,4,HOT,0
16579,1,Tall,0
16579,11,기본,0
16579,6,샷 추가 (+1),500
16580,4,HOT,0
16580,1,Tall,0
16580,11,기본,0
16581,4,HOT,0
16581,1,Tall,0
16581,11,기본,0
16581,9,카라멜 시럽,300
16582,5,ICE,0
16582,1,Tall,0
16582,11,기본,0
16583,5,ICE,0
16583,1,Tall,0
16584,5,ICE,0
16584,2,Grande,500
16584,11,기본,0
16585,5,ICE,0
16585,3,Venti,1000
16586,5,ICE,0
16586,3,Venti,1000
16587,5,ICE,0
16587,2,Grande,500
16587,13,더 달게,0
16587,6,샷 추가 (+1),500
16587,8,헤이즐넛 시럽,300
16588,4,HOT,0
16588,2,Grande,500
16588,7,바닐라 시럽,300
16589,5,ICE,0
16589,1,Tall,0
16589,11,기본,0
16589,6,샷 추가 (+1),500
16590,4,HOT,0
16590,1,Tall,0
16590,11,기본,0
16590,10,휘핑크림 추가,500
16591,5,ICE,0
16591,2,Grande,500
16591,11,기본,0
16591,9,카라멜 시럽,300
16591,10,휘핑크림 추가,500
16592,5,ICE,0
16592,3,Venti,1000
16592,11,기본,0
16592,6,샷 추가 (+1),500
16592,8,헤이즐넛 시럽,300
16593,5,ICE,0
16593,2,Grande,500
16593,13,더 달게,0
16594,4,HOT,0
16594,1,Tall,0
16594,12,덜 달게,0
16594,6,샷 추가 (+1),500
16594,10,휘핑크림 추가,500
16595,5,ICE,0
16595,3,Venti,1000
16595,11,기본,0
16596,5,ICE,0
16596,2,Grande,500
16596,12,덜 달게,0
16597,5,ICE,0
16597,3,Venti,1000
16597,12,덜 달게,0
16598,5,ICE,0
16598,2,Grande,500
16598,7,바닐라 시럽,300
16599,5,ICE,0
16599,2,Grande,500
16599,11,기본,0
16599,6,샷 추가 (+1),500
16599,10,휘핑크림 추가,500
16600,4,HOT,0
16600,2,Grande,500
16601,5,ICE,0
16601,1,Tall,0
16601,12,덜 달게,0
16602,4,HOT,0
16602,3,Venti,1000
16603,5,ICE,0
16603,1,Tall,0
16604,4,HOT,0
16604,2,Grande,500
16605,5,ICE,0
16605,2,Grande,500
16605,6,샷 추가 (+1),500
16605,10,휘핑크림 추가,500
16606,4,HOT,0
16606,3,Venti,1000
16606,6,샷 추가 (+1),500
16607,4,HOT,0
16607,2,Grande,500
16607,13,더 달게,0
16607,6,샷 추가 (+1),500
16607,9,카라멜 시럽,300
16608,4,HOT,0
16608,1,Tall,0
16608,13,더 달게,0
16609,4,HOT,0
16609,3,Venti,1000
16609,6,샷 추가 (+1),500
16610,5,ICE,0
16610,1,Tall,0
16610,6,샷 추가 (+1),500
16611,5,ICE,0
16611,1,Tall,0
16611,12,덜 달게,0
16612,5,ICE,0
16612,1,Tall,0
16612,12,덜 달게,0
16612,6,샷 추가 (+1),500
16613,4,HOT,0
16613,2,Grande,500
16614,5,ICE,0
16614,1,Tall,0
16614,11,기본,0
16615,4,HOT,0
16615,2,Grande,500
16615,11,기본,0
16616,5,ICE,0
16616,3,Venti,1000
16616,11,기본,0
16616,10,휘핑크림 추가,500
16617,5,ICE,0
16617,2,Grande,500
16618,4,HOT,0
16618,1,Tall,0
16618,11,기본,0
16619,4,HOT,0
16619,2,Grande,500
16620,4,HOT,0
16620,3,Venti,1000
16620,6,샷 추가 (+1),500
16621,4,HOT,0
16621,2,Grande,500
16621,6,샷 추가 (+1),500
16621,10,휘핑크림 추가,500
16622,5,ICE,0
16622,1,Tall,0
16622,11,기본,0
16623,5,ICE,0
16623,1,Tall,0
16623,11,기본,0
16624,5,ICE,0
16624,2,Grande,500
16624,11,기본,0
16625,4,HOT,0
16625,1,Tall,0
16625,12,덜 달게,0
16626,4,HOT,0
16626,1,Tall,0
16626,11,기본,0
16627,5,ICE,0
16627,1,Tall,0
16627,10,휘핑크림 추가,500
16628,4,HOT,0
16628,2,Grande,500
16628,12,덜 달게,0
16628,10,휘핑크림 추가,500
16629,4,HOT,0
16629,3,Venti,1000
16629,11,기본,0
16630,4,HOT,0
16630,2,Grande,500
16631,5,ICE,0
16631,2,Grande,500
16631,12,덜 달게,0
16632,4,HOT,0
16632,2,Grande,500
16633,5,ICE,0
16633,3,Venti,1000
16634,4,HOT,0
16634,1,Tall,0
16634,12,덜 달게,0
16635,4,HOT,0
16635,2,Grande,500
16635,6,샷 추가 (+1),500
16636,4,HOT,0
16636,2,Grande,500
16636,6,샷 추가 (+1),500
16637,4,HOT,0
16637,3,Venti,1000
16637,11,기본,0
16638,5,ICE,0
16638,1,Tall,0
16639,5,ICE,0
16639,1,Tall,0
16639,11,기본,0
16640,4,HOT,0
16640,1,Tall,0
16640,12,덜 달게,0
16641,5,ICE,0
16641,2,Grande,500
16641,6,샷 추가 (+1),500
16642,4,HOT,0
16642,1,Tall,0
16642,12,덜 달게,0
16643,4,HOT,0
16643,2,Grande,500
16644,4,HOT,0
16644,3,Venti,1000
16644,13,더 달게,0
16645,4,HOT,0
16645,2,Grande,500
16645,11,기본,0
16646,5,ICE,0
16646,1,Tall,0
16647,4,HOT,0
16647,1,Tall,0
16647,12,덜 달게,0
16648,5,ICE,0
16648,3,Venti,1000
16648,13,더 달게,0
16648,10,휘핑크림 추가,500
16649,5,ICE,0
16649,1,Tall,0
16649,10,휘핑크림 추가,500
16650,5,ICE,0
16650,3,Venti,1000
16650,11,기본,0
16650,6,샷 추가 (+1),500
16651,5,ICE,0
16651,1,Tall,0
16652,4,HOT,0
16652,2,Grande,500
16652,11,기본,0
16652,10,휘핑크림 추가,500
16653,4,HOT,0
16653,1,Tall,0
16653,12,덜 달게,0
16653,6,샷 추가 (+1),500
16653,10,휘핑크림 추가,500
16654,5,ICE,0
16654,1,Tall,0
16654,11,기본,0
16655,4,HOT,0
16655,2,Grande,500
16655,13,더 달게,0
16655,7,바닐라 시럽,300
16656,5,ICE,0
16656,1,Tall,0
16656,11,기본,0
16657,4,HOT,0
16657,2,Grande,500
16657,11,기본,0
16658,4,HOT,0
16658,2,Grande,500
16658,12,덜 달게,0
16659,4,HOT,0
16659,2,Grande,500
16659,12,덜 달게,0
16659,6,샷 추가 (+1),500
16659,9,카라멜 시럽,300
16660,4,HOT,0
16660,3,Venti,1000
16660,12,덜 달게,0
16661,5,ICE,0
16661,1,Tall,0
16661,11,기본,0
16662,4,HOT,0
16662,1,Tall,0
16662,11,기본,0
16663,5,ICE,0
16663,1,Tall,0
16663,12,덜 달게,0
16663,6,샷 추가 (+1),500
16664,5,ICE,0
16664,2,Grande,500
16664,12,덜 달게,0
16665,4,HOT,0
16665,1,Tall,0
16665,11,기본,0
16665,6,샷 추가 (+1),500
16665,9,카라멜 시럽,300
16666,5,ICE,0
16666,2,Grande,500
16666,13,더 달게,0
16667,4,HOT,0
16667,1,Tall,0
16668,4,HOT,0
16668,1,Tall,0
16668,11,기본,0
16669,5,ICE,0
16669,1,Tall,0
16669,11,기본,0
16669,6,샷 추가 (+1),500
16670,5,ICE,0
16670,1,Tall,0
16671,4,HOT,0
16671,2,Grande,500
16671,11,기본,0
16672,5,ICE,0
16672,1,Tall,0
16672,6,샷 추가 (+1),500
16672,9,카라멜 시럽,300
16673,4,HOT,0
16673,1,Tall,0
16673,11,기본,0
16674,5,ICE,0
16674,2,Grande,500
16675,4,HOT,0
16675,3,Venti,1000
16675,11,기본,0
16675,6,샷 추가 (+1),500
16676,4,HOT,0
16676,3,Venti,1000
16676,11,기본,0
16677,4,HOT,0
16677,2,Grande,500
16677,6,샷 추가 (+1),500
16678,4,HOT,0
16678,2,Grande,500
16678,13,더 달게,0
16678,9,카라멜 시럽,300
16679,4,HOT,0
16679,2,Grande,500
16679,6,샷 추가 (+1),500
16680,4,HOT,0
16680,2,Grande,500
16680,6,샷 추가 (+1),500
16681,5,ICE,0
16681,1,Tall,0
16681,12,덜 달게,0
16681,6,샷 추가 (+1),500
16681,7,바닐라 시럽,300
16682,5,ICE,0
16682,1,Tall,0
16682,7,바닐라 시럽,300
16683,4,HOT,0
16683,1,Tall,0
16683,12,덜 달게,0
16684,4,HOT,0
16684,2,Grande,500
16684,11,기본,0
16684,8,헤이즐넛 시럽,300
16685,5,ICE,0
16685,1,Tall,0
16685,11,기본,0
16686,5,ICE,0
16686,3,Venti,1000
16686,10,휘핑크림 추가,500
16687,4,HOT,0
16687,1,Tall,0
16687,6,샷 추가 (+1),500
16688,4,HOT,0
16688,2,Grande,500
16689,4,HOT,0
16689,1,Tall,0
16690,5,ICE,0
16690,2,Grande,500
16690,11,기본,0
16691,4,HOT,0
16691,2,Grande,500
16691,11,기본,0
16691,9,카라멜 시럽,300
16692,4,HOT,0
16692,3,Venti,1000
16692,6,샷 추가 (+1),500
16692,10,휘핑크림 추가,500
16693,4,HOT,0
16693,1,Tall,0
16693,11,기본,0
16693,8,헤이즐넛 시럽,300
16694,4,HOT,0
16694,1,Tall,0
16694,6,샷 추가 (+1),500
16695,4,HOT,0
16695,3,Venti,1000
16695,13,더 달게,0
16696,4,HOT,0
16696,1,Tall,0
16696,11,기본,0
16697,4,HOT,0
16697,2,Grande,500
16697,12,덜 달게,0
16698,4,HOT,0
16698,1,Tall,0
16698,13,더 달게,0
16699,4,HOT,0
16699,1,Tall,0
16699,11,기본,0
16699,6,샷 추가 (+1),500
16700,5,ICE,0
16700,2,Grande,500
16700,11,기본,0
16700,6,샷 추가 (+1),500
16701,4,HOT,0
16701,1,Tall,0
16701,12,덜 달게,0
16702,4,HOT,0
16702,1,Tall,0
16702,12,덜 달게,0
16702,6,샷 추가 (+1),500
16702,7,바닐라 시럽,300
16703,4,HOT,0
16703,2,Grande,500
16703,13,더 달게,0
16704,5,ICE,0
16704,1,Tall,0
16705,4,HOT,0
16705,2,Grande,500
16705,11,기본,0
16706,4,HOT,0
16706,2,Grande,500
16706,7,바닐라 시럽,300
16707,4,HOT,0
16707,2,Grande,500
16707,12,덜 달게,0
16708,5,ICE,0
16708,2,Grande,500
16708,11,기본,0
16708,6,샷 추가 (+1),500
16708,9,카라멜 시럽,300
16709,4,HOT,0
16709,1,Tall,0
16709,12,덜 달게,0
16710,4,HOT,0
16710,1,Tall,0
16710,11,기본,0
16711,4,HOT,0
16711,2,Grande,500
16711,11,기본,0
16712,4,HOT,0
16712,1,Tall,0
16712,6,샷 추가 (+1),500
16712,7,바닐라 시럽,300
16713,4,HOT,0
16713,2,Grande,500
16714,4,HOT,0
16714,1,Tall,0
16714,11,기본,0
16715,5,ICE,0
16715,1,Tall,0
16715,13,더 달게,0
16716,4,HOT,0
16716,1,Tall,0
16716,12,덜 달게,0
16716,7,바닐라 시럽,300
16716,10,휘핑크림 추가,500
16717,4,HOT,0
16717,1,Tall,0
16718,5,ICE,0
16718,2,Grande,500
16719,5,ICE,0
16719,1,Tall,0
16719,7,바닐라 시럽,300
16720,5,ICE,0
16720,2,Grande,500
16720,6,샷 추가 (+1),500
16720,7,바닐라 시럽,300
16721,5,ICE,0
16721,3,Venti,1000
16722,5,ICE,0
16722,3,Venti,1000
16723,4,HOT,0
16723,1,Tall,0
16723,11,기본,0
16723,10,휘핑크림 추가,500
16724,5,ICE,0
16724,1,Tall,0
16724,13,더 달게,0
16725,4,HOT,0
16725,2,Grande,500
16726,4,HOT,0
16726,1,Tall,0
16726,11,기본,0
16727,4,HOT,0
16727,1,Tall,0
16727,11,기본,0
16727,6,샷 추가 (+1),500
16727,10,휘핑크림 추가,500
16728,4,HOT,0
16728,3,Venti,1000
16728,11,기본,0
16728,10,휘핑크림 추가,500
16729,4,HOT,0
16729,2,Grande,500
16729,11,기본,0
16730,4,HOT,0
16730,1,Tall,0
16730,11,기본,0
16731,4,HOT,0
16731,1,Tall,0
16731,13,더 달게,0
16732,4,HOT,0
16732,2,Grande,500
16732,11,기본,0
16732,7,바닐라 시럽,300
16732,10,휘핑크림 추가,500
16733,5,ICE,0
16733,3,Venti,1000
16733,9,카라멜 시럽,300
16734,4,HOT,0
16734,1,Tall,0
16734,6,샷 추가 (+1),500
16734,10,휘핑크림 추가,500
16735,4,HOT,0
16735,3,Venti,1000
16735,13,더 달게,0
16735,6,샷 추가 (+1),500
16736,4,HOT,0
16736,1,Tall,0
16736,13,더 달게,0
16737,4,HOT,0
16737,1,Tall,0
16737,13,더 달게,0
16737,10,휘핑크림 추가,500
16738,4,HOT,0
16738,2,Grande,500
16738,6,샷 추가 (+1),500
16738,9,카라멜 시럽,300
16739,5,ICE,0
16739,2,Grande,500
16739,11,기본,0
16740,4,HOT,0
16740,1,Tall,0
16740,11,기본,0
16740,10,휘핑크림 추가,500
16741,4,HOT,0
16741,3,Venti,1000
16741,12,덜 달게,0
16741,8,헤이즐넛 시럽,300
16741,10,휘핑크림 추가,500
16742,5,ICE,0
16742,1,Tall,0
16742,6,샷 추가 (+1),500
16743,4,HOT,0
16743,1,Tall,0
16744,4,HOT,0
16744,3,Venti,1000
16744,11,기본,0
16744,10,휘핑크림 추가,500
16745,5,ICE,0
16745,1,Tall,0
16745,11,기본,0
16746,4,HOT,0
16746,2,Grande,500
16747,4,HOT,0
16747,1,Tall,0
16747,6,샷 추가 (+1),500
16748,5,ICE,0
16748,3,Venti,1000
16748,11,기본,0
16748,10,휘핑크림 추가,500
16749,5,ICE,0
16749,2,Grande,500
16749,11,기본,0
16749,6,샷 추가 (+1),500
16750,4,HOT,0
16750,1,Tall,0
16750,11,기본,0
16750,6,샷 추가 (+1),500
16750,10,휘핑크림 추가,500
16751,5,ICE,0
16751,1,Tall,0
16751,6,샷 추가 (+1),500
16751,8,헤이즐넛 시럽,300
16751,10,휘핑크림 추가,500
16752,4,HOT,0
16752,1,Tall,0
16752,6,샷 추가 (+1),500
16752,9,카라멜 시럽,300
16752,10,휘핑크림 추가,500
16753,4,HOT,0
16753,1,Tall,0
16754,5,ICE,0
16754,2,Grande,500
16754,11,기본,0
16754,9,카라멜 시럽,300
16755,4,HOT,0
16755,2,Grande,500
16756,4,HOT,0
16756,1,Tall,0
16756,11,기본,0
16757,4,HOT,0
16757,2,Grande,500
16758,5,ICE,0
16758,2,Grande,500
16758,12,덜 달게,0
16759,5,ICE,0
16759,2,Grande,500
16760,4,HOT,0
16760,2,Grande,500
16760,6,샷 추가 (+1),500
16760,7,바닐라 시럽,300
16761,5,ICE,0
16761,2,Grande,500
16761,11,기본,0
16761,6,샷 추가 (+1),500
16761,8,헤이즐넛 시럽,300
16762,4,HOT,0
16762,2,Grande,500
16762,6,샷 추가 (+1),500
16763,4,HOT,0
16763,3,Venti,1000
16763,12,덜 달게,0
16763,6,샷 추가 (+1),500
16764,4,HOT,0
16764,1,Tall,0
16764,11,기본,0
16764,10,휘핑크림 추가,500
16765,4,HOT,0
16765,1,Tall,0
16765,12,덜 달게,0
16765,6,샷 추가 (+1),500
16765,10,휘핑크림 추가,500
16766,4,HOT,0
16766,1,Tall,0
16766,13,더 달게,0
16766,6,샷 추가 (+1),500
16767,4,HOT,0
16767,2,Grande,500
16767,13,더 달게,0
16767,6,샷 추가 (+1),500
16768,4,HOT,0
16768,1,Tall,0
16768,12,덜 달게,0
16769,4,HOT,0
16769,2,Grande,500
16769,11,기본,0
16770,4,HOT,0
16770,1,Tall,0
16770,13,더 달게,0
16770,6,샷 추가 (+1),500
16771,4,HOT,0
16771,1,Tall,0
16772,5,ICE,0
16772,2,Grande,500
16772,11,기본,0
16773,4,HOT,0
16773,1,Tall,0
16773,11,기본,0
16773,10,휘핑크림 추가,500
16774,4,HOT,0
16774,1,Tall,0
16775,4,HOT,0
16775,2,Grande,500
16775,11,기본,0
16776,4,HOT,0
16776,1,Tall,0
16776,6,샷 추가 (+1),500
16776,9,카라멜 시럽,300
16776,10,휘핑크림 추가,500
16777,4,HOT,0
16777,3,Venti,1000
16777,11,기본,0
16777,6,샷 추가 (+1),500
16778,5,ICE,0
16778,1,Tall,0
16779,5,ICE,0
16779,2,Grande,500
16779,11,기본,0
16780,5,ICE,0
16780,3,Venti,1000
16780,13,더 달게,0
16780,10,휘핑크림 추가,500
16781,5,ICE,0
16781,1,Tall,0
16781,6,샷 추가 (+1),500
16782,4,HOT,0
16782,1,Tall,0
16783,4,HOT,0
16783,1,Tall,0
16783,11,기본,0
16784,4,HOT,0
16784,2,Grande,500
16784,6,샷 추가 (+1),500
16785,5,ICE,0
16785,1,Tall,0
16785,6,샷 추가 (+1),500
16786,4,HOT,0
16786,1,Tall,0
16786,11,기본,0
16787,4,HOT,0
16787,2,Grande,500
16788,5,ICE,0
16788,3,Venti,1000
16788,12,덜 달게,0
16789,4,HOT,0
16789,1,Tall,0
16790,5,ICE,0
16790,2,Grande,500
16790,10,휘핑크림 추가,500
16791,4,HOT,0
16791,3,Venti,1000
16791,8,헤이즐넛 시럽,300
16792,4,HOT,0
16792,2,Grande,500
16793,5,ICE,0
16793,1,Tall,0
16793,11,기본,0
16794,5,ICE,0
16794,1,Tall,0
16794,11,기본,0
16794,6,샷 추가 (+1),500
16794,7,바닐라 시럽,300
16795,5,ICE,0
16795,2,Grande,500
16795,7,바닐라 시럽,300
16796,4,HOT,0
16796,1,Tall,0
16796,11,기본,0
16796,6,샷 추가 (+1),500
16797,5,ICE,0
16797,1,Tall,0
16797,13,더 달게,0
16797,6,샷 추가 (+1),500
16798,4,HOT,0
16798,3,Venti,1000
16798,6,샷 추가 (+1),500
16798,8,헤이즐넛 시럽,300
16799,4,HOT,0
16799,1,Tall,0
16799,6,샷 추가 (+1),500
16800,4,HOT,0
16800,3,Venti,1000
16800,6,샷 추가 (+1),500
16801,4,HOT,0
16801,2,Grande,500
16801,12,덜 달게,0
16801,7,바닐라 시럽,300
16802,5,ICE,0
16802,3,Venti,1000
16802,12,덜 달게,0
16802,6,샷 추가 (+1),500
16803,5,ICE,0
16803,1,Tall,0
16803,13,더 달게,0
16803,6,샷 추가 (+1),500
16804,4,HOT,0
16804,1,Tall,0
16804,12,덜 달게,0
16805,4,HOT,0
16805,2,Grande,500
16805,11,기본,0
16805,9,카라멜 시럽,300
16806,4,HOT,0
16806,2,Grande,500
16806,6,샷 추가 (+1),500
16807,4,HOT,0
16807,1,Tall,0
16807,12,덜 달게,0
16808,5,ICE,0
16808,3,Venti,1000
16808,11,기본,0
16809,4,HOT,0
16809,2,Grande,500
16809,11,기본,0
16810,5,ICE,0
16810,1,Tall,0
16811,5,ICE,0
16811,3,Venti,1000
16811,13,더 달게,0
16811,6,샷 추가 (+1),500
16812,4,HOT,0
16812,2,Grande,500
16812,11,기본,0
16812,6,샷 추가 (+1),500
16812,10,휘핑크림 추가,500
16813,4,HOT,0
16813,3,Venti,1000
16813,11,기본,0
16814,4,HOT,0
16814,3,Venti,1000
16814,10,휘핑크림 추가,500
16815,4,HOT,0
16815,2,Grande,500
16815,6,샷 추가 (+1),500
16816,4,HOT,0
16816,2,Grande,500
16817,4,HOT,0
16817,3,Venti,1000
16817,10,휘핑크림 추가,500
16818,5,ICE,0
16818,2,Grande,500
16818,6,샷 추가 (+1),500
16818,9,카라멜 시럽,300
16819,4,HOT,0
16819,2,Grande,500
16819,13,더 달게,0
16820,4,HOT,0
16820,3,Venti,1000
16820,13,더 달게,0
16821,4,HOT,0
16821,1,Tall,0
16821,13,더 달게,0
16821,9,카라멜 시럽,300
16822,4,HOT,0
16822,1,Tall,0
16822,12,덜 달게,0
16823,5,ICE,0
16823,3,Venti,1000
16823,11,기본,0
16824,5,ICE,0
16824,2,Grande,500
16824,12,덜 달게,0
16825,5,ICE,0
16825,2,Grande,500
16825,11,기본,0
16826,5,ICE,0
16826,1,Tall,0
16827,4,HOT,0
16827,2,Grande,500
16827,11,기본,0
16828,4,HOT,0
16828,1,Tall,0
16828,11,기본,0
16829,5,ICE,0
16829,1,Tall,0
16829,12,덜 달게,0
16830,4,HOT,0
16830,1,Tall,0
16830,12,덜 달게,0
16830,7,바닐라 시럽,300
16831,4,HOT,0
16831,1,Tall,0
16831,11,기본,0
16831,10,휘핑크림 추가,500
16832,5,ICE,0
16832,2,Grande,500
16832,6,샷 추가 (+1),500
16833,4,HOT,0
16833,3,Venti,1000
16833,12,덜 달게,0
16834,4,HOT,0
16834,3,Venti,1000
16834,11,기본,0
16835,5,ICE,0
16835,2,Grande,500
16835,13,더 달게,0
16836,5,ICE,0
16836,1,Tall,0
16836,12,덜 달게,0
16837,4,HOT,0
16837,1,Tall,0
16837,11,기본,0
16837,6,샷 추가 (+1),500
16837,7,바닐라 시럽,300
16838,5,ICE,0
16838,3,Venti,1000
16838,6,샷 추가 (+1),500
16839,4,HOT,0
16839,1,Tall,0
16839,12,덜 달게,0
16839,7,바닐라 시럽,300
16839,10,휘핑크림 추가,500
16840,4,HOT,0
16840,1,Tall,0
16840,11,기본,0
16840,6,샷 추가 (+1),500
16841,5,ICE,0
16841,2,Grande,500
16841,13,더 달게,0
16842,5,ICE,0
16842,3,Venti,1000
16842,12,덜 달게,0
16842,6,샷 추가 (+1),500
16842,8,헤이즐넛 시럽,300
16843,4,HOT,0
16843,1,Tall,0
16843,12,덜 달게,0
16844,5,ICE,0
16844,2,Grande,500
16844,11,기본,0
16845,4,HOT,0
16845,1,Tall,0
16845,6,샷 추가 (+1),500
16846,5,ICE,0
16846,1,Tall,0
16846,12,덜 달게,0
16847,4,HOT,0
16847,3,Venti,1000
16847,11,기본,0
16848,5,ICE,0
16848,2,Grande,500
16848,10,휘핑크림 추가,500
16849,4,HOT,0
16849,1,Tall,0
16850,4,HOT,0
16850,3,Venti,1000
16850,11,기본,0
16851,4,HOT,0
16851,3,Venti,1000
16851,11,기본,0
16851,6,샷 추가 (+1),500
16852,4,HOT,0
16852,1,Tall,0
16852,10,휘핑크림 추가,500
16853,4,HOT,0
16853,3,Venti,1000
16853,11,기본,0
16853,10,휘핑크림 추가,500
16854,5,ICE,0
16854,1,Tall,0
16854,12,덜 달게,0
16855,5,ICE,0
16855,2,Grande,500
16855,11,기본,0
16855,6,샷 추가 (+1),500
16856,5,ICE,0
16856,1,Tall,0
16856,11,기본,0
16856,7,바닐라 시럽,300
16857,5,ICE,0
16857,1,Tall,0
16857,11,기본,0
16857,6,샷 추가 (+1),500
16857,10,휘핑크림 추가,500
16858,4,HOT,0
16858,1,Tall,0
16858,12,덜 달게,0
16859,4,HOT,0
16859,1,Tall,0
16859,11,기본,0
16860,5,ICE,0
16860,1,Tall,0
16860,13,더 달게,0
16861,4,HOT,0
16861,3,Venti,1000
16862,4,HOT,0
16862,3,Venti,1000
16863,4,HOT,0
16863,1,Tall,0
16863,6,샷 추가 (+1),500
16864,5,ICE,0
16864,1,Tall,0
16864,13,더 달게,0
16865,4,HOT,0
16865,3,Venti,1000
16865,11,기본,0
16865,6,샷 추가 (+1),500
16865,8,헤이즐넛 시럽,300
16866,4,HOT,0
16866,3,Venti,1000
16866,8,헤이즐넛 시럽,300
16867,4,HOT,0
16867,2,Grande,500
16867,11,기본,0
16867,6,샷 추가 (+1),500
16868,4,HOT,0
16868,2,Grande,500
16868,12,덜 달게,0
16868,6,샷 추가 (+1),500
16869,4,HOT,0
16869,2,Grande,500
16869,6,샷 추가 (+1),500
16870,4,HOT,0
16870,2,Grande,500
16871,5,ICE,0
16871,2,Grande,500
16871,12,덜 달게,0
16872,4,HOT,0
16872,1,Tall,0
16872,11,기본,0
16873,5,ICE,0
16873,2,Grande,500
16873,13,더 달게,0
16873,8,헤이즐넛 시럽,300
16874,4,HOT,0
16874,2,Grande,500
16874,11,기본,0
16874,6,샷 추가 (+1),500
16874,9,카라멜 시럽,300
16875,5,ICE,0
16875,2,Grande,500
16875,7,바닐라 시럽,300
16875,10,휘핑크림 추가,500
16876,4,HOT,0
16876,1,Tall,0
16876,11,기본,0
16877,4,HOT,0
16877,2,Grande,500
16878,4,HOT,0
16878,1,Tall,0
16878,6,샷 추가 (+1),500
16878,10,휘핑크림 추가,500
16879,5,ICE,0
16879,1,Tall,0
16879,11,기본,0
16880,4,HOT,0
16880,3,Venti,1000
16880,10,휘핑크림 추가,500
16881,4,HOT,0
16881,3,Venti,1000
16882,5,ICE,0
16882,2,Grande,500
16883,5,ICE,0
16883,1,Tall,0
16883,11,기본,0
16884,5,ICE,0
16884,2,Grande,500
16884,13,더 달게,0
16885,4,HOT,0
16885,1,Tall,0
16885,12,덜 달게,0
16886,4,HOT,0
16886,1,Tall,0
16886,11,기본,0
16887,4,HOT,0
16887,1,Tall,0
16887,8,헤이즐넛 시럽,300
16888,5,ICE,0
16888,2,Grande,500
16888,11,기본,0
16888,6,샷 추가 (+1),500
16889,4,HOT,0
16889,3,Venti,1000
16889,6,샷 추가 (+1),500
16890,4,HOT,0
16890,3,Venti,1000
16890,11,기본,0
16890,8,헤이즐넛 시럽,300
16891,4,HOT,0
16891,1,Tall,0
16891,8,헤이즐넛 시럽,300
16892,4,HOT,0
16892,1,Tall,0
16892,6,샷 추가 (+1),500
16893,5,ICE,0
16893,2,Grande,500
16893,11,기본,0
16894,4,HOT,0
16894,3,Venti,1000
16894,11,기본,0
16895,5,ICE,0
16895,1,Tall,0
16895,8,헤이즐넛 시럽,300
16896,5,ICE,0
16896,3,Venti,1000
16896,12,덜 달게,0
16897,5,ICE,0
16897,1,Tall,0
16897,11,기본,0
16898,5,ICE,0
16898,2,Grande,500
16898,13,더 달게,0
16899,4,HOT,0
16899,2,Grande,500
16899,12,덜 달게,0
16899,6,샷 추가 (+1),500
16900,4,HOT,0
16900,3,Venti,1000
16900,13,더 달게,0
16901,4,HOT,0
16901,1,Tall,0
16901,13,더 달게,0
16901,6,샷 추가 (+1),500
16902,5,ICE,0
16902,1,Tall,0
16902,11,기본,0
16902,6,샷 추가 (+1),500
16903,4,HOT,0
16903,1,Tall,0
16903,9,카라멜 시럽,300
16904,5,ICE,0
16904,2,Grande,500
16904,12,덜 달게,0
16904,6,샷 추가 (+1),500
16904,8,헤이즐넛 시럽,300
16905,5,ICE,0
16905,3,Venti,1000
16905,12,덜 달게,0
16905,7,바닐라 시럽,300
16906,5,ICE,0
16906,1,Tall,0
16906,12,덜 달게,0
16907,4,HOT,0
16907,2,Grande,500
16907,12,덜 달게,0
16907,6,샷 추가 (+1),500
16907,7,바닐라 시럽,300
16908,5,ICE,0
16908,3,Venti,1000
16908,12,덜 달게,0
16908,10,휘핑크림 추가,500
16909,4,HOT,0
16909,1,Tall,0
16909,6,샷 추가 (+1),500
16909,9,카라멜 시럽,300
16910,4,HOT,0
16910,2,Grande,500
16910,12,덜 달게,0
16910,6,샷 추가 (+1),500
16911,5,ICE,0
16911,2,Grande,500
16911,6,샷 추가 (+1),500
16912,4,HOT,0
16912,2,Grande,500
16912,13,더 달게,0
16912,6,샷 추가 (+1),500
16912,7,바닐라 시럽,300
16913,4,HOT,0
16913,3,Venti,1000
16913,6,샷 추가 (+1),500
16914,5,ICE,0
16914,2,Grande,500
16914,11,기본,0
16914,6,샷 추가 (+1),500
16915,5,ICE,0
16915,1,Tall,0
16915,13,더 달게,0
16915,6,샷 추가 (+1),500
16915,8,헤이즐넛 시럽,300
16916,4,HOT,0
16916,3,Venti,1000
16916,11,기본,0
16916,10,휘핑크림 추가,500
16917,4,HOT,0
16917,2,Grande,500
16917,10,휘핑크림 추가,500
16918,5,ICE,0
16918,2,Grande,500
16919,5,ICE,0
16919,1,Tall,0
16920,5,ICE,0
16920,3,Venti,1000
16921,4,HOT,0
16921,1,Tall,0
16922,5,ICE,0
16922,3,Venti,1000
16922,11,기본,0
16922,6,샷 추가 (+1),500
16923,4,HOT,0
16923,1,Tall,0
16923,11,기본,0
16924,4,HOT,0
16924,1,Tall,0
16924,12,덜 달게,0
16925,4,HOT,0
16925,2,Grande,500
16925,11,기본,0
16925,6,샷 추가 (+1),500
16925,8,헤이즐넛 시럽,300
16926,5,ICE,0
16926,2,Grande,500
16926,11,기본,0
16927,4,HOT,0
16927,3,Venti,1000
16927,11,기본,0
16927,8,헤이즐넛 시럽,300
16928,5,ICE,0
16928,3,Venti,1000
16928,6,샷 추가 (+1),500
16929,5,ICE,0
16929,1,Tall,0
16929,11,기본,0
16929,6,샷 추가 (+1),500
16930,5,ICE,0
16930,2,Grande,500
16930,11,기본,0
16930,6,샷 추가 (+1),500
16930,7,바닐라 시럽,300
16931,4,HOT,0
16931,1,Tall,0
16931,13,더 달게,0
16932,4,HOT,0
16932,1,Tall,0
16932,12,덜 달게,0
16932,6,샷 추가 (+1),500
16933,5,ICE,0
16933,2,Grande,500
16933,11,기본,0
16934,5,ICE,0
16934,3,Venti,1000
16934,8,헤이즐넛 시럽,300
16935,4,HOT,0
16935,2,Grande,500
16935,10,휘핑크림 추가,500
16936,5,ICE,0
16936,2,Grande,500
16936,6,샷 추가 (+1),500
16936,10,휘핑크림 추가,500
16937,4,HOT,0
16937,3,Venti,1000
16937,10,휘핑크림 추가,500
16938,4,HOT,0
16938,1,Tall,0
16938,11,기본,0
16939,4,HOT,0
16939,1,Tall,0
16940,5,ICE,0
16940,3,Venti,1000
16940,12,덜 달게,0
16940,6,샷 추가 (+1),500
16941,4,HOT,0
16941,1,Tall,0
16941,12,덜 달게,0
16942,4,HOT,0
16942,1,Tall,0
16942,11,기본,0
16943,5,ICE,0
16943,3,Venti,1000
16943,6,샷 추가 (+1),500
16943,10,휘핑크림 추가,500
16944,5,ICE,0
16944,3,Venti,1000
16944,11,기본,0
16945,4,HOT,0
16945,2,Grande,500
16946,4,HOT,0
16946,3,Venti,1000
16946,6,샷 추가 (+1),500
16947,5,ICE,0
16947,2,Grande,500
16948,5,ICE,0
16948,1,Tall,0
16948,12,덜 달게,0
16949,4,HOT,0
16949,3,Venti,1000
16949,6,샷 추가 (+1),500
16949,8,헤이즐넛 시럽,300
16950,4,HOT,0
16950,3,Venti,1000
16950,6,샷 추가 (+1),500
16951,4,HOT,0
16951,2,Grande,500
16951,6,샷 추가 (+1),500
16952,5,ICE,0
16952,1,Tall,0
16952,6,샷 추가 (+1),500
16953,4,HOT,0
16953,2,Grande,500
16954,5,ICE,0
16954,2,Grande,500
16954,11,기본,0
16954,6,샷 추가 (+1),500
16955,4,HOT,0
16955,2,Grande,500
16955,11,기본,0
16955,8,헤이즐넛 시럽,300
16955,10,휘핑크림 추가,500
16956,4,HOT,0
16956,1,Tall,0
16956,13,더 달게,0
16957,4,HOT,0
16957,2,Grande,500
16957,11,기본,0
16957,6,샷 추가 (+1),500
16957,9,카라멜 시럽,300
16958,5,ICE,0
16958,2,Grande,500
16958,8,헤이즐넛 시럽,300
16959,4,HOT,0
16959,2,Grande,500
16959,6,샷 추가 (+1),500
16959,7,바닐라 시럽,300
16960,4,HOT,0
16960,2,Grande,500
16960,7,바닐라 시럽,300
16961,5,ICE,0
16961,1,Tall,0
16961,10,휘핑크림 추가,500
16962,4,HOT,0
16962,2,Grande,500
16962,6,샷 추가 (+1),500
16963,5,ICE,0
16963,3,Venti,1000
16963,7,바닐라 시럽,300
16964,4,HOT,0
16964,2,Grande,500
16964,12,덜 달게,0
16964,6,샷 추가 (+1),500
16965,5,ICE,0
16965,1,Tall,0
16965,11,기본,0
16965,9,카라멜 시럽,300
16966,4,HOT,0
16966,2,Grande,500
16966,12,덜 달게,0
16967,5,ICE,0
16967,3,Venti,1000
16967,12,덜 달게,0
16967,6,샷 추가 (+1),500
16967,7,바닐라 시럽,300
16968,4,HOT,0
16968,2,Grande,500
16968,11,기본,0
16968,6,샷 추가 (+1),500
16969,4,HOT,0
16969,3,Venti,1000
16969,11,기본,0
16970,4,HOT,0
16970,1,Tall,0
16970,11,기본,0
16970,6,샷 추가 (+1),500
16971,4,HOT,0
16971,1,Tall,0
16971,11,기본,0
16971,7,바닐라 시럽,300
16972,4,HOT,0
16972,3,Venti,1000
16972,12,덜 달게,0
16973,4,HOT,0
16973,3,Venti,1000
16973,6,샷 추가 (+1),500
16974,4,HOT,0
16974,1,Tall,0
16974,13,더 달게,0
16974,6,샷 추가 (+1),500
16974,8,헤이즐넛 시럽,300
16975,4,HOT,0
16975,1,Tall,0
16975,11,기본,0
16976,5,ICE,0
16976,3,Venti,1000
16976,12,덜 달게,0
16976,6,샷 추가 (+1),500
16976,10,휘핑크림 추가,500
16977,4,HOT,0
16977,1,Tall,0
16977,12,덜 달게,0
16977,6,샷 추가 (+1),500
16978,4,HOT,0
16978,1,Tall,0
16978,11,기본,0
16979,4,HOT,0
16979,3,Venti,1000
16979,13,더 달게,0
16979,6,샷 추가 (+1),500
16980,4,HOT,0
16980,2,Grande,500
16980,13,더 달게,0
16981,5,ICE,0
16981,1,Tall,0
16981,11,기본,0
16982,4,HOT,0
16982,2,Grande,500
16982,13,더 달게,0
16982,6,샷 추가 (+1),500
16982,8,헤이즐넛 시럽,300
16983,4,HOT,0
16983,3,Venti,1000
16983,8,헤이즐넛 시럽,300
16984,4,HOT,0
16984,2,Grande,500
16984,13,더 달게,0
16984,6,샷 추가 (+1),500
16985,4,HOT,0
16985,2,Grande,500
16985,13,더 달게,0
16986,5,ICE,0
16986,1,Tall,0
16987,4,HOT,0
16987,2,Grande,500
16987,6,샷 추가 (+1),500
16988,4,HOT,0
16988,3,Venti,1000
16989,5,ICE,0
16989,1,Tall,0
16989,11,기본,0
16989,6,샷 추가 (+1),500
16990,5,ICE,0
16990,2,Grande,500
16990,6,샷 추가 (+1),500
16991,4,HOT,0
16991,2,Grande,500
16991,11,기본,0
16992,4,HOT,0
16992,3,Venti,1000
16992,11,기본,0
16993,5,ICE,0
16993,1,Tall,0
16993,6,샷 추가 (+1),500
16994,5,ICE,0
16994,3,Venti,1000
16994,13,더 달게,0
16994,8,헤이즐넛 시럽,300
16995,4,HOT,0
16995,2,Grande,500
16996,5,ICE,0
16996,1,Tall,0
16996,9,카라멜 시럽,300
16997,5,ICE,0
16997,2,Grande,500
16997,11,기본,0
16998,4,HOT,0
16998,2,Grande,500
16998,11,기본,0
16999,5,ICE,0
16999,2,Grande,500
16999,6,샷 추가 (+1),500
17000,4,HOT,0
17000,1,Tall,0
17000,9,카라멜 시럽,300
17001,4,HOT,0
17001,2,Grande,500
17002,4,HOT,0
17002,1,Tall,0
17002,12,덜 달게,0
17003,4,HOT,0
17003,1,Tall,0
17003,13,더 달게,0
17003,6,샷 추가 (+1),500
17003,7,바닐라 시럽,300
17004,4,HOT,0
17004,1,Tall,0
17004,10,휘핑크림 추가,500
17005,5,ICE,0
17005,3,Venti,1000
17005,11,기본,0
17005,6,샷 추가 (+1),500
17006,4,HOT,0
17006,1,Tall,0
17007,5,ICE,0
17007,1,Tall,0
17007,11,기본,0
17007,7,바닐라 시럽,300
17008,4,HOT,0
17008,3,Venti,1000
17008,6,샷 추가 (+1),500
17009,4,HOT,0
17009,1,Tall,0
17010,5,ICE,0
17010,1,Tall,0
17010,11,기본,0
17010,7,바닐라 시럽,300
17011,4,HOT,0
17011,2,Grande,500
17011,6,샷 추가 (+1),500
17012,5,ICE,0
17012,3,Venti,1000
17013,5,ICE,0
17013,1,Tall,0
17013,11,기본,0
17013,9,카라멜 시럽,300
17014,5,ICE,0
17014,1,Tall,0
17014,11,기본,0
17015,4,HOT,0
17015,2,Grande,500
17015,11,기본,0
17015,6,샷 추가 (+1),500
17015,7,바닐라 시럽,300
17016,4,HOT,0
17016,2,Grande,500
17016,11,기본,0
17017,5,ICE,0
17017,3,Venti,1000
17017,13,더 달게,0
17017,6,샷 추가 (+1),500
17018,4,HOT,0
17018,2,Grande,500
17018,12,덜 달게,0
17019,4,HOT,0
17019,1,Tall,0
17019,6,샷 추가 (+1),500
17020,5,ICE,0
17020,2,Grande,500
17020,6,샷 추가 (+1),500
17020,7,바닐라 시럽,300
17021,4,HOT,0
17021,3,Venti,1000
17021,13,더 달게,0
17021,7,바닐라 시럽,300
17022,5,ICE,0
17022,2,Grande,500
17022,8,헤이즐넛 시럽,300
17023,4,HOT,0
17023,3,Venti,1000
17023,12,덜 달게,0
17024,4,HOT,0
17024,1,Tall,0
17024,11,기본,0
17025,5,ICE,0
17025,2,Grande,500
17025,12,덜 달게,0
17025,6,샷 추가 (+1),500
17025,8,헤이즐넛 시럽,300
17026,4,HOT,0
17026,1,Tall,0
17026,8,헤이즐넛 시럽,300
17026,10,휘핑크림 추가,500
17027,4,HOT,0
17027,1,Tall,0
17027,6,샷 추가 (+1),500
17028,4,HOT,0
17028,3,Venti,1000
17028,9,카라멜 시럽,300
17028,10,휘핑크림 추가,500
17029,4,HOT,0
17029,3,Venti,1000
17029,6,샷 추가 (+1),500
17029,10,휘핑크림 추가,500
17030,5,ICE,0
17030,2,Grande,500
17030,9,카라멜 시럽,300
17031,4,HOT,0
17031,1,Tall,0
17031,11,기본,0
17031,8,헤이즐넛 시럽,300
17032,5,ICE,0
17032,3,Venti,1000
17032,6,샷 추가 (+1),500
17032,9,카라멜 시럽,300
17032,10,휘핑크림 추가,500
17033,4,HOT,0
17033,3,Venti,1000
17034,4,HOT,0
17034,1,Tall,0
17034,8,헤이즐넛 시럽,300
17034,10,휘핑크림 추가,500
17035,4,HOT,0
17035,1,Tall,0
17035,13,더 달게,0
17035,6,샷 추가 (+1),500
17036,5,ICE,0
17036,1,Tall,0
17036,11,기본,0
17037,5,ICE,0
17037,3,Venti,1000
17038,4,HOT,0
17038,1,Tall,0
17038,9,카라멜 시럽,300
17039,4,HOT,0
17039,1,Tall,0
17039,11,기본,0
17039,6,샷 추가 (+1),500
17039,9,카라멜 시럽,300
17040,5,ICE,0
17040,2,Grande,500
17041,4,HOT,0
17041,1,Tall,0
17042,5,ICE,0
17042,1,Tall,0
17043,5,ICE,0
17043,1,Tall,0
17044,4,HOT,0
17044,3,Venti,1000
17044,11,기본,0
17044,8,헤이즐넛 시럽,300
17045,5,ICE,0
17045,1,Tall,0
17045,12,덜 달게,0
17045,8,헤이즐넛 시럽,300
17046,4,HOT,0
17046,3,Venti,1000
17046,6,샷 추가 (+1),500
17047,4,HOT,0
17047,3,Venti,1000
17047,13,더 달게,0
17047,9,카라멜 시럽,300
17048,5,ICE,0
17048,2,Grande,500
17048,8,헤이즐넛 시럽,300
17049,5,ICE,0
17049,3,Venti,1000
17049,11,기본,0
17050,4,HOT,0
17050,3,Venti,1000
17050,10,휘핑크림 추가,500
17051,5,ICE,0
17051,3,Venti,1000
17051,10,휘핑크림 추가,500
17052,4,HOT,0
17052,1,Tall,0
17052,12,덜 달게,0
17053,4,HOT,0
17053,1,Tall,0
17053,12,덜 달게,0
17053,8,헤이즐넛 시럽,300
17054,4,HOT,0
17054,2,Grande,500
17054,12,덜 달게,0
17054,8,헤이즐넛 시럽,300
17055,4,HOT,0
17055,2,Grande,500
17056,5,ICE,0
17056,2,Grande,500
17056,13,더 달게,0
17056,6,샷 추가 (+1),500
17057,4,HOT,0
17057,3,Venti,1000
17057,11,기본,0
17058,4,HOT,0
17058,2,Grande,500
17059,5,ICE,0
17059,1,Tall,0
17059,13,더 달게,0
17060,4,HOT,0
17060,2,Grande,500
17061,4,HOT,0
17061,1,Tall,0
17061,6,샷 추가 (+1),500
17062,5,ICE,0
17062,1,Tall,0
17063,5,ICE,0
17063,3,Venti,1000
17063,12,덜 달게,0
17063,6,샷 추가 (+1),500
17064,4,HOT,0
17064,2,Grande,500
17064,11,기본,0
17065,5,ICE,0
17065,2,Grande,500
17065,11,기본,0
17066,4,HOT,0
17066,1,Tall,0
17066,11,기본,0
17066,7,바닐라 시럽,300
17067,4,HOT,0
17067,3,Venti,1000
17067,12,덜 달게,0
17068,5,ICE,0
17068,1,Tall,0
17068,12,덜 달게,0
17069,5,ICE,0
17069,2,Grande,500
17069,8,헤이즐넛 시럽,300
17070,5,ICE,0
17070,1,Tall,0
17070,8,헤이즐넛 시럽,300
17071,4,HOT,0
17071,1,Tall,0
17071,11,기본,0
17072,5,ICE,0
17072,1,Tall,0
17072,11,기본,0
17072,6,샷 추가 (+1),500
17073,5,ICE,0
17073,2,Grande,500
17073,11,기본,0
17074,5,ICE,0
17074,1,Tall,0
17074,11,기본,0
17075,5,ICE,0
17075,2,Grande,500
17075,12,덜 달게,0
17076,4,HOT,0
17076,2,Grande,500
17076,7,바닐라 시럽,300
17077,5,ICE,0
17077,2,Grande,500
17077,6,샷 추가 (+1),500
17077,9,카라멜 시럽,300
17078,4,HOT,0
17078,3,Venti,1000
17078,12,덜 달게,0
17078,9,카라멜 시럽,300
17079,5,ICE,0
17079,1,Tall,0
17079,11,기본,0
17080,5,ICE,0
17080,1,Tall,0
17080,12,덜 달게,0
17081,4,HOT,0
17081,2,Grande,500
17081,13,더 달게,0
17081,9,카라멜 시럽,300
17082,5,ICE,0
17082,1,Tall,0
17083,5,ICE,0
17083,1,Tall,0
17083,11,기본,0
17084,4,HOT,0
17084,2,Grande,500
17085,4,HOT,0
17085,1,Tall,0
17086,4,HOT,0
17086,3,Venti,1000
17086,12,덜 달게,0
17086,6,샷 추가 (+1),500
17087,5,ICE,0
17087,2,Grande,500
17087,11,기본,0
17087,6,샷 추가 (+1),500
17088,5,ICE,0
17088,2,Grande,500
17088,11,기본,0
17088,6,샷 추가 (+1),500
17089,4,HOT,0
17089,2,Grande,500
17090,4,HOT,0
17090,1,Tall,0
17090,13,더 달게,0
17091,5,ICE,0
17091,2,Grande,500
17091,13,더 달게,0
17091,6,샷 추가 (+1),500
17092,4,HOT,0
17092,2,Grande,500
17093,5,ICE,0
17093,2,Grande,500
17093,13,더 달게,0
17094,5,ICE,0
17094,1,Tall,0
17094,11,기본,0
17095,4,HOT,0
17095,2,Grande,500
17096,5,ICE,0
17096,2,Grande,500
17096,12,덜 달게,0
17097,4,HOT,0
17097,1,Tall,0
17097,11,기본,0
17098,5,ICE,0
17098,1,Tall,0
17098,13,더 달게,0
17098,6,샷 추가 (+1),500
17098,7,바닐라 시럽,300
17098,10,휘핑크림 추가,500
17099,5,ICE,0
17099,3,Venti,1000
17099,6,샷 추가 (+1),500
17100,5,ICE,0
17100,2,Grande,500
17100,13,더 달게,0
17100,7,바닐라 시럽,300
17101,5,ICE,0
17101,1,Tall,0
17101,11,기본,0
17101,8,헤이즐넛 시럽,300
17102,5,ICE,0
17102,3,Venti,1000
17102,13,더 달게,0
17103,4,HOT,0
17103,1,Tall,0
17103,11,기본,0
17104,4,HOT,0
17104,2,Grande,500
17104,12,덜 달게,0
17104,7,바닐라 시럽,300
17105,5,ICE,0
17105,1,Tall,0
17105,11,기본,0
17106,5,ICE,0
17106,2,Grande,500
17107,5,ICE,0
17107,2,Grande,500
17108,5,ICE,0
17108,2,Grande,500
17108,13,더 달게,0
17109,4,HOT,0
17109,2,Grande,500
17109,8,헤이즐넛 시럽,300
17110,5,ICE,0
17110,1,Tall,0
17110,7,바닐라 시럽,300
17111,5,ICE,0
17111,2,Grande,500
17111,6,샷 추가 (+1),500
17112,4,HOT,0
17112,1,Tall,0
17112,13,더 달게,0
17113,5,ICE,0
17113,1,Tall,0
17113,11,기본,0
17114,4,HOT,0
17114,1,Tall,0
17115,4,HOT,0
17115,1,Tall,0
17115,6,샷 추가 (+1),500
17115,10,휘핑크림 추가,500
17116,4,HOT,0
17116,2,Grande,500
17116,11,기본,0
17116,6,샷 추가 (+1),500
17117,5,ICE,0
17117,2,Grande,500
17117,10,휘핑크림 추가,500
17118,4,HOT,0
17118,1,Tall,0
17118,11,기본,0
17119,4,HOT,0
17119,2,Grande,500
17120,5,ICE,0
17120,2,Grande,500
17120,13,더 달게,0
17120,6,샷 추가 (+1),500
17121,4,HOT,0
17121,1,Tall,0
17122,5,ICE,0
17122,1,Tall,0
17122,13,더 달게,0
17123,5,ICE,0
17123,2,Grande,500
17123,11,기본,0
17123,6,샷 추가 (+1),500
17124,4,HOT,0
17124,3,Venti,1000
17124,12,덜 달게,0
17125,5,ICE,0
17125,1,Tall,0
17125,11,기본,0
17125,6,샷 추가 (+1),500
17125,10,휘핑크림 추가,500
17126,5,ICE,0
17126,2,Grande,500
17127,4,HOT,0
17127,2,Grande,500
17127,12,덜 달게,0
17127,9,카라멜 시럽,300
17127,10,휘핑크림 추가,500
17128,4,HOT,0
17128,2,Grande,500
17128,11,기본,0
17129,4,HOT,0
17129,1,Tall,0
17129,6,샷 추가 (+1),500
17130,5,ICE,0
17130,1,Tall,0
17130,11,기본,0
17131,4,HOT,0
17131,2,Grande,500
17132,4,HOT,0
17132,3,Venti,1000
17132,6,샷 추가 (+1),500
17132,10,휘핑크림 추가,500
17133,4,HOT,0
17133,3,Venti,1000
17133,11,기본,0
17133,6,샷 추가 (+1),500
17134,4,HOT,0
17134,1,Tall,0
17135,5,ICE,0
17135,2,Grande,500
17136,4,HOT,0
17136,2,Grande,500
17136,13,더 달게,0
17137,5,ICE,0
17137,3,Venti,1000
17137,13,더 달게,0
17137,10,휘핑크림 추가,500
17138,4,HOT,0
17138,3,Venti,1000
17138,12,덜 달게,0
17138,6,샷 추가 (+1),500
17139,4,HOT,0
17139,2,Grande,500
17140,4,HOT,0
17140,1,Tall,0
17140,12,덜 달게,0
17140,6,샷 추가 (+1),500
17141,4,HOT,0
17141,1,Tall,0
17141,11,기본,0
17141,7,바닐라 시럽,300
17142,4,HOT,0
17142,3,Venti,1000
17142,11,기본,0
17143,5,ICE,0
17143,3,Venti,1000
17143,12,덜 달게,0
17143,6,샷 추가 (+1),500
17144,4,HOT,0
17144,2,Grande,500
17145,5,ICE,0
17145,2,Grande,500
17146,4,HOT,0
17146,3,Venti,1000
17146,6,샷 추가 (+1),500
17147,4,HOT,0
17147,1,Tall,0
17147,11,기본,0
17148,5,ICE,0
17148,1,Tall,0
17148,12,덜 달게,0
17148,6,샷 추가 (+1),500
17149,5,ICE,0
17149,2,Grande,500
17149,6,샷 추가 (+1),500
17149,9,카라멜 시럽,300
17150,4,HOT,0
17150,2,Grande,500
17150,6,샷 추가 (+1),500
17151,4,HOT,0
17151,3,Venti,1000
17151,11,기본,0
17152,4,HOT,0
17152,2,Grande,500
17152,11,기본,0
17153,4,HOT,0
17153,2,Grande,500
17153,11,기본,0
17154,5,ICE,0
17154,1,Tall,0
17154,7,바닐라 시럽,300
17155,5,ICE,0
17155,2,Grande,500
17155,11,기본,0
17155,7,바닐라 시럽,300
17156,5,ICE,0
17156,3,Venti,1000
17156,6,샷 추가 (+1),500
17157,4,HOT,0
17157,1,Tall,0
17157,13,더 달게,0
17157,10,휘핑크림 추가,500
17158,4,HOT,0
17158,1,Tall,0
17159,5,ICE,0
17159,3,Venti,1000
17159,6,샷 추가 (+1),500
17159,10,휘핑크림 추가,500
17160,4,HOT,0
17160,1,Tall,0
17160,6,샷 추가 (+1),500
17161,4,HOT,0
17161,2,Grande,500
17161,11,기본,0
17162,4,HOT,0
17162,2,Grande,500
17163,5,ICE,0
17163,1,Tall,0
17163,11,기본,0
17164,5,ICE,0
17164,1,Tall,0
17164,11,기본,0
17164,6,샷 추가 (+1),500
17164,8,헤이즐넛 시럽,300
17165,4,HOT,0
17165,3,Venti,1000
17165,11,기본,0
17166,5,ICE,0
17166,1,Tall,0
17167,4,HOT,0
17167,3,Venti,1000
17168,4,HOT,0
17168,1,Tall,0
17168,11,기본,0
17168,6,샷 추가 (+1),500
17169,4,HOT,0
17169,2,Grande,500
17169,13,더 달게,0
17169,6,샷 추가 (+1),500
17170,5,ICE,0
17170,1,Tall,0
17170,9,카라멜 시럽,300
17171,4,HOT,0
17171,1,Tall,0
17171,11,기본,0
17172,5,ICE,0
17172,1,Tall,0
17172,11,기본,0
17172,7,바닐라 시럽,300
17173,4,HOT,0
17173,1,Tall,0
17173,11,기본,0
17174,5,ICE,0
17174,1,Tall,0
17174,9,카라멜 시럽,300
17175,5,ICE,0
17175,2,Grande,500
17175,9,카라멜 시럽,300
17176,5,ICE,0
17176,2,Grande,500
17176,11,기본,0
17177,4,HOT,0
17177,1,Tall,0
17178,4,HOT,0
17178,2,Grande,500
17178,13,더 달게,0
17178,6,샷 추가 (+1),500
17179,4,HOT,0
17179,3,Venti,1000
17179,12,덜 달게,0
17179,6,샷 추가 (+1),500
17180,5,ICE,0
17180,1,Tall,0
17180,13,더 달게,0
17180,10,휘핑크림 추가,500
17181,4,HOT,0
17181,1,Tall,0
17181,11,기본,0
17181,10,휘핑크림 추가,500
17182,4,HOT,0
17182,1,Tall,0
17182,11,기본,0
17183,4,HOT,0
17183,3,Venti,1000
17183,11,기본,0
17184,4,HOT,0
17184,1,Tall,0
17185,5,ICE,0
17185,1,Tall,0
17185,13,더 달게,0
17185,6,샷 추가 (+1),500
17186,4,HOT,0
17186,1,Tall,0
17187,4,HOT,0
17187,1,Tall,0
17187,11,기본,0
17187,6,샷 추가 (+1),500
17187,7,바닐라 시럽,300
17187,10,휘핑크림 추가,500
17188,5,ICE,0
17188,2,Grande,500
17188,12,덜 달게,0
17189,4,HOT,0
17189,3,Venti,1000
17189,6,샷 추가 (+1),500
17190,5,ICE,0
17190,3,Venti,1000
17190,11,기본,0
17190,7,바닐라 시럽,300
17191,4,HOT,0
17191,3,Venti,1000
17192,4,HOT,0
17192,2,Grande,500
17192,6,샷 추가 (+1),500
17193,5,ICE,0
17193,1,Tall,0
17193,11,기본,0
17193,6,샷 추가 (+1),500
17194,4,HOT,0
17194,2,Grande,500
17194,8,헤이즐넛 시럽,300
17195,5,ICE,0
17195,1,Tall,0
17195,11,기본,0
17196,4,HOT,0
17196,2,Grande,500
17196,13,더 달게,0
17196,6,샷 추가 (+1),500
17197,5,ICE,0
17197,2,Grande,500
17197,11,기본,0
17197,6,샷 추가 (+1),500
17197,10,휘핑크림 추가,500
17198,4,HOT,0
17198,2,Grande,500
17199,5,ICE,0
17199,1,Tall,0
17200,5,ICE,0
17200,2,Grande,500
17201,4,HOT,0
17201,3,Venti,1000
17201,11,기본,0
17202,4,HOT,0
17202,3,Venti,1000
17202,9,카라멜 시럽,300
17203,4,HOT,0
17203,2,Grande,500
17203,11,기본,0
17204,5,ICE,0
17204,2,Grande,500
17204,11,기본,0
17204,7,바닐라 시럽,300
17204,10,휘핑크림 추가,500
17205,5,ICE,0
17205,1,Tall,0
17205,11,기본,0
17205,6,샷 추가 (+1),500
17205,7,바닐라 시럽,300
17206,5,ICE,0
17206,1,Tall,0
17207,4,HOT,0
17207,2,Grande,500
17207,13,더 달게,0
17208,4,HOT,0
17208,3,Venti,1000
17208,6,샷 추가 (+1),500
17209,5,ICE,0
17209,1,Tall,0
17209,12,덜 달게,0
17209,6,샷 추가 (+1),500
17210,4,HOT,0
17210,2,Grande,500
17210,12,덜 달게,0
17211,5,ICE,0
17211,2,Grande,500
17211,12,덜 달게,0
17212,4,HOT,0
17212,2,Grande,500
17212,7,바닐라 시럽,300
17213,5,ICE,0
17213,2,Grande,500
17213,11,기본,0
17213,6,샷 추가 (+1),500
17214,4,HOT,0
17214,2,Grande,500
17214,11,기본,0
17215,4,HOT,0
17215,1,Tall,0
17215,11,기본,0
17216,5,ICE,0
17216,3,Venti,1000
17216,12,덜 달게,0
17217,4,HOT,0
17217,1,Tall,0
17218,4,HOT,0
17218,1,Tall,0
17218,11,기본,0
17218,6,샷 추가 (+1),500
17219,4,HOT,0
17219,1,Tall,0
17219,12,덜 달게,0
17219,10,휘핑크림 추가,500
17220,4,HOT,0
17220,3,Venti,1000
17220,8,헤이즐넛 시럽,300
17221,4,HOT,0
17221,2,Grande,500
17221,6,샷 추가 (+1),500
17222,5,ICE,0
17222,1,Tall,0
17222,11,기본,0
17223,4,HOT,0
17223,1,Tall,0
17223,12,덜 달게,0
17223,9,카라멜 시럽,300
17224,4,HOT,0
17224,2,Grande,500
17224,11,기본,0
17224,6,샷 추가 (+1),500
17225,5,ICE,0
17225,2,Grande,500
17225,11,기본,0
17226,5,ICE,0
17226,1,Tall,0
17227,5,ICE,0
17227,2,Grande,500
17227,10,휘핑크림 추가,500
17228,4,HOT,0
17228,1,Tall,0
17228,11,기본,0
17229,4,HOT,0
17229,2,Grande,500
17229,13,더 달게,0
17229,6,샷 추가 (+1),500
17229,8,헤이즐넛 시럽,300
17230,5,ICE,0
17230,1,Tall,0
17230,11,기본,0
17231,4,HOT,0
17231,1,Tall,0
17232,5,ICE,0
17232,1,Tall,0
17233,5,ICE,0
17233,1,Tall,0
17233,12,덜 달게,0
17234,5,ICE,0
17234,1,Tall,0
17234,6,샷 추가 (+1),500
17234,10,휘핑크림 추가,500
17235,4,HOT,0
17235,3,Venti,1000
17236,4,HOT,0
17236,2,Grande,500
17236,13,더 달게,0
17237,4,HOT,0
17237,2,Grande,500
17237,11,기본,0
17238,5,ICE,0
17238,1,Tall,0
17238,11,기본,0
17239,4,HOT,0
17239,1,Tall,0
17239,6,샷 추가 (+1),500
17240,4,HOT,0
17240,1,Tall,0
17240,11,기본,0
17241,5,ICE,0
17241,2,Grande,500
17241,11,기본,0
17242,4,HOT,0
17242,1,Tall,0
17242,11,기본,0
17242,8,헤이즐넛 시럽,300
17243,4,HOT,0
17243,2,Grande,500
17243,11,기본,0
17244,4,HOT,0
17244,2,Grande,500
17244,11,기본,0
17244,6,샷 추가 (+1),500
17245,4,HOT,0
17245,2,Grande,500
17245,13,더 달게,0
17245,8,헤이즐넛 시럽,300
17246,5,ICE,0
17246,2,Grande,500
17247,4,HOT,0
17247,2,Grande,500
17247,6,샷 추가 (+1),500
17247,8,헤이즐넛 시럽,300
17248,5,ICE,0
17248,2,Grande,500
17248,6,샷 추가 (+1),500
17249,4,HOT,0
17249,1,Tall,0
17250,4,HOT,0
17250,2,Grande,500
17251,5,ICE,0
17251,1,Tall,0
17251,6,샷 추가 (+1),500
17252,4,HOT,0
17252,3,Venti,1000
17252,11,기본,0
17252,6,샷 추가 (+1),500
17253,4,HOT,0
17253,1,Tall,0
17253,11,기본,0
17254,5,ICE,0
17254,2,Grande,500
17254,6,샷 추가 (+1),500
17254,10,휘핑크림 추가,500
17255,5,ICE,0
17255,2,Grande,500
17255,11,기본,0
17256,4,HOT,0
17256,1,Tall,0
17256,11,기본,0
17257,4,HOT,0
17257,3,Venti,1000
17258,4,HOT,0
17258,2,Grande,500
17259,5,ICE,0
17259,1,Tall,0
17259,6,샷 추가 (+1),500
17259,10,휘핑크림 추가,500
17260,5,ICE,0
17260,2,Grande,500
17260,6,샷 추가 (+1),500
17261,5,ICE,0
17261,2,Grande,500
17261,12,덜 달게,0
17261,10,휘핑크림 추가,500
17262,5,ICE,0
17262,1,Tall,0
17263,5,ICE,0
17263,1,Tall,0
17263,11,기본,0
17264,4,HOT,0
17264,2,Grande,500
17264,6,샷 추가 (+1),500
17264,9,카라멜 시럽,300
17265,5,ICE,0
17265,2,Grande,500
17265,6,샷 추가 (+1),500
17266,4,HOT,0
17266,1,Tall,0
17266,11,기본,0
17266,6,샷 추가 (+1),500
17267,5,ICE,0
17267,1,Tall,0
17268,5,ICE,0
17268,1,Tall,0
17268,11,기본,0
17269,4,HOT,0
17269,2,Grande,500
17269,11,기본,0
17270,5,ICE,0
17270,1,Tall,0
17270,12,덜 달게,0
17270,9,카라멜 시럽,300
17271,4,HOT,0
17271,3,Venti,1000
17271,11,기본,0
17272,4,HOT,0
17272,2,Grande,500
17272,13,더 달게,0
17272,6,샷 추가 (+1),500
17273,4,HOT,0
17273,3,Venti,1000
17273,12,덜 달게,0
17274,5,ICE,0
17274,2,Grande,500
17274,11,기본,0
17274,8,헤이즐넛 시럽,300
17275,5,ICE,0
17275,3,Venti,1000
17276,5,ICE,0
17276,1,Tall,0
17276,6,샷 추가 (+1),500
17276,9,카라멜 시럽,300
17277,4,HOT,0
17277,1,Tall,0
17277,11,기본,0
17278,4,HOT,0
17278,3,Venti,1000
17279,5,ICE,0
17279,2,Grande,500
17279,6,샷 추가 (+1),500
17279,9,카라멜 시럽,300
17279,10,휘핑크림 추가,500
17280,4,HOT,0
17280,1,Tall,0
17280,6,샷 추가 (+1),500
17281,5,ICE,0
17281,3,Venti,1000
17281,13,더 달게,0
17282,4,HOT,0
17282,3,Venti,1000
17283,5,ICE,0
17283,1,Tall,0
17283,13,더 달게,0
17283,6,샷 추가 (+1),500
17284,4,HOT,0
17284,3,Venti,1000
17284,10,휘핑크림 추가,500
17285,4,HOT,0
17285,2,Grande,500
17286,5,ICE,0
17286,3,Venti,1000
17286,13,더 달게,0
17286,6,샷 추가 (+1),500
17287,5,ICE,0
17287,1,Tall,0
17287,11,기본,0
17288,5,ICE,0
17288,3,Venti,1000
17288,8,헤이즐넛 시럽,300
17289,5,ICE,0
17289,1,Tall,0
17289,6,샷 추가 (+1),500
17290,4,HOT,0
17290,3,Venti,1000
17290,13,더 달게,0
17290,6,샷 추가 (+1),500
17291,5,ICE,0
17291,2,Grande,500
17291,12,덜 달게,0
17292,4,HOT,0
17292,2,Grande,500
17293,4,HOT,0
17293,1,Tall,0
17293,11,기본,0
17294,5,ICE,0
17294,3,Venti,1000
17294,7,바닐라 시럽,300
17295,5,ICE,0
17295,2,Grande,500
17295,13,더 달게,0
17295,6,샷 추가 (+1),500
17295,9,카라멜 시럽,300
17295,10,휘핑크림 추가,500
17296,4,HOT,0
17296,3,Venti,1000
17296,11,기본,0
17297,5,ICE,0
17297,2,Grande,500
17297,11,기본,0
17297,6,샷 추가 (+1),500
17298,5,ICE,0
17298,1,Tall,0
17298,11,기본,0
17298,6,샷 추가 (+1),500
17299,4,HOT,0
17299,1,Tall,0
17299,12,덜 달게,0
17299,6,샷 추가 (+1),500
17299,8,헤이즐넛 시럽,300
17300,4,HOT,0
17300,1,Tall,0
17301,5,ICE,0
17301,2,Grande,500
17301,11,기본,0
17301,6,샷 추가 (+1),500
17302,4,HOT,0
17302,3,Venti,1000
17302,12,덜 달게,0
17302,9,카라멜 시럽,300
17302,10,휘핑크림 추가,500
17303,5,ICE,0
17303,2,Grande,500
17304,4,HOT,0
17304,1,Tall,0
17304,11,기본,0
17305,4,HOT,0
17305,2,Grande,500
17305,12,덜 달게,0
17305,6,샷 추가 (+1),500
17305,10,휘핑크림 추가,500
17306,4,HOT,0
17306,1,Tall,0
17306,12,덜 달게,0
17307,5,ICE,0
17307,2,Grande,500
17307,11,기본,0
17307,6,샷 추가 (+1),500
17308,4,HOT,0
17308,3,Venti,1000
17308,11,기본,0
17308,10,휘핑크림 추가,500
17309,5,ICE,0
17309,2,Grande,500
17309,13,더 달게,0
17310,4,HOT,0
17310,2,Grande,500
17310,11,기본,0
17310,10,휘핑크림 추가,500
17311,4,HOT,0
17311,2,Grande,500
17311,13,더 달게,0
17311,6,샷 추가 (+1),500
17312,4,HOT,0
17312,3,Venti,1000
17312,10,휘핑크림 추가,500
17313,5,ICE,0
17313,1,Tall,0
17314,4,HOT,0
17314,1,Tall,0
17314,13,더 달게,0
17314,9,카라멜 시럽,300
17315,4,HOT,0
17315,2,Grande,500
17315,12,덜 달게,0
17315,6,샷 추가 (+1),500
17315,10,휘핑크림 추가,500
17316,4,HOT,0
17316,1,Tall,0
17317,4,HOT,0
17317,2,Grande,500
17317,11,기본,0
17317,6,샷 추가 (+1),500
17317,10,휘핑크림 추가,500
17318,5,ICE,0
17318,1,Tall,0
17318,9,카라멜 시럽,300
17319,4,HOT,0
17319,1,Tall,0
17319,13,더 달게,0
17320,4,HOT,0
17320,1,Tall,0
17320,11,기본,0
17320,6,샷 추가 (+1),500
17321,4,HOT,0
17321,1,Tall,0
17321,13,더 달게,0
17321,6,샷 추가 (+1),500
17322,5,ICE,0
17322,1,Tall,0
17323,4,HOT,0
17323,3,Venti,1000
17323,12,덜 달게,0
17324,5,ICE,0
17324,1,Tall,0
17324,12,덜 달게,0
17324,9,카라멜 시럽,300
17325,4,HOT,0
17325,3,Venti,1000
17325,11,기본,0
17325,6,샷 추가 (+1),500
17325,10,휘핑크림 추가,500
17326,4,HOT,0
17326,3,Venti,1000
17326,11,기본,0
17326,10,휘핑크림 추가,500
17327,4,HOT,0
17327,3,Venti,1000
17327,11,기본,0
17328,4,HOT,0
17328,2,Grande,500
17328,12,덜 달게,0
17328,9,카라멜 시럽,300
17329,5,ICE,0
17329,3,Venti,1000
17329,11,기본,0
17329,6,샷 추가 (+1),500
17330,4,HOT,0
17330,2,Grande,500
17330,11,기본,0
17331,5,ICE,0
17331,1,Tall,0
17332,5,ICE,0
17332,2,Grande,500
17332,11,기본,0
17332,10,휘핑크림 추가,500
17333,4,HOT,0
17333,1,Tall,0
17333,11,기본,0
17333,10,휘핑크림 추가,500
17334,4,HOT,0
17334,2,Grande,500
17334,13,더 달게,0
17335,4,HOT,0
17335,2,Grande,500
17336,4,HOT,0
17336,2,Grande,500
17336,6,샷 추가 (+1),500
17337,4,HOT,0
17337,1,Tall,0
17338,4,HOT,0
17338,1,Tall,0
17338,11,기본,0
17339,5,ICE,0
17339,1,Tall,0
17339,13,더 달게,0
17339,8,헤이즐넛 시럽,300
17340,5,ICE,0
17340,2,Grande,500
17340,12,덜 달게,0
17341,4,HOT,0
17341,1,Tall,0
17341,12,덜 달게,0
17341,6,샷 추가 (+1),500
17342,4,HOT,0
17342,3,Venti,1000
17342,11,기본,0
17343,4,HOT,0
17343,1,Tall,0
17343,10,휘핑크림 추가,500
17344,4,HOT,0
17344,3,Venti,1000
17344,11,기본,0
17345,5,ICE,0
17345,1,Tall,0
17345,12,덜 달게,0
17345,8,헤이즐넛 시럽,300
17346,4,HOT,0
17346,2,Grande,500
17346,12,덜 달게,0
17346,6,샷 추가 (+1),500
17347,5,ICE,0
17347,1,Tall,0
17347,6,샷 추가 (+1),500
17347,10,휘핑크림 추가,500
17348,5,ICE,0
17348,1,Tall,0
17349,4,HOT,0
17349,1,Tall,0
17349,11,기본,0
17350,4,HOT,0
17350,3,Venti,1000
17351,4,HOT,0
17351,1,Tall,0
17351,11,기본,0
17352,5,ICE,0
17352,2,Grande,500
17353,4,HOT,0
17353,3,Venti,1000
17353,6,샷 추가 (+1),500
17354,5,ICE,0
17354,2,Grande,500
17354,6,샷 추가 (+1),500
17354,7,바닐라 시럽,300
17355,4,HOT,0
17355,2,Grande,500
17355,13,더 달게,0
17356,4,HOT,0
17356,1,Tall,0
17357,5,ICE,0
17357,2,Grande,500
17358,5,ICE,0
17358,3,Venti,1000
17358,11,기본,0
17359,4,HOT,0
17359,1,Tall,0
17359,9,카라멜 시럽,300
17360,5,ICE,0
17360,3,Venti,1000
17361,4,HOT,0
17361,2,Grande,500
17362,4,HOT,0
17362,3,Venti,1000
17362,12,덜 달게,0
17363,4,HOT,0
17363,2,Grande,500
17364,4,HOT,0
17364,2,Grande,500
17364,11,기본,0
17364,8,헤이즐넛 시럽,300
17365,4,HOT,0
17365,1,Tall,0
17365,11,기본,0
17366,5,ICE,0
17366,2,Grande,500
17366,13,더 달게,0
17367,4,HOT,0
17367,1,Tall,0
17367,13,더 달게,0
17368,5,ICE,0
17368,2,Grande,500
17368,11,기본,0
17368,6,샷 추가 (+1),500
17369,5,ICE,0
17369,2,Grande,500
17370,4,HOT,0
17370,2,Grande,500
17371,4,HOT,0
17371,1,Tall,0
17371,11,기본,0
17372,5,ICE,0
17372,3,Venti,1000
17372,11,기본,0
17373,4,HOT,0
17373,1,Tall,0
17373,13,더 달게,0
17374,4,HOT,0
17374,1,Tall,0
17374,12,덜 달게,0
17375,4,HOT,0
17375,2,Grande,500
17375,12,덜 달게,0
17375,7,바닐라 시럽,300
17375,10,휘핑크림 추가,500
17376,4,HOT,0
17376,2,Grande,500
17377,5,ICE,0
17377,1,Tall,0
17377,11,기본,0
17378,4,HOT,0
17378,1,Tall,0
17379,4,HOT,0
17379,3,Venti,1000
17380,4,HOT,0
17380,1,Tall,0
17380,12,덜 달게,0
17381,5,ICE,0
17381,1,Tall,0
17381,11,기본,0
17381,6,샷 추가 (+1),500
17382,5,ICE,0
17382,1,Tall,0
17382,6,샷 추가 (+1),500
17383,5,ICE,0
17383,2,Grande,500
17383,12,덜 달게,0
17383,6,샷 추가 (+1),500
17383,9,카라멜 시럽,300
17384,5,ICE,0
17384,1,Tall,0
17385,5,ICE,0
17385,2,Grande,500
17385,13,더 달게,0
17386,4,HOT,0
17386,2,Grande,500
17386,12,덜 달게,0
17386,9,카라멜 시럽,300
17387,4,HOT,0
17387,1,Tall,0
17387,12,덜 달게,0
17387,6,샷 추가 (+1),500
17387,10,휘핑크림 추가,500
17388,4,HOT,0
17388,1,Tall,0
17388,12,덜 달게,0
17388,10,휘핑크림 추가,500
17389,4,HOT,0
17389,3,Venti,1000
17389,13,더 달게,0
17390,4,HOT,0
17390,1,Tall,0
17390,12,덜 달게,0
17390,9,카라멜 시럽,300
17391,4,HOT,0
17391,1,Tall,0
17391,10,휘핑크림 추가,500
17392,5,ICE,0
17392,2,Grande,500
17392,11,기본,0
17392,9,카라멜 시럽,300
17393,5,ICE,0
17393,3,Venti,1000
17393,11,기본,0
17394,4,HOT,0
17394,2,Grande,500
17394,10,휘핑크림 추가,500
17395,4,HOT,0
17395,3,Venti,1000
17395,11,기본,0
17396,4,HOT,0
17396,3,Venti,1000
17396,13,더 달게,0
17397,4,HOT,0
17397,1,Tall,0
17397,7,바닐라 시럽,300
17398,5,ICE,0
17398,2,Grande,500
17398,12,덜 달게,0
17399,5,ICE,0
17399,1,Tall,0
17400,4,HOT,0
17400,1,Tall,0
17400,13,더 달게,0
17400,10,휘핑크림 추가,500
17401,4,HOT,0
17401,3,Venti,1000
17401,12,덜 달게,0
17402,4,HOT,0
17402,2,Grande,500
17402,11,기본,0
17403,5,ICE,0
17403,3,Venti,1000
17403,11,기본,0
17403,7,바닐라 시럽,300
17404,5,ICE,0
17404,3,Venti,1000
17405,4,HOT,0
17405,1,Tall,0
17405,6,샷 추가 (+1),500
17406,5,ICE,0
17406,2,Grande,500
17406,13,더 달게,0
17407,4,HOT,0
17407,1,Tall,0
17407,11,기본,0
17408,5,ICE,0
17408,2,Grande,500
17408,11,기본,0
17409,5,ICE,0
17409,1,Tall,0
17410,4,HOT,0
17410,1,Tall,0
17410,13,더 달게,0
17410,6,샷 추가 (+1),500
17410,8,헤이즐넛 시럽,300
17411,5,ICE,0
17411,3,Venti,1000
17411,11,기본,0
17412,5,ICE,0
17412,1,Tall,0
17412,11,기본,0
17412,6,샷 추가 (+1),500
17413,4,HOT,0
17413,3,Venti,1000
17413,13,더 달게,0
17414,5,ICE,0
17414,2,Grande,500
17414,11,기본,0
17414,6,샷 추가 (+1),500
17414,10,휘핑크림 추가,500
17415,4,HOT,0
17415,2,Grande,500
17415,6,샷 추가 (+1),500
17416,4,HOT,0
17416,2,Grande,500
17416,13,더 달게,0
17416,10,휘핑크림 추가,500
17417,5,ICE,0
17417,2,Grande,500
17417,11,기본,0
17418,5,ICE,0
17418,3,Venti,1000
17419,4,HOT,0
17419,1,Tall,0
17419,11,기본,0
17420,4,HOT,0
17420,1,Tall,0
17420,12,덜 달게,0
17421,5,ICE,0
17421,1,Tall,0
17421,8,헤이즐넛 시럽,300
17422,5,ICE,0
17422,1,Tall,0
17422,13,더 달게,0
17423,4,HOT,0
17423,3,Venti,1000
17423,11,기본,0
17424,5,ICE,0
17424,2,Grande,500
17424,11,기본,0
17425,5,ICE,0
17425,1,Tall,0
17426,4,HOT,0
17426,2,Grande,500
17426,12,덜 달게,0
17426,6,샷 추가 (+1),500
17426,10,휘핑크림 추가,500
17427,4,HOT,0
17427,1,Tall,0
17428,5,ICE,0
17428,2,Grande,500
17428,11,기본,0
17429,4,HOT,0
17429,1,Tall,0
17429,11,기본,0
17430,5,ICE,0
17430,2,Grande,500
17430,11,기본,0
17430,9,카라멜 시럽,300
17431,4,HOT,0
17431,2,Grande,500
17431,8,헤이즐넛 시럽,300
17432,5,ICE,0
17432,2,Grande,500
17432,12,덜 달게,0
17433,4,HOT,0
17433,2,Grande,500
17433,11,기본,0
17433,6,샷 추가 (+1),500
17434,4,HOT,0
17434,1,Tall,0
17434,11,기본,0
17435,5,ICE,0
17435,2,Grande,500
17435,11,기본,0
17436,5,ICE,0
17436,2,Grande,500
17436,13,더 달게,0
17437,4,HOT,0
17437,2,Grande,500
17437,11,기본,0
17437,6,샷 추가 (+1),500
17438,5,ICE,0
17438,1,Tall,0
17438,6,샷 추가 (+1),500
17439,5,ICE,0
17439,2,Grande,500
17440,5,ICE,0
17440,1,Tall,0
17440,12,덜 달게,0
17440,6,샷 추가 (+1),500
17441,4,HOT,0
17441,1,Tall,0
17441,13,더 달게,0
17441,7,바닐라 시럽,300
17442,4,HOT,0
17442,3,Venti,1000
17442,11,기본,0
17442,8,헤이즐넛 시럽,300
17443,4,HOT,0
17443,2,Grande,500
17444,4,HOT,0
17444,2,Grande,500
17444,11,기본,0
17445,5,ICE,0
17445,2,Grande,500
17446,4,HOT,0
17446,2,Grande,500
17447,4,HOT,0
17447,2,Grande,500
17448,5,ICE,0
17448,2,Grande,500
17448,8,헤이즐넛 시럽,300
17449,4,HOT,0
17449,2,Grande,500
17449,11,기본,0
17449,8,헤이즐넛 시럽,300
17450,4,HOT,0
17450,1,Tall,0
17451,5,ICE,0
17451,2,Grande,500
17451,11,기본,0
17451,6,샷 추가 (+1),500
17452,4,HOT,0
17452,2,Grande,500
17452,6,샷 추가 (+1),500
17453,4,HOT,0
17453,2,Grande,500
17454,4,HOT,0
17454,1,Tall,0
17454,9,카라멜 시럽,300
17455,5,ICE,0
17455,1,Tall,0
17455,6,샷 추가 (+1),500
17455,10,휘핑크림 추가,500
17456,5,ICE,0
17456,1,Tall,0
17456,13,더 달게,0
17457,4,HOT,0
17457,2,Grande,500
17457,12,덜 달게,0
17458,5,ICE,0
17458,1,Tall,0
17458,12,덜 달게,0
17458,7,바닐라 시럽,300
17459,4,HOT,0
17459,1,Tall,0
17460,5,ICE,0
17460,1,Tall,0
17460,6,샷 추가 (+1),500
17461,5,ICE,0
17461,3,Venti,1000
17461,13,더 달게,0
17461,6,샷 추가 (+1),500
17462,5,ICE,0
17462,1,Tall,0
17462,11,기본,0
17463,4,HOT,0
17463,3,Venti,1000
17463,10,휘핑크림 추가,500
17464,5,ICE,0
17464,1,Tall,0
17464,12,덜 달게,0
17464,6,샷 추가 (+1),500
17464,7,바닐라 시럽,300
17465,5,ICE,0
17465,1,Tall,0
17466,4,HOT,0
17466,2,Grande,500
17467,4,HOT,0
17467,2,Grande,500
17467,11,기본,0
17468,5,ICE,0
17468,1,Tall,0
17468,6,샷 추가 (+1),500
17469,5,ICE,0
17469,3,Venti,1000
17470,4,HOT,0
17470,2,Grande,500
17470,13,더 달게,0
17471,5,ICE,0
17471,1,Tall,0
17471,6,샷 추가 (+1),500
17472,5,ICE,0
17472,1,Tall,0
17472,12,덜 달게,0
17472,6,샷 추가 (+1),500
17473,5,ICE,0
17473,2,Grande,500
17473,13,더 달게,0
17474,4,HOT,0
17474,3,Venti,1000
17474,11,기본,0
17474,6,샷 추가 (+1),500
17474,8,헤이즐넛 시럽,300
17475,4,HOT,0
17475,2,Grande,500
17475,9,카라멜 시럽,300
17476,5,ICE,0
17476,1,Tall,0
17476,13,더 달게,0
17476,9,카라멜 시럽,300
17476,10,휘핑크림 추가,500
17477,5,ICE,0
17477,1,Tall,0
17477,6,샷 추가 (+1),500
17478,4,HOT,0
17478,2,Grande,500
17479,5,ICE,0
17479,1,Tall,0
17479,6,샷 추가 (+1),500
17480,4,HOT,0
17480,1,Tall,0
17480,11,기본,0
17480,7,바닐라 시럽,300
17481,4,HOT,0
17481,1,Tall,0
17482,4,HOT,0
17482,2,Grande,500
17482,8,헤이즐넛 시럽,300
17483,5,ICE,0
17483,1,Tall,0
17483,6,샷 추가 (+1),500
17483,9,카라멜 시럽,300
17484,4,HOT,0
17484,1,Tall,0
17484,9,카라멜 시럽,300
17485,4,HOT,0
17485,3,Venti,1000
17486,5,ICE,0
17486,2,Grande,500
17486,6,샷 추가 (+1),500
17486,8,헤이즐넛 시럽,300
17486,10,휘핑크림 추가,500
17487,4,HOT,0
17487,2,Grande,500
17487,13,더 달게,0
17488,4,HOT,0
17488,2,Grande,500
17488,11,기본,0
17488,6,샷 추가 (+1),500
17489,4,HOT,0
17489,1,Tall,0
17490,4,HOT,0
17490,2,Grande,500
17490,11,기본,0
17491,4,HOT,0
17491,3,Venti,1000
17491,11,기본,0
17492,4,HOT,0
17492,1,Tall,0
17492,11,기본,0
17492,6,샷 추가 (+1),500
17493,4,HOT,0
17493,1,Tall,0
17493,6,샷 추가 (+1),500
17493,8,헤이즐넛 시럽,300
17494,5,ICE,0
17494,2,Grande,500
17494,13,더 달게,0
17495,4,HOT,0
17495,3,Venti,1000
17495,6,샷 추가 (+1),500
17496,5,ICE,0
17496,2,Grande,500
17497,4,HOT,0
17497,2,Grande,500
17497,11,기본,0
17498,5,ICE,0
17498,2,Grande,500
17498,11,기본,0
17498,8,헤이즐넛 시럽,300
17499,4,HOT,0
17499,2,Grande,500
17499,6,샷 추가 (+1),500
17500,4,HOT,0
17500,2,Grande,500
17501,4,HOT,0
17501,3,Venti,1000
17501,13,더 달게,0
17501,6,샷 추가 (+1),500
17502,4,HOT,0
17502,3,Venti,1000
17503,5,ICE,0
17503,2,Grande,500
17503,6,샷 추가 (+1),500
17504,5,ICE,0
17504,2,Grande,500
17504,6,샷 추가 (+1),500
17505,4,HOT,0
17505,3,Venti,1000
17505,6,샷 추가 (+1),500
17506,4,HOT,0
17506,2,Grande,500
17506,6,샷 추가 (+1),500
17507,4,HOT,0
17507,3,Venti,1000
17507,12,덜 달게,0
17507,9,카라멜 시럽,300
17507,10,휘핑크림 추가,500
17508,5,ICE,0
17508,3,Venti,1000
17508,6,샷 추가 (+1),500
17509,5,ICE,0
17509,1,Tall,0
17509,11,기본,0
17509,10,휘핑크림 추가,500
17510,4,HOT,0
17510,2,Grande,500
17510,11,기본,0
17511,5,ICE,0
17511,3,Venti,1000
17511,11,기본,0
17512,4,HOT,0
17512,3,Venti,1000
17512,13,더 달게,0
17512,6,샷 추가 (+1),500
17513,4,HOT,0
17513,3,Venti,1000
17513,6,샷 추가 (+1),500
17514,5,ICE,0
17514,3,Venti,1000
17514,6,샷 추가 (+1),500
17515,4,HOT,0
17515,1,Tall,0
17516,5,ICE,0
17516,2,Grande,500
17516,11,기본,0
17517,4,HOT,0
17517,2,Grande,500
17517,13,더 달게,0
17517,9,카라멜 시럽,300
17518,4,HOT,0
17518,2,Grande,500
17518,12,덜 달게,0
17519,5,ICE,0
17519,2,Grande,500
17519,13,더 달게,0
17519,7,바닐라 시럽,300
17520,5,ICE,0
17520,1,Tall,0
17520,11,기본,0
17520,9,카라멜 시럽,300
17521,4,HOT,0
17521,3,Venti,1000
17521,12,덜 달게,0
17522,4,HOT,0
17522,2,Grande,500
17522,6,샷 추가 (+1),500
17523,5,ICE,0
17523,3,Venti,1000
17523,11,기본,0
17524,5,ICE,0
17524,1,Tall,0
17524,13,더 달게,0
17525,4,HOT,0
17525,1,Tall,0
17525,13,더 달게,0
17526,4,HOT,0
17526,1,Tall,0
17526,12,덜 달게,0
17527,4,HOT,0
17527,1,Tall,0
17528,5,ICE,0
17528,2,Grande,500
17529,4,HOT,0
17529,1,Tall,0
17529,6,샷 추가 (+1),500
