order_uuid,session_id,created_at,total_price,status,used_recommendation
order_R0001_0_아메리카노_hot,1,2026-08-18T21:06:00,5500,completed,False
order_R0001_0_아메리카노_ice,1,2026-08-03T15:06:00,11000,completed,False
order_R0001_0_딸기스무디,1,2026-07-24T04:03:00,5500,completed,False
order_R0001_0_망고스무디,1,2026-07-25T10:45:00,5500,completed,False
order_R0002_0_아메리카노_hot,2,2026-01-01T23:06:00,5500,completed,False
order_R0002_0_아메리카노_ice,2,2026-01-07T12:11:00,5500,completed,False
order_R0002_0_콜드브루라떼,2,2026-03-28T17:21:00,5500,completed,False
order_R0002_0_바닐라라떼,2,2026-04-17T07:53:00,5500,completed,False
order_R0002_0_카라멜마끼아또,2,2026-05-04T10:55:00,16500,completed,False
order_R0002_0_녹차라떼,2,2026-04-30T03:44:00,5500,completed,False
order_R0002_0_캐모마일티,2,2026-07-11T04:52:00,5500,completed,False
order_R0003_0_아메리카노_hot,3,2026-10-08T06:11:00,5500,completed,False
order_R0003_0_아메리카노_ice,3,2026-04-23T12:57:00,11000,completed,False
order_R0003_0_드립커피,3,2026-11-13T16:55:00,5500,completed,False
order_R0003_0_바닐라라떼,3,2026-06-03T13:12:00,5500,completed,False
order_R0003_0_카라멜마끼아또,3,2026-04-01T04:12:00,11000,completed,False
order_R0004_0_아메리카노_hot,4,2026-06-10T17:23:00,5500,completed,False
order_R0004_0_아메리카노_ice,4,2026-12-10T08:56:00,5500,completed,False
order_R0004_0_카페라떼_hot,4,2026-09-08T23:24:00,5500,completed,False
order_R0004_0_카페라떼_ice,4,2026-03-22T20:55:00,11000,completed,False
order_R0004_0_드립커피,4,2026-02-07T19:43:00,16500,completed,False
order_R0005_0_프라푸치노,5,2026-02-13T13:03:00,11000,completed,False
order_R0005_0_말차프라페,5,2026-08-12T07:44:00,5500,completed,False
order_R0005_0_녹차라떼,5,2026-04-10T17:14:00,5500,completed,False
order_R0005_0_캐모마일티,5,2026-02-21T16:23:00,11000,completed,False
order_R0005_0_복숭아아이스티,5,2026-07-02T13:40:00,5500,completed,False
order_R0005_0_자몽허니블랙티,5,2026-09-20T14:41:00,5500,completed,False
order_R0005_0_딸기스무디,5,2026-03-18T22:13:00,5500,completed,False
order_R0005_0_망고스무디,5,2026-11-22T09:02:00,11000,completed,False
order_R0006_0_아메리카노_hot,6,2026-07-18T13:26:00,5500,completed,False
order_R0006_0_아메리카노_ice,6,2026-04-27T11:02:00,11000,completed,False
order_R0006_0_바닐라라떼,6,2026-05-05T18:44:00,5500,completed,False
order_R0006_0_카라멜마끼아또,6,2026-04-22T20:33:00,11000,completed,False
order_R0006_0_녹차라떼,6,2026-05-30T20:20:00,5500,completed,False
order_R0006_0_캐모마일티,6,2026-10-28T18:58:00,5500,completed,False
order_R0006_0_복숭아아이스티,6,2026-11-27T16:15:00,16500,completed,False
order_R0006_0_자몽허니블랙티,6,2026-02-14T20:49:00,5500,completed,False
order_R0007_0_아메리카노_hot,7,2026-12-30T13:20:00,11000,completed,False
order_R0007_0_아메리카노_ice,7,2026-10-21T08:57:00,5500,completed,False
order_R0007_0_딸기스무디,7,2026-12-18T23:19:00,16500,completed,False
order_R0007_0_망고스무디,7,2026-09-10T21:51:00,11000,completed,False
order_R0008_0_아메리카노_hot,8,2026-08-19T18:50:00,16500,completed,False
order_R0008_0_아메리카노_ice,8,2026-01-08T14:18:00,16500,completed,False
order_R0008_0_프라푸치노,8,2026-10-14T22:56:00,11000,completed,False
order_R0008_0_말차프라페,8,2026-08-09T20:43:00,11000,completed,False
order_R0008_0_레몬에이드,8,2026-12-21T20:54:00,5500,completed,False
order_R0008_0_자몽에이드,8,2026-06-25T22:17:00,5500,completed,False
order_R0009_0_콜드브루,9,2026-09-03T17:51:00,5500,completed,False
order_R0009_0_레몬에이드,9,2026-06-23T04:04:00,5500,completed,False
order_R0009_0_자몽에이드,9,2026-03-23T23:13:00,11000,completed,False
order_R0009_0_딸기스무디,9,2026-02-03T22:44:00,5500,completed,False
order_R0009_0_망고스무디,9,2026-10-24T20:50:00,5500,completed,False
order_R0010_0_카페라떼_hot,10,2026-02-02T12:27:00,5500,completed,False
order_R0010_0_카페라떼_ice,10,2026-11-14T13:41:00,5500,completed,False
order_R0010_0_카푸치노,10,2026-08-01T21:07:00,5500,completed,False
order_R0010_0_드립커피,10,2026-09-26T19:12:00,16500,completed,False
order_R0010_0_레몬에이드,10,2026-02-14T08:43:00,5500,completed,False
order_R0010_0_자몽에이드,10,2026-09-26T22:02:00,11000,completed,False
order_R0011_0_아메리카노_hot,11,2026-06-12T12:16:00,11000,completed,False
order_R0011_0_아메리카노_ice,11,2026-03-15T11:40:00,5500,completed,False
order_R0011_0_카페라떼_hot,11,2026-04-26T18:10:00,5500,completed,False
order_R0011_0_카페라떼_ice,11,2026-08-07T10:13:00,5500,completed,False
order_R0011_0_콜드브루,11,2026-07-10T12:25:00,11000,completed,False
order_R0011_0_복숭아아이스티,11,2026-05-11T18:18:00,11000,completed,False
order_R0011_0_자몽허니블랙티,11,2026-08-01T14:50:00,11000,completed,False
order_R0011_0_딸기스무디,11,2026-06-24T07:24:00,5500,completed,False
order_R0011_0_망고스무디,11,2026-11-03T09:42:00,5500,completed,False
order_R0012_0_아메리카노_hot,12,2026-09-28T15:54:00,5500,completed,False
order_R0012_0_아메리카노_ice,12,2026-01-29T23:56:00,5500,completed,False
order_R0012_0_카페라떼_hot,12,2026-12-22T13:01:00,5500,completed,False
order_R0012_0_카페라떼_ice,12,2026-11-16T00:00:00,5500,completed,False
order_R0012_0_레몬에이드,12,2026-02-08T13:01:00,11000,completed,False
order_R0012_0_자몽에이드,12,2026-10-30T07:04:00,11000,completed,False
order_R0013_0_에스프레소,13,2026-06-07T06:36:00,11000,completed,False
order_R0013_0_아메리카노_hot,13,2026-02-03T17:28:00,5500,completed,False
order_R0013_0_아메리카노_ice,13,2026-02-12T21:23:00,11000,completed,False
order_R0013_0_녹차라떼,13,2026-08-04T14:31:00,5500,completed,False
order_R0013_0_캐모마일티,13,2026-08-13T20:43:00,5500,completed,False
order_R0013_0_레몬에이드,13,2026-05-18T06:16:00,5500,completed,False
order_R0013_0_자몽에이드,13,2026-04-12T06:07:00,5500,completed,False
order_R0014_0_아메리카노_hot,14,2026-12-20T07:57:00,5500,completed,False
order_R0014_0_아메리카노_ice,14,2026-11-18T19:31:00,11000,completed,False
order_R0014_0_카페라떼_hot,14,2026-04-28T06:53:00,11000,completed,False
order_R0014_0_카페라떼_ice,14,2026-09-03T17:43:00,5500,completed,False
order_R0014_0_딸기스무디,14,2026-05-14T11:00:00,16500,completed,False
order_R0014_0_망고스무디,14,2026-03-25T17:10:00,11000,completed,False
order_R0015_0_드립커피,15,2026-06-17T12:05:00,11000,completed,False
order_R0015_0_녹차라떼,15,2026-04-23T00:37:00,5500,completed,False
order_R0015_0_캐모마일티,15,2026-06-19T21:39:00,5500,completed,False
order_R0016_0_콜드브루,16,2026-01-30T06:54:00,5500,completed,False
order_R0016_1_콜드브루,16,2026-06-15T05:41:00,5500,completed,False
order_R0016_0_콜드브루라떼,16,2026-12-19T21:39:00,11000,completed,False
order_R0016_1_콜드브루라떼,16,2026-03-28T21:06:00,11000,completed,False
order_R0016_2_콜드브루라떼,16,2026-08-11T16:47:00,5500,completed,False
order_R0016_3_콜드브루라떼,16,2026-09-23T12:49:00,5500,completed,False
order_R0016_4_콜드브루라떼,16,2026-03-23T17:37:00,5500,completed,False
order_R0016_5_콜드브루라떼,16,2026-08-16T20:27:00,16500,completed,False
order_R0016_0_프라푸치노,16,2026-12-17T13:08:00,5500,completed,False
order_R0016_0_말차프라페,16,2026-03-14T13:52:00,5500,completed,False
order_R0016_0_복숭아아이스티,16,2026-09-20T12:35:00,5500,completed,False
order_R0016_0_자몽허니블랙티,16,2026-09-06T22:37:00,5500,completed,False
order_R0017_0_바닐라라떼,17,2026-09-29T12:12:00,11000,completed,False
order_R0017_0_카라멜마끼아또,17,2026-08-31T23:35:00,5500,completed,False
order_R0017_0_복숭아아이스티,17,2026-04-14T15:07:00,5500,completed,False
order_R0017_0_자몽허니블랙티,17,2026-04-06T17:07:00,11000,completed,False
order_R0017_0_딸기스무디,17,2026-11-25T11:27:00,11000,completed,False
order_R0017_0_망고스무디,17,2026-12-30T18:37:00,5500,completed,False
order_R0018_0_아메리카노_hot,18,2026-02-27T09:30:00,11000,completed,False
order_R0018_0_아메리카노_ice,18,2026-01-19T03:04:00,5500,completed,False
order_R0018_0_카페라떼_hot,18,2026-03-28T20:42:00,11000,completed,False
order_R0018_0_카페라떼_ice,18,2026-04-29T16:11:00,5500,completed,False
order_R0019_0_아메리카노_hot,19,2026-08-08T16:28:00,5500,completed,False
order_R0019_0_아메리카노_ice,19,2026-05-13T04:22:00,5500,completed,False
order_R0019_0_콜드브루라떼,19,2026-09-06T04:07:00,5500,completed,False
order_R0019_1_콜드브루라떼,19,2026-08-02T08:53:00,5500,completed,False
order_R0019_0_바닐라라떼,19,2026-11-14T13:17:00,16500,completed,False
order_R0019_0_카라멜마끼아또,19,2026-03-03T11:47:00,5500,completed,False
order_R0020_0_에스프레소,20,2026-01-27T05:29:00,11000,completed,False
order_R0020_0_카페라떼_hot,20,2026-06-09T16:48:00,11000,completed,False
order_R0020_0_카페라떼_ice,20,2026-03-20T16:07:00,5500,completed,False
order_R0020_0_바닐라라떼,20,2026-01-13T13:11:00,11000,completed,False
order_R0020_0_카라멜마끼아또,20,2026-05-30T08:45:00,5500,completed,False
order_R0020_0_레몬에이드,20,2026-07-03T07:37:00,5500,completed,False
order_R0020_0_자몽에이드,20,2026-06-07T05:13:00,5500,completed,False
order_R0021_0_아메리카노_hot,21,2026-05-01T23:38:00,11000,completed,False
order_R0021_0_아메리카노_ice,21,2026-01-06T05:38:00,5500,completed,False
order_R0021_0_녹차라떼,21,2026-03-01T18:22:00,11000,completed,False
order_R0021_0_캐모마일티,21,2026-10-20T11:10:00,5500,completed,False
order_R0021_0_딸기스무디,21,2026-02-12T13:53:00,5500,completed,False
order_R0021_0_망고스무디,21,2026-02-21T09:36:00,11000,completed,False
order_R0022_0_아메리카노_hot,22,2026-04-29T16:15:00,11000,completed,False
order_R0022_0_아메리카노_ice,22,2026-06-08T20:52:00,5500,completed,False
order_R0022_0_콜드브루,22,2026-08-22T23:38:00,5500,completed,False
order_R0022_1_콜드브루,22,2026-11-15T12:21:00,11000,completed,False
order_R0023_0_아메리카노_hot,23,2026-03-14T08:09:00,11000,completed,False
order_R0023_0_아메리카노_ice,23,2026-09-28T02:59:00,5500,completed,False
order_R0023_0_카페라떼_hot,23,2026-01-09T18:48:00,5500,completed,False
order_R0023_0_카페라떼_ice,23,2026-07-30T15:08:00,5500,completed,False
order_R0023_0_녹차라떼,23,2026-08-14T14:49:00,5500,completed,False
order_R0023_0_캐모마일티,23,2026-07-24T03:05:00,5500,completed,False
order_R0024_0_아메리카노_hot,24,2026-10-15T06:07:00,5500,completed,False
order_R0024_0_아메리카노_ice,24,2026-07-01T02:12:00,5500,completed,False
order_R0024_0_바닐라라떼,24,2026-02-05T20:35:00,11000,completed,False
order_R0024_0_카라멜마끼아또,24,2026-10-20T18:50:00,5500,completed,False
order_R0024_0_복숭아아이스티,24,2026-04-21T15:48:00,5500,completed,False
order_R0024_0_자몽허니블랙티,24,2026-08-29T14:02:00,5500,completed,False
order_R0025_0_콜드브루라떼,25,2026-04-02T21:04:00,11000,completed,False
order_R0025_1_콜드브루라떼,25,2026-03-08T18:17:00,5500,completed,False
order_R0025_2_콜드브루라떼,25,2026-06-27T20:48:00,11000,completed,False
order_R0025_3_콜드브루라떼,25,2026-10-27T10:29:00,5500,completed,False
order_R0025_4_콜드브루라떼,25,2026-12-06T00:33:00,5500,completed,False
order_R0025_5_콜드브루라떼,25,2026-02-14T08:21:00,11000,completed,False
order_R0025_0_바닐라라떼,25,2026-11-26T12:37:00,5500,completed,False
order_R0025_0_카라멜마끼아또,25,2026-12-01T23:36:00,5500,completed,False
order_R0025_0_프라푸치노,25,2026-07-04T11:39:00,16500,completed,False
order_R0025_0_말차프라페,25,2026-07-02T13:24:00,11000,completed,False
order_R0026_0_에스프레소,26,2026-09-22T03:00:00,5500,completed,False
order_R0026_1_에스프레소,26,2026-10-06T04:54:00,5500,completed,False
order_R0026_0_아메리카노_hot,26,2026-03-16T01:28:00,11000,completed,False
order_R0026_0_아메리카노_ice,26,2026-12-05T12:39:00,5500,completed,False
order_R0028_0_아메리카노_hot,28,2026-11-24T12:38:00,11000,completed,False
order_R0028_0_아메리카노_ice,28,2026-09-09T15:45:00,5500,completed,False
order_R0028_0_카페라떼_hot,28,2026-12-02T12:00:00,11000,completed,False
order_R0028_0_카페라떼_ice,28,2026-01-15T19:54:00,11000,completed,False
order_R0028_0_콜드브루라떼,28,2026-03-15T20:31:00,5500,completed,False
order_R0028_0_바닐라라떼,28,2026-02-16T11:21:00,5500,completed,False
order_R0028_0_카라멜마끼아또,28,2026-02-07T17:12:00,11000,completed,False
order_R0028_0_딸기스무디,28,2026-07-21T20:06:00,16500,completed,False
order_R0028_0_망고스무디,28,2026-08-11T17:34:00,16500,completed,False
order_R0029_0_아메리카노_hot,29,2026-01-15T16:39:00,16500,completed,False
order_R0029_0_아메리카노_ice,29,2026-08-17T15:34:00,5500,completed,False
order_R0029_0_카페라떼_hot,29,2026-12-30T07:58:00,11000,completed,False
order_R0029_0_카페라떼_ice,29,2026-11-04T23:33:00,11000,completed,False
order_R0029_0_카푸치노,29,2026-12-13T19:36:00,5500,completed,False
order_R0029_0_딸기스무디,29,2026-02-10T09:38:00,11000,completed,False
order_R0029_0_망고스무디,29,2026-06-15T07:41:00,5500,completed,False
order_R0030_0_아메리카노_hot,30,2026-08-29T01:25:00,11000,completed,False
order_R0030_0_아메리카노_ice,30,2026-03-21T10:55:00,5500,completed,False
order_R0030_0_콜드브루라떼,30,2026-02-18T03:06:00,5500,completed,False
order_R0030_0_프라푸치노,30,2026-11-11T13:48:00,5500,completed,False
order_R0030_0_말차프라페,30,2026-07-14T14:39:00,11000,completed,False
order_R0030_0_레몬에이드,30,2026-06-09T23:38:00,5500,completed,False
order_R0030_0_자몽에이드,30,2026-09-14T17:27:00,11000,completed,False
order_R0031_0_에스프레소,31,2026-01-10T07:45:00,5500,completed,False
order_R0031_0_아메리카노_hot,31,2026-05-12T01:40:00,5500,completed,False
order_R0031_0_아메리카노_ice,31,2026-05-26T15:22:00,11000,completed,False
order_R0031_0_카페라떼_hot,31,2026-03-15T01:12:00,11000,completed,False
order_R0031_0_카페라떼_ice,31,2026-05-27T13:52:00,16500,completed,False
order_R0031_0_프라푸치노,31,2026-03-05T11:24:00,5500,completed,False
order_R0031_0_말차프라페,31,2026-07-23T23:18:00,5500,completed,False
order_R0031_0_복숭아아이스티,31,2026-04-07T15:14:00,5500,completed,False
order_R0031_0_자몽허니블랙티,31,2026-03-06T12:05:00,5500,completed,False
order_R0032_0_에스프레소,32,2026-05-12T15:52:00,5500,completed,False
order_R0032_1_에스프레소,32,2026-02-14T13:13:00,5500,completed,False
order_R0032_0_아메리카노_hot,32,2026-05-02T12:40:00,16500,completed,False
order_R0032_0_아메리카노_ice,32,2026-09-17T06:14:00,11000,completed,False
order_R0032_0_콜드브루라떼,32,2026-10-14T01:22:00,11000,completed,False
order_R0032_0_프라푸치노,32,2026-02-23T22:06:00,11000,completed,False
order_R0032_0_말차프라페,32,2026-10-31T23:38:00,11000,completed,False
order_R0032_0_딸기스무디,32,2026-07-21T00:28:00,5500,completed,False
order_R0032_0_망고스무디,32,2026-09-02T19:56:00,5500,completed,False
order_R0033_0_아메리카노_hot,33,2026-11-25T16:10:00,5500,completed,False
order_R0033_0_아메리카노_ice,33,2026-12-17T21:33:00,11000,completed,False
order_R0034_0_아메리카노_hot,34,2026-04-14T18:05:00,11000,completed,False
order_R0034_0_아메리카노_ice,34,2026-12-05T02:48:00,5500,completed,False
order_R0034_0_카페라떼_hot,34,2026-07-07T04:48:00,5500,completed,False
order_R0034_0_카페라떼_ice,34,2026-08-14T11:36:00,11000,completed,False
order_R0034_0_바닐라라떼,34,2026-08-23T23:36:00,5500,completed,False
order_R0034_0_카라멜마끼아또,34,2026-08-20T11:29:00,5500,completed,False
order_R0034_0_딸기스무디,34,2026-03-19T16:38:00,5500,completed,False
order_R0034_0_망고스무디,34,2026-09-28T12:46:00,16500,completed,False
order_R0035_0_아메리카노_hot,35,2026-11-04T14:25:00,5500,completed,False
order_R0035_0_아메리카노_ice,35,2026-12-06T14:25:00,5500,completed,False
order_R0035_0_콜드브루라떼,35,2026-12-28T21:49:00,16500,completed,False
order_R0035_1_콜드브루라떼,35,2026-05-12T19:14:00,5500,completed,False
order_R0035_0_바닐라라떼,35,2026-05-01T07:00:00,5500,completed,False
order_R0035_0_카라멜마끼아또,35,2026-07-13T09:46:00,5500,completed,False
order_R0036_0_아메리카노_hot,36,2026-08-16T20:06:00,5500,completed,False
order_R0036_0_아메리카노_ice,36,2026-05-19T18:06:00,5500,completed,False
order_R0036_0_카페라떼_hot,36,2026-04-02T09:11:00,5500,completed,False
order_R0036_0_카페라떼_ice,36,2026-01-06T07:58:00,5500,completed,False
order_R0036_0_콜드브루,36,2026-09-16T15:45:00,11000,completed,False
order_R0036_0_바닐라라떼,36,2026-06-27T02:56:00,5500,completed,False
order_R0036_0_카라멜마끼아또,36,2026-05-15T12:36:00,5500,completed,False
order_R0037_0_아메리카노_hot,37,2026-08-14T09:41:00,5500,completed,False
order_R0037_0_아메리카노_ice,37,2026-10-23T14:10:00,5500,completed,False
order_R0037_0_카페라떼_hot,37,2026-07-11T22:27:00,5500,completed,False
order_R0037_0_카페라떼_ice,37,2026-08-22T18:05:00,5500,completed,False
order_R0037_0_카푸치노,37,2026-05-15T11:38:00,5500,completed,False
order_R0037_0_바닐라라떼,37,2026-08-30T11:32:00,16500,completed,False
order_R0037_0_카라멜마끼아또,37,2026-02-06T12:27:00,11000,completed,False
order_R0037_0_녹차라떼,37,2026-09-03T05:27:00,5500,completed,False
order_R0037_0_캐모마일티,37,2026-12-01T15:08:00,5500,completed,False
order_R0037_0_레몬에이드,37,2026-12-13T19:34:00,11000,completed,False
order_R0037_0_자몽에이드,37,2026-05-20T06:04:00,11000,completed,False
order_R0038_0_카페라떼_hot,38,2026-05-02T08:52:00,11000,completed,False
order_R0038_0_카페라떼_ice,38,2026-11-07T11:55:00,11000,completed,False
order_R0039_0_아메리카노_hot,39,2026-07-14T09:27:00,5500,completed,False
order_R0039_0_아메리카노_ice,39,2026-05-21T07:06:00,5500,completed,False
order_R0039_0_바닐라라떼,39,2026-08-07T09:26:00,11000,completed,False
order_R0039_0_카라멜마끼아또,39,2026-10-09T11:43:00,5500,completed,False
order_R0039_0_딸기스무디,39,2026-06-07T06:53:00,5500,completed,False
order_R0039_0_망고스무디,39,2026-03-17T15:53:00,5500,completed,False
order_R0040_0_콜드브루,40,2026-06-29T08:55:00,11000,completed,False
order_R0040_1_콜드브루,40,2026-07-22T15:26:00,5500,completed,False
order_R0040_2_콜드브루,40,2026-09-29T22:37:00,16500,completed,False
order_R0040_3_콜드브루,40,2026-06-11T04:03:00,11000,completed,False
order_R0040_4_콜드브루,40,2026-09-17T07:35:00,5500,completed,False
order_R0040_0_프라푸치노,40,2026-02-13T10:59:00,5500,completed,False
order_R0040_0_말차프라페,40,2026-11-25T12:05:00,11000,completed,False
order_R0040_0_복숭아아이스티,40,2026-12-29T21:15:00,5500,completed,False
order_R0040_0_자몽허니블랙티,40,2026-12-30T01:03:00,5500,completed,False
order_R0041_0_아메리카노_hot,41,2026-08-07T05:44:00,11000,completed,False
order_R0041_0_아메리카노_ice,41,2026-12-10T05:37:00,11000,completed,False
order_R0041_0_드립커피,41,2026-05-27T23:46:00,11000,completed,False
order_R0041_0_바닐라라떼,41,2026-05-14T12:05:00,5500,completed,False
order_R0041_0_카라멜마끼아또,41,2026-07-06T11:55:00,11000,completed,False
order_R0041_0_녹차라떼,41,2026-11-22T17:11:00,5500,completed,False
order_R0041_0_캐모마일티,41,2026-07-20T13:58:00,5500,completed,False
order_R0042_0_아메리카노_hot,42,2026-05-07T14:45:00,11000,completed,False
order_R0042_0_아메리카노_ice,42,2026-02-25T11:19:00,5500,completed,False
order_R0042_0_바닐라라떼,42,2026-03-28T20:01:00,5500,completed,False
order_R0042_0_카라멜마끼아또,42,2026-09-24T15:43:00,5500,completed,False
order_R0042_0_레몬에이드,42,2026-02-12T13:16:00,5500,completed,False
order_R0042_0_자몽에이드,42,2026-03-21T01:26:00,16500,completed,False
order_R0043_0_아메리카노_hot,43,2026-02-21T15:47:00,5500,completed,False
order_R0043_0_아메리카노_ice,43,2026-04-11T16:10:00,11000,completed,False
order_R0043_0_카페라떼_hot,43,2026-08-29T18:02:00,5500,completed,False
order_R0043_0_카페라떼_ice,43,2026-05-10T13:10:00,5500,completed,False
order_R0043_0_콜드브루라떼,43,2026-07-17T19:07:00,5500,completed,False
order_R0043_0_복숭아아이스티,43,2026-11-07T02:03:00,5500,completed,False
order_R0043_0_자몽허니블랙티,43,2026-06-01T15:07:00,5500,completed,False
order_R0043_0_레몬에이드,43,2026-12-07T14:10:00,11000,completed,False
order_R0043_0_자몽에이드,43,2026-10-14T21:53:00,5500,completed,False
order_R0044_0_아메리카노_hot,44,2026-01-27T21:05:00,5500,completed,False
order_R0044_0_아메리카노_ice,44,2026-05-22T19:53:00,5500,completed,False
order_R0045_0_아메리카노_hot,45,2026-04-28T12:30:00,5500,completed,False
order_R0045_0_아메리카노_ice,45,2026-03-12T18:27:00,5500,completed,False
order_R0045_0_카페라떼_hot,45,2026-02-20T02:14:00,5500,completed,False
order_R0045_0_카페라떼_ice,45,2026-09-15T21:41:00,11000,completed,False
order_R0045_0_복숭아아이스티,45,2026-10-02T11:53:00,5500,completed,False
order_R0045_0_자몽허니블랙티,45,2026-06-27T12:29:00,5500,completed,False
order_R0045_0_딸기스무디,45,2026-11-15T22:58:00,11000,completed,False
order_R0045_0_망고스무디,45,2026-11-05T01:33:00,5500,completed,False
order_R0046_0_아메리카노_hot,46,2026-11-27T16:27:00,5500,completed,False
order_R0046_0_아메리카노_ice,46,2026-09-08T10:45:00,5500,completed,False
order_R0046_0_카페라떼_hot,46,2026-11-28T07:52:00,11000,completed,False
order_R0046_0_카페라떼_ice,46,2026-03-30T23:08:00,5500,completed,False
order_R0046_0_카푸치노,46,2026-07-14T17:52:00,16500,completed,False
order_R0046_0_녹차라떼,46,2026-04-25T12:46:00,5500,completed,False
order_R0046_0_캐모마일티,46,2026-09-05T09:31:00,5500,completed,False
order_R0046_0_레몬에이드,46,2026-03-18T14:56:00,11000,completed,False
order_R0046_0_자몽에이드,46,2026-12-08T07:50:00,5500,completed,False
order_R0046_0_딸기스무디,46,2026-06-01T22:06:00,16500,completed,False
order_R0046_0_망고스무디,46,2026-11-03T13:00:00,5500,completed,False
order_R0047_0_아메리카노_hot,47,2026-09-28T19:20:00,16500,completed,False
order_R0047_0_아메리카노_ice,47,2026-12-04T15:42:00,5500,completed,False
order_R0047_0_카페라떼_hot,47,2026-05-22T11:21:00,5500,completed,False
order_R0047_0_카페라떼_ice,47,2026-04-07T15:56:00,11000,completed,False
order_R0047_0_복숭아아이스티,47,2026-01-20T14:45:00,5500,completed,False
order_R0047_0_자몽허니블랙티,47,2026-05-14T21:59:00,11000,completed,False
order_R0047_0_레몬에이드,47,2026-09-19T21:07:00,11000,completed,False
order_R0047_0_자몽에이드,47,2026-08-14T13:29:00,5500,completed,False
order_R0048_0_카페라떼_hot,48,2026-03-04T11:05:00,11000,completed,False
order_R0048_0_카페라떼_ice,48,2026-07-21T08:01:00,5500,completed,False
order_R0048_0_바닐라라떼,48,2026-11-13T22:14:00,11000,completed,False
order_R0048_0_카라멜마끼아또,48,2026-07-14T12:06:00,11000,completed,False
order_R0048_0_녹차라떼,48,2026-11-04T21:32:00,5500,completed,False
order_R0048_0_캐모마일티,48,2026-12-29T05:28:00,5500,completed,False
order_R0049_0_아메리카노_hot,49,2026-02-25T08:38:00,5500,completed,False
order_R0049_0_아메리카노_ice,49,2026-04-30T13:34:00,11000,completed,False
order_R0049_0_레몬에이드,49,2026-01-02T19:51:00,5500,completed,False
order_R0049_0_자몽에이드,49,2026-05-12T08:07:00,16500,completed,False
order_R0050_0_아메리카노_hot,50,2026-11-24T17:52:00,5500,completed,False
order_R0050_0_아메리카노_ice,50,2026-08-16T21:56:00,11000,completed,False
order_R0051_0_아메리카노_hot,51,2026-06-04T14:55:00,5500,completed,False
order_R0051_0_아메리카노_ice,51,2026-01-28T22:04:00,5500,completed,False
order_R0051_0_드립커피,51,2026-01-19T19:22:00,5500,completed,False
order_R0051_0_복숭아아이스티,51,2026-06-13T22:11:00,5500,completed,False
order_R0051_0_자몽허니블랙티,51,2026-05-25T12:58:00,5500,completed,False
order_R0052_0_아메리카노_hot,52,2026-11-16T17:23:00,5500,completed,False
order_R0052_0_아메리카노_ice,52,2026-10-07T14:18:00,11000,completed,False
order_R0052_0_프라푸치노,52,2026-02-13T10:56:00,5500,completed,False
order_R0052_0_말차프라페,52,2026-08-06T06:29:00,5500,completed,False
order_R0052_0_복숭아아이스티,52,2026-08-25T19:14:00,16500,completed,False
order_R0052_0_자몽허니블랙티,52,2026-05-15T08:34:00,16500,completed,False
order_R0053_0_콜드브루,53,2026-09-29T19:14:00,5500,completed,False
order_R0053_1_콜드브루,53,2026-11-24T16:17:00,11000,completed,False
order_R0053_2_콜드브루,53,2026-11-01T23:50:00,5500,completed,False
order_R0053_3_콜드브루,53,2026-08-28T10:43:00,5500,completed,False
order_R0053_0_레몬에이드,53,2026-04-08T18:25:00,5500,completed,False
order_R0053_0_자몽에이드,53,2026-09-10T00:41:00,11000,completed,False
order_R0054_0_아메리카노_hot,54,2026-06-12T07:00:00,5500,completed,False
order_R0054_0_아메리카노_ice,54,2026-01-26T11:26:00,5500,completed,False
order_R0054_0_카페라떼_hot,54,2026-10-22T22:12:00,11000,completed,False
order_R0054_0_카페라떼_ice,54,2026-12-12T05:48:00,11000,completed,False
order_R0054_0_카푸치노,54,2026-03-15T18:32:00,11000,completed,False
order_R0054_0_레몬에이드,54,2026-02-07T17:03:00,5500,completed,False
order_R0054_0_자몽에이드,54,2026-02-26T09:41:00,11000,completed,False
order_R0055_0_아메리카노_hot,55,2026-12-09T21:08:00,5500,completed,False
order_R0055_0_아메리카노_ice,55,2026-09-28T18:16:00,5500,completed,False
order_R0055_0_프라푸치노,55,2026-04-13T11:10:00,5500,completed,False
order_R0055_0_말차프라페,55,2026-12-28T11:02:00,16500,completed,False
order_R0056_0_아메리카노_hot,56,2026-05-02T11:46:00,5500,completed,False
order_R0056_0_아메리카노_ice,56,2026-12-03T04:33:00,5500,completed,False
order_R0056_0_레몬에이드,56,2026-05-30T08:43:00,11000,completed,False
order_R0056_0_자몽에이드,56,2026-07-25T23:38:00,11000,completed,False
order_R0056_0_딸기스무디,56,2026-07-14T06:51:00,5500,completed,False
order_R0056_0_망고스무디,56,2026-10-22T10:51:00,11000,completed,False
order_R0057_0_아메리카노_hot,57,2026-06-22T04:32:00,11000,completed,False
order_R0057_0_아메리카노_ice,57,2026-12-01T17:16:00,5500,completed,False
order_R0057_0_카페라떼_hot,57,2026-05-23T01:02:00,11000,completed,False
order_R0057_0_카페라떼_ice,57,2026-06-28T21:56:00,5500,completed,False
order_R0057_0_레몬에이드,57,2026-08-19T13:39:00,11000,completed,False
order_R0057_0_자몽에이드,57,2026-08-26T06:33:00,5500,completed,False
order_R0057_0_딸기스무디,57,2026-07-21T06:42:00,5500,completed,False
order_R0057_0_망고스무디,57,2026-10-14T16:27:00,5500,completed,False
order_R0058_0_아메리카노_hot,58,2026-06-15T07:26:00,5500,completed,False
order_R0058_0_아메리카노_ice,58,2026-06-30T19:49:00,5500,completed,False
order_R0058_0_프라푸치노,58,2026-11-30T13:47:00,11000,completed,False
order_R0058_0_말차프라페,58,2026-03-05T23:52:00,16500,completed,False
order_R0058_0_레몬에이드,58,2026-01-19T11:15:00,16500,completed,False
order_R0058_0_자몽에이드,58,2026-08-09T07:20:00,5500,completed,False
order_R0059_0_프라푸치노,59,2026-11-25T16:03:00,5500,completed,False
order_R0059_0_말차프라페,59,2026-01-18T16:23:00,5500,completed,False
order_R0060_0_아메리카노_hot,60,2026-11-21T21:37:00,5500,completed,False
order_R0060_0_아메리카노_ice,60,2026-07-26T17:03:00,5500,completed,False
order_R0060_0_바닐라라떼,60,2026-03-25T12:21:00,5500,completed,False
order_R0060_0_카라멜마끼아또,60,2026-01-06T20:54:00,11000,completed,False
order_R0060_0_레몬에이드,60,2026-08-09T13:03:00,5500,completed,False
order_R0060_0_자몽에이드,60,2026-09-20T22:18:00,5500,completed,False
order_R0061_0_아메리카노_hot,61,2026-01-03T21:41:00,5500,completed,False
order_R0061_0_아메리카노_ice,61,2026-03-26T21:24:00,11000,completed,False
order_R0061_0_드립커피,61,2026-11-11T01:43:00,11000,completed,False
order_R0061_0_프라푸치노,61,2026-03-12T11:44:00,11000,completed,False
order_R0061_0_말차프라페,61,2026-06-15T23:05:00,5500,completed,False
order_R0061_0_딸기스무디,61,2026-05-20T13:19:00,5500,completed,False
order_R0061_0_망고스무디,61,2026-08-18T00:12:00,5500,completed,False
order_R0062_0_아메리카노_hot,62,2026-09-07T20:10:00,16500,completed,False
order_R0062_0_아메리카노_ice,62,2026-09-22T11:33:00,5500,completed,False
order_R0063_0_아메리카노_hot,63,2026-02-19T10:23:00,11000,completed,False
order_R0063_0_아메리카노_ice,63,2026-05-20T14:06:00,11000,completed,False
order_R0063_0_카페라떼_hot,63,2026-07-03T07:46:00,5500,completed,False
order_R0063_0_카페라떼_ice,63,2026-05-03T16:51:00,5500,completed,False
order_R0063_0_프라푸치노,63,2026-09-06T04:19:00,11000,completed,False
order_R0063_0_말차프라페,63,2026-04-21T17:52:00,16500,completed,False
order_R0063_0_딸기스무디,63,2026-09-07T21:42:00,5500,completed,False
order_R0063_0_망고스무디,63,2026-05-06T17:36:00,11000,completed,False
order_R0064_0_아메리카노_hot,64,2026-12-19T09:47:00,11000,completed,False
order_R0064_0_아메리카노_ice,64,2026-02-25T14:49:00,11000,completed,False
order_R0064_0_복숭아아이스티,64,2026-12-22T12:47:00,11000,completed,False
order_R0064_0_자몽허니블랙티,64,2026-04-02T01:32:00,5500,completed,False
order_R0065_0_아메리카노_hot,65,2026-11-10T15:01:00,5500,completed,False
order_R0065_0_아메리카노_ice,65,2026-09-01T17:52:00,11000,completed,False
order_R0065_0_콜드브루,65,2026-01-25T22:37:00,11000,completed,False
order_R0065_0_드립커피,65,2026-01-08T22:32:00,5500,completed,False
order_R0065_0_레몬에이드,65,2026-05-21T16:11:00,16500,completed,False
order_R0065_0_자몽에이드,65,2026-02-11T23:23:00,11000,completed,False
order_R0066_0_아메리카노_hot,66,2026-06-17T07:18:00,5500,completed,False
order_R0066_0_아메리카노_ice,66,2026-03-11T06:40:00,5500,completed,False
order_R0066_0_카페라떼_hot,66,2026-10-28T22:26:00,11000,completed,False
order_R0066_0_카페라떼_ice,66,2026-07-03T03:37:00,11000,completed,False
order_R0066_0_카푸치노,66,2026-10-19T21:35:00,11000,completed,False
order_R0066_0_녹차라떼,66,2026-08-27T20:52:00,5500,completed,False
order_R0066_0_캐모마일티,66,2026-12-23T22:11:00,11000,completed,False
order_R0067_0_아메리카노_hot,67,2026-10-31T06:21:00,5500,completed,False
order_R0067_0_아메리카노_ice,67,2026-08-01T23:01:00,5500,completed,False
order_R0067_0_카푸치노,67,2026-03-30T04:48:00,5500,completed,False
order_R0067_0_바닐라라떼,67,2026-09-27T18:30:00,11000,completed,False
order_R0067_0_카라멜마끼아또,67,2026-06-18T14:10:00,11000,completed,False
order_R0068_0_아메리카노_hot,68,2026-06-15T15:22:00,5500,completed,False
order_R0068_0_아메리카노_ice,68,2026-01-06T11:51:00,11000,completed,False
order_R0068_0_카페라떼_hot,68,2026-02-09T16:16:00,5500,completed,False
order_R0068_0_카페라떼_ice,68,2026-08-11T13:33:00,5500,completed,False
order_R0069_0_카페라떼_hot,69,2026-09-08T15:53:00,16500,completed,False
order_R0069_0_카페라떼_ice,69,2026-11-25T21:21:00,5500,completed,False
order_R0069_0_드립커피,69,2026-05-02T10:36:00,5500,completed,False
order_R0069_0_바닐라라떼,69,2026-11-24T19:10:00,5500,completed,False
order_R0069_0_카라멜마끼아또,69,2026-02-28T22:44:00,5500,completed,False
order_R0069_0_녹차라떼,69,2026-04-30T07:19:00,5500,completed,False
order_R0069_0_캐모마일티,69,2026-12-02T09:00:00,11000,completed,False
order_R0069_0_복숭아아이스티,69,2026-10-06T10:25:00,5500,completed,False
order_R0069_0_자몽허니블랙티,69,2026-06-02T10:19:00,5500,completed,False
order_R0070_0_복숭아아이스티,70,2026-06-18T06:56:00,11000,completed,False
order_R0070_0_자몽허니블랙티,70,2026-09-20T13:43:00,16500,completed,False
order_R0070_0_레몬에이드,70,2026-06-04T23:07:00,5500,completed,False
order_R0070_0_자몽에이드,70,2026-12-16T22:09:00,16500,completed,False
order_R0070_0_딸기스무디,70,2026-11-02T22:59:00,5500,completed,False
order_R0070_0_망고스무디,70,2026-02-03T13:52:00,11000,completed,False
order_R0071_0_카페라떼_hot,71,2026-12-10T23:18:00,11000,completed,False
order_R0071_0_카페라떼_ice,71,2026-08-15T21:55:00,11000,completed,False
order_R0071_0_레몬에이드,71,2026-02-21T09:52:00,5500,completed,False
order_R0071_0_자몽에이드,71,2026-03-10T18:52:00,5500,completed,False
order_R0072_0_아메리카노_hot,72,2026-02-02T22:45:00,5500,completed,False
order_R0072_0_아메리카노_ice,72,2026-07-23T10:42:00,5500,completed,False
order_R0072_0_카페라떼_hot,72,2026-02-18T20:47:00,5500,completed,False
order_R0072_0_카페라떼_ice,72,2026-03-13T09:43:00,5500,completed,False
order_R0072_0_콜드브루라떼,72,2026-01-27T14:50:00,5500,completed,False
order_R0072_0_레몬에이드,72,2026-04-12T12:31:00,5500,completed,False
order_R0072_0_자몽에이드,72,2026-05-30T11:32:00,5500,completed,False
order_R0072_0_딸기스무디,72,2026-08-31T11:36:00,16500,completed,False
order_R0072_0_망고스무디,72,2026-10-13T12:13:00,5500,completed,False
order_R0073_0_아메리카노_hot,73,2026-08-30T20:13:00,11000,completed,False
order_R0073_0_아메리카노_ice,73,2026-09-25T16:31:00,11000,completed,False
order_R0073_0_카페라떼_hot,73,2026-12-03T05:43:00,5500,completed,False
order_R0073_0_카페라떼_ice,73,2026-01-12T17:09:00,5500,completed,False
order_R0073_0_콜드브루라떼,73,2026-09-21T17:15:00,5500,completed,False
order_R0073_0_바닐라라떼,73,2026-04-19T09:31:00,5500,completed,False
order_R0073_0_카라멜마끼아또,73,2026-04-03T10:29:00,5500,completed,False
order_R0073_0_녹차라떼,73,2026-05-10T05:37:00,5500,completed,False
order_R0073_0_캐모마일티,73,2026-01-26T19:31:00,5500,completed,False
order_R0074_0_아메리카노_hot,74,2026-12-29T00:33:00,16500,completed,False
order_R0074_0_아메리카노_ice,74,2026-09-14T11:58:00,11000,completed,False
order_R0074_0_바닐라라떼,74,2026-09-12T16:03:00,5500,completed,False
order_R0074_0_카라멜마끼아또,74,2026-11-01T12:43:00,11000,completed,False
order_R0075_0_카페라떼_hot,75,2026-05-31T11:42:00,5500,completed,False
order_R0075_0_카페라떼_ice,75,2026-10-27T11:03:00,11000,completed,False
order_R0075_0_바닐라라떼,75,2026-10-21T23:44:00,5500,completed,False
order_R0075_0_카라멜마끼아또,75,2026-02-06T15:57:00,5500,completed,False
order_R0075_0_레몬에이드,75,2026-10-21T18:49:00,11000,completed,False
order_R0075_0_자몽에이드,75,2026-09-24T15:04:00,5500,completed,False
order_R0076_0_바닐라라떼,76,2026-02-05T21:20:00,11000,completed,False
order_R0076_0_카라멜마끼아또,76,2026-02-21T16:25:00,5500,completed,False
order_R0076_0_프라푸치노,76,2026-01-22T05:52:00,5500,completed,False
order_R0076_0_말차프라페,76,2026-04-06T19:11:00,5500,completed,False
order_R0076_0_복숭아아이스티,76,2026-06-23T19:28:00,11000,completed,False
order_R0076_0_자몽허니블랙티,76,2026-11-26T20:06:00,5500,completed,False
order_R0077_0_아메리카노_hot,77,2026-06-17T13:32:00,5500,completed,False
order_R0077_0_아메리카노_ice,77,2026-01-15T14:41:00,11000,completed,False
order_R0077_0_바닐라라떼,77,2026-09-07T07:45:00,16500,completed,False
order_R0077_0_카라멜마끼아또,77,2026-03-12T07:43:00,16500,completed,False
order_R0077_0_녹차라떼,77,2026-11-26T20:18:00,5500,completed,False
order_R0077_0_캐모마일티,77,2026-11-19T21:43:00,11000,completed,False
order_R0078_0_아메리카노_hot,78,2026-08-23T21:29:00,5500,completed,False
order_R0078_0_아메리카노_ice,78,2026-09-08T08:54:00,5500,completed,False
order_R0078_0_카페라떼_hot,78,2026-09-27T08:53:00,5500,completed,False
order_R0078_0_카페라떼_ice,78,2026-01-19T19:06:00,5500,completed,False
order_R0078_0_바닐라라떼,78,2026-01-21T22:19:00,11000,completed,False
order_R0078_0_카라멜마끼아또,78,2026-11-10T17:44:00,11000,completed,False
order_R0078_0_복숭아아이스티,78,2026-09-10T16:01:00,11000,completed,False
order_R0078_0_자몽허니블랙티,78,2026-09-18T08:13:00,5500,completed,False
order_R0079_0_아메리카노_hot,79,2026-10-06T08:48:00,5500,completed,False
order_R0079_0_아메리카노_ice,79,2026-01-09T21:57:00,5500,completed,False
order_R0079_0_녹차라떼,79,2026-04-10T13:20:00,11000,completed,False
order_R0079_0_캐모마일티,79,2026-02-08T19:05:00,5500,completed,False
order_R0080_0_에스프레소,80,2026-01-02T11:09:00,5500,completed,False
order_R0080_0_카페라떼_hot,80,2026-06-29T07:55:00,5500,completed,False
order_R0080_0_카페라떼_ice,80,2026-11-26T10:18:00,16500,completed,False
order_R0080_0_레몬에이드,80,2026-01-07T18:31:00,11000,completed,False
order_R0080_0_자몽에이드,80,2026-06-24T23:26:00,11000,completed,False
order_R0081_0_콜드브루,81,2026-08-08T15:32:00,16500,completed,False
order_R0081_1_콜드브루,81,2026-09-13T17:04:00,5500,completed,False
order_R0081_0_바닐라라떼,81,2026-12-26T12:03:00,16500,completed,False
order_R0081_0_카라멜마끼아또,81,2026-11-13T11:33:00,5500,completed,False
order_R0081_0_레몬에이드,81,2026-10-03T23:12:00,5500,completed,False
order_R0081_0_자몽에이드,81,2026-05-22T20:51:00,11000,completed,False
order_R0082_0_카푸치노,82,2026-03-09T22:20:00,16500,completed,False
order_R0082_1_카푸치노,82,2026-09-06T15:28:00,5500,completed,False
order_R0082_2_카푸치노,82,2026-09-16T03:07:00,11000,completed,False
order_R0082_3_카푸치노,82,2026-05-23T09:11:00,5500,completed,False
order_R0082_4_카푸치노,82,2026-10-09T08:31:00,5500,completed,False
order_R0082_0_콜드브루,82,2026-12-30T16:10:00,5500,completed,False
order_R0082_0_녹차라떼,82,2026-08-20T11:34:00,5500,completed,False
order_R0082_0_캐모마일티,82,2026-09-26T19:33:00,5500,completed,False
order_R0083_0_아메리카노_hot,83,2026-08-21T02:55:00,16500,completed,False
order_R0083_0_아메리카노_ice,83,2026-11-10T13:34:00,16500,completed,False
order_R0084_0_바닐라라떼,84,2026-09-30T11:41:00,5500,completed,False
order_R0084_0_카라멜마끼아또,84,2026-06-18T20:39:00,5500,completed,False
order_R0085_0_아메리카노_hot,85,2026-11-17T15:58:00,11000,completed,False
order_R0085_0_아메리카노_ice,85,2026-01-11T22:03:00,11000,completed,False
order_R0086_0_에스프레소,86,2026-03-20T13:20:00,5500,completed,False
order_R0086_0_아메리카노_hot,86,2026-05-25T14:31:00,5500,completed,False
order_R0086_0_아메리카노_ice,86,2026-02-28T22:32:00,11000,completed,False
order_R0086_0_카페라떼_hot,86,2026-11-23T07:20:00,11000,completed,False
order_R0086_0_카페라떼_ice,86,2026-11-16T16:45:00,11000,completed,False
order_R0086_0_바닐라라떼,86,2026-12-15T18:59:00,11000,completed,False
order_R0086_0_카라멜마끼아또,86,2026-09-13T08:08:00,5500,completed,False
order_R0087_0_아메리카노_hot,87,2026-04-03T22:34:00,5500,completed,False
order_R0087_0_아메리카노_ice,87,2026-02-13T08:05:00,11000,completed,False
order_R0087_0_카페라떼_hot,87,2026-05-13T23:21:00,11000,completed,False
order_R0087_0_카페라떼_ice,87,2026-12-05T12:28:00,5500,completed,False
order_R0087_0_프라푸치노,87,2026-05-02T19:08:00,5500,completed,False
order_R0087_0_말차프라페,87,2026-11-18T13:20:00,5500,completed,False
order_R0087_0_레몬에이드,87,2026-10-18T11:47:00,11000,completed,False
order_R0087_0_자몽에이드,87,2026-10-01T19:57:00,16500,completed,False
order_R0088_0_아메리카노_hot,88,2026-01-24T18:08:00,5500,completed,False
order_R0088_0_아메리카노_ice,88,2026-02-17T11:04:00,11000,completed,False
order_R0088_0_카페라떼_hot,88,2026-04-08T10:32:00,5500,completed,False
order_R0088_0_카페라떼_ice,88,2026-05-06T13:00:00,11000,completed,False
order_R0088_0_복숭아아이스티,88,2026-11-28T11:21:00,5500,completed,False
order_R0088_0_자몽허니블랙티,88,2026-07-22T08:10:00,5500,completed,False
order_R0089_0_아메리카노_hot,89,2026-09-25T06:48:00,5500,completed,False
order_R0089_0_아메리카노_ice,89,2026-06-10T11:02:00,5500,completed,False
order_R0089_0_카페라떼_hot,89,2026-12-27T08:16:00,11000,completed,False
order_R0089_0_카페라떼_ice,89,2026-11-20T20:14:00,11000,completed,False
order_R0089_0_바닐라라떼,89,2026-11-02T20:00:00,5500,completed,False
order_R0089_0_카라멜마끼아또,89,2026-05-13T23:13:00,11000,completed,False
order_R0090_0_아메리카노_hot,90,2026-04-26T23:15:00,11000,completed,False
order_R0090_0_아메리카노_ice,90,2026-05-17T05:28:00,11000,completed,False
order_R0090_0_카페라떼_hot,90,2026-09-26T21:11:00,5500,completed,False
order_R0090_0_카페라떼_ice,90,2026-12-13T13:25:00,5500,completed,False
order_R0090_0_바닐라라떼,90,2026-04-15T21:40:00,5500,completed,False
order_R0090_0_카라멜마끼아또,90,2026-05-27T16:51:00,5500,completed,False
order_R0090_0_복숭아아이스티,90,2026-12-15T18:01:00,11000,completed,False
order_R0090_0_자몽허니블랙티,90,2026-11-07T16:29:00,11000,completed,False
order_R0091_0_아메리카노_hot,91,2026-07-26T06:54:00,5500,completed,False
order_R0091_0_아메리카노_ice,91,2026-08-25T08:54:00,5500,completed,False
order_R0091_0_카페라떼_hot,91,2026-02-20T23:46:00,5500,completed,False
order_R0091_0_카페라떼_ice,91,2026-06-28T21:44:00,5500,completed,False
order_R0091_0_콜드브루,91,2026-01-11T21:12:00,5500,completed,False
order_R0092_0_아메리카노_hot,92,2026-10-04T12:09:00,5500,completed,False
order_R0092_0_아메리카노_ice,92,2026-06-12T13:53:00,5500,completed,False
order_R0092_0_카페라떼_hot,92,2026-07-18T06:13:00,5500,completed,False
order_R0092_0_카페라떼_ice,92,2026-09-19T16:23:00,5500,completed,False
order_R0092_0_바닐라라떼,92,2026-01-19T14:55:00,5500,completed,False
order_R0092_0_카라멜마끼아또,92,2026-04-02T15:32:00,11000,completed,False
order_R0092_0_녹차라떼,92,2026-02-08T00:11:00,5500,completed,False
order_R0092_0_캐모마일티,92,2026-06-11T17:10:00,11000,completed,False
order_R0092_0_복숭아아이스티,92,2026-12-20T19:04:00,5500,completed,False
order_R0092_0_자몽허니블랙티,92,2026-09-14T03:49:00,5500,completed,False
order_R0093_0_카페라떼_hot,93,2026-09-04T21:50:00,5500,completed,False
order_R0093_0_카페라떼_ice,93,2026-07-25T20:54:00,5500,completed,False
order_R0093_0_바닐라라떼,93,2026-01-10T12:24:00,5500,completed,False
order_R0093_0_카라멜마끼아또,93,2026-05-10T14:27:00,5500,completed,False
order_R0094_0_아메리카노_hot,94,2026-09-07T17:48:00,5500,completed,False
order_R0094_0_아메리카노_ice,94,2026-11-30T12:19:00,11000,completed,False
order_R0094_0_카페라떼_hot,94,2026-03-02T11:47:00,11000,completed,False
order_R0094_0_카페라떼_ice,94,2026-02-13T12:05:00,5500,completed,False
order_R0094_0_바닐라라떼,94,2026-11-20T13:00:00,5500,completed,False
order_R0094_0_카라멜마끼아또,94,2026-10-06T06:38:00,11000,completed,False
order_R0094_0_녹차라떼,94,2026-07-01T13:05:00,11000,completed,False
order_R0094_0_캐모마일티,94,2026-10-29T19:24:00,5500,completed,False
order_R0095_0_바닐라라떼,95,2026-12-13T23:09:00,11000,completed,False
order_R0095_0_카라멜마끼아또,95,2026-05-27T02:41:00,16500,completed,False
order_R0095_0_딸기스무디,95,2026-06-18T20:41:00,5500,completed,False
order_R0095_0_망고스무디,95,2026-09-03T13:32:00,5500,completed,False
order_R0096_0_아메리카노_hot,96,2026-10-22T12:26:00,5500,completed,False
order_R0096_0_아메리카노_ice,96,2026-10-15T11:27:00,5500,completed,False
order_R0096_0_바닐라라떼,96,2026-04-22T07:09:00,11000,completed,False
order_R0096_0_카라멜마끼아또,96,2026-12-29T08:16:00,5500,completed,False
order_R0096_0_레몬에이드,96,2026-05-10T10:05:00,5500,completed,False
order_R0096_0_자몽에이드,96,2026-09-12T17:07:00,5500,completed,False
order_R0097_0_카페라떼_hot,97,2026-12-14T14:16:00,5500,completed,False
order_R0097_0_카페라떼_ice,97,2026-07-07T03:48:00,5500,completed,False
order_R0097_0_녹차라떼,97,2026-01-29T12:40:00,5500,completed,False
order_R0097_0_캐모마일티,97,2026-03-29T02:56:00,5500,completed,False
order_R0097_0_복숭아아이스티,97,2026-05-02T11:45:00,5500,completed,False
order_R0097_0_자몽허니블랙티,97,2026-11-29T10:10:00,5500,completed,False
order_R0097_0_레몬에이드,97,2026-12-27T07:04:00,5500,completed,False
order_R0097_0_자몽에이드,97,2026-04-12T00:52:00,5500,completed,False
order_R0098_0_아메리카노_hot,98,2026-08-05T09:43:00,5500,completed,False
order_R0098_0_아메리카노_ice,98,2026-03-05T23:00:00,5500,completed,False
order_R0098_0_프라푸치노,98,2026-07-11T10:07:00,5500,completed,False
order_R0098_0_말차프라페,98,2026-11-26T19:41:00,11000,completed,False
order_R0098_0_복숭아아이스티,98,2026-09-29T16:45:00,5500,completed,False
order_R0098_0_자몽허니블랙티,98,2026-04-03T18:30:00,5500,completed,False
order_R0098_0_딸기스무디,98,2026-10-03T15:29:00,5500,completed,False
order_R0098_0_망고스무디,98,2026-03-27T01:50:00,11000,completed,False
order_R0100_0_아메리카노_hot,100,2026-03-26T07:53:00,5500,completed,False
order_R0100_0_아메리카노_ice,100,2026-08-29T07:57:00,16500,completed,False
order_R0100_0_카페라떼_hot,100,2026-04-22T00:26:00,11000,completed,False
order_R0100_0_카페라떼_ice,100,2026-01-28T10:07:00,11000,completed,False
order_R0100_0_카푸치노,100,2026-08-02T04:04:00,16500,completed,False
order_R0101_0_에스프레소,101,2026-03-16T15:30:00,11000,completed,False
order_R0101_0_아메리카노_hot,101,2026-01-30T15:18:00,11000,completed,False
order_R0101_0_아메리카노_ice,101,2026-11-10T08:16:00,11000,completed,False
order_R0101_0_바닐라라떼,101,2026-02-18T17:49:00,5500,completed,False
order_R0101_0_카라멜마끼아또,101,2026-02-21T08:37:00,11000,completed,False
order_R0103_0_콜드브루,103,2026-12-05T14:19:00,16500,completed,False
order_R0103_1_콜드브루,103,2026-01-11T22:04:00,5500,completed,False
order_R0103_2_콜드브루,103,2026-04-16T18:59:00,5500,completed,False
order_R0103_3_콜드브루,103,2026-09-27T12:50:00,5500,completed,False
order_R0103_0_바닐라라떼,103,2026-12-24T11:33:00,5500,completed,False
order_R0103_0_카라멜마끼아또,103,2026-08-13T07:22:00,16500,completed,False
order_R0104_0_카페라떼_hot,104,2026-03-13T11:07:00,16500,completed,False
order_R0104_0_카페라떼_ice,104,2026-11-07T19:20:00,5500,completed,False
order_R0104_0_프라푸치노,104,2026-12-12T11:08:00,5500,completed,False
order_R0104_0_말차프라페,104,2026-12-12T07:28:00,5500,completed,False
order_R0104_0_레몬에이드,104,2026-10-18T13:40:00,5500,completed,False
order_R0104_0_자몽에이드,104,2026-10-09T23:47:00,16500,completed,False
order_R0105_0_아메리카노_hot,105,2026-12-24T04:08:00,11000,completed,False
order_R0105_0_아메리카노_ice,105,2026-02-19T15:56:00,5500,completed,False
order_R0105_0_카페라떼_hot,105,2026-06-27T00:59:00,5500,completed,False
order_R0105_0_카페라떼_ice,105,2026-02-11T21:41:00,16500,completed,False
order_R0105_0_레몬에이드,105,2026-01-27T09:59:00,11000,completed,False
order_R0105_0_자몽에이드,105,2026-01-04T12:48:00,5500,completed,False
order_R0105_0_딸기스무디,105,2026-08-26T21:33:00,5500,completed,False
order_R0105_0_망고스무디,105,2026-08-30T12:46:00,5500,completed,False
order_R0106_0_카페라떼_hot,106,2026-02-13T20:14:00,5500,completed,False
order_R0106_0_카페라떼_ice,106,2026-12-31T12:05:00,5500,completed,False
order_R0106_0_바닐라라떼,106,2026-12-20T21:09:00,11000,completed,False
order_R0106_0_카라멜마끼아또,106,2026-05-31T12:51:00,5500,completed,False
order_R0107_0_아메리카노_hot,107,2026-02-25T22:58:00,5500,completed,False
order_R0107_0_아메리카노_ice,107,2026-10-21T20:23:00,11000,completed,False
order_R0107_0_복숭아아이스티,107,2026-12-07T13:13:00,5500,completed,False
order_R0107_0_자몽허니블랙티,107,2026-08-03T12:12:00,11000,completed,False
order_R0107_0_레몬에이드,107,2026-08-20T12:01:00,5500,completed,False
order_R0107_0_자몽에이드,107,2026-09-05T03:09:00,5500,completed,False
order_R0108_0_아메리카노_hot,108,2026-03-01T15:00:00,5500,completed,False
order_R0108_0_아메리카노_ice,108,2026-04-18T16:29:00,5500,completed,False
order_R0108_0_카페라떼_hot,108,2026-02-15T18:16:00,11000,completed,False
order_R0108_0_카페라떼_ice,108,2026-12-12T20:54:00,5500,completed,False
order_R0108_0_바닐라라떼,108,2026-04-01T16:47:00,11000,completed,False
order_R0108_0_카라멜마끼아또,108,2026-05-15T14:34:00,5500,completed,False
order_R0108_0_레몬에이드,108,2026-08-12T08:43:00,5500,completed,False
order_R0108_0_자몽에이드,108,2026-08-22T03:29:00,5500,completed,False
order_R0109_0_아메리카노_hot,109,2026-04-25T21:36:00,5500,completed,False
order_R0109_0_아메리카노_ice,109,2026-06-26T22:38:00,5500,completed,False
order_R0109_0_딸기스무디,109,2026-01-21T08:52:00,11000,completed,False
order_R0109_0_망고스무디,109,2026-07-13T11:53:00,11000,completed,False
order_R0110_0_아메리카노_hot,110,2026-05-20T06:46:00,11000,completed,False
order_R0110_0_아메리카노_ice,110,2026-02-04T15:29:00,5500,completed,False
order_R0110_0_바닐라라떼,110,2026-12-04T19:36:00,11000,completed,False
order_R0110_0_카라멜마끼아또,110,2026-01-09T18:28:00,5500,completed,False
order_R0110_0_레몬에이드,110,2026-04-23T02:43:00,11000,completed,False
order_R0110_0_자몽에이드,110,2026-08-25T00:06:00,5500,completed,False
order_R0111_0_아메리카노_hot,111,2026-03-06T11:12:00,11000,completed,False
order_R0111_0_아메리카노_ice,111,2026-02-08T15:54:00,5500,completed,False
order_R0111_0_복숭아아이스티,111,2026-03-09T20:30:00,5500,completed,False
order_R0111_0_자몽허니블랙티,111,2026-04-19T20:42:00,11000,completed,False
order_R0111_0_딸기스무디,111,2026-03-10T11:31:00,16500,completed,False
order_R0111_0_망고스무디,111,2026-09-30T09:36:00,11000,completed,False
order_R0112_0_아메리카노_hot,112,2026-02-08T09:43:00,5500,completed,False
order_R0112_0_아메리카노_ice,112,2026-05-21T07:08:00,11000,completed,False
order_R0112_0_바닐라라떼,112,2026-02-22T15:14:00,5500,completed,False
order_R0112_0_카라멜마끼아또,112,2026-07-26T15:11:00,5500,completed,False
order_R0112_0_녹차라떼,112,2026-07-18T12:47:00,5500,completed,False
order_R0112_0_캐모마일티,112,2026-02-15T18:56:00,5500,completed,False
order_R0112_0_복숭아아이스티,112,2026-12-19T13:55:00,16500,completed,False
order_R0112_0_자몽허니블랙티,112,2026-12-26T11:31:00,5500,completed,False
order_R0113_0_아메리카노_hot,113,2026-07-18T05:27:00,11000,completed,False
order_R0113_0_아메리카노_ice,113,2026-03-28T11:00:00,5500,completed,False
order_R0113_0_카페라떼_hot,113,2026-07-27T20:10:00,11000,completed,False
order_R0113_0_카페라떼_ice,113,2026-08-25T09:52:00,11000,completed,False
order_R0113_0_카푸치노,113,2026-10-02T13:23:00,5500,completed,False
order_R0113_1_카푸치노,113,2026-11-01T22:40:00,5500,completed,False
order_R0113_2_카푸치노,113,2026-07-12T10:38:00,5500,completed,False
order_R0113_0_레몬에이드,113,2026-07-08T20:39:00,5500,completed,False
order_R0113_0_자몽에이드,113,2026-01-17T10:56:00,5500,completed,False
order_R0114_0_바닐라라떼,114,2026-03-21T12:33:00,5500,completed,False
order_R0114_0_카라멜마끼아또,114,2026-04-19T09:55:00,16500,completed,False
order_R0114_0_레몬에이드,114,2026-08-21T14:35:00,11000,completed,False
order_R0114_0_자몽에이드,114,2026-03-08T11:42:00,16500,completed,False
order_R0115_0_아메리카노_hot,115,2026-01-14T14:16:00,11000,completed,False
order_R0115_0_아메리카노_ice,115,2026-06-06T11:59:00,5500,completed,False
order_R0115_0_카페라떼_hot,115,2026-09-06T17:48:00,5500,completed,False
order_R0115_0_카페라떼_ice,115,2026-02-05T04:54:00,5500,completed,False
order_R0115_0_카푸치노,115,2026-02-08T07:27:00,5500,completed,False
order_R0115_1_카푸치노,115,2026-04-05T06:15:00,16500,completed,False
order_R0117_0_아메리카노_hot,117,2026-09-26T04:55:00,5500,completed,False
order_R0117_0_아메리카노_ice,117,2026-01-25T23:47:00,5500,completed,False
order_R0117_0_녹차라떼,117,2026-03-13T12:14:00,11000,completed,False
order_R0117_0_캐모마일티,117,2026-10-17T17:09:00,16500,completed,False
order_R0117_0_레몬에이드,117,2026-02-04T10:58:00,5500,completed,False
order_R0117_0_자몽에이드,117,2026-04-29T20:37:00,11000,completed,False
order_R0118_0_아메리카노_hot,118,2026-04-21T22:06:00,5500,completed,False
order_R0118_0_아메리카노_ice,118,2026-09-29T00:18:00,5500,completed,False
order_R0118_0_바닐라라떼,118,2026-08-11T09:09:00,11000,completed,False
order_R0118_0_카라멜마끼아또,118,2026-11-13T08:44:00,16500,completed,False
order_R0118_0_딸기스무디,118,2026-01-31T12:46:00,11000,completed,False
order_R0118_0_망고스무디,118,2026-12-28T08:23:00,5500,completed,False
order_R0119_0_아메리카노_hot,119,2026-10-04T18:58:00,11000,completed,False
order_R0119_0_아메리카노_ice,119,2026-03-06T20:12:00,11000,completed,False
order_R0119_0_콜드브루,119,2026-05-23T01:24:00,5500,completed,False
order_R0119_0_바닐라라떼,119,2026-01-23T06:27:00,11000,completed,False
order_R0119_0_카라멜마끼아또,119,2026-05-30T18:55:00,5500,completed,False
order_R0119_0_딸기스무디,119,2026-07-16T07:36:00,5500,completed,False
order_R0119_0_망고스무디,119,2026-06-25T17:35:00,5500,completed,False
order_R0120_0_아메리카노_hot,120,2026-01-21T09:39:00,5500,completed,False
order_R0120_0_아메리카노_ice,120,2026-09-20T15:06:00,11000,completed,False
order_R0120_0_카페라떼_hot,120,2026-10-09T06:39:00,5500,completed,False
order_R0120_0_카페라떼_ice,120,2026-12-26T14:24:00,11000,completed,False
order_R0120_0_딸기스무디,120,2026-11-23T13:35:00,11000,completed,False
order_R0120_0_망고스무디,120,2026-04-15T07:41:00,11000,completed,False
order_R0121_0_에스프레소,121,2026-05-04T09:01:00,5500,completed,False
order_R0121_0_아메리카노_hot,121,2026-01-18T23:04:00,16500,completed,False
order_R0121_0_아메리카노_ice,121,2026-10-16T21:42:00,5500,completed,False
order_R0121_0_카페라떼_hot,121,2026-07-28T06:03:00,5500,completed,False
order_R0121_0_카페라떼_ice,121,2026-10-02T15:40:00,11000,completed,False
order_R0121_0_레몬에이드,121,2026-03-08T12:09:00,5500,completed,False
order_R0121_0_자몽에이드,121,2026-07-19T15:32:00,5500,completed,False
order_R0122_0_아메리카노_hot,122,2026-01-19T08:51:00,5500,completed,False
order_R0122_0_아메리카노_ice,122,2026-07-18T21:48:00,5500,completed,False
order_R0122_0_카페라떼_hot,122,2026-08-29T14:59:00,5500,completed,False
order_R0122_0_카페라떼_ice,122,2026-05-05T16:47:00,5500,completed,False
order_R0122_0_콜드브루,122,2026-03-04T18:14:00,5500,completed,False
order_R0122_0_프라푸치노,122,2026-07-05T05:49:00,5500,completed,False
order_R0122_0_말차프라페,122,2026-08-28T11:55:00,11000,completed,False
order_R0123_0_카페라떼_hot,123,2026-12-04T12:48:00,5500,completed,False
order_R0123_0_카페라떼_ice,123,2026-01-11T01:39:00,5500,completed,False
order_R0123_0_프라푸치노,123,2026-06-20T23:25:00,11000,completed,False
order_R0123_0_말차프라페,123,2026-04-15T20:53:00,16500,completed,False
order_R0124_0_아메리카노_hot,124,2026-12-19T23:34:00,11000,completed,False
order_R0124_0_아메리카노_ice,124,2026-09-13T17:32:00,5500,completed,False
order_R0124_0_레몬에이드,124,2026-11-10T16:43:00,5500,completed,False
order_R0124_0_자몽에이드,124,2026-12-31T15:06:00,11000,completed,False
order_R0125_0_바닐라라떼,125,2026-02-16T17:02:00,11000,completed,False
order_R0125_0_카라멜마끼아또,125,2026-07-09T02:19:00,11000,completed,False
order_R0126_0_아메리카노_hot,126,2026-12-15T19:48:00,16500,completed,False
order_R0126_0_아메리카노_ice,126,2026-05-06T16:41:00,16500,completed,False
order_R0126_0_카페라떼_hot,126,2026-05-15T12:18:00,11000,completed,False
order_R0126_0_카페라떼_ice,126,2026-02-21T19:43:00,5500,completed,False
order_R0126_0_콜드브루,126,2026-09-07T17:37:00,5500,completed,False
order_R0126_1_콜드브루,126,2026-02-02T06:25:00,5500,completed,False
order_R0126_2_콜드브루,126,2026-05-21T07:37:00,5500,completed,False
order_R0126_0_바닐라라떼,126,2026-09-02T09:21:00,5500,completed,False
order_R0126_0_카라멜마끼아또,126,2026-10-05T09:30:00,5500,completed,False
order_R0127_0_아메리카노_hot,127,2026-05-21T16:15:00,11000,completed,False
order_R0127_0_아메리카노_ice,127,2026-03-29T17:58:00,5500,completed,False
order_R0127_0_카페라떼_hot,127,2026-08-05T12:35:00,16500,completed,False
order_R0127_0_카페라떼_ice,127,2026-04-02T17:46:00,16500,completed,False
order_R0127_0_바닐라라떼,127,2026-04-03T16:07:00,5500,completed,False
order_R0127_0_카라멜마끼아또,127,2026-12-20T18:43:00,5500,completed,False
order_R0128_0_아메리카노_hot,128,2026-09-07T08:01:00,5500,completed,False
order_R0128_0_아메리카노_ice,128,2026-01-24T22:22:00,11000,completed,False
order_R0128_0_콜드브루라떼,128,2026-07-16T10:45:00,5500,completed,False
order_R0128_0_바닐라라떼,128,2026-01-04T07:59:00,5500,completed,False
order_R0128_0_카라멜마끼아또,128,2026-09-01T21:26:00,11000,completed,False
order_R0128_0_복숭아아이스티,128,2026-12-25T22:59:00,5500,completed,False
order_R0128_0_자몽허니블랙티,128,2026-05-04T12:46:00,5500,completed,False
order_R0128_0_레몬에이드,128,2026-06-19T04:09:00,5500,completed,False
order_R0128_0_자몽에이드,128,2026-02-26T12:44:00,11000,completed,False
order_R0129_0_아메리카노_hot,129,2026-12-26T22:35:00,5500,completed,False
order_R0129_0_아메리카노_ice,129,2026-09-01T17:16:00,16500,completed,False
order_R0129_0_카페라떼_hot,129,2026-07-20T17:56:00,11000,completed,False
order_R0129_0_카페라떼_ice,129,2026-02-24T18:42:00,5500,completed,False
order_R0130_0_카페라떼_hot,130,2026-09-14T09:38:00,5500,completed,False
order_R0130_0_카페라떼_ice,130,2026-07-09T19:20:00,11000,completed,False
order_R0131_0_아메리카노_hot,131,2026-07-29T21:01:00,11000,completed,False
order_R0131_0_아메리카노_ice,131,2026-08-01T18:24:00,5500,completed,False
order_R0132_0_아메리카노_hot,132,2026-10-15T19:19:00,11000,completed,False
order_R0132_0_아메리카노_ice,132,2026-08-30T14:38:00,11000,completed,False
order_R0132_0_콜드브루,132,2026-02-19T12:28:00,5500,completed,False
order_R0132_0_레몬에이드,132,2026-02-26T15:04:00,11000,completed,False
order_R0132_0_자몽에이드,132,2026-12-06T13:08:00,11000,completed,False
order_R0133_0_카페라떼_hot,133,2026-10-16T08:25:00,11000,completed,False
order_R0133_0_카페라떼_ice,133,2026-12-09T10:12:00,5500,completed,False
order_R0133_0_바닐라라떼,133,2026-08-05T12:25:00,11000,completed,False
order_R0133_0_카라멜마끼아또,133,2026-10-22T23:42:00,5500,completed,False
order_R0134_0_아메리카노_hot,134,2026-10-10T10:48:00,5500,completed,False
order_R0134_0_아메리카노_ice,134,2026-09-27T00:29:00,11000,completed,False
order_R0134_0_카페라떼_hot,134,2026-04-03T09:30:00,5500,completed,False
order_R0134_0_카페라떼_ice,134,2026-03-20T08:30:00,16500,completed,False
order_R0134_0_카푸치노,134,2026-05-05T18:53:00,5500,completed,False
order_R0134_0_바닐라라떼,134,2026-01-02T06:56:00,11000,completed,False
order_R0134_0_카라멜마끼아또,134,2026-02-25T15:42:00,5500,completed,False
order_R0134_0_프라푸치노,134,2026-08-09T15:41:00,11000,completed,False
order_R0134_0_말차프라페,134,2026-07-30T23:33:00,5500,completed,False
order_R0135_0_아메리카노_hot,135,2026-10-13T17:43:00,5500,completed,False
order_R0135_0_아메리카노_ice,135,2026-02-27T12:39:00,5500,completed,False
order_R0135_0_콜드브루라떼,135,2026-07-13T11:21:00,11000,completed,False
order_R0135_1_콜드브루라떼,135,2026-07-18T23:10:00,11000,completed,False
order_R0135_2_콜드브루라떼,135,2026-08-05T12:47:00,5500,completed,False
order_R0136_0_에스프레소,136,2026-02-19T08:19:00,5500,completed,False
order_R0136_0_카페라떼_hot,136,2026-01-14T16:46:00,5500,completed,False
order_R0136_0_카페라떼_ice,136,2026-05-10T15:47:00,5500,completed,False
order_R0136_0_콜드브루,136,2026-01-05T07:52:00,5500,completed,False
order_R0136_1_콜드브루,136,2026-01-20T23:37:00,11000,completed,False
order_R0136_0_바닐라라떼,136,2026-12-01T14:55:00,5500,completed,False
order_R0136_0_카라멜마끼아또,136,2026-11-07T16:37:00,5500,completed,False
order_R0136_0_딸기스무디,136,2026-09-27T13:09:00,5500,completed,False
order_R0136_0_망고스무디,136,2026-02-23T20:22:00,11000,completed,False
order_R0137_0_아메리카노_hot,137,2026-07-17T15:02:00,5500,completed,False
order_R0137_0_아메리카노_ice,137,2026-12-26T23:03:00,5500,completed,False
order_R0137_0_녹차라떼,137,2026-08-27T07:28:00,5500,completed,False
order_R0137_0_캐모마일티,137,2026-12-18T20:41:00,11000,completed,False
order_R0137_0_복숭아아이스티,137,2026-03-24T18:35:00,5500,completed,False
order_R0137_0_자몽허니블랙티,137,2026-09-28T02:45:00,16500,completed,False
order_R0137_0_레몬에이드,137,2026-11-04T09:53:00,11000,completed,False
order_R0137_0_자몽에이드,137,2026-02-09T07:38:00,5500,completed,False
order_R0138_0_카페라떼_hot,138,2026-09-07T12:37:00,5500,completed,False
order_R0138_0_카페라떼_ice,138,2026-09-24T12:33:00,5500,completed,False
order_R0138_0_바닐라라떼,138,2026-11-21T09:21:00,16500,completed,False
order_R0138_0_카라멜마끼아또,138,2026-03-25T13:37:00,5500,completed,False
order_R0138_0_복숭아아이스티,138,2026-04-11T13:22:00,11000,completed,False
order_R0138_0_자몽허니블랙티,138,2026-06-19T20:02:00,5500,completed,False
order_R0139_0_드립커피,139,2026-06-11T20:02:00,5500,completed,False
order_R0139_0_바닐라라떼,139,2026-10-24T15:46:00,16500,completed,False
order_R0139_0_카라멜마끼아또,139,2026-10-25T14:45:00,5500,completed,False
order_R0139_0_녹차라떼,139,2026-04-07T13:21:00,11000,completed,False
order_R0139_0_캐모마일티,139,2026-07-30T13:28:00,5500,completed,False
order_R0139_0_딸기스무디,139,2026-10-20T18:18:00,5500,completed,False
order_R0139_0_망고스무디,139,2026-08-15T19:27:00,11000,completed,False
order_R0140_0_아메리카노_hot,140,2026-03-20T22:19:00,16500,completed,False
order_R0140_0_아메리카노_ice,140,2026-10-28T19:59:00,11000,completed,False
order_R0140_0_바닐라라떼,140,2026-04-18T22:14:00,5500,completed,False
order_R0140_0_카라멜마끼아또,140,2026-06-18T16:21:00,5500,completed,False
order_R0140_0_프라푸치노,140,2026-11-10T17:25:00,5500,completed,False
order_R0140_0_말차프라페,140,2026-06-20T22:54:00,16500,completed,False
order_R0140_0_녹차라떼,140,2026-08-09T19:18:00,16500,completed,False
order_R0140_0_캐모마일티,140,2026-02-06T21:29:00,5500,completed,False
order_R0140_0_복숭아아이스티,140,2026-07-18T14:38:00,5500,completed,False
order_R0140_0_자몽허니블랙티,140,2026-06-06T06:46:00,5500,completed,False
order_R0140_0_레몬에이드,140,2026-09-12T17:05:00,5500,completed,False
order_R0140_0_자몽에이드,140,2026-06-25T10:07:00,5500,completed,False
order_R0141_0_아메리카노_hot,141,2026-04-30T19:48:00,5500,completed,False
order_R0141_0_아메리카노_ice,141,2026-01-20T00:21:00,16500,completed,False
order_R0141_0_카페라떼_hot,141,2026-01-24T11:44:00,11000,completed,False
order_R0141_0_카페라떼_ice,141,2026-08-15T11:53:00,16500,completed,False
order_R0141_0_콜드브루라떼,141,2026-09-24T10:43:00,11000,completed,False
order_R0141_0_레몬에이드,141,2026-12-12T22:37:00,5500,completed,False
order_R0141_0_자몽에이드,141,2026-01-15T22:57:00,5500,completed,False
order_R0142_0_아메리카노_hot,142,2026-07-02T19:24:00,11000,completed,False
order_R0142_0_아메리카노_ice,142,2026-01-01T19:26:00,5500,completed,False
order_R0142_0_카페라떼_hot,142,2026-10-07T19:05:00,5500,completed,False
order_R0142_0_카페라떼_ice,142,2026-01-13T07:24:00,16500,completed,False
order_R0143_0_카페라떼_hot,143,2026-04-21T00:28:00,11000,completed,False
order_R0143_0_카페라떼_ice,143,2026-03-23T17:27:00,5500,completed,False
order_R0143_0_콜드브루라떼,143,2026-05-02T12:24:00,5500,completed,False
order_R0143_0_바닐라라떼,143,2026-05-31T21:33:00,5500,completed,False
order_R0143_0_카라멜마끼아또,143,2026-07-08T15:30:00,5500,completed,False
order_R0143_0_딸기스무디,143,2026-03-24T12:06:00,5500,completed,False
order_R0143_0_망고스무디,143,2026-08-05T16:53:00,5500,completed,False
order_R0144_0_아메리카노_hot,144,2026-02-18T10:07:00,11000,completed,False
order_R0144_0_아메리카노_ice,144,2026-01-12T10:20:00,5500,completed,False
order_R0144_0_바닐라라떼,144,2026-11-28T12:15:00,11000,completed,False
order_R0144_0_카라멜마끼아또,144,2026-03-25T19:19:00,11000,completed,False
order_R0144_0_딸기스무디,144,2026-10-20T06:24:00,5500,completed,False
order_R0144_0_망고스무디,144,2026-10-22T07:10:00,5500,completed,False
order_R0145_0_아메리카노_hot,145,2026-09-23T11:39:00,11000,completed,False
order_R0145_0_아메리카노_ice,145,2026-01-12T21:33:00,5500,completed,False
order_R0145_0_카페라떼_hot,145,2026-01-24T08:07:00,5500,completed,False
order_R0145_0_카페라떼_ice,145,2026-04-29T04:33:00,11000,completed,False
order_R0145_0_복숭아아이스티,145,2026-11-26T21:01:00,16500,completed,False
order_R0145_0_자몽허니블랙티,145,2026-04-18T14:07:00,5500,completed,False
order_R0145_0_딸기스무디,145,2026-09-08T10:48:00,5500,completed,False
order_R0145_0_망고스무디,145,2026-01-10T16:26:00,11000,completed,False
order_R0146_0_아메리카노_hot,146,2026-08-14T11:03:00,5500,completed,False
order_R0146_0_아메리카노_ice,146,2026-04-03T22:13:00,5500,completed,False
order_R0146_0_카페라떼_hot,146,2026-12-17T15:48:00,11000,completed,False
order_R0146_0_카페라떼_ice,146,2026-04-10T23:28:00,11000,completed,False
order_R0146_0_콜드브루,146,2026-09-11T19:38:00,5500,completed,False
order_R0146_0_드립커피,146,2026-03-18T11:14:00,5500,completed,False
order_R0146_0_바닐라라떼,146,2026-05-19T03:59:00,5500,completed,False
order_R0146_0_카라멜마끼아또,146,2026-06-06T18:30:00,5500,completed,False
order_R0147_0_카페라떼_hot,147,2026-10-30T06:50:00,11000,completed,False
order_R0147_0_카페라떼_ice,147,2026-06-26T07:23:00,16500,completed,False
order_R0147_0_콜드브루라떼,147,2026-09-05T21:16:00,5500,completed,False
order_R0147_0_프라푸치노,147,2026-04-30T17:07:00,5500,completed,False
order_R0147_0_말차프라페,147,2026-04-24T13:24:00,5500,completed,False
order_R0147_0_복숭아아이스티,147,2026-07-31T06:08:00,5500,completed,False
order_R0147_0_자몽허니블랙티,147,2026-03-11T13:44:00,5500,completed,False
order_R0148_0_에스프레소,148,2026-01-25T04:04:00,5500,completed,False
order_R0148_0_아메리카노_hot,148,2026-01-07T12:01:00,5500,completed,False
order_R0148_0_아메리카노_ice,148,2026-04-18T14:43:00,11000,completed,False
order_R0148_0_카페라떼_hot,148,2026-05-26T17:09:00,11000,completed,False
order_R0148_0_카페라떼_ice,148,2026-10-16T21:44:00,11000,completed,False
order_R0148_0_바닐라라떼,148,2026-02-14T04:15:00,5500,completed,False
order_R0148_0_카라멜마끼아또,148,2026-09-27T05:13:00,5500,completed,False
order_R0148_0_딸기스무디,148,2026-08-14T16:13:00,16500,completed,False
order_R0148_0_망고스무디,148,2026-02-28T08:05:00,11000,completed,False
order_R0149_0_아메리카노_hot,149,2026-06-23T18:15:00,11000,completed,False
order_R0149_0_아메리카노_ice,149,2026-02-02T10:23:00,11000,completed,False
order_R0149_0_카페라떼_hot,149,2026-01-22T00:56:00,5500,completed,False
order_R0149_0_카페라떼_ice,149,2026-08-29T11:41:00,5500,completed,False
order_R0149_0_콜드브루라떼,149,2026-07-20T06:00:00,5500,completed,False
order_R0150_0_아메리카노_hot,150,2026-12-07T08:21:00,5500,completed,False
order_R0150_0_아메리카노_ice,150,2026-11-21T11:00:00,5500,completed,False
order_R0150_0_레몬에이드,150,2026-06-17T09:02:00,5500,completed,False
order_R0150_0_자몽에이드,150,2026-11-29T14:00:00,16500,completed,False
order_R0151_0_아메리카노_hot,151,2026-03-05T09:54:00,5500,completed,False
order_R0151_0_아메리카노_ice,151,2026-11-15T21:20:00,5500,completed,False
order_R0151_0_콜드브루,151,2026-03-06T14:07:00,5500,completed,False
order_R0151_0_바닐라라떼,151,2026-05-05T12:09:00,5500,completed,False
order_R0151_0_카라멜마끼아또,151,2026-03-25T07:42:00,11000,completed,False
order_R0152_0_카페라떼_hot,152,2026-07-17T12:40:00,5500,completed,False
order_R0152_0_카페라떼_ice,152,2026-01-30T13:56:00,11000,completed,False
order_R0152_0_딸기스무디,152,2026-01-08T22:07:00,5500,completed,False
order_R0152_0_망고스무디,152,2026-12-13T15:58:00,11000,completed,False
order_R0153_0_녹차라떼,153,2026-11-11T06:18:00,5500,completed,False
order_R0153_0_캐모마일티,153,2026-03-10T05:22:00,5500,completed,False
order_R0153_0_레몬에이드,153,2026-08-09T00:05:00,11000,completed,False
order_R0153_0_자몽에이드,153,2026-07-05T15:23:00,5500,completed,False
order_R0153_0_딸기스무디,153,2026-02-16T08:50:00,11000,completed,False
order_R0153_0_망고스무디,153,2026-08-23T20:10:00,5500,completed,False
order_R0154_0_에스프레소,154,2026-07-04T12:12:00,5500,completed,False
order_R0154_0_아메리카노_hot,154,2026-01-13T01:56:00,5500,completed,False
order_R0154_0_아메리카노_ice,154,2026-02-08T11:24:00,5500,completed,False
order_R0154_0_카페라떼_hot,154,2026-01-25T19:37:00,16500,completed,False
order_R0154_0_카페라떼_ice,154,2026-03-08T01:31:00,5500,completed,False
order_R0154_0_딸기스무디,154,2026-02-20T23:03:00,5500,completed,False
order_R0154_0_망고스무디,154,2026-08-13T09:27:00,5500,completed,False
order_R0155_0_카페라떼_hot,155,2026-06-28T10:32:00,5500,completed,False
order_R0155_0_카페라떼_ice,155,2026-11-17T22:52:00,5500,completed,False
order_R0155_0_녹차라떼,155,2026-09-23T16:10:00,5500,completed,False
order_R0155_0_캐모마일티,155,2026-09-26T13:15:00,16500,completed,False
order_R0156_0_복숭아아이스티,156,2026-07-11T01:42:00,11000,completed,False
order_R0156_0_자몽허니블랙티,156,2026-07-20T18:07:00,5500,completed,False
order_R0157_0_아메리카노_hot,157,2026-06-17T00:27:00,5500,completed,False
order_R0157_0_아메리카노_ice,157,2026-11-18T08:07:00,5500,completed,False
order_R0157_0_콜드브루,157,2026-07-26T12:25:00,11000,completed,False
order_R0157_0_레몬에이드,157,2026-08-08T11:11:00,5500,completed,False
order_R0157_0_자몽에이드,157,2026-04-07T09:03:00,11000,completed,False
order_R0157_0_딸기스무디,157,2026-08-09T23:03:00,11000,completed,False
order_R0157_0_망고스무디,157,2026-01-30T21:17:00,5500,completed,False
order_R0158_0_에스프레소,158,2026-01-18T10:17:00,5500,completed,False
order_R0158_0_아메리카노_hot,158,2026-08-12T11:20:00,5500,completed,False
order_R0158_0_아메리카노_ice,158,2026-08-02T17:27:00,5500,completed,False
order_R0158_0_카페라떼_hot,158,2026-06-19T15:05:00,5500,completed,False
order_R0158_0_카페라떼_ice,158,2026-01-23T09:07:00,5500,completed,False
order_R0158_0_카푸치노,158,2026-10-04T08:01:00,5500,completed,False
order_R0158_0_바닐라라떼,158,2026-04-16T06:07:00,5500,completed,False
order_R0158_0_카라멜마끼아또,158,2026-05-19T00:38:00,5500,completed,False
order_R0158_0_프라푸치노,158,2026-10-12T15:30:00,5500,completed,False
order_R0158_0_말차프라페,158,2026-02-19T15:50:00,11000,completed,False
order_R0159_0_아메리카노_hot,159,2026-12-16T17:59:00,16500,completed,False
order_R0159_0_아메리카노_ice,159,2026-03-28T06:16:00,11000,completed,False
order_R0159_0_카푸치노,159,2026-02-16T19:30:00,16500,completed,False
order_R0159_1_카푸치노,159,2026-02-12T15:41:00,5500,completed,False
order_R0159_0_바닐라라떼,159,2026-12-20T08:48:00,5500,completed,False
order_R0159_0_카라멜마끼아또,159,2026-05-25T19:17:00,5500,completed,False
order_R0159_0_프라푸치노,159,2026-09-14T14:13:00,11000,completed,False
order_R0159_0_말차프라페,159,2026-05-26T17:04:00,5500,completed,False
order_R0160_0_프라푸치노,160,2026-02-03T15:06:00,5500,completed,False
order_R0160_0_말차프라페,160,2026-01-12T09:43:00,11000,completed,False
order_R0160_0_복숭아아이스티,160,2026-02-14T22:13:00,11000,completed,False
order_R0160_0_자몽허니블랙티,160,2026-06-11T18:58:00,5500,completed,False
order_R0160_0_딸기스무디,160,2026-09-20T16:57:00,5500,completed,False
order_R0160_0_망고스무디,160,2026-03-27T07:18:00,11000,completed,False
order_R0161_0_아메리카노_hot,161,2026-11-13T13:16:00,11000,completed,False
order_R0161_0_아메리카노_ice,161,2026-12-17T03:28:00,16500,completed,False
order_R0161_0_카푸치노,161,2026-10-18T01:14:00,5500,completed,False
order_R0161_1_카푸치노,161,2026-08-17T06:03:00,5500,completed,False
order_R0161_0_프라푸치노,161,2026-09-28T11:03:00,5500,completed,False
order_R0161_0_말차프라페,161,2026-08-17T23:07:00,5500,completed,False
order_R0162_0_카페라떼_hot,162,2026-07-19T15:05:00,11000,completed,False
order_R0162_0_카페라떼_ice,162,2026-02-09T16:55:00,11000,completed,False
order_R0162_0_콜드브루,162,2026-06-15T10:23:00,11000,completed,False
order_R0162_0_드립커피,162,2026-12-26T20:30:00,11000,completed,False
order_R0162_0_바닐라라떼,162,2026-09-10T16:27:00,5500,completed,False
order_R0162_0_카라멜마끼아또,162,2026-05-11T10:48:00,5500,completed,False
order_R0162_0_복숭아아이스티,162,2026-04-08T12:04:00,5500,completed,False
order_R0162_0_자몽허니블랙티,162,2026-03-11T18:36:00,11000,completed,False
order_R0163_0_카페라떼_hot,163,2026-01-10T19:50:00,5500,completed,False
order_R0163_0_카페라떼_ice,163,2026-09-21T11:55:00,5500,completed,False
order_R0163_0_프라푸치노,163,2026-09-20T16:19:00,5500,completed,False
order_R0163_0_말차프라페,163,2026-03-13T17:20:00,5500,completed,False
order_R0163_0_레몬에이드,163,2026-06-03T15:17:00,11000,completed,False
order_R0163_0_자몽에이드,163,2026-10-22T00:39:00,5500,completed,False
order_R0163_0_딸기스무디,163,2026-04-18T07:53:00,11000,completed,False
order_R0163_0_망고스무디,163,2026-05-23T06:58:00,5500,completed,False
order_R0164_0_에스프레소,164,2026-01-12T14:02:00,11000,completed,False
order_R0164_0_복숭아아이스티,164,2026-05-15T21:45:00,11000,completed,False
order_R0164_0_자몽허니블랙티,164,2026-10-06T02:52:00,16500,completed,False
order_R0164_0_레몬에이드,164,2026-05-11T19:22:00,11000,completed,False
order_R0164_0_자몽에이드,164,2026-08-24T17:07:00,5500,completed,False
order_R0165_0_아메리카노_hot,165,2026-02-03T01:38:00,5500,completed,False
order_R0165_0_아메리카노_ice,165,2026-03-28T12:56:00,5500,completed,False
order_R0165_0_드립커피,165,2026-07-06T22:52:00,5500,completed,False
order_R0166_0_프라푸치노,166,2026-08-11T03:35:00,11000,completed,False
order_R0166_0_말차프라페,166,2026-10-25T20:53:00,16500,completed,False
order_R0166_0_레몬에이드,166,2026-12-26T11:49:00,5500,completed,False
order_R0166_0_자몽에이드,166,2026-09-06T22:39:00,11000,completed,False
order_R0167_0_카페라떼_hot,167,2026-08-15T07:42:00,5500,completed,False
order_R0167_0_카페라떼_ice,167,2026-04-04T00:54:00,11000,completed,False
order_R0167_0_바닐라라떼,167,2026-04-21T12:54:00,5500,completed,False
order_R0167_0_카라멜마끼아또,167,2026-08-24T14:02:00,5500,completed,False
order_R0167_0_복숭아아이스티,167,2026-03-04T06:35:00,5500,completed,False
order_R0167_0_자몽허니블랙티,167,2026-09-27T20:58:00,11000,completed,False
order_R0168_0_아메리카노_hot,168,2026-09-11T14:26:00,11000,completed,False
order_R0168_0_아메리카노_ice,168,2026-07-04T22:54:00,11000,completed,False
order_R0168_0_카페라떼_hot,168,2026-09-21T15:14:00,5500,completed,False
order_R0168_0_카페라떼_ice,168,2026-01-04T08:40:00,11000,completed,False
order_R0168_0_콜드브루라떼,168,2026-06-02T07:07:00,5500,completed,False
order_R0169_0_아메리카노_hot,169,2026-02-18T09:52:00,5500,completed,False
order_R0169_0_아메리카노_ice,169,2026-03-07T21:46:00,5500,completed,False
order_R0169_0_복숭아아이스티,169,2026-01-06T18:21:00,5500,completed,False
order_R0169_0_자몽허니블랙티,169,2026-02-11T11:56:00,11000,completed,False
order_R0170_0_에스프레소,170,2026-05-18T16:06:00,5500,completed,False
order_R0170_0_아메리카노_hot,170,2026-12-05T19:09:00,5500,completed,False
order_R0170_0_아메리카노_ice,170,2026-05-20T09:58:00,11000,completed,False
order_R0170_0_카페라떼_hot,170,2026-03-09T05:57:00,16500,completed,False
order_R0170_0_카페라떼_ice,170,2026-08-08T20:17:00,5500,completed,False
order_R0170_0_딸기스무디,170,2026-02-17T08:23:00,11000,completed,False
order_R0170_0_망고스무디,170,2026-03-19T23:59:00,5500,completed,False
order_R0171_0_아메리카노_hot,171,2026-02-28T20:04:00,5500,completed,False
order_R0171_0_아메리카노_ice,171,2026-05-06T18:23:00,11000,completed,False
order_R0171_0_레몬에이드,171,2026-08-25T17:39:00,11000,completed,False
order_R0171_0_자몽에이드,171,2026-10-10T01:24:00,5500,completed,False
order_R0171_0_딸기스무디,171,2026-01-23T12:26:00,5500,completed,False
order_R0171_0_망고스무디,171,2026-04-26T13:14:00,11000,completed,False
order_R0172_0_아메리카노_hot,172,2026-04-10T20:33:00,5500,completed,False
order_R0172_0_아메리카노_ice,172,2026-06-09T01:09:00,5500,completed,False
order_R0172_0_바닐라라떼,172,2026-04-06T15:29:00,5500,completed,False
order_R0172_0_카라멜마끼아또,172,2026-01-01T17:49:00,11000,completed,False
order_R0172_0_프라푸치노,172,2026-12-09T10:56:00,5500,completed,False
order_R0172_0_말차프라페,172,2026-04-21T16:05:00,5500,completed,False
order_R0173_0_바닐라라떼,173,2026-05-02T17:45:00,5500,completed,False
order_R0173_0_카라멜마끼아또,173,2026-09-14T14:50:00,5500,completed,False
order_R0173_0_프라푸치노,173,2026-04-23T03:31:00,5500,completed,False
order_R0173_0_말차프라페,173,2026-03-17T14:51:00,5500,completed,False
order_R0174_0_아메리카노_hot,174,2026-07-17T04:57:00,5500,completed,False
order_R0174_0_아메리카노_ice,174,2026-09-16T19:07:00,5500,completed,False
order_R0174_0_바닐라라떼,174,2026-02-01T15:37:00,5500,completed,False
order_R0174_0_카라멜마끼아또,174,2026-04-10T12:46:00,5500,completed,False
order_R0174_0_프라푸치노,174,2026-05-30T00:22:00,11000,completed,False
order_R0174_0_말차프라페,174,2026-05-26T01:53:00,5500,completed,False
order_R0175_0_아메리카노_hot,175,2026-09-29T10:45:00,5500,completed,False
order_R0175_0_아메리카노_ice,175,2026-08-21T11:50:00,11000,completed,False
order_R0175_0_카페라떼_hot,175,2026-03-22T14:52:00,5500,completed,False
order_R0175_0_카페라떼_ice,175,2026-10-13T16:07:00,5500,completed,False
order_R0175_0_콜드브루라떼,175,2026-10-20T20:17:00,5500,completed,False
order_R0175_0_바닐라라떼,175,2026-12-05T21:27:00,16500,completed,False
order_R0175_0_카라멜마끼아또,175,2026-02-20T15:13:00,5500,completed,False
order_R0176_0_아메리카노_hot,176,2026-12-31T20:10:00,11000,completed,False
order_R0176_0_아메리카노_ice,176,2026-02-03T14:55:00,11000,completed,False
order_R0176_0_프라푸치노,176,2026-04-22T23:26:00,5500,completed,False
order_R0176_0_말차프라페,176,2026-01-08T20:13:00,5500,completed,False
order_R0176_0_레몬에이드,176,2026-05-02T14:25:00,11000,completed,False
order_R0176_0_자몽에이드,176,2026-02-24T21:20:00,5500,completed,False
order_R0177_0_아메리카노_hot,177,2026-11-29T11:41:00,5500,completed,False
order_R0177_0_아메리카노_ice,177,2026-05-08T17:14:00,11000,completed,False
order_R0177_0_바닐라라떼,177,2026-03-01T16:33:00,11000,completed,False
order_R0177_0_카라멜마끼아또,177,2026-05-11T17:38:00,5500,completed,False
order_R0178_0_카페라떼_hot,178,2026-11-21T18:59:00,11000,completed,False
order_R0178_0_카페라떼_ice,178,2026-06-16T22:46:00,5500,completed,False
order_R0178_0_카푸치노,178,2026-11-14T18:28:00,5500,completed,False
order_R0178_0_녹차라떼,178,2026-08-07T23:34:00,5500,completed,False
order_R0178_0_캐모마일티,178,2026-11-14T05:34:00,11000,completed,False
order_R0178_0_레몬에이드,178,2026-06-19T19:37:00,5500,completed,False
order_R0178_0_자몽에이드,178,2026-10-31T03:37:00,5500,completed,False
order_R0178_0_딸기스무디,178,2026-10-04T18:32:00,5500,completed,False
order_R0178_0_망고스무디,178,2026-01-23T05:35:00,11000,completed,False
order_R0179_0_콜드브루,179,2026-07-11T15:19:00,5500,completed,False
order_R0179_1_콜드브루,179,2026-07-11T21:46:00,5500,completed,False
order_R0179_2_콜드브루,179,2026-09-28T09:07:00,5500,completed,False
order_R0179_3_콜드브루,179,2026-02-25T22:16:00,5500,completed,False
order_R0180_0_아메리카노_hot,180,2026-08-04T20:13:00,5500,completed,False
order_R0180_0_아메리카노_ice,180,2026-12-16T04:36:00,5500,completed,False
order_R0180_0_카페라떼_hot,180,2026-01-11T19:34:00,11000,completed,False
order_R0180_0_카페라떼_ice,180,2026-12-21T22:53:00,5500,completed,False
order_R0180_0_바닐라라떼,180,2026-05-04T03:06:00,5500,completed,False
order_R0180_0_카라멜마끼아또,180,2026-11-21T11:38:00,11000,completed,False
order_R0181_0_아메리카노_hot,181,2026-04-28T16:41:00,5500,completed,False
order_R0181_0_아메리카노_ice,181,2026-11-26T19:19:00,11000,completed,False
order_R0181_0_카페라떼_hot,181,2026-01-07T21:05:00,11000,completed,False
order_R0181_0_카페라떼_ice,181,2026-06-10T13:26:00,16500,completed,False
order_R0181_0_콜드브루라떼,181,2026-06-02T23:07:00,11000,completed,False
order_R0181_0_레몬에이드,181,2026-05-31T01:41:00,11000,completed,False
order_R0181_0_자몽에이드,181,2026-05-18T17:12:00,5500,completed,False
order_R0182_0_아메리카노_hot,182,2026-10-06T23:19:00,16500,completed,False
order_R0182_0_아메리카노_ice,182,2026-11-06T14:13:00,5500,completed,False
order_R0183_0_에스프레소,183,2026-08-18T12:56:00,16500,completed,False
order_R0183_0_아메리카노_hot,183,2026-01-23T13:37:00,5500,completed,False
order_R0183_0_아메리카노_ice,183,2026-12-01T07:05:00,11000,completed,False
order_R0183_0_레몬에이드,183,2026-03-18T15:26:00,11000,completed,False
order_R0183_0_자몽에이드,183,2026-05-29T14:16:00,5500,completed,False
order_R0184_0_아메리카노_hot,184,2026-01-14T20:44:00,5500,completed,False
order_R0184_0_아메리카노_ice,184,2026-03-04T20:47:00,5500,completed,False
order_R0184_0_프라푸치노,184,2026-02-13T14:58:00,5500,completed,False
order_R0184_0_말차프라페,184,2026-08-24T23:59:00,11000,completed,False
order_R0184_0_복숭아아이스티,184,2026-12-13T18:08:00,5500,completed,False
order_R0184_0_자몽허니블랙티,184,2026-10-14T11:31:00,16500,completed,False
order_R0184_0_레몬에이드,184,2026-09-13T10:32:00,5500,completed,False
order_R0184_0_자몽에이드,184,2026-04-23T10:26:00,5500,completed,False
order_R0185_0_아메리카노_hot,185,2026-11-18T16:35:00,5500,completed,False
order_R0185_0_아메리카노_ice,185,2026-10-31T01:19:00,5500,completed,False
order_R0185_0_바닐라라떼,185,2026-01-03T16:22:00,11000,completed,False
order_R0185_0_카라멜마끼아또,185,2026-04-22T18:54:00,5500,completed,False
order_R0185_0_녹차라떼,185,2026-02-02T20:57:00,16500,completed,False
order_R0185_0_캐모마일티,185,2026-12-16T17:03:00,16500,completed,False
order_R0185_0_복숭아아이스티,185,2026-12-19T12:45:00,16500,completed,False
order_R0185_0_자몽허니블랙티,185,2026-12-02T18:03:00,11000,completed,False
order_R0185_0_레몬에이드,185,2026-02-17T23:11:00,5500,completed,False
order_R0185_0_자몽에이드,185,2026-07-30T18:25:00,5500,completed,False
order_R0186_0_아메리카노_hot,186,2026-11-22T20:42:00,11000,completed,False
order_R0186_0_아메리카노_ice,186,2026-08-14T11:42:00,5500,completed,False
order_R0186_0_콜드브루라떼,186,2026-11-14T22:37:00,5500,completed,False
order_R0186_0_레몬에이드,186,2026-09-21T14:14:00,11000,completed,False
order_R0186_0_자몽에이드,186,2026-05-20T13:05:00,5500,completed,False
order_R0187_0_아메리카노_hot,187,2026-11-15T19:51:00,16500,completed,False
order_R0187_0_아메리카노_ice,187,2026-12-08T13:52:00,5500,completed,False
order_R0187_0_카페라떼_hot,187,2026-07-25T03:32:00,5500,completed,False
order_R0187_0_카페라떼_ice,187,2026-09-09T22:00:00,16500,completed,False
order_R0187_0_녹차라떼,187,2026-12-28T07:27:00,5500,completed,False
order_R0187_0_캐모마일티,187,2026-02-01T16:19:00,5500,completed,False
order_R0187_0_딸기스무디,187,2026-06-12T16:15:00,16500,completed,False
order_R0187_0_망고스무디,187,2026-07-28T11:49:00,11000,completed,False
order_R0188_0_바닐라라떼,188,2026-01-24T11:42:00,11000,completed,False
order_R0188_0_카라멜마끼아또,188,2026-06-06T07:26:00,16500,completed,False
order_R0189_0_아메리카노_hot,189,2026-09-17T20:12:00,5500,completed,False
order_R0189_0_아메리카노_ice,189,2026-05-30T12:51:00,5500,completed,False
order_R0189_0_바닐라라떼,189,2026-01-28T01:38:00,11000,completed,False
order_R0189_0_카라멜마끼아또,189,2026-03-06T18:51:00,5500,completed,False
order_R0189_0_딸기스무디,189,2026-10-12T07:11:00,11000,completed,False
order_R0189_0_망고스무디,189,2026-08-08T12:25:00,5500,completed,False
order_R0190_0_아메리카노_hot,190,2026-03-08T13:22:00,5500,completed,False
order_R0190_0_아메리카노_ice,190,2026-11-04T22:53:00,5500,completed,False
order_R0190_0_카페라떼_hot,190,2026-11-28T13:01:00,5500,completed,False
order_R0190_0_카페라떼_ice,190,2026-11-02T19:49:00,11000,completed,False
order_R0190_0_바닐라라떼,190,2026-05-23T23:31:00,5500,completed,False
order_R0190_0_카라멜마끼아또,190,2026-07-29T06:00:00,11000,completed,False
order_R0190_0_프라푸치노,190,2026-12-18T15:05:00,5500,completed,False
order_R0190_0_말차프라페,190,2026-04-27T17:19:00,11000,completed,False
order_R0191_0_아메리카노_hot,191,2026-04-22T19:59:00,5500,completed,False
order_R0191_0_아메리카노_ice,191,2026-11-17T06:42:00,16500,completed,False
order_R0191_0_카페라떼_hot,191,2026-11-30T04:43:00,5500,completed,False
order_R0191_0_카페라떼_ice,191,2026-05-14T16:58:00,5500,completed,False
order_R0192_0_아메리카노_hot,192,2026-08-05T20:37:00,5500,completed,False
order_R0192_0_아메리카노_ice,192,2026-09-05T06:13:00,11000,completed,False
order_R0193_0_아메리카노_hot,193,2026-09-05T20:27:00,11000,completed,False
order_R0193_0_아메리카노_ice,193,2026-09-25T05:43:00,5500,completed,False
order_R0193_0_콜드브루,193,2026-07-04T08:04:00,5500,completed,False
order_R0193_0_드립커피,193,2026-11-11T14:27:00,5500,completed,False
order_R0193_0_바닐라라떼,193,2026-03-19T15:57:00,11000,completed,False
order_R0193_0_카라멜마끼아또,193,2026-05-16T18:13:00,11000,completed,False
order_R0193_0_복숭아아이스티,193,2026-02-19T17:08:00,5500,completed,False
order_R0193_0_자몽허니블랙티,193,2026-04-03T13:54:00,5500,completed,False
order_R0193_0_딸기스무디,193,2026-11-15T22:56:00,16500,completed,False
order_R0193_0_망고스무디,193,2026-01-19T14:54:00,11000,completed,False
order_R0194_0_아메리카노_hot,194,2026-12-18T08:39:00,5500,completed,False
order_R0194_0_아메리카노_ice,194,2026-07-17T16:19:00,5500,completed,False
order_R0194_0_카페라떼_hot,194,2026-05-26T10:56:00,11000,completed,False
order_R0194_0_카페라떼_ice,194,2026-07-11T13:14:00,11000,completed,False
order_R0194_0_드립커피,194,2026-04-09T09:09:00,5500,completed,False
order_R0194_0_바닐라라떼,194,2026-02-19T17:48:00,11000,completed,False
order_R0194_0_카라멜마끼아또,194,2026-04-29T23:13:00,5500,completed,False
order_R0194_0_레몬에이드,194,2026-07-16T19:21:00,5500,completed,False
order_R0194_0_자몽에이드,194,2026-02-15T01:23:00,5500,completed,False
order_R0195_0_아메리카노_hot,195,2026-08-08T06:21:00,5500,completed,False
order_R0195_0_아메리카노_ice,195,2026-03-10T05:29:00,11000,completed,False
order_R0195_0_카페라떼_hot,195,2026-01-19T06:02:00,11000,completed,False
order_R0195_0_카페라떼_ice,195,2026-03-15T08:34:00,5500,completed,False
order_R0195_0_바닐라라떼,195,2026-05-04T13:00:00,5500,completed,False
order_R0195_0_카라멜마끼아또,195,2026-10-04T17:04:00,16500,completed,False
order_R0195_0_프라푸치노,195,2026-08-25T03:33:00,5500,completed,False
order_R0195_0_말차프라페,195,2026-06-12T03:14:00,5500,completed,False
order_R0195_0_딸기스무디,195,2026-06-05T08:34:00,11000,completed,False
order_R0195_0_망고스무디,195,2026-07-11T11:57:00,5500,completed,False
order_R0196_0_아메리카노_hot,196,2026-11-01T13:28:00,5500,completed,False
order_R0196_0_아메리카노_ice,196,2026-04-21T17:55:00,11000,completed,False
order_R0196_0_콜드브루라떼,196,2026-09-13T12:09:00,5500,completed,False
order_R0196_0_딸기스무디,196,2026-04-13T01:48:00,5500,completed,False
order_R0196_0_망고스무디,196,2026-08-01T11:29:00,16500,completed,False
order_R0197_0_바닐라라떼,197,2026-11-27T11:34:00,5500,completed,False
order_R0197_0_카라멜마끼아또,197,2026-02-27T05:09:00,11000,completed,False
order_R0197_0_복숭아아이스티,197,2026-01-11T11:35:00,5500,completed,False
order_R0197_0_자몽허니블랙티,197,2026-11-07T16:18:00,5500,completed,False
order_R0197_0_딸기스무디,197,2026-02-11T14:45:00,11000,completed,False
order_R0197_0_망고스무디,197,2026-08-14T13:44:00,11000,completed,False
order_R0198_0_아메리카노_hot,198,2026-11-06T19:33:00,5500,completed,False
order_R0198_0_아메리카노_ice,198,2026-03-31T19:27:00,11000,completed,False
order_R0198_0_카페라떼_hot,198,2026-12-12T21:52:00,11000,completed,False
order_R0198_0_카페라떼_ice,198,2026-12-26T20:47:00,11000,completed,False
order_R0198_0_바닐라라떼,198,2026-01-02T00:17:00,11000,completed,False
order_R0198_0_카라멜마끼아또,198,2026-09-04T17:56:00,5500,completed,False
order_R0198_0_딸기스무디,198,2026-01-05T14:20:00,11000,completed,False
order_R0198_0_망고스무디,198,2026-07-15T16:54:00,11000,completed,False
order_R0199_0_아메리카노_hot,199,2026-09-21T23:09:00,5500,completed,False
order_R0199_0_아메리카노_ice,199,2026-06-19T02:44:00,5500,completed,False
order_R0199_0_바닐라라떼,199,2026-12-26T14:04:00,5500,completed,False
order_R0199_0_카라멜마끼아또,199,2026-11-03T11:49:00,11000,completed,False
order_R0199_0_프라푸치노,199,2026-04-11T06:38:00,16500,completed,False
order_R0199_0_말차프라페,199,2026-03-24T12:11:00,11000,completed,False
order_R0200_0_아메리카노_hot,200,2026-06-20T15:30:00,5500,completed,False
order_R0200_0_아메리카노_ice,200,2026-08-12T19:15:00,5500,completed,False
order_R0200_0_카푸치노,200,2026-03-23T06:15:00,5500,completed,False
order_R0200_0_바닐라라떼,200,2026-10-19T17:53:00,5500,completed,False
order_R0200_0_카라멜마끼아또,200,2026-04-14T21:59:00,5500,completed,False
order_R0200_0_녹차라떼,200,2026-07-27T04:32:00,5500,completed,False
order_R0200_0_캐모마일티,200,2026-09-19T23:51:00,11000,completed,False
order_R0200_0_복숭아아이스티,200,2026-10-21T09:14:00,5500,completed,False
order_R0200_0_자몽허니블랙티,200,2026-03-11T19:18:00,5500,completed,False
order_R0201_0_카푸치노,201,2026-12-19T09:54:00,11000,completed,False
order_R0201_1_카푸치노,201,2026-09-23T00:48:00,11000,completed,False
order_R0201_0_콜드브루,201,2026-01-22T12:38:00,16500,completed,False
order_R0201_1_콜드브루,201,2026-04-27T20:48:00,5500,completed,False
order_R0201_2_콜드브루,201,2026-07-01T16:08:00,5500,completed,False
order_R0201_3_콜드브루,201,2026-08-05T05:08:00,5500,completed,False
order_R0201_4_콜드브루,201,2026-10-01T19:19:00,11000,completed,False
order_R0202_0_아메리카노_hot,202,2026-03-22T01:33:00,11000,completed,False
order_R0202_0_아메리카노_ice,202,2026-06-12T07:26:00,5500,completed,False
order_R0202_0_카페라떼_hot,202,2026-09-22T07:32:00,16500,completed,False
order_R0202_0_카페라떼_ice,202,2026-10-21T09:20:00,5500,completed,False
order_R0202_0_바닐라라떼,202,2026-04-16T20:28:00,16500,completed,False
order_R0202_0_카라멜마끼아또,202,2026-01-18T18:26:00,16500,completed,False
order_R0202_0_녹차라떼,202,2026-12-25T21:16:00,5500,completed,False
order_R0202_0_캐모마일티,202,2026-04-29T03:17:00,11000,completed,False
order_R0202_0_딸기스무디,202,2026-02-04T00:31:00,5500,completed,False
order_R0202_0_망고스무디,202,2026-05-29T14:16:00,5500,completed,False
order_R0203_0_아메리카노_hot,203,2026-10-07T07:08:00,11000,completed,False
order_R0203_0_아메리카노_ice,203,2026-09-25T22:53:00,16500,completed,False
order_R0203_0_카페라떼_hot,203,2026-09-01T17:22:00,5500,completed,False
order_R0203_0_카페라떼_ice,203,2026-04-24T14:55:00,5500,completed,False
order_R0203_0_콜드브루,203,2026-11-05T12:43:00,5500,completed,False
order_R0203_0_복숭아아이스티,203,2026-08-13T09:13:00,5500,completed,False
order_R0203_0_자몽허니블랙티,203,2026-10-08T23:47:00,11000,completed,False
order_R0204_0_아메리카노_hot,204,2026-12-19T17:12:00,11000,completed,False
order_R0204_0_아메리카노_ice,204,2026-11-29T13:17:00,5500,completed,False
order_R0204_0_콜드브루,204,2026-04-07T18:09:00,5500,completed,False
order_R0204_1_콜드브루,204,2026-04-18T17:45:00,11000,completed,False
order_R0204_2_콜드브루,204,2026-10-11T11:59:00,5500,completed,False
order_R0204_0_딸기스무디,204,2026-03-10T20:15:00,5500,completed,False
order_R0204_0_망고스무디,204,2026-10-02T15:46:00,5500,completed,False
order_R0205_0_아메리카노_hot,205,2026-05-18T17:13:00,11000,completed,False
order_R0205_0_아메리카노_ice,205,2026-11-29T23:43:00,5500,completed,False
order_R0205_0_바닐라라떼,205,2026-02-09T12:59:00,5500,completed,False
order_R0205_0_카라멜마끼아또,205,2026-12-04T14:38:00,11000,completed,False
order_R0206_0_아메리카노_hot,206,2026-11-30T12:53:00,5500,completed,False
order_R0206_0_아메리카노_ice,206,2026-07-12T11:18:00,11000,completed,False
order_R0206_0_카페라떼_hot,206,2026-01-16T20:43:00,5500,completed,False
order_R0206_0_카페라떼_ice,206,2026-08-23T12:56:00,5500,completed,False
order_R0206_0_드립커피,206,2026-01-08T12:36:00,5500,completed,False
order_R0206_0_복숭아아이스티,206,2026-07-06T10:56:00,11000,completed,False
order_R0206_0_자몽허니블랙티,206,2026-12-18T14:48:00,5500,completed,False
order_R0207_0_카페라떼_hot,207,2026-03-09T04:23:00,5500,completed,False
order_R0207_0_카페라떼_ice,207,2026-09-26T12:13:00,5500,completed,False
order_R0207_0_프라푸치노,207,2026-04-09T15:20:00,5500,completed,False
order_R0207_0_말차프라페,207,2026-03-12T14:38:00,5500,completed,False
order_R0207_0_복숭아아이스티,207,2026-08-13T16:15:00,11000,completed,False
order_R0207_0_자몽허니블랙티,207,2026-01-25T08:20:00,5500,completed,False
order_R0207_0_레몬에이드,207,2026-06-14T12:05:00,11000,completed,False
order_R0207_0_자몽에이드,207,2026-03-03T14:54:00,5500,completed,False
order_R0208_0_아메리카노_hot,208,2026-03-22T12:47:00,11000,completed,False
order_R0208_0_아메리카노_ice,208,2026-11-01T00:45:00,11000,completed,False
order_R0208_0_바닐라라떼,208,2026-09-11T19:02:00,5500,completed,False
order_R0208_0_카라멜마끼아또,208,2026-01-29T09:17:00,11000,completed,False
order_R0208_0_프라푸치노,208,2026-05-21T12:32:00,5500,completed,False
order_R0208_0_말차프라페,208,2026-08-05T18:21:00,5500,completed,False
order_R0209_0_에스프레소,209,2026-04-15T06:46:00,11000,completed,False
order_R0209_1_에스프레소,209,2026-08-31T01:31:00,5500,completed,False
order_R0209_2_에스프레소,209,2026-06-02T18:11:00,5500,completed,False
order_R0209_3_에스프레소,209,2026-03-28T15:00:00,5500,completed,False
order_R0209_4_에스프레소,209,2026-11-01T22:08:00,5500,completed,False
order_R0209_5_에스프레소,209,2026-10-11T06:31:00,5500,completed,False
order_R0209_0_카페라떼_hot,209,2026-11-12T22:59:00,11000,completed,False
order_R0209_0_카페라떼_ice,209,2026-03-03T03:29:00,11000,completed,False
order_R0210_0_아메리카노_hot,210,2026-04-25T16:11:00,5500,completed,False
order_R0210_0_아메리카노_ice,210,2026-05-31T11:31:00,5500,completed,False
order_R0210_0_카푸치노,210,2026-06-18T00:43:00,11000,completed,False
order_R0210_0_바닐라라떼,210,2026-03-07T18:23:00,16500,completed,False
order_R0210_0_카라멜마끼아또,210,2026-01-27T23:15:00,5500,completed,False
order_R0210_0_복숭아아이스티,210,2026-10-06T15:52:00,11000,completed,False
order_R0210_0_자몽허니블랙티,210,2026-03-30T20:57:00,11000,completed,False
order_R0210_0_딸기스무디,210,2026-05-28T02:31:00,11000,completed,False
order_R0210_0_망고스무디,210,2026-10-21T20:59:00,5500,completed,False
order_R0211_0_아메리카노_hot,211,2026-12-26T19:07:00,5500,completed,False
order_R0211_0_아메리카노_ice,211,2026-07-03T19:52:00,11000,completed,False
order_R0211_0_카페라떼_hot,211,2026-10-04T17:43:00,11000,completed,False
order_R0211_0_카페라떼_ice,211,2026-04-22T07:34:00,5500,completed,False
order_R0212_0_드립커피,212,2026-12-20T22:19:00,5500,completed,False
order_R0213_0_아메리카노_hot,213,2026-12-13T02:02:00,5500,completed,False
order_R0213_0_아메리카노_ice,213,2026-11-01T22:16:00,11000,completed,False
order_R0213_0_바닐라라떼,213,2026-03-13T09:47:00,16500,completed,False
order_R0213_0_카라멜마끼아또,213,2026-06-03T06:23:00,11000,completed,False
order_R0214_0_아메리카노_hot,214,2026-08-12T11:45:00,5500,completed,False
order_R0214_0_아메리카노_ice,214,2026-06-12T23:31:00,11000,completed,False
order_R0214_0_카페라떼_hot,214,2026-12-02T16:12:00,5500,completed,False
order_R0214_0_카페라떼_ice,214,2026-11-09T14:08:00,11000,completed,False
order_R0214_0_카푸치노,214,2026-02-19T18:38:00,5500,completed,False
order_R0214_0_콜드브루라떼,214,2026-08-14T10:32:00,11000,completed,False
order_R0214_1_콜드브루라떼,214,2026-06-08T12:02:00,16500,completed,False
order_R0214_2_콜드브루라떼,214,2026-04-12T13:42:00,11000,completed,False
order_R0215_0_아메리카노_hot,215,2026-04-30T12:07:00,5500,completed,False
order_R0215_0_아메리카노_ice,215,2026-04-02T02:02:00,16500,completed,False
order_R0215_0_카페라떼_hot,215,2026-04-26T23:17:00,5500,completed,False
order_R0215_0_카페라떼_ice,215,2026-06-22T15:12:00,5500,completed,False
order_R0215_0_드립커피,215,2026-04-04T11:35:00,5500,completed,False
order_R0216_0_카페라떼_hot,216,2026-09-05T12:26:00,5500,completed,False
order_R0216_0_카페라떼_ice,216,2026-09-09T10:13:00,5500,completed,False
order_R0216_0_콜드브루,216,2026-08-02T16:17:00,5500,completed,False
order_R0216_1_콜드브루,216,2026-08-05T12:15:00,5500,completed,False
order_R0216_0_바닐라라떼,216,2026-09-16T12:07:00,11000,completed,False
order_R0216_0_카라멜마끼아또,216,2026-12-14T13:21:00,11000,completed,False
order_R0216_0_프라푸치노,216,2026-04-06T22:10:00,5500,completed,False
order_R0216_0_말차프라페,216,2026-06-30T06:06:00,5500,completed,False
order_R0216_0_복숭아아이스티,216,2026-09-09T13:04:00,5500,completed,False
order_R0216_0_자몽허니블랙티,216,2026-02-23T23:54:00,11000,completed,False
order_R0216_0_레몬에이드,216,2026-01-02T23:45:00,5500,completed,False
order_R0216_0_자몽에이드,216,2026-06-20T02:18:00,11000,completed,False
order_R0217_0_아메리카노_hot,217,2026-02-16T02:18:00,16500,completed,False
order_R0217_0_아메리카노_ice,217,2026-03-21T09:34:00,11000,completed,False
order_R0217_0_드립커피,217,2026-11-15T02:03:00,5500,completed,False
order_R0218_0_아메리카노_hot,218,2026-12-16T23:16:00,16500,completed,False
order_R0218_0_아메리카노_ice,218,2026-02-17T10:51:00,5500,completed,False
order_R0218_0_카페라떼_hot,218,2026-10-28T20:12:00,5500,completed,False
order_R0218_0_카페라떼_ice,218,2026-12-09T14:55:00,5500,completed,False
order_R0218_0_바닐라라떼,218,2026-11-15T10:23:00,5500,completed,False
order_R0218_0_카라멜마끼아또,218,2026-10-04T08:16:00,11000,completed,False
order_R0218_0_녹차라떼,218,2026-04-08T20:42:00,5500,completed,False
order_R0218_0_캐모마일티,218,2026-08-26T11:28:00,16500,completed,False
order_R0219_0_아메리카노_hot,219,2026-07-30T23:25:00,11000,completed,False
order_R0219_0_아메리카노_ice,219,2026-08-07T07:24:00,11000,completed,False
order_R0219_0_카푸치노,219,2026-08-21T13:55:00,5500,completed,False
order_R0219_1_카푸치노,219,2026-07-23T23:53:00,5500,completed,False
order_R0219_0_딸기스무디,219,2026-02-09T11:04:00,5500,completed,False
order_R0219_0_망고스무디,219,2026-07-20T23:31:00,5500,completed,False
order_R0221_0_아메리카노_hot,221,2026-10-22T14:49:00,5500,completed,False
order_R0221_0_아메리카노_ice,221,2026-05-18T23:37:00,5500,completed,False
order_R0221_0_카페라떼_hot,221,2026-07-25T08:47:00,5500,completed,False
order_R0221_0_카페라떼_ice,221,2026-11-30T20:10:00,5500,completed,False
order_R0221_0_녹차라떼,221,2026-11-18T09:55:00,11000,completed,False
order_R0221_0_캐모마일티,221,2026-03-14T14:51:00,5500,completed,False
order_R0222_0_녹차라떼,222,2026-11-09T04:24:00,11000,completed,False
order_R0222_0_캐모마일티,222,2026-09-10T21:20:00,11000,completed,False
order_R0222_0_레몬에이드,222,2026-09-23T21:08:00,5500,completed,False
order_R0222_0_자몽에이드,222,2026-03-13T07:42:00,5500,completed,False
order_R0223_0_에스프레소,223,2026-12-19T12:25:00,5500,completed,False
order_R0223_0_아메리카노_hot,223,2026-02-24T06:06:00,11000,completed,False
order_R0223_0_아메리카노_ice,223,2026-05-05T15:21:00,5500,completed,False
order_R0223_0_카페라떼_hot,223,2026-01-07T18:28:00,5500,completed,False
order_R0223_0_카페라떼_ice,223,2026-12-04T08:16:00,16500,completed,False
order_R0224_0_아메리카노_hot,224,2026-11-15T19:00:00,5500,completed,False
order_R0224_0_아메리카노_ice,224,2026-12-01T19:31:00,11000,completed,False
order_R0224_0_카페라떼_hot,224,2026-02-28T17:39:00,11000,completed,False
order_R0224_0_카페라떼_ice,224,2026-07-09T10:33:00,5500,completed,False
order_R0224_0_프라푸치노,224,2026-04-25T20:29:00,11000,completed,False
order_R0224_0_말차프라페,224,2026-05-25T18:07:00,11000,completed,False
order_R0225_0_아메리카노_hot,225,2026-01-07T19:17:00,11000,completed,False
order_R0225_0_아메리카노_ice,225,2026-03-18T20:33:00,16500,completed,False
order_R0225_0_카페라떼_hot,225,2026-08-21T21:55:00,5500,completed,False
order_R0225_0_카페라떼_ice,225,2026-07-20T07:35:00,11000,completed,False
order_R0226_0_아메리카노_hot,226,2026-08-23T23:53:00,5500,completed,False
order_R0226_0_아메리카노_ice,226,2026-07-17T05:29:00,11000,completed,False
order_R0226_0_레몬에이드,226,2026-05-14T06:41:00,5500,completed,False
order_R0226_0_자몽에이드,226,2026-10-31T12:44:00,5500,completed,False
order_R0227_0_아메리카노_hot,227,2026-07-27T23:09:00,11000,completed,False
order_R0227_0_아메리카노_ice,227,2026-02-27T21:43:00,5500,completed,False
order_R0227_0_콜드브루,227,2026-10-31T15:06:00,11000,completed,False
order_R0227_1_콜드브루,227,2026-11-06T20:36:00,5500,completed,False
order_R0227_0_바닐라라떼,227,2026-03-06T03:35:00,11000,completed,False
order_R0227_0_카라멜마끼아또,227,2026-05-28T12:02:00,11000,completed,False
order_R0227_0_프라푸치노,227,2026-06-18T20:56:00,5500,completed,False
order_R0227_0_말차프라페,227,2026-08-23T22:22:00,5500,completed,False
order_R0227_0_레몬에이드,227,2026-07-19T03:09:00,16500,completed,False
order_R0227_0_자몽에이드,227,2026-01-07T13:10:00,5500,completed,False
order_R0228_0_아메리카노_hot,228,2026-11-21T19:15:00,5500,completed,False
order_R0228_0_아메리카노_ice,228,2026-11-13T13:57:00,16500,completed,False
order_R0228_0_카페라떼_hot,228,2026-12-21T03:41:00,5500,completed,False
order_R0228_0_카페라떼_ice,228,2026-05-08T15:39:00,5500,completed,False
order_R0228_0_드립커피,228,2026-06-18T11:11:00,5500,completed,False
order_R0229_0_녹차라떼,229,2026-03-21T22:20:00,5500,completed,False
order_R0229_0_캐모마일티,229,2026-04-15T21:16:00,11000,completed,False
order_R0229_0_딸기스무디,229,2026-09-26T18:53:00,11000,completed,False
order_R0229_0_망고스무디,229,2026-10-04T10:02:00,5500,completed,False
order_R0230_0_바닐라라떼,230,2026-08-25T18:10:00,5500,completed,False
order_R0230_0_카라멜마끼아또,230,2026-01-27T14:17:00,5500,completed,False
order_R0230_0_딸기스무디,230,2026-09-09T16:39:00,5500,completed,False
order_R0230_0_망고스무디,230,2026-09-30T16:30:00,5500,completed,False
order_R0231_0_아메리카노_hot,231,2026-06-01T05:02:00,11000,completed,False
order_R0231_0_아메리카노_ice,231,2026-04-10T10:24:00,16500,completed,False
order_R0231_0_바닐라라떼,231,2026-03-05T13:55:00,11000,completed,False
order_R0231_0_카라멜마끼아또,231,2026-12-26T17:40:00,5500,completed,False
order_R0231_0_복숭아아이스티,231,2026-08-16T11:12:00,11000,completed,False
order_R0231_0_자몽허니블랙티,231,2026-03-18T16:46:00,5500,completed,False
order_R0232_0_딸기스무디,232,2026-07-25T18:17:00,11000,completed,False
order_R0232_0_망고스무디,232,2026-11-11T09:39:00,16500,completed,False
order_R0233_0_아메리카노_hot,233,2026-04-27T17:01:00,11000,completed,False
order_R0233_0_아메리카노_ice,233,2026-10-01T18:59:00,5500,completed,False
order_R0233_0_녹차라떼,233,2026-08-24T22:21:00,11000,completed,False
order_R0233_0_캐모마일티,233,2026-09-11T18:40:00,5500,completed,False
order_R0234_0_아메리카노_hot,234,2026-07-11T12:12:00,5500,completed,False
order_R0234_0_아메리카노_ice,234,2026-08-28T07:24:00,5500,completed,False
order_R0234_0_카페라떼_hot,234,2026-03-26T12:24:00,5500,completed,False
order_R0234_0_카페라떼_ice,234,2026-01-27T17:04:00,16500,completed,False
order_R0234_0_복숭아아이스티,234,2026-03-13T11:54:00,11000,completed,False
order_R0234_0_자몽허니블랙티,234,2026-06-21T04:18:00,5500,completed,False
order_R0235_0_바닐라라떼,235,2026-06-08T18:32:00,5500,completed,False
order_R0235_0_카라멜마끼아또,235,2026-03-27T18:35:00,5500,completed,False
order_R0236_0_아메리카노_hot,236,2026-05-22T05:26:00,5500,completed,False
order_R0236_0_아메리카노_ice,236,2026-08-08T14:26:00,11000,completed,False
order_R0236_0_콜드브루라떼,236,2026-12-12T11:34:00,11000,completed,False
order_R0236_0_바닐라라떼,236,2026-12-19T16:36:00,5500,completed,False
order_R0236_0_카라멜마끼아또,236,2026-03-31T09:15:00,5500,completed,False
order_R0236_0_프라푸치노,236,2026-01-18T23:03:00,5500,completed,False
order_R0236_0_말차프라페,236,2026-07-26T21:44:00,11000,completed,False
order_R0238_0_콜드브루,238,2026-06-02T21:00:00,5500,completed,False
order_R0238_1_콜드브루,238,2026-02-01T08:41:00,5500,completed,False
order_R0238_2_콜드브루,238,2026-03-28T04:37:00,5500,completed,False
order_R0238_0_바닐라라떼,238,2026-06-28T09:32:00,16500,completed,False
order_R0238_0_카라멜마끼아또,238,2026-03-12T19:01:00,5500,completed,False
order_R0239_0_아메리카노_hot,239,2026-09-23T18:08:00,11000,completed,False
order_R0239_0_아메리카노_ice,239,2026-10-17T18:32:00,5500,completed,False
order_R0239_0_녹차라떼,239,2026-08-10T15:33:00,5500,completed,False
order_R0239_0_캐모마일티,239,2026-01-31T23:13:00,16500,completed,False
order_R0240_0_아메리카노_hot,240,2026-03-11T21:12:00,5500,completed,False
order_R0240_0_아메리카노_ice,240,2026-04-12T07:51:00,5500,completed,False
order_R0240_0_카페라떼_hot,240,2026-04-03T22:00:00,5500,completed,False
order_R0240_0_카페라떼_ice,240,2026-11-30T03:58:00,11000,completed,False
order_R0240_0_바닐라라떼,240,2026-08-04T18:22:00,5500,completed,False
order_R0240_0_카라멜마끼아또,240,2026-09-17T23:55:00,5500,completed,False
order_R0241_0_콜드브루,241,2026-04-27T23:36:00,11000,completed,False
order_R0241_1_콜드브루,241,2026-07-19T05:17:00,5500,completed,False
order_R0241_0_드립커피,241,2026-04-27T20:10:00,5500,completed,False
order_R0241_0_바닐라라떼,241,2026-04-25T01:58:00,5500,completed,False
order_R0241_0_카라멜마끼아또,241,2026-03-06T10:03:00,16500,completed,False
order_R0241_0_녹차라떼,241,2026-05-03T07:56:00,5500,completed,False
order_R0241_0_캐모마일티,241,2026-05-17T23:40:00,5500,completed,False
order_R0241_0_복숭아아이스티,241,2026-05-28T10:23:00,11000,completed,False
order_R0241_0_자몽허니블랙티,241,2026-05-30T07:51:00,5500,completed,False
order_R0242_0_아메리카노_hot,242,2026-12-07T11:40:00,5500,completed,False
order_R0242_0_아메리카노_ice,242,2026-04-15T23:36:00,11000,completed,False
order_R0242_0_카페라떼_hot,242,2026-05-07T23:48:00,16500,completed,False
order_R0242_0_카페라떼_ice,242,2026-11-04T12:17:00,5500,completed,False
order_R0242_0_복숭아아이스티,242,2026-05-23T06:28:00,11000,completed,False
order_R0242_0_자몽허니블랙티,242,2026-01-18T12:39:00,5500,completed,False
order_R0242_0_레몬에이드,242,2026-05-03T11:47:00,5500,completed,False
order_R0242_0_자몽에이드,242,2026-11-15T11:28:00,16500,completed,False
order_R0243_0_아메리카노_hot,243,2026-03-31T13:55:00,11000,completed,False
order_R0243_0_아메리카노_ice,243,2026-01-05T11:54:00,5500,completed,False
order_R0243_0_레몬에이드,243,2026-03-15T11:38:00,5500,completed,False
order_R0243_0_자몽에이드,243,2026-09-19T07:49:00,16500,completed,False
order_R0244_0_아메리카노_hot,244,2026-06-12T18:43:00,16500,completed,False
order_R0244_0_아메리카노_ice,244,2026-09-26T09:24:00,16500,completed,False
order_R0244_0_카페라떼_hot,244,2026-11-08T19:19:00,5500,completed,False
order_R0244_0_카페라떼_ice,244,2026-06-21T02:14:00,5500,completed,False
order_R0244_0_콜드브루라떼,244,2026-12-02T05:09:00,5500,completed,False
order_R0244_0_바닐라라떼,244,2026-07-01T23:48:00,5500,completed,False
order_R0244_0_카라멜마끼아또,244,2026-01-12T22:44:00,11000,completed,False
order_R0244_0_복숭아아이스티,244,2026-05-28T13:56:00,5500,completed,False
order_R0244_0_자몽허니블랙티,244,2026-06-11T23:15:00,5500,completed,False
order_R0244_0_레몬에이드,244,2026-08-04T06:10:00,5500,completed,False
order_R0244_0_자몽에이드,244,2026-12-03T00:48:00,5500,completed,False
order_R0245_0_드립커피,245,2026-02-15T07:11:00,11000,completed,False
order_R0245_0_바닐라라떼,245,2026-01-15T08:37:00,5500,completed,False
order_R0245_0_카라멜마끼아또,245,2026-02-13T07:22:00,5500,completed,False
order_R0245_0_녹차라떼,245,2026-12-12T20:17:00,11000,completed,False
order_R0245_0_캐모마일티,245,2026-07-17T14:28:00,5500,completed,False
order_R0245_0_레몬에이드,245,2026-11-19T10:57:00,5500,completed,False
order_R0245_0_자몽에이드,245,2026-04-21T13:23:00,5500,completed,False
order_R0245_0_딸기스무디,245,2026-07-20T21:22:00,11000,completed,False
order_R0245_0_망고스무디,245,2026-06-01T09:50:00,5500,completed,False
order_R0246_0_카페라떼_hot,246,2026-07-23T03:41:00,11000,completed,False
order_R0246_0_카페라떼_ice,246,2026-11-11T13:27:00,5500,completed,False
order_R0246_0_프라푸치노,246,2026-08-09T21:58:00,5500,completed,False
order_R0246_0_말차프라페,246,2026-04-21T18:39:00,11000,completed,False
order_R0246_0_녹차라떼,246,2026-02-21T09:36:00,5500,completed,False
order_R0246_0_캐모마일티,246,2026-11-12T15:37:00,5500,completed,False
order_R0246_0_복숭아아이스티,246,2026-01-17T22:40:00,11000,completed,False
order_R0246_0_자몽허니블랙티,246,2026-02-14T08:38:00,5500,completed,False
order_R0247_0_아메리카노_hot,247,2026-09-16T23:29:00,11000,completed,False
order_R0247_0_아메리카노_ice,247,2026-10-24T13:57:00,11000,completed,False
order_R0248_0_아메리카노_hot,248,2026-10-09T12:21:00,16500,completed,False
order_R0248_0_아메리카노_ice,248,2026-10-21T11:12:00,11000,completed,False
order_R0248_0_카페라떼_hot,248,2026-08-12T21:30:00,16500,completed,False
order_R0248_0_카페라떼_ice,248,2026-08-09T06:43:00,11000,completed,False
order_R0248_0_바닐라라떼,248,2026-01-23T14:58:00,5500,completed,False
order_R0248_0_카라멜마끼아또,248,2026-07-10T15:00:00,5500,completed,False
order_R0248_0_프라푸치노,248,2026-05-06T11:22:00,11000,completed,False
order_R0248_0_말차프라페,248,2026-10-18T04:09:00,5500,completed,False
order_R0248_0_녹차라떼,248,2026-10-23T03:30:00,5500,completed,False
order_R0248_0_캐모마일티,248,2026-08-25T13:04:00,11000,completed,False
order_R0248_0_복숭아아이스티,248,2026-04-05T19:15:00,11000,completed,False
order_R0248_0_자몽허니블랙티,248,2026-12-24T20:12:00,11000,completed,False
order_R0248_0_레몬에이드,248,2026-01-30T22:44:00,5500,completed,False
order_R0248_0_자몽에이드,248,2026-07-27T08:59:00,5500,completed,False
order_R0249_0_드립커피,249,2026-09-24T09:56:00,5500,completed,False
order_R0249_0_바닐라라떼,249,2026-09-10T18:56:00,11000,completed,False
order_R0249_0_카라멜마끼아또,249,2026-02-27T23:54:00,5500,completed,False
order_R0250_0_아메리카노_hot,250,2026-12-10T21:51:00,5500,completed,False
order_R0250_0_아메리카노_ice,250,2026-10-02T23:50:00,11000,completed,False
order_R0250_0_카푸치노,250,2026-03-18T15:56:00,16500,completed,False
order_R0250_1_카푸치노,250,2026-05-25T12:33:00,11000,completed,False
order_R0250_2_카푸치노,250,2026-09-06T22:18:00,5500,completed,False
order_R0250_0_복숭아아이스티,250,2026-10-30T13:30:00,5500,completed,False
order_R0250_0_자몽허니블랙티,250,2026-07-04T06:55:00,11000,completed,False
order_R0251_0_아메리카노_hot,251,2026-08-13T13:22:00,5500,completed,False
order_R0251_0_아메리카노_ice,251,2026-08-31T09:58:00,16500,completed,False
order_R0251_0_복숭아아이스티,251,2026-07-24T03:01:00,11000,completed,False
order_R0251_0_자몽허니블랙티,251,2026-01-31T14:18:00,16500,completed,False
order_R0252_0_카페라떼_hot,252,2026-12-11T15:28:00,5500,completed,False
order_R0252_0_카페라떼_ice,252,2026-08-11T10:13:00,5500,completed,False
order_R0252_0_콜드브루라떼,252,2026-02-20T15:48:00,11000,completed,False
order_R0252_0_바닐라라떼,252,2026-03-02T14:57:00,11000,completed,False
order_R0252_0_카라멜마끼아또,252,2026-11-17T22:51:00,11000,completed,False
order_R0252_0_프라푸치노,252,2026-02-04T16:04:00,11000,completed,False
order_R0252_0_말차프라페,252,2026-01-15T22:23:00,11000,completed,False
order_R0252_0_복숭아아이스티,252,2026-03-01T13:55:00,5500,completed,False
order_R0252_0_자몽허니블랙티,252,2026-03-19T08:32:00,5500,completed,False
order_R0252_0_딸기스무디,252,2026-07-07T11:22:00,5500,completed,False
order_R0252_0_망고스무디,252,2026-11-02T12:08:00,5500,completed,False
order_R0253_0_카푸치노,253,2026-10-21T16:55:00,5500,completed,False
order_R0253_1_카푸치노,253,2026-04-02T10:24:00,16500,completed,False
order_R0253_2_카푸치노,253,2026-06-27T11:45:00,16500,completed,False
order_R0253_3_카푸치노,253,2026-10-28T19:37:00,5500,completed,False
order_R0253_4_카푸치노,253,2026-11-20T11:04:00,11000,completed,False
order_R0254_0_바닐라라떼,254,2026-08-23T14:58:00,5500,completed,False
order_R0254_0_카라멜마끼아또,254,2026-05-09T18:11:00,5500,completed,False
order_R0254_0_레몬에이드,254,2026-12-29T09:48:00,11000,completed,False
order_R0254_0_자몽에이드,254,2026-12-21T16:50:00,5500,completed,False
order_R0255_0_아메리카노_hot,255,2026-06-16T14:38:00,5500,completed,False
order_R0255_0_아메리카노_ice,255,2026-10-20T15:32:00,5500,completed,False
order_R0255_0_콜드브루,255,2026-09-06T11:32:00,5500,completed,False
order_R0255_0_레몬에이드,255,2026-12-06T17:43:00,5500,completed,False
order_R0255_0_자몽에이드,255,2026-07-09T13:25:00,5500,completed,False
order_R0255_0_딸기스무디,255,2026-12-03T15:26:00,11000,completed,False
order_R0255_0_망고스무디,255,2026-02-23T12:31:00,11000,completed,False
order_R0256_0_바닐라라떼,256,2026-11-29T15:35:00,5500,completed,False
order_R0256_0_카라멜마끼아또,256,2026-06-09T20:23:00,5500,completed,False
order_R0256_0_레몬에이드,256,2026-07-11T18:47:00,5500,completed,False
order_R0256_0_자몽에이드,256,2026-04-14T12:28:00,16500,completed,False
order_R0257_0_아메리카노_hot,257,2026-05-29T21:16:00,5500,completed,False
order_R0257_0_아메리카노_ice,257,2026-02-13T23:06:00,11000,completed,False
order_R0257_0_카페라떼_hot,257,2026-11-18T11:39:00,5500,completed,False
order_R0257_0_카페라떼_ice,257,2026-08-28T10:40:00,16500,completed,False
order_R0257_0_복숭아아이스티,257,2026-06-28T12:25:00,5500,completed,False
order_R0257_0_자몽허니블랙티,257,2026-06-16T07:22:00,5500,completed,False
order_R0258_0_녹차라떼,258,2026-07-20T17:51:00,16500,completed,False
order_R0258_0_캐모마일티,258,2026-08-31T08:54:00,5500,completed,False
order_R0259_0_아메리카노_hot,259,2026-09-23T08:11:00,5500,completed,False
order_R0259_0_아메리카노_ice,259,2026-04-03T12:59:00,16500,completed,False
order_R0259_0_녹차라떼,259,2026-04-07T19:47:00,5500,completed,False
order_R0259_0_캐모마일티,259,2026-12-21T17:41:00,16500,completed,False
order_R0259_0_복숭아아이스티,259,2026-06-09T12:51:00,5500,completed,False
order_R0259_0_자몽허니블랙티,259,2026-12-28T09:33:00,5500,completed,False
order_R0259_0_레몬에이드,259,2026-09-09T13:02:00,5500,completed,False
order_R0259_0_자몽에이드,259,2026-01-23T13:48:00,5500,completed,False
order_R0260_0_아메리카노_hot,260,2026-02-11T23:59:00,5500,completed,False
order_R0260_0_아메리카노_ice,260,2026-10-02T10:26:00,5500,completed,False
order_R0260_0_레몬에이드,260,2026-08-11T16:01:00,11000,completed,False
order_R0260_0_자몽에이드,260,2026-03-23T22:24:00,5500,completed,False
order_R0261_0_아메리카노_hot,261,2026-06-09T16:08:00,5500,completed,False
order_R0261_0_아메리카노_ice,261,2026-05-01T11:33:00,16500,completed,False
order_R0263_0_프라푸치노,263,2026-05-19T09:54:00,11000,completed,False
order_R0263_0_말차프라페,263,2026-09-23T07:44:00,5500,completed,False
order_R0263_0_딸기스무디,263,2026-10-13T16:59:00,11000,completed,False
order_R0263_0_망고스무디,263,2026-03-24T10:33:00,5500,completed,False
order_R0264_0_아메리카노_hot,264,2026-02-24T18:25:00,5500,completed,False
order_R0264_0_아메리카노_ice,264,2026-11-04T05:29:00,5500,completed,False
order_R0264_0_바닐라라떼,264,2026-06-12T18:35:00,5500,completed,False
order_R0264_0_카라멜마끼아또,264,2026-04-27T06:15:00,11000,completed,False
order_R0264_0_녹차라떼,264,2026-04-09T10:26:00,5500,completed,False
order_R0264_0_캐모마일티,264,2026-04-06T09:57:00,5500,completed,False
order_R0265_0_아메리카노_hot,265,2026-02-13T06:18:00,5500,completed,False
order_R0265_0_아메리카노_ice,265,2026-07-31T04:53:00,11000,completed,False
order_R0265_0_카페라떼_hot,265,2026-08-22T10:27:00,11000,completed,False
order_R0265_0_카페라떼_ice,265,2026-05-26T18:16:00,5500,completed,False
order_R0265_0_딸기스무디,265,2026-10-12T21:28:00,5500,completed,False
order_R0265_0_망고스무디,265,2026-05-07T20:19:00,5500,completed,False
order_R0266_0_아메리카노_hot,266,2026-09-02T22:41:00,5500,completed,False
order_R0266_0_아메리카노_ice,266,2026-05-30T23:48:00,11000,completed,False
order_R0266_0_카페라떼_hot,266,2026-08-25T08:00:00,5500,completed,False
order_R0266_0_카페라떼_ice,266,2026-11-29T09:00:00,5500,completed,False
order_R0266_0_바닐라라떼,266,2026-05-01T13:47:00,5500,completed,False
order_R0266_0_카라멜마끼아또,266,2026-06-04T23:31:00,5500,completed,False
order_R0267_0_아메리카노_hot,267,2026-01-21T14:02:00,5500,completed,False
order_R0267_0_아메리카노_ice,267,2026-08-12T16:18:00,11000,completed,False
order_R0267_0_카페라떼_hot,267,2026-11-29T12:23:00,11000,completed,False
order_R0267_0_카페라떼_ice,267,2026-10-03T22:58:00,5500,completed,False
order_R0267_0_카푸치노,267,2026-05-21T11:24:00,5500,completed,False
order_R0267_0_바닐라라떼,267,2026-05-14T22:56:00,5500,completed,False
order_R0267_0_카라멜마끼아또,267,2026-07-12T12:36:00,11000,completed,False
order_R0267_0_레몬에이드,267,2026-10-23T11:05:00,5500,completed,False
order_R0267_0_자몽에이드,267,2026-08-02T22:01:00,5500,completed,False
order_R0267_0_딸기스무디,267,2026-02-20T09:29:00,5500,completed,False
order_R0267_0_망고스무디,267,2026-05-23T10:46:00,11000,completed,False
order_R0268_0_아메리카노_hot,268,2026-12-08T06:01:00,5500,completed,False
order_R0268_0_아메리카노_ice,268,2026-07-04T17:30:00,16500,completed,False
order_R0268_0_드립커피,268,2026-04-28T14:10:00,5500,completed,False
order_R0268_0_딸기스무디,268,2026-01-28T00:18:00,5500,completed,False
order_R0268_0_망고스무디,268,2026-03-01T15:22:00,16500,completed,False
order_R0269_0_콜드브루,269,2026-01-01T21:33:00,5500,completed,False
order_R0269_1_콜드브루,269,2026-01-21T13:13:00,11000,completed,False
order_R0269_2_콜드브루,269,2026-06-01T23:06:00,5500,completed,False
order_R0269_3_콜드브루,269,2026-11-05T22:16:00,11000,completed,False
order_R0269_4_콜드브루,269,2026-10-17T08:43:00,5500,completed,False
order_R0269_5_콜드브루,269,2026-04-02T14:58:00,5500,completed,False
order_R0269_0_콜드브루라떼,269,2026-10-03T11:22:00,11000,completed,False
order_R0269_0_레몬에이드,269,2026-05-24T19:06:00,5500,completed,False
order_R0269_0_자몽에이드,269,2026-02-22T18:43:00,5500,completed,False
order_R0270_0_아메리카노_hot,270,2026-08-02T06:35:00,5500,completed,False
order_R0270_0_아메리카노_ice,270,2026-10-31T07:06:00,16500,completed,False
order_R0270_0_콜드브루라떼,270,2026-12-19T11:14:00,5500,completed,False
order_R0270_0_바닐라라떼,270,2026-01-01T23:10:00,5500,completed,False
order_R0270_0_카라멜마끼아또,270,2026-09-01T05:25:00,5500,completed,False
order_R0270_0_녹차라떼,270,2026-03-19T23:45:00,16500,completed,False
order_R0270_0_캐모마일티,270,2026-10-22T07:41:00,5500,completed,False
order_R0271_0_아메리카노_hot,271,2026-03-07T10:00:00,11000,completed,False
order_R0271_0_아메리카노_ice,271,2026-08-16T12:18:00,16500,completed,False
order_R0272_0_아메리카노_hot,272,2026-04-27T21:37:00,16500,completed,False
order_R0272_0_아메리카노_ice,272,2026-12-31T20:26:00,5500,completed,False
order_R0272_0_카푸치노,272,2026-06-08T02:27:00,16500,completed,False
order_R0272_1_카푸치노,272,2026-08-31T10:53:00,5500,completed,False
order_R0272_0_콜드브루라떼,272,2026-07-26T22:13:00,5500,completed,False
order_R0272_0_녹차라떼,272,2026-02-17T11:55:00,5500,completed,False
order_R0272_0_캐모마일티,272,2026-07-03T19:15:00,11000,completed,False
order_R0272_0_딸기스무디,272,2026-10-19T19:30:00,5500,completed,False
order_R0272_0_망고스무디,272,2026-07-09T16:39:00,5500,completed,False
order_R0273_0_카페라떼_hot,273,2026-01-01T23:25:00,5500,completed,False
order_R0273_0_카페라떼_ice,273,2026-11-04T21:24:00,5500,completed,False
order_R0273_0_카푸치노,273,2026-01-30T13:18:00,11000,completed,False
order_R0273_0_콜드브루,273,2026-11-21T09:34:00,11000,completed,False
order_R0273_1_콜드브루,273,2026-09-06T05:58:00,11000,completed,False
order_R0274_0_바닐라라떼,274,2026-05-05T01:44:00,5500,completed,False
order_R0274_0_카라멜마끼아또,274,2026-10-15T17:25:00,11000,completed,False
order_R0274_0_복숭아아이스티,274,2026-10-17T08:16:00,5500,completed,False
order_R0274_0_자몽허니블랙티,274,2026-01-12T10:43:00,5500,completed,False
order_R0276_0_레몬에이드,276,2026-01-04T16:29:00,5500,completed,False
order_R0276_0_자몽에이드,276,2026-05-16T04:18:00,5500,completed,False
order_R0277_0_에스프레소,277,2026-05-27T15:38:00,5500,completed,False
order_R0277_1_에스프레소,277,2026-12-24T12:34:00,5500,completed,False
order_R0277_2_에스프레소,277,2026-01-25T16:08:00,5500,completed,False
order_R0277_3_에스프레소,277,2026-12-14T08:00:00,11000,completed,False
order_R0277_0_아메리카노_hot,277,2026-09-12T22:51:00,5500,completed,False
order_R0277_0_아메리카노_ice,277,2026-08-09T20:27:00,11000,completed,False
order_R0277_0_복숭아아이스티,277,2026-01-03T14:00:00,5500,completed,False
order_R0277_0_자몽허니블랙티,277,2026-10-14T19:42:00,5500,completed,False
order_R0278_0_에스프레소,278,2026-01-27T07:49:00,5500,completed,False
order_R0278_1_에스프레소,278,2026-01-23T15:38:00,5500,completed,False
order_R0278_2_에스프레소,278,2026-04-29T06:02:00,5500,completed,False
order_R0278_3_에스프레소,278,2026-09-14T18:19:00,5500,completed,False
order_R0278_4_에스프레소,278,2026-11-04T17:27:00,5500,completed,False
order_R0278_0_아메리카노_hot,278,2026-10-01T13:41:00,11000,completed,False
order_R0278_0_아메리카노_ice,278,2026-01-26T23:51:00,11000,completed,False
order_R0278_0_레몬에이드,278,2026-06-01T09:07:00,5500,completed,False
order_R0278_0_자몽에이드,278,2026-04-01T22:26:00,11000,completed,False
order_R0280_0_콜드브루라떼,280,2026-01-25T17:40:00,5500,completed,False
order_R0280_0_드립커피,280,2026-09-15T12:48:00,16500,completed,False
order_R0281_0_에스프레소,281,2026-09-17T18:13:00,5500,completed,False
order_R0281_1_에스프레소,281,2026-04-15T10:55:00,5500,completed,False
order_R0281_0_바닐라라떼,281,2026-10-02T08:12:00,11000,completed,False
order_R0281_0_카라멜마끼아또,281,2026-08-05T06:57:00,11000,completed,False
order_R0281_0_딸기스무디,281,2026-11-17T12:30:00,5500,completed,False
order_R0281_0_망고스무디,281,2026-08-19T13:12:00,5500,completed,False
order_R0282_0_아메리카노_hot,282,2026-12-15T13:07:00,5500,completed,False
order_R0282_0_아메리카노_ice,282,2026-03-02T21:44:00,11000,completed,False
order_R0282_0_드립커피,282,2026-09-21T07:29:00,5500,completed,False
order_R0282_0_바닐라라떼,282,2026-04-17T20:02:00,5500,completed,False
order_R0282_0_카라멜마끼아또,282,2026-02-02T06:45:00,11000,completed,False
order_R0282_0_레몬에이드,282,2026-06-29T07:50:00,5500,completed,False
order_R0282_0_자몽에이드,282,2026-04-29T01:56:00,16500,completed,False
order_R0283_0_아메리카노_hot,283,2026-12-03T11:09:00,16500,completed,False
order_R0283_0_아메리카노_ice,283,2026-05-16T23:30:00,5500,completed,False
order_R0283_0_카푸치노,283,2026-08-28T14:16:00,5500,completed,False
order_R0283_0_프라푸치노,283,2026-07-31T09:35:00,16500,completed,False
order_R0283_0_말차프라페,283,2026-04-21T17:36:00,11000,completed,False
order_R0283_0_녹차라떼,283,2026-12-26T01:39:00,5500,completed,False
order_R0283_0_캐모마일티,283,2026-01-04T16:18:00,5500,completed,False
order_R0283_0_복숭아아이스티,283,2026-10-08T11:38:00,5500,completed,False
order_R0283_0_자몽허니블랙티,283,2026-03-16T12:10:00,16500,completed,False
order_R0283_0_레몬에이드,283,2026-03-16T23:48:00,5500,completed,False
order_R0283_0_자몽에이드,283,2026-05-10T19:43:00,5500,completed,False
order_R0284_0_아메리카노_hot,284,2026-08-14T12:02:00,11000,completed,False
order_R0284_0_아메리카노_ice,284,2026-04-16T05:27:00,5500,completed,False
order_R0284_0_녹차라떼,284,2026-08-09T23:40:00,11000,completed,False
order_R0284_0_캐모마일티,284,2026-01-09T14:46:00,16500,completed,False
order_R0284_0_레몬에이드,284,2026-06-01T19:21:00,11000,completed,False
order_R0284_0_자몽에이드,284,2026-07-19T16:08:00,11000,completed,False
order_R0285_0_아메리카노_hot,285,2026-06-24T17:16:00,16500,completed,False
order_R0285_0_아메리카노_ice,285,2026-09-21T14:40:00,11000,completed,False
order_R0285_0_바닐라라떼,285,2026-11-05T02:29:00,11000,completed,False
order_R0285_0_카라멜마끼아또,285,2026-04-06T17:36:00,16500,completed,False
order_R0285_0_레몬에이드,285,2026-08-09T01:44:00,5500,completed,False
order_R0285_0_자몽에이드,285,2026-04-26T19:30:00,5500,completed,False
order_R0286_0_아메리카노_hot,286,2026-08-07T08:59:00,5500,completed,False
order_R0286_0_아메리카노_ice,286,2026-01-07T10:19:00,5500,completed,False
order_R0287_0_에스프레소,287,2026-02-14T20:47:00,11000,completed,False
order_R0287_0_콜드브루,287,2026-11-02T20:35:00,5500,completed,False
order_R0287_1_콜드브루,287,2026-10-15T17:42:00,5500,completed,False
order_R0287_2_콜드브루,287,2026-01-27T12:49:00,5500,completed,False
order_R0287_3_콜드브루,287,2026-10-05T11:36:00,5500,completed,False
order_R0287_4_콜드브루,287,2026-10-01T21:44:00,5500,completed,False
order_R0287_5_콜드브루,287,2026-11-14T23:21:00,16500,completed,False
order_R0287_0_복숭아아이스티,287,2026-02-15T18:58:00,11000,completed,False
order_R0287_0_자몽허니블랙티,287,2026-09-09T03:30:00,16500,completed,False
order_R0288_0_아메리카노_hot,288,2026-07-12T16:31:00,5500,completed,False
order_R0288_0_아메리카노_ice,288,2026-04-16T13:00:00,11000,completed,False
order_R0288_0_드립커피,288,2026-12-07T23:48:00,5500,completed,False
order_R0288_0_바닐라라떼,288,2026-11-30T11:41:00,16500,completed,False
order_R0288_0_카라멜마끼아또,288,2026-10-13T17:39:00,5500,completed,False
order_R0288_0_녹차라떼,288,2026-12-01T17:57:00,11000,completed,False
order_R0288_0_캐모마일티,288,2026-05-07T10:33:00,5500,completed,False
order_R0288_0_레몬에이드,288,2026-02-07T19:29:00,16500,completed,False
order_R0288_0_자몽에이드,288,2026-09-17T14:56:00,5500,completed,False
order_R0289_0_아메리카노_hot,289,2026-09-11T20:58:00,11000,completed,False
order_R0289_0_아메리카노_ice,289,2026-09-27T18:43:00,5500,completed,False
order_R0290_0_아메리카노_hot,290,2026-05-15T21:02:00,11000,completed,False
order_R0290_0_아메리카노_ice,290,2026-02-27T08:49:00,11000,completed,False
order_R0290_0_카페라떼_hot,290,2026-05-14T20:53:00,5500,completed,False
order_R0290_0_카페라떼_ice,290,2026-12-08T20:18:00,5500,completed,False
order_R0290_0_바닐라라떼,290,2026-03-08T22:30:00,5500,completed,False
order_R0290_0_카라멜마끼아또,290,2026-03-06T11:12:00,5500,completed,False
order_R0290_0_녹차라떼,290,2026-10-20T14:16:00,5500,completed,False
order_R0290_0_캐모마일티,290,2026-02-20T19:46:00,5500,completed,False
order_R0291_0_아메리카노_hot,291,2026-02-08T02:20:00,5500,completed,False
order_R0291_0_아메리카노_ice,291,2026-08-24T12:08:00,5500,completed,False
order_R0291_0_레몬에이드,291,2026-05-28T23:39:00,5500,completed,False
order_R0291_0_자몽에이드,291,2026-06-15T17:08:00,5500,completed,False
order_R0292_0_아메리카노_hot,292,2026-06-14T20:56:00,5500,completed,False
order_R0292_0_아메리카노_ice,292,2026-03-07T16:56:00,5500,completed,False
order_R0292_0_콜드브루,292,2026-10-29T03:47:00,5500,completed,False
order_R0292_0_콜드브루라떼,292,2026-06-10T23:16:00,5500,completed,False
order_R0292_0_드립커피,292,2026-09-02T09:44:00,5500,completed,False
order_R0292_0_딸기스무디,292,2026-05-15T20:51:00,5500,completed,False
order_R0292_0_망고스무디,292,2026-04-25T00:43:00,11000,completed,False
order_R0293_0_아메리카노_hot,293,2026-09-07T13:09:00,5500,completed,False
order_R0293_0_아메리카노_ice,293,2026-12-12T12:17:00,11000,completed,False
order_R0294_0_아메리카노_hot,294,2026-09-28T20:33:00,11000,completed,False
order_R0294_0_아메리카노_ice,294,2026-10-20T09:31:00,5500,completed,False
order_R0294_0_카푸치노,294,2026-12-03T12:55:00,5500,completed,False
order_R0294_1_카푸치노,294,2026-03-06T15:49:00,11000,completed,False
order_R0294_2_카푸치노,294,2026-01-21T08:15:00,11000,completed,False
order_R0294_0_콜드브루,294,2026-10-14T12:25:00,5500,completed,False
order_R0294_0_바닐라라떼,294,2026-10-08T16:26:00,5500,completed,False
order_R0294_0_카라멜마끼아또,294,2026-03-05T03:41:00,11000,completed,False
order_R0294_0_레몬에이드,294,2026-03-10T16:49:00,5500,completed,False
order_R0294_0_자몽에이드,294,2026-02-17T19:27:00,5500,completed,False
order_R0295_0_바닐라라떼,295,2026-06-23T19:20:00,5500,completed,False
order_R0295_0_카라멜마끼아또,295,2026-09-12T04:10:00,5500,completed,False
order_R0296_0_아메리카노_hot,296,2026-07-23T22:21:00,5500,completed,False
order_R0296_0_아메리카노_ice,296,2026-10-01T21:04:00,5500,completed,False
order_R0296_0_카페라떼_hot,296,2026-11-28T17:52:00,16500,completed,False
order_R0296_0_카페라떼_ice,296,2026-04-13T21:15:00,5500,completed,False
order_R0296_0_바닐라라떼,296,2026-05-30T04:59:00,5500,completed,False
order_R0296_0_카라멜마끼아또,296,2026-03-13T19:55:00,5500,completed,False
order_R0296_0_녹차라떼,296,2026-04-03T11:38:00,5500,completed,False
order_R0296_0_캐모마일티,296,2026-05-19T12:23:00,5500,completed,False
order_R0296_0_레몬에이드,296,2026-11-22T03:00:00,5500,completed,False
order_R0296_0_자몽에이드,296,2026-09-17T21:45:00,5500,completed,False
order_R0297_0_프라푸치노,297,2026-12-01T08:19:00,11000,completed,False
order_R0297_0_말차프라페,297,2026-08-14T22:20:00,11000,completed,False
order_R0297_0_레몬에이드,297,2026-06-15T18:09:00,5500,completed,False
order_R0297_0_자몽에이드,297,2026-02-24T16:42:00,5500,completed,False
order_R0298_0_아메리카노_hot,298,2026-05-04T20:35:00,5500,completed,False
order_R0298_0_아메리카노_ice,298,2026-05-24T12:04:00,5500,completed,False
order_R0298_0_바닐라라떼,298,2026-05-11T08:41:00,5500,completed,False
order_R0298_0_카라멜마끼아또,298,2026-08-07T13:12:00,11000,completed,False
order_R0298_0_프라푸치노,298,2026-08-21T15:55:00,5500,completed,False
order_R0298_0_말차프라페,298,2026-11-17T21:13:00,5500,completed,False
order_R0298_0_복숭아아이스티,298,2026-08-20T01:05:00,5500,completed,False
order_R0298_0_자몽허니블랙티,298,2026-01-08T07:10:00,5500,completed,False
order_R0299_0_아메리카노_hot,299,2026-03-31T12:52:00,5500,completed,False
order_R0299_0_아메리카노_ice,299,2026-08-11T02:58:00,11000,completed,False
order_R0299_0_콜드브루라떼,299,2026-10-27T19:39:00,5500,completed,False
order_R0299_0_바닐라라떼,299,2026-03-10T08:22:00,11000,completed,False
order_R0299_0_카라멜마끼아또,299,2026-06-09T13:38:00,5500,completed,False
order_R0299_0_레몬에이드,299,2026-08-26T19:25:00,5500,completed,False
order_R0299_0_자몽에이드,299,2026-06-03T17:54:00,5500,completed,False
order_R0300_0_아메리카노_hot,300,2026-08-03T08:56:00,5500,completed,False
order_R0300_0_아메리카노_ice,300,2026-03-13T08:53:00,5500,completed,False
order_R0300_0_카페라떼_hot,300,2026-12-06T12:16:00,11000,completed,False
order_R0300_0_카페라떼_ice,300,2026-05-04T13:56:00,5500,completed,False
order_R0300_0_드립커피,300,2026-02-20T23:37:00,11000,completed,False
order_R0300_0_바닐라라떼,300,2026-02-06T03:58:00,5500,completed,False
order_R0300_0_카라멜마끼아또,300,2026-10-22T16:38:00,5500,completed,False
order_R0301_0_아메리카노_hot,301,2026-07-29T11:41:00,5500,completed,False
order_R0301_0_아메리카노_ice,301,2026-02-24T23:44:00,16500,completed,False
order_R0301_0_카푸치노,301,2026-03-01T19:37:00,5500,completed,False
order_R0301_0_녹차라떼,301,2026-08-11T12:15:00,11000,completed,False
order_R0301_0_캐모마일티,301,2026-04-14T13:46:00,16500,completed,False
order_R0301_0_딸기스무디,301,2026-01-25T12:33:00,5500,completed,False
order_R0301_0_망고스무디,301,2026-08-05T16:07:00,5500,completed,False
order_R0303_0_카페라떼_hot,303,2026-09-14T08:20:00,5500,completed,False
order_R0303_0_카페라떼_ice,303,2026-10-25T05:15:00,16500,completed,False
order_R0303_0_바닐라라떼,303,2026-03-31T11:30:00,5500,completed,False
order_R0303_0_카라멜마끼아또,303,2026-02-27T16:38:00,5500,completed,False
order_R0303_0_복숭아아이스티,303,2026-06-23T13:14:00,16500,completed,False
order_R0303_0_자몽허니블랙티,303,2026-12-09T04:12:00,5500,completed,False
order_R0304_0_카페라떼_hot,304,2026-04-14T14:30:00,16500,completed,False
order_R0304_0_카페라떼_ice,304,2026-06-24T13:53:00,5500,completed,False
order_R0304_0_카푸치노,304,2026-08-19T12:31:00,11000,completed,False
order_R0304_0_레몬에이드,304,2026-12-04T13:53:00,11000,completed,False
order_R0304_0_자몽에이드,304,2026-09-18T13:08:00,5500,completed,False
order_R0305_0_콜드브루,305,2026-09-03T13:03:00,5500,completed,False
order_R0305_1_콜드브루,305,2026-02-26T17:50:00,5500,completed,False
order_R0305_2_콜드브루,305,2026-10-08T08:02:00,5500,completed,False
order_R0305_3_콜드브루,305,2026-12-30T12:28:00,11000,completed,False
order_R0305_4_콜드브루,305,2026-01-30T17:45:00,5500,completed,False
order_R0305_5_콜드브루,305,2026-08-14T16:22:00,5500,completed,False
order_R0306_0_콜드브루라떼,306,2026-12-01T20:32:00,5500,completed,False
order_R0306_1_콜드브루라떼,306,2026-10-27T02:14:00,5500,completed,False
order_R0306_0_복숭아아이스티,306,2026-02-17T11:08:00,11000,completed,False
order_R0306_0_자몽허니블랙티,306,2026-04-24T12:05:00,16500,completed,False
order_R0306_0_딸기스무디,306,2026-02-05T20:06:00,5500,completed,False
order_R0306_0_망고스무디,306,2026-07-04T18:41:00,11000,completed,False
order_R0307_0_아메리카노_hot,307,2026-08-02T15:49:00,11000,completed,False
order_R0307_0_아메리카노_ice,307,2026-11-10T18:10:00,5500,completed,False
order_R0307_0_드립커피,307,2026-09-30T11:19:00,5500,completed,False
order_R0307_0_바닐라라떼,307,2026-05-09T23:02:00,11000,completed,False
order_R0307_0_카라멜마끼아또,307,2026-12-08T21:47:00,5500,completed,False
order_R0308_0_아메리카노_hot,308,2026-02-02T13:38:00,5500,completed,False
order_R0308_0_아메리카노_ice,308,2026-02-03T13:19:00,5500,completed,False
order_R0309_0_아메리카노_hot,309,2026-08-27T11:31:00,5500,completed,False
order_R0309_0_아메리카노_ice,309,2026-11-25T21:43:00,5500,completed,False
order_R0309_0_콜드브루,309,2026-07-06T03:35:00,11000,completed,False
order_R0309_0_바닐라라떼,309,2026-07-15T05:31:00,5500,completed,False
order_R0309_0_카라멜마끼아또,309,2026-04-23T13:21:00,5500,completed,False
order_R0310_0_아메리카노_hot,310,2026-12-27T11:27:00,11000,completed,False
order_R0310_0_아메리카노_ice,310,2026-11-28T06:26:00,16500,completed,False
order_R0310_0_바닐라라떼,310,2026-06-26T11:16:00,5500,completed,False
order_R0310_0_카라멜마끼아또,310,2026-02-24T03:53:00,5500,completed,False
order_R0310_0_프라푸치노,310,2026-06-14T13:10:00,5500,completed,False
order_R0310_0_말차프라페,310,2026-01-16T12:05:00,11000,completed,False
order_R0310_0_복숭아아이스티,310,2026-09-30T08:59:00,11000,completed,False
order_R0310_0_자몽허니블랙티,310,2026-11-03T13:28:00,16500,completed,False
order_R0311_0_카페라떼_hot,311,2026-07-20T17:46:00,5500,completed,False
order_R0311_0_카페라떼_ice,311,2026-07-24T07:52:00,16500,completed,False
order_R0311_0_녹차라떼,311,2026-08-22T01:03:00,16500,completed,False
order_R0311_0_캐모마일티,311,2026-10-29T17:48:00,11000,completed,False
order_R0311_0_레몬에이드,311,2026-04-08T10:46:00,11000,completed,False
order_R0311_0_자몽에이드,311,2026-03-19T16:09:00,16500,completed,False
order_R0312_0_아메리카노_hot,312,2026-06-30T07:48:00,11000,completed,False
order_R0312_0_아메리카노_ice,312,2026-02-13T21:53:00,5500,completed,False
order_R0313_0_아메리카노_hot,313,2026-07-14T18:22:00,5500,completed,False
order_R0313_0_아메리카노_ice,313,2026-12-04T06:43:00,11000,completed,False
order_R0313_0_콜드브루,313,2026-01-01T10:26:00,5500,completed,False
order_R0313_1_콜드브루,313,2026-09-04T18:35:00,5500,completed,False
order_R0313_2_콜드브루,313,2026-10-26T02:58:00,5500,completed,False
order_R0313_0_드립커피,313,2026-03-10T15:37:00,11000,completed,False
order_R0313_0_바닐라라떼,313,2026-11-30T06:22:00,11000,completed,False
order_R0313_0_카라멜마끼아또,313,2026-09-26T23:24:00,5500,completed,False
order_R0314_0_콜드브루,314,2026-05-09T15:08:00,5500,completed,False
order_R0314_1_콜드브루,314,2026-04-24T09:47:00,5500,completed,False
order_R0314_2_콜드브루,314,2026-03-26T13:32:00,5500,completed,False
order_R0314_3_콜드브루,314,2026-12-08T06:05:00,11000,completed,False
order_R0314_4_콜드브루,314,2026-08-29T15:49:00,5500,completed,False
order_R0315_0_아메리카노_hot,315,2026-12-07T17:30:00,11000,completed,False
order_R0315_0_아메리카노_ice,315,2026-08-30T17:36:00,5500,completed,False
order_R0315_0_바닐라라떼,315,2026-07-02T15:35:00,5500,completed,False
order_R0315_0_카라멜마끼아또,315,2026-05-21T08:51:00,5500,completed,False
order_R0315_0_프라푸치노,315,2026-09-19T15:51:00,11000,completed,False
order_R0315_0_말차프라페,315,2026-12-08T04:07:00,5500,completed,False
order_R0315_0_복숭아아이스티,315,2026-05-13T23:24:00,11000,completed,False
order_R0315_0_자몽허니블랙티,315,2026-08-19T18:48:00,11000,completed,False
order_R0315_0_딸기스무디,315,2026-09-07T13:34:00,5500,completed,False
order_R0315_0_망고스무디,315,2026-09-24T23:44:00,5500,completed,False
order_R0316_0_아메리카노_hot,316,2026-02-23T18:57:00,5500,completed,False
order_R0316_0_아메리카노_ice,316,2026-05-22T18:15:00,11000,completed,False
order_R0316_0_바닐라라떼,316,2026-04-08T14:03:00,5500,completed,False
order_R0316_0_카라멜마끼아또,316,2026-03-23T08:51:00,11000,completed,False
order_R0317_0_아메리카노_hot,317,2026-02-04T10:57:00,5500,completed,False
order_R0317_0_아메리카노_ice,317,2026-09-14T07:47:00,11000,completed,False
order_R0317_0_딸기스무디,317,2026-04-19T18:05:00,11000,completed,False
order_R0317_0_망고스무디,317,2026-09-24T17:43:00,5500,completed,False
order_R0318_0_아메리카노_hot,318,2026-05-20T23:33:00,5500,completed,False
order_R0318_0_아메리카노_ice,318,2026-05-13T13:31:00,5500,completed,False
order_R0318_0_콜드브루,318,2026-09-15T18:30:00,5500,completed,False
order_R0318_1_콜드브루,318,2026-06-26T13:21:00,5500,completed,False
order_R0318_0_바닐라라떼,318,2026-01-31T11:58:00,5500,completed,False
order_R0318_0_카라멜마끼아또,318,2026-08-03T16:37:00,11000,completed,False
order_R0319_0_카페라떼_hot,319,2026-12-24T06:22:00,5500,completed,False
order_R0319_0_카페라떼_ice,319,2026-12-18T21:52:00,5500,completed,False
order_R0319_0_레몬에이드,319,2026-10-22T13:11:00,5500,completed,False
order_R0319_0_자몽에이드,319,2026-05-23T14:57:00,5500,completed,False
order_R0320_0_아메리카노_hot,320,2026-12-17T18:36:00,5500,completed,False
order_R0320_0_아메리카노_ice,320,2026-02-03T21:26:00,5500,completed,False
order_R0320_0_콜드브루,320,2026-10-06T20:09:00,5500,completed,False
order_R0320_0_바닐라라떼,320,2026-03-24T06:15:00,5500,completed,False
order_R0320_0_카라멜마끼아또,320,2026-08-16T13:10:00,11000,completed,False
order_R0320_0_레몬에이드,320,2026-10-23T16:21:00,16500,completed,False
order_R0320_0_자몽에이드,320,2026-06-29T06:13:00,11000,completed,False
order_R0321_0_아메리카노_hot,321,2026-11-18T08:27:00,5500,completed,False
order_R0321_0_아메리카노_ice,321,2026-08-22T17:18:00,5500,completed,False
order_R0321_0_콜드브루,321,2026-06-08T14:51:00,5500,completed,False
order_R0321_0_바닐라라떼,321,2026-08-26T14:06:00,5500,completed,False
order_R0321_0_카라멜마끼아또,321,2026-10-06T21:54:00,5500,completed,False
order_R0322_0_아메리카노_hot,322,2026-04-19T21:36:00,11000,completed,False
order_R0322_0_아메리카노_ice,322,2026-03-05T20:01:00,11000,completed,False
order_R0322_0_카페라떼_hot,322,2026-12-30T08:07:00,5500,completed,False
order_R0322_0_카페라떼_ice,322,2026-05-21T10:30:00,5500,completed,False
order_R0322_0_카푸치노,322,2026-03-25T17:39:00,5500,completed,False
order_R0322_0_콜드브루,322,2026-10-11T18:15:00,5500,completed,False
order_R0322_0_녹차라떼,322,2026-11-03T21:01:00,5500,completed,False
order_R0322_0_캐모마일티,322,2026-10-26T16:52:00,11000,completed,False
order_R0323_0_카페라떼_hot,323,2026-07-23T20:30:00,11000,completed,False
order_R0323_0_카페라떼_ice,323,2026-11-05T05:19:00,11000,completed,False
order_R0323_0_레몬에이드,323,2026-04-09T14:30:00,16500,completed,False
order_R0323_0_자몽에이드,323,2026-08-10T14:07:00,5500,completed,False
order_R0324_0_아메리카노_hot,324,2026-04-11T01:24:00,11000,completed,False
order_R0324_0_아메리카노_ice,324,2026-11-14T07:33:00,5500,completed,False
order_R0324_0_카페라떼_hot,324,2026-10-07T01:43:00,11000,completed,False
order_R0324_0_카페라떼_ice,324,2026-06-16T07:42:00,11000,completed,False
order_R0324_0_콜드브루,324,2026-01-19T00:56:00,5500,completed,False
order_R0324_1_콜드브루,324,2026-03-13T07:13:00,5500,completed,False
order_R0324_0_바닐라라떼,324,2026-03-20T10:45:00,5500,completed,False
order_R0324_0_카라멜마끼아또,324,2026-07-05T23:48:00,5500,completed,False
order_R0324_0_복숭아아이스티,324,2026-09-24T13:45:00,5500,completed,False
order_R0324_0_자몽허니블랙티,324,2026-10-26T20:17:00,11000,completed,False
order_R0325_0_아메리카노_hot,325,2026-09-28T15:39:00,16500,completed,False
order_R0325_0_아메리카노_ice,325,2026-06-19T18:58:00,11000,completed,False
order_R0325_0_드립커피,325,2026-02-07T15:52:00,5500,completed,False
order_R0325_0_프라푸치노,325,2026-04-13T10:06:00,16500,completed,False
order_R0325_0_말차프라페,325,2026-06-04T18:15:00,5500,completed,False
order_R0325_0_복숭아아이스티,325,2026-12-21T12:08:00,5500,completed,False
order_R0325_0_자몽허니블랙티,325,2026-05-11T07:18:00,16500,completed,False
order_R0325_0_레몬에이드,325,2026-10-21T00:55:00,5500,completed,False
order_R0325_0_자몽에이드,325,2026-08-15T01:39:00,11000,completed,False
order_R0326_0_아메리카노_hot,326,2026-06-09T06:27:00,5500,completed,False
order_R0326_0_아메리카노_ice,326,2026-03-17T18:22:00,5500,completed,False
order_R0326_0_카푸치노,326,2026-04-13T12:01:00,5500,completed,False
order_R0326_1_카푸치노,326,2026-05-29T00:51:00,5500,completed,False
order_R0326_0_바닐라라떼,326,2026-02-13T10:34:00,5500,completed,False
order_R0326_0_카라멜마끼아또,326,2026-11-11T18:22:00,11000,completed,False
order_R0327_0_아메리카노_hot,327,2026-08-25T02:42:00,5500,completed,False
order_R0327_0_아메리카노_ice,327,2026-10-19T04:45:00,11000,completed,False
order_R0327_0_카푸치노,327,2026-12-09T09:02:00,5500,completed,False
order_R0327_0_바닐라라떼,327,2026-11-22T01:47:00,16500,completed,False
order_R0327_0_카라멜마끼아또,327,2026-02-05T22:35:00,5500,completed,False
order_R0327_0_딸기스무디,327,2026-02-20T11:19:00,5500,completed,False
order_R0327_0_망고스무디,327,2026-02-20T20:47:00,5500,completed,False
order_R0328_0_바닐라라떼,328,2026-04-03T13:01:00,5500,completed,False
order_R0328_0_카라멜마끼아또,328,2026-07-19T20:30:00,11000,completed,False
order_R0328_0_프라푸치노,328,2026-09-16T00:15:00,5500,completed,False
order_R0328_0_말차프라페,328,2026-04-13T09:44:00,5500,completed,False
order_R0329_0_아메리카노_hot,329,2026-08-25T07:07:00,16500,completed,False
order_R0329_0_아메리카노_ice,329,2026-10-12T14:49:00,5500,completed,False
order_R0329_0_카페라떼_hot,329,2026-10-14T12:41:00,5500,completed,False
order_R0329_0_카페라떼_ice,329,2026-09-27T13:32:00,5500,completed,False
order_R0329_0_카푸치노,329,2026-09-22T03:15:00,5500,completed,False
order_R0329_0_드립커피,329,2026-12-08T07:00:00,11000,completed,False
order_R0329_0_바닐라라떼,329,2026-11-03T19:39:00,5500,completed,False
order_R0329_0_카라멜마끼아또,329,2026-06-21T02:32:00,11000,completed,False
order_R0330_0_아메리카노_hot,330,2026-01-22T00:56:00,11000,completed,False
order_R0330_0_아메리카노_ice,330,2026-09-13T18:13:00,16500,completed,False
order_R0330_0_레몬에이드,330,2026-10-09T23:21:00,11000,completed,False
order_R0330_0_자몽에이드,330,2026-01-04T10:30:00,11000,completed,False
order_R0331_0_에스프레소,331,2026-12-07T14:23:00,11000,completed,False
order_R0331_0_아메리카노_hot,331,2026-11-07T12:28:00,5500,completed,False
order_R0331_0_아메리카노_ice,331,2026-02-21T11:43:00,5500,completed,False
order_R0331_0_카페라떼_hot,331,2026-08-28T23:37:00,11000,completed,False
order_R0331_0_카페라떼_ice,331,2026-07-15T06:31:00,5500,completed,False
order_R0331_0_콜드브루,331,2026-05-15T15:36:00,5500,completed,False
order_R0331_0_프라푸치노,331,2026-07-17T23:19:00,5500,completed,False
order_R0331_0_말차프라페,331,2026-07-31T05:35:00,11000,completed,False
order_R0331_0_녹차라떼,331,2026-10-17T21:47:00,5500,completed,False
order_R0331_0_캐모마일티,331,2026-11-06T13:43:00,5500,completed,False
order_R0332_0_아메리카노_hot,332,2026-12-27T18:21:00,16500,completed,False
order_R0332_0_아메리카노_ice,332,2026-03-10T19:57:00,5500,completed,False
order_R0332_0_바닐라라떼,332,2026-07-20T21:07:00,11000,completed,False
order_R0332_0_카라멜마끼아또,332,2026-02-19T06:18:00,5500,completed,False
order_R0333_0_카페라떼_hot,333,2026-11-03T12:25:00,5500,completed,False
order_R0333_0_카페라떼_ice,333,2026-04-07T16:31:00,5500,completed,False
order_R0333_0_드립커피,333,2026-04-14T14:51:00,11000,completed,False
order_R0333_0_바닐라라떼,333,2026-12-27T10:03:00,5500,completed,False
order_R0333_0_카라멜마끼아또,333,2026-12-15T17:03:00,11000,completed,False
order_R0334_0_아메리카노_hot,334,2026-08-03T22:08:00,11000,completed,False
order_R0334_0_아메리카노_ice,334,2026-06-29T17:20:00,5500,completed,False
order_R0334_0_레몬에이드,334,2026-04-03T09:32:00,16500,completed,False
order_R0334_0_자몽에이드,334,2026-01-31T13:03:00,5500,completed,False
order_R0335_0_에스프레소,335,2026-09-18T12:28:00,5500,completed,False
order_R0335_1_에스프레소,335,2026-04-05T20:04:00,11000,completed,False
order_R0335_0_아메리카노_hot,335,2026-12-09T18:07:00,16500,completed,False
order_R0335_0_아메리카노_ice,335,2026-05-19T14:49:00,5500,completed,False
order_R0336_0_카페라떼_hot,336,2026-10-13T19:01:00,5500,completed,False
order_R0336_0_카페라떼_ice,336,2026-03-31T21:58:00,11000,completed,False
order_R0336_0_바닐라라떼,336,2026-09-26T14:31:00,5500,completed,False
order_R0336_0_카라멜마끼아또,336,2026-09-29T23:28:00,11000,completed,False
order_R0336_0_복숭아아이스티,336,2026-10-17T03:25:00,5500,completed,False
order_R0336_0_자몽허니블랙티,336,2026-03-11T07:59:00,11000,completed,False
order_R0337_0_아메리카노_hot,337,2026-07-03T15:59:00,11000,completed,False
order_R0337_0_아메리카노_ice,337,2026-10-01T13:11:00,5500,completed,False
order_R0337_0_바닐라라떼,337,2026-04-10T14:55:00,11000,completed,False
order_R0337_0_카라멜마끼아또,337,2026-03-30T19:56:00,5500,completed,False
order_R0337_0_딸기스무디,337,2026-04-18T12:45:00,11000,completed,False
order_R0337_0_망고스무디,337,2026-07-07T20:38:00,11000,completed,False
order_R0338_0_아메리카노_hot,338,2026-11-06T15:07:00,11000,completed,False
order_R0338_0_아메리카노_ice,338,2026-10-11T02:54:00,11000,completed,False
order_R0338_0_카페라떼_hot,338,2026-03-16T11:32:00,5500,completed,False
order_R0338_0_카페라떼_ice,338,2026-06-27T21:54:00,5500,completed,False
order_R0338_0_콜드브루,338,2026-01-06T13:07:00,5500,completed,False
order_R0338_1_콜드브루,338,2026-10-22T05:17:00,5500,completed,False
order_R0338_0_녹차라떼,338,2026-05-04T12:14:00,11000,completed,False
order_R0338_0_캐모마일티,338,2026-10-12T10:55:00,5500,completed,False
order_R0340_0_아메리카노_hot,340,2026-10-04T22:55:00,5500,completed,False
order_R0340_0_아메리카노_ice,340,2026-08-25T11:43:00,5500,completed,False
order_R0341_0_아메리카노_hot,341,2026-01-02T23:12:00,11000,completed,False
order_R0341_0_아메리카노_ice,341,2026-05-11T08:45:00,5500,completed,False
order_R0341_0_카페라떼_hot,341,2026-04-30T12:43:00,5500,completed,False
order_R0341_0_카페라떼_ice,341,2026-10-14T15:14:00,11000,completed,False
order_R0341_0_딸기스무디,341,2026-10-13T08:26:00,5500,completed,False
order_R0341_0_망고스무디,341,2026-02-09T00:46:00,11000,completed,False
order_R0342_0_아메리카노_hot,342,2026-01-24T17:13:00,11000,completed,False
order_R0342_0_아메리카노_ice,342,2026-01-24T07:53:00,11000,completed,False
order_R0342_0_바닐라라떼,342,2026-02-05T17:57:00,11000,completed,False
order_R0342_0_카라멜마끼아또,342,2026-06-11T16:47:00,5500,completed,False
order_R0343_0_아메리카노_hot,343,2026-01-10T02:27:00,16500,completed,False
order_R0343_0_아메리카노_ice,343,2026-07-30T13:57:00,16500,completed,False
order_R0343_0_카페라떼_hot,343,2026-01-22T02:32:00,11000,completed,False
order_R0343_0_카페라떼_ice,343,2026-04-03T22:44:00,11000,completed,False
order_R0343_0_바닐라라떼,343,2026-05-31T09:02:00,5500,completed,False
order_R0343_0_카라멜마끼아또,343,2026-01-10T01:59:00,5500,completed,False
order_R0343_0_프라푸치노,343,2026-12-26T19:28:00,5500,completed,False
order_R0343_0_말차프라페,343,2026-04-19T15:41:00,5500,completed,False
order_R0344_0_아메리카노_hot,344,2026-03-15T19:41:00,5500,completed,False
order_R0344_0_아메리카노_ice,344,2026-03-12T15:54:00,16500,completed,False
order_R0344_0_레몬에이드,344,2026-01-14T04:00:00,5500,completed,False
order_R0344_0_자몽에이드,344,2026-09-14T13:04:00,11000,completed,False
order_R0345_0_아메리카노_hot,345,2026-02-28T13:05:00,5500,completed,False
order_R0345_0_아메리카노_ice,345,2026-11-17T19:33:00,5500,completed,False
order_R0345_0_바닐라라떼,345,2026-11-24T10:05:00,11000,completed,False
order_R0345_0_카라멜마끼아또,345,2026-07-23T10:38:00,16500,completed,False
order_R0346_0_아메리카노_hot,346,2026-09-30T00:47:00,16500,completed,False
order_R0346_0_아메리카노_ice,346,2026-06-15T11:14:00,5500,completed,False
order_R0346_0_바닐라라떼,346,2026-11-27T09:15:00,11000,completed,False
order_R0346_0_카라멜마끼아또,346,2026-02-14T16:50:00,16500,completed,False
order_R0346_0_복숭아아이스티,346,2026-07-24T20:48:00,5500,completed,False
order_R0346_0_자몽허니블랙티,346,2026-01-25T20:24:00,5500,completed,False
order_R0346_0_딸기스무디,346,2026-09-28T07:36:00,11000,completed,False
order_R0346_0_망고스무디,346,2026-05-29T23:38:00,16500,completed,False
order_R0347_0_카페라떼_hot,347,2026-02-21T22:40:00,5500,completed,False
order_R0347_0_카페라떼_ice,347,2026-05-26T08:49:00,5500,completed,False
order_R0347_0_복숭아아이스티,347,2026-09-24T18:16:00,5500,completed,False
order_R0347_0_자몽허니블랙티,347,2026-05-31T19:18:00,5500,completed,False
order_R0348_0_아메리카노_hot,348,2026-04-05T18:10:00,11000,completed,False
order_R0348_0_아메리카노_ice,348,2026-01-22T06:11:00,5500,completed,False
order_R0348_0_드립커피,348,2026-11-07T22:20:00,5500,completed,False
order_R0348_0_프라푸치노,348,2026-10-25T13:56:00,11000,completed,False
order_R0348_0_말차프라페,348,2026-08-07T17:18:00,5500,completed,False
order_R0348_0_복숭아아이스티,348,2026-10-23T23:37:00,5500,completed,False
order_R0348_0_자몽허니블랙티,348,2026-04-12T18:51:00,5500,completed,False
order_R0348_0_레몬에이드,348,2026-05-23T13:41:00,11000,completed,False
order_R0348_0_자몽에이드,348,2026-10-26T10:47:00,16500,completed,False
order_R0349_0_아메리카노_hot,349,2026-03-09T15:23:00,5500,completed,False
order_R0349_0_아메리카노_ice,349,2026-02-23T04:58:00,5500,completed,False
order_R0349_0_카페라떼_hot,349,2026-03-30T20:08:00,11000,completed,False
order_R0349_0_카페라떼_ice,349,2026-02-18T00:14:00,5500,completed,False
order_R0349_0_바닐라라떼,349,2026-05-14T01:42:00,5500,completed,False
order_R0349_0_카라멜마끼아또,349,2026-04-29T15:57:00,5500,completed,False
order_R0350_0_아메리카노_hot,350,2026-02-15T04:10:00,5500,completed,False
order_R0350_0_아메리카노_ice,350,2026-08-21T18:44:00,5500,completed,False
order_R0350_0_바닐라라떼,350,2026-04-21T12:42:00,11000,completed,False
order_R0350_0_카라멜마끼아또,350,2026-11-20T16:36:00,5500,completed,False
order_R0350_0_녹차라떼,350,2026-04-27T18:22:00,16500,completed,False
order_R0350_0_캐모마일티,350,2026-12-04T19:06:00,5500,completed,False
order_R0351_0_아메리카노_hot,351,2026-02-10T19:34:00,16500,completed,False
order_R0351_0_아메리카노_ice,351,2026-06-09T11:24:00,11000,completed,False
order_R0351_0_드립커피,351,2026-11-19T18:43:00,11000,completed,False
order_R0351_0_바닐라라떼,351,2026-01-08T07:04:00,5500,completed,False
order_R0351_0_카라멜마끼아또,351,2026-01-04T16:34:00,5500,completed,False
order_R0352_0_아메리카노_hot,352,2026-10-20T21:30:00,11000,completed,False
order_R0352_0_아메리카노_ice,352,2026-09-28T09:26:00,5500,completed,False
order_R0352_0_카페라떼_hot,352,2026-05-19T16:06:00,5500,completed,False
order_R0352_0_카페라떼_ice,352,2026-05-30T13:28:00,5500,completed,False
order_R0353_0_카페라떼_hot,353,2026-04-22T13:07:00,5500,completed,False
order_R0353_0_카페라떼_ice,353,2026-03-02T16:12:00,11000,completed,False
order_R0353_0_콜드브루,353,2026-09-27T09:19:00,5500,completed,False
order_R0353_1_콜드브루,353,2026-07-22T23:01:00,5500,completed,False
order_R0353_2_콜드브루,353,2026-01-24T13:52:00,5500,completed,False
order_R0353_0_드립커피,353,2026-07-27T08:26:00,16500,completed,False
order_R0354_0_아메리카노_hot,354,2026-02-02T09:27:00,5500,completed,False
order_R0354_0_아메리카노_ice,354,2026-10-25T17:41:00,16500,completed,False
order_R0354_0_카페라떼_hot,354,2026-04-23T11:02:00,5500,completed,False
order_R0354_0_카페라떼_ice,354,2026-08-22T04:43:00,5500,completed,False
order_R0354_0_딸기스무디,354,2026-08-19T17:33:00,5500,completed,False
order_R0354_0_망고스무디,354,2026-01-02T19:54:00,5500,completed,False
order_R0356_0_바닐라라떼,356,2026-08-31T12:12:00,5500,completed,False
order_R0356_0_카라멜마끼아또,356,2026-03-08T20:57:00,11000,completed,False
order_R0356_0_복숭아아이스티,356,2026-10-22T22:11:00,5500,completed,False
order_R0356_0_자몽허니블랙티,356,2026-08-12T20:54:00,5500,completed,False
order_R0357_0_복숭아아이스티,357,2026-12-16T15:31:00,5500,completed,False
order_R0357_0_자몽허니블랙티,357,2026-05-28T15:34:00,11000,completed,False
order_R0358_0_바닐라라떼,358,2026-09-09T15:10:00,5500,completed,False
order_R0358_0_카라멜마끼아또,358,2026-06-26T22:37:00,5500,completed,False
order_R0359_0_녹차라떼,359,2026-05-31T19:36:00,11000,completed,False
order_R0359_0_캐모마일티,359,2026-02-21T13:01:00,5500,completed,False
order_R0359_0_복숭아아이스티,359,2026-01-02T11:47:00,5500,completed,False
order_R0359_0_자몽허니블랙티,359,2026-02-22T10:10:00,5500,completed,False
order_R0359_0_레몬에이드,359,2026-09-29T03:57:00,11000,completed,False
order_R0359_0_자몽에이드,359,2026-01-23T21:00:00,16500,completed,False
order_R0359_0_딸기스무디,359,2026-12-28T05:11:00,5500,completed,False
order_R0359_0_망고스무디,359,2026-04-18T07:43:00,5500,completed,False
order_R0360_0_딸기스무디,360,2026-04-09T12:10:00,5500,completed,False
order_R0360_0_망고스무디,360,2026-06-30T15:19:00,16500,completed,False
order_R0361_0_아메리카노_hot,361,2026-09-10T16:01:00,5500,completed,False
order_R0361_0_아메리카노_ice,361,2026-11-11T22:29:00,16500,completed,False
order_R0361_0_프라푸치노,361,2026-09-01T18:31:00,11000,completed,False
order_R0361_0_말차프라페,361,2026-01-03T13:09:00,5500,completed,False
order_R0361_0_딸기스무디,361,2026-10-01T18:43:00,5500,completed,False
order_R0361_0_망고스무디,361,2026-03-26T10:34:00,5500,completed,False
order_R0362_0_드립커피,362,2026-09-20T21:18:00,5500,completed,False
order_R0362_0_바닐라라떼,362,2026-10-25T22:18:00,11000,completed,False
order_R0362_0_카라멜마끼아또,362,2026-11-08T12:11:00,11000,completed,False
order_R0362_0_프라푸치노,362,2026-05-28T08:26:00,5500,completed,False
order_R0362_0_말차프라페,362,2026-12-29T00:00:00,5500,completed,False
order_R0363_0_에스프레소,363,2026-04-26T22:51:00,11000,completed,False
order_R0363_0_아메리카노_hot,363,2026-06-22T00:56:00,16500,completed,False
order_R0363_0_아메리카노_ice,363,2026-01-04T22:01:00,11000,completed,False
order_R0363_0_카페라떼_hot,363,2026-11-19T11:17:00,5500,completed,False
order_R0363_0_카페라떼_ice,363,2026-01-16T03:36:00,11000,completed,False
order_R0363_0_바닐라라떼,363,2026-12-13T18:32:00,11000,completed,False
order_R0363_0_카라멜마끼아또,363,2026-08-25T10:31:00,5500,completed,False
order_R0363_0_녹차라떼,363,2026-06-06T08:29:00,5500,completed,False
order_R0363_0_캐모마일티,363,2026-08-29T04:01:00,11000,completed,False
order_R0363_0_레몬에이드,363,2026-02-08T10:01:00,11000,completed,False
order_R0363_0_자몽에이드,363,2026-05-08T18:43:00,5500,completed,False
order_R0364_0_아메리카노_hot,364,2026-07-05T02:36:00,5500,completed,False
order_R0364_0_아메리카노_ice,364,2026-04-19T20:21:00,5500,completed,False
order_R0364_0_콜드브루라떼,364,2026-09-07T07:44:00,5500,completed,False
order_R0364_0_프라푸치노,364,2026-04-20T16:43:00,5500,completed,False
order_R0364_0_말차프라페,364,2026-09-01T21:29:00,5500,completed,False
order_R0364_0_녹차라떼,364,2026-02-10T11:24:00,5500,completed,False
order_R0364_0_캐모마일티,364,2026-06-25T13:38:00,11000,completed,False
order_R0364_0_레몬에이드,364,2026-04-22T16:18:00,5500,completed,False
order_R0364_0_자몽에이드,364,2026-02-12T14:18:00,11000,completed,False
order_R0365_0_아메리카노_hot,365,2026-02-27T13:03:00,11000,completed,False
order_R0365_0_아메리카노_ice,365,2026-07-15T05:15:00,5500,completed,False
order_R0365_0_녹차라떼,365,2026-01-25T11:25:00,16500,completed,False
order_R0365_0_캐모마일티,365,2026-06-20T08:35:00,11000,completed,False
order_R0366_0_아메리카노_hot,366,2026-04-19T03:56:00,5500,completed,False
order_R0366_0_아메리카노_ice,366,2026-06-09T13:53:00,5500,completed,False
order_R0366_0_콜드브루,366,2026-12-15T19:35:00,16500,completed,False
order_R0366_1_콜드브루,366,2026-08-29T14:53:00,5500,completed,False
order_R0366_0_레몬에이드,366,2026-07-01T17:48:00,5500,completed,False
order_R0366_0_자몽에이드,366,2026-09-26T15:44:00,11000,completed,False
order_R0367_0_아메리카노_hot,367,2026-06-06T08:10:00,11000,completed,False
order_R0367_0_아메리카노_ice,367,2026-06-17T17:11:00,5500,completed,False
order_R0367_0_카페라떼_hot,367,2026-01-02T07:39:00,16500,completed,False
order_R0367_0_카페라떼_ice,367,2026-09-02T12:40:00,5500,completed,False
order_R0367_0_바닐라라떼,367,2026-01-08T21:12:00,11000,completed,False
order_R0367_0_카라멜마끼아또,367,2026-08-17T23:44:00,16500,completed,False
order_R0367_0_프라푸치노,367,2026-08-15T12:54:00,5500,completed,False
order_R0367_0_말차프라페,367,2026-09-10T04:01:00,5500,completed,False
order_R0368_0_에스프레소,368,2026-02-04T12:56:00,5500,completed,False
order_R0368_1_에스프레소,368,2026-08-25T19:15:00,11000,completed,False
order_R0368_0_아메리카노_hot,368,2026-01-15T14:47:00,11000,completed,False
order_R0368_0_아메리카노_ice,368,2026-03-02T10:45:00,5500,completed,False
order_R0368_0_딸기스무디,368,2026-12-30T18:48:00,5500,completed,False
order_R0368_0_망고스무디,368,2026-11-27T15:23:00,5500,completed,False
order_R0369_0_아메리카노_hot,369,2026-03-16T09:41:00,5500,completed,False
order_R0369_0_아메리카노_ice,369,2026-05-08T22:47:00,5500,completed,False
order_R0369_0_카페라떼_hot,369,2026-04-04T19:47:00,11000,completed,False
order_R0369_0_카페라떼_ice,369,2026-05-29T09:50:00,5500,completed,False
order_R0369_0_바닐라라떼,369,2026-05-07T15:42:00,5500,completed,False
order_R0369_0_카라멜마끼아또,369,2026-08-07T07:25:00,11000,completed,False
order_R0369_0_레몬에이드,369,2026-05-17T22:10:00,11000,completed,False
order_R0369_0_자몽에이드,369,2026-03-22T18:22:00,5500,completed,False
order_R0370_0_카페라떼_hot,370,2026-05-23T22:52:00,11000,completed,False
order_R0370_0_카페라떼_ice,370,2026-01-25T22:28:00,5500,completed,False
order_R0370_0_카푸치노,370,2026-03-03T13:56:00,5500,completed,False
order_R0370_0_콜드브루,370,2026-02-21T15:06:00,5500,completed,False
order_R0370_1_콜드브루,370,2026-12-22T16:23:00,11000,completed,False
order_R0370_2_콜드브루,370,2026-07-02T19:57:00,5500,completed,False
order_R0371_0_아메리카노_hot,371,2026-02-07T20:59:00,16500,completed,False
order_R0371_0_아메리카노_ice,371,2026-02-04T18:44:00,11000,completed,False
order_R0371_0_카페라떼_hot,371,2026-12-28T03:53:00,11000,completed,False
order_R0371_0_카페라떼_ice,371,2026-01-04T04:33:00,5500,completed,False
order_R0371_0_바닐라라떼,371,2026-07-28T10:52:00,5500,completed,False
order_R0371_0_카라멜마끼아또,371,2026-10-11T16:45:00,11000,completed,False
order_R0371_0_레몬에이드,371,2026-01-04T19:43:00,11000,completed,False
order_R0371_0_자몽에이드,371,2026-10-19T23:49:00,11000,completed,False
order_R0372_0_콜드브루,372,2026-07-14T10:37:00,5500,completed,False
order_R0372_1_콜드브루,372,2026-02-08T04:29:00,11000,completed,False
order_R0372_2_콜드브루,372,2026-07-29T13:46:00,5500,completed,False
order_R0372_0_녹차라떼,372,2026-05-25T07:51:00,11000,completed,False
order_R0372_0_캐모마일티,372,2026-04-23T22:13:00,5500,completed,False
order_R0372_0_딸기스무디,372,2026-09-18T13:05:00,11000,completed,False
order_R0372_0_망고스무디,372,2026-07-16T08:48:00,5500,completed,False
order_R0373_0_아메리카노_hot,373,2026-09-23T12:52:00,5500,completed,False
order_R0373_0_아메리카노_ice,373,2026-11-16T20:24:00,11000,completed,False
order_R0373_0_프라푸치노,373,2026-08-02T03:18:00,5500,completed,False
order_R0373_0_말차프라페,373,2026-01-29T16:03:00,5500,completed,False
order_R0373_0_레몬에이드,373,2026-09-07T13:50:00,16500,completed,False
order_R0373_0_자몽에이드,373,2026-12-05T13:10:00,11000,completed,False
order_R0374_0_아메리카노_hot,374,2026-07-04T10:40:00,16500,completed,False
order_R0374_0_아메리카노_ice,374,2026-10-17T17:03:00,5500,completed,False
order_R0374_0_카푸치노,374,2026-09-18T11:03:00,16500,completed,False
order_R0374_1_카푸치노,374,2026-12-28T22:16:00,5500,completed,False
order_R0374_2_카푸치노,374,2026-03-30T09:37:00,5500,completed,False
order_R0374_3_카푸치노,374,2026-08-27T13:17:00,5500,completed,False
order_R0374_4_카푸치노,374,2026-02-24T16:44:00,11000,completed,False
order_R0374_5_카푸치노,374,2026-01-17T22:10:00,5500,completed,False
order_R0374_0_복숭아아이스티,374,2026-08-11T06:15:00,16500,completed,False
order_R0374_0_자몽허니블랙티,374,2026-02-27T08:42:00,5500,completed,False
order_R0374_0_레몬에이드,374,2026-09-22T13:51:00,11000,completed,False
order_R0374_0_자몽에이드,374,2026-11-11T12:02:00,16500,completed,False
order_R0374_0_딸기스무디,374,2026-04-11T20:04:00,5500,completed,False
order_R0374_0_망고스무디,374,2026-10-23T15:49:00,16500,completed,False
order_R0375_0_아메리카노_hot,375,2026-07-26T16:49:00,5500,completed,False
order_R0375_0_아메리카노_ice,375,2026-08-22T21:01:00,5500,completed,False
order_R0375_0_녹차라떼,375,2026-02-19T17:01:00,5500,completed,False
order_R0375_0_캐모마일티,375,2026-12-09T01:42:00,16500,completed,False
order_R0376_0_딸기스무디,376,2026-01-07T23:06:00,5500,completed,False
order_R0376_0_망고스무디,376,2026-03-09T11:10:00,5500,completed,False
order_R0377_0_아메리카노_hot,377,2026-02-26T08:24:00,11000,completed,False
order_R0377_0_아메리카노_ice,377,2026-03-12T17:10:00,5500,completed,False
order_R0377_0_카페라떼_hot,377,2026-04-08T19:55:00,5500,completed,False
order_R0377_0_카페라떼_ice,377,2026-01-25T07:53:00,5500,completed,False
order_R0377_0_드립커피,377,2026-09-03T18:42:00,5500,completed,False
order_R0377_0_레몬에이드,377,2026-05-14T17:32:00,5500,completed,False
order_R0377_0_자몽에이드,377,2026-09-26T23:37:00,11000,completed,False
order_R0378_0_아메리카노_hot,378,2026-02-26T18:34:00,5500,completed,False
order_R0378_0_아메리카노_ice,378,2026-11-12T22:14:00,5500,completed,False
order_R0378_0_카페라떼_hot,378,2026-11-11T23:30:00,5500,completed,False
order_R0378_0_카페라떼_ice,378,2026-06-16T12:40:00,5500,completed,False
order_R0378_0_콜드브루,378,2026-01-28T05:29:00,5500,completed,False
order_R0378_0_복숭아아이스티,378,2026-05-05T12:22:00,16500,completed,False
order_R0378_0_자몽허니블랙티,378,2026-11-25T08:36:00,5500,completed,False
order_R0378_0_딸기스무디,378,2026-09-28T19:35:00,5500,completed,False
order_R0378_0_망고스무디,378,2026-07-04T22:56:00,5500,completed,False
order_R0379_0_아메리카노_hot,379,2026-01-31T01:50:00,5500,completed,False
order_R0379_0_아메리카노_ice,379,2026-07-15T12:04:00,5500,completed,False
order_R0379_0_카페라떼_hot,379,2026-03-28T09:36:00,5500,completed,False
order_R0379_0_카페라떼_ice,379,2026-05-08T19:10:00,11000,completed,False
order_R0379_0_콜드브루라떼,379,2026-08-26T11:44:00,11000,completed,False
order_R0379_1_콜드브루라떼,379,2026-03-13T20:02:00,5500,completed,False
order_R0379_2_콜드브루라떼,379,2026-07-25T17:15:00,5500,completed,False
order_R0379_3_콜드브루라떼,379,2026-12-25T15:14:00,11000,completed,False
order_R0379_4_콜드브루라떼,379,2026-05-15T12:23:00,5500,completed,False
order_R0379_5_콜드브루라떼,379,2026-10-22T23:41:00,11000,completed,False
order_R0380_0_아메리카노_hot,380,2026-07-07T14:55:00,5500,completed,False
order_R0380_0_아메리카노_ice,380,2026-08-18T04:11:00,5500,completed,False
order_R0380_0_콜드브루라떼,380,2026-08-10T15:34:00,11000,completed,False
order_R0380_0_바닐라라떼,380,2026-03-17T01:27:00,5500,completed,False
order_R0380_0_카라멜마끼아또,380,2026-12-24T09:46:00,5500,completed,False
order_R0381_0_아메리카노_hot,381,2026-10-29T05:31:00,5500,completed,False
order_R0381_0_아메리카노_ice,381,2026-07-19T13:19:00,5500,completed,False
order_R0381_0_카페라떼_hot,381,2026-08-05T11:59:00,5500,completed,False
order_R0381_0_카페라떼_ice,381,2026-07-09T12:32:00,5500,completed,False
order_R0381_0_카푸치노,381,2026-12-01T14:37:00,11000,completed,False
order_R0381_0_바닐라라떼,381,2026-06-30T05:42:00,5500,completed,False
order_R0381_0_카라멜마끼아또,381,2026-05-05T11:04:00,5500,completed,False
order_R0381_0_프라푸치노,381,2026-04-29T14:44:00,11000,completed,False
order_R0381_0_말차프라페,381,2026-06-12T11:00:00,5500,completed,False
order_R0381_0_딸기스무디,381,2026-06-02T11:41:00,5500,completed,False
order_R0381_0_망고스무디,381,2026-03-17T08:58:00,16500,completed,False
order_R0382_0_아메리카노_hot,382,2026-06-14T00:12:00,5500,completed,False
order_R0382_0_아메리카노_ice,382,2026-01-10T00:24:00,16500,completed,False
order_R0382_0_카페라떼_hot,382,2026-10-03T18:00:00,11000,completed,False
order_R0382_0_카페라떼_ice,382,2026-09-09T18:36:00,5500,completed,False
order_R0382_0_콜드브루라떼,382,2026-11-10T09:12:00,5500,completed,False
order_R0382_0_바닐라라떼,382,2026-06-14T16:15:00,11000,completed,False
order_R0382_0_카라멜마끼아또,382,2026-03-02T01:44:00,5500,completed,False
order_R0382_0_레몬에이드,382,2026-06-04T08:58:00,11000,completed,False
order_R0382_0_자몽에이드,382,2026-04-09T05:25:00,5500,completed,False
order_R0382_0_딸기스무디,382,2026-02-16T13:36:00,11000,completed,False
order_R0382_0_망고스무디,382,2026-11-28T07:34:00,11000,completed,False
order_R0383_0_아메리카노_hot,383,2026-12-07T19:14:00,11000,completed,False
order_R0383_0_아메리카노_ice,383,2026-09-18T12:21:00,5500,completed,False
order_R0383_0_카페라떼_hot,383,2026-05-02T11:37:00,11000,completed,False
order_R0383_0_카페라떼_ice,383,2026-08-30T12:46:00,5500,completed,False
order_R0383_0_바닐라라떼,383,2026-11-05T07:25:00,11000,completed,False
order_R0383_0_카라멜마끼아또,383,2026-04-21T07:51:00,16500,completed,False
order_R0383_0_복숭아아이스티,383,2026-01-20T14:54:00,5500,completed,False
order_R0383_0_자몽허니블랙티,383,2026-02-08T11:58:00,5500,completed,False
order_R0383_0_딸기스무디,383,2026-08-20T00:42:00,5500,completed,False
order_R0383_0_망고스무디,383,2026-07-18T18:55:00,5500,completed,False
order_R0384_0_아메리카노_hot,384,2026-07-26T13:57:00,5500,completed,False
order_R0384_0_아메리카노_ice,384,2026-09-26T12:07:00,5500,completed,False
order_R0384_0_딸기스무디,384,2026-03-04T22:54:00,11000,completed,False
order_R0384_0_망고스무디,384,2026-03-14T19:10:00,5500,completed,False
order_R0385_0_아메리카노_hot,385,2026-04-20T20:33:00,5500,completed,False
order_R0385_0_아메리카노_ice,385,2026-10-28T21:35:00,16500,completed,False
order_R0385_0_카페라떼_hot,385,2026-08-16T12:45:00,5500,completed,False
order_R0385_0_카페라떼_ice,385,2026-12-15T07:13:00,11000,completed,False
order_R0385_0_콜드브루,385,2026-10-14T12:27:00,5500,completed,False
order_R0385_0_바닐라라떼,385,2026-11-25T23:45:00,11000,completed,False
order_R0385_0_카라멜마끼아또,385,2026-01-31T07:09:00,11000,completed,False
order_R0386_0_아메리카노_hot,386,2026-08-25T21:02:00,11000,completed,False
order_R0386_0_아메리카노_ice,386,2026-01-09T13:55:00,5500,completed,False
order_R0386_0_카페라떼_hot,386,2026-10-10T13:56:00,5500,completed,False
order_R0386_0_카페라떼_ice,386,2026-01-06T19:41:00,5500,completed,False
order_R0386_0_레몬에이드,386,2026-03-22T00:23:00,5500,completed,False
order_R0386_0_자몽에이드,386,2026-01-13T16:58:00,5500,completed,False
order_R0387_0_딸기스무디,387,2026-08-24T15:51:00,5500,completed,False
order_R0387_0_망고스무디,387,2026-09-01T23:05:00,11000,completed,False
order_R0388_0_아메리카노_hot,388,2026-10-10T12:00:00,5500,completed,False
order_R0388_0_아메리카노_ice,388,2026-08-28T15:40:00,11000,completed,False
order_R0388_0_콜드브루,388,2026-12-21T21:16:00,11000,completed,False
order_R0388_0_콜드브루라떼,388,2026-08-28T23:22:00,5500,completed,False
order_R0389_0_아메리카노_hot,389,2026-03-21T19:30:00,11000,completed,False
order_R0389_0_아메리카노_ice,389,2026-02-23T14:31:00,11000,completed,False
order_R0389_0_바닐라라떼,389,2026-07-16T13:50:00,11000,completed,False
order_R0389_0_카라멜마끼아또,389,2026-01-08T17:50:00,16500,completed,False
order_R0390_0_아메리카노_hot,390,2026-11-03T20:46:00,11000,completed,False
order_R0390_0_아메리카노_ice,390,2026-01-02T11:43:00,5500,completed,False
order_R0390_0_바닐라라떼,390,2026-11-15T19:59:00,16500,completed,False
order_R0390_0_카라멜마끼아또,390,2026-11-09T09:41:00,11000,completed,False
order_R0390_0_딸기스무디,390,2026-10-25T07:03:00,16500,completed,False
order_R0390_0_망고스무디,390,2026-04-01T22:45:00,16500,completed,False
order_R0391_0_아메리카노_hot,391,2026-01-10T13:22:00,11000,completed,False
order_R0391_0_아메리카노_ice,391,2026-06-14T22:50:00,5500,completed,False
order_R0391_0_카페라떼_hot,391,2026-11-04T15:06:00,5500,completed,False
order_R0391_0_카페라떼_ice,391,2026-04-23T09:52:00,11000,completed,False
order_R0391_0_복숭아아이스티,391,2026-02-21T12:12:00,11000,completed,False
order_R0391_0_자몽허니블랙티,391,2026-11-08T16:07:00,11000,completed,False
order_R0392_0_바닐라라떼,392,2026-06-10T15:54:00,5500,completed,False
order_R0392_0_카라멜마끼아또,392,2026-06-17T05:05:00,5500,completed,False
order_R0392_0_녹차라떼,392,2026-03-18T08:49:00,11000,completed,False
order_R0392_0_캐모마일티,392,2026-01-28T20:44:00,16500,completed,False
order_R0393_0_아메리카노_hot,393,2026-02-08T01:35:00,5500,completed,False
order_R0393_0_아메리카노_ice,393,2026-04-14T14:15:00,5500,completed,False
order_R0393_0_카페라떼_hot,393,2026-05-27T09:08:00,5500,completed,False
order_R0393_0_카페라떼_ice,393,2026-08-04T21:43:00,16500,completed,False
order_R0393_0_카푸치노,393,2026-12-03T17:04:00,5500,completed,False
order_R0394_0_아메리카노_hot,394,2026-10-06T06:09:00,11000,completed,False
order_R0394_0_아메리카노_ice,394,2026-01-09T11:49:00,5500,completed,False
order_R0394_0_카페라떼_hot,394,2026-12-21T05:47:00,5500,completed,False
order_R0394_0_카페라떼_ice,394,2026-03-28T19:12:00,5500,completed,False
order_R0394_0_레몬에이드,394,2026-02-28T11:47:00,5500,completed,False
order_R0394_0_자몽에이드,394,2026-08-06T09:47:00,5500,completed,False
order_R0395_0_아메리카노_hot,395,2026-12-25T23:47:00,11000,completed,False
order_R0395_0_아메리카노_ice,395,2026-04-19T06:27:00,5500,completed,False
order_R0395_0_바닐라라떼,395,2026-12-01T06:48:00,11000,completed,False
order_R0395_0_카라멜마끼아또,395,2026-04-20T21:01:00,5500,completed,False
order_R0395_0_복숭아아이스티,395,2026-01-04T11:30:00,5500,completed,False
order_R0395_0_자몽허니블랙티,395,2026-04-18T16:42:00,5500,completed,False
order_R0395_0_레몬에이드,395,2026-05-17T22:16:00,5500,completed,False
order_R0395_0_자몽에이드,395,2026-12-14T23:57:00,11000,completed,False
order_R0396_0_아메리카노_hot,396,2026-06-10T22:53:00,5500,completed,False
order_R0396_0_아메리카노_ice,396,2026-05-22T15:59:00,5500,completed,False
order_R0396_0_바닐라라떼,396,2026-10-08T18:22:00,11000,completed,False
order_R0396_0_카라멜마끼아또,396,2026-04-09T14:04:00,5500,completed,False
order_R0397_0_아메리카노_hot,397,2026-02-07T18:50:00,11000,completed,False
order_R0397_0_아메리카노_ice,397,2026-03-19T13:42:00,5500,completed,False
order_R0397_0_카페라떼_hot,397,2026-01-30T14:52:00,5500,completed,False
order_R0397_0_카페라떼_ice,397,2026-02-21T14:29:00,5500,completed,False
order_R0397_0_콜드브루,397,2026-09-23T15:47:00,5500,completed,False
order_R0397_0_레몬에이드,397,2026-06-28T18:23:00,11000,completed,False
order_R0397_0_자몽에이드,397,2026-06-29T04:14:00,5500,completed,False
order_R0398_0_아메리카노_hot,398,2026-10-01T06:43:00,11000,completed,False
order_R0398_0_아메리카노_ice,398,2026-03-19T09:15:00,5500,completed,False
order_R0399_0_에스프레소,399,2026-04-03T23:48:00,11000,completed,False
order_R0399_0_아메리카노_hot,399,2026-02-20T09:09:00,11000,completed,False
order_R0399_0_아메리카노_ice,399,2026-01-15T07:30:00,5500,completed,False
order_R0399_0_바닐라라떼,399,2026-05-09T19:36:00,5500,completed,False
order_R0399_0_카라멜마끼아또,399,2026-06-06T09:59:00,5500,completed,False
order_R0399_0_복숭아아이스티,399,2026-02-08T15:44:00,5500,completed,False
order_R0399_0_자몽허니블랙티,399,2026-06-19T13:18:00,16500,completed,False
order_R0399_0_레몬에이드,399,2026-03-25T06:50:00,11000,completed,False
order_R0399_0_자몽에이드,399,2026-06-11T21:45:00,5500,completed,False
order_R0400_0_아메리카노_hot,400,2026-11-12T16:52:00,11000,completed,False
order_R0400_0_아메리카노_ice,400,2026-05-04T22:12:00,16500,completed,False
order_R0400_0_카페라떼_hot,400,2026-03-23T16:53:00,5500,completed,False
order_R0400_0_카페라떼_ice,400,2026-09-21T18:56:00,16500,completed,False
order_R0400_0_콜드브루,400,2026-02-03T20:06:00,5500,completed,False
order_R0400_0_레몬에이드,400,2026-05-25T06:31:00,5500,completed,False
order_R0400_0_자몽에이드,400,2026-12-15T15:46:00,16500,completed,False
order_R0401_0_아메리카노_hot,401,2026-03-20T03:54:00,11000,completed,False
order_R0401_0_아메리카노_ice,401,2026-11-01T06:07:00,11000,completed,False
order_R0401_0_복숭아아이스티,401,2026-06-24T21:41:00,11000,completed,False
order_R0401_0_자몽허니블랙티,401,2026-07-10T04:25:00,5500,completed,False
order_R0402_0_카페라떼_hot,402,2026-02-07T18:29:00,5500,completed,False
order_R0402_0_카페라떼_ice,402,2026-02-07T22:17:00,11000,completed,False
order_R0402_0_콜드브루라떼,402,2026-10-03T23:35:00,5500,completed,False
order_R0402_0_바닐라라떼,402,2026-03-01T21:13:00,5500,completed,False
order_R0402_0_카라멜마끼아또,402,2026-07-03T05:51:00,5500,completed,False
order_R0402_0_프라푸치노,402,2026-07-27T17:24:00,5500,completed,False
order_R0402_0_말차프라페,402,2026-10-21T11:46:00,11000,completed,False
order_R0402_0_녹차라떼,402,2026-12-20T17:19:00,5500,completed,False
order_R0402_0_캐모마일티,402,2026-09-25T11:37:00,5500,completed,False
order_R0403_0_에스프레소,403,2026-07-25T11:51:00,5500,completed,False
order_R0403_0_아메리카노_hot,403,2026-04-12T18:16:00,5500,completed,False
order_R0403_0_아메리카노_ice,403,2026-05-13T21:26:00,5500,completed,False
order_R0403_0_카푸치노,403,2026-09-07T10:47:00,5500,completed,False
order_R0403_0_딸기스무디,403,2026-01-24T23:08:00,5500,completed,False
order_R0403_0_망고스무디,403,2026-07-22T12:04:00,5500,completed,False
order_R0404_0_카푸치노,404,2026-03-09T17:31:00,5500,completed,False
order_R0404_1_카푸치노,404,2026-11-25T17:35:00,11000,completed,False
order_R0404_0_콜드브루,404,2026-04-28T23:59:00,16500,completed,False
order_R0404_1_콜드브루,404,2026-05-17T22:04:00,11000,completed,False
order_R0404_2_콜드브루,404,2026-04-12T13:53:00,11000,completed,False
order_R0404_3_콜드브루,404,2026-06-15T12:12:00,5500,completed,False
order_R0405_0_에스프레소,405,2026-12-18T12:01:00,5500,completed,False
order_R0405_0_아메리카노_hot,405,2026-02-05T05:29:00,11000,completed,False
order_R0405_0_아메리카노_ice,405,2026-09-05T10:00:00,5500,completed,False
order_R0405_0_드립커피,405,2026-10-18T12:45:00,5500,completed,False
order_R0405_0_녹차라떼,405,2026-09-25T15:35:00,5500,completed,False
order_R0405_0_캐모마일티,405,2026-11-06T14:19:00,5500,completed,False
order_R0405_0_복숭아아이스티,405,2026-12-25T18:20:00,5500,completed,False
order_R0405_0_자몽허니블랙티,405,2026-03-09T07:20:00,5500,completed,False
order_R0406_0_드립커피,406,2026-02-15T12:20:00,11000,completed,False
order_R0406_0_바닐라라떼,406,2026-06-20T23:49:00,16500,completed,False
order_R0406_0_카라멜마끼아또,406,2026-01-22T18:20:00,5500,completed,False
order_R0406_0_녹차라떼,406,2026-09-25T11:43:00,5500,completed,False
order_R0406_0_캐모마일티,406,2026-12-03T10:33:00,5500,completed,False
order_R0406_0_레몬에이드,406,2026-04-08T22:05:00,5500,completed,False
order_R0406_0_자몽에이드,406,2026-08-08T05:56:00,5500,completed,False
order_R0407_0_카페라떼_hot,407,2026-04-22T22:27:00,5500,completed,False
order_R0407_0_카페라떼_ice,407,2026-02-20T08:51:00,5500,completed,False
order_R0407_0_카푸치노,407,2026-09-30T16:34:00,16500,completed,False
order_R0407_0_레몬에이드,407,2026-06-15T11:13:00,11000,completed,False
order_R0407_0_자몽에이드,407,2026-09-21T01:22:00,11000,completed,False
order_R0408_0_아메리카노_hot,408,2026-10-07T13:27:00,16500,completed,False
order_R0408_0_아메리카노_ice,408,2026-02-15T23:30:00,5500,completed,False
order_R0408_0_카푸치노,408,2026-03-01T12:36:00,5500,completed,False
order_R0408_1_카푸치노,408,2026-03-18T11:21:00,5500,completed,False
order_R0408_0_콜드브루라떼,408,2026-06-27T09:15:00,11000,completed,False
order_R0409_0_아메리카노_hot,409,2026-07-17T14:55:00,5500,completed,False
order_R0409_0_아메리카노_ice,409,2026-05-04T12:39:00,16500,completed,False
order_R0409_0_복숭아아이스티,409,2026-04-05T18:00:00,11000,completed,False
order_R0409_0_자몽허니블랙티,409,2026-10-20T13:59:00,11000,completed,False
order_R0410_0_아메리카노_hot,410,2026-08-15T18:44:00,16500,completed,False
order_R0410_0_아메리카노_ice,410,2026-05-19T13:18:00,5500,completed,False
order_R0410_0_카푸치노,410,2026-08-10T07:54:00,16500,completed,False
order_R0410_1_카푸치노,410,2026-08-31T22:23:00,16500,completed,False
order_R0410_0_복숭아아이스티,410,2026-03-23T20:14:00,16500,completed,False
order_R0410_0_자몽허니블랙티,410,2026-09-15T11:53:00,11000,completed,False
order_R0411_0_아메리카노_hot,411,2026-05-14T11:21:00,5500,completed,False
order_R0411_0_아메리카노_ice,411,2026-03-30T01:29:00,5500,completed,False
order_R0411_0_레몬에이드,411,2026-08-23T22:25:00,5500,completed,False
order_R0411_0_자몽에이드,411,2026-05-25T07:29:00,11000,completed,False
order_R0412_0_카푸치노,412,2026-08-16T14:20:00,5500,completed,False
order_R0412_0_바닐라라떼,412,2026-12-28T21:32:00,5500,completed,False
order_R0412_0_카라멜마끼아또,412,2026-11-12T22:27:00,11000,completed,False
order_R0412_0_레몬에이드,412,2026-06-10T06:45:00,5500,completed,False
order_R0412_0_자몽에이드,412,2026-04-15T08:07:00,5500,completed,False
order_R0412_0_딸기스무디,412,2026-09-30T21:01:00,11000,completed,False
order_R0412_0_망고스무디,412,2026-06-08T11:23:00,5500,completed,False
order_R0413_0_아메리카노_hot,413,2026-04-27T23:56:00,5500,completed,False
order_R0413_0_아메리카노_ice,413,2026-07-02T11:16:00,5500,completed,False
order_R0413_0_콜드브루,413,2026-01-04T08:33:00,11000,completed,False
order_R0413_0_복숭아아이스티,413,2026-07-20T20:34:00,16500,completed,False
order_R0413_0_자몽허니블랙티,413,2026-03-26T11:51:00,5500,completed,False
order_R0413_0_딸기스무디,413,2026-10-29T16:04:00,11000,completed,False
order_R0413_0_망고스무디,413,2026-08-17T08:40:00,5500,completed,False
order_R0414_0_아메리카노_hot,414,2026-06-28T09:14:00,5500,completed,False
order_R0414_0_아메리카노_ice,414,2026-04-20T04:09:00,5500,completed,False
order_R0414_0_바닐라라떼,414,2026-09-11T08:28:00,11000,completed,False
order_R0414_0_카라멜마끼아또,414,2026-01-20T16:44:00,5500,completed,False
order_R0415_0_아메리카노_hot,415,2026-06-26T10:27:00,5500,completed,False
order_R0415_0_아메리카노_ice,415,2026-04-20T14:01:00,5500,completed,False
order_R0415_0_레몬에이드,415,2026-02-09T20:03:00,5500,completed,False
order_R0415_0_자몽에이드,415,2026-03-31T19:24:00,5500,completed,False
order_R0415_0_딸기스무디,415,2026-06-07T06:22:00,11000,completed,False
order_R0415_0_망고스무디,415,2026-11-15T12:17:00,11000,completed,False
order_R0416_0_아메리카노_hot,416,2026-07-16T18:52:00,11000,completed,False
order_R0416_0_아메리카노_ice,416,2026-02-25T19:55:00,5500,completed,False
order_R0416_0_카페라떼_hot,416,2026-02-21T15:37:00,5500,completed,False
order_R0416_0_카페라떼_ice,416,2026-09-21T10:16:00,11000,completed,False
order_R0416_0_바닐라라떼,416,2026-08-07T11:32:00,5500,completed,False
order_R0416_0_카라멜마끼아또,416,2026-11-24T14:15:00,11000,completed,False
order_R0416_0_녹차라떼,416,2026-10-28T09:39:00,5500,completed,False
order_R0416_0_캐모마일티,416,2026-08-07T13:47:00,11000,completed,False
order_R0416_0_레몬에이드,416,2026-11-12T16:22:00,5500,completed,False
order_R0416_0_자몽에이드,416,2026-04-20T12:07:00,5500,completed,False
order_R0417_0_아메리카노_hot,417,2026-08-30T16:55:00,5500,completed,False
order_R0417_0_아메리카노_ice,417,2026-11-27T17:16:00,5500,completed,False
order_R0417_0_카페라떼_hot,417,2026-03-22T10:54:00,11000,completed,False
order_R0417_0_카페라떼_ice,417,2026-06-11T06:13:00,5500,completed,False
order_R0417_0_콜드브루,417,2026-12-17T01:10:00,5500,completed,False
order_R0417_1_콜드브루,417,2026-07-01T09:06:00,5500,completed,False
order_R0417_0_복숭아아이스티,417,2026-09-28T13:22:00,5500,completed,False
order_R0417_0_자몽허니블랙티,417,2026-05-31T06:55:00,11000,completed,False
order_R0418_0_아메리카노_hot,418,2026-12-13T13:21:00,5500,completed,False
order_R0418_0_아메리카노_ice,418,2026-08-08T13:32:00,5500,completed,False
order_R0418_0_복숭아아이스티,418,2026-03-09T14:26:00,11000,completed,False
order_R0418_0_자몽허니블랙티,418,2026-12-13T19:34:00,5500,completed,False
order_R0418_0_레몬에이드,418,2026-08-03T15:43:00,11000,completed,False
order_R0418_0_자몽에이드,418,2026-10-10T12:36:00,5500,completed,False
order_R0418_0_딸기스무디,418,2026-10-07T12:35:00,5500,completed,False
order_R0418_0_망고스무디,418,2026-06-04T18:57:00,11000,completed,False
order_R0419_0_아메리카노_hot,419,2026-07-30T15:32:00,5500,completed,False
order_R0419_0_아메리카노_ice,419,2026-08-17T13:13:00,5500,completed,False
order_R0419_0_카페라떼_hot,419,2026-03-02T14:18:00,5500,completed,False
order_R0419_0_카페라떼_ice,419,2026-11-07T06:28:00,5500,completed,False
order_R0419_0_프라푸치노,419,2026-10-18T11:29:00,5500,completed,False
order_R0419_0_말차프라페,419,2026-11-28T10:26:00,5500,completed,False
order_R0419_0_녹차라떼,419,2026-09-28T08:29:00,5500,completed,False
order_R0419_0_캐모마일티,419,2026-08-24T07:48:00,5500,completed,False
order_R0420_0_카페라떼_hot,420,2026-07-24T17:44:00,16500,completed,False
order_R0420_0_카페라떼_ice,420,2026-05-16T22:21:00,5500,completed,False
order_R0420_0_카푸치노,420,2026-11-04T19:43:00,11000,completed,False
order_R0420_0_프라푸치노,420,2026-02-13T17:59:00,11000,completed,False
order_R0420_0_말차프라페,420,2026-04-19T18:50:00,11000,completed,False
order_R0420_0_레몬에이드,420,2026-06-02T13:09:00,5500,completed,False
order_R0420_0_자몽에이드,420,2026-09-28T06:35:00,16500,completed,False
order_R0420_0_딸기스무디,420,2026-10-05T03:28:00,5500,completed,False
order_R0420_0_망고스무디,420,2026-03-01T12:15:00,16500,completed,False
order_R0421_0_카페라떼_hot,421,2026-04-11T20:05:00,5500,completed,False
order_R0421_0_카페라떼_ice,421,2026-09-04T10:55:00,5500,completed,False
order_R0421_0_바닐라라떼,421,2026-06-05T02:54:00,5500,completed,False
order_R0421_0_카라멜마끼아또,421,2026-10-29T10:19:00,5500,completed,False
order_R0422_0_에스프레소,422,2026-04-21T15:34:00,11000,completed,False
order_R0422_0_아메리카노_hot,422,2026-11-24T12:47:00,11000,completed,False
order_R0422_0_아메리카노_ice,422,2026-09-04T05:40:00,5500,completed,False
order_R0422_0_카페라떼_hot,422,2026-08-10T13:10:00,5500,completed,False
order_R0422_0_카페라떼_ice,422,2026-01-12T19:38:00,5500,completed,False
order_R0422_0_콜드브루,422,2026-02-09T12:20:00,16500,completed,False
order_R0422_1_콜드브루,422,2026-02-28T19:29:00,5500,completed,False
order_R0422_2_콜드브루,422,2026-06-19T16:32:00,5500,completed,False
order_R0422_3_콜드브루,422,2026-08-02T11:15:00,5500,completed,False
order_R0423_0_아메리카노_hot,423,2026-12-02T06:34:00,5500,completed,False
order_R0423_0_아메리카노_ice,423,2026-02-02T06:07:00,5500,completed,False
order_R0423_0_카페라떼_hot,423,2026-07-03T16:23:00,5500,completed,False
order_R0423_0_카페라떼_ice,423,2026-04-07T15:40:00,5500,completed,False
order_R0423_0_프라푸치노,423,2026-01-09T23:52:00,11000,completed,False
order_R0423_0_말차프라페,423,2026-07-28T13:58:00,5500,completed,False
order_R0424_0_아메리카노_hot,424,2026-06-07T14:04:00,5500,completed,False
order_R0424_0_아메리카노_ice,424,2026-01-31T17:55:00,16500,completed,False
order_R0424_0_바닐라라떼,424,2026-01-25T09:51:00,11000,completed,False
order_R0424_0_카라멜마끼아또,424,2026-10-23T06:43:00,11000,completed,False
order_R0424_0_녹차라떼,424,2026-05-31T02:30:00,11000,completed,False
order_R0424_0_캐모마일티,424,2026-08-17T17:47:00,11000,completed,False
order_R0424_0_복숭아아이스티,424,2026-08-19T20:46:00,5500,completed,False
order_R0424_0_자몽허니블랙티,424,2026-06-26T19:34:00,5500,completed,False
order_R0425_0_드립커피,425,2026-04-10T11:14:00,5500,completed,False
order_R0425_0_바닐라라떼,425,2026-07-31T06:01:00,5500,completed,False
order_R0425_0_카라멜마끼아또,425,2026-04-26T17:58:00,11000,completed,False
order_R0425_0_녹차라떼,425,2026-09-16T00:05:00,16500,completed,False
order_R0425_0_캐모마일티,425,2026-08-21T06:40:00,11000,completed,False
order_R0426_0_아메리카노_hot,426,2026-10-24T12:51:00,5500,completed,False
order_R0426_0_아메리카노_ice,426,2026-02-15T02:46:00,5500,completed,False
order_R0426_0_카페라떼_hot,426,2026-12-28T08:54:00,5500,completed,False
order_R0426_0_카페라떼_ice,426,2026-06-05T06:11:00,5500,completed,False
order_R0426_0_복숭아아이스티,426,2026-05-22T04:36:00,5500,completed,False
order_R0426_0_자몽허니블랙티,426,2026-02-15T20:42:00,5500,completed,False
order_R0427_0_카페라떼_hot,427,2026-01-23T05:06:00,5500,completed,False
order_R0427_0_카페라떼_ice,427,2026-09-03T04:16:00,5500,completed,False
order_R0427_0_바닐라라떼,427,2026-05-18T12:07:00,11000,completed,False
order_R0427_0_카라멜마끼아또,427,2026-05-27T10:14:00,5500,completed,False
order_R0427_0_레몬에이드,427,2026-01-05T07:58:00,11000,completed,False
order_R0427_0_자몽에이드,427,2026-12-12T21:56:00,5500,completed,False
order_R0428_0_아메리카노_hot,428,2026-07-05T08:59:00,11000,completed,False
order_R0428_0_아메리카노_ice,428,2026-06-23T17:14:00,11000,completed,False
order_R0429_0_카페라떼_hot,429,2026-07-25T14:18:00,16500,completed,False
order_R0429_0_카페라떼_ice,429,2026-06-01T23:52:00,16500,completed,False
order_R0429_0_카푸치노,429,2026-04-27T12:15:00,5500,completed,False
order_R0429_1_카푸치노,429,2026-03-13T07:35:00,5500,completed,False
order_R0429_2_카푸치노,429,2026-09-06T15:55:00,5500,completed,False
order_R0429_3_카푸치노,429,2026-06-16T08:51:00,5500,completed,False
order_R0429_4_카푸치노,429,2026-02-04T20:04:00,5500,completed,False
order_R0429_5_카푸치노,429,2026-09-16T11:00:00,5500,completed,False
order_R0429_0_드립커피,429,2026-09-01T13:58:00,5500,completed,False
order_R0429_0_바닐라라떼,429,2026-07-15T23:10:00,11000,completed,False
order_R0429_0_카라멜마끼아또,429,2026-10-07T18:53:00,11000,completed,False
order_R0429_0_레몬에이드,429,2026-01-01T20:57:00,11000,completed,False
order_R0429_0_자몽에이드,429,2026-02-01T10:05:00,11000,completed,False
order_R0429_0_딸기스무디,429,2026-01-13T15:16:00,5500,completed,False
order_R0429_0_망고스무디,429,2026-02-19T15:17:00,11000,completed,False
order_R0430_0_아메리카노_hot,430,2026-03-27T12:01:00,5500,completed,False
order_R0430_0_아메리카노_ice,430,2026-09-03T18:04:00,5500,completed,False
order_R0430_0_콜드브루,430,2026-11-10T12:52:00,5500,completed,False
order_R0430_1_콜드브루,430,2026-11-11T21:58:00,5500,completed,False
order_R0430_2_콜드브루,430,2026-01-23T21:26:00,5500,completed,False
order_R0430_3_콜드브루,430,2026-02-05T20:28:00,5500,completed,False
order_R0430_4_콜드브루,430,2026-07-28T16:39:00,11000,completed,False
order_R0430_0_복숭아아이스티,430,2026-04-08T12:36:00,11000,completed,False
order_R0430_0_자몽허니블랙티,430,2026-04-17T12:31:00,5500,completed,False
order_R0431_0_아메리카노_hot,431,2026-12-02T11:25:00,16500,completed,False
order_R0431_0_아메리카노_ice,431,2026-08-10T20:50:00,5500,completed,False
order_R0431_0_콜드브루라떼,431,2026-03-15T18:19:00,11000,completed,False
order_R0431_0_프라푸치노,431,2026-04-25T23:57:00,5500,completed,False
order_R0431_0_말차프라페,431,2026-04-21T11:33:00,5500,completed,False
order_R0432_0_바닐라라떼,432,2026-09-24T17:54:00,16500,completed,False
order_R0432_0_카라멜마끼아또,432,2026-02-14T12:30:00,5500,completed,False
order_R0432_0_복숭아아이스티,432,2026-09-21T19:00:00,5500,completed,False
order_R0432_0_자몽허니블랙티,432,2026-07-20T01:03:00,5500,completed,False
order_R0432_0_레몬에이드,432,2026-05-18T06:04:00,5500,completed,False
order_R0432_0_자몽에이드,432,2026-08-31T15:37:00,11000,completed,False
order_R0433_0_카페라떼_hot,433,2026-07-26T20:45:00,5500,completed,False
order_R0433_0_카페라떼_ice,433,2026-06-10T16:21:00,16500,completed,False
order_R0434_0_에스프레소,434,2026-01-01T10:02:00,5500,completed,False
order_R0434_0_카페라떼_hot,434,2026-04-18T18:46:00,5500,completed,False
order_R0434_0_카페라떼_ice,434,2026-07-08T13:33:00,11000,completed,False
order_R0434_0_콜드브루,434,2026-12-05T18:46:00,5500,completed,False
order_R0434_1_콜드브루,434,2026-01-15T13:12:00,5500,completed,False
order_R0434_2_콜드브루,434,2026-05-09T14:43:00,11000,completed,False
order_R0434_3_콜드브루,434,2026-03-27T22:38:00,5500,completed,False
order_R0434_4_콜드브루,434,2026-03-06T16:30:00,5500,completed,False
order_R0434_0_프라푸치노,434,2026-03-18T10:13:00,16500,completed,False
order_R0434_0_말차프라페,434,2026-03-13T18:43:00,16500,completed,False
order_R0435_0_카페라떼_hot,435,2026-06-13T17:56:00,5500,completed,False
order_R0435_0_카페라떼_ice,435,2026-08-19T06:04:00,5500,completed,False
order_R0435_0_바닐라라떼,435,2026-03-29T12:55:00,11000,completed,False
order_R0435_0_카라멜마끼아또,435,2026-04-02T06:58:00,5500,completed,False
order_R0435_0_레몬에이드,435,2026-04-28T15:02:00,16500,completed,False
order_R0435_0_자몽에이드,435,2026-02-04T21:47:00,11000,completed,False
order_R0436_0_아메리카노_hot,436,2026-10-17T08:20:00,16500,completed,False
order_R0436_0_아메리카노_ice,436,2026-04-20T22:14:00,5500,completed,False
order_R0436_0_프라푸치노,436,2026-10-30T15:02:00,5500,completed,False
order_R0436_0_말차프라페,436,2026-03-13T14:06:00,5500,completed,False
order_R0436_0_딸기스무디,436,2026-05-20T20:41:00,5500,completed,False
order_R0436_0_망고스무디,436,2026-09-11T02:48:00,11000,completed,False
order_R0437_0_아메리카노_hot,437,2026-06-09T23:42:00,11000,completed,False
order_R0437_0_아메리카노_ice,437,2026-03-11T23:14:00,5500,completed,False
order_R0437_0_드립커피,437,2026-08-20T02:36:00,11000,completed,False
order_R0437_0_레몬에이드,437,2026-06-17T16:31:00,5500,completed,False
order_R0437_0_자몽에이드,437,2026-05-09T19:02:00,11000,completed,False
order_R0437_0_딸기스무디,437,2026-03-13T06:34:00,5500,completed,False
order_R0437_0_망고스무디,437,2026-10-23T17:52:00,5500,completed,False
order_R0438_0_카페라떼_hot,438,2026-07-22T17:20:00,11000,completed,False
order_R0438_0_카페라떼_ice,438,2026-08-02T14:17:00,11000,completed,False
order_R0438_0_바닐라라떼,438,2026-09-29T18:21:00,5500,completed,False
order_R0438_0_카라멜마끼아또,438,2026-12-25T07:29:00,11000,completed,False
order_R0438_0_프라푸치노,438,2026-08-05T21:00:00,16500,completed,False
order_R0438_0_말차프라페,438,2026-01-05T17:43:00,11000,completed,False
order_R0438_0_복숭아아이스티,438,2026-04-05T23:09:00,16500,completed,False
order_R0438_0_자몽허니블랙티,438,2026-02-15T09:38:00,11000,completed,False
order_R0439_0_아메리카노_hot,439,2026-12-29T18:02:00,5500,completed,False
order_R0439_0_아메리카노_ice,439,2026-11-09T11:32:00,5500,completed,False
order_R0439_0_바닐라라떼,439,2026-06-25T14:17:00,5500,completed,False
order_R0439_0_카라멜마끼아또,439,2026-04-18T21:32:00,5500,completed,False
order_R0439_0_복숭아아이스티,439,2026-08-15T08:17:00,5500,completed,False
order_R0439_0_자몽허니블랙티,439,2026-02-23T13:38:00,11000,completed,False
order_R0440_0_카푸치노,440,2026-01-24T15:20:00,16500,completed,False
order_R0440_1_카푸치노,440,2026-08-07T19:56:00,5500,completed,False
order_R0440_2_카푸치노,440,2026-11-10T16:42:00,11000,completed,False
order_R0440_0_프라푸치노,440,2026-05-08T17:01:00,11000,completed,False
order_R0440_0_말차프라페,440,2026-08-05T20:31:00,5500,completed,False
order_R0441_0_바닐라라떼,441,2026-05-20T19:56:00,11000,completed,False
order_R0441_0_카라멜마끼아또,441,2026-11-16T02:50:00,11000,completed,False
order_R0442_0_아메리카노_hot,442,2026-03-11T12:18:00,5500,completed,False
order_R0442_0_아메리카노_ice,442,2026-02-08T14:03:00,5500,completed,False
order_R0442_0_복숭아아이스티,442,2026-12-13T12:48:00,11000,completed,False
order_R0442_0_자몽허니블랙티,442,2026-07-08T22:12:00,11000,completed,False
order_R0442_0_레몬에이드,442,2026-04-23T23:37:00,5500,completed,False
order_R0442_0_자몽에이드,442,2026-06-21T17:10:00,5500,completed,False
order_R0443_0_에스프레소,443,2026-08-16T15:42:00,16500,completed,False
order_R0443_0_아메리카노_hot,443,2026-12-02T12:44:00,11000,completed,False
order_R0443_0_아메리카노_ice,443,2026-05-22T23:41:00,5500,completed,False
order_R0443_0_카페라떼_hot,443,2026-01-14T16:52:00,5500,completed,False
order_R0443_0_카페라떼_ice,443,2026-03-29T11:22:00,11000,completed,False
order_R0443_0_바닐라라떼,443,2026-08-02T12:38:00,5500,completed,False
order_R0443_0_카라멜마끼아또,443,2026-05-03T23:49:00,5500,completed,False
order_R0444_0_카페라떼_hot,444,2026-07-11T08:09:00,5500,completed,False
order_R0444_0_카페라떼_ice,444,2026-09-18T12:53:00,5500,completed,False
order_R0444_0_카푸치노,444,2026-03-24T09:47:00,5500,completed,False
order_R0444_0_바닐라라떼,444,2026-12-03T06:03:00,5500,completed,False
order_R0444_0_카라멜마끼아또,444,2026-10-27T22:25:00,16500,completed,False
order_R0444_0_복숭아아이스티,444,2026-09-13T06:40:00,5500,completed,False
order_R0444_0_자몽허니블랙티,444,2026-08-06T12:54:00,5500,completed,False
order_R0444_0_레몬에이드,444,2026-03-21T13:19:00,11000,completed,False
order_R0444_0_자몽에이드,444,2026-03-29T12:34:00,5500,completed,False
order_R0445_0_레몬에이드,445,2026-07-15T19:33:00,11000,completed,False
order_R0445_0_자몽에이드,445,2026-12-05T08:01:00,5500,completed,False
order_R0446_0_아메리카노_hot,446,2026-06-22T09:56:00,5500,completed,False
order_R0446_0_아메리카노_ice,446,2026-06-08T08:15:00,5500,completed,False
order_R0446_0_카페라떼_hot,446,2026-12-04T03:38:00,5500,completed,False
order_R0446_0_카페라떼_ice,446,2026-07-24T09:56:00,16500,completed,False
order_R0447_0_콜드브루,447,2026-03-02T13:12:00,5500,completed,False
order_R0447_1_콜드브루,447,2026-03-06T04:13:00,5500,completed,False
order_R0447_2_콜드브루,447,2026-09-13T22:40:00,5500,completed,False
order_R0448_0_아메리카노_hot,448,2026-10-24T16:01:00,11000,completed,False
order_R0448_0_아메리카노_ice,448,2026-06-21T17:44:00,5500,completed,False
order_R0448_0_카페라떼_hot,448,2026-03-07T17:10:00,5500,completed,False
order_R0448_0_카페라떼_ice,448,2026-01-15T21:23:00,5500,completed,False
order_R0448_0_카푸치노,448,2026-02-01T16:50:00,11000,completed,False
order_R0448_0_바닐라라떼,448,2026-12-30T10:20:00,5500,completed,False
order_R0448_0_카라멜마끼아또,448,2026-05-07T09:30:00,11000,completed,False
order_R0448_0_복숭아아이스티,448,2026-09-30T21:44:00,11000,completed,False
order_R0448_0_자몽허니블랙티,448,2026-10-22T01:08:00,11000,completed,False
order_R0449_0_카페라떼_hot,449,2026-02-12T11:26:00,5500,completed,False
order_R0449_0_카페라떼_ice,449,2026-10-11T07:34:00,5500,completed,False
order_R0449_0_콜드브루,449,2026-01-28T10:39:00,5500,completed,False
order_R0449_1_콜드브루,449,2026-09-09T17:59:00,16500,completed,False
order_R0449_2_콜드브루,449,2026-12-29T16:28:00,5500,completed,False
order_R0450_0_아메리카노_hot,450,2026-10-13T04:55:00,11000,completed,False
order_R0450_0_아메리카노_ice,450,2026-04-20T18:44:00,5500,completed,False
order_R0450_0_바닐라라떼,450,2026-07-30T20:26:00,5500,completed,False
order_R0450_0_카라멜마끼아또,450,2026-08-10T10:54:00,5500,completed,False
order_R0450_0_프라푸치노,450,2026-08-05T21:09:00,5500,completed,False
order_R0450_0_말차프라페,450,2026-12-11T13:20:00,11000,completed,False
order_R0450_0_딸기스무디,450,2026-10-05T06:55:00,5500,completed,False
order_R0450_0_망고스무디,450,2026-06-11T17:58:00,5500,completed,False
order_R0451_0_아메리카노_hot,451,2026-12-17T12:31:00,11000,completed,False
order_R0451_0_아메리카노_ice,451,2026-12-17T19:07:00,11000,completed,False
order_R0451_0_카페라떼_hot,451,2026-12-19T21:14:00,5500,completed,False
order_R0451_0_카페라떼_ice,451,2026-04-16T16:37:00,5500,completed,False
order_R0451_0_바닐라라떼,451,2026-09-06T13:14:00,11000,completed,False
order_R0451_0_카라멜마끼아또,451,2026-08-23T11:59:00,5500,completed,False
order_R0452_0_에스프레소,452,2026-12-21T19:54:00,11000,completed,False
order_R0452_0_아메리카노_hot,452,2026-07-10T13:02:00,11000,completed,False
order_R0452_0_아메리카노_ice,452,2026-09-13T07:31:00,5500,completed,False
order_R0452_0_카푸치노,452,2026-05-03T10:16:00,11000,completed,False
order_R0452_0_드립커피,452,2026-09-15T06:25:00,16500,completed,False
order_R0452_0_레몬에이드,452,2026-01-31T12:43:00,11000,completed,False
order_R0452_0_자몽에이드,452,2026-05-19T16:22:00,5500,completed,False
order_R0452_0_딸기스무디,452,2026-04-08T12:12:00,11000,completed,False
order_R0452_0_망고스무디,452,2026-05-08T16:54:00,5500,completed,False
order_R0453_0_아메리카노_hot,453,2026-07-17T10:46:00,11000,completed,False
order_R0453_0_아메리카노_ice,453,2026-01-26T14:54:00,5500,completed,False
order_R0454_0_아메리카노_hot,454,2026-02-18T07:50:00,5500,completed,False
order_R0454_0_아메리카노_ice,454,2026-12-23T22:30:00,11000,completed,False
order_R0454_0_콜드브루라떼,454,2026-10-04T13:27:00,11000,completed,False
order_R0454_0_바닐라라떼,454,2026-07-05T10:03:00,5500,completed,False
order_R0454_0_카라멜마끼아또,454,2026-07-15T23:12:00,16500,completed,False
order_R0455_0_에스프레소,455,2026-10-13T22:53:00,11000,completed,False
order_R0455_0_프라푸치노,455,2026-08-26T13:31:00,11000,completed,False
order_R0455_0_말차프라페,455,2026-08-25T16:21:00,11000,completed,False
order_R0455_0_복숭아아이스티,455,2026-07-07T14:11:00,5500,completed,False
order_R0455_0_자몽허니블랙티,455,2026-08-22T11:58:00,11000,completed,False
order_R0455_0_딸기스무디,455,2026-11-19T12:50:00,5500,completed,False
order_R0455_0_망고스무디,455,2026-11-14T18:50:00,11000,completed,False
order_R0456_0_드립커피,456,2026-03-30T03:48:00,11000,completed,False
order_R0456_0_레몬에이드,456,2026-10-16T13:01:00,5500,completed,False
order_R0456_0_자몽에이드,456,2026-02-11T17:54:00,11000,completed,False
order_R0457_0_아메리카노_hot,457,2026-03-21T19:48:00,16500,completed,False
order_R0457_0_아메리카노_ice,457,2026-08-01T07:02:00,5500,completed,False
order_R0457_0_드립커피,457,2026-10-04T05:46:00,5500,completed,False
order_R0457_0_바닐라라떼,457,2026-10-20T13:57:00,5500,completed,False
order_R0457_0_카라멜마끼아또,457,2026-03-23T06:27:00,5500,completed,False
order_R0458_0_아메리카노_hot,458,2026-01-09T15:47:00,5500,completed,False
order_R0458_0_아메리카노_ice,458,2026-03-30T08:16:00,11000,completed,False
order_R0458_0_바닐라라떼,458,2026-08-02T07:32:00,5500,completed,False
order_R0458_0_카라멜마끼아또,458,2026-02-01T12:33:00,5500,completed,False
order_R0459_0_아메리카노_hot,459,2026-07-16T22:20:00,5500,completed,False
order_R0459_0_아메리카노_ice,459,2026-04-04T23:21:00,11000,completed,False
order_R0459_0_바닐라라떼,459,2026-04-22T11:06:00,5500,completed,False
order_R0459_0_카라멜마끼아또,459,2026-04-04T18:37:00,5500,completed,False
order_R0459_0_레몬에이드,459,2026-07-17T11:27:00,5500,completed,False
order_R0459_0_자몽에이드,459,2026-02-01T09:24:00,11000,completed,False
order_R0460_0_콜드브루,460,2026-09-30T13:38:00,5500,completed,False
order_R0460_1_콜드브루,460,2026-04-02T02:07:00,5500,completed,False
order_R0460_2_콜드브루,460,2026-01-01T23:39:00,11000,completed,False
order_R0460_3_콜드브루,460,2026-10-31T17:42:00,5500,completed,False
order_R0460_4_콜드브루,460,2026-07-24T05:27:00,5500,completed,False
order_R0460_0_바닐라라떼,460,2026-01-05T16:39:00,5500,completed,False
order_R0460_0_카라멜마끼아또,460,2026-11-25T07:10:00,16500,completed,False
order_R0460_0_녹차라떼,460,2026-12-21T09:23:00,5500,completed,False
order_R0460_0_캐모마일티,460,2026-05-15T15:24:00,5500,completed,False
order_R0460_0_복숭아아이스티,460,2026-04-24T14:56:00,11000,completed,False
order_R0460_0_자몽허니블랙티,460,2026-02-14T21:12:00,11000,completed,False
order_R0461_0_아메리카노_hot,461,2026-03-13T16:04:00,11000,completed,False
order_R0461_0_아메리카노_ice,461,2026-01-03T14:06:00,11000,completed,False
order_R0461_0_카페라떼_hot,461,2026-08-24T09:17:00,11000,completed,False
order_R0461_0_카페라떼_ice,461,2026-05-21T15:16:00,16500,completed,False
order_R0461_0_레몬에이드,461,2026-04-19T20:22:00,11000,completed,False
order_R0461_0_자몽에이드,461,2026-06-23T17:17:00,5500,completed,False
order_R0462_0_녹차라떼,462,2026-08-05T12:01:00,11000,completed,False
order_R0462_0_캐모마일티,462,2026-02-05T06:55:00,5500,completed,False
order_R0462_0_딸기스무디,462,2026-12-07T06:47:00,5500,completed,False
order_R0462_0_망고스무디,462,2026-06-23T15:20:00,5500,completed,False
order_R0463_0_콜드브루,463,2026-07-02T19:34:00,11000,completed,False
order_R0463_1_콜드브루,463,2026-02-14T16:25:00,11000,completed,False
order_R0463_2_콜드브루,463,2026-03-05T04:32:00,5500,completed,False
order_R0463_0_바닐라라떼,463,2026-05-28T07:09:00,16500,completed,False
order_R0463_0_카라멜마끼아또,463,2026-10-15T15:37:00,5500,completed,False
order_R0464_0_바닐라라떼,464,2026-04-29T19:04:00,11000,completed,False
order_R0464_0_카라멜마끼아또,464,2026-07-10T18:44:00,11000,completed,False
order_R0464_0_프라푸치노,464,2026-01-01T15:12:00,5500,completed,False
order_R0464_0_말차프라페,464,2026-03-26T21:58:00,5500,completed,False
order_R0464_0_복숭아아이스티,464,2026-07-23T00:49:00,5500,completed,False
order_R0464_0_자몽허니블랙티,464,2026-06-18T07:02:00,5500,completed,False
order_R0464_0_레몬에이드,464,2026-10-19T10:02:00,5500,completed,False
order_R0464_0_자몽에이드,464,2026-11-14T16:41:00,11000,completed,False
order_R0465_0_아메리카노_hot,465,2026-06-22T22:21:00,5500,completed,False
order_R0465_0_아메리카노_ice,465,2026-05-22T11:43:00,16500,completed,False
order_R0465_0_콜드브루,465,2026-03-12T16:16:00,5500,completed,False
order_R0465_0_레몬에이드,465,2026-05-14T12:19:00,5500,completed,False
order_R0465_0_자몽에이드,465,2026-01-31T14:45:00,5500,completed,False
order_R0466_0_에스프레소,466,2026-06-28T14:04:00,5500,completed,False
order_R0466_0_아메리카노_hot,466,2026-02-10T18:02:00,11000,completed,False
order_R0466_0_아메리카노_ice,466,2026-12-19T23:20:00,16500,completed,False
order_R0466_0_콜드브루,466,2026-02-07T11:53:00,11000,completed,False
order_R0466_0_드립커피,466,2026-02-07T12:18:00,5500,completed,False
order_R0466_0_바닐라라떼,466,2026-11-20T08:11:00,5500,completed,False
order_R0466_0_카라멜마끼아또,466,2026-01-31T18:49:00,11000,completed,False
order_R0466_0_복숭아아이스티,466,2026-02-14T12:47:00,5500,completed,False
order_R0466_0_자몽허니블랙티,466,2026-08-27T21:25:00,16500,completed,False
order_R0466_0_레몬에이드,466,2026-05-21T14:45:00,5500,completed,False
order_R0466_0_자몽에이드,466,2026-05-03T06:52:00,5500,completed,False
order_R0467_0_아메리카노_hot,467,2026-06-06T07:57:00,5500,completed,False
order_R0467_0_아메리카노_ice,467,2026-10-06T09:52:00,5500,completed,False
order_R0467_0_카페라떼_hot,467,2026-06-25T06:24:00,11000,completed,False
order_R0467_0_카페라떼_ice,467,2026-04-30T23:19:00,16500,completed,False
order_R0467_0_바닐라라떼,467,2026-11-09T12:22:00,5500,completed,False
order_R0467_0_카라멜마끼아또,467,2026-02-06T05:47:00,11000,completed,False
order_R0467_0_녹차라떼,467,2026-11-25T10:45:00,11000,completed,False
order_R0467_0_캐모마일티,467,2026-06-30T20:27:00,5500,completed,False
order_R0468_0_아메리카노_hot,468,2026-05-21T00:08:00,11000,completed,False
order_R0468_0_아메리카노_ice,468,2026-08-29T23:28:00,5500,completed,False
order_R0468_0_바닐라라떼,468,2026-02-09T05:34:00,16500,completed,False
order_R0468_0_카라멜마끼아또,468,2026-08-03T01:24:00,5500,completed,False
order_R0469_0_카페라떼_hot,469,2026-08-10T02:36:00,16500,completed,False
order_R0469_0_카페라떼_ice,469,2026-05-18T04:19:00,11000,completed,False
order_R0469_0_바닐라라떼,469,2026-12-13T09:00:00,5500,completed,False
order_R0469_0_카라멜마끼아또,469,2026-06-28T12:36:00,5500,completed,False
order_R0469_0_프라푸치노,469,2026-09-28T14:40:00,11000,completed,False
order_R0469_0_말차프라페,469,2026-10-18T12:29:00,5500,completed,False
order_R0470_0_아메리카노_hot,470,2026-12-17T18:37:00,16500,completed,False
order_R0470_0_아메리카노_ice,470,2026-05-19T17:53:00,11000,completed,False
order_R0470_0_카푸치노,470,2026-07-31T15:20:00,5500,completed,False
order_R0470_1_카푸치노,470,2026-05-14T21:26:00,11000,completed,False
order_R0470_2_카푸치노,470,2026-08-29T17:11:00,11000,completed,False
order_R0470_0_프라푸치노,470,2026-06-09T14:15:00,5500,completed,False
order_R0470_0_말차프라페,470,2026-01-28T18:13:00,5500,completed,False
order_R0470_0_딸기스무디,470,2026-11-20T00:56:00,11000,completed,False
order_R0470_0_망고스무디,470,2026-10-07T18:15:00,5500,completed,False
order_R0471_0_콜드브루,471,2026-09-27T19:01:00,5500,completed,False
order_R0471_0_복숭아아이스티,471,2026-04-03T19:01:00,5500,completed,False
order_R0471_0_자몽허니블랙티,471,2026-02-13T07:25:00,11000,completed,False
order_R0472_0_바닐라라떼,472,2026-07-01T23:24:00,5500,completed,False
order_R0472_0_카라멜마끼아또,472,2026-05-12T13:09:00,16500,completed,False
order_R0473_0_에스프레소,473,2026-03-19T17:30:00,5500,completed,False
order_R0473_0_아메리카노_hot,473,2026-10-03T02:32:00,5500,completed,False
order_R0473_0_아메리카노_ice,473,2026-07-09T13:53:00,16500,completed,False
order_R0473_0_카푸치노,473,2026-08-22T14:01:00,5500,completed,False
order_R0473_0_드립커피,473,2026-06-19T16:41:00,5500,completed,False
order_R0473_0_레몬에이드,473,2026-04-09T14:40:00,5500,completed,False
order_R0473_0_자몽에이드,473,2026-06-08T04:48:00,11000,completed,False
order_R0473_0_딸기스무디,473,2026-09-06T18:45:00,5500,completed,False
order_R0473_0_망고스무디,473,2026-08-22T12:38:00,5500,completed,False
order_R0474_0_아메리카노_hot,474,2026-11-04T03:00:00,5500,completed,False
order_R0474_0_아메리카노_ice,474,2026-03-28T06:52:00,16500,completed,False
order_R0474_0_콜드브루,474,2026-12-30T06:02:00,11000,completed,False
order_R0474_0_프라푸치노,474,2026-08-19T17:47:00,5500,completed,False
order_R0474_0_말차프라페,474,2026-04-11T13:41:00,11000,completed,False
order_R0475_0_아메리카노_hot,475,2026-10-07T22:41:00,11000,completed,False
order_R0475_0_아메리카노_ice,475,2026-09-26T17:44:00,16500,completed,False
order_R0475_0_바닐라라떼,475,2026-10-24T20:57:00,5500,completed,False
order_R0475_0_카라멜마끼아또,475,2026-04-06T18:55:00,5500,completed,False
order_R0476_0_아메리카노_hot,476,2026-02-09T12:11:00,5500,completed,False
order_R0476_0_아메리카노_ice,476,2026-09-25T09:22:00,11000,completed,False
order_R0476_0_카페라떼_hot,476,2026-07-03T05:03:00,5500,completed,False
order_R0476_0_카페라떼_ice,476,2026-06-11T10:19:00,5500,completed,False
order_R0476_0_카푸치노,476,2026-09-20T22:33:00,5500,completed,False
order_R0476_0_녹차라떼,476,2026-11-17T20:34:00,11000,completed,False
order_R0476_0_캐모마일티,476,2026-05-03T09:37:00,11000,completed,False
order_R0476_0_복숭아아이스티,476,2026-12-28T20:55:00,5500,completed,False
order_R0476_0_자몽허니블랙티,476,2026-11-07T17:50:00,11000,completed,False
order_R0476_0_레몬에이드,476,2026-09-26T19:08:00,11000,completed,False
order_R0476_0_자몽에이드,476,2026-01-08T04:26:00,5500,completed,False
order_R0477_0_아메리카노_hot,477,2026-11-07T15:39:00,5500,completed,False
order_R0477_0_아메리카노_ice,477,2026-06-03T11:42:00,11000,completed,False
order_R0477_0_녹차라떼,477,2026-05-31T21:44:00,5500,completed,False
order_R0477_0_캐모마일티,477,2026-05-26T13:42:00,5500,completed,False
order_R0477_0_레몬에이드,477,2026-07-06T15:55:00,5500,completed,False
order_R0477_0_자몽에이드,477,2026-03-19T15:39:00,5500,completed,False
order_R0478_0_아메리카노_hot,478,2026-12-08T09:25:00,11000,completed,False
order_R0478_0_아메리카노_ice,478,2026-11-11T14:06:00,5500,completed,False
order_R0478_0_카페라떼_hot,478,2026-11-23T22:43:00,11000,completed,False
order_R0478_0_카페라떼_ice,478,2026-06-01T11:40:00,16500,completed,False
order_R0479_0_콜드브루,479,2026-06-05T10:50:00,5500,completed,False
order_R0479_1_콜드브루,479,2026-06-10T10:21:00,5500,completed,False
order_R0479_2_콜드브루,479,2026-04-14T21:05:00,5500,completed,False
order_R0479_0_프라푸치노,479,2026-11-03T12:30:00,5500,completed,False
order_R0479_0_말차프라페,479,2026-07-07T21:23:00,5500,completed,False
order_R0479_0_복숭아아이스티,479,2026-04-07T12:49:00,5500,completed,False
order_R0479_0_자몽허니블랙티,479,2026-04-19T14:58:00,5500,completed,False
order_R0480_0_아메리카노_hot,480,2026-02-07T14:52:00,16500,completed,False
order_R0480_0_아메리카노_ice,480,2026-10-08T05:35:00,16500,completed,False
order_R0480_0_녹차라떼,480,2026-03-27T06:53:00,5500,completed,False
order_R0480_0_캐모마일티,480,2026-07-25T06:55:00,11000,completed,False
order_R0480_0_레몬에이드,480,2026-02-15T05:17:00,5500,completed,False
order_R0480_0_자몽에이드,480,2026-12-12T21:51:00,11000,completed,False
order_R0481_0_카페라떼_hot,481,2026-08-06T10:47:00,5500,completed,False
order_R0481_0_카페라떼_ice,481,2026-03-13T12:39:00,11000,completed,False
order_R0481_0_카푸치노,481,2026-01-29T10:20:00,11000,completed,False
order_R0481_1_카푸치노,481,2026-03-04T23:38:00,11000,completed,False
order_R0481_0_바닐라라떼,481,2026-02-25T20:06:00,11000,completed,False
order_R0481_0_카라멜마끼아또,481,2026-01-10T07:55:00,5500,completed,False
order_R0481_0_딸기스무디,481,2026-09-27T20:20:00,11000,completed,False
order_R0481_0_망고스무디,481,2026-08-06T10:30:00,16500,completed,False
order_R0482_0_아메리카노_hot,482,2026-02-21T01:23:00,5500,completed,False
order_R0482_0_아메리카노_ice,482,2026-01-12T22:16:00,11000,completed,False
order_R0482_0_카푸치노,482,2026-01-21T14:03:00,11000,completed,False
order_R0482_0_콜드브루,482,2026-09-05T19:29:00,5500,completed,False
order_R0482_1_콜드브루,482,2026-07-15T07:00:00,5500,completed,False
order_R0482_2_콜드브루,482,2026-09-19T22:54:00,11000,completed,False
order_R0482_0_녹차라떼,482,2026-10-28T19:58:00,5500,completed,False
order_R0482_0_캐모마일티,482,2026-01-11T02:17:00,5500,completed,False
order_R0483_0_아메리카노_hot,483,2026-04-21T20:48:00,11000,completed,False
order_R0483_0_아메리카노_ice,483,2026-07-04T17:13:00,5500,completed,False
order_R0483_0_카페라떼_hot,483,2026-06-01T20:10:00,11000,completed,False
order_R0483_0_카페라떼_ice,483,2026-11-19T00:52:00,5500,completed,False
order_R0483_0_카푸치노,483,2026-01-27T07:09:00,5500,completed,False
order_R0483_1_카푸치노,483,2026-05-25T16:24:00,11000,completed,False
order_R0484_0_카페라떼_hot,484,2026-07-28T07:46:00,11000,completed,False
order_R0484_0_카페라떼_ice,484,2026-05-31T10:27:00,5500,completed,False
order_R0484_0_드립커피,484,2026-09-14T16:00:00,5500,completed,False
order_R0484_0_딸기스무디,484,2026-04-10T22:16:00,5500,completed,False
order_R0484_0_망고스무디,484,2026-06-26T11:54:00,5500,completed,False
order_R0485_0_아메리카노_hot,485,2026-07-07T11:51:00,5500,completed,False
order_R0485_0_아메리카노_ice,485,2026-11-29T15:16:00,5500,completed,False
order_R0485_0_콜드브루라떼,485,2026-07-06T02:37:00,11000,completed,False
order_R0485_0_프라푸치노,485,2026-05-02T22:36:00,5500,completed,False
order_R0485_0_말차프라페,485,2026-04-02T23:08:00,5500,completed,False
order_R0486_0_콜드브루,486,2026-12-15T00:33:00,5500,completed,False
order_R0486_1_콜드브루,486,2026-01-20T11:31:00,5500,completed,False
order_R0486_0_녹차라떼,486,2026-05-25T05:09:00,5500,completed,False
order_R0486_0_캐모마일티,486,2026-11-14T14:16:00,16500,completed,False
order_R0486_0_복숭아아이스티,486,2026-07-04T12:21:00,5500,completed,False
order_R0486_0_자몽허니블랙티,486,2026-12-30T11:16:00,5500,completed,False
order_R0487_0_아메리카노_hot,487,2026-11-10T21:43:00,5500,completed,False
order_R0487_0_아메리카노_ice,487,2026-10-07T10:56:00,5500,completed,False
order_R0487_0_콜드브루,487,2026-12-04T02:59:00,16500,completed,False
order_R0487_0_딸기스무디,487,2026-01-28T10:13:00,5500,completed,False
order_R0487_0_망고스무디,487,2026-01-01T20:12:00,5500,completed,False
order_R0488_0_콜드브루,488,2026-04-11T07:43:00,5500,completed,False
order_R0488_1_콜드브루,488,2026-07-18T18:45:00,5500,completed,False
order_R0488_0_드립커피,488,2026-12-23T06:07:00,5500,completed,False
order_R0488_0_녹차라떼,488,2026-06-06T16:25:00,16500,completed,False
order_R0488_0_캐모마일티,488,2026-06-09T18:39:00,5500,completed,False
order_R0489_0_아메리카노_hot,489,2026-06-25T08:34:00,5500,completed,False
order_R0489_0_아메리카노_ice,489,2026-02-14T05:45:00,5500,completed,False
order_R0489_0_카페라떼_hot,489,2026-01-28T14:57:00,11000,completed,False
order_R0489_0_카페라떼_ice,489,2026-10-30T17:06:00,11000,completed,False
order_R0490_0_아메리카노_hot,490,2026-07-03T01:23:00,5500,completed,False
order_R0490_0_아메리카노_ice,490,2026-10-12T12:38:00,16500,completed,False
order_R0490_0_녹차라떼,490,2026-10-18T20:35:00,16500,completed,False
order_R0490_0_캐모마일티,490,2026-06-27T15:43:00,5500,completed,False
order_R0491_0_카페라떼_hot,491,2026-12-02T14:38:00,11000,completed,False
order_R0491_0_카페라떼_ice,491,2026-10-27T17:52:00,11000,completed,False
order_R0491_0_바닐라라떼,491,2026-12-29T05:46:00,5500,completed,False
order_R0491_0_카라멜마끼아또,491,2026-09-02T11:07:00,5500,completed,False
order_R0492_0_카페라떼_hot,492,2026-09-13T06:01:00,5500,completed,False
order_R0492_0_카페라떼_ice,492,2026-01-13T18:56:00,11000,completed,False
order_R0492_0_바닐라라떼,492,2026-01-14T07:57:00,16500,completed,False
order_R0492_0_카라멜마끼아또,492,2026-11-04T09:37:00,5500,completed,False
order_R0492_0_딸기스무디,492,2026-08-28T06:57:00,5500,completed,False
order_R0492_0_망고스무디,492,2026-06-10T08:22:00,5500,completed,False
order_R0493_0_아메리카노_hot,493,2026-07-09T21:26:00,5500,completed,False
order_R0493_0_아메리카노_ice,493,2026-08-20T16:17:00,5500,completed,False
order_R0493_0_콜드브루라떼,493,2026-11-10T15:47:00,5500,completed,False
order_R0493_0_드립커피,493,2026-11-18T17:11:00,16500,completed,False
order_R0493_0_바닐라라떼,493,2026-04-04T19:32:00,5500,completed,False
order_R0493_0_카라멜마끼아또,493,2026-01-08T12:33:00,5500,completed,False
order_R0493_0_복숭아아이스티,493,2026-01-12T11:49:00,5500,completed,False
order_R0493_0_자몽허니블랙티,493,2026-07-17T04:53:00,11000,completed,False
order_R0493_0_딸기스무디,493,2026-07-26T10:34:00,5500,completed,False
order_R0493_0_망고스무디,493,2026-08-02T17:01:00,11000,completed,False
order_R0494_0_아메리카노_hot,494,2026-06-18T06:52:00,5500,completed,False
order_R0494_0_아메리카노_ice,494,2026-05-15T09:32:00,5500,completed,False
order_R0494_0_드립커피,494,2026-12-22T20:15:00,5500,completed,False
order_R0494_0_녹차라떼,494,2026-05-24T12:47:00,5500,completed,False
order_R0494_0_캐모마일티,494,2026-11-07T06:05:00,5500,completed,False
order_R0495_0_아메리카노_hot,495,2026-12-26T22:44:00,11000,completed,False
order_R0495_0_아메리카노_ice,495,2026-04-28T06:21:00,5500,completed,False
order_R0495_0_드립커피,495,2026-08-16T21:13:00,5500,completed,False
order_R0495_0_바닐라라떼,495,2026-05-25T03:13:00,5500,completed,False
order_R0495_0_카라멜마끼아또,495,2026-03-24T07:45:00,11000,completed,False
order_R0496_0_아메리카노_hot,496,2026-03-15T13:32:00,11000,completed,False
order_R0496_0_아메리카노_ice,496,2026-08-04T21:11:00,11000,completed,False
order_R0496_0_프라푸치노,496,2026-10-13T19:20:00,5500,completed,False
order_R0496_0_말차프라페,496,2026-07-21T00:36:00,11000,completed,False
order_R0496_0_딸기스무디,496,2026-06-04T16:07:00,5500,completed,False
order_R0496_0_망고스무디,496,2026-09-19T18:44:00,11000,completed,False
order_R0497_0_아메리카노_hot,497,2026-01-29T13:23:00,5500,completed,False
order_R0497_0_아메리카노_ice,497,2026-01-26T09:16:00,5500,completed,False
order_R0497_0_바닐라라떼,497,2026-02-06T14:12:00,11000,completed,False
order_R0497_0_카라멜마끼아또,497,2026-03-05T12:36:00,5500,completed,False
order_R0497_0_레몬에이드,497,2026-04-23T07:57:00,5500,completed,False
order_R0497_0_자몽에이드,497,2026-10-17T09:31:00,16500,completed,False
order_R0498_0_아메리카노_hot,498,2026-10-21T03:27:00,5500,completed,False
order_R0498_0_아메리카노_ice,498,2026-01-15T18:58:00,11000,completed,False
order_R0498_0_바닐라라떼,498,2026-06-02T06:59:00,16500,completed,False
order_R0498_0_카라멜마끼아또,498,2026-06-25T16:07:00,5500,completed,False
order_R0498_0_딸기스무디,498,2026-12-01T15:36:00,16500,completed,False
order_R0498_0_망고스무디,498,2026-11-06T22:59:00,5500,completed,False
order_R0499_0_에스프레소,499,2026-09-12T07:23:00,11000,completed,False
order_R0499_0_아메리카노_hot,499,2026-01-20T17:17:00,5500,completed,False
order_R0499_0_아메리카노_ice,499,2026-07-27T17:02:00,5500,completed,False
order_R0499_0_레몬에이드,499,2026-05-27T16:37:00,5500,completed,False
order_R0499_0_자몽에이드,499,2026-12-19T13:39:00,5500,completed,False
order_R0500_0_에스프레소,500,2026-09-24T18:19:00,11000,completed,False
order_R0500_0_카페라떼_hot,500,2026-10-14T02:07:00,11000,completed,False
order_R0500_0_카페라떼_ice,500,2026-09-27T12:29:00,11000,completed,False
order_R0500_0_콜드브루라떼,500,2026-07-07T14:17:00,5500,completed,False
order_R0500_0_바닐라라떼,500,2026-05-29T08:23:00,11000,completed,False
order_R0500_0_카라멜마끼아또,500,2026-02-16T09:20:00,5500,completed,False
order_R0500_0_복숭아아이스티,500,2026-06-01T12:05:00,5500,completed,False
order_R0500_0_자몽허니블랙티,500,2026-11-04T13:18:00,5500,completed,False
order_R0501_0_아메리카노_hot,501,2026-01-22T17:15:00,5500,completed,False
order_R0501_0_아메리카노_ice,501,2026-06-02T18:08:00,5500,completed,False
order_R0501_0_카페라떼_hot,501,2026-09-15T23:08:00,5500,completed,False
order_R0501_0_카페라떼_ice,501,2026-07-01T11:28:00,11000,completed,False
order_R0501_0_바닐라라떼,501,2026-09-22T07:30:00,5500,completed,False
order_R0501_0_카라멜마끼아또,501,2026-09-08T19:17:00,5500,completed,False
order_R0501_0_녹차라떼,501,2026-12-07T09:30:00,5500,completed,False
order_R0501_0_캐모마일티,501,2026-09-29T07:02:00,11000,completed,False
order_R0502_0_아메리카노_hot,502,2026-10-20T16:09:00,11000,completed,False
order_R0502_0_아메리카노_ice,502,2026-10-04T04:01:00,16500,completed,False
order_R0502_0_카푸치노,502,2026-05-15T04:24:00,5500,completed,False
order_R0502_0_녹차라떼,502,2026-02-04T13:11:00,5500,completed,False
order_R0502_0_캐모마일티,502,2026-03-25T18:25:00,5500,completed,False
order_R0503_0_프라푸치노,503,2026-07-16T07:19:00,11000,completed,False
order_R0503_0_말차프라페,503,2026-12-23T13:12:00,11000,completed,False
order_R0504_0_아메리카노_hot,504,2026-10-18T19:06:00,5500,completed,False
order_R0504_0_아메리카노_ice,504,2026-11-04T13:07:00,11000,completed,False
order_R0504_0_카페라떼_hot,504,2026-09-30T17:56:00,5500,completed,False
order_R0504_0_카페라떼_ice,504,2026-12-09T15:22:00,16500,completed,False
order_R0504_0_카푸치노,504,2026-04-04T11:03:00,11000,completed,False
order_R0504_0_바닐라라떼,504,2026-08-26T12:07:00,11000,completed,False
order_R0504_0_카라멜마끼아또,504,2026-10-24T17:01:00,11000,completed,False
order_R0505_0_아메리카노_hot,505,2026-09-03T05:35:00,11000,completed,False
order_R0505_0_아메리카노_ice,505,2026-07-19T08:17:00,5500,completed,False
order_R0505_0_드립커피,505,2026-05-12T14:38:00,16500,completed,False
order_R0506_0_아메리카노_hot,506,2026-03-23T10:48:00,5500,completed,False
order_R0506_0_아메리카노_ice,506,2026-11-25T23:53:00,11000,completed,False
order_R0506_0_카페라떼_hot,506,2026-07-10T05:28:00,5500,completed,False
order_R0506_0_카페라떼_ice,506,2026-05-19T16:02:00,5500,completed,False
order_R0506_0_복숭아아이스티,506,2026-05-01T06:27:00,11000,completed,False
order_R0506_0_자몽허니블랙티,506,2026-06-08T12:28:00,16500,completed,False
order_R0506_0_딸기스무디,506,2026-10-08T07:32:00,5500,completed,False
order_R0506_0_망고스무디,506,2026-01-19T08:00:00,11000,completed,False
order_R0507_0_아메리카노_hot,507,2026-06-17T10:25:00,5500,completed,False
order_R0507_0_아메리카노_ice,507,2026-12-20T09:06:00,5500,completed,False
order_R0507_0_카페라떼_hot,507,2026-12-02T15:28:00,5500,completed,False
order_R0507_0_카페라떼_ice,507,2026-03-29T19:53:00,5500,completed,False
order_R0507_0_바닐라라떼,507,2026-06-12T18:39:00,5500,completed,False
order_R0507_0_카라멜마끼아또,507,2026-09-11T23:24:00,11000,completed,False
order_R0507_0_복숭아아이스티,507,2026-03-06T13:11:00,5500,completed,False
order_R0507_0_자몽허니블랙티,507,2026-10-02T08:05:00,5500,completed,False
order_R0508_0_아메리카노_hot,508,2026-06-06T14:52:00,5500,completed,False
order_R0508_0_아메리카노_ice,508,2026-01-06T14:19:00,11000,completed,False
order_R0508_0_콜드브루,508,2026-03-14T23:05:00,5500,completed,False
order_R0508_0_드립커피,508,2026-10-19T03:04:00,5500,completed,False
order_R0508_0_바닐라라떼,508,2026-10-30T21:22:00,11000,completed,False
order_R0508_0_카라멜마끼아또,508,2026-01-26T10:40:00,16500,completed,False
order_R0508_0_레몬에이드,508,2026-04-10T10:07:00,5500,completed,False
order_R0508_0_자몽에이드,508,2026-05-15T03:31:00,5500,completed,False
order_R0509_0_아메리카노_hot,509,2026-06-28T13:06:00,11000,completed,False
order_R0509_0_아메리카노_ice,509,2026-09-30T11:57:00,5500,completed,False
order_R0509_0_카푸치노,509,2026-10-25T19:26:00,5500,completed,False
order_R0509_0_콜드브루,509,2026-11-22T18:08:00,5500,completed,False
order_R0509_0_레몬에이드,509,2026-12-28T22:16:00,5500,completed,False
order_R0509_0_자몽에이드,509,2026-08-14T03:26:00,11000,completed,False
order_R0510_0_아메리카노_hot,510,2026-10-12T14:45:00,5500,completed,False
order_R0510_0_아메리카노_ice,510,2026-04-18T18:17:00,5500,completed,False
order_R0510_0_카페라떼_hot,510,2026-01-27T23:45:00,5500,completed,False
order_R0510_0_카페라떼_ice,510,2026-08-26T07:16:00,5500,completed,False
order_R0510_0_바닐라라떼,510,2026-04-29T10:31:00,11000,completed,False
order_R0510_0_카라멜마끼아또,510,2026-02-11T00:38:00,5500,completed,False
order_R0510_0_딸기스무디,510,2026-08-12T14:15:00,16500,completed,False
order_R0510_0_망고스무디,510,2026-08-23T06:29:00,5500,completed,False
order_R0511_0_아메리카노_hot,511,2026-10-25T22:24:00,5500,completed,False
order_R0511_0_아메리카노_ice,511,2026-04-29T09:45:00,5500,completed,False
order_R0511_0_바닐라라떼,511,2026-10-30T21:38:00,16500,completed,False
order_R0511_0_카라멜마끼아또,511,2026-10-01T09:52:00,5500,completed,False
order_R0511_0_녹차라떼,511,2026-11-30T13:03:00,11000,completed,False
order_R0511_0_캐모마일티,511,2026-02-12T07:30:00,5500,completed,False
order_R0512_0_에스프레소,512,2026-11-22T17:06:00,5500,completed,False
order_R0512_0_아메리카노_hot,512,2026-11-23T21:08:00,5500,completed,False
order_R0512_0_아메리카노_ice,512,2026-09-10T07:49:00,5500,completed,False
order_R0512_0_카페라떼_hot,512,2026-12-12T22:25:00,11000,completed,False
order_R0512_0_카페라떼_ice,512,2026-06-19T13:29:00,5500,completed,False
order_R0512_0_드립커피,512,2026-01-09T07:48:00,11000,completed,False
order_R0512_0_바닐라라떼,512,2026-10-10T17:06:00,11000,completed,False
order_R0512_0_카라멜마끼아또,512,2026-01-06T23:05:00,5500,completed,False
order_R0512_0_프라푸치노,512,2026-07-29T14:01:00,5500,completed,False
order_R0512_0_말차프라페,512,2026-11-08T12:29:00,5500,completed,False
order_R0513_0_카페라떼_hot,513,2026-03-13T03:51:00,5500,completed,False
order_R0513_0_카페라떼_ice,513,2026-03-17T12:41:00,5500,completed,False
order_R0513_0_콜드브루,513,2026-09-28T17:23:00,5500,completed,False
order_R0513_1_콜드브루,513,2026-08-30T12:07:00,16500,completed,False
order_R0513_0_바닐라라떼,513,2026-10-22T03:03:00,5500,completed,False
order_R0513_0_카라멜마끼아또,513,2026-12-24T14:36:00,5500,completed,False
order_R0513_0_딸기스무디,513,2026-03-01T13:47:00,16500,completed,False
order_R0513_0_망고스무디,513,2026-06-01T12:32:00,5500,completed,False
order_R0514_0_에스프레소,514,2026-06-19T22:24:00,5500,completed,False
order_R0514_0_카페라떼_hot,514,2026-12-13T21:55:00,5500,completed,False
order_R0514_0_카페라떼_ice,514,2026-08-18T22:50:00,11000,completed,False
order_R0514_0_레몬에이드,514,2026-10-03T18:25:00,5500,completed,False
order_R0514_0_자몽에이드,514,2026-12-21T08:31:00,11000,completed,False
order_R0516_0_바닐라라떼,516,2026-12-11T06:22:00,5500,completed,False
order_R0516_0_카라멜마끼아또,516,2026-12-04T22:53:00,16500,completed,False
order_R0516_0_녹차라떼,516,2026-01-07T15:45:00,5500,completed,False
order_R0516_0_캐모마일티,516,2026-09-24T21:36:00,16500,completed,False
order_R0516_0_레몬에이드,516,2026-02-02T14:02:00,5500,completed,False
order_R0516_0_자몽에이드,516,2026-04-21T04:41:00,5500,completed,False
order_R0516_0_딸기스무디,516,2026-12-24T20:14:00,5500,completed,False
order_R0516_0_망고스무디,516,2026-04-12T09:50:00,5500,completed,False
order_R0517_0_아메리카노_hot,517,2026-04-19T03:58:00,5500,completed,False
order_R0517_0_아메리카노_ice,517,2026-08-20T06:00:00,5500,completed,False
order_R0517_0_카페라떼_hot,517,2026-09-30T22:24:00,5500,completed,False
order_R0517_0_카페라떼_ice,517,2026-06-11T20:48:00,16500,completed,False
order_R0517_0_카푸치노,517,2026-05-31T22:13:00,5500,completed,False
order_R0517_0_녹차라떼,517,2026-12-05T04:14:00,16500,completed,False
order_R0517_0_캐모마일티,517,2026-04-06T06:04:00,5500,completed,False
order_R0517_0_딸기스무디,517,2026-12-09T18:05:00,11000,completed,False
order_R0517_0_망고스무디,517,2026-09-07T06:04:00,11000,completed,False
order_R0518_0_아메리카노_hot,518,2026-11-01T15:41:00,5500,completed,False
order_R0518_0_아메리카노_ice,518,2026-02-25T10:49:00,5500,completed,False
order_R0518_0_바닐라라떼,518,2026-08-14T19:28:00,5500,completed,False
order_R0518_0_카라멜마끼아또,518,2026-08-31T20:23:00,5500,completed,False
order_R0519_0_아메리카노_hot,519,2026-11-28T15:51:00,11000,completed,False
order_R0519_0_아메리카노_ice,519,2026-01-26T14:25:00,5500,completed,False
order_R0519_0_복숭아아이스티,519,2026-11-28T12:52:00,5500,completed,False
order_R0519_0_자몽허니블랙티,519,2026-07-05T18:47:00,11000,completed,False
order_R0520_0_아메리카노_hot,520,2026-07-15T11:10:00,11000,completed,False
order_R0520_0_아메리카노_ice,520,2026-09-14T06:00:00,5500,completed,False
order_R0520_0_콜드브루라떼,520,2026-09-13T19:52:00,5500,completed,False
order_R0520_0_복숭아아이스티,520,2026-03-19T05:02:00,11000,completed,False
order_R0520_0_자몽허니블랙티,520,2026-09-23T21:40:00,5500,completed,False
order_R0521_0_아메리카노_hot,521,2026-03-18T19:39:00,5500,completed,False
order_R0521_0_아메리카노_ice,521,2026-02-23T18:03:00,5500,completed,False
order_R0521_0_레몬에이드,521,2026-11-15T23:32:00,5500,completed,False
order_R0521_0_자몽에이드,521,2026-08-09T20:40:00,5500,completed,False
order_R0522_0_에스프레소,522,2026-06-07T23:24:00,11000,completed,False
order_R0522_0_아메리카노_hot,522,2026-08-17T12:57:00,5500,completed,False
order_R0522_0_아메리카노_ice,522,2026-09-29T08:01:00,5500,completed,False
order_R0522_0_카페라떼_hot,522,2026-09-09T13:33:00,5500,completed,False
order_R0522_0_카페라떼_ice,522,2026-05-21T14:09:00,16500,completed,False
order_R0522_0_복숭아아이스티,522,2026-07-31T10:25:00,11000,completed,False
order_R0522_0_자몽허니블랙티,522,2026-10-17T16:28:00,5500,completed,False
order_R0523_0_아메리카노_hot,523,2026-09-01T09:54:00,11000,completed,False
order_R0523_0_아메리카노_ice,523,2026-09-04T21:32:00,5500,completed,False
order_R0523_0_카푸치노,523,2026-09-28T11:43:00,5500,completed,False
order_R0523_0_콜드브루,523,2026-04-08T15:53:00,11000,completed,False
order_R0523_0_바닐라라떼,523,2026-09-06T19:11:00,5500,completed,False
order_R0523_0_카라멜마끼아또,523,2026-09-08T21:06:00,11000,completed,False
order_R0524_0_아메리카노_hot,524,2026-07-05T19:05:00,5500,completed,False
order_R0524_0_아메리카노_ice,524,2026-12-15T12:03:00,5500,completed,False
order_R0524_0_카페라떼_hot,524,2026-11-15T06:27:00,11000,completed,False
order_R0524_0_카페라떼_ice,524,2026-01-09T22:30:00,11000,completed,False
order_R0524_0_바닐라라떼,524,2026-09-19T07:30:00,5500,completed,False
order_R0524_0_카라멜마끼아또,524,2026-06-26T16:28:00,5500,completed,False
order_R0524_0_녹차라떼,524,2026-01-28T13:27:00,11000,completed,False
order_R0524_0_캐모마일티,524,2026-08-04T21:52:00,5500,completed,False
order_R0524_0_딸기스무디,524,2026-10-22T19:55:00,5500,completed,False
order_R0524_0_망고스무디,524,2026-10-18T11:29:00,16500,completed,False
order_R0525_0_아메리카노_hot,525,2026-12-03T19:18:00,11000,completed,False
order_R0525_0_아메리카노_ice,525,2026-05-23T18:07:00,11000,completed,False
order_R0525_0_카페라떼_hot,525,2026-11-12T17:04:00,5500,completed,False
order_R0525_0_카페라떼_ice,525,2026-08-05T13:55:00,5500,completed,False
order_R0525_0_콜드브루라떼,525,2026-06-16T16:05:00,11000,completed,False
order_R0525_0_프라푸치노,525,2026-09-09T16:35:00,5500,completed,False
order_R0525_0_말차프라페,525,2026-05-01T08:39:00,5500,completed,False
order_R0525_0_녹차라떼,525,2026-08-28T19:23:00,5500,completed,False
order_R0525_0_캐모마일티,525,2026-04-28T05:26:00,5500,completed,False
order_R0526_0_카페라떼_hot,526,2026-01-17T05:47:00,5500,completed,False
order_R0526_0_카페라떼_ice,526,2026-07-19T22:14:00,5500,completed,False
order_R0526_0_카푸치노,526,2026-12-15T23:09:00,5500,completed,False
order_R0526_1_카푸치노,526,2026-01-21T07:50:00,11000,completed,False
order_R0526_0_바닐라라떼,526,2026-04-21T07:09:00,11000,completed,False
order_R0526_0_카라멜마끼아또,526,2026-01-27T15:36:00,5500,completed,False
order_R0527_0_아메리카노_hot,527,2026-05-15T23:03:00,5500,completed,False
order_R0527_0_아메리카노_ice,527,2026-01-05T17:43:00,5500,completed,False
order_R0527_0_카페라떼_hot,527,2026-10-04T08:27:00,16500,completed,False
order_R0527_0_카페라떼_ice,527,2026-06-27T13:20:00,5500,completed,False
order_R0527_0_복숭아아이스티,527,2026-03-28T18:08:00,5500,completed,False
order_R0527_0_자몽허니블랙티,527,2026-12-23T03:58:00,5500,completed,False
order_R0528_0_아메리카노_hot,528,2026-06-05T10:50:00,11000,completed,False
order_R0528_0_아메리카노_ice,528,2026-07-05T17:54:00,11000,completed,False
order_R0528_0_카페라떼_hot,528,2026-01-07T13:22:00,11000,completed,False
order_R0528_0_카페라떼_ice,528,2026-01-11T11:45:00,5500,completed,False
order_R0528_0_콜드브루,528,2026-07-25T20:56:00,5500,completed,False
order_R0528_1_콜드브루,528,2026-06-16T11:51:00,5500,completed,False
order_R0528_0_바닐라라떼,528,2026-05-16T12:12:00,11000,completed,False
order_R0528_0_카라멜마끼아또,528,2026-03-18T03:08:00,11000,completed,False
order_R0528_0_프라푸치노,528,2026-10-05T18:19:00,11000,completed,False
order_R0528_0_말차프라페,528,2026-11-25T18:01:00,5500,completed,False
order_R0529_0_아메리카노_hot,529,2026-07-29T21:59:00,11000,completed,False
order_R0529_0_아메리카노_ice,529,2026-12-30T18:46:00,5500,completed,False
order_R0529_0_바닐라라떼,529,2026-12-11T10:58:00,5500,completed,False
order_R0529_0_카라멜마끼아또,529,2026-01-02T18:26:00,5500,completed,False
order_R0529_0_녹차라떼,529,2026-06-18T08:56:00,5500,completed,False
order_R0529_0_캐모마일티,529,2026-02-18T23:13:00,5500,completed,False
order_R0530_0_아메리카노_hot,530,2026-11-26T12:55:00,5500,completed,False
order_R0530_0_아메리카노_ice,530,2026-08-19T07:03:00,5500,completed,False
order_R0530_0_카페라떼_hot,530,2026-01-27T02:13:00,5500,completed,False
order_R0530_0_카페라떼_ice,530,2026-11-16T11:40:00,11000,completed,False
order_R0531_0_아메리카노_hot,531,2026-03-10T17:26:00,5500,completed,False
order_R0531_0_아메리카노_ice,531,2026-01-27T00:50:00,5500,completed,False
order_R0531_0_딸기스무디,531,2026-09-22T12:53:00,5500,completed,False
order_R0531_0_망고스무디,531,2026-03-14T19:48:00,11000,completed,False
order_R0532_0_카페라떼_hot,532,2026-02-06T15:47:00,5500,completed,False
order_R0532_0_카페라떼_ice,532,2026-01-05T11:33:00,5500,completed,False
order_R0532_0_바닐라라떼,532,2026-02-03T08:08:00,11000,completed,False
order_R0532_0_카라멜마끼아또,532,2026-07-21T20:35:00,11000,completed,False
order_R0533_0_카페라떼_hot,533,2026-02-09T06:50:00,5500,completed,False
order_R0533_0_카페라떼_ice,533,2026-11-23T12:49:00,11000,completed,False
order_R0533_0_콜드브루,533,2026-05-14T22:01:00,5500,completed,False
order_R0533_0_드립커피,533,2026-11-18T18:05:00,5500,completed,False
order_R0533_0_바닐라라떼,533,2026-02-19T03:21:00,16500,completed,False
order_R0533_0_카라멜마끼아또,533,2026-02-25T20:23:00,11000,completed,False
order_R0534_0_아메리카노_hot,534,2026-07-29T15:18:00,5500,completed,False
order_R0534_0_아메리카노_ice,534,2026-01-30T20:01:00,16500,completed,False
order_R0534_0_카페라떼_hot,534,2026-10-09T22:16:00,5500,completed,False
order_R0534_0_카페라떼_ice,534,2026-10-23T10:46:00,16500,completed,False
order_R0534_0_콜드브루,534,2026-03-23T12:40:00,5500,completed,False
order_R0534_0_바닐라라떼,534,2026-01-28T00:19:00,11000,completed,False
order_R0534_0_카라멜마끼아또,534,2026-01-05T06:19:00,11000,completed,False
order_R0535_0_아메리카노_hot,535,2026-03-18T23:21:00,5500,completed,False
order_R0535_0_아메리카노_ice,535,2026-05-13T11:06:00,5500,completed,False
order_R0535_0_콜드브루,535,2026-12-21T19:47:00,16500,completed,False
order_R0535_1_콜드브루,535,2026-07-28T20:28:00,5500,completed,False
order_R0535_0_콜드브루라떼,535,2026-03-27T12:03:00,5500,completed,False
order_R0535_1_콜드브루라떼,535,2026-09-10T21:59:00,11000,completed,False
order_R0535_0_딸기스무디,535,2026-01-13T12:43:00,5500,completed,False
order_R0535_0_망고스무디,535,2026-02-03T10:44:00,16500,completed,False
order_R0536_0_바닐라라떼,536,2026-11-09T20:51:00,16500,completed,False
order_R0536_0_카라멜마끼아또,536,2026-04-11T19:28:00,11000,completed,False
order_R0536_0_프라푸치노,536,2026-07-19T16:40:00,5500,completed,False
order_R0536_0_말차프라페,536,2026-11-04T14:48:00,11000,completed,False
order_R0536_0_녹차라떼,536,2026-04-02T23:35:00,11000,completed,False
order_R0536_0_캐모마일티,536,2026-06-01T23:02:00,5500,completed,False
order_R0536_0_복숭아아이스티,536,2026-12-09T04:08:00,5500,completed,False
order_R0536_0_자몽허니블랙티,536,2026-01-10T05:55:00,11000,completed,False
order_R0536_0_레몬에이드,536,2026-12-21T16:01:00,5500,completed,False
order_R0536_0_자몽에이드,536,2026-10-05T23:42:00,5500,completed,False
order_R0537_0_아메리카노_hot,537,2026-04-23T17:43:00,5500,completed,False
order_R0537_0_아메리카노_ice,537,2026-10-06T15:25:00,5500,completed,False
order_R0537_0_드립커피,537,2026-07-02T13:25:00,11000,completed,False
order_R0537_0_딸기스무디,537,2026-12-19T15:41:00,11000,completed,False
order_R0537_0_망고스무디,537,2026-05-02T14:51:00,5500,completed,False
order_R0538_0_프라푸치노,538,2026-09-24T17:31:00,5500,completed,False
order_R0538_0_말차프라페,538,2026-10-12T19:45:00,5500,completed,False
order_R0538_0_레몬에이드,538,2026-05-18T13:04:00,5500,completed,False
order_R0538_0_자몽에이드,538,2026-07-08T12:29:00,5500,completed,False
order_R0539_0_바닐라라떼,539,2026-01-09T06:47:00,5500,completed,False
order_R0539_0_카라멜마끼아또,539,2026-08-15T07:31:00,5500,completed,False
order_R0540_0_아메리카노_hot,540,2026-09-26T11:11:00,11000,completed,False
order_R0540_0_아메리카노_ice,540,2026-01-08T16:24:00,5500,completed,False
order_R0540_0_녹차라떼,540,2026-02-14T15:07:00,5500,completed,False
order_R0540_0_캐모마일티,540,2026-12-19T18:13:00,11000,completed,False
order_R0541_0_아메리카노_hot,541,2026-08-26T07:54:00,5500,completed,False
order_R0541_0_아메리카노_ice,541,2026-02-09T12:27:00,5500,completed,False
order_R0541_0_레몬에이드,541,2026-08-24T06:21:00,5500,completed,False
order_R0541_0_자몽에이드,541,2026-11-07T14:33:00,5500,completed,False
order_R0542_0_아메리카노_hot,542,2026-10-24T19:41:00,5500,completed,False
order_R0542_0_아메리카노_ice,542,2026-10-20T22:51:00,5500,completed,False
order_R0542_0_드립커피,542,2026-07-26T04:39:00,16500,completed,False
order_R0542_0_바닐라라떼,542,2026-03-02T08:41:00,5500,completed,False
order_R0542_0_카라멜마끼아또,542,2026-10-24T03:05:00,11000,completed,False
order_R0543_0_프라푸치노,543,2026-09-07T06:49:00,5500,completed,False
order_R0543_0_말차프라페,543,2026-10-03T06:18:00,5500,completed,False
order_R0544_0_아메리카노_hot,544,2026-06-05T11:04:00,5500,completed,False
order_R0544_0_아메리카노_ice,544,2026-07-12T12:40:00,16500,completed,False
order_R0544_0_카페라떼_hot,544,2026-03-16T14:54:00,11000,completed,False
order_R0544_0_카페라떼_ice,544,2026-11-05T14:16:00,5500,completed,False
order_R0544_0_딸기스무디,544,2026-11-01T20:45:00,11000,completed,False
order_R0544_0_망고스무디,544,2026-04-10T06:04:00,11000,completed,False
order_R0545_0_아메리카노_hot,545,2026-05-23T19:32:00,11000,completed,False
order_R0545_0_아메리카노_ice,545,2026-06-11T16:48:00,5500,completed,False
order_R0545_0_카페라떼_hot,545,2026-07-12T16:39:00,5500,completed,False
order_R0545_0_카페라떼_ice,545,2026-12-04T21:30:00,11000,completed,False
order_R0545_0_바닐라라떼,545,2026-01-09T12:21:00,5500,completed,False
order_R0545_0_카라멜마끼아또,545,2026-10-15T15:24:00,5500,completed,False
order_R0546_0_아메리카노_hot,546,2026-11-19T08:14:00,11000,completed,False
order_R0546_0_아메리카노_ice,546,2026-06-23T10:18:00,5500,completed,False
order_R0546_0_바닐라라떼,546,2026-08-28T06:22:00,16500,completed,False
order_R0546_0_카라멜마끼아또,546,2026-09-11T11:35:00,5500,completed,False
order_R0546_0_복숭아아이스티,546,2026-03-22T00:56:00,5500,completed,False
order_R0546_0_자몽허니블랙티,546,2026-07-18T15:53:00,11000,completed,False
order_R0546_0_레몬에이드,546,2026-03-08T17:51:00,5500,completed,False
order_R0546_0_자몽에이드,546,2026-08-30T06:22:00,11000,completed,False
order_R0547_0_아메리카노_hot,547,2026-02-05T14:18:00,5500,completed,False
order_R0547_0_아메리카노_ice,547,2026-04-26T13:25:00,11000,completed,False
order_R0547_0_카페라떼_hot,547,2026-09-08T17:41:00,11000,completed,False
order_R0547_0_카페라떼_ice,547,2026-07-22T05:43:00,11000,completed,False
order_R0547_0_콜드브루,547,2026-10-19T16:32:00,5500,completed,False
order_R0547_0_복숭아아이스티,547,2026-12-07T23:36:00,11000,completed,False
order_R0547_0_자몽허니블랙티,547,2026-06-30T14:18:00,11000,completed,False
order_R0548_0_드립커피,548,2026-06-24T11:55:00,5500,completed,False
order_R0548_0_바닐라라떼,548,2026-04-16T09:27:00,5500,completed,False
order_R0548_0_카라멜마끼아또,548,2026-01-14T23:40:00,5500,completed,False
order_R0548_0_복숭아아이스티,548,2026-03-15T12:52:00,5500,completed,False
order_R0548_0_자몽허니블랙티,548,2026-07-10T05:43:00,5500,completed,False
order_R0549_0_바닐라라떼,549,2026-10-26T01:10:00,11000,completed,False
order_R0549_0_카라멜마끼아또,549,2026-12-19T13:07:00,11000,completed,False
order_R0549_0_복숭아아이스티,549,2026-12-08T17:01:00,5500,completed,False
order_R0549_0_자몽허니블랙티,549,2026-05-17T17:05:00,5500,completed,False
order_R0550_0_아메리카노_hot,550,2026-09-12T03:13:00,5500,completed,False
order_R0550_0_아메리카노_ice,550,2026-12-30T10:26:00,11000,completed,False
order_R0550_0_바닐라라떼,550,2026-10-12T11:14:00,5500,completed,False
order_R0550_0_카라멜마끼아또,550,2026-06-13T21:44:00,16500,completed,False
order_R0550_0_복숭아아이스티,550,2026-04-03T21:18:00,11000,completed,False
order_R0550_0_자몽허니블랙티,550,2026-05-23T10:53:00,5500,completed,False
order_R0550_0_딸기스무디,550,2026-09-12T22:52:00,16500,completed,False
order_R0550_0_망고스무디,550,2026-01-29T19:07:00,5500,completed,False
order_R0551_0_아메리카노_hot,551,2026-09-11T23:35:00,5500,completed,False
order_R0551_0_아메리카노_ice,551,2026-06-15T23:05:00,16500,completed,False
order_R0551_0_드립커피,551,2026-06-18T12:48:00,5500,completed,False
order_R0552_0_아메리카노_hot,552,2026-06-12T08:41:00,5500,completed,False
order_R0552_0_아메리카노_ice,552,2026-09-02T16:24:00,5500,completed,False
order_R0552_0_바닐라라떼,552,2026-12-07T17:15:00,16500,completed,False
order_R0552_0_카라멜마끼아또,552,2026-12-12T08:40:00,11000,completed,False
order_R0553_0_아메리카노_hot,553,2026-02-18T09:22:00,5500,completed,False
order_R0553_0_아메리카노_ice,553,2026-11-17T17:05:00,11000,completed,False
order_R0553_0_카페라떼_hot,553,2026-04-30T23:03:00,5500,completed,False
order_R0553_0_카페라떼_ice,553,2026-11-12T17:26:00,5500,completed,False
order_R0553_0_바닐라라떼,553,2026-10-28T22:52:00,11000,completed,False
order_R0553_0_카라멜마끼아또,553,2026-03-30T22:02:00,11000,completed,False
order_R0553_0_프라푸치노,553,2026-10-13T03:57:00,5500,completed,False
order_R0553_0_말차프라페,553,2026-04-18T14:39:00,11000,completed,False
order_R0554_0_카페라떼_hot,554,2026-10-27T14:23:00,5500,completed,False
order_R0554_0_카페라떼_ice,554,2026-11-15T20:21:00,5500,completed,False
order_R0554_0_콜드브루,554,2026-06-02T17:50:00,5500,completed,False
order_R0554_0_레몬에이드,554,2026-02-18T13:57:00,5500,completed,False
order_R0554_0_자몽에이드,554,2026-12-03T20:48:00,5500,completed,False
order_R0555_0_아메리카노_hot,555,2026-07-02T10:04:00,5500,completed,False
order_R0555_0_아메리카노_ice,555,2026-04-30T07:25:00,5500,completed,False
order_R0556_0_카페라떼_hot,556,2026-05-12T11:44:00,5500,completed,False
order_R0556_0_카페라떼_ice,556,2026-03-31T21:11:00,16500,completed,False
order_R0556_0_녹차라떼,556,2026-04-21T11:30:00,5500,completed,False
order_R0556_0_캐모마일티,556,2026-02-11T22:33:00,11000,completed,False
order_R0557_0_아메리카노_hot,557,2026-04-29T12:09:00,5500,completed,False
order_R0557_0_아메리카노_ice,557,2026-01-09T15:19:00,5500,completed,False
order_R0557_0_복숭아아이스티,557,2026-05-02T11:35:00,5500,completed,False
order_R0557_0_자몽허니블랙티,557,2026-12-18T21:57:00,11000,completed,False
order_R0558_0_아메리카노_hot,558,2026-11-13T07:12:00,11000,completed,False
order_R0558_0_아메리카노_ice,558,2026-10-24T21:40:00,5500,completed,False
order_R0558_0_카페라떼_hot,558,2026-05-16T11:03:00,5500,completed,False
order_R0558_0_카페라떼_ice,558,2026-09-03T17:48:00,16500,completed,False
order_R0558_0_복숭아아이스티,558,2026-08-10T17:57:00,5500,completed,False
order_R0558_0_자몽허니블랙티,558,2026-01-04T18:37:00,5500,completed,False
order_R0558_0_레몬에이드,558,2026-01-27T03:31:00,11000,completed,False
order_R0558_0_자몽에이드,558,2026-11-05T21:07:00,5500,completed,False
order_R0559_0_아메리카노_hot,559,2026-08-08T15:12:00,11000,completed,False
order_R0559_0_아메리카노_ice,559,2026-08-05T11:32:00,11000,completed,False
order_R0559_0_복숭아아이스티,559,2026-11-11T11:52:00,5500,completed,False
order_R0559_0_자몽허니블랙티,559,2026-01-14T11:51:00,5500,completed,False
order_R0560_0_아메리카노_hot,560,2026-03-14T08:28:00,5500,completed,False
order_R0560_0_아메리카노_ice,560,2026-08-16T19:38:00,16500,completed,False
order_R0560_0_카페라떼_hot,560,2026-05-19T15:42:00,5500,completed,False
order_R0560_0_카페라떼_ice,560,2026-04-08T13:34:00,16500,completed,False
order_R0560_0_드립커피,560,2026-02-26T06:43:00,5500,completed,False
order_R0560_0_바닐라라떼,560,2026-11-13T21:37:00,5500,completed,False
order_R0560_0_카라멜마끼아또,560,2026-11-20T15:15:00,5500,completed,False
order_R0560_0_복숭아아이스티,560,2026-12-25T10:46:00,5500,completed,False
order_R0560_0_자몽허니블랙티,560,2026-09-09T08:11:00,11000,completed,False
order_R0560_0_레몬에이드,560,2026-07-10T09:10:00,5500,completed,False
order_R0560_0_자몽에이드,560,2026-04-28T08:32:00,5500,completed,False
order_R0560_0_딸기스무디,560,2026-03-24T18:50:00,5500,completed,False
order_R0560_0_망고스무디,560,2026-06-29T20:51:00,11000,completed,False
order_R0561_0_아메리카노_hot,561,2026-08-24T19:45:00,11000,completed,False
order_R0561_0_아메리카노_ice,561,2026-11-23T16:09:00,11000,completed,False
order_R0561_0_콜드브루,561,2026-04-29T00:25:00,5500,completed,False
order_R0561_1_콜드브루,561,2026-07-24T20:58:00,16500,completed,False
order_R0562_0_아메리카노_hot,562,2026-08-04T09:56:00,16500,completed,False
order_R0562_0_아메리카노_ice,562,2026-12-18T17:56:00,16500,completed,False
order_R0562_0_카푸치노,562,2026-06-16T17:15:00,5500,completed,False
order_R0562_0_콜드브루,562,2026-06-12T14:10:00,5500,completed,False
order_R0562_1_콜드브루,562,2026-09-20T17:30:00,5500,completed,False
order_R0563_0_드립커피,563,2026-01-25T16:17:00,11000,completed,False
order_R0563_0_바닐라라떼,563,2026-12-31T21:58:00,11000,completed,False
order_R0563_0_카라멜마끼아또,563,2026-09-18T08:15:00,5500,completed,False
order_R0563_0_복숭아아이스티,563,2026-02-19T15:42:00,11000,completed,False
order_R0563_0_자몽허니블랙티,563,2026-05-31T01:19:00,5500,completed,False
order_R0563_0_레몬에이드,563,2026-12-26T22:27:00,5500,completed,False
order_R0563_0_자몽에이드,563,2026-07-22T11:24:00,5500,completed,False
order_R0564_0_콜드브루,564,2026-01-20T12:54:00,5500,completed,False
order_R0564_1_콜드브루,564,2026-10-22T20:33:00,11000,completed,False
order_R0564_0_바닐라라떼,564,2026-10-16T07:09:00,5500,completed,False
order_R0564_0_카라멜마끼아또,564,2026-11-23T17:16:00,11000,completed,False
order_R0564_0_녹차라떼,564,2026-05-09T11:19:00,5500,completed,False
order_R0564_0_캐모마일티,564,2026-10-09T17:46:00,5500,completed,False
order_R0565_0_아메리카노_hot,565,2026-09-04T13:22:00,5500,completed,False
order_R0565_0_아메리카노_ice,565,2026-02-23T21:15:00,16500,completed,False
order_R0566_0_아메리카노_hot,566,2026-06-12T12:21:00,5500,completed,False
order_R0566_0_아메리카노_ice,566,2026-04-23T09:41:00,5500,completed,False
order_R0566_0_카페라떼_hot,566,2026-05-16T12:37:00,5500,completed,False
order_R0566_0_카페라떼_ice,566,2026-01-07T14:25:00,16500,completed,False
order_R0566_0_레몬에이드,566,2026-02-19T22:43:00,11000,completed,False
order_R0566_0_자몽에이드,566,2026-03-14T13:48:00,11000,completed,False
order_R0566_0_딸기스무디,566,2026-11-07T14:20:00,5500,completed,False
order_R0566_0_망고스무디,566,2026-05-18T16:01:00,5500,completed,False
order_R0567_0_아메리카노_hot,567,2026-01-09T21:56:00,16500,completed,False
order_R0567_0_아메리카노_ice,567,2026-08-15T02:18:00,11000,completed,False
order_R0568_0_아메리카노_hot,568,2026-04-02T04:47:00,11000,completed,False
order_R0568_0_아메리카노_ice,568,2026-06-01T18:42:00,5500,completed,False
order_R0568_0_카페라떼_hot,568,2026-08-09T06:09:00,11000,completed,False
order_R0568_0_카페라떼_ice,568,2026-09-16T22:56:00,5500,completed,False
order_R0568_0_바닐라라떼,568,2026-03-06T14:31:00,11000,completed,False
order_R0568_0_카라멜마끼아또,568,2026-01-03T20:28:00,5500,completed,False
order_R0568_0_프라푸치노,568,2026-07-08T18:57:00,5500,completed,False
order_R0568_0_말차프라페,568,2026-08-01T22:09:00,5500,completed,False
order_R0568_0_녹차라떼,568,2026-08-13T14:16:00,5500,completed,False
order_R0568_0_캐모마일티,568,2026-09-30T18:56:00,5500,completed,False
order_R0568_0_복숭아아이스티,568,2026-01-04T14:57:00,5500,completed,False
order_R0568_0_자몽허니블랙티,568,2026-02-17T18:31:00,11000,completed,False
order_R0569_0_복숭아아이스티,569,2026-02-09T14:11:00,5500,completed,False
order_R0569_0_자몽허니블랙티,569,2026-05-28T04:33:00,11000,completed,False
order_R0569_0_레몬에이드,569,2026-09-03T23:35:00,5500,completed,False
order_R0569_0_자몽에이드,569,2026-03-07T16:20:00,11000,completed,False
order_R0570_0_아메리카노_hot,570,2026-06-26T19:07:00,11000,completed,False
order_R0570_0_아메리카노_ice,570,2026-02-18T14:38:00,5500,completed,False
order_R0570_0_바닐라라떼,570,2026-10-16T16:38:00,5500,completed,False
order_R0570_0_카라멜마끼아또,570,2026-03-22T12:30:00,5500,completed,False
order_R0570_0_프라푸치노,570,2026-09-15T07:21:00,5500,completed,False
order_R0570_0_말차프라페,570,2026-12-27T17:21:00,5500,completed,False
order_R0571_0_아메리카노_hot,571,2026-07-10T02:55:00,11000,completed,False
order_R0571_0_아메리카노_ice,571,2026-09-16T04:40:00,5500,completed,False
order_R0571_0_바닐라라떼,571,2026-07-30T11:27:00,5500,completed,False
order_R0571_0_카라멜마끼아또,571,2026-12-10T21:53:00,5500,completed,False
order_R0571_0_프라푸치노,571,2026-06-20T14:16:00,5500,completed,False
order_R0571_0_말차프라페,571,2026-03-14T13:43:00,11000,completed,False
order_R0571_0_복숭아아이스티,571,2026-07-03T02:10:00,11000,completed,False
order_R0571_0_자몽허니블랙티,571,2026-07-03T12:58:00,16500,completed,False
order_R0571_0_레몬에이드,571,2026-01-07T12:17:00,16500,completed,False
order_R0571_0_자몽에이드,571,2026-01-29T21:52:00,11000,completed,False
order_R0572_0_아메리카노_hot,572,2026-09-14T06:28:00,11000,completed,False
order_R0572_0_아메리카노_ice,572,2026-10-19T17:56:00,5500,completed,False
order_R0572_0_카페라떼_hot,572,2026-01-12T04:57:00,5500,completed,False
order_R0572_0_카페라떼_ice,572,2026-05-05T15:26:00,5500,completed,False
order_R0572_0_레몬에이드,572,2026-12-20T17:17:00,11000,completed,False
order_R0572_0_자몽에이드,572,2026-06-23T20:58:00,5500,completed,False
order_R0573_0_아메리카노_hot,573,2026-04-27T21:03:00,5500,completed,False
order_R0573_0_아메리카노_ice,573,2026-12-17T20:17:00,5500,completed,False
order_R0573_0_프라푸치노,573,2026-04-07T10:25:00,5500,completed,False
order_R0573_0_말차프라페,573,2026-01-10T08:30:00,5500,completed,False
order_R0574_0_카페라떼_hot,574,2026-12-25T13:46:00,16500,completed,False
order_R0574_0_카페라떼_ice,574,2026-08-06T13:38:00,5500,completed,False
order_R0574_0_프라푸치노,574,2026-01-14T17:59:00,11000,completed,False
order_R0574_0_말차프라페,574,2026-07-19T07:35:00,5500,completed,False
order_R0574_0_복숭아아이스티,574,2026-07-07T13:55:00,5500,completed,False
order_R0574_0_자몽허니블랙티,574,2026-11-12T15:16:00,5500,completed,False
order_R0575_0_아메리카노_hot,575,2026-02-06T15:23:00,11000,completed,False
order_R0575_0_아메리카노_ice,575,2026-04-06T23:46:00,5500,completed,False
order_R0575_0_바닐라라떼,575,2026-09-23T22:59:00,5500,completed,False
order_R0575_0_카라멜마끼아또,575,2026-08-22T15:19:00,5500,completed,False
order_R0575_0_프라푸치노,575,2026-03-03T20:30:00,5500,completed,False
order_R0575_0_말차프라페,575,2026-08-16T19:09:00,11000,completed,False
order_R0576_0_에스프레소,576,2026-06-25T11:17:00,5500,completed,False
order_R0576_0_아메리카노_hot,576,2026-02-24T21:52:00,5500,completed,False
order_R0576_0_아메리카노_ice,576,2026-12-31T16:35:00,11000,completed,False
order_R0576_0_카페라떼_hot,576,2026-09-05T14:38:00,11000,completed,False
order_R0576_0_카페라떼_ice,576,2026-11-23T12:00:00,5500,completed,False
order_R0576_0_카푸치노,576,2026-02-05T05:03:00,5500,completed,False
order_R0576_0_콜드브루라떼,576,2026-04-12T13:17:00,5500,completed,False
order_R0576_0_바닐라라떼,576,2026-01-21T05:38:00,5500,completed,False
order_R0576_0_카라멜마끼아또,576,2026-05-09T19:53:00,5500,completed,False
order_R0576_0_녹차라떼,576,2026-06-19T09:38:00,5500,completed,False
order_R0576_0_캐모마일티,576,2026-06-26T05:24:00,5500,completed,False
order_R0577_0_아메리카노_hot,577,2026-03-12T20:12:00,5500,completed,False
order_R0577_0_아메리카노_ice,577,2026-09-06T22:21:00,5500,completed,False
order_R0577_0_바닐라라떼,577,2026-12-30T01:17:00,5500,completed,False
order_R0577_0_카라멜마끼아또,577,2026-12-20T08:49:00,5500,completed,False
order_R0578_0_아메리카노_hot,578,2026-12-31T13:56:00,11000,completed,False
order_R0578_0_아메리카노_ice,578,2026-12-02T12:16:00,5500,completed,False
order_R0578_0_바닐라라떼,578,2026-01-12T10:36:00,11000,completed,False
order_R0578_0_카라멜마끼아또,578,2026-04-04T13:56:00,11000,completed,False
order_R0578_0_딸기스무디,578,2026-10-08T22:23:00,5500,completed,False
order_R0578_0_망고스무디,578,2026-02-15T14:32:00,11000,completed,False
order_R0579_0_아메리카노_hot,579,2026-02-23T11:39:00,5500,completed,False
order_R0579_0_아메리카노_ice,579,2026-01-03T17:02:00,16500,completed,False
order_R0579_0_카페라떼_hot,579,2026-05-19T20:20:00,5500,completed,False
order_R0579_0_카페라떼_ice,579,2026-05-17T09:51:00,5500,completed,False
order_R0580_0_카페라떼_hot,580,2026-02-07T11:00:00,5500,completed,False
order_R0580_0_카페라떼_ice,580,2026-11-26T02:24:00,5500,completed,False
order_R0580_0_바닐라라떼,580,2026-12-15T04:12:00,16500,completed,False
order_R0580_0_카라멜마끼아또,580,2026-01-03T12:27:00,5500,completed,False
order_R0580_0_프라푸치노,580,2026-11-15T03:18:00,5500,completed,False
order_R0580_0_말차프라페,580,2026-04-04T12:19:00,11000,completed,False
order_R0581_0_아메리카노_hot,581,2026-12-06T21:36:00,5500,completed,False
order_R0581_0_아메리카노_ice,581,2026-07-17T02:23:00,5500,completed,False
order_R0582_0_카페라떼_hot,582,2026-12-24T22:41:00,16500,completed,False
order_R0582_0_카페라떼_ice,582,2026-07-04T07:09:00,11000,completed,False
order_R0582_0_바닐라라떼,582,2026-06-11T08:03:00,5500,completed,False
order_R0582_0_카라멜마끼아또,582,2026-04-01T08:50:00,5500,completed,False
order_R0583_0_아메리카노_hot,583,2026-12-29T18:48:00,11000,completed,False
order_R0583_0_아메리카노_ice,583,2026-01-25T21:56:00,5500,completed,False
order_R0583_0_바닐라라떼,583,2026-11-26T11:30:00,5500,completed,False
order_R0583_0_카라멜마끼아또,583,2026-11-25T06:43:00,5500,completed,False
order_R0583_0_녹차라떼,583,2026-07-28T15:09:00,11000,completed,False
order_R0583_0_캐모마일티,583,2026-01-05T10:17:00,11000,completed,False
order_R0583_0_복숭아아이스티,583,2026-06-25T13:04:00,5500,completed,False
order_R0583_0_자몽허니블랙티,583,2026-08-10T18:14:00,16500,completed,False
order_R0584_0_아메리카노_hot,584,2026-03-15T23:19:00,11000,completed,False
order_R0584_0_아메리카노_ice,584,2026-06-29T21:43:00,5500,completed,False
order_R0584_0_카페라떼_hot,584,2026-06-01T20:25:00,5500,completed,False
order_R0584_0_카페라떼_ice,584,2026-01-21T17:06:00,11000,completed,False
order_R0584_0_드립커피,584,2026-08-20T21:56:00,11000,completed,False
order_R0584_0_녹차라떼,584,2026-07-21T06:49:00,11000,completed,False
order_R0584_0_캐모마일티,584,2026-09-21T04:49:00,5500,completed,False
order_R0585_0_녹차라떼,585,2026-10-15T22:09:00,16500,completed,False
order_R0585_0_캐모마일티,585,2026-05-04T22:41:00,5500,completed,False
order_R0585_0_딸기스무디,585,2026-02-19T20:35:00,5500,completed,False
order_R0585_0_망고스무디,585,2026-07-18T22:39:00,11000,completed,False
order_R0586_0_바닐라라떼,586,2026-07-03T09:52:00,5500,completed,False
order_R0586_0_카라멜마끼아또,586,2026-05-05T12:15:00,5500,completed,False
order_R0586_0_녹차라떼,586,2026-12-07T16:25:00,5500,completed,False
order_R0586_0_캐모마일티,586,2026-03-31T11:00:00,11000,completed,False
order_R0587_0_아메리카노_hot,587,2026-08-20T15:24:00,5500,completed,False
order_R0587_0_아메리카노_ice,587,2026-04-29T18:59:00,5500,completed,False
order_R0587_0_카푸치노,587,2026-07-12T22:26:00,5500,completed,False
order_R0587_0_콜드브루라떼,587,2026-12-16T05:25:00,11000,completed,False
order_R0587_0_복숭아아이스티,587,2026-07-25T03:14:00,5500,completed,False
order_R0587_0_자몽허니블랙티,587,2026-07-11T16:33:00,5500,completed,False
order_R0588_0_카페라떼_hot,588,2026-03-11T02:47:00,5500,completed,False
order_R0588_0_카페라떼_ice,588,2026-12-24T16:38:00,5500,completed,False
order_R0588_0_바닐라라떼,588,2026-07-29T09:16:00,11000,completed,False
order_R0588_0_카라멜마끼아또,588,2026-07-18T12:27:00,5500,completed,False
order_R0588_0_프라푸치노,588,2026-11-03T21:02:00,5500,completed,False
order_R0588_0_말차프라페,588,2026-12-07T13:09:00,5500,completed,False
order_R0588_0_복숭아아이스티,588,2026-03-15T06:06:00,5500,completed,False
order_R0588_0_자몽허니블랙티,588,2026-08-16T17:41:00,5500,completed,False
order_R0588_0_레몬에이드,588,2026-04-03T20:09:00,5500,completed,False
order_R0588_0_자몽에이드,588,2026-03-13T06:44:00,5500,completed,False
order_R0589_0_아메리카노_hot,589,2026-11-05T12:09:00,5500,completed,False
order_R0589_0_아메리카노_ice,589,2026-04-03T15:40:00,16500,completed,False
order_R0589_0_바닐라라떼,589,2026-03-16T09:34:00,16500,completed,False
order_R0589_0_카라멜마끼아또,589,2026-07-05T12:09:00,5500,completed,False
order_R0589_0_레몬에이드,589,2026-12-27T07:51:00,5500,completed,False
order_R0589_0_자몽에이드,589,2026-11-23T01:39:00,11000,completed,False
order_R0590_0_아메리카노_hot,590,2026-12-15T12:06:00,11000,completed,False
order_R0590_0_아메리카노_ice,590,2026-01-06T15:51:00,11000,completed,False
order_R0590_0_카페라떼_hot,590,2026-11-19T11:57:00,5500,completed,False
order_R0590_0_카페라떼_ice,590,2026-10-03T17:25:00,11000,completed,False
order_R0590_0_바닐라라떼,590,2026-02-09T16:50:00,5500,completed,False
order_R0590_0_카라멜마끼아또,590,2026-11-13T23:58:00,16500,completed,False
order_R0591_0_아메리카노_hot,591,2026-01-04T16:16:00,16500,completed,False
order_R0591_0_아메리카노_ice,591,2026-10-11T17:58:00,11000,completed,False
order_R0591_0_복숭아아이스티,591,2026-07-03T15:09:00,5500,completed,False
order_R0591_0_자몽허니블랙티,591,2026-08-05T13:32:00,11000,completed,False
order_R0592_0_아메리카노_hot,592,2026-10-21T13:30:00,5500,completed,False
order_R0592_0_아메리카노_ice,592,2026-05-10T02:19:00,11000,completed,False
order_R0592_0_카페라떼_hot,592,2026-11-25T16:14:00,11000,completed,False
order_R0592_0_카페라떼_ice,592,2026-10-11T14:15:00,5500,completed,False
order_R0592_0_바닐라라떼,592,2026-09-07T22:10:00,11000,completed,False
order_R0592_0_카라멜마끼아또,592,2026-11-25T21:58:00,5500,completed,False
order_R0593_0_아메리카노_hot,593,2026-11-03T11:33:00,5500,completed,False
order_R0593_0_아메리카노_ice,593,2026-12-06T16:40:00,5500,completed,False
order_R0593_0_복숭아아이스티,593,2026-04-30T11:38:00,11000,completed,False
order_R0593_0_자몽허니블랙티,593,2026-03-13T16:51:00,11000,completed,False
order_R0594_0_아메리카노_hot,594,2026-10-17T08:32:00,5500,completed,False
order_R0594_0_아메리카노_ice,594,2026-05-04T04:54:00,5500,completed,False
order_R0594_0_카페라떼_hot,594,2026-07-06T22:59:00,5500,completed,False
order_R0594_0_카페라떼_ice,594,2026-02-14T16:12:00,11000,completed,False
order_R0594_0_바닐라라떼,594,2026-05-20T19:57:00,5500,completed,False
order_R0594_0_카라멜마끼아또,594,2026-05-05T07:22:00,5500,completed,False
order_R0594_0_딸기스무디,594,2026-05-12T12:33:00,5500,completed,False
order_R0594_0_망고스무디,594,2026-10-12T23:44:00,5500,completed,False
order_R0595_0_카페라떼_hot,595,2026-07-04T10:58:00,5500,completed,False
order_R0595_0_카페라떼_ice,595,2026-01-19T11:52:00,5500,completed,False
order_R0595_0_콜드브루,595,2026-05-06T00:17:00,5500,completed,False
order_R0595_0_복숭아아이스티,595,2026-07-11T21:39:00,5500,completed,False
order_R0595_0_자몽허니블랙티,595,2026-08-09T13:33:00,11000,completed,False
order_R0595_0_딸기스무디,595,2026-07-25T12:24:00,5500,completed,False
order_R0595_0_망고스무디,595,2026-06-20T00:24:00,5500,completed,False
order_R0596_0_아메리카노_hot,596,2026-12-02T18:17:00,5500,completed,False
order_R0596_0_아메리카노_ice,596,2026-09-15T13:05:00,5500,completed,False
order_R0596_0_카페라떼_hot,596,2026-12-02T18:33:00,11000,completed,False
order_R0596_0_카페라떼_ice,596,2026-08-27T22:38:00,5500,completed,False
order_R0596_0_바닐라라떼,596,2026-01-07T22:51:00,11000,completed,False
order_R0596_0_카라멜마끼아또,596,2026-11-28T10:26:00,5500,completed,False
order_R0597_0_아메리카노_hot,597,2026-12-28T13:50:00,5500,completed,False
order_R0597_0_아메리카노_ice,597,2026-07-23T19:02:00,5500,completed,False
order_R0597_0_콜드브루,597,2026-07-08T10:47:00,5500,completed,False
order_R0597_0_레몬에이드,597,2026-03-04T21:06:00,11000,completed,False
order_R0597_0_자몽에이드,597,2026-09-29T04:56:00,5500,completed,False
order_R0598_0_아메리카노_hot,598,2026-08-01T22:43:00,5500,completed,False
order_R0598_0_아메리카노_ice,598,2026-04-23T18:27:00,5500,completed,False
order_R0598_0_카페라떼_hot,598,2026-06-29T11:30:00,5500,completed,False
order_R0598_0_카페라떼_ice,598,2026-08-03T23:56:00,5500,completed,False
order_R0598_0_카푸치노,598,2026-02-03T21:09:00,5500,completed,False
order_R0598_0_콜드브루,598,2026-11-04T23:19:00,11000,completed,False
order_R0599_0_아메리카노_hot,599,2026-10-15T04:49:00,5500,completed,False
order_R0599_0_아메리카노_ice,599,2026-06-15T13:00:00,5500,completed,False
order_R0599_0_바닐라라떼,599,2026-05-11T20:16:00,5500,completed,False
order_R0599_0_카라멜마끼아또,599,2026-10-07T22:55:00,16500,completed,False
order_R0599_0_복숭아아이스티,599,2026-01-17T18:57:00,5500,completed,False
order_R0599_0_자몽허니블랙티,599,2026-01-04T15:52:00,5500,completed,False
order_R0600_0_카페라떼_hot,600,2026-01-22T08:14:00,11000,completed,False
order_R0600_0_카페라떼_ice,600,2026-03-15T10:39:00,5500,completed,False
order_R0600_0_복숭아아이스티,600,2026-04-21T15:04:00,11000,completed,False
order_R0600_0_자몽허니블랙티,600,2026-06-12T21:20:00,5500,completed,False
order_R0600_0_레몬에이드,600,2026-06-27T17:18:00,11000,completed,False
order_R0600_0_자몽에이드,600,2026-07-03T22:43:00,5500,completed,False
order_R0601_0_복숭아아이스티,601,2026-12-15T13:40:00,5500,completed,False
order_R0601_0_자몽허니블랙티,601,2026-01-06T06:43:00,5500,completed,False
order_R0602_0_카푸치노,602,2026-07-03T10:18:00,11000,completed,False
order_R0602_1_카푸치노,602,2026-01-19T23:40:00,11000,completed,False
order_R0602_0_복숭아아이스티,602,2026-04-12T06:30:00,5500,completed,False
order_R0602_0_자몽허니블랙티,602,2026-03-28T13:07:00,5500,completed,False
order_R0603_0_아메리카노_hot,603,2026-04-13T21:13:00,5500,completed,False
order_R0603_0_아메리카노_ice,603,2026-09-20T18:25:00,5500,completed,False
order_R0603_0_복숭아아이스티,603,2026-07-18T12:28:00,5500,completed,False
order_R0603_0_자몽허니블랙티,603,2026-05-14T06:57:00,5500,completed,False
order_R0604_0_에스프레소,604,2026-10-17T11:31:00,5500,completed,False
order_R0604_0_아메리카노_hot,604,2026-04-09T12:25:00,5500,completed,False
order_R0604_0_아메리카노_ice,604,2026-05-20T16:48:00,5500,completed,False
order_R0604_0_카페라떼_hot,604,2026-10-15T17:50:00,16500,completed,False
order_R0604_0_카페라떼_ice,604,2026-01-28T09:29:00,5500,completed,False
order_R0604_0_프라푸치노,604,2026-10-05T18:11:00,5500,completed,False
order_R0604_0_말차프라페,604,2026-01-18T01:25:00,11000,completed,False
order_R0604_0_레몬에이드,604,2026-05-12T18:14:00,5500,completed,False
order_R0604_0_자몽에이드,604,2026-11-14T20:05:00,11000,completed,False
order_R0605_0_아메리카노_hot,605,2026-11-27T08:20:00,5500,completed,False
order_R0605_0_아메리카노_ice,605,2026-09-03T21:01:00,5500,completed,False
order_R0605_0_콜드브루,605,2026-03-29T08:56:00,16500,completed,False
order_R0605_1_콜드브루,605,2026-04-28T11:59:00,11000,completed,False
order_R0605_0_콜드브루라떼,605,2026-05-03T07:52:00,11000,completed,False
order_R0605_1_콜드브루라떼,605,2026-01-31T13:38:00,5500,completed,False
order_R0606_0_아메리카노_hot,606,2026-09-24T12:51:00,5500,completed,False
order_R0606_0_아메리카노_ice,606,2026-11-11T21:27:00,5500,completed,False
order_R0606_0_카푸치노,606,2026-07-13T21:30:00,11000,completed,False
order_R0606_1_카푸치노,606,2026-01-21T06:54:00,5500,completed,False
order_R0607_0_아메리카노_hot,607,2026-06-19T09:57:00,5500,completed,False
order_R0607_0_아메리카노_ice,607,2026-12-12T13:11:00,5500,completed,False
order_R0607_0_바닐라라떼,607,2026-10-19T13:13:00,5500,completed,False
order_R0607_0_카라멜마끼아또,607,2026-10-14T13:25:00,5500,completed,False
order_R0608_0_아메리카노_hot,608,2026-06-18T05:02:00,5500,completed,False
order_R0608_0_아메리카노_ice,608,2026-10-28T12:13:00,11000,completed,False
order_R0608_0_레몬에이드,608,2026-09-29T21:21:00,5500,completed,False
order_R0608_0_자몽에이드,608,2026-03-10T11:42:00,11000,completed,False
order_R0609_0_아메리카노_hot,609,2026-01-22T02:41:00,11000,completed,False
order_R0609_0_아메리카노_ice,609,2026-04-12T22:08:00,5500,completed,False
order_R0610_0_카페라떼_hot,610,2026-04-24T13:44:00,11000,completed,False
order_R0610_0_카페라떼_ice,610,2026-04-06T18:12:00,5500,completed,False
order_R0610_0_바닐라라떼,610,2026-09-01T16:59:00,5500,completed,False
order_R0610_0_카라멜마끼아또,610,2026-05-13T17:20:00,16500,completed,False
order_R0610_0_레몬에이드,610,2026-09-26T19:46:00,5500,completed,False
order_R0610_0_자몽에이드,610,2026-05-01T11:06:00,5500,completed,False
order_R0611_0_카푸치노,611,2026-01-12T07:40:00,5500,completed,False
order_R0611_0_복숭아아이스티,611,2026-07-30T08:05:00,5500,completed,False
order_R0611_0_자몽허니블랙티,611,2026-08-31T16:54:00,5500,completed,False
order_R0611_0_레몬에이드,611,2026-03-29T11:23:00,16500,completed,False
order_R0611_0_자몽에이드,611,2026-02-17T12:51:00,5500,completed,False
order_R0611_0_딸기스무디,611,2026-08-15T10:35:00,11000,completed,False
order_R0611_0_망고스무디,611,2026-11-11T08:57:00,11000,completed,False
order_R0612_0_아메리카노_hot,612,2026-10-22T08:19:00,5500,completed,False
order_R0612_0_아메리카노_ice,612,2026-08-10T14:41:00,5500,completed,False
order_R0613_0_카푸치노,613,2026-01-08T11:50:00,16500,completed,False
order_R0613_1_카푸치노,613,2026-07-22T02:15:00,5500,completed,False
order_R0613_2_카푸치노,613,2026-01-04T21:19:00,5500,completed,False
order_R0613_3_카푸치노,613,2026-09-18T06:50:00,11000,completed,False
order_R0613_4_카푸치노,613,2026-10-11T11:54:00,16500,completed,False
order_R0614_0_카페라떼_hot,614,2026-07-07T13:54:00,16500,completed,False
order_R0614_0_카페라떼_ice,614,2026-05-14T09:08:00,11000,completed,False
order_R0614_0_바닐라라떼,614,2026-01-29T02:13:00,5500,completed,False
order_R0614_0_카라멜마끼아또,614,2026-01-26T18:11:00,5500,completed,False
order_R0614_0_딸기스무디,614,2026-01-03T09:21:00,5500,completed,False
order_R0614_0_망고스무디,614,2026-02-05T05:06:00,16500,completed,False
order_R0615_0_아메리카노_hot,615,2026-05-09T12:30:00,5500,completed,False
order_R0615_0_아메리카노_ice,615,2026-07-25T07:17:00,11000,completed,False
order_R0615_0_레몬에이드,615,2026-09-06T12:10:00,5500,completed,False
order_R0615_0_자몽에이드,615,2026-11-06T10:21:00,11000,completed,False
order_R0616_0_아메리카노_hot,616,2026-01-04T13:46:00,11000,completed,False
order_R0616_0_아메리카노_ice,616,2026-10-07T23:47:00,11000,completed,False
order_R0616_0_카페라떼_hot,616,2026-02-21T23:09:00,11000,completed,False
order_R0616_0_카페라떼_ice,616,2026-03-18T07:28:00,5500,completed,False
order_R0616_0_카푸치노,616,2026-10-10T16:29:00,11000,completed,False
order_R0616_0_바닐라라떼,616,2026-02-11T10:47:00,5500,completed,False
order_R0616_0_카라멜마끼아또,616,2026-06-12T23:13:00,5500,completed,False
order_R0617_0_드립커피,617,2026-12-18T11:41:00,11000,completed,False
order_R0617_0_레몬에이드,617,2026-10-01T07:08:00,11000,completed,False
order_R0617_0_자몽에이드,617,2026-08-13T18:02:00,11000,completed,False
order_R0618_0_아메리카노_hot,618,2026-06-29T19:29:00,5500,completed,False
order_R0618_0_아메리카노_ice,618,2026-08-09T05:17:00,5500,completed,False
order_R0618_0_카페라떼_hot,618,2026-12-21T15:19:00,5500,completed,False
order_R0618_0_카페라떼_ice,618,2026-03-12T14:50:00,16500,completed,False
order_R0618_0_카푸치노,618,2026-12-01T09:08:00,11000,completed,False
order_R0618_1_카푸치노,618,2026-07-22T10:11:00,11000,completed,False
order_R0618_0_콜드브루,618,2026-03-03T03:14:00,11000,completed,False
order_R0618_0_바닐라라떼,618,2026-04-01T13:19:00,5500,completed,False
order_R0618_0_카라멜마끼아또,618,2026-11-02T13:21:00,11000,completed,False
order_R0618_0_레몬에이드,618,2026-08-01T12:52:00,11000,completed,False
order_R0618_0_자몽에이드,618,2026-03-08T20:20:00,5500,completed,False
order_R0619_0_아메리카노_hot,619,2026-10-05T11:40:00,5500,completed,False
order_R0619_0_아메리카노_ice,619,2026-12-03T20:44:00,5500,completed,False
order_R0619_0_바닐라라떼,619,2026-03-09T13:24:00,5500,completed,False
order_R0619_0_카라멜마끼아또,619,2026-06-02T18:02:00,16500,completed,False
order_R0619_0_녹차라떼,619,2026-12-18T20:03:00,5500,completed,False
order_R0619_0_캐모마일티,619,2026-04-29T19:43:00,11000,completed,False
order_R0620_0_에스프레소,620,2026-08-18T01:17:00,11000,completed,False
order_R0620_1_에스프레소,620,2026-02-09T16:47:00,5500,completed,False
order_R0620_0_아메리카노_hot,620,2026-01-18T08:26:00,5500,completed,False
order_R0620_0_아메리카노_ice,620,2026-09-30T22:18:00,16500,completed,False
order_R0620_0_콜드브루,620,2026-11-16T18:28:00,11000,completed,False
order_R0621_0_에스프레소,621,2026-04-19T10:42:00,5500,completed,False
order_R0621_0_콜드브루,621,2026-08-09T07:52:00,5500,completed,False
order_R0621_1_콜드브루,621,2026-02-16T13:44:00,11000,completed,False
order_R0621_2_콜드브루,621,2026-07-23T06:36:00,5500,completed,False
order_R0621_3_콜드브루,621,2026-10-10T11:52:00,5500,completed,False
order_R0621_0_프라푸치노,621,2026-03-26T12:56:00,5500,completed,False
order_R0621_0_말차프라페,621,2026-02-22T10:35:00,11000,completed,False
order_R0621_0_복숭아아이스티,621,2026-12-14T21:02:00,5500,completed,False
order_R0621_0_자몽허니블랙티,621,2026-04-20T07:50:00,11000,completed,False
order_R0622_0_아메리카노_hot,622,2026-07-23T21:59:00,11000,completed,False
order_R0622_0_아메리카노_ice,622,2026-11-08T08:42:00,5500,completed,False
order_R0622_0_카페라떼_hot,622,2026-12-21T13:12:00,5500,completed,False
order_R0622_0_카페라떼_ice,622,2026-03-29T08:46:00,5500,completed,False
order_R0622_0_콜드브루,622,2026-10-29T06:18:00,5500,completed,False
order_R0622_1_콜드브루,622,2026-08-18T11:59:00,5500,completed,False
order_R0622_0_콜드브루라떼,622,2026-06-05T11:54:00,16500,completed,False
order_R0622_1_콜드브루라떼,622,2026-08-24T18:44:00,16500,completed,False
order_R0623_0_아메리카노_hot,623,2026-11-21T14:27:00,11000,completed,False
order_R0623_0_아메리카노_ice,623,2026-08-05T23:12:00,11000,completed,False
order_R0623_0_카페라떼_hot,623,2026-06-29T21:42:00,11000,completed,False
order_R0623_0_카페라떼_ice,623,2026-07-19T22:20:00,5500,completed,False
order_R0623_0_녹차라떼,623,2026-07-03T16:01:00,11000,completed,False
order_R0623_0_캐모마일티,623,2026-07-17T12:39:00,11000,completed,False
order_R0623_0_딸기스무디,623,2026-11-10T07:09:00,5500,completed,False
order_R0623_0_망고스무디,623,2026-06-12T17:07:00,16500,completed,False
order_R0624_0_아메리카노_hot,624,2026-03-31T16:08:00,11000,completed,False
order_R0624_0_아메리카노_ice,624,2026-05-13T07:29:00,5500,completed,False
order_R0624_0_카페라떼_hot,624,2026-10-29T20:56:00,5500,completed,False
order_R0624_0_카페라떼_ice,624,2026-04-22T18:27:00,5500,completed,False
order_R0624_0_드립커피,624,2026-01-21T05:08:00,5500,completed,False
order_R0624_0_프라푸치노,624,2026-10-30T15:48:00,11000,completed,False
order_R0624_0_말차프라페,624,2026-11-19T14:29:00,16500,completed,False
order_R0625_0_아메리카노_hot,625,2026-11-09T13:35:00,11000,completed,False
order_R0625_0_아메리카노_ice,625,2026-06-05T16:35:00,11000,completed,False
order_R0625_0_프라푸치노,625,2026-05-03T23:37:00,5500,completed,False
order_R0625_0_말차프라페,625,2026-12-24T15:07:00,5500,completed,False
order_R0626_0_아메리카노_hot,626,2026-09-02T09:57:00,5500,completed,False
order_R0626_0_아메리카노_ice,626,2026-03-19T14:45:00,11000,completed,False
order_R0626_0_콜드브루라떼,626,2026-03-07T21:52:00,5500,completed,False
order_R0626_0_레몬에이드,626,2026-04-02T10:35:00,11000,completed,False
order_R0626_0_자몽에이드,626,2026-04-03T01:21:00,11000,completed,False
order_R0626_0_딸기스무디,626,2026-12-21T06:55:00,11000,completed,False
order_R0626_0_망고스무디,626,2026-02-22T05:09:00,5500,completed,False
order_R0627_0_아메리카노_hot,627,2026-10-23T02:57:00,5500,completed,False
order_R0627_0_아메리카노_ice,627,2026-12-30T12:14:00,5500,completed,False
order_R0627_0_카페라떼_hot,627,2026-07-03T05:43:00,5500,completed,False
order_R0627_0_카페라떼_ice,627,2026-11-23T17:25:00,11000,completed,False
order_R0628_0_아메리카노_hot,628,2026-12-18T21:47:00,5500,completed,False
order_R0628_0_아메리카노_ice,628,2026-08-10T21:20:00,5500,completed,False
order_R0629_0_레몬에이드,629,2026-12-19T14:40:00,5500,completed,False
order_R0629_0_자몽에이드,629,2026-06-21T19:20:00,5500,completed,False
order_R0630_0_아메리카노_hot,630,2026-03-11T18:13:00,5500,completed,False
order_R0630_0_아메리카노_ice,630,2026-12-20T11:24:00,5500,completed,False
order_R0630_0_카페라떼_hot,630,2026-07-13T21:54:00,11000,completed,False
order_R0630_0_카페라떼_ice,630,2026-08-23T14:33:00,5500,completed,False
order_R0630_0_콜드브루,630,2026-07-02T06:58:00,11000,completed,False
order_R0630_0_프라푸치노,630,2026-12-08T09:57:00,5500,completed,False
order_R0630_0_말차프라페,630,2026-02-16T13:47:00,5500,completed,False
order_R0630_0_녹차라떼,630,2026-10-06T19:36:00,5500,completed,False
order_R0630_0_캐모마일티,630,2026-01-18T04:38:00,5500,completed,False
order_R0630_0_복숭아아이스티,630,2026-06-02T08:45:00,5500,completed,False
order_R0630_0_자몽허니블랙티,630,2026-11-23T13:29:00,11000,completed,False
order_R0631_0_아메리카노_hot,631,2026-12-14T22:54:00,5500,completed,False
order_R0631_0_아메리카노_ice,631,2026-02-21T19:40:00,5500,completed,False
order_R0631_0_카페라떼_hot,631,2026-01-21T17:09:00,5500,completed,False
order_R0631_0_카페라떼_ice,631,2026-09-08T06:11:00,5500,completed,False
order_R0631_0_바닐라라떼,631,2026-07-20T07:04:00,5500,completed,False
order_R0631_0_카라멜마끼아또,631,2026-12-26T06:56:00,11000,completed,False
order_R0631_0_복숭아아이스티,631,2026-06-19T10:34:00,5500,completed,False
order_R0631_0_자몽허니블랙티,631,2026-11-18T01:16:00,5500,completed,False
order_R0631_0_딸기스무디,631,2026-10-19T15:20:00,5500,completed,False
order_R0631_0_망고스무디,631,2026-06-26T20:42:00,5500,completed,False
order_R0632_0_아메리카노_hot,632,2026-04-19T18:39:00,11000,completed,False
order_R0632_0_아메리카노_ice,632,2026-03-26T03:25:00,11000,completed,False
order_R0632_0_복숭아아이스티,632,2026-06-15T14:25:00,11000,completed,False
order_R0632_0_자몽허니블랙티,632,2026-11-09T23:10:00,11000,completed,False
order_R0633_0_아메리카노_hot,633,2026-02-26T21:23:00,5500,completed,False
order_R0633_0_아메리카노_ice,633,2026-04-17T19:48:00,5500,completed,False
order_R0633_0_카페라떼_hot,633,2026-11-21T04:57:00,16500,completed,False
order_R0633_0_카페라떼_ice,633,2026-02-12T07:16:00,11000,completed,False
order_R0634_0_아메리카노_hot,634,2026-12-28T10:39:00,5500,completed,False
order_R0634_0_아메리카노_ice,634,2026-11-19T13:21:00,11000,completed,False
order_R0634_0_카푸치노,634,2026-04-27T18:50:00,5500,completed,False
order_R0634_1_카푸치노,634,2026-03-13T14:46:00,5500,completed,False
order_R0635_0_카페라떼_hot,635,2026-03-27T12:19:00,5500,completed,False
order_R0635_0_카페라떼_ice,635,2026-04-13T18:59:00,11000,completed,False
order_R0635_0_바닐라라떼,635,2026-03-03T18:27:00,11000,completed,False
order_R0635_0_카라멜마끼아또,635,2026-03-19T13:06:00,5500,completed,False
order_R0635_0_레몬에이드,635,2026-09-07T02:05:00,5500,completed,False
order_R0635_0_자몽에이드,635,2026-05-05T12:27:00,5500,completed,False
order_R0636_0_아메리카노_hot,636,2026-12-09T11:34:00,5500,completed,False
order_R0636_0_아메리카노_ice,636,2026-04-10T15:55:00,11000,completed,False
order_R0636_0_카푸치노,636,2026-10-08T13:23:00,11000,completed,False
order_R0636_1_카푸치노,636,2026-03-15T23:33:00,11000,completed,False
order_R0636_0_바닐라라떼,636,2026-07-27T12:39:00,11000,completed,False
order_R0636_0_카라멜마끼아또,636,2026-01-08T17:51:00,5500,completed,False
order_R0637_0_바닐라라떼,637,2026-08-06T01:18:00,5500,completed,False
order_R0637_0_카라멜마끼아또,637,2026-12-03T11:19:00,11000,completed,False
order_R0637_0_레몬에이드,637,2026-05-21T13:10:00,5500,completed,False
order_R0637_0_자몽에이드,637,2026-03-14T08:11:00,5500,completed,False
order_R0638_0_아메리카노_hot,638,2026-07-14T08:49:00,5500,completed,False
order_R0638_0_아메리카노_ice,638,2026-06-18T11:57:00,11000,completed,False
order_R0638_0_카페라떼_hot,638,2026-07-23T11:12:00,5500,completed,False
order_R0638_0_카페라떼_ice,638,2026-08-28T01:21:00,11000,completed,False
order_R0639_0_카페라떼_hot,639,2026-08-07T23:36:00,16500,completed,False
order_R0639_0_카페라떼_ice,639,2026-04-21T15:14:00,5500,completed,False
order_R0639_0_녹차라떼,639,2026-01-02T09:17:00,5500,completed,False
order_R0639_0_캐모마일티,639,2026-06-24T15:29:00,5500,completed,False
order_R0639_0_딸기스무디,639,2026-06-04T00:30:00,5500,completed,False
order_R0639_0_망고스무디,639,2026-07-05T20:20:00,5500,completed,False
order_R0640_0_아메리카노_hot,640,2026-08-11T16:53:00,11000,completed,False
order_R0640_0_아메리카노_ice,640,2026-12-31T16:03:00,11000,completed,False
order_R0640_0_카푸치노,640,2026-02-16T17:39:00,5500,completed,False
order_R0640_0_바닐라라떼,640,2026-09-28T13:56:00,16500,completed,False
order_R0640_0_카라멜마끼아또,640,2026-06-27T06:08:00,11000,completed,False
order_R0640_0_딸기스무디,640,2026-11-17T17:22:00,16500,completed,False
order_R0640_0_망고스무디,640,2026-11-15T19:00:00,5500,completed,False
order_R0641_0_아메리카노_hot,641,2026-05-13T07:53:00,11000,completed,False
order_R0641_0_아메리카노_ice,641,2026-12-18T18:13:00,11000,completed,False
order_R0641_0_카푸치노,641,2026-07-24T18:42:00,5500,completed,False
order_R0641_0_복숭아아이스티,641,2026-01-21T09:22:00,5500,completed,False
order_R0641_0_자몽허니블랙티,641,2026-02-04T18:25:00,5500,completed,False
order_R0641_0_레몬에이드,641,2026-06-17T09:47:00,5500,completed,False
order_R0641_0_자몽에이드,641,2026-05-17T12:49:00,5500,completed,False
order_R0641_0_딸기스무디,641,2026-05-15T06:27:00,5500,completed,False
order_R0641_0_망고스무디,641,2026-08-29T10:02:00,5500,completed,False
order_R0642_0_콜드브루,642,2026-01-15T13:02:00,11000,completed,False
order_R0642_1_콜드브루,642,2026-01-19T12:37:00,5500,completed,False
order_R0642_2_콜드브루,642,2026-04-13T08:35:00,5500,completed,False
order_R0642_3_콜드브루,642,2026-11-30T11:16:00,16500,completed,False
order_R0642_0_녹차라떼,642,2026-08-12T12:25:00,5500,completed,False
order_R0642_0_캐모마일티,642,2026-06-03T16:40:00,5500,completed,False
order_R0643_0_카페라떼_hot,643,2026-05-18T18:20:00,11000,completed,False
order_R0643_0_카페라떼_ice,643,2026-07-09T18:47:00,5500,completed,False
order_R0644_0_아메리카노_hot,644,2026-06-14T14:41:00,11000,completed,False
order_R0644_0_아메리카노_ice,644,2026-01-06T23:02:00,5500,completed,False
order_R0644_0_카페라떼_hot,644,2026-11-29T08:56:00,5500,completed,False
order_R0644_0_카페라떼_ice,644,2026-08-14T19:54:00,5500,completed,False
order_R0644_0_드립커피,644,2026-09-24T00:33:00,5500,completed,False
order_R0644_0_녹차라떼,644,2026-05-02T13:55:00,5500,completed,False
order_R0644_0_캐모마일티,644,2026-10-20T20:30:00,11000,completed,False
order_R0644_0_딸기스무디,644,2026-12-02T18:55:00,11000,completed,False
order_R0644_0_망고스무디,644,2026-12-07T07:21:00,11000,completed,False
order_R0645_0_아메리카노_hot,645,2026-04-30T10:25:00,11000,completed,False
order_R0645_0_아메리카노_ice,645,2026-10-24T12:44:00,5500,completed,False
order_R0645_0_카페라떼_hot,645,2026-09-02T12:00:00,5500,completed,False
order_R0645_0_카페라떼_ice,645,2026-06-13T21:21:00,5500,completed,False
order_R0645_0_콜드브루,645,2026-04-16T18:01:00,11000,completed,False
order_R0645_0_딸기스무디,645,2026-05-30T18:18:00,11000,completed,False
order_R0645_0_망고스무디,645,2026-02-22T17:48:00,11000,completed,False
order_R0646_0_카페라떼_hot,646,2026-04-20T22:34:00,5500,completed,False
order_R0646_0_카페라떼_ice,646,2026-04-16T09:58:00,5500,completed,False
order_R0646_0_바닐라라떼,646,2026-04-19T16:01:00,11000,completed,False
order_R0646_0_카라멜마끼아또,646,2026-06-09T03:18:00,5500,completed,False
order_R0647_0_바닐라라떼,647,2026-02-01T17:36:00,5500,completed,False
order_R0647_0_카라멜마끼아또,647,2026-11-18T22:47:00,11000,completed,False
order_R0647_0_프라푸치노,647,2026-12-24T09:00:00,16500,completed,False
order_R0647_0_말차프라페,647,2026-04-21T19:47:00,11000,completed,False
order_R0647_0_레몬에이드,647,2026-05-26T17:35:00,5500,completed,False
order_R0647_0_자몽에이드,647,2026-12-24T06:42:00,5500,completed,False
order_R0648_0_아메리카노_hot,648,2026-12-04T14:50:00,11000,completed,False
order_R0648_0_아메리카노_ice,648,2026-03-26T23:47:00,5500,completed,False
order_R0648_0_드립커피,648,2026-04-08T13:40:00,5500,completed,False
order_R0648_0_바닐라라떼,648,2026-05-13T13:48:00,16500,completed,False
order_R0648_0_카라멜마끼아또,648,2026-02-05T23:27:00,16500,completed,False
order_R0648_0_레몬에이드,648,2026-05-05T11:09:00,11000,completed,False
order_R0648_0_자몽에이드,648,2026-01-14T19:08:00,5500,completed,False
order_R0649_0_아메리카노_hot,649,2026-03-12T16:52:00,11000,completed,False
order_R0649_0_아메리카노_ice,649,2026-10-02T11:28:00,5500,completed,False
order_R0651_0_아메리카노_hot,651,2026-06-10T19:08:00,5500,completed,False
order_R0651_0_아메리카노_ice,651,2026-05-14T16:35:00,5500,completed,False
order_R0651_0_레몬에이드,651,2026-06-23T19:24:00,16500,completed,False
order_R0651_0_자몽에이드,651,2026-12-17T15:17:00,11000,completed,False
order_R0652_0_콜드브루,652,2026-12-28T12:23:00,5500,completed,False
order_R0652_0_드립커피,652,2026-08-21T12:07:00,5500,completed,False
order_R0653_0_아메리카노_hot,653,2026-02-19T14:16:00,5500,completed,False
order_R0653_0_아메리카노_ice,653,2026-06-08T07:18:00,11000,completed,False
order_R0653_0_콜드브루,653,2026-09-23T15:05:00,5500,completed,False
order_R0653_1_콜드브루,653,2026-07-24T14:40:00,11000,completed,False
order_R0653_2_콜드브루,653,2026-12-28T10:24:00,5500,completed,False
order_R0653_3_콜드브루,653,2026-01-10T07:35:00,16500,completed,False
order_R0653_4_콜드브루,653,2026-04-04T12:09:00,11000,completed,False
order_R0653_0_복숭아아이스티,653,2026-05-29T19:54:00,16500,completed,False
order_R0653_0_자몽허니블랙티,653,2026-07-30T12:13:00,11000,completed,False
order_R0654_0_아메리카노_hot,654,2026-07-22T21:48:00,5500,completed,False
order_R0654_0_아메리카노_ice,654,2026-10-18T22:26:00,5500,completed,False
order_R0654_0_카페라떼_hot,654,2026-11-20T12:19:00,5500,completed,False
order_R0654_0_카페라떼_ice,654,2026-09-27T21:02:00,11000,completed,False
order_R0654_0_프라푸치노,654,2026-03-19T23:42:00,16500,completed,False
order_R0654_0_말차프라페,654,2026-12-03T20:00:00,11000,completed,False
order_R0654_0_복숭아아이스티,654,2026-07-24T19:22:00,11000,completed,False
order_R0654_0_자몽허니블랙티,654,2026-08-26T10:01:00,5500,completed,False
order_R0655_0_바닐라라떼,655,2026-05-13T22:34:00,5500,completed,False
order_R0655_0_카라멜마끼아또,655,2026-12-23T17:00:00,5500,completed,False
order_R0655_0_녹차라떼,655,2026-11-03T14:57:00,5500,completed,False
order_R0655_0_캐모마일티,655,2026-04-24T20:41:00,11000,completed,False
order_R0656_0_아메리카노_hot,656,2026-09-28T10:34:00,5500,completed,False
order_R0656_0_아메리카노_ice,656,2026-11-13T09:49:00,5500,completed,False
order_R0656_0_카페라떼_hot,656,2026-07-08T06:55:00,5500,completed,False
order_R0656_0_카페라떼_ice,656,2026-07-02T15:35:00,5500,completed,False
order_R0656_0_바닐라라떼,656,2026-01-30T12:07:00,5500,completed,False
order_R0656_0_카라멜마끼아또,656,2026-05-01T06:53:00,5500,completed,False
order_R0656_0_녹차라떼,656,2026-11-08T22:21:00,16500,completed,False
order_R0656_0_캐모마일티,656,2026-05-17T11:00:00,5500,completed,False
order_R0657_0_아메리카노_hot,657,2026-08-23T14:21:00,11000,completed,False
order_R0657_0_아메리카노_ice,657,2026-10-21T11:27:00,11000,completed,False
order_R0657_0_카페라떼_hot,657,2026-07-19T13:40:00,5500,completed,False
order_R0657_0_카페라떼_ice,657,2026-03-12T14:07:00,5500,completed,False
order_R0657_0_드립커피,657,2026-08-09T11:10:00,11000,completed,False
order_R0657_0_바닐라라떼,657,2026-06-13T16:43:00,5500,completed,False
order_R0657_0_카라멜마끼아또,657,2026-08-10T15:25:00,16500,completed,False
order_R0657_0_녹차라떼,657,2026-03-24T01:08:00,11000,completed,False
order_R0657_0_캐모마일티,657,2026-07-27T10:35:00,11000,completed,False
order_R0657_0_복숭아아이스티,657,2026-10-04T12:27:00,16500,completed,False
order_R0657_0_자몽허니블랙티,657,2026-01-14T17:07:00,5500,completed,False
order_R0657_0_레몬에이드,657,2026-02-07T15:12:00,5500,completed,False
order_R0657_0_자몽에이드,657,2026-07-10T18:01:00,5500,completed,False
order_R0658_0_아메리카노_hot,658,2026-12-04T16:07:00,5500,completed,False
order_R0658_0_아메리카노_ice,658,2026-11-01T16:47:00,5500,completed,False
order_R0658_0_딸기스무디,658,2026-04-01T02:02:00,5500,completed,False
order_R0658_0_망고스무디,658,2026-11-06T15:07:00,5500,completed,False
order_R0659_0_아메리카노_hot,659,2026-08-29T18:00:00,5500,completed,False
order_R0659_0_아메리카노_ice,659,2026-10-03T19:22:00,5500,completed,False
order_R0659_0_카페라떼_hot,659,2026-01-11T17:02:00,11000,completed,False
order_R0659_0_카페라떼_ice,659,2026-07-11T07:19:00,5500,completed,False
order_R0660_0_드립커피,660,2026-10-06T22:04:00,16500,completed,False
order_R0660_0_바닐라라떼,660,2026-11-17T06:07:00,11000,completed,False
order_R0660_0_카라멜마끼아또,660,2026-02-22T13:01:00,11000,completed,False
order_R0660_0_녹차라떼,660,2026-02-20T11:30:00,5500,completed,False
order_R0660_0_캐모마일티,660,2026-10-13T16:39:00,11000,completed,False
order_R0661_0_아메리카노_hot,661,2026-12-25T20:47:00,11000,completed,False
order_R0661_0_아메리카노_ice,661,2026-11-12T11:43:00,5500,completed,False
order_R0661_0_카페라떼_hot,661,2026-07-25T08:10:00,11000,completed,False
order_R0661_0_카페라떼_ice,661,2026-11-01T08:06:00,11000,completed,False
order_R0662_0_아메리카노_hot,662,2026-04-17T21:42:00,5500,completed,False
order_R0662_0_아메리카노_ice,662,2026-08-05T22:05:00,5500,completed,False
order_R0662_0_카페라떼_hot,662,2026-10-04T07:14:00,5500,completed,False
order_R0662_0_카페라떼_ice,662,2026-05-18T12:08:00,11000,completed,False
order_R0662_0_바닐라라떼,662,2026-01-04T22:57:00,11000,completed,False
order_R0662_0_카라멜마끼아또,662,2026-08-02T09:09:00,11000,completed,False
order_R0662_0_프라푸치노,662,2026-04-27T10:17:00,5500,completed,False
order_R0662_0_말차프라페,662,2026-11-30T18:45:00,11000,completed,False
order_R0663_0_카페라떼_hot,663,2026-11-21T23:47:00,5500,completed,False
order_R0663_0_카페라떼_ice,663,2026-06-15T15:33:00,11000,completed,False
order_R0663_0_콜드브루,663,2026-04-12T20:22:00,5500,completed,False
order_R0663_1_콜드브루,663,2026-09-07T01:49:00,5500,completed,False
order_R0663_0_레몬에이드,663,2026-07-05T18:59:00,5500,completed,False
order_R0663_0_자몽에이드,663,2026-11-26T12:07:00,16500,completed,False
order_R0664_0_에스프레소,664,2026-12-10T07:04:00,5500,completed,False
order_R0664_0_아메리카노_hot,664,2026-03-12T13:12:00,16500,completed,False
order_R0664_0_아메리카노_ice,664,2026-01-07T18:47:00,11000,completed,False
order_R0664_0_카페라떼_hot,664,2026-09-18T07:29:00,5500,completed,False
order_R0664_0_카페라떼_ice,664,2026-07-16T21:53:00,11000,completed,False
order_R0665_0_아메리카노_hot,665,2026-02-20T13:05:00,16500,completed,False
order_R0665_0_아메리카노_ice,665,2026-04-02T10:04:00,11000,completed,False
order_R0665_0_바닐라라떼,665,2026-10-20T12:28:00,5500,completed,False
order_R0665_0_카라멜마끼아또,665,2026-07-19T22:47:00,5500,completed,False
order_R0666_0_에스프레소,666,2026-12-01T21:28:00,5500,completed,False
order_R0666_1_에스프레소,666,2026-11-25T18:52:00,5500,completed,False
order_R0666_0_아메리카노_hot,666,2026-05-20T17:39:00,11000,completed,False
order_R0666_0_아메리카노_ice,666,2026-07-25T18:49:00,16500,completed,False
order_R0666_0_딸기스무디,666,2026-11-16T22:49:00,5500,completed,False
order_R0666_0_망고스무디,666,2026-04-20T20:15:00,5500,completed,False
order_R0667_0_아메리카노_hot,667,2026-08-25T01:16:00,5500,completed,False
order_R0667_0_아메리카노_ice,667,2026-04-14T14:40:00,5500,completed,False
order_R0667_0_바닐라라떼,667,2026-12-26T02:35:00,16500,completed,False
order_R0667_0_카라멜마끼아또,667,2026-11-10T14:12:00,5500,completed,False
order_R0667_0_프라푸치노,667,2026-08-15T07:33:00,5500,completed,False
order_R0667_0_말차프라페,667,2026-10-22T05:43:00,5500,completed,False
order_R0669_0_아메리카노_hot,669,2026-12-22T18:58:00,5500,completed,False
order_R0669_0_아메리카노_ice,669,2026-02-23T19:40:00,11000,completed,False
order_R0669_0_카페라떼_hot,669,2026-06-20T14:40:00,11000,completed,False
order_R0669_0_카페라떼_ice,669,2026-09-25T17:56:00,5500,completed,False
order_R0669_0_드립커피,669,2026-08-16T21:36:00,11000,completed,False
order_R0670_0_카페라떼_hot,670,2026-02-16T07:25:00,5500,completed,False
order_R0670_0_카페라떼_ice,670,2026-08-21T21:48:00,5500,completed,False
order_R0671_0_카페라떼_hot,671,2026-01-31T20:48:00,5500,completed,False
order_R0671_0_카페라떼_ice,671,2026-07-01T12:15:00,5500,completed,False
order_R0671_0_카푸치노,671,2026-01-26T09:54:00,11000,completed,False
order_R0671_0_바닐라라떼,671,2026-02-04T15:53:00,16500,completed,False
order_R0671_0_카라멜마끼아또,671,2026-05-06T12:59:00,5500,completed,False
order_R0671_0_프라푸치노,671,2026-05-31T23:46:00,11000,completed,False
order_R0671_0_말차프라페,671,2026-06-09T16:42:00,5500,completed,False
order_R0672_0_아메리카노_hot,672,2026-03-18T01:26:00,5500,completed,False
order_R0672_0_아메리카노_ice,672,2026-10-12T14:43:00,11000,completed,False
order_R0672_0_콜드브루,672,2026-11-18T08:16:00,5500,completed,False
order_R0672_1_콜드브루,672,2026-06-29T03:37:00,16500,completed,False
order_R0672_0_프라푸치노,672,2026-06-27T21:07:00,5500,completed,False
order_R0672_0_말차프라페,672,2026-09-23T02:50:00,11000,completed,False
order_R0672_0_레몬에이드,672,2026-03-28T22:05:00,5500,completed,False
order_R0672_0_자몽에이드,672,2026-04-01T12:15:00,11000,completed,False
order_R0673_0_콜드브루,673,2026-06-12T17:43:00,5500,completed,False
order_R0673_1_콜드브루,673,2026-12-26T21:10:00,11000,completed,False
order_R0673_2_콜드브루,673,2026-04-01T17:43:00,5500,completed,False
order_R0673_0_바닐라라떼,673,2026-12-23T09:53:00,11000,completed,False
order_R0673_0_카라멜마끼아또,673,2026-12-22T21:04:00,5500,completed,False
order_R0673_0_프라푸치노,673,2026-09-17T15:34:00,5500,completed,False
order_R0673_0_말차프라페,673,2026-10-15T12:36:00,11000,completed,False
order_R0673_0_녹차라떼,673,2026-10-27T11:30:00,5500,completed,False
order_R0673_0_캐모마일티,673,2026-01-07T06:07:00,11000,completed,False
order_R0674_0_카페라떼_hot,674,2026-12-19T20:03:00,11000,completed,False
order_R0674_0_카페라떼_ice,674,2026-04-05T18:36:00,11000,completed,False
order_R0674_0_콜드브루,674,2026-10-08T23:12:00,5500,completed,False
order_R0674_1_콜드브루,674,2026-12-09T18:02:00,5500,completed,False
order_R0674_2_콜드브루,674,2026-09-20T19:18:00,11000,completed,False
order_R0674_3_콜드브루,674,2026-07-18T17:10:00,5500,completed,False
order_R0674_0_콜드브루라떼,674,2026-10-11T09:32:00,5500,completed,False
order_R0674_0_프라푸치노,674,2026-07-10T21:53:00,11000,completed,False
order_R0674_0_말차프라페,674,2026-12-11T23:10:00,5500,completed,False
order_R0674_0_복숭아아이스티,674,2026-12-03T10:34:00,5500,completed,False
order_R0674_0_자몽허니블랙티,674,2026-03-21T21:57:00,5500,completed,False
order_R0674_0_레몬에이드,674,2026-03-10T22:55:00,11000,completed,False
order_R0674_0_자몽에이드,674,2026-08-30T19:01:00,5500,completed,False
order_R0675_0_아메리카노_hot,675,2026-02-22T18:25:00,11000,completed,False
order_R0675_0_아메리카노_ice,675,2026-05-23T16:32:00,5500,completed,False
order_R0675_0_바닐라라떼,675,2026-07-03T16:22:00,5500,completed,False
order_R0675_0_카라멜마끼아또,675,2026-05-21T20:07:00,11000,completed,False
order_R0675_0_프라푸치노,675,2026-12-28T22:14:00,5500,completed,False
order_R0675_0_말차프라페,675,2026-03-23T17:55:00,5500,completed,False
order_R0676_0_카페라떼_hot,676,2026-04-05T18:04:00,5500,completed,False
order_R0676_0_카페라떼_ice,676,2026-12-30T23:26:00,5500,completed,False
order_R0676_0_콜드브루라떼,676,2026-08-26T18:48:00,11000,completed,False
order_R0676_0_드립커피,676,2026-03-02T15:25:00,16500,completed,False
order_R0676_0_바닐라라떼,676,2026-10-29T20:55:00,5500,completed,False
order_R0676_0_카라멜마끼아또,676,2026-07-23T21:52:00,11000,completed,False
order_R0676_0_프라푸치노,676,2026-10-09T15:09:00,5500,completed,False
order_R0676_0_말차프라페,676,2026-09-08T23:51:00,5500,completed,False
order_R0676_0_레몬에이드,676,2026-11-04T13:30:00,5500,completed,False
order_R0676_0_자몽에이드,676,2026-10-20T07:42:00,5500,completed,False
order_R0677_0_아메리카노_hot,677,2026-08-02T06:31:00,11000,completed,False
order_R0677_0_아메리카노_ice,677,2026-11-19T15:14:00,11000,completed,False
order_R0677_0_콜드브루,677,2026-06-12T09:15:00,5500,completed,False
order_R0677_0_콜드브루라떼,677,2026-05-07T09:49:00,16500,completed,False
order_R0677_1_콜드브루라떼,677,2026-03-16T10:29:00,11000,completed,False
order_R0677_2_콜드브루라떼,677,2026-03-17T14:19:00,5500,completed,False
order_R0677_0_바닐라라떼,677,2026-04-04T13:34:00,16500,completed,False
order_R0677_0_카라멜마끼아또,677,2026-01-07T07:32:00,5500,completed,False
order_R0678_0_아메리카노_hot,678,2026-05-23T11:29:00,11000,completed,False
order_R0678_0_아메리카노_ice,678,2026-02-15T12:09:00,5500,completed,False
order_R0678_0_딸기스무디,678,2026-12-15T15:26:00,11000,completed,False
order_R0678_0_망고스무디,678,2026-09-09T18:30:00,11000,completed,False
order_R0679_0_아메리카노_hot,679,2026-09-03T02:09:00,11000,completed,False
order_R0679_0_아메리카노_ice,679,2026-09-24T15:08:00,5500,completed,False
order_R0679_0_카페라떼_hot,679,2026-01-12T06:51:00,5500,completed,False
order_R0679_0_카페라떼_ice,679,2026-06-12T06:31:00,5500,completed,False
order_R0679_0_바닐라라떼,679,2026-08-19T18:13:00,5500,completed,False
order_R0679_0_카라멜마끼아또,679,2026-01-31T11:59:00,5500,completed,False
order_R0679_0_복숭아아이스티,679,2026-11-30T01:39:00,5500,completed,False
order_R0679_0_자몽허니블랙티,679,2026-07-23T21:12:00,5500,completed,False
order_R0679_0_레몬에이드,679,2026-04-04T13:12:00,5500,completed,False
order_R0679_0_자몽에이드,679,2026-10-15T07:44:00,11000,completed,False
order_R0679_0_딸기스무디,679,2026-05-07T09:06:00,5500,completed,False
order_R0679_0_망고스무디,679,2026-11-23T20:52:00,5500,completed,False
order_R0680_0_아메리카노_hot,680,2026-05-30T21:26:00,5500,completed,False
order_R0680_0_아메리카노_ice,680,2026-06-26T09:29:00,16500,completed,False
order_R0680_0_드립커피,680,2026-12-25T02:11:00,5500,completed,False
order_R0680_0_바닐라라떼,680,2026-02-11T12:43:00,5500,completed,False
order_R0680_0_카라멜마끼아또,680,2026-06-21T22:09:00,11000,completed,False
order_R0680_0_레몬에이드,680,2026-04-30T11:39:00,5500,completed,False
order_R0680_0_자몽에이드,680,2026-10-29T22:51:00,5500,completed,False
order_R0681_0_카페라떼_hot,681,2026-04-11T23:35:00,5500,completed,False
order_R0681_0_카페라떼_ice,681,2026-05-16T12:47:00,5500,completed,False
order_R0681_0_바닐라라떼,681,2026-12-11T15:13:00,5500,completed,False
order_R0681_0_카라멜마끼아또,681,2026-04-06T16:27:00,11000,completed,False
order_R0681_0_녹차라떼,681,2026-10-08T20:01:00,16500,completed,False
order_R0681_0_캐모마일티,681,2026-07-10T01:35:00,5500,completed,False
order_R0682_0_아메리카노_hot,682,2026-10-31T18:54:00,5500,completed,False
order_R0682_0_아메리카노_ice,682,2026-10-05T08:03:00,5500,completed,False
order_R0682_0_바닐라라떼,682,2026-06-29T09:05:00,5500,completed,False
order_R0682_0_카라멜마끼아또,682,2026-03-29T14:17:00,5500,completed,False
order_R0682_0_녹차라떼,682,2026-08-17T17:59:00,5500,completed,False
order_R0682_0_캐모마일티,682,2026-03-15T23:49:00,5500,completed,False
order_R0683_0_아메리카노_hot,683,2026-09-21T13:38:00,5500,completed,False
order_R0683_0_아메리카노_ice,683,2026-10-18T11:42:00,11000,completed,False
order_R0683_0_카페라떼_hot,683,2026-08-29T20:07:00,5500,completed,False
order_R0683_0_카페라떼_ice,683,2026-09-23T13:17:00,5500,completed,False
order_R0683_0_바닐라라떼,683,2026-09-29T12:28:00,5500,completed,False
order_R0683_0_카라멜마끼아또,683,2026-01-07T16:18:00,5500,completed,False
order_R0683_0_레몬에이드,683,2026-06-22T22:50:00,11000,completed,False
order_R0683_0_자몽에이드,683,2026-09-11T17:46:00,5500,completed,False
order_R0684_0_아메리카노_hot,684,2026-07-24T18:47:00,16500,completed,False
order_R0684_0_아메리카노_ice,684,2026-02-27T22:34:00,5500,completed,False
order_R0685_0_녹차라떼,685,2026-07-05T21:34:00,16500,completed,False
order_R0685_0_캐모마일티,685,2026-09-21T07:52:00,5500,completed,False
order_R0686_0_아메리카노_hot,686,2026-04-17T04:07:00,5500,completed,False
order_R0686_0_아메리카노_ice,686,2026-03-23T07:53:00,11000,completed,False
order_R0686_0_바닐라라떼,686,2026-11-08T02:41:00,16500,completed,False
order_R0686_0_카라멜마끼아또,686,2026-02-03T16:22:00,16500,completed,False
order_R0686_0_복숭아아이스티,686,2026-12-14T12:56:00,11000,completed,False
order_R0686_0_자몽허니블랙티,686,2026-11-26T11:58:00,5500,completed,False
order_R0687_0_아메리카노_hot,687,2026-04-18T17:50:00,5500,completed,False
order_R0687_0_아메리카노_ice,687,2026-10-01T21:14:00,5500,completed,False
order_R0687_0_바닐라라떼,687,2026-08-15T03:25:00,11000,completed,False
order_R0687_0_카라멜마끼아또,687,2026-06-20T17:30:00,5500,completed,False
order_R0689_0_아메리카노_hot,689,2026-12-03T22:24:00,11000,completed,False
order_R0689_0_아메리카노_ice,689,2026-02-18T12:33:00,11000,completed,False
order_R0689_0_카페라떼_hot,689,2026-11-30T19:15:00,5500,completed,False
order_R0689_0_카페라떼_ice,689,2026-10-15T10:27:00,5500,completed,False
order_R0689_0_바닐라라떼,689,2026-09-23T21:00:00,11000,completed,False
order_R0689_0_카라멜마끼아또,689,2026-01-25T15:13:00,5500,completed,False
order_R0690_0_아메리카노_hot,690,2026-11-21T12:47:00,5500,completed,False
order_R0690_0_아메리카노_ice,690,2026-08-04T10:30:00,5500,completed,False
order_R0690_0_카페라떼_hot,690,2026-05-10T12:40:00,5500,completed,False
order_R0690_0_카페라떼_ice,690,2026-07-01T21:28:00,11000,completed,False
order_R0690_0_프라푸치노,690,2026-12-18T08:42:00,5500,completed,False
order_R0690_0_말차프라페,690,2026-02-16T13:52:00,11000,completed,False
order_R0690_0_복숭아아이스티,690,2026-10-06T22:58:00,5500,completed,False
order_R0690_0_자몽허니블랙티,690,2026-03-31T12:16:00,11000,completed,False
order_R0691_0_카페라떼_hot,691,2026-01-11T11:15:00,11000,completed,False
order_R0691_0_카페라떼_ice,691,2026-03-05T08:29:00,5500,completed,False
order_R0691_0_드립커피,691,2026-08-19T16:58:00,5500,completed,False
order_R0692_0_아메리카노_hot,692,2026-09-08T15:19:00,5500,completed,False
order_R0692_0_아메리카노_ice,692,2026-05-13T09:13:00,5500,completed,False
order_R0692_0_카페라떼_hot,692,2026-01-15T23:36:00,11000,completed,False
order_R0692_0_카페라떼_ice,692,2026-12-12T06:22:00,5500,completed,False
order_R0692_0_바닐라라떼,692,2026-01-17T01:51:00,5500,completed,False
order_R0692_0_카라멜마끼아또,692,2026-11-18T11:29:00,16500,completed,False
order_R0693_0_아메리카노_hot,693,2026-06-15T12:15:00,11000,completed,False
order_R0693_0_아메리카노_ice,693,2026-03-19T22:17:00,11000,completed,False
order_R0693_0_콜드브루,693,2026-08-26T17:00:00,11000,completed,False
order_R0693_1_콜드브루,693,2026-02-03T17:26:00,5500,completed,False
order_R0693_2_콜드브루,693,2026-09-10T10:41:00,5500,completed,False
order_R0693_3_콜드브루,693,2026-02-17T17:04:00,5500,completed,False
order_R0693_4_콜드브루,693,2026-08-08T18:06:00,5500,completed,False
order_R0693_0_녹차라떼,693,2026-04-24T08:20:00,11000,completed,False
order_R0693_0_캐모마일티,693,2026-12-02T13:57:00,5500,completed,False
order_R0693_0_복숭아아이스티,693,2026-09-24T14:03:00,5500,completed,False
order_R0693_0_자몽허니블랙티,693,2026-06-22T14:39:00,5500,completed,False
order_R0694_0_아메리카노_hot,694,2026-08-15T03:04:00,5500,completed,False
order_R0694_0_아메리카노_ice,694,2026-06-12T18:19:00,5500,completed,False
order_R0694_0_카페라떼_hot,694,2026-09-23T12:39:00,16500,completed,False
order_R0694_0_카페라떼_ice,694,2026-12-28T11:12:00,5500,completed,False
order_R0694_0_카푸치노,694,2026-06-29T13:00:00,5500,completed,False
order_R0694_0_콜드브루,694,2026-09-28T05:46:00,5500,completed,False
order_R0694_0_바닐라라떼,694,2026-07-11T21:21:00,16500,completed,False
order_R0694_0_카라멜마끼아또,694,2026-10-10T17:34:00,5500,completed,False
order_R0695_0_에스프레소,695,2026-02-19T23:32:00,5500,completed,False
order_R0695_1_에스프레소,695,2026-07-18T22:49:00,11000,completed,False
order_R0695_2_에스프레소,695,2026-05-24T11:32:00,5500,completed,False
order_R0695_3_에스프레소,695,2026-06-29T10:55:00,5500,completed,False
order_R0695_4_에스프레소,695,2026-04-21T07:06:00,16500,completed,False
order_R0695_0_녹차라떼,695,2026-06-18T02:14:00,11000,completed,False
order_R0695_0_캐모마일티,695,2026-06-12T12:17:00,5500,completed,False
order_R0696_0_아메리카노_hot,696,2026-04-06T11:12:00,11000,completed,False
order_R0696_0_아메리카노_ice,696,2026-06-30T13:52:00,5500,completed,False
order_R0696_0_카페라떼_hot,696,2026-11-02T13:39:00,5500,completed,False
order_R0696_0_카페라떼_ice,696,2026-10-05T20:37:00,5500,completed,False
order_R0696_0_바닐라라떼,696,2026-04-09T21:51:00,5500,completed,False
order_R0696_0_카라멜마끼아또,696,2026-05-28T12:13:00,11000,completed,False
order_R0696_0_프라푸치노,696,2026-02-07T10:58:00,16500,completed,False
order_R0696_0_말차프라페,696,2026-09-06T17:58:00,5500,completed,False
order_R0696_0_복숭아아이스티,696,2026-02-04T14:23:00,11000,completed,False
order_R0696_0_자몽허니블랙티,696,2026-09-11T12:49:00,5500,completed,False
order_R0697_0_녹차라떼,697,2026-06-06T13:25:00,5500,completed,False
order_R0697_0_캐모마일티,697,2026-12-09T14:03:00,11000,completed,False
order_R0698_0_카페라떼_hot,698,2026-01-11T11:49:00,5500,completed,False
order_R0698_0_카페라떼_ice,698,2026-11-03T00:10:00,5500,completed,False
order_R0698_0_콜드브루,698,2026-10-03T12:15:00,5500,completed,False
order_R0698_1_콜드브루,698,2026-09-07T23:46:00,5500,completed,False
order_R0698_0_복숭아아이스티,698,2026-01-30T22:55:00,5500,completed,False
order_R0698_0_자몽허니블랙티,698,2026-03-17T04:19:00,5500,completed,False
order_R0698_0_딸기스무디,698,2026-08-09T22:53:00,5500,completed,False
order_R0698_0_망고스무디,698,2026-01-03T16:16:00,5500,completed,False
order_R0699_0_아메리카노_hot,699,2026-07-23T22:04:00,5500,completed,False
order_R0699_0_아메리카노_ice,699,2026-07-10T10:47:00,5500,completed,False
order_R0699_0_복숭아아이스티,699,2026-10-17T15:07:00,5500,completed,False
order_R0699_0_자몽허니블랙티,699,2026-05-14T20:34:00,5500,completed,False
order_R0700_0_아메리카노_hot,700,2026-09-18T15:26:00,5500,completed,False
order_R0700_0_아메리카노_ice,700,2026-10-31T11:57:00,11000,completed,False
order_R0700_0_바닐라라떼,700,2026-07-27T15:34:00,5500,completed,False
order_R0700_0_카라멜마끼아또,700,2026-11-22T05:29:00,5500,completed,False
order_R0701_0_카페라떼_hot,701,2026-04-04T21:44:00,5500,completed,False
order_R0701_0_카페라떼_ice,701,2026-09-30T18:47:00,5500,completed,False
order_R0701_0_복숭아아이스티,701,2026-07-13T12:56:00,11000,completed,False
order_R0701_0_자몽허니블랙티,701,2026-03-25T06:47:00,5500,completed,False
order_R0701_0_딸기스무디,701,2026-12-08T10:11:00,16500,completed,False
order_R0701_0_망고스무디,701,2026-12-11T09:11:00,5500,completed,False
order_R0702_0_레몬에이드,702,2026-05-20T17:06:00,5500,completed,False
order_R0702_0_자몽에이드,702,2026-04-11T11:51:00,11000,completed,False
order_R0703_0_아메리카노_hot,703,2026-01-26T16:42:00,11000,completed,False
order_R0703_0_아메리카노_ice,703,2026-04-13T12:33:00,5500,completed,False
order_R0703_0_바닐라라떼,703,2026-01-20T11:33:00,16500,completed,False
order_R0703_0_카라멜마끼아또,703,2026-09-29T12:41:00,5500,completed,False
order_R0703_0_레몬에이드,703,2026-04-05T08:48:00,16500,completed,False
order_R0703_0_자몽에이드,703,2026-06-16T05:53:00,11000,completed,False
order_R0704_0_에스프레소,704,2026-08-13T12:41:00,11000,completed,False
order_R0704_1_에스프레소,704,2026-06-01T12:25:00,16500,completed,False
order_R0704_2_에스프레소,704,2026-08-29T16:39:00,5500,completed,False
order_R0704_0_아메리카노_hot,704,2026-06-01T14:01:00,5500,completed,False
order_R0704_0_아메리카노_ice,704,2026-04-22T18:35:00,11000,completed,False
order_R0704_0_딸기스무디,704,2026-07-25T09:19:00,5500,completed,False
order_R0704_0_망고스무디,704,2026-02-01T23:47:00,11000,completed,False
order_R0705_0_카페라떼_hot,705,2026-07-22T13:13:00,11000,completed,False
order_R0705_0_카페라떼_ice,705,2026-05-02T20:43:00,5500,completed,False
order_R0705_0_콜드브루라떼,705,2026-12-21T20:35:00,5500,completed,False
order_R0705_0_바닐라라떼,705,2026-06-01T01:05:00,11000,completed,False
order_R0705_0_카라멜마끼아또,705,2026-12-17T06:01:00,5500,completed,False
order_R0705_0_딸기스무디,705,2026-03-14T02:11:00,5500,completed,False
order_R0705_0_망고스무디,705,2026-04-27T19:59:00,5500,completed,False
order_R0706_0_콜드브루,706,2026-11-01T22:32:00,5500,completed,False
order_R0706_1_콜드브루,706,2026-11-01T00:49:00,5500,completed,False
order_R0706_2_콜드브루,706,2026-04-01T10:07:00,11000,completed,False
order_R0706_3_콜드브루,706,2026-07-09T16:49:00,5500,completed,False
order_R0706_4_콜드브루,706,2026-01-01T00:59:00,11000,completed,False
order_R0706_5_콜드브루,706,2026-06-11T12:57:00,5500,completed,False
order_R0707_0_에스프레소,707,2026-04-20T13:49:00,5500,completed,False
order_R0707_0_아메리카노_hot,707,2026-08-29T11:39:00,5500,completed,False
order_R0707_0_아메리카노_ice,707,2026-09-11T17:16:00,5500,completed,False
order_R0707_0_카페라떼_hot,707,2026-05-06T12:32:00,5500,completed,False
order_R0707_0_카페라떼_ice,707,2026-06-02T08:49:00,5500,completed,False
order_R0707_0_녹차라떼,707,2026-04-13T18:53:00,5500,completed,False
order_R0707_0_캐모마일티,707,2026-11-16T18:36:00,5500,completed,False
order_R0708_0_복숭아아이스티,708,2026-10-24T09:04:00,11000,completed,False
order_R0708_0_자몽허니블랙티,708,2026-12-10T19:22:00,16500,completed,False
order_R0709_0_아메리카노_hot,709,2026-02-12T04:08:00,5500,completed,False
order_R0709_0_아메리카노_ice,709,2026-06-26T20:10:00,5500,completed,False
order_R0709_0_카페라떼_hot,709,2026-06-08T22:34:00,5500,completed,False
order_R0709_0_카페라떼_ice,709,2026-11-24T13:00:00,11000,completed,False
order_R0709_0_딸기스무디,709,2026-12-25T23:50:00,11000,completed,False
order_R0709_0_망고스무디,709,2026-03-14T20:00:00,5500,completed,False
order_R0710_0_아메리카노_hot,710,2026-12-10T20:27:00,11000,completed,False
order_R0710_0_아메리카노_ice,710,2026-01-24T06:37:00,11000,completed,False
order_R0710_0_카페라떼_hot,710,2026-10-07T14:45:00,5500,completed,False
order_R0710_0_카페라떼_ice,710,2026-11-22T13:33:00,11000,completed,False
order_R0710_0_콜드브루,710,2026-11-26T23:41:00,11000,completed,False
order_R0710_0_바닐라라떼,710,2026-12-09T15:38:00,11000,completed,False
order_R0710_0_카라멜마끼아또,710,2026-02-07T14:17:00,5500,completed,False
order_R0710_0_프라푸치노,710,2026-08-26T11:59:00,5500,completed,False
order_R0710_0_말차프라페,710,2026-12-24T11:11:00,5500,completed,False
order_R0711_0_아메리카노_hot,711,2026-02-26T02:07:00,5500,completed,False
order_R0711_0_아메리카노_ice,711,2026-11-20T13:52:00,5500,completed,False
order_R0711_0_딸기스무디,711,2026-11-24T17:17:00,11000,completed,False
order_R0711_0_망고스무디,711,2026-03-17T01:18:00,5500,completed,False
order_R0712_0_아메리카노_hot,712,2026-10-17T18:14:00,5500,completed,False
order_R0712_0_아메리카노_ice,712,2026-12-30T18:57:00,5500,completed,False
order_R0712_0_카페라떼_hot,712,2026-12-20T13:56:00,16500,completed,False
order_R0712_0_카페라떼_ice,712,2026-03-11T12:03:00,11000,completed,False
order_R0712_0_드립커피,712,2026-04-06T13:02:00,16500,completed,False
order_R0712_0_딸기스무디,712,2026-12-31T07:02:00,5500,completed,False
order_R0712_0_망고스무디,712,2026-07-23T02:36:00,11000,completed,False
order_R0713_0_아메리카노_hot,713,2026-03-11T06:30:00,5500,completed,False
order_R0713_0_아메리카노_ice,713,2026-05-09T20:40:00,5500,completed,False
order_R0713_0_콜드브루,713,2026-07-02T08:15:00,5500,completed,False
order_R0713_1_콜드브루,713,2026-04-07T16:15:00,5500,completed,False
order_R0713_0_바닐라라떼,713,2026-05-21T06:21:00,5500,completed,False
order_R0713_0_카라멜마끼아또,713,2026-08-02T12:13:00,5500,completed,False
order_R0713_0_레몬에이드,713,2026-05-20T13:52:00,5500,completed,False
order_R0713_0_자몽에이드,713,2026-12-27T09:52:00,5500,completed,False
order_R0714_0_바닐라라떼,714,2026-07-07T19:48:00,5500,completed,False
order_R0714_0_카라멜마끼아또,714,2026-04-28T07:42:00,5500,completed,False
order_R0714_0_복숭아아이스티,714,2026-08-23T21:58:00,11000,completed,False
order_R0714_0_자몽허니블랙티,714,2026-07-19T22:40:00,11000,completed,False
order_R0715_0_아메리카노_hot,715,2026-12-18T19:57:00,11000,completed,False
order_R0715_0_아메리카노_ice,715,2026-12-17T16:02:00,5500,completed,False
order_R0715_0_프라푸치노,715,2026-02-16T20:14:00,11000,completed,False
order_R0715_0_말차프라페,715,2026-10-17T06:56:00,5500,completed,False
order_R0715_0_레몬에이드,715,2026-03-29T08:13:00,16500,completed,False
order_R0715_0_자몽에이드,715,2026-10-10T07:16:00,5500,completed,False
order_R0716_0_아메리카노_hot,716,2026-04-04T13:58:00,11000,completed,False
order_R0716_0_아메리카노_ice,716,2026-08-07T19:56:00,5500,completed,False
order_R0717_0_아메리카노_hot,717,2026-06-16T11:05:00,11000,completed,False
order_R0717_0_아메리카노_ice,717,2026-06-08T12:09:00,11000,completed,False
order_R0718_0_콜드브루,718,2026-06-22T21:05:00,11000,completed,False
order_R0718_1_콜드브루,718,2026-09-10T09:55:00,16500,completed,False
order_R0718_2_콜드브루,718,2026-12-02T20:39:00,5500,completed,False
order_R0718_3_콜드브루,718,2026-06-11T16:46:00,11000,completed,False
order_R0719_0_에스프레소,719,2026-11-18T11:21:00,11000,completed,False
order_R0719_0_아메리카노_hot,719,2026-07-05T16:26:00,5500,completed,False
order_R0719_0_아메리카노_ice,719,2026-12-23T22:44:00,11000,completed,False
order_R0719_0_바닐라라떼,719,2026-11-26T14:25:00,5500,completed,False
order_R0719_0_카라멜마끼아또,719,2026-01-21T22:06:00,11000,completed,False
order_R0719_0_녹차라떼,719,2026-05-11T17:37:00,11000,completed,False
order_R0719_0_캐모마일티,719,2026-01-28T12:55:00,11000,completed,False
order_R0719_0_레몬에이드,719,2026-03-27T21:24:00,5500,completed,False
order_R0719_0_자몽에이드,719,2026-10-30T16:23:00,5500,completed,False
order_R0720_0_카페라떼_hot,720,2026-01-16T00:42:00,5500,completed,False
order_R0720_0_카페라떼_ice,720,2026-01-03T06:08:00,5500,completed,False
order_R0720_0_바닐라라떼,720,2026-03-18T20:57:00,5500,completed,False
order_R0720_0_카라멜마끼아또,720,2026-11-22T11:12:00,11000,completed,False
order_R0720_0_복숭아아이스티,720,2026-02-05T07:38:00,5500,completed,False
order_R0720_0_자몽허니블랙티,720,2026-12-02T11:14:00,5500,completed,False
order_R0721_0_에스프레소,721,2026-07-18T19:19:00,16500,completed,False
order_R0721_1_에스프레소,721,2026-09-22T21:46:00,5500,completed,False
order_R0721_2_에스프레소,721,2026-05-22T03:43:00,5500,completed,False
order_R0721_3_에스프레소,721,2026-04-16T22:54:00,5500,completed,False
order_R0721_4_에스프레소,721,2026-11-27T21:37:00,11000,completed,False
order_R0722_0_아메리카노_hot,722,2026-09-07T13:28:00,5500,completed,False
order_R0722_0_아메리카노_ice,722,2026-01-14T08:18:00,11000,completed,False
order_R0722_0_카페라떼_hot,722,2026-06-25T08:21:00,11000,completed,False
order_R0722_0_카페라떼_ice,722,2026-09-05T09:27:00,5500,completed,False
order_R0722_0_카푸치노,722,2026-10-26T21:01:00,16500,completed,False
order_R0722_0_콜드브루라떼,722,2026-03-14T17:34:00,11000,completed,False
order_R0722_0_바닐라라떼,722,2026-05-26T21:44:00,16500,completed,False
order_R0722_0_카라멜마끼아또,722,2026-04-10T06:56:00,5500,completed,False
order_R0724_0_카푸치노,724,2026-01-01T11:12:00,5500,completed,False
order_R0724_0_바닐라라떼,724,2026-11-23T23:53:00,5500,completed,False
order_R0724_0_카라멜마끼아또,724,2026-01-23T13:30:00,5500,completed,False
order_R0724_0_레몬에이드,724,2026-01-31T03:49:00,5500,completed,False
order_R0724_0_자몽에이드,724,2026-12-12T00:01:00,5500,completed,False
order_R0725_0_아메리카노_hot,725,2026-07-10T00:54:00,5500,completed,False
order_R0725_0_아메리카노_ice,725,2026-06-03T08:58:00,5500,completed,False
order_R0726_0_아메리카노_hot,726,2026-04-22T07:43:00,11000,completed,False
order_R0726_0_아메리카노_ice,726,2026-08-15T20:41:00,5500,completed,False
order_R0726_0_카페라떼_hot,726,2026-10-09T16:19:00,5500,completed,False
order_R0726_0_카페라떼_ice,726,2026-07-03T22:28:00,5500,completed,False
order_R0726_0_드립커피,726,2026-02-21T14:25:00,5500,completed,False
order_R0726_0_바닐라라떼,726,2026-10-01T17:48:00,11000,completed,False
order_R0726_0_카라멜마끼아또,726,2026-10-19T20:49:00,11000,completed,False
order_R0726_0_프라푸치노,726,2026-10-27T15:01:00,5500,completed,False
order_R0726_0_말차프라페,726,2026-08-29T14:24:00,16500,completed,False
order_R0726_0_녹차라떼,726,2026-04-21T12:01:00,11000,completed,False
order_R0726_0_캐모마일티,726,2026-07-16T15:18:00,16500,completed,False
order_R0726_0_복숭아아이스티,726,2026-09-02T13:20:00,11000,completed,False
order_R0726_0_자몽허니블랙티,726,2026-02-13T18:01:00,5500,completed,False
order_R0726_0_레몬에이드,726,2026-02-19T11:19:00,5500,completed,False
order_R0726_0_자몽에이드,726,2026-11-07T08:01:00,5500,completed,False
order_R0727_0_아메리카노_hot,727,2026-07-24T11:36:00,5500,completed,False
order_R0727_0_아메리카노_ice,727,2026-12-29T23:58:00,5500,completed,False
order_R0727_0_카페라떼_hot,727,2026-05-07T12:25:00,16500,completed,False
order_R0727_0_카페라떼_ice,727,2026-01-29T19:52:00,5500,completed,False
order_R0727_0_녹차라떼,727,2026-01-12T17:34:00,5500,completed,False
order_R0727_0_캐모마일티,727,2026-08-27T23:43:00,11000,completed,False
order_R0727_0_레몬에이드,727,2026-11-09T18:37:00,5500,completed,False
order_R0727_0_자몽에이드,727,2026-12-24T07:39:00,5500,completed,False
order_R0728_0_아메리카노_hot,728,2026-12-28T13:20:00,5500,completed,False
order_R0728_0_아메리카노_ice,728,2026-01-16T13:13:00,5500,completed,False
order_R0728_0_카페라떼_hot,728,2026-05-13T11:53:00,5500,completed,False
order_R0728_0_카페라떼_ice,728,2026-10-28T11:18:00,5500,completed,False
order_R0728_0_프라푸치노,728,2026-06-19T05:29:00,11000,completed,False
order_R0728_0_말차프라페,728,2026-09-06T12:35:00,5500,completed,False
order_R0729_0_아메리카노_hot,729,2026-04-03T03:17:00,5500,completed,False
order_R0729_0_아메리카노_ice,729,2026-09-18T23:02:00,5500,completed,False
order_R0729_0_레몬에이드,729,2026-07-18T11:26:00,16500,completed,False
order_R0729_0_자몽에이드,729,2026-04-12T18:44:00,5500,completed,False
order_R0731_0_아메리카노_hot,731,2026-02-09T20:52:00,5500,completed,False
order_R0731_0_아메리카노_ice,731,2026-12-16T22:12:00,11000,completed,False
order_R0731_0_콜드브루라떼,731,2026-04-16T13:59:00,16500,completed,False
order_R0731_0_복숭아아이스티,731,2026-08-10T07:52:00,5500,completed,False
order_R0731_0_자몽허니블랙티,731,2026-11-28T19:51:00,5500,completed,False
order_R0731_0_레몬에이드,731,2026-08-07T20:16:00,5500,completed,False
order_R0731_0_자몽에이드,731,2026-07-16T19:28:00,11000,completed,False
order_R0731_0_딸기스무디,731,2026-10-29T12:11:00,11000,completed,False
order_R0731_0_망고스무디,731,2026-02-21T11:27:00,5500,completed,False
order_R0732_0_아메리카노_hot,732,2026-05-02T15:04:00,5500,completed,False
order_R0732_0_아메리카노_ice,732,2026-10-01T11:11:00,11000,completed,False
order_R0732_0_카푸치노,732,2026-01-09T13:00:00,5500,completed,False
order_R0732_0_바닐라라떼,732,2026-10-13T01:17:00,5500,completed,False
order_R0732_0_카라멜마끼아또,732,2026-06-10T19:46:00,5500,completed,False
order_R0733_0_아메리카노_hot,733,2026-12-17T17:35:00,5500,completed,False
order_R0733_0_아메리카노_ice,733,2026-07-25T12:07:00,5500,completed,False
order_R0734_0_아메리카노_hot,734,2026-12-11T06:52:00,11000,completed,False
order_R0734_0_아메리카노_ice,734,2026-03-19T00:13:00,11000,completed,False
order_R0735_0_아메리카노_hot,735,2026-10-22T19:19:00,5500,completed,False
order_R0735_0_아메리카노_ice,735,2026-07-27T23:46:00,11000,completed,False
order_R0735_0_카푸치노,735,2026-12-03T22:45:00,11000,completed,False
order_R0735_0_콜드브루,735,2026-05-15T14:21:00,5500,completed,False
order_R0735_0_녹차라떼,735,2026-11-09T18:40:00,11000,completed,False
order_R0735_0_캐모마일티,735,2026-03-14T11:38:00,11000,completed,False
order_R0735_0_레몬에이드,735,2026-08-12T09:00:00,5500,completed,False
order_R0735_0_자몽에이드,735,2026-02-15T20:39:00,5500,completed,False
order_R0736_0_아메리카노_hot,736,2026-10-05T08:30:00,11000,completed,False
order_R0736_0_아메리카노_ice,736,2026-01-12T11:06:00,11000,completed,False
order_R0736_0_카페라떼_hot,736,2026-04-18T08:45:00,5500,completed,False
order_R0736_0_카페라떼_ice,736,2026-12-11T12:26:00,11000,completed,False
order_R0737_0_아메리카노_hot,737,2026-10-27T08:23:00,16500,completed,False
order_R0737_0_아메리카노_ice,737,2026-03-16T15:21:00,5500,completed,False
order_R0737_0_콜드브루라떼,737,2026-08-16T03:11:00,11000,completed,False
order_R0737_1_콜드브루라떼,737,2026-02-01T09:43:00,11000,completed,False
order_R0737_0_바닐라라떼,737,2026-11-28T21:28:00,11000,completed,False
order_R0737_0_카라멜마끼아또,737,2026-02-20T06:23:00,5500,completed,False
order_R0737_0_프라푸치노,737,2026-11-08T20:56:00,5500,completed,False
order_R0737_0_말차프라페,737,2026-03-04T11:21:00,11000,completed,False
order_R0737_0_레몬에이드,737,2026-12-07T09:17:00,11000,completed,False
order_R0737_0_자몽에이드,737,2026-09-13T08:34:00,16500,completed,False
order_R0738_0_프라푸치노,738,2026-08-12T10:03:00,5500,completed,False
order_R0738_0_말차프라페,738,2026-05-13T02:58:00,5500,completed,False
order_R0738_0_딸기스무디,738,2026-02-24T07:48:00,5500,completed,False
order_R0738_0_망고스무디,738,2026-11-23T10:46:00,5500,completed,False
order_R0739_0_아메리카노_hot,739,2026-03-12T20:50:00,11000,completed,False
order_R0739_0_아메리카노_ice,739,2026-12-29T00:53:00,5500,completed,False
order_R0739_0_콜드브루,739,2026-04-16T18:48:00,16500,completed,False
order_R0739_1_콜드브루,739,2026-01-09T03:48:00,11000,completed,False
order_R0739_2_콜드브루,739,2026-05-11T23:31:00,11000,completed,False
order_R0739_0_레몬에이드,739,2026-12-22T17:40:00,11000,completed,False
order_R0739_0_자몽에이드,739,2026-06-20T21:06:00,5500,completed,False
order_R0740_0_카페라떼_hot,740,2026-04-09T21:32:00,5500,completed,False
order_R0740_0_카페라떼_ice,740,2026-01-17T07:01:00,11000,completed,False
order_R0740_0_딸기스무디,740,2026-05-16T21:07:00,5500,completed,False
order_R0740_0_망고스무디,740,2026-11-15T06:44:00,5500,completed,False
order_R0741_0_카푸치노,741,2026-02-07T03:37:00,5500,completed,False
order_R0741_0_프라푸치노,741,2026-01-23T21:54:00,5500,completed,False
order_R0741_0_말차프라페,741,2026-05-03T13:00:00,11000,completed,False
order_R0741_0_복숭아아이스티,741,2026-01-16T13:25:00,5500,completed,False
order_R0741_0_자몽허니블랙티,741,2026-06-04T17:46:00,11000,completed,False
order_R0742_0_아메리카노_hot,742,2026-05-15T09:54:00,16500,completed,False
order_R0742_0_아메리카노_ice,742,2026-02-27T20:14:00,11000,completed,False
order_R0742_0_콜드브루,742,2026-06-03T14:39:00,5500,completed,False
order_R0742_1_콜드브루,742,2026-07-27T17:15:00,5500,completed,False
order_R0742_2_콜드브루,742,2026-05-21T19:23:00,5500,completed,False
order_R0742_3_콜드브루,742,2026-07-15T13:07:00,5500,completed,False
order_R0742_0_레몬에이드,742,2026-10-08T18:10:00,5500,completed,False
order_R0742_0_자몽에이드,742,2026-03-21T18:49:00,16500,completed,False
order_R0743_0_아메리카노_hot,743,2026-03-11T10:46:00,11000,completed,False
order_R0743_0_아메리카노_ice,743,2026-06-11T10:34:00,5500,completed,False
order_R0743_0_콜드브루라떼,743,2026-09-04T15:40:00,5500,completed,False
order_R0743_0_바닐라라떼,743,2026-09-17T15:49:00,5500,completed,False
order_R0743_0_카라멜마끼아또,743,2026-12-02T05:16:00,11000,completed,False
order_R0743_0_프라푸치노,743,2026-11-15T22:51:00,5500,completed,False
order_R0743_0_말차프라페,743,2026-12-23T19:00:00,5500,completed,False
order_R0744_0_아메리카노_hot,744,2026-12-08T08:32:00,16500,completed,False
order_R0744_0_아메리카노_ice,744,2026-10-24T10:21:00,16500,completed,False
order_R0744_0_카페라떼_hot,744,2026-03-02T14:58:00,5500,completed,False
order_R0744_0_카페라떼_ice,744,2026-12-30T22:40:00,5500,completed,False
order_R0744_0_딸기스무디,744,2026-02-26T03:46:00,5500,completed,False
order_R0744_0_망고스무디,744,2026-07-15T22:53:00,16500,completed,False
order_R0745_0_아메리카노_hot,745,2026-03-06T11:02:00,5500,completed,False
order_R0745_0_아메리카노_ice,745,2026-03-26T11:23:00,5500,completed,False
order_R0745_0_녹차라떼,745,2026-10-14T13:13:00,5500,completed,False
order_R0745_0_캐모마일티,745,2026-03-25T11:30:00,11000,completed,False
order_R0745_0_복숭아아이스티,745,2026-03-14T20:25:00,11000,completed,False
order_R0745_0_자몽허니블랙티,745,2026-07-01T23:18:00,5500,completed,False
order_R0746_0_아메리카노_hot,746,2026-11-21T06:55:00,5500,completed,False
order_R0746_0_아메리카노_ice,746,2026-08-08T12:34:00,11000,completed,False
order_R0746_0_카페라떼_hot,746,2026-06-27T21:11:00,5500,completed,False
order_R0746_0_카페라떼_ice,746,2026-09-10T15:51:00,5500,completed,False
order_R0746_0_콜드브루라떼,746,2026-07-04T14:32:00,5500,completed,False
order_R0747_0_아메리카노_hot,747,2026-09-12T11:30:00,5500,completed,False
order_R0747_0_아메리카노_ice,747,2026-10-24T18:44:00,11000,completed,False
order_R0747_0_카페라떼_hot,747,2026-03-25T21:12:00,5500,completed,False
order_R0747_0_카페라떼_ice,747,2026-04-01T20:58:00,11000,completed,False
order_R0747_0_드립커피,747,2026-08-13T13:55:00,5500,completed,False
order_R0747_0_바닐라라떼,747,2026-11-17T09:15:00,5500,completed,False
order_R0747_0_카라멜마끼아또,747,2026-02-05T17:29:00,11000,completed,False
order_R0748_0_아메리카노_hot,748,2026-10-26T11:19:00,5500,completed,False
order_R0748_0_아메리카노_ice,748,2026-05-22T13:20:00,16500,completed,False
order_R0748_0_드립커피,748,2026-02-08T19:19:00,5500,completed,False
order_R0748_0_바닐라라떼,748,2026-02-07T12:38:00,5500,completed,False
order_R0748_0_카라멜마끼아또,748,2026-02-27T18:35:00,5500,completed,False
order_R0748_0_프라푸치노,748,2026-07-22T16:58:00,16500,completed,False
order_R0748_0_말차프라페,748,2026-12-31T03:15:00,5500,completed,False
order_R0748_0_딸기스무디,748,2026-01-10T22:59:00,5500,completed,False
order_R0748_0_망고스무디,748,2026-07-31T07:29:00,5500,completed,False
order_R0749_0_에스프레소,749,2026-03-15T02:29:00,16500,completed,False
order_R0749_1_에스프레소,749,2026-09-26T12:53:00,11000,completed,False
order_R0749_2_에스프레소,749,2026-08-20T22:48:00,11000,completed,False
order_R0749_3_에스프레소,749,2026-08-25T02:39:00,11000,completed,False
order_R0749_4_에스프레소,749,2026-12-05T14:52:00,5500,completed,False
order_R0750_0_아메리카노_hot,750,2026-10-07T19:21:00,5500,completed,False
order_R0750_0_아메리카노_ice,750,2026-01-10T10:29:00,5500,completed,False
order_R0750_0_카푸치노,750,2026-01-19T08:35:00,5500,completed,False
order_R0750_1_카푸치노,750,2026-04-25T19:20:00,11000,completed,False
order_R0751_0_아메리카노_hot,751,2026-05-28T08:39:00,5500,completed,False
order_R0751_0_아메리카노_ice,751,2026-10-13T17:37:00,5500,completed,False
order_R0752_0_아메리카노_hot,752,2026-02-14T02:24:00,5500,completed,False
order_R0752_0_아메리카노_ice,752,2026-03-15T21:19:00,11000,completed,False
order_R0752_0_콜드브루,752,2026-12-14T05:02:00,11000,completed,False
order_R0752_1_콜드브루,752,2026-08-31T15:53:00,11000,completed,False
order_R0752_2_콜드브루,752,2026-02-09T10:16:00,11000,completed,False
order_R0752_3_콜드브루,752,2026-10-04T13:50:00,5500,completed,False
order_R0752_4_콜드브루,752,2026-11-01T04:18:00,5500,completed,False
order_R0752_0_딸기스무디,752,2026-10-15T19:05:00,5500,completed,False
order_R0752_0_망고스무디,752,2026-07-25T19:49:00,5500,completed,False
order_R0753_0_에스프레소,753,2026-04-21T22:57:00,5500,completed,False
order_R0753_0_아메리카노_hot,753,2026-08-08T20:33:00,11000,completed,False
order_R0753_0_아메리카노_ice,753,2026-01-16T09:47:00,5500,completed,False
order_R0753_0_카페라떼_hot,753,2026-08-05T11:33:00,11000,completed,False
order_R0753_0_카페라떼_ice,753,2026-02-10T10:56:00,11000,completed,False
order_R0753_0_바닐라라떼,753,2026-04-01T20:57:00,5500,completed,False
order_R0753_0_카라멜마끼아또,753,2026-01-04T16:23:00,5500,completed,False
order_R0753_0_복숭아아이스티,753,2026-09-05T11:09:00,5500,completed,False
order_R0753_0_자몽허니블랙티,753,2026-10-14T15:15:00,11000,completed,False
order_R0753_0_레몬에이드,753,2026-03-22T03:44:00,11000,completed,False
order_R0753_0_자몽에이드,753,2026-06-29T12:10:00,5500,completed,False
order_R0754_0_바닐라라떼,754,2026-02-03T17:05:00,5500,completed,False
order_R0754_0_카라멜마끼아또,754,2026-03-10T06:55:00,11000,completed,False
order_R0754_0_프라푸치노,754,2026-02-19T21:59:00,5500,completed,False
order_R0754_0_말차프라페,754,2026-06-07T14:49:00,11000,completed,False
order_R0754_0_녹차라떼,754,2026-10-09T18:33:00,5500,completed,False
order_R0754_0_캐모마일티,754,2026-11-15T23:36:00,11000,completed,False
order_R0754_0_복숭아아이스티,754,2026-09-13T15:59:00,5500,completed,False
order_R0754_0_자몽허니블랙티,754,2026-11-21T22:50:00,5500,completed,False
order_R0755_0_카푸치노,755,2026-01-26T17:53:00,11000,completed,False
order_R0755_0_콜드브루,755,2026-02-14T15:22:00,5500,completed,False
order_R0755_1_콜드브루,755,2026-04-20T09:06:00,11000,completed,False
order_R0755_2_콜드브루,755,2026-06-02T11:55:00,5500,completed,False
order_R0755_0_레몬에이드,755,2026-10-18T22:27:00,5500,completed,False
order_R0755_0_자몽에이드,755,2026-01-08T21:17:00,5500,completed,False
order_R0755_0_딸기스무디,755,2026-02-19T20:35:00,5500,completed,False
order_R0755_0_망고스무디,755,2026-03-06T12:59:00,11000,completed,False
order_R0756_0_에스프레소,756,2026-07-26T20:36:00,11000,completed,False
order_R0756_0_아메리카노_hot,756,2026-07-11T10:54:00,11000,completed,False
order_R0756_0_아메리카노_ice,756,2026-06-22T12:41:00,11000,completed,False
order_R0756_0_카페라떼_hot,756,2026-03-03T01:33:00,5500,completed,False
order_R0756_0_카페라떼_ice,756,2026-01-25T21:11:00,5500,completed,False
order_R0756_0_콜드브루,756,2026-07-03T11:49:00,5500,completed,False
order_R0756_0_바닐라라떼,756,2026-12-07T18:20:00,5500,completed,False
order_R0756_0_카라멜마끼아또,756,2026-01-29T22:17:00,5500,completed,False
order_R0756_0_레몬에이드,756,2026-03-03T04:53:00,5500,completed,False
order_R0756_0_자몽에이드,756,2026-06-26T00:57:00,5500,completed,False
order_R0757_0_아메리카노_hot,757,2026-08-30T12:13:00,5500,completed,False
order_R0757_0_아메리카노_ice,757,2026-12-26T14:36:00,11000,completed,False
order_R0757_0_프라푸치노,757,2026-09-19T18:34:00,5500,completed,False
order_R0757_0_말차프라페,757,2026-12-31T10:54:00,16500,completed,False
order_R0757_0_복숭아아이스티,757,2026-09-10T10:30:00,11000,completed,False
order_R0757_0_자몽허니블랙티,757,2026-03-08T09:40:00,5500,completed,False
order_R0758_0_아메리카노_hot,758,2026-06-02T13:09:00,11000,completed,False
order_R0758_0_아메리카노_ice,758,2026-03-03T22:41:00,5500,completed,False
order_R0758_0_복숭아아이스티,758,2026-03-07T20:05:00,5500,completed,False
order_R0758_0_자몽허니블랙티,758,2026-04-16T21:31:00,5500,completed,False
order_R0759_0_아메리카노_hot,759,2026-08-28T08:26:00,5500,completed,False
order_R0759_0_아메리카노_ice,759,2026-05-30T23:41:00,11000,completed,False
order_R0759_0_카페라떼_hot,759,2026-12-08T10:28:00,5500,completed,False
order_R0759_0_카페라떼_ice,759,2026-12-28T22:52:00,5500,completed,False
order_R0759_0_바닐라라떼,759,2026-11-04T08:59:00,5500,completed,False
order_R0759_0_카라멜마끼아또,759,2026-02-28T23:26:00,5500,completed,False
order_R0760_0_카페라떼_hot,760,2026-07-28T13:31:00,5500,completed,False
order_R0760_0_카페라떼_ice,760,2026-10-06T23:07:00,5500,completed,False
order_R0760_0_드립커피,760,2026-11-17T06:55:00,5500,completed,False
order_R0760_0_레몬에이드,760,2026-12-09T13:12:00,5500,completed,False
order_R0760_0_자몽에이드,760,2026-05-09T11:11:00,11000,completed,False
order_R0761_0_아메리카노_hot,761,2026-06-02T07:20:00,11000,completed,False
order_R0761_0_아메리카노_ice,761,2026-08-21T21:21:00,5500,completed,False
order_R0761_0_카페라떼_hot,761,2026-07-26T15:34:00,5500,completed,False
order_R0761_0_카페라떼_ice,761,2026-07-07T15:50:00,5500,completed,False
order_R0762_0_아메리카노_hot,762,2026-07-09T23:39:00,5500,completed,False
order_R0762_0_아메리카노_ice,762,2026-11-21T21:14:00,11000,completed,False
order_R0762_0_카푸치노,762,2026-09-19T03:04:00,5500,completed,False
order_R0762_1_카푸치노,762,2026-03-04T19:19:00,5500,completed,False
order_R0762_0_딸기스무디,762,2026-08-28T04:24:00,5500,completed,False
order_R0762_0_망고스무디,762,2026-10-22T13:44:00,16500,completed,False
order_R0763_0_아메리카노_hot,763,2026-12-04T19:45:00,5500,completed,False
order_R0763_0_아메리카노_ice,763,2026-05-10T20:14:00,5500,completed,False
order_R0763_0_프라푸치노,763,2026-06-14T11:41:00,11000,completed,False
order_R0763_0_말차프라페,763,2026-04-28T13:18:00,5500,completed,False
order_R0763_0_녹차라떼,763,2026-02-08T12:44:00,11000,completed,False
order_R0763_0_캐모마일티,763,2026-04-30T10:45:00,5500,completed,False
order_R0763_0_레몬에이드,763,2026-11-02T15:17:00,11000,completed,False
order_R0763_0_자몽에이드,763,2026-01-01T12:09:00,5500,completed,False
order_R0763_0_딸기스무디,763,2026-09-26T22:07:00,5500,completed,False
order_R0763_0_망고스무디,763,2026-01-16T07:40:00,5500,completed,False
order_R0764_0_아메리카노_hot,764,2026-08-19T04:09:00,5500,completed,False
order_R0764_0_아메리카노_ice,764,2026-07-08T21:24:00,5500,completed,False
order_R0764_0_콜드브루라떼,764,2026-11-19T11:58:00,5500,completed,False
order_R0764_0_바닐라라떼,764,2026-05-31T22:06:00,5500,completed,False
order_R0764_0_카라멜마끼아또,764,2026-03-11T18:21:00,5500,completed,False
order_R0764_0_복숭아아이스티,764,2026-05-20T06:24:00,5500,completed,False
order_R0764_0_자몽허니블랙티,764,2026-09-20T13:46:00,5500,completed,False
order_R0764_0_레몬에이드,764,2026-11-14T07:51:00,5500,completed,False
order_R0764_0_자몽에이드,764,2026-11-01T20:13:00,5500,completed,False
order_R0765_0_아메리카노_hot,765,2026-04-23T23:30:00,5500,completed,False
order_R0765_0_아메리카노_ice,765,2026-04-17T12:50:00,16500,completed,False
order_R0765_0_콜드브루,765,2026-08-30T07:18:00,5500,completed,False
order_R0765_1_콜드브루,765,2026-12-01T12:39:00,5500,completed,False
order_R0765_2_콜드브루,765,2026-11-16T08:17:00,5500,completed,False
order_R0765_3_콜드브루,765,2026-08-16T06:32:00,5500,completed,False
order_R0765_4_콜드브루,765,2026-05-04T19:42:00,5500,completed,False
order_R0765_5_콜드브루,765,2026-09-01T22:49:00,5500,completed,False
order_R0765_0_프라푸치노,765,2026-12-16T10:46:00,5500,completed,False
order_R0765_0_말차프라페,765,2026-08-29T20:53:00,5500,completed,False
order_R0766_0_에스프레소,766,2026-03-27T23:17:00,16500,completed,False
order_R0766_0_아메리카노_hot,766,2026-09-08T04:24:00,5500,completed,False
order_R0766_0_아메리카노_ice,766,2026-03-29T17:34:00,16500,completed,False
order_R0766_0_콜드브루라떼,766,2026-12-23T23:36:00,5500,completed,False
order_R0766_0_프라푸치노,766,2026-02-12T16:19:00,16500,completed,False
order_R0766_0_말차프라페,766,2026-04-27T03:57:00,5500,completed,False
order_R0766_0_녹차라떼,766,2026-12-03T13:12:00,16500,completed,False
order_R0766_0_캐모마일티,766,2026-01-09T06:03:00,11000,completed,False
order_R0766_0_딸기스무디,766,2026-02-21T07:55:00,5500,completed,False
order_R0766_0_망고스무디,766,2026-02-11T22:37:00,11000,completed,False
order_R0767_0_아메리카노_hot,767,2026-03-08T07:52:00,11000,completed,False
order_R0767_0_아메리카노_ice,767,2026-01-20T17:47:00,11000,completed,False
order_R0767_0_콜드브루,767,2026-10-21T22:57:00,5500,completed,False
order_R0767_1_콜드브루,767,2026-08-31T11:12:00,11000,completed,False
order_R0767_0_복숭아아이스티,767,2026-12-16T21:02:00,5500,completed,False
order_R0767_0_자몽허니블랙티,767,2026-07-22T13:00:00,5500,completed,False
order_R0767_0_레몬에이드,767,2026-11-27T21:53:00,11000,completed,False
order_R0767_0_자몽에이드,767,2026-07-22T12:08:00,5500,completed,False
order_R0768_0_아메리카노_hot,768,2026-02-25T05:22:00,16500,completed,False
order_R0768_0_아메리카노_ice,768,2026-03-21T19:05:00,5500,completed,False
order_R0768_0_카페라떼_hot,768,2026-02-15T15:40:00,5500,completed,False
order_R0768_0_카페라떼_ice,768,2026-09-19T17:20:00,5500,completed,False
order_R0768_0_콜드브루라떼,768,2026-11-01T19:19:00,16500,completed,False
order_R0768_0_바닐라라떼,768,2026-12-29T20:36:00,5500,completed,False
order_R0768_0_카라멜마끼아또,768,2026-10-28T12:16:00,16500,completed,False
order_R0769_0_아메리카노_hot,769,2026-03-13T14:13:00,5500,completed,False
order_R0769_0_아메리카노_ice,769,2026-12-19T11:30:00,5500,completed,False
order_R0769_0_카페라떼_hot,769,2026-08-26T13:06:00,16500,completed,False
order_R0769_0_카페라떼_ice,769,2026-10-12T21:11:00,11000,completed,False
order_R0769_0_복숭아아이스티,769,2026-01-14T11:44:00,5500,completed,False
order_R0769_0_자몽허니블랙티,769,2026-10-07T13:37:00,11000,completed,False
order_R0770_0_아메리카노_hot,770,2026-01-11T12:25:00,11000,completed,False
order_R0770_0_아메리카노_ice,770,2026-03-27T23:43:00,5500,completed,False
order_R0770_0_바닐라라떼,770,2026-07-14T16:31:00,11000,completed,False
order_R0770_0_카라멜마끼아또,770,2026-11-25T19:48:00,16500,completed,False
order_R0771_0_아메리카노_hot,771,2026-09-20T02:42:00,16500,completed,False
order_R0771_0_아메리카노_ice,771,2026-12-20T20:41:00,11000,completed,False
order_R0771_0_콜드브루라떼,771,2026-10-06T03:42:00,5500,completed,False
order_R0771_0_녹차라떼,771,2026-03-20T12:35:00,11000,completed,False
order_R0771_0_캐모마일티,771,2026-01-09T03:49:00,5500,completed,False
order_R0771_0_복숭아아이스티,771,2026-08-27T03:02:00,5500,completed,False
order_R0771_0_자몽허니블랙티,771,2026-04-08T14:13:00,5500,completed,False
order_R0771_0_딸기스무디,771,2026-04-28T05:37:00,5500,completed,False
order_R0771_0_망고스무디,771,2026-11-26T23:36:00,5500,completed,False
order_R0772_0_아메리카노_hot,772,2026-02-09T13:37:00,5500,completed,False
order_R0772_0_아메리카노_ice,772,2026-11-05T06:14:00,11000,completed,False
order_R0772_0_카페라떼_hot,772,2026-03-04T23:46:00,5500,completed,False
order_R0772_0_카페라떼_ice,772,2026-03-20T12:47:00,5500,completed,False
order_R0772_0_카푸치노,772,2026-11-05T18:41:00,11000,completed,False
order_R0772_0_드립커피,772,2026-03-10T07:57:00,16500,completed,False
order_R0772_0_프라푸치노,772,2026-04-04T22:10:00,5500,completed,False
order_R0772_0_말차프라페,772,2026-02-11T13:48:00,11000,completed,False
order_R0772_0_복숭아아이스티,772,2026-07-29T06:11:00,11000,completed,False
order_R0772_0_자몽허니블랙티,772,2026-01-08T07:23:00,5500,completed,False
order_R0773_0_콜드브루라떼,773,2026-07-09T23:16:00,5500,completed,False
order_R0773_0_바닐라라떼,773,2026-10-21T07:00:00,5500,completed,False
order_R0773_0_카라멜마끼아또,773,2026-06-03T11:25:00,5500,completed,False
order_R0773_0_녹차라떼,773,2026-11-24T20:40:00,16500,completed,False
order_R0773_0_캐모마일티,773,2026-06-01T00:19:00,5500,completed,False
order_R0773_0_복숭아아이스티,773,2026-12-26T09:07:00,5500,completed,False
order_R0773_0_자몽허니블랙티,773,2026-12-25T13:59:00,5500,completed,False
order_R0773_0_레몬에이드,773,2026-02-02T18:48:00,5500,completed,False
order_R0773_0_자몽에이드,773,2026-08-17T14:42:00,11000,completed,False
order_R0774_0_아메리카노_hot,774,2026-08-12T17:07:00,16500,completed,False
order_R0774_0_아메리카노_ice,774,2026-04-08T10:09:00,5500,completed,False
order_R0774_0_카페라떼_hot,774,2026-12-12T11:44:00,11000,completed,False
order_R0774_0_카페라떼_ice,774,2026-09-15T22:42:00,11000,completed,False
order_R0774_0_드립커피,774,2026-10-12T23:23:00,11000,completed,False
order_R0774_0_복숭아아이스티,774,2026-04-06T11:18:00,5500,completed,False
order_R0774_0_자몽허니블랙티,774,2026-11-07T08:42:00,11000,completed,False
order_R0775_0_아메리카노_hot,775,2026-06-29T03:57:00,5500,completed,False
order_R0775_0_아메리카노_ice,775,2026-05-22T18:53:00,5500,completed,False
order_R0775_0_카페라떼_hot,775,2026-01-11T22:22:00,11000,completed,False
order_R0775_0_카페라떼_ice,775,2026-11-30T18:39:00,16500,completed,False
order_R0775_0_드립커피,775,2026-12-02T19:46:00,5500,completed,False
order_R0776_0_아메리카노_hot,776,2026-10-30T19:48:00,5500,completed,False
order_R0776_0_아메리카노_ice,776,2026-12-21T23:50:00,11000,completed,False
order_R0776_0_콜드브루라떼,776,2026-07-15T12:56:00,11000,completed,False
order_R0776_0_바닐라라떼,776,2026-03-27T15:38:00,5500,completed,False
order_R0776_0_카라멜마끼아또,776,2026-12-22T07:10:00,5500,completed,False
order_R0776_0_복숭아아이스티,776,2026-06-22T04:02:00,16500,completed,False
order_R0776_0_자몽허니블랙티,776,2026-02-19T19:42:00,5500,completed,False
order_R0777_0_아메리카노_hot,777,2026-11-10T17:21:00,5500,completed,False
order_R0777_0_아메리카노_ice,777,2026-03-16T07:46:00,11000,completed,False
order_R0777_0_카페라떼_hot,777,2026-04-05T19:35:00,11000,completed,False
order_R0777_0_카페라떼_ice,777,2026-03-13T09:20:00,5500,completed,False
order_R0777_0_바닐라라떼,777,2026-10-03T12:59:00,5500,completed,False
order_R0777_0_카라멜마끼아또,777,2026-05-30T16:21:00,5500,completed,False
order_R0777_0_복숭아아이스티,777,2026-11-10T15:18:00,5500,completed,False
order_R0777_0_자몽허니블랙티,777,2026-09-25T22:29:00,5500,completed,False
order_R0777_0_레몬에이드,777,2026-01-22T14:49:00,5500,completed,False
order_R0777_0_자몽에이드,777,2026-06-12T11:54:00,11000,completed,False
order_R0778_0_아메리카노_hot,778,2026-07-07T11:50:00,16500,completed,False
order_R0778_0_아메리카노_ice,778,2026-12-17T06:13:00,5500,completed,False
order_R0778_0_드립커피,778,2026-11-04T18:40:00,11000,completed,False
order_R0778_0_바닐라라떼,778,2026-09-22T09:36:00,5500,completed,False
order_R0778_0_카라멜마끼아또,778,2026-12-28T22:46:00,11000,completed,False
order_R0778_0_프라푸치노,778,2026-12-26T12:44:00,5500,completed,False
order_R0778_0_말차프라페,778,2026-10-26T03:26:00,11000,completed,False
order_R0778_0_레몬에이드,778,2026-08-03T09:58:00,5500,completed,False
order_R0778_0_자몽에이드,778,2026-12-12T06:38:00,11000,completed,False
order_R0779_0_아메리카노_hot,779,2026-02-20T21:39:00,16500,completed,False
order_R0779_0_아메리카노_ice,779,2026-12-18T20:41:00,5500,completed,False
order_R0779_0_바닐라라떼,779,2026-09-11T20:12:00,5500,completed,False
order_R0779_0_카라멜마끼아또,779,2026-03-27T07:31:00,5500,completed,False
order_R0780_0_콜드브루,780,2026-03-08T10:22:00,16500,completed,False
order_R0780_1_콜드브루,780,2026-06-20T22:19:00,5500,completed,False
order_R0780_2_콜드브루,780,2026-10-24T15:44:00,5500,completed,False
order_R0780_0_바닐라라떼,780,2026-11-25T11:54:00,11000,completed,False
order_R0780_0_카라멜마끼아또,780,2026-05-07T14:47:00,11000,completed,False
order_R0781_0_에스프레소,781,2026-05-29T00:54:00,5500,completed,False
order_R0781_0_아메리카노_hot,781,2026-05-06T19:31:00,5500,completed,False
order_R0781_0_아메리카노_ice,781,2026-11-04T18:41:00,5500,completed,False
order_R0781_0_드립커피,781,2026-04-18T12:26:00,16500,completed,False
order_R0781_0_바닐라라떼,781,2026-05-07T12:51:00,5500,completed,False
order_R0781_0_카라멜마끼아또,781,2026-02-23T14:22:00,5500,completed,False
order_R0781_0_레몬에이드,781,2026-03-28T18:04:00,5500,completed,False
order_R0781_0_자몽에이드,781,2026-03-05T07:53:00,11000,completed,False
order_R0782_0_카페라떼_hot,782,2026-10-26T10:17:00,11000,completed,False
order_R0782_0_카페라떼_ice,782,2026-01-11T19:15:00,11000,completed,False
order_R0782_0_콜드브루라떼,782,2026-11-12T16:43:00,11000,completed,False
order_R0782_0_바닐라라떼,782,2026-05-17T23:09:00,5500,completed,False
order_R0782_0_카라멜마끼아또,782,2026-03-19T12:55:00,11000,completed,False
order_R0782_0_녹차라떼,782,2026-02-14T05:23:00,5500,completed,False
order_R0782_0_캐모마일티,782,2026-08-22T21:20:00,5500,completed,False
order_R0783_0_아메리카노_hot,783,2026-11-19T13:17:00,5500,completed,False
order_R0783_0_아메리카노_ice,783,2026-12-08T03:22:00,5500,completed,False
order_R0784_0_아메리카노_hot,784,2026-03-03T11:03:00,5500,completed,False
order_R0784_0_아메리카노_ice,784,2026-11-14T23:36:00,16500,completed,False
order_R0784_0_복숭아아이스티,784,2026-01-21T09:08:00,11000,completed,False
order_R0784_0_자몽허니블랙티,784,2026-06-11T16:53:00,5500,completed,False
order_R0784_0_딸기스무디,784,2026-06-02T09:45:00,11000,completed,False
order_R0784_0_망고스무디,784,2026-07-14T18:55:00,5500,completed,False
order_R0785_0_아메리카노_hot,785,2026-06-28T13:29:00,5500,completed,False
order_R0785_0_아메리카노_ice,785,2026-07-23T14:08:00,11000,completed,False
order_R0785_0_카페라떼_hot,785,2026-08-24T15:28:00,5500,completed,False
order_R0785_0_카페라떼_ice,785,2026-02-04T08:41:00,11000,completed,False
order_R0786_0_아메리카노_hot,786,2026-06-21T09:20:00,16500,completed,False
order_R0786_0_아메리카노_ice,786,2026-07-16T14:21:00,5500,completed,False
order_R0786_0_카푸치노,786,2026-07-13T17:35:00,5500,completed,False
order_R0786_0_드립커피,786,2026-12-19T11:33:00,11000,completed,False
order_R0786_0_딸기스무디,786,2026-05-05T17:42:00,5500,completed,False
order_R0786_0_망고스무디,786,2026-12-22T17:31:00,11000,completed,False
order_R0787_0_아메리카노_hot,787,2026-11-20T20:34:00,5500,completed,False
order_R0787_0_아메리카노_ice,787,2026-06-24T23:52:00,5500,completed,False
order_R0787_0_드립커피,787,2026-08-01T14:45:00,5500,completed,False
order_R0787_0_레몬에이드,787,2026-06-10T17:15:00,11000,completed,False
order_R0787_0_자몽에이드,787,2026-01-03T08:27:00,5500,completed,False
order_R0787_0_딸기스무디,787,2026-03-07T10:33:00,11000,completed,False
order_R0787_0_망고스무디,787,2026-06-22T18:11:00,5500,completed,False
order_R0788_0_아메리카노_hot,788,2026-11-16T21:59:00,11000,completed,False
order_R0788_0_아메리카노_ice,788,2026-01-27T20:22:00,16500,completed,False
order_R0788_0_레몬에이드,788,2026-11-07T13:07:00,5500,completed,False
order_R0788_0_자몽에이드,788,2026-11-02T10:58:00,16500,completed,False
order_R0788_0_딸기스무디,788,2026-05-16T15:00:00,5500,completed,False
order_R0788_0_망고스무디,788,2026-02-02T08:44:00,16500,completed,False
order_R0789_0_아메리카노_hot,789,2026-11-30T11:14:00,5500,completed,False
order_R0789_0_아메리카노_ice,789,2026-12-12T11:24:00,5500,completed,False
order_R0789_0_카페라떼_hot,789,2026-10-11T14:35:00,5500,completed,False
order_R0789_0_카페라떼_ice,789,2026-08-06T16:23:00,5500,completed,False
order_R0789_0_바닐라라떼,789,2026-11-13T23:25:00,5500,completed,False
order_R0789_0_카라멜마끼아또,789,2026-07-07T05:16:00,11000,completed,False
order_R0789_0_프라푸치노,789,2026-12-01T16:18:00,11000,completed,False
order_R0789_0_말차프라페,789,2026-08-02T07:46:00,11000,completed,False
order_R0790_0_아메리카노_hot,790,2026-12-25T17:57:00,11000,completed,False
order_R0790_0_아메리카노_ice,790,2026-06-27T16:11:00,16500,completed,False
order_R0790_0_바닐라라떼,790,2026-08-30T15:37:00,5500,completed,False
order_R0790_0_카라멜마끼아또,790,2026-07-07T04:21:00,5500,completed,False
order_R0790_0_레몬에이드,790,2026-12-27T08:55:00,5500,completed,False
order_R0790_0_자몽에이드,790,2026-12-22T07:10:00,5500,completed,False
order_R0790_0_딸기스무디,790,2026-03-31T10:03:00,11000,completed,False
order_R0790_0_망고스무디,790,2026-07-20T15:52:00,5500,completed,False
order_R0791_0_아메리카노_hot,791,2026-10-01T23:48:00,5500,completed,False
order_R0791_0_아메리카노_ice,791,2026-06-09T11:35:00,5500,completed,False
order_R0791_0_바닐라라떼,791,2026-07-14T11:48:00,5500,completed,False
order_R0791_0_카라멜마끼아또,791,2026-11-05T23:50:00,5500,completed,False
order_R0792_0_아메리카노_hot,792,2026-02-25T22:36:00,5500,completed,False
order_R0792_0_아메리카노_ice,792,2026-02-24T18:24:00,5500,completed,False
order_R0792_0_카페라떼_hot,792,2026-05-20T00:37:00,5500,completed,False
order_R0792_0_카페라떼_ice,792,2026-03-06T12:39:00,5500,completed,False
order_R0792_0_바닐라라떼,792,2026-05-25T18:05:00,5500,completed,False
order_R0792_0_카라멜마끼아또,792,2026-05-25T23:56:00,5500,completed,False
order_R0792_0_딸기스무디,792,2026-09-22T14:44:00,5500,completed,False
order_R0792_0_망고스무디,792,2026-10-22T14:19:00,11000,completed,False
order_R0793_0_아메리카노_hot,793,2026-04-28T12:25:00,5500,completed,False
order_R0793_0_아메리카노_ice,793,2026-06-02T20:02:00,11000,completed,False
order_R0793_0_카페라떼_hot,793,2026-09-18T12:57:00,5500,completed,False
order_R0793_0_카페라떼_ice,793,2026-06-28T08:59:00,5500,completed,False
order_R0793_0_복숭아아이스티,793,2026-08-07T13:57:00,11000,completed,False
order_R0793_0_자몽허니블랙티,793,2026-09-02T18:04:00,16500,completed,False
order_R0794_0_아메리카노_hot,794,2026-08-14T19:34:00,5500,completed,False
order_R0794_0_아메리카노_ice,794,2026-03-22T18:33:00,5500,completed,False
order_R0794_0_카페라떼_hot,794,2026-12-03T09:33:00,5500,completed,False
order_R0794_0_카페라떼_ice,794,2026-05-04T06:46:00,5500,completed,False
order_R0794_0_바닐라라떼,794,2026-11-08T13:50:00,5500,completed,False
order_R0794_0_카라멜마끼아또,794,2026-08-28T22:32:00,16500,completed,False
order_R0794_0_프라푸치노,794,2026-07-26T16:01:00,5500,completed,False
order_R0794_0_말차프라페,794,2026-07-27T23:46:00,5500,completed,False
order_R0794_0_녹차라떼,794,2026-10-16T09:32:00,11000,completed,False
order_R0794_0_캐모마일티,794,2026-05-02T07:17:00,5500,completed,False
order_R0794_0_레몬에이드,794,2026-06-24T05:31:00,11000,completed,False
order_R0794_0_자몽에이드,794,2026-09-09T14:35:00,11000,completed,False
order_R0794_0_딸기스무디,794,2026-05-07T17:23:00,16500,completed,False
order_R0794_0_망고스무디,794,2026-12-30T11:17:00,11000,completed,False
order_R0795_0_바닐라라떼,795,2026-06-06T14:26:00,11000,completed,False
order_R0795_0_카라멜마끼아또,795,2026-10-27T13:10:00,16500,completed,False
order_R0796_0_아메리카노_hot,796,2026-04-02T19:23:00,11000,completed,False
order_R0796_0_아메리카노_ice,796,2026-02-17T16:31:00,5500,completed,False
order_R0796_0_카페라떼_hot,796,2026-10-03T20:11:00,11000,completed,False
order_R0796_0_카페라떼_ice,796,2026-04-08T19:22:00,5500,completed,False
order_R0796_0_바닐라라떼,796,2026-04-13T05:54:00,5500,completed,False
order_R0796_0_카라멜마끼아또,796,2026-11-16T20:22:00,11000,completed,False
order_R0796_0_녹차라떼,796,2026-05-11T08:11:00,11000,completed,False
order_R0796_0_캐모마일티,796,2026-02-19T23:18:00,5500,completed,False
order_R0796_0_복숭아아이스티,796,2026-12-08T19:10:00,11000,completed,False
order_R0796_0_자몽허니블랙티,796,2026-01-24T18:37:00,5500,completed,False
order_R0796_0_레몬에이드,796,2026-07-27T17:03:00,11000,completed,False
order_R0796_0_자몽에이드,796,2026-05-19T15:25:00,16500,completed,False
order_R0797_0_카페라떼_hot,797,2026-09-01T19:41:00,5500,completed,False
order_R0797_0_카페라떼_ice,797,2026-08-18T22:42:00,5500,completed,False
order_R0797_0_복숭아아이스티,797,2026-02-05T17:23:00,11000,completed,False
order_R0797_0_자몽허니블랙티,797,2026-01-27T14:28:00,5500,completed,False
order_R0797_0_레몬에이드,797,2026-05-01T15:30:00,11000,completed,False
order_R0797_0_자몽에이드,797,2026-05-27T11:38:00,5500,completed,False
order_R0798_0_에스프레소,798,2026-11-06T22:54:00,5500,completed,False
order_R0798_1_에스프레소,798,2026-12-13T23:00:00,5500,completed,False
order_R0798_0_카페라떼_hot,798,2026-02-25T23:18:00,11000,completed,False
order_R0798_0_카페라떼_ice,798,2026-01-02T08:19:00,11000,completed,False
order_R0798_0_콜드브루라떼,798,2026-07-28T12:02:00,5500,completed,False
order_R0798_0_레몬에이드,798,2026-10-17T19:25:00,5500,completed,False
order_R0798_0_자몽에이드,798,2026-06-10T17:17:00,5500,completed,False
order_R0799_0_아메리카노_hot,799,2026-10-07T09:12:00,5500,completed,False
order_R0799_0_아메리카노_ice,799,2026-05-06T11:31:00,5500,completed,False
order_R0799_0_카페라떼_hot,799,2026-11-20T17:05:00,11000,completed,False
order_R0799_0_카페라떼_ice,799,2026-10-19T17:51:00,5500,completed,False
order_R0799_0_콜드브루,799,2026-09-24T21:04:00,11000,completed,False
order_R0799_0_바닐라라떼,799,2026-05-10T12:52:00,5500,completed,False
order_R0799_0_카라멜마끼아또,799,2026-04-23T17:22:00,11000,completed,False
order_R0799_0_녹차라떼,799,2026-04-12T08:22:00,5500,completed,False
order_R0799_0_캐모마일티,799,2026-07-24T20:15:00,5500,completed,False
order_R0799_0_복숭아아이스티,799,2026-12-02T20:27:00,5500,completed,False
order_R0799_0_자몽허니블랙티,799,2026-11-01T08:18:00,5500,completed,False
order_R0799_0_레몬에이드,799,2026-06-09T20:27:00,11000,completed,False
order_R0799_0_자몽에이드,799,2026-02-11T11:27:00,11000,completed,False
order_R0799_0_딸기스무디,799,2026-04-23T00:06:00,16500,completed,False
order_R0799_0_망고스무디,799,2026-10-17T14:47:00,5500,completed,False
order_R0800_0_카푸치노,800,2026-08-26T21:54:00,5500,completed,False
order_R0800_1_카푸치노,800,2026-04-25T10:40:00,5500,completed,False
order_R0801_0_아메리카노_hot,801,2026-12-06T12:03:00,11000,completed,False
order_R0801_0_아메리카노_ice,801,2026-12-10T20:10:00,11000,completed,False
order_R0801_0_카페라떼_hot,801,2026-02-01T13:42:00,11000,completed,False
order_R0801_0_카페라떼_ice,801,2026-12-16T03:07:00,11000,completed,False
order_R0802_0_콜드브루라떼,802,2026-11-30T21:39:00,16500,completed,False
order_R0802_1_콜드브루라떼,802,2026-10-25T06:07:00,5500,completed,False
order_R0802_2_콜드브루라떼,802,2026-05-12T14:55:00,5500,completed,False
order_R0802_3_콜드브루라떼,802,2026-07-23T06:20:00,5500,completed,False
order_R0803_0_드립커피,803,2026-02-01T21:01:00,5500,completed,False
order_R0804_0_아메리카노_hot,804,2026-07-12T07:39:00,5500,completed,False
order_R0804_0_아메리카노_ice,804,2026-08-01T03:17:00,5500,completed,False
order_R0804_0_콜드브루,804,2026-03-05T16:46:00,16500,completed,False
order_R0804_1_콜드브루,804,2026-09-10T02:14:00,5500,completed,False
order_R0804_2_콜드브루,804,2026-09-27T18:01:00,5500,completed,False
order_R0805_0_아메리카노_hot,805,2026-03-15T22:06:00,5500,completed,False
order_R0805_0_아메리카노_ice,805,2026-05-20T14:30:00,5500,completed,False
order_R0805_0_카페라떼_hot,805,2026-05-04T07:17:00,11000,completed,False
order_R0805_0_카페라떼_ice,805,2026-05-06T05:40:00,16500,completed,False
order_R0805_0_드립커피,805,2026-10-09T18:37:00,11000,completed,False
order_R0805_0_레몬에이드,805,2026-06-06T15:14:00,16500,completed,False
order_R0805_0_자몽에이드,805,2026-02-15T20:45:00,5500,completed,False
order_R0806_0_카페라떼_hot,806,2026-09-14T03:53:00,5500,completed,False
order_R0806_0_카페라떼_ice,806,2026-02-18T18:49:00,5500,completed,False
order_R0806_0_콜드브루,806,2026-12-22T14:16:00,5500,completed,False
order_R0806_1_콜드브루,806,2026-01-28T12:13:00,16500,completed,False
order_R0806_2_콜드브루,806,2026-02-14T04:28:00,5500,completed,False
order_R0806_3_콜드브루,806,2026-06-11T17:17:00,16500,completed,False
order_R0806_4_콜드브루,806,2026-04-25T23:46:00,5500,completed,False
order_R0806_5_콜드브루,806,2026-03-11T12:59:00,5500,completed,False
order_R0807_0_아메리카노_hot,807,2026-06-23T17:15:00,16500,completed,False
order_R0807_0_아메리카노_ice,807,2026-08-24T00:31:00,5500,completed,False
order_R0807_0_바닐라라떼,807,2026-09-21T04:18:00,16500,completed,False
order_R0807_0_카라멜마끼아또,807,2026-06-19T23:32:00,11000,completed,False
order_R0807_0_복숭아아이스티,807,2026-08-08T17:11:00,11000,completed,False
order_R0807_0_자몽허니블랙티,807,2026-01-16T09:49:00,11000,completed,False
order_R0807_0_딸기스무디,807,2026-06-14T11:35:00,5500,completed,False
order_R0807_0_망고스무디,807,2026-12-14T04:28:00,5500,completed,False
order_R0808_0_아메리카노_hot,808,2026-04-29T07:50:00,11000,completed,False
order_R0808_0_아메리카노_ice,808,2026-08-06T18:18:00,5500,completed,False
order_R0808_0_복숭아아이스티,808,2026-02-23T12:28:00,5500,completed,False
order_R0808_0_자몽허니블랙티,808,2026-01-13T16:05:00,5500,completed,False
order_R0809_0_아메리카노_hot,809,2026-01-20T22:44:00,5500,completed,False
order_R0809_0_아메리카노_ice,809,2026-09-07T20:36:00,11000,completed,False
order_R0809_0_카페라떼_hot,809,2026-09-27T21:15:00,5500,completed,False
order_R0809_0_카페라떼_ice,809,2026-09-05T01:45:00,5500,completed,False
order_R0809_0_레몬에이드,809,2026-12-04T20:36:00,11000,completed,False
order_R0809_0_자몽에이드,809,2026-10-31T11:11:00,5500,completed,False
order_R0810_0_아메리카노_hot,810,2026-10-06T14:36:00,11000,completed,False
order_R0810_0_아메리카노_ice,810,2026-10-10T22:47:00,11000,completed,False
order_R0810_0_카푸치노,810,2026-02-06T09:15:00,11000,completed,False
order_R0810_0_콜드브루,810,2026-06-30T15:52:00,11000,completed,False
order_R0810_1_콜드브루,810,2026-12-23T03:16:00,5500,completed,False
order_R0810_0_바닐라라떼,810,2026-06-23T23:35:00,11000,completed,False
order_R0810_0_카라멜마끼아또,810,2026-11-30T13:30:00,11000,completed,False
order_R0810_0_복숭아아이스티,810,2026-07-22T09:54:00,5500,completed,False
order_R0810_0_자몽허니블랙티,810,2026-08-18T15:34:00,5500,completed,False
order_R0811_0_아메리카노_hot,811,2026-07-19T08:49:00,5500,completed,False
order_R0811_0_아메리카노_ice,811,2026-09-21T20:38:00,5500,completed,False
order_R0811_0_카페라떼_hot,811,2026-03-19T06:49:00,11000,completed,False
order_R0811_0_카페라떼_ice,811,2026-04-15T07:23:00,5500,completed,False
order_R0811_0_레몬에이드,811,2026-06-14T01:58:00,5500,completed,False
order_R0811_0_자몽에이드,811,2026-05-09T15:50:00,5500,completed,False
order_R0812_0_카푸치노,812,2026-01-16T16:13:00,11000,completed,False
order_R0812_0_바닐라라떼,812,2026-02-19T15:56:00,5500,completed,False
order_R0812_0_카라멜마끼아또,812,2026-01-30T13:57:00,5500,completed,False
order_R0812_0_녹차라떼,812,2026-07-11T06:03:00,11000,completed,False
order_R0812_0_캐모마일티,812,2026-02-11T21:11:00,5500,completed,False
order_R0812_0_딸기스무디,812,2026-05-29T17:25:00,16500,completed,False
order_R0812_0_망고스무디,812,2026-10-15T12:58:00,5500,completed,False
order_R0813_0_아메리카노_hot,813,2026-04-13T20:18:00,11000,completed,False
order_R0813_0_아메리카노_ice,813,2026-01-29T10:30:00,11000,completed,False
order_R0813_0_카페라떼_hot,813,2026-09-20T23:15:00,5500,completed,False
order_R0813_0_카페라떼_ice,813,2026-02-28T23:17:00,5500,completed,False
order_R0813_0_프라푸치노,813,2026-05-23T17:13:00,5500,completed,False
order_R0813_0_말차프라페,813,2026-12-14T15:41:00,5500,completed,False
order_R0814_0_아메리카노_hot,814,2026-07-13T23:44:00,5500,completed,False
order_R0814_0_아메리카노_ice,814,2026-03-01T11:41:00,11000,completed,False
order_R0814_0_드립커피,814,2026-01-31T05:29:00,11000,completed,False
order_R0814_0_복숭아아이스티,814,2026-10-05T11:46:00,5500,completed,False
order_R0814_0_자몽허니블랙티,814,2026-09-01T21:17:00,11000,completed,False
order_R0815_0_아메리카노_hot,815,2026-11-11T23:55:00,5500,completed,False
order_R0815_0_아메리카노_ice,815,2026-12-15T14:23:00,5500,completed,False
order_R0815_0_콜드브루,815,2026-06-27T16:35:00,11000,completed,False
order_R0815_1_콜드브루,815,2026-01-05T18:53:00,11000,completed,False
order_R0815_0_복숭아아이스티,815,2026-05-14T10:08:00,5500,completed,False
order_R0815_0_자몽허니블랙티,815,2026-10-14T16:23:00,11000,completed,False
order_R0816_0_카페라떼_hot,816,2026-12-10T08:41:00,5500,completed,False
order_R0816_0_카페라떼_ice,816,2026-08-13T07:36:00,16500,completed,False
order_R0816_0_딸기스무디,816,2026-05-11T16:42:00,5500,completed,False
order_R0816_0_망고스무디,816,2026-02-06T15:02:00,11000,completed,False
order_R0817_0_바닐라라떼,817,2026-10-13T19:24:00,5500,completed,False
order_R0817_0_카라멜마끼아또,817,2026-03-27T07:13:00,16500,completed,False
order_R0817_0_녹차라떼,817,2026-12-15T11:41:00,11000,completed,False
order_R0817_0_캐모마일티,817,2026-06-06T17:54:00,5500,completed,False
order_R0818_0_아메리카노_hot,818,2026-03-08T13:51:00,5500,completed,False
order_R0818_0_아메리카노_ice,818,2026-09-17T13:17:00,5500,completed,False
order_R0818_0_바닐라라떼,818,2026-05-08T19:07:00,5500,completed,False
order_R0818_0_카라멜마끼아또,818,2026-05-09T10:10:00,5500,completed,False
order_R0818_0_녹차라떼,818,2026-01-04T09:58:00,5500,completed,False
order_R0818_0_캐모마일티,818,2026-07-12T21:37:00,5500,completed,False
order_R0819_0_아메리카노_hot,819,2026-01-26T01:43:00,5500,completed,False
order_R0819_0_아메리카노_ice,819,2026-05-15T10:37:00,11000,completed,False
order_R0821_0_아메리카노_hot,821,2026-06-21T14:59:00,5500,completed,False
order_R0821_0_아메리카노_ice,821,2026-05-11T06:06:00,11000,completed,False
order_R0821_0_카페라떼_hot,821,2026-07-11T08:25:00,5500,completed,False
order_R0821_0_카페라떼_ice,821,2026-09-09T18:39:00,5500,completed,False
order_R0821_0_녹차라떼,821,2026-02-25T08:27:00,11000,completed,False
order_R0821_0_캐모마일티,821,2026-10-19T15:08:00,5500,completed,False
order_R0821_0_레몬에이드,821,2026-02-10T16:13:00,11000,completed,False
order_R0821_0_자몽에이드,821,2026-03-23T16:24:00,16500,completed,False
order_R0822_0_콜드브루,822,2026-07-15T07:28:00,5500,completed,False
order_R0822_1_콜드브루,822,2026-02-15T03:25:00,11000,completed,False
order_R0822_2_콜드브루,822,2026-03-20T08:56:00,5500,completed,False
order_R0822_3_콜드브루,822,2026-02-07T01:11:00,11000,completed,False
order_R0822_4_콜드브루,822,2026-02-15T18:32:00,11000,completed,False
order_R0822_5_콜드브루,822,2026-04-21T16:45:00,11000,completed,False
order_R0822_0_복숭아아이스티,822,2026-12-12T20:13:00,11000,completed,False
order_R0822_0_자몽허니블랙티,822,2026-01-24T00:36:00,5500,completed,False
order_R0823_0_카페라떼_hot,823,2026-10-12T11:58:00,5500,completed,False
order_R0823_0_카페라떼_ice,823,2026-12-02T16:08:00,5500,completed,False
order_R0824_0_딸기스무디,824,2026-06-28T18:18:00,5500,completed,False
order_R0824_0_망고스무디,824,2026-01-07T15:19:00,11000,completed,False
order_R0825_0_카푸치노,825,2026-06-06T14:51:00,5500,completed,False
order_R0825_1_카푸치노,825,2026-08-12T14:30:00,16500,completed,False
order_R0825_0_콜드브루,825,2026-07-21T10:46:00,11000,completed,False
order_R0825_1_콜드브루,825,2026-02-17T15:36:00,11000,completed,False
order_R0825_2_콜드브루,825,2026-05-29T23:22:00,11000,completed,False
order_R0825_3_콜드브루,825,2026-04-21T07:19:00,5500,completed,False
order_R0825_0_레몬에이드,825,2026-10-05T09:40:00,5500,completed,False
order_R0825_0_자몽에이드,825,2026-01-17T22:43:00,5500,completed,False
order_R0826_0_아메리카노_hot,826,2026-07-13T15:19:00,5500,completed,False
order_R0826_0_아메리카노_ice,826,2026-01-31T20:13:00,5500,completed,False
order_R0826_0_카페라떼_hot,826,2026-11-19T21:22:00,11000,completed,False
order_R0826_0_카페라떼_ice,826,2026-10-11T07:46:00,5500,completed,False
order_R0826_0_바닐라라떼,826,2026-07-10T16:30:00,5500,completed,False
order_R0826_0_카라멜마끼아또,826,2026-03-13T03:19:00,5500,completed,False
order_R0827_0_아메리카노_hot,827,2026-11-14T19:56:00,5500,completed,False
order_R0827_0_아메리카노_ice,827,2026-02-04T13:38:00,5500,completed,False
order_R0827_0_콜드브루라떼,827,2026-04-22T21:05:00,5500,completed,False
order_R0827_0_바닐라라떼,827,2026-09-25T16:18:00,11000,completed,False
order_R0827_0_카라멜마끼아또,827,2026-04-12T13:23:00,11000,completed,False
order_R0827_0_레몬에이드,827,2026-10-11T13:39:00,5500,completed,False
order_R0827_0_자몽에이드,827,2026-07-19T10:18:00,11000,completed,False
order_R0828_0_아메리카노_hot,828,2026-01-24T01:17:00,5500,completed,False
order_R0828_0_아메리카노_ice,828,2026-06-04T07:24:00,5500,completed,False
order_R0828_0_콜드브루라떼,828,2026-09-27T19:20:00,5500,completed,False
order_R0828_0_바닐라라떼,828,2026-03-18T04:25:00,5500,completed,False
order_R0828_0_카라멜마끼아또,828,2026-06-04T10:30:00,5500,completed,False
order_R0829_0_아메리카노_hot,829,2026-09-14T17:53:00,5500,completed,False
order_R0829_0_아메리카노_ice,829,2026-01-15T23:21:00,5500,completed,False
order_R0829_0_카페라떼_hot,829,2026-08-15T19:39:00,5500,completed,False
order_R0829_0_카페라떼_ice,829,2026-05-20T23:51:00,11000,completed,False
order_R0829_0_딸기스무디,829,2026-07-14T04:09:00,11000,completed,False
order_R0829_0_망고스무디,829,2026-12-31T17:06:00,16500,completed,False
order_R0830_0_아메리카노_hot,830,2026-10-17T23:31:00,11000,completed,False
order_R0830_0_아메리카노_ice,830,2026-06-19T09:00:00,5500,completed,False
order_R0830_0_카페라떼_hot,830,2026-06-13T06:01:00,11000,completed,False
order_R0830_0_카페라떼_ice,830,2026-07-12T23:32:00,5500,completed,False
order_R0830_0_콜드브루,830,2026-06-15T14:16:00,5500,completed,False
order_R0831_0_아메리카노_hot,831,2026-03-17T11:27:00,11000,completed,False
order_R0831_0_아메리카노_ice,831,2026-11-15T20:51:00,16500,completed,False
order_R0831_0_딸기스무디,831,2026-07-16T23:51:00,11000,completed,False
order_R0831_0_망고스무디,831,2026-05-07T15:02:00,11000,completed,False
order_R0832_0_아메리카노_hot,832,2026-07-01T04:00:00,11000,completed,False
order_R0832_0_아메리카노_ice,832,2026-08-21T09:24:00,16500,completed,False
order_R0832_0_콜드브루,832,2026-01-11T14:21:00,5500,completed,False
order_R0833_0_드립커피,833,2026-04-21T18:18:00,5500,completed,False
order_R0833_0_바닐라라떼,833,2026-11-08T18:04:00,5500,completed,False
order_R0833_0_카라멜마끼아또,833,2026-10-17T08:20:00,5500,completed,False
order_R0834_0_아메리카노_hot,834,2026-12-16T18:11:00,5500,completed,False
order_R0834_0_아메리카노_ice,834,2026-11-20T22:40:00,16500,completed,False
order_R0834_0_카페라떼_hot,834,2026-01-01T08:54:00,16500,completed,False
order_R0834_0_카페라떼_ice,834,2026-09-04T13:36:00,16500,completed,False
order_R0834_0_드립커피,834,2026-09-13T20:10:00,5500,completed,False
order_R0834_0_바닐라라떼,834,2026-02-16T17:50:00,11000,completed,False
order_R0834_0_카라멜마끼아또,834,2026-06-04T23:33:00,11000,completed,False
order_R0834_0_복숭아아이스티,834,2026-02-22T10:03:00,11000,completed,False
order_R0834_0_자몽허니블랙티,834,2026-04-25T12:43:00,5500,completed,False
order_R0835_0_아메리카노_hot,835,2026-04-01T21:18:00,5500,completed,False
order_R0835_0_아메리카노_ice,835,2026-01-07T17:07:00,5500,completed,False
order_R0835_0_레몬에이드,835,2026-09-19T12:15:00,11000,completed,False
order_R0835_0_자몽에이드,835,2026-01-01T18:51:00,5500,completed,False
order_R0836_0_콜드브루,836,2026-06-26T08:49:00,11000,completed,False
order_R0836_1_콜드브루,836,2026-12-23T03:07:00,5500,completed,False
order_R0837_0_바닐라라떼,837,2026-07-06T06:36:00,5500,completed,False
order_R0837_0_카라멜마끼아또,837,2026-01-29T13:53:00,11000,completed,False
order_R0837_0_프라푸치노,837,2026-03-21T16:02:00,5500,completed,False
order_R0837_0_말차프라페,837,2026-08-29T19:26:00,5500,completed,False
order_R0837_0_녹차라떼,837,2026-08-05T02:40:00,5500,completed,False
order_R0837_0_캐모마일티,837,2026-01-22T15:53:00,5500,completed,False
order_R0838_0_카페라떼_hot,838,2026-08-15T03:52:00,5500,completed,False
order_R0838_0_카페라떼_ice,838,2026-07-06T13:47:00,5500,completed,False
order_R0838_0_바닐라라떼,838,2026-12-18T04:59:00,5500,completed,False
order_R0838_0_카라멜마끼아또,838,2026-11-30T18:02:00,11000,completed,False
order_R0838_0_딸기스무디,838,2026-11-04T23:00:00,5500,completed,False
order_R0838_0_망고스무디,838,2026-07-17T04:39:00,11000,completed,False
order_R0839_0_아메리카노_hot,839,2026-09-03T12:29:00,11000,completed,False
order_R0839_0_아메리카노_ice,839,2026-04-26T09:13:00,11000,completed,False
order_R0839_0_녹차라떼,839,2026-07-03T14:15:00,5500,completed,False
order_R0839_0_캐모마일티,839,2026-11-21T17:53:00,5500,completed,False
order_R0839_0_딸기스무디,839,2026-02-16T13:19:00,5500,completed,False
order_R0839_0_망고스무디,839,2026-03-31T08:41:00,11000,completed,False
order_R0840_0_카페라떼_hot,840,2026-09-24T11:43:00,11000,completed,False
order_R0840_0_카페라떼_ice,840,2026-12-08T22:52:00,11000,completed,False
order_R0840_0_레몬에이드,840,2026-05-30T20:16:00,5500,completed,False
order_R0840_0_자몽에이드,840,2026-03-17T07:10:00,16500,completed,False
order_R0840_0_딸기스무디,840,2026-10-09T20:29:00,5500,completed,False
order_R0840_0_망고스무디,840,2026-05-18T23:55:00,5500,completed,False
order_R0841_0_아메리카노_hot,841,2026-10-20T11:52:00,5500,completed,False
order_R0841_0_아메리카노_ice,841,2026-04-02T06:13:00,5500,completed,False
order_R0841_0_카푸치노,841,2026-12-09T03:52:00,11000,completed,False
order_R0841_0_복숭아아이스티,841,2026-04-27T07:42:00,5500,completed,False
order_R0841_0_자몽허니블랙티,841,2026-11-01T13:17:00,5500,completed,False
order_R0842_0_아메리카노_hot,842,2026-09-16T13:58:00,5500,completed,False
order_R0842_0_아메리카노_ice,842,2026-11-09T17:28:00,5500,completed,False
order_R0842_0_콜드브루라떼,842,2026-09-20T18:44:00,5500,completed,False
order_R0842_1_콜드브루라떼,842,2026-05-06T22:33:00,5500,completed,False
order_R0843_0_아메리카노_hot,843,2026-09-14T16:38:00,16500,completed,False
order_R0843_0_아메리카노_ice,843,2026-01-30T09:45:00,11000,completed,False
order_R0843_0_카푸치노,843,2026-01-20T14:35:00,11000,completed,False
order_R0843_0_콜드브루,843,2026-09-06T19:24:00,5500,completed,False
order_R0843_1_콜드브루,843,2026-03-07T17:23:00,11000,completed,False
order_R0843_0_프라푸치노,843,2026-07-09T23:48:00,5500,completed,False
order_R0843_0_말차프라페,843,2026-07-11T21:31:00,11000,completed,False
order_R0844_0_아메리카노_hot,844,2026-03-14T12:40:00,11000,completed,False
order_R0844_0_아메리카노_ice,844,2026-10-11T06:21:00,5500,completed,False
order_R0844_0_프라푸치노,844,2026-09-07T23:14:00,5500,completed,False
order_R0844_0_말차프라페,844,2026-08-25T14:39:00,5500,completed,False
order_R0844_0_복숭아아이스티,844,2026-06-13T07:08:00,5500,completed,False
order_R0844_0_자몽허니블랙티,844,2026-02-25T01:25:00,5500,completed,False
order_R0845_0_아메리카노_hot,845,2026-06-05T09:53:00,5500,completed,False
order_R0845_0_아메리카노_ice,845,2026-06-26T16:11:00,5500,completed,False
order_R0845_0_프라푸치노,845,2026-05-07T22:47:00,5500,completed,False
order_R0845_0_말차프라페,845,2026-06-17T06:34:00,5500,completed,False
order_R0845_0_딸기스무디,845,2026-11-07T03:47:00,5500,completed,False
order_R0845_0_망고스무디,845,2026-10-31T18:42:00,5500,completed,False
order_R0846_0_레몬에이드,846,2026-02-09T07:19:00,11000,completed,False
order_R0846_0_자몽에이드,846,2026-05-11T22:19:00,11000,completed,False
order_R0847_0_아메리카노_hot,847,2026-04-28T21:42:00,5500,completed,False
order_R0847_0_아메리카노_ice,847,2026-11-21T10:39:00,5500,completed,False
order_R0847_0_바닐라라떼,847,2026-06-29T08:07:00,5500,completed,False
order_R0847_0_카라멜마끼아또,847,2026-05-24T17:24:00,11000,completed,False
order_R0848_0_카푸치노,848,2026-07-21T17:08:00,5500,completed,False
order_R0848_0_바닐라라떼,848,2026-01-06T04:55:00,11000,completed,False
order_R0848_0_카라멜마끼아또,848,2026-09-23T19:10:00,5500,completed,False
order_R0848_0_프라푸치노,848,2026-12-13T19:43:00,11000,completed,False
order_R0848_0_말차프라페,848,2026-03-20T08:06:00,5500,completed,False
order_R0849_0_프라푸치노,849,2026-06-22T11:29:00,11000,completed,False
order_R0849_0_말차프라페,849,2026-02-12T17:49:00,5500,completed,False
order_R0849_0_딸기스무디,849,2026-06-01T00:28:00,11000,completed,False
order_R0849_0_망고스무디,849,2026-01-29T12:17:00,5500,completed,False
order_R0850_0_아메리카노_hot,850,2026-02-10T21:54:00,5500,completed,False
order_R0850_0_아메리카노_ice,850,2026-02-23T22:58:00,5500,completed,False
order_R0850_0_카페라떼_hot,850,2026-12-08T14:19:00,11000,completed,False
order_R0850_0_카페라떼_ice,850,2026-03-31T14:05:00,5500,completed,False
order_R0850_0_복숭아아이스티,850,2026-04-15T20:08:00,5500,completed,False
order_R0850_0_자몽허니블랙티,850,2026-05-15T12:30:00,11000,completed,False
order_R0850_0_딸기스무디,850,2026-03-06T13:09:00,11000,completed,False
order_R0850_0_망고스무디,850,2026-09-11T23:02:00,11000,completed,False
order_R0851_0_아메리카노_hot,851,2026-02-24T09:59:00,5500,completed,False
order_R0851_0_아메리카노_ice,851,2026-08-18T12:12:00,5500,completed,False
order_R0851_0_카페라떼_hot,851,2026-06-06T15:24:00,5500,completed,False
order_R0851_0_카페라떼_ice,851,2026-01-30T06:31:00,5500,completed,False
order_R0851_0_드립커피,851,2026-03-07T10:40:00,5500,completed,False
order_R0851_0_녹차라떼,851,2026-07-17T19:51:00,5500,completed,False
order_R0851_0_캐모마일티,851,2026-09-28T19:12:00,16500,completed,False
order_R0851_0_레몬에이드,851,2026-12-10T01:55:00,11000,completed,False
order_R0851_0_자몽에이드,851,2026-08-14T11:27:00,5500,completed,False
order_R0852_0_아메리카노_hot,852,2026-03-13T07:34:00,16500,completed,False
order_R0852_0_아메리카노_ice,852,2026-02-03T20:29:00,5500,completed,False
order_R0852_0_카페라떼_hot,852,2026-03-31T19:29:00,5500,completed,False
order_R0852_0_카페라떼_ice,852,2026-06-23T22:37:00,11000,completed,False
order_R0852_0_바닐라라떼,852,2026-03-21T09:16:00,5500,completed,False
order_R0852_0_카라멜마끼아또,852,2026-01-01T10:13:00,16500,completed,False
order_R0852_0_레몬에이드,852,2026-01-18T20:19:00,11000,completed,False
order_R0852_0_자몽에이드,852,2026-02-17T03:07:00,5500,completed,False
order_R0853_0_아메리카노_hot,853,2026-01-17T11:56:00,5500,completed,False
order_R0853_0_아메리카노_ice,853,2026-07-25T22:02:00,5500,completed,False
order_R0853_0_바닐라라떼,853,2026-09-27T11:57:00,5500,completed,False
order_R0853_0_카라멜마끼아또,853,2026-01-26T23:29:00,5500,completed,False
order_R0853_0_레몬에이드,853,2026-05-25T15:27:00,5500,completed,False
order_R0853_0_자몽에이드,853,2026-08-18T16:26:00,5500,completed,False
order_R0854_0_아메리카노_hot,854,2026-08-05T18:24:00,11000,completed,False
order_R0854_0_아메리카노_ice,854,2026-02-03T11:37:00,5500,completed,False
order_R0854_0_콜드브루,854,2026-03-19T06:57:00,5500,completed,False
order_R0854_1_콜드브루,854,2026-10-05T07:11:00,11000,completed,False
order_R0854_2_콜드브루,854,2026-04-11T22:55:00,5500,completed,False
order_R0854_3_콜드브루,854,2026-08-08T13:20:00,5500,completed,False
order_R0854_4_콜드브루,854,2026-06-06T15:19:00,11000,completed,False
order_R0854_5_콜드브루,854,2026-06-18T14:56:00,11000,completed,False
order_R0854_0_콜드브루라떼,854,2026-09-13T11:35:00,5500,completed,False
order_R0854_0_레몬에이드,854,2026-01-24T19:19:00,16500,completed,False
order_R0854_0_자몽에이드,854,2026-12-04T20:16:00,5500,completed,False
order_R0855_0_아메리카노_hot,855,2026-06-01T15:27:00,11000,completed,False
order_R0855_0_아메리카노_ice,855,2026-10-05T13:05:00,11000,completed,False
order_R0855_0_딸기스무디,855,2026-03-08T17:53:00,5500,completed,False
order_R0855_0_망고스무디,855,2026-07-04T13:56:00,5500,completed,False
order_R0856_0_콜드브루라떼,856,2026-01-10T09:21:00,5500,completed,False
order_R0856_1_콜드브루라떼,856,2026-10-03T19:23:00,11000,completed,False
order_R0856_0_드립커피,856,2026-10-19T11:10:00,5500,completed,False
order_R0856_0_딸기스무디,856,2026-04-24T23:41:00,5500,completed,False
order_R0856_0_망고스무디,856,2026-01-13T19:02:00,5500,completed,False
order_R0857_0_카페라떼_hot,857,2026-03-02T19:40:00,11000,completed,False
order_R0857_0_카페라떼_ice,857,2026-09-29T00:45:00,5500,completed,False
order_R0857_0_바닐라라떼,857,2026-10-01T03:30:00,11000,completed,False
order_R0857_0_카라멜마끼아또,857,2026-09-03T06:26:00,5500,completed,False
order_R0858_0_아메리카노_hot,858,2026-06-09T11:25:00,5500,completed,False
order_R0858_0_아메리카노_ice,858,2026-05-12T09:12:00,5500,completed,False
order_R0858_0_카푸치노,858,2026-03-12T20:11:00,11000,completed,False
order_R0858_0_바닐라라떼,858,2026-03-27T23:21:00,5500,completed,False
order_R0858_0_카라멜마끼아또,858,2026-09-08T10:59:00,11000,completed,False
order_R0859_0_아메리카노_hot,859,2026-03-12T12:38:00,5500,completed,False
order_R0859_0_아메리카노_ice,859,2026-11-16T19:49:00,11000,completed,False
order_R0860_0_아메리카노_hot,860,2026-11-25T22:41:00,5500,completed,False
order_R0860_0_아메리카노_ice,860,2026-02-08T21:21:00,5500,completed,False
order_R0860_0_녹차라떼,860,2026-01-06T16:32:00,5500,completed,False
order_R0860_0_캐모마일티,860,2026-11-28T19:19:00,11000,completed,False
order_R0860_0_복숭아아이스티,860,2026-04-16T10:19:00,5500,completed,False
order_R0860_0_자몽허니블랙티,860,2026-06-12T04:11:00,5500,completed,False
order_R0860_0_딸기스무디,860,2026-01-03T10:23:00,11000,completed,False
order_R0860_0_망고스무디,860,2026-01-06T09:43:00,11000,completed,False
order_R0861_0_아메리카노_hot,861,2026-11-12T09:42:00,5500,completed,False
order_R0861_0_아메리카노_ice,861,2026-08-30T20:57:00,5500,completed,False
order_R0861_0_콜드브루라떼,861,2026-01-24T06:42:00,5500,completed,False
order_R0861_0_복숭아아이스티,861,2026-03-02T22:13:00,5500,completed,False
order_R0861_0_자몽허니블랙티,861,2026-08-25T16:25:00,5500,completed,False
order_R0862_0_아메리카노_hot,862,2026-11-23T20:19:00,5500,completed,False
order_R0862_0_아메리카노_ice,862,2026-12-10T20:30:00,16500,completed,False
order_R0862_0_바닐라라떼,862,2026-11-01T12:46:00,11000,completed,False
order_R0862_0_카라멜마끼아또,862,2026-01-19T22:36:00,5500,completed,False
order_R0862_0_프라푸치노,862,2026-02-16T22:33:00,5500,completed,False
order_R0862_0_말차프라페,862,2026-07-23T20:48:00,16500,completed,False
order_R0863_0_아메리카노_hot,863,2026-07-02T10:24:00,5500,completed,False
order_R0863_0_아메리카노_ice,863,2026-12-10T23:27:00,5500,completed,False
order_R0863_0_드립커피,863,2026-01-22T09:20:00,5500,completed,False
order_R0863_0_프라푸치노,863,2026-07-07T19:36:00,5500,completed,False
order_R0863_0_말차프라페,863,2026-12-21T12:48:00,11000,completed,False
order_R0864_0_프라푸치노,864,2026-09-08T15:33:00,5500,completed,False
order_R0864_0_말차프라페,864,2026-11-14T22:44:00,5500,completed,False
order_R0864_0_레몬에이드,864,2026-01-30T17:24:00,11000,completed,False
order_R0864_0_자몽에이드,864,2026-10-20T21:26:00,5500,completed,False
order_R0865_0_아메리카노_hot,865,2026-03-24T18:08:00,11000,completed,False
order_R0865_0_아메리카노_ice,865,2026-05-03T04:00:00,11000,completed,False
order_R0865_0_프라푸치노,865,2026-09-20T18:43:00,5500,completed,False
order_R0865_0_말차프라페,865,2026-06-20T15:14:00,16500,completed,False
order_R0865_0_녹차라떼,865,2026-10-05T15:14:00,5500,completed,False
order_R0865_0_캐모마일티,865,2026-11-18T18:53:00,11000,completed,False
order_R0865_0_레몬에이드,865,2026-01-04T11:23:00,5500,completed,False
order_R0865_0_자몽에이드,865,2026-08-07T12:39:00,5500,completed,False
order_R0866_0_복숭아아이스티,866,2026-05-05T02:41:00,5500,completed,False
order_R0866_0_자몽허니블랙티,866,2026-03-24T03:12:00,11000,completed,False
order_R0866_0_딸기스무디,866,2026-02-05T23:47:00,5500,completed,False
order_R0866_0_망고스무디,866,2026-07-02T19:04:00,5500,completed,False
order_R0867_0_카페라떼_hot,867,2026-04-10T14:36:00,11000,completed,False
order_R0867_0_카페라떼_ice,867,2026-07-27T07:21:00,11000,completed,False
order_R0867_0_콜드브루라떼,867,2026-10-12T07:48:00,5500,completed,False
order_R0867_0_프라푸치노,867,2026-05-30T19:31:00,11000,completed,False
order_R0867_0_말차프라페,867,2026-01-01T05:24:00,5500,completed,False
order_R0867_0_복숭아아이스티,867,2026-07-16T13:09:00,11000,completed,False
order_R0867_0_자몽허니블랙티,867,2026-11-08T18:21:00,11000,completed,False
order_R0867_0_레몬에이드,867,2026-07-27T09:43:00,11000,completed,False
order_R0867_0_자몽에이드,867,2026-02-01T08:07:00,11000,completed,False
order_R0868_0_아메리카노_hot,868,2026-02-15T06:09:00,5500,completed,False
order_R0868_0_아메리카노_ice,868,2026-07-24T10:41:00,16500,completed,False
order_R0868_0_녹차라떼,868,2026-06-30T04:23:00,11000,completed,False
order_R0868_0_캐모마일티,868,2026-06-22T11:35:00,5500,completed,False
order_R0868_0_딸기스무디,868,2026-07-11T13:14:00,5500,completed,False
order_R0868_0_망고스무디,868,2026-07-19T10:54:00,5500,completed,False
order_R0869_0_아메리카노_hot,869,2026-02-01T19:38:00,11000,completed,False
order_R0869_0_아메리카노_ice,869,2026-07-16T23:33:00,5500,completed,False
order_R0869_0_카페라떼_hot,869,2026-03-15T20:54:00,5500,completed,False
order_R0869_0_카페라떼_ice,869,2026-04-05T09:24:00,5500,completed,False
order_R0869_0_녹차라떼,869,2026-07-17T23:27:00,5500,completed,False
order_R0869_0_캐모마일티,869,2026-03-13T08:24:00,5500,completed,False
order_R0870_0_아메리카노_hot,870,2026-03-02T22:47:00,5500,completed,False
order_R0870_0_아메리카노_ice,870,2026-07-26T14:47:00,11000,completed,False
order_R0870_0_프라푸치노,870,2026-03-14T06:33:00,5500,completed,False
order_R0870_0_말차프라페,870,2026-11-19T11:59:00,5500,completed,False
order_R0870_0_복숭아아이스티,870,2026-03-05T01:13:00,5500,completed,False
order_R0870_0_자몽허니블랙티,870,2026-03-23T18:03:00,11000,completed,False
order_R0871_0_카페라떼_hot,871,2026-07-21T13:16:00,5500,completed,False
order_R0871_0_카페라떼_ice,871,2026-12-25T11:50:00,16500,completed,False
order_R0872_0_복숭아아이스티,872,2026-07-13T08:37:00,11000,completed,False
order_R0872_0_자몽허니블랙티,872,2026-10-08T17:51:00,11000,completed,False
order_R0872_0_레몬에이드,872,2026-07-15T14:43:00,5500,completed,False
order_R0872_0_자몽에이드,872,2026-02-17T17:06:00,11000,completed,False
order_R0873_0_아메리카노_hot,873,2026-06-14T14:45:00,5500,completed,False
order_R0873_0_아메리카노_ice,873,2026-05-21T07:51:00,5500,completed,False
order_R0873_0_콜드브루라떼,873,2026-08-01T22:59:00,11000,completed,False
order_R0873_0_드립커피,873,2026-01-17T16:47:00,5500,completed,False
order_R0874_0_카페라떼_hot,874,2026-08-25T09:13:00,11000,completed,False
order_R0874_0_카페라떼_ice,874,2026-08-25T17:18:00,5500,completed,False
order_R0874_0_드립커피,874,2026-06-12T07:05:00,16500,completed,False
order_R0874_0_레몬에이드,874,2026-04-15T20:57:00,11000,completed,False
order_R0874_0_자몽에이드,874,2026-03-22T15:30:00,16500,completed,False
order_R0875_0_아메리카노_hot,875,2026-11-17T20:18:00,11000,completed,False
order_R0875_0_아메리카노_ice,875,2026-04-27T18:10:00,11000,completed,False
order_R0875_0_바닐라라떼,875,2026-12-27T17:32:00,5500,completed,False
order_R0875_0_카라멜마끼아또,875,2026-06-14T12:21:00,5500,completed,False
order_R0875_0_프라푸치노,875,2026-08-03T09:23:00,5500,completed,False
order_R0875_0_말차프라페,875,2026-01-18T19:17:00,5500,completed,False
order_R0875_0_복숭아아이스티,875,2026-11-08T01:32:00,5500,completed,False
order_R0875_0_자몽허니블랙티,875,2026-03-24T06:28:00,5500,completed,False
order_R0876_0_아메리카노_hot,876,2026-05-24T06:40:00,11000,completed,False
order_R0876_0_아메리카노_ice,876,2026-05-23T00:46:00,5500,completed,False
order_R0876_0_콜드브루라떼,876,2026-07-23T11:15:00,5500,completed,False
order_R0876_0_딸기스무디,876,2026-02-18T06:43:00,11000,completed,False
order_R0876_0_망고스무디,876,2026-02-16T17:30:00,5500,completed,False
order_R0877_0_아메리카노_hot,877,2026-01-17T07:28:00,11000,completed,False
order_R0877_0_아메리카노_ice,877,2026-01-08T18:41:00,5500,completed,False
order_R0877_0_콜드브루라떼,877,2026-04-11T12:55:00,5500,completed,False
order_R0877_1_콜드브루라떼,877,2026-01-25T11:22:00,5500,completed,False
order_R0877_0_복숭아아이스티,877,2026-12-30T15:07:00,5500,completed,False
order_R0877_0_자몽허니블랙티,877,2026-08-11T16:24:00,11000,completed,False
order_R0878_0_아메리카노_hot,878,2026-04-24T13:27:00,5500,completed,False
order_R0878_0_아메리카노_ice,878,2026-06-22T21:02:00,5500,completed,False
order_R0878_0_카페라떼_hot,878,2026-11-22T15:29:00,5500,completed,False
order_R0878_0_카페라떼_ice,878,2026-02-04T11:53:00,5500,completed,False
order_R0878_0_콜드브루라떼,878,2026-02-03T13:11:00,11000,completed,False
order_R0878_0_드립커피,878,2026-05-30T12:51:00,5500,completed,False
order_R0878_0_복숭아아이스티,878,2026-03-25T15:43:00,5500,completed,False
order_R0878_0_자몽허니블랙티,878,2026-12-20T23:24:00,11000,completed,False
order_R0879_0_아메리카노_hot,879,2026-05-31T20:14:00,5500,completed,False
order_R0879_0_아메리카노_ice,879,2026-05-13T14:02:00,5500,completed,False
order_R0880_0_카페라떼_hot,880,2026-06-17T17:23:00,5500,completed,False
order_R0880_0_카페라떼_ice,880,2026-12-26T20:40:00,5500,completed,False
order_R0880_0_콜드브루라떼,880,2026-07-24T13:03:00,16500,completed,False
order_R0880_0_드립커피,880,2026-08-09T01:30:00,5500,completed,False
order_R0880_0_프라푸치노,880,2026-07-20T01:38:00,5500,completed,False
order_R0880_0_말차프라페,880,2026-11-30T04:05:00,11000,completed,False
order_R0880_0_녹차라떼,880,2026-09-10T15:45:00,5500,completed,False
order_R0880_0_캐모마일티,880,2026-12-19T04:26:00,16500,completed,False
order_R0880_0_복숭아아이스티,880,2026-02-16T06:32:00,5500,completed,False
order_R0880_0_자몽허니블랙티,880,2026-07-17T13:13:00,5500,completed,False
order_R0881_0_아메리카노_hot,881,2026-11-28T15:14:00,16500,completed,False
order_R0881_0_아메리카노_ice,881,2026-12-21T23:35:00,11000,completed,False
order_R0881_0_카페라떼_hot,881,2026-04-23T11:32:00,5500,completed,False
order_R0881_0_카페라떼_ice,881,2026-07-06T09:28:00,5500,completed,False
order_R0881_0_콜드브루,881,2026-01-16T13:35:00,11000,completed,False
order_R0881_0_드립커피,881,2026-06-10T15:17:00,11000,completed,False
order_R0881_0_바닐라라떼,881,2026-04-28T01:27:00,5500,completed,False
order_R0881_0_카라멜마끼아또,881,2026-01-30T03:35:00,5500,completed,False
order_R0881_0_녹차라떼,881,2026-04-26T07:41:00,5500,completed,False
order_R0881_0_캐모마일티,881,2026-03-30T13:34:00,16500,completed,False
order_R0882_0_아메리카노_hot,882,2026-03-30T13:19:00,5500,completed,False
order_R0882_0_아메리카노_ice,882,2026-06-23T19:07:00,11000,completed,False
order_R0882_0_바닐라라떼,882,2026-01-12T08:37:00,11000,completed,False
order_R0882_0_카라멜마끼아또,882,2026-07-11T11:18:00,5500,completed,False
order_R0882_0_복숭아아이스티,882,2026-07-07T19:54:00,5500,completed,False
order_R0882_0_자몽허니블랙티,882,2026-08-01T15:09:00,16500,completed,False
order_R0883_0_카페라떼_hot,883,2026-11-02T13:05:00,16500,completed,False
order_R0883_0_카페라떼_ice,883,2026-04-28T09:20:00,5500,completed,False
order_R0883_0_콜드브루,883,2026-02-08T17:04:00,5500,completed,False
order_R0883_0_드립커피,883,2026-11-22T17:29:00,5500,completed,False
order_R0883_0_바닐라라떼,883,2026-06-21T03:48:00,16500,completed,False
order_R0883_0_카라멜마끼아또,883,2026-11-17T22:08:00,11000,completed,False
order_R0883_0_녹차라떼,883,2026-12-12T18:24:00,5500,completed,False
order_R0883_0_캐모마일티,883,2026-11-24T06:37:00,16500,completed,False
order_R0884_0_아메리카노_hot,884,2026-09-04T22:41:00,5500,completed,False
order_R0884_0_아메리카노_ice,884,2026-04-15T12:35:00,11000,completed,False
order_R0884_0_레몬에이드,884,2026-02-01T21:35:00,5500,completed,False
order_R0884_0_자몽에이드,884,2026-05-31T00:43:00,5500,completed,False
order_R0884_0_딸기스무디,884,2026-02-04T17:17:00,5500,completed,False
order_R0884_0_망고스무디,884,2026-02-20T07:37:00,5500,completed,False
order_R0885_0_아메리카노_hot,885,2026-03-13T11:24:00,11000,completed,False
order_R0885_0_아메리카노_ice,885,2026-05-09T02:31:00,5500,completed,False
order_R0885_0_레몬에이드,885,2026-03-23T22:21:00,5500,completed,False
order_R0885_0_자몽에이드,885,2026-02-17T03:32:00,5500,completed,False
order_R0885_0_딸기스무디,885,2026-10-11T14:39:00,5500,completed,False
order_R0885_0_망고스무디,885,2026-11-01T18:29:00,5500,completed,False
order_R0886_0_아메리카노_hot,886,2026-05-19T09:44:00,11000,completed,False
order_R0886_0_아메리카노_ice,886,2026-02-15T16:59:00,5500,completed,False
order_R0886_0_콜드브루라떼,886,2026-02-13T15:49:00,5500,completed,False
order_R0887_0_아메리카노_hot,887,2026-12-24T21:07:00,5500,completed,False
order_R0887_0_아메리카노_ice,887,2026-11-10T21:31:00,5500,completed,False
order_R0887_0_카페라떼_hot,887,2026-03-16T04:58:00,5500,completed,False
order_R0887_0_카페라떼_ice,887,2026-12-28T18:18:00,5500,completed,False
order_R0887_0_바닐라라떼,887,2026-08-06T10:50:00,5500,completed,False
order_R0887_0_카라멜마끼아또,887,2026-12-31T21:45:00,5500,completed,False
order_R0887_0_레몬에이드,887,2026-01-09T23:55:00,5500,completed,False
order_R0887_0_자몽에이드,887,2026-02-17T10:43:00,5500,completed,False
order_R0887_0_딸기스무디,887,2026-11-16T12:46:00,16500,completed,False
order_R0887_0_망고스무디,887,2026-09-20T18:52:00,11000,completed,False
order_R0888_0_카페라떼_hot,888,2026-04-29T21:25:00,5500,completed,False
order_R0888_0_카페라떼_ice,888,2026-12-13T08:29:00,5500,completed,False
order_R0888_0_바닐라라떼,888,2026-06-15T22:25:00,5500,completed,False
order_R0888_0_카라멜마끼아또,888,2026-04-17T05:20:00,11000,completed,False
order_R0889_0_아메리카노_hot,889,2026-10-14T15:11:00,5500,completed,False
order_R0889_0_아메리카노_ice,889,2026-12-08T14:36:00,5500,completed,False
order_R0889_0_카페라떼_hot,889,2026-07-27T21:24:00,11000,completed,False
order_R0889_0_카페라떼_ice,889,2026-08-22T06:24:00,5500,completed,False
order_R0889_0_콜드브루,889,2026-06-17T19:30:00,11000,completed,False
order_R0889_0_녹차라떼,889,2026-02-09T18:41:00,5500,completed,False
order_R0889_0_캐모마일티,889,2026-12-24T22:19:00,5500,completed,False
order_R0889_0_레몬에이드,889,2026-07-31T16:31:00,16500,completed,False
order_R0889_0_자몽에이드,889,2026-07-25T16:13:00,5500,completed,False
order_R0890_0_아메리카노_hot,890,2026-04-16T09:58:00,5500,completed,False
order_R0890_0_아메리카노_ice,890,2026-01-22T08:06:00,5500,completed,False
order_R0890_0_카페라떼_hot,890,2026-11-28T08:54:00,5500,completed,False
order_R0890_0_카페라떼_ice,890,2026-08-17T11:31:00,5500,completed,False
order_R0890_0_드립커피,890,2026-06-27T17:36:00,11000,completed,False
order_R0890_0_바닐라라떼,890,2026-02-09T13:43:00,5500,completed,False
order_R0890_0_카라멜마끼아또,890,2026-10-01T09:59:00,11000,completed,False
order_R0891_0_아메리카노_hot,891,2026-05-17T18:45:00,16500,completed,False
order_R0891_0_아메리카노_ice,891,2026-04-07T11:01:00,5500,completed,False
order_R0891_0_카페라떼_hot,891,2026-11-26T13:46:00,5500,completed,False
order_R0891_0_카페라떼_ice,891,2026-01-19T21:34:00,11000,completed,False
order_R0891_0_콜드브루라떼,891,2026-10-14T21:43:00,11000,completed,False
order_R0891_0_복숭아아이스티,891,2026-10-31T00:22:00,5500,completed,False
order_R0891_0_자몽허니블랙티,891,2026-02-20T21:18:00,5500,completed,False
order_R0891_0_레몬에이드,891,2026-09-22T04:40:00,11000,completed,False
order_R0891_0_자몽에이드,891,2026-05-15T17:59:00,11000,completed,False
order_R0892_0_아메리카노_hot,892,2026-09-27T20:02:00,5500,completed,False
order_R0892_0_아메리카노_ice,892,2026-04-05T12:43:00,16500,completed,False
order_R0892_0_카페라떼_hot,892,2026-07-09T18:23:00,5500,completed,False
order_R0892_0_카페라떼_ice,892,2026-11-02T16:05:00,5500,completed,False
order_R0892_0_콜드브루,892,2026-04-18T21:22:00,11000,completed,False
order_R0892_0_바닐라라떼,892,2026-11-26T18:00:00,11000,completed,False
order_R0892_0_카라멜마끼아또,892,2026-05-11T19:59:00,11000,completed,False
order_R0892_0_복숭아아이스티,892,2026-07-16T23:12:00,16500,completed,False
order_R0892_0_자몽허니블랙티,892,2026-01-26T18:21:00,16500,completed,False
order_R0892_0_레몬에이드,892,2026-12-12T14:31:00,16500,completed,False
order_R0892_0_자몽에이드,892,2026-07-10T17:26:00,5500,completed,False
order_R0893_0_아메리카노_hot,893,2026-01-12T15:45:00,5500,completed,False
order_R0893_0_아메리카노_ice,893,2026-08-26T01:53:00,5500,completed,False
order_R0893_0_복숭아아이스티,893,2026-03-31T08:20:00,11000,completed,False
order_R0893_0_자몽허니블랙티,893,2026-04-19T16:35:00,5500,completed,False
order_R0893_0_레몬에이드,893,2026-09-12T08:42:00,5500,completed,False
order_R0893_0_자몽에이드,893,2026-08-12T22:00:00,11000,completed,False
order_R0893_0_딸기스무디,893,2026-03-17T18:22:00,5500,completed,False
order_R0893_0_망고스무디,893,2026-04-25T12:04:00,5500,completed,False
order_R0894_0_에스프레소,894,2026-07-22T12:13:00,11000,completed,False
order_R0894_1_에스프레소,894,2026-09-02T17:50:00,5500,completed,False
order_R0894_2_에스프레소,894,2026-01-10T06:54:00,16500,completed,False
order_R0894_0_아메리카노_hot,894,2026-05-25T17:51:00,11000,completed,False
order_R0894_0_아메리카노_ice,894,2026-02-19T16:10:00,11000,completed,False
order_R0895_0_아메리카노_hot,895,2026-02-05T15:51:00,5500,completed,False
order_R0895_0_아메리카노_ice,895,2026-01-09T23:48:00,16500,completed,False
order_R0895_0_레몬에이드,895,2026-03-09T16:18:00,5500,completed,False
order_R0895_0_자몽에이드,895,2026-07-19T13:42:00,16500,completed,False
order_R0896_0_카페라떼_hot,896,2026-11-11T21:50:00,5500,completed,False
order_R0896_0_카페라떼_ice,896,2026-05-04T12:17:00,5500,completed,False
order_R0896_0_바닐라라떼,896,2026-12-31T22:27:00,16500,completed,False
order_R0896_0_카라멜마끼아또,896,2026-03-25T21:20:00,16500,completed,False
order_R0896_0_복숭아아이스티,896,2026-08-11T13:45:00,5500,completed,False
order_R0896_0_자몽허니블랙티,896,2026-04-20T19:13:00,5500,completed,False
order_R0897_0_콜드브루라떼,897,2026-07-25T11:26:00,11000,completed,False
order_R0897_1_콜드브루라떼,897,2026-02-16T02:48:00,11000,completed,False
order_R0897_2_콜드브루라떼,897,2026-07-24T11:11:00,5500,completed,False
order_R0897_3_콜드브루라떼,897,2026-10-20T22:18:00,5500,completed,False
order_R0897_0_바닐라라떼,897,2026-01-09T09:15:00,11000,completed,False
order_R0897_0_카라멜마끼아또,897,2026-03-15T07:25:00,11000,completed,False
order_R0897_0_레몬에이드,897,2026-07-26T15:33:00,5500,completed,False
order_R0897_0_자몽에이드,897,2026-05-01T10:08:00,5500,completed,False
order_R0898_0_콜드브루,898,2026-05-08T12:06:00,16500,completed,False
order_R0898_1_콜드브루,898,2026-11-10T22:59:00,5500,completed,False
order_R0898_0_바닐라라떼,898,2026-10-04T12:24:00,5500,completed,False
order_R0898_0_카라멜마끼아또,898,2026-08-01T05:39:00,11000,completed,False
order_R0900_0_아메리카노_hot,900,2026-09-26T13:56:00,16500,completed,False
order_R0900_0_아메리카노_ice,900,2026-12-03T00:52:00,16500,completed,False
order_R0900_0_카페라떼_hot,900,2026-02-15T15:53:00,5500,completed,False
order_R0900_0_카페라떼_ice,900,2026-09-16T13:31:00,5500,completed,False
order_R0900_0_바닐라라떼,900,2026-04-12T03:32:00,16500,completed,False
order_R0900_0_카라멜마끼아또,900,2026-07-18T13:19:00,11000,completed,False
order_R0900_0_녹차라떼,900,2026-02-21T20:15:00,5500,completed,False
order_R0900_0_캐모마일티,900,2026-06-30T10:59:00,5500,completed,False
order_R0901_0_에스프레소,901,2026-08-15T09:05:00,16500,completed,False
order_R0901_0_프라푸치노,901,2026-02-11T21:47:00,11000,completed,False
order_R0901_0_말차프라페,901,2026-12-22T00:08:00,16500,completed,False
order_R0901_0_녹차라떼,901,2026-02-16T23:15:00,5500,completed,False
order_R0901_0_캐모마일티,901,2026-01-12T05:01:00,5500,completed,False
order_R0901_0_복숭아아이스티,901,2026-11-24T05:52:00,5500,completed,False
order_R0901_0_자몽허니블랙티,901,2026-10-25T12:46:00,5500,completed,False
order_R0902_0_아메리카노_hot,902,2026-03-07T16:34:00,5500,completed,False
order_R0902_0_아메리카노_ice,902,2026-08-07T10:12:00,11000,completed,False
order_R0902_0_카페라떼_hot,902,2026-04-08T11:59:00,5500,completed,False
order_R0902_0_카페라떼_ice,902,2026-04-27T11:21:00,5500,completed,False
order_R0902_0_딸기스무디,902,2026-12-31T12:58:00,5500,completed,False
order_R0902_0_망고스무디,902,2026-08-11T14:33:00,5500,completed,False
order_R0903_0_아메리카노_hot,903,2026-08-18T20:12:00,11000,completed,False
order_R0903_0_아메리카노_ice,903,2026-04-26T15:59:00,11000,completed,False
order_R0903_0_카페라떼_hot,903,2026-10-29T13:30:00,11000,completed,False
order_R0903_0_카페라떼_ice,903,2026-07-02T22:45:00,16500,completed,False
order_R0903_0_프라푸치노,903,2026-12-07T15:36:00,11000,completed,False
order_R0903_0_말차프라페,903,2026-01-27T16:52:00,11000,completed,False
order_R0904_0_아메리카노_hot,904,2026-01-09T22:24:00,5500,completed,False
order_R0904_0_아메리카노_ice,904,2026-07-07T10:04:00,5500,completed,False
order_R0904_0_카푸치노,904,2026-12-15T22:25:00,5500,completed,False
order_R0904_0_드립커피,904,2026-07-14T12:32:00,11000,completed,False
order_R0905_0_아메리카노_hot,905,2026-04-26T15:07:00,5500,completed,False
order_R0905_0_아메리카노_ice,905,2026-01-08T14:07:00,5500,completed,False
order_R0905_0_카페라떼_hot,905,2026-07-17T17:15:00,11000,completed,False
order_R0905_0_카페라떼_ice,905,2026-11-06T14:25:00,5500,completed,False
order_R0905_0_콜드브루,905,2026-03-10T11:15:00,11000,completed,False
order_R0905_1_콜드브루,905,2026-04-21T10:34:00,5500,completed,False
order_R0905_0_콜드브루라떼,905,2026-07-07T20:36:00,16500,completed,False
order_R0905_0_드립커피,905,2026-12-14T19:24:00,5500,completed,False
order_R0905_0_복숭아아이스티,905,2026-11-20T06:08:00,5500,completed,False
order_R0905_0_자몽허니블랙티,905,2026-08-23T12:07:00,5500,completed,False
order_R0905_0_딸기스무디,905,2026-07-24T18:28:00,11000,completed,False
order_R0905_0_망고스무디,905,2026-04-25T01:14:00,11000,completed,False
order_R0906_0_아메리카노_hot,906,2026-06-18T00:20:00,5500,completed,False
order_R0906_0_아메리카노_ice,906,2026-04-19T20:11:00,5500,completed,False
order_R0906_0_녹차라떼,906,2026-02-24T09:32:00,5500,completed,False
order_R0906_0_캐모마일티,906,2026-01-11T21:26:00,11000,completed,False
order_R0907_0_아메리카노_hot,907,2026-01-04T07:19:00,11000,completed,False
order_R0907_0_아메리카노_ice,907,2026-04-01T19:52:00,5500,completed,False
order_R0907_0_바닐라라떼,907,2026-02-03T22:04:00,5500,completed,False
order_R0907_0_카라멜마끼아또,907,2026-12-18T21:51:00,5500,completed,False
order_R0908_0_아메리카노_hot,908,2026-12-06T10:29:00,5500,completed,False
order_R0908_0_아메리카노_ice,908,2026-12-12T13:17:00,5500,completed,False
order_R0908_0_드립커피,908,2026-09-05T20:08:00,11000,completed,False
order_R0908_0_바닐라라떼,908,2026-07-08T12:44:00,5500,completed,False
order_R0908_0_카라멜마끼아또,908,2026-10-31T23:44:00,5500,completed,False
order_R0909_0_아메리카노_hot,909,2026-02-06T21:59:00,5500,completed,False
order_R0909_0_아메리카노_ice,909,2026-03-25T13:33:00,5500,completed,False
order_R0909_0_바닐라라떼,909,2026-03-06T16:50:00,11000,completed,False
order_R0909_0_카라멜마끼아또,909,2026-01-24T13:08:00,5500,completed,False
order_R0910_0_아메리카노_hot,910,2026-10-19T06:25:00,16500,completed,False
order_R0910_0_아메리카노_ice,910,2026-07-04T17:43:00,5500,completed,False
order_R0911_0_콜드브루,911,2026-05-23T16:00:00,16500,completed,False
order_R0911_1_콜드브루,911,2026-06-04T09:43:00,5500,completed,False
order_R0911_2_콜드브루,911,2026-06-01T18:47:00,5500,completed,False
order_R0912_0_아메리카노_hot,912,2026-02-10T20:44:00,5500,completed,False
order_R0912_0_아메리카노_ice,912,2026-12-25T14:24:00,5500,completed,False
order_R0913_0_아메리카노_hot,913,2026-08-03T10:26:00,5500,completed,False
order_R0913_0_아메리카노_ice,913,2026-09-11T13:41:00,5500,completed,False
order_R0913_0_카페라떼_hot,913,2026-11-18T15:03:00,11000,completed,False
order_R0913_0_카페라떼_ice,913,2026-08-01T12:49:00,5500,completed,False
order_R0913_0_바닐라라떼,913,2026-03-21T15:35:00,5500,completed,False
order_R0913_0_카라멜마끼아또,913,2026-04-22T17:54:00,16500,completed,False
order_R0913_0_딸기스무디,913,2026-11-03T05:52:00,5500,completed,False
order_R0913_0_망고스무디,913,2026-05-15T16:15:00,5500,completed,False
order_R0914_0_아메리카노_hot,914,2026-06-25T17:34:00,11000,completed,False
order_R0914_0_아메리카노_ice,914,2026-05-14T12:48:00,11000,completed,False
order_R0914_0_카페라떼_hot,914,2026-03-08T20:42:00,5500,completed,False
order_R0914_0_카페라떼_ice,914,2026-09-10T21:50:00,5500,completed,False
order_R0914_0_카푸치노,914,2026-11-14T13:41:00,11000,completed,False
order_R0915_0_아메리카노_hot,915,2026-04-05T08:02:00,5500,completed,False
order_R0915_0_아메리카노_ice,915,2026-11-13T12:54:00,5500,completed,False
order_R0915_0_콜드브루,915,2026-09-02T13:48:00,11000,completed,False
order_R0915_0_드립커피,915,2026-11-30T12:35:00,11000,completed,False
order_R0915_0_바닐라라떼,915,2026-01-14T12:37:00,16500,completed,False
order_R0915_0_카라멜마끼아또,915,2026-12-09T22:44:00,11000,completed,False
order_R0916_0_아메리카노_hot,916,2026-12-08T08:32:00,11000,completed,False
order_R0916_0_아메리카노_ice,916,2026-08-11T18:20:00,11000,completed,False
order_R0916_0_바닐라라떼,916,2026-08-12T17:17:00,5500,completed,False
order_R0916_0_카라멜마끼아또,916,2026-09-11T06:05:00,11000,completed,False
order_R0916_0_레몬에이드,916,2026-06-08T10:49:00,11000,completed,False
order_R0916_0_자몽에이드,916,2026-02-24T19:48:00,11000,completed,False
order_R0917_0_아메리카노_hot,917,2026-11-13T23:09:00,5500,completed,False
order_R0917_0_아메리카노_ice,917,2026-02-05T04:48:00,11000,completed,False
order_R0918_0_아메리카노_hot,918,2026-01-01T17:57:00,11000,completed,False
order_R0918_0_아메리카노_ice,918,2026-10-09T12:57:00,5500,completed,False
order_R0918_0_카페라떼_hot,918,2026-12-17T10:18:00,5500,completed,False
order_R0918_0_카페라떼_ice,918,2026-03-05T20:33:00,5500,completed,False
order_R0918_0_프라푸치노,918,2026-06-09T11:47:00,5500,completed,False
order_R0918_0_말차프라페,918,2026-09-14T16:22:00,5500,completed,False
order_R0918_0_녹차라떼,918,2026-09-18T17:55:00,11000,completed,False
order_R0918_0_캐모마일티,918,2026-12-14T22:08:00,11000,completed,False
order_R0918_0_복숭아아이스티,918,2026-12-29T15:09:00,5500,completed,False
order_R0918_0_자몽허니블랙티,918,2026-02-17T22:14:00,5500,completed,False
order_R0918_0_레몬에이드,918,2026-02-26T05:05:00,11000,completed,False
order_R0918_0_자몽에이드,918,2026-06-02T11:51:00,5500,completed,False
order_R0919_0_아메리카노_hot,919,2026-02-16T11:18:00,5500,completed,False
order_R0919_0_아메리카노_ice,919,2026-05-07T17:40:00,5500,completed,False
order_R0919_0_콜드브루라떼,919,2026-10-18T17:50:00,5500,completed,False
order_R0919_0_프라푸치노,919,2026-06-15T08:22:00,11000,completed,False
order_R0919_0_말차프라페,919,2026-11-30T22:44:00,5500,completed,False
order_R0919_0_레몬에이드,919,2026-12-19T06:32:00,5500,completed,False
order_R0919_0_자몽에이드,919,2026-10-12T12:08:00,5500,completed,False
order_R0919_0_딸기스무디,919,2026-05-22T22:42:00,5500,completed,False
order_R0919_0_망고스무디,919,2026-04-15T13:32:00,11000,completed,False
order_R0920_0_카페라떼_hot,920,2026-11-28T23:09:00,11000,completed,False
order_R0920_0_카페라떼_ice,920,2026-03-22T17:50:00,5500,completed,False
order_R0920_0_콜드브루,920,2026-06-14T20:21:00,5500,completed,False
order_R0920_1_콜드브루,920,2026-04-07T08:53:00,5500,completed,False
order_R0920_2_콜드브루,920,2026-09-05T09:24:00,5500,completed,False
order_R0920_3_콜드브루,920,2026-02-14T23:20:00,5500,completed,False
order_R0920_4_콜드브루,920,2026-09-29T22:49:00,5500,completed,False
order_R0920_0_복숭아아이스티,920,2026-08-24T06:04:00,5500,completed,False
order_R0920_0_자몽허니블랙티,920,2026-04-20T23:30:00,11000,completed,False
order_R0920_0_레몬에이드,920,2026-08-27T13:59:00,5500,completed,False
order_R0920_0_자몽에이드,920,2026-09-28T17:23:00,5500,completed,False
order_R0920_0_딸기스무디,920,2026-01-16T07:34:00,5500,completed,False
order_R0920_0_망고스무디,920,2026-11-12T20:45:00,16500,completed,False
order_R0921_0_아메리카노_hot,921,2026-07-24T21:11:00,5500,completed,False
order_R0921_0_아메리카노_ice,921,2026-09-07T15:48:00,5500,completed,False
order_R0921_0_바닐라라떼,921,2026-04-23T16:56:00,11000,completed,False
order_R0921_0_카라멜마끼아또,921,2026-08-13T16:37:00,5500,completed,False
order_R0921_0_복숭아아이스티,921,2026-06-24T07:22:00,5500,completed,False
order_R0921_0_자몽허니블랙티,921,2026-10-06T22:30:00,5500,completed,False
order_R0921_0_레몬에이드,921,2026-01-01T23:10:00,5500,completed,False
order_R0921_0_자몽에이드,921,2026-03-07T08:38:00,5500,completed,False
order_R0922_0_바닐라라떼,922,2026-02-19T19:11:00,16500,completed,False
order_R0922_0_카라멜마끼아또,922,2026-07-23T11:38:00,5500,completed,False
order_R0923_0_아메리카노_hot,923,2026-06-15T11:03:00,5500,completed,False
order_R0923_0_아메리카노_ice,923,2026-06-01T13:31:00,5500,completed,False
order_R0923_0_카페라떼_hot,923,2026-09-26T07:19:00,11000,completed,False
order_R0923_0_카페라떼_ice,923,2026-10-21T10:22:00,16500,completed,False
order_R0923_0_바닐라라떼,923,2026-03-24T09:43:00,16500,completed,False
order_R0923_0_카라멜마끼아또,923,2026-08-16T11:25:00,5500,completed,False
order_R0924_0_아메리카노_hot,924,2026-03-19T16:29:00,11000,completed,False
order_R0924_0_아메리카노_ice,924,2026-02-13T12:17:00,16500,completed,False
order_R0924_0_카페라떼_hot,924,2026-03-06T16:09:00,5500,completed,False
order_R0924_0_카페라떼_ice,924,2026-11-14T18:45:00,5500,completed,False
order_R0924_0_바닐라라떼,924,2026-04-06T15:53:00,5500,completed,False
order_R0924_0_카라멜마끼아또,924,2026-08-18T17:34:00,5500,completed,False
order_R0924_0_딸기스무디,924,2026-04-21T12:21:00,5500,completed,False
order_R0924_0_망고스무디,924,2026-03-12T22:33:00,5500,completed,False
order_R0925_0_아메리카노_hot,925,2026-07-27T23:07:00,5500,completed,False
order_R0925_0_아메리카노_ice,925,2026-09-27T18:03:00,16500,completed,False
order_R0925_0_카페라떼_hot,925,2026-11-18T05:31:00,11000,completed,False
order_R0925_0_카페라떼_ice,925,2026-06-11T13:06:00,11000,completed,False
order_R0925_0_딸기스무디,925,2026-05-26T22:53:00,11000,completed,False
order_R0925_0_망고스무디,925,2026-01-09T19:34:00,5500,completed,False
order_R0926_0_아메리카노_hot,926,2026-03-26T10:30:00,5500,completed,False
order_R0926_0_아메리카노_ice,926,2026-11-26T23:23:00,16500,completed,False
order_R0926_0_카페라떼_hot,926,2026-08-03T19:31:00,5500,completed,False
order_R0926_0_카페라떼_ice,926,2026-07-07T23:48:00,5500,completed,False
order_R0926_0_콜드브루,926,2026-05-30T11:55:00,5500,completed,False
order_R0926_0_콜드브루라떼,926,2026-06-18T07:57:00,11000,completed,False
order_R0926_0_복숭아아이스티,926,2026-11-19T17:20:00,5500,completed,False
order_R0926_0_자몽허니블랙티,926,2026-01-22T07:07:00,11000,completed,False
order_R0926_0_레몬에이드,926,2026-05-16T17:52:00,5500,completed,False
order_R0926_0_자몽에이드,926,2026-09-28T08:18:00,5500,completed,False
order_R0927_0_아메리카노_hot,927,2026-11-21T09:17:00,5500,completed,False
order_R0927_0_아메리카노_ice,927,2026-08-07T06:07:00,5500,completed,False
order_R0927_0_복숭아아이스티,927,2026-11-26T07:17:00,11000,completed,False
order_R0927_0_자몽허니블랙티,927,2026-06-05T17:24:00,5500,completed,False
order_R0927_0_레몬에이드,927,2026-08-05T11:37:00,16500,completed,False
order_R0927_0_자몽에이드,927,2026-11-15T23:01:00,5500,completed,False
order_R0928_0_카푸치노,928,2026-10-26T09:26:00,5500,completed,False
order_R0928_1_카푸치노,928,2026-04-03T11:08:00,5500,completed,False
order_R0928_2_카푸치노,928,2026-07-24T13:06:00,11000,completed,False
order_R0928_3_카푸치노,928,2026-06-03T13:37:00,5500,completed,False
order_R0928_0_콜드브루,928,2026-03-03T13:19:00,5500,completed,False
order_R0928_1_콜드브루,928,2026-11-06T13:30:00,5500,completed,False
order_R0929_0_카페라떼_hot,929,2026-01-31T14:52:00,5500,completed,False
order_R0929_0_카페라떼_ice,929,2026-02-19T00:18:00,11000,completed,False
order_R0929_0_프라푸치노,929,2026-09-18T22:09:00,5500,completed,False
order_R0929_0_말차프라페,929,2026-09-15T13:43:00,11000,completed,False
order_R0930_0_아메리카노_hot,930,2026-11-15T07:50:00,5500,completed,False
order_R0930_0_아메리카노_ice,930,2026-10-05T23:41:00,5500,completed,False
order_R0930_0_복숭아아이스티,930,2026-01-18T13:03:00,5500,completed,False
order_R0930_0_자몽허니블랙티,930,2026-05-12T10:55:00,16500,completed,False
order_R0930_0_딸기스무디,930,2026-01-22T09:49:00,5500,completed,False
order_R0930_0_망고스무디,930,2026-06-10T11:57:00,5500,completed,False
order_R0931_0_에스프레소,931,2026-01-17T12:45:00,5500,completed,False
order_R0931_0_카페라떼_hot,931,2026-08-16T05:28:00,5500,completed,False
order_R0931_0_카페라떼_ice,931,2026-08-12T13:59:00,5500,completed,False
order_R0931_0_바닐라라떼,931,2026-04-24T19:00:00,11000,completed,False
order_R0931_0_카라멜마끼아또,931,2026-10-08T11:57:00,5500,completed,False
order_R0931_0_딸기스무디,931,2026-01-03T23:41:00,5500,completed,False
order_R0931_0_망고스무디,931,2026-09-29T18:54:00,11000,completed,False
order_R0932_0_콜드브루,932,2026-08-27T12:32:00,11000,completed,False
order_R0932_0_드립커피,932,2026-05-26T04:52:00,5500,completed,False
order_R0932_0_바닐라라떼,932,2026-08-02T09:02:00,11000,completed,False
order_R0932_0_카라멜마끼아또,932,2026-12-16T08:22:00,11000,completed,False
order_R0933_0_에스프레소,933,2026-11-28T15:38:00,5500,completed,False
order_R0933_1_에스프레소,933,2026-12-19T16:30:00,11000,completed,False
order_R0933_0_아메리카노_hot,933,2026-08-10T18:42:00,16500,completed,False
order_R0933_0_아메리카노_ice,933,2026-09-08T17:45:00,5500,completed,False
order_R0933_0_카페라떼_hot,933,2026-06-02T21:38:00,5500,completed,False
order_R0933_0_카페라떼_ice,933,2026-12-06T07:45:00,5500,completed,False
order_R0933_0_레몬에이드,933,2026-09-08T08:52:00,5500,completed,False
order_R0933_0_자몽에이드,933,2026-10-07T06:28:00,5500,completed,False
order_R0934_0_아메리카노_hot,934,2026-12-29T11:45:00,5500,completed,False
order_R0934_0_아메리카노_ice,934,2026-05-07T16:45:00,5500,completed,False
order_R0934_0_바닐라라떼,934,2026-01-02T09:33:00,11000,completed,False
order_R0934_0_카라멜마끼아또,934,2026-10-13T01:09:00,11000,completed,False
order_R0935_0_프라푸치노,935,2026-03-26T04:56:00,5500,completed,False
order_R0935_0_말차프라페,935,2026-02-26T15:38:00,11000,completed,False
order_R0936_0_바닐라라떼,936,2026-02-05T07:09:00,5500,completed,False
order_R0936_0_카라멜마끼아또,936,2026-08-06T11:04:00,5500,completed,False
order_R0937_0_콜드브루,937,2026-07-28T10:49:00,5500,completed,False
order_R0937_1_콜드브루,937,2026-04-12T07:09:00,5500,completed,False
order_R0937_2_콜드브루,937,2026-01-19T10:11:00,5500,completed,False
order_R0938_0_아메리카노_hot,938,2026-07-11T17:08:00,5500,completed,False
order_R0938_0_아메리카노_ice,938,2026-07-31T12:09:00,5500,completed,False
order_R0938_0_프라푸치노,938,2026-07-05T13:04:00,5500,completed,False
order_R0938_0_말차프라페,938,2026-09-11T13:12:00,16500,completed,False
order_R0938_0_복숭아아이스티,938,2026-03-31T03:54:00,5500,completed,False
order_R0938_0_자몽허니블랙티,938,2026-06-06T21:17:00,5500,completed,False
order_R0939_0_아메리카노_hot,939,2026-04-08T02:52:00,5500,completed,False
order_R0939_0_아메리카노_ice,939,2026-01-12T15:31:00,11000,completed,False
order_R0939_0_콜드브루,939,2026-02-11T03:35:00,11000,completed,False
order_R0939_0_레몬에이드,939,2026-01-16T20:50:00,5500,completed,False
order_R0939_0_자몽에이드,939,2026-02-18T22:05:00,5500,completed,False
order_R0940_0_아메리카노_hot,940,2026-08-27T14:07:00,5500,completed,False
order_R0940_0_아메리카노_ice,940,2026-05-29T14:52:00,16500,completed,False
order_R0940_0_카페라떼_hot,940,2026-06-24T20:51:00,5500,completed,False
order_R0940_0_카페라떼_ice,940,2026-06-22T01:10:00,11000,completed,False
order_R0941_0_카페라떼_hot,941,2026-11-05T00:34:00,5500,completed,False
order_R0941_0_카페라떼_ice,941,2026-06-26T23:11:00,11000,completed,False
order_R0941_0_프라푸치노,941,2026-11-10T15:49:00,5500,completed,False
order_R0941_0_말차프라페,941,2026-06-04T11:23:00,5500,completed,False
order_R0941_0_복숭아아이스티,941,2026-04-03T03:35:00,11000,completed,False
order_R0941_0_자몽허니블랙티,941,2026-10-08T02:19:00,16500,completed,False
order_R0941_0_레몬에이드,941,2026-11-05T00:05:00,11000,completed,False
order_R0941_0_자몽에이드,941,2026-07-13T23:16:00,5500,completed,False
order_R0942_0_아메리카노_hot,942,2026-05-15T12:28:00,11000,completed,False
order_R0942_0_아메리카노_ice,942,2026-05-27T11:26:00,5500,completed,False
order_R0942_0_카페라떼_hot,942,2026-12-27T23:36:00,5500,completed,False
order_R0942_0_카페라떼_ice,942,2026-07-10T06:58:00,16500,completed,False
order_R0943_0_아메리카노_hot,943,2026-08-01T13:54:00,5500,completed,False
order_R0943_0_아메리카노_ice,943,2026-03-04T17:17:00,11000,completed,False
order_R0943_0_카페라떼_hot,943,2026-02-07T23:50:00,11000,completed,False
order_R0943_0_카페라떼_ice,943,2026-12-01T13:14:00,11000,completed,False
order_R0943_0_콜드브루,943,2026-07-25T14:30:00,5500,completed,False
order_R0944_0_아메리카노_hot,944,2026-05-06T23:11:00,16500,completed,False
order_R0944_0_아메리카노_ice,944,2026-11-05T13:28:00,11000,completed,False
order_R0944_0_레몬에이드,944,2026-11-15T10:23:00,5500,completed,False
order_R0944_0_자몽에이드,944,2026-08-20T15:25:00,5500,completed,False
order_R0945_0_아메리카노_hot,945,2026-08-01T22:39:00,11000,completed,False
order_R0945_0_아메리카노_ice,945,2026-09-28T23:27:00,5500,completed,False
order_R0945_0_카푸치노,945,2026-03-17T04:06:00,11000,completed,False
order_R0945_0_바닐라라떼,945,2026-04-26T04:02:00,11000,completed,False
order_R0945_0_카라멜마끼아또,945,2026-11-24T00:57:00,11000,completed,False
order_R0945_0_프라푸치노,945,2026-03-27T02:34:00,5500,completed,False
order_R0945_0_말차프라페,945,2026-04-09T06:32:00,16500,completed,False
order_R0945_0_복숭아아이스티,945,2026-04-12T14:33:00,11000,completed,False
order_R0945_0_자몽허니블랙티,945,2026-11-12T17:55:00,5500,completed,False
order_R0946_0_아메리카노_hot,946,2026-04-22T14:57:00,5500,completed,False
order_R0946_0_아메리카노_ice,946,2026-11-02T12:40:00,5500,completed,False
order_R0946_0_드립커피,946,2026-02-28T21:31:00,5500,completed,False
order_R0946_0_레몬에이드,946,2026-12-19T21:50:00,5500,completed,False
order_R0946_0_자몽에이드,946,2026-03-20T19:16:00,5500,completed,False
order_R0947_0_아메리카노_hot,947,2026-03-07T07:26:00,5500,completed,False
order_R0947_0_아메리카노_ice,947,2026-05-26T06:54:00,5500,completed,False
order_R0947_0_카페라떼_hot,947,2026-01-19T17:22:00,5500,completed,False
order_R0947_0_카페라떼_ice,947,2026-08-30T10:18:00,5500,completed,False
order_R0947_0_콜드브루,947,2026-08-25T13:16:00,5500,completed,False
order_R0948_0_에스프레소,948,2026-03-24T21:42:00,11000,completed,False
order_R0948_0_아메리카노_hot,948,2026-12-30T04:41:00,11000,completed,False
order_R0948_0_아메리카노_ice,948,2026-11-10T10:22:00,5500,completed,False
order_R0948_0_레몬에이드,948,2026-04-26T14:23:00,11000,completed,False
order_R0948_0_자몽에이드,948,2026-10-14T12:06:00,5500,completed,False
order_R0948_0_딸기스무디,948,2026-07-24T07:42:00,5500,completed,False
order_R0948_0_망고스무디,948,2026-01-11T03:14:00,16500,completed,False
order_R0949_0_아메리카노_hot,949,2026-11-15T11:14:00,11000,completed,False
order_R0949_0_아메리카노_ice,949,2026-06-19T06:33:00,16500,completed,False
order_R0949_0_카페라떼_hot,949,2026-08-24T07:40:00,11000,completed,False
order_R0949_0_카페라떼_ice,949,2026-10-28T12:22:00,11000,completed,False
order_R0949_0_프라푸치노,949,2026-09-11T00:38:00,5500,completed,False
order_R0949_0_말차프라페,949,2026-02-09T21:59:00,5500,completed,False
order_R0949_0_레몬에이드,949,2026-04-11T07:19:00,11000,completed,False
order_R0949_0_자몽에이드,949,2026-04-19T18:08:00,5500,completed,False
order_R0949_0_딸기스무디,949,2026-03-02T17:31:00,5500,completed,False
order_R0949_0_망고스무디,949,2026-07-09T13:12:00,16500,completed,False
order_R0950_0_아메리카노_hot,950,2026-12-09T20:08:00,11000,completed,False
order_R0950_0_아메리카노_ice,950,2026-06-07T22:59:00,5500,completed,False
order_R0951_0_에스프레소,951,2026-04-26T17:41:00,5500,completed,False
order_R0951_0_아메리카노_hot,951,2026-10-11T12:58:00,16500,completed,False
order_R0951_0_아메리카노_ice,951,2026-12-29T11:13:00,5500,completed,False
order_R0951_0_카페라떼_hot,951,2026-11-01T07:39:00,5500,completed,False
order_R0951_0_카페라떼_ice,951,2026-05-22T12:28:00,11000,completed,False
order_R0951_0_드립커피,951,2026-08-17T12:39:00,11000,completed,False
order_R0951_0_레몬에이드,951,2026-07-01T20:31:00,11000,completed,False
order_R0951_0_자몽에이드,951,2026-05-16T10:23:00,16500,completed,False
order_R0952_0_에스프레소,952,2026-09-29T12:15:00,11000,completed,False
order_R0952_1_에스프레소,952,2026-07-16T18:50:00,5500,completed,False
order_R0952_0_카페라떼_hot,952,2026-08-24T06:47:00,5500,completed,False
order_R0952_0_카페라떼_ice,952,2026-02-11T17:43:00,11000,completed,False
order_R0952_0_콜드브루라떼,952,2026-03-12T17:09:00,16500,completed,False
order_R0952_0_바닐라라떼,952,2026-01-08T20:21:00,5500,completed,False
order_R0952_0_카라멜마끼아또,952,2026-01-22T06:50:00,5500,completed,False
order_R0953_0_아메리카노_hot,953,2026-06-11T15:38:00,11000,completed,False
order_R0953_0_아메리카노_ice,953,2026-04-09T06:51:00,5500,completed,False
order_R0953_0_복숭아아이스티,953,2026-10-27T14:12:00,5500,completed,False
order_R0953_0_자몽허니블랙티,953,2026-12-03T15:48:00,5500,completed,False
order_R0954_0_아메리카노_hot,954,2026-08-18T16:32:00,11000,completed,False
order_R0954_0_아메리카노_ice,954,2026-05-13T08:50:00,16500,completed,False
order_R0954_0_카페라떼_hot,954,2026-04-15T23:31:00,5500,completed,False
order_R0954_0_카페라떼_ice,954,2026-05-02T10:27:00,5500,completed,False
order_R0954_0_콜드브루,954,2026-03-30T21:49:00,5500,completed,False
order_R0954_1_콜드브루,954,2026-09-16T11:00:00,5500,completed,False
order_R0955_0_카페라떼_hot,955,2026-07-24T06:07:00,11000,completed,False
order_R0955_0_카페라떼_ice,955,2026-02-26T06:26:00,5500,completed,False
order_R0956_0_카페라떼_hot,956,2026-03-06T10:58:00,11000,completed,False
order_R0956_0_카페라떼_ice,956,2026-06-13T21:05:00,5500,completed,False
order_R0956_0_딸기스무디,956,2026-08-25T20:57:00,5500,completed,False
order_R0956_0_망고스무디,956,2026-03-20T23:37:00,16500,completed,False
order_R0957_0_아메리카노_hot,957,2026-03-10T05:38:00,11000,completed,False
order_R0957_0_아메리카노_ice,957,2026-06-07T07:33:00,5500,completed,False
order_R0957_0_콜드브루라떼,957,2026-12-18T11:53:00,5500,completed,False
order_R0957_0_드립커피,957,2026-02-16T15:34:00,16500,completed,False
order_R0957_0_복숭아아이스티,957,2026-11-08T20:56:00,5500,completed,False
order_R0957_0_자몽허니블랙티,957,2026-01-10T05:41:00,5500,completed,False
order_R0957_0_레몬에이드,957,2026-06-09T22:41:00,5500,completed,False
order_R0957_0_자몽에이드,957,2026-12-08T11:48:00,5500,completed,False
order_R0958_0_카페라떼_hot,958,2026-08-05T05:59:00,11000,completed,False
order_R0958_0_카페라떼_ice,958,2026-03-22T13:34:00,11000,completed,False
order_R0958_0_레몬에이드,958,2026-03-13T15:05:00,11000,completed,False
order_R0958_0_자몽에이드,958,2026-10-28T00:29:00,11000,completed,False
order_R0958_0_딸기스무디,958,2026-07-13T19:47:00,5500,completed,False
order_R0958_0_망고스무디,958,2026-09-03T07:31:00,11000,completed,False
order_R0959_0_아메리카노_hot,959,2026-12-28T14:52:00,5500,completed,False
order_R0959_0_아메리카노_ice,959,2026-06-12T17:18:00,5500,completed,False
order_R0959_0_녹차라떼,959,2026-08-13T23:26:00,5500,completed,False
order_R0959_0_캐모마일티,959,2026-12-20T02:31:00,11000,completed,False
order_R0960_0_아메리카노_hot,960,2026-10-25T12:11:00,5500,completed,False
order_R0960_0_아메리카노_ice,960,2026-09-22T01:40:00,5500,completed,False
order_R0960_0_카페라떼_hot,960,2026-02-15T07:01:00,5500,completed,False
order_R0960_0_카페라떼_ice,960,2026-04-11T15:51:00,11000,completed,False
order_R0960_0_바닐라라떼,960,2026-06-18T21:46:00,16500,completed,False
order_R0960_0_카라멜마끼아또,960,2026-03-16T09:36:00,5500,completed,False
order_R0960_0_녹차라떼,960,2026-06-09T00:42:00,5500,completed,False
order_R0960_0_캐모마일티,960,2026-01-15T21:37:00,5500,completed,False
order_R0960_0_딸기스무디,960,2026-04-02T09:58:00,11000,completed,False
order_R0960_0_망고스무디,960,2026-03-31T07:44:00,11000,completed,False
order_R0961_0_바닐라라떼,961,2026-04-08T07:17:00,5500,completed,False
order_R0961_0_카라멜마끼아또,961,2026-02-15T14:21:00,16500,completed,False
order_R0961_0_레몬에이드,961,2026-08-14T22:47:00,5500,completed,False
order_R0961_0_자몽에이드,961,2026-05-11T11:05:00,5500,completed,False
order_R0963_0_아메리카노_hot,963,2026-06-26T13:38:00,11000,completed,False
order_R0963_0_아메리카노_ice,963,2026-06-01T16:45:00,11000,completed,False
order_R0963_0_바닐라라떼,963,2026-04-16T08:57:00,5500,completed,False
order_R0963_0_카라멜마끼아또,963,2026-03-13T19:50:00,5500,completed,False
order_R0963_0_딸기스무디,963,2026-08-30T16:33:00,5500,completed,False
order_R0963_0_망고스무디,963,2026-05-17T10:22:00,11000,completed,False
order_R0964_0_아메리카노_hot,964,2026-12-15T19:11:00,5500,completed,False
order_R0964_0_아메리카노_ice,964,2026-12-09T11:16:00,11000,completed,False
order_R0964_0_콜드브루라떼,964,2026-08-08T09:16:00,5500,completed,False
order_R0964_0_레몬에이드,964,2026-08-13T09:31:00,5500,completed,False
order_R0964_0_자몽에이드,964,2026-08-31T17:51:00,11000,completed,False
order_R0964_0_딸기스무디,964,2026-05-20T11:17:00,5500,completed,False
order_R0964_0_망고스무디,964,2026-07-22T21:59:00,11000,completed,False
order_R0965_0_아메리카노_hot,965,2026-02-08T18:30:00,5500,completed,False
order_R0965_0_아메리카노_ice,965,2026-07-22T16:43:00,11000,completed,False
order_R0965_0_바닐라라떼,965,2026-09-19T13:13:00,5500,completed,False
order_R0965_0_카라멜마끼아또,965,2026-10-10T03:39:00,16500,completed,False
order_R0965_0_프라푸치노,965,2026-01-23T13:59:00,5500,completed,False
order_R0965_0_말차프라페,965,2026-11-05T13:52:00,5500,completed,False
order_R0965_0_딸기스무디,965,2026-09-22T02:16:00,5500,completed,False
order_R0965_0_망고스무디,965,2026-05-03T08:36:00,11000,completed,False
order_R0966_0_아메리카노_hot,966,2026-06-12T15:04:00,11000,completed,False
order_R0966_0_아메리카노_ice,966,2026-03-16T09:49:00,11000,completed,False
order_R0966_0_복숭아아이스티,966,2026-01-02T09:42:00,5500,completed,False
order_R0966_0_자몽허니블랙티,966,2026-01-26T10:09:00,11000,completed,False
order_R0966_0_레몬에이드,966,2026-08-09T02:59:00,5500,completed,False
order_R0966_0_자몽에이드,966,2026-01-15T21:17:00,11000,completed,False
order_R0967_0_아메리카노_hot,967,2026-03-20T21:12:00,11000,completed,False
order_R0967_0_아메리카노_ice,967,2026-10-15T18:51:00,5500,completed,False
order_R0967_0_딸기스무디,967,2026-11-09T04:42:00,11000,completed,False
order_R0967_0_망고스무디,967,2026-10-02T00:39:00,5500,completed,False
order_R0968_0_카페라떼_hot,968,2026-05-15T18:22:00,5500,completed,False
order_R0968_0_카페라떼_ice,968,2026-03-24T11:15:00,5500,completed,False
order_R0968_0_바닐라라떼,968,2026-08-07T17:49:00,11000,completed,False
order_R0968_0_카라멜마끼아또,968,2026-12-16T06:33:00,11000,completed,False
order_R0969_0_딸기스무디,969,2026-04-04T01:04:00,5500,completed,False
order_R0969_0_망고스무디,969,2026-06-18T10:02:00,11000,completed,False
order_R0970_0_카페라떼_hot,970,2026-05-22T22:28:00,11000,completed,False
order_R0970_0_카페라떼_ice,970,2026-09-23T19:10:00,11000,completed,False
order_R0970_0_카푸치노,970,2026-04-28T15:34:00,5500,completed,False
order_R0970_0_바닐라라떼,970,2026-11-17T22:00:00,16500,completed,False
order_R0970_0_카라멜마끼아또,970,2026-03-06T11:35:00,5500,completed,False
order_R0970_0_녹차라떼,970,2026-04-04T14:19:00,11000,completed,False
order_R0970_0_캐모마일티,970,2026-06-24T16:28:00,5500,completed,False
order_R0970_0_레몬에이드,970,2026-03-18T15:44:00,5500,completed,False
order_R0970_0_자몽에이드,970,2026-03-30T20:51:00,5500,completed,False
order_R0971_0_아메리카노_hot,971,2026-01-21T20:10:00,5500,completed,False
order_R0971_0_아메리카노_ice,971,2026-02-09T20:25:00,5500,completed,False
order_R0971_0_카페라떼_hot,971,2026-05-28T06:34:00,5500,completed,False
order_R0971_0_카페라떼_ice,971,2026-10-19T13:19:00,5500,completed,False
order_R0971_0_레몬에이드,971,2026-12-13T06:04:00,5500,completed,False
order_R0971_0_자몽에이드,971,2026-10-21T14:50:00,5500,completed,False
order_R0972_0_아메리카노_hot,972,2026-10-24T07:39:00,5500,completed,False
order_R0972_0_아메리카노_ice,972,2026-04-13T00:28:00,5500,completed,False
order_R0972_0_카페라떼_hot,972,2026-11-22T20:51:00,5500,completed,False
order_R0972_0_카페라떼_ice,972,2026-05-29T02:33:00,5500,completed,False
order_R0972_0_바닐라라떼,972,2026-07-17T04:13:00,5500,completed,False
order_R0972_0_카라멜마끼아또,972,2026-02-21T22:27:00,5500,completed,False
order_R0973_0_카페라떼_hot,973,2026-06-13T13:52:00,5500,completed,False
order_R0973_0_카페라떼_ice,973,2026-10-24T23:45:00,5500,completed,False
order_R0973_0_바닐라라떼,973,2026-06-11T06:38:00,5500,completed,False
order_R0973_0_카라멜마끼아또,973,2026-10-08T12:53:00,11000,completed,False
order_R0973_0_녹차라떼,973,2026-07-15T02:56:00,5500,completed,False
order_R0973_0_캐모마일티,973,2026-07-31T06:08:00,5500,completed,False
order_R0973_0_딸기스무디,973,2026-07-26T22:30:00,11000,completed,False
order_R0973_0_망고스무디,973,2026-07-22T23:56:00,5500,completed,False
order_R0974_0_아메리카노_hot,974,2026-09-05T21:31:00,11000,completed,False
order_R0974_0_아메리카노_ice,974,2026-12-08T16:42:00,16500,completed,False
order_R0975_0_아메리카노_hot,975,2026-02-09T15:53:00,11000,completed,False
order_R0975_0_아메리카노_ice,975,2026-05-26T18:40:00,5500,completed,False
order_R0975_0_카페라떼_hot,975,2026-08-10T10:08:00,11000,completed,False
order_R0975_0_카페라떼_ice,975,2026-11-05T17:13:00,16500,completed,False
order_R0975_0_바닐라라떼,975,2026-06-21T03:19:00,16500,completed,False
order_R0975_0_카라멜마끼아또,975,2026-10-06T21:01:00,11000,completed,False
order_R0975_0_딸기스무디,975,2026-02-14T03:39:00,5500,completed,False
order_R0975_0_망고스무디,975,2026-05-13T16:50:00,16500,completed,False
order_R0976_0_아메리카노_hot,976,2026-07-02T03:56:00,5500,completed,False
order_R0976_0_아메리카노_ice,976,2026-08-27T13:09:00,5500,completed,False
order_R0976_0_카페라떼_hot,976,2026-08-03T23:16:00,5500,completed,False
order_R0976_0_카페라떼_ice,976,2026-10-25T15:43:00,11000,completed,False
order_R0976_0_드립커피,976,2026-08-07T08:11:00,11000,completed,False
order_R0976_0_바닐라라떼,976,2026-01-12T16:07:00,11000,completed,False
order_R0976_0_카라멜마끼아또,976,2026-03-26T17:37:00,16500,completed,False
order_R0976_0_레몬에이드,976,2026-04-26T01:49:00,5500,completed,False
order_R0976_0_자몽에이드,976,2026-05-06T11:24:00,5500,completed,False
order_R0977_0_아메리카노_hot,977,2026-08-31T17:26:00,5500,completed,False
order_R0977_0_아메리카노_ice,977,2026-07-22T06:10:00,5500,completed,False
order_R0977_0_콜드브루라떼,977,2026-03-05T14:39:00,11000,completed,False
order_R0977_0_녹차라떼,977,2026-04-12T15:21:00,16500,completed,False
order_R0977_0_캐모마일티,977,2026-12-18T17:35:00,11000,completed,False
order_R0977_0_레몬에이드,977,2026-01-30T09:52:00,5500,completed,False
order_R0977_0_자몽에이드,977,2026-02-20T10:26:00,5500,completed,False
order_R0978_0_아메리카노_hot,978,2026-01-24T19:36:00,5500,completed,False
order_R0978_0_아메리카노_ice,978,2026-09-03T02:29:00,5500,completed,False
order_R0978_0_카페라떼_hot,978,2026-11-03T19:27:00,5500,completed,False
order_R0978_0_카페라떼_ice,978,2026-06-09T09:58:00,5500,completed,False
order_R0978_0_딸기스무디,978,2026-12-09T01:43:00,5500,completed,False
order_R0978_0_망고스무디,978,2026-12-31T12:15:00,5500,completed,False
order_R0979_0_콜드브루,979,2026-02-03T01:01:00,11000,completed,False
order_R0979_0_바닐라라떼,979,2026-10-31T13:02:00,5500,completed,False
order_R0979_0_카라멜마끼아또,979,2026-10-07T09:45:00,16500,completed,False
order_R0979_0_프라푸치노,979,2026-06-11T20:01:00,5500,completed,False
order_R0979_0_말차프라페,979,2026-07-08T03:57:00,5500,completed,False
order_R0979_0_녹차라떼,979,2026-08-25T10:23:00,5500,completed,False
order_R0979_0_캐모마일티,979,2026-11-15T19:04:00,5500,completed,False
order_R0979_0_레몬에이드,979,2026-11-17T20:24:00,16500,completed,False
order_R0979_0_자몽에이드,979,2026-04-15T05:42:00,5500,completed,False
order_R0979_0_딸기스무디,979,2026-11-07T20:28:00,5500,completed,False
order_R0979_0_망고스무디,979,2026-08-19T09:29:00,5500,completed,False
order_R0980_0_아메리카노_hot,980,2026-06-18T07:43:00,5500,completed,False
order_R0980_0_아메리카노_ice,980,2026-07-22T22:53:00,5500,completed,False
order_R0980_0_카페라떼_hot,980,2026-07-22T09:21:00,5500,completed,False
order_R0980_0_카페라떼_ice,980,2026-02-08T09:44:00,5500,completed,False
order_R0980_0_바닐라라떼,980,2026-11-21T18:11:00,11000,completed,False
order_R0980_0_카라멜마끼아또,980,2026-06-30T03:57:00,5500,completed,False
order_R0981_0_아메리카노_hot,981,2026-07-27T21:16:00,5500,completed,False
order_R0981_0_아메리카노_ice,981,2026-03-03T06:23:00,5500,completed,False
order_R0981_0_카페라떼_hot,981,2026-10-11T23:23:00,5500,completed,False
order_R0981_0_카페라떼_ice,981,2026-04-03T00:41:00,5500,completed,False
order_R0983_0_아메리카노_hot,983,2026-10-06T12:48:00,5500,completed,False
order_R0983_0_아메리카노_ice,983,2026-11-04T08:40:00,5500,completed,False
order_R0983_0_콜드브루,983,2026-04-18T00:31:00,11000,completed,False
order_R0983_1_콜드브루,983,2026-08-17T14:11:00,11000,completed,False
order_R0983_0_딸기스무디,983,2026-03-02T13:02:00,5500,completed,False
order_R0983_0_망고스무디,983,2026-09-02T12:53:00,11000,completed,False
order_R0984_0_아메리카노_hot,984,2026-01-19T04:22:00,11000,completed,False
order_R0984_0_아메리카노_ice,984,2026-10-11T11:34:00,11000,completed,False
order_R0984_0_카페라떼_hot,984,2026-06-10T23:40:00,5500,completed,False
order_R0984_0_카페라떼_ice,984,2026-09-29T17:55:00,5500,completed,False
order_R0984_0_카푸치노,984,2026-05-20T22:10:00,11000,completed,False
order_R0984_0_바닐라라떼,984,2026-05-13T23:29:00,16500,completed,False
order_R0984_0_카라멜마끼아또,984,2026-05-20T08:01:00,5500,completed,False
order_R0985_0_아메리카노_hot,985,2026-05-19T15:04:00,5500,completed,False
order_R0985_0_아메리카노_ice,985,2026-03-29T23:43:00,5500,completed,False
order_R0985_0_콜드브루,985,2026-06-02T20:13:00,5500,completed,False
order_R0985_1_콜드브루,985,2026-08-03T02:38:00,5500,completed,False
order_R0985_2_콜드브루,985,2026-05-02T23:55:00,11000,completed,False
order_R0986_0_아메리카노_hot,986,2026-01-03T08:27:00,11000,completed,False
order_R0986_0_아메리카노_ice,986,2026-06-01T11:14:00,5500,completed,False
order_R0986_0_녹차라떼,986,2026-04-27T09:16:00,11000,completed,False
order_R0986_0_캐모마일티,986,2026-02-03T13:35:00,5500,completed,False
order_R0986_0_복숭아아이스티,986,2026-09-26T14:50:00,11000,completed,False
order_R0986_0_자몽허니블랙티,986,2026-01-07T21:51:00,5500,completed,False
order_R0986_0_딸기스무디,986,2026-01-01T21:05:00,5500,completed,False
order_R0986_0_망고스무디,986,2026-11-05T01:01:00,16500,completed,False
order_R0987_0_아메리카노_hot,987,2026-01-29T21:33:00,5500,completed,False
order_R0987_0_아메리카노_ice,987,2026-07-11T22:40:00,5500,completed,False
order_R0987_0_카페라떼_hot,987,2026-05-21T20:30:00,11000,completed,False
order_R0987_0_카페라떼_ice,987,2026-01-29T20:04:00,5500,completed,False
order_R0987_0_프라푸치노,987,2026-08-24T06:21:00,5500,completed,False
order_R0987_0_말차프라페,987,2026-07-06T07:48:00,5500,completed,False
order_R0988_0_콜드브루라떼,988,2026-04-29T11:22:00,5500,completed,False
order_R0988_0_복숭아아이스티,988,2026-12-11T19:37:00,16500,completed,False
order_R0988_0_자몽허니블랙티,988,2026-07-23T18:03:00,11000,completed,False
order_R0988_0_딸기스무디,988,2026-01-06T12:46:00,5500,completed,False
order_R0988_0_망고스무디,988,2026-03-24T23:54:00,11000,completed,False
order_R0989_0_아메리카노_hot,989,2026-12-22T23:11:00,5500,completed,False
order_R0989_0_아메리카노_ice,989,2026-01-09T18:44:00,5500,completed,False
order_R0989_0_드립커피,989,2026-03-03T23:42:00,5500,completed,False
order_R0989_0_바닐라라떼,989,2026-09-22T06:13:00,5500,completed,False
order_R0989_0_카라멜마끼아또,989,2026-03-20T13:38:00,11000,completed,False
order_R0990_0_에스프레소,990,2026-12-11T22:43:00,5500,completed,False
order_R0990_0_아메리카노_hot,990,2026-08-11T02:42:00,5500,completed,False
order_R0990_0_아메리카노_ice,990,2026-10-19T16:46:00,5500,completed,False
order_R0990_0_카페라떼_hot,990,2026-05-23T01:51:00,5500,completed,False
order_R0990_0_카페라떼_ice,990,2026-09-06T14:22:00,11000,completed,False
order_R0990_0_카푸치노,990,2026-01-27T14:08:00,5500,completed,False
order_R0990_0_바닐라라떼,990,2026-10-18T10:34:00,5500,completed,False
order_R0990_0_카라멜마끼아또,990,2026-10-26T15:45:00,11000,completed,False
order_R0991_0_아메리카노_hot,991,2026-09-29T23:40:00,5500,completed,False
order_R0991_0_아메리카노_ice,991,2026-08-12T06:03:00,16500,completed,False
order_R0991_0_카페라떼_hot,991,2026-02-27T13:28:00,5500,completed,False
order_R0991_0_카페라떼_ice,991,2026-10-30T08:26:00,5500,completed,False
order_R0991_0_바닐라라떼,991,2026-01-30T10:11:00,5500,completed,False
order_R0991_0_카라멜마끼아또,991,2026-02-18T16:09:00,5500,completed,False
order_R0991_0_녹차라떼,991,2026-04-05T09:12:00,5500,completed,False
order_R0991_0_캐모마일티,991,2026-11-18T15:34:00,5500,completed,False
order_R0992_0_바닐라라떼,992,2026-11-02T08:52:00,11000,completed,False
order_R0992_0_카라멜마끼아또,992,2026-03-19T15:02:00,5500,completed,False
order_R0992_0_복숭아아이스티,992,2026-09-08T11:36:00,5500,completed,False
order_R0992_0_자몽허니블랙티,992,2026-02-01T21:40:00,16500,completed,False
order_R0992_0_딸기스무디,992,2026-06-08T06:43:00,16500,completed,False
order_R0992_0_망고스무디,992,2026-08-29T13:38:00,11000,completed,False
order_R0993_0_아메리카노_hot,993,2026-12-20T13:29:00,5500,completed,False
order_R0993_0_아메리카노_ice,993,2026-09-06T11:33:00,11000,completed,False
order_R0993_0_바닐라라떼,993,2026-07-19T04:26:00,5500,completed,False
order_R0993_0_카라멜마끼아또,993,2026-09-08T23:13:00,5500,completed,False
order_R0994_0_콜드브루,994,2026-04-25T10:32:00,5500,completed,False
order_R0994_0_바닐라라떼,994,2026-10-19T23:03:00,5500,completed,False
order_R0994_0_카라멜마끼아또,994,2026-03-22T11:47:00,11000,completed,False
order_R0994_0_레몬에이드,994,2026-11-29T22:05:00,5500,completed,False
order_R0994_0_자몽에이드,994,2026-09-23T23:09:00,5500,completed,False
order_R0994_0_딸기스무디,994,2026-02-26T06:50:00,11000,completed,False
order_R0994_0_망고스무디,994,2026-09-27T14:39:00,16500,completed,False
order_R0995_0_복숭아아이스티,995,2026-05-15T14:01:00,16500,completed,False
order_R0995_0_자몽허니블랙티,995,2026-02-06T18:02:00,5500,completed,False
order_R0995_0_레몬에이드,995,2026-05-29T09:51:00,16500,completed,False
order_R0995_0_자몽에이드,995,2026-08-16T12:42:00,5500,completed,False
order_R0996_0_카페라떼_hot,996,2026-08-06T06:53:00,5500,completed,False
order_R0996_0_카페라떼_ice,996,2026-09-03T06:59:00,5500,completed,False
order_R0996_0_카푸치노,996,2026-04-22T12:09:00,5500,completed,False
order_R0996_0_복숭아아이스티,996,2026-09-02T21:15:00,5500,completed,False
order_R0996_0_자몽허니블랙티,996,2026-12-28T14:27:00,11000,completed,False
order_R0997_0_아메리카노_hot,997,2026-06-11T21:20:00,5500,completed,False
order_R0997_0_아메리카노_ice,997,2026-12-31T06:31:00,16500,completed,False
order_R0997_0_카페라떼_hot,997,2026-12-25T13:12:00,11000,completed,False
order_R0997_0_카페라떼_ice,997,2026-02-26T16:33:00,5500,completed,False
order_R0999_0_아메리카노_hot,999,2026-11-29T20:50:00,11000,completed,False
order_R0999_0_아메리카노_ice,999,2026-08-24T23:59:00,16500,completed,False
order_R0999_0_카페라떼_hot,999,2026-02-12T17:34:00,5500,completed,False
order_R0999_0_카페라떼_ice,999,2026-11-03T02:09:00,11000,completed,False
order_R0999_0_드립커피,999,2026-01-18T09:43:00,16500,completed,False
order_R0999_0_프라푸치노,999,2026-11-09T17:07:00,16500,completed,False
order_R0999_0_말차프라페,999,2026-01-09T23:33:00,5500,completed,False
order_R1000_0_아메리카노_hot,1000,2026-01-14T11:05:00,5500,completed,False
order_R1000_0_아메리카노_ice,1000,2026-03-14T04:27:00,5500,completed,False
order_R1000_0_카페라떼_hot,1000,2026-04-08T13:30:00,5500,completed,False
order_R1000_0_카페라떼_ice,1000,2026-03-29T16:12:00,11000,completed,False
order_R1000_0_바닐라라떼,1000,2026-01-22T17:24:00,5500,completed,False
order_R1000_0_카라멜마끼아또,1000,2026-02-06T12:11:00,5500,completed,False
order_R1000_0_프라푸치노,1000,2026-09-17T11:44:00,5500,completed,False
order_R1000_0_말차프라페,1000,2026-01-14T11:29:00,5500,completed,False
order_R1001_0_카페라떼_hot,1001,2026-04-18T15:42:00,16500,completed,False
order_R1001_0_카페라떼_ice,1001,2026-01-06T19:57:00,5500,completed,False
order_R1001_0_드립커피,1001,2026-12-15T13:38:00,5500,completed,False
order_R1001_0_바닐라라떼,1001,2026-03-03T00:11:00,5500,completed,False
order_R1001_0_카라멜마끼아또,1001,2026-07-17T20:54:00,5500,completed,False
order_R1001_0_복숭아아이스티,1001,2026-07-15T09:43:00,11000,completed,False
order_R1001_0_자몽허니블랙티,1001,2026-05-11T17:13:00,11000,completed,False
order_R1002_0_카푸치노,1002,2026-08-14T17:57:00,5500,completed,False
order_R1002_0_바닐라라떼,1002,2026-10-06T22:29:00,5500,completed,False
order_R1002_0_카라멜마끼아또,1002,2026-08-17T20:32:00,5500,completed,False
order_R1002_0_딸기스무디,1002,2026-10-05T12:45:00,5500,completed,False
order_R1002_0_망고스무디,1002,2026-03-10T08:07:00,5500,completed,False
order_R1003_0_카페라떼_hot,1003,2026-02-20T16:53:00,16500,completed,False
order_R1003_0_카페라떼_ice,1003,2026-11-09T11:37:00,5500,completed,False
order_R1004_0_아메리카노_hot,1004,2026-08-30T12:18:00,5500,completed,False
order_R1004_0_아메리카노_ice,1004,2026-08-11T01:41:00,5500,completed,False
order_R1004_0_레몬에이드,1004,2026-06-11T23:00:00,11000,completed,False
order_R1004_0_자몽에이드,1004,2026-04-30T05:12:00,5500,completed,False
order_R1005_0_아메리카노_hot,1005,2026-06-26T11:08:00,11000,completed,False
order_R1005_0_아메리카노_ice,1005,2026-12-10T14:26:00,5500,completed,False
order_R1005_0_드립커피,1005,2026-05-22T02:57:00,5500,completed,False
order_R1005_0_바닐라라떼,1005,2026-02-14T04:04:00,5500,completed,False
order_R1005_0_카라멜마끼아또,1005,2026-02-10T20:02:00,11000,completed,False
order_R1005_0_레몬에이드,1005,2026-04-14T09:49:00,11000,completed,False
order_R1005_0_자몽에이드,1005,2026-02-18T13:30:00,11000,completed,False
order_R1006_0_카페라떼_hot,1006,2026-01-17T19:10:00,5500,completed,False
order_R1006_0_카페라떼_ice,1006,2026-05-17T14:08:00,16500,completed,False
order_R1006_0_콜드브루,1006,2026-11-03T10:07:00,11000,completed,False
order_R1006_0_드립커피,1006,2026-05-14T08:53:00,5500,completed,False
order_R1006_0_녹차라떼,1006,2026-05-09T19:03:00,5500,completed,False
order_R1006_0_캐모마일티,1006,2026-12-08T13:35:00,11000,completed,False
order_R1007_0_아메리카노_hot,1007,2026-07-02T07:10:00,5500,completed,False
order_R1007_0_아메리카노_ice,1007,2026-09-19T15:02:00,11000,completed,False
order_R1007_0_카페라떼_hot,1007,2026-02-19T18:47:00,5500,completed,False
order_R1007_0_카페라떼_ice,1007,2026-10-24T20:30:00,5500,completed,False
order_R1007_0_프라푸치노,1007,2026-09-22T06:48:00,16500,completed,False
order_R1007_0_말차프라페,1007,2026-10-20T14:13:00,11000,completed,False
order_R1008_0_아메리카노_hot,1008,2026-05-23T19:14:00,5500,completed,False
order_R1008_0_아메리카노_ice,1008,2026-04-13T15:12:00,5500,completed,False
order_R1008_0_카페라떼_hot,1008,2026-01-26T17:28:00,11000,completed,False
order_R1008_0_카페라떼_ice,1008,2026-05-24T11:16:00,5500,completed,False
order_R1008_0_녹차라떼,1008,2026-04-30T13:55:00,11000,completed,False
order_R1008_0_캐모마일티,1008,2026-01-31T09:37:00,16500,completed,False
order_R1008_0_레몬에이드,1008,2026-09-19T10:02:00,5500,completed,False
order_R1008_0_자몽에이드,1008,2026-01-26T08:49:00,5500,completed,False
order_R1009_0_아메리카노_hot,1009,2026-07-15T16:18:00,11000,completed,False
order_R1009_0_아메리카노_ice,1009,2026-05-31T09:16:00,5500,completed,False
order_R1009_0_드립커피,1009,2026-10-31T03:44:00,11000,completed,False
order_R1010_0_카페라떼_hot,1010,2026-11-15T15:09:00,5500,completed,False
order_R1010_0_카페라떼_ice,1010,2026-03-03T10:58:00,5500,completed,False
order_R1010_0_복숭아아이스티,1010,2026-01-10T18:07:00,5500,completed,False
order_R1010_0_자몽허니블랙티,1010,2026-09-26T23:39:00,11000,completed,False
order_R1010_0_레몬에이드,1010,2026-12-25T16:32:00,5500,completed,False
order_R1010_0_자몽에이드,1010,2026-05-23T13:23:00,16500,completed,False
order_R1011_0_카페라떼_hot,1011,2026-11-25T19:29:00,5500,completed,False
order_R1011_0_카페라떼_ice,1011,2026-06-30T19:18:00,5500,completed,False
order_R1011_0_콜드브루,1011,2026-07-05T15:28:00,11000,completed,False
order_R1011_1_콜드브루,1011,2026-09-10T09:08:00,5500,completed,False
order_R1011_2_콜드브루,1011,2026-02-09T21:44:00,5500,completed,False
order_R1012_0_아메리카노_hot,1012,2026-05-17T14:14:00,11000,completed,False
order_R1012_0_아메리카노_ice,1012,2026-06-01T08:17:00,5500,completed,False
order_R1012_0_카푸치노,1012,2026-10-04T20:30:00,16500,completed,False
order_R1012_0_바닐라라떼,1012,2026-04-24T10:42:00,11000,completed,False
order_R1012_0_카라멜마끼아또,1012,2026-07-21T03:16:00,16500,completed,False
order_R1012_0_복숭아아이스티,1012,2026-10-12T08:25:00,5500,completed,False
order_R1012_0_자몽허니블랙티,1012,2026-09-30T11:45:00,11000,completed,False
order_R1012_0_레몬에이드,1012,2026-06-13T22:45:00,5500,completed,False
order_R1012_0_자몽에이드,1012,2026-10-23T11:33:00,11000,completed,False
order_R1013_0_아메리카노_hot,1013,2026-03-16T04:04:00,5500,completed,False
order_R1013_0_아메리카노_ice,1013,2026-07-02T12:34:00,5500,completed,False
order_R1013_0_콜드브루,1013,2026-03-03T21:07:00,5500,completed,False
order_R1013_1_콜드브루,1013,2026-07-18T06:00:00,5500,completed,False
order_R1014_0_아메리카노_hot,1014,2026-02-05T09:55:00,5500,completed,False
order_R1014_0_아메리카노_ice,1014,2026-04-29T21:28:00,5500,completed,False
order_R1014_0_드립커피,1014,2026-06-25T17:01:00,11000,completed,False
order_R1015_0_프라푸치노,1015,2026-08-27T15:54:00,5500,completed,False
order_R1015_0_말차프라페,1015,2026-12-27T20:46:00,11000,completed,False
order_R1015_0_복숭아아이스티,1015,2026-06-02T17:32:00,16500,completed,False
order_R1015_0_자몽허니블랙티,1015,2026-04-21T08:26:00,5500,completed,False
order_R1016_0_아메리카노_hot,1016,2026-11-22T19:50:00,5500,completed,False
order_R1016_0_아메리카노_ice,1016,2026-05-26T03:13:00,5500,completed,False
order_R1016_0_콜드브루라떼,1016,2026-02-11T02:46:00,5500,completed,False
order_R1017_0_아메리카노_hot,1017,2026-12-29T17:47:00,5500,completed,False
order_R1017_0_아메리카노_ice,1017,2026-03-09T14:36:00,16500,completed,False
order_R1017_0_카페라떼_hot,1017,2026-02-08T05:10:00,5500,completed,False
order_R1017_0_카페라떼_ice,1017,2026-06-10T11:43:00,5500,completed,False
order_R1017_0_복숭아아이스티,1017,2026-03-09T11:18:00,11000,completed,False
order_R1017_0_자몽허니블랙티,1017,2026-07-28T01:29:00,11000,completed,False
order_R1017_0_레몬에이드,1017,2026-09-27T21:25:00,5500,completed,False
order_R1017_0_자몽에이드,1017,2026-06-03T11:19:00,5500,completed,False
order_R1018_0_아메리카노_hot,1018,2026-01-04T09:09:00,16500,completed,False
order_R1018_0_아메리카노_ice,1018,2026-10-22T08:56:00,5500,completed,False
order_R1018_0_카페라떼_hot,1018,2026-04-18T22:47:00,11000,completed,False
order_R1018_0_카페라떼_ice,1018,2026-03-20T04:41:00,5500,completed,False
order_R1018_0_바닐라라떼,1018,2026-05-28T00:42:00,5500,completed,False
order_R1018_0_카라멜마끼아또,1018,2026-08-14T13:07:00,16500,completed,False
order_R1018_0_프라푸치노,1018,2026-11-02T00:52:00,5500,completed,False
order_R1018_0_말차프라페,1018,2026-03-04T23:42:00,5500,completed,False
order_R1018_0_녹차라떼,1018,2026-06-23T22:24:00,5500,completed,False
order_R1018_0_캐모마일티,1018,2026-12-28T23:55:00,5500,completed,False
order_R1018_0_딸기스무디,1018,2026-11-26T02:17:00,11000,completed,False
order_R1018_0_망고스무디,1018,2026-07-19T18:11:00,5500,completed,False
order_R1019_0_아메리카노_hot,1019,2026-12-29T12:58:00,5500,completed,False
order_R1019_0_아메리카노_ice,1019,2026-06-12T11:27:00,11000,completed,False
order_R1019_0_카페라떼_hot,1019,2026-01-13T09:37:00,5500,completed,False
order_R1019_0_카페라떼_ice,1019,2026-08-03T15:05:00,11000,completed,False
order_R1019_0_딸기스무디,1019,2026-10-31T06:28:00,5500,completed,False
order_R1019_0_망고스무디,1019,2026-02-22T14:05:00,5500,completed,False
order_R1020_0_아메리카노_hot,1020,2026-06-10T03:07:00,16500,completed,False
order_R1020_0_아메리카노_ice,1020,2026-01-05T10:49:00,5500,completed,False
order_R1020_0_카페라떼_hot,1020,2026-04-02T04:13:00,5500,completed,False
order_R1020_0_카페라떼_ice,1020,2026-06-24T10:09:00,5500,completed,False
order_R1020_0_바닐라라떼,1020,2026-04-07T12:38:00,5500,completed,False
order_R1020_0_카라멜마끼아또,1020,2026-02-25T16:27:00,5500,completed,False
order_R1021_0_아메리카노_hot,1021,2026-01-10T19:40:00,5500,completed,False
order_R1021_0_아메리카노_ice,1021,2026-04-11T03:15:00,5500,completed,False
order_R1022_0_아메리카노_hot,1022,2026-03-21T14:16:00,11000,completed,False
order_R1022_0_아메리카노_ice,1022,2026-09-05T09:43:00,11000,completed,False
order_R1022_0_카페라떼_hot,1022,2026-08-27T17:54:00,16500,completed,False
order_R1022_0_카페라떼_ice,1022,2026-05-03T16:28:00,5500,completed,False
order_R1022_0_프라푸치노,1022,2026-07-31T09:18:00,5500,completed,False
order_R1022_0_말차프라페,1022,2026-07-03T13:51:00,11000,completed,False
order_R1022_0_복숭아아이스티,1022,2026-08-23T01:49:00,11000,completed,False
order_R1022_0_자몽허니블랙티,1022,2026-02-19T11:56:00,11000,completed,False
order_R1023_0_아메리카노_hot,1023,2026-11-11T12:33:00,11000,completed,False
order_R1023_0_아메리카노_ice,1023,2026-04-30T11:56:00,5500,completed,False
order_R1023_0_드립커피,1023,2026-01-09T06:48:00,5500,completed,False
order_R1023_0_레몬에이드,1023,2026-11-16T14:37:00,11000,completed,False
order_R1023_0_자몽에이드,1023,2026-03-29T16:23:00,5500,completed,False
order_R1024_0_아메리카노_hot,1024,2026-02-03T09:39:00,5500,completed,False
order_R1024_0_아메리카노_ice,1024,2026-10-16T20:00:00,5500,completed,False
order_R1024_0_카페라떼_hot,1024,2026-06-26T01:26:00,11000,completed,False
order_R1024_0_카페라떼_ice,1024,2026-04-02T15:41:00,5500,completed,False
order_R1024_0_콜드브루,1024,2026-01-12T17:39:00,5500,completed,False
order_R1024_0_녹차라떼,1024,2026-02-10T22:15:00,5500,completed,False
order_R1024_0_캐모마일티,1024,2026-03-08T16:12:00,11000,completed,False
order_R1024_0_복숭아아이스티,1024,2026-12-25T10:35:00,5500,completed,False
order_R1024_0_자몽허니블랙티,1024,2026-10-16T10:30:00,11000,completed,False
order_R1024_0_레몬에이드,1024,2026-03-04T21:56:00,5500,completed,False
order_R1024_0_자몽에이드,1024,2026-07-24T11:34:00,5500,completed,False
order_R1024_0_딸기스무디,1024,2026-01-05T16:37:00,16500,completed,False
order_R1024_0_망고스무디,1024,2026-05-31T08:44:00,5500,completed,False
order_R1025_0_아메리카노_hot,1025,2026-06-12T13:16:00,11000,completed,False
order_R1025_0_아메리카노_ice,1025,2026-01-26T05:07:00,5500,completed,False
order_R1025_0_카페라떼_hot,1025,2026-06-05T14:11:00,11000,completed,False
order_R1025_0_카페라떼_ice,1025,2026-09-02T06:23:00,5500,completed,False
order_R1025_0_바닐라라떼,1025,2026-04-27T06:14:00,5500,completed,False
order_R1025_0_카라멜마끼아또,1025,2026-06-06T06:24:00,5500,completed,False
order_R1026_0_아메리카노_hot,1026,2026-09-07T12:13:00,16500,completed,False
order_R1026_0_아메리카노_ice,1026,2026-12-21T07:56:00,5500,completed,False
order_R1026_0_카페라떼_hot,1026,2026-05-15T06:45:00,5500,completed,False
order_R1026_0_카페라떼_ice,1026,2026-09-25T21:24:00,5500,completed,False
order_R1026_0_카푸치노,1026,2026-06-08T08:56:00,5500,completed,False
order_R1026_0_콜드브루,1026,2026-12-08T01:57:00,11000,completed,False
order_R1026_1_콜드브루,1026,2026-02-09T08:04:00,11000,completed,False
order_R1026_0_바닐라라떼,1026,2026-02-10T12:17:00,5500,completed,False
order_R1026_0_카라멜마끼아또,1026,2026-07-05T14:20:00,11000,completed,False
order_R1026_0_딸기스무디,1026,2026-03-28T12:10:00,5500,completed,False
order_R1026_0_망고스무디,1026,2026-10-06T10:32:00,5500,completed,False
order_R1027_0_아메리카노_hot,1027,2026-03-14T12:38:00,11000,completed,False
order_R1027_0_아메리카노_ice,1027,2026-11-12T10:18:00,5500,completed,False
order_R1027_0_드립커피,1027,2026-10-07T15:24:00,5500,completed,False
order_R1027_0_바닐라라떼,1027,2026-11-03T23:50:00,5500,completed,False
order_R1027_0_카라멜마끼아또,1027,2026-04-05T12:07:00,5500,completed,False
order_R1028_0_아메리카노_hot,1028,2026-09-16T04:06:00,11000,completed,False
order_R1028_0_아메리카노_ice,1028,2026-05-27T12:03:00,5500,completed,False
order_R1028_0_카페라떼_hot,1028,2026-11-14T12:41:00,16500,completed,False
order_R1028_0_카페라떼_ice,1028,2026-11-06T23:26:00,11000,completed,False
order_R1028_0_레몬에이드,1028,2026-03-21T18:43:00,11000,completed,False
order_R1028_0_자몽에이드,1028,2026-03-02T21:05:00,5500,completed,False
order_R1029_0_아메리카노_hot,1029,2026-09-02T18:45:00,5500,completed,False
order_R1029_0_아메리카노_ice,1029,2026-11-16T13:26:00,5500,completed,False
order_R1029_0_카페라떼_hot,1029,2026-06-25T08:41:00,11000,completed,False
order_R1029_0_카페라떼_ice,1029,2026-10-09T08:45:00,5500,completed,False
order_R1029_0_드립커피,1029,2026-01-12T10:16:00,5500,completed,False
order_R1029_0_녹차라떼,1029,2026-03-04T16:34:00,16500,completed,False
order_R1029_0_캐모마일티,1029,2026-02-16T23:04:00,5500,completed,False
order_R1029_0_복숭아아이스티,1029,2026-09-02T17:32:00,5500,completed,False
order_R1029_0_자몽허니블랙티,1029,2026-08-25T05:54:00,5500,completed,False
order_R1030_0_아메리카노_hot,1030,2026-08-23T07:20:00,5500,completed,False
order_R1030_0_아메리카노_ice,1030,2026-01-12T18:09:00,5500,completed,False
order_R1030_0_바닐라라떼,1030,2026-10-21T18:39:00,16500,completed,False
order_R1030_0_카라멜마끼아또,1030,2026-06-04T23:37:00,11000,completed,False
order_R1031_0_아메리카노_hot,1031,2026-04-30T06:39:00,11000,completed,False
order_R1031_0_아메리카노_ice,1031,2026-11-08T22:03:00,5500,completed,False
order_R1031_0_콜드브루,1031,2026-09-05T06:09:00,11000,completed,False
order_R1031_0_프라푸치노,1031,2026-09-29T08:05:00,5500,completed,False
order_R1031_0_말차프라페,1031,2026-11-16T18:01:00,16500,completed,False
order_R1031_0_딸기스무디,1031,2026-11-10T21:16:00,5500,completed,False
order_R1031_0_망고스무디,1031,2026-08-12T16:58:00,11000,completed,False
order_R1032_0_카페라떼_hot,1032,2026-11-16T20:47:00,5500,completed,False
order_R1032_0_카페라떼_ice,1032,2026-02-13T10:13:00,11000,completed,False
order_R1032_0_콜드브루,1032,2026-09-08T20:14:00,5500,completed,False
order_R1032_0_바닐라라떼,1032,2026-08-10T08:32:00,11000,completed,False
order_R1032_0_카라멜마끼아또,1032,2026-10-12T09:54:00,11000,completed,False
order_R1032_0_레몬에이드,1032,2026-10-08T17:57:00,5500,completed,False
order_R1032_0_자몽에이드,1032,2026-07-03T01:07:00,11000,completed,False
order_R1033_0_아메리카노_hot,1033,2026-08-10T18:28:00,11000,completed,False
order_R1033_0_아메리카노_ice,1033,2026-06-06T09:53:00,16500,completed,False
order_R1033_0_카페라떼_hot,1033,2026-10-07T14:13:00,5500,completed,False
order_R1033_0_카페라떼_ice,1033,2026-11-22T22:35:00,11000,completed,False
order_R1033_0_녹차라떼,1033,2026-08-23T09:11:00,5500,completed,False
order_R1033_0_캐모마일티,1033,2026-10-30T22:36:00,11000,completed,False
order_R1034_0_아메리카노_hot,1034,2026-03-11T07:09:00,5500,completed,False
order_R1034_0_아메리카노_ice,1034,2026-06-19T19:39:00,5500,completed,False
order_R1034_0_바닐라라떼,1034,2026-12-26T08:08:00,5500,completed,False
order_R1034_0_카라멜마끼아또,1034,2026-04-26T22:54:00,11000,completed,False
order_R1035_0_아메리카노_hot,1035,2026-12-23T17:05:00,5500,completed,False
order_R1035_0_아메리카노_ice,1035,2026-07-16T13:11:00,16500,completed,False
order_R1035_0_카페라떼_hot,1035,2026-09-14T19:17:00,11000,completed,False
order_R1035_0_카페라떼_ice,1035,2026-01-28T22:32:00,11000,completed,False
order_R1035_0_딸기스무디,1035,2026-02-07T16:30:00,16500,completed,False
order_R1035_0_망고스무디,1035,2026-12-03T11:41:00,5500,completed,False
order_R1036_0_프라푸치노,1036,2026-09-13T18:37:00,11000,completed,False
order_R1036_0_말차프라페,1036,2026-03-02T06:19:00,5500,completed,False
order_R1037_0_아메리카노_hot,1037,2026-09-16T13:29:00,5500,completed,False
order_R1037_0_아메리카노_ice,1037,2026-12-01T15:49:00,5500,completed,False
order_R1038_0_아메리카노_hot,1038,2026-01-24T16:58:00,5500,completed,False
order_R1038_0_아메리카노_ice,1038,2026-05-14T15:02:00,16500,completed,False
order_R1038_0_딸기스무디,1038,2026-10-31T16:36:00,5500,completed,False
order_R1038_0_망고스무디,1038,2026-02-21T03:33:00,16500,completed,False
order_R1039_0_아메리카노_hot,1039,2026-12-12T15:30:00,5500,completed,False
order_R1039_0_아메리카노_ice,1039,2026-05-19T00:57:00,11000,completed,False
order_R1039_0_카페라떼_hot,1039,2026-10-07T12:23:00,11000,completed,False
order_R1039_0_카페라떼_ice,1039,2026-07-11T07:51:00,5500,completed,False
order_R1039_0_콜드브루라떼,1039,2026-11-06T07:53:00,5500,completed,False
order_R1039_0_녹차라떼,1039,2026-01-16T11:25:00,5500,completed,False
order_R1039_0_캐모마일티,1039,2026-02-21T02:34:00,11000,completed,False
order_R1039_0_딸기스무디,1039,2026-08-09T01:47:00,11000,completed,False
order_R1039_0_망고스무디,1039,2026-03-03T13:05:00,16500,completed,False
order_R1040_0_드립커피,1040,2026-01-31T23:55:00,11000,completed,False
order_R1040_0_딸기스무디,1040,2026-05-25T21:51:00,5500,completed,False
order_R1040_0_망고스무디,1040,2026-11-18T15:43:00,11000,completed,False
order_R1041_0_카푸치노,1041,2026-06-03T14:35:00,11000,completed,False
order_R1041_1_카푸치노,1041,2026-10-08T03:42:00,5500,completed,False
order_R1041_0_바닐라라떼,1041,2026-06-21T04:19:00,11000,completed,False
order_R1041_0_카라멜마끼아또,1041,2026-11-15T14:53:00,5500,completed,False
order_R1041_0_복숭아아이스티,1041,2026-03-20T10:14:00,5500,completed,False
order_R1041_0_자몽허니블랙티,1041,2026-09-13T16:42:00,11000,completed,False
order_R1042_0_아메리카노_hot,1042,2026-09-25T11:06:00,5500,completed,False
order_R1042_0_아메리카노_ice,1042,2026-09-12T00:48:00,11000,completed,False
order_R1042_0_레몬에이드,1042,2026-03-29T20:49:00,16500,completed,False
order_R1042_0_자몽에이드,1042,2026-11-23T16:40:00,5500,completed,False
order_R1043_0_카페라떼_hot,1043,2026-06-12T09:09:00,5500,completed,False
order_R1043_0_카페라떼_ice,1043,2026-03-10T04:24:00,11000,completed,False
order_R1043_0_복숭아아이스티,1043,2026-01-20T12:42:00,11000,completed,False
order_R1043_0_자몽허니블랙티,1043,2026-09-03T07:26:00,5500,completed,False
order_R1044_0_아메리카노_hot,1044,2026-05-04T05:53:00,11000,completed,False
order_R1044_0_아메리카노_ice,1044,2026-06-18T14:10:00,5500,completed,False
order_R1044_0_카페라떼_hot,1044,2026-07-12T21:40:00,11000,completed,False
order_R1044_0_카페라떼_ice,1044,2026-10-24T11:59:00,11000,completed,False
order_R1044_0_바닐라라떼,1044,2026-07-21T17:23:00,11000,completed,False
order_R1044_0_카라멜마끼아또,1044,2026-08-25T10:02:00,5500,completed,False
order_R1044_0_레몬에이드,1044,2026-01-11T14:39:00,5500,completed,False
order_R1044_0_자몽에이드,1044,2026-12-02T09:50:00,5500,completed,False
order_R1045_0_아메리카노_hot,1045,2026-03-30T21:35:00,11000,completed,False
order_R1045_0_아메리카노_ice,1045,2026-02-02T00:12:00,5500,completed,False
order_R1045_0_카푸치노,1045,2026-10-14T10:54:00,5500,completed,False
order_R1045_0_바닐라라떼,1045,2026-02-20T17:44:00,11000,completed,False
order_R1045_0_카라멜마끼아또,1045,2026-07-01T12:00:00,5500,completed,False
order_R1045_0_녹차라떼,1045,2026-08-20T12:33:00,16500,completed,False
order_R1045_0_캐모마일티,1045,2026-10-02T05:51:00,11000,completed,False
order_R1045_0_레몬에이드,1045,2026-06-23T02:31:00,5500,completed,False
order_R1045_0_자몽에이드,1045,2026-11-04T23:14:00,11000,completed,False
order_R1046_0_아메리카노_hot,1046,2026-03-07T17:16:00,5500,completed,False
order_R1046_0_아메리카노_ice,1046,2026-05-03T03:19:00,5500,completed,False
order_R1046_0_콜드브루,1046,2026-11-27T11:20:00,11000,completed,False
order_R1046_1_콜드브루,1046,2026-07-13T20:44:00,5500,completed,False
order_R1046_0_레몬에이드,1046,2026-02-05T21:55:00,5500,completed,False
order_R1046_0_자몽에이드,1046,2026-08-04T11:29:00,5500,completed,False
order_R1047_0_바닐라라떼,1047,2026-11-08T10:18:00,16500,completed,False
order_R1047_0_카라멜마끼아또,1047,2026-03-21T05:01:00,5500,completed,False
order_R1047_0_복숭아아이스티,1047,2026-11-13T18:08:00,11000,completed,False
order_R1047_0_자몽허니블랙티,1047,2026-04-30T13:57:00,5500,completed,False
order_R1047_0_레몬에이드,1047,2026-03-29T21:19:00,16500,completed,False
order_R1047_0_자몽에이드,1047,2026-04-04T17:57:00,5500,completed,False
order_R1048_0_콜드브루라떼,1048,2026-10-16T13:58:00,11000,completed,False
order_R1048_0_바닐라라떼,1048,2026-03-31T19:47:00,11000,completed,False
order_R1048_0_카라멜마끼아또,1048,2026-04-27T23:43:00,5500,completed,False
order_R1048_0_녹차라떼,1048,2026-01-24T20:36:00,5500,completed,False
order_R1048_0_캐모마일티,1048,2026-09-08T19:02:00,5500,completed,False
order_R1048_0_레몬에이드,1048,2026-02-05T23:15:00,5500,completed,False
order_R1048_0_자몽에이드,1048,2026-05-09T23:09:00,11000,completed,False
order_R1049_0_레몬에이드,1049,2026-01-23T15:40:00,5500,completed,False
order_R1049_0_자몽에이드,1049,2026-07-19T18:57:00,5500,completed,False
order_R1050_0_아메리카노_hot,1050,2026-10-14T04:24:00,11000,completed,False
order_R1050_0_아메리카노_ice,1050,2026-08-15T09:23:00,5500,completed,False
order_R1050_0_카페라떼_hot,1050,2026-07-17T00:44:00,11000,completed,False
order_R1050_0_카페라떼_ice,1050,2026-03-12T12:41:00,11000,completed,False
order_R1050_0_콜드브루라떼,1050,2026-11-15T00:19:00,5500,completed,False
order_R1050_0_바닐라라떼,1050,2026-12-15T21:34:00,5500,completed,False
order_R1050_0_카라멜마끼아또,1050,2026-11-29T07:36:00,5500,completed,False
order_R1050_0_녹차라떼,1050,2026-08-29T20:32:00,5500,completed,False
order_R1050_0_캐모마일티,1050,2026-07-16T16:19:00,5500,completed,False
order_R1050_0_레몬에이드,1050,2026-04-04T17:08:00,5500,completed,False
order_R1050_0_자몽에이드,1050,2026-11-11T18:20:00,5500,completed,False
order_R1050_0_딸기스무디,1050,2026-03-30T20:44:00,11000,completed,False
order_R1050_0_망고스무디,1050,2026-11-21T11:44:00,5500,completed,False
order_R1051_0_아메리카노_hot,1051,2026-12-18T08:12:00,16500,completed,False
order_R1051_0_아메리카노_ice,1051,2026-10-20T19:30:00,16500,completed,False
order_R1051_0_카페라떼_hot,1051,2026-10-24T09:41:00,11000,completed,False
order_R1051_0_카페라떼_ice,1051,2026-04-10T10:55:00,5500,completed,False
order_R1051_0_콜드브루라떼,1051,2026-02-22T18:02:00,11000,completed,False
order_R1053_0_아메리카노_hot,1053,2026-02-03T22:47:00,5500,completed,False
order_R1053_0_아메리카노_ice,1053,2026-01-25T15:12:00,5500,completed,False
order_R1053_0_녹차라떼,1053,2026-03-08T17:41:00,5500,completed,False
order_R1053_0_캐모마일티,1053,2026-09-12T10:25:00,11000,completed,False
order_R1054_0_카페라떼_hot,1054,2026-07-25T15:40:00,11000,completed,False
order_R1054_0_카페라떼_ice,1054,2026-05-16T11:08:00,5500,completed,False
order_R1054_0_바닐라라떼,1054,2026-05-25T09:05:00,16500,completed,False
order_R1054_0_카라멜마끼아또,1054,2026-06-12T12:47:00,5500,completed,False
order_R1055_0_레몬에이드,1055,2026-08-14T18:21:00,5500,completed,False
order_R1055_0_자몽에이드,1055,2026-05-24T11:30:00,11000,completed,False
order_R1057_0_아메리카노_hot,1057,2026-11-26T10:44:00,11000,completed,False
order_R1057_0_아메리카노_ice,1057,2026-10-04T11:34:00,11000,completed,False
order_R1057_0_카페라떼_hot,1057,2026-06-15T07:11:00,5500,completed,False
order_R1057_0_카페라떼_ice,1057,2026-08-31T17:03:00,5500,completed,False
order_R1057_0_프라푸치노,1057,2026-06-08T12:05:00,16500,completed,False
order_R1057_0_말차프라페,1057,2026-08-23T17:15:00,5500,completed,False
order_R1057_0_녹차라떼,1057,2026-02-28T22:01:00,11000,completed,False
order_R1057_0_캐모마일티,1057,2026-12-06T22:01:00,5500,completed,False
order_R1057_0_딸기스무디,1057,2026-02-27T13:51:00,5500,completed,False
order_R1057_0_망고스무디,1057,2026-01-10T09:10:00,5500,completed,False
order_R1058_0_아메리카노_hot,1058,2026-12-16T06:49:00,5500,completed,False
order_R1058_0_아메리카노_ice,1058,2026-04-15T12:20:00,5500,completed,False
order_R1058_0_드립커피,1058,2026-06-19T07:24:00,11000,completed,False
order_R1058_0_프라푸치노,1058,2026-06-22T00:40:00,5500,completed,False
order_R1058_0_말차프라페,1058,2026-04-15T00:19:00,5500,completed,False
order_R1059_0_아메리카노_hot,1059,2026-05-30T14:34:00,5500,completed,False
order_R1059_0_아메리카노_ice,1059,2026-05-21T10:11:00,11000,completed,False
order_R1059_0_드립커피,1059,2026-10-20T12:36:00,5500,completed,False
order_R1059_0_바닐라라떼,1059,2026-08-26T10:32:00,5500,completed,False
order_R1059_0_카라멜마끼아또,1059,2026-11-21T04:11:00,5500,completed,False
order_R1060_0_아메리카노_hot,1060,2026-04-23T13:20:00,5500,completed,False
order_R1060_0_아메리카노_ice,1060,2026-02-27T17:45:00,11000,completed,False
order_R1060_0_카페라떼_hot,1060,2026-01-29T19:39:00,11000,completed,False
order_R1060_0_카페라떼_ice,1060,2026-04-02T08:57:00,11000,completed,False
order_R1060_0_바닐라라떼,1060,2026-06-28T06:00:00,16500,completed,False
order_R1060_0_카라멜마끼아또,1060,2026-10-25T19:35:00,11000,completed,False
order_R1060_0_프라푸치노,1060,2026-07-18T11:53:00,5500,completed,False
order_R1060_0_말차프라페,1060,2026-01-18T14:33:00,5500,completed,False
order_R1061_0_아메리카노_hot,1061,2026-04-06T06:08:00,5500,completed,False
order_R1061_0_아메리카노_ice,1061,2026-06-21T16:51:00,5500,completed,False
order_R1061_0_콜드브루,1061,2026-03-02T07:14:00,11000,completed,False
order_R1061_1_콜드브루,1061,2026-01-22T13:34:00,5500,completed,False
order_R1061_2_콜드브루,1061,2026-06-24T19:35:00,5500,completed,False
order_R1061_3_콜드브루,1061,2026-12-30T10:36:00,11000,completed,False
order_R1061_4_콜드브루,1061,2026-11-03T20:19:00,11000,completed,False
order_R1061_5_콜드브루,1061,2026-12-09T07:49:00,11000,completed,False
order_R1061_0_프라푸치노,1061,2026-11-07T15:32:00,11000,completed,False
order_R1061_0_말차프라페,1061,2026-05-31T23:50:00,11000,completed,False
order_R1061_0_복숭아아이스티,1061,2026-05-02T09:21:00,16500,completed,False
order_R1061_0_자몽허니블랙티,1061,2026-01-12T19:46:00,5500,completed,False
order_R1061_0_딸기스무디,1061,2026-09-07T14:58:00,11000,completed,False
order_R1061_0_망고스무디,1061,2026-07-02T14:15:00,5500,completed,False
order_R1062_0_카페라떼_hot,1062,2026-01-18T08:24:00,5500,completed,False
order_R1062_0_카페라떼_ice,1062,2026-03-16T15:47:00,11000,completed,False
order_R1062_0_프라푸치노,1062,2026-04-20T22:15:00,5500,completed,False
order_R1062_0_말차프라페,1062,2026-09-03T07:19:00,5500,completed,False
order_R1063_0_카페라떼_hot,1063,2026-05-23T12:17:00,16500,completed,False
order_R1063_0_카페라떼_ice,1063,2026-05-19T07:29:00,5500,completed,False
order_R1063_0_콜드브루라떼,1063,2026-08-21T20:56:00,5500,completed,False
order_R1064_0_아메리카노_hot,1064,2026-11-05T19:05:00,11000,completed,False
order_R1064_0_아메리카노_ice,1064,2026-07-30T14:42:00,5500,completed,False
order_R1064_0_카푸치노,1064,2026-07-01T06:11:00,5500,completed,False
order_R1064_0_콜드브루라떼,1064,2026-09-14T18:26:00,5500,completed,False
order_R1064_0_드립커피,1064,2026-05-25T22:43:00,5500,completed,False
order_R1064_0_바닐라라떼,1064,2026-06-28T15:37:00,16500,completed,False
order_R1064_0_카라멜마끼아또,1064,2026-03-17T13:40:00,5500,completed,False
order_R1064_0_프라푸치노,1064,2026-11-04T12:23:00,5500,completed,False
order_R1064_0_말차프라페,1064,2026-10-28T13:31:00,5500,completed,False
order_R1065_0_드립커피,1065,2026-06-24T05:18:00,11000,completed,False
order_R1065_0_녹차라떼,1065,2026-10-10T23:21:00,11000,completed,False
order_R1065_0_캐모마일티,1065,2026-01-26T19:47:00,11000,completed,False
order_R1065_0_딸기스무디,1065,2026-11-04T22:18:00,5500,completed,False
order_R1065_0_망고스무디,1065,2026-03-23T20:26:00,5500,completed,False
order_R1066_0_카푸치노,1066,2026-01-04T09:39:00,11000,completed,False
order_R1066_1_카푸치노,1066,2026-05-05T16:11:00,5500,completed,False
order_R1066_2_카푸치노,1066,2026-06-28T07:50:00,11000,completed,False
order_R1066_3_카푸치노,1066,2026-08-25T16:27:00,11000,completed,False
order_R1066_0_콜드브루,1066,2026-10-13T22:34:00,11000,completed,False
order_R1066_0_녹차라떼,1066,2026-01-27T05:08:00,5500,completed,False
order_R1066_0_캐모마일티,1066,2026-04-15T18:14:00,11000,completed,False
order_R1067_0_카페라떼_hot,1067,2026-09-08T06:54:00,5500,completed,False
order_R1067_0_카페라떼_ice,1067,2026-01-06T04:55:00,5500,completed,False
order_R1067_0_드립커피,1067,2026-06-14T02:26:00,11000,completed,False
order_R1067_0_복숭아아이스티,1067,2026-02-07T19:13:00,5500,completed,False
order_R1067_0_자몽허니블랙티,1067,2026-09-06T18:21:00,5500,completed,False
order_R1068_0_카푸치노,1068,2026-11-27T13:03:00,5500,completed,False
order_R1068_1_카푸치노,1068,2026-11-24T09:30:00,11000,completed,False
order_R1068_2_카푸치노,1068,2026-03-17T15:04:00,5500,completed,False
order_R1068_0_바닐라라떼,1068,2026-10-01T22:40:00,5500,completed,False
order_R1068_0_카라멜마끼아또,1068,2026-12-05T23:27:00,11000,completed,False
order_R1069_0_아메리카노_hot,1069,2026-11-20T14:11:00,5500,completed,False
order_R1069_0_아메리카노_ice,1069,2026-05-16T14:18:00,16500,completed,False
order_R1069_0_바닐라라떼,1069,2026-01-13T12:48:00,11000,completed,False
order_R1069_0_카라멜마끼아또,1069,2026-12-02T01:33:00,16500,completed,False
order_R1069_0_레몬에이드,1069,2026-10-16T17:47:00,5500,completed,False
order_R1069_0_자몽에이드,1069,2026-11-13T21:18:00,16500,completed,False
order_R1070_0_아메리카노_hot,1070,2026-03-30T21:08:00,5500,completed,False
order_R1070_0_아메리카노_ice,1070,2026-03-08T05:59:00,11000,completed,False
order_R1070_0_복숭아아이스티,1070,2026-06-17T13:12:00,11000,completed,False
order_R1070_0_자몽허니블랙티,1070,2026-06-19T12:16:00,5500,completed,False
order_R1071_0_아메리카노_hot,1071,2026-10-20T16:16:00,5500,completed,False
order_R1071_0_아메리카노_ice,1071,2026-09-22T12:00:00,5500,completed,False
order_R1071_0_카페라떼_hot,1071,2026-11-01T21:13:00,5500,completed,False
order_R1071_0_카페라떼_ice,1071,2026-11-05T15:49:00,16500,completed,False
order_R1071_0_바닐라라떼,1071,2026-07-15T06:04:00,11000,completed,False
order_R1071_0_카라멜마끼아또,1071,2026-12-31T11:03:00,5500,completed,False
order_R1071_0_프라푸치노,1071,2026-03-16T20:44:00,11000,completed,False
order_R1071_0_말차프라페,1071,2026-02-07T11:55:00,5500,completed,False
order_R1071_0_레몬에이드,1071,2026-01-08T22:56:00,5500,completed,False
order_R1071_0_자몽에이드,1071,2026-01-30T12:55:00,11000,completed,False
order_R1072_0_카페라떼_hot,1072,2026-09-09T13:45:00,5500,completed,False
order_R1072_0_카페라떼_ice,1072,2026-11-15T17:14:00,5500,completed,False
order_R1072_0_바닐라라떼,1072,2026-01-03T17:26:00,11000,completed,False
order_R1072_0_카라멜마끼아또,1072,2026-01-07T04:47:00,5500,completed,False
order_R1072_0_딸기스무디,1072,2026-04-09T11:23:00,11000,completed,False
order_R1072_0_망고스무디,1072,2026-06-16T17:02:00,5500,completed,False
order_R1073_0_아메리카노_hot,1073,2026-06-08T19:14:00,11000,completed,False
order_R1073_0_아메리카노_ice,1073,2026-11-11T15:44:00,16500,completed,False
order_R1073_0_카페라떼_hot,1073,2026-12-16T14:04:00,16500,completed,False
order_R1073_0_카페라떼_ice,1073,2026-02-10T23:28:00,5500,completed,False
order_R1073_0_바닐라라떼,1073,2026-12-28T13:35:00,5500,completed,False
order_R1073_0_카라멜마끼아또,1073,2026-11-06T18:31:00,5500,completed,False
order_R1074_0_아메리카노_hot,1074,2026-08-21T14:25:00,5500,completed,False
order_R1074_0_아메리카노_ice,1074,2026-04-19T23:00:00,11000,completed,False
order_R1074_0_녹차라떼,1074,2026-03-17T19:43:00,5500,completed,False
order_R1074_0_캐모마일티,1074,2026-07-27T21:48:00,5500,completed,False
order_R1075_0_아메리카노_hot,1075,2026-11-05T22:36:00,11000,completed,False
order_R1075_0_아메리카노_ice,1075,2026-05-30T15:23:00,16500,completed,False
order_R1075_0_카페라떼_hot,1075,2026-07-31T07:34:00,5500,completed,False
order_R1075_0_카페라떼_ice,1075,2026-05-04T18:04:00,11000,completed,False
order_R1075_0_복숭아아이스티,1075,2026-04-04T15:24:00,11000,completed,False
order_R1075_0_자몽허니블랙티,1075,2026-05-28T14:20:00,11000,completed,False
order_R1075_0_딸기스무디,1075,2026-03-23T19:15:00,11000,completed,False
order_R1075_0_망고스무디,1075,2026-03-12T08:00:00,11000,completed,False
order_R1076_0_카페라떼_hot,1076,2026-11-16T06:31:00,11000,completed,False
order_R1076_0_카페라떼_ice,1076,2026-11-27T01:55:00,5500,completed,False
order_R1077_0_콜드브루라떼,1077,2026-07-06T03:29:00,5500,completed,False
order_R1077_0_바닐라라떼,1077,2026-03-03T14:20:00,5500,completed,False
order_R1077_0_카라멜마끼아또,1077,2026-10-08T00:58:00,11000,completed,False
order_R1077_0_레몬에이드,1077,2026-05-20T13:09:00,16500,completed,False
order_R1077_0_자몽에이드,1077,2026-05-05T06:32:00,5500,completed,False
order_R1078_0_아메리카노_hot,1078,2026-01-26T11:55:00,11000,completed,False
order_R1078_0_아메리카노_ice,1078,2026-09-18T13:05:00,5500,completed,False
order_R1078_0_딸기스무디,1078,2026-08-16T18:20:00,5500,completed,False
order_R1078_0_망고스무디,1078,2026-08-08T17:35:00,5500,completed,False
order_R1079_0_아메리카노_hot,1079,2026-02-04T15:58:00,11000,completed,False
order_R1079_0_아메리카노_ice,1079,2026-07-18T12:26:00,5500,completed,False
order_R1080_0_아메리카노_hot,1080,2026-09-01T13:19:00,5500,completed,False
order_R1080_0_아메리카노_ice,1080,2026-01-12T20:28:00,5500,completed,False
order_R1080_0_카페라떼_hot,1080,2026-08-31T09:06:00,5500,completed,False
order_R1080_0_카페라떼_ice,1080,2026-09-10T12:22:00,16500,completed,False
order_R1080_0_바닐라라떼,1080,2026-10-26T14:48:00,16500,completed,False
order_R1080_0_카라멜마끼아또,1080,2026-06-24T00:49:00,5500,completed,False
order_R1081_0_아메리카노_hot,1081,2026-08-10T11:54:00,11000,completed,False
order_R1081_0_아메리카노_ice,1081,2026-01-25T21:31:00,5500,completed,False
order_R1082_0_아메리카노_hot,1082,2026-07-11T23:07:00,11000,completed,False
order_R1082_0_아메리카노_ice,1082,2026-10-24T20:06:00,5500,completed,False
order_R1082_0_딸기스무디,1082,2026-11-04T17:54:00,5500,completed,False
order_R1082_0_망고스무디,1082,2026-03-07T18:16:00,5500,completed,False
order_R1083_0_아메리카노_hot,1083,2026-03-31T11:04:00,5500,completed,False
order_R1083_0_아메리카노_ice,1083,2026-09-15T22:15:00,5500,completed,False
order_R1083_0_콜드브루,1083,2026-03-21T13:59:00,5500,completed,False
order_R1083_0_바닐라라떼,1083,2026-10-26T21:35:00,11000,completed,False
order_R1083_0_카라멜마끼아또,1083,2026-09-07T13:32:00,5500,completed,False
order_R1084_0_아메리카노_hot,1084,2026-12-31T11:12:00,5500,completed,False
order_R1084_0_아메리카노_ice,1084,2026-08-17T09:46:00,5500,completed,False
order_R1084_0_카페라떼_hot,1084,2026-07-01T21:06:00,5500,completed,False
order_R1084_0_카페라떼_ice,1084,2026-03-30T09:26:00,5500,completed,False
order_R1084_0_콜드브루,1084,2026-05-18T09:08:00,5500,completed,False
order_R1085_0_아메리카노_hot,1085,2026-08-03T17:26:00,5500,completed,False
order_R1085_0_아메리카노_ice,1085,2026-07-28T18:34:00,5500,completed,False
order_R1085_0_녹차라떼,1085,2026-05-04T08:43:00,11000,completed,False
order_R1085_0_캐모마일티,1085,2026-03-09T06:24:00,5500,completed,False
order_R1085_0_레몬에이드,1085,2026-12-11T21:06:00,11000,completed,False
order_R1085_0_자몽에이드,1085,2026-04-23T03:39:00,5500,completed,False
order_R1086_0_카페라떼_hot,1086,2026-05-17T22:34:00,5500,completed,False
order_R1086_0_카페라떼_ice,1086,2026-10-13T21:25:00,5500,completed,False
order_R1086_0_콜드브루,1086,2026-04-01T10:19:00,16500,completed,False
order_R1086_1_콜드브루,1086,2026-10-08T05:29:00,5500,completed,False
order_R1087_0_아메리카노_hot,1087,2026-02-13T23:44:00,5500,completed,False
order_R1087_0_아메리카노_ice,1087,2026-06-10T14:38:00,5500,completed,False
order_R1087_0_카페라떼_hot,1087,2026-06-30T18:07:00,11000,completed,False
order_R1087_0_카페라떼_ice,1087,2026-12-23T08:31:00,5500,completed,False
order_R1087_0_콜드브루,1087,2026-09-23T18:07:00,11000,completed,False
order_R1088_0_아메리카노_hot,1088,2026-10-14T00:27:00,5500,completed,False
order_R1088_0_아메리카노_ice,1088,2026-04-24T19:37:00,5500,completed,False
order_R1088_0_카푸치노,1088,2026-07-18T21:46:00,5500,completed,False
order_R1089_0_아메리카노_hot,1089,2026-12-02T18:42:00,11000,completed,False
order_R1089_0_아메리카노_ice,1089,2026-03-11T16:40:00,11000,completed,False
order_R1089_0_카푸치노,1089,2026-10-19T19:04:00,5500,completed,False
order_R1089_0_콜드브루,1089,2026-11-05T04:22:00,5500,completed,False
order_R1089_1_콜드브루,1089,2026-07-15T15:21:00,5500,completed,False
order_R1091_0_에스프레소,1091,2026-08-19T02:08:00,5500,completed,False
order_R1091_0_아메리카노_hot,1091,2026-03-25T00:47:00,5500,completed,False
order_R1091_0_아메리카노_ice,1091,2026-01-09T20:50:00,16500,completed,False
order_R1091_0_복숭아아이스티,1091,2026-03-06T08:45:00,5500,completed,False
order_R1091_0_자몽허니블랙티,1091,2026-12-11T11:46:00,11000,completed,False
order_R1092_0_아메리카노_hot,1092,2026-04-30T13:39:00,11000,completed,False
order_R1092_0_아메리카노_ice,1092,2026-05-12T21:15:00,11000,completed,False
order_R1092_0_딸기스무디,1092,2026-03-11T23:14:00,5500,completed,False
order_R1092_0_망고스무디,1092,2026-03-26T08:15:00,5500,completed,False
order_R1093_0_아메리카노_hot,1093,2026-11-19T17:10:00,5500,completed,False
order_R1093_0_아메리카노_ice,1093,2026-01-13T05:59:00,5500,completed,False
order_R1093_0_카페라떼_hot,1093,2026-05-17T05:28:00,5500,completed,False
order_R1093_0_카페라떼_ice,1093,2026-07-17T23:44:00,5500,completed,False
order_R1093_0_프라푸치노,1093,2026-10-23T19:51:00,5500,completed,False
order_R1093_0_말차프라페,1093,2026-04-27T09:06:00,16500,completed,False
order_R1094_0_아메리카노_hot,1094,2026-02-03T12:07:00,16500,completed,False
order_R1094_0_아메리카노_ice,1094,2026-08-05T13:47:00,5500,completed,False
order_R1094_0_카페라떼_hot,1094,2026-09-05T16:55:00,5500,completed,False
order_R1094_0_카페라떼_ice,1094,2026-05-18T12:16:00,5500,completed,False
order_R1094_0_콜드브루,1094,2026-03-17T22:12:00,5500,completed,False
order_R1094_0_드립커피,1094,2026-05-25T21:15:00,5500,completed,False
order_R1094_0_복숭아아이스티,1094,2026-12-11T15:15:00,11000,completed,False
order_R1094_0_자몽허니블랙티,1094,2026-02-17T10:58:00,5500,completed,False
order_R1095_0_아메리카노_hot,1095,2026-07-19T23:33:00,11000,completed,False
order_R1095_0_아메리카노_ice,1095,2026-09-02T10:57:00,16500,completed,False
order_R1096_0_아메리카노_hot,1096,2026-02-25T20:31:00,11000,completed,False
order_R1096_0_아메리카노_ice,1096,2026-03-11T23:56:00,11000,completed,False
order_R1096_0_바닐라라떼,1096,2026-01-11T07:27:00,5500,completed,False
order_R1096_0_카라멜마끼아또,1096,2026-10-14T03:40:00,5500,completed,False
order_R1097_0_아메리카노_hot,1097,2026-12-01T21:25:00,11000,completed,False
order_R1097_0_아메리카노_ice,1097,2026-10-14T06:37:00,11000,completed,False
order_R1097_0_바닐라라떼,1097,2026-04-05T16:19:00,5500,completed,False
order_R1097_0_카라멜마끼아또,1097,2026-12-20T01:47:00,11000,completed,False
order_R1098_0_콜드브루,1098,2026-09-17T17:23:00,5500,completed,False
order_R1098_1_콜드브루,1098,2026-01-17T11:27:00,5500,completed,False
order_R1098_2_콜드브루,1098,2026-05-03T11:39:00,11000,completed,False
order_R1098_3_콜드브루,1098,2026-08-08T18:23:00,5500,completed,False
order_R1099_0_아메리카노_hot,1099,2026-04-03T07:45:00,5500,completed,False
order_R1099_0_아메리카노_ice,1099,2026-01-20T15:17:00,5500,completed,False
order_R1099_0_레몬에이드,1099,2026-08-01T03:37:00,5500,completed,False
order_R1099_0_자몽에이드,1099,2026-04-10T10:57:00,16500,completed,False
order_R1100_0_아메리카노_hot,1100,2026-08-19T12:37:00,5500,completed,False
order_R1100_0_아메리카노_ice,1100,2026-10-08T15:18:00,5500,completed,False
order_R1100_0_콜드브루,1100,2026-12-31T13:28:00,11000,completed,False
order_R1100_0_콜드브루라떼,1100,2026-08-06T18:17:00,5500,completed,False
order_R1100_0_바닐라라떼,1100,2026-09-20T11:19:00,16500,completed,False
order_R1100_0_카라멜마끼아또,1100,2026-05-05T18:39:00,16500,completed,False
order_R1101_0_카페라떼_hot,1101,2026-02-20T09:31:00,11000,completed,False
order_R1101_0_카페라떼_ice,1101,2026-08-27T07:08:00,5500,completed,False
order_R1101_0_카푸치노,1101,2026-04-15T16:40:00,5500,completed,False
order_R1101_0_콜드브루,1101,2026-03-02T21:32:00,5500,completed,False
order_R1101_0_바닐라라떼,1101,2026-01-17T11:42:00,11000,completed,False
order_R1101_0_카라멜마끼아또,1101,2026-07-14T07:08:00,5500,completed,False
order_R1101_0_녹차라떼,1101,2026-03-30T22:22:00,11000,completed,False
order_R1101_0_캐모마일티,1101,2026-11-08T15:47:00,11000,completed,False
order_R1101_0_복숭아아이스티,1101,2026-10-08T11:28:00,5500,completed,False
order_R1101_0_자몽허니블랙티,1101,2026-03-17T16:23:00,11000,completed,False
order_R1102_0_아메리카노_hot,1102,2026-10-22T21:09:00,11000,completed,False
order_R1102_0_아메리카노_ice,1102,2026-04-11T17:10:00,11000,completed,False
order_R1102_0_딸기스무디,1102,2026-09-04T07:42:00,16500,completed,False
order_R1102_0_망고스무디,1102,2026-07-31T15:09:00,5500,completed,False
order_R1103_0_아메리카노_hot,1103,2026-03-11T07:05:00,11000,completed,False
order_R1103_0_아메리카노_ice,1103,2026-09-17T23:48:00,5500,completed,False
order_R1103_0_콜드브루,1103,2026-09-22T09:07:00,11000,completed,False
order_R1103_0_프라푸치노,1103,2026-05-05T21:32:00,11000,completed,False
order_R1103_0_말차프라페,1103,2026-07-31T08:44:00,11000,completed,False
order_R1103_0_복숭아아이스티,1103,2026-10-02T16:55:00,5500,completed,False
order_R1103_0_자몽허니블랙티,1103,2026-05-19T13:46:00,5500,completed,False
order_R1103_0_딸기스무디,1103,2026-04-01T21:56:00,11000,completed,False
order_R1103_0_망고스무디,1103,2026-07-30T14:13:00,16500,completed,False
order_R1104_0_카푸치노,1104,2026-03-10T15:45:00,5500,completed,False
order_R1104_0_바닐라라떼,1104,2026-05-24T12:00:00,5500,completed,False
order_R1104_0_카라멜마끼아또,1104,2026-12-13T14:26:00,16500,completed,False
order_R1104_0_프라푸치노,1104,2026-07-17T08:43:00,5500,completed,False
order_R1104_0_말차프라페,1104,2026-10-06T16:27:00,11000,completed,False
order_R1104_0_복숭아아이스티,1104,2026-08-22T21:01:00,11000,completed,False
order_R1104_0_자몽허니블랙티,1104,2026-07-22T12:20:00,5500,completed,False
order_R1104_0_레몬에이드,1104,2026-11-02T20:32:00,11000,completed,False
order_R1104_0_자몽에이드,1104,2026-03-27T18:17:00,5500,completed,False
order_R1105_0_아메리카노_hot,1105,2026-07-06T17:55:00,5500,completed,False
order_R1105_0_아메리카노_ice,1105,2026-06-13T04:41:00,11000,completed,False
order_R1105_0_바닐라라떼,1105,2026-04-28T20:22:00,5500,completed,False
order_R1105_0_카라멜마끼아또,1105,2026-02-14T16:42:00,11000,completed,False
order_R1106_0_아메리카노_hot,1106,2026-11-29T14:57:00,11000,completed,False
order_R1106_0_아메리카노_ice,1106,2026-01-28T14:52:00,11000,completed,False
order_R1106_0_카페라떼_hot,1106,2026-04-16T22:57:00,16500,completed,False
order_R1106_0_카페라떼_ice,1106,2026-04-09T15:54:00,11000,completed,False
order_R1106_0_바닐라라떼,1106,2026-10-28T12:28:00,5500,completed,False
order_R1106_0_카라멜마끼아또,1106,2026-03-16T14:14:00,5500,completed,False
order_R1106_0_레몬에이드,1106,2026-10-30T12:48:00,11000,completed,False
order_R1106_0_자몽에이드,1106,2026-02-15T15:34:00,5500,completed,False
order_R1107_0_카페라떼_hot,1107,2026-03-31T18:17:00,11000,completed,False
order_R1107_0_카페라떼_ice,1107,2026-07-14T23:06:00,11000,completed,False
order_R1108_0_아메리카노_hot,1108,2026-08-24T19:59:00,5500,completed,False
order_R1108_0_아메리카노_ice,1108,2026-04-24T06:26:00,11000,completed,False
order_R1108_0_카페라떼_hot,1108,2026-09-10T05:37:00,5500,completed,False
order_R1108_0_카페라떼_ice,1108,2026-05-05T13:31:00,5500,completed,False
order_R1108_0_바닐라라떼,1108,2026-07-09T14:59:00,5500,completed,False
order_R1108_0_카라멜마끼아또,1108,2026-09-25T15:12:00,5500,completed,False
order_R1109_0_카페라떼_hot,1109,2026-08-27T06:15:00,11000,completed,False
order_R1109_0_카페라떼_ice,1109,2026-12-08T18:17:00,5500,completed,False
order_R1109_0_콜드브루,1109,2026-04-06T17:35:00,5500,completed,False
order_R1109_1_콜드브루,1109,2026-04-10T19:50:00,11000,completed,False
order_R1109_2_콜드브루,1109,2026-04-24T03:14:00,5500,completed,False
order_R1109_3_콜드브루,1109,2026-03-04T12:34:00,5500,completed,False
order_R1109_4_콜드브루,1109,2026-06-13T14:39:00,5500,completed,False
order_R1109_5_콜드브루,1109,2026-11-11T04:22:00,5500,completed,False
order_R1109_0_드립커피,1109,2026-09-20T10:47:00,11000,completed,False
order_R1110_0_아메리카노_hot,1110,2026-11-05T07:31:00,11000,completed,False
order_R1110_0_아메리카노_ice,1110,2026-10-17T14:43:00,11000,completed,False
order_R1110_0_카페라떼_hot,1110,2026-07-19T22:10:00,16500,completed,False
order_R1110_0_카페라떼_ice,1110,2026-05-02T19:26:00,11000,completed,False
order_R1110_0_바닐라라떼,1110,2026-11-29T19:31:00,5500,completed,False
order_R1110_0_카라멜마끼아또,1110,2026-03-29T17:06:00,5500,completed,False
order_R1111_0_아메리카노_hot,1111,2026-10-13T15:18:00,5500,completed,False
order_R1111_0_아메리카노_ice,1111,2026-10-23T12:22:00,16500,completed,False
order_R1112_0_아메리카노_hot,1112,2026-04-18T06:34:00,11000,completed,False
order_R1112_0_아메리카노_ice,1112,2026-01-21T11:03:00,5500,completed,False
order_R1112_0_카페라떼_hot,1112,2026-07-01T07:04:00,5500,completed,False
order_R1112_0_카페라떼_ice,1112,2026-12-13T22:25:00,11000,completed,False
order_R1112_0_카푸치노,1112,2026-10-30T12:06:00,16500,completed,False
order_R1112_0_드립커피,1112,2026-03-17T01:10:00,5500,completed,False
order_R1112_0_딸기스무디,1112,2026-02-07T03:07:00,5500,completed,False
order_R1112_0_망고스무디,1112,2026-01-02T02:22:00,16500,completed,False
order_R1113_0_아메리카노_hot,1113,2026-02-19T10:55:00,11000,completed,False
order_R1113_0_아메리카노_ice,1113,2026-04-24T06:38:00,5500,completed,False
order_R1113_0_드립커피,1113,2026-03-10T00:24:00,11000,completed,False
order_R1113_0_프라푸치노,1113,2026-10-25T22:08:00,5500,completed,False
order_R1113_0_말차프라페,1113,2026-11-11T15:54:00,5500,completed,False
order_R1114_0_아메리카노_hot,1114,2026-12-25T14:33:00,16500,completed,False
order_R1114_0_아메리카노_ice,1114,2026-08-12T08:27:00,16500,completed,False
order_R1114_0_카페라떼_hot,1114,2026-07-21T15:23:00,11000,completed,False
order_R1114_0_카페라떼_ice,1114,2026-02-18T08:53:00,5500,completed,False
order_R1115_0_콜드브루,1115,2026-06-21T12:44:00,5500,completed,False
order_R1115_1_콜드브루,1115,2026-01-14T11:58:00,5500,completed,False
order_R1115_2_콜드브루,1115,2026-11-22T11:43:00,16500,completed,False
order_R1115_3_콜드브루,1115,2026-04-17T00:10:00,5500,completed,False
order_R1115_4_콜드브루,1115,2026-01-03T04:24:00,11000,completed,False
order_R1115_5_콜드브루,1115,2026-01-08T08:55:00,5500,completed,False
order_R1116_0_아메리카노_hot,1116,2026-09-03T07:51:00,5500,completed,False
order_R1116_0_아메리카노_ice,1116,2026-08-25T13:29:00,11000,completed,False
order_R1116_0_콜드브루라떼,1116,2026-10-17T07:53:00,5500,completed,False
order_R1116_0_바닐라라떼,1116,2026-12-28T16:11:00,11000,completed,False
order_R1116_0_카라멜마끼아또,1116,2026-10-02T08:19:00,5500,completed,False
order_R1116_0_복숭아아이스티,1116,2026-08-21T13:33:00,16500,completed,False
order_R1116_0_자몽허니블랙티,1116,2026-04-20T10:08:00,5500,completed,False
order_R1117_0_아메리카노_hot,1117,2026-03-16T11:23:00,5500,completed,False
order_R1117_0_아메리카노_ice,1117,2026-10-03T16:28:00,11000,completed,False
order_R1117_0_카페라떼_hot,1117,2026-01-02T22:52:00,5500,completed,False
order_R1117_0_카페라떼_ice,1117,2026-08-30T19:47:00,5500,completed,False
order_R1117_0_복숭아아이스티,1117,2026-04-16T12:11:00,5500,completed,False
order_R1117_0_자몽허니블랙티,1117,2026-12-10T07:41:00,5500,completed,False
order_R1117_0_레몬에이드,1117,2026-07-28T19:13:00,5500,completed,False
order_R1117_0_자몽에이드,1117,2026-08-13T17:46:00,5500,completed,False
order_R1118_0_아메리카노_hot,1118,2026-07-03T14:50:00,5500,completed,False
order_R1118_0_아메리카노_ice,1118,2026-06-16T16:37:00,5500,completed,False
order_R1118_0_프라푸치노,1118,2026-03-06T20:22:00,5500,completed,False
order_R1118_0_말차프라페,1118,2026-01-03T18:00:00,5500,completed,False
order_R1118_0_녹차라떼,1118,2026-02-26T16:50:00,16500,completed,False
order_R1118_0_캐모마일티,1118,2026-10-20T23:30:00,5500,completed,False
order_R1119_0_아메리카노_hot,1119,2026-12-03T12:38:00,5500,completed,False
order_R1119_0_아메리카노_ice,1119,2026-11-21T16:47:00,5500,completed,False
order_R1119_0_카페라떼_hot,1119,2026-07-10T16:31:00,5500,completed,False
order_R1119_0_카페라떼_ice,1119,2026-08-30T16:39:00,5500,completed,False
order_R1119_0_드립커피,1119,2026-05-20T12:31:00,5500,completed,False
order_R1119_0_딸기스무디,1119,2026-10-27T13:06:00,5500,completed,False
order_R1119_0_망고스무디,1119,2026-11-11T06:28:00,5500,completed,False
order_R1120_0_아메리카노_hot,1120,2026-02-22T20:05:00,11000,completed,False
order_R1120_0_아메리카노_ice,1120,2026-10-04T02:59:00,16500,completed,False
order_R1120_0_카페라떼_hot,1120,2026-05-23T06:31:00,5500,completed,False
order_R1120_0_카페라떼_ice,1120,2026-07-22T19:58:00,16500,completed,False
order_R1120_0_콜드브루,1120,2026-11-16T11:25:00,5500,completed,False
order_R1120_1_콜드브루,1120,2026-06-10T03:47:00,5500,completed,False
order_R1120_2_콜드브루,1120,2026-08-12T08:49:00,5500,completed,False
order_R1120_0_레몬에이드,1120,2026-09-13T10:30:00,5500,completed,False
order_R1120_0_자몽에이드,1120,2026-04-30T18:03:00,5500,completed,False
order_R1120_0_딸기스무디,1120,2026-02-22T19:37:00,11000,completed,False
order_R1120_0_망고스무디,1120,2026-04-28T12:05:00,5500,completed,False
order_R1121_0_아메리카노_hot,1121,2026-09-29T06:16:00,5500,completed,False
order_R1121_0_아메리카노_ice,1121,2026-12-26T11:56:00,16500,completed,False
order_R1122_0_아메리카노_hot,1122,2026-05-11T16:25:00,5500,completed,False
order_R1122_0_아메리카노_ice,1122,2026-09-03T13:49:00,5500,completed,False
order_R1122_0_드립커피,1122,2026-06-03T16:49:00,11000,completed,False
order_R1122_0_바닐라라떼,1122,2026-09-03T12:31:00,5500,completed,False
order_R1122_0_카라멜마끼아또,1122,2026-10-06T06:39:00,5500,completed,False
order_R1122_0_복숭아아이스티,1122,2026-08-17T15:49:00,5500,completed,False
order_R1122_0_자몽허니블랙티,1122,2026-03-09T19:12:00,5500,completed,False
order_R1123_0_아메리카노_hot,1123,2026-09-11T19:12:00,11000,completed,False
order_R1123_0_아메리카노_ice,1123,2026-01-20T04:51:00,5500,completed,False
order_R1123_0_바닐라라떼,1123,2026-04-21T03:39:00,11000,completed,False
order_R1123_0_카라멜마끼아또,1123,2026-10-24T14:15:00,16500,completed,False
order_R1123_0_딸기스무디,1123,2026-07-10T10:05:00,5500,completed,False
order_R1123_0_망고스무디,1123,2026-05-27T11:46:00,5500,completed,False
order_R1124_0_바닐라라떼,1124,2026-11-05T14:14:00,5500,completed,False
order_R1124_0_카라멜마끼아또,1124,2026-09-24T10:24:00,11000,completed,False
order_R1124_0_딸기스무디,1124,2026-03-07T11:49:00,5500,completed,False
order_R1124_0_망고스무디,1124,2026-09-02T23:23:00,16500,completed,False
order_R1125_0_아메리카노_hot,1125,2026-04-09T23:49:00,5500,completed,False
order_R1125_0_아메리카노_ice,1125,2026-08-30T09:03:00,16500,completed,False
order_R1125_0_카페라떼_hot,1125,2026-12-14T09:20:00,16500,completed,False
order_R1125_0_카페라떼_ice,1125,2026-01-20T23:03:00,11000,completed,False
order_R1125_0_프라푸치노,1125,2026-08-06T23:54:00,5500,completed,False
order_R1125_0_말차프라페,1125,2026-10-20T05:16:00,5500,completed,False
order_R1125_0_레몬에이드,1125,2026-09-08T12:19:00,5500,completed,False
order_R1125_0_자몽에이드,1125,2026-07-17T04:40:00,5500,completed,False
order_R1126_0_카페라떼_hot,1126,2026-10-24T03:46:00,5500,completed,False
order_R1126_0_카페라떼_ice,1126,2026-07-06T20:46:00,5500,completed,False
order_R1126_0_바닐라라떼,1126,2026-06-15T21:47:00,5500,completed,False
order_R1126_0_카라멜마끼아또,1126,2026-03-24T20:53:00,16500,completed,False
order_R1126_0_프라푸치노,1126,2026-11-03T17:52:00,5500,completed,False
order_R1126_0_말차프라페,1126,2026-04-16T11:54:00,5500,completed,False
order_R1126_0_레몬에이드,1126,2026-05-05T10:23:00,5500,completed,False
order_R1126_0_자몽에이드,1126,2026-07-05T23:35:00,11000,completed,False
order_R1127_0_아메리카노_hot,1127,2026-11-12T17:20:00,5500,completed,False
order_R1127_0_아메리카노_ice,1127,2026-08-28T12:56:00,5500,completed,False
order_R1127_0_레몬에이드,1127,2026-10-20T19:59:00,5500,completed,False
order_R1127_0_자몽에이드,1127,2026-05-29T11:48:00,5500,completed,False
order_R1128_0_카페라떼_hot,1128,2026-02-11T06:54:00,5500,completed,False
order_R1128_0_카페라떼_ice,1128,2026-08-27T22:05:00,5500,completed,False
order_R1128_0_카푸치노,1128,2026-06-30T16:26:00,11000,completed,False
order_R1128_0_콜드브루,1128,2026-12-09T07:23:00,5500,completed,False
order_R1128_1_콜드브루,1128,2026-05-12T05:38:00,5500,completed,False
order_R1128_0_콜드브루라떼,1128,2026-08-18T23:01:00,11000,completed,False
order_R1128_0_드립커피,1128,2026-03-04T03:43:00,11000,completed,False
order_R1129_0_아메리카노_hot,1129,2026-12-04T09:09:00,16500,completed,False
order_R1129_0_아메리카노_ice,1129,2026-07-11T08:55:00,5500,completed,False
order_R1129_0_프라푸치노,1129,2026-03-18T08:30:00,11000,completed,False
order_R1129_0_말차프라페,1129,2026-08-13T20:10:00,5500,completed,False
order_R1129_0_딸기스무디,1129,2026-04-03T07:48:00,16500,completed,False
order_R1129_0_망고스무디,1129,2026-09-07T07:10:00,11000,completed,False
order_R1130_0_아메리카노_hot,1130,2026-08-31T21:04:00,5500,completed,False
order_R1130_0_아메리카노_ice,1130,2026-08-04T21:02:00,16500,completed,False
order_R1130_0_카페라떼_hot,1130,2026-05-22T22:18:00,16500,completed,False
order_R1130_0_카페라떼_ice,1130,2026-05-16T20:58:00,5500,completed,False
order_R1130_0_카푸치노,1130,2026-07-12T23:11:00,16500,completed,False
order_R1130_0_프라푸치노,1130,2026-04-02T03:08:00,5500,completed,False
order_R1130_0_말차프라페,1130,2026-07-13T10:56:00,5500,completed,False
order_R1131_0_아메리카노_hot,1131,2026-05-30T21:28:00,5500,completed,False
order_R1131_0_아메리카노_ice,1131,2026-12-19T03:05:00,5500,completed,False
order_R1131_0_바닐라라떼,1131,2026-12-14T18:18:00,16500,completed,False
order_R1131_0_카라멜마끼아또,1131,2026-03-10T14:40:00,5500,completed,False
order_R1131_0_레몬에이드,1131,2026-01-25T06:21:00,5500,completed,False
order_R1131_0_자몽에이드,1131,2026-12-30T16:13:00,11000,completed,False
order_R1132_0_아메리카노_hot,1132,2026-02-03T17:17:00,11000,completed,False
order_R1132_0_아메리카노_ice,1132,2026-02-17T04:45:00,11000,completed,False
order_R1132_0_녹차라떼,1132,2026-08-14T16:14:00,5500,completed,False
order_R1132_0_캐모마일티,1132,2026-02-15T10:00:00,11000,completed,False
order_R1132_0_레몬에이드,1132,2026-09-22T21:58:00,11000,completed,False
order_R1132_0_자몽에이드,1132,2026-12-18T13:09:00,5500,completed,False
order_R1133_0_에스프레소,1133,2026-12-01T09:43:00,16500,completed,False
order_R1133_0_아메리카노_hot,1133,2026-05-20T19:49:00,11000,completed,False
order_R1133_0_아메리카노_ice,1133,2026-11-19T20:37:00,5500,completed,False
order_R1133_0_복숭아아이스티,1133,2026-04-03T12:35:00,11000,completed,False
order_R1133_0_자몽허니블랙티,1133,2026-11-22T20:47:00,5500,completed,False
order_R1134_0_아메리카노_hot,1134,2026-12-07T21:13:00,5500,completed,False
order_R1134_0_아메리카노_ice,1134,2026-12-03T15:37:00,5500,completed,False
order_R1134_0_콜드브루,1134,2026-08-20T10:55:00,5500,completed,False
order_R1134_1_콜드브루,1134,2026-03-01T12:28:00,11000,completed,False
order_R1135_0_녹차라떼,1135,2026-04-18T15:47:00,16500,completed,False
order_R1135_0_캐모마일티,1135,2026-09-21T06:56:00,11000,completed,False
order_R1135_0_딸기스무디,1135,2026-07-14T23:06:00,11000,completed,False
order_R1135_0_망고스무디,1135,2026-08-02T23:00:00,16500,completed,False
order_R1136_0_아메리카노_hot,1136,2026-03-18T20:46:00,16500,completed,False
order_R1136_0_아메리카노_ice,1136,2026-12-08T12:33:00,11000,completed,False
order_R1136_0_카푸치노,1136,2026-04-09T05:59:00,5500,completed,False
order_R1136_1_카푸치노,1136,2026-12-04T21:11:00,5500,completed,False
order_R1136_0_콜드브루,1136,2026-05-10T10:48:00,5500,completed,False
order_R1136_0_바닐라라떼,1136,2026-06-12T08:27:00,16500,completed,False
order_R1136_0_카라멜마끼아또,1136,2026-08-23T23:02:00,5500,completed,False
order_R1136_0_녹차라떼,1136,2026-05-31T04:39:00,5500,completed,False
order_R1136_0_캐모마일티,1136,2026-08-30T17:08:00,11000,completed,False
order_R1137_0_아메리카노_hot,1137,2026-09-16T17:16:00,5500,completed,False
order_R1137_0_아메리카노_ice,1137,2026-04-21T07:02:00,5500,completed,False
order_R1137_0_카푸치노,1137,2026-09-03T10:43:00,5500,completed,False
order_R1137_1_카푸치노,1137,2026-12-01T21:41:00,5500,completed,False
order_R1137_0_콜드브루,1137,2026-11-06T10:30:00,11000,completed,False
order_R1138_0_레몬에이드,1138,2026-08-02T10:40:00,11000,completed,False
order_R1138_0_자몽에이드,1138,2026-06-17T22:55:00,5500,completed,False
order_R1139_0_아메리카노_hot,1139,2026-11-16T11:20:00,5500,completed,False
order_R1139_0_아메리카노_ice,1139,2026-06-15T04:11:00,5500,completed,False
order_R1139_0_콜드브루라떼,1139,2026-02-14T17:46:00,5500,completed,False
order_R1139_1_콜드브루라떼,1139,2026-05-23T11:29:00,11000,completed,False
order_R1139_0_딸기스무디,1139,2026-03-05T09:24:00,5500,completed,False
order_R1139_0_망고스무디,1139,2026-02-19T07:21:00,16500,completed,False
order_R1140_0_카페라떼_hot,1140,2026-12-22T16:14:00,5500,completed,False
order_R1140_0_카페라떼_ice,1140,2026-11-16T19:04:00,5500,completed,False
order_R1140_0_레몬에이드,1140,2026-02-27T19:36:00,11000,completed,False
order_R1140_0_자몽에이드,1140,2026-03-04T23:19:00,5500,completed,False
order_R1141_0_아메리카노_hot,1141,2026-01-11T15:00:00,5500,completed,False
order_R1141_0_아메리카노_ice,1141,2026-04-26T14:07:00,5500,completed,False
order_R1142_0_아메리카노_hot,1142,2026-01-01T20:00:00,5500,completed,False
order_R1142_0_아메리카노_ice,1142,2026-10-19T17:12:00,11000,completed,False
order_R1143_0_카페라떼_hot,1143,2026-08-28T10:50:00,16500,completed,False
order_R1143_0_카페라떼_ice,1143,2026-06-18T23:33:00,5500,completed,False
order_R1143_0_드립커피,1143,2026-01-24T13:12:00,11000,completed,False
order_R1144_0_아메리카노_hot,1144,2026-09-30T11:20:00,11000,completed,False
order_R1144_0_아메리카노_ice,1144,2026-09-25T14:31:00,5500,completed,False
order_R1146_0_아메리카노_hot,1146,2026-09-16T06:45:00,11000,completed,False
order_R1146_0_아메리카노_ice,1146,2026-04-29T21:43:00,11000,completed,False
order_R1146_0_카푸치노,1146,2026-05-08T14:30:00,5500,completed,False
order_R1146_0_바닐라라떼,1146,2026-09-24T13:36:00,5500,completed,False
order_R1146_0_카라멜마끼아또,1146,2026-01-12T11:06:00,5500,completed,False
order_R1146_0_프라푸치노,1146,2026-08-11T11:44:00,5500,completed,False
order_R1146_0_말차프라페,1146,2026-07-17T09:31:00,16500,completed,False
order_R1147_0_아메리카노_hot,1147,2026-03-09T14:01:00,11000,completed,False
order_R1147_0_아메리카노_ice,1147,2026-03-17T11:17:00,16500,completed,False
order_R1147_0_콜드브루,1147,2026-02-14T18:11:00,5500,completed,False
order_R1147_0_콜드브루라떼,1147,2026-01-20T13:50:00,11000,completed,False
order_R1147_0_프라푸치노,1147,2026-06-17T14:37:00,11000,completed,False
order_R1147_0_말차프라페,1147,2026-09-02T14:54:00,5500,completed,False
order_R1147_0_녹차라떼,1147,2026-09-02T22:26:00,5500,completed,False
order_R1147_0_캐모마일티,1147,2026-08-27T17:07:00,5500,completed,False
order_R1148_0_카페라떼_hot,1148,2026-08-08T16:28:00,5500,completed,False
order_R1148_0_카페라떼_ice,1148,2026-01-19T12:48:00,5500,completed,False
order_R1148_0_프라푸치노,1148,2026-01-20T13:20:00,5500,completed,False
order_R1148_0_말차프라페,1148,2026-06-30T18:05:00,5500,completed,False
order_R1149_0_아메리카노_hot,1149,2026-09-13T23:00:00,5500,completed,False
order_R1149_0_아메리카노_ice,1149,2026-11-14T06:21:00,16500,completed,False
order_R1149_0_바닐라라떼,1149,2026-03-07T20:45:00,11000,completed,False
order_R1149_0_카라멜마끼아또,1149,2026-07-01T11:23:00,5500,completed,False
order_R1149_0_프라푸치노,1149,2026-03-02T13:24:00,5500,completed,False
order_R1149_0_말차프라페,1149,2026-07-29T06:23:00,5500,completed,False
order_R1149_0_레몬에이드,1149,2026-02-16T18:07:00,11000,completed,False
order_R1149_0_자몽에이드,1149,2026-04-07T23:04:00,11000,completed,False
order_R1150_0_아메리카노_hot,1150,2026-06-25T13:29:00,11000,completed,False
order_R1150_0_아메리카노_ice,1150,2026-12-24T02:34:00,16500,completed,False
order_R1150_0_카페라떼_hot,1150,2026-10-12T19:27:00,5500,completed,False
order_R1150_0_카페라떼_ice,1150,2026-02-17T07:43:00,5500,completed,False
order_R1150_0_바닐라라떼,1150,2026-08-08T23:55:00,5500,completed,False
order_R1150_0_카라멜마끼아또,1150,2026-12-12T04:55:00,11000,completed,False
order_R1151_0_드립커피,1151,2026-04-05T18:20:00,11000,completed,False
order_R1151_0_바닐라라떼,1151,2026-04-17T16:45:00,16500,completed,False
order_R1151_0_카라멜마끼아또,1151,2026-08-16T11:57:00,5500,completed,False
order_R1153_0_카페라떼_hot,1153,2026-08-21T13:30:00,11000,completed,False
order_R1153_0_카페라떼_ice,1153,2026-01-27T08:37:00,5500,completed,False
order_R1153_0_콜드브루,1153,2026-06-26T17:04:00,5500,completed,False
order_R1153_1_콜드브루,1153,2026-12-15T11:05:00,16500,completed,False
order_R1153_0_레몬에이드,1153,2026-10-31T13:21:00,5500,completed,False
order_R1153_0_자몽에이드,1153,2026-12-19T19:49:00,16500,completed,False
order_R1153_0_딸기스무디,1153,2026-07-11T15:02:00,5500,completed,False
order_R1153_0_망고스무디,1153,2026-04-12T12:08:00,11000,completed,False
order_R1154_0_아메리카노_hot,1154,2026-07-28T12:08:00,5500,completed,False
order_R1154_0_아메리카노_ice,1154,2026-12-23T11:25:00,16500,completed,False
order_R1154_0_카페라떼_hot,1154,2026-09-11T18:28:00,11000,completed,False
order_R1154_0_카페라떼_ice,1154,2026-08-17T00:58:00,5500,completed,False
order_R1154_0_콜드브루,1154,2026-07-23T19:25:00,16500,completed,False
order_R1154_0_복숭아아이스티,1154,2026-06-11T14:19:00,11000,completed,False
order_R1154_0_자몽허니블랙티,1154,2026-06-18T12:08:00,5500,completed,False
order_R1155_0_아메리카노_hot,1155,2026-08-24T12:03:00,11000,completed,False
order_R1155_0_아메리카노_ice,1155,2026-02-02T12:58:00,5500,completed,False
order_R1155_0_녹차라떼,1155,2026-03-23T07:50:00,5500,completed,False
order_R1155_0_캐모마일티,1155,2026-07-11T22:42:00,11000,completed,False
order_R1156_0_카페라떼_hot,1156,2026-05-25T09:29:00,11000,completed,False
order_R1156_0_카페라떼_ice,1156,2026-07-18T10:34:00,5500,completed,False
order_R1156_0_카푸치노,1156,2026-05-18T13:25:00,5500,completed,False
order_R1156_0_프라푸치노,1156,2026-04-15T08:08:00,5500,completed,False
order_R1156_0_말차프라페,1156,2026-09-26T10:36:00,5500,completed,False
order_R1156_0_레몬에이드,1156,2026-05-12T13:36:00,5500,completed,False
order_R1156_0_자몽에이드,1156,2026-10-30T20:57:00,5500,completed,False
order_R1157_0_아메리카노_hot,1157,2026-05-03T05:00:00,16500,completed,False
order_R1157_0_아메리카노_ice,1157,2026-06-14T13:46:00,5500,completed,False
order_R1157_0_카페라떼_hot,1157,2026-04-10T00:54:00,5500,completed,False
order_R1157_0_카페라떼_ice,1157,2026-04-11T20:16:00,11000,completed,False
order_R1157_0_프라푸치노,1157,2026-02-07T15:22:00,5500,completed,False
order_R1157_0_말차프라페,1157,2026-12-07T11:05:00,5500,completed,False
order_R1158_0_아메리카노_hot,1158,2026-04-02T22:44:00,5500,completed,False
order_R1158_0_아메리카노_ice,1158,2026-10-04T15:58:00,11000,completed,False
order_R1158_0_딸기스무디,1158,2026-10-13T01:43:00,5500,completed,False
order_R1158_0_망고스무디,1158,2026-11-22T02:02:00,5500,completed,False
order_R1159_0_아메리카노_hot,1159,2026-11-07T23:21:00,11000,completed,False
order_R1159_0_아메리카노_ice,1159,2026-06-30T14:59:00,5500,completed,False
order_R1159_0_카페라떼_hot,1159,2026-06-12T12:33:00,5500,completed,False
order_R1159_0_카페라떼_ice,1159,2026-07-01T05:20:00,5500,completed,False
order_R1159_0_드립커피,1159,2026-05-05T10:11:00,5500,completed,False
order_R1160_0_아메리카노_hot,1160,2026-10-10T10:43:00,5500,completed,False
order_R1160_0_아메리카노_ice,1160,2026-10-03T17:29:00,5500,completed,False
order_R1160_0_카페라떼_hot,1160,2026-05-26T20:06:00,5500,completed,False
order_R1160_0_카페라떼_ice,1160,2026-06-22T14:50:00,11000,completed,False
order_R1160_0_콜드브루,1160,2026-04-23T15:38:00,11000,completed,False
order_R1160_0_프라푸치노,1160,2026-03-18T23:40:00,5500,completed,False
order_R1160_0_말차프라페,1160,2026-03-05T11:22:00,5500,completed,False
order_R1161_0_아메리카노_hot,1161,2026-08-06T03:42:00,16500,completed,False
order_R1161_0_아메리카노_ice,1161,2026-05-04T20:52:00,5500,completed,False
order_R1161_0_카페라떼_hot,1161,2026-09-03T11:02:00,5500,completed,False
order_R1161_0_카페라떼_ice,1161,2026-04-07T20:59:00,11000,completed,False
order_R1161_0_프라푸치노,1161,2026-07-29T08:44:00,5500,completed,False
order_R1161_0_말차프라페,1161,2026-02-16T11:48:00,5500,completed,False
order_R1161_0_복숭아아이스티,1161,2026-03-16T13:03:00,11000,completed,False
order_R1161_0_자몽허니블랙티,1161,2026-02-16T21:00:00,16500,completed,False
order_R1163_0_아메리카노_hot,1163,2026-01-30T13:48:00,5500,completed,False
order_R1163_0_아메리카노_ice,1163,2026-06-18T08:21:00,5500,completed,False
order_R1163_0_바닐라라떼,1163,2026-07-14T09:07:00,5500,completed,False
order_R1163_0_카라멜마끼아또,1163,2026-07-12T18:07:00,11000,completed,False
order_R1164_0_드립커피,1164,2026-08-17T13:11:00,5500,completed,False
order_R1164_0_프라푸치노,1164,2026-03-14T16:04:00,5500,completed,False
order_R1164_0_말차프라페,1164,2026-06-22T09:58:00,5500,completed,False
order_R1164_0_녹차라떼,1164,2026-04-21T15:10:00,5500,completed,False
order_R1164_0_캐모마일티,1164,2026-05-21T13:15:00,16500,completed,False
order_R1164_0_레몬에이드,1164,2026-07-22T17:33:00,5500,completed,False
order_R1164_0_자몽에이드,1164,2026-12-06T15:33:00,11000,completed,False
order_R1165_0_아메리카노_hot,1165,2026-09-23T01:12:00,11000,completed,False
order_R1165_0_아메리카노_ice,1165,2026-07-19T21:12:00,5500,completed,False
order_R1165_0_카페라떼_hot,1165,2026-08-15T12:21:00,5500,completed,False
order_R1165_0_카페라떼_ice,1165,2026-11-30T10:55:00,5500,completed,False
order_R1165_0_딸기스무디,1165,2026-08-07T18:32:00,5500,completed,False
order_R1165_0_망고스무디,1165,2026-09-16T12:15:00,5500,completed,False
order_R1166_0_아메리카노_hot,1166,2026-03-21T14:13:00,11000,completed,False
order_R1166_0_아메리카노_ice,1166,2026-10-10T21:34:00,11000,completed,False
order_R1166_0_카페라떼_hot,1166,2026-12-06T23:22:00,16500,completed,False
order_R1166_0_카페라떼_ice,1166,2026-08-14T17:07:00,5500,completed,False
order_R1166_0_바닐라라떼,1166,2026-12-24T05:31:00,5500,completed,False
order_R1166_0_카라멜마끼아또,1166,2026-05-03T13:57:00,11000,completed,False
order_R1166_0_복숭아아이스티,1166,2026-06-17T05:12:00,16500,completed,False
order_R1166_0_자몽허니블랙티,1166,2026-07-16T11:02:00,5500,completed,False
order_R1167_0_아메리카노_hot,1167,2026-10-13T11:06:00,5500,completed,False
order_R1167_0_아메리카노_ice,1167,2026-11-10T10:43:00,5500,completed,False
order_R1167_0_프라푸치노,1167,2026-07-06T13:14:00,5500,completed,False
order_R1167_0_말차프라페,1167,2026-10-11T21:54:00,5500,completed,False
order_R1167_0_녹차라떼,1167,2026-11-14T22:06:00,5500,completed,False
order_R1167_0_캐모마일티,1167,2026-03-11T07:33:00,5500,completed,False
order_R1167_0_딸기스무디,1167,2026-05-06T06:38:00,11000,completed,False
order_R1167_0_망고스무디,1167,2026-03-17T08:49:00,16500,completed,False
order_R1168_0_아메리카노_hot,1168,2026-10-19T15:08:00,5500,completed,False
order_R1168_0_아메리카노_ice,1168,2026-03-08T14:55:00,11000,completed,False
order_R1168_0_레몬에이드,1168,2026-11-27T18:45:00,11000,completed,False
order_R1168_0_자몽에이드,1168,2026-07-21T17:23:00,5500,completed,False
order_R1168_0_딸기스무디,1168,2026-01-08T18:22:00,5500,completed,False
order_R1168_0_망고스무디,1168,2026-02-23T18:20:00,11000,completed,False
order_R1169_0_아메리카노_hot,1169,2026-08-06T21:02:00,11000,completed,False
order_R1169_0_아메리카노_ice,1169,2026-01-05T14:16:00,5500,completed,False
order_R1169_0_카페라떼_hot,1169,2026-02-26T08:12:00,11000,completed,False
order_R1169_0_카페라떼_ice,1169,2026-05-05T19:00:00,5500,completed,False
order_R1169_0_레몬에이드,1169,2026-04-23T22:36:00,5500,completed,False
order_R1169_0_자몽에이드,1169,2026-06-01T15:03:00,5500,completed,False
order_R1169_0_딸기스무디,1169,2026-05-30T14:53:00,5500,completed,False
order_R1169_0_망고스무디,1169,2026-11-30T16:01:00,16500,completed,False
order_R1170_0_에스프레소,1170,2026-10-09T23:28:00,5500,completed,False
order_R1170_1_에스프레소,1170,2026-12-23T19:39:00,11000,completed,False
order_R1170_2_에스프레소,1170,2026-07-20T23:14:00,5500,completed,False
order_R1170_3_에스프레소,1170,2026-03-05T18:46:00,5500,completed,False
order_R1170_0_아메리카노_hot,1170,2026-01-16T12:49:00,5500,completed,False
order_R1170_0_아메리카노_ice,1170,2026-04-26T19:48:00,11000,completed,False
order_R1170_0_녹차라떼,1170,2026-11-01T23:09:00,11000,completed,False
order_R1170_0_캐모마일티,1170,2026-09-28T20:09:00,16500,completed,False
order_R1170_0_딸기스무디,1170,2026-08-22T13:27:00,5500,completed,False
order_R1170_0_망고스무디,1170,2026-01-30T16:23:00,16500,completed,False
order_R1171_0_아메리카노_hot,1171,2026-06-19T22:53:00,11000,completed,False
order_R1171_0_아메리카노_ice,1171,2026-02-28T16:20:00,11000,completed,False
order_R1171_0_카페라떼_hot,1171,2026-10-11T16:02:00,5500,completed,False
order_R1171_0_카페라떼_ice,1171,2026-05-22T14:59:00,5500,completed,False
order_R1171_0_카푸치노,1171,2026-05-01T03:42:00,11000,completed,False
order_R1171_0_프라푸치노,1171,2026-09-13T13:23:00,5500,completed,False
order_R1171_0_말차프라페,1171,2026-09-23T20:22:00,5500,completed,False
order_R1171_0_녹차라떼,1171,2026-08-06T23:54:00,11000,completed,False
order_R1171_0_캐모마일티,1171,2026-09-22T11:22:00,5500,completed,False
order_R1172_0_아메리카노_hot,1172,2026-02-19T23:08:00,5500,completed,False
order_R1172_0_아메리카노_ice,1172,2026-03-11T10:28:00,5500,completed,False
order_R1172_0_카페라떼_hot,1172,2026-09-06T21:43:00,11000,completed,False
order_R1172_0_카페라떼_ice,1172,2026-12-09T19:27:00,11000,completed,False
order_R1172_0_카푸치노,1172,2026-11-24T18:05:00,5500,completed,False
order_R1172_0_복숭아아이스티,1172,2026-08-30T09:46:00,5500,completed,False
order_R1172_0_자몽허니블랙티,1172,2026-06-20T15:47:00,11000,completed,False
order_R1173_0_아메리카노_hot,1173,2026-10-11T18:21:00,11000,completed,False
order_R1173_0_아메리카노_ice,1173,2026-08-16T10:09:00,11000,completed,False
order_R1173_0_복숭아아이스티,1173,2026-10-08T13:35:00,5500,completed,False
order_R1173_0_자몽허니블랙티,1173,2026-05-21T02:45:00,11000,completed,False
order_R1174_0_레몬에이드,1174,2026-08-26T22:36:00,5500,completed,False
order_R1174_0_자몽에이드,1174,2026-07-12T18:26:00,5500,completed,False
order_R1174_0_딸기스무디,1174,2026-09-12T05:13:00,5500,completed,False
order_R1174_0_망고스무디,1174,2026-10-07T02:26:00,5500,completed,False
order_R1175_0_아메리카노_hot,1175,2026-08-27T12:27:00,11000,completed,False
order_R1175_0_아메리카노_ice,1175,2026-06-24T14:04:00,16500,completed,False
order_R1176_0_아메리카노_hot,1176,2026-01-17T13:05:00,5500,completed,False
order_R1176_0_아메리카노_ice,1176,2026-06-03T17:24:00,16500,completed,False
order_R1176_0_카페라떼_hot,1176,2026-10-05T01:42:00,11000,completed,False
order_R1176_0_카페라떼_ice,1176,2026-06-27T18:31:00,11000,completed,False
order_R1176_0_딸기스무디,1176,2026-12-31T06:26:00,11000,completed,False
order_R1176_0_망고스무디,1176,2026-01-08T15:40:00,5500,completed,False
order_R1177_0_아메리카노_hot,1177,2026-03-17T22:02:00,16500,completed,False
order_R1177_0_아메리카노_ice,1177,2026-07-22T13:56:00,5500,completed,False
order_R1177_0_바닐라라떼,1177,2026-07-21T09:09:00,5500,completed,False
order_R1177_0_카라멜마끼아또,1177,2026-07-03T04:57:00,5500,completed,False
order_R1177_0_복숭아아이스티,1177,2026-09-28T14:37:00,11000,completed,False
order_R1177_0_자몽허니블랙티,1177,2026-02-13T17:25:00,5500,completed,False
order_R1177_0_레몬에이드,1177,2026-04-19T15:10:00,5500,completed,False
order_R1177_0_자몽에이드,1177,2026-12-07T11:50:00,5500,completed,False
order_R1178_0_아메리카노_hot,1178,2026-10-12T22:20:00,5500,completed,False
order_R1178_0_아메리카노_ice,1178,2026-12-07T18:50:00,5500,completed,False
order_R1178_0_바닐라라떼,1178,2026-12-19T14:25:00,11000,completed,False
order_R1178_0_카라멜마끼아또,1178,2026-09-02T19:37:00,5500,completed,False
order_R1178_0_레몬에이드,1178,2026-08-30T19:53:00,5500,completed,False
order_R1178_0_자몽에이드,1178,2026-04-26T22:08:00,5500,completed,False
order_R1179_0_아메리카노_hot,1179,2026-12-13T04:46:00,5500,completed,False
order_R1179_0_아메리카노_ice,1179,2026-05-28T18:36:00,5500,completed,False
order_R1180_0_아메리카노_hot,1180,2026-09-21T12:08:00,5500,completed,False
order_R1180_0_아메리카노_ice,1180,2026-08-17T09:15:00,11000,completed,False
order_R1181_0_아메리카노_hot,1181,2026-12-29T20:43:00,5500,completed,False
order_R1181_0_아메리카노_ice,1181,2026-02-02T12:21:00,5500,completed,False
order_R1181_0_바닐라라떼,1181,2026-05-22T11:49:00,5500,completed,False
order_R1181_0_카라멜마끼아또,1181,2026-12-21T09:00:00,5500,completed,False
order_R1181_0_프라푸치노,1181,2026-12-20T23:24:00,11000,completed,False
order_R1181_0_말차프라페,1181,2026-07-03T03:12:00,5500,completed,False
order_R1181_0_복숭아아이스티,1181,2026-07-02T05:00:00,11000,completed,False
order_R1181_0_자몽허니블랙티,1181,2026-11-23T15:15:00,5500,completed,False
order_R1182_0_아메리카노_hot,1182,2026-02-13T08:42:00,5500,completed,False
order_R1182_0_아메리카노_ice,1182,2026-05-26T18:16:00,16500,completed,False
order_R1183_0_카페라떼_hot,1183,2026-09-28T08:05:00,11000,completed,False
order_R1183_0_카페라떼_ice,1183,2026-05-08T03:25:00,5500,completed,False
order_R1183_0_바닐라라떼,1183,2026-02-21T20:16:00,5500,completed,False
order_R1183_0_카라멜마끼아또,1183,2026-02-10T18:16:00,5500,completed,False
order_R1183_0_복숭아아이스티,1183,2026-09-05T19:49:00,11000,completed,False
order_R1183_0_자몽허니블랙티,1183,2026-04-22T08:31:00,11000,completed,False
order_R1184_0_아메리카노_hot,1184,2026-05-21T20:04:00,5500,completed,False
order_R1184_0_아메리카노_ice,1184,2026-04-07T12:59:00,5500,completed,False
order_R1184_0_딸기스무디,1184,2026-04-09T11:20:00,11000,completed,False
order_R1184_0_망고스무디,1184,2026-03-26T13:47:00,5500,completed,False
order_R1185_0_아메리카노_hot,1185,2026-08-27T17:07:00,16500,completed,False
order_R1185_0_아메리카노_ice,1185,2026-02-01T15:27:00,5500,completed,False
order_R1185_0_바닐라라떼,1185,2026-11-02T08:48:00,5500,completed,False
order_R1185_0_카라멜마끼아또,1185,2026-01-16T04:32:00,11000,completed,False
order_R1186_0_아메리카노_hot,1186,2026-04-29T19:11:00,16500,completed,False
order_R1186_0_아메리카노_ice,1186,2026-07-22T19:22:00,5500,completed,False
order_R1186_0_레몬에이드,1186,2026-04-14T13:07:00,5500,completed,False
order_R1186_0_자몽에이드,1186,2026-01-02T22:11:00,16500,completed,False
order_R1187_0_카페라떼_hot,1187,2026-02-13T19:28:00,5500,completed,False
order_R1187_0_카페라떼_ice,1187,2026-03-01T11:59:00,11000,completed,False
order_R1187_0_레몬에이드,1187,2026-09-02T07:11:00,5500,completed,False
order_R1187_0_자몽에이드,1187,2026-08-03T16:05:00,5500,completed,False
order_R1188_0_아메리카노_hot,1188,2026-07-19T16:55:00,5500,completed,False
order_R1188_0_아메리카노_ice,1188,2026-02-03T17:32:00,5500,completed,False
order_R1188_0_콜드브루라떼,1188,2026-07-04T02:19:00,5500,completed,False
order_R1188_0_드립커피,1188,2026-07-01T22:41:00,11000,completed,False
order_R1188_0_바닐라라떼,1188,2026-03-10T10:44:00,5500,completed,False
order_R1188_0_카라멜마끼아또,1188,2026-11-04T22:38:00,16500,completed,False
order_R1189_0_아메리카노_hot,1189,2026-04-06T10:11:00,5500,completed,False
order_R1189_0_아메리카노_ice,1189,2026-08-15T06:42:00,5500,completed,False
order_R1189_0_카페라떼_hot,1189,2026-02-18T23:30:00,5500,completed,False
order_R1189_0_카페라떼_ice,1189,2026-02-01T19:12:00,11000,completed,False
order_R1189_0_콜드브루라떼,1189,2026-06-11T21:20:00,5500,completed,False
order_R1189_0_드립커피,1189,2026-09-30T08:29:00,5500,completed,False
order_R1189_0_프라푸치노,1189,2026-02-08T19:16:00,5500,completed,False
order_R1189_0_말차프라페,1189,2026-06-22T08:47:00,5500,completed,False
order_R1189_0_복숭아아이스티,1189,2026-09-05T14:58:00,5500,completed,False
order_R1189_0_자몽허니블랙티,1189,2026-08-12T12:07:00,11000,completed,False
order_R1190_0_아메리카노_hot,1190,2026-06-27T20:09:00,11000,completed,False
order_R1190_0_아메리카노_ice,1190,2026-03-18T10:08:00,16500,completed,False
order_R1190_0_바닐라라떼,1190,2026-08-10T23:05:00,5500,completed,False
order_R1190_0_카라멜마끼아또,1190,2026-11-21T11:00:00,11000,completed,False
order_R1190_0_프라푸치노,1190,2026-04-14T07:15:00,5500,completed,False
order_R1190_0_말차프라페,1190,2026-11-21T23:05:00,11000,completed,False
order_R1190_0_녹차라떼,1190,2026-07-14T05:25:00,5500,completed,False
order_R1190_0_캐모마일티,1190,2026-04-22T21:01:00,16500,completed,False
order_R1190_0_레몬에이드,1190,2026-11-16T20:16:00,11000,completed,False
order_R1190_0_자몽에이드,1190,2026-05-23T07:38:00,11000,completed,False
order_R1192_0_카페라떼_hot,1192,2026-07-20T07:36:00,5500,completed,False
order_R1192_0_카페라떼_ice,1192,2026-10-02T09:54:00,5500,completed,False
order_R1192_0_녹차라떼,1192,2026-09-26T18:33:00,5500,completed,False
order_R1192_0_캐모마일티,1192,2026-10-19T23:55:00,5500,completed,False
order_R1192_0_복숭아아이스티,1192,2026-12-13T10:27:00,5500,completed,False
order_R1192_0_자몽허니블랙티,1192,2026-10-06T12:41:00,5500,completed,False
order_R1193_0_카페라떼_hot,1193,2026-02-12T03:18:00,5500,completed,False
order_R1193_0_카페라떼_ice,1193,2026-12-26T10:27:00,11000,completed,False
order_R1193_0_콜드브루라떼,1193,2026-10-25T09:30:00,5500,completed,False
order_R1193_1_콜드브루라떼,1193,2026-07-29T03:01:00,16500,completed,False
order_R1193_0_바닐라라떼,1193,2026-01-18T18:46:00,5500,completed,False
order_R1193_0_카라멜마끼아또,1193,2026-02-11T23:28:00,11000,completed,False
order_R1193_0_복숭아아이스티,1193,2026-02-21T12:28:00,11000,completed,False
order_R1193_0_자몽허니블랙티,1193,2026-05-24T22:07:00,5500,completed,False
order_R1193_0_레몬에이드,1193,2026-06-22T13:14:00,16500,completed,False
order_R1193_0_자몽에이드,1193,2026-07-02T14:55:00,5500,completed,False
order_R1194_0_아메리카노_hot,1194,2026-04-01T22:18:00,11000,completed,False
order_R1194_0_아메리카노_ice,1194,2026-11-14T09:34:00,5500,completed,False
order_R1194_0_카푸치노,1194,2026-09-03T10:58:00,5500,completed,False
order_R1194_0_콜드브루,1194,2026-07-11T04:46:00,5500,completed,False
order_R1194_1_콜드브루,1194,2026-06-29T10:53:00,11000,completed,False
order_R1194_2_콜드브루,1194,2026-10-06T23:06:00,11000,completed,False
order_R1194_0_레몬에이드,1194,2026-02-15T13:54:00,5500,completed,False
order_R1194_0_자몽에이드,1194,2026-09-21T15:02:00,5500,completed,False
order_R1195_0_프라푸치노,1195,2026-11-03T15:22:00,16500,completed,False
order_R1195_0_말차프라페,1195,2026-10-21T07:15:00,11000,completed,False
order_R1195_0_녹차라떼,1195,2026-03-23T15:00:00,11000,completed,False
order_R1195_0_캐모마일티,1195,2026-03-04T10:21:00,5500,completed,False
order_R1196_0_카페라떼_hot,1196,2026-04-20T08:05:00,5500,completed,False
order_R1196_0_카페라떼_ice,1196,2026-12-01T12:26:00,16500,completed,False
order_R1196_0_콜드브루라떼,1196,2026-09-06T23:33:00,11000,completed,False
order_R1196_0_바닐라라떼,1196,2026-04-12T05:09:00,5500,completed,False
order_R1196_0_카라멜마끼아또,1196,2026-09-29T18:38:00,5500,completed,False
order_R1197_0_바닐라라떼,1197,2026-08-19T09:56:00,16500,completed,False
order_R1197_0_카라멜마끼아또,1197,2026-10-23T15:42:00,11000,completed,False
order_R1197_0_레몬에이드,1197,2026-06-15T11:59:00,5500,completed,False
order_R1197_0_자몽에이드,1197,2026-06-11T10:04:00,5500,completed,False
order_R1197_0_딸기스무디,1197,2026-12-06T14:25:00,11000,completed,False
order_R1197_0_망고스무디,1197,2026-04-30T20:14:00,5500,completed,False
order_R1198_0_아메리카노_hot,1198,2026-12-07T09:45:00,11000,completed,False
order_R1198_0_아메리카노_ice,1198,2026-12-29T14:09:00,11000,completed,False
order_R1198_0_바닐라라떼,1198,2026-10-04T16:38:00,16500,completed,False
order_R1198_0_카라멜마끼아또,1198,2026-02-10T21:47:00,5500,completed,False
order_R1198_0_녹차라떼,1198,2026-07-27T16:20:00,5500,completed,False
order_R1198_0_캐모마일티,1198,2026-07-23T04:08:00,11000,completed,False
order_R1199_0_아메리카노_hot,1199,2026-10-21T10:53:00,11000,completed,False
order_R1199_0_아메리카노_ice,1199,2026-04-03T13:34:00,11000,completed,False
order_R1199_0_카페라떼_hot,1199,2026-05-10T00:34:00,16500,completed,False
order_R1199_0_카페라떼_ice,1199,2026-02-25T15:07:00,5500,completed,False
order_R1199_0_콜드브루,1199,2026-10-16T21:09:00,5500,completed,False
order_R1199_0_바닐라라떼,1199,2026-04-23T20:32:00,5500,completed,False
order_R1199_0_카라멜마끼아또,1199,2026-04-28T21:45:00,5500,completed,False
order_R1200_0_아메리카노_hot,1200,2026-12-21T21:31:00,5500,completed,False
order_R1200_0_아메리카노_ice,1200,2026-12-01T14:10:00,5500,completed,False
order_R1200_0_카페라떼_hot,1200,2026-06-10T08:29:00,5500,completed,False
order_R1200_0_카페라떼_ice,1200,2026-04-23T13:30:00,5500,completed,False
order_R1200_0_바닐라라떼,1200,2026-01-13T20:06:00,5500,completed,False
order_R1200_0_카라멜마끼아또,1200,2026-11-12T11:23:00,11000,completed,False
order_R1200_0_프라푸치노,1200,2026-12-06T12:56:00,11000,completed,False
order_R1200_0_말차프라페,1200,2026-04-11T05:46:00,5500,completed,False
order_R1200_0_녹차라떼,1200,2026-03-20T01:46:00,5500,completed,False
order_R1200_0_캐모마일티,1200,2026-06-01T20:17:00,11000,completed,False
order_R1201_0_아메리카노_hot,1201,2026-06-11T13:38:00,5500,completed,False
order_R1201_0_아메리카노_ice,1201,2026-12-15T07:22:00,11000,completed,False
order_R1201_0_카페라떼_hot,1201,2026-11-03T05:15:00,11000,completed,False
order_R1201_0_카페라떼_ice,1201,2026-06-06T23:36:00,5500,completed,False
order_R1201_0_바닐라라떼,1201,2026-02-24T23:48:00,5500,completed,False
order_R1201_0_카라멜마끼아또,1201,2026-02-10T11:40:00,5500,completed,False
order_R1201_0_복숭아아이스티,1201,2026-09-20T22:49:00,16500,completed,False
order_R1201_0_자몽허니블랙티,1201,2026-06-21T11:52:00,5500,completed,False
order_R1202_0_아메리카노_hot,1202,2026-11-27T21:12:00,5500,completed,False
order_R1202_0_아메리카노_ice,1202,2026-01-18T12:51:00,5500,completed,False
order_R1203_0_아메리카노_hot,1203,2026-02-10T22:37:00,5500,completed,False
order_R1203_0_아메리카노_ice,1203,2026-04-17T15:09:00,5500,completed,False
order_R1204_0_카푸치노,1204,2026-07-22T16:00:00,5500,completed,False
order_R1204_1_카푸치노,1204,2026-07-03T07:28:00,5500,completed,False
order_R1204_0_녹차라떼,1204,2026-08-17T11:20:00,5500,completed,False
order_R1204_0_캐모마일티,1204,2026-03-08T08:21:00,5500,completed,False
order_R1204_0_복숭아아이스티,1204,2026-07-27T10:14:00,5500,completed,False
order_R1204_0_자몽허니블랙티,1204,2026-05-13T21:59:00,16500,completed,False
order_R1205_0_아메리카노_hot,1205,2026-03-02T17:03:00,5500,completed,False
order_R1205_0_아메리카노_ice,1205,2026-06-24T07:57:00,5500,completed,False
order_R1205_0_콜드브루라떼,1205,2026-09-22T12:48:00,5500,completed,False
order_R1205_1_콜드브루라떼,1205,2026-03-29T09:54:00,5500,completed,False
order_R1205_0_드립커피,1205,2026-09-13T21:43:00,5500,completed,False
order_R1205_0_딸기스무디,1205,2026-09-21T22:58:00,11000,completed,False
order_R1205_0_망고스무디,1205,2026-02-25T23:42:00,11000,completed,False
order_R1206_0_아메리카노_hot,1206,2026-05-30T10:21:00,5500,completed,False
order_R1206_0_아메리카노_ice,1206,2026-03-09T20:52:00,5500,completed,False
order_R1206_0_카페라떼_hot,1206,2026-07-16T12:47:00,5500,completed,False
order_R1206_0_카페라떼_ice,1206,2026-12-16T18:27:00,16500,completed,False
order_R1206_0_바닐라라떼,1206,2026-02-02T01:43:00,5500,completed,False
order_R1206_0_카라멜마끼아또,1206,2026-09-12T10:29:00,5500,completed,False
order_R1206_0_녹차라떼,1206,2026-01-13T21:54:00,5500,completed,False
order_R1206_0_캐모마일티,1206,2026-06-17T21:08:00,11000,completed,False
order_R1206_0_딸기스무디,1206,2026-06-12T11:37:00,5500,completed,False
order_R1206_0_망고스무디,1206,2026-05-13T09:09:00,11000,completed,False
order_R1207_0_카페라떼_hot,1207,2026-04-16T12:10:00,5500,completed,False
order_R1207_0_카페라떼_ice,1207,2026-04-23T15:51:00,5500,completed,False
order_R1207_0_프라푸치노,1207,2026-06-20T05:37:00,11000,completed,False
order_R1207_0_말차프라페,1207,2026-07-05T07:56:00,11000,completed,False
order_R1207_0_녹차라떼,1207,2026-02-27T21:42:00,5500,completed,False
order_R1207_0_캐모마일티,1207,2026-07-28T09:37:00,5500,completed,False
order_R1208_0_아메리카노_hot,1208,2026-11-22T15:28:00,5500,completed,False
order_R1208_0_아메리카노_ice,1208,2026-11-10T13:59:00,5500,completed,False
order_R1208_0_바닐라라떼,1208,2026-09-01T19:57:00,11000,completed,False
order_R1208_0_카라멜마끼아또,1208,2026-10-30T01:22:00,11000,completed,False
order_R1208_0_복숭아아이스티,1208,2026-04-03T01:00:00,5500,completed,False
order_R1208_0_자몽허니블랙티,1208,2026-01-05T17:57:00,5500,completed,False
order_R1209_0_에스프레소,1209,2026-10-30T07:31:00,16500,completed,False
order_R1209_0_아메리카노_hot,1209,2026-03-16T11:56:00,5500,completed,False
order_R1209_0_아메리카노_ice,1209,2026-03-23T01:34:00,5500,completed,False
order_R1209_0_카푸치노,1209,2026-10-20T21:00:00,5500,completed,False
order_R1209_0_드립커피,1209,2026-04-06T15:05:00,11000,completed,False
order_R1209_0_프라푸치노,1209,2026-01-28T21:28:00,5500,completed,False
order_R1209_0_말차프라페,1209,2026-09-18T10:22:00,16500,completed,False
order_R1209_0_레몬에이드,1209,2026-09-12T17:05:00,16500,completed,False
order_R1209_0_자몽에이드,1209,2026-01-10T13:21:00,5500,completed,False
order_R1210_0_카페라떼_hot,1210,2026-02-27T20:32:00,5500,completed,False
order_R1210_0_카페라떼_ice,1210,2026-09-15T05:34:00,5500,completed,False
order_R1210_0_바닐라라떼,1210,2026-03-14T01:13:00,11000,completed,False
order_R1210_0_카라멜마끼아또,1210,2026-06-07T12:11:00,11000,completed,False
order_R1210_0_복숭아아이스티,1210,2026-04-09T13:31:00,11000,completed,False
order_R1210_0_자몽허니블랙티,1210,2026-08-16T21:06:00,5500,completed,False
order_R1211_0_복숭아아이스티,1211,2026-04-16T08:24:00,5500,completed,False
order_R1211_0_자몽허니블랙티,1211,2026-05-24T02:46:00,11000,completed,False
order_R1212_0_카페라떼_hot,1212,2026-03-27T10:04:00,11000,completed,False
order_R1212_0_카페라떼_ice,1212,2026-08-20T18:44:00,16500,completed,False
order_R1212_0_바닐라라떼,1212,2026-10-21T05:32:00,11000,completed,False
order_R1212_0_카라멜마끼아또,1212,2026-05-10T08:32:00,11000,completed,False
order_R1213_0_아메리카노_hot,1213,2026-12-02T00:18:00,11000,completed,False
order_R1213_0_아메리카노_ice,1213,2026-06-05T17:56:00,5500,completed,False
order_R1213_0_드립커피,1213,2026-11-18T07:19:00,5500,completed,False
order_R1213_0_딸기스무디,1213,2026-04-17T10:15:00,5500,completed,False
order_R1213_0_망고스무디,1213,2026-08-06T11:31:00,16500,completed,False
order_R1214_0_에스프레소,1214,2026-05-01T21:48:00,11000,completed,False
order_R1214_0_아메리카노_hot,1214,2026-10-11T18:22:00,5500,completed,False
order_R1214_0_아메리카노_ice,1214,2026-05-16T11:32:00,5500,completed,False
order_R1214_0_카페라떼_hot,1214,2026-07-20T01:22:00,11000,completed,False
order_R1214_0_카페라떼_ice,1214,2026-08-22T16:47:00,5500,completed,False
order_R1214_0_바닐라라떼,1214,2026-10-05T19:10:00,11000,completed,False
order_R1214_0_카라멜마끼아또,1214,2026-11-13T06:47:00,11000,completed,False
order_R1214_0_프라푸치노,1214,2026-01-21T12:43:00,11000,completed,False
order_R1214_0_말차프라페,1214,2026-05-30T20:32:00,5500,completed,False
order_R1214_0_레몬에이드,1214,2026-08-01T08:44:00,11000,completed,False
order_R1214_0_자몽에이드,1214,2026-03-11T23:22:00,11000,completed,False
order_R1215_0_아메리카노_hot,1215,2026-09-18T21:46:00,5500,completed,False
order_R1215_0_아메리카노_ice,1215,2026-09-07T17:36:00,5500,completed,False
order_R1215_0_카페라떼_hot,1215,2026-11-22T18:13:00,11000,completed,False
order_R1215_0_카페라떼_ice,1215,2026-12-31T17:24:00,5500,completed,False
order_R1215_0_콜드브루라떼,1215,2026-08-16T19:02:00,5500,completed,False
order_R1215_0_프라푸치노,1215,2026-03-23T18:05:00,5500,completed,False
order_R1215_0_말차프라페,1215,2026-04-20T11:44:00,5500,completed,False
order_R1215_0_녹차라떼,1215,2026-02-13T05:07:00,5500,completed,False
order_R1215_0_캐모마일티,1215,2026-11-09T18:00:00,5500,completed,False
order_R1215_0_레몬에이드,1215,2026-08-29T11:23:00,5500,completed,False
order_R1215_0_자몽에이드,1215,2026-05-14T22:56:00,16500,completed,False
order_R1216_0_바닐라라떼,1216,2026-02-09T08:11:00,5500,completed,False
order_R1216_0_카라멜마끼아또,1216,2026-02-05T08:19:00,5500,completed,False
order_R1217_0_아메리카노_hot,1217,2026-08-17T15:10:00,16500,completed,False
order_R1217_0_아메리카노_ice,1217,2026-08-27T11:08:00,11000,completed,False
order_R1217_0_카페라떼_hot,1217,2026-12-15T06:25:00,5500,completed,False
order_R1217_0_카페라떼_ice,1217,2026-08-13T18:07:00,11000,completed,False
order_R1217_0_바닐라라떼,1217,2026-09-11T22:39:00,5500,completed,False
order_R1217_0_카라멜마끼아또,1217,2026-03-28T20:52:00,5500,completed,False
order_R1217_0_녹차라떼,1217,2026-09-19T21:09:00,11000,completed,False
order_R1217_0_캐모마일티,1217,2026-06-11T00:23:00,5500,completed,False
order_R1218_0_아메리카노_hot,1218,2026-06-19T15:14:00,5500,completed,False
order_R1218_0_아메리카노_ice,1218,2026-12-06T20:14:00,5500,completed,False
order_R1218_0_콜드브루,1218,2026-11-01T13:07:00,5500,completed,False
order_R1218_1_콜드브루,1218,2026-08-11T20:04:00,5500,completed,False
order_R1218_0_바닐라라떼,1218,2026-02-27T02:54:00,16500,completed,False
order_R1218_0_카라멜마끼아또,1218,2026-08-28T22:39:00,5500,completed,False
order_R1218_0_레몬에이드,1218,2026-12-04T15:00:00,16500,completed,False
order_R1218_0_자몽에이드,1218,2026-11-26T14:53:00,16500,completed,False
order_R1219_0_바닐라라떼,1219,2026-12-28T19:03:00,5500,completed,False
order_R1219_0_카라멜마끼아또,1219,2026-02-01T11:28:00,5500,completed,False
order_R1220_0_카페라떼_hot,1220,2026-08-14T18:01:00,5500,completed,False
order_R1220_0_카페라떼_ice,1220,2026-06-01T18:09:00,11000,completed,False
order_R1220_0_바닐라라떼,1220,2026-10-06T06:06:00,5500,completed,False
order_R1220_0_카라멜마끼아또,1220,2026-05-19T09:17:00,11000,completed,False
order_R1221_0_아메리카노_hot,1221,2026-12-15T00:22:00,5500,completed,False
order_R1221_0_아메리카노_ice,1221,2026-04-10T08:56:00,5500,completed,False
order_R1221_0_카페라떼_hot,1221,2026-10-22T21:26:00,5500,completed,False
order_R1221_0_카페라떼_ice,1221,2026-05-31T15:43:00,5500,completed,False
order_R1221_0_바닐라라떼,1221,2026-10-23T10:16:00,5500,completed,False
order_R1221_0_카라멜마끼아또,1221,2026-01-25T09:07:00,5500,completed,False
order_R1222_0_아메리카노_hot,1222,2026-10-06T09:10:00,11000,completed,False
order_R1222_0_아메리카노_ice,1222,2026-12-01T13:31:00,11000,completed,False
order_R1222_0_카페라떼_hot,1222,2026-09-24T13:56:00,5500,completed,False
order_R1222_0_카페라떼_ice,1222,2026-08-22T01:54:00,5500,completed,False
order_R1222_0_레몬에이드,1222,2026-07-24T09:24:00,5500,completed,False
order_R1222_0_자몽에이드,1222,2026-08-14T09:14:00,11000,completed,False
order_R1223_0_아메리카노_hot,1223,2026-09-14T14:53:00,16500,completed,False
order_R1223_0_아메리카노_ice,1223,2026-06-03T12:19:00,11000,completed,False
order_R1223_0_카페라떼_hot,1223,2026-07-03T20:51:00,11000,completed,False
order_R1223_0_카페라떼_ice,1223,2026-12-23T16:20:00,11000,completed,False
order_R1223_0_프라푸치노,1223,2026-02-24T18:56:00,5500,completed,False
order_R1223_0_말차프라페,1223,2026-09-04T16:19:00,11000,completed,False
order_R1223_0_녹차라떼,1223,2026-11-02T21:31:00,5500,completed,False
order_R1223_0_캐모마일티,1223,2026-11-11T12:23:00,11000,completed,False
order_R1223_0_레몬에이드,1223,2026-11-22T06:40:00,5500,completed,False
order_R1223_0_자몽에이드,1223,2026-09-03T20:49:00,5500,completed,False
order_R1224_0_아메리카노_hot,1224,2026-08-08T05:01:00,16500,completed,False
order_R1224_0_아메리카노_ice,1224,2026-07-09T12:58:00,11000,completed,False
order_R1224_0_카페라떼_hot,1224,2026-09-08T15:39:00,5500,completed,False
order_R1224_0_카페라떼_ice,1224,2026-10-18T08:49:00,11000,completed,False
order_R1224_0_콜드브루,1224,2026-11-09T23:10:00,5500,completed,False
order_R1224_0_바닐라라떼,1224,2026-04-16T22:43:00,11000,completed,False
order_R1224_0_카라멜마끼아또,1224,2026-02-21T23:18:00,16500,completed,False
order_R1225_0_아메리카노_hot,1225,2026-12-21T16:18:00,5500,completed,False
order_R1225_0_아메리카노_ice,1225,2026-09-18T12:48:00,11000,completed,False
order_R1225_0_바닐라라떼,1225,2026-03-20T11:06:00,5500,completed,False
order_R1225_0_카라멜마끼아또,1225,2026-11-03T07:04:00,11000,completed,False
order_R1225_0_프라푸치노,1225,2026-10-16T11:08:00,11000,completed,False
order_R1225_0_말차프라페,1225,2026-07-18T15:34:00,5500,completed,False
order_R1225_0_녹차라떼,1225,2026-11-20T10:30:00,5500,completed,False
order_R1225_0_캐모마일티,1225,2026-09-07T11:52:00,5500,completed,False
order_R1225_0_레몬에이드,1225,2026-04-24T12:49:00,11000,completed,False
order_R1225_0_자몽에이드,1225,2026-01-07T09:11:00,11000,completed,False
order_R1226_0_카푸치노,1226,2026-08-13T09:49:00,5500,completed,False
order_R1226_1_카푸치노,1226,2026-11-07T22:19:00,11000,completed,False
order_R1227_0_아메리카노_hot,1227,2026-08-16T13:31:00,11000,completed,False
order_R1227_0_아메리카노_ice,1227,2026-09-01T22:15:00,5500,completed,False
order_R1227_0_드립커피,1227,2026-07-23T08:54:00,16500,completed,False
order_R1228_0_콜드브루,1228,2026-09-25T06:01:00,11000,completed,False
order_R1228_1_콜드브루,1228,2026-05-29T15:23:00,16500,completed,False
order_R1228_2_콜드브루,1228,2026-08-16T20:45:00,5500,completed,False
order_R1228_3_콜드브루,1228,2026-05-01T21:15:00,5500,completed,False
order_R1228_0_복숭아아이스티,1228,2026-02-06T17:25:00,16500,completed,False
order_R1228_0_자몽허니블랙티,1228,2026-03-28T14:09:00,5500,completed,False
order_R1229_0_카푸치노,1229,2026-03-17T11:47:00,5500,completed,False
order_R1229_0_콜드브루,1229,2026-03-27T17:54:00,11000,completed,False
order_R1229_0_바닐라라떼,1229,2026-02-10T12:34:00,11000,completed,False
order_R1229_0_카라멜마끼아또,1229,2026-10-30T12:15:00,11000,completed,False
order_R1229_0_프라푸치노,1229,2026-10-15T11:41:00,11000,completed,False
order_R1229_0_말차프라페,1229,2026-06-11T14:10:00,11000,completed,False
order_R1230_0_에스프레소,1230,2026-07-10T11:08:00,5500,completed,False
order_R1230_0_드립커피,1230,2026-07-01T22:54:00,11000,completed,False
order_R1230_0_레몬에이드,1230,2026-05-19T08:56:00,5500,completed,False
order_R1230_0_자몽에이드,1230,2026-01-20T11:55:00,5500,completed,False
order_R1231_0_에스프레소,1231,2026-10-05T18:38:00,11000,completed,False
order_R1231_0_아메리카노_hot,1231,2026-12-06T00:18:00,5500,completed,False
order_R1231_0_아메리카노_ice,1231,2026-03-09T04:00:00,5500,completed,False
order_R1231_0_드립커피,1231,2026-03-22T20:32:00,5500,completed,False
order_R1231_0_딸기스무디,1231,2026-07-08T07:32:00,5500,completed,False
order_R1231_0_망고스무디,1231,2026-05-07T12:33:00,5500,completed,False
order_R1232_0_아메리카노_hot,1232,2026-06-24T22:20:00,11000,completed,False
order_R1232_0_아메리카노_ice,1232,2026-11-01T19:32:00,16500,completed,False
order_R1232_0_콜드브루,1232,2026-06-18T06:01:00,11000,completed,False
order_R1232_1_콜드브루,1232,2026-08-30T16:05:00,5500,completed,False
order_R1232_2_콜드브루,1232,2026-01-04T07:33:00,5500,completed,False
order_R1232_0_복숭아아이스티,1232,2026-02-16T13:38:00,16500,completed,False
order_R1232_0_자몽허니블랙티,1232,2026-02-17T14:38:00,5500,completed,False
order_R1232_0_레몬에이드,1232,2026-07-19T19:42:00,5500,completed,False
order_R1232_0_자몽에이드,1232,2026-09-04T06:44:00,11000,completed,False
order_R1233_0_아메리카노_hot,1233,2026-02-03T06:44:00,5500,completed,False
order_R1233_0_아메리카노_ice,1233,2026-08-22T21:40:00,5500,completed,False
order_R1233_0_바닐라라떼,1233,2026-05-18T11:20:00,5500,completed,False
order_R1233_0_카라멜마끼아또,1233,2026-11-15T03:47:00,16500,completed,False
order_R1233_0_프라푸치노,1233,2026-06-10T12:07:00,5500,completed,False
order_R1233_0_말차프라페,1233,2026-03-06T13:59:00,16500,completed,False
order_R1233_0_레몬에이드,1233,2026-09-15T18:55:00,5500,completed,False
order_R1233_0_자몽에이드,1233,2026-04-01T11:54:00,5500,completed,False
order_R1234_0_아메리카노_hot,1234,2026-04-29T17:56:00,5500,completed,False
order_R1234_0_아메리카노_ice,1234,2026-01-07T07:05:00,5500,completed,False
order_R1234_0_콜드브루,1234,2026-07-09T15:03:00,5500,completed,False
order_R1234_0_드립커피,1234,2026-05-27T16:11:00,5500,completed,False
order_R1234_0_딸기스무디,1234,2026-09-23T21:42:00,5500,completed,False
order_R1234_0_망고스무디,1234,2026-10-29T01:04:00,5500,completed,False
order_R1235_0_아메리카노_hot,1235,2026-03-30T11:33:00,5500,completed,False
order_R1235_0_아메리카노_ice,1235,2026-07-16T19:33:00,5500,completed,False
order_R1235_0_카페라떼_hot,1235,2026-12-31T08:16:00,5500,completed,False
order_R1235_0_카페라떼_ice,1235,2026-04-01T15:45:00,5500,completed,False
order_R1235_0_콜드브루라떼,1235,2026-09-19T16:05:00,5500,completed,False
order_R1235_0_바닐라라떼,1235,2026-10-28T06:33:00,5500,completed,False
order_R1235_0_카라멜마끼아또,1235,2026-03-18T07:03:00,5500,completed,False
order_R1235_0_녹차라떼,1235,2026-04-25T13:02:00,11000,completed,False
order_R1235_0_캐모마일티,1235,2026-05-26T09:06:00,11000,completed,False
order_R1235_0_복숭아아이스티,1235,2026-04-22T13:19:00,5500,completed,False
order_R1235_0_자몽허니블랙티,1235,2026-09-26T13:41:00,5500,completed,False
order_R1235_0_레몬에이드,1235,2026-01-30T07:26:00,5500,completed,False
order_R1235_0_자몽에이드,1235,2026-06-19T02:57:00,5500,completed,False
order_R1236_0_바닐라라떼,1236,2026-11-10T21:06:00,5500,completed,False
order_R1236_0_카라멜마끼아또,1236,2026-02-01T00:45:00,5500,completed,False
order_R1236_0_복숭아아이스티,1236,2026-07-07T13:49:00,11000,completed,False
order_R1236_0_자몽허니블랙티,1236,2026-03-10T01:13:00,5500,completed,False
order_R1236_0_레몬에이드,1236,2026-10-22T05:20:00,5500,completed,False
order_R1236_0_자몽에이드,1236,2026-05-27T02:20:00,11000,completed,False
order_R1237_0_아메리카노_hot,1237,2026-07-24T19:04:00,5500,completed,False
order_R1237_0_아메리카노_ice,1237,2026-09-09T13:14:00,5500,completed,False
order_R1237_0_콜드브루라떼,1237,2026-01-02T10:32:00,5500,completed,False
order_R1237_1_콜드브루라떼,1237,2026-02-07T21:33:00,5500,completed,False
order_R1237_0_바닐라라떼,1237,2026-12-29T18:46:00,11000,completed,False
order_R1237_0_카라멜마끼아또,1237,2026-02-01T13:23:00,16500,completed,False
order_R1238_0_아메리카노_hot,1238,2026-01-31T18:16:00,5500,completed,False
order_R1238_0_아메리카노_ice,1238,2026-06-12T18:47:00,5500,completed,False
order_R1238_0_프라푸치노,1238,2026-07-05T08:32:00,11000,completed,False
order_R1238_0_말차프라페,1238,2026-03-09T17:30:00,5500,completed,False
order_R1239_0_카페라떼_hot,1239,2026-08-12T13:52:00,5500,completed,False
order_R1239_0_카페라떼_ice,1239,2026-03-17T03:52:00,11000,completed,False
order_R1239_0_콜드브루,1239,2026-01-15T02:13:00,5500,completed,False
order_R1239_1_콜드브루,1239,2026-08-23T21:06:00,11000,completed,False
order_R1239_2_콜드브루,1239,2026-03-03T17:45:00,5500,completed,False
order_R1239_3_콜드브루,1239,2026-10-30T15:32:00,5500,completed,False
order_R1239_4_콜드브루,1239,2026-06-25T05:06:00,5500,completed,False
order_R1239_0_프라푸치노,1239,2026-11-03T22:08:00,5500,completed,False
order_R1239_0_말차프라페,1239,2026-04-16T20:06:00,5500,completed,False
order_R1240_0_아메리카노_hot,1240,2026-02-20T10:28:00,5500,completed,False
order_R1240_0_아메리카노_ice,1240,2026-07-07T21:09:00,5500,completed,False
order_R1240_0_카페라떼_hot,1240,2026-03-08T22:28:00,5500,completed,False
order_R1240_0_카페라떼_ice,1240,2026-02-14T01:53:00,11000,completed,False
order_R1240_0_바닐라라떼,1240,2026-07-17T09:38:00,16500,completed,False
order_R1240_0_카라멜마끼아또,1240,2026-08-15T18:47:00,5500,completed,False
order_R1240_0_딸기스무디,1240,2026-11-28T13:31:00,5500,completed,False
order_R1240_0_망고스무디,1240,2026-07-01T20:39:00,5500,completed,False
order_R1241_0_아메리카노_hot,1241,2026-01-01T13:50:00,11000,completed,False
order_R1241_0_아메리카노_ice,1241,2026-07-09T16:37:00,5500,completed,False
order_R1241_0_바닐라라떼,1241,2026-11-21T07:32:00,5500,completed,False
order_R1241_0_카라멜마끼아또,1241,2026-01-07T10:52:00,5500,completed,False
order_R1241_0_복숭아아이스티,1241,2026-04-26T05:41:00,11000,completed,False
order_R1241_0_자몽허니블랙티,1241,2026-02-15T22:02:00,5500,completed,False
order_R1241_0_딸기스무디,1241,2026-11-24T10:56:00,11000,completed,False
order_R1241_0_망고스무디,1241,2026-03-09T12:33:00,5500,completed,False
order_R1242_0_아메리카노_hot,1242,2026-03-02T09:14:00,11000,completed,False
order_R1242_0_아메리카노_ice,1242,2026-10-03T18:33:00,5500,completed,False
order_R1242_0_드립커피,1242,2026-12-07T22:57:00,11000,completed,False
order_R1242_0_녹차라떼,1242,2026-10-18T13:55:00,5500,completed,False
order_R1242_0_캐모마일티,1242,2026-11-07T21:51:00,16500,completed,False
order_R1243_0_아메리카노_hot,1243,2026-02-07T10:37:00,5500,completed,False
order_R1243_0_아메리카노_ice,1243,2026-06-11T23:31:00,11000,completed,False
order_R1243_0_카페라떼_hot,1243,2026-08-29T06:10:00,11000,completed,False
order_R1243_0_카페라떼_ice,1243,2026-12-03T11:58:00,11000,completed,False
order_R1244_0_바닐라라떼,1244,2026-05-31T16:25:00,11000,completed,False
order_R1244_0_카라멜마끼아또,1244,2026-06-18T04:06:00,5500,completed,False
order_R1245_0_아메리카노_hot,1245,2026-02-13T13:04:00,5500,completed,False
order_R1245_0_아메리카노_ice,1245,2026-09-16T08:35:00,5500,completed,False
order_R1245_0_드립커피,1245,2026-11-18T07:26:00,11000,completed,False
order_R1245_0_레몬에이드,1245,2026-07-16T21:16:00,5500,completed,False
order_R1245_0_자몽에이드,1245,2026-02-11T17:29:00,16500,completed,False
order_R1245_0_딸기스무디,1245,2026-11-03T10:17:00,5500,completed,False
order_R1245_0_망고스무디,1245,2026-03-14T12:06:00,11000,completed,False
order_R1246_0_아메리카노_hot,1246,2026-08-22T08:30:00,5500,completed,False
order_R1246_0_아메리카노_ice,1246,2026-06-24T09:56:00,5500,completed,False
order_R1246_0_카페라떼_hot,1246,2026-02-11T13:11:00,5500,completed,False
order_R1246_0_카페라떼_ice,1246,2026-11-25T09:10:00,5500,completed,False
order_R1246_0_카푸치노,1246,2026-08-08T18:45:00,11000,completed,False
order_R1246_0_바닐라라떼,1246,2026-07-15T14:42:00,5500,completed,False
order_R1246_0_카라멜마끼아또,1246,2026-06-22T10:16:00,16500,completed,False
order_R1246_0_복숭아아이스티,1246,2026-01-05T09:50:00,5500,completed,False
order_R1246_0_자몽허니블랙티,1246,2026-09-08T23:17:00,5500,completed,False
order_R1247_0_카페라떼_hot,1247,2026-02-18T11:38:00,11000,completed,False
order_R1247_0_카페라떼_ice,1247,2026-07-31T12:26:00,5500,completed,False
order_R1247_0_바닐라라떼,1247,2026-03-26T16:00:00,11000,completed,False
order_R1247_0_카라멜마끼아또,1247,2026-09-28T22:40:00,5500,completed,False
order_R1248_0_아메리카노_hot,1248,2026-05-22T10:56:00,11000,completed,False
order_R1248_0_아메리카노_ice,1248,2026-01-18T17:14:00,11000,completed,False
order_R1248_0_레몬에이드,1248,2026-12-01T23:34:00,11000,completed,False
order_R1248_0_자몽에이드,1248,2026-03-24T06:38:00,5500,completed,False
order_R1249_0_아메리카노_hot,1249,2026-04-10T13:50:00,11000,completed,False
order_R1249_0_아메리카노_ice,1249,2026-03-25T11:49:00,11000,completed,False
order_R1249_0_바닐라라떼,1249,2026-07-27T06:03:00,11000,completed,False
order_R1249_0_카라멜마끼아또,1249,2026-10-27T10:45:00,5500,completed,False
order_R1249_0_복숭아아이스티,1249,2026-06-21T19:14:00,5500,completed,False
order_R1249_0_자몽허니블랙티,1249,2026-10-23T16:44:00,5500,completed,False
order_R1250_0_바닐라라떼,1250,2026-11-05T09:35:00,11000,completed,False
order_R1250_0_카라멜마끼아또,1250,2026-01-08T06:01:00,5500,completed,False
order_R1250_0_복숭아아이스티,1250,2026-09-23T16:02:00,11000,completed,False
order_R1250_0_자몽허니블랙티,1250,2026-03-22T18:08:00,5500,completed,False
order_R1251_0_딸기스무디,1251,2026-09-01T21:53:00,16500,completed,False
order_R1251_0_망고스무디,1251,2026-10-15T15:21:00,5500,completed,False
order_R1252_0_아메리카노_hot,1252,2026-08-22T17:01:00,5500,completed,False
order_R1252_0_아메리카노_ice,1252,2026-07-30T23:39:00,5500,completed,False
order_R1252_0_콜드브루,1252,2026-06-23T11:19:00,5500,completed,False
order_R1252_0_프라푸치노,1252,2026-02-04T13:16:00,11000,completed,False
order_R1252_0_말차프라페,1252,2026-03-04T03:40:00,5500,completed,False
order_R1252_0_복숭아아이스티,1252,2026-08-17T06:14:00,16500,completed,False
order_R1252_0_자몽허니블랙티,1252,2026-03-11T08:14:00,5500,completed,False
order_R1253_0_아메리카노_hot,1253,2026-03-21T01:33:00,5500,completed,False
order_R1253_0_아메리카노_ice,1253,2026-12-04T11:16:00,5500,completed,False
order_R1253_0_카페라떼_hot,1253,2026-04-27T17:00:00,5500,completed,False
order_R1253_0_카페라떼_ice,1253,2026-04-27T09:50:00,5500,completed,False
order_R1254_0_복숭아아이스티,1254,2026-05-07T13:55:00,5500,completed,False
order_R1254_0_자몽허니블랙티,1254,2026-02-20T13:07:00,5500,completed,False
order_R1254_0_레몬에이드,1254,2026-06-14T15:40:00,11000,completed,False
order_R1254_0_자몽에이드,1254,2026-09-20T03:34:00,5500,completed,False
order_R1255_0_아메리카노_hot,1255,2026-02-19T16:00:00,5500,completed,False
order_R1255_0_아메리카노_ice,1255,2026-04-04T18:53:00,16500,completed,False
order_R1255_0_바닐라라떼,1255,2026-12-03T21:55:00,11000,completed,False
order_R1255_0_카라멜마끼아또,1255,2026-03-06T00:57:00,5500,completed,False
order_R1255_0_녹차라떼,1255,2026-03-23T10:24:00,5500,completed,False
order_R1255_0_캐모마일티,1255,2026-08-06T05:07:00,16500,completed,False
order_R1256_0_아메리카노_hot,1256,2026-08-25T23:02:00,5500,completed,False
order_R1256_0_아메리카노_ice,1256,2026-10-03T01:36:00,5500,completed,False
order_R1256_0_레몬에이드,1256,2026-06-27T23:02:00,5500,completed,False
order_R1256_0_자몽에이드,1256,2026-06-08T12:58:00,11000,completed,False
order_R1257_0_아메리카노_hot,1257,2026-10-03T08:13:00,5500,completed,False
order_R1257_0_아메리카노_ice,1257,2026-10-16T06:08:00,11000,completed,False
order_R1257_0_프라푸치노,1257,2026-06-28T15:16:00,5500,completed,False
order_R1257_0_말차프라페,1257,2026-12-31T23:07:00,5500,completed,False
order_R1258_0_아메리카노_hot,1258,2026-04-28T06:58:00,5500,completed,False
order_R1258_0_아메리카노_ice,1258,2026-04-11T22:11:00,11000,completed,False
order_R1258_0_딸기스무디,1258,2026-11-26T19:21:00,5500,completed,False
order_R1258_0_망고스무디,1258,2026-10-16T14:58:00,11000,completed,False
order_R1259_0_아메리카노_hot,1259,2026-01-29T07:48:00,5500,completed,False
order_R1259_0_아메리카노_ice,1259,2026-01-10T12:23:00,5500,completed,False
order_R1259_0_카페라떼_hot,1259,2026-04-14T02:38:00,16500,completed,False
order_R1259_0_카페라떼_ice,1259,2026-04-25T12:58:00,5500,completed,False
order_R1259_0_카푸치노,1259,2026-03-31T01:44:00,5500,completed,False
order_R1259_0_콜드브루,1259,2026-05-02T17:37:00,5500,completed,False
order_R1259_0_프라푸치노,1259,2026-08-04T06:26:00,5500,completed,False
order_R1259_0_말차프라페,1259,2026-02-22T12:06:00,5500,completed,False
order_R1260_0_아메리카노_hot,1260,2026-12-10T21:26:00,11000,completed,False
order_R1260_0_아메리카노_ice,1260,2026-08-11T15:01:00,5500,completed,False
order_R1260_0_복숭아아이스티,1260,2026-01-01T09:38:00,11000,completed,False
order_R1260_0_자몽허니블랙티,1260,2026-10-09T22:32:00,5500,completed,False
order_R1260_0_딸기스무디,1260,2026-01-05T08:26:00,11000,completed,False
order_R1260_0_망고스무디,1260,2026-07-14T06:52:00,5500,completed,False
order_R1261_0_카페라떼_hot,1261,2026-02-14T13:31:00,5500,completed,False
order_R1261_0_카페라떼_ice,1261,2026-08-07T05:38:00,5500,completed,False
order_R1261_0_바닐라라떼,1261,2026-04-23T20:00:00,11000,completed,False
order_R1261_0_카라멜마끼아또,1261,2026-04-07T23:12:00,11000,completed,False
order_R1261_0_레몬에이드,1261,2026-10-27T23:05:00,5500,completed,False
order_R1261_0_자몽에이드,1261,2026-11-07T20:03:00,11000,completed,False
order_R1262_0_에스프레소,1262,2026-06-17T00:17:00,5500,completed,False
order_R1262_0_아메리카노_hot,1262,2026-11-18T15:33:00,16500,completed,False
order_R1262_0_아메리카노_ice,1262,2026-01-31T13:53:00,5500,completed,False
order_R1262_0_카페라떼_hot,1262,2026-09-20T13:56:00,5500,completed,False
order_R1262_0_카페라떼_ice,1262,2026-02-09T11:53:00,5500,completed,False
order_R1262_0_바닐라라떼,1262,2026-10-06T10:01:00,16500,completed,False
order_R1262_0_카라멜마끼아또,1262,2026-10-20T18:57:00,11000,completed,False
order_R1262_0_녹차라떼,1262,2026-03-18T00:53:00,5500,completed,False
order_R1262_0_캐모마일티,1262,2026-12-24T17:24:00,11000,completed,False
order_R1262_0_딸기스무디,1262,2026-04-19T21:48:00,16500,completed,False
order_R1262_0_망고스무디,1262,2026-08-07T23:11:00,11000,completed,False
order_R1263_0_에스프레소,1263,2026-04-15T09:58:00,5500,completed,False
order_R1263_1_에스프레소,1263,2026-02-15T18:05:00,5500,completed,False
order_R1263_2_에스프레소,1263,2026-08-09T01:50:00,16500,completed,False
order_R1263_3_에스프레소,1263,2026-01-26T18:07:00,11000,completed,False
order_R1264_0_아메리카노_hot,1264,2026-07-13T21:59:00,5500,completed,False
order_R1264_0_아메리카노_ice,1264,2026-06-22T15:32:00,5500,completed,False
order_R1264_0_바닐라라떼,1264,2026-06-21T09:39:00,5500,completed,False
order_R1264_0_카라멜마끼아또,1264,2026-04-06T12:42:00,5500,completed,False
order_R1265_0_아메리카노_hot,1265,2026-10-18T09:07:00,16500,completed,False
order_R1265_0_아메리카노_ice,1265,2026-06-24T14:50:00,5500,completed,False
order_R1265_0_콜드브루,1265,2026-02-22T11:26:00,5500,completed,False
order_R1265_0_드립커피,1265,2026-04-06T14:13:00,5500,completed,False
order_R1265_0_바닐라라떼,1265,2026-09-08T11:04:00,5500,completed,False
order_R1265_0_카라멜마끼아또,1265,2026-01-27T19:21:00,5500,completed,False
order_R1265_0_프라푸치노,1265,2026-11-28T16:17:00,5500,completed,False
order_R1265_0_말차프라페,1265,2026-09-17T11:51:00,16500,completed,False
order_R1265_0_녹차라떼,1265,2026-02-07T16:36:00,5500,completed,False
order_R1265_0_캐모마일티,1265,2026-02-01T00:58:00,5500,completed,False
order_R1265_0_복숭아아이스티,1265,2026-10-17T10:43:00,11000,completed,False
order_R1265_0_자몽허니블랙티,1265,2026-06-20T16:52:00,11000,completed,False
order_R1266_0_아메리카노_hot,1266,2026-06-25T20:27:00,11000,completed,False
order_R1266_0_아메리카노_ice,1266,2026-04-26T03:07:00,5500,completed,False
order_R1266_0_카페라떼_hot,1266,2026-08-05T18:52:00,11000,completed,False
order_R1266_0_카페라떼_ice,1266,2026-08-09T07:42:00,11000,completed,False
order_R1266_0_콜드브루,1266,2026-04-09T04:16:00,5500,completed,False
order_R1266_0_바닐라라떼,1266,2026-10-21T08:55:00,5500,completed,False
order_R1266_0_카라멜마끼아또,1266,2026-05-13T03:48:00,11000,completed,False
order_R1266_0_복숭아아이스티,1266,2026-09-18T11:58:00,5500,completed,False
order_R1266_0_자몽허니블랙티,1266,2026-09-25T09:28:00,5500,completed,False
order_R1266_0_레몬에이드,1266,2026-12-05T14:03:00,5500,completed,False
order_R1266_0_자몽에이드,1266,2026-04-12T16:09:00,5500,completed,False
order_R1266_0_딸기스무디,1266,2026-06-29T15:20:00,11000,completed,False
order_R1266_0_망고스무디,1266,2026-03-03T20:43:00,5500,completed,False
order_R1267_0_아메리카노_hot,1267,2026-12-31T10:37:00,5500,completed,False
order_R1267_0_아메리카노_ice,1267,2026-12-07T11:01:00,11000,completed,False
order_R1267_0_복숭아아이스티,1267,2026-08-17T02:07:00,11000,completed,False
order_R1267_0_자몽허니블랙티,1267,2026-10-02T13:12:00,11000,completed,False
order_R1268_0_아메리카노_hot,1268,2026-10-01T23:14:00,5500,completed,False
order_R1268_0_아메리카노_ice,1268,2026-04-29T06:48:00,11000,completed,False
order_R1268_0_바닐라라떼,1268,2026-11-23T14:24:00,5500,completed,False
order_R1268_0_카라멜마끼아또,1268,2026-12-05T19:03:00,5500,completed,False
order_R1268_0_녹차라떼,1268,2026-09-23T15:42:00,11000,completed,False
order_R1268_0_캐모마일티,1268,2026-02-16T14:17:00,5500,completed,False
order_R1268_0_복숭아아이스티,1268,2026-06-28T19:28:00,11000,completed,False
order_R1268_0_자몽허니블랙티,1268,2026-03-14T11:41:00,5500,completed,False
order_R1269_0_아메리카노_hot,1269,2026-01-06T08:59:00,5500,completed,False
order_R1269_0_아메리카노_ice,1269,2026-08-23T12:54:00,5500,completed,False
order_R1269_0_카페라떼_hot,1269,2026-11-26T14:49:00,5500,completed,False
order_R1269_0_카페라떼_ice,1269,2026-04-16T15:53:00,11000,completed,False
order_R1269_0_콜드브루,1269,2026-09-24T23:55:00,5500,completed,False
order_R1270_0_아메리카노_hot,1270,2026-06-24T12:16:00,5500,completed,False
order_R1270_0_아메리카노_ice,1270,2026-01-07T08:15:00,5500,completed,False
order_R1271_0_아메리카노_hot,1271,2026-02-02T13:29:00,5500,completed,False
order_R1271_0_아메리카노_ice,1271,2026-01-06T04:08:00,5500,completed,False
order_R1271_0_카페라떼_hot,1271,2026-10-28T19:52:00,5500,completed,False
order_R1271_0_카페라떼_ice,1271,2026-09-16T10:54:00,16500,completed,False
order_R1271_0_콜드브루라떼,1271,2026-11-25T16:14:00,11000,completed,False
order_R1271_0_바닐라라떼,1271,2026-03-24T13:33:00,5500,completed,False
order_R1271_0_카라멜마끼아또,1271,2026-12-23T11:29:00,11000,completed,False
order_R1271_0_레몬에이드,1271,2026-05-27T09:32:00,16500,completed,False
order_R1271_0_자몽에이드,1271,2026-03-18T22:48:00,5500,completed,False
order_R1272_0_아메리카노_hot,1272,2026-06-05T18:42:00,5500,completed,False
order_R1272_0_아메리카노_ice,1272,2026-01-11T16:28:00,5500,completed,False
order_R1272_0_콜드브루라떼,1272,2026-01-08T02:51:00,5500,completed,False
order_R1272_0_복숭아아이스티,1272,2026-10-21T09:43:00,5500,completed,False
order_R1272_0_자몽허니블랙티,1272,2026-02-15T11:55:00,11000,completed,False
order_R1273_0_아메리카노_hot,1273,2026-01-28T22:30:00,5500,completed,False
order_R1273_0_아메리카노_ice,1273,2026-07-24T02:36:00,5500,completed,False
order_R1273_0_카페라떼_hot,1273,2026-04-26T10:01:00,11000,completed,False
order_R1273_0_카페라떼_ice,1273,2026-10-10T08:28:00,11000,completed,False
order_R1273_0_바닐라라떼,1273,2026-03-11T14:24:00,5500,completed,False
order_R1273_0_카라멜마끼아또,1273,2026-08-27T12:10:00,5500,completed,False
order_R1273_0_복숭아아이스티,1273,2026-11-14T06:21:00,5500,completed,False
order_R1273_0_자몽허니블랙티,1273,2026-06-14T16:44:00,5500,completed,False
order_R1273_0_딸기스무디,1273,2026-07-02T19:09:00,11000,completed,False
order_R1273_0_망고스무디,1273,2026-03-25T20:12:00,11000,completed,False
order_R1274_0_에스프레소,1274,2026-08-28T19:53:00,11000,completed,False
order_R1274_0_아메리카노_hot,1274,2026-01-08T16:00:00,5500,completed,False
order_R1274_0_아메리카노_ice,1274,2026-04-08T09:47:00,5500,completed,False
order_R1275_0_아메리카노_hot,1275,2026-01-31T20:46:00,5500,completed,False
order_R1275_0_아메리카노_ice,1275,2026-04-13T23:03:00,5500,completed,False
order_R1275_0_카페라떼_hot,1275,2026-07-06T02:48:00,5500,completed,False
order_R1275_0_카페라떼_ice,1275,2026-06-17T11:10:00,5500,completed,False
order_R1275_0_바닐라라떼,1275,2026-04-19T13:04:00,11000,completed,False
order_R1275_0_카라멜마끼아또,1275,2026-12-24T23:20:00,11000,completed,False
order_R1276_0_아메리카노_hot,1276,2026-07-29T07:40:00,5500,completed,False
order_R1276_0_아메리카노_ice,1276,2026-01-25T04:10:00,11000,completed,False
order_R1276_0_카페라떼_hot,1276,2026-03-16T15:31:00,11000,completed,False
order_R1276_0_카페라떼_ice,1276,2026-12-16T10:44:00,5500,completed,False
order_R1276_0_바닐라라떼,1276,2026-04-24T23:54:00,5500,completed,False
order_R1276_0_카라멜마끼아또,1276,2026-11-20T21:47:00,11000,completed,False
order_R1277_0_아메리카노_hot,1277,2026-09-24T07:18:00,11000,completed,False
order_R1277_0_아메리카노_ice,1277,2026-08-10T23:58:00,5500,completed,False
order_R1277_0_카페라떼_hot,1277,2026-02-16T22:26:00,11000,completed,False
order_R1277_0_카페라떼_ice,1277,2026-11-25T01:23:00,11000,completed,False
order_R1278_0_카페라떼_hot,1278,2026-06-13T10:15:00,5500,completed,False
order_R1278_0_카페라떼_ice,1278,2026-04-13T12:24:00,5500,completed,False
order_R1278_0_콜드브루,1278,2026-06-22T23:09:00,5500,completed,False
order_R1278_1_콜드브루,1278,2026-05-14T16:22:00,11000,completed,False
order_R1278_0_복숭아아이스티,1278,2026-09-22T10:20:00,5500,completed,False
order_R1278_0_자몽허니블랙티,1278,2026-04-06T20:37:00,5500,completed,False
order_R1279_0_아메리카노_hot,1279,2026-06-22T13:36:00,11000,completed,False
order_R1279_0_아메리카노_ice,1279,2026-01-29T06:11:00,5500,completed,False
order_R1279_0_바닐라라떼,1279,2026-11-21T00:30:00,11000,completed,False
order_R1279_0_카라멜마끼아또,1279,2026-05-09T11:51:00,11000,completed,False
order_R1279_0_레몬에이드,1279,2026-07-28T18:30:00,5500,completed,False
order_R1279_0_자몽에이드,1279,2026-09-02T15:44:00,5500,completed,False
order_R1280_0_아메리카노_hot,1280,2026-09-10T07:44:00,5500,completed,False
order_R1280_0_아메리카노_ice,1280,2026-11-26T06:14:00,11000,completed,False
order_R1280_0_바닐라라떼,1280,2026-11-17T11:22:00,5500,completed,False
order_R1280_0_카라멜마끼아또,1280,2026-03-02T19:42:00,11000,completed,False
order_R1281_0_아메리카노_hot,1281,2026-02-03T14:38:00,5500,completed,False
order_R1281_0_아메리카노_ice,1281,2026-01-08T07:14:00,11000,completed,False
order_R1281_0_카페라떼_hot,1281,2026-10-12T11:40:00,16500,completed,False
order_R1281_0_카페라떼_ice,1281,2026-02-09T20:03:00,5500,completed,False
order_R1281_0_드립커피,1281,2026-03-20T12:41:00,5500,completed,False
order_R1281_0_바닐라라떼,1281,2026-07-19T02:09:00,5500,completed,False
order_R1281_0_카라멜마끼아또,1281,2026-11-22T16:39:00,5500,completed,False
order_R1281_0_프라푸치노,1281,2026-02-17T21:11:00,5500,completed,False
order_R1281_0_말차프라페,1281,2026-12-17T20:40:00,5500,completed,False
order_R1281_0_딸기스무디,1281,2026-02-19T10:26:00,5500,completed,False
order_R1281_0_망고스무디,1281,2026-06-12T16:07:00,11000,completed,False
order_R1282_0_아메리카노_hot,1282,2026-08-08T17:25:00,11000,completed,False
order_R1282_0_아메리카노_ice,1282,2026-03-16T03:14:00,5500,completed,False
order_R1282_0_카페라떼_hot,1282,2026-10-26T04:40:00,5500,completed,False
order_R1282_0_카페라떼_ice,1282,2026-09-30T18:38:00,5500,completed,False
order_R1282_0_드립커피,1282,2026-08-08T13:56:00,16500,completed,False
order_R1282_0_복숭아아이스티,1282,2026-08-25T11:31:00,5500,completed,False
order_R1282_0_자몽허니블랙티,1282,2026-11-19T18:44:00,5500,completed,False
order_R1282_0_레몬에이드,1282,2026-09-23T00:10:00,5500,completed,False
order_R1282_0_자몽에이드,1282,2026-02-21T06:26:00,11000,completed,False
order_R1282_0_딸기스무디,1282,2026-11-04T10:27:00,5500,completed,False
order_R1282_0_망고스무디,1282,2026-05-05T13:05:00,5500,completed,False
order_R1283_0_아메리카노_hot,1283,2026-10-12T11:39:00,11000,completed,False
order_R1283_0_아메리카노_ice,1283,2026-07-14T16:06:00,11000,completed,False
order_R1283_0_카페라떼_hot,1283,2026-04-07T23:42:00,5500,completed,False
order_R1283_0_카페라떼_ice,1283,2026-09-04T16:16:00,11000,completed,False
order_R1283_0_프라푸치노,1283,2026-08-09T06:35:00,5500,completed,False
order_R1283_0_말차프라페,1283,2026-10-19T05:43:00,5500,completed,False
order_R1284_0_아메리카노_hot,1284,2026-01-25T05:07:00,5500,completed,False
order_R1284_0_아메리카노_ice,1284,2026-03-28T21:54:00,11000,completed,False
order_R1284_0_바닐라라떼,1284,2026-11-13T01:16:00,5500,completed,False
order_R1284_0_카라멜마끼아또,1284,2026-05-02T05:08:00,5500,completed,False
order_R1284_0_복숭아아이스티,1284,2026-06-11T11:54:00,16500,completed,False
order_R1284_0_자몽허니블랙티,1284,2026-03-10T21:10:00,5500,completed,False
order_R1285_0_아메리카노_hot,1285,2026-06-22T15:24:00,16500,completed,False
order_R1285_0_아메리카노_ice,1285,2026-01-13T13:25:00,5500,completed,False
order_R1285_0_카페라떼_hot,1285,2026-10-19T15:16:00,5500,completed,False
order_R1285_0_카페라떼_ice,1285,2026-12-17T06:26:00,5500,completed,False
order_R1285_0_프라푸치노,1285,2026-08-18T01:56:00,5500,completed,False
order_R1285_0_말차프라페,1285,2026-08-27T19:33:00,5500,completed,False
order_R1285_0_녹차라떼,1285,2026-11-24T12:07:00,16500,completed,False
order_R1285_0_캐모마일티,1285,2026-08-19T15:29:00,11000,completed,False
order_R1285_0_레몬에이드,1285,2026-12-31T11:40:00,5500,completed,False
order_R1285_0_자몽에이드,1285,2026-11-17T06:00:00,11000,completed,False
order_R1285_0_딸기스무디,1285,2026-11-24T01:33:00,5500,completed,False
order_R1285_0_망고스무디,1285,2026-03-06T06:38:00,5500,completed,False
order_R1286_0_카페라떼_hot,1286,2026-03-10T08:22:00,5500,completed,False
order_R1286_0_카페라떼_ice,1286,2026-02-18T03:08:00,11000,completed,False
order_R1286_0_바닐라라떼,1286,2026-12-23T09:01:00,5500,completed,False
order_R1286_0_카라멜마끼아또,1286,2026-01-29T13:40:00,11000,completed,False
order_R1286_0_프라푸치노,1286,2026-04-10T12:46:00,11000,completed,False
order_R1286_0_말차프라페,1286,2026-07-25T12:10:00,5500,completed,False
order_R1286_0_레몬에이드,1286,2026-12-08T05:04:00,11000,completed,False
order_R1286_0_자몽에이드,1286,2026-10-02T18:39:00,5500,completed,False
order_R1287_0_에스프레소,1287,2026-11-11T18:33:00,5500,completed,False
order_R1287_0_카페라떼_hot,1287,2026-07-14T09:11:00,5500,completed,False
order_R1287_0_카페라떼_ice,1287,2026-02-26T10:03:00,5500,completed,False
order_R1287_0_복숭아아이스티,1287,2026-12-04T17:06:00,11000,completed,False
order_R1287_0_자몽허니블랙티,1287,2026-06-11T23:52:00,5500,completed,False
order_R1288_0_아메리카노_hot,1288,2026-02-16T01:34:00,11000,completed,False
order_R1288_0_아메리카노_ice,1288,2026-08-29T20:15:00,5500,completed,False
order_R1288_0_카페라떼_hot,1288,2026-08-10T01:04:00,5500,completed,False
order_R1288_0_카페라떼_ice,1288,2026-01-09T17:07:00,5500,completed,False
order_R1288_0_콜드브루,1288,2026-07-07T14:01:00,11000,completed,False
order_R1288_0_바닐라라떼,1288,2026-12-09T18:49:00,5500,completed,False
order_R1288_0_카라멜마끼아또,1288,2026-07-26T11:51:00,5500,completed,False
order_R1289_0_아메리카노_hot,1289,2026-12-16T17:34:00,5500,completed,False
order_R1289_0_아메리카노_ice,1289,2026-09-21T08:01:00,5500,completed,False
order_R1289_0_녹차라떼,1289,2026-04-04T18:25:00,11000,completed,False
order_R1289_0_캐모마일티,1289,2026-06-18T18:30:00,5500,completed,False
order_R1289_0_복숭아아이스티,1289,2026-10-20T05:13:00,11000,completed,False
order_R1289_0_자몽허니블랙티,1289,2026-01-13T15:20:00,5500,completed,False
order_R1290_0_아메리카노_hot,1290,2026-01-28T14:04:00,11000,completed,False
order_R1290_0_아메리카노_ice,1290,2026-04-23T17:10:00,11000,completed,False
order_R1290_0_바닐라라떼,1290,2026-10-11T15:29:00,11000,completed,False
order_R1290_0_카라멜마끼아또,1290,2026-01-26T09:01:00,11000,completed,False
order_R1290_0_딸기스무디,1290,2026-12-09T08:18:00,5500,completed,False
order_R1290_0_망고스무디,1290,2026-12-21T19:20:00,5500,completed,False
order_R1291_0_아메리카노_hot,1291,2026-04-03T02:05:00,11000,completed,False
order_R1291_0_아메리카노_ice,1291,2026-01-09T02:27:00,5500,completed,False
order_R1291_0_프라푸치노,1291,2026-02-20T23:29:00,16500,completed,False
order_R1291_0_말차프라페,1291,2026-08-09T11:46:00,16500,completed,False
order_R1292_0_카페라떼_hot,1292,2026-04-11T23:29:00,16500,completed,False
order_R1292_0_카페라떼_ice,1292,2026-09-04T09:28:00,5500,completed,False
order_R1292_0_카푸치노,1292,2026-07-21T13:02:00,11000,completed,False
order_R1292_0_바닐라라떼,1292,2026-06-17T19:58:00,5500,completed,False
order_R1292_0_카라멜마끼아또,1292,2026-06-29T20:43:00,11000,completed,False
order_R1293_0_콜드브루,1293,2026-01-24T12:24:00,5500,completed,False
order_R1293_1_콜드브루,1293,2026-06-13T15:32:00,11000,completed,False
order_R1293_2_콜드브루,1293,2026-05-20T13:17:00,11000,completed,False
order_R1293_0_드립커피,1293,2026-04-06T01:49:00,5500,completed,False
order_R1293_0_레몬에이드,1293,2026-12-27T03:41:00,5500,completed,False
order_R1293_0_자몽에이드,1293,2026-03-24T13:04:00,16500,completed,False
order_R1294_0_아메리카노_hot,1294,2026-09-30T20:08:00,5500,completed,False
order_R1294_0_아메리카노_ice,1294,2026-05-20T20:47:00,5500,completed,False
order_R1294_0_카페라떼_hot,1294,2026-09-05T03:48:00,5500,completed,False
order_R1294_0_카페라떼_ice,1294,2026-07-09T21:45:00,11000,completed,False
order_R1294_0_레몬에이드,1294,2026-05-06T10:54:00,5500,completed,False
order_R1294_0_자몽에이드,1294,2026-02-17T18:46:00,5500,completed,False
order_R1295_0_아메리카노_hot,1295,2026-07-25T14:29:00,5500,completed,False
order_R1295_0_아메리카노_ice,1295,2026-07-19T19:09:00,11000,completed,False
order_R1295_0_바닐라라떼,1295,2026-07-15T12:34:00,11000,completed,False
order_R1295_0_카라멜마끼아또,1295,2026-07-01T19:34:00,5500,completed,False
order_R1295_0_프라푸치노,1295,2026-05-22T10:15:00,11000,completed,False
order_R1295_0_말차프라페,1295,2026-04-10T11:44:00,11000,completed,False
order_R1296_0_아메리카노_hot,1296,2026-09-06T08:40:00,11000,completed,False
order_R1296_0_아메리카노_ice,1296,2026-05-28T06:24:00,5500,completed,False
order_R1296_0_바닐라라떼,1296,2026-06-20T14:08:00,16500,completed,False
order_R1296_0_카라멜마끼아또,1296,2026-06-03T08:36:00,5500,completed,False
order_R1297_0_아메리카노_hot,1297,2026-11-13T21:21:00,11000,completed,False
order_R1297_0_아메리카노_ice,1297,2026-02-13T19:41:00,11000,completed,False
order_R1297_0_콜드브루,1297,2026-07-05T12:58:00,5500,completed,False
order_R1297_0_바닐라라떼,1297,2026-06-29T07:45:00,11000,completed,False
order_R1297_0_카라멜마끼아또,1297,2026-07-15T10:29:00,5500,completed,False
order_R1297_0_프라푸치노,1297,2026-10-25T20:45:00,5500,completed,False
order_R1297_0_말차프라페,1297,2026-11-25T18:46:00,5500,completed,False
order_R1298_0_아메리카노_hot,1298,2026-01-12T17:31:00,5500,completed,False
order_R1298_0_아메리카노_ice,1298,2026-03-19T05:08:00,16500,completed,False
order_R1298_0_딸기스무디,1298,2026-05-24T21:21:00,5500,completed,False
order_R1298_0_망고스무디,1298,2026-08-16T07:16:00,5500,completed,False
order_R1299_0_에스프레소,1299,2026-08-20T22:12:00,5500,completed,False
order_R1299_0_아메리카노_hot,1299,2026-03-15T16:38:00,5500,completed,False
order_R1299_0_아메리카노_ice,1299,2026-03-17T09:10:00,5500,completed,False
order_R1299_0_카페라떼_hot,1299,2026-08-01T09:02:00,11000,completed,False
order_R1299_0_카페라떼_ice,1299,2026-11-28T17:02:00,11000,completed,False
order_R1299_0_콜드브루,1299,2026-12-20T09:56:00,11000,completed,False
order_R1299_1_콜드브루,1299,2026-10-14T16:30:00,5500,completed,False
order_R1299_0_프라푸치노,1299,2026-04-07T19:05:00,11000,completed,False
order_R1299_0_말차프라페,1299,2026-08-09T15:32:00,16500,completed,False
order_R1300_0_아메리카노_hot,1300,2026-01-12T17:20:00,5500,completed,False
order_R1300_0_아메리카노_ice,1300,2026-10-26T15:05:00,11000,completed,False
order_R1300_0_카푸치노,1300,2026-08-01T10:01:00,5500,completed,False
order_R1300_1_카푸치노,1300,2026-02-21T21:17:00,5500,completed,False
order_R1301_0_에스프레소,1301,2026-10-21T04:03:00,5500,completed,False
order_R1301_0_콜드브루,1301,2026-12-27T12:58:00,11000,completed,False
order_R1301_1_콜드브루,1301,2026-10-27T18:31:00,5500,completed,False
order_R1301_0_레몬에이드,1301,2026-04-25T23:12:00,11000,completed,False
order_R1301_0_자몽에이드,1301,2026-07-13T12:10:00,11000,completed,False
order_R1302_0_카페라떼_hot,1302,2026-07-27T21:58:00,11000,completed,False
order_R1302_0_카페라떼_ice,1302,2026-08-07T14:12:00,5500,completed,False
order_R1302_0_바닐라라떼,1302,2026-04-11T08:18:00,11000,completed,False
order_R1302_0_카라멜마끼아또,1302,2026-10-25T08:03:00,5500,completed,False
order_R1302_0_프라푸치노,1302,2026-02-17T04:21:00,16500,completed,False
order_R1302_0_말차프라페,1302,2026-04-06T20:07:00,5500,completed,False
order_R1302_0_복숭아아이스티,1302,2026-10-09T06:59:00,11000,completed,False
order_R1302_0_자몽허니블랙티,1302,2026-09-18T10:42:00,11000,completed,False
order_R1303_0_카푸치노,1303,2026-03-26T08:31:00,11000,completed,False
order_R1303_1_카푸치노,1303,2026-10-14T12:53:00,5500,completed,False
order_R1303_0_바닐라라떼,1303,2026-01-13T08:43:00,16500,completed,False
order_R1303_0_카라멜마끼아또,1303,2026-09-07T20:08:00,11000,completed,False
order_R1303_0_레몬에이드,1303,2026-01-30T21:33:00,11000,completed,False
order_R1303_0_자몽에이드,1303,2026-03-17T05:44:00,5500,completed,False
order_R1304_0_아메리카노_hot,1304,2026-12-25T14:44:00,5500,completed,False
order_R1304_0_아메리카노_ice,1304,2026-01-07T00:15:00,5500,completed,False
order_R1305_0_아메리카노_hot,1305,2026-08-19T12:14:00,5500,completed,False
order_R1305_0_아메리카노_ice,1305,2026-09-15T03:49:00,5500,completed,False
order_R1305_0_레몬에이드,1305,2026-09-22T08:31:00,16500,completed,False
order_R1305_0_자몽에이드,1305,2026-10-04T15:07:00,16500,completed,False
order_R1306_0_아메리카노_hot,1306,2026-05-26T23:41:00,5500,completed,False
order_R1306_0_아메리카노_ice,1306,2026-08-03T20:57:00,5500,completed,False
order_R1306_0_콜드브루라떼,1306,2026-11-09T22:30:00,5500,completed,False
order_R1306_0_딸기스무디,1306,2026-04-23T03:07:00,5500,completed,False
order_R1306_0_망고스무디,1306,2026-11-17T19:44:00,16500,completed,False
order_R1307_0_아메리카노_hot,1307,2026-01-01T03:27:00,5500,completed,False
order_R1307_0_아메리카노_ice,1307,2026-05-13T02:57:00,5500,completed,False
order_R1307_0_콜드브루,1307,2026-09-25T23:46:00,5500,completed,False
order_R1307_1_콜드브루,1307,2026-04-08T03:05:00,5500,completed,False
order_R1307_0_바닐라라떼,1307,2026-01-23T15:11:00,11000,completed,False
order_R1307_0_카라멜마끼아또,1307,2026-10-23T12:47:00,11000,completed,False
order_R1307_0_녹차라떼,1307,2026-10-09T10:39:00,5500,completed,False
order_R1307_0_캐모마일티,1307,2026-02-08T01:39:00,5500,completed,False
order_R1307_0_레몬에이드,1307,2026-08-06T12:14:00,5500,completed,False
order_R1307_0_자몽에이드,1307,2026-03-27T19:44:00,5500,completed,False
order_R1308_0_아메리카노_hot,1308,2026-09-02T11:00:00,5500,completed,False
order_R1308_0_아메리카노_ice,1308,2026-04-10T22:01:00,11000,completed,False
order_R1308_0_카페라떼_hot,1308,2026-09-14T10:15:00,5500,completed,False
order_R1308_0_카페라떼_ice,1308,2026-07-04T09:58:00,5500,completed,False
order_R1308_0_프라푸치노,1308,2026-02-04T13:41:00,5500,completed,False
order_R1308_0_말차프라페,1308,2026-09-24T09:35:00,5500,completed,False
order_R1308_0_복숭아아이스티,1308,2026-07-27T16:25:00,5500,completed,False
order_R1308_0_자몽허니블랙티,1308,2026-11-10T13:50:00,11000,completed,False
order_R1308_0_레몬에이드,1308,2026-02-02T07:42:00,5500,completed,False
order_R1308_0_자몽에이드,1308,2026-07-06T22:02:00,5500,completed,False
order_R1309_0_레몬에이드,1309,2026-06-14T08:14:00,5500,completed,False
order_R1309_0_자몽에이드,1309,2026-01-27T09:24:00,5500,completed,False
order_R1310_0_에스프레소,1310,2026-11-07T13:30:00,5500,completed,False
order_R1310_0_아메리카노_hot,1310,2026-11-01T22:40:00,11000,completed,False
order_R1310_0_아메리카노_ice,1310,2026-04-18T06:56:00,5500,completed,False
order_R1310_0_카푸치노,1310,2026-01-25T16:34:00,11000,completed,False
order_R1310_1_카푸치노,1310,2026-10-04T17:31:00,11000,completed,False
order_R1310_0_콜드브루,1310,2026-04-24T15:06:00,5500,completed,False
order_R1310_0_프라푸치노,1310,2026-08-08T16:00:00,5500,completed,False
order_R1310_0_말차프라페,1310,2026-10-02T01:22:00,5500,completed,False
order_R1310_0_녹차라떼,1310,2026-01-27T11:50:00,11000,completed,False
order_R1310_0_캐모마일티,1310,2026-05-29T09:37:00,5500,completed,False
order_R1310_0_레몬에이드,1310,2026-11-22T17:45:00,5500,completed,False
order_R1310_0_자몽에이드,1310,2026-09-25T14:04:00,11000,completed,False
order_R1311_0_카페라떼_hot,1311,2026-08-18T11:28:00,16500,completed,False
order_R1311_0_카페라떼_ice,1311,2026-12-09T22:10:00,5500,completed,False
order_R1311_0_바닐라라떼,1311,2026-01-24T21:02:00,16500,completed,False
order_R1311_0_카라멜마끼아또,1311,2026-07-13T21:17:00,11000,completed,False
order_R1312_0_아메리카노_hot,1312,2026-02-05T19:40:00,11000,completed,False
order_R1312_0_아메리카노_ice,1312,2026-07-31T05:59:00,5500,completed,False
order_R1312_0_프라푸치노,1312,2026-09-05T14:47:00,5500,completed,False
order_R1312_0_말차프라페,1312,2026-04-27T11:14:00,11000,completed,False
order_R1312_0_복숭아아이스티,1312,2026-11-29T13:43:00,11000,completed,False
order_R1312_0_자몽허니블랙티,1312,2026-02-15T23:36:00,5500,completed,False
order_R1313_0_에스프레소,1313,2026-01-12T15:21:00,5500,completed,False
order_R1313_0_아메리카노_hot,1313,2026-10-11T18:50:00,5500,completed,False
order_R1313_0_아메리카노_ice,1313,2026-07-05T22:17:00,16500,completed,False
order_R1313_0_카페라떼_hot,1313,2026-08-11T12:25:00,11000,completed,False
order_R1313_0_카페라떼_ice,1313,2026-02-15T06:59:00,5500,completed,False
order_R1313_0_바닐라라떼,1313,2026-01-02T22:42:00,11000,completed,False
order_R1313_0_카라멜마끼아또,1313,2026-02-20T21:41:00,5500,completed,False
order_R1314_0_카페라떼_hot,1314,2026-12-13T12:47:00,5500,completed,False
order_R1314_0_카페라떼_ice,1314,2026-03-24T23:14:00,16500,completed,False
order_R1315_0_아메리카노_hot,1315,2026-01-28T09:01:00,11000,completed,False
order_R1315_0_아메리카노_ice,1315,2026-11-01T17:05:00,5500,completed,False
order_R1315_0_카페라떼_hot,1315,2026-10-14T13:17:00,11000,completed,False
order_R1315_0_카페라떼_ice,1315,2026-10-10T23:45:00,5500,completed,False
order_R1315_0_드립커피,1315,2026-11-08T10:48:00,11000,completed,False
order_R1316_0_아메리카노_hot,1316,2026-10-04T22:42:00,5500,completed,False
order_R1316_0_아메리카노_ice,1316,2026-03-17T10:12:00,5500,completed,False
order_R1316_0_바닐라라떼,1316,2026-09-03T22:05:00,16500,completed,False
order_R1316_0_카라멜마끼아또,1316,2026-10-22T22:01:00,16500,completed,False
order_R1317_0_아메리카노_hot,1317,2026-09-05T06:46:00,5500,completed,False
order_R1317_0_아메리카노_ice,1317,2026-06-25T18:03:00,5500,completed,False
order_R1317_0_콜드브루라떼,1317,2026-11-04T23:01:00,5500,completed,False
order_R1317_0_바닐라라떼,1317,2026-12-21T13:08:00,5500,completed,False
order_R1317_0_카라멜마끼아또,1317,2026-02-06T19:42:00,5500,completed,False
order_R1317_0_레몬에이드,1317,2026-08-23T14:21:00,16500,completed,False
order_R1317_0_자몽에이드,1317,2026-08-11T13:22:00,5500,completed,False
order_R1318_0_아메리카노_hot,1318,2026-10-02T00:18:00,16500,completed,False
order_R1318_0_아메리카노_ice,1318,2026-06-26T20:50:00,11000,completed,False
order_R1318_0_카페라떼_hot,1318,2026-12-03T20:04:00,11000,completed,False
order_R1318_0_카페라떼_ice,1318,2026-10-15T20:13:00,11000,completed,False
order_R1318_0_콜드브루,1318,2026-12-13T12:11:00,5500,completed,False
order_R1318_0_바닐라라떼,1318,2026-03-25T22:33:00,11000,completed,False
order_R1318_0_카라멜마끼아또,1318,2026-09-17T21:43:00,5500,completed,False
order_R1319_0_카페라떼_hot,1319,2026-08-22T11:16:00,11000,completed,False
order_R1319_0_카페라떼_ice,1319,2026-09-11T17:03:00,5500,completed,False
order_R1319_0_복숭아아이스티,1319,2026-03-06T17:24:00,5500,completed,False
order_R1319_0_자몽허니블랙티,1319,2026-10-02T21:11:00,5500,completed,False
order_R1320_0_아메리카노_hot,1320,2026-12-08T17:54:00,5500,completed,False
order_R1320_0_아메리카노_ice,1320,2026-08-28T11:34:00,16500,completed,False
order_R1320_0_콜드브루,1320,2026-04-05T07:56:00,11000,completed,False
order_R1320_1_콜드브루,1320,2026-11-30T13:24:00,5500,completed,False
order_R1320_2_콜드브루,1320,2026-05-18T23:06:00,5500,completed,False
order_R1321_0_아메리카노_hot,1321,2026-06-19T13:33:00,5500,completed,False
order_R1321_0_아메리카노_ice,1321,2026-07-04T21:14:00,5500,completed,False
order_R1321_0_바닐라라떼,1321,2026-03-07T01:22:00,5500,completed,False
order_R1321_0_카라멜마끼아또,1321,2026-05-15T07:15:00,5500,completed,False
order_R1321_0_프라푸치노,1321,2026-07-30T17:42:00,5500,completed,False
order_R1321_0_말차프라페,1321,2026-05-20T23:19:00,5500,completed,False
order_R1322_0_아메리카노_hot,1322,2026-03-17T09:36:00,5500,completed,False
order_R1322_0_아메리카노_ice,1322,2026-06-21T21:08:00,5500,completed,False
order_R1322_0_레몬에이드,1322,2026-12-24T14:02:00,5500,completed,False
order_R1322_0_자몽에이드,1322,2026-03-09T18:04:00,11000,completed,False
order_R1323_0_아메리카노_hot,1323,2026-10-13T23:21:00,16500,completed,False
order_R1323_0_아메리카노_ice,1323,2026-01-15T11:21:00,5500,completed,False
order_R1323_0_콜드브루라떼,1323,2026-12-20T20:29:00,11000,completed,False
order_R1323_0_레몬에이드,1323,2026-08-19T21:52:00,5500,completed,False
order_R1323_0_자몽에이드,1323,2026-06-03T00:13:00,5500,completed,False
order_R1324_0_카페라떼_hot,1324,2026-04-20T13:03:00,5500,completed,False
order_R1324_0_카페라떼_ice,1324,2026-04-09T20:38:00,5500,completed,False
order_R1324_0_딸기스무디,1324,2026-11-20T13:25:00,11000,completed,False
order_R1324_0_망고스무디,1324,2026-07-13T13:47:00,5500,completed,False
order_R1325_0_카페라떼_hot,1325,2026-10-12T15:30:00,5500,completed,False
order_R1325_0_카페라떼_ice,1325,2026-03-30T06:45:00,5500,completed,False
order_R1325_0_드립커피,1325,2026-08-24T11:57:00,11000,completed,False
order_R1326_0_프라푸치노,1326,2026-05-25T08:20:00,11000,completed,False
order_R1326_0_말차프라페,1326,2026-04-19T18:55:00,5500,completed,False
order_R1326_0_딸기스무디,1326,2026-10-26T11:19:00,5500,completed,False
order_R1326_0_망고스무디,1326,2026-07-31T05:32:00,5500,completed,False
order_R1327_0_아메리카노_hot,1327,2026-10-31T23:56:00,5500,completed,False
order_R1327_0_아메리카노_ice,1327,2026-11-04T21:53:00,5500,completed,False
order_R1327_0_카페라떼_hot,1327,2026-08-06T13:55:00,5500,completed,False
order_R1327_0_카페라떼_ice,1327,2026-02-13T12:42:00,11000,completed,False
order_R1327_0_드립커피,1327,2026-07-03T16:35:00,5500,completed,False
order_R1327_0_녹차라떼,1327,2026-04-26T18:21:00,5500,completed,False
order_R1327_0_캐모마일티,1327,2026-05-05T06:21:00,5500,completed,False
order_R1327_0_복숭아아이스티,1327,2026-06-19T16:37:00,11000,completed,False
order_R1327_0_자몽허니블랙티,1327,2026-01-14T11:02:00,11000,completed,False
order_R1327_0_딸기스무디,1327,2026-06-19T18:39:00,5500,completed,False
order_R1327_0_망고스무디,1327,2026-11-09T12:11:00,11000,completed,False
order_R1328_0_녹차라떼,1328,2026-09-20T11:56:00,16500,completed,False
order_R1328_0_캐모마일티,1328,2026-03-22T07:14:00,16500,completed,False
order_R1328_0_레몬에이드,1328,2026-06-23T05:45:00,5500,completed,False
order_R1328_0_자몽에이드,1328,2026-06-04T07:45:00,11000,completed,False
order_R1329_0_아메리카노_hot,1329,2026-07-15T13:45:00,5500,completed,False
order_R1329_0_아메리카노_ice,1329,2026-07-14T01:19:00,11000,completed,False
order_R1329_0_카페라떼_hot,1329,2026-06-22T22:58:00,16500,completed,False
order_R1329_0_카페라떼_ice,1329,2026-06-17T20:07:00,11000,completed,False
order_R1329_0_콜드브루라떼,1329,2026-06-24T20:48:00,5500,completed,False
order_R1330_0_아메리카노_hot,1330,2026-08-06T07:52:00,5500,completed,False
order_R1330_0_아메리카노_ice,1330,2026-01-02T17:56:00,5500,completed,False
order_R1330_0_레몬에이드,1330,2026-01-11T06:22:00,5500,completed,False
order_R1330_0_자몽에이드,1330,2026-08-23T10:02:00,11000,completed,False
order_R1331_0_아메리카노_hot,1331,2026-01-31T20:51:00,16500,completed,False
order_R1331_0_아메리카노_ice,1331,2026-07-31T23:32:00,5500,completed,False
order_R1331_0_카페라떼_hot,1331,2026-08-21T22:45:00,5500,completed,False
order_R1331_0_카페라떼_ice,1331,2026-02-12T22:52:00,11000,completed,False
order_R1331_0_딸기스무디,1331,2026-06-07T17:59:00,5500,completed,False
order_R1331_0_망고스무디,1331,2026-02-24T13:19:00,11000,completed,False
order_R1332_0_아메리카노_hot,1332,2026-03-10T06:45:00,11000,completed,False
order_R1332_0_아메리카노_ice,1332,2026-04-10T01:55:00,5500,completed,False
order_R1332_0_카페라떼_hot,1332,2026-01-25T14:28:00,5500,completed,False
order_R1332_0_카페라떼_ice,1332,2026-06-17T20:00:00,11000,completed,False
order_R1332_0_콜드브루,1332,2026-07-14T18:45:00,5500,completed,False
order_R1332_0_콜드브루라떼,1332,2026-05-12T07:56:00,5500,completed,False
order_R1332_0_드립커피,1332,2026-10-11T11:06:00,5500,completed,False
order_R1332_0_바닐라라떼,1332,2026-06-25T09:18:00,11000,completed,False
order_R1332_0_카라멜마끼아또,1332,2026-12-25T21:52:00,5500,completed,False
order_R1332_0_녹차라떼,1332,2026-11-20T17:09:00,5500,completed,False
order_R1332_0_캐모마일티,1332,2026-09-06T20:26:00,16500,completed,False
order_R1333_0_아메리카노_hot,1333,2026-05-05T15:25:00,5500,completed,False
order_R1333_0_아메리카노_ice,1333,2026-06-25T11:54:00,5500,completed,False
order_R1333_0_카페라떼_hot,1333,2026-01-28T10:46:00,5500,completed,False
order_R1333_0_카페라떼_ice,1333,2026-05-15T22:01:00,5500,completed,False
order_R1333_0_프라푸치노,1333,2026-01-04T22:30:00,5500,completed,False
order_R1333_0_말차프라페,1333,2026-01-01T03:10:00,5500,completed,False
order_R1334_0_아메리카노_hot,1334,2026-09-02T22:45:00,11000,completed,False
order_R1334_0_아메리카노_ice,1334,2026-09-28T06:44:00,16500,completed,False
order_R1335_0_아메리카노_hot,1335,2026-04-04T04:55:00,16500,completed,False
order_R1335_0_아메리카노_ice,1335,2026-03-25T12:06:00,5500,completed,False
order_R1335_0_카푸치노,1335,2026-01-12T10:03:00,16500,completed,False
order_R1335_0_드립커피,1335,2026-11-20T15:26:00,5500,completed,False
order_R1335_0_바닐라라떼,1335,2026-08-19T09:48:00,16500,completed,False
order_R1335_0_카라멜마끼아또,1335,2026-10-13T18:17:00,5500,completed,False
order_R1336_0_아메리카노_hot,1336,2026-11-26T13:14:00,5500,completed,False
order_R1336_0_아메리카노_ice,1336,2026-10-29T15:07:00,11000,completed,False
order_R1337_0_아메리카노_hot,1337,2026-10-14T14:21:00,5500,completed,False
order_R1337_0_아메리카노_ice,1337,2026-02-05T22:51:00,16500,completed,False
order_R1337_0_복숭아아이스티,1337,2026-07-23T21:43:00,5500,completed,False
order_R1337_0_자몽허니블랙티,1337,2026-11-24T14:14:00,11000,completed,False
order_R1338_0_딸기스무디,1338,2026-06-24T09:15:00,11000,completed,False
order_R1338_0_망고스무디,1338,2026-05-05T17:29:00,5500,completed,False
order_R1339_0_아메리카노_hot,1339,2026-09-17T05:14:00,11000,completed,False
order_R1339_0_아메리카노_ice,1339,2026-07-30T11:24:00,5500,completed,False
order_R1339_0_카페라떼_hot,1339,2026-02-28T14:48:00,5500,completed,False
order_R1339_0_카페라떼_ice,1339,2026-05-26T01:59:00,16500,completed,False
order_R1339_0_콜드브루라떼,1339,2026-04-27T10:08:00,11000,completed,False
order_R1339_0_드립커피,1339,2026-09-11T19:01:00,11000,completed,False
order_R1339_0_복숭아아이스티,1339,2026-03-08T21:10:00,5500,completed,False
order_R1339_0_자몽허니블랙티,1339,2026-06-12T06:52:00,5500,completed,False
order_R1339_0_레몬에이드,1339,2026-02-15T15:36:00,5500,completed,False
order_R1339_0_자몽에이드,1339,2026-12-06T07:53:00,11000,completed,False
order_R1340_0_아메리카노_hot,1340,2026-12-25T13:51:00,5500,completed,False
order_R1340_0_아메리카노_ice,1340,2026-08-09T17:41:00,5500,completed,False
order_R1340_0_카페라떼_hot,1340,2026-05-09T07:44:00,5500,completed,False
order_R1340_0_카페라떼_ice,1340,2026-07-15T15:53:00,11000,completed,False
order_R1340_0_바닐라라떼,1340,2026-12-22T20:02:00,5500,completed,False
order_R1340_0_카라멜마끼아또,1340,2026-05-23T16:15:00,11000,completed,False
order_R1340_0_녹차라떼,1340,2026-08-08T12:06:00,16500,completed,False
order_R1340_0_캐모마일티,1340,2026-01-26T15:34:00,5500,completed,False
order_R1341_0_아메리카노_hot,1341,2026-06-06T06:50:00,11000,completed,False
order_R1341_0_아메리카노_ice,1341,2026-06-08T15:55:00,5500,completed,False
order_R1341_0_드립커피,1341,2026-09-06T02:56:00,11000,completed,False
order_R1341_0_복숭아아이스티,1341,2026-09-06T15:40:00,5500,completed,False
order_R1341_0_자몽허니블랙티,1341,2026-03-05T08:02:00,11000,completed,False
order_R1342_0_카페라떼_hot,1342,2026-07-24T12:38:00,11000,completed,False
order_R1342_0_카페라떼_ice,1342,2026-05-06T22:30:00,5500,completed,False
order_R1342_0_바닐라라떼,1342,2026-02-23T13:47:00,5500,completed,False
order_R1342_0_카라멜마끼아또,1342,2026-04-03T20:53:00,11000,completed,False
order_R1343_0_카페라떼_hot,1343,2026-10-21T11:43:00,5500,completed,False
order_R1343_0_카페라떼_ice,1343,2026-02-11T12:35:00,5500,completed,False
order_R1343_0_콜드브루라떼,1343,2026-07-04T11:22:00,16500,completed,False
order_R1343_0_바닐라라떼,1343,2026-12-14T06:09:00,5500,completed,False
order_R1343_0_카라멜마끼아또,1343,2026-11-17T11:37:00,11000,completed,False
order_R1343_0_프라푸치노,1343,2026-08-17T19:37:00,5500,completed,False
order_R1343_0_말차프라페,1343,2026-05-19T04:57:00,5500,completed,False
order_R1343_0_레몬에이드,1343,2026-07-28T11:48:00,5500,completed,False
order_R1343_0_자몽에이드,1343,2026-12-17T19:05:00,5500,completed,False
order_R1344_0_아메리카노_hot,1344,2026-04-24T17:21:00,5500,completed,False
order_R1344_0_아메리카노_ice,1344,2026-03-05T12:58:00,5500,completed,False
order_R1344_0_콜드브루,1344,2026-09-03T00:39:00,11000,completed,False
order_R1344_1_콜드브루,1344,2026-02-18T14:54:00,11000,completed,False
order_R1344_0_바닐라라떼,1344,2026-07-19T13:39:00,5500,completed,False
order_R1344_0_카라멜마끼아또,1344,2026-10-16T11:17:00,11000,completed,False
order_R1345_0_아메리카노_hot,1345,2026-12-18T15:36:00,11000,completed,False
order_R1345_0_아메리카노_ice,1345,2026-10-03T19:02:00,5500,completed,False
order_R1346_0_아메리카노_hot,1346,2026-09-10T13:48:00,16500,completed,False
order_R1346_0_아메리카노_ice,1346,2026-12-17T18:58:00,5500,completed,False
order_R1346_0_카페라떼_hot,1346,2026-03-08T22:57:00,11000,completed,False
order_R1346_0_카페라떼_ice,1346,2026-07-10T05:55:00,11000,completed,False
order_R1346_0_복숭아아이스티,1346,2026-02-27T20:55:00,5500,completed,False
order_R1346_0_자몽허니블랙티,1346,2026-05-30T20:34:00,11000,completed,False
order_R1346_0_레몬에이드,1346,2026-02-24T14:25:00,5500,completed,False
order_R1346_0_자몽에이드,1346,2026-09-15T16:42:00,5500,completed,False
order_R1346_0_딸기스무디,1346,2026-01-01T15:14:00,11000,completed,False
order_R1346_0_망고스무디,1346,2026-11-29T11:52:00,5500,completed,False
order_R1347_0_카페라떼_hot,1347,2026-05-31T18:43:00,5500,completed,False
order_R1347_0_카페라떼_ice,1347,2026-05-30T08:01:00,5500,completed,False
order_R1347_0_콜드브루,1347,2026-11-08T14:22:00,5500,completed,False
order_R1347_1_콜드브루,1347,2026-01-12T22:24:00,5500,completed,False
order_R1347_2_콜드브루,1347,2026-05-03T10:35:00,11000,completed,False
order_R1347_0_딸기스무디,1347,2026-09-10T20:33:00,5500,completed,False
order_R1347_0_망고스무디,1347,2026-03-26T15:57:00,5500,completed,False
order_R1348_0_아메리카노_hot,1348,2026-04-22T16:16:00,5500,completed,False
order_R1348_0_아메리카노_ice,1348,2026-08-03T10:31:00,5500,completed,False
order_R1348_0_딸기스무디,1348,2026-09-11T18:17:00,11000,completed,False
order_R1348_0_망고스무디,1348,2026-02-08T14:38:00,5500,completed,False
order_R1349_0_아메리카노_hot,1349,2026-01-23T10:53:00,5500,completed,False
order_R1349_0_아메리카노_ice,1349,2026-11-11T07:14:00,11000,completed,False
order_R1349_0_카페라떼_hot,1349,2026-01-19T02:15:00,5500,completed,False
order_R1349_0_카페라떼_ice,1349,2026-07-15T17:30:00,5500,completed,False
order_R1349_0_바닐라라떼,1349,2026-12-17T17:52:00,5500,completed,False
order_R1349_0_카라멜마끼아또,1349,2026-01-27T22:48:00,5500,completed,False
order_R1349_0_녹차라떼,1349,2026-03-04T12:58:00,5500,completed,False
order_R1349_0_캐모마일티,1349,2026-12-27T12:12:00,11000,completed,False
order_R1349_0_레몬에이드,1349,2026-08-28T15:20:00,11000,completed,False
order_R1349_0_자몽에이드,1349,2026-02-14T13:22:00,5500,completed,False
order_R1350_0_아메리카노_hot,1350,2026-01-28T20:21:00,11000,completed,False
order_R1350_0_아메리카노_ice,1350,2026-06-18T13:06:00,5500,completed,False
order_R1351_0_아메리카노_hot,1351,2026-12-10T13:04:00,5500,completed,False
order_R1351_0_아메리카노_ice,1351,2026-02-13T13:20:00,11000,completed,False
order_R1351_0_카페라떼_hot,1351,2026-11-20T04:24:00,5500,completed,False
order_R1351_0_카페라떼_ice,1351,2026-06-24T15:07:00,5500,completed,False
order_R1351_0_카푸치노,1351,2026-09-20T23:17:00,11000,completed,False
order_R1351_1_카푸치노,1351,2026-04-18T16:24:00,5500,completed,False
order_R1351_2_카푸치노,1351,2026-02-07T09:17:00,11000,completed,False
order_R1351_3_카푸치노,1351,2026-06-28T09:29:00,5500,completed,False
order_R1351_0_딸기스무디,1351,2026-10-31T17:27:00,5500,completed,False
order_R1351_0_망고스무디,1351,2026-06-07T17:00:00,11000,completed,False
order_R1352_0_아메리카노_hot,1352,2026-11-22T04:35:00,5500,completed,False
order_R1352_0_아메리카노_ice,1352,2026-01-20T17:45:00,11000,completed,False
order_R1352_0_바닐라라떼,1352,2026-12-24T08:34:00,5500,completed,False
order_R1352_0_카라멜마끼아또,1352,2026-03-24T01:14:00,5500,completed,False
order_R1352_0_레몬에이드,1352,2026-09-03T07:41:00,5500,completed,False
order_R1352_0_자몽에이드,1352,2026-12-18T06:55:00,5500,completed,False
order_R1353_0_복숭아아이스티,1353,2026-05-10T21:33:00,16500,completed,False
order_R1353_0_자몽허니블랙티,1353,2026-05-31T03:30:00,5500,completed,False
order_R1354_0_에스프레소,1354,2026-11-11T11:06:00,11000,completed,False
order_R1354_1_에스프레소,1354,2026-10-30T21:30:00,5500,completed,False
order_R1354_2_에스프레소,1354,2026-08-25T17:51:00,11000,completed,False
order_R1354_3_에스프레소,1354,2026-11-07T07:33:00,5500,completed,False
order_R1354_4_에스프레소,1354,2026-11-13T22:18:00,11000,completed,False
order_R1354_0_카푸치노,1354,2026-09-12T17:23:00,5500,completed,False
order_R1354_1_카푸치노,1354,2026-09-12T18:25:00,5500,completed,False
order_R1355_0_아메리카노_hot,1355,2026-08-10T11:11:00,5500,completed,False
order_R1355_0_아메리카노_ice,1355,2026-09-10T22:21:00,5500,completed,False
order_R1355_0_바닐라라떼,1355,2026-10-26T18:47:00,11000,completed,False
order_R1355_0_카라멜마끼아또,1355,2026-12-15T18:57:00,16500,completed,False
order_R1355_0_레몬에이드,1355,2026-10-08T02:43:00,5500,completed,False
order_R1355_0_자몽에이드,1355,2026-05-05T17:08:00,5500,completed,False
order_R1356_0_아메리카노_hot,1356,2026-02-27T18:25:00,11000,completed,False
order_R1356_0_아메리카노_ice,1356,2026-11-10T16:44:00,5500,completed,False
order_R1356_0_카페라떼_hot,1356,2026-10-12T22:17:00,11000,completed,False
order_R1356_0_카페라떼_ice,1356,2026-06-03T22:16:00,11000,completed,False
order_R1356_0_프라푸치노,1356,2026-06-11T06:18:00,5500,completed,False
order_R1356_0_말차프라페,1356,2026-02-23T17:26:00,11000,completed,False
order_R1356_0_녹차라떼,1356,2026-10-13T19:52:00,5500,completed,False
order_R1356_0_캐모마일티,1356,2026-05-12T14:20:00,16500,completed,False
order_R1356_0_복숭아아이스티,1356,2026-08-06T10:22:00,5500,completed,False
order_R1356_0_자몽허니블랙티,1356,2026-05-09T22:27:00,16500,completed,False
order_R1356_0_레몬에이드,1356,2026-01-09T05:24:00,11000,completed,False
order_R1356_0_자몽에이드,1356,2026-04-02T15:01:00,5500,completed,False
order_R1357_0_아메리카노_hot,1357,2026-06-03T11:08:00,5500,completed,False
order_R1357_0_아메리카노_ice,1357,2026-10-19T13:34:00,5500,completed,False
order_R1357_0_콜드브루라떼,1357,2026-11-13T13:40:00,16500,completed,False
order_R1357_1_콜드브루라떼,1357,2026-08-26T21:13:00,11000,completed,False
order_R1358_0_바닐라라떼,1358,2026-08-16T21:20:00,5500,completed,False
order_R1358_0_카라멜마끼아또,1358,2026-12-30T23:12:00,5500,completed,False
order_R1358_0_녹차라떼,1358,2026-01-12T22:15:00,5500,completed,False
order_R1358_0_캐모마일티,1358,2026-12-21T06:26:00,5500,completed,False
order_R1358_0_레몬에이드,1358,2026-05-29T21:10:00,5500,completed,False
order_R1358_0_자몽에이드,1358,2026-09-15T11:48:00,5500,completed,False
order_R1359_0_카페라떼_hot,1359,2026-09-30T04:26:00,5500,completed,False
order_R1359_0_카페라떼_ice,1359,2026-05-22T17:43:00,16500,completed,False
order_R1359_0_바닐라라떼,1359,2026-07-16T02:14:00,5500,completed,False
order_R1359_0_카라멜마끼아또,1359,2026-12-19T12:04:00,5500,completed,False
order_R1360_0_아메리카노_hot,1360,2026-01-07T05:48:00,11000,completed,False
order_R1360_0_아메리카노_ice,1360,2026-01-30T21:11:00,5500,completed,False
order_R1360_0_카페라떼_hot,1360,2026-07-22T21:36:00,5500,completed,False
order_R1360_0_카페라떼_ice,1360,2026-05-03T06:01:00,11000,completed,False
order_R1360_0_바닐라라떼,1360,2026-10-29T12:56:00,5500,completed,False
order_R1360_0_카라멜마끼아또,1360,2026-01-22T21:21:00,5500,completed,False
order_R1360_0_레몬에이드,1360,2026-08-20T14:00:00,5500,completed,False
order_R1360_0_자몽에이드,1360,2026-07-09T06:43:00,16500,completed,False
order_R1361_0_아메리카노_hot,1361,2026-01-15T13:53:00,11000,completed,False
order_R1361_0_아메리카노_ice,1361,2026-10-19T12:07:00,16500,completed,False
order_R1361_0_드립커피,1361,2026-11-13T23:17:00,11000,completed,False
order_R1362_0_아메리카노_hot,1362,2026-04-08T17:18:00,5500,completed,False
order_R1362_0_아메리카노_ice,1362,2026-06-09T07:37:00,5500,completed,False
order_R1362_0_레몬에이드,1362,2026-01-17T12:52:00,5500,completed,False
order_R1362_0_자몽에이드,1362,2026-02-19T01:06:00,5500,completed,False
order_R1363_0_레몬에이드,1363,2026-05-31T00:48:00,5500,completed,False
order_R1363_0_자몽에이드,1363,2026-06-04T14:22:00,5500,completed,False
order_R1364_0_아메리카노_hot,1364,2026-01-26T01:47:00,5500,completed,False
order_R1364_0_아메리카노_ice,1364,2026-04-09T13:53:00,11000,completed,False
order_R1365_0_에스프레소,1365,2026-01-18T17:25:00,5500,completed,False
order_R1365_1_에스프레소,1365,2026-07-24T10:14:00,11000,completed,False
order_R1365_0_아메리카노_hot,1365,2026-10-02T17:14:00,5500,completed,False
order_R1365_0_아메리카노_ice,1365,2026-06-03T23:07:00,5500,completed,False
order_R1365_0_바닐라라떼,1365,2026-07-01T19:26:00,5500,completed,False
order_R1365_0_카라멜마끼아또,1365,2026-05-14T10:04:00,5500,completed,False
order_R1366_0_아메리카노_hot,1366,2026-09-18T09:45:00,5500,completed,False
order_R1366_0_아메리카노_ice,1366,2026-07-26T20:03:00,5500,completed,False
order_R1367_0_아메리카노_hot,1367,2026-01-06T13:54:00,5500,completed,False
order_R1367_0_아메리카노_ice,1367,2026-03-18T17:43:00,11000,completed,False
order_R1367_0_콜드브루,1367,2026-01-12T15:26:00,5500,completed,False
order_R1367_1_콜드브루,1367,2026-02-14T04:15:00,11000,completed,False
order_R1367_0_바닐라라떼,1367,2026-04-19T23:44:00,5500,completed,False
order_R1367_0_카라멜마끼아또,1367,2026-07-24T09:42:00,5500,completed,False
order_R1367_0_녹차라떼,1367,2026-04-10T21:44:00,5500,completed,False
order_R1367_0_캐모마일티,1367,2026-06-28T10:12:00,5500,completed,False
order_R1367_0_레몬에이드,1367,2026-09-19T10:08:00,5500,completed,False
order_R1367_0_자몽에이드,1367,2026-01-24T13:41:00,5500,completed,False
order_R1368_0_녹차라떼,1368,2026-12-14T15:04:00,11000,completed,False
order_R1368_0_캐모마일티,1368,2026-02-24T22:32:00,5500,completed,False
order_R1368_0_레몬에이드,1368,2026-06-02T16:11:00,16500,completed,False
order_R1368_0_자몽에이드,1368,2026-12-03T21:17:00,11000,completed,False
order_R1368_0_딸기스무디,1368,2026-01-07T12:23:00,16500,completed,False
order_R1368_0_망고스무디,1368,2026-07-29T20:34:00,5500,completed,False
order_R1369_0_아메리카노_hot,1369,2026-06-05T20:42:00,5500,completed,False
order_R1369_0_아메리카노_ice,1369,2026-07-28T23:22:00,16500,completed,False
order_R1369_0_카페라떼_hot,1369,2026-10-27T16:56:00,5500,completed,False
order_R1369_0_카페라떼_ice,1369,2026-09-29T22:04:00,5500,completed,False
order_R1369_0_콜드브루라떼,1369,2026-05-18T13:27:00,5500,completed,False
order_R1370_0_에스프레소,1370,2026-04-17T17:16:00,5500,completed,False
order_R1370_1_에스프레소,1370,2026-04-28T03:35:00,5500,completed,False
order_R1370_0_콜드브루,1370,2026-05-24T08:42:00,5500,completed,False
order_R1370_1_콜드브루,1370,2026-01-30T15:03:00,16500,completed,False
order_R1370_2_콜드브루,1370,2026-02-23T19:18:00,11000,completed,False
order_R1370_3_콜드브루,1370,2026-01-23T16:37:00,11000,completed,False
order_R1372_0_아메리카노_hot,1372,2026-06-01T23:37:00,11000,completed,False
order_R1372_0_아메리카노_ice,1372,2026-07-17T11:22:00,16500,completed,False
order_R1373_0_아메리카노_hot,1373,2026-04-06T21:29:00,5500,completed,False
order_R1373_0_아메리카노_ice,1373,2026-05-08T22:11:00,5500,completed,False
order_R1373_0_레몬에이드,1373,2026-04-05T15:48:00,5500,completed,False
order_R1373_0_자몽에이드,1373,2026-09-30T18:23:00,11000,completed,False
order_R1374_0_아메리카노_hot,1374,2026-10-03T14:14:00,5500,completed,False
order_R1374_0_아메리카노_ice,1374,2026-08-26T09:19:00,5500,completed,False
order_R1374_0_카페라떼_hot,1374,2026-02-24T15:10:00,5500,completed,False
order_R1374_0_카페라떼_ice,1374,2026-12-18T07:14:00,5500,completed,False
order_R1374_0_녹차라떼,1374,2026-02-12T14:01:00,11000,completed,False
order_R1374_0_캐모마일티,1374,2026-02-01T20:36:00,5500,completed,False
order_R1375_0_아메리카노_hot,1375,2026-10-12T11:49:00,5500,completed,False
order_R1375_0_아메리카노_ice,1375,2026-08-29T05:13:00,11000,completed,False
order_R1375_0_카푸치노,1375,2026-08-25T13:38:00,11000,completed,False
order_R1375_1_카푸치노,1375,2026-02-20T08:29:00,11000,completed,False
order_R1375_0_바닐라라떼,1375,2026-07-07T16:53:00,11000,completed,False
order_R1375_0_카라멜마끼아또,1375,2026-12-13T19:42:00,5500,completed,False
order_R1376_0_바닐라라떼,1376,2026-12-06T06:16:00,5500,completed,False
order_R1376_0_카라멜마끼아또,1376,2026-08-14T17:18:00,11000,completed,False
order_R1376_0_복숭아아이스티,1376,2026-11-01T17:41:00,11000,completed,False
order_R1376_0_자몽허니블랙티,1376,2026-09-04T12:16:00,11000,completed,False
order_R1377_0_아메리카노_hot,1377,2026-02-14T05:26:00,5500,completed,False
order_R1377_0_아메리카노_ice,1377,2026-12-12T01:15:00,5500,completed,False
order_R1377_0_카페라떼_hot,1377,2026-11-06T06:48:00,11000,completed,False
order_R1377_0_카페라떼_ice,1377,2026-04-22T11:59:00,5500,completed,False
order_R1377_0_녹차라떼,1377,2026-11-03T12:44:00,5500,completed,False
order_R1377_0_캐모마일티,1377,2026-02-12T15:38:00,16500,completed,False
order_R1377_0_레몬에이드,1377,2026-12-26T17:56:00,11000,completed,False
order_R1377_0_자몽에이드,1377,2026-04-11T03:34:00,5500,completed,False
order_R1378_0_아메리카노_hot,1378,2026-05-19T12:02:00,5500,completed,False
order_R1378_0_아메리카노_ice,1378,2026-11-17T08:55:00,16500,completed,False
order_R1378_0_딸기스무디,1378,2026-09-04T11:12:00,5500,completed,False
order_R1378_0_망고스무디,1378,2026-04-01T13:35:00,11000,completed,False
order_R1379_0_아메리카노_hot,1379,2026-03-10T08:15:00,5500,completed,False
order_R1379_0_아메리카노_ice,1379,2026-05-15T12:42:00,5500,completed,False
order_R1379_0_바닐라라떼,1379,2026-05-18T18:54:00,5500,completed,False
order_R1379_0_카라멜마끼아또,1379,2026-12-22T21:23:00,16500,completed,False
order_R1380_0_아메리카노_hot,1380,2026-12-20T19:31:00,5500,completed,False
order_R1380_0_아메리카노_ice,1380,2026-02-20T20:14:00,11000,completed,False
order_R1380_0_녹차라떼,1380,2026-10-02T17:24:00,5500,completed,False
order_R1380_0_캐모마일티,1380,2026-02-14T23:33:00,5500,completed,False
order_R1381_0_아메리카노_hot,1381,2026-07-14T19:58:00,11000,completed,False
order_R1381_0_아메리카노_ice,1381,2026-06-04T22:47:00,5500,completed,False
order_R1381_0_카페라떼_hot,1381,2026-02-09T17:14:00,5500,completed,False
order_R1381_0_카페라떼_ice,1381,2026-05-12T16:28:00,5500,completed,False
order_R1381_0_레몬에이드,1381,2026-04-21T12:28:00,5500,completed,False
order_R1381_0_자몽에이드,1381,2026-05-10T10:08:00,11000,completed,False
order_R1382_0_아메리카노_hot,1382,2026-05-22T02:28:00,11000,completed,False
order_R1382_0_아메리카노_ice,1382,2026-04-26T20:29:00,5500,completed,False
order_R1382_0_카페라떼_hot,1382,2026-04-11T12:42:00,5500,completed,False
order_R1382_0_카페라떼_ice,1382,2026-08-01T08:14:00,5500,completed,False
order_R1383_0_아메리카노_hot,1383,2026-09-03T16:15:00,16500,completed,False
order_R1383_0_아메리카노_ice,1383,2026-02-20T11:53:00,11000,completed,False
order_R1383_0_카페라떼_hot,1383,2026-03-01T13:54:00,16500,completed,False
order_R1383_0_카페라떼_ice,1383,2026-08-04T02:32:00,5500,completed,False
order_R1383_0_카푸치노,1383,2026-03-03T10:02:00,5500,completed,False
order_R1383_0_녹차라떼,1383,2026-06-27T11:22:00,11000,completed,False
order_R1383_0_캐모마일티,1383,2026-12-23T17:08:00,11000,completed,False
order_R1384_0_카페라떼_hot,1384,2026-01-19T20:24:00,11000,completed,False
order_R1384_0_카페라떼_ice,1384,2026-06-08T19:54:00,11000,completed,False
order_R1384_0_카푸치노,1384,2026-06-28T20:07:00,5500,completed,False
order_R1384_0_레몬에이드,1384,2026-06-18T18:24:00,5500,completed,False
order_R1384_0_자몽에이드,1384,2026-08-26T12:14:00,5500,completed,False
order_R1385_0_카페라떼_hot,1385,2026-04-11T20:56:00,5500,completed,False
order_R1385_0_카페라떼_ice,1385,2026-12-13T16:33:00,11000,completed,False
order_R1385_0_콜드브루,1385,2026-05-13T07:08:00,16500,completed,False
order_R1385_0_프라푸치노,1385,2026-02-11T13:59:00,5500,completed,False
order_R1385_0_말차프라페,1385,2026-01-17T17:39:00,16500,completed,False
order_R1386_0_아메리카노_hot,1386,2026-07-13T11:38:00,5500,completed,False
order_R1386_0_아메리카노_ice,1386,2026-01-24T13:25:00,11000,completed,False
order_R1386_0_카페라떼_hot,1386,2026-07-15T23:12:00,5500,completed,False
order_R1386_0_카페라떼_ice,1386,2026-06-28T21:43:00,11000,completed,False
order_R1386_0_바닐라라떼,1386,2026-06-21T10:24:00,5500,completed,False
order_R1386_0_카라멜마끼아또,1386,2026-03-02T10:45:00,11000,completed,False
order_R1386_0_프라푸치노,1386,2026-11-03T11:10:00,5500,completed,False
order_R1386_0_말차프라페,1386,2026-12-04T11:37:00,11000,completed,False
order_R1387_0_에스프레소,1387,2026-05-20T10:58:00,5500,completed,False
order_R1387_0_아메리카노_hot,1387,2026-11-13T07:25:00,11000,completed,False
order_R1387_0_아메리카노_ice,1387,2026-07-05T13:57:00,5500,completed,False
order_R1387_0_카페라떼_hot,1387,2026-11-14T23:34:00,11000,completed,False
order_R1387_0_카페라떼_ice,1387,2026-03-07T17:30:00,5500,completed,False
order_R1387_0_바닐라라떼,1387,2026-01-30T12:23:00,5500,completed,False
order_R1387_0_카라멜마끼아또,1387,2026-04-09T11:08:00,11000,completed,False
order_R1387_0_프라푸치노,1387,2026-11-02T19:43:00,5500,completed,False
order_R1387_0_말차프라페,1387,2026-08-12T16:16:00,5500,completed,False
order_R1387_0_딸기스무디,1387,2026-10-29T20:35:00,5500,completed,False
order_R1387_0_망고스무디,1387,2026-06-14T07:26:00,5500,completed,False
order_R1388_0_카푸치노,1388,2026-04-04T08:14:00,5500,completed,False
order_R1388_0_콜드브루라떼,1388,2026-10-30T18:05:00,5500,completed,False
order_R1388_0_드립커피,1388,2026-06-25T00:46:00,11000,completed,False
order_R1388_0_레몬에이드,1388,2026-07-04T12:41:00,16500,completed,False
order_R1388_0_자몽에이드,1388,2026-02-11T17:01:00,11000,completed,False
order_R1389_0_아메리카노_hot,1389,2026-05-17T12:45:00,11000,completed,False
order_R1389_0_아메리카노_ice,1389,2026-01-31T13:04:00,16500,completed,False
order_R1389_0_카페라떼_hot,1389,2026-08-12T13:37:00,11000,completed,False
order_R1389_0_카페라떼_ice,1389,2026-04-09T12:17:00,11000,completed,False
order_R1389_0_카푸치노,1389,2026-04-22T23:43:00,5500,completed,False
order_R1389_0_프라푸치노,1389,2026-09-28T12:36:00,11000,completed,False
order_R1389_0_말차프라페,1389,2026-05-14T16:04:00,5500,completed,False
order_R1389_0_딸기스무디,1389,2026-12-27T21:34:00,11000,completed,False
order_R1389_0_망고스무디,1389,2026-12-22T01:23:00,5500,completed,False
order_R1390_0_카페라떼_hot,1390,2026-05-06T18:22:00,11000,completed,False
order_R1390_0_카페라떼_ice,1390,2026-10-11T12:58:00,5500,completed,False
order_R1390_0_카푸치노,1390,2026-05-25T07:48:00,5500,completed,False
order_R1390_0_콜드브루,1390,2026-12-24T22:04:00,5500,completed,False
order_R1390_1_콜드브루,1390,2026-06-01T20:36:00,5500,completed,False
order_R1390_0_바닐라라떼,1390,2026-07-08T03:34:00,5500,completed,False
order_R1390_0_카라멜마끼아또,1390,2026-08-11T13:13:00,5500,completed,False
order_R1391_0_아메리카노_hot,1391,2026-04-28T12:34:00,5500,completed,False
order_R1391_0_아메리카노_ice,1391,2026-01-08T17:06:00,5500,completed,False
order_R1391_0_콜드브루,1391,2026-02-17T17:39:00,16500,completed,False
order_R1391_1_콜드브루,1391,2026-09-16T16:14:00,16500,completed,False
order_R1391_0_복숭아아이스티,1391,2026-07-09T13:47:00,5500,completed,False
order_R1391_0_자몽허니블랙티,1391,2026-12-20T09:01:00,11000,completed,False
order_R1392_0_아메리카노_hot,1392,2026-04-13T11:10:00,5500,completed,False
order_R1392_0_아메리카노_ice,1392,2026-03-04T09:31:00,11000,completed,False
order_R1392_0_복숭아아이스티,1392,2026-06-07T16:59:00,11000,completed,False
order_R1392_0_자몽허니블랙티,1392,2026-06-09T15:54:00,5500,completed,False
order_R1393_0_아메리카노_hot,1393,2026-04-29T18:15:00,16500,completed,False
order_R1393_0_아메리카노_ice,1393,2026-02-10T09:12:00,5500,completed,False
order_R1393_0_카페라떼_hot,1393,2026-02-11T16:30:00,5500,completed,False
order_R1393_0_카페라떼_ice,1393,2026-07-20T02:21:00,5500,completed,False
order_R1393_0_녹차라떼,1393,2026-02-05T16:26:00,16500,completed,False
order_R1393_0_캐모마일티,1393,2026-01-15T19:22:00,5500,completed,False
order_R1394_0_아메리카노_hot,1394,2026-02-12T10:14:00,5500,completed,False
order_R1394_0_아메리카노_ice,1394,2026-05-19T23:25:00,11000,completed,False
order_R1394_0_바닐라라떼,1394,2026-08-23T14:57:00,11000,completed,False
order_R1394_0_카라멜마끼아또,1394,2026-03-04T07:26:00,11000,completed,False
order_R1394_0_녹차라떼,1394,2026-07-17T20:33:00,16500,completed,False
order_R1394_0_캐모마일티,1394,2026-12-22T14:24:00,11000,completed,False
order_R1394_0_레몬에이드,1394,2026-12-03T10:32:00,5500,completed,False
order_R1394_0_자몽에이드,1394,2026-03-17T08:06:00,11000,completed,False
order_R1395_0_아메리카노_hot,1395,2026-10-29T21:09:00,5500,completed,False
order_R1395_0_아메리카노_ice,1395,2026-08-12T11:37:00,5500,completed,False
order_R1395_0_드립커피,1395,2026-12-20T03:22:00,5500,completed,False
order_R1395_0_바닐라라떼,1395,2026-06-20T20:02:00,5500,completed,False
order_R1395_0_카라멜마끼아또,1395,2026-07-03T11:45:00,5500,completed,False
order_R1396_0_아메리카노_hot,1396,2026-02-09T07:38:00,5500,completed,False
order_R1396_0_아메리카노_ice,1396,2026-02-06T08:12:00,16500,completed,False
order_R1396_0_카페라떼_hot,1396,2026-10-13T05:42:00,11000,completed,False
order_R1396_0_카페라떼_ice,1396,2026-02-26T08:59:00,11000,completed,False
order_R1396_0_프라푸치노,1396,2026-11-10T05:00:00,5500,completed,False
order_R1396_0_말차프라페,1396,2026-09-27T12:55:00,5500,completed,False
order_R1396_0_딸기스무디,1396,2026-08-09T22:19:00,5500,completed,False
order_R1396_0_망고스무디,1396,2026-01-01T15:17:00,5500,completed,False
order_R1397_0_카페라떼_hot,1397,2026-01-17T02:31:00,5500,completed,False
order_R1397_0_카페라떼_ice,1397,2026-07-23T09:59:00,5500,completed,False
order_R1398_0_에스프레소,1398,2026-05-07T10:18:00,5500,completed,False
order_R1398_0_아메리카노_hot,1398,2026-05-10T19:01:00,5500,completed,False
order_R1398_0_아메리카노_ice,1398,2026-07-06T17:43:00,16500,completed,False
order_R1398_0_바닐라라떼,1398,2026-09-15T13:42:00,11000,completed,False
order_R1398_0_카라멜마끼아또,1398,2026-04-01T20:39:00,11000,completed,False
order_R1399_0_아메리카노_hot,1399,2026-05-08T15:05:00,5500,completed,False
order_R1399_0_아메리카노_ice,1399,2026-10-11T02:54:00,11000,completed,False
order_R1399_0_카페라떼_hot,1399,2026-03-10T06:45:00,5500,completed,False
order_R1399_0_카페라떼_ice,1399,2026-01-13T05:57:00,5500,completed,False
order_R1399_0_카푸치노,1399,2026-09-12T14:47:00,16500,completed,False
order_R1399_0_콜드브루,1399,2026-05-07T13:01:00,5500,completed,False
order_R1400_0_아메리카노_hot,1400,2026-06-14T00:28:00,16500,completed,False
order_R1400_0_아메리카노_ice,1400,2026-09-25T06:33:00,5500,completed,False
order_R1400_0_카페라떼_hot,1400,2026-10-04T14:38:00,5500,completed,False
order_R1400_0_카페라떼_ice,1400,2026-10-07T11:07:00,5500,completed,False
order_R1400_0_카푸치노,1400,2026-05-26T12:30:00,5500,completed,False
order_R1400_0_바닐라라떼,1400,2026-11-07T13:11:00,16500,completed,False
order_R1400_0_카라멜마끼아또,1400,2026-12-06T22:09:00,11000,completed,False
order_R1401_0_아메리카노_hot,1401,2026-10-30T12:01:00,11000,completed,False
order_R1401_0_아메리카노_ice,1401,2026-09-19T09:55:00,5500,completed,False
order_R1401_0_콜드브루라떼,1401,2026-05-29T17:31:00,11000,completed,False
order_R1401_1_콜드브루라떼,1401,2026-10-22T21:24:00,5500,completed,False
order_R1401_0_바닐라라떼,1401,2026-11-11T15:35:00,5500,completed,False
order_R1401_0_카라멜마끼아또,1401,2026-11-11T14:28:00,5500,completed,False
order_R1402_0_아메리카노_hot,1402,2026-07-04T10:38:00,5500,completed,False
order_R1402_0_아메리카노_ice,1402,2026-12-11T15:38:00,5500,completed,False
order_R1403_0_에스프레소,1403,2026-06-21T23:59:00,5500,completed,False
order_R1403_1_에스프레소,1403,2026-09-09T21:54:00,11000,completed,False
order_R1403_0_카페라떼_hot,1403,2026-09-15T11:29:00,11000,completed,False
order_R1403_0_카페라떼_ice,1403,2026-09-17T16:58:00,11000,completed,False
order_R1403_0_녹차라떼,1403,2026-06-13T21:45:00,11000,completed,False
order_R1403_0_캐모마일티,1403,2026-04-22T11:50:00,5500,completed,False
order_R1404_0_카페라떼_hot,1404,2026-09-22T18:59:00,5500,completed,False
order_R1404_0_카페라떼_ice,1404,2026-04-10T16:15:00,5500,completed,False
order_R1404_0_콜드브루라떼,1404,2026-09-22T07:19:00,11000,completed,False
order_R1404_0_바닐라라떼,1404,2026-03-17T11:12:00,5500,completed,False
order_R1404_0_카라멜마끼아또,1404,2026-05-10T15:36:00,5500,completed,False
order_R1404_0_복숭아아이스티,1404,2026-10-12T12:30:00,5500,completed,False
order_R1404_0_자몽허니블랙티,1404,2026-03-13T15:09:00,5500,completed,False
order_R1404_0_딸기스무디,1404,2026-03-27T15:57:00,11000,completed,False
order_R1404_0_망고스무디,1404,2026-03-29T19:19:00,5500,completed,False
order_R1405_0_드립커피,1405,2026-07-21T16:35:00,16500,completed,False
order_R1405_0_복숭아아이스티,1405,2026-03-23T06:11:00,11000,completed,False
order_R1405_0_자몽허니블랙티,1405,2026-02-11T03:51:00,11000,completed,False
order_R1405_0_레몬에이드,1405,2026-07-15T16:13:00,11000,completed,False
order_R1405_0_자몽에이드,1405,2026-05-10T16:34:00,11000,completed,False
order_R1406_0_아메리카노_hot,1406,2026-08-06T14:25:00,5500,completed,False
order_R1406_0_아메리카노_ice,1406,2026-10-11T15:22:00,5500,completed,False
order_R1406_0_콜드브루,1406,2026-09-29T13:24:00,5500,completed,False
order_R1406_0_프라푸치노,1406,2026-12-01T06:46:00,11000,completed,False
order_R1406_0_말차프라페,1406,2026-09-08T01:36:00,5500,completed,False
order_R1406_0_레몬에이드,1406,2026-10-17T07:37:00,11000,completed,False
order_R1406_0_자몽에이드,1406,2026-07-18T19:38:00,11000,completed,False
order_R1407_0_카페라떼_hot,1407,2026-02-19T14:21:00,5500,completed,False
order_R1407_0_카페라떼_ice,1407,2026-01-29T15:53:00,11000,completed,False
order_R1407_0_카푸치노,1407,2026-03-09T02:13:00,5500,completed,False
order_R1407_1_카푸치노,1407,2026-10-28T16:23:00,5500,completed,False
order_R1407_0_바닐라라떼,1407,2026-07-27T12:29:00,16500,completed,False
order_R1407_0_카라멜마끼아또,1407,2026-11-11T21:04:00,5500,completed,False
order_R1407_0_녹차라떼,1407,2026-10-06T12:08:00,11000,completed,False
order_R1407_0_캐모마일티,1407,2026-12-30T20:43:00,5500,completed,False
order_R1407_0_복숭아아이스티,1407,2026-11-01T13:46:00,11000,completed,False
order_R1407_0_자몽허니블랙티,1407,2026-01-23T22:47:00,5500,completed,False
order_R1408_0_아메리카노_hot,1408,2026-03-30T13:16:00,16500,completed,False
order_R1408_0_아메리카노_ice,1408,2026-05-07T17:58:00,5500,completed,False
order_R1409_0_아메리카노_hot,1409,2026-01-10T12:18:00,11000,completed,False
order_R1409_0_아메리카노_ice,1409,2026-12-31T15:36:00,16500,completed,False
order_R1409_0_카푸치노,1409,2026-07-04T13:21:00,5500,completed,False
order_R1409_0_바닐라라떼,1409,2026-05-24T12:59:00,16500,completed,False
order_R1409_0_카라멜마끼아또,1409,2026-10-17T11:52:00,5500,completed,False
order_R1409_0_레몬에이드,1409,2026-02-19T09:52:00,5500,completed,False
order_R1409_0_자몽에이드,1409,2026-09-15T18:54:00,5500,completed,False
order_R1410_0_아메리카노_hot,1410,2026-07-02T16:28:00,5500,completed,False
order_R1410_0_아메리카노_ice,1410,2026-03-05T09:51:00,11000,completed,False
order_R1410_0_카페라떼_hot,1410,2026-04-19T17:25:00,5500,completed,False
order_R1410_0_카페라떼_ice,1410,2026-05-22T19:40:00,11000,completed,False
order_R1410_0_바닐라라떼,1410,2026-08-11T21:22:00,5500,completed,False
order_R1410_0_카라멜마끼아또,1410,2026-09-03T08:09:00,5500,completed,False
order_R1410_0_복숭아아이스티,1410,2026-09-20T09:01:00,11000,completed,False
order_R1410_0_자몽허니블랙티,1410,2026-04-08T08:55:00,5500,completed,False
order_R1410_0_레몬에이드,1410,2026-02-24T13:12:00,16500,completed,False
order_R1410_0_자몽에이드,1410,2026-03-08T13:22:00,5500,completed,False
order_R1410_0_딸기스무디,1410,2026-09-11T23:34:00,5500,completed,False
order_R1410_0_망고스무디,1410,2026-06-07T01:17:00,11000,completed,False
order_R1411_0_아메리카노_hot,1411,2026-07-03T18:07:00,11000,completed,False
order_R1411_0_아메리카노_ice,1411,2026-06-08T16:55:00,5500,completed,False
order_R1411_0_카페라떼_hot,1411,2026-07-09T15:23:00,5500,completed,False
order_R1411_0_카페라떼_ice,1411,2026-08-17T09:28:00,5500,completed,False
order_R1411_0_콜드브루,1411,2026-08-13T10:15:00,5500,completed,False
order_R1411_0_드립커피,1411,2026-12-11T11:21:00,11000,completed,False
order_R1411_0_바닐라라떼,1411,2026-08-15T10:53:00,5500,completed,False
order_R1411_0_카라멜마끼아또,1411,2026-02-20T01:09:00,5500,completed,False
order_R1411_0_복숭아아이스티,1411,2026-11-17T22:44:00,5500,completed,False
order_R1411_0_자몽허니블랙티,1411,2026-10-06T21:42:00,11000,completed,False
order_R1411_0_딸기스무디,1411,2026-06-29T07:26:00,5500,completed,False
order_R1411_0_망고스무디,1411,2026-09-21T11:27:00,16500,completed,False
order_R1412_0_아메리카노_hot,1412,2026-08-14T03:10:00,5500,completed,False
order_R1412_0_아메리카노_ice,1412,2026-07-25T21:07:00,11000,completed,False
order_R1412_0_드립커피,1412,2026-11-13T13:01:00,5500,completed,False
order_R1412_0_바닐라라떼,1412,2026-07-29T01:36:00,5500,completed,False
order_R1412_0_카라멜마끼아또,1412,2026-08-08T14:32:00,5500,completed,False
order_R1412_0_레몬에이드,1412,2026-01-17T05:52:00,16500,completed,False
order_R1412_0_자몽에이드,1412,2026-07-31T12:06:00,5500,completed,False
order_R1413_0_아메리카노_hot,1413,2026-08-11T11:15:00,5500,completed,False
order_R1413_0_아메리카노_ice,1413,2026-11-09T14:45:00,16500,completed,False
order_R1413_0_바닐라라떼,1413,2026-07-05T14:16:00,16500,completed,False
order_R1413_0_카라멜마끼아또,1413,2026-11-19T00:35:00,5500,completed,False
order_R1414_0_바닐라라떼,1414,2026-01-19T13:25:00,5500,completed,False
order_R1414_0_카라멜마끼아또,1414,2026-08-26T19:57:00,5500,completed,False
order_R1414_0_녹차라떼,1414,2026-12-06T05:25:00,5500,completed,False
order_R1414_0_캐모마일티,1414,2026-10-25T11:12:00,11000,completed,False
order_R1414_0_레몬에이드,1414,2026-06-14T06:58:00,11000,completed,False
order_R1414_0_자몽에이드,1414,2026-11-16T11:18:00,5500,completed,False
order_R1415_0_아메리카노_hot,1415,2026-08-24T10:47:00,11000,completed,False
order_R1415_0_아메리카노_ice,1415,2026-02-05T11:28:00,16500,completed,False
order_R1415_0_복숭아아이스티,1415,2026-05-14T20:37:00,5500,completed,False
order_R1415_0_자몽허니블랙티,1415,2026-08-20T15:27:00,16500,completed,False
order_R1415_0_레몬에이드,1415,2026-04-02T22:38:00,5500,completed,False
order_R1415_0_자몽에이드,1415,2026-01-10T06:15:00,5500,completed,False
order_R1416_0_에스프레소,1416,2026-02-22T22:03:00,11000,completed,False
order_R1416_0_아메리카노_hot,1416,2026-06-06T12:32:00,11000,completed,False
order_R1416_0_아메리카노_ice,1416,2026-11-29T02:50:00,5500,completed,False
order_R1416_0_카페라떼_hot,1416,2026-05-15T03:03:00,5500,completed,False
order_R1416_0_카페라떼_ice,1416,2026-08-07T21:30:00,11000,completed,False
order_R1417_0_아메리카노_hot,1417,2026-02-06T17:00:00,5500,completed,False
order_R1417_0_아메리카노_ice,1417,2026-09-30T16:54:00,11000,completed,False
order_R1417_0_딸기스무디,1417,2026-05-05T16:56:00,5500,completed,False
order_R1417_0_망고스무디,1417,2026-02-26T19:21:00,5500,completed,False
order_R1418_0_아메리카노_hot,1418,2026-08-15T15:31:00,11000,completed,False
order_R1418_0_아메리카노_ice,1418,2026-07-23T19:49:00,11000,completed,False
order_R1418_0_바닐라라떼,1418,2026-04-09T16:05:00,16500,completed,False
order_R1418_0_카라멜마끼아또,1418,2026-05-31T11:17:00,11000,completed,False
order_R1418_0_딸기스무디,1418,2026-10-19T12:02:00,11000,completed,False
order_R1418_0_망고스무디,1418,2026-02-17T16:29:00,5500,completed,False
order_R1419_0_아메리카노_hot,1419,2026-02-17T06:56:00,5500,completed,False
order_R1419_0_아메리카노_ice,1419,2026-08-10T18:08:00,11000,completed,False
order_R1419_0_바닐라라떼,1419,2026-10-17T05:20:00,5500,completed,False
order_R1419_0_카라멜마끼아또,1419,2026-01-23T03:42:00,5500,completed,False
order_R1420_0_콜드브루라떼,1420,2026-07-20T06:08:00,11000,completed,False
order_R1420_1_콜드브루라떼,1420,2026-09-28T11:47:00,5500,completed,False
order_R1420_2_콜드브루라떼,1420,2026-07-04T12:04:00,11000,completed,False
order_R1420_0_복숭아아이스티,1420,2026-01-29T19:34:00,5500,completed,False
order_R1420_0_자몽허니블랙티,1420,2026-11-20T21:21:00,5500,completed,False
order_R1421_0_아메리카노_hot,1421,2026-01-08T16:20:00,11000,completed,False
order_R1421_0_아메리카노_ice,1421,2026-07-25T17:33:00,5500,completed,False
order_R1421_0_콜드브루라떼,1421,2026-08-12T12:19:00,11000,completed,False
order_R1421_0_바닐라라떼,1421,2026-08-19T21:36:00,5500,completed,False
order_R1421_0_카라멜마끼아또,1421,2026-10-01T22:00:00,11000,completed,False
order_R1421_0_복숭아아이스티,1421,2026-01-03T07:49:00,11000,completed,False
order_R1421_0_자몽허니블랙티,1421,2026-12-28T09:24:00,5500,completed,False
order_R1421_0_딸기스무디,1421,2026-08-06T14:43:00,5500,completed,False
order_R1421_0_망고스무디,1421,2026-09-18T19:37:00,5500,completed,False
order_R1422_0_콜드브루라떼,1422,2026-07-14T08:21:00,5500,completed,False
order_R1422_0_바닐라라떼,1422,2026-10-12T21:26:00,5500,completed,False
order_R1422_0_카라멜마끼아또,1422,2026-02-13T19:00:00,11000,completed,False
order_R1422_0_녹차라떼,1422,2026-03-03T07:19:00,5500,completed,False
order_R1422_0_캐모마일티,1422,2026-12-29T18:39:00,11000,completed,False
order_R1422_0_레몬에이드,1422,2026-10-01T08:41:00,5500,completed,False
order_R1422_0_자몽에이드,1422,2026-07-30T04:42:00,11000,completed,False
order_R1422_0_딸기스무디,1422,2026-06-06T11:04:00,11000,completed,False
order_R1422_0_망고스무디,1422,2026-01-11T17:14:00,5500,completed,False
order_R1423_0_아메리카노_hot,1423,2026-10-03T12:50:00,5500,completed,False
order_R1423_0_아메리카노_ice,1423,2026-01-16T19:47:00,5500,completed,False
order_R1423_0_카페라떼_hot,1423,2026-09-30T11:02:00,5500,completed,False
order_R1423_0_카페라떼_ice,1423,2026-01-07T09:52:00,11000,completed,False
order_R1423_0_카푸치노,1423,2026-06-19T17:55:00,16500,completed,False
order_R1423_0_콜드브루,1423,2026-11-10T12:44:00,16500,completed,False
order_R1423_0_드립커피,1423,2026-09-29T20:35:00,11000,completed,False
order_R1423_0_바닐라라떼,1423,2026-01-06T17:26:00,5500,completed,False
order_R1423_0_카라멜마끼아또,1423,2026-05-03T15:29:00,16500,completed,False
order_R1423_0_딸기스무디,1423,2026-05-30T13:34:00,5500,completed,False
order_R1423_0_망고스무디,1423,2026-12-25T07:38:00,5500,completed,False
order_R1424_0_아메리카노_hot,1424,2026-05-10T06:46:00,5500,completed,False
order_R1424_0_아메리카노_ice,1424,2026-01-16T19:33:00,5500,completed,False
order_R1424_0_바닐라라떼,1424,2026-04-16T20:22:00,11000,completed,False
order_R1424_0_카라멜마끼아또,1424,2026-09-11T20:33:00,11000,completed,False
order_R1424_0_복숭아아이스티,1424,2026-02-16T20:28:00,5500,completed,False
order_R1424_0_자몽허니블랙티,1424,2026-12-26T16:10:00,5500,completed,False
order_R1425_0_아메리카노_hot,1425,2026-08-06T09:24:00,11000,completed,False
order_R1425_0_아메리카노_ice,1425,2026-10-20T09:12:00,5500,completed,False
order_R1425_0_레몬에이드,1425,2026-03-29T07:01:00,16500,completed,False
order_R1425_0_자몽에이드,1425,2026-08-07T14:58:00,5500,completed,False
order_R1426_0_아메리카노_hot,1426,2026-07-29T22:37:00,5500,completed,False
order_R1426_0_아메리카노_ice,1426,2026-10-01T18:37:00,5500,completed,False
order_R1426_0_카페라떼_hot,1426,2026-07-06T09:23:00,11000,completed,False
order_R1426_0_카페라떼_ice,1426,2026-09-12T15:39:00,11000,completed,False
order_R1426_0_바닐라라떼,1426,2026-04-29T15:29:00,16500,completed,False
order_R1426_0_카라멜마끼아또,1426,2026-02-12T10:26:00,5500,completed,False
order_R1426_0_녹차라떼,1426,2026-06-20T04:25:00,16500,completed,False
order_R1426_0_캐모마일티,1426,2026-02-15T16:17:00,16500,completed,False
order_R1427_0_아메리카노_hot,1427,2026-09-25T22:46:00,11000,completed,False
order_R1427_0_아메리카노_ice,1427,2026-02-02T07:15:00,16500,completed,False
order_R1427_0_카페라떼_hot,1427,2026-11-18T20:25:00,5500,completed,False
order_R1427_0_카페라떼_ice,1427,2026-04-22T23:36:00,5500,completed,False
order_R1427_0_바닐라라떼,1427,2026-04-08T15:04:00,16500,completed,False
order_R1427_0_카라멜마끼아또,1427,2026-08-05T08:08:00,5500,completed,False
order_R1427_0_딸기스무디,1427,2026-03-06T12:57:00,5500,completed,False
order_R1427_0_망고스무디,1427,2026-08-03T04:12:00,5500,completed,False
order_R1428_0_아메리카노_hot,1428,2026-04-24T21:43:00,5500,completed,False
order_R1428_0_아메리카노_ice,1428,2026-11-28T07:49:00,11000,completed,False
order_R1428_0_카페라떼_hot,1428,2026-04-05T20:12:00,11000,completed,False
order_R1428_0_카페라떼_ice,1428,2026-06-12T11:40:00,5500,completed,False
order_R1428_0_콜드브루,1428,2026-09-19T14:36:00,5500,completed,False
order_R1428_0_프라푸치노,1428,2026-05-12T20:57:00,5500,completed,False
order_R1428_0_말차프라페,1428,2026-12-04T13:12:00,5500,completed,False
order_R1428_0_딸기스무디,1428,2026-07-24T23:29:00,5500,completed,False
order_R1428_0_망고스무디,1428,2026-12-13T10:02:00,5500,completed,False
order_R1429_0_아메리카노_hot,1429,2026-02-08T20:52:00,5500,completed,False
order_R1429_0_아메리카노_ice,1429,2026-02-01T07:18:00,5500,completed,False
order_R1429_0_카페라떼_hot,1429,2026-11-01T22:05:00,16500,completed,False
order_R1429_0_카페라떼_ice,1429,2026-06-20T10:33:00,5500,completed,False
order_R1429_0_카푸치노,1429,2026-12-18T07:41:00,11000,completed,False
order_R1429_0_콜드브루라떼,1429,2026-07-25T12:39:00,11000,completed,False
order_R1429_0_딸기스무디,1429,2026-09-09T18:13:00,11000,completed,False
order_R1429_0_망고스무디,1429,2026-03-20T01:40:00,5500,completed,False
order_R1430_0_바닐라라떼,1430,2026-07-30T23:20:00,11000,completed,False
order_R1430_0_카라멜마끼아또,1430,2026-01-08T11:37:00,5500,completed,False
order_R1431_0_아메리카노_hot,1431,2026-10-02T06:02:00,5500,completed,False
order_R1431_0_아메리카노_ice,1431,2026-09-12T11:59:00,11000,completed,False
order_R1431_0_카페라떼_hot,1431,2026-08-08T16:25:00,5500,completed,False
order_R1431_0_카페라떼_ice,1431,2026-09-01T22:34:00,5500,completed,False
order_R1431_0_카푸치노,1431,2026-03-08T19:58:00,5500,completed,False
order_R1431_0_바닐라라떼,1431,2026-12-20T07:13:00,11000,completed,False
order_R1431_0_카라멜마끼아또,1431,2026-04-23T11:10:00,5500,completed,False
order_R1432_0_바닐라라떼,1432,2026-05-24T21:07:00,11000,completed,False
order_R1432_0_카라멜마끼아또,1432,2026-02-03T08:07:00,11000,completed,False
order_R1432_0_복숭아아이스티,1432,2026-12-21T17:38:00,16500,completed,False
order_R1432_0_자몽허니블랙티,1432,2026-04-05T13:18:00,5500,completed,False
order_R1433_0_아메리카노_hot,1433,2026-04-29T12:29:00,5500,completed,False
order_R1433_0_아메리카노_ice,1433,2026-01-28T13:34:00,5500,completed,False
order_R1433_0_카페라떼_hot,1433,2026-04-28T14:55:00,5500,completed,False
order_R1433_0_카페라떼_ice,1433,2026-07-05T11:33:00,11000,completed,False
order_R1433_0_바닐라라떼,1433,2026-03-25T22:48:00,5500,completed,False
order_R1433_0_카라멜마끼아또,1433,2026-10-12T22:09:00,16500,completed,False
order_R1433_0_프라푸치노,1433,2026-04-15T15:33:00,5500,completed,False
order_R1433_0_말차프라페,1433,2026-01-07T05:43:00,5500,completed,False
order_R1433_0_복숭아아이스티,1433,2026-07-10T10:10:00,5500,completed,False
order_R1433_0_자몽허니블랙티,1433,2026-11-09T11:18:00,5500,completed,False
order_R1434_0_아메리카노_hot,1434,2026-04-02T05:59:00,11000,completed,False
order_R1434_0_아메리카노_ice,1434,2026-10-25T13:12:00,11000,completed,False
order_R1434_0_바닐라라떼,1434,2026-03-06T05:02:00,11000,completed,False
order_R1434_0_카라멜마끼아또,1434,2026-09-01T12:03:00,11000,completed,False
order_R1434_0_딸기스무디,1434,2026-01-05T15:08:00,11000,completed,False
order_R1434_0_망고스무디,1434,2026-05-05T08:16:00,5500,completed,False
order_R1435_0_카페라떼_hot,1435,2026-08-31T21:33:00,5500,completed,False
order_R1435_0_카페라떼_ice,1435,2026-11-25T22:11:00,5500,completed,False
order_R1436_0_아메리카노_hot,1436,2026-12-04T19:44:00,5500,completed,False
order_R1436_0_아메리카노_ice,1436,2026-10-15T00:09:00,11000,completed,False
order_R1436_0_카페라떼_hot,1436,2026-09-09T11:44:00,5500,completed,False
order_R1436_0_카페라떼_ice,1436,2026-08-16T08:10:00,5500,completed,False
order_R1436_0_프라푸치노,1436,2026-02-09T15:53:00,5500,completed,False
order_R1436_0_말차프라페,1436,2026-02-08T13:28:00,5500,completed,False
order_R1436_0_녹차라떼,1436,2026-08-12T01:09:00,16500,completed,False
order_R1436_0_캐모마일티,1436,2026-05-14T02:28:00,11000,completed,False
order_R1437_0_아메리카노_hot,1437,2026-02-27T16:47:00,11000,completed,False
order_R1437_0_아메리카노_ice,1437,2026-11-18T21:00:00,5500,completed,False
order_R1437_0_카페라떼_hot,1437,2026-03-18T18:22:00,11000,completed,False
order_R1437_0_카페라떼_ice,1437,2026-06-20T19:42:00,5500,completed,False
order_R1437_0_콜드브루라떼,1437,2026-12-14T04:40:00,11000,completed,False
order_R1437_0_드립커피,1437,2026-07-04T21:36:00,16500,completed,False
order_R1437_0_바닐라라떼,1437,2026-05-06T11:42:00,5500,completed,False
order_R1437_0_카라멜마끼아또,1437,2026-04-12T20:26:00,5500,completed,False
order_R1437_0_복숭아아이스티,1437,2026-05-11T11:53:00,11000,completed,False
order_R1437_0_자몽허니블랙티,1437,2026-01-01T11:42:00,5500,completed,False
order_R1438_0_콜드브루,1438,2026-03-04T23:05:00,5500,completed,False
order_R1438_1_콜드브루,1438,2026-09-18T11:42:00,11000,completed,False
order_R1438_2_콜드브루,1438,2026-07-10T23:23:00,11000,completed,False
order_R1438_3_콜드브루,1438,2026-06-15T11:46:00,16500,completed,False
order_R1438_4_콜드브루,1438,2026-08-08T12:54:00,5500,completed,False
order_R1438_5_콜드브루,1438,2026-10-14T01:02:00,11000,completed,False
order_R1438_0_녹차라떼,1438,2026-10-14T10:22:00,5500,completed,False
order_R1438_0_캐모마일티,1438,2026-12-13T14:55:00,11000,completed,False
order_R1438_0_복숭아아이스티,1438,2026-07-29T20:23:00,5500,completed,False
order_R1438_0_자몽허니블랙티,1438,2026-03-23T23:06:00,5500,completed,False
order_R1439_0_아메리카노_hot,1439,2026-12-15T19:28:00,11000,completed,False
order_R1439_0_아메리카노_ice,1439,2026-10-01T22:12:00,5500,completed,False
order_R1439_0_레몬에이드,1439,2026-04-16T23:44:00,11000,completed,False
order_R1439_0_자몽에이드,1439,2026-10-07T16:50:00,5500,completed,False
order_R1440_0_카페라떼_hot,1440,2026-11-24T22:59:00,11000,completed,False
order_R1440_0_카페라떼_ice,1440,2026-09-04T15:16:00,11000,completed,False
order_R1440_0_콜드브루,1440,2026-02-15T09:01:00,5500,completed,False
order_R1440_0_콜드브루라떼,1440,2026-10-12T20:21:00,11000,completed,False
order_R1440_0_바닐라라떼,1440,2026-01-12T02:17:00,5500,completed,False
order_R1440_0_카라멜마끼아또,1440,2026-05-19T19:46:00,5500,completed,False
order_R1440_0_복숭아아이스티,1440,2026-04-08T06:27:00,11000,completed,False
order_R1440_0_자몽허니블랙티,1440,2026-04-17T11:16:00,5500,completed,False
order_R1441_0_아메리카노_hot,1441,2026-06-09T22:44:00,5500,completed,False
order_R1441_0_아메리카노_ice,1441,2026-06-18T08:56:00,16500,completed,False
order_R1441_0_카페라떼_hot,1441,2026-05-19T14:52:00,5500,completed,False
order_R1441_0_카페라떼_ice,1441,2026-01-27T19:46:00,5500,completed,False
order_R1442_0_아메리카노_hot,1442,2026-06-21T17:46:00,5500,completed,False
order_R1442_0_아메리카노_ice,1442,2026-08-31T10:57:00,16500,completed,False
order_R1442_0_카페라떼_hot,1442,2026-05-15T10:05:00,11000,completed,False
order_R1442_0_카페라떼_ice,1442,2026-03-19T20:45:00,5500,completed,False
order_R1442_0_바닐라라떼,1442,2026-07-31T21:50:00,11000,completed,False
order_R1442_0_카라멜마끼아또,1442,2026-09-09T22:13:00,5500,completed,False
order_R1443_0_아메리카노_hot,1443,2026-08-24T11:30:00,16500,completed,False
order_R1443_0_아메리카노_ice,1443,2026-08-11T08:03:00,11000,completed,False
order_R1444_0_아메리카노_hot,1444,2026-10-19T14:19:00,11000,completed,False
order_R1444_0_아메리카노_ice,1444,2026-09-02T20:57:00,5500,completed,False
order_R1444_0_카푸치노,1444,2026-07-09T11:27:00,11000,completed,False
order_R1444_1_카푸치노,1444,2026-05-28T21:43:00,11000,completed,False
order_R1444_0_녹차라떼,1444,2026-10-05T17:03:00,11000,completed,False
order_R1444_0_캐모마일티,1444,2026-03-09T14:15:00,5500,completed,False
order_R1445_0_아메리카노_hot,1445,2026-11-12T22:23:00,11000,completed,False
order_R1445_0_아메리카노_ice,1445,2026-12-09T03:45:00,5500,completed,False
order_R1445_0_카페라떼_hot,1445,2026-04-10T22:23:00,16500,completed,False
order_R1445_0_카페라떼_ice,1445,2026-04-10T19:38:00,5500,completed,False
order_R1445_0_콜드브루,1445,2026-04-26T21:18:00,5500,completed,False
order_R1445_0_바닐라라떼,1445,2026-06-06T09:48:00,11000,completed,False
order_R1445_0_카라멜마끼아또,1445,2026-05-25T22:51:00,5500,completed,False
order_R1445_0_딸기스무디,1445,2026-04-27T18:05:00,5500,completed,False
order_R1445_0_망고스무디,1445,2026-06-03T06:45:00,5500,completed,False
order_R1446_0_아메리카노_hot,1446,2026-06-14T08:04:00,5500,completed,False
order_R1446_0_아메리카노_ice,1446,2026-04-13T11:42:00,16500,completed,False
order_R1446_0_바닐라라떼,1446,2026-07-02T22:20:00,5500,completed,False
order_R1446_0_카라멜마끼아또,1446,2026-09-03T04:38:00,11000,completed,False
order_R1446_0_딸기스무디,1446,2026-10-29T22:35:00,11000,completed,False
order_R1446_0_망고스무디,1446,2026-03-24T03:44:00,11000,completed,False
order_R1447_0_아메리카노_hot,1447,2026-03-28T12:35:00,11000,completed,False
order_R1447_0_아메리카노_ice,1447,2026-01-02T19:46:00,11000,completed,False
order_R1447_0_카푸치노,1447,2026-04-28T20:30:00,11000,completed,False
order_R1447_1_카푸치노,1447,2026-09-20T09:20:00,5500,completed,False
order_R1448_0_아메리카노_hot,1448,2026-01-06T22:44:00,16500,completed,False
order_R1448_0_아메리카노_ice,1448,2026-06-22T23:34:00,11000,completed,False
order_R1448_0_카푸치노,1448,2026-02-22T07:56:00,16500,completed,False
order_R1448_0_프라푸치노,1448,2026-02-15T18:43:00,11000,completed,False
order_R1448_0_말차프라페,1448,2026-11-18T06:09:00,5500,completed,False
order_R1448_0_레몬에이드,1448,2026-10-16T08:40:00,5500,completed,False
order_R1448_0_자몽에이드,1448,2026-06-29T07:27:00,5500,completed,False
order_R1448_0_딸기스무디,1448,2026-04-10T13:25:00,5500,completed,False
order_R1448_0_망고스무디,1448,2026-03-07T14:52:00,5500,completed,False
order_R1449_0_카페라떼_hot,1449,2026-03-12T11:02:00,11000,completed,False
order_R1449_0_카페라떼_ice,1449,2026-10-20T23:29:00,5500,completed,False
order_R1449_0_바닐라라떼,1449,2026-06-25T19:29:00,16500,completed,False
order_R1449_0_카라멜마끼아또,1449,2026-11-21T22:15:00,5500,completed,False
order_R1449_0_레몬에이드,1449,2026-01-13T09:49:00,5500,completed,False
order_R1449_0_자몽에이드,1449,2026-07-19T04:36:00,5500,completed,False
order_R1450_0_아메리카노_hot,1450,2026-01-03T07:31:00,5500,completed,False
order_R1450_0_아메리카노_ice,1450,2026-07-08T18:37:00,16500,completed,False
order_R1450_0_바닐라라떼,1450,2026-05-14T06:49:00,5500,completed,False
order_R1450_0_카라멜마끼아또,1450,2026-10-04T15:00:00,5500,completed,False
order_R1450_0_레몬에이드,1450,2026-02-05T10:29:00,5500,completed,False
order_R1450_0_자몽에이드,1450,2026-07-31T14:46:00,5500,completed,False
order_R1450_0_딸기스무디,1450,2026-07-30T22:44:00,5500,completed,False
order_R1450_0_망고스무디,1450,2026-08-21T06:38:00,5500,completed,False
order_R1452_0_콜드브루,1452,2026-06-18T15:37:00,5500,completed,False
order_R1452_1_콜드브루,1452,2026-12-03T18:33:00,5500,completed,False
order_R1452_2_콜드브루,1452,2026-08-09T22:40:00,5500,completed,False
order_R1452_3_콜드브루,1452,2026-03-10T10:00:00,11000,completed,False
order_R1452_4_콜드브루,1452,2026-02-04T23:56:00,5500,completed,False
order_R1452_0_바닐라라떼,1452,2026-09-20T07:36:00,5500,completed,False
order_R1452_0_카라멜마끼아또,1452,2026-09-07T03:19:00,11000,completed,False
order_R1452_0_프라푸치노,1452,2026-06-23T21:09:00,16500,completed,False
order_R1452_0_말차프라페,1452,2026-03-13T05:23:00,5500,completed,False
order_R1453_0_아메리카노_hot,1453,2026-11-30T17:06:00,5500,completed,False
order_R1453_0_아메리카노_ice,1453,2026-11-16T17:58:00,5500,completed,False
order_R1454_0_아메리카노_hot,1454,2026-09-20T02:02:00,16500,completed,False
order_R1454_0_아메리카노_ice,1454,2026-06-03T12:17:00,5500,completed,False
order_R1454_0_녹차라떼,1454,2026-04-09T14:01:00,5500,completed,False
order_R1454_0_캐모마일티,1454,2026-03-29T11:45:00,5500,completed,False
order_R1454_0_복숭아아이스티,1454,2026-09-28T23:39:00,5500,completed,False
order_R1454_0_자몽허니블랙티,1454,2026-03-02T19:52:00,5500,completed,False
order_R1455_0_아메리카노_hot,1455,2026-05-29T21:52:00,5500,completed,False
order_R1455_0_아메리카노_ice,1455,2026-09-20T18:15:00,5500,completed,False
order_R1455_0_카페라떼_hot,1455,2026-02-18T02:23:00,5500,completed,False
order_R1455_0_카페라떼_ice,1455,2026-07-02T08:28:00,5500,completed,False
order_R1455_0_카푸치노,1455,2026-03-26T04:11:00,5500,completed,False
order_R1455_0_바닐라라떼,1455,2026-09-13T13:54:00,5500,completed,False
order_R1455_0_카라멜마끼아또,1455,2026-09-08T06:24:00,5500,completed,False
order_R1456_0_콜드브루라떼,1456,2026-05-29T10:05:00,5500,completed,False
order_R1456_0_바닐라라떼,1456,2026-07-20T11:24:00,5500,completed,False
order_R1456_0_카라멜마끼아또,1456,2026-02-19T06:35:00,5500,completed,False
order_R1456_0_프라푸치노,1456,2026-09-05T21:01:00,5500,completed,False
order_R1456_0_말차프라페,1456,2026-11-23T03:01:00,11000,completed,False
order_R1457_0_카페라떼_hot,1457,2026-12-01T12:08:00,5500,completed,False
order_R1457_0_카페라떼_ice,1457,2026-12-06T15:01:00,5500,completed,False
order_R1458_0_카페라떼_hot,1458,2026-09-04T22:46:00,5500,completed,False
order_R1458_0_카페라떼_ice,1458,2026-08-13T06:58:00,16500,completed,False
order_R1458_0_드립커피,1458,2026-03-23T16:13:00,5500,completed,False
order_R1459_0_콜드브루라떼,1459,2026-01-28T08:15:00,5500,completed,False
order_R1459_1_콜드브루라떼,1459,2026-05-13T22:25:00,5500,completed,False
order_R1459_2_콜드브루라떼,1459,2026-11-06T07:05:00,5500,completed,False
order_R1459_0_레몬에이드,1459,2026-04-06T19:45:00,5500,completed,False
order_R1459_0_자몽에이드,1459,2026-01-03T07:24:00,5500,completed,False
order_R1460_0_아메리카노_hot,1460,2026-02-20T13:59:00,5500,completed,False
order_R1460_0_아메리카노_ice,1460,2026-12-24T23:43:00,11000,completed,False
order_R1460_0_녹차라떼,1460,2026-01-12T23:54:00,5500,completed,False
order_R1460_0_캐모마일티,1460,2026-10-26T23:02:00,5500,completed,False
order_R1460_0_복숭아아이스티,1460,2026-01-15T12:28:00,5500,completed,False
order_R1460_0_자몽허니블랙티,1460,2026-08-30T16:52:00,11000,completed,False
order_R1460_0_레몬에이드,1460,2026-11-29T13:35:00,5500,completed,False
order_R1460_0_자몽에이드,1460,2026-11-13T17:46:00,5500,completed,False
order_R1461_0_에스프레소,1461,2026-03-08T11:27:00,5500,completed,False
order_R1461_0_아메리카노_hot,1461,2026-06-08T03:35:00,16500,completed,False
order_R1461_0_아메리카노_ice,1461,2026-05-31T00:08:00,11000,completed,False
order_R1461_0_바닐라라떼,1461,2026-05-20T19:39:00,5500,completed,False
order_R1461_0_카라멜마끼아또,1461,2026-08-02T21:13:00,5500,completed,False
order_R1461_0_복숭아아이스티,1461,2026-10-04T01:18:00,16500,completed,False
order_R1461_0_자몽허니블랙티,1461,2026-03-16T19:23:00,5500,completed,False
order_R1462_0_아메리카노_hot,1462,2026-03-13T16:20:00,11000,completed,False
order_R1462_0_아메리카노_ice,1462,2026-02-17T12:40:00,5500,completed,False
order_R1462_0_카페라떼_hot,1462,2026-09-05T10:07:00,5500,completed,False
order_R1462_0_카페라떼_ice,1462,2026-12-08T23:22:00,11000,completed,False
order_R1463_0_아메리카노_hot,1463,2026-09-23T06:42:00,11000,completed,False
order_R1463_0_아메리카노_ice,1463,2026-05-16T18:05:00,5500,completed,False
order_R1463_0_콜드브루,1463,2026-09-09T18:34:00,5500,completed,False
order_R1463_1_콜드브루,1463,2026-09-10T13:11:00,16500,completed,False
order_R1463_0_콜드브루라떼,1463,2026-08-12T04:25:00,5500,completed,False
order_R1463_0_프라푸치노,1463,2026-01-24T16:43:00,5500,completed,False
order_R1463_0_말차프라페,1463,2026-06-14T22:32:00,5500,completed,False
order_R1464_0_아메리카노_hot,1464,2026-10-24T07:48:00,5500,completed,False
order_R1464_0_아메리카노_ice,1464,2026-10-22T08:01:00,16500,completed,False
order_R1464_0_복숭아아이스티,1464,2026-08-01T16:05:00,5500,completed,False
order_R1464_0_자몽허니블랙티,1464,2026-08-20T14:59:00,5500,completed,False
order_R1464_0_레몬에이드,1464,2026-10-12T02:34:00,5500,completed,False
order_R1464_0_자몽에이드,1464,2026-08-29T19:23:00,11000,completed,False
order_R1465_0_아메리카노_hot,1465,2026-04-21T21:12:00,5500,completed,False
order_R1465_0_아메리카노_ice,1465,2026-02-09T23:16:00,11000,completed,False
order_R1465_0_레몬에이드,1465,2026-04-27T12:53:00,5500,completed,False
order_R1465_0_자몽에이드,1465,2026-07-08T15:46:00,5500,completed,False
order_R1466_0_콜드브루,1466,2026-08-13T01:45:00,16500,completed,False
order_R1466_0_드립커피,1466,2026-06-10T11:24:00,5500,completed,False
order_R1466_0_바닐라라떼,1466,2026-01-23T21:07:00,5500,completed,False
order_R1466_0_카라멜마끼아또,1466,2026-05-25T21:08:00,11000,completed,False
order_R1466_0_딸기스무디,1466,2026-12-24T06:16:00,5500,completed,False
order_R1466_0_망고스무디,1466,2026-07-16T16:44:00,11000,completed,False
order_R1467_0_아메리카노_hot,1467,2026-10-06T19:37:00,11000,completed,False
order_R1467_0_아메리카노_ice,1467,2026-10-17T07:40:00,5500,completed,False
order_R1467_0_바닐라라떼,1467,2026-05-14T20:38:00,16500,completed,False
order_R1467_0_카라멜마끼아또,1467,2026-07-09T18:35:00,16500,completed,False
order_R1467_0_딸기스무디,1467,2026-05-28T17:02:00,5500,completed,False
order_R1467_0_망고스무디,1467,2026-06-26T17:52:00,5500,completed,False
order_R1468_0_아메리카노_hot,1468,2026-02-23T09:39:00,11000,completed,False
order_R1468_0_아메리카노_ice,1468,2026-03-17T20:38:00,11000,completed,False
order_R1468_0_카페라떼_hot,1468,2026-07-12T14:15:00,5500,completed,False
order_R1468_0_카페라떼_ice,1468,2026-09-26T20:09:00,5500,completed,False
order_R1469_0_아메리카노_hot,1469,2026-07-06T22:05:00,11000,completed,False
order_R1469_0_아메리카노_ice,1469,2026-01-16T10:51:00,5500,completed,False
order_R1469_0_바닐라라떼,1469,2026-10-22T12:13:00,5500,completed,False
order_R1469_0_카라멜마끼아또,1469,2026-08-03T11:09:00,11000,completed,False
order_R1469_0_딸기스무디,1469,2026-10-25T07:35:00,5500,completed,False
order_R1469_0_망고스무디,1469,2026-12-02T18:00:00,5500,completed,False
order_R1470_0_레몬에이드,1470,2026-08-14T09:40:00,16500,completed,False
order_R1470_0_자몽에이드,1470,2026-10-06T14:15:00,5500,completed,False
order_R1471_0_콜드브루,1471,2026-02-20T00:21:00,5500,completed,False
order_R1471_1_콜드브루,1471,2026-11-27T18:40:00,16500,completed,False
order_R1471_2_콜드브루,1471,2026-10-14T08:40:00,5500,completed,False
order_R1471_3_콜드브루,1471,2026-03-20T21:14:00,11000,completed,False
order_R1471_4_콜드브루,1471,2026-09-03T06:38:00,5500,completed,False
order_R1472_0_카페라떼_hot,1472,2026-01-08T02:35:00,5500,completed,False
order_R1472_0_카페라떼_ice,1472,2026-09-02T16:40:00,11000,completed,False
order_R1472_0_복숭아아이스티,1472,2026-08-14T01:03:00,16500,completed,False
order_R1472_0_자몽허니블랙티,1472,2026-07-26T23:33:00,5500,completed,False
order_R1472_0_레몬에이드,1472,2026-11-22T16:44:00,11000,completed,False
order_R1472_0_자몽에이드,1472,2026-07-21T01:52:00,16500,completed,False
order_R1473_0_에스프레소,1473,2026-03-20T19:43:00,16500,completed,False
order_R1473_0_아메리카노_hot,1473,2026-11-22T19:48:00,5500,completed,False
order_R1473_0_아메리카노_ice,1473,2026-11-16T16:28:00,5500,completed,False
order_R1474_0_에스프레소,1474,2026-04-22T13:15:00,5500,completed,False
order_R1474_0_아메리카노_hot,1474,2026-02-18T01:49:00,5500,completed,False
order_R1474_0_아메리카노_ice,1474,2026-10-01T15:41:00,11000,completed,False
order_R1474_0_카페라떼_hot,1474,2026-10-05T12:11:00,11000,completed,False
order_R1474_0_카페라떼_ice,1474,2026-10-29T19:54:00,5500,completed,False
order_R1474_0_바닐라라떼,1474,2026-08-01T13:57:00,5500,completed,False
order_R1474_0_카라멜마끼아또,1474,2026-07-29T21:37:00,5500,completed,False
order_R1474_0_프라푸치노,1474,2026-05-28T15:30:00,5500,completed,False
order_R1474_0_말차프라페,1474,2026-02-10T10:58:00,5500,completed,False
order_R1474_0_복숭아아이스티,1474,2026-04-26T18:48:00,5500,completed,False
order_R1474_0_자몽허니블랙티,1474,2026-01-27T15:47:00,5500,completed,False
order_R1474_0_레몬에이드,1474,2026-04-27T12:30:00,16500,completed,False
order_R1474_0_자몽에이드,1474,2026-10-11T14:09:00,5500,completed,False
order_R1474_0_딸기스무디,1474,2026-01-03T11:59:00,11000,completed,False
order_R1474_0_망고스무디,1474,2026-04-29T01:37:00,5500,completed,False
order_R1475_0_아메리카노_hot,1475,2026-03-24T22:30:00,5500,completed,False
order_R1475_0_아메리카노_ice,1475,2026-12-31T06:30:00,5500,completed,False
order_R1475_0_카페라떼_hot,1475,2026-08-09T07:42:00,5500,completed,False
order_R1475_0_카페라떼_ice,1475,2026-03-22T11:26:00,5500,completed,False
order_R1475_0_콜드브루라떼,1475,2026-04-28T23:24:00,5500,completed,False
order_R1475_1_콜드브루라떼,1475,2026-12-04T11:11:00,11000,completed,False
order_R1476_0_아메리카노_hot,1476,2026-08-04T13:19:00,5500,completed,False
order_R1476_0_아메리카노_ice,1476,2026-11-07T18:10:00,5500,completed,False
order_R1477_0_딸기스무디,1477,2026-07-30T16:33:00,16500,completed,False
order_R1477_0_망고스무디,1477,2026-03-06T22:38:00,5500,completed,False
order_R1478_0_프라푸치노,1478,2026-04-16T15:00:00,11000,completed,False
order_R1478_0_말차프라페,1478,2026-11-02T12:00:00,5500,completed,False
order_R1478_0_복숭아아이스티,1478,2026-06-08T00:15:00,11000,completed,False
order_R1478_0_자몽허니블랙티,1478,2026-04-06T09:24:00,5500,completed,False
order_R1479_0_카페라떼_hot,1479,2026-05-17T18:31:00,11000,completed,False
order_R1479_0_카페라떼_ice,1479,2026-03-25T10:31:00,5500,completed,False
order_R1479_0_바닐라라떼,1479,2026-10-28T18:48:00,16500,completed,False
order_R1479_0_카라멜마끼아또,1479,2026-10-30T17:08:00,5500,completed,False
order_R1480_0_에스프레소,1480,2026-01-20T22:37:00,11000,completed,False
order_R1480_0_카페라떼_hot,1480,2026-03-01T20:13:00,5500,completed,False
order_R1480_0_카페라떼_ice,1480,2026-11-09T07:39:00,5500,completed,False
order_R1480_0_복숭아아이스티,1480,2026-07-08T11:49:00,5500,completed,False
order_R1480_0_자몽허니블랙티,1480,2026-12-08T11:48:00,16500,completed,False
order_R1481_0_아메리카노_hot,1481,2026-01-20T22:33:00,5500,completed,False
order_R1481_0_아메리카노_ice,1481,2026-03-26T01:12:00,11000,completed,False
order_R1481_0_카페라떼_hot,1481,2026-12-22T13:21:00,5500,completed,False
order_R1481_0_카페라떼_ice,1481,2026-10-11T14:55:00,5500,completed,False
order_R1482_0_아메리카노_hot,1482,2026-07-09T09:43:00,5500,completed,False
order_R1482_0_아메리카노_ice,1482,2026-08-08T14:53:00,11000,completed,False
order_R1482_0_바닐라라떼,1482,2026-01-31T18:58:00,11000,completed,False
order_R1482_0_카라멜마끼아또,1482,2026-09-21T08:02:00,5500,completed,False
order_R1482_0_레몬에이드,1482,2026-02-07T15:04:00,11000,completed,False
order_R1482_0_자몽에이드,1482,2026-03-15T06:17:00,5500,completed,False
order_R1483_0_아메리카노_hot,1483,2026-02-08T18:15:00,5500,completed,False
order_R1483_0_아메리카노_ice,1483,2026-10-03T18:00:00,11000,completed,False
order_R1483_0_카페라떼_hot,1483,2026-01-15T21:22:00,11000,completed,False
order_R1483_0_카페라떼_ice,1483,2026-01-16T17:00:00,11000,completed,False
order_R1483_0_콜드브루,1483,2026-11-07T23:50:00,5500,completed,False
order_R1483_0_드립커피,1483,2026-11-19T21:01:00,16500,completed,False
order_R1483_0_복숭아아이스티,1483,2026-04-12T19:57:00,5500,completed,False
order_R1483_0_자몽허니블랙티,1483,2026-05-25T13:31:00,5500,completed,False
order_R1484_0_녹차라떼,1484,2026-09-17T07:16:00,5500,completed,False
order_R1484_0_캐모마일티,1484,2026-01-21T21:38:00,5500,completed,False
order_R1484_0_복숭아아이스티,1484,2026-10-14T11:55:00,11000,completed,False
order_R1484_0_자몽허니블랙티,1484,2026-12-16T13:28:00,11000,completed,False
order_R1485_0_아메리카노_hot,1485,2026-07-28T08:50:00,5500,completed,False
order_R1485_0_아메리카노_ice,1485,2026-06-02T12:45:00,11000,completed,False
order_R1485_0_카페라떼_hot,1485,2026-08-07T18:28:00,11000,completed,False
order_R1485_0_카페라떼_ice,1485,2026-11-13T15:18:00,5500,completed,False
order_R1485_0_딸기스무디,1485,2026-01-23T15:10:00,5500,completed,False
order_R1485_0_망고스무디,1485,2026-11-02T12:18:00,5500,completed,False
order_R1486_0_카페라떼_hot,1486,2026-07-14T02:27:00,11000,completed,False
order_R1486_0_카페라떼_ice,1486,2026-09-05T18:43:00,5500,completed,False
order_R1486_0_레몬에이드,1486,2026-08-27T22:45:00,11000,completed,False
order_R1486_0_자몽에이드,1486,2026-11-01T11:57:00,5500,completed,False
order_R1487_0_아메리카노_hot,1487,2026-11-12T15:21:00,11000,completed,False
order_R1487_0_아메리카노_ice,1487,2026-06-28T10:48:00,5500,completed,False
order_R1487_0_카페라떼_hot,1487,2026-09-04T20:50:00,5500,completed,False
order_R1487_0_카페라떼_ice,1487,2026-12-04T03:26:00,11000,completed,False
order_R1488_0_아메리카노_hot,1488,2026-11-16T02:12:00,5500,completed,False
order_R1488_0_아메리카노_ice,1488,2026-12-04T10:05:00,5500,completed,False
order_R1488_0_드립커피,1488,2026-09-16T17:18:00,5500,completed,False
order_R1488_0_바닐라라떼,1488,2026-12-02T23:08:00,11000,completed,False
order_R1488_0_카라멜마끼아또,1488,2026-07-28T06:23:00,16500,completed,False
order_R1489_0_에스프레소,1489,2026-02-21T08:35:00,5500,completed,False
order_R1489_0_드립커피,1489,2026-05-31T16:18:00,5500,completed,False
order_R1489_0_바닐라라떼,1489,2026-02-12T09:25:00,5500,completed,False
order_R1489_0_카라멜마끼아또,1489,2026-09-04T09:20:00,5500,completed,False
order_R1490_0_레몬에이드,1490,2026-02-10T12:28:00,11000,completed,False
order_R1490_0_자몽에이드,1490,2026-04-15T16:47:00,16500,completed,False
order_R1491_0_아메리카노_hot,1491,2026-07-19T22:49:00,5500,completed,False
order_R1491_0_아메리카노_ice,1491,2026-08-19T07:41:00,5500,completed,False
order_R1491_0_바닐라라떼,1491,2026-08-04T12:57:00,5500,completed,False
order_R1491_0_카라멜마끼아또,1491,2026-08-24T14:05:00,5500,completed,False
order_R1492_0_아메리카노_hot,1492,2026-08-09T15:01:00,11000,completed,False
order_R1492_0_아메리카노_ice,1492,2026-04-06T11:28:00,11000,completed,False
order_R1492_0_카페라떼_hot,1492,2026-08-14T06:58:00,11000,completed,False
order_R1492_0_카페라떼_ice,1492,2026-06-03T11:25:00,11000,completed,False
order_R1492_0_콜드브루,1492,2026-02-27T23:27:00,11000,completed,False
order_R1492_1_콜드브루,1492,2026-07-26T16:05:00,11000,completed,False
order_R1492_2_콜드브루,1492,2026-05-20T12:21:00,5500,completed,False
order_R1492_3_콜드브루,1492,2026-09-05T14:57:00,5500,completed,False
order_R1493_0_복숭아아이스티,1493,2026-11-02T10:59:00,5500,completed,False
order_R1493_0_자몽허니블랙티,1493,2026-09-30T18:10:00,11000,completed,False
order_R1493_0_레몬에이드,1493,2026-02-24T06:38:00,5500,completed,False
order_R1493_0_자몽에이드,1493,2026-03-28T13:09:00,5500,completed,False
order_R1494_0_아메리카노_hot,1494,2026-09-06T17:41:00,5500,completed,False
order_R1494_0_아메리카노_ice,1494,2026-09-24T21:51:00,5500,completed,False
order_R1494_0_딸기스무디,1494,2026-03-11T22:54:00,5500,completed,False
order_R1494_0_망고스무디,1494,2026-04-20T23:43:00,5500,completed,False
order_R1495_0_아메리카노_hot,1495,2026-08-08T13:29:00,11000,completed,False
order_R1495_0_아메리카노_ice,1495,2026-06-13T10:56:00,11000,completed,False
order_R1495_0_카푸치노,1495,2026-07-23T12:11:00,11000,completed,False
order_R1495_0_바닐라라떼,1495,2026-01-13T16:54:00,5500,completed,False
order_R1495_0_카라멜마끼아또,1495,2026-08-13T15:01:00,5500,completed,False
order_R1495_0_레몬에이드,1495,2026-07-26T06:20:00,11000,completed,False
order_R1495_0_자몽에이드,1495,2026-12-04T16:42:00,11000,completed,False
order_R1496_0_아메리카노_hot,1496,2026-01-02T08:34:00,5500,completed,False
order_R1496_0_아메리카노_ice,1496,2026-01-20T22:37:00,11000,completed,False
order_R1496_0_드립커피,1496,2026-04-11T15:08:00,11000,completed,False
order_R1496_0_바닐라라떼,1496,2026-09-24T23:54:00,5500,completed,False
order_R1496_0_카라멜마끼아또,1496,2026-12-28T22:48:00,11000,completed,False
order_R1496_0_프라푸치노,1496,2026-09-06T06:31:00,11000,completed,False
order_R1496_0_말차프라페,1496,2026-04-22T19:17:00,16500,completed,False
order_R1497_0_아메리카노_hot,1497,2026-09-18T12:37:00,5500,completed,False
order_R1497_0_아메리카노_ice,1497,2026-04-11T21:23:00,11000,completed,False
order_R1497_0_카페라떼_hot,1497,2026-03-29T22:28:00,11000,completed,False
order_R1497_0_카페라떼_ice,1497,2026-02-05T13:43:00,5500,completed,False
order_R1497_0_바닐라라떼,1497,2026-05-23T10:14:00,11000,completed,False
order_R1497_0_카라멜마끼아또,1497,2026-11-18T21:05:00,11000,completed,False
order_R1497_0_녹차라떼,1497,2026-03-23T10:15:00,11000,completed,False
order_R1497_0_캐모마일티,1497,2026-07-31T21:59:00,5500,completed,False
order_R1497_0_딸기스무디,1497,2026-05-23T02:56:00,11000,completed,False
order_R1497_0_망고스무디,1497,2026-08-09T15:45:00,11000,completed,False
order_R1498_0_아메리카노_hot,1498,2026-04-21T04:32:00,5500,completed,False
order_R1498_0_아메리카노_ice,1498,2026-02-03T12:29:00,11000,completed,False
order_R1498_0_카푸치노,1498,2026-07-17T19:49:00,11000,completed,False
order_R1498_0_레몬에이드,1498,2026-12-13T16:55:00,5500,completed,False
order_R1498_0_자몽에이드,1498,2026-07-08T21:56:00,11000,completed,False
order_R1499_0_아메리카노_hot,1499,2026-02-22T11:59:00,11000,completed,False
order_R1499_0_아메리카노_ice,1499,2026-07-29T11:30:00,5500,completed,False
order_R1499_0_카페라떼_hot,1499,2026-04-21T22:34:00,5500,completed,False
order_R1499_0_카페라떼_ice,1499,2026-10-26T03:57:00,5500,completed,False
order_R1499_0_프라푸치노,1499,2026-05-04T15:43:00,5500,completed,False
order_R1499_0_말차프라페,1499,2026-07-23T22:00:00,5500,completed,False
order_R1499_0_녹차라떼,1499,2026-08-20T11:58:00,11000,completed,False
order_R1499_0_캐모마일티,1499,2026-02-16T21:26:00,11000,completed,False
order_R1500_0_바닐라라떼,1500,2026-08-31T00:49:00,11000,completed,False
order_R1500_0_카라멜마끼아또,1500,2026-10-21T15:46:00,5500,completed,False
order_R1500_0_복숭아아이스티,1500,2026-03-08T12:32:00,5500,completed,False
order_R1500_0_자몽허니블랙티,1500,2026-11-28T16:51:00,11000,completed,False
order_R1501_0_아메리카노_hot,1501,2026-09-05T07:19:00,16500,completed,False
order_R1501_0_아메리카노_ice,1501,2026-06-08T00:27:00,5500,completed,False
order_R1501_0_프라푸치노,1501,2026-08-30T14:06:00,11000,completed,False
order_R1501_0_말차프라페,1501,2026-07-11T23:42:00,5500,completed,False
order_R1501_0_레몬에이드,1501,2026-06-17T08:29:00,5500,completed,False
order_R1501_0_자몽에이드,1501,2026-03-10T07:28:00,5500,completed,False
order_R1502_0_아메리카노_hot,1502,2026-03-15T01:55:00,5500,completed,False
order_R1502_0_아메리카노_ice,1502,2026-05-11T20:27:00,5500,completed,False
order_R1502_0_녹차라떼,1502,2026-07-04T20:28:00,11000,completed,False
order_R1502_0_캐모마일티,1502,2026-12-07T11:16:00,5500,completed,False
order_R1503_0_아메리카노_hot,1503,2026-04-16T16:59:00,5500,completed,False
order_R1503_0_아메리카노_ice,1503,2026-09-20T13:39:00,5500,completed,False
order_R1503_0_바닐라라떼,1503,2026-05-31T04:47:00,11000,completed,False
order_R1503_0_카라멜마끼아또,1503,2026-10-14T22:02:00,11000,completed,False
order_R1503_0_프라푸치노,1503,2026-06-16T11:07:00,5500,completed,False
order_R1503_0_말차프라페,1503,2026-07-18T10:49:00,11000,completed,False
order_R1503_0_녹차라떼,1503,2026-08-05T19:29:00,5500,completed,False
order_R1503_0_캐모마일티,1503,2026-02-19T14:57:00,11000,completed,False
order_R1504_0_아메리카노_hot,1504,2026-12-06T10:42:00,11000,completed,False
order_R1504_0_아메리카노_ice,1504,2026-06-11T04:30:00,5500,completed,False
order_R1504_0_카페라떼_hot,1504,2026-09-26T15:34:00,5500,completed,False
order_R1504_0_카페라떼_ice,1504,2026-04-30T18:23:00,11000,completed,False
order_R1504_0_바닐라라떼,1504,2026-05-16T01:57:00,11000,completed,False
order_R1504_0_카라멜마끼아또,1504,2026-02-16T11:39:00,11000,completed,False
order_R1504_0_녹차라떼,1504,2026-04-24T09:15:00,5500,completed,False
order_R1504_0_캐모마일티,1504,2026-03-28T14:08:00,5500,completed,False
order_R1504_0_레몬에이드,1504,2026-07-17T10:38:00,5500,completed,False
order_R1504_0_자몽에이드,1504,2026-06-03T04:41:00,5500,completed,False
order_R1505_0_카페라떼_hot,1505,2026-02-15T13:12:00,16500,completed,False
order_R1505_0_카페라떼_ice,1505,2026-07-30T23:15:00,5500,completed,False
order_R1505_0_바닐라라떼,1505,2026-09-30T13:42:00,16500,completed,False
order_R1505_0_카라멜마끼아또,1505,2026-08-08T22:37:00,5500,completed,False
order_R1506_0_아메리카노_hot,1506,2026-02-28T12:29:00,11000,completed,False
order_R1506_0_아메리카노_ice,1506,2026-11-24T12:16:00,11000,completed,False
order_R1506_0_복숭아아이스티,1506,2026-11-14T07:36:00,5500,completed,False
order_R1506_0_자몽허니블랙티,1506,2026-07-02T15:23:00,11000,completed,False
order_R1506_0_딸기스무디,1506,2026-08-27T11:05:00,5500,completed,False
order_R1506_0_망고스무디,1506,2026-03-17T20:11:00,5500,completed,False
order_R1507_0_아메리카노_hot,1507,2026-12-01T15:25:00,5500,completed,False
order_R1507_0_아메리카노_ice,1507,2026-09-20T11:12:00,11000,completed,False
order_R1507_0_녹차라떼,1507,2026-09-19T20:10:00,5500,completed,False
order_R1507_0_캐모마일티,1507,2026-04-28T11:39:00,5500,completed,False
order_R1507_0_레몬에이드,1507,2026-10-17T12:37:00,16500,completed,False
order_R1507_0_자몽에이드,1507,2026-12-03T15:42:00,11000,completed,False
order_R1508_0_아메리카노_hot,1508,2026-07-25T12:14:00,5500,completed,False
order_R1508_0_아메리카노_ice,1508,2026-07-19T15:29:00,5500,completed,False
order_R1508_0_바닐라라떼,1508,2026-09-14T17:49:00,5500,completed,False
order_R1508_0_카라멜마끼아또,1508,2026-10-02T13:15:00,5500,completed,False
order_R1508_0_프라푸치노,1508,2026-12-08T20:22:00,11000,completed,False
order_R1508_0_말차프라페,1508,2026-10-28T22:16:00,11000,completed,False
order_R1508_0_레몬에이드,1508,2026-05-02T13:05:00,5500,completed,False
order_R1508_0_자몽에이드,1508,2026-10-07T14:17:00,16500,completed,False
order_R1508_0_딸기스무디,1508,2026-11-05T15:05:00,11000,completed,False
order_R1508_0_망고스무디,1508,2026-06-19T21:46:00,5500,completed,False
order_R1509_0_아메리카노_hot,1509,2026-11-16T10:00:00,5500,completed,False
order_R1509_0_아메리카노_ice,1509,2026-04-24T09:48:00,11000,completed,False
order_R1509_0_카페라떼_hot,1509,2026-05-06T18:37:00,16500,completed,False
order_R1509_0_카페라떼_ice,1509,2026-12-20T18:58:00,11000,completed,False
order_R1509_0_바닐라라떼,1509,2026-09-17T19:27:00,5500,completed,False
order_R1509_0_카라멜마끼아또,1509,2026-02-04T12:12:00,5500,completed,False
order_R1509_0_프라푸치노,1509,2026-02-10T10:12:00,11000,completed,False
order_R1509_0_말차프라페,1509,2026-11-06T10:48:00,5500,completed,False
order_R1509_0_복숭아아이스티,1509,2026-08-07T22:35:00,5500,completed,False
order_R1509_0_자몽허니블랙티,1509,2026-01-30T11:36:00,5500,completed,False
order_R1510_0_아메리카노_hot,1510,2026-02-25T11:11:00,16500,completed,False
order_R1510_0_아메리카노_ice,1510,2026-06-16T10:03:00,5500,completed,False
order_R1510_0_카페라떼_hot,1510,2026-05-15T13:50:00,5500,completed,False
order_R1510_0_카페라떼_ice,1510,2026-02-25T05:33:00,5500,completed,False
order_R1510_0_카푸치노,1510,2026-03-28T13:04:00,5500,completed,False
order_R1510_0_복숭아아이스티,1510,2026-08-04T11:02:00,5500,completed,False
order_R1510_0_자몽허니블랙티,1510,2026-06-08T17:26:00,5500,completed,False
order_R1510_0_딸기스무디,1510,2026-10-17T22:49:00,11000,completed,False
order_R1510_0_망고스무디,1510,2026-12-13T11:27:00,11000,completed,False
order_R1511_0_아메리카노_hot,1511,2026-01-25T13:49:00,11000,completed,False
order_R1511_0_아메리카노_ice,1511,2026-04-09T15:09:00,5500,completed,False
order_R1511_0_카페라떼_hot,1511,2026-05-14T22:14:00,5500,completed,False
order_R1511_0_카페라떼_ice,1511,2026-09-15T23:23:00,5500,completed,False
order_R1511_0_복숭아아이스티,1511,2026-12-09T15:45:00,5500,completed,False
order_R1511_0_자몽허니블랙티,1511,2026-10-12T17:23:00,11000,completed,False
order_R1511_0_레몬에이드,1511,2026-11-16T07:04:00,5500,completed,False
order_R1511_0_자몽에이드,1511,2026-08-20T12:34:00,5500,completed,False
order_R1512_0_아메리카노_hot,1512,2026-02-25T23:57:00,11000,completed,False
order_R1512_0_아메리카노_ice,1512,2026-01-11T18:53:00,5500,completed,False
order_R1512_0_카페라떼_hot,1512,2026-04-08T10:23:00,5500,completed,False
order_R1512_0_카페라떼_ice,1512,2026-02-25T19:04:00,16500,completed,False
order_R1512_0_복숭아아이스티,1512,2026-03-18T14:00:00,5500,completed,False
order_R1512_0_자몽허니블랙티,1512,2026-02-26T19:40:00,5500,completed,False
order_R1513_0_아메리카노_hot,1513,2026-02-17T06:57:00,11000,completed,False
order_R1513_0_아메리카노_ice,1513,2026-04-28T20:36:00,5500,completed,False
order_R1513_0_콜드브루,1513,2026-12-16T10:54:00,16500,completed,False
order_R1513_1_콜드브루,1513,2026-08-14T20:44:00,11000,completed,False
order_R1513_2_콜드브루,1513,2026-09-07T14:37:00,5500,completed,False
order_R1513_0_딸기스무디,1513,2026-12-18T17:50:00,5500,completed,False
order_R1513_0_망고스무디,1513,2026-08-11T06:50:00,5500,completed,False
order_R1514_0_아메리카노_hot,1514,2026-10-02T18:13:00,5500,completed,False
order_R1514_0_아메리카노_ice,1514,2026-11-17T11:30:00,5500,completed,False
order_R1514_0_바닐라라떼,1514,2026-07-29T13:42:00,11000,completed,False
order_R1514_0_카라멜마끼아또,1514,2026-10-07T08:27:00,11000,completed,False
order_R1514_0_레몬에이드,1514,2026-06-27T15:08:00,11000,completed,False
order_R1514_0_자몽에이드,1514,2026-11-24T00:56:00,5500,completed,False
order_R1515_0_아메리카노_hot,1515,2026-01-02T08:59:00,5500,completed,False
order_R1515_0_아메리카노_ice,1515,2026-09-04T15:36:00,11000,completed,False
order_R1515_0_콜드브루,1515,2026-04-07T08:36:00,5500,completed,False
order_R1515_0_프라푸치노,1515,2026-06-19T22:51:00,5500,completed,False
order_R1515_0_말차프라페,1515,2026-08-05T06:23:00,16500,completed,False
order_R1515_0_복숭아아이스티,1515,2026-01-01T19:09:00,5500,completed,False
order_R1515_0_자몽허니블랙티,1515,2026-07-18T02:21:00,11000,completed,False
order_R1515_0_레몬에이드,1515,2026-08-28T20:19:00,11000,completed,False
order_R1515_0_자몽에이드,1515,2026-09-04T09:35:00,5500,completed,False
order_R1516_0_아메리카노_hot,1516,2026-03-28T18:33:00,5500,completed,False
order_R1516_0_아메리카노_ice,1516,2026-01-04T06:05:00,5500,completed,False
order_R1517_0_아메리카노_hot,1517,2026-02-14T11:52:00,5500,completed,False
order_R1517_0_아메리카노_ice,1517,2026-03-29T23:49:00,5500,completed,False
order_R1518_0_콜드브루,1518,2026-04-17T09:18:00,5500,completed,False
order_R1518_1_콜드브루,1518,2026-02-23T17:14:00,5500,completed,False
order_R1518_2_콜드브루,1518,2026-04-08T14:27:00,5500,completed,False
order_R1518_3_콜드브루,1518,2026-01-18T13:14:00,5500,completed,False
order_R1519_0_아메리카노_hot,1519,2026-04-04T17:34:00,5500,completed,False
order_R1519_0_아메리카노_ice,1519,2026-05-03T12:32:00,16500,completed,False
order_R1519_0_카페라떼_hot,1519,2026-05-04T16:48:00,5500,completed,False
order_R1519_0_카페라떼_ice,1519,2026-05-08T01:38:00,11000,completed,False
order_R1519_0_콜드브루,1519,2026-03-22T12:47:00,5500,completed,False
order_R1520_0_아메리카노_hot,1520,2026-09-01T20:55:00,11000,completed,False
order_R1520_0_아메리카노_ice,1520,2026-08-24T19:14:00,5500,completed,False
order_R1520_0_녹차라떼,1520,2026-04-01T16:56:00,5500,completed,False
order_R1520_0_캐모마일티,1520,2026-10-10T16:24:00,11000,completed,False
order_R1520_0_딸기스무디,1520,2026-09-15T15:04:00,5500,completed,False
order_R1520_0_망고스무디,1520,2026-01-19T16:24:00,5500,completed,False
order_R1521_0_아메리카노_hot,1521,2026-06-29T21:06:00,16500,completed,False
order_R1521_0_아메리카노_ice,1521,2026-04-23T19:20:00,5500,completed,False
order_R1521_0_카페라떼_hot,1521,2026-08-28T16:16:00,5500,completed,False
order_R1521_0_카페라떼_ice,1521,2026-07-18T17:30:00,5500,completed,False
order_R1521_0_콜드브루,1521,2026-01-26T00:05:00,11000,completed,False
order_R1521_0_녹차라떼,1521,2026-08-19T20:17:00,5500,completed,False
order_R1521_0_캐모마일티,1521,2026-03-25T08:37:00,16500,completed,False
order_R1522_0_바닐라라떼,1522,2026-03-21T06:42:00,5500,completed,False
order_R1522_0_카라멜마끼아또,1522,2026-03-28T19:03:00,5500,completed,False
order_R1523_0_아메리카노_hot,1523,2026-07-14T12:50:00,5500,completed,False
order_R1523_0_아메리카노_ice,1523,2026-04-21T19:46:00,5500,completed,False
order_R1523_0_카페라떼_hot,1523,2026-04-20T15:56:00,5500,completed,False
order_R1523_0_카페라떼_ice,1523,2026-03-12T11:06:00,5500,completed,False
order_R1523_0_카푸치노,1523,2026-08-29T10:05:00,5500,completed,False
order_R1523_1_카푸치노,1523,2026-01-03T19:59:00,5500,completed,False
order_R1523_2_카푸치노,1523,2026-09-10T12:30:00,11000,completed,False
order_R1523_3_카푸치노,1523,2026-04-01T12:33:00,5500,completed,False
order_R1523_4_카푸치노,1523,2026-03-20T19:27:00,11000,completed,False
order_R1523_0_바닐라라떼,1523,2026-07-01T09:19:00,5500,completed,False
order_R1523_0_카라멜마끼아또,1523,2026-09-18T11:34:00,5500,completed,False
order_R1523_0_복숭아아이스티,1523,2026-03-24T16:14:00,11000,completed,False
order_R1523_0_자몽허니블랙티,1523,2026-08-31T09:00:00,5500,completed,False
order_R1524_0_아메리카노_hot,1524,2026-05-17T22:58:00,5500,completed,False
order_R1524_0_아메리카노_ice,1524,2026-07-07T17:34:00,16500,completed,False
order_R1524_0_카페라떼_hot,1524,2026-04-11T12:15:00,5500,completed,False
order_R1524_0_카페라떼_ice,1524,2026-12-13T13:41:00,11000,completed,False
order_R1524_0_바닐라라떼,1524,2026-10-11T23:58:00,5500,completed,False
order_R1524_0_카라멜마끼아또,1524,2026-10-27T22:29:00,5500,completed,False
order_R1524_0_딸기스무디,1524,2026-03-11T02:03:00,5500,completed,False
order_R1524_0_망고스무디,1524,2026-03-17T10:17:00,11000,completed,False
order_R1525_0_아메리카노_hot,1525,2026-04-05T21:50:00,5500,completed,False
order_R1525_0_아메리카노_ice,1525,2026-06-19T20:55:00,5500,completed,False
order_R1525_0_카페라떼_hot,1525,2026-04-25T11:05:00,11000,completed,False
order_R1525_0_카페라떼_ice,1525,2026-12-09T10:30:00,11000,completed,False
order_R1525_0_바닐라라떼,1525,2026-01-20T22:00:00,5500,completed,False
order_R1525_0_카라멜마끼아또,1525,2026-10-11T06:15:00,5500,completed,False
order_R1525_0_프라푸치노,1525,2026-05-11T06:20:00,11000,completed,False
order_R1525_0_말차프라페,1525,2026-06-02T09:20:00,5500,completed,False
order_R1526_0_아메리카노_hot,1526,2026-03-19T04:37:00,11000,completed,False
order_R1526_0_아메리카노_ice,1526,2026-11-23T15:14:00,5500,completed,False
order_R1526_0_카푸치노,1526,2026-06-18T00:01:00,5500,completed,False
order_R1526_1_카푸치노,1526,2026-05-22T18:22:00,11000,completed,False
order_R1527_0_아메리카노_hot,1527,2026-03-23T10:32:00,5500,completed,False
order_R1527_0_아메리카노_ice,1527,2026-05-29T20:51:00,5500,completed,False
order_R1527_0_카페라떼_hot,1527,2026-04-06T14:44:00,5500,completed,False
order_R1527_0_카페라떼_ice,1527,2026-08-08T14:04:00,5500,completed,False
order_R1528_0_아메리카노_hot,1528,2026-01-18T11:04:00,5500,completed,False
order_R1528_0_아메리카노_ice,1528,2026-01-30T16:56:00,5500,completed,False
order_R1528_0_카페라떼_hot,1528,2026-11-11T21:53:00,16500,completed,False
order_R1528_0_카페라떼_ice,1528,2026-04-04T16:48:00,5500,completed,False
order_R1528_0_복숭아아이스티,1528,2026-06-14T21:55:00,5500,completed,False
order_R1528_0_자몽허니블랙티,1528,2026-04-25T15:45:00,5500,completed,False
order_R1529_0_아메리카노_hot,1529,2026-12-05T08:14:00,5500,completed,False
order_R1529_0_아메리카노_ice,1529,2026-12-19T21:28:00,16500,completed,False
order_R1529_0_콜드브루,1529,2026-07-19T19:00:00,5500,completed,False
order_R1530_0_아메리카노_hot,1530,2026-12-10T01:35:00,5500,completed,False
order_R1530_0_아메리카노_ice,1530,2026-11-22T06:18:00,16500,completed,False
order_R1530_0_카페라떼_hot,1530,2026-04-17T16:18:00,11000,completed,False
order_R1530_0_카페라떼_ice,1530,2026-08-05T15:54:00,5500,completed,False
order_R1530_0_딸기스무디,1530,2026-10-21T13:58:00,11000,completed,False
order_R1530_0_망고스무디,1530,2026-09-27T12:31:00,5500,completed,False
order_R1531_0_에스프레소,1531,2026-12-23T19:34:00,5500,completed,False
order_R1531_0_카페라떼_hot,1531,2026-09-14T01:49:00,11000,completed,False
order_R1531_0_카페라떼_ice,1531,2026-07-22T07:14:00,5500,completed,False
order_R1531_0_카푸치노,1531,2026-02-03T13:26:00,11000,completed,False
order_R1531_0_프라푸치노,1531,2026-11-01T06:13:00,5500,completed,False
order_R1531_0_말차프라페,1531,2026-03-10T23:34:00,11000,completed,False
order_R1531_0_레몬에이드,1531,2026-06-21T12:59:00,11000,completed,False
order_R1531_0_자몽에이드,1531,2026-08-21T16:26:00,5500,completed,False
order_R1532_0_바닐라라떼,1532,2026-11-18T16:06:00,16500,completed,False
order_R1532_0_카라멜마끼아또,1532,2026-08-13T21:37:00,5500,completed,False
order_R1532_0_레몬에이드,1532,2026-05-24T10:12:00,5500,completed,False
order_R1532_0_자몽에이드,1532,2026-06-08T12:47:00,5500,completed,False
order_R1533_0_아메리카노_hot,1533,2026-08-28T21:08:00,11000,completed,False
order_R1533_0_아메리카노_ice,1533,2026-02-26T11:40:00,5500,completed,False
order_R1533_0_드립커피,1533,2026-09-25T23:48:00,5500,completed,False
order_R1533_0_바닐라라떼,1533,2026-09-08T13:09:00,5500,completed,False
order_R1533_0_카라멜마끼아또,1533,2026-03-28T13:37:00,5500,completed,False
order_R1534_0_카페라떼_hot,1534,2026-11-13T14:05:00,16500,completed,False
order_R1534_0_카페라떼_ice,1534,2026-10-30T14:56:00,16500,completed,False
order_R1534_0_카푸치노,1534,2026-05-28T03:13:00,11000,completed,False
order_R1534_0_프라푸치노,1534,2026-12-16T13:59:00,5500,completed,False
order_R1534_0_말차프라페,1534,2026-11-20T13:38:00,5500,completed,False
order_R1534_0_딸기스무디,1534,2026-08-14T17:58:00,11000,completed,False
order_R1534_0_망고스무디,1534,2026-02-13T09:51:00,5500,completed,False
order_R1535_0_아메리카노_hot,1535,2026-12-15T22:57:00,5500,completed,False
order_R1535_0_아메리카노_ice,1535,2026-02-15T22:34:00,5500,completed,False
order_R1535_0_카페라떼_hot,1535,2026-12-14T22:09:00,11000,completed,False
order_R1535_0_카페라떼_ice,1535,2026-08-15T14:26:00,16500,completed,False
order_R1535_0_카푸치노,1535,2026-12-31T21:37:00,5500,completed,False
order_R1535_0_복숭아아이스티,1535,2026-12-21T01:28:00,11000,completed,False
order_R1535_0_자몽허니블랙티,1535,2026-08-13T08:52:00,5500,completed,False
order_R1536_0_아메리카노_hot,1536,2026-11-12T03:01:00,5500,completed,False
order_R1536_0_아메리카노_ice,1536,2026-05-03T19:35:00,5500,completed,False
order_R1536_0_카페라떼_hot,1536,2026-10-22T15:44:00,11000,completed,False
order_R1536_0_카페라떼_ice,1536,2026-02-19T15:58:00,5500,completed,False
order_R1536_0_바닐라라떼,1536,2026-12-12T07:26:00,5500,completed,False
order_R1536_0_카라멜마끼아또,1536,2026-10-16T12:53:00,16500,completed,False
order_R1537_0_드립커피,1537,2026-10-09T21:36:00,5500,completed,False
order_R1538_0_바닐라라떼,1538,2026-05-29T03:41:00,11000,completed,False
order_R1538_0_카라멜마끼아또,1538,2026-07-19T20:21:00,11000,completed,False
order_R1538_0_녹차라떼,1538,2026-01-07T06:01:00,11000,completed,False
order_R1538_0_캐모마일티,1538,2026-08-19T04:30:00,11000,completed,False
order_R1538_0_레몬에이드,1538,2026-11-08T02:10:00,5500,completed,False
order_R1538_0_자몽에이드,1538,2026-03-10T08:55:00,5500,completed,False
order_R1539_0_아메리카노_hot,1539,2026-08-08T21:10:00,16500,completed,False
order_R1539_0_아메리카노_ice,1539,2026-05-26T19:07:00,5500,completed,False
order_R1539_0_콜드브루,1539,2026-08-23T22:22:00,11000,completed,False
order_R1539_1_콜드브루,1539,2026-07-25T10:53:00,5500,completed,False
order_R1539_2_콜드브루,1539,2026-05-01T13:27:00,11000,completed,False
order_R1539_3_콜드브루,1539,2026-03-15T23:16:00,16500,completed,False
order_R1539_0_드립커피,1539,2026-12-03T14:40:00,11000,completed,False
order_R1539_0_녹차라떼,1539,2026-12-16T21:02:00,11000,completed,False
order_R1539_0_캐모마일티,1539,2026-05-10T19:47:00,11000,completed,False
order_R1540_0_카페라떼_hot,1540,2026-09-19T20:47:00,5500,completed,False
order_R1540_0_카페라떼_ice,1540,2026-12-14T22:16:00,5500,completed,False
order_R1540_0_카푸치노,1540,2026-12-05T21:31:00,5500,completed,False
order_R1540_1_카푸치노,1540,2026-03-24T20:48:00,5500,completed,False
order_R1540_0_딸기스무디,1540,2026-05-30T01:29:00,5500,completed,False
order_R1540_0_망고스무디,1540,2026-01-25T07:50:00,5500,completed,False
order_R1541_0_아메리카노_hot,1541,2026-11-26T05:46:00,11000,completed,False
order_R1541_0_아메리카노_ice,1541,2026-03-06T06:56:00,5500,completed,False
order_R1541_0_카페라떼_hot,1541,2026-06-20T12:02:00,11000,completed,False
order_R1541_0_카페라떼_ice,1541,2026-09-16T10:39:00,5500,completed,False
order_R1541_0_바닐라라떼,1541,2026-01-11T12:50:00,11000,completed,False
order_R1541_0_카라멜마끼아또,1541,2026-05-19T21:44:00,5500,completed,False
order_R1541_0_레몬에이드,1541,2026-07-17T15:49:00,5500,completed,False
order_R1541_0_자몽에이드,1541,2026-05-03T19:12:00,5500,completed,False
order_R1542_0_아메리카노_hot,1542,2026-06-30T21:14:00,11000,completed,False
order_R1542_0_아메리카노_ice,1542,2026-01-19T11:47:00,5500,completed,False
order_R1542_0_카페라떼_hot,1542,2026-04-11T11:00:00,5500,completed,False
order_R1542_0_카페라떼_ice,1542,2026-06-04T18:05:00,16500,completed,False
order_R1543_0_아메리카노_hot,1543,2026-11-24T09:18:00,5500,completed,False
order_R1543_0_아메리카노_ice,1543,2026-10-08T07:57:00,5500,completed,False
order_R1543_0_바닐라라떼,1543,2026-03-13T09:05:00,5500,completed,False
order_R1543_0_카라멜마끼아또,1543,2026-03-17T11:09:00,11000,completed,False
order_R1543_0_레몬에이드,1543,2026-08-13T14:49:00,5500,completed,False
order_R1543_0_자몽에이드,1543,2026-10-08T13:42:00,11000,completed,False
order_R1544_0_아메리카노_hot,1544,2026-12-19T19:42:00,5500,completed,False
order_R1544_0_아메리카노_ice,1544,2026-02-26T14:30:00,5500,completed,False
order_R1544_0_카페라떼_hot,1544,2026-09-10T19:05:00,16500,completed,False
order_R1544_0_카페라떼_ice,1544,2026-01-30T06:36:00,11000,completed,False
order_R1544_0_레몬에이드,1544,2026-02-13T06:54:00,16500,completed,False
order_R1544_0_자몽에이드,1544,2026-07-01T09:43:00,5500,completed,False
order_R1544_0_딸기스무디,1544,2026-09-21T21:15:00,5500,completed,False
order_R1544_0_망고스무디,1544,2026-12-18T21:10:00,16500,completed,False
order_R1545_0_아메리카노_hot,1545,2026-06-28T13:14:00,5500,completed,False
order_R1545_0_아메리카노_ice,1545,2026-09-16T01:04:00,5500,completed,False
order_R1545_0_녹차라떼,1545,2026-12-12T09:33:00,11000,completed,False
order_R1545_0_캐모마일티,1545,2026-07-07T05:36:00,11000,completed,False
order_R1545_0_레몬에이드,1545,2026-04-28T11:05:00,5500,completed,False
order_R1545_0_자몽에이드,1545,2026-12-25T11:00:00,5500,completed,False
order_R1545_0_딸기스무디,1545,2026-02-02T11:32:00,16500,completed,False
order_R1545_0_망고스무디,1545,2026-08-28T15:48:00,11000,completed,False
order_R1546_0_아메리카노_hot,1546,2026-09-18T20:46:00,11000,completed,False
order_R1546_0_아메리카노_ice,1546,2026-02-21T20:25:00,5500,completed,False
order_R1546_0_카페라떼_hot,1546,2026-09-05T06:20:00,5500,completed,False
order_R1546_0_카페라떼_ice,1546,2026-09-08T23:48:00,5500,completed,False
order_R1546_0_콜드브루라떼,1546,2026-10-07T23:48:00,5500,completed,False
order_R1546_0_드립커피,1546,2026-08-21T09:14:00,5500,completed,False
order_R1547_0_에스프레소,1547,2026-02-13T14:35:00,5500,completed,False
order_R1547_1_에스프레소,1547,2026-07-10T13:20:00,5500,completed,False
order_R1547_2_에스프레소,1547,2026-07-10T10:29:00,5500,completed,False
order_R1547_3_에스프레소,1547,2026-05-31T17:04:00,11000,completed,False
order_R1548_0_아메리카노_hot,1548,2026-10-05T09:59:00,5500,completed,False
order_R1548_0_아메리카노_ice,1548,2026-11-10T16:46:00,11000,completed,False
order_R1548_0_바닐라라떼,1548,2026-08-14T03:20:00,5500,completed,False
order_R1548_0_카라멜마끼아또,1548,2026-10-18T09:45:00,11000,completed,False
order_R1548_0_프라푸치노,1548,2026-01-12T06:02:00,5500,completed,False
order_R1548_0_말차프라페,1548,2026-08-02T14:13:00,5500,completed,False
order_R1548_0_딸기스무디,1548,2026-04-21T03:48:00,5500,completed,False
order_R1548_0_망고스무디,1548,2026-07-20T16:53:00,5500,completed,False
order_R1549_0_아메리카노_hot,1549,2026-06-19T09:36:00,5500,completed,False
order_R1549_0_아메리카노_ice,1549,2026-08-25T22:02:00,11000,completed,False
order_R1550_0_아메리카노_hot,1550,2026-05-12T16:19:00,5500,completed,False
order_R1550_0_아메리카노_ice,1550,2026-02-22T03:33:00,5500,completed,False
order_R1550_0_카페라떼_hot,1550,2026-08-10T18:56:00,16500,completed,False
order_R1550_0_카페라떼_ice,1550,2026-06-08T23:57:00,5500,completed,False
order_R1550_0_바닐라라떼,1550,2026-02-22T22:56:00,5500,completed,False
order_R1550_0_카라멜마끼아또,1550,2026-08-11T12:04:00,5500,completed,False
order_R1550_0_프라푸치노,1550,2026-09-07T11:47:00,5500,completed,False
order_R1550_0_말차프라페,1550,2026-04-06T15:47:00,11000,completed,False
order_R1550_0_녹차라떼,1550,2026-12-21T06:01:00,11000,completed,False
order_R1550_0_캐모마일티,1550,2026-06-04T16:46:00,5500,completed,False
order_R1551_0_아메리카노_hot,1551,2026-02-04T18:41:00,5500,completed,False
order_R1551_0_아메리카노_ice,1551,2026-12-11T06:43:00,11000,completed,False
order_R1551_0_바닐라라떼,1551,2026-11-08T07:42:00,5500,completed,False
order_R1551_0_카라멜마끼아또,1551,2026-02-01T11:30:00,5500,completed,False
order_R1552_0_아메리카노_hot,1552,2026-06-10T09:10:00,16500,completed,False
order_R1552_0_아메리카노_ice,1552,2026-01-04T07:22:00,5500,completed,False
order_R1552_0_카페라떼_hot,1552,2026-02-21T02:28:00,11000,completed,False
order_R1552_0_카페라떼_ice,1552,2026-09-20T14:40:00,5500,completed,False
order_R1552_0_콜드브루,1552,2026-09-07T16:24:00,11000,completed,False
order_R1552_0_드립커피,1552,2026-03-30T18:36:00,5500,completed,False
order_R1552_0_바닐라라떼,1552,2026-02-04T12:36:00,11000,completed,False
order_R1552_0_카라멜마끼아또,1552,2026-06-29T18:40:00,11000,completed,False
order_R1553_0_바닐라라떼,1553,2026-11-24T18:57:00,5500,completed,False
order_R1553_0_카라멜마끼아또,1553,2026-04-21T22:26:00,5500,completed,False
order_R1553_0_프라푸치노,1553,2026-02-17T14:33:00,5500,completed,False
order_R1553_0_말차프라페,1553,2026-03-02T13:45:00,5500,completed,False
order_R1553_0_복숭아아이스티,1553,2026-03-04T19:45:00,11000,completed,False
order_R1553_0_자몽허니블랙티,1553,2026-01-30T12:34:00,5500,completed,False
order_R1553_0_딸기스무디,1553,2026-07-08T00:52:00,11000,completed,False
order_R1553_0_망고스무디,1553,2026-09-10T21:37:00,5500,completed,False
order_R1554_0_아메리카노_hot,1554,2026-12-12T16:53:00,11000,completed,False
order_R1554_0_아메리카노_ice,1554,2026-09-08T07:25:00,11000,completed,False
order_R1554_0_카페라떼_hot,1554,2026-03-20T15:07:00,5500,completed,False
order_R1554_0_카페라떼_ice,1554,2026-04-12T19:38:00,11000,completed,False
order_R1554_0_카푸치노,1554,2026-04-02T22:57:00,5500,completed,False
order_R1554_0_바닐라라떼,1554,2026-06-07T19:39:00,5500,completed,False
order_R1554_0_카라멜마끼아또,1554,2026-09-21T10:33:00,11000,completed,False
order_R1554_0_레몬에이드,1554,2026-08-07T12:41:00,11000,completed,False
order_R1554_0_자몽에이드,1554,2026-02-01T15:33:00,16500,completed,False
order_R1555_0_카페라떼_hot,1555,2026-03-21T20:53:00,5500,completed,False
order_R1555_0_카페라떼_ice,1555,2026-03-09T07:40:00,5500,completed,False
order_R1556_0_에스프레소,1556,2026-01-29T21:54:00,5500,completed,False
order_R1556_1_에스프레소,1556,2026-06-12T17:58:00,11000,completed,False
order_R1556_2_에스프레소,1556,2026-11-28T01:10:00,5500,completed,False
order_R1556_0_카페라떼_hot,1556,2026-12-04T23:39:00,5500,completed,False
order_R1556_0_카페라떼_ice,1556,2026-12-18T13:11:00,5500,completed,False
order_R1557_0_아메리카노_hot,1557,2026-11-27T18:56:00,5500,completed,False
order_R1557_0_아메리카노_ice,1557,2026-09-07T07:06:00,5500,completed,False
order_R1558_0_아메리카노_hot,1558,2026-09-17T11:22:00,11000,completed,False
order_R1558_0_아메리카노_ice,1558,2026-07-06T18:44:00,11000,completed,False
order_R1558_0_바닐라라떼,1558,2026-04-11T23:10:00,11000,completed,False
order_R1558_0_카라멜마끼아또,1558,2026-07-02T16:18:00,5500,completed,False
order_R1558_0_딸기스무디,1558,2026-08-08T17:57:00,5500,completed,False
order_R1558_0_망고스무디,1558,2026-03-19T18:11:00,11000,completed,False
order_R1559_0_아메리카노_hot,1559,2026-03-12T17:03:00,5500,completed,False
order_R1559_0_아메리카노_ice,1559,2026-03-30T12:06:00,5500,completed,False
order_R1559_0_카페라떼_hot,1559,2026-05-26T22:44:00,5500,completed,False
order_R1559_0_카페라떼_ice,1559,2026-08-13T09:32:00,5500,completed,False
order_R1559_0_콜드브루,1559,2026-03-08T08:36:00,11000,completed,False
order_R1559_1_콜드브루,1559,2026-11-14T01:11:00,5500,completed,False
order_R1559_2_콜드브루,1559,2026-10-29T09:44:00,16500,completed,False
order_R1559_3_콜드브루,1559,2026-09-30T16:17:00,5500,completed,False
order_R1559_4_콜드브루,1559,2026-11-26T12:21:00,5500,completed,False
order_R1559_0_레몬에이드,1559,2026-06-11T11:10:00,11000,completed,False
order_R1559_0_자몽에이드,1559,2026-11-16T07:35:00,5500,completed,False
order_R1559_0_딸기스무디,1559,2026-07-02T14:01:00,5500,completed,False
order_R1559_0_망고스무디,1559,2026-05-01T12:08:00,5500,completed,False
order_R1560_0_아메리카노_hot,1560,2026-05-22T13:17:00,11000,completed,False
order_R1560_0_아메리카노_ice,1560,2026-11-05T11:31:00,5500,completed,False
order_R1560_0_카페라떼_hot,1560,2026-05-14T02:51:00,5500,completed,False
order_R1560_0_카페라떼_ice,1560,2026-01-02T18:29:00,11000,completed,False
order_R1560_0_드립커피,1560,2026-03-10T13:12:00,5500,completed,False
order_R1560_0_바닐라라떼,1560,2026-05-22T14:52:00,5500,completed,False
order_R1560_0_카라멜마끼아또,1560,2026-02-02T13:25:00,11000,completed,False
order_R1560_0_프라푸치노,1560,2026-11-21T15:57:00,5500,completed,False
order_R1560_0_말차프라페,1560,2026-05-08T12:39:00,5500,completed,False
order_R1561_0_아메리카노_hot,1561,2026-05-18T08:50:00,5500,completed,False
order_R1561_0_아메리카노_ice,1561,2026-07-29T16:41:00,5500,completed,False
order_R1561_0_콜드브루,1561,2026-10-30T21:00:00,5500,completed,False
order_R1561_1_콜드브루,1561,2026-12-20T22:36:00,5500,completed,False
order_R1561_0_녹차라떼,1561,2026-11-08T21:53:00,5500,completed,False
order_R1561_0_캐모마일티,1561,2026-12-05T23:29:00,5500,completed,False
order_R1562_0_카페라떼_hot,1562,2026-08-31T18:48:00,5500,completed,False
order_R1562_0_카페라떼_ice,1562,2026-03-05T09:34:00,5500,completed,False
order_R1562_0_녹차라떼,1562,2026-06-22T15:09:00,11000,completed,False
order_R1562_0_캐모마일티,1562,2026-05-02T10:27:00,5500,completed,False
order_R1562_0_딸기스무디,1562,2026-01-22T19:52:00,5500,completed,False
order_R1562_0_망고스무디,1562,2026-12-08T16:22:00,5500,completed,False
order_R1563_0_아메리카노_hot,1563,2026-05-03T16:08:00,5500,completed,False
order_R1563_0_아메리카노_ice,1563,2026-09-24T05:09:00,11000,completed,False
order_R1563_0_카페라떼_hot,1563,2026-12-13T03:56:00,11000,completed,False
order_R1563_0_카페라떼_ice,1563,2026-09-06T00:14:00,11000,completed,False
order_R1563_0_콜드브루,1563,2026-10-15T15:04:00,16500,completed,False
order_R1563_0_드립커피,1563,2026-10-09T11:37:00,5500,completed,False
order_R1563_0_프라푸치노,1563,2026-09-03T15:45:00,5500,completed,False
order_R1563_0_말차프라페,1563,2026-12-29T10:44:00,11000,completed,False
order_R1563_0_레몬에이드,1563,2026-02-25T12:10:00,5500,completed,False
order_R1563_0_자몽에이드,1563,2026-07-28T19:20:00,5500,completed,False
order_R1564_0_아메리카노_hot,1564,2026-12-22T21:36:00,5500,completed,False
order_R1564_0_아메리카노_ice,1564,2026-11-07T11:23:00,5500,completed,False
order_R1564_0_카페라떼_hot,1564,2026-03-22T15:27:00,5500,completed,False
order_R1564_0_카페라떼_ice,1564,2026-04-16T16:19:00,5500,completed,False
order_R1564_0_바닐라라떼,1564,2026-08-12T22:44:00,5500,completed,False
order_R1564_0_카라멜마끼아또,1564,2026-03-05T11:56:00,5500,completed,False
order_R1564_0_녹차라떼,1564,2026-06-08T08:41:00,5500,completed,False
order_R1564_0_캐모마일티,1564,2026-11-23T07:24:00,5500,completed,False
order_R1564_0_복숭아아이스티,1564,2026-08-13T21:29:00,5500,completed,False
order_R1564_0_자몽허니블랙티,1564,2026-09-23T11:30:00,5500,completed,False
order_R1565_0_카페라떼_hot,1565,2026-04-13T11:20:00,5500,completed,False
order_R1565_0_카페라떼_ice,1565,2026-09-12T22:14:00,11000,completed,False
order_R1565_0_드립커피,1565,2026-10-06T14:31:00,5500,completed,False
order_R1566_0_카페라떼_hot,1566,2026-11-16T13:06:00,5500,completed,False
order_R1566_0_카페라떼_ice,1566,2026-08-31T16:24:00,5500,completed,False
order_R1566_0_콜드브루,1566,2026-03-14T19:32:00,16500,completed,False
order_R1566_1_콜드브루,1566,2026-06-23T11:10:00,5500,completed,False
order_R1566_2_콜드브루,1566,2026-05-27T22:41:00,5500,completed,False
order_R1566_3_콜드브루,1566,2026-04-02T22:27:00,5500,completed,False
order_R1566_4_콜드브루,1566,2026-07-28T05:35:00,11000,completed,False
order_R1566_0_딸기스무디,1566,2026-03-01T20:37:00,5500,completed,False
order_R1566_0_망고스무디,1566,2026-09-26T14:21:00,16500,completed,False
order_R1567_0_에스프레소,1567,2026-07-28T08:45:00,5500,completed,False
order_R1567_1_에스프레소,1567,2026-02-14T15:41:00,5500,completed,False
order_R1567_0_콜드브루,1567,2026-10-14T02:51:00,11000,completed,False
order_R1567_1_콜드브루,1567,2026-10-22T05:09:00,5500,completed,False
order_R1567_2_콜드브루,1567,2026-03-23T12:30:00,5500,completed,False
order_R1567_3_콜드브루,1567,2026-05-07T10:13:00,11000,completed,False
order_R1567_4_콜드브루,1567,2026-03-11T11:09:00,11000,completed,False
order_R1568_0_아메리카노_hot,1568,2026-11-28T23:24:00,5500,completed,False
order_R1568_0_아메리카노_ice,1568,2026-09-30T05:43:00,5500,completed,False
order_R1568_0_카페라떼_hot,1568,2026-06-11T06:48:00,16500,completed,False
order_R1568_0_카페라떼_ice,1568,2026-07-08T06:14:00,5500,completed,False
order_R1568_0_복숭아아이스티,1568,2026-04-04T00:19:00,11000,completed,False
order_R1568_0_자몽허니블랙티,1568,2026-02-12T08:29:00,11000,completed,False
order_R1568_0_딸기스무디,1568,2026-09-16T18:51:00,5500,completed,False
order_R1568_0_망고스무디,1568,2026-06-03T18:06:00,16500,completed,False
order_R1569_0_카페라떼_hot,1569,2026-08-17T17:03:00,11000,completed,False
order_R1569_0_카페라떼_ice,1569,2026-07-16T08:35:00,11000,completed,False
order_R1569_0_녹차라떼,1569,2026-11-23T11:27:00,5500,completed,False
order_R1569_0_캐모마일티,1569,2026-11-18T11:25:00,11000,completed,False
order_R1570_0_아메리카노_hot,1570,2026-03-03T13:35:00,11000,completed,False
order_R1570_0_아메리카노_ice,1570,2026-09-27T09:22:00,11000,completed,False
order_R1570_0_프라푸치노,1570,2026-09-12T20:36:00,5500,completed,False
order_R1570_0_말차프라페,1570,2026-03-18T07:12:00,11000,completed,False
order_R1570_0_복숭아아이스티,1570,2026-10-08T22:21:00,16500,completed,False
order_R1570_0_자몽허니블랙티,1570,2026-10-27T10:02:00,16500,completed,False
order_R1571_0_콜드브루,1571,2026-06-16T14:11:00,11000,completed,False
order_R1571_1_콜드브루,1571,2026-02-20T23:05:00,5500,completed,False
order_R1571_2_콜드브루,1571,2026-11-29T12:08:00,11000,completed,False
order_R1571_3_콜드브루,1571,2026-03-05T15:41:00,5500,completed,False
order_R1571_4_콜드브루,1571,2026-11-13T04:09:00,5500,completed,False
order_R1571_5_콜드브루,1571,2026-12-24T15:02:00,5500,completed,False
order_R1571_0_바닐라라떼,1571,2026-02-04T12:05:00,5500,completed,False
order_R1571_0_카라멜마끼아또,1571,2026-06-07T11:39:00,5500,completed,False
order_R1571_0_복숭아아이스티,1571,2026-02-27T13:32:00,16500,completed,False
order_R1571_0_자몽허니블랙티,1571,2026-04-04T11:24:00,5500,completed,False
order_R1572_0_아메리카노_hot,1572,2026-12-18T17:31:00,5500,completed,False
order_R1572_0_아메리카노_ice,1572,2026-02-08T14:35:00,5500,completed,False
order_R1572_0_바닐라라떼,1572,2026-08-30T21:11:00,5500,completed,False
order_R1572_0_카라멜마끼아또,1572,2026-12-02T08:16:00,11000,completed,False
order_R1572_0_딸기스무디,1572,2026-11-30T10:00:00,5500,completed,False
order_R1572_0_망고스무디,1572,2026-06-19T04:26:00,11000,completed,False
order_R1573_0_에스프레소,1573,2026-02-15T11:12:00,5500,completed,False
order_R1573_0_아메리카노_hot,1573,2026-01-14T15:25:00,5500,completed,False
order_R1573_0_아메리카노_ice,1573,2026-01-09T13:32:00,5500,completed,False
order_R1573_0_드립커피,1573,2026-02-25T11:10:00,16500,completed,False
order_R1574_0_콜드브루,1574,2026-08-26T16:07:00,5500,completed,False
order_R1574_1_콜드브루,1574,2026-03-02T08:56:00,5500,completed,False
order_R1574_2_콜드브루,1574,2026-04-27T21:33:00,11000,completed,False
order_R1575_0_아메리카노_hot,1575,2026-09-16T09:50:00,5500,completed,False
order_R1575_0_아메리카노_ice,1575,2026-03-10T09:36:00,5500,completed,False
order_R1576_0_카페라떼_hot,1576,2026-06-16T21:13:00,11000,completed,False
order_R1576_0_카페라떼_ice,1576,2026-02-12T10:05:00,11000,completed,False
order_R1576_0_바닐라라떼,1576,2026-07-26T08:53:00,11000,completed,False
order_R1576_0_카라멜마끼아또,1576,2026-05-24T21:22:00,5500,completed,False
order_R1576_0_복숭아아이스티,1576,2026-12-29T12:48:00,11000,completed,False
order_R1576_0_자몽허니블랙티,1576,2026-11-25T08:09:00,11000,completed,False
order_R1576_0_딸기스무디,1576,2026-12-29T16:46:00,5500,completed,False
order_R1576_0_망고스무디,1576,2026-05-20T20:39:00,5500,completed,False
order_R1577_0_아메리카노_hot,1577,2026-01-09T21:26:00,11000,completed,False
order_R1577_0_아메리카노_ice,1577,2026-08-28T18:58:00,11000,completed,False
order_R1577_0_복숭아아이스티,1577,2026-02-25T06:26:00,11000,completed,False
order_R1577_0_자몽허니블랙티,1577,2026-12-23T10:54:00,5500,completed,False
order_R1577_0_레몬에이드,1577,2026-03-14T06:08:00,11000,completed,False
order_R1577_0_자몽에이드,1577,2026-10-23T17:20:00,11000,completed,False
order_R1578_0_아메리카노_hot,1578,2026-09-10T16:43:00,5500,completed,False
order_R1578_0_아메리카노_ice,1578,2026-09-30T06:34:00,5500,completed,False
order_R1578_0_바닐라라떼,1578,2026-10-23T09:36:00,5500,completed,False
order_R1578_0_카라멜마끼아또,1578,2026-04-05T03:21:00,5500,completed,False
order_R1579_0_아메리카노_hot,1579,2026-08-14T06:36:00,11000,completed,False
order_R1579_0_아메리카노_ice,1579,2026-03-24T23:03:00,11000,completed,False
order_R1579_0_카페라떼_hot,1579,2026-11-16T20:08:00,11000,completed,False
order_R1579_0_카페라떼_ice,1579,2026-09-18T12:45:00,11000,completed,False
order_R1579_0_바닐라라떼,1579,2026-08-22T13:26:00,5500,completed,False
order_R1579_0_카라멜마끼아또,1579,2026-07-29T19:06:00,5500,completed,False
order_R1579_0_녹차라떼,1579,2026-02-07T11:36:00,5500,completed,False
order_R1579_0_캐모마일티,1579,2026-11-06T20:22:00,5500,completed,False
order_R1579_0_복숭아아이스티,1579,2026-02-10T14:54:00,5500,completed,False
order_R1579_0_자몽허니블랙티,1579,2026-06-21T11:26:00,5500,completed,False
order_R1580_0_콜드브루,1580,2026-06-19T22:04:00,5500,completed,False
order_R1580_0_바닐라라떼,1580,2026-11-29T12:03:00,11000,completed,False
order_R1580_0_카라멜마끼아또,1580,2026-05-14T20:07:00,11000,completed,False
order_R1580_0_녹차라떼,1580,2026-04-27T18:25:00,5500,completed,False
order_R1580_0_캐모마일티,1580,2026-02-10T21:26:00,5500,completed,False
order_R1580_0_딸기스무디,1580,2026-12-11T10:25:00,5500,completed,False
order_R1580_0_망고스무디,1580,2026-07-21T02:27:00,5500,completed,False
order_R1581_0_아메리카노_hot,1581,2026-12-26T23:55:00,11000,completed,False
order_R1581_0_아메리카노_ice,1581,2026-02-16T10:42:00,5500,completed,False
order_R1581_0_카페라떼_hot,1581,2026-04-19T17:20:00,11000,completed,False
order_R1581_0_카페라떼_ice,1581,2026-09-10T15:16:00,5500,completed,False
order_R1581_0_바닐라라떼,1581,2026-05-28T12:32:00,5500,completed,False
order_R1581_0_카라멜마끼아또,1581,2026-01-26T20:58:00,11000,completed,False
order_R1581_0_프라푸치노,1581,2026-08-13T11:58:00,5500,completed,False
order_R1581_0_말차프라페,1581,2026-06-09T05:08:00,5500,completed,False
order_R1582_0_아메리카노_hot,1582,2026-04-07T01:47:00,11000,completed,False
order_R1582_0_아메리카노_ice,1582,2026-07-29T16:06:00,11000,completed,False
order_R1582_0_카페라떼_hot,1582,2026-06-12T17:15:00,5500,completed,False
order_R1582_0_카페라떼_ice,1582,2026-09-19T21:11:00,5500,completed,False
order_R1583_0_아메리카노_hot,1583,2026-10-19T23:53:00,5500,completed,False
order_R1583_0_아메리카노_ice,1583,2026-06-19T12:51:00,16500,completed,False
order_R1583_0_바닐라라떼,1583,2026-01-23T03:34:00,11000,completed,False
order_R1583_0_카라멜마끼아또,1583,2026-09-02T08:39:00,5500,completed,False
order_R1583_0_레몬에이드,1583,2026-10-31T13:48:00,5500,completed,False
order_R1583_0_자몽에이드,1583,2026-05-29T20:55:00,5500,completed,False
order_R1583_0_딸기스무디,1583,2026-10-31T01:27:00,11000,completed,False
order_R1583_0_망고스무디,1583,2026-07-22T13:44:00,5500,completed,False
order_R1584_0_카페라떼_hot,1584,2026-08-19T12:31:00,11000,completed,False
order_R1584_0_카페라떼_ice,1584,2026-08-08T20:54:00,5500,completed,False
order_R1584_0_바닐라라떼,1584,2026-05-25T07:08:00,5500,completed,False
order_R1584_0_카라멜마끼아또,1584,2026-12-05T09:06:00,5500,completed,False
order_R1585_0_아메리카노_hot,1585,2026-04-17T12:07:00,11000,completed,False
order_R1585_0_아메리카노_ice,1585,2026-10-20T01:56:00,5500,completed,False
order_R1585_0_카푸치노,1585,2026-06-24T17:03:00,11000,completed,False
order_R1585_0_콜드브루,1585,2026-03-15T00:22:00,5500,completed,False
order_R1585_1_콜드브루,1585,2026-07-17T12:38:00,5500,completed,False
order_R1585_2_콜드브루,1585,2026-05-08T23:33:00,11000,completed,False
order_R1585_0_복숭아아이스티,1585,2026-06-05T13:02:00,5500,completed,False
order_R1585_0_자몽허니블랙티,1585,2026-03-23T15:16:00,5500,completed,False
order_R1586_0_아메리카노_hot,1586,2026-11-03T12:43:00,5500,completed,False
order_R1586_0_아메리카노_ice,1586,2026-06-24T07:25:00,5500,completed,False
order_R1586_0_콜드브루,1586,2026-01-27T11:34:00,11000,completed,False
order_R1586_0_복숭아아이스티,1586,2026-01-26T07:14:00,11000,completed,False
order_R1586_0_자몽허니블랙티,1586,2026-10-26T06:50:00,16500,completed,False
order_R1586_0_레몬에이드,1586,2026-10-28T21:12:00,5500,completed,False
order_R1586_0_자몽에이드,1586,2026-12-19T01:30:00,16500,completed,False
order_R1587_0_아메리카노_hot,1587,2026-08-29T21:18:00,5500,completed,False
order_R1587_0_아메리카노_ice,1587,2026-01-17T08:50:00,16500,completed,False
order_R1588_0_아메리카노_hot,1588,2026-12-25T14:09:00,11000,completed,False
order_R1588_0_아메리카노_ice,1588,2026-03-12T13:51:00,5500,completed,False
order_R1588_0_카페라떼_hot,1588,2026-06-28T16:45:00,11000,completed,False
order_R1588_0_카페라떼_ice,1588,2026-08-18T17:35:00,5500,completed,False
order_R1588_0_바닐라라떼,1588,2026-12-06T14:03:00,5500,completed,False
order_R1588_0_카라멜마끼아또,1588,2026-01-03T21:10:00,5500,completed,False
order_R1588_0_레몬에이드,1588,2026-08-10T23:27:00,11000,completed,False
order_R1588_0_자몽에이드,1588,2026-04-21T15:21:00,5500,completed,False
order_R1588_0_딸기스무디,1588,2026-05-09T08:36:00,16500,completed,False
order_R1588_0_망고스무디,1588,2026-04-13T11:54:00,5500,completed,False
order_R1589_0_아메리카노_hot,1589,2026-05-26T17:01:00,5500,completed,False
order_R1589_0_아메리카노_ice,1589,2026-10-14T06:53:00,5500,completed,False
order_R1589_0_프라푸치노,1589,2026-11-04T11:45:00,16500,completed,False
order_R1589_0_말차프라페,1589,2026-09-11T11:55:00,11000,completed,False
order_R1589_0_레몬에이드,1589,2026-02-04T22:54:00,16500,completed,False
order_R1589_0_자몽에이드,1589,2026-05-20T16:45:00,5500,completed,False
order_R1590_0_카페라떼_hot,1590,2026-07-27T13:31:00,5500,completed,False
order_R1590_0_카페라떼_ice,1590,2026-01-11T20:38:00,5500,completed,False
order_R1590_0_콜드브루,1590,2026-10-14T14:41:00,5500,completed,False
order_R1590_1_콜드브루,1590,2026-04-04T06:37:00,5500,completed,False
order_R1590_0_딸기스무디,1590,2026-09-27T22:48:00,5500,completed,False
order_R1590_0_망고스무디,1590,2026-11-22T22:39:00,11000,completed,False
order_R1591_0_콜드브루,1591,2026-03-23T11:11:00,5500,completed,False
order_R1591_1_콜드브루,1591,2026-07-22T16:35:00,11000,completed,False
order_R1591_2_콜드브루,1591,2026-12-04T18:49:00,5500,completed,False
order_R1591_3_콜드브루,1591,2026-09-23T15:25:00,5500,completed,False
order_R1591_4_콜드브루,1591,2026-11-24T22:45:00,5500,completed,False
order_R1591_5_콜드브루,1591,2026-12-19T18:48:00,5500,completed,False
order_R1591_0_프라푸치노,1591,2026-07-24T11:39:00,5500,completed,False
order_R1591_0_말차프라페,1591,2026-01-20T17:03:00,16500,completed,False
order_R1592_0_아메리카노_hot,1592,2026-04-15T04:30:00,11000,completed,False
order_R1592_0_아메리카노_ice,1592,2026-10-23T23:29:00,5500,completed,False
order_R1592_0_콜드브루,1592,2026-10-12T04:20:00,5500,completed,False
order_R1592_0_바닐라라떼,1592,2026-12-02T12:57:00,16500,completed,False
order_R1592_0_카라멜마끼아또,1592,2026-10-17T19:19:00,11000,completed,False
order_R1592_0_레몬에이드,1592,2026-08-22T18:06:00,5500,completed,False
order_R1592_0_자몽에이드,1592,2026-04-03T19:44:00,5500,completed,False
order_R1593_0_카페라떼_hot,1593,2026-09-13T20:11:00,5500,completed,False
order_R1593_0_카페라떼_ice,1593,2026-12-17T17:36:00,11000,completed,False
order_R1593_0_콜드브루,1593,2026-10-04T10:39:00,5500,completed,False
order_R1594_0_아메리카노_hot,1594,2026-11-25T12:20:00,16500,completed,False
order_R1594_0_아메리카노_ice,1594,2026-07-08T14:01:00,5500,completed,False
order_R1594_0_콜드브루라떼,1594,2026-02-11T10:04:00,5500,completed,False
order_R1594_1_콜드브루라떼,1594,2026-10-03T17:07:00,5500,completed,False
order_R1594_0_바닐라라떼,1594,2026-05-08T22:44:00,5500,completed,False
order_R1594_0_카라멜마끼아또,1594,2026-09-19T09:37:00,5500,completed,False
order_R1595_0_바닐라라떼,1595,2026-03-29T06:16:00,5500,completed,False
order_R1595_0_카라멜마끼아또,1595,2026-05-26T22:20:00,5500,completed,False
order_R1595_0_레몬에이드,1595,2026-07-26T19:25:00,16500,completed,False
order_R1595_0_자몽에이드,1595,2026-12-16T13:30:00,5500,completed,False
order_R1596_0_아메리카노_hot,1596,2026-08-23T18:32:00,5500,completed,False
order_R1596_0_아메리카노_ice,1596,2026-05-03T11:34:00,5500,completed,False
order_R1596_0_녹차라떼,1596,2026-04-17T15:20:00,5500,completed,False
order_R1596_0_캐모마일티,1596,2026-04-12T05:11:00,11000,completed,False
order_R1597_0_레몬에이드,1597,2026-03-18T02:01:00,11000,completed,False
order_R1597_0_자몽에이드,1597,2026-11-08T16:57:00,11000,completed,False
order_R1598_0_아메리카노_hot,1598,2026-10-31T11:30:00,5500,completed,False
order_R1598_0_아메리카노_ice,1598,2026-02-21T22:31:00,11000,completed,False
order_R1599_0_에스프레소,1599,2026-07-01T12:30:00,5500,completed,False
order_R1599_0_아메리카노_hot,1599,2026-12-01T19:43:00,5500,completed,False
order_R1599_0_아메리카노_ice,1599,2026-08-18T07:10:00,5500,completed,False
order_R1599_0_카푸치노,1599,2026-09-26T06:28:00,11000,completed,False
order_R1599_0_딸기스무디,1599,2026-10-24T16:41:00,5500,completed,False
order_R1599_0_망고스무디,1599,2026-12-23T16:06:00,5500,completed,False
order_R1600_0_카페라떼_hot,1600,2026-05-01T11:45:00,11000,completed,False
order_R1600_0_카페라떼_ice,1600,2026-07-26T06:26:00,5500,completed,False
order_R1600_0_카푸치노,1600,2026-06-16T18:54:00,5500,completed,False
order_R1600_0_레몬에이드,1600,2026-07-12T09:15:00,5500,completed,False
order_R1600_0_자몽에이드,1600,2026-10-19T06:11:00,11000,completed,False
order_R1601_0_아메리카노_hot,1601,2026-04-07T05:07:00,5500,completed,False
order_R1601_0_아메리카노_ice,1601,2026-02-28T00:47:00,11000,completed,False
order_R1601_0_콜드브루,1601,2026-03-19T07:20:00,5500,completed,False
order_R1601_0_바닐라라떼,1601,2026-05-01T02:46:00,5500,completed,False
order_R1601_0_카라멜마끼아또,1601,2026-10-30T17:14:00,5500,completed,False
order_R1601_0_복숭아아이스티,1601,2026-12-23T12:21:00,5500,completed,False
order_R1601_0_자몽허니블랙티,1601,2026-09-20T08:25:00,11000,completed,False
order_R1602_0_카푸치노,1602,2026-10-22T19:32:00,11000,completed,False
order_R1602_1_카푸치노,1602,2026-11-18T00:26:00,5500,completed,False
order_R1602_2_카푸치노,1602,2026-12-23T09:43:00,5500,completed,False
order_R1602_3_카푸치노,1602,2026-12-22T10:07:00,11000,completed,False
order_R1602_4_카푸치노,1602,2026-03-05T07:57:00,11000,completed,False
order_R1602_5_카푸치노,1602,2026-05-26T23:47:00,5500,completed,False
order_R1602_0_프라푸치노,1602,2026-07-16T05:00:00,5500,completed,False
order_R1602_0_말차프라페,1602,2026-03-02T05:27:00,5500,completed,False
order_R1603_0_아메리카노_hot,1603,2026-02-27T21:11:00,11000,completed,False
order_R1603_0_아메리카노_ice,1603,2026-11-05T20:31:00,5500,completed,False
order_R1603_0_바닐라라떼,1603,2026-10-04T01:25:00,5500,completed,False
order_R1603_0_카라멜마끼아또,1603,2026-01-24T23:03:00,11000,completed,False
order_R1603_0_녹차라떼,1603,2026-06-22T01:22:00,11000,completed,False
order_R1603_0_캐모마일티,1603,2026-03-06T10:18:00,5500,completed,False
order_R1603_0_레몬에이드,1603,2026-01-23T13:17:00,5500,completed,False
order_R1603_0_자몽에이드,1603,2026-08-22T01:36:00,11000,completed,False
order_R1604_0_아메리카노_hot,1604,2026-03-01T15:02:00,5500,completed,False
order_R1604_0_아메리카노_ice,1604,2026-01-28T08:12:00,11000,completed,False
order_R1604_0_바닐라라떼,1604,2026-02-14T20:07:00,16500,completed,False
order_R1604_0_카라멜마끼아또,1604,2026-06-24T07:23:00,5500,completed,False
order_R1605_0_에스프레소,1605,2026-07-27T23:16:00,5500,completed,False
order_R1605_0_카페라떼_hot,1605,2026-12-30T08:35:00,16500,completed,False
order_R1605_0_카페라떼_ice,1605,2026-08-22T21:06:00,5500,completed,False
order_R1605_0_카푸치노,1605,2026-08-03T05:13:00,5500,completed,False
order_R1605_1_카푸치노,1605,2026-09-14T16:23:00,11000,completed,False
order_R1605_0_프라푸치노,1605,2026-11-16T17:15:00,16500,completed,False
order_R1605_0_말차프라페,1605,2026-12-01T10:35:00,5500,completed,False
order_R1605_0_딸기스무디,1605,2026-07-01T23:29:00,11000,completed,False
order_R1605_0_망고스무디,1605,2026-06-22T23:31:00,5500,completed,False
order_R1606_0_아메리카노_hot,1606,2026-10-30T10:18:00,5500,completed,False
order_R1606_0_아메리카노_ice,1606,2026-06-15T18:33:00,5500,completed,False
order_R1606_0_녹차라떼,1606,2026-06-22T10:39:00,11000,completed,False
order_R1606_0_캐모마일티,1606,2026-02-16T15:21:00,5500,completed,False
order_R1606_0_레몬에이드,1606,2026-07-04T17:41:00,5500,completed,False
order_R1606_0_자몽에이드,1606,2026-01-26T17:11:00,5500,completed,False
order_R1607_0_아메리카노_hot,1607,2026-12-04T11:59:00,5500,completed,False
order_R1607_0_아메리카노_ice,1607,2026-02-04T15:29:00,5500,completed,False
order_R1607_0_카페라떼_hot,1607,2026-05-08T17:20:00,5500,completed,False
order_R1607_0_카페라떼_ice,1607,2026-06-20T07:41:00,5500,completed,False
order_R1607_0_콜드브루,1607,2026-12-28T12:28:00,16500,completed,False
order_R1607_0_바닐라라떼,1607,2026-01-08T15:24:00,5500,completed,False
order_R1607_0_카라멜마끼아또,1607,2026-12-13T13:13:00,5500,completed,False
order_R1607_0_복숭아아이스티,1607,2026-06-26T14:51:00,16500,completed,False
order_R1607_0_자몽허니블랙티,1607,2026-03-27T09:14:00,5500,completed,False
order_R1607_0_레몬에이드,1607,2026-08-29T09:37:00,5500,completed,False
order_R1607_0_자몽에이드,1607,2026-07-18T11:47:00,5500,completed,False
order_R1608_0_카페라떼_hot,1608,2026-09-19T14:02:00,5500,completed,False
order_R1608_0_카페라떼_ice,1608,2026-11-05T18:49:00,5500,completed,False
order_R1609_0_아메리카노_hot,1609,2026-05-20T09:20:00,5500,completed,False
order_R1609_0_아메리카노_ice,1609,2026-06-27T18:36:00,5500,completed,False
order_R1609_0_프라푸치노,1609,2026-01-23T12:33:00,5500,completed,False
order_R1609_0_말차프라페,1609,2026-09-02T11:07:00,5500,completed,False
order_R1609_0_딸기스무디,1609,2026-12-26T17:18:00,5500,completed,False
order_R1609_0_망고스무디,1609,2026-08-10T12:50:00,5500,completed,False
order_R1610_0_아메리카노_hot,1610,2026-06-22T11:36:00,5500,completed,False
order_R1610_0_아메리카노_ice,1610,2026-07-07T04:41:00,11000,completed,False
order_R1610_0_콜드브루라떼,1610,2026-12-02T07:14:00,5500,completed,False
order_R1610_0_드립커피,1610,2026-02-26T10:38:00,5500,completed,False
order_R1610_0_딸기스무디,1610,2026-03-03T09:40:00,5500,completed,False
order_R1610_0_망고스무디,1610,2026-08-11T13:29:00,5500,completed,False
order_R1611_0_아메리카노_hot,1611,2026-10-17T12:58:00,11000,completed,False
order_R1611_0_아메리카노_ice,1611,2026-07-01T15:23:00,5500,completed,False
order_R1611_0_콜드브루,1611,2026-04-01T11:36:00,11000,completed,False
order_R1611_0_프라푸치노,1611,2026-02-24T18:59:00,5500,completed,False
order_R1611_0_말차프라페,1611,2026-05-29T08:10:00,5500,completed,False
order_R1611_0_딸기스무디,1611,2026-11-18T09:25:00,5500,completed,False
order_R1611_0_망고스무디,1611,2026-12-02T00:40:00,5500,completed,False
order_R1612_0_카페라떼_hot,1612,2026-01-26T10:59:00,5500,completed,False
order_R1612_0_카페라떼_ice,1612,2026-10-05T16:12:00,11000,completed,False
order_R1612_0_바닐라라떼,1612,2026-06-10T00:07:00,5500,completed,False
order_R1612_0_카라멜마끼아또,1612,2026-04-26T08:40:00,11000,completed,False
order_R1613_0_바닐라라떼,1613,2026-03-07T21:23:00,5500,completed,False
order_R1613_0_카라멜마끼아또,1613,2026-08-21T12:30:00,5500,completed,False
order_R1614_0_아메리카노_hot,1614,2026-10-11T18:48:00,5500,completed,False
order_R1614_0_아메리카노_ice,1614,2026-09-30T17:55:00,5500,completed,False
order_R1614_0_카페라떼_hot,1614,2026-11-22T13:30:00,5500,completed,False
order_R1614_0_카페라떼_ice,1614,2026-04-16T15:05:00,5500,completed,False
order_R1615_0_카페라떼_hot,1615,2026-02-27T21:19:00,5500,completed,False
order_R1615_0_카페라떼_ice,1615,2026-03-26T17:02:00,11000,completed,False
order_R1615_0_녹차라떼,1615,2026-03-28T07:07:00,11000,completed,False
order_R1615_0_캐모마일티,1615,2026-03-10T07:44:00,11000,completed,False
order_R1615_0_레몬에이드,1615,2026-03-28T16:16:00,11000,completed,False
order_R1615_0_자몽에이드,1615,2026-11-23T22:29:00,5500,completed,False
order_R1616_0_아메리카노_hot,1616,2026-11-22T19:43:00,5500,completed,False
order_R1616_0_아메리카노_ice,1616,2026-10-23T23:36:00,11000,completed,False
order_R1616_0_콜드브루,1616,2026-06-12T22:36:00,5500,completed,False
order_R1616_1_콜드브루,1616,2026-01-20T21:10:00,11000,completed,False
order_R1616_2_콜드브루,1616,2026-04-12T07:53:00,11000,completed,False
order_R1616_0_레몬에이드,1616,2026-12-29T11:35:00,5500,completed,False
order_R1616_0_자몽에이드,1616,2026-07-16T17:01:00,5500,completed,False
order_R1616_0_딸기스무디,1616,2026-10-02T13:12:00,5500,completed,False
order_R1616_0_망고스무디,1616,2026-06-22T15:54:00,11000,completed,False
order_R1617_0_아메리카노_hot,1617,2026-10-31T05:35:00,5500,completed,False
order_R1617_0_아메리카노_ice,1617,2026-12-29T20:57:00,5500,completed,False
order_R1617_0_프라푸치노,1617,2026-05-17T18:00:00,5500,completed,False
order_R1617_0_말차프라페,1617,2026-10-28T22:58:00,5500,completed,False
order_R1618_0_아메리카노_hot,1618,2026-11-23T07:30:00,16500,completed,False
order_R1618_0_아메리카노_ice,1618,2026-07-08T13:16:00,5500,completed,False
order_R1618_0_복숭아아이스티,1618,2026-04-29T05:27:00,11000,completed,False
order_R1618_0_자몽허니블랙티,1618,2026-11-03T22:59:00,5500,completed,False
order_R1619_0_바닐라라떼,1619,2026-07-14T05:08:00,11000,completed,False
order_R1619_0_카라멜마끼아또,1619,2026-12-25T11:30:00,11000,completed,False
order_R1620_0_아메리카노_hot,1620,2026-02-14T03:25:00,11000,completed,False
order_R1620_0_아메리카노_ice,1620,2026-11-27T16:55:00,5500,completed,False
order_R1621_0_아메리카노_hot,1621,2026-08-08T20:39:00,5500,completed,False
order_R1621_0_아메리카노_ice,1621,2026-08-08T19:25:00,16500,completed,False
order_R1621_0_카페라떼_hot,1621,2026-01-24T13:01:00,5500,completed,False
order_R1621_0_카페라떼_ice,1621,2026-04-18T05:29:00,5500,completed,False
order_R1621_0_바닐라라떼,1621,2026-07-30T16:24:00,5500,completed,False
order_R1621_0_카라멜마끼아또,1621,2026-06-02T12:25:00,5500,completed,False
order_R1622_0_아메리카노_hot,1622,2026-09-02T10:42:00,5500,completed,False
order_R1622_0_아메리카노_ice,1622,2026-03-13T05:20:00,5500,completed,False
order_R1622_0_카페라떼_hot,1622,2026-07-19T23:46:00,5500,completed,False
order_R1622_0_카페라떼_ice,1622,2026-04-10T03:13:00,11000,completed,False
order_R1622_0_콜드브루라떼,1622,2026-02-08T20:59:00,11000,completed,False
order_R1622_0_바닐라라떼,1622,2026-07-07T06:05:00,5500,completed,False
order_R1622_0_카라멜마끼아또,1622,2026-11-21T16:23:00,16500,completed,False
order_R1622_0_레몬에이드,1622,2026-04-10T23:41:00,5500,completed,False
order_R1622_0_자몽에이드,1622,2026-12-29T16:16:00,5500,completed,False
order_R1623_0_카페라떼_hot,1623,2026-02-19T05:34:00,5500,completed,False
order_R1623_0_카페라떼_ice,1623,2026-05-11T18:40:00,5500,completed,False
order_R1623_0_바닐라라떼,1623,2026-01-27T19:00:00,5500,completed,False
order_R1623_0_카라멜마끼아또,1623,2026-11-29T21:19:00,16500,completed,False
order_R1624_0_아메리카노_hot,1624,2026-10-01T15:41:00,5500,completed,False
order_R1624_0_아메리카노_ice,1624,2026-05-01T14:29:00,5500,completed,False
order_R1625_0_아메리카노_hot,1625,2026-12-24T18:58:00,5500,completed,False
order_R1625_0_아메리카노_ice,1625,2026-10-06T16:45:00,11000,completed,False
order_R1625_0_카페라떼_hot,1625,2026-11-16T14:21:00,5500,completed,False
order_R1625_0_카페라떼_ice,1625,2026-09-12T11:43:00,5500,completed,False
order_R1625_0_바닐라라떼,1625,2026-08-11T23:34:00,5500,completed,False
order_R1625_0_카라멜마끼아또,1625,2026-05-16T20:44:00,5500,completed,False
order_R1625_0_레몬에이드,1625,2026-02-12T11:42:00,11000,completed,False
order_R1625_0_자몽에이드,1625,2026-08-28T22:03:00,11000,completed,False
order_R1625_0_딸기스무디,1625,2026-12-20T13:45:00,5500,completed,False
order_R1625_0_망고스무디,1625,2026-05-23T07:31:00,5500,completed,False
order_R1626_0_아메리카노_hot,1626,2026-04-23T14:12:00,16500,completed,False
order_R1626_0_아메리카노_ice,1626,2026-03-31T22:12:00,5500,completed,False
order_R1626_0_콜드브루,1626,2026-05-30T10:36:00,16500,completed,False
order_R1626_1_콜드브루,1626,2026-10-28T01:19:00,11000,completed,False
order_R1626_2_콜드브루,1626,2026-06-04T19:38:00,5500,completed,False
order_R1626_3_콜드브루,1626,2026-12-15T11:18:00,5500,completed,False
order_R1626_0_드립커피,1626,2026-07-10T11:35:00,11000,completed,False
order_R1626_0_바닐라라떼,1626,2026-07-14T22:32:00,5500,completed,False
order_R1626_0_카라멜마끼아또,1626,2026-09-28T21:04:00,5500,completed,False
order_R1626_0_녹차라떼,1626,2026-11-10T02:24:00,11000,completed,False
order_R1626_0_캐모마일티,1626,2026-07-24T16:00:00,11000,completed,False
order_R1627_0_레몬에이드,1627,2026-03-22T18:42:00,5500,completed,False
order_R1627_0_자몽에이드,1627,2026-09-14T11:08:00,5500,completed,False
order_R1628_0_아메리카노_hot,1628,2026-10-25T21:24:00,11000,completed,False
order_R1628_0_아메리카노_ice,1628,2026-03-11T22:07:00,5500,completed,False
order_R1628_0_카페라떼_hot,1628,2026-10-15T06:17:00,11000,completed,False
order_R1628_0_카페라떼_ice,1628,2026-03-31T17:35:00,5500,completed,False
order_R1628_0_복숭아아이스티,1628,2026-05-14T07:50:00,5500,completed,False
order_R1628_0_자몽허니블랙티,1628,2026-11-08T23:26:00,11000,completed,False
order_R1628_0_딸기스무디,1628,2026-05-30T09:53:00,5500,completed,False
order_R1628_0_망고스무디,1628,2026-10-06T17:40:00,11000,completed,False
order_R1629_0_아메리카노_hot,1629,2026-07-16T18:10:00,11000,completed,False
order_R1629_0_아메리카노_ice,1629,2026-09-09T12:56:00,11000,completed,False
order_R1629_0_레몬에이드,1629,2026-08-12T11:00:00,5500,completed,False
order_R1629_0_자몽에이드,1629,2026-08-20T17:53:00,5500,completed,False
order_R1630_0_콜드브루,1630,2026-02-07T22:31:00,11000,completed,False
order_R1630_1_콜드브루,1630,2026-11-10T15:08:00,11000,completed,False
order_R1630_2_콜드브루,1630,2026-03-23T08:26:00,5500,completed,False
order_R1630_0_녹차라떼,1630,2026-12-18T06:52:00,5500,completed,False
order_R1630_0_캐모마일티,1630,2026-11-03T21:58:00,5500,completed,False
order_R1631_0_카페라떼_hot,1631,2026-01-03T17:27:00,11000,completed,False
order_R1631_0_카페라떼_ice,1631,2026-12-04T06:45:00,5500,completed,False
order_R1632_0_아메리카노_hot,1632,2026-05-26T03:57:00,11000,completed,False
order_R1632_0_아메리카노_ice,1632,2026-11-10T21:16:00,16500,completed,False
order_R1632_0_콜드브루라떼,1632,2026-05-14T11:25:00,11000,completed,False
order_R1632_1_콜드브루라떼,1632,2026-04-01T07:01:00,5500,completed,False
order_R1632_0_녹차라떼,1632,2026-10-07T18:52:00,5500,completed,False
order_R1632_0_캐모마일티,1632,2026-08-15T18:22:00,11000,completed,False
order_R1632_0_레몬에이드,1632,2026-06-08T20:19:00,5500,completed,False
order_R1632_0_자몽에이드,1632,2026-07-05T16:59:00,5500,completed,False
order_R1633_0_복숭아아이스티,1633,2026-11-02T21:06:00,11000,completed,False
order_R1633_0_자몽허니블랙티,1633,2026-06-21T12:33:00,5500,completed,False
order_R1633_0_딸기스무디,1633,2026-07-20T15:31:00,16500,completed,False
order_R1633_0_망고스무디,1633,2026-04-22T13:56:00,5500,completed,False
order_R1634_0_에스프레소,1634,2026-08-05T18:18:00,5500,completed,False
order_R1634_1_에스프레소,1634,2026-08-16T09:03:00,5500,completed,False
order_R1634_0_카페라떼_hot,1634,2026-12-03T07:01:00,5500,completed,False
order_R1634_0_카페라떼_ice,1634,2026-07-29T23:21:00,16500,completed,False
order_R1634_0_프라푸치노,1634,2026-01-19T18:04:00,5500,completed,False
order_R1634_0_말차프라페,1634,2026-08-21T09:30:00,5500,completed,False
order_R1634_0_녹차라떼,1634,2026-09-14T22:22:00,5500,completed,False
order_R1634_0_캐모마일티,1634,2026-08-05T23:11:00,16500,completed,False
order_R1635_0_아메리카노_hot,1635,2026-02-03T11:43:00,5500,completed,False
order_R1635_0_아메리카노_ice,1635,2026-10-28T20:50:00,11000,completed,False
order_R1635_0_레몬에이드,1635,2026-10-13T18:01:00,5500,completed,False
order_R1635_0_자몽에이드,1635,2026-08-09T20:05:00,11000,completed,False
order_R1636_0_아메리카노_hot,1636,2026-08-08T10:35:00,11000,completed,False
order_R1636_0_아메리카노_ice,1636,2026-07-03T11:12:00,5500,completed,False
order_R1636_0_카페라떼_hot,1636,2026-12-07T16:20:00,5500,completed,False
order_R1636_0_카페라떼_ice,1636,2026-09-01T23:33:00,5500,completed,False
order_R1636_0_프라푸치노,1636,2026-11-05T15:22:00,16500,completed,False
order_R1636_0_말차프라페,1636,2026-05-01T15:27:00,11000,completed,False
order_R1636_0_녹차라떼,1636,2026-05-07T13:32:00,11000,completed,False
order_R1636_0_캐모마일티,1636,2026-06-12T04:46:00,5500,completed,False
order_R1636_0_딸기스무디,1636,2026-07-17T03:18:00,5500,completed,False
order_R1636_0_망고스무디,1636,2026-02-03T16:06:00,5500,completed,False
order_R1637_0_복숭아아이스티,1637,2026-08-04T19:30:00,5500,completed,False
order_R1637_0_자몽허니블랙티,1637,2026-01-10T02:50:00,5500,completed,False
order_R1638_0_에스프레소,1638,2026-10-21T20:56:00,5500,completed,False
order_R1638_0_바닐라라떼,1638,2026-09-15T00:56:00,5500,completed,False
order_R1638_0_카라멜마끼아또,1638,2026-07-19T09:13:00,5500,completed,False
order_R1638_0_복숭아아이스티,1638,2026-07-12T16:48:00,5500,completed,False
order_R1638_0_자몽허니블랙티,1638,2026-08-03T06:06:00,16500,completed,False
order_R1638_0_딸기스무디,1638,2026-05-14T14:34:00,11000,completed,False
order_R1638_0_망고스무디,1638,2026-11-10T14:17:00,5500,completed,False
order_R1639_0_카페라떼_hot,1639,2026-09-06T12:22:00,5500,completed,False
order_R1639_0_카페라떼_ice,1639,2026-09-25T03:15:00,16500,completed,False
order_R1639_0_바닐라라떼,1639,2026-04-17T14:05:00,5500,completed,False
order_R1639_0_카라멜마끼아또,1639,2026-12-16T08:32:00,11000,completed,False
order_R1639_0_복숭아아이스티,1639,2026-12-17T13:46:00,5500,completed,False
order_R1639_0_자몽허니블랙티,1639,2026-06-14T18:10:00,5500,completed,False
order_R1639_0_딸기스무디,1639,2026-06-02T23:30:00,5500,completed,False
order_R1639_0_망고스무디,1639,2026-05-06T19:55:00,5500,completed,False
order_R1640_0_아메리카노_hot,1640,2026-04-06T10:40:00,11000,completed,False
order_R1640_0_아메리카노_ice,1640,2026-01-21T08:08:00,16500,completed,False
order_R1640_0_콜드브루라떼,1640,2026-11-17T17:44:00,5500,completed,False
order_R1640_1_콜드브루라떼,1640,2026-12-11T12:24:00,5500,completed,False
order_R1641_0_아메리카노_hot,1641,2026-07-09T16:37:00,16500,completed,False
order_R1641_0_아메리카노_ice,1641,2026-08-29T14:50:00,5500,completed,False
order_R1641_0_카페라떼_hot,1641,2026-03-14T07:37:00,16500,completed,False
order_R1641_0_카페라떼_ice,1641,2026-05-16T15:47:00,5500,completed,False
order_R1641_0_프라푸치노,1641,2026-07-15T17:39:00,5500,completed,False
order_R1641_0_말차프라페,1641,2026-08-09T02:42:00,11000,completed,False
order_R1642_0_카페라떼_hot,1642,2026-01-27T13:27:00,5500,completed,False
order_R1642_0_카페라떼_ice,1642,2026-02-22T23:50:00,5500,completed,False
order_R1642_0_바닐라라떼,1642,2026-12-16T21:27:00,11000,completed,False
order_R1642_0_카라멜마끼아또,1642,2026-12-07T15:57:00,5500,completed,False
order_R1643_0_카푸치노,1643,2026-11-24T21:49:00,11000,completed,False
order_R1643_0_콜드브루,1643,2026-02-02T17:55:00,5500,completed,False
order_R1643_1_콜드브루,1643,2026-12-23T01:09:00,11000,completed,False
order_R1643_2_콜드브루,1643,2026-10-24T23:04:00,5500,completed,False
order_R1643_3_콜드브루,1643,2026-03-20T18:41:00,5500,completed,False
order_R1643_4_콜드브루,1643,2026-11-14T15:31:00,5500,completed,False
order_R1643_0_프라푸치노,1643,2026-04-16T20:54:00,5500,completed,False
order_R1643_0_말차프라페,1643,2026-01-19T06:59:00,5500,completed,False
order_R1643_0_레몬에이드,1643,2026-05-05T18:44:00,5500,completed,False
order_R1643_0_자몽에이드,1643,2026-05-29T22:16:00,16500,completed,False
order_R1644_0_아메리카노_hot,1644,2026-12-12T22:56:00,5500,completed,False
order_R1644_0_아메리카노_ice,1644,2026-07-05T09:27:00,11000,completed,False
order_R1644_0_콜드브루,1644,2026-03-15T12:02:00,5500,completed,False
order_R1645_0_아메리카노_hot,1645,2026-11-30T19:45:00,5500,completed,False
order_R1645_0_아메리카노_ice,1645,2026-03-10T23:12:00,5500,completed,False
order_R1645_0_카푸치노,1645,2026-09-17T12:28:00,5500,completed,False
order_R1645_1_카푸치노,1645,2026-01-23T14:04:00,16500,completed,False
order_R1645_2_카푸치노,1645,2026-03-17T11:17:00,5500,completed,False
order_R1646_0_아메리카노_hot,1646,2026-06-30T16:01:00,5500,completed,False
order_R1646_0_아메리카노_ice,1646,2026-08-17T20:29:00,5500,completed,False
order_R1646_0_바닐라라떼,1646,2026-01-25T20:43:00,5500,completed,False
order_R1646_0_카라멜마끼아또,1646,2026-02-09T06:55:00,5500,completed,False
order_R1646_0_레몬에이드,1646,2026-01-12T19:24:00,5500,completed,False
order_R1646_0_자몽에이드,1646,2026-07-28T19:07:00,5500,completed,False
order_R1647_0_아메리카노_hot,1647,2026-07-22T17:16:00,16500,completed,False
order_R1647_0_아메리카노_ice,1647,2026-05-30T17:21:00,5500,completed,False
order_R1647_0_카페라떼_hot,1647,2026-04-01T12:34:00,11000,completed,False
order_R1647_0_카페라떼_ice,1647,2026-12-27T07:41:00,11000,completed,False
order_R1647_0_바닐라라떼,1647,2026-07-22T22:34:00,5500,completed,False
order_R1647_0_카라멜마끼아또,1647,2026-09-11T15:57:00,5500,completed,False
order_R1647_0_복숭아아이스티,1647,2026-11-29T22:28:00,5500,completed,False
order_R1647_0_자몽허니블랙티,1647,2026-12-30T21:54:00,5500,completed,False
order_R1647_0_레몬에이드,1647,2026-06-22T21:03:00,5500,completed,False
order_R1647_0_자몽에이드,1647,2026-01-20T13:31:00,11000,completed,False
order_R1648_0_아메리카노_hot,1648,2026-09-02T06:42:00,11000,completed,False
order_R1648_0_아메리카노_ice,1648,2026-10-07T11:12:00,16500,completed,False
order_R1648_0_카페라떼_hot,1648,2026-01-20T20:41:00,5500,completed,False
order_R1648_0_카페라떼_ice,1648,2026-05-08T16:05:00,5500,completed,False
order_R1648_0_녹차라떼,1648,2026-06-18T07:57:00,5500,completed,False
order_R1648_0_캐모마일티,1648,2026-10-23T02:09:00,11000,completed,False
order_R1648_0_레몬에이드,1648,2026-02-23T15:56:00,5500,completed,False
order_R1648_0_자몽에이드,1648,2026-04-12T10:41:00,5500,completed,False
order_R1649_0_아메리카노_hot,1649,2026-12-16T09:51:00,11000,completed,False
order_R1649_0_아메리카노_ice,1649,2026-05-27T00:38:00,16500,completed,False
order_R1649_0_드립커피,1649,2026-11-10T06:09:00,5500,completed,False
order_R1649_0_녹차라떼,1649,2026-09-21T21:36:00,5500,completed,False
order_R1649_0_캐모마일티,1649,2026-07-30T15:53:00,11000,completed,False
order_R1650_0_녹차라떼,1650,2026-06-12T23:18:00,16500,completed,False
order_R1650_0_캐모마일티,1650,2026-03-09T15:06:00,5500,completed,False
order_R1650_0_복숭아아이스티,1650,2026-06-16T05:21:00,5500,completed,False
order_R1650_0_자몽허니블랙티,1650,2026-12-10T23:00:00,5500,completed,False
order_R1650_0_레몬에이드,1650,2026-12-15T10:11:00,11000,completed,False
order_R1650_0_자몽에이드,1650,2026-05-18T20:02:00,11000,completed,False
order_R1651_0_아메리카노_hot,1651,2026-10-15T17:35:00,11000,completed,False
order_R1651_0_아메리카노_ice,1651,2026-01-01T13:03:00,11000,completed,False
order_R1651_0_카페라떼_hot,1651,2026-03-13T21:56:00,5500,completed,False
order_R1651_0_카페라떼_ice,1651,2026-09-05T06:51:00,5500,completed,False
order_R1651_0_바닐라라떼,1651,2026-09-24T12:48:00,5500,completed,False
order_R1651_0_카라멜마끼아또,1651,2026-01-29T09:54:00,11000,completed,False
order_R1651_0_복숭아아이스티,1651,2026-03-08T18:39:00,11000,completed,False
order_R1651_0_자몽허니블랙티,1651,2026-10-22T19:00:00,5500,completed,False
order_R1652_0_아메리카노_hot,1652,2026-11-03T10:21:00,11000,completed,False
order_R1652_0_아메리카노_ice,1652,2026-03-30T02:45:00,5500,completed,False
order_R1652_0_카페라떼_hot,1652,2026-09-18T18:34:00,16500,completed,False
order_R1652_0_카페라떼_ice,1652,2026-12-21T20:58:00,5500,completed,False
order_R1652_0_드립커피,1652,2026-04-06T11:15:00,5500,completed,False
order_R1652_0_프라푸치노,1652,2026-04-09T04:07:00,11000,completed,False
order_R1652_0_말차프라페,1652,2026-12-19T19:25:00,5500,completed,False
order_R1652_0_레몬에이드,1652,2026-12-19T12:46:00,5500,completed,False
order_R1652_0_자몽에이드,1652,2026-12-21T16:30:00,11000,completed,False
order_R1653_0_아메리카노_hot,1653,2026-11-21T12:00:00,11000,completed,False
order_R1653_0_아메리카노_ice,1653,2026-11-21T07:30:00,5500,completed,False
order_R1653_0_드립커피,1653,2026-09-17T14:44:00,5500,completed,False
order_R1654_0_아메리카노_hot,1654,2026-09-11T06:37:00,5500,completed,False
order_R1654_0_아메리카노_ice,1654,2026-06-06T02:16:00,5500,completed,False
order_R1654_0_카페라떼_hot,1654,2026-03-23T22:39:00,11000,completed,False
order_R1654_0_카페라떼_ice,1654,2026-11-17T22:59:00,16500,completed,False
order_R1654_0_카푸치노,1654,2026-03-15T15:46:00,5500,completed,False
order_R1654_1_카푸치노,1654,2026-03-07T19:16:00,16500,completed,False
order_R1655_0_아메리카노_hot,1655,2026-07-21T17:14:00,16500,completed,False
order_R1655_0_아메리카노_ice,1655,2026-11-06T18:11:00,5500,completed,False
order_R1655_0_콜드브루,1655,2026-02-12T07:18:00,5500,completed,False
order_R1655_1_콜드브루,1655,2026-04-11T14:14:00,11000,completed,False
order_R1655_2_콜드브루,1655,2026-08-18T05:03:00,5500,completed,False
order_R1655_0_프라푸치노,1655,2026-07-02T13:03:00,5500,completed,False
order_R1655_0_말차프라페,1655,2026-10-12T13:27:00,16500,completed,False
order_R1656_0_아메리카노_hot,1656,2026-10-22T10:19:00,5500,completed,False
order_R1656_0_아메리카노_ice,1656,2026-01-04T01:54:00,16500,completed,False
order_R1656_0_드립커피,1656,2026-06-09T12:13:00,5500,completed,False
order_R1656_0_딸기스무디,1656,2026-04-13T16:47:00,11000,completed,False
order_R1656_0_망고스무디,1656,2026-05-30T23:23:00,5500,completed,False
order_R1657_0_아메리카노_hot,1657,2026-03-15T09:13:00,5500,completed,False
order_R1657_0_아메리카노_ice,1657,2026-09-15T07:19:00,5500,completed,False
order_R1657_0_레몬에이드,1657,2026-08-25T11:55:00,5500,completed,False
order_R1657_0_자몽에이드,1657,2026-01-22T13:41:00,5500,completed,False
order_R1658_0_아메리카노_hot,1658,2026-01-02T14:58:00,5500,completed,False
order_R1658_0_아메리카노_ice,1658,2026-05-17T10:33:00,5500,completed,False
order_R1658_0_카페라떼_hot,1658,2026-07-04T18:58:00,5500,completed,False
order_R1658_0_카페라떼_ice,1658,2026-10-28T20:36:00,11000,completed,False
order_R1658_0_딸기스무디,1658,2026-09-21T07:01:00,16500,completed,False
order_R1658_0_망고스무디,1658,2026-10-27T16:09:00,5500,completed,False
order_R1659_0_아메리카노_hot,1659,2026-07-03T11:46:00,5500,completed,False
order_R1659_0_아메리카노_ice,1659,2026-06-29T22:32:00,11000,completed,False
order_R1659_0_카페라떼_hot,1659,2026-03-15T12:26:00,5500,completed,False
order_R1659_0_카페라떼_ice,1659,2026-01-29T07:30:00,16500,completed,False
order_R1659_0_드립커피,1659,2026-02-21T13:18:00,11000,completed,False
order_R1660_0_아메리카노_hot,1660,2026-02-13T19:05:00,5500,completed,False
order_R1660_0_아메리카노_ice,1660,2026-12-20T09:01:00,5500,completed,False
order_R1660_0_카페라떼_hot,1660,2026-09-24T06:05:00,5500,completed,False
order_R1660_0_카페라떼_ice,1660,2026-09-01T14:15:00,11000,completed,False
order_R1660_0_콜드브루,1660,2026-09-20T05:13:00,11000,completed,False
order_R1660_1_콜드브루,1660,2026-05-18T23:34:00,11000,completed,False
order_R1660_0_레몬에이드,1660,2026-12-09T07:01:00,5500,completed,False
order_R1660_0_자몽에이드,1660,2026-02-05T14:02:00,11000,completed,False
order_R1661_0_아메리카노_hot,1661,2026-12-04T19:00:00,5500,completed,False
order_R1661_0_아메리카노_ice,1661,2026-04-17T14:53:00,5500,completed,False
order_R1661_0_카페라떼_hot,1661,2026-12-24T12:43:00,11000,completed,False
order_R1661_0_카페라떼_ice,1661,2026-08-29T07:55:00,5500,completed,False
order_R1661_0_콜드브루,1661,2026-07-26T15:45:00,5500,completed,False
order_R1661_0_바닐라라떼,1661,2026-09-05T12:23:00,5500,completed,False
order_R1661_0_카라멜마끼아또,1661,2026-01-07T10:45:00,16500,completed,False
order_R1661_0_녹차라떼,1661,2026-07-12T23:14:00,11000,completed,False
order_R1661_0_캐모마일티,1661,2026-04-14T11:16:00,11000,completed,False
order_R1662_0_아메리카노_hot,1662,2026-09-23T06:40:00,5500,completed,False
order_R1662_0_아메리카노_ice,1662,2026-05-11T18:55:00,5500,completed,False
order_R1662_0_콜드브루,1662,2026-05-20T14:22:00,5500,completed,False
order_R1662_1_콜드브루,1662,2026-02-07T10:26:00,16500,completed,False
order_R1662_2_콜드브루,1662,2026-05-03T12:08:00,16500,completed,False
order_R1662_0_바닐라라떼,1662,2026-04-07T11:26:00,5500,completed,False
order_R1662_0_카라멜마끼아또,1662,2026-08-12T07:08:00,5500,completed,False
order_R1662_0_복숭아아이스티,1662,2026-01-24T22:28:00,5500,completed,False
order_R1662_0_자몽허니블랙티,1662,2026-09-11T09:08:00,5500,completed,False
order_R1662_0_딸기스무디,1662,2026-03-18T11:51:00,5500,completed,False
order_R1662_0_망고스무디,1662,2026-11-01T16:22:00,5500,completed,False
order_R1663_0_아메리카노_hot,1663,2026-11-19T13:53:00,11000,completed,False
order_R1663_0_아메리카노_ice,1663,2026-10-08T19:06:00,5500,completed,False
order_R1663_0_바닐라라떼,1663,2026-10-03T07:57:00,16500,completed,False
order_R1663_0_카라멜마끼아또,1663,2026-12-15T13:49:00,5500,completed,False
order_R1664_0_아메리카노_hot,1664,2026-11-12T00:09:00,5500,completed,False
order_R1664_0_아메리카노_ice,1664,2026-05-03T19:09:00,5500,completed,False
order_R1664_0_카페라떼_hot,1664,2026-06-11T07:56:00,5500,completed,False
order_R1664_0_카페라떼_ice,1664,2026-06-16T01:39:00,11000,completed,False
order_R1664_0_콜드브루,1664,2026-10-23T13:41:00,5500,completed,False
order_R1664_0_바닐라라떼,1664,2026-11-29T18:15:00,11000,completed,False
order_R1664_0_카라멜마끼아또,1664,2026-09-15T19:57:00,5500,completed,False
order_R1664_0_복숭아아이스티,1664,2026-06-23T17:24:00,11000,completed,False
order_R1664_0_자몽허니블랙티,1664,2026-12-04T05:50:00,11000,completed,False
order_R1664_0_레몬에이드,1664,2026-01-05T13:56:00,11000,completed,False
order_R1664_0_자몽에이드,1664,2026-06-26T13:09:00,5500,completed,False
order_R1665_0_바닐라라떼,1665,2026-02-11T11:50:00,5500,completed,False
order_R1665_0_카라멜마끼아또,1665,2026-10-21T12:40:00,5500,completed,False
order_R1665_0_복숭아아이스티,1665,2026-10-27T21:37:00,5500,completed,False
order_R1665_0_자몽허니블랙티,1665,2026-04-18T22:41:00,11000,completed,False
order_R1665_0_딸기스무디,1665,2026-10-20T08:20:00,5500,completed,False
order_R1665_0_망고스무디,1665,2026-07-20T20:16:00,5500,completed,False
order_R1666_0_아메리카노_hot,1666,2026-04-24T14:23:00,5500,completed,False
order_R1666_0_아메리카노_ice,1666,2026-05-18T23:12:00,5500,completed,False
order_R1666_0_카페라떼_hot,1666,2026-08-12T13:28:00,11000,completed,False
order_R1666_0_카페라떼_ice,1666,2026-04-17T16:15:00,11000,completed,False
order_R1666_0_바닐라라떼,1666,2026-06-10T18:41:00,11000,completed,False
order_R1666_0_카라멜마끼아또,1666,2026-10-30T13:16:00,5500,completed,False
order_R1667_0_아메리카노_hot,1667,2026-08-20T11:25:00,5500,completed,False
order_R1667_0_아메리카노_ice,1667,2026-12-04T19:13:00,5500,completed,False
order_R1667_0_바닐라라떼,1667,2026-08-15T19:25:00,5500,completed,False
order_R1667_0_카라멜마끼아또,1667,2026-05-18T22:42:00,5500,completed,False
order_R1667_0_레몬에이드,1667,2026-01-18T11:32:00,11000,completed,False
order_R1667_0_자몽에이드,1667,2026-10-05T13:37:00,5500,completed,False
order_R1668_0_아메리카노_hot,1668,2026-06-30T09:40:00,5500,completed,False
order_R1668_0_아메리카노_ice,1668,2026-08-22T18:57:00,5500,completed,False
order_R1668_0_카페라떼_hot,1668,2026-07-11T22:00:00,5500,completed,False
order_R1668_0_카페라떼_ice,1668,2026-02-27T10:17:00,5500,completed,False
order_R1668_0_드립커피,1668,2026-07-18T12:37:00,5500,completed,False
order_R1668_0_바닐라라떼,1668,2026-03-28T18:23:00,5500,completed,False
order_R1668_0_카라멜마끼아또,1668,2026-09-12T12:08:00,11000,completed,False
order_R1668_0_복숭아아이스티,1668,2026-07-31T11:56:00,11000,completed,False
order_R1668_0_자몽허니블랙티,1668,2026-07-28T18:52:00,5500,completed,False
order_R1668_0_딸기스무디,1668,2026-02-19T01:05:00,5500,completed,False
order_R1668_0_망고스무디,1668,2026-12-14T11:03:00,5500,completed,False
order_R1669_0_아메리카노_hot,1669,2026-02-01T15:12:00,11000,completed,False
order_R1669_0_아메리카노_ice,1669,2026-01-30T09:26:00,5500,completed,False
order_R1669_0_카페라떼_hot,1669,2026-11-04T01:41:00,16500,completed,False
order_R1669_0_카페라떼_ice,1669,2026-07-01T22:37:00,5500,completed,False
order_R1669_0_콜드브루라떼,1669,2026-06-04T09:53:00,5500,completed,False
order_R1670_0_아메리카노_hot,1670,2026-11-02T09:29:00,11000,completed,False
order_R1670_0_아메리카노_ice,1670,2026-08-03T21:53:00,5500,completed,False
order_R1670_0_바닐라라떼,1670,2026-07-04T06:05:00,5500,completed,False
order_R1670_0_카라멜마끼아또,1670,2026-05-17T04:52:00,11000,completed,False
order_R1670_0_복숭아아이스티,1670,2026-09-06T19:41:00,5500,completed,False
order_R1670_0_자몽허니블랙티,1670,2026-03-28T18:51:00,5500,completed,False
order_R1671_0_아메리카노_hot,1671,2026-11-15T06:42:00,5500,completed,False
order_R1671_0_아메리카노_ice,1671,2026-01-13T16:16:00,16500,completed,False
order_R1671_0_바닐라라떼,1671,2026-11-27T11:20:00,5500,completed,False
order_R1671_0_카라멜마끼아또,1671,2026-02-03T16:25:00,5500,completed,False
order_R1671_0_레몬에이드,1671,2026-09-26T23:33:00,11000,completed,False
order_R1671_0_자몽에이드,1671,2026-08-15T21:00:00,5500,completed,False
order_R1672_0_아메리카노_hot,1672,2026-07-22T19:52:00,5500,completed,False
order_R1672_0_아메리카노_ice,1672,2026-10-03T18:43:00,5500,completed,False
order_R1672_0_딸기스무디,1672,2026-07-30T11:29:00,11000,completed,False
order_R1672_0_망고스무디,1672,2026-04-02T19:02:00,5500,completed,False
order_R1673_0_아메리카노_hot,1673,2026-11-15T03:30:00,11000,completed,False
order_R1673_0_아메리카노_ice,1673,2026-07-17T23:33:00,11000,completed,False
order_R1673_0_레몬에이드,1673,2026-02-10T12:20:00,5500,completed,False
order_R1673_0_자몽에이드,1673,2026-10-04T16:18:00,5500,completed,False
order_R1674_0_아메리카노_hot,1674,2026-01-12T11:24:00,5500,completed,False
order_R1674_0_아메리카노_ice,1674,2026-01-16T06:08:00,5500,completed,False
order_R1674_0_드립커피,1674,2026-05-20T13:09:00,11000,completed,False
order_R1675_0_아메리카노_hot,1675,2026-06-21T15:34:00,5500,completed,False
order_R1675_0_아메리카노_ice,1675,2026-05-04T06:42:00,5500,completed,False
order_R1675_0_카페라떼_hot,1675,2026-11-11T17:47:00,5500,completed,False
order_R1675_0_카페라떼_ice,1675,2026-07-21T21:18:00,5500,completed,False
order_R1675_0_녹차라떼,1675,2026-05-28T01:52:00,5500,completed,False
order_R1675_0_캐모마일티,1675,2026-03-24T12:34:00,16500,completed,False
order_R1675_0_복숭아아이스티,1675,2026-01-29T00:06:00,5500,completed,False
order_R1675_0_자몽허니블랙티,1675,2026-07-15T07:38:00,5500,completed,False
order_R1676_0_아메리카노_hot,1676,2026-06-03T07:11:00,11000,completed,False
order_R1676_0_아메리카노_ice,1676,2026-01-08T08:33:00,5500,completed,False
order_R1676_0_카페라떼_hot,1676,2026-04-21T20:38:00,11000,completed,False
order_R1676_0_카페라떼_ice,1676,2026-06-30T19:18:00,5500,completed,False
order_R1676_0_바닐라라떼,1676,2026-08-31T08:22:00,16500,completed,False
order_R1676_0_카라멜마끼아또,1676,2026-04-26T17:43:00,11000,completed,False
order_R1676_0_레몬에이드,1676,2026-09-01T12:36:00,5500,completed,False
order_R1676_0_자몽에이드,1676,2026-10-29T11:48:00,5500,completed,False
order_R1676_0_딸기스무디,1676,2026-09-23T12:21:00,11000,completed,False
order_R1676_0_망고스무디,1676,2026-11-14T23:39:00,5500,completed,False
order_R1677_0_프라푸치노,1677,2026-11-21T17:50:00,5500,completed,False
order_R1677_0_말차프라페,1677,2026-03-08T04:16:00,5500,completed,False
order_R1678_0_아메리카노_hot,1678,2026-11-03T13:52:00,5500,completed,False
order_R1678_0_아메리카노_ice,1678,2026-02-26T07:21:00,11000,completed,False
order_R1678_0_카페라떼_hot,1678,2026-09-25T21:35:00,5500,completed,False
order_R1678_0_카페라떼_ice,1678,2026-03-01T09:33:00,11000,completed,False
order_R1678_0_프라푸치노,1678,2026-02-05T11:47:00,5500,completed,False
order_R1678_0_말차프라페,1678,2026-02-28T17:08:00,5500,completed,False
order_R1678_0_레몬에이드,1678,2026-02-01T22:40:00,5500,completed,False
order_R1678_0_자몽에이드,1678,2026-10-21T03:06:00,5500,completed,False
order_R1678_0_딸기스무디,1678,2026-08-21T13:43:00,11000,completed,False
order_R1678_0_망고스무디,1678,2026-04-08T16:37:00,5500,completed,False
order_R1679_0_아메리카노_hot,1679,2026-08-25T02:31:00,5500,completed,False
order_R1679_0_아메리카노_ice,1679,2026-11-20T15:21:00,16500,completed,False
order_R1679_0_카페라떼_hot,1679,2026-05-16T16:49:00,5500,completed,False
order_R1679_0_카페라떼_ice,1679,2026-04-06T07:13:00,11000,completed,False
order_R1679_0_바닐라라떼,1679,2026-01-30T06:20:00,11000,completed,False
order_R1679_0_카라멜마끼아또,1679,2026-05-25T12:48:00,5500,completed,False
order_R1679_0_프라푸치노,1679,2026-07-06T10:49:00,5500,completed,False
order_R1679_0_말차프라페,1679,2026-02-08T01:23:00,16500,completed,False
order_R1680_0_아메리카노_hot,1680,2026-06-30T10:48:00,11000,completed,False
order_R1680_0_아메리카노_ice,1680,2026-01-16T12:03:00,5500,completed,False
order_R1680_0_카푸치노,1680,2026-04-09T13:35:00,11000,completed,False
order_R1680_1_카푸치노,1680,2026-06-12T17:12:00,5500,completed,False
order_R1680_2_카푸치노,1680,2026-12-05T19:12:00,16500,completed,False
order_R1681_0_아메리카노_hot,1681,2026-09-16T04:11:00,5500,completed,False
order_R1681_0_아메리카노_ice,1681,2026-03-18T15:00:00,11000,completed,False
order_R1681_0_콜드브루라떼,1681,2026-03-15T15:48:00,5500,completed,False
order_R1681_0_드립커피,1681,2026-03-13T03:54:00,16500,completed,False
order_R1681_0_바닐라라떼,1681,2026-09-18T11:29:00,5500,completed,False
order_R1681_0_카라멜마끼아또,1681,2026-09-05T11:11:00,11000,completed,False
order_R1682_0_아메리카노_hot,1682,2026-01-05T20:27:00,5500,completed,False
order_R1682_0_아메리카노_ice,1682,2026-06-16T02:55:00,5500,completed,False
order_R1682_0_카페라떼_hot,1682,2026-07-12T15:14:00,5500,completed,False
order_R1682_0_카페라떼_ice,1682,2026-04-16T20:38:00,5500,completed,False
order_R1682_0_콜드브루,1682,2026-06-25T17:42:00,5500,completed,False
order_R1682_1_콜드브루,1682,2026-04-11T07:18:00,5500,completed,False
order_R1682_0_바닐라라떼,1682,2026-04-30T13:54:00,16500,completed,False
order_R1682_0_카라멜마끼아또,1682,2026-08-09T22:32:00,16500,completed,False
order_R1682_0_프라푸치노,1682,2026-03-11T06:32:00,16500,completed,False
order_R1682_0_말차프라페,1682,2026-05-08T13:31:00,11000,completed,False
order_R1682_0_레몬에이드,1682,2026-03-17T12:57:00,11000,completed,False
order_R1682_0_자몽에이드,1682,2026-03-17T12:58:00,5500,completed,False
order_R1682_0_딸기스무디,1682,2026-11-08T10:15:00,5500,completed,False
order_R1682_0_망고스무디,1682,2026-05-17T06:47:00,5500,completed,False
order_R1683_0_아메리카노_hot,1683,2026-06-17T21:09:00,11000,completed,False
order_R1683_0_아메리카노_ice,1683,2026-05-08T10:14:00,5500,completed,False
order_R1683_0_프라푸치노,1683,2026-11-25T23:01:00,5500,completed,False
order_R1683_0_말차프라페,1683,2026-12-21T11:12:00,5500,completed,False
order_R1684_0_아메리카노_hot,1684,2026-05-10T21:16:00,5500,completed,False
order_R1684_0_아메리카노_ice,1684,2026-07-11T20:06:00,5500,completed,False
order_R1684_0_카페라떼_hot,1684,2026-05-26T18:15:00,5500,completed,False
order_R1684_0_카페라떼_ice,1684,2026-02-22T01:34:00,5500,completed,False
order_R1684_0_바닐라라떼,1684,2026-11-28T10:11:00,16500,completed,False
order_R1684_0_카라멜마끼아또,1684,2026-02-01T09:05:00,5500,completed,False
order_R1684_0_딸기스무디,1684,2026-10-25T19:03:00,5500,completed,False
order_R1684_0_망고스무디,1684,2026-09-15T19:57:00,11000,completed,False
order_R1685_0_아메리카노_hot,1685,2026-12-24T04:04:00,11000,completed,False
order_R1685_0_아메리카노_ice,1685,2026-11-13T23:18:00,11000,completed,False
order_R1685_0_카페라떼_hot,1685,2026-12-28T00:15:00,5500,completed,False
order_R1685_0_카페라떼_ice,1685,2026-03-10T22:01:00,5500,completed,False
order_R1685_0_레몬에이드,1685,2026-07-11T06:26:00,5500,completed,False
order_R1685_0_자몽에이드,1685,2026-04-18T18:51:00,11000,completed,False
order_R1686_0_카페라떼_hot,1686,2026-02-16T17:18:00,5500,completed,False
order_R1686_0_카페라떼_ice,1686,2026-03-31T18:46:00,11000,completed,False
order_R1686_0_레몬에이드,1686,2026-09-19T20:12:00,11000,completed,False
order_R1686_0_자몽에이드,1686,2026-07-23T12:46:00,5500,completed,False
order_R1686_0_딸기스무디,1686,2026-01-30T15:13:00,16500,completed,False
order_R1686_0_망고스무디,1686,2026-04-01T09:31:00,5500,completed,False
order_R1687_0_콜드브루,1687,2026-05-12T10:03:00,5500,completed,False
order_R1687_1_콜드브루,1687,2026-01-17T10:00:00,16500,completed,False
order_R1687_2_콜드브루,1687,2026-06-19T22:14:00,5500,completed,False
order_R1687_3_콜드브루,1687,2026-12-18T23:23:00,5500,completed,False
order_R1687_4_콜드브루,1687,2026-05-22T16:14:00,16500,completed,False
order_R1687_5_콜드브루,1687,2026-04-05T06:45:00,5500,completed,False
order_R1687_0_딸기스무디,1687,2026-12-28T13:23:00,11000,completed,False
order_R1687_0_망고스무디,1687,2026-09-09T23:02:00,5500,completed,False
order_R1688_0_아메리카노_hot,1688,2026-02-08T16:13:00,11000,completed,False
order_R1688_0_아메리카노_ice,1688,2026-05-30T22:44:00,5500,completed,False
order_R1688_0_복숭아아이스티,1688,2026-05-09T19:18:00,5500,completed,False
order_R1688_0_자몽허니블랙티,1688,2026-09-20T09:38:00,5500,completed,False
order_R1688_0_레몬에이드,1688,2026-10-14T10:28:00,5500,completed,False
order_R1688_0_자몽에이드,1688,2026-11-08T06:55:00,16500,completed,False
order_R1689_0_아메리카노_hot,1689,2026-09-10T01:38:00,5500,completed,False
order_R1689_0_아메리카노_ice,1689,2026-03-09T02:25:00,11000,completed,False
order_R1689_0_카페라떼_hot,1689,2026-05-17T12:45:00,11000,completed,False
order_R1689_0_카페라떼_ice,1689,2026-11-01T10:01:00,5500,completed,False
order_R1689_0_바닐라라떼,1689,2026-02-27T11:00:00,11000,completed,False
order_R1689_0_카라멜마끼아또,1689,2026-06-10T16:50:00,5500,completed,False
order_R1689_0_녹차라떼,1689,2026-04-06T22:29:00,5500,completed,False
order_R1689_0_캐모마일티,1689,2026-06-08T07:02:00,11000,completed,False
order_R1690_0_바닐라라떼,1690,2026-07-22T10:33:00,5500,completed,False
order_R1690_0_카라멜마끼아또,1690,2026-07-08T23:50:00,5500,completed,False
order_R1690_0_프라푸치노,1690,2026-06-17T14:54:00,16500,completed,False
order_R1690_0_말차프라페,1690,2026-07-10T17:12:00,11000,completed,False
order_R1690_0_레몬에이드,1690,2026-03-02T14:28:00,5500,completed,False
order_R1690_0_자몽에이드,1690,2026-04-23T12:05:00,5500,completed,False
order_R1691_0_아메리카노_hot,1691,2026-06-08T06:16:00,11000,completed,False
order_R1691_0_아메리카노_ice,1691,2026-06-04T19:43:00,11000,completed,False
order_R1691_0_카페라떼_hot,1691,2026-08-17T12:47:00,5500,completed,False
order_R1691_0_카페라떼_ice,1691,2026-05-14T10:08:00,11000,completed,False
order_R1691_0_카푸치노,1691,2026-04-23T20:41:00,5500,completed,False
order_R1691_0_바닐라라떼,1691,2026-08-17T15:17:00,5500,completed,False
order_R1691_0_카라멜마끼아또,1691,2026-04-19T18:28:00,5500,completed,False
order_R1692_0_에스프레소,1692,2026-05-29T13:47:00,5500,completed,False
order_R1692_0_아메리카노_hot,1692,2026-07-06T23:58:00,11000,completed,False
order_R1692_0_아메리카노_ice,1692,2026-07-04T08:53:00,11000,completed,False
order_R1692_0_카페라떼_hot,1692,2026-01-10T09:13:00,5500,completed,False
order_R1692_0_카페라떼_ice,1692,2026-08-06T11:23:00,5500,completed,False
order_R1692_0_녹차라떼,1692,2026-04-16T06:19:00,11000,completed,False
order_R1692_0_캐모마일티,1692,2026-03-24T14:53:00,11000,completed,False
order_R1692_0_딸기스무디,1692,2026-07-24T16:23:00,5500,completed,False
order_R1692_0_망고스무디,1692,2026-06-21T19:43:00,16500,completed,False
order_R1693_0_바닐라라떼,1693,2026-07-06T01:57:00,11000,completed,False
order_R1693_0_카라멜마끼아또,1693,2026-12-05T15:55:00,5500,completed,False
order_R1693_0_딸기스무디,1693,2026-06-03T05:23:00,5500,completed,False
order_R1693_0_망고스무디,1693,2026-09-25T19:15:00,11000,completed,False
order_R1694_0_카페라떼_hot,1694,2026-08-02T03:24:00,16500,completed,False
order_R1694_0_카페라떼_ice,1694,2026-03-31T19:56:00,16500,completed,False
order_R1694_0_바닐라라떼,1694,2026-07-03T12:36:00,5500,completed,False
order_R1694_0_카라멜마끼아또,1694,2026-06-23T19:05:00,5500,completed,False
order_R1694_0_녹차라떼,1694,2026-06-11T19:19:00,11000,completed,False
order_R1694_0_캐모마일티,1694,2026-09-29T04:47:00,5500,completed,False
order_R1694_0_레몬에이드,1694,2026-02-09T01:56:00,11000,completed,False
order_R1694_0_자몽에이드,1694,2026-10-14T20:06:00,11000,completed,False
order_R1694_0_딸기스무디,1694,2026-04-25T00:28:00,11000,completed,False
order_R1694_0_망고스무디,1694,2026-03-17T15:36:00,5500,completed,False
order_R1695_0_아메리카노_hot,1695,2026-01-27T23:38:00,5500,completed,False
order_R1695_0_아메리카노_ice,1695,2026-12-26T19:27:00,16500,completed,False
order_R1695_0_녹차라떼,1695,2026-05-23T11:56:00,11000,completed,False
order_R1695_0_캐모마일티,1695,2026-08-17T19:07:00,5500,completed,False
order_R1695_0_복숭아아이스티,1695,2026-03-04T11:25:00,16500,completed,False
order_R1695_0_자몽허니블랙티,1695,2026-04-02T13:38:00,5500,completed,False
order_R1696_0_에스프레소,1696,2026-12-21T18:02:00,5500,completed,False
order_R1696_0_아메리카노_hot,1696,2026-05-09T18:27:00,11000,completed,False
order_R1696_0_아메리카노_ice,1696,2026-05-18T23:30:00,5500,completed,False
order_R1696_0_카페라떼_hot,1696,2026-07-09T03:25:00,11000,completed,False
order_R1696_0_카페라떼_ice,1696,2026-03-11T10:12:00,5500,completed,False
order_R1697_0_아메리카노_hot,1697,2026-07-04T18:48:00,11000,completed,False
order_R1697_0_아메리카노_ice,1697,2026-01-14T18:16:00,5500,completed,False
order_R1697_0_카푸치노,1697,2026-08-17T10:47:00,16500,completed,False
order_R1697_0_바닐라라떼,1697,2026-05-06T22:36:00,16500,completed,False
order_R1697_0_카라멜마끼아또,1697,2026-05-20T10:03:00,5500,completed,False
order_R1697_0_녹차라떼,1697,2026-09-14T07:08:00,5500,completed,False
order_R1697_0_캐모마일티,1697,2026-02-20T15:17:00,16500,completed,False
order_R1697_0_복숭아아이스티,1697,2026-03-03T15:50:00,16500,completed,False
order_R1697_0_자몽허니블랙티,1697,2026-05-16T19:57:00,5500,completed,False
order_R1698_0_프라푸치노,1698,2026-10-23T20:35:00,11000,completed,False
order_R1698_0_말차프라페,1698,2026-09-28T17:41:00,5500,completed,False
order_R1699_0_아메리카노_hot,1699,2026-11-01T13:28:00,16500,completed,False
order_R1699_0_아메리카노_ice,1699,2026-03-13T22:56:00,5500,completed,False
order_R1699_0_레몬에이드,1699,2026-02-21T08:46:00,11000,completed,False
order_R1699_0_자몽에이드,1699,2026-12-29T16:26:00,11000,completed,False
order_R1699_0_딸기스무디,1699,2026-10-01T22:37:00,5500,completed,False
order_R1699_0_망고스무디,1699,2026-07-20T13:25:00,16500,completed,False
order_R1700_0_콜드브루,1700,2026-05-23T21:56:00,5500,completed,False
order_R1700_1_콜드브루,1700,2026-06-11T22:38:00,5500,completed,False
order_R1700_2_콜드브루,1700,2026-07-13T18:07:00,16500,completed,False
order_R1700_0_레몬에이드,1700,2026-12-15T07:06:00,5500,completed,False
order_R1700_0_자몽에이드,1700,2026-07-12T09:38:00,5500,completed,False
order_R1701_0_녹차라떼,1701,2026-12-25T17:54:00,11000,completed,False
order_R1701_0_캐모마일티,1701,2026-02-26T14:59:00,11000,completed,False
order_R1701_0_복숭아아이스티,1701,2026-11-29T22:03:00,11000,completed,False
order_R1701_0_자몽허니블랙티,1701,2026-02-14T20:33:00,5500,completed,False
order_R1702_0_아메리카노_hot,1702,2026-08-19T20:10:00,11000,completed,False
order_R1702_0_아메리카노_ice,1702,2026-12-03T18:29:00,5500,completed,False
order_R1702_0_카페라떼_hot,1702,2026-07-10T15:26:00,5500,completed,False
order_R1702_0_카페라떼_ice,1702,2026-01-26T11:22:00,5500,completed,False
order_R1702_0_콜드브루,1702,2026-01-15T00:46:00,5500,completed,False
order_R1702_1_콜드브루,1702,2026-05-12T21:59:00,11000,completed,False
order_R1702_2_콜드브루,1702,2026-06-29T13:26:00,16500,completed,False
order_R1702_3_콜드브루,1702,2026-12-22T14:43:00,5500,completed,False
order_R1702_4_콜드브루,1702,2026-04-08T23:20:00,11000,completed,False
order_R1702_5_콜드브루,1702,2026-03-02T11:04:00,11000,completed,False
order_R1703_0_아메리카노_hot,1703,2026-02-21T21:42:00,5500,completed,False
order_R1703_0_아메리카노_ice,1703,2026-12-20T18:35:00,5500,completed,False
order_R1703_0_레몬에이드,1703,2026-10-28T22:10:00,5500,completed,False
order_R1703_0_자몽에이드,1703,2026-02-15T19:45:00,5500,completed,False
order_R1704_0_아메리카노_hot,1704,2026-09-12T22:15:00,5500,completed,False
order_R1704_0_아메리카노_ice,1704,2026-04-09T12:35:00,11000,completed,False
order_R1704_0_카페라떼_hot,1704,2026-06-25T19:03:00,5500,completed,False
order_R1704_0_카페라떼_ice,1704,2026-04-18T02:56:00,11000,completed,False
order_R1704_0_콜드브루,1704,2026-05-25T09:34:00,11000,completed,False
order_R1704_0_바닐라라떼,1704,2026-03-21T14:38:00,11000,completed,False
order_R1704_0_카라멜마끼아또,1704,2026-12-30T11:13:00,11000,completed,False
order_R1705_0_아메리카노_hot,1705,2026-05-03T02:28:00,5500,completed,False
order_R1705_0_아메리카노_ice,1705,2026-04-23T08:55:00,16500,completed,False
order_R1705_0_콜드브루,1705,2026-02-08T19:57:00,5500,completed,False
order_R1705_1_콜드브루,1705,2026-04-30T17:58:00,5500,completed,False
order_R1705_0_바닐라라떼,1705,2026-09-30T15:34:00,5500,completed,False
order_R1705_0_카라멜마끼아또,1705,2026-04-29T10:02:00,5500,completed,False
order_R1705_0_딸기스무디,1705,2026-07-02T16:18:00,5500,completed,False
order_R1705_0_망고스무디,1705,2026-05-02T08:09:00,5500,completed,False
order_R1706_0_아메리카노_hot,1706,2026-01-01T13:42:00,5500,completed,False
order_R1706_0_아메리카노_ice,1706,2026-10-04T09:44:00,5500,completed,False
order_R1706_0_카페라떼_hot,1706,2026-11-01T17:24:00,5500,completed,False
order_R1706_0_카페라떼_ice,1706,2026-09-05T11:28:00,11000,completed,False
order_R1707_0_바닐라라떼,1707,2026-12-10T22:58:00,11000,completed,False
order_R1707_0_카라멜마끼아또,1707,2026-06-18T22:22:00,5500,completed,False
order_R1708_0_아메리카노_hot,1708,2026-02-11T15:28:00,5500,completed,False
order_R1708_0_아메리카노_ice,1708,2026-05-22T16:59:00,5500,completed,False
order_R1708_0_레몬에이드,1708,2026-10-26T20:43:00,11000,completed,False
order_R1708_0_자몽에이드,1708,2026-12-27T11:19:00,5500,completed,False
order_R1709_0_아메리카노_hot,1709,2026-06-10T20:26:00,5500,completed,False
order_R1709_0_아메리카노_ice,1709,2026-02-02T02:29:00,16500,completed,False
order_R1709_0_콜드브루,1709,2026-04-06T14:41:00,5500,completed,False
order_R1709_1_콜드브루,1709,2026-04-23T11:25:00,5500,completed,False
order_R1710_0_아메리카노_hot,1710,2026-12-13T05:05:00,5500,completed,False
order_R1710_0_아메리카노_ice,1710,2026-01-25T22:27:00,5500,completed,False
order_R1710_0_카페라떼_hot,1710,2026-07-23T10:44:00,5500,completed,False
order_R1710_0_카페라떼_ice,1710,2026-01-25T23:55:00,11000,completed,False
order_R1710_0_레몬에이드,1710,2026-05-11T14:41:00,11000,completed,False
order_R1710_0_자몽에이드,1710,2026-08-25T19:53:00,16500,completed,False
order_R1711_0_카페라떼_hot,1711,2026-08-11T17:17:00,11000,completed,False
order_R1711_0_카페라떼_ice,1711,2026-09-05T17:43:00,11000,completed,False
order_R1711_0_바닐라라떼,1711,2026-09-11T17:13:00,11000,completed,False
order_R1711_0_카라멜마끼아또,1711,2026-12-16T19:01:00,5500,completed,False
order_R1712_0_아메리카노_hot,1712,2026-07-15T19:05:00,5500,completed,False
order_R1712_0_아메리카노_ice,1712,2026-02-25T22:50:00,11000,completed,False
order_R1712_0_콜드브루,1712,2026-03-16T16:09:00,11000,completed,False
order_R1712_0_복숭아아이스티,1712,2026-06-12T23:02:00,5500,completed,False
order_R1712_0_자몽허니블랙티,1712,2026-10-25T23:56:00,5500,completed,False
order_R1713_0_프라푸치노,1713,2026-03-10T11:51:00,11000,completed,False
order_R1713_0_말차프라페,1713,2026-10-14T16:54:00,5500,completed,False
order_R1713_0_레몬에이드,1713,2026-01-30T05:02:00,5500,completed,False
order_R1713_0_자몽에이드,1713,2026-04-14T07:16:00,11000,completed,False
order_R1714_0_아메리카노_hot,1714,2026-05-31T16:40:00,5500,completed,False
order_R1714_0_아메리카노_ice,1714,2026-02-14T21:46:00,5500,completed,False
order_R1714_0_레몬에이드,1714,2026-06-13T16:29:00,5500,completed,False
order_R1714_0_자몽에이드,1714,2026-01-31T14:25:00,5500,completed,False
order_R1715_0_아메리카노_hot,1715,2026-03-17T19:18:00,5500,completed,False
order_R1715_0_아메리카노_ice,1715,2026-06-30T11:03:00,16500,completed,False
order_R1715_0_카페라떼_hot,1715,2026-05-11T23:28:00,5500,completed,False
order_R1715_0_카페라떼_ice,1715,2026-01-16T08:56:00,5500,completed,False
order_R1715_0_녹차라떼,1715,2026-02-27T01:23:00,11000,completed,False
order_R1715_0_캐모마일티,1715,2026-08-14T21:03:00,5500,completed,False
order_R1715_0_레몬에이드,1715,2026-12-01T14:17:00,5500,completed,False
order_R1715_0_자몽에이드,1715,2026-06-19T01:23:00,5500,completed,False
order_R1716_0_콜드브루,1716,2026-06-25T20:14:00,5500,completed,False
order_R1716_1_콜드브루,1716,2026-03-04T17:13:00,5500,completed,False
order_R1716_2_콜드브루,1716,2026-10-07T11:46:00,5500,completed,False
order_R1716_3_콜드브루,1716,2026-05-14T13:23:00,5500,completed,False
order_R1716_4_콜드브루,1716,2026-08-12T09:03:00,5500,completed,False
order_R1716_5_콜드브루,1716,2026-12-24T13:15:00,5500,completed,False
order_R1717_0_드립커피,1717,2026-05-06T13:11:00,11000,completed,False
order_R1718_0_아메리카노_hot,1718,2026-07-31T13:51:00,5500,completed,False
order_R1718_0_아메리카노_ice,1718,2026-10-24T04:03:00,5500,completed,False
order_R1719_0_아메리카노_hot,1719,2026-03-24T18:37:00,11000,completed,False
order_R1719_0_아메리카노_ice,1719,2026-04-15T14:12:00,11000,completed,False
order_R1719_0_카페라떼_hot,1719,2026-06-06T17:33:00,11000,completed,False
order_R1719_0_카페라떼_ice,1719,2026-10-06T11:59:00,5500,completed,False
order_R1719_0_카푸치노,1719,2026-07-25T06:37:00,16500,completed,False
order_R1719_0_바닐라라떼,1719,2026-09-06T13:43:00,5500,completed,False
order_R1719_0_카라멜마끼아또,1719,2026-11-07T13:15:00,5500,completed,False
order_R1719_0_프라푸치노,1719,2026-09-15T17:11:00,5500,completed,False
order_R1719_0_말차프라페,1719,2026-01-02T23:27:00,5500,completed,False
order_R1720_0_아메리카노_hot,1720,2026-01-30T18:47:00,11000,completed,False
order_R1720_0_아메리카노_ice,1720,2026-05-31T22:45:00,11000,completed,False
order_R1720_0_카페라떼_hot,1720,2026-12-18T05:53:00,11000,completed,False
order_R1720_0_카페라떼_ice,1720,2026-05-11T20:23:00,5500,completed,False
order_R1720_0_레몬에이드,1720,2026-09-18T22:35:00,5500,completed,False
order_R1720_0_자몽에이드,1720,2026-03-30T18:05:00,11000,completed,False
order_R1721_0_아메리카노_hot,1721,2026-10-10T23:50:00,11000,completed,False
order_R1721_0_아메리카노_ice,1721,2026-01-01T06:33:00,5500,completed,False
order_R1721_0_콜드브루라떼,1721,2026-08-14T17:47:00,11000,completed,False
order_R1721_0_바닐라라떼,1721,2026-12-22T08:25:00,5500,completed,False
order_R1721_0_카라멜마끼아또,1721,2026-11-25T22:44:00,11000,completed,False
order_R1722_0_에스프레소,1722,2026-09-11T08:19:00,11000,completed,False
order_R1722_0_아메리카노_hot,1722,2026-05-02T18:21:00,5500,completed,False
order_R1722_0_아메리카노_ice,1722,2026-05-06T06:41:00,5500,completed,False
order_R1722_0_카푸치노,1722,2026-09-09T14:27:00,5500,completed,False
order_R1722_1_카푸치노,1722,2026-11-22T13:53:00,5500,completed,False
order_R1722_2_카푸치노,1722,2026-02-28T07:38:00,5500,completed,False
order_R1723_0_에스프레소,1723,2026-09-08T06:41:00,5500,completed,False
order_R1723_1_에스프레소,1723,2026-06-01T11:25:00,16500,completed,False
order_R1723_0_아메리카노_hot,1723,2026-11-30T18:14:00,5500,completed,False
order_R1723_0_아메리카노_ice,1723,2026-11-07T18:48:00,5500,completed,False
order_R1723_0_바닐라라떼,1723,2026-10-30T12:40:00,11000,completed,False
order_R1723_0_카라멜마끼아또,1723,2026-04-10T00:01:00,5500,completed,False
order_R1724_0_아메리카노_hot,1724,2026-01-26T02:58:00,11000,completed,False
order_R1724_0_아메리카노_ice,1724,2026-03-13T07:02:00,5500,completed,False
order_R1724_0_콜드브루,1724,2026-04-12T07:39:00,11000,completed,False
order_R1724_1_콜드브루,1724,2026-02-24T08:10:00,5500,completed,False
order_R1724_0_바닐라라떼,1724,2026-05-26T20:47:00,11000,completed,False
order_R1724_0_카라멜마끼아또,1724,2026-07-22T15:18:00,5500,completed,False
order_R1724_0_레몬에이드,1724,2026-06-17T15:01:00,11000,completed,False
order_R1724_0_자몽에이드,1724,2026-01-03T04:10:00,11000,completed,False
order_R1725_0_아메리카노_hot,1725,2026-12-03T16:35:00,5500,completed,False
order_R1725_0_아메리카노_ice,1725,2026-01-06T03:53:00,11000,completed,False
order_R1726_0_에스프레소,1726,2026-03-31T13:58:00,11000,completed,False
order_R1726_0_아메리카노_hot,1726,2026-10-29T00:04:00,5500,completed,False
order_R1726_0_아메리카노_ice,1726,2026-11-07T11:11:00,11000,completed,False
order_R1726_0_카페라떼_hot,1726,2026-06-19T11:32:00,5500,completed,False
order_R1726_0_카페라떼_ice,1726,2026-11-27T21:58:00,16500,completed,False
order_R1726_0_카푸치노,1726,2026-12-02T21:16:00,5500,completed,False
order_R1726_0_딸기스무디,1726,2026-11-25T06:44:00,5500,completed,False
order_R1726_0_망고스무디,1726,2026-04-29T11:39:00,11000,completed,False
order_R1727_0_아메리카노_hot,1727,2026-03-09T17:56:00,11000,completed,False
order_R1727_0_아메리카노_ice,1727,2026-02-22T12:10:00,5500,completed,False
order_R1727_0_복숭아아이스티,1727,2026-07-08T22:38:00,5500,completed,False
order_R1727_0_자몽허니블랙티,1727,2026-12-27T03:48:00,5500,completed,False
order_R1728_0_카페라떼_hot,1728,2026-04-15T03:32:00,5500,completed,False
order_R1728_0_카페라떼_ice,1728,2026-06-07T03:11:00,5500,completed,False
order_R1728_0_바닐라라떼,1728,2026-01-13T19:56:00,11000,completed,False
order_R1728_0_카라멜마끼아또,1728,2026-02-04T01:07:00,5500,completed,False
order_R1728_0_프라푸치노,1728,2026-02-24T06:33:00,5500,completed,False
order_R1728_0_말차프라페,1728,2026-09-13T17:20:00,5500,completed,False
order_R1729_0_카페라떼_hot,1729,2026-07-12T12:13:00,5500,completed,False
order_R1729_0_카페라떼_ice,1729,2026-09-30T19:27:00,11000,completed,False
order_R1729_0_프라푸치노,1729,2026-06-23T20:08:00,5500,completed,False
order_R1729_0_말차프라페,1729,2026-03-09T14:47:00,5500,completed,False
order_R1729_0_레몬에이드,1729,2026-12-19T15:49:00,5500,completed,False
order_R1729_0_자몽에이드,1729,2026-10-31T14:05:00,11000,completed,False
order_R1730_0_아메리카노_hot,1730,2026-05-21T13:23:00,5500,completed,False
order_R1730_0_아메리카노_ice,1730,2026-11-06T12:14:00,5500,completed,False
order_R1730_0_카페라떼_hot,1730,2026-05-15T16:51:00,16500,completed,False
order_R1730_0_카페라떼_ice,1730,2026-10-17T06:27:00,5500,completed,False
order_R1731_0_카페라떼_hot,1731,2026-12-28T10:18:00,5500,completed,False
order_R1731_0_카페라떼_ice,1731,2026-03-30T18:45:00,11000,completed,False
order_R1731_0_콜드브루,1731,2026-02-01T23:22:00,16500,completed,False
order_R1731_1_콜드브루,1731,2026-05-07T22:42:00,5500,completed,False
order_R1731_2_콜드브루,1731,2026-09-24T15:25:00,16500,completed,False
order_R1731_3_콜드브루,1731,2026-03-19T22:07:00,11000,completed,False
order_R1731_4_콜드브루,1731,2026-08-07T09:56:00,5500,completed,False
order_R1732_0_아메리카노_hot,1732,2026-07-18T12:03:00,5500,completed,False
order_R1732_0_아메리카노_ice,1732,2026-01-08T20:37:00,11000,completed,False
order_R1732_0_카페라떼_hot,1732,2026-01-02T21:58:00,11000,completed,False
order_R1732_0_카페라떼_ice,1732,2026-07-08T04:15:00,16500,completed,False
order_R1733_0_카페라떼_hot,1733,2026-06-21T02:33:00,5500,completed,False
order_R1733_0_카페라떼_ice,1733,2026-05-24T18:15:00,5500,completed,False
order_R1733_0_콜드브루,1733,2026-02-07T13:27:00,11000,completed,False
order_R1733_1_콜드브루,1733,2026-11-01T17:49:00,16500,completed,False
order_R1733_2_콜드브루,1733,2026-03-26T03:20:00,5500,completed,False
order_R1734_0_아메리카노_hot,1734,2026-09-18T20:22:00,5500,completed,False
order_R1734_0_아메리카노_ice,1734,2026-08-18T14:42:00,5500,completed,False
order_R1734_0_녹차라떼,1734,2026-07-17T22:26:00,5500,completed,False
order_R1734_0_캐모마일티,1734,2026-05-14T17:38:00,5500,completed,False
order_R1734_0_레몬에이드,1734,2026-11-18T10:32:00,5500,completed,False
order_R1734_0_자몽에이드,1734,2026-04-01T17:14:00,5500,completed,False
order_R1734_0_딸기스무디,1734,2026-10-06T09:27:00,11000,completed,False
order_R1734_0_망고스무디,1734,2026-07-08T16:06:00,11000,completed,False
order_R1735_0_아메리카노_hot,1735,2026-06-05T16:22:00,5500,completed,False
order_R1735_0_아메리카노_ice,1735,2026-06-20T18:00:00,5500,completed,False
order_R1735_0_바닐라라떼,1735,2026-02-03T13:22:00,16500,completed,False
order_R1735_0_카라멜마끼아또,1735,2026-09-28T16:46:00,5500,completed,False
order_R1735_0_레몬에이드,1735,2026-04-29T05:36:00,5500,completed,False
order_R1735_0_자몽에이드,1735,2026-04-12T07:15:00,5500,completed,False
order_R1736_0_에스프레소,1736,2026-11-11T18:12:00,11000,completed,False
order_R1736_0_아메리카노_hot,1736,2026-10-01T15:39:00,5500,completed,False
order_R1736_0_아메리카노_ice,1736,2026-12-26T03:26:00,11000,completed,False
order_R1736_0_카페라떼_hot,1736,2026-09-10T17:15:00,5500,completed,False
order_R1736_0_카페라떼_ice,1736,2026-02-09T14:25:00,5500,completed,False
order_R1736_0_녹차라떼,1736,2026-01-23T01:14:00,5500,completed,False
order_R1736_0_캐모마일티,1736,2026-09-26T16:07:00,5500,completed,False
order_R1737_0_바닐라라떼,1737,2026-05-04T15:28:00,11000,completed,False
order_R1737_0_카라멜마끼아또,1737,2026-07-17T23:37:00,5500,completed,False
order_R1738_0_아메리카노_hot,1738,2026-09-27T14:38:00,11000,completed,False
order_R1738_0_아메리카노_ice,1738,2026-01-07T08:49:00,5500,completed,False
order_R1738_0_카페라떼_hot,1738,2026-02-26T23:58:00,5500,completed,False
order_R1738_0_카페라떼_ice,1738,2026-01-08T08:25:00,11000,completed,False
order_R1738_0_콜드브루라떼,1738,2026-04-08T21:14:00,5500,completed,False
order_R1738_0_녹차라떼,1738,2026-12-15T13:28:00,5500,completed,False
order_R1738_0_캐모마일티,1738,2026-10-01T22:17:00,16500,completed,False
order_R1738_0_딸기스무디,1738,2026-10-18T21:29:00,5500,completed,False
order_R1738_0_망고스무디,1738,2026-07-10T09:25:00,11000,completed,False
order_R1739_0_아메리카노_hot,1739,2026-04-29T15:25:00,16500,completed,False
order_R1739_0_아메리카노_ice,1739,2026-11-03T12:48:00,5500,completed,False
order_R1739_0_바닐라라떼,1739,2026-11-14T11:09:00,16500,completed,False
order_R1739_0_카라멜마끼아또,1739,2026-11-01T21:41:00,11000,completed,False
order_R1739_0_녹차라떼,1739,2026-02-27T12:47:00,5500,completed,False
order_R1739_0_캐모마일티,1739,2026-12-08T22:32:00,11000,completed,False
order_R1740_0_에스프레소,1740,2026-10-05T19:22:00,11000,completed,False
order_R1740_0_아메리카노_hot,1740,2026-05-06T19:46:00,5500,completed,False
order_R1740_0_아메리카노_ice,1740,2026-08-21T03:51:00,5500,completed,False
order_R1740_0_콜드브루,1740,2026-07-06T13:09:00,16500,completed,False
order_R1740_1_콜드브루,1740,2026-11-17T19:43:00,5500,completed,False
order_R1740_2_콜드브루,1740,2026-01-28T08:33:00,5500,completed,False
order_R1740_0_프라푸치노,1740,2026-04-23T11:11:00,16500,completed,False
order_R1740_0_말차프라페,1740,2026-07-14T19:00:00,11000,completed,False
order_R1741_0_녹차라떼,1741,2026-02-22T11:19:00,5500,completed,False
order_R1741_0_캐모마일티,1741,2026-07-24T18:14:00,11000,completed,False
order_R1741_0_레몬에이드,1741,2026-04-27T07:29:00,5500,completed,False
order_R1741_0_자몽에이드,1741,2026-04-11T01:36:00,5500,completed,False
order_R1742_0_아메리카노_hot,1742,2026-11-10T14:29:00,11000,completed,False
order_R1742_0_아메리카노_ice,1742,2026-01-10T21:05:00,5500,completed,False
order_R1742_0_레몬에이드,1742,2026-06-19T12:30:00,5500,completed,False
order_R1742_0_자몽에이드,1742,2026-03-08T12:05:00,5500,completed,False
order_R1743_0_아메리카노_hot,1743,2026-02-05T09:04:00,5500,completed,False
order_R1743_0_아메리카노_ice,1743,2026-07-03T04:19:00,5500,completed,False
order_R1743_0_카페라떼_hot,1743,2026-09-15T15:01:00,5500,completed,False
order_R1743_0_카페라떼_ice,1743,2026-03-18T13:08:00,16500,completed,False
order_R1743_0_콜드브루,1743,2026-12-10T21:43:00,5500,completed,False
order_R1743_1_콜드브루,1743,2026-09-03T17:48:00,5500,completed,False
order_R1743_2_콜드브루,1743,2026-05-24T19:45:00,5500,completed,False
order_R1743_0_바닐라라떼,1743,2026-12-14T04:03:00,5500,completed,False
order_R1743_0_카라멜마끼아또,1743,2026-10-09T03:28:00,5500,completed,False
order_R1743_0_프라푸치노,1743,2026-07-29T23:02:00,5500,completed,False
order_R1743_0_말차프라페,1743,2026-05-20T11:32:00,11000,completed,False
order_R1743_0_복숭아아이스티,1743,2026-11-07T23:11:00,5500,completed,False
order_R1743_0_자몽허니블랙티,1743,2026-03-30T22:45:00,5500,completed,False
order_R1744_0_아메리카노_hot,1744,2026-01-06T06:55:00,11000,completed,False
order_R1744_0_아메리카노_ice,1744,2026-06-17T12:49:00,5500,completed,False
order_R1744_0_카푸치노,1744,2026-02-16T15:51:00,5500,completed,False
order_R1744_1_카푸치노,1744,2026-04-03T20:16:00,5500,completed,False
order_R1744_0_딸기스무디,1744,2026-10-12T01:05:00,5500,completed,False
order_R1744_0_망고스무디,1744,2026-04-19T13:54:00,11000,completed,False
order_R1745_0_아메리카노_hot,1745,2026-07-12T06:45:00,5500,completed,False
order_R1745_0_아메리카노_ice,1745,2026-07-05T12:35:00,5500,completed,False
order_R1746_0_아메리카노_hot,1746,2026-06-14T23:51:00,11000,completed,False
order_R1746_0_아메리카노_ice,1746,2026-12-05T19:27:00,5500,completed,False
order_R1746_0_카페라떼_hot,1746,2026-07-22T12:22:00,5500,completed,False
order_R1746_0_카페라떼_ice,1746,2026-12-09T23:14:00,5500,completed,False
order_R1746_0_콜드브루라떼,1746,2026-09-29T22:12:00,5500,completed,False
order_R1746_0_녹차라떼,1746,2026-09-02T07:26:00,11000,completed,False
order_R1746_0_캐모마일티,1746,2026-08-09T18:34:00,5500,completed,False
order_R1747_0_아메리카노_hot,1747,2026-06-28T16:59:00,11000,completed,False
order_R1747_0_아메리카노_ice,1747,2026-01-11T21:42:00,5500,completed,False
order_R1747_0_복숭아아이스티,1747,2026-06-24T15:19:00,5500,completed,False
order_R1747_0_자몽허니블랙티,1747,2026-03-08T20:48:00,5500,completed,False
order_R1747_0_딸기스무디,1747,2026-02-28T20:46:00,11000,completed,False
order_R1747_0_망고스무디,1747,2026-05-30T10:46:00,11000,completed,False
order_R1748_0_카페라떼_hot,1748,2026-01-26T02:09:00,11000,completed,False
order_R1748_0_카페라떼_ice,1748,2026-04-07T10:26:00,16500,completed,False
order_R1748_0_바닐라라떼,1748,2026-12-12T06:51:00,11000,completed,False
order_R1748_0_카라멜마끼아또,1748,2026-08-14T11:14:00,5500,completed,False
order_R1748_0_레몬에이드,1748,2026-06-13T09:29:00,5500,completed,False
order_R1748_0_자몽에이드,1748,2026-09-07T21:43:00,5500,completed,False
order_R1749_0_아메리카노_hot,1749,2026-10-21T18:09:00,5500,completed,False
order_R1749_0_아메리카노_ice,1749,2026-09-25T17:05:00,5500,completed,False
order_R1749_0_드립커피,1749,2026-01-22T12:27:00,5500,completed,False
order_R1749_0_바닐라라떼,1749,2026-01-15T14:29:00,11000,completed,False
order_R1749_0_카라멜마끼아또,1749,2026-02-15T22:49:00,5500,completed,False
order_R1750_0_복숭아아이스티,1750,2026-02-22T21:08:00,5500,completed,False
order_R1750_0_자몽허니블랙티,1750,2026-03-11T12:10:00,5500,completed,False
order_R1751_0_카페라떼_hot,1751,2026-11-01T21:56:00,5500,completed,False
order_R1751_0_카페라떼_ice,1751,2026-05-18T07:41:00,5500,completed,False
order_R1751_0_바닐라라떼,1751,2026-01-01T20:15:00,11000,completed,False
order_R1751_0_카라멜마끼아또,1751,2026-10-11T11:25:00,11000,completed,False
order_R1751_0_레몬에이드,1751,2026-10-09T15:24:00,16500,completed,False
order_R1751_0_자몽에이드,1751,2026-10-04T21:40:00,11000,completed,False
order_R1752_0_아메리카노_hot,1752,2026-04-18T17:22:00,5500,completed,False
order_R1752_0_아메리카노_ice,1752,2026-06-15T21:35:00,11000,completed,False
order_R1752_0_카페라떼_hot,1752,2026-02-20T23:07:00,5500,completed,False
order_R1752_0_카페라떼_ice,1752,2026-08-30T20:11:00,5500,completed,False
order_R1752_0_바닐라라떼,1752,2026-11-17T22:53:00,11000,completed,False
order_R1752_0_카라멜마끼아또,1752,2026-11-29T21:08:00,5500,completed,False
order_R1752_0_복숭아아이스티,1752,2026-11-19T06:51:00,5500,completed,False
order_R1752_0_자몽허니블랙티,1752,2026-07-23T19:12:00,5500,completed,False
order_R1753_0_아메리카노_hot,1753,2026-04-03T10:08:00,16500,completed,False
order_R1753_0_아메리카노_ice,1753,2026-02-11T12:41:00,5500,completed,False
order_R1753_0_카페라떼_hot,1753,2026-06-24T13:48:00,11000,completed,False
order_R1753_0_카페라떼_ice,1753,2026-11-29T23:55:00,5500,completed,False
order_R1753_0_복숭아아이스티,1753,2026-02-17T11:16:00,16500,completed,False
order_R1753_0_자몽허니블랙티,1753,2026-06-06T09:36:00,5500,completed,False
order_R1754_0_레몬에이드,1754,2026-08-18T06:13:00,5500,completed,False
order_R1754_0_자몽에이드,1754,2026-06-15T12:40:00,5500,completed,False
order_R1755_0_카페라떼_hot,1755,2026-05-20T03:04:00,16500,completed,False
order_R1755_0_카페라떼_ice,1755,2026-10-13T07:36:00,5500,completed,False
order_R1755_0_바닐라라떼,1755,2026-08-26T23:17:00,16500,completed,False
order_R1755_0_카라멜마끼아또,1755,2026-01-02T20:26:00,5500,completed,False
order_R1755_0_프라푸치노,1755,2026-11-07T13:54:00,11000,completed,False
order_R1755_0_말차프라페,1755,2026-08-25T22:37:00,16500,completed,False
order_R1755_0_레몬에이드,1755,2026-12-24T19:14:00,11000,completed,False
order_R1755_0_자몽에이드,1755,2026-02-04T09:53:00,5500,completed,False
order_R1756_0_바닐라라떼,1756,2026-12-04T21:24:00,5500,completed,False
order_R1756_0_카라멜마끼아또,1756,2026-04-28T02:01:00,16500,completed,False
order_R1757_0_아메리카노_hot,1757,2026-02-05T22:05:00,11000,completed,False
order_R1757_0_아메리카노_ice,1757,2026-10-13T05:41:00,5500,completed,False
order_R1757_0_프라푸치노,1757,2026-08-13T16:53:00,11000,completed,False
order_R1757_0_말차프라페,1757,2026-10-17T11:32:00,5500,completed,False
order_R1757_0_복숭아아이스티,1757,2026-04-26T19:04:00,5500,completed,False
order_R1757_0_자몽허니블랙티,1757,2026-12-10T07:58:00,11000,completed,False
order_R1758_0_에스프레소,1758,2026-10-07T18:57:00,5500,completed,False
order_R1758_0_아메리카노_hot,1758,2026-01-02T16:33:00,16500,completed,False
order_R1758_0_아메리카노_ice,1758,2026-11-28T08:51:00,5500,completed,False
order_R1758_0_드립커피,1758,2026-01-03T06:11:00,5500,completed,False
order_R1758_0_바닐라라떼,1758,2026-04-06T22:13:00,16500,completed,False
order_R1758_0_카라멜마끼아또,1758,2026-08-04T07:24:00,5500,completed,False
order_R1758_0_복숭아아이스티,1758,2026-08-29T16:30:00,11000,completed,False
order_R1758_0_자몽허니블랙티,1758,2026-03-06T00:02:00,5500,completed,False
order_R1758_0_딸기스무디,1758,2026-05-26T23:26:00,5500,completed,False
order_R1758_0_망고스무디,1758,2026-03-18T10:08:00,11000,completed,False
order_R1759_0_에스프레소,1759,2026-02-24T07:23:00,16500,completed,False
order_R1759_1_에스프레소,1759,2026-12-26T12:24:00,5500,completed,False
order_R1759_0_아메리카노_hot,1759,2026-09-09T13:30:00,5500,completed,False
order_R1759_0_아메리카노_ice,1759,2026-03-05T16:20:00,11000,completed,False
order_R1759_0_바닐라라떼,1759,2026-11-26T04:21:00,11000,completed,False
order_R1759_0_카라멜마끼아또,1759,2026-10-09T22:01:00,5500,completed,False
order_R1759_0_복숭아아이스티,1759,2026-03-23T11:05:00,11000,completed,False
order_R1759_0_자몽허니블랙티,1759,2026-08-14T18:14:00,5500,completed,False
order_R1759_0_딸기스무디,1759,2026-10-11T04:39:00,5500,completed,False
order_R1759_0_망고스무디,1759,2026-04-18T17:04:00,5500,completed,False
order_R1760_0_아메리카노_hot,1760,2026-07-09T18:22:00,5500,completed,False
order_R1760_0_아메리카노_ice,1760,2026-11-26T01:04:00,5500,completed,False
order_R1760_0_카페라떼_hot,1760,2026-08-16T12:29:00,11000,completed,False
order_R1760_0_카페라떼_ice,1760,2026-11-15T03:40:00,11000,completed,False
order_R1760_0_레몬에이드,1760,2026-11-29T14:32:00,5500,completed,False
order_R1760_0_자몽에이드,1760,2026-06-25T17:47:00,11000,completed,False
order_R1761_0_에스프레소,1761,2026-06-27T22:21:00,5500,completed,False
order_R1761_0_아메리카노_hot,1761,2026-05-14T13:57:00,11000,completed,False
order_R1761_0_아메리카노_ice,1761,2026-03-01T20:56:00,5500,completed,False
order_R1761_0_콜드브루,1761,2026-05-07T11:53:00,5500,completed,False
order_R1761_1_콜드브루,1761,2026-03-16T19:54:00,5500,completed,False
order_R1762_0_에스프레소,1762,2026-08-29T22:05:00,5500,completed,False
order_R1762_1_에스프레소,1762,2026-07-03T04:16:00,5500,completed,False
order_R1762_0_아메리카노_hot,1762,2026-08-21T16:47:00,5500,completed,False
order_R1762_0_아메리카노_ice,1762,2026-04-29T15:00:00,5500,completed,False
order_R1763_0_아메리카노_hot,1763,2026-07-28T07:48:00,16500,completed,False
order_R1763_0_아메리카노_ice,1763,2026-06-29T19:18:00,5500,completed,False
order_R1763_0_카페라떼_hot,1763,2026-08-22T06:02:00,11000,completed,False
order_R1763_0_카페라떼_ice,1763,2026-04-30T18:25:00,5500,completed,False
order_R1763_0_카푸치노,1763,2026-12-13T15:24:00,11000,completed,False
order_R1763_0_바닐라라떼,1763,2026-04-25T19:49:00,5500,completed,False
order_R1763_0_카라멜마끼아또,1763,2026-06-01T16:51:00,11000,completed,False
order_R1764_0_카페라떼_hot,1764,2026-05-24T12:11:00,5500,completed,False
order_R1764_0_카페라떼_ice,1764,2026-11-17T22:13:00,5500,completed,False
order_R1764_0_바닐라라떼,1764,2026-01-10T12:22:00,5500,completed,False
order_R1764_0_카라멜마끼아또,1764,2026-10-23T05:38:00,5500,completed,False
order_R1764_0_녹차라떼,1764,2026-02-13T18:05:00,11000,completed,False
order_R1764_0_캐모마일티,1764,2026-06-19T14:53:00,16500,completed,False
order_R1764_0_레몬에이드,1764,2026-05-24T13:40:00,5500,completed,False
order_R1764_0_자몽에이드,1764,2026-12-25T08:46:00,5500,completed,False
order_R1764_0_딸기스무디,1764,2026-03-21T19:00:00,5500,completed,False
order_R1764_0_망고스무디,1764,2026-11-11T18:33:00,5500,completed,False
order_R1765_0_아메리카노_hot,1765,2026-07-21T06:19:00,5500,completed,False
order_R1765_0_아메리카노_ice,1765,2026-10-16T19:59:00,5500,completed,False
order_R1765_0_바닐라라떼,1765,2026-11-02T04:14:00,5500,completed,False
order_R1765_0_카라멜마끼아또,1765,2026-05-09T05:38:00,5500,completed,False
order_R1765_0_복숭아아이스티,1765,2026-01-28T14:44:00,5500,completed,False
order_R1765_0_자몽허니블랙티,1765,2026-12-05T20:36:00,11000,completed,False
order_R1766_0_에스프레소,1766,2026-01-18T22:29:00,5500,completed,False
order_R1766_0_아메리카노_hot,1766,2026-05-29T12:15:00,11000,completed,False
order_R1766_0_아메리카노_ice,1766,2026-01-28T13:12:00,5500,completed,False
order_R1766_0_카페라떼_hot,1766,2026-05-02T12:17:00,5500,completed,False
order_R1766_0_카페라떼_ice,1766,2026-07-17T16:43:00,5500,completed,False
order_R1766_0_바닐라라떼,1766,2026-02-28T01:27:00,5500,completed,False
order_R1766_0_카라멜마끼아또,1766,2026-10-06T08:57:00,5500,completed,False
order_R1766_0_프라푸치노,1766,2026-09-22T15:13:00,16500,completed,False
order_R1766_0_말차프라페,1766,2026-12-21T17:53:00,5500,completed,False
order_R1767_0_아메리카노_hot,1767,2026-11-28T16:58:00,11000,completed,False
order_R1767_0_아메리카노_ice,1767,2026-09-20T16:00:00,5500,completed,False
order_R1767_0_복숭아아이스티,1767,2026-03-07T17:37:00,16500,completed,False
order_R1767_0_자몽허니블랙티,1767,2026-04-18T22:55:00,11000,completed,False
order_R1768_0_아메리카노_hot,1768,2026-06-11T22:04:00,5500,completed,False
order_R1768_0_아메리카노_ice,1768,2026-07-11T12:53:00,11000,completed,False
order_R1768_0_레몬에이드,1768,2026-03-30T12:56:00,11000,completed,False
order_R1768_0_자몽에이드,1768,2026-08-23T14:46:00,5500,completed,False
order_R1769_0_아메리카노_hot,1769,2026-04-03T12:19:00,11000,completed,False
order_R1769_0_아메리카노_ice,1769,2026-07-14T18:27:00,11000,completed,False
order_R1769_0_카페라떼_hot,1769,2026-03-21T08:31:00,5500,completed,False
order_R1769_0_카페라떼_ice,1769,2026-08-26T08:37:00,11000,completed,False
order_R1770_0_아메리카노_hot,1770,2026-06-01T13:22:00,11000,completed,False
order_R1770_0_아메리카노_ice,1770,2026-11-18T07:14:00,5500,completed,False
order_R1770_0_카페라떼_hot,1770,2026-03-30T12:45:00,5500,completed,False
order_R1770_0_카페라떼_ice,1770,2026-01-12T11:16:00,5500,completed,False
order_R1770_0_딸기스무디,1770,2026-03-09T11:37:00,16500,completed,False
order_R1770_0_망고스무디,1770,2026-08-27T15:00:00,5500,completed,False
order_R1771_0_아메리카노_hot,1771,2026-05-28T01:30:00,5500,completed,False
order_R1771_0_아메리카노_ice,1771,2026-01-22T13:36:00,5500,completed,False
order_R1771_0_카푸치노,1771,2026-11-10T14:50:00,5500,completed,False
order_R1771_0_바닐라라떼,1771,2026-12-07T11:11:00,11000,completed,False
order_R1771_0_카라멜마끼아또,1771,2026-04-23T06:01:00,5500,completed,False
order_R1771_0_녹차라떼,1771,2026-06-05T15:37:00,16500,completed,False
order_R1771_0_캐모마일티,1771,2026-12-26T21:08:00,5500,completed,False
order_R1772_0_아메리카노_hot,1772,2026-04-04T06:33:00,5500,completed,False
order_R1772_0_아메리카노_ice,1772,2026-05-10T19:43:00,5500,completed,False
order_R1772_0_콜드브루,1772,2026-07-13T13:09:00,5500,completed,False
order_R1772_1_콜드브루,1772,2026-10-16T06:09:00,16500,completed,False
order_R1772_2_콜드브루,1772,2026-06-17T14:26:00,11000,completed,False
order_R1772_0_드립커피,1772,2026-11-17T22:17:00,16500,completed,False
order_R1772_0_프라푸치노,1772,2026-10-30T12:00:00,11000,completed,False
order_R1772_0_말차프라페,1772,2026-06-13T02:12:00,11000,completed,False
order_R1772_0_딸기스무디,1772,2026-09-23T06:38:00,11000,completed,False
order_R1772_0_망고스무디,1772,2026-09-25T06:55:00,11000,completed,False
order_R1773_0_카페라떼_hot,1773,2026-07-27T11:26:00,16500,completed,False
order_R1773_0_카페라떼_ice,1773,2026-06-05T21:47:00,5500,completed,False
order_R1773_0_콜드브루,1773,2026-10-14T16:20:00,5500,completed,False
order_R1774_0_바닐라라떼,1774,2026-01-02T21:59:00,5500,completed,False
order_R1774_0_카라멜마끼아또,1774,2026-10-01T11:17:00,16500,completed,False
order_R1775_0_아메리카노_hot,1775,2026-09-25T14:51:00,11000,completed,False
order_R1775_0_아메리카노_ice,1775,2026-08-31T06:51:00,5500,completed,False
order_R1775_0_카페라떼_hot,1775,2026-04-29T20:59:00,16500,completed,False
order_R1775_0_카페라떼_ice,1775,2026-01-03T14:53:00,11000,completed,False
order_R1776_0_아메리카노_hot,1776,2026-07-30T13:28:00,5500,completed,False
order_R1776_0_아메리카노_ice,1776,2026-08-22T14:41:00,5500,completed,False
order_R1776_0_카페라떼_hot,1776,2026-04-18T09:01:00,16500,completed,False
order_R1776_0_카페라떼_ice,1776,2026-05-05T12:40:00,11000,completed,False
order_R1776_0_드립커피,1776,2026-11-06T20:37:00,5500,completed,False
order_R1776_0_프라푸치노,1776,2026-07-13T21:48:00,5500,completed,False
order_R1776_0_말차프라페,1776,2026-10-07T19:16:00,11000,completed,False
order_R1776_0_복숭아아이스티,1776,2026-04-16T06:32:00,11000,completed,False
order_R1776_0_자몽허니블랙티,1776,2026-08-26T20:19:00,11000,completed,False
order_R1777_0_콜드브루,1777,2026-03-13T06:36:00,11000,completed,False
order_R1777_1_콜드브루,1777,2026-01-03T23:22:00,5500,completed,False
order_R1777_2_콜드브루,1777,2026-06-27T02:54:00,11000,completed,False
order_R1777_3_콜드브루,1777,2026-08-12T16:38:00,5500,completed,False
order_R1777_4_콜드브루,1777,2026-09-02T13:49:00,5500,completed,False
order_R1777_0_콜드브루라떼,1777,2026-05-02T10:50:00,11000,completed,False
order_R1777_0_바닐라라떼,1777,2026-05-18T08:10:00,11000,completed,False
order_R1777_0_카라멜마끼아또,1777,2026-02-03T07:45:00,11000,completed,False
order_R1777_0_레몬에이드,1777,2026-06-16T15:25:00,16500,completed,False
order_R1777_0_자몽에이드,1777,2026-11-30T06:25:00,11000,completed,False
order_R1778_0_카페라떼_hot,1778,2026-10-29T18:21:00,11000,completed,False
order_R1778_0_카페라떼_ice,1778,2026-02-12T13:14:00,5500,completed,False
order_R1778_0_바닐라라떼,1778,2026-03-07T04:31:00,5500,completed,False
order_R1778_0_카라멜마끼아또,1778,2026-06-18T08:30:00,11000,completed,False
order_R1779_0_카페라떼_hot,1779,2026-04-09T22:04:00,16500,completed,False
order_R1779_0_카페라떼_ice,1779,2026-06-28T03:13:00,5500,completed,False
order_R1779_0_딸기스무디,1779,2026-07-15T12:40:00,5500,completed,False
order_R1779_0_망고스무디,1779,2026-07-14T15:47:00,5500,completed,False
order_R1780_0_녹차라떼,1780,2026-07-28T23:11:00,5500,completed,False
order_R1780_0_캐모마일티,1780,2026-03-13T06:38:00,5500,completed,False
order_R1781_0_아메리카노_hot,1781,2026-07-05T06:49:00,5500,completed,False
order_R1781_0_아메리카노_ice,1781,2026-11-12T00:41:00,5500,completed,False
order_R1781_0_카페라떼_hot,1781,2026-05-01T12:36:00,11000,completed,False
order_R1781_0_카페라떼_ice,1781,2026-03-08T07:56:00,11000,completed,False
order_R1781_0_딸기스무디,1781,2026-06-18T18:45:00,11000,completed,False
order_R1781_0_망고스무디,1781,2026-11-06T16:21:00,5500,completed,False
order_R1782_0_카페라떼_hot,1782,2026-09-15T18:10:00,11000,completed,False
order_R1782_0_카페라떼_ice,1782,2026-03-12T06:53:00,11000,completed,False
order_R1782_0_바닐라라떼,1782,2026-10-05T03:08:00,11000,completed,False
order_R1782_0_카라멜마끼아또,1782,2026-10-18T18:37:00,5500,completed,False
order_R1782_0_복숭아아이스티,1782,2026-07-24T07:32:00,5500,completed,False
order_R1782_0_자몽허니블랙티,1782,2026-12-19T14:20:00,5500,completed,False
order_R1782_0_레몬에이드,1782,2026-01-22T16:36:00,5500,completed,False
order_R1782_0_자몽에이드,1782,2026-05-16T20:59:00,5500,completed,False
order_R1783_0_아메리카노_hot,1783,2026-02-06T18:57:00,5500,completed,False
order_R1783_0_아메리카노_ice,1783,2026-04-14T23:31:00,5500,completed,False
order_R1783_0_카페라떼_hot,1783,2026-03-19T07:24:00,11000,completed,False
order_R1783_0_카페라떼_ice,1783,2026-11-26T16:21:00,5500,completed,False
order_R1783_0_콜드브루라떼,1783,2026-05-03T10:01:00,11000,completed,False
order_R1783_0_바닐라라떼,1783,2026-05-09T01:19:00,11000,completed,False
order_R1783_0_카라멜마끼아또,1783,2026-09-01T22:00:00,5500,completed,False
order_R1784_0_바닐라라떼,1784,2026-12-11T16:54:00,5500,completed,False
order_R1784_0_카라멜마끼아또,1784,2026-01-03T07:39:00,5500,completed,False
order_R1784_0_복숭아아이스티,1784,2026-01-03T21:00:00,11000,completed,False
order_R1784_0_자몽허니블랙티,1784,2026-08-12T19:54:00,5500,completed,False
order_R1785_0_에스프레소,1785,2026-03-19T18:44:00,11000,completed,False
order_R1785_0_아메리카노_hot,1785,2026-01-09T20:33:00,5500,completed,False
order_R1785_0_아메리카노_ice,1785,2026-12-20T08:25:00,5500,completed,False
order_R1785_0_드립커피,1785,2026-10-15T07:45:00,5500,completed,False
order_R1785_0_바닐라라떼,1785,2026-09-08T02:24:00,11000,completed,False
order_R1785_0_카라멜마끼아또,1785,2026-11-28T10:25:00,5500,completed,False
order_R1785_0_프라푸치노,1785,2026-09-26T16:41:00,5500,completed,False
order_R1785_0_말차프라페,1785,2026-05-05T09:21:00,11000,completed,False
order_R1785_0_복숭아아이스티,1785,2026-10-06T09:51:00,5500,completed,False
order_R1785_0_자몽허니블랙티,1785,2026-12-20T22:07:00,11000,completed,False
order_R1786_0_콜드브루라떼,1786,2026-01-13T12:09:00,11000,completed,False
order_R1786_1_콜드브루라떼,1786,2026-10-07T22:31:00,5500,completed,False
order_R1787_0_아메리카노_hot,1787,2026-07-09T15:36:00,5500,completed,False
order_R1787_0_아메리카노_ice,1787,2026-03-07T00:47:00,5500,completed,False
order_R1787_0_녹차라떼,1787,2026-05-25T23:09:00,5500,completed,False
order_R1787_0_캐모마일티,1787,2026-06-15T20:53:00,11000,completed,False
order_R1788_0_드립커피,1788,2026-08-29T06:39:00,5500,completed,False
order_R1788_0_바닐라라떼,1788,2026-10-17T00:35:00,5500,completed,False
order_R1788_0_카라멜마끼아또,1788,2026-04-16T06:48:00,11000,completed,False
order_R1788_0_레몬에이드,1788,2026-08-02T11:53:00,5500,completed,False
order_R1788_0_자몽에이드,1788,2026-11-15T07:18:00,5500,completed,False
order_R1789_0_카페라떼_hot,1789,2026-12-25T09:15:00,11000,completed,False
order_R1789_0_카페라떼_ice,1789,2026-05-25T05:03:00,5500,completed,False
order_R1789_0_프라푸치노,1789,2026-01-23T15:21:00,5500,completed,False
order_R1789_0_말차프라페,1789,2026-02-20T18:56:00,5500,completed,False
order_R1789_0_레몬에이드,1789,2026-08-07T23:56:00,11000,completed,False
order_R1789_0_자몽에이드,1789,2026-03-24T19:49:00,5500,completed,False
order_R1790_0_에스프레소,1790,2026-09-01T11:33:00,11000,completed,False
order_R1790_0_콜드브루라떼,1790,2026-01-18T00:45:00,5500,completed,False
order_R1790_0_바닐라라떼,1790,2026-08-25T10:03:00,11000,completed,False
order_R1790_0_카라멜마끼아또,1790,2026-02-14T15:55:00,11000,completed,False
order_R1790_0_복숭아아이스티,1790,2026-03-26T10:19:00,5500,completed,False
order_R1790_0_자몽허니블랙티,1790,2026-06-25T15:04:00,5500,completed,False
order_R1790_0_레몬에이드,1790,2026-01-04T22:22:00,5500,completed,False
order_R1790_0_자몽에이드,1790,2026-10-10T15:01:00,5500,completed,False
order_R1791_0_아메리카노_hot,1791,2026-07-29T14:53:00,11000,completed,False
order_R1791_0_아메리카노_ice,1791,2026-09-12T06:37:00,11000,completed,False
order_R1791_0_콜드브루,1791,2026-02-24T18:51:00,5500,completed,False
order_R1791_1_콜드브루,1791,2026-07-02T12:02:00,16500,completed,False
order_R1791_2_콜드브루,1791,2026-06-13T23:36:00,5500,completed,False
order_R1791_0_녹차라떼,1791,2026-08-12T16:14:00,11000,completed,False
order_R1791_0_캐모마일티,1791,2026-09-21T16:40:00,5500,completed,False
order_R1791_0_딸기스무디,1791,2026-06-24T12:04:00,11000,completed,False
order_R1791_0_망고스무디,1791,2026-08-02T17:55:00,5500,completed,False
order_R1792_0_아메리카노_hot,1792,2026-02-09T12:18:00,5500,completed,False
order_R1792_0_아메리카노_ice,1792,2026-12-19T07:02:00,5500,completed,False
order_R1792_0_카페라떼_hot,1792,2026-09-19T13:51:00,5500,completed,False
order_R1792_0_카페라떼_ice,1792,2026-08-13T17:46:00,11000,completed,False
order_R1792_0_바닐라라떼,1792,2026-11-02T14:39:00,5500,completed,False
order_R1792_0_카라멜마끼아또,1792,2026-10-05T22:20:00,11000,completed,False
order_R1792_0_레몬에이드,1792,2026-04-18T09:28:00,5500,completed,False
order_R1792_0_자몽에이드,1792,2026-07-04T17:25:00,11000,completed,False
order_R1792_0_딸기스무디,1792,2026-07-28T15:34:00,11000,completed,False
order_R1792_0_망고스무디,1792,2026-09-08T11:26:00,5500,completed,False
order_R1793_0_아메리카노_hot,1793,2026-08-13T23:49:00,11000,completed,False
order_R1793_0_아메리카노_ice,1793,2026-03-12T20:30:00,5500,completed,False
order_R1793_0_카페라떼_hot,1793,2026-06-08T06:56:00,16500,completed,False
order_R1793_0_카페라떼_ice,1793,2026-03-25T18:47:00,11000,completed,False
order_R1794_0_아메리카노_hot,1794,2026-05-04T20:01:00,5500,completed,False
order_R1794_0_아메리카노_ice,1794,2026-02-13T22:31:00,11000,completed,False
order_R1794_0_카페라떼_hot,1794,2026-06-08T18:26:00,5500,completed,False
order_R1794_0_카페라떼_ice,1794,2026-11-14T09:15:00,11000,completed,False
order_R1794_0_콜드브루,1794,2026-02-16T15:29:00,5500,completed,False
order_R1794_0_프라푸치노,1794,2026-03-15T04:54:00,11000,completed,False
order_R1794_0_말차프라페,1794,2026-10-27T08:28:00,5500,completed,False
order_R1794_0_딸기스무디,1794,2026-12-22T12:04:00,5500,completed,False
order_R1794_0_망고스무디,1794,2026-03-10T23:53:00,5500,completed,False
order_R1795_0_카푸치노,1795,2026-11-20T13:59:00,11000,completed,False
order_R1795_0_복숭아아이스티,1795,2026-06-15T20:52:00,5500,completed,False
order_R1795_0_자몽허니블랙티,1795,2026-06-12T12:34:00,5500,completed,False
order_R1795_0_레몬에이드,1795,2026-03-10T23:13:00,5500,completed,False
order_R1795_0_자몽에이드,1795,2026-03-15T20:48:00,5500,completed,False
order_R1797_0_아메리카노_hot,1797,2026-07-17T21:21:00,11000,completed,False
order_R1797_0_아메리카노_ice,1797,2026-04-30T16:00:00,5500,completed,False
order_R1797_0_카페라떼_hot,1797,2026-02-07T14:45:00,5500,completed,False
order_R1797_0_카페라떼_ice,1797,2026-04-15T12:31:00,11000,completed,False
order_R1797_0_바닐라라떼,1797,2026-04-14T11:42:00,5500,completed,False
order_R1797_0_카라멜마끼아또,1797,2026-05-30T09:59:00,5500,completed,False
order_R1798_0_아메리카노_hot,1798,2026-07-31T07:11:00,5500,completed,False
order_R1798_0_아메리카노_ice,1798,2026-09-22T22:31:00,16500,completed,False
order_R1799_0_카페라떼_hot,1799,2026-05-31T17:41:00,11000,completed,False
order_R1799_0_카페라떼_ice,1799,2026-04-17T13:10:00,5500,completed,False
order_R1799_0_바닐라라떼,1799,2026-06-06T08:44:00,11000,completed,False
order_R1799_0_카라멜마끼아또,1799,2026-12-08T20:47:00,16500,completed,False
order_R1799_0_녹차라떼,1799,2026-09-24T20:55:00,11000,completed,False
order_R1799_0_캐모마일티,1799,2026-05-12T18:24:00,5500,completed,False
order_R1800_0_아메리카노_hot,1800,2026-03-23T20:12:00,5500,completed,False
order_R1800_0_아메리카노_ice,1800,2026-07-24T22:32:00,5500,completed,False
order_R1800_0_콜드브루,1800,2026-11-06T02:11:00,11000,completed,False
order_R1801_0_아메리카노_hot,1801,2026-03-28T13:40:00,11000,completed,False
order_R1801_0_아메리카노_ice,1801,2026-01-11T11:05:00,5500,completed,False
order_R1801_0_카페라떼_hot,1801,2026-06-30T12:15:00,16500,completed,False
order_R1801_0_카페라떼_ice,1801,2026-08-06T05:04:00,5500,completed,False
order_R1801_0_바닐라라떼,1801,2026-11-24T13:18:00,5500,completed,False
order_R1801_0_카라멜마끼아또,1801,2026-01-09T18:24:00,5500,completed,False
order_R1801_0_레몬에이드,1801,2026-01-17T18:44:00,16500,completed,False
order_R1801_0_자몽에이드,1801,2026-06-28T20:14:00,5500,completed,False
order_R1802_0_아메리카노_hot,1802,2026-11-28T04:31:00,11000,completed,False
order_R1802_0_아메리카노_ice,1802,2026-05-27T13:38:00,5500,completed,False
order_R1802_0_콜드브루,1802,2026-10-08T05:59:00,5500,completed,False
order_R1802_0_바닐라라떼,1802,2026-11-25T09:54:00,5500,completed,False
order_R1802_0_카라멜마끼아또,1802,2026-05-20T20:50:00,5500,completed,False
order_R1802_0_딸기스무디,1802,2026-08-29T18:39:00,11000,completed,False
order_R1802_0_망고스무디,1802,2026-08-28T22:58:00,11000,completed,False
order_R1803_0_카페라떼_hot,1803,2026-12-13T17:13:00,16500,completed,False
order_R1803_0_카페라떼_ice,1803,2026-09-08T06:25:00,16500,completed,False
order_R1803_0_바닐라라떼,1803,2026-11-06T17:35:00,5500,completed,False
order_R1803_0_카라멜마끼아또,1803,2026-01-16T23:05:00,5500,completed,False
order_R1803_0_레몬에이드,1803,2026-08-07T14:55:00,11000,completed,False
order_R1803_0_자몽에이드,1803,2026-11-21T19:54:00,5500,completed,False
order_R1804_0_아메리카노_hot,1804,2026-07-02T21:59:00,5500,completed,False
order_R1804_0_아메리카노_ice,1804,2026-03-21T11:41:00,5500,completed,False
order_R1804_0_카페라떼_hot,1804,2026-11-24T10:55:00,11000,completed,False
order_R1804_0_카페라떼_ice,1804,2026-08-21T01:18:00,5500,completed,False
order_R1804_0_바닐라라떼,1804,2026-10-25T09:03:00,5500,completed,False
order_R1804_0_카라멜마끼아또,1804,2026-03-18T19:03:00,5500,completed,False
order_R1804_0_복숭아아이스티,1804,2026-03-04T05:49:00,11000,completed,False
order_R1804_0_자몽허니블랙티,1804,2026-01-12T18:45:00,11000,completed,False
order_R1805_0_아메리카노_hot,1805,2026-05-18T10:30:00,16500,completed,False
order_R1805_0_아메리카노_ice,1805,2026-03-12T17:09:00,11000,completed,False
order_R1805_0_콜드브루라떼,1805,2026-12-19T12:59:00,5500,completed,False
order_R1805_0_드립커피,1805,2026-02-22T16:51:00,5500,completed,False
order_R1805_0_레몬에이드,1805,2026-09-28T11:00:00,5500,completed,False
order_R1805_0_자몽에이드,1805,2026-04-17T13:13:00,5500,completed,False
order_R1806_0_아메리카노_hot,1806,2026-07-31T09:03:00,11000,completed,False
order_R1806_0_아메리카노_ice,1806,2026-08-26T13:41:00,5500,completed,False
order_R1806_0_바닐라라떼,1806,2026-03-25T07:58:00,11000,completed,False
order_R1806_0_카라멜마끼아또,1806,2026-07-19T12:02:00,11000,completed,False
order_R1807_0_아메리카노_hot,1807,2026-11-29T23:24:00,11000,completed,False
order_R1807_0_아메리카노_ice,1807,2026-07-23T12:43:00,16500,completed,False
order_R1807_0_바닐라라떼,1807,2026-06-17T22:47:00,11000,completed,False
order_R1807_0_카라멜마끼아또,1807,2026-09-26T14:12:00,5500,completed,False
order_R1807_0_녹차라떼,1807,2026-05-23T21:14:00,5500,completed,False
order_R1807_0_캐모마일티,1807,2026-12-23T15:50:00,5500,completed,False
order_R1807_0_레몬에이드,1807,2026-08-10T09:40:00,5500,completed,False
order_R1807_0_자몽에이드,1807,2026-04-23T13:59:00,11000,completed,False
order_R1808_0_콜드브루,1808,2026-09-29T14:17:00,16500,completed,False
order_R1808_0_바닐라라떼,1808,2026-11-10T23:58:00,5500,completed,False
order_R1808_0_카라멜마끼아또,1808,2026-01-03T22:14:00,11000,completed,False
order_R1808_0_레몬에이드,1808,2026-05-15T01:29:00,5500,completed,False
order_R1808_0_자몽에이드,1808,2026-11-16T06:36:00,5500,completed,False
order_R1809_0_아메리카노_hot,1809,2026-05-21T11:41:00,5500,completed,False
order_R1809_0_아메리카노_ice,1809,2026-01-08T11:47:00,5500,completed,False
order_R1809_0_카페라떼_hot,1809,2026-07-20T18:46:00,5500,completed,False
order_R1809_0_카페라떼_ice,1809,2026-11-04T16:24:00,5500,completed,False
order_R1809_0_콜드브루라떼,1809,2026-07-15T08:01:00,11000,completed,False
order_R1809_1_콜드브루라떼,1809,2026-05-19T12:39:00,5500,completed,False
order_R1810_0_아메리카노_hot,1810,2026-04-10T21:11:00,16500,completed,False
order_R1810_0_아메리카노_ice,1810,2026-01-19T11:06:00,16500,completed,False
order_R1810_0_카페라떼_hot,1810,2026-09-07T17:42:00,11000,completed,False
order_R1810_0_카페라떼_ice,1810,2026-01-05T13:58:00,16500,completed,False
order_R1810_0_콜드브루,1810,2026-05-31T06:25:00,5500,completed,False
order_R1810_1_콜드브루,1810,2026-09-13T23:48:00,16500,completed,False
order_R1810_0_프라푸치노,1810,2026-06-18T22:57:00,5500,completed,False
order_R1810_0_말차프라페,1810,2026-04-22T17:53:00,5500,completed,False
order_R1810_0_복숭아아이스티,1810,2026-12-26T07:44:00,11000,completed,False
order_R1810_0_자몽허니블랙티,1810,2026-05-21T01:47:00,5500,completed,False
order_R1810_0_레몬에이드,1810,2026-02-27T22:39:00,16500,completed,False
order_R1810_0_자몽에이드,1810,2026-03-04T20:42:00,5500,completed,False
order_R1810_0_딸기스무디,1810,2026-04-03T19:11:00,5500,completed,False
order_R1810_0_망고스무디,1810,2026-01-18T15:21:00,5500,completed,False
order_R1811_0_아메리카노_hot,1811,2026-03-30T01:30:00,5500,completed,False
order_R1811_0_아메리카노_ice,1811,2026-10-01T19:26:00,16500,completed,False
order_R1811_0_콜드브루,1811,2026-02-07T09:26:00,5500,completed,False
order_R1811_1_콜드브루,1811,2026-10-23T15:50:00,11000,completed,False
order_R1811_0_레몬에이드,1811,2026-09-29T09:25:00,5500,completed,False
order_R1811_0_자몽에이드,1811,2026-04-10T23:19:00,11000,completed,False
order_R1813_0_아메리카노_hot,1813,2026-02-05T22:20:00,5500,completed,False
order_R1813_0_아메리카노_ice,1813,2026-05-26T13:09:00,5500,completed,False
order_R1813_0_카페라떼_hot,1813,2026-01-16T19:11:00,5500,completed,False
order_R1813_0_카페라떼_ice,1813,2026-05-31T12:50:00,11000,completed,False
order_R1813_0_바닐라라떼,1813,2026-08-25T16:15:00,5500,completed,False
order_R1813_0_카라멜마끼아또,1813,2026-07-30T21:24:00,11000,completed,False
order_R1813_0_녹차라떼,1813,2026-09-29T17:16:00,11000,completed,False
order_R1813_0_캐모마일티,1813,2026-06-29T03:18:00,5500,completed,False
order_R1814_0_아메리카노_hot,1814,2026-05-07T21:08:00,11000,completed,False
order_R1814_0_아메리카노_ice,1814,2026-02-11T22:54:00,11000,completed,False
order_R1814_0_카페라떼_hot,1814,2026-11-29T09:28:00,16500,completed,False
order_R1814_0_카페라떼_ice,1814,2026-12-24T15:45:00,11000,completed,False
order_R1814_0_딸기스무디,1814,2026-09-08T03:25:00,11000,completed,False
order_R1814_0_망고스무디,1814,2026-09-13T21:25:00,5500,completed,False
order_R1815_0_아메리카노_hot,1815,2026-02-11T18:29:00,5500,completed,False
order_R1815_0_아메리카노_ice,1815,2026-03-20T12:17:00,5500,completed,False
order_R1815_0_레몬에이드,1815,2026-12-14T15:29:00,16500,completed,False
order_R1815_0_자몽에이드,1815,2026-09-23T12:40:00,11000,completed,False
order_R1816_0_아메리카노_hot,1816,2026-12-24T12:22:00,5500,completed,False
order_R1816_0_아메리카노_ice,1816,2026-09-20T03:35:00,11000,completed,False
order_R1816_0_카푸치노,1816,2026-04-29T11:46:00,5500,completed,False
order_R1816_0_드립커피,1816,2026-10-15T19:24:00,5500,completed,False
order_R1816_0_프라푸치노,1816,2026-02-06T06:13:00,5500,completed,False
order_R1816_0_말차프라페,1816,2026-09-12T17:57:00,11000,completed,False
order_R1816_0_복숭아아이스티,1816,2026-10-04T23:13:00,5500,completed,False
order_R1816_0_자몽허니블랙티,1816,2026-08-11T17:37:00,11000,completed,False
order_R1816_0_딸기스무디,1816,2026-03-06T21:10:00,11000,completed,False
order_R1816_0_망고스무디,1816,2026-02-27T23:07:00,5500,completed,False
order_R1817_0_아메리카노_hot,1817,2026-12-13T18:16:00,5500,completed,False
order_R1817_0_아메리카노_ice,1817,2026-12-16T15:17:00,11000,completed,False
order_R1817_0_바닐라라떼,1817,2026-01-13T11:51:00,11000,completed,False
order_R1817_0_카라멜마끼아또,1817,2026-06-23T14:59:00,11000,completed,False
order_R1817_0_프라푸치노,1817,2026-04-04T13:43:00,5500,completed,False
order_R1817_0_말차프라페,1817,2026-09-20T06:00:00,5500,completed,False
order_R1818_0_아메리카노_hot,1818,2026-07-10T16:31:00,11000,completed,False
order_R1818_0_아메리카노_ice,1818,2026-11-17T11:17:00,5500,completed,False
order_R1818_0_카페라떼_hot,1818,2026-08-01T22:38:00,5500,completed,False
order_R1818_0_카페라떼_ice,1818,2026-05-12T08:07:00,5500,completed,False
order_R1818_0_카푸치노,1818,2026-03-31T13:21:00,5500,completed,False
order_R1818_0_녹차라떼,1818,2026-09-18T10:03:00,5500,completed,False
order_R1818_0_캐모마일티,1818,2026-02-03T01:11:00,16500,completed,False
order_R1818_0_복숭아아이스티,1818,2026-05-26T13:53:00,5500,completed,False
order_R1818_0_자몽허니블랙티,1818,2026-02-06T22:54:00,5500,completed,False
order_R1819_0_딸기스무디,1819,2026-08-09T06:01:00,11000,completed,False
order_R1819_0_망고스무디,1819,2026-08-09T19:44:00,5500,completed,False
order_R1820_0_카페라떼_hot,1820,2026-08-29T19:04:00,5500,completed,False
order_R1820_0_카페라떼_ice,1820,2026-02-20T11:28:00,5500,completed,False
order_R1820_0_드립커피,1820,2026-06-22T20:20:00,5500,completed,False
order_R1820_0_바닐라라떼,1820,2026-12-30T12:10:00,5500,completed,False
order_R1820_0_카라멜마끼아또,1820,2026-08-08T22:49:00,11000,completed,False
order_R1820_0_녹차라떼,1820,2026-11-24T14:52:00,5500,completed,False
order_R1820_0_캐모마일티,1820,2026-03-22T14:30:00,5500,completed,False
order_R1821_0_아메리카노_hot,1821,2026-04-13T23:39:00,11000,completed,False
order_R1821_0_아메리카노_ice,1821,2026-03-15T07:13:00,5500,completed,False
order_R1821_0_카페라떼_hot,1821,2026-07-23T18:00:00,5500,completed,False
order_R1821_0_카페라떼_ice,1821,2026-05-10T20:20:00,5500,completed,False
order_R1821_0_콜드브루라떼,1821,2026-09-30T19:38:00,5500,completed,False
order_R1821_0_바닐라라떼,1821,2026-08-01T13:28:00,5500,completed,False
order_R1821_0_카라멜마끼아또,1821,2026-04-10T17:16:00,5500,completed,False
order_R1821_0_복숭아아이스티,1821,2026-02-02T19:12:00,5500,completed,False
order_R1821_0_자몽허니블랙티,1821,2026-09-01T08:52:00,5500,completed,False
order_R1822_0_아메리카노_hot,1822,2026-04-18T07:31:00,5500,completed,False
order_R1822_0_아메리카노_ice,1822,2026-01-30T09:10:00,5500,completed,False
order_R1822_0_바닐라라떼,1822,2026-02-07T03:59:00,11000,completed,False
order_R1822_0_카라멜마끼아또,1822,2026-09-20T02:26:00,11000,completed,False
order_R1822_0_녹차라떼,1822,2026-02-20T08:50:00,5500,completed,False
order_R1822_0_캐모마일티,1822,2026-02-02T11:01:00,11000,completed,False
order_R1822_0_딸기스무디,1822,2026-01-12T02:51:00,5500,completed,False
order_R1822_0_망고스무디,1822,2026-09-06T11:45:00,5500,completed,False
order_R1823_0_카페라떼_hot,1823,2026-06-03T20:48:00,5500,completed,False
order_R1823_0_카페라떼_ice,1823,2026-02-10T18:03:00,5500,completed,False
order_R1823_0_콜드브루,1823,2026-12-12T20:27:00,11000,completed,False
order_R1823_0_바닐라라떼,1823,2026-09-16T10:20:00,5500,completed,False
order_R1823_0_카라멜마끼아또,1823,2026-12-27T13:09:00,16500,completed,False
order_R1823_0_복숭아아이스티,1823,2026-04-22T20:29:00,5500,completed,False
order_R1823_0_자몽허니블랙티,1823,2026-04-21T12:58:00,5500,completed,False
order_R1824_0_카페라떼_hot,1824,2026-12-26T00:12:00,5500,completed,False
order_R1824_0_카페라떼_ice,1824,2026-06-21T07:22:00,5500,completed,False
order_R1824_0_바닐라라떼,1824,2026-04-26T06:33:00,5500,completed,False
order_R1824_0_카라멜마끼아또,1824,2026-04-25T18:48:00,11000,completed,False
order_R1825_0_카페라떼_hot,1825,2026-08-23T12:11:00,11000,completed,False
order_R1825_0_카페라떼_ice,1825,2026-02-06T19:32:00,5500,completed,False
order_R1825_0_콜드브루라떼,1825,2026-04-02T09:33:00,16500,completed,False
order_R1825_0_드립커피,1825,2026-09-17T15:28:00,5500,completed,False
order_R1826_0_콜드브루,1826,2026-11-27T06:37:00,11000,completed,False
order_R1826_0_바닐라라떼,1826,2026-06-04T00:25:00,11000,completed,False
order_R1826_0_카라멜마끼아또,1826,2026-11-16T04:44:00,16500,completed,False
order_R1826_0_레몬에이드,1826,2026-07-19T18:09:00,5500,completed,False
order_R1826_0_자몽에이드,1826,2026-02-24T04:14:00,5500,completed,False
order_R1827_0_아메리카노_hot,1827,2026-05-05T16:39:00,5500,completed,False
order_R1827_0_아메리카노_ice,1827,2026-07-31T14:22:00,11000,completed,False
order_R1827_0_카페라떼_hot,1827,2026-05-02T16:27:00,5500,completed,False
order_R1827_0_카페라떼_ice,1827,2026-04-20T21:32:00,5500,completed,False
order_R1827_0_프라푸치노,1827,2026-10-11T23:39:00,5500,completed,False
order_R1827_0_말차프라페,1827,2026-07-01T07:37:00,5500,completed,False
order_R1827_0_녹차라떼,1827,2026-01-09T17:12:00,5500,completed,False
order_R1827_0_캐모마일티,1827,2026-08-20T07:10:00,11000,completed,False
order_R1827_0_딸기스무디,1827,2026-08-10T17:35:00,5500,completed,False
order_R1827_0_망고스무디,1827,2026-02-17T09:54:00,5500,completed,False
order_R1828_0_아메리카노_hot,1828,2026-01-14T09:43:00,5500,completed,False
order_R1828_0_아메리카노_ice,1828,2026-06-11T13:40:00,5500,completed,False
order_R1828_0_레몬에이드,1828,2026-07-20T13:29:00,5500,completed,False
order_R1828_0_자몽에이드,1828,2026-06-15T22:14:00,11000,completed,False
order_R1829_0_아메리카노_hot,1829,2026-02-21T07:17:00,11000,completed,False
order_R1829_0_아메리카노_ice,1829,2026-12-18T19:36:00,5500,completed,False
order_R1829_0_바닐라라떼,1829,2026-09-06T12:49:00,5500,completed,False
order_R1829_0_카라멜마끼아또,1829,2026-01-19T20:14:00,11000,completed,False
order_R1829_0_녹차라떼,1829,2026-08-28T13:44:00,16500,completed,False
order_R1829_0_캐모마일티,1829,2026-06-13T13:05:00,5500,completed,False
order_R1830_0_카페라떼_hot,1830,2026-11-30T23:28:00,5500,completed,False
order_R1830_0_카페라떼_ice,1830,2026-05-10T19:12:00,5500,completed,False
order_R1830_0_바닐라라떼,1830,2026-05-19T13:55:00,5500,completed,False
order_R1830_0_카라멜마끼아또,1830,2026-08-08T12:20:00,5500,completed,False
order_R1831_0_아메리카노_hot,1831,2026-05-19T15:27:00,11000,completed,False
order_R1831_0_아메리카노_ice,1831,2026-10-18T15:36:00,5500,completed,False
order_R1831_0_바닐라라떼,1831,2026-09-02T05:47:00,5500,completed,False
order_R1831_0_카라멜마끼아또,1831,2026-11-21T22:18:00,11000,completed,False
order_R1832_0_아메리카노_hot,1832,2026-03-10T21:16:00,5500,completed,False
order_R1832_0_아메리카노_ice,1832,2026-06-18T14:01:00,5500,completed,False
order_R1833_0_아메리카노_hot,1833,2026-11-27T22:07:00,5500,completed,False
order_R1833_0_아메리카노_ice,1833,2026-07-12T13:21:00,16500,completed,False
order_R1834_0_카페라떼_hot,1834,2026-02-10T22:37:00,11000,completed,False
order_R1834_0_카페라떼_ice,1834,2026-01-06T19:37:00,5500,completed,False
order_R1834_0_콜드브루라떼,1834,2026-10-04T18:50:00,16500,completed,False
order_R1834_0_복숭아아이스티,1834,2026-02-26T05:56:00,11000,completed,False
order_R1834_0_자몽허니블랙티,1834,2026-04-23T19:05:00,5500,completed,False
order_R1835_0_아메리카노_hot,1835,2026-01-30T09:08:00,5500,completed,False
order_R1835_0_아메리카노_ice,1835,2026-08-23T11:30:00,16500,completed,False
order_R1835_0_카페라떼_hot,1835,2026-04-30T09:04:00,5500,completed,False
order_R1835_0_카페라떼_ice,1835,2026-03-15T06:20:00,5500,completed,False
order_R1835_0_드립커피,1835,2026-07-18T02:49:00,11000,completed,False
order_R1835_0_바닐라라떼,1835,2026-03-07T12:35:00,5500,completed,False
order_R1835_0_카라멜마끼아또,1835,2026-12-27T15:54:00,11000,completed,False
order_R1835_0_복숭아아이스티,1835,2026-10-01T19:55:00,5500,completed,False
order_R1835_0_자몽허니블랙티,1835,2026-01-24T08:25:00,5500,completed,False
order_R1835_0_레몬에이드,1835,2026-05-13T09:29:00,5500,completed,False
order_R1835_0_자몽에이드,1835,2026-02-21T00:35:00,11000,completed,False
order_R1836_0_아메리카노_hot,1836,2026-05-01T21:17:00,5500,completed,False
order_R1836_0_아메리카노_ice,1836,2026-05-18T16:21:00,11000,completed,False
order_R1836_0_드립커피,1836,2026-10-07T06:46:00,5500,completed,False
order_R1837_0_아메리카노_hot,1837,2026-08-01T06:30:00,5500,completed,False
order_R1837_0_아메리카노_ice,1837,2026-01-21T20:37:00,11000,completed,False
order_R1837_0_콜드브루라떼,1837,2026-04-29T20:56:00,11000,completed,False
order_R1837_1_콜드브루라떼,1837,2026-01-31T13:57:00,11000,completed,False
order_R1837_2_콜드브루라떼,1837,2026-01-08T09:57:00,5500,completed,False
order_R1837_3_콜드브루라떼,1837,2026-05-12T13:42:00,5500,completed,False
order_R1837_4_콜드브루라떼,1837,2026-12-31T23:44:00,5500,completed,False
order_R1837_0_프라푸치노,1837,2026-07-22T19:39:00,5500,completed,False
order_R1837_0_말차프라페,1837,2026-04-18T18:27:00,16500,completed,False
order_R1837_0_레몬에이드,1837,2026-07-19T07:28:00,5500,completed,False
order_R1837_0_자몽에이드,1837,2026-10-18T12:18:00,5500,completed,False
order_R1838_0_아메리카노_hot,1838,2026-01-01T13:18:00,5500,completed,False
order_R1838_0_아메리카노_ice,1838,2026-09-18T13:20:00,11000,completed,False
order_R1838_0_카푸치노,1838,2026-03-11T17:54:00,11000,completed,False
order_R1839_0_콜드브루,1839,2026-11-19T14:49:00,5500,completed,False
order_R1839_0_드립커피,1839,2026-04-01T04:26:00,5500,completed,False
order_R1839_0_녹차라떼,1839,2026-08-27T20:00:00,11000,completed,False
order_R1839_0_캐모마일티,1839,2026-01-04T13:42:00,16500,completed,False
order_R1839_0_복숭아아이스티,1839,2026-07-13T05:50:00,5500,completed,False
order_R1839_0_자몽허니블랙티,1839,2026-07-31T13:00:00,5500,completed,False
order_R1839_0_딸기스무디,1839,2026-05-31T16:21:00,5500,completed,False
order_R1839_0_망고스무디,1839,2026-06-29T19:34:00,16500,completed,False
order_R1840_0_아메리카노_hot,1840,2026-10-24T19:05:00,16500,completed,False
order_R1840_0_아메리카노_ice,1840,2026-06-29T23:21:00,5500,completed,False
order_R1840_0_콜드브루라떼,1840,2026-02-26T23:55:00,11000,completed,False
order_R1842_0_아메리카노_hot,1842,2026-06-01T15:25:00,5500,completed,False
order_R1842_0_아메리카노_ice,1842,2026-10-29T15:12:00,5500,completed,False
order_R1842_0_콜드브루,1842,2026-03-18T18:58:00,5500,completed,False
order_R1843_0_아메리카노_hot,1843,2026-02-23T06:49:00,11000,completed,False
order_R1843_0_아메리카노_ice,1843,2026-03-02T16:35:00,11000,completed,False
order_R1843_0_카페라떼_hot,1843,2026-10-08T15:07:00,5500,completed,False
order_R1843_0_카페라떼_ice,1843,2026-06-29T20:51:00,5500,completed,False
order_R1843_0_카푸치노,1843,2026-12-19T09:51:00,5500,completed,False
order_R1843_1_카푸치노,1843,2026-02-08T20:04:00,11000,completed,False
order_R1843_2_카푸치노,1843,2026-03-02T08:59:00,11000,completed,False
order_R1843_0_바닐라라떼,1843,2026-01-11T13:26:00,5500,completed,False
order_R1843_0_카라멜마끼아또,1843,2026-10-11T20:45:00,5500,completed,False
order_R1843_0_녹차라떼,1843,2026-10-31T12:25:00,16500,completed,False
order_R1843_0_캐모마일티,1843,2026-07-21T00:36:00,5500,completed,False
order_R1843_0_레몬에이드,1843,2026-08-07T20:17:00,5500,completed,False
order_R1843_0_자몽에이드,1843,2026-10-27T06:16:00,5500,completed,False
order_R1844_0_녹차라떼,1844,2026-10-14T03:30:00,11000,completed,False
order_R1844_0_캐모마일티,1844,2026-10-03T11:01:00,5500,completed,False
order_R1844_0_레몬에이드,1844,2026-12-18T12:23:00,5500,completed,False
order_R1844_0_자몽에이드,1844,2026-09-04T18:59:00,5500,completed,False
order_R1845_0_아메리카노_hot,1845,2026-04-18T19:53:00,16500,completed,False
order_R1845_0_아메리카노_ice,1845,2026-09-13T13:22:00,5500,completed,False
order_R1845_0_바닐라라떼,1845,2026-09-13T19:25:00,11000,completed,False
order_R1845_0_카라멜마끼아또,1845,2026-02-02T13:24:00,5500,completed,False
order_R1846_0_아메리카노_hot,1846,2026-03-01T19:05:00,5500,completed,False
order_R1846_0_아메리카노_ice,1846,2026-02-26T06:27:00,5500,completed,False
order_R1846_0_카페라떼_hot,1846,2026-07-14T06:09:00,5500,completed,False
order_R1846_0_카페라떼_ice,1846,2026-10-10T13:43:00,5500,completed,False
order_R1846_0_바닐라라떼,1846,2026-01-21T21:49:00,11000,completed,False
order_R1846_0_카라멜마끼아또,1846,2026-10-21T08:49:00,5500,completed,False
order_R1846_0_복숭아아이스티,1846,2026-03-04T15:49:00,5500,completed,False
order_R1846_0_자몽허니블랙티,1846,2026-05-15T12:43:00,5500,completed,False
order_R1846_0_레몬에이드,1846,2026-10-29T06:09:00,5500,completed,False
order_R1846_0_자몽에이드,1846,2026-11-15T06:36:00,5500,completed,False
order_R1847_0_아메리카노_hot,1847,2026-03-18T16:02:00,5500,completed,False
order_R1847_0_아메리카노_ice,1847,2026-04-27T23:12:00,5500,completed,False
order_R1847_0_딸기스무디,1847,2026-12-30T12:38:00,5500,completed,False
order_R1847_0_망고스무디,1847,2026-04-28T14:08:00,11000,completed,False
order_R1848_0_아메리카노_hot,1848,2026-06-24T14:55:00,5500,completed,False
order_R1848_0_아메리카노_ice,1848,2026-01-16T06:34:00,5500,completed,False
order_R1848_0_카푸치노,1848,2026-09-15T12:39:00,5500,completed,False
order_R1848_0_콜드브루라떼,1848,2026-08-30T01:49:00,5500,completed,False
order_R1848_0_녹차라떼,1848,2026-08-27T21:41:00,11000,completed,False
order_R1848_0_캐모마일티,1848,2026-09-25T15:36:00,11000,completed,False
order_R1848_0_레몬에이드,1848,2026-06-28T22:43:00,5500,completed,False
order_R1848_0_자몽에이드,1848,2026-09-19T08:07:00,5500,completed,False
order_R1849_0_아메리카노_hot,1849,2026-06-30T10:06:00,11000,completed,False
order_R1849_0_아메리카노_ice,1849,2026-06-27T03:33:00,11000,completed,False
order_R1849_0_바닐라라떼,1849,2026-09-07T12:59:00,5500,completed,False
order_R1849_0_카라멜마끼아또,1849,2026-12-14T09:50:00,11000,completed,False
order_R1850_0_카페라떼_hot,1850,2026-06-01T23:24:00,11000,completed,False
order_R1850_0_카페라떼_ice,1850,2026-10-06T18:58:00,5500,completed,False
order_R1850_0_카푸치노,1850,2026-10-23T16:04:00,5500,completed,False
order_R1850_0_바닐라라떼,1850,2026-01-21T09:01:00,5500,completed,False
order_R1850_0_카라멜마끼아또,1850,2026-05-30T12:30:00,5500,completed,False
order_R1851_0_바닐라라떼,1851,2026-01-21T10:39:00,11000,completed,False
order_R1851_0_카라멜마끼아또,1851,2026-11-29T20:04:00,5500,completed,False
order_R1851_0_녹차라떼,1851,2026-02-11T22:45:00,11000,completed,False
order_R1851_0_캐모마일티,1851,2026-08-01T11:00:00,5500,completed,False
order_R1851_0_딸기스무디,1851,2026-08-08T13:44:00,5500,completed,False
order_R1851_0_망고스무디,1851,2026-07-04T20:15:00,5500,completed,False
order_R1852_0_아메리카노_hot,1852,2026-11-15T23:11:00,11000,completed,False
order_R1852_0_아메리카노_ice,1852,2026-03-27T11:37:00,11000,completed,False
order_R1852_0_바닐라라떼,1852,2026-08-06T18:16:00,5500,completed,False
order_R1852_0_카라멜마끼아또,1852,2026-12-02T20:47:00,11000,completed,False
order_R1853_0_아메리카노_hot,1853,2026-04-10T19:52:00,11000,completed,False
order_R1853_0_아메리카노_ice,1853,2026-04-26T01:58:00,5500,completed,False
order_R1854_0_아메리카노_hot,1854,2026-11-14T16:19:00,5500,completed,False
order_R1854_0_아메리카노_ice,1854,2026-03-17T19:03:00,11000,completed,False
order_R1854_0_드립커피,1854,2026-06-16T23:18:00,5500,completed,False
order_R1854_0_바닐라라떼,1854,2026-03-20T20:27:00,5500,completed,False
order_R1854_0_카라멜마끼아또,1854,2026-03-10T03:49:00,11000,completed,False
order_R1854_0_복숭아아이스티,1854,2026-07-30T21:55:00,11000,completed,False
order_R1854_0_자몽허니블랙티,1854,2026-04-19T23:45:00,5500,completed,False
order_R1854_0_레몬에이드,1854,2026-07-05T11:38:00,11000,completed,False
order_R1854_0_자몽에이드,1854,2026-11-09T17:00:00,11000,completed,False
order_R1855_0_아메리카노_hot,1855,2026-04-17T15:15:00,11000,completed,False
order_R1855_0_아메리카노_ice,1855,2026-12-20T19:03:00,5500,completed,False
order_R1855_0_카페라떼_hot,1855,2026-08-25T03:04:00,5500,completed,False
order_R1855_0_카페라떼_ice,1855,2026-06-28T05:14:00,5500,completed,False
order_R1855_0_딸기스무디,1855,2026-04-04T14:49:00,5500,completed,False
order_R1855_0_망고스무디,1855,2026-11-04T02:45:00,5500,completed,False
order_R1856_0_아메리카노_hot,1856,2026-12-09T17:15:00,5500,completed,False
order_R1856_0_아메리카노_ice,1856,2026-10-08T20:12:00,5500,completed,False
order_R1856_0_카페라떼_hot,1856,2026-12-12T06:21:00,5500,completed,False
order_R1856_0_카페라떼_ice,1856,2026-03-26T21:13:00,5500,completed,False
order_R1856_0_녹차라떼,1856,2026-02-02T15:16:00,11000,completed,False
order_R1856_0_캐모마일티,1856,2026-07-11T12:00:00,11000,completed,False
order_R1856_0_복숭아아이스티,1856,2026-02-21T10:48:00,5500,completed,False
order_R1856_0_자몽허니블랙티,1856,2026-10-16T20:55:00,11000,completed,False
order_R1856_0_레몬에이드,1856,2026-07-23T03:22:00,5500,completed,False
order_R1856_0_자몽에이드,1856,2026-12-21T04:05:00,11000,completed,False
order_R1857_0_아메리카노_hot,1857,2026-07-29T07:21:00,11000,completed,False
order_R1857_0_아메리카노_ice,1857,2026-12-07T12:12:00,16500,completed,False
order_R1857_0_카페라떼_hot,1857,2026-09-07T18:55:00,5500,completed,False
order_R1857_0_카페라떼_ice,1857,2026-07-08T17:34:00,11000,completed,False
order_R1857_0_바닐라라떼,1857,2026-02-03T05:18:00,16500,completed,False
order_R1857_0_카라멜마끼아또,1857,2026-04-17T11:59:00,5500,completed,False
order_R1857_0_딸기스무디,1857,2026-02-01T13:30:00,11000,completed,False
order_R1857_0_망고스무디,1857,2026-01-30T15:15:00,5500,completed,False
order_R1858_0_콜드브루,1858,2026-11-04T23:36:00,5500,completed,False
order_R1858_1_콜드브루,1858,2026-05-26T07:19:00,16500,completed,False
order_R1858_0_바닐라라떼,1858,2026-07-14T08:53:00,5500,completed,False
order_R1858_0_카라멜마끼아또,1858,2026-04-20T02:12:00,11000,completed,False
order_R1858_0_프라푸치노,1858,2026-03-18T22:30:00,11000,completed,False
order_R1858_0_말차프라페,1858,2026-03-10T14:17:00,11000,completed,False
order_R1859_0_카페라떼_hot,1859,2026-01-28T13:53:00,5500,completed,False
order_R1859_0_카페라떼_ice,1859,2026-08-25T21:05:00,16500,completed,False
order_R1859_0_레몬에이드,1859,2026-10-23T18:20:00,11000,completed,False
order_R1859_0_자몽에이드,1859,2026-12-07T06:55:00,5500,completed,False
order_R1860_0_에스프레소,1860,2026-10-24T22:31:00,5500,completed,False
order_R1860_0_아메리카노_hot,1860,2026-07-23T12:58:00,16500,completed,False
order_R1860_0_아메리카노_ice,1860,2026-12-18T10:00:00,5500,completed,False
order_R1860_0_바닐라라떼,1860,2026-02-18T16:15:00,5500,completed,False
order_R1860_0_카라멜마끼아또,1860,2026-03-16T03:04:00,11000,completed,False
order_R1861_0_카페라떼_hot,1861,2026-11-26T23:13:00,11000,completed,False
order_R1861_0_카페라떼_ice,1861,2026-06-02T09:02:00,5500,completed,False
order_R1861_0_콜드브루,1861,2026-04-04T09:05:00,5500,completed,False
order_R1861_0_프라푸치노,1861,2026-03-30T01:00:00,5500,completed,False
order_R1861_0_말차프라페,1861,2026-03-06T06:45:00,16500,completed,False
order_R1861_0_딸기스무디,1861,2026-12-07T16:36:00,5500,completed,False
order_R1861_0_망고스무디,1861,2026-09-03T13:08:00,5500,completed,False
order_R1862_0_프라푸치노,1862,2026-06-19T23:30:00,5500,completed,False
order_R1862_0_말차프라페,1862,2026-07-05T17:28:00,16500,completed,False
order_R1862_0_레몬에이드,1862,2026-07-31T06:59:00,16500,completed,False
order_R1862_0_자몽에이드,1862,2026-01-31T21:43:00,5500,completed,False
order_R1862_0_딸기스무디,1862,2026-10-31T09:29:00,11000,completed,False
order_R1862_0_망고스무디,1862,2026-12-26T19:30:00,16500,completed,False
order_R1863_0_아메리카노_hot,1863,2026-05-16T23:55:00,5500,completed,False
order_R1863_0_아메리카노_ice,1863,2026-09-03T21:43:00,11000,completed,False
order_R1863_0_카페라떼_hot,1863,2026-11-20T22:24:00,11000,completed,False
order_R1863_0_카페라떼_ice,1863,2026-07-01T02:02:00,5500,completed,False
order_R1863_0_콜드브루,1863,2026-02-09T14:05:00,5500,completed,False
order_R1863_0_복숭아아이스티,1863,2026-11-16T06:35:00,5500,completed,False
order_R1863_0_자몽허니블랙티,1863,2026-10-02T06:10:00,16500,completed,False
order_R1864_0_아메리카노_hot,1864,2026-09-29T05:08:00,16500,completed,False
order_R1864_0_아메리카노_ice,1864,2026-11-21T08:54:00,5500,completed,False
order_R1864_0_콜드브루,1864,2026-07-08T15:27:00,5500,completed,False
order_R1864_0_바닐라라떼,1864,2026-05-12T10:15:00,5500,completed,False
order_R1864_0_카라멜마끼아또,1864,2026-02-08T21:00:00,5500,completed,False
order_R1865_0_아메리카노_hot,1865,2026-03-08T13:42:00,5500,completed,False
order_R1865_0_아메리카노_ice,1865,2026-07-04T08:17:00,5500,completed,False
order_R1865_0_카페라떼_hot,1865,2026-04-15T02:27:00,5500,completed,False
order_R1865_0_카페라떼_ice,1865,2026-10-14T20:52:00,5500,completed,False
order_R1865_0_복숭아아이스티,1865,2026-10-28T19:48:00,5500,completed,False
order_R1865_0_자몽허니블랙티,1865,2026-09-03T20:37:00,5500,completed,False
order_R1865_0_레몬에이드,1865,2026-04-08T11:41:00,5500,completed,False
order_R1865_0_자몽에이드,1865,2026-11-29T07:26:00,5500,completed,False
order_R1866_0_카페라떼_hot,1866,2026-07-24T06:13:00,5500,completed,False
order_R1866_0_카페라떼_ice,1866,2026-12-06T11:24:00,5500,completed,False
order_R1867_0_카페라떼_hot,1867,2026-05-27T21:08:00,11000,completed,False
order_R1867_0_카페라떼_ice,1867,2026-12-06T13:06:00,5500,completed,False
order_R1867_0_바닐라라떼,1867,2026-01-21T01:41:00,5500,completed,False
order_R1867_0_카라멜마끼아또,1867,2026-05-17T08:07:00,5500,completed,False
order_R1867_0_녹차라떼,1867,2026-10-03T12:18:00,5500,completed,False
order_R1867_0_캐모마일티,1867,2026-02-24T18:37:00,5500,completed,False
order_R1867_0_레몬에이드,1867,2026-10-21T08:45:00,5500,completed,False
order_R1867_0_자몽에이드,1867,2026-08-27T09:17:00,11000,completed,False
order_R1868_0_아메리카노_hot,1868,2026-03-03T14:22:00,5500,completed,False
order_R1868_0_아메리카노_ice,1868,2026-12-18T17:50:00,11000,completed,False
order_R1868_0_콜드브루,1868,2026-05-02T09:31:00,5500,completed,False
order_R1868_1_콜드브루,1868,2026-09-26T22:28:00,5500,completed,False
order_R1868_0_딸기스무디,1868,2026-11-13T19:57:00,5500,completed,False
order_R1868_0_망고스무디,1868,2026-09-11T00:00:00,5500,completed,False
order_R1869_0_카페라떼_hot,1869,2026-02-28T19:29:00,11000,completed,False
order_R1869_0_카페라떼_ice,1869,2026-09-17T19:45:00,11000,completed,False
order_R1869_0_콜드브루,1869,2026-01-26T22:07:00,11000,completed,False
order_R1869_1_콜드브루,1869,2026-02-27T09:36:00,5500,completed,False
order_R1869_0_딸기스무디,1869,2026-09-20T21:30:00,5500,completed,False
order_R1869_0_망고스무디,1869,2026-09-20T10:46:00,5500,completed,False
order_R1870_0_카푸치노,1870,2026-12-22T12:39:00,5500,completed,False
order_R1870_1_카푸치노,1870,2026-01-29T11:00:00,5500,completed,False
order_R1870_2_카푸치노,1870,2026-05-10T08:02:00,5500,completed,False
order_R1870_3_카푸치노,1870,2026-05-27T19:29:00,5500,completed,False
order_R1870_4_카푸치노,1870,2026-12-18T13:47:00,5500,completed,False
order_R1870_5_카푸치노,1870,2026-01-12T02:49:00,5500,completed,False
order_R1870_0_녹차라떼,1870,2026-01-02T15:02:00,11000,completed,False
order_R1870_0_캐모마일티,1870,2026-09-22T19:26:00,11000,completed,False
order_R1870_0_복숭아아이스티,1870,2026-10-19T12:38:00,11000,completed,False
order_R1870_0_자몽허니블랙티,1870,2026-11-09T22:37:00,5500,completed,False
order_R1871_0_콜드브루,1871,2026-03-20T18:35:00,11000,completed,False
order_R1871_1_콜드브루,1871,2026-03-27T15:54:00,5500,completed,False
order_R1871_2_콜드브루,1871,2026-01-31T07:02:00,5500,completed,False
order_R1871_3_콜드브루,1871,2026-04-13T22:34:00,11000,completed,False
order_R1871_4_콜드브루,1871,2026-03-08T16:26:00,5500,completed,False
order_R1871_5_콜드브루,1871,2026-06-05T01:04:00,11000,completed,False
order_R1871_0_레몬에이드,1871,2026-04-01T07:45:00,5500,completed,False
order_R1871_0_자몽에이드,1871,2026-11-06T02:50:00,16500,completed,False
order_R1872_0_아메리카노_hot,1872,2026-05-03T05:36:00,5500,completed,False
order_R1872_0_아메리카노_ice,1872,2026-08-04T07:32:00,11000,completed,False
order_R1872_0_카페라떼_hot,1872,2026-12-03T08:24:00,5500,completed,False
order_R1872_0_카페라떼_ice,1872,2026-02-14T21:12:00,11000,completed,False
order_R1872_0_카푸치노,1872,2026-01-04T19:01:00,5500,completed,False
order_R1872_0_콜드브루,1872,2026-09-01T22:13:00,16500,completed,False
order_R1872_0_드립커피,1872,2026-03-11T02:53:00,11000,completed,False
order_R1872_0_바닐라라떼,1872,2026-06-13T07:06:00,5500,completed,False
order_R1872_0_카라멜마끼아또,1872,2026-06-27T20:03:00,5500,completed,False
order_R1872_0_딸기스무디,1872,2026-12-12T02:31:00,5500,completed,False
order_R1872_0_망고스무디,1872,2026-03-20T11:20:00,5500,completed,False
order_R1873_0_아메리카노_hot,1873,2026-05-01T17:16:00,5500,completed,False
order_R1873_0_아메리카노_ice,1873,2026-12-04T15:54:00,5500,completed,False
order_R1873_0_프라푸치노,1873,2026-12-25T16:28:00,16500,completed,False
order_R1873_0_말차프라페,1873,2026-10-03T13:06:00,11000,completed,False
order_R1873_0_레몬에이드,1873,2026-02-05T13:10:00,11000,completed,False
order_R1873_0_자몽에이드,1873,2026-08-16T15:34:00,5500,completed,False
order_R1873_0_딸기스무디,1873,2026-12-19T11:25:00,5500,completed,False
order_R1873_0_망고스무디,1873,2026-03-25T20:24:00,11000,completed,False
order_R1874_0_아메리카노_hot,1874,2026-04-22T02:15:00,11000,completed,False
order_R1874_0_아메리카노_ice,1874,2026-12-11T19:18:00,16500,completed,False
order_R1874_0_카페라떼_hot,1874,2026-03-02T13:05:00,11000,completed,False
order_R1874_0_카페라떼_ice,1874,2026-03-28T23:18:00,5500,completed,False
order_R1874_0_콜드브루,1874,2026-06-06T19:10:00,11000,completed,False
order_R1874_0_드립커피,1874,2026-06-30T22:20:00,5500,completed,False
order_R1875_0_카페라떼_hot,1875,2026-05-04T05:56:00,11000,completed,False
order_R1875_0_카페라떼_ice,1875,2026-06-12T14:59:00,5500,completed,False
order_R1876_0_카페라떼_hot,1876,2026-07-21T18:27:00,11000,completed,False
order_R1876_0_카페라떼_ice,1876,2026-03-10T19:57:00,11000,completed,False
order_R1876_0_딸기스무디,1876,2026-01-30T01:07:00,5500,completed,False
order_R1876_0_망고스무디,1876,2026-06-07T15:29:00,11000,completed,False
order_R1877_0_아메리카노_hot,1877,2026-10-16T01:14:00,5500,completed,False
order_R1877_0_아메리카노_ice,1877,2026-05-31T18:54:00,5500,completed,False
order_R1877_0_녹차라떼,1877,2026-07-27T12:51:00,11000,completed,False
order_R1877_0_캐모마일티,1877,2026-10-09T16:37:00,11000,completed,False
order_R1878_0_바닐라라떼,1878,2026-06-09T13:08:00,5500,completed,False
order_R1878_0_카라멜마끼아또,1878,2026-05-23T14:10:00,5500,completed,False
order_R1879_0_콜드브루라떼,1879,2026-05-04T06:34:00,5500,completed,False
order_R1879_1_콜드브루라떼,1879,2026-02-09T13:44:00,5500,completed,False
order_R1879_2_콜드브루라떼,1879,2026-05-15T16:18:00,11000,completed,False
order_R1879_0_녹차라떼,1879,2026-10-03T08:04:00,5500,completed,False
order_R1879_0_캐모마일티,1879,2026-03-03T09:52:00,5500,completed,False
order_R1880_0_아메리카노_hot,1880,2026-08-01T12:06:00,5500,completed,False
order_R1880_0_아메리카노_ice,1880,2026-05-08T08:17:00,5500,completed,False
order_R1880_0_바닐라라떼,1880,2026-11-09T23:45:00,11000,completed,False
order_R1880_0_카라멜마끼아또,1880,2026-03-10T23:38:00,11000,completed,False
order_R1880_0_녹차라떼,1880,2026-06-10T12:13:00,5500,completed,False
order_R1880_0_캐모마일티,1880,2026-04-26T22:37:00,11000,completed,False
order_R1881_0_아메리카노_hot,1881,2026-04-17T18:30:00,5500,completed,False
order_R1881_0_아메리카노_ice,1881,2026-10-11T18:38:00,5500,completed,False
order_R1881_0_콜드브루,1881,2026-07-09T23:02:00,5500,completed,False
order_R1881_1_콜드브루,1881,2026-10-05T17:00:00,5500,completed,False
order_R1881_2_콜드브루,1881,2026-02-01T10:57:00,5500,completed,False
order_R1882_0_에스프레소,1882,2026-09-17T18:57:00,11000,completed,False
order_R1882_0_아메리카노_hot,1882,2026-12-31T13:28:00,5500,completed,False
order_R1882_0_아메리카노_ice,1882,2026-11-06T10:01:00,11000,completed,False
order_R1882_0_프라푸치노,1882,2026-09-14T02:26:00,5500,completed,False
order_R1882_0_말차프라페,1882,2026-04-29T13:12:00,5500,completed,False
order_R1882_0_녹차라떼,1882,2026-02-21T11:54:00,11000,completed,False
order_R1882_0_캐모마일티,1882,2026-09-17T14:54:00,5500,completed,False
order_R1882_0_딸기스무디,1882,2026-05-08T18:50:00,5500,completed,False
order_R1882_0_망고스무디,1882,2026-12-01T23:40:00,11000,completed,False
order_R1883_0_카페라떼_hot,1883,2026-08-17T07:32:00,5500,completed,False
order_R1883_0_카페라떼_ice,1883,2026-04-10T08:54:00,5500,completed,False
order_R1883_0_콜드브루라떼,1883,2026-07-02T07:25:00,11000,completed,False
order_R1883_0_드립커피,1883,2026-06-12T10:44:00,5500,completed,False
order_R1883_0_복숭아아이스티,1883,2026-06-01T12:21:00,11000,completed,False
order_R1883_0_자몽허니블랙티,1883,2026-11-04T16:12:00,5500,completed,False
order_R1883_0_레몬에이드,1883,2026-11-05T23:44:00,11000,completed,False
order_R1883_0_자몽에이드,1883,2026-07-20T09:36:00,11000,completed,False
order_R1884_0_녹차라떼,1884,2026-04-18T21:05:00,11000,completed,False
order_R1884_0_캐모마일티,1884,2026-01-24T06:29:00,5500,completed,False
order_R1884_0_레몬에이드,1884,2026-11-04T11:52:00,5500,completed,False
order_R1884_0_자몽에이드,1884,2026-01-26T22:55:00,11000,completed,False
order_R1885_0_아메리카노_hot,1885,2026-12-05T19:09:00,5500,completed,False
order_R1885_0_아메리카노_ice,1885,2026-12-22T08:47:00,5500,completed,False
order_R1885_0_카페라떼_hot,1885,2026-03-05T08:25:00,5500,completed,False
order_R1885_0_카페라떼_ice,1885,2026-10-25T11:21:00,16500,completed,False
order_R1885_0_드립커피,1885,2026-01-01T22:11:00,5500,completed,False
order_R1886_0_레몬에이드,1886,2026-09-29T12:05:00,5500,completed,False
order_R1886_0_자몽에이드,1886,2026-02-09T04:40:00,5500,completed,False
order_R1887_0_에스프레소,1887,2026-02-28T05:05:00,5500,completed,False
order_R1887_1_에스프레소,1887,2026-09-13T09:13:00,5500,completed,False
order_R1887_2_에스프레소,1887,2026-07-03T13:33:00,5500,completed,False
order_R1887_0_복숭아아이스티,1887,2026-10-14T18:28:00,5500,completed,False
order_R1887_0_자몽허니블랙티,1887,2026-03-08T04:39:00,5500,completed,False
order_R1888_0_카페라떼_hot,1888,2026-04-18T13:40:00,5500,completed,False
order_R1888_0_카페라떼_ice,1888,2026-03-15T11:18:00,5500,completed,False
order_R1889_0_레몬에이드,1889,2026-07-18T19:38:00,5500,completed,False
order_R1889_0_자몽에이드,1889,2026-09-06T13:50:00,16500,completed,False
order_R1890_0_아메리카노_hot,1890,2026-05-07T18:50:00,11000,completed,False
order_R1890_0_아메리카노_ice,1890,2026-04-10T08:49:00,11000,completed,False
order_R1890_0_콜드브루라떼,1890,2026-09-19T17:58:00,16500,completed,False
order_R1890_0_바닐라라떼,1890,2026-05-29T21:52:00,5500,completed,False
order_R1890_0_카라멜마끼아또,1890,2026-02-02T22:27:00,11000,completed,False
order_R1890_0_복숭아아이스티,1890,2026-12-26T02:03:00,5500,completed,False
order_R1890_0_자몽허니블랙티,1890,2026-02-16T15:01:00,16500,completed,False
order_R1890_0_레몬에이드,1890,2026-04-10T13:53:00,5500,completed,False
order_R1890_0_자몽에이드,1890,2026-09-09T21:47:00,11000,completed,False
order_R1891_0_아메리카노_hot,1891,2026-12-20T21:41:00,16500,completed,False
order_R1891_0_아메리카노_ice,1891,2026-04-29T23:11:00,11000,completed,False
order_R1891_0_카페라떼_hot,1891,2026-02-23T12:28:00,11000,completed,False
order_R1891_0_카페라떼_ice,1891,2026-03-07T01:03:00,16500,completed,False
order_R1891_0_콜드브루,1891,2026-08-27T16:20:00,11000,completed,False
order_R1891_0_바닐라라떼,1891,2026-09-22T19:09:00,11000,completed,False
order_R1891_0_카라멜마끼아또,1891,2026-08-09T15:35:00,11000,completed,False
order_R1892_0_아메리카노_hot,1892,2026-03-26T20:07:00,16500,completed,False
order_R1892_0_아메리카노_ice,1892,2026-10-26T14:48:00,5500,completed,False
order_R1892_0_드립커피,1892,2026-12-29T06:40:00,16500,completed,False
order_R1892_0_바닐라라떼,1892,2026-05-13T20:01:00,11000,completed,False
order_R1892_0_카라멜마끼아또,1892,2026-10-22T12:45:00,11000,completed,False
order_R1893_0_아메리카노_hot,1893,2026-05-07T03:32:00,5500,completed,False
order_R1893_0_아메리카노_ice,1893,2026-10-03T15:10:00,5500,completed,False
order_R1893_0_바닐라라떼,1893,2026-05-25T02:39:00,5500,completed,False
order_R1893_0_카라멜마끼아또,1893,2026-12-23T23:54:00,11000,completed,False
order_R1893_0_복숭아아이스티,1893,2026-02-17T15:36:00,11000,completed,False
order_R1893_0_자몽허니블랙티,1893,2026-09-20T23:51:00,5500,completed,False
order_R1893_0_레몬에이드,1893,2026-07-26T11:13:00,5500,completed,False
order_R1893_0_자몽에이드,1893,2026-03-04T19:15:00,16500,completed,False
order_R1894_0_카페라떼_hot,1894,2026-08-26T06:07:00,11000,completed,False
order_R1894_0_카페라떼_ice,1894,2026-09-23T09:24:00,5500,completed,False
order_R1894_0_콜드브루,1894,2026-11-16T12:50:00,11000,completed,False
order_R1894_0_바닐라라떼,1894,2026-07-16T12:26:00,5500,completed,False
order_R1894_0_카라멜마끼아또,1894,2026-10-22T22:56:00,11000,completed,False
order_R1895_0_바닐라라떼,1895,2026-01-03T07:06:00,11000,completed,False
order_R1895_0_카라멜마끼아또,1895,2026-08-16T21:00:00,5500,completed,False
order_R1896_0_아메리카노_hot,1896,2026-08-09T21:38:00,5500,completed,False
order_R1896_0_아메리카노_ice,1896,2026-07-22T15:25:00,5500,completed,False
order_R1896_0_드립커피,1896,2026-06-01T14:27:00,5500,completed,False
order_R1897_0_아메리카노_hot,1897,2026-09-09T22:01:00,5500,completed,False
order_R1897_0_아메리카노_ice,1897,2026-11-10T21:03:00,16500,completed,False
order_R1897_0_카페라떼_hot,1897,2026-06-21T14:24:00,11000,completed,False
order_R1897_0_카페라떼_ice,1897,2026-07-07T07:30:00,5500,completed,False
order_R1897_0_카푸치노,1897,2026-10-21T20:33:00,11000,completed,False
order_R1897_0_바닐라라떼,1897,2026-07-24T16:19:00,5500,completed,False
order_R1897_0_카라멜마끼아또,1897,2026-01-14T15:33:00,5500,completed,False
order_R1898_0_아메리카노_hot,1898,2026-11-16T18:23:00,11000,completed,False
order_R1898_0_아메리카노_ice,1898,2026-12-29T13:33:00,5500,completed,False
order_R1898_0_카페라떼_hot,1898,2026-06-04T11:41:00,11000,completed,False
order_R1898_0_카페라떼_ice,1898,2026-07-12T21:43:00,5500,completed,False
order_R1898_0_카푸치노,1898,2026-05-26T21:43:00,11000,completed,False
order_R1898_0_드립커피,1898,2026-09-12T23:07:00,11000,completed,False
order_R1898_0_프라푸치노,1898,2026-12-12T09:51:00,11000,completed,False
order_R1898_0_말차프라페,1898,2026-05-31T00:48:00,5500,completed,False
order_R1898_0_복숭아아이스티,1898,2026-05-04T17:01:00,5500,completed,False
order_R1898_0_자몽허니블랙티,1898,2026-10-14T12:36:00,11000,completed,False
order_R1898_0_딸기스무디,1898,2026-09-30T20:48:00,5500,completed,False
order_R1898_0_망고스무디,1898,2026-07-02T14:08:00,5500,completed,False
order_R1899_0_아메리카노_hot,1899,2026-06-10T19:59:00,5500,completed,False
order_R1899_0_아메리카노_ice,1899,2026-09-08T12:48:00,5500,completed,False
order_R1899_0_바닐라라떼,1899,2026-03-28T13:08:00,11000,completed,False
order_R1899_0_카라멜마끼아또,1899,2026-12-15T20:08:00,16500,completed,False
order_R1900_0_콜드브루,1900,2026-11-30T17:22:00,11000,completed,False
order_R1900_0_프라푸치노,1900,2026-06-26T14:01:00,11000,completed,False
order_R1900_0_말차프라페,1900,2026-06-14T22:50:00,11000,completed,False
order_R1900_0_녹차라떼,1900,2026-08-03T23:17:00,11000,completed,False
order_R1900_0_캐모마일티,1900,2026-04-26T17:28:00,5500,completed,False
order_R1900_0_복숭아아이스티,1900,2026-07-05T21:16:00,5500,completed,False
order_R1900_0_자몽허니블랙티,1900,2026-06-23T02:17:00,5500,completed,False
order_R1900_0_레몬에이드,1900,2026-03-09T10:29:00,5500,completed,False
order_R1900_0_자몽에이드,1900,2026-11-07T21:10:00,11000,completed,False
order_R1900_0_딸기스무디,1900,2026-08-23T06:56:00,5500,completed,False
order_R1900_0_망고스무디,1900,2026-12-03T06:37:00,11000,completed,False
order_R1901_0_아메리카노_hot,1901,2026-04-17T12:32:00,5500,completed,False
order_R1901_0_아메리카노_ice,1901,2026-01-24T07:14:00,5500,completed,False
order_R1901_0_카페라떼_hot,1901,2026-08-28T22:02:00,5500,completed,False
order_R1901_0_카페라떼_ice,1901,2026-02-25T06:53:00,5500,completed,False
order_R1902_0_아메리카노_hot,1902,2026-12-09T22:00:00,5500,completed,False
order_R1902_0_아메리카노_ice,1902,2026-05-12T00:00:00,5500,completed,False
order_R1903_0_아메리카노_hot,1903,2026-01-28T02:56:00,5500,completed,False
order_R1903_0_아메리카노_ice,1903,2026-09-06T12:20:00,5500,completed,False
order_R1903_0_카푸치노,1903,2026-02-27T01:18:00,5500,completed,False
order_R1903_0_드립커피,1903,2026-01-23T08:43:00,16500,completed,False
order_R1903_0_바닐라라떼,1903,2026-09-22T21:33:00,5500,completed,False
order_R1903_0_카라멜마끼아또,1903,2026-11-12T14:27:00,11000,completed,False
order_R1903_0_복숭아아이스티,1903,2026-09-26T10:05:00,5500,completed,False
order_R1903_0_자몽허니블랙티,1903,2026-10-09T11:56:00,5500,completed,False
order_R1904_0_에스프레소,1904,2026-12-26T13:16:00,11000,completed,False
order_R1904_0_아메리카노_hot,1904,2026-11-01T20:08:00,11000,completed,False
order_R1904_0_아메리카노_ice,1904,2026-05-12T12:27:00,5500,completed,False
order_R1904_0_카페라떼_hot,1904,2026-06-22T19:10:00,5500,completed,False
order_R1904_0_카페라떼_ice,1904,2026-11-08T14:50:00,5500,completed,False
order_R1904_0_콜드브루,1904,2026-09-13T12:49:00,5500,completed,False
order_R1904_0_레몬에이드,1904,2026-07-11T02:34:00,5500,completed,False
order_R1904_0_자몽에이드,1904,2026-12-08T16:17:00,11000,completed,False
order_R1905_0_아메리카노_hot,1905,2026-03-24T12:57:00,16500,completed,False
order_R1905_0_아메리카노_ice,1905,2026-04-19T08:34:00,5500,completed,False
order_R1905_0_콜드브루,1905,2026-07-18T11:09:00,5500,completed,False
order_R1905_0_바닐라라떼,1905,2026-02-03T14:16:00,5500,completed,False
order_R1905_0_카라멜마끼아또,1905,2026-04-24T17:39:00,16500,completed,False
order_R1906_0_카페라떼_hot,1906,2026-02-16T19:28:00,11000,completed,False
order_R1906_0_카페라떼_ice,1906,2026-02-11T21:32:00,5500,completed,False
order_R1906_0_바닐라라떼,1906,2026-07-21T03:14:00,11000,completed,False
order_R1906_0_카라멜마끼아또,1906,2026-02-21T17:39:00,11000,completed,False
order_R1907_0_아메리카노_hot,1907,2026-09-10T16:26:00,5500,completed,False
order_R1907_0_아메리카노_ice,1907,2026-11-12T22:14:00,11000,completed,False
order_R1907_0_카페라떼_hot,1907,2026-10-02T07:20:00,5500,completed,False
order_R1907_0_카페라떼_ice,1907,2026-11-12T08:27:00,11000,completed,False
order_R1907_0_카푸치노,1907,2026-06-14T06:50:00,11000,completed,False
order_R1907_0_콜드브루라떼,1907,2026-03-26T17:39:00,11000,completed,False
order_R1907_0_바닐라라떼,1907,2026-04-04T03:07:00,5500,completed,False
order_R1907_0_카라멜마끼아또,1907,2026-10-18T22:16:00,11000,completed,False
order_R1907_0_프라푸치노,1907,2026-11-30T16:08:00,5500,completed,False
order_R1907_0_말차프라페,1907,2026-05-21T20:06:00,5500,completed,False
order_R1908_0_에스프레소,1908,2026-06-02T13:45:00,16500,completed,False
order_R1908_0_아메리카노_hot,1908,2026-03-07T21:43:00,5500,completed,False
order_R1908_0_아메리카노_ice,1908,2026-01-09T19:14:00,5500,completed,False
order_R1908_0_프라푸치노,1908,2026-12-06T07:10:00,11000,completed,False
order_R1908_0_말차프라페,1908,2026-07-19T17:25:00,5500,completed,False
order_R1909_0_아메리카노_hot,1909,2026-05-13T13:10:00,5500,completed,False
order_R1909_0_아메리카노_ice,1909,2026-01-14T20:18:00,5500,completed,False
order_R1909_0_카페라떼_hot,1909,2026-10-19T19:01:00,5500,completed,False
order_R1909_0_카페라떼_ice,1909,2026-04-11T19:18:00,5500,completed,False
order_R1909_0_콜드브루라떼,1909,2026-10-18T04:26:00,5500,completed,False
order_R1909_0_프라푸치노,1909,2026-03-28T18:22:00,5500,completed,False
order_R1909_0_말차프라페,1909,2026-02-27T12:13:00,5500,completed,False
order_R1910_0_아메리카노_hot,1910,2026-09-26T11:15:00,5500,completed,False
order_R1910_0_아메리카노_ice,1910,2026-06-22T20:08:00,11000,completed,False
order_R1910_0_카페라떼_hot,1910,2026-04-04T18:53:00,11000,completed,False
order_R1910_0_카페라떼_ice,1910,2026-05-11T11:41:00,5500,completed,False
order_R1910_0_바닐라라떼,1910,2026-09-25T06:34:00,5500,completed,False
order_R1910_0_카라멜마끼아또,1910,2026-04-07T08:29:00,11000,completed,False
order_R1910_0_녹차라떼,1910,2026-11-18T13:20:00,16500,completed,False
order_R1910_0_캐모마일티,1910,2026-06-09T14:25:00,5500,completed,False
order_R1910_0_딸기스무디,1910,2026-01-11T19:44:00,5500,completed,False
order_R1910_0_망고스무디,1910,2026-11-02T16:27:00,5500,completed,False
order_R1911_0_아메리카노_hot,1911,2026-08-11T09:41:00,5500,completed,False
order_R1911_0_아메리카노_ice,1911,2026-07-05T21:23:00,11000,completed,False
order_R1911_0_카페라떼_hot,1911,2026-07-18T23:10:00,11000,completed,False
order_R1911_0_카페라떼_ice,1911,2026-11-15T17:10:00,5500,completed,False
order_R1911_0_콜드브루,1911,2026-11-25T15:22:00,5500,completed,False
order_R1911_1_콜드브루,1911,2026-09-14T13:35:00,11000,completed,False
order_R1911_0_드립커피,1911,2026-03-22T11:50:00,11000,completed,False
order_R1912_0_아메리카노_hot,1912,2026-07-27T06:20:00,5500,completed,False
order_R1912_0_아메리카노_ice,1912,2026-10-03T15:07:00,11000,completed,False
order_R1912_0_카페라떼_hot,1912,2026-04-05T20:43:00,5500,completed,False
order_R1912_0_카페라떼_ice,1912,2026-10-09T15:25:00,5500,completed,False
order_R1913_0_에스프레소,1913,2026-11-22T11:44:00,5500,completed,False
order_R1913_0_콜드브루,1913,2026-08-24T06:25:00,11000,completed,False
order_R1913_1_콜드브루,1913,2026-09-08T02:21:00,5500,completed,False
order_R1913_2_콜드브루,1913,2026-02-27T23:47:00,16500,completed,False
order_R1913_3_콜드브루,1913,2026-02-12T15:19:00,5500,completed,False
order_R1913_4_콜드브루,1913,2026-09-30T10:38:00,5500,completed,False
order_R1913_0_레몬에이드,1913,2026-11-20T05:18:00,5500,completed,False
order_R1913_0_자몽에이드,1913,2026-01-20T11:29:00,16500,completed,False
order_R1914_0_레몬에이드,1914,2026-04-10T08:13:00,11000,completed,False
order_R1914_0_자몽에이드,1914,2026-05-12T04:53:00,5500,completed,False
order_R1914_0_딸기스무디,1914,2026-01-27T23:11:00,5500,completed,False
order_R1914_0_망고스무디,1914,2026-10-11T14:46:00,5500,completed,False
order_R1915_0_카페라떼_hot,1915,2026-07-23T21:06:00,5500,completed,False
order_R1915_0_카페라떼_ice,1915,2026-12-20T12:18:00,5500,completed,False
order_R1915_0_녹차라떼,1915,2026-08-08T11:30:00,5500,completed,False
order_R1915_0_캐모마일티,1915,2026-06-08T23:51:00,5500,completed,False
order_R1916_0_카페라떼_hot,1916,2026-01-27T17:03:00,5500,completed,False
order_R1916_0_카페라떼_ice,1916,2026-04-19T16:28:00,5500,completed,False
order_R1916_0_바닐라라떼,1916,2026-01-13T22:55:00,5500,completed,False
order_R1916_0_카라멜마끼아또,1916,2026-07-11T15:38:00,5500,completed,False
order_R1916_0_딸기스무디,1916,2026-01-19T03:38:00,5500,completed,False
order_R1916_0_망고스무디,1916,2026-08-20T01:30:00,5500,completed,False
order_R1917_0_에스프레소,1917,2026-01-23T09:37:00,11000,completed,False
order_R1917_0_카페라떼_hot,1917,2026-01-29T13:00:00,11000,completed,False
order_R1917_0_카페라떼_ice,1917,2026-02-24T19:06:00,11000,completed,False
order_R1917_0_바닐라라떼,1917,2026-01-21T07:21:00,11000,completed,False
order_R1917_0_카라멜마끼아또,1917,2026-01-10T18:11:00,11000,completed,False
order_R1917_0_복숭아아이스티,1917,2026-03-10T17:08:00,5500,completed,False
order_R1917_0_자몽허니블랙티,1917,2026-07-13T11:03:00,11000,completed,False
order_R1917_0_레몬에이드,1917,2026-08-20T06:06:00,11000,completed,False
order_R1917_0_자몽에이드,1917,2026-09-21T20:33:00,5500,completed,False
order_R1918_0_바닐라라떼,1918,2026-01-23T21:04:00,16500,completed,False
order_R1918_0_카라멜마끼아또,1918,2026-12-27T20:26:00,5500,completed,False
order_R1918_0_녹차라떼,1918,2026-06-18T11:59:00,5500,completed,False
order_R1918_0_캐모마일티,1918,2026-11-04T22:38:00,11000,completed,False
order_R1918_0_레몬에이드,1918,2026-10-02T11:02:00,5500,completed,False
order_R1918_0_자몽에이드,1918,2026-12-06T08:36:00,5500,completed,False
order_R1919_0_아메리카노_hot,1919,2026-12-19T10:32:00,11000,completed,False
order_R1919_0_아메리카노_ice,1919,2026-05-28T17:56:00,16500,completed,False
order_R1919_0_콜드브루라떼,1919,2026-11-02T20:49:00,11000,completed,False
order_R1919_0_프라푸치노,1919,2026-09-02T08:32:00,11000,completed,False
order_R1919_0_말차프라페,1919,2026-09-22T12:02:00,11000,completed,False
order_R1920_0_아메리카노_hot,1920,2026-02-16T22:23:00,5500,completed,False
order_R1920_0_아메리카노_ice,1920,2026-08-15T16:44:00,5500,completed,False
order_R1920_0_바닐라라떼,1920,2026-01-23T10:13:00,11000,completed,False
order_R1920_0_카라멜마끼아또,1920,2026-03-22T18:25:00,5500,completed,False
order_R1920_0_레몬에이드,1920,2026-07-18T19:19:00,5500,completed,False
order_R1920_0_자몽에이드,1920,2026-03-23T18:55:00,5500,completed,False
order_R1921_0_에스프레소,1921,2026-01-14T19:10:00,5500,completed,False
order_R1921_1_에스프레소,1921,2026-11-02T01:43:00,11000,completed,False
order_R1921_2_에스프레소,1921,2026-12-01T19:28:00,11000,completed,False
order_R1921_0_바닐라라떼,1921,2026-09-11T21:32:00,5500,completed,False
order_R1921_0_카라멜마끼아또,1921,2026-08-14T23:43:00,5500,completed,False
order_R1922_0_아메리카노_hot,1922,2026-05-13T01:19:00,5500,completed,False
order_R1922_0_아메리카노_ice,1922,2026-07-12T14:08:00,11000,completed,False
order_R1922_0_바닐라라떼,1922,2026-10-21T19:31:00,11000,completed,False
order_R1922_0_카라멜마끼아또,1922,2026-03-17T11:11:00,16500,completed,False
order_R1922_0_복숭아아이스티,1922,2026-06-08T06:02:00,5500,completed,False
order_R1922_0_자몽허니블랙티,1922,2026-10-01T08:18:00,11000,completed,False
order_R1922_0_레몬에이드,1922,2026-06-06T07:39:00,16500,completed,False
order_R1922_0_자몽에이드,1922,2026-05-01T06:15:00,11000,completed,False
order_R1923_0_아메리카노_hot,1923,2026-05-16T14:24:00,5500,completed,False
order_R1923_0_아메리카노_ice,1923,2026-02-24T17:11:00,5500,completed,False
order_R1923_0_바닐라라떼,1923,2026-04-08T13:17:00,5500,completed,False
order_R1923_0_카라멜마끼아또,1923,2026-08-19T07:54:00,16500,completed,False
order_R1923_0_프라푸치노,1923,2026-02-14T21:29:00,5500,completed,False
order_R1923_0_말차프라페,1923,2026-11-27T19:39:00,5500,completed,False
order_R1924_0_아메리카노_hot,1924,2026-01-05T23:19:00,11000,completed,False
order_R1924_0_아메리카노_ice,1924,2026-04-04T13:54:00,5500,completed,False
order_R1924_0_복숭아아이스티,1924,2026-01-27T06:56:00,11000,completed,False
order_R1924_0_자몽허니블랙티,1924,2026-09-15T19:53:00,11000,completed,False
order_R1925_0_바닐라라떼,1925,2026-04-03T22:36:00,5500,completed,False
order_R1925_0_카라멜마끼아또,1925,2026-03-24T05:27:00,11000,completed,False
order_R1926_0_콜드브루라떼,1926,2026-07-23T13:24:00,5500,completed,False
order_R1926_1_콜드브루라떼,1926,2026-04-24T22:14:00,5500,completed,False
order_R1926_2_콜드브루라떼,1926,2026-10-19T07:14:00,11000,completed,False
order_R1926_3_콜드브루라떼,1926,2026-04-07T15:51:00,5500,completed,False
order_R1926_4_콜드브루라떼,1926,2026-10-04T13:12:00,11000,completed,False
order_R1926_5_콜드브루라떼,1926,2026-08-09T14:20:00,5500,completed,False
order_R1926_0_복숭아아이스티,1926,2026-10-05T11:43:00,11000,completed,False
order_R1926_0_자몽허니블랙티,1926,2026-03-05T09:51:00,11000,completed,False
order_R1927_0_콜드브루라떼,1927,2026-05-08T13:34:00,11000,completed,False
order_R1927_0_바닐라라떼,1927,2026-06-09T14:47:00,5500,completed,False
order_R1927_0_카라멜마끼아또,1927,2026-03-26T20:53:00,11000,completed,False
order_R1927_0_녹차라떼,1927,2026-10-28T08:51:00,11000,completed,False
order_R1927_0_캐모마일티,1927,2026-08-18T22:01:00,11000,completed,False
order_R1927_0_레몬에이드,1927,2026-08-24T12:50:00,11000,completed,False
order_R1927_0_자몽에이드,1927,2026-05-20T14:04:00,5500,completed,False
order_R1927_0_딸기스무디,1927,2026-12-12T10:08:00,5500,completed,False
order_R1927_0_망고스무디,1927,2026-12-30T11:28:00,5500,completed,False
order_R1928_0_아메리카노_hot,1928,2026-11-08T22:44:00,5500,completed,False
order_R1928_0_아메리카노_ice,1928,2026-06-12T03:08:00,16500,completed,False
order_R1929_0_아메리카노_hot,1929,2026-01-06T09:51:00,5500,completed,False
order_R1929_0_아메리카노_ice,1929,2026-01-13T17:57:00,11000,completed,False
order_R1929_0_레몬에이드,1929,2026-06-17T18:31:00,11000,completed,False
order_R1929_0_자몽에이드,1929,2026-11-02T19:24:00,5500,completed,False
order_R1930_0_딸기스무디,1930,2026-07-04T19:00:00,11000,completed,False
order_R1930_0_망고스무디,1930,2026-03-11T11:07:00,16500,completed,False
order_R1931_0_아메리카노_hot,1931,2026-10-31T19:24:00,5500,completed,False
order_R1931_0_아메리카노_ice,1931,2026-01-01T01:59:00,16500,completed,False
order_R1931_0_카페라떼_hot,1931,2026-09-17T19:46:00,11000,completed,False
order_R1931_0_카페라떼_ice,1931,2026-06-09T12:33:00,16500,completed,False
order_R1931_0_드립커피,1931,2026-12-12T04:01:00,11000,completed,False
order_R1932_0_콜드브루,1932,2026-09-03T23:58:00,11000,completed,False
order_R1932_1_콜드브루,1932,2026-09-11T15:30:00,5500,completed,False
order_R1932_0_레몬에이드,1932,2026-05-22T06:04:00,11000,completed,False
order_R1932_0_자몽에이드,1932,2026-06-16T18:05:00,5500,completed,False
order_R1933_0_에스프레소,1933,2026-01-03T14:39:00,16500,completed,False
order_R1933_0_카페라떼_hot,1933,2026-03-05T16:00:00,16500,completed,False
order_R1933_0_카페라떼_ice,1933,2026-06-30T18:56:00,11000,completed,False
order_R1933_0_프라푸치노,1933,2026-12-11T11:17:00,11000,completed,False
order_R1933_0_말차프라페,1933,2026-11-04T15:09:00,11000,completed,False
order_R1933_0_레몬에이드,1933,2026-07-07T13:59:00,11000,completed,False
order_R1933_0_자몽에이드,1933,2026-03-03T15:43:00,11000,completed,False
order_R1934_0_콜드브루라떼,1934,2026-10-19T01:27:00,5500,completed,False
order_R1934_0_녹차라떼,1934,2026-01-18T20:59:00,5500,completed,False
order_R1934_0_캐모마일티,1934,2026-08-19T15:59:00,5500,completed,False
order_R1934_0_복숭아아이스티,1934,2026-05-10T06:17:00,11000,completed,False
order_R1934_0_자몽허니블랙티,1934,2026-04-07T12:50:00,11000,completed,False
order_R1935_0_카페라떼_hot,1935,2026-12-25T19:25:00,11000,completed,False
order_R1935_0_카페라떼_ice,1935,2026-06-10T00:07:00,11000,completed,False
order_R1935_0_바닐라라떼,1935,2026-07-13T11:32:00,16500,completed,False
order_R1935_0_카라멜마끼아또,1935,2026-08-30T17:24:00,5500,completed,False
order_R1937_0_아메리카노_hot,1937,2026-08-06T11:56:00,11000,completed,False
order_R1937_0_아메리카노_ice,1937,2026-01-05T11:37:00,11000,completed,False
order_R1937_0_프라푸치노,1937,2026-12-19T06:15:00,11000,completed,False
order_R1937_0_말차프라페,1937,2026-12-26T06:02:00,5500,completed,False
order_R1938_0_아메리카노_hot,1938,2026-02-19T16:30:00,5500,completed,False
order_R1938_0_아메리카노_ice,1938,2026-09-13T21:36:00,5500,completed,False
order_R1938_0_카페라떼_hot,1938,2026-11-21T15:14:00,5500,completed,False
order_R1938_0_카페라떼_ice,1938,2026-03-01T07:12:00,5500,completed,False
order_R1938_0_바닐라라떼,1938,2026-12-29T08:12:00,16500,completed,False
order_R1938_0_카라멜마끼아또,1938,2026-01-26T17:15:00,11000,completed,False
order_R1938_0_복숭아아이스티,1938,2026-11-22T13:43:00,16500,completed,False
order_R1938_0_자몽허니블랙티,1938,2026-08-01T10:14:00,5500,completed,False
order_R1938_0_레몬에이드,1938,2026-11-29T12:38:00,5500,completed,False
order_R1938_0_자몽에이드,1938,2026-05-06T18:58:00,11000,completed,False
order_R1939_0_카페라떼_hot,1939,2026-06-10T10:27:00,11000,completed,False
order_R1939_0_카페라떼_ice,1939,2026-10-25T17:25:00,5500,completed,False
order_R1939_0_레몬에이드,1939,2026-08-10T00:42:00,5500,completed,False
order_R1939_0_자몽에이드,1939,2026-01-29T17:35:00,11000,completed,False
order_R1940_0_아메리카노_hot,1940,2026-04-18T06:46:00,5500,completed,False
order_R1940_0_아메리카노_ice,1940,2026-03-04T07:10:00,5500,completed,False
order_R1940_0_바닐라라떼,1940,2026-08-22T19:56:00,5500,completed,False
order_R1940_0_카라멜마끼아또,1940,2026-01-12T17:47:00,11000,completed,False
order_R1941_0_아메리카노_hot,1941,2026-01-05T10:12:00,11000,completed,False
order_R1941_0_아메리카노_ice,1941,2026-12-14T14:38:00,5500,completed,False
order_R1941_0_카페라떼_hot,1941,2026-10-09T08:23:00,11000,completed,False
order_R1941_0_카페라떼_ice,1941,2026-09-24T23:03:00,5500,completed,False
order_R1941_0_녹차라떼,1941,2026-05-29T02:58:00,5500,completed,False
order_R1941_0_캐모마일티,1941,2026-07-03T21:48:00,5500,completed,False
order_R1941_0_레몬에이드,1941,2026-11-19T06:11:00,5500,completed,False
order_R1941_0_자몽에이드,1941,2026-03-15T02:41:00,5500,completed,False
order_R1942_0_아메리카노_hot,1942,2026-12-24T12:33:00,5500,completed,False
order_R1942_0_아메리카노_ice,1942,2026-10-06T20:12:00,11000,completed,False
order_R1942_0_콜드브루,1942,2026-11-08T16:05:00,5500,completed,False
order_R1942_1_콜드브루,1942,2026-04-15T16:14:00,5500,completed,False
order_R1942_2_콜드브루,1942,2026-02-05T23:45:00,11000,completed,False
order_R1942_0_바닐라라떼,1942,2026-03-10T09:02:00,5500,completed,False
order_R1942_0_카라멜마끼아또,1942,2026-08-02T07:41:00,5500,completed,False
order_R1942_0_레몬에이드,1942,2026-11-02T14:51:00,5500,completed,False
order_R1942_0_자몽에이드,1942,2026-02-22T18:54:00,11000,completed,False
order_R1943_0_에스프레소,1943,2026-09-14T15:41:00,5500,completed,False
order_R1943_0_아메리카노_hot,1943,2026-09-17T21:13:00,5500,completed,False
order_R1943_0_아메리카노_ice,1943,2026-02-24T09:13:00,11000,completed,False
order_R1943_0_카페라떼_hot,1943,2026-03-22T19:39:00,11000,completed,False
order_R1943_0_카페라떼_ice,1943,2026-05-19T23:47:00,11000,completed,False
order_R1943_0_프라푸치노,1943,2026-01-31T04:29:00,5500,completed,False
order_R1943_0_말차프라페,1943,2026-03-18T22:43:00,5500,completed,False
order_R1943_0_녹차라떼,1943,2026-06-13T17:43:00,16500,completed,False
order_R1943_0_캐모마일티,1943,2026-11-18T07:57:00,5500,completed,False
order_R1943_0_레몬에이드,1943,2026-04-20T21:31:00,5500,completed,False
order_R1943_0_자몽에이드,1943,2026-11-28T11:26:00,5500,completed,False
order_R1944_0_아메리카노_hot,1944,2026-11-13T21:02:00,16500,completed,False
order_R1944_0_아메리카노_ice,1944,2026-10-29T22:13:00,5500,completed,False
order_R1945_0_아메리카노_hot,1945,2026-06-27T17:45:00,11000,completed,False
order_R1945_0_아메리카노_ice,1945,2026-03-04T09:17:00,11000,completed,False
order_R1945_0_카페라떼_hot,1945,2026-02-05T11:59:00,5500,completed,False
order_R1945_0_카페라떼_ice,1945,2026-05-09T13:11:00,5500,completed,False
order_R1945_0_바닐라라떼,1945,2026-09-26T15:44:00,16500,completed,False
order_R1945_0_카라멜마끼아또,1945,2026-12-30T23:55:00,5500,completed,False
order_R1945_0_녹차라떼,1945,2026-11-13T17:44:00,5500,completed,False
order_R1945_0_캐모마일티,1945,2026-05-12T12:56:00,5500,completed,False
order_R1945_0_복숭아아이스티,1945,2026-02-20T23:14:00,5500,completed,False
order_R1945_0_자몽허니블랙티,1945,2026-03-19T10:35:00,16500,completed,False
order_R1945_0_레몬에이드,1945,2026-09-17T21:39:00,5500,completed,False
order_R1945_0_자몽에이드,1945,2026-11-01T09:16:00,16500,completed,False
order_R1946_0_바닐라라떼,1946,2026-04-12T14:20:00,5500,completed,False
order_R1946_0_카라멜마끼아또,1946,2026-06-21T15:37:00,5500,completed,False
order_R1946_0_딸기스무디,1946,2026-05-20T12:28:00,5500,completed,False
order_R1946_0_망고스무디,1946,2026-01-02T14:59:00,11000,completed,False
order_R1947_0_아메리카노_hot,1947,2026-04-23T04:51:00,5500,completed,False
order_R1947_0_아메리카노_ice,1947,2026-06-04T18:36:00,5500,completed,False
order_R1947_0_카페라떼_hot,1947,2026-03-30T23:14:00,11000,completed,False
order_R1947_0_카페라떼_ice,1947,2026-10-10T06:56:00,11000,completed,False
order_R1948_0_아메리카노_hot,1948,2026-10-31T01:43:00,5500,completed,False
order_R1948_0_아메리카노_ice,1948,2026-04-18T09:48:00,5500,completed,False
order_R1948_0_카페라떼_hot,1948,2026-04-19T09:30:00,11000,completed,False
order_R1948_0_카페라떼_ice,1948,2026-03-17T12:03:00,5500,completed,False
order_R1948_0_바닐라라떼,1948,2026-01-30T09:26:00,5500,completed,False
order_R1948_0_카라멜마끼아또,1948,2026-09-11T23:41:00,5500,completed,False
order_R1948_0_레몬에이드,1948,2026-03-14T14:56:00,11000,completed,False
order_R1948_0_자몽에이드,1948,2026-12-13T17:09:00,11000,completed,False
order_R1949_0_아메리카노_hot,1949,2026-11-13T09:21:00,11000,completed,False
order_R1949_0_아메리카노_ice,1949,2026-09-24T16:13:00,11000,completed,False
order_R1949_0_녹차라떼,1949,2026-05-27T00:37:00,5500,completed,False
order_R1949_0_캐모마일티,1949,2026-10-24T11:18:00,5500,completed,False
order_R1950_0_아메리카노_hot,1950,2026-12-21T10:49:00,5500,completed,False
order_R1950_0_아메리카노_ice,1950,2026-05-28T15:21:00,5500,completed,False
order_R1950_0_콜드브루라떼,1950,2026-10-20T20:18:00,5500,completed,False
order_R1950_1_콜드브루라떼,1950,2026-03-04T11:59:00,11000,completed,False
order_R1951_0_콜드브루라떼,1951,2026-10-16T16:22:00,5500,completed,False
order_R1951_1_콜드브루라떼,1951,2026-04-09T11:49:00,16500,completed,False
order_R1951_0_녹차라떼,1951,2026-01-23T11:52:00,11000,completed,False
order_R1951_0_캐모마일티,1951,2026-12-17T19:26:00,16500,completed,False
order_R1951_0_레몬에이드,1951,2026-08-11T18:23:00,5500,completed,False
order_R1951_0_자몽에이드,1951,2026-04-10T22:35:00,11000,completed,False
order_R1951_0_딸기스무디,1951,2026-05-10T16:03:00,11000,completed,False
order_R1951_0_망고스무디,1951,2026-09-17T02:54:00,5500,completed,False
order_R1952_0_아메리카노_hot,1952,2026-01-06T18:49:00,5500,completed,False
order_R1952_0_아메리카노_ice,1952,2026-09-28T08:11:00,5500,completed,False
order_R1952_0_카페라떼_hot,1952,2026-09-18T04:54:00,5500,completed,False
order_R1952_0_카페라떼_ice,1952,2026-04-17T14:32:00,5500,completed,False
order_R1952_0_바닐라라떼,1952,2026-02-26T16:57:00,5500,completed,False
order_R1952_0_카라멜마끼아또,1952,2026-12-11T06:43:00,5500,completed,False
order_R1952_0_복숭아아이스티,1952,2026-11-05T14:49:00,11000,completed,False
order_R1952_0_자몽허니블랙티,1952,2026-05-23T11:54:00,5500,completed,False
order_R1953_0_아메리카노_hot,1953,2026-07-01T15:24:00,11000,completed,False
order_R1953_0_아메리카노_ice,1953,2026-01-16T12:31:00,5500,completed,False
order_R1953_0_드립커피,1953,2026-08-19T18:32:00,5500,completed,False
order_R1953_0_바닐라라떼,1953,2026-08-18T20:08:00,5500,completed,False
order_R1953_0_카라멜마끼아또,1953,2026-04-26T16:23:00,5500,completed,False
order_R1953_0_복숭아아이스티,1953,2026-10-30T18:54:00,5500,completed,False
order_R1953_0_자몽허니블랙티,1953,2026-06-10T19:50:00,11000,completed,False
order_R1954_0_아메리카노_hot,1954,2026-11-05T20:35:00,16500,completed,False
order_R1954_0_아메리카노_ice,1954,2026-08-30T14:22:00,11000,completed,False
order_R1954_0_카페라떼_hot,1954,2026-08-17T04:32:00,5500,completed,False
order_R1954_0_카페라떼_ice,1954,2026-05-17T14:26:00,5500,completed,False
order_R1955_0_아메리카노_hot,1955,2026-11-23T15:13:00,5500,completed,False
order_R1955_0_아메리카노_ice,1955,2026-08-30T21:52:00,5500,completed,False
order_R1955_0_바닐라라떼,1955,2026-07-04T11:47:00,16500,completed,False
order_R1955_0_카라멜마끼아또,1955,2026-08-22T11:10:00,5500,completed,False
order_R1956_0_드립커피,1956,2026-08-21T09:36:00,5500,completed,False
order_R1956_0_딸기스무디,1956,2026-03-29T00:06:00,11000,completed,False
order_R1956_0_망고스무디,1956,2026-04-07T12:16:00,5500,completed,False
order_R1957_0_에스프레소,1957,2026-11-09T14:00:00,5500,completed,False
order_R1957_1_에스프레소,1957,2026-06-09T19:50:00,11000,completed,False
order_R1957_2_에스프레소,1957,2026-11-25T11:58:00,16500,completed,False
order_R1957_0_아메리카노_hot,1957,2026-02-16T08:26:00,11000,completed,False
order_R1957_0_아메리카노_ice,1957,2026-08-17T18:38:00,5500,completed,False
order_R1957_0_카페라떼_hot,1957,2026-05-20T07:45:00,11000,completed,False
order_R1957_0_카페라떼_ice,1957,2026-04-14T15:23:00,11000,completed,False
order_R1958_0_아메리카노_hot,1958,2026-03-27T19:08:00,11000,completed,False
order_R1958_0_아메리카노_ice,1958,2026-10-08T18:38:00,5500,completed,False
order_R1958_0_바닐라라떼,1958,2026-05-05T10:15:00,5500,completed,False
order_R1958_0_카라멜마끼아또,1958,2026-07-18T08:22:00,5500,completed,False
order_R1958_0_복숭아아이스티,1958,2026-12-24T04:01:00,5500,completed,False
order_R1958_0_자몽허니블랙티,1958,2026-11-05T13:12:00,5500,completed,False
order_R1958_0_레몬에이드,1958,2026-01-27T17:43:00,5500,completed,False
order_R1958_0_자몽에이드,1958,2026-03-28T13:24:00,11000,completed,False
order_R1958_0_딸기스무디,1958,2026-01-30T10:54:00,16500,completed,False
order_R1958_0_망고스무디,1958,2026-06-24T23:40:00,5500,completed,False
order_R1959_0_아메리카노_hot,1959,2026-10-31T07:15:00,5500,completed,False
order_R1959_0_아메리카노_ice,1959,2026-05-26T14:25:00,11000,completed,False
order_R1959_0_카페라떼_hot,1959,2026-02-28T09:03:00,11000,completed,False
order_R1959_0_카페라떼_ice,1959,2026-06-26T21:55:00,5500,completed,False
order_R1959_0_드립커피,1959,2026-03-30T09:43:00,5500,completed,False
order_R1960_0_아메리카노_hot,1960,2026-09-30T07:34:00,5500,completed,False
order_R1960_0_아메리카노_ice,1960,2026-04-10T15:59:00,5500,completed,False
order_R1960_0_카페라떼_hot,1960,2026-11-19T09:51:00,5500,completed,False
order_R1960_0_카페라떼_ice,1960,2026-04-22T19:53:00,5500,completed,False
order_R1961_0_아메리카노_hot,1961,2026-08-01T11:42:00,5500,completed,False
order_R1961_0_아메리카노_ice,1961,2026-02-26T08:31:00,11000,completed,False
order_R1961_0_콜드브루라떼,1961,2026-10-02T19:34:00,5500,completed,False
order_R1961_0_바닐라라떼,1961,2026-02-20T08:11:00,5500,completed,False
order_R1961_0_카라멜마끼아또,1961,2026-10-15T22:19:00,11000,completed,False
order_R1961_0_복숭아아이스티,1961,2026-11-17T18:36:00,5500,completed,False
order_R1961_0_자몽허니블랙티,1961,2026-11-16T17:22:00,11000,completed,False
order_R1962_0_드립커피,1962,2026-06-26T19:27:00,5500,completed,False
order_R1963_0_카페라떼_hot,1963,2026-07-31T08:48:00,11000,completed,False
order_R1963_0_카페라떼_ice,1963,2026-11-01T14:27:00,5500,completed,False
order_R1963_0_바닐라라떼,1963,2026-01-05T21:39:00,5500,completed,False
order_R1963_0_카라멜마끼아또,1963,2026-04-20T18:57:00,5500,completed,False
order_R1963_0_레몬에이드,1963,2026-05-01T14:38:00,11000,completed,False
order_R1963_0_자몽에이드,1963,2026-10-02T06:55:00,11000,completed,False
order_R1963_0_딸기스무디,1963,2026-01-04T21:41:00,11000,completed,False
order_R1963_0_망고스무디,1963,2026-07-22T11:57:00,5500,completed,False
order_R1964_0_아메리카노_hot,1964,2026-10-08T20:20:00,5500,completed,False
order_R1964_0_아메리카노_ice,1964,2026-03-03T04:18:00,5500,completed,False
order_R1964_0_카페라떼_hot,1964,2026-12-11T11:55:00,11000,completed,False
order_R1964_0_카페라떼_ice,1964,2026-10-17T17:05:00,5500,completed,False
order_R1965_0_에스프레소,1965,2026-06-20T17:31:00,16500,completed,False
order_R1965_0_아메리카노_hot,1965,2026-11-01T12:40:00,5500,completed,False
order_R1965_0_아메리카노_ice,1965,2026-10-03T20:51:00,5500,completed,False
order_R1965_0_바닐라라떼,1965,2026-12-21T12:23:00,11000,completed,False
order_R1965_0_카라멜마끼아또,1965,2026-08-09T18:26:00,16500,completed,False
order_R1965_0_레몬에이드,1965,2026-03-06T07:49:00,11000,completed,False
order_R1965_0_자몽에이드,1965,2026-08-10T07:06:00,16500,completed,False
order_R1965_0_딸기스무디,1965,2026-01-27T13:01:00,11000,completed,False
order_R1965_0_망고스무디,1965,2026-11-14T22:52:00,11000,completed,False
order_R1966_0_아메리카노_hot,1966,2026-02-28T14:03:00,11000,completed,False
order_R1966_0_아메리카노_ice,1966,2026-02-13T23:52:00,5500,completed,False
order_R1966_0_카페라떼_hot,1966,2026-08-15T21:15:00,11000,completed,False
order_R1966_0_카페라떼_ice,1966,2026-11-30T11:00:00,5500,completed,False
order_R1966_0_레몬에이드,1966,2026-08-09T09:04:00,5500,completed,False
order_R1966_0_자몽에이드,1966,2026-02-24T15:43:00,5500,completed,False
order_R1967_0_아메리카노_hot,1967,2026-08-04T08:17:00,5500,completed,False
order_R1967_0_아메리카노_ice,1967,2026-12-04T00:48:00,11000,completed,False
order_R1967_0_카페라떼_hot,1967,2026-09-15T13:58:00,5500,completed,False
order_R1967_0_카페라떼_ice,1967,2026-03-21T17:58:00,5500,completed,False
order_R1967_0_콜드브루,1967,2026-02-17T15:27:00,5500,completed,False
order_R1967_0_프라푸치노,1967,2026-06-02T06:10:00,5500,completed,False
order_R1967_0_말차프라페,1967,2026-09-13T05:12:00,11000,completed,False
order_R1968_0_아메리카노_hot,1968,2026-03-07T23:48:00,11000,completed,False
order_R1968_0_아메리카노_ice,1968,2026-05-31T09:08:00,5500,completed,False
order_R1970_0_아메리카노_hot,1970,2026-09-07T21:33:00,5500,completed,False
order_R1970_0_아메리카노_ice,1970,2026-07-07T12:09:00,11000,completed,False
order_R1970_0_카페라떼_hot,1970,2026-05-09T16:44:00,5500,completed,False
order_R1970_0_카페라떼_ice,1970,2026-07-18T13:12:00,5500,completed,False
order_R1970_0_녹차라떼,1970,2026-04-09T22:42:00,11000,completed,False
order_R1970_0_캐모마일티,1970,2026-09-12T20:45:00,11000,completed,False
order_R1970_0_복숭아아이스티,1970,2026-02-04T20:09:00,5500,completed,False
order_R1970_0_자몽허니블랙티,1970,2026-04-05T19:54:00,16500,completed,False
order_R1970_0_딸기스무디,1970,2026-12-13T21:45:00,5500,completed,False
order_R1970_0_망고스무디,1970,2026-06-28T16:30:00,5500,completed,False
order_R1971_0_아메리카노_hot,1971,2026-03-22T11:58:00,5500,completed,False
order_R1971_0_아메리카노_ice,1971,2026-12-24T20:26:00,5500,completed,False
order_R1971_0_카페라떼_hot,1971,2026-03-21T12:28:00,11000,completed,False
order_R1971_0_카페라떼_ice,1971,2026-08-30T23:05:00,11000,completed,False
order_R1972_0_카페라떼_hot,1972,2026-02-20T14:17:00,5500,completed,False
order_R1972_0_카페라떼_ice,1972,2026-09-16T23:49:00,5500,completed,False
order_R1972_0_바닐라라떼,1972,2026-10-06T11:17:00,11000,completed,False
order_R1972_0_카라멜마끼아또,1972,2026-03-14T21:48:00,5500,completed,False
order_R1973_0_아메리카노_hot,1973,2026-10-05T12:20:00,11000,completed,False
order_R1973_0_아메리카노_ice,1973,2026-01-02T17:42:00,11000,completed,False
order_R1974_0_아메리카노_hot,1974,2026-03-08T21:05:00,5500,completed,False
order_R1974_0_아메리카노_ice,1974,2026-09-08T07:51:00,5500,completed,False
order_R1974_0_카페라떼_hot,1974,2026-03-01T19:19:00,5500,completed,False
order_R1974_0_카페라떼_ice,1974,2026-03-28T13:58:00,16500,completed,False
order_R1974_0_프라푸치노,1974,2026-10-26T22:11:00,16500,completed,False
order_R1974_0_말차프라페,1974,2026-09-20T19:54:00,5500,completed,False
order_R1974_0_복숭아아이스티,1974,2026-11-24T09:31:00,11000,completed,False
order_R1974_0_자몽허니블랙티,1974,2026-01-24T15:14:00,11000,completed,False
order_R1975_0_아메리카노_hot,1975,2026-09-30T13:30:00,5500,completed,False
order_R1975_0_아메리카노_ice,1975,2026-02-05T07:13:00,16500,completed,False
order_R1975_0_카페라떼_hot,1975,2026-08-24T07:29:00,5500,completed,False
order_R1975_0_카페라떼_ice,1975,2026-07-05T14:14:00,5500,completed,False
order_R1975_0_바닐라라떼,1975,2026-09-07T12:22:00,11000,completed,False
order_R1975_0_카라멜마끼아또,1975,2026-06-07T21:59:00,11000,completed,False
order_R1975_0_프라푸치노,1975,2026-12-12T17:52:00,5500,completed,False
order_R1975_0_말차프라페,1975,2026-01-18T12:00:00,5500,completed,False
order_R1976_0_아메리카노_hot,1976,2026-09-25T06:37:00,11000,completed,False
order_R1976_0_아메리카노_ice,1976,2026-10-17T13:56:00,5500,completed,False
order_R1976_0_바닐라라떼,1976,2026-03-04T03:05:00,16500,completed,False
order_R1976_0_카라멜마끼아또,1976,2026-10-13T06:28:00,11000,completed,False
order_R1977_0_에스프레소,1977,2026-08-13T22:37:00,5500,completed,False
order_R1977_0_아메리카노_hot,1977,2026-12-23T23:18:00,5500,completed,False
order_R1977_0_아메리카노_ice,1977,2026-02-12T08:05:00,11000,completed,False
order_R1977_0_카푸치노,1977,2026-06-27T17:14:00,16500,completed,False
order_R1977_0_콜드브루,1977,2026-05-17T14:04:00,5500,completed,False
order_R1977_0_드립커피,1977,2026-03-28T12:46:00,5500,completed,False
order_R1977_0_바닐라라떼,1977,2026-05-09T11:21:00,5500,completed,False
order_R1977_0_카라멜마끼아또,1977,2026-01-15T06:51:00,5500,completed,False
order_R1977_0_레몬에이드,1977,2026-07-20T02:37:00,11000,completed,False
order_R1977_0_자몽에이드,1977,2026-06-02T21:07:00,11000,completed,False
order_R1978_0_에스프레소,1978,2026-05-23T19:57:00,5500,completed,False
order_R1978_0_아메리카노_hot,1978,2026-05-24T20:04:00,5500,completed,False
order_R1978_0_아메리카노_ice,1978,2026-01-23T18:12:00,5500,completed,False
order_R1978_0_카푸치노,1978,2026-07-08T03:30:00,11000,completed,False
order_R1978_0_바닐라라떼,1978,2026-09-21T13:37:00,5500,completed,False
order_R1978_0_카라멜마끼아또,1978,2026-04-21T18:20:00,5500,completed,False
order_R1978_0_레몬에이드,1978,2026-10-19T17:39:00,5500,completed,False
order_R1978_0_자몽에이드,1978,2026-02-15T19:50:00,11000,completed,False
order_R1979_0_콜드브루,1979,2026-06-07T13:07:00,5500,completed,False
order_R1979_1_콜드브루,1979,2026-04-14T06:59:00,16500,completed,False
order_R1979_2_콜드브루,1979,2026-04-25T20:21:00,11000,completed,False
order_R1979_3_콜드브루,1979,2026-05-27T21:02:00,5500,completed,False
order_R1979_4_콜드브루,1979,2026-02-13T11:41:00,5500,completed,False
order_R1979_5_콜드브루,1979,2026-06-25T21:00:00,11000,completed,False
order_R1980_0_카페라떼_hot,1980,2026-03-21T10:09:00,5500,completed,False
order_R1980_0_카페라떼_ice,1980,2026-06-15T04:17:00,11000,completed,False
order_R1980_0_콜드브루,1980,2026-04-13T19:13:00,5500,completed,False
order_R1981_0_카페라떼_hot,1981,2026-05-21T06:10:00,11000,completed,False
order_R1981_0_카페라떼_ice,1981,2026-04-25T13:38:00,5500,completed,False
order_R1981_0_레몬에이드,1981,2026-09-28T15:49:00,11000,completed,False
order_R1981_0_자몽에이드,1981,2026-01-08T12:16:00,5500,completed,False
order_R1982_0_딸기스무디,1982,2026-08-10T17:38:00,5500,completed,False
order_R1982_0_망고스무디,1982,2026-08-22T19:32:00,5500,completed,False
order_R1983_0_아메리카노_hot,1983,2026-09-20T13:25:00,11000,completed,False
order_R1983_0_아메리카노_ice,1983,2026-05-14T21:27:00,11000,completed,False
order_R1983_0_카페라떼_hot,1983,2026-07-07T21:33:00,16500,completed,False
order_R1983_0_카페라떼_ice,1983,2026-03-16T11:27:00,5500,completed,False
order_R1983_0_복숭아아이스티,1983,2026-04-24T10:11:00,11000,completed,False
order_R1983_0_자몽허니블랙티,1983,2026-02-07T17:39:00,11000,completed,False
order_R1983_0_레몬에이드,1983,2026-02-19T19:05:00,5500,completed,False
order_R1983_0_자몽에이드,1983,2026-02-21T12:47:00,5500,completed,False
order_R1984_0_아메리카노_hot,1984,2026-11-16T19:41:00,11000,completed,False
order_R1984_0_아메리카노_ice,1984,2026-08-07T16:18:00,11000,completed,False
order_R1984_0_드립커피,1984,2026-01-23T09:38:00,16500,completed,False
order_R1984_0_바닐라라떼,1984,2026-05-18T19:35:00,5500,completed,False
order_R1984_0_카라멜마끼아또,1984,2026-08-31T00:51:00,16500,completed,False
order_R1985_0_카페라떼_hot,1985,2026-02-22T14:15:00,11000,completed,False
order_R1985_0_카페라떼_ice,1985,2026-07-13T15:26:00,5500,completed,False
order_R1985_0_프라푸치노,1985,2026-03-18T01:00:00,5500,completed,False
order_R1985_0_말차프라페,1985,2026-07-16T13:22:00,5500,completed,False
order_R1986_0_아메리카노_hot,1986,2026-09-17T09:44:00,5500,completed,False
order_R1986_0_아메리카노_ice,1986,2026-03-29T15:18:00,11000,completed,False
order_R1986_0_카페라떼_hot,1986,2026-06-04T06:03:00,16500,completed,False
order_R1986_0_카페라떼_ice,1986,2026-04-28T01:27:00,16500,completed,False
order_R1987_0_바닐라라떼,1987,2026-05-19T15:46:00,5500,completed,False
order_R1987_0_카라멜마끼아또,1987,2026-06-05T10:27:00,16500,completed,False
order_R1987_0_복숭아아이스티,1987,2026-08-18T18:10:00,16500,completed,False
order_R1987_0_자몽허니블랙티,1987,2026-09-06T19:19:00,5500,completed,False
order_R1988_0_아메리카노_hot,1988,2026-01-14T18:57:00,11000,completed,False
order_R1988_0_아메리카노_ice,1988,2026-09-07T11:15:00,5500,completed,False
order_R1989_0_아메리카노_hot,1989,2026-11-13T07:45:00,11000,completed,False
order_R1989_0_아메리카노_ice,1989,2026-02-20T07:35:00,5500,completed,False
order_R1989_0_프라푸치노,1989,2026-02-11T23:06:00,16500,completed,False
order_R1989_0_말차프라페,1989,2026-10-27T09:56:00,5500,completed,False
order_R1989_0_녹차라떼,1989,2026-01-29T01:42:00,5500,completed,False
order_R1989_0_캐모마일티,1989,2026-06-30T23:34:00,5500,completed,False
order_R1989_0_레몬에이드,1989,2026-08-09T07:05:00,5500,completed,False
order_R1989_0_자몽에이드,1989,2026-12-11T06:29:00,5500,completed,False
order_R1990_0_아메리카노_hot,1990,2026-10-19T07:49:00,5500,completed,False
order_R1990_0_아메리카노_ice,1990,2026-09-08T11:28:00,5500,completed,False
order_R1990_0_카페라떼_hot,1990,2026-09-17T11:07:00,11000,completed,False
order_R1990_0_카페라떼_ice,1990,2026-02-20T09:28:00,5500,completed,False
order_R1991_0_에스프레소,1991,2026-01-30T06:32:00,5500,completed,False
order_R1991_0_복숭아아이스티,1991,2026-02-02T15:28:00,16500,completed,False
order_R1991_0_자몽허니블랙티,1991,2026-09-27T12:11:00,11000,completed,False
order_R1991_0_레몬에이드,1991,2026-02-17T11:35:00,5500,completed,False
order_R1991_0_자몽에이드,1991,2026-09-09T13:41:00,5500,completed,False
order_R1991_0_딸기스무디,1991,2026-01-08T06:44:00,5500,completed,False
order_R1991_0_망고스무디,1991,2026-04-24T15:25:00,5500,completed,False
order_R1992_0_녹차라떼,1992,2026-01-25T10:56:00,5500,completed,False
order_R1992_0_캐모마일티,1992,2026-04-29T17:52:00,5500,completed,False
order_R1993_0_아메리카노_hot,1993,2026-06-11T22:39:00,5500,completed,False
order_R1993_0_아메리카노_ice,1993,2026-10-21T10:41:00,5500,completed,False
order_R1993_0_카페라떼_hot,1993,2026-12-11T11:23:00,11000,completed,False
order_R1993_0_카페라떼_ice,1993,2026-04-10T21:04:00,16500,completed,False
order_R1994_0_아메리카노_hot,1994,2026-11-10T20:58:00,11000,completed,False
order_R1994_0_아메리카노_ice,1994,2026-02-06T13:34:00,5500,completed,False
order_R1994_0_레몬에이드,1994,2026-06-10T09:08:00,5500,completed,False
order_R1994_0_자몽에이드,1994,2026-05-08T10:32:00,5500,completed,False
order_R1995_0_카페라떼_hot,1995,2026-02-18T05:17:00,5500,completed,False
order_R1995_0_카페라떼_ice,1995,2026-03-09T17:40:00,16500,completed,False
order_R1996_0_프라푸치노,1996,2026-10-03T06:08:00,16500,completed,False
order_R1996_0_말차프라페,1996,2026-06-02T10:16:00,5500,completed,False
order_R1996_0_녹차라떼,1996,2026-03-06T16:05:00,5500,completed,False
order_R1996_0_캐모마일티,1996,2026-12-13T19:04:00,5500,completed,False
order_R1996_0_복숭아아이스티,1996,2026-02-25T08:09:00,5500,completed,False
order_R1996_0_자몽허니블랙티,1996,2026-08-20T23:29:00,5500,completed,False
order_R1996_0_레몬에이드,1996,2026-01-23T20:56:00,5500,completed,False
order_R1996_0_자몽에이드,1996,2026-05-29T03:50:00,16500,completed,False
order_R1997_0_아메리카노_hot,1997,2026-08-16T16:46:00,11000,completed,False
order_R1997_0_아메리카노_ice,1997,2026-07-30T21:56:00,11000,completed,False
order_R1997_0_카페라떼_hot,1997,2026-03-28T22:50:00,5500,completed,False
order_R1997_0_카페라떼_ice,1997,2026-01-03T13:02:00,5500,completed,False
order_R1997_0_프라푸치노,1997,2026-06-16T19:53:00,11000,completed,False
order_R1997_0_말차프라페,1997,2026-04-04T13:22:00,5500,completed,False
order_R1997_0_녹차라떼,1997,2026-05-24T03:38:00,5500,completed,False
order_R1997_0_캐모마일티,1997,2026-05-20T23:07:00,11000,completed,False
order_R1998_0_아메리카노_hot,1998,2026-12-17T08:07:00,5500,completed,False
order_R1998_0_아메리카노_ice,1998,2026-10-09T13:33:00,5500,completed,False
order_R1998_0_카페라떼_hot,1998,2026-01-02T03:02:00,5500,completed,False
order_R1998_0_카페라떼_ice,1998,2026-09-16T13:30:00,11000,completed,False
order_R1998_0_녹차라떼,1998,2026-10-27T07:39:00,11000,completed,False
order_R1998_0_캐모마일티,1998,2026-01-03T16:38:00,5500,completed,False
order_R1998_0_레몬에이드,1998,2026-02-19T18:51:00,5500,completed,False
order_R1998_0_자몽에이드,1998,2026-09-17T20:44:00,5500,completed,False
order_R1999_0_아메리카노_hot,1999,2026-12-17T08:02:00,16500,completed,False
order_R1999_0_아메리카노_ice,1999,2026-04-25T12:24:00,11000,completed,False
order_R1999_0_카푸치노,1999,2026-05-01T11:31:00,5500,completed,False
order_R1999_0_바닐라라떼,1999,2026-08-28T18:14:00,5500,completed,False
order_R1999_0_카라멜마끼아또,1999,2026-03-03T17:49:00,5500,completed,False
order_R2000_0_바닐라라떼,2000,2026-10-25T04:13:00,11000,completed,False
order_R2000_0_카라멜마끼아또,2000,2026-10-10T11:15:00,5500,completed,False
