id,session_id,created_at,preferred_category,recommendation_type,recommended_menu_id,was_clicked,led_to_order
1,9,2025-04-16 12:53:00,tea,situation,31,1,0
2,10,2025-10-12 17:08:00,latte,situation,10,0,0
3,10,2025-10-12 17:08:00,tea,situation,29,0,0
4,15,2025-08-31 17:59:00,americano,situation,3,0,0
5,17,2025-09-12 09:29:00,tea,suggest,16,0,0
6,17,2025-09-12 09:29:00,coldbrew,suggest,8,0,0
7,20,2025-01-29 11:46:00,latte,situation,4,1,0
8,23,2025-01-16 13:47:00,smoothie,situation,21,1,1
9,23,2025-01-16 13:47:00,tea,situation,30,0,0
10,27,2025-05-02 11:57:00,tea,situation,30,1,1
11,28,2025-07-18 19:26:00,ade,situation,24,1,1
12,39,2025-03-14 15:25:00,latte,suggest,4,1,0
13,40,2025-07-27 08:42:00,americano,suggest,3,1,1
14,56,2025-10-14 13:32:00,ade,situation,18,1,1
15,62,2025-07-10 08:36:00,tea,suggest,15,1,1
16,63,2025-10-13 15:26:00,smoothie,situation,20,0,0
17,68,2025-10-18 11:20:00,drip,situation,9,0,0
18,68,2025-10-18 11:20:00,latte,situation,10,0,0
19,74,2025-01-17 22:55:00,tea,situation,31,1,0
20,82,2025-01-26 08:42:00,frappe,situation,26,1,0
21,132,2025-09-27 20:30:00,tea,suggest,31,0,0
22,141,2025-11-07 15:41:00,ade,situation,24,0,0
23,141,2025-11-07 15:41:00,frappe,suggest,25,0,0
24,142,2025-12-30 17:51:00,frappe,suggest,12,1,1
25,142,2025-12-30 17:51:00,coldbrew,situation,8,1,1
26,147,2025-09-10 09:40:00,ade,suggest,18,0,0
27,149,2025-07-15 19:24:00,latte,suggest,5,1,0
28,149,2025-07-15 19:24:00,drip,situation,9,0,0
29,153,2025-07-07 13:55:00,espresso,suggest,1,0,0
30,155,2025-03-07 21:15:00,coldbrew,suggest,8,0,0
31,170,2025-02-10 13:44:00,ade,suggest,18,0,0
32,170,2025-02-10 13:44:00,latte,situation,11,0,0
33,177,2025-01-11 11:52:00,drip,situation,9,0,0
34,177,2025-01-11 11:52:00,latte,situation,5,1,1
35,180,2025-12-07 08:09:00,cappuccino,situation,6,1,1
36,180,2025-12-07 08:09:00,tea,situation,30,1,0
37,184,2025-04-21 13:55:00,latte,suggest,4,0,0
38,199,2025-04-16 15:38:00,tea,situation,30,1,1
39,202,2025-04-15 22:46:00,tea,suggest,15,1,0
40,218,2025-06-22 09:58:00,latte,situation,11,0,0
41,219,2025-10-30 15:23:00,latte,situation,10,0,0
42,221,2025-05-21 15:09:00,smoothie,situation,20,1,1
43,223,2025-03-04 15:46:00,frappe,situation,25,0,0
44,225,2025-02-06 09:53:00,tea,situation,31,0,0
45,227,2025-08-11 11:55:00,latte,suggest,4,0,0
46,232,2025-06-21 15:58:00,latte,suggest,11,0,0
47,234,2025-10-20 20:24:00,smoothie,situation,32,1,1
48,234,2025-10-20 20:24:00,frappe,situation,13,0,0
49,241,2025-10-15 07:34:00,tea,situation,31,1,1
50,262,2025-11-14 20:58:00,ade,situation,19,0,0
51,262,2025-11-14 20:58:00,tea,situation,15,1,1
52,266,2025-02-15 17:26:00,smoothie,situation,32,0,0
53,266,2025-02-15 17:26:00,smoothie,situation,21,1,0
54,277,2025-07-13 12:19:00,tea,situation,29,1,1
55,287,2025-10-17 09:11:00,latte,situation,11,1,1
56,292,2025-06-03 18:54:00,tea,situation,30,1,1
57,292,2025-06-03 18:54:00,ade,suggest,19,0,0
58,294,2025-11-03 18:46:00,frappe,situation,26,1,0
59,324,2025-01-25 13:42:00,tea,suggest,28,0,0
60,324,2025-01-25 13:42:00,espresso,situation,1,0,0
61,331,2025-07-02 14:32:00,ade,situation,24,1,0
62,347,2025-06-11 13:40:00,non-coffee,situation,14,0,0
63,348,2025-08-05 09:48:00,drip,situation,9,1,0
64,348,2025-08-05 09:48:00,tea,suggest,16,1,0
65,362,2025-07-17 22:55:00,frappe,situation,25,1,1
66,362,2025-07-17 22:55:00,tea,situation,17,1,1
67,374,2025-01-02 12:00:00,americano,suggest,3,1,1
68,376,2025-09-24 20:30:00,frappe,situation,26,1,1
69,386,2025-10-28 11:02:00,tea,situation,30,0,0
70,386,2025-10-28 11:02:00,smoothie,situation,21,1,1
71,390,2025-09-18 17:50:00,frappe,situation,26,1,1
72,392,2025-10-21 17:39:00,frappe,suggest,13,0,0
73,399,2025-09-21 15:22:00,latte,situation,4,0,0
74,400,2025-04-18 14:35:00,smoothie,situation,20,1,1
75,402,2025-09-18 09:35:00,coldbrew,situation,7,0,0
76,405,2025-04-03 19:51:00,tea,situation,16,0,0
77,408,2025-06-21 08:22:00,latte,suggest,11,1,1
78,427,2025-11-11 08:59:00,ade,situation,19,0,0
79,427,2025-11-11 08:59:00,americano,situation,3,1,1
80,440,2025-02-20 14:29:00,tea,suggest,29,0,0
81,442,2025-04-06 15:43:00,smoothie,situation,32,0,0
82,442,2025-04-06 15:43:00,tea,situation,17,1,1
83,444,2025-05-19 17:35:00,latte,situation,11,1,0
84,449,2025-08-05 18:22:00,smoothie,suggest,21,0,0
85,454,2025-08-25 19:24:00,tea,situation,28,1,1
86,469,2025-11-10 16:48:00,latte,situation,11,1,1
87,472,2025-10-26 08:46:00,tea,situation,30,1,1
88,479,2025-11-21 14:49:00,ade,situation,18,1,0
89,488,2025-04-10 18:44:00,latte,situation,4,1,1
90,492,2025-07-24 18:41:00,coldbrew,situation,8,1,0
91,492,2025-07-24 18:41:00,tea,situation,27,0,0
92,497,2025-04-20 07:42:00,ade,situation,18,1,1
93,497,2025-04-20 07:42:00,drip,situation,9,1,1
94,498,2025-01-21 09:20:00,americano,suggest,2,1,1
95,507,2025-09-08 16:14:00,latte,suggest,11,1,1
96,515,2025-03-23 16:07:00,juice,suggest,22,1,1
97,515,2025-03-23 16:07:00,non-coffee,situation,14,1,0
98,524,2025-02-15 07:16:00,non-coffee,situation,14,1,0
99,526,2025-11-19 09:56:00,coldbrew,situation,8,1,1
100,527,2025-12-22 08:23:00,non-coffee,situation,14,1,1
101,541,2025-12-06 08:15:00,americano,situation,2,0,0
102,547,2025-08-04 17:39:00,smoothie,suggest,20,0,0
103,547,2025-08-04 17:39:00,frappe,situation,25,0,0
104,557,2025-06-11 15:48:00,juice,suggest,22,1,0
105,563,2025-06-19 21:07:00,drip,situation,9,1,1
106,563,2025-06-19 21:07:00,tea,situation,29,1,1
107,573,2025-03-09 18:17:00,ade,situation,18,1,0
108,574,2025-06-26 09:35:00,americano,suggest,2,1,1
109,580,2025-02-22 18:03:00,tea,situation,31,1,1
110,581,2025-09-13 15:29:00,juice,suggest,22,0,0
111,598,2025-02-19 15:05:00,smoothie,situation,21,0,0
112,600,2025-11-11 14:29:00,frappe,situation,26,0,0
113,603,2025-04-17 15:26:00,ade,situation,19,0,0
114,621,2025-01-20 14:32:00,americano,situation,3,0,0
115,630,2025-05-22 07:47:00,tea,situation,29,1,0
116,633,2025-07-25 20:17:00,frappe,situation,13,0,0
117,638,2025-06-06 14:38:00,latte,suggest,4,0,0
118,642,2025-12-20 18:25:00,americano,situation,2,0,0
119,645,2025-06-21 12:39:00,cappuccino,situation,6,1,1
120,652,2025-05-26 16:45:00,frappe,situation,25,1,0
121,656,2025-07-02 07:30:00,frappe,situation,26,0,0
122,657,2025-04-30 16:23:00,ade,situation,24,0,0
123,660,2025-11-30 16:40:00,non-coffee,situation,14,0,0
124,662,2025-07-04 17:03:00,ade,situation,19,0,0
125,668,2025-09-27 15:22:00,smoothie,suggest,32,1,1
126,668,2025-09-27 15:22:00,tea,situation,28,1,0
127,684,2025-02-25 09:15:00,latte,situation,11,1,0
128,686,2025-05-16 20:20:00,latte,situation,4,0,0
129,689,2025-02-16 21:31:00,juice,suggest,22,1,1
130,694,2025-04-24 13:08:00,ade,situation,19,1,0
131,700,2025-07-08 16:57:00,juice,situation,22,1,1
132,700,2025-07-08 16:57:00,tea,situation,30,1,1
133,701,2025-05-23 12:50:00,frappe,suggest,13,0,0
134,707,2025-12-27 07:34:00,tea,suggest,27,1,0
135,712,2025-07-21 12:30:00,ade,suggest,24,1,0
136,713,2025-06-07 16:46:00,tea,situation,17,1,0
137,715,2025-07-13 19:39:00,frappe,suggest,26,0,0
138,716,2025-06-13 11:30:00,cappuccino,situation,6,0,0
139,734,2025-01-23 08:21:00,coldbrew,suggest,7,0,0
140,740,2025-10-26 16:07:00,frappe,suggest,12,1,0
141,742,2025-12-07 09:24:00,tea,situation,15,1,0
142,745,2025-04-28 09:12:00,tea,suggest,17,0,0
143,749,2025-11-12 15:21:00,americano,situation,3,1,1
144,757,2025-04-13 14:38:00,latte,situation,5,1,1
145,758,2025-12-28 07:23:00,americano,situation,2,0,0
146,767,2025-09-05 09:04:00,smoothie,situation,20,1,1
147,767,2025-09-05 09:04:00,frappe,suggest,26,0,0
148,769,2025-03-06 15:53:00,smoothie,suggest,21,1,1
149,785,2025-08-15 07:26:00,latte,situation,23,1,1
150,790,2025-01-31 15:48:00,latte,suggest,23,0,0
151,801,2025-04-10 07:35:00,coldbrew,situation,7,1,1
152,801,2025-04-10 07:35:00,non-coffee,situation,14,0,0
153,806,2025-10-21 12:08:00,ade,suggest,19,1,1
154,806,2025-10-21 12:08:00,latte,suggest,4,1,0
155,812,2025-09-01 21:25:00,latte,suggest,11,1,1
156,818,2025-01-09 14:06:00,non-coffee,situation,14,1,1
157,823,2025-09-25 18:24:00,tea,situation,28,1,1
158,832,2025-06-09 12:18:00,espresso,suggest,1,0,0
159,834,2025-07-17 16:47:00,tea,situation,28,1,1
160,844,2025-07-19 09:20:00,tea,situation,15,1,0
161,844,2025-07-19 09:20:00,latte,situation,11,1,0
162,854,2025-05-20 13:14:00,americano,situation,2,1,1
163,854,2025-05-20 13:14:00,latte,situation,10,1,0
164,856,2025-10-24 12:20:00,frappe,situation,25,0,0
165,862,2025-04-17 09:44:00,tea,suggest,17,1,1
166,863,2025-01-27 11:33:00,tea,situation,27,0,0
167,864,2025-12-02 08:26:00,tea,situation,16,1,1
168,871,2025-02-19 17:21:00,latte,situation,4,0,0
169,871,2025-02-19 17:21:00,juice,suggest,22,1,0
170,873,2025-10-04 18:33:00,latte,situation,5,1,0
171,884,2025-10-22 11:27:00,ade,situation,18,1,1
172,887,2025-03-22 15:47:00,smoothie,situation,32,0,0
173,887,2025-03-22 15:47:00,tea,situation,16,1,1
174,894,2025-01-24 12:27:00,smoothie,suggest,20,1,1
175,896,2025-11-06 12:16:00,tea,situation,16,0,0
176,896,2025-11-06 12:16:00,coldbrew,situation,8,0,0
177,915,2025-01-03 07:06:00,coldbrew,situation,8,0,0
178,920,2025-12-24 14:49:00,latte,situation,4,0,0
179,927,2025-09-09 15:00:00,tea,situation,16,1,1
180,944,2025-09-29 15:01:00,smoothie,situation,20,1,0
181,944,2025-09-29 15:01:00,cappuccino,suggest,6,1,1
182,952,2025-10-05 13:48:00,ade,situation,18,0,0
183,954,2025-11-11 13:17:00,smoothie,situation,20,0,0
184,971,2025-10-30 16:16:00,cappuccino,situation,6,1,1
185,974,2025-04-18 19:45:00,latte,suggest,23,1,1
186,974,2025-04-18 19:45:00,tea,situation,27,0,0
187,975,2025-08-24 18:24:00,tea,situation,31,1,1
188,979,2025-10-13 16:54:00,frappe,suggest,26,0,0
189,981,2025-06-19 21:00:00,tea,suggest,28,0,0
190,991,2025-07-16 12:44:00,tea,situation,16,1,1
191,1000,2025-03-25 12:51:00,tea,situation,27,1,0
192,1005,2025-12-01 11:51:00,cappuccino,situation,6,1,0
193,1005,2025-12-01 11:51:00,coldbrew,situation,7,1,1
194,1012,2025-12-04 09:55:00,latte,suggest,23,0,0
195,1012,2025-12-04 09:55:00,latte,situation,23,0,0
196,1018,2025-01-13 19:00:00,tea,situation,28,0,0
197,1020,2025-07-21 15:32:00,latte,suggest,23,1,1
198,1024,2025-03-28 12:44:00,non-coffee,situation,14,0,0
199,1029,2025-10-19 19:47:00,ade,suggest,19,1,1
200,1030,2025-02-15 14:44:00,latte,suggest,23,0,0
201,1030,2025-02-15 14:44:00,tea,situation,16,1,1
202,1035,2025-07-19 19:15:00,non-coffee,situation,14,0,0
203,1035,2025-07-19 19:15:00,non-coffee,situation,14,1,0
204,1040,2025-02-17 22:06:00,non-coffee,suggest,14,0,0
205,1045,2025-01-25 16:30:00,tea,situation,29,1,1
206,1045,2025-01-25 16:30:00,tea,situation,16,1,0
207,1056,2025-11-17 16:45:00,tea,situation,28,1,0
208,1056,2025-11-17 16:45:00,americano,suggest,2,1,1
209,1066,2025-07-28 15:30:00,frappe,situation,25,1,0
210,1069,2025-03-06 15:26:00,tea,situation,16,1,1
211,1069,2025-03-06 15:26:00,frappe,suggest,13,1,1
212,1074,2025-04-08 13:01:00,ade,situation,18,1,0
213,1074,2025-04-08 13:01:00,tea,suggest,31,1,1
214,1088,2025-04-02 14:09:00,non-coffee,situation,14,0,0
215,1093,2025-11-09 17:05:00,tea,situation,30,1,1
216,1101,2025-03-24 18:46:00,tea,suggest,16,1,1
217,1116,2025-04-10 11:43:00,latte,situation,11,0,0
218,1116,2025-04-10 11:43:00,frappe,situation,13,1,1
219,1120,2025-04-08 07:25:00,juice,situation,22,0,0
220,1125,2025-09-23 09:05:00,coldbrew,situation,7,0,0
221,1125,2025-09-23 09:05:00,cappuccino,situation,6,0,0
222,1126,2025-03-20 18:15:00,cappuccino,suggest,6,1,1
223,1138,2025-10-29 16:21:00,tea,situation,31,0,0
224,1152,2025-11-05 13:26:00,espresso,situation,1,1,0
225,1158,2025-03-27 13:07:00,ade,situation,24,1,0
226,1158,2025-03-27 13:07:00,frappe,situation,13,0,0
227,1159,2025-12-22 08:18:00,tea,situation,17,0,0
228,1170,2025-08-05 08:08:00,tea,situation,15,1,1
229,1172,2025-11-08 18:29:00,tea,situation,16,1,1
230,1175,2025-03-24 16:55:00,tea,situation,29,1,1
231,1182,2025-03-27 12:00:00,tea,suggest,29,0,0
232,1182,2025-03-27 12:00:00,tea,suggest,30,0,0
233,1183,2025-10-10 19:55:00,latte,situation,4,1,1
234,1184,2025-10-05 15:56:00,tea,situation,17,1,1
235,1186,2025-03-30 21:39:00,latte,situation,11,0,0
236,1186,2025-03-30 21:39:00,smoothie,suggest,21,0,0
237,1198,2025-01-12 07:10:00,latte,situation,10,1,1
238,1198,2025-01-12 07:10:00,ade,situation,24,0,0
239,1203,2025-12-26 08:10:00,cappuccino,situation,6,1,0
240,1203,2025-12-26 08:10:00,tea,situation,29,1,0
241,1204,2025-08-01 11:24:00,cappuccino,situation,6,0,0
242,1206,2025-08-11 16:34:00,tea,situation,29,0,0
243,1207,2025-02-14 11:29:00,latte,situation,23,1,1
244,1214,2025-01-16 16:19:00,tea,situation,31,1,1
245,1228,2025-01-11 11:27:00,frappe,suggest,13,0,0
246,1229,2025-11-20 17:17:00,non-coffee,situation,14,0,0
247,1229,2025-11-20 17:17:00,tea,situation,27,1,0
248,1243,2025-05-27 21:16:00,cappuccino,situation,6,0,0
249,1257,2025-08-09 17:14:00,latte,situation,10,1,0
250,1257,2025-08-09 17:14:00,ade,suggest,24,0,0
251,1260,2025-02-09 19:20:00,frappe,situation,12,1,1
252,1260,2025-02-09 19:20:00,tea,suggest,17,0,0
253,1261,2025-09-12 15:16:00,tea,situation,31,0,0
254,1284,2025-06-11 13:51:00,frappe,situation,12,0,0
255,1288,2025-05-24 18:06:00,tea,suggest,30,1,0
256,1288,2025-05-24 18:06:00,tea,situation,16,1,0
257,1298,2025-06-28 09:25:00,tea,situation,17,1,1
258,1301,2025-07-31 22:50:00,ade,suggest,19,0,0
259,1302,2025-02-15 09:44:00,latte,situation,11,1,1
260,1303,2025-12-07 17:01:00,latte,suggest,11,0,0
261,1327,2025-09-08 22:38:00,tea,situation,29,1,1
262,1327,2025-09-08 22:38:00,tea,suggest,27,1,1
263,1333,2025-06-05 11:38:00,frappe,suggest,25,1,1
264,1335,2025-07-19 19:07:00,frappe,suggest,12,1,1
265,1339,2025-11-24 17:42:00,smoothie,situation,32,0,0
266,1340,2025-06-10 17:11:00,latte,suggest,23,1,0
267,1352,2025-11-18 09:49:00,latte,suggest,4,1,0
268,1354,2025-09-27 07:49:00,latte,situation,23,1,0
269,1357,2025-07-28 14:10:00,smoothie,situation,32,0,0
270,1360,2025-05-10 11:23:00,latte,situation,11,1,0
271,1360,2025-05-10 11:23:00,juice,situation,22,1,1
272,1361,2025-10-08 15:10:00,tea,situation,27,1,1
273,1361,2025-10-08 15:10:00,ade,situation,24,0,0
274,1365,2025-09-26 14:38:00,tea,situation,27,1,0
275,1392,2025-06-24 07:49:00,tea,situation,31,1,0
276,1392,2025-06-24 07:49:00,smoothie,situation,20,0,0
277,1396,2025-04-09 14:56:00,latte,situation,11,0,0
278,1403,2025-04-10 11:12:00,latte,situation,23,1,1
279,1407,2025-09-27 13:33:00,smoothie,suggest,20,1,1
280,1412,2025-06-24 11:21:00,tea,situation,16,1,0
281,1420,2025-04-18 12:13:00,latte,suggest,23,0,0
282,1420,2025-04-18 12:13:00,coldbrew,situation,7,1,1
283,1422,2025-09-06 21:19:00,ade,situation,19,0,0
284,1422,2025-09-06 21:19:00,coldbrew,situation,7,1,0
285,1427,2025-07-05 11:07:00,tea,suggest,29,1,0
286,1427,2025-07-05 11:07:00,frappe,situation,13,0,0
287,1434,2025-08-28 08:01:00,latte,suggest,4,0,0
288,1452,2025-08-09 21:23:00,latte,situation,23,0,0
289,1452,2025-08-09 21:23:00,tea,suggest,15,0,0
290,1453,2025-11-09 16:28:00,tea,situation,16,0,0
291,1457,2025-09-20 21:33:00,frappe,situation,12,0,0
292,1457,2025-09-20 21:33:00,ade,suggest,24,1,1
293,1460,2025-05-02 16:14:00,americano,situation,3,0,0
294,1462,2025-03-20 08:51:00,tea,situation,28,1,1
295,1483,2025-08-16 19:13:00,tea,situation,30,0,0
296,1484,2025-09-06 12:52:00,ade,situation,18,1,1
297,1502,2025-01-04 17:12:00,espresso,suggest,1,0,0
298,1503,2025-09-01 20:55:00,latte,situation,10,0,0
299,1506,2025-01-24 14:44:00,non-coffee,suggest,14,1,1
300,1512,2025-12-27 12:53:00,tea,situation,27,1,0
301,1523,2025-08-21 13:15:00,frappe,suggest,13,0,0
302,1524,2025-08-31 13:43:00,coldbrew,situation,7,0,0
303,1528,2025-09-05 09:58:00,frappe,suggest,13,0,0
304,1537,2025-02-03 20:35:00,ade,situation,19,0,0
305,1539,2025-08-29 16:33:00,frappe,suggest,12,0,0
306,1541,2025-01-10 13:47:00,tea,situation,15,0,0
307,1547,2025-07-27 11:17:00,coldbrew,situation,7,0,0
308,1549,2025-03-01 20:13:00,smoothie,suggest,20,0,0
309,1555,2025-08-11 16:20:00,espresso,situation,1,1,1
310,1564,2025-11-12 13:39:00,juice,situation,22,1,1
311,1567,2025-07-28 15:45:00,tea,situation,17,0,0
312,1567,2025-07-28 15:45:00,ade,suggest,24,1,0
313,1574,2025-04-20 12:56:00,latte,situation,5,1,1
314,1578,2025-03-25 17:10:00,smoothie,suggest,32,1,1
315,1578,2025-03-25 17:10:00,latte,situation,5,0,0
316,1579,2025-10-11 15:37:00,frappe,situation,26,0,0
317,1581,2025-01-13 07:40:00,ade,situation,24,0,0
318,1594,2025-09-29 13:06:00,tea,suggest,31,1,0
319,1619,2025-10-14 19:10:00,smoothie,situation,32,1,1
320,1620,2025-11-14 18:56:00,latte,situation,23,0,0
321,1648,2025-06-29 19:01:00,tea,situation,16,1,0
322,1649,2025-08-06 12:19:00,non-coffee,situation,14,1,1
323,1651,2025-01-12 16:44:00,frappe,situation,12,1,0
324,1660,2025-05-24 15:51:00,ade,suggest,18,1,0
325,1664,2025-02-15 08:14:00,coldbrew,situation,8,1,1
326,1664,2025-02-15 08:14:00,tea,situation,29,0,0
327,1677,2025-04-30 21:52:00,juice,situation,22,0,0
328,1680,2025-02-10 16:06:00,tea,suggest,31,0,0
329,1693,2025-08-23 12:55:00,americano,situation,3,1,1
330,1705,2025-03-21 15:51:00,smoothie,suggest,21,1,1
331,1708,2025-04-02 18:14:00,tea,suggest,31,1,0
332,1731,2025-04-22 12:18:00,latte,suggest,11,1,1
333,1736,2025-04-17 11:26:00,tea,suggest,17,0,0
334,1736,2025-04-17 11:26:00,non-coffee,situation,14,1,1
335,1745,2025-06-26 14:12:00,non-coffee,situation,14,1,1
336,1750,2025-11-21 20:43:00,drip,suggest,9,0,0
337,1752,2025-05-01 12:47:00,tea,suggest,30,1,0
338,1752,2025-05-01 12:47:00,tea,suggest,30,1,1
339,1768,2025-01-11 22:50:00,latte,situation,10,1,1
340,1768,2025-01-11 22:50:00,smoothie,situation,32,0,0
341,1772,2025-09-30 15:30:00,cappuccino,situation,6,0,0
342,1772,2025-09-30 15:30:00,tea,suggest,30,1,1
343,1779,2025-08-30 14:22:00,latte,situation,4,1,1
344,1781,2025-01-17 07:50:00,latte,suggest,23,0,0
345,1782,2025-03-07 08:36:00,americano,suggest,2,1,1
346,1793,2025-07-02 14:10:00,frappe,suggest,25,0,0
347,1793,2025-07-02 14:10:00,non-coffee,situation,14,0,0
348,1795,2025-01-17 20:48:00,tea,situation,31,1,0
349,1796,2025-02-24 12:39:00,latte,situation,4,1,1
350,1802,2025-11-02 12:42:00,americano,situation,3,1,0
351,1802,2025-11-02 12:42:00,ade,suggest,19,1,1
352,1808,2025-08-03 09:46:00,americano,situation,3,0,0
353,1808,2025-08-03 09:46:00,tea,suggest,30,0,0
354,1822,2025-07-13 11:06:00,latte,situation,23,0,0
355,1822,2025-07-13 11:06:00,frappe,situation,13,1,0
356,1831,2025-03-22 21:09:00,americano,situation,2,1,1
357,1833,2025-09-18 16:36:00,tea,situation,30,0,0
358,1834,2025-07-07 16:13:00,tea,situation,15,0,0
359,1834,2025-07-07 16:13:00,americano,situation,2,0,0
360,1844,2025-11-24 07:44:00,espresso,situation,1,0,0
361,1845,2025-12-03 14:12:00,latte,situation,10,0,0
362,1860,2025-06-09 08:44:00,juice,situation,22,1,1
363,1868,2025-11-04 18:47:00,tea,situation,17,0,0
364,1870,2025-09-15 13:59:00,espresso,suggest,1,1,0
365,1870,2025-09-15 13:59:00,coldbrew,situation,7,0,0
366,1873,2025-12-27 15:52:00,frappe,suggest,25,0,0
367,1878,2025-05-23 11:34:00,americano,situation,3,1,0
368,1883,2025-06-22 17:13:00,ade,situation,18,1,0
369,1883,2025-06-22 17:13:00,americano,situation,2,0,0
370,1884,2025-06-08 16:29:00,espresso,suggest,1,1,0
371,1884,2025-06-08 16:29:00,cappuccino,situation,6,1,1
372,1886,2025-10-21 11:26:00,latte,suggest,4,0,0
373,1888,2025-10-23 15:31:00,tea,situation,30,1,1
374,1911,2025-01-07 08:21:00,tea,situation,15,0,0
375,1913,2025-12-14 15:27:00,coldbrew,suggest,7,0,0
376,1916,2025-03-03 12:20:00,tea,situation,31,1,0
377,1918,2025-01-23 15:46:00,tea,situation,15,1,1
378,1918,2025-01-23 15:46:00,frappe,situation,25,0,0
379,1923,2025-10-26 13:39:00,tea,situation,27,1,1
380,1924,2025-03-23 08:46:00,drip,situation,9,1,0
381,1929,2025-12-07 12:57:00,frappe,situation,12,1,1
382,1935,2025-09-12 12:43:00,ade,suggest,19,1,0
383,1937,2025-06-12 16:19:00,tea,suggest,16,1,0
384,1939,2025-12-29 16:33:00,latte,situation,4,0,0
385,1939,2025-12-29 16:33:00,frappe,suggest,25,1,1
386,1943,2025-09-12 18:57:00,frappe,situation,26,0,0
387,1950,2025-11-21 07:33:00,latte,situation,11,0,0
388,1950,2025-11-21 07:33:00,americano,situation,2,0,0
389,1965,2025-08-02 15:31:00,smoothie,situation,32,1,0
390,1967,2025-09-29 08:38:00,espresso,situation,1,1,0
391,1968,2025-03-06 08:15:00,americano,suggest,2,1,0
392,1971,2025-02-14 16:52:00,tea,situation,15,1,0
393,1971,2025-02-14 16:52:00,smoothie,situation,20,1,0
394,1977,2025-02-23 13:53:00,frappe,situation,25,0,0
395,1985,2025-12-18 20:07:00,ade,situation,18,0,0
396,1990,2025-07-14 14:55:00,non-coffee,situation,14,0,0
397,1999,2025-07-24 16:35:00,tea,situation,27,1,0
398,2002,2025-01-14 12:07:00,tea,suggest,31,0,0
399,2003,2025-12-22 11:42:00,frappe,situation,12,0,0
400,2009,2025-06-13 19:39:00,smoothie,situation,32,0,0
401,2009,2025-06-13 19:39:00,ade,situation,18,0,0
402,2017,2025-03-28 15:52:00,smoothie,situation,21,1,1
403,2017,2025-03-28 15:52:00,frappe,situation,26,0,0
404,2039,2025-04-25 17:43:00,latte,suggest,4,1,1
405,2046,2025-02-02 13:29:00,tea,situation,16,1,1
406,2046,2025-02-02 13:29:00,americano,situation,2,1,1
407,2053,2025-03-25 13:07:00,smoothie,situation,21,1,0
408,2053,2025-03-25 13:07:00,latte,situation,5,1,1
409,2054,2025-07-10 14:21:00,tea,situation,29,1,0
410,2054,2025-07-10 14:21:00,latte,suggest,23,0,0
411,2060,2025-05-27 07:08:00,cappuccino,suggest,6,1,1
412,2068,2025-10-25 13:37:00,coldbrew,suggest,8,1,0
413,2068,2025-10-25 13:37:00,latte,situation,10,1,1
414,2069,2025-04-20 19:07:00,americano,situation,3,1,0
415,2071,2025-03-03 16:40:00,frappe,situation,13,1,1
416,2084,2025-02-06 07:13:00,latte,suggest,10,1,0
417,2084,2025-02-06 07:13:00,ade,situation,24,0,0
418,2092,2025-10-20 15:31:00,frappe,situation,12,0,0
419,2102,2025-12-06 16:25:00,tea,situation,31,0,0
420,2102,2025-12-06 16:25:00,smoothie,situation,20,1,0
421,2122,2025-07-25 13:39:00,smoothie,suggest,21,1,0
422,2125,2025-11-04 18:20:00,smoothie,suggest,21,0,0
423,2126,2025-01-17 09:16:00,tea,situation,29,1,0
424,2135,2025-07-31 16:04:00,tea,situation,27,0,0
425,2144,2025-06-15 09:37:00,smoothie,situation,32,0,0
426,2145,2025-09-26 16:58:00,americano,suggest,3,0,0
427,2147,2025-08-11 16:42:00,ade,situation,19,1,0
428,2156,2025-10-19 12:22:00,drip,suggest,9,0,0
429,2163,2025-01-13 17:58:00,frappe,situation,13,0,0
430,2164,2025-07-06 20:20:00,smoothie,situation,21,1,0
431,2181,2025-05-13 18:40:00,tea,situation,28,0,0
432,2181,2025-05-13 18:40:00,smoothie,situation,21,0,0
433,2186,2025-05-08 11:54:00,tea,situation,27,1,1
434,2191,2025-07-16 12:36:00,frappe,situation,26,1,0
435,2191,2025-07-16 12:36:00,tea,situation,27,1,0
436,2197,2025-11-16 19:16:00,latte,situation,4,0,0
437,2204,2025-08-13 12:22:00,juice,situation,22,0,0
438,2226,2025-07-22 16:14:00,tea,situation,17,0,0
439,2227,2025-07-10 15:19:00,espresso,situation,1,1,1
440,2230,2025-05-24 13:45:00,tea,suggest,29,0,0
441,2234,2025-02-22 15:57:00,smoothie,situation,21,0,0
442,2234,2025-02-22 15:57:00,ade,situation,24,0,0
443,2245,2025-06-03 17:32:00,tea,situation,28,1,1
444,2247,2025-12-09 13:28:00,latte,situation,23,0,0
445,2249,2025-03-19 20:46:00,tea,situation,31,0,0
446,2266,2025-10-07 17:24:00,tea,suggest,16,0,0
447,2266,2025-10-07 17:24:00,tea,situation,17,0,0
448,2281,2025-07-19 08:30:00,latte,situation,11,1,1
449,2282,2025-09-02 08:45:00,latte,suggest,5,0,0
450,2283,2025-12-08 14:28:00,tea,situation,28,0,0
451,2286,2025-09-18 16:21:00,ade,situation,19,1,1
452,2292,2025-01-03 09:44:00,latte,situation,4,1,0
453,2331,2025-04-18 18:46:00,tea,situation,15,1,1
454,2331,2025-04-18 18:46:00,non-coffee,situation,14,0,0
455,2337,2025-12-21 16:10:00,frappe,situation,12,0,0
456,2343,2025-12-02 18:36:00,latte,situation,11,0,0
457,2348,2025-12-25 11:18:00,frappe,suggest,26,0,0
458,2350,2025-03-11 09:38:00,tea,situation,17,0,0
459,2363,2025-10-20 09:10:00,tea,situation,28,0,0
460,2363,2025-10-20 09:10:00,americano,situation,3,0,0
461,2373,2025-01-27 21:20:00,tea,situation,29,0,0
462,2384,2025-10-01 08:51:00,frappe,situation,26,1,0
463,2384,2025-10-01 08:51:00,juice,situation,22,1,0
464,2397,2025-12-06 13:09:00,coldbrew,suggest,8,1,0
465,2399,2025-03-08 21:43:00,coldbrew,situation,8,1,1
466,2403,2025-10-30 12:10:00,latte,situation,5,1,1
467,2413,2025-10-13 13:59:00,latte,suggest,11,0,0
468,2425,2025-05-19 14:28:00,latte,situation,10,1,1
469,2427,2025-10-30 18:37:00,tea,situation,17,1,0
470,2433,2025-11-12 17:25:00,cappuccino,situation,6,1,1
471,2437,2025-06-20 09:11:00,tea,situation,30,0,0
472,2437,2025-06-20 09:11:00,tea,situation,28,1,1
473,2442,2025-05-23 09:20:00,tea,situation,31,0,0
474,2457,2025-05-15 12:46:00,frappe,situation,26,1,0
475,2457,2025-05-15 12:46:00,ade,suggest,19,1,1
476,2465,2025-02-13 20:51:00,ade,suggest,24,0,0
477,2466,2025-08-22 07:59:00,latte,situation,4,1,0
478,2466,2025-08-22 07:59:00,smoothie,situation,21,0,0
479,2476,2025-10-25 08:36:00,latte,situation,4,1,1
480,2485,2025-04-22 17:33:00,drip,situation,9,0,0
481,2502,2025-01-20 09:51:00,smoothie,suggest,20,1,1
482,2502,2025-01-20 09:51:00,smoothie,situation,32,1,1
483,2503,2025-08-28 12:17:00,tea,situation,30,1,1
484,2512,2025-10-19 16:05:00,frappe,suggest,25,1,1
485,2512,2025-10-19 16:05:00,coldbrew,suggest,7,1,1
486,2520,2025-04-16 12:11:00,smoothie,situation,21,1,1
487,2520,2025-04-16 12:11:00,frappe,situation,26,0,0
488,2521,2025-06-10 13:50:00,coldbrew,situation,8,0,0
489,2521,2025-06-10 13:50:00,americano,situation,2,0,0
490,2529,2025-06-14 13:32:00,latte,situation,4,1,0
491,2529,2025-06-14 13:32:00,ade,situation,24,0,0
492,2531,2025-05-01 15:32:00,smoothie,situation,21,0,0
493,2531,2025-05-01 15:32:00,tea,situation,29,1,0
494,2541,2025-06-07 07:15:00,tea,situation,27,1,1
495,2541,2025-06-07 07:15:00,ade,situation,24,1,0
496,2559,2025-07-01 16:45:00,frappe,situation,25,0,0
497,2565,2025-04-28 18:10:00,ade,suggest,19,1,1
498,2571,2025-04-02 21:02:00,latte,suggest,4,0,0
499,2571,2025-04-02 21:02:00,frappe,situation,25,0,0
500,2578,2025-09-22 14:33:00,smoothie,situation,21,1,0
501,2592,2025-01-16 07:44:00,tea,situation,28,1,1
502,2598,2025-05-11 15:41:00,smoothie,situation,21,1,1
503,2598,2025-05-11 15:41:00,tea,suggest,30,0,0
504,2609,2025-11-20 07:18:00,smoothie,suggest,21,0,0
505,2609,2025-11-20 07:18:00,smoothie,situation,32,0,0
506,2610,2025-11-18 15:51:00,tea,situation,31,1,1
507,2610,2025-11-18 15:51:00,smoothie,situation,20,1,1
508,2620,2025-09-02 15:55:00,frappe,situation,13,0,0
509,2621,2025-10-09 08:56:00,frappe,situation,12,0,0
510,2623,2025-03-20 20:59:00,frappe,situation,13,1,1
511,2623,2025-03-20 20:59:00,ade,situation,19,0,0
512,2624,2025-12-15 16:06:00,tea,situation,31,1,0
513,2631,2025-04-20 09:37:00,coldbrew,situation,8,1,1
514,2631,2025-04-20 09:37:00,tea,situation,17,0,0
515,2634,2025-05-06 14:40:00,ade,suggest,19,1,0
516,2634,2025-05-06 14:40:00,latte,situation,4,0,0
517,2636,2025-03-29 15:53:00,tea,situation,28,1,0
518,2638,2025-06-15 17:53:00,latte,suggest,23,1,1
519,2644,2025-10-16 17:21:00,tea,situation,17,1,0
520,2648,2025-09-11 20:08:00,ade,situation,19,0,0
521,2648,2025-09-11 20:08:00,frappe,situation,25,1,1
522,2649,2025-02-22 16:12:00,tea,suggest,15,1,1
523,2651,2025-02-07 08:37:00,americano,suggest,2,0,0
524,2670,2025-06-20 20:38:00,ade,situation,18,1,1
525,2670,2025-06-20 20:38:00,espresso,situation,1,1,0
526,2671,2025-10-07 15:06:00,frappe,situation,26,0,0
527,2686,2025-12-07 11:29:00,smoothie,suggest,21,0,0
528,2690,2025-12-24 19:33:00,tea,suggest,27,1,1
529,2692,2025-09-07 08:03:00,americano,situation,2,1,0
530,2694,2025-05-31 08:16:00,tea,situation,17,0,0
531,2695,2025-01-17 12:49:00,coldbrew,suggest,7,0,0
532,2696,2025-10-22 17:22:00,coldbrew,suggest,7,1,0
533,2697,2025-07-26 13:46:00,tea,situation,31,1,1
534,2701,2025-04-11 16:48:00,juice,situation,22,1,0
535,2715,2025-04-20 13:26:00,americano,situation,2,1,1
536,2716,2025-01-30 07:49:00,americano,situation,2,1,0
537,2716,2025-01-30 07:49:00,non-coffee,situation,14,1,1
538,2717,2025-12-01 15:10:00,americano,suggest,3,0,0
539,2718,2025-06-14 07:10:00,latte,suggest,23,0,0
540,2731,2025-01-12 18:26:00,coldbrew,situation,7,1,1
541,2737,2025-11-05 18:12:00,smoothie,situation,32,1,1
542,2741,2025-08-17 09:50:00,espresso,suggest,1,1,0
543,2756,2025-01-22 17:50:00,ade,situation,24,1,1
544,2756,2025-01-22 17:50:00,frappe,situation,26,0,0
545,2759,2025-05-20 16:42:00,frappe,situation,13,1,0
546,2762,2025-12-05 09:27:00,americano,situation,2,0,0
547,2762,2025-12-05 09:27:00,frappe,situation,25,1,1
548,2763,2025-08-05 12:31:00,ade,situation,19,1,0
549,2764,2025-04-11 15:56:00,latte,situation,10,1,1
550,2764,2025-04-11 15:56:00,smoothie,suggest,20,1,0
551,2765,2025-09-01 09:59:00,americano,suggest,2,0,0
552,2779,2025-12-12 08:44:00,smoothie,situation,20,0,0
553,2779,2025-12-12 08:44:00,coldbrew,situation,8,1,1
554,2784,2025-04-21 11:23:00,coldbrew,situation,7,0,0
555,2784,2025-04-21 11:23:00,smoothie,situation,32,1,1
556,2786,2025-04-11 16:03:00,latte,situation,23,1,1
557,2797,2025-04-11 11:06:00,latte,suggest,23,1,0
558,2811,2025-05-11 12:36:00,tea,suggest,30,0,0
559,2811,2025-05-11 12:36:00,cappuccino,situation,6,0,0
560,2834,2025-01-11 17:12:00,frappe,situation,26,0,0
561,2839,2025-07-06 13:09:00,latte,situation,10,0,0
562,2844,2025-02-19 12:43:00,coldbrew,situation,8,0,0
563,2850,2025-04-12 15:19:00,juice,suggest,22,0,0
564,2851,2025-09-30 07:25:00,non-coffee,suggest,14,1,1
565,2863,2025-01-29 15:33:00,latte,suggest,4,1,0
566,2863,2025-01-29 15:33:00,ade,situation,19,0,0
567,2873,2025-11-30 07:13:00,latte,situation,5,1,1
568,2895,2025-01-01 19:19:00,juice,situation,22,1,1
569,2899,2025-04-02 15:00:00,latte,situation,11,1,1
570,2902,2025-05-31 11:53:00,tea,situation,17,0,0
571,2902,2025-05-31 11:53:00,tea,suggest,29,1,1
572,2911,2025-07-13 11:59:00,tea,situation,31,1,1
573,2911,2025-07-13 11:59:00,smoothie,situation,21,0,0
574,2938,2025-01-31 11:29:00,tea,situation,29,0,0
575,2943,2025-01-11 07:56:00,latte,suggest,23,1,0
576,2943,2025-01-11 07:56:00,tea,situation,16,0,0
577,2944,2025-02-26 09:35:00,frappe,suggest,25,1,1
578,2944,2025-02-26 09:35:00,americano,situation,3,1,0
579,2969,2025-08-21 15:26:00,tea,situation,15,1,1
580,2973,2025-05-16 22:10:00,latte,situation,4,1,1
581,2990,2025-05-19 09:22:00,americano,situation,2,1,1
582,2990,2025-05-19 09:22:00,americano,suggest,3,1,1
583,2991,2025-02-15 08:01:00,tea,suggest,28,0,0
584,2994,2025-10-05 12:53:00,espresso,suggest,1,0,0
585,2998,2025-07-06 15:13:00,ade,suggest,24,1,1
586,3005,2025-07-06 14:15:00,frappe,situation,12,1,1
587,3005,2025-07-06 14:15:00,smoothie,suggest,32,0,0
588,3006,2025-09-09 15:05:00,latte,situation,4,1,0
589,3014,2025-06-10 19:43:00,frappe,situation,25,0,0
590,3014,2025-06-10 19:43:00,tea,situation,28,0,0
591,3044,2025-10-05 18:42:00,espresso,situation,1,0,0
592,3049,2025-09-08 08:45:00,latte,suggest,23,0,0
593,3049,2025-09-08 08:45:00,americano,situation,2,1,0
594,3065,2025-05-24 17:48:00,frappe,suggest,25,0,0
595,3070,2025-04-22 15:36:00,juice,situation,22,1,0
596,3076,2025-01-21 13:26:00,coldbrew,suggest,8,0,0
597,3078,2025-09-14 21:44:00,tea,situation,31,0,0
598,3094,2025-07-05 18:09:00,smoothie,suggest,21,0,0
599,3094,2025-07-05 18:09:00,espresso,situation,1,1,1
600,3103,2025-11-18 15:14:00,tea,situation,30,0,0
601,3104,2025-08-25 09:17:00,coldbrew,suggest,7,1,1
602,3104,2025-08-25 09:17:00,smoothie,suggest,20,0,0
603,3111,2025-06-09 07:51:00,tea,situation,28,1,0
604,3114,2025-03-02 12:16:00,americano,situation,2,1,1
605,3120,2025-06-16 19:59:00,tea,suggest,16,1,1
606,3125,2025-07-20 15:10:00,frappe,situation,25,1,0
607,3129,2025-01-31 19:24:00,americano,situation,3,1,1
608,3147,2025-04-26 19:57:00,cappuccino,suggest,6,1,1
609,3149,2025-03-19 16:07:00,smoothie,situation,21,0,0
610,3159,2025-10-01 13:57:00,coldbrew,situation,8,0,0
611,3172,2025-10-28 16:03:00,coldbrew,situation,7,1,1
612,3173,2025-05-08 15:16:00,frappe,situation,13,0,0
613,3173,2025-05-08 15:16:00,non-coffee,situation,14,1,0
614,3178,2025-01-14 17:37:00,latte,situation,23,1,0
615,3202,2025-08-15 16:30:00,cappuccino,suggest,6,1,1
616,3202,2025-08-15 16:30:00,ade,situation,24,0,0
617,3205,2025-09-17 21:04:00,tea,situation,15,1,1
618,3205,2025-09-17 21:04:00,juice,situation,22,1,1
619,3210,2025-04-13 08:47:00,tea,situation,30,1,1
620,3210,2025-04-13 08:47:00,latte,situation,10,0,0
621,3219,2025-03-15 21:20:00,tea,situation,31,1,0
622,3224,2025-06-16 13:12:00,cappuccino,suggest,6,1,0
623,3228,2025-06-19 12:32:00,latte,situation,5,1,1
624,3235,2025-11-15 08:49:00,espresso,situation,1,1,1
625,3237,2025-10-30 15:34:00,frappe,situation,13,1,0
626,3238,2025-12-30 09:44:00,latte,situation,11,1,0
627,3241,2025-11-06 13:27:00,latte,situation,4,1,1
628,3241,2025-11-06 13:27:00,juice,situation,22,1,1
629,3248,2025-03-07 18:04:00,frappe,suggest,26,1,1
630,3248,2025-03-07 18:04:00,latte,suggest,5,1,1
631,3251,2025-02-25 20:29:00,tea,suggest,17,1,1
632,3251,2025-02-25 20:29:00,frappe,situation,25,0,0
633,3255,2025-06-29 13:49:00,ade,suggest,24,1,0
634,3258,2025-03-29 14:59:00,tea,suggest,30,1,1
635,3261,2025-12-19 08:01:00,tea,suggest,28,0,0
636,3261,2025-12-19 08:01:00,espresso,situation,1,1,1
637,3266,2025-04-17 14:56:00,smoothie,situation,20,1,1
638,3266,2025-04-17 14:56:00,frappe,situation,13,0,0
639,3274,2025-08-19 18:47:00,ade,suggest,18,0,0
640,3278,2025-01-05 15:40:00,frappe,situation,13,1,1
641,3279,2025-03-25 21:28:00,americano,suggest,3,1,0
642,3279,2025-03-25 21:28:00,frappe,suggest,12,0,0
643,3289,2025-11-20 09:19:00,americano,suggest,2,1,0
644,3290,2025-11-27 12:22:00,espresso,suggest,1,0,0
645,3291,2025-10-13 14:09:00,smoothie,situation,21,0,0
646,3295,2025-09-10 16:42:00,smoothie,suggest,32,1,1
647,3298,2025-03-19 12:21:00,tea,situation,28,0,0
648,3298,2025-03-19 12:21:00,latte,situation,23,0,0
649,3299,2025-12-16 14:11:00,latte,situation,23,0,0
650,3310,2025-12-22 12:06:00,frappe,suggest,13,1,1
651,3314,2025-03-09 13:46:00,frappe,situation,26,1,1
652,3322,2025-04-08 09:42:00,ade,suggest,19,1,1
653,3328,2025-04-02 08:48:00,coldbrew,situation,7,0,0
654,3338,2025-12-26 07:26:00,latte,situation,23,0,0
655,3343,2025-08-08 15:24:00,drip,situation,9,1,1
656,3349,2025-09-08 11:20:00,coldbrew,suggest,7,0,0
657,3357,2025-05-21 11:34:00,coldbrew,situation,8,1,0
658,3389,2025-10-23 17:29:00,frappe,situation,13,1,1
659,3394,2025-01-04 12:05:00,coldbrew,situation,7,1,1
660,3400,2025-08-24 16:29:00,tea,situation,27,1,1
661,3410,2025-02-09 19:21:00,tea,situation,31,0,0
662,3412,2025-12-17 12:31:00,tea,situation,27,1,1
663,3422,2025-09-18 15:54:00,frappe,situation,26,1,1
664,3422,2025-09-18 15:54:00,latte,suggest,23,1,1
665,3425,2025-09-22 09:34:00,espresso,suggest,1,1,1
666,3425,2025-09-22 09:34:00,tea,situation,27,0,0
667,3430,2025-12-30 20:48:00,tea,situation,28,1,0
668,3431,2025-02-09 16:02:00,smoothie,situation,32,0,0
669,3431,2025-02-09 16:02:00,juice,situation,22,1,0
670,3432,2025-04-09 14:24:00,non-coffee,suggest,14,0,0
671,3432,2025-04-09 14:24:00,frappe,situation,25,1,1
672,3444,2025-04-18 22:07:00,ade,situation,18,0,0
673,3444,2025-04-18 22:07:00,cappuccino,suggest,6,1,1
674,3469,2025-09-25 13:28:00,ade,situation,18,1,1
675,3477,2025-03-18 12:38:00,tea,situation,29,0,0
676,3477,2025-03-18 12:38:00,tea,situation,15,1,0
677,3480,2025-08-24 18:14:00,tea,suggest,17,0,0
678,3487,2025-09-12 11:04:00,tea,situation,28,0,0
679,3492,2025-10-02 15:44:00,smoothie,situation,21,1,1
680,3493,2025-12-17 12:31:00,ade,situation,18,1,1
681,3502,2025-07-24 20:00:00,cappuccino,suggest,6,0,0
682,3502,2025-07-24 20:00:00,ade,situation,19,0,0
683,3503,2025-02-06 12:15:00,frappe,suggest,13,1,1
684,3505,2025-01-04 09:35:00,espresso,situation,1,0,0
685,3505,2025-01-04 09:35:00,espresso,suggest,1,1,1
686,3536,2025-12-25 15:20:00,ade,situation,18,0,0
687,3536,2025-12-25 15:20:00,frappe,suggest,25,0,0
688,3540,2025-02-28 21:06:00,ade,situation,18,0,0
689,3543,2025-04-27 18:34:00,juice,situation,22,0,0
690,3549,2025-02-26 07:39:00,americano,suggest,2,1,0
691,3555,2025-09-28 08:51:00,latte,situation,23,1,1
692,3556,2025-06-16 11:34:00,espresso,suggest,1,1,0
693,3556,2025-06-16 11:34:00,ade,situation,18,1,1
694,3591,2025-04-11 12:00:00,tea,situation,30,1,1
695,3591,2025-04-11 12:00:00,ade,situation,19,1,1
696,3594,2025-05-22 13:33:00,smoothie,suggest,20,1,0
697,3594,2025-05-22 13:33:00,latte,situation,5,0,0
698,3602,2025-01-15 08:42:00,tea,situation,15,1,0
699,3608,2025-02-07 22:30:00,latte,suggest,23,0,0
700,3608,2025-02-07 22:30:00,tea,suggest,17,0,0
701,3612,2025-07-21 21:03:00,tea,suggest,15,1,0
702,3613,2025-07-26 20:26:00,non-coffee,suggest,14,1,1
703,3614,2025-04-09 08:34:00,coldbrew,situation,7,0,0
704,3614,2025-04-09 08:34:00,tea,situation,29,1,0
705,3617,2025-10-02 14:37:00,tea,situation,30,0,0
706,3618,2025-12-13 16:28:00,tea,situation,17,0,0
707,3621,2025-10-26 11:19:00,tea,situation,31,0,0
708,3628,2025-02-12 15:20:00,frappe,situation,12,1,1
709,3631,2025-09-09 07:56:00,coldbrew,situation,7,1,1
710,3633,2025-05-03 16:01:00,latte,suggest,10,0,0
711,3636,2025-02-16 18:40:00,drip,situation,9,0,0
712,3636,2025-02-16 18:40:00,frappe,situation,26,0,0
713,3637,2025-12-30 17:12:00,latte,situation,10,0,0
714,3637,2025-12-30 17:12:00,tea,situation,27,1,0
715,3638,2025-01-24 15:14:00,tea,situation,27,0,0
716,3649,2025-09-05 14:30:00,tea,suggest,15,1,1
717,3658,2025-06-13 12:24:00,americano,suggest,3,0,0
718,3681,2025-08-19 08:48:00,tea,situation,28,0,0
719,3681,2025-08-19 08:48:00,frappe,suggest,12,1,1
720,3685,2025-12-12 16:08:00,frappe,suggest,12,1,1
721,3690,2025-06-14 12:23:00,latte,situation,23,1,1
722,3694,2025-10-29 20:15:00,tea,suggest,31,0,0
723,3701,2025-01-21 12:55:00,coldbrew,situation,8,0,0
724,3707,2025-12-15 20:15:00,tea,situation,17,1,0
725,3707,2025-12-15 20:15:00,tea,suggest,17,1,1
726,3731,2025-12-19 21:33:00,espresso,situation,1,0,0
727,3734,2025-10-14 13:17:00,tea,situation,16,0,0
728,3734,2025-10-14 13:17:00,espresso,situation,1,1,0
729,3737,2025-07-08 08:04:00,tea,suggest,28,0,0
730,3746,2025-06-07 15:28:00,latte,situation,4,0,0
731,3751,2025-09-30 21:43:00,latte,situation,4,0,0
732,3756,2025-12-23 14:56:00,juice,situation,22,1,1
733,3769,2025-05-16 13:46:00,ade,situation,24,1,1
734,3771,2025-10-10 13:21:00,tea,situation,27,0,0
735,3773,2025-10-05 16:57:00,ade,situation,24,0,0
736,3775,2025-02-09 08:31:00,drip,suggest,9,1,0
737,3781,2025-10-04 19:47:00,tea,situation,15,1,0
738,3785,2025-12-31 15:39:00,ade,situation,19,0,0
739,3803,2025-05-24 17:49:00,smoothie,situation,20,0,0
740,3803,2025-05-24 17:49:00,frappe,suggest,26,0,0
741,3805,2025-11-28 15:21:00,frappe,situation,13,1,0
742,3808,2025-05-21 15:34:00,americano,situation,2,0,0
743,3821,2025-04-06 18:52:00,drip,situation,9,1,1
744,3822,2025-03-18 12:18:00,frappe,suggest,12,0,0
745,3823,2025-07-12 16:30:00,tea,situation,30,1,0
746,3823,2025-07-12 16:30:00,frappe,situation,12,0,0
747,3836,2025-02-10 08:32:00,espresso,suggest,1,0,0
748,3841,2025-06-23 14:25:00,cappuccino,situation,6,1,1
749,3846,2025-01-16 14:21:00,latte,situation,4,1,1
750,3846,2025-01-16 14:21:00,non-coffee,situation,14,0,0
751,3848,2025-09-18 12:59:00,latte,situation,23,1,0
752,3848,2025-09-18 12:59:00,ade,suggest,19,0,0
753,3852,2025-03-09 08:35:00,tea,situation,17,0,0
754,3863,2025-07-19 12:50:00,latte,suggest,11,1,0
755,3875,2025-11-28 12:48:00,non-coffee,situation,14,1,1
756,3883,2025-01-14 15:10:00,espresso,situation,1,1,1
757,3886,2025-03-04 15:19:00,frappe,situation,26,0,0
758,3897,2025-11-11 16:08:00,tea,situation,17,0,0
759,3897,2025-11-11 16:08:00,latte,situation,10,0,0
760,3905,2025-02-22 15:17:00,frappe,situation,13,1,1
761,3909,2025-05-04 15:56:00,latte,situation,4,1,0
762,3909,2025-05-04 15:56:00,tea,suggest,27,0,0
763,3920,2025-12-17 08:09:00,tea,situation,30,0,0
764,3920,2025-12-17 08:09:00,frappe,situation,13,0,0
765,3925,2025-05-14 08:24:00,tea,suggest,17,1,1
766,3925,2025-05-14 08:24:00,americano,situation,3,1,1
767,3928,2025-01-25 13:34:00,tea,situation,29,0,0
768,3933,2025-02-12 14:31:00,tea,situation,31,0,0
769,3937,2025-06-30 17:52:00,latte,situation,4,0,0
770,3941,2025-02-21 09:49:00,latte,situation,5,0,0
771,3943,2025-02-09 18:32:00,smoothie,situation,32,0,0
772,3943,2025-02-09 18:32:00,ade,situation,19,1,1
773,3944,2025-08-19 14:46:00,frappe,suggest,13,0,0
774,3951,2025-09-06 20:57:00,tea,situation,28,0,0
775,3954,2025-02-17 14:42:00,latte,situation,5,0,0
776,3956,2025-03-30 19:53:00,smoothie,situation,21,1,1
777,3956,2025-03-30 19:53:00,frappe,situation,26,0,0
778,3960,2025-02-28 13:25:00,latte,situation,5,0,0
779,3976,2025-04-15 09:21:00,latte,suggest,4,1,0
780,3976,2025-04-15 09:21:00,espresso,suggest,1,1,0
781,3986,2025-01-14 11:31:00,americano,suggest,2,0,0
782,3990,2025-09-18 13:33:00,americano,situation,3,0,0
783,3990,2025-09-18 13:33:00,americano,situation,3,1,0
784,3992,2025-03-07 09:11:00,frappe,situation,26,1,1
785,3993,2025-09-21 09:23:00,juice,situation,22,0,0
786,3993,2025-09-21 09:23:00,frappe,situation,12,1,1
787,3994,2025-01-21 15:56:00,smoothie,situation,32,0,0
788,3997,2025-05-26 14:45:00,tea,suggest,29,0,0
789,3999,2025-09-02 08:05:00,americano,situation,2,1,1
790,4009,2025-04-02 12:35:00,smoothie,situation,20,1,1
791,4015,2025-09-21 18:02:00,coldbrew,situation,8,1,1
792,4015,2025-09-21 18:02:00,tea,suggest,15,1,0
793,4025,2025-02-07 09:34:00,americano,suggest,2,0,0
794,4029,2025-03-28 07:57:00,tea,situation,27,0,0
795,4030,2025-05-04 08:40:00,latte,situation,23,1,1
796,4036,2025-01-09 19:00:00,latte,situation,10,1,0
797,4038,2025-03-23 13:31:00,latte,situation,23,1,0
798,4043,2025-07-28 15:16:00,tea,situation,30,0,0
799,4043,2025-07-28 15:16:00,frappe,situation,12,0,0
800,4046,2025-04-02 15:19:00,americano,situation,3,1,1
801,4050,2025-04-20 11:24:00,tea,suggest,28,0,0
802,4051,2025-01-24 18:04:00,drip,situation,9,1,0
803,4051,2025-01-24 18:04:00,frappe,suggest,25,0,0
804,4068,2025-01-27 09:35:00,smoothie,situation,20,1,1
805,4068,2025-01-27 09:35:00,latte,situation,23,1,1
806,4071,2025-02-01 15:56:00,latte,suggest,23,1,1
807,4071,2025-02-01 15:56:00,tea,suggest,15,1,1
808,4072,2025-01-05 09:16:00,coldbrew,situation,8,0,0
809,4072,2025-01-05 09:16:00,smoothie,situation,20,1,0
810,4082,2025-10-02 08:13:00,latte,situation,5,1,1
811,4089,2025-08-04 08:47:00,tea,situation,31,1,1
812,4103,2025-08-13 08:38:00,tea,situation,15,1,1
813,4105,2025-08-15 17:12:00,tea,suggest,27,0,0
814,4109,2025-12-03 07:08:00,tea,situation,16,0,0
815,4115,2025-07-11 09:47:00,latte,situation,23,0,0
816,4117,2025-05-28 18:01:00,ade,situation,18,0,0
817,4119,2025-09-04 12:15:00,ade,situation,19,0,0
818,4120,2025-05-03 12:49:00,americano,situation,3,0,0
819,4128,2025-03-25 13:11:00,cappuccino,situation,6,1,0
820,4141,2025-01-06 11:28:00,tea,suggest,31,0,0
821,4147,2025-12-07 12:29:00,tea,suggest,15,1,1
822,4147,2025-12-07 12:29:00,ade,situation,19,0,0
823,4149,2025-06-22 09:56:00,coldbrew,situation,7,0,0
824,4151,2025-06-21 08:38:00,americano,suggest,2,1,1
825,4153,2025-07-13 07:22:00,latte,suggest,4,1,1
826,4154,2025-09-30 16:52:00,tea,situation,15,1,0
827,4155,2025-05-09 15:34:00,tea,situation,29,1,0
828,4156,2025-12-17 12:26:00,frappe,situation,26,0,0
829,4179,2025-10-12 16:18:00,tea,suggest,29,0,0
830,4180,2025-09-23 09:54:00,frappe,situation,25,1,0
831,4181,2025-01-03 17:40:00,tea,suggest,27,1,0
832,4184,2025-09-14 19:48:00,tea,situation,17,0,0
833,4185,2025-06-28 09:58:00,latte,situation,4,0,0
834,4195,2025-10-12 15:59:00,frappe,situation,12,0,0
835,4195,2025-10-12 15:59:00,ade,situation,24,1,1
836,4202,2025-12-07 08:30:00,frappe,suggest,25,0,0
837,4208,2025-05-06 15:08:00,tea,situation,16,0,0
838,4211,2025-04-05 14:39:00,tea,situation,15,1,1
839,4222,2025-09-01 22:49:00,juice,situation,22,0,0
840,4223,2025-01-15 17:37:00,frappe,suggest,12,0,0
841,4224,2025-01-27 09:15:00,drip,situation,9,1,1
842,4224,2025-01-27 09:15:00,tea,situation,29,0,0
843,4240,2025-03-30 15:51:00,frappe,situation,26,1,1
844,4269,2025-03-15 08:05:00,latte,suggest,23,0,0
845,4286,2025-09-28 22:28:00,frappe,situation,26,1,1
846,4290,2025-12-03 07:24:00,tea,situation,27,0,0
847,4293,2025-10-06 16:56:00,frappe,suggest,26,0,0
848,4295,2025-03-16 17:15:00,tea,suggest,31,1,1
849,4298,2025-06-21 11:12:00,latte,situation,4,1,0
850,4298,2025-06-21 11:12:00,latte,situation,5,1,1
851,4308,2025-07-18 16:55:00,smoothie,suggest,20,1,1
852,4312,2025-11-13 20:45:00,latte,situation,5,0,0
853,4312,2025-11-13 20:45:00,tea,situation,16,1,1
854,4330,2025-05-03 07:57:00,drip,suggest,9,1,0
855,4330,2025-05-03 07:57:00,coldbrew,situation,7,1,1
856,4331,2025-07-17 11:56:00,smoothie,suggest,20,1,1
857,4334,2025-01-17 14:25:00,tea,situation,16,0,0
858,4334,2025-01-17 14:25:00,frappe,situation,13,1,0
859,4335,2025-10-06 07:54:00,drip,situation,9,1,1
860,4354,2025-06-16 15:50:00,latte,situation,11,1,0
861,4354,2025-06-16 15:50:00,frappe,suggest,12,1,1
862,4356,2025-12-08 12:23:00,americano,suggest,3,1,1
863,4364,2025-03-09 13:21:00,smoothie,situation,21,1,0
864,4366,2025-03-10 21:50:00,tea,situation,31,0,0
865,4366,2025-03-10 21:50:00,frappe,situation,13,0,0
866,4376,2025-01-16 17:15:00,americano,situation,2,1,1
867,4379,2025-07-19 19:35:00,latte,situation,4,0,0
868,4379,2025-07-19 19:35:00,tea,situation,15,0,0
869,4381,2025-07-09 16:36:00,ade,situation,19,1,0
870,4381,2025-07-09 16:36:00,tea,suggest,29,0,0
871,4392,2025-08-08 18:20:00,tea,suggest,27,0,0
872,4397,2025-07-30 22:48:00,tea,situation,31,0,0
873,4397,2025-07-30 22:48:00,tea,situation,31,1,0
874,4398,2025-07-27 20:52:00,frappe,situation,26,1,0
875,4398,2025-07-27 20:52:00,frappe,situation,12,1,0
876,4414,2025-07-05 14:14:00,smoothie,situation,20,0,0
877,4414,2025-07-05 14:14:00,coldbrew,suggest,7,1,0
878,4424,2025-09-03 15:09:00,non-coffee,suggest,14,1,0
879,4433,2025-05-30 08:24:00,latte,suggest,10,1,0
880,4440,2025-02-19 12:47:00,frappe,situation,25,1,0
881,4458,2025-03-13 21:45:00,frappe,situation,26,0,0
882,4458,2025-03-13 21:45:00,tea,situation,15,1,1
883,4460,2025-01-01 14:45:00,frappe,situation,13,0,0
884,4463,2025-07-26 13:31:00,drip,situation,9,1,1
885,4480,2025-08-03 13:23:00,tea,situation,28,0,0
886,4486,2025-05-12 17:27:00,americano,situation,2,1,0
887,4504,2025-06-10 08:22:00,americano,situation,3,1,1
888,4508,2025-06-03 17:21:00,frappe,situation,13,0,0
889,4510,2025-10-21 16:05:00,tea,situation,15,1,1
890,4514,2025-06-02 20:15:00,juice,situation,22,0,0
891,4514,2025-06-02 20:15:00,americano,situation,2,0,0
892,4520,2025-03-12 12:55:00,latte,situation,5,0,0
893,4520,2025-03-12 12:55:00,americano,suggest,2,1,1
894,4523,2025-12-27 13:19:00,frappe,situation,26,1,1
895,4523,2025-12-27 13:19:00,ade,situation,19,1,0
896,4532,2025-01-30 08:00:00,tea,suggest,31,1,1
897,4532,2025-01-30 08:00:00,frappe,suggest,12,1,1
898,4535,2025-10-31 14:33:00,coldbrew,situation,7,0,0
899,4536,2025-08-24 08:15:00,latte,situation,23,1,0
900,4556,2025-03-01 20:30:00,frappe,suggest,25,0,0
901,4560,2025-05-09 08:20:00,tea,situation,15,0,0
902,4563,2025-10-01 09:43:00,tea,situation,31,1,0
903,4566,2025-05-04 17:59:00,juice,situation,22,1,1
904,4569,2025-07-02 08:20:00,latte,suggest,23,1,1
905,4571,2025-10-16 17:54:00,frappe,suggest,12,1,0
906,4572,2025-06-01 15:23:00,latte,situation,4,0,0
907,4576,2025-10-05 13:51:00,coldbrew,suggest,8,0,0
908,4578,2025-08-03 14:58:00,latte,situation,23,1,1
909,4579,2025-01-13 11:14:00,americano,situation,2,1,1
910,4584,2025-01-11 14:23:00,tea,situation,29,1,1
911,4593,2025-05-03 16:01:00,frappe,situation,12,1,0
912,4593,2025-05-03 16:01:00,smoothie,situation,20,1,1
913,4597,2025-12-09 14:17:00,ade,situation,18,1,1
914,4606,2025-06-22 19:37:00,tea,suggest,28,0,0
915,4607,2025-02-02 17:06:00,tea,suggest,15,1,1
916,4612,2025-10-08 13:42:00,tea,suggest,27,0,0
917,4617,2025-09-04 17:32:00,frappe,suggest,25,0,0
918,4618,2025-06-12 13:28:00,tea,situation,27,1,0
919,4622,2025-01-12 13:43:00,drip,suggest,9,0,0
920,4622,2025-01-12 13:43:00,latte,suggest,5,0,0
921,4625,2025-12-16 17:06:00,smoothie,situation,32,1,1
922,4625,2025-12-16 17:06:00,frappe,situation,26,0,0
923,4627,2025-11-03 15:45:00,tea,suggest,27,0,0
924,4634,2025-03-20 07:02:00,frappe,situation,25,1,1
925,4635,2025-09-29 15:21:00,smoothie,situation,21,1,1
926,4639,2025-09-07 13:46:00,cappuccino,situation,6,1,0
927,4639,2025-09-07 13:46:00,ade,suggest,18,1,1
928,4643,2025-04-07 16:09:00,tea,suggest,28,1,0
929,4700,2025-12-28 17:51:00,frappe,situation,12,1,0
930,4723,2025-02-09 14:45:00,tea,situation,15,1,0
931,4723,2025-02-09 14:45:00,frappe,situation,26,0,0
932,4727,2025-09-11 07:07:00,latte,suggest,11,1,1
933,4744,2025-06-29 14:07:00,frappe,suggest,13,0,0
934,4746,2025-12-28 07:16:00,drip,situation,9,0,0
935,4748,2025-09-30 16:36:00,frappe,situation,25,1,1
936,4748,2025-09-30 16:36:00,frappe,suggest,12,0,0
937,4750,2025-08-07 20:28:00,tea,situation,31,1,0
938,4750,2025-08-07 20:28:00,cappuccino,situation,6,1,1
939,4756,2025-01-25 15:17:00,tea,suggest,29,1,0
940,4756,2025-01-25 15:17:00,ade,situation,19,1,1
941,4764,2025-07-14 14:57:00,smoothie,situation,32,0,0
942,4765,2025-03-28 17:42:00,juice,situation,22,1,1
943,4765,2025-03-28 17:42:00,coldbrew,situation,7,1,0
944,4766,2025-03-27 16:39:00,tea,situation,17,0,0
945,4785,2025-09-28 13:27:00,americano,suggest,3,1,1
946,4786,2025-07-16 22:13:00,smoothie,suggest,21,0,0
947,4794,2025-12-16 15:28:00,non-coffee,suggest,14,0,0
948,4796,2025-04-16 12:42:00,frappe,situation,26,1,0
949,4798,2025-11-30 16:55:00,americano,suggest,2,0,0
950,4799,2025-12-09 18:04:00,tea,suggest,31,1,0
951,4802,2025-04-03 16:46:00,ade,suggest,18,0,0
952,4802,2025-04-03 16:46:00,americano,situation,2,0,0
953,4814,2025-06-17 15:57:00,smoothie,suggest,20,0,0
954,4814,2025-06-17 15:57:00,frappe,suggest,26,0,0
955,4821,2025-05-25 12:51:00,frappe,situation,25,0,0
956,4821,2025-05-25 12:51:00,smoothie,situation,21,1,1
957,4831,2025-04-25 21:03:00,smoothie,situation,21,0,0
958,4838,2025-03-29 09:00:00,tea,situation,15,0,0
959,4846,2025-05-08 12:45:00,latte,suggest,5,1,1
960,4846,2025-05-08 12:45:00,americano,suggest,2,1,0
961,4853,2025-09-15 12:43:00,frappe,situation,13,1,1
962,4867,2025-09-01 16:24:00,frappe,situation,12,1,1
963,4867,2025-09-01 16:24:00,latte,suggest,11,0,0
964,4875,2025-09-22 16:56:00,tea,situation,27,1,1
965,4875,2025-09-22 16:56:00,smoothie,suggest,32,1,0
966,4876,2025-06-12 09:00:00,smoothie,situation,32,0,0
967,4876,2025-06-12 09:00:00,tea,situation,29,0,0
968,4878,2025-11-26 17:47:00,coldbrew,situation,7,0,0
969,4879,2025-01-12 16:29:00,tea,suggest,27,0,0
970,4880,2025-04-29 19:17:00,tea,situation,16,0,0
971,4886,2025-10-20 09:35:00,ade,suggest,24,0,0
972,4887,2025-10-04 17:36:00,tea,situation,17,0,0
973,4887,2025-10-04 17:36:00,tea,suggest,28,0,0
974,4888,2025-05-02 11:21:00,smoothie,situation,21,0,0
975,4893,2025-11-03 20:42:00,tea,situation,31,0,0
976,4894,2025-08-15 20:58:00,frappe,situation,12,1,1
977,4894,2025-08-15 20:58:00,smoothie,situation,21,0,0
978,4902,2025-03-11 18:39:00,frappe,suggest,12,1,1
979,4910,2025-01-27 13:55:00,ade,suggest,19,1,0
980,4914,2025-06-13 19:56:00,latte,situation,23,0,0
981,4927,2025-08-14 19:47:00,ade,situation,19,0,0
982,4959,2025-06-30 09:58:00,americano,suggest,3,1,1
983,4968,2025-01-26 15:41:00,tea,situation,31,1,1
984,4972,2025-09-05 19:42:00,non-coffee,suggest,14,0,0
985,4972,2025-09-05 19:42:00,latte,situation,5,1,1
986,4973,2025-12-08 19:52:00,frappe,suggest,25,1,1
987,4980,2025-04-04 13:50:00,coldbrew,situation,7,0,0
988,4984,2025-12-04 19:22:00,latte,suggest,4,1,0
989,4984,2025-12-04 19:22:00,latte,suggest,11,0,0
990,4997,2025-09-08 19:06:00,latte,situation,5,1,1
991,4998,2025-01-19 17:08:00,ade,suggest,18,1,0
992,4998,2025-01-19 17:08:00,tea,situation,28,1,1
993,4999,2025-05-28 11:28:00,latte,situation,5,0,0
994,5000,2025-01-21 16:35:00,frappe,suggest,25,1,1
995,5000,2025-01-21 16:35:00,ade,suggest,18,1,1
996,5001,2025-10-20 13:02:00,frappe,situation,26,1,1
997,5004,2025-12-04 18:23:00,tea,situation,31,0,0
998,5006,2025-02-04 16:51:00,latte,suggest,10,1,1
999,5006,2025-02-04 16:51:00,latte,situation,23,0,0
1000,5023,2025-03-12 12:28:00,tea,suggest,30,1,1
1001,5030,2025-09-13 22:39:00,tea,situation,28,0,0
1002,5040,2025-10-09 16:15:00,coldbrew,situation,7,1,0
1003,5071,2025-03-01 08:01:00,americano,situation,3,1,0
1004,5071,2025-03-01 08:01:00,americano,situation,2,0,0
1005,5072,2025-12-24 16:26:00,smoothie,situation,32,1,1
1006,5072,2025-12-24 16:26:00,ade,suggest,24,1,1
1007,5073,2025-02-27 15:36:00,latte,situation,4,0,0
1008,5081,2025-03-26 09:04:00,americano,situation,3,0,0
1009,5081,2025-03-26 09:04:00,smoothie,situation,32,1,1
1010,5083,2025-04-14 17:54:00,tea,suggest,28,0,0
1011,5083,2025-04-14 17:54:00,tea,situation,16,1,0
1012,5088,2025-09-03 14:30:00,ade,situation,18,1,1
1013,5092,2025-05-31 12:40:00,drip,suggest,9,1,0
1014,5092,2025-05-31 12:40:00,espresso,situation,1,1,1
1015,5094,2025-05-06 20:37:00,latte,situation,10,1,1
1016,5094,2025-05-06 20:37:00,coldbrew,situation,7,1,1
1017,5101,2025-09-10 08:54:00,tea,suggest,29,1,0
1018,5101,2025-09-10 08:54:00,americano,situation,2,1,1
1019,5108,2025-04-25 15:29:00,coldbrew,suggest,7,1,0
1020,5122,2025-06-22 11:07:00,latte,situation,11,1,1
1021,5126,2025-11-09 17:12:00,ade,situation,19,0,0
1022,5141,2025-09-22 12:57:00,frappe,situation,25,1,1
1023,5141,2025-09-22 12:57:00,latte,situation,5,0,0
1024,5147,2025-12-14 15:25:00,tea,situation,28,0,0
1025,5149,2025-07-17 14:27:00,latte,situation,23,1,0
1026,5149,2025-07-17 14:27:00,latte,situation,4,1,0
1027,5156,2025-03-18 12:29:00,latte,situation,10,0,0
1028,5156,2025-03-18 12:29:00,latte,situation,4,0,0
1029,5180,2025-05-08 17:17:00,coldbrew,suggest,8,1,1
1030,5183,2025-01-24 17:17:00,smoothie,situation,21,0,0
1031,5185,2025-08-22 13:41:00,ade,suggest,19,0,0
1032,5189,2025-12-29 09:23:00,non-coffee,situation,14,1,1
1033,5194,2025-04-03 13:40:00,frappe,suggest,25,0,0
1034,5195,2025-08-12 18:26:00,smoothie,situation,20,0,0
1035,5207,2025-12-02 19:36:00,americano,situation,2,1,1
1036,5207,2025-12-02 19:36:00,tea,situation,17,1,1
1037,5212,2025-11-13 09:53:00,tea,situation,31,1,0
1038,5212,2025-11-13 09:53:00,espresso,suggest,1,1,0
1039,5213,2025-05-28 11:00:00,latte,situation,23,1,1
1040,5213,2025-05-28 11:00:00,latte,suggest,23,1,1
1041,5217,2025-04-28 16:20:00,frappe,situation,26,0,0
1042,5218,2025-09-15 12:06:00,latte,situation,4,0,0
1043,5234,2025-08-09 12:13:00,frappe,suggest,13,1,0
1044,5234,2025-08-09 12:13:00,juice,situation,22,1,1
1045,5246,2025-10-13 07:56:00,latte,situation,11,1,1
1046,5246,2025-10-13 07:56:00,latte,suggest,23,1,1
1047,5250,2025-02-04 18:02:00,coldbrew,situation,8,1,0
1048,5250,2025-02-04 18:02:00,latte,suggest,11,1,1
1049,5255,2025-11-20 16:11:00,frappe,situation,25,0,0
1050,5261,2025-08-28 16:16:00,latte,suggest,5,0,0
1051,5277,2025-11-01 16:11:00,tea,suggest,31,1,1
1052,5279,2025-10-10 13:17:00,frappe,situation,26,1,1
1053,5279,2025-10-10 13:17:00,tea,situation,17,1,1
1054,5284,2025-10-01 09:53:00,tea,situation,15,0,0
1055,5284,2025-10-01 09:53:00,frappe,situation,26,1,0
1056,5286,2025-10-23 20:48:00,latte,suggest,23,1,0
1057,5286,2025-10-23 20:48:00,frappe,suggest,12,1,1
1058,5291,2025-12-19 13:18:00,tea,situation,15,0,0
1059,5294,2025-11-14 19:27:00,latte,situation,11,1,1
1060,5295,2025-03-15 19:10:00,americano,situation,2,0,0
1061,5304,2025-01-25 22:14:00,tea,situation,17,1,1
1062,5305,2025-04-12 19:05:00,latte,situation,10,0,0
1063,5305,2025-04-12 19:05:00,tea,suggest,16,1,0
1064,5308,2025-01-25 07:17:00,tea,suggest,16,1,1
1065,5310,2025-07-10 15:47:00,tea,situation,15,1,0
1066,5325,2025-09-19 15:19:00,americano,suggest,2,0,0
1067,5332,2025-06-17 11:51:00,tea,situation,27,0,0
1068,5332,2025-06-17 11:51:00,latte,situation,4,0,0
1069,5342,2025-08-10 20:19:00,smoothie,suggest,32,1,1
1070,5346,2025-05-17 09:52:00,latte,suggest,5,1,0
1071,5346,2025-05-17 09:52:00,latte,situation,11,1,1
1072,5351,2025-12-15 19:54:00,juice,suggest,22,1,1
1073,5351,2025-12-15 19:54:00,americano,situation,3,0,0
1074,5353,2025-05-15 22:25:00,frappe,suggest,25,1,1
1075,5357,2025-12-28 18:15:00,tea,situation,31,1,1
1076,5360,2025-07-11 07:27:00,latte,situation,11,0,0
1077,5361,2025-11-06 17:54:00,coldbrew,situation,8,1,1
1078,5365,2025-08-21 09:07:00,ade,suggest,24,1,1
1079,5372,2025-07-21 17:46:00,tea,situation,30,1,1
1080,5375,2025-06-02 20:08:00,frappe,situation,26,0,0
1081,5379,2025-12-12 15:08:00,drip,situation,9,1,1
1082,5396,2025-12-10 14:52:00,ade,situation,19,1,0
1083,5406,2025-10-02 16:29:00,tea,situation,17,1,0
1084,5415,2025-09-16 07:56:00,americano,situation,2,1,1
1085,5420,2025-10-07 12:21:00,tea,situation,17,0,0
1086,5432,2025-06-28 11:38:00,coldbrew,suggest,7,1,1
1087,5434,2025-07-15 12:00:00,smoothie,situation,32,0,0
1088,5434,2025-07-15 12:00:00,cappuccino,situation,6,1,1
1089,5441,2025-12-05 15:12:00,tea,situation,30,0,0
1090,5446,2025-05-03 14:00:00,latte,suggest,23,1,1
1091,5452,2025-06-22 16:28:00,tea,situation,27,0,0
1092,5453,2025-10-08 22:20:00,latte,situation,11,0,0
1093,5468,2025-12-14 07:09:00,latte,situation,23,0,0
1094,5469,2025-11-14 08:25:00,americano,suggest,3,1,0
1095,5474,2025-04-19 19:43:00,smoothie,situation,21,1,1
1096,5475,2025-07-01 21:31:00,latte,situation,5,1,1
1097,5487,2025-10-31 12:23:00,tea,suggest,30,0,0
1098,5497,2025-07-25 19:56:00,tea,suggest,29,1,0
1099,5497,2025-07-25 19:56:00,frappe,situation,25,1,1
1100,5508,2025-11-20 14:12:00,coldbrew,suggest,8,0,0
1101,5508,2025-11-20 14:12:00,frappe,suggest,13,0,0
1102,5525,2025-12-17 20:13:00,ade,suggest,24,0,0
1103,5538,2025-05-28 19:29:00,latte,situation,23,0,0
1104,5541,2025-03-21 14:34:00,frappe,situation,12,0,0
1105,5546,2025-02-05 14:46:00,latte,suggest,23,1,0
1106,5546,2025-02-05 14:46:00,juice,suggest,22,0,0
1107,5548,2025-04-06 12:44:00,coldbrew,situation,7,1,1
1108,5555,2025-06-01 13:21:00,coldbrew,situation,7,1,1
1109,5557,2025-09-18 11:03:00,cappuccino,suggest,6,1,0
1110,5576,2025-02-18 16:55:00,smoothie,situation,21,0,0
1111,5582,2025-10-04 12:11:00,latte,situation,4,1,1
1112,5583,2025-02-01 12:26:00,tea,situation,28,0,0
1113,5588,2025-12-03 13:22:00,tea,situation,31,0,0
1114,5595,2025-03-18 09:31:00,tea,situation,29,1,1
1115,5627,2025-08-10 07:10:00,latte,situation,4,1,1
1116,5630,2025-09-03 15:40:00,frappe,suggest,12,0,0
1117,5635,2025-05-21 17:39:00,smoothie,situation,21,1,0
1118,5636,2025-02-01 14:29:00,tea,situation,28,1,0
1119,5638,2025-12-20 18:33:00,juice,suggest,22,0,0
1120,5639,2025-01-26 13:36:00,americano,situation,3,0,0
1121,5646,2025-06-08 07:28:00,tea,situation,15,0,0
1122,5674,2025-01-14 12:07:00,latte,suggest,4,1,0
1123,5675,2025-12-17 08:37:00,tea,suggest,31,1,0
1124,5681,2025-05-09 08:45:00,drip,situation,9,1,1
1125,5684,2025-06-28 14:37:00,tea,situation,15,0,0
1126,5690,2025-10-01 12:55:00,latte,situation,23,1,1
1127,5702,2025-02-21 09:22:00,americano,situation,3,1,1
1128,5703,2025-11-14 16:48:00,smoothie,situation,20,1,0
1129,5703,2025-11-14 16:48:00,frappe,situation,26,0,0
1130,5711,2025-10-19 08:05:00,smoothie,suggest,21,1,0
1131,5711,2025-10-19 08:05:00,tea,situation,31,1,0
1132,5726,2025-12-13 16:20:00,latte,situation,23,0,0
1133,5731,2025-07-11 13:07:00,frappe,situation,13,0,0
1134,5735,2025-08-14 08:25:00,ade,situation,18,0,0
1135,5741,2025-07-02 15:11:00,ade,situation,24,1,1
1136,5745,2025-11-10 09:08:00,coldbrew,suggest,8,1,1
1137,5745,2025-11-10 09:08:00,tea,situation,31,0,0
1138,5752,2025-01-26 14:43:00,ade,situation,24,1,1
1139,5753,2025-10-02 14:25:00,frappe,situation,25,1,1
1140,5755,2025-03-19 17:16:00,juice,situation,22,0,0
1141,5755,2025-03-19 17:16:00,cappuccino,situation,6,0,0
1142,5760,2025-06-04 16:21:00,frappe,situation,26,1,1
1143,5768,2025-04-05 13:40:00,tea,suggest,17,1,0
1144,5789,2025-11-19 12:49:00,smoothie,situation,20,1,0
1145,5814,2025-10-01 09:47:00,tea,situation,16,0,0
1146,5842,2025-10-08 14:56:00,juice,situation,22,0,0
1147,5842,2025-10-08 14:56:00,drip,situation,9,1,1
1148,5848,2025-04-30 11:58:00,smoothie,suggest,32,1,1
1149,5848,2025-04-30 11:58:00,non-coffee,suggest,14,0,0
1150,5865,2025-03-23 16:58:00,latte,suggest,5,0,0
1151,5865,2025-03-23 16:58:00,latte,suggest,23,1,1
1152,5880,2025-08-17 15:46:00,frappe,situation,25,0,0
1153,5880,2025-08-17 15:46:00,tea,situation,27,1,0
1154,5886,2025-03-25 11:00:00,americano,situation,3,0,0
1155,5886,2025-03-25 11:00:00,coldbrew,situation,8,1,0
1156,5887,2025-10-10 07:33:00,latte,situation,10,1,0
1157,5888,2025-04-28 12:09:00,frappe,situation,13,1,0
1158,5889,2025-09-16 13:44:00,smoothie,situation,32,1,1
1159,5890,2025-02-28 18:04:00,drip,situation,9,0,0
1160,5890,2025-02-28 18:04:00,coldbrew,situation,7,0,0
1161,5892,2025-12-07 12:19:00,drip,situation,9,1,1
1162,5892,2025-12-07 12:19:00,latte,suggest,11,1,1
1163,5905,2025-11-01 17:40:00,frappe,suggest,13,1,1
1164,5913,2025-12-13 15:34:00,tea,suggest,29,1,0
1165,5916,2025-09-03 16:18:00,tea,situation,15,1,0
1166,5916,2025-09-03 16:18:00,smoothie,situation,32,1,1
1167,5918,2025-05-18 09:38:00,smoothie,suggest,32,1,1
1168,5918,2025-05-18 09:38:00,tea,situation,31,1,0
1169,5928,2025-10-18 11:12:00,smoothie,situation,20,0,0
1170,5928,2025-10-18 11:12:00,drip,situation,9,0,0
1171,5934,2025-07-02 07:35:00,americano,situation,2,1,0
1172,5940,2025-09-03 13:55:00,drip,suggest,9,1,1
1173,5941,2025-07-08 08:52:00,latte,situation,5,1,1
1174,5948,2025-09-10 17:54:00,ade,situation,18,0,0
1175,5948,2025-09-10 17:54:00,tea,situation,16,1,1
1176,5960,2025-04-18 14:35:00,smoothie,situation,32,1,0
1177,5960,2025-04-18 14:35:00,espresso,situation,1,1,1
1178,5967,2025-04-21 15:34:00,latte,situation,23,1,1
1179,5967,2025-04-21 15:34:00,smoothie,suggest,20,0,0
1180,5994,2025-05-28 09:06:00,tea,suggest,30,1,0
1181,5999,2025-10-04 09:05:00,ade,situation,24,1,1
1182,6006,2025-04-07 07:45:00,non-coffee,suggest,14,1,1
1183,6006,2025-04-07 07:45:00,tea,situation,29,1,1
1184,6007,2025-11-24 15:51:00,latte,suggest,5,0,0
1185,6016,2025-07-09 18:49:00,ade,situation,18,1,0
1186,6051,2025-10-08 19:47:00,smoothie,situation,20,1,1
1187,6051,2025-10-08 19:47:00,cappuccino,situation,6,0,0
1188,6062,2025-02-20 13:14:00,ade,suggest,19,0,0
1189,6062,2025-02-20 13:14:00,tea,situation,27,1,1
1190,6064,2025-10-15 08:29:00,drip,situation,9,0,0
1191,6066,2025-10-25 11:56:00,tea,suggest,30,1,1
1192,6066,2025-10-25 11:56:00,frappe,situation,12,0,0
1193,6068,2025-07-09 12:23:00,tea,situation,30,0,0
1194,6068,2025-07-09 12:23:00,frappe,suggest,26,0,0
1195,6072,2025-08-18 13:18:00,latte,situation,5,1,0
1196,6075,2025-07-15 19:16:00,tea,suggest,27,1,0
1197,6075,2025-07-15 19:16:00,tea,situation,27,1,1
1198,6079,2025-08-28 12:01:00,smoothie,suggest,21,0,0
1199,6079,2025-08-28 12:01:00,ade,situation,19,1,1
1200,6089,2025-03-28 09:22:00,latte,situation,23,1,1
1201,6089,2025-03-28 09:22:00,juice,situation,22,1,1
1202,6094,2025-04-18 13:09:00,frappe,suggest,25,1,0
1203,6114,2025-05-19 07:43:00,smoothie,situation,32,0,0
1204,6114,2025-05-19 07:43:00,tea,situation,27,1,1
1205,6119,2025-01-14 21:11:00,coldbrew,suggest,7,1,0
1206,6119,2025-01-14 21:11:00,drip,situation,9,0,0
1207,6121,2025-03-19 15:20:00,frappe,situation,13,1,1
1208,6121,2025-03-19 15:20:00,tea,situation,27,1,0
1209,6141,2025-07-29 22:45:00,coldbrew,situation,8,1,1
1210,6141,2025-07-29 22:45:00,frappe,situation,26,1,0
1211,6145,2025-09-07 11:13:00,smoothie,situation,32,1,0
1212,6152,2025-09-17 09:57:00,frappe,situation,25,0,0
1213,6158,2025-02-10 09:58:00,latte,suggest,4,1,1
1214,6165,2025-09-01 07:27:00,frappe,situation,26,1,1
1215,6196,2025-08-05 12:19:00,latte,suggest,11,1,0
1216,6206,2025-01-13 07:33:00,tea,situation,16,1,1
1217,6208,2025-07-12 09:29:00,smoothie,situation,32,1,1
1218,6208,2025-07-12 09:29:00,americano,situation,2,0,0
1219,6209,2025-11-21 17:40:00,tea,situation,16,1,1
1220,6215,2025-07-08 19:01:00,tea,situation,31,1,0
1221,6218,2025-02-13 09:51:00,ade,situation,18,1,0
1222,6223,2025-12-09 12:40:00,tea,situation,16,1,0
1223,6224,2025-07-23 17:43:00,smoothie,situation,21,1,1
1224,6224,2025-07-23 17:43:00,tea,situation,31,1,0
1225,6225,2025-05-25 09:51:00,coldbrew,suggest,8,1,0
1226,6225,2025-05-25 09:51:00,coldbrew,situation,7,1,0
1227,6231,2025-02-08 16:55:00,smoothie,suggest,20,1,1
1228,6240,2025-12-19 08:12:00,smoothie,situation,21,0,0
1229,6253,2025-07-09 16:54:00,tea,situation,15,0,0
1230,6255,2025-02-07 15:48:00,tea,suggest,17,0,0
1231,6257,2025-08-04 11:43:00,latte,situation,11,1,0
1232,6261,2025-11-23 12:49:00,ade,situation,19,0,0
1233,6261,2025-11-23 12:49:00,ade,situation,24,1,0
1234,6263,2025-08-15 17:53:00,latte,situation,11,1,1
1235,6268,2025-11-13 07:57:00,americano,suggest,2,0,0
1236,6270,2025-08-29 15:14:00,ade,suggest,24,1,0
1237,6280,2025-04-04 20:58:00,tea,situation,28,0,0
1238,6280,2025-04-04 20:58:00,tea,situation,17,1,0
1239,6292,2025-09-16 08:14:00,espresso,suggest,1,1,1
1240,6292,2025-09-16 08:14:00,frappe,situation,13,0,0
1241,6294,2025-08-04 12:31:00,espresso,situation,1,0,0
1242,6296,2025-03-02 13:19:00,ade,situation,24,0,0
1243,6297,2025-03-23 16:51:00,frappe,suggest,26,1,1
1244,6297,2025-03-23 16:51:00,juice,situation,22,1,1
1245,6310,2025-07-18 07:01:00,latte,situation,23,1,1
1246,6327,2025-07-26 13:03:00,tea,situation,27,1,0
1247,6328,2025-09-24 07:08:00,tea,situation,28,1,1
1248,6328,2025-09-24 07:08:00,tea,situation,16,0,0
1249,6337,2025-05-18 08:36:00,tea,situation,16,0,0
1250,6337,2025-05-18 08:36:00,frappe,suggest,12,0,0
1251,6344,2025-04-08 16:05:00,frappe,suggest,25,0,0
1252,6351,2025-05-23 17:28:00,smoothie,situation,32,1,1
1253,6351,2025-05-23 17:28:00,tea,situation,28,0,0
1254,6370,2025-12-13 15:05:00,juice,situation,22,0,0
1255,6372,2025-06-03 08:26:00,tea,situation,31,0,0
1256,6372,2025-06-03 08:26:00,espresso,situation,1,0,0
1257,6377,2025-12-18 18:38:00,latte,situation,23,1,1
1258,6381,2025-09-30 12:27:00,tea,suggest,30,0,0
1259,6403,2025-04-22 08:44:00,ade,suggest,19,0,0
1260,6413,2025-03-14 15:09:00,latte,suggest,10,1,1
1261,6414,2025-07-12 15:50:00,frappe,situation,26,1,1
1262,6444,2025-03-14 16:35:00,tea,situation,15,0,0
1263,6444,2025-03-14 16:35:00,tea,situation,15,1,1
1264,6445,2025-01-09 14:08:00,espresso,situation,1,1,1
1265,6450,2025-10-14 08:25:00,cappuccino,situation,6,0,0
1266,6454,2025-01-02 08:10:00,tea,situation,27,0,0
1267,6454,2025-01-02 08:10:00,latte,suggest,5,1,1
1268,6457,2025-01-13 15:26:00,frappe,suggest,26,1,1
1269,6457,2025-01-13 15:26:00,ade,situation,18,1,1
1270,6466,2025-11-08 14:56:00,smoothie,situation,20,0,0
1271,6467,2025-08-16 09:56:00,non-coffee,situation,14,0,0
1272,6467,2025-08-16 09:56:00,americano,situation,3,0,0
1273,6468,2025-03-14 16:50:00,latte,situation,11,1,0
1274,6474,2025-07-27 13:11:00,tea,situation,28,1,0
1275,6478,2025-12-12 15:53:00,tea,situation,29,1,1
1276,6480,2025-05-27 13:56:00,smoothie,situation,21,1,0
1277,6480,2025-05-27 13:56:00,smoothie,suggest,32,1,1
1278,6487,2025-06-28 12:20:00,tea,suggest,28,0,0
1279,6489,2025-09-06 09:00:00,espresso,situation,1,0,0
1280,6494,2025-12-31 08:02:00,tea,situation,28,1,0
1281,6507,2025-09-27 20:52:00,non-coffee,situation,14,0,0
1282,6515,2025-11-28 12:50:00,juice,suggest,22,1,1
1283,6520,2025-01-10 16:27:00,americano,situation,2,0,0
1284,6520,2025-01-10 16:27:00,tea,situation,27,0,0
1285,6521,2025-11-29 14:41:00,tea,situation,27,1,1
1286,6524,2025-03-16 17:00:00,ade,suggest,19,0,0
1287,6531,2025-01-06 17:08:00,frappe,suggest,26,1,1
1288,6536,2025-11-04 08:52:00,coldbrew,suggest,7,1,0
1289,6540,2025-05-01 12:01:00,tea,situation,17,0,0
1290,6542,2025-10-24 09:29:00,drip,situation,9,1,1
1291,6561,2025-09-02 14:57:00,ade,suggest,19,1,1
1292,6561,2025-09-02 14:57:00,latte,situation,23,0,0
1293,6570,2025-12-16 16:27:00,ade,situation,19,0,0
1294,6570,2025-12-16 16:27:00,latte,suggest,11,1,0
1295,6572,2025-06-21 17:29:00,smoothie,situation,21,0,0
1296,6574,2025-08-01 14:50:00,tea,situation,17,0,0
1297,6574,2025-08-01 14:50:00,tea,suggest,16,0,0
1298,6582,2025-04-08 13:15:00,tea,situation,15,0,0
1299,6586,2025-08-25 13:30:00,drip,suggest,9,0,0
1300,6589,2025-08-12 12:04:00,ade,suggest,19,1,0
1301,6589,2025-08-12 12:04:00,coldbrew,suggest,7,1,1
1302,6602,2025-03-24 09:04:00,tea,suggest,29,1,1
1303,6605,2025-04-17 08:44:00,tea,suggest,27,0,0
1304,6605,2025-04-17 08:44:00,latte,situation,4,0,0
1305,6606,2025-03-17 17:00:00,cappuccino,situation,6,1,0
1306,6618,2025-01-19 09:23:00,ade,situation,19,1,0
1307,6623,2025-04-05 20:36:00,tea,suggest,17,0,0
1308,6625,2025-01-09 22:27:00,cappuccino,situation,6,0,0
1309,6625,2025-01-09 22:27:00,ade,situation,19,1,1
1310,6633,2025-01-28 08:00:00,latte,situation,5,1,1
1311,6633,2025-01-28 08:00:00,drip,suggest,9,0,0
1312,6634,2025-08-15 19:25:00,smoothie,situation,32,0,0
1313,6636,2025-09-13 08:21:00,tea,situation,29,1,0
1314,6649,2025-06-12 14:40:00,frappe,situation,12,0,0
1315,6649,2025-06-12 14:40:00,frappe,situation,13,0,0
1316,6665,2025-05-10 17:30:00,latte,suggest,4,0,0
1317,6665,2025-05-10 17:30:00,non-coffee,suggest,14,0,0
1318,6669,2025-03-27 09:56:00,latte,suggest,23,1,1
1319,6671,2025-11-28 14:33:00,americano,situation,3,1,0
1320,6673,2025-09-11 19:48:00,non-coffee,situation,14,1,0
1321,6674,2025-09-02 09:19:00,cappuccino,situation,6,0,0
1322,6676,2025-10-18 15:16:00,ade,situation,18,1,1
1323,6676,2025-10-18 15:16:00,frappe,suggest,26,0,0
1324,6686,2025-06-11 13:48:00,coldbrew,situation,8,1,1
1325,6701,2025-05-03 17:44:00,tea,situation,17,0,0
1326,6701,2025-05-03 17:44:00,tea,situation,28,0,0
1327,6705,2025-06-04 12:50:00,latte,situation,23,0,0
1328,6710,2025-12-15 19:55:00,americano,situation,3,1,1
1329,6725,2025-10-14 13:43:00,juice,suggest,22,1,1
1330,6726,2025-09-09 16:54:00,tea,situation,28,1,1
1331,6726,2025-09-09 16:54:00,smoothie,situation,20,0,0
1332,6737,2025-04-02 14:15:00,smoothie,situation,21,0,0
1333,6737,2025-04-02 14:15:00,tea,situation,29,0,0
1334,6741,2025-04-01 12:58:00,smoothie,situation,32,0,0
1335,6752,2025-04-02 15:42:00,smoothie,situation,20,1,1
1336,6752,2025-04-02 15:42:00,latte,situation,11,0,0
1337,6753,2025-01-09 07:29:00,frappe,situation,13,1,0
1338,6759,2025-11-24 09:18:00,smoothie,situation,20,0,0
1339,6763,2025-10-15 12:12:00,latte,situation,23,1,0
1340,6763,2025-10-15 12:12:00,latte,situation,11,1,0
1341,6773,2025-04-16 11:35:00,drip,situation,9,1,1
1342,6776,2025-09-13 16:09:00,tea,suggest,16,1,1
1343,6796,2025-09-18 12:14:00,smoothie,situation,32,0,0
1344,6798,2025-03-16 19:46:00,frappe,situation,12,1,0
1345,6798,2025-03-16 19:46:00,latte,suggest,4,0,0
1346,6799,2025-05-12 15:58:00,tea,situation,30,1,0
1347,6800,2025-06-07 15:17:00,latte,situation,11,0,0
1348,6800,2025-06-07 15:17:00,tea,situation,30,1,1
1349,6802,2025-11-13 09:29:00,americano,situation,2,1,1
1350,6808,2025-09-01 14:23:00,latte,situation,4,0,0
1351,6814,2025-09-18 14:15:00,drip,situation,9,1,0
1352,6814,2025-09-18 14:15:00,smoothie,suggest,20,0,0
1353,6815,2025-04-25 16:31:00,tea,suggest,17,0,0
1354,6819,2025-05-06 15:46:00,cappuccino,situation,6,0,0
1355,6836,2025-08-12 20:26:00,non-coffee,suggest,14,1,1
1356,6836,2025-08-12 20:26:00,tea,situation,17,1,0
1357,6858,2025-06-06 11:33:00,latte,situation,11,1,1
1358,6863,2025-07-20 15:07:00,tea,situation,28,1,1
1359,6875,2025-04-30 08:33:00,latte,situation,23,0,0
1360,6876,2025-07-05 13:37:00,tea,situation,29,0,0
1361,6884,2025-04-08 09:54:00,espresso,situation,1,1,0
1362,6895,2025-04-19 09:09:00,smoothie,situation,32,0,0
1363,6905,2025-12-23 12:18:00,ade,situation,18,1,0
1364,6911,2025-01-17 22:30:00,smoothie,situation,20,0,0
1365,6911,2025-01-17 22:30:00,tea,suggest,16,1,0
1366,6935,2025-05-09 09:51:00,ade,situation,19,0,0
1367,6935,2025-05-09 09:51:00,tea,situation,17,0,0
1368,6939,2025-04-16 20:56:00,frappe,situation,25,1,1
1369,6939,2025-04-16 20:56:00,latte,suggest,4,0,0
1370,6940,2025-11-05 12:44:00,ade,situation,18,0,0
1371,6940,2025-11-05 12:44:00,espresso,situation,1,1,1
1372,6946,2025-08-27 15:31:00,frappe,suggest,26,0,0
1373,6947,2025-02-28 09:56:00,drip,situation,9,1,0
1374,6948,2025-09-23 15:17:00,tea,situation,31,1,1
1375,6948,2025-09-23 15:17:00,ade,situation,19,0,0
1376,6950,2025-08-21 14:37:00,latte,situation,10,1,1
1377,6950,2025-08-21 14:37:00,juice,situation,22,1,1
1378,6962,2025-03-09 14:39:00,ade,suggest,24,1,1
1379,6963,2025-01-19 16:18:00,coldbrew,suggest,7,0,0
1380,6964,2025-06-14 09:36:00,frappe,situation,25,1,1
1381,6964,2025-06-14 09:36:00,coldbrew,situation,7,0,0
1382,6965,2025-07-16 18:33:00,latte,suggest,23,0,0
1383,6967,2025-01-30 14:53:00,tea,situation,27,0,0
1384,6969,2025-01-23 15:48:00,frappe,suggest,25,1,0
1385,6969,2025-01-23 15:48:00,frappe,situation,12,1,1
1386,6970,2025-05-29 17:35:00,tea,situation,16,1,1
1387,6974,2025-09-06 19:00:00,latte,situation,23,0,0
1388,6974,2025-09-06 19:00:00,smoothie,situation,21,0,0
1389,6976,2025-11-10 15:45:00,latte,situation,4,1,0
1390,6978,2025-11-29 17:29:00,americano,situation,3,0,0
1391,6979,2025-10-03 15:41:00,latte,situation,4,0,0
1392,6984,2025-05-21 17:18:00,espresso,suggest,1,0,0
1393,6989,2025-12-16 07:45:00,tea,situation,17,1,1
1394,6991,2025-04-18 21:25:00,latte,situation,10,1,1
1395,6997,2025-11-02 17:21:00,tea,situation,17,0,0
1396,7002,2025-10-29 08:45:00,tea,suggest,28,1,1
1397,7003,2025-06-02 09:24:00,tea,suggest,31,0,0
1398,7010,2025-04-24 13:13:00,latte,situation,5,1,1
1399,7010,2025-04-24 13:13:00,tea,suggest,30,0,0
1400,7025,2025-03-09 14:25:00,ade,suggest,19,0,0
1401,7028,2025-12-13 17:14:00,non-coffee,situation,14,1,1
1402,7034,2025-03-29 16:43:00,tea,situation,16,0,0
1403,7035,2025-04-05 12:33:00,latte,suggest,11,1,1
1404,7035,2025-04-05 12:33:00,tea,suggest,30,0,0
1405,7042,2025-08-26 11:45:00,coldbrew,situation,7,1,1
1406,7045,2025-09-23 17:07:00,ade,suggest,24,1,1
1407,7048,2025-03-21 09:46:00,juice,suggest,22,0,0
1408,7059,2025-10-29 11:58:00,americano,situation,2,0,0
1409,7061,2025-06-14 16:24:00,smoothie,suggest,20,0,0
1410,7063,2025-12-15 08:16:00,americano,situation,3,1,1
1411,7063,2025-12-15 08:16:00,tea,suggest,15,0,0
1412,7077,2025-02-15 11:48:00,smoothie,suggest,21,1,0
1413,7079,2025-08-12 08:26:00,tea,situation,16,1,1
1414,7080,2025-07-20 12:06:00,americano,suggest,2,1,0
1415,7080,2025-07-20 12:06:00,latte,situation,5,1,1
1416,7089,2025-12-17 20:12:00,tea,suggest,29,1,1
1417,7095,2025-11-18 16:37:00,latte,situation,4,1,1
1418,7113,2025-06-06 16:53:00,espresso,situation,1,0,0
1419,7123,2025-05-14 14:22:00,frappe,situation,13,0,0
1420,7123,2025-05-14 14:22:00,smoothie,situation,21,1,0
1421,7124,2025-01-03 15:06:00,latte,situation,23,0,0
1422,7124,2025-01-03 15:06:00,tea,suggest,30,1,0
1423,7130,2025-08-22 18:53:00,frappe,situation,26,1,1
1424,7132,2025-08-04 16:56:00,ade,situation,24,0,0
1425,7133,2025-06-16 13:16:00,coldbrew,situation,7,0,0
1426,7133,2025-06-16 13:16:00,americano,situation,3,1,0
1427,7139,2025-12-05 08:50:00,tea,situation,16,1,0
1428,7141,2025-01-31 08:09:00,coldbrew,situation,7,0,0
1429,7143,2025-07-02 16:59:00,coldbrew,situation,8,1,1
1430,7147,2025-01-15 13:56:00,smoothie,suggest,32,0,0
1431,7147,2025-01-15 13:56:00,frappe,situation,13,1,0
1432,7151,2025-06-07 16:55:00,cappuccino,situation,6,1,0
1433,7161,2025-04-04 14:32:00,latte,situation,11,0,0
1434,7161,2025-04-04 14:32:00,coldbrew,situation,7,0,0
1435,7169,2025-06-27 15:06:00,frappe,situation,12,1,1
1436,7174,2025-07-28 15:14:00,tea,situation,16,1,0
1437,7183,2025-11-02 09:31:00,latte,situation,10,1,0
1438,7183,2025-11-02 09:31:00,coldbrew,situation,8,1,0
1439,7202,2025-09-13 12:53:00,americano,situation,3,1,0
1440,7231,2025-08-09 14:42:00,juice,situation,22,0,0
1441,7232,2025-06-18 11:16:00,latte,situation,4,1,1
1442,7235,2025-02-27 13:08:00,latte,suggest,23,1,0
1443,7235,2025-02-27 13:08:00,tea,situation,27,1,0
1444,7241,2025-03-15 08:01:00,ade,suggest,18,1,0
1445,7241,2025-03-15 08:01:00,ade,situation,19,1,0
1446,7242,2025-02-17 08:26:00,americano,situation,2,1,1
1447,7249,2025-06-19 19:09:00,coldbrew,suggest,8,0,0
1448,7249,2025-06-19 19:09:00,tea,situation,15,1,0
1449,7263,2025-02-25 09:53:00,coldbrew,suggest,7,1,1
1450,7282,2025-01-20 14:06:00,cappuccino,situation,6,0,0
1451,7282,2025-01-20 14:06:00,latte,suggest,23,1,1
1452,7284,2025-01-21 07:35:00,americano,situation,2,1,0
1453,7300,2025-10-05 16:00:00,tea,situation,15,1,1
1454,7300,2025-10-05 16:00:00,ade,situation,24,0,0
1455,7313,2025-04-09 17:24:00,smoothie,situation,32,0,0
1456,7313,2025-04-09 17:24:00,tea,suggest,29,1,1
1457,7325,2025-09-23 09:17:00,tea,situation,17,0,0
1458,7327,2025-06-14 19:03:00,tea,situation,16,1,1
1459,7327,2025-06-14 19:03:00,ade,situation,19,0,0
1460,7346,2025-07-21 07:30:00,coldbrew,situation,7,0,0
1461,7346,2025-07-21 07:30:00,drip,suggest,9,1,0
1462,7366,2025-12-23 16:12:00,non-coffee,suggest,14,0,0
1463,7366,2025-12-23 16:12:00,non-coffee,situation,14,0,0
1464,7368,2025-03-09 13:50:00,frappe,suggest,12,0,0
1465,7374,2025-02-01 11:28:00,coldbrew,suggest,8,1,1
1466,7374,2025-02-01 11:28:00,americano,suggest,3,1,0
1467,7375,2025-08-22 17:01:00,latte,situation,4,0,0
1468,7384,2025-10-22 12:46:00,frappe,situation,13,0,0
1469,7390,2025-12-23 11:50:00,tea,situation,31,1,1
1470,7390,2025-12-23 11:50:00,coldbrew,situation,8,0,0
1471,7393,2025-01-26 16:14:00,smoothie,situation,32,1,1
1472,7402,2025-09-27 18:56:00,tea,situation,28,1,0
1473,7408,2025-10-28 16:33:00,smoothie,suggest,32,0,0
1474,7412,2025-01-28 14:55:00,americano,situation,3,1,0
1475,7420,2025-08-27 14:37:00,tea,situation,30,1,1
1476,7424,2025-11-25 17:07:00,tea,situation,27,1,0
1477,7426,2025-08-23 15:52:00,cappuccino,situation,6,0,0
1478,7434,2025-02-26 15:21:00,cappuccino,suggest,6,1,1
1479,7434,2025-02-26 15:21:00,coldbrew,situation,8,1,1
1480,7446,2025-04-19 12:58:00,tea,suggest,15,1,1
1481,7449,2025-01-12 12:56:00,frappe,suggest,13,0,0
1482,7449,2025-01-12 12:56:00,ade,situation,24,1,0
1483,7451,2025-12-16 19:15:00,tea,situation,15,0,0
1484,7457,2025-02-13 20:48:00,non-coffee,situation,14,1,1
1485,7459,2025-04-09 15:17:00,coldbrew,suggest,7,0,0
1486,7459,2025-04-09 15:17:00,ade,situation,18,0,0
1487,7462,2025-08-13 07:42:00,non-coffee,situation,14,0,0
1488,7466,2025-10-01 15:02:00,tea,situation,17,0,0
1489,7468,2025-03-09 12:59:00,tea,suggest,28,1,0
1490,7474,2025-05-01 13:50:00,frappe,suggest,25,1,0
1491,7478,2025-02-15 09:58:00,tea,suggest,31,0,0
1492,7478,2025-02-15 09:58:00,espresso,suggest,1,1,0
1493,7479,2025-11-23 17:47:00,coldbrew,situation,7,0,0
1494,7479,2025-11-23 17:47:00,ade,situation,18,1,1
1495,7483,2025-03-12 13:07:00,frappe,suggest,25,1,0
1496,7483,2025-03-12 13:07:00,tea,situation,31,1,1
1497,7501,2025-01-21 08:50:00,americano,situation,3,0,0
1498,7504,2025-09-18 15:47:00,frappe,situation,12,0,0
1499,7509,2025-12-03 20:43:00,smoothie,situation,21,1,1
1500,7512,2025-05-24 20:31:00,americano,situation,3,1,1
1501,7521,2025-05-05 15:26:00,juice,suggest,22,0,0
1502,7521,2025-05-05 15:26:00,frappe,situation,13,0,0
1503,7523,2025-06-12 19:49:00,frappe,situation,13,0,0
1504,7523,2025-06-12 19:49:00,latte,situation,23,0,0
1505,7525,2025-10-14 18:08:00,drip,situation,9,1,1
1506,7532,2025-10-05 17:54:00,latte,situation,11,1,0
1507,7538,2025-08-07 20:37:00,tea,situation,31,0,0
1508,7538,2025-08-07 20:37:00,tea,situation,31,1,1
1509,7539,2025-05-30 20:48:00,frappe,situation,12,0,0
1510,7539,2025-05-30 20:48:00,tea,situation,15,0,0
1511,7543,2025-07-26 11:45:00,frappe,situation,13,1,0
1512,7543,2025-07-26 11:45:00,coldbrew,situation,8,0,0
1513,7550,2025-11-25 14:06:00,frappe,situation,25,1,1
1514,7555,2025-05-07 11:43:00,smoothie,situation,21,0,0
1515,7560,2025-08-18 12:41:00,latte,suggest,11,1,1
1516,7579,2025-09-09 20:31:00,latte,situation,23,1,0
1517,7582,2025-04-27 18:59:00,frappe,situation,13,0,0
1518,7602,2025-10-13 13:40:00,tea,situation,17,0,0
1519,7607,2025-09-23 15:40:00,coldbrew,suggest,7,0,0
1520,7627,2025-02-08 14:23:00,drip,situation,9,0,0
1521,7640,2025-01-17 11:58:00,tea,situation,28,0,0
1522,7660,2025-06-18 18:22:00,americano,situation,3,1,0
1523,7673,2025-10-28 08:40:00,frappe,situation,13,1,1
1524,7674,2025-04-16 17:27:00,ade,situation,18,0,0
1525,7674,2025-04-16 17:27:00,tea,suggest,27,1,1
1526,7681,2025-03-08 16:07:00,tea,suggest,31,0,0
1527,7685,2025-09-27 11:24:00,juice,suggest,22,1,1
1528,7696,2025-09-11 11:54:00,latte,situation,23,0,0
1529,7702,2025-01-29 14:04:00,ade,situation,24,1,1
1530,7717,2025-03-09 13:50:00,smoothie,situation,21,1,1
1531,7719,2025-05-22 08:54:00,tea,situation,30,1,0
1532,7733,2025-08-07 16:16:00,smoothie,situation,20,1,0
1533,7733,2025-08-07 16:16:00,latte,situation,4,0,0
1534,7750,2025-06-18 16:06:00,latte,suggest,4,1,1
1535,7750,2025-06-18 16:06:00,frappe,suggest,12,0,0
1536,7757,2025-06-22 13:33:00,tea,situation,17,1,0
1537,7778,2025-11-09 07:56:00,frappe,suggest,25,0,0
1538,7783,2025-10-16 07:07:00,tea,situation,28,0,0
1539,7783,2025-10-16 07:07:00,smoothie,suggest,20,1,0
1540,7785,2025-08-23 17:42:00,smoothie,situation,20,1,0
1541,7789,2025-06-05 08:49:00,tea,situation,27,1,0
1542,7791,2025-09-27 15:39:00,tea,situation,30,1,0
1543,7791,2025-09-27 15:39:00,latte,situation,11,0,0
1544,7796,2025-07-08 22:39:00,americano,suggest,2,0,0
1545,7808,2025-07-08 07:06:00,tea,suggest,29,0,0
1546,7815,2025-09-01 16:42:00,cappuccino,situation,6,1,0
1547,7821,2025-11-22 17:12:00,non-coffee,situation,14,0,0
1548,7823,2025-01-27 16:44:00,latte,suggest,4,1,1
1549,7837,2025-01-24 14:37:00,latte,suggest,11,1,0
1550,7837,2025-01-24 14:37:00,tea,suggest,29,0,0
1551,7838,2025-12-22 08:22:00,coldbrew,situation,7,1,0
1552,7839,2025-04-27 11:43:00,ade,suggest,24,1,1
1553,7839,2025-04-27 11:43:00,espresso,suggest,1,1,1
1554,7845,2025-10-14 11:58:00,ade,suggest,24,1,1
1555,7849,2025-03-26 09:26:00,non-coffee,situation,14,1,1
1556,7850,2025-05-21 12:29:00,tea,situation,31,1,0
1557,7871,2025-01-28 12:48:00,latte,suggest,23,0,0
1558,7871,2025-01-28 12:48:00,juice,suggest,22,0,0
1559,7872,2025-04-03 12:29:00,coldbrew,suggest,8,0,0
1560,7892,2025-06-17 16:14:00,tea,situation,31,1,0
1561,7917,2025-09-25 16:47:00,smoothie,situation,32,0,0
1562,7919,2025-09-08 13:10:00,coldbrew,situation,8,0,0
1563,7922,2025-09-28 18:43:00,smoothie,suggest,32,0,0
1564,7928,2025-10-29 07:05:00,tea,suggest,28,1,1
1565,7929,2025-12-14 19:12:00,tea,situation,16,0,0
1566,7937,2025-07-15 18:20:00,frappe,suggest,12,1,1
1567,7956,2025-08-21 16:37:00,latte,suggest,23,1,1
1568,7958,2025-05-25 19:49:00,latte,situation,5,1,1
1569,7958,2025-05-25 19:49:00,smoothie,suggest,21,1,0
1570,7961,2025-09-25 20:22:00,ade,situation,18,0,0
1571,7966,2025-08-15 09:35:00,latte,situation,5,1,0
1572,7971,2025-04-06 13:30:00,non-coffee,situation,14,0,0
1573,7978,2025-11-08 19:48:00,tea,situation,30,1,0
1574,7979,2025-07-18 11:14:00,latte,situation,11,1,0
1575,7980,2025-08-17 09:32:00,tea,suggest,31,1,0
1576,7990,2025-12-09 11:30:00,americano,situation,2,1,1
1577,7994,2025-03-04 18:51:00,cappuccino,suggest,6,0,0
1578,8001,2025-04-03 17:02:00,tea,situation,31,0,0
1579,8008,2025-08-06 09:25:00,frappe,situation,26,0,0
1580,8013,2025-09-19 19:20:00,ade,situation,24,1,0
1581,8017,2025-08-07 14:15:00,smoothie,situation,20,1,1
1582,8025,2025-05-11 20:08:00,tea,situation,28,1,1
1583,8030,2025-11-09 13:16:00,tea,situation,29,1,1
1584,8034,2025-04-15 12:01:00,tea,suggest,31,0,0
1585,8038,2025-04-04 11:51:00,tea,suggest,27,1,1
1586,8047,2025-11-16 14:55:00,smoothie,situation,20,0,0
1587,8047,2025-11-16 14:55:00,smoothie,situation,32,0,0
1588,8053,2025-01-23 08:03:00,tea,situation,17,1,0
1589,8060,2025-12-24 21:10:00,latte,situation,11,0,0
1590,8069,2025-03-31 17:23:00,tea,suggest,30,0,0
1591,8069,2025-03-31 17:23:00,tea,situation,16,0,0
1592,8074,2025-03-02 08:23:00,drip,situation,9,1,0
1593,8076,2025-07-04 15:50:00,tea,situation,17,1,0
1594,8076,2025-07-04 15:50:00,latte,suggest,11,1,1
1595,8084,2025-12-24 13:46:00,latte,situation,11,1,1
1596,8088,2025-03-16 13:35:00,latte,suggest,11,1,0
1597,8091,2025-02-22 22:31:00,latte,situation,11,1,0
1598,8091,2025-02-22 22:31:00,juice,suggest,22,0,0
1599,8098,2025-08-31 15:56:00,coldbrew,suggest,8,0,0
1600,8108,2025-01-24 17:55:00,ade,situation,18,0,0
1601,8108,2025-01-24 17:55:00,americano,situation,3,0,0
1602,8113,2025-05-09 15:19:00,tea,suggest,27,0,0
1603,8127,2025-12-24 12:27:00,cappuccino,situation,6,1,0
1604,8135,2025-12-13 13:09:00,frappe,situation,25,1,1
1605,8136,2025-09-07 17:23:00,tea,suggest,17,1,1
1606,8138,2025-11-15 14:07:00,smoothie,suggest,32,1,1
1607,8141,2025-03-03 15:02:00,latte,suggest,4,0,0
1608,8141,2025-03-03 15:02:00,coldbrew,situation,7,1,0
1609,8145,2025-02-25 11:54:00,juice,situation,22,1,1
1610,8147,2025-03-17 16:27:00,smoothie,situation,20,1,1
1611,8147,2025-03-17 16:27:00,tea,situation,15,0,0
1612,8149,2025-10-26 16:22:00,ade,situation,18,0,0
1613,8149,2025-10-26 16:22:00,latte,situation,11,1,1
1614,8151,2025-05-13 15:08:00,tea,suggest,15,0,0
1615,8153,2025-02-17 21:47:00,ade,situation,19,0,0
1616,8155,2025-12-08 08:41:00,tea,situation,31,1,1
1617,8170,2025-03-18 15:30:00,tea,situation,17,1,0
1618,8170,2025-03-18 15:30:00,ade,situation,19,0,0
1619,8174,2025-07-02 14:31:00,latte,situation,11,0,0
1620,8174,2025-07-02 14:31:00,latte,suggest,10,0,0
1621,8180,2025-11-06 15:41:00,tea,suggest,28,1,1
1622,8190,2025-10-06 08:08:00,coldbrew,suggest,7,0,0
1623,8192,2025-08-16 18:24:00,tea,suggest,29,0,0
1624,8192,2025-08-16 18:24:00,smoothie,situation,32,1,1
1625,8196,2025-02-08 18:19:00,tea,situation,27,0,0
1626,8196,2025-02-08 18:19:00,tea,situation,17,1,0
1627,8202,2025-02-08 13:09:00,tea,situation,15,0,0
1628,8214,2025-09-24 08:25:00,cappuccino,suggest,6,1,1
1629,8219,2025-10-26 11:15:00,americano,suggest,3,1,1
1630,8219,2025-10-26 11:15:00,tea,situation,29,1,0
1631,8220,2025-03-10 08:35:00,coldbrew,suggest,8,1,1
1632,8227,2025-05-31 18:23:00,frappe,suggest,26,1,0
1633,8231,2025-06-07 09:13:00,tea,situation,29,0,0
1634,8237,2025-03-02 12:14:00,non-coffee,situation,14,0,0
1635,8246,2025-06-21 17:38:00,frappe,suggest,26,1,1
1636,8246,2025-06-21 17:38:00,latte,situation,4,1,0
1637,8249,2025-08-13 11:55:00,ade,situation,19,1,0
1638,8256,2025-05-26 14:24:00,tea,suggest,28,0,0
1639,8264,2025-06-17 19:24:00,tea,suggest,17,1,0
1640,8264,2025-06-17 19:24:00,smoothie,situation,21,1,1
1641,8265,2025-01-23 13:53:00,ade,situation,19,1,0
1642,8265,2025-01-23 13:53:00,ade,situation,18,1,1
1643,8266,2025-02-16 17:18:00,smoothie,situation,32,1,1
1644,8266,2025-02-16 17:18:00,latte,suggest,5,1,1
1645,8267,2025-12-24 18:18:00,non-coffee,suggest,14,1,1
1646,8272,2025-02-13 20:41:00,cappuccino,situation,6,0,0
1647,8272,2025-02-13 20:41:00,espresso,situation,1,1,0
1648,8277,2025-10-10 12:01:00,latte,situation,23,1,1
1649,8281,2025-11-07 07:20:00,drip,situation,9,0,0
1650,8283,2025-08-02 15:55:00,tea,situation,15,1,1
1651,8283,2025-08-02 15:55:00,ade,suggest,18,1,1
1652,8288,2025-04-08 13:23:00,americano,situation,2,1,0
1653,8289,2025-05-02 07:46:00,latte,situation,11,1,1
1654,8290,2025-03-15 13:37:00,americano,situation,3,1,0
1655,8291,2025-11-17 17:58:00,coldbrew,situation,7,1,0
1656,8292,2025-02-13 12:03:00,ade,situation,19,0,0
1657,8292,2025-02-13 12:03:00,non-coffee,situation,14,0,0
1658,8301,2025-10-18 13:32:00,frappe,suggest,13,0,0
1659,8306,2025-07-19 14:16:00,espresso,situation,1,1,0
1660,8310,2025-12-03 09:05:00,drip,suggest,9,1,1
1661,8312,2025-04-05 09:57:00,drip,suggest,9,0,0
1662,8313,2025-03-01 11:04:00,smoothie,situation,20,1,0
1663,8314,2025-01-23 11:28:00,tea,suggest,16,0,0
1664,8314,2025-01-23 11:28:00,tea,suggest,31,0,0
1665,8326,2025-11-01 14:10:00,tea,situation,31,0,0
1666,8346,2025-01-15 12:35:00,espresso,suggest,1,1,1
1667,8346,2025-01-15 12:35:00,smoothie,situation,32,0,0
1668,8372,2025-02-25 11:36:00,frappe,suggest,26,0,0
1669,8381,2025-09-17 07:32:00,americano,situation,2,1,0
1670,8381,2025-09-17 07:32:00,coldbrew,situation,7,0,0
1671,8385,2025-10-15 09:35:00,americano,suggest,2,1,1
1672,8388,2025-03-31 12:26:00,tea,suggest,30,0,0
1673,8392,2025-01-25 16:20:00,frappe,situation,13,0,0
1674,8393,2025-11-16 11:40:00,frappe,situation,13,1,1
1675,8393,2025-11-16 11:40:00,tea,suggest,17,1,1
1676,8400,2025-04-01 16:17:00,smoothie,situation,32,1,1
1677,8410,2025-06-07 12:39:00,coldbrew,situation,8,0,0
1678,8411,2025-11-02 15:10:00,ade,situation,19,1,0
1679,8415,2025-06-12 08:19:00,espresso,situation,1,1,1
1680,8415,2025-06-12 08:19:00,coldbrew,suggest,8,0,0
1681,8418,2025-06-06 16:03:00,tea,situation,17,1,1
1682,8420,2025-04-28 20:26:00,ade,suggest,24,0,0
1683,8432,2025-11-26 12:32:00,tea,situation,27,0,0
1684,8439,2025-10-21 13:30:00,latte,situation,23,1,1
1685,8446,2025-01-26 09:57:00,tea,suggest,28,1,0
1686,8446,2025-01-26 09:57:00,coldbrew,situation,8,1,0
1687,8457,2025-03-29 09:45:00,smoothie,situation,32,1,0
1688,8460,2025-10-10 11:09:00,frappe,situation,26,1,1
1689,8461,2025-01-20 17:03:00,ade,situation,19,1,1
1690,8463,2025-12-15 12:11:00,ade,suggest,18,1,0
1691,8473,2025-01-09 08:59:00,drip,suggest,9,0,0
1692,8473,2025-01-09 08:59:00,frappe,situation,25,0,0
1693,8484,2025-05-25 11:22:00,coldbrew,situation,8,1,0
1694,8487,2025-10-12 14:31:00,latte,situation,5,1,1
1695,8494,2025-08-18 17:24:00,latte,situation,5,0,0
1696,8499,2025-08-28 16:14:00,juice,situation,22,1,0
1697,8507,2025-04-30 08:07:00,tea,situation,31,1,0
1698,8511,2025-10-21 13:45:00,latte,suggest,11,0,0
1699,8515,2025-01-07 14:00:00,frappe,suggest,26,0,0
1700,8527,2025-07-24 17:08:00,ade,suggest,24,1,1
1701,8535,2025-11-20 09:40:00,latte,situation,23,0,0
1702,8536,2025-11-15 15:18:00,tea,situation,28,0,0
1703,8545,2025-07-14 08:05:00,smoothie,situation,32,0,0
1704,8545,2025-07-14 08:05:00,ade,situation,18,1,0
1705,8566,2025-08-22 13:01:00,juice,situation,22,0,0
1706,8567,2025-04-19 13:27:00,frappe,situation,12,1,1
1707,8572,2025-07-16 20:56:00,coldbrew,suggest,7,1,0
1708,8572,2025-07-16 20:56:00,tea,situation,28,0,0
1709,8578,2025-02-17 17:21:00,latte,suggest,5,1,0
1710,8579,2025-09-02 15:21:00,drip,situation,9,1,1
1711,8591,2025-10-20 14:44:00,latte,suggest,23,0,0
1712,8596,2025-04-05 14:34:00,juice,situation,22,1,1
1713,8600,2025-03-18 15:30:00,frappe,situation,12,1,0
1714,8602,2025-10-31 11:16:00,americano,suggest,3,1,1
1715,8602,2025-10-31 11:16:00,ade,situation,24,1,1
1716,8616,2025-05-30 09:26:00,coldbrew,situation,7,1,0
1717,8616,2025-05-30 09:26:00,juice,suggest,22,1,0
1718,8618,2025-08-08 18:54:00,frappe,situation,26,1,1
1719,8618,2025-08-08 18:54:00,tea,situation,15,1,1
1720,8624,2025-10-17 14:54:00,latte,situation,11,1,0
1721,8624,2025-10-17 14:54:00,latte,suggest,5,1,0
1722,8628,2025-05-19 18:48:00,latte,situation,4,1,1
1723,8634,2025-02-13 20:58:00,frappe,suggest,25,0,0
1724,8642,2025-03-30 14:47:00,americano,situation,2,1,0
1725,8642,2025-03-30 14:47:00,coldbrew,situation,8,1,1
1726,8643,2025-05-11 15:39:00,latte,suggest,10,0,0
1727,8643,2025-05-11 15:39:00,frappe,situation,12,0,0
1728,8645,2025-09-16 08:50:00,tea,situation,28,0,0
1729,8646,2025-02-19 12:47:00,drip,situation,9,1,1
1730,8646,2025-02-19 12:47:00,tea,situation,29,0,0
1731,8647,2025-06-29 07:08:00,non-coffee,situation,14,0,0
1732,8647,2025-06-29 07:08:00,drip,suggest,9,1,1
1733,8648,2025-12-15 17:37:00,frappe,situation,25,1,1
1734,8654,2025-07-12 20:48:00,tea,situation,15,1,1
1735,8654,2025-07-12 20:48:00,cappuccino,suggest,6,0,0
1736,8657,2025-11-27 18:06:00,frappe,suggest,12,1,1
1737,8657,2025-11-27 18:06:00,latte,situation,23,0,0
1738,8659,2025-07-03 14:55:00,cappuccino,suggest,6,0,0
1739,8670,2025-01-18 20:20:00,tea,suggest,27,0,0
1740,8673,2025-07-25 16:47:00,latte,situation,4,0,0
1741,8673,2025-07-25 16:47:00,latte,situation,23,0,0
1742,8681,2025-07-15 14:45:00,smoothie,situation,32,1,1
1743,8697,2025-01-18 19:04:00,tea,situation,30,1,0
1744,8706,2025-07-31 18:00:00,latte,situation,5,0,0
1745,8719,2025-03-30 16:41:00,tea,situation,31,0,0
1746,8719,2025-03-30 16:41:00,frappe,situation,13,0,0
1747,8722,2025-01-22 12:54:00,tea,situation,16,1,1
1748,8726,2025-05-11 16:57:00,latte,situation,4,0,0
1749,8726,2025-05-11 16:57:00,juice,situation,22,1,1
1750,8749,2025-07-17 08:44:00,tea,situation,16,1,0
1751,8760,2025-09-01 08:03:00,coldbrew,situation,7,0,0
1752,8767,2025-12-20 09:19:00,ade,suggest,19,1,1
1753,8771,2025-09-17 18:07:00,juice,situation,22,1,0
1754,8775,2025-05-19 15:32:00,latte,situation,4,1,1
1755,8793,2025-03-30 08:55:00,latte,situation,4,1,1
1756,8812,2025-01-27 12:35:00,ade,suggest,24,0,0
1757,8820,2025-06-23 16:29:00,latte,situation,23,0,0
1758,8822,2025-05-03 15:52:00,cappuccino,suggest,6,1,0
1759,8827,2025-01-23 11:21:00,tea,situation,27,1,1
1760,8840,2025-03-15 15:47:00,latte,suggest,23,1,0
1761,8863,2025-04-04 11:32:00,non-coffee,situation,14,1,0
1762,8869,2025-01-21 17:47:00,smoothie,situation,20,0,0
1763,8874,2025-06-10 07:00:00,latte,situation,10,1,0
1764,8878,2025-05-22 09:53:00,americano,situation,2,0,0
1765,8879,2025-10-02 14:30:00,smoothie,situation,21,1,1
1766,8893,2025-01-28 19:03:00,smoothie,situation,21,0,0
1767,8898,2025-07-09 14:11:00,tea,situation,16,0,0
1768,8898,2025-07-09 14:11:00,tea,situation,15,1,1
1769,8900,2025-11-29 20:31:00,coldbrew,situation,7,0,0
1770,8904,2025-10-22 14:15:00,latte,suggest,23,1,1
1771,8904,2025-10-22 14:15:00,ade,situation,24,1,1
1772,8905,2025-02-02 18:13:00,smoothie,situation,21,1,0
1773,8906,2025-03-04 08:22:00,tea,suggest,29,1,1
1774,8906,2025-03-04 08:22:00,americano,situation,3,1,1
1775,8907,2025-11-25 14:28:00,espresso,suggest,1,0,0
1776,8938,2025-06-24 14:25:00,americano,situation,3,1,1
1777,8954,2025-02-16 14:30:00,smoothie,situation,20,1,0
1778,8955,2025-01-23 17:19:00,latte,situation,4,0,0
1779,8955,2025-01-23 17:19:00,juice,situation,22,0,0
1780,8956,2025-05-09 07:42:00,coldbrew,suggest,8,0,0
1781,8956,2025-05-09 07:42:00,juice,situation,22,1,0
1782,8961,2025-04-26 08:20:00,tea,situation,27,1,0
1783,8965,2025-10-14 14:10:00,tea,situation,27,1,0
1784,8971,2025-03-06 12:40:00,frappe,suggest,12,0,0
1785,8971,2025-03-06 12:40:00,ade,suggest,24,0,0
1786,8973,2025-01-28 20:48:00,ade,situation,18,0,0
1787,8973,2025-01-28 20:48:00,frappe,situation,25,0,0
1788,8974,2025-08-16 14:11:00,tea,situation,30,1,0
1789,8976,2025-10-04 09:39:00,non-coffee,situation,14,0,0
1790,8982,2025-07-25 20:25:00,tea,situation,30,1,1
1791,8990,2025-04-04 09:23:00,tea,suggest,16,1,0
1792,8990,2025-04-04 09:23:00,ade,situation,19,1,1
1793,8997,2025-01-22 09:30:00,tea,suggest,27,0,0
1794,9011,2025-08-10 09:32:00,tea,situation,17,1,1
1795,9013,2025-11-01 17:07:00,latte,situation,4,0,0
1796,9021,2025-10-18 11:35:00,latte,situation,5,1,0
1797,9021,2025-10-18 11:35:00,latte,suggest,4,1,1
1798,9029,2025-07-19 16:52:00,tea,suggest,30,1,1
1799,9029,2025-07-19 16:52:00,frappe,situation,26,0,0
1800,9031,2025-10-08 08:36:00,tea,suggest,30,0,0
1801,9031,2025-10-08 08:36:00,frappe,suggest,13,1,1
1802,9032,2025-04-13 17:58:00,tea,situation,17,0,0
1803,9034,2025-08-29 09:31:00,latte,situation,4,0,0
1804,9035,2025-11-13 17:42:00,ade,situation,19,1,1
1805,9043,2025-08-06 19:20:00,tea,suggest,27,1,0
1806,9052,2025-06-22 14:06:00,non-coffee,situation,14,0,0
1807,9056,2025-12-21 19:36:00,tea,situation,17,1,1
1808,9060,2025-01-18 09:06:00,tea,situation,17,1,1
1809,9061,2025-06-14 13:49:00,coldbrew,situation,8,0,0
1810,9072,2025-06-28 13:12:00,frappe,situation,13,1,1
1811,9074,2025-11-24 08:36:00,tea,situation,16,1,0
1812,9078,2025-06-17 08:11:00,latte,situation,10,0,0
1813,9083,2025-03-23 21:18:00,juice,situation,22,1,1
1814,9083,2025-03-23 21:18:00,latte,situation,23,0,0
1815,9087,2025-01-30 22:17:00,coldbrew,situation,7,1,1
1816,9090,2025-03-06 16:15:00,tea,suggest,28,1,0
1817,9095,2025-05-05 12:09:00,latte,suggest,11,0,0
1818,9095,2025-05-05 12:09:00,tea,suggest,31,0,0
1819,9109,2025-07-31 14:08:00,tea,suggest,27,1,1
1820,9112,2025-07-06 20:13:00,tea,situation,15,0,0
1821,9115,2025-02-11 20:31:00,tea,suggest,29,1,1
1822,9116,2025-11-17 11:25:00,latte,situation,4,0,0
1823,9117,2025-09-11 12:19:00,frappe,suggest,25,1,0
1824,9117,2025-09-11 12:19:00,tea,situation,31,0,0
1825,9121,2025-07-14 13:52:00,tea,situation,27,1,1
1826,9136,2025-09-30 18:52:00,tea,situation,31,0,0
1827,9139,2025-01-05 21:09:00,coldbrew,situation,8,1,0
1828,9143,2025-02-26 11:38:00,tea,situation,16,0,0
1829,9149,2025-12-08 19:43:00,frappe,suggest,13,0,0
1830,9152,2025-09-29 08:06:00,juice,situation,22,1,1
1831,9155,2025-08-05 08:58:00,espresso,suggest,1,1,1
1832,9164,2025-06-18 09:12:00,tea,situation,16,0,0
1833,9169,2025-07-18 08:13:00,latte,situation,23,1,1
1834,9174,2025-05-23 12:21:00,frappe,situation,12,0,0
1835,9188,2025-02-10 18:55:00,tea,suggest,31,1,0
1836,9213,2025-10-14 14:01:00,frappe,suggest,25,0,0
1837,9213,2025-10-14 14:01:00,non-coffee,situation,14,0,0
1838,9217,2025-04-07 14:29:00,ade,suggest,18,1,1
1839,9217,2025-04-07 14:29:00,espresso,suggest,1,1,1
1840,9230,2025-09-04 13:30:00,tea,situation,27,0,0
1841,9230,2025-09-04 13:30:00,tea,situation,17,1,0
1842,9234,2025-04-08 15:20:00,smoothie,situation,20,1,1
1843,9234,2025-04-08 15:20:00,frappe,situation,12,0,0
1844,9237,2025-02-25 18:55:00,latte,situation,11,0,0
1845,9237,2025-02-25 18:55:00,ade,suggest,18,1,1
1846,9242,2025-09-08 13:15:00,americano,situation,2,0,0
1847,9243,2025-06-26 07:23:00,frappe,situation,26,0,0
1848,9253,2025-09-04 17:25:00,coldbrew,situation,8,1,1
1849,9257,2025-12-22 12:14:00,latte,situation,5,0,0
1850,9259,2025-11-22 14:56:00,americano,situation,2,0,0
1851,9259,2025-11-22 14:56:00,tea,suggest,17,1,1
1852,9265,2025-07-04 07:22:00,tea,situation,16,1,1
1853,9265,2025-07-04 07:22:00,americano,situation,3,1,1
1854,9276,2025-01-03 09:19:00,drip,situation,9,0,0
1855,9276,2025-01-03 09:19:00,americano,situation,2,1,1
1856,9296,2025-07-11 12:16:00,smoothie,situation,21,0,0
1857,9304,2025-08-14 21:20:00,frappe,situation,25,1,1
1858,9304,2025-08-14 21:20:00,ade,situation,19,1,1
1859,9319,2025-11-24 16:08:00,tea,suggest,15,1,1
1860,9319,2025-11-24 16:08:00,smoothie,suggest,20,1,0
1861,9326,2025-06-07 13:03:00,americano,suggest,3,1,0
1862,9326,2025-06-07 13:03:00,tea,situation,30,0,0
1863,9328,2025-04-19 16:31:00,americano,situation,3,0,0
1864,9332,2025-10-16 15:44:00,smoothie,situation,20,1,0
1865,9332,2025-10-16 15:44:00,tea,situation,16,1,1
1866,9336,2025-01-25 09:20:00,americano,situation,2,0,0
1867,9336,2025-01-25 09:20:00,drip,suggest,9,0,0
1868,9345,2025-05-01 18:02:00,tea,suggest,17,1,0
1869,9348,2025-11-19 11:28:00,ade,situation,19,0,0
1870,9356,2025-08-18 18:42:00,smoothie,situation,21,1,1
1871,9356,2025-08-18 18:42:00,smoothie,suggest,21,0,0
1872,9359,2025-03-10 16:43:00,tea,situation,30,0,0
1873,9359,2025-03-10 16:43:00,latte,situation,11,0,0
1874,9366,2025-08-01 09:17:00,latte,suggest,23,0,0
1875,9380,2025-03-18 18:03:00,tea,suggest,17,0,0
1876,9380,2025-03-18 18:03:00,coldbrew,situation,8,1,1
1877,9385,2025-12-21 16:13:00,latte,suggest,5,1,1
1878,9386,2025-10-20 16:00:00,tea,suggest,31,1,1
1879,9391,2025-07-27 22:16:00,espresso,situation,1,0,0
1880,9398,2025-03-12 18:36:00,americano,situation,2,0,0
1881,9400,2025-02-10 08:46:00,tea,situation,15,1,1
1882,9400,2025-02-10 08:46:00,tea,suggest,17,1,0
1883,9406,2025-06-26 09:06:00,tea,suggest,16,1,0
1884,9417,2025-10-26 15:35:00,americano,suggest,3,0,0
1885,9430,2025-09-20 13:40:00,tea,situation,15,1,0
1886,9430,2025-09-20 13:40:00,frappe,situation,12,1,1
1887,9451,2025-05-03 20:25:00,tea,situation,31,0,0
1888,9454,2025-08-26 18:47:00,frappe,suggest,12,1,0
1889,9457,2025-07-16 19:56:00,smoothie,situation,20,0,0
1890,9457,2025-07-16 19:56:00,americano,situation,2,1,1
1891,9463,2025-03-21 16:15:00,juice,situation,22,0,0
1892,9466,2025-10-05 18:09:00,tea,situation,17,1,0
1893,9467,2025-03-29 12:03:00,ade,situation,24,1,1
1894,9471,2025-07-14 13:56:00,tea,situation,17,0,0
1895,9493,2025-08-13 19:20:00,ade,situation,19,1,1
1896,9493,2025-08-13 19:20:00,latte,situation,5,1,1
1897,9500,2025-10-23 12:03:00,latte,situation,5,0,0
1898,9500,2025-10-23 12:03:00,tea,suggest,30,1,1
1899,9506,2025-12-06 19:02:00,americano,situation,2,0,0
1900,9516,2025-06-02 15:11:00,frappe,suggest,13,0,0
1901,9524,2025-05-10 08:17:00,americano,situation,3,0,0
1902,9527,2025-06-03 13:26:00,latte,situation,5,1,0
1903,9528,2025-08-31 08:28:00,tea,suggest,27,0,0
1904,9530,2025-05-29 14:25:00,drip,situation,9,1,1
1905,9530,2025-05-29 14:25:00,tea,suggest,31,0,0
1906,9548,2025-03-04 09:24:00,americano,suggest,3,1,1
1907,9557,2025-01-16 12:43:00,tea,suggest,17,0,0
1908,9557,2025-01-16 12:43:00,latte,suggest,10,0,0
1909,9564,2025-04-24 07:55:00,ade,suggest,24,1,0
1910,9564,2025-04-24 07:55:00,coldbrew,suggest,7,1,1
1911,9565,2025-01-20 13:44:00,ade,suggest,19,1,0
1912,9565,2025-01-20 13:44:00,ade,situation,18,0,0
1913,9566,2025-05-19 18:18:00,latte,situation,5,1,1
1914,9566,2025-05-19 18:18:00,frappe,situation,13,1,0
1915,9567,2025-10-21 12:51:00,espresso,situation,1,1,1
1916,9571,2025-10-15 14:49:00,tea,suggest,30,1,0
1917,9575,2025-11-05 15:14:00,frappe,situation,12,1,0
1918,9577,2025-04-04 20:39:00,frappe,situation,26,0,0
1919,9577,2025-04-04 20:39:00,frappe,situation,26,0,0
1920,9579,2025-07-04 19:39:00,drip,situation,9,1,0
1921,9585,2025-02-25 12:49:00,frappe,situation,26,0,0
1922,9585,2025-02-25 12:49:00,latte,situation,23,0,0
1923,9586,2025-07-28 11:27:00,latte,situation,10,0,0
1924,9586,2025-07-28 11:27:00,juice,situation,22,1,1
1925,9589,2025-04-18 09:24:00,latte,suggest,23,1,0
1926,9589,2025-04-18 09:24:00,americano,suggest,2,1,0
1927,9598,2025-05-04 17:29:00,juice,situation,22,0,0
1928,9604,2025-05-08 12:54:00,ade,situation,18,1,1
1929,9617,2025-09-13 15:19:00,tea,suggest,17,0,0
1930,9624,2025-05-24 12:12:00,drip,suggest,9,0,0
1931,9624,2025-05-24 12:12:00,latte,situation,5,0,0
1932,9642,2025-09-11 15:24:00,tea,situation,31,0,0
1933,9652,2025-06-11 20:16:00,tea,situation,28,0,0
1934,9656,2025-08-16 11:34:00,coldbrew,situation,8,1,1
1935,9659,2025-11-04 18:27:00,ade,situation,24,1,0
1936,9660,2025-11-01 13:33:00,frappe,situation,13,0,0
1937,9666,2025-10-29 17:04:00,coldbrew,situation,8,1,0
1938,9669,2025-03-21 15:20:00,ade,suggest,24,1,1
1939,9679,2025-12-21 16:15:00,latte,situation,4,1,0
1940,9685,2025-07-11 21:58:00,tea,situation,27,1,1
1941,9685,2025-07-11 21:58:00,tea,situation,16,1,1
1942,9689,2025-02-26 08:53:00,tea,situation,15,1,0
1943,9692,2025-04-25 19:27:00,latte,suggest,4,1,1
1944,9703,2025-07-13 11:58:00,tea,suggest,27,0,0
1945,9703,2025-07-13 11:58:00,smoothie,situation,21,1,0
1946,9712,2025-03-29 15:12:00,tea,situation,16,1,1
1947,9720,2025-04-15 09:44:00,tea,situation,15,1,1
1948,9723,2025-04-01 22:05:00,tea,situation,28,1,0
1949,9728,2025-09-01 16:52:00,latte,situation,4,1,0
1950,9734,2025-08-18 16:28:00,americano,suggest,2,0,0
1951,9745,2025-05-22 20:34:00,latte,situation,5,0,0
1952,9756,2025-09-21 18:56:00,juice,situation,22,1,1
1953,9768,2025-06-08 12:29:00,americano,situation,2,0,0
1954,9769,2025-03-13 09:15:00,smoothie,situation,21,1,1
1955,9774,2025-11-09 15:02:00,coldbrew,suggest,7,1,0
1956,9774,2025-11-09 15:02:00,tea,situation,27,1,1
1957,9775,2025-05-30 09:24:00,latte,situation,11,0,0
1958,9777,2025-06-27 21:58:00,latte,situation,4,0,0
1959,9778,2025-06-30 12:15:00,coldbrew,situation,8,1,0
1960,9791,2025-11-17 19:28:00,frappe,situation,25,1,0
1961,9795,2025-12-15 20:02:00,frappe,situation,25,1,0
1962,9800,2025-03-29 21:59:00,latte,situation,23,0,0
1963,9805,2025-03-29 09:02:00,frappe,situation,26,0,0
1964,9806,2025-01-05 07:42:00,cappuccino,situation,6,0,0
1965,9814,2025-07-25 13:09:00,ade,suggest,24,1,1
1966,9828,2025-05-23 14:09:00,smoothie,suggest,21,0,0
1967,9831,2025-03-09 08:19:00,tea,situation,28,0,0
1968,9831,2025-03-09 08:19:00,juice,suggest,22,1,1
1969,9840,2025-01-23 09:28:00,latte,situation,5,1,0
1970,9850,2025-11-15 16:49:00,ade,suggest,19,0,0
1971,9851,2025-06-21 13:06:00,drip,suggest,9,1,1
1972,9853,2025-01-07 16:08:00,smoothie,situation,32,0,0
1973,9854,2025-03-10 09:39:00,ade,situation,19,0,0
1974,9857,2025-07-24 15:47:00,ade,suggest,19,1,1
1975,9857,2025-07-24 15:47:00,tea,situation,29,0,0
1976,9861,2025-12-25 12:38:00,latte,situation,23,0,0
1977,9877,2025-11-16 15:44:00,espresso,situation,1,0,0
1978,9884,2025-12-16 07:08:00,tea,suggest,28,0,0
1979,9886,2025-01-15 13:53:00,americano,situation,2,1,1
1980,9886,2025-01-15 13:53:00,tea,situation,16,0,0
1981,9908,2025-06-09 17:09:00,tea,situation,29,1,1
1982,9908,2025-06-09 17:09:00,ade,situation,18,1,0
1983,9915,2025-10-28 13:44:00,tea,situation,28,0,0
1984,9917,2025-07-02 16:20:00,frappe,situation,25,1,0
1985,9924,2025-01-11 08:35:00,ade,suggest,19,0,0
1986,9933,2025-06-01 20:08:00,latte,situation,11,0,0
1987,9935,2025-09-11 15:19:00,smoothie,situation,21,0,0
1988,9935,2025-09-11 15:19:00,ade,situation,18,1,1
1989,9936,2025-06-29 16:16:00,tea,situation,16,0,0
1990,9943,2025-01-11 14:10:00,tea,situation,28,0,0
1991,9947,2025-12-01 20:58:00,frappe,situation,25,0,0
1992,9957,2025-05-16 13:25:00,tea,situation,27,1,0
1993,9957,2025-05-16 13:25:00,tea,situation,27,1,1
1994,9961,2025-10-08 20:13:00,ade,situation,18,1,1
1995,9962,2025-08-13 16:54:00,latte,situation,11,0,0
1996,9972,2025-08-02 16:31:00,tea,situation,15,1,1
1997,9972,2025-08-02 16:31:00,tea,situation,29,1,1
1998,10004,2025-08-27 11:01:00,ade,situation,18,0,0
1999,10004,2025-08-27 11:01:00,latte,situation,4,0,0
2000,10008,2025-05-31 09:02:00,drip,situation,9,1,1
2001,10031,2025-10-09 09:33:00,drip,situation,9,0,0
2002,10031,2025-10-09 09:33:00,tea,situation,16,0,0
2003,10032,2025-05-29 11:00:00,americano,situation,3,0,0
2004,10032,2025-05-29 11:00:00,frappe,situation,26,0,0
2005,10033,2025-07-26 09:12:00,latte,situation,11,1,1
2006,10033,2025-07-26 09:12:00,tea,situation,31,1,0
2007,10036,2025-05-12 17:42:00,frappe,situation,13,1,0
2008,10038,2025-01-08 17:40:00,latte,suggest,23,0,0
2009,10047,2025-04-24 09:04:00,latte,situation,23,0,0
2010,10048,2025-09-03 21:14:00,ade,suggest,19,1,0
2011,10049,2025-08-13 12:20:00,latte,situation,5,1,1
2012,10049,2025-08-13 12:20:00,smoothie,situation,32,0,0
2013,10050,2025-02-03 14:44:00,ade,situation,18,1,1
2014,10050,2025-02-03 14:44:00,frappe,suggest,12,1,0
2015,10053,2025-09-06 09:57:00,tea,situation,28,1,1
2016,10053,2025-09-06 09:57:00,latte,situation,11,1,0
2017,10060,2025-05-16 12:59:00,coldbrew,suggest,8,0,0
2018,10060,2025-05-16 12:59:00,frappe,situation,12,1,1
2019,10086,2025-05-07 20:42:00,smoothie,situation,20,1,0
2020,10086,2025-05-07 20:42:00,frappe,situation,12,0,0
2021,10090,2025-12-24 09:10:00,latte,suggest,23,0,0
2022,10101,2025-11-10 15:04:00,smoothie,situation,20,0,0
2023,10125,2025-06-05 12:19:00,tea,situation,17,0,0
2024,10125,2025-06-05 12:19:00,frappe,suggest,12,1,1
2025,10126,2025-06-07 12:20:00,tea,situation,15,0,0
2026,10126,2025-06-07 12:20:00,coldbrew,situation,8,0,0
2027,10133,2025-11-13 15:00:00,frappe,situation,26,0,0
2028,10135,2025-08-04 15:37:00,drip,situation,9,1,1
2029,10135,2025-08-04 15:37:00,ade,situation,24,0,0
2030,10137,2025-08-29 08:08:00,americano,situation,2,1,0
2031,10140,2025-08-13 14:26:00,americano,situation,3,0,0
2032,10144,2025-05-18 07:37:00,ade,situation,24,1,0
2033,10153,2025-08-04 17:06:00,non-coffee,situation,14,0,0
2034,10154,2025-03-19 12:38:00,drip,situation,9,0,0
2035,10165,2025-12-30 07:27:00,non-coffee,situation,14,1,0
2036,10168,2025-05-15 12:40:00,ade,suggest,18,1,1
2037,10172,2025-03-15 18:39:00,tea,suggest,29,0,0
2038,10172,2025-03-15 18:39:00,smoothie,situation,32,1,1
2039,10177,2025-04-08 19:19:00,latte,suggest,10,1,1
2040,10177,2025-04-08 19:19:00,americano,situation,2,0,0
2041,10187,2025-06-21 11:31:00,coldbrew,suggest,8,1,0
2042,10187,2025-06-21 11:31:00,espresso,situation,1,0,0
2043,10188,2025-05-17 15:06:00,frappe,situation,12,1,1
2044,10200,2025-11-18 14:19:00,latte,suggest,4,0,0
2045,10213,2025-10-28 20:50:00,tea,situation,31,1,0
2046,10219,2025-11-24 15:58:00,smoothie,situation,32,0,0
2047,10222,2025-08-31 09:04:00,tea,suggest,15,1,1
2048,10223,2025-11-23 12:42:00,tea,situation,15,1,0
2049,10223,2025-11-23 12:42:00,frappe,suggest,25,0,0
2050,10234,2025-07-11 15:35:00,frappe,situation,13,1,1
2051,10237,2025-09-21 16:16:00,non-coffee,situation,14,1,1
2052,10240,2025-06-15 17:34:00,ade,situation,18,0,0
2053,10244,2025-06-16 08:33:00,tea,situation,27,0,0
2054,10244,2025-06-16 08:33:00,ade,suggest,19,0,0
2055,10245,2025-06-15 15:09:00,ade,situation,24,0,0
2056,10249,2025-05-27 15:06:00,frappe,situation,26,0,0
2057,10266,2025-07-10 21:39:00,americano,situation,2,0,0
2058,10275,2025-04-11 09:53:00,latte,situation,11,0,0
2059,10282,2025-11-27 19:24:00,frappe,suggest,12,1,1
2060,10285,2025-04-26 12:11:00,coldbrew,situation,8,1,1
2061,10297,2025-06-06 15:16:00,tea,suggest,27,0,0
2062,10298,2025-11-18 16:18:00,juice,situation,22,1,0
2063,10307,2025-11-02 08:20:00,coldbrew,situation,7,0,0
2064,10307,2025-11-02 08:20:00,tea,situation,27,1,0
2065,10310,2025-01-20 08:02:00,latte,situation,10,0,0
2066,10326,2025-06-30 18:58:00,drip,situation,9,0,0
2067,10326,2025-06-30 18:58:00,tea,situation,31,1,1
2068,10327,2025-09-23 12:03:00,tea,suggest,15,1,1
2069,10328,2025-04-13 15:54:00,tea,suggest,29,0,0
2070,10333,2025-05-11 08:35:00,latte,situation,11,0,0
2071,10333,2025-05-11 08:35:00,latte,situation,10,0,0
2072,10335,2025-09-30 19:16:00,smoothie,suggest,32,0,0
2073,10335,2025-09-30 19:16:00,americano,situation,3,1,1
2074,10338,2025-01-03 09:27:00,coldbrew,situation,7,0,0
2075,10341,2025-08-13 15:38:00,americano,situation,2,1,1
2076,10343,2025-12-24 09:13:00,frappe,situation,25,0,0
2077,10343,2025-12-24 09:13:00,latte,suggest,11,0,0
2078,10366,2025-05-13 07:18:00,latte,situation,4,1,0
2079,10366,2025-05-13 07:18:00,tea,suggest,27,1,0
2080,10371,2025-10-17 08:37:00,americano,situation,2,1,0
2081,10381,2025-01-26 21:39:00,tea,situation,15,1,0
2082,10389,2025-06-25 11:31:00,tea,situation,31,1,0
2083,10395,2025-06-25 16:45:00,tea,suggest,16,0,0
2084,10395,2025-06-25 16:45:00,smoothie,situation,20,1,1
2085,10398,2025-12-12 15:17:00,drip,situation,9,1,1
2086,10400,2025-05-30 13:22:00,tea,suggest,31,0,0
2087,10400,2025-05-30 13:22:00,coldbrew,situation,8,0,0
2088,10429,2025-04-18 18:01:00,tea,situation,17,0,0
2089,10429,2025-04-18 18:01:00,frappe,suggest,13,0,0
2090,10432,2025-03-17 08:37:00,frappe,suggest,25,0,0
2091,10432,2025-03-17 08:37:00,tea,situation,29,1,0
2092,10439,2025-09-16 09:10:00,tea,situation,28,0,0
2093,10442,2025-10-09 18:47:00,frappe,suggest,13,1,1
2094,10445,2025-12-19 09:23:00,espresso,suggest,1,0,0
2095,10445,2025-12-19 09:23:00,drip,suggest,9,0,0
2096,10446,2025-01-30 17:48:00,juice,situation,22,1,1
2097,10446,2025-01-30 17:48:00,non-coffee,situation,14,0,0
2098,10449,2025-06-11 12:07:00,ade,situation,24,0,0
2099,10455,2025-12-18 13:39:00,coldbrew,situation,8,0,0
2100,10461,2025-03-24 12:56:00,tea,suggest,17,0,0
2101,10465,2025-07-15 15:22:00,latte,situation,23,1,0
2102,10482,2025-03-05 15:50:00,americano,suggest,3,1,1
2103,10482,2025-03-05 15:50:00,tea,situation,17,1,1
2104,10491,2025-04-17 12:02:00,latte,suggest,23,0,0
2105,10493,2025-05-20 22:37:00,frappe,suggest,26,1,1
2106,10493,2025-05-20 22:37:00,tea,situation,30,1,1
2107,10506,2025-03-09 09:38:00,juice,situation,22,1,1
2108,10506,2025-03-09 09:38:00,tea,suggest,28,0,0
2109,10515,2025-05-25 13:08:00,juice,situation,22,1,1
2110,10519,2025-02-16 19:39:00,ade,situation,18,0,0
2111,10534,2025-05-24 13:13:00,juice,situation,22,1,1
2112,10534,2025-05-24 13:13:00,coldbrew,suggest,7,1,1
2113,10538,2025-04-29 07:33:00,latte,situation,23,1,1
2114,10538,2025-04-29 07:33:00,tea,situation,28,1,1
2115,10566,2025-12-19 15:39:00,latte,situation,10,1,1
2116,10568,2025-09-28 13:30:00,drip,situation,9,0,0
2117,10568,2025-09-28 13:30:00,americano,situation,3,1,0
2118,10585,2025-05-22 19:38:00,latte,suggest,23,1,1
2119,10585,2025-05-22 19:38:00,cappuccino,suggest,6,1,1
2120,10590,2025-06-05 17:02:00,juice,suggest,22,0,0
2121,10593,2025-10-09 18:56:00,frappe,situation,13,0,0
2122,10596,2025-09-24 19:37:00,tea,situation,15,0,0
2123,10599,2025-11-09 19:24:00,tea,situation,28,1,1
2124,10604,2025-12-30 08:41:00,drip,situation,9,1,0
2125,10613,2025-05-02 13:05:00,americano,situation,3,0,0
2126,10621,2025-01-28 11:44:00,tea,situation,27,0,0
2127,10625,2025-09-21 09:02:00,latte,situation,5,1,1
2128,10633,2025-01-30 17:25:00,tea,situation,28,0,0
2129,10635,2025-09-13 09:05:00,coldbrew,situation,8,0,0
2130,10636,2025-09-24 18:30:00,smoothie,situation,20,0,0
2131,10636,2025-09-24 18:30:00,tea,situation,28,1,0
2132,10639,2025-03-10 12:13:00,tea,situation,31,0,0
2133,10645,2025-04-15 14:06:00,ade,situation,24,0,0
2134,10645,2025-04-15 14:06:00,frappe,situation,26,0,0
2135,10646,2025-05-05 14:12:00,latte,suggest,11,1,1
2136,10649,2025-09-30 14:02:00,espresso,situation,1,1,1
2137,10649,2025-09-30 14:02:00,latte,situation,11,1,0
2138,10664,2025-01-31 09:24:00,latte,situation,23,1,1
2139,10664,2025-01-31 09:24:00,drip,suggest,9,1,1
2140,10673,2025-04-01 13:38:00,coldbrew,situation,8,1,0
2141,10679,2025-11-11 21:22:00,tea,situation,15,0,0
2142,10689,2025-09-20 15:44:00,tea,suggest,17,0,0
2143,10689,2025-09-20 15:44:00,frappe,situation,12,0,0
2144,10692,2025-06-27 09:08:00,tea,situation,28,0,0
2145,10692,2025-06-27 09:08:00,americano,suggest,3,1,1
2146,10696,2025-12-15 18:32:00,frappe,suggest,26,1,1
2147,10696,2025-12-15 18:32:00,tea,suggest,28,1,0
2148,10726,2025-07-02 22:08:00,tea,suggest,31,1,1
2149,10726,2025-07-02 22:08:00,tea,suggest,27,1,1
2150,10747,2025-09-30 17:42:00,tea,situation,15,1,0
2151,10767,2025-05-10 15:45:00,cappuccino,situation,6,0,0
2152,10772,2025-10-22 14:23:00,juice,situation,22,1,0
2153,10772,2025-10-22 14:23:00,tea,situation,30,1,1
2154,10777,2025-03-27 17:29:00,latte,situation,11,0,0
2155,10779,2025-04-10 09:49:00,non-coffee,situation,14,1,0
2156,10804,2025-04-13 08:06:00,coldbrew,suggest,8,1,1
2157,10804,2025-04-13 08:06:00,non-coffee,situation,14,0,0
2158,10808,2025-05-26 11:23:00,ade,situation,18,1,0
2159,10808,2025-05-26 11:23:00,cappuccino,situation,6,0,0
2160,10815,2025-08-06 16:33:00,smoothie,situation,21,1,0
2161,10817,2025-08-01 17:42:00,juice,situation,22,0,0
2162,10819,2025-05-20 20:20:00,tea,suggest,29,0,0
2163,10822,2025-05-04 11:25:00,coldbrew,suggest,7,1,1
2164,10822,2025-05-04 11:25:00,tea,situation,27,0,0
2165,10833,2025-01-24 15:48:00,frappe,situation,12,0,0
2166,10838,2025-12-17 08:02:00,americano,situation,2,1,1
2167,10843,2025-12-22 12:07:00,non-coffee,situation,14,0,0
2168,10843,2025-12-22 12:07:00,coldbrew,suggest,7,1,0
2169,10849,2025-07-10 11:12:00,tea,situation,29,0,0
2170,10860,2025-01-05 15:59:00,smoothie,situation,32,1,1
2171,10862,2025-04-19 15:22:00,tea,suggest,28,1,1
2172,10872,2025-01-21 20:15:00,smoothie,suggest,32,0,0
2173,10878,2025-06-10 08:54:00,frappe,situation,13,1,1
2174,10879,2025-10-12 17:25:00,tea,suggest,28,1,0
2175,10881,2025-06-04 20:51:00,coldbrew,suggest,7,0,0
2176,10881,2025-06-04 20:51:00,tea,suggest,16,0,0
2177,10883,2025-09-03 14:59:00,tea,suggest,31,0,0
2178,10897,2025-03-19 21:50:00,smoothie,situation,32,0,0
2179,10897,2025-03-19 21:50:00,latte,situation,4,0,0
2180,10899,2025-04-07 17:00:00,tea,situation,16,1,0
2181,10910,2025-04-02 18:05:00,non-coffee,situation,14,1,0
2182,10910,2025-04-02 18:05:00,ade,situation,24,0,0
2183,10913,2025-09-07 16:26:00,tea,situation,17,0,0
2184,10914,2025-04-12 17:37:00,tea,situation,16,1,0
2185,10914,2025-04-12 17:37:00,tea,suggest,29,0,0
2186,10919,2025-10-11 18:41:00,tea,situation,30,1,1
2187,10919,2025-10-11 18:41:00,latte,situation,10,1,0
2188,10922,2025-01-18 09:28:00,ade,suggest,24,1,1
2189,10925,2025-04-29 14:29:00,frappe,situation,12,0,0
2190,10938,2025-02-16 14:30:00,smoothie,situation,32,1,0
2191,10954,2025-05-16 18:40:00,americano,situation,3,1,0
2192,10965,2025-03-17 09:26:00,coldbrew,situation,7,0,0
2193,10965,2025-03-17 09:26:00,juice,suggest,22,1,1
2194,10968,2025-05-13 13:11:00,frappe,situation,25,0,0
2195,10968,2025-05-13 13:11:00,tea,situation,27,0,0
2196,10985,2025-03-28 16:45:00,juice,situation,22,1,1
2197,10985,2025-03-28 16:45:00,juice,suggest,22,1,1
2198,10995,2025-06-18 08:49:00,tea,suggest,17,1,1
2199,11004,2025-06-09 16:30:00,coldbrew,suggest,8,1,0
2200,11004,2025-06-09 16:30:00,coldbrew,situation,7,1,1
2201,11012,2025-09-07 16:44:00,smoothie,suggest,32,0,0
2202,11012,2025-09-07 16:44:00,coldbrew,situation,7,1,1
2203,11015,2025-11-13 20:43:00,espresso,situation,1,0,0
2204,11015,2025-11-13 20:43:00,smoothie,situation,20,1,1
2205,11019,2025-04-06 14:09:00,cappuccino,situation,6,1,0
2206,11025,2025-06-20 19:34:00,espresso,situation,1,0,0
2207,11036,2025-03-03 07:53:00,tea,situation,30,1,1
2208,11038,2025-12-22 17:23:00,tea,situation,31,0,0
2209,11039,2025-09-30 21:46:00,americano,situation,2,0,0
2210,11041,2025-11-01 15:47:00,tea,situation,30,0,0
2211,11045,2025-09-04 17:49:00,frappe,situation,13,1,0
2212,11068,2025-09-28 09:00:00,latte,situation,11,0,0
2213,11071,2025-05-03 18:08:00,latte,situation,5,0,0
2214,11074,2025-10-31 11:29:00,coldbrew,suggest,8,0,0
2215,11078,2025-08-28 09:26:00,americano,situation,2,1,1
2216,11083,2025-06-05 13:15:00,coldbrew,situation,8,0,0
2217,11091,2025-04-21 16:43:00,latte,situation,10,1,1
2218,11108,2025-02-22 15:12:00,tea,situation,16,1,1
2219,11112,2025-12-25 15:38:00,frappe,situation,25,1,0
2220,11112,2025-12-25 15:38:00,tea,situation,27,0,0
2221,11118,2025-06-01 12:48:00,ade,suggest,18,1,0
2222,11127,2025-04-16 17:42:00,latte,situation,11,1,1
2223,11132,2025-04-06 09:16:00,tea,suggest,28,0,0
2224,11139,2025-08-04 13:42:00,latte,suggest,11,1,1
2225,11148,2025-11-08 07:19:00,latte,suggest,11,0,0
2226,11148,2025-11-08 07:19:00,tea,suggest,28,0,0
2227,11152,2025-03-22 17:55:00,tea,suggest,15,1,0
2228,11157,2025-05-23 16:12:00,frappe,situation,13,1,0
2229,11157,2025-05-23 16:12:00,non-coffee,situation,14,1,0
2230,11165,2025-08-21 12:20:00,tea,situation,27,1,1
2231,11165,2025-08-21 12:20:00,americano,situation,3,1,1
2232,11166,2025-03-15 08:00:00,coldbrew,suggest,7,1,0
2233,11167,2025-11-11 09:32:00,frappe,situation,13,0,0
2234,11169,2025-07-07 08:14:00,tea,situation,31,0,0
2235,11184,2025-12-09 15:52:00,tea,situation,17,1,1
2236,11186,2025-04-05 09:57:00,tea,suggest,27,1,0
2237,11188,2025-10-29 19:30:00,ade,situation,19,1,1
2238,11189,2025-05-15 16:12:00,latte,situation,4,1,0
2239,11195,2025-04-12 15:42:00,ade,situation,18,0,0
2240,11195,2025-04-12 15:42:00,smoothie,situation,32,1,1
2241,11199,2025-01-20 11:10:00,espresso,situation,1,0,0
2242,11208,2025-06-20 18:34:00,americano,suggest,2,1,1
2243,11208,2025-06-20 18:34:00,coldbrew,suggest,7,1,0
2244,11212,2025-05-24 18:18:00,juice,situation,22,1,0
2245,11220,2025-10-12 09:44:00,coldbrew,situation,7,1,1
2246,11224,2025-10-07 09:47:00,americano,suggest,2,1,1
2247,11231,2025-04-21 20:21:00,frappe,situation,25,1,0
2248,11236,2025-01-25 12:21:00,smoothie,suggest,21,1,1
2249,11236,2025-01-25 12:21:00,tea,suggest,28,1,0
2250,11238,2025-01-14 17:52:00,tea,suggest,29,1,1
2251,11238,2025-01-14 17:52:00,ade,situation,19,0,0
2252,11244,2025-02-26 14:30:00,smoothie,suggest,32,0,0
2253,11244,2025-02-26 14:30:00,smoothie,suggest,21,1,1
2254,11273,2025-09-14 16:35:00,smoothie,suggest,20,1,1
2255,11278,2025-04-27 16:53:00,non-coffee,suggest,14,0,0
2256,11283,2025-09-25 13:55:00,coldbrew,suggest,8,1,1
2257,11289,2025-11-01 16:26:00,latte,situation,11,1,1
2258,11289,2025-11-01 16:26:00,smoothie,suggest,21,1,0
2259,11297,2025-01-23 15:53:00,coldbrew,situation,8,1,0
2260,11311,2025-09-11 15:22:00,ade,situation,19,1,1
2261,11314,2025-01-21 19:51:00,tea,situation,16,0,0
2262,11314,2025-01-21 19:51:00,tea,suggest,15,0,0
2263,11315,2025-07-08 15:59:00,americano,situation,3,1,1
2264,11319,2025-07-07 16:35:00,tea,suggest,17,0,0
2265,11325,2025-07-25 09:33:00,americano,situation,3,0,0
2266,11325,2025-07-25 09:33:00,latte,situation,4,1,0
2267,11331,2025-08-11 20:02:00,cappuccino,situation,6,1,1
2268,11333,2025-01-29 16:00:00,tea,suggest,16,0,0
2269,11334,2025-04-15 07:29:00,tea,situation,16,1,1
2270,11353,2025-09-18 19:43:00,tea,situation,31,0,0
2271,11355,2025-10-24 14:48:00,coldbrew,situation,8,1,1
2272,11355,2025-10-24 14:48:00,tea,situation,29,1,0
2273,11356,2025-09-25 08:36:00,tea,suggest,31,0,0
2274,11372,2025-04-05 18:17:00,latte,suggest,4,0,0
2275,11377,2025-04-04 21:18:00,tea,situation,15,1,1
2276,11377,2025-04-04 21:18:00,tea,suggest,27,1,1
2277,11381,2025-08-07 13:15:00,frappe,situation,25,1,1
2278,11381,2025-08-07 13:15:00,espresso,suggest,1,0,0
2279,11386,2025-10-12 15:53:00,drip,suggest,9,0,0
2280,11386,2025-10-12 15:53:00,cappuccino,situation,6,1,1
2281,11400,2025-12-24 08:56:00,tea,situation,28,1,1
2282,11405,2025-07-11 16:03:00,drip,situation,9,1,0
2283,11415,2025-01-24 20:45:00,tea,situation,15,0,0
2284,11418,2025-05-23 08:20:00,tea,situation,28,1,0
2285,11421,2025-07-09 13:03:00,latte,suggest,5,0,0
2286,11423,2025-10-18 11:46:00,cappuccino,situation,6,1,0
2287,11447,2025-08-26 13:42:00,frappe,situation,26,0,0
2288,11454,2025-08-22 17:46:00,americano,situation,3,0,0
2289,11456,2025-03-20 16:29:00,smoothie,situation,32,1,0
2290,11464,2025-02-05 14:36:00,ade,suggest,18,0,0
2291,11469,2025-07-13 15:59:00,juice,situation,22,1,1
2292,11489,2025-02-06 14:35:00,frappe,situation,13,0,0
2293,11496,2025-08-19 07:16:00,frappe,situation,13,1,1
2294,11499,2025-06-14 14:03:00,americano,situation,2,1,0
2295,11513,2025-08-18 08:19:00,non-coffee,situation,14,1,0
2296,11516,2025-11-06 15:00:00,tea,suggest,15,1,1
2297,11525,2025-02-11 18:39:00,ade,situation,19,0,0
2298,11531,2025-11-12 16:17:00,latte,situation,10,1,1
2299,11532,2025-04-24 15:49:00,tea,situation,27,0,0
2300,11539,2025-03-29 12:57:00,tea,situation,16,0,0
2301,11539,2025-03-29 12:57:00,latte,situation,4,1,1
2302,11546,2025-02-02 14:01:00,frappe,suggest,13,1,1
2303,11549,2025-02-07 12:36:00,frappe,situation,26,1,1
2304,11549,2025-02-07 12:36:00,coldbrew,situation,7,1,1
2305,11564,2025-08-21 08:19:00,tea,situation,30,1,1
2306,11566,2025-04-06 15:43:00,smoothie,suggest,21,1,0
2307,11567,2025-04-16 14:18:00,tea,situation,15,0,0
2308,11570,2025-01-29 08:39:00,coldbrew,situation,8,0,0
2309,11574,2025-12-03 11:16:00,smoothie,situation,32,1,0
2310,11596,2025-06-26 08:43:00,ade,suggest,24,1,0
2311,11596,2025-06-26 08:43:00,americano,situation,2,1,0
2312,11606,2025-01-09 12:45:00,ade,situation,19,0,0
2313,11613,2025-11-20 15:10:00,ade,situation,24,1,1
2314,11613,2025-11-20 15:10:00,tea,situation,27,0,0
2315,11626,2025-08-04 13:12:00,tea,situation,29,1,1
2316,11629,2025-02-22 09:17:00,cappuccino,situation,6,1,1
2317,11629,2025-02-22 09:17:00,ade,situation,18,1,1
2318,11649,2025-10-03 11:55:00,frappe,situation,25,1,0
2319,11670,2025-01-02 09:35:00,frappe,situation,26,1,1
2320,11674,2025-08-05 20:50:00,tea,situation,27,0,0
2321,11680,2025-08-20 20:26:00,tea,situation,30,1,1
2322,11680,2025-08-20 20:26:00,ade,situation,24,1,1
2323,11682,2025-09-30 14:45:00,cappuccino,suggest,6,1,0
2324,11688,2025-04-17 13:14:00,tea,situation,31,1,1
2325,11688,2025-04-17 13:14:00,latte,suggest,4,1,1
2326,11689,2025-09-15 13:01:00,tea,situation,27,0,0
2327,11691,2025-05-01 08:03:00,ade,situation,24,1,0
2328,11695,2025-05-05 12:43:00,ade,situation,24,1,1
2329,11704,2025-07-23 17:11:00,cappuccino,suggest,6,0,0
2330,11704,2025-07-23 17:11:00,ade,situation,18,1,0
2331,11705,2025-03-06 13:23:00,frappe,suggest,12,0,0
2332,11705,2025-03-06 13:23:00,tea,situation,30,0,0
2333,11708,2025-05-03 19:10:00,tea,situation,30,1,1
2334,11708,2025-05-03 19:10:00,coldbrew,situation,8,1,0
2335,11710,2025-03-01 19:59:00,smoothie,situation,32,1,0
2336,11721,2025-04-23 09:26:00,coldbrew,situation,7,0,0
2337,11737,2025-10-16 09:02:00,latte,situation,4,0,0
2338,11741,2025-06-29 18:40:00,ade,situation,19,0,0
2339,11743,2025-08-07 09:30:00,tea,situation,29,1,0
2340,11746,2025-01-28 16:14:00,ade,situation,19,1,1
2341,11761,2025-06-16 08:56:00,coldbrew,situation,7,1,1
2342,11762,2025-06-18 17:55:00,coldbrew,situation,8,0,0
2343,11764,2025-03-15 09:03:00,tea,situation,30,0,0
2344,11768,2025-08-11 09:49:00,coldbrew,situation,7,1,1
2345,11786,2025-04-23 12:07:00,ade,suggest,18,1,0
2346,11786,2025-04-23 12:07:00,latte,situation,4,0,0
2347,11809,2025-08-05 13:03:00,cappuccino,situation,6,1,0
2348,11812,2025-05-16 14:39:00,frappe,situation,26,0,0
2349,11817,2025-01-11 16:46:00,ade,suggest,24,1,0
2350,11819,2025-03-23 16:17:00,tea,situation,15,1,0
2351,11822,2025-04-07 11:09:00,smoothie,situation,20,1,0
2352,11825,2025-12-04 08:46:00,coldbrew,situation,7,1,1
2353,11832,2025-05-08 11:31:00,ade,situation,24,1,1
2354,11837,2025-09-12 16:08:00,coldbrew,situation,8,0,0
2355,11848,2025-10-22 11:07:00,smoothie,situation,32,1,1
2356,11848,2025-10-22 11:07:00,frappe,situation,26,1,0
2357,11850,2025-04-16 12:15:00,latte,situation,5,0,0
2358,11850,2025-04-16 12:15:00,frappe,situation,25,1,1
2359,11890,2025-02-19 12:59:00,frappe,situation,13,0,0
2360,11897,2025-05-09 09:18:00,latte,suggest,10,0,0
2361,11897,2025-05-09 09:18:00,tea,suggest,28,1,1
2362,11907,2025-04-21 07:12:00,tea,suggest,30,1,0
2363,11910,2025-05-28 20:50:00,tea,situation,31,0,0
2364,11911,2025-12-09 15:14:00,juice,situation,22,1,0
2365,11922,2025-06-16 09:50:00,coldbrew,situation,7,1,1
2366,11922,2025-06-16 09:50:00,tea,suggest,30,1,1
2367,11929,2025-02-14 20:46:00,drip,suggest,9,0,0
2368,11934,2025-12-20 20:03:00,smoothie,situation,32,1,1
2369,11940,2025-12-20 16:27:00,latte,situation,10,0,0
2370,11940,2025-12-20 16:27:00,coldbrew,situation,7,1,0
2371,11943,2025-05-30 18:02:00,tea,situation,27,1,1
2372,11950,2025-05-09 08:36:00,tea,situation,17,0,0
2373,11950,2025-05-09 08:36:00,tea,situation,16,0,0
2374,11951,2025-08-09 16:06:00,frappe,situation,26,1,1
2375,11961,2025-02-23 15:46:00,tea,suggest,15,1,1
2376,11972,2025-05-12 18:55:00,frappe,situation,25,0,0
2377,11974,2025-08-16 16:38:00,smoothie,suggest,21,1,1
2378,11974,2025-08-16 16:38:00,ade,situation,18,1,1
2379,11975,2025-12-28 16:21:00,smoothie,situation,21,1,0
2380,11975,2025-12-28 16:21:00,frappe,situation,12,0,0
2381,11996,2025-10-15 12:44:00,drip,suggest,9,0,0
2382,12006,2025-02-26 20:35:00,latte,situation,4,1,0
2383,12006,2025-02-26 20:35:00,smoothie,situation,20,1,1
2384,12012,2025-08-03 09:35:00,latte,situation,4,0,0
2385,12012,2025-08-03 09:35:00,latte,suggest,10,0,0
2386,12016,2025-08-02 19:58:00,frappe,situation,25,1,0
2387,12017,2025-02-18 08:57:00,frappe,situation,13,0,0
2388,12032,2025-08-06 09:15:00,drip,situation,9,1,1
2389,12032,2025-08-06 09:15:00,coldbrew,situation,8,1,1
2390,12038,2025-10-08 19:05:00,latte,situation,10,1,1
2391,12050,2025-05-11 17:17:00,smoothie,suggest,21,0,0
2392,12051,2025-01-12 11:06:00,tea,suggest,16,1,0
2393,12053,2025-07-22 08:32:00,espresso,suggest,1,0,0
2394,12055,2025-04-03 16:10:00,ade,situation,18,1,1
2395,12059,2025-08-15 11:35:00,tea,situation,15,1,1
2396,12063,2025-01-30 18:46:00,smoothie,situation,21,1,0
2397,12063,2025-01-30 18:46:00,tea,situation,30,1,1
2398,12064,2025-03-24 08:09:00,espresso,situation,1,0,0
2399,12067,2025-02-16 09:48:00,tea,situation,29,1,1
2400,12067,2025-02-16 09:48:00,smoothie,situation,20,0,0
2401,12069,2025-07-28 07:47:00,coldbrew,situation,7,1,1
2402,12074,2025-03-20 15:23:00,americano,situation,3,1,1
2403,12074,2025-03-20 15:23:00,smoothie,situation,21,1,0
2404,12076,2025-02-08 11:00:00,drip,situation,9,1,0
2405,12083,2025-02-25 15:39:00,frappe,suggest,26,0,0
2406,12095,2025-11-22 16:56:00,tea,situation,16,1,0
2407,12100,2025-01-09 18:19:00,tea,situation,28,0,0
2408,12103,2025-10-14 18:17:00,drip,situation,9,1,1
2409,12103,2025-10-14 18:17:00,smoothie,situation,20,1,1
2410,12110,2025-10-24 12:45:00,drip,situation,9,0,0
2411,12125,2025-10-03 09:30:00,latte,situation,5,0,0
2412,12134,2025-09-13 15:16:00,ade,situation,24,0,0
2413,12135,2025-03-16 15:52:00,juice,situation,22,1,1
2414,12135,2025-03-16 15:52:00,frappe,suggest,13,0,0
2415,12136,2025-08-07 13:06:00,non-coffee,suggest,14,0,0
2416,12149,2025-08-10 15:34:00,ade,situation,18,1,1
2417,12150,2025-07-27 16:57:00,juice,suggest,22,1,1
2418,12156,2025-10-27 16:14:00,smoothie,situation,21,0,0
2419,12168,2025-05-12 13:07:00,tea,situation,30,0,0
2420,12176,2025-07-09 07:45:00,tea,situation,15,1,0
2421,12179,2025-02-25 09:06:00,latte,suggest,11,1,1
2422,12179,2025-02-25 09:06:00,latte,situation,5,1,1
2423,12181,2025-05-26 14:40:00,frappe,situation,12,1,1
2424,12181,2025-05-26 14:40:00,tea,situation,27,1,0
2425,12190,2025-11-05 22:06:00,latte,situation,23,0,0
2426,12198,2025-12-08 09:06:00,latte,situation,11,1,0
2427,12199,2025-12-08 13:58:00,tea,situation,15,1,0
2428,12202,2025-09-23 08:39:00,latte,suggest,11,0,0
2429,12204,2025-12-04 14:40:00,smoothie,situation,21,1,1
2430,12204,2025-12-04 14:40:00,tea,situation,28,1,0
2431,12206,2025-12-07 15:48:00,frappe,situation,26,1,1
2432,12213,2025-01-08 13:09:00,juice,situation,22,1,1
2433,12216,2025-07-10 08:05:00,americano,situation,3,1,0
2434,12219,2025-12-31 17:17:00,frappe,situation,26,0,0
2435,12219,2025-12-31 17:17:00,frappe,suggest,12,0,0
2436,12226,2025-09-17 12:02:00,ade,situation,24,1,0
2437,12241,2025-02-08 18:36:00,latte,situation,11,0,0
2438,12243,2025-12-31 12:56:00,coldbrew,suggest,7,0,0
2439,12254,2025-11-04 18:03:00,latte,situation,4,0,0
2440,12254,2025-11-04 18:03:00,non-coffee,situation,14,1,0
2441,12256,2025-06-01 12:45:00,tea,suggest,27,0,0
2442,12259,2025-04-01 18:26:00,ade,situation,24,1,0
2443,12267,2025-03-15 16:33:00,smoothie,situation,32,0,0
2444,12289,2025-07-24 08:16:00,americano,suggest,3,1,1
2445,12302,2025-11-15 20:25:00,frappe,suggest,13,0,0
2446,12316,2025-02-07 12:58:00,coldbrew,suggest,8,1,1
2447,12316,2025-02-07 12:58:00,coldbrew,suggest,8,1,0
2448,12322,2025-05-13 17:08:00,smoothie,suggest,32,1,1
2449,12326,2025-06-22 12:46:00,frappe,suggest,13,0,0
2450,12332,2025-04-15 21:36:00,coldbrew,situation,8,1,1
2451,12335,2025-01-11 09:14:00,latte,situation,11,1,0
2452,12337,2025-12-10 16:43:00,cappuccino,situation,6,0,0
2453,12340,2025-12-05 15:31:00,latte,situation,11,1,1
2454,12340,2025-12-05 15:31:00,frappe,suggest,12,1,1
2455,12345,2025-12-24 16:09:00,ade,situation,24,1,0
2456,12350,2025-07-06 15:48:00,tea,suggest,28,0,0
2457,12351,2025-03-01 21:48:00,smoothie,situation,21,0,0
2458,12355,2025-08-13 16:20:00,frappe,situation,13,1,1
2459,12355,2025-08-13 16:20:00,ade,situation,19,1,1
2460,12358,2025-08-28 19:00:00,americano,situation,3,1,1
2461,12364,2025-12-23 19:00:00,tea,situation,15,1,1
2462,12364,2025-12-23 19:00:00,tea,situation,16,1,1
2463,12371,2025-12-24 22:52:00,frappe,situation,13,1,0
2464,12380,2025-07-27 17:28:00,tea,situation,28,0,0
2465,12380,2025-07-27 17:28:00,americano,situation,3,1,0
2466,12382,2025-07-17 08:08:00,tea,suggest,17,1,0
2467,12382,2025-07-17 08:08:00,smoothie,situation,21,1,1
2468,12394,2025-08-21 15:56:00,tea,suggest,15,0,0
2469,12394,2025-08-21 15:56:00,tea,situation,29,0,0
2470,12401,2025-07-31 13:10:00,cappuccino,situation,6,1,1
2471,12411,2025-12-29 20:07:00,tea,situation,17,1,1
2472,12439,2025-01-22 08:54:00,tea,suggest,30,1,1
2473,12444,2025-05-02 20:24:00,tea,situation,16,1,0
2474,12447,2025-09-06 15:40:00,latte,situation,4,0,0
2475,12449,2025-08-01 20:56:00,coldbrew,situation,7,1,1
2476,12457,2025-05-01 16:38:00,espresso,situation,1,0,0
2477,12458,2025-10-29 08:56:00,tea,situation,16,0,0
2478,12458,2025-10-29 08:56:00,latte,suggest,4,1,1
2479,12465,2025-11-15 11:05:00,latte,situation,23,0,0
2480,12465,2025-11-15 11:05:00,frappe,suggest,13,1,1
2481,12468,2025-03-30 15:35:00,tea,situation,30,1,1
2482,12468,2025-03-30 15:35:00,americano,suggest,3,0,0
2483,12469,2025-09-22 16:27:00,latte,situation,10,1,1
2484,12472,2025-10-01 19:27:00,non-coffee,situation,14,0,0
2485,12472,2025-10-01 19:27:00,drip,situation,9,1,0
2486,12480,2025-01-29 09:37:00,cappuccino,suggest,6,0,0
2487,12480,2025-01-29 09:37:00,americano,suggest,2,0,0
2488,12483,2025-07-13 16:10:00,non-coffee,situation,14,1,1
2489,12497,2025-06-30 13:13:00,smoothie,situation,20,0,0
2490,12499,2025-06-09 17:57:00,americano,situation,2,0,0
2491,12501,2025-07-05 19:09:00,tea,situation,30,1,1
2492,12514,2025-04-27 15:01:00,latte,suggest,5,1,1
2493,12514,2025-04-27 15:01:00,frappe,situation,25,1,1
2494,12521,2025-05-20 07:05:00,americano,suggest,3,0,0
2495,12529,2025-10-04 08:43:00,cappuccino,situation,6,1,0
2496,12529,2025-10-04 08:43:00,frappe,situation,13,1,0
2497,12535,2025-10-05 14:38:00,latte,situation,11,0,0
2498,12537,2025-12-28 14:59:00,tea,situation,27,1,1
2499,12554,2025-09-06 07:45:00,tea,situation,28,0,0
2500,12564,2025-11-28 11:51:00,tea,situation,15,0,0
2501,12569,2025-03-12 12:43:00,tea,situation,30,1,1
2502,12574,2025-06-24 17:34:00,tea,situation,17,1,1
2503,12581,2025-05-01 18:39:00,latte,situation,5,1,0
2504,12588,2025-06-11 15:16:00,cappuccino,situation,6,0,0
2505,12590,2025-01-29 14:29:00,latte,situation,23,1,1
2506,12592,2025-01-20 18:40:00,tea,situation,28,1,1
2507,12592,2025-01-20 18:40:00,americano,situation,3,0,0
2508,12593,2025-11-08 09:48:00,frappe,suggest,12,0,0
2509,12608,2025-09-18 18:37:00,frappe,situation,13,1,0
2510,12608,2025-09-18 18:37:00,tea,suggest,17,1,1
2511,12631,2025-11-30 14:24:00,ade,situation,19,1,1
2512,12631,2025-11-30 14:24:00,espresso,suggest,1,0,0
2513,12635,2025-08-18 08:29:00,americano,suggest,3,1,0
2514,12670,2025-01-26 08:02:00,non-coffee,situation,14,0,0
2515,12678,2025-12-30 14:35:00,tea,situation,16,1,1
2516,12685,2025-03-24 07:53:00,tea,suggest,27,1,0
2517,12685,2025-03-24 07:53:00,smoothie,situation,21,1,0
2518,12688,2025-07-21 09:16:00,americano,suggest,3,0,0
2519,12695,2025-01-08 19:57:00,tea,situation,15,1,0
2520,12695,2025-01-08 19:57:00,tea,situation,31,0,0
2521,12698,2025-11-21 16:42:00,smoothie,situation,21,1,1
2522,12699,2025-07-30 22:14:00,tea,situation,28,1,1
2523,12700,2025-12-13 09:14:00,latte,situation,23,0,0
2524,12700,2025-12-13 09:14:00,americano,situation,3,0,0
2525,12716,2025-09-12 18:11:00,tea,situation,29,0,0
2526,12716,2025-09-12 18:11:00,latte,situation,11,1,1
2527,12718,2025-02-05 12:08:00,tea,situation,17,0,0
2528,12720,2025-06-25 18:20:00,tea,suggest,28,1,1
2529,12720,2025-06-25 18:20:00,frappe,situation,25,1,1
2530,12725,2025-05-22 19:09:00,frappe,situation,12,1,1
2531,12737,2025-06-28 18:56:00,tea,situation,31,0,0
2532,12745,2025-06-30 20:35:00,smoothie,situation,20,1,1
2533,12746,2025-10-21 14:23:00,ade,suggest,24,0,0
2534,12747,2025-04-20 14:28:00,coldbrew,suggest,7,1,0
2535,12747,2025-04-20 14:28:00,tea,situation,27,1,0
2536,12749,2025-05-14 16:37:00,tea,situation,29,0,0
2537,12749,2025-05-14 16:37:00,smoothie,situation,32,0,0
2538,12750,2025-07-29 11:31:00,tea,situation,27,0,0
2539,12752,2025-10-09 11:33:00,tea,situation,27,0,0
2540,12753,2025-04-18 08:39:00,americano,situation,2,1,0
2541,12761,2025-04-28 14:23:00,frappe,situation,13,0,0
2542,12766,2025-09-25 15:52:00,frappe,situation,13,1,0
2543,12766,2025-09-25 15:52:00,frappe,situation,12,0,0
2544,12776,2025-11-20 14:25:00,tea,suggest,16,1,1
2545,12781,2025-06-27 16:45:00,juice,situation,22,1,0
2546,12796,2025-10-02 11:40:00,tea,suggest,17,0,0
2547,12797,2025-12-01 14:43:00,ade,situation,18,1,1
2548,12802,2025-02-16 09:09:00,tea,situation,16,0,0
2549,12802,2025-02-16 09:09:00,americano,situation,2,0,0
2550,12803,2025-11-06 13:49:00,tea,suggest,28,0,0
2551,12803,2025-11-06 13:49:00,ade,situation,19,0,0
2552,12821,2025-10-18 16:27:00,tea,situation,28,0,0
2553,12821,2025-10-18 16:27:00,latte,suggest,11,1,1
2554,12822,2025-10-02 12:16:00,latte,suggest,4,0,0
2555,12825,2025-10-12 12:19:00,smoothie,situation,20,0,0
2556,12825,2025-10-12 12:19:00,cappuccino,situation,6,1,0
2557,12827,2025-01-21 18:47:00,ade,situation,24,0,0
2558,12827,2025-01-21 18:47:00,frappe,suggest,12,0,0
2559,12841,2025-05-18 13:40:00,tea,situation,16,1,1
2560,12841,2025-05-18 13:40:00,americano,suggest,3,1,1
2561,12842,2025-04-03 17:16:00,smoothie,suggest,32,1,0
2562,12845,2025-01-26 16:22:00,coldbrew,situation,7,0,0
2563,12845,2025-01-26 16:22:00,tea,situation,28,0,0
2564,12851,2025-05-22 09:39:00,frappe,situation,25,0,0
2565,12851,2025-05-22 09:39:00,tea,situation,27,0,0
2566,12858,2025-01-02 15:26:00,tea,situation,28,0,0
2567,12858,2025-01-02 15:26:00,latte,situation,5,0,0
2568,12859,2025-10-17 21:52:00,latte,suggest,23,1,1
2569,12859,2025-10-17 21:52:00,tea,suggest,27,1,1
2570,12863,2025-07-05 22:39:00,frappe,situation,12,1,0
2571,12876,2025-10-09 15:03:00,smoothie,situation,21,1,1
2572,12876,2025-10-09 15:03:00,frappe,suggest,25,1,1
2573,12878,2025-01-19 12:42:00,frappe,situation,12,0,0
2574,12889,2025-06-21 15:19:00,smoothie,suggest,20,1,1
2575,12892,2025-05-07 11:45:00,ade,situation,18,0,0
2576,12896,2025-04-10 07:04:00,tea,situation,15,1,1
2577,12901,2025-05-19 13:40:00,tea,suggest,16,0,0
2578,12901,2025-05-19 13:40:00,coldbrew,suggest,8,0,0
2579,12908,2025-04-14 17:09:00,latte,situation,4,0,0
2580,12968,2025-12-14 16:54:00,tea,situation,16,0,0
2581,12972,2025-06-17 14:14:00,latte,situation,23,0,0
2582,12972,2025-06-17 14:14:00,smoothie,suggest,20,1,0
2583,12978,2025-03-17 16:35:00,smoothie,situation,32,1,0
2584,12990,2025-02-04 17:24:00,ade,situation,18,1,0
2585,12990,2025-02-04 17:24:00,ade,suggest,18,1,0
2586,12994,2025-05-09 09:47:00,coldbrew,situation,7,0,0
2587,13001,2025-06-16 13:24:00,americano,suggest,3,0,0
2588,13001,2025-06-16 13:24:00,americano,situation,2,1,1
2589,13003,2025-08-12 13:05:00,latte,situation,23,1,1
2590,13003,2025-08-12 13:05:00,espresso,suggest,1,1,1
2591,13016,2025-11-25 09:59:00,americano,suggest,3,0,0
2592,13019,2025-06-05 15:05:00,latte,situation,5,0,0
2593,13020,2025-08-10 16:58:00,tea,suggest,30,0,0
2594,13028,2025-03-20 09:45:00,tea,suggest,30,0,0
2595,13031,2025-01-21 13:45:00,ade,situation,24,1,0
2596,13031,2025-01-21 13:45:00,ade,situation,24,1,1
2597,13038,2025-12-03 11:19:00,tea,situation,27,1,1
2598,13049,2025-10-14 12:48:00,tea,situation,29,1,1
2599,13058,2025-04-06 12:39:00,frappe,situation,25,0,0
2600,13063,2025-03-20 18:19:00,americano,situation,2,1,1
2601,13071,2025-09-30 15:40:00,tea,situation,16,0,0
2602,13071,2025-09-30 15:40:00,americano,situation,3,1,0
2603,13074,2025-08-03 12:09:00,americano,situation,2,1,1
2604,13074,2025-08-03 12:09:00,latte,situation,23,1,1
2605,13079,2025-07-07 17:44:00,latte,suggest,23,1,1
2606,13081,2025-04-04 20:28:00,drip,situation,9,1,1
2607,13082,2025-02-11 14:24:00,frappe,situation,13,1,0
2608,13083,2025-05-10 16:20:00,cappuccino,situation,6,1,0
2609,13093,2025-01-14 21:04:00,espresso,situation,1,1,1
2610,13105,2025-05-13 15:19:00,frappe,situation,13,1,0
2611,13108,2025-09-05 07:42:00,frappe,situation,26,1,0
2612,13108,2025-09-05 07:42:00,latte,suggest,11,0,0
2613,13111,2025-01-24 14:38:00,americano,situation,2,1,1
2614,13111,2025-01-24 14:38:00,frappe,suggest,25,0,0
2615,13115,2025-01-03 16:41:00,frappe,suggest,25,1,1
2616,13138,2025-06-27 12:21:00,smoothie,situation,32,1,1
2617,13139,2025-02-23 14:03:00,non-coffee,situation,14,0,0
2618,13139,2025-02-23 14:03:00,frappe,situation,25,0,0
2619,13140,2025-05-29 16:55:00,latte,suggest,4,0,0
2620,13140,2025-05-29 16:55:00,latte,situation,10,0,0
2621,13141,2025-07-20 17:28:00,smoothie,situation,32,1,1
2622,13146,2025-09-21 11:54:00,tea,situation,28,0,0
2623,13162,2025-11-07 16:48:00,cappuccino,suggest,6,0,0
2624,13162,2025-11-07 16:48:00,cappuccino,situation,6,1,0
2625,13179,2025-04-29 13:03:00,tea,situation,16,0,0
2626,13179,2025-04-29 13:03:00,juice,situation,22,1,1
2627,13180,2025-02-28 11:34:00,americano,situation,2,1,1
2628,13181,2025-01-05 09:50:00,frappe,suggest,12,1,1
2629,13186,2025-12-28 11:54:00,frappe,suggest,25,1,0
2630,13204,2025-02-19 12:23:00,coldbrew,situation,8,1,0
2631,13204,2025-02-19 12:23:00,tea,situation,29,1,1
2632,13221,2025-06-06 09:56:00,tea,suggest,16,1,1
2633,13222,2025-04-07 18:57:00,latte,situation,11,1,0
2634,13223,2025-10-20 15:23:00,non-coffee,situation,14,0,0
2635,13223,2025-10-20 15:23:00,smoothie,situation,20,0,0
2636,13231,2025-02-07 08:27:00,drip,suggest,9,1,1
2637,13231,2025-02-07 08:27:00,cappuccino,suggest,6,1,1
2638,13233,2025-06-02 17:54:00,smoothie,suggest,21,1,1
2639,13233,2025-06-02 17:54:00,latte,situation,10,1,1
2640,13238,2025-02-26 17:16:00,smoothie,suggest,21,1,1
2641,13238,2025-02-26 17:16:00,ade,situation,18,0,0
2642,13239,2025-10-04 20:59:00,frappe,situation,26,0,0
2643,13251,2025-01-17 14:51:00,latte,suggest,23,1,1
2644,13251,2025-01-17 14:51:00,tea,situation,28,0,0
2645,13256,2025-08-22 08:44:00,ade,suggest,19,1,1
2646,13257,2025-02-28 15:49:00,latte,situation,23,0,0
2647,13272,2025-05-15 18:00:00,latte,suggest,11,1,1
2648,13272,2025-05-15 18:00:00,tea,situation,16,0,0
2649,13277,2025-07-14 15:54:00,tea,suggest,28,0,0
2650,13292,2025-07-16 16:13:00,americano,situation,3,0,0
2651,13295,2025-02-26 15:47:00,latte,situation,10,1,0
2652,13295,2025-02-26 15:47:00,ade,situation,24,1,0
2653,13300,2025-09-02 21:45:00,americano,suggest,2,1,0
2654,13300,2025-09-02 21:45:00,tea,situation,29,1,0
2655,13307,2025-11-24 08:31:00,frappe,situation,25,0,0
2656,13317,2025-11-23 11:12:00,ade,situation,19,1,0
2657,13320,2025-11-01 14:36:00,latte,suggest,10,1,1
2658,13330,2025-03-19 07:31:00,latte,situation,10,0,0
2659,13330,2025-03-19 07:31:00,espresso,situation,1,0,0
2660,13332,2025-01-11 19:35:00,tea,situation,27,0,0
2661,13333,2025-11-19 11:34:00,americano,situation,3,1,0
2662,13334,2025-08-25 08:24:00,tea,situation,27,0,0
2663,13336,2025-09-27 09:42:00,frappe,situation,13,1,1
2664,13360,2025-01-24 11:46:00,americano,suggest,3,0,0
2665,13361,2025-08-07 12:34:00,tea,situation,30,0,0
2666,13361,2025-08-07 12:34:00,tea,situation,17,1,0
2667,13362,2025-04-30 20:18:00,smoothie,situation,20,0,0
2668,13366,2025-10-31 14:18:00,smoothie,situation,21,1,1
2669,13366,2025-10-31 14:18:00,tea,situation,29,1,1
2670,13367,2025-09-30 20:00:00,cappuccino,situation,6,1,1
2671,13367,2025-09-30 20:00:00,tea,situation,30,1,1
2672,13371,2025-01-22 09:02:00,tea,situation,17,1,1
2673,13372,2025-11-29 17:39:00,frappe,suggest,13,0,0
2674,13379,2025-02-12 13:48:00,latte,situation,5,0,0
2675,13379,2025-02-12 13:48:00,latte,situation,10,1,1
2676,13383,2025-11-18 09:11:00,smoothie,situation,21,0,0
2677,13383,2025-11-18 09:11:00,tea,situation,15,0,0
2678,13393,2025-07-02 09:43:00,ade,situation,24,0,0
2679,13393,2025-07-02 09:43:00,frappe,situation,25,1,0
2680,13395,2025-04-12 15:00:00,coldbrew,situation,7,1,1
2681,13395,2025-04-12 15:00:00,ade,suggest,18,0,0
2682,13398,2025-09-17 12:53:00,tea,suggest,31,1,0
2683,13398,2025-09-17 12:53:00,tea,situation,31,0,0
2684,13403,2025-09-03 20:30:00,latte,situation,23,1,0
2685,13403,2025-09-03 20:30:00,non-coffee,situation,14,1,0
2686,13416,2025-08-01 07:14:00,frappe,situation,25,1,0
2687,13416,2025-08-01 07:14:00,latte,situation,10,1,1
2688,13420,2025-08-11 15:20:00,frappe,situation,25,0,0
2689,13422,2025-10-10 19:02:00,tea,situation,15,1,0
2690,13426,2025-03-28 13:16:00,frappe,situation,26,1,1
2691,13426,2025-03-28 13:16:00,drip,situation,9,1,1
2692,13435,2025-11-06 13:02:00,smoothie,situation,20,0,0
2693,13437,2025-05-05 14:25:00,americano,situation,2,0,0
2694,13465,2025-09-26 16:00:00,tea,situation,27,1,0
2695,13465,2025-09-26 16:00:00,espresso,situation,1,1,0
2696,13469,2025-07-08 08:54:00,frappe,situation,26,1,1
2697,13486,2025-05-14 13:27:00,coldbrew,situation,8,1,1
2698,13490,2025-05-08 13:56:00,smoothie,situation,21,1,0
2699,13490,2025-05-08 13:56:00,smoothie,situation,20,0,0
2700,13492,2025-02-13 20:04:00,tea,situation,29,1,0
2701,13494,2025-11-22 11:29:00,frappe,situation,12,1,1
2702,13497,2025-12-13 09:18:00,latte,suggest,23,0,0
2703,13530,2025-06-07 15:26:00,juice,situation,22,1,1
2704,13533,2025-12-13 18:03:00,ade,situation,18,1,1
2705,13539,2025-03-21 12:09:00,tea,suggest,17,1,0
2706,13541,2025-01-15 16:13:00,tea,situation,17,1,0
2707,13541,2025-01-15 16:13:00,tea,situation,30,0,0
2708,13543,2025-11-25 20:01:00,cappuccino,situation,6,0,0
2709,13544,2025-05-29 13:38:00,cappuccino,suggest,6,1,0
2710,13546,2025-07-12 12:40:00,tea,suggest,30,0,0
2711,13546,2025-07-12 12:40:00,smoothie,situation,20,1,1
2712,13547,2025-10-20 11:23:00,frappe,situation,26,1,1
2713,13547,2025-10-20 11:23:00,non-coffee,situation,14,0,0
2714,13552,2025-12-06 11:19:00,tea,suggest,27,1,1
2715,13563,2025-03-26 14:23:00,latte,situation,4,1,0
2716,13576,2025-01-14 14:13:00,coldbrew,situation,7,1,0
2717,13602,2025-12-08 12:44:00,frappe,suggest,13,1,0
2718,13604,2025-07-11 18:37:00,tea,suggest,27,1,1
2719,13607,2025-12-27 13:21:00,ade,suggest,19,1,0
2720,13612,2025-09-11 11:47:00,frappe,suggest,12,1,1
2721,13614,2025-03-17 09:08:00,latte,situation,23,1,1
2722,13614,2025-03-17 09:08:00,coldbrew,situation,7,0,0
2723,13617,2025-01-20 15:18:00,tea,situation,28,1,0
2724,13622,2025-10-05 14:32:00,tea,suggest,27,1,0
2725,13635,2025-05-07 19:58:00,non-coffee,situation,14,0,0
2726,13637,2025-04-19 22:02:00,ade,situation,19,1,1
2727,13637,2025-04-19 22:02:00,ade,situation,18,1,1
2728,13638,2025-01-25 16:53:00,juice,situation,22,0,0
2729,13656,2025-03-15 22:22:00,coldbrew,situation,7,0,0
2730,13663,2025-05-18 14:05:00,latte,situation,4,1,0
2731,13663,2025-05-18 14:05:00,smoothie,suggest,21,0,0
2732,13681,2025-08-11 08:48:00,latte,situation,4,0,0
2733,13682,2025-07-16 13:25:00,ade,situation,24,1,0
2734,13685,2025-05-01 13:20:00,latte,suggest,5,0,0
2735,13685,2025-05-01 13:20:00,latte,situation,23,1,1
2736,13702,2025-09-09 21:22:00,coldbrew,suggest,7,1,0
2737,13707,2025-03-03 12:21:00,latte,situation,4,0,0
2738,13710,2025-07-25 15:55:00,tea,suggest,29,0,0
2739,13717,2025-06-23 14:25:00,tea,situation,27,1,0
2740,13731,2025-03-04 16:27:00,tea,situation,31,0,0
2741,13731,2025-03-04 16:27:00,frappe,suggest,12,1,1
2742,13736,2025-03-16 16:17:00,juice,situation,22,1,1
2743,13743,2025-09-26 12:01:00,ade,situation,19,1,0
2744,13746,2025-02-18 17:42:00,frappe,situation,12,0,0
2745,13757,2025-04-13 16:46:00,ade,situation,24,0,0
2746,13771,2025-03-10 16:39:00,frappe,situation,13,1,1
2747,13776,2025-07-12 08:15:00,latte,situation,4,0,0
2748,13778,2025-09-09 12:24:00,latte,situation,5,1,0
2749,13779,2025-05-28 22:03:00,tea,suggest,30,1,0
2750,13779,2025-05-28 22:03:00,tea,suggest,17,1,0
2751,13782,2025-06-20 14:08:00,smoothie,situation,32,0,0
2752,13784,2025-11-06 18:17:00,tea,situation,17,0,0
2753,13784,2025-11-06 18:17:00,tea,situation,16,0,0
2754,13793,2025-12-30 15:54:00,frappe,suggest,13,1,0
2755,13803,2025-11-14 16:45:00,juice,situation,22,1,1
2756,13805,2025-02-02 12:47:00,frappe,suggest,12,1,0
2757,13817,2025-04-26 09:59:00,coldbrew,situation,7,1,0
2758,13823,2025-05-18 08:26:00,non-coffee,suggest,14,1,1
2759,13823,2025-05-18 08:26:00,latte,situation,10,1,1
2760,13824,2025-07-24 16:37:00,ade,suggest,24,1,0
2761,13837,2025-04-03 16:41:00,latte,situation,4,0,0
2762,13842,2025-01-04 17:33:00,smoothie,situation,21,0,0
2763,13851,2025-12-22 16:19:00,drip,situation,9,1,0
2764,13851,2025-12-22 16:19:00,espresso,situation,1,1,0
2765,13862,2025-07-20 15:12:00,ade,situation,18,0,0
2766,13862,2025-07-20 15:12:00,frappe,situation,25,1,1
2767,13870,2025-02-12 07:44:00,tea,situation,17,0,0
2768,13870,2025-02-12 07:44:00,latte,situation,23,1,1
2769,13878,2025-02-09 15:58:00,juice,suggest,22,1,1
2770,13880,2025-02-28 09:35:00,tea,situation,16,0,0
2771,13880,2025-02-28 09:35:00,smoothie,situation,21,1,1
2772,13888,2025-01-21 09:53:00,smoothie,suggest,32,0,0
2773,13895,2025-09-13 08:44:00,tea,suggest,29,0,0
2774,13901,2025-07-29 20:42:00,tea,situation,17,1,0
2775,13908,2025-03-15 13:29:00,tea,situation,15,0,0
2776,13915,2025-04-19 18:07:00,juice,situation,22,0,0
2777,13915,2025-04-19 18:07:00,latte,situation,10,1,1
2778,13918,2025-07-20 15:11:00,tea,situation,31,0,0
2779,13918,2025-07-20 15:11:00,latte,situation,10,0,0
2780,13928,2025-04-07 15:45:00,drip,suggest,9,1,1
2781,13931,2025-01-31 20:10:00,tea,suggest,17,1,1
2782,13933,2025-03-22 22:49:00,tea,situation,29,1,0
2783,13938,2025-06-12 07:27:00,tea,situation,30,0,0
2784,13954,2025-10-20 14:43:00,frappe,situation,26,0,0
2785,13954,2025-10-20 14:43:00,tea,suggest,29,1,1
2786,13965,2025-08-01 14:33:00,espresso,situation,1,0,0
2787,13966,2025-10-15 15:56:00,espresso,situation,1,1,1
2788,13986,2025-08-11 19:05:00,non-coffee,suggest,14,1,1
2789,13986,2025-08-11 19:05:00,tea,situation,29,1,0
2790,13995,2025-07-13 08:28:00,americano,situation,2,1,0
2791,14003,2025-09-09 19:16:00,tea,situation,27,0,0
2792,14007,2025-09-06 15:39:00,cappuccino,situation,6,0,0
2793,14010,2025-10-16 15:28:00,ade,suggest,19,1,1
2794,14014,2025-07-10 09:35:00,smoothie,suggest,32,0,0
2795,14014,2025-07-10 09:35:00,americano,suggest,2,1,1
2796,14018,2025-04-03 12:57:00,frappe,situation,25,0,0
2797,14025,2025-07-17 11:22:00,frappe,situation,13,0,0
2798,14026,2025-09-07 14:37:00,juice,suggest,22,0,0
2799,14034,2025-08-26 13:56:00,americano,situation,2,1,1
2800,14034,2025-08-26 13:56:00,tea,situation,31,0,0
2801,14037,2025-11-26 13:02:00,tea,suggest,29,0,0
2802,14039,2025-08-16 19:52:00,tea,situation,15,1,0
2803,14053,2025-04-10 16:32:00,coldbrew,situation,8,0,0
2804,14070,2025-10-18 08:46:00,drip,situation,9,0,0
2805,14071,2025-02-22 15:40:00,tea,suggest,16,1,0
2806,14088,2025-09-07 12:28:00,juice,suggest,22,1,1
2807,14090,2025-09-06 13:58:00,tea,situation,27,0,0
2808,14103,2025-07-30 09:24:00,tea,situation,17,1,1
2809,14105,2025-11-21 19:58:00,juice,situation,22,0,0
2810,14107,2025-01-29 07:09:00,tea,situation,29,0,0
2811,14120,2025-10-05 12:11:00,non-coffee,situation,14,1,1
2812,14121,2025-01-20 14:33:00,tea,situation,28,1,0
2813,14122,2025-10-06 20:35:00,smoothie,suggest,20,0,0
2814,14122,2025-10-06 20:35:00,smoothie,situation,20,0,0
2815,14125,2025-12-28 15:59:00,latte,suggest,5,1,0
2816,14131,2025-11-11 15:26:00,latte,situation,23,1,1
2817,14131,2025-11-11 15:26:00,latte,situation,10,1,0
2818,14134,2025-09-03 16:46:00,tea,situation,28,0,0
2819,14134,2025-09-03 16:46:00,ade,situation,18,0,0
2820,14138,2025-08-10 16:09:00,tea,situation,30,1,0
2821,14144,2025-06-05 16:36:00,ade,situation,24,1,1
2822,14144,2025-06-05 16:36:00,frappe,situation,26,1,0
2823,14147,2025-06-20 11:35:00,coldbrew,situation,8,1,0
2824,14147,2025-06-20 11:35:00,frappe,suggest,12,1,1
2825,14149,2025-11-25 08:09:00,tea,situation,27,0,0
2826,14149,2025-11-25 08:09:00,tea,suggest,15,0,0
2827,14150,2025-02-03 15:10:00,tea,situation,17,1,0
2828,14150,2025-02-03 15:10:00,non-coffee,situation,14,0,0
2829,14151,2025-01-05 19:06:00,tea,suggest,31,1,0
2830,14155,2025-06-15 14:31:00,tea,situation,17,0,0
2831,14158,2025-09-23 09:41:00,americano,suggest,2,1,0
2832,14158,2025-09-23 09:41:00,tea,situation,31,0,0
2833,14160,2025-05-01 12:08:00,americano,situation,3,0,0
2834,14160,2025-05-01 12:08:00,ade,situation,24,1,1
2835,14178,2025-06-13 07:57:00,drip,suggest,9,1,1
2836,14191,2025-07-07 14:34:00,ade,situation,18,0,0
2837,14195,2025-10-25 15:20:00,latte,situation,4,1,1
2838,14202,2025-03-22 11:56:00,tea,situation,29,0,0
2839,14209,2025-08-31 12:23:00,coldbrew,situation,7,0,0
2840,14243,2025-09-27 07:05:00,americano,situation,2,1,1
2841,14243,2025-09-27 07:05:00,latte,situation,5,0,0
2842,14246,2025-09-29 12:11:00,frappe,situation,25,1,1
2843,14252,2025-09-22 12:12:00,tea,situation,16,0,0
2844,14289,2025-04-13 12:24:00,smoothie,situation,21,0,0
2845,14292,2025-03-24 14:30:00,coldbrew,suggest,8,1,0
2846,14295,2025-11-10 17:56:00,drip,situation,9,0,0
2847,14296,2025-09-17 15:06:00,latte,situation,5,1,1
2848,14303,2025-06-12 17:17:00,tea,situation,30,0,0
2849,14303,2025-06-12 17:17:00,ade,situation,19,1,1
2850,14307,2025-03-09 20:43:00,tea,suggest,15,0,0
2851,14308,2025-06-06 18:17:00,latte,suggest,10,1,1
2852,14313,2025-07-30 11:10:00,cappuccino,situation,6,1,0
2853,14315,2025-04-23 18:43:00,cappuccino,situation,6,1,1
2854,14317,2025-06-19 15:57:00,coldbrew,situation,8,0,0
2855,14341,2025-04-02 20:38:00,ade,situation,24,0,0
2856,14341,2025-04-02 20:38:00,tea,situation,29,0,0
2857,14353,2025-08-21 14:54:00,tea,suggest,31,0,0
2858,14354,2025-06-29 13:03:00,tea,situation,29,1,1
2859,14356,2025-01-25 09:14:00,latte,situation,4,1,0
2860,14399,2025-07-29 19:07:00,tea,suggest,29,1,0
2861,14401,2025-12-04 08:38:00,coldbrew,situation,8,1,0
2862,14416,2025-06-14 16:40:00,ade,situation,24,0,0
2863,14417,2025-02-27 18:03:00,latte,suggest,10,0,0
2864,14423,2025-03-12 11:32:00,tea,situation,29,0,0
2865,14423,2025-03-12 11:32:00,frappe,situation,12,0,0
2866,14424,2025-07-30 07:25:00,smoothie,situation,21,0,0
2867,14424,2025-07-30 07:25:00,coldbrew,situation,8,0,0
2868,14426,2025-12-12 11:13:00,latte,suggest,4,0,0
2869,14431,2025-12-12 17:37:00,ade,suggest,24,0,0
2870,14432,2025-10-11 12:51:00,tea,suggest,31,1,1
2871,14436,2025-10-05 15:14:00,drip,suggest,9,0,0
2872,14443,2025-12-13 15:13:00,coldbrew,situation,7,0,0
2873,14443,2025-12-13 15:13:00,smoothie,situation,32,1,1
2874,14444,2025-04-12 15:53:00,tea,suggest,31,0,0
2875,14446,2025-03-09 08:30:00,coldbrew,suggest,7,1,1
2876,14446,2025-03-09 08:30:00,americano,situation,2,1,1
2877,14457,2025-04-22 13:53:00,ade,situation,19,0,0
2878,14475,2025-02-26 19:04:00,coldbrew,suggest,8,0,0
2879,14479,2025-09-28 09:23:00,coldbrew,suggest,8,1,1
2880,14483,2025-02-15 15:02:00,frappe,situation,25,1,1
2881,14491,2025-06-25 09:50:00,coldbrew,suggest,8,0,0
2882,14503,2025-03-14 14:10:00,ade,situation,18,1,1
2883,14514,2025-11-29 08:42:00,coldbrew,situation,7,0,0
2884,14516,2025-11-24 14:15:00,frappe,situation,26,0,0
2885,14534,2025-11-20 17:34:00,smoothie,situation,20,1,1
2886,14538,2025-09-06 14:00:00,latte,situation,4,1,1
2887,14540,2025-08-08 21:48:00,frappe,situation,12,1,1
2888,14540,2025-08-08 21:48:00,tea,situation,27,1,0
2889,14543,2025-06-16 16:44:00,coldbrew,suggest,8,1,0
2890,14543,2025-06-16 16:44:00,frappe,suggest,25,0,0
2891,14564,2025-01-13 07:48:00,tea,situation,17,0,0
2892,14566,2025-10-06 12:53:00,non-coffee,suggest,14,0,0
2893,14588,2025-02-20 08:27:00,smoothie,situation,32,1,1
2894,14597,2025-02-03 18:43:00,coldbrew,suggest,8,1,1
2895,14598,2025-09-13 18:43:00,tea,suggest,31,0,0
2896,14598,2025-09-13 18:43:00,frappe,situation,26,1,1
2897,14603,2025-10-30 16:12:00,cappuccino,suggest,6,1,1
2898,14615,2025-10-28 12:12:00,tea,situation,16,0,0
2899,14616,2025-09-24 12:26:00,drip,suggest,9,0,0
2900,14616,2025-09-24 12:26:00,ade,situation,19,0,0
2901,14623,2025-07-05 19:44:00,smoothie,suggest,32,0,0
2902,14627,2025-01-29 14:53:00,smoothie,situation,21,1,1
2903,14647,2025-04-30 15:20:00,frappe,situation,12,0,0
2904,14647,2025-04-30 15:20:00,smoothie,situation,21,0,0
2905,14653,2025-09-28 09:54:00,espresso,situation,1,1,1
2906,14653,2025-09-28 09:54:00,drip,suggest,9,1,0
2907,14679,2025-02-10 14:45:00,latte,situation,5,0,0
2908,14685,2025-12-09 22:20:00,frappe,situation,12,0,0
2909,14685,2025-12-09 22:20:00,latte,situation,10,0,0
2910,14701,2025-05-20 13:18:00,smoothie,situation,21,1,0
2911,14704,2025-08-31 09:24:00,latte,situation,23,0,0
2912,14718,2025-10-23 17:31:00,juice,situation,22,1,1
2913,14718,2025-10-23 17:31:00,americano,situation,3,0,0
2914,14726,2025-05-10 13:34:00,ade,situation,19,1,0
2915,14728,2025-08-08 15:39:00,smoothie,suggest,32,1,1
2916,14740,2025-05-30 09:57:00,coldbrew,suggest,8,1,1
2917,14749,2025-08-28 16:02:00,ade,situation,19,1,1
2918,14750,2025-07-23 08:47:00,tea,suggest,29,1,1
2919,14754,2025-04-11 16:36:00,ade,suggest,24,1,1
2920,14758,2025-07-03 13:56:00,smoothie,situation,32,0,0
2921,14758,2025-07-03 13:56:00,espresso,situation,1,0,0
2922,14760,2025-11-21 15:38:00,latte,situation,10,1,0
2923,14761,2025-11-22 09:10:00,americano,situation,2,1,1
2924,14764,2025-08-28 12:29:00,non-coffee,situation,14,0,0
2925,14764,2025-08-28 12:29:00,drip,situation,9,1,1
2926,14765,2025-08-04 09:18:00,latte,situation,4,1,0
2927,14771,2025-02-28 08:01:00,americano,suggest,2,1,1
2928,14779,2025-07-21 16:52:00,juice,situation,22,1,1
2929,14781,2025-06-14 18:18:00,latte,suggest,5,1,1
2930,14794,2025-11-11 09:08:00,americano,suggest,3,0,0
2931,14800,2025-03-07 08:58:00,americano,situation,3,1,1
2932,14803,2025-06-17 09:15:00,latte,situation,23,0,0
2933,14806,2025-02-18 17:54:00,frappe,situation,12,0,0
2934,14807,2025-06-10 15:25:00,tea,suggest,28,1,1
2935,14811,2025-03-14 08:39:00,tea,situation,17,0,0
2936,14811,2025-03-14 08:39:00,espresso,suggest,1,0,0
2937,14824,2025-10-25 15:45:00,ade,situation,24,0,0
2938,14828,2025-06-05 19:01:00,smoothie,situation,32,0,0
2939,14831,2025-04-27 15:11:00,smoothie,situation,21,1,0
2940,14831,2025-04-27 15:11:00,frappe,situation,26,0,0
2941,14832,2025-12-01 15:34:00,latte,situation,11,1,0
2942,14832,2025-12-01 15:34:00,frappe,suggest,13,0,0
2943,14842,2025-10-18 09:15:00,frappe,situation,25,0,0
2944,14844,2025-04-18 18:31:00,coldbrew,situation,7,1,1
2945,14844,2025-04-18 18:31:00,ade,situation,24,1,1
2946,14848,2025-10-17 12:37:00,coldbrew,suggest,8,0,0
2947,14848,2025-10-17 12:37:00,tea,situation,30,1,1
2948,14850,2025-05-19 15:26:00,coldbrew,suggest,7,0,0
2949,14850,2025-05-19 15:26:00,smoothie,situation,32,0,0
2950,14855,2025-12-01 16:08:00,tea,situation,16,1,1
2951,14855,2025-12-01 16:08:00,tea,situation,15,1,1
2952,14864,2025-07-29 15:37:00,latte,suggest,23,1,1
2953,14864,2025-07-29 15:37:00,non-coffee,situation,14,0,0
2954,14870,2025-11-04 22:16:00,tea,situation,17,1,1
2955,14870,2025-11-04 22:16:00,smoothie,situation,20,1,1
2956,14872,2025-09-15 15:37:00,smoothie,suggest,32,1,1
2957,14880,2025-08-14 17:34:00,smoothie,situation,20,0,0
2958,14880,2025-08-14 17:34:00,latte,situation,11,1,1
2959,14895,2025-01-15 22:11:00,non-coffee,situation,14,0,0
2960,14899,2025-01-12 12:17:00,frappe,situation,13,1,1
2961,14908,2025-08-06 14:55:00,tea,situation,15,0,0
2962,14916,2025-02-23 16:30:00,tea,suggest,31,1,0
2963,14916,2025-02-23 16:30:00,smoothie,situation,32,1,0
2964,14920,2025-10-29 14:58:00,tea,situation,31,1,1
2965,14927,2025-11-10 15:08:00,coldbrew,situation,8,1,0
2966,14931,2025-01-29 08:04:00,americano,situation,2,1,1
2967,14937,2025-02-01 09:52:00,tea,situation,16,0,0
2968,14937,2025-02-01 09:52:00,frappe,situation,26,1,1
2969,14963,2025-03-03 17:01:00,latte,suggest,5,1,1
2970,14968,2025-04-11 16:29:00,ade,suggest,24,0,0
2971,14968,2025-04-11 16:29:00,cappuccino,situation,6,0,0
2972,14974,2025-11-14 08:43:00,tea,situation,15,0,0
2973,14974,2025-11-14 08:43:00,tea,situation,31,0,0
2974,14981,2025-06-05 14:01:00,smoothie,situation,21,1,1
2975,14987,2025-03-30 09:15:00,coldbrew,situation,7,0,0
2976,14992,2025-01-04 13:49:00,smoothie,suggest,20,1,1
2977,15001,2025-02-27 09:55:00,non-coffee,suggest,14,0,0
2978,15001,2025-02-27 09:55:00,smoothie,situation,20,0,0
2979,15010,2025-06-03 19:54:00,tea,situation,29,1,1
2980,15027,2025-08-04 14:13:00,smoothie,situation,32,1,1
2981,15053,2025-05-25 20:35:00,latte,situation,10,0,0
2982,15053,2025-05-25 20:35:00,juice,suggest,22,1,0
2983,15055,2025-02-13 12:25:00,latte,situation,4,0,0
2984,15072,2025-05-10 08:19:00,tea,situation,16,1,0
2985,15075,2025-08-22 15:26:00,latte,suggest,10,0,0
2986,15075,2025-08-22 15:26:00,ade,situation,19,0,0
2987,15077,2025-10-07 19:34:00,frappe,situation,25,1,0
2988,15077,2025-10-07 19:34:00,espresso,situation,1,0,0
2989,15097,2025-05-01 15:18:00,ade,situation,19,1,1
2990,15114,2025-02-04 18:22:00,tea,situation,31,0,0
2991,15118,2025-03-05 07:10:00,frappe,situation,13,0,0
2992,15118,2025-03-05 07:10:00,frappe,situation,13,1,0
2993,15124,2025-09-20 18:05:00,tea,situation,15,0,0
2994,15124,2025-09-20 18:05:00,frappe,situation,25,0,0
2995,15129,2025-12-18 08:18:00,frappe,situation,26,0,0
2996,15132,2025-08-01 17:59:00,frappe,situation,13,0,0
2997,15137,2025-11-11 15:04:00,ade,suggest,18,1,1
2998,15137,2025-11-11 15:04:00,latte,suggest,11,0,0
2999,15141,2025-10-14 17:10:00,tea,situation,29,0,0
3000,15141,2025-10-14 17:10:00,cappuccino,situation,6,1,0
3001,15143,2025-09-19 22:13:00,tea,situation,16,0,0
3002,15150,2025-02-24 07:53:00,latte,suggest,10,1,0
3003,15150,2025-02-24 07:53:00,latte,situation,11,1,0
3004,15157,2025-12-04 19:25:00,tea,situation,31,0,0
3005,15161,2025-06-29 15:27:00,ade,suggest,19,0,0
3006,15172,2025-10-06 14:25:00,latte,situation,11,1,1
3007,15174,2025-05-09 11:06:00,latte,situation,11,0,0
3008,15174,2025-05-09 11:06:00,ade,situation,19,1,1
3009,15176,2025-02-25 14:18:00,espresso,situation,1,0,0
3010,15179,2025-10-30 18:41:00,tea,suggest,28,1,1
3011,15195,2025-09-04 13:44:00,smoothie,suggest,21,1,1
3012,15197,2025-07-15 13:24:00,tea,suggest,16,0,0
3013,15204,2025-11-24 19:59:00,tea,suggest,28,0,0
3014,15208,2025-07-05 09:29:00,ade,suggest,18,0,0
3015,15212,2025-01-29 14:29:00,smoothie,suggest,20,1,1
3016,15213,2025-12-19 14:51:00,ade,situation,24,0,0
3017,15218,2025-11-22 20:17:00,latte,suggest,4,1,1
3018,15222,2025-12-20 12:15:00,latte,situation,4,1,1
3019,15226,2025-07-11 19:36:00,frappe,situation,13,1,1
3020,15227,2025-01-29 12:15:00,espresso,situation,1,0,0
3021,15227,2025-01-29 12:15:00,drip,suggest,9,0,0
3022,15229,2025-04-16 15:08:00,latte,situation,5,1,1
3023,15231,2025-12-14 13:08:00,frappe,situation,26,0,0
3024,15234,2025-02-19 16:15:00,ade,suggest,19,0,0
3025,15234,2025-02-19 16:15:00,coldbrew,situation,8,1,1
3026,15243,2025-03-07 11:42:00,frappe,situation,13,0,0
3027,15243,2025-03-07 11:42:00,latte,situation,5,1,1
3028,15256,2025-12-30 14:10:00,americano,suggest,3,0,0
3029,15256,2025-12-30 14:10:00,tea,situation,31,1,1
3030,15261,2025-12-26 09:19:00,tea,suggest,30,0,0
3031,15272,2025-12-04 12:34:00,frappe,situation,25,1,0
3032,15282,2025-11-18 18:54:00,tea,suggest,31,0,0
3033,15305,2025-09-07 15:36:00,tea,situation,17,1,1
3034,15305,2025-09-07 15:36:00,smoothie,situation,21,0,0
3035,15314,2025-06-28 19:41:00,tea,situation,30,0,0
3036,15316,2025-01-22 19:45:00,tea,situation,31,1,0
3037,15318,2025-08-06 13:24:00,coldbrew,situation,8,1,0
3038,15321,2025-07-05 16:19:00,tea,situation,15,1,1
3039,15323,2025-08-26 21:06:00,tea,suggest,27,0,0
3040,15323,2025-08-26 21:06:00,drip,situation,9,0,0
3041,15335,2025-05-17 09:29:00,espresso,situation,1,1,1
3042,15348,2025-04-28 09:00:00,tea,situation,16,0,0
3043,15349,2025-10-28 12:16:00,frappe,situation,25,1,1
3044,15352,2025-04-24 08:37:00,espresso,situation,1,0,0
3045,15354,2025-08-20 12:13:00,smoothie,situation,21,0,0
3046,15355,2025-06-22 12:28:00,coldbrew,situation,8,0,0
3047,15357,2025-12-11 20:41:00,non-coffee,situation,14,1,1
3048,15370,2025-03-23 07:39:00,ade,suggest,24,0,0
3049,15370,2025-03-23 07:39:00,tea,situation,17,1,0
3050,15373,2025-10-10 07:19:00,coldbrew,situation,7,1,0
3051,15373,2025-10-10 07:19:00,frappe,suggest,25,1,1
3052,15375,2025-08-16 19:22:00,americano,situation,2,1,1
3053,15375,2025-08-16 19:22:00,tea,suggest,31,1,1
3054,15378,2025-06-15 22:57:00,tea,situation,29,1,1
3055,15379,2025-01-08 09:07:00,tea,situation,29,1,0
3056,15381,2025-08-22 09:15:00,coldbrew,suggest,7,1,0
3057,15381,2025-08-22 09:15:00,latte,suggest,11,0,0
3058,15382,2025-05-02 14:32:00,frappe,situation,13,1,0
3059,15382,2025-05-02 14:32:00,tea,suggest,28,1,0
3060,15387,2025-05-20 12:05:00,latte,situation,10,1,0
3061,15390,2025-12-01 17:17:00,ade,suggest,18,0,0
3062,15390,2025-12-01 17:17:00,americano,situation,2,0,0
3063,15392,2025-01-30 15:14:00,tea,suggest,28,1,0
3064,15407,2025-06-27 16:27:00,juice,situation,22,0,0
3065,15413,2025-10-13 12:02:00,ade,suggest,18,1,0
3066,15413,2025-10-13 12:02:00,frappe,situation,13,1,1
3067,15419,2025-04-18 15:41:00,ade,suggest,18,0,0
3068,15419,2025-04-18 15:41:00,smoothie,situation,21,1,1
3069,15427,2025-04-02 16:28:00,frappe,situation,13,1,1
3070,15429,2025-01-09 15:25:00,americano,suggest,3,0,0
3071,15435,2025-02-28 15:21:00,tea,suggest,16,1,1
3072,15435,2025-02-28 15:21:00,frappe,situation,13,1,1
3073,15445,2025-01-10 09:16:00,tea,situation,16,1,0
3074,15456,2025-12-01 12:34:00,americano,situation,3,0,0
3075,15461,2025-01-09 12:57:00,americano,situation,3,1,0
3076,15461,2025-01-09 12:57:00,latte,situation,5,1,0
3077,15462,2025-08-15 19:09:00,coldbrew,situation,8,1,1
3078,15464,2025-08-18 11:07:00,latte,situation,5,1,0
3079,15470,2025-11-01 13:44:00,juice,situation,22,1,0
3080,15470,2025-11-01 13:44:00,latte,situation,5,1,1
3081,15481,2025-01-21 14:40:00,latte,suggest,4,1,0
3082,15482,2025-01-19 07:02:00,tea,situation,31,0,0
3083,15488,2025-12-25 16:31:00,latte,situation,5,1,1
3084,15489,2025-12-20 11:05:00,ade,situation,19,1,0
3085,15499,2025-10-12 07:59:00,americano,situation,2,1,1
3086,15505,2025-04-02 14:29:00,drip,situation,9,1,0
3087,15508,2025-08-25 07:33:00,tea,suggest,27,1,0
3088,15525,2025-03-16 12:17:00,frappe,situation,13,0,0
3089,15525,2025-03-16 12:17:00,frappe,suggest,25,0,0
3090,15530,2025-11-09 17:57:00,tea,situation,27,1,1
3091,15536,2025-11-25 17:08:00,smoothie,situation,20,1,1
3092,15537,2025-11-03 15:40:00,non-coffee,situation,14,0,0
3093,15543,2025-02-12 09:42:00,tea,situation,28,0,0
3094,15553,2025-08-20 07:06:00,frappe,situation,25,1,0
3095,15555,2025-02-28 09:28:00,frappe,suggest,26,1,0
3096,15563,2025-09-25 20:12:00,tea,situation,16,0,0
3097,15565,2025-04-20 20:31:00,latte,situation,23,0,0
3098,15572,2025-05-01 16:23:00,frappe,situation,26,1,1
3099,15572,2025-05-01 16:23:00,tea,situation,27,1,0
3100,15577,2025-03-14 16:47:00,frappe,situation,13,0,0
3101,15579,2025-04-22 08:49:00,latte,situation,11,0,0
3102,15579,2025-04-22 08:49:00,cappuccino,situation,6,1,1
3103,15584,2025-04-06 08:41:00,latte,situation,4,0,0
3104,15584,2025-04-06 08:41:00,latte,situation,10,0,0
3105,15587,2025-09-28 15:46:00,latte,situation,4,1,1
3106,15590,2025-09-22 14:31:00,smoothie,situation,32,0,0
3107,15590,2025-09-22 14:31:00,ade,suggest,19,0,0
3108,15592,2025-09-20 22:57:00,tea,suggest,28,0,0
3109,15595,2025-09-06 18:54:00,tea,situation,31,1,1
3110,15598,2025-07-09 08:14:00,smoothie,situation,20,1,0
3111,15604,2025-11-02 18:01:00,tea,situation,31,1,1
3112,15610,2025-02-10 16:55:00,latte,suggest,23,0,0
3113,15610,2025-02-10 16:55:00,tea,situation,29,1,1
3114,15614,2025-02-19 08:38:00,tea,suggest,15,0,0
3115,15617,2025-09-09 15:36:00,latte,suggest,23,0,0
3116,15617,2025-09-09 15:36:00,latte,suggest,11,1,1
3117,15618,2025-11-09 18:14:00,smoothie,situation,21,0,0
3118,15623,2025-08-27 18:49:00,latte,situation,11,1,0
3119,15632,2025-03-02 22:10:00,tea,situation,29,0,0
3120,15645,2025-05-03 18:41:00,cappuccino,suggest,6,1,1
3121,15658,2025-04-28 19:11:00,ade,suggest,18,0,0
3122,15666,2025-05-12 14:17:00,non-coffee,situation,14,1,1
3123,15670,2025-07-07 16:34:00,tea,suggest,16,1,0
3124,15674,2025-03-10 09:57:00,espresso,suggest,1,0,0
3125,15675,2025-01-18 13:27:00,coldbrew,suggest,8,1,0
3126,15679,2025-09-14 18:54:00,frappe,situation,25,1,1
3127,15690,2025-03-01 13:15:00,smoothie,situation,21,1,1
3128,15690,2025-03-01 13:15:00,non-coffee,suggest,14,1,1
3129,15697,2025-09-20 21:27:00,tea,suggest,15,0,0
3130,15708,2025-05-29 14:51:00,latte,suggest,23,1,1
3131,15708,2025-05-29 14:51:00,smoothie,situation,32,1,0
3132,15712,2025-05-12 16:04:00,smoothie,situation,21,1,0
3133,15717,2025-09-16 20:02:00,tea,situation,29,1,0
3134,15738,2025-01-02 07:22:00,latte,situation,23,0,0
3135,15749,2025-11-02 15:40:00,tea,situation,15,0,0
3136,15749,2025-11-02 15:40:00,latte,suggest,4,0,0
3137,15750,2025-07-27 14:17:00,tea,situation,28,1,1
3138,15757,2025-08-20 13:09:00,latte,situation,11,1,1
3139,15764,2025-05-27 12:15:00,drip,situation,9,0,0
3140,15767,2025-01-01 12:42:00,tea,suggest,28,1,0
3141,15767,2025-01-01 12:42:00,cappuccino,suggest,6,1,1
3142,15771,2025-05-16 16:55:00,latte,situation,4,1,1
3143,15773,2025-07-01 15:08:00,americano,situation,3,0,0
3144,15780,2025-07-20 08:16:00,latte,situation,10,1,1
3145,15782,2025-07-27 20:00:00,drip,situation,9,1,1
3146,15782,2025-07-27 20:00:00,latte,suggest,23,0,0
3147,15784,2025-09-13 11:31:00,tea,situation,15,1,1
3148,15801,2025-01-14 13:12:00,ade,suggest,19,1,1
3149,15804,2025-12-06 16:18:00,latte,situation,5,1,1
3150,15809,2025-03-09 09:28:00,americano,suggest,3,1,0
3151,15809,2025-03-09 09:28:00,latte,situation,11,0,0
3152,15818,2025-05-29 16:49:00,frappe,suggest,26,0,0
3153,15819,2025-09-16 18:54:00,tea,situation,27,0,0
3154,15829,2025-02-05 12:58:00,tea,suggest,15,1,1
3155,15829,2025-02-05 12:58:00,smoothie,situation,20,1,1
3156,15834,2025-03-30 20:45:00,tea,situation,29,0,0
3157,15837,2025-10-12 15:28:00,tea,situation,16,0,0
3158,15839,2025-02-05 11:24:00,smoothie,situation,20,0,0
3159,15846,2025-04-29 16:36:00,frappe,suggest,25,0,0
3160,15846,2025-04-29 16:36:00,tea,situation,27,0,0
3161,15856,2025-09-23 14:26:00,coldbrew,suggest,8,1,1
3162,15857,2025-06-19 09:41:00,ade,situation,24,1,0
3163,15859,2025-03-23 07:24:00,americano,situation,2,0,0
3164,15861,2025-03-30 09:59:00,espresso,situation,1,1,0
3165,15867,2025-06-15 09:58:00,non-coffee,situation,14,1,0
3166,15877,2025-08-18 09:13:00,non-coffee,situation,14,1,0
3167,15877,2025-08-18 09:13:00,latte,situation,23,1,1
3168,15884,2025-10-25 18:06:00,non-coffee,situation,14,0,0
3169,15884,2025-10-25 18:06:00,tea,situation,17,0,0
3170,15891,2025-03-04 11:39:00,drip,situation,9,0,0
3171,15896,2025-09-24 18:08:00,frappe,situation,26,1,1
3172,15898,2025-02-07 09:34:00,espresso,situation,1,0,0
3173,15904,2025-12-04 13:49:00,ade,situation,19,1,0
3174,15913,2025-09-29 11:01:00,smoothie,situation,20,1,1
3175,15921,2025-01-23 09:03:00,tea,situation,17,1,0
3176,15921,2025-01-23 09:03:00,tea,situation,27,0,0
3177,15929,2025-08-23 07:45:00,smoothie,situation,21,0,0
3178,15931,2025-08-06 17:51:00,ade,situation,18,0,0
3179,15938,2025-12-06 11:24:00,smoothie,situation,21,1,1
3180,15944,2025-12-28 11:42:00,americano,situation,2,0,0
3181,15950,2025-10-31 11:05:00,tea,situation,31,1,1
3182,15951,2025-12-16 16:40:00,coldbrew,situation,8,1,1
3183,15955,2025-05-27 15:07:00,frappe,situation,25,1,0
3184,15962,2025-06-14 15:40:00,ade,situation,24,1,0
3185,15966,2025-09-22 19:10:00,frappe,suggest,26,1,0
3186,15968,2025-06-04 12:33:00,cappuccino,situation,6,1,1
3187,15969,2025-08-03 08:50:00,frappe,suggest,12,1,0
3188,15972,2025-03-31 08:15:00,tea,situation,17,0,0
3189,15979,2025-05-08 18:26:00,tea,situation,17,1,1
3190,15982,2025-01-27 12:08:00,americano,suggest,2,1,1
3191,15995,2025-01-22 17:49:00,juice,situation,22,0,0
3192,15999,2025-11-19 12:17:00,frappe,situation,25,1,1
3193,15999,2025-11-19 12:17:00,latte,situation,4,1,1
3194,16004,2025-09-07 13:29:00,ade,situation,24,1,1
3195,16009,2025-02-21 15:18:00,tea,situation,28,1,1
3196,16009,2025-02-21 15:18:00,smoothie,suggest,21,0,0
3197,16019,2025-03-11 19:57:00,tea,situation,17,1,1
3198,16019,2025-03-11 19:57:00,drip,situation,9,1,1
3199,16042,2025-08-20 15:06:00,tea,suggest,17,0,0
3200,16049,2025-05-05 12:13:00,ade,situation,19,0,0
3201,16049,2025-05-05 12:13:00,frappe,suggest,13,1,1
3202,16050,2025-06-26 09:43:00,coldbrew,situation,7,0,0
3203,16054,2025-06-21 18:44:00,smoothie,suggest,20,0,0
3204,16055,2025-07-30 12:48:00,frappe,situation,13,1,1
3205,16067,2025-06-27 11:50:00,latte,suggest,5,0,0
3206,16069,2025-02-21 08:56:00,espresso,situation,1,1,1
3207,16071,2025-11-11 16:47:00,tea,suggest,29,0,0
3208,16071,2025-11-11 16:47:00,americano,situation,2,0,0
3209,16073,2025-11-14 08:33:00,coldbrew,situation,8,0,0
3210,16077,2025-09-11 15:38:00,tea,situation,27,1,1
3211,16081,2025-12-24 11:28:00,ade,situation,18,0,0
3212,16100,2025-04-20 17:01:00,americano,situation,3,0,0
3213,16107,2025-03-27 09:04:00,coldbrew,situation,7,1,1
3214,16114,2025-05-12 08:45:00,latte,suggest,5,1,1
3215,16115,2025-07-12 15:47:00,non-coffee,situation,14,0,0
3216,16118,2025-12-19 11:06:00,latte,suggest,23,0,0
3217,16127,2025-08-14 22:37:00,tea,situation,16,0,0
3218,16140,2025-01-06 16:55:00,tea,situation,29,1,1
3219,16140,2025-01-06 16:55:00,tea,suggest,30,1,1
3220,16148,2025-05-25 21:56:00,latte,situation,10,0,0
3221,16148,2025-05-25 21:56:00,latte,suggest,23,1,1
3222,16152,2025-05-03 15:23:00,tea,situation,29,1,0
3223,16152,2025-05-03 15:23:00,ade,situation,18,0,0
3224,16155,2025-11-11 12:35:00,tea,situation,31,1,0
3225,16155,2025-11-11 12:35:00,americano,suggest,2,0,0
3226,16165,2025-06-10 14:44:00,frappe,suggest,26,1,0
3227,16166,2025-01-22 13:15:00,frappe,situation,25,1,1
3228,16171,2025-10-10 08:11:00,frappe,suggest,13,0,0
3229,16189,2025-04-30 15:26:00,tea,situation,29,1,0
3230,16193,2025-12-15 14:07:00,latte,situation,5,0,0
3231,16195,2025-09-06 12:57:00,espresso,situation,1,1,0
3232,16198,2025-09-07 21:23:00,frappe,situation,26,1,0
3233,16202,2025-08-13 15:26:00,latte,situation,23,1,0
3234,16202,2025-08-13 15:26:00,latte,situation,5,1,1
3235,16203,2025-05-26 19:42:00,tea,situation,16,1,1
3236,16205,2025-12-26 14:26:00,tea,situation,31,0,0
3237,16211,2025-12-19 13:25:00,ade,situation,24,1,0
3238,16211,2025-12-19 13:25:00,tea,suggest,31,1,0
3239,16225,2025-02-25 16:49:00,ade,situation,19,1,0
3240,16225,2025-02-25 16:49:00,americano,situation,3,1,1
3241,16241,2025-02-12 17:38:00,tea,situation,16,1,1
3242,16249,2025-11-15 17:21:00,frappe,suggest,26,0,0
3243,16256,2025-04-12 16:29:00,tea,situation,29,0,0
3244,16264,2025-04-12 14:31:00,tea,situation,27,0,0
3245,16276,2025-04-27 22:50:00,tea,situation,27,0,0
3246,16276,2025-04-27 22:50:00,tea,situation,17,1,1
3247,16283,2025-12-31 18:31:00,espresso,suggest,1,1,1
3248,16304,2025-02-25 08:09:00,americano,suggest,3,0,0
3249,16310,2025-07-28 09:09:00,coldbrew,suggest,7,0,0
3250,16314,2025-06-20 11:48:00,non-coffee,suggest,14,1,1
3251,16314,2025-06-20 11:48:00,latte,situation,5,0,0
3252,16332,2025-11-15 17:59:00,juice,situation,22,0,0
3253,16332,2025-11-15 17:59:00,ade,suggest,19,1,0
3254,16360,2025-10-25 12:09:00,espresso,situation,1,1,0
3255,16362,2025-04-05 22:20:00,ade,situation,19,1,0
3256,16368,2025-03-12 21:04:00,tea,situation,17,1,0
3257,16377,2025-12-12 11:20:00,smoothie,situation,21,1,1
3258,16384,2025-11-25 14:39:00,drip,suggest,9,1,0
3259,16384,2025-11-25 14:39:00,ade,situation,18,1,1
3260,16403,2025-03-12 15:27:00,frappe,situation,25,1,1
3261,16408,2025-08-24 17:49:00,coldbrew,situation,7,1,0
3262,16414,2025-09-16 12:32:00,tea,situation,16,1,1
3263,16414,2025-09-16 12:32:00,tea,situation,31,1,0
3264,16417,2025-07-04 07:23:00,tea,situation,15,1,1
3265,16421,2025-09-05 08:41:00,latte,suggest,10,0,0
3266,16426,2025-05-19 14:52:00,tea,situation,16,0,0
3267,16432,2025-09-05 12:27:00,frappe,situation,12,1,1
3268,16432,2025-09-05 12:27:00,coldbrew,suggest,7,1,0
3269,16433,2025-01-26 16:31:00,frappe,situation,26,0,0
3270,16433,2025-01-26 16:31:00,cappuccino,suggest,6,1,0
3271,16455,2025-02-01 11:09:00,americano,situation,3,1,0
3272,16456,2025-04-05 15:56:00,non-coffee,suggest,14,0,0
3273,16464,2025-10-18 12:38:00,non-coffee,situation,14,1,0
3274,16469,2025-04-26 19:55:00,latte,suggest,23,0,0
3275,16469,2025-04-26 19:55:00,tea,situation,17,0,0
3276,16470,2025-01-09 16:32:00,frappe,situation,26,0,0
3277,16470,2025-01-09 16:32:00,latte,situation,4,1,0
3278,16475,2025-02-05 18:02:00,ade,situation,19,0,0
3279,16481,2025-05-18 13:57:00,tea,situation,30,1,1
3280,16481,2025-05-18 13:57:00,smoothie,suggest,21,0,0
3281,16491,2025-01-28 18:00:00,tea,suggest,29,1,0
3282,16491,2025-01-28 18:00:00,frappe,suggest,25,0,0
3283,16494,2025-11-26 14:12:00,frappe,suggest,12,0,0
3284,16508,2025-10-31 08:01:00,non-coffee,situation,14,0,0
3285,16517,2025-08-02 17:55:00,tea,situation,27,0,0
3286,16523,2025-04-19 19:16:00,americano,situation,3,0,0
3287,16528,2025-11-22 09:11:00,latte,suggest,10,0,0
3288,16530,2025-08-17 13:25:00,drip,situation,9,0,0
3289,16537,2025-06-02 13:49:00,tea,suggest,16,1,1
3290,16538,2025-11-18 22:01:00,latte,suggest,10,1,0
3291,16541,2025-08-14 11:02:00,tea,situation,28,0,0
3292,16548,2025-08-27 12:31:00,tea,suggest,16,1,0
3293,16565,2025-03-08 08:38:00,latte,situation,4,0,0
3294,16583,2025-06-03 09:18:00,tea,situation,27,0,0
3295,16585,2025-05-15 07:35:00,juice,suggest,22,0,0
3296,16585,2025-05-15 07:35:00,coldbrew,suggest,7,0,0
3297,16588,2025-03-04 21:18:00,coldbrew,situation,8,1,0
3298,16588,2025-03-04 21:18:00,frappe,situation,25,1,0
3299,16592,2025-12-02 08:20:00,tea,suggest,27,1,1
3300,16592,2025-12-02 08:20:00,coldbrew,suggest,7,1,0
3301,16594,2025-03-08 12:03:00,latte,situation,4,1,0
3302,16607,2025-09-21 15:11:00,tea,situation,29,1,1
3303,16608,2025-06-25 15:53:00,coldbrew,situation,8,1,0
3304,16608,2025-06-25 15:53:00,americano,situation,3,1,0
3305,16612,2025-01-26 09:12:00,frappe,situation,25,1,1
3306,16612,2025-01-26 09:12:00,coldbrew,suggest,7,0,0
3307,16619,2025-02-28 14:01:00,juice,situation,22,0,0
3308,16620,2025-11-22 13:45:00,frappe,situation,13,0,0
3309,16620,2025-11-22 13:45:00,americano,situation,3,1,0
3310,16623,2025-03-17 09:16:00,smoothie,situation,32,0,0
3311,16623,2025-03-17 09:16:00,coldbrew,suggest,7,1,1
3312,16635,2025-03-14 15:01:00,frappe,suggest,13,1,0
3313,16635,2025-03-14 15:01:00,ade,suggest,24,1,1
3314,16656,2025-12-09 14:31:00,tea,situation,16,1,0
3315,16664,2025-10-09 16:50:00,cappuccino,suggest,6,1,0
3316,16666,2025-12-23 09:01:00,frappe,suggest,13,0,0
3317,16678,2025-11-08 09:22:00,juice,situation,22,1,0
3318,16696,2025-06-05 20:38:00,tea,situation,29,1,1
3319,16696,2025-06-05 20:38:00,americano,suggest,2,1,0
3320,16701,2025-11-10 20:54:00,latte,situation,5,1,1
3321,16704,2025-04-21 12:08:00,latte,situation,23,0,0
3322,16712,2025-03-23 15:41:00,americano,suggest,3,0,0
3323,16718,2025-08-12 07:37:00,americano,suggest,2,1,1
3324,16742,2025-07-18 08:36:00,latte,situation,23,0,0
3325,16743,2025-08-26 17:41:00,latte,situation,11,0,0
3326,16748,2025-09-04 12:27:00,coldbrew,situation,8,1,1
3327,16753,2025-12-19 19:08:00,frappe,situation,13,1,1
3328,16762,2025-05-08 19:37:00,ade,situation,18,1,1
3329,16762,2025-05-08 19:37:00,tea,suggest,31,1,1
3330,16764,2025-09-03 20:37:00,smoothie,suggest,32,1,0
3331,16764,2025-09-03 20:37:00,frappe,situation,13,1,0
3332,16765,2025-05-31 19:07:00,coldbrew,situation,8,0,0
3333,16767,2025-08-09 14:56:00,tea,situation,30,1,1
3334,16767,2025-08-09 14:56:00,ade,suggest,18,0,0
3335,16771,2025-12-05 16:15:00,smoothie,suggest,21,1,0
3336,16779,2025-02-20 09:11:00,ade,situation,18,1,1
3337,16780,2025-06-22 14:08:00,tea,suggest,16,0,0
3338,16784,2025-02-09 20:43:00,tea,situation,16,0,0
3339,16792,2025-10-10 17:57:00,juice,situation,22,0,0
3340,16792,2025-10-10 17:57:00,americano,situation,3,0,0
3341,16799,2025-09-26 11:29:00,tea,situation,16,0,0
3342,16801,2025-10-10 15:27:00,ade,situation,19,0,0
3343,16813,2025-07-25 09:35:00,latte,situation,4,1,1
3344,16813,2025-07-25 09:35:00,latte,suggest,10,1,0
3345,16816,2025-08-04 17:11:00,ade,situation,18,0,0
3346,16816,2025-08-04 17:11:00,drip,suggest,9,0,0
3347,16823,2025-06-13 12:43:00,latte,situation,23,0,0
3348,16830,2025-04-18 15:15:00,smoothie,suggest,32,0,0
3349,16842,2025-10-29 11:09:00,coldbrew,situation,7,1,1
3350,16842,2025-10-29 11:09:00,coldbrew,situation,8,1,1
3351,16850,2025-12-10 09:40:00,tea,situation,16,1,1
3352,16858,2025-05-21 11:57:00,americano,situation,2,0,0
3353,16861,2025-04-30 15:12:00,tea,situation,31,0,0
3354,16862,2025-02-01 19:01:00,tea,situation,27,1,0
3355,16872,2025-12-05 18:51:00,tea,suggest,31,1,1
3356,16888,2025-07-23 07:26:00,cappuccino,situation,6,1,1
3357,16888,2025-07-23 07:26:00,latte,suggest,4,0,0
3358,16892,2025-11-20 12:18:00,juice,situation,22,1,1
3359,16911,2025-06-11 08:18:00,smoothie,situation,21,1,1
3360,16911,2025-06-11 08:18:00,tea,suggest,30,1,1
3361,16912,2025-03-05 17:52:00,frappe,situation,12,1,0
3362,16913,2025-08-27 12:22:00,tea,situation,15,0,0
3363,16913,2025-08-27 12:22:00,smoothie,situation,32,1,1
3364,16914,2025-04-26 12:26:00,smoothie,suggest,32,1,0
3365,16914,2025-04-26 12:26:00,tea,situation,17,1,1
3366,16941,2025-03-10 12:45:00,frappe,situation,26,0,0
3367,16956,2025-07-07 15:04:00,tea,situation,15,0,0
3368,16963,2025-10-30 12:43:00,latte,suggest,4,1,1
3369,16963,2025-10-30 12:43:00,tea,situation,15,0,0
3370,16969,2025-05-28 18:31:00,ade,suggest,19,0,0
3371,16969,2025-05-28 18:31:00,frappe,situation,25,0,0
3372,16989,2025-09-16 17:41:00,smoothie,suggest,20,0,0
3373,16990,2025-11-05 15:56:00,tea,situation,17,1,1
3374,16997,2025-05-14 14:42:00,smoothie,situation,32,0,0
3375,16998,2025-04-22 19:30:00,latte,situation,5,1,1
3376,16999,2025-12-21 18:39:00,tea,suggest,27,1,1
3377,17006,2025-03-11 14:04:00,drip,situation,9,1,0
3378,17010,2025-12-03 15:51:00,frappe,situation,25,1,1
3379,17014,2025-04-30 18:10:00,smoothie,situation,20,0,0
3380,17020,2025-02-14 20:18:00,frappe,suggest,25,0,0
3381,17024,2025-06-23 09:35:00,espresso,situation,1,1,0
3382,17026,2025-03-29 12:01:00,americano,suggest,3,1,0
3383,17042,2025-08-26 18:10:00,coldbrew,suggest,7,0,0
3384,17051,2025-09-07 16:30:00,tea,situation,28,0,0
3385,17052,2025-06-29 16:54:00,tea,suggest,29,1,1
3386,17056,2025-12-15 15:24:00,latte,situation,11,1,1
3387,17056,2025-12-15 15:24:00,latte,situation,23,0,0
3388,17069,2025-06-11 18:48:00,americano,situation,3,1,1
3389,17085,2025-03-23 14:50:00,tea,suggest,28,1,1
3390,17088,2025-05-02 13:45:00,coldbrew,situation,8,0,0
3391,17092,2025-07-06 08:16:00,coldbrew,suggest,7,1,1
3392,17092,2025-07-06 08:16:00,latte,situation,10,1,1
3393,17094,2025-02-22 16:50:00,ade,suggest,18,0,0
3394,17104,2025-03-12 15:02:00,tea,suggest,29,0,0
3395,17113,2025-08-27 11:59:00,americano,suggest,3,0,0
3396,17115,2025-04-30 09:47:00,americano,situation,3,1,0
3397,17115,2025-04-30 09:47:00,americano,suggest,2,1,0
3398,17118,2025-07-30 12:31:00,latte,suggest,10,0,0
3399,17128,2025-03-17 11:01:00,tea,situation,27,0,0
3400,17137,2025-04-22 15:49:00,drip,situation,9,1,1
3401,17138,2025-11-24 12:55:00,tea,situation,31,1,1
3402,17141,2025-11-27 13:46:00,frappe,situation,13,1,0
3403,17141,2025-11-27 13:46:00,non-coffee,situation,14,1,1
3404,17148,2025-07-13 09:48:00,tea,situation,16,1,1
3405,17153,2025-09-14 17:29:00,americano,situation,3,1,0
3406,17153,2025-09-14 17:29:00,tea,situation,29,0,0
3407,17154,2025-07-23 14:46:00,frappe,situation,25,1,1
3408,17158,2025-01-08 14:51:00,latte,situation,10,0,0
3409,17160,2025-11-11 15:38:00,coldbrew,suggest,7,0,0
3410,17162,2025-08-16 15:23:00,latte,situation,4,0,0
3411,17163,2025-02-14 12:44:00,smoothie,situation,32,0,0
3412,17163,2025-02-14 12:44:00,frappe,situation,13,1,1
3413,17177,2025-10-07 14:44:00,tea,suggest,30,0,0
3414,17190,2025-02-05 20:31:00,tea,situation,17,1,0
3415,17190,2025-02-05 20:31:00,tea,situation,17,0,0
3416,17197,2025-04-22 17:36:00,tea,suggest,15,1,0
3417,17197,2025-04-22 17:36:00,tea,situation,30,1,0
3418,17215,2025-10-23 15:31:00,frappe,situation,25,0,0
3419,17223,2025-05-24 12:47:00,frappe,suggest,13,0,0
3420,17234,2025-01-01 14:48:00,ade,suggest,19,1,0
3421,17241,2025-10-06 07:44:00,coldbrew,suggest,8,0,0
3422,17247,2025-05-13 09:50:00,tea,situation,29,1,1
3423,17247,2025-05-13 09:50:00,tea,situation,28,1,1
3424,17248,2025-10-14 15:13:00,coldbrew,situation,8,0,0
3425,17254,2025-08-12 22:39:00,frappe,situation,25,1,1
3426,17266,2025-11-25 18:44:00,latte,situation,23,0,0
3427,17273,2025-10-30 08:42:00,smoothie,situation,32,1,1
3428,17277,2025-09-14 16:40:00,smoothie,situation,32,1,0
3429,17282,2025-12-28 18:49:00,non-coffee,suggest,14,0,0
3430,17283,2025-03-14 20:36:00,frappe,situation,26,1,1
3431,17295,2025-05-10 18:11:00,latte,suggest,11,0,0
3432,17297,2025-10-14 16:43:00,tea,situation,28,1,0
3433,17299,2025-07-17 08:24:00,ade,situation,18,0,0
3434,17304,2025-05-31 17:00:00,cappuccino,situation,6,0,0
3435,17308,2025-02-08 09:26:00,drip,situation,9,1,1
3436,17311,2025-11-15 16:42:00,smoothie,suggest,32,1,0
3437,17312,2025-02-02 18:56:00,smoothie,situation,20,1,0
3438,17313,2025-04-02 08:45:00,smoothie,situation,32,1,0
3439,17317,2025-05-28 14:55:00,tea,situation,27,0,0
3440,17317,2025-05-28 14:55:00,coldbrew,situation,7,1,1
3441,17323,2025-01-29 17:06:00,drip,situation,9,1,1
3442,17342,2025-03-09 15:13:00,tea,suggest,31,1,1
3443,17342,2025-03-09 15:13:00,ade,suggest,19,1,1
3444,17343,2025-03-09 12:00:00,smoothie,suggest,20,0,0
3445,17343,2025-03-09 12:00:00,espresso,situation,1,0,0
3446,17345,2025-05-05 11:48:00,coldbrew,situation,7,1,0
3447,17347,2025-05-31 18:01:00,drip,situation,9,0,0
3448,17347,2025-05-31 18:01:00,tea,situation,31,1,1
3449,17349,2025-09-12 22:37:00,latte,situation,10,0,0
3450,17352,2025-06-15 18:09:00,smoothie,situation,20,0,0
3451,17352,2025-06-15 18:09:00,juice,situation,22,1,1
3452,17355,2025-05-05 17:24:00,frappe,situation,25,0,0
3453,17356,2025-05-03 13:36:00,latte,suggest,4,1,1
3454,17373,2025-06-29 17:50:00,tea,situation,29,1,0
3455,17376,2025-04-15 18:48:00,drip,suggest,9,1,0
3456,17377,2025-04-27 13:03:00,latte,suggest,5,1,0
3457,17377,2025-04-27 13:03:00,coldbrew,situation,7,1,0
3458,17391,2025-04-13 12:35:00,ade,suggest,19,0,0
3459,17391,2025-04-13 12:35:00,latte,situation,11,1,0
3460,17394,2025-06-30 13:15:00,tea,situation,16,0,0
3461,17397,2025-06-02 18:21:00,americano,suggest,2,1,1
3462,17403,2025-02-01 13:58:00,latte,situation,23,1,1
3463,17407,2025-12-05 19:22:00,tea,situation,29,1,1
3464,17409,2025-11-01 17:31:00,juice,situation,22,1,1
3465,17425,2025-02-06 12:30:00,ade,situation,24,0,0
3466,17430,2025-04-21 16:59:00,latte,situation,4,0,0
3467,17431,2025-03-16 14:06:00,latte,suggest,23,1,0
3468,17432,2025-06-24 19:57:00,frappe,situation,13,1,0
3469,17433,2025-08-13 12:56:00,frappe,situation,25,1,1
3470,17433,2025-08-13 12:56:00,americano,suggest,3,0,0
3471,17441,2025-12-24 07:46:00,ade,situation,18,0,0
3472,17444,2025-06-16 19:27:00,frappe,situation,12,0,0
3473,17444,2025-06-16 19:27:00,tea,situation,29,1,0
3474,17452,2025-02-18 17:37:00,latte,situation,4,0,0
3475,17452,2025-02-18 17:37:00,frappe,situation,12,0,0
3476,17454,2025-09-17 14:53:00,ade,situation,18,1,0
3477,17459,2025-03-27 17:06:00,frappe,situation,25,0,0
3478,17459,2025-03-27 17:06:00,latte,situation,5,1,1
3479,17462,2025-08-19 15:03:00,latte,situation,5,1,0
3480,17469,2025-06-29 12:24:00,frappe,suggest,12,0,0
3481,17473,2025-08-20 12:12:00,tea,situation,28,0,0
3482,17493,2025-09-20 18:03:00,tea,situation,31,1,1
3483,17493,2025-09-20 18:03:00,frappe,situation,25,0,0
3484,17499,2025-10-05 19:40:00,tea,suggest,16,1,1
3485,17519,2025-05-21 15:36:00,juice,situation,22,0,0
3486,17527,2025-12-17 07:54:00,latte,situation,23,0,0
3487,17527,2025-12-17 07:54:00,americano,situation,3,0,0
3488,17529,2025-05-11 12:55:00,juice,situation,22,1,1
3489,17529,2025-05-11 12:55:00,tea,suggest,31,1,1
3490,17531,2025-08-07 09:37:00,cappuccino,suggest,6,0,0
3491,17533,2025-10-28 08:36:00,frappe,situation,26,0,0
3492,17533,2025-10-28 08:36:00,juice,situation,22,0,0
3493,17535,2025-06-07 15:53:00,ade,suggest,18,0,0
3494,17538,2025-07-18 13:27:00,cappuccino,situation,6,1,1
3495,17557,2025-10-01 07:01:00,tea,situation,16,1,0
3496,17557,2025-10-01 07:01:00,coldbrew,situation,7,1,1
3497,17562,2025-02-08 12:41:00,latte,situation,23,0,0
3498,17562,2025-02-08 12:41:00,coldbrew,suggest,7,1,1
3499,17568,2025-10-03 16:48:00,americano,situation,2,1,1
3500,17582,2025-02-15 12:50:00,latte,situation,23,0,0
3501,17582,2025-02-15 12:50:00,ade,situation,18,0,0
3502,17586,2025-08-06 16:23:00,americano,situation,2,1,1
3503,17616,2025-04-19 09:52:00,americano,situation,2,1,1
3504,17620,2025-06-20 21:28:00,ade,situation,19,0,0
3505,17626,2025-08-17 09:45:00,tea,suggest,15,0,0
3506,17626,2025-08-17 09:45:00,tea,situation,27,1,1
3507,17636,2025-08-10 14:40:00,frappe,situation,13,0,0
3508,17636,2025-08-10 14:40:00,frappe,situation,26,0,0
3509,17639,2025-11-11 19:18:00,tea,situation,31,0,0
3510,17646,2025-03-11 21:18:00,tea,situation,17,1,0
3511,17652,2025-07-02 18:13:00,latte,situation,11,0,0
3512,17657,2025-11-08 11:01:00,latte,situation,5,0,0
3513,17657,2025-11-08 11:01:00,smoothie,situation,21,1,1
3514,17658,2025-01-19 17:59:00,drip,situation,9,0,0
3515,17658,2025-01-19 17:59:00,ade,situation,24,0,0
3516,17662,2025-06-05 11:43:00,tea,suggest,31,0,0
3517,17667,2025-03-28 17:44:00,frappe,situation,12,1,1
3518,17677,2025-07-25 08:41:00,coldbrew,situation,7,0,0
3519,17681,2025-07-27 14:12:00,espresso,situation,1,1,1
3520,17691,2025-09-16 15:29:00,smoothie,situation,21,1,1
3521,17696,2025-06-26 16:40:00,frappe,situation,12,0,0
3522,17698,2025-06-02 09:53:00,americano,situation,2,0,0
3523,17698,2025-06-02 09:53:00,americano,suggest,3,0,0
3524,17699,2025-01-08 08:55:00,tea,suggest,30,0,0
3525,17715,2025-06-28 07:09:00,tea,situation,30,0,0
3526,17717,2025-06-04 13:01:00,frappe,situation,12,0,0
3527,17732,2025-09-20 16:24:00,non-coffee,situation,14,0,0
3528,17732,2025-09-20 16:24:00,latte,suggest,10,0,0
3529,17737,2025-11-19 22:17:00,tea,situation,31,0,0
3530,17749,2025-06-04 16:27:00,tea,situation,15,0,0
3531,17754,2025-05-29 18:17:00,latte,situation,10,0,0
3532,17754,2025-05-29 18:17:00,frappe,situation,25,1,1
3533,17768,2025-09-11 17:38:00,tea,situation,31,1,0
3534,17770,2025-09-16 11:00:00,ade,suggest,18,1,0
3535,17776,2025-04-18 18:23:00,americano,situation,2,1,1
3536,17789,2025-08-29 12:30:00,americano,situation,2,0,0
3537,17797,2025-03-06 20:00:00,tea,situation,27,1,1
3538,17802,2025-06-02 12:51:00,tea,situation,28,1,1
3539,17804,2025-04-04 22:48:00,frappe,situation,12,1,1
3540,17808,2025-10-18 12:47:00,ade,suggest,19,1,1
3541,17815,2025-04-28 11:50:00,coldbrew,situation,7,1,1
3542,17828,2025-03-30 14:57:00,coldbrew,situation,7,0,0
3543,17828,2025-03-30 14:57:00,frappe,situation,12,1,0
3544,17838,2025-11-15 19:43:00,americano,situation,2,0,0
3545,17848,2025-01-08 17:57:00,frappe,situation,25,1,0
3546,17849,2025-08-05 18:10:00,frappe,situation,13,0,0
3547,17854,2025-04-05 15:14:00,latte,situation,10,1,1
3548,17854,2025-04-05 15:14:00,tea,suggest,16,0,0
3549,17855,2025-02-10 11:42:00,smoothie,situation,32,1,1
3550,17858,2025-08-08 12:26:00,latte,suggest,4,0,0
3551,17864,2025-07-14 16:52:00,ade,situation,19,1,0
3552,17867,2025-12-31 17:42:00,tea,situation,17,1,0
3553,17873,2025-11-03 15:04:00,frappe,situation,12,0,0
3554,17885,2025-12-26 12:50:00,drip,situation,9,1,0
3555,17885,2025-12-26 12:50:00,latte,suggest,11,1,1
3556,17887,2025-07-03 19:04:00,tea,situation,28,1,1
3557,17887,2025-07-03 19:04:00,frappe,situation,25,0,0
3558,17888,2025-03-02 12:31:00,latte,situation,10,1,0
3559,17891,2025-09-15 15:19:00,tea,suggest,31,1,0
3560,17893,2025-04-08 11:25:00,drip,situation,9,0,0
3561,17893,2025-04-08 11:25:00,tea,situation,30,1,1
3562,17895,2025-07-24 08:15:00,ade,situation,18,1,0
3563,17906,2025-12-27 12:49:00,tea,suggest,31,0,0
3564,17913,2025-05-22 08:16:00,smoothie,situation,20,1,0
3565,17913,2025-05-22 08:16:00,tea,suggest,27,0,0
3566,17915,2025-10-04 12:48:00,latte,situation,23,1,0
3567,17915,2025-10-04 12:48:00,smoothie,suggest,21,0,0
3568,17926,2025-11-24 07:51:00,americano,suggest,2,1,0
3569,17936,2025-06-06 14:07:00,latte,situation,5,1,0
3570,17956,2025-08-25 15:39:00,coldbrew,situation,8,1,1
3571,17956,2025-08-25 15:39:00,tea,situation,17,1,1
3572,17961,2025-11-01 21:16:00,latte,situation,11,0,0
3573,17967,2025-04-11 11:48:00,ade,situation,19,0,0
3574,17976,2025-01-22 13:28:00,latte,situation,5,0,0
3575,17978,2025-12-21 09:46:00,juice,situation,22,1,1
3576,17988,2025-10-24 12:05:00,tea,situation,29,0,0
3577,18005,2025-07-09 08:29:00,tea,suggest,30,0,0
3578,18006,2025-05-05 18:33:00,drip,situation,9,0,0
3579,18017,2025-08-24 16:13:00,tea,situation,15,0,0
3580,18018,2025-11-08 12:49:00,ade,situation,19,1,1
3581,18021,2025-11-19 14:13:00,tea,situation,29,1,1
3582,18038,2025-12-08 08:42:00,latte,situation,10,1,1
3583,18038,2025-12-08 08:42:00,americano,suggest,3,0,0
3584,18045,2025-07-13 15:01:00,drip,suggest,9,1,1
3585,18051,2025-11-20 09:45:00,ade,situation,24,1,0
3586,18057,2025-05-06 15:07:00,tea,suggest,28,1,1
3587,18060,2025-11-15 15:15:00,frappe,situation,12,0,0
3588,18073,2025-01-19 19:50:00,frappe,suggest,13,1,1
3589,18077,2025-04-09 14:06:00,juice,suggest,22,0,0
3590,18077,2025-04-09 14:06:00,cappuccino,situation,6,0,0
3591,18087,2025-12-07 17:04:00,tea,situation,28,0,0
3592,18095,2025-08-15 16:55:00,frappe,situation,25,0,0
3593,18109,2025-03-29 09:47:00,smoothie,suggest,21,0,0
3594,18109,2025-03-29 09:47:00,smoothie,situation,21,0,0
3595,18114,2025-07-26 07:54:00,tea,situation,28,1,0
3596,18114,2025-07-26 07:54:00,tea,situation,15,1,0
3597,18117,2025-03-05 16:39:00,frappe,suggest,12,1,1
3598,18120,2025-07-04 15:05:00,smoothie,situation,21,1,0
3599,18121,2025-06-28 16:09:00,tea,situation,16,1,0
3600,18121,2025-06-28 16:09:00,tea,situation,17,0,0
3601,18125,2025-07-04 12:24:00,frappe,situation,25,1,1
3602,18125,2025-07-04 12:24:00,frappe,situation,26,1,0
3603,18133,2025-07-14 17:00:00,coldbrew,situation,7,1,1
3604,18133,2025-07-14 17:00:00,tea,situation,31,0,0
3605,18136,2025-07-01 17:59:00,coldbrew,suggest,8,1,1
3606,18136,2025-07-01 17:59:00,latte,suggest,4,0,0
3607,18139,2025-10-02 08:56:00,smoothie,situation,20,1,0
3608,18141,2025-10-03 11:40:00,drip,situation,9,1,0
3609,18150,2025-05-29 18:03:00,frappe,situation,26,1,1
3610,18151,2025-09-07 13:56:00,americano,situation,3,1,0
3611,18161,2025-11-21 08:14:00,latte,situation,10,1,0
3612,18171,2025-02-17 08:51:00,tea,situation,30,0,0
3613,18171,2025-02-17 08:51:00,latte,suggest,23,0,0
3614,18173,2025-10-09 13:34:00,latte,situation,11,1,1
3615,18173,2025-10-09 13:34:00,coldbrew,situation,8,1,0
3616,18174,2025-08-11 12:09:00,coldbrew,suggest,7,1,1
3617,18174,2025-08-11 12:09:00,ade,situation,18,0,0
3618,18177,2025-07-06 18:33:00,ade,situation,24,0,0
3619,18178,2025-10-19 19:00:00,tea,situation,17,1,1
3620,18178,2025-10-19 19:00:00,smoothie,suggest,20,1,0
3621,18179,2025-01-06 07:30:00,latte,situation,23,0,0
3622,18187,2025-10-27 07:09:00,smoothie,suggest,32,1,1
3623,18194,2025-05-02 16:56:00,smoothie,situation,21,1,0
3624,18194,2025-05-02 16:56:00,juice,situation,22,1,1
3625,18196,2025-05-23 14:33:00,frappe,situation,26,1,1
3626,18214,2025-08-08 09:59:00,coldbrew,suggest,7,1,0
3627,18223,2025-11-30 12:06:00,coldbrew,suggest,8,1,1
3628,18230,2025-10-14 12:19:00,ade,suggest,19,0,0
3629,18234,2025-10-21 20:52:00,latte,suggest,5,1,1
3630,18239,2025-12-04 08:05:00,tea,situation,27,1,1
3631,18240,2025-02-03 08:47:00,tea,suggest,31,1,0
3632,18247,2025-12-14 16:30:00,smoothie,suggest,20,0,0
3633,18257,2025-12-08 14:31:00,ade,suggest,18,1,1
3634,18261,2025-04-29 14:40:00,latte,situation,10,0,0
3635,18279,2025-08-30 16:53:00,tea,situation,16,1,1
3636,18292,2025-05-27 08:35:00,cappuccino,situation,6,1,0
3637,18306,2025-09-17 22:20:00,frappe,situation,12,0,0
3638,18313,2025-05-12 11:23:00,tea,situation,30,1,0
3639,18314,2025-03-31 20:22:00,tea,situation,28,0,0
3640,18315,2025-04-18 15:59:00,smoothie,situation,32,0,0
3641,18315,2025-04-18 15:59:00,tea,situation,29,1,1
3642,18316,2025-08-08 12:56:00,smoothie,situation,21,0,0
3643,18316,2025-08-08 12:56:00,latte,situation,5,1,1
3644,18321,2025-04-29 11:13:00,tea,suggest,17,1,1
3645,18330,2025-02-22 16:28:00,ade,suggest,19,0,0
3646,18332,2025-11-28 14:44:00,tea,situation,15,0,0
3647,18334,2025-07-27 15:02:00,non-coffee,situation,14,1,1
3648,18334,2025-07-27 15:02:00,frappe,suggest,12,0,0
3649,18337,2025-02-07 16:28:00,ade,situation,19,1,1
3650,18337,2025-02-07 16:28:00,frappe,situation,12,1,1
3651,18369,2025-09-18 09:47:00,ade,situation,19,1,1
3652,18377,2025-07-18 15:34:00,latte,suggest,10,1,0
3653,18378,2025-03-16 16:33:00,tea,situation,29,0,0
3654,18378,2025-03-16 16:33:00,tea,suggest,15,1,1
3655,18388,2025-06-13 09:16:00,tea,situation,30,0,0
3656,18388,2025-06-13 09:16:00,tea,situation,17,1,0
3657,18413,2025-02-21 14:19:00,tea,situation,29,0,0
3658,18413,2025-02-21 14:19:00,smoothie,suggest,21,0,0
3659,18416,2025-06-07 09:55:00,smoothie,situation,20,0,0
3660,18423,2025-03-07 18:20:00,tea,situation,30,0,0
3661,18424,2025-10-13 18:49:00,smoothie,situation,20,0,0
3662,18429,2025-12-02 09:30:00,espresso,situation,1,0,0
3663,18430,2025-09-13 11:12:00,tea,suggest,15,1,1
3664,18443,2025-03-24 18:09:00,tea,suggest,16,1,1
3665,18443,2025-03-24 18:09:00,tea,situation,17,0,0
3666,18444,2025-12-27 15:12:00,latte,situation,23,0,0
3667,18445,2025-02-16 15:31:00,tea,situation,16,0,0
3668,18450,2025-06-21 09:18:00,latte,situation,4,1,1
3669,18450,2025-06-21 09:18:00,frappe,situation,26,0,0
3670,18456,2025-06-28 11:45:00,smoothie,situation,21,0,0
3671,18456,2025-06-28 11:45:00,tea,situation,27,0,0
3672,18457,2025-07-15 11:03:00,latte,suggest,23,0,0
3673,18457,2025-07-15 11:03:00,latte,situation,5,1,1
3674,18464,2025-09-16 15:14:00,frappe,situation,13,0,0
3675,18466,2025-12-03 09:01:00,tea,situation,28,1,0
3676,18472,2025-09-11 15:28:00,coldbrew,situation,8,1,0
3677,18472,2025-09-11 15:28:00,tea,suggest,28,1,0
3678,18482,2025-08-31 12:26:00,ade,situation,19,1,1
3679,18484,2025-06-26 20:24:00,smoothie,situation,32,0,0
3680,18489,2025-02-17 20:09:00,ade,situation,18,0,0
3681,18491,2025-04-18 16:05:00,smoothie,situation,21,1,1
3682,18493,2025-06-10 17:52:00,tea,suggest,27,0,0
3683,18493,2025-06-10 17:52:00,tea,suggest,28,1,0
3684,18494,2025-03-04 08:54:00,juice,situation,22,1,0
3685,18494,2025-03-04 08:54:00,smoothie,suggest,21,0,0
3686,18501,2025-07-01 15:17:00,coldbrew,situation,7,1,0
3687,18501,2025-07-01 15:17:00,frappe,situation,12,1,1
3688,18502,2025-04-02 16:53:00,ade,situation,19,0,0
3689,18518,2025-05-01 16:05:00,ade,situation,24,0,0
3690,18519,2025-09-08 14:21:00,frappe,situation,12,1,0
3691,18519,2025-09-08 14:21:00,smoothie,situation,32,1,1
3692,18521,2025-09-11 17:07:00,cappuccino,suggest,6,1,0
3693,18524,2025-05-29 16:42:00,americano,suggest,3,0,0
3694,18526,2025-01-09 18:12:00,frappe,situation,25,0,0
3695,18526,2025-01-09 18:12:00,tea,suggest,16,0,0
3696,18530,2025-09-15 09:18:00,tea,situation,28,1,1
3697,18533,2025-05-13 14:16:00,latte,situation,23,1,1
3698,18544,2025-10-12 15:30:00,tea,suggest,29,1,0
3699,18574,2025-09-02 21:14:00,frappe,situation,26,0,0
3700,18575,2025-11-13 18:23:00,tea,situation,16,1,0
3701,18576,2025-04-29 22:17:00,americano,suggest,3,1,0
3702,18577,2025-11-30 14:20:00,frappe,situation,26,0,0
3703,18578,2025-07-14 12:31:00,tea,situation,15,1,1
3704,18581,2025-08-06 07:16:00,americano,situation,2,1,1
3705,18596,2025-12-19 08:26:00,americano,suggest,3,0,0
3706,18634,2025-10-13 13:58:00,tea,suggest,27,0,0
3707,18653,2025-08-12 14:21:00,smoothie,situation,20,0,0
3708,18658,2025-11-26 12:58:00,tea,situation,28,0,0
3709,18670,2025-12-21 17:02:00,espresso,suggest,1,1,1
3710,18670,2025-12-21 17:02:00,ade,situation,18,0,0
3711,18673,2025-01-21 16:04:00,coldbrew,situation,7,1,0
3712,18674,2025-11-20 19:11:00,coldbrew,situation,8,0,0
3713,18674,2025-11-20 19:11:00,ade,situation,19,0,0
3714,18675,2025-06-27 15:21:00,coldbrew,situation,7,1,1
3715,18677,2025-04-30 15:14:00,ade,situation,19,1,0
3716,18695,2025-02-14 15:33:00,americano,suggest,3,1,0
3717,18703,2025-07-26 09:25:00,tea,suggest,15,1,1
3718,18704,2025-11-03 17:56:00,smoothie,situation,20,0,0
3719,18708,2025-08-10 16:23:00,espresso,suggest,1,1,1
3720,18713,2025-05-19 18:33:00,ade,situation,19,1,1
3721,18713,2025-05-19 18:33:00,americano,situation,2,0,0
3722,18716,2025-09-05 08:02:00,cappuccino,situation,6,0,0
3723,18716,2025-09-05 08:02:00,tea,situation,17,1,0
3724,18721,2025-08-22 15:05:00,coldbrew,situation,8,1,1
3725,18742,2025-01-24 12:28:00,non-coffee,situation,14,0,0
3726,18742,2025-01-24 12:28:00,smoothie,situation,32,1,1
3727,18749,2025-03-23 22:29:00,latte,suggest,10,1,1
3728,18768,2025-02-24 15:39:00,smoothie,situation,32,1,0
3729,18776,2025-08-09 09:14:00,frappe,situation,25,0,0
3730,18777,2025-06-10 09:56:00,coldbrew,suggest,7,1,0
3731,18781,2025-04-20 20:03:00,smoothie,situation,20,1,0
3732,18801,2025-02-22 08:28:00,ade,situation,19,0,0
3733,18801,2025-02-22 08:28:00,tea,suggest,27,1,0
3734,18808,2025-12-20 12:36:00,tea,suggest,29,1,0
3735,18811,2025-06-26 22:33:00,latte,suggest,4,0,0
3736,18812,2025-01-15 17:24:00,frappe,suggest,12,0,0
3737,18812,2025-01-15 17:24:00,tea,situation,28,0,0
3738,18815,2025-01-20 13:58:00,espresso,situation,1,1,1
3739,18817,2025-05-23 20:57:00,ade,situation,19,1,0
3740,18817,2025-05-23 20:57:00,tea,suggest,31,1,0
3741,18822,2025-09-25 18:21:00,tea,situation,30,1,0
3742,18831,2025-09-16 09:58:00,americano,suggest,3,0,0
3743,18842,2025-01-18 08:51:00,coldbrew,situation,8,0,0
3744,18843,2025-07-23 19:27:00,ade,situation,19,0,0
3745,18845,2025-03-13 18:03:00,frappe,situation,13,0,0
3746,18857,2025-04-06 12:57:00,espresso,situation,1,0,0
3747,18858,2025-12-04 07:23:00,ade,situation,18,0,0
3748,18871,2025-05-17 07:54:00,latte,situation,23,0,0
3749,18871,2025-05-17 07:54:00,americano,situation,2,1,1
3750,18884,2025-11-23 13:20:00,tea,situation,29,1,1
3751,18887,2025-08-17 08:11:00,coldbrew,suggest,7,0,0
3752,18890,2025-09-16 07:45:00,tea,situation,30,1,1
3753,18890,2025-09-16 07:45:00,latte,situation,5,1,0
3754,18900,2025-08-30 12:54:00,tea,situation,31,0,0
3755,18900,2025-08-30 12:54:00,tea,suggest,27,0,0
3756,18905,2025-07-31 12:01:00,latte,situation,11,0,0
3757,18908,2025-07-04 14:39:00,smoothie,situation,21,1,1
3758,18915,2025-09-15 12:28:00,frappe,suggest,26,1,1
3759,18915,2025-09-15 12:28:00,tea,suggest,15,1,1
3760,18921,2025-10-19 08:29:00,coldbrew,situation,7,1,0
3761,18921,2025-10-19 08:29:00,non-coffee,situation,14,0,0
3762,18958,2025-03-23 19:13:00,tea,suggest,15,0,0
3763,18959,2025-05-18 15:15:00,latte,suggest,10,1,1
3764,18974,2025-05-22 13:25:00,latte,situation,5,1,1
3765,18978,2025-11-22 18:49:00,tea,situation,30,1,1
3766,18996,2025-01-07 18:51:00,frappe,situation,13,0,0
3767,18996,2025-01-07 18:51:00,latte,situation,23,1,1
3768,18997,2025-04-24 11:22:00,drip,situation,9,1,1
3769,19016,2025-02-10 16:32:00,latte,situation,11,1,1
3770,19018,2025-04-25 09:13:00,frappe,situation,25,1,0
3771,19018,2025-04-25 09:13:00,smoothie,suggest,20,1,0
3772,19030,2025-11-24 08:17:00,tea,situation,17,1,1
3773,19033,2025-12-01 21:22:00,smoothie,suggest,21,0,0
3774,19033,2025-12-01 21:22:00,frappe,suggest,25,0,0
3775,19035,2025-10-07 20:09:00,tea,situation,31,1,0
3776,19041,2025-01-24 15:06:00,coldbrew,suggest,7,0,0
3777,19049,2025-09-20 15:28:00,latte,situation,23,1,0
3778,19050,2025-05-05 08:13:00,latte,situation,11,1,0
3779,19055,2025-02-05 12:34:00,americano,suggest,3,1,1
3780,19055,2025-02-05 12:34:00,latte,suggest,23,1,0
3781,19067,2025-07-12 12:38:00,latte,situation,11,1,1
3782,19071,2025-07-30 12:39:00,latte,suggest,10,1,0
3783,19078,2025-08-05 16:52:00,tea,situation,27,1,1
3784,19090,2025-12-07 15:17:00,juice,suggest,22,0,0
3785,19109,2025-07-22 13:29:00,drip,situation,9,0,0
3786,19125,2025-01-09 11:26:00,juice,suggest,22,1,0
3787,19128,2025-09-04 18:12:00,ade,suggest,19,0,0
3788,19128,2025-09-04 18:12:00,latte,situation,4,1,1
3789,19136,2025-03-22 09:38:00,non-coffee,situation,14,1,0
3790,19137,2025-01-30 18:03:00,tea,situation,27,1,0
3791,19146,2025-02-17 08:12:00,frappe,situation,12,1,0
3792,19149,2025-03-22 19:01:00,frappe,situation,25,1,1
3793,19149,2025-03-22 19:01:00,tea,situation,31,1,0
3794,19152,2025-01-15 12:35:00,latte,situation,23,1,0
3795,19152,2025-01-15 12:35:00,ade,suggest,19,0,0
3796,19153,2025-08-16 15:02:00,americano,situation,3,1,1
3797,19153,2025-08-16 15:02:00,smoothie,situation,20,0,0
3798,19157,2025-03-13 18:04:00,coldbrew,situation,8,0,0
3799,19160,2025-06-01 18:18:00,ade,situation,19,1,0
3800,19167,2025-03-31 17:49:00,tea,situation,28,0,0
3801,19167,2025-03-31 17:49:00,tea,situation,28,1,1
3802,19173,2025-05-04 14:38:00,frappe,situation,26,1,0
3803,19175,2025-08-24 16:02:00,tea,situation,15,1,0
3804,19175,2025-08-24 16:02:00,latte,situation,11,0,0
3805,19187,2025-05-08 11:36:00,frappe,situation,13,0,0
3806,19190,2025-10-10 18:29:00,latte,situation,11,0,0
3807,19193,2025-08-14 12:23:00,tea,suggest,28,1,1
3808,19193,2025-08-14 12:23:00,tea,situation,29,0,0
3809,19195,2025-05-01 17:35:00,juice,situation,22,1,1
3810,19205,2025-09-07 17:47:00,espresso,situation,1,1,1
3811,19222,2025-01-04 09:11:00,smoothie,situation,32,0,0
3812,19232,2025-07-17 08:10:00,latte,situation,11,0,0
3813,19241,2025-09-09 13:17:00,tea,suggest,17,0,0
3814,19243,2025-01-16 13:29:00,coldbrew,situation,7,0,0
3815,19251,2025-01-27 07:10:00,espresso,suggest,1,1,0
3816,19251,2025-01-27 07:10:00,smoothie,situation,21,1,0
3817,19252,2025-10-14 15:10:00,latte,suggest,11,1,1
3818,19256,2025-11-28 19:59:00,smoothie,suggest,32,1,1
3819,19256,2025-11-28 19:59:00,cappuccino,situation,6,1,1
3820,19260,2025-07-16 14:04:00,drip,situation,9,1,0
3821,19260,2025-07-16 14:04:00,americano,suggest,3,1,0
3822,19277,2025-10-17 12:37:00,smoothie,situation,21,1,1
3823,19277,2025-10-17 12:37:00,ade,situation,18,0,0
3824,19278,2025-12-22 12:38:00,ade,suggest,19,0,0
3825,19285,2025-04-28 09:47:00,latte,situation,11,0,0
3826,19290,2025-05-21 16:38:00,frappe,suggest,25,0,0
3827,19294,2025-01-18 14:09:00,tea,situation,27,0,0
3828,19309,2025-09-08 07:21:00,tea,situation,29,1,0
3829,19312,2025-03-19 15:58:00,americano,suggest,3,0,0
3830,19322,2025-07-06 15:15:00,ade,situation,24,1,1
3831,19358,2025-05-30 07:28:00,tea,situation,15,0,0
3832,19359,2025-12-03 09:09:00,non-coffee,situation,14,1,1
3833,19359,2025-12-03 09:09:00,latte,situation,23,0,0
3834,19365,2025-07-19 12:05:00,tea,situation,30,0,0
3835,19366,2025-06-11 12:05:00,frappe,situation,26,0,0
3836,19368,2025-09-04 09:37:00,coldbrew,suggest,8,0,0
3837,19371,2025-05-06 09:22:00,frappe,situation,25,0,0
3838,19371,2025-05-06 09:22:00,tea,situation,27,0,0
3839,19378,2025-12-09 07:49:00,ade,situation,24,0,0
3840,19378,2025-12-09 07:49:00,smoothie,situation,32,0,0
3841,19385,2025-09-16 09:39:00,tea,situation,17,1,0
3842,19395,2025-10-05 15:18:00,smoothie,situation,21,0,0
3843,19397,2025-09-29 08:14:00,tea,situation,15,1,1
3844,19398,2025-02-16 09:33:00,frappe,situation,25,1,1
3845,19398,2025-02-16 09:33:00,coldbrew,suggest,7,1,1
3846,19416,2025-02-03 20:15:00,frappe,situation,25,1,1
3847,19416,2025-02-03 20:15:00,cappuccino,suggest,6,1,1
3848,19419,2025-10-26 09:49:00,frappe,suggest,12,0,0
3849,19419,2025-10-26 09:49:00,coldbrew,situation,7,0,0
3850,19429,2025-06-03 13:27:00,espresso,suggest,1,0,0
3851,19429,2025-06-03 13:27:00,ade,situation,24,0,0
3852,19435,2025-08-15 13:50:00,ade,situation,24,1,1
3853,19435,2025-08-15 13:50:00,americano,suggest,2,1,1
3854,19443,2025-03-01 16:03:00,tea,situation,29,1,0
3855,19443,2025-03-01 16:03:00,tea,suggest,31,1,1
3856,19450,2025-12-31 14:08:00,frappe,situation,12,0,0
3857,19450,2025-12-31 14:08:00,latte,suggest,10,0,0
3858,19451,2025-11-01 08:33:00,frappe,situation,25,1,1
3859,19472,2025-05-30 08:03:00,latte,situation,11,0,0
3860,19474,2025-07-12 17:23:00,latte,situation,10,1,1
3861,19481,2025-10-30 09:07:00,espresso,situation,1,1,0
3862,19482,2025-06-21 08:04:00,tea,suggest,28,1,1
3863,19486,2025-03-12 11:31:00,tea,situation,29,1,0
3864,19493,2025-11-01 19:27:00,ade,situation,19,1,1
3865,19493,2025-11-01 19:27:00,ade,suggest,18,0,0
3866,19494,2025-04-18 14:25:00,tea,situation,16,1,0
3867,19494,2025-04-18 14:25:00,tea,situation,16,0,0
3868,19496,2025-12-07 17:18:00,smoothie,situation,21,1,1
3869,19496,2025-12-07 17:18:00,non-coffee,suggest,14,0,0
3870,19497,2025-11-28 14:58:00,latte,suggest,23,0,0
3871,19498,2025-01-06 09:25:00,drip,situation,9,0,0
3872,19508,2025-12-13 08:42:00,juice,situation,22,1,0
3873,19509,2025-10-18 07:11:00,tea,situation,16,0,0
3874,19518,2025-09-13 08:32:00,cappuccino,situation,6,0,0
3875,19519,2025-01-20 20:31:00,tea,situation,31,1,1
3876,19520,2025-07-07 13:55:00,frappe,situation,25,1,1
3877,19520,2025-07-07 13:55:00,ade,situation,24,0,0
3878,19525,2025-10-11 16:34:00,frappe,situation,25,0,0
3879,19529,2025-08-11 12:57:00,latte,situation,23,0,0
3880,19539,2025-06-06 12:07:00,tea,suggest,28,0,0
3881,19539,2025-06-06 12:07:00,ade,situation,19,1,0
3882,19545,2025-07-19 08:06:00,tea,situation,29,1,0
3883,19545,2025-07-19 08:06:00,drip,situation,9,0,0
3884,19547,2025-07-05 12:24:00,latte,suggest,4,1,0
3885,19547,2025-07-05 12:24:00,tea,situation,30,0,0
3886,19549,2025-08-16 19:45:00,coldbrew,suggest,7,1,0
3887,19561,2025-01-21 08:38:00,non-coffee,situation,14,1,1
3888,19562,2025-11-25 16:14:00,smoothie,suggest,21,0,0
3889,19564,2025-03-24 16:46:00,latte,situation,23,1,0
3890,19567,2025-06-04 12:08:00,smoothie,situation,20,1,0
3891,19567,2025-06-04 12:08:00,ade,situation,18,0,0
3892,19583,2025-03-08 14:24:00,tea,situation,16,0,0
3893,19584,2025-08-01 14:07:00,ade,situation,19,1,1
3894,19592,2025-05-23 15:09:00,frappe,suggest,26,0,0
3895,19595,2025-08-20 13:06:00,espresso,situation,1,1,0
3896,19617,2025-05-24 08:27:00,smoothie,situation,21,0,0
3897,19622,2025-01-15 11:07:00,juice,situation,22,0,0
3898,19627,2025-01-27 15:23:00,ade,situation,18,0,0
3899,19629,2025-11-03 22:32:00,americano,suggest,2,0,0
3900,19635,2025-12-14 16:15:00,frappe,suggest,12,0,0
3901,19642,2025-10-25 16:50:00,ade,suggest,24,0,0
3902,19653,2025-06-17 12:17:00,frappe,situation,13,0,0
3903,19655,2025-09-01 12:29:00,drip,situation,9,0,0
3904,19657,2025-02-08 13:20:00,tea,situation,31,1,0
3905,19657,2025-02-08 13:20:00,americano,situation,2,0,0
3906,19659,2025-09-02 18:47:00,smoothie,situation,32,0,0
3907,19659,2025-09-02 18:47:00,drip,suggest,9,0,0
3908,19665,2025-08-24 07:24:00,latte,situation,11,1,1
3909,19669,2025-07-03 09:07:00,latte,situation,4,1,0
3910,19676,2025-01-12 13:14:00,frappe,situation,26,1,1
3911,19676,2025-01-12 13:14:00,frappe,situation,26,0,0
3912,19677,2025-02-19 07:47:00,juice,situation,22,0,0
3913,19677,2025-02-19 07:47:00,drip,situation,9,1,0
3914,19680,2025-05-01 17:52:00,tea,situation,28,0,0
3915,19680,2025-05-01 17:52:00,latte,suggest,11,0,0
3916,19683,2025-01-01 16:53:00,tea,suggest,30,1,1
3917,19683,2025-01-01 16:53:00,frappe,situation,25,0,0
3918,19686,2025-10-17 07:06:00,tea,situation,17,1,0
3919,19686,2025-10-17 07:06:00,coldbrew,situation,8,1,1
3920,19696,2025-05-08 13:35:00,smoothie,situation,32,1,0
3921,19710,2025-03-04 14:11:00,tea,situation,29,1,1
3922,19710,2025-03-04 14:11:00,smoothie,situation,20,1,0
3923,19713,2025-05-02 13:05:00,americano,situation,2,0,0
3924,19713,2025-05-02 13:05:00,ade,suggest,19,0,0
3925,19715,2025-12-17 19:42:00,espresso,situation,1,0,0
3926,19718,2025-10-23 09:27:00,tea,situation,30,0,0
3927,19718,2025-10-23 09:27:00,frappe,situation,25,0,0
3928,19734,2025-07-17 19:45:00,latte,situation,10,0,0
3929,19735,2025-04-23 11:45:00,frappe,suggest,12,0,0
3930,19745,2025-04-09 09:00:00,tea,situation,15,1,1
3931,19745,2025-04-09 09:00:00,tea,suggest,17,1,1
3932,19746,2025-06-28 20:00:00,tea,situation,16,1,1
3933,19746,2025-06-28 20:00:00,coldbrew,suggest,8,0,0
3934,19750,2025-12-16 12:36:00,tea,situation,29,1,0
3935,19750,2025-12-16 12:36:00,latte,situation,4,0,0
3936,19759,2025-02-13 18:16:00,latte,situation,4,0,0
3937,19761,2025-07-20 15:44:00,tea,situation,17,0,0
3938,19775,2025-02-24 09:36:00,americano,situation,3,1,1
3939,19782,2025-11-14 14:09:00,tea,situation,31,0,0
3940,19782,2025-11-14 14:09:00,tea,situation,29,1,0
3941,19786,2025-12-20 09:05:00,tea,situation,15,0,0
3942,19791,2025-01-26 15:02:00,coldbrew,situation,8,1,1
3943,19814,2025-10-07 09:28:00,latte,suggest,11,0,0
3944,19814,2025-10-07 09:28:00,coldbrew,situation,7,0,0
3945,19823,2025-06-29 08:41:00,tea,situation,27,0,0
3946,19823,2025-06-29 08:41:00,drip,situation,9,1,1
3947,19831,2025-10-13 20:05:00,latte,situation,11,0,0
3948,19831,2025-10-13 20:05:00,latte,situation,11,1,0
3949,19832,2025-09-08 18:45:00,tea,situation,17,1,1
3950,19832,2025-09-08 18:45:00,tea,suggest,29,0,0
3951,19835,2025-10-03 15:10:00,tea,situation,16,1,1
3952,19838,2025-12-13 18:26:00,drip,suggest,9,0,0
3953,19840,2025-12-14 15:42:00,latte,suggest,23,0,0
3954,19842,2025-09-26 09:23:00,espresso,situation,1,1,1
3955,19842,2025-09-26 09:23:00,frappe,situation,13,0,0
3956,19853,2025-03-02 17:16:00,ade,situation,19,0,0
3957,19864,2025-07-03 12:55:00,americano,situation,3,0,0
3958,19867,2025-01-28 09:24:00,frappe,suggest,25,1,1
3959,19874,2025-08-18 07:37:00,latte,situation,4,1,1
3960,19877,2025-01-31 09:19:00,frappe,suggest,25,1,1
3961,19882,2025-07-09 08:24:00,latte,situation,4,1,0
3962,19885,2025-09-09 17:29:00,latte,suggest,5,0,0
3963,19897,2025-09-06 13:34:00,coldbrew,suggest,8,0,0
3964,19923,2025-05-26 07:21:00,frappe,suggest,25,1,1
3965,19941,2025-10-04 08:07:00,frappe,suggest,25,0,0
3966,19941,2025-10-04 08:07:00,americano,situation,2,0,0
3967,19947,2025-07-23 17:23:00,americano,situation,2,0,0
3968,19952,2025-05-10 14:06:00,latte,situation,23,1,0
3969,19961,2025-08-27 16:33:00,tea,situation,30,0,0
3970,19961,2025-08-27 16:33:00,americano,situation,3,1,1
3971,19966,2025-12-06 15:11:00,ade,situation,19,1,0
3972,19966,2025-12-06 15:11:00,tea,situation,15,0,0
3973,19978,2025-05-20 15:04:00,smoothie,situation,20,1,1
3974,19982,2025-06-08 07:35:00,tea,situation,15,0,0
3975,19984,2025-12-08 09:09:00,juice,situation,22,1,1
3976,19991,2025-10-03 08:07:00,latte,suggest,4,1,1
3977,20004,2025-08-13 14:03:00,cappuccino,suggest,6,1,1
3978,20004,2025-08-13 14:03:00,frappe,suggest,25,1,1
3979,20006,2025-12-17 12:57:00,coldbrew,situation,8,1,0
3980,20008,2025-09-22 16:08:00,tea,suggest,28,1,1
3981,20009,2025-07-31 17:28:00,frappe,suggest,25,1,0
3982,20017,2025-07-22 16:32:00,latte,situation,11,0,0
3983,20017,2025-07-22 16:32:00,latte,situation,11,0,0
3984,20028,2025-11-25 18:07:00,tea,suggest,29,1,1
3985,20040,2025-09-13 11:29:00,latte,situation,23,0,0
3986,20047,2025-09-27 09:06:00,drip,situation,9,0,0
3987,20053,2025-06-26 22:57:00,tea,suggest,17,0,0
3988,20053,2025-06-26 22:57:00,americano,situation,3,1,0
3989,20064,2025-07-27 08:52:00,coldbrew,suggest,8,0,0
3990,20074,2025-05-28 12:00:00,latte,situation,4,0,0
3991,20075,2025-11-26 16:04:00,smoothie,situation,21,1,1
3992,20075,2025-11-26 16:04:00,tea,situation,30,0,0
3993,20082,2025-11-22 14:11:00,latte,situation,5,0,0
3994,20092,2025-06-27 18:12:00,tea,situation,29,1,1
3995,20093,2025-03-31 12:16:00,tea,situation,29,0,0
3996,20093,2025-03-31 12:16:00,coldbrew,suggest,7,1,0
3997,20096,2025-11-21 15:42:00,frappe,suggest,26,0,0
3998,20105,2025-12-24 19:13:00,cappuccino,situation,6,0,0
3999,20105,2025-12-24 19:13:00,coldbrew,suggest,7,0,0
4000,20106,2025-03-13 15:24:00,latte,situation,11,0,0
4001,20106,2025-03-13 15:24:00,coldbrew,situation,8,0,0
4002,20107,2025-12-03 14:47:00,tea,suggest,31,1,0
4003,20129,2025-07-30 16:16:00,frappe,situation,26,1,1
4004,20129,2025-07-30 16:16:00,ade,situation,19,0,0
4005,20132,2025-01-14 09:57:00,frappe,situation,26,0,0
4006,20132,2025-01-14 09:57:00,cappuccino,situation,6,1,1
4007,20141,2025-08-04 14:48:00,ade,situation,18,1,1
4008,20143,2025-11-30 07:10:00,drip,suggest,9,0,0
4009,20145,2025-07-05 08:28:00,americano,situation,3,1,1
4010,20159,2025-05-31 08:56:00,latte,situation,11,0,0
4011,20159,2025-05-31 08:56:00,latte,suggest,4,0,0
4012,20160,2025-12-03 16:28:00,tea,suggest,27,1,0
4013,20160,2025-12-03 16:28:00,frappe,situation,12,1,1
4014,20169,2025-10-15 14:48:00,non-coffee,situation,14,0,0
4015,20171,2025-12-15 14:23:00,smoothie,suggest,20,0,0
4016,20174,2025-11-03 09:15:00,tea,suggest,27,0,0
4017,20174,2025-11-03 09:15:00,americano,situation,3,1,0
4018,20176,2025-06-27 15:34:00,coldbrew,suggest,8,0,0
4019,20177,2025-04-25 18:27:00,ade,situation,18,0,0
4020,20180,2025-08-19 07:05:00,smoothie,suggest,32,1,1
4021,20187,2025-03-26 17:37:00,coldbrew,suggest,7,1,0
4022,20190,2025-01-06 17:19:00,ade,situation,24,0,0
4023,20190,2025-01-06 17:19:00,tea,situation,27,1,1
4024,20192,2025-01-25 11:27:00,coldbrew,situation,8,0,0
4025,20199,2025-06-12 12:22:00,espresso,situation,1,1,0
4026,20199,2025-06-12 12:22:00,americano,situation,3,1,0
4027,20201,2025-04-27 15:39:00,smoothie,situation,32,1,1
4028,20214,2025-12-28 07:21:00,tea,suggest,17,0,0
4029,20219,2025-01-19 08:16:00,tea,situation,17,1,1
4030,20219,2025-01-19 08:16:00,tea,situation,27,1,1
4031,20220,2025-03-09 17:53:00,smoothie,situation,21,0,0
4032,20224,2025-04-21 15:59:00,latte,situation,23,0,0
4033,20236,2025-01-29 16:48:00,ade,situation,18,0,0
4034,20254,2025-04-30 14:04:00,frappe,situation,25,1,0
4035,20256,2025-12-16 18:07:00,frappe,situation,25,1,0
4036,20258,2025-05-23 20:23:00,tea,situation,29,1,1
4037,20259,2025-06-30 12:15:00,tea,situation,30,1,1
4038,20261,2025-01-14 12:56:00,tea,suggest,30,1,1
4039,20261,2025-01-14 12:56:00,americano,situation,2,1,0
4040,20270,2025-12-06 14:23:00,latte,situation,23,0,0
4041,20271,2025-08-28 14:26:00,frappe,situation,26,1,0
4042,20275,2025-02-18 09:15:00,non-coffee,suggest,14,1,1
4043,20275,2025-02-18 09:15:00,tea,suggest,28,1,1
4044,20277,2025-01-18 12:33:00,frappe,situation,12,1,1
4045,20295,2025-10-03 13:16:00,tea,situation,29,0,0
4046,20301,2025-04-20 11:50:00,americano,situation,3,1,0
4047,20303,2025-05-23 13:33:00,latte,situation,11,0,0
4048,20303,2025-05-23 13:33:00,frappe,situation,13,0,0
4049,20310,2025-12-15 12:18:00,tea,situation,31,0,0
4050,20310,2025-12-15 12:18:00,ade,situation,19,1,0
4051,20311,2025-10-04 14:41:00,smoothie,suggest,21,1,1
4052,20331,2025-02-20 07:32:00,smoothie,situation,21,0,0
4053,20331,2025-02-20 07:32:00,latte,situation,4,1,0
4054,20334,2025-09-18 09:00:00,espresso,situation,1,1,1
4055,20336,2025-10-04 18:03:00,non-coffee,situation,14,1,1
4056,20338,2025-09-04 17:03:00,frappe,situation,26,1,0
4057,20338,2025-09-04 17:03:00,frappe,situation,13,0,0
4058,20365,2025-10-24 15:41:00,americano,suggest,3,0,0
4059,20374,2025-03-21 09:52:00,latte,situation,11,0,0
4060,20374,2025-03-21 09:52:00,tea,situation,29,1,1
4061,20379,2025-12-16 14:17:00,coldbrew,situation,8,1,0
4062,20393,2025-11-20 14:02:00,smoothie,situation,20,0,0
4063,20393,2025-11-20 14:02:00,latte,situation,10,1,1
4064,20394,2025-12-10 14:56:00,frappe,situation,12,0,0
4065,20399,2025-07-15 17:01:00,tea,suggest,16,0,0
4066,20407,2025-11-29 15:22:00,ade,situation,18,0,0
4067,20411,2025-07-26 16:44:00,ade,situation,24,1,1
4068,20422,2025-05-01 08:00:00,americano,situation,3,1,1
4069,20422,2025-05-01 08:00:00,espresso,suggest,1,0,0
4070,20429,2025-02-21 08:42:00,non-coffee,situation,14,1,1
4071,20432,2025-04-18 12:57:00,ade,situation,18,1,1
4072,20439,2025-06-27 17:13:00,americano,suggest,3,0,0
4073,20439,2025-06-27 17:13:00,smoothie,situation,21,1,0
4074,20440,2025-05-19 14:15:00,coldbrew,suggest,7,1,0
4075,20440,2025-05-19 14:15:00,coldbrew,situation,8,0,0
4076,20455,2025-02-08 20:01:00,cappuccino,situation,6,1,1
4077,20456,2025-08-01 08:02:00,tea,situation,28,1,1
4078,20482,2025-07-01 15:19:00,tea,situation,16,1,1
4079,20490,2025-05-17 15:35:00,juice,situation,22,0,0
4080,20491,2025-06-17 15:46:00,frappe,suggest,26,0,0
4081,20491,2025-06-17 15:46:00,ade,situation,24,1,1
4082,20497,2025-09-08 16:08:00,ade,suggest,24,0,0
4083,20497,2025-09-08 16:08:00,smoothie,suggest,32,1,1
4084,20500,2025-03-16 08:05:00,tea,situation,27,1,1
4085,20503,2025-06-07 09:23:00,americano,situation,2,0,0
4086,20504,2025-11-30 15:37:00,frappe,situation,12,1,1
4087,20505,2025-10-06 17:58:00,tea,situation,29,1,1
4088,20505,2025-10-06 17:58:00,juice,situation,22,0,0
4089,20513,2025-01-23 17:25:00,juice,situation,22,0,0
4090,20520,2025-08-20 15:04:00,smoothie,suggest,20,1,1
4091,20526,2025-07-17 09:23:00,ade,situation,18,0,0
4092,20530,2025-09-29 08:46:00,cappuccino,situation,6,1,1
4093,20534,2025-10-23 12:44:00,non-coffee,situation,14,1,0
4094,20540,2025-12-18 15:25:00,latte,situation,5,1,0
4095,20548,2025-05-24 18:20:00,tea,situation,31,1,1
4096,20549,2025-01-19 19:53:00,non-coffee,situation,14,1,1
4097,20549,2025-01-19 19:53:00,ade,situation,24,0,0
4098,20550,2025-12-08 12:52:00,latte,suggest,4,1,0
4099,20559,2025-03-23 20:09:00,tea,situation,15,0,0
4100,20591,2025-12-29 16:31:00,tea,suggest,28,0,0
4101,20595,2025-02-03 14:59:00,non-coffee,suggest,14,0,0
4102,20603,2025-07-12 13:44:00,tea,situation,16,0,0
4103,20603,2025-07-12 13:44:00,latte,suggest,4,1,0
4104,20606,2025-12-29 19:17:00,latte,situation,23,1,1
4105,20606,2025-12-29 19:17:00,ade,suggest,24,1,1
4106,20612,2025-09-08 17:56:00,non-coffee,situation,14,1,1
4107,20612,2025-09-08 17:56:00,tea,situation,29,0,0
4108,20613,2025-02-14 11:50:00,latte,situation,10,0,0
4109,20617,2025-07-06 17:24:00,frappe,situation,12,1,0
4110,20617,2025-07-06 17:24:00,frappe,situation,26,1,1
4111,20622,2025-02-14 09:51:00,tea,situation,31,1,0
4112,20629,2025-06-05 12:10:00,frappe,situation,26,1,1
4113,20629,2025-06-05 12:10:00,coldbrew,situation,8,0,0
4114,20631,2025-03-15 17:58:00,tea,suggest,27,1,1
4115,20631,2025-03-15 17:58:00,tea,situation,28,1,0
4116,20641,2025-09-06 20:58:00,latte,suggest,11,0,0
4117,20653,2025-10-15 09:41:00,espresso,situation,1,1,1
4118,20667,2025-01-17 15:25:00,ade,suggest,19,0,0
4119,20669,2025-10-14 08:03:00,ade,suggest,24,1,1
4120,20670,2025-04-19 12:22:00,ade,situation,24,0,0
4121,20678,2025-12-14 16:37:00,smoothie,suggest,21,1,1
4122,20692,2025-12-10 16:44:00,americano,situation,2,1,0
4123,20692,2025-12-10 16:44:00,latte,situation,23,1,0
4124,20693,2025-12-03 14:56:00,coldbrew,situation,7,1,0
4125,20693,2025-12-03 14:56:00,tea,suggest,29,0,0
4126,20698,2025-11-14 09:50:00,smoothie,situation,21,0,0
4127,20698,2025-11-14 09:50:00,frappe,situation,12,1,1
4128,20704,2025-01-21 13:20:00,coldbrew,situation,8,0,0
4129,20706,2025-09-10 18:36:00,latte,suggest,11,0,0
4130,20708,2025-05-02 14:01:00,latte,situation,10,0,0
4131,20708,2025-05-02 14:01:00,frappe,situation,12,1,0
4132,20710,2025-04-27 15:52:00,smoothie,situation,20,1,1
4133,20739,2025-05-28 17:40:00,latte,situation,11,1,1
4134,20739,2025-05-28 17:40:00,tea,situation,29,1,0
4135,20747,2025-04-26 11:46:00,americano,situation,3,1,0
4136,20760,2025-05-06 17:47:00,juice,suggest,22,1,0
4137,20760,2025-05-06 17:47:00,drip,situation,9,1,0
4138,20762,2025-10-26 11:00:00,coldbrew,situation,7,1,0
4139,20766,2025-07-01 13:28:00,coldbrew,situation,7,1,1
4140,20766,2025-07-01 13:28:00,tea,situation,17,1,0
4141,20767,2025-10-18 11:17:00,smoothie,situation,21,0,0
4142,20793,2025-11-09 13:46:00,latte,suggest,5,1,0
4143,20797,2025-05-05 17:24:00,ade,situation,24,0,0
4144,20803,2025-06-04 07:31:00,juice,situation,22,0,0
4145,20811,2025-02-18 17:26:00,latte,situation,23,0,0
4146,20811,2025-02-18 17:26:00,frappe,situation,26,0,0
4147,20822,2025-03-19 08:44:00,espresso,situation,1,1,1
4148,20822,2025-03-19 08:44:00,tea,situation,15,0,0
4149,20824,2025-02-05 13:44:00,non-coffee,suggest,14,0,0
4150,20824,2025-02-05 13:44:00,tea,situation,15,1,0
4151,20825,2025-08-07 16:00:00,frappe,situation,12,1,0
4152,20836,2025-05-05 13:53:00,frappe,suggest,26,1,1
4153,20847,2025-02-07 09:23:00,coldbrew,situation,7,0,0
4154,20850,2025-05-07 15:16:00,smoothie,situation,21,1,1
4155,20850,2025-05-07 15:16:00,coldbrew,situation,8,1,1
4156,20859,2025-01-27 11:47:00,tea,situation,30,1,1
4157,20861,2025-05-05 16:27:00,tea,situation,28,1,1
4158,20862,2025-06-24 18:28:00,frappe,situation,13,1,1
4159,20864,2025-03-18 18:22:00,smoothie,situation,32,0,0
4160,20870,2025-08-26 17:13:00,drip,situation,9,1,1
4161,20871,2025-08-12 17:59:00,ade,suggest,18,0,0
4162,20883,2025-10-02 12:05:00,ade,situation,19,1,1
4163,20883,2025-10-02 12:05:00,tea,suggest,16,0,0
4164,20885,2025-10-07 18:11:00,tea,situation,29,0,0
4165,20885,2025-10-07 18:11:00,americano,situation,3,1,1
4166,20887,2025-04-03 19:04:00,tea,situation,27,1,1
4167,20889,2025-08-20 17:41:00,frappe,situation,25,1,0
4168,20899,2025-07-23 12:51:00,coldbrew,suggest,8,1,1
4169,20908,2025-05-15 08:09:00,americano,situation,2,0,0
4170,20922,2025-07-16 17:19:00,ade,situation,19,0,0
4171,20923,2025-11-19 15:42:00,latte,situation,23,0,0
4172,20928,2025-06-26 11:22:00,latte,suggest,23,0,0
4173,20936,2025-04-11 07:53:00,juice,situation,22,1,0
4174,20936,2025-04-11 07:53:00,tea,situation,30,0,0
4175,20938,2025-04-09 09:10:00,americano,situation,2,0,0
4176,20938,2025-04-09 09:10:00,frappe,situation,25,1,0
4177,20944,2025-02-16 11:58:00,frappe,situation,25,0,0
4178,20947,2025-11-18 13:21:00,tea,situation,30,1,1
4179,20952,2025-06-05 13:19:00,smoothie,situation,32,1,1
4180,20952,2025-06-05 13:19:00,tea,situation,28,1,1
4181,20960,2025-06-02 11:18:00,espresso,situation,1,0,0
4182,20978,2025-07-09 19:30:00,tea,situation,15,1,1
4183,20978,2025-07-09 19:30:00,latte,situation,11,0,0
4184,20989,2025-01-17 08:04:00,juice,situation,22,1,0
4185,21011,2025-01-06 19:47:00,non-coffee,situation,14,1,0
4186,21014,2025-05-28 18:58:00,ade,suggest,24,1,0
4187,21015,2025-05-22 11:27:00,latte,situation,11,1,1
4188,21021,2025-04-21 22:27:00,drip,situation,9,1,1
4189,21021,2025-04-21 22:27:00,tea,situation,29,0,0
4190,21026,2025-04-20 17:04:00,frappe,situation,25,1,1
4191,21029,2025-10-18 08:53:00,coldbrew,situation,7,0,0
4192,21033,2025-10-07 18:08:00,tea,situation,28,1,1
4193,21037,2025-07-01 11:46:00,tea,suggest,17,1,1
4194,21037,2025-07-01 11:46:00,non-coffee,suggest,14,1,1
4195,21047,2025-12-14 15:01:00,cappuccino,situation,6,0,0
4196,21051,2025-03-24 16:52:00,ade,suggest,18,1,0
4197,21067,2025-08-20 12:59:00,smoothie,situation,20,1,1
4198,21069,2025-10-20 09:32:00,tea,situation,17,1,1
4199,21069,2025-10-20 09:32:00,tea,situation,27,1,0
4200,21082,2025-12-30 08:23:00,drip,situation,9,0,0
4201,21082,2025-12-30 08:23:00,latte,situation,10,1,1
4202,21088,2025-01-06 19:23:00,ade,situation,24,1,1
4203,21096,2025-11-06 07:52:00,tea,situation,27,1,0
4204,21096,2025-11-06 07:52:00,coldbrew,situation,7,1,0
4205,21103,2025-12-04 21:22:00,smoothie,situation,32,0,0
4206,21104,2025-10-26 12:43:00,espresso,situation,1,0,0
4207,21105,2025-11-12 09:53:00,espresso,situation,1,1,1
4208,21105,2025-11-12 09:53:00,ade,situation,18,1,1
4209,21109,2025-01-16 17:10:00,smoothie,situation,21,1,1
4210,21109,2025-01-16 17:10:00,smoothie,situation,21,0,0
4211,21110,2025-05-24 17:53:00,tea,situation,30,0,0
4212,21110,2025-05-24 17:53:00,frappe,situation,13,1,1
4213,21116,2025-12-30 16:15:00,tea,situation,27,0,0
4214,21122,2025-12-31 09:34:00,tea,situation,31,1,1
4215,21128,2025-08-04 13:59:00,ade,suggest,24,1,1
4216,21132,2025-08-11 13:46:00,frappe,situation,26,0,0
4217,21142,2025-05-15 20:51:00,espresso,suggest,1,0,0
4218,21151,2025-01-16 18:36:00,tea,situation,17,0,0
4219,21163,2025-08-20 13:35:00,americano,situation,3,1,0
4220,21165,2025-11-04 13:54:00,smoothie,situation,20,1,0
4221,21165,2025-11-04 13:54:00,coldbrew,situation,8,1,1
4222,21168,2025-08-15 20:15:00,smoothie,situation,32,1,1
4223,21181,2025-06-27 13:45:00,frappe,situation,26,0,0
4224,21182,2025-02-05 22:55:00,tea,situation,27,0,0
4225,21191,2025-04-10 13:12:00,smoothie,suggest,20,1,0
4226,21193,2025-01-22 17:26:00,tea,suggest,30,1,1
4227,21193,2025-01-22 17:26:00,tea,situation,29,1,1
4228,21196,2025-01-07 15:01:00,latte,situation,23,1,0
4229,21199,2025-11-06 13:15:00,americano,situation,2,0,0
4230,21199,2025-11-06 13:15:00,latte,situation,11,0,0
4231,21200,2025-10-14 21:08:00,juice,situation,22,1,1
4232,21207,2025-03-22 13:54:00,ade,situation,19,0,0
4233,21207,2025-03-22 13:54:00,americano,situation,3,1,1
4234,21219,2025-07-03 18:32:00,latte,situation,23,0,0
4235,21219,2025-07-03 18:32:00,tea,situation,31,0,0
4236,21227,2025-04-02 19:23:00,frappe,situation,13,1,0
4237,21234,2025-02-23 11:09:00,drip,situation,9,1,1
4238,21238,2025-03-26 11:01:00,americano,suggest,3,1,1
4239,21238,2025-03-26 11:01:00,ade,suggest,18,0,0
4240,21240,2025-08-25 15:05:00,tea,suggest,16,0,0
4241,21240,2025-08-25 15:05:00,tea,situation,17,1,1
4242,21245,2025-04-13 13:37:00,tea,situation,29,1,1
4243,21245,2025-04-13 13:37:00,latte,situation,23,1,0
4244,21249,2025-12-09 08:34:00,latte,situation,23,0,0
4245,21249,2025-12-09 08:34:00,latte,situation,10,1,0
4246,21251,2025-11-13 12:10:00,tea,suggest,28,0,0
4247,21251,2025-11-13 12:10:00,smoothie,situation,20,1,1
4248,21254,2025-12-10 21:42:00,tea,situation,27,0,0
4249,21258,2025-10-05 13:08:00,frappe,situation,13,1,1
4250,21258,2025-10-05 13:08:00,latte,situation,10,1,0
4251,21265,2025-06-08 09:31:00,latte,suggest,11,0,0
4252,21269,2025-12-23 14:21:00,frappe,suggest,26,0,0
4253,21269,2025-12-23 14:21:00,tea,suggest,29,0,0
4254,21278,2025-02-20 09:39:00,coldbrew,situation,7,0,0
4255,21278,2025-02-20 09:39:00,tea,suggest,16,1,0
4256,21284,2025-02-04 12:32:00,tea,situation,28,0,0
4257,21290,2025-05-11 14:18:00,tea,suggest,31,0,0
4258,21290,2025-05-11 14:18:00,latte,situation,5,0,0
4259,21294,2025-09-10 18:11:00,cappuccino,situation,6,1,1
4260,21298,2025-08-30 16:02:00,tea,suggest,16,0,0
4261,21301,2025-02-01 15:42:00,coldbrew,suggest,7,1,1
4262,21302,2025-06-25 13:08:00,americano,situation,3,0,0
4263,21315,2025-12-06 15:13:00,smoothie,suggest,21,1,1
4264,21322,2025-10-03 07:32:00,latte,situation,10,1,0
4265,21322,2025-10-03 07:32:00,tea,situation,15,0,0
4266,21329,2025-07-13 18:50:00,latte,suggest,23,1,0
4267,21333,2025-11-23 15:20:00,espresso,situation,1,0,0
4268,21333,2025-11-23 15:20:00,frappe,situation,13,1,1
4269,21338,2025-10-12 11:04:00,juice,situation,22,0,0
4270,21338,2025-10-12 11:04:00,ade,situation,24,0,0
4271,21340,2025-07-11 07:23:00,tea,situation,17,1,0
4272,21345,2025-12-09 17:26:00,non-coffee,suggest,14,1,0
4273,21359,2025-02-09 15:25:00,tea,situation,27,0,0
4274,21359,2025-02-09 15:25:00,ade,situation,18,0,0
4275,21367,2025-08-06 15:03:00,latte,suggest,10,1,0
4276,21368,2025-06-11 07:36:00,americano,suggest,3,0,0
4277,21368,2025-06-11 07:36:00,latte,situation,4,1,1
4278,21374,2025-06-27 11:07:00,drip,situation,9,0,0
4279,21374,2025-06-27 11:07:00,latte,suggest,10,1,0
4280,21382,2025-06-27 12:12:00,americano,suggest,3,1,1
4281,21401,2025-06-17 12:43:00,espresso,suggest,1,1,0
4282,21401,2025-06-17 12:43:00,latte,situation,4,0,0
4283,21403,2025-08-02 18:29:00,frappe,situation,12,0,0
4284,21404,2025-04-27 15:55:00,latte,situation,11,1,0
4285,21404,2025-04-27 15:55:00,smoothie,situation,21,1,0
4286,21414,2025-05-22 14:22:00,espresso,suggest,1,0,0
4287,21420,2025-07-23 12:45:00,tea,suggest,31,0,0
4288,21425,2025-09-18 08:36:00,coldbrew,situation,7,1,1
4289,21425,2025-09-18 08:36:00,latte,situation,10,0,0
4290,21427,2025-02-28 22:38:00,tea,situation,17,1,0
4291,21439,2025-12-05 07:20:00,espresso,situation,1,1,0
4292,21454,2025-10-25 11:21:00,latte,situation,4,0,0
4293,21459,2025-01-05 17:39:00,non-coffee,suggest,14,0,0
4294,21460,2025-08-12 08:18:00,ade,situation,18,1,0
4295,21467,2025-11-08 18:03:00,latte,suggest,5,1,1
4296,21474,2025-10-24 16:06:00,frappe,situation,26,1,1
4297,21475,2025-05-26 09:41:00,latte,situation,4,0,0
4298,21494,2025-10-10 14:42:00,latte,situation,4,1,0
4299,21495,2025-03-20 17:15:00,tea,suggest,28,0,0
4300,21496,2025-07-06 20:03:00,frappe,situation,26,0,0
4301,21504,2025-03-30 16:46:00,tea,situation,27,1,1
4302,21504,2025-03-30 16:46:00,tea,situation,27,0,0
4303,21528,2025-08-18 11:20:00,latte,situation,11,0,0
4304,21528,2025-08-18 11:20:00,coldbrew,situation,8,0,0
4305,21529,2025-11-01 16:31:00,americano,situation,2,0,0
4306,21545,2025-05-06 07:59:00,coldbrew,suggest,8,0,0
4307,21545,2025-05-06 07:59:00,frappe,situation,25,1,0
4308,21547,2025-02-27 12:47:00,frappe,suggest,26,0,0
4309,21550,2025-06-22 22:33:00,tea,situation,30,1,1
4310,21550,2025-06-22 22:33:00,tea,situation,28,0,0
4311,21558,2025-01-18 15:28:00,frappe,situation,12,0,0
4312,21559,2025-08-25 15:47:00,ade,situation,19,0,0
4313,21559,2025-08-25 15:47:00,ade,situation,19,1,1
4314,21567,2025-01-17 15:06:00,frappe,suggest,26,0,0
4315,21570,2025-09-19 12:40:00,smoothie,situation,21,1,0
4316,21572,2025-06-16 12:04:00,latte,situation,11,1,1
4317,21572,2025-06-16 12:04:00,tea,situation,16,0,0
4318,21573,2025-01-12 15:18:00,non-coffee,situation,14,1,1
4319,21577,2025-03-24 13:15:00,tea,situation,29,1,1
4320,21581,2025-11-03 16:37:00,tea,situation,30,1,1
4321,21581,2025-11-03 16:37:00,frappe,suggest,25,1,0
4322,21582,2025-09-01 14:59:00,latte,situation,11,1,1
4323,21582,2025-09-01 14:59:00,non-coffee,situation,14,0,0
4324,21584,2025-10-03 09:43:00,americano,suggest,3,1,0
4325,21584,2025-10-03 09:43:00,latte,situation,11,1,1
4326,21596,2025-10-19 12:13:00,americano,suggest,3,1,0
4327,21599,2025-03-29 13:08:00,latte,situation,5,0,0
4328,21599,2025-03-29 13:08:00,smoothie,situation,20,0,0
4329,21617,2025-01-31 09:59:00,coldbrew,situation,7,0,0
4330,21619,2025-03-05 08:58:00,tea,situation,31,1,1
4331,21629,2025-08-05 09:27:00,smoothie,situation,21,1,1
4332,21635,2025-03-18 17:37:00,tea,situation,31,0,0
4333,21639,2025-07-23 16:43:00,juice,suggest,22,0,0
4334,21645,2025-10-15 16:59:00,coldbrew,situation,7,1,1
4335,21647,2025-10-04 09:28:00,latte,suggest,5,1,0
4336,21647,2025-10-04 09:28:00,frappe,situation,13,1,1
4337,21659,2025-04-10 17:26:00,cappuccino,suggest,6,0,0
4338,21659,2025-04-10 17:26:00,ade,situation,24,1,0
4339,21662,2025-03-31 09:58:00,espresso,situation,1,0,0
4340,21672,2025-01-24 22:01:00,tea,situation,17,1,1
4341,21674,2025-02-15 21:18:00,latte,situation,5,0,0
4342,21677,2025-10-21 16:23:00,ade,suggest,24,1,0
4343,21679,2025-12-05 08:37:00,non-coffee,situation,14,1,1
4344,21681,2025-02-26 15:41:00,non-coffee,situation,14,1,1
4345,21681,2025-02-26 15:41:00,ade,suggest,19,0,0
4346,21695,2025-01-15 11:31:00,espresso,situation,1,1,0
4347,21700,2025-01-28 07:53:00,coldbrew,suggest,8,0,0
4348,21704,2025-07-01 16:21:00,coldbrew,suggest,7,1,0
4349,21704,2025-07-01 16:21:00,cappuccino,situation,6,1,0
4350,21710,2025-08-04 13:21:00,latte,situation,4,0,0
4351,21714,2025-11-13 09:42:00,latte,situation,11,1,1
4352,21729,2025-09-27 12:07:00,latte,situation,23,1,1
4353,21733,2025-09-14 14:56:00,smoothie,situation,21,0,0
4354,21734,2025-07-23 11:31:00,latte,situation,11,0,0
4355,21734,2025-07-23 11:31:00,non-coffee,situation,14,1,0
4356,21745,2025-12-31 12:07:00,latte,situation,11,0,0
4357,21752,2025-12-24 13:36:00,drip,suggest,9,1,1
4358,21753,2025-04-26 08:36:00,tea,situation,28,1,0
4359,21756,2025-02-26 09:53:00,frappe,situation,13,0,0
4360,21773,2025-04-20 09:20:00,coldbrew,situation,7,1,1
4361,21773,2025-04-20 09:20:00,coldbrew,situation,8,1,0
4362,21775,2025-12-10 08:47:00,ade,suggest,19,1,0
4363,21779,2025-12-13 08:48:00,americano,situation,3,1,1
4364,21783,2025-09-28 12:55:00,frappe,situation,25,1,0
4365,21792,2025-02-03 07:45:00,cappuccino,situation,6,1,0
4366,21799,2025-03-27 12:27:00,ade,situation,24,1,1
4367,21800,2025-12-12 09:43:00,americano,suggest,2,0,0
4368,21808,2025-02-23 13:32:00,tea,situation,31,0,0
4369,21808,2025-02-23 13:32:00,coldbrew,suggest,7,1,1
4370,21811,2025-09-13 07:08:00,tea,suggest,30,1,1
4371,21814,2025-11-27 15:23:00,latte,suggest,11,1,0
4372,21818,2025-07-23 19:55:00,americano,suggest,3,1,1
4373,21828,2025-08-29 12:30:00,americano,situation,2,1,1
4374,21831,2025-12-10 15:51:00,ade,situation,19,1,1
4375,21836,2025-12-14 09:43:00,ade,suggest,18,1,0
4376,21836,2025-12-14 09:43:00,smoothie,situation,21,0,0
4377,21846,2025-07-30 16:14:00,frappe,suggest,12,1,0
4378,21861,2025-05-03 12:10:00,latte,situation,5,1,0
4379,21873,2025-07-31 22:45:00,smoothie,situation,21,1,1
4380,21873,2025-07-31 22:45:00,ade,situation,19,0,0
4381,21874,2025-10-29 12:32:00,tea,suggest,31,1,1
4382,21877,2025-08-28 12:24:00,frappe,situation,25,1,0
4383,21894,2025-10-01 12:28:00,frappe,situation,25,1,0
4384,21908,2025-11-02 08:40:00,ade,situation,18,0,0
4385,21909,2025-09-20 09:07:00,cappuccino,suggest,6,0,0
4386,21909,2025-09-20 09:07:00,americano,situation,3,1,1
4387,21910,2025-05-26 16:34:00,frappe,situation,13,0,0
4388,21911,2025-03-08 09:47:00,tea,suggest,28,0,0
4389,21911,2025-03-08 09:47:00,tea,suggest,27,0,0
4390,21913,2025-02-02 08:09:00,tea,suggest,28,1,0
4391,21922,2025-08-14 19:30:00,smoothie,situation,32,0,0
4392,21931,2025-02-20 14:02:00,espresso,situation,1,1,1
4393,21938,2025-05-04 18:36:00,coldbrew,situation,7,1,1
4394,21944,2025-05-19 13:24:00,latte,suggest,4,0,0
4395,21944,2025-05-19 13:24:00,latte,suggest,23,0,0
4396,21960,2025-08-15 09:53:00,americano,situation,2,0,0
4397,21960,2025-08-15 09:53:00,latte,suggest,4,1,0
4398,21967,2025-10-26 16:38:00,tea,situation,28,1,1
4399,21967,2025-10-26 16:38:00,americano,situation,3,0,0
4400,21973,2025-05-21 18:18:00,tea,situation,28,0,0
4401,21973,2025-05-21 18:18:00,non-coffee,situation,14,1,0
4402,21979,2025-07-08 14:58:00,americano,situation,3,1,1
4403,21981,2025-06-25 12:35:00,tea,suggest,17,0,0
4404,21987,2025-02-03 14:33:00,tea,situation,31,1,1
4405,21991,2025-05-27 14:28:00,coldbrew,situation,7,1,0
4406,21997,2025-05-26 08:09:00,americano,situation,3,1,1
4407,22000,2025-04-29 15:38:00,tea,suggest,17,1,1
4408,22000,2025-04-29 15:38:00,espresso,situation,1,1,0
4409,22003,2025-09-13 14:47:00,latte,situation,23,1,1
4410,22008,2025-05-25 16:02:00,tea,suggest,16,1,0
4411,22008,2025-05-25 16:02:00,frappe,suggest,13,1,1
4412,22009,2025-09-24 14:33:00,latte,suggest,23,1,1
4413,22009,2025-09-24 14:33:00,frappe,situation,25,0,0
4414,22044,2025-02-23 09:36:00,americano,suggest,2,1,0
4415,22051,2025-12-23 17:55:00,ade,suggest,19,0,0
4416,22053,2025-04-25 07:53:00,latte,situation,5,0,0
4417,22069,2025-07-17 15:11:00,smoothie,situation,20,1,0
4418,22073,2025-08-13 12:24:00,tea,situation,27,1,0
4419,22077,2025-10-22 13:44:00,juice,situation,22,1,0
4420,22077,2025-10-22 13:44:00,tea,situation,15,0,0
4421,22081,2025-08-09 13:26:00,americano,suggest,3,1,0
4422,22093,2025-03-26 14:27:00,tea,situation,28,0,0
4423,22101,2025-01-14 07:35:00,drip,situation,9,1,0
4424,22105,2025-10-22 12:40:00,americano,situation,3,1,1
4425,22107,2025-01-24 13:05:00,tea,suggest,30,1,0
4426,22107,2025-01-24 13:05:00,smoothie,suggest,20,1,1
4427,22108,2025-09-04 07:22:00,latte,situation,10,0,0
4428,22108,2025-09-04 07:22:00,americano,situation,3,1,0
4429,22116,2025-05-11 12:00:00,tea,suggest,27,1,0
4430,22117,2025-01-31 13:07:00,americano,situation,3,1,0
4431,22138,2025-04-03 12:25:00,ade,suggest,24,0,0
4432,22142,2025-03-21 18:09:00,ade,situation,18,0,0
4433,22142,2025-03-21 18:09:00,tea,situation,28,0,0
4434,22155,2025-04-23 16:49:00,coldbrew,situation,7,0,0
4435,22161,2025-07-12 09:45:00,latte,situation,10,0,0
4436,22181,2025-08-28 17:36:00,tea,situation,28,0,0
4437,22182,2025-12-24 11:33:00,frappe,situation,13,1,1
4438,22183,2025-05-27 16:14:00,frappe,suggest,13,0,0
4439,22185,2025-10-14 13:45:00,drip,situation,9,0,0
4440,22185,2025-10-14 13:45:00,smoothie,suggest,21,0,0
4441,22189,2025-07-17 07:00:00,latte,situation,5,1,1
4442,22192,2025-01-30 17:47:00,latte,situation,4,0,0
4443,22192,2025-01-30 17:47:00,tea,situation,29,1,0
4444,22193,2025-08-23 17:28:00,juice,situation,22,1,1
4445,22196,2025-08-11 07:27:00,americano,suggest,2,0,0
4446,22197,2025-07-12 16:05:00,tea,situation,15,1,1
4447,22225,2025-11-29 18:48:00,latte,situation,11,1,0
4448,22230,2025-05-07 14:45:00,ade,suggest,24,1,0
4449,22230,2025-05-07 14:45:00,cappuccino,situation,6,1,1
4450,22236,2025-06-07 16:08:00,juice,situation,22,0,0
4451,22244,2025-02-01 19:04:00,tea,situation,29,1,1
4452,22244,2025-02-01 19:04:00,frappe,situation,13,0,0
4453,22247,2025-10-28 16:49:00,tea,situation,31,1,0
4454,22248,2025-08-13 14:55:00,ade,situation,19,0,0
4455,22258,2025-06-02 14:25:00,tea,situation,27,1,1
4456,22278,2025-11-14 13:38:00,frappe,situation,26,1,1
4457,22288,2025-02-26 12:12:00,coldbrew,suggest,8,0,0
4458,22288,2025-02-26 12:12:00,ade,suggest,24,0,0
4459,22302,2025-07-23 19:23:00,americano,situation,3,0,0
4460,22308,2025-03-19 17:14:00,smoothie,situation,20,1,0
4461,22308,2025-03-19 17:14:00,ade,situation,18,1,1
4462,22310,2025-01-07 08:31:00,tea,suggest,29,0,0
4463,22311,2025-08-05 15:44:00,tea,suggest,15,1,0
4464,22311,2025-08-05 15:44:00,espresso,situation,1,0,0
4465,22314,2025-07-08 15:44:00,coldbrew,situation,7,1,1
4466,22326,2025-09-13 07:03:00,juice,suggest,22,1,1
4467,22328,2025-06-16 16:52:00,ade,situation,18,0,0
4468,22336,2025-10-18 11:47:00,cappuccino,situation,6,1,1
4469,22345,2025-04-23 09:29:00,espresso,suggest,1,1,0
4470,22368,2025-11-17 19:04:00,drip,suggest,9,1,1
4471,22378,2025-08-23 16:12:00,latte,situation,4,1,0
4472,22379,2025-01-22 18:16:00,tea,situation,30,0,0
4473,22383,2025-10-14 08:48:00,tea,suggest,17,1,1
4474,22383,2025-10-14 08:48:00,latte,situation,11,0,0
4475,22407,2025-09-08 16:49:00,tea,suggest,16,1,1
4476,22407,2025-09-08 16:49:00,frappe,situation,12,1,1
4477,22423,2025-10-14 17:08:00,latte,situation,23,1,1
4478,22427,2025-01-01 09:39:00,tea,suggest,28,1,1
4479,22455,2025-06-02 13:18:00,latte,situation,4,1,0
4480,22457,2025-06-18 08:53:00,latte,situation,23,1,0
4481,22461,2025-03-12 12:59:00,tea,situation,28,1,1
4482,22461,2025-03-12 12:59:00,drip,situation,9,1,1
4483,22476,2025-01-11 17:05:00,frappe,situation,25,1,0
4484,22493,2025-08-26 16:36:00,ade,situation,19,0,0
4485,22494,2025-03-29 16:54:00,tea,situation,28,0,0
4486,22507,2025-12-13 14:24:00,ade,situation,24,0,0
4487,22517,2025-02-03 15:34:00,juice,situation,22,1,1
4488,22520,2025-10-21 13:18:00,coldbrew,situation,7,1,1
4489,22535,2025-09-06 08:24:00,americano,situation,3,1,0
4490,22546,2025-08-23 12:12:00,tea,situation,17,1,0
4491,22553,2025-07-27 09:39:00,smoothie,situation,21,0,0
4492,22563,2025-08-03 09:45:00,smoothie,situation,20,1,0
4493,22563,2025-08-03 09:45:00,americano,situation,3,1,0
4494,22570,2025-11-22 19:42:00,tea,situation,31,0,0
4495,22570,2025-11-22 19:42:00,drip,situation,9,1,1
4496,22574,2025-11-28 14:34:00,smoothie,suggest,32,1,1
4497,22574,2025-11-28 14:34:00,ade,situation,24,1,1
4498,22581,2025-07-12 11:24:00,smoothie,situation,20,1,1
4499,22582,2025-12-31 11:52:00,drip,situation,9,0,0
4500,22582,2025-12-31 11:52:00,frappe,situation,13,0,0
4501,22586,2025-08-26 20:19:00,tea,situation,29,0,0
4502,22597,2025-05-17 11:32:00,non-coffee,situation,14,0,0
4503,22597,2025-05-17 11:32:00,drip,situation,9,1,1
4504,22598,2025-08-01 14:56:00,frappe,situation,13,1,0
4505,22598,2025-08-01 14:56:00,smoothie,suggest,21,0,0
4506,22615,2025-03-07 08:33:00,juice,situation,22,1,0
4507,22622,2025-07-12 16:05:00,smoothie,suggest,21,0,0
4508,22623,2025-07-31 15:44:00,frappe,situation,25,1,0
4509,22628,2025-10-17 14:47:00,drip,situation,9,1,1
4510,22631,2025-02-14 18:46:00,cappuccino,situation,6,1,1
4511,22631,2025-02-14 18:46:00,latte,situation,10,1,1
4512,22640,2025-10-30 08:07:00,tea,suggest,30,1,0
4513,22650,2025-09-17 16:53:00,latte,suggest,10,1,0
4514,22654,2025-11-26 11:35:00,juice,situation,22,0,0
4515,22654,2025-11-26 11:35:00,smoothie,situation,32,1,1
4516,22655,2025-05-28 13:32:00,tea,situation,29,0,0
4517,22655,2025-05-28 13:32:00,espresso,suggest,1,1,0
4518,22661,2025-04-21 14:43:00,tea,situation,28,1,0
4519,22663,2025-01-18 09:18:00,ade,situation,19,0,0
4520,22669,2025-06-08 08:47:00,latte,situation,5,0,0
4521,22669,2025-06-08 08:47:00,latte,situation,10,1,1
4522,22674,2025-03-25 17:47:00,non-coffee,suggest,14,1,0
4523,22679,2025-06-10 16:32:00,smoothie,situation,20,1,1
4524,22680,2025-01-14 12:20:00,latte,suggest,5,0,0
4525,22684,2025-08-13 09:53:00,tea,situation,31,1,0
4526,22684,2025-08-13 09:53:00,non-coffee,situation,14,1,1
4527,22685,2025-08-02 18:29:00,tea,situation,28,1,0
4528,22685,2025-08-02 18:29:00,tea,situation,17,0,0
4529,22688,2025-04-03 16:56:00,tea,situation,17,0,0
4530,22693,2025-09-01 18:18:00,smoothie,situation,21,0,0
4531,22700,2025-05-01 15:53:00,tea,situation,28,0,0
4532,22701,2025-06-22 16:05:00,frappe,situation,12,1,0
4533,22704,2025-01-12 12:02:00,tea,situation,27,1,1
4534,22705,2025-08-02 16:31:00,coldbrew,situation,7,1,0
4535,22710,2025-08-25 17:00:00,ade,suggest,19,1,1
4536,22710,2025-08-25 17:00:00,tea,situation,28,0,0
4537,22722,2025-07-06 08:18:00,smoothie,suggest,21,0,0
4538,22723,2025-09-03 11:06:00,latte,situation,10,1,0
4539,22725,2025-03-12 12:48:00,latte,situation,5,1,1
4540,22725,2025-03-12 12:48:00,smoothie,situation,20,1,1
4541,22726,2025-07-02 09:19:00,americano,suggest,3,1,1
4542,22726,2025-07-02 09:19:00,americano,suggest,3,0,0
4543,22729,2025-05-04 09:44:00,americano,situation,2,1,0
4544,22738,2025-02-20 15:21:00,ade,suggest,18,0,0
4545,22744,2025-09-10 15:36:00,coldbrew,situation,8,1,1
4546,22750,2025-04-22 09:27:00,ade,situation,18,0,0
4547,22765,2025-05-22 09:43:00,latte,suggest,23,1,0
4548,22776,2025-02-15 18:31:00,tea,situation,29,1,0
4549,22777,2025-06-15 13:51:00,coldbrew,situation,7,1,1
4550,22781,2025-06-25 12:29:00,coldbrew,suggest,8,1,1
4551,22786,2025-01-04 12:16:00,non-coffee,suggest,14,0,0
4552,22786,2025-01-04 12:16:00,smoothie,situation,20,1,0
4553,22797,2025-08-15 15:03:00,tea,situation,16,1,1
4554,22800,2025-09-22 15:27:00,latte,suggest,23,0,0
4555,22800,2025-09-22 15:27:00,latte,suggest,23,0,0
4556,22809,2025-04-10 18:50:00,smoothie,situation,21,0,0
4557,22811,2025-01-21 13:23:00,espresso,suggest,1,1,0
4558,22811,2025-01-21 13:23:00,tea,situation,17,1,1
4559,22812,2025-06-10 13:55:00,ade,situation,24,1,1
4560,22812,2025-06-10 13:55:00,ade,situation,19,0,0
4561,22823,2025-04-10 16:23:00,latte,situation,5,1,0
4562,22824,2025-12-01 09:30:00,frappe,suggest,25,0,0
4563,22842,2025-03-20 08:24:00,americano,situation,3,1,1
4564,22854,2025-09-19 08:08:00,ade,situation,19,0,0
4565,22854,2025-09-19 08:08:00,cappuccino,suggest,6,0,0
4566,22864,2025-06-28 16:05:00,frappe,situation,13,0,0
4567,22893,2025-08-13 16:43:00,frappe,situation,12,1,1
4568,22900,2025-02-17 15:58:00,tea,situation,27,0,0
4569,22940,2025-12-12 18:58:00,latte,situation,10,1,1
4570,22942,2025-12-30 16:35:00,juice,situation,22,0,0
4571,22942,2025-12-30 16:35:00,latte,situation,23,1,0
4572,22950,2025-01-12 07:49:00,tea,situation,17,0,0
4573,22950,2025-01-12 07:49:00,latte,situation,5,0,0
4574,22954,2025-11-18 07:39:00,tea,situation,28,0,0
4575,22978,2025-11-30 12:45:00,frappe,situation,26,1,0
4576,22979,2025-01-19 14:00:00,smoothie,situation,20,1,1
4577,22980,2025-12-04 20:03:00,frappe,situation,25,0,0
4578,22980,2025-12-04 20:03:00,americano,situation,2,1,1
4579,22981,2025-12-14 15:29:00,tea,situation,28,1,1
4580,22994,2025-01-16 18:51:00,ade,suggest,18,0,0
4581,22994,2025-01-16 18:51:00,tea,suggest,30,0,0
4582,23006,2025-01-05 09:07:00,frappe,suggest,13,1,1
4583,23006,2025-01-05 09:07:00,ade,situation,19,1,1
4584,23008,2025-02-01 18:03:00,frappe,situation,25,0,0
4585,23008,2025-02-01 18:03:00,tea,situation,27,1,0
4586,23013,2025-02-09 09:23:00,latte,situation,5,1,0
4587,23017,2025-06-03 19:35:00,juice,situation,22,0,0
4588,23024,2025-07-09 08:26:00,espresso,situation,1,1,0
4589,23025,2025-03-28 17:53:00,tea,suggest,31,1,0
4590,23032,2025-01-01 09:14:00,tea,situation,16,1,1
4591,23037,2025-01-12 20:45:00,tea,situation,17,1,1
4592,23043,2025-05-15 16:07:00,latte,situation,10,0,0
4593,23048,2025-01-29 07:59:00,espresso,situation,1,1,0
4594,23060,2025-09-25 09:30:00,americano,situation,3,1,0
4595,23063,2025-11-29 19:24:00,latte,suggest,4,1,1
4596,23064,2025-05-22 14:17:00,juice,suggest,22,0,0
4597,23077,2025-02-25 21:43:00,tea,situation,27,1,0
4598,23079,2025-09-12 14:21:00,non-coffee,situation,14,1,1
4599,23088,2025-11-19 09:30:00,frappe,situation,13,0,0
4600,23088,2025-11-19 09:30:00,tea,situation,29,1,0
4601,23095,2025-04-18 12:39:00,coldbrew,situation,8,1,0
4602,23100,2025-09-26 13:51:00,americano,situation,3,0,0
4603,23119,2025-08-05 16:28:00,espresso,suggest,1,1,1
4604,23119,2025-08-05 16:28:00,ade,situation,24,0,0
4605,23125,2025-10-13 07:08:00,frappe,suggest,12,0,0
4606,23128,2025-03-15 07:52:00,ade,situation,18,1,1
4607,23135,2025-11-06 07:33:00,tea,suggest,16,0,0
4608,23135,2025-11-06 07:33:00,ade,suggest,24,0,0
4609,23145,2025-06-07 09:27:00,tea,situation,28,0,0
4610,23145,2025-06-07 09:27:00,latte,situation,10,1,0
4611,23146,2025-07-16 18:18:00,tea,suggest,28,0,0
4612,23146,2025-07-16 18:18:00,smoothie,situation,20,0,0
4613,23149,2025-04-19 16:41:00,latte,situation,5,1,1
4614,23151,2025-02-25 11:42:00,non-coffee,situation,14,1,1
4615,23154,2025-11-21 11:35:00,coldbrew,suggest,7,0,0
4616,23154,2025-11-21 11:35:00,smoothie,situation,20,1,0
4617,23158,2025-08-31 14:07:00,coldbrew,situation,7,1,0
4618,23160,2025-07-19 16:19:00,tea,situation,29,0,0
4619,23163,2025-09-13 13:03:00,coldbrew,situation,8,0,0
4620,23167,2025-08-30 19:09:00,tea,situation,15,1,1
4621,23167,2025-08-30 19:09:00,latte,situation,5,1,0
4622,23171,2025-07-30 13:36:00,cappuccino,suggest,6,1,0
4623,23178,2025-07-28 14:58:00,tea,suggest,31,1,1
4624,23200,2025-09-09 11:28:00,cappuccino,situation,6,1,1
4625,23200,2025-09-09 11:28:00,smoothie,suggest,21,1,1
4626,23208,2025-04-03 16:17:00,ade,situation,24,0,0
4627,23208,2025-04-03 16:17:00,tea,situation,30,1,1
4628,23214,2025-04-15 20:23:00,smoothie,situation,20,0,0
4629,23215,2025-05-12 12:14:00,ade,situation,19,0,0
4630,23215,2025-05-12 12:14:00,latte,suggest,4,1,1
4631,23216,2025-10-18 15:32:00,frappe,suggest,26,0,0
4632,23219,2025-05-12 11:03:00,smoothie,situation,32,0,0
4633,23219,2025-05-12 11:03:00,ade,suggest,19,1,1
4634,23221,2025-11-28 09:50:00,frappe,situation,26,1,1
4635,23224,2025-10-22 12:26:00,americano,situation,2,1,1
4636,23225,2025-04-28 16:16:00,tea,suggest,29,1,0
4637,23240,2025-08-03 13:16:00,americano,suggest,3,1,0
4638,23240,2025-08-03 13:16:00,tea,situation,16,0,0
4639,23241,2025-09-04 20:39:00,tea,situation,29,0,0
4640,23241,2025-09-04 20:39:00,tea,situation,27,0,0
4641,23242,2025-07-11 08:14:00,smoothie,situation,20,0,0
4642,23243,2025-12-02 18:57:00,americano,situation,2,1,0
4643,23243,2025-12-02 18:57:00,tea,situation,29,1,1
4644,23250,2025-09-04 20:54:00,non-coffee,situation,14,1,1
4645,23251,2025-01-23 16:36:00,frappe,situation,25,1,1
4646,23259,2025-09-23 12:46:00,tea,suggest,15,0,0
4647,23266,2025-11-21 13:51:00,ade,suggest,18,1,1
4648,23267,2025-08-04 14:36:00,smoothie,situation,32,1,1
4649,23288,2025-06-03 13:10:00,latte,situation,5,0,0
4650,23297,2025-04-08 14:39:00,latte,situation,5,1,0
4651,23302,2025-04-19 16:12:00,tea,situation,15,1,0
4652,23319,2025-06-13 14:27:00,ade,situation,19,1,0
4653,23327,2025-10-05 13:35:00,ade,situation,24,1,0
4654,23328,2025-09-18 17:19:00,smoothie,suggest,21,0,0
4655,23330,2025-04-16 11:05:00,tea,suggest,16,0,0
4656,23330,2025-04-16 11:05:00,smoothie,situation,21,1,0
4657,23336,2025-08-15 12:43:00,espresso,situation,1,1,0
4658,23343,2025-03-12 15:00:00,tea,situation,15,1,1
4659,23344,2025-10-12 22:47:00,tea,situation,17,1,1
4660,23344,2025-10-12 22:47:00,ade,situation,19,1,0
4661,23347,2025-12-01 11:26:00,coldbrew,situation,8,0,0
4662,23347,2025-12-01 11:26:00,ade,situation,18,0,0
4663,23355,2025-02-15 18:25:00,latte,situation,5,0,0
4664,23358,2025-01-22 13:19:00,espresso,situation,1,0,0
4665,23375,2025-10-01 20:47:00,ade,suggest,24,1,1
4666,23375,2025-10-01 20:47:00,frappe,situation,12,0,0
4667,23400,2025-02-19 18:37:00,tea,suggest,28,0,0
4668,23419,2025-10-22 07:28:00,tea,situation,31,0,0
4669,23425,2025-01-25 17:07:00,latte,situation,23,0,0
4670,23425,2025-01-25 17:07:00,tea,suggest,17,0,0
4671,23428,2025-11-22 22:50:00,latte,situation,23,1,1
4672,23428,2025-11-22 22:50:00,ade,suggest,18,1,0
4673,23435,2025-10-29 17:24:00,americano,situation,2,1,0
4674,23435,2025-10-29 17:24:00,tea,situation,17,1,0
4675,23438,2025-02-20 22:49:00,tea,situation,27,1,0
4676,23438,2025-02-20 22:49:00,smoothie,situation,20,0,0
4677,23445,2025-08-01 17:33:00,frappe,suggest,13,1,1
4678,23445,2025-08-01 17:33:00,ade,situation,19,1,1
4679,23449,2025-06-23 09:10:00,americano,situation,2,0,0
4680,23449,2025-06-23 09:10:00,coldbrew,situation,7,1,1
4681,23451,2025-11-07 18:48:00,tea,situation,28,0,0
4682,23460,2025-03-30 14:33:00,frappe,suggest,13,0,0
4683,23462,2025-03-06 17:32:00,latte,suggest,23,1,0
4684,23463,2025-05-25 22:50:00,tea,suggest,28,1,0
4685,23464,2025-03-23 19:44:00,coldbrew,situation,7,1,0
4686,23464,2025-03-23 19:44:00,frappe,situation,25,0,0
4687,23471,2025-03-23 07:58:00,ade,suggest,18,1,0
4688,23479,2025-07-14 15:26:00,juice,situation,22,0,0
4689,23479,2025-07-14 15:26:00,latte,situation,5,1,1
4690,23492,2025-06-19 20:11:00,non-coffee,suggest,14,1,1
4691,23493,2025-04-09 08:58:00,tea,suggest,29,1,1
4692,23504,2025-03-10 11:13:00,coldbrew,situation,8,0,0
4693,23508,2025-12-27 14:17:00,smoothie,situation,32,0,0
4694,23508,2025-12-27 14:17:00,ade,situation,19,1,1
4695,23510,2025-02-17 14:14:00,ade,situation,24,0,0
4696,23517,2025-02-09 14:19:00,tea,situation,16,0,0
4697,23518,2025-11-10 11:37:00,latte,situation,23,1,1
4698,23522,2025-01-11 11:16:00,latte,suggest,10,1,1
4699,23525,2025-09-11 09:51:00,ade,situation,24,0,0
4700,23525,2025-09-11 09:51:00,tea,situation,15,1,1
4701,23535,2025-02-12 16:28:00,ade,situation,24,1,0
4702,23545,2025-01-18 16:44:00,tea,suggest,31,0,0
4703,23552,2025-08-16 11:06:00,frappe,suggest,12,1,0
4704,23561,2025-10-26 16:09:00,coldbrew,suggest,7,1,0
4705,23568,2025-11-23 17:13:00,juice,situation,22,1,1
4706,23569,2025-07-06 12:19:00,tea,situation,27,0,0
4707,23572,2025-05-10 13:16:00,espresso,situation,1,0,0
4708,23572,2025-05-10 13:16:00,tea,situation,16,0,0
4709,23578,2025-10-02 20:34:00,tea,situation,29,1,1
4710,23580,2025-06-20 16:42:00,tea,situation,30,0,0
4711,23580,2025-06-20 16:42:00,tea,situation,16,0,0
4712,23590,2025-08-24 11:52:00,coldbrew,situation,8,1,0
4713,23591,2025-03-30 14:25:00,smoothie,suggest,21,1,0
4714,23591,2025-03-30 14:25:00,ade,suggest,24,0,0
4715,23592,2025-04-03 13:58:00,americano,suggest,2,1,1
4716,23593,2025-08-31 08:48:00,latte,suggest,4,0,0
4717,23599,2025-12-24 14:05:00,espresso,situation,1,1,1
4718,23602,2025-11-01 13:45:00,tea,situation,17,1,1
4719,23605,2025-01-08 19:43:00,frappe,situation,12,0,0
4720,23608,2025-02-25 11:24:00,tea,situation,16,1,1
4721,23613,2025-05-07 08:10:00,frappe,suggest,13,1,1
4722,23613,2025-05-07 08:10:00,non-coffee,suggest,14,0,0
4723,23618,2025-12-26 21:20:00,tea,suggest,28,0,0
4724,23621,2025-10-01 09:23:00,tea,situation,31,0,0
4725,23621,2025-10-01 09:23:00,tea,suggest,16,0,0
4726,23622,2025-10-24 18:05:00,tea,situation,28,1,1
4727,23622,2025-10-24 18:05:00,tea,situation,29,1,1
4728,23627,2025-02-23 14:43:00,latte,situation,10,1,1
4729,23628,2025-04-09 18:52:00,smoothie,suggest,21,1,1
4730,23628,2025-04-09 18:52:00,ade,suggest,19,1,0
4731,23641,2025-10-26 17:51:00,latte,suggest,23,0,0
4732,23642,2025-11-08 15:17:00,frappe,situation,13,0,0
4733,23647,2025-04-17 18:11:00,ade,situation,24,1,1
4734,23647,2025-04-17 18:11:00,frappe,suggest,26,1,1
4735,23651,2025-11-15 16:22:00,tea,suggest,17,0,0
4736,23676,2025-12-05 09:40:00,latte,suggest,10,1,0
4737,23681,2025-01-21 12:10:00,frappe,situation,12,0,0
4738,23681,2025-01-21 12:10:00,smoothie,situation,20,0,0
4739,23683,2025-02-15 09:00:00,latte,situation,11,0,0
4740,23683,2025-02-15 09:00:00,coldbrew,suggest,7,1,1
4741,23685,2025-11-11 20:20:00,ade,suggest,18,0,0
4742,23688,2025-12-03 17:20:00,tea,suggest,17,1,1
4743,23696,2025-09-14 16:23:00,tea,situation,17,1,1
4744,23698,2025-09-06 17:06:00,tea,suggest,31,1,1
4745,23699,2025-10-20 14:09:00,frappe,situation,12,1,1
4746,23699,2025-10-20 14:09:00,latte,suggest,4,0,0
4747,23720,2025-02-09 15:00:00,tea,suggest,27,0,0
4748,23733,2025-06-01 11:03:00,latte,situation,5,1,1
4749,23741,2025-02-03 14:43:00,latte,situation,5,0,0
4750,23742,2025-05-06 17:59:00,frappe,suggest,13,1,0
4751,23746,2025-06-05 11:03:00,frappe,suggest,26,1,1
4752,23749,2025-06-18 11:21:00,ade,suggest,18,1,1
4753,23762,2025-11-09 17:36:00,frappe,situation,25,1,0
4754,23765,2025-12-14 12:31:00,coldbrew,situation,8,0,0
4755,23766,2025-12-18 09:49:00,tea,situation,28,1,1
4756,23768,2025-03-05 14:10:00,frappe,situation,25,1,1
4757,23770,2025-04-24 12:58:00,cappuccino,suggest,6,1,1
4758,23770,2025-04-24 12:58:00,tea,situation,17,0,0
4759,23773,2025-08-21 16:35:00,smoothie,situation,21,0,0
4760,23774,2025-07-28 19:06:00,frappe,situation,26,1,1
4761,23774,2025-07-28 19:06:00,tea,situation,27,1,0
4762,23778,2025-11-13 09:39:00,frappe,situation,13,0,0
4763,23778,2025-11-13 09:39:00,drip,suggest,9,1,1
4764,23796,2025-02-15 19:49:00,coldbrew,suggest,8,0,0
4765,23796,2025-02-15 19:49:00,americano,situation,2,1,0
4766,23801,2025-12-17 19:57:00,smoothie,situation,21,1,1
4767,23802,2025-05-03 21:29:00,juice,situation,22,0,0
4768,23802,2025-05-03 21:29:00,frappe,suggest,12,1,1
4769,23810,2025-09-12 14:03:00,tea,situation,28,1,1
4770,23814,2025-08-10 07:25:00,cappuccino,situation,6,1,1
4771,23815,2025-08-05 08:34:00,tea,situation,17,0,0
4772,23819,2025-06-22 12:23:00,coldbrew,situation,8,1,1
4773,23826,2025-03-22 19:00:00,latte,situation,4,1,0
4774,23826,2025-03-22 19:00:00,frappe,situation,25,1,0
4775,23829,2025-08-29 14:46:00,frappe,situation,12,1,1
4776,23837,2025-07-26 17:27:00,tea,situation,28,1,1
4777,23849,2025-05-12 07:20:00,cappuccino,suggest,6,0,0
4778,23849,2025-05-12 07:20:00,latte,situation,11,1,1
4779,23857,2025-12-03 16:25:00,tea,situation,27,0,0
4780,23864,2025-07-08 09:37:00,drip,suggest,9,0,0
4781,23873,2025-11-06 20:46:00,frappe,suggest,13,0,0
4782,23880,2025-10-05 19:28:00,tea,suggest,29,0,0
4783,23880,2025-10-05 19:28:00,juice,situation,22,1,1
4784,23881,2025-02-14 20:22:00,drip,situation,9,0,0
4785,23881,2025-02-14 20:22:00,latte,situation,11,1,0
4786,23883,2025-09-06 11:25:00,smoothie,suggest,20,1,0
4787,23883,2025-09-06 11:25:00,latte,situation,5,1,0
4788,23887,2025-10-04 12:17:00,drip,situation,9,1,0
4789,23894,2025-03-28 12:28:00,tea,situation,30,1,0
4790,23894,2025-03-28 12:28:00,smoothie,situation,21,0,0
4791,23897,2025-01-17 16:32:00,americano,suggest,2,0,0
4792,23897,2025-01-17 16:32:00,tea,situation,28,0,0
4793,23900,2025-03-07 09:21:00,juice,situation,22,0,0
4794,23900,2025-03-07 09:21:00,juice,suggest,22,1,1
4795,23905,2025-08-06 18:21:00,latte,suggest,11,0,0
4796,23913,2025-09-30 12:41:00,frappe,suggest,26,1,1
4797,23920,2025-01-25 16:31:00,ade,situation,19,0,0
4798,23926,2025-04-04 11:44:00,frappe,situation,25,0,0
4799,23929,2025-06-29 12:25:00,smoothie,situation,32,1,1
4800,23931,2025-07-06 07:46:00,cappuccino,situation,6,1,1
4801,23931,2025-07-06 07:46:00,americano,situation,3,1,1
4802,23942,2025-04-27 11:05:00,tea,situation,16,1,0
4803,23957,2025-11-17 08:25:00,ade,situation,18,0,0
4804,23971,2025-04-21 17:20:00,coldbrew,suggest,8,0,0
4805,23989,2025-01-01 15:24:00,smoothie,suggest,21,0,0
4806,23996,2025-12-08 14:15:00,ade,suggest,19,1,0
4807,23996,2025-12-08 14:15:00,tea,suggest,27,1,0
4808,23997,2025-04-20 19:40:00,smoothie,situation,21,0,0
4809,24001,2025-07-25 15:48:00,latte,suggest,11,1,1
4810,24007,2025-03-31 13:21:00,drip,suggest,9,0,0
4811,24015,2025-02-04 14:09:00,tea,situation,15,0,0
4812,24026,2025-09-05 18:56:00,coldbrew,situation,8,1,1
4813,24026,2025-09-05 18:56:00,tea,situation,15,1,0
4814,24030,2025-11-09 09:42:00,coldbrew,situation,8,0,0
4815,24038,2025-09-26 20:39:00,cappuccino,situation,6,1,1
4816,24038,2025-09-26 20:39:00,smoothie,situation,21,1,1
4817,24043,2025-01-30 08:02:00,tea,situation,27,0,0
4818,24043,2025-01-30 08:02:00,ade,situation,19,1,0
4819,24045,2025-06-04 07:41:00,tea,suggest,16,1,1
4820,24046,2025-09-05 19:08:00,tea,situation,16,0,0
4821,24046,2025-09-05 19:08:00,tea,situation,27,1,1
4822,24051,2025-06-25 20:35:00,latte,situation,23,0,0
4823,24051,2025-06-25 20:35:00,ade,situation,24,0,0
4824,24081,2025-08-14 18:31:00,frappe,situation,26,0,0
4825,24085,2025-11-03 13:14:00,latte,suggest,11,0,0
4826,24091,2025-08-23 15:48:00,latte,suggest,11,1,0
4827,24098,2025-04-27 14:36:00,latte,situation,11,0,0
4828,24099,2025-07-03 12:38:00,tea,situation,17,1,0
4829,24119,2025-03-06 09:16:00,latte,suggest,4,0,0
4830,24127,2025-08-03 17:33:00,tea,situation,29,1,0
4831,24131,2025-05-30 16:42:00,latte,suggest,23,0,0
4832,24139,2025-08-04 13:14:00,tea,situation,31,1,0
4833,24149,2025-03-20 14:00:00,latte,situation,23,0,0
4834,24159,2025-12-16 09:50:00,coldbrew,situation,7,1,1
4835,24165,2025-03-06 07:08:00,latte,situation,5,0,0
4836,24165,2025-03-06 07:08:00,latte,situation,10,0,0
4837,24168,2025-01-27 09:07:00,non-coffee,situation,14,0,0
4838,24171,2025-08-01 16:42:00,tea,situation,17,1,1
4839,24174,2025-12-15 09:55:00,coldbrew,situation,8,0,0
4840,24174,2025-12-15 09:55:00,frappe,situation,13,1,0
4841,24181,2025-08-25 13:26:00,frappe,situation,26,1,1
4842,24181,2025-08-25 13:26:00,drip,situation,9,0,0
4843,24186,2025-05-29 18:44:00,frappe,suggest,12,0,0
4844,24186,2025-05-29 18:44:00,cappuccino,situation,6,0,0
4845,24191,2025-08-05 18:49:00,americano,suggest,2,0,0
4846,24191,2025-08-05 18:49:00,frappe,situation,26,1,0
4847,24193,2025-06-05 08:57:00,tea,suggest,30,0,0
4848,24203,2025-08-04 18:16:00,ade,suggest,24,1,0
4849,24208,2025-01-22 13:22:00,ade,situation,24,1,1
4850,24209,2025-11-02 09:18:00,latte,situation,10,1,0
4851,24213,2025-05-28 09:11:00,americano,situation,3,1,1
4852,24217,2025-07-13 20:45:00,ade,situation,19,1,1
4853,24229,2025-02-27 12:25:00,juice,situation,22,1,1
4854,24246,2025-05-09 19:38:00,smoothie,situation,21,1,0
4855,24249,2025-07-06 11:52:00,frappe,situation,26,1,0
4856,24264,2025-01-21 11:26:00,latte,situation,4,0,0
4857,24291,2025-05-26 09:46:00,frappe,situation,12,0,0
4858,24299,2025-02-10 22:54:00,tea,situation,15,0,0
4859,24312,2025-09-03 12:55:00,tea,situation,15,1,1
4860,24312,2025-09-03 12:55:00,latte,suggest,11,1,0
4861,24317,2025-10-22 08:55:00,drip,suggest,9,1,1
4862,24317,2025-10-22 08:55:00,latte,suggest,4,1,1
4863,24333,2025-12-12 12:36:00,coldbrew,situation,7,0,0
4864,24335,2025-05-27 07:03:00,espresso,suggest,1,1,1
4865,24335,2025-05-27 07:03:00,frappe,situation,13,1,1
4866,24345,2025-08-05 12:27:00,latte,situation,23,0,0
4867,24356,2025-10-27 07:32:00,latte,situation,23,0,0
4868,24356,2025-10-27 07:32:00,tea,suggest,29,0,0
4869,24357,2025-03-12 09:02:00,tea,situation,15,1,1
4870,24362,2025-12-20 07:33:00,frappe,suggest,26,0,0
4871,24362,2025-12-20 07:33:00,smoothie,situation,21,0,0
4872,24373,2025-03-28 19:32:00,latte,situation,11,1,1
4873,24373,2025-03-28 19:32:00,tea,situation,29,0,0
4874,24374,2025-11-06 17:12:00,tea,situation,27,1,1
4875,24381,2025-08-05 19:26:00,ade,situation,19,1,0
4876,24387,2025-11-28 17:40:00,ade,situation,18,0,0
4877,24388,2025-12-25 14:53:00,americano,situation,2,1,1
4878,24391,2025-06-15 19:26:00,latte,situation,10,0,0
4879,24392,2025-06-27 07:21:00,frappe,situation,12,1,1
4880,24394,2025-10-05 20:23:00,latte,suggest,4,0,0
4881,24394,2025-10-05 20:23:00,frappe,situation,13,1,0
4882,24402,2025-10-21 12:40:00,tea,situation,16,1,0
4883,24411,2025-03-13 16:59:00,smoothie,situation,21,1,1
4884,24415,2025-03-12 13:30:00,americano,situation,2,0,0
4885,24420,2025-05-05 12:18:00,tea,situation,16,1,1
4886,24438,2025-07-19 15:15:00,tea,situation,15,0,0
4887,24440,2025-12-26 15:29:00,tea,suggest,28,1,1
4888,24450,2025-10-24 14:36:00,ade,situation,19,0,0
4889,24450,2025-10-24 14:36:00,tea,situation,31,0,0
4890,24451,2025-08-10 17:46:00,ade,suggest,18,0,0
4891,24453,2025-04-16 15:45:00,ade,situation,18,1,1
4892,24455,2025-01-07 09:38:00,drip,situation,9,0,0
4893,24455,2025-01-07 09:38:00,cappuccino,situation,6,1,1
4894,24464,2025-03-28 12:24:00,latte,situation,5,1,1
4895,24474,2025-11-09 08:22:00,latte,suggest,4,0,0
4896,24474,2025-11-09 08:22:00,latte,suggest,4,0,0
4897,24481,2025-08-12 12:22:00,latte,suggest,23,0,0
4898,24483,2025-01-06 16:23:00,ade,situation,24,0,0
4899,24483,2025-01-06 16:23:00,smoothie,situation,20,0,0
4900,24484,2025-05-18 15:51:00,latte,situation,23,1,1
4901,24484,2025-05-18 15:51:00,tea,situation,31,0,0
4902,24490,2025-05-12 16:02:00,smoothie,suggest,21,0,0
4903,24493,2025-02-11 22:49:00,latte,situation,5,1,1
4904,24498,2025-09-05 09:11:00,americano,situation,2,1,1
4905,24501,2025-04-04 08:55:00,coldbrew,situation,7,1,0
4906,24506,2025-10-28 07:15:00,latte,suggest,11,1,1
4907,24507,2025-12-13 08:48:00,latte,suggest,23,0,0
4908,24520,2025-05-19 08:23:00,tea,situation,27,0,0
4909,24521,2025-05-13 15:34:00,latte,situation,11,1,1
4910,24535,2025-06-09 20:55:00,tea,situation,31,0,0
4911,24538,2025-03-18 09:16:00,drip,suggest,9,1,1
4912,24538,2025-03-18 09:16:00,latte,situation,11,1,1
4913,24539,2025-08-08 11:02:00,americano,suggest,2,0,0
4914,24541,2025-06-03 09:57:00,frappe,suggest,25,1,1
4915,24541,2025-06-03 09:57:00,coldbrew,situation,7,1,1
4916,24547,2025-01-21 22:32:00,latte,suggest,4,0,0
4917,24551,2025-03-07 19:31:00,americano,situation,2,1,0
4918,24558,2025-06-28 15:34:00,tea,situation,17,1,1
4919,24572,2025-11-17 13:28:00,frappe,situation,25,0,0
4920,24577,2025-05-13 13:01:00,tea,situation,28,0,0
4921,24587,2025-06-04 14:04:00,juice,suggest,22,0,0
4922,24594,2025-05-06 18:18:00,tea,suggest,16,1,0
4923,24595,2025-04-03 15:05:00,smoothie,suggest,20,1,1
4924,24599,2025-08-24 08:39:00,tea,suggest,16,0,0
4925,24599,2025-08-24 08:39:00,smoothie,situation,20,1,0
4926,24601,2025-10-18 15:18:00,tea,situation,15,0,0
4927,24610,2025-08-27 12:07:00,tea,situation,16,0,0
4928,24611,2025-07-21 16:55:00,frappe,situation,12,1,1
4929,24614,2025-11-19 08:32:00,espresso,situation,1,0,0
4930,24614,2025-11-19 08:32:00,americano,situation,3,0,0
4931,24619,2025-06-18 09:35:00,latte,suggest,5,1,1
4932,24619,2025-06-18 09:35:00,tea,situation,31,1,1
4933,24624,2025-06-15 09:08:00,frappe,suggest,25,1,0
4934,24654,2025-01-06 12:10:00,tea,situation,30,0,0
4935,24666,2025-11-15 13:13:00,frappe,situation,25,1,0
4936,24666,2025-11-15 13:13:00,smoothie,situation,32,0,0
4937,24675,2025-05-25 21:48:00,latte,suggest,23,0,0
4938,24675,2025-05-25 21:48:00,tea,suggest,17,0,0
4939,24681,2025-10-08 18:15:00,latte,situation,23,0,0
4940,24691,2025-07-21 15:08:00,frappe,situation,12,1,0
4941,24698,2025-03-30 11:28:00,ade,situation,19,0,0
4942,24707,2025-01-27 15:13:00,frappe,situation,25,0,0
4943,24711,2025-07-18 21:36:00,frappe,suggest,26,1,1
4944,24712,2025-12-08 16:39:00,latte,situation,11,1,1
4945,24712,2025-12-08 16:39:00,ade,situation,24,0,0
4946,24715,2025-11-17 19:22:00,latte,situation,11,1,0
4947,24720,2025-04-22 13:53:00,espresso,situation,1,0,0
4948,24725,2025-02-04 08:18:00,latte,situation,4,1,1
4949,24728,2025-07-21 07:33:00,latte,suggest,10,0,0
4950,24728,2025-07-21 07:33:00,latte,suggest,4,1,0
4951,24740,2025-06-24 15:14:00,coldbrew,situation,8,0,0
4952,24758,2025-06-11 09:58:00,espresso,situation,1,1,0
4953,24761,2025-04-20 19:33:00,tea,suggest,30,0,0
4954,24761,2025-04-20 19:33:00,espresso,suggest,1,0,0
4955,24762,2025-07-30 08:12:00,tea,suggest,27,1,0
4956,24763,2025-09-30 07:26:00,americano,situation,2,1,1
4957,24766,2025-01-05 14:54:00,tea,situation,31,0,0
4958,24766,2025-01-05 14:54:00,ade,situation,24,0,0
4959,24773,2025-11-11 17:26:00,latte,situation,5,0,0
4960,24781,2025-06-23 12:56:00,smoothie,situation,21,0,0
4961,24786,2025-05-18 11:20:00,drip,situation,9,1,1
4962,24798,2025-09-17 09:58:00,tea,situation,15,0,0
4963,24803,2025-02-08 17:00:00,tea,situation,31,1,0
4964,24807,2025-01-01 16:39:00,frappe,suggest,25,1,1
4965,24813,2025-06-12 12:13:00,smoothie,situation,32,0,0
4966,24815,2025-10-24 11:18:00,tea,situation,15,1,0
4967,24821,2025-06-26 15:25:00,smoothie,situation,21,1,0
4968,24839,2025-09-02 12:55:00,coldbrew,suggest,8,0,0
4969,24849,2025-10-10 16:20:00,smoothie,situation,20,0,0
4970,24852,2025-06-10 12:56:00,latte,situation,23,1,1
4971,24857,2025-05-27 12:04:00,latte,suggest,5,0,0
4972,24859,2025-11-20 13:38:00,latte,situation,11,1,1
4973,24860,2025-04-04 17:19:00,ade,situation,18,1,1
4974,24860,2025-04-04 17:19:00,smoothie,situation,20,0,0
4975,24870,2025-06-30 09:31:00,non-coffee,situation,14,0,0
4976,24877,2025-09-24 15:26:00,frappe,situation,13,1,1
4977,24877,2025-09-24 15:26:00,frappe,situation,12,0,0
4978,24881,2025-07-15 14:02:00,frappe,situation,26,1,1
4979,24882,2025-07-04 16:16:00,latte,situation,11,1,0
4980,24886,2025-10-01 11:39:00,tea,situation,29,0,0
4981,24895,2025-07-24 16:36:00,non-coffee,situation,14,1,1
4982,24895,2025-07-24 16:36:00,tea,situation,17,1,0
4983,24896,2025-07-17 15:13:00,tea,suggest,29,1,1
4984,24902,2025-10-17 07:27:00,tea,suggest,17,0,0
4985,24903,2025-01-12 13:01:00,smoothie,situation,20,1,0
4986,24914,2025-07-23 18:42:00,latte,suggest,23,1,1
4987,24916,2025-12-05 09:48:00,tea,situation,31,0,0
4988,24921,2025-01-29 19:03:00,latte,situation,23,1,1
4989,24921,2025-01-29 19:03:00,tea,situation,28,0,0
4990,24932,2025-07-12 08:39:00,americano,situation,2,1,1
4991,24935,2025-12-06 08:30:00,tea,situation,28,1,0
4992,24935,2025-12-06 08:30:00,latte,situation,23,1,1
4993,24940,2025-04-05 14:21:00,espresso,situation,1,1,1
4994,24946,2025-10-02 09:53:00,juice,suggest,22,0,0
4995,24946,2025-10-02 09:53:00,americano,situation,3,1,0
4996,24955,2025-10-04 19:11:00,tea,suggest,17,0,0
4997,24968,2025-01-05 11:00:00,frappe,suggest,26,1,1
4998,24968,2025-01-05 11:00:00,smoothie,suggest,20,1,1
4999,24969,2025-03-19 18:05:00,coldbrew,situation,8,1,1
5000,24972,2025-06-25 17:35:00,latte,situation,10,1,0
5001,24974,2025-10-04 16:15:00,coldbrew,situation,7,0,0
5002,24974,2025-10-04 16:15:00,tea,situation,28,0,0
5003,24976,2025-04-20 08:10:00,latte,situation,5,1,0
5004,24976,2025-04-20 08:10:00,ade,situation,19,0,0
5005,24977,2025-02-02 17:26:00,smoothie,suggest,21,1,1
5006,24989,2025-12-01 12:17:00,juice,suggest,22,1,1
5007,24989,2025-12-01 12:17:00,americano,situation,3,1,1
5008,24994,2025-06-05 14:57:00,coldbrew,situation,7,1,1
5009,25006,2025-10-30 08:21:00,americano,situation,3,1,0
5010,25011,2025-11-10 12:33:00,ade,situation,19,0,0
5011,25011,2025-11-10 12:33:00,tea,suggest,28,1,1
5012,25013,2025-04-26 18:03:00,coldbrew,situation,7,1,0
5013,25017,2025-12-26 18:25:00,tea,situation,31,1,1
5014,25017,2025-12-26 18:25:00,tea,situation,28,0,0
5015,25018,2025-12-18 15:34:00,americano,situation,2,1,1
5016,25018,2025-12-18 15:34:00,frappe,situation,26,1,1
5017,25022,2025-05-24 09:08:00,americano,suggest,3,1,1
5018,25022,2025-05-24 09:08:00,coldbrew,situation,8,1,0
5019,25023,2025-03-03 12:13:00,coldbrew,situation,8,0,0
5020,25023,2025-03-03 12:13:00,ade,situation,19,1,1
5021,25024,2025-10-12 11:36:00,latte,suggest,10,0,0
5022,25024,2025-10-12 11:36:00,drip,situation,9,0,0
5023,25040,2025-05-24 20:58:00,latte,suggest,4,1,1
5024,25043,2025-08-18 08:21:00,ade,suggest,18,1,1
5025,25051,2025-07-10 14:57:00,smoothie,suggest,21,0,0
5026,25058,2025-05-08 09:43:00,ade,situation,24,0,0
5027,25062,2025-06-02 09:20:00,non-coffee,situation,14,1,1
5028,25062,2025-06-02 09:20:00,tea,situation,29,0,0
5029,25064,2025-09-16 14:49:00,latte,situation,11,0,0
5030,25064,2025-09-16 14:49:00,frappe,situation,13,1,1
5031,25075,2025-04-13 16:41:00,frappe,situation,26,0,0
5032,25079,2025-01-02 16:30:00,smoothie,situation,32,0,0
5033,25084,2025-11-16 08:32:00,americano,situation,2,1,1
5034,25084,2025-11-16 08:32:00,americano,suggest,2,0,0
5035,25100,2025-07-14 15:51:00,latte,situation,11,0,0
5036,25111,2025-12-09 07:50:00,latte,suggest,5,0,0
5037,25114,2025-01-20 16:55:00,tea,situation,15,1,0
5038,25114,2025-01-20 16:55:00,smoothie,situation,21,1,1
5039,25122,2025-09-14 08:07:00,cappuccino,suggest,6,0,0
5040,25122,2025-09-14 08:07:00,coldbrew,suggest,8,0,0
5041,25144,2025-03-10 16:48:00,smoothie,situation,20,1,1
5042,25144,2025-03-10 16:48:00,tea,situation,16,0,0
5043,25147,2025-05-23 11:45:00,latte,suggest,5,1,1
5044,25147,2025-05-23 11:45:00,tea,situation,27,0,0
5045,25150,2025-08-25 09:31:00,espresso,suggest,1,0,0
5046,25160,2025-05-01 16:17:00,latte,situation,23,1,1
5047,25160,2025-05-01 16:17:00,ade,suggest,19,0,0
5048,25167,2025-08-19 17:57:00,ade,suggest,18,0,0
5049,25168,2025-01-06 16:21:00,tea,situation,31,0,0
5050,25170,2025-04-27 14:04:00,juice,suggest,22,1,0
5051,25170,2025-04-27 14:04:00,latte,situation,5,1,0
5052,25175,2025-10-17 11:30:00,coldbrew,situation,7,0,0
5053,25175,2025-10-17 11:30:00,frappe,suggest,13,0,0
5054,25178,2025-10-01 12:58:00,latte,situation,5,0,0
5055,25178,2025-10-01 12:58:00,ade,situation,19,1,0
5056,25185,2025-11-17 14:12:00,tea,suggest,28,0,0
5057,25188,2025-07-09 12:08:00,americano,situation,3,1,0
5058,25188,2025-07-09 12:08:00,non-coffee,situation,14,0,0
5059,25193,2025-06-21 16:14:00,cappuccino,suggest,6,0,0
5060,25199,2025-04-30 09:10:00,tea,situation,28,0,0
5061,25201,2025-08-29 09:10:00,frappe,suggest,13,1,0
5062,25212,2025-06-15 16:10:00,smoothie,suggest,21,1,0
5063,25214,2025-12-23 16:04:00,tea,situation,28,0,0
5064,25227,2025-03-30 19:55:00,juice,situation,22,1,1
5065,25227,2025-03-30 19:55:00,tea,situation,15,1,1
5066,25234,2025-07-18 09:24:00,latte,situation,5,0,0
5067,25239,2025-12-02 12:09:00,frappe,suggest,13,0,0
5068,25245,2025-12-17 19:15:00,tea,situation,29,0,0
5069,25247,2025-01-16 14:40:00,latte,situation,23,1,1
5070,25258,2025-12-24 15:42:00,latte,situation,4,0,0
5071,25259,2025-05-05 19:25:00,drip,situation,9,1,1
5072,25261,2025-03-22 12:23:00,ade,situation,24,0,0
5073,25262,2025-06-08 08:51:00,latte,suggest,23,0,0
5074,25267,2025-02-13 20:09:00,latte,situation,4,1,1
5075,25267,2025-02-13 20:09:00,tea,situation,31,1,1
5076,25272,2025-06-03 13:15:00,latte,suggest,10,0,0
5077,25272,2025-06-03 13:15:00,ade,suggest,19,1,1
5078,25273,2025-09-01 16:28:00,smoothie,situation,21,1,1
5079,25284,2025-11-22 11:04:00,latte,suggest,5,0,0
5080,25286,2025-03-18 15:26:00,frappe,suggest,13,0,0
5081,25287,2025-01-29 13:08:00,smoothie,situation,21,1,0
5082,25287,2025-01-29 13:08:00,latte,situation,10,1,1
5083,25308,2025-03-19 18:56:00,tea,suggest,27,0,0
5084,25308,2025-03-19 18:56:00,ade,suggest,24,0,0
5085,25324,2025-01-16 12:45:00,tea,suggest,16,1,1
5086,25326,2025-05-21 18:38:00,smoothie,situation,21,0,0
5087,25339,2025-10-30 15:00:00,smoothie,situation,20,0,0
5088,25356,2025-06-05 19:42:00,tea,situation,28,1,0
5089,25356,2025-06-05 19:42:00,americano,situation,3,0,0
5090,25361,2025-12-07 20:58:00,ade,situation,24,1,0
5091,25374,2025-01-28 09:44:00,tea,suggest,28,1,0
5092,25374,2025-01-28 09:44:00,smoothie,suggest,32,1,1
5093,25376,2025-11-02 22:55:00,latte,situation,4,0,0
5094,25383,2025-10-22 08:39:00,tea,suggest,15,1,1
5095,25384,2025-10-10 09:38:00,non-coffee,situation,14,1,1
5096,25385,2025-07-29 22:59:00,tea,suggest,16,1,1
5097,25392,2025-03-24 15:59:00,latte,situation,5,1,0
5098,25400,2025-09-16 13:50:00,frappe,situation,25,1,1
5099,25400,2025-09-16 13:50:00,drip,suggest,9,1,1
5100,25417,2025-03-11 16:07:00,frappe,situation,26,0,0
5101,25430,2025-08-07 11:50:00,tea,suggest,16,0,0
5102,25457,2025-10-11 13:17:00,tea,situation,31,1,1
5103,25458,2025-02-14 13:46:00,drip,situation,9,0,0
5104,25460,2025-12-05 15:49:00,tea,suggest,31,1,1
5105,25462,2025-11-16 07:07:00,americano,situation,3,1,1
5106,25464,2025-02-20 19:10:00,tea,situation,28,1,1
5107,25464,2025-02-20 19:10:00,ade,situation,18,0,0
5108,25472,2025-04-14 20:36:00,latte,situation,10,0,0
5109,25473,2025-11-28 08:58:00,tea,situation,16,0,0
5110,25481,2025-02-27 15:40:00,coldbrew,situation,8,0,0
5111,25483,2025-07-28 16:13:00,smoothie,situation,20,1,0
5112,25496,2025-03-18 12:35:00,smoothie,suggest,32,1,1
5113,25503,2025-03-22 16:37:00,latte,situation,11,1,1
5114,25507,2025-07-23 16:11:00,smoothie,suggest,20,0,0
5115,25507,2025-07-23 16:11:00,coldbrew,situation,7,0,0
5116,25508,2025-12-02 15:47:00,tea,suggest,17,1,1
5117,25513,2025-07-11 18:26:00,espresso,suggest,1,0,0
5118,25513,2025-07-11 18:26:00,tea,suggest,17,1,0
5119,25515,2025-07-14 20:38:00,ade,suggest,24,1,1
5120,25515,2025-07-14 20:38:00,latte,suggest,23,0,0
5121,25519,2025-12-08 16:39:00,frappe,situation,26,1,0
5122,25548,2025-03-09 14:31:00,tea,situation,15,1,1
5123,25552,2025-04-24 11:42:00,drip,situation,9,0,0
5124,25568,2025-04-01 12:21:00,smoothie,situation,21,0,0
5125,25570,2025-04-21 09:12:00,tea,situation,16,1,0
5126,25579,2025-08-25 15:43:00,americano,situation,3,0,0
5127,25588,2025-10-06 11:39:00,smoothie,situation,20,0,0
5128,25595,2025-06-15 12:01:00,ade,situation,18,1,0
5129,25598,2025-10-26 21:43:00,smoothie,situation,21,0,0
5130,25599,2025-02-24 16:43:00,tea,situation,17,1,1
5131,25612,2025-11-15 07:48:00,frappe,situation,26,0,0
5132,25625,2025-03-16 16:01:00,smoothie,suggest,20,0,0
5133,25625,2025-03-16 16:01:00,latte,situation,23,1,1
5134,25635,2025-04-19 13:00:00,smoothie,situation,32,1,1
5135,25643,2025-02-25 15:56:00,latte,suggest,23,1,1
5136,25648,2025-02-23 18:28:00,smoothie,situation,20,0,0
5137,25653,2025-10-17 22:19:00,tea,situation,27,0,0
5138,25656,2025-01-06 12:54:00,tea,situation,15,1,1
5139,25656,2025-01-06 12:54:00,drip,situation,9,1,1
5140,25662,2025-11-18 15:38:00,americano,situation,3,1,0
5141,25676,2025-12-22 07:51:00,frappe,situation,26,1,1
5142,25676,2025-12-22 07:51:00,latte,situation,23,0,0
5143,25677,2025-09-10 17:43:00,cappuccino,situation,6,0,0
5144,25681,2025-09-04 15:19:00,tea,suggest,29,1,1
5145,25693,2025-04-10 08:30:00,americano,situation,3,1,0
5146,25696,2025-10-18 09:04:00,cappuccino,suggest,6,1,1
5147,25701,2025-03-29 11:07:00,espresso,situation,1,1,1
5148,25709,2025-06-14 08:48:00,coldbrew,suggest,8,1,0
5149,25722,2025-02-15 22:02:00,latte,situation,23,1,1
5150,25722,2025-02-15 22:02:00,frappe,suggest,12,0,0
5151,25731,2025-06-15 13:52:00,frappe,situation,13,1,1
5152,25731,2025-06-15 13:52:00,americano,situation,3,0,0
5153,25738,2025-05-29 17:16:00,ade,situation,24,0,0
5154,25742,2025-06-07 08:01:00,coldbrew,situation,8,1,0
5155,25746,2025-09-24 19:14:00,tea,situation,31,1,1
5156,25749,2025-04-18 15:21:00,ade,suggest,24,0,0
5157,25749,2025-04-18 15:21:00,frappe,situation,12,1,1
5158,25753,2025-04-03 08:22:00,tea,situation,15,0,0
5159,25753,2025-04-03 08:22:00,tea,situation,29,1,0
5160,25760,2025-08-04 11:14:00,tea,situation,28,1,1
5161,25760,2025-08-04 11:14:00,tea,situation,28,1,1
5162,25769,2025-12-21 15:21:00,ade,suggest,19,1,1
5163,25771,2025-11-18 17:12:00,tea,situation,27,1,1
5164,25771,2025-11-18 17:12:00,ade,situation,24,1,1
5165,25773,2025-08-07 09:55:00,non-coffee,suggest,14,1,0
5166,25776,2025-09-01 09:22:00,coldbrew,suggest,8,0,0
5167,25776,2025-09-01 09:22:00,tea,situation,29,1,0
5168,25784,2025-11-14 13:50:00,coldbrew,situation,8,0,0
5169,25786,2025-12-09 09:36:00,drip,suggest,9,1,0
5170,25786,2025-12-09 09:36:00,latte,situation,10,0,0
5171,25790,2025-09-06 17:41:00,frappe,situation,26,1,1
5172,25798,2025-12-25 09:34:00,coldbrew,situation,7,0,0
5173,25799,2025-12-30 18:56:00,juice,suggest,22,1,0
5174,25799,2025-12-30 18:56:00,ade,suggest,19,0,0
5175,25801,2025-04-03 14:45:00,smoothie,suggest,21,1,1
5176,25801,2025-04-03 14:45:00,latte,situation,23,1,1
5177,25815,2025-02-20 13:26:00,drip,situation,9,1,0
5178,25816,2025-09-06 15:52:00,tea,situation,30,1,1
5179,25823,2025-01-15 14:46:00,americano,situation,2,1,1
5180,25825,2025-09-09 14:56:00,tea,situation,27,1,1
5181,25829,2025-06-17 17:47:00,ade,situation,19,0,0
5182,25831,2025-11-05 08:11:00,latte,situation,23,1,1
5183,25836,2025-03-16 17:16:00,cappuccino,suggest,6,1,1
5184,25836,2025-03-16 17:16:00,tea,situation,16,1,0
5185,25838,2025-03-30 15:22:00,latte,situation,23,1,1
5186,25840,2025-04-26 14:36:00,frappe,situation,26,0,0
5187,25847,2025-04-05 18:31:00,frappe,suggest,12,0,0
5188,25856,2025-03-29 15:34:00,smoothie,suggest,21,0,0
5189,25862,2025-12-25 22:52:00,tea,situation,29,1,0
5190,25864,2025-06-27 16:10:00,latte,situation,5,0,0
5191,25877,2025-05-16 09:09:00,coldbrew,situation,7,0,0
5192,25880,2025-11-14 19:38:00,latte,situation,23,0,0
5193,25880,2025-11-14 19:38:00,latte,situation,10,1,1
5194,25889,2025-01-25 16:46:00,frappe,situation,25,1,0
5195,25889,2025-01-25 16:46:00,latte,situation,11,1,1
5196,25893,2025-07-10 14:04:00,tea,situation,28,1,1
5197,25916,2025-07-19 17:15:00,ade,situation,19,0,0
5198,25916,2025-07-19 17:15:00,tea,situation,16,1,0
5199,25921,2025-06-29 12:57:00,ade,situation,24,1,1
5200,25932,2025-03-30 09:50:00,ade,suggest,18,1,1
5201,25938,2025-09-21 20:02:00,tea,suggest,27,1,1
5202,25938,2025-09-21 20:02:00,tea,suggest,30,0,0
5203,25943,2025-12-04 11:16:00,latte,suggest,23,1,1
5204,25943,2025-12-04 11:16:00,latte,situation,5,0,0
5205,25949,2025-03-15 16:52:00,smoothie,situation,20,1,1
5206,25949,2025-03-15 16:52:00,frappe,suggest,25,0,0
5207,25953,2025-11-26 16:56:00,frappe,suggest,13,0,0
5208,25958,2025-12-11 15:50:00,latte,suggest,5,0,0
5209,25958,2025-12-11 15:50:00,ade,suggest,19,0,0
5210,25962,2025-02-26 16:05:00,tea,situation,31,1,0
5211,25962,2025-02-26 16:05:00,latte,situation,23,1,1
5212,25965,2025-09-02 20:43:00,tea,situation,31,0,0
5213,25970,2025-12-30 09:11:00,americano,situation,2,1,0
5214,25970,2025-12-30 09:11:00,coldbrew,situation,7,0,0
5215,25985,2025-01-02 08:03:00,tea,suggest,31,1,0
5216,26002,2025-01-11 11:09:00,non-coffee,situation,14,0,0
5217,26004,2025-04-05 13:54:00,latte,suggest,5,1,1
5218,26008,2025-10-16 12:39:00,latte,situation,10,1,0
5219,26009,2025-04-20 11:17:00,tea,situation,30,1,0
5220,26014,2025-07-29 08:50:00,latte,situation,4,0,0
5221,26014,2025-07-29 08:50:00,americano,situation,3,0,0
5222,26029,2025-05-18 19:14:00,tea,situation,30,1,1
5223,26040,2025-03-13 09:57:00,latte,suggest,5,1,1
5224,26040,2025-03-13 09:57:00,americano,situation,3,1,1
5225,26046,2025-01-21 14:49:00,non-coffee,situation,14,1,1
5226,26057,2025-06-15 07:05:00,tea,suggest,30,0,0
5227,26057,2025-06-15 07:05:00,frappe,situation,12,0,0
5228,26074,2025-09-29 16:03:00,latte,suggest,4,1,1
5229,26081,2025-11-18 22:23:00,tea,situation,15,0,0
5230,26084,2025-08-21 14:22:00,smoothie,situation,21,1,1
5231,26094,2025-04-13 12:33:00,ade,situation,19,0,0
5232,26100,2025-12-18 18:40:00,tea,suggest,29,0,0
5233,26100,2025-12-18 18:40:00,latte,situation,23,1,0
5234,26102,2025-09-04 09:48:00,drip,situation,9,1,0
5235,26111,2025-12-26 08:17:00,latte,suggest,10,0,0
5236,26115,2025-09-28 14:52:00,ade,situation,19,0,0
5237,26140,2025-03-22 15:55:00,frappe,situation,26,1,1
5238,26147,2025-12-22 19:35:00,ade,situation,19,0,0
5239,26173,2025-04-09 13:26:00,latte,suggest,11,0,0
5240,26177,2025-04-09 13:29:00,tea,suggest,28,0,0
5241,26177,2025-04-09 13:29:00,latte,situation,11,0,0
5242,26182,2025-07-26 19:31:00,tea,situation,31,1,0
5243,26187,2025-05-16 15:42:00,tea,situation,30,0,0
5244,26187,2025-05-16 15:42:00,tea,situation,17,1,1
5245,26188,2025-11-27 07:16:00,coldbrew,situation,7,0,0
5246,26190,2025-07-06 12:22:00,latte,situation,4,1,0
5247,26190,2025-07-06 12:22:00,tea,suggest,16,1,1
5248,26197,2025-11-01 12:15:00,smoothie,situation,32,0,0
5249,26203,2025-03-28 12:51:00,latte,situation,23,1,1
5250,26221,2025-02-10 16:11:00,frappe,situation,12,0,0
5251,26229,2025-12-14 19:35:00,frappe,suggest,25,1,1
5252,26246,2025-02-06 16:19:00,ade,situation,18,1,0
5253,26246,2025-02-06 16:19:00,coldbrew,situation,7,1,1
5254,26248,2025-04-20 21:02:00,ade,situation,18,1,1
5255,26261,2025-01-06 13:31:00,non-coffee,situation,14,0,0
5256,26264,2025-03-07 14:02:00,frappe,suggest,25,1,1
5257,26274,2025-08-20 12:52:00,ade,situation,19,1,1
5258,26278,2025-07-19 15:08:00,smoothie,situation,21,0,0
5259,26282,2025-01-22 12:27:00,ade,situation,24,1,0
5260,26301,2025-08-15 20:37:00,tea,suggest,29,0,0
5261,26301,2025-08-15 20:37:00,latte,situation,11,1,0
5262,26310,2025-11-13 12:10:00,latte,situation,11,0,0
5263,26310,2025-11-13 12:10:00,frappe,suggest,25,0,0
5264,26313,2025-02-09 08:55:00,coldbrew,suggest,7,1,1
5265,26324,2025-04-03 13:56:00,ade,situation,18,1,1
5266,26326,2025-02-07 17:47:00,americano,situation,3,0,0
5267,26329,2025-04-09 08:20:00,non-coffee,situation,14,0,0
5268,26347,2025-11-10 14:03:00,smoothie,suggest,21,1,0
5269,26347,2025-11-10 14:03:00,smoothie,suggest,20,1,0
5270,26355,2025-08-19 12:07:00,smoothie,situation,20,0,0
5271,26355,2025-08-19 12:07:00,non-coffee,situation,14,1,0
5272,26363,2025-07-08 15:27:00,tea,situation,28,1,1
5273,26363,2025-07-08 15:27:00,latte,situation,5,0,0
5274,26369,2025-04-25 14:41:00,frappe,situation,13,1,1
5275,26370,2025-03-13 11:31:00,tea,situation,27,1,0
5276,26371,2025-04-04 12:09:00,smoothie,situation,20,1,0
5277,26372,2025-01-24 09:33:00,tea,suggest,31,1,1
5278,26378,2025-08-28 08:02:00,latte,situation,23,1,1
5279,26385,2025-06-08 12:17:00,non-coffee,situation,14,0,0
5280,26386,2025-02-07 09:13:00,tea,situation,17,0,0
5281,26386,2025-02-07 09:13:00,tea,suggest,29,1,1
5282,26393,2025-06-05 16:44:00,smoothie,situation,32,0,0
5283,26393,2025-06-05 16:44:00,smoothie,situation,21,1,0
5284,26399,2025-07-11 11:50:00,latte,suggest,23,1,1
5285,26399,2025-07-11 11:50:00,americano,situation,2,1,1
5286,26401,2025-06-03 08:26:00,americano,situation,2,0,0
5287,26402,2025-06-17 18:41:00,latte,situation,5,1,0
5288,26402,2025-06-17 18:41:00,tea,situation,15,1,1
5289,26403,2025-09-02 19:55:00,latte,situation,5,1,1
5290,26407,2025-01-26 12:38:00,tea,situation,28,1,1
5291,26407,2025-01-26 12:38:00,cappuccino,suggest,6,1,0
5292,26409,2025-10-11 19:24:00,tea,situation,17,0,0
5293,26409,2025-10-11 19:24:00,tea,suggest,30,1,1
5294,26410,2025-03-09 17:57:00,juice,suggest,22,0,0
5295,26416,2025-01-15 13:48:00,tea,situation,17,0,0
5296,26434,2025-01-03 08:28:00,tea,situation,15,1,1
5297,26434,2025-01-03 08:28:00,frappe,situation,12,0,0
5298,26438,2025-11-26 11:31:00,coldbrew,suggest,7,0,0
5299,26438,2025-11-26 11:31:00,coldbrew,situation,7,1,1
5300,26443,2025-08-21 11:41:00,frappe,situation,26,0,0
5301,26453,2025-11-18 08:10:00,americano,situation,2,1,1
5302,26457,2025-09-21 19:00:00,non-coffee,situation,14,1,1
5303,26486,2025-05-11 08:15:00,tea,situation,31,1,1
5304,26486,2025-05-11 08:15:00,coldbrew,situation,7,0,0
5305,26495,2025-07-10 11:43:00,espresso,situation,1,1,1
5306,26505,2025-01-23 16:26:00,tea,situation,31,1,1
5307,26507,2025-03-09 19:24:00,tea,situation,30,0,0
5308,26508,2025-02-07 09:09:00,drip,situation,9,1,1
5309,26510,2025-02-23 07:15:00,ade,situation,18,0,0
5310,26528,2025-07-19 14:53:00,americano,situation,3,1,1
5311,26528,2025-07-19 14:53:00,tea,situation,17,1,1
5312,26541,2025-04-05 15:45:00,tea,situation,30,0,0
5313,26542,2025-04-11 19:24:00,non-coffee,situation,14,1,0
5314,26545,2025-08-09 20:16:00,latte,situation,23,0,0
5315,26545,2025-08-09 20:16:00,smoothie,situation,20,1,1
5316,26547,2025-01-04 15:50:00,tea,situation,15,0,0
5317,26549,2025-12-20 20:30:00,tea,situation,15,1,0
5318,26555,2025-07-11 21:07:00,tea,suggest,16,0,0
5319,26566,2025-06-04 19:41:00,tea,situation,31,0,0
5320,26571,2025-04-15 20:46:00,tea,situation,16,1,1
5321,26571,2025-04-15 20:46:00,tea,situation,15,0,0
5322,26572,2025-12-14 13:02:00,juice,situation,22,0,0
5323,26592,2025-08-19 07:51:00,ade,suggest,18,1,1
5324,26603,2025-11-25 16:45:00,frappe,situation,25,1,1
5325,26613,2025-08-31 11:54:00,espresso,suggest,1,0,0
5326,26613,2025-08-31 11:54:00,cappuccino,situation,6,1,1
5327,26617,2025-08-13 17:49:00,latte,situation,4,1,0
5328,26617,2025-08-13 17:49:00,latte,suggest,5,0,0
5329,26622,2025-05-10 19:28:00,tea,situation,27,1,1
5330,26624,2025-01-30 09:51:00,drip,suggest,9,1,0
5331,26624,2025-01-30 09:51:00,cappuccino,suggest,6,1,0
5332,26628,2025-04-10 13:00:00,tea,situation,27,1,1
5333,26630,2025-04-11 11:44:00,tea,situation,27,1,1
5334,26630,2025-04-11 11:44:00,juice,situation,22,0,0
5335,26643,2025-04-12 08:58:00,latte,situation,11,1,0
5336,26657,2025-07-12 07:13:00,frappe,suggest,26,0,0
5337,26662,2025-12-13 07:19:00,ade,situation,24,1,1
5338,26667,2025-09-27 07:41:00,latte,situation,23,1,1
5339,26683,2025-07-26 21:29:00,frappe,suggest,26,0,0
5340,26691,2025-10-24 09:52:00,frappe,suggest,13,1,1
5341,26696,2025-12-10 08:11:00,coldbrew,situation,7,1,1
5342,26714,2025-10-01 09:32:00,tea,suggest,30,0,0
5343,26714,2025-10-01 09:32:00,latte,situation,4,1,0
5344,26723,2025-10-06 12:05:00,tea,situation,30,0,0
5345,26723,2025-10-06 12:05:00,latte,situation,4,1,0
5346,26725,2025-01-24 20:45:00,non-coffee,situation,14,0,0
5347,26735,2025-12-25 08:36:00,ade,situation,18,0,0
5348,26735,2025-12-25 08:36:00,coldbrew,situation,7,1,1
5349,26745,2025-02-18 18:49:00,tea,situation,16,0,0
5350,26746,2025-07-15 20:30:00,tea,suggest,29,1,1
5351,26781,2025-07-28 09:40:00,tea,suggest,30,0,0
5352,26781,2025-07-28 09:40:00,latte,situation,23,0,0
5353,26782,2025-10-22 13:02:00,latte,situation,5,1,1
5354,26790,2025-10-02 18:23:00,tea,situation,31,1,1
5355,26790,2025-10-02 18:23:00,drip,situation,9,1,1
5356,26794,2025-08-13 07:33:00,tea,suggest,16,1,0
5357,26800,2025-11-27 09:38:00,ade,situation,18,1,1
5358,26811,2025-07-06 18:00:00,cappuccino,suggest,6,0,0
5359,26813,2025-04-20 14:17:00,frappe,suggest,12,0,0
5360,26823,2025-10-28 12:40:00,smoothie,situation,32,1,0
5361,26824,2025-11-16 08:53:00,cappuccino,situation,6,0,0
5362,26827,2025-05-29 20:11:00,latte,situation,5,1,1
5363,26836,2025-04-22 08:39:00,latte,situation,5,0,0
5364,26844,2025-01-11 16:03:00,latte,situation,23,0,0
5365,26851,2025-11-17 17:14:00,tea,suggest,30,0,0
5366,26853,2025-10-31 07:14:00,frappe,situation,13,0,0
5367,26853,2025-10-31 07:14:00,tea,situation,16,1,1
5368,26861,2025-06-16 08:07:00,tea,situation,28,1,1
5369,26875,2025-04-02 12:59:00,ade,situation,19,1,1
5370,26875,2025-04-02 12:59:00,tea,situation,16,0,0
5371,26911,2025-12-27 22:35:00,tea,situation,15,1,1
5372,26914,2025-09-03 08:54:00,tea,situation,30,0,0
5373,26916,2025-07-04 16:41:00,tea,situation,30,1,0
5374,26922,2025-06-20 12:43:00,frappe,situation,25,1,1
5375,26934,2025-10-11 18:10:00,tea,situation,27,0,0
5376,26935,2025-02-10 12:07:00,smoothie,suggest,20,1,0
5377,26936,2025-05-03 20:37:00,frappe,suggest,26,1,1
5378,26936,2025-05-03 20:37:00,frappe,situation,25,1,1
5379,26939,2025-06-10 09:58:00,coldbrew,suggest,7,1,1
5380,26939,2025-06-10 09:58:00,cappuccino,situation,6,1,1
5381,26968,2025-06-20 13:48:00,coldbrew,situation,7,1,1
5382,26969,2025-10-23 16:07:00,tea,situation,27,1,0
5383,26975,2025-07-18 18:37:00,smoothie,situation,32,1,0
5384,26981,2025-04-13 11:28:00,tea,suggest,17,1,0
5385,26989,2025-03-12 07:20:00,espresso,situation,1,1,1
5386,26997,2025-03-12 18:26:00,frappe,situation,25,0,0
5387,26997,2025-03-12 18:26:00,tea,suggest,15,1,1
5388,27011,2025-12-13 13:04:00,frappe,situation,13,1,1
5389,27016,2025-06-08 17:41:00,tea,situation,29,0,0
5390,27019,2025-01-23 15:58:00,tea,situation,30,1,0
5391,27019,2025-01-23 15:58:00,tea,situation,31,1,0
5392,27020,2025-02-06 16:16:00,smoothie,suggest,32,1,0
5393,27021,2025-10-10 08:03:00,smoothie,situation,20,0,0
5394,27022,2025-08-04 19:22:00,frappe,situation,25,1,1
5395,27024,2025-03-27 13:36:00,drip,situation,9,1,0
5396,27026,2025-10-03 11:13:00,tea,situation,30,0,0
5397,27029,2025-01-24 17:41:00,smoothie,suggest,32,0,0
5398,27039,2025-02-24 14:26:00,frappe,suggest,12,1,0
5399,27039,2025-02-24 14:26:00,americano,suggest,2,0,0
5400,27042,2025-01-03 12:36:00,latte,situation,5,1,0
5401,27042,2025-01-03 12:36:00,ade,situation,24,1,1
5402,27059,2025-11-06 21:57:00,tea,situation,30,1,1
5403,27059,2025-11-06 21:57:00,latte,situation,23,1,0
5404,27062,2025-02-12 09:15:00,tea,situation,16,0,0
5405,27062,2025-02-12 09:15:00,americano,situation,3,1,1
5406,27069,2025-06-14 17:45:00,drip,situation,9,0,0
5407,27069,2025-06-14 17:45:00,americano,situation,3,1,1
5408,27080,2025-07-31 15:08:00,tea,situation,31,1,1
5409,27086,2025-10-30 09:22:00,cappuccino,suggest,6,1,1
5410,27091,2025-03-17 09:49:00,ade,situation,24,1,1
5411,27091,2025-03-17 09:49:00,tea,situation,15,0,0
5412,27095,2025-07-11 16:21:00,frappe,suggest,26,1,1
5413,27096,2025-08-05 14:17:00,coldbrew,situation,8,1,1
5414,27100,2025-09-20 20:50:00,ade,situation,18,1,1
5415,27100,2025-09-20 20:50:00,ade,situation,19,0,0
5416,27119,2025-08-01 12:41:00,tea,situation,31,1,0
5417,27122,2025-01-10 11:22:00,juice,suggest,22,0,0
5418,27122,2025-01-10 11:22:00,cappuccino,situation,6,1,1
5419,27123,2025-06-18 20:19:00,coldbrew,situation,8,1,0
5420,27123,2025-06-18 20:19:00,espresso,situation,1,1,1
5421,27135,2025-09-01 08:59:00,tea,situation,16,0,0
5422,27144,2025-07-27 17:16:00,coldbrew,suggest,7,0,0
5423,27148,2025-07-02 12:27:00,americano,situation,2,0,0
5424,27149,2025-07-28 14:43:00,latte,suggest,10,0,0
5425,27151,2025-09-30 17:14:00,frappe,situation,25,0,0
5426,27170,2025-05-28 08:38:00,latte,situation,4,0,0
5427,27172,2025-02-09 08:55:00,tea,situation,30,1,0
5428,27173,2025-07-18 17:02:00,ade,situation,18,0,0
5429,27180,2025-03-25 13:01:00,tea,suggest,17,0,0
5430,27180,2025-03-25 13:01:00,tea,suggest,27,0,0
5431,27181,2025-11-16 11:22:00,frappe,situation,25,0,0
5432,27181,2025-11-16 11:22:00,latte,situation,5,1,1
5433,27188,2025-04-09 17:43:00,ade,situation,19,1,1
5434,27190,2025-08-26 07:26:00,cappuccino,suggest,6,0,0
5435,27191,2025-05-24 12:40:00,americano,situation,3,0,0
5436,27202,2025-02-15 18:45:00,latte,situation,11,1,1
5437,27205,2025-01-14 12:06:00,juice,suggest,22,0,0
5438,27206,2025-12-16 08:45:00,latte,situation,11,0,0
5439,27206,2025-12-16 08:45:00,frappe,situation,13,1,1
5440,27207,2025-03-26 12:34:00,ade,situation,18,1,0
5441,27207,2025-03-26 12:34:00,cappuccino,situation,6,1,0
5442,27211,2025-11-10 19:10:00,ade,situation,18,0,0
5443,27211,2025-11-10 19:10:00,latte,suggest,11,1,1
5444,27215,2025-03-02 12:46:00,ade,situation,18,1,0
5445,27215,2025-03-02 12:46:00,latte,situation,23,0,0
5446,27222,2025-01-30 17:48:00,cappuccino,situation,6,0,0
5447,27232,2025-01-10 18:20:00,latte,situation,4,1,0
5448,27235,2025-03-01 09:09:00,smoothie,situation,20,1,1
5449,27253,2025-11-03 11:06:00,smoothie,situation,21,0,0
5450,27253,2025-11-03 11:06:00,frappe,suggest,12,1,1
5451,27260,2025-09-07 15:55:00,cappuccino,situation,6,0,0
5452,27260,2025-09-07 15:55:00,frappe,situation,26,0,0
5453,27268,2025-04-13 09:06:00,latte,situation,11,0,0
5454,27268,2025-04-13 09:06:00,latte,suggest,5,1,1
5455,27277,2025-05-22 15:26:00,americano,situation,3,0,0
5456,27278,2025-07-10 16:43:00,tea,situation,31,1,1
5457,27280,2025-02-28 13:05:00,latte,situation,11,1,0
5458,27300,2025-09-24 07:23:00,smoothie,suggest,21,0,0
5459,27310,2025-12-17 09:19:00,coldbrew,suggest,8,1,0
5460,27313,2025-02-07 07:29:00,tea,situation,17,1,1
5461,27326,2025-09-14 16:49:00,ade,situation,24,0,0
5462,27326,2025-09-14 16:49:00,drip,situation,9,0,0
5463,27328,2025-09-10 18:32:00,smoothie,suggest,21,1,0
5464,27339,2025-10-05 15:23:00,frappe,situation,26,0,0
5465,27339,2025-10-05 15:23:00,latte,situation,10,1,0
5466,27347,2025-02-06 09:12:00,tea,situation,15,1,1
5467,27347,2025-02-06 09:12:00,latte,situation,11,1,1
5468,27351,2025-07-07 12:17:00,frappe,suggest,13,0,0
5469,27353,2025-12-05 22:09:00,ade,situation,24,1,0
5470,27356,2025-03-09 07:57:00,latte,situation,10,0,0
5471,27356,2025-03-09 07:57:00,tea,situation,29,0,0
5472,27370,2025-10-27 18:09:00,tea,situation,17,0,0
5473,27375,2025-04-14 21:36:00,tea,suggest,17,1,1
5474,27382,2025-09-05 13:10:00,tea,situation,27,1,0
5475,27382,2025-09-05 13:10:00,tea,suggest,29,0,0
5476,27389,2025-03-21 16:46:00,americano,situation,2,0,0
5477,27389,2025-03-21 16:46:00,drip,suggest,9,0,0
5478,27393,2025-04-15 09:07:00,latte,suggest,23,1,1
5479,27395,2025-01-05 15:13:00,coldbrew,situation,8,0,0
5480,27413,2025-06-09 09:19:00,non-coffee,situation,14,0,0
5481,27437,2025-06-26 09:44:00,cappuccino,situation,6,0,0
5482,27447,2025-12-12 07:36:00,tea,situation,17,0,0
5483,27452,2025-10-10 13:58:00,frappe,situation,12,0,0
5484,27453,2025-02-28 22:42:00,tea,situation,15,1,1
5485,27464,2025-02-05 15:35:00,non-coffee,situation,14,0,0
5486,27476,2025-07-06 12:49:00,tea,situation,29,0,0
5487,27516,2025-07-05 07:17:00,tea,suggest,27,1,0
5488,27516,2025-07-05 07:17:00,latte,situation,11,0,0
5489,27521,2025-03-02 18:55:00,smoothie,suggest,21,1,1
5490,27521,2025-03-02 18:55:00,non-coffee,suggest,14,1,0
5491,27530,2025-01-08 17:28:00,ade,suggest,24,0,0
5492,27555,2025-02-09 13:03:00,tea,suggest,29,1,1
5493,27555,2025-02-09 13:03:00,drip,situation,9,0,0
5494,27562,2025-11-06 17:22:00,ade,situation,24,1,1
5495,27568,2025-06-02 16:40:00,tea,suggest,29,0,0
5496,27568,2025-06-02 16:40:00,tea,suggest,30,1,1
5497,27575,2025-12-15 15:03:00,tea,situation,28,1,1
5498,27580,2025-09-09 08:54:00,tea,situation,30,0,0
5499,27580,2025-09-09 08:54:00,latte,situation,23,0,0
5500,27581,2025-11-08 16:07:00,ade,situation,24,0,0
5501,27591,2025-12-08 15:22:00,coldbrew,situation,8,1,1
5502,27608,2025-03-26 20:57:00,tea,situation,15,1,0
5503,27608,2025-03-26 20:57:00,latte,situation,4,1,1
5504,27611,2025-07-18 13:34:00,non-coffee,situation,14,1,1
5505,27614,2025-06-24 07:48:00,cappuccino,situation,6,0,0
5506,27621,2025-12-03 14:25:00,ade,situation,19,0,0
5507,27621,2025-12-03 14:25:00,smoothie,suggest,21,1,0
5508,27625,2025-11-17 11:49:00,smoothie,suggest,21,1,1
5509,27630,2025-07-21 15:50:00,latte,suggest,4,1,1
5510,27632,2025-02-03 09:13:00,juice,situation,22,0,0
5511,27636,2025-03-30 20:43:00,tea,situation,30,0,0
5512,27636,2025-03-30 20:43:00,frappe,situation,25,0,0
5513,27637,2025-04-14 14:38:00,tea,suggest,17,1,0
5514,27642,2025-02-25 11:27:00,tea,situation,28,0,0
5515,27645,2025-12-31 16:14:00,tea,situation,27,1,0
5516,27645,2025-12-31 16:14:00,non-coffee,suggest,14,0,0
5517,27655,2025-10-27 16:33:00,latte,situation,11,1,0
5518,27661,2025-11-06 19:53:00,tea,situation,30,1,1
5519,27667,2025-12-10 08:38:00,smoothie,suggest,20,0,0
5520,27683,2025-08-26 16:24:00,frappe,situation,12,1,0
5521,27683,2025-08-26 16:24:00,frappe,situation,26,1,0
5522,27692,2025-12-27 14:11:00,tea,situation,28,0,0
5523,27694,2025-04-21 20:17:00,tea,situation,30,0,0
5524,27694,2025-04-21 20:17:00,frappe,situation,25,1,0
5525,27695,2025-07-28 18:48:00,smoothie,situation,20,1,1
5526,27696,2025-10-12 09:46:00,americano,situation,3,1,0
5527,27706,2025-08-10 17:13:00,smoothie,situation,21,1,0
5528,27713,2025-09-27 09:35:00,drip,situation,9,0,0
5529,27713,2025-09-27 09:35:00,tea,situation,16,0,0
5530,27716,2025-11-01 14:33:00,tea,situation,30,1,1
5531,27716,2025-11-01 14:33:00,smoothie,situation,21,1,1
5532,27717,2025-08-27 09:35:00,smoothie,situation,32,1,1
5533,27736,2025-01-01 09:47:00,coldbrew,situation,7,1,1
5534,27739,2025-01-03 15:42:00,coldbrew,situation,8,1,1
5535,27741,2025-08-08 16:15:00,smoothie,situation,20,0,0
5536,27741,2025-08-08 16:15:00,tea,situation,30,1,1
5537,27743,2025-09-16 13:23:00,americano,situation,3,0,0
5538,27746,2025-04-28 11:50:00,ade,situation,18,1,1
5539,27746,2025-04-28 11:50:00,tea,situation,28,1,1
5540,27748,2025-08-19 09:47:00,espresso,suggest,1,1,0
5541,27767,2025-02-18 22:28:00,tea,suggest,31,1,0
5542,27773,2025-06-15 13:50:00,tea,situation,16,0,0
5543,27775,2025-02-02 20:04:00,espresso,suggest,1,1,1
5544,27775,2025-02-02 20:04:00,tea,situation,27,1,1
5545,27777,2025-02-12 20:17:00,tea,situation,30,0,0
5546,27786,2025-07-11 12:30:00,tea,situation,17,1,0
5547,27791,2025-10-12 16:23:00,smoothie,situation,20,0,0
5548,27796,2025-10-15 11:42:00,tea,situation,31,1,1
5549,27796,2025-10-15 11:42:00,smoothie,suggest,20,0,0
5550,27811,2025-03-11 08:18:00,ade,situation,24,1,1
5551,27818,2025-10-18 12:49:00,coldbrew,suggest,7,0,0
5552,27818,2025-10-18 12:49:00,coldbrew,suggest,8,0,0
5553,27829,2025-10-16 19:26:00,drip,situation,9,1,1
5554,27847,2025-04-13 14:20:00,tea,suggest,28,1,0
5555,27847,2025-04-13 14:20:00,coldbrew,situation,7,0,0
5556,27849,2025-07-31 16:02:00,frappe,situation,12,0,0
5557,27859,2025-03-15 14:56:00,latte,situation,4,1,0
5558,27859,2025-03-15 14:56:00,tea,situation,17,1,0
5559,27861,2025-09-01 21:29:00,non-coffee,situation,14,1,1
5560,27865,2025-11-03 07:05:00,coldbrew,situation,7,1,1
5561,27867,2025-02-27 16:35:00,smoothie,situation,32,1,0
5562,27868,2025-02-02 20:40:00,tea,suggest,29,1,0
5563,27868,2025-02-02 20:40:00,latte,situation,5,1,0
5564,27885,2025-09-29 18:27:00,ade,situation,18,1,0
5565,27889,2025-08-19 12:19:00,tea,situation,15,1,1
5566,27909,2025-11-10 08:51:00,non-coffee,situation,14,1,1
5567,27915,2025-06-15 12:31:00,latte,suggest,5,0,0
5568,27956,2025-04-12 14:04:00,smoothie,situation,20,1,0
5569,27956,2025-04-12 14:04:00,latte,situation,23,0,0
5570,27963,2025-01-20 16:30:00,smoothie,situation,21,1,1
5571,27969,2025-03-27 08:46:00,tea,situation,28,1,0
5572,27975,2025-07-06 14:49:00,tea,suggest,15,0,0
5573,27984,2025-07-25 13:40:00,coldbrew,suggest,8,1,1
5574,27992,2025-12-16 14:18:00,juice,suggest,22,1,0
5575,28001,2025-11-12 16:45:00,non-coffee,suggest,14,1,0
5576,28002,2025-04-18 12:14:00,latte,situation,23,1,1
5577,28006,2025-06-08 13:25:00,coldbrew,situation,7,0,0
5578,28017,2025-02-02 22:08:00,frappe,situation,26,1,1
5579,28020,2025-08-11 17:41:00,ade,suggest,18,1,1
5580,28034,2025-06-01 15:13:00,frappe,situation,13,0,0
5581,28034,2025-06-01 15:13:00,tea,situation,16,1,1
5582,28036,2025-03-08 14:57:00,tea,situation,27,0,0
5583,28056,2025-10-20 08:17:00,smoothie,situation,32,1,0
5584,28062,2025-03-31 13:02:00,latte,situation,4,1,1
5585,28068,2025-10-19 11:46:00,smoothie,suggest,21,0,0
5586,28068,2025-10-19 11:46:00,tea,suggest,31,1,1
5587,28073,2025-05-12 16:03:00,smoothie,suggest,21,0,0
5588,28089,2025-06-03 13:54:00,tea,situation,28,0,0
5589,28096,2025-01-16 22:53:00,smoothie,situation,21,1,1
5590,28101,2025-04-23 19:03:00,americano,situation,2,1,1
5591,28104,2025-05-01 13:55:00,smoothie,suggest,21,1,0
5592,28106,2025-11-08 11:56:00,frappe,suggest,13,1,1
5593,28106,2025-11-08 11:56:00,ade,situation,18,0,0
5594,28112,2025-04-20 12:03:00,smoothie,situation,32,0,0
5595,28112,2025-04-20 12:03:00,latte,situation,23,0,0
5596,28115,2025-01-15 18:04:00,smoothie,situation,20,1,0
5597,28130,2025-08-07 14:55:00,juice,situation,22,1,1
5598,28134,2025-05-31 15:28:00,smoothie,situation,32,1,1
5599,28134,2025-05-31 15:28:00,juice,suggest,22,1,1
5600,28143,2025-05-25 14:59:00,tea,suggest,28,1,1
5601,28145,2025-06-01 12:32:00,tea,situation,27,1,0
5602,28152,2025-11-05 19:49:00,latte,situation,5,1,0
5603,28152,2025-11-05 19:49:00,cappuccino,situation,6,1,1
5604,28155,2025-01-16 15:00:00,ade,suggest,19,0,0
5605,28159,2025-05-15 22:43:00,americano,situation,3,1,1
5606,28169,2025-10-08 12:07:00,ade,situation,24,0,0
5607,28170,2025-12-12 22:03:00,americano,situation,2,1,0
5608,28170,2025-12-12 22:03:00,tea,situation,15,1,0
5609,28183,2025-03-24 14:19:00,ade,situation,18,1,1
5610,28183,2025-03-24 14:19:00,tea,suggest,15,0,0
5611,28184,2025-02-20 19:06:00,tea,situation,28,1,1
5612,28184,2025-02-20 19:06:00,frappe,situation,25,0,0
5613,28185,2025-12-03 17:54:00,ade,situation,24,0,0
5614,28208,2025-06-03 08:32:00,coldbrew,suggest,8,0,0
5615,28213,2025-08-27 13:07:00,latte,situation,10,0,0
5616,28215,2025-11-14 12:04:00,latte,situation,11,0,0
5617,28230,2025-09-02 08:27:00,americano,suggest,2,1,1
5618,28230,2025-09-02 08:27:00,juice,situation,22,0,0
5619,28240,2025-01-27 15:23:00,coldbrew,suggest,7,1,1
5620,28240,2025-01-27 15:23:00,tea,situation,28,1,1
5621,28243,2025-08-22 20:43:00,tea,suggest,29,1,1
5622,28246,2025-03-23 18:06:00,coldbrew,situation,8,0,0
5623,28247,2025-02-27 17:58:00,latte,situation,5,1,0
5624,28260,2025-07-01 15:36:00,americano,situation,3,1,0
5625,28261,2025-08-06 09:44:00,coldbrew,situation,7,1,1
5626,28261,2025-08-06 09:44:00,latte,situation,4,1,1
5627,28263,2025-04-30 15:37:00,latte,situation,5,1,1
5628,28268,2025-06-21 16:34:00,coldbrew,situation,7,1,1
5629,28268,2025-06-21 16:34:00,tea,situation,15,1,1
5630,28272,2025-01-08 11:25:00,coldbrew,suggest,7,0,0
5631,28283,2025-12-16 19:14:00,cappuccino,situation,6,1,1
5632,28286,2025-05-14 12:45:00,coldbrew,situation,7,0,0
5633,28293,2025-06-26 18:59:00,frappe,situation,13,1,0
5634,28293,2025-06-26 18:59:00,frappe,suggest,25,0,0
5635,28295,2025-02-26 15:57:00,tea,situation,30,0,0
5636,28306,2025-12-30 12:38:00,smoothie,situation,20,1,1
5637,28308,2025-11-27 20:17:00,frappe,suggest,25,1,1
5638,28323,2025-12-18 17:06:00,coldbrew,situation,8,1,1
5639,28323,2025-12-18 17:06:00,frappe,situation,25,1,0
5640,28346,2025-12-05 15:18:00,ade,situation,24,0,0
5641,28346,2025-12-05 15:18:00,americano,situation,2,0,0
5642,28348,2025-09-09 12:06:00,latte,situation,23,0,0
5643,28361,2025-09-28 22:43:00,drip,suggest,9,0,0
5644,28368,2025-05-30 13:27:00,tea,situation,29,0,0
5645,28369,2025-08-23 16:11:00,smoothie,suggest,20,0,0
5646,28369,2025-08-23 16:11:00,ade,situation,18,1,0
5647,28376,2025-09-04 08:10:00,frappe,situation,25,1,1
5648,28380,2025-04-05 19:05:00,coldbrew,situation,8,0,0
5649,28385,2025-04-13 09:50:00,smoothie,situation,20,1,0
5650,28387,2025-09-25 16:54:00,smoothie,situation,32,1,0
5651,28391,2025-03-17 17:40:00,smoothie,situation,32,0,0
5652,28394,2025-02-19 09:17:00,ade,situation,18,0,0
5653,28407,2025-02-02 20:56:00,americano,situation,3,0,0
5654,28407,2025-02-02 20:56:00,latte,situation,5,1,1
5655,28410,2025-10-03 22:31:00,drip,situation,9,1,0
5656,28413,2025-07-29 07:07:00,latte,situation,4,0,0
5657,28414,2025-10-17 16:56:00,frappe,situation,12,1,1
5658,28414,2025-10-17 16:56:00,latte,situation,10,0,0
5659,28415,2025-07-09 14:17:00,tea,suggest,16,1,1
5660,28423,2025-10-02 18:13:00,frappe,situation,13,1,1
5661,28426,2025-02-27 16:51:00,espresso,situation,1,1,0
5662,28426,2025-02-27 16:51:00,frappe,situation,26,1,0
5663,28436,2025-11-04 19:57:00,latte,situation,11,0,0
5664,28436,2025-11-04 19:57:00,tea,situation,29,1,0
5665,28442,2025-11-20 14:42:00,smoothie,situation,32,0,0
5666,28442,2025-11-20 14:42:00,tea,suggest,15,1,0
5667,28443,2025-12-11 15:38:00,coldbrew,situation,8,0,0
5668,28447,2025-08-15 19:24:00,latte,situation,10,0,0
5669,28456,2025-11-28 16:57:00,americano,suggest,2,1,1
5670,28456,2025-11-28 16:57:00,drip,suggest,9,0,0
5671,28462,2025-04-28 09:35:00,latte,situation,23,1,1
5672,28462,2025-04-28 09:35:00,tea,situation,31,1,1
5673,28477,2025-12-25 16:04:00,smoothie,situation,32,1,1
5674,28488,2025-05-18 16:30:00,smoothie,suggest,32,0,0
5675,28494,2025-09-29 12:46:00,coldbrew,suggest,8,1,0
5676,28503,2025-02-13 12:39:00,tea,suggest,30,1,1
5677,28510,2025-06-01 14:40:00,ade,situation,19,1,1
5678,28516,2025-04-08 07:52:00,espresso,situation,1,0,0
5679,28516,2025-04-08 07:52:00,drip,suggest,9,0,0
5680,28522,2025-10-27 08:47:00,latte,suggest,10,1,0
5681,28525,2025-04-20 09:37:00,ade,suggest,19,0,0
5682,28535,2025-02-03 12:21:00,espresso,suggest,1,1,0
5683,28577,2025-11-25 18:21:00,tea,situation,29,1,1
5684,28580,2025-10-16 08:50:00,americano,situation,3,1,1
5685,28580,2025-10-16 08:50:00,tea,situation,27,1,0
5686,28590,2025-05-17 15:11:00,latte,situation,4,1,1
5687,28593,2025-06-25 08:36:00,frappe,suggest,12,1,1
5688,28593,2025-06-25 08:36:00,tea,suggest,27,0,0
5689,28597,2025-05-08 12:25:00,drip,situation,9,0,0
5690,28597,2025-05-08 12:25:00,coldbrew,situation,8,1,1
5691,28598,2025-02-12 11:50:00,frappe,situation,25,0,0
5692,28601,2025-12-12 09:34:00,americano,situation,3,1,1
5693,28609,2025-09-02 15:48:00,cappuccino,situation,6,0,0
5694,28612,2025-12-03 12:56:00,smoothie,situation,20,1,1
5695,28612,2025-12-03 12:56:00,drip,situation,9,0,0
5696,28620,2025-08-23 12:57:00,americano,situation,3,1,0
5697,28621,2025-03-01 17:54:00,frappe,situation,12,0,0
5698,28628,2025-07-17 22:32:00,ade,situation,24,1,1
5699,28635,2025-10-02 13:12:00,frappe,suggest,25,1,1
5700,28652,2025-11-27 07:56:00,tea,situation,29,0,0
5701,28655,2025-06-11 16:34:00,americano,suggest,3,1,1
5702,28656,2025-09-12 14:53:00,tea,suggest,15,1,1
5703,28660,2025-01-18 18:53:00,frappe,situation,25,1,0
5704,28663,2025-01-16 17:25:00,latte,suggest,11,0,0
5705,28663,2025-01-16 17:25:00,coldbrew,situation,8,0,0
5706,28664,2025-09-11 20:03:00,tea,suggest,31,0,0
5707,28672,2025-04-27 16:43:00,tea,situation,30,1,0
5708,28676,2025-03-10 16:56:00,smoothie,situation,21,0,0
5709,28683,2025-03-23 09:44:00,coldbrew,situation,7,1,0
5710,28688,2025-01-03 22:57:00,juice,situation,22,1,0
5711,28688,2025-01-03 22:57:00,smoothie,suggest,20,1,0
5712,28691,2025-04-05 15:05:00,tea,situation,31,1,1
5713,28696,2025-03-04 09:04:00,frappe,situation,25,1,1
5714,28696,2025-03-04 09:04:00,coldbrew,situation,8,1,0
5715,28701,2025-09-26 18:32:00,ade,suggest,19,1,1
5716,28715,2025-10-08 19:35:00,latte,suggest,11,0,0
5717,28715,2025-10-08 19:35:00,juice,situation,22,0,0
5718,28716,2025-07-19 17:33:00,smoothie,situation,21,1,0
5719,28719,2025-06-11 11:48:00,tea,suggest,30,0,0
5720,28722,2025-12-13 20:24:00,cappuccino,situation,6,0,0
5721,28723,2025-08-13 20:49:00,cappuccino,suggest,6,0,0
5722,28723,2025-08-13 20:49:00,tea,situation,29,0,0
5723,28740,2025-04-25 16:51:00,tea,situation,16,1,0
5724,28740,2025-04-25 16:51:00,ade,suggest,19,0,0
5725,28744,2025-03-06 15:06:00,drip,situation,9,0,0
5726,28749,2025-07-13 14:39:00,ade,situation,19,0,0
5727,28758,2025-09-10 09:01:00,frappe,situation,12,1,0
5728,28760,2025-10-18 20:18:00,tea,suggest,31,1,0
5729,28762,2025-07-24 14:53:00,smoothie,suggest,21,1,1
5730,28762,2025-07-24 14:53:00,tea,suggest,31,0,0
5731,28779,2025-05-21 14:10:00,smoothie,situation,32,0,0
5732,28779,2025-05-21 14:10:00,ade,situation,19,1,1
5733,28780,2025-05-19 13:19:00,coldbrew,situation,7,0,0
5734,28780,2025-05-19 13:19:00,smoothie,situation,21,0,0
5735,28781,2025-09-30 14:54:00,smoothie,situation,32,1,1
5736,28783,2025-03-18 16:31:00,ade,situation,24,0,0
5737,28786,2025-07-21 12:03:00,americano,situation,3,1,1
5738,28794,2025-11-22 20:17:00,frappe,suggest,25,1,1
5739,28800,2025-02-09 12:34:00,tea,suggest,17,1,0
5740,28807,2025-12-30 15:48:00,frappe,situation,13,1,0
5741,28808,2025-07-28 08:57:00,tea,suggest,29,0,0
5742,28811,2025-10-30 18:37:00,frappe,situation,25,1,1
5743,28825,2025-02-05 11:42:00,americano,situation,3,0,0
5744,28846,2025-02-01 14:38:00,frappe,situation,25,0,0
5745,28847,2025-05-22 16:26:00,americano,situation,2,0,0
5746,28852,2025-03-16 18:00:00,tea,suggest,29,0,0
5747,28857,2025-03-11 14:52:00,ade,suggest,19,0,0
5748,28863,2025-06-07 12:45:00,juice,suggest,22,0,0
5749,28865,2025-12-31 16:44:00,frappe,situation,26,1,1
5750,28869,2025-02-12 13:19:00,ade,situation,19,1,0
5751,28869,2025-02-12 13:19:00,frappe,situation,26,0,0
5752,28872,2025-08-12 13:43:00,coldbrew,situation,8,0,0
5753,28876,2025-09-07 07:10:00,americano,situation,3,0,0
5754,28887,2025-03-10 21:43:00,coldbrew,situation,8,1,1
5755,28898,2025-12-05 15:17:00,smoothie,situation,21,0,0
5756,28899,2025-02-28 11:00:00,latte,suggest,10,0,0
5757,28906,2025-05-13 16:46:00,smoothie,situation,20,1,1
5758,28912,2025-06-06 09:48:00,americano,situation,3,1,1
5759,28912,2025-06-06 09:48:00,juice,suggest,22,1,1
5760,28926,2025-06-27 13:49:00,tea,suggest,30,0,0
5761,28931,2025-04-14 18:38:00,latte,situation,10,0,0
5762,28936,2025-05-23 08:18:00,espresso,suggest,1,0,0
5763,28943,2025-10-21 15:30:00,smoothie,situation,21,1,1
5764,28945,2025-10-01 17:21:00,latte,situation,11,0,0
5765,28946,2025-06-24 19:08:00,tea,situation,29,1,1
5766,28955,2025-04-21 13:44:00,tea,situation,17,1,1
5767,28957,2025-11-28 17:10:00,drip,situation,9,1,1
5768,28964,2025-09-07 11:52:00,coldbrew,situation,8,0,0
5769,28983,2025-05-22 09:48:00,ade,suggest,24,1,1
5770,28983,2025-05-22 09:48:00,smoothie,suggest,21,1,1
5771,28987,2025-10-08 14:11:00,smoothie,suggest,32,1,1
5772,28996,2025-12-23 13:14:00,tea,situation,28,0,0
5773,28997,2025-04-15 09:58:00,latte,suggest,10,1,1
5774,29007,2025-12-27 16:41:00,cappuccino,suggest,6,1,1
5775,29008,2025-08-22 14:56:00,smoothie,situation,20,1,1
5776,29012,2025-03-06 07:29:00,tea,situation,29,1,1
5777,29020,2025-05-23 17:27:00,smoothie,suggest,20,1,1
5778,29024,2025-01-18 08:33:00,latte,suggest,10,1,0
5779,29024,2025-01-18 08:33:00,latte,situation,10,0,0
5780,29026,2025-07-31 18:28:00,tea,situation,31,0,0
5781,29039,2025-04-05 07:35:00,frappe,situation,25,0,0
5782,29039,2025-04-05 07:35:00,frappe,situation,26,0,0
5783,29045,2025-05-14 09:09:00,americano,situation,3,0,0
5784,29046,2025-07-15 09:56:00,latte,situation,5,0,0
5785,29052,2025-01-15 15:03:00,tea,situation,17,0,0
5786,29059,2025-01-21 07:59:00,latte,suggest,10,1,1
5787,29059,2025-01-21 07:59:00,frappe,suggest,12,0,0
5788,29061,2025-05-08 21:49:00,latte,situation,10,1,0
5789,29061,2025-05-08 21:49:00,smoothie,suggest,21,0,0
5790,29073,2025-02-19 19:26:00,tea,suggest,16,0,0
5791,29081,2025-02-28 08:36:00,latte,suggest,23,1,0
5792,29081,2025-02-28 08:36:00,ade,situation,19,1,0
5793,29089,2025-02-18 12:11:00,juice,situation,22,0,0
5794,29099,2025-09-14 13:28:00,coldbrew,suggest,7,1,0
5795,29101,2025-01-31 08:14:00,tea,situation,27,0,0
5796,29102,2025-08-06 22:57:00,non-coffee,situation,14,0,0
5797,29108,2025-05-21 17:15:00,frappe,situation,26,0,0
5798,29108,2025-05-21 17:15:00,ade,situation,18,0,0
5799,29113,2025-07-04 16:57:00,smoothie,situation,32,1,1
5800,29121,2025-06-21 15:34:00,tea,situation,28,0,0
5801,29127,2025-12-31 08:42:00,tea,situation,28,0,0
5802,29138,2025-08-16 08:24:00,juice,suggest,22,1,0
5803,29141,2025-03-30 17:39:00,ade,situation,24,0,0
5804,29142,2025-09-25 17:28:00,non-coffee,situation,14,0,0
5805,29142,2025-09-25 17:28:00,tea,suggest,17,1,0
5806,29151,2025-11-01 15:37:00,tea,suggest,29,1,1
5807,29164,2025-11-26 17:05:00,frappe,situation,25,1,1
5808,29164,2025-11-26 17:05:00,frappe,suggest,12,1,1
5809,29166,2025-04-04 14:26:00,non-coffee,situation,14,1,1
5810,29173,2025-10-15 16:22:00,espresso,situation,1,1,1
5811,29173,2025-10-15 16:22:00,frappe,situation,13,0,0
5812,29176,2025-10-08 11:50:00,frappe,situation,26,0,0
5813,29177,2025-05-14 16:34:00,frappe,situation,25,0,0
5814,29179,2025-07-17 19:58:00,smoothie,suggest,21,1,1
5815,29183,2025-09-17 11:09:00,non-coffee,situation,14,1,1
5816,29190,2025-09-24 19:14:00,latte,situation,5,0,0
5817,29190,2025-09-24 19:14:00,latte,situation,5,1,1
5818,29198,2025-07-14 09:11:00,drip,suggest,9,1,0
5819,29205,2025-10-31 08:07:00,coldbrew,suggest,8,0,0
5820,29210,2025-05-29 15:27:00,tea,suggest,15,1,0
5821,29216,2025-05-05 15:05:00,smoothie,situation,20,1,0
5822,29221,2025-10-13 15:04:00,coldbrew,situation,8,0,0
5823,29221,2025-10-13 15:04:00,smoothie,situation,32,0,0
5824,29222,2025-09-03 11:32:00,tea,situation,27,1,0
5825,29222,2025-09-03 11:32:00,tea,suggest,31,0,0
5826,29237,2025-09-22 17:44:00,frappe,suggest,25,0,0
5827,29242,2025-02-17 15:35:00,ade,situation,24,1,0
5828,29243,2025-08-12 17:40:00,tea,suggest,17,1,0
5829,29247,2025-01-24 08:38:00,latte,situation,4,1,1
5830,29254,2025-05-20 14:34:00,ade,suggest,18,1,1
5831,29259,2025-11-13 19:31:00,tea,situation,27,0,0
5832,29259,2025-11-13 19:31:00,tea,situation,27,1,0
5833,29266,2025-01-13 15:37:00,frappe,suggest,26,1,0
5834,29266,2025-01-13 15:37:00,tea,situation,27,1,0
5835,29267,2025-11-01 12:31:00,latte,situation,10,0,0
5836,29277,2025-07-09 15:02:00,ade,situation,24,1,0
5837,29283,2025-11-26 17:39:00,juice,situation,22,1,1
5838,29283,2025-11-26 17:39:00,latte,situation,10,1,1
5839,29284,2025-02-17 15:37:00,tea,situation,31,0,0
5840,29285,2025-03-02 17:26:00,cappuccino,suggest,6,0,0
5841,29285,2025-03-02 17:26:00,smoothie,suggest,21,1,1
5842,29290,2025-12-14 15:35:00,tea,suggest,16,1,1
5843,29290,2025-12-14 15:35:00,ade,suggest,18,1,0
5844,29293,2025-12-28 15:57:00,smoothie,situation,32,1,1
5845,29294,2025-06-18 09:20:00,ade,suggest,18,1,0
5846,29296,2025-03-29 11:23:00,cappuccino,situation,6,1,0
5847,29310,2025-11-26 12:28:00,latte,situation,10,0,0
5848,29316,2025-05-03 15:59:00,tea,suggest,17,0,0
5849,29317,2025-06-12 09:47:00,coldbrew,situation,8,0,0
5850,29317,2025-06-12 09:47:00,ade,suggest,18,1,0
5851,29324,2025-07-20 16:21:00,frappe,suggest,26,1,0
5852,29324,2025-07-20 16:21:00,tea,situation,16,0,0
5853,29325,2025-12-26 09:37:00,latte,situation,23,1,1
5854,29331,2025-11-07 07:22:00,tea,situation,17,0,0
5855,29334,2025-02-26 09:20:00,latte,situation,4,0,0
5856,29337,2025-06-05 21:07:00,frappe,situation,25,1,0
5857,29337,2025-06-05 21:07:00,tea,situation,16,1,0
5858,29343,2025-02-13 15:09:00,drip,situation,9,1,1
5859,29347,2025-03-04 13:28:00,non-coffee,situation,14,1,0
5860,29347,2025-03-04 13:28:00,americano,situation,3,0,0
5861,29349,2025-05-08 22:23:00,ade,situation,24,0,0
5862,29353,2025-05-27 12:54:00,juice,situation,22,1,1
5863,29361,2025-12-21 09:06:00,espresso,situation,1,0,0
5864,29373,2025-06-14 13:40:00,tea,situation,29,1,1
5865,29385,2025-08-14 13:19:00,drip,situation,9,1,1
5866,29392,2025-06-29 09:07:00,tea,suggest,15,0,0
5867,29401,2025-09-15 07:57:00,espresso,suggest,1,0,0
5868,29401,2025-09-15 07:57:00,tea,situation,17,1,1
5869,29404,2025-02-22 16:36:00,tea,situation,28,0,0
5870,29415,2025-07-30 18:34:00,latte,situation,4,1,1
5871,29420,2025-07-15 07:21:00,cappuccino,situation,6,0,0
5872,29430,2025-07-09 08:07:00,americano,situation,2,1,1
5873,29430,2025-07-09 08:07:00,latte,suggest,10,1,0
5874,29438,2025-07-05 19:31:00,tea,suggest,29,0,0
5875,29456,2025-12-18 09:14:00,coldbrew,situation,7,1,1
5876,29473,2025-12-21 19:56:00,latte,situation,10,1,1
5877,29474,2025-10-03 18:01:00,latte,suggest,10,1,0
5878,29474,2025-10-03 18:01:00,latte,situation,11,1,1
5879,29477,2025-09-22 12:43:00,tea,suggest,27,0,0
5880,29486,2025-10-30 17:21:00,tea,suggest,29,1,0
5881,29488,2025-01-15 19:40:00,americano,situation,2,1,1
5882,29496,2025-10-16 12:23:00,coldbrew,situation,8,1,1
5883,29497,2025-03-18 13:26:00,drip,situation,9,1,0
5884,29497,2025-03-18 13:26:00,coldbrew,situation,7,1,1
5885,29500,2025-09-12 13:28:00,smoothie,situation,20,1,1
5886,29503,2025-12-25 14:00:00,smoothie,suggest,20,1,0
5887,29508,2025-02-09 19:53:00,tea,situation,30,1,0
5888,29519,2025-03-19 15:59:00,frappe,situation,13,1,0
5889,29527,2025-11-07 13:58:00,tea,situation,31,0,0
5890,29527,2025-11-07 13:58:00,ade,situation,19,0,0
5891,29542,2025-06-10 21:00:00,ade,suggest,18,0,0
5892,29574,2025-09-11 09:25:00,frappe,situation,26,1,1
5893,29575,2025-09-12 17:32:00,non-coffee,situation,14,0,0
5894,29575,2025-09-12 17:32:00,tea,situation,27,1,0
5895,29587,2025-07-12 18:08:00,latte,suggest,23,1,0
5896,29587,2025-07-12 18:08:00,latte,suggest,10,1,1
5897,29594,2025-01-30 22:37:00,frappe,suggest,13,1,0
5898,29594,2025-01-30 22:37:00,juice,situation,22,1,1
5899,29611,2025-05-29 08:55:00,americano,suggest,3,0,0
5900,29611,2025-05-29 08:55:00,non-coffee,situation,14,0,0
5901,29613,2025-10-08 13:50:00,tea,situation,16,1,1
5902,29614,2025-08-23 20:07:00,smoothie,situation,20,1,1
5903,29617,2025-12-26 13:50:00,ade,suggest,18,0,0
5904,29617,2025-12-26 13:50:00,latte,suggest,5,1,0
5905,29619,2025-03-28 12:18:00,tea,situation,30,1,1
5906,29620,2025-11-03 09:15:00,americano,situation,2,1,0
5907,29627,2025-08-18 20:49:00,coldbrew,situation,8,0,0
5908,29631,2025-01-01 07:41:00,cappuccino,situation,6,0,0
5909,29632,2025-10-14 15:39:00,ade,suggest,24,0,0
5910,29632,2025-10-14 15:39:00,smoothie,situation,20,1,1
5911,29640,2025-12-10 17:57:00,smoothie,suggest,20,1,0
5912,29641,2025-05-29 08:26:00,ade,suggest,18,1,0
5913,29641,2025-05-29 08:26:00,americano,suggest,2,0,0
5914,29645,2025-02-02 15:34:00,ade,situation,24,0,0
5915,29645,2025-02-02 15:34:00,non-coffee,situation,14,0,0
5916,29648,2025-05-15 11:16:00,latte,situation,5,1,1
5917,29648,2025-05-15 11:16:00,americano,situation,3,1,1
5918,29654,2025-11-18 11:50:00,frappe,situation,26,1,1
5919,29658,2025-02-09 08:59:00,coldbrew,suggest,7,0,0
5920,29658,2025-02-09 08:59:00,tea,suggest,28,1,0
5921,29666,2025-04-08 14:59:00,frappe,suggest,12,1,1
5922,29667,2025-11-29 14:49:00,tea,situation,16,1,1
5923,29667,2025-11-29 14:49:00,smoothie,situation,32,0,0
5924,29672,2025-08-22 14:07:00,tea,situation,31,1,1
5925,29672,2025-08-22 14:07:00,tea,situation,16,0,0
5926,29683,2025-06-29 16:05:00,tea,situation,16,1,0
5927,29690,2025-03-17 08:18:00,ade,suggest,24,0,0
5928,29692,2025-07-05 11:02:00,tea,suggest,16,1,0
5929,29692,2025-07-05 11:02:00,latte,situation,10,1,1
5930,29704,2025-07-31 09:00:00,latte,situation,4,0,0
5931,29704,2025-07-31 09:00:00,latte,suggest,11,0,0
5932,29715,2025-07-28 13:49:00,smoothie,situation,32,0,0
5933,29721,2025-07-16 20:11:00,ade,suggest,24,1,0
5934,29730,2025-11-03 14:20:00,juice,suggest,22,1,1
5935,29747,2025-07-26 18:58:00,latte,situation,10,1,1
5936,29748,2025-01-15 18:18:00,smoothie,situation,20,1,1
5937,29750,2025-01-23 09:47:00,tea,situation,27,0,0
5938,29752,2025-05-24 20:56:00,ade,situation,19,0,0
5939,29752,2025-05-24 20:56:00,tea,situation,27,0,0
5940,29761,2025-02-14 17:29:00,smoothie,suggest,21,0,0
5941,29764,2025-05-31 08:41:00,latte,situation,4,0,0
5942,29768,2025-11-11 14:33:00,latte,situation,11,1,1
5943,29769,2025-01-04 07:13:00,tea,suggest,29,1,0
5944,29780,2025-11-14 09:49:00,latte,suggest,11,1,1
5945,29786,2025-06-29 16:05:00,ade,situation,19,0,0
5946,29786,2025-06-29 16:05:00,tea,situation,16,0,0
5947,29794,2025-08-23 21:11:00,tea,situation,31,0,0
5948,29797,2025-10-30 12:53:00,coldbrew,suggest,8,1,1
5949,29798,2025-09-02 17:45:00,tea,situation,15,0,0
5950,29798,2025-09-02 17:45:00,coldbrew,suggest,7,0,0
5951,29805,2025-09-12 16:31:00,tea,situation,31,1,1
5952,29827,2025-12-03 14:38:00,americano,situation,3,1,1
5953,29827,2025-12-03 14:38:00,americano,situation,3,0,0
5954,29832,2025-02-17 11:17:00,ade,suggest,18,1,0
5955,29835,2025-12-22 20:45:00,juice,situation,22,0,0
5956,29836,2025-02-09 19:17:00,tea,situation,15,1,0
5957,29840,2025-03-02 16:28:00,juice,situation,22,1,1
5958,29841,2025-05-21 16:48:00,juice,situation,22,0,0
5959,29842,2025-11-30 07:17:00,ade,situation,18,1,0
5960,29843,2025-08-31 15:26:00,ade,situation,18,0,0
5961,29848,2025-12-18 14:01:00,frappe,situation,25,0,0
5962,29849,2025-01-12 08:56:00,non-coffee,situation,14,0,0
5963,29851,2025-11-27 15:12:00,latte,situation,23,0,0
5964,29855,2025-07-05 16:53:00,smoothie,situation,32,1,1
5965,29856,2025-04-30 09:18:00,cappuccino,situation,6,1,0
5966,29856,2025-04-30 09:18:00,latte,situation,23,1,0
5967,29862,2025-04-30 18:11:00,tea,situation,29,0,0
5968,29867,2025-02-16 16:19:00,smoothie,situation,32,1,0
5969,29876,2025-10-02 19:13:00,americano,situation,3,1,1
5970,29879,2025-08-17 16:24:00,frappe,situation,25,0,0
5971,29880,2025-03-26 17:23:00,tea,situation,16,1,1
5972,29887,2025-12-11 07:58:00,latte,situation,4,0,0
5973,29890,2025-04-30 19:03:00,tea,situation,31,0,0
5974,29890,2025-04-30 19:03:00,americano,suggest,2,1,1
5975,29894,2025-11-26 20:42:00,tea,situation,31,0,0
5976,29914,2025-04-21 19:00:00,tea,suggest,31,1,1
5977,29917,2025-07-13 11:53:00,latte,situation,5,1,1
5978,29923,2025-10-18 16:03:00,drip,situation,9,1,1
5979,29928,2025-12-23 13:46:00,cappuccino,situation,6,1,0
5980,29932,2025-05-18 07:57:00,juice,situation,22,1,1
5981,29934,2025-04-15 07:38:00,frappe,suggest,25,0,0
5982,29934,2025-04-15 07:38:00,latte,situation,5,0,0
5983,29935,2025-09-11 08:33:00,coldbrew,suggest,7,1,0
5984,29937,2025-09-17 19:08:00,tea,situation,17,1,0
5985,29947,2025-10-17 12:15:00,non-coffee,situation,14,0,0
5986,29956,2025-11-17 07:39:00,cappuccino,situation,6,0,0
5987,29957,2025-04-30 08:04:00,tea,suggest,16,1,0
5988,29957,2025-04-30 08:04:00,tea,situation,15,1,0
5989,29960,2025-08-11 14:33:00,smoothie,situation,32,1,1
5990,29960,2025-08-11 14:33:00,juice,situation,22,0,0
5991,29963,2025-08-02 19:40:00,tea,situation,31,1,1
5992,29963,2025-08-02 19:40:00,tea,situation,17,1,1
5993,29973,2025-02-21 15:52:00,frappe,situation,26,1,0
5994,29973,2025-02-21 15:52:00,latte,situation,10,0,0
5995,29985,2025-07-30 12:12:00,smoothie,situation,21,1,0
5996,29985,2025-07-30 12:12:00,frappe,situation,25,0,0
5997,29995,2025-08-13 13:24:00,frappe,situation,25,0,0
5998,29995,2025-08-13 13:24:00,americano,situation,2,0,0
5999,30005,2025-12-01 09:41:00,frappe,situation,13,0,0
6000,30019,2025-03-03 15:41:00,frappe,suggest,26,1,1
6001,30021,2025-06-18 11:26:00,ade,situation,24,1,1
6002,30029,2025-12-20 18:40:00,coldbrew,situation,8,0,0
6003,30038,2025-09-21 11:56:00,non-coffee,situation,14,0,0
6004,30055,2025-02-08 14:55:00,smoothie,suggest,20,0,0
6005,30078,2025-01-22 18:05:00,latte,situation,23,0,0
6006,30085,2025-02-24 08:20:00,espresso,suggest,1,1,0
6007,30085,2025-02-24 08:20:00,latte,situation,23,1,1
6008,30086,2025-02-26 18:03:00,latte,situation,10,0,0
6009,30086,2025-02-26 18:03:00,tea,situation,31,0,0
6010,30087,2025-07-16 17:54:00,tea,situation,16,0,0
6011,30087,2025-07-16 17:54:00,americano,situation,3,0,0
6012,30099,2025-10-05 11:28:00,ade,situation,19,1,1
6013,30101,2025-07-15 11:37:00,latte,situation,5,1,1
6014,30105,2025-08-22 18:00:00,frappe,situation,26,1,1
6015,30112,2025-09-10 14:51:00,cappuccino,situation,6,1,1
6016,30112,2025-09-10 14:51:00,non-coffee,situation,14,1,0
6017,30138,2025-05-13 22:46:00,tea,suggest,27,1,0
6018,30138,2025-05-13 22:46:00,tea,situation,28,0,0
6019,30141,2025-04-18 12:00:00,ade,suggest,19,1,0
6020,30147,2025-09-24 22:01:00,ade,situation,24,1,0
6021,30147,2025-09-24 22:01:00,tea,situation,31,0,0
6022,30148,2025-12-05 14:44:00,tea,situation,15,0,0
6023,30158,2025-10-18 12:07:00,tea,suggest,31,0,0
6024,30163,2025-11-23 08:09:00,americano,situation,2,0,0
6025,30163,2025-11-23 08:09:00,coldbrew,situation,8,0,0
6026,30164,2025-12-12 08:39:00,coldbrew,suggest,7,1,1
6027,30166,2025-10-10 12:24:00,americano,suggest,3,1,1
6028,30172,2025-11-04 07:28:00,latte,suggest,5,1,0
6029,30173,2025-02-24 09:07:00,americano,suggest,3,0,0
6030,30178,2025-02-03 12:01:00,tea,suggest,28,0,0
6031,30180,2025-02-18 15:38:00,frappe,suggest,25,0,0
6032,30183,2025-12-27 20:39:00,ade,situation,18,1,1
6033,30183,2025-12-27 20:39:00,tea,situation,29,1,1
6034,30191,2025-02-10 07:34:00,coldbrew,situation,7,0,0
6035,30197,2025-04-20 16:34:00,americano,situation,2,0,0
6036,30197,2025-04-20 16:34:00,ade,situation,18,1,1
6037,30221,2025-12-24 15:43:00,americano,situation,3,0,0
6038,30236,2025-12-21 16:18:00,tea,situation,27,0,0
6039,30237,2025-12-10 12:52:00,tea,situation,31,1,1
6040,30247,2025-12-18 09:05:00,ade,situation,18,1,1
6041,30247,2025-12-18 09:05:00,frappe,suggest,26,0,0
6042,30274,2025-05-02 12:45:00,latte,suggest,11,1,1
6043,30290,2025-06-25 14:38:00,tea,situation,31,1,1
6044,30290,2025-06-25 14:38:00,latte,suggest,11,0,0
6045,30299,2025-09-19 08:21:00,coldbrew,situation,7,1,1
6046,30329,2025-03-18 09:14:00,frappe,situation,13,0,0
6047,30330,2025-09-26 16:20:00,frappe,suggest,12,0,0
6048,30330,2025-09-26 16:20:00,latte,situation,11,0,0
6049,30343,2025-02-14 08:55:00,latte,situation,5,0,0
6050,30353,2025-02-23 20:00:00,tea,situation,31,1,0
6051,30353,2025-02-23 20:00:00,ade,suggest,18,1,1
6052,30367,2025-12-02 15:04:00,tea,situation,30,1,1
6053,30370,2025-10-17 12:47:00,tea,situation,30,0,0
6054,30404,2025-06-14 11:12:00,drip,suggest,9,0,0
6055,30412,2025-06-14 20:11:00,latte,situation,11,1,1
6056,30412,2025-06-14 20:11:00,americano,situation,2,1,0
6057,30414,2025-06-10 16:23:00,espresso,situation,1,1,0
6058,30414,2025-06-10 16:23:00,ade,situation,19,0,0
6059,30424,2025-09-15 09:18:00,coldbrew,suggest,7,0,0
6060,30426,2025-08-27 18:57:00,frappe,situation,25,1,0
6061,30426,2025-08-27 18:57:00,tea,situation,16,0,0
6062,30435,2025-02-11 09:30:00,americano,suggest,2,1,1
6063,30449,2025-10-13 12:11:00,frappe,situation,26,1,0
6064,30462,2025-05-18 12:28:00,tea,situation,17,0,0
6065,30466,2025-11-21 15:58:00,smoothie,situation,32,1,1
6066,30473,2025-02-15 19:03:00,coldbrew,situation,8,1,0
6067,30479,2025-05-08 07:14:00,cappuccino,situation,6,1,0
6068,30479,2025-05-08 07:14:00,tea,situation,17,0,0
6069,30499,2025-12-09 17:35:00,latte,situation,23,1,0
6070,30499,2025-12-09 17:35:00,smoothie,suggest,32,0,0
6071,30507,2025-08-28 16:30:00,ade,suggest,19,0,0
6072,30523,2025-08-01 12:01:00,tea,suggest,28,1,0
6073,30526,2025-09-04 16:07:00,latte,situation,5,1,1
6074,30531,2025-04-30 14:22:00,coldbrew,suggest,7,1,1
6075,30531,2025-04-30 14:22:00,frappe,suggest,25,1,1
6076,30533,2025-01-20 15:01:00,frappe,situation,25,1,1
6077,30534,2025-01-09 22:50:00,latte,situation,11,0,0
6078,30536,2025-04-08 08:44:00,coldbrew,suggest,7,0,0
6079,30540,2025-05-05 14:49:00,frappe,suggest,25,0,0
6080,30549,2025-01-05 08:54:00,tea,suggest,28,1,1
6081,30549,2025-01-05 08:54:00,drip,situation,9,0,0
6082,30552,2025-10-08 15:25:00,tea,suggest,28,0,0
6083,30570,2025-07-05 15:59:00,ade,suggest,19,1,0
6084,30585,2025-11-26 18:17:00,tea,suggest,17,1,1
6085,30592,2025-06-11 22:09:00,frappe,suggest,25,1,0
6086,30592,2025-06-11 22:09:00,smoothie,situation,21,1,1
6087,30594,2025-10-10 12:22:00,juice,suggest,22,0,0
6088,30597,2025-04-21 11:17:00,frappe,suggest,12,1,0
6089,30601,2025-07-06 07:00:00,ade,situation,18,1,1
6090,30601,2025-07-06 07:00:00,tea,situation,31,1,1
6091,30609,2025-04-07 13:51:00,latte,suggest,11,0,0
6092,30618,2025-10-23 08:39:00,coldbrew,situation,7,0,0
6093,30620,2025-12-15 13:45:00,americano,suggest,2,0,0
6094,30623,2025-06-08 11:44:00,frappe,situation,13,0,0
6095,30627,2025-10-04 09:21:00,espresso,situation,1,0,0
6096,30632,2025-05-29 21:53:00,latte,situation,5,1,1
6097,30632,2025-05-29 21:53:00,coldbrew,suggest,8,0,0
6098,30642,2025-10-20 11:00:00,americano,situation,2,0,0
6099,30642,2025-10-20 11:00:00,latte,situation,4,0,0
6100,30644,2025-08-25 15:22:00,tea,situation,27,1,1
6101,30644,2025-08-25 15:22:00,smoothie,suggest,32,1,1
6102,30649,2025-10-13 12:56:00,americano,situation,2,0,0
6103,30650,2025-12-24 12:52:00,tea,suggest,27,0,0
6104,30650,2025-12-24 12:52:00,tea,situation,30,1,1
6105,30651,2025-03-25 11:24:00,frappe,situation,26,1,1
6106,30655,2025-11-27 09:16:00,smoothie,situation,32,1,0
6107,30656,2025-10-14 16:57:00,ade,situation,18,1,1
6108,30657,2025-04-29 09:42:00,tea,suggest,30,1,1
6109,30657,2025-04-29 09:42:00,tea,situation,27,1,1
6110,30663,2025-01-05 18:35:00,frappe,suggest,26,1,1
6111,30663,2025-01-05 18:35:00,non-coffee,suggest,14,0,0
6112,30665,2025-02-27 15:23:00,smoothie,situation,32,0,0
6113,30665,2025-02-27 15:23:00,tea,situation,30,1,1
6114,30674,2025-04-17 17:03:00,tea,situation,31,1,0
6115,30686,2025-02-25 14:57:00,ade,situation,19,0,0
6116,30693,2025-09-28 19:23:00,tea,situation,15,1,1
6117,30699,2025-03-28 17:11:00,drip,situation,9,1,0
6118,30699,2025-03-28 17:11:00,non-coffee,suggest,14,1,0
6119,30702,2025-08-23 09:32:00,drip,situation,9,1,0
6120,30710,2025-03-23 09:55:00,frappe,situation,12,0,0
6121,30710,2025-03-23 09:55:00,latte,suggest,4,1,1
6122,30728,2025-06-07 08:58:00,smoothie,situation,32,1,1
6123,30738,2025-11-02 14:41:00,frappe,situation,26,0,0
6124,30738,2025-11-02 14:41:00,cappuccino,situation,6,0,0
6125,30739,2025-12-21 15:30:00,frappe,situation,26,1,1
6126,30741,2025-03-13 08:50:00,latte,situation,5,1,1
6127,30741,2025-03-13 08:50:00,tea,situation,28,1,1
6128,30744,2025-01-16 18:40:00,tea,suggest,17,1,1
6129,30760,2025-10-16 09:26:00,cappuccino,situation,6,1,1
6130,30770,2025-11-25 07:39:00,frappe,suggest,26,0,0
6131,30772,2025-09-07 12:16:00,ade,suggest,24,0,0
6132,30773,2025-03-10 13:22:00,frappe,situation,13,1,1
6133,30775,2025-07-04 14:37:00,coldbrew,situation,8,1,0
6134,30775,2025-07-04 14:37:00,smoothie,situation,20,1,1
6135,30784,2025-06-23 12:01:00,tea,suggest,17,1,0
6136,30795,2025-04-11 08:57:00,tea,suggest,16,1,1
6137,30795,2025-04-11 08:57:00,drip,situation,9,0,0
6138,30797,2025-09-13 18:52:00,tea,situation,29,0,0
6139,30797,2025-09-13 18:52:00,frappe,suggest,12,0,0
6140,30813,2025-04-01 18:59:00,frappe,situation,12,1,1
6141,30817,2025-12-02 09:34:00,drip,situation,9,0,0
6142,30818,2025-05-31 16:16:00,tea,situation,17,0,0
6143,30834,2025-01-01 12:28:00,ade,situation,24,0,0
6144,30837,2025-01-12 15:33:00,frappe,situation,12,1,1
6145,30847,2025-07-31 22:32:00,frappe,suggest,25,1,0
6146,30847,2025-07-31 22:32:00,ade,situation,18,0,0
6147,30850,2025-09-02 11:08:00,americano,situation,2,1,0
6148,30852,2025-12-01 12:55:00,latte,suggest,23,0,0
6149,30852,2025-12-01 12:55:00,ade,situation,19,1,1
6150,30853,2025-05-31 11:28:00,tea,situation,16,0,0
6151,30855,2025-11-12 22:54:00,tea,situation,29,1,1
6152,30867,2025-11-17 07:01:00,americano,suggest,3,1,1
6153,30904,2025-07-24 20:33:00,tea,situation,29,1,0
6154,30917,2025-04-24 15:11:00,ade,situation,24,0,0
6155,30921,2025-08-16 12:45:00,americano,situation,2,0,0
6156,30921,2025-08-16 12:45:00,ade,situation,19,1,1
6157,30926,2025-09-16 15:45:00,ade,situation,24,1,0
6158,30926,2025-09-16 15:45:00,latte,situation,11,0,0
6159,30935,2025-04-15 13:49:00,cappuccino,situation,6,0,0
6160,30937,2025-03-26 13:23:00,latte,situation,4,1,0
6161,30937,2025-03-26 13:23:00,cappuccino,situation,6,0,0
6162,30945,2025-05-26 14:59:00,ade,situation,19,0,0
6163,30953,2025-01-29 20:54:00,tea,situation,31,0,0
6164,30963,2025-11-08 09:52:00,frappe,situation,25,1,1
6165,30965,2025-11-21 08:16:00,tea,situation,28,1,1
6166,30975,2025-10-24 11:02:00,cappuccino,situation,6,0,0
6167,30981,2025-11-18 07:13:00,coldbrew,situation,7,0,0
6168,30989,2025-02-09 09:06:00,drip,suggest,9,0,0
6169,30999,2025-05-20 09:41:00,tea,situation,16,1,0
6170,30999,2025-05-20 09:41:00,americano,situation,2,1,0
6171,31005,2025-11-30 14:45:00,tea,suggest,30,0,0
6172,31007,2025-06-30 14:23:00,ade,situation,24,0,0
6173,31012,2025-08-12 18:32:00,tea,situation,29,0,0
6174,31017,2025-04-07 12:48:00,non-coffee,situation,14,0,0
6175,31020,2025-06-14 15:10:00,tea,situation,29,1,1
6176,31024,2025-04-05 22:47:00,tea,suggest,27,1,1
6177,31027,2025-10-03 14:28:00,smoothie,situation,20,1,0
6178,31034,2025-01-12 18:25:00,americano,suggest,2,0,0
6179,31043,2025-09-25 08:18:00,smoothie,situation,21,1,0
6180,31046,2025-09-24 21:33:00,smoothie,situation,20,1,1
6181,31059,2025-11-15 07:17:00,tea,situation,30,0,0
6182,31061,2025-07-15 08:54:00,juice,situation,22,0,0
6183,31066,2025-02-14 16:02:00,latte,situation,10,0,0
6184,31078,2025-12-21 08:11:00,espresso,suggest,1,0,0
6185,31086,2025-01-13 09:33:00,tea,situation,27,1,1
6186,31100,2025-07-03 17:32:00,tea,situation,17,0,0
6187,31106,2025-06-28 19:47:00,juice,situation,22,1,0
6188,31115,2025-09-10 09:14:00,tea,situation,30,1,0
6189,31116,2025-06-11 22:21:00,ade,suggest,18,0,0
6190,31124,2025-02-14 09:41:00,tea,situation,15,0,0
6191,31124,2025-02-14 09:41:00,tea,suggest,16,1,0
6192,31129,2025-06-13 14:53:00,frappe,situation,26,0,0
6193,31131,2025-09-16 14:21:00,frappe,situation,26,1,1
6194,31136,2025-04-12 11:02:00,tea,situation,31,1,1
6195,31149,2025-07-14 13:55:00,coldbrew,situation,7,0,0
6196,31149,2025-07-14 13:55:00,latte,situation,5,0,0
6197,31150,2025-01-02 14:25:00,frappe,situation,13,1,0
6198,31158,2025-02-07 15:18:00,juice,situation,22,0,0
6199,31162,2025-04-11 08:08:00,americano,situation,3,0,0
6200,31162,2025-04-11 08:08:00,coldbrew,suggest,7,1,0
6201,31170,2025-02-22 19:13:00,tea,situation,15,1,1
6202,31170,2025-02-22 19:13:00,smoothie,suggest,32,1,1
6203,31171,2025-08-01 09:23:00,coldbrew,situation,8,1,0
6204,31178,2025-10-16 16:14:00,tea,situation,31,0,0
6205,31185,2025-04-13 14:44:00,tea,suggest,29,1,1
6206,31188,2025-06-29 16:21:00,coldbrew,situation,7,1,0
6207,31190,2025-05-01 11:56:00,latte,situation,23,1,1
6208,31190,2025-05-01 11:56:00,frappe,suggest,25,1,0
6209,31204,2025-04-06 19:45:00,juice,situation,22,0,0
6210,31204,2025-04-06 19:45:00,tea,situation,30,0,0
6211,31208,2025-02-01 19:52:00,cappuccino,situation,6,0,0
6212,31209,2025-07-31 14:37:00,smoothie,suggest,32,1,0
6213,31222,2025-02-04 11:09:00,tea,suggest,27,1,1
6214,31230,2025-08-26 11:00:00,ade,situation,24,1,1
6215,31230,2025-08-26 11:00:00,latte,situation,23,0,0
6216,31234,2025-02-09 12:59:00,latte,situation,5,0,0
6217,31234,2025-02-09 12:59:00,americano,situation,3,0,0
6218,31250,2025-04-04 09:38:00,latte,situation,10,1,1
6219,31252,2025-04-12 15:02:00,latte,suggest,4,0,0
6220,31252,2025-04-12 15:02:00,coldbrew,suggest,7,0,0
6221,31254,2025-05-09 19:05:00,frappe,situation,25,1,1
6222,31265,2025-08-16 15:02:00,smoothie,situation,21,1,1
6223,31265,2025-08-16 15:02:00,tea,situation,15,1,0
6224,31286,2025-11-01 09:09:00,latte,suggest,5,1,0
6225,31294,2025-03-08 14:12:00,ade,situation,18,1,0
6226,31303,2025-12-29 21:33:00,tea,situation,16,1,0
6227,31320,2025-04-26 09:16:00,tea,suggest,30,0,0
6228,31321,2025-04-10 07:13:00,tea,suggest,15,0,0
6229,31331,2025-05-11 16:19:00,ade,situation,18,1,1
6230,31332,2025-08-07 15:47:00,latte,situation,23,1,1
6231,31340,2025-02-15 09:47:00,tea,situation,30,0,0
6232,31343,2025-07-28 12:22:00,drip,situation,9,1,1
6233,31343,2025-07-28 12:22:00,ade,situation,24,1,1
6234,31351,2025-11-28 11:11:00,coldbrew,situation,8,0,0
6235,31351,2025-11-28 11:11:00,americano,suggest,2,0,0
6236,31357,2025-12-05 16:44:00,coldbrew,suggest,8,1,1
6237,31357,2025-12-05 16:44:00,juice,situation,22,1,1
6238,31358,2025-06-18 14:58:00,tea,suggest,28,1,0
6239,31375,2025-03-24 07:10:00,coldbrew,situation,8,0,0
6240,31379,2025-12-24 18:12:00,frappe,situation,25,1,1
6241,31382,2025-10-09 14:11:00,smoothie,situation,20,1,1
6242,31389,2025-04-02 11:34:00,tea,suggest,16,1,0
6243,31392,2025-07-06 09:04:00,americano,situation,2,1,1
6244,31396,2025-07-13 11:17:00,smoothie,situation,20,1,0
6245,31397,2025-06-22 17:30:00,ade,situation,19,1,1
6246,31400,2025-04-06 09:39:00,smoothie,suggest,20,0,0
6247,31400,2025-04-06 09:39:00,drip,situation,9,1,1
6248,31411,2025-05-02 12:01:00,smoothie,situation,21,0,0
6249,31415,2025-10-31 22:29:00,ade,situation,18,1,1
6250,31415,2025-10-31 22:29:00,latte,situation,4,1,1
6251,31421,2025-04-19 17:34:00,tea,situation,17,0,0
6252,31421,2025-04-19 17:34:00,latte,suggest,5,1,1
6253,31430,2025-05-24 11:42:00,frappe,situation,26,1,1
6254,31431,2025-09-26 14:17:00,smoothie,suggest,32,0,0
6255,31432,2025-10-14 19:15:00,tea,situation,30,1,1
6256,31437,2025-09-04 19:32:00,non-coffee,suggest,14,0,0
6257,31444,2025-09-01 15:38:00,americano,suggest,3,0,0
6258,31447,2025-01-10 11:39:00,ade,situation,18,0,0
6259,31447,2025-01-10 11:39:00,americano,suggest,3,0,0
6260,31454,2025-09-01 09:00:00,espresso,situation,1,1,1
6261,31454,2025-09-01 09:00:00,coldbrew,suggest,7,1,1
6262,31457,2025-07-21 14:37:00,tea,situation,29,0,0
6263,31462,2025-10-20 09:34:00,latte,situation,10,0,0
6264,31476,2025-03-15 14:44:00,ade,suggest,18,0,0
6265,31476,2025-03-15 14:44:00,non-coffee,situation,14,0,0
6266,31477,2025-10-11 17:10:00,smoothie,situation,20,1,0
6267,31478,2025-01-03 12:11:00,americano,suggest,2,0,0
6268,31478,2025-01-03 12:11:00,coldbrew,situation,7,0,0
6269,31494,2025-08-01 15:51:00,latte,suggest,10,0,0
6270,31494,2025-08-01 15:51:00,latte,situation,11,0,0
6271,31500,2025-11-16 18:34:00,coldbrew,situation,7,0,0
6272,31506,2025-12-13 18:56:00,frappe,suggest,25,1,1
6273,31523,2025-01-24 12:35:00,frappe,situation,12,1,1
6274,31535,2025-04-13 13:55:00,coldbrew,suggest,8,0,0
6275,31535,2025-04-13 13:55:00,tea,situation,28,1,1
6276,31542,2025-08-17 12:18:00,frappe,situation,12,0,0
6277,31542,2025-08-17 12:18:00,frappe,situation,13,1,0
6278,31546,2025-05-25 20:14:00,drip,suggest,9,1,1
6279,31551,2025-11-30 08:52:00,espresso,suggest,1,1,1
6280,31561,2025-04-06 12:50:00,espresso,situation,1,1,0
6281,31561,2025-04-06 12:50:00,tea,situation,29,0,0
6282,31576,2025-10-06 15:32:00,smoothie,situation,21,1,1
6283,31590,2025-01-16 12:01:00,tea,situation,31,1,0
6284,31590,2025-01-16 12:01:00,smoothie,situation,20,0,0
6285,31597,2025-12-19 08:49:00,tea,situation,17,1,1
6286,31601,2025-06-06 07:48:00,tea,suggest,17,0,0
6287,31601,2025-06-06 07:48:00,cappuccino,situation,6,0,0
6288,31604,2025-03-01 12:03:00,latte,situation,23,1,1
6289,31611,2025-09-08 13:32:00,frappe,situation,25,1,0
6290,31612,2025-11-24 12:18:00,latte,situation,23,1,1
6291,31612,2025-11-24 12:18:00,tea,situation,16,0,0
6292,31613,2025-08-29 08:11:00,frappe,suggest,12,1,1
6293,31621,2025-10-30 13:07:00,americano,situation,3,0,0
6294,31622,2025-09-07 09:07:00,espresso,situation,1,1,1
6295,31622,2025-09-07 09:07:00,americano,situation,2,1,1
6296,31632,2025-04-10 15:54:00,americano,situation,2,1,0
6297,31632,2025-04-10 15:54:00,frappe,suggest,13,1,1
6298,31634,2025-09-03 15:11:00,frappe,suggest,13,1,0
6299,31641,2025-06-02 19:35:00,ade,suggest,18,0,0
6300,31651,2025-01-03 16:05:00,frappe,suggest,13,0,0
6301,31654,2025-03-13 15:00:00,ade,suggest,24,1,0
6302,31654,2025-03-13 15:00:00,frappe,situation,25,1,1
6303,31666,2025-02-01 16:10:00,americano,situation,3,0,0
6304,31673,2025-07-17 14:25:00,smoothie,situation,20,1,1
6305,31674,2025-08-26 07:19:00,tea,suggest,31,1,1
6306,31689,2025-01-11 20:56:00,tea,situation,17,0,0
6307,31689,2025-01-11 20:56:00,coldbrew,situation,8,0,0
6308,31697,2025-04-17 17:03:00,ade,situation,18,1,1
6309,31697,2025-04-17 17:03:00,ade,situation,18,1,1
6310,31706,2025-03-11 19:40:00,tea,situation,15,1,1
6311,31710,2025-12-18 11:06:00,espresso,situation,1,0,0
6312,31711,2025-07-23 14:56:00,tea,situation,30,1,0
6313,31714,2025-09-24 14:42:00,cappuccino,situation,6,0,0
6314,31739,2025-06-01 07:14:00,tea,situation,17,1,1
6315,31739,2025-06-01 07:14:00,tea,situation,16,1,1
6316,31746,2025-03-24 14:40:00,tea,suggest,28,1,1
6317,31752,2025-08-25 16:24:00,tea,suggest,27,1,0
6318,31757,2025-01-16 11:18:00,espresso,situation,1,0,0
6319,31762,2025-10-29 11:15:00,frappe,situation,12,0,0
6320,31763,2025-05-13 09:19:00,latte,suggest,11,1,0
6321,31765,2025-08-22 15:20:00,non-coffee,situation,14,0,0
6322,31781,2025-03-14 09:05:00,americano,suggest,3,0,0
6323,31786,2025-05-14 07:41:00,frappe,situation,13,1,0
6324,31790,2025-03-24 18:14:00,tea,situation,16,1,1
6325,31790,2025-03-24 18:14:00,tea,situation,30,0,0
6326,31791,2025-04-15 09:10:00,tea,situation,30,1,0
6327,31797,2025-09-26 09:44:00,drip,situation,9,1,1
6328,31797,2025-09-26 09:44:00,latte,suggest,4,0,0
6329,31813,2025-08-15 13:50:00,frappe,situation,26,1,1
6330,31815,2025-10-22 17:11:00,frappe,situation,12,0,0
6331,31815,2025-10-22 17:11:00,frappe,situation,12,0,0
6332,31821,2025-04-21 13:27:00,tea,situation,17,1,0
6333,31826,2025-06-28 08:57:00,coldbrew,situation,8,1,0
6334,31838,2025-04-01 19:22:00,tea,suggest,29,0,0
6335,31841,2025-06-03 18:32:00,tea,situation,16,1,1
6336,31844,2025-06-24 14:24:00,smoothie,suggest,21,0,0
6337,31847,2025-06-30 19:48:00,coldbrew,situation,8,1,0
6338,31847,2025-06-30 19:48:00,cappuccino,situation,6,1,0
6339,31851,2025-08-24 12:58:00,frappe,suggest,13,0,0
6340,31851,2025-08-24 12:58:00,ade,situation,24,0,0
6341,31857,2025-02-07 18:39:00,coldbrew,situation,7,1,0
6342,31857,2025-02-07 18:39:00,americano,situation,3,0,0
6343,31863,2025-12-10 18:24:00,tea,situation,29,1,0
6344,31874,2025-08-26 15:44:00,americano,situation,3,1,0
6345,31876,2025-03-25 15:21:00,latte,situation,10,0,0
6346,31887,2025-10-16 07:14:00,americano,situation,3,1,0
6347,31891,2025-03-24 08:54:00,frappe,suggest,13,1,1
6348,31893,2025-02-06 08:20:00,tea,situation,16,0,0
6349,31896,2025-09-01 09:22:00,cappuccino,suggest,6,1,1
6350,31900,2025-11-01 14:24:00,tea,situation,29,0,0
6351,31902,2025-11-25 15:48:00,ade,situation,24,0,0
6352,31908,2025-01-16 19:23:00,tea,suggest,27,1,1
6353,31910,2025-06-21 09:25:00,latte,situation,10,1,1
6354,31910,2025-06-21 09:25:00,latte,situation,11,0,0
6355,31915,2025-12-07 13:41:00,non-coffee,situation,14,1,0
6356,31915,2025-12-07 13:41:00,frappe,suggest,13,0,0
6357,31924,2025-12-19 12:07:00,tea,suggest,31,0,0
6358,31924,2025-12-19 12:07:00,latte,situation,10,1,1
6359,31925,2025-05-05 07:10:00,smoothie,suggest,21,1,0
6360,31925,2025-05-05 07:10:00,cappuccino,situation,6,1,1
6361,31931,2025-05-12 18:33:00,tea,suggest,30,0,0
6362,31953,2025-07-09 12:18:00,frappe,suggest,12,0,0
6363,31958,2025-04-13 08:18:00,ade,situation,24,1,1
6364,31962,2025-01-06 09:42:00,tea,situation,16,0,0
6365,31963,2025-08-16 18:10:00,tea,situation,16,0,0
6366,31965,2025-06-23 09:57:00,latte,suggest,10,1,0
6367,31966,2025-06-08 09:49:00,coldbrew,suggest,7,0,0
6368,31968,2025-09-11 09:59:00,latte,situation,4,1,1
6369,31968,2025-09-11 09:59:00,smoothie,situation,20,1,0
6370,31982,2025-09-27 08:36:00,americano,suggest,3,0,0
6371,31986,2025-09-25 16:58:00,frappe,situation,26,1,1
6372,31986,2025-09-25 16:58:00,tea,situation,29,0,0
6373,32000,2025-07-19 13:39:00,latte,situation,10,1,0
6374,32019,2025-04-12 07:58:00,smoothie,situation,21,0,0
6375,32024,2025-11-06 15:20:00,latte,situation,5,0,0
6376,32030,2025-08-05 09:33:00,tea,suggest,29,1,1
6377,32030,2025-08-05 09:33:00,drip,situation,9,0,0
6378,32032,2025-10-11 21:55:00,smoothie,situation,20,1,1
6379,32036,2025-06-16 15:54:00,smoothie,situation,21,0,0
6380,32036,2025-06-16 15:54:00,espresso,situation,1,1,0
6381,32044,2025-12-09 21:41:00,frappe,suggest,12,1,0
6382,32052,2025-04-02 08:07:00,tea,situation,17,1,1
6383,32052,2025-04-02 08:07:00,tea,situation,17,1,1
6384,32057,2025-10-31 11:17:00,latte,suggest,4,0,0
6385,32058,2025-11-21 08:48:00,smoothie,suggest,32,0,0
6386,32065,2025-10-10 12:22:00,drip,suggest,9,1,0
6387,32068,2025-09-29 08:34:00,latte,situation,11,0,0
6388,32076,2025-12-21 17:24:00,tea,situation,30,1,0
6389,32084,2025-03-18 21:27:00,latte,suggest,11,1,1
6390,32086,2025-06-01 17:44:00,latte,situation,5,1,0
6391,32092,2025-09-15 12:37:00,americano,situation,3,0,0
6392,32093,2025-10-29 08:59:00,latte,situation,11,0,0
6393,32098,2025-12-29 19:03:00,coldbrew,situation,7,0,0
6394,32099,2025-09-20 09:50:00,non-coffee,suggest,14,0,0
6395,32101,2025-05-23 13:02:00,tea,suggest,30,0,0
6396,32107,2025-03-08 18:43:00,latte,situation,23,1,0
6397,32119,2025-07-10 19:06:00,latte,situation,10,1,0
6398,32119,2025-07-10 19:06:00,latte,suggest,4,0,0
6399,32120,2025-11-11 09:50:00,tea,situation,27,1,1
6400,32124,2025-01-25 19:00:00,frappe,situation,13,1,1
6401,32128,2025-05-31 11:32:00,tea,situation,27,1,0
6402,32128,2025-05-31 11:32:00,latte,suggest,5,0,0
6403,32134,2025-12-09 18:28:00,ade,suggest,18,0,0
6404,32134,2025-12-09 18:28:00,frappe,situation,13,1,0
6405,32137,2025-03-14 09:30:00,latte,situation,23,1,1
6406,32138,2025-05-13 08:33:00,tea,situation,16,0,0
6407,32146,2025-12-15 09:04:00,smoothie,suggest,32,0,0
6408,32148,2025-02-09 13:48:00,coldbrew,suggest,7,0,0
6409,32148,2025-02-09 13:48:00,smoothie,situation,21,0,0
6410,32159,2025-05-08 07:35:00,juice,suggest,22,0,0
6411,32159,2025-05-08 07:35:00,americano,situation,3,0,0
6412,32163,2025-08-06 11:51:00,tea,situation,17,1,0
6413,32163,2025-08-06 11:51:00,tea,situation,16,1,1
6414,32168,2025-02-28 18:54:00,juice,situation,22,0,0
6415,32182,2025-06-22 14:55:00,ade,situation,18,1,1
6416,32186,2025-05-24 07:58:00,espresso,suggest,1,0,0
6417,32195,2025-11-19 20:55:00,coldbrew,situation,8,1,0
6418,32195,2025-11-19 20:55:00,tea,situation,29,1,0
6419,32202,2025-06-28 11:59:00,smoothie,situation,32,1,1
6420,32229,2025-11-02 14:43:00,cappuccino,situation,6,0,0
6421,32239,2025-11-20 17:57:00,frappe,situation,12,0,0
6422,32247,2025-08-17 09:46:00,coldbrew,situation,7,0,0
6423,32247,2025-08-17 09:46:00,frappe,situation,13,0,0
6424,32251,2025-01-17 13:48:00,espresso,situation,1,0,0
6425,32257,2025-08-07 17:33:00,smoothie,situation,32,0,0
6426,32263,2025-07-01 14:13:00,frappe,situation,25,1,0
6427,32280,2025-08-01 16:48:00,latte,situation,5,1,1
6428,32296,2025-09-19 08:17:00,tea,suggest,17,1,0
6429,32301,2025-02-06 09:32:00,frappe,suggest,13,0,0
6430,32302,2025-03-19 13:46:00,espresso,situation,1,0,0
6431,32302,2025-03-19 13:46:00,tea,suggest,30,1,0
6432,32309,2025-08-21 07:20:00,non-coffee,suggest,14,0,0
6433,32327,2025-05-03 07:06:00,tea,situation,27,1,1
6434,32337,2025-12-12 14:51:00,frappe,situation,25,0,0
6435,32344,2025-04-06 09:18:00,smoothie,situation,21,1,1
6436,32344,2025-04-06 09:18:00,tea,situation,17,1,1
6437,32351,2025-04-25 07:06:00,tea,situation,15,0,0
6438,32351,2025-04-25 07:06:00,coldbrew,situation,7,0,0
6439,32360,2025-01-22 12:30:00,coldbrew,situation,7,0,0
6440,32360,2025-01-22 12:30:00,latte,situation,23,0,0
6441,32367,2025-04-28 08:41:00,americano,situation,2,1,1
6442,32373,2025-04-27 17:54:00,tea,situation,16,0,0
6443,32380,2025-01-20 09:31:00,non-coffee,suggest,14,1,1
6444,32380,2025-01-20 09:31:00,juice,situation,22,0,0
6445,32381,2025-10-07 08:50:00,espresso,situation,1,1,1
6446,32385,2025-07-24 15:25:00,tea,suggest,31,1,1
6447,32392,2025-01-29 09:36:00,americano,situation,3,1,0
6448,32392,2025-01-29 09:36:00,ade,situation,19,0,0
6449,32395,2025-06-13 09:31:00,americano,situation,2,0,0
6450,32396,2025-04-15 16:16:00,frappe,situation,13,1,0
6451,32396,2025-04-15 16:16:00,juice,situation,22,0,0
6452,32405,2025-05-03 14:06:00,smoothie,situation,21,0,0
6453,32415,2025-10-16 18:22:00,tea,situation,30,1,0
6454,32419,2025-02-18 19:35:00,tea,situation,29,1,1
6455,32425,2025-09-16 07:39:00,tea,situation,17,0,0
6456,32425,2025-09-16 07:39:00,latte,situation,5,1,0
6457,32429,2025-12-07 16:53:00,coldbrew,situation,7,1,1
6458,32429,2025-12-07 16:53:00,americano,situation,3,0,0
6459,32461,2025-06-10 12:08:00,ade,situation,19,1,1
6460,32482,2025-09-06 08:53:00,americano,situation,2,0,0
6461,32486,2025-02-15 19:36:00,tea,situation,15,0,0
6462,32492,2025-12-30 08:03:00,latte,situation,23,0,0
6463,32492,2025-12-30 08:03:00,americano,situation,3,1,0
6464,32495,2025-09-09 15:10:00,tea,situation,16,1,1
6465,32519,2025-10-07 17:57:00,smoothie,suggest,21,0,0
6466,32519,2025-10-07 17:57:00,tea,situation,27,0,0
6467,32521,2025-06-20 08:28:00,americano,suggest,3,1,0
6468,32527,2025-07-25 21:55:00,frappe,suggest,12,1,0
6469,32529,2025-09-26 16:02:00,tea,situation,16,1,1
6470,32530,2025-01-27 08:05:00,espresso,situation,1,1,1
6471,32544,2025-02-18 07:41:00,tea,situation,30,1,0
6472,32548,2025-12-16 08:50:00,frappe,suggest,26,1,0
6473,32553,2025-01-06 21:06:00,latte,situation,23,0,0
6474,32568,2025-11-03 21:45:00,tea,situation,31,0,0
6475,32572,2025-08-21 12:48:00,cappuccino,situation,6,1,0
6476,32580,2025-02-18 13:07:00,tea,situation,28,1,1
6477,32589,2025-01-26 14:55:00,smoothie,suggest,32,0,0
6478,32591,2025-10-25 20:04:00,smoothie,suggest,32,1,1
6479,32592,2025-03-14 18:53:00,ade,situation,18,1,0
6480,32599,2025-08-22 12:26:00,latte,suggest,5,1,0
6481,32607,2025-11-02 22:54:00,latte,situation,11,1,0
6482,32608,2025-01-06 20:52:00,frappe,situation,13,1,1
6483,32621,2025-01-12 17:07:00,frappe,situation,13,1,1
6484,32622,2025-11-12 14:43:00,americano,situation,2,0,0
6485,32623,2025-10-05 09:48:00,americano,situation,2,1,1
6486,32631,2025-11-25 07:56:00,latte,situation,11,1,0
6487,32651,2025-10-12 21:31:00,non-coffee,situation,14,1,1
6488,32679,2025-05-25 17:11:00,tea,situation,28,1,1
6489,32683,2025-12-07 13:58:00,frappe,situation,13,0,0
6490,32695,2025-09-05 09:32:00,non-coffee,situation,14,0,0
6491,32696,2025-10-23 09:06:00,tea,suggest,16,1,1
6492,32712,2025-01-23 15:00:00,tea,suggest,28,1,1
6493,32713,2025-01-16 14:09:00,frappe,suggest,26,0,0
6494,32713,2025-01-16 14:09:00,latte,suggest,10,1,0
6495,32718,2025-06-22 09:12:00,drip,situation,9,1,1
6496,32720,2025-07-03 14:55:00,non-coffee,situation,14,0,0
6497,32720,2025-07-03 14:55:00,smoothie,suggest,32,1,1
6498,32721,2025-03-24 16:48:00,frappe,situation,12,1,0
6499,32723,2025-11-19 07:48:00,ade,situation,19,0,0
6500,32723,2025-11-19 07:48:00,non-coffee,suggest,14,1,0
6501,32734,2025-04-24 14:29:00,tea,suggest,16,1,1
6502,32734,2025-04-24 14:29:00,ade,suggest,18,1,1
6503,32740,2025-05-07 13:06:00,latte,situation,4,0,0
6504,32740,2025-05-07 13:06:00,latte,situation,10,0,0
6505,32747,2025-10-14 22:20:00,tea,situation,15,0,0
6506,32749,2025-10-06 12:21:00,latte,situation,23,1,1
6507,32754,2025-12-13 20:33:00,latte,suggest,10,1,1
6508,32754,2025-12-13 20:33:00,frappe,suggest,12,1,1
6509,32767,2025-01-10 14:47:00,smoothie,situation,20,1,1
6510,32767,2025-01-10 14:47:00,coldbrew,situation,8,1,0
6511,32768,2025-09-25 13:28:00,frappe,situation,25,1,1
6512,32768,2025-09-25 13:28:00,latte,situation,11,1,1
6513,32770,2025-03-11 15:09:00,tea,situation,17,0,0
6514,32775,2025-05-13 19:28:00,tea,situation,15,1,0
6515,32775,2025-05-13 19:28:00,frappe,situation,26,1,1
6516,32784,2025-12-26 08:33:00,latte,situation,5,0,0
6517,32784,2025-12-26 08:33:00,latte,situation,4,1,0
6518,32798,2025-10-24 17:26:00,frappe,situation,25,1,1
6519,32808,2025-12-21 13:24:00,smoothie,situation,32,0,0
6520,32809,2025-02-20 19:32:00,americano,situation,3,0,0
6521,32812,2025-03-10 16:22:00,smoothie,situation,32,0,0
6522,32815,2025-08-26 13:02:00,smoothie,situation,21,1,1
6523,32818,2025-01-30 09:13:00,coldbrew,situation,7,1,1
6524,32824,2025-04-16 09:55:00,coldbrew,situation,7,1,0
6525,32828,2025-01-09 22:34:00,frappe,situation,26,0,0
6526,32828,2025-01-09 22:34:00,ade,suggest,18,1,1
6527,32842,2025-11-20 15:51:00,frappe,situation,26,0,0
6528,32848,2025-12-12 15:49:00,smoothie,suggest,32,0,0
6529,32855,2025-08-07 13:13:00,tea,situation,29,1,1
6530,32855,2025-08-07 13:13:00,latte,suggest,11,0,0
6531,32858,2025-03-26 13:56:00,tea,situation,27,0,0
6532,32858,2025-03-26 13:56:00,tea,situation,29,1,1
6533,32862,2025-07-05 08:17:00,non-coffee,situation,14,1,1
6534,32863,2025-11-08 19:37:00,smoothie,situation,21,1,1
6535,32863,2025-11-08 19:37:00,juice,situation,22,0,0
6536,32867,2025-12-29 22:33:00,ade,situation,18,1,0
6537,32870,2025-02-08 17:23:00,tea,situation,31,1,0
6538,32873,2025-02-09 15:53:00,drip,situation,9,1,0
6539,32873,2025-02-09 15:53:00,latte,situation,5,1,1
6540,32875,2025-11-10 07:34:00,americano,situation,2,1,0
6541,32875,2025-11-10 07:34:00,tea,suggest,15,0,0
6542,32891,2025-04-24 11:46:00,latte,situation,11,1,0
6543,32891,2025-04-24 11:46:00,frappe,situation,12,0,0
6544,32899,2025-05-17 09:11:00,juice,situation,22,0,0
6545,32901,2025-11-03 12:35:00,latte,situation,10,1,0
6546,32909,2025-10-10 21:06:00,smoothie,situation,20,0,0
6547,32921,2025-05-11 19:51:00,tea,situation,29,1,0
6548,32927,2025-04-02 20:25:00,tea,situation,28,1,1
6549,32932,2025-05-13 13:55:00,latte,suggest,10,1,1
6550,32933,2025-09-16 15:39:00,latte,situation,5,1,1
6551,32933,2025-09-16 15:39:00,frappe,situation,12,0,0
6552,32934,2025-07-07 09:51:00,smoothie,suggest,32,0,0
6553,32935,2025-07-10 12:24:00,latte,suggest,11,0,0
6554,32957,2025-01-21 15:56:00,tea,suggest,16,0,0
6555,32981,2025-09-19 19:46:00,tea,situation,29,1,1
6556,32981,2025-09-19 19:46:00,tea,situation,16,1,1
6557,32985,2025-12-27 09:59:00,frappe,situation,13,0,0
6558,32986,2025-06-12 09:16:00,tea,situation,28,0,0
6559,32986,2025-06-12 09:16:00,smoothie,situation,21,1,1
6560,32999,2025-05-17 12:19:00,latte,situation,23,1,1
6561,33025,2025-08-23 09:23:00,coldbrew,situation,7,0,0
6562,33026,2025-05-10 12:09:00,tea,situation,31,0,0
6563,33028,2025-09-23 15:55:00,americano,situation,2,0,0
6564,33038,2025-10-27 15:36:00,frappe,situation,13,1,0
6565,33038,2025-10-27 15:36:00,latte,situation,23,0,0
6566,33040,2025-07-15 15:39:00,tea,situation,28,1,1
6567,33044,2025-01-10 15:24:00,frappe,situation,12,0,0
6568,33044,2025-01-10 15:24:00,tea,situation,29,0,0
6569,33049,2025-06-15 18:46:00,tea,suggest,29,1,0
6570,33056,2025-12-30 19:16:00,frappe,situation,25,1,1
6571,33058,2025-11-08 12:41:00,latte,suggest,23,0,0
6572,33069,2025-03-19 08:44:00,tea,suggest,30,1,1
6573,33069,2025-03-19 08:44:00,americano,situation,2,0,0
6574,33073,2025-04-13 11:20:00,smoothie,situation,20,0,0
6575,33078,2025-06-10 12:46:00,espresso,situation,1,1,0
6576,33081,2025-06-29 13:24:00,americano,suggest,2,0,0
6577,33084,2025-02-28 20:11:00,smoothie,situation,32,1,1
6578,33085,2025-02-25 13:49:00,americano,situation,3,0,0
6579,33085,2025-02-25 13:49:00,juice,suggest,22,1,0
6580,33091,2025-01-14 20:37:00,tea,situation,17,0,0
6581,33091,2025-01-14 20:37:00,tea,situation,17,1,1
6582,33093,2025-12-20 15:31:00,frappe,situation,26,0,0
6583,33094,2025-05-05 13:32:00,tea,situation,30,0,0
6584,33104,2025-01-13 11:14:00,latte,situation,23,0,0
6585,33105,2025-08-14 15:04:00,tea,situation,29,1,1
6586,33113,2025-07-16 17:33:00,smoothie,situation,21,0,0
6587,33118,2025-08-22 07:18:00,tea,situation,31,1,1
6588,33142,2025-12-31 08:34:00,latte,suggest,11,0,0
6589,33146,2025-03-16 16:30:00,frappe,suggest,12,0,0
6590,33155,2025-10-04 18:42:00,non-coffee,situation,14,0,0
6591,33155,2025-10-04 18:42:00,tea,situation,15,1,1
6592,33156,2025-03-31 20:55:00,tea,suggest,27,1,1
6593,33177,2025-10-16 18:28:00,non-coffee,situation,14,1,1
6594,33179,2025-10-22 11:59:00,tea,situation,17,1,0
6595,33182,2025-06-01 19:50:00,latte,situation,23,0,0
6596,33182,2025-06-01 19:50:00,tea,suggest,17,0,0
6597,33185,2025-03-11 09:45:00,americano,suggest,2,0,0
6598,33187,2025-01-29 09:15:00,americano,situation,3,1,1
6599,33187,2025-01-29 09:15:00,tea,situation,17,0,0
6600,33192,2025-12-27 17:41:00,tea,situation,27,0,0
6601,33192,2025-12-27 17:41:00,tea,situation,17,0,0
6602,33195,2025-11-21 17:11:00,frappe,suggest,25,0,0
6603,33198,2025-11-20 16:36:00,latte,situation,23,0,0
6604,33198,2025-11-20 16:36:00,tea,situation,17,1,1
6605,33206,2025-06-02 11:55:00,smoothie,suggest,20,0,0
6606,33213,2025-01-31 08:41:00,frappe,situation,26,1,0
6607,33213,2025-01-31 08:41:00,americano,suggest,2,1,1
6608,33225,2025-07-04 13:13:00,non-coffee,situation,14,0,0
6609,33225,2025-07-04 13:13:00,tea,situation,15,1,0
6610,33229,2025-06-03 11:13:00,coldbrew,situation,8,0,0
6611,33231,2025-05-31 07:02:00,tea,suggest,17,0,0
6612,33234,2025-03-26 12:32:00,latte,situation,23,1,0
6613,33241,2025-12-24 14:04:00,tea,situation,29,1,1
6614,33246,2025-05-19 15:52:00,tea,situation,28,0,0
6615,33249,2025-08-09 15:20:00,americano,situation,3,0,0
6616,33258,2025-03-04 19:44:00,smoothie,situation,32,0,0
6617,33260,2025-07-28 17:57:00,latte,situation,10,1,1
6618,33265,2025-08-30 17:46:00,ade,suggest,24,0,0
6619,33265,2025-08-30 17:46:00,frappe,situation,13,0,0
6620,33268,2025-10-25 13:57:00,tea,situation,28,1,1
6621,33270,2025-03-19 19:35:00,tea,situation,29,1,1
6622,33283,2025-09-29 12:07:00,tea,suggest,31,1,1
6623,33288,2025-04-21 22:06:00,frappe,suggest,25,0,0
6624,33292,2025-01-29 19:43:00,latte,situation,4,0,0
6625,33304,2025-12-29 07:07:00,drip,suggest,9,1,1
6626,33304,2025-12-29 07:07:00,juice,situation,22,0,0
6627,33324,2025-03-20 13:37:00,smoothie,situation,21,1,0
6628,33325,2025-06-17 09:49:00,coldbrew,suggest,7,1,1
6629,33326,2025-07-20 13:50:00,smoothie,situation,32,1,0
6630,33335,2025-09-10 15:57:00,frappe,situation,26,1,0
6631,33339,2025-11-13 08:23:00,tea,suggest,31,1,0
6632,33339,2025-11-13 08:23:00,americano,suggest,3,1,0
6633,33342,2025-09-15 17:52:00,tea,suggest,30,0,0
6634,33364,2025-04-18 14:01:00,frappe,situation,25,1,0
6635,33366,2025-12-29 13:16:00,smoothie,situation,21,0,0
6636,33369,2025-09-12 15:41:00,tea,situation,28,0,0
6637,33369,2025-09-12 15:41:00,latte,situation,4,0,0
6638,33373,2025-12-08 12:19:00,latte,suggest,5,1,1
6639,33378,2025-08-12 16:08:00,tea,situation,28,0,0
6640,33390,2025-04-25 08:45:00,ade,situation,18,0,0
6641,33406,2025-04-27 19:21:00,americano,situation,2,1,1
6642,33411,2025-02-01 13:59:00,latte,situation,23,0,0
6643,33414,2025-04-23 15:10:00,espresso,situation,1,1,1
6644,33416,2025-01-25 08:58:00,drip,suggest,9,0,0
6645,33419,2025-08-23 20:34:00,latte,suggest,5,0,0
6646,33421,2025-10-27 15:56:00,tea,situation,16,1,0
6647,33421,2025-10-27 15:56:00,tea,situation,30,1,1
6648,33424,2025-05-07 18:08:00,smoothie,suggest,32,0,0
6649,33428,2025-04-18 13:50:00,non-coffee,situation,14,0,0
6650,33436,2025-03-29 13:31:00,tea,situation,31,0,0
6651,33449,2025-09-21 13:42:00,non-coffee,suggest,14,1,1
6652,33449,2025-09-21 13:42:00,frappe,suggest,25,1,1
6653,33457,2025-06-13 16:25:00,latte,situation,11,0,0
6654,33467,2025-05-11 12:15:00,tea,situation,17,1,0
6655,33483,2025-05-11 16:06:00,frappe,situation,13,1,0
6656,33483,2025-05-11 16:06:00,latte,situation,5,0,0
6657,33487,2025-08-05 18:59:00,smoothie,situation,20,1,0
6658,33494,2025-07-01 17:24:00,juice,suggest,22,1,0
6659,33499,2025-05-08 14:36:00,frappe,situation,25,1,1
6660,33502,2025-06-24 16:09:00,tea,situation,17,1,0
6661,33503,2025-11-20 18:32:00,latte,situation,11,1,1
6662,33503,2025-11-20 18:32:00,tea,situation,30,1,1
6663,33511,2025-09-02 12:44:00,tea,situation,15,1,1
6664,33511,2025-09-02 12:44:00,tea,situation,28,1,0
6665,33517,2025-09-03 11:52:00,tea,situation,30,1,0
6666,33519,2025-08-15 14:21:00,smoothie,situation,21,1,0
6667,33527,2025-05-11 17:44:00,ade,situation,19,1,0
6668,33536,2025-07-21 17:02:00,ade,situation,18,0,0
6669,33549,2025-03-27 12:38:00,americano,situation,2,1,0
6670,33554,2025-02-05 17:58:00,juice,situation,22,0,0
6671,33554,2025-02-05 17:58:00,tea,situation,28,0,0
6672,33568,2025-06-30 16:14:00,latte,suggest,5,0,0
6673,33573,2025-06-15 17:51:00,espresso,situation,1,0,0
6674,33576,2025-09-10 13:35:00,americano,suggest,3,0,0
6675,33576,2025-09-10 13:35:00,cappuccino,situation,6,1,0
6676,33580,2025-11-10 19:02:00,tea,situation,30,1,1
6677,33581,2025-09-04 18:23:00,tea,situation,15,1,0
6678,33582,2025-10-01 12:41:00,tea,situation,28,1,1
6679,33583,2025-07-27 09:01:00,non-coffee,suggest,14,0,0
6680,33617,2025-03-07 20:50:00,tea,situation,27,1,1
6681,33621,2025-09-12 18:22:00,coldbrew,suggest,8,1,1
6682,33635,2025-10-07 13:18:00,latte,situation,23,0,0
6683,33636,2025-09-18 15:48:00,americano,situation,2,0,0
6684,33636,2025-09-18 15:48:00,coldbrew,suggest,7,1,1
6685,33637,2025-02-28 12:33:00,coldbrew,situation,8,0,0
6686,33637,2025-02-28 12:33:00,tea,situation,31,1,1
6687,33646,2025-09-02 09:40:00,tea,suggest,30,0,0
6688,33662,2025-12-12 13:23:00,latte,situation,4,1,0
6689,33662,2025-12-12 13:23:00,coldbrew,situation,7,0,0
6690,33669,2025-03-20 15:02:00,frappe,situation,26,1,1
6691,33674,2025-10-18 13:53:00,tea,situation,29,0,0
6692,33677,2025-10-08 12:28:00,drip,suggest,9,1,0
6693,33681,2025-09-17 12:21:00,tea,suggest,16,1,1
6694,33681,2025-09-17 12:21:00,smoothie,situation,20,0,0
6695,33701,2025-12-26 15:20:00,latte,suggest,23,0,0
6696,33702,2025-06-20 18:05:00,latte,situation,23,0,0
6697,33705,2025-03-23 11:44:00,coldbrew,situation,8,0,0
6698,33705,2025-03-23 11:44:00,drip,situation,9,0,0
6699,33707,2025-10-09 19:45:00,juice,situation,22,0,0
6700,33707,2025-10-09 19:45:00,coldbrew,suggest,7,1,1
6701,33734,2025-01-23 11:43:00,tea,suggest,16,1,1
6702,33734,2025-01-23 11:43:00,coldbrew,suggest,8,0,0
6703,33746,2025-06-25 17:23:00,ade,situation,24,1,0
6704,33752,2025-07-31 17:53:00,non-coffee,situation,14,0,0
6705,33756,2025-07-02 16:00:00,tea,situation,17,1,1
6706,33764,2025-02-04 08:28:00,smoothie,suggest,21,1,1
6707,33795,2025-04-03 09:59:00,cappuccino,situation,6,0,0
6708,33795,2025-04-03 09:59:00,latte,situation,10,1,0
6709,33801,2025-11-29 13:52:00,smoothie,suggest,32,1,0
6710,33801,2025-11-29 13:52:00,coldbrew,situation,7,1,1
6711,33817,2025-07-09 08:27:00,americano,situation,3,0,0
6712,33819,2025-07-18 09:40:00,americano,suggest,3,0,0
6713,33838,2025-03-19 13:47:00,coldbrew,suggest,7,1,1
6714,33844,2025-08-05 07:42:00,latte,situation,5,0,0
6715,33844,2025-08-05 07:42:00,frappe,suggest,13,0,0
6716,33846,2025-07-26 16:33:00,latte,situation,4,1,1
6717,33846,2025-07-26 16:33:00,coldbrew,situation,8,0,0
6718,33864,2025-11-12 15:16:00,drip,suggest,9,1,0
6719,33890,2025-05-04 09:22:00,drip,situation,9,0,0
6720,33894,2025-04-23 09:47:00,smoothie,situation,21,1,0
6721,33896,2025-01-06 13:41:00,tea,situation,30,1,1
6722,33896,2025-01-06 13:41:00,espresso,situation,1,0,0
6723,33900,2025-07-21 08:57:00,smoothie,situation,21,1,1
6724,33902,2025-05-01 14:27:00,ade,situation,18,0,0
6725,33912,2025-08-05 12:55:00,tea,situation,31,0,0
6726,33912,2025-08-05 12:55:00,ade,situation,24,0,0
6727,33916,2025-08-23 14:16:00,drip,situation,9,0,0
6728,33922,2025-05-15 15:59:00,coldbrew,suggest,7,0,0
6729,33933,2025-07-14 22:08:00,ade,situation,19,0,0
6730,33949,2025-08-24 16:21:00,tea,situation,28,0,0
6731,33951,2025-04-19 18:59:00,latte,situation,4,0,0
6732,33951,2025-04-19 18:59:00,frappe,situation,12,0,0
6733,33952,2025-02-12 13:58:00,ade,situation,18,0,0
6734,33956,2025-03-25 07:33:00,non-coffee,situation,14,1,0
6735,33967,2025-12-05 08:19:00,americano,suggest,3,0,0
6736,33967,2025-12-05 08:19:00,americano,suggest,2,1,0
6737,33975,2025-06-21 18:34:00,tea,situation,29,1,0
6738,33976,2025-01-24 14:00:00,juice,situation,22,1,0
6739,33976,2025-01-24 14:00:00,smoothie,situation,20,1,1
6740,33985,2025-03-17 18:39:00,tea,situation,16,0,0
6741,33997,2025-08-22 14:47:00,frappe,suggest,25,0,0
6742,33998,2025-04-15 16:34:00,americano,situation,3,0,0
6743,33998,2025-04-15 16:34:00,juice,situation,22,0,0
6744,34002,2025-01-12 16:36:00,ade,situation,19,1,1
6745,34002,2025-01-12 16:36:00,espresso,situation,1,1,1
6746,34010,2025-08-14 14:04:00,tea,situation,27,1,1
6747,34012,2025-06-08 18:22:00,latte,suggest,10,1,1
6748,34018,2025-06-22 14:07:00,frappe,situation,12,1,1
6749,34032,2025-09-22 17:51:00,coldbrew,situation,7,1,1
6750,34036,2025-05-31 19:06:00,coldbrew,situation,7,1,0
6751,34040,2025-07-25 08:01:00,espresso,suggest,1,1,0
6752,34052,2025-04-13 12:33:00,americano,situation,2,0,0
6753,34052,2025-04-13 12:33:00,smoothie,situation,21,1,1
6754,34057,2025-09-04 12:11:00,non-coffee,situation,14,1,0
6755,34063,2025-05-18 11:08:00,tea,situation,30,1,0
6756,34067,2025-11-28 19:15:00,smoothie,situation,20,0,0
6757,34079,2025-09-14 19:21:00,tea,situation,29,0,0
6758,34079,2025-09-14 19:21:00,latte,situation,4,0,0
6759,34081,2025-06-07 13:03:00,drip,suggest,9,0,0
6760,34081,2025-06-07 13:03:00,ade,suggest,24,0,0
6761,34098,2025-07-09 19:04:00,frappe,situation,25,1,0
6762,34116,2025-12-14 09:47:00,latte,suggest,23,0,0
6763,34118,2025-12-27 11:53:00,latte,situation,5,0,0
6764,34118,2025-12-27 11:53:00,tea,situation,28,0,0
6765,34123,2025-05-17 11:46:00,tea,situation,28,1,1
6766,34136,2025-03-26 08:10:00,cappuccino,situation,6,1,0
6767,34140,2025-10-01 11:33:00,smoothie,suggest,20,0,0
6768,34141,2025-01-28 12:48:00,coldbrew,suggest,8,1,0
6769,34141,2025-01-28 12:48:00,tea,situation,16,0,0
6770,34142,2025-11-02 19:02:00,tea,situation,31,1,1
6771,34142,2025-11-02 19:02:00,frappe,suggest,26,1,0
6772,34143,2025-10-29 08:31:00,latte,suggest,5,1,0
6773,34143,2025-10-29 08:31:00,frappe,suggest,13,1,0
6774,34145,2025-04-24 07:23:00,tea,situation,29,1,0
6775,34149,2025-11-27 15:05:00,espresso,situation,1,1,0
6776,34170,2025-02-18 08:46:00,tea,situation,15,0,0
6777,34178,2025-11-02 19:43:00,tea,situation,31,1,1
6778,34178,2025-11-02 19:43:00,juice,situation,22,1,1
6779,34179,2025-04-03 17:35:00,espresso,suggest,1,0,0
6780,34179,2025-04-03 17:35:00,frappe,situation,12,0,0
6781,34180,2025-04-21 18:10:00,tea,situation,29,1,0
6782,34180,2025-04-21 18:10:00,coldbrew,suggest,7,0,0
6783,34186,2025-10-21 19:47:00,non-coffee,situation,14,1,1
6784,34188,2025-08-10 15:05:00,latte,situation,4,1,0
6785,34188,2025-08-10 15:05:00,ade,situation,18,0,0
6786,34190,2025-04-22 21:16:00,tea,situation,27,1,1
6787,34190,2025-04-22 21:16:00,tea,situation,31,0,0
6788,34191,2025-09-23 13:41:00,americano,suggest,2,0,0
6789,34196,2025-11-30 09:00:00,tea,suggest,30,0,0
6790,34212,2025-01-13 16:19:00,coldbrew,situation,7,0,0
6791,34216,2025-08-10 11:36:00,cappuccino,situation,6,0,0
6792,34229,2025-10-23 18:19:00,latte,suggest,4,1,0
6793,34229,2025-10-23 18:19:00,tea,suggest,17,0,0
6794,34235,2025-03-24 07:05:00,drip,situation,9,1,0
6795,34235,2025-03-24 07:05:00,latte,situation,11,0,0
6796,34239,2025-07-29 18:22:00,non-coffee,situation,14,0,0
6797,34243,2025-04-11 08:07:00,latte,situation,4,0,0
6798,34252,2025-06-20 14:05:00,latte,situation,11,1,1
6799,34257,2025-07-17 11:20:00,coldbrew,situation,7,1,1
6800,34260,2025-10-24 16:06:00,tea,situation,16,0,0
6801,34261,2025-06-03 14:11:00,latte,situation,10,1,1
6802,34268,2025-07-12 12:07:00,tea,situation,31,1,1
6803,34268,2025-07-12 12:07:00,tea,situation,28,0,0
6804,34273,2025-01-20 13:08:00,latte,situation,11,1,1
6805,34274,2025-10-08 17:51:00,frappe,situation,26,1,1
6806,34274,2025-10-08 17:51:00,frappe,situation,25,1,0
6807,34284,2025-09-05 16:53:00,americano,suggest,2,1,1
6808,34284,2025-09-05 16:53:00,cappuccino,situation,6,0,0
6809,34286,2025-04-22 13:21:00,frappe,suggest,12,0,0
6810,34288,2025-09-07 15:41:00,latte,situation,4,0,0
6811,34300,2025-07-01 20:19:00,smoothie,situation,32,0,0
6812,34305,2025-11-14 15:37:00,coldbrew,suggest,7,0,0
6813,34312,2025-09-22 21:49:00,latte,situation,11,0,0
6814,34330,2025-07-30 11:10:00,americano,situation,2,1,0
6815,34331,2025-01-03 16:20:00,smoothie,situation,32,1,1
6816,34331,2025-01-03 16:20:00,latte,situation,10,0,0
6817,34339,2025-08-05 09:58:00,tea,situation,30,0,0
6818,34341,2025-08-30 12:27:00,drip,situation,9,0,0
6819,34341,2025-08-30 12:27:00,coldbrew,suggest,8,1,1
6820,34348,2025-12-25 08:15:00,espresso,suggest,1,1,0
6821,34353,2025-06-26 17:37:00,tea,suggest,28,1,0
6822,34360,2025-12-06 16:05:00,americano,suggest,3,0,0
6823,34360,2025-12-06 16:05:00,tea,suggest,16,0,0
6824,34364,2025-04-10 18:41:00,tea,situation,17,1,0
6825,34365,2025-06-04 13:56:00,latte,situation,11,1,1
6826,34394,2025-06-04 18:42:00,tea,situation,17,1,0
6827,34398,2025-11-06 20:45:00,frappe,situation,26,1,0
6828,34404,2025-03-24 12:50:00,frappe,situation,25,1,1
6829,34411,2025-09-22 17:07:00,tea,situation,17,1,1
6830,34411,2025-09-22 17:07:00,latte,situation,4,1,1
6831,34412,2025-05-16 16:51:00,tea,situation,29,1,1
6832,34418,2025-05-19 15:38:00,latte,situation,5,1,1
6833,34419,2025-06-21 19:54:00,tea,situation,17,0,0
6834,34419,2025-06-21 19:54:00,non-coffee,situation,14,1,0
6835,34422,2025-07-17 12:33:00,tea,situation,15,1,0
6836,34423,2025-02-21 22:06:00,juice,situation,22,1,1
6837,34423,2025-02-21 22:06:00,tea,suggest,31,1,1
6838,34426,2025-09-19 19:26:00,ade,suggest,24,0,0
6839,34438,2025-09-05 11:57:00,tea,situation,17,1,1
6840,34442,2025-08-03 12:30:00,frappe,situation,13,0,0
6841,34444,2025-12-10 20:44:00,tea,situation,31,0,0
6842,34446,2025-02-18 11:10:00,coldbrew,situation,8,1,1
6843,34446,2025-02-18 11:10:00,cappuccino,situation,6,1,1
6844,34472,2025-01-17 16:29:00,smoothie,situation,21,1,1
6845,34478,2025-04-16 12:40:00,latte,situation,5,1,1
6846,34478,2025-04-16 12:40:00,tea,situation,30,1,0
6847,34484,2025-05-15 19:08:00,frappe,situation,13,0,0
6848,34491,2025-01-11 18:15:00,drip,suggest,9,1,0
6849,34494,2025-08-03 15:21:00,smoothie,situation,21,1,1
6850,34496,2025-04-16 12:27:00,frappe,situation,25,1,0
6851,34497,2025-09-12 14:45:00,ade,situation,24,1,1
6852,34498,2025-09-21 12:02:00,cappuccino,situation,6,0,0
6853,34498,2025-09-21 12:02:00,ade,suggest,18,1,0
6854,34503,2025-06-08 09:32:00,tea,situation,27,1,1
6855,34506,2025-05-26 07:04:00,tea,situation,31,1,0
6856,34507,2025-10-20 15:27:00,frappe,situation,12,1,0
6857,34512,2025-06-05 18:19:00,frappe,situation,25,1,1
6858,34512,2025-06-05 18:19:00,frappe,suggest,26,0,0
6859,34513,2025-10-07 13:51:00,americano,situation,3,0,0
6860,34514,2025-07-08 07:16:00,tea,suggest,17,1,1
6861,34514,2025-07-08 07:16:00,latte,suggest,10,1,1
6862,34519,2025-12-04 16:56:00,smoothie,situation,20,1,0
6863,34529,2025-06-30 08:51:00,americano,situation,2,0,0
6864,34529,2025-06-30 08:51:00,latte,situation,10,1,0
6865,34530,2025-04-08 22:17:00,non-coffee,situation,14,0,0
6866,34535,2025-01-19 17:48:00,latte,suggest,23,1,1
6867,34535,2025-01-19 17:48:00,frappe,suggest,25,1,1
6868,34536,2025-08-21 12:18:00,ade,situation,18,1,1
6869,34536,2025-08-21 12:18:00,espresso,suggest,1,0,0
6870,34540,2025-06-16 14:42:00,tea,situation,15,1,1
6871,34541,2025-07-17 15:37:00,frappe,suggest,26,1,1
6872,34541,2025-07-17 15:37:00,tea,situation,17,1,0
6873,34546,2025-10-18 12:45:00,smoothie,situation,20,0,0
6874,34546,2025-10-18 12:45:00,smoothie,situation,21,1,0
6875,34561,2025-02-15 15:11:00,tea,situation,15,0,0
6876,34562,2025-04-02 12:26:00,tea,situation,31,0,0
6877,34564,2025-06-29 16:41:00,smoothie,situation,20,0,0
6878,34564,2025-06-29 16:41:00,tea,situation,27,1,1
6879,34565,2025-05-20 15:21:00,espresso,suggest,1,1,1
6880,34570,2025-06-06 17:43:00,frappe,suggest,13,0,0
6881,34571,2025-02-25 18:45:00,smoothie,suggest,20,0,0
6882,34573,2025-07-27 16:58:00,latte,situation,5,0,0
6883,34578,2025-06-08 08:39:00,smoothie,situation,21,0,0
6884,34587,2025-01-28 19:40:00,latte,suggest,5,1,0
6885,34605,2025-01-28 20:52:00,frappe,situation,13,0,0
6886,34614,2025-04-10 09:07:00,americano,suggest,2,1,1
6887,34628,2025-10-24 11:12:00,drip,situation,9,0,0
6888,34633,2025-02-11 20:16:00,non-coffee,situation,14,1,1
6889,34633,2025-02-11 20:16:00,latte,suggest,10,1,1
6890,34634,2025-03-18 19:00:00,tea,suggest,17,0,0
6891,34634,2025-03-18 19:00:00,ade,situation,18,0,0
6892,34642,2025-10-20 12:25:00,americano,situation,3,1,0
6893,34642,2025-10-20 12:25:00,americano,situation,2,1,0
6894,34663,2025-10-05 09:22:00,coldbrew,situation,8,0,0
6895,34663,2025-10-05 09:22:00,tea,situation,31,1,1
6896,34664,2025-07-21 09:53:00,americano,situation,2,1,1
6897,34672,2025-05-24 19:57:00,tea,situation,31,1,0
6898,34687,2025-12-20 22:45:00,ade,situation,19,0,0
6899,34692,2025-12-22 09:33:00,coldbrew,situation,8,0,0
6900,34695,2025-10-28 09:11:00,coldbrew,suggest,7,1,1
6901,34695,2025-10-28 09:11:00,tea,situation,16,1,1
6902,34701,2025-07-07 16:47:00,frappe,situation,25,0,0
6903,34704,2025-12-04 19:53:00,coldbrew,situation,8,1,0
6904,34704,2025-12-04 19:53:00,tea,situation,31,1,1
6905,34711,2025-04-14 08:50:00,non-coffee,situation,14,1,1
6906,34727,2025-01-26 15:45:00,frappe,situation,25,1,1
6907,34736,2025-08-06 18:50:00,latte,situation,11,1,1
6908,34736,2025-08-06 18:50:00,tea,situation,29,1,0
6909,34744,2025-08-02 08:55:00,tea,suggest,31,0,0
6910,34747,2025-04-30 12:49:00,tea,suggest,15,1,0
6911,34747,2025-04-30 12:49:00,cappuccino,situation,6,0,0
6912,34749,2025-01-30 22:46:00,tea,situation,27,1,0
6913,34778,2025-04-07 11:00:00,ade,situation,19,1,1
6914,34786,2025-07-10 07:21:00,tea,situation,15,1,1
6915,34794,2025-07-20 18:04:00,frappe,situation,12,0,0
6916,34800,2025-11-27 14:30:00,ade,situation,24,1,1
6917,34800,2025-11-27 14:30:00,coldbrew,situation,7,0,0
6918,34805,2025-04-28 14:37:00,frappe,situation,25,1,0
6919,34805,2025-04-28 14:37:00,ade,situation,18,0,0
6920,34809,2025-09-02 20:50:00,tea,situation,31,0,0
6921,34816,2025-01-24 16:58:00,latte,situation,23,0,0
6922,34816,2025-01-24 16:58:00,tea,suggest,16,0,0
6923,34819,2025-03-29 18:14:00,americano,suggest,2,1,1
6924,34823,2025-09-01 09:15:00,ade,situation,24,1,1
6925,34830,2025-11-13 11:18:00,tea,suggest,16,1,0
6926,34830,2025-11-13 11:18:00,smoothie,situation,32,0,0
6927,34833,2025-06-01 09:02:00,smoothie,situation,21,1,0
6928,34833,2025-06-01 09:02:00,smoothie,situation,32,1,1
6929,34839,2025-03-22 17:35:00,coldbrew,suggest,8,0,0
6930,34841,2025-02-21 18:10:00,smoothie,situation,21,0,0
6931,34848,2025-01-26 17:15:00,frappe,situation,13,0,0
6932,34849,2025-04-15 16:05:00,frappe,situation,13,1,0
6933,34854,2025-10-01 18:51:00,tea,situation,17,0,0
6934,34854,2025-10-01 18:51:00,tea,situation,15,0,0
6935,34859,2025-02-25 12:33:00,frappe,suggest,13,1,1
6936,34859,2025-02-25 12:33:00,tea,situation,30,0,0
6937,34860,2025-09-17 14:06:00,non-coffee,situation,14,0,0
6938,34862,2025-06-23 09:32:00,tea,situation,30,0,0
6939,34862,2025-06-23 09:32:00,espresso,situation,1,1,1
6940,34866,2025-09-13 09:08:00,coldbrew,situation,7,0,0
6941,34866,2025-09-13 09:08:00,latte,situation,11,1,1
6942,34867,2025-09-06 18:55:00,frappe,situation,25,0,0
6943,34868,2025-10-25 19:35:00,cappuccino,situation,6,1,0
6944,34878,2025-03-21 11:27:00,americano,situation,3,1,0
6945,34879,2025-10-03 13:40:00,frappe,situation,25,1,1
6946,34882,2025-08-31 12:43:00,latte,situation,5,0,0
6947,34887,2025-11-06 12:13:00,ade,situation,19,1,0
6948,34887,2025-11-06 12:13:00,smoothie,suggest,20,1,1
6949,34891,2025-01-28 15:55:00,ade,situation,24,0,0
6950,34891,2025-01-28 15:55:00,latte,situation,23,1,0
6951,34892,2025-12-17 15:08:00,coldbrew,situation,8,0,0
6952,34893,2025-11-06 15:07:00,latte,situation,23,0,0
6953,34903,2025-02-25 12:31:00,tea,suggest,28,0,0
6954,34906,2025-01-02 09:08:00,americano,situation,2,1,1
6955,34921,2025-06-30 09:58:00,americano,situation,3,1,1
6956,34933,2025-07-10 13:21:00,ade,situation,19,1,0
6957,34933,2025-07-10 13:21:00,ade,suggest,18,1,0
6958,34941,2025-12-02 08:20:00,coldbrew,situation,8,1,1
6959,34944,2025-08-21 09:14:00,cappuccino,suggest,6,0,0
6960,34945,2025-08-29 18:20:00,smoothie,suggest,20,0,0
6961,34945,2025-08-29 18:20:00,tea,situation,16,1,1
6962,34957,2025-04-28 13:05:00,ade,situation,24,0,0
6963,34958,2025-07-10 11:20:00,coldbrew,situation,8,1,0
6964,34962,2025-04-11 14:44:00,smoothie,suggest,21,1,1
6965,34964,2025-01-15 15:29:00,tea,suggest,17,1,0
6966,34971,2025-11-13 09:23:00,latte,suggest,23,0,0
6967,34971,2025-11-13 09:23:00,tea,situation,31,0,0
6968,34977,2025-11-04 17:19:00,smoothie,situation,21,0,0
6969,34978,2025-01-30 15:36:00,tea,situation,15,1,0
6970,34978,2025-01-30 15:36:00,non-coffee,suggest,14,0,0
6971,34988,2025-04-17 20:16:00,ade,situation,24,0,0
6972,34994,2025-04-25 09:46:00,coldbrew,situation,7,1,1
6973,35007,2025-06-15 07:32:00,americano,situation,2,0,0
6974,35008,2025-10-21 17:03:00,coldbrew,situation,8,1,1
6975,35011,2025-11-16 08:01:00,coldbrew,suggest,8,0,0
6976,35014,2025-10-14 18:05:00,tea,situation,16,1,1
6977,35021,2025-01-24 08:59:00,tea,situation,31,1,1
6978,35023,2025-06-07 11:33:00,tea,situation,27,0,0
6979,35023,2025-06-07 11:33:00,latte,situation,10,1,1
6980,35037,2025-07-05 12:59:00,non-coffee,situation,14,1,1
6981,35049,2025-12-14 16:14:00,latte,suggest,10,0,0
6982,35065,2025-01-10 12:38:00,tea,suggest,27,0,0
6983,35066,2025-05-16 14:04:00,ade,situation,19,0,0
6984,35066,2025-05-16 14:04:00,non-coffee,situation,14,0,0
6985,35072,2025-03-29 18:48:00,latte,situation,5,0,0
6986,35083,2025-01-07 14:27:00,juice,situation,22,1,0
6987,35090,2025-02-18 14:52:00,tea,suggest,29,0,0
6988,35101,2025-12-28 16:52:00,smoothie,situation,32,1,0
6989,35108,2025-12-14 15:33:00,drip,situation,9,1,1
6990,35111,2025-12-18 08:38:00,tea,suggest,27,0,0
6991,35132,2025-09-16 19:34:00,juice,situation,22,1,0
6992,35146,2025-10-25 19:50:00,latte,situation,4,1,1
6993,35150,2025-02-13 12:46:00,frappe,situation,13,1,0
6994,35150,2025-02-13 12:46:00,tea,situation,27,1,1
6995,35153,2025-09-06 09:56:00,tea,suggest,17,1,1
6996,35154,2025-05-27 16:03:00,ade,situation,24,0,0
6997,35154,2025-05-27 16:03:00,latte,situation,4,1,1
6998,35160,2025-04-21 19:31:00,ade,situation,18,1,1
6999,35164,2025-03-04 16:44:00,smoothie,suggest,20,0,0
7000,35164,2025-03-04 16:44:00,frappe,situation,25,1,1
7001,35170,2025-01-13 15:07:00,tea,suggest,16,0,0
7002,35179,2025-02-08 19:34:00,frappe,situation,12,1,1
7003,35186,2025-06-07 12:19:00,frappe,suggest,13,0,0
7004,35186,2025-06-07 12:19:00,ade,situation,19,1,0
7005,35188,2025-07-09 15:46:00,coldbrew,situation,7,0,0
7006,35188,2025-07-09 15:46:00,tea,situation,16,0,0
7007,35189,2025-07-12 11:21:00,frappe,situation,25,1,0
7008,35196,2025-12-24 18:01:00,latte,situation,5,0,0
7009,35199,2025-07-15 11:35:00,latte,situation,5,0,0
7010,35199,2025-07-15 11:35:00,tea,suggest,27,1,0
7011,35203,2025-04-03 08:00:00,tea,situation,27,0,0
7012,35206,2025-05-20 12:17:00,non-coffee,situation,14,1,1
7013,35206,2025-05-20 12:17:00,tea,situation,15,0,0
7014,35208,2025-12-13 17:00:00,tea,suggest,27,0,0
7015,35212,2025-07-19 11:40:00,ade,suggest,19,0,0
7016,35215,2025-04-12 13:25:00,latte,situation,23,1,1
7017,35225,2025-01-10 19:16:00,latte,situation,11,0,0
7018,35225,2025-01-10 19:16:00,smoothie,situation,32,0,0
7019,35226,2025-11-13 12:05:00,latte,situation,10,1,1
7020,35226,2025-11-13 12:05:00,latte,situation,11,1,0
7021,35237,2025-07-16 12:28:00,frappe,situation,26,0,0
7022,35237,2025-07-16 12:28:00,coldbrew,suggest,7,1,0
7023,35238,2025-02-14 12:13:00,latte,suggest,4,0,0
7024,35245,2025-03-11 18:49:00,tea,situation,17,1,0
7025,35255,2025-08-20 14:19:00,cappuccino,situation,6,1,1
7026,35257,2025-10-22 20:11:00,tea,situation,15,0,0
7027,35264,2025-05-04 16:21:00,tea,suggest,16,1,1
7028,35266,2025-01-05 15:26:00,ade,situation,24,1,1
7029,35275,2025-10-24 19:35:00,juice,suggest,22,1,1
7030,35278,2025-03-25 17:51:00,tea,suggest,17,0,0
7031,35285,2025-04-15 08:48:00,espresso,situation,1,1,1
7032,35290,2025-02-27 20:35:00,latte,suggest,4,1,1
7033,35295,2025-02-14 21:00:00,drip,situation,9,0,0
7034,35304,2025-12-10 22:48:00,drip,situation,9,0,0
7035,35335,2025-08-01 18:40:00,ade,situation,19,0,0
7036,35346,2025-01-09 18:48:00,ade,situation,19,0,0
7037,35346,2025-01-09 18:48:00,latte,situation,5,0,0
7038,35360,2025-03-14 13:24:00,cappuccino,situation,6,1,1
7039,35362,2025-04-18 09:14:00,smoothie,suggest,20,0,0
7040,35362,2025-04-18 09:14:00,tea,suggest,28,1,1
7041,35375,2025-07-03 12:41:00,juice,suggest,22,0,0
7042,35386,2025-04-07 08:30:00,coldbrew,situation,8,1,0
7043,35390,2025-08-04 22:00:00,tea,situation,17,1,0
7044,35391,2025-03-21 14:13:00,smoothie,situation,20,1,1
7045,35391,2025-03-21 14:13:00,smoothie,situation,21,1,1
7046,35392,2025-02-19 07:38:00,coldbrew,situation,8,0,0
7047,35393,2025-10-23 09:42:00,latte,situation,4,1,0
7048,35401,2025-10-12 15:01:00,tea,situation,29,0,0
7049,35402,2025-06-30 20:10:00,latte,situation,11,1,1
7050,35409,2025-08-14 09:01:00,latte,situation,23,0,0
7051,35409,2025-08-14 09:01:00,smoothie,suggest,21,0,0
7052,35414,2025-11-26 13:22:00,ade,situation,19,1,0
7053,35417,2025-11-21 18:01:00,smoothie,situation,32,0,0
7054,35421,2025-05-26 13:48:00,frappe,suggest,25,1,1
7055,35421,2025-05-26 13:48:00,smoothie,situation,32,1,1
7056,35439,2025-05-19 19:53:00,frappe,situation,26,0,0
7057,35441,2025-03-18 08:05:00,latte,situation,5,1,0
7058,35454,2025-09-19 20:59:00,ade,suggest,24,1,1
7059,35454,2025-09-19 20:59:00,coldbrew,situation,7,1,0
7060,35465,2025-04-04 22:11:00,tea,situation,29,0,0
7061,35465,2025-04-04 22:11:00,juice,situation,22,0,0
7062,35480,2025-01-12 11:23:00,espresso,situation,1,1,1
7063,35487,2025-01-29 18:26:00,cappuccino,suggest,6,1,0
7064,35490,2025-06-05 16:16:00,ade,situation,19,1,1
7065,35500,2025-01-19 08:43:00,tea,situation,30,0,0
7066,35505,2025-03-22 08:23:00,americano,suggest,3,0,0
7067,35511,2025-09-05 16:30:00,smoothie,situation,32,0,0
7068,35513,2025-11-03 15:10:00,latte,situation,10,1,1
7069,35513,2025-11-03 15:10:00,latte,situation,10,1,1
7070,35516,2025-01-02 12:33:00,coldbrew,situation,8,1,1
7071,35520,2025-02-25 09:00:00,coldbrew,situation,7,1,0
7072,35521,2025-06-26 11:30:00,tea,situation,30,1,1
7073,35521,2025-06-26 11:30:00,smoothie,suggest,32,0,0
7074,35528,2025-10-25 18:53:00,tea,situation,28,1,1
7075,35528,2025-10-25 18:53:00,frappe,situation,25,0,0
7076,35530,2025-09-18 12:18:00,smoothie,situation,21,0,0
7077,35533,2025-10-22 11:45:00,latte,suggest,10,1,0
7078,35533,2025-10-22 11:45:00,coldbrew,suggest,7,1,0
7079,35534,2025-11-27 13:50:00,coldbrew,situation,8,1,1
7080,35534,2025-11-27 13:50:00,coldbrew,suggest,8,1,1
7081,35535,2025-03-27 09:49:00,drip,situation,9,1,0
7082,35536,2025-10-23 16:45:00,smoothie,situation,20,1,1
7083,35550,2025-02-13 21:19:00,tea,situation,27,1,0
7084,35563,2025-12-06 16:34:00,frappe,suggest,13,1,1
7085,35563,2025-12-06 16:34:00,frappe,situation,13,0,0
7086,35568,2025-03-21 19:38:00,latte,situation,11,1,0
7087,35581,2025-01-09 21:02:00,tea,situation,29,0,0
7088,35581,2025-01-09 21:02:00,ade,situation,24,0,0
7089,35595,2025-05-17 14:42:00,coldbrew,situation,8,1,0
7090,35595,2025-05-17 14:42:00,coldbrew,situation,8,0,0
7091,35601,2025-03-24 17:40:00,tea,situation,31,0,0
7092,35603,2025-06-30 09:47:00,americano,situation,2,0,0
7093,35603,2025-06-30 09:47:00,frappe,situation,13,1,1
7094,35607,2025-02-06 07:58:00,coldbrew,situation,7,1,1
7095,35611,2025-05-10 17:22:00,coldbrew,situation,7,1,1
7096,35612,2025-05-04 13:12:00,latte,situation,5,1,1
7097,35625,2025-08-17 14:11:00,tea,situation,30,1,1
7098,35630,2025-08-30 18:26:00,frappe,situation,26,1,0
7099,35632,2025-11-28 12:19:00,drip,suggest,9,0,0
7100,35641,2025-04-27 16:41:00,ade,situation,24,0,0
7101,35641,2025-04-27 16:41:00,tea,situation,16,0,0
7102,35645,2025-12-09 19:55:00,smoothie,situation,32,0,0
7103,35651,2025-11-24 09:43:00,ade,suggest,18,1,1
7104,35652,2025-09-19 07:48:00,latte,suggest,23,0,0
7105,35655,2025-03-12 12:11:00,tea,situation,31,1,0
7106,35659,2025-02-02 17:54:00,frappe,situation,12,1,0
7107,35668,2025-10-05 13:44:00,coldbrew,suggest,7,1,0
7108,35668,2025-10-05 13:44:00,frappe,suggest,12,0,0
7109,35677,2025-09-07 19:11:00,latte,situation,23,0,0
7110,35683,2025-04-27 07:43:00,latte,suggest,5,0,0
7111,35687,2025-12-13 14:10:00,tea,situation,30,1,1
7112,35694,2025-07-15 20:17:00,tea,situation,27,1,1
7113,35694,2025-07-15 20:17:00,latte,situation,10,1,1
7114,35696,2025-08-03 22:20:00,frappe,situation,12,1,0
7115,35706,2025-06-20 17:57:00,latte,situation,11,0,0
7116,35710,2025-06-05 18:39:00,americano,situation,2,1,1
7117,35712,2025-02-02 11:52:00,latte,suggest,5,1,0
7118,35715,2025-11-20 09:23:00,tea,suggest,30,0,0
7119,35716,2025-02-28 11:46:00,latte,situation,23,1,1
7120,35722,2025-02-19 19:06:00,latte,suggest,4,1,1
7121,35722,2025-02-19 19:06:00,tea,situation,28,0,0
7122,35728,2025-08-25 18:54:00,smoothie,situation,21,0,0
7123,35741,2025-11-12 07:55:00,tea,situation,28,1,1
7124,35741,2025-11-12 07:55:00,drip,situation,9,1,1
7125,35743,2025-05-03 14:31:00,tea,situation,29,1,1
7126,35746,2025-08-29 14:13:00,smoothie,situation,20,1,1
7127,35748,2025-09-01 16:58:00,latte,suggest,11,0,0
7128,35756,2025-07-07 08:58:00,coldbrew,situation,7,1,0
7129,35763,2025-02-01 08:36:00,latte,situation,23,1,0
7130,35765,2025-05-12 20:51:00,tea,situation,27,0,0
7131,35774,2025-10-26 17:14:00,frappe,situation,12,0,0
7132,35774,2025-10-26 17:14:00,tea,situation,27,1,0
7133,35783,2025-03-19 12:53:00,coldbrew,situation,7,0,0
7134,35787,2025-07-30 17:08:00,coldbrew,situation,8,1,0
7135,35787,2025-07-30 17:08:00,frappe,situation,25,0,0
7136,35798,2025-05-22 08:35:00,americano,situation,3,1,0
7137,35808,2025-12-16 08:02:00,drip,situation,9,1,1
7138,35808,2025-12-16 08:02:00,non-coffee,suggest,14,0,0
7139,35816,2025-07-12 08:00:00,americano,situation,2,0,0
7140,35816,2025-07-12 08:00:00,cappuccino,situation,6,1,1
7141,35824,2025-09-08 15:06:00,smoothie,suggest,21,1,0
7142,35826,2025-10-01 07:33:00,smoothie,situation,21,1,0
7143,35830,2025-08-27 18:08:00,tea,situation,28,1,1
7144,35836,2025-04-20 13:36:00,tea,suggest,28,1,0
7145,35836,2025-04-20 13:36:00,frappe,suggest,13,1,1
7146,35838,2025-12-11 15:25:00,tea,situation,29,1,1
7147,35846,2025-12-07 13:58:00,latte,suggest,4,0,0
7148,35847,2025-05-26 11:17:00,smoothie,situation,20,0,0
7149,35847,2025-05-26 11:17:00,latte,situation,4,0,0
7150,35849,2025-08-27 08:11:00,tea,situation,30,1,0
7151,35849,2025-08-27 08:11:00,tea,situation,27,1,0
7152,35852,2025-08-25 19:03:00,tea,suggest,15,1,1
7153,35867,2025-08-13 15:59:00,latte,situation,11,1,0
7154,35876,2025-03-13 12:16:00,frappe,suggest,13,0,0
7155,35893,2025-06-04 17:41:00,ade,situation,18,1,1
7156,35898,2025-11-04 11:58:00,non-coffee,suggest,14,0,0
7157,35909,2025-07-11 13:42:00,smoothie,situation,21,1,1
7158,35911,2025-09-26 17:42:00,smoothie,suggest,20,0,0
7159,35911,2025-09-26 17:42:00,tea,situation,17,1,1
7160,35914,2025-02-27 14:23:00,latte,suggest,11,0,0
7161,35914,2025-02-27 14:23:00,coldbrew,situation,7,1,0
7162,35917,2025-09-10 18:24:00,tea,situation,16,0,0
7163,35919,2025-06-03 12:08:00,drip,situation,9,1,0
7164,35919,2025-06-03 12:08:00,cappuccino,situation,6,0,0
7165,35922,2025-08-22 12:27:00,cappuccino,situation,6,0,0
7166,35938,2025-08-26 16:10:00,tea,situation,28,0,0
7167,35940,2025-12-15 15:38:00,ade,suggest,18,0,0
7168,35944,2025-03-06 12:38:00,frappe,situation,25,0,0
7169,35944,2025-03-06 12:38:00,frappe,suggest,25,0,0
7170,35951,2025-11-13 09:53:00,tea,situation,27,1,1
7171,35977,2025-12-30 19:00:00,americano,situation,2,1,0
7172,35977,2025-12-30 19:00:00,smoothie,situation,20,1,1
7173,35980,2025-02-26 16:14:00,ade,situation,18,0,0
7174,35980,2025-02-26 16:14:00,latte,suggest,10,1,1
7175,35981,2025-08-29 08:55:00,smoothie,situation,20,1,1
7176,35981,2025-08-29 08:55:00,tea,situation,29,1,0
7177,35988,2025-05-20 07:20:00,tea,situation,15,0,0
7178,35992,2025-11-21 15:25:00,latte,situation,23,0,0
7179,35994,2025-10-23 19:01:00,drip,situation,9,1,1
7180,36011,2025-02-23 13:30:00,frappe,situation,13,0,0
7181,36011,2025-02-23 13:30:00,latte,situation,5,1,0
7182,36013,2025-06-03 14:56:00,tea,suggest,27,0,0
7183,36013,2025-06-03 14:56:00,tea,suggest,31,1,1
7184,36017,2025-08-30 14:08:00,juice,suggest,22,1,1
7185,36030,2025-07-16 17:35:00,latte,situation,4,0,0
7186,36046,2025-06-30 20:16:00,frappe,situation,13,0,0
7187,36046,2025-06-30 20:16:00,smoothie,situation,20,1,0
7188,36055,2025-10-04 17:15:00,americano,situation,2,0,0
7189,36066,2025-11-13 08:11:00,frappe,suggest,12,1,1
7190,36077,2025-05-24 15:00:00,ade,situation,19,1,1
7191,36085,2025-06-15 17:13:00,frappe,situation,26,0,0
7192,36085,2025-06-15 17:13:00,ade,situation,18,0,0
7193,36086,2025-12-29 19:54:00,tea,situation,17,0,0
7194,36089,2025-04-14 16:35:00,frappe,suggest,25,1,0
7195,36091,2025-02-20 15:24:00,latte,situation,4,0,0
7196,36101,2025-03-08 13:28:00,ade,situation,24,1,1
7197,36108,2025-05-04 14:08:00,smoothie,situation,32,0,0
7198,36117,2025-12-15 19:55:00,ade,situation,18,0,0
7199,36118,2025-02-23 20:56:00,non-coffee,suggest,14,0,0
7200,36118,2025-02-23 20:56:00,tea,suggest,17,1,1
7201,36124,2025-10-31 14:32:00,frappe,situation,25,1,1
7202,36124,2025-10-31 14:32:00,coldbrew,situation,7,1,0
7203,36126,2025-08-07 11:07:00,tea,situation,31,0,0
7204,36137,2025-12-08 12:50:00,tea,situation,16,0,0
7205,36137,2025-12-08 12:50:00,frappe,suggest,25,1,0
7206,36146,2025-03-21 09:59:00,frappe,situation,26,0,0
7207,36146,2025-03-21 09:59:00,smoothie,situation,21,0,0
7208,36154,2025-12-19 12:43:00,tea,situation,27,1,1
7209,36164,2025-03-03 11:32:00,coldbrew,suggest,8,1,0
7210,36164,2025-03-03 11:32:00,tea,situation,30,0,0
7211,36172,2025-10-28 08:08:00,americano,situation,2,1,1
7212,36174,2025-11-06 08:22:00,tea,situation,17,1,0
7213,36175,2025-11-09 09:09:00,latte,situation,10,1,1
7214,36176,2025-01-09 19:10:00,smoothie,situation,20,1,1
7215,36178,2025-04-17 19:44:00,cappuccino,suggest,6,1,1
7216,36188,2025-07-10 08:49:00,drip,situation,9,1,1
7217,36188,2025-07-10 08:49:00,drip,situation,9,0,0
7218,36193,2025-12-03 11:53:00,tea,situation,17,1,0
7219,36203,2025-12-06 18:10:00,tea,suggest,27,1,1
7220,36214,2025-12-06 08:00:00,coldbrew,situation,7,0,0
7221,36216,2025-11-10 14:12:00,tea,situation,15,1,1
7222,36216,2025-11-10 14:12:00,tea,situation,15,0,0
7223,36219,2025-07-29 08:43:00,tea,situation,31,1,1
7224,36219,2025-07-29 08:43:00,tea,suggest,31,0,0
7225,36234,2025-08-30 16:52:00,frappe,suggest,25,1,0
7226,36238,2025-10-07 15:31:00,cappuccino,situation,6,1,0
7227,36238,2025-10-07 15:31:00,juice,situation,22,0,0
7228,36242,2025-10-05 12:36:00,coldbrew,suggest,8,0,0
7229,36248,2025-10-08 13:52:00,frappe,situation,12,1,1
7230,36252,2025-08-04 17:31:00,tea,suggest,16,1,1
7231,36253,2025-01-01 09:01:00,tea,suggest,27,1,1
7232,36256,2025-08-05 12:42:00,espresso,situation,1,1,1
7233,36260,2025-07-18 16:21:00,frappe,situation,25,1,1
7234,36261,2025-08-19 12:34:00,americano,situation,3,0,0
7235,36268,2025-07-30 16:05:00,ade,suggest,19,0,0
7236,36273,2025-07-11 15:14:00,drip,situation,9,0,0
7237,36281,2025-02-19 16:15:00,ade,situation,18,1,1
7238,36281,2025-02-19 16:15:00,drip,suggest,9,1,1
7239,36289,2025-08-07 08:40:00,frappe,situation,12,0,0
7240,36289,2025-08-07 08:40:00,drip,situation,9,1,1
7241,36292,2025-04-25 15:27:00,frappe,situation,25,0,0
7242,36298,2025-09-27 12:34:00,frappe,situation,12,1,0
7243,36299,2025-06-03 07:47:00,latte,suggest,5,0,0
7244,36303,2025-10-21 20:41:00,smoothie,situation,21,0,0
7245,36303,2025-10-21 20:41:00,latte,situation,5,0,0
7246,36305,2025-09-22 13:13:00,frappe,situation,13,1,0
7247,36306,2025-09-17 09:28:00,tea,suggest,29,1,1
7248,36310,2025-02-25 16:14:00,frappe,suggest,12,1,1
7249,36312,2025-10-11 08:58:00,coldbrew,suggest,8,0,0
7250,36316,2025-09-29 12:07:00,latte,suggest,5,0,0
7251,36316,2025-09-29 12:07:00,tea,situation,27,1,1
7252,36317,2025-09-11 15:17:00,tea,situation,16,0,0
7253,36324,2025-09-10 15:35:00,tea,situation,29,0,0
7254,36329,2025-12-02 11:12:00,ade,suggest,24,0,0
7255,36332,2025-08-26 15:54:00,latte,situation,23,1,1
7256,36340,2025-12-05 13:43:00,non-coffee,situation,14,0,0
7257,36350,2025-01-15 14:20:00,coldbrew,situation,7,0,0
7258,36361,2025-03-16 07:56:00,ade,suggest,18,0,0
7259,36362,2025-05-14 19:20:00,latte,suggest,5,0,0
7260,36365,2025-05-23 17:01:00,latte,situation,5,0,0
7261,36372,2025-09-04 14:12:00,smoothie,situation,21,1,0
7262,36372,2025-09-04 14:12:00,coldbrew,suggest,8,1,1
7263,36374,2025-07-07 08:08:00,latte,situation,10,0,0
7264,36378,2025-09-28 17:07:00,tea,situation,31,0,0
7265,36399,2025-11-30 16:24:00,frappe,situation,12,0,0
7266,36399,2025-11-30 16:24:00,ade,suggest,19,1,1
7267,36417,2025-07-01 08:16:00,espresso,situation,1,1,1
7268,36417,2025-07-01 08:16:00,frappe,suggest,25,0,0
7269,36425,2025-09-13 12:53:00,tea,suggest,30,1,1
7270,36435,2025-05-02 08:15:00,latte,situation,5,0,0
7271,36441,2025-08-30 13:25:00,americano,suggest,2,0,0
7272,36446,2025-07-19 17:59:00,latte,situation,4,1,0
7273,36452,2025-02-13 12:45:00,juice,situation,22,0,0
7274,36452,2025-02-13 12:45:00,tea,situation,16,1,1
7275,36474,2025-02-27 12:58:00,tea,situation,17,0,0
7276,36476,2025-04-02 15:01:00,ade,suggest,19,1,0
7277,36477,2025-07-21 08:10:00,non-coffee,situation,14,0,0
7278,36478,2025-01-16 18:13:00,tea,situation,27,0,0
7279,36479,2025-07-18 14:26:00,tea,situation,28,1,1
7280,36480,2025-04-12 16:20:00,cappuccino,situation,6,1,1
7281,36480,2025-04-12 16:20:00,latte,situation,4,0,0
7282,36495,2025-10-26 15:46:00,tea,situation,17,1,1
7283,36498,2025-03-05 18:31:00,tea,suggest,28,1,1
7284,36505,2025-11-30 09:18:00,latte,situation,11,1,1
7285,36515,2025-06-15 16:45:00,americano,suggest,3,1,1
7286,36527,2025-11-17 15:49:00,juice,situation,22,1,0
7287,36532,2025-08-24 15:35:00,tea,suggest,27,1,0
7288,36534,2025-03-18 15:47:00,frappe,situation,25,1,0
7289,36534,2025-03-18 15:47:00,latte,suggest,23,1,0
7290,36535,2025-07-08 11:54:00,latte,situation,5,1,1
7291,36542,2025-08-31 14:42:00,frappe,suggest,25,1,1
7292,36542,2025-08-31 14:42:00,tea,situation,28,0,0
7293,36544,2025-10-07 17:00:00,frappe,situation,25,1,1
7294,36544,2025-10-07 17:00:00,cappuccino,situation,6,1,0
7295,36552,2025-10-04 15:16:00,juice,situation,22,1,0
7296,36552,2025-10-04 15:16:00,frappe,situation,12,1,1
7297,36553,2025-03-10 17:53:00,tea,situation,15,0,0
7298,36558,2025-06-04 09:51:00,tea,situation,17,1,0
7299,36559,2025-12-26 13:15:00,tea,situation,29,1,1
7300,36559,2025-12-26 13:15:00,ade,situation,19,1,1
7301,36566,2025-04-12 08:55:00,cappuccino,situation,6,1,1
7302,36568,2025-09-15 17:27:00,smoothie,situation,32,1,1
7303,36570,2025-05-21 08:50:00,espresso,suggest,1,0,0
7304,36570,2025-05-21 08:50:00,americano,suggest,2,0,0
7305,36571,2025-10-09 09:56:00,tea,suggest,15,0,0
7306,36578,2025-09-06 15:53:00,cappuccino,situation,6,1,0
7307,36586,2025-01-24 15:38:00,frappe,situation,26,1,1
7308,36592,2025-01-01 09:24:00,coldbrew,situation,7,0,0
7309,36607,2025-11-16 18:01:00,latte,situation,4,1,1
7310,36625,2025-03-17 17:54:00,juice,suggest,22,1,1
7311,36625,2025-03-17 17:54:00,frappe,situation,12,1,0
7312,36630,2025-02-17 20:56:00,tea,situation,27,0,0
7313,36632,2025-03-29 12:17:00,tea,situation,28,0,0
7314,36642,2025-05-07 09:35:00,smoothie,situation,20,1,1
7315,36642,2025-05-07 09:35:00,latte,suggest,5,0,0
7316,36655,2025-09-20 11:30:00,tea,situation,29,1,1
7317,36655,2025-09-20 11:30:00,tea,situation,16,1,0
7318,36658,2025-01-29 21:57:00,tea,suggest,15,0,0
7319,36660,2025-09-21 14:37:00,latte,suggest,23,1,0
7320,36660,2025-09-21 14:37:00,frappe,situation,12,0,0
7321,36663,2025-08-02 17:39:00,americano,situation,3,1,0
7322,36663,2025-08-02 17:39:00,frappe,situation,25,0,0
7323,36672,2025-07-15 22:34:00,latte,suggest,11,0,0
7324,36673,2025-11-13 18:49:00,frappe,suggest,26,1,0
7325,36677,2025-08-05 09:46:00,ade,situation,19,1,1
7326,36682,2025-01-15 16:56:00,americano,situation,2,1,1
7327,36685,2025-05-02 16:44:00,ade,situation,24,0,0
7328,36686,2025-12-24 07:59:00,frappe,suggest,25,1,1
7329,36695,2025-02-05 21:42:00,latte,situation,5,0,0
7330,36709,2025-06-03 15:50:00,americano,situation,2,0,0
7331,36709,2025-06-03 15:50:00,tea,situation,30,1,0
7332,36727,2025-03-14 14:19:00,coldbrew,suggest,8,0,0
7333,36727,2025-03-14 14:19:00,coldbrew,situation,8,0,0
7334,36740,2025-01-29 09:52:00,juice,situation,22,0,0
7335,36743,2025-07-11 11:49:00,frappe,situation,25,0,0
7336,36760,2025-02-22 15:07:00,frappe,suggest,25,0,0
7337,36765,2025-11-25 18:21:00,non-coffee,situation,14,1,1
7338,36773,2025-01-29 08:16:00,ade,situation,19,0,0
7339,36773,2025-01-29 08:16:00,latte,situation,4,1,1
7340,36775,2025-07-01 13:25:00,americano,situation,2,0,0
7341,36777,2025-03-16 21:04:00,latte,situation,23,1,1
7342,36779,2025-11-08 18:18:00,frappe,suggest,26,0,0
7343,36780,2025-05-25 20:17:00,frappe,situation,12,1,0
7344,36786,2025-09-25 20:12:00,tea,situation,28,0,0
7345,36786,2025-09-25 20:12:00,ade,situation,19,0,0
7346,36792,2025-11-24 17:07:00,drip,situation,9,0,0
7347,36800,2025-12-26 16:48:00,latte,suggest,5,0,0
7348,36808,2025-10-30 13:39:00,smoothie,suggest,21,0,0
7349,36808,2025-10-30 13:39:00,coldbrew,situation,8,1,0
7350,36819,2025-07-11 11:21:00,tea,situation,28,0,0
7351,36821,2025-10-12 16:37:00,cappuccino,situation,6,1,1
7352,36825,2025-12-21 14:48:00,cappuccino,suggest,6,1,1
7353,36836,2025-03-03 11:42:00,frappe,suggest,25,1,1
7354,36842,2025-05-21 16:09:00,smoothie,suggest,32,1,1
7355,36871,2025-02-07 11:48:00,cappuccino,situation,6,0,0
7356,36878,2025-10-26 07:27:00,americano,situation,3,1,0
7357,36906,2025-01-16 17:07:00,smoothie,suggest,20,0,0
7358,36906,2025-01-16 17:07:00,frappe,situation,13,0,0
7359,36907,2025-05-01 09:34:00,tea,suggest,28,1,1
7360,36920,2025-06-27 22:02:00,tea,suggest,29,1,1
7361,36925,2025-07-28 11:04:00,juice,situation,22,1,0
7362,36934,2025-11-04 17:17:00,cappuccino,suggest,6,0,0
7363,36940,2025-10-25 09:46:00,frappe,situation,26,0,0
7364,36957,2025-07-16 12:48:00,americano,suggest,2,1,0
7365,36966,2025-07-10 18:25:00,ade,situation,18,0,0
7366,36966,2025-07-10 18:25:00,cappuccino,situation,6,1,0
7367,36970,2025-09-01 13:04:00,cappuccino,situation,6,1,0
7368,36984,2025-01-03 09:27:00,smoothie,suggest,21,1,1
7369,36984,2025-01-03 09:27:00,ade,suggest,24,0,0
7370,36990,2025-11-01 18:48:00,tea,suggest,15,1,0
7371,36992,2025-06-09 16:42:00,ade,situation,24,0,0
7372,37012,2025-03-27 15:08:00,smoothie,situation,21,1,1
7373,37018,2025-10-29 17:01:00,frappe,suggest,13,1,1
7374,37021,2025-01-19 18:21:00,coldbrew,suggest,7,1,1
7375,37029,2025-06-15 08:29:00,latte,situation,10,0,0
7376,37037,2025-04-25 08:46:00,frappe,situation,12,1,0
7377,37037,2025-04-25 08:46:00,frappe,situation,26,1,1
7378,37038,2025-10-05 12:31:00,americano,situation,3,0,0
7379,37038,2025-10-05 12:31:00,tea,suggest,29,1,1
7380,37048,2025-04-14 11:32:00,coldbrew,suggest,7,0,0
7381,37058,2025-05-09 13:56:00,tea,situation,29,0,0
7382,37058,2025-05-09 13:56:00,ade,suggest,18,1,0
7383,37062,2025-05-02 12:29:00,tea,situation,16,1,1
7384,37062,2025-05-02 12:29:00,smoothie,situation,21,0,0
7385,37063,2025-07-03 08:55:00,latte,suggest,10,0,0
7386,37067,2025-08-30 08:26:00,tea,situation,29,1,1
7387,37072,2025-06-21 16:52:00,tea,suggest,29,1,0
7388,37076,2025-02-25 08:16:00,juice,situation,22,0,0
7389,37083,2025-01-19 20:06:00,tea,suggest,15,1,0
7390,37084,2025-05-27 16:47:00,frappe,situation,26,1,1
7391,37087,2025-02-22 17:38:00,latte,situation,11,1,0
7392,37087,2025-02-22 17:38:00,americano,situation,2,1,1
7393,37097,2025-05-15 19:07:00,ade,situation,18,0,0
7394,37097,2025-05-15 19:07:00,latte,suggest,10,1,1
7395,37128,2025-06-12 18:22:00,tea,suggest,31,1,0
7396,37128,2025-06-12 18:22:00,tea,situation,15,0,0
7397,37160,2025-07-25 15:07:00,tea,situation,30,1,0
7398,37179,2025-06-16 17:41:00,latte,suggest,10,0,0
7399,37187,2025-03-31 08:08:00,coldbrew,suggest,8,1,0
7400,37214,2025-07-27 18:43:00,latte,suggest,11,1,1
7401,37219,2025-12-06 15:57:00,frappe,suggest,12,0,0
7402,37229,2025-01-18 15:53:00,frappe,situation,25,1,1
7403,37232,2025-01-09 17:33:00,latte,situation,5,1,0
7404,37233,2025-03-24 21:15:00,frappe,suggest,26,1,0
7405,37233,2025-03-24 21:15:00,tea,situation,16,1,1
7406,37236,2025-08-06 11:35:00,americano,situation,2,0,0
7407,37239,2025-03-29 11:09:00,frappe,situation,12,0,0
7408,37245,2025-10-07 09:55:00,juice,situation,22,1,1
7409,37260,2025-01-17 20:19:00,ade,situation,18,0,0
7410,37266,2025-02-27 12:28:00,smoothie,suggest,32,1,1
7411,37266,2025-02-27 12:28:00,tea,suggest,28,1,0
7412,37280,2025-07-12 07:37:00,smoothie,suggest,32,1,0
7413,37312,2025-12-19 16:23:00,tea,suggest,29,1,1
7414,37312,2025-12-19 16:23:00,frappe,situation,12,0,0
7415,37320,2025-04-23 16:39:00,coldbrew,situation,8,1,0
7416,37322,2025-06-22 09:39:00,coldbrew,situation,8,1,1
7417,37340,2025-11-30 12:47:00,juice,suggest,22,1,0
7418,37353,2025-04-04 11:25:00,cappuccino,situation,6,1,0
7419,37356,2025-01-02 09:30:00,smoothie,situation,20,1,0
7420,37358,2025-11-04 12:02:00,latte,situation,10,1,0
7421,37358,2025-11-04 12:02:00,ade,suggest,24,0,0
7422,37360,2025-05-07 08:31:00,smoothie,situation,32,0,0
7423,37366,2025-03-26 14:03:00,latte,situation,5,1,1
7424,37370,2025-04-28 22:52:00,tea,situation,27,1,1
7425,37380,2025-09-01 14:37:00,tea,suggest,17,0,0
7426,37383,2025-09-06 13:24:00,smoothie,situation,21,1,0
7427,37383,2025-09-06 13:24:00,tea,situation,31,1,1
7428,37386,2025-12-26 16:19:00,ade,situation,19,0,0
7429,37386,2025-12-26 16:19:00,tea,situation,27,1,1
7430,37395,2025-02-27 15:23:00,latte,suggest,23,1,1
7431,37437,2025-08-14 19:52:00,tea,situation,30,0,0
7432,37438,2025-07-23 07:24:00,latte,situation,5,1,0
7433,37438,2025-07-23 07:24:00,espresso,situation,1,1,0
7434,37440,2025-08-06 14:29:00,cappuccino,suggest,6,0,0
7435,37440,2025-08-06 14:29:00,frappe,situation,25,0,0
7436,37444,2025-07-22 17:56:00,tea,situation,15,0,0
7437,37468,2025-05-22 09:03:00,latte,situation,10,0,0
7438,37473,2025-02-20 15:57:00,frappe,situation,12,1,1
7439,37473,2025-02-20 15:57:00,tea,situation,16,0,0
7440,37474,2025-04-23 09:52:00,latte,suggest,5,1,1
7441,37482,2025-06-28 14:49:00,tea,situation,30,1,1
7442,37502,2025-06-14 12:51:00,latte,situation,5,1,1
7443,37503,2025-12-22 09:55:00,tea,suggest,15,1,1
7444,37504,2025-09-24 16:07:00,tea,situation,16,0,0
7445,37504,2025-09-24 16:07:00,latte,suggest,11,1,1
7446,37505,2025-01-01 16:11:00,smoothie,situation,20,1,0
7447,37505,2025-01-01 16:11:00,frappe,situation,13,1,1
7448,37524,2025-03-02 09:44:00,smoothie,situation,32,1,1
7449,37527,2025-07-17 20:00:00,ade,suggest,24,0,0
7450,37533,2025-10-29 16:38:00,tea,situation,30,0,0
7451,37533,2025-10-29 16:38:00,tea,situation,27,0,0
7452,37534,2025-09-30 18:59:00,smoothie,situation,21,1,1
7453,37551,2025-02-03 11:03:00,americano,situation,2,0,0
7454,37551,2025-02-03 11:03:00,tea,situation,17,0,0
7455,37555,2025-06-09 15:36:00,americano,situation,3,0,0
7456,37559,2025-05-25 15:59:00,espresso,situation,1,0,0
7457,37559,2025-05-25 15:59:00,latte,situation,10,1,1
7458,37561,2025-01-08 08:39:00,coldbrew,suggest,7,0,0
7459,37566,2025-06-22 15:12:00,cappuccino,suggest,6,0,0
7460,37577,2025-01-03 16:07:00,coldbrew,situation,7,0,0
7461,37598,2025-05-22 11:31:00,americano,situation,3,1,1
7462,37598,2025-05-22 11:31:00,tea,situation,28,0,0
7463,37604,2025-03-15 19:22:00,non-coffee,situation,14,0,0
7464,37604,2025-03-15 19:22:00,coldbrew,situation,7,1,0
7465,37618,2025-09-19 09:02:00,drip,situation,9,1,1
7466,37618,2025-09-19 09:02:00,ade,situation,19,1,1
7467,37622,2025-07-03 17:41:00,frappe,suggest,25,1,1
7468,37622,2025-07-03 17:41:00,cappuccino,situation,6,0,0
7469,37640,2025-02-23 15:20:00,cappuccino,situation,6,1,1
7470,37640,2025-02-23 15:20:00,latte,situation,4,0,0
7471,37642,2025-10-22 09:09:00,espresso,suggest,1,0,0
7472,37647,2025-02-18 16:03:00,tea,suggest,16,1,1
7473,37647,2025-02-18 16:03:00,cappuccino,situation,6,0,0
7474,37648,2025-07-31 19:16:00,cappuccino,situation,6,0,0
7475,37657,2025-02-07 21:02:00,tea,suggest,16,0,0
7476,37657,2025-02-07 21:02:00,tea,situation,17,1,1
7477,37686,2025-03-07 08:19:00,latte,situation,5,0,0
7478,37686,2025-03-07 08:19:00,frappe,suggest,25,0,0
7479,37687,2025-11-15 12:00:00,coldbrew,situation,8,1,1
7480,37688,2025-01-18 22:52:00,ade,situation,18,0,0
7481,37688,2025-01-18 22:52:00,latte,suggest,11,1,1
7482,37693,2025-04-15 08:49:00,coldbrew,situation,8,1,1
7483,37698,2025-12-18 15:27:00,espresso,suggest,1,1,1
7484,37698,2025-12-18 15:27:00,frappe,situation,26,1,1
7485,37715,2025-10-15 17:10:00,ade,suggest,19,1,1
7486,37734,2025-03-04 09:20:00,frappe,situation,13,0,0
7487,37734,2025-03-04 09:20:00,americano,suggest,3,1,0
7488,37736,2025-10-22 15:15:00,smoothie,suggest,32,0,0
7489,37736,2025-10-22 15:15:00,smoothie,situation,21,0,0
7490,37747,2025-07-21 18:50:00,tea,suggest,29,1,0
7491,37749,2025-07-29 12:19:00,latte,situation,5,1,1
7492,37755,2025-07-18 17:59:00,frappe,situation,26,0,0
7493,37755,2025-07-18 17:59:00,latte,situation,11,1,1
7494,37757,2025-05-22 09:00:00,tea,situation,30,1,0
7495,37757,2025-05-22 09:00:00,coldbrew,situation,8,1,1
7496,37758,2025-06-13 19:17:00,tea,situation,27,1,1
7497,37768,2025-06-30 17:05:00,coldbrew,situation,8,0,0
7498,37770,2025-12-24 09:32:00,smoothie,suggest,21,1,0
7499,37770,2025-12-24 09:32:00,ade,situation,19,0,0
7500,37778,2025-04-06 15:42:00,tea,suggest,27,1,0
7501,37781,2025-07-05 14:32:00,juice,situation,22,0,0
7502,37781,2025-07-05 14:32:00,tea,situation,31,1,0
7503,37785,2025-07-16 18:17:00,non-coffee,situation,14,1,1
7504,37788,2025-08-29 11:20:00,coldbrew,suggest,8,0,0
7505,37788,2025-08-29 11:20:00,tea,situation,17,1,0
7506,37799,2025-01-23 14:54:00,frappe,situation,12,1,0
7507,37809,2025-12-16 19:52:00,tea,situation,17,1,1
7508,37809,2025-12-16 19:52:00,smoothie,suggest,20,1,1
7509,37810,2025-02-26 14:26:00,latte,situation,10,1,0
7510,37814,2025-09-05 16:25:00,tea,suggest,28,1,1
7511,37824,2025-07-31 14:46:00,non-coffee,suggest,14,1,0
7512,37838,2025-12-23 14:33:00,juice,situation,22,1,1
7513,37840,2025-05-31 12:19:00,latte,suggest,23,0,0
7514,37843,2025-09-20 13:53:00,smoothie,situation,32,1,1
7515,37845,2025-09-28 11:23:00,latte,situation,23,1,0
7516,37851,2025-08-11 12:36:00,smoothie,situation,21,1,0
7517,37851,2025-08-11 12:36:00,cappuccino,suggest,6,1,1
7518,37854,2025-12-12 15:34:00,tea,situation,27,0,0
7519,37865,2025-05-05 15:01:00,tea,situation,28,0,0
7520,37869,2025-10-09 15:47:00,tea,situation,16,1,0
7521,37874,2025-12-31 18:30:00,smoothie,situation,32,1,1
7522,37874,2025-12-31 18:30:00,smoothie,situation,20,0,0
7523,37881,2025-03-12 13:18:00,tea,situation,30,0,0
7524,37881,2025-03-12 13:18:00,coldbrew,situation,8,0,0
7525,37900,2025-04-27 15:50:00,ade,situation,24,1,0
7526,37900,2025-04-27 15:50:00,ade,situation,24,1,0
7527,37906,2025-07-06 12:25:00,americano,situation,2,1,1
7528,37908,2025-05-01 14:49:00,latte,suggest,23,0,0
7529,37913,2025-03-28 15:24:00,latte,situation,23,1,0
7530,37938,2025-02-04 12:55:00,frappe,situation,25,1,1
7531,37940,2025-02-17 08:34:00,tea,suggest,29,1,1
7532,37955,2025-09-24 08:31:00,americano,suggest,3,1,0
7533,37958,2025-02-12 09:12:00,ade,suggest,24,1,1
7534,37963,2025-02-24 12:31:00,juice,situation,22,0,0
7535,37970,2025-03-28 09:23:00,non-coffee,suggest,14,0,0
7536,37983,2025-11-09 20:02:00,tea,suggest,17,0,0
7537,37987,2025-12-09 17:48:00,frappe,situation,25,1,1
7538,37990,2025-05-18 08:12:00,ade,suggest,18,1,1
7539,37991,2025-08-01 09:28:00,tea,situation,30,1,1
7540,37994,2025-05-09 15:03:00,ade,suggest,19,0,0
7541,37995,2025-12-25 17:57:00,tea,situation,27,0,0
7542,37998,2025-02-21 16:49:00,ade,situation,24,1,1
7543,38001,2025-06-28 18:20:00,latte,situation,10,1,1
7544,38001,2025-06-28 18:20:00,latte,situation,10,1,1
7545,38002,2025-03-06 09:52:00,coldbrew,situation,7,1,0
7546,38014,2025-08-06 11:44:00,americano,suggest,3,0,0
7547,38014,2025-08-06 11:44:00,latte,situation,5,1,1
7548,38019,2025-04-14 15:22:00,frappe,suggest,26,0,0
7549,38025,2025-01-17 19:30:00,ade,situation,24,0,0
7550,38043,2025-12-02 17:11:00,tea,situation,28,0,0
7551,38043,2025-12-02 17:11:00,ade,situation,24,0,0
7552,38048,2025-12-08 15:09:00,tea,situation,28,1,0
7553,38049,2025-02-12 13:07:00,drip,situation,9,1,1
7554,38049,2025-02-12 13:07:00,tea,situation,28,1,0
7555,38065,2025-08-02 11:41:00,coldbrew,situation,7,1,1
7556,38065,2025-08-02 11:41:00,latte,situation,4,0,0
7557,38067,2025-11-07 09:52:00,latte,situation,5,0,0
7558,38067,2025-11-07 09:52:00,smoothie,suggest,21,1,0
7559,38086,2025-08-27 13:10:00,ade,suggest,18,0,0
7560,38088,2025-11-23 08:38:00,americano,situation,3,1,0
7561,38088,2025-11-23 08:38:00,tea,suggest,15,0,0
7562,38092,2025-08-09 16:25:00,coldbrew,situation,8,1,0
7563,38110,2025-01-30 09:44:00,tea,situation,29,1,1
7564,38111,2025-08-28 19:31:00,smoothie,situation,21,1,1
7565,38121,2025-02-17 22:23:00,espresso,suggest,1,0,0
7566,38123,2025-11-03 16:47:00,ade,situation,24,1,1
7567,38124,2025-04-23 16:58:00,frappe,suggest,13,1,0
7568,38127,2025-10-25 20:54:00,juice,suggest,22,1,1
7569,38134,2025-11-09 09:40:00,americano,situation,2,0,0
7570,38136,2025-11-07 20:40:00,smoothie,situation,20,0,0
7571,38140,2025-11-20 17:49:00,ade,situation,18,1,1
7572,38143,2025-03-03 19:47:00,coldbrew,situation,8,0,0
7573,38148,2025-08-17 09:15:00,frappe,suggest,13,0,0
7574,38151,2025-06-18 14:30:00,latte,situation,10,0,0
7575,38151,2025-06-18 14:30:00,frappe,situation,12,1,0
7576,38156,2025-12-11 11:10:00,tea,suggest,15,1,0
7577,38161,2025-08-17 15:07:00,tea,situation,30,1,1
7578,38177,2025-09-14 14:20:00,ade,situation,18,0,0
7579,38177,2025-09-14 14:20:00,tea,situation,27,0,0
7580,38182,2025-05-25 11:10:00,tea,situation,29,1,1
7581,38184,2025-12-30 09:56:00,tea,suggest,27,1,0
7582,38187,2025-09-21 19:06:00,tea,situation,16,1,0
7583,38187,2025-09-21 19:06:00,drip,situation,9,0,0
7584,38193,2025-01-28 17:44:00,tea,situation,29,1,1
7585,38218,2025-12-03 08:43:00,cappuccino,situation,6,1,1
7586,38221,2025-04-27 18:10:00,smoothie,situation,21,0,0
7587,38221,2025-04-27 18:10:00,tea,situation,30,0,0
7588,38223,2025-08-06 16:04:00,frappe,suggest,13,0,0
7589,38223,2025-08-06 16:04:00,frappe,situation,13,1,1
7590,38225,2025-02-04 07:45:00,tea,situation,15,1,1
7591,38229,2025-02-26 09:07:00,americano,situation,2,1,0
7592,38232,2025-03-19 16:11:00,smoothie,situation,20,1,1
7593,38241,2025-11-04 13:10:00,latte,suggest,5,1,0
7594,38242,2025-10-11 14:42:00,coldbrew,suggest,8,1,1
7595,38246,2025-12-19 13:53:00,ade,situation,19,0,0
7596,38248,2025-05-28 14:35:00,juice,situation,22,0,0
7597,38257,2025-09-10 19:15:00,ade,suggest,19,0,0
7598,38262,2025-06-29 12:47:00,cappuccino,suggest,6,1,0
7599,38262,2025-06-29 12:47:00,coldbrew,suggest,7,0,0
7600,38271,2025-02-18 19:33:00,ade,situation,18,0,0
7601,38271,2025-02-18 19:33:00,latte,situation,11,1,1
7602,38278,2025-10-03 16:02:00,ade,suggest,24,1,0
7603,38278,2025-10-03 16:02:00,tea,situation,15,0,0
7604,38285,2025-06-28 14:08:00,tea,situation,16,0,0
7605,38292,2025-01-02 19:14:00,latte,situation,4,1,1
7606,38302,2025-04-13 18:26:00,coldbrew,situation,8,1,0
7607,38314,2025-07-10 19:06:00,frappe,situation,25,0,0
7608,38314,2025-07-10 19:06:00,tea,situation,30,0,0
7609,38315,2025-03-24 12:09:00,non-coffee,situation,14,1,1
7610,38316,2025-04-26 19:19:00,frappe,suggest,13,0,0
7611,38320,2025-11-02 15:44:00,coldbrew,situation,7,1,1
7612,38335,2025-06-15 18:47:00,latte,situation,5,1,1
7613,38336,2025-04-03 09:23:00,latte,suggest,4,0,0
7614,38336,2025-04-03 09:23:00,latte,suggest,23,1,0
7615,38349,2025-04-30 18:56:00,americano,situation,3,0,0
7616,38352,2025-07-14 09:51:00,coldbrew,situation,8,0,0
7617,38366,2025-07-28 20:24:00,ade,situation,24,1,1
7618,38366,2025-07-28 20:24:00,latte,situation,5,0,0
7619,38368,2025-11-29 07:48:00,latte,situation,5,0,0
7620,38373,2025-09-15 15:54:00,ade,situation,19,1,1
7621,38390,2025-02-17 15:29:00,tea,situation,30,1,1
7622,38391,2025-04-29 11:50:00,frappe,suggest,25,0,0
7623,38392,2025-12-26 18:38:00,tea,situation,31,0,0
7624,38400,2025-01-16 11:05:00,frappe,situation,26,1,0
7625,38407,2025-06-03 07:17:00,tea,situation,17,0,0
7626,38407,2025-06-03 07:17:00,tea,situation,15,1,0
7627,38408,2025-07-31 09:25:00,frappe,situation,12,1,1
7628,38416,2025-07-05 18:16:00,frappe,situation,25,1,1
7629,38420,2025-03-13 16:09:00,coldbrew,situation,7,1,1
7630,38421,2025-11-23 12:48:00,tea,suggest,16,1,0
7631,38427,2025-09-06 19:13:00,tea,suggest,29,1,1
7632,38427,2025-09-06 19:13:00,tea,situation,27,0,0
7633,38428,2025-10-12 07:57:00,americano,situation,3,0,0
7634,38428,2025-10-12 07:57:00,tea,situation,17,1,0
7635,38439,2025-11-23 09:47:00,tea,situation,17,0,0
7636,38447,2025-08-19 17:23:00,frappe,situation,26,0,0
7637,38447,2025-08-19 17:23:00,coldbrew,situation,7,1,0
7638,38455,2025-12-23 18:24:00,coldbrew,situation,8,1,0
7639,38455,2025-12-23 18:24:00,tea,situation,15,1,1
7640,38465,2025-10-31 21:08:00,frappe,situation,13,1,1
7641,38465,2025-10-31 21:08:00,latte,situation,10,1,1
7642,38473,2025-06-30 09:27:00,smoothie,suggest,32,0,0
7643,38491,2025-05-06 14:23:00,frappe,suggest,26,1,1
7644,38497,2025-06-02 09:34:00,juice,suggest,22,1,0
7645,38504,2025-09-12 13:44:00,smoothie,suggest,32,1,0
7646,38507,2025-06-06 19:12:00,cappuccino,situation,6,1,1
7647,38507,2025-06-06 19:12:00,frappe,situation,25,1,1
7648,38513,2025-09-04 17:51:00,coldbrew,suggest,7,1,0
7649,38513,2025-09-04 17:51:00,latte,situation,5,1,0
7650,38516,2025-12-31 14:35:00,frappe,suggest,13,0,0
7651,38527,2025-05-28 09:27:00,tea,situation,17,1,1
7652,38528,2025-02-14 12:20:00,tea,situation,27,0,0
7653,38528,2025-02-14 12:20:00,coldbrew,situation,7,0,0
7654,38532,2025-05-29 20:13:00,ade,situation,18,1,1
7655,38536,2025-06-25 09:50:00,espresso,suggest,1,1,1
7656,38539,2025-07-27 18:46:00,americano,situation,2,1,1
7657,38539,2025-07-27 18:46:00,frappe,situation,13,1,0
7658,38540,2025-03-04 11:51:00,latte,suggest,10,1,0
7659,38540,2025-03-04 11:51:00,juice,situation,22,0,0
7660,38542,2025-10-23 15:09:00,smoothie,situation,20,1,0
7661,38542,2025-10-23 15:09:00,tea,suggest,28,0,0
7662,38548,2025-11-30 17:24:00,tea,situation,28,1,1
7663,38554,2025-11-06 15:37:00,frappe,situation,12,1,0
7664,38554,2025-11-06 15:37:00,ade,situation,19,1,1
7665,38556,2025-02-28 09:17:00,coldbrew,situation,7,1,0
7666,38556,2025-02-28 09:17:00,latte,situation,4,0,0
7667,38566,2025-04-07 12:55:00,espresso,situation,1,1,1
7668,38570,2025-06-19 08:55:00,ade,situation,18,0,0
7669,38570,2025-06-19 08:55:00,latte,situation,4,0,0
7670,38576,2025-05-16 13:46:00,tea,suggest,31,0,0
7671,38576,2025-05-16 13:46:00,ade,situation,24,1,1
7672,38580,2025-12-17 16:12:00,latte,situation,4,1,1
7673,38589,2025-11-18 15:48:00,smoothie,situation,20,1,0
7674,38593,2025-08-10 09:39:00,tea,suggest,28,0,0
7675,38594,2025-05-27 08:36:00,latte,suggest,11,0,0
7676,38606,2025-06-02 12:27:00,frappe,situation,12,0,0
7677,38606,2025-06-02 12:27:00,espresso,suggest,1,1,1
7678,38607,2025-04-15 15:59:00,tea,situation,30,1,0
7679,38609,2025-09-14 13:20:00,latte,suggest,4,1,1
7680,38615,2025-06-18 13:15:00,cappuccino,situation,6,0,0
7681,38618,2025-04-14 15:01:00,frappe,suggest,12,0,0
7682,38621,2025-12-04 15:39:00,ade,situation,24,0,0
7683,38626,2025-10-04 15:43:00,espresso,suggest,1,1,1
7684,38628,2025-04-02 14:12:00,smoothie,situation,32,1,1
7685,38628,2025-04-02 14:12:00,tea,situation,29,1,1
7686,38629,2025-03-17 07:19:00,latte,situation,23,1,1
7687,38630,2025-09-14 09:32:00,frappe,suggest,25,1,0
7688,38631,2025-10-06 11:04:00,tea,suggest,30,0,0
7689,38631,2025-10-06 11:04:00,frappe,situation,25,0,0
7690,38633,2025-10-28 14:53:00,cappuccino,situation,6,1,0
7691,38640,2025-10-05 09:57:00,espresso,suggest,1,1,0
7692,38654,2025-11-05 12:05:00,americano,situation,3,0,0
7693,38657,2025-12-05 16:45:00,frappe,situation,25,0,0
7694,38657,2025-12-05 16:45:00,frappe,suggest,13,1,0
7695,38664,2025-10-01 16:34:00,latte,suggest,23,0,0
7696,38670,2025-08-10 20:48:00,frappe,situation,12,1,1
7697,38679,2025-02-24 17:15:00,frappe,suggest,13,1,0
7698,38679,2025-02-24 17:15:00,latte,situation,5,0,0
7699,38693,2025-11-04 15:55:00,smoothie,situation,20,0,0
7700,38696,2025-10-05 18:40:00,ade,suggest,19,1,0
7701,38696,2025-10-05 18:40:00,americano,situation,2,1,1
7702,38699,2025-11-21 09:06:00,smoothie,suggest,21,0,0
7703,38707,2025-06-21 17:21:00,frappe,suggest,25,0,0
7704,38711,2025-01-18 20:14:00,tea,situation,15,0,0
7705,38728,2025-01-05 18:45:00,tea,suggest,16,0,0
7706,38739,2025-12-08 13:02:00,latte,suggest,11,1,0
7707,38741,2025-06-11 18:14:00,tea,situation,29,0,0
7708,38744,2025-07-13 17:10:00,frappe,situation,25,0,0
7709,38745,2025-08-26 14:57:00,juice,situation,22,0,0
7710,38746,2025-11-07 14:45:00,non-coffee,situation,14,0,0
7711,38760,2025-06-08 13:32:00,juice,situation,22,1,1
7712,38770,2025-09-26 09:02:00,tea,situation,16,1,1
7713,38770,2025-09-26 09:02:00,tea,situation,31,0,0
7714,38775,2025-10-13 08:41:00,coldbrew,suggest,7,0,0
7715,38782,2025-09-09 12:27:00,tea,suggest,28,1,1
7716,38782,2025-09-09 12:27:00,ade,situation,19,1,1
7717,38786,2025-03-04 21:06:00,frappe,suggest,25,1,0
7718,38786,2025-03-04 21:06:00,frappe,suggest,25,0,0
7719,38790,2025-06-05 12:51:00,frappe,suggest,26,1,0
7720,38790,2025-06-05 12:51:00,coldbrew,situation,7,1,0
7721,38795,2025-02-10 14:52:00,tea,suggest,28,0,0
7722,38795,2025-02-10 14:52:00,americano,suggest,3,1,1
7723,38796,2025-08-12 07:37:00,ade,situation,24,1,1
7724,38815,2025-10-23 19:41:00,latte,suggest,11,1,1
7725,38835,2025-08-05 12:19:00,smoothie,situation,32,0,0
7726,38851,2025-12-17 13:51:00,smoothie,situation,21,0,0
7727,38855,2025-04-09 12:00:00,frappe,situation,13,1,0
7728,38855,2025-04-09 12:00:00,frappe,situation,26,1,1
7729,38870,2025-07-14 12:26:00,latte,situation,4,0,0
7730,38872,2025-09-19 11:04:00,frappe,situation,26,1,1
7731,38878,2025-01-14 14:50:00,latte,situation,4,1,1
7732,38883,2025-11-02 14:20:00,frappe,situation,12,1,0
7733,38883,2025-11-02 14:20:00,smoothie,situation,32,0,0
7734,38899,2025-09-15 09:10:00,juice,situation,22,0,0
7735,38906,2025-04-04 14:59:00,ade,situation,24,0,0
7736,38919,2025-06-30 09:25:00,tea,suggest,17,0,0
7737,38919,2025-06-30 09:25:00,ade,situation,18,1,1
7738,38922,2025-02-26 07:17:00,americano,situation,2,1,0
7739,38922,2025-02-26 07:17:00,espresso,situation,1,0,0
7740,38924,2025-10-03 15:04:00,ade,suggest,24,0,0
7741,38932,2025-02-01 14:11:00,latte,situation,5,1,0
7742,38932,2025-02-01 14:11:00,tea,situation,16,1,0
7743,38933,2025-06-14 12:28:00,tea,situation,29,1,1
7744,38947,2025-06-09 07:47:00,latte,suggest,4,1,1
7745,38956,2025-03-30 18:07:00,latte,situation,5,1,1
7746,38962,2025-06-22 15:46:00,americano,situation,2,1,0
7747,38966,2025-10-09 09:19:00,espresso,situation,1,0,0
7748,38968,2025-01-31 08:33:00,tea,situation,16,0,0
7749,38973,2025-12-04 11:39:00,tea,situation,30,1,0
7750,38989,2025-01-08 12:25:00,tea,situation,28,1,1
7751,38989,2025-01-08 12:25:00,americano,situation,3,1,1
7752,38996,2025-07-12 16:14:00,frappe,situation,12,1,1
7753,38998,2025-12-13 09:00:00,juice,situation,22,1,1
7754,39007,2025-06-30 19:06:00,ade,situation,24,1,0
7755,39008,2025-10-30 09:36:00,espresso,situation,1,1,0
7756,39018,2025-09-01 08:13:00,cappuccino,situation,6,0,0
7757,39026,2025-12-21 08:35:00,tea,situation,15,0,0
7758,39026,2025-12-21 08:35:00,tea,suggest,31,1,0
7759,39031,2025-06-20 11:22:00,non-coffee,situation,14,0,0
7760,39041,2025-05-08 08:08:00,tea,situation,29,0,0
7761,39041,2025-05-08 08:08:00,latte,situation,11,0,0
7762,39046,2025-03-02 16:07:00,latte,suggest,23,0,0
7763,39046,2025-03-02 16:07:00,smoothie,suggest,21,1,1
7764,39052,2025-01-09 09:33:00,frappe,situation,25,0,0
7765,39062,2025-05-22 07:37:00,americano,suggest,3,0,0
7766,39063,2025-08-15 16:37:00,smoothie,situation,21,1,1
7767,39064,2025-05-14 11:59:00,cappuccino,situation,6,1,0
7768,39075,2025-03-28 15:34:00,latte,situation,11,0,0
7769,39080,2025-04-12 16:50:00,tea,suggest,17,1,0
7770,39082,2025-10-10 09:24:00,latte,situation,4,0,0
7771,39082,2025-10-10 09:24:00,coldbrew,situation,8,1,1
7772,39099,2025-03-26 13:18:00,smoothie,situation,32,1,0
7773,39104,2025-03-21 07:37:00,frappe,situation,13,1,0
7774,39106,2025-01-31 20:21:00,tea,situation,27,1,1
7775,39111,2025-11-20 09:36:00,espresso,suggest,1,0,0
7776,39111,2025-11-20 09:36:00,tea,suggest,17,1,0
7777,39123,2025-03-20 17:18:00,americano,situation,3,1,1
7778,39132,2025-08-06 12:53:00,ade,suggest,24,1,1
7779,39134,2025-11-05 12:38:00,coldbrew,suggest,7,0,0
7780,39134,2025-11-05 12:38:00,espresso,suggest,1,0,0
7781,39138,2025-10-15 14:55:00,tea,situation,27,1,1
7782,39143,2025-03-13 11:13:00,tea,suggest,30,1,1
7783,39147,2025-02-08 17:53:00,smoothie,situation,20,1,1
7784,39149,2025-04-28 13:30:00,tea,situation,16,1,0
7785,39153,2025-02-06 17:50:00,juice,suggest,22,0,0
7786,39153,2025-02-06 17:50:00,americano,situation,2,1,0
7787,39157,2025-09-19 18:43:00,coldbrew,situation,7,1,0
7788,39163,2025-07-24 12:28:00,tea,situation,27,1,1
7789,39169,2025-12-11 16:03:00,smoothie,situation,20,0,0
7790,39171,2025-02-27 14:16:00,tea,situation,16,1,0
7791,39177,2025-04-26 09:22:00,latte,situation,11,0,0
7792,39190,2025-03-25 07:19:00,cappuccino,suggest,6,0,0
7793,39192,2025-07-23 17:34:00,tea,situation,27,1,0
7794,39192,2025-07-23 17:34:00,tea,suggest,16,1,0
7795,39195,2025-11-08 16:29:00,americano,situation,3,0,0
7796,39209,2025-08-29 17:29:00,frappe,suggest,13,1,1
7797,39209,2025-08-29 17:29:00,cappuccino,situation,6,1,1
7798,39221,2025-12-13 13:41:00,frappe,suggest,25,1,1
7799,39221,2025-12-13 13:41:00,ade,situation,18,0,0
7800,39223,2025-05-04 15:55:00,tea,situation,16,0,0
7801,39230,2025-07-19 17:59:00,latte,situation,23,1,0
7802,39239,2025-09-21 18:18:00,frappe,suggest,12,0,0
7803,39239,2025-09-21 18:18:00,ade,situation,18,1,0
7804,39251,2025-05-22 16:28:00,tea,situation,15,0,0
7805,39251,2025-05-22 16:28:00,latte,situation,10,1,0
7806,39263,2025-09-06 22:03:00,smoothie,situation,32,0,0
7807,39266,2025-03-15 18:28:00,tea,suggest,28,1,1
7808,39275,2025-12-01 12:32:00,drip,situation,9,0,0
7809,39275,2025-12-01 12:32:00,smoothie,suggest,21,0,0
7810,39282,2025-09-12 18:25:00,americano,suggest,2,0,0
7811,39286,2025-03-01 09:27:00,americano,situation,2,1,1
7812,39286,2025-03-01 09:27:00,drip,situation,9,0,0
7813,39288,2025-07-16 07:24:00,non-coffee,situation,14,1,0
7814,39291,2025-02-06 12:24:00,frappe,suggest,13,1,1
7815,39293,2025-11-22 07:59:00,coldbrew,situation,8,1,1
7816,39302,2025-03-04 12:53:00,smoothie,situation,20,1,0
7817,39302,2025-03-04 12:53:00,latte,situation,23,1,1
7818,39309,2025-10-30 22:29:00,americano,situation,3,1,1
7819,39318,2025-09-14 17:46:00,non-coffee,situation,14,1,1
7820,39328,2025-06-01 14:17:00,tea,situation,29,1,0
7821,39342,2025-12-18 09:09:00,americano,situation,3,0,0
7822,39342,2025-12-18 09:09:00,americano,situation,3,0,0
7823,39371,2025-06-11 09:56:00,smoothie,situation,21,1,1
7824,39389,2025-01-25 09:07:00,tea,suggest,27,1,1
7825,39390,2025-01-25 15:20:00,frappe,situation,12,0,0
7826,39390,2025-01-25 15:20:00,ade,suggest,18,1,1
7827,39409,2025-08-13 15:29:00,non-coffee,suggest,14,1,0
7828,39409,2025-08-13 15:29:00,smoothie,suggest,32,1,1
7829,39413,2025-08-03 20:33:00,latte,situation,23,0,0
7830,39413,2025-08-03 20:33:00,tea,situation,28,1,0
7831,39415,2025-09-16 18:19:00,juice,situation,22,0,0
7832,39415,2025-09-16 18:19:00,ade,situation,19,1,1
7833,39419,2025-11-25 15:08:00,espresso,suggest,1,0,0
7834,39424,2025-11-08 12:04:00,smoothie,situation,20,0,0
7835,39429,2025-02-09 19:00:00,smoothie,situation,20,0,0
7836,39429,2025-02-09 19:00:00,tea,situation,15,1,0
7837,39432,2025-05-27 09:03:00,tea,suggest,27,1,0
7838,39433,2025-08-31 15:28:00,espresso,situation,1,1,0
7839,39433,2025-08-31 15:28:00,tea,situation,29,0,0
7840,39447,2025-10-18 21:09:00,latte,suggest,4,1,1
7841,39449,2025-10-23 12:53:00,frappe,situation,12,0,0
7842,39456,2025-11-24 11:01:00,smoothie,situation,21,1,1
7843,39461,2025-04-20 09:59:00,latte,situation,5,1,0
7844,39468,2025-10-16 15:48:00,tea,situation,16,1,1
7845,39469,2025-06-25 13:23:00,tea,situation,28,1,1
7846,39469,2025-06-25 13:23:00,tea,situation,27,1,0
7847,39470,2025-12-16 14:06:00,frappe,situation,26,1,1
7848,39474,2025-02-23 16:14:00,smoothie,suggest,20,1,1
7849,39474,2025-02-23 16:14:00,americano,situation,2,1,1
7850,39483,2025-11-20 14:13:00,smoothie,situation,21,0,0
7851,39487,2025-05-18 16:59:00,non-coffee,suggest,14,0,0
7852,39489,2025-12-29 08:45:00,coldbrew,situation,7,0,0
7853,39492,2025-11-01 18:57:00,ade,situation,19,0,0
7854,39502,2025-04-06 17:21:00,juice,situation,22,1,1
7855,39502,2025-04-06 17:21:00,frappe,situation,13,1,0
7856,39504,2025-02-22 18:11:00,tea,situation,31,1,1
7857,39504,2025-02-22 18:11:00,ade,situation,19,0,0
7858,39509,2025-04-11 16:57:00,tea,situation,16,0,0
7859,39515,2025-06-14 09:02:00,frappe,situation,13,1,1
7860,39521,2025-09-28 09:02:00,americano,situation,3,0,0
7861,39521,2025-09-28 09:02:00,coldbrew,situation,8,1,0
7862,39534,2025-04-17 09:13:00,coldbrew,situation,8,0,0
7863,39534,2025-04-17 09:13:00,frappe,suggest,26,0,0
7864,39539,2025-07-30 17:48:00,ade,situation,19,0,0
7865,39540,2025-12-19 12:33:00,tea,situation,31,0,0
7866,39542,2025-01-03 15:55:00,frappe,suggest,26,0,0
7867,39542,2025-01-03 15:55:00,drip,suggest,9,0,0
7868,39545,2025-11-05 09:38:00,americano,situation,2,1,0
7869,39545,2025-11-05 09:38:00,drip,suggest,9,1,0
7870,39550,2025-05-08 15:02:00,latte,situation,4,1,1
7871,39550,2025-05-08 15:02:00,tea,suggest,29,1,0
7872,39551,2025-09-22 15:13:00,frappe,situation,12,0,0
7873,39553,2025-11-30 12:09:00,non-coffee,suggest,14,0,0
7874,39554,2025-04-16 14:07:00,americano,suggest,2,0,0
7875,39556,2025-04-14 09:12:00,non-coffee,situation,14,1,0
7876,39558,2025-05-01 12:47:00,latte,suggest,5,1,1
7877,39558,2025-05-01 12:47:00,smoothie,suggest,20,0,0
7878,39564,2025-04-25 16:35:00,smoothie,suggest,21,0,0
7879,39564,2025-04-25 16:35:00,espresso,situation,1,1,0
7880,39573,2025-01-23 20:30:00,smoothie,suggest,32,0,0
7881,39580,2025-04-12 20:40:00,smoothie,situation,21,1,0
7882,39587,2025-07-06 12:53:00,ade,situation,19,0,0
7883,39590,2025-03-22 09:13:00,non-coffee,situation,14,1,1
7884,39605,2025-02-15 13:50:00,cappuccino,suggest,6,0,0
7885,39605,2025-02-15 13:50:00,non-coffee,suggest,14,0,0
7886,39606,2025-11-11 14:50:00,tea,suggest,28,1,0
7887,39610,2025-11-12 18:53:00,coldbrew,situation,8,1,1
7888,39611,2025-08-29 16:41:00,tea,situation,31,1,1
7889,39613,2025-10-30 18:39:00,frappe,situation,13,1,0
7890,39634,2025-07-25 15:22:00,smoothie,situation,21,0,0
7891,39634,2025-07-25 15:22:00,tea,situation,29,1,1
7892,39662,2025-07-28 09:57:00,smoothie,situation,32,1,1
7893,39662,2025-07-28 09:57:00,tea,situation,16,1,0
7894,39663,2025-07-22 14:45:00,latte,situation,23,1,1
7895,39663,2025-07-22 14:45:00,tea,situation,29,1,1
7896,39671,2025-01-17 15:28:00,latte,situation,10,1,1
7897,39671,2025-01-17 15:28:00,ade,suggest,18,1,0
7898,39677,2025-02-28 19:43:00,tea,suggest,30,0,0
7899,39687,2025-10-21 19:12:00,smoothie,suggest,32,0,0
7900,39688,2025-12-04 07:15:00,cappuccino,situation,6,0,0
7901,39695,2025-06-04 16:15:00,frappe,situation,26,1,1
7902,39715,2025-04-14 12:59:00,non-coffee,situation,14,1,0
7903,39716,2025-06-05 11:41:00,latte,situation,10,1,1
7904,39717,2025-08-04 15:03:00,juice,suggest,22,0,0
7905,39718,2025-10-20 11:44:00,latte,suggest,11,1,1
7906,39727,2025-05-31 12:19:00,tea,situation,31,0,0
7907,39729,2025-09-11 12:28:00,tea,suggest,16,1,0
7908,39729,2025-09-11 12:28:00,frappe,situation,25,0,0
7909,39739,2025-05-14 08:14:00,latte,situation,5,0,0
7910,39745,2025-01-11 11:03:00,latte,situation,23,1,0
7911,39748,2025-08-24 09:21:00,latte,situation,5,1,1
7912,39753,2025-08-06 14:06:00,tea,situation,27,1,1
7913,39753,2025-08-06 14:06:00,smoothie,situation,21,0,0
7914,39757,2025-03-20 19:47:00,tea,situation,16,1,1
7915,39757,2025-03-20 19:47:00,latte,situation,10,1,1
7916,39762,2025-12-08 19:09:00,juice,situation,22,0,0
7917,39764,2025-07-11 17:20:00,smoothie,suggest,21,1,1
7918,39764,2025-07-11 17:20:00,espresso,situation,1,0,0
7919,39782,2025-10-17 07:34:00,coldbrew,situation,8,0,0
7920,39786,2025-11-19 18:12:00,latte,situation,4,1,1
7921,39788,2025-10-31 15:24:00,tea,suggest,27,1,1
7922,39791,2025-09-03 17:44:00,tea,situation,31,1,1
7923,39800,2025-05-23 18:32:00,tea,suggest,31,1,1
7924,39801,2025-11-22 13:34:00,juice,situation,22,1,1
7925,39801,2025-11-22 13:34:00,tea,suggest,15,0,0
7926,39809,2025-11-08 14:31:00,frappe,suggest,13,0,0
7927,39822,2025-09-15 07:28:00,coldbrew,situation,8,0,0
7928,39822,2025-09-15 07:28:00,frappe,situation,25,1,1
7929,39824,2025-09-06 16:38:00,frappe,situation,13,0,0
7930,39824,2025-09-06 16:38:00,smoothie,situation,21,1,1
7931,39828,2025-09-07 16:46:00,smoothie,situation,20,0,0
7932,39835,2025-04-04 18:59:00,latte,situation,23,0,0
7933,39848,2025-09-14 15:49:00,latte,suggest,5,1,0
7934,39853,2025-06-27 07:46:00,drip,suggest,9,0,0
7935,39853,2025-06-27 07:46:00,drip,situation,9,0,0
7936,39854,2025-11-09 15:04:00,tea,situation,16,1,1
7937,39858,2025-11-03 18:14:00,americano,situation,2,1,1
7938,39860,2025-01-27 08:29:00,smoothie,situation,32,0,0
7939,39864,2025-05-11 15:20:00,non-coffee,suggest,14,0,0
7940,39865,2025-02-12 19:14:00,smoothie,situation,20,1,0
7941,39865,2025-02-12 19:14:00,frappe,situation,26,0,0
7942,39899,2025-05-15 12:10:00,americano,situation,2,0,0
7943,39901,2025-07-21 20:44:00,latte,situation,23,0,0
7944,39901,2025-07-21 20:44:00,tea,situation,28,1,0
7945,39903,2025-10-05 13:14:00,juice,situation,22,0,0
7946,39904,2025-10-23 18:02:00,tea,suggest,28,1,0
7947,39910,2025-09-08 14:36:00,frappe,situation,25,1,0
7948,39910,2025-09-08 14:36:00,tea,situation,30,1,0
7949,39913,2025-10-07 17:54:00,tea,suggest,31,0,0
7950,39913,2025-10-07 17:54:00,frappe,situation,25,0,0
7951,39918,2025-08-22 19:20:00,tea,situation,29,0,0
7952,39918,2025-08-22 19:20:00,tea,situation,28,1,1
7953,39925,2025-11-17 14:18:00,latte,suggest,5,1,1
7954,39928,2025-01-02 18:33:00,tea,situation,15,0,0
7955,39930,2025-08-05 14:20:00,americano,situation,3,1,0
7956,39954,2025-12-22 09:30:00,cappuccino,situation,6,0,0
7957,39955,2025-08-23 14:54:00,tea,situation,17,1,1
7958,39956,2025-05-01 18:55:00,smoothie,suggest,20,0,0
7959,39963,2025-10-16 16:19:00,smoothie,suggest,20,0,0
7960,39963,2025-10-16 16:19:00,latte,situation,23,1,1
7961,39973,2025-12-06 07:57:00,coldbrew,suggest,7,0,0
7962,39985,2025-03-31 11:06:00,cappuccino,suggest,6,0,0
7963,39993,2025-02-03 13:58:00,frappe,suggest,13,1,0
7964,39993,2025-02-03 13:58:00,frappe,situation,26,1,1
7965,39995,2025-11-06 09:16:00,frappe,suggest,25,1,1
7966,39996,2025-01-23 16:09:00,frappe,situation,13,1,1
7967,39999,2025-04-11 11:02:00,frappe,situation,12,0,0
7968,40001,2025-05-10 07:50:00,latte,suggest,5,0,0
7969,40001,2025-05-10 07:50:00,tea,situation,31,1,0
7970,40002,2025-03-06 17:47:00,latte,situation,23,1,0
7971,40002,2025-03-06 17:47:00,drip,situation,9,1,0
7972,40008,2025-01-12 08:01:00,coldbrew,suggest,8,0,0
7973,40016,2025-07-12 15:21:00,latte,situation,23,1,1
7974,40023,2025-02-05 16:08:00,ade,situation,24,1,0
7975,40023,2025-02-05 16:08:00,frappe,situation,13,0,0
7976,40039,2025-01-23 15:21:00,cappuccino,situation,6,0,0
7977,40041,2025-10-07 18:17:00,ade,suggest,19,0,0
7978,40045,2025-05-30 14:17:00,ade,situation,24,1,1
7979,40049,2025-04-22 19:28:00,cappuccino,suggest,6,1,1
7980,40049,2025-04-22 19:28:00,ade,suggest,19,0,0
7981,40062,2025-03-24 08:43:00,juice,situation,22,0,0
7982,40062,2025-03-24 08:43:00,latte,suggest,5,1,1
7983,40068,2025-09-02 07:07:00,tea,situation,31,1,0
7984,40079,2025-11-11 13:11:00,tea,suggest,29,1,0
7985,40079,2025-11-11 13:11:00,tea,situation,30,1,0
7986,40082,2025-04-15 09:06:00,non-coffee,situation,14,0,0
7987,40082,2025-04-15 09:06:00,latte,suggest,23,1,1
7988,40087,2025-07-17 15:55:00,ade,situation,19,1,1
7989,40093,2025-01-04 20:11:00,smoothie,situation,20,0,0
7990,40094,2025-03-03 08:21:00,frappe,suggest,26,0,0
7991,40095,2025-03-10 11:34:00,tea,situation,27,1,0
7992,40099,2025-01-27 09:03:00,ade,suggest,24,1,1
7993,40099,2025-01-27 09:03:00,smoothie,situation,32,1,1
7994,40112,2025-04-01 17:40:00,tea,situation,30,1,1
7995,40118,2025-10-17 15:09:00,drip,situation,9,0,0
7996,40122,2025-07-05 18:14:00,latte,situation,5,1,0
7997,40123,2025-12-13 08:10:00,americano,suggest,3,0,0
7998,40148,2025-07-07 16:55:00,tea,suggest,17,1,1
7999,40153,2025-02-02 09:18:00,tea,suggest,29,1,1
8000,40160,2025-01-24 15:26:00,tea,suggest,17,1,1
8001,40170,2025-04-04 20:12:00,tea,suggest,28,1,1
8002,40172,2025-01-29 09:18:00,tea,suggest,15,0,0
8003,40183,2025-06-27 14:11:00,frappe,suggest,12,1,1
8004,40184,2025-02-14 12:20:00,espresso,situation,1,1,1
8005,40187,2025-05-11 11:34:00,latte,situation,11,1,1
8006,40190,2025-07-15 17:04:00,tea,situation,30,0,0
8007,40190,2025-07-15 17:04:00,latte,situation,5,1,1
8008,40191,2025-04-16 12:15:00,tea,situation,30,0,0
8009,40194,2025-10-21 14:21:00,coldbrew,suggest,7,1,0
8010,40199,2025-04-19 12:54:00,latte,situation,23,0,0
8011,40210,2025-06-26 17:00:00,non-coffee,situation,14,0,0
8012,40210,2025-06-26 17:00:00,tea,situation,16,0,0
8013,40216,2025-10-02 18:01:00,tea,suggest,31,1,0
8014,40216,2025-10-02 18:01:00,frappe,situation,12,1,1
8015,40236,2025-04-17 19:59:00,tea,situation,17,0,0
8016,40237,2025-06-25 11:38:00,drip,situation,9,1,0
8017,40243,2025-12-22 14:52:00,tea,situation,16,0,0
8018,40245,2025-11-28 07:40:00,tea,situation,31,0,0
8019,40250,2025-11-26 20:53:00,drip,suggest,9,1,1
8020,40250,2025-11-26 20:53:00,tea,suggest,31,1,0
8021,40251,2025-11-18 17:26:00,smoothie,situation,21,0,0
8022,40254,2025-03-28 12:27:00,tea,situation,17,0,0
8023,40260,2025-11-18 14:08:00,americano,suggest,3,1,0
8024,40268,2025-06-01 17:08:00,ade,situation,19,0,0
8025,40268,2025-06-01 17:08:00,tea,situation,16,0,0
8026,40272,2025-06-03 17:07:00,tea,suggest,31,0,0
8027,40283,2025-04-24 14:50:00,americano,situation,3,1,0
8028,40292,2025-03-13 12:21:00,frappe,situation,26,0,0
8029,40295,2025-09-19 14:14:00,ade,situation,19,1,1
8030,40295,2025-09-19 14:14:00,frappe,suggest,12,0,0
8031,40314,2025-07-16 09:49:00,drip,suggest,9,1,0
8032,40317,2025-04-27 09:25:00,drip,situation,9,1,0
8033,40324,2025-09-24 17:21:00,cappuccino,situation,6,1,0
8034,40324,2025-09-24 17:21:00,latte,suggest,4,1,1
8035,40329,2025-10-28 14:20:00,americano,suggest,3,0,0
8036,40342,2025-06-17 18:12:00,tea,situation,31,1,1
8037,40384,2025-08-12 22:38:00,ade,situation,19,1,0
8038,40396,2025-01-28 15:25:00,ade,suggest,24,1,1
8039,40399,2025-11-19 17:36:00,tea,situation,17,1,1
8040,40402,2025-02-17 07:38:00,latte,suggest,10,0,0
8041,40407,2025-09-21 17:40:00,americano,situation,3,1,0
8042,40410,2025-12-14 19:56:00,tea,suggest,30,1,1
8043,40417,2025-07-18 16:12:00,frappe,situation,13,1,1
8044,40417,2025-07-18 16:12:00,tea,situation,30,1,1
8045,40421,2025-05-10 12:14:00,tea,suggest,29,0,0
8046,40442,2025-11-21 15:08:00,drip,situation,9,0,0
8047,40452,2025-12-05 11:02:00,drip,situation,9,1,0
8048,40464,2025-02-27 15:22:00,americano,suggest,2,0,0
8049,40471,2025-01-19 08:08:00,ade,situation,19,0,0
8050,40474,2025-09-03 16:34:00,tea,situation,28,1,1
8051,40475,2025-10-16 14:36:00,cappuccino,situation,6,0,0
8052,40476,2025-05-26 17:41:00,ade,suggest,19,1,1
8053,40476,2025-05-26 17:41:00,juice,situation,22,1,1
8054,40481,2025-11-09 08:28:00,latte,suggest,4,0,0
8055,40485,2025-04-11 08:04:00,tea,situation,17,1,1
8056,40494,2025-06-02 17:42:00,smoothie,suggest,32,0,0
8057,40501,2025-11-11 12:45:00,tea,suggest,30,1,1
8058,40525,2025-01-26 09:33:00,drip,situation,9,1,0
8059,40525,2025-01-26 09:33:00,drip,situation,9,1,0
8060,40527,2025-07-26 18:35:00,latte,situation,23,0,0
8061,40529,2025-04-22 15:21:00,latte,situation,11,1,0
8062,40530,2025-10-21 13:00:00,drip,suggest,9,1,1
8063,40530,2025-10-21 13:00:00,juice,suggest,22,0,0
8064,40532,2025-09-02 12:11:00,juice,suggest,22,0,0
8065,40540,2025-01-18 16:11:00,americano,situation,3,1,1
8066,40548,2025-08-19 16:51:00,tea,situation,29,1,1
8067,40558,2025-02-05 08:03:00,drip,situation,9,1,1
8068,40559,2025-03-11 16:38:00,frappe,suggest,13,1,0
8069,40559,2025-03-11 16:38:00,non-coffee,situation,14,0,0
8070,40562,2025-06-05 12:47:00,coldbrew,suggest,8,1,0
8071,40564,2025-05-26 09:46:00,latte,suggest,5,0,0
8072,40571,2025-10-07 09:58:00,frappe,situation,25,0,0
8073,40572,2025-05-16 15:36:00,ade,situation,24,1,0
8074,40579,2025-07-18 11:17:00,latte,situation,11,0,0
8075,40581,2025-09-26 11:50:00,coldbrew,situation,8,1,0
8076,40587,2025-05-12 11:48:00,smoothie,situation,32,1,0
8077,40587,2025-05-12 11:48:00,tea,suggest,16,0,0
8078,40594,2025-09-15 12:58:00,americano,situation,3,0,0
8079,40639,2025-07-01 22:08:00,tea,suggest,31,1,1
8080,40649,2025-10-02 12:52:00,latte,situation,11,1,0
8081,40651,2025-03-09 15:10:00,tea,situation,31,0,0
8082,40660,2025-12-05 13:26:00,tea,situation,30,0,0
8083,40661,2025-03-01 08:52:00,coldbrew,situation,8,1,1
8084,40677,2025-06-21 09:19:00,tea,situation,31,1,0
8085,40682,2025-07-14 17:38:00,smoothie,situation,20,0,0
8086,40683,2025-09-29 09:19:00,latte,situation,5,1,1
8087,40691,2025-03-19 08:34:00,tea,situation,27,0,0
8088,40691,2025-03-19 08:34:00,drip,suggest,9,1,0
8089,40695,2025-12-24 09:35:00,latte,situation,11,1,1
8090,40695,2025-12-24 09:35:00,latte,situation,5,1,0
8091,40709,2025-04-28 15:52:00,tea,suggest,28,1,0
8092,40711,2025-12-22 09:54:00,ade,situation,19,1,0
8093,40731,2025-01-30 09:05:00,cappuccino,situation,6,0,0
8094,40743,2025-06-05 22:50:00,frappe,situation,26,1,1
8095,40743,2025-06-05 22:50:00,latte,suggest,23,1,1
8096,40750,2025-08-22 22:27:00,ade,situation,18,0,0
8097,40761,2025-03-23 18:13:00,ade,situation,24,0,0
8098,40761,2025-03-23 18:13:00,tea,situation,27,0,0
8099,40772,2025-06-03 13:08:00,ade,situation,24,1,0
8100,40772,2025-06-03 13:08:00,frappe,situation,26,1,1
8101,40773,2025-07-16 20:24:00,cappuccino,suggest,6,1,0
8102,40782,2025-12-23 19:44:00,latte,suggest,10,1,0
8103,40796,2025-09-18 12:39:00,frappe,situation,13,1,0
8104,40797,2025-12-25 08:56:00,tea,suggest,15,1,0
8105,40797,2025-12-25 08:56:00,coldbrew,suggest,7,1,0
8106,40812,2025-01-15 07:54:00,latte,suggest,10,0,0
8107,40813,2025-03-26 09:28:00,ade,suggest,24,1,1
8108,40827,2025-06-07 17:58:00,tea,situation,16,0,0
8109,40827,2025-06-07 17:58:00,cappuccino,situation,6,1,0
8110,40836,2025-09-15 07:39:00,tea,situation,27,1,1
8111,40840,2025-10-13 22:14:00,cappuccino,situation,6,1,0
8112,40840,2025-10-13 22:14:00,ade,situation,24,0,0
8113,40841,2025-08-11 19:25:00,frappe,situation,13,0,0
8114,40842,2025-10-29 18:30:00,drip,situation,9,1,1
8115,40845,2025-05-18 14:49:00,tea,suggest,29,0,0
8116,40852,2025-03-19 09:07:00,cappuccino,situation,6,1,1
8117,40867,2025-03-07 13:40:00,ade,situation,24,0,0
8118,40869,2025-12-25 14:14:00,tea,suggest,27,0,0
8119,40874,2025-06-26 17:34:00,tea,situation,28,0,0
8120,40875,2025-08-14 20:10:00,tea,situation,29,0,0
8121,40884,2025-05-09 13:44:00,tea,situation,15,1,0
8122,40890,2025-01-21 13:25:00,ade,situation,24,0,0
8123,40901,2025-05-18 19:44:00,tea,suggest,28,1,1
8124,40910,2025-06-20 12:43:00,frappe,situation,13,0,0
8125,40910,2025-06-20 12:43:00,espresso,situation,1,1,1
8126,40915,2025-10-28 14:03:00,ade,situation,19,1,0
8127,40918,2025-07-05 09:24:00,smoothie,suggest,20,1,0
8128,40921,2025-02-03 12:07:00,frappe,suggest,26,0,0
8129,40921,2025-02-03 12:07:00,tea,situation,30,1,1
8130,40922,2025-11-29 08:27:00,cappuccino,situation,6,1,1
8131,40924,2025-01-26 16:41:00,frappe,situation,13,1,0
8132,40924,2025-01-26 16:41:00,cappuccino,situation,6,0,0
8133,40931,2025-03-24 16:51:00,ade,situation,18,1,0
8134,40932,2025-07-31 08:08:00,coldbrew,suggest,7,0,0
8135,40933,2025-01-05 20:32:00,tea,situation,30,1,0
8136,40950,2025-02-18 18:04:00,latte,situation,4,1,0
8137,40951,2025-06-22 14:13:00,coldbrew,situation,8,1,1
8138,40951,2025-06-22 14:13:00,smoothie,situation,20,0,0
8139,40970,2025-04-30 19:21:00,frappe,situation,13,0,0
8140,40975,2025-06-29 09:23:00,coldbrew,situation,8,1,0
8141,40975,2025-06-29 09:23:00,tea,situation,15,1,1
8142,40983,2025-06-30 16:46:00,smoothie,situation,20,1,1
8143,40985,2025-12-17 14:58:00,coldbrew,suggest,8,1,0
8144,40989,2025-06-10 08:59:00,coldbrew,situation,7,1,1
8145,41010,2025-06-26 09:10:00,tea,suggest,17,1,1
8146,41025,2025-10-10 16:58:00,juice,situation,22,0,0
8147,41052,2025-07-21 18:14:00,tea,situation,15,0,0
8148,41052,2025-07-21 18:14:00,tea,situation,28,1,1
8149,41075,2025-04-28 19:33:00,latte,suggest,4,1,1
8150,41085,2025-05-29 15:48:00,juice,situation,22,1,1
8151,41088,2025-10-20 15:16:00,latte,situation,5,1,0
8152,41090,2025-10-23 15:45:00,smoothie,suggest,20,1,1
8153,41090,2025-10-23 15:45:00,tea,suggest,16,1,0
8154,41101,2025-01-13 08:15:00,cappuccino,situation,6,1,1
8155,41101,2025-01-13 08:15:00,tea,situation,17,0,0
8156,41107,2025-01-04 08:46:00,coldbrew,situation,8,1,0
8157,41107,2025-01-04 08:46:00,tea,suggest,30,1,0
8158,41113,2025-06-10 19:48:00,tea,situation,17,1,0
8159,41115,2025-12-12 17:56:00,juice,suggest,22,0,0
8160,41118,2025-09-13 16:24:00,tea,suggest,31,1,0
8161,41120,2025-03-21 15:10:00,coldbrew,situation,7,1,1
8162,41120,2025-03-21 15:10:00,americano,situation,3,0,0
8163,41126,2025-04-08 22:28:00,tea,situation,29,1,1
8164,41145,2025-08-26 17:41:00,frappe,suggest,26,0,0
8165,41145,2025-08-26 17:41:00,smoothie,situation,21,1,1
8166,41148,2025-10-17 18:30:00,tea,situation,16,0,0
8167,41148,2025-10-17 18:30:00,americano,situation,2,0,0
8168,41159,2025-07-17 08:48:00,ade,situation,19,1,0
8169,41166,2025-04-05 16:18:00,frappe,situation,13,1,1
8170,41167,2025-06-26 19:07:00,latte,situation,10,1,1
8171,41167,2025-06-26 19:07:00,frappe,situation,26,0,0
8172,41177,2025-02-17 20:44:00,latte,situation,23,0,0
8173,41184,2025-08-30 15:55:00,juice,situation,22,1,0
8174,41184,2025-08-30 15:55:00,smoothie,suggest,20,0,0
8175,41199,2025-01-29 09:13:00,tea,situation,27,1,0
8176,41199,2025-01-29 09:13:00,tea,situation,28,0,0
8177,41232,2025-03-22 08:09:00,latte,situation,10,1,1
8178,41232,2025-03-22 08:09:00,juice,situation,22,1,0
8179,41233,2025-01-10 09:44:00,latte,suggest,23,1,1
8180,41233,2025-01-10 09:44:00,coldbrew,situation,7,1,0
8181,41259,2025-05-30 15:49:00,tea,situation,30,1,0
8182,41259,2025-05-30 15:49:00,frappe,suggest,12,1,1
8183,41261,2025-11-05 17:04:00,frappe,suggest,13,0,0
8184,41286,2025-01-21 14:26:00,juice,situation,22,1,0
8185,41291,2025-07-15 09:28:00,drip,situation,9,1,0
8186,41297,2025-12-13 08:22:00,ade,suggest,18,1,1
8187,41297,2025-12-13 08:22:00,ade,situation,24,1,1
8188,41304,2025-08-03 15:15:00,tea,situation,17,0,0
8189,41305,2025-05-17 11:02:00,tea,situation,28,1,0
8190,41308,2025-02-20 18:21:00,tea,suggest,29,1,0
8191,41313,2025-01-30 15:13:00,drip,situation,9,0,0
8192,41320,2025-11-09 13:07:00,latte,situation,23,0,0
8193,41320,2025-11-09 13:07:00,latte,suggest,5,1,1
8194,41323,2025-08-24 08:43:00,tea,situation,16,0,0
8195,41325,2025-01-23 18:48:00,ade,situation,18,1,0
8196,41330,2025-03-06 16:29:00,non-coffee,situation,14,0,0
8197,41330,2025-03-06 16:29:00,americano,suggest,2,1,1
8198,41340,2025-12-16 08:14:00,latte,situation,4,0,0
8199,41345,2025-02-09 14:00:00,frappe,suggest,13,0,0
8200,41346,2025-09-29 20:25:00,latte,suggest,4,0,0
8201,41346,2025-09-29 20:25:00,americano,situation,3,1,0
8202,41352,2025-06-10 09:12:00,tea,situation,28,0,0
8203,41352,2025-06-10 09:12:00,americano,situation,2,1,0
8204,41353,2025-10-31 16:58:00,coldbrew,suggest,7,0,0
8205,41366,2025-03-26 19:43:00,juice,suggest,22,1,1
8206,41369,2025-01-15 11:32:00,ade,situation,24,1,0
8207,41371,2025-03-14 07:29:00,smoothie,situation,32,1,1
8208,41386,2025-05-11 09:51:00,coldbrew,situation,7,0,0
8209,41388,2025-07-06 13:50:00,americano,situation,3,1,1
8210,41388,2025-07-06 13:50:00,latte,suggest,23,0,0
8211,41400,2025-12-14 15:04:00,tea,suggest,28,0,0
8212,41400,2025-12-14 15:04:00,americano,situation,3,0,0
8213,41402,2025-03-14 15:09:00,tea,situation,29,1,0
8214,41407,2025-01-11 15:10:00,non-coffee,situation,14,1,1
8215,41408,2025-09-08 15:22:00,ade,suggest,19,1,0
8216,41414,2025-04-27 15:32:00,ade,suggest,24,0,0
8217,41417,2025-11-16 16:11:00,frappe,situation,12,0,0
8218,41420,2025-11-28 13:34:00,tea,situation,31,1,1
8219,41420,2025-11-28 13:34:00,cappuccino,situation,6,1,1
8220,41423,2025-02-25 17:07:00,latte,situation,4,0,0
8221,41431,2025-05-09 19:01:00,tea,situation,29,0,0
8222,41432,2025-05-05 17:01:00,coldbrew,situation,7,0,0
8223,41435,2025-03-18 15:37:00,tea,suggest,29,1,0
8224,41435,2025-03-18 15:37:00,smoothie,situation,21,1,1
8225,41436,2025-08-10 16:28:00,latte,situation,5,1,0
8226,41436,2025-08-10 16:28:00,ade,suggest,24,0,0
8227,41441,2025-09-23 13:40:00,frappe,situation,13,0,0
8228,41441,2025-09-23 13:40:00,coldbrew,situation,8,1,1
8229,41453,2025-12-15 11:01:00,tea,suggest,28,1,1
8230,41460,2025-09-15 22:12:00,tea,situation,15,1,1
8231,41461,2025-10-07 16:39:00,latte,situation,11,1,1
8232,41461,2025-10-07 16:39:00,frappe,situation,26,1,1
8233,41468,2025-09-17 14:55:00,latte,situation,10,1,1
8234,41469,2025-08-13 07:43:00,ade,suggest,24,0,0
8235,41469,2025-08-13 07:43:00,frappe,situation,12,1,1
8236,41471,2025-08-25 17:05:00,tea,situation,17,0,0
8237,41472,2025-10-17 15:39:00,latte,situation,11,0,0
8238,41472,2025-10-17 15:39:00,smoothie,situation,21,1,1
8239,41478,2025-08-13 09:40:00,tea,situation,28,1,1
8240,41478,2025-08-13 09:40:00,americano,situation,2,1,1
8241,41488,2025-11-03 09:27:00,ade,situation,19,0,0
8242,41494,2025-02-10 19:20:00,cappuccino,situation,6,1,0
8243,41494,2025-02-10 19:20:00,tea,suggest,15,0,0
8244,41502,2025-07-24 12:57:00,tea,situation,30,0,0
8245,41516,2025-04-18 16:41:00,juice,suggest,22,0,0
8246,41520,2025-08-02 17:50:00,ade,suggest,24,0,0
8247,41523,2025-10-19 14:49:00,frappe,situation,12,1,0
8248,41528,2025-08-27 19:29:00,latte,suggest,4,0,0
8249,41533,2025-01-28 11:44:00,espresso,suggest,1,1,0
8250,41537,2025-11-03 19:09:00,tea,suggest,28,1,1
8251,41537,2025-11-03 19:09:00,latte,suggest,4,1,1
8252,41546,2025-01-25 21:14:00,tea,situation,16,0,0
8253,41555,2025-09-14 09:42:00,cappuccino,situation,6,0,0
8254,41555,2025-09-14 09:42:00,espresso,situation,1,1,1
8255,41556,2025-10-23 14:28:00,ade,suggest,19,0,0
8256,41575,2025-12-22 12:37:00,americano,situation,3,0,0
8257,41579,2025-04-12 13:50:00,americano,suggest,3,1,0
8258,41583,2025-06-04 16:05:00,coldbrew,situation,8,1,1
8259,41591,2025-04-23 14:06:00,tea,situation,29,1,1
8260,41591,2025-04-23 14:06:00,ade,situation,18,0,0
8261,41592,2025-11-18 14:18:00,tea,suggest,27,1,1
8262,41593,2025-11-13 16:19:00,tea,suggest,15,1,0
8263,41598,2025-01-10 18:29:00,tea,suggest,29,1,1
8264,41601,2025-03-31 09:07:00,latte,situation,5,1,0
8265,41601,2025-03-31 09:07:00,cappuccino,situation,6,1,1
8266,41621,2025-11-14 15:28:00,ade,situation,19,0,0
8267,41628,2025-07-16 08:55:00,frappe,suggest,13,1,0
8268,41628,2025-07-16 08:55:00,tea,situation,31,0,0
8269,41641,2025-06-13 12:11:00,americano,situation,2,0,0
8270,41659,2025-10-19 08:20:00,americano,suggest,3,1,0
8271,41666,2025-12-15 12:34:00,latte,situation,5,0,0
8272,41666,2025-12-15 12:34:00,tea,suggest,29,1,1
8273,41670,2025-03-21 13:51:00,coldbrew,situation,8,1,1
8274,41680,2025-08-19 14:04:00,frappe,situation,26,0,0
8275,41683,2025-08-30 15:16:00,tea,suggest,28,1,0
8276,41692,2025-06-27 17:00:00,drip,situation,9,0,0
8277,41693,2025-02-26 15:41:00,non-coffee,suggest,14,1,1
8278,41693,2025-02-26 15:41:00,ade,situation,19,1,1
8279,41694,2025-06-19 21:34:00,frappe,situation,13,1,0
8280,41694,2025-06-19 21:34:00,smoothie,suggest,21,1,0
8281,41701,2025-02-13 17:21:00,tea,suggest,16,1,1
8282,41703,2025-11-28 17:01:00,smoothie,situation,20,1,1
8283,41707,2025-07-09 18:30:00,tea,situation,17,1,1
8284,41721,2025-02-10 20:20:00,smoothie,suggest,21,0,0
8285,41723,2025-07-22 16:23:00,drip,situation,9,0,0
8286,41726,2025-04-07 13:21:00,latte,situation,11,1,0
8287,41745,2025-03-13 08:06:00,coldbrew,suggest,7,1,0
8288,41750,2025-03-15 18:18:00,non-coffee,situation,14,0,0
8289,41757,2025-06-21 16:06:00,frappe,situation,25,0,0
8290,41757,2025-06-21 16:06:00,smoothie,situation,21,1,1
8291,41769,2025-06-25 13:07:00,cappuccino,situation,6,1,1
8292,41772,2025-11-07 13:11:00,espresso,situation,1,1,1
8293,41772,2025-11-07 13:11:00,tea,suggest,31,0,0
8294,41773,2025-11-13 18:58:00,tea,suggest,29,0,0
8295,41773,2025-11-13 18:58:00,tea,situation,15,1,1
8296,41777,2025-03-03 13:46:00,frappe,situation,26,1,1
8297,41782,2025-12-03 14:32:00,drip,situation,9,0,0
8298,41782,2025-12-03 14:32:00,frappe,situation,25,0,0
8299,41783,2025-11-17 08:45:00,tea,suggest,17,1,0
8300,41784,2025-04-27 16:40:00,tea,suggest,16,1,0
8301,41787,2025-08-24 11:23:00,drip,situation,9,1,1
8302,41820,2025-05-29 13:32:00,latte,situation,11,0,0
8303,41822,2025-06-01 14:13:00,frappe,situation,26,1,0
8304,41825,2025-05-01 15:56:00,tea,suggest,16,0,0
8305,41830,2025-07-19 19:59:00,tea,situation,30,1,1
8306,41831,2025-02-25 09:57:00,americano,situation,3,1,0
8307,41831,2025-02-25 09:57:00,tea,suggest,15,1,0
8308,41834,2025-09-02 20:49:00,tea,situation,27,1,0
8309,41840,2025-12-01 13:23:00,tea,suggest,31,1,0
8310,41846,2025-11-22 07:14:00,smoothie,situation,32,1,0
8311,41855,2025-04-19 14:06:00,tea,suggest,29,0,0
8312,41867,2025-06-08 12:52:00,latte,situation,10,1,0
8313,41867,2025-06-08 12:52:00,smoothie,situation,20,1,0
8314,41875,2025-05-03 16:40:00,ade,suggest,18,1,1
8315,41875,2025-05-03 16:40:00,americano,situation,3,1,0
8316,41882,2025-03-14 12:55:00,tea,situation,30,1,1
8317,41882,2025-03-14 12:55:00,tea,situation,27,1,0
8318,41889,2025-08-22 13:30:00,latte,situation,5,1,0
8319,41895,2025-08-12 15:40:00,ade,situation,19,1,1
8320,41896,2025-07-23 17:53:00,latte,situation,4,1,0
8321,41899,2025-01-18 12:27:00,tea,situation,29,0,0
8322,41902,2025-12-10 12:38:00,smoothie,situation,32,0,0
8323,41921,2025-12-31 21:53:00,tea,suggest,31,1,1
8324,41923,2025-05-05 21:24:00,tea,situation,16,1,1
8325,41923,2025-05-05 21:24:00,coldbrew,situation,8,0,0
8326,41925,2025-05-16 19:37:00,tea,suggest,29,1,1
8327,41934,2025-06-13 17:57:00,tea,situation,17,1,1
8328,41936,2025-07-28 20:45:00,smoothie,suggest,21,1,1
8329,41936,2025-07-28 20:45:00,latte,suggest,4,1,1
8330,41943,2025-12-30 09:18:00,tea,suggest,16,1,0
8331,41956,2025-03-21 17:52:00,ade,situation,19,0,0
8332,41967,2025-11-23 12:00:00,drip,suggest,9,0,0
8333,41973,2025-12-19 09:45:00,latte,situation,4,0,0
8334,41973,2025-12-19 09:45:00,smoothie,suggest,21,1,0
8335,41977,2025-05-16 13:56:00,latte,suggest,10,0,0
8336,41977,2025-05-16 13:56:00,tea,suggest,28,0,0
8337,41978,2025-04-07 15:42:00,drip,suggest,9,1,1
8338,41978,2025-04-07 15:42:00,tea,suggest,29,1,1
8339,41983,2025-02-06 15:29:00,americano,situation,2,0,0
8340,41983,2025-02-06 15:29:00,frappe,situation,13,1,0
8341,41986,2025-12-07 20:18:00,latte,suggest,10,1,0
8342,41986,2025-12-07 20:18:00,tea,situation,28,1,1
8343,41991,2025-03-06 15:22:00,latte,situation,10,1,1
8344,41997,2025-12-17 09:07:00,frappe,suggest,25,0,0
8345,41997,2025-12-17 09:07:00,latte,situation,4,0,0
8346,41998,2025-08-07 18:10:00,smoothie,situation,20,1,0
8347,42003,2025-08-16 14:54:00,smoothie,situation,20,1,1
8348,42020,2025-12-20 16:22:00,tea,suggest,27,0,0
8349,42020,2025-12-20 16:22:00,frappe,suggest,13,1,0
8350,42032,2025-01-29 08:34:00,tea,suggest,15,1,1
8351,42033,2025-03-05 15:36:00,latte,situation,5,0,0
8352,42038,2025-10-05 18:00:00,tea,suggest,31,0,0
8353,42038,2025-10-05 18:00:00,tea,situation,27,1,0
8354,42045,2025-09-08 15:29:00,ade,suggest,24,1,1
8355,42050,2025-08-17 11:19:00,latte,suggest,11,1,1
8356,42052,2025-02-06 19:41:00,latte,situation,10,1,1
8357,42059,2025-07-25 18:55:00,ade,situation,19,1,1
8358,42059,2025-07-25 18:55:00,espresso,situation,1,1,1
8359,42066,2025-12-01 07:54:00,smoothie,suggest,21,1,1
8360,42077,2025-08-01 13:11:00,americano,situation,3,1,0
8361,42081,2025-10-19 16:25:00,tea,situation,30,1,0
8362,42084,2025-05-24 17:15:00,americano,suggest,3,0,0
8363,42088,2025-10-12 11:34:00,ade,suggest,19,0,0
8364,42088,2025-10-12 11:34:00,americano,suggest,2,1,0
8365,42117,2025-07-13 08:42:00,drip,suggest,9,1,1
8366,42117,2025-07-13 08:42:00,coldbrew,suggest,7,1,1
8367,42121,2025-06-28 09:22:00,drip,situation,9,0,0
8368,42126,2025-10-28 11:02:00,coldbrew,situation,7,0,0
8369,42128,2025-07-16 16:31:00,ade,suggest,18,1,0
8370,42133,2025-12-04 14:43:00,latte,situation,10,0,0
8371,42138,2025-11-06 12:08:00,non-coffee,suggest,14,1,1
8372,42139,2025-07-23 07:11:00,espresso,situation,1,1,0
8373,42142,2025-02-10 21:45:00,tea,suggest,15,0,0
8374,42145,2025-09-20 08:59:00,ade,suggest,24,1,0
8375,42161,2025-04-28 08:17:00,americano,situation,2,1,0
8376,42179,2025-04-24 08:29:00,smoothie,suggest,20,0,0
8377,42180,2025-07-27 11:08:00,tea,suggest,27,1,1
8378,42204,2025-08-19 14:39:00,latte,situation,11,1,0
8379,42207,2025-12-19 09:31:00,latte,situation,11,0,0
8380,42207,2025-12-19 09:31:00,americano,situation,2,0,0
8381,42212,2025-11-25 09:18:00,tea,situation,28,1,1
8382,42214,2025-09-17 12:49:00,cappuccino,situation,6,1,0
8383,42222,2025-03-28 09:59:00,latte,suggest,11,0,0
8384,42226,2025-02-07 19:28:00,tea,situation,28,1,1
8385,42226,2025-02-07 19:28:00,tea,situation,17,1,1
8386,42227,2025-11-22 16:26:00,tea,suggest,27,1,1
8387,42251,2025-06-10 09:43:00,tea,situation,17,1,1
8388,42259,2025-11-30 09:33:00,tea,situation,29,0,0
8389,42260,2025-05-24 22:51:00,ade,situation,18,1,1
8390,42260,2025-05-24 22:51:00,frappe,situation,13,1,0
8391,42263,2025-10-27 22:47:00,tea,situation,15,0,0
8392,42273,2025-07-09 14:33:00,tea,situation,15,0,0
8393,42283,2025-12-21 19:41:00,tea,situation,28,0,0
8394,42283,2025-12-21 19:41:00,smoothie,situation,20,1,0
8395,42293,2025-03-10 12:46:00,tea,situation,27,0,0
8396,42303,2025-07-20 12:11:00,tea,situation,30,0,0
8397,42303,2025-07-20 12:11:00,tea,situation,28,0,0
8398,42305,2025-10-04 16:40:00,ade,situation,19,0,0
8399,42310,2025-10-02 15:50:00,tea,suggest,17,0,0
8400,42321,2025-03-04 14:51:00,ade,situation,24,1,0
8401,42323,2025-05-20 17:29:00,frappe,situation,26,1,0
8402,42324,2025-05-06 13:24:00,americano,suggest,3,1,1
8403,42324,2025-05-06 13:24:00,americano,situation,3,0,0
8404,42328,2025-07-08 09:30:00,tea,situation,29,1,1
8405,42328,2025-07-08 09:30:00,tea,situation,16,1,1
8406,42332,2025-06-07 16:05:00,frappe,situation,12,1,1
8407,42333,2025-05-09 08:58:00,espresso,situation,1,1,0
8408,42340,2025-11-24 16:18:00,americano,suggest,3,1,1
8409,42340,2025-11-24 16:18:00,smoothie,situation,21,1,1
8410,42346,2025-12-02 19:37:00,coldbrew,suggest,7,1,0
8411,42354,2025-10-17 12:41:00,frappe,situation,25,1,0
8412,42356,2025-04-10 14:34:00,tea,suggest,27,1,0
8413,42375,2025-05-30 09:09:00,drip,situation,9,1,0
8414,42375,2025-05-30 09:09:00,coldbrew,situation,8,1,1
8415,42376,2025-10-12 13:25:00,latte,situation,11,0,0
8416,42382,2025-03-19 09:57:00,coldbrew,situation,7,1,1
8417,42384,2025-01-29 15:29:00,juice,suggest,22,1,0
8418,42389,2025-04-20 09:49:00,latte,situation,10,0,0
8419,42389,2025-04-20 09:49:00,coldbrew,suggest,7,0,0
8420,42399,2025-11-14 15:23:00,frappe,situation,26,0,0
8421,42410,2025-04-22 21:03:00,ade,suggest,18,1,1
8422,42410,2025-04-22 21:03:00,tea,situation,31,0,0
8423,42425,2025-03-06 17:08:00,cappuccino,suggest,6,0,0
8424,42446,2025-10-29 07:48:00,tea,suggest,15,0,0
8425,42452,2025-08-30 07:56:00,americano,situation,2,0,0
8426,42452,2025-08-30 07:56:00,coldbrew,situation,7,1,1
8427,42458,2025-09-28 21:52:00,smoothie,situation,21,1,0
8428,42461,2025-07-09 18:08:00,juice,situation,22,0,0
8429,42464,2025-12-19 07:33:00,coldbrew,suggest,8,1,0
8430,42465,2025-05-08 19:46:00,non-coffee,situation,14,1,1
8431,42470,2025-07-20 13:13:00,tea,suggest,15,1,1
8432,42497,2025-04-03 18:22:00,smoothie,situation,21,1,1
8433,42497,2025-04-03 18:22:00,frappe,suggest,26,1,0
8434,42499,2025-09-25 16:17:00,smoothie,suggest,32,1,0
8435,42510,2025-08-13 09:43:00,smoothie,situation,21,0,0
8436,42515,2025-04-07 18:49:00,smoothie,situation,20,0,0
8437,42530,2025-08-16 14:00:00,tea,suggest,17,1,1
8438,42532,2025-03-16 08:41:00,latte,suggest,5,1,1
8439,42534,2025-09-07 11:35:00,latte,situation,23,0,0
8440,42534,2025-09-07 11:35:00,tea,situation,29,1,1
8441,42535,2025-04-29 14:19:00,frappe,situation,13,1,1
8442,42537,2025-02-22 12:49:00,frappe,suggest,26,1,1
8443,42537,2025-02-22 12:49:00,ade,situation,19,0,0
8444,42543,2025-06-14 07:41:00,juice,suggest,22,1,1
8445,42546,2025-11-06 13:52:00,frappe,situation,25,1,1
8446,42555,2025-11-05 18:01:00,latte,situation,10,1,1
8447,42555,2025-11-05 18:01:00,tea,situation,15,1,1
8448,42559,2025-03-30 15:27:00,frappe,suggest,25,0,0
8449,42564,2025-06-18 11:50:00,tea,situation,31,1,1
8450,42564,2025-06-18 11:50:00,latte,suggest,5,1,1
8451,42582,2025-12-19 07:19:00,tea,situation,30,1,0
8452,42596,2025-11-27 09:02:00,latte,situation,11,1,1
8453,42597,2025-06-08 13:52:00,frappe,situation,25,1,0
8454,42597,2025-06-08 13:52:00,latte,situation,23,0,0
8455,42603,2025-05-24 15:29:00,ade,situation,18,0,0
8456,42605,2025-05-20 13:07:00,frappe,situation,25,1,0
8457,42614,2025-02-21 15:25:00,smoothie,situation,32,0,0
8458,42619,2025-07-10 13:49:00,latte,situation,11,1,1
8459,42620,2025-06-18 17:15:00,drip,situation,9,1,1
8460,42622,2025-10-01 09:06:00,tea,situation,17,1,1
8461,42622,2025-10-01 09:06:00,tea,situation,17,1,1
8462,42641,2025-09-19 15:57:00,tea,situation,15,0,0
8463,42646,2025-09-17 18:27:00,frappe,suggest,25,1,0
8464,42654,2025-04-19 16:14:00,frappe,situation,25,0,0
8465,42661,2025-03-17 09:46:00,ade,situation,18,1,1
8466,42661,2025-03-17 09:46:00,cappuccino,situation,6,0,0
8467,42664,2025-04-24 20:17:00,coldbrew,situation,7,0,0
8468,42676,2025-04-03 15:09:00,tea,situation,16,1,1
8469,42685,2025-08-28 12:46:00,juice,situation,22,0,0
8470,42698,2025-01-17 09:42:00,cappuccino,situation,6,1,1
8471,42701,2025-04-01 12:01:00,tea,situation,31,1,1
8472,42705,2025-06-25 12:13:00,smoothie,situation,20,1,0
8473,42709,2025-06-21 12:35:00,non-coffee,situation,14,0,0
8474,42709,2025-06-21 12:35:00,coldbrew,situation,8,1,0
8475,42731,2025-02-01 19:31:00,latte,situation,23,0,0
8476,42745,2025-02-04 14:01:00,smoothie,situation,20,1,1
8477,42745,2025-02-04 14:01:00,tea,situation,15,0,0
8478,42753,2025-09-06 08:50:00,latte,suggest,5,1,1
8479,42769,2025-08-21 15:33:00,coldbrew,suggest,8,1,1
8480,42769,2025-08-21 15:33:00,juice,suggest,22,1,0
8481,42776,2025-10-29 16:04:00,tea,suggest,17,1,0
8482,42776,2025-10-29 16:04:00,cappuccino,suggest,6,1,1
8483,42779,2025-10-12 08:49:00,frappe,situation,13,1,1
8484,42789,2025-06-02 13:53:00,tea,situation,17,0,0
8485,42793,2025-04-26 14:41:00,tea,suggest,15,0,0
8486,42799,2025-11-20 18:37:00,latte,situation,4,1,0
8487,42802,2025-07-24 11:02:00,tea,situation,15,1,1
8488,42807,2025-08-20 14:42:00,tea,suggest,16,1,1
8489,42809,2025-04-13 15:21:00,ade,situation,19,0,0
8490,42809,2025-04-13 15:21:00,tea,situation,28,0,0
8491,42816,2025-11-13 13:42:00,tea,suggest,30,1,1
8492,42816,2025-11-13 13:42:00,coldbrew,situation,8,1,0
8493,42821,2025-12-03 15:03:00,smoothie,situation,32,1,0
8494,42821,2025-12-03 15:03:00,frappe,situation,25,0,0
8495,42827,2025-09-18 17:05:00,latte,situation,11,1,1
8496,42827,2025-09-18 17:05:00,latte,situation,5,1,1
8497,42833,2025-08-18 16:08:00,latte,situation,10,1,0
8498,42836,2025-04-24 18:34:00,latte,suggest,4,1,1
8499,42855,2025-11-06 09:01:00,americano,suggest,3,1,0
8500,42855,2025-11-06 09:01:00,espresso,situation,1,0,0
8501,42859,2025-12-11 09:33:00,ade,suggest,18,0,0
8502,42863,2025-05-27 19:22:00,tea,suggest,17,1,1
8503,42864,2025-04-09 07:43:00,ade,situation,18,1,1
8504,42866,2025-11-08 11:28:00,frappe,situation,13,1,1
8505,42866,2025-11-08 11:28:00,ade,situation,24,0,0
8506,42868,2025-06-01 13:37:00,americano,situation,2,1,1
8507,42871,2025-09-12 12:14:00,non-coffee,situation,14,0,0
8508,42875,2025-02-03 13:28:00,espresso,suggest,1,0,0
8509,42879,2025-11-08 20:33:00,tea,situation,27,1,0
8510,42883,2025-09-20 11:39:00,coldbrew,suggest,8,0,0
8511,42883,2025-09-20 11:39:00,latte,situation,5,0,0
8512,42891,2025-08-18 15:08:00,frappe,suggest,13,1,1
8513,42895,2025-11-29 12:56:00,latte,situation,5,1,1
8514,42909,2025-03-25 12:57:00,coldbrew,situation,8,0,0
8515,42910,2025-04-03 16:31:00,tea,situation,16,0,0
8516,42915,2025-05-14 11:16:00,ade,situation,18,0,0
8517,42916,2025-07-11 07:02:00,smoothie,suggest,32,0,0
8518,42916,2025-07-11 07:02:00,juice,situation,22,0,0
8519,42921,2025-08-09 16:51:00,non-coffee,situation,14,1,0
8520,42930,2025-08-22 08:47:00,cappuccino,situation,6,0,0
8521,42930,2025-08-22 08:47:00,americano,suggest,2,0,0
8522,42932,2025-08-28 17:59:00,latte,situation,5,0,0
8523,42934,2025-02-21 07:35:00,americano,suggest,2,1,0
8524,42934,2025-02-21 07:35:00,latte,situation,11,0,0
8525,42937,2025-02-24 14:11:00,americano,situation,2,1,0
8526,42937,2025-02-24 14:11:00,espresso,suggest,1,0,0
8527,42946,2025-10-18 22:22:00,ade,situation,24,1,1
8528,42954,2025-01-04 21:37:00,latte,situation,4,1,0
8529,42954,2025-01-04 21:37:00,latte,suggest,23,0,0
8530,42957,2025-12-26 15:44:00,smoothie,situation,32,0,0
8531,42968,2025-06-17 11:15:00,coldbrew,situation,8,0,0
8532,42981,2025-04-23 11:03:00,latte,suggest,11,1,1
8533,42981,2025-04-23 11:03:00,tea,situation,28,1,1
8534,42982,2025-05-14 09:22:00,ade,situation,24,1,1
8535,42984,2025-11-30 14:02:00,americano,situation,3,0,0
8536,42984,2025-11-30 14:02:00,coldbrew,situation,7,0,0
8537,42990,2025-03-06 16:24:00,tea,situation,16,1,1
8538,43001,2025-09-29 08:12:00,tea,situation,16,0,0
8539,43004,2025-10-10 17:54:00,frappe,situation,12,0,0
8540,43004,2025-10-10 17:54:00,latte,situation,5,1,0
8541,43008,2025-05-13 15:22:00,smoothie,situation,21,1,0
8542,43014,2025-01-01 18:33:00,tea,situation,16,1,1
8543,43021,2025-06-19 14:16:00,smoothie,suggest,32,0,0
8544,43021,2025-06-19 14:16:00,americano,situation,3,1,1
8545,43025,2025-12-24 08:44:00,tea,suggest,28,1,0
8546,43025,2025-12-24 08:44:00,drip,situation,9,0,0
8547,43035,2025-11-10 16:53:00,tea,situation,16,0,0
8548,43043,2025-11-11 07:24:00,latte,situation,5,1,0
8549,43047,2025-01-23 08:14:00,americano,situation,2,0,0
8550,43048,2025-09-05 20:14:00,latte,situation,10,0,0
8551,43054,2025-06-13 09:30:00,tea,situation,17,0,0
8552,43056,2025-09-22 14:52:00,americano,situation,2,1,0
8553,43064,2025-08-19 12:30:00,smoothie,situation,32,1,1
8554,43064,2025-08-19 12:30:00,smoothie,situation,32,1,0
8555,43086,2025-05-18 21:05:00,latte,situation,4,0,0
8556,43094,2025-09-13 15:23:00,smoothie,situation,20,1,0
8557,43094,2025-09-13 15:23:00,latte,suggest,23,1,0
8558,43095,2025-04-26 16:24:00,espresso,situation,1,0,0
8559,43097,2025-11-09 18:10:00,non-coffee,suggest,14,1,0
8560,43100,2025-12-02 16:29:00,americano,suggest,3,1,1
8561,43105,2025-03-14 07:28:00,tea,situation,31,0,0
8562,43120,2025-05-13 16:19:00,frappe,suggest,12,1,1
8563,43120,2025-05-13 16:19:00,tea,situation,29,0,0
8564,43121,2025-02-21 13:53:00,cappuccino,situation,6,1,1
8565,43141,2025-06-30 14:14:00,tea,suggest,15,0,0
8566,43141,2025-06-30 14:14:00,tea,situation,30,1,1
8567,43155,2025-04-24 20:58:00,tea,suggest,31,1,1
8568,43160,2025-07-11 09:58:00,tea,situation,29,1,0
8569,43160,2025-07-11 09:58:00,latte,situation,11,1,1
8570,43165,2025-05-15 08:26:00,americano,situation,2,1,1
8571,43165,2025-05-15 08:26:00,coldbrew,situation,8,1,1
8572,43170,2025-02-17 13:01:00,frappe,situation,12,1,0
8573,43170,2025-02-17 13:01:00,latte,situation,23,1,1
8574,43173,2025-01-17 19:47:00,cappuccino,suggest,6,1,0
8575,43173,2025-01-17 19:47:00,tea,situation,17,0,0
8576,43184,2025-10-13 16:47:00,frappe,situation,12,1,1
8577,43185,2025-08-16 19:35:00,latte,situation,4,0,0
8578,43187,2025-08-04 15:53:00,tea,situation,31,0,0
8579,43187,2025-08-04 15:53:00,espresso,situation,1,1,0
8580,43188,2025-07-26 14:01:00,smoothie,suggest,20,1,1
8581,43193,2025-12-22 22:58:00,tea,suggest,16,1,1
8582,43193,2025-12-22 22:58:00,ade,suggest,24,1,1
8583,43202,2025-05-07 19:46:00,ade,situation,24,0,0
8584,43204,2025-01-27 15:12:00,tea,situation,28,1,0
8585,43217,2025-01-09 19:59:00,tea,suggest,17,1,1
8586,43242,2025-02-08 13:50:00,latte,situation,23,0,0
8587,43242,2025-02-08 13:50:00,non-coffee,situation,14,1,1
8588,43247,2025-10-12 09:11:00,latte,situation,10,0,0
8589,43248,2025-01-18 11:36:00,tea,situation,27,1,0
8590,43254,2025-12-13 12:03:00,non-coffee,suggest,14,1,1
8591,43255,2025-11-01 09:40:00,tea,suggest,31,0,0
8592,43259,2025-03-07 16:54:00,tea,suggest,31,0,0
8593,43262,2025-09-04 19:31:00,tea,suggest,15,1,1
8594,43263,2025-08-24 22:04:00,latte,situation,10,0,0
8595,43267,2025-09-26 18:38:00,latte,situation,4,1,1
8596,43267,2025-09-26 18:38:00,smoothie,situation,21,1,0
8597,43273,2025-01-03 09:04:00,tea,suggest,29,1,1
8598,43279,2025-07-25 15:36:00,americano,situation,3,1,0
8599,43281,2025-04-12 19:28:00,frappe,suggest,26,1,1
8600,43284,2025-05-09 21:30:00,frappe,suggest,12,1,1
8601,43284,2025-05-09 21:30:00,tea,situation,28,0,0
8602,43297,2025-12-24 09:53:00,ade,situation,24,0,0
8603,43298,2025-03-03 09:52:00,latte,situation,4,1,1
8604,43298,2025-03-03 09:52:00,latte,situation,5,0,0
8605,43299,2025-08-23 12:14:00,tea,situation,31,0,0
8606,43299,2025-08-23 12:14:00,tea,situation,30,0,0
8607,43307,2025-02-01 15:36:00,cappuccino,situation,6,1,1
8608,43308,2025-06-05 12:45:00,drip,situation,9,1,0
8609,43308,2025-06-05 12:45:00,americano,situation,3,0,0
8610,43309,2025-03-27 15:32:00,smoothie,situation,32,1,1
8611,43309,2025-03-27 15:32:00,americano,situation,2,1,1
8612,43311,2025-07-02 14:55:00,coldbrew,situation,8,1,1
8613,43319,2025-09-18 13:59:00,tea,situation,16,1,0
8614,43328,2025-02-26 15:23:00,smoothie,situation,21,1,1
8615,43328,2025-02-26 15:23:00,americano,situation,2,1,0
8616,43330,2025-10-12 22:13:00,tea,situation,15,0,0
8617,43332,2025-03-03 20:48:00,smoothie,situation,20,1,1
8618,43337,2025-09-25 14:21:00,frappe,suggest,25,1,0
8619,43337,2025-09-25 14:21:00,smoothie,situation,32,1,0
8620,43352,2025-01-27 13:41:00,tea,situation,30,0,0
8621,43352,2025-01-27 13:41:00,smoothie,situation,32,1,1
8622,43353,2025-03-25 09:27:00,tea,suggest,28,1,1
8623,43369,2025-02-21 09:49:00,latte,situation,5,0,0
8624,43378,2025-01-02 20:55:00,smoothie,situation,20,0,0
8625,43380,2025-09-04 11:55:00,coldbrew,situation,8,1,1
8626,43383,2025-01-12 16:38:00,frappe,situation,25,1,1
8627,43383,2025-01-12 16:38:00,tea,situation,16,1,1
8628,43405,2025-12-20 09:01:00,drip,situation,9,1,0
8629,43407,2025-12-03 13:31:00,tea,situation,27,0,0
8630,43415,2025-01-02 11:54:00,smoothie,situation,21,1,0
8631,43429,2025-01-30 13:39:00,latte,situation,5,1,0
8632,43432,2025-07-06 07:37:00,smoothie,suggest,32,1,1
8633,43435,2025-06-24 14:59:00,frappe,suggest,25,0,0
8634,43462,2025-01-15 14:17:00,ade,situation,18,1,1
8635,43463,2025-03-25 09:07:00,tea,situation,17,0,0
8636,43465,2025-02-27 07:56:00,tea,situation,29,0,0
8637,43467,2025-06-03 15:45:00,latte,suggest,10,1,0
8638,43476,2025-03-24 14:16:00,frappe,situation,13,1,0
8639,43476,2025-03-24 14:16:00,juice,situation,22,0,0
8640,43481,2025-10-27 12:02:00,frappe,situation,12,1,0
8641,43501,2025-10-23 12:43:00,latte,situation,11,1,0
8642,43505,2025-04-20 17:26:00,frappe,suggest,25,0,0
8643,43506,2025-02-07 09:40:00,tea,situation,30,0,0
8644,43509,2025-08-18 13:14:00,juice,situation,22,0,0
8645,43511,2025-06-20 12:18:00,americano,suggest,3,1,1
8646,43516,2025-09-30 15:20:00,latte,situation,11,0,0
8647,43518,2025-01-31 18:00:00,americano,situation,2,1,0
8648,43520,2025-01-09 12:03:00,tea,situation,15,1,1
8649,43521,2025-07-19 07:39:00,latte,situation,4,0,0
8650,43528,2025-12-08 09:18:00,tea,situation,31,0,0
8651,43531,2025-10-13 21:35:00,latte,situation,4,1,1
8652,43552,2025-01-11 14:38:00,tea,situation,29,1,0
8653,43560,2025-03-31 07:03:00,latte,suggest,10,1,1
8654,43566,2025-08-27 19:05:00,frappe,suggest,13,1,1
8655,43573,2025-02-04 16:13:00,ade,situation,18,1,0
8656,43579,2025-03-27 08:16:00,latte,suggest,4,1,1
8657,43591,2025-02-21 11:15:00,latte,situation,11,1,1
8658,43594,2025-10-04 09:14:00,tea,suggest,29,1,1
8659,43594,2025-10-04 09:14:00,smoothie,situation,20,1,0
8660,43595,2025-01-09 14:37:00,tea,suggest,27,0,0
8661,43595,2025-01-09 14:37:00,tea,situation,17,0,0
8662,43604,2025-04-15 13:08:00,ade,situation,24,1,0
8663,43604,2025-04-15 13:08:00,tea,situation,16,1,1
8664,43605,2025-07-09 20:52:00,tea,situation,15,1,1
8665,43605,2025-07-09 20:52:00,frappe,situation,25,1,0
8666,43609,2025-03-31 11:55:00,tea,situation,30,1,1
8667,43611,2025-10-18 07:26:00,espresso,situation,1,1,0
8668,43630,2025-08-13 16:57:00,non-coffee,suggest,14,0,0
8669,43631,2025-08-25 09:59:00,smoothie,situation,21,1,1
8670,43631,2025-08-25 09:59:00,drip,suggest,9,0,0
8671,43633,2025-04-01 12:11:00,tea,suggest,30,1,1
8672,43641,2025-11-26 20:13:00,tea,situation,28,1,1
8673,43642,2025-07-08 17:37:00,espresso,situation,1,1,1
8674,43645,2025-03-08 16:47:00,cappuccino,situation,6,0,0
8675,43657,2025-08-16 08:00:00,frappe,suggest,26,1,0
8676,43660,2025-11-03 15:26:00,frappe,situation,13,0,0
8677,43660,2025-11-03 15:26:00,frappe,suggest,13,0,0
8678,43663,2025-04-25 08:27:00,americano,situation,2,0,0
8679,43664,2025-04-03 08:01:00,tea,situation,30,1,1
8680,43664,2025-04-03 08:01:00,juice,situation,22,1,1
8681,43669,2025-06-23 17:08:00,tea,suggest,16,1,0
8682,43673,2025-07-15 17:56:00,tea,situation,29,1,1
8683,43678,2025-09-03 07:01:00,latte,situation,5,0,0
8684,43689,2025-12-05 07:07:00,tea,situation,28,0,0
8685,43697,2025-04-25 20:02:00,latte,situation,5,0,0
8686,43713,2025-02-12 16:29:00,frappe,situation,12,0,0
8687,43716,2025-11-13 19:51:00,non-coffee,situation,14,1,1
8688,43728,2025-12-15 18:54:00,juice,suggest,22,1,0
8689,43728,2025-12-15 18:54:00,latte,suggest,11,0,0
8690,43729,2025-11-22 11:28:00,latte,situation,23,0,0
8691,43750,2025-08-01 18:13:00,tea,suggest,30,0,0
8692,43750,2025-08-01 18:13:00,tea,situation,29,0,0
8693,43753,2025-12-21 16:49:00,smoothie,situation,20,0,0
8694,43756,2025-09-19 11:45:00,americano,situation,2,0,0
8695,43763,2025-07-26 17:30:00,frappe,situation,13,1,0
8696,43763,2025-07-26 17:30:00,ade,suggest,19,0,0
8697,43767,2025-10-24 07:42:00,frappe,situation,13,1,1
8698,43767,2025-10-24 07:42:00,tea,situation,30,0,0
8699,43768,2025-09-16 13:13:00,coldbrew,situation,7,0,0
8700,43768,2025-09-16 13:13:00,americano,situation,2,0,0
8701,43772,2025-10-03 12:24:00,latte,situation,4,1,1
8702,43776,2025-12-28 12:01:00,smoothie,situation,20,1,1
8703,43780,2025-09-04 13:14:00,tea,situation,28,0,0
8704,43786,2025-07-10 17:05:00,cappuccino,situation,6,1,1
8705,43788,2025-04-20 20:41:00,tea,situation,16,1,0
8706,43788,2025-04-20 20:41:00,coldbrew,situation,7,1,1
8707,43794,2025-10-02 13:56:00,smoothie,situation,20,1,0
8708,43794,2025-10-02 13:56:00,ade,situation,19,1,0
8709,43808,2025-08-02 18:05:00,tea,suggest,29,1,1
8710,43827,2025-01-26 17:54:00,frappe,situation,26,0,0
8711,43828,2025-10-16 13:46:00,ade,situation,24,0,0
8712,43839,2025-08-06 11:26:00,coldbrew,situation,8,1,0
8713,43842,2025-02-25 19:34:00,frappe,situation,26,0,0
8714,43844,2025-06-25 14:00:00,frappe,suggest,13,1,0
8715,43864,2025-04-05 09:02:00,tea,situation,31,0,0
8716,43864,2025-04-05 09:02:00,tea,situation,27,1,0
8717,43880,2025-01-26 16:18:00,ade,situation,24,1,1
8718,43886,2025-03-09 14:45:00,latte,situation,23,0,0
8719,43886,2025-03-09 14:45:00,tea,suggest,28,0,0
8720,43902,2025-08-24 18:51:00,latte,suggest,4,1,0
8721,43909,2025-07-31 12:04:00,espresso,situation,1,1,0
8722,43919,2025-05-01 17:15:00,tea,situation,28,1,0
8723,43924,2025-05-17 21:04:00,frappe,situation,12,1,0
8724,43924,2025-05-17 21:04:00,smoothie,situation,32,0,0
8725,43925,2025-06-07 17:59:00,non-coffee,situation,14,0,0
8726,43932,2025-06-17 07:46:00,smoothie,suggest,21,1,1
8727,43934,2025-11-15 12:17:00,tea,suggest,27,0,0
8728,43943,2025-02-04 08:44:00,coldbrew,suggest,7,1,1
8729,43943,2025-02-04 08:44:00,tea,situation,30,0,0
8730,43945,2025-03-20 14:33:00,espresso,suggest,1,1,0
8731,43950,2025-08-15 09:00:00,drip,suggest,9,0,0
8732,43965,2025-02-17 16:08:00,frappe,situation,12,0,0
8733,43967,2025-06-17 09:31:00,tea,situation,16,0,0
8734,43970,2025-03-21 16:31:00,tea,suggest,30,1,1
8735,43978,2025-09-11 08:53:00,americano,situation,2,0,0
8736,43980,2025-04-14 11:51:00,latte,situation,10,1,1
8737,43981,2025-11-10 12:10:00,ade,suggest,18,0,0
8738,43986,2025-07-19 11:24:00,latte,situation,5,0,0
8739,43993,2025-02-24 14:00:00,smoothie,situation,21,0,0
8740,43996,2025-08-01 17:13:00,tea,situation,31,0,0
8741,43998,2025-03-01 08:43:00,smoothie,situation,21,0,0
8742,43998,2025-03-01 08:43:00,frappe,situation,26,0,0
8743,44009,2025-04-17 11:42:00,espresso,suggest,1,1,0
8744,44009,2025-04-17 11:42:00,coldbrew,situation,8,0,0
8745,44011,2025-12-17 08:06:00,tea,situation,29,1,1
8746,44011,2025-12-17 08:06:00,americano,situation,3,1,1
8747,44017,2025-01-23 14:33:00,frappe,situation,26,1,1
8748,44019,2025-07-22 11:42:00,latte,situation,5,0,0
8749,44032,2025-09-10 17:24:00,ade,suggest,18,1,1
8750,44032,2025-09-10 17:24:00,americano,situation,3,0,0
8751,44039,2025-03-15 12:33:00,coldbrew,situation,8,1,1
8752,44039,2025-03-15 12:33:00,coldbrew,situation,8,0,0
8753,44040,2025-09-15 12:22:00,smoothie,situation,20,1,0
8754,44041,2025-08-05 09:10:00,tea,situation,31,1,1
8755,44041,2025-08-05 09:10:00,ade,situation,19,0,0
8756,44046,2025-01-18 16:24:00,coldbrew,situation,7,0,0
8757,44051,2025-08-15 18:31:00,ade,situation,19,1,0
8758,44051,2025-08-15 18:31:00,espresso,situation,1,1,1
8759,44055,2025-03-15 18:03:00,espresso,situation,1,1,0
8760,44055,2025-03-15 18:03:00,non-coffee,situation,14,1,1
8761,44058,2025-11-29 07:32:00,latte,suggest,11,0,0
8762,44069,2025-08-01 14:58:00,smoothie,situation,32,0,0
8763,44069,2025-08-01 14:58:00,frappe,situation,13,0,0
8764,44073,2025-02-09 12:06:00,ade,situation,19,1,1
8765,44076,2025-04-02 08:32:00,latte,situation,5,1,1
8766,44076,2025-04-02 08:32:00,tea,suggest,28,1,0
8767,44081,2025-08-17 15:03:00,latte,situation,5,0,0
8768,44081,2025-08-17 15:03:00,frappe,situation,26,1,1
8769,44089,2025-02-11 12:46:00,smoothie,situation,32,1,0
8770,44116,2025-03-15 16:10:00,latte,suggest,11,1,1
8771,44125,2025-04-04 19:38:00,americano,situation,2,0,0
8772,44127,2025-10-06 08:31:00,americano,situation,3,1,1
8773,44133,2025-10-16 17:01:00,americano,situation,2,0,0
8774,44138,2025-06-12 15:39:00,tea,situation,29,1,0
8775,44141,2025-10-11 14:18:00,coldbrew,situation,7,1,1
8776,44152,2025-02-24 15:13:00,tea,situation,29,1,0
8777,44160,2025-09-19 11:39:00,ade,situation,24,1,0
8778,44160,2025-09-19 11:39:00,tea,suggest,15,1,1
8779,44164,2025-02-11 09:53:00,cappuccino,suggest,6,1,1
8780,44165,2025-08-09 09:10:00,tea,situation,17,1,0
8781,44186,2025-06-26 15:12:00,ade,situation,24,0,0
8782,44186,2025-06-26 15:12:00,tea,situation,30,0,0
8783,44188,2025-01-19 12:41:00,latte,situation,10,0,0
8784,44188,2025-01-19 12:41:00,tea,situation,30,1,0
8785,44203,2025-03-29 08:32:00,frappe,situation,12,1,0
8786,44209,2025-01-24 13:08:00,non-coffee,situation,14,0,0
8787,44213,2025-09-30 15:12:00,tea,suggest,27,1,1
8788,44213,2025-09-30 15:12:00,latte,suggest,10,0,0
8789,44223,2025-12-26 20:38:00,frappe,situation,25,0,0
8790,44225,2025-02-23 14:29:00,juice,situation,22,0,0
8791,44225,2025-02-23 14:29:00,frappe,situation,26,1,1
8792,44236,2025-11-10 15:55:00,smoothie,suggest,21,1,1
8793,44237,2025-08-20 20:08:00,latte,suggest,11,1,1
8794,44251,2025-09-23 20:05:00,non-coffee,situation,14,0,0
8795,44256,2025-10-11 12:31:00,coldbrew,situation,8,0,0
8796,44263,2025-03-20 15:50:00,tea,situation,16,0,0
8797,44280,2025-04-07 13:48:00,tea,situation,30,1,1
8798,44285,2025-06-25 15:33:00,coldbrew,situation,7,0,0
8799,44300,2025-06-06 21:52:00,tea,suggest,17,1,1
8800,44303,2025-06-17 07:39:00,latte,suggest,23,1,1
8801,44303,2025-06-17 07:39:00,tea,suggest,16,0,0
8802,44306,2025-12-24 12:01:00,latte,situation,5,1,1
8803,44314,2025-02-01 13:16:00,smoothie,situation,32,1,1
8804,44318,2025-07-23 15:33:00,tea,situation,29,1,0
8805,44325,2025-04-02 14:14:00,ade,situation,19,1,0
8806,44325,2025-04-02 14:14:00,ade,suggest,18,1,0
8807,44327,2025-12-04 08:59:00,frappe,situation,26,0,0
8808,44338,2025-07-18 15:47:00,smoothie,suggest,21,1,1
8809,44347,2025-09-21 12:38:00,tea,situation,31,0,0
8810,44352,2025-07-15 17:03:00,tea,situation,29,1,1
8811,44363,2025-06-03 13:08:00,frappe,situation,25,1,0
8812,44369,2025-06-15 11:35:00,ade,situation,24,1,1
8813,44371,2025-11-12 15:38:00,frappe,situation,25,1,0
8814,44380,2025-10-30 19:06:00,frappe,situation,12,1,0
8815,44386,2025-09-10 14:39:00,americano,situation,2,1,0
8816,44393,2025-11-09 12:57:00,tea,situation,28,0,0
8817,44394,2025-01-14 12:05:00,tea,situation,16,0,0
8818,44394,2025-01-14 12:05:00,ade,suggest,18,0,0
8819,44396,2025-07-17 18:31:00,smoothie,suggest,32,0,0
8820,44396,2025-07-17 18:31:00,smoothie,situation,21,1,0
8821,44401,2025-10-19 17:47:00,ade,suggest,19,1,0
8822,44401,2025-10-19 17:47:00,smoothie,situation,32,1,1
8823,44411,2025-08-03 07:31:00,smoothie,situation,32,0,0
8824,44427,2025-03-06 15:23:00,tea,situation,29,0,0
8825,44433,2025-11-05 08:52:00,drip,situation,9,1,1
8826,44433,2025-11-05 08:52:00,drip,situation,9,1,1
8827,44434,2025-06-19 17:41:00,tea,suggest,31,1,1
8828,44438,2025-09-07 18:09:00,tea,suggest,30,0,0
8829,44438,2025-09-07 18:09:00,tea,suggest,31,0,0
8830,44439,2025-03-07 08:31:00,latte,situation,5,0,0
8831,44439,2025-03-07 08:31:00,smoothie,situation,32,1,1
8832,44445,2025-08-22 15:59:00,smoothie,situation,20,1,1
8833,44456,2025-02-02 16:50:00,frappe,situation,26,0,0
8834,44456,2025-02-02 16:50:00,latte,situation,10,0,0
8835,44464,2025-02-18 14:55:00,coldbrew,suggest,8,0,0
8836,44464,2025-02-18 14:55:00,tea,situation,29,1,1
8837,44476,2025-04-15 19:51:00,tea,situation,27,1,0
8838,44476,2025-04-15 19:51:00,latte,situation,4,0,0
8839,44477,2025-03-12 17:32:00,latte,situation,23,0,0
8840,44482,2025-07-08 14:06:00,smoothie,situation,32,1,1
8841,44492,2025-03-10 07:21:00,coldbrew,situation,7,0,0
8842,44498,2025-12-22 14:48:00,latte,suggest,5,0,0
8843,44498,2025-12-22 14:48:00,frappe,situation,25,0,0
8844,44499,2025-05-31 08:38:00,ade,situation,24,1,1
8845,44507,2025-10-12 08:02:00,espresso,situation,1,1,1
8846,44507,2025-10-12 08:02:00,smoothie,situation,32,1,1
8847,44526,2025-10-18 08:36:00,latte,situation,5,1,1
8848,44532,2025-04-23 20:32:00,non-coffee,situation,14,1,1
8849,44539,2025-07-14 09:59:00,coldbrew,suggest,8,1,0
8850,44542,2025-12-06 16:19:00,tea,suggest,31,1,0
8851,44542,2025-12-06 16:19:00,ade,situation,19,1,0
8852,44544,2025-12-13 08:34:00,ade,suggest,18,0,0
8853,44544,2025-12-13 08:34:00,smoothie,suggest,32,0,0
8854,44555,2025-10-24 20:51:00,tea,situation,15,1,0
8855,44555,2025-10-24 20:51:00,latte,suggest,10,1,1
8856,44579,2025-08-03 16:39:00,smoothie,suggest,20,1,0
8857,44582,2025-01-07 21:20:00,latte,situation,23,0,0
8858,44582,2025-01-07 21:20:00,smoothie,situation,20,1,0
8859,44591,2025-11-30 14:13:00,non-coffee,situation,14,1,1
8860,44591,2025-11-30 14:13:00,tea,situation,15,0,0
8861,44592,2025-01-26 13:04:00,coldbrew,situation,8,1,1
8862,44606,2025-07-17 18:19:00,tea,situation,31,1,1
8863,44606,2025-07-17 18:19:00,tea,suggest,28,1,0
8864,44607,2025-12-13 08:16:00,tea,suggest,28,1,1
8865,44609,2025-10-25 09:15:00,frappe,suggest,13,0,0
8866,44616,2025-03-13 11:09:00,coldbrew,situation,7,0,0
8867,44616,2025-03-13 11:09:00,americano,situation,3,0,0
8868,44622,2025-10-13 14:09:00,coldbrew,situation,8,0,0
8869,44627,2025-05-13 15:53:00,ade,situation,19,0,0
8870,44628,2025-03-18 11:37:00,coldbrew,situation,7,0,0
8871,44628,2025-03-18 11:37:00,tea,situation,17,0,0
8872,44639,2025-11-29 22:05:00,ade,situation,24,0,0
8873,44652,2025-10-19 14:16:00,ade,situation,18,1,1
8874,44652,2025-10-19 14:16:00,latte,situation,23,1,0
8875,44682,2025-03-08 09:02:00,tea,situation,29,0,0
8876,44683,2025-03-22 09:19:00,tea,situation,16,0,0
8877,44690,2025-10-07 08:01:00,ade,situation,24,1,0
8878,44695,2025-08-14 18:38:00,latte,suggest,23,1,0
8879,44697,2025-11-14 14:22:00,smoothie,situation,20,0,0
8880,44699,2025-02-18 17:27:00,juice,situation,22,0,0
8881,44703,2025-11-20 11:49:00,ade,suggest,19,1,0
8882,44717,2025-10-09 14:15:00,latte,suggest,10,0,0
8883,44717,2025-10-09 14:15:00,smoothie,suggest,20,0,0
8884,44721,2025-09-16 09:08:00,americano,situation,2,1,1
8885,44721,2025-09-16 09:08:00,tea,situation,28,0,0
8886,44729,2025-12-31 09:05:00,non-coffee,situation,14,0,0
8887,44738,2025-03-02 11:05:00,tea,situation,17,1,0
8888,44743,2025-02-09 09:44:00,coldbrew,suggest,7,1,1
8889,44748,2025-05-07 13:15:00,frappe,suggest,26,1,1
8890,44751,2025-09-02 20:55:00,tea,situation,28,1,1
8891,44752,2025-09-03 14:45:00,ade,suggest,24,1,0
8892,44766,2025-02-06 14:11:00,latte,situation,5,1,1
8893,44776,2025-01-29 12:12:00,frappe,situation,12,0,0
8894,44780,2025-03-28 12:15:00,tea,situation,16,0,0
8895,44788,2025-09-03 09:08:00,latte,situation,11,0,0
8896,44790,2025-10-03 09:24:00,tea,suggest,17,0,0
8897,44802,2025-06-24 13:35:00,coldbrew,suggest,8,1,0
8898,44802,2025-06-24 13:35:00,latte,situation,4,0,0
8899,44820,2025-07-28 08:56:00,smoothie,situation,20,1,1
8900,44828,2025-06-28 09:26:00,tea,situation,28,1,1
8901,44828,2025-06-28 09:26:00,ade,situation,19,1,1
8902,44835,2025-09-23 09:16:00,tea,situation,28,1,1
8903,44840,2025-03-29 09:36:00,tea,situation,17,0,0
8904,44840,2025-03-29 09:36:00,drip,suggest,9,1,0
8905,44841,2025-08-22 15:16:00,americano,suggest,2,0,0
8906,44848,2025-08-09 18:15:00,ade,suggest,18,1,0
8907,44850,2025-08-29 09:48:00,drip,situation,9,1,1
8908,44868,2025-12-12 18:04:00,tea,suggest,28,0,0
8909,44882,2025-02-02 14:34:00,frappe,situation,13,0,0
8910,44886,2025-05-14 15:25:00,smoothie,situation,32,1,1
8911,44891,2025-01-07 12:33:00,latte,situation,23,1,1
8912,44908,2025-08-30 17:43:00,frappe,situation,25,1,1
8913,44909,2025-09-08 12:08:00,smoothie,situation,32,0,0
8914,44909,2025-09-08 12:08:00,smoothie,suggest,21,0,0
8915,44919,2025-01-20 08:32:00,tea,situation,29,0,0
8916,44932,2025-10-21 09:34:00,latte,suggest,10,1,1
8917,44934,2025-02-07 08:24:00,tea,situation,29,1,0
8918,44934,2025-02-07 08:24:00,latte,situation,4,0,0
8919,44941,2025-08-19 20:11:00,latte,situation,23,0,0
8920,44941,2025-08-19 20:11:00,tea,situation,17,0,0
8921,44943,2025-03-29 17:31:00,frappe,suggest,12,1,0
8922,44949,2025-11-12 12:18:00,juice,situation,22,0,0
8923,44954,2025-06-01 16:10:00,smoothie,situation,21,1,1
8924,44959,2025-03-17 13:45:00,tea,situation,15,1,1
8925,44961,2025-05-08 08:49:00,americano,suggest,2,0,0
8926,44961,2025-05-08 08:49:00,frappe,situation,12,1,1
8927,44970,2025-08-31 15:02:00,tea,situation,16,0,0
8928,44985,2025-12-07 22:45:00,coldbrew,suggest,7,1,0
8929,44987,2025-08-14 11:58:00,tea,situation,17,1,1
8930,44999,2025-07-21 13:33:00,espresso,suggest,1,0,0
8931,44999,2025-07-21 13:33:00,frappe,situation,25,0,0
8932,45011,2025-09-07 09:32:00,americano,situation,2,0,0
8933,45011,2025-09-07 09:32:00,tea,situation,16,1,0
8934,45012,2025-09-18 17:12:00,latte,situation,23,1,1
8935,45012,2025-09-18 17:12:00,americano,situation,3,1,1
8936,45016,2025-01-18 16:39:00,latte,situation,5,1,0
8937,45017,2025-08-19 14:49:00,smoothie,situation,32,0,0
8938,45025,2025-02-26 12:10:00,espresso,suggest,1,1,1
8939,45025,2025-02-26 12:10:00,tea,situation,30,0,0
8940,45046,2025-09-09 17:50:00,ade,suggest,18,0,0
8941,45062,2025-03-13 16:29:00,ade,situation,24,1,1
8942,45064,2025-12-11 18:58:00,tea,situation,15,0,0
8943,45064,2025-12-11 18:58:00,tea,suggest,28,1,1
8944,45065,2025-11-15 19:00:00,espresso,situation,1,0,0
8945,45065,2025-11-15 19:00:00,frappe,suggest,25,1,1
8946,45068,2025-06-16 17:34:00,cappuccino,situation,6,1,1
8947,45071,2025-04-06 08:56:00,tea,situation,31,0,0
8948,45086,2025-02-18 16:16:00,drip,situation,9,1,0
8949,45086,2025-02-18 16:16:00,americano,situation,2,1,1
8950,45091,2025-10-23 08:38:00,juice,situation,22,1,1
8951,45095,2025-01-22 09:12:00,tea,situation,29,1,0
8952,45106,2025-11-02 09:44:00,frappe,situation,12,1,1
8953,45114,2025-12-17 14:01:00,ade,situation,18,1,1
8954,45137,2025-04-08 14:34:00,frappe,situation,26,1,0
8955,45147,2025-07-08 12:48:00,tea,suggest,28,0,0
8956,45152,2025-09-03 12:34:00,smoothie,situation,21,0,0
8957,45155,2025-04-19 17:08:00,coldbrew,suggest,8,1,1
8958,45161,2025-04-05 13:37:00,ade,situation,24,1,0
8959,45167,2025-04-25 19:15:00,latte,situation,4,1,1
8960,45168,2025-01-06 08:00:00,tea,suggest,30,0,0
8961,45176,2025-04-04 08:16:00,juice,suggest,22,1,1
8962,45179,2025-09-05 08:36:00,tea,suggest,16,1,1
8963,45180,2025-03-22 17:54:00,smoothie,situation,32,0,0
8964,45192,2025-04-16 11:14:00,tea,situation,30,1,0
8965,45194,2025-01-21 19:39:00,tea,suggest,30,1,1
8966,45198,2025-03-03 13:01:00,smoothie,situation,21,0,0
8967,45199,2025-08-02 09:41:00,tea,situation,30,1,1
8968,45201,2025-09-20 08:15:00,ade,situation,24,1,1
8969,45205,2025-05-11 20:47:00,tea,situation,31,0,0
8970,45216,2025-10-22 17:42:00,ade,situation,18,1,0
8971,45236,2025-03-07 08:34:00,tea,situation,29,1,1
8972,45261,2025-11-04 07:06:00,smoothie,situation,21,1,0
8973,45266,2025-10-24 19:46:00,tea,suggest,31,0,0
8974,45268,2025-07-29 18:14:00,tea,situation,17,0,0
8975,45271,2025-06-23 12:41:00,non-coffee,situation,14,1,0
8976,45284,2025-08-06 08:52:00,tea,situation,31,0,0
8977,45288,2025-06-07 07:06:00,latte,situation,10,1,1
8978,45289,2025-07-25 12:23:00,frappe,situation,13,0,0
8979,45294,2025-07-28 16:29:00,americano,suggest,3,0,0
8980,45301,2025-01-28 16:35:00,frappe,suggest,12,1,1
8981,45302,2025-04-12 09:28:00,tea,situation,30,1,1
8982,45305,2025-07-13 07:08:00,tea,situation,27,1,0
8983,45315,2025-04-14 22:16:00,cappuccino,situation,6,0,0
8984,45319,2025-04-16 13:02:00,tea,situation,27,0,0
8985,45324,2025-09-01 08:02:00,frappe,situation,13,1,1
8986,45342,2025-06-25 09:14:00,smoothie,situation,20,0,0
8987,45358,2025-09-23 15:07:00,smoothie,suggest,21,0,0
8988,45371,2025-11-08 16:31:00,ade,suggest,18,1,0
8989,45377,2025-12-26 17:51:00,latte,situation,23,0,0
8990,45377,2025-12-26 17:51:00,ade,suggest,18,1,1
8991,45386,2025-08-23 08:10:00,smoothie,situation,32,0,0
8992,45386,2025-08-23 08:10:00,americano,situation,2,0,0
8993,45388,2025-04-05 15:43:00,tea,situation,27,1,1
8994,45389,2025-02-26 20:14:00,latte,suggest,4,1,0
8995,45402,2025-05-18 20:36:00,smoothie,situation,20,1,1
8996,45413,2025-07-04 09:39:00,ade,situation,18,1,1
8997,45415,2025-12-18 22:19:00,latte,suggest,4,0,0
8998,45416,2025-05-18 15:48:00,frappe,situation,25,0,0
8999,45416,2025-05-18 15:48:00,frappe,situation,12,0,0
9000,45421,2025-08-10 18:48:00,tea,situation,17,1,1
9001,45423,2025-08-01 17:10:00,smoothie,suggest,32,1,0
9002,45426,2025-10-01 13:35:00,latte,suggest,23,0,0
9003,45429,2025-05-01 12:44:00,ade,situation,18,0,0
9004,45438,2025-12-08 09:33:00,drip,situation,9,1,0
9005,45438,2025-12-08 09:33:00,americano,suggest,3,1,0
9006,45445,2025-02-04 13:40:00,tea,situation,27,0,0
9007,45459,2025-01-02 18:49:00,cappuccino,situation,6,0,0
9008,45459,2025-01-02 18:49:00,smoothie,situation,32,1,0
9009,45461,2025-08-30 16:37:00,frappe,situation,12,0,0
9010,45461,2025-08-30 16:37:00,frappe,situation,13,0,0
9011,45462,2025-08-02 07:06:00,tea,suggest,30,0,0
9012,45477,2025-03-11 08:45:00,latte,situation,11,1,0
9013,45478,2025-08-13 16:31:00,tea,situation,29,1,1
9014,45479,2025-04-09 16:23:00,drip,suggest,9,0,0
9015,45482,2025-06-20 09:31:00,juice,situation,22,0,0
9016,45487,2025-04-28 08:26:00,latte,situation,10,0,0
9017,45494,2025-09-10 09:14:00,coldbrew,situation,7,0,0
9018,45495,2025-06-21 09:00:00,tea,situation,30,1,1
9019,45495,2025-06-21 09:00:00,tea,situation,15,1,0
9020,45500,2025-05-06 13:30:00,smoothie,situation,32,0,0
9021,45504,2025-10-09 16:01:00,coldbrew,suggest,8,0,0
9022,45509,2025-11-07 21:40:00,juice,situation,22,1,0
9023,45509,2025-11-07 21:40:00,tea,situation,16,0,0
9024,45515,2025-10-08 08:07:00,latte,situation,5,1,0
9025,45515,2025-10-08 08:07:00,frappe,situation,13,1,0
9026,45524,2025-10-16 19:36:00,tea,suggest,31,1,1
9027,45529,2025-07-11 18:15:00,smoothie,situation,21,1,0
9028,45532,2025-04-06 16:26:00,latte,situation,23,1,1
9029,45533,2025-06-09 09:46:00,frappe,situation,13,0,0
9030,45536,2025-08-21 17:19:00,juice,suggest,22,0,0
9031,45537,2025-01-12 14:25:00,frappe,suggest,12,1,1
9032,45556,2025-08-24 12:09:00,coldbrew,situation,8,1,1
9033,45574,2025-01-16 13:55:00,tea,situation,31,0,0
9034,45575,2025-01-30 19:14:00,drip,suggest,9,1,1
9035,45579,2025-08-13 08:27:00,non-coffee,suggest,14,1,1
9036,45579,2025-08-13 08:27:00,americano,situation,2,0,0
9037,45581,2025-06-22 09:41:00,smoothie,situation,21,1,1
9038,45586,2025-08-31 12:46:00,coldbrew,suggest,7,1,1
9039,45593,2025-07-01 12:21:00,americano,suggest,3,0,0
9040,45597,2025-09-03 13:54:00,tea,situation,17,1,1
9041,45597,2025-09-03 13:54:00,latte,suggest,10,1,0
9042,45598,2025-07-22 20:11:00,latte,suggest,23,0,0
9043,45603,2025-03-02 11:08:00,ade,situation,24,0,0
9044,45603,2025-03-02 11:08:00,frappe,situation,13,0,0
9045,45607,2025-09-13 15:16:00,coldbrew,situation,8,0,0
9046,45613,2025-02-04 16:46:00,tea,situation,28,0,0
9047,45613,2025-02-04 16:46:00,latte,suggest,23,1,0
9048,45616,2025-06-19 14:55:00,coldbrew,situation,7,1,1
9049,45618,2025-02-28 12:09:00,latte,suggest,23,1,0
9050,45618,2025-02-28 12:09:00,americano,situation,2,0,0
9051,45624,2025-04-12 14:20:00,latte,situation,23,1,1
9052,45629,2025-03-29 17:57:00,tea,suggest,30,1,1
9053,45635,2025-06-03 07:28:00,tea,situation,31,1,1
9054,45638,2025-11-10 11:51:00,coldbrew,situation,8,1,0
9055,45642,2025-03-16 17:57:00,frappe,situation,26,0,0
9056,45643,2025-06-29 18:57:00,cappuccino,situation,6,0,0
9057,45669,2025-03-17 20:46:00,tea,situation,31,0,0
9058,45672,2025-11-30 11:20:00,smoothie,suggest,20,0,0
9059,45672,2025-11-30 11:20:00,ade,suggest,24,1,1
9060,45679,2025-06-18 19:12:00,tea,suggest,31,1,1
9061,45682,2025-03-25 08:37:00,tea,suggest,28,1,1
9062,45690,2025-03-30 13:49:00,smoothie,situation,20,1,1
9063,45690,2025-03-30 13:49:00,tea,suggest,30,1,0
9064,45693,2025-08-24 09:45:00,latte,suggest,10,0,0
9065,45696,2025-11-10 15:32:00,frappe,situation,26,0,0
9066,45702,2025-07-20 14:50:00,non-coffee,situation,14,1,0
9067,45703,2025-07-01 13:56:00,espresso,suggest,1,1,0
9068,45719,2025-11-17 09:07:00,tea,suggest,16,1,0
9069,45724,2025-04-17 13:03:00,frappe,suggest,12,0,0
9070,45725,2025-12-25 19:24:00,tea,situation,28,1,1
9071,45725,2025-12-25 19:24:00,latte,situation,11,0,0
9072,45727,2025-05-01 12:07:00,ade,situation,19,0,0
9073,45730,2025-08-26 09:33:00,coldbrew,suggest,7,0,0
9074,45730,2025-08-26 09:33:00,coldbrew,situation,7,0,0
9075,45731,2025-05-08 17:31:00,latte,situation,4,1,1
9076,45733,2025-11-26 19:56:00,coldbrew,suggest,7,0,0
9077,45737,2025-04-04 14:54:00,espresso,suggest,1,0,0
9078,45737,2025-04-04 14:54:00,tea,suggest,17,1,1
9079,45747,2025-05-09 13:41:00,tea,situation,16,1,0
9080,45749,2025-11-30 18:45:00,tea,situation,30,1,0
9081,45784,2025-06-26 13:03:00,drip,situation,9,0,0
9082,45788,2025-12-23 07:14:00,tea,suggest,17,1,1
9083,45849,2025-05-25 09:38:00,tea,suggest,29,0,0
9084,45849,2025-05-25 09:38:00,latte,suggest,5,1,0
9085,45856,2025-07-02 14:55:00,tea,situation,17,0,0
9086,45858,2025-10-17 13:27:00,tea,situation,27,1,1
9087,45858,2025-10-17 13:27:00,latte,situation,23,1,1
9088,45862,2025-09-23 09:28:00,juice,situation,22,1,1
9089,45870,2025-05-11 13:52:00,ade,situation,18,1,1
9090,45870,2025-05-11 13:52:00,latte,situation,11,0,0
9091,45877,2025-09-29 16:23:00,frappe,situation,26,0,0
9092,45899,2025-12-29 15:12:00,smoothie,suggest,21,1,0
9093,45902,2025-06-06 22:18:00,tea,suggest,16,1,1
9094,45905,2025-02-17 18:37:00,ade,situation,24,1,1
9095,45905,2025-02-17 18:37:00,coldbrew,suggest,7,0,0
9096,45908,2025-04-03 16:27:00,smoothie,situation,20,0,0
9097,45908,2025-04-03 16:27:00,frappe,suggest,26,1,1
9098,45917,2025-07-30 13:14:00,frappe,suggest,25,1,1
9099,45917,2025-07-30 13:14:00,drip,suggest,9,0,0
9100,45936,2025-06-19 13:20:00,latte,suggest,5,1,1
9101,45943,2025-04-25 19:33:00,tea,suggest,17,0,0
9102,45960,2025-09-11 19:11:00,cappuccino,situation,6,1,1
9103,45960,2025-09-11 19:11:00,tea,situation,28,0,0
9104,45980,2025-12-09 15:06:00,smoothie,situation,20,1,1
9105,45983,2025-05-23 13:49:00,drip,situation,9,1,1
9106,45983,2025-05-23 13:49:00,smoothie,situation,21,1,0
9107,45996,2025-10-30 07:32:00,espresso,situation,1,1,0
9108,45996,2025-10-30 07:32:00,coldbrew,situation,8,1,1
9109,46002,2025-12-04 14:22:00,tea,situation,16,0,0
9110,46005,2025-02-10 08:21:00,latte,situation,10,1,1
9111,46009,2025-12-28 16:26:00,ade,situation,19,1,1
9112,46009,2025-12-28 16:26:00,latte,situation,10,0,0
9113,46042,2025-08-20 12:05:00,latte,situation,11,0,0
9114,46049,2025-03-21 12:38:00,tea,suggest,30,1,1
9115,46061,2025-10-27 15:05:00,tea,situation,16,0,0
9116,46064,2025-08-01 13:19:00,tea,situation,30,1,1
9117,46065,2025-08-26 16:47:00,ade,situation,19,1,1
9118,46066,2025-02-15 12:02:00,americano,situation,3,1,1
9119,46066,2025-02-15 12:02:00,ade,situation,24,1,1
9120,46069,2025-06-11 07:56:00,smoothie,situation,32,1,0
9121,46077,2025-07-09 15:12:00,latte,suggest,23,0,0
9122,46087,2025-03-12 15:04:00,latte,situation,23,1,1
9123,46095,2025-03-01 11:28:00,frappe,situation,25,1,0
9124,46103,2025-11-16 11:29:00,ade,suggest,18,0,0
9125,46111,2025-07-27 15:47:00,non-coffee,situation,14,1,1
9126,46111,2025-07-27 15:47:00,smoothie,situation,20,0,0
9127,46112,2025-01-30 11:57:00,non-coffee,situation,14,0,0
9128,46119,2025-09-24 08:28:00,americano,situation,2,0,0
9129,46120,2025-05-10 16:28:00,latte,situation,4,1,1
9130,46134,2025-12-18 18:20:00,smoothie,situation,20,0,0
9131,46140,2025-06-04 16:51:00,frappe,situation,25,0,0
9132,46141,2025-07-30 17:04:00,americano,situation,2,1,1
9133,46142,2025-04-01 16:28:00,non-coffee,situation,14,1,0
9134,46151,2025-06-12 18:45:00,latte,situation,11,1,0
9135,46158,2025-05-01 15:45:00,americano,suggest,3,1,1
9136,46159,2025-04-20 11:39:00,frappe,suggest,13,0,0
9137,46168,2025-04-15 09:37:00,ade,situation,18,1,0
9138,46174,2025-05-05 14:10:00,coldbrew,situation,7,1,0
9139,46174,2025-05-05 14:10:00,frappe,suggest,25,1,1
9140,46177,2025-08-31 20:18:00,coldbrew,situation,8,1,0
9141,46188,2025-09-14 12:53:00,latte,situation,4,1,1
9142,46191,2025-04-02 20:48:00,americano,suggest,2,1,1
9143,46198,2025-05-08 09:30:00,latte,situation,23,0,0
9144,46200,2025-02-06 12:15:00,latte,situation,11,0,0
9145,46209,2025-11-17 21:55:00,latte,suggest,5,1,1
9146,46209,2025-11-17 21:55:00,tea,situation,28,1,0
9147,46210,2025-01-13 08:27:00,americano,situation,3,1,0
9148,46221,2025-01-25 17:57:00,smoothie,suggest,21,0,0
9149,46224,2025-06-30 15:12:00,ade,situation,24,1,0
9150,46234,2025-07-06 08:48:00,tea,suggest,28,0,0
9151,46241,2025-07-17 15:50:00,americano,situation,2,1,0
9152,46246,2025-12-26 09:02:00,americano,situation,2,0,0
9153,46246,2025-12-26 09:02:00,americano,situation,2,0,0
9154,46248,2025-03-22 21:13:00,tea,situation,29,1,1
9155,46250,2025-07-19 12:40:00,frappe,situation,13,1,0
9156,46254,2025-11-20 14:17:00,frappe,situation,12,0,0
9157,46254,2025-11-20 14:17:00,ade,situation,18,0,0
9158,46255,2025-02-18 18:45:00,juice,situation,22,1,0
9159,46263,2025-06-28 14:17:00,ade,situation,24,1,0
9160,46264,2025-04-10 12:41:00,drip,suggest,9,1,1
9161,46264,2025-04-10 12:41:00,latte,situation,23,0,0
9162,46265,2025-04-08 12:44:00,frappe,situation,13,1,0
9163,46265,2025-04-08 12:44:00,americano,situation,2,0,0
9164,46271,2025-06-25 17:51:00,coldbrew,suggest,8,0,0
9165,46274,2025-09-16 18:33:00,frappe,suggest,25,0,0
9166,46274,2025-09-16 18:33:00,tea,situation,17,0,0
9167,46280,2025-04-16 17:42:00,tea,suggest,27,0,0
9168,46288,2025-08-02 19:51:00,tea,situation,16,0,0
9169,46290,2025-04-17 14:04:00,ade,situation,24,0,0
9170,46290,2025-04-17 14:04:00,ade,situation,24,1,1
9171,46297,2025-10-29 08:02:00,ade,situation,19,1,0
9172,46297,2025-10-29 08:02:00,tea,situation,30,0,0
9173,46298,2025-07-01 19:39:00,frappe,situation,12,0,0
9174,46298,2025-07-01 19:39:00,tea,situation,17,0,0
9175,46314,2025-08-17 12:02:00,latte,suggest,23,1,1
9176,46314,2025-08-17 12:02:00,ade,suggest,24,0,0
9177,46315,2025-01-18 20:08:00,tea,situation,15,1,1
9178,46315,2025-01-18 20:08:00,tea,situation,17,0,0
9179,46317,2025-12-17 11:08:00,smoothie,situation,32,0,0
9180,46318,2025-03-11 18:05:00,smoothie,suggest,21,1,1
9181,46334,2025-09-06 08:21:00,tea,situation,17,0,0
9182,46335,2025-05-12 09:12:00,tea,situation,16,0,0
9183,46337,2025-08-07 09:25:00,latte,suggest,10,0,0
9184,46337,2025-08-07 09:25:00,americano,situation,2,0,0
9185,46342,2025-12-26 15:18:00,ade,suggest,19,1,0
9186,46346,2025-04-10 12:41:00,cappuccino,situation,6,0,0
9187,46346,2025-04-10 12:41:00,americano,situation,2,1,1
9188,46352,2025-12-01 20:33:00,tea,situation,29,0,0
9189,46357,2025-03-14 11:28:00,americano,situation,3,0,0
9190,46357,2025-03-14 11:28:00,ade,situation,24,0,0
9191,46360,2025-12-14 08:24:00,tea,situation,31,0,0
9192,46386,2025-04-30 08:53:00,juice,situation,22,0,0
9193,46390,2025-01-10 17:43:00,tea,suggest,29,1,1
9194,46392,2025-01-01 12:49:00,coldbrew,situation,7,0,0
9195,46397,2025-03-02 16:17:00,latte,situation,5,1,0
9196,46397,2025-03-02 16:17:00,ade,situation,19,0,0
9197,46398,2025-10-24 07:09:00,tea,situation,15,1,1
9198,46398,2025-10-24 07:09:00,tea,situation,28,1,0
9199,46400,2025-12-16 11:12:00,tea,suggest,30,0,0
9200,46400,2025-12-16 11:12:00,tea,suggest,29,1,0
9201,46403,2025-06-18 07:41:00,drip,situation,9,1,0
9202,46403,2025-06-18 07:41:00,espresso,situation,1,0,0
9203,46426,2025-02-15 20:10:00,frappe,situation,13,1,1
9204,46426,2025-02-15 20:10:00,tea,situation,30,1,1
9205,46427,2025-07-04 11:03:00,latte,situation,5,1,1
9206,46439,2025-02-11 09:04:00,latte,suggest,23,1,1
9207,46440,2025-09-30 12:57:00,ade,situation,18,1,1
9208,46444,2025-04-21 19:50:00,frappe,situation,13,0,0
9209,46458,2025-04-22 13:22:00,tea,situation,29,0,0
9210,46464,2025-09-24 14:42:00,frappe,situation,12,0,0
9211,46477,2025-02-26 09:19:00,coldbrew,situation,7,1,1
9212,46501,2025-03-04 22:02:00,smoothie,suggest,21,1,1
9213,46504,2025-05-05 09:04:00,frappe,situation,13,1,1
9214,46511,2025-03-25 17:22:00,frappe,suggest,26,0,0
9215,46521,2025-01-22 13:10:00,frappe,situation,12,1,1
9216,46527,2025-04-23 17:41:00,cappuccino,situation,6,1,1
9217,46528,2025-09-03 13:08:00,tea,suggest,30,1,1
9218,46528,2025-09-03 13:08:00,tea,situation,31,1,1
9219,46535,2025-09-06 18:50:00,tea,situation,28,1,1
9220,46537,2025-01-24 12:59:00,tea,situation,30,0,0
9221,46551,2025-10-24 12:10:00,espresso,situation,1,1,0
9222,46551,2025-10-24 12:10:00,smoothie,situation,21,1,1
9223,46562,2025-08-01 21:17:00,americano,situation,2,0,0
9224,46564,2025-10-21 21:39:00,tea,situation,31,1,1
9225,46567,2025-07-04 18:42:00,tea,suggest,30,1,1
9226,46568,2025-02-09 12:52:00,frappe,situation,26,0,0
9227,46568,2025-02-09 12:52:00,latte,suggest,23,1,1
9228,46575,2025-06-24 08:59:00,frappe,suggest,25,1,1
9229,46589,2025-03-21 18:22:00,coldbrew,situation,7,1,0
9230,46589,2025-03-21 18:22:00,cappuccino,situation,6,1,1
9231,46591,2025-04-13 09:50:00,non-coffee,situation,14,1,0
9232,46591,2025-04-13 09:50:00,drip,situation,9,1,1
9233,46596,2025-08-29 13:39:00,americano,situation,3,0,0
9234,46598,2025-12-11 17:49:00,frappe,situation,13,1,1
9235,46598,2025-12-11 17:49:00,tea,suggest,15,1,0
9236,46604,2025-12-05 12:36:00,frappe,situation,13,0,0
9237,46611,2025-07-24 11:35:00,tea,situation,27,0,0
9238,46615,2025-08-05 17:13:00,tea,situation,16,1,0
9239,46620,2025-02-11 19:03:00,ade,situation,18,0,0
9240,46621,2025-02-09 07:05:00,americano,situation,2,0,0
9241,46632,2025-05-19 11:21:00,coldbrew,situation,8,0,0
9242,46632,2025-05-19 11:21:00,frappe,situation,26,0,0
9243,46635,2025-05-12 09:42:00,latte,situation,4,0,0
9244,46644,2025-12-06 15:18:00,juice,situation,22,0,0
9245,46653,2025-07-08 12:38:00,juice,situation,22,0,0
9246,46653,2025-07-08 12:38:00,tea,suggest,27,1,1
9247,46659,2025-07-10 16:18:00,smoothie,situation,21,1,1
9248,46666,2025-10-28 11:14:00,coldbrew,situation,8,1,1
9249,46676,2025-04-10 19:59:00,smoothie,situation,20,0,0
9250,46677,2025-02-21 14:20:00,tea,situation,17,1,1
9251,46678,2025-06-16 14:29:00,frappe,situation,26,1,0
9252,46695,2025-10-24 08:20:00,frappe,situation,25,1,1
9253,46701,2025-11-22 11:25:00,cappuccino,situation,6,1,1
9254,46703,2025-05-30 11:12:00,coldbrew,suggest,8,1,0
9255,46715,2025-04-11 08:43:00,tea,suggest,15,0,0
9256,46715,2025-04-11 08:43:00,coldbrew,situation,8,1,0
9257,46727,2025-12-29 13:01:00,frappe,situation,25,1,1
9258,46736,2025-04-21 09:45:00,espresso,situation,1,1,0
9259,46736,2025-04-21 09:45:00,espresso,situation,1,0,0
9260,46738,2025-09-16 18:48:00,tea,situation,29,1,1
9261,46748,2025-04-09 16:13:00,smoothie,suggest,21,0,0
9262,46749,2025-05-12 16:57:00,smoothie,situation,21,1,0
9263,46751,2025-02-04 08:52:00,ade,situation,24,0,0
9264,46764,2025-07-24 15:04:00,ade,situation,19,1,1
9265,46765,2025-10-26 12:12:00,latte,situation,4,0,0
9266,46765,2025-10-26 12:12:00,ade,suggest,19,0,0
9267,46766,2025-12-13 11:20:00,smoothie,suggest,21,1,1
9268,46766,2025-12-13 11:20:00,smoothie,situation,20,1,0
9269,46768,2025-08-28 17:57:00,tea,suggest,31,0,0
9270,46769,2025-09-15 16:48:00,tea,situation,28,0,0
9271,46771,2025-12-05 14:13:00,frappe,situation,26,1,1
9272,46779,2025-05-29 18:05:00,coldbrew,situation,8,0,0
9273,46783,2025-09-15 12:16:00,tea,suggest,17,1,0
9274,46787,2025-12-30 13:25:00,coldbrew,suggest,7,1,0
9275,46787,2025-12-30 13:25:00,coldbrew,situation,8,0,0
9276,46789,2025-07-04 08:42:00,cappuccino,suggest,6,1,0
9277,46789,2025-07-04 08:42:00,latte,situation,5,1,0
9278,46794,2025-03-27 17:40:00,ade,situation,24,1,0
9279,46800,2025-05-20 09:40:00,juice,suggest,22,1,0
9280,46812,2025-11-13 08:10:00,coldbrew,situation,8,0,0
9281,46826,2025-01-13 15:58:00,tea,situation,15,0,0
9282,46828,2025-03-14 15:59:00,frappe,suggest,12,1,0
9283,46828,2025-03-14 15:59:00,latte,situation,23,1,1
9284,46832,2025-11-18 17:10:00,tea,situation,16,0,0
9285,46833,2025-04-23 14:26:00,latte,suggest,4,1,1
9286,46833,2025-04-23 14:26:00,frappe,situation,12,0,0
9287,46840,2025-02-27 18:00:00,smoothie,situation,32,1,0
9288,46844,2025-08-27 19:00:00,coldbrew,situation,7,1,1
9289,46856,2025-10-30 14:39:00,smoothie,situation,20,1,1
9290,46859,2025-05-24 17:14:00,smoothie,situation,32,1,0
9291,46860,2025-10-31 09:43:00,coldbrew,situation,7,0,0
9292,46864,2025-02-26 15:12:00,latte,suggest,4,1,1
9293,46877,2025-12-12 11:06:00,ade,situation,19,0,0
9294,46877,2025-12-12 11:06:00,frappe,situation,12,1,0
9295,46883,2025-10-14 22:34:00,smoothie,suggest,21,0,0
9296,46883,2025-10-14 22:34:00,latte,situation,10,0,0
9297,46887,2025-05-22 09:07:00,espresso,situation,1,0,0
9298,46899,2025-10-06 16:20:00,smoothie,situation,21,0,0
9299,46903,2025-07-09 12:39:00,ade,situation,19,1,0
9300,46903,2025-07-09 12:39:00,frappe,suggest,13,1,1
9301,46906,2025-01-13 16:03:00,latte,suggest,5,0,0
9302,46919,2025-03-31 08:41:00,latte,suggest,4,1,1
9303,46919,2025-03-31 08:41:00,tea,suggest,31,0,0
9304,46929,2025-01-29 12:24:00,americano,situation,2,1,1
9305,46931,2025-11-19 09:34:00,smoothie,situation,20,1,1
9306,46931,2025-11-19 09:34:00,americano,situation,3,1,1
9307,46934,2025-01-31 15:46:00,frappe,situation,25,1,1
9308,46935,2025-01-25 08:28:00,tea,suggest,17,1,0
9309,46968,2025-06-20 16:16:00,americano,situation,3,1,1
9310,46970,2025-09-05 14:11:00,ade,suggest,18,0,0
9311,46970,2025-09-05 14:11:00,coldbrew,situation,8,0,0
9312,46972,2025-06-08 12:51:00,latte,situation,11,0,0
9313,46972,2025-06-08 12:51:00,espresso,situation,1,0,0
9314,46973,2025-05-17 11:06:00,tea,situation,31,0,0
9315,46982,2025-01-07 13:44:00,tea,situation,27,0,0
9316,46986,2025-06-24 15:05:00,espresso,suggest,1,0,0
9317,46991,2025-01-02 12:58:00,espresso,suggest,1,1,0
9318,46992,2025-10-08 12:34:00,tea,situation,27,1,0
9319,47001,2025-09-18 09:26:00,latte,situation,23,1,1
9320,47007,2025-03-28 20:55:00,tea,suggest,29,1,0
9321,47009,2025-03-23 16:54:00,tea,situation,31,1,0
9322,47009,2025-03-23 16:54:00,frappe,suggest,12,1,0
9323,47017,2025-11-13 09:55:00,tea,suggest,15,1,1
9324,47019,2025-03-23 14:05:00,smoothie,suggest,20,0,0
9325,47021,2025-04-09 13:34:00,frappe,situation,12,0,0
9326,47024,2025-05-14 20:01:00,tea,situation,30,0,0
9327,47029,2025-05-15 08:33:00,americano,situation,3,0,0
9328,47038,2025-05-19 15:16:00,tea,situation,31,1,0
9329,47041,2025-02-19 09:08:00,tea,suggest,15,0,0
9330,47041,2025-02-19 09:08:00,latte,situation,5,1,0
9331,47044,2025-05-01 17:56:00,latte,situation,5,1,0
9332,47056,2025-03-28 16:24:00,juice,situation,22,1,0
9333,47063,2025-05-31 13:46:00,coldbrew,suggest,8,1,1
9334,47064,2025-12-21 20:47:00,drip,suggest,9,0,0
9335,47065,2025-08-20 15:56:00,ade,situation,18,0,0
9336,47076,2025-05-07 14:00:00,tea,situation,27,0,0
9337,47081,2025-11-28 11:44:00,coldbrew,situation,7,0,0
9338,47081,2025-11-28 11:44:00,ade,suggest,19,1,1
9339,47084,2025-12-28 14:38:00,frappe,suggest,12,0,0
9340,47088,2025-04-20 08:42:00,tea,situation,28,0,0
9341,47088,2025-04-20 08:42:00,latte,suggest,11,0,0
9342,47103,2025-12-11 12:34:00,drip,situation,9,0,0
9343,47108,2025-07-30 19:48:00,latte,situation,23,1,1
9344,47115,2025-02-18 13:05:00,frappe,suggest,12,0,0
9345,47135,2025-07-05 15:08:00,tea,suggest,27,0,0
9346,47146,2025-03-21 19:12:00,tea,suggest,31,1,1
9347,47185,2025-07-06 13:00:00,frappe,suggest,13,1,0
9348,47190,2025-02-22 07:40:00,frappe,situation,13,1,0
9349,47190,2025-02-22 07:40:00,cappuccino,situation,6,1,1
9350,47197,2025-03-30 08:39:00,americano,situation,3,1,1
9351,47202,2025-05-07 11:41:00,tea,situation,30,0,0
9352,47205,2025-05-20 08:37:00,tea,situation,30,0,0
9353,47205,2025-05-20 08:37:00,ade,situation,19,1,0
9354,47220,2025-10-24 08:27:00,americano,situation,3,1,1
9355,47226,2025-06-08 12:37:00,americano,situation,3,1,0
9356,47229,2025-11-29 12:20:00,tea,situation,15,0,0
9357,47231,2025-02-17 13:53:00,drip,situation,9,0,0
9358,47231,2025-02-17 13:53:00,ade,situation,19,1,0
9359,47239,2025-03-13 17:31:00,juice,situation,22,0,0
9360,47248,2025-01-24 14:35:00,ade,situation,19,0,0
9361,47248,2025-01-24 14:35:00,smoothie,situation,20,0,0
9362,47254,2025-03-28 07:05:00,latte,suggest,5,1,1
9363,47254,2025-03-28 07:05:00,frappe,situation,26,1,1
9364,47255,2025-02-06 13:36:00,latte,situation,10,0,0
9365,47269,2025-12-30 14:38:00,smoothie,suggest,21,1,0
9366,47278,2025-05-09 18:54:00,tea,situation,17,0,0
9367,47287,2025-01-30 15:10:00,non-coffee,suggest,14,1,1
9368,47312,2025-12-25 09:06:00,espresso,situation,1,1,1
9369,47315,2025-12-01 20:07:00,tea,suggest,16,1,1
9370,47319,2025-09-12 16:26:00,tea,situation,15,1,1
9371,47329,2025-03-01 08:40:00,latte,situation,10,0,0
9372,47332,2025-09-17 12:51:00,tea,situation,31,1,1
9373,47335,2025-12-13 15:33:00,latte,suggest,4,1,0
9374,47345,2025-08-28 07:20:00,tea,situation,28,0,0
9375,47348,2025-02-22 14:04:00,ade,situation,18,1,0
9376,47367,2025-04-17 18:23:00,tea,suggest,15,1,1
9377,47369,2025-07-03 12:15:00,tea,suggest,17,1,0
9378,47369,2025-07-03 12:15:00,tea,situation,17,0,0
9379,47370,2025-06-01 13:42:00,coldbrew,situation,7,1,1
9380,47370,2025-06-01 13:42:00,ade,situation,19,1,0
9381,47375,2025-03-08 21:33:00,ade,situation,18,0,0
9382,47382,2025-08-18 08:48:00,americano,situation,2,1,0
9383,47382,2025-08-18 08:48:00,juice,situation,22,1,1
9384,47401,2025-01-11 18:42:00,frappe,situation,13,0,0
9385,47401,2025-01-11 18:42:00,tea,suggest,31,1,0
9386,47409,2025-12-24 17:39:00,ade,situation,19,0,0
9387,47412,2025-02-08 08:23:00,tea,situation,16,0,0
9388,47412,2025-02-08 08:23:00,smoothie,suggest,20,0,0
9389,47417,2025-01-12 12:53:00,tea,situation,15,0,0
9390,47430,2025-01-28 18:17:00,americano,situation,2,0,0
9391,47444,2025-08-01 21:01:00,cappuccino,situation,6,0,0
9392,47445,2025-02-22 15:35:00,coldbrew,situation,8,0,0
9393,47446,2025-06-08 11:38:00,americano,situation,3,0,0
9394,47446,2025-06-08 11:38:00,tea,situation,27,0,0
9395,47453,2025-12-25 09:49:00,cappuccino,situation,6,1,1
9396,47453,2025-12-25 09:49:00,espresso,suggest,1,1,0
9397,47454,2025-09-03 15:02:00,latte,situation,11,1,1
9398,47454,2025-09-03 15:02:00,latte,situation,5,0,0
9399,47455,2025-05-05 17:00:00,drip,situation,9,0,0
9400,47457,2025-05-07 18:30:00,espresso,suggest,1,1,0
9401,47458,2025-06-06 09:11:00,latte,situation,4,1,1
9402,47462,2025-02-06 11:58:00,americano,suggest,3,0,0
9403,47468,2025-12-08 07:06:00,smoothie,suggest,20,1,1
9404,47468,2025-12-08 07:06:00,americano,suggest,2,0,0
9405,47483,2025-12-28 14:51:00,coldbrew,situation,7,1,0
9406,47486,2025-03-23 18:39:00,coldbrew,suggest,8,1,0
9407,47491,2025-01-13 07:21:00,frappe,situation,25,0,0
9408,47516,2025-01-12 16:01:00,smoothie,situation,20,1,0
9409,47526,2025-02-15 08:07:00,americano,situation,3,0,0
9410,47527,2025-04-28 15:13:00,ade,situation,24,0,0
9411,47539,2025-07-03 08:28:00,latte,suggest,23,0,0
9412,47539,2025-07-03 08:28:00,tea,suggest,31,1,1
9413,47543,2025-01-11 12:37:00,latte,suggest,10,1,0
9414,47549,2025-09-03 08:39:00,ade,suggest,19,1,0
9415,47554,2025-08-09 20:13:00,tea,suggest,16,1,0
9416,47565,2025-05-30 09:23:00,latte,suggest,11,0,0
9417,47571,2025-11-03 08:49:00,smoothie,suggest,32,1,0
9418,47575,2025-01-02 07:11:00,americano,suggest,2,1,0
9419,47576,2025-12-02 08:22:00,latte,suggest,5,1,1
9420,47580,2025-07-08 15:15:00,tea,suggest,28,1,1
9421,47586,2025-10-25 15:14:00,tea,situation,30,0,0
9422,47586,2025-10-25 15:14:00,tea,suggest,17,0,0
9423,47587,2025-11-27 17:33:00,tea,suggest,16,0,0
9424,47613,2025-05-08 14:40:00,latte,situation,5,1,1
9425,47620,2025-05-05 12:45:00,non-coffee,situation,14,1,0
9426,47621,2025-08-18 17:40:00,americano,suggest,3,1,1
9427,47626,2025-01-21 15:14:00,tea,suggest,16,0,0
9428,47627,2025-12-02 09:37:00,latte,situation,11,0,0
9429,47631,2025-08-22 17:25:00,latte,suggest,11,1,0
9430,47632,2025-12-27 13:40:00,coldbrew,suggest,8,0,0
9431,47632,2025-12-27 13:40:00,latte,situation,5,1,0
9432,47637,2025-06-13 13:10:00,tea,situation,30,0,0
9433,47643,2025-04-22 12:37:00,non-coffee,situation,14,1,1
9434,47643,2025-04-22 12:37:00,smoothie,situation,21,1,1
9435,47647,2025-02-05 11:01:00,tea,situation,31,1,1
9436,47651,2025-11-01 11:19:00,ade,situation,19,0,0
9437,47651,2025-11-01 11:19:00,tea,suggest,16,1,1
9438,47652,2025-06-26 16:59:00,smoothie,suggest,20,1,0
9439,47654,2025-01-17 20:52:00,tea,situation,15,1,1
9440,47654,2025-01-17 20:52:00,tea,situation,31,1,0
9441,47655,2025-08-25 09:27:00,espresso,situation,1,1,1
9442,47657,2025-11-05 12:09:00,tea,situation,15,0,0
9443,47657,2025-11-05 12:09:00,coldbrew,situation,7,1,0
9444,47663,2025-10-10 14:36:00,americano,situation,3,0,0
9445,47667,2025-11-24 22:46:00,latte,situation,5,0,0
9446,47671,2025-05-15 08:52:00,tea,suggest,31,1,1
9447,47677,2025-11-18 08:57:00,juice,situation,22,0,0
9448,47677,2025-11-18 08:57:00,tea,situation,16,1,1
9449,47685,2025-02-20 12:22:00,ade,situation,18,1,0
9450,47690,2025-05-23 15:56:00,latte,situation,23,0,0
9451,47696,2025-04-23 20:00:00,latte,situation,5,0,0
9452,47698,2025-03-31 12:11:00,tea,situation,29,1,0
9453,47728,2025-11-02 18:57:00,tea,situation,27,0,0
9454,47734,2025-04-17 07:35:00,drip,suggest,9,0,0
9455,47738,2025-09-10 15:03:00,smoothie,suggest,20,0,0
9456,47738,2025-09-10 15:03:00,latte,situation,5,1,1
9457,47749,2025-10-27 15:12:00,drip,situation,9,0,0
9458,47759,2025-07-01 22:19:00,cappuccino,situation,6,1,0
9459,47761,2025-06-09 21:13:00,tea,situation,27,0,0
9460,47766,2025-12-25 14:48:00,latte,suggest,4,1,0
9461,47766,2025-12-25 14:48:00,tea,suggest,27,1,1
9462,47767,2025-12-15 15:01:00,smoothie,situation,32,1,0
9463,47768,2025-04-11 12:59:00,smoothie,situation,32,1,0
9464,47791,2025-09-16 15:48:00,americano,situation,2,1,1
9465,47804,2025-08-22 16:39:00,latte,suggest,11,1,0
9466,47804,2025-08-22 16:39:00,tea,situation,29,0,0
9467,47811,2025-12-22 16:08:00,juice,suggest,22,1,0
9468,47817,2025-07-25 16:44:00,americano,situation,2,0,0
9469,47817,2025-07-25 16:44:00,tea,suggest,31,0,0
9470,47827,2025-05-22 14:03:00,frappe,situation,25,0,0
9471,47843,2025-07-05 09:41:00,latte,suggest,5,1,1
9472,47844,2025-11-24 20:50:00,tea,situation,16,0,0
9473,47844,2025-11-24 20:50:00,frappe,suggest,26,0,0
9474,47852,2025-02-06 08:47:00,tea,situation,30,1,1
9475,47857,2025-05-26 11:30:00,espresso,situation,1,1,0
9476,47857,2025-05-26 11:30:00,latte,situation,10,1,1
9477,47860,2025-01-03 16:45:00,juice,situation,22,0,0
9478,47860,2025-01-03 16:45:00,smoothie,suggest,21,0,0
9479,47870,2025-08-28 17:34:00,latte,situation,5,0,0
9480,47871,2025-12-06 09:27:00,tea,suggest,17,0,0
9481,47871,2025-12-06 09:27:00,coldbrew,situation,7,1,1
9482,47886,2025-03-28 20:55:00,tea,situation,28,1,1
9483,47889,2025-12-18 16:40:00,tea,situation,16,1,0
9484,47892,2025-06-13 13:58:00,latte,suggest,4,0,0
9485,47892,2025-06-13 13:58:00,latte,situation,4,1,1
9486,47900,2025-02-08 07:15:00,tea,situation,27,0,0
9487,47903,2025-03-04 09:49:00,ade,situation,19,1,0
9488,47903,2025-03-04 09:49:00,tea,suggest,28,1,0
9489,47912,2025-01-23 12:05:00,frappe,situation,12,0,0
9490,47913,2025-08-16 09:19:00,drip,suggest,9,0,0
9491,47913,2025-08-16 09:19:00,tea,situation,28,0,0
9492,47922,2025-09-26 09:54:00,latte,suggest,5,0,0
9493,47936,2025-06-21 14:54:00,frappe,situation,13,0,0
9494,47936,2025-06-21 14:54:00,tea,situation,31,1,1
9495,47938,2025-11-15 15:10:00,tea,situation,16,0,0
9496,47946,2025-04-23 14:08:00,americano,suggest,3,1,1
9497,47946,2025-04-23 14:08:00,americano,situation,2,0,0
9498,47957,2025-04-11 14:15:00,frappe,situation,12,0,0
9499,47966,2025-10-05 16:42:00,tea,suggest,28,1,0
9500,47974,2025-07-06 14:55:00,juice,suggest,22,1,1
9501,47976,2025-11-04 09:26:00,coldbrew,situation,8,0,0
9502,47976,2025-11-04 09:26:00,cappuccino,situation,6,1,1
9503,47977,2025-08-28 09:07:00,americano,suggest,3,0,0
9504,47977,2025-08-28 09:07:00,americano,situation,2,0,0
9505,47978,2025-09-25 09:04:00,coldbrew,situation,8,1,1
9506,47979,2025-06-09 15:54:00,ade,suggest,18,0,0
9507,47979,2025-06-09 15:54:00,coldbrew,suggest,7,0,0
9508,47989,2025-07-14 09:54:00,americano,situation,2,1,1
9509,47998,2025-08-10 15:51:00,frappe,situation,25,0,0
9510,47999,2025-08-26 12:30:00,latte,suggest,5,1,1
9511,48000,2025-12-08 13:12:00,latte,suggest,23,0,0
9512,48000,2025-12-08 13:12:00,latte,situation,23,1,1
9513,48004,2025-04-27 22:34:00,tea,situation,15,0,0
9514,48004,2025-04-27 22:34:00,tea,suggest,28,1,1
9515,48010,2025-08-10 18:09:00,latte,situation,11,1,1
9516,48016,2025-07-24 18:31:00,latte,suggest,4,0,0
9517,48020,2025-09-24 12:53:00,coldbrew,situation,8,1,0
9518,48024,2025-07-17 08:14:00,coldbrew,situation,7,1,1
9519,48024,2025-07-17 08:14:00,latte,situation,23,0,0
9520,48029,2025-10-17 11:12:00,americano,suggest,2,0,0
9521,48030,2025-12-19 09:54:00,cappuccino,suggest,6,1,1
9522,48030,2025-12-19 09:54:00,frappe,situation,25,0,0
9523,48031,2025-04-15 18:55:00,tea,situation,29,0,0
9524,48031,2025-04-15 18:55:00,latte,suggest,11,0,0
9525,48033,2025-12-16 09:05:00,latte,situation,5,0,0
9526,48033,2025-12-16 09:05:00,ade,situation,19,1,1
9527,48041,2025-12-31 16:05:00,tea,situation,16,1,1
9528,48041,2025-12-31 16:05:00,smoothie,situation,21,0,0
9529,48045,2025-10-30 16:25:00,frappe,situation,12,1,1
9530,48051,2025-02-17 09:04:00,tea,situation,16,0,0
9531,48054,2025-06-16 14:31:00,latte,situation,23,0,0
9532,48056,2025-12-24 16:58:00,tea,suggest,27,1,1
9533,48059,2025-09-10 14:59:00,tea,situation,17,0,0
9534,48069,2025-07-21 12:41:00,ade,situation,18,1,1
9535,48076,2025-09-07 19:52:00,latte,suggest,5,1,0
9536,48088,2025-08-05 12:19:00,frappe,situation,26,1,1
9537,48091,2025-10-03 11:39:00,ade,suggest,18,1,1
9538,48099,2025-12-20 15:26:00,juice,situation,22,1,1
9539,48102,2025-03-22 09:30:00,americano,suggest,3,0,0
9540,48102,2025-03-22 09:30:00,smoothie,situation,21,1,0
9541,48105,2025-09-13 09:39:00,coldbrew,situation,8,0,0
9542,48115,2025-03-14 07:41:00,tea,situation,27,0,0
9543,48118,2025-11-02 14:37:00,ade,situation,24,0,0
9544,48121,2025-02-22 09:12:00,juice,suggest,22,0,0
9545,48121,2025-02-22 09:12:00,tea,situation,16,1,1
9546,48131,2025-07-16 09:26:00,coldbrew,suggest,8,1,1
9547,48131,2025-07-16 09:26:00,tea,situation,30,1,0
9548,48134,2025-09-14 11:35:00,ade,situation,18,0,0
9549,48146,2025-03-13 17:28:00,ade,suggest,19,1,1
9550,48154,2025-04-22 15:24:00,drip,suggest,9,1,1
9551,48159,2025-04-12 18:49:00,ade,suggest,24,1,0
9552,48162,2025-06-02 18:24:00,tea,suggest,27,1,1
9553,48175,2025-04-13 09:21:00,drip,situation,9,0,0
9554,48178,2025-01-25 09:54:00,tea,situation,15,0,0
9555,48178,2025-01-25 09:54:00,tea,situation,31,1,1
9556,48193,2025-10-07 13:41:00,frappe,suggest,25,1,0
9557,48193,2025-10-07 13:41:00,americano,situation,2,0,0
9558,48194,2025-10-07 14:27:00,tea,situation,15,1,0
9559,48195,2025-02-22 19:43:00,coldbrew,suggest,8,0,0
9560,48216,2025-09-08 22:40:00,ade,situation,19,0,0
9561,48228,2025-08-19 17:32:00,americano,situation,3,1,1
9562,48235,2025-07-23 15:37:00,tea,suggest,16,0,0
9563,48236,2025-11-26 16:38:00,juice,suggest,22,0,0
9564,48241,2025-12-02 22:56:00,coldbrew,situation,8,1,1
9565,48246,2025-08-17 13:57:00,americano,situation,3,0,0
9566,48246,2025-08-17 13:57:00,cappuccino,suggest,6,0,0
9567,48274,2025-08-03 22:19:00,drip,situation,9,0,0
9568,48280,2025-08-19 18:33:00,juice,situation,22,1,1
9569,48282,2025-08-28 19:39:00,smoothie,situation,20,1,1
9570,48287,2025-01-16 13:30:00,frappe,situation,26,0,0
9571,48291,2025-11-13 08:38:00,frappe,situation,26,0,0
9572,48291,2025-11-13 08:38:00,frappe,situation,13,1,0
9573,48305,2025-04-15 07:36:00,coldbrew,situation,7,1,0
9574,48305,2025-04-15 07:36:00,americano,situation,3,1,1
9575,48310,2025-06-27 19:27:00,tea,situation,28,1,1
9576,48318,2025-03-20 13:40:00,americano,situation,3,0,0
9577,48328,2025-07-21 09:46:00,americano,suggest,2,0,0
9578,48328,2025-07-21 09:46:00,smoothie,suggest,32,1,0
9579,48352,2025-12-13 21:53:00,tea,suggest,28,0,0
9580,48352,2025-12-13 21:53:00,juice,situation,22,0,0
9581,48358,2025-02-26 16:14:00,tea,situation,30,0,0
9582,48375,2025-09-15 15:19:00,cappuccino,situation,6,1,1
9583,48379,2025-03-11 08:48:00,coldbrew,suggest,8,0,0
9584,48379,2025-03-11 08:48:00,tea,situation,15,1,1
9585,48382,2025-06-14 16:47:00,smoothie,situation,21,0,0
9586,48387,2025-05-18 08:56:00,latte,situation,23,0,0
9587,48387,2025-05-18 08:56:00,ade,situation,24,1,0
9588,48392,2025-06-24 09:38:00,smoothie,situation,32,0,0
9589,48392,2025-06-24 09:38:00,smoothie,suggest,32,0,0
9590,48393,2025-01-19 14:42:00,frappe,situation,26,1,0
9591,48403,2025-10-13 08:19:00,coldbrew,situation,8,1,0
9592,48409,2025-09-13 14:50:00,latte,suggest,11,1,1
9593,48410,2025-06-22 16:37:00,cappuccino,situation,6,0,0
9594,48410,2025-06-22 16:37:00,frappe,situation,13,0,0
9595,48412,2025-06-23 19:35:00,drip,suggest,9,1,1
9596,48414,2025-04-30 17:26:00,ade,suggest,18,1,0
9597,48418,2025-07-20 08:23:00,ade,situation,24,1,0
9598,48421,2025-02-07 11:00:00,smoothie,situation,21,1,1
9599,48427,2025-07-01 11:29:00,latte,suggest,4,1,1
9600,48430,2025-11-01 09:11:00,tea,situation,30,0,0
9601,48431,2025-04-19 12:09:00,latte,situation,11,0,0
9602,48431,2025-04-19 12:09:00,frappe,situation,13,1,0
9603,48432,2025-09-06 15:34:00,americano,situation,2,1,0
9604,48442,2025-05-30 09:21:00,coldbrew,suggest,8,0,0
9605,48459,2025-02-24 15:12:00,ade,situation,24,1,1
9606,48464,2025-09-27 16:53:00,juice,situation,22,0,0
9607,48468,2025-11-01 21:50:00,coldbrew,situation,7,1,0
9608,48469,2025-05-13 17:56:00,espresso,situation,1,1,0
9609,48478,2025-10-03 08:24:00,latte,suggest,4,0,0
9610,48478,2025-10-03 08:24:00,latte,situation,5,0,0
9611,48489,2025-11-05 20:59:00,tea,suggest,27,1,0
9612,48497,2025-04-18 13:32:00,latte,situation,5,0,0
9613,48497,2025-04-18 13:32:00,tea,suggest,31,1,1
9614,48517,2025-09-11 21:03:00,juice,situation,22,1,0
9615,48520,2025-07-14 16:05:00,latte,situation,10,1,0
9616,48521,2025-08-10 18:26:00,tea,situation,31,1,0
9617,48521,2025-08-10 18:26:00,latte,situation,11,0,0
9618,48533,2025-12-07 07:22:00,ade,situation,19,1,1
9619,48533,2025-12-07 07:22:00,latte,situation,10,1,1
9620,48540,2025-04-04 17:45:00,tea,situation,29,0,0
9621,48540,2025-04-04 17:45:00,smoothie,situation,20,0,0
9622,48549,2025-11-17 09:57:00,ade,suggest,24,0,0
9623,48565,2025-12-18 18:59:00,frappe,situation,12,0,0
9624,48577,2025-03-10 17:38:00,americano,suggest,3,0,0
9625,48577,2025-03-10 17:38:00,coldbrew,situation,7,1,1
9626,48583,2025-10-12 07:19:00,americano,situation,3,1,0
9627,48592,2025-04-27 12:44:00,americano,situation,2,0,0
9628,48592,2025-04-27 12:44:00,latte,situation,23,1,1
9629,48595,2025-10-31 19:50:00,frappe,situation,25,1,1
9630,48602,2025-04-15 11:52:00,tea,situation,15,0,0
9631,48602,2025-04-15 11:52:00,latte,situation,11,0,0
9632,48603,2025-05-21 15:22:00,latte,situation,23,1,0
9633,48607,2025-10-24 12:11:00,tea,suggest,15,1,1
9634,48607,2025-10-24 12:11:00,tea,situation,16,0,0
9635,48615,2025-07-02 17:01:00,tea,situation,17,0,0
9636,48642,2025-07-13 15:06:00,espresso,situation,1,1,1
9637,48642,2025-07-13 15:06:00,smoothie,situation,32,1,1
9638,48643,2025-02-28 17:33:00,non-coffee,suggest,14,1,0
9639,48649,2025-04-27 12:53:00,smoothie,situation,21,0,0
9640,48653,2025-05-13 07:57:00,smoothie,suggest,20,0,0
9641,48663,2025-09-18 08:32:00,tea,situation,30,0,0
9642,48677,2025-07-26 17:29:00,frappe,suggest,13,1,1
9643,48677,2025-07-26 17:29:00,frappe,situation,13,0,0
9644,48681,2025-10-14 17:28:00,drip,suggest,9,1,0
9645,48681,2025-10-14 17:28:00,frappe,situation,26,0,0
9646,48687,2025-03-05 08:10:00,coldbrew,suggest,7,1,1
9647,48687,2025-03-05 08:10:00,cappuccino,suggest,6,1,1
9648,48696,2025-06-30 07:55:00,frappe,suggest,25,1,0
9649,48704,2025-06-17 20:05:00,ade,suggest,19,0,0
9650,48712,2025-02-06 09:59:00,latte,situation,4,0,0
9651,48720,2025-04-20 12:54:00,cappuccino,situation,6,0,0
9652,48733,2025-06-03 14:33:00,ade,situation,18,0,0
9653,48741,2025-01-05 15:20:00,tea,situation,16,1,0
9654,48744,2025-10-02 15:46:00,tea,suggest,28,0,0
9655,48745,2025-07-19 11:31:00,tea,situation,17,0,0
9656,48745,2025-07-19 11:31:00,non-coffee,suggest,14,1,1
9657,48750,2025-01-26 22:54:00,latte,suggest,23,1,1
9658,48750,2025-01-26 22:54:00,tea,situation,16,1,0
9659,48757,2025-08-07 15:56:00,smoothie,situation,32,0,0
9660,48763,2025-10-27 12:16:00,tea,situation,31,0,0
9661,48765,2025-10-16 09:41:00,tea,situation,29,1,1
9662,48767,2025-04-24 16:00:00,latte,situation,11,1,0
9663,48773,2025-03-24 15:06:00,latte,situation,23,1,0
9664,48778,2025-04-26 12:28:00,frappe,situation,26,0,0
9665,48785,2025-12-11 13:04:00,coldbrew,situation,7,0,0
9666,48790,2025-06-27 12:08:00,frappe,situation,26,1,1
9667,48800,2025-06-13 14:05:00,frappe,suggest,26,1,0
9668,48800,2025-06-13 14:05:00,latte,suggest,4,1,1
9669,48803,2025-10-08 17:40:00,tea,situation,16,1,1
9670,48803,2025-10-08 17:40:00,frappe,suggest,25,1,1
9671,48807,2025-05-26 20:56:00,tea,suggest,17,0,0
9672,48807,2025-05-26 20:56:00,juice,situation,22,0,0
9673,48811,2025-06-29 09:09:00,tea,situation,17,1,1
9674,48812,2025-02-02 14:17:00,latte,suggest,4,1,1
9675,48812,2025-02-02 14:17:00,smoothie,situation,21,1,1
9676,48818,2025-12-23 07:48:00,americano,situation,2,0,0
9677,48818,2025-12-23 07:48:00,frappe,situation,26,1,1
9678,48821,2025-11-23 16:55:00,cappuccino,suggest,6,1,1
9679,48822,2025-06-18 12:47:00,ade,situation,19,0,0
9680,48830,2025-04-30 17:47:00,ade,situation,24,1,1
9681,48833,2025-01-21 16:36:00,tea,situation,17,0,0
9682,48835,2025-03-13 14:13:00,frappe,suggest,13,1,0
9683,48835,2025-03-13 14:13:00,frappe,situation,13,1,1
9684,48856,2025-11-17 12:12:00,tea,situation,27,1,1
9685,48856,2025-11-17 12:12:00,americano,suggest,2,0,0
9686,48876,2025-04-16 14:53:00,ade,situation,19,1,0
9687,48883,2025-11-09 18:37:00,tea,situation,15,1,1
9688,48883,2025-11-09 18:37:00,tea,situation,31,1,1
9689,48884,2025-03-05 19:50:00,coldbrew,situation,8,0,0
9690,48884,2025-03-05 19:50:00,latte,situation,23,1,0
9691,48889,2025-10-17 12:29:00,espresso,situation,1,0,0
9692,48894,2025-04-28 15:58:00,tea,situation,17,0,0
9693,48894,2025-04-28 15:58:00,coldbrew,situation,8,1,0
9694,48906,2025-11-02 12:59:00,tea,situation,28,0,0
9695,48908,2025-07-01 12:31:00,ade,suggest,19,0,0
9696,48908,2025-07-01 12:31:00,smoothie,suggest,21,1,0
9697,48910,2025-10-03 11:38:00,coldbrew,situation,8,0,0
9698,48910,2025-10-03 11:38:00,non-coffee,situation,14,1,1
9699,48911,2025-10-07 15:51:00,tea,situation,16,1,1
9700,48911,2025-10-07 15:51:00,ade,situation,19,1,1
9701,48923,2025-11-08 11:24:00,juice,situation,22,1,1
9702,48923,2025-11-08 11:24:00,latte,situation,10,0,0
9703,48935,2025-07-04 20:03:00,latte,situation,23,1,1
9704,48935,2025-07-04 20:03:00,latte,situation,23,0,0
9705,48939,2025-02-10 09:29:00,latte,situation,23,1,1
9706,48953,2025-11-15 12:15:00,smoothie,situation,20,1,0
9707,48957,2025-08-03 14:53:00,tea,suggest,27,1,1
9708,48957,2025-08-03 14:53:00,latte,situation,11,1,0
9709,48962,2025-07-16 15:16:00,coldbrew,suggest,8,0,0
9710,48979,2025-10-19 20:07:00,frappe,suggest,25,1,1
9711,48981,2025-07-18 19:15:00,americano,situation,2,1,1
9712,48984,2025-02-03 12:01:00,latte,situation,23,0,0
9713,48985,2025-11-18 21:27:00,latte,situation,11,0,0
9714,48994,2025-09-24 14:32:00,latte,suggest,10,0,0
9715,48995,2025-11-26 16:28:00,frappe,situation,13,1,1
9716,48995,2025-11-26 16:28:00,frappe,suggest,13,0,0
9717,48998,2025-08-06 20:01:00,tea,suggest,15,0,0
9718,49007,2025-06-06 08:12:00,tea,situation,30,1,1
9719,49007,2025-06-06 08:12:00,tea,situation,29,0,0
9720,49022,2025-11-15 16:15:00,frappe,situation,25,0,0
9721,49032,2025-06-18 18:48:00,drip,suggest,9,1,1
9722,49032,2025-06-18 18:48:00,latte,situation,10,0,0
9723,49042,2025-07-28 12:09:00,tea,situation,27,1,1
9724,49048,2025-12-27 11:49:00,frappe,situation,25,0,0
9725,49048,2025-12-27 11:49:00,juice,suggest,22,1,1
9726,49050,2025-12-28 11:54:00,coldbrew,suggest,8,1,1
9727,49050,2025-12-28 11:54:00,latte,situation,5,1,0
9728,49057,2025-01-28 15:58:00,juice,suggest,22,0,0
9729,49057,2025-01-28 15:58:00,juice,suggest,22,0,0
9730,49058,2025-12-22 17:07:00,drip,suggest,9,1,1
9731,49061,2025-08-14 09:36:00,tea,suggest,27,1,1
9732,49061,2025-08-14 09:36:00,ade,situation,18,0,0
9733,49070,2025-06-15 16:10:00,tea,situation,15,0,0
9734,49081,2025-04-04 18:02:00,coldbrew,situation,8,1,0
9735,49081,2025-04-04 18:02:00,americano,situation,2,0,0
9736,49088,2025-08-14 12:53:00,tea,situation,16,1,1
9737,49092,2025-06-24 16:56:00,cappuccino,situation,6,0,0
9738,49092,2025-06-24 16:56:00,ade,situation,24,1,1
9739,49097,2025-03-28 19:48:00,tea,suggest,17,0,0
9740,49097,2025-03-28 19:48:00,espresso,situation,1,0,0
9741,49101,2025-07-24 19:01:00,smoothie,situation,32,1,1
9742,49110,2025-02-18 15:02:00,frappe,situation,26,1,0
9743,49110,2025-02-18 15:02:00,cappuccino,suggest,6,1,1
9744,49127,2025-03-10 13:41:00,smoothie,suggest,20,1,1
9745,49128,2025-05-01 09:17:00,cappuccino,situation,6,1,1
9746,49173,2025-10-16 19:54:00,frappe,situation,13,0,0
9747,49177,2025-06-01 19:41:00,coldbrew,situation,7,1,1
9748,49177,2025-06-01 19:41:00,latte,situation,5,0,0
9749,49182,2025-12-21 16:33:00,coldbrew,suggest,7,1,1
9750,49184,2025-08-26 16:58:00,tea,suggest,29,1,1
9751,49200,2025-10-14 19:07:00,frappe,suggest,12,1,0
9752,49200,2025-10-14 19:07:00,americano,situation,2,0,0
9753,49203,2025-06-28 08:28:00,espresso,situation,1,1,0
9754,49203,2025-06-28 08:28:00,coldbrew,situation,8,1,1
9755,49220,2025-05-04 09:25:00,latte,situation,11,0,0
9756,49230,2025-08-19 08:47:00,latte,situation,23,1,0
9757,49230,2025-08-19 08:47:00,coldbrew,suggest,7,1,0
9758,49233,2025-08-13 15:11:00,drip,situation,9,0,0
9759,49235,2025-06-06 17:55:00,frappe,situation,13,1,1
9760,49235,2025-06-06 17:55:00,smoothie,situation,20,1,1
9761,49242,2025-02-26 19:01:00,cappuccino,situation,6,0,0
9762,49259,2025-01-10 13:35:00,ade,situation,19,0,0
9763,49262,2025-04-27 20:44:00,latte,situation,10,0,0
9764,49281,2025-11-05 12:08:00,tea,situation,28,1,0
9765,49282,2025-07-20 15:24:00,smoothie,situation,20,0,0
9766,49287,2025-08-30 08:47:00,ade,situation,18,1,0
9767,49289,2025-10-01 12:21:00,smoothie,suggest,20,1,1
9768,49304,2025-01-18 12:38:00,ade,situation,24,0,0
9769,49306,2025-05-27 14:48:00,smoothie,situation,21,1,0
9770,49316,2025-03-03 11:23:00,latte,suggest,23,0,0
9771,49319,2025-04-23 15:51:00,tea,situation,30,1,0
9772,49319,2025-04-23 15:51:00,smoothie,situation,32,1,1
9773,49326,2025-07-22 08:07:00,espresso,situation,1,0,0
9774,49332,2025-02-09 13:26:00,tea,situation,28,1,1
9775,49332,2025-02-09 13:26:00,tea,situation,30,0,0
9776,49334,2025-07-10 19:58:00,smoothie,suggest,32,1,0
9777,49337,2025-08-23 18:46:00,tea,situation,31,1,1
9778,49337,2025-08-23 18:46:00,coldbrew,situation,7,0,0
9779,49338,2025-07-18 07:17:00,drip,situation,9,1,1
9780,49340,2025-07-01 15:54:00,coldbrew,suggest,7,0,0
9781,49342,2025-10-29 14:23:00,latte,situation,4,0,0
9782,49345,2025-02-02 09:57:00,coldbrew,suggest,8,1,1
9783,49348,2025-08-11 09:25:00,drip,situation,9,1,0
9784,49349,2025-02-16 11:57:00,smoothie,suggest,21,0,0
9785,49353,2025-05-03 11:09:00,latte,suggest,5,1,1
9786,49355,2025-05-08 15:59:00,latte,situation,11,1,1
9787,49359,2025-05-03 19:32:00,tea,situation,28,1,0
9788,49369,2025-11-11 17:31:00,cappuccino,situation,6,1,0
9789,49371,2025-01-05 19:50:00,tea,suggest,16,0,0
9790,49374,2025-01-07 21:03:00,latte,suggest,11,0,0
9791,49385,2025-07-07 09:27:00,coldbrew,situation,7,1,1
9792,49388,2025-04-08 16:50:00,smoothie,situation,20,0,0
9793,49392,2025-07-24 08:50:00,tea,situation,17,1,0
9794,49393,2025-02-11 14:44:00,juice,situation,22,0,0
9795,49398,2025-06-09 14:36:00,smoothie,situation,32,0,0
9796,49408,2025-02-12 15:50:00,juice,situation,22,0,0
9797,49410,2025-07-23 14:39:00,frappe,situation,12,1,0
9798,49410,2025-07-23 14:39:00,latte,situation,11,0,0
9799,49414,2025-03-05 18:05:00,latte,situation,5,0,0
9800,49416,2025-12-07 14:36:00,tea,situation,27,0,0
9801,49430,2025-02-14 19:42:00,latte,situation,10,1,1
9802,49432,2025-01-15 07:15:00,latte,situation,23,1,0
9803,49436,2025-06-15 14:58:00,tea,situation,17,1,1
9804,49438,2025-03-19 15:55:00,tea,situation,27,0,0
9805,49440,2025-09-29 15:19:00,latte,suggest,23,0,0
9806,49449,2025-12-27 09:51:00,americano,situation,3,0,0
9807,49461,2025-12-27 14:22:00,ade,suggest,24,1,1
9808,49467,2025-08-12 12:01:00,latte,suggest,10,1,1
9809,49479,2025-06-24 12:38:00,smoothie,situation,21,1,1
9810,49480,2025-05-14 15:58:00,latte,situation,4,1,0
9811,49480,2025-05-14 15:58:00,drip,situation,9,1,0
9812,49491,2025-04-16 16:14:00,smoothie,situation,21,0,0
9813,49498,2025-06-21 18:36:00,frappe,situation,26,1,1
9814,49499,2025-05-28 12:25:00,frappe,situation,25,1,1
9815,49502,2025-06-19 12:33:00,latte,suggest,4,1,1
9816,49507,2025-01-24 17:26:00,smoothie,situation,20,1,0
9817,49509,2025-05-03 12:22:00,latte,situation,5,0,0
9818,49509,2025-05-03 12:22:00,americano,situation,3,1,1
9819,49523,2025-05-17 15:40:00,latte,suggest,5,0,0
9820,49523,2025-05-17 15:40:00,ade,situation,18,1,1
9821,49527,2025-01-31 09:42:00,tea,suggest,30,1,1
9822,49528,2025-06-24 09:33:00,latte,situation,10,0,0
9823,49528,2025-06-24 09:33:00,drip,situation,9,0,0
9824,49529,2025-04-17 15:26:00,latte,situation,23,0,0
9825,49532,2025-10-07 11:14:00,smoothie,situation,32,0,0
9826,49535,2025-05-07 19:27:00,tea,situation,17,1,0
9827,49548,2025-07-11 09:10:00,tea,situation,15,0,0
9828,49553,2025-01-03 16:41:00,coldbrew,situation,7,1,0
9829,49553,2025-01-03 16:41:00,tea,suggest,27,0,0
9830,49556,2025-01-15 08:08:00,espresso,situation,1,1,1
9831,49558,2025-11-01 14:35:00,drip,situation,9,1,1
9832,49588,2025-02-03 07:19:00,coldbrew,suggest,7,0,0
9833,49589,2025-12-21 12:12:00,tea,suggest,17,0,0
9834,49589,2025-12-21 12:12:00,latte,suggest,10,0,0
9835,49590,2025-06-29 08:27:00,ade,suggest,19,1,1
9836,49590,2025-06-29 08:27:00,frappe,situation,25,1,0
9837,49592,2025-04-17 17:09:00,latte,situation,23,0,0
9838,49593,2025-05-05 18:59:00,tea,situation,27,0,0
9839,49602,2025-01-28 08:25:00,drip,situation,9,1,1
9840,49629,2025-11-18 07:16:00,tea,situation,27,0,0
9841,49629,2025-11-18 07:16:00,latte,situation,11,1,1
9842,49634,2025-09-23 13:55:00,non-coffee,situation,14,1,0
9843,49637,2025-12-31 18:31:00,frappe,situation,25,1,0
9844,49640,2025-04-18 17:22:00,tea,situation,17,1,0
9845,49650,2025-10-13 16:35:00,americano,situation,3,0,0
9846,49652,2025-01-09 15:28:00,espresso,suggest,1,1,0
9847,49670,2025-09-23 19:33:00,latte,suggest,11,0,0
9848,49670,2025-09-23 19:33:00,tea,situation,16,0,0
9849,49676,2025-06-20 08:28:00,tea,situation,27,1,0
9850,49682,2025-12-01 15:47:00,tea,situation,31,1,0
9851,49682,2025-12-01 15:47:00,frappe,suggest,26,0,0
9852,49699,2025-05-22 16:48:00,coldbrew,situation,8,1,1
9853,49702,2025-12-08 17:26:00,tea,situation,27,1,1
9854,49702,2025-12-08 17:26:00,cappuccino,situation,6,0,0
9855,49709,2025-01-06 08:30:00,drip,situation,9,0,0
9856,49724,2025-12-09 09:24:00,tea,situation,15,0,0
9857,49724,2025-12-09 09:24:00,cappuccino,situation,6,0,0
9858,49729,2025-10-16 16:04:00,frappe,suggest,13,1,1
9859,49729,2025-10-16 16:04:00,latte,situation,5,0,0
9860,49733,2025-08-01 08:26:00,tea,situation,15,1,0
9861,49733,2025-08-01 08:26:00,smoothie,situation,20,0,0
9862,49734,2025-09-29 07:47:00,americano,situation,3,1,1
9863,49736,2025-07-24 19:42:00,frappe,situation,25,0,0
9864,49738,2025-06-22 14:24:00,coldbrew,situation,7,0,0
9865,49740,2025-01-28 09:57:00,cappuccino,suggest,6,1,1
9866,49741,2025-07-06 16:40:00,espresso,suggest,1,1,1
9867,49741,2025-07-06 16:40:00,coldbrew,suggest,8,0,0
9868,49743,2025-08-31 17:39:00,frappe,suggest,12,1,0
9869,49744,2025-06-15 15:27:00,latte,situation,10,0,0
9870,49757,2025-03-07 14:47:00,frappe,situation,12,1,0
9871,49762,2025-04-11 08:44:00,cappuccino,suggest,6,0,0
9872,49765,2025-12-18 09:38:00,smoothie,suggest,32,0,0
9873,49765,2025-12-18 09:38:00,coldbrew,situation,7,0,0
9874,49767,2025-08-05 18:36:00,smoothie,suggest,21,1,1
9875,49775,2025-07-17 09:24:00,americano,suggest,2,1,1
9876,49778,2025-01-24 19:25:00,tea,suggest,28,1,0
9877,49778,2025-01-24 19:25:00,tea,situation,15,0,0
9878,49787,2025-08-02 07:44:00,americano,situation,2,1,1
9879,49788,2025-04-03 08:56:00,ade,situation,19,1,1
9880,49788,2025-04-03 08:56:00,latte,suggest,4,1,1
9881,49794,2025-04-23 21:47:00,frappe,suggest,25,0,0
9882,49802,2025-01-16 22:45:00,ade,situation,19,0,0
9883,49811,2025-08-20 20:28:00,latte,situation,4,0,0
9884,49811,2025-08-20 20:28:00,tea,situation,29,0,0
9885,49813,2025-08-09 15:32:00,non-coffee,suggest,14,0,0
9886,49819,2025-03-09 12:38:00,tea,situation,15,0,0
9887,49825,2025-02-20 18:51:00,tea,suggest,31,1,0
9888,49831,2025-06-14 20:52:00,tea,situation,27,0,0
9889,49842,2025-05-21 16:24:00,frappe,situation,26,1,1
9890,49853,2025-12-31 16:50:00,drip,situation,9,0,0
9891,49853,2025-12-31 16:50:00,non-coffee,situation,14,1,0
9892,49854,2025-08-30 13:25:00,latte,situation,4,0,0
9893,49854,2025-08-30 13:25:00,smoothie,situation,32,1,0
9894,49869,2025-02-13 11:21:00,ade,suggest,18,1,0
9895,49869,2025-02-13 11:21:00,latte,suggest,11,0,0
9896,49877,2025-04-19 13:37:00,tea,situation,17,0,0
9897,49882,2025-08-14 09:43:00,coldbrew,situation,7,1,1
9898,49886,2025-06-17 13:19:00,drip,situation,9,1,1
9899,49886,2025-06-17 13:19:00,tea,situation,17,0,0
9900,49887,2025-04-09 09:18:00,non-coffee,situation,14,1,1
9901,49887,2025-04-09 09:18:00,tea,situation,27,1,1
9902,49896,2025-06-11 12:11:00,tea,situation,27,0,0
9903,49902,2025-05-05 16:39:00,frappe,situation,12,0,0
9904,49902,2025-05-05 16:39:00,ade,suggest,19,0,0
9905,49904,2025-12-04 19:03:00,drip,situation,9,0,0
9906,49904,2025-12-04 19:03:00,americano,suggest,2,1,1
9907,49906,2025-05-04 16:08:00,frappe,situation,13,1,1
9908,49933,2025-10-21 07:07:00,cappuccino,suggest,6,0,0
9909,49939,2025-09-07 22:36:00,latte,suggest,11,0,0
9910,49939,2025-09-07 22:36:00,tea,suggest,31,1,1
9911,49942,2025-11-01 16:14:00,smoothie,situation,20,1,1
9912,49942,2025-11-01 16:14:00,cappuccino,suggest,6,1,0
9913,49943,2025-03-22 12:15:00,latte,suggest,5,0,0
9914,49944,2025-12-19 07:53:00,americano,situation,3,1,0
9915,49944,2025-12-19 07:53:00,tea,situation,28,0,0
9916,49949,2025-07-03 15:10:00,americano,situation,3,0,0
9917,49960,2025-12-04 22:12:00,frappe,situation,13,1,1
9918,49967,2025-12-23 18:28:00,tea,situation,16,0,0
9919,49967,2025-12-23 18:28:00,cappuccino,suggest,6,1,1
9920,49969,2025-02-16 12:55:00,tea,suggest,29,0,0
9921,49969,2025-02-16 12:55:00,ade,situation,19,1,1
9922,49971,2025-03-03 12:09:00,frappe,situation,25,0,0
9923,49983,2025-11-01 14:38:00,latte,suggest,23,0,0
9924,49984,2025-01-18 11:07:00,smoothie,situation,20,1,1
