respondent_id,sex,age,age_10,age_5,job_group,job,area,area_group,area_capital,SQ3_에스프레소,SQ3_아메리카노,SQ3_카페라떼,SQ3_카푸치노,SQ3_콜드브루,SQ3_콜드브루라떼,SQ3_드립핸드드립,SQ3_달콤한커피류,SQ3_얼음갈린커피,SQ3_기본티,SQ3_달콤한티,SQ3_과일티에이드,SQ3_얼음갈린티,SQ3_스무디쉐이크,SQ3_주스에이드,SQ4_1순위,SQ4_2순위,SQ4_3순위,visit_스타벅스,스타벅스_Q9_에스프레소베이스,스타벅스_Q9_우유베이스커피,스타벅스_Q9_아이스크림커피,스타벅스_Q9_우유베이스티,스타벅스_Q9_티차류,스타벅스_Q9_스무디프라페,스타벅스_Q9_주스에이드,스타벅스_Q8_평일아침,스타벅스_Q8_평일오전,스타벅스_Q8_평일점심,스타벅스_Q8_평일오후,스타벅스_Q8_평일저녁,스타벅스_Q8_평일밤,스타벅스_Q8_주말아침,스타벅스_Q8_주말오전,스타벅스_Q8_주말점심,스타벅스_Q8_주말오후,스타벅스_Q8_주말저녁,스타벅스_Q8_주말밤,visit_투썸플레이스,투썸플레이스_Q9_에스프레소베이스,투썸플레이스_Q9_우유베이스커피,투썸플레이스_Q9_아이스크림커피,투썸플레이스_Q9_우유베이스티,투썸플레이스_Q9_티차류,투썸플레이스_Q9_스무디프라페,투썸플레이스_Q9_주스에이드,투썸플레이스_Q8_평일아침,투썸플레이스_Q8_평일오전,투썸플레이스_Q8_평일점심,투썸플레이스_Q8_평일오후,투썸플레이스_Q8_평일저녁,투썸플레이스_Q8_평일밤,투썸플레이스_Q8_주말아침,투썸플레이스_Q8_주말오전,투썸플레이스_Q8_주말점심,투썸플레이스_Q8_주말오후,투썸플레이스_Q8_주말저녁,투썸플레이스_Q8_주말밤,visit_이디야,이디야_Q9_에스프레소베이스,이디야_Q9_우유베이스커피,이디야_Q9_아이스크림커피,이디야_Q9_우유베이스티,이디야_Q9_티차류,이디야_Q9_스무디프라페,이디야_Q9_주스에이드,이디야_Q8_평일아침,이디야_Q8_평일오전,이디야_Q8_평일점심,이디야_Q8_평일오후,이디야_Q8_평일저녁,이디야_Q8_평일밤,이디야_Q8_주말아침,이디야_Q8_주말오전,이디야_Q8_주말점심,이디야_Q8_주말오후,이디야_Q8_주말저녁,이디야_Q8_주말밤,visit_메가커피,메가커피_Q9_에스프레소베이스,메가커피_Q9_우유베이스커피,메가커피_Q9_아이스크림커피,메가커피_Q9_우유베이스티,메가커피_Q9_티차류,메가커피_Q9_스무디프라페,메가커피_Q9_주스에이드,메가커피_Q8_평일아침,메가커피_Q8_평일오전,메가커피_Q8_평일점심,메가커피_Q8_평일오후,메가커피_Q8_평일저녁,메가커피_Q8_평일밤,메가커피_Q8_주말아침,메가커피_Q8_주말오전,메가커피_Q8_주말점심,메가커피_Q8_주말오후,메가커피_Q8_주말저녁,메가커피_Q8_주말밤,visit_컴포즈커피,컴포즈커피_Q9_에스프레소베이스,컴포즈커피_Q9_우유베이스커피,컴포즈커피_Q9_아이스크림커피,컴포즈커피_Q9_우유베이스티,컴포즈커피_Q9_티차류,컴포즈커피_Q9_스무디프라페,컴포즈커피_Q9_주스에이드,컴포즈커피_Q8_평일아침,컴포즈커피_Q8_평일오전,컴포즈커피_Q8_평일점심,컴포즈커피_Q8_평일오후,컴포즈커피_Q8_평일저녁,컴포즈커피_Q8_평일밤,컴포즈커피_Q8_주말아침,컴포즈커피_Q8_주말오전,컴포즈커피_Q8_주말점심,컴포즈커피_Q8_주말오후,컴포즈커피_Q8_주말저녁,컴포즈커피_Q8_주말밤,visit_뺵다방,뺵다방_Q9_에스프레소베이스,뺵다방_Q9_우유베이스커피,뺵다방_Q9_아이스크림커피,뺵다방_Q9_우유베이스티,뺵다방_Q9_티차류,뺵다방_Q9_스무디프라페,뺵다방_Q9_주스에이드,뺵다방_Q8_평일아침,뺵다방_Q8_평일오전,뺵다방_Q8_평일점심,뺵다방_Q8_평일오후,뺵다방_Q8_평일저녁,뺵다방_Q8_평일밤,뺵다방_Q8_주말아침,뺵다방_Q8_주말오전,뺵다방_Q8_주말점심,뺵다방_Q8_주말오후,뺵다방_Q8_주말저녁,뺵다방_Q8_주말밤
R0001,남,51,50대,50~54,기타직업,무직,서울,서울,수도권,0,1,0,0,0,0,0,0,0,0,0,0,0,1,1,아메리카노,스무디쉐이크,주스에이드,1,1.0,1.0,0.0,1.0,0.0,1.0,0.0,0.0,0.0,0.0,0.0,0.0,0.0,0.0,0.0,0.0,0.0,0.0,0.0,0,,,,,,,,,,,,,,,,,,,,1,1.0,0.0,0.0,0.0,1.0,0.0,1.0,0.0,0.0,0.0,0.0,0.0,0.0,0.0,0.0,0.0,0.0,0.0,0.0,0,,,,,,,,,,,,,,,,,,,,0,,,,,,,,,,,,,,,,,,,,0,,,,,,,,,,,,,,,,,,,
R0002,여,40,40대,40~44,직장인,사무/기술직,경기,서울외수도권,수도권,0,1,0,0,0,1,0,1,0,1,0,0,0,0,0,아메리카노,달콤한커피류,기본티,0,,,,,,,,,,,,,,,,,,,,0,,,,,,,,,,,,,,,,,,,,1,1.0,1.0,0.0,0.0,0.0,0.0,0.0,0.0,0.0,1.0,0.0,0.0,0.0,0.0,0.0,0.0,0.0,0.0,0.0,0,,,,,,,,,,,,,,,,,,,,0,,,,,,,,,,,,,,,,,,,,0,,,,,,,,,,,,,,,,,,,
R0003,남,44,40대,40~44,직장인,경영/관리직,서울,서울,수도권,0,1,0,0,0,0,1,1,0,0,0,0,0,0,0,아메리카노,달콤한커피류,드립핸드드립,1,1.0,1.0,1.0,0.0,1.0,0.0,0.0,0.0,0.0,1.0,0.0,1.0,0.0,0.0,0.0,0.0,0.0,0.0,0.0,0,,,,,,,,,,,,,,,,,,,,0,,,,,,,,,,,,,,,,,,,,0,,,,,,,,,,,,,,,,,,,,1,1.0,1.0,0.0,0.0,0.0,0.0,0.0,0.0,1.0,0.0,0.0,1.0,0.0,0.0,0.0,0.0,0.0,1.0,0.0,0,,,,,,,,,,,,,,,,,,,
R0004,남,52,50대,50~54,대학(원)생,대학생,인천,서울외수도권,수도권,0,1,1,0,0,0,1,0,0,0,0,0,0,0,0,카페라떼,드립핸드드립,아메리카노,1,1.0,1.0,0.0,0.0,1.0,0.0,0.0,0.0,0.0,0.0,0.0,0.0,0.0,0.0,0.0,0.0,0.0,0.0,0.0,1,1.0,1.0,1.0,1.0,0.0,0.0,0.0,0.0,0.0,0.0,0.0,0.0,0.0,0.0,0.0,0.0,0.0,1.0,0.0,0,,,,,,,,,,,,,,,,,,,,1,1.0,0.0,0.0,1.0,0.0,0.0,0.0,0.0,0.0,1.0,0.0,0.0,0.0,0.0,0.0,0.0,0.0,0.0,0.0,1,1.0,0.0,0.0,0.0,0.0,0.0,0.0,0.0,0.0,1.0,0.0,0.0,0.0,0.0,0.0,0.0,0.0,0.0,0.0,0,,,,,,,,,,,,,,,,,,,
R0005,여,43,40대,40~44,직장인,자유/전문직,부산,5대광역시,비수도권,0,0,0,0,0,0,0,0,1,1,1,0,0,1,0,스무디쉐이크,달콤한티,기본티,0,,,,,,,,,,,,,,,,,,,,1,1.0,0.0,0.0,0.0,0.0,1.0,0.0,1.0,0.0,0.0,0.0,1.0,0.0,0.0,0.0,0.0,0.0,0.0,0.0,1,1.0,1.0,1.0,0.0,1.0,0.0,1.0,0.0,0.0,0.0,0.0,0.0,0.0,0.0,0.0,0.0,0.0,0.0,0.0,1,1.0,0.0,1.0,0.0,0.0,0.0,1.0,0.0,0.0,0.0,1.0,0.0,0.0,0.0,0.0,0.0,0.0,0.0,0.0,0,,,,,,,,,,,,,,,,,,,,1,1.0,1.0,0.0,0.0,0.0,0.0,0.0,0.0,0.0,0.0,1.0,0.0,0.0,0.0,0.0,0.0,0.0,0.0,0.0
R0006,여,31,30대,30~34,기타직업,기타,강원,기타지역,비수도권,0,1,0,0,0,0,0,1,0,1,1,0,0,0,0,달콤한티,아메리카노,기본티,0,,,,,,,,,,,,,,,,,,,,1,1.0,1.0,0.0,1.0,1.0,0.0,0.0,0.0,0.0,0.0,0.0,0.0,0.0,0.0,0.0,0.0,1.0,1.0,0.0,1,1.0,0.0,0.0,0.0,0.0,0.0,0.0,0.0,0.0,1.0,1.0,0.0,0.0,0.0,0.0,0.0,0.0,1.0,0.0,0,,,,,,,,,,,,,,,,,,,,0,,,,,,,,,,,,,,,,,,,,0,,,,,,,,,,,,,,,,,,,
R0007,여,26,20대,25~29,직장인,사무/기술직,서울,서울,수도권,0,1,0,0,0,0,0,0,0,0,0,0,1,1,1,아메리카노,스무디쉐이크,주스에이드,1,1.0,1.0,1.0,0.0,0.0,1.0,0.0,0.0,0.0,0.0,0.0,0.0,0.0,0.0,0.0,0.0,1.0,0.0,0.0,0,,,,,,,,,,,,,,,,,,,,1,1.0,1.0,0.0,1.0,0.0,0.0,0.0,0.0,0.0,0.0,0.0,0.0,0.0,0.0,0.0,1.0,1.0,0.0,0.0,0,,,,,,,,,,,,,,,,,,,,0,,,,,,,,,,,,,,,,,,,,1,1.0,0.0,0.0,0.0,0.0,1.0,0.0,0.0,0.0,0.0,0.0,0.0,0.0,0.0,0.0,0.0,0.0,0.0,0.0
R0008,여,38,30대,35~39,전업주부,전업주부,강원,기타지역,비수도권,0,1,0,0,0,0,0,0,1,0,0,1,0,0,0,과일티에이드,아메리카노,얼음갈린커피,0,,,,,,,,,,,,,,,,,,,,1,1.0,1.0,1.0,1.0,0.0,0.0,0.0,0.0,0.0,0.0,0.0,0.0,0.0,0.0,0.0,0.0,0.0,0.0,0.0,1,1.0,0.0,0.0,1.0,0.0,0.0,1.0,0.0,0.0,0.0,0.0,0.0,0.0,0.0,0.0,0.0,0.0,0.0,0.0,1,1.0,1.0,0.0,1.0,0.0,0.0,1.0,0.0,0.0,0.0,0.0,0.0,0.0,0.0,1.0,0.0,0.0,0.0,0.0,0,,,,,,,,,,,,,,,,,,,,0,,,,,,,,,,,,,,,,,,,
R0009,남,24,20대,20~24,기타직업,무직,경기,서울외수도권,수도권,0,0,0,0,1,0,0,0,0,0,0,1,0,1,0,스무디쉐이크,과일티에이드,콜드브루,0,,,,,,,,,,,,,,,,,,,,0,,,,,,,,,,,,,,,,,,,,0,,,,,,,,,,,,,,,,,,,,1,1.0,0.0,0.0,0.0,0.0,0.0,1.0,0.0,0.0,1.0,0.0,1.0,0.0,0.0,0.0,0.0,0.0,0.0,0.0,0,,,,,,,,,,,,,,,,,,,,0,,,,,,,,,,,,,,,,,,,
R0010,여,58,50대,55~59,직장인,자영업,충남,기타지역,비수도권,0,0,1,1,0,0,1,0,0,0,0,1,0,0,1,카페라떼,주스에이드,과일티에이드,0,,,,,,,,,,,,,,,,,,,,0,,,,,,,,,,,,,,,,,,,,0,,,,,,,,,,,,,,,,,,,,0,,,,,,,,,,,,,,,,,,,,0,,,,,,,,,,,,,,,,,,,,1,1.0,0.0,0.0,0.0,0.0,0.0,0.0,0.0,0.0,0.0,0.0,0.0,0.0,0.0,0.0,0.0,0.0,0.0,0.0
R0011,여,49,40대,45~49,직장인,자영업,제주,기타지역,비수도권,0,1,1,0,1,0,0,0,0,0,1,0,0,1,0,아메리카노,카페라떼,달콤한티,0,,,,,,,,,,,,,,,,,,,,0,,,,,,,,,,,,,,,,,,,,0,,,,,,,,,,,,,,,,,,,,1,1.0,1.0,1.0,0.0,1.0,0.0,0.0,0.0,0.0,0.0,0.0,0.0,0.0,0.0,0.0,0.0,0.0,0.0,0.0,1,1.0,0.0,0.0,1.0,0.0,1.0,0.0,1.0,0.0,0.0,1.0,0.0,0.0,0.0,0.0,0.0,0.0,0.0,0.0,1,1.0,1.0,0.0,0.0,0.0,1.0,0.0,0.0,0.0,0.0,0.0,0.0,0.0,0.0,0.0,0.0,1.0,0.0,0.0
R0012,여,32,30대,30~34,기타직업,무직,서울,서울,수도권,0,1,1,0,0,0,0,0,0,0,0,1,0,0,0,카페라떼,과일티에이드,아메리카노,1,1.0,1.0,0.0,0.0,0.0,0.0,1.0,0.0,0.0,0.0,0.0,0.0,0.0,0.0,0.0,0.0,1.0,0.0,0.0,0,,,,,,,,,,,,,,,,,,,,0,,,,,,,,,,,,,,,,,,,,1,1.0,0.0,0.0,0.0,0.0,0.0,1.0,0.0,0.0,0.0,1.0,1.0,0.0,0.0,1.0,0.0,0.0,0.0,0.0,1,1.0,1.0,0.0,0.0,0.0,0.0,0.0,0.0,0.0,0.0,0.0,0.0,0.0,0.0,0.0,0.0,0.0,0.0,0.0,1,1.0,1.0,0.0,0.0,0.0,0.0,0.0,0.0,0.0,0.0,0.0,0.0,0.0,0.0,0.0,0.0,0.0,0.0,0.0
R0013,남,59,50대,55~59,기타직업,판매/영업 서비스직,서울,서울,수도권,1,1,0,0,0,0,0,0,0,1,0,1,0,0,0,과일티에이드,아메리카노,기본티,0,,,,,,,,,,,,,,,,,,,,0,,,,,,,,,,,,,,,,,,,,0,,,,,,,,,,,,,,,,,,,,1,1.0,1.0,0.0,0.0,0.0,0.0,0.0,0.0,0.0,0.0,0.0,0.0,0.0,0.0,0.0,0.0,0.0,0.0,0.0,0,,,,,,,,,,,,,,,,,,,,1,1.0,1.0,0.0,0.0,0.0,1.0,0.0,0.0,0.0,0.0,0.0,0.0,0.0,0.0,0.0,0.0,0.0,1.0,0.0
R0014,남,55,50대,55~59,전업주부,전업주부,부산,5대광역시,비수도권,0,1,1,0,0,0,0,0,0,0,0,0,0,1,0,아메리카노,카페라떼,스무디쉐이크,0,,,,,,,,,,,,,,,,,,,,0,,,,,,,,,,,,,,,,,,,,1,1.0,1.0,0.0,1.0,0.0,0.0,0.0,0.0,0.0,0.0,0.0,0.0,0.0,0.0,0.0,0.0,0.0,0.0,0.0,1,1.0,0.0,0.0,0.0,0.0,1.0,0.0,0.0,0.0,0.0,0.0,1.0,0.0,0.0,0.0,0.0,0.0,0.0,0.0,1,1.0,1.0,0.0,0.0,0.0,0.0,1.0,0.0,0.0,1.0,0.0,1.0,0.0,0.0,1.0,0.0,1.0,0.0,0.0,1,1.0,1.0,0.0,0.0,0.0,0.0,0.0,0.0,0.0,0.0,0.0,1.0,0.0,0.0,0.0,0.0,0.0,1.0,0.0
R0015,남,54,50대,50~54,직장인,판매/영업 서비스직,경기,서울외수도권,수도권,0,0,0,0,0,0,1,0,0,1,0,0,0,0,0,드립핸드드립,기본티,,1,1.0,1.0,0.0,0.0,1.0,0.0,0.0,0.0,0.0,0.0,0.0,0.0,0.0,0.0,0.0,0.0,0.0,0.0,0.0,1,1.0,1.0,0.0,1.0,1.0,0.0,1.0,0.0,1.0,0.0,0.0,1.0,0.0,0.0,0.0,0.0,0.0,0.0,1.0,0,,,,,,,,,,,,,,,,,,,,0,,,,,,,,,,,,,,,,,,,,0,,,,,,,,,,,,,,,,,,,,0,,,,,,,,,,,,,,,,,,,
R0016,여,28,20대,25~29,전업주부,전업주부,광주,5대광역시,비수도권,0,0,0,0,1,1,0,0,1,0,1,0,0,0,0,콜드브루라떼,콜드브루,달콤한티,0,,,,,,,,,,,,,,,,,,,,0,,,,,,,,,,,,,,,,,,,,1,1.0,0.0,0.0,0.0,0.0,1.0,1.0,0.0,0.0,0.0,0.0,0.0,0.0,0.0,0.0,0.0,0.0,0.0,0.0,1,1.0,1.0,0.0,1.0,0.0,0.0,0.0,0.0,0.0,0.0,0.0,0.0,0.0,0.0,0.0,0.0,0.0,0.0,0.0,1,1.0,1.0,0.0,0.0,0.0,0.0,0.0,0.0,0.0,0.0,1.0,0.0,0.0,0.0,0.0,0.0,1.0,0.0,0.0,1,1.0,0.0,0.0,0.0,0.0,1.0,0.0,0.0,0.0,0.0,0.0,0.0,0.0,0.0,0.0,0.0,1.0,0.0,0.0
R0017,여,50,50대,50~54,전업주부,전업주부,서울,서울,수도권,0,0,0,0,0,0,0,1,0,0,1,0,0,1,0,달콤한티,달콤한커피류,스무디쉐이크,1,1.0,1.0,0.0,1.0,1.0,0.0,0.0,0.0,0.0,1.0,0.0,0.0,0.0,0.0,0.0,0.0,0.0,1.0,0.0,1,1.0,0.0,0.0,0.0,0.0,0.0,0.0,0.0,0.0,0.0,0.0,0.0,0.0,0.0,0.0,0.0,0.0,1.0,0.0,1,1.0,1.0,0.0,0.0,0.0,0.0,0.0,0.0,0.0,0.0,0.0,0.0,0.0,0.0,0.0,0.0,0.0,0.0,0.0,1,1.0,0.0,0.0,1.0,1.0,0.0,0.0,0.0,0.0,0.0,0.0,0.0,0.0,0.0,0.0,0.0,0.0,0.0,0.0,1,1.0,0.0,1.0,0.0,0.0,1.0,0.0,0.0,0.0,0.0,0.0,1.0,0.0,0.0,0.0,0.0,0.0,0.0,0.0,1,1.0,1.0,0.0,0.0,0.0,0.0,0.0,0.0,0.0,0.0,0.0,0.0,0.0,0.0,0.0,0.0,0.0,0.0,0.0
R0018,여,59,50대,55~59,직장인,사무/기술직,경기,서울외수도권,수도권,0,1,1,0,0,0,0,0,0,0,0,0,0,0,0,아메리카노,카페라떼,,0,,,,,,,,,,,,,,,,,,,,1,1.0,1.0,0.0,0.0,0.0,0.0,0.0,0.0,0.0,0.0,0.0,0.0,0.0,0.0,0.0,0.0,1.0,0.0,1.0,0,,,,,,,,,,,,,,,,,,,,0,,,,,,,,,,,,,,,,,,,,0,,,,,,,,,,,,,,,,,,,,1,1.0,0.0,0.0,0.0,1.0,0.0,0.0,0.0,0.0,0.0,0.0,0.0,0.0,0.0,0.0,0.0,0.0,0.0,0.0
R0019,여,23,20대,20~24,직장인,경영/관리직,경기,서울외수도권,수도권,0,1,0,0,0,1,0,1,0,0,0,0,0,0,0,아메리카노,달콤한커피류,콜드브루라떼,0,,,,,,,,,,,,,,,,,,,,0,,,,,,,,,,,,,,,,,,,,1,1.0,1.0,0.0,0.0,0.0,0.0,1.0,0.0,0.0,1.0,0.0,0.0,0.0,0.0,0.0,0.0,0.0,0.0,0.0,1,1.0,0.0,0.0,0.0,0.0,1.0,1.0,0.0,0.0,0.0,0.0,0.0,0.0,0.0,0.0,0.0,0.0,0.0,0.0,0,,,,,,,,,,,,,,,,,,,,0,,,,,,,,,,,,,,,,,,,
R0020,여,40,40대,40~44,직장인,사무/기술직,부산,5대광역시,비수도권,1,0,1,0,0,0,0,1,0,0,0,1,1,0,0,얼음갈린티,카페라떼,달콤한커피류,0,,,,,,,,,,,,,,,,,,,,0,,,,,,,,,,,,,,,,,,,,0,,,,,,,,,,,,,,,,,,,,1,1.0,1.0,0.0,0.0,0.0,0.0,1.0,0.0,0.0,1.0,1.0,0.0,0.0,0.0,0.0,0.0,0.0,0.0,0.0,1,1.0,0.0,0.0,0.0,0.0,1.0,0.0,0.0,0.0,1.0,0.0,0.0,0.0,0.0,1.0,0.0,0.0,0.0,0.0,1,1.0,0.0,0.0,0.0,0.0,0.0,1.0,0.0,0.0,0.0,0.0,1.0,0.0,0.0,0.0,0.0,0.0,0.0,0.0
R0021,남,55,50대,55~59,전업주부,전업주부,서울,서울,수도권,0,1,0,0,0,0,0,0,0,1,0,0,0,1,0,아메리카노,스무디쉐이크,기본티,0,,,,,,,,,,,,,,,,,,,,0,,,,,,,,,,,,,,,,,,,,0,,,,,,,,,,,,,,,,,,,,1,1.0,1.0,1.0,1.0,0.0,0.0,0.0,0.0,1.0,0.0,0.0,0.0,0.0,0.0,0.0,0.0,0.0,0.0,0.0,0,,,,,,,,,,,,,,,,,,,,0,,,,,,,,,,,,,,,,,,,
R0022,남,53,50대,50~54,직장인,사무/기술직,대구,5대광역시,비수도권,0,1,0,0,1,0,0,0,0,0,0,0,0,0,0,아메리카노,콜드브루,,1,1.0,1.0,1.0,1.0,1.0,0.0,0.0,0.0,0.0,1.0,1.0,0.0,0.0,0.0,0.0,0.0,0.0,0.0,0.0,1,1.0,1.0,0.0,1.0,0.0,0.0,0.0,0.0,0.0,0.0,0.0,0.0,0.0,0.0,0.0,0.0,0.0,0.0,0.0,0,,,,,,,,,,,,,,,,,,,,1,1.0,1.0,0.0,1.0,0.0,0.0,1.0,0.0,0.0,1.0,0.0,1.0,0.0,0.0,0.0,0.0,0.0,1.0,0.0,0,,,,,,,,,,,,,,,,,,,,0,,,,,,,,,,,,,,,,,,,
R0023,남,50,50대,50~54,전업주부,전업주부,경남,기타지역,비수도권,0,1,1,0,0,0,0,0,0,1,0,0,0,0,1,기본티,아메리카노,주스에이드,1,1.0,1.0,0.0,0.0,0.0,0.0,0.0,0.0,0.0,0.0,0.0,1.0,0.0,0.0,0.0,0.0,0.0,1.0,0.0,0,,,,,,,,,,,,,,,,,,,,0,,,,,,,,,,,,,,,,,,,,1,1.0,0.0,0.0,1.0,0.0,0.0,0.0,0.0,0.0,0.0,0.0,0.0,0.0,0.0,0.0,0.0,0.0,0.0,0.0,0,,,,,,,,,,,,,,,,,,,,0,,,,,,,,,,,,,,,,,,,
R0024,여,32,30대,30~34,기타직업,무직,대구,5대광역시,비수도권,0,1,0,0,0,0,0,1,0,0,1,0,0,0,1,아메리카노,달콤한커피류,주스에이드,0,,,,,,,,,,,,,,,,,,,,0,,,,,,,,,,,,,,,,,,,,1,1.0,1.0,0.0,0.0,0.0,1.0,1.0,0.0,0.0,0.0,0.0,0.0,0.0,0.0,0.0,0.0,1.0,0.0,0.0,0,,,,,,,,,,,,,,,,,,,,1,1.0,1.0,0.0,0.0,0.0,1.0,0.0,0.0,0.0,0.0,0.0,0.0,0.0,0.0,0.0,0.0,0.0,0.0,0.0,0,,,,,,,,,,,,,,,,,,,
R0025,남,35,30대,35~39,직장인,사무/기술직,서울,서울,수도권,0,0,0,0,0,1,0,1,1,0,0,0,0,0,0,콜드브루라떼,달콤한커피류,얼음갈린커피,1,1.0,1.0,0.0,0.0,0.0,0.0,0.0,0.0,0.0,0.0,0.0,0.0,0.0,0.0,0.0,0.0,0.0,0.0,0.0,0,,,,,,,,,,,,,,,,,,,,0,,,,,,,,,,,,,,,,,,,,0,,,,,,,,,,,,,,,,,,,,0,,,,,,,,,,,,,,,,,,,,0,,,,,,,,,,,,,,,,,,,
R0026,남,33,30대,30~34,전업주부,전업주부,광주,5대광역시,비수도권,1,1,0,0,0,0,0,0,0,0,0,0,1,0,0,아메리카노,얼음갈린티,에스프레소,1,1.0,1.0,0.0,0.0,0.0,0.0,0.0,0.0,0.0,0.0,0.0,0.0,0.0,0.0,0.0,0.0,1.0,1.0,0.0,1,1.0,0.0,0.0,0.0,1.0,0.0,0.0,0.0,0.0,0.0,0.0,0.0,0.0,0.0,0.0,0.0,0.0,0.0,0.0,1,1.0,0.0,0.0,0.0,0.0,1.0,0.0,0.0,0.0,0.0,0.0,0.0,0.0,0.0,0.0,0.0,0.0,0.0,0.0,1,1.0,1.0,0.0,0.0,0.0,1.0,0.0,0.0,1.0,0.0,0.0,0.0,0.0,0.0,0.0,1.0,0.0,0.0,0.0,0,,,,,,,,,,,,,,,,,,,,1,1.0,1.0,1.0,0.0,0.0,0.0,1.0,0.0,0.0,0.0,1.0,0.0,0.0,0.0,0.0,0.0,0.0,0.0,0.0
R0027,여,47,40대,45~49,직장인,자유/전문직,부산,5대광역시,비수도권,0,0,0,0,0,0,0,0,0,0,0,0,0,0,0,,,,0,,,,,,,,,,,,,,,,,,,,1,1.0,0.0,0.0,0.0,0.0,0.0,0.0,0.0,0.0,0.0,0.0,1.0,0.0,0.0,0.0,0.0,0.0,0.0,0.0,0,,,,,,,,,,,,,,,,,,,,0,,,,,,,,,,,,,,,,,,,,0,,,,,,,,,,,,,,,,,,,,1,1.0,0.0,0.0,1.0,0.0,0.0,0.0,0.0,0.0,0.0,0.0,0.0,0.0,0.0,1.0,0.0,0.0,0.0,0.0
R0028,남,23,20대,20~24,기타직업,자유/전문직,서울,서울,수도권,0,1,1,0,0,1,0,1,0,0,0,0,0,1,0,아메리카노,카페라떼,스무디쉐이크,0,,,,,,,,,,,,,,,,,,,,0,,,,,,,,,,,,,,,,,,,,0,,,,,,,,,,,,,,,,,,,,1,1.0,1.0,0.0,0.0,0.0,0.0,0.0,0.0,1.0,1.0,0.0,0.0,0.0,0.0,1.0,0.0,0.0,0.0,0.0,1,1.0,1.0,0.0,0.0,0.0,0.0,0.0,0.0,0.0,0.0,0.0,0.0,0.0,0.0,1.0,1.0,0.0,0.0,0.0,1,1.0,1.0,0.0,0.0,0.0,1.0,0.0,0.0,0.0,0.0,0.0,0.0,0.0,0.0,0.0,0.0,1.0,0.0,0.0
R0029,남,44,40대,40~44,직장인,자영업,서울,서울,수도권,0,1,1,1,0,0,0,0,0,0,0,0,1,1,1,카페라떼,아메리카노,주스에이드,0,,,,,,,,,,,,,,,,,,,,0,,,,,,,,,,,,,,,,,,,,1,1.0,0.0,0.0,0.0,0.0,0.0,0.0,0.0,0.0,1.0,0.0,0.0,0.0,0.0,0.0,0.0,0.0,0.0,0.0,1,1.0,1.0,0.0,0.0,0.0,1.0,0.0,0.0,0.0,0.0,0.0,0.0,0.0,0.0,0.0,0.0,0.0,0.0,0.0,0,,,,,,,,,,,,,,,,,,,,0,,,,,,,,,,,,,,,,,,,
R0030,남,26,20대,25~29,직장인,사무/기술직,경남,기타지역,비수도권,0,1,0,0,0,1,0,0,1,0,0,1,0,0,1,아메리카노,얼음갈린커피,주스에이드,0,,,,,,,,,,,,,,,,,,,,1,1.0,1.0,0.0,0.0,0.0,0.0,1.0,0.0,0.0,0.0,1.0,1.0,0.0,0.0,0.0,0.0,0.0,0.0,0.0,0,,,,,,,,,,,,,,,,,,,,0,,,,,,,,,,,,,,,,,,,,0,,,,,,,,,,,,,,,,,,,,1,1.0,0.0,0.0,0.0,1.0,0.0,0.0,0.0,0.0,0.0,0.0,0.0,0.0,0.0,0.0,0.0,0.0,0.0,0.0
R0031,여,22,20대,20~24,대학(원)생,대학생,광주,5대광역시,비수도권,1,1,1,0,0,0,0,0,1,0,1,0,0,0,1,아메리카노,주스에이드,카페라떼,1,1.0,1.0,0.0,0.0,0.0,0.0,1.0,0.0,0.0,0.0,0.0,1.0,0.0,0.0,0.0,0.0,0.0,0.0,0.0,0,,,,,,,,,,,,,,,,,,,,1,1.0,0.0,0.0,0.0,0.0,0.0,0.0,0.0,0.0,0.0,0.0,0.0,0.0,0.0,0.0,0.0,0.0,0.0,0.0,1,1.0,1.0,0.0,0.0,0.0,0.0,1.0,0.0,1.0,0.0,0.0,0.0,0.0,0.0,0.0,0.0,0.0,0.0,0.0,1,1.0,1.0,0.0,0.0,0.0,1.0,0.0,0.0,0.0,0.0,0.0,0.0,0.0,0.0,0.0,0.0,0.0,0.0,0.0,0,,,,,,,,,,,,,,,,,,,
R0032,여,56,50대,55~59,직장인,사무/기술직,서울,서울,수도권,1,1,0,0,0,1,0,0,1,0,0,0,0,1,1,아메리카노,스무디쉐이크,에스프레소,0,,,,,,,,,,,,,,,,,,,,1,1.0,1.0,0.0,0.0,0.0,1.0,0.0,0.0,0.0,0.0,0.0,1.0,0.0,0.0,0.0,0.0,0.0,0.0,0.0,1,1.0,1.0,0.0,1.0,1.0,0.0,1.0,0.0,0.0,0.0,0.0,0.0,0.0,0.0,0.0,0.0,0.0,0.0,0.0,1,1.0,0.0,1.0,1.0,0.0,0.0,1.0,0.0,0.0,0.0,0.0,0.0,0.0,0.0,0.0,0.0,0.0,0.0,0.0,1,1.0,0.0,0.0,0.0,0.0,1.0,0.0,0.0,0.0,0.0,0.0,0.0,0.0,0.0,0.0,0.0,0.0,0.0,0.0,1,1.0,0.0,1.0,0.0,0.0,0.0,0.0,0.0,1.0,0.0,1.0,0.0,0.0,0.0,0.0,0.0,0.0,0.0,0.0
R0033,남,55,50대,55~59,직장인,사무/기술직,대구,5대광역시,비수도권,0,1,0,0,0,0,0,0,0,0,0,0,0,0,0,아메리카노,,,0,,,,,,,,,,,,,,,,,,,,1,1.0,1.0,0.0,0.0,1.0,0.0,0.0,0.0,0.0,0.0,0.0,1.0,0.0,0.0,1.0,0.0,0.0,0.0,0.0,1,1.0,0.0,1.0,0.0,0.0,0.0,0.0,0.0,0.0,0.0,0.0,0.0,0.0,0.0,0.0,0.0,0.0,0.0,0.0,0,,,,,,,,,,,,,,,,,,,,0,,,,,,,,,,,,,,,,,,,,0,,,,,,,,,,,,,,,,,,,
R0034,여,37,30대,35~39,기타직업,기타,제주,기타지역,비수도권,0,1,1,0,0,0,0,1,0,0,0,0,0,1,1,달콤한커피류,스무디쉐이크,카페라떼,1,1.0,1.0,0.0,1.0,1.0,0.0,0.0,0.0,1.0,0.0,0.0,0.0,0.0,0.0,0.0,0.0,0.0,0.0,0.0,1,1.0,1.0,1.0,1.0,0.0,0.0,0.0,0.0,0.0,0.0,0.0,0.0,0.0,0.0,0.0,0.0,0.0,0.0,0.0,1,1.0,0.0,0.0,0.0,0.0,0.0,0.0,0.0,0.0,1.0,0.0,0.0,0.0,0.0,0.0,0.0,0.0,0.0,0.0,0,,,,,,,,,,,,,,,,,,,,0,,,,,,,,,,,,,,,,,,,,1,1.0,1.0,0.0,0.0,0.0,0.0,0.0,1.0,0.0,0.0,0.0,0.0,0.0,0.0,0.0,0.0,0.0,0.0,0.0
R0035,여,40,40대,40~44,직장인,자유/전문직,광주,5대광역시,비수도권,0,1,0,0,0,1,0,1,0,0,0,0,0,0,0,아메리카노,달콤한커피류,콜드브루라떼,0,,,,,,,,,,,,,,,,,,,,0,,,,,,,,,,,,,,,,,,,,1,1.0,1.0,0.0,1.0,0.0,0.0,0.0,0.0,0.0,1.0,0.0,0.0,0.0,0.0,0.0,0.0,1.0,0.0,0.0,0,,,,,,,,,,,,,,,,,,,,0,,,,,,,,,,,,,,,,,,,,1,1.0,1.0,0.0,0.0,0.0,1.0,0.0,0.0,0.0,0.0,1.0,0.0,0.0,0.0,0.0,0.0,0.0,0.0,0.0
R0036,남,53,50대,50~54,대학(원)생,대학생,전남,기타지역,비수도권,0,1,1,0,1,0,0,1,0,0,0,0,1,0,0,달콤한커피류,아메리카노,얼음갈린티,1,1.0,0.0,0.0,0.0,1.0,0.0,0.0,0.0,0.0,0.0,0.0,0.0,0.0,0.0,0.0,1.0,0.0,0.0,0.0,0,,,,,,,,,,,,,,,,,,,,0,,,,,,,,,,,,,,,,,,,,1,1.0,1.0,0.0,0.0,0.0,0.0,1.0,0.0,0.0,0.0,0.0,0.0,0.0,0.0,0.0,0.0,0.0,0.0,0.0,0,,,,,,,,,,,,,,,,,,,,0,,,,,,,,,,,,,,,,,,,
R0037,남,52,50대,50~54,전업주부,전업주부,경기,서울외수도권,수도권,0,1,1,1,0,0,0,1,0,1,0,1,1,0,0,아메리카노,카페라떼,달콤한커피류,1,1.0,1.0,0.0,1.0,1.0,0.0,0.0,0.0,0.0,0.0,1.0,1.0,0.0,0.0,0.0,0.0,1.0,0.0,0.0,1,1.0,1.0,1.0,1.0,0.0,1.0,0.0,0.0,0.0,0.0,1.0,0.0,0.0,0.0,1.0,0.0,0.0,0.0,0.0,0,,,,,,,,,,,,,,,,,,,,1,1.0,1.0,1.0,0.0,0.0,0.0,0.0,0.0,0.0,1.0,0.0,0.0,0.0,0.0,0.0,0.0,1.0,0.0,0.0,0,,,,,,,,,,,,,,,,,,,,0,,,,,,,,,,,,,,,,,,,
R0038,여,27,20대,25~29,기타직업,자영업,경기,서울외수도권,수도권,0,0,1,0,0,0,0,0,0,0,0,0,0,0,0,카페라떼,,,0,,,,,,,,,,,,,,,,,,,,1,1.0,1.0,0.0,0.0,0.0,1.0,0.0,0.0,0.0,0.0,0.0,0.0,0.0,0.0,0.0,0.0,0.0,0.0,0.0,1,1.0,1.0,1.0,0.0,0.0,0.0,1.0,0.0,1.0,0.0,0.0,0.0,0.0,0.0,0.0,0.0,0.0,0.0,0.0,1,1.0,1.0,0.0,0.0,0.0,1.0,0.0,0.0,0.0,1.0,0.0,0.0,0.0,0.0,0.0,0.0,0.0,0.0,0.0,0,,,,,,,,,,,,,,,,,,,,1,1.0,0.0,0.0,0.0,0.0,0.0,0.0,0.0,0.0,0.0,0.0,0.0,0.0,0.0,0.0,0.0,0.0,0.0,0.0
R0039,남,47,40대,45~49,직장인,사무/기술직,서울,서울,수도권,0,1,0,0,0,0,0,1,0,0,0,0,1,1,0,아메리카노,달콤한커피류,스무디쉐이크,0,,,,,,,,,,,,,,,,,,,,0,,,,,,,,,,,,,,,,,,,,0,,,,,,,,,,,,,,,,,,,,1,1.0,1.0,0.0,0.0,0.0,1.0,1.0,0.0,0.0,0.0,0.0,0.0,0.0,0.0,0.0,0.0,0.0,0.0,0.0,1,1.0,0.0,0.0,0.0,0.0,1.0,0.0,0.0,0.0,0.0,0.0,0.0,0.0,0.0,0.0,0.0,0.0,0.0,0.0,0,,,,,,,,,,,,,,,,,,,
R0040,남,37,30대,35~39,직장인,사무/기술직,부산,5대광역시,비수도권,0,0,0,0,1,0,0,0,1,0,1,0,0,0,0,콜드브루,달콤한티,얼음갈린커피,1,1.0,0.0,0.0,1.0,0.0,0.0,0.0,0.0,0.0,0.0,0.0,0.0,0.0,0.0,0.0,0.0,0.0,0.0,0.0,0,,,,,,,,,,,,,,,,,,,,1,1.0,0.0,0.0,1.0,0.0,1.0,1.0,0.0,0.0,0.0,0.0,0.0,0.0,0.0,0.0,0.0,0.0,0.0,0.0,0,,,,,,,,,,,,,,,,,,,,0,,,,,,,,,,,,,,,,,,,,0,,,,,,,,,,,,,,,,,,,
R0041,여,49,40대,45~49,대학(원)생,대학생,경북,기타지역,비수도권,0,1,0,0,0,0,1,1,0,1,0,0,0,0,1,주스에이드,아메리카노,달콤한커피류,1,1.0,1.0,0.0,0.0,0.0,0.0,0.0,0.0,0.0,0.0,0.0,0.0,0.0,0.0,0.0,1.0,0.0,0.0,0.0,0,,,,,,,,,,,,,,,,,,,,0,,,,,,,,,,,,,,,,,,,,1,1.0,0.0,0.0,0.0,0.0,0.0,0.0,0.0,0.0,0.0,0.0,0.0,0.0,0.0,0.0,0.0,0.0,1.0,0.0,0,,,,,,,,,,,,,,,,,,,,0,,,,,,,,,,,,,,,,,,,
R0042,여,52,50대,50~54,직장인,사무/기술직,광주,5대광역시,비수도권,0,1,0,0,0,0,0,1,0,0,0,1,1,0,1,아메리카노,달콤한커피류,얼음갈린티,1,1.0,1.0,0.0,0.0,0.0,1.0,0.0,0.0,0.0,0.0,0.0,0.0,0.0,0.0,0.0,0.0,1.0,0.0,0.0,1,1.0,1.0,0.0,0.0,0.0,1.0,0.0,0.0,0.0,1.0,0.0,0.0,0.0,0.0,0.0,0.0,0.0,0.0,0.0,1,1.0,1.0,0.0,0.0,0.0,1.0,0.0,0.0,0.0,1.0,1.0,0.0,0.0,0.0,0.0,1.0,0.0,0.0,0.0,1,1.0,1.0,0.0,0.0,0.0,0.0,0.0,0.0,0.0,0.0,0.0,0.0,0.0,0.0,0.0,0.0,0.0,0.0,0.0,0,,,,,,,,,,,,,,,,,,,,0,,,,,,,,,,,,,,,,,,,
R0043,남,53,50대,50~54,직장인,자영업,경기,서울외수도권,수도권,0,1,1,0,0,1,0,0,0,0,1,1,0,0,1,달콤한티,아메리카노,주스에이드,1,1.0,1.0,0.0,1.0,1.0,0.0,0.0,0.0,0.0,0.0,1.0,0.0,0.0,0.0,0.0,0.0,0.0,0.0,0.0,1,1.0,1.0,0.0,0.0,0.0,0.0,0.0,0.0,0.0,0.0,0.0,0.0,0.0,0.0,0.0,0.0,1.0,0.0,0.0,1,1.0,1.0,0.0,1.0,1.0,1.0,1.0,0.0,1.0,0.0,1.0,0.0,0.0,0.0,0.0,0.0,0.0,0.0,0.0,0,,,,,,,,,,,,,,,,,,,,0,,,,,,,,,,,,,,,,,,,,1,1.0,0.0,0.0,0.0,0.0,0.0,0.0,0.0,0.0,0.0,1.0,0.0,0.0,0.0,0.0,0.0,0.0,0.0,0.0
R0044,남,53,50대,50~54,기타직업,경영/관리직,전북,기타지역,비수도권,0,1,0,0,0,0,0,0,0,0,0,0,0,0,0,아메리카노,,,1,1.0,1.0,0.0,0.0,0.0,0.0,0.0,0.0,0.0,0.0,0.0,0.0,0.0,0.0,0.0,0.0,0.0,0.0,0.0,0,,,,,,,,,,,,,,,,,,,,0,,,,,,,,,,,,,,,,,,,,0,,,,,,,,,,,,,,,,,,,,0,,,,,,,,,,,,,,,,,,,,1,1.0,1.0,1.0,1.0,1.0,0.0,1.0,0.0,0.0,0.0,0.0,0.0,0.0,0.0,0.0,0.0,0.0,0.0,0.0
R0045,여,31,30대,30~34,직장인,사무/기술직,경남,기타지역,비수도권,0,1,1,0,0,0,0,0,0,0,1,0,0,1,0,아메리카노,카페라떼,스무디쉐이크,1,1.0,1.0,0.0,0.0,0.0,0.0,0.0,0.0,0.0,0.0,0.0,0.0,0.0,0.0,0.0,0.0,0.0,0.0,0.0,1,1.0,1.0,0.0,0.0,0.0,0.0,0.0,0.0,0.0,0.0,0.0,0.0,0.0,0.0,0.0,0.0,0.0,0.0,0.0,0,,,,,,,,,,,,,,,,,,,,0,,,,,,,,,,,,,,,,,,,,0,,,,,,,,,,,,,,,,,,,,1,1.0,1.0,0.0,0.0,0.0,0.0,0.0,1.0,0.0,0.0,0.0,1.0,0.0,0.0,0.0,1.0,0.0,0.0,0.0
R0046,여,47,40대,45~49,직장인,사무/기술직,서울,서울,수도권,0,1,1,1,0,0,0,0,0,1,0,1,1,1,0,아메리카노,얼음갈린티,카페라떼,1,1.0,1.0,0.0,0.0,1.0,0.0,1.0,0.0,0.0,0.0,0.0,0.0,0.0,0.0,0.0,0.0,0.0,0.0,0.0,0,,,,,,,,,,,,,,,,,,,,1,1.0,0.0,1.0,0.0,0.0,0.0,0.0,0.0,0.0,0.0,0.0,0.0,0.0,1.0,0.0,0.0,0.0,0.0,0.0,0,,,,,,,,,,,,,,,,,,,,0,,,,,,,,,,,,,,,,,,,,1,1.0,0.0,0.0,0.0,0.0,0.0,0.0,0.0,0.0,1.0,0.0,0.0,0.0,0.0,0.0,0.0,0.0,0.0,0.0
R0047,여,46,40대,45~49,기타직업,기능/작업직,대구,5대광역시,비수도권,0,1,1,0,0,0,0,0,0,0,1,1,0,0,0,아메리카노,과일티에이드,카페라떼,0,,,,,,,,,,,,,,,,,,,,1,1.0,0.0,0.0,0.0,0.0,0.0,0.0,0.0,0.0,0.0,0.0,0.0,0.0,0.0,0.0,0.0,0.0,0.0,0.0,0,,,,,,,,,,,,,,,,,,,,0,,,,,,,,,,,,,,,,,,,,0,,,,,,,,,,,,,,,,,,,,1,1.0,1.0,0.0,0.0,0.0,1.0,0.0,0.0,0.0,0.0,0.0,0.0,0.0,0.0,0.0,0.0,0.0,0.0,0.0
R0048,여,51,50대,50~54,직장인,사무/기술직,경기,서울외수도권,수도권,0,0,1,0,0,0,0,1,0,1,0,0,1,0,0,달콤한커피류,얼음갈린티,카페라떼,0,,,,,,,,,,,,,,,,,,,,0,,,,,,,,,,,,,,,,,,,,0,,,,,,,,,,,,,,,,,,,,0,,,,,,,,,,,,,,,,,,,,0,,,,,,,,,,,,,,,,,,,,1,1.0,1.0,1.0,0.0,0.0,1.0,0.0,0.0,0.0,0.0,0.0,0.0,0.0,0.0,0.0,0.0,0.0,0.0,0.0
R0049,여,47,40대,45~49,직장인,사무/기술직,경기,서울외수도권,수도권,0,1,0,0,0,0,0,0,0,0,0,1,0,0,0,과일티에이드,아메리카노,,1,1.0,1.0,0.0,1.0,1.0,0.0,1.0,0.0,0.0,0.0,1.0,0.0,1.0,0.0,0.0,0.0,0.0,0.0,0.0,0,,,,,,,,,,,,,,,,,,,,0,,,,,,,,,,,,,,,,,,,,1,1.0,0.0,0.0,0.0,0.0,1.0,0.0,0.0,0.0,0.0,0.0,0.0,0.0,0.0,0.0,1.0,0.0,0.0,0.0,1,1.0,1.0,0.0,0.0,0.0,1.0,0.0,0.0,1.0,0.0,0.0,1.0,0.0,0.0,0.0,1.0,0.0,0.0,0.0,0,,,,,,,,,,,,,,,,,,,
R0050,여,56,50대,55~59,직장인,사무/기술직,전남,기타지역,비수도권,0,1,0,0,0,0,0,0,0,0,0,0,0,0,0,아메리카노,,,0,,,,,,,,,,,,,,,,,,,,1,1.0,1.0,0.0,0.0,0.0,0.0,0.0,0.0,0.0,0.0,0.0,0.0,0.0,1.0,0.0,0.0,0.0,0.0,0.0,0,,,,,,,,,,,,,,,,,,,,1,1.0,0.0,0.0,0.0,0.0,1.0,0.0,0.0,0.0,0.0,0.0,0.0,0.0,0.0,0.0,0.0,0.0,0.0,0.0,0,,,,,,,,,,,,,,,,,,,,1,1.0,1.0,1.0,0.0,0.0,0.0,0.0,0.0,0.0,0.0,0.0,0.0,0.0,0.0,0.0,0.0,0.0,0.0,0.0
R0051,남,26,20대,25~29,기타직업,자유/전문직,강원,기타지역,비수도권,0,1,0,0,0,0,1,0,0,0,1,0,1,0,0,아메리카노,달콤한티,드립핸드드립,1,1.0,1.0,0.0,0.0,0.0,0.0,0.0,0.0,1.0,0.0,0.0,0.0,0.0,0.0,0.0,0.0,0.0,0.0,0.0,0,,,,,,,,,,,,,,,,,,,,1,1.0,1.0,0.0,0.0,0.0,0.0,0.0,0.0,0.0,0.0,0.0,0.0,0.0,0.0,0.0,0.0,0.0,0.0,0.0,0,,,,,,,,,,,,,,,,,,,,1,1.0,0.0,0.0,0.0,0.0,1.0,0.0,0.0,0.0,1.0,0.0,0.0,0.0,0.0,0.0,0.0,0.0,0.0,0.0,0,,,,,,,,,,,,,,,,,,,
R0052,남,32,30대,30~34,직장인,경영/관리직,부산,5대광역시,비수도권,0,1,0,0,0,0,0,0,1,0,1,0,0,0,1,아메리카노,달콤한티,얼음갈린커피,1,1.0,1.0,0.0,1.0,0.0,0.0,0.0,0.0,1.0,1.0,1.0,0.0,0.0,0.0,0.0,0.0,0.0,0.0,0.0,1,1.0,1.0,0.0,0.0,0.0,1.0,0.0,0.0,1.0,0.0,0.0,0.0,0.0,0.0,0.0,0.0,0.0,0.0,0.0,0,,,,,,,,,,,,,,,,,,,,0,,,,,,,,,,,,,,,,,,,,0,,,,,,,,,,,,,,,,,,,,0,,,,,,,,,,,,,,,,,,,
R0053,여,25,20대,25~29,전업주부,전업주부,서울,서울,수도권,0,0,0,0,1,0,0,0,0,0,0,1,0,0,0,콜드브루,과일티에이드,,0,,,,,,,,,,,,,,,,,,,,0,,,,,,,,,,,,,,,,,,,,1,1.0,1.0,0.0,1.0,0.0,0.0,0.0,0.0,0.0,1.0,0.0,0.0,0.0,0.0,0.0,0.0,0.0,0.0,0.0,1,1.0,0.0,0.0,1.0,0.0,0.0,0.0,0.0,1.0,0.0,0.0,0.0,0.0,0.0,1.0,0.0,0.0,1.0,0.0,0,,,,,,,,,,,,,,,,,,,,0,,,,,,,,,,,,,,,,,,,
R0054,남,21,20대,20~24,전업주부,전업주부,대전,5대광역시,비수도권,0,1,1,1,0,0,0,0,0,0,0,1,1,0,0,얼음갈린티,카페라떼,아메리카노,1,1.0,1.0,0.0,0.0,0.0,0.0,1.0,0.0,0.0,0.0,0.0,0.0,0.0,0.0,0.0,0.0,0.0,0.0,0.0,0,,,,,,,,,,,,,,,,,,,,0,,,,,,,,,,,,,,,,,,,,1,1.0,0.0,0.0,0.0,0.0,0.0,1.0,0.0,0.0,0.0,0.0,0.0,0.0,0.0,0.0,0.0,0.0,0.0,0.0,1,1.0,1.0,0.0,1.0,0.0,0.0,1.0,0.0,0.0,0.0,0.0,0.0,0.0,0.0,0.0,0.0,0.0,0.0,0.0,1,1.0,1.0,1.0,1.0,0.0,0.0,0.0,0.0,0.0,0.0,0.0,0.0,0.0,0.0,1.0,0.0,0.0,0.0,0.0
R0055,남,34,30대,30~34,직장인,사무/기술직,전북,기타지역,비수도권,0,1,0,0,0,0,0,0,1,0,0,0,0,0,0,아메리카노,얼음갈린커피,,0,,,,,,,,,,,,,,,,,,,,1,1.0,0.0,0.0,1.0,1.0,0.0,0.0,0.0,0.0,0.0,1.0,0.0,0.0,0.0,0.0,0.0,0.0,0.0,0.0,1,1.0,0.0,0.0,0.0,0.0,1.0,0.0,0.0,0.0,0.0,0.0,0.0,0.0,0.0,0.0,0.0,0.0,0.0,0.0,0,,,,,,,,,,,,,,,,,,,,1,1.0,1.0,0.0,0.0,0.0,1.0,0.0,0.0,0.0,1.0,1.0,1.0,0.0,0.0,0.0,0.0,0.0,0.0,0.0,1,1.0,1.0,1.0,0.0,0.0,0.0,0.0,0.0,0.0,0.0,0.0,0.0,0.0,0.0,0.0,0.0,0.0,0.0,0.0
R0056,여,45,40대,45~49,기타직업,기타,서울,서울,수도권,0,1,0,0,0,0,0,0,0,0,0,1,1,1,0,아메리카노,얼음갈린티,스무디쉐이크,0,,,,,,,,,,,,,,,,,,,,0,,,,,,,,,,,,,,,,,,,,1,1.0,1.0,0.0,1.0,0.0,0.0,0.0,0.0,0.0,0.0,0.0,0.0,0.0,0.0,0.0,0.0,0.0,0.0,0.0,0,,,,,,,,,,,,,,,,,,,,0,,,,,,,,,,,,,,,,,,,,0,,,,,,,,,,,,,,,,,,,
R0057,여,59,50대,55~59,직장인,판매/영업 서비스직,충남,기타지역,비수도권,0,1,1,0,0,0,0,0,0,0,0,1,0,1,0,아메리카노,카페라떼,과일티에이드,1,1.0,1.0,0.0,0.0,1.0,0.0,0.0,0.0,0.0,1.0,0.0,0.0,0.0,0.0,0.0,0.0,0.0,0.0,0.0,1,1.0,1.0,0.0,0.0,0.0,0.0,1.0,0.0,0.0,0.0,0.0,1.0,0.0,0.0,0.0,0.0,1.0,0.0,0.0,1,1.0,0.0,0.0,1.0,0.0,1.0,0.0,0.0,0.0,0.0,0.0,0.0,0.0,0.0,0.0,0.0,1.0,0.0,0.0,0,,,,,,,,,,,,,,,,,,,,1,1.0,0.0,0.0,0.0,1.0,1.0,0.0,0.0,0.0,1.0,0.0,1.0,0.0,1.0,0.0,0.0,0.0,0.0,0.0,0,,,,,,,,,,,,,,,,,,,
R0058,여,56,50대,55~59,전업주부,전업주부,대구,5대광역시,비수도권,0,1,0,0,0,0,0,0,1,0,0,1,0,0,1,아메리카노,과일티에이드,주스에이드,0,,,,,,,,,,,,,,,,,,,,0,,,,,,,,,,,,,,,,,,,,0,,,,,,,,,,,,,,,,,,,,0,,,,,,,,,,,,,,,,,,,,1,1.0,0.0,1.0,0.0,0.0,0.0,1.0,0.0,0.0,0.0,0.0,0.0,0.0,0.0,0.0,0.0,0.0,0.0,0.0,0,,,,,,,,,,,,,,,,,,,
R0059,여,38,30대,35~39,직장인,사무/기술직,경기,서울외수도권,수도권,0,0,0,0,0,0,0,0,1,0,0,0,0,0,0,얼음갈린커피,,,0,,,,,,,,,,,,,,,,,,,,0,,,,,,,,,,,,,,,,,,,,0,,,,,,,,,,,,,,,,,,,,0,,,,,,,,,,,,,,,,,,,,0,,,,,,,,,,,,,,,,,,,,0,,,,,,,,,,,,,,,,,,,
R0060,남,36,30대,35~39,전업주부,전업주부,경기,서울외수도권,수도권,0,1,0,0,0,0,0,1,0,0,0,1,0,0,1,아메리카노,달콤한커피류,주스에이드,1,1.0,1.0,0.0,0.0,1.0,0.0,1.0,0.0,0.0,0.0,0.0,0.0,0.0,0.0,0.0,0.0,0.0,0.0,0.0,1,1.0,1.0,0.0,0.0,1.0,1.0,0.0,0.0,0.0,0.0,0.0,0.0,0.0,0.0,0.0,0.0,0.0,1.0,0.0,1,1.0,0.0,0.0,0.0,0.0,1.0,0.0,0.0,0.0,0.0,1.0,1.0,0.0,0.0,0.0,0.0,0.0,0.0,0.0,1,1.0,0.0,0.0,0.0,0.0,0.0,0.0,0.0,0.0,1.0,1.0,0.0,0.0,0.0,0.0,0.0,0.0,0.0,0.0,1,1.0,1.0,0.0,0.0,0.0,1.0,1.0,1.0,0.0,1.0,0.0,0.0,0.0,0.0,0.0,0.0,0.0,0.0,0.0,1,1.0,1.0,0.0,0.0,0.0,1.0,1.0,0.0,0.0,0.0,0.0,0.0,0.0,0.0,0.0,0.0,1.0,0.0,0.0
R0061,남,33,30대,30~34,직장인,사무/기술직,경북,기타지역,비수도권,0,1,0,0,0,0,1,0,1,0,0,0,0,1,0,아메리카노,드립핸드드립,스무디쉐이크,1,1.0,1.0,0.0,1.0,0.0,0.0,0.0,0.0,0.0,0.0,0.0,0.0,0.0,0.0,0.0,0.0,0.0,0.0,0.0,0,,,,,,,,,,,,,,,,,,,,0,,,,,,,,,,,,,,,,,,,,0,,,,,,,,,,,,,,,,,,,,0,,,,,,,,,,,,,,,,,,,,1,1.0,1.0,1.0,0.0,0.0,0.0,1.0,0.0,0.0,0.0,0.0,0.0,0.0,0.0,0.0,0.0,0.0,0.0,0.0
R0062,남,26,20대,25~29,직장인,사무/기술직,대구,5대광역시,비수도권,0,1,0,0,0,0,0,0,0,0,0,0,1,0,0,아메리카노,얼음갈린티,,0,,,,,,,,,,,,,,,,,,,,0,,,,,,,,,,,,,,,,,,,,0,,,,,,,,,,,,,,,,,,,,0,,,,,,,,,,,,,,,,,,,,0,,,,,,,,,,,,,,,,,,,,1,1.0,0.0,0.0,0.0,0.0,0.0,1.0,0.0,0.0,0.0,0.0,0.0,0.0,0.0,0.0,0.0,0.0,0.0,0.0
R0063,남,31,30대,30~34,직장인,사무/기술직,부산,5대광역시,비수도권,0,1,1,0,0,0,0,0,1,0,0,0,0,1,1,주스에이드,아메리카노,카페라떼,1,1.0,1.0,0.0,1.0,0.0,1.0,1.0,0.0,0.0,0.0,0.0,0.0,0.0,0.0,0.0,0.0,0.0,0.0,0.0,1,1.0,1.0,0.0,0.0,0.0,0.0,0.0,0.0,0.0,1.0,0.0,0.0,0.0,0.0,0.0,0.0,0.0,0.0,0.0,0,,,,,,,,,,,,,,,,,,,,1,1.0,0.0,0.0,1.0,0.0,0.0,0.0,0.0,0.0,0.0,1.0,0.0,0.0,0.0,0.0,0.0,0.0,0.0,0.0,0,,,,,,,,,,,,,,,,,,,,0,,,,,,,,,,,,,,,,,,,
R0064,남,54,50대,50~54,직장인,판매/영업 서비스직,경북,기타지역,비수도권,0,1,0,0,0,0,0,0,0,0,1,0,0,0,0,달콤한티,아메리카노,,1,1.0,1.0,0.0,0.0,0.0,0.0,0.0,0.0,0.0,0.0,1.0,0.0,0.0,0.0,0.0,0.0,0.0,0.0,0.0,0,,,,,,,,,,,,,,,,,,,,0,,,,,,,,,,,,,,,,,,,,0,,,,,,,,,,,,,,,,,,,,0,,,,,,,,,,,,,,,,,,,,0,,,,,,,,,,,,,,,,,,,
R0065,남,32,30대,30~34,기타직업,무직,대구,5대광역시,비수도권,0,1,0,0,1,0,1,0,0,0,0,1,0,0,0,아메리카노,과일티에이드,콜드브루,0,,,,,,,,,,,,,,,,,,,,0,,,,,,,,,,,,,,,,,,,,1,1.0,1.0,0.0,0.0,0.0,0.0,1.0,0.0,0.0,0.0,0.0,0.0,0.0,0.0,0.0,0.0,0.0,0.0,0.0,0,,,,,,,,,,,,,,,,,,,,1,1.0,1.0,0.0,1.0,0.0,0.0,0.0,0.0,0.0,0.0,0.0,0.0,0.0,0.0,0.0,0.0,0.0,1.0,0.0,0,,,,,,,,,,,,,,,,,,,
R0066,남,57,50대,55~59,대학(원)생,대학생,부산,5대광역시,비수도권,0,1,1,1,0,0,0,0,0,1,0,0,0,0,0,카페라떼,기본티,아메리카노,1,1.0,0.0,0.0,1.0,0.0,1.0,0.0,0.0,0.0,0.0,0.0,0.0,1.0,0.0,0.0,0.0,0.0,0.0,0.0,1,1.0,0.0,0.0,0.0,1.0,0.0,0.0,0.0,0.0,0.0,0.0,0.0,1.0,0.0,0.0,0.0,1.0,0.0,0.0,1,1.0,1.0,0.0,1.0,0.0,0.0,0.0,0.0,0.0,0.0,1.0,1.0,0.0,0.0,0.0,0.0,0.0,0.0,0.0,0,,,,,,,,,,,,,,,,,,,,0,,,,,,,,,,,,,,,,,,,,0,,,,,,,,,,,,,,,,,,,
R0067,남,36,30대,35~39,직장인,사무/기술직,경기,서울외수도권,수도권,0,1,0,1,0,0,0,1,0,0,0,0,1,0,0,아메리카노,달콤한커피류,얼음갈린티,0,,,,,,,,,,,,,,,,,,,,1,1.0,1.0,0.0,0.0,0.0,0.0,1.0,0.0,0.0,0.0,0.0,0.0,0.0,0.0,0.0,0.0,0.0,0.0,0.0,1,1.0,0.0,0.0,0.0,0.0,1.0,0.0,0.0,0.0,0.0,0.0,0.0,0.0,0.0,0.0,0.0,0.0,0.0,0.0,1,1.0,0.0,0.0,0.0,1.0,0.0,0.0,0.0,0.0,0.0,0.0,0.0,0.0,0.0,0.0,0.0,0.0,0.0,0.0,0,,,,,,,,,,,,,,,,,,,,1,1.0,1.0,1.0,0.0,0.0,1.0,1.0,0.0,0.0,0.0,0.0,0.0,0.0,0.0,0.0,0.0,0.0,0.0,0.0
R0068,여,54,50대,50~54,직장인,사무/기술직,서울,서울,수도권,0,1,1,0,0,0,0,0,0,0,0,0,0,0,0,아메리카노,카페라떼,,0,,,,,,,,,,,,,,,,,,,,0,,,,,,,,,,,,,,,,,,,,0,,,,,,,,,,,,,,,,,,,,0,,,,,,,,,,,,,,,,,,,,0,,,,,,,,,,,,,,,,,,,,1,1.0,1.0,0.0,0.0,0.0,1.0,0.0,0.0,0.0,0.0,1.0,0.0,0.0,0.0,0.0,0.0,1.0,0.0,0.0
R0069,여,31,30대,30~34,대학(원)생,대학생,서울,서울,수도권,0,0,1,0,0,0,1,1,0,1,1,0,0,0,0,달콤한커피류,카페라떼,달콤한티,1,1.0,1.0,0.0,1.0,1.0,0.0,0.0,0.0,0.0,0.0,0.0,0.0,0.0,0.0,0.0,0.0,0.0,0.0,0.0,1,1.0,0.0,0.0,1.0,0.0,1.0,0.0,0.0,0.0,1.0,0.0,0.0,0.0,0.0,0.0,0.0,0.0,0.0,0.0,0,,,,,,,,,,,,,,,,,,,,0,,,,,,,,,,,,,,,,,,,,1,1.0,1.0,0.0,0.0,0.0,1.0,1.0,0.0,1.0,1.0,0.0,0.0,0.0,0.0,0.0,0.0,0.0,0.0,0.0,1,1.0,0.0,0.0,1.0,0.0,0.0,0.0,0.0,0.0,0.0,0.0,0.0,0.0,0.0,0.0,0.0,0.0,0.0,0.0
R0070,남,33,30대,30~34,직장인,사무/기술직,인천,서울외수도권,수도권,0,0,0,0,0,0,0,0,0,0,1,1,0,1,0,과일티에이드,달콤한티,스무디쉐이크,0,,,,,,,,,,,,,,,,,,,,0,,,,,,,,,,,,,,,,,,,,0,,,,,,,,,,,,,,,,,,,,1,1.0,0.0,0.0,0.0,0.0,1.0,0.0,0.0,1.0,0.0,0.0,0.0,0.0,0.0,0.0,0.0,1.0,0.0,0.0,0,,,,,,,,,,,,,,,,,,,,0,,,,,,,,,,,,,,,,,,,
R0071,남,36,30대,35~39,전업주부,전업주부,부산,5대광역시,비수도권,0,0,1,0,0,0,0,0,0,0,0,1,0,0,0,과일티에이드,카페라떼,,0,,,,,,,,,,,,,,,,,,,,0,,,,,,,,,,,,,,,,,,,,0,,,,,,,,,,,,,,,,,,,,1,1.0,1.0,0.0,1.0,1.0,0.0,0.0,1.0,0.0,0.0,0.0,0.0,0.0,0.0,0.0,0.0,0.0,0.0,0.0,0,,,,,,,,,,,,,,,,,,,,0,,,,,,,,,,,,,,,,,,,
R0072,여,59,50대,55~59,기타직업,경영/관리직,광주,5대광역시,비수도권,0,1,1,0,0,1,0,0,0,0,0,1,0,1,0,아메리카노,카페라떼,과일티에이드,1,1.0,0.0,0.0,1.0,0.0,0.0,1.0,0.0,0.0,1.0,0.0,0.0,0.0,1.0,0.0,0.0,0.0,0.0,0.0,0,,,,,,,,,,,,,,,,,,,,0,,,,,,,,,,,,,,,,,,,,1,1.0,0.0,0.0,1.0,0.0,0.0,0.0,0.0,0.0,0.0,1.0,0.0,0.0,0.0,0.0,0.0,0.0,1.0,0.0,0,,,,,,,,,,,,,,,,,,,,0,,,,,,,,,,,,,,,,,,,
R0073,여,55,50대,55~59,직장인,사무/기술직,울산,5대광역시,비수도권,0,1,1,0,0,1,0,1,0,1,0,0,0,0,0,카페라떼,아메리카노,기본티,0,,,,,,,,,,,,,,,,,,,,1,1.0,1.0,1.0,1.0,1.0,1.0,0.0,0.0,0.0,0.0,0.0,0.0,0.0,0.0,0.0,0.0,0.0,0.0,0.0,0,,,,,,,,,,,,,,,,,,,,0,,,,,,,,,,,,,,,,,,,,1,1.0,1.0,0.0,0.0,0.0,0.0,0.0,0.0,0.0,0.0,0.0,0.0,0.0,0.0,0.0,0.0,0.0,0.0,0.0,0,,,,,,,,,,,,,,,,,,,
R0074,남,55,50대,55~59,직장인,사무/기술직,대구,5대광역시,비수도권,0,1,0,0,0,0,0,1,0,0,0,0,0,0,0,달콤한커피류,아메리카노,,0,,,,,,,,,,,,,,,,,,,,1,1.0,1.0,0.0,0.0,0.0,0.0,1.0,0.0,0.0,0.0,0.0,0.0,0.0,0.0,0.0,0.0,0.0,0.0,1.0,0,,,,,,,,,,,,,,,,,,,,0,,,,,,,,,,,,,,,,,,,,1,1.0,1.0,0.0,0.0,0.0,0.0,0.0,0.0,1.0,0.0,0.0,1.0,0.0,0.0,0.0,0.0,1.0,1.0,0.0,0,,,,,,,,,,,,,,,,,,,
R0075,여,53,50대,50~54,직장인,기능/작업직,서울,서울,수도권,0,0,1,0,0,0,0,1,0,0,0,1,0,0,0,달콤한커피류,카페라떼,과일티에이드,0,,,,,,,,,,,,,,,,,,,,1,1.0,0.0,1.0,0.0,0.0,0.0,0.0,0.0,0.0,0.0,1.0,0.0,0.0,0.0,0.0,0.0,0.0,0.0,0.0,0,,,,,,,,,,,,,,,,,,,,1,1.0,0.0,0.0,0.0,0.0,0.0,0.0,0.0,0.0,0.0,0.0,0.0,0.0,0.0,0.0,0.0,0.0,0.0,0.0,0,,,,,,,,,,,,,,,,,,,,1,1.0,1.0,0.0,0.0,0.0,1.0,0.0,0.0,0.0,0.0,0.0,0.0,0.0,0.0,0.0,0.0,0.0,0.0,0.0
R0076,여,23,20대,20~24,직장인,자유/전문직,대구,5대광역시,비수도권,0,0,0,0,0,0,0,1,1,0,1,0,1,0,0,달콤한커피류,얼음갈린티,얼음갈린커피,1,1.0,1.0,0.0,0.0,0.0,0.0,0.0,0.0,0.0,1.0,0.0,0.0,0.0,0.0,0.0,0.0,0.0,1.0,0.0,1,1.0,1.0,0.0,0.0,0.0,0.0,0.0,0.0,0.0,1.0,0.0,0.0,0.0,0.0,0.0,0.0,0.0,0.0,0.0,1,1.0,1.0,0.0,1.0,1.0,0.0,0.0,0.0,0.0,0.0,1.0,0.0,0.0,0.0,0.0,0.0,0.0,0.0,0.0,0,,,,,,,,,,,,,,,,,,,,1,1.0,0.0,0.0,1.0,0.0,0.0,0.0,1.0,0.0,0.0,0.0,0.0,0.0,0.0,0.0,0.0,0.0,0.0,0.0,0,,,,,,,,,,,,,,,,,,,
R0077,여,35,30대,35~39,직장인,사무/기술직,서울,서울,수도권,0,1,0,0,0,0,0,1,0,1,0,0,0,0,1,주스에이드,아메리카노,달콤한커피류,1,1.0,1.0,0.0,0.0,0.0,1.0,0.0,0.0,0.0,1.0,0.0,0.0,0.0,0.0,0.0,0.0,0.0,0.0,0.0,1,1.0,1.0,0.0,0.0,0.0,0.0,0.0,0.0,0.0,0.0,0.0,0.0,0.0,0.0,0.0,0.0,1.0,0.0,0.0,1,1.0,0.0,0.0,1.0,0.0,0.0,0.0,0.0,0.0,0.0,0.0,0.0,0.0,0.0,0.0,0.0,0.0,0.0,0.0,1,1.0,1.0,0.0,0.0,1.0,0.0,1.0,0.0,0.0,0.0,0.0,0.0,0.0,0.0,0.0,0.0,1.0,0.0,0.0,1,1.0,1.0,0.0,0.0,0.0,1.0,0.0,0.0,0.0,0.0,0.0,0.0,0.0,0.0,0.0,0.0,0.0,0.0,0.0,0,,,,,,,,,,,,,,,,,,,
R0078,여,32,30대,30~34,기타직업,무직,경기,서울외수도권,수도권,0,1,1,0,0,0,0,1,0,0,1,0,0,0,0,아메리카노,카페라떼,달콤한티,1,1.0,1.0,1.0,0.0,1.0,1.0,0.0,0.0,0.0,0.0,0.0,0.0,0.0,0.0,0.0,0.0,0.0,0.0,0.0,0,,,,,,,,,,,,,,,,,,,,0,,,,,,,,,,,,,,,,,,,,1,1.0,1.0,0.0,0.0,0.0,0.0,0.0,0.0,0.0,0.0,0.0,0.0,0.0,0.0,0.0,0.0,0.0,0.0,0.0,0,,,,,,,,,,,,,,,,,,,,0,,,,,,,,,,,,,,,,,,,
R0079,여,40,40대,40~44,직장인,사무/기술직,부산,5대광역시,비수도권,0,1,0,0,0,0,0,0,0,1,0,0,0,0,1,아메리카노,기본티,주스에이드,0,,,,,,,,,,,,,,,,,,,,0,,,,,,,,,,,,,,,,,,,,1,1.0,1.0,0.0,0.0,0.0,0.0,0.0,0.0,0.0,1.0,1.0,0.0,0.0,0.0,0.0,0.0,1.0,0.0,0.0,0,,,,,,,,,,,,,,,,,,,,0,,,,,,,,,,,,,,,,,,,,1,1.0,1.0,0.0,0.0,0.0,1.0,1.0,0.0,0.0,0.0,0.0,0.0,0.0,0.0,0.0,0.0,1.0,0.0,0.0
R0080,남,53,50대,50~54,대학(원)생,대학생,부산,5대광역시,비수도권,1,0,1,0,0,0,0,0,0,0,0,1,0,0,0,과일티에이드,카페라떼,에스프레소,0,,,,,,,,,,,,,,,,,,,,0,,,,,,,,,,,,,,,,,,,,0,,,,,,,,,,,,,,,,,,,,1,1.0,1.0,0.0,0.0,0.0,0.0,1.0,0.0,0.0,0.0,0.0,0.0,0.0,0.0,1.0,0.0,0.0,0.0,0.0,0,,,,,,,,,,,,,,,,,,,,0,,,,,,,,,,,,,,,,,,,
R0081,여,56,50대,55~59,직장인,사무/기술직,대전,5대광역시,비수도권,0,0,0,0,1,0,0,1,0,0,0,1,0,0,0,달콤한커피류,콜드브루,과일티에이드,1,1.0,1.0,0.0,0.0,1.0,0.0,0.0,0.0,0.0,0.0,0.0,0.0,0.0,0.0,0.0,0.0,0.0,0.0,0.0,0,,,,,,,,,,,,,,,,,,,,1,1.0,0.0,1.0,0.0,0.0,1.0,1.0,0.0,0.0,0.0,0.0,0.0,0.0,0.0,0.0,0.0,0.0,1.0,0.0,1,1.0,0.0,0.0,0.0,0.0,0.0,0.0,1.0,0.0,0.0,0.0,0.0,0.0,0.0,0.0,0.0,0.0,0.0,0.0,0,,,,,,,,,,,,,,,,,,,,0,,,,,,,,,,,,,,,,,,,
R0082,남,26,20대,25~29,기타직업,무직,경남,기타지역,비수도권,0,0,0,1,1,0,0,0,0,1,0,0,0,0,0,카푸치노,기본티,콜드브루,0,,,,,,,,,,,,,,,,,,,,0,,,,,,,,,,,,,,,,,,,,0,,,,,,,,,,,,,,,,,,,,1,1.0,1.0,0.0,0.0,0.0,0.0,0.0,1.0,1.0,0.0,0.0,0.0,0.0,0.0,0.0,0.0,0.0,0.0,0.0,1,1.0,1.0,0.0,0.0,0.0,1.0,0.0,0.0,0.0,1.0,0.0,0.0,0.0,0.0,0.0,1.0,0.0,0.0,0.0,0,,,,,,,,,,,,,,,,,,,
R0083,남,21,20대,20~24,직장인,사무/기술직,부산,5대광역시,비수도권,0,1,0,0,0,0,0,0,0,0,0,0,1,0,1,아메리카노,얼음갈린티,주스에이드,0,,,,,,,,,,,,,,,,,,,,1,1.0,1.0,0.0,0.0,0.0,0.0,0.0,0.0,0.0,0.0,0.0,0.0,0.0,0.0,0.0,1.0,0.0,0.0,0.0,0,,,,,,,,,,,,,,,,,,,,0,,,,,,,,,,,,,,,,,,,,1,1.0,1.0,0.0,0.0,0.0,0.0,1.0,0.0,0.0,0.0,0.0,0.0,0.0,1.0,0.0,0.0,0.0,0.0,0.0,1,1.0,1.0,1.0,1.0,0.0,0.0,0.0,1.0,0.0,1.0,1.0,0.0,0.0,0.0,0.0,0.0,0.0,0.0,0.0
R0084,남,42,40대,40~44,직장인,사무/기술직,부산,5대광역시,비수도권,0,0,0,0,0,0,0,1,0,0,0,0,1,0,0,달콤한커피류,얼음갈린티,,0,,,,,,,,,,,,,,,,,,,,0,,,,,,,,,,,,,,,,,,,,1,1.0,0.0,0.0,0.0,0.0,1.0,1.0,0.0,0.0,0.0,0.0,0.0,0.0,0.0,0.0,0.0,0.0,1.0,0.0,1,1.0,1.0,0.0,1.0,0.0,0.0,1.0,0.0,1.0,0.0,0.0,0.0,0.0,0.0,0.0,0.0,1.0,0.0,0.0,0,,,,,,,,,,,,,,,,,,,,0,,,,,,,,,,,,,,,,,,,
R0085,남,25,20대,25~29,직장인,사무/기술직,대구,5대광역시,비수도권,0,1,0,0,0,0,0,0,0,0,0,0,0,0,0,아메리카노,,,1,1.0,0.0,1.0,0.0,1.0,0.0,0.0,0.0,0.0,0.0,0.0,1.0,1.0,0.0,0.0,0.0,1.0,0.0,0.0,0,,,,,,,,,,,,,,,,,,,,1,1.0,0.0,0.0,0.0,0.0,0.0,1.0,0.0,0.0,0.0,0.0,0.0,0.0,0.0,0.0,0.0,0.0,0.0,0.0,0,,,,,,,,,,,,,,,,,,,,1,1.0,1.0,0.0,0.0,0.0,1.0,0.0,1.0,0.0,1.0,0.0,0.0,0.0,0.0,0.0,1.0,0.0,0.0,0.0,0,,,,,,,,,,,,,,,,,,,
R0086,남,23,20대,20~24,기타직업,무직,서울,서울,수도권,1,1,1,0,0,0,0,1,0,0,0,0,0,0,0,아메리카노,카페라떼,달콤한커피류,0,,,,,,,,,,,,,,,,,,,,0,,,,,,,,,,,,,,,,,,,,0,,,,,,,,,,,,,,,,,,,,0,,,,,,,,,,,,,,,,,,,,0,,,,,,,,,,,,,,,,,,,,0,,,,,,,,,,,,,,,,,,,
R0087,남,53,50대,50~54,직장인,자영업,전북,기타지역,비수도권,0,1,1,0,0,0,0,0,1,0,0,1,0,0,0,카페라떼,아메리카노,얼음갈린커피,0,,,,,,,,,,,,,,,,,,,,0,,,,,,,,,,,,,,,,,,,,0,,,,,,,,,,,,,,,,,,,,1,1.0,0.0,0.0,0.0,0.0,0.0,0.0,0.0,0.0,0.0,0.0,0.0,0.0,0.0,0.0,0.0,0.0,0.0,0.0,1,1.0,1.0,0.0,0.0,0.0,0.0,0.0,0.0,1.0,0.0,0.0,1.0,0.0,0.0,0.0,0.0,0.0,0.0,0.0,0,,,,,,,,,,,,,,,,,,,
R0088,남,58,50대,55~59,직장인,경영/관리직,서울,서울,수도권,0,1,1,0,0,0,0,0,0,0,1,0,0,0,0,아메리카노,카페라떼,달콤한티,0,,,,,,,,,,,,,,,,,,,,1,1.0,1.0,0.0,0.0,0.0,1.0,1.0,0.0,0.0,0.0,0.0,0.0,0.0,0.0,0.0,0.0,0.0,0.0,0.0,0,,,,,,,,,,,,,,,,,,,,1,1.0,1.0,0.0,0.0,0.0,0.0,1.0,0.0,0.0,1.0,0.0,0.0,0.0,0.0,0.0,0.0,0.0,0.0,0.0,0,,,,,,,,,,,,,,,,,,,,1,1.0,1.0,0.0,0.0,1.0,0.0,0.0,1.0,1.0,0.0,0.0,0.0,0.0,0.0,0.0,0.0,0.0,0.0,0.0
R0089,남,54,50대,50~54,직장인,사무/기술직,경기,서울외수도권,수도권,0,1,1,0,0,0,0,1,0,0,0,0,0,0,1,주스에이드,달콤한커피류,아메리카노,0,,,,,,,,,,,,,,,,,,,,1,1.0,0.0,0.0,1.0,0.0,0.0,0.0,0.0,0.0,0.0,0.0,0.0,0.0,0.0,0.0,0.0,0.0,0.0,0.0,0,,,,,,,,,,,,,,,,,,,,1,1.0,1.0,0.0,1.0,0.0,1.0,1.0,0.0,0.0,0.0,0.0,0.0,0.0,0.0,0.0,0.0,0.0,0.0,0.0,0,,,,,,,,,,,,,,,,,,,,1,1.0,1.0,0.0,0.0,0.0,1.0,1.0,1.0,0.0,1.0,0.0,0.0,1.0,0.0,0.0,0.0,0.0,0.0,0.0
R0090,여,54,50대,50~54,대학(원)생,대학생,경기,서울외수도권,수도권,0,1,1,0,0,0,0,1,0,0,1,0,0,0,1,카페라떼,달콤한커피류,아메리카노,1,1.0,1.0,1.0,0.0,1.0,0.0,0.0,0.0,0.0,0.0,0.0,0.0,1.0,0.0,0.0,0.0,0.0,0.0,0.0,0,,,,,,,,,,,,,,,,,,,,1,1.0,0.0,1.0,0.0,1.0,0.0,0.0,0.0,0.0,0.0,1.0,1.0,0.0,0.0,0.0,0.0,0.0,0.0,0.0,1,1.0,0.0,0.0,0.0,0.0,0.0,1.0,1.0,0.0,0.0,0.0,1.0,0.0,0.0,0.0,0.0,0.0,1.0,0.0,0,,,,,,,,,,,,,,,,,,,,1,1.0,1.0,1.0,0.0,0.0,0.0,0.0,0.0,0.0,0.0,1.0,0.0,0.0,0.0,0.0,0.0,0.0,0.0,0.0
R0091,여,50,50대,50~54,직장인,판매/영업 서비스직,서울,서울,수도권,0,1,1,0,1,0,0,0,0,0,0,0,0,0,0,아메리카노,카페라떼,콜드브루,0,,,,,,,,,,,,,,,,,,,,1,1.0,0.0,0.0,0.0,1.0,0.0,0.0,0.0,0.0,0.0,0.0,0.0,0.0,0.0,0.0,1.0,0.0,0.0,0.0,1,1.0,1.0,0.0,0.0,0.0,0.0,1.0,0.0,0.0,0.0,0.0,0.0,0.0,0.0,0.0,0.0,0.0,0.0,0.0,0,,,,,,,,,,,,,,,,,,,,0,,,,,,,,,,,,,,,,,,,,1,1.0,0.0,0.0,0.0,1.0,0.0,1.0,0.0,0.0,0.0,0.0,0.0,0.0,0.0,0.0,0.0,0.0,0.0,0.0
R0092,여,39,30대,35~39,직장인,기능/작업직,울산,5대광역시,비수도권,0,1,1,0,0,0,0,1,0,1,1,0,0,0,1,카페라떼,아메리카노,달콤한커피류,1,1.0,1.0,0.0,1.0,1.0,1.0,0.0,0.0,0.0,0.0,0.0,0.0,0.0,0.0,0.0,0.0,0.0,0.0,0.0,1,1.0,1.0,0.0,1.0,0.0,0.0,1.0,0.0,0.0,0.0,1.0,0.0,0.0,0.0,0.0,0.0,0.0,0.0,0.0,0,,,,,,,,,,,,,,,,,,,,1,1.0,1.0,0.0,1.0,0.0,1.0,0.0,0.0,0.0,0.0,1.0,0.0,0.0,0.0,1.0,0.0,0.0,0.0,0.0,0,,,,,,,,,,,,,,,,,,,,1,1.0,1.0,1.0,0.0,1.0,0.0,0.0,0.0,0.0,0.0,0.0,0.0,0.0,0.0,0.0,0.0,0.0,0.0,0.0
R0093,여,32,30대,30~34,전업주부,전업주부,서울,서울,수도권,0,0,1,0,0,0,0,1,0,0,0,0,0,0,0,카페라떼,달콤한커피류,,1,1.0,0.0,0.0,0.0,0.0,1.0,0.0,0.0,0.0,0.0,0.0,0.0,0.0,0.0,0.0,0.0,0.0,0.0,0.0,0,,,,,,,,,,,,,,,,,,,,0,,,,,,,,,,,,,,,,,,,,1,1.0,1.0,0.0,1.0,0.0,0.0,0.0,0.0,1.0,0.0,0.0,0.0,0.0,0.0,0.0,0.0,0.0,0.0,0.0,0,,,,,,,,,,,,,,,,,,,,0,,,,,,,,,,,,,,,,,,,
R0094,남,28,20대,25~29,기타직업,자영업,경기,서울외수도권,수도권,0,1,1,0,0,0,0,1,0,1,0,0,0,0,0,아메리카노,달콤한커피류,카페라떼,0,,,,,,,,,,,,,,,,,,,,0,,,,,,,,,,,,,,,,,,,,1,1.0,0.0,0.0,0.0,0.0,0.0,0.0,0.0,0.0,0.0,0.0,0.0,0.0,0.0,0.0,0.0,0.0,0.0,0.0,0,,,,,,,,,,,,,,,,,,,,0,,,,,,,,,,,,,,,,,,,,1,1.0,0.0,0.0,1.0,1.0,1.0,0.0,0.0,0.0,0.0,1.0,0.0,0.0,0.0,0.0,0.0,0.0,0.0,0.0
R0095,여,33,30대,30~34,기타직업,경영/관리직,대전,5대광역시,비수도권,0,0,0,0,0,0,0,1,0,0,0,0,0,1,0,달콤한커피류,스무디쉐이크,,1,1.0,1.0,0.0,0.0,1.0,1.0,0.0,0.0,0.0,1.0,0.0,0.0,0.0,0.0,0.0,0.0,0.0,0.0,0.0,0,,,,,,,,,,,,,,,,,,,,1,1.0,1.0,1.0,0.0,0.0,1.0,1.0,0.0,0.0,0.0,0.0,0.0,0.0,0.0,0.0,0.0,0.0,0.0,0.0,1,1.0,1.0,0.0,0.0,0.0,0.0,0.0,0.0,0.0,0.0,0.0,0.0,0.0,0.0,0.0,0.0,0.0,0.0,0.0,0,,,,,,,,,,,,,,,,,,,,0,,,,,,,,,,,,,,,,,,,
R0096,여,20,20대,20~24,직장인,사무/기술직,경기,서울외수도권,수도권,0,1,0,0,0,0,0,1,0,0,0,1,0,0,1,달콤한커피류,아메리카노,과일티에이드,0,,,,,,,,,,,,,,,,,,,,1,1.0,1.0,0.0,0.0,0.0,0.0,1.0,0.0,0.0,1.0,1.0,1.0,0.0,0.0,0.0,0.0,0.0,0.0,0.0,1,1.0,1.0,0.0,1.0,0.0,0.0,0.0,0.0,0.0,0.0,1.0,0.0,0.0,0.0,0.0,0.0,0.0,0.0,0.0,0,,,,,,,,,,,,,,,,,,,,1,1.0,1.0,0.0,0.0,0.0,0.0,0.0,0.0,0.0,0.0,1.0,0.0,0.0,0.0,0.0,0.0,0.0,0.0,0.0,0,,,,,,,,,,,,,,,,,,,
R0097,남,56,50대,55~59,전업주부,전업주부,경기,서울외수도권,수도권,0,0,1,0,0,0,0,0,0,1,1,1,0,0,0,달콤한티,기본티,카페라떼,0,,,,,,,,,,,,,,,,,,,,1,1.0,0.0,1.0,1.0,0.0,1.0,0.0,0.0,0.0,0.0,0.0,0.0,0.0,0.0,0.0,1.0,0.0,0.0,0.0,1,1.0,0.0,0.0,0.0,1.0,0.0,0.0,0.0,0.0,1.0,0.0,0.0,1.0,0.0,0.0,0.0,0.0,1.0,0.0,0,,,,,,,,,,,,,,,,,,,,0,,,,,,,,,,,,,,,,,,,,0,,,,,,,,,,,,,,,,,,,
R0098,여,26,20대,25~29,대학(원)생,대학생,경남,기타지역,비수도권,0,1,0,0,0,0,0,0,1,0,1,0,1,1,0,아메리카노,얼음갈린티,얼음갈린커피,1,1.0,1.0,0.0,0.0,1.0,1.0,0.0,0.0,0.0,0.0,1.0,0.0,0.0,0.0,0.0,0.0,0.0,0.0,0.0,0,,,,,,,,,,,,,,,,,,,,0,,,,,,,,,,,,,,,,,,,,0,,,,,,,,,,,,,,,,,,,,0,,,,,,,,,,,,,,,,,,,,0,,,,,,,,,,,,,,,,,,,
R0099,여,48,40대,45~49,기타직업,무직,경기,서울외수도권,수도권,0,0,0,0,0,0,0,0,0,0,0,0,1,0,0,얼음갈린티,,,0,,,,,,,,,,,,,,,,,,,,0,,,,,,,,,,,,,,,,,,,,1,1.0,0.0,0.0,1.0,1.0,0.0,0.0,0.0,0.0,0.0,0.0,0.0,0.0,0.0,0.0,0.0,0.0,0.0,0.0,0,,,,,,,,,,,,,,,,,,,,1,1.0,1.0,0.0,1.0,0.0,0.0,0.0,0.0,0.0,0.0,0.0,0.0,0.0,0.0,1.0,0.0,0.0,0.0,0.0,0,,,,,,,,,,,,,,,,,,,
R0100,남,29,20대,25~29,직장인,사무/기술직,경남,기타지역,비수도권,0,1,1,1,0,0,0,0,0,0,0,0,0,0,1,카페라떼,아메리카노,주스에이드,0,,,,,,,,,,,,,,,,,,,,0,,,,,,,,,,,,,,,,,,,,1,1.0,1.0,0.0,0.0,0.0,1.0,0.0,0.0,0.0,0.0,0.0,0.0,0.0,0.0,0.0,0.0,0.0,0.0,0.0,1,1.0,1.0,1.0,0.0,1.0,1.0,0.0,1.0,0.0,0.0,0.0,0.0,0.0,0.0,0.0,0.0,0.0,0.0,0.0,1,1.0,1.0,0.0,0.0,0.0,1.0,0.0,0.0,0.0,1.0,0.0,0.0,0.0,0.0,1.0,0.0,0.0,0.0,0.0,0,,,,,,,,,,,,,,,,,,,
R0101,여,50,50대,50~54,기타직업,무직,경기,서울외수도권,수도권,1,1,0,0,0,0,0,1,0,0,0,0,0,0,1,아메리카노,주스에이드,달콤한커피류,0,,,,,,,,,,,,,,,,,,,,1,1.0,0.0,0.0,0.0,1.0,0.0,0.0,0.0,0.0,0.0,1.0,0.0,0.0,0.0,0.0,0.0,1.0,0.0,0.0,0,,,,,,,,,,,,,,,,,,,,0,,,,,,,,,,,,,,,,,,,,1,1.0,0.0,0.0,0.0,0.0,1.0,0.0,0.0,0.0,1.0,0.0,0.0,0.0,0.0,0.0,0.0,0.0,0.0,0.0,0,,,,,,,,,,,,,,,,,,,
R0102,남,40,40대,40~44,기타직업,기타,경북,기타지역,비수도권,0,0,0,0,0,0,0,0,0,0,0,0,0,0,0,,,,1,1.0,1.0,0.0,1.0,0.0,0.0,0.0,0.0,0.0,0.0,0.0,0.0,0.0,0.0,0.0,0.0,0.0,0.0,0.0,0,,,,,,,,,,,,,,,,,,,,1,1.0,0.0,0.0,0.0,0.0,0.0,0.0,0.0,0.0,0.0,0.0,0.0,0.0,0.0,0.0,0.0,0.0,1.0,0.0,1,1.0,1.0,0.0,0.0,1.0,0.0,0.0,0.0,0.0,0.0,0.0,0.0,1.0,0.0,0.0,0.0,1.0,0.0,0.0,0,,,,,,,,,,,,,,,,,,,,1,1.0,0.0,0.0,0.0,0.0,0.0,0.0,0.0,0.0,1.0,0.0,0.0,0.0,0.0,0.0,0.0,1.0,0.0,0.0
R0103,여,49,40대,45~49,직장인,사무/기술직,광주,5대광역시,비수도권,0,0,0,0,1,0,0,1,0,0,0,0,0,0,0,콜드브루,달콤한커피류,,0,,,,,,,,,,,,,,,,,,,,0,,,,,,,,,,,,,,,,,,,,1,1.0,1.0,0.0,0.0,0.0,0.0,0.0,0.0,0.0,0.0,0.0,0.0,0.0,0.0,0.0,0.0,0.0,0.0,0.0,1,1.0,1.0,0.0,1.0,0.0,0.0,0.0,0.0,0.0,1.0,0.0,0.0,0.0,0.0,0.0,0.0,0.0,0.0,0.0,1,1.0,0.0,1.0,1.0,0.0,0.0,0.0,0.0,0.0,0.0,0.0,0.0,0.0,0.0,0.0,0.0,0.0,0.0,0.0,0,,,,,,,,,,,,,,,,,,,
R0104,여,27,20대,25~29,기타직업,기타,경기,서울외수도권,수도권,0,0,1,0,0,0,0,0,1,0,0,1,0,0,0,얼음갈린커피,카페라떼,과일티에이드,0,,,,,,,,,,,,,,,,,,,,1,1.0,0.0,0.0,0.0,0.0,0.0,1.0,0.0,0.0,0.0,0.0,0.0,0.0,0.0,0.0,0.0,0.0,0.0,0.0,0,,,,,,,,,,,,,,,,,,,,1,1.0,0.0,0.0,0.0,0.0,1.0,0.0,0.0,0.0,0.0,0.0,0.0,0.0,0.0,0.0,1.0,0.0,0.0,0.0,0,,,,,,,,,,,,,,,,,,,,0,,,,,,,,,,,,,,,,,,,
R0105,남,58,50대,55~59,기타직업,무직,경기,서울외수도권,수도권,0,1,1,0,0,0,0,0,0,0,0,1,0,1,0,카페라떼,아메리카노,과일티에이드,1,1.0,1.0,0.0,0.0,0.0,0.0,0.0,0.0,0.0,0.0,0.0,0.0,0.0,0.0,0.0,1.0,1.0,0.0,0.0,1,1.0,1.0,0.0,0.0,1.0,0.0,1.0,0.0,0.0,0.0,0.0,0.0,0.0,0.0,0.0,1.0,0.0,0.0,0.0,0,,,,,,,,,,,,,,,,,,,,0,,,,,,,,,,,,,,,,,,,,0,,,,,,,,,,,,,,,,,,,,0,,,,,,,,,,,,,,,,,,,
R0106,남,27,20대,25~29,대학(원)생,대학생,대전,5대광역시,비수도권,0,0,1,0,0,0,0,1,0,0,0,0,0,0,1,달콤한커피류,카페라떼,주스에이드,1,1.0,1.0,0.0,0.0,1.0,0.0,0.0,0.0,0.0,0.0,0.0,0.0,0.0,0.0,0.0,0.0,0.0,1.0,0.0,0,,,,,,,,,,,,,,,,,,,,0,,,,,,,,,,,,,,,,,,,,0,,,,,,,,,,,,,,,,,,,,0,,,,,,,,,,,,,,,,,,,,0,,,,,,,,,,,,,,,,,,,
R0107,여,39,30대,35~39,직장인,자유/전문직,경기,서울외수도권,수도권,0,1,0,0,0,0,0,0,0,0,1,1,0,0,0,과일티에이드,아메리카노,달콤한티,1,1.0,1.0,1.0,1.0,1.0,0.0,0.0,0.0,0.0,0.0,0.0,0.0,0.0,0.0,0.0,0.0,0.0,0.0,0.0,1,1.0,1.0,0.0,1.0,0.0,0.0,1.0,0.0,0.0,0.0,0.0,0.0,0.0,0.0,0.0,1.0,0.0,0.0,0.0,0,,,,,,,,,,,,,,,,,,,,0,,,,,,,,,,,,,,,,,,,,1,1.0,1.0,0.0,0.0,0.0,0.0,0.0,1.0,0.0,1.0,0.0,0.0,0.0,0.0,0.0,0.0,1.0,0.0,0.0,1,1.0,1.0,0.0,0.0,0.0,1.0,0.0,0.0,0.0,0.0,1.0,0.0,0.0,0.0,0.0,0.0,0.0,0.0,0.0
R0108,여,57,50대,55~59,직장인,기능/작업직,경기,서울외수도권,수도권,0,1,1,0,0,0,0,1,0,0,0,1,1,0,0,아메리카노,과일티에이드,달콤한커피류,1,1.0,1.0,0.0,0.0,0.0,0.0,0.0,0.0,1.0,0.0,0.0,1.0,0.0,0.0,0.0,0.0,0.0,0.0,0.0,1,1.0,1.0,0.0,0.0,0.0,0.0,0.0,0.0,0.0,1.0,0.0,0.0,0.0,0.0,0.0,0.0,1.0,0.0,0.0,0,,,,,,,,,,,,,,,,,,,,1,1.0,1.0,0.0,0.0,1.0,0.0,1.0,0.0,0.0,0.0,0.0,0.0,0.0,0.0,0.0,0.0,0.0,0.0,0.0,1,1.0,0.0,0.0,0.0,0.0,0.0,0.0,0.0,0.0,0.0,1.0,0.0,0.0,0.0,0.0,0.0,0.0,0.0,0.0,1,1.0,1.0,0.0,0.0,1.0,0.0,0.0,0.0,1.0,0.0,0.0,0.0,0.0,0.0,0.0,0.0,0.0,0.0,0.0
R0109,여,34,30대,30~34,기타직업,판매/영업 서비스직,경기,서울외수도권,수도권,0,1,0,0,0,0,0,0,0,0,0,0,1,1,0,아메리카노,스무디쉐이크,얼음갈린티,1,1.0,1.0,0.0,1.0,1.0,0.0,0.0,0.0,0.0,0.0,0.0,0.0,0.0,0.0,0.0,0.0,1.0,0.0,0.0,0,,,,,,,,,,,,,,,,,,,,0,,,,,,,,,,,,,,,,,,,,0,,,,,,,,,,,,,,,,,,,,0,,,,,,,,,,,,,,,,,,,,1,1.0,1.0,1.0,1.0,0.0,0.0,0.0,0.0,0.0,0.0,1.0,0.0,0.0,0.0,0.0,0.0,0.0,0.0,0.0
R0110,남,41,40대,40~44,직장인,사무/기술직,서울,서울,수도권,0,1,0,0,0,0,0,1,0,0,0,1,0,0,1,아메리카노,달콤한커피류,과일티에이드,0,,,,,,,,,,,,,,,,,,,,0,,,,,,,,,,,,,,,,,,,,0,,,,,,,,,,,,,,,,,,,,1,1.0,0.0,0.0,0.0,0.0,1.0,1.0,0.0,1.0,0.0,0.0,1.0,0.0,0.0,0.0,0.0,0.0,0.0,0.0,0,,,,,,,,,,,,,,,,,,,,1,1.0,1.0,0.0,0.0,0.0,0.0,0.0,0.0,1.0,0.0,0.0,0.0,0.0,0.0,0.0,0.0,0.0,0.0,0.0
R0111,여,26,20대,25~29,전업주부,전업주부,충북,기타지역,비수도권,0,1,0,0,0,0,0,0,0,0,1,0,1,1,0,아메리카노,달콤한티,얼음갈린티,0,,,,,,,,,,,,,,,,,,,,0,,,,,,,,,,,,,,,,,,,,1,1.0,1.0,0.0,0.0,0.0,0.0,0.0,0.0,0.0,1.0,0.0,0.0,0.0,0.0,0.0,0.0,0.0,0.0,0.0,0,,,,,,,,,,,,,,,,,,,,0,,,,,,,,,,,,,,,,,,,,0,,,,,,,,,,,,,,,,,,,
R0112,남,39,30대,35~39,직장인,사무/기술직,부산,5대광역시,비수도권,0,1,0,0,0,0,0,1,0,1,1,0,0,0,0,아메리카노,달콤한티,달콤한커피류,0,,,,,,,,,,,,,,,,,,,,0,,,,,,,,,,,,,,,,,,,,0,,,,,,,,,,,,,,,,,,,,1,1.0,0.0,1.0,0.0,0.0,0.0,1.0,0.0,0.0,0.0,1.0,1.0,0.0,0.0,0.0,0.0,0.0,0.0,1.0,1,1.0,1.0,0.0,1.0,0.0,0.0,0.0,0.0,0.0,1.0,0.0,0.0,0.0,0.0,0.0,0.0,1.0,0.0,0.0,0,,,,,,,,,,,,,,,,,,,
R0113,여,37,30대,35~39,전업주부,전업주부,충남,기타지역,비수도권,0,1,1,1,0,0,0,0,0,0,0,1,1,0,0,아메리카노,카푸치노,카페라떼,0,,,,,,,,,,,,,,,,,,,,0,,,,,,,,,,,,,,,,,,,,1,1.0,1.0,0.0,0.0,0.0,0.0,0.0,0.0,0.0,0.0,0.0,0.0,0.0,0.0,0.0,0.0,0.0,1.0,0.0,0,,,,,,,,,,,,,,,,,,,,1,1.0,1.0,0.0,0.0,0.0,0.0,0.0,0.0,0.0,0.0,0.0,0.0,0.0,0.0,1.0,0.0,0.0,0.0,0.0,0,,,,,,,,,,,,,,,,,,,
R0114,남,21,20대,20~24,직장인,사무/기술직,서울,서울,수도권,0,0,0,0,0,0,0,1,0,0,0,1,0,0,0,과일티에이드,달콤한커피류,,1,1.0,1.0,1.0,1.0,1.0,1.0,1.0,1.0,0.0,1.0,0.0,0.0,0.0,0.0,0.0,0.0,1.0,0.0,0.0,0,,,,,,,,,,,,,,,,,,,,0,,,,,,,,,,,,,,,,,,,,1,1.0,1.0,0.0,1.0,0.0,1.0,1.0,0.0,0.0,0.0,0.0,1.0,0.0,0.0,0.0,0.0,0.0,0.0,0.0,0,,,,,,,,,,,,,,,,,,,,0,,,,,,,,,,,,,,,,,,,
R0115,여,46,40대,45~49,직장인,경영/관리직,부산,5대광역시,비수도권,0,1,1,1,0,0,0,0,0,0,0,0,0,0,0,아메리카노,카푸치노,카페라떼,0,,,,,,,,,,,,,,,,,,,,1,1.0,1.0,0.0,0.0,0.0,1.0,0.0,0.0,0.0,0.0,0.0,0.0,0.0,0.0,0.0,0.0,0.0,0.0,0.0,1,1.0,0.0,0.0,0.0,0.0,0.0,0.0,0.0,0.0,0.0,0.0,0.0,0.0,0.0,0.0,1.0,0.0,0.0,0.0,1,1.0,1.0,0.0,0.0,0.0,1.0,0.0,0.0,0.0,0.0,0.0,0.0,0.0,0.0,0.0,1.0,1.0,0.0,0.0,0,,,,,,,,,,,,,,,,,,,,0,,,,,,,,,,,,,,,,,,,
R0116,남,38,30대,35~39,직장인,사무/기술직,대구,5대광역시,비수도권,0,0,0,0,0,0,0,0,0,0,0,0,1,0,0,얼음갈린티,,,1,1.0,0.0,0.0,0.0,0.0,0.0,0.0,0.0,0.0,0.0,0.0,0.0,0.0,0.0,0.0,0.0,0.0,0.0,0.0,0,,,,,,,,,,,,,,,,,,,,0,,,,,,,,,,,,,,,,,,,,0,,,,,,,,,,,,,,,,,,,,0,,,,,,,,,,,,,,,,,,,,0,,,,,,,,,,,,,,,,,,,
R0117,여,59,50대,55~59,직장인,사무/기술직,대전,5대광역시,비수도권,0,1,0,0,0,0,0,0,0,1,0,1,0,0,0,아메리카노,기본티,과일티에이드,1,1.0,0.0,0.0,1.0,0.0,0.0,0.0,0.0,0.0,0.0,0.0,0.0,0.0,0.0,0.0,0.0,0.0,0.0,0.0,1,1.0,0.0,0.0,1.0,1.0,0.0,0.0,0.0,0.0,0.0,0.0,0.0,0.0,0.0,0.0,0.0,0.0,0.0,0.0,1,1.0,1.0,0.0,0.0,1.0,0.0,0.0,1.0,0.0,0.0,1.0,0.0,0.0,0.0,0.0,0.0,0.0,0.0,0.0,0,,,,,,,,,,,,,,,,,,,,1,1.0,1.0,0.0,0.0,0.0,0.0,0.0,0.0,0.0,0.0,0.0,0.0,0.0,0.0,0.0,0.0,0.0,0.0,0.0,1,1.0,1.0,0.0,1.0,0.0,1.0,0.0,0.0,0.0,0.0,0.0,0.0,0.0,0.0,0.0,0.0,0.0,0.0,0.0
R0118,남,23,20대,20~24,기타직업,기타,부산,5대광역시,비수도권,0,1,0,0,0,0,0,1,0,0,0,0,0,1,0,아메리카노,스무디쉐이크,달콤한커피류,1,1.0,1.0,0.0,0.0,0.0,0.0,1.0,0.0,0.0,0.0,0.0,0.0,0.0,0.0,0.0,0.0,1.0,0.0,0.0,0,,,,,,,,,,,,,,,,,,,,0,,,,,,,,,,,,,,,,,,,,0,,,,,,,,,,,,,,,,,,,,0,,,,,,,,,,,,,,,,,,,,0,,,,,,,,,,,,,,,,,,,
R0119,남,53,50대,50~54,직장인,자유/전문직,대전,5대광역시,비수도권,0,1,0,0,1,0,0,1,0,0,0,0,0,1,0,달콤한커피류,아메리카노,스무디쉐이크,1,1.0,1.0,0.0,0.0,0.0,1.0,0.0,0.0,0.0,0.0,0.0,0.0,0.0,0.0,0.0,0.0,0.0,0.0,0.0,0,,,,,,,,,,,,,,,,,,,,0,,,,,,,,,,,,,,,,,,,,0,,,,,,,,,,,,,,,,,,,,0,,,,,,,,,,,,,,,,,,,,1,1.0,1.0,0.0,0.0,0.0,1.0,0.0,0.0,0.0,0.0,0.0,0.0,0.0,0.0,0.0,0.0,0.0,0.0,0.0
R0120,여,28,20대,25~29,기타직업,기타,전북,기타지역,비수도권,0,1,1,0,0,0,0,0,0,0,0,0,0,1,0,아메리카노,카페라떼,스무디쉐이크,1,1.0,1.0,0.0,1.0,0.0,0.0,0.0,0.0,0.0,0.0,0.0,0.0,0.0,0.0,0.0,0.0,0.0,0.0,0.0,0,,,,,,,,,,,,,,,,,,,,1,1.0,1.0,0.0,0.0,0.0,0.0,0.0,0.0,0.0,0.0,0.0,0.0,0.0,0.0,0.0,0.0,1.0,0.0,0.0,1,1.0,1.0,0.0,0.0,0.0,0.0,1.0,1.0,0.0,1.0,0.0,0.0,0.0,0.0,1.0,0.0,0.0,0.0,0.0,0,,,,,,,,,,,,,,,,,,,,0,,,,,,,,,,,,,,,,,,,
R0121,여,37,30대,35~39,직장인,사무/기술직,경기,서울외수도권,수도권,1,1,1,0,0,0,0,0,0,0,0,1,0,0,0,카페라떼,아메리카노,과일티에이드,0,,,,,,,,,,,,,,,,,,,,0,,,,,,,,,,,,,,,,,,,,0,,,,,,,,,,,,,,,,,,,,0,,,,,,,,,,,,,,,,,,,,0,,,,,,,,,,,,,,,,,,,,0,,,,,,,,,,,,,,,,,,,
R0122,여,48,40대,45~49,직장인,기능/작업직,충남,기타지역,비수도권,0,1,1,0,1,0,0,0,1,0,0,0,1,0,0,아메리카노,카페라떼,얼음갈린티,0,,,,,,,,,,,,,,,,,,,,0,,,,,,,,,,,,,,,,,,,,0,,,,,,,,,,,,,,,,,,,,0,,,,,,,,,,,,,,,,,,,,1,1.0,1.0,0.0,0.0,0.0,0.0,0.0,0.0,0.0,0.0,0.0,1.0,0.0,0.0,0.0,1.0,0.0,0.0,0.0,0,,,,,,,,,,,,,,,,,,,
R0123,남,45,40대,45~49,직장인,자유/전문직,서울,서울,수도권,0,0,1,0,0,0,0,0,1,0,0,0,0,0,0,카페라떼,얼음갈린커피,,0,,,,,,,,,,,,,,,,,,,,1,1.0,1.0,0.0,1.0,0.0,0.0,0.0,0.0,0.0,0.0,0.0,0.0,0.0,0.0,0.0,0.0,0.0,0.0,0.0,0,,,,,,,,,,,,,,,,,,,,0,,,,,,,,,,,,,,,,,,,,0,,,,,,,,,,,,,,,,,,,,1,1.0,1.0,0.0,0.0,0.0,1.0,1.0,0.0,0.0,0.0,0.0,0.0,0.0,0.0,0.0,0.0,0.0,0.0,0.0
R0124,여,21,20대,20~24,직장인,사무/기술직,부산,5대광역시,비수도권,0,1,0,0,0,0,0,0,0,0,0,1,1,0,0,얼음갈린티,아메리카노,과일티에이드,0,,,,,,,,,,,,,,,,,,,,0,,,,,,,,,,,,,,,,,,,,1,1.0,1.0,0.0,0.0,0.0,0.0,1.0,0.0,0.0,0.0,0.0,1.0,0.0,0.0,0.0,0.0,0.0,0.0,0.0,1,1.0,0.0,0.0,1.0,0.0,0.0,0.0,0.0,0.0,0.0,0.0,0.0,0.0,0.0,0.0,0.0,1.0,0.0,0.0,0,,,,,,,,,,,,,,,,,,,,0,,,,,,,,,,,,,,,,,,,
R0125,남,35,30대,35~39,직장인,사무/기술직,서울,서울,수도권,0,0,0,0,0,0,0,1,0,0,0,0,1,0,0,얼음갈린티,달콤한커피류,,1,1.0,1.0,1.0,1.0,0.0,1.0,0.0,0.0,0.0,0.0,0.0,0.0,0.0,0.0,0.0,0.0,0.0,0.0,0.0,1,1.0,1.0,0.0,1.0,1.0,0.0,1.0,0.0,0.0,0.0,0.0,0.0,0.0,0.0,0.0,0.0,0.0,0.0,0.0,0,,,,,,,,,,,,,,,,,,,,1,1.0,1.0,0.0,1.0,0.0,0.0,1.0,0.0,0.0,0.0,0.0,0.0,0.0,0.0,0.0,0.0,0.0,0.0,0.0,1,1.0,0.0,0.0,0.0,0.0,0.0,0.0,0.0,1.0,0.0,1.0,0.0,0.0,0.0,0.0,0.0,0.0,0.0,0.0,0,,,,,,,,,,,,,,,,,,,
R0126,여,36,30대,35~39,직장인,사무/기술직,경북,기타지역,비수도권,0,1,1,0,1,0,0,1,0,0,0,0,0,0,1,달콤한커피류,콜드브루,카페라떼,0,,,,,,,,,,,,,,,,,,,,0,,,,,,,,,,,,,,,,,,,,1,1.0,1.0,1.0,0.0,1.0,0.0,0.0,1.0,0.0,0.0,0.0,0.0,0.0,0.0,0.0,0.0,0.0,0.0,0.0,0,,,,,,,,,,,,,,,,,,,,0,,,,,,,,,,,,,,,,,,,,0,,,,,,,,,,,,,,,,,,,
R0127,남,45,40대,45~49,기타직업,무직,서울,서울,수도권,0,1,1,0,0,0,0,1,0,0,0,0,0,0,0,아메리카노,달콤한커피류,카페라떼,0,,,,,,,,,,,,,,,,,,,,1,1.0,1.0,1.0,0.0,1.0,0.0,0.0,0.0,0.0,0.0,0.0,0.0,0.0,0.0,0.0,0.0,1.0,0.0,0.0,1,1.0,1.0,0.0,0.0,1.0,1.0,0.0,0.0,0.0,1.0,0.0,0.0,0.0,0.0,0.0,0.0,1.0,0.0,0.0,0,,,,,,,,,,,,,,,,,,,,0,,,,,,,,,,,,,,,,,,,,0,,,,,,,,,,,,,,,,,,,
R0128,남,51,50대,50~54,직장인,자유/전문직,경기,서울외수도권,수도권,0,1,0,0,0,1,0,1,0,0,1,1,0,0,0,달콤한커피류,아메리카노,콜드브루라떼,0,,,,,,,,,,,,,,,,,,,,1,1.0,1.0,0.0,0.0,0.0,0.0,1.0,0.0,0.0,0.0,0.0,0.0,1.0,0.0,0.0,0.0,0.0,0.0,0.0,0,,,,,,,,,,,,,,,,,,,,1,1.0,1.0,0.0,1.0,0.0,1.0,1.0,0.0,0.0,0.0,0.0,0.0,0.0,0.0,0.0,0.0,0.0,0.0,0.0,1,1.0,0.0,0.0,0.0,0.0,1.0,0.0,0.0,0.0,0.0,0.0,0.0,0.0,0.0,0.0,0.0,0.0,0.0,0.0,1,1.0,0.0,0.0,0.0,0.0,0.0,0.0,0.0,0.0,0.0,0.0,0.0,0.0,0.0,0.0,0.0,0.0,0.0,0.0
R0129,여,58,50대,55~59,직장인,자영업,경기,서울외수도권,수도권,0,1,1,0,0,0,0,0,0,0,0,0,0,0,1,주스에이드,아메리카노,카페라떼,1,1.0,0.0,1.0,1.0,1.0,0.0,0.0,0.0,0.0,0.0,0.0,0.0,0.0,0.0,0.0,0.0,0.0,0.0,0.0,1,1.0,1.0,1.0,1.0,1.0,0.0,0.0,0.0,0.0,0.0,0.0,0.0,0.0,0.0,0.0,0.0,0.0,1.0,0.0,1,1.0,1.0,0.0,0.0,0.0,0.0,1.0,0.0,0.0,0.0,0.0,1.0,0.0,0.0,0.0,0.0,0.0,0.0,0.0,0,,,,,,,,,,,,,,,,,,,,0,,,,,,,,,,,,,,,,,,,,0,,,,,,,,,,,,,,,,,,,
R0130,남,53,50대,50~54,기타직업,무직,서울,서울,수도권,0,0,1,0,0,0,0,0,0,0,0,0,0,0,0,카페라떼,,,0,,,,,,,,,,,,,,,,,,,,0,,,,,,,,,,,,,,,,,,,,1,1.0,1.0,0.0,1.0,0.0,0.0,0.0,0.0,0.0,0.0,0.0,0.0,0.0,0.0,0.0,1.0,0.0,0.0,0.0,0,,,,,,,,,,,,,,,,,,,,0,,,,,,,,,,,,,,,,,,,,0,,,,,,,,,,,,,,,,,,,
R0131,남,25,20대,25~29,직장인,사무/기술직,경기,서울외수도권,수도권,0,1,0,0,0,0,0,0,0,0,0,0,1,0,0,아메리카노,얼음갈린티,,0,,,,,,,,,,,,,,,,,,,,1,1.0,1.0,0.0,0.0,0.0,0.0,1.0,0.0,0.0,0.0,0.0,0.0,0.0,0.0,0.0,1.0,0.0,0.0,0.0,0,,,,,,,,,,,,,,,,,,,,0,,,,,,,,,,,,,,,,,,,,0,,,,,,,,,,,,,,,,,,,,0,,,,,,,,,,,,,,,,,,,
R0132,남,41,40대,40~44,직장인,사무/기술직,부산,5대광역시,비수도권,0,1,0,0,1,0,0,0,0,0,0,1,0,0,0,아메리카노,과일티에이드,콜드브루,1,1.0,1.0,0.0,0.0,1.0,0.0,0.0,0.0,0.0,0.0,0.0,0.0,0.0,0.0,0.0,0.0,0.0,1.0,0.0,1,1.0,1.0,0.0,0.0,1.0,0.0,0.0,0.0,0.0,0.0,0.0,0.0,0.0,0.0,0.0,0.0,1.0,0.0,0.0,0,,,,,,,,,,,,,,,,,,,,0,,,,,,,,,,,,,,,,,,,,0,,,,,,,,,,,,,,,,,,,,0,,,,,,,,,,,,,,,,,,,
R0133,여,45,40대,45~49,직장인,사무/기술직,경기,서울외수도권,수도권,0,0,1,0,0,0,0,1,0,0,0,0,0,0,0,달콤한커피류,카페라떼,,1,1.0,1.0,0.0,1.0,0.0,0.0,0.0,0.0,0.0,0.0,0.0,0.0,0.0,0.0,0.0,0.0,1.0,0.0,0.0,0,,,,,,,,,,,,,,,,,,,,0,,,,,,,,,,,,,,,,,,,,0,,,,,,,,,,,,,,,,,,,,1,1.0,0.0,1.0,0.0,0.0,0.0,0.0,0.0,0.0,0.0,0.0,0.0,0.0,0.0,1.0,0.0,0.0,0.0,0.0,0,,,,,,,,,,,,,,,,,,,
R0134,남,59,50대,55~59,직장인,사무/기술직,경기,서울외수도권,수도권,0,1,1,1,0,0,0,1,1,0,0,0,0,0,0,아메리카노,달콤한커피류,카페라떼,0,,,,,,,,,,,,,,,,,,,,1,1.0,0.0,0.0,0.0,1.0,0.0,1.0,0.0,0.0,0.0,0.0,0.0,0.0,0.0,0.0,0.0,0.0,0.0,0.0,1,1.0,1.0,0.0,0.0,1.0,1.0,0.0,0.0,1.0,0.0,0.0,0.0,0.0,0.0,0.0,0.0,0.0,0.0,0.0,0,,,,,,,,,,,,,,,,,,,,1,1.0,0.0,0.0,0.0,0.0,0.0,0.0,0.0,0.0,0.0,0.0,0.0,0.0,0.0,0.0,0.0,0.0,0.0,0.0,0,,,,,,,,,,,,,,,,,,,
R0135,여,31,30대,30~34,직장인,사무/기술직,전북,기타지역,비수도권,0,1,0,0,0,1,0,0,0,0,0,0,0,0,0,아메리카노,콜드브루라떼,,1,1.0,1.0,0.0,0.0,0.0,0.0,1.0,0.0,1.0,1.0,0.0,0.0,0.0,0.0,0.0,0.0,0.0,0.0,0.0,0,,,,,,,,,,,,,,,,,,,,0,,,,,,,,,,,,,,,,,,,,1,1.0,0.0,1.0,0.0,0.0,0.0,0.0,0.0,0.0,0.0,0.0,0.0,0.0,0.0,0.0,0.0,0.0,0.0,0.0,0,,,,,,,,,,,,,,,,,,,,0,,,,,,,,,,,,,,,,,,,
R0136,여,46,40대,45~49,직장인,기능/작업직,부산,5대광역시,비수도권,1,0,1,0,1,0,0,1,0,0,0,0,0,1,0,카페라떼,달콤한커피류,콜드브루,0,,,,,,,,,,,,,,,,,,,,1,1.0,1.0,0.0,0.0,0.0,0.0,1.0,0.0,0.0,0.0,0.0,0.0,0.0,0.0,0.0,0.0,0.0,0.0,0.0,0,,,,,,,,,,,,,,,,,,,,0,,,,,,,,,,,,,,,,,,,,0,,,,,,,,,,,,,,,,,,,,1,1.0,0.0,0.0,0.0,1.0,0.0,0.0,0.0,0.0,0.0,0.0,0.0,0.0,0.0,0.0,0.0,0.0,0.0,0.0
R0137,여,33,30대,30~34,직장인,자유/전문직,광주,5대광역시,비수도권,0,1,0,0,0,0,0,0,0,1,1,1,0,0,1,과일티에이드,아메리카노,기본티,0,,,,,,,,,,,,,,,,,,,,1,1.0,1.0,0.0,0.0,0.0,0.0,0.0,0.0,0.0,1.0,0.0,0.0,0.0,0.0,0.0,0.0,0.0,0.0,0.0,0,,,,,,,,,,,,,,,,,,,,0,,,,,,,,,,,,,,,,,,,,0,,,,,,,,,,,,,,,,,,,,0,,,,,,,,,,,,,,,,,,,
R0138,여,22,20대,20~24,직장인,자유/전문직,대구,5대광역시,비수도권,0,0,1,0,0,0,0,1,0,0,1,0,1,0,0,달콤한커피류,카페라떼,얼음갈린티,1,1.0,0.0,0.0,0.0,1.0,1.0,0.0,0.0,0.0,0.0,0.0,1.0,0.0,0.0,0.0,0.0,0.0,0.0,0.0,0,,,,,,,,,,,,,,,,,,,,0,,,,,,,,,,,,,,,,,,,,1,1.0,0.0,0.0,0.0,0.0,0.0,0.0,0.0,0.0,1.0,1.0,0.0,0.0,0.0,0.0,0.0,1.0,0.0,0.0,1,1.0,1.0,0.0,0.0,1.0,1.0,1.0,1.0,0.0,0.0,0.0,0.0,0.0,0.0,0.0,0.0,0.0,0.0,0.0,0,,,,,,,,,,,,,,,,,,,
R0139,여,40,40대,40~44,직장인,자유/전문직,경기,서울외수도권,수도권,0,0,0,0,0,0,1,1,0,1,0,0,0,1,1,주스에이드,기본티,스무디쉐이크,1,1.0,0.0,0.0,0.0,0.0,0.0,0.0,0.0,0.0,0.0,1.0,0.0,0.0,0.0,0.0,1.0,0.0,0.0,0.0,0,,,,,,,,,,,,,,,,,,,,1,1.0,1.0,0.0,0.0,0.0,0.0,1.0,0.0,0.0,0.0,0.0,0.0,0.0,0.0,0.0,0.0,0.0,0.0,0.0,1,1.0,1.0,1.0,0.0,0.0,0.0,0.0,0.0,0.0,0.0,0.0,0.0,0.0,0.0,0.0,0.0,1.0,0.0,0.0,1,1.0,0.0,0.0,0.0,0.0,0.0,0.0,0.0,0.0,1.0,0.0,0.0,0.0,0.0,0.0,0.0,0.0,0.0,0.0,1,1.0,1.0,0.0,0.0,0.0,1.0,1.0,1.0,0.0,1.0,0.0,0.0,0.0,0.0,0.0,0.0,0.0,0.0,0.0
R0140,여,59,50대,55~59,직장인,자유/전문직,경기,서울외수도권,수도권,0,1,0,0,0,0,0,1,1,1,1,1,0,0,0,아메리카노,달콤한커피류,과일티에이드,0,,,,,,,,,,,,,,,,,,,,1,1.0,0.0,0.0,0.0,0.0,0.0,0.0,0.0,0.0,0.0,1.0,0.0,0.0,0.0,0.0,0.0,0.0,0.0,0.0,1,1.0,1.0,0.0,0.0,1.0,0.0,1.0,1.0,0.0,0.0,0.0,0.0,0.0,0.0,0.0,0.0,0.0,0.0,0.0,0,,,,,,,,,,,,,,,,,,,,0,,,,,,,,,,,,,,,,,,,,0,,,,,,,,,,,,,,,,,,,
R0141,여,43,40대,40~44,직장인,경영/관리직,부산,5대광역시,비수도권,0,1,1,0,0,1,0,0,0,0,0,1,0,0,1,아메리카노,카페라떼,주스에이드,0,,,,,,,,,,,,,,,,,,,,0,,,,,,,,,,,,,,,,,,,,1,1.0,0.0,0.0,0.0,0.0,0.0,0.0,0.0,0.0,1.0,0.0,0.0,0.0,0.0,0.0,1.0,0.0,0.0,0.0,1,1.0,1.0,0.0,0.0,0.0,0.0,0.0,0.0,0.0,0.0,0.0,0.0,0.0,0.0,0.0,0.0,0.0,1.0,0.0,1,1.0,1.0,0.0,0.0,0.0,1.0,1.0,0.0,0.0,0.0,1.0,0.0,0.0,0.0,1.0,0.0,0.0,0.0,0.0,0,,,,,,,,,,,,,,,,,,,
R0142,남,23,20대,20~24,직장인,경영/관리직,대구,5대광역시,비수도권,0,1,1,0,0,0,0,0,0,0,0,0,0,0,0,아메리카노,카페라떼,,1,1.0,1.0,1.0,0.0,1.0,0.0,0.0,0.0,0.0,0.0,0.0,0.0,0.0,0.0,0.0,1.0,1.0,0.0,0.0,0,,,,,,,,,,,,,,,,,,,,0,,,,,,,,,,,,,,,,,,,,1,1.0,1.0,0.0,0.0,0.0,1.0,0.0,0.0,0.0,0.0,0.0,0.0,0.0,0.0,0.0,0.0,0.0,0.0,0.0,0,,,,,,,,,,,,,,,,,,,,1,1.0,0.0,1.0,0.0,0.0,0.0,1.0,0.0,0.0,0.0,0.0,0.0,0.0,1.0,0.0,0.0,0.0,0.0,0.0
R0143,여,32,30대,30~34,직장인,사무/기술직,서울,서울,수도권,0,0,1,0,0,1,0,1,0,0,0,0,0,1,1,스무디쉐이크,달콤한커피류,주스에이드,0,,,,,,,,,,,,,,,,,,,,0,,,,,,,,,,,,,,,,,,,,0,,,,,,,,,,,,,,,,,,,,0,,,,,,,,,,,,,,,,,,,,0,,,,,,,,,,,,,,,,,,,,1,1.0,0.0,1.0,0.0,1.0,0.0,1.0,0.0,0.0,0.0,0.0,0.0,0.0,0.0,0.0,0.0,0.0,0.0,0.0
R0144,여,51,50대,50~54,직장인,사무/기술직,전북,기타지역,비수도권,0,1,0,0,0,0,0,1,0,0,0,0,0,1,0,스무디쉐이크,달콤한커피류,아메리카노,1,1.0,1.0,0.0,0.0,0.0,0.0,0.0,0.0,0.0,0.0,0.0,0.0,0.0,0.0,0.0,0.0,0.0,0.0,0.0,0,,,,,,,,,,,,,,,,,,,,0,,,,,,,,,,,,,,,,,,,,1,1.0,1.0,0.0,1.0,0.0,1.0,0.0,0.0,0.0,1.0,0.0,1.0,0.0,0.0,0.0,0.0,0.0,0.0,0.0,1,1.0,0.0,0.0,1.0,0.0,0.0,0.0,0.0,0.0,0.0,0.0,0.0,0.0,0.0,0.0,0.0,0.0,0.0,0.0,1,1.0,0.0,1.0,0.0,0.0,0.0,0.0,0.0,0.0,0.0,0.0,0.0,0.0,0.0,0.0,0.0,0.0,0.0,0.0
R0145,여,58,50대,55~59,직장인,사무/기술직,경기,서울외수도권,수도권,0,1,1,0,0,0,0,0,0,0,1,0,0,1,1,아메리카노,달콤한티,카페라떼,0,,,,,,,,,,,,,,,,,,,,0,,,,,,,,,,,,,,,,,,,,1,1.0,1.0,0.0,1.0,0.0,0.0,0.0,0.0,0.0,0.0,0.0,0.0,0.0,0.0,0.0,0.0,1.0,0.0,0.0,0,,,,,,,,,,,,,,,,,,,,1,1.0,1.0,1.0,0.0,0.0,0.0,0.0,1.0,0.0,0.0,0.0,0.0,0.0,0.0,0.0,0.0,0.0,0.0,0.0,0,,,,,,,,,,,,,,,,,,,
R0146,남,30,30대,30~34,직장인,사무/기술직,경기,서울외수도권,수도권,0,1,1,0,1,0,1,1,0,0,0,0,0,0,0,달콤한커피류,카페라떼,아메리카노,0,,,,,,,,,,,,,,,,,,,,0,,,,,,,,,,,,,,,,,,,,1,1.0,1.0,1.0,1.0,0.0,0.0,0.0,0.0,0.0,0.0,0.0,0.0,0.0,0.0,0.0,0.0,0.0,0.0,0.0,1,1.0,1.0,1.0,0.0,0.0,1.0,1.0,1.0,1.0,0.0,0.0,0.0,0.0,0.0,0.0,0.0,0.0,0.0,0.0,0,,,,,,,,,,,,,,,,,,,,0,,,,,,,,,,,,,,,,,,,
R0147,여,59,50대,55~59,직장인,사무/기술직,인천,서울외수도권,수도권,0,0,1,0,0,1,0,0,1,0,1,0,0,0,0,얼음갈린커피,카페라떼,달콤한티,0,,,,,,,,,,,,,,,,,,,,0,,,,,,,,,,,,,,,,,,,,1,1.0,1.0,0.0,0.0,0.0,1.0,1.0,0.0,0.0,0.0,0.0,0.0,0.0,0.0,0.0,1.0,0.0,0.0,0.0,1,1.0,0.0,0.0,0.0,0.0,1.0,0.0,0.0,0.0,0.0,0.0,0.0,0.0,0.0,0.0,1.0,0.0,0.0,0.0,1,1.0,1.0,0.0,0.0,1.0,0.0,0.0,0.0,0.0,0.0,0.0,0.0,0.0,0.0,0.0,0.0,0.0,0.0,0.0,1,1.0,1.0,0.0,1.0,0.0,1.0,1.0,0.0,0.0,0.0,0.0,0.0,0.0,0.0,0.0,0.0,0.0,0.0,0.0
R0148,여,30,30대,30~34,직장인,자영업,경기,서울외수도권,수도권,1,1,1,0,0,0,0,1,0,0,0,0,0,1,0,카페라떼,달콤한커피류,아메리카노,0,,,,,,,,,,,,,,,,,,,,0,,,,,,,,,,,,,,,,,,,,0,,,,,,,,,,,,,,,,,,,,0,,,,,,,,,,,,,,,,,,,,1,1.0,1.0,0.0,0.0,0.0,0.0,0.0,0.0,0.0,0.0,0.0,0.0,0.0,0.0,0.0,0.0,0.0,0.0,0.0,1,1.0,1.0,0.0,0.0,0.0,0.0,1.0,0.0,0.0,1.0,1.0,0.0,0.0,0.0,0.0,0.0,0.0,0.0,0.0
R0149,여,43,40대,40~44,전업주부,전업주부,경기,서울외수도권,수도권,0,1,1,0,0,1,0,0,0,0,0,0,1,0,0,아메리카노,얼음갈린티,카페라떼,1,1.0,0.0,0.0,1.0,0.0,0.0,1.0,0.0,0.0,0.0,0.0,0.0,0.0,0.0,0.0,0.0,0.0,0.0,0.0,1,1.0,1.0,0.0,0.0,0.0,0.0,0.0,0.0,0.0,0.0,0.0,0.0,0.0,0.0,0.0,0.0,0.0,1.0,0.0,1,1.0,1.0,0.0,0.0,0.0,1.0,0.0,0.0,0.0,0.0,0.0,0.0,0.0,0.0,0.0,1.0,0.0,0.0,0.0,0,,,,,,,,,,,,,,,,,,,,0,,,,,,,,,,,,,,,,,,,,0,,,,,,,,,,,,,,,,,,,
R0150,남,32,30대,30~34,직장인,사무/기술직,서울,서울,수도권,0,1,0,0,0,0,0,0,0,0,0,1,0,0,0,아메리카노,과일티에이드,,1,1.0,1.0,0.0,0.0,1.0,0.0,1.0,0.0,0.0,0.0,0.0,1.0,0.0,0.0,0.0,0.0,0.0,0.0,0.0,0,,,,,,,,,,,,,,,,,,,,0,,,,,,,,,,,,,,,,,,,,0,,,,,,,,,,,,,,,,,,,,0,,,,,,,,,,,,,,,,,,,,1,1.0,1.0,0.0,0.0,0.0,0.0,0.0,0.0,0.0,0.0,0.0,0.0,0.0,0.0,0.0,1.0,0.0,0.0,0.0
R0151,여,33,30대,30~34,직장인,경영/관리직,인천,서울외수도권,수도권,0,1,0,0,1,0,0,1,0,0,0,0,0,0,1,달콤한커피류,주스에이드,아메리카노,0,,,,,,,,,,,,,,,,,,,,1,1.0,1.0,1.0,0.0,0.0,0.0,0.0,0.0,0.0,0.0,0.0,0.0,0.0,0.0,0.0,0.0,0.0,0.0,0.0,1,1.0,0.0,0.0,1.0,1.0,1.0,0.0,0.0,0.0,0.0,0.0,0.0,0.0,0.0,0.0,0.0,0.0,0.0,0.0,1,1.0,0.0,0.0,0.0,0.0,0.0,0.0,0.0,0.0,0.0,0.0,0.0,0.0,0.0,0.0,0.0,0.0,0.0,0.0,1,1.0,1.0,0.0,0.0,1.0,0.0,0.0,0.0,0.0,0.0,0.0,0.0,0.0,0.0,0.0,0.0,0.0,0.0,0.0,0,,,,,,,,,,,,,,,,,,,
R0152,여,32,30대,30~34,직장인,사무/기술직,전북,기타지역,비수도권,0,0,1,0,0,0,0,0,0,0,0,0,0,1,0,카페라떼,스무디쉐이크,,0,,,,,,,,,,,,,,,,,,,,0,,,,,,,,,,,,,,,,,,,,0,,,,,,,,,,,,,,,,,,,,0,,,,,,,,,,,,,,,,,,,,1,1.0,0.0,1.0,0.0,0.0,0.0,0.0,0.0,0.0,1.0,0.0,0.0,0.0,0.0,0.0,0.0,0.0,0.0,0.0,1,1.0,1.0,1.0,0.0,1.0,0.0,0.0,0.0,0.0,0.0,0.0,0.0,0.0,0.0,0.0,0.0,0.0,0.0,0.0
R0153,남,54,50대,50~54,대학(원)생,대학생,전남,기타지역,비수도권,0,0,0,0,0,0,0,0,0,1,0,1,0,1,1,기본티,스무디쉐이크,주스에이드,1,1.0,1.0,0.0,1.0,0.0,0.0,0.0,0.0,0.0,0.0,0.0,0.0,0.0,0.0,0.0,0.0,0.0,0.0,0.0,1,1.0,0.0,0.0,0.0,0.0,1.0,1.0,0.0,0.0,1.0,0.0,0.0,0.0,0.0,0.0,0.0,0.0,0.0,0.0,0,,,,,,,,,,,,,,,,,,,,0,,,,,,,,,,,,,,,,,,,,0,,,,,,,,,,,,,,,,,,,,0,,,,,,,,,,,,,,,,,,,
R0154,여,59,50대,55~59,전업주부,전업주부,서울,서울,수도권,1,1,1,0,0,0,0,0,0,0,0,0,1,1,1,얼음갈린티,주스에이드,아메리카노,0,,,,,,,,,,,,,,,,,,,,1,1.0,1.0,0.0,0.0,1.0,0.0,1.0,0.0,0.0,0.0,0.0,0.0,0.0,0.0,0.0,0.0,0.0,0.0,0.0,0,,,,,,,,,,,,,,,,,,,,0,,,,,,,,,,,,,,,,,,,,0,,,,,,,,,,,,,,,,,,,,1,1.0,1.0,0.0,0.0,1.0,0.0,1.0,0.0,0.0,0.0,0.0,0.0,0.0,0.0,0.0,0.0,0.0,0.0,0.0
R0155,남,47,40대,45~49,전업주부,전업주부,충북,기타지역,비수도권,0,0,1,0,0,0,0,0,0,1,0,0,0,0,0,카페라떼,기본티,,0,,,,,,,,,,,,,,,,,,,,0,,,,,,,,,,,,,,,,,,,,1,1.0,1.0,0.0,0.0,0.0,0.0,0.0,0.0,0.0,0.0,1.0,0.0,0.0,0.0,1.0,0.0,0.0,1.0,0.0,0,,,,,,,,,,,,,,,,,,,,0,,,,,,,,,,,,,,,,,,,,0,,,,,,,,,,,,,,,,,,,
R0156,남,44,40대,40~44,직장인,경영/관리직,서울,서울,수도권,0,0,0,0,0,0,0,0,0,0,1,0,0,0,0,달콤한티,,,0,,,,,,,,,,,,,,,,,,,,1,1.0,1.0,0.0,0.0,0.0,0.0,0.0,0.0,0.0,0.0,0.0,1.0,0.0,0.0,0.0,0.0,1.0,0.0,0.0,1,1.0,1.0,0.0,1.0,0.0,0.0,0.0,0.0,0.0,0.0,0.0,0.0,0.0,0.0,1.0,1.0,0.0,0.0,0.0,1,1.0,0.0,0.0,0.0,0.0,0.0,0.0,0.0,0.0,0.0,1.0,1.0,0.0,0.0,0.0,0.0,1.0,0.0,0.0,0,,,,,,,,,,,,,,,,,,,,0,,,,,,,,,,,,,,,,,,,
R0157,여,24,20대,20~24,직장인,사무/기술직,서울,서울,수도권,0,1,0,0,1,0,0,0,0,0,0,1,0,1,0,아메리카노,스무디쉐이크,콜드브루,1,1.0,1.0,0.0,1.0,0.0,0.0,0.0,0.0,0.0,0.0,0.0,0.0,0.0,0.0,0.0,1.0,1.0,0.0,0.0,1,1.0,1.0,0.0,1.0,1.0,0.0,0.0,0.0,0.0,0.0,0.0,0.0,0.0,0.0,0.0,0.0,0.0,0.0,0.0,0,,,,,,,,,,,,,,,,,,,,0,,,,,,,,,,,,,,,,,,,,0,,,,,,,,,,,,,,,,,,,,0,,,,,,,,,,,,,,,,,,,
R0158,여,44,40대,40~44,직장인,자유/전문직,인천,서울외수도권,수도권,1,1,1,1,0,0,0,1,1,0,0,0,0,0,0,카페라떼,아메리카노,달콤한커피류,1,1.0,0.0,0.0,0.0,0.0,0.0,0.0,0.0,0.0,0.0,0.0,0.0,1.0,0.0,0.0,0.0,0.0,0.0,0.0,1,1.0,0.0,0.0,1.0,1.0,0.0,0.0,0.0,0.0,0.0,0.0,0.0,0.0,0.0,0.0,0.0,0.0,0.0,0.0,1,1.0,1.0,0.0,0.0,0.0,0.0,1.0,0.0,1.0,1.0,0.0,1.0,1.0,0.0,0.0,0.0,0.0,0.0,0.0,0,,,,,,,,,,,,,,,,,,,,0,,,,,,,,,,,,,,,,,,,,0,,,,,,,,,,,,,,,,,,,
R0159,여,31,30대,30~34,직장인,사무/기술직,대구,5대광역시,비수도권,0,1,0,1,0,0,0,1,1,0,0,0,0,0,0,아메리카노,달콤한커피류,카푸치노,1,1.0,0.0,0.0,0.0,0.0,0.0,1.0,0.0,1.0,0.0,0.0,0.0,0.0,0.0,0.0,0.0,0.0,0.0,0.0,0,,,,,,,,,,,,,,,,,,,,0,,,,,,,,,,,,,,,,,,,,1,1.0,1.0,1.0,1.0,0.0,0.0,0.0,0.0,0.0,0.0,0.0,0.0,0.0,0.0,0.0,0.0,0.0,0.0,0.0,1,1.0,1.0,0.0,0.0,0.0,0.0,0.0,0.0,0.0,1.0,0.0,0.0,0.0,0.0,0.0,1.0,0.0,0.0,0.0,0,,,,,,,,,,,,,,,,,,,
R0160,여,45,40대,45~49,기타직업,판매/영업 서비스직,인천,서울외수도권,수도권,0,0,0,0,0,0,0,0,1,0,1,0,0,1,0,스무디쉐이크,달콤한티,얼음갈린커피,0,,,,,,,,,,,,,,,,,,,,1,1.0,1.0,0.0,0.0,0.0,0.0,1.0,0.0,0.0,0.0,0.0,0.0,0.0,0.0,0.0,1.0,0.0,1.0,0.0,0,,,,,,,,,,,,,,,,,,,,1,1.0,0.0,0.0,0.0,1.0,0.0,0.0,0.0,0.0,0.0,0.0,0.0,0.0,0.0,0.0,0.0,0.0,0.0,0.0,1,1.0,1.0,0.0,0.0,0.0,0.0,0.0,0.0,0.0,1.0,0.0,1.0,0.0,0.0,0.0,0.0,0.0,0.0,0.0,1,1.0,0.0,0.0,0.0,0.0,0.0,0.0,0.0,0.0,0.0,0.0,0.0,0.0,0.0,0.0,0.0,0.0,0.0,0.0
R0161,여,43,40대,40~44,전업주부,전업주부,경기,서울외수도권,수도권,0,1,0,1,0,0,0,0,1,0,0,0,0,0,0,아메리카노,얼음갈린커피,카푸치노,1,1.0,1.0,0.0,0.0,1.0,0.0,0.0,0.0,0.0,0.0,0.0,1.0,0.0,0.0,0.0,0.0,0.0,0.0,0.0,1,1.0,1.0,0.0,1.0,0.0,0.0,0.0,0.0,0.0,1.0,0.0,0.0,0.0,0.0,0.0,0.0,0.0,0.0,0.0,0,,,,,,,,,,,,,,,,,,,,0,,,,,,,,,,,,,,,,,,,,0,,,,,,,,,,,,,,,,,,,,1,1.0,1.0,0.0,1.0,1.0,0.0,1.0,0.0,1.0,1.0,0.0,0.0,0.0,1.0,0.0,0.0,0.0,0.0,0.0
R0162,남,20,20대,20~24,직장인,사무/기술직,경기,서울외수도권,수도권,0,0,1,0,1,0,1,1,0,0,1,0,0,0,0,카페라떼,달콤한커피류,달콤한티,0,,,,,,,,,,,,,,,,,,,,1,1.0,1.0,0.0,1.0,0.0,1.0,0.0,0.0,0.0,0.0,0.0,0.0,0.0,0.0,0.0,0.0,0.0,0.0,0.0,1,1.0,0.0,0.0,0.0,0.0,0.0,1.0,0.0,0.0,1.0,1.0,0.0,0.0,0.0,0.0,0.0,0.0,0.0,0.0,0,,,,,,,,,,,,,,,,,,,,0,,,,,,,,,,,,,,,,,,,,1,1.0,1.0,0.0,0.0,0.0,0.0,1.0,0.0,0.0,0.0,0.0,0.0,1.0,0.0,0.0,0.0,0.0,0.0,0.0
R0163,여,25,20대,25~29,직장인,사무/기술직,서울,서울,수도권,0,0,1,0,0,0,0,0,1,0,0,1,0,1,1,카페라떼,주스에이드,과일티에이드,0,,,,,,,,,,,,,,,,,,,,1,1.0,1.0,0.0,0.0,0.0,1.0,0.0,0.0,0.0,0.0,0.0,0.0,0.0,0.0,0.0,0.0,0.0,0.0,0.0,0,,,,,,,,,,,,,,,,,,,,1,1.0,1.0,0.0,0.0,0.0,1.0,0.0,0.0,0.0,0.0,0.0,0.0,0.0,0.0,0.0,0.0,0.0,0.0,0.0,1,1.0,0.0,0.0,0.0,0.0,0.0,1.0,0.0,1.0,0.0,1.0,0.0,0.0,0.0,0.0,0.0,0.0,0.0,0.0,0,,,,,,,,,,,,,,,,,,,
R0164,남,44,40대,40~44,전업주부,전업주부,서울,서울,수도권,1,0,0,0,0,0,0,0,0,0,1,1,0,0,1,주스에이드,달콤한티,에스프레소,1,1.0,1.0,0.0,0.0,0.0,0.0,0.0,0.0,1.0,0.0,0.0,0.0,0.0,0.0,1.0,0.0,0.0,0.0,0.0,0,,,,,,,,,,,,,,,,,,,,0,,,,,,,,,,,,,,,,,,,,0,,,,,,,,,,,,,,,,,,,,1,1.0,1.0,0.0,1.0,0.0,1.0,1.0,0.0,0.0,0.0,0.0,0.0,0.0,0.0,1.0,0.0,0.0,0.0,0.0,1,1.0,1.0,0.0,0.0,0.0,0.0,0.0,0.0,0.0,0.0,0.0,0.0,0.0,0.0,0.0,0.0,0.0,0.0,0.0
R0165,여,49,40대,45~49,대학(원)생,대학생,경기,서울외수도권,수도권,0,1,0,0,0,0,1,0,0,0,0,0,0,0,0,아메리카노,드립핸드드립,,1,1.0,1.0,0.0,0.0,0.0,0.0,0.0,0.0,0.0,0.0,0.0,0.0,0.0,0.0,0.0,0.0,0.0,0.0,0.0,1,1.0,1.0,0.0,1.0,0.0,1.0,1.0,0.0,0.0,0.0,0.0,0.0,0.0,0.0,0.0,0.0,0.0,0.0,0.0,1,1.0,1.0,0.0,1.0,0.0,0.0,0.0,0.0,0.0,0.0,0.0,0.0,0.0,0.0,0.0,0.0,0.0,0.0,0.0,1,1.0,0.0,0.0,1.0,0.0,0.0,1.0,0.0,0.0,1.0,0.0,0.0,0.0,0.0,0.0,0.0,0.0,0.0,0.0,1,1.0,1.0,0.0,0.0,0.0,0.0,1.0,0.0,1.0,0.0,1.0,0.0,0.0,0.0,0.0,0.0,0.0,0.0,0.0,0,,,,,,,,,,,,,,,,,,,
R0166,여,51,50대,50~54,직장인,경영/관리직,인천,서울외수도권,수도권,0,0,0,0,0,0,0,0,1,0,0,1,0,0,1,주스에이드,과일티에이드,얼음갈린커피,0,,,,,,,,,,,,,,,,,,,,0,,,,,,,,,,,,,,,,,,,,0,,,,,,,,,,,,,,,,,,,,0,,,,,,,,,,,,,,,,,,,,0,,,,,,,,,,,,,,,,,,,,0,,,,,,,,,,,,,,,,,,,
R0167,여,51,50대,50~54,직장인,사무/기술직,서울,서울,수도권,0,0,1,0,0,0,0,1,0,0,1,0,1,0,1,달콤한커피류,카페라떼,얼음갈린티,0,,,,,,,,,,,,,,,,,,,,1,1.0,1.0,0.0,0.0,0.0,1.0,0.0,0.0,1.0,0.0,0.0,1.0,0.0,0.0,0.0,0.0,0.0,0.0,0.0,0,,,,,,,,,,,,,,,,,,,,1,1.0,1.0,0.0,0.0,0.0,0.0,0.0,0.0,0.0,1.0,0.0,0.0,0.0,0.0,0.0,1.0,0.0,0.0,0.0,1,1.0,1.0,0.0,0.0,0.0,0.0,0.0,0.0,0.0,0.0,0.0,0.0,0.0,0.0,1.0,0.0,0.0,0.0,0.0,0,,,,,,,,,,,,,,,,,,,
R0168,여,58,50대,55~59,직장인,자유/전문직,경기,서울외수도권,수도권,0,1,1,0,0,1,0,0,0,0,0,0,0,0,0,아메리카노,카페라떼,콜드브루라떼,0,,,,,,,,,,,,,,,,,,,,0,,,,,,,,,,,,,,,,,,,,0,,,,,,,,,,,,,,,,,,,,0,,,,,,,,,,,,,,,,,,,,1,1.0,1.0,0.0,0.0,0.0,1.0,0.0,0.0,0.0,0.0,0.0,0.0,0.0,0.0,0.0,1.0,0.0,0.0,0.0,1,1.0,1.0,0.0,0.0,0.0,0.0,1.0,0.0,0.0,1.0,0.0,0.0,0.0,0.0,0.0,0.0,1.0,0.0,0.0
R0169,여,27,20대,25~29,전업주부,전업주부,경기,서울외수도권,수도권,0,1,0,0,0,0,0,0,0,0,1,0,0,0,0,아메리카노,달콤한티,,1,1.0,1.0,0.0,0.0,0.0,0.0,1.0,0.0,0.0,0.0,0.0,0.0,0.0,0.0,1.0,0.0,1.0,0.0,0.0,1,1.0,1.0,1.0,0.0,1.0,1.0,1.0,0.0,0.0,0.0,0.0,0.0,0.0,0.0,0.0,0.0,1.0,0.0,0.0,0,,,,,,,,,,,,,,,,,,,,0,,,,,,,,,,,,,,,,,,,,0,,,,,,,,,,,,,,,,,,,,1,1.0,1.0,0.0,0.0,0.0,1.0,0.0,0.0,0.0,0.0,1.0,0.0,0.0,0.0,0.0,0.0,0.0,0.0,0.0
R0170,남,52,50대,50~54,직장인,자영업,경기,서울외수도권,수도권,1,1,1,0,0,0,0,0,0,0,0,0,1,1,1,카페라떼,아메리카노,얼음갈린티,1,1.0,0.0,1.0,0.0,0.0,0.0,0.0,0.0,0.0,0.0,0.0,0.0,0.0,0.0,0.0,0.0,0.0,0.0,0.0,0,,,,,,,,,,,,,,,,,,,,1,1.0,1.0,0.0,1.0,0.0,0.0,1.0,0.0,0.0,1.0,0.0,0.0,0.0,0.0,0.0,0.0,0.0,0.0,0.0,1,1.0,1.0,0.0,0.0,0.0,0.0,0.0,0.0,0.0,0.0,0.0,0.0,0.0,0.0,0.0,0.0,0.0,0.0,0.0,1,1.0,1.0,0.0,0.0,0.0,0.0,0.0,0.0,0.0,1.0,0.0,1.0,0.0,0.0,0.0,0.0,0.0,0.0,0.0,1,1.0,1.0,1.0,0.0,0.0,0.0,0.0,0.0,0.0,1.0,0.0,0.0,0.0,0.0,0.0,0.0,0.0,0.0,0.0
R0171,여,42,40대,40~44,대학(원)생,대학생,대전,5대광역시,비수도권,0,1,0,0,0,0,0,0,0,0,0,1,1,1,0,아메리카노,과일티에이드,스무디쉐이크,1,1.0,0.0,1.0,0.0,0.0,0.0,0.0,0.0,0.0,1.0,0.0,1.0,0.0,0.0,0.0,0.0,0.0,0.0,0.0,1,1.0,1.0,1.0,0.0,0.0,1.0,1.0,0.0,0.0,0.0,0.0,0.0,0.0,0.0,0.0,0.0,0.0,0.0,0.0,0,,,,,,,,,,,,,,,,,,,,1,1.0,0.0,0.0,0.0,0.0,1.0,1.0,0.0,0.0,0.0,0.0,0.0,0.0,0.0,0.0,0.0,0.0,1.0,1.0,1,1.0,0.0,0.0,0.0,0.0,0.0,0.0,0.0,0.0,1.0,0.0,0.0,0.0,0.0,0.0,1.0,1.0,0.0,0.0,0,,,,,,,,,,,,,,,,,,,
R0172,여,45,40대,45~49,직장인,사무/기술직,서울,서울,수도권,0,1,0,0,0,0,0,1,1,0,0,0,0,0,1,주스에이드,아메리카노,얼음갈린커피,1,1.0,1.0,0.0,1.0,1.0,1.0,1.0,0.0,0.0,0.0,0.0,0.0,0.0,0.0,0.0,0.0,1.0,0.0,0.0,1,1.0,1.0,0.0,1.0,0.0,0.0,0.0,1.0,0.0,0.0,0.0,0.0,0.0,0.0,0.0,0.0,1.0,0.0,0.0,1,1.0,1.0,0.0,0.0,0.0,0.0,1.0,0.0,0.0,1.0,0.0,1.0,0.0,0.0,0.0,0.0,0.0,0.0,0.0,1,1.0,1.0,1.0,0.0,0.0,0.0,0.0,0.0,0.0,0.0,0.0,0.0,0.0,0.0,0.0,1.0,0.0,0.0,0.0,1,1.0,1.0,0.0,0.0,1.0,0.0,0.0,0.0,0.0,0.0,0.0,0.0,0.0,0.0,0.0,0.0,0.0,0.0,0.0,0,,,,,,,,,,,,,,,,,,,
R0173,여,45,40대,45~49,직장인,사무/기술직,서울,서울,수도권,0,0,0,0,0,0,0,1,1,0,0,0,1,0,0,얼음갈린티,얼음갈린커피,달콤한커피류,1,1.0,0.0,1.0,0.0,0.0,0.0,0.0,1.0,0.0,1.0,1.0,0.0,0.0,0.0,0.0,1.0,1.0,0.0,0.0,0,,,,,,,,,,,,,,,,,,,,0,,,,,,,,,,,,,,,,,,,,0,,,,,,,,,,,,,,,,,,,,0,,,,,,,,,,,,,,,,,,,,1,1.0,1.0,0.0,0.0,0.0,1.0,0.0,0.0,0.0,1.0,0.0,0.0,0.0,0.0,0.0,1.0,0.0,0.0,0.0
R0174,여,49,40대,45~49,기타직업,기타,서울,서울,수도권,0,1,0,0,0,0,0,1,1,0,0,0,0,0,0,얼음갈린커피,달콤한커피류,아메리카노,0,,,,,,,,,,,,,,,,,,,,0,,,,,,,,,,,,,,,,,,,,1,1.0,1.0,1.0,0.0,0.0,0.0,0.0,0.0,1.0,0.0,0.0,0.0,0.0,0.0,0.0,0.0,0.0,0.0,0.0,1,1.0,0.0,0.0,0.0,0.0,1.0,0.0,1.0,0.0,1.0,0.0,1.0,0.0,0.0,0.0,0.0,0.0,0.0,0.0,0,,,,,,,,,,,,,,,,,,,,0,,,,,,,,,,,,,,,,,,,
R0175,여,49,40대,45~49,직장인,경영/관리직,서울,서울,수도권,0,1,1,0,0,1,0,1,0,0,0,0,0,0,0,아메리카노,카페라떼,콜드브루라떼,0,,,,,,,,,,,,,,,,,,,,0,,,,,,,,,,,,,,,,,,,,0,,,,,,,,,,,,,,,,,,,,0,,,,,,,,,,,,,,,,,,,,0,,,,,,,,,,,,,,,,,,,,0,,,,,,,,,,,,,,,,,,,
R0176,남,28,20대,25~29,대학(원)생,대학생,대구,5대광역시,비수도권,0,1,0,0,0,0,0,0,1,0,0,1,0,0,0,아메리카노,얼음갈린커피,과일티에이드,1,1.0,1.0,0.0,0.0,1.0,1.0,0.0,0.0,0.0,0.0,0.0,0.0,0.0,0.0,0.0,1.0,0.0,0.0,0.0,1,1.0,0.0,0.0,0.0,1.0,0.0,0.0,0.0,0.0,0.0,0.0,0.0,0.0,0.0,0.0,1.0,0.0,0.0,0.0,1,1.0,1.0,0.0,1.0,0.0,0.0,0.0,0.0,0.0,0.0,0.0,0.0,0.0,0.0,0.0,0.0,1.0,0.0,0.0,0,,,,,,,,,,,,,,,,,,,,0,,,,,,,,,,,,,,,,,,,,0,,,,,,,,,,,,,,,,,,,
R0177,남,44,40대,40~44,기타직업,무직,서울,서울,수도권,0,1,0,0,0,0,0,1,0,0,0,0,0,0,0,아메리카노,달콤한커피류,,1,1.0,1.0,0.0,0.0,1.0,0.0,0.0,0.0,0.0,0.0,0.0,0.0,0.0,0.0,0.0,0.0,0.0,0.0,0.0,0,,,,,,,,,,,,,,,,,,,,0,,,,,,,,,,,,,,,,,,,,0,,,,,,,,,,,,,,,,,,,,1,1.0,1.0,0.0,0.0,0.0,0.0,0.0,0.0,0.0,0.0,0.0,0.0,0.0,0.0,0.0,0.0,0.0,0.0,0.0,0,,,,,,,,,,,,,,,,,,,
R0178,여,43,40대,40~44,직장인,사무/기술직,경기,서울외수도권,수도권,0,0,1,1,0,0,0,0,0,1,0,1,0,1,0,과일티에이드,스무디쉐이크,카페라떼,0,,,,,,,,,,,,,,,,,,,,1,1.0,1.0,0.0,0.0,1.0,0.0,1.0,0.0,0.0,1.0,0.0,0.0,0.0,0.0,0.0,0.0,0.0,1.0,0.0,1,1.0,1.0,0.0,1.0,0.0,0.0,1.0,0.0,0.0,1.0,0.0,0.0,0.0,0.0,0.0,0.0,0.0,0.0,0.0,1,1.0,0.0,0.0,1.0,1.0,0.0,0.0,0.0,0.0,0.0,0.0,0.0,0.0,0.0,0.0,0.0,0.0,0.0,0.0,1,1.0,0.0,0.0,0.0,0.0,0.0,0.0,1.0,0.0,0.0,1.0,0.0,0.0,0.0,0.0,0.0,0.0,0.0,0.0,0,,,,,,,,,,,,,,,,,,,
R0179,남,30,30대,30~34,직장인,자유/전문직,경기,서울외수도권,수도권,0,0,0,0,1,0,0,0,0,0,0,0,0,0,0,콜드브루,,,0,,,,,,,,,,,,,,,,,,,,0,,,,,,,,,,,,,,,,,,,,1,1.0,0.0,0.0,0.0,0.0,1.0,0.0,0.0,0.0,0.0,0.0,1.0,0.0,0.0,0.0,0.0,0.0,0.0,0.0,0,,,,,,,,,,,,,,,,,,,,0,,,,,,,,,,,,,,,,,,,,1,1.0,1.0,0.0,0.0,1.0,0.0,0.0,1.0,0.0,0.0,0.0,0.0,0.0,0.0,0.0,0.0,0.0,0.0,0.0
R0180,여,55,50대,55~59,직장인,기능/작업직,대구,5대광역시,비수도권,0,1,1,0,0,0,0,1,0,0,0,0,0,0,0,아메리카노,달콤한커피류,카페라떼,0,,,,,,,,,,,,,,,,,,,,1,1.0,0.0,0.0,0.0,0.0,0.0,0.0,0.0,0.0,0.0,0.0,1.0,0.0,0.0,0.0,0.0,0.0,0.0,0.0,0,,,,,,,,,,,,,,,,,,,,0,,,,,,,,,,,,,,,,,,,,0,,,,,,,,,,,,,,,,,,,,1,1.0,1.0,1.0,0.0,0.0,0.0,0.0,0.0,0.0,0.0,1.0,0.0,0.0,0.0,0.0,1.0,0.0,0.0,0.0
R0181,여,27,20대,25~29,전업주부,전업주부,서울,서울,수도권,0,1,1,0,0,1,0,0,0,0,0,1,1,0,0,카페라떼,아메리카노,과일티에이드,0,,,,,,,,,,,,,,,,,,,,1,1.0,1.0,0.0,0.0,0.0,0.0,0.0,0.0,0.0,0.0,1.0,0.0,0.0,0.0,0.0,0.0,1.0,0.0,0.0,0,,,,,,,,,,,,,,,,,,,,1,1.0,1.0,0.0,1.0,0.0,1.0,0.0,1.0,0.0,0.0,0.0,0.0,0.0,0.0,0.0,0.0,0.0,0.0,0.0,0,,,,,,,,,,,,,,,,,,,,1,1.0,0.0,0.0,1.0,0.0,0.0,0.0,0.0,0.0,0.0,0.0,0.0,0.0,0.0,1.0,0.0,0.0,0.0,0.0
R0182,여,47,40대,45~49,직장인,판매/영업 서비스직,경북,기타지역,비수도권,0,1,0,0,0,0,0,0,0,0,0,0,0,0,0,아메리카노,,,1,1.0,1.0,0.0,0.0,0.0,0.0,1.0,0.0,0.0,0.0,0.0,0.0,0.0,0.0,0.0,0.0,0.0,0.0,0.0,0,,,,,,,,,,,,,,,,,,,,0,,,,,,,,,,,,,,,,,,,,1,1.0,1.0,0.0,1.0,0.0,1.0,0.0,0.0,0.0,0.0,0.0,0.0,0.0,0.0,0.0,0.0,0.0,0.0,0.0,0,,,,,,,,,,,,,,,,,,,,0,,,,,,,,,,,,,,,,,,,
R0183,남,55,50대,55~59,기타직업,무직,대구,5대광역시,비수도권,1,1,0,0,0,0,0,0,0,0,0,1,0,0,0,아메리카노,과일티에이드,에스프레소,1,1.0,1.0,1.0,0.0,1.0,0.0,1.0,0.0,0.0,0.0,0.0,1.0,0.0,0.0,1.0,0.0,1.0,0.0,0.0,0,,,,,,,,,,,,,,,,,,,,1,1.0,1.0,1.0,0.0,1.0,0.0,0.0,0.0,0.0,0.0,0.0,0.0,0.0,0.0,0.0,0.0,1.0,0.0,0.0,1,1.0,0.0,0.0,1.0,0.0,0.0,1.0,0.0,0.0,0.0,1.0,0.0,0.0,0.0,0.0,1.0,0.0,0.0,0.0,0,,,,,,,,,,,,,,,,,,,,0,,,,,,,,,,,,,,,,,,,
R0184,여,38,30대,35~39,기타직업,자유/전문직,부산,5대광역시,비수도권,0,1,0,0,0,0,0,0,1,0,1,1,0,0,0,아메리카노,과일티에이드,달콤한티,0,,,,,,,,,,,,,,,,,,,,0,,,,,,,,,,,,,,,,,,,,0,,,,,,,,,,,,,,,,,,,,0,,,,,,,,,,,,,,,,,,,,0,,,,,,,,,,,,,,,,,,,,1,1.0,0.0,0.0,0.0,0.0,0.0,0.0,0.0,0.0,0.0,0.0,0.0,0.0,0.0,0.0,0.0,1.0,0.0,0.0
R0185,여,57,50대,55~59,기타직업,기타,경북,기타지역,비수도권,0,1,0,0,0,0,0,1,0,1,1,1,0,0,1,달콤한커피류,아메리카노,달콤한티,0,,,,,,,,,,,,,,,,,,,,0,,,,,,,,,,,,,,,,,,,,1,1.0,1.0,0.0,0.0,0.0,0.0,1.0,0.0,0.0,0.0,0.0,0.0,0.0,0.0,0.0,0.0,0.0,0.0,0.0,0,,,,,,,,,,,,,,,,,,,,0,,,,,,,,,,,,,,,,,,,,1,1.0,1.0,0.0,1.0,0.0,0.0,0.0,0.0,0.0,0.0,1.0,1.0,0.0,0.0,0.0,0.0,0.0,0.0,0.0
R0186,남,32,30대,30~34,직장인,자유/전문직,서울,서울,수도권,0,1,0,0,0,1,0,0,0,0,0,1,0,0,0,아메리카노,과일티에이드,콜드브루라떼,0,,,,,,,,,,,,,,,,,,,,0,,,,,,,,,,,,,,,,,,,,1,1.0,1.0,0.0,0.0,0.0,0.0,0.0,0.0,0.0,0.0,0.0,1.0,1.0,0.0,0.0,0.0,0.0,0.0,0.0,0,,,,,,,,,,,,,,,,,,,,1,1.0,0.0,0.0,0.0,0.0,0.0,0.0,0.0,0.0,0.0,0.0,0.0,0.0,0.0,0.0,0.0,0.0,0.0,0.0,0,,,,,,,,,,,,,,,,,,,
R0187,남,25,20대,25~29,직장인,사무/기술직,부산,5대광역시,비수도권,0,1,1,0,0,0,0,0,0,1,0,0,1,1,1,얼음갈린티,아메리카노,스무디쉐이크,0,,,,,,,,,,,,,,,,,,,,0,,,,,,,,,,,,,,,,,,,,0,,,,,,,,,,,,,,,,,,,,1,1.0,1.0,0.0,0.0,0.0,0.0,0.0,1.0,0.0,0.0,0.0,0.0,0.0,0.0,0.0,0.0,1.0,0.0,0.0,1,1.0,0.0,0.0,0.0,0.0,1.0,0.0,1.0,0.0,0.0,0.0,0.0,0.0,0.0,0.0,0.0,0.0,0.0,0.0,1,1.0,0.0,1.0,0.0,0.0,1.0,0.0,0.0,0.0,0.0,0.0,1.0,0.0,0.0,0.0,0.0,0.0,0.0,0.0
R0188,남,32,30대,30~34,전업주부,전업주부,경기,서울외수도권,수도권,0,0,0,0,0,0,0,1,0,0,0,0,0,0,0,달콤한커피류,,,0,,,,,,,,,,,,,,,,,,,,0,,,,,,,,,,,,,,,,,,,,1,1.0,1.0,0.0,1.0,0.0,1.0,0.0,0.0,0.0,0.0,0.0,0.0,0.0,0.0,0.0,0.0,0.0,0.0,0.0,0,,,,,,,,,,,,,,,,,,,,1,1.0,0.0,0.0,0.0,1.0,0.0,0.0,0.0,0.0,0.0,0.0,0.0,0.0,0.0,1.0,0.0,1.0,0.0,0.0,0,,,,,,,,,,,,,,,,,,,
R0189,남,35,30대,35~39,대학(원)생,대학생,인천,서울외수도권,수도권,0,1,0,0,0,0,0,1,0,0,0,0,0,1,0,아메리카노,달콤한커피류,스무디쉐이크,1,1.0,1.0,0.0,0.0,0.0,0.0,1.0,0.0,0.0,1.0,0.0,1.0,0.0,0.0,0.0,0.0,0.0,0.0,0.0,0,,,,,,,,,,,,,,,,,,,,0,,,,,,,,,,,,,,,,,,,,0,,,,,,,,,,,,,,,,,,,,0,,,,,,,,,,,,,,,,,,,,1,1.0,1.0,0.0,0.0,0.0,0.0,0.0,0.0,0.0,1.0,1.0,0.0,0.0,0.0,0.0,0.0,0.0,0.0,0.0
R0190,남,28,20대,25~29,직장인,사무/기술직,인천,서울외수도권,수도권,0,1,1,0,0,0,0,1,1,0,0,0,1,0,0,달콤한커피류,카페라떼,아메리카노,0,,,,,,,,,,,,,,,,,,,,0,,,,,,,,,,,,,,,,,,,,0,,,,,,,,,,,,,,,,,,,,0,,,,,,,,,,,,,,,,,,,,1,1.0,0.0,1.0,0.0,0.0,1.0,0.0,0.0,0.0,0.0,0.0,1.0,0.0,0.0,0.0,0.0,0.0,1.0,0.0,0,,,,,,,,,,,,,,,,,,,
R0191,남,41,40대,40~44,직장인,사무/기술직,서울,서울,수도권,0,1,1,0,0,0,0,0,0,0,0,0,0,0,0,아메리카노,카페라떼,,0,,,,,,,,,,,,,,,,,,,,0,,,,,,,,,,,,,,,,,,,,0,,,,,,,,,,,,,,,,,,,,1,1.0,1.0,0.0,0.0,0.0,0.0,0.0,0.0,0.0,0.0,1.0,0.0,0.0,0.0,0.0,1.0,0.0,0.0,0.0,0,,,,,,,,,,,,,,,,,,,,1,1.0,1.0,0.0,0.0,0.0,0.0,0.0,0.0,0.0,0.0,0.0,0.0,0.0,0.0,0.0,0.0,0.0,0.0,0.0
R0192,여,20,20대,20~24,직장인,사무/기술직,대구,5대광역시,비수도권,0,1,0,0,0,0,0,0,0,0,0,0,0,0,1,아메리카노,주스에이드,,0,,,,,,,,,,,,,,,,,,,,0,,,,,,,,,,,,,,,,,,,,1,1.0,1.0,0.0,0.0,0.0,0.0,0.0,0.0,0.0,0.0,0.0,0.0,0.0,0.0,1.0,0.0,0.0,0.0,0.0,1,1.0,0.0,0.0,0.0,0.0,1.0,0.0,0.0,0.0,0.0,0.0,1.0,0.0,0.0,0.0,0.0,0.0,0.0,0.0,0,,,,,,,,,,,,,,,,,,,,1,1.0,0.0,0.0,0.0,1.0,1.0,0.0,0.0,0.0,0.0,1.0,0.0,0.0,0.0,0.0,0.0,1.0,0.0,0.0
R0193,남,50,50대,50~54,직장인,사무/기술직,부산,5대광역시,비수도권,0,1,0,0,1,0,1,1,0,0,1,0,0,1,0,아메리카노,달콤한티,스무디쉐이크,1,1.0,1.0,0.0,0.0,1.0,0.0,1.0,0.0,1.0,0.0,0.0,0.0,0.0,0.0,0.0,0.0,0.0,0.0,0.0,1,1.0,1.0,0.0,0.0,0.0,0.0,0.0,0.0,0.0,0.0,1.0,1.0,0.0,0.0,0.0,0.0,0.0,0.0,0.0,0,,,,,,,,,,,,,,,,,,,,1,1.0,1.0,1.0,0.0,0.0,1.0,1.0,0.0,0.0,0.0,0.0,0.0,0.0,0.0,0.0,0.0,0.0,0.0,0.0,0,,,,,,,,,,,,,,,,,,,,1,1.0,1.0,0.0,0.0,0.0,0.0,0.0,0.0,0.0,0.0,0.0,0.0,0.0,0.0,0.0,0.0,0.0,0.0,0.0
R0194,남,28,20대,25~29,직장인,사무/기술직,서울,서울,수도권,0,1,1,0,0,0,1,1,0,0,0,1,1,0,0,아메리카노,달콤한커피류,얼음갈린티,1,1.0,1.0,0.0,0.0,0.0,1.0,0.0,0.0,0.0,0.0,1.0,0.0,0.0,0.0,0.0,0.0,0.0,0.0,0.0,0,,,,,,,,,,,,,,,,,,,,0,,,,,,,,,,,,,,,,,,,,0,,,,,,,,,,,,,,,,,,,,0,,,,,,,,,,,,,,,,,,,,1,1.0,1.0,0.0,0.0,0.0,1.0,0.0,0.0,0.0,1.0,0.0,0.0,0.0,0.0,0.0,1.0,0.0,0.0,0.0
R0195,여,22,20대,20~24,기타직업,무직,경기,서울외수도권,수도권,0,1,1,0,0,0,0,1,1,0,0,0,0,1,1,아메리카노,달콤한커피류,카페라떼,1,1.0,1.0,0.0,1.0,0.0,0.0,1.0,0.0,0.0,0.0,0.0,0.0,0.0,0.0,1.0,1.0,0.0,0.0,0.0,1,1.0,1.0,0.0,1.0,1.0,1.0,0.0,0.0,0.0,1.0,0.0,0.0,0.0,0.0,0.0,0.0,0.0,0.0,0.0,0,,,,,,,,,,,,,,,,,,,,1,1.0,1.0,0.0,0.0,0.0,1.0,0.0,0.0,1.0,0.0,1.0,0.0,0.0,0.0,0.0,0.0,0.0,0.0,0.0,1,1.0,1.0,0.0,0.0,0.0,0.0,1.0,0.0,0.0,1.0,0.0,0.0,0.0,0.0,1.0,0.0,0.0,0.0,0.0,0,,,,,,,,,,,,,,,,,,,
R0196,남,46,40대,45~49,직장인,사무/기술직,인천,서울외수도권,수도권,0,1,0,0,0,1,0,0,0,0,0,0,1,1,0,얼음갈린티,아메리카노,스무디쉐이크,1,1.0,1.0,0.0,0.0,0.0,0.0,0.0,0.0,0.0,1.0,0.0,0.0,0.0,0.0,1.0,1.0,0.0,1.0,0.0,1,1.0,1.0,0.0,0.0,1.0,0.0,0.0,0.0,0.0,0.0,0.0,0.0,0.0,0.0,0.0,0.0,1.0,0.0,0.0,0,,,,,,,,,,,,,,,,,,,,0,,,,,,,,,,,,,,,,,,,,0,,,,,,,,,,,,,,,,,,,,1,1.0,1.0,1.0,0.0,0.0,0.0,0.0,0.0,0.0,0.0,0.0,0.0,0.0,0.0,0.0,0.0,0.0,0.0,0.0
R0197,여,55,50대,55~59,기타직업,무직,대구,5대광역시,비수도권,0,0,0,0,0,0,0,1,0,0,1,0,1,1,0,달콤한커피류,얼음갈린티,달콤한티,1,1.0,1.0,0.0,0.0,0.0,0.0,1.0,0.0,1.0,0.0,1.0,0.0,0.0,0.0,0.0,0.0,0.0,0.0,0.0,0,,,,,,,,,,,,,,,,,,,,0,,,,,,,,,,,,,,,,,,,,1,1.0,0.0,0.0,0.0,0.0,0.0,0.0,0.0,0.0,0.0,1.0,0.0,0.0,0.0,0.0,0.0,0.0,1.0,0.0,1,1.0,1.0,0.0,0.0,0.0,0.0,0.0,0.0,0.0,0.0,0.0,0.0,0.0,0.0,0.0,0.0,0.0,0.0,0.0,0,,,,,,,,,,,,,,,,,,,
R0198,남,41,40대,40~44,직장인,사무/기술직,경남,기타지역,비수도권,0,1,1,0,0,0,0,1,0,0,0,0,0,1,0,카페라떼,아메리카노,달콤한커피류,0,,,,,,,,,,,,,,,,,,,,0,,,,,,,,,,,,,,,,,,,,0,,,,,,,,,,,,,,,,,,,,1,1.0,1.0,0.0,1.0,0.0,1.0,0.0,0.0,0.0,0.0,0.0,0.0,0.0,0.0,0.0,0.0,1.0,0.0,0.0,0,,,,,,,,,,,,,,,,,,,,0,,,,,,,,,,,,,,,,,,,
R0199,남,47,40대,45~49,직장인,사무/기술직,광주,5대광역시,비수도권,0,1,0,0,0,0,0,1,1,0,0,0,0,0,0,아메리카노,달콤한커피류,얼음갈린커피,0,,,,,,,,,,,,,,,,,,,,0,,,,,,,,,,,,,,,,,,,,1,1.0,0.0,0.0,0.0,1.0,0.0,0.0,0.0,0.0,0.0,0.0,0.0,0.0,0.0,0.0,0.0,0.0,0.0,0.0,0,,,,,,,,,,,,,,,,,,,,0,,,,,,,,,,,,,,,,,,,,0,,,,,,,,,,,,,,,,,,,
R0200,여,56,50대,55~59,기타직업,기타,경남,기타지역,비수도권,0,1,0,1,0,0,0,1,0,1,1,0,0,0,0,아메리카노,달콤한티,달콤한커피류,0,,,,,,,,,,,,,,,,,,,,0,,,,,,,,,,,,,,,,,,,,1,1.0,1.0,0.0,0.0,0.0,0.0,1.0,0.0,0.0,1.0,0.0,1.0,0.0,0.0,0.0,1.0,0.0,0.0,0.0,0,,,,,,,,,,,,,,,,,,,,0,,,,,,,,,,,,,,,,,,,,1,1.0,0.0,0.0,0.0,0.0,0.0,0.0,0.0,0.0,0.0,0.0,0.0,0.0,0.0,0.0,0.0,0.0,0.0,0.0
R0201,남,38,30대,35~39,직장인,사무/기술직,경기,서울외수도권,수도권,0,0,0,1,1,0,0,0,0,0,0,0,0,0,0,콜드브루,카푸치노,,1,1.0,1.0,0.0,1.0,0.0,0.0,0.0,0.0,1.0,0.0,0.0,0.0,0.0,0.0,0.0,0.0,0.0,0.0,0.0,0,,,,,,,,,,,,,,,,,,,,0,,,,,,,,,,,,,,,,,,,,1,1.0,1.0,0.0,0.0,0.0,0.0,0.0,0.0,0.0,0.0,0.0,0.0,0.0,0.0,1.0,0.0,0.0,0.0,0.0,0,,,,,,,,,,,,,,,,,,,,1,1.0,1.0,1.0,1.0,0.0,1.0,0.0,0.0,0.0,1.0,0.0,0.0,0.0,0.0,0.0,0.0,0.0,1.0,0.0
R0202,여,32,30대,30~34,직장인,자영업,충남,기타지역,비수도권,0,1,1,0,0,0,0,1,0,1,0,0,0,1,0,카페라떼,달콤한커피류,아메리카노,1,1.0,1.0,1.0,1.0,1.0,0.0,1.0,0.0,0.0,0.0,0.0,1.0,0.0,0.0,0.0,0.0,0.0,0.0,0.0,1,1.0,1.0,0.0,0.0,0.0,0.0,0.0,0.0,0.0,0.0,0.0,0.0,0.0,0.0,0.0,0.0,0.0,0.0,0.0,1,1.0,1.0,0.0,0.0,0.0,0.0,0.0,0.0,0.0,0.0,0.0,0.0,0.0,0.0,0.0,0.0,0.0,0.0,0.0,0,,,,,,,,,,,,,,,,,,,,0,,,,,,,,,,,,,,,,,,,,0,,,,,,,,,,,,,,,,,,,
R0203,여,27,20대,25~29,직장인,기능/작업직,서울,서울,수도권,0,1,1,0,1,0,0,0,0,0,1,0,1,0,1,아메리카노,얼음갈린티,카페라떼,1,1.0,1.0,0.0,0.0,1.0,1.0,0.0,0.0,0.0,0.0,0.0,1.0,0.0,0.0,0.0,0.0,0.0,0.0,0.0,1,1.0,1.0,0.0,1.0,0.0,0.0,1.0,0.0,0.0,0.0,0.0,0.0,0.0,0.0,0.0,0.0,0.0,0.0,0.0,0,,,,,,,,,,,,,,,,,,,,0,,,,,,,,,,,,,,,,,,,,0,,,,,,,,,,,,,,,,,,,,0,,,,,,,,,,,,,,,,,,,
R0204,남,55,50대,55~59,직장인,사무/기술직,경기,서울외수도권,수도권,0,1,0,0,1,0,0,0,0,0,0,0,0,1,0,아메리카노,콜드브루,스무디쉐이크,0,,,,,,,,,,,,,,,,,,,,1,1.0,0.0,1.0,0.0,0.0,0.0,0.0,0.0,0.0,1.0,0.0,1.0,0.0,0.0,0.0,0.0,0.0,0.0,0.0,0,,,,,,,,,,,,,,,,,,,,0,,,,,,,,,,,,,,,,,,,,0,,,,,,,,,,,,,,,,,,,,1,1.0,1.0,0.0,0.0,0.0,0.0,0.0,0.0,0.0,0.0,0.0,0.0,0.0,0.0,0.0,0.0,0.0,0.0,0.0
R0205,남,41,40대,40~44,직장인,판매/영업 서비스직,경기,서울외수도권,수도권,0,1,0,0,0,0,0,1,0,0,0,0,0,0,1,아메리카노,주스에이드,달콤한커피류,0,,,,,,,,,,,,,,,,,,,,0,,,,,,,,,,,,,,,,,,,,0,,,,,,,,,,,,,,,,,,,,1,1.0,1.0,0.0,1.0,0.0,0.0,0.0,0.0,1.0,0.0,0.0,0.0,0.0,0.0,0.0,0.0,0.0,0.0,0.0,0,,,,,,,,,,,,,,,,,,,,0,,,,,,,,,,,,,,,,,,,
R0206,남,26,20대,25~29,직장인,자유/전문직,서울,서울,수도권,0,1,1,0,0,0,1,0,0,0,1,0,0,0,0,카페라떼,아메리카노,달콤한티,0,,,,,,,,,,,,,,,,,,,,1,1.0,1.0,1.0,1.0,0.0,0.0,0.0,0.0,0.0,1.0,0.0,1.0,0.0,0.0,0.0,0.0,0.0,0.0,0.0,0,,,,,,,,,,,,,,,,,,,,0,,,,,,,,,,,,,,,,,,,,1,1.0,1.0,0.0,0.0,0.0,0.0,0.0,0.0,1.0,0.0,0.0,0.0,0.0,0.0,0.0,0.0,0.0,0.0,0.0,0,,,,,,,,,,,,,,,,,,,
R0207,여,38,30대,35~39,직장인,판매/영업 서비스직,경기,서울외수도권,수도권,0,0,1,0,0,0,0,0,1,0,1,1,0,0,1,주스에이드,달콤한티,카페라떼,0,,,,,,,,,,,,,,,,,,,,1,1.0,0.0,0.0,0.0,1.0,1.0,0.0,0.0,0.0,0.0,0.0,0.0,0.0,0.0,1.0,1.0,0.0,0.0,0.0,1,1.0,1.0,0.0,0.0,0.0,0.0,0.0,0.0,0.0,0.0,0.0,0.0,0.0,0.0,0.0,0.0,0.0,0.0,0.0,0,,,,,,,,,,,,,,,,,,,,1,1.0,0.0,0.0,0.0,0.0,0.0,0.0,1.0,0.0,1.0,0.0,0.0,0.0,0.0,0.0,0.0,0.0,0.0,0.0,0,,,,,,,,,,,,,,,,,,,
R0208,여,45,40대,45~49,직장인,판매/영업 서비스직,경기,서울외수도권,수도권,0,1,0,0,0,0,0,1,1,0,0,0,0,0,0,얼음갈린커피,아메리카노,달콤한커피류,0,,,,,,,,,,,,,,,,,,,,1,1.0,1.0,1.0,1.0,0.0,0.0,0.0,0.0,0.0,0.0,0.0,0.0,0.0,0.0,0.0,0.0,0.0,0.0,0.0,0,,,,,,,,,,,,,,,,,,,,1,1.0,1.0,0.0,0.0,0.0,0.0,1.0,0.0,0.0,1.0,0.0,1.0,0.0,0.0,0.0,1.0,0.0,0.0,0.0,1,1.0,0.0,1.0,0.0,0.0,0.0,0.0,0.0,0.0,0.0,0.0,0.0,0.0,0.0,0.0,1.0,0.0,0.0,0.0,0,,,,,,,,,,,,,,,,,,,
R0209,남,50,50대,50~54,직장인,판매/영업 서비스직,강원,기타지역,비수도권,1,0,1,0,0,0,0,0,0,0,0,0,0,0,0,에스프레소,카페라떼,,0,,,,,,,,,,,,,,,,,,,,0,,,,,,,,,,,,,,,,,,,,1,1.0,1.0,0.0,0.0,0.0,0.0,0.0,0.0,0.0,0.0,0.0,0.0,0.0,0.0,0.0,1.0,0.0,0.0,0.0,1,1.0,0.0,0.0,0.0,0.0,0.0,0.0,0.0,0.0,0.0,1.0,0.0,0.0,0.0,0.0,0.0,0.0,1.0,0.0,0,,,,,,,,,,,,,,,,,,,,1,1.0,0.0,0.0,1.0,0.0,0.0,0.0,0.0,0.0,0.0,1.0,0.0,0.0,0.0,0.0,1.0,0.0,0.0,0.0
R0210,여,41,40대,40~44,기타직업,자영업,경기,서울외수도권,수도권,0,1,0,1,0,0,0,1,0,0,1,0,0,1,0,스무디쉐이크,아메리카노,달콤한커피류,1,1.0,0.0,0.0,0.0,0.0,0.0,0.0,0.0,0.0,0.0,0.0,0.0,0.0,0.0,0.0,0.0,0.0,0.0,0.0,0,,,,,,,,,,,,,,,,,,,,1,1.0,0.0,0.0,0.0,0.0,1.0,1.0,0.0,0.0,0.0,0.0,1.0,0.0,0.0,0.0,0.0,0.0,0.0,0.0,0,,,,,,,,,,,,,,,,,,,,1,1.0,0.0,0.0,0.0,0.0,0.0,0.0,0.0,0.0,0.0,0.0,0.0,0.0,0.0,0.0,0.0,0.0,0.0,0.0,0,,,,,,,,,,,,,,,,,,,
R0211,여,32,30대,30~34,직장인,사무/기술직,광주,5대광역시,비수도권,0,1,1,0,0,0,0,0,0,0,0,0,0,0,0,아메리카노,카페라떼,,0,,,,,,,,,,,,,,,,,,,,0,,,,,,,,,,,,,,,,,,,,0,,,,,,,,,,,,,,,,,,,,1,1.0,1.0,0.0,0.0,0.0,0.0,1.0,0.0,1.0,1.0,1.0,0.0,0.0,0.0,0.0,0.0,1.0,0.0,0.0,0,,,,,,,,,,,,,,,,,,,,1,1.0,1.0,0.0,0.0,0.0,0.0,0.0,0.0,0.0,0.0,0.0,0.0,0.0,0.0,0.0,0.0,0.0,0.0,0.0
R0212,여,53,50대,50~54,직장인,사무/기술직,서울,서울,수도권,0,0,0,0,0,0,1,0,0,0,0,0,0,0,0,드립핸드드립,,,0,,,,,,,,,,,,,,,,,,,,0,,,,,,,,,,,,,,,,,,,,0,,,,,,,,,,,,,,,,,,,,1,1.0,0.0,0.0,0.0,0.0,0.0,0.0,0.0,0.0,0.0,0.0,0.0,0.0,0.0,0.0,0.0,0.0,0.0,0.0,0,,,,,,,,,,,,,,,,,,,,0,,,,,,,,,,,,,,,,,,,
R0213,남,50,50대,50~54,기타직업,무직,서울,서울,수도권,0,1,0,0,0,0,0,1,0,0,0,0,0,0,0,달콤한커피류,아메리카노,,0,,,,,,,,,,,,,,,,,,,,0,,,,,,,,,,,,,,,,,,,,0,,,,,,,,,,,,,,,,,,,,0,,,,,,,,,,,,,,,,,,,,1,1.0,1.0,0.0,0.0,0.0,0.0,0.0,0.0,0.0,0.0,0.0,0.0,0.0,0.0,0.0,0.0,0.0,0.0,0.0,0,,,,,,,,,,,,,,,,,,,
R0214,남,36,30대,35~39,직장인,사무/기술직,강원,기타지역,비수도권,0,1,1,1,0,1,0,0,0,0,0,0,0,0,0,아메리카노,콜드브루라떼,카페라떼,1,1.0,1.0,0.0,0.0,1.0,0.0,1.0,0.0,0.0,0.0,0.0,0.0,0.0,0.0,0.0,0.0,0.0,0.0,0.0,0,,,,,,,,,,,,,,,,,,,,0,,,,,,,,,,,,,,,,,,,,1,1.0,1.0,0.0,0.0,0.0,0.0,0.0,0.0,1.0,0.0,0.0,0.0,0.0,0.0,0.0,0.0,0.0,0.0,0.0,0,,,,,,,,,,,,,,,,,,,,0,,,,,,,,,,,,,,,,,,,
R0215,여,35,30대,35~39,직장인,경영/관리직,서울,서울,수도권,0,1,1,0,0,0,1,0,0,0,0,0,1,0,0,얼음갈린티,아메리카노,카페라떼,1,1.0,0.0,1.0,0.0,0.0,0.0,0.0,0.0,0.0,0.0,0.0,0.0,0.0,0.0,0.0,0.0,0.0,0.0,0.0,1,1.0,1.0,0.0,0.0,1.0,1.0,0.0,0.0,0.0,0.0,0.0,0.0,0.0,0.0,0.0,0.0,0.0,0.0,0.0,0,,,,,,,,,,,,,,,,,,,,0,,,,,,,,,,,,,,,,,,,,0,,,,,,,,,,,,,,,,,,,,0,,,,,,,,,,,,,,,,,,,
R0216,여,58,50대,55~59,직장인,경영/관리직,강원,기타지역,비수도권,0,0,1,0,1,0,0,1,1,0,1,1,0,0,0,달콤한커피류,얼음갈린커피,콜드브루,0,,,,,,,,,,,,,,,,,,,,0,,,,,,,,,,,,,,,,,,,,0,,,,,,,,,,,,,,,,,,,,1,1.0,0.0,1.0,0.0,0.0,0.0,0.0,0.0,0.0,0.0,0.0,0.0,0.0,0.0,0.0,1.0,0.0,0.0,0.0,0,,,,,,,,,,,,,,,,,,,,0,,,,,,,,,,,,,,,,,,,
R0217,남,46,40대,45~49,직장인,경영/관리직,서울,서울,수도권,0,1,0,0,0,0,1,0,0,0,0,0,0,0,0,아메리카노,드립핸드드립,,1,1.0,1.0,0.0,0.0,0.0,0.0,0.0,0.0,0.0,0.0,1.0,0.0,0.0,0.0,0.0,0.0,0.0,0.0,0.0,0,,,,,,,,,,,,,,,,,,,,1,1.0,1.0,0.0,0.0,0.0,0.0,0.0,0.0,0.0,0.0,0.0,0.0,0.0,0.0,0.0,0.0,0.0,0.0,0.0,1,1.0,0.0,0.0,0.0,0.0,1.0,0.0,0.0,0.0,1.0,0.0,1.0,0.0,0.0,0.0,0.0,0.0,0.0,0.0,1,1.0,1.0,1.0,1.0,1.0,0.0,0.0,0.0,0.0,0.0,1.0,1.0,0.0,0.0,0.0,0.0,0.0,0.0,0.0,0,,,,,,,,,,,,,,,,,,,
R0218,여,39,30대,35~39,대학(원)생,대학생,인천,서울외수도권,수도권,0,1,1,0,0,0,0,1,0,1,0,0,0,0,1,아메리카노,달콤한커피류,카페라떼,0,,,,,,,,,,,,,,,,,,,,0,,,,,,,,,,,,,,,,,,,,0,,,,,,,,,,,,,,,,,,,,1,1.0,1.0,0.0,0.0,0.0,0.0,0.0,1.0,0.0,0.0,0.0,0.0,0.0,0.0,0.0,0.0,0.0,0.0,0.0,0,,,,,,,,,,,,,,,,,,,,0,,,,,,,,,,,,,,,,,,,
R0219,남,50,50대,50~54,직장인,사무/기술직,경남,기타지역,비수도권,0,1,0,1,0,0,0,0,0,0,0,0,0,1,0,아메리카노,카푸치노,스무디쉐이크,1,1.0,1.0,0.0,0.0,0.0,0.0,0.0,0.0,0.0,0.0,0.0,0.0,0.0,0.0,0.0,0.0,0.0,0.0,0.0,0,,,,,,,,,,,,,,,,,,,,0,,,,,,,,,,,,,,,,,,,,0,,,,,,,,,,,,,,,,,,,,0,,,,,,,,,,,,,,,,,,,,0,,,,,,,,,,,,,,,,,,,
R0220,남,39,30대,35~39,전업주부,전업주부,대전,5대광역시,비수도권,0,0,0,0,0,0,0,0,0,0,0,0,0,0,0,,,,1,1.0,0.0,0.0,1.0,0.0,1.0,0.0,0.0,0.0,0.0,0.0,1.0,0.0,0.0,0.0,0.0,0.0,0.0,0.0,0,,,,,,,,,,,,,,,,,,,,0,,,,,,,,,,,,,,,,,,,,1,1.0,0.0,1.0,1.0,1.0,0.0,0.0,0.0,1.0,0.0,0.0,0.0,0.0,0.0,0.0,0.0,0.0,0.0,0.0,1,1.0,0.0,0.0,1.0,0.0,0.0,0.0,0.0,0.0,0.0,1.0,0.0,0.0,0.0,0.0,0.0,1.0,0.0,0.0,1,1.0,1.0,0.0,0.0,0.0,1.0,1.0,0.0,0.0,0.0,0.0,0.0,0.0,0.0,0.0,0.0,0.0,0.0,0.0
R0221,남,20,20대,20~24,직장인,자영업,경기,서울외수도권,수도권,0,1,1,0,0,0,0,0,0,1,0,0,1,0,0,얼음갈린티,아메리카노,카페라떼,0,,,,,,,,,,,,,,,,,,,,1,1.0,1.0,0.0,1.0,0.0,0.0,0.0,0.0,0.0,0.0,1.0,0.0,0.0,0.0,0.0,1.0,0.0,0.0,0.0,0,,,,,,,,,,,,,,,,,,,,0,,,,,,,,,,,,,,,,,,,,0,,,,,,,,,,,,,,,,,,,,1,1.0,1.0,0.0,0.0,0.0,1.0,0.0,0.0,0.0,0.0,0.0,0.0,0.0,0.0,0.0,0.0,1.0,0.0,0.0
R0222,여,46,40대,45~49,기타직업,기타,경기,서울외수도권,수도권,0,0,0,0,0,0,0,0,0,1,0,1,1,0,0,과일티에이드,기본티,얼음갈린티,0,,,,,,,,,,,,,,,,,,,,0,,,,,,,,,,,,,,,,,,,,1,1.0,0.0,0.0,0.0,1.0,1.0,0.0,0.0,0.0,0.0,0.0,0.0,0.0,0.0,0.0,0.0,0.0,0.0,0.0,1,1.0,0.0,0.0,1.0,0.0,1.0,1.0,0.0,0.0,0.0,0.0,0.0,0.0,0.0,0.0,0.0,0.0,0.0,0.0,0,,,,,,,,,,,,,,,,,,,,1,1.0,1.0,0.0,1.0,0.0,0.0,0.0,0.0,0.0,0.0,0.0,0.0,0.0,0.0,1.0,0.0,0.0,0.0,0.0
R0223,여,39,30대,35~39,직장인,기능/작업직,경기,서울외수도권,수도권,1,1,1,0,0,0,0,0,0,0,0,0,1,0,0,아메리카노,카페라떼,얼음갈린티,0,,,,,,,,,,,,,,,,,,,,1,1.0,0.0,0.0,1.0,0.0,1.0,1.0,0.0,0.0,1.0,0.0,0.0,0.0,0.0,0.0,0.0,0.0,0.0,0.0,0,,,,,,,,,,,,,,,,,,,,0,,,,,,,,,,,,,,,,,,,,1,1.0,1.0,0.0,0.0,0.0,1.0,1.0,1.0,0.0,0.0,0.0,1.0,0.0,0.0,0.0,0.0,1.0,0.0,0.0,0,,,,,,,,,,,,,,,,,,,
R0224,여,46,40대,45~49,직장인,사무/기술직,서울,서울,수도권,0,1,1,0,0,0,0,0,1,0,0,0,0,0,0,아메리카노,카페라떼,얼음갈린커피,1,1.0,1.0,1.0,0.0,0.0,1.0,0.0,0.0,0.0,0.0,0.0,0.0,0.0,0.0,0.0,0.0,0.0,0.0,0.0,0,,,,,,,,,,,,,,,,,,,,0,,,,,,,,,,,,,,,,,,,,0,,,,,,,,,,,,,,,,,,,,1,1.0,0.0,0.0,1.0,0.0,1.0,0.0,0.0,0.0,1.0,0.0,0.0,1.0,0.0,0.0,0.0,0.0,0.0,0.0,1,1.0,1.0,0.0,1.0,0.0,0.0,0.0,0.0,0.0,1.0,0.0,0.0,0.0,0.0,0.0,0.0,1.0,0.0,0.0
R0225,남,45,40대,45~49,직장인,경영/관리직,서울,서울,수도권,0,1,1,0,0,0,0,0,0,0,0,0,0,0,0,아메리카노,카페라떼,,1,1.0,1.0,1.0,0.0,0.0,0.0,0.0,0.0,1.0,0.0,0.0,1.0,0.0,0.0,0.0,0.0,0.0,0.0,0.0,1,1.0,1.0,1.0,0.0,0.0,1.0,0.0,0.0,0.0,0.0,0.0,1.0,0.0,0.0,0.0,0.0,0.0,0.0,0.0,1,1.0,0.0,1.0,0.0,0.0,0.0,0.0,0.0,0.0,0.0,0.0,0.0,0.0,0.0,0.0,0.0,0.0,0.0,0.0,1,1.0,0.0,0.0,0.0,0.0,0.0,0.0,0.0,0.0,1.0,0.0,0.0,0.0,0.0,0.0,0.0,0.0,0.0,0.0,0,,,,,,,,,,,,,,,,,,,,0,,,,,,,,,,,,,,,,,,,
R0226,여,34,30대,30~34,직장인,자영업,대전,5대광역시,비수도권,0,1,0,0,0,0,0,0,0,0,0,1,0,0,0,아메리카노,과일티에이드,,1,1.0,0.0,0.0,1.0,0.0,0.0,0.0,0.0,0.0,1.0,0.0,0.0,0.0,0.0,0.0,0.0,0.0,0.0,0.0,0,,,,,,,,,,,,,,,,,,,,0,,,,,,,,,,,,,,,,,,,,0,,,,,,,,,,,,,,,,,,,,0,,,,,,,,,,,,,,,,,,,,1,1.0,1.0,0.0,1.0,0.0,0.0,0.0,0.0,0.0,0.0,0.0,0.0,0.0,0.0,0.0,0.0,0.0,0.0,0.0
R0227,남,49,40대,45~49,대학(원)생,대학생,인천,서울외수도권,수도권,0,1,0,0,1,0,0,1,1,0,0,1,0,0,1,아메리카노,달콤한커피류,콜드브루,1,1.0,1.0,0.0,0.0,0.0,0.0,0.0,0.0,0.0,0.0,0.0,0.0,0.0,0.0,0.0,0.0,0.0,0.0,0.0,0,,,,,,,,,,,,,,,,,,,,0,,,,,,,,,,,,,,,,,,,,1,1.0,1.0,0.0,0.0,0.0,1.0,0.0,0.0,0.0,0.0,0.0,0.0,0.0,0.0,0.0,0.0,0.0,0.0,0.0,1,1.0,0.0,0.0,0.0,0.0,0.0,0.0,0.0,0.0,0.0,0.0,0.0,0.0,0.0,0.0,0.0,0.0,0.0,0.0,0,,,,,,,,,,,,,,,,,,,
R0228,남,49,40대,45~49,직장인,사무/기술직,서울,서울,수도권,0,1,1,0,0,0,1,0,0,0,0,0,0,0,0,아메리카노,카페라떼,드립핸드드립,0,,,,,,,,,,,,,,,,,,,,0,,,,,,,,,,,,,,,,,,,,0,,,,,,,,,,,,,,,,,,,,0,,,,,,,,,,,,,,,,,,,,0,,,,,,,,,,,,,,,,,,,,1,1.0,1.0,0.0,0.0,0.0,1.0,1.0,1.0,0.0,0.0,0.0,0.0,0.0,0.0,0.0,0.0,0.0,0.0,0.0
R0229,남,53,50대,50~54,직장인,사무/기술직,경기,서울외수도권,수도권,0,0,0,0,0,0,0,0,0,1,0,0,1,1,0,얼음갈린티,기본티,스무디쉐이크,1,1.0,1.0,0.0,1.0,1.0,1.0,1.0,0.0,0.0,0.0,1.0,0.0,0.0,0.0,0.0,0.0,0.0,0.0,0.0,0,,,,,,,,,,,,,,,,,,,,0,,,,,,,,,,,,,,,,,,,,0,,,,,,,,,,,,,,,,,,,,0,,,,,,,,,,,,,,,,,,,,1,1.0,1.0,0.0,0.0,0.0,0.0,0.0,0.0,0.0,1.0,0.0,0.0,0.0,0.0,0.0,0.0,0.0,0.0,0.0
R0230,남,32,30대,30~34,직장인,사무/기술직,서울,서울,수도권,0,0,0,0,0,0,0,1,0,0,0,0,1,1,0,달콤한커피류,얼음갈린티,스무디쉐이크,0,,,,,,,,,,,,,,,,,,,,1,1.0,0.0,0.0,1.0,0.0,0.0,1.0,0.0,0.0,0.0,0.0,0.0,0.0,0.0,0.0,0.0,0.0,0.0,0.0,0,,,,,,,,,,,,,,,,,,,,0,,,,,,,,,,,,,,,,,,,,0,,,,,,,,,,,,,,,,,,,,1,1.0,1.0,0.0,0.0,0.0,0.0,0.0,0.0,0.0,0.0,0.0,0.0,0.0,0.0,0.0,0.0,0.0,0.0,0.0
R0231,남,45,40대,45~49,직장인,경영/관리직,경기,서울외수도권,수도권,0,1,0,0,0,0,0,1,0,0,1,0,1,0,0,아메리카노,달콤한티,달콤한커피류,0,,,,,,,,,,,,,,,,,,,,0,,,,,,,,,,,,,,,,,,,,0,,,,,,,,,,,,,,,,,,,,1,1.0,0.0,0.0,0.0,0.0,1.0,1.0,0.0,0.0,0.0,0.0,0.0,1.0,0.0,0.0,0.0,0.0,0.0,0.0,1,1.0,1.0,0.0,0.0,1.0,0.0,0.0,0.0,0.0,1.0,1.0,0.0,0.0,0.0,0.0,0.0,0.0,0.0,0.0,0,,,,,,,,,,,,,,,,,,,
R0232,남,24,20대,20~24,대학(원)생,대학생,서울,서울,수도권,0,0,0,0,0,0,0,0,0,0,0,0,0,1,0,스무디쉐이크,,,1,1.0,0.0,1.0,0.0,0.0,0.0,0.0,0.0,0.0,0.0,0.0,0.0,0.0,0.0,0.0,0.0,0.0,0.0,0.0,0,,,,,,,,,,,,,,,,,,,,1,1.0,1.0,0.0,0.0,0.0,0.0,1.0,0.0,0.0,1.0,0.0,0.0,0.0,0.0,0.0,0.0,0.0,0.0,0.0,0,,,,,,,,,,,,,,,,,,,,0,,,,,,,,,,,,,,,,,,,,0,,,,,,,,,,,,,,,,,,,
R0233,여,41,40대,40~44,직장인,자유/전문직,경기,서울외수도권,수도권,0,1,0,0,0,0,0,0,0,1,0,0,0,0,1,아메리카노,주스에이드,기본티,1,1.0,1.0,0.0,0.0,0.0,0.0,0.0,0.0,0.0,1.0,0.0,0.0,0.0,0.0,0.0,0.0,0.0,0.0,0.0,1,1.0,1.0,0.0,0.0,0.0,1.0,0.0,0.0,0.0,0.0,0.0,1.0,0.0,0.0,0.0,0.0,0.0,0.0,0.0,1,1.0,0.0,0.0,0.0,0.0,1.0,0.0,0.0,0.0,0.0,1.0,0.0,0.0,0.0,0.0,0.0,0.0,0.0,0.0,0,,,,,,,,,,,,,,,,,,,,0,,,,,,,,,,,,,,,,,,,,0,,,,,,,,,,,,,,,,,,,
R0234,남,40,40대,40~44,직장인,자영업,경남,기타지역,비수도권,0,1,1,0,0,0,0,0,0,0,1,0,1,0,0,아메리카노,카페라떼,달콤한티,1,1.0,0.0,0.0,0.0,0.0,0.0,1.0,0.0,0.0,0.0,0.0,0.0,0.0,0.0,1.0,0.0,0.0,0.0,0.0,1,1.0,1.0,0.0,0.0,1.0,0.0,0.0,0.0,0.0,0.0,0.0,0.0,0.0,0.0,0.0,0.0,0.0,0.0,0.0,0,,,,,,,,,,,,,,,,,,,,0,,,,,,,,,,,,,,,,,,,,0,,,,,,,,,,,,,,,,,,,,0,,,,,,,,,,,,,,,,,,,
R0235,여,31,30대,30~34,기타직업,자유/전문직,경기,서울외수도권,수도권,0,0,0,0,0,0,0,1,0,0,0,0,0,0,0,달콤한커피류,,,1,1.0,1.0,0.0,0.0,1.0,0.0,0.0,0.0,0.0,0.0,0.0,0.0,0.0,0.0,0.0,0.0,0.0,0.0,0.0,0,,,,,,,,,,,,,,,,,,,,1,1.0,1.0,0.0,0.0,0.0,0.0,0.0,0.0,0.0,0.0,0.0,0.0,0.0,0.0,0.0,0.0,0.0,0.0,0.0,1,1.0,0.0,0.0,0.0,0.0,0.0,0.0,0.0,0.0,0.0,0.0,0.0,0.0,0.0,0.0,0.0,0.0,0.0,0.0,1,1.0,1.0,0.0,0.0,0.0,0.0,0.0,0.0,0.0,1.0,0.0,0.0,1.0,0.0,0.0,0.0,0.0,0.0,0.0,1,1.0,1.0,1.0,0.0,0.0,0.0,0.0,0.0,0.0,0.0,0.0,0.0,0.0,0.0,0.0,0.0,0.0,0.0,0.0
R0236,남,33,30대,30~34,직장인,사무/기술직,부산,5대광역시,비수도권,0,1,0,0,0,1,0,1,1,0,0,0,0,0,0,아메리카노,달콤한커피류,얼음갈린커피,0,,,,,,,,,,,,,,,,,,,,0,,,,,,,,,,,,,,,,,,,,1,1.0,0.0,0.0,0.0,0.0,0.0,0.0,0.0,0.0,0.0,0.0,0.0,0.0,0.0,0.0,0.0,0.0,0.0,0.0,0,,,,,,,,,,,,,,,,,,,,0,,,,,,,,,,,,,,,,,,,,0,,,,,,,,,,,,,,,,,,,
R0237,여,48,40대,45~49,전업주부,전업주부,경남,기타지역,비수도권,0,0,0,0,0,0,0,0,0,0,0,0,0,0,0,,,,0,,,,,,,,,,,,,,,,,,,,1,1.0,0.0,0.0,0.0,1.0,1.0,0.0,0.0,0.0,1.0,0.0,1.0,0.0,0.0,0.0,0.0,0.0,0.0,0.0,0,,,,,,,,,,,,,,,,,,,,0,,,,,,,,,,,,,,,,,,,,0,,,,,,,,,,,,,,,,,,,,0,,,,,,,,,,,,,,,,,,,
R0238,남,56,50대,55~59,직장인,자유/전문직,경북,기타지역,비수도권,0,0,0,0,1,0,0,1,0,0,0,0,0,0,0,달콤한커피류,콜드브루,,0,,,,,,,,,,,,,,,,,,,,1,1.0,1.0,0.0,0.0,1.0,0.0,0.0,0.0,0.0,0.0,1.0,1.0,0.0,0.0,0.0,0.0,1.0,0.0,0.0,1,1.0,1.0,0.0,0.0,1.0,0.0,0.0,0.0,1.0,0.0,0.0,0.0,0.0,0.0,0.0,0.0,0.0,0.0,0.0,0,,,,,,,,,,,,,,,,,,,,0,,,,,,,,,,,,,,,,,,,,0,,,,,,,,,,,,,,,,,,,
R0239,남,39,30대,35~39,직장인,사무/기술직,서울,서울,수도권,0,1,0,0,0,0,0,0,0,1,0,0,0,0,0,아메리카노,기본티,,0,,,,,,,,,,,,,,,,,,,,0,,,,,,,,,,,,,,,,,,,,0,,,,,,,,,,,,,,,,,,,,1,1.0,1.0,0.0,0.0,1.0,0.0,1.0,0.0,0.0,0.0,0.0,1.0,0.0,0.0,0.0,0.0,0.0,0.0,0.0,0,,,,,,,,,,,,,,,,,,,,0,,,,,,,,,,,,,,,,,,,
R0240,남,50,50대,50~54,기타직업,기능/작업직,광주,5대광역시,비수도권,0,1,1,0,0,0,0,1,0,0,0,0,1,0,0,아메리카노,달콤한커피류,얼음갈린티,1,1.0,1.0,0.0,0.0,1.0,0.0,1.0,1.0,0.0,0.0,0.0,0.0,0.0,0.0,0.0,0.0,0.0,0.0,0.0,1,1.0,0.0,0.0,1.0,0.0,0.0,0.0,0.0,0.0,0.0,1.0,0.0,1.0,0.0,0.0,0.0,1.0,0.0,0.0,1,1.0,1.0,0.0,1.0,1.0,0.0,0.0,0.0,0.0,1.0,0.0,0.0,0.0,0.0,0.0,1.0,0.0,1.0,0.0,1,1.0,1.0,0.0,0.0,0.0,0.0,0.0,0.0,0.0,1.0,1.0,0.0,0.0,0.0,0.0,0.0,0.0,0.0,0.0,0,,,,,,,,,,,,,,,,,,,,1,1.0,1.0,1.0,0.0,0.0,1.0,1.0,0.0,0.0,0.0,0.0,1.0,0.0,0.0,0.0,0.0,0.0,0.0,0.0
R0241,여,23,20대,20~24,직장인,사무/기술직,경기,서울외수도권,수도권,0,0,0,0,1,0,1,1,0,1,1,0,0,0,0,달콤한커피류,달콤한티,콜드브루,1,1.0,1.0,0.0,1.0,0.0,0.0,0.0,0.0,0.0,0.0,0.0,1.0,0.0,0.0,0.0,0.0,0.0,0.0,0.0,1,1.0,0.0,1.0,0.0,0.0,0.0,0.0,0.0,1.0,0.0,0.0,0.0,0.0,0.0,0.0,0.0,0.0,0.0,0.0,0,,,,,,,,,,,,,,,,,,,,0,,,,,,,,,,,,,,,,,,,,1,1.0,1.0,0.0,0.0,0.0,0.0,0.0,0.0,0.0,0.0,0.0,0.0,0.0,0.0,0.0,0.0,1.0,0.0,0.0,0,,,,,,,,,,,,,,,,,,,
R0242,여,37,30대,35~39,직장인,판매/영업 서비스직,서울,서울,수도권,0,1,1,0,0,0,0,0,0,0,1,1,0,0,0,아메리카노,달콤한티,카페라떼,0,,,,,,,,,,,,,,,,,,,,1,1.0,0.0,1.0,0.0,1.0,0.0,0.0,0.0,0.0,0.0,0.0,0.0,0.0,0.0,0.0,0.0,0.0,0.0,0.0,0,,,,,,,,,,,,,,,,,,,,0,,,,,,,,,,,,,,,,,,,,0,,,,,,,,,,,,,,,,,,,,0,,,,,,,,,,,,,,,,,,,
R0243,남,30,30대,30~34,직장인,자유/전문직,충북,기타지역,비수도권,0,1,0,0,0,0,0,0,0,0,0,1,1,0,0,아메리카노,과일티에이드,얼음갈린티,0,,,,,,,,,,,,,,,,,,,,0,,,,,,,,,,,,,,,,,,,,0,,,,,,,,,,,,,,,,,,,,1,1.0,0.0,0.0,0.0,0.0,0.0,0.0,0.0,0.0,1.0,0.0,0.0,0.0,0.0,0.0,0.0,0.0,0.0,0.0,1,1.0,1.0,0.0,0.0,0.0,0.0,1.0,0.0,0.0,0.0,1.0,0.0,0.0,0.0,0.0,0.0,1.0,0.0,0.0,0,,,,,,,,,,,,,,,,,,,
R0244,여,56,50대,55~59,직장인,기능/작업직,대구,5대광역시,비수도권,0,1,1,0,0,1,0,1,0,0,1,1,0,0,1,달콤한커피류,아메리카노,주스에이드,1,1.0,1.0,0.0,0.0,0.0,1.0,0.0,0.0,0.0,0.0,0.0,0.0,0.0,0.0,0.0,0.0,0.0,0.0,0.0,0,,,,,,,,,,,,,,,,,,,,0,,,,,,,,,,,,,,,,,,,,0,,,,,,,,,,,,,,,,,,,,1,1.0,0.0,0.0,0.0,0.0,0.0,0.0,0.0,0.0,0.0,0.0,0.0,0.0,0.0,0.0,0.0,0.0,0.0,0.0,0,,,,,,,,,,,,,,,,,,,
R0245,남,50,50대,50~54,대학(원)생,대학생,경기,서울외수도권,수도권,0,0,0,0,0,0,1,1,0,1,0,1,0,1,0,기본티,스무디쉐이크,과일티에이드,0,,,,,,,,,,,,,,,,,,,,0,,,,,,,,,,,,,,,,,,,,0,,,,,,,,,,,,,,,,,,,,0,,,,,,,,,,,,,,,,,,,,0,,,,,,,,,,,,,,,,,,,,0,,,,,,,,,,,,,,,,,,,
R0246,남,58,50대,55~59,대학(원)생,대학생,울산,5대광역시,비수도권,0,0,1,0,0,0,0,0,1,1,1,0,0,0,0,달콤한티,카페라떼,얼음갈린커피,0,,,,,,,,,,,,,,,,,,,,0,,,,,,,,,,,,,,,,,,,,0,,,,,,,,,,,,,,,,,,,,1,1.0,0.0,1.0,0.0,0.0,1.0,0.0,0.0,0.0,0.0,0.0,0.0,0.0,0.0,0.0,0.0,1.0,0.0,0.0,0,,,,,,,,,,,,,,,,,,,,0,,,,,,,,,,,,,,,,,,,
R0247,남,34,30대,30~34,대학(원)생,대학생,대전,5대광역시,비수도권,0,1,0,0,0,0,0,0,0,0,0,0,0,0,0,아메리카노,,,0,,,,,,,,,,,,,,,,,,,,0,,,,,,,,,,,,,,,,,,,,1,1.0,1.0,0.0,0.0,0.0,1.0,0.0,0.0,0.0,0.0,0.0,0.0,0.0,0.0,0.0,0.0,0.0,0.0,0.0,0,,,,,,,,,,,,,,,,,,,,1,1.0,1.0,0.0,0.0,1.0,1.0,0.0,0.0,0.0,0.0,1.0,0.0,0.0,0.0,0.0,0.0,0.0,0.0,0.0,0,,,,,,,,,,,,,,,,,,,
R0248,여,25,20대,25~29,직장인,자유/전문직,경기,서울외수도권,수도권,0,1,1,0,0,0,0,1,1,1,1,1,0,0,0,달콤한커피류,기본티,아메리카노,0,,,,,,,,,,,,,,,,,,,,0,,,,,,,,,,,,,,,,,,,,0,,,,,,,,,,,,,,,,,,,,1,1.0,0.0,0.0,0.0,0.0,1.0,1.0,1.0,0.0,0.0,0.0,0.0,0.0,0.0,0.0,0.0,0.0,0.0,0.0,1,1.0,0.0,0.0,0.0,0.0,1.0,0.0,0.0,0.0,0.0,0.0,0.0,0.0,0.0,0.0,1.0,0.0,0.0,0.0,0,,,,,,,,,,,,,,,,,,,
R0249,여,51,50대,50~54,대학(원)생,대학생,대구,5대광역시,비수도권,0,0,0,0,0,0,1,1,0,0,0,0,0,0,0,달콤한커피류,드립핸드드립,,0,,,,,,,,,,,,,,,,,,,,0,,,,,,,,,,,,,,,,,,,,1,1.0,0.0,1.0,0.0,0.0,0.0,0.0,0.0,0.0,0.0,1.0,0.0,0.0,0.0,0.0,0.0,0.0,0.0,0.0,1,1.0,1.0,0.0,0.0,0.0,1.0,0.0,0.0,0.0,1.0,0.0,0.0,0.0,0.0,0.0,0.0,1.0,0.0,0.0,0,,,,,,,,,,,,,,,,,,,,0,,,,,,,,,,,,,,,,,,,
R0250,남,54,50대,50~54,직장인,기능/작업직,서울,서울,수도권,0,1,0,1,0,0,0,0,0,0,1,0,0,0,0,아메리카노,카푸치노,달콤한티,0,,,,,,,,,,,,,,,,,,,,0,,,,,,,,,,,,,,,,,,,,0,,,,,,,,,,,,,,,,,,,,0,,,,,,,,,,,,,,,,,,,,0,,,,,,,,,,,,,,,,,,,,1,1.0,1.0,0.0,0.0,0.0,0.0,0.0,0.0,0.0,1.0,1.0,1.0,0.0,0.0,0.0,0.0,0.0,0.0,0.0
R0251,남,49,40대,45~49,직장인,경영/관리직,경기,서울외수도권,수도권,0,1,0,0,0,0,0,0,0,0,1,0,0,0,0,아메리카노,달콤한티,,1,1.0,0.0,0.0,0.0,0.0,0.0,1.0,0.0,0.0,0.0,0.0,0.0,0.0,0.0,0.0,0.0,0.0,0.0,0.0,0,,,,,,,,,,,,,,,,,,,,0,,,,,,,,,,,,,,,,,,,,1,1.0,1.0,0.0,0.0,0.0,1.0,1.0,0.0,0.0,0.0,0.0,0.0,0.0,0.0,0.0,0.0,1.0,0.0,0.0,1,1.0,0.0,1.0,0.0,0.0,0.0,0.0,0.0,1.0,1.0,1.0,0.0,0.0,0.0,0.0,0.0,0.0,0.0,0.0,0,,,,,,,,,,,,,,,,,,,
R0252,여,42,40대,40~44,직장인,사무/기술직,서울,서울,수도권,0,0,1,0,0,1,0,1,1,0,1,0,1,1,0,스무디쉐이크,카페라떼,달콤한커피류,1,1.0,1.0,0.0,0.0,1.0,1.0,0.0,0.0,0.0,0.0,0.0,0.0,0.0,0.0,0.0,0.0,0.0,0.0,0.0,1,1.0,1.0,0.0,0.0,0.0,0.0,0.0,0.0,0.0,0.0,1.0,0.0,0.0,0.0,0.0,0.0,0.0,0.0,0.0,0,,,,,,,,,,,,,,,,,,,,0,,,,,,,,,,,,,,,,,,,,1,1.0,1.0,0.0,1.0,0.0,0.0,0.0,0.0,1.0,0.0,0.0,0.0,0.0,0.0,0.0,0.0,0.0,0.0,0.0,1,1.0,1.0,0.0,1.0,0.0,0.0,1.0,0.0,0.0,1.0,0.0,0.0,0.0,0.0,0.0,0.0,0.0,0.0,0.0
R0253,여,44,40대,40~44,대학(원)생,대학생,서울,서울,수도권,0,0,0,1,0,0,0,0,0,0,0,0,0,0,0,카푸치노,,,0,,,,,,,,,,,,,,,,,,,,0,,,,,,,,,,,,,,,,,,,,0,,,,,,,,,,,,,,,,,,,,0,,,,,,,,,,,,,,,,,,,,0,,,,,,,,,,,,,,,,,,,,0,,,,,,,,,,,,,,,,,,,
R0254,남,25,20대,25~29,대학(원)생,대학생,서울,서울,수도권,0,0,0,0,0,0,0,1,0,0,0,1,0,0,0,과일티에이드,달콤한커피류,,1,1.0,1.0,1.0,1.0,0.0,1.0,1.0,0.0,0.0,0.0,1.0,0.0,0.0,0.0,0.0,0.0,0.0,0.0,0.0,0,,,,,,,,,,,,,,,,,,,,1,1.0,0.0,0.0,0.0,1.0,0.0,0.0,0.0,0.0,1.0,0.0,0.0,0.0,0.0,0.0,0.0,0.0,0.0,0.0,0,,,,,,,,,,,,,,,,,,,,0,,,,,,,,,,,,,,,,,,,,0,,,,,,,,,,,,,,,,,,,
R0255,남,42,40대,40~44,직장인,사무/기술직,전남,기타지역,비수도권,0,1,0,0,1,0,0,0,0,0,0,1,1,1,1,아메리카노,과일티에이드,주스에이드,0,,,,,,,,,,,,,,,,,,,,0,,,,,,,,,,,,,,,,,,,,1,1.0,1.0,1.0,0.0,0.0,1.0,0.0,0.0,0.0,0.0,0.0,0.0,0.0,0.0,0.0,0.0,0.0,0.0,0.0,0,,,,,,,,,,,,,,,,,,,,1,1.0,0.0,0.0,0.0,0.0,0.0,1.0,0.0,0.0,0.0,0.0,0.0,0.0,0.0,0.0,0.0,0.0,0.0,0.0,0,,,,,,,,,,,,,,,,,,,
R0256,남,58,50대,55~59,대학(원)생,대학생,대구,5대광역시,비수도권,0,0,0,0,0,0,0,1,0,0,0,1,0,0,0,과일티에이드,달콤한커피류,,0,,,,,,,,,,,,,,,,,,,,0,,,,,,,,,,,,,,,,,,,,0,,,,,,,,,,,,,,,,,,,,0,,,,,,,,,,,,,,,,,,,,0,,,,,,,,,,,,,,,,,,,,1,1.0,1.0,0.0,0.0,0.0,0.0,0.0,0.0,0.0,0.0,0.0,0.0,0.0,0.0,0.0,1.0,0.0,0.0,0.0
R0257,여,36,30대,35~39,대학(원)생,대학생,경북,기타지역,비수도권,0,1,1,0,0,0,0,0,0,0,1,0,0,0,1,아메리카노,주스에이드,달콤한티,0,,,,,,,,,,,,,,,,,,,,0,,,,,,,,,,,,,,,,,,,,1,1.0,1.0,0.0,0.0,0.0,0.0,1.0,1.0,0.0,1.0,0.0,1.0,0.0,0.0,0.0,0.0,0.0,0.0,0.0,1,1.0,0.0,0.0,0.0,1.0,0.0,0.0,0.0,0.0,0.0,1.0,0.0,0.0,0.0,0.0,0.0,0.0,0.0,0.0,0,,,,,,,,,,,,,,,,,,,,0,,,,,,,,,,,,,,,,,,,
R0258,여,56,50대,55~59,직장인,자유/전문직,서울,서울,수도권,0,0,0,0,0,0,0,0,0,1,0,0,0,0,1,기본티,주스에이드,,1,1.0,1.0,0.0,0.0,1.0,0.0,0.0,0.0,0.0,0.0,0.0,0.0,0.0,0.0,0.0,0.0,0.0,0.0,0.0,1,1.0,1.0,0.0,0.0,0.0,1.0,0.0,0.0,0.0,0.0,0.0,0.0,0.0,0.0,0.0,0.0,0.0,0.0,0.0,1,1.0,0.0,0.0,0.0,0.0,1.0,0.0,0.0,0.0,0.0,0.0,1.0,0.0,0.0,0.0,1.0,0.0,0.0,0.0,1,1.0,1.0,0.0,0.0,0.0,0.0,0.0,0.0,0.0,0.0,1.0,1.0,0.0,0.0,0.0,0.0,0.0,0.0,0.0,1,1.0,0.0,0.0,0.0,0.0,1.0,0.0,0.0,0.0,0.0,0.0,1.0,0.0,0.0,0.0,0.0,0.0,1.0,0.0,1,1.0,1.0,0.0,0.0,0.0,1.0,1.0,0.0,0.0,1.0,1.0,0.0,0.0,0.0,0.0,0.0,0.0,0.0,0.0
R0259,여,56,50대,55~59,전업주부,전업주부,광주,5대광역시,비수도권,0,1,0,0,0,0,0,0,0,1,1,1,0,0,0,아메리카노,기본티,과일티에이드,0,,,,,,,,,,,,,,,,,,,,1,1.0,1.0,0.0,0.0,0.0,1.0,1.0,0.0,0.0,0.0,0.0,0.0,0.0,0.0,1.0,0.0,0.0,0.0,0.0,1,1.0,0.0,0.0,0.0,1.0,0.0,0.0,0.0,0.0,0.0,0.0,0.0,0.0,0.0,0.0,1.0,0.0,0.0,0.0,0,,,,,,,,,,,,,,,,,,,,0,,,,,,,,,,,,,,,,,,,,0,,,,,,,,,,,,,,,,,,,
R0260,여,29,20대,25~29,직장인,사무/기술직,서울,서울,수도권,0,1,0,0,0,0,0,0,0,0,0,1,0,0,0,아메리카노,과일티에이드,,0,,,,,,,,,,,,,,,,,,,,1,1.0,0.0,0.0,1.0,0.0,0.0,0.0,0.0,0.0,0.0,0.0,0.0,0.0,0.0,0.0,1.0,0.0,0.0,0.0,1,1.0,0.0,0.0,1.0,0.0,0.0,0.0,0.0,0.0,0.0,0.0,1.0,0.0,0.0,0.0,0.0,0.0,0.0,0.0,0,,,,,,,,,,,,,,,,,,,,1,1.0,1.0,0.0,0.0,0.0,1.0,0.0,0.0,0.0,0.0,0.0,0.0,0.0,0.0,0.0,0.0,0.0,0.0,0.0,0,,,,,,,,,,,,,,,,,,,
R0261,여,37,30대,35~39,직장인,자유/전문직,충남,기타지역,비수도권,0,1,0,0,0,0,0,0,0,0,0,0,0,0,0,아메리카노,,,1,1.0,1.0,0.0,0.0,0.0,1.0,0.0,0.0,0.0,0.0,0.0,0.0,0.0,0.0,0.0,0.0,0.0,0.0,0.0,1,1.0,1.0,0.0,0.0,0.0,0.0,1.0,0.0,1.0,0.0,0.0,1.0,0.0,0.0,0.0,0.0,0.0,0.0,0.0,0,,,,,,,,,,,,,,,,,,,,0,,,,,,,,,,,,,,,,,,,,0,,,,,,,,,,,,,,,,,,,,0,,,,,,,,,,,,,,,,,,,
R0262,남,24,20대,20~24,대학(원)생,대학생,울산,5대광역시,비수도권,0,0,0,0,0,0,0,0,0,0,0,0,0,0,0,,,,0,,,,,,,,,,,,,,,,,,,,0,,,,,,,,,,,,,,,,,,,,0,,,,,,,,,,,,,,,,,,,,0,,,,,,,,,,,,,,,,,,,,0,,,,,,,,,,,,,,,,,,,,1,1.0,1.0,0.0,0.0,0.0,0.0,0.0,0.0,0.0,0.0,0.0,1.0,0.0,0.0,0.0,0.0,0.0,0.0,0.0
R0263,남,56,50대,55~59,직장인,사무/기술직,서울,서울,수도권,0,0,0,0,0,0,0,0,1,0,0,0,0,1,0,얼음갈린커피,스무디쉐이크,,1,1.0,0.0,0.0,1.0,0.0,1.0,1.0,0.0,0.0,0.0,0.0,0.0,0.0,0.0,0.0,1.0,0.0,0.0,0.0,1,1.0,0.0,0.0,1.0,0.0,1.0,1.0,0.0,0.0,0.0,0.0,1.0,0.0,0.0,0.0,0.0,1.0,0.0,0.0,0,,,,,,,,,,,,,,,,,,,,0,,,,,,,,,,,,,,,,,,,,1,1.0,1.0,0.0,0.0,0.0,0.0,0.0,0.0,0.0,0.0,0.0,0.0,0.0,0.0,0.0,0.0,0.0,0.0,0.0,0,,,,,,,,,,,,,,,,,,,
R0264,여,48,40대,45~49,직장인,사무/기술직,전북,기타지역,비수도권,0,1,0,0,0,0,0,1,0,1,0,0,1,0,1,달콤한커피류,기본티,아메리카노,0,,,,,,,,,,,,,,,,,,,,0,,,,,,,,,,,,,,,,,,,,0,,,,,,,,,,,,,,,,,,,,0,,,,,,,,,,,,,,,,,,,,1,1.0,1.0,0.0,0.0,0.0,1.0,1.0,0.0,1.0,0.0,0.0,0.0,0.0,0.0,0.0,0.0,0.0,0.0,0.0,1,1.0,0.0,0.0,0.0,0.0,0.0,0.0,0.0,0.0,0.0,0.0,0.0,0.0,0.0,0.0,0.0,0.0,0.0,0.0
R0265,여,41,40대,40~44,대학(원)생,대학생,대전,5대광역시,비수도권,0,1,1,0,0,0,0,0,0,0,0,0,0,1,1,스무디쉐이크,카페라떼,아메리카노,0,,,,,,,,,,,,,,,,,,,,0,,,,,,,,,,,,,,,,,,,,0,,,,,,,,,,,,,,,,,,,,1,1.0,1.0,0.0,0.0,0.0,0.0,0.0,0.0,0.0,0.0,1.0,0.0,0.0,0.0,0.0,0.0,0.0,0.0,0.0,1,1.0,0.0,0.0,0.0,1.0,1.0,0.0,1.0,1.0,1.0,0.0,1.0,0.0,1.0,0.0,0.0,0.0,0.0,0.0,0,,,,,,,,,,,,,,,,,,,
R0266,여,44,40대,40~44,직장인,경영/관리직,부산,5대광역시,비수도권,0,1,1,0,0,0,0,1,0,0,0,0,0,0,1,아메리카노,카페라떼,주스에이드,1,1.0,1.0,0.0,1.0,1.0,0.0,0.0,0.0,0.0,0.0,0.0,0.0,0.0,0.0,0.0,0.0,0.0,0.0,0.0,1,1.0,1.0,0.0,0.0,0.0,0.0,0.0,0.0,0.0,0.0,0.0,0.0,0.0,0.0,0.0,0.0,0.0,0.0,0.0,0,,,,,,,,,,,,,,,,,,,,1,1.0,0.0,0.0,0.0,0.0,0.0,1.0,1.0,0.0,0.0,0.0,0.0,0.0,0.0,0.0,0.0,0.0,0.0,0.0,0,,,,,,,,,,,,,,,,,,,,1,1.0,1.0,0.0,0.0,0.0,0.0,0.0,0.0,0.0,1.0,0.0,0.0,0.0,0.0,0.0,0.0,0.0,0.0,0.0
R0267,여,36,30대,35~39,대학(원)생,대학생,광주,5대광역시,비수도권,0,1,1,1,0,0,0,1,0,0,0,1,1,1,0,아메리카노,과일티에이드,스무디쉐이크,1,1.0,1.0,0.0,0.0,1.0,1.0,0.0,0.0,0.0,0.0,0.0,0.0,0.0,0.0,0.0,0.0,0.0,0.0,0.0,0,,,,,,,,,,,,,,,,,,,,1,1.0,1.0,0.0,0.0,1.0,1.0,0.0,0.0,0.0,0.0,0.0,0.0,0.0,0.0,1.0,0.0,0.0,0.0,0.0,1,1.0,1.0,0.0,1.0,0.0,0.0,0.0,0.0,0.0,0.0,0.0,0.0,0.0,0.0,0.0,0.0,0.0,0.0,0.0,1,1.0,0.0,1.0,0.0,0.0,0.0,0.0,0.0,0.0,0.0,0.0,0.0,0.0,0.0,1.0,0.0,0.0,0.0,0.0,0,,,,,,,,,,,,,,,,,,,
R0268,남,48,40대,45~49,직장인,사무/기술직,경남,기타지역,비수도권,0,1,0,0,0,0,1,0,0,0,0,0,0,1,0,아메리카노,스무디쉐이크,드립핸드드립,0,,,,,,,,,,,,,,,,,,,,1,1.0,1.0,0.0,0.0,0.0,1.0,0.0,0.0,0.0,0.0,0.0,0.0,0.0,0.0,0.0,0.0,0.0,0.0,0.0,0,,,,,,,,,,,,,,,,,,,,0,,,,,,,,,,,,,,,,,,,,1,1.0,0.0,0.0,0.0,0.0,0.0,0.0,0.0,0.0,0.0,0.0,1.0,0.0,0.0,0.0,0.0,0.0,0.0,0.0,0,,,,,,,,,,,,,,,,,,,
R0269,남,51,50대,50~54,직장인,사무/기술직,서울,서울,수도권,0,0,0,0,1,1,0,0,0,0,0,1,1,0,1,콜드브루,얼음갈린티,주스에이드,0,,,,,,,,,,,,,,,,,,,,0,,,,,,,,,,,,,,,,,,,,0,,,,,,,,,,,,,,,,,,,,0,,,,,,,,,,,,,,,,,,,,1,1.0,1.0,0.0,0.0,0.0,0.0,0.0,0.0,0.0,0.0,0.0,0.0,0.0,0.0,0.0,0.0,0.0,0.0,0.0,1,1.0,1.0,0.0,0.0,0.0,0.0,0.0,0.0,0.0,0.0,1.0,0.0,0.0,0.0,0.0,0.0,0.0,0.0,0.0
R0270,여,55,50대,55~59,대학(원)생,대학생,대전,5대광역시,비수도권,0,1,0,0,0,1,0,1,0,1,0,0,0,0,0,아메리카노,달콤한커피류,콜드브루라떼,0,,,,,,,,,,,,,,,,,,,,0,,,,,,,,,,,,,,,,,,,,1,1.0,1.0,0.0,0.0,0.0,1.0,1.0,0.0,0.0,0.0,1.0,0.0,0.0,0.0,0.0,0.0,0.0,0.0,0.0,0,,,,,,,,,,,,,,,,,,,,1,1.0,1.0,0.0,0.0,1.0,1.0,0.0,0.0,0.0,0.0,0.0,0.0,0.0,0.0,0.0,0.0,0.0,0.0,0.0,0,,,,,,,,,,,,,,,,,,,
R0271,여,36,30대,35~39,전업주부,전업주부,광주,5대광역시,비수도권,0,1,0,0,0,0,0,0,0,0,0,0,0,0,0,아메리카노,,,0,,,,,,,,,,,,,,,,,,,,1,1.0,1.0,1.0,1.0,1.0,1.0,1.0,1.0,0.0,0.0,1.0,0.0,0.0,0.0,0.0,0.0,0.0,1.0,0.0,0,,,,,,,,,,,,,,,,,,,,0,,,,,,,,,,,,,,,,,,,,0,,,,,,,,,,,,,,,,,,,,0,,,,,,,,,,,,,,,,,,,
R0272,남,51,50대,50~54,직장인,사무/기술직,경북,기타지역,비수도권,0,1,0,1,0,1,0,0,0,1,0,0,1,1,0,아메리카노,스무디쉐이크,카푸치노,0,,,,,,,,,,,,,,,,,,,,1,1.0,1.0,0.0,0.0,0.0,0.0,0.0,0.0,0.0,0.0,0.0,0.0,0.0,0.0,0.0,0.0,0.0,1.0,0.0,0,,,,,,,,,,,,,,,,,,,,0,,,,,,,,,,,,,,,,,,,,1,1.0,0.0,0.0,1.0,0.0,1.0,1.0,0.0,0.0,0.0,0.0,0.0,0.0,0.0,0.0,0.0,0.0,0.0,0.0,0,,,,,,,,,,,,,,,,,,,
R0273,남,20,20대,20~24,직장인,자유/전문직,서울,서울,수도권,0,0,1,1,1,0,0,0,0,0,0,0,0,0,0,카페라떼,콜드브루,카푸치노,1,1.0,1.0,0.0,1.0,0.0,1.0,0.0,0.0,0.0,0.0,1.0,0.0,0.0,0.0,0.0,0.0,0.0,0.0,0.0,0,,,,,,,,,,,,,,,,,,,,0,,,,,,,,,,,,,,,,,,,,0,,,,,,,,,,,,,,,,,,,,1,1.0,0.0,0.0,0.0,0.0,1.0,0.0,0.0,0.0,1.0,0.0,0.0,0.0,0.0,0.0,0.0,0.0,0.0,0.0,0,,,,,,,,,,,,,,,,,,,
R0274,여,27,20대,25~29,전업주부,전업주부,경기,서울외수도권,수도권,0,0,0,0,0,0,0,1,0,0,1,0,0,0,1,달콤한티,달콤한커피류,주스에이드,0,,,,,,,,,,,,,,,,,,,,1,1.0,1.0,0.0,0.0,0.0,1.0,1.0,0.0,0.0,1.0,1.0,0.0,0.0,0.0,0.0,0.0,0.0,0.0,0.0,1,1.0,0.0,0.0,0.0,1.0,0.0,0.0,0.0,0.0,1.0,0.0,0.0,0.0,0.0,0.0,0.0,0.0,0.0,0.0,0,,,,,,,,,,,,,,,,,,,,0,,,,,,,,,,,,,,,,,,,,0,,,,,,,,,,,,,,,,,,,
R0275,남,27,20대,25~29,직장인,사무/기술직,경기,서울외수도권,수도권,0,0,0,0,0,0,0,0,0,0,0,0,0,0,0,,,,0,,,,,,,,,,,,,,,,,,,,0,,,,,,,,,,,,,,,,,,,,0,,,,,,,,,,,,,,,,,,,,0,,,,,,,,,,,,,,,,,,,,1,1.0,1.0,1.0,0.0,0.0,0.0,0.0,0.0,0.0,0.0,0.0,0.0,0.0,0.0,0.0,0.0,0.0,0.0,0.0,0,,,,,,,,,,,,,,,,,,,
R0276,남,39,30대,35~39,직장인,자유/전문직,부산,5대광역시,비수도권,0,0,0,0,0,0,0,0,0,0,0,1,1,0,1,얼음갈린티,과일티에이드,주스에이드,0,,,,,,,,,,,,,,,,,,,,0,,,,,,,,,,,,,,,,,,,,0,,,,,,,,,,,,,,,,,,,,0,,,,,,,,,,,,,,,,,,,,1,1.0,0.0,0.0,0.0,0.0,0.0,0.0,1.0,0.0,0.0,0.0,0.0,0.0,0.0,0.0,0.0,0.0,0.0,0.0,0,,,,,,,,,,,,,,,,,,,
R0277,남,35,30대,35~39,직장인,사무/기술직,경남,기타지역,비수도권,1,1,0,0,0,0,0,0,0,0,1,0,0,0,0,에스프레소,아메리카노,달콤한티,1,1.0,0.0,0.0,1.0,0.0,1.0,0.0,0.0,0.0,0.0,1.0,0.0,0.0,0.0,0.0,0.0,0.0,0.0,0.0,1,1.0,0.0,1.0,0.0,1.0,0.0,1.0,0.0,0.0,0.0,0.0,0.0,0.0,0.0,0.0,0.0,0.0,0.0,0.0,0,,,,,,,,,,,,,,,,,,,,0,,,,,,,,,,,,,,,,,,,,1,1.0,1.0,0.0,0.0,0.0,1.0,0.0,1.0,0.0,0.0,0.0,0.0,0.0,0.0,0.0,0.0,0.0,0.0,0.0,0,,,,,,,,,,,,,,,,,,,
R0278,남,39,30대,35~39,직장인,자영업,서울,서울,수도권,1,1,0,0,0,0,0,0,0,0,0,1,0,0,0,에스프레소,아메리카노,과일티에이드,0,,,,,,,,,,,,,,,,,,,,0,,,,,,,,,,,,,,,,,,,,1,1.0,1.0,0.0,0.0,1.0,1.0,0.0,0.0,0.0,0.0,1.0,0.0,0.0,0.0,0.0,0.0,0.0,0.0,0.0,1,1.0,1.0,0.0,0.0,0.0,0.0,1.0,0.0,0.0,0.0,0.0,0.0,0.0,0.0,0.0,0.0,0.0,0.0,0.0,1,1.0,1.0,0.0,1.0,0.0,1.0,1.0,0.0,1.0,0.0,0.0,1.0,0.0,0.0,0.0,0.0,0.0,0.0,0.0,0,,,,,,,,,,,,,,,,,,,
R0279,남,45,40대,45~49,직장인,사무/기술직,경남,기타지역,비수도권,0,0,0,0,0,0,0,0,0,0,0,0,0,0,0,,,,1,1.0,1.0,1.0,1.0,0.0,0.0,0.0,0.0,0.0,1.0,0.0,0.0,0.0,0.0,0.0,0.0,0.0,1.0,0.0,1,1.0,1.0,0.0,0.0,0.0,1.0,0.0,0.0,0.0,0.0,1.0,1.0,0.0,0.0,0.0,0.0,0.0,1.0,0.0,0,,,,,,,,,,,,,,,,,,,,0,,,,,,,,,,,,,,,,,,,,0,,,,,,,,,,,,,,,,,,,,0,,,,,,,,,,,,,,,,,,,
R0280,여,39,30대,35~39,기타직업,기타,세종,기타지역,비수도권,0,0,0,0,0,1,1,0,0,0,0,0,0,0,1,주스에이드,드립핸드드립,콜드브루라떼,1,1.0,1.0,1.0,1.0,0.0,0.0,0.0,0.0,0.0,0.0,0.0,0.0,0.0,0.0,0.0,0.0,0.0,0.0,1.0,1,1.0,1.0,0.0,0.0,1.0,0.0,1.0,0.0,0.0,1.0,0.0,0.0,0.0,0.0,0.0,0.0,0.0,0.0,0.0,1,1.0,0.0,1.0,0.0,1.0,0.0,1.0,0.0,0.0,0.0,0.0,0.0,0.0,0.0,0.0,0.0,0.0,0.0,0.0,0,,,,,,,,,,,,,,,,,,,,0,,,,,,,,,,,,,,,,,,,,1,1.0,0.0,0.0,1.0,0.0,0.0,1.0,0.0,0.0,0.0,0.0,0.0,0.0,0.0,0.0,0.0,0.0,0.0,0.0
R0281,여,30,30대,30~34,직장인,사무/기술직,경기,서울외수도권,수도권,1,0,0,0,0,0,0,1,0,0,0,0,0,1,0,달콤한커피류,스무디쉐이크,에스프레소,1,1.0,0.0,0.0,0.0,0.0,0.0,0.0,1.0,0.0,0.0,0.0,0.0,0.0,0.0,0.0,0.0,0.0,0.0,0.0,1,1.0,1.0,0.0,0.0,0.0,0.0,1.0,0.0,0.0,0.0,0.0,0.0,0.0,0.0,0.0,0.0,1.0,0.0,0.0,0,,,,,,,,,,,,,,,,,,,,0,,,,,,,,,,,,,,,,,,,,1,1.0,0.0,0.0,0.0,0.0,0.0,0.0,0.0,0.0,0.0,1.0,0.0,0.0,0.0,0.0,1.0,0.0,0.0,0.0,0,,,,,,,,,,,,,,,,,,,
R0282,남,38,30대,35~39,직장인,판매/영업 서비스직,경기,서울외수도권,수도권,0,1,0,0,0,0,1,1,0,0,0,1,0,0,0,아메리카노,과일티에이드,달콤한커피류,1,1.0,1.0,0.0,1.0,1.0,1.0,0.0,1.0,0.0,0.0,1.0,0.0,0.0,0.0,1.0,0.0,0.0,0.0,0.0,1,1.0,1.0,0.0,1.0,0.0,1.0,0.0,0.0,0.0,0.0,0.0,0.0,0.0,0.0,0.0,0.0,0.0,0.0,0.0,0,,,,,,,,,,,,,,,,,,,,1,1.0,1.0,0.0,1.0,1.0,0.0,0.0,0.0,0.0,1.0,0.0,0.0,0.0,0.0,0.0,0.0,0.0,0.0,0.0,0,,,,,,,,,,,,,,,,,,,,1,1.0,1.0,0.0,0.0,0.0,1.0,0.0,0.0,0.0,0.0,0.0,0.0,0.0,0.0,0.0,0.0,0.0,0.0,0.0
R0283,남,57,50대,55~59,전업주부,전업주부,서울,서울,수도권,0,1,0,1,0,0,0,0,1,1,1,1,0,0,0,아메리카노,얼음갈린커피,카푸치노,1,1.0,1.0,0.0,0.0,1.0,0.0,1.0,0.0,0.0,0.0,0.0,0.0,0.0,0.0,0.0,0.0,1.0,0.0,0.0,1,1.0,1.0,0.0,0.0,0.0,1.0,0.0,0.0,0.0,0.0,1.0,0.0,0.0,0.0,0.0,0.0,0.0,0.0,1.0,0,,,,,,,,,,,,,,,,,,,,0,,,,,,,,,,,,,,,,,,,,0,,,,,,,,,,,,,,,,,,,,0,,,,,,,,,,,,,,,,,,,
R0284,여,57,50대,55~59,직장인,자유/전문직,대구,5대광역시,비수도권,0,1,0,0,0,0,0,0,0,1,0,1,0,0,0,아메리카노,기본티,과일티에이드,0,,,,,,,,,,,,,,,,,,,,1,1.0,0.0,0.0,0.0,0.0,1.0,1.0,0.0,0.0,0.0,0.0,0.0,0.0,0.0,0.0,0.0,0.0,0.0,0.0,0,,,,,,,,,,,,,,,,,,,,1,1.0,1.0,0.0,0.0,0.0,0.0,0.0,0.0,0.0,1.0,0.0,0.0,0.0,0.0,0.0,0.0,0.0,0.0,0.0,0,,,,,,,,,,,,,,,,,,,,0,,,,,,,,,,,,,,,,,,,
R0285,여,41,40대,40~44,직장인,사무/기술직,인천,서울외수도권,수도권,0,1,0,0,0,0,0,1,0,0,0,1,0,0,0,과일티에이드,아메리카노,달콤한커피류,0,,,,,,,,,,,,,,,,,,,,0,,,,,,,,,,,,,,,,,,,,0,,,,,,,,,,,,,,,,,,,,0,,,,,,,,,,,,,,,,,,,,1,1.0,0.0,0.0,0.0,0.0,0.0,0.0,0.0,0.0,1.0,0.0,1.0,0.0,0.0,0.0,0.0,0.0,0.0,0.0,0,,,,,,,,,,,,,,,,,,,
R0286,남,20,20대,20~24,대학(원)생,대학생,서울,서울,수도권,0,1,0,0,0,0,0,0,0,0,0,0,0,0,1,주스에이드,아메리카노,,1,1.0,0.0,0.0,0.0,0.0,0.0,0.0,0.0,0.0,0.0,0.0,0.0,0.0,0.0,0.0,0.0,0.0,0.0,0.0,0,,,,,,,,,,,,,,,,,,,,0,,,,,,,,,,,,,,,,,,,,0,,,,,,,,,,,,,,,,,,,,1,1.0,0.0,1.0,0.0,1.0,0.0,1.0,0.0,0.0,1.0,0.0,0.0,0.0,0.0,0.0,0.0,0.0,0.0,0.0,0,,,,,,,,,,,,,,,,,,,
R0287,여,44,40대,40~44,직장인,사무/기술직,부산,5대광역시,비수도권,1,0,0,0,1,0,0,0,0,0,1,0,0,0,0,콜드브루,달콤한티,에스프레소,0,,,,,,,,,,,,,,,,,,,,1,1.0,0.0,0.0,0.0,0.0,0.0,0.0,0.0,0.0,0.0,0.0,0.0,0.0,0.0,0.0,0.0,0.0,0.0,0.0,1,1.0,1.0,0.0,0.0,1.0,0.0,1.0,0.0,0.0,0.0,0.0,1.0,0.0,0.0,0.0,1.0,0.0,0.0,0.0,0,,,,,,,,,,,,,,,,,,,,1,1.0,0.0,0.0,0.0,0.0,0.0,0.0,0.0,0.0,0.0,0.0,0.0,0.0,0.0,0.0,0.0,0.0,0.0,0.0,1,1.0,1.0,1.0,0.0,0.0,0.0,0.0,0.0,0.0,1.0,0.0,0.0,0.0,0.0,0.0,0.0,0.0,0.0,0.0
R0288,여,39,30대,35~39,대학(원)생,대학생,부산,5대광역시,비수도권,0,1,0,0,0,0,1,1,0,1,0,1,0,0,0,달콤한커피류,아메리카노,기본티,0,,,,,,,,,,,,,,,,,,,,0,,,,,,,,,,,,,,,,,,,,0,,,,,,,,,,,,,,,,,,,,1,1.0,0.0,0.0,1.0,0.0,1.0,0.0,0.0,1.0,1.0,0.0,0.0,0.0,0.0,0.0,0.0,0.0,1.0,0.0,0,,,,,,,,,,,,,,,,,,,,0,,,,,,,,,,,,,,,,,,,
R0289,남,20,20대,20~24,직장인,경영/관리직,부산,5대광역시,비수도권,0,1,0,0,0,0,0,0,0,0,0,0,0,0,0,아메리카노,,,0,,,,,,,,,,,,,,,,,,,,0,,,,,,,,,,,,,,,,,,,,0,,,,,,,,,,,,,,,,,,,,0,,,,,,,,,,,,,,,,,,,,0,,,,,,,,,,,,,,,,,,,,1,1.0,0.0,0.0,1.0,1.0,1.0,0.0,0.0,0.0,0.0,0.0,0.0,0.0,0.0,0.0,0.0,0.0,0.0,0.0
R0290,여,44,40대,40~44,직장인,자영업,경기,서울외수도권,수도권,0,1,1,0,0,0,0,1,0,1,0,0,1,0,0,카페라떼,아메리카노,기본티,0,,,,,,,,,,,,,,,,,,,,1,1.0,0.0,0.0,0.0,0.0,1.0,0.0,0.0,0.0,0.0,0.0,0.0,0.0,0.0,0.0,0.0,0.0,0.0,0.0,0,,,,,,,,,,,,,,,,,,,,0,,,,,,,,,,,,,,,,,,,,0,,,,,,,,,,,,,,,,,,,,0,,,,,,,,,,,,,,,,,,,
R0291,남,23,20대,20~24,직장인,사무/기술직,서울,서울,수도권,0,1,0,0,0,0,0,0,0,0,0,1,0,0,1,주스에이드,아메리카노,과일티에이드,0,,,,,,,,,,,,,,,,,,,,0,,,,,,,,,,,,,,,,,,,,1,1.0,0.0,0.0,0.0,0.0,1.0,0.0,0.0,0.0,0.0,0.0,0.0,1.0,1.0,0.0,0.0,0.0,0.0,0.0,0,,,,,,,,,,,,,,,,,,,,1,1.0,0.0,0.0,1.0,0.0,1.0,0.0,0.0,0.0,0.0,1.0,0.0,0.0,0.0,0.0,0.0,0.0,0.0,0.0,0,,,,,,,,,,,,,,,,,,,
R0292,여,42,40대,40~44,기타직업,무직,서울,서울,수도권,0,1,0,0,1,1,1,0,0,0,0,0,0,1,0,아메리카노,스무디쉐이크,드립핸드드립,1,1.0,1.0,0.0,1.0,0.0,0.0,0.0,0.0,0.0,0.0,0.0,0.0,0.0,0.0,0.0,0.0,0.0,0.0,0.0,0,,,,,,,,,,,,,,,,,,,,0,,,,,,,,,,,,,,,,,,,,0,,,,,,,,,,,,,,,,,,,,0,,,,,,,,,,,,,,,,,,,,0,,,,,,,,,,,,,,,,,,,
R0293,남,39,30대,35~39,기타직업,판매/영업 서비스직,대전,5대광역시,비수도권,0,1,0,0,0,0,0,0,0,0,0,0,0,0,0,아메리카노,,,0,,,,,,,,,,,,,,,,,,,,1,1.0,1.0,0.0,0.0,0.0,0.0,0.0,0.0,0.0,0.0,0.0,0.0,0.0,0.0,0.0,0.0,0.0,0.0,0.0,1,1.0,0.0,0.0,0.0,0.0,0.0,1.0,0.0,0.0,0.0,0.0,0.0,0.0,0.0,0.0,0.0,0.0,0.0,0.0,1,1.0,1.0,0.0,1.0,0.0,0.0,0.0,0.0,0.0,0.0,0.0,0.0,0.0,0.0,0.0,0.0,0.0,1.0,0.0,1,1.0,0.0,0.0,0.0,0.0,0.0,0.0,0.0,0.0,0.0,0.0,0.0,0.0,0.0,1.0,0.0,0.0,0.0,0.0,0,,,,,,,,,,,,,,,,,,,
R0294,여,33,30대,30~34,직장인,사무/기술직,경기,서울외수도권,수도권,0,1,0,1,1,0,0,1,0,0,0,1,0,0,0,아메리카노,카푸치노,과일티에이드,1,1.0,1.0,0.0,1.0,0.0,1.0,0.0,0.0,0.0,0.0,0.0,0.0,0.0,0.0,0.0,0.0,0.0,0.0,0.0,1,1.0,1.0,0.0,0.0,0.0,0.0,1.0,0.0,0.0,0.0,1.0,0.0,0.0,0.0,0.0,0.0,0.0,0.0,0.0,1,1.0,1.0,0.0,0.0,0.0,0.0,1.0,0.0,0.0,0.0,0.0,0.0,0.0,0.0,0.0,0.0,1.0,0.0,0.0,1,1.0,0.0,1.0,0.0,0.0,0.0,0.0,1.0,0.0,0.0,0.0,0.0,0.0,0.0,0.0,0.0,0.0,0.0,0.0,0,,,,,,,,,,,,,,,,,,,,0,,,,,,,,,,,,,,,,,,,
R0295,남,31,30대,30~34,대학(원)생,대학생,대구,5대광역시,비수도권,0,0,0,0,0,0,0,1,0,0,0,0,0,0,0,달콤한커피류,,,1,1.0,1.0,0.0,0.0,0.0,1.0,1.0,0.0,0.0,0.0,0.0,0.0,0.0,0.0,0.0,0.0,0.0,0.0,0.0,0,,,,,,,,,,,,,,,,,,,,0,,,,,,,,,,,,,,,,,,,,0,,,,,,,,,,,,,,,,,,,,0,,,,,,,,,,,,,,,,,,,,1,1.0,1.0,1.0,0.0,0.0,0.0,0.0,0.0,1.0,1.0,0.0,0.0,0.0,0.0,0.0,0.0,0.0,0.0,0.0
R0296,남,27,20대,25~29,직장인,사무/기술직,경기,서울외수도권,수도권,0,1,1,0,0,0,0,1,0,1,0,1,1,0,0,아메리카노,달콤한커피류,카페라떼,0,,,,,,,,,,,,,,,,,,,,0,,,,,,,,,,,,,,,,,,,,0,,,,,,,,,,,,,,,,,,,,1,1.0,1.0,0.0,0.0,0.0,0.0,0.0,0.0,0.0,0.0,1.0,0.0,0.0,0.0,0.0,0.0,0.0,0.0,0.0,1,1.0,1.0,0.0,0.0,0.0,0.0,0.0,0.0,0.0,0.0,0.0,0.0,0.0,0.0,0.0,0.0,0.0,0.0,0.0,0,,,,,,,,,,,,,,,,,,,
R0297,남,55,50대,55~59,직장인,자영업,경기,서울외수도권,수도권,0,0,0,0,0,0,0,0,1,0,0,1,0,0,0,과일티에이드,얼음갈린커피,,1,1.0,0.0,0.0,1.0,1.0,0.0,0.0,0.0,0.0,1.0,0.0,0.0,0.0,0.0,0.0,0.0,0.0,0.0,0.0,0,,,,,,,,,,,,,,,,,,,,1,1.0,0.0,0.0,0.0,0.0,1.0,0.0,1.0,0.0,0.0,1.0,0.0,0.0,0.0,0.0,0.0,0.0,0.0,0.0,1,1.0,0.0,1.0,0.0,0.0,0.0,0.0,0.0,0.0,1.0,0.0,0.0,0.0,0.0,0.0,0.0,0.0,0.0,0.0,0,,,,,,,,,,,,,,,,,,,,1,1.0,1.0,0.0,0.0,0.0,0.0,1.0,0.0,0.0,0.0,0.0,0.0,0.0,0.0,0.0,0.0,0.0,0.0,0.0
R0298,남,35,30대,35~39,직장인,판매/영업 서비스직,경기,서울외수도권,수도권,0,1,0,0,0,0,0,1,1,0,1,0,0,0,0,달콤한커피류,아메리카노,얼음갈린커피,0,,,,,,,,,,,,,,,,,,,,1,1.0,1.0,0.0,0.0,0.0,0.0,0.0,0.0,0.0,0.0,0.0,0.0,0.0,0.0,0.0,0.0,0.0,0.0,0.0,0,,,,,,,,,,,,,,,,,,,,0,,,,,,,,,,,,,,,,,,,,1,1.0,0.0,0.0,0.0,0.0,0.0,1.0,0.0,0.0,0.0,0.0,0.0,0.0,0.0,0.0,0.0,0.0,0.0,0.0,0,,,,,,,,,,,,,,,,,,,
R0299,남,55,50대,55~59,직장인,자영업,전남,기타지역,비수도권,0,1,0,0,0,1,0,1,0,0,0,1,1,0,0,아메리카노,얼음갈린티,달콤한커피류,0,,,,,,,,,,,,,,,,,,,,0,,,,,,,,,,,,,,,,,,,,0,,,,,,,,,,,,,,,,,,,,0,,,,,,,,,,,,,,,,,,,,1,1.0,0.0,0.0,0.0,0.0,1.0,1.0,0.0,0.0,1.0,0.0,0.0,0.0,0.0,1.0,0.0,0.0,0.0,0.0,0,,,,,,,,,,,,,,,,,,,
R0300,여,20,20대,20~24,직장인,경영/관리직,인천,서울외수도권,수도권,0,1,1,0,0,0,1,1,0,0,0,0,0,0,0,아메리카노,달콤한커피류,카페라떼,1,1.0,1.0,1.0,1.0,1.0,0.0,0.0,0.0,0.0,1.0,0.0,0.0,0.0,0.0,0.0,1.0,0.0,0.0,0.0,1,1.0,0.0,0.0,0.0,0.0,0.0,0.0,0.0,0.0,0.0,0.0,0.0,0.0,0.0,0.0,0.0,0.0,0.0,0.0,1,1.0,1.0,0.0,0.0,0.0,1.0,1.0,0.0,0.0,0.0,0.0,0.0,0.0,0.0,0.0,0.0,0.0,0.0,0.0,0,,,,,,,,,,,,,,,,,,,,0,,,,,,,,,,,,,,,,,,,,0,,,,,,,,,,,,,,,,,,,
R0301,여,25,20대,25~29,직장인,경영/관리직,경북,기타지역,비수도권,0,1,0,1,0,0,0,0,0,1,0,0,0,1,0,아메리카노,스무디쉐이크,기본티,0,,,,,,,,,,,,,,,,,,,,1,1.0,1.0,0.0,0.0,0.0,0.0,1.0,0.0,0.0,0.0,0.0,1.0,0.0,0.0,0.0,0.0,0.0,0.0,0.0,1,1.0,1.0,1.0,0.0,0.0,0.0,0.0,0.0,0.0,1.0,0.0,0.0,0.0,0.0,0.0,0.0,0.0,0.0,0.0,0,,,,,,,,,,,,,,,,,,,,0,,,,,,,,,,,,,,,,,,,,0,,,,,,,,,,,,,,,,,,,
R0302,여,35,30대,35~39,직장인,사무/기술직,충남,기타지역,비수도권,0,0,0,0,0,0,0,0,0,0,0,0,1,0,0,얼음갈린티,,,0,,,,,,,,,,,,,,,,,,,,0,,,,,,,,,,,,,,,,,,,,0,,,,,,,,,,,,,,,,,,,,0,,,,,,,,,,,,,,,,,,,,0,,,,,,,,,,,,,,,,,,,,1,1.0,0.0,0.0,0.0,0.0,0.0,0.0,0.0,0.0,0.0,0.0,0.0,0.0,0.0,0.0,1.0,0.0,0.0,0.0
R0303,여,49,40대,45~49,직장인,사무/기술직,경기,서울외수도권,수도권,0,0,1,0,0,0,0,1,0,0,1,0,0,0,0,달콤한커피류,카페라떼,달콤한티,0,,,,,,,,,,,,,,,,,,,,0,,,,,,,,,,,,,,,,,,,,1,1.0,1.0,0.0,0.0,0.0,0.0,0.0,1.0,0.0,0.0,0.0,1.0,0.0,0.0,0.0,0.0,1.0,0.0,0.0,0,,,,,,,,,,,,,,,,,,,,1,1.0,1.0,0.0,0.0,0.0,0.0,0.0,0.0,0.0,0.0,0.0,0.0,0.0,0.0,0.0,0.0,0.0,0.0,0.0,1,1.0,1.0,1.0,0.0,0.0,1.0,1.0,0.0,0.0,1.0,0.0,0.0,0.0,0.0,0.0,0.0,0.0,0.0,0.0
R0304,여,45,40대,45~49,직장인,사무/기술직,경기,서울외수도권,수도권,0,0,1,1,0,0,0,0,0,0,0,1,0,0,1,카페라떼,주스에이드,과일티에이드,1,1.0,0.0,0.0,0.0,0.0,1.0,0.0,0.0,0.0,0.0,0.0,0.0,0.0,0.0,0.0,0.0,0.0,0.0,0.0,0,,,,,,,,,,,,,,,,,,,,1,1.0,1.0,0.0,0.0,0.0,0.0,0.0,0.0,0.0,1.0,0.0,1.0,0.0,0.0,0.0,0.0,0.0,0.0,0.0,0,,,,,,,,,,,,,,,,,,,,0,,,,,,,,,,,,,,,,,,,,0,,,,,,,,,,,,,,,,,,,
R0305,남,40,40대,40~44,전업주부,전업주부,대전,5대광역시,비수도권,0,0,0,0,1,0,0,0,0,0,0,0,0,0,0,콜드브루,,,0,,,,,,,,,,,,,,,,,,,,1,1.0,0.0,1.0,1.0,0.0,0.0,0.0,1.0,0.0,0.0,0.0,0.0,0.0,0.0,1.0,0.0,1.0,0.0,0.0,0,,,,,,,,,,,,,,,,,,,,1,1.0,1.0,0.0,0.0,1.0,0.0,0.0,0.0,0.0,0.0,1.0,0.0,0.0,0.0,0.0,0.0,0.0,0.0,0.0,0,,,,,,,,,,,,,,,,,,,,1,1.0,1.0,0.0,1.0,0.0,0.0,0.0,0.0,0.0,0.0,0.0,0.0,0.0,0.0,0.0,0.0,0.0,0.0,0.0
R0306,여,55,50대,55~59,직장인,판매/영업 서비스직,서울,서울,수도권,0,0,0,0,0,1,0,0,0,0,1,0,1,1,0,얼음갈린티,스무디쉐이크,콜드브루라떼,1,1.0,1.0,0.0,1.0,0.0,0.0,0.0,0.0,0.0,0.0,0.0,0.0,0.0,0.0,0.0,1.0,0.0,1.0,0.0,0,,,,,,,,,,,,,,,,,,,,1,1.0,0.0,0.0,0.0,0.0,1.0,1.0,0.0,0.0,1.0,0.0,0.0,0.0,0.0,0.0,0.0,0.0,0.0,0.0,0,,,,,,,,,,,,,,,,,,,,1,1.0,1.0,0.0,1.0,0.0,0.0,0.0,0.0,0.0,0.0,0.0,0.0,0.0,0.0,0.0,0.0,0.0,0.0,0.0,0,,,,,,,,,,,,,,,,,,,
R0307,여,43,40대,40~44,직장인,자유/전문직,서울,서울,수도권,0,1,0,0,0,0,1,1,0,0,0,0,1,0,0,아메리카노,달콤한커피류,얼음갈린티,0,,,,,,,,,,,,,,,,,,,,0,,,,,,,,,,,,,,,,,,,,0,,,,,,,,,,,,,,,,,,,,0,,,,,,,,,,,,,,,,,,,,1,1.0,1.0,0.0,0.0,0.0,0.0,1.0,0.0,0.0,0.0,1.0,0.0,0.0,0.0,1.0,0.0,0.0,0.0,0.0,0,,,,,,,,,,,,,,,,,,,
R0308,남,48,40대,45~49,기타직업,기타,서울,서울,수도권,0,1,0,0,0,0,0,0,0,0,0,0,0,0,0,아메리카노,,,0,,,,,,,,,,,,,,,,,,,,1,1.0,1.0,0.0,0.0,0.0,0.0,0.0,0.0,0.0,0.0,0.0,0.0,0.0,0.0,0.0,0.0,0.0,0.0,0.0,0,,,,,,,,,,,,,,,,,,,,0,,,,,,,,,,,,,,,,,,,,0,,,,,,,,,,,,,,,,,,,,1,1.0,0.0,0.0,0.0,0.0,0.0,0.0,1.0,0.0,0.0,1.0,1.0,0.0,0.0,0.0,0.0,0.0,0.0,0.0
R0309,남,43,40대,40~44,직장인,자유/전문직,경북,기타지역,비수도권,0,1,0,0,1,0,0,1,0,0,0,0,0,0,0,달콤한커피류,아메리카노,콜드브루,0,,,,,,,,,,,,,,,,,,,,0,,,,,,,,,,,,,,,,,,,,0,,,,,,,,,,,,,,,,,,,,0,,,,,,,,,,,,,,,,,,,,0,,,,,,,,,,,,,,,,,,,,0,,,,,,,,,,,,,,,,,,,
R0310,남,40,40대,40~44,직장인,사무/기술직,경북,기타지역,비수도권,0,1,0,0,0,0,0,1,1,0,1,0,0,0,0,아메리카노,달콤한티,달콤한커피류,0,,,,,,,,,,,,,,,,,,,,0,,,,,,,,,,,,,,,,,,,,0,,,,,,,,,,,,,,,,,,,,0,,,,,,,,,,,,,,,,,,,,1,1.0,0.0,0.0,0.0,1.0,0.0,0.0,0.0,0.0,0.0,0.0,1.0,0.0,0.0,0.0,0.0,0.0,0.0,0.0,1,1.0,0.0,1.0,0.0,0.0,0.0,0.0,0.0,0.0,1.0,0.0,1.0,0.0,0.0,0.0,0.0,0.0,0.0,0.0
R0311,여,45,40대,45~49,기타직업,기타,인천,서울외수도권,수도권,0,0,1,0,0,0,0,0,0,1,0,1,0,0,0,카페라떼,기본티,과일티에이드,0,,,,,,,,,,,,,,,,,,,,1,1.0,1.0,0.0,1.0,1.0,0.0,0.0,0.0,0.0,1.0,0.0,0.0,0.0,0.0,0.0,0.0,0.0,0.0,0.0,0,,,,,,,,,,,,,,,,,,,,1,1.0,1.0,0.0,0.0,0.0,1.0,1.0,1.0,0.0,0.0,0.0,0.0,0.0,0.0,0.0,1.0,0.0,0.0,0.0,1,1.0,1.0,0.0,0.0,0.0,1.0,0.0,0.0,0.0,0.0,0.0,0.0,0.0,0.0,0.0,0.0,0.0,0.0,0.0,0,,,,,,,,,,,,,,,,,,,
R0312,남,58,50대,55~59,대학(원)생,대학생,대구,5대광역시,비수도권,0,1,0,0,0,0,0,0,0,0,0,0,0,0,1,아메리카노,주스에이드,,0,,,,,,,,,,,,,,,,,,,,0,,,,,,,,,,,,,,,,,,,,1,1.0,1.0,0.0,0.0,0.0,0.0,1.0,0.0,0.0,0.0,0.0,0.0,0.0,0.0,0.0,0.0,0.0,0.0,0.0,1,1.0,0.0,0.0,1.0,0.0,0.0,0.0,0.0,0.0,0.0,1.0,0.0,0.0,0.0,0.0,0.0,0.0,0.0,0.0,0,,,,,,,,,,,,,,,,,,,,1,1.0,0.0,0.0,0.0,0.0,0.0,0.0,0.0,0.0,1.0,0.0,0.0,0.0,0.0,0.0,0.0,0.0,0.0,0.0
R0313,남,53,50대,50~54,전업주부,전업주부,제주,기타지역,비수도권,0,1,0,0,1,0,1,1,0,0,0,0,0,0,0,드립핸드드립,콜드브루,아메리카노,0,,,,,,,,,,,,,,,,,,,,0,,,,,,,,,,,,,,,,,,,,1,1.0,1.0,0.0,0.0,1.0,0.0,0.0,0.0,0.0,0.0,0.0,0.0,0.0,0.0,0.0,0.0,0.0,0.0,0.0,1,1.0,1.0,0.0,0.0,0.0,0.0,0.0,0.0,0.0,1.0,0.0,0.0,0.0,0.0,0.0,0.0,0.0,0.0,0.0,1,1.0,0.0,0.0,0.0,0.0,1.0,0.0,0.0,0.0,1.0,0.0,1.0,0.0,0.0,0.0,0.0,0.0,0.0,0.0,1,1.0,1.0,0.0,0.0,0.0,0.0,0.0,0.0,0.0,0.0,0.0,0.0,0.0,0.0,0.0,0.0,0.0,0.0,0.0
R0314,남,35,30대,35~39,직장인,기능/작업직,경기,서울외수도권,수도권,0,0,0,0,1,0,0,0,0,0,0,0,0,0,0,콜드브루,,,0,,,,,,,,,,,,,,,,,,,,1,1.0,0.0,0.0,1.0,0.0,1.0,0.0,0.0,0.0,0.0,0.0,0.0,0.0,0.0,0.0,0.0,0.0,0.0,0.0,0,,,,,,,,,,,,,,,,,,,,0,,,,,,,,,,,,,,,,,,,,1,1.0,0.0,0.0,0.0,0.0,1.0,1.0,0.0,0.0,1.0,0.0,0.0,0.0,0.0,0.0,0.0,0.0,0.0,0.0,0,,,,,,,,,,,,,,,,,,,
R0315,남,22,20대,20~24,직장인,자영업,경기,서울외수도권,수도권,0,1,0,0,0,0,0,1,1,0,1,0,1,1,0,스무디쉐이크,아메리카노,얼음갈린티,0,,,,,,,,,,,,,,,,,,,,1,1.0,1.0,0.0,0.0,1.0,1.0,0.0,0.0,0.0,0.0,0.0,0.0,0.0,0.0,0.0,0.0,0.0,0.0,0.0,1,1.0,1.0,0.0,0.0,0.0,0.0,1.0,0.0,0.0,0.0,1.0,0.0,0.0,0.0,0.0,0.0,1.0,1.0,0.0,0,,,,,,,,,,,,,,,,,,,,1,1.0,0.0,0.0,0.0,0.0,0.0,0.0,0.0,0.0,0.0,0.0,0.0,0.0,0.0,0.0,0.0,1.0,0.0,0.0,0,,,,,,,,,,,,,,,,,,,
R0316,남,39,30대,35~39,직장인,경영/관리직,인천,서울외수도권,수도권,0,1,0,0,0,0,0,1,0,0,0,0,0,0,0,아메리카노,달콤한커피류,,0,,,,,,,,,,,,,,,,,,,,0,,,,,,,,,,,,,,,,,,,,1,1.0,0.0,0.0,0.0,1.0,0.0,1.0,0.0,0.0,0.0,0.0,0.0,0.0,0.0,0.0,0.0,0.0,0.0,0.0,1,1.0,1.0,0.0,0.0,0.0,0.0,0.0,0.0,0.0,1.0,0.0,0.0,0.0,0.0,0.0,1.0,0.0,0.0,0.0,0,,,,,,,,,,,,,,,,,,,,0,,,,,,,,,,,,,,,,,,,
R0317,남,30,30대,30~34,전업주부,전업주부,경기,서울외수도권,수도권,0,1,0,0,0,0,0,0,0,0,0,0,0,1,0,스무디쉐이크,아메리카노,,0,,,,,,,,,,,,,,,,,,,,0,,,,,,,,,,,,,,,,,,,,0,,,,,,,,,,,,,,,,,,,,0,,,,,,,,,,,,,,,,,,,,0,,,,,,,,,,,,,,,,,,,,0,,,,,,,,,,,,,,,,,,,
R0318,여,44,40대,40~44,대학(원)생,대학생,경기,서울외수도권,수도권,0,1,0,0,1,0,0,1,0,0,0,0,1,0,1,아메리카노,콜드브루,얼음갈린티,0,,,,,,,,,,,,,,,,,,,,1,1.0,1.0,0.0,1.0,0.0,0.0,0.0,0.0,0.0,0.0,0.0,0.0,0.0,0.0,0.0,1.0,0.0,0.0,0.0,1,1.0,0.0,0.0,0.0,0.0,0.0,0.0,0.0,0.0,0.0,0.0,0.0,0.0,0.0,0.0,0.0,0.0,0.0,0.0,0,,,,,,,,,,,,,,,,,,,,0,,,,,,,,,,,,,,,,,,,,0,,,,,,,,,,,,,,,,,,,
R0319,여,27,20대,25~29,직장인,자영업,대전,5대광역시,비수도권,0,0,1,0,0,0,0,0,0,0,0,1,1,0,1,과일티에이드,카페라떼,주스에이드,0,,,,,,,,,,,,,,,,,,,,1,1.0,1.0,1.0,0.0,0.0,1.0,0.0,0.0,0.0,0.0,0.0,0.0,0.0,0.0,0.0,0.0,0.0,0.0,0.0,0,,,,,,,,,,,,,,,,,,,,0,,,,,,,,,,,,,,,,,,,,0,,,,,,,,,,,,,,,,,,,,0,,,,,,,,,,,,,,,,,,,
R0320,여,27,20대,25~29,기타직업,무직,경기,서울외수도권,수도권,0,1,0,0,1,0,0,1,0,0,0,1,0,0,0,아메리카노,달콤한커피류,과일티에이드,0,,,,,,,,,,,,,,,,,,,,1,1.0,0.0,0.0,0.0,1.0,0.0,1.0,0.0,0.0,0.0,0.0,0.0,0.0,0.0,0.0,0.0,0.0,0.0,0.0,0,,,,,,,,,,,,,,,,,,,,0,,,,,,,,,,,,,,,,,,,,0,,,,,,,,,,,,,,,,,,,,0,,,,,,,,,,,,,,,,,,,
R0321,남,54,50대,50~54,직장인,사무/기술직,대구,5대광역시,비수도권,0,1,0,0,1,0,0,1,0,0,0,0,0,0,0,달콤한커피류,아메리카노,콜드브루,1,1.0,1.0,0.0,0.0,0.0,1.0,0.0,0.0,0.0,0.0,0.0,1.0,0.0,0.0,0.0,0.0,0.0,0.0,0.0,0,,,,,,,,,,,,,,,,,,,,0,,,,,,,,,,,,,,,,,,,,0,,,,,,,,,,,,,,,,,,,,0,,,,,,,,,,,,,,,,,,,,0,,,,,,,,,,,,,,,,,,,
R0322,남,44,40대,40~44,대학(원)생,대학생,경기,서울외수도권,수도권,0,1,1,1,1,0,0,0,0,1,0,0,0,0,0,기본티,아메리카노,카푸치노,1,1.0,1.0,0.0,1.0,0.0,0.0,0.0,0.0,0.0,0.0,0.0,0.0,0.0,0.0,0.0,0.0,0.0,0.0,0.0,0,,,,,,,,,,,,,,,,,,,,1,1.0,1.0,1.0,0.0,0.0,1.0,0.0,0.0,1.0,1.0,0.0,0.0,0.0,0.0,0.0,1.0,0.0,0.0,0.0,1,1.0,1.0,1.0,0.0,0.0,1.0,0.0,0.0,0.0,0.0,0.0,0.0,0.0,0.0,0.0,0.0,0.0,0.0,0.0,0,,,,,,,,,,,,,,,,,,,,1,1.0,1.0,0.0,0.0,0.0,0.0,0.0,0.0,0.0,0.0,0.0,0.0,0.0,0.0,0.0,0.0,0.0,1.0,0.0
R0323,남,51,50대,50~54,직장인,사무/기술직,경남,기타지역,비수도권,0,0,1,0,0,0,0,0,0,0,0,1,1,0,0,과일티에이드,카페라떼,얼음갈린티,1,1.0,1.0,0.0,0.0,0.0,0.0,0.0,0.0,0.0,0.0,0.0,0.0,0.0,0.0,0.0,0.0,0.0,0.0,0.0,0,,,,,,,,,,,,,,,,,,,,1,1.0,1.0,0.0,1.0,0.0,0.0,0.0,0.0,0.0,0.0,0.0,0.0,0.0,0.0,1.0,1.0,0.0,0.0,0.0,0,,,,,,,,,,,,,,,,,,,,1,1.0,1.0,0.0,0.0,0.0,0.0,0.0,0.0,0.0,0.0,0.0,0.0,0.0,0.0,1.0,0.0,0.0,0.0,0.0,0,,,,,,,,,,,,,,,,,,,
R0324,여,59,50대,55~59,직장인,사무/기술직,경기,서울외수도권,수도권,0,1,1,0,1,0,0,1,0,0,1,0,0,0,0,달콤한커피류,아메리카노,콜드브루,0,,,,,,,,,,,,,,,,,,,,0,,,,,,,,,,,,,,,,,,,,0,,,,,,,,,,,,,,,,,,,,1,1.0,1.0,0.0,0.0,0.0,0.0,0.0,0.0,0.0,0.0,0.0,0.0,0.0,0.0,0.0,0.0,0.0,1.0,0.0,0,,,,,,,,,,,,,,,,,,,,1,1.0,1.0,0.0,1.0,1.0,0.0,1.0,0.0,1.0,0.0,0.0,0.0,0.0,0.0,0.0,0.0,0.0,0.0,0.0
R0325,여,40,40대,40~44,대학(원)생,대학생,서울,서울,수도권,0,1,0,0,0,0,1,0,1,0,1,1,0,0,1,주스에이드,아메리카노,드립핸드드립,0,,,,,,,,,,,,,,,,,,,,0,,,,,,,,,,,,,,,,,,,,0,,,,,,,,,,,,,,,,,,,,0,,,,,,,,,,,,,,,,,,,,0,,,,,,,,,,,,,,,,,,,,0,,,,,,,,,,,,,,,,,,,
R0326,여,41,40대,40~44,전업주부,전업주부,대전,5대광역시,비수도권,0,1,0,1,0,0,0,1,0,0,0,0,0,0,0,달콤한커피류,아메리카노,카푸치노,0,,,,,,,,,,,,,,,,,,,,0,,,,,,,,,,,,,,,,,,,,0,,,,,,,,,,,,,,,,,,,,0,,,,,,,,,,,,,,,,,,,,1,1.0,1.0,1.0,0.0,0.0,0.0,0.0,0.0,0.0,0.0,0.0,0.0,0.0,0.0,0.0,0.0,0.0,0.0,0.0,0,,,,,,,,,,,,,,,,,,,
R0327,남,35,30대,35~39,기타직업,자유/전문직,대구,5대광역시,비수도권,0,1,0,1,0,0,0,1,0,0,0,0,0,1,0,달콤한커피류,스무디쉐이크,아메리카노,0,,,,,,,,,,,,,,,,,,,,1,1.0,1.0,0.0,1.0,0.0,0.0,0.0,0.0,0.0,0.0,1.0,0.0,0.0,0.0,0.0,0.0,0.0,0.0,0.0,1,1.0,1.0,0.0,0.0,1.0,1.0,1.0,0.0,0.0,0.0,0.0,0.0,0.0,0.0,0.0,0.0,0.0,0.0,0.0,1,1.0,1.0,1.0,0.0,0.0,0.0,0.0,0.0,0.0,0.0,0.0,0.0,0.0,0.0,0.0,0.0,0.0,0.0,0.0,1,1.0,1.0,0.0,0.0,0.0,0.0,0.0,0.0,0.0,0.0,0.0,0.0,0.0,0.0,0.0,0.0,0.0,0.0,0.0,0,,,,,,,,,,,,,,,,,,,
R0328,여,21,20대,20~24,직장인,사무/기술직,서울,서울,수도권,0,0,0,0,0,0,0,1,1,0,0,0,0,0,1,주스에이드,달콤한커피류,얼음갈린커피,0,,,,,,,,,,,,,,,,,,,,0,,,,,,,,,,,,,,,,,,,,0,,,,,,,,,,,,,,,,,,,,1,1.0,0.0,0.0,0.0,0.0,1.0,0.0,0.0,1.0,0.0,0.0,1.0,1.0,0.0,0.0,0.0,0.0,0.0,0.0,1,1.0,1.0,0.0,0.0,1.0,0.0,0.0,0.0,0.0,0.0,0.0,0.0,0.0,0.0,0.0,0.0,1.0,0.0,0.0,1,1.0,1.0,0.0,1.0,0.0,1.0,1.0,0.0,0.0,1.0,0.0,1.0,0.0,0.0,0.0,0.0,0.0,0.0,0.0
R0329,남,46,40대,45~49,직장인,기능/작업직,경남,기타지역,비수도권,0,1,1,1,0,0,1,1,0,0,0,0,0,0,0,아메리카노,달콤한커피류,드립핸드드립,0,,,,,,,,,,,,,,,,,,,,0,,,,,,,,,,,,,,,,,,,,0,,,,,,,,,,,,,,,,,,,,0,,,,,,,,,,,,,,,,,,,,0,,,,,,,,,,,,,,,,,,,,0,,,,,,,,,,,,,,,,,,,
R0330,여,51,50대,50~54,직장인,사무/기술직,서울,서울,수도권,0,1,0,0,0,0,0,0,0,0,0,1,0,0,0,아메리카노,과일티에이드,,1,1.0,0.0,0.0,0.0,1.0,0.0,1.0,0.0,1.0,0.0,0.0,0.0,0.0,0.0,0.0,0.0,0.0,0.0,0.0,0,,,,,,,,,,,,,,,,,,,,0,,,,,,,,,,,,,,,,,,,,0,,,,,,,,,,,,,,,,,,,,1,1.0,1.0,0.0,0.0,0.0,1.0,1.0,0.0,1.0,0.0,0.0,1.0,0.0,0.0,0.0,0.0,0.0,0.0,0.0,1,1.0,1.0,0.0,0.0,0.0,0.0,1.0,0.0,0.0,1.0,0.0,0.0,0.0,0.0,0.0,1.0,1.0,0.0,0.0
R0331,여,50,50대,50~54,대학(원)생,대학생,인천,서울외수도권,수도권,1,1,1,0,1,0,0,0,1,1,0,0,0,0,0,아메리카노,카페라떼,얼음갈린커피,1,1.0,1.0,0.0,1.0,1.0,0.0,0.0,0.0,0.0,0.0,0.0,0.0,0.0,0.0,0.0,0.0,0.0,0.0,0.0,1,1.0,1.0,0.0,0.0,0.0,0.0,0.0,0.0,0.0,0.0,1.0,0.0,0.0,0.0,0.0,1.0,0.0,0.0,0.0,0,,,,,,,,,,,,,,,,,,,,1,1.0,0.0,0.0,0.0,0.0,1.0,0.0,0.0,0.0,0.0,0.0,0.0,0.0,0.0,0.0,0.0,0.0,0.0,0.0,0,,,,,,,,,,,,,,,,,,,,0,,,,,,,,,,,,,,,,,,,
R0332,여,59,50대,55~59,직장인,자유/전문직,대구,5대광역시,비수도권,0,1,0,0,0,0,0,1,0,0,0,0,1,0,0,아메리카노,얼음갈린티,달콤한커피류,0,,,,,,,,,,,,,,,,,,,,0,,,,,,,,,,,,,,,,,,,,1,1.0,1.0,0.0,0.0,1.0,0.0,1.0,0.0,0.0,0.0,0.0,0.0,0.0,0.0,0.0,0.0,0.0,0.0,0.0,1,1.0,0.0,0.0,0.0,1.0,1.0,0.0,0.0,0.0,0.0,0.0,0.0,0.0,0.0,1.0,0.0,0.0,0.0,0.0,1,1.0,0.0,0.0,0.0,0.0,0.0,0.0,0.0,0.0,0.0,0.0,0.0,0.0,0.0,0.0,0.0,0.0,0.0,0.0,1,1.0,1.0,1.0,0.0,0.0,0.0,0.0,0.0,0.0,0.0,0.0,0.0,0.0,0.0,0.0,0.0,0.0,0.0,0.0
R0333,여,33,30대,30~34,직장인,자유/전문직,경기,서울외수도권,수도권,0,0,1,0,0,0,1,1,0,0,0,0,0,0,0,카페라떼,드립핸드드립,달콤한커피류,0,,,,,,,,,,,,,,,,,,,,1,1.0,1.0,0.0,1.0,1.0,0.0,0.0,0.0,0.0,0.0,0.0,0.0,0.0,0.0,0.0,0.0,0.0,0.0,0.0,0,,,,,,,,,,,,,,,,,,,,1,1.0,1.0,0.0,0.0,0.0,0.0,1.0,0.0,0.0,0.0,0.0,0.0,0.0,0.0,0.0,0.0,0.0,0.0,0.0,0,,,,,,,,,,,,,,,,,,,,1,1.0,1.0,0.0,0.0,0.0,1.0,0.0,0.0,0.0,0.0,0.0,0.0,0.0,0.0,0.0,0.0,0.0,0.0,0.0
R0334,남,33,30대,30~34,직장인,사무/기술직,대구,5대광역시,비수도권,0,1,0,0,0,0,0,0,0,0,0,1,0,0,0,아메리카노,과일티에이드,,1,1.0,1.0,0.0,1.0,0.0,1.0,0.0,0.0,0.0,0.0,0.0,0.0,0.0,0.0,0.0,0.0,0.0,0.0,0.0,1,1.0,0.0,0.0,1.0,1.0,1.0,1.0,0.0,0.0,0.0,0.0,0.0,0.0,0.0,0.0,1.0,1.0,0.0,0.0,0,,,,,,,,,,,,,,,,,,,,1,1.0,1.0,0.0,0.0,0.0,0.0,0.0,0.0,0.0,0.0,0.0,0.0,0.0,0.0,0.0,0.0,0.0,0.0,0.0,0,,,,,,,,,,,,,,,,,,,,0,,,,,,,,,,,,,,,,,,,
R0335,남,48,40대,45~49,직장인,자유/전문직,전북,기타지역,비수도권,1,1,0,0,0,0,0,0,0,0,0,0,0,0,0,아메리카노,에스프레소,,0,,,,,,,,,,,,,,,,,,,,1,1.0,0.0,0.0,0.0,1.0,1.0,0.0,0.0,0.0,0.0,0.0,0.0,0.0,0.0,0.0,0.0,0.0,0.0,0.0,1,1.0,0.0,0.0,0.0,0.0,0.0,0.0,0.0,0.0,0.0,0.0,0.0,0.0,0.0,0.0,1.0,0.0,0.0,0.0,0,,,,,,,,,,,,,,,,,,,,1,1.0,0.0,0.0,0.0,0.0,0.0,0.0,1.0,0.0,1.0,1.0,1.0,0.0,0.0,0.0,1.0,0.0,0.0,0.0,1,1.0,1.0,0.0,0.0,0.0,0.0,0.0,0.0,0.0,0.0,0.0,0.0,1.0,0.0,0.0,0.0,0.0,0.0,0.0
R0336,여,40,40대,40~44,직장인,사무/기술직,서울,서울,수도권,0,0,1,0,0,0,0,1,0,0,1,0,0,0,1,달콤한커피류,달콤한티,카페라떼,1,1.0,1.0,0.0,1.0,1.0,1.0,1.0,0.0,0.0,0.0,0.0,0.0,0.0,0.0,0.0,0.0,1.0,0.0,0.0,1,1.0,1.0,0.0,0.0,0.0,0.0,0.0,0.0,0.0,0.0,0.0,0.0,0.0,0.0,0.0,0.0,0.0,0.0,0.0,1,1.0,0.0,0.0,0.0,0.0,0.0,0.0,0.0,0.0,0.0,1.0,0.0,0.0,0.0,0.0,0.0,0.0,0.0,0.0,0,,,,,,,,,,,,,,,,,,,,0,,,,,,,,,,,,,,,,,,,,0,,,,,,,,,,,,,,,,,,,
R0337,여,29,20대,25~29,기타직업,무직,광주,5대광역시,비수도권,0,1,0,0,0,0,0,1,0,0,0,0,0,1,0,달콤한커피류,아메리카노,스무디쉐이크,1,1.0,1.0,0.0,1.0,1.0,0.0,0.0,0.0,0.0,0.0,0.0,0.0,0.0,0.0,0.0,0.0,1.0,0.0,0.0,1,1.0,0.0,1.0,0.0,1.0,0.0,0.0,0.0,0.0,0.0,1.0,0.0,0.0,0.0,0.0,0.0,0.0,0.0,0.0,0,,,,,,,,,,,,,,,,,,,,1,1.0,1.0,0.0,0.0,0.0,0.0,0.0,0.0,0.0,0.0,0.0,0.0,0.0,0.0,1.0,0.0,0.0,0.0,0.0,0,,,,,,,,,,,,,,,,,,,,0,,,,,,,,,,,,,,,,,,,
R0338,여,37,30대,35~39,직장인,사무/기술직,서울,서울,수도권,0,1,1,0,1,0,0,0,0,1,0,0,0,0,0,카페라떼,콜드브루,아메리카노,1,1.0,1.0,0.0,0.0,0.0,0.0,0.0,0.0,0.0,0.0,0.0,0.0,0.0,0.0,0.0,0.0,0.0,0.0,0.0,1,1.0,1.0,0.0,0.0,0.0,0.0,1.0,0.0,0.0,0.0,0.0,1.0,0.0,0.0,0.0,0.0,0.0,1.0,0.0,0,,,,,,,,,,,,,,,,,,,,0,,,,,,,,,,,,,,,,,,,,1,1.0,1.0,0.0,0.0,0.0,1.0,1.0,0.0,0.0,0.0,0.0,0.0,0.0,0.0,0.0,0.0,0.0,0.0,0.0,1,1.0,1.0,0.0,0.0,0.0,1.0,0.0,0.0,0.0,1.0,0.0,0.0,0.0,0.0,0.0,0.0,0.0,0.0,0.0
R0339,여,52,50대,50~54,대학(원)생,대학생,경남,기타지역,비수도권,0,0,0,0,0,0,0,0,0,0,0,0,0,0,0,,,,1,1.0,0.0,1.0,0.0,1.0,0.0,0.0,0.0,0.0,0.0,0.0,0.0,0.0,0.0,0.0,0.0,0.0,0.0,0.0,0,,,,,,,,,,,,,,,,,,,,1,1.0,0.0,0.0,0.0,0.0,0.0,0.0,0.0,0.0,0.0,0.0,0.0,0.0,0.0,0.0,0.0,1.0,0.0,0.0,0,,,,,,,,,,,,,,,,,,,,1,1.0,1.0,1.0,0.0,1.0,0.0,1.0,0.0,0.0,0.0,0.0,0.0,0.0,0.0,0.0,0.0,0.0,0.0,0.0,0,,,,,,,,,,,,,,,,,,,
R0340,남,27,20대,25~29,직장인,경영/관리직,경기,서울외수도권,수도권,0,1,0,0,0,0,0,0,0,0,0,0,0,0,0,아메리카노,,,1,1.0,1.0,0.0,0.0,0.0,1.0,0.0,0.0,0.0,0.0,0.0,0.0,0.0,0.0,0.0,0.0,0.0,0.0,0.0,0,,,,,,,,,,,,,,,,,,,,0,,,,,,,,,,,,,,,,,,,,1,1.0,1.0,0.0,1.0,0.0,0.0,0.0,1.0,0.0,0.0,0.0,0.0,0.0,0.0,0.0,0.0,0.0,0.0,0.0,0,,,,,,,,,,,,,,,,,,,,0,,,,,,,,,,,,,,,,,,,
R0341,여,32,30대,30~34,직장인,사무/기술직,서울,서울,수도권,0,1,1,0,0,0,0,0,0,0,0,0,0,1,0,아메리카노,카페라떼,스무디쉐이크,1,1.0,1.0,0.0,1.0,1.0,0.0,0.0,0.0,0.0,0.0,1.0,0.0,0.0,0.0,1.0,0.0,0.0,0.0,0.0,1,1.0,1.0,0.0,0.0,0.0,1.0,0.0,0.0,0.0,0.0,0.0,0.0,0.0,0.0,0.0,0.0,0.0,0.0,0.0,1,1.0,1.0,0.0,0.0,0.0,0.0,0.0,0.0,0.0,0.0,0.0,0.0,0.0,0.0,0.0,0.0,0.0,0.0,0.0,0,,,,,,,,,,,,,,,,,,,,0,,,,,,,,,,,,,,,,,,,,0,,,,,,,,,,,,,,,,,,,
R0342,여,54,50대,50~54,직장인,판매/영업 서비스직,서울,서울,수도권,0,1,0,0,0,0,0,1,0,0,0,0,0,0,0,아메리카노,달콤한커피류,,0,,,,,,,,,,,,,,,,,,,,1,1.0,1.0,0.0,0.0,0.0,1.0,0.0,0.0,0.0,0.0,0.0,0.0,0.0,0.0,0.0,0.0,0.0,0.0,0.0,1,1.0,0.0,1.0,0.0,0.0,0.0,0.0,0.0,0.0,0.0,0.0,0.0,0.0,0.0,0.0,0.0,0.0,0.0,0.0,1,1.0,1.0,1.0,0.0,0.0,1.0,0.0,0.0,0.0,0.0,0.0,0.0,0.0,0.0,0.0,1.0,1.0,0.0,0.0,1,1.0,1.0,0.0,0.0,0.0,0.0,1.0,0.0,0.0,1.0,1.0,0.0,0.0,0.0,0.0,0.0,0.0,0.0,0.0,0,,,,,,,,,,,,,,,,,,,
R0343,남,43,40대,40~44,직장인,자유/전문직,부산,5대광역시,비수도권,0,1,1,0,0,0,0,1,1,0,0,0,0,0,0,달콤한커피류,얼음갈린커피,아메리카노,0,,,,,,,,,,,,,,,,,,,,0,,,,,,,,,,,,,,,,,,,,0,,,,,,,,,,,,,,,,,,,,0,,,,,,,,,,,,,,,,,,,,1,1.0,0.0,0.0,0.0,1.0,0.0,0.0,0.0,1.0,1.0,0.0,0.0,0.0,0.0,0.0,0.0,0.0,0.0,0.0,0,,,,,,,,,,,,,,,,,,,
R0344,여,45,40대,45~49,직장인,사무/기술직,부산,5대광역시,비수도권,0,1,0,0,0,0,0,0,0,0,0,1,1,0,0,아메리카노,과일티에이드,얼음갈린티,1,1.0,1.0,1.0,1.0,0.0,1.0,0.0,0.0,0.0,0.0,0.0,0.0,0.0,0.0,1.0,0.0,0.0,0.0,0.0,0,,,,,,,,,,,,,,,,,,,,1,1.0,1.0,0.0,0.0,0.0,1.0,0.0,0.0,0.0,0.0,0.0,1.0,0.0,0.0,0.0,0.0,0.0,0.0,0.0,1,1.0,1.0,0.0,1.0,0.0,0.0,0.0,0.0,0.0,0.0,0.0,0.0,0.0,0.0,0.0,0.0,1.0,0.0,0.0,0,,,,,,,,,,,,,,,,,,,,0,,,,,,,,,,,,,,,,,,,
R0345,남,42,40대,40~44,대학(원)생,대학생,경기,서울외수도권,수도권,0,1,0,0,0,0,0,1,0,0,0,0,0,0,0,달콤한커피류,아메리카노,,1,1.0,1.0,0.0,0.0,1.0,1.0,0.0,0.0,0.0,0.0,0.0,0.0,0.0,0.0,0.0,0.0,0.0,0.0,1.0,0,,,,,,,,,,,,,,,,,,,,1,1.0,1.0,0.0,0.0,0.0,0.0,0.0,0.0,0.0,1.0,0.0,0.0,0.0,0.0,0.0,0.0,0.0,0.0,0.0,0,,,,,,,,,,,,,,,,,,,,1,1.0,1.0,0.0,0.0,0.0,1.0,0.0,0.0,0.0,0.0,0.0,1.0,0.0,0.0,0.0,0.0,0.0,0.0,0.0,0,,,,,,,,,,,,,,,,,,,
R0346,여,57,50대,55~59,직장인,사무/기술직,경기,서울외수도권,수도권,0,1,0,0,0,0,0,1,0,0,1,0,1,1,0,아메리카노,얼음갈린티,스무디쉐이크,0,,,,,,,,,,,,,,,,,,,,1,1.0,1.0,0.0,0.0,0.0,0.0,0.0,0.0,0.0,0.0,0.0,0.0,0.0,0.0,0.0,0.0,0.0,1.0,0.0,0,,,,,,,,,,,,,,,,,,,,0,,,,,,,,,,,,,,,,,,,,0,,,,,,,,,,,,,,,,,,,,1,1.0,1.0,1.0,0.0,0.0,1.0,0.0,0.0,0.0,0.0,0.0,0.0,0.0,0.0,0.0,0.0,0.0,0.0,0.0
R0347,여,23,20대,20~24,대학(원)생,대학생,전북,기타지역,비수도권,0,0,1,0,0,0,0,0,0,0,1,0,0,0,1,달콤한티,주스에이드,카페라떼,0,,,,,,,,,,,,,,,,,,,,0,,,,,,,,,,,,,,,,,,,,1,1.0,1.0,0.0,0.0,0.0,1.0,0.0,0.0,0.0,0.0,0.0,0.0,0.0,0.0,0.0,0.0,0.0,0.0,0.0,1,1.0,0.0,0.0,0.0,0.0,0.0,1.0,0.0,0.0,1.0,0.0,0.0,0.0,0.0,0.0,1.0,0.0,0.0,0.0,1,1.0,1.0,0.0,1.0,0.0,1.0,0.0,0.0,0.0,0.0,0.0,0.0,0.0,0.0,0.0,0.0,0.0,0.0,0.0,0,,,,,,,,,,,,,,,,,,,
R0348,여,59,50대,55~59,직장인,자유/전문직,경기,서울외수도권,수도권,0,1,0,0,0,0,1,0,1,0,1,1,0,0,0,아메리카노,과일티에이드,얼음갈린커피,1,1.0,1.0,0.0,0.0,1.0,1.0,1.0,0.0,0.0,0.0,0.0,0.0,0.0,0.0,0.0,0.0,0.0,0.0,0.0,0,,,,,,,,,,,,,,,,,,,,1,1.0,0.0,0.0,1.0,0.0,1.0,0.0,0.0,0.0,0.0,0.0,0.0,0.0,1.0,0.0,0.0,0.0,0.0,0.0,0,,,,,,,,,,,,,,,,,,,,1,1.0,0.0,0.0,0.0,0.0,0.0,0.0,0.0,0.0,0.0,0.0,0.0,0.0,0.0,0.0,0.0,0.0,0.0,0.0,0,,,,,,,,,,,,,,,,,,,
R0349,여,52,50대,50~54,직장인,판매/영업 서비스직,서울,서울,수도권,0,1,1,0,0,0,0,1,0,0,0,0,0,0,0,아메리카노,카페라떼,달콤한커피류,1,1.0,1.0,0.0,1.0,0.0,0.0,0.0,0.0,0.0,1.0,0.0,0.0,0.0,0.0,0.0,0.0,0.0,0.0,0.0,1,1.0,0.0,0.0,0.0,1.0,0.0,0.0,0.0,0.0,0.0,0.0,0.0,0.0,0.0,0.0,0.0,0.0,0.0,0.0,0,,,,,,,,,,,,,,,,,,,,0,,,,,,,,,,,,,,,,,,,,1,1.0,0.0,0.0,0.0,0.0,1.0,0.0,0.0,0.0,0.0,0.0,0.0,0.0,0.0,0.0,0.0,0.0,1.0,0.0,0,,,,,,,,,,,,,,,,,,,
R0350,여,37,30대,35~39,직장인,사무/기술직,서울,서울,수도권,0,1,0,0,0,0,0,1,0,1,0,0,0,0,0,아메리카노,달콤한커피류,기본티,0,,,,,,,,,,,,,,,,,,,,1,1.0,1.0,0.0,0.0,0.0,0.0,0.0,0.0,0.0,0.0,1.0,0.0,0.0,0.0,0.0,0.0,1.0,0.0,0.0,1,1.0,0.0,1.0,0.0,0.0,0.0,0.0,0.0,0.0,0.0,0.0,0.0,0.0,0.0,1.0,0.0,0.0,0.0,0.0,0,,,,,,,,,,,,,,,,,,,,0,,,,,,,,,,,,,,,,,,,,0,,,,,,,,,,,,,,,,,,,
R0351,남,53,50대,50~54,직장인,사무/기술직,대구,5대광역시,비수도권,0,1,0,0,0,0,1,1,0,0,0,0,0,0,1,달콤한커피류,아메리카노,주스에이드,0,,,,,,,,,,,,,,,,,,,,0,,,,,,,,,,,,,,,,,,,,1,1.0,1.0,0.0,0.0,0.0,0.0,0.0,0.0,0.0,1.0,1.0,1.0,0.0,0.0,0.0,1.0,0.0,1.0,0.0,1,1.0,1.0,0.0,0.0,0.0,0.0,0.0,0.0,0.0,0.0,0.0,1.0,0.0,0.0,0.0,1.0,1.0,1.0,0.0,0,,,,,,,,,,,,,,,,,,,,1,1.0,1.0,1.0,1.0,0.0,1.0,0.0,0.0,0.0,0.0,0.0,0.0,0.0,0.0,0.0,0.0,0.0,0.0,0.0
R0352,남,36,30대,35~39,기타직업,기타,경기,서울외수도권,수도권,0,1,1,0,0,0,0,0,0,0,0,0,0,0,0,카페라떼,아메리카노,,1,1.0,1.0,1.0,0.0,0.0,0.0,0.0,0.0,0.0,0.0,1.0,0.0,0.0,0.0,0.0,0.0,0.0,0.0,0.0,0,,,,,,,,,,,,,,,,,,,,1,1.0,1.0,0.0,0.0,0.0,1.0,1.0,0.0,0.0,0.0,0.0,0.0,0.0,0.0,0.0,0.0,0.0,0.0,0.0,1,1.0,1.0,0.0,1.0,0.0,1.0,0.0,0.0,0.0,0.0,0.0,0.0,0.0,0.0,0.0,0.0,0.0,0.0,0.0,1,1.0,0.0,0.0,0.0,0.0,0.0,1.0,0.0,1.0,0.0,0.0,0.0,0.0,0.0,0.0,1.0,0.0,0.0,0.0,0,,,,,,,,,,,,,,,,,,,
R0353,남,56,50대,55~59,직장인,사무/기술직,경남,기타지역,비수도권,0,0,1,0,1,0,1,0,0,0,0,0,0,0,0,카페라떼,콜드브루,드립핸드드립,1,1.0,0.0,1.0,0.0,1.0,0.0,0.0,0.0,1.0,0.0,0.0,0.0,0.0,0.0,0.0,0.0,0.0,0.0,0.0,0,,,,,,,,,,,,,,,,,,,,0,,,,,,,,,,,,,,,,,,,,1,1.0,0.0,0.0,0.0,1.0,0.0,0.0,0.0,0.0,0.0,0.0,1.0,0.0,0.0,0.0,0.0,0.0,0.0,0.0,0,,,,,,,,,,,,,,,,,,,,1,1.0,1.0,1.0,0.0,0.0,1.0,0.0,0.0,0.0,0.0,1.0,1.0,0.0,0.0,0.0,0.0,0.0,0.0,0.0
R0354,남,59,50대,55~59,직장인,기능/작업직,서울,서울,수도권,0,1,1,0,0,0,0,0,0,0,0,0,0,1,0,카페라떼,아메리카노,스무디쉐이크,1,1.0,1.0,0.0,1.0,1.0,0.0,0.0,1.0,0.0,1.0,1.0,0.0,0.0,0.0,0.0,0.0,0.0,0.0,0.0,0,,,,,,,,,,,,,,,,,,,,1,1.0,1.0,1.0,1.0,1.0,1.0,0.0,0.0,0.0,0.0,0.0,0.0,0.0,0.0,0.0,0.0,0.0,0.0,0.0,1,1.0,0.0,0.0,1.0,0.0,0.0,1.0,0.0,0.0,0.0,0.0,0.0,0.0,0.0,0.0,1.0,0.0,0.0,0.0,1,1.0,0.0,1.0,0.0,0.0,0.0,1.0,0.0,0.0,0.0,0.0,0.0,0.0,0.0,0.0,0.0,1.0,0.0,0.0,0,,,,,,,,,,,,,,,,,,,
R0355,여,53,50대,50~54,직장인,사무/기술직,세종,기타지역,비수도권,0,0,0,0,0,0,0,0,0,0,0,0,1,0,0,얼음갈린티,,,1,1.0,1.0,0.0,0.0,1.0,0.0,0.0,0.0,1.0,0.0,0.0,0.0,0.0,0.0,0.0,0.0,0.0,0.0,0.0,0,,,,,,,,,,,,,,,,,,,,0,,,,,,,,,,,,,,,,,,,,0,,,,,,,,,,,,,,,,,,,,0,,,,,,,,,,,,,,,,,,,,1,1.0,0.0,0.0,0.0,1.0,0.0,1.0,0.0,1.0,1.0,0.0,0.0,0.0,0.0,0.0,0.0,0.0,0.0,0.0
R0356,남,45,40대,45~49,전업주부,전업주부,대전,5대광역시,비수도권,0,0,0,0,0,0,0,1,0,0,1,0,0,0,0,달콤한커피류,달콤한티,,1,1.0,1.0,0.0,0.0,0.0,0.0,0.0,0.0,0.0,0.0,0.0,0.0,0.0,0.0,1.0,0.0,0.0,0.0,0.0,0,,,,,,,,,,,,,,,,,,,,0,,,,,,,,,,,,,,,,,,,,0,,,,,,,,,,,,,,,,,,,,0,,,,,,,,,,,,,,,,,,,,0,,,,,,,,,,,,,,,,,,,
R0357,여,37,30대,35~39,직장인,사무/기술직,서울,서울,수도권,0,0,0,0,0,0,0,0,0,0,1,0,0,0,0,달콤한티,,,0,,,,,,,,,,,,,,,,,,,,0,,,,,,,,,,,,,,,,,,,,0,,,,,,,,,,,,,,,,,,,,0,,,,,,,,,,,,,,,,,,,,0,,,,,,,,,,,,,,,,,,,,0,,,,,,,,,,,,,,,,,,,
R0358,여,59,50대,55~59,기타직업,자영업,서울,서울,수도권,0,0,0,0,0,0,0,1,0,0,0,0,0,0,0,달콤한커피류,,,0,,,,,,,,,,,,,,,,,,,,1,1.0,1.0,0.0,0.0,0.0,0.0,0.0,0.0,0.0,0.0,0.0,0.0,0.0,0.0,0.0,0.0,0.0,0.0,0.0,0,,,,,,,,,,,,,,,,,,,,1,1.0,0.0,0.0,0.0,0.0,1.0,0.0,0.0,0.0,1.0,0.0,1.0,0.0,0.0,0.0,0.0,0.0,0.0,0.0,0,,,,,,,,,,,,,,,,,,,,1,1.0,1.0,0.0,1.0,0.0,0.0,0.0,1.0,0.0,0.0,1.0,0.0,0.0,0.0,0.0,0.0,1.0,1.0,0.0
R0359,여,49,40대,45~49,기타직업,기타,경남,기타지역,비수도권,0,0,0,0,0,0,0,0,0,1,1,1,0,1,0,스무디쉐이크,기본티,과일티에이드,1,1.0,1.0,0.0,0.0,0.0,0.0,0.0,1.0,0.0,1.0,0.0,0.0,0.0,0.0,0.0,0.0,0.0,1.0,0.0,1,1.0,1.0,0.0,1.0,1.0,0.0,0.0,0.0,0.0,0.0,0.0,0.0,0.0,0.0,0.0,0.0,1.0,0.0,0.0,0,,,,,,,,,,,,,,,,,,,,1,1.0,1.0,0.0,0.0,0.0,1.0,0.0,0.0,0.0,0.0,1.0,0.0,0.0,0.0,0.0,1.0,0.0,0.0,0.0,0,,,,,,,,,,,,,,,,,,,,1,1.0,1.0,0.0,0.0,1.0,1.0,0.0,0.0,0.0,0.0,0.0,0.0,0.0,0.0,0.0,0.0,1.0,0.0,0.0
R0360,여,57,50대,55~59,기타직업,기능/작업직,충남,기타지역,비수도권,0,0,0,0,0,0,0,0,0,0,0,0,0,1,0,스무디쉐이크,,,0,,,,,,,,,,,,,,,,,,,,0,,,,,,,,,,,,,,,,,,,,0,,,,,,,,,,,,,,,,,,,,1,1.0,0.0,1.0,0.0,0.0,0.0,1.0,0.0,0.0,0.0,0.0,0.0,0.0,0.0,0.0,0.0,0.0,0.0,0.0,1,1.0,0.0,1.0,1.0,0.0,0.0,1.0,1.0,0.0,0.0,0.0,0.0,0.0,0.0,0.0,0.0,0.0,0.0,0.0,1,1.0,1.0,0.0,0.0,0.0,0.0,0.0,0.0,0.0,0.0,1.0,0.0,0.0,0.0,0.0,0.0,0.0,0.0,0.0
R0361,여,46,40대,45~49,직장인,사무/기술직,충남,기타지역,비수도권,0,1,0,0,0,0,0,0,1,0,0,0,0,1,0,아메리카노,스무디쉐이크,얼음갈린커피,0,,,,,,,,,,,,,,,,,,,,0,,,,,,,,,,,,,,,,,,,,1,1.0,1.0,0.0,0.0,0.0,0.0,1.0,0.0,0.0,0.0,1.0,0.0,0.0,0.0,0.0,1.0,0.0,0.0,0.0,0,,,,,,,,,,,,,,,,,,,,0,,,,,,,,,,,,,,,,,,,,0,,,,,,,,,,,,,,,,,,,
R0362,남,32,30대,30~34,직장인,자유/전문직,서울,서울,수도권,0,0,0,0,0,0,1,1,1,0,0,0,1,0,0,달콤한커피류,얼음갈린티,드립핸드드립,1,1.0,1.0,0.0,1.0,1.0,0.0,0.0,0.0,0.0,0.0,0.0,0.0,1.0,0.0,0.0,0.0,0.0,0.0,0.0,1,1.0,1.0,0.0,0.0,0.0,0.0,0.0,0.0,0.0,0.0,0.0,0.0,0.0,0.0,0.0,0.0,0.0,0.0,0.0,1,1.0,1.0,1.0,0.0,0.0,1.0,0.0,0.0,0.0,0.0,0.0,0.0,0.0,0.0,0.0,0.0,1.0,0.0,0.0,0,,,,,,,,,,,,,,,,,,,,1,1.0,1.0,0.0,0.0,0.0,0.0,0.0,0.0,0.0,0.0,0.0,0.0,0.0,0.0,0.0,0.0,0.0,0.0,0.0,0,,,,,,,,,,,,,,,,,,,
R0363,남,45,40대,45~49,대학(원)생,대학생,서울,서울,수도권,1,1,1,0,0,0,0,1,0,1,0,1,0,0,0,달콤한커피류,아메리카노,기본티,0,,,,,,,,,,,,,,,,,,,,1,1.0,1.0,0.0,0.0,0.0,0.0,1.0,0.0,0.0,0.0,0.0,0.0,0.0,0.0,1.0,0.0,0.0,0.0,0.0,1,1.0,0.0,0.0,0.0,0.0,0.0,1.0,0.0,0.0,0.0,0.0,1.0,0.0,0.0,0.0,0.0,1.0,0.0,0.0,0,,,,,,,,,,,,,,,,,,,,1,1.0,0.0,0.0,0.0,0.0,0.0,0.0,0.0,0.0,0.0,0.0,0.0,0.0,0.0,0.0,0.0,1.0,0.0,0.0,1,1.0,1.0,1.0,0.0,1.0,1.0,0.0,0.0,0.0,0.0,1.0,0.0,0.0,0.0,0.0,0.0,0.0,0.0,0.0
R0364,여,59,50대,55~59,대학(원)생,대학생,인천,서울외수도권,수도권,0,1,0,0,0,1,0,0,1,1,0,1,0,0,0,아메리카노,얼음갈린커피,과일티에이드,1,1.0,1.0,0.0,0.0,0.0,0.0,0.0,0.0,1.0,0.0,0.0,0.0,0.0,0.0,0.0,0.0,0.0,0.0,0.0,0,,,,,,,,,,,,,,,,,,,,1,1.0,1.0,0.0,0.0,0.0,1.0,0.0,0.0,0.0,0.0,1.0,0.0,0.0,0.0,0.0,0.0,0.0,0.0,0.0,0,,,,,,,,,,,,,,,,,,,,0,,,,,,,,,,,,,,,,,,,,1,1.0,1.0,1.0,0.0,0.0,1.0,0.0,1.0,1.0,1.0,0.0,0.0,0.0,0.0,0.0,1.0,0.0,0.0,0.0
R0365,여,42,40대,40~44,전업주부,전업주부,대구,5대광역시,비수도권,0,1,0,0,0,0,0,0,0,1,0,0,0,0,1,아메리카노,기본티,주스에이드,0,,,,,,,,,,,,,,,,,,,,1,1.0,0.0,0.0,1.0,1.0,0.0,1.0,0.0,0.0,0.0,0.0,0.0,0.0,0.0,0.0,0.0,0.0,1.0,0.0,0,,,,,,,,,,,,,,,,,,,,0,,,,,,,,,,,,,,,,,,,,0,,,,,,,,,,,,,,,,,,,,0,,,,,,,,,,,,,,,,,,,
R0366,남,52,50대,50~54,기타직업,무직,대구,5대광역시,비수도권,0,1,0,0,1,0,0,0,0,0,0,1,0,0,0,아메리카노,과일티에이드,콜드브루,0,,,,,,,,,,,,,,,,,,,,0,,,,,,,,,,,,,,,,,,,,0,,,,,,,,,,,,,,,,,,,,0,,,,,,,,,,,,,,,,,,,,0,,,,,,,,,,,,,,,,,,,,0,,,,,,,,,,,,,,,,,,,
R0367,남,53,50대,50~54,직장인,사무/기술직,전북,기타지역,비수도권,0,1,1,0,0,0,0,1,1,0,0,0,0,0,0,아메리카노,카페라떼,달콤한커피류,0,,,,,,,,,,,,,,,,,,,,0,,,,,,,,,,,,,,,,,,,,1,1.0,1.0,0.0,0.0,0.0,1.0,1.0,0.0,0.0,0.0,0.0,0.0,0.0,0.0,0.0,0.0,1.0,0.0,0.0,1,1.0,1.0,0.0,1.0,0.0,0.0,0.0,0.0,0.0,0.0,0.0,0.0,0.0,0.0,0.0,0.0,0.0,0.0,0.0,0,,,,,,,,,,,,,,,,,,,,0,,,,,,,,,,,,,,,,,,,
R0368,남,58,50대,55~59,대학(원)생,대학생,경기,서울외수도권,수도권,1,1,0,0,0,0,0,0,0,0,0,0,0,1,0,아메리카노,스무디쉐이크,에스프레소,1,1.0,1.0,0.0,1.0,0.0,0.0,0.0,0.0,0.0,0.0,1.0,0.0,0.0,0.0,0.0,0.0,0.0,0.0,0.0,1,1.0,1.0,0.0,0.0,0.0,0.0,0.0,0.0,0.0,0.0,0.0,0.0,0.0,0.0,0.0,0.0,0.0,0.0,0.0,0,,,,,,,,,,,,,,,,,,,,1,1.0,1.0,0.0,0.0,0.0,1.0,0.0,0.0,0.0,0.0,0.0,1.0,0.0,0.0,0.0,0.0,0.0,0.0,0.0,0,,,,,,,,,,,,,,,,,,,,0,,,,,,,,,,,,,,,,,,,
R0369,남,32,30대,30~34,기타직업,자영업,강원,기타지역,비수도권,0,1,1,0,0,0,0,1,0,0,0,1,0,0,1,아메리카노,달콤한커피류,과일티에이드,0,,,,,,,,,,,,,,,,,,,,0,,,,,,,,,,,,,,,,,,,,0,,,,,,,,,,,,,,,,,,,,0,,,,,,,,,,,,,,,,,,,,0,,,,,,,,,,,,,,,,,,,,1,1.0,0.0,0.0,0.0,0.0,0.0,0.0,0.0,0.0,1.0,0.0,0.0,0.0,0.0,0.0,0.0,0.0,0.0,0.0
R0370,여,42,40대,40~44,대학(원)생,대학생,경기,서울외수도권,수도권,0,0,1,1,1,0,0,0,0,0,0,0,0,0,1,카페라떼,콜드브루,주스에이드,0,,,,,,,,,,,,,,,,,,,,1,1.0,0.0,0.0,0.0,0.0,0.0,0.0,0.0,0.0,0.0,0.0,0.0,0.0,0.0,0.0,0.0,0.0,1.0,0.0,1,1.0,1.0,0.0,0.0,1.0,0.0,0.0,0.0,0.0,1.0,0.0,0.0,0.0,0.0,0.0,0.0,0.0,0.0,0.0,1,1.0,0.0,1.0,0.0,0.0,1.0,0.0,0.0,0.0,1.0,1.0,0.0,0.0,0.0,0.0,0.0,0.0,0.0,0.0,0,,,,,,,,,,,,,,,,,,,,1,1.0,1.0,0.0,0.0,0.0,1.0,0.0,0.0,0.0,1.0,0.0,0.0,0.0,0.0,0.0,0.0,0.0,0.0,0.0
R0371,여,28,20대,25~29,직장인,사무/기술직,대구,5대광역시,비수도권,0,1,1,0,0,0,0,1,0,0,0,1,1,0,0,달콤한커피류,얼음갈린티,카페라떼,1,1.0,0.0,0.0,0.0,0.0,0.0,0.0,0.0,0.0,0.0,1.0,0.0,0.0,0.0,0.0,0.0,0.0,0.0,0.0,1,1.0,1.0,1.0,1.0,1.0,0.0,0.0,0.0,0.0,1.0,0.0,0.0,1.0,0.0,0.0,0.0,0.0,0.0,0.0,1,1.0,0.0,0.0,1.0,0.0,0.0,0.0,0.0,0.0,1.0,0.0,0.0,0.0,0.0,0.0,0.0,0.0,0.0,0.0,0,,,,,,,,,,,,,,,,,,,,0,,,,,,,,,,,,,,,,,,,,1,1.0,1.0,0.0,0.0,0.0,1.0,1.0,0.0,0.0,0.0,0.0,0.0,0.0,0.0,0.0,1.0,0.0,0.0,0.0
R0372,남,43,40대,40~44,직장인,자유/전문직,서울,서울,수도권,0,0,0,0,1,0,0,0,0,1,0,0,0,1,1,기본티,콜드브루,스무디쉐이크,1,1.0,1.0,0.0,0.0,1.0,0.0,0.0,0.0,0.0,0.0,0.0,0.0,0.0,0.0,0.0,0.0,0.0,0.0,0.0,0,,,,,,,,,,,,,,,,,,,,1,1.0,1.0,0.0,1.0,0.0,1.0,0.0,0.0,0.0,0.0,0.0,0.0,0.0,0.0,0.0,0.0,0.0,0.0,0.0,1,1.0,1.0,0.0,1.0,0.0,1.0,0.0,0.0,0.0,0.0,0.0,0.0,0.0,0.0,0.0,0.0,0.0,0.0,0.0,0,,,,,,,,,,,,,,,,,,,,1,1.0,1.0,1.0,0.0,0.0,1.0,0.0,0.0,1.0,0.0,0.0,0.0,0.0,0.0,0.0,0.0,0.0,0.0,0.0
R0373,남,40,40대,40~44,직장인,사무/기술직,서울,서울,수도권,0,1,0,0,0,0,0,0,1,0,0,1,0,0,0,아메리카노,과일티에이드,얼음갈린커피,0,,,,,,,,,,,,,,,,,,,,0,,,,,,,,,,,,,,,,,,,,0,,,,,,,,,,,,,,,,,,,,1,1.0,0.0,0.0,0.0,1.0,0.0,1.0,0.0,0.0,0.0,0.0,0.0,0.0,0.0,0.0,0.0,0.0,1.0,0.0,0,,,,,,,,,,,,,,,,,,,,0,,,,,,,,,,,,,,,,,,,
R0374,여,54,50대,50~54,기타직업,무직,경기,서울외수도권,수도권,0,1,0,1,0,0,0,0,0,0,1,1,1,1,0,카푸치노,달콤한티,스무디쉐이크,1,1.0,1.0,0.0,0.0,1.0,0.0,0.0,0.0,0.0,0.0,0.0,0.0,0.0,0.0,0.0,0.0,0.0,0.0,0.0,0,,,,,,,,,,,,,,,,,,,,0,,,,,,,,,,,,,,,,,,,,1,1.0,1.0,0.0,0.0,0.0,1.0,0.0,0.0,1.0,1.0,0.0,0.0,0.0,0.0,0.0,0.0,0.0,0.0,0.0,1,1.0,1.0,0.0,0.0,0.0,1.0,0.0,0.0,0.0,0.0,0.0,0.0,0.0,0.0,0.0,0.0,0.0,0.0,0.0,0,,,,,,,,,,,,,,,,,,,
R0375,여,37,30대,35~39,대학(원)생,대학생,울산,5대광역시,비수도권,0,1,0,0,0,0,0,0,0,1,0,0,0,0,0,아메리카노,기본티,,1,1.0,0.0,0.0,0.0,0.0,1.0,0.0,0.0,0.0,0.0,1.0,1.0,0.0,0.0,0.0,0.0,1.0,1.0,0.0,1,1.0,0.0,0.0,1.0,0.0,0.0,0.0,0.0,0.0,0.0,0.0,0.0,0.0,0.0,0.0,0.0,1.0,0.0,0.0,0,,,,,,,,,,,,,,,,,,,,1,1.0,1.0,0.0,0.0,0.0,0.0,1.0,0.0,0.0,0.0,0.0,0.0,0.0,0.0,0.0,0.0,0.0,0.0,0.0,1,1.0,1.0,0.0,0.0,0.0,0.0,0.0,0.0,0.0,0.0,0.0,0.0,0.0,0.0,0.0,0.0,0.0,0.0,0.0,1,1.0,1.0,0.0,0.0,0.0,0.0,0.0,1.0,0.0,0.0,0.0,0.0,0.0,0.0,0.0,0.0,0.0,0.0,0.0
R0376,여,59,50대,55~59,직장인,사무/기술직,경기,서울외수도권,수도권,0,0,0,0,0,0,0,0,0,0,0,0,1,1,0,얼음갈린티,스무디쉐이크,,0,,,,,,,,,,,,,,,,,,,,0,,,,,,,,,,,,,,,,,,,,0,,,,,,,,,,,,,,,,,,,,1,1.0,1.0,0.0,0.0,0.0,0.0,1.0,0.0,0.0,0.0,0.0,0.0,0.0,0.0,0.0,0.0,0.0,0.0,0.0,0,,,,,,,,,,,,,,,,,,,,0,,,,,,,,,,,,,,,,,,,
R0377,여,26,20대,25~29,직장인,사무/기술직,서울,서울,수도권,0,1,1,0,0,0,1,0,0,0,0,1,1,0,0,얼음갈린티,아메리카노,카페라떼,0,,,,,,,,,,,,,,,,,,,,1,1.0,0.0,0.0,0.0,1.0,1.0,1.0,0.0,0.0,0.0,0.0,0.0,0.0,0.0,0.0,1.0,0.0,0.0,0.0,1,1.0,1.0,0.0,1.0,1.0,0.0,0.0,0.0,0.0,1.0,0.0,0.0,0.0,0.0,0.0,0.0,0.0,0.0,0.0,1,1.0,1.0,0.0,0.0,0.0,0.0,1.0,0.0,1.0,0.0,0.0,0.0,0.0,0.0,0.0,0.0,0.0,0.0,0.0,0,,,,,,,,,,,,,,,,,,,,1,1.0,0.0,0.0,0.0,0.0,0.0,1.0,0.0,0.0,0.0,0.0,0.0,0.0,0.0,0.0,0.0,0.0,0.0,0.0
R0378,여,58,50대,55~59,직장인,사무/기술직,서울,서울,수도권,0,1,1,0,1,0,0,0,0,0,1,0,1,1,0,아메리카노,달콤한티,얼음갈린티,0,,,,,,,,,,,,,,,,,,,,1,1.0,1.0,0.0,1.0,0.0,0.0,1.0,0.0,0.0,0.0,0.0,0.0,0.0,0.0,0.0,0.0,0.0,0.0,0.0,1,1.0,1.0,0.0,0.0,0.0,0.0,1.0,0.0,0.0,0.0,0.0,0.0,0.0,0.0,0.0,0.0,0.0,0.0,0.0,1,1.0,1.0,0.0,0.0,0.0,0.0,0.0,0.0,0.0,0.0,0.0,0.0,0.0,0.0,0.0,0.0,0.0,1.0,0.0,1,1.0,1.0,0.0,0.0,0.0,1.0,0.0,0.0,0.0,0.0,0.0,0.0,0.0,0.0,0.0,0.0,0.0,0.0,0.0,0,,,,,,,,,,,,,,,,,,,
R0379,남,37,30대,35~39,직장인,자영업,경기,서울외수도권,수도권,0,1,1,0,0,1,0,0,0,0,0,0,0,0,0,콜드브루라떼,카페라떼,아메리카노,1,1.0,0.0,0.0,1.0,0.0,0.0,0.0,0.0,0.0,0.0,0.0,0.0,0.0,0.0,0.0,0.0,0.0,0.0,0.0,1,1.0,1.0,1.0,0.0,0.0,0.0,1.0,0.0,0.0,0.0,0.0,0.0,0.0,0.0,0.0,0.0,0.0,0.0,0.0,1,1.0,1.0,0.0,0.0,0.0,0.0,0.0,0.0,0.0,0.0,0.0,0.0,0.0,0.0,0.0,0.0,0.0,0.0,0.0,0,,,,,,,,,,,,,,,,,,,,1,1.0,0.0,0.0,0.0,0.0,0.0,0.0,0.0,0.0,0.0,0.0,1.0,0.0,0.0,0.0,0.0,0.0,0.0,0.0,0,,,,,,,,,,,,,,,,,,,
R0380,여,28,20대,25~29,전업주부,전업주부,전북,기타지역,비수도권,0,1,0,0,0,1,0,1,0,0,0,0,0,0,0,아메리카노,달콤한커피류,콜드브루라떼,1,1.0,1.0,0.0,0.0,0.0,0.0,0.0,0.0,0.0,0.0,0.0,0.0,0.0,0.0,0.0,0.0,1.0,0.0,0.0,0,,,,,,,,,,,,,,,,,,,,0,,,,,,,,,,,,,,,,,,,,0,,,,,,,,,,,,,,,,,,,,1,1.0,1.0,0.0,0.0,0.0,0.0,0.0,0.0,1.0,0.0,0.0,0.0,0.0,0.0,0.0,1.0,0.0,0.0,0.0,1,1.0,1.0,0.0,0.0,0.0,0.0,0.0,0.0,0.0,0.0,0.0,0.0,0.0,0.0,1.0,1.0,1.0,0.0,0.0
R0381,여,49,40대,45~49,전업주부,전업주부,경기,서울외수도권,수도권,0,1,1,1,0,0,0,1,1,0,0,0,1,1,0,달콤한커피류,아메리카노,카페라떼,0,,,,,,,,,,,,,,,,,,,,1,1.0,1.0,0.0,0.0,0.0,0.0,0.0,0.0,1.0,0.0,0.0,1.0,0.0,0.0,0.0,0.0,0.0,0.0,0.0,0,,,,,,,,,,,,,,,,,,,,1,1.0,0.0,0.0,0.0,0.0,0.0,0.0,0.0,0.0,0.0,0.0,0.0,0.0,0.0,0.0,0.0,0.0,0.0,0.0,0,,,,,,,,,,,,,,,,,,,,0,,,,,,,,,,,,,,,,,,,
R0382,여,46,40대,45~49,직장인,사무/기술직,전남,기타지역,비수도권,0,1,1,0,0,1,0,1,0,0,0,1,0,1,0,달콤한커피류,아메리카노,카페라떼,1,1.0,1.0,0.0,0.0,0.0,0.0,0.0,0.0,0.0,1.0,0.0,0.0,0.0,0.0,0.0,0.0,0.0,0.0,0.0,1,1.0,1.0,0.0,1.0,0.0,0.0,0.0,0.0,0.0,0.0,0.0,0.0,0.0,0.0,0.0,0.0,0.0,0.0,0.0,0,,,,,,,,,,,,,,,,,,,,0,,,,,,,,,,,,,,,,,,,,0,,,,,,,,,,,,,,,,,,,,0,,,,,,,,,,,,,,,,,,,
R0383,여,38,30대,35~39,직장인,경영/관리직,서울,서울,수도권,0,1,1,0,0,0,0,1,0,0,1,0,0,1,1,주스에이드,아메리카노,카페라떼,1,1.0,1.0,0.0,0.0,0.0,0.0,0.0,0.0,0.0,0.0,0.0,0.0,0.0,0.0,0.0,0.0,0.0,0.0,0.0,0,,,,,,,,,,,,,,,,,,,,0,,,,,,,,,,,,,,,,,,,,0,,,,,,,,,,,,,,,,,,,,0,,,,,,,,,,,,,,,,,,,,0,,,,,,,,,,,,,,,,,,,
R0384,남,57,50대,55~59,기타직업,경영/관리직,부산,5대광역시,비수도권,0,1,0,0,0,0,0,0,0,0,0,0,0,1,0,아메리카노,스무디쉐이크,,0,,,,,,,,,,,,,,,,,,,,0,,,,,,,,,,,,,,,,,,,,0,,,,,,,,,,,,,,,,,,,,1,1.0,1.0,1.0,0.0,0.0,1.0,0.0,0.0,0.0,1.0,0.0,0.0,0.0,0.0,0.0,0.0,0.0,0.0,0.0,1,1.0,0.0,0.0,0.0,0.0,0.0,0.0,0.0,0.0,1.0,0.0,0.0,0.0,1.0,1.0,0.0,0.0,0.0,0.0,0,,,,,,,,,,,,,,,,,,,
R0385,여,48,40대,45~49,직장인,사무/기술직,대구,5대광역시,비수도권,0,1,1,0,1,0,0,1,0,0,0,0,1,0,1,아메리카노,카페라떼,주스에이드,0,,,,,,,,,,,,,,,,,,,,1,1.0,1.0,0.0,1.0,0.0,1.0,0.0,0.0,0.0,0.0,0.0,0.0,0.0,0.0,0.0,0.0,1.0,1.0,0.0,0,,,,,,,,,,,,,,,,,,,,1,1.0,1.0,0.0,0.0,1.0,1.0,1.0,1.0,1.0,0.0,0.0,0.0,0.0,0.0,0.0,1.0,0.0,0.0,0.0,1,1.0,0.0,0.0,0.0,0.0,0.0,1.0,0.0,0.0,0.0,0.0,0.0,0.0,0.0,0.0,0.0,0.0,1.0,0.0,0,,,,,,,,,,,,,,,,,,,
R0386,여,40,40대,40~44,직장인,사무/기술직,대구,5대광역시,비수도권,0,1,1,0,0,0,0,0,0,0,0,1,0,0,0,아메리카노,카페라떼,과일티에이드,0,,,,,,,,,,,,,,,,,,,,1,1.0,1.0,0.0,1.0,0.0,0.0,0.0,0.0,0.0,0.0,0.0,0.0,0.0,0.0,0.0,0.0,0.0,0.0,0.0,0,,,,,,,,,,,,,,,,,,,,0,,,,,,,,,,,,,,,,,,,,1,1.0,1.0,1.0,1.0,1.0,1.0,0.0,0.0,0.0,0.0,0.0,0.0,0.0,0.0,0.0,0.0,1.0,0.0,0.0,1,1.0,1.0,0.0,1.0,1.0,1.0,0.0,0.0,0.0,0.0,0.0,0.0,0.0,0.0,0.0,0.0,0.0,0.0,0.0
R0387,남,45,40대,45~49,직장인,자영업,서울,서울,수도권,0,0,0,0,0,0,0,0,0,0,0,0,0,1,0,스무디쉐이크,,,1,1.0,1.0,1.0,0.0,0.0,0.0,0.0,0.0,0.0,0.0,0.0,0.0,1.0,0.0,0.0,0.0,0.0,0.0,0.0,0,,,,,,,,,,,,,,,,,,,,1,1.0,0.0,0.0,1.0,0.0,0.0,0.0,0.0,0.0,1.0,1.0,1.0,0.0,0.0,0.0,0.0,0.0,0.0,0.0,0,,,,,,,,,,,,,,,,,,,,1,1.0,1.0,0.0,0.0,0.0,1.0,0.0,0.0,1.0,1.0,0.0,0.0,0.0,0.0,0.0,0.0,0.0,0.0,0.0,1,1.0,1.0,0.0,1.0,1.0,0.0,1.0,0.0,0.0,1.0,1.0,0.0,1.0,0.0,0.0,0.0,0.0,0.0,0.0
R0388,남,52,50대,50~54,대학(원)생,대학생,서울,서울,수도권,0,1,0,0,1,1,0,0,0,0,0,0,0,0,1,아메리카노,주스에이드,콜드브루,0,,,,,,,,,,,,,,,,,,,,1,1.0,0.0,0.0,0.0,0.0,0.0,0.0,0.0,0.0,1.0,0.0,0.0,0.0,0.0,0.0,0.0,0.0,0.0,0.0,0,,,,,,,,,,,,,,,,,,,,0,,,,,,,,,,,,,,,,,,,,0,,,,,,,,,,,,,,,,,,,,1,1.0,0.0,0.0,0.0,0.0,0.0,0.0,0.0,0.0,0.0,0.0,0.0,0.0,0.0,0.0,0.0,0.0,0.0,0.0
R0389,남,52,50대,50~54,기타직업,자영업,대전,5대광역시,비수도권,0,1,0,0,0,0,0,1,0,0,0,0,0,0,1,달콤한커피류,아메리카노,주스에이드,0,,,,,,,,,,,,,,,,,,,,1,1.0,1.0,1.0,1.0,0.0,0.0,0.0,0.0,0.0,0.0,0.0,0.0,0.0,0.0,0.0,0.0,0.0,0.0,0.0,0,,,,,,,,,,,,,,,,,,,,1,1.0,1.0,0.0,1.0,0.0,0.0,0.0,0.0,0.0,1.0,0.0,0.0,0.0,0.0,0.0,0.0,1.0,0.0,0.0,0,,,,,,,,,,,,,,,,,,,,0,,,,,,,,,,,,,,,,,,,
R0390,여,35,30대,35~39,직장인,자영업,서울,서울,수도권,0,1,0,0,0,0,0,1,0,0,0,0,0,1,0,아메리카노,스무디쉐이크,달콤한커피류,0,,,,,,,,,,,,,,,,,,,,0,,,,,,,,,,,,,,,,,,,,0,,,,,,,,,,,,,,,,,,,,0,,,,,,,,,,,,,,,,,,,,0,,,,,,,,,,,,,,,,,,,,0,,,,,,,,,,,,,,,,,,,
R0391,남,28,20대,25~29,직장인,사무/기술직,경북,기타지역,비수도권,0,1,1,0,0,0,0,0,0,0,1,0,0,0,0,아메리카노,카페라떼,달콤한티,0,,,,,,,,,,,,,,,,,,,,1,1.0,1.0,0.0,0.0,0.0,1.0,1.0,0.0,0.0,0.0,0.0,0.0,0.0,0.0,0.0,0.0,0.0,0.0,0.0,0,,,,,,,,,,,,,,,,,,,,0,,,,,,,,,,,,,,,,,,,,1,1.0,0.0,0.0,0.0,1.0,0.0,0.0,0.0,0.0,0.0,0.0,0.0,0.0,0.0,0.0,0.0,0.0,0.0,0.0,0,,,,,,,,,,,,,,,,,,,
R0392,여,43,40대,40~44,대학(원)생,대학생,서울,서울,수도권,0,0,0,0,0,0,0,1,0,1,0,0,0,0,1,달콤한커피류,기본티,주스에이드,1,1.0,0.0,0.0,1.0,1.0,0.0,0.0,0.0,0.0,1.0,0.0,0.0,0.0,0.0,0.0,0.0,0.0,0.0,0.0,0,,,,,,,,,,,,,,,,,,,,0,,,,,,,,,,,,,,,,,,,,0,,,,,,,,,,,,,,,,,,,,1,1.0,0.0,0.0,0.0,1.0,0.0,0.0,0.0,0.0,0.0,0.0,0.0,0.0,0.0,0.0,0.0,0.0,0.0,0.0,0,,,,,,,,,,,,,,,,,,,
R0393,남,35,30대,35~39,직장인,판매/영업 서비스직,서울,서울,수도권,0,1,1,1,0,0,0,0,0,0,0,0,0,0,1,아메리카노,카페라떼,주스에이드,0,,,,,,,,,,,,,,,,,,,,0,,,,,,,,,,,,,,,,,,,,0,,,,,,,,,,,,,,,,,,,,1,1.0,1.0,0.0,0.0,0.0,1.0,0.0,0.0,0.0,0.0,1.0,0.0,0.0,0.0,0.0,1.0,0.0,0.0,0.0,1,1.0,0.0,0.0,0.0,0.0,0.0,0.0,0.0,0.0,0.0,0.0,0.0,1.0,0.0,0.0,0.0,0.0,0.0,0.0,0,,,,,,,,,,,,,,,,,,,
R0394,남,55,50대,55~59,청소년,고등학생,서울,서울,수도권,0,1,1,0,0,0,0,0,0,0,0,1,0,0,1,아메리카노,카페라떼,과일티에이드,1,1.0,1.0,1.0,0.0,0.0,0.0,1.0,0.0,0.0,0.0,0.0,1.0,0.0,0.0,0.0,0.0,1.0,0.0,0.0,0,,,,,,,,,,,,,,,,,,,,0,,,,,,,,,,,,,,,,,,,,0,,,,,,,,,,,,,,,,,,,,0,,,,,,,,,,,,,,,,,,,,1,1.0,1.0,0.0,0.0,0.0,1.0,0.0,0.0,0.0,0.0,0.0,0.0,0.0,0.0,0.0,1.0,0.0,0.0,0.0
R0395,여,57,50대,55~59,직장인,자유/전문직,경기,서울외수도권,수도권,0,1,0,0,0,0,0,1,0,0,1,1,1,0,0,달콤한커피류,아메리카노,달콤한티,1,1.0,1.0,0.0,1.0,0.0,0.0,0.0,0.0,0.0,0.0,0.0,0.0,0.0,0.0,0.0,0.0,1.0,0.0,0.0,0,,,,,,,,,,,,,,,,,,,,1,1.0,0.0,0.0,0.0,0.0,0.0,1.0,0.0,0.0,0.0,0.0,1.0,0.0,0.0,0.0,0.0,0.0,1.0,0.0,1,1.0,1.0,1.0,1.0,0.0,0.0,1.0,0.0,0.0,1.0,0.0,0.0,0.0,0.0,0.0,0.0,0.0,0.0,0.0,1,1.0,1.0,0.0,0.0,0.0,1.0,0.0,0.0,1.0,0.0,0.0,0.0,0.0,0.0,0.0,0.0,0.0,0.0,0.0,0,,,,,,,,,,,,,,,,,,,
R0396,여,55,50대,55~59,직장인,사무/기술직,경기,서울외수도권,수도권,0,1,0,0,0,0,0,1,0,0,0,0,0,0,0,달콤한커피류,아메리카노,,1,1.0,1.0,0.0,0.0,0.0,0.0,0.0,0.0,0.0,0.0,0.0,0.0,0.0,0.0,0.0,0.0,0.0,0.0,0.0,1,1.0,1.0,0.0,1.0,0.0,0.0,0.0,0.0,0.0,0.0,0.0,0.0,0.0,0.0,0.0,0.0,1.0,0.0,0.0,1,1.0,0.0,0.0,1.0,0.0,1.0,0.0,1.0,0.0,0.0,0.0,0.0,0.0,0.0,0.0,0.0,0.0,0.0,0.0,1,1.0,1.0,0.0,0.0,0.0,0.0,0.0,0.0,0.0,0.0,0.0,0.0,0.0,0.0,0.0,0.0,0.0,0.0,0.0,1,1.0,0.0,0.0,1.0,1.0,1.0,0.0,0.0,1.0,0.0,0.0,0.0,0.0,0.0,0.0,1.0,0.0,0.0,0.0,0,,,,,,,,,,,,,,,,,,,
R0397,남,59,50대,55~59,직장인,사무/기술직,경기,서울외수도권,수도권,0,1,1,0,1,0,0,0,0,0,0,1,1,0,0,얼음갈린티,아메리카노,과일티에이드,0,,,,,,,,,,,,,,,,,,,,0,,,,,,,,,,,,,,,,,,,,0,,,,,,,,,,,,,,,,,,,,0,,,,,,,,,,,,,,,,,,,,0,,,,,,,,,,,,,,,,,,,,1,1.0,1.0,0.0,0.0,1.0,0.0,1.0,0.0,0.0,0.0,0.0,0.0,0.0,0.0,0.0,0.0,0.0,1.0,0.0
R0398,남,36,30대,35~39,기타직업,기타,경기,서울외수도권,수도권,0,1,0,0,0,0,0,0,0,0,0,0,0,0,0,아메리카노,,,0,,,,,,,,,,,,,,,,,,,,1,1.0,1.0,1.0,0.0,0.0,1.0,0.0,0.0,0.0,0.0,0.0,0.0,0.0,0.0,0.0,0.0,0.0,0.0,0.0,0,,,,,,,,,,,,,,,,,,,,0,,,,,,,,,,,,,,,,,,,,0,,,,,,,,,,,,,,,,,,,,0,,,,,,,,,,,,,,,,,,,
R0399,여,51,50대,50~54,직장인,사무/기술직,충북,기타지역,비수도권,1,1,0,0,0,0,0,1,0,0,1,1,1,0,1,달콤한티,달콤한커피류,과일티에이드,1,1.0,1.0,0.0,0.0,0.0,1.0,0.0,0.0,0.0,0.0,0.0,1.0,0.0,0.0,1.0,1.0,0.0,0.0,0.0,0,,,,,,,,,,,,,,,,,,,,0,,,,,,,,,,,,,,,,,,,,0,,,,,,,,,,,,,,,,,,,,0,,,,,,,,,,,,,,,,,,,,1,1.0,1.0,0.0,1.0,0.0,0.0,0.0,0.0,0.0,0.0,0.0,0.0,0.0,0.0,0.0,0.0,0.0,0.0,0.0
R0400,여,27,20대,25~29,직장인,사무/기술직,광주,5대광역시,비수도권,0,1,1,0,1,0,0,0,0,0,0,1,1,0,0,아메리카노,과일티에이드,카페라떼,0,,,,,,,,,,,,,,,,,,,,0,,,,,,,,,,,,,,,,,,,,0,,,,,,,,,,,,,,,,,,,,1,1.0,1.0,0.0,0.0,0.0,0.0,0.0,0.0,0.0,0.0,0.0,0.0,0.0,0.0,0.0,0.0,0.0,0.0,0.0,0,,,,,,,,,,,,,,,,,,,,0,,,,,,,,,,,,,,,,,,,
R0401,남,51,50대,50~54,대학(원)생,대학생,부산,5대광역시,비수도권,0,1,0,0,0,0,0,0,0,0,1,0,0,0,0,아메리카노,달콤한티,,1,1.0,1.0,0.0,1.0,1.0,0.0,0.0,0.0,0.0,0.0,0.0,0.0,0.0,0.0,0.0,0.0,0.0,0.0,0.0,0,,,,,,,,,,,,,,,,,,,,0,,,,,,,,,,,,,,,,,,,,0,,,,,,,,,,,,,,,,,,,,0,,,,,,,,,,,,,,,,,,,,0,,,,,,,,,,,,,,,,,,,
R0402,여,44,40대,40~44,직장인,기능/작업직,경기,서울외수도권,수도권,0,0,1,0,0,1,0,1,1,1,0,0,0,0,0,얼음갈린커피,달콤한커피류,카페라떼,1,1.0,1.0,1.0,1.0,1.0,0.0,0.0,0.0,0.0,0.0,0.0,0.0,0.0,0.0,0.0,0.0,0.0,0.0,0.0,0,,,,,,,,,,,,,,,,,,,,0,,,,,,,,,,,,,,,,,,,,0,,,,,,,,,,,,,,,,,,,,0,,,,,,,,,,,,,,,,,,,,0,,,,,,,,,,,,,,,,,,,
R0403,여,41,40대,40~44,기타직업,무직,경기,서울외수도권,수도권,1,1,0,1,0,0,0,0,0,0,0,0,1,1,0,얼음갈린티,아메리카노,스무디쉐이크,1,1.0,1.0,0.0,0.0,0.0,0.0,0.0,0.0,0.0,0.0,0.0,1.0,0.0,0.0,0.0,0.0,1.0,0.0,0.0,0,,,,,,,,,,,,,,,,,,,,1,1.0,1.0,0.0,0.0,0.0,1.0,0.0,0.0,0.0,0.0,0.0,0.0,0.0,0.0,0.0,0.0,0.0,0.0,0.0,1,1.0,0.0,0.0,0.0,1.0,0.0,0.0,0.0,0.0,0.0,0.0,0.0,0.0,0.0,0.0,0.0,0.0,0.0,0.0,0,,,,,,,,,,,,,,,,,,,,0,,,,,,,,,,,,,,,,,,,
R0404,남,29,20대,25~29,대학(원)생,대학생,전북,기타지역,비수도권,0,0,0,1,1,0,0,0,0,0,0,0,0,0,0,콜드브루,카푸치노,,0,,,,,,,,,,,,,,,,,,,,0,,,,,,,,,,,,,,,,,,,,1,1.0,1.0,0.0,0.0,0.0,0.0,1.0,0.0,0.0,0.0,0.0,0.0,0.0,1.0,0.0,0.0,0.0,0.0,0.0,1,1.0,1.0,0.0,1.0,0.0,0.0,0.0,0.0,0.0,1.0,0.0,0.0,0.0,0.0,0.0,0.0,0.0,0.0,0.0,1,1.0,0.0,1.0,0.0,0.0,0.0,0.0,0.0,1.0,0.0,0.0,0.0,0.0,0.0,0.0,0.0,0.0,0.0,0.0,0,,,,,,,,,,,,,,,,,,,
R0405,여,33,30대,30~34,기타직업,기타,광주,5대광역시,비수도권,1,1,0,0,0,0,1,0,0,1,1,0,0,0,0,아메리카노,달콤한티,기본티,0,,,,,,,,,,,,,,,,,,,,0,,,,,,,,,,,,,,,,,,,,0,,,,,,,,,,,,,,,,,,,,0,,,,,,,,,,,,,,,,,,,,1,1.0,1.0,0.0,0.0,0.0,0.0,0.0,0.0,1.0,0.0,0.0,0.0,0.0,0.0,0.0,0.0,0.0,0.0,0.0,0,,,,,,,,,,,,,,,,,,,
R0406,여,40,40대,40~44,직장인,사무/기술직,서울,서울,수도권,0,0,0,0,0,0,1,1,0,1,0,1,0,0,0,달콤한커피류,과일티에이드,기본티,0,,,,,,,,,,,,,,,,,,,,1,1.0,1.0,0.0,0.0,1.0,1.0,0.0,0.0,1.0,0.0,0.0,0.0,0.0,0.0,0.0,1.0,1.0,0.0,0.0,0,,,,,,,,,,,,,,,,,,,,1,1.0,1.0,0.0,1.0,0.0,1.0,0.0,1.0,0.0,0.0,0.0,0.0,0.0,0.0,0.0,0.0,0.0,0.0,0.0,1,1.0,0.0,0.0,0.0,0.0,0.0,0.0,1.0,0.0,0.0,0.0,0.0,0.0,0.0,1.0,0.0,0.0,0.0,0.0,0,,,,,,,,,,,,,,,,,,,
R0407,여,43,40대,40~44,직장인,농/임/어/축산업,충북,기타지역,비수도권,0,0,1,1,0,0,0,0,0,0,0,1,0,0,0,과일티에이드,카페라떼,카푸치노,1,1.0,0.0,0.0,0.0,0.0,0.0,0.0,0.0,0.0,0.0,0.0,0.0,0.0,0.0,1.0,0.0,0.0,0.0,0.0,0,,,,,,,,,,,,,,,,,,,,0,,,,,,,,,,,,,,,,,,,,0,,,,,,,,,,,,,,,,,,,,0,,,,,,,,,,,,,,,,,,,,1,1.0,1.0,1.0,0.0,0.0,1.0,0.0,0.0,1.0,1.0,0.0,0.0,0.0,0.0,0.0,0.0,0.0,0.0,0.0
R0408,남,55,50대,55~59,기타직업,기타,서울,서울,수도권,0,1,0,1,0,1,0,0,0,0,0,0,1,0,0,아메리카노,카푸치노,얼음갈린티,0,,,,,,,,,,,,,,,,,,,,1,1.0,0.0,0.0,1.0,0.0,1.0,1.0,0.0,0.0,0.0,0.0,0.0,0.0,0.0,0.0,0.0,0.0,0.0,0.0,0,,,,,,,,,,,,,,,,,,,,0,,,,,,,,,,,,,,,,,,,,1,1.0,1.0,0.0,0.0,0.0,1.0,0.0,0.0,0.0,0.0,0.0,0.0,0.0,0.0,0.0,0.0,0.0,0.0,0.0,0,,,,,,,,,,,,,,,,,,,
R0409,남,25,20대,25~29,직장인,사무/기술직,서울,서울,수도권,0,1,0,0,0,0,0,0,0,0,1,0,0,0,0,아메리카노,달콤한티,,1,1.0,1.0,0.0,1.0,0.0,1.0,0.0,0.0,0.0,1.0,0.0,1.0,0.0,0.0,0.0,0.0,0.0,0.0,0.0,1,1.0,1.0,1.0,1.0,0.0,1.0,0.0,0.0,0.0,0.0,0.0,0.0,0.0,0.0,0.0,0.0,0.0,0.0,0.0,0,,,,,,,,,,,,,,,,,,,,0,,,,,,,,,,,,,,,,,,,,1,1.0,0.0,0.0,0.0,0.0,0.0,0.0,0.0,0.0,0.0,0.0,0.0,0.0,0.0,0.0,0.0,0.0,0.0,0.0,0,,,,,,,,,,,,,,,,,,,
R0410,여,34,30대,30~34,직장인,사무/기술직,대구,5대광역시,비수도권,0,1,0,1,0,0,0,0,0,0,1,0,0,0,0,아메리카노,달콤한티,카푸치노,0,,,,,,,,,,,,,,,,,,,,0,,,,,,,,,,,,,,,,,,,,0,,,,,,,,,,,,,,,,,,,,0,,,,,,,,,,,,,,,,,,,,1,1.0,0.0,1.0,0.0,0.0,1.0,0.0,0.0,0.0,0.0,0.0,0.0,0.0,0.0,0.0,1.0,1.0,0.0,0.0,0,,,,,,,,,,,,,,,,,,,
R0411,여,29,20대,25~29,기타직업,판매/영업 서비스직,서울,서울,수도권,0,1,0,0,0,0,0,0,0,0,0,1,1,0,1,아메리카노,주스에이드,과일티에이드,0,,,,,,,,,,,,,,,,,,,,1,1.0,0.0,0.0,0.0,1.0,0.0,0.0,0.0,0.0,1.0,0.0,1.0,0.0,0.0,0.0,0.0,0.0,0.0,0.0,0,,,,,,,,,,,,,,,,,,,,0,,,,,,,,,,,,,,,,,,,,0,,,,,,,,,,,,,,,,,,,,0,,,,,,,,,,,,,,,,,,,
R0412,남,55,50대,55~59,직장인,기능/작업직,제주,기타지역,비수도권,0,0,0,1,0,0,0,1,0,0,0,1,0,1,1,달콤한커피류,과일티에이드,카푸치노,0,,,,,,,,,,,,,,,,,,,,1,1.0,1.0,0.0,0.0,0.0,0.0,0.0,0.0,0.0,0.0,0.0,0.0,0.0,0.0,0.0,0.0,0.0,0.0,0.0,0,,,,,,,,,,,,,,,,,,,,0,,,,,,,,,,,,,,,,,,,,0,,,,,,,,,,,,,,,,,,,,1,1.0,1.0,1.0,0.0,0.0,1.0,0.0,0.0,0.0,0.0,0.0,0.0,0.0,0.0,0.0,0.0,0.0,0.0,0.0
R0413,여,55,50대,55~59,직장인,사무/기술직,경기,서울외수도권,수도권,0,1,0,0,1,0,0,0,0,0,1,0,0,1,0,스무디쉐이크,아메리카노,달콤한티,0,,,,,,,,,,,,,,,,,,,,1,1.0,1.0,0.0,0.0,0.0,0.0,0.0,0.0,0.0,0.0,1.0,0.0,0.0,0.0,0.0,0.0,1.0,0.0,0.0,0,,,,,,,,,,,,,,,,,,,,0,,,,,,,,,,,,,,,,,,,,0,,,,,,,,,,,,,,,,,,,,0,,,,,,,,,,,,,,,,,,,
R0414,남,56,50대,55~59,직장인,사무/기술직,충남,기타지역,비수도권,0,1,0,0,0,0,0,1,0,0,0,0,0,0,0,달콤한커피류,아메리카노,,0,,,,,,,,,,,,,,,,,,,,0,,,,,,,,,,,,,,,,,,,,0,,,,,,,,,,,,,,,,,,,,1,1.0,0.0,0.0,0.0,0.0,0.0,0.0,0.0,0.0,0.0,0.0,0.0,0.0,0.0,0.0,0.0,0.0,1.0,0.0,0,,,,,,,,,,,,,,,,,,,,1,1.0,1.0,1.0,0.0,0.0,0.0,1.0,1.0,1.0,0.0,0.0,0.0,0.0,0.0,0.0,0.0,0.0,0.0,0.0
R0415,여,59,50대,55~59,직장인,자유/전문직,서울,서울,수도권,0,1,0,0,0,0,0,0,0,0,0,1,0,1,0,과일티에이드,아메리카노,스무디쉐이크,0,,,,,,,,,,,,,,,,,,,,1,1.0,1.0,0.0,0.0,0.0,0.0,0.0,0.0,0.0,0.0,0.0,0.0,0.0,0.0,0.0,0.0,0.0,0.0,0.0,0,,,,,,,,,,,,,,,,,,,,0,,,,,,,,,,,,,,,,,,,,1,1.0,1.0,1.0,0.0,0.0,1.0,0.0,0.0,0.0,0.0,0.0,0.0,0.0,0.0,0.0,0.0,0.0,0.0,0.0,0,,,,,,,,,,,,,,,,,,,
R0416,여,40,40대,40~44,전업주부,전업주부,전남,기타지역,비수도권,0,1,1,0,0,0,0,1,0,1,0,1,0,0,1,아메리카노,카페라떼,기본티,1,1.0,1.0,0.0,1.0,0.0,1.0,1.0,0.0,0.0,0.0,0.0,0.0,0.0,0.0,0.0,0.0,0.0,0.0,0.0,1,1.0,0.0,0.0,0.0,0.0,0.0,0.0,0.0,0.0,0.0,0.0,0.0,0.0,0.0,0.0,0.0,0.0,0.0,0.0,0,,,,,,,,,,,,,,,,,,,,1,1.0,1.0,1.0,0.0,0.0,1.0,0.0,0.0,0.0,0.0,0.0,0.0,0.0,0.0,0.0,0.0,0.0,0.0,0.0,0,,,,,,,,,,,,,,,,,,,,0,,,,,,,,,,,,,,,,,,,
R0417,남,27,20대,25~29,직장인,자영업,인천,서울외수도권,수도권,0,1,1,0,1,0,0,0,0,0,1,0,1,0,0,아메리카노,콜드브루,카페라떼,1,1.0,0.0,0.0,0.0,1.0,1.0,0.0,0.0,0.0,1.0,0.0,0.0,0.0,0.0,0.0,0.0,0.0,0.0,0.0,1,1.0,0.0,0.0,0.0,0.0,1.0,0.0,0.0,0.0,0.0,0.0,1.0,0.0,0.0,0.0,0.0,1.0,1.0,0.0,0,,,,,,,,,,,,,,,,,,,,1,1.0,0.0,0.0,0.0,0.0,1.0,0.0,0.0,0.0,0.0,0.0,0.0,0.0,0.0,0.0,0.0,0.0,0.0,0.0,1,1.0,0.0,0.0,1.0,0.0,0.0,0.0,0.0,1.0,0.0,0.0,1.0,0.0,0.0,0.0,0.0,0.0,0.0,0.0,0,,,,,,,,,,,,,,,,,,,
R0418,여,22,20대,20~24,직장인,사무/기술직,서울,서울,수도권,0,1,0,0,0,0,0,0,0,0,1,1,0,1,1,아메리카노,과일티에이드,스무디쉐이크,1,1.0,1.0,0.0,0.0,1.0,0.0,0.0,0.0,0.0,1.0,0.0,0.0,0.0,0.0,0.0,0.0,0.0,0.0,0.0,1,1.0,0.0,0.0,0.0,0.0,0.0,0.0,0.0,0.0,0.0,0.0,0.0,0.0,0.0,0.0,0.0,0.0,0.0,0.0,0,,,,,,,,,,,,,,,,,,,,0,,,,,,,,,,,,,,,,,,,,0,,,,,,,,,,,,,,,,,,,,0,,,,,,,,,,,,,,,,,,,
R0419,여,24,20대,20~24,직장인,자유/전문직,경기,서울외수도권,수도권,0,1,1,0,0,0,0,0,1,1,0,0,1,0,1,아메리카노,주스에이드,카페라떼,0,,,,,,,,,,,,,,,,,,,,0,,,,,,,,,,,,,,,,,,,,1,1.0,0.0,0.0,0.0,0.0,0.0,0.0,0.0,1.0,0.0,1.0,0.0,0.0,0.0,0.0,0.0,1.0,0.0,0.0,0,,,,,,,,,,,,,,,,,,,,0,,,,,,,,,,,,,,,,,,,,1,1.0,1.0,0.0,0.0,0.0,0.0,1.0,0.0,0.0,0.0,0.0,0.0,0.0,0.0,0.0,0.0,0.0,0.0,0.0
R0420,여,30,30대,30~34,기타직업,기타,강원,기타지역,비수도권,0,0,1,1,0,0,0,0,1,0,0,1,1,1,0,스무디쉐이크,카페라떼,과일티에이드,0,,,,,,,,,,,,,,,,,,,,1,1.0,1.0,0.0,1.0,0.0,0.0,0.0,0.0,0.0,0.0,0.0,0.0,0.0,0.0,0.0,1.0,0.0,0.0,0.0,0,,,,,,,,,,,,,,,,,,,,0,,,,,,,,,,,,,,,,,,,,0,,,,,,,,,,,,,,,,,,,,0,,,,,,,,,,,,,,,,,,,
R0421,남,25,20대,25~29,직장인,사무/기술직,대구,5대광역시,비수도권,0,0,1,0,0,0,0,1,0,0,0,0,0,0,0,카페라떼,달콤한커피류,,1,1.0,1.0,0.0,1.0,0.0,1.0,0.0,0.0,0.0,0.0,0.0,0.0,0.0,0.0,0.0,0.0,0.0,0.0,1.0,0,,,,,,,,,,,,,,,,,,,,1,1.0,0.0,0.0,0.0,1.0,0.0,1.0,0.0,0.0,0.0,0.0,1.0,0.0,0.0,0.0,0.0,0.0,0.0,0.0,0,,,,,,,,,,,,,,,,,,,,0,,,,,,,,,,,,,,,,,,,,0,,,,,,,,,,,,,,,,,,,
R0422,남,27,20대,25~29,기타직업,경영/관리직,광주,5대광역시,비수도권,1,1,1,0,1,0,0,0,0,0,0,0,0,0,1,콜드브루,아메리카노,주스에이드,0,,,,,,,,,,,,,,,,,,,,1,1.0,1.0,0.0,1.0,1.0,0.0,0.0,1.0,0.0,0.0,0.0,0.0,0.0,0.0,0.0,0.0,0.0,0.0,0.0,1,1.0,1.0,0.0,1.0,1.0,1.0,1.0,0.0,0.0,1.0,0.0,0.0,0.0,0.0,0.0,1.0,0.0,0.0,0.0,1,1.0,1.0,1.0,0.0,0.0,1.0,0.0,0.0,0.0,0.0,0.0,0.0,0.0,0.0,0.0,0.0,0.0,0.0,0.0,0,,,,,,,,,,,,,,,,,,,,0,,,,,,,,,,,,,,,,,,,
R0423,남,33,30대,30~34,직장인,사무/기술직,충남,기타지역,비수도권,0,1,1,0,0,0,0,0,1,0,0,0,0,0,0,아메리카노,카페라떼,얼음갈린커피,1,1.0,0.0,0.0,1.0,0.0,0.0,1.0,0.0,1.0,0.0,0.0,0.0,0.0,0.0,0.0,0.0,0.0,0.0,0.0,0,,,,,,,,,,,,,,,,,,,,0,,,,,,,,,,,,,,,,,,,,0,,,,,,,,,,,,,,,,,,,,1,1.0,1.0,0.0,0.0,0.0,1.0,0.0,0.0,0.0,0.0,0.0,0.0,0.0,0.0,0.0,0.0,0.0,0.0,0.0,0,,,,,,,,,,,,,,,,,,,
R0424,여,38,30대,35~39,대학(원)생,대학생,인천,서울외수도권,수도권,0,1,0,0,0,0,0,1,0,1,1,0,1,0,0,아메리카노,얼음갈린티,달콤한커피류,0,,,,,,,,,,,,,,,,,,,,0,,,,,,,,,,,,,,,,,,,,0,,,,,,,,,,,,,,,,,,,,0,,,,,,,,,,,,,,,,,,,,1,1.0,0.0,0.0,0.0,0.0,0.0,0.0,0.0,0.0,0.0,0.0,0.0,0.0,0.0,0.0,0.0,0.0,0.0,0.0,0,,,,,,,,,,,,,,,,,,,
R0425,여,50,50대,50~54,직장인,사무/기술직,대전,5대광역시,비수도권,0,0,0,0,0,0,1,1,0,1,0,0,1,0,0,달콤한커피류,기본티,드립핸드드립,0,,,,,,,,,,,,,,,,,,,,0,,,,,,,,,,,,,,,,,,,,0,,,,,,,,,,,,,,,,,,,,0,,,,,,,,,,,,,,,,,,,,1,1.0,0.0,0.0,1.0,0.0,1.0,1.0,0.0,1.0,0.0,0.0,0.0,0.0,0.0,0.0,0.0,0.0,0.0,0.0,0,,,,,,,,,,,,,,,,,,,
R0426,여,20,20대,20~24,직장인,사무/기술직,서울,서울,수도권,0,1,1,0,0,0,0,0,0,0,1,0,0,0,0,카페라떼,아메리카노,달콤한티,0,,,,,,,,,,,,,,,,,,,,1,1.0,1.0,1.0,0.0,1.0,0.0,1.0,0.0,0.0,0.0,0.0,0.0,0.0,0.0,0.0,0.0,0.0,0.0,0.0,0,,,,,,,,,,,,,,,,,,,,0,,,,,,,,,,,,,,,,,,,,0,,,,,,,,,,,,,,,,,,,,0,,,,,,,,,,,,,,,,,,,
R0427,여,26,20대,25~29,직장인,농/임/어/축산업,전북,기타지역,비수도권,0,0,1,0,0,0,0,1,0,0,0,1,0,0,0,달콤한커피류,과일티에이드,카페라떼,1,1.0,0.0,0.0,0.0,0.0,0.0,0.0,0.0,0.0,0.0,0.0,1.0,0.0,0.0,0.0,0.0,0.0,0.0,0.0,0,,,,,,,,,,,,,,,,,,,,0,,,,,,,,,,,,,,,,,,,,1,1.0,0.0,0.0,0.0,0.0,0.0,0.0,0.0,0.0,0.0,0.0,0.0,0.0,0.0,0.0,0.0,0.0,0.0,0.0,1,1.0,0.0,0.0,0.0,0.0,0.0,0.0,0.0,1.0,0.0,1.0,0.0,0.0,0.0,0.0,0.0,0.0,1.0,0.0,1,1.0,0.0,1.0,0.0,1.0,1.0,0.0,0.0,0.0,0.0,0.0,0.0,0.0,0.0,0.0,0.0,0.0,0.0,0.0
R0428,남,39,30대,35~39,직장인,경영/관리직,서울,서울,수도권,0,1,0,0,0,0,0,0,0,0,0,0,0,0,1,아메리카노,주스에이드,,1,1.0,1.0,0.0,1.0,0.0,0.0,1.0,0.0,0.0,1.0,0.0,0.0,0.0,0.0,0.0,0.0,0.0,0.0,0.0,0,,,,,,,,,,,,,,,,,,,,0,,,,,,,,,,,,,,,,,,,,0,,,,,,,,,,,,,,,,,,,,1,1.0,1.0,0.0,0.0,0.0,0.0,0.0,0.0,0.0,0.0,0.0,0.0,0.0,0.0,0.0,0.0,0.0,0.0,0.0,1,1.0,1.0,1.0,0.0,0.0,1.0,1.0,0.0,0.0,1.0,0.0,0.0,0.0,0.0,0.0,0.0,0.0,0.0,0.0
R0429,여,42,40대,40~44,직장인,기능/작업직,전북,기타지역,비수도권,0,0,1,1,0,0,1,1,0,0,0,1,0,1,0,카푸치노,달콤한커피류,과일티에이드,1,1.0,0.0,0.0,0.0,1.0,1.0,0.0,0.0,0.0,0.0,0.0,0.0,0.0,0.0,0.0,0.0,0.0,0.0,0.0,0,,,,,,,,,,,,,,,,,,,,0,,,,,,,,,,,,,,,,,,,,0,,,,,,,,,,,,,,,,,,,,0,,,,,,,,,,,,,,,,,,,,1,1.0,1.0,0.0,1.0,0.0,1.0,1.0,0.0,0.0,0.0,0.0,0.0,0.0,0.0,0.0,0.0,0.0,0.0,0.0
R0430,남,27,20대,25~29,전업주부,전업주부,서울,서울,수도권,0,1,0,0,1,0,0,0,0,0,1,0,0,0,0,콜드브루,아메리카노,달콤한티,0,,,,,,,,,,,,,,,,,,,,1,1.0,1.0,0.0,0.0,0.0,0.0,0.0,0.0,0.0,0.0,0.0,0.0,0.0,0.0,1.0,0.0,0.0,0.0,0.0,1,1.0,1.0,0.0,0.0,0.0,1.0,1.0,0.0,0.0,0.0,0.0,0.0,0.0,0.0,0.0,0.0,0.0,0.0,0.0,0,,,,,,,,,,,,,,,,,,,,1,1.0,1.0,0.0,0.0,0.0,1.0,0.0,0.0,0.0,0.0,0.0,0.0,0.0,0.0,0.0,0.0,0.0,0.0,0.0,0,,,,,,,,,,,,,,,,,,,
R0431,남,55,50대,55~59,직장인,자유/전문직,부산,5대광역시,비수도권,0,1,0,0,0,1,0,0,1,0,0,0,0,0,1,아메리카노,주스에이드,얼음갈린커피,0,,,,,,,,,,,,,,,,,,,,0,,,,,,,,,,,,,,,,,,,,0,,,,,,,,,,,,,,,,,,,,1,1.0,1.0,0.0,1.0,0.0,1.0,1.0,0.0,0.0,0.0,0.0,0.0,0.0,0.0,0.0,0.0,0.0,0.0,0.0,1,1.0,1.0,0.0,0.0,0.0,0.0,0.0,0.0,0.0,0.0,0.0,0.0,0.0,0.0,0.0,0.0,0.0,0.0,0.0,0,,,,,,,,,,,,,,,,,,,
R0432,여,45,40대,45~49,직장인,사무/기술직,충남,기타지역,비수도권,0,0,0,0,0,0,0,1,0,0,1,1,0,0,0,과일티에이드,달콤한커피류,달콤한티,0,,,,,,,,,,,,,,,,,,,,0,,,,,,,,,,,,,,,,,,,,1,1.0,0.0,0.0,0.0,1.0,1.0,0.0,0.0,0.0,0.0,1.0,0.0,0.0,0.0,0.0,0.0,0.0,0.0,0.0,0,,,,,,,,,,,,,,,,,,,,0,,,,,,,,,,,,,,,,,,,,1,1.0,1.0,0.0,0.0,0.0,0.0,0.0,0.0,0.0,1.0,0.0,0.0,0.0,0.0,0.0,1.0,0.0,0.0,0.0
R0433,여,26,20대,25~29,직장인,사무/기술직,대구,5대광역시,비수도권,0,0,1,0,0,0,0,0,0,0,0,0,0,0,0,카페라떼,,,0,,,,,,,,,,,,,,,,,,,,0,,,,,,,,,,,,,,,,,,,,0,,,,,,,,,,,,,,,,,,,,1,1.0,1.0,0.0,0.0,0.0,0.0,0.0,0.0,0.0,0.0,0.0,0.0,0.0,0.0,0.0,0.0,0.0,0.0,0.0,1,1.0,1.0,0.0,0.0,0.0,1.0,0.0,0.0,0.0,0.0,0.0,0.0,0.0,0.0,0.0,1.0,0.0,0.0,0.0,1,1.0,1.0,1.0,0.0,0.0,0.0,0.0,0.0,0.0,0.0,1.0,0.0,0.0,0.0,0.0,0.0,0.0,0.0,0.0
R0434,남,55,50대,55~59,전업주부,전업주부,서울,서울,수도권,1,0,1,0,1,0,0,0,1,0,0,0,0,0,1,콜드브루,카페라떼,주스에이드,0,,,,,,,,,,,,,,,,,,,,1,1.0,0.0,1.0,0.0,0.0,1.0,0.0,0.0,0.0,0.0,1.0,0.0,0.0,0.0,0.0,0.0,0.0,0.0,0.0,1,1.0,0.0,0.0,1.0,0.0,0.0,0.0,1.0,0.0,0.0,1.0,0.0,0.0,0.0,0.0,0.0,1.0,0.0,0.0,0,,,,,,,,,,,,,,,,,,,,1,1.0,1.0,0.0,0.0,0.0,0.0,1.0,0.0,0.0,0.0,0.0,0.0,1.0,0.0,0.0,0.0,0.0,0.0,0.0,0,,,,,,,,,,,,,,,,,,,
R0435,남,56,50대,55~59,대학(원)생,대학원생,서울,서울,수도권,0,0,1,0,0,0,0,1,0,0,0,1,1,0,0,달콤한커피류,과일티에이드,카페라떼,1,1.0,1.0,0.0,0.0,0.0,0.0,1.0,0.0,1.0,0.0,0.0,0.0,0.0,0.0,0.0,0.0,0.0,0.0,0.0,1,1.0,0.0,0.0,0.0,0.0,0.0,0.0,0.0,0.0,0.0,1.0,0.0,0.0,0.0,0.0,0.0,0.0,0.0,0.0,1,1.0,0.0,1.0,0.0,1.0,1.0,0.0,0.0,0.0,0.0,0.0,1.0,0.0,0.0,0.0,0.0,0.0,0.0,1.0,0,,,,,,,,,,,,,,,,,,,,0,,,,,,,,,,,,,,,,,,,,0,,,,,,,,,,,,,,,,,,,
R0436,여,46,40대,45~49,직장인,판매/영업 서비스직,서울,서울,수도권,0,1,0,0,0,0,0,0,1,0,0,0,1,1,0,아메리카노,얼음갈린티,스무디쉐이크,0,,,,,,,,,,,,,,,,,,,,0,,,,,,,,,,,,,,,,,,,,1,1.0,1.0,0.0,0.0,1.0,0.0,0.0,0.0,0.0,0.0,0.0,0.0,0.0,0.0,0.0,0.0,0.0,1.0,0.0,1,1.0,1.0,0.0,0.0,0.0,0.0,0.0,1.0,0.0,0.0,0.0,0.0,0.0,0.0,0.0,0.0,0.0,0.0,0.0,1,1.0,0.0,1.0,0.0,0.0,0.0,0.0,1.0,0.0,1.0,0.0,0.0,0.0,0.0,0.0,0.0,0.0,0.0,0.0,1,1.0,1.0,0.0,0.0,0.0,0.0,0.0,0.0,0.0,0.0,0.0,0.0,0.0,0.0,0.0,0.0,0.0,0.0,0.0
R0437,남,50,50대,50~54,직장인,사무/기술직,서울,서울,수도권,0,1,0,0,0,0,1,0,0,0,0,1,0,1,0,아메리카노,스무디쉐이크,과일티에이드,0,,,,,,,,,,,,,,,,,,,,0,,,,,,,,,,,,,,,,,,,,0,,,,,,,,,,,,,,,,,,,,0,,,,,,,,,,,,,,,,,,,,1,1.0,0.0,0.0,0.0,0.0,0.0,0.0,0.0,0.0,0.0,0.0,0.0,0.0,0.0,0.0,0.0,0.0,1.0,0.0,1,1.0,1.0,0.0,0.0,0.0,0.0,1.0,0.0,0.0,0.0,0.0,1.0,0.0,0.0,0.0,0.0,0.0,0.0,0.0
R0438,여,48,40대,45~49,기타직업,무직,강원,기타지역,비수도권,0,0,1,0,0,0,0,1,1,0,1,0,0,0,0,카페라떼,달콤한커피류,얼음갈린커피,0,,,,,,,,,,,,,,,,,,,,0,,,,,,,,,,,,,,,,,,,,1,1.0,1.0,0.0,1.0,0.0,1.0,1.0,0.0,0.0,0.0,0.0,0.0,0.0,0.0,1.0,0.0,0.0,0.0,0.0,0,,,,,,,,,,,,,,,,,,,,0,,,,,,,,,,,,,,,,,,,,0,,,,,,,,,,,,,,,,,,,
R0439,여,26,20대,25~29,기타직업,경영/관리직,경기,서울외수도권,수도권,0,1,0,0,0,0,0,1,0,0,1,0,1,0,0,달콤한커피류,아메리카노,얼음갈린티,1,1.0,1.0,0.0,1.0,0.0,1.0,0.0,0.0,0.0,1.0,0.0,0.0,0.0,0.0,0.0,0.0,1.0,0.0,0.0,0,,,,,,,,,,,,,,,,,,,,0,,,,,,,,,,,,,,,,,,,,1,1.0,1.0,0.0,1.0,0.0,0.0,0.0,0.0,0.0,0.0,0.0,0.0,0.0,0.0,0.0,0.0,1.0,0.0,0.0,1,1.0,0.0,0.0,0.0,0.0,0.0,0.0,0.0,0.0,0.0,0.0,0.0,0.0,0.0,0.0,0.0,0.0,0.0,0.0,0,,,,,,,,,,,,,,,,,,,
R0440,여,21,20대,20~24,전업주부,전업주부,경기,서울외수도권,수도권,0,0,0,1,0,0,0,0,1,0,0,0,0,0,0,얼음갈린커피,카푸치노,,0,,,,,,,,,,,,,,,,,,,,0,,,,,,,,,,,,,,,,,,,,0,,,,,,,,,,,,,,,,,,,,0,,,,,,,,,,,,,,,,,,,,0,,,,,,,,,,,,,,,,,,,,0,,,,,,,,,,,,,,,,,,,
R0441,남,39,30대,35~39,직장인,경영/관리직,부산,5대광역시,비수도권,0,0,0,0,0,0,0,1,0,0,0,0,0,0,0,달콤한커피류,,,0,,,,,,,,,,,,,,,,,,,,1,1.0,1.0,0.0,0.0,1.0,1.0,0.0,0.0,0.0,0.0,1.0,0.0,0.0,0.0,0.0,0.0,0.0,0.0,0.0,1,1.0,0.0,0.0,0.0,0.0,1.0,0.0,0.0,0.0,0.0,0.0,0.0,0.0,0.0,0.0,0.0,0.0,0.0,0.0,1,1.0,0.0,0.0,0.0,0.0,0.0,1.0,0.0,0.0,0.0,0.0,0.0,0.0,0.0,0.0,1.0,0.0,0.0,0.0,0,,,,,,,,,,,,,,,,,,,,0,,,,,,,,,,,,,,,,,,,
R0442,여,30,30대,30~34,기타직업,무직,서울,서울,수도권,0,1,0,0,0,0,0,0,0,0,1,1,0,0,0,아메리카노,과일티에이드,달콤한티,0,,,,,,,,,,,,,,,,,,,,0,,,,,,,,,,,,,,,,,,,,1,1.0,1.0,0.0,0.0,0.0,1.0,0.0,0.0,0.0,1.0,0.0,0.0,0.0,0.0,0.0,1.0,0.0,0.0,0.0,0,,,,,,,,,,,,,,,,,,,,0,,,,,,,,,,,,,,,,,,,,0,,,,,,,,,,,,,,,,,,,
R0443,남,36,30대,35~39,직장인,사무/기술직,경기,서울외수도권,수도권,1,1,1,0,0,0,0,1,0,0,0,0,0,0,1,달콤한커피류,아메리카노,카페라떼,1,1.0,0.0,0.0,1.0,1.0,0.0,1.0,0.0,0.0,0.0,1.0,0.0,0.0,0.0,0.0,0.0,0.0,0.0,0.0,0,,,,,,,,,,,,,,,,,,,,1,1.0,1.0,0.0,0.0,0.0,0.0,0.0,0.0,0.0,0.0,0.0,0.0,1.0,0.0,0.0,0.0,0.0,0.0,0.0,1,1.0,0.0,0.0,0.0,0.0,0.0,0.0,0.0,0.0,0.0,0.0,0.0,0.0,0.0,0.0,0.0,1.0,0.0,0.0,0,,,,,,,,,,,,,,,,,,,,1,1.0,1.0,0.0,1.0,0.0,1.0,1.0,0.0,0.0,0.0,0.0,0.0,0.0,0.0,0.0,0.0,0.0,0.0,0.0
R0444,남,39,30대,35~39,기타직업,기타,대구,5대광역시,비수도권,0,0,1,1,0,0,0,1,0,0,1,1,0,0,0,과일티에이드,카페라떼,달콤한커피류,0,,,,,,,,,,,,,,,,,,,,0,,,,,,,,,,,,,,,,,,,,0,,,,,,,,,,,,,,,,,,,,0,,,,,,,,,,,,,,,,,,,,1,1.0,1.0,0.0,0.0,0.0,1.0,1.0,0.0,0.0,0.0,0.0,0.0,0.0,0.0,0.0,0.0,0.0,0.0,0.0,1,1.0,1.0,0.0,0.0,0.0,1.0,1.0,0.0,0.0,0.0,0.0,0.0,0.0,0.0,0.0,0.0,0.0,0.0,0.0
R0445,남,23,20대,20~24,직장인,사무/기술직,서울,서울,수도권,0,0,0,0,0,0,0,0,0,0,0,1,1,0,1,얼음갈린티,주스에이드,과일티에이드,0,,,,,,,,,,,,,,,,,,,,0,,,,,,,,,,,,,,,,,,,,0,,,,,,,,,,,,,,,,,,,,1,1.0,0.0,0.0,0.0,1.0,0.0,0.0,0.0,1.0,0.0,0.0,0.0,0.0,0.0,0.0,0.0,0.0,0.0,0.0,1,1.0,1.0,0.0,0.0,0.0,0.0,0.0,0.0,0.0,0.0,0.0,1.0,0.0,0.0,0.0,0.0,0.0,0.0,0.0,0,,,,,,,,,,,,,,,,,,,
R0446,남,46,40대,45~49,전업주부,전업주부,경남,기타지역,비수도권,0,1,1,0,0,0,0,0,0,0,0,0,1,0,1,아메리카노,주스에이드,카페라떼,1,1.0,1.0,0.0,1.0,0.0,1.0,0.0,0.0,0.0,0.0,0.0,0.0,0.0,0.0,0.0,1.0,0.0,0.0,1.0,1,1.0,1.0,0.0,0.0,1.0,1.0,0.0,0.0,0.0,0.0,0.0,0.0,0.0,0.0,0.0,0.0,0.0,0.0,0.0,1,1.0,1.0,0.0,0.0,1.0,0.0,0.0,0.0,0.0,0.0,0.0,0.0,0.0,0.0,0.0,0.0,0.0,1.0,0.0,1,1.0,1.0,0.0,0.0,0.0,1.0,0.0,0.0,0.0,0.0,0.0,0.0,0.0,0.0,0.0,0.0,0.0,0.0,0.0,0,,,,,,,,,,,,,,,,,,,,1,1.0,1.0,0.0,0.0,0.0,0.0,0.0,0.0,0.0,0.0,0.0,0.0,0.0,0.0,0.0,0.0,0.0,0.0,0.0
R0447,남,53,50대,50~54,직장인,자유/전문직,제주,기타지역,비수도권,0,0,0,0,1,0,0,0,0,0,0,0,1,0,1,주스에이드,콜드브루,얼음갈린티,0,,,,,,,,,,,,,,,,,,,,0,,,,,,,,,,,,,,,,,,,,0,,,,,,,,,,,,,,,,,,,,0,,,,,,,,,,,,,,,,,,,,1,1.0,1.0,0.0,0.0,0.0,0.0,0.0,0.0,1.0,0.0,0.0,0.0,0.0,0.0,0.0,1.0,1.0,0.0,0.0,0,,,,,,,,,,,,,,,,,,,
R0448,여,54,50대,50~54,전업주부,전업주부,광주,5대광역시,비수도권,0,1,1,1,0,0,0,1,0,0,1,0,1,0,0,달콤한커피류,카페라떼,달콤한티,1,1.0,1.0,0.0,1.0,1.0,1.0,0.0,0.0,0.0,0.0,0.0,0.0,0.0,0.0,0.0,0.0,0.0,0.0,0.0,0,,,,,,,,,,,,,,,,,,,,0,,,,,,,,,,,,,,,,,,,,0,,,,,,,,,,,,,,,,,,,,1,1.0,0.0,0.0,0.0,0.0,1.0,0.0,1.0,0.0,0.0,0.0,0.0,0.0,0.0,0.0,0.0,0.0,0.0,0.0,1,1.0,1.0,1.0,0.0,0.0,0.0,0.0,0.0,0.0,0.0,0.0,0.0,0.0,0.0,0.0,0.0,0.0,0.0,0.0
R0449,남,58,50대,55~59,직장인,사무/기술직,인천,서울외수도권,수도권,0,0,1,0,1,0,0,0,0,0,0,0,0,0,1,카페라떼,콜드브루,주스에이드,0,,,,,,,,,,,,,,,,,,,,1,1.0,1.0,0.0,1.0,1.0,0.0,0.0,0.0,0.0,0.0,0.0,0.0,0.0,0.0,0.0,0.0,0.0,0.0,0.0,0,,,,,,,,,,,,,,,,,,,,0,,,,,,,,,,,,,,,,,,,,0,,,,,,,,,,,,,,,,,,,,0,,,,,,,,,,,,,,,,,,,
R0450,여,51,50대,50~54,직장인,사무/기술직,부산,5대광역시,비수도권,0,1,0,0,0,0,0,1,1,0,0,0,1,1,0,아메리카노,스무디쉐이크,얼음갈린티,1,1.0,1.0,0.0,1.0,0.0,1.0,0.0,0.0,0.0,0.0,0.0,0.0,0.0,0.0,0.0,0.0,0.0,0.0,0.0,0,,,,,,,,,,,,,,,,,,,,0,,,,,,,,,,,,,,,,,,,,1,1.0,1.0,0.0,0.0,0.0,0.0,0.0,0.0,0.0,0.0,0.0,0.0,0.0,0.0,0.0,0.0,1.0,0.0,0.0,0,,,,,,,,,,,,,,,,,,,,0,,,,,,,,,,,,,,,,,,,
R0451,여,58,50대,55~59,직장인,사무/기술직,서울,서울,수도권,0,1,1,0,0,0,0,1,0,0,0,0,0,0,0,아메리카노,카페라떼,달콤한커피류,0,,,,,,,,,,,,,,,,,,,,1,1.0,1.0,0.0,0.0,1.0,0.0,1.0,0.0,0.0,0.0,0.0,0.0,0.0,0.0,0.0,0.0,0.0,0.0,0.0,0,,,,,,,,,,,,,,,,,,,,1,1.0,1.0,0.0,1.0,0.0,1.0,0.0,0.0,1.0,1.0,1.0,0.0,0.0,0.0,0.0,0.0,1.0,1.0,0.0,1,1.0,1.0,0.0,0.0,0.0,0.0,0.0,0.0,0.0,0.0,0.0,0.0,0.0,0.0,0.0,0.0,0.0,0.0,0.0,1,1.0,1.0,0.0,1.0,0.0,0.0,0.0,0.0,0.0,0.0,0.0,0.0,0.0,0.0,1.0,0.0,0.0,0.0,0.0
R0452,남,45,40대,45~49,직장인,사무/기술직,대구,5대광역시,비수도권,1,1,0,1,0,0,1,0,0,0,0,1,0,1,0,아메리카노,과일티에이드,카푸치노,0,,,,,,,,,,,,,,,,,,,,1,1.0,1.0,0.0,0.0,0.0,0.0,0.0,0.0,0.0,0.0,0.0,0.0,0.0,0.0,0.0,0.0,0.0,0.0,0.0,0,,,,,,,,,,,,,,,,,,,,0,,,,,,,,,,,,,,,,,,,,1,1.0,0.0,0.0,0.0,0.0,1.0,0.0,0.0,0.0,0.0,1.0,1.0,0.0,0.0,0.0,0.0,1.0,0.0,0.0,1,1.0,1.0,1.0,0.0,0.0,0.0,0.0,0.0,0.0,0.0,1.0,0.0,0.0,0.0,0.0,0.0,0.0,0.0,0.0
R0453,남,36,30대,35~39,직장인,사무/기술직,인천,서울외수도권,수도권,0,1,0,0,0,0,0,0,0,0,0,0,1,0,0,아메리카노,얼음갈린티,,1,1.0,1.0,0.0,1.0,1.0,0.0,1.0,0.0,0.0,0.0,0.0,0.0,0.0,0.0,0.0,1.0,1.0,0.0,0.0,0,,,,,,,,,,,,,,,,,,,,0,,,,,,,,,,,,,,,,,,,,0,,,,,,,,,,,,,,,,,,,,1,1.0,0.0,0.0,0.0,0.0,1.0,0.0,0.0,0.0,0.0,0.0,0.0,0.0,0.0,1.0,0.0,0.0,0.0,0.0,0,,,,,,,,,,,,,,,,,,,
R0454,여,35,30대,35~39,기타직업,기타,경북,기타지역,비수도권,0,1,0,0,0,1,0,1,0,0,0,0,0,0,0,아메리카노,달콤한커피류,콜드브루라떼,1,1.0,1.0,0.0,0.0,0.0,0.0,1.0,0.0,0.0,0.0,0.0,0.0,0.0,0.0,0.0,0.0,0.0,1.0,0.0,0,,,,,,,,,,,,,,,,,,,,0,,,,,,,,,,,,,,,,,,,,1,1.0,1.0,0.0,0.0,1.0,1.0,1.0,0.0,0.0,0.0,0.0,0.0,0.0,0.0,0.0,0.0,1.0,0.0,0.0,1,1.0,0.0,0.0,0.0,0.0,1.0,0.0,0.0,0.0,0.0,0.0,0.0,0.0,0.0,0.0,0.0,0.0,0.0,0.0,0,,,,,,,,,,,,,,,,,,,
R0455,여,35,30대,35~39,직장인,사무/기술직,경기,서울외수도권,수도권,1,0,0,0,0,0,0,0,1,0,1,0,1,1,0,얼음갈린티,스무디쉐이크,얼음갈린커피,1,1.0,1.0,0.0,0.0,1.0,0.0,0.0,1.0,0.0,0.0,0.0,0.0,0.0,0.0,0.0,0.0,1.0,0.0,0.0,0,,,,,,,,,,,,,,,,,,,,0,,,,,,,,,,,,,,,,,,,,0,,,,,,,,,,,,,,,,,,,,0,,,,,,,,,,,,,,,,,,,,0,,,,,,,,,,,,,,,,,,,
R0456,여,51,50대,50~54,전업주부,전업주부,경기,서울외수도권,수도권,0,0,0,0,0,0,1,0,0,0,0,1,0,0,0,과일티에이드,드립핸드드립,,1,1.0,1.0,0.0,0.0,0.0,0.0,0.0,0.0,0.0,0.0,0.0,0.0,0.0,0.0,0.0,0.0,0.0,0.0,0.0,1,1.0,0.0,0.0,0.0,0.0,0.0,0.0,0.0,0.0,0.0,0.0,0.0,0.0,0.0,0.0,0.0,0.0,0.0,0.0,0,,,,,,,,,,,,,,,,,,,,0,,,,,,,,,,,,,,,,,,,,1,1.0,0.0,0.0,0.0,0.0,0.0,0.0,0.0,0.0,1.0,0.0,0.0,0.0,0.0,0.0,0.0,0.0,0.0,0.0,1,1.0,1.0,1.0,0.0,0.0,0.0,0.0,1.0,0.0,0.0,0.0,0.0,0.0,0.0,0.0,0.0,0.0,0.0,0.0
R0457,여,39,30대,35~39,직장인,자유/전문직,경기,서울외수도권,수도권,0,1,0,0,0,0,1,1,0,0,0,0,1,0,1,달콤한커피류,아메리카노,주스에이드,1,1.0,1.0,1.0,0.0,0.0,0.0,0.0,0.0,0.0,0.0,0.0,0.0,0.0,0.0,0.0,0.0,1.0,0.0,0.0,0,,,,,,,,,,,,,,,,,,,,1,1.0,1.0,0.0,0.0,0.0,0.0,0.0,0.0,0.0,0.0,1.0,0.0,0.0,0.0,0.0,0.0,0.0,0.0,0.0,0,,,,,,,,,,,,,,,,,,,,0,,,,,,,,,,,,,,,,,,,,0,,,,,,,,,,,,,,,,,,,
R0458,여,39,30대,35~39,직장인,경영/관리직,경기,서울외수도권,수도권,0,1,0,0,0,0,0,1,0,0,0,0,0,0,0,아메리카노,달콤한커피류,,1,1.0,1.0,0.0,0.0,1.0,0.0,1.0,0.0,0.0,0.0,0.0,0.0,0.0,0.0,0.0,0.0,0.0,0.0,0.0,1,1.0,1.0,0.0,1.0,1.0,0.0,1.0,0.0,0.0,1.0,0.0,0.0,0.0,0.0,1.0,0.0,0.0,0.0,0.0,1,1.0,0.0,0.0,0.0,1.0,0.0,1.0,0.0,0.0,0.0,0.0,0.0,0.0,0.0,0.0,0.0,0.0,0.0,0.0,0,,,,,,,,,,,,,,,,,,,,1,1.0,0.0,0.0,0.0,0.0,0.0,1.0,0.0,1.0,0.0,1.0,0.0,0.0,0.0,0.0,0.0,0.0,0.0,0.0,1,1.0,1.0,0.0,0.0,0.0,0.0,0.0,0.0,0.0,1.0,0.0,0.0,0.0,0.0,0.0,0.0,0.0,0.0,1.0
R0459,여,32,30대,30~34,기타직업,무직,대구,5대광역시,비수도권,0,1,0,0,0,0,0,1,0,0,0,1,0,0,0,과일티에이드,아메리카노,달콤한커피류,1,1.0,0.0,0.0,0.0,1.0,1.0,0.0,0.0,0.0,0.0,0.0,0.0,1.0,0.0,0.0,1.0,1.0,0.0,0.0,1,1.0,1.0,0.0,1.0,1.0,1.0,0.0,0.0,0.0,0.0,1.0,0.0,0.0,0.0,0.0,0.0,1.0,0.0,0.0,1,1.0,1.0,0.0,0.0,0.0,0.0,1.0,0.0,0.0,0.0,0.0,0.0,0.0,0.0,0.0,0.0,0.0,0.0,0.0,0,,,,,,,,,,,,,,,,,,,,1,1.0,1.0,0.0,0.0,0.0,0.0,1.0,1.0,0.0,0.0,0.0,0.0,0.0,0.0,0.0,0.0,0.0,1.0,0.0,0,,,,,,,,,,,,,,,,,,,
R0460,남,27,20대,25~29,직장인,사무/기술직,서울,서울,수도권,0,0,0,0,1,0,0,1,0,1,1,0,0,0,0,콜드브루,달콤한티,달콤한커피류,1,1.0,0.0,0.0,0.0,1.0,0.0,0.0,0.0,0.0,0.0,0.0,0.0,0.0,0.0,0.0,0.0,0.0,0.0,0.0,0,,,,,,,,,,,,,,,,,,,,0,,,,,,,,,,,,,,,,,,,,1,1.0,1.0,0.0,0.0,0.0,0.0,1.0,0.0,0.0,0.0,0.0,0.0,0.0,0.0,0.0,0.0,0.0,0.0,0.0,0,,,,,,,,,,,,,,,,,,,,0,,,,,,,,,,,,,,,,,,,
R0461,여,58,50대,55~59,기타직업,기타,대전,5대광역시,비수도권,0,1,1,0,0,0,0,0,0,0,0,1,1,0,0,아메리카노,과일티에이드,카페라떼,0,,,,,,,,,,,,,,,,,,,,1,1.0,0.0,0.0,1.0,0.0,1.0,0.0,0.0,0.0,0.0,0.0,0.0,0.0,0.0,0.0,0.0,0.0,0.0,0.0,1,1.0,1.0,0.0,0.0,0.0,1.0,1.0,0.0,0.0,0.0,0.0,0.0,0.0,0.0,0.0,0.0,0.0,0.0,0.0,0,,,,,,,,,,,,,,,,,,,,0,,,,,,,,,,,,,,,,,,,,0,,,,,,,,,,,,,,,,,,,
R0462,여,56,50대,55~59,기타직업,기능/작업직,광주,5대광역시,비수도권,0,0,0,0,0,0,0,0,0,1,0,0,1,1,0,얼음갈린티,기본티,스무디쉐이크,0,,,,,,,,,,,,,,,,,,,,0,,,,,,,,,,,,,,,,,,,,0,,,,,,,,,,,,,,,,,,,,0,,,,,,,,,,,,,,,,,,,,0,,,,,,,,,,,,,,,,,,,,0,,,,,,,,,,,,,,,,,,,
R0463,여,37,30대,35~39,직장인,사무/기술직,대구,5대광역시,비수도권,0,0,0,0,1,0,0,1,0,0,0,0,0,0,0,달콤한커피류,콜드브루,,0,,,,,,,,,,,,,,,,,,,,0,,,,,,,,,,,,,,,,,,,,0,,,,,,,,,,,,,,,,,,,,0,,,,,,,,,,,,,,,,,,,,1,1.0,0.0,0.0,0.0,1.0,0.0,0.0,0.0,0.0,1.0,0.0,0.0,0.0,0.0,0.0,0.0,0.0,0.0,0.0,0,,,,,,,,,,,,,,,,,,,
R0464,여,53,50대,50~54,전업주부,전업주부,강원,기타지역,비수도권,0,0,0,0,0,0,0,1,1,0,1,1,0,0,0,과일티에이드,얼음갈린커피,달콤한커피류,1,1.0,1.0,0.0,0.0,0.0,0.0,0.0,0.0,0.0,1.0,0.0,1.0,0.0,0.0,0.0,0.0,0.0,0.0,1.0,1,1.0,1.0,0.0,0.0,1.0,1.0,0.0,0.0,0.0,0.0,0.0,0.0,0.0,0.0,0.0,0.0,0.0,0.0,1.0,0,,,,,,,,,,,,,,,,,,,,0,,,,,,,,,,,,,,,,,,,,0,,,,,,,,,,,,,,,,,,,,1,1.0,1.0,1.0,0.0,0.0,0.0,0.0,0.0,0.0,1.0,0.0,0.0,0.0,0.0,0.0,0.0,0.0,0.0,0.0
R0465,여,27,20대,25~29,전업주부,전업주부,충북,기타지역,비수도권,0,1,0,0,1,0,0,0,0,0,0,1,1,0,0,아메리카노,얼음갈린티,과일티에이드,0,,,,,,,,,,,,,,,,,,,,0,,,,,,,,,,,,,,,,,,,,0,,,,,,,,,,,,,,,,,,,,1,1.0,1.0,0.0,0.0,1.0,0.0,0.0,0.0,0.0,0.0,0.0,0.0,0.0,0.0,0.0,1.0,1.0,0.0,0.0,0,,,,,,,,,,,,,,,,,,,,1,1.0,1.0,1.0,0.0,0.0,1.0,0.0,0.0,0.0,0.0,0.0,0.0,0.0,0.0,1.0,0.0,0.0,0.0,0.0
R0466,남,57,50대,55~59,대학(원)생,대학생,전북,기타지역,비수도권,1,1,0,0,1,0,1,1,0,0,1,1,0,0,0,과일티에이드,아메리카노,달콤한커피류,0,,,,,,,,,,,,,,,,,,,,1,1.0,1.0,0.0,0.0,0.0,0.0,0.0,0.0,0.0,0.0,0.0,0.0,0.0,0.0,0.0,0.0,0.0,0.0,0.0,0,,,,,,,,,,,,,,,,,,,,0,,,,,,,,,,,,,,,,,,,,0,,,,,,,,,,,,,,,,,,,,0,,,,,,,,,,,,,,,,,,,
R0467,여,59,50대,55~59,직장인,자유/전문직,대전,5대광역시,비수도권,0,1,1,0,0,0,0,1,0,1,0,0,0,0,1,달콤한커피류,아메리카노,카페라떼,0,,,,,,,,,,,,,,,,,,,,0,,,,,,,,,,,,,,,,,,,,1,1.0,0.0,0.0,0.0,0.0,0.0,0.0,0.0,0.0,0.0,1.0,0.0,0.0,0.0,0.0,0.0,0.0,0.0,0.0,0,,,,,,,,,,,,,,,,,,,,1,1.0,1.0,0.0,0.0,0.0,0.0,0.0,0.0,0.0,0.0,0.0,0.0,0.0,0.0,0.0,0.0,0.0,0.0,0.0,1,1.0,1.0,0.0,0.0,0.0,0.0,0.0,0.0,0.0,1.0,0.0,0.0,0.0,0.0,0.0,0.0,0.0,0.0,0.0
R0468,남,33,30대,30~34,직장인,사무/기술직,전남,기타지역,비수도권,0,1,0,0,0,0,0,1,0,0,0,0,0,0,0,달콤한커피류,아메리카노,,0,,,,,,,,,,,,,,,,,,,,0,,,,,,,,,,,,,,,,,,,,1,1.0,0.0,0.0,0.0,0.0,0.0,0.0,0.0,0.0,0.0,0.0,0.0,0.0,0.0,0.0,0.0,0.0,0.0,0.0,0,,,,,,,,,,,,,,,,,,,,1,1.0,1.0,0.0,1.0,0.0,0.0,0.0,0.0,0.0,0.0,0.0,0.0,0.0,0.0,0.0,0.0,0.0,0.0,0.0,0,,,,,,,,,,,,,,,,,,,
R0469,여,52,50대,50~54,직장인,기능/작업직,경기,서울외수도권,수도권,0,0,1,0,0,0,0,1,1,0,0,0,1,0,0,카페라떼,달콤한커피류,얼음갈린티,0,,,,,,,,,,,,,,,,,,,,0,,,,,,,,,,,,,,,,,,,,0,,,,,,,,,,,,,,,,,,,,0,,,,,,,,,,,,,,,,,,,,1,1.0,1.0,0.0,0.0,0.0,0.0,0.0,0.0,0.0,1.0,0.0,0.0,0.0,0.0,0.0,0.0,0.0,0.0,0.0,0,,,,,,,,,,,,,,,,,,,
R0470,남,41,40대,40~44,기타직업,자유/전문직,경기,서울외수도권,수도권,0,1,0,1,0,0,0,0,1,0,0,0,1,1,0,아메리카노,카푸치노,얼음갈린티,0,,,,,,,,,,,,,,,,,,,,0,,,,,,,,,,,,,,,,,,,,0,,,,,,,,,,,,,,,,,,,,1,1.0,1.0,1.0,1.0,0.0,0.0,0.0,0.0,0.0,1.0,0.0,0.0,0.0,0.0,0.0,0.0,0.0,0.0,0.0,1,1.0,0.0,0.0,0.0,0.0,0.0,0.0,0.0,0.0,0.0,1.0,1.0,0.0,0.0,0.0,0.0,0.0,0.0,0.0,1,1.0,0.0,1.0,0.0,0.0,0.0,1.0,0.0,0.0,0.0,0.0,0.0,0.0,0.0,0.0,0.0,0.0,0.0,0.0
R0471,남,48,40대,45~49,기타직업,기타,경남,기타지역,비수도권,0,0,0,0,1,0,0,0,0,0,1,0,0,0,1,주스에이드,달콤한티,콜드브루,1,1.0,1.0,0.0,0.0,1.0,0.0,0.0,0.0,0.0,0.0,0.0,0.0,0.0,0.0,0.0,1.0,0.0,0.0,0.0,1,1.0,0.0,0.0,0.0,0.0,0.0,0.0,0.0,0.0,0.0,0.0,0.0,0.0,0.0,0.0,0.0,0.0,0.0,0.0,0,,,,,,,,,,,,,,,,,,,,0,,,,,,,,,,,,,,,,,,,,1,1.0,0.0,0.0,1.0,0.0,1.0,0.0,0.0,0.0,0.0,0.0,0.0,0.0,0.0,0.0,0.0,0.0,0.0,0.0,1,1.0,1.0,0.0,0.0,0.0,1.0,1.0,0.0,0.0,0.0,0.0,0.0,0.0,0.0,0.0,0.0,0.0,0.0,0.0
R0472,남,42,40대,40~44,전업주부,전업주부,전북,기타지역,비수도권,0,0,0,0,0,0,0,1,0,0,0,0,0,0,0,달콤한커피류,,,0,,,,,,,,,,,,,,,,,,,,0,,,,,,,,,,,,,,,,,,,,1,1.0,0.0,0.0,0.0,0.0,1.0,0.0,0.0,1.0,0.0,0.0,0.0,0.0,0.0,0.0,0.0,0.0,0.0,0.0,1,1.0,0.0,0.0,0.0,0.0,1.0,1.0,0.0,1.0,0.0,0.0,0.0,0.0,0.0,0.0,0.0,0.0,0.0,0.0,1,1.0,0.0,0.0,0.0,0.0,1.0,0.0,0.0,1.0,1.0,0.0,0.0,0.0,1.0,0.0,0.0,0.0,0.0,0.0,0,,,,,,,,,,,,,,,,,,,
R0473,남,57,50대,55~59,기타직업,자유/전문직,전남,기타지역,비수도권,1,1,0,1,0,0,1,0,0,0,0,1,0,1,0,아메리카노,스무디쉐이크,과일티에이드,0,,,,,,,,,,,,,,,,,,,,0,,,,,,,,,,,,,,,,,,,,1,1.0,1.0,1.0,0.0,0.0,0.0,0.0,0.0,1.0,1.0,1.0,0.0,0.0,0.0,0.0,0.0,1.0,0.0,0.0,0,,,,,,,,,,,,,,,,,,,,0,,,,,,,,,,,,,,,,,,,,1,1.0,1.0,0.0,0.0,0.0,0.0,0.0,0.0,0.0,1.0,0.0,1.0,0.0,0.0,0.0,0.0,0.0,1.0,0.0
R0474,여,22,20대,20~24,직장인,자유/전문직,서울,서울,수도권,0,1,0,0,1,0,0,0,1,0,0,0,0,0,1,아메리카노,주스에이드,얼음갈린커피,0,,,,,,,,,,,,,,,,,,,,1,1.0,0.0,0.0,0.0,0.0,0.0,0.0,0.0,0.0,1.0,0.0,0.0,1.0,0.0,0.0,0.0,0.0,0.0,0.0,1,1.0,1.0,0.0,0.0,0.0,0.0,1.0,0.0,0.0,1.0,0.0,0.0,0.0,0.0,0.0,0.0,0.0,0.0,0.0,0,,,,,,,,,,,,,,,,,,,,1,1.0,1.0,0.0,0.0,0.0,0.0,0.0,0.0,0.0,0.0,0.0,0.0,0.0,0.0,0.0,0.0,0.0,0.0,0.0,0,,,,,,,,,,,,,,,,,,,
R0475,남,39,30대,35~39,대학(원)생,대학원생,경기,서울외수도권,수도권,0,1,0,0,0,0,0,1,0,0,0,0,0,0,0,달콤한커피류,아메리카노,,0,,,,,,,,,,,,,,,,,,,,1,1.0,1.0,0.0,0.0,0.0,0.0,0.0,0.0,0.0,0.0,0.0,0.0,0.0,0.0,0.0,0.0,0.0,0.0,0.0,0,,,,,,,,,,,,,,,,,,,,1,1.0,0.0,0.0,1.0,0.0,1.0,0.0,0.0,0.0,0.0,1.0,0.0,0.0,0.0,0.0,0.0,1.0,0.0,0.0,0,,,,,,,,,,,,,,,,,,,,0,,,,,,,,,,,,,,,,,,,
R0476,여,21,20대,20~24,대학(원)생,대학생,전북,기타지역,비수도권,0,1,1,1,0,0,0,0,0,1,1,1,1,0,0,카페라떼,달콤한티,아메리카노,0,,,,,,,,,,,,,,,,,,,,0,,,,,,,,,,,,,,,,,,,,0,,,,,,,,,,,,,,,,,,,,1,1.0,0.0,1.0,0.0,0.0,0.0,0.0,0.0,0.0,0.0,0.0,0.0,0.0,0.0,0.0,0.0,0.0,1.0,0.0,1,1.0,1.0,0.0,0.0,0.0,0.0,0.0,0.0,0.0,0.0,0.0,0.0,0.0,0.0,0.0,0.0,1.0,0.0,0.0,1,1.0,0.0,0.0,1.0,0.0,0.0,0.0,0.0,0.0,0.0,1.0,1.0,0.0,0.0,0.0,0.0,0.0,0.0,0.0
R0477,남,57,50대,55~59,직장인,자영업,경북,기타지역,비수도권,0,1,0,0,0,0,0,0,0,1,0,1,0,0,0,아메리카노,과일티에이드,기본티,0,,,,,,,,,,,,,,,,,,,,0,,,,,,,,,,,,,,,,,,,,0,,,,,,,,,,,,,,,,,,,,1,1.0,1.0,0.0,0.0,0.0,1.0,1.0,0.0,1.0,0.0,0.0,0.0,0.0,0.0,1.0,0.0,0.0,0.0,1.0,1,1.0,1.0,0.0,0.0,0.0,0.0,0.0,0.0,0.0,0.0,0.0,0.0,1.0,0.0,0.0,0.0,0.0,0.0,0.0,0,,,,,,,,,,,,,,,,,,,
R0478,남,57,50대,55~59,기타직업,자영업,충북,기타지역,비수도권,0,1,1,0,0,0,0,0,0,0,0,0,1,0,0,아메리카노,카페라떼,얼음갈린티,1,1.0,1.0,0.0,0.0,0.0,0.0,1.0,0.0,0.0,0.0,1.0,0.0,0.0,0.0,0.0,0.0,0.0,0.0,0.0,1,1.0,1.0,0.0,0.0,0.0,0.0,0.0,1.0,0.0,0.0,0.0,0.0,0.0,0.0,0.0,0.0,1.0,0.0,0.0,1,1.0,1.0,1.0,1.0,0.0,0.0,1.0,0.0,0.0,0.0,0.0,0.0,0.0,0.0,0.0,0.0,0.0,0.0,0.0,1,1.0,0.0,0.0,0.0,0.0,0.0,0.0,0.0,0.0,0.0,1.0,0.0,0.0,0.0,0.0,0.0,1.0,0.0,0.0,0,,,,,,,,,,,,,,,,,,,,1,1.0,1.0,0.0,0.0,0.0,0.0,0.0,0.0,0.0,0.0,0.0,0.0,0.0,0.0,0.0,0.0,0.0,0.0,0.0
R0479,여,55,50대,55~59,직장인,사무/기술직,서울,서울,수도권,0,0,0,0,1,0,0,0,1,0,1,0,0,0,1,얼음갈린커피,콜드브루,주스에이드,0,,,,,,,,,,,,,,,,,,,,0,,,,,,,,,,,,,,,,,,,,1,1.0,1.0,0.0,0.0,1.0,0.0,0.0,0.0,0.0,0.0,0.0,1.0,0.0,0.0,0.0,1.0,1.0,0.0,0.0,0,,,,,,,,,,,,,,,,,,,,1,1.0,0.0,0.0,0.0,0.0,1.0,0.0,0.0,0.0,0.0,0.0,0.0,0.0,0.0,0.0,0.0,0.0,0.0,1.0,0,,,,,,,,,,,,,,,,,,,
R0480,여,45,40대,45~49,직장인,자유/전문직,충남,기타지역,비수도권,0,1,0,0,0,0,0,0,0,1,0,1,0,0,0,과일티에이드,아메리카노,기본티,0,,,,,,,,,,,,,,,,,,,,0,,,,,,,,,,,,,,,,,,,,0,,,,,,,,,,,,,,,,,,,,0,,,,,,,,,,,,,,,,,,,,0,,,,,,,,,,,,,,,,,,,,0,,,,,,,,,,,,,,,,,,,
R0481,남,49,40대,45~49,직장인,사무/기술직,서울,서울,수도권,0,0,1,1,0,0,0,1,0,0,0,0,0,1,0,카페라떼,카푸치노,달콤한커피류,0,,,,,,,,,,,,,,,,,,,,0,,,,,,,,,,,,,,,,,,,,0,,,,,,,,,,,,,,,,,,,,0,,,,,,,,,,,,,,,,,,,,1,1.0,0.0,0.0,0.0,0.0,0.0,0.0,0.0,1.0,0.0,0.0,0.0,0.0,0.0,0.0,0.0,0.0,0.0,0.0,0,,,,,,,,,,,,,,,,,,,
R0482,여,32,30대,30~34,직장인,사무/기술직,경기,서울외수도권,수도권,0,1,0,1,1,0,0,0,0,1,0,0,0,0,1,아메리카노,콜드브루,기본티,1,1.0,0.0,1.0,0.0,0.0,0.0,1.0,1.0,0.0,0.0,0.0,0.0,0.0,0.0,0.0,0.0,0.0,0.0,0.0,1,1.0,1.0,0.0,1.0,1.0,1.0,1.0,0.0,0.0,0.0,0.0,1.0,0.0,0.0,0.0,0.0,0.0,0.0,0.0,1,1.0,1.0,0.0,0.0,0.0,0.0,1.0,0.0,0.0,0.0,0.0,0.0,0.0,0.0,0.0,0.0,0.0,0.0,0.0,1,1.0,1.0,0.0,0.0,0.0,0.0,0.0,0.0,0.0,0.0,0.0,0.0,0.0,0.0,0.0,0.0,0.0,0.0,1.0,1,1.0,0.0,0.0,0.0,0.0,0.0,0.0,0.0,0.0,0.0,0.0,0.0,0.0,0.0,0.0,0.0,0.0,0.0,0.0,1,1.0,1.0,0.0,0.0,1.0,0.0,0.0,0.0,1.0,0.0,0.0,0.0,0.0,0.0,0.0,0.0,0.0,0.0,0.0
R0483,남,39,30대,35~39,직장인,사무/기술직,서울,서울,수도권,0,1,1,1,0,0,0,0,0,0,0,0,0,0,0,카페라떼,아메리카노,카푸치노,1,1.0,0.0,0.0,1.0,0.0,1.0,0.0,0.0,0.0,0.0,0.0,0.0,0.0,0.0,0.0,0.0,0.0,0.0,0.0,1,1.0,1.0,0.0,1.0,0.0,0.0,0.0,0.0,0.0,1.0,1.0,0.0,0.0,0.0,0.0,0.0,0.0,0.0,0.0,0,,,,,,,,,,,,,,,,,,,,0,,,,,,,,,,,,,,,,,,,,0,,,,,,,,,,,,,,,,,,,,0,,,,,,,,,,,,,,,,,,,
R0484,여,51,50대,50~54,직장인,사무/기술직,인천,서울외수도권,수도권,0,0,1,0,0,0,1,0,0,0,0,0,0,1,0,드립핸드드립,카페라떼,스무디쉐이크,1,1.0,1.0,0.0,0.0,0.0,0.0,0.0,1.0,0.0,0.0,0.0,0.0,0.0,0.0,0.0,0.0,1.0,0.0,0.0,0,,,,,,,,,,,,,,,,,,,,1,1.0,1.0,0.0,1.0,0.0,0.0,0.0,0.0,0.0,0.0,0.0,0.0,0.0,0.0,0.0,0.0,0.0,0.0,0.0,1,1.0,1.0,0.0,0.0,0.0,0.0,0.0,0.0,0.0,0.0,0.0,0.0,0.0,0.0,0.0,0.0,0.0,0.0,0.0,0,,,,,,,,,,,,,,,,,,,,0,,,,,,,,,,,,,,,,,,,
R0485,여,36,30대,35~39,기타직업,기타,서울,서울,수도권,0,1,0,0,0,1,0,0,1,0,0,0,0,0,1,얼음갈린커피,아메리카노,주스에이드,1,1.0,1.0,0.0,0.0,0.0,0.0,0.0,0.0,0.0,0.0,0.0,0.0,0.0,0.0,0.0,0.0,0.0,0.0,0.0,1,1.0,0.0,1.0,1.0,0.0,0.0,0.0,0.0,0.0,0.0,0.0,0.0,0.0,0.0,0.0,0.0,0.0,0.0,0.0,1,1.0,0.0,0.0,0.0,0.0,0.0,0.0,0.0,0.0,0.0,0.0,0.0,0.0,0.0,0.0,0.0,0.0,0.0,0.0,0,,,,,,,,,,,,,,,,,,,,0,,,,,,,,,,,,,,,,,,,,0,,,,,,,,,,,,,,,,,,,
R0486,남,31,30대,30~34,기타직업,자영업,대전,5대광역시,비수도권,0,0,0,0,1,0,0,0,0,1,1,0,0,0,1,기본티,주스에이드,콜드브루,0,,,,,,,,,,,,,,,,,,,,1,1.0,1.0,0.0,0.0,0.0,0.0,1.0,0.0,0.0,0.0,0.0,0.0,0.0,0.0,0.0,0.0,1.0,0.0,0.0,0,,,,,,,,,,,,,,,,,,,,0,,,,,,,,,,,,,,,,,,,,1,1.0,1.0,0.0,1.0,0.0,0.0,0.0,0.0,0.0,0.0,0.0,1.0,0.0,0.0,0.0,0.0,0.0,0.0,0.0,1,1.0,1.0,0.0,0.0,0.0,0.0,0.0,1.0,0.0,1.0,0.0,0.0,0.0,0.0,0.0,0.0,0.0,0.0,0.0
R0487,남,57,50대,55~59,직장인,판매/영업 서비스직,경남,기타지역,비수도권,0,1,0,0,1,0,0,0,0,0,0,0,0,1,1,아메리카노,주스에이드,스무디쉐이크,0,,,,,,,,,,,,,,,,,,,,0,,,,,,,,,,,,,,,,,,,,0,,,,,,,,,,,,,,,,,,,,1,1.0,0.0,0.0,0.0,0.0,1.0,1.0,0.0,0.0,0.0,0.0,0.0,0.0,0.0,0.0,0.0,0.0,0.0,0.0,1,1.0,0.0,0.0,1.0,1.0,1.0,1.0,0.0,0.0,0.0,0.0,0.0,0.0,0.0,0.0,0.0,0.0,0.0,0.0,0,,,,,,,,,,,,,,,,,,,
R0488,남,57,50대,55~59,직장인,사무/기술직,경기,서울외수도권,수도권,0,0,0,0,1,0,1,0,0,1,0,0,0,0,0,드립핸드드립,기본티,콜드브루,1,1.0,1.0,1.0,0.0,1.0,0.0,0.0,0.0,0.0,0.0,0.0,0.0,0.0,0.0,0.0,0.0,0.0,0.0,0.0,0,,,,,,,,,,,,,,,,,,,,0,,,,,,,,,,,,,,,,,,,,0,,,,,,,,,,,,,,,,,,,,1,1.0,1.0,0.0,0.0,0.0,1.0,0.0,0.0,0.0,0.0,0.0,0.0,0.0,0.0,0.0,0.0,0.0,0.0,0.0,1,1.0,1.0,0.0,1.0,0.0,0.0,0.0,0.0,0.0,0.0,0.0,0.0,0.0,0.0,0.0,0.0,0.0,0.0,0.0
R0489,남,52,50대,50~54,직장인,사무/기술직,경기,서울외수도권,수도권,0,1,1,0,0,0,0,0,0,0,0,0,0,0,0,아메리카노,카페라떼,,0,,,,,,,,,,,,,,,,,,,,1,1.0,1.0,0.0,0.0,1.0,1.0,0.0,0.0,0.0,0.0,1.0,0.0,0.0,0.0,0.0,0.0,1.0,1.0,0.0,0,,,,,,,,,,,,,,,,,,,,0,,,,,,,,,,,,,,,,,,,,1,1.0,0.0,0.0,0.0,0.0,0.0,0.0,0.0,0.0,0.0,0.0,0.0,0.0,0.0,0.0,0.0,0.0,0.0,0.0,0,,,,,,,,,,,,,,,,,,,
R0490,여,42,40대,40~44,전업주부,전업주부,경기,서울외수도권,수도권,0,1,0,0,0,0,0,0,0,1,0,0,0,0,0,아메리카노,기본티,,0,,,,,,,,,,,,,,,,,,,,0,,,,,,,,,,,,,,,,,,,,1,1.0,1.0,0.0,1.0,0.0,1.0,0.0,0.0,0.0,0.0,0.0,1.0,0.0,0.0,0.0,0.0,0.0,0.0,0.0,0,,,,,,,,,,,,,,,,,,,,0,,,,,,,,,,,,,,,,,,,,1,1.0,0.0,1.0,1.0,0.0,0.0,0.0,0.0,0.0,0.0,0.0,0.0,0.0,0.0,0.0,0.0,0.0,0.0,0.0
R0491,남,44,40대,40~44,직장인,사무/기술직,부산,5대광역시,비수도권,0,0,1,0,0,0,0,1,0,0,0,0,0,0,0,카페라떼,달콤한커피류,,1,1.0,1.0,1.0,0.0,0.0,0.0,0.0,0.0,0.0,0.0,0.0,0.0,0.0,0.0,0.0,0.0,0.0,0.0,0.0,1,1.0,0.0,1.0,1.0,0.0,1.0,0.0,0.0,0.0,1.0,0.0,0.0,0.0,0.0,0.0,0.0,0.0,0.0,0.0,0,,,,,,,,,,,,,,,,,,,,0,,,,,,,,,,,,,,,,,,,,1,1.0,1.0,0.0,0.0,0.0,1.0,1.0,1.0,0.0,1.0,1.0,0.0,0.0,0.0,0.0,0.0,1.0,0.0,0.0,1,1.0,0.0,0.0,0.0,1.0,1.0,0.0,0.0,0.0,0.0,0.0,0.0,0.0,0.0,0.0,0.0,1.0,0.0,0.0
R0492,여,45,40대,45~49,전업주부,전업주부,서울,서울,수도권,0,0,1,0,0,0,0,1,0,0,0,0,0,1,0,달콤한커피류,카페라떼,스무디쉐이크,0,,,,,,,,,,,,,,,,,,,,0,,,,,,,,,,,,,,,,,,,,1,1.0,1.0,0.0,1.0,0.0,1.0,0.0,0.0,0.0,0.0,0.0,0.0,0.0,0.0,0.0,1.0,0.0,0.0,0.0,0,,,,,,,,,,,,,,,,,,,,0,,,,,,,,,,,,,,,,,,,,1,1.0,1.0,0.0,0.0,0.0,1.0,0.0,0.0,0.0,0.0,0.0,1.0,0.0,0.0,0.0,0.0,0.0,0.0,0.0
R0493,여,44,40대,40~44,직장인,사무/기술직,경남,기타지역,비수도권,0,1,0,0,0,1,1,1,0,0,1,0,0,1,0,달콤한커피류,아메리카노,드립핸드드립,0,,,,,,,,,,,,,,,,,,,,0,,,,,,,,,,,,,,,,,,,,0,,,,,,,,,,,,,,,,,,,,1,1.0,1.0,1.0,0.0,1.0,1.0,0.0,0.0,1.0,0.0,0.0,1.0,0.0,0.0,0.0,0.0,0.0,0.0,0.0,0,,,,,,,,,,,,,,,,,,,,0,,,,,,,,,,,,,,,,,,,
R0494,여,36,30대,35~39,대학(원)생,대학생,제주,기타지역,비수도권,0,1,0,0,0,0,1,0,0,1,0,0,0,0,0,아메리카노,기본티,드립핸드드립,1,1.0,1.0,0.0,1.0,0.0,1.0,0.0,0.0,0.0,0.0,0.0,0.0,0.0,0.0,1.0,0.0,0.0,0.0,0.0,0,,,,,,,,,,,,,,,,,,,,1,1.0,1.0,0.0,0.0,0.0,0.0,0.0,0.0,0.0,0.0,1.0,0.0,0.0,0.0,0.0,0.0,0.0,0.0,0.0,0,,,,,,,,,,,,,,,,,,,,0,,,,,,,,,,,,,,,,,,,,1,1.0,0.0,0.0,0.0,0.0,0.0,0.0,0.0,0.0,0.0,0.0,0.0,0.0,0.0,0.0,1.0,0.0,0.0,0.0
R0495,남,53,50대,50~54,직장인,사무/기술직,서울,서울,수도권,0,1,0,0,0,0,1,1,0,0,0,0,0,0,0,아메리카노,달콤한커피류,드립핸드드립,1,1.0,1.0,0.0,1.0,0.0,0.0,0.0,0.0,0.0,1.0,1.0,0.0,0.0,0.0,0.0,0.0,0.0,0.0,0.0,0,,,,,,,,,,,,,,,,,,,,0,,,,,,,,,,,,,,,,,,,,0,,,,,,,,,,,,,,,,,,,,0,,,,,,,,,,,,,,,,,,,,0,,,,,,,,,,,,,,,,,,,
R0496,남,31,30대,30~34,직장인,자영업,경기,서울외수도권,수도권,0,1,0,0,0,0,0,0,1,0,0,0,0,1,0,아메리카노,스무디쉐이크,얼음갈린커피,1,1.0,1.0,0.0,0.0,1.0,1.0,1.0,0.0,0.0,0.0,1.0,0.0,0.0,0.0,0.0,0.0,1.0,0.0,0.0,0,,,,,,,,,,,,,,,,,,,,1,1.0,1.0,0.0,0.0,0.0,1.0,0.0,0.0,0.0,0.0,0.0,0.0,0.0,0.0,0.0,0.0,0.0,0.0,0.0,1,1.0,1.0,0.0,0.0,0.0,0.0,0.0,0.0,1.0,0.0,0.0,0.0,0.0,0.0,0.0,0.0,0.0,0.0,0.0,1,1.0,0.0,0.0,0.0,0.0,0.0,0.0,0.0,0.0,1.0,0.0,0.0,0.0,0.0,0.0,0.0,0.0,0.0,0.0,1,1.0,1.0,0.0,0.0,0.0,0.0,1.0,0.0,0.0,0.0,0.0,0.0,0.0,0.0,0.0,0.0,0.0,0.0,0.0
R0497,남,30,30대,30~34,기타직업,자유/전문직,대전,5대광역시,비수도권,0,1,0,0,0,0,0,1,0,0,0,1,0,0,1,아메리카노,과일티에이드,주스에이드,1,1.0,1.0,0.0,0.0,1.0,1.0,0.0,0.0,0.0,0.0,0.0,0.0,0.0,0.0,0.0,0.0,0.0,0.0,0.0,0,,,,,,,,,,,,,,,,,,,,1,1.0,1.0,1.0,1.0,0.0,0.0,0.0,0.0,0.0,1.0,0.0,0.0,0.0,0.0,0.0,0.0,0.0,0.0,0.0,1,1.0,0.0,0.0,0.0,0.0,0.0,1.0,1.0,1.0,0.0,0.0,0.0,0.0,1.0,0.0,0.0,0.0,0.0,0.0,1,1.0,0.0,0.0,0.0,0.0,0.0,0.0,0.0,0.0,1.0,0.0,0.0,1.0,0.0,0.0,0.0,0.0,0.0,0.0,1,1.0,1.0,0.0,0.0,1.0,0.0,0.0,0.0,0.0,1.0,1.0,0.0,0.0,0.0,0.0,0.0,0.0,0.0,0.0
R0498,남,52,50대,50~54,직장인,사무/기술직,전북,기타지역,비수도권,0,1,0,0,0,0,0,1,0,0,0,0,0,1,0,아메리카노,달콤한커피류,스무디쉐이크,0,,,,,,,,,,,,,,,,,,,,0,,,,,,,,,,,,,,,,,,,,1,1.0,0.0,0.0,1.0,0.0,0.0,0.0,0.0,0.0,0.0,0.0,0.0,0.0,0.0,0.0,0.0,0.0,0.0,0.0,0,,,,,,,,,,,,,,,,,,,,0,,,,,,,,,,,,,,,,,,,,0,,,,,,,,,,,,,,,,,,,
R0499,남,32,30대,30~34,직장인,사무/기술직,경기,서울외수도권,수도권,1,1,0,0,0,0,0,0,0,0,0,1,1,0,1,아메리카노,얼음갈린티,과일티에이드,1,1.0,1.0,0.0,0.0,0.0,0.0,0.0,0.0,0.0,0.0,0.0,0.0,0.0,0.0,0.0,1.0,0.0,0.0,0.0,0,,,,,,,,,,,,,,,,,,,,0,,,,,,,,,,,,,,,,,,,,1,1.0,1.0,0.0,0.0,0.0,0.0,0.0,0.0,0.0,0.0,0.0,0.0,0.0,0.0,0.0,0.0,0.0,0.0,0.0,1,1.0,0.0,0.0,0.0,0.0,0.0,0.0,0.0,0.0,0.0,1.0,0.0,0.0,0.0,0.0,0.0,0.0,0.0,0.0,1,1.0,1.0,1.0,0.0,0.0,0.0,0.0,0.0,0.0,0.0,0.0,0.0,0.0,0.0,0.0,0.0,0.0,0.0,0.0
R0500,여,25,20대,25~29,직장인,사무/기술직,경기,서울외수도권,수도권,1,0,1,0,0,1,0,1,0,0,1,0,0,0,0,달콤한티,카페라떼,달콤한커피류,1,1.0,1.0,0.0,1.0,1.0,0.0,0.0,0.0,0.0,0.0,0.0,0.0,0.0,0.0,0.0,1.0,0.0,0.0,0.0,0,,,,,,,,,,,,,,,,,,,,0,,,,,,,,,,,,,,,,,,,,1,1.0,1.0,1.0,1.0,0.0,1.0,0.0,0.0,0.0,0.0,0.0,0.0,0.0,0.0,0.0,0.0,0.0,0.0,0.0,0,,,,,,,,,,,,,,,,,,,,1,1.0,0.0,1.0,0.0,1.0,0.0,0.0,0.0,1.0,0.0,0.0,0.0,0.0,0.0,0.0,0.0,0.0,0.0,0.0
R0501,여,39,30대,35~39,직장인,자유/전문직,대전,5대광역시,비수도권,0,1,1,0,0,0,0,1,0,1,0,0,0,0,0,달콤한커피류,아메리카노,기본티,0,,,,,,,,,,,,,,,,,,,,0,,,,,,,,,,,,,,,,,,,,1,1.0,1.0,1.0,0.0,1.0,0.0,0.0,0.0,0.0,0.0,0.0,0.0,0.0,0.0,0.0,0.0,0.0,0.0,0.0,0,,,,,,,,,,,,,,,,,,,,0,,,,,,,,,,,,,,,,,,,,0,,,,,,,,,,,,,,,,,,,
R0502,남,58,50대,55~59,기타직업,무직,부산,5대광역시,비수도권,0,1,0,1,0,0,0,0,0,1,0,0,0,0,0,아메리카노,기본티,카푸치노,1,1.0,1.0,1.0,1.0,0.0,0.0,0.0,0.0,0.0,0.0,0.0,0.0,0.0,0.0,0.0,0.0,0.0,0.0,0.0,0,,,,,,,,,,,,,,,,,,,,1,1.0,1.0,0.0,1.0,0.0,0.0,0.0,0.0,0.0,0.0,0.0,0.0,0.0,0.0,0.0,0.0,0.0,1.0,0.0,1,1.0,0.0,0.0,0.0,0.0,0.0,0.0,1.0,0.0,0.0,1.0,0.0,0.0,0.0,0.0,0.0,0.0,0.0,0.0,0,,,,,,,,,,,,,,,,,,,,0,,,,,,,,,,,,,,,,,,,
R0503,남,46,40대,45~49,직장인,판매/영업 서비스직,경기,서울외수도권,수도권,0,0,0,0,0,0,0,0,1,0,0,0,0,0,0,얼음갈린커피,,,1,1.0,0.0,0.0,1.0,0.0,0.0,0.0,0.0,0.0,0.0,0.0,0.0,0.0,0.0,0.0,0.0,0.0,0.0,0.0,0,,,,,,,,,,,,,,,,,,,,0,,,,,,,,,,,,,,,,,,,,1,1.0,0.0,0.0,0.0,0.0,1.0,0.0,0.0,0.0,0.0,0.0,0.0,0.0,0.0,0.0,0.0,0.0,0.0,0.0,1,1.0,0.0,0.0,0.0,0.0,1.0,1.0,0.0,0.0,0.0,0.0,0.0,0.0,0.0,0.0,0.0,0.0,0.0,0.0,0,,,,,,,,,,,,,,,,,,,
R0504,남,53,50대,50~54,전업주부,전업주부,서울,서울,수도권,0,1,1,1,0,0,0,1,0,0,0,0,0,0,0,달콤한커피류,카페라떼,아메리카노,1,1.0,1.0,0.0,1.0,0.0,0.0,0.0,1.0,0.0,0.0,0.0,0.0,0.0,0.0,0.0,0.0,1.0,0.0,0.0,0,,,,,,,,,,,,,,,,,,,,0,,,,,,,,,,,,,,,,,,,,1,1.0,0.0,0.0,0.0,0.0,1.0,0.0,0.0,0.0,0.0,1.0,0.0,0.0,0.0,0.0,0.0,0.0,0.0,0.0,0,,,,,,,,,,,,,,,,,,,,0,,,,,,,,,,,,,,,,,,,
R0505,남,58,50대,55~59,대학(원)생,대학생,경남,기타지역,비수도권,0,1,0,0,0,0,1,0,0,0,0,0,1,0,0,아메리카노,얼음갈린티,드립핸드드립,1,1.0,1.0,0.0,0.0,1.0,0.0,0.0,0.0,0.0,0.0,0.0,0.0,0.0,0.0,0.0,0.0,0.0,0.0,0.0,1,1.0,1.0,1.0,1.0,0.0,0.0,0.0,0.0,0.0,0.0,0.0,0.0,0.0,0.0,0.0,1.0,0.0,0.0,1.0,1,1.0,1.0,0.0,0.0,0.0,0.0,0.0,0.0,0.0,0.0,0.0,1.0,0.0,0.0,0.0,0.0,0.0,0.0,0.0,0,,,,,,,,,,,,,,,,,,,,0,,,,,,,,,,,,,,,,,,,,0,,,,,,,,,,,,,,,,,,,
R0506,여,40,40대,40~44,직장인,사무/기술직,대전,5대광역시,비수도권,0,1,1,0,0,0,0,0,0,0,1,0,0,1,0,카페라떼,스무디쉐이크,아메리카노,0,,,,,,,,,,,,,,,,,,,,1,1.0,1.0,1.0,0.0,1.0,0.0,0.0,0.0,0.0,0.0,0.0,0.0,1.0,0.0,0.0,1.0,0.0,0.0,0.0,1,1.0,0.0,0.0,0.0,1.0,0.0,0.0,0.0,0.0,1.0,0.0,0.0,0.0,0.0,0.0,0.0,0.0,0.0,0.0,0,,,,,,,,,,,,,,,,,,,,1,1.0,0.0,0.0,0.0,1.0,0.0,0.0,1.0,0.0,0.0,0.0,0.0,0.0,0.0,0.0,0.0,0.0,0.0,0.0,1,1.0,1.0,0.0,0.0,0.0,0.0,1.0,0.0,1.0,0.0,1.0,0.0,0.0,0.0,0.0,0.0,0.0,0.0,0.0
R0507,여,38,30대,35~39,직장인,자유/전문직,경남,기타지역,비수도권,0,1,1,0,0,0,0,1,0,0,1,0,1,0,1,카페라떼,달콤한커피류,아메리카노,1,1.0,1.0,0.0,1.0,0.0,0.0,1.0,0.0,0.0,0.0,1.0,0.0,0.0,0.0,0.0,0.0,0.0,0.0,0.0,0,,,,,,,,,,,,,,,,,,,,1,1.0,0.0,1.0,0.0,0.0,1.0,0.0,0.0,0.0,0.0,0.0,0.0,0.0,0.0,0.0,1.0,0.0,0.0,0.0,1,1.0,0.0,0.0,1.0,0.0,0.0,0.0,0.0,0.0,0.0,0.0,0.0,0.0,0.0,0.0,0.0,0.0,0.0,0.0,0,,,,,,,,,,,,,,,,,,,,0,,,,,,,,,,,,,,,,,,,
R0508,남,52,50대,50~54,기타직업,경영/관리직,경기,서울외수도권,수도권,0,1,0,0,1,0,1,1,0,0,0,1,1,0,0,아메리카노,달콤한커피류,드립핸드드립,0,,,,,,,,,,,,,,,,,,,,0,,,,,,,,,,,,,,,,,,,,1,1.0,1.0,0.0,0.0,0.0,0.0,0.0,0.0,0.0,0.0,0.0,0.0,0.0,0.0,0.0,0.0,0.0,1.0,0.0,1,1.0,1.0,0.0,0.0,0.0,0.0,1.0,0.0,0.0,0.0,0.0,0.0,0.0,0.0,0.0,0.0,0.0,1.0,0.0,0,,,,,,,,,,,,,,,,,,,,1,1.0,1.0,1.0,0.0,0.0,0.0,0.0,0.0,0.0,0.0,0.0,1.0,0.0,0.0,1.0,1.0,0.0,0.0,0.0
R0509,남,31,30대,30~34,직장인,사무/기술직,경기,서울외수도권,수도권,0,1,0,1,1,0,0,0,0,0,0,1,0,0,0,아메리카노,과일티에이드,콜드브루,0,,,,,,,,,,,,,,,,,,,,0,,,,,,,,,,,,,,,,,,,,0,,,,,,,,,,,,,,,,,,,,1,1.0,1.0,0.0,0.0,0.0,0.0,0.0,0.0,0.0,1.0,0.0,0.0,0.0,0.0,0.0,0.0,0.0,0.0,0.0,0,,,,,,,,,,,,,,,,,,,,0,,,,,,,,,,,,,,,,,,,
R0510,여,26,20대,25~29,직장인,사무/기술직,경북,기타지역,비수도권,0,1,1,0,0,0,0,1,0,0,0,0,0,1,1,달콤한커피류,아메리카노,카페라떼,1,1.0,0.0,0.0,1.0,0.0,0.0,0.0,1.0,0.0,0.0,0.0,0.0,0.0,0.0,0.0,0.0,0.0,0.0,0.0,0,,,,,,,,,,,,,,,,,,,,0,,,,,,,,,,,,,,,,,,,,0,,,,,,,,,,,,,,,,,,,,0,,,,,,,,,,,,,,,,,,,,1,1.0,1.0,1.0,0.0,0.0,1.0,0.0,0.0,0.0,1.0,0.0,0.0,0.0,0.0,0.0,0.0,0.0,0.0,0.0
R0511,남,38,30대,35~39,직장인,사무/기술직,광주,5대광역시,비수도권,0,1,0,0,0,0,0,1,0,1,0,0,0,0,1,달콤한커피류,기본티,아메리카노,0,,,,,,,,,,,,,,,,,,,,1,1.0,0.0,1.0,0.0,0.0,0.0,0.0,0.0,0.0,0.0,0.0,0.0,0.0,1.0,0.0,0.0,0.0,0.0,0.0,0,,,,,,,,,,,,,,,,,,,,0,,,,,,,,,,,,,,,,,,,,0,,,,,,,,,,,,,,,,,,,,1,1.0,0.0,0.0,0.0,0.0,0.0,0.0,0.0,0.0,0.0,0.0,0.0,0.0,0.0,0.0,1.0,0.0,0.0,0.0
R0512,여,53,50대,50~54,직장인,사무/기술직,서울,서울,수도권,1,1,1,0,0,0,1,1,1,0,0,0,0,0,0,아메리카노,달콤한커피류,카페라떼,1,1.0,0.0,0.0,1.0,0.0,0.0,0.0,0.0,0.0,1.0,0.0,0.0,0.0,0.0,0.0,0.0,0.0,0.0,0.0,0,,,,,,,,,,,,,,,,,,,,1,1.0,0.0,0.0,0.0,1.0,1.0,0.0,0.0,0.0,0.0,0.0,0.0,0.0,0.0,0.0,1.0,0.0,0.0,0.0,1,1.0,1.0,0.0,0.0,0.0,0.0,0.0,0.0,0.0,0.0,0.0,0.0,0.0,0.0,0.0,0.0,0.0,0.0,0.0,1,1.0,1.0,0.0,1.0,0.0,0.0,0.0,0.0,0.0,0.0,0.0,0.0,0.0,0.0,0.0,0.0,0.0,0.0,0.0,0,,,,,,,,,,,,,,,,,,,
R0513,남,58,50대,55~59,전업주부,전업주부,서울,서울,수도권,0,0,1,0,1,0,0,1,0,0,0,0,0,1,1,달콤한커피류,콜드브루,카페라떼,1,1.0,1.0,1.0,1.0,1.0,1.0,0.0,0.0,0.0,0.0,0.0,0.0,0.0,0.0,0.0,0.0,0.0,0.0,0.0,0,,,,,,,,,,,,,,,,,,,,0,,,,,,,,,,,,,,,,,,,,1,1.0,1.0,0.0,0.0,0.0,0.0,0.0,0.0,1.0,0.0,0.0,1.0,1.0,0.0,1.0,0.0,1.0,1.0,0.0,0,,,,,,,,,,,,,,,,,,,,0,,,,,,,,,,,,,,,,,,,
R0514,여,56,50대,55~59,전업주부,전업주부,부산,5대광역시,비수도권,1,0,1,0,0,0,0,0,0,0,0,1,0,0,1,과일티에이드,카페라떼,주스에이드,0,,,,,,,,,,,,,,,,,,,,0,,,,,,,,,,,,,,,,,,,,0,,,,,,,,,,,,,,,,,,,,1,1.0,1.0,0.0,0.0,0.0,0.0,0.0,0.0,0.0,0.0,0.0,0.0,0.0,0.0,0.0,0.0,1.0,0.0,0.0,1,1.0,1.0,0.0,0.0,0.0,1.0,0.0,0.0,0.0,0.0,0.0,0.0,0.0,0.0,0.0,0.0,0.0,0.0,0.0,0,,,,,,,,,,,,,,,,,,,
R0515,여,54,50대,50~54,기타직업,기타,충북,기타지역,비수도권,0,0,0,0,0,0,0,0,0,0,0,0,1,0,0,얼음갈린티,,,1,1.0,0.0,0.0,0.0,0.0,0.0,0.0,0.0,0.0,0.0,0.0,0.0,0.0,0.0,0.0,0.0,0.0,0.0,0.0,0,,,,,,,,,,,,,,,,,,,,1,1.0,1.0,0.0,0.0,0.0,0.0,1.0,0.0,0.0,0.0,0.0,0.0,0.0,0.0,0.0,1.0,0.0,0.0,0.0,0,,,,,,,,,,,,,,,,,,,,1,1.0,0.0,0.0,0.0,0.0,0.0,0.0,0.0,0.0,1.0,0.0,0.0,0.0,0.0,0.0,0.0,0.0,0.0,0.0,0,,,,,,,,,,,,,,,,,,,
R0516,여,51,50대,50~54,직장인,사무/기술직,경기,서울외수도권,수도권,0,0,0,0,0,0,0,1,0,1,0,1,0,1,0,과일티에이드,달콤한커피류,스무디쉐이크,0,,,,,,,,,,,,,,,,,,,,0,,,,,,,,,,,,,,,,,,,,0,,,,,,,,,,,,,,,,,,,,0,,,,,,,,,,,,,,,,,,,,1,1.0,0.0,0.0,1.0,0.0,1.0,0.0,0.0,0.0,0.0,0.0,0.0,0.0,0.0,0.0,0.0,0.0,0.0,0.0,1,1.0,1.0,0.0,1.0,1.0,0.0,1.0,0.0,0.0,0.0,0.0,0.0,0.0,0.0,0.0,0.0,0.0,0.0,0.0
R0517,남,43,40대,40~44,직장인,사무/기술직,인천,서울외수도권,수도권,0,1,1,1,0,0,0,0,0,1,0,0,0,1,0,아메리카노,카페라떼,기본티,1,1.0,1.0,1.0,0.0,1.0,0.0,0.0,0.0,0.0,1.0,0.0,0.0,0.0,0.0,0.0,0.0,0.0,0.0,0.0,0,,,,,,,,,,,,,,,,,,,,1,1.0,1.0,0.0,0.0,0.0,0.0,0.0,0.0,0.0,0.0,0.0,0.0,0.0,0.0,0.0,1.0,0.0,0.0,0.0,0,,,,,,,,,,,,,,,,,,,,1,1.0,0.0,0.0,0.0,0.0,1.0,0.0,1.0,0.0,0.0,0.0,0.0,0.0,0.0,0.0,0.0,0.0,0.0,0.0,1,1.0,1.0,0.0,1.0,0.0,0.0,1.0,0.0,0.0,0.0,0.0,0.0,0.0,0.0,0.0,0.0,0.0,0.0,0.0
R0518,남,23,20대,20~24,직장인,사무/기술직,대전,5대광역시,비수도권,0,1,0,0,0,0,0,1,0,0,0,0,1,0,0,달콤한커피류,아메리카노,얼음갈린티,0,,,,,,,,,,,,,,,,,,,,1,1.0,0.0,0.0,0.0,0.0,1.0,0.0,0.0,0.0,0.0,0.0,1.0,0.0,0.0,0.0,0.0,0.0,0.0,0.0,0,,,,,,,,,,,,,,,,,,,,0,,,,,,,,,,,,,,,,,,,,0,,,,,,,,,,,,,,,,,,,,1,1.0,0.0,0.0,0.0,0.0,0.0,0.0,0.0,0.0,1.0,0.0,0.0,0.0,0.0,0.0,0.0,1.0,0.0,0.0
R0519,여,55,50대,55~59,직장인,사무/기술직,인천,서울외수도권,수도권,0,1,0,0,0,0,0,0,0,0,1,0,0,0,0,아메리카노,달콤한티,,0,,,,,,,,,,,,,,,,,,,,0,,,,,,,,,,,,,,,,,,,,0,,,,,,,,,,,,,,,,,,,,0,,,,,,,,,,,,,,,,,,,,1,1.0,0.0,0.0,0.0,0.0,0.0,0.0,0.0,0.0,0.0,0.0,1.0,0.0,0.0,0.0,0.0,0.0,0.0,0.0,0,,,,,,,,,,,,,,,,,,,
R0520,여,31,30대,30~34,전업주부,전업주부,강원,기타지역,비수도권,0,1,0,0,0,1,0,0,0,0,1,0,0,0,0,아메리카노,달콤한티,콜드브루라떼,0,,,,,,,,,,,,,,,,,,,,1,1.0,1.0,0.0,1.0,1.0,0.0,1.0,0.0,0.0,0.0,0.0,0.0,0.0,0.0,0.0,0.0,1.0,0.0,0.0,1,1.0,1.0,1.0,0.0,0.0,0.0,1.0,0.0,0.0,0.0,0.0,0.0,0.0,0.0,0.0,0.0,1.0,0.0,0.0,1,1.0,0.0,1.0,1.0,0.0,0.0,0.0,0.0,0.0,0.0,0.0,0.0,0.0,0.0,0.0,1.0,0.0,0.0,0.0,0,,,,,,,,,,,,,,,,,,,,0,,,,,,,,,,,,,,,,,,,
R0521,남,52,50대,50~54,직장인,자영업,부산,5대광역시,비수도권,0,1,0,0,0,0,0,0,0,0,0,1,0,0,0,아메리카노,과일티에이드,,1,1.0,1.0,0.0,0.0,0.0,1.0,0.0,0.0,0.0,0.0,1.0,0.0,0.0,0.0,0.0,0.0,0.0,0.0,0.0,0,,,,,,,,,,,,,,,,,,,,1,1.0,0.0,1.0,1.0,0.0,1.0,0.0,0.0,0.0,0.0,1.0,0.0,0.0,0.0,0.0,0.0,0.0,0.0,0.0,1,1.0,1.0,0.0,0.0,0.0,1.0,0.0,0.0,0.0,0.0,0.0,0.0,0.0,0.0,0.0,0.0,0.0,0.0,0.0,1,1.0,1.0,0.0,1.0,0.0,0.0,0.0,0.0,0.0,0.0,0.0,0.0,0.0,0.0,0.0,0.0,0.0,0.0,0.0,0,,,,,,,,,,,,,,,,,,,
R0522,여,45,40대,45~49,전업주부,전업주부,경기,서울외수도권,수도권,1,1,1,0,0,0,0,0,0,0,1,0,0,0,0,카페라떼,아메리카노,달콤한티,0,,,,,,,,,,,,,,,,,,,,1,1.0,1.0,0.0,0.0,0.0,1.0,0.0,0.0,0.0,0.0,0.0,0.0,0.0,0.0,0.0,0.0,0.0,0.0,0.0,0,,,,,,,,,,,,,,,,,,,,0,,,,,,,,,,,,,,,,,,,,0,,,,,,,,,,,,,,,,,,,,1,1.0,0.0,0.0,0.0,0.0,0.0,1.0,0.0,0.0,0.0,1.0,0.0,0.0,0.0,0.0,0.0,0.0,0.0,0.0
R0523,남,42,40대,40~44,직장인,사무/기술직,대구,5대광역시,비수도권,0,1,0,1,1,0,0,1,0,0,0,0,1,0,1,아메리카노,얼음갈린티,달콤한커피류,0,,,,,,,,,,,,,,,,,,,,0,,,,,,,,,,,,,,,,,,,,0,,,,,,,,,,,,,,,,,,,,0,,,,,,,,,,,,,,,,,,,,1,1.0,1.0,0.0,0.0,0.0,1.0,0.0,0.0,0.0,0.0,0.0,1.0,0.0,0.0,0.0,0.0,0.0,0.0,0.0,0,,,,,,,,,,,,,,,,,,,
R0524,여,23,20대,20~24,직장인,경영/관리직,전북,기타지역,비수도권,0,1,1,0,0,0,0,1,0,1,0,0,1,1,0,카페라떼,달콤한커피류,아메리카노,0,,,,,,,,,,,,,,,,,,,,0,,,,,,,,,,,,,,,,,,,,0,,,,,,,,,,,,,,,,,,,,1,1.0,0.0,0.0,1.0,0.0,0.0,0.0,0.0,0.0,0.0,0.0,0.0,0.0,0.0,0.0,1.0,0.0,0.0,0.0,1,1.0,1.0,0.0,0.0,0.0,1.0,0.0,0.0,1.0,1.0,0.0,0.0,0.0,0.0,0.0,0.0,0.0,0.0,0.0,0,,,,,,,,,,,,,,,,,,,
R0525,여,22,20대,20~24,전업주부,전업주부,전북,기타지역,비수도권,0,1,1,0,0,1,0,0,1,1,0,0,0,0,0,아메리카노,카페라떼,기본티,1,1.0,1.0,0.0,0.0,0.0,0.0,0.0,0.0,0.0,0.0,1.0,0.0,0.0,0.0,0.0,0.0,0.0,0.0,0.0,1,1.0,1.0,0.0,1.0,0.0,1.0,0.0,0.0,0.0,0.0,1.0,0.0,0.0,0.0,0.0,0.0,0.0,0.0,0.0,0,,,,,,,,,,,,,,,,,,,,1,1.0,0.0,0.0,1.0,0.0,0.0,0.0,0.0,0.0,0.0,0.0,0.0,0.0,0.0,0.0,0.0,0.0,0.0,0.0,1,1.0,1.0,0.0,0.0,0.0,0.0,0.0,0.0,0.0,0.0,0.0,0.0,0.0,0.0,0.0,0.0,0.0,0.0,0.0,0,,,,,,,,,,,,,,,,,,,
R0526,남,59,50대,55~59,전업주부,전업주부,경북,기타지역,비수도권,0,0,1,1,0,0,0,1,0,0,0,0,0,0,0,카페라떼,카푸치노,달콤한커피류,0,,,,,,,,,,,,,,,,,,,,0,,,,,,,,,,,,,,,,,,,,1,1.0,1.0,0.0,0.0,0.0,0.0,0.0,0.0,0.0,0.0,0.0,0.0,0.0,0.0,0.0,0.0,1.0,0.0,0.0,1,1.0,1.0,0.0,0.0,0.0,0.0,0.0,1.0,0.0,0.0,0.0,0.0,0.0,0.0,0.0,0.0,0.0,0.0,0.0,0,,,,,,,,,,,,,,,,,,,,1,1.0,0.0,0.0,1.0,0.0,1.0,0.0,0.0,0.0,0.0,0.0,0.0,0.0,0.0,0.0,0.0,0.0,0.0,0.0
R0527,여,29,20대,25~29,직장인,사무/기술직,제주,기타지역,비수도권,0,1,1,0,0,0,0,0,0,0,1,0,0,0,0,아메리카노,카페라떼,달콤한티,0,,,,,,,,,,,,,,,,,,,,0,,,,,,,,,,,,,,,,,,,,0,,,,,,,,,,,,,,,,,,,,0,,,,,,,,,,,,,,,,,,,,1,1.0,0.0,0.0,0.0,0.0,1.0,0.0,0.0,0.0,0.0,0.0,0.0,0.0,0.0,0.0,0.0,0.0,0.0,0.0,1,1.0,1.0,0.0,1.0,0.0,0.0,0.0,0.0,0.0,0.0,1.0,1.0,0.0,0.0,1.0,0.0,0.0,0.0,0.0
R0528,여,53,50대,50~54,기타직업,기능/작업직,충북,기타지역,비수도권,0,1,1,0,1,0,0,1,1,0,0,0,0,0,0,달콤한커피류,아메리카노,콜드브루,0,,,,,,,,,,,,,,,,,,,,1,1.0,0.0,1.0,0.0,0.0,0.0,1.0,0.0,0.0,0.0,0.0,0.0,0.0,0.0,0.0,0.0,0.0,0.0,0.0,0,,,,,,,,,,,,,,,,,,,,1,1.0,1.0,0.0,0.0,0.0,1.0,0.0,1.0,1.0,0.0,0.0,0.0,0.0,0.0,1.0,0.0,0.0,0.0,0.0,0,,,,,,,,,,,,,,,,,,,,0,,,,,,,,,,,,,,,,,,,
R0529,여,59,50대,55~59,직장인,사무/기술직,경북,기타지역,비수도권,0,1,0,0,0,0,0,1,0,1,0,0,0,0,0,아메리카노,달콤한커피류,기본티,1,1.0,1.0,0.0,0.0,1.0,0.0,0.0,0.0,0.0,0.0,0.0,0.0,0.0,0.0,1.0,0.0,0.0,0.0,0.0,0,,,,,,,,,,,,,,,,,,,,0,,,,,,,,,,,,,,,,,,,,0,,,,,,,,,,,,,,,,,,,,1,1.0,1.0,0.0,0.0,0.0,1.0,1.0,1.0,0.0,0.0,0.0,0.0,0.0,1.0,0.0,0.0,0.0,0.0,0.0,0,,,,,,,,,,,,,,,,,,,
R0530,여,46,40대,45~49,직장인,사무/기술직,경기,서울외수도권,수도권,0,1,1,0,0,0,0,0,0,0,0,0,0,0,1,카페라떼,주스에이드,아메리카노,0,,,,,,,,,,,,,,,,,,,,1,1.0,0.0,1.0,0.0,1.0,1.0,1.0,0.0,0.0,0.0,0.0,0.0,0.0,0.0,0.0,0.0,0.0,0.0,0.0,0,,,,,,,,,,,,,,,,,,,,0,,,,,,,,,,,,,,,,,,,,0,,,,,,,,,,,,,,,,,,,,0,,,,,,,,,,,,,,,,,,,
R0531,여,44,40대,40~44,직장인,사무/기술직,광주,5대광역시,비수도권,0,1,0,0,0,0,0,0,0,0,0,0,0,1,0,아메리카노,스무디쉐이크,,0,,,,,,,,,,,,,,,,,,,,1,1.0,1.0,0.0,0.0,0.0,1.0,0.0,0.0,0.0,1.0,0.0,0.0,0.0,0.0,0.0,0.0,0.0,0.0,0.0,1,1.0,1.0,0.0,0.0,0.0,0.0,0.0,0.0,0.0,0.0,0.0,0.0,0.0,0.0,0.0,0.0,0.0,0.0,0.0,1,1.0,1.0,0.0,0.0,0.0,0.0,0.0,0.0,0.0,1.0,0.0,0.0,0.0,0.0,0.0,0.0,0.0,0.0,0.0,0,,,,,,,,,,,,,,,,,,,,1,1.0,1.0,0.0,0.0,0.0,1.0,1.0,0.0,0.0,0.0,0.0,0.0,0.0,0.0,0.0,0.0,0.0,0.0,0.0
R0532,남,50,50대,50~54,전업주부,전업주부,충북,기타지역,비수도권,0,0,1,0,0,0,0,1,0,0,0,0,0,0,0,달콤한커피류,카페라떼,,0,,,,,,,,,,,,,,,,,,,,0,,,,,,,,,,,,,,,,,,,,1,1.0,1.0,1.0,0.0,0.0,0.0,0.0,0.0,0.0,0.0,0.0,0.0,0.0,0.0,0.0,1.0,0.0,0.0,0.0,1,1.0,1.0,0.0,0.0,1.0,0.0,0.0,0.0,0.0,0.0,0.0,0.0,0.0,0.0,0.0,0.0,0.0,0.0,0.0,1,1.0,1.0,0.0,0.0,0.0,0.0,0.0,0.0,0.0,1.0,0.0,0.0,0.0,0.0,1.0,0.0,0.0,0.0,0.0,1,1.0,1.0,0.0,0.0,0.0,0.0,0.0,0.0,0.0,0.0,0.0,1.0,0.0,0.0,0.0,0.0,0.0,0.0,0.0
R0533,남,24,20대,20~24,직장인,판매/영업 서비스직,경기,서울외수도권,수도권,0,0,1,0,1,0,1,1,0,0,0,0,0,0,0,달콤한커피류,카페라떼,콜드브루,0,,,,,,,,,,,,,,,,,,,,1,1.0,1.0,1.0,0.0,0.0,1.0,0.0,0.0,0.0,0.0,0.0,0.0,0.0,0.0,0.0,1.0,0.0,0.0,0.0,0,,,,,,,,,,,,,,,,,,,,0,,,,,,,,,,,,,,,,,,,,1,1.0,0.0,0.0,0.0,0.0,1.0,0.0,0.0,0.0,0.0,0.0,0.0,0.0,0.0,0.0,0.0,0.0,0.0,0.0,1,1.0,1.0,0.0,0.0,0.0,0.0,1.0,0.0,0.0,0.0,1.0,0.0,1.0,0.0,0.0,0.0,0.0,0.0,0.0
R0534,남,53,50대,50~54,직장인,사무/기술직,서울,서울,수도권,0,1,1,0,1,0,0,1,0,0,0,0,0,0,0,달콤한커피류,카페라떼,아메리카노,0,,,,,,,,,,,,,,,,,,,,0,,,,,,,,,,,,,,,,,,,,0,,,,,,,,,,,,,,,,,,,,0,,,,,,,,,,,,,,,,,,,,0,,,,,,,,,,,,,,,,,,,,0,,,,,,,,,,,,,,,,,,,
R0535,여,26,20대,25~29,직장인,사무/기술직,서울,서울,수도권,0,1,0,0,1,1,0,0,0,0,0,0,0,1,0,아메리카노,콜드브루라떼,콜드브루,1,1.0,0.0,1.0,0.0,0.0,0.0,1.0,0.0,0.0,0.0,0.0,0.0,0.0,0.0,0.0,0.0,0.0,0.0,0.0,0,,,,,,,,,,,,,,,,,,,,0,,,,,,,,,,,,,,,,,,,,1,1.0,1.0,0.0,0.0,0.0,0.0,0.0,1.0,0.0,1.0,0.0,0.0,0.0,0.0,0.0,0.0,0.0,0.0,0.0,1,1.0,1.0,1.0,0.0,0.0,0.0,1.0,0.0,1.0,0.0,1.0,1.0,0.0,0.0,0.0,0.0,0.0,0.0,0.0,0,,,,,,,,,,,,,,,,,,,
R0536,여,52,50대,50~54,기타직업,경영/관리직,전북,기타지역,비수도권,0,0,0,0,0,0,0,1,1,1,1,1,0,0,0,달콤한커피류,과일티에이드,기본티,0,,,,,,,,,,,,,,,,,,,,0,,,,,,,,,,,,,,,,,,,,1,1.0,1.0,0.0,1.0,0.0,1.0,0.0,0.0,0.0,1.0,0.0,0.0,0.0,0.0,0.0,0.0,0.0,0.0,0.0,0,,,,,,,,,,,,,,,,,,,,0,,,,,,,,,,,,,,,,,,,,0,,,,,,,,,,,,,,,,,,,
R0537,남,57,50대,55~59,직장인,사무/기술직,서울,서울,수도권,0,1,0,0,0,0,1,0,0,0,0,0,0,1,0,아메리카노,스무디쉐이크,드립핸드드립,0,,,,,,,,,,,,,,,,,,,,1,1.0,0.0,1.0,0.0,0.0,0.0,0.0,0.0,0.0,0.0,0.0,0.0,0.0,0.0,0.0,0.0,0.0,0.0,0.0,0,,,,,,,,,,,,,,,,,,,,1,1.0,0.0,0.0,0.0,0.0,0.0,1.0,0.0,0.0,0.0,0.0,0.0,0.0,0.0,0.0,0.0,1.0,0.0,0.0,0,,,,,,,,,,,,,,,,,,,,0,,,,,,,,,,,,,,,,,,,
R0538,남,32,30대,30~34,직장인,자영업,경기,서울외수도권,수도권,0,0,0,0,0,0,0,0,1,0,0,1,0,0,0,얼음갈린커피,과일티에이드,,0,,,,,,,,,,,,,,,,,,,,1,1.0,0.0,0.0,1.0,1.0,0.0,0.0,0.0,0.0,0.0,0.0,0.0,0.0,0.0,0.0,0.0,1.0,0.0,0.0,0,,,,,,,,,,,,,,,,,,,,0,,,,,,,,,,,,,,,,,,,,1,1.0,1.0,0.0,0.0,0.0,0.0,0.0,1.0,0.0,0.0,0.0,0.0,0.0,0.0,0.0,0.0,0.0,0.0,0.0,1,1.0,0.0,0.0,0.0,0.0,1.0,1.0,0.0,1.0,0.0,0.0,0.0,0.0,0.0,0.0,0.0,0.0,0.0,0.0
R0539,남,38,30대,35~39,직장인,기능/작업직,서울,서울,수도권,0,0,0,0,0,0,0,1,0,0,0,0,1,0,0,달콤한커피류,얼음갈린티,,0,,,,,,,,,,,,,,,,,,,,0,,,,,,,,,,,,,,,,,,,,0,,,,,,,,,,,,,,,,,,,,0,,,,,,,,,,,,,,,,,,,,1,1.0,0.0,0.0,0.0,0.0,0.0,0.0,0.0,0.0,0.0,0.0,0.0,0.0,0.0,0.0,0.0,0.0,0.0,0.0,1,1.0,1.0,0.0,1.0,0.0,1.0,1.0,0.0,0.0,0.0,0.0,0.0,0.0,0.0,0.0,1.0,1.0,0.0,0.0
R0540,남,51,50대,50~54,직장인,기능/작업직,부산,5대광역시,비수도권,0,1,0,0,0,0,0,0,0,1,0,0,0,0,0,아메리카노,기본티,,0,,,,,,,,,,,,,,,,,,,,1,1.0,0.0,0.0,1.0,1.0,0.0,1.0,0.0,0.0,0.0,0.0,0.0,0.0,0.0,0.0,0.0,0.0,1.0,0.0,1,1.0,1.0,0.0,0.0,0.0,0.0,0.0,0.0,0.0,1.0,0.0,0.0,0.0,0.0,0.0,0.0,0.0,0.0,0.0,0,,,,,,,,,,,,,,,,,,,,0,,,,,,,,,,,,,,,,,,,,0,,,,,,,,,,,,,,,,,,,
R0541,여,55,50대,55~59,직장인,사무/기술직,부산,5대광역시,비수도권,0,1,0,0,0,0,0,0,0,0,0,1,1,0,0,아메리카노,과일티에이드,얼음갈린티,1,1.0,1.0,0.0,0.0,0.0,0.0,0.0,0.0,0.0,0.0,1.0,0.0,0.0,0.0,0.0,0.0,0.0,0.0,0.0,1,1.0,0.0,0.0,1.0,0.0,0.0,0.0,0.0,0.0,0.0,0.0,0.0,0.0,0.0,0.0,0.0,0.0,0.0,0.0,0,,,,,,,,,,,,,,,,,,,,1,1.0,1.0,0.0,1.0,0.0,0.0,1.0,0.0,0.0,0.0,0.0,0.0,0.0,0.0,0.0,0.0,0.0,0.0,0.0,1,1.0,1.0,0.0,0.0,0.0,0.0,0.0,0.0,0.0,0.0,0.0,1.0,0.0,0.0,0.0,0.0,0.0,0.0,0.0,1,1.0,1.0,0.0,0.0,0.0,0.0,0.0,0.0,0.0,0.0,0.0,0.0,0.0,0.0,0.0,0.0,0.0,0.0,0.0
R0542,남,55,50대,55~59,직장인,자영업,대구,5대광역시,비수도권,0,1,0,0,0,0,1,1,0,0,0,0,0,0,0,아메리카노,달콤한커피류,드립핸드드립,0,,,,,,,,,,,,,,,,,,,,1,1.0,0.0,0.0,0.0,1.0,0.0,1.0,0.0,0.0,0.0,0.0,0.0,0.0,0.0,0.0,0.0,0.0,0.0,0.0,0,,,,,,,,,,,,,,,,,,,,1,1.0,0.0,0.0,0.0,0.0,0.0,1.0,0.0,0.0,0.0,0.0,0.0,0.0,0.0,0.0,1.0,0.0,0.0,0.0,1,1.0,0.0,0.0,0.0,0.0,0.0,0.0,0.0,0.0,0.0,0.0,0.0,0.0,0.0,0.0,1.0,0.0,0.0,0.0,0,,,,,,,,,,,,,,,,,,,
R0543,남,29,20대,25~29,직장인,기능/작업직,전북,기타지역,비수도권,0,0,0,0,0,0,0,0,1,0,0,0,0,0,0,얼음갈린커피,,,1,1.0,1.0,0.0,1.0,1.0,1.0,0.0,0.0,0.0,0.0,0.0,0.0,0.0,0.0,0.0,0.0,0.0,0.0,0.0,0,,,,,,,,,,,,,,,,,,,,0,,,,,,,,,,,,,,,,,,,,1,1.0,1.0,1.0,0.0,0.0,1.0,0.0,0.0,0.0,0.0,0.0,0.0,0.0,0.0,0.0,0.0,1.0,0.0,0.0,1,1.0,1.0,0.0,0.0,0.0,0.0,0.0,0.0,0.0,0.0,0.0,1.0,0.0,0.0,0.0,0.0,1.0,0.0,0.0,0,,,,,,,,,,,,,,,,,,,
R0544,여,57,50대,55~59,직장인,경영/관리직,대구,5대광역시,비수도권,0,1,1,0,0,0,0,0,0,0,0,0,0,1,1,아메리카노,카페라떼,스무디쉐이크,0,,,,,,,,,,,,,,,,,,,,0,,,,,,,,,,,,,,,,,,,,0,,,,,,,,,,,,,,,,,,,,1,1.0,1.0,0.0,1.0,0.0,0.0,1.0,0.0,0.0,0.0,0.0,1.0,0.0,0.0,0.0,0.0,0.0,0.0,0.0,0,,,,,,,,,,,,,,,,,,,,1,1.0,1.0,0.0,0.0,0.0,1.0,0.0,0.0,0.0,0.0,0.0,0.0,0.0,0.0,0.0,0.0,0.0,0.0,0.0
R0545,남,46,40대,45~49,직장인,자유/전문직,인천,서울외수도권,수도권,0,1,1,0,0,0,0,1,0,0,0,0,0,0,0,카페라떼,달콤한커피류,아메리카노,1,1.0,1.0,0.0,1.0,0.0,0.0,0.0,0.0,1.0,0.0,0.0,1.0,0.0,0.0,0.0,0.0,0.0,0.0,0.0,0,,,,,,,,,,,,,,,,,,,,0,,,,,,,,,,,,,,,,,,,,0,,,,,,,,,,,,,,,,,,,,0,,,,,,,,,,,,,,,,,,,,0,,,,,,,,,,,,,,,,,,,
R0546,여,23,20대,20~24,직장인,자유/전문직,전북,기타지역,비수도권,0,1,0,0,0,0,0,1,0,0,1,1,0,0,0,아메리카노,달콤한커피류,과일티에이드,0,,,,,,,,,,,,,,,,,,,,1,1.0,1.0,0.0,0.0,0.0,0.0,0.0,0.0,0.0,0.0,0.0,0.0,0.0,0.0,0.0,0.0,1.0,0.0,0.0,0,,,,,,,,,,,,,,,,,,,,0,,,,,,,,,,,,,,,,,,,,1,1.0,1.0,0.0,0.0,0.0,1.0,0.0,0.0,0.0,0.0,0.0,0.0,0.0,0.0,0.0,0.0,0.0,0.0,0.0,0,,,,,,,,,,,,,,,,,,,
R0547,남,54,50대,50~54,직장인,자영업,서울,서울,수도권,0,1,1,0,1,0,0,0,0,0,1,0,0,0,0,아메리카노,카페라떼,달콤한티,0,,,,,,,,,,,,,,,,,,,,1,1.0,1.0,0.0,0.0,1.0,0.0,0.0,0.0,0.0,0.0,0.0,1.0,0.0,0.0,0.0,1.0,0.0,0.0,0.0,0,,,,,,,,,,,,,,,,,,,,1,1.0,1.0,0.0,1.0,0.0,0.0,0.0,1.0,0.0,0.0,0.0,0.0,0.0,0.0,0.0,0.0,0.0,0.0,0.0,0,,,,,,,,,,,,,,,,,,,,1,1.0,0.0,0.0,0.0,0.0,0.0,0.0,1.0,0.0,1.0,0.0,0.0,0.0,0.0,0.0,0.0,0.0,0.0,0.0
R0548,여,34,30대,30~34,직장인,사무/기술직,경기,서울외수도권,수도권,0,0,0,0,0,0,1,1,0,0,1,0,0,0,1,달콤한커피류,주스에이드,달콤한티,1,1.0,1.0,0.0,0.0,0.0,1.0,0.0,0.0,0.0,0.0,0.0,0.0,0.0,0.0,0.0,0.0,1.0,0.0,0.0,1,1.0,0.0,0.0,0.0,0.0,0.0,1.0,0.0,1.0,0.0,1.0,0.0,0.0,0.0,0.0,0.0,0.0,0.0,0.0,1,1.0,0.0,0.0,1.0,0.0,0.0,1.0,0.0,0.0,1.0,0.0,0.0,0.0,0.0,0.0,0.0,0.0,0.0,0.0,0,,,,,,,,,,,,,,,,,,,,0,,,,,,,,,,,,,,,,,,,,0,,,,,,,,,,,,,,,,,,,
R0549,남,50,50대,50~54,직장인,경영/관리직,경기,서울외수도권,수도권,0,0,0,0,0,0,0,1,0,0,1,0,0,0,0,달콤한커피류,달콤한티,,1,1.0,1.0,0.0,1.0,1.0,0.0,0.0,0.0,0.0,0.0,0.0,0.0,0.0,0.0,0.0,0.0,0.0,0.0,0.0,0,,,,,,,,,,,,,,,,,,,,0,,,,,,,,,,,,,,,,,,,,1,1.0,0.0,1.0,1.0,0.0,0.0,1.0,0.0,0.0,0.0,0.0,0.0,0.0,0.0,0.0,0.0,0.0,0.0,0.0,0,,,,,,,,,,,,,,,,,,,,1,1.0,0.0,0.0,1.0,0.0,0.0,0.0,0.0,0.0,0.0,0.0,0.0,0.0,0.0,0.0,0.0,1.0,0.0,0.0
R0550,여,58,50대,55~59,직장인,자유/전문직,서울,서울,수도권,0,1,0,0,0,0,0,1,0,0,1,0,0,1,0,아메리카노,달콤한커피류,스무디쉐이크,0,,,,,,,,,,,,,,,,,,,,0,,,,,,,,,,,,,,,,,,,,0,,,,,,,,,,,,,,,,,,,,0,,,,,,,,,,,,,,,,,,,,0,,,,,,,,,,,,,,,,,,,,0,,,,,,,,,,,,,,,,,,,
R0551,여,50,50대,50~54,직장인,자영업,부산,5대광역시,비수도권,0,1,0,0,0,0,1,0,0,0,0,0,1,0,0,아메리카노,얼음갈린티,드립핸드드립,1,1.0,1.0,0.0,1.0,0.0,0.0,0.0,0.0,0.0,0.0,0.0,0.0,0.0,0.0,0.0,0.0,1.0,0.0,0.0,1,1.0,1.0,1.0,0.0,0.0,0.0,0.0,0.0,0.0,0.0,0.0,0.0,0.0,0.0,0.0,0.0,0.0,0.0,0.0,1,1.0,0.0,0.0,1.0,0.0,1.0,0.0,0.0,0.0,0.0,0.0,0.0,0.0,0.0,0.0,0.0,0.0,0.0,0.0,1,1.0,1.0,0.0,1.0,0.0,0.0,0.0,0.0,0.0,0.0,1.0,0.0,0.0,0.0,0.0,0.0,0.0,0.0,0.0,1,1.0,0.0,0.0,0.0,0.0,0.0,0.0,0.0,0.0,0.0,0.0,0.0,0.0,0.0,1.0,0.0,0.0,0.0,0.0,0,,,,,,,,,,,,,,,,,,,
R0552,남,34,30대,30~34,전업주부,전업주부,경남,기타지역,비수도권,0,1,0,0,0,0,0,1,0,0,0,0,0,0,1,아메리카노,달콤한커피류,주스에이드,0,,,,,,,,,,,,,,,,,,,,1,1.0,1.0,0.0,1.0,1.0,0.0,0.0,0.0,0.0,0.0,1.0,0.0,0.0,0.0,0.0,0.0,1.0,0.0,0.0,0,,,,,,,,,,,,,,,,,,,,0,,,,,,,,,,,,,,,,,,,,0,,,,,,,,,,,,,,,,,,,,1,1.0,1.0,0.0,1.0,0.0,1.0,1.0,0.0,1.0,0.0,0.0,1.0,0.0,0.0,0.0,0.0,0.0,0.0,0.0
R0553,여,37,30대,35~39,직장인,자영업,울산,5대광역시,비수도권,0,1,1,0,0,0,0,1,1,0,0,0,0,0,0,아메리카노,얼음갈린커피,카페라떼,1,1.0,1.0,0.0,0.0,0.0,0.0,0.0,0.0,0.0,0.0,0.0,0.0,0.0,0.0,0.0,1.0,0.0,0.0,0.0,1,1.0,1.0,0.0,0.0,0.0,0.0,0.0,0.0,0.0,0.0,1.0,1.0,0.0,0.0,0.0,0.0,0.0,0.0,0.0,0,,,,,,,,,,,,,,,,,,,,0,,,,,,,,,,,,,,,,,,,,1,1.0,0.0,0.0,0.0,1.0,1.0,1.0,0.0,0.0,0.0,0.0,0.0,0.0,0.0,0.0,0.0,0.0,0.0,0.0,1,1.0,1.0,0.0,0.0,0.0,0.0,0.0,0.0,1.0,0.0,0.0,0.0,0.0,0.0,0.0,0.0,0.0,0.0,0.0
R0554,여,40,40대,40~44,직장인,자유/전문직,충남,기타지역,비수도권,0,0,1,0,1,0,0,0,0,0,0,1,0,0,0,과일티에이드,카페라떼,콜드브루,1,1.0,1.0,0.0,1.0,0.0,1.0,0.0,0.0,0.0,1.0,0.0,0.0,0.0,0.0,1.0,0.0,0.0,0.0,0.0,1,1.0,1.0,0.0,0.0,1.0,1.0,1.0,0.0,1.0,0.0,0.0,1.0,0.0,0.0,0.0,1.0,0.0,1.0,0.0,1,1.0,0.0,0.0,1.0,1.0,0.0,0.0,0.0,0.0,0.0,0.0,0.0,0.0,0.0,0.0,1.0,0.0,0.0,0.0,1,1.0,1.0,1.0,1.0,1.0,0.0,0.0,0.0,0.0,1.0,0.0,0.0,0.0,0.0,0.0,0.0,0.0,0.0,0.0,1,1.0,1.0,0.0,1.0,0.0,0.0,1.0,0.0,0.0,1.0,0.0,0.0,0.0,0.0,0.0,0.0,0.0,0.0,0.0,0,,,,,,,,,,,,,,,,,,,
R0555,남,52,50대,50~54,직장인,사무/기술직,충북,기타지역,비수도권,0,1,0,0,0,0,0,0,0,0,0,0,0,0,1,아메리카노,주스에이드,,0,,,,,,,,,,,,,,,,,,,,1,1.0,1.0,0.0,1.0,1.0,0.0,1.0,0.0,0.0,0.0,0.0,0.0,0.0,0.0,0.0,0.0,0.0,0.0,0.0,0,,,,,,,,,,,,,,,,,,,,1,1.0,0.0,0.0,0.0,1.0,1.0,0.0,0.0,0.0,0.0,0.0,0.0,0.0,0.0,1.0,0.0,0.0,0.0,0.0,0,,,,,,,,,,,,,,,,,,,,1,1.0,1.0,0.0,0.0,0.0,1.0,0.0,0.0,0.0,1.0,0.0,0.0,0.0,0.0,0.0,0.0,0.0,0.0,0.0
R0556,여,26,20대,25~29,전업주부,전업주부,서울,서울,수도권,0,0,1,0,0,0,0,0,0,1,0,0,0,0,0,카페라떼,기본티,,0,,,,,,,,,,,,,,,,,,,,0,,,,,,,,,,,,,,,,,,,,0,,,,,,,,,,,,,,,,,,,,0,,,,,,,,,,,,,,,,,,,,1,1.0,1.0,0.0,0.0,0.0,0.0,0.0,0.0,0.0,0.0,0.0,0.0,0.0,0.0,0.0,0.0,0.0,1.0,0.0,1,1.0,0.0,0.0,0.0,0.0,0.0,0.0,0.0,0.0,1.0,0.0,0.0,0.0,0.0,0.0,0.0,0.0,0.0,0.0
R0557,남,29,20대,25~29,직장인,사무/기술직,충남,기타지역,비수도권,0,1,0,0,0,0,0,0,0,0,1,0,1,0,1,달콤한티,얼음갈린티,아메리카노,1,1.0,1.0,0.0,1.0,0.0,1.0,0.0,0.0,0.0,0.0,0.0,0.0,0.0,0.0,0.0,0.0,0.0,0.0,0.0,0,,,,,,,,,,,,,,,,,,,,1,1.0,1.0,0.0,0.0,0.0,1.0,1.0,0.0,0.0,0.0,0.0,0.0,0.0,0.0,0.0,0.0,0.0,0.0,0.0,0,,,,,,,,,,,,,,,,,,,,0,,,,,,,,,,,,,,,,,,,,0,,,,,,,,,,,,,,,,,,,
R0558,여,48,40대,45~49,직장인,사무/기술직,경북,기타지역,비수도권,0,1,1,0,0,0,0,0,0,0,1,1,0,0,1,아메리카노,주스에이드,카페라떼,1,1.0,1.0,0.0,0.0,1.0,0.0,0.0,0.0,0.0,0.0,0.0,0.0,0.0,0.0,0.0,0.0,0.0,0.0,0.0,1,1.0,0.0,0.0,0.0,1.0,0.0,0.0,0.0,0.0,0.0,0.0,0.0,0.0,0.0,0.0,0.0,0.0,0.0,0.0,1,1.0,1.0,0.0,0.0,0.0,1.0,0.0,1.0,0.0,0.0,0.0,0.0,0.0,0.0,1.0,0.0,0.0,0.0,0.0,1,1.0,1.0,0.0,0.0,1.0,0.0,1.0,0.0,0.0,0.0,1.0,0.0,0.0,0.0,0.0,0.0,0.0,0.0,0.0,1,1.0,0.0,0.0,1.0,0.0,1.0,0.0,0.0,0.0,0.0,0.0,0.0,0.0,0.0,0.0,0.0,1.0,0.0,0.0,1,1.0,1.0,0.0,0.0,0.0,1.0,1.0,0.0,1.0,0.0,0.0,0.0,0.0,0.0,1.0,0.0,0.0,0.0,0.0
R0559,여,36,30대,35~39,전업주부,전업주부,인천,서울외수도권,수도권,0,1,0,0,0,0,0,0,0,0,1,0,0,0,1,아메리카노,달콤한티,주스에이드,0,,,,,,,,,,,,,,,,,,,,0,,,,,,,,,,,,,,,,,,,,0,,,,,,,,,,,,,,,,,,,,0,,,,,,,,,,,,,,,,,,,,0,,,,,,,,,,,,,,,,,,,,1,1.0,0.0,0.0,0.0,0.0,0.0,0.0,0.0,0.0,0.0,0.0,0.0,0.0,0.0,0.0,0.0,0.0,0.0,0.0
R0560,여,55,50대,55~59,직장인,사무/기술직,경기,서울외수도권,수도권,0,1,1,0,0,0,1,1,0,0,1,1,0,1,0,아메리카노,달콤한커피류,카페라떼,1,1.0,1.0,1.0,0.0,1.0,0.0,0.0,0.0,1.0,0.0,0.0,0.0,0.0,0.0,0.0,0.0,0.0,0.0,0.0,0,,,,,,,,,,,,,,,,,,,,1,1.0,1.0,0.0,0.0,0.0,0.0,0.0,0.0,0.0,0.0,0.0,0.0,0.0,0.0,0.0,0.0,0.0,0.0,0.0,0,,,,,,,,,,,,,,,,,,,,1,1.0,0.0,0.0,0.0,0.0,1.0,0.0,0.0,0.0,0.0,0.0,0.0,1.0,0.0,0.0,0.0,0.0,0.0,0.0,0,,,,,,,,,,,,,,,,,,,
R0561,여,53,50대,50~54,기타직업,무직,부산,5대광역시,비수도권,0,1,0,0,1,0,0,0,0,0,0,0,0,0,0,아메리카노,콜드브루,,0,,,,,,,,,,,,,,,,,,,,1,1.0,0.0,0.0,0.0,0.0,1.0,0.0,0.0,0.0,0.0,0.0,0.0,0.0,0.0,0.0,0.0,0.0,0.0,0.0,1,1.0,1.0,0.0,1.0,0.0,0.0,0.0,0.0,0.0,0.0,0.0,0.0,0.0,0.0,0.0,0.0,0.0,0.0,0.0,0,,,,,,,,,,,,,,,,,,,,0,,,,,,,,,,,,,,,,,,,,1,1.0,0.0,0.0,0.0,0.0,0.0,0.0,0.0,0.0,0.0,0.0,0.0,0.0,0.0,0.0,0.0,0.0,0.0,0.0
R0562,여,54,50대,50~54,전업주부,전업주부,경북,기타지역,비수도권,0,1,0,1,1,0,0,0,0,0,0,0,1,0,0,얼음갈린티,아메리카노,콜드브루,0,,,,,,,,,,,,,,,,,,,,0,,,,,,,,,,,,,,,,,,,,1,1.0,1.0,1.0,0.0,0.0,0.0,1.0,0.0,0.0,0.0,0.0,0.0,0.0,0.0,0.0,0.0,0.0,0.0,0.0,1,1.0,1.0,0.0,0.0,0.0,0.0,1.0,0.0,0.0,0.0,0.0,0.0,0.0,0.0,0.0,0.0,0.0,0.0,0.0,0,,,,,,,,,,,,,,,,,,,,1,1.0,1.0,1.0,0.0,0.0,0.0,0.0,0.0,0.0,0.0,0.0,0.0,0.0,0.0,0.0,0.0,0.0,0.0,0.0
R0563,여,40,40대,40~44,직장인,사무/기술직,대전,5대광역시,비수도권,0,0,0,0,0,0,1,1,0,0,1,1,0,0,0,드립핸드드립,달콤한티,달콤한커피류,0,,,,,,,,,,,,,,,,,,,,1,1.0,1.0,0.0,0.0,1.0,1.0,0.0,0.0,1.0,0.0,0.0,0.0,0.0,0.0,0.0,0.0,0.0,0.0,0.0,1,1.0,1.0,0.0,0.0,0.0,0.0,0.0,0.0,0.0,0.0,1.0,0.0,0.0,0.0,1.0,0.0,0.0,0.0,0.0,1,1.0,1.0,0.0,0.0,0.0,1.0,1.0,0.0,0.0,0.0,0.0,0.0,0.0,0.0,0.0,0.0,0.0,0.0,0.0,0,,,,,,,,,,,,,,,,,,,,0,,,,,,,,,,,,,,,,,,,
R0564,여,49,40대,45~49,직장인,사무/기술직,경기,서울외수도권,수도권,0,0,0,0,1,0,0,1,0,1,0,0,0,0,0,달콤한커피류,콜드브루,기본티,0,,,,,,,,,,,,,,,,,,,,0,,,,,,,,,,,,,,,,,,,,0,,,,,,,,,,,,,,,,,,,,1,1.0,1.0,0.0,0.0,0.0,0.0,0.0,0.0,0.0,0.0,0.0,0.0,0.0,0.0,0.0,0.0,0.0,0.0,0.0,1,1.0,0.0,1.0,0.0,0.0,0.0,0.0,0.0,0.0,0.0,0.0,0.0,0.0,0.0,0.0,0.0,0.0,0.0,0.0,0,,,,,,,,,,,,,,,,,,,
R0565,남,28,20대,25~29,직장인,판매/영업 서비스직,대전,5대광역시,비수도권,0,1,0,0,0,0,0,0,0,0,0,0,0,0,0,아메리카노,,,1,1.0,1.0,0.0,0.0,1.0,0.0,0.0,0.0,1.0,0.0,0.0,0.0,0.0,0.0,0.0,0.0,0.0,0.0,0.0,0,,,,,,,,,,,,,,,,,,,,0,,,,,,,,,,,,,,,,,,,,1,1.0,1.0,0.0,0.0,0.0,0.0,0.0,1.0,1.0,0.0,0.0,0.0,0.0,0.0,0.0,0.0,0.0,0.0,0.0,0,,,,,,,,,,,,,,,,,,,,1,1.0,1.0,0.0,0.0,0.0,0.0,0.0,0.0,0.0,0.0,0.0,0.0,0.0,0.0,0.0,0.0,0.0,0.0,0.0
R0566,여,48,40대,45~49,직장인,자유/전문직,인천,서울외수도권,수도권,0,1,1,0,0,0,0,0,0,0,0,1,0,1,0,아메리카노,과일티에이드,스무디쉐이크,0,,,,,,,,,,,,,,,,,,,,0,,,,,,,,,,,,,,,,,,,,1,1.0,0.0,0.0,1.0,1.0,0.0,0.0,0.0,0.0,0.0,1.0,0.0,0.0,0.0,0.0,0.0,0.0,0.0,1.0,1,1.0,1.0,0.0,0.0,0.0,0.0,0.0,0.0,0.0,1.0,0.0,0.0,0.0,0.0,0.0,0.0,1.0,0.0,0.0,0,,,,,,,,,,,,,,,,,,,,0,,,,,,,,,,,,,,,,,,,
R0567,남,51,50대,50~54,기타직업,기타,경기,서울외수도권,수도권,0,1,0,0,0,0,0,0,0,0,0,0,0,0,0,아메리카노,,,0,,,,,,,,,,,,,,,,,,,,0,,,,,,,,,,,,,,,,,,,,0,,,,,,,,,,,,,,,,,,,,0,,,,,,,,,,,,,,,,,,,,1,1.0,0.0,0.0,1.0,0.0,0.0,0.0,0.0,0.0,0.0,0.0,0.0,0.0,0.0,0.0,0.0,0.0,0.0,0.0,0,,,,,,,,,,,,,,,,,,,
R0568,여,29,20대,25~29,직장인,사무/기술직,경남,기타지역,비수도권,0,1,1,0,0,0,0,1,1,1,1,0,0,0,1,달콤한티,아메리카노,달콤한커피류,1,1.0,1.0,0.0,1.0,1.0,0.0,0.0,0.0,0.0,0.0,0.0,0.0,0.0,0.0,0.0,0.0,0.0,0.0,0.0,0,,,,,,,,,,,,,,,,,,,,1,1.0,1.0,0.0,1.0,0.0,1.0,1.0,0.0,0.0,0.0,0.0,0.0,0.0,0.0,0.0,0.0,0.0,0.0,0.0,1,1.0,1.0,0.0,0.0,1.0,0.0,0.0,1.0,0.0,0.0,1.0,0.0,0.0,0.0,0.0,0.0,0.0,0.0,0.0,1,1.0,1.0,0.0,0.0,0.0,0.0,0.0,1.0,0.0,0.0,0.0,0.0,0.0,0.0,0.0,0.0,0.0,0.0,0.0,1,1.0,0.0,0.0,0.0,0.0,0.0,1.0,0.0,0.0,1.0,0.0,0.0,0.0,0.0,0.0,0.0,0.0,0.0,0.0
R0569,남,24,20대,20~24,직장인,기능/작업직,부산,5대광역시,비수도권,0,0,0,0,0,0,0,0,0,0,1,1,1,0,0,얼음갈린티,달콤한티,과일티에이드,0,,,,,,,,,,,,,,,,,,,,0,,,,,,,,,,,,,,,,,,,,0,,,,,,,,,,,,,,,,,,,,0,,,,,,,,,,,,,,,,,,,,1,1.0,0.0,0.0,0.0,0.0,0.0,0.0,0.0,0.0,0.0,1.0,0.0,0.0,0.0,0.0,0.0,0.0,0.0,0.0,0,,,,,,,,,,,,,,,,,,,
R0570,남,49,40대,45~49,기타직업,무직,인천,서울외수도권,수도권,0,1,0,0,0,0,0,1,1,0,0,0,0,0,0,달콤한커피류,얼음갈린커피,아메리카노,1,1.0,1.0,0.0,0.0,0.0,1.0,0.0,0.0,0.0,1.0,0.0,0.0,0.0,0.0,1.0,0.0,0.0,0.0,0.0,1,1.0,0.0,0.0,0.0,0.0,0.0,1.0,0.0,0.0,0.0,0.0,0.0,0.0,0.0,0.0,0.0,0.0,1.0,0.0,0,,,,,,,,,,,,,,,,,,,,1,1.0,1.0,0.0,0.0,0.0,1.0,0.0,0.0,0.0,0.0,0.0,0.0,0.0,0.0,0.0,0.0,0.0,0.0,0.0,0,,,,,,,,,,,,,,,,,,,,0,,,,,,,,,,,,,,,,,,,
R0571,여,41,40대,40~44,직장인,기능/작업직,서울,서울,수도권,0,1,0,0,0,0,0,1,1,0,1,1,0,0,1,아메리카노,달콤한커피류,달콤한티,1,1.0,0.0,1.0,0.0,0.0,0.0,0.0,0.0,1.0,0.0,0.0,0.0,0.0,0.0,0.0,0.0,0.0,0.0,0.0,1,1.0,0.0,0.0,0.0,0.0,1.0,1.0,1.0,0.0,0.0,1.0,0.0,0.0,0.0,0.0,0.0,0.0,0.0,0.0,0,,,,,,,,,,,,,,,,,,,,0,,,,,,,,,,,,,,,,,,,,1,1.0,1.0,0.0,0.0,1.0,0.0,0.0,0.0,0.0,0.0,0.0,0.0,0.0,0.0,0.0,0.0,0.0,0.0,0.0,1,1.0,1.0,1.0,0.0,0.0,0.0,0.0,0.0,0.0,0.0,0.0,0.0,0.0,0.0,0.0,0.0,0.0,0.0,0.0
R0572,남,38,30대,35~39,기타직업,기능/작업직,대구,5대광역시,비수도권,0,1,1,0,0,0,0,0,0,0,0,1,1,0,0,카페라떼,아메리카노,과일티에이드,0,,,,,,,,,,,,,,,,,,,,0,,,,,,,,,,,,,,,,,,,,1,1.0,1.0,0.0,0.0,0.0,0.0,0.0,0.0,0.0,0.0,0.0,0.0,0.0,0.0,0.0,0.0,0.0,0.0,0.0,0,,,,,,,,,,,,,,,,,,,,1,1.0,0.0,0.0,0.0,0.0,0.0,0.0,0.0,0.0,0.0,0.0,0.0,0.0,0.0,0.0,1.0,0.0,0.0,0.0,0,,,,,,,,,,,,,,,,,,,
R0573,여,54,50대,50~54,직장인,사무/기술직,광주,5대광역시,비수도권,0,1,0,0,0,0,0,0,1,0,0,0,0,0,0,아메리카노,얼음갈린커피,,0,,,,,,,,,,,,,,,,,,,,0,,,,,,,,,,,,,,,,,,,,0,,,,,,,,,,,,,,,,,,,,1,1.0,1.0,0.0,0.0,0.0,0.0,1.0,0.0,1.0,1.0,0.0,1.0,0.0,0.0,0.0,0.0,0.0,0.0,0.0,1,1.0,1.0,0.0,0.0,0.0,0.0,0.0,0.0,0.0,0.0,1.0,0.0,0.0,0.0,0.0,0.0,0.0,0.0,0.0,0,,,,,,,,,,,,,,,,,,,
R0574,남,38,30대,35~39,직장인,사무/기술직,제주,기타지역,비수도권,0,0,1,0,0,0,0,0,1,0,1,0,0,0,1,카페라떼,주스에이드,달콤한티,1,1.0,0.0,0.0,1.0,1.0,1.0,0.0,1.0,0.0,0.0,0.0,0.0,0.0,0.0,0.0,0.0,0.0,0.0,0.0,1,1.0,1.0,0.0,0.0,1.0,0.0,0.0,0.0,0.0,1.0,0.0,0.0,0.0,0.0,0.0,0.0,0.0,0.0,0.0,0,,,,,,,,,,,,,,,,,,,,0,,,,,,,,,,,,,,,,,,,,1,1.0,1.0,0.0,0.0,0.0,0.0,1.0,0.0,0.0,0.0,0.0,0.0,0.0,0.0,1.0,0.0,0.0,0.0,0.0,0,,,,,,,,,,,,,,,,,,,
R0575,남,30,30대,30~34,기타직업,무직,서울,서울,수도권,0,1,0,0,0,0,0,1,1,0,0,0,0,0,0,아메리카노,달콤한커피류,얼음갈린커피,0,,,,,,,,,,,,,,,,,,,,0,,,,,,,,,,,,,,,,,,,,0,,,,,,,,,,,,,,,,,,,,0,,,,,,,,,,,,,,,,,,,,0,,,,,,,,,,,,,,,,,,,,0,,,,,,,,,,,,,,,,,,,
R0576,여,53,50대,50~54,직장인,기능/작업직,경기,서울외수도권,수도권,1,1,1,1,0,1,0,1,0,1,0,0,0,0,1,달콤한커피류,카페라떼,아메리카노,1,1.0,0.0,0.0,1.0,0.0,1.0,1.0,0.0,0.0,0.0,0.0,0.0,0.0,0.0,0.0,0.0,1.0,0.0,0.0,0,,,,,,,,,,,,,,,,,,,,0,,,,,,,,,,,,,,,,,,,,1,1.0,0.0,0.0,1.0,1.0,0.0,1.0,0.0,0.0,0.0,0.0,0.0,0.0,0.0,0.0,0.0,0.0,0.0,0.0,1,1.0,0.0,0.0,0.0,0.0,0.0,0.0,0.0,0.0,0.0,0.0,0.0,0.0,0.0,0.0,0.0,1.0,0.0,0.0,0,,,,,,,,,,,,,,,,,,,
R0577,남,51,50대,50~54,대학(원)생,대학생,서울,서울,수도권,0,1,0,0,0,0,0,1,0,0,0,0,0,0,0,아메리카노,달콤한커피류,,0,,,,,,,,,,,,,,,,,,,,0,,,,,,,,,,,,,,,,,,,,0,,,,,,,,,,,,,,,,,,,,1,1.0,1.0,0.0,0.0,0.0,0.0,1.0,0.0,0.0,0.0,1.0,0.0,0.0,0.0,0.0,0.0,0.0,0.0,0.0,1,1.0,1.0,0.0,0.0,0.0,1.0,0.0,0.0,0.0,0.0,1.0,0.0,0.0,0.0,0.0,0.0,0.0,0.0,0.0,0,,,,,,,,,,,,,,,,,,,
R0578,여,35,30대,35~39,전업주부,전업주부,경남,기타지역,비수도권,0,1,0,0,0,0,0,1,0,0,0,0,0,1,0,아메리카노,달콤한커피류,스무디쉐이크,0,,,,,,,,,,,,,,,,,,,,0,,,,,,,,,,,,,,,,,,,,0,,,,,,,,,,,,,,,,,,,,1,1.0,0.0,0.0,0.0,0.0,1.0,1.0,0.0,1.0,0.0,0.0,0.0,0.0,0.0,0.0,0.0,0.0,0.0,0.0,1,1.0,1.0,0.0,0.0,0.0,0.0,0.0,1.0,0.0,0.0,0.0,1.0,0.0,0.0,0.0,0.0,0.0,0.0,0.0,1,1.0,1.0,0.0,0.0,1.0,0.0,0.0,0.0,0.0,0.0,0.0,0.0,0.0,0.0,0.0,0.0,0.0,0.0,0.0
R0579,남,49,40대,45~49,직장인,사무/기술직,서울,서울,수도권,0,1,1,0,0,0,0,0,0,0,0,0,0,0,1,주스에이드,아메리카노,카페라떼,1,1.0,1.0,0.0,1.0,0.0,0.0,0.0,0.0,0.0,0.0,0.0,0.0,0.0,0.0,0.0,0.0,0.0,0.0,0.0,0,,,,,,,,,,,,,,,,,,,,0,,,,,,,,,,,,,,,,,,,,0,,,,,,,,,,,,,,,,,,,,0,,,,,,,,,,,,,,,,,,,,0,,,,,,,,,,,,,,,,,,,
R0580,남,20,20대,20~24,직장인,사무/기술직,경기,서울외수도권,수도권,0,0,1,0,0,0,0,1,1,0,0,0,0,0,0,카페라떼,달콤한커피류,얼음갈린커피,1,1.0,1.0,0.0,0.0,0.0,1.0,0.0,0.0,0.0,1.0,0.0,1.0,0.0,0.0,0.0,0.0,0.0,0.0,0.0,0,,,,,,,,,,,,,,,,,,,,1,1.0,1.0,0.0,0.0,0.0,1.0,0.0,0.0,1.0,0.0,0.0,1.0,0.0,0.0,0.0,0.0,0.0,0.0,0.0,0,,,,,,,,,,,,,,,,,,,,0,,,,,,,,,,,,,,,,,,,,0,,,,,,,,,,,,,,,,,,,
R0581,남,33,30대,30~34,대학(원)생,대학생,충북,기타지역,비수도권,0,1,0,0,0,0,0,0,0,0,0,0,0,0,0,아메리카노,,,0,,,,,,,,,,,,,,,,,,,,0,,,,,,,,,,,,,,,,,,,,0,,,,,,,,,,,,,,,,,,,,1,1.0,1.0,0.0,1.0,1.0,0.0,0.0,0.0,0.0,0.0,0.0,0.0,0.0,0.0,0.0,1.0,0.0,0.0,0.0,0,,,,,,,,,,,,,,,,,,,,1,1.0,0.0,0.0,0.0,1.0,0.0,0.0,0.0,0.0,0.0,0.0,0.0,0.0,0.0,0.0,0.0,0.0,0.0,0.0
R0582,여,55,50대,55~59,기타직업,무직,서울,서울,수도권,0,0,1,0,0,0,0,1,0,0,0,0,0,0,0,달콤한커피류,카페라떼,,0,,,,,,,,,,,,,,,,,,,,0,,,,,,,,,,,,,,,,,,,,0,,,,,,,,,,,,,,,,,,,,0,,,,,,,,,,,,,,,,,,,,1,1.0,0.0,1.0,0.0,0.0,1.0,0.0,1.0,0.0,1.0,0.0,0.0,0.0,0.0,0.0,0.0,0.0,0.0,0.0,0,,,,,,,,,,,,,,,,,,,
R0583,남,51,50대,50~54,직장인,사무/기술직,경북,기타지역,비수도권,0,1,0,0,0,0,0,1,0,1,1,0,0,0,0,아메리카노,달콤한티,달콤한커피류,1,1.0,0.0,0.0,0.0,0.0,0.0,1.0,0.0,0.0,0.0,0.0,0.0,0.0,0.0,0.0,1.0,1.0,0.0,0.0,1,1.0,1.0,0.0,0.0,0.0,0.0,1.0,0.0,0.0,0.0,0.0,0.0,0.0,0.0,1.0,0.0,0.0,0.0,0.0,1,1.0,0.0,0.0,0.0,1.0,0.0,0.0,0.0,0.0,1.0,0.0,0.0,0.0,0.0,0.0,0.0,0.0,0.0,0.0,0,,,,,,,,,,,,,,,,,,,,1,1.0,0.0,1.0,0.0,1.0,1.0,0.0,0.0,0.0,0.0,0.0,1.0,0.0,0.0,0.0,0.0,0.0,0.0,0.0,1,1.0,1.0,0.0,1.0,0.0,0.0,1.0,0.0,0.0,0.0,0.0,0.0,0.0,0.0,0.0,0.0,0.0,0.0,0.0
R0584,남,25,20대,25~29,직장인,사무/기술직,강원,기타지역,비수도권,0,1,1,0,0,0,1,0,0,1,0,0,1,0,0,아메리카노,기본티,얼음갈린티,0,,,,,,,,,,,,,,,,,,,,1,1.0,1.0,1.0,0.0,0.0,1.0,0.0,0.0,0.0,0.0,0.0,1.0,0.0,0.0,0.0,0.0,1.0,0.0,0.0,1,1.0,1.0,0.0,0.0,0.0,0.0,1.0,0.0,0.0,0.0,1.0,0.0,0.0,0.0,0.0,0.0,0.0,0.0,0.0,1,1.0,1.0,0.0,0.0,0.0,0.0,0.0,0.0,0.0,0.0,1.0,0.0,0.0,0.0,0.0,1.0,0.0,0.0,0.0,1,1.0,0.0,0.0,0.0,1.0,1.0,0.0,0.0,0.0,1.0,0.0,0.0,0.0,0.0,0.0,0.0,0.0,0.0,0.0,0,,,,,,,,,,,,,,,,,,,
R0585,여,32,30대,30~34,직장인,사무/기술직,서울,서울,수도권,0,0,0,0,0,0,0,0,0,1,0,0,0,1,0,스무디쉐이크,기본티,,0,,,,,,,,,,,,,,,,,,,,1,1.0,1.0,0.0,1.0,0.0,0.0,0.0,0.0,0.0,0.0,0.0,0.0,0.0,0.0,0.0,0.0,1.0,0.0,0.0,0,,,,,,,,,,,,,,,,,,,,0,,,,,,,,,,,,,,,,,,,,1,1.0,0.0,1.0,0.0,0.0,0.0,0.0,0.0,0.0,0.0,0.0,1.0,0.0,0.0,1.0,0.0,0.0,0.0,0.0,0,,,,,,,,,,,,,,,,,,,
R0586,여,57,50대,55~59,대학(원)생,대학생,경기,서울외수도권,수도권,0,0,0,0,0,0,0,1,0,1,0,0,0,0,0,달콤한커피류,기본티,,0,,,,,,,,,,,,,,,,,,,,0,,,,,,,,,,,,,,,,,,,,1,1.0,1.0,0.0,0.0,1.0,0.0,0.0,0.0,0.0,0.0,0.0,0.0,0.0,0.0,0.0,0.0,0.0,0.0,0.0,1,1.0,1.0,0.0,0.0,0.0,0.0,0.0,0.0,0.0,1.0,1.0,0.0,0.0,0.0,1.0,0.0,0.0,0.0,0.0,0,,,,,,,,,,,,,,,,,,,,1,1.0,1.0,1.0,0.0,0.0,0.0,0.0,0.0,0.0,0.0,0.0,0.0,0.0,0.0,0.0,1.0,0.0,0.0,0.0
R0587,여,59,50대,55~59,직장인,경영/관리직,경기,서울외수도권,수도권,0,1,0,1,0,1,0,0,0,0,1,0,0,0,0,아메리카노,달콤한티,카푸치노,0,,,,,,,,,,,,,,,,,,,,1,1.0,1.0,0.0,0.0,1.0,0.0,0.0,0.0,0.0,1.0,0.0,0.0,0.0,0.0,0.0,0.0,1.0,0.0,0.0,1,1.0,1.0,0.0,0.0,1.0,1.0,1.0,0.0,0.0,0.0,0.0,0.0,0.0,0.0,0.0,0.0,0.0,0.0,0.0,0,,,,,,,,,,,,,,,,,,,,0,,,,,,,,,,,,,,,,,,,,0,,,,,,,,,,,,,,,,,,,
R0588,여,25,20대,25~29,직장인,사무/기술직,서울,서울,수도권,0,0,1,0,0,0,0,1,1,0,1,1,0,0,0,달콤한커피류,카페라떼,과일티에이드,1,1.0,1.0,0.0,0.0,0.0,1.0,0.0,0.0,0.0,0.0,0.0,0.0,0.0,0.0,0.0,0.0,0.0,0.0,0.0,1,1.0,1.0,0.0,1.0,1.0,0.0,1.0,0.0,0.0,0.0,0.0,1.0,0.0,0.0,0.0,0.0,0.0,0.0,0.0,0,,,,,,,,,,,,,,,,,,,,0,,,,,,,,,,,,,,,,,,,,1,1.0,0.0,0.0,0.0,0.0,1.0,0.0,0.0,0.0,0.0,0.0,0.0,0.0,0.0,0.0,0.0,0.0,0.0,0.0,0,,,,,,,,,,,,,,,,,,,
R0589,여,23,20대,20~24,직장인,사무/기술직,서울,서울,수도권,0,1,0,0,0,0,0,1,0,0,0,1,1,0,0,아메리카노,달콤한커피류,얼음갈린티,0,,,,,,,,,,,,,,,,,,,,0,,,,,,,,,,,,,,,,,,,,1,1.0,1.0,0.0,0.0,0.0,0.0,1.0,0.0,0.0,0.0,0.0,0.0,0.0,0.0,0.0,0.0,0.0,0.0,1.0,0,,,,,,,,,,,,,,,,,,,,1,1.0,1.0,0.0,0.0,0.0,0.0,0.0,0.0,0.0,0.0,0.0,0.0,0.0,0.0,0.0,1.0,0.0,0.0,0.0,0,,,,,,,,,,,,,,,,,,,
R0590,남,41,40대,40~44,직장인,사무/기술직,경기,서울외수도권,수도권,0,1,1,0,0,0,0,1,0,0,0,0,1,0,0,아메리카노,카페라떼,달콤한커피류,1,1.0,1.0,0.0,0.0,0.0,1.0,1.0,0.0,0.0,0.0,0.0,0.0,0.0,0.0,0.0,0.0,0.0,0.0,0.0,1,1.0,1.0,0.0,0.0,0.0,1.0,0.0,0.0,0.0,0.0,0.0,0.0,0.0,0.0,0.0,0.0,0.0,0.0,0.0,0,,,,,,,,,,,,,,,,,,,,0,,,,,,,,,,,,,,,,,,,,0,,,,,,,,,,,,,,,,,,,,0,,,,,,,,,,,,,,,,,,,
R0591,여,23,20대,20~24,직장인,사무/기술직,경기,서울외수도권,수도권,0,1,0,0,0,0,0,0,0,0,1,0,0,0,0,아메리카노,달콤한티,,0,,,,,,,,,,,,,,,,,,,,1,1.0,0.0,0.0,0.0,0.0,1.0,0.0,0.0,0.0,0.0,0.0,0.0,0.0,0.0,0.0,0.0,0.0,0.0,0.0,1,1.0,1.0,0.0,0.0,0.0,0.0,0.0,0.0,0.0,0.0,0.0,0.0,0.0,0.0,0.0,0.0,0.0,0.0,0.0,1,1.0,1.0,0.0,1.0,0.0,0.0,0.0,0.0,0.0,1.0,0.0,0.0,0.0,0.0,0.0,0.0,0.0,1.0,0.0,1,1.0,1.0,0.0,0.0,1.0,0.0,0.0,0.0,0.0,0.0,0.0,0.0,0.0,0.0,0.0,0.0,0.0,0.0,0.0,0,,,,,,,,,,,,,,,,,,,
R0592,여,53,50대,50~54,직장인,사무/기술직,전북,기타지역,비수도권,0,1,1,0,0,0,0,1,0,0,0,0,0,0,1,카페라떼,아메리카노,달콤한커피류,1,1.0,0.0,0.0,0.0,0.0,0.0,0.0,0.0,0.0,0.0,0.0,0.0,0.0,0.0,0.0,1.0,1.0,0.0,0.0,0,,,,,,,,,,,,,,,,,,,,0,,,,,,,,,,,,,,,,,,,,1,1.0,1.0,1.0,0.0,0.0,0.0,1.0,0.0,0.0,0.0,0.0,0.0,0.0,0.0,0.0,0.0,0.0,0.0,0.0,0,,,,,,,,,,,,,,,,,,,,0,,,,,,,,,,,,,,,,,,,
R0593,남,42,40대,40~44,직장인,자유/전문직,서울,서울,수도권,0,1,0,0,0,0,0,0,0,0,1,0,0,0,1,아메리카노,주스에이드,달콤한티,1,1.0,1.0,0.0,0.0,0.0,1.0,0.0,0.0,0.0,0.0,0.0,1.0,0.0,0.0,0.0,0.0,0.0,1.0,0.0,0,,,,,,,,,,,,,,,,,,,,0,,,,,,,,,,,,,,,,,,,,0,,,,,,,,,,,,,,,,,,,,0,,,,,,,,,,,,,,,,,,,,1,1.0,1.0,1.0,0.0,0.0,0.0,0.0,0.0,0.0,1.0,0.0,0.0,0.0,0.0,1.0,0.0,0.0,0.0,0.0
R0594,남,52,50대,50~54,직장인,사무/기술직,서울,서울,수도권,0,1,1,0,0,0,0,1,0,0,0,0,0,1,1,아메리카노,카페라떼,주스에이드,0,,,,,,,,,,,,,,,,,,,,0,,,,,,,,,,,,,,,,,,,,1,1.0,1.0,0.0,0.0,0.0,0.0,0.0,0.0,0.0,0.0,0.0,0.0,0.0,0.0,0.0,0.0,0.0,0.0,0.0,1,1.0,1.0,0.0,0.0,0.0,0.0,0.0,0.0,0.0,1.0,0.0,0.0,0.0,0.0,0.0,0.0,0.0,0.0,0.0,0,,,,,,,,,,,,,,,,,,,,0,,,,,,,,,,,,,,,,,,,
R0595,남,45,40대,45~49,대학(원)생,대학생,광주,5대광역시,비수도권,0,0,1,0,1,0,0,0,0,0,1,0,0,1,0,스무디쉐이크,달콤한티,카페라떼,0,,,,,,,,,,,,,,,,,,,,0,,,,,,,,,,,,,,,,,,,,0,,,,,,,,,,,,,,,,,,,,0,,,,,,,,,,,,,,,,,,,,1,1.0,0.0,0.0,1.0,1.0,0.0,0.0,0.0,0.0,0.0,1.0,0.0,0.0,1.0,0.0,0.0,0.0,0.0,0.0,0,,,,,,,,,,,,,,,,,,,
R0596,여,56,50대,55~59,전업주부,전업주부,경남,기타지역,비수도권,0,1,1,0,0,0,0,1,0,0,0,0,0,0,0,아메리카노,카페라떼,달콤한커피류,0,,,,,,,,,,,,,,,,,,,,1,1.0,0.0,0.0,0.0,0.0,0.0,0.0,0.0,0.0,0.0,0.0,1.0,0.0,0.0,0.0,1.0,0.0,1.0,0.0,1,1.0,0.0,0.0,0.0,1.0,0.0,1.0,0.0,0.0,1.0,0.0,1.0,0.0,0.0,0.0,0.0,0.0,0.0,0.0,0,,,,,,,,,,,,,,,,,,,,0,,,,,,,,,,,,,,,,,,,,1,1.0,1.0,0.0,0.0,0.0,1.0,1.0,0.0,0.0,1.0,0.0,0.0,0.0,0.0,0.0,0.0,0.0,0.0,0.0
R0597,여,59,50대,55~59,직장인,사무/기술직,부산,5대광역시,비수도권,0,1,0,0,1,0,0,0,0,0,0,1,0,0,1,아메리카노,주스에이드,과일티에이드,1,1.0,1.0,0.0,0.0,0.0,0.0,1.0,0.0,0.0,0.0,0.0,0.0,0.0,0.0,0.0,0.0,1.0,0.0,0.0,1,1.0,1.0,0.0,1.0,0.0,0.0,1.0,0.0,0.0,0.0,0.0,0.0,0.0,0.0,0.0,0.0,0.0,0.0,0.0,1,1.0,1.0,0.0,0.0,0.0,0.0,0.0,0.0,1.0,1.0,0.0,0.0,0.0,0.0,0.0,0.0,0.0,0.0,0.0,0,,,,,,,,,,,,,,,,,,,,0,,,,,,,,,,,,,,,,,,,,0,,,,,,,,,,,,,,,,,,,
R0598,남,57,50대,55~59,직장인,자영업,부산,5대광역시,비수도권,0,1,1,1,1,0,0,0,0,0,0,0,0,0,1,아메리카노,카페라떼,주스에이드,0,,,,,,,,,,,,,,,,,,,,0,,,,,,,,,,,,,,,,,,,,1,1.0,0.0,0.0,0.0,0.0,0.0,0.0,0.0,0.0,0.0,0.0,0.0,0.0,0.0,0.0,0.0,0.0,0.0,0.0,1,1.0,0.0,0.0,1.0,1.0,0.0,1.0,0.0,0.0,0.0,0.0,0.0,0.0,0.0,0.0,0.0,0.0,0.0,0.0,0,,,,,,,,,,,,,,,,,,,,0,,,,,,,,,,,,,,,,,,,
R0599,남,20,20대,20~24,대학(원)생,대학생,서울,서울,수도권,0,1,0,0,0,0,0,1,0,0,1,0,0,0,0,달콤한커피류,달콤한티,아메리카노,0,,,,,,,,,,,,,,,,,,,,0,,,,,,,,,,,,,,,,,,,,0,,,,,,,,,,,,,,,,,,,,0,,,,,,,,,,,,,,,,,,,,0,,,,,,,,,,,,,,,,,,,,0,,,,,,,,,,,,,,,,,,,
R0600,남,21,20대,20~24,직장인,사무/기술직,경기,서울외수도권,수도권,0,0,1,0,0,0,0,0,0,0,1,1,0,0,0,달콤한티,과일티에이드,카페라떼,0,,,,,,,,,,,,,,,,,,,,1,1.0,1.0,0.0,1.0,0.0,1.0,0.0,0.0,0.0,0.0,0.0,0.0,0.0,0.0,0.0,1.0,0.0,0.0,0.0,1,1.0,0.0,0.0,0.0,0.0,1.0,0.0,0.0,0.0,0.0,0.0,0.0,0.0,0.0,0.0,0.0,0.0,0.0,0.0,0,,,,,,,,,,,,,,,,,,,,0,,,,,,,,,,,,,,,,,,,,1,1.0,1.0,1.0,0.0,0.0,1.0,1.0,0.0,0.0,0.0,0.0,0.0,0.0,0.0,0.0,0.0,0.0,0.0,0.0
R0601,여,35,30대,35~39,직장인,사무/기술직,서울,서울,수도권,0,0,0,0,0,0,0,0,0,0,1,0,1,0,0,달콤한티,얼음갈린티,,0,,,,,,,,,,,,,,,,,,,,0,,,,,,,,,,,,,,,,,,,,1,1.0,0.0,0.0,1.0,0.0,0.0,0.0,0.0,0.0,0.0,0.0,0.0,0.0,0.0,0.0,0.0,0.0,0.0,0.0,0,,,,,,,,,,,,,,,,,,,,1,1.0,0.0,0.0,0.0,0.0,0.0,1.0,0.0,0.0,0.0,1.0,1.0,0.0,0.0,0.0,0.0,0.0,1.0,0.0,0,,,,,,,,,,,,,,,,,,,
R0602,여,48,40대,45~49,전업주부,전업주부,경남,기타지역,비수도권,0,0,0,1,0,0,0,0,0,0,1,0,1,0,0,얼음갈린티,달콤한티,카푸치노,0,,,,,,,,,,,,,,,,,,,,1,1.0,1.0,0.0,0.0,1.0,0.0,0.0,0.0,0.0,0.0,0.0,1.0,0.0,0.0,0.0,0.0,0.0,0.0,0.0,0,,,,,,,,,,,,,,,,,,,,0,,,,,,,,,,,,,,,,,,,,0,,,,,,,,,,,,,,,,,,,,1,1.0,1.0,0.0,0.0,0.0,0.0,0.0,0.0,0.0,0.0,0.0,0.0,0.0,0.0,1.0,0.0,0.0,0.0,0.0
R0603,남,57,50대,55~59,전업주부,전업주부,경기,서울외수도권,수도권,0,1,0,0,0,0,0,0,0,0,1,0,1,0,0,달콤한티,아메리카노,얼음갈린티,0,,,,,,,,,,,,,,,,,,,,1,1.0,1.0,0.0,0.0,1.0,0.0,0.0,0.0,0.0,0.0,0.0,0.0,0.0,0.0,0.0,0.0,0.0,0.0,0.0,0,,,,,,,,,,,,,,,,,,,,0,,,,,,,,,,,,,,,,,,,,1,1.0,0.0,0.0,1.0,0.0,1.0,0.0,0.0,0.0,1.0,0.0,0.0,0.0,0.0,0.0,0.0,0.0,0.0,0.0,0,,,,,,,,,,,,,,,,,,,
R0604,남,54,50대,50~54,대학(원)생,대학생,경북,기타지역,비수도권,1,1,1,0,0,0,0,0,1,0,0,1,0,0,0,아메리카노,과일티에이드,카페라떼,0,,,,,,,,,,,,,,,,,,,,1,1.0,1.0,0.0,0.0,0.0,0.0,0.0,0.0,0.0,0.0,0.0,0.0,0.0,0.0,0.0,0.0,0.0,1.0,0.0,0,,,,,,,,,,,,,,,,,,,,1,1.0,1.0,0.0,0.0,1.0,1.0,1.0,0.0,0.0,1.0,0.0,0.0,0.0,0.0,0.0,1.0,0.0,0.0,0.0,1,1.0,0.0,0.0,0.0,0.0,1.0,0.0,0.0,0.0,0.0,0.0,0.0,0.0,0.0,0.0,0.0,0.0,0.0,0.0,1,1.0,1.0,0.0,0.0,0.0,1.0,1.0,0.0,0.0,0.0,0.0,0.0,0.0,0.0,0.0,0.0,0.0,0.0,0.0
R0605,남,44,40대,40~44,직장인,경영/관리직,경기,서울외수도권,수도권,0,1,0,0,1,1,0,0,0,0,0,0,0,0,0,아메리카노,콜드브루,콜드브루라떼,1,1.0,0.0,0.0,0.0,0.0,1.0,0.0,0.0,0.0,1.0,1.0,0.0,0.0,0.0,0.0,0.0,0.0,0.0,0.0,0,,,,,,,,,,,,,,,,,,,,0,,,,,,,,,,,,,,,,,,,,0,,,,,,,,,,,,,,,,,,,,0,,,,,,,,,,,,,,,,,,,,1,1.0,1.0,0.0,0.0,0.0,1.0,0.0,0.0,0.0,0.0,0.0,0.0,0.0,0.0,1.0,0.0,0.0,0.0,0.0
R0606,여,50,50대,50~54,직장인,사무/기술직,충남,기타지역,비수도권,0,1,0,1,0,0,0,0,0,0,0,0,0,0,0,아메리카노,카푸치노,,1,1.0,0.0,0.0,1.0,0.0,0.0,0.0,0.0,0.0,0.0,0.0,0.0,0.0,0.0,0.0,0.0,0.0,0.0,0.0,0,,,,,,,,,,,,,,,,,,,,0,,,,,,,,,,,,,,,,,,,,0,,,,,,,,,,,,,,,,,,,,0,,,,,,,,,,,,,,,,,,,,0,,,,,,,,,,,,,,,,,,,
R0607,남,31,30대,30~34,직장인,경영/관리직,전북,기타지역,비수도권,0,1,0,0,0,0,0,1,0,0,0,0,0,0,0,아메리카노,달콤한커피류,,0,,,,,,,,,,,,,,,,,,,,1,1.0,0.0,0.0,1.0,0.0,0.0,1.0,0.0,0.0,0.0,0.0,0.0,0.0,0.0,0.0,0.0,0.0,0.0,0.0,0,,,,,,,,,,,,,,,,,,,,0,,,,,,,,,,,,,,,,,,,,1,1.0,1.0,0.0,1.0,0.0,0.0,0.0,0.0,0.0,0.0,0.0,0.0,0.0,0.0,0.0,0.0,0.0,0.0,0.0,0,,,,,,,,,,,,,,,,,,,
R0608,여,25,20대,25~29,기타직업,자영업,서울,서울,수도권,0,1,0,0,0,0,0,0,0,0,0,1,1,0,1,아메리카노,주스에이드,얼음갈린티,0,,,,,,,,,,,,,,,,,,,,0,,,,,,,,,,,,,,,,,,,,0,,,,,,,,,,,,,,,,,,,,0,,,,,,,,,,,,,,,,,,,,0,,,,,,,,,,,,,,,,,,,,0,,,,,,,,,,,,,,,,,,,
R0609,남,44,40대,40~44,직장인,경영/관리직,서울,서울,수도권,0,1,0,0,0,0,0,0,0,0,0,0,0,0,0,아메리카노,,,0,,,,,,,,,,,,,,,,,,,,0,,,,,,,,,,,,,,,,,,,,0,,,,,,,,,,,,,,,,,,,,1,1.0,0.0,0.0,0.0,0.0,1.0,0.0,0.0,0.0,0.0,0.0,0.0,0.0,0.0,0.0,0.0,0.0,0.0,0.0,1,1.0,0.0,0.0,0.0,0.0,0.0,0.0,0.0,0.0,1.0,0.0,0.0,0.0,0.0,0.0,0.0,0.0,0.0,0.0,0,,,,,,,,,,,,,,,,,,,
R0610,여,22,20대,20~24,기타직업,기타,경기,서울외수도권,수도권,0,0,1,0,0,0,0,1,0,0,0,1,0,0,0,달콤한커피류,카페라떼,과일티에이드,0,,,,,,,,,,,,,,,,,,,,0,,,,,,,,,,,,,,,,,,,,1,1.0,1.0,0.0,1.0,0.0,0.0,0.0,0.0,0.0,1.0,0.0,0.0,0.0,0.0,1.0,0.0,0.0,0.0,0.0,1,1.0,0.0,0.0,0.0,0.0,0.0,0.0,1.0,0.0,0.0,0.0,0.0,0.0,0.0,0.0,0.0,0.0,0.0,1.0,1,1.0,1.0,0.0,0.0,1.0,0.0,0.0,0.0,0.0,0.0,0.0,1.0,0.0,0.0,0.0,0.0,0.0,0.0,0.0,1,1.0,1.0,0.0,0.0,1.0,0.0,1.0,0.0,0.0,1.0,1.0,0.0,0.0,0.0,0.0,0.0,0.0,0.0,0.0
R0611,남,41,40대,40~44,직장인,사무/기술직,인천,서울외수도권,수도권,0,0,0,1,0,0,0,0,0,0,1,1,0,1,1,주스에이드,달콤한티,과일티에이드,0,,,,,,,,,,,,,,,,,,,,0,,,,,,,,,,,,,,,,,,,,0,,,,,,,,,,,,,,,,,,,,1,1.0,1.0,0.0,1.0,1.0,1.0,0.0,0.0,0.0,0.0,0.0,0.0,0.0,0.0,0.0,1.0,0.0,0.0,0.0,0,,,,,,,,,,,,,,,,,,,,0,,,,,,,,,,,,,,,,,,,
R0612,남,51,50대,50~54,직장인,자영업,부산,5대광역시,비수도권,0,1,0,0,0,0,0,0,0,0,0,0,0,0,0,아메리카노,,,1,1.0,0.0,0.0,0.0,0.0,0.0,0.0,0.0,0.0,0.0,0.0,0.0,0.0,0.0,0.0,0.0,0.0,0.0,0.0,0,,,,,,,,,,,,,,,,,,,,1,1.0,0.0,0.0,1.0,0.0,1.0,0.0,1.0,0.0,0.0,1.0,1.0,0.0,0.0,0.0,0.0,1.0,0.0,0.0,1,1.0,0.0,0.0,0.0,0.0,1.0,1.0,0.0,0.0,0.0,0.0,0.0,0.0,0.0,0.0,0.0,0.0,0.0,0.0,1,1.0,0.0,0.0,0.0,1.0,0.0,1.0,0.0,1.0,0.0,1.0,0.0,0.0,0.0,0.0,1.0,0.0,0.0,0.0,0,,,,,,,,,,,,,,,,,,,
R0613,여,48,40대,45~49,직장인,사무/기술직,경북,기타지역,비수도권,0,0,0,1,0,0,0,0,0,0,0,0,0,0,0,카푸치노,,,0,,,,,,,,,,,,,,,,,,,,0,,,,,,,,,,,,,,,,,,,,0,,,,,,,,,,,,,,,,,,,,0,,,,,,,,,,,,,,,,,,,,0,,,,,,,,,,,,,,,,,,,,1,1.0,1.0,0.0,1.0,0.0,1.0,0.0,0.0,1.0,0.0,0.0,0.0,0.0,0.0,0.0,0.0,0.0,0.0,0.0
R0614,여,49,40대,45~49,직장인,자유/전문직,경북,기타지역,비수도권,0,0,1,0,0,0,0,1,0,0,0,0,1,1,0,카페라떼,얼음갈린티,달콤한커피류,0,,,,,,,,,,,,,,,,,,,,0,,,,,,,,,,,,,,,,,,,,0,,,,,,,,,,,,,,,,,,,,1,1.0,1.0,1.0,0.0,0.0,0.0,0.0,0.0,0.0,0.0,0.0,0.0,0.0,0.0,0.0,0.0,0.0,0.0,0.0,1,1.0,0.0,0.0,0.0,0.0,0.0,0.0,0.0,0.0,0.0,0.0,0.0,0.0,0.0,0.0,0.0,0.0,0.0,0.0,0,,,,,,,,,,,,,,,,,,,
R0615,남,47,40대,45~49,직장인,사무/기술직,경기,서울외수도권,수도권,0,1,0,0,0,0,0,0,0,0,0,1,1,0,0,아메리카노,얼음갈린티,과일티에이드,0,,,,,,,,,,,,,,,,,,,,1,1.0,1.0,0.0,0.0,0.0,1.0,1.0,0.0,0.0,0.0,0.0,0.0,0.0,0.0,0.0,0.0,0.0,0.0,0.0,0,,,,,,,,,,,,,,,,,,,,1,1.0,1.0,0.0,1.0,1.0,0.0,1.0,1.0,0.0,0.0,0.0,0.0,0.0,0.0,0.0,0.0,0.0,0.0,0.0,0,,,,,,,,,,,,,,,,,,,,0,,,,,,,,,,,,,,,,,,,
R0616,여,24,20대,20~24,직장인,기능/작업직,서울,서울,수도권,0,1,1,1,0,0,0,1,0,0,0,0,1,0,0,얼음갈린티,카페라떼,달콤한커피류,0,,,,,,,,,,,,,,,,,,,,0,,,,,,,,,,,,,,,,,,,,1,1.0,0.0,0.0,0.0,0.0,1.0,0.0,0.0,0.0,0.0,0.0,1.0,0.0,0.0,0.0,0.0,0.0,0.0,0.0,0,,,,,,,,,,,,,,,,,,,,0,,,,,,,,,,,,,,,,,,,,0,,,,,,,,,,,,,,,,,,,
R0617,여,47,40대,45~49,기타직업,무직,인천,서울외수도권,수도권,0,0,0,0,0,0,1,0,0,0,0,1,0,0,0,드립핸드드립,과일티에이드,,0,,,,,,,,,,,,,,,,,,,,0,,,,,,,,,,,,,,,,,,,,0,,,,,,,,,,,,,,,,,,,,1,1.0,0.0,0.0,0.0,0.0,1.0,1.0,0.0,0.0,0.0,0.0,1.0,0.0,0.0,0.0,0.0,0.0,0.0,0.0,1,1.0,0.0,0.0,0.0,0.0,0.0,0.0,0.0,0.0,1.0,0.0,0.0,0.0,0.0,0.0,0.0,0.0,0.0,0.0,1,1.0,1.0,0.0,0.0,0.0,0.0,0.0,0.0,0.0,1.0,1.0,0.0,0.0,0.0,0.0,0.0,0.0,0.0,0.0
R0618,여,42,40대,40~44,직장인,자유/전문직,서울,서울,수도권,0,1,1,1,1,0,0,1,0,0,0,1,0,0,0,아메리카노,달콤한커피류,카푸치노,1,1.0,0.0,0.0,1.0,0.0,1.0,0.0,0.0,0.0,0.0,0.0,0.0,0.0,0.0,1.0,0.0,0.0,0.0,0.0,1,1.0,1.0,1.0,0.0,0.0,0.0,0.0,0.0,0.0,1.0,1.0,0.0,0.0,0.0,0.0,0.0,1.0,0.0,0.0,0,,,,,,,,,,,,,,,,,,,,0,,,,,,,,,,,,,,,,,,,,0,,,,,,,,,,,,,,,,,,,,1,1.0,0.0,0.0,1.0,0.0,0.0,1.0,0.0,0.0,0.0,0.0,0.0,0.0,0.0,0.0,0.0,0.0,0.0,0.0
R0619,남,59,50대,55~59,직장인,사무/기술직,서울,서울,수도권,0,1,0,0,0,0,0,1,0,1,0,0,1,0,0,달콤한커피류,아메리카노,기본티,0,,,,,,,,,,,,,,,,,,,,1,1.0,1.0,0.0,0.0,0.0,0.0,0.0,0.0,0.0,0.0,0.0,0.0,0.0,0.0,0.0,0.0,1.0,0.0,0.0,0,,,,,,,,,,,,,,,,,,,,0,,,,,,,,,,,,,,,,,,,,1,1.0,1.0,0.0,0.0,0.0,1.0,1.0,0.0,0.0,1.0,1.0,0.0,0.0,0.0,0.0,0.0,0.0,1.0,0.0,0,,,,,,,,,,,,,,,,,,,
R0620,남,29,20대,25~29,전업주부,전업주부,부산,5대광역시,비수도권,1,1,0,0,1,0,0,0,0,0,0,0,0,0,0,아메리카노,에스프레소,콜드브루,1,1.0,1.0,0.0,1.0,0.0,0.0,0.0,0.0,0.0,0.0,0.0,0.0,0.0,0.0,0.0,0.0,0.0,0.0,0.0,0,,,,,,,,,,,,,,,,,,,,1,1.0,1.0,0.0,0.0,1.0,1.0,1.0,0.0,0.0,0.0,0.0,0.0,0.0,0.0,1.0,0.0,0.0,0.0,0.0,1,1.0,1.0,0.0,0.0,0.0,0.0,0.0,0.0,0.0,0.0,0.0,0.0,0.0,0.0,0.0,0.0,0.0,0.0,0.0,1,1.0,1.0,0.0,0.0,1.0,1.0,0.0,0.0,0.0,0.0,1.0,0.0,0.0,0.0,0.0,0.0,1.0,0.0,0.0,0,,,,,,,,,,,,,,,,,,,
R0621,여,26,20대,25~29,직장인,사무/기술직,강원,기타지역,비수도권,1,0,0,0,1,0,0,0,1,0,1,0,0,0,1,콜드브루,달콤한티,주스에이드,1,1.0,1.0,0.0,0.0,1.0,0.0,0.0,0.0,0.0,0.0,1.0,0.0,0.0,0.0,0.0,0.0,0.0,0.0,0.0,0,,,,,,,,,,,,,,,,,,,,0,,,,,,,,,,,,,,,,,,,,1,1.0,1.0,0.0,0.0,0.0,0.0,0.0,0.0,0.0,0.0,0.0,0.0,0.0,0.0,0.0,0.0,0.0,0.0,0.0,0,,,,,,,,,,,,,,,,,,,,0,,,,,,,,,,,,,,,,,,,
R0622,남,56,50대,55~59,전업주부,전업주부,경기,서울외수도권,수도권,0,1,1,0,1,1,0,0,0,0,0,0,1,0,0,아메리카노,콜드브루라떼,콜드브루,1,1.0,0.0,1.0,1.0,0.0,1.0,0.0,0.0,0.0,0.0,0.0,0.0,0.0,0.0,1.0,0.0,1.0,0.0,0.0,1,1.0,0.0,0.0,0.0,0.0,0.0,0.0,0.0,0.0,1.0,0.0,0.0,0.0,0.0,0.0,0.0,0.0,0.0,0.0,0,,,,,,,,,,,,,,,,,,,,0,,,,,,,,,,,,,,,,,,,,1,1.0,0.0,0.0,1.0,0.0,1.0,0.0,0.0,0.0,0.0,0.0,0.0,1.0,0.0,0.0,0.0,0.0,0.0,0.0,0,,,,,,,,,,,,,,,,,,,
R0623,남,53,50대,50~54,직장인,사무/기술직,대전,5대광역시,비수도권,0,1,1,0,0,0,0,0,0,1,0,0,0,1,0,아메리카노,카페라떼,스무디쉐이크,0,,,,,,,,,,,,,,,,,,,,0,,,,,,,,,,,,,,,,,,,,0,,,,,,,,,,,,,,,,,,,,0,,,,,,,,,,,,,,,,,,,,0,,,,,,,,,,,,,,,,,,,,0,,,,,,,,,,,,,,,,,,,
R0624,남,38,30대,35~39,직장인,사무/기술직,경기,서울외수도권,수도권,0,1,1,0,0,0,1,0,1,0,0,0,0,0,0,아메리카노,카페라떼,드립핸드드립,0,,,,,,,,,,,,,,,,,,,,1,1.0,1.0,0.0,0.0,0.0,1.0,1.0,0.0,0.0,0.0,0.0,0.0,0.0,0.0,0.0,0.0,0.0,0.0,0.0,0,,,,,,,,,,,,,,,,,,,,0,,,,,,,,,,,,,,,,,,,,1,1.0,1.0,0.0,1.0,0.0,0.0,0.0,0.0,1.0,0.0,0.0,0.0,0.0,0.0,0.0,0.0,0.0,0.0,0.0,0,,,,,,,,,,,,,,,,,,,
R0625,여,57,50대,55~59,전업주부,전업주부,경기,서울외수도권,수도권,0,1,0,0,0,0,0,0,1,0,0,0,0,0,0,아메리카노,얼음갈린커피,,1,1.0,0.0,0.0,1.0,0.0,0.0,0.0,0.0,0.0,0.0,1.0,0.0,0.0,0.0,0.0,0.0,1.0,0.0,0.0,1,1.0,1.0,0.0,1.0,0.0,1.0,0.0,0.0,0.0,0.0,1.0,0.0,0.0,0.0,0.0,0.0,0.0,1.0,0.0,0,,,,,,,,,,,,,,,,,,,,0,,,,,,,,,,,,,,,,,,,,1,1.0,0.0,1.0,1.0,0.0,1.0,1.0,0.0,0.0,0.0,0.0,0.0,0.0,0.0,0.0,0.0,0.0,0.0,0.0,0,,,,,,,,,,,,,,,,,,,
R0626,남,52,50대,50~54,기타직업,무직,경기,서울외수도권,수도권,0,1,0,0,0,1,0,0,0,0,0,1,0,1,0,아메리카노,스무디쉐이크,과일티에이드,0,,,,,,,,,,,,,,,,,,,,0,,,,,,,,,,,,,,,,,,,,1,1.0,1.0,0.0,0.0,1.0,0.0,0.0,0.0,1.0,0.0,0.0,0.0,0.0,0.0,0.0,0.0,1.0,0.0,0.0,0,,,,,,,,,,,,,,,,,,,,1,1.0,0.0,0.0,0.0,0.0,1.0,0.0,0.0,0.0,0.0,0.0,0.0,0.0,0.0,0.0,0.0,1.0,0.0,0.0,0,,,,,,,,,,,,,,,,,,,
R0627,여,56,50대,55~59,기타직업,기능/작업직,대구,5대광역시,비수도권,0,1,1,0,0,0,0,0,0,0,0,0,0,0,0,아메리카노,카페라떼,,0,,,,,,,,,,,,,,,,,,,,1,1.0,1.0,1.0,0.0,1.0,0.0,0.0,0.0,0.0,0.0,1.0,1.0,0.0,0.0,0.0,0.0,0.0,0.0,0.0,1,1.0,0.0,1.0,1.0,0.0,1.0,0.0,0.0,0.0,0.0,0.0,1.0,1.0,0.0,0.0,0.0,0.0,0.0,0.0,1,1.0,1.0,0.0,0.0,0.0,0.0,0.0,0.0,0.0,0.0,0.0,0.0,0.0,0.0,0.0,0.0,0.0,0.0,0.0,0,,,,,,,,,,,,,,,,,,,,0,,,,,,,,,,,,,,,,,,,
R0628,여,57,50대,55~59,직장인,자유/전문직,서울,서울,수도권,0,1,0,0,0,0,0,0,0,0,0,0,0,0,1,아메리카노,주스에이드,,0,,,,,,,,,,,,,,,,,,,,0,,,,,,,,,,,,,,,,,,,,1,1.0,1.0,0.0,0.0,0.0,1.0,1.0,0.0,0.0,0.0,0.0,0.0,0.0,0.0,0.0,0.0,1.0,0.0,1.0,1,1.0,0.0,0.0,0.0,0.0,0.0,0.0,0.0,0.0,0.0,1.0,0.0,0.0,0.0,0.0,0.0,0.0,0.0,0.0,0,,,,,,,,,,,,,,,,,,,,0,,,,,,,,,,,,,,,,,,,
R0629,남,30,30대,30~34,전업주부,전업주부,서울,서울,수도권,0,0,0,0,0,0,0,0,0,0,0,1,1,0,0,과일티에이드,얼음갈린티,,1,1.0,1.0,0.0,0.0,1.0,0.0,0.0,0.0,0.0,1.0,0.0,0.0,0.0,0.0,0.0,0.0,0.0,0.0,0.0,0,,,,,,,,,,,,,,,,,,,,0,,,,,,,,,,,,,,,,,,,,0,,,,,,,,,,,,,,,,,,,,0,,,,,,,,,,,,,,,,,,,,0,,,,,,,,,,,,,,,,,,,
R0630,남,28,20대,25~29,직장인,사무/기술직,서울,서울,수도권,0,1,1,0,1,0,0,0,1,1,1,0,0,0,0,기본티,아메리카노,달콤한티,1,1.0,1.0,0.0,0.0,0.0,0.0,0.0,0.0,0.0,0.0,0.0,0.0,0.0,0.0,1.0,0.0,0.0,0.0,0.0,1,1.0,1.0,0.0,0.0,0.0,0.0,1.0,0.0,0.0,1.0,0.0,0.0,0.0,0.0,0.0,0.0,0.0,0.0,0.0,1,1.0,0.0,0.0,1.0,1.0,1.0,1.0,0.0,0.0,1.0,0.0,0.0,0.0,0.0,0.0,0.0,0.0,0.0,0.0,0,,,,,,,,,,,,,,,,,,,,0,,,,,,,,,,,,,,,,,,,,0,,,,,,,,,,,,,,,,,,,
R0631,남,23,20대,20~24,직장인,사무/기술직,인천,서울외수도권,수도권,0,1,1,0,0,0,0,1,0,0,1,0,0,1,0,아메리카노,카페라떼,달콤한커피류,0,,,,,,,,,,,,,,,,,,,,1,1.0,1.0,0.0,0.0,0.0,0.0,0.0,0.0,0.0,1.0,1.0,0.0,0.0,0.0,0.0,0.0,0.0,0.0,0.0,0,,,,,,,,,,,,,,,,,,,,0,,,,,,,,,,,,,,,,,,,,1,1.0,0.0,0.0,0.0,0.0,0.0,1.0,0.0,0.0,0.0,0.0,0.0,0.0,0.0,0.0,0.0,0.0,0.0,0.0,0,,,,,,,,,,,,,,,,,,,
R0632,남,59,50대,55~59,직장인,사무/기술직,인천,서울외수도권,수도권,0,1,0,0,0,0,0,0,0,0,1,0,0,0,0,아메리카노,달콤한티,,0,,,,,,,,,,,,,,,,,,,,0,,,,,,,,,,,,,,,,,,,,1,1.0,0.0,1.0,1.0,0.0,1.0,0.0,0.0,0.0,0.0,0.0,0.0,0.0,0.0,0.0,0.0,0.0,0.0,0.0,0,,,,,,,,,,,,,,,,,,,,0,,,,,,,,,,,,,,,,,,,,1,1.0,0.0,1.0,0.0,0.0,1.0,0.0,0.0,0.0,0.0,0.0,0.0,0.0,0.0,0.0,0.0,0.0,0.0,0.0
R0633,남,58,50대,55~59,직장인,사무/기술직,광주,5대광역시,비수도권,0,1,1,0,0,0,0,0,0,0,0,0,0,0,0,아메리카노,카페라떼,,0,,,,,,,,,,,,,,,,,,,,0,,,,,,,,,,,,,,,,,,,,1,1.0,1.0,0.0,0.0,1.0,0.0,0.0,0.0,0.0,1.0,0.0,0.0,0.0,0.0,0.0,0.0,0.0,0.0,0.0,0,,,,,,,,,,,,,,,,,,,,1,1.0,1.0,0.0,0.0,0.0,1.0,0.0,0.0,0.0,0.0,0.0,0.0,0.0,0.0,0.0,0.0,1.0,0.0,0.0,0,,,,,,,,,,,,,,,,,,,
R0634,남,50,50대,50~54,직장인,농/임/어/축산업,경기,서울외수도권,수도권,0,1,0,1,0,0,0,0,0,0,0,0,0,0,1,아메리카노,카푸치노,주스에이드,1,1.0,1.0,0.0,0.0,0.0,1.0,0.0,0.0,0.0,0.0,0.0,1.0,0.0,0.0,0.0,0.0,0.0,0.0,0.0,1,1.0,0.0,1.0,0.0,0.0,0.0,1.0,0.0,1.0,1.0,1.0,1.0,0.0,0.0,0.0,0.0,0.0,0.0,0.0,1,1.0,1.0,0.0,0.0,1.0,0.0,0.0,0.0,0.0,0.0,0.0,0.0,0.0,0.0,0.0,0.0,0.0,0.0,0.0,0,,,,,,,,,,,,,,,,,,,,1,1.0,1.0,0.0,0.0,0.0,0.0,0.0,0.0,0.0,0.0,0.0,0.0,0.0,0.0,0.0,1.0,0.0,1.0,0.0,0,,,,,,,,,,,,,,,,,,,
R0635,여,37,30대,35~39,대학(원)생,대학생,서울,서울,수도권,0,0,1,0,0,0,0,1,0,0,0,1,1,0,0,카페라떼,과일티에이드,달콤한커피류,0,,,,,,,,,,,,,,,,,,,,1,1.0,1.0,0.0,0.0,0.0,1.0,0.0,0.0,0.0,0.0,0.0,0.0,1.0,0.0,0.0,0.0,1.0,0.0,0.0,0,,,,,,,,,,,,,,,,,,,,0,,,,,,,,,,,,,,,,,,,,0,,,,,,,,,,,,,,,,,,,,1,1.0,1.0,1.0,0.0,0.0,0.0,0.0,0.0,0.0,1.0,0.0,0.0,0.0,0.0,0.0,0.0,1.0,0.0,0.0
R0636,여,53,50대,50~54,기타직업,판매/영업 서비스직,서울,서울,수도권,0,1,0,1,0,0,0,1,0,0,0,0,1,0,0,아메리카노,달콤한커피류,카푸치노,0,,,,,,,,,,,,,,,,,,,,1,1.0,1.0,0.0,0.0,1.0,0.0,1.0,0.0,0.0,0.0,0.0,0.0,0.0,0.0,0.0,0.0,0.0,0.0,0.0,1,1.0,0.0,0.0,0.0,0.0,1.0,1.0,0.0,0.0,0.0,0.0,0.0,0.0,0.0,0.0,0.0,1.0,0.0,0.0,1,1.0,1.0,0.0,1.0,1.0,0.0,1.0,0.0,0.0,0.0,0.0,0.0,0.0,0.0,0.0,0.0,0.0,0.0,0.0,0,,,,,,,,,,,,,,,,,,,,0,,,,,,,,,,,,,,,,,,,
R0637,남,30,30대,30~34,직장인,자유/전문직,경기,서울외수도권,수도권,0,0,0,0,0,0,0,1,0,0,0,1,0,0,0,달콤한커피류,과일티에이드,,1,1.0,0.0,1.0,0.0,1.0,0.0,0.0,0.0,0.0,0.0,0.0,0.0,0.0,0.0,0.0,0.0,0.0,0.0,0.0,0,,,,,,,,,,,,,,,,,,,,1,1.0,0.0,1.0,0.0,0.0,0.0,1.0,1.0,0.0,0.0,0.0,0.0,0.0,0.0,0.0,0.0,0.0,0.0,0.0,0,,,,,,,,,,,,,,,,,,,,0,,,,,,,,,,,,,,,,,,,,0,,,,,,,,,,,,,,,,,,,
R0638,남,25,20대,25~29,직장인,사무/기술직,광주,5대광역시,비수도권,0,1,1,0,0,0,0,0,0,0,0,0,1,0,0,카페라떼,아메리카노,얼음갈린티,0,,,,,,,,,,,,,,,,,,,,0,,,,,,,,,,,,,,,,,,,,0,,,,,,,,,,,,,,,,,,,,0,,,,,,,,,,,,,,,,,,,,0,,,,,,,,,,,,,,,,,,,,1,1.0,1.0,0.0,0.0,1.0,0.0,0.0,1.0,0.0,1.0,0.0,0.0,0.0,0.0,0.0,0.0,0.0,0.0,0.0
R0639,여,56,50대,55~59,기타직업,무직,부산,5대광역시,비수도권,0,0,1,0,0,0,0,0,0,1,0,0,0,1,0,카페라떼,기본티,스무디쉐이크,1,1.0,0.0,0.0,1.0,1.0,0.0,1.0,0.0,0.0,0.0,0.0,0.0,0.0,0.0,0.0,0.0,0.0,0.0,0.0,1,1.0,1.0,0.0,0.0,0.0,1.0,1.0,0.0,0.0,0.0,1.0,1.0,0.0,0.0,0.0,1.0,0.0,0.0,0.0,0,,,,,,,,,,,,,,,,,,,,0,,,,,,,,,,,,,,,,,,,,0,,,,,,,,,,,,,,,,,,,,0,,,,,,,,,,,,,,,,,,,
R0640,남,43,40대,40~44,기타직업,경영/관리직,서울,서울,수도권,0,1,0,1,0,0,0,1,0,0,0,0,1,1,0,아메리카노,스무디쉐이크,달콤한커피류,1,1.0,0.0,1.0,1.0,1.0,0.0,0.0,0.0,0.0,0.0,0.0,0.0,0.0,0.0,0.0,0.0,0.0,0.0,0.0,0,,,,,,,,,,,,,,,,,,,,0,,,,,,,,,,,,,,,,,,,,1,1.0,0.0,1.0,0.0,0.0,1.0,0.0,0.0,0.0,0.0,0.0,0.0,0.0,0.0,0.0,0.0,0.0,0.0,0.0,0,,,,,,,,,,,,,,,,,,,,1,1.0,0.0,0.0,1.0,1.0,0.0,0.0,0.0,0.0,0.0,1.0,0.0,0.0,0.0,0.0,0.0,0.0,0.0,0.0
R0641,남,52,50대,50~54,직장인,사무/기술직,대구,5대광역시,비수도권,0,1,0,1,0,0,0,0,0,0,1,1,0,1,1,아메리카노,달콤한티,카푸치노,0,,,,,,,,,,,,,,,,,,,,1,1.0,0.0,1.0,1.0,1.0,0.0,0.0,0.0,0.0,0.0,0.0,0.0,0.0,0.0,0.0,0.0,0.0,0.0,0.0,0,,,,,,,,,,,,,,,,,,,,0,,,,,,,,,,,,,,,,,,,,0,,,,,,,,,,,,,,,,,,,,1,1.0,0.0,0.0,0.0,0.0,0.0,1.0,0.0,0.0,0.0,0.0,0.0,0.0,0.0,0.0,1.0,0.0,0.0,0.0
R0642,남,35,30대,35~39,직장인,자영업,서울,서울,수도권,0,0,0,0,1,0,0,0,0,1,0,0,0,0,0,콜드브루,기본티,,0,,,,,,,,,,,,,,,,,,,,0,,,,,,,,,,,,,,,,,,,,0,,,,,,,,,,,,,,,,,,,,1,1.0,0.0,0.0,0.0,0.0,0.0,1.0,0.0,0.0,1.0,0.0,0.0,0.0,0.0,0.0,1.0,0.0,0.0,0.0,0,,,,,,,,,,,,,,,,,,,,1,1.0,1.0,0.0,0.0,0.0,1.0,1.0,1.0,0.0,0.0,0.0,0.0,0.0,0.0,0.0,0.0,0.0,0.0,0.0
R0643,여,35,30대,35~39,대학(원)생,대학생,경북,기타지역,비수도권,0,0,1,0,0,0,0,0,0,0,0,0,1,0,1,주스에이드,카페라떼,얼음갈린티,0,,,,,,,,,,,,,,,,,,,,0,,,,,,,,,,,,,,,,,,,,1,1.0,1.0,0.0,1.0,1.0,1.0,0.0,0.0,0.0,0.0,0.0,0.0,0.0,0.0,0.0,0.0,0.0,0.0,0.0,1,1.0,1.0,0.0,1.0,1.0,0.0,0.0,0.0,0.0,0.0,0.0,0.0,0.0,0.0,0.0,0.0,0.0,0.0,0.0,0,,,,,,,,,,,,,,,,,,,,0,,,,,,,,,,,,,,,,,,,
R0644,여,56,50대,55~59,전업주부,전업주부,충남,기타지역,비수도권,0,1,1,0,0,0,1,0,0,1,0,0,0,1,0,아메리카노,드립핸드드립,카페라떼,1,1.0,0.0,0.0,1.0,1.0,0.0,0.0,0.0,0.0,0.0,0.0,0.0,0.0,0.0,0.0,0.0,0.0,0.0,0.0,0,,,,,,,,,,,,,,,,,,,,0,,,,,,,,,,,,,,,,,,,,0,,,,,,,,,,,,,,,,,,,,1,1.0,0.0,0.0,0.0,0.0,1.0,1.0,0.0,0.0,0.0,0.0,0.0,0.0,0.0,0.0,0.0,0.0,0.0,0.0,0,,,,,,,,,,,,,,,,,,,
R0645,여,20,20대,20~24,직장인,사무/기술직,대구,5대광역시,비수도권,0,1,1,0,1,0,0,0,0,0,0,0,0,1,0,아메리카노,카페라떼,스무디쉐이크,0,,,,,,,,,,,,,,,,,,,,0,,,,,,,,,,,,,,,,,,,,0,,,,,,,,,,,,,,,,,,,,0,,,,,,,,,,,,,,,,,,,,0,,,,,,,,,,,,,,,,,,,,0,,,,,,,,,,,,,,,,,,,
R0646,여,57,50대,55~59,기타직업,판매/영업 서비스직,경북,기타지역,비수도권,0,0,1,0,0,0,0,1,0,0,0,0,0,0,0,카페라떼,달콤한커피류,,0,,,,,,,,,,,,,,,,,,,,0,,,,,,,,,,,,,,,,,,,,0,,,,,,,,,,,,,,,,,,,,0,,,,,,,,,,,,,,,,,,,,0,,,,,,,,,,,,,,,,,,,,0,,,,,,,,,,,,,,,,,,,
R0647,여,30,30대,30~34,직장인,경영/관리직,경남,기타지역,비수도권,0,0,0,0,0,0,0,1,1,0,0,1,0,0,0,달콤한커피류,과일티에이드,얼음갈린커피,0,,,,,,,,,,,,,,,,,,,,1,1.0,0.0,0.0,1.0,1.0,0.0,1.0,0.0,0.0,0.0,1.0,0.0,0.0,0.0,0.0,0.0,0.0,0.0,0.0,0,,,,,,,,,,,,,,,,,,,,0,,,,,,,,,,,,,,,,,,,,0,,,,,,,,,,,,,,,,,,,,0,,,,,,,,,,,,,,,,,,,
R0648,여,57,50대,55~59,직장인,사무/기술직,서울,서울,수도권,0,1,0,0,0,0,1,1,0,0,0,1,1,0,0,과일티에이드,얼음갈린티,달콤한커피류,0,,,,,,,,,,,,,,,,,,,,1,1.0,0.0,0.0,0.0,0.0,1.0,1.0,0.0,0.0,1.0,0.0,0.0,0.0,0.0,0.0,0.0,0.0,0.0,1.0,0,,,,,,,,,,,,,,,,,,,,0,,,,,,,,,,,,,,,,,,,,0,,,,,,,,,,,,,,,,,,,,0,,,,,,,,,,,,,,,,,,,
R0649,남,54,50대,50~54,기타직업,무직,전북,기타지역,비수도권,0,1,0,0,0,0,0,0,0,0,0,0,0,0,0,아메리카노,,,1,1.0,1.0,0.0,1.0,0.0,0.0,0.0,0.0,0.0,0.0,0.0,0.0,0.0,0.0,0.0,0.0,1.0,0.0,0.0,1,1.0,1.0,0.0,0.0,0.0,1.0,1.0,0.0,0.0,0.0,0.0,0.0,0.0,0.0,0.0,0.0,0.0,0.0,0.0,0,,,,,,,,,,,,,,,,,,,,0,,,,,,,,,,,,,,,,,,,,1,1.0,1.0,1.0,0.0,0.0,0.0,1.0,0.0,0.0,0.0,0.0,0.0,0.0,0.0,0.0,0.0,0.0,0.0,0.0,0,,,,,,,,,,,,,,,,,,,
R0650,남,50,50대,50~54,전업주부,전업주부,서울,서울,수도권,0,0,0,0,0,0,0,0,0,0,0,0,1,0,0,얼음갈린티,,,1,1.0,1.0,1.0,1.0,1.0,1.0,0.0,0.0,0.0,0.0,0.0,0.0,0.0,0.0,0.0,0.0,0.0,0.0,0.0,1,1.0,1.0,0.0,0.0,0.0,1.0,0.0,0.0,0.0,1.0,0.0,1.0,0.0,0.0,0.0,0.0,0.0,0.0,0.0,1,1.0,0.0,0.0,0.0,0.0,0.0,0.0,0.0,1.0,0.0,0.0,0.0,0.0,0.0,0.0,0.0,1.0,0.0,0.0,0,,,,,,,,,,,,,,,,,,,,0,,,,,,,,,,,,,,,,,,,,0,,,,,,,,,,,,,,,,,,,
R0651,남,55,50대,55~59,기타직업,자유/전문직,강원,기타지역,비수도권,0,1,0,0,0,0,0,0,0,0,0,1,0,0,0,아메리카노,과일티에이드,,0,,,,,,,,,,,,,,,,,,,,0,,,,,,,,,,,,,,,,,,,,0,,,,,,,,,,,,,,,,,,,,0,,,,,,,,,,,,,,,,,,,,0,,,,,,,,,,,,,,,,,,,,1,1.0,1.0,1.0,0.0,0.0,1.0,1.0,0.0,0.0,0.0,0.0,0.0,0.0,0.0,0.0,0.0,0.0,0.0,0.0
R0652,남,37,30대,35~39,직장인,사무/기술직,경기,서울외수도권,수도권,0,0,0,0,1,0,1,0,0,0,0,0,1,0,0,얼음갈린티,드립핸드드립,콜드브루,1,1.0,1.0,0.0,0.0,1.0,0.0,0.0,0.0,0.0,0.0,0.0,0.0,0.0,0.0,0.0,1.0,1.0,0.0,0.0,0,,,,,,,,,,,,,,,,,,,,0,,,,,,,,,,,,,,,,,,,,1,1.0,1.0,1.0,0.0,1.0,0.0,0.0,0.0,1.0,0.0,0.0,1.0,0.0,0.0,1.0,0.0,0.0,0.0,0.0,1,1.0,1.0,1.0,0.0,0.0,0.0,1.0,0.0,1.0,0.0,0.0,1.0,0.0,0.0,0.0,0.0,0.0,0.0,0.0,1,1.0,1.0,0.0,0.0,1.0,0.0,1.0,0.0,0.0,1.0,0.0,1.0,0.0,0.0,0.0,0.0,0.0,0.0,0.0
R0653,여,56,50대,55~59,대학(원)생,대학생,서울,서울,수도권,0,1,0,0,1,0,0,0,0,0,1,0,0,0,0,콜드브루,아메리카노,달콤한티,0,,,,,,,,,,,,,,,,,,,,1,1.0,1.0,0.0,0.0,0.0,1.0,0.0,1.0,0.0,0.0,0.0,0.0,0.0,0.0,0.0,0.0,0.0,0.0,0.0,1,1.0,0.0,0.0,0.0,0.0,1.0,0.0,0.0,0.0,0.0,0.0,0.0,0.0,0.0,0.0,0.0,1.0,0.0,0.0,0,,,,,,,,,,,,,,,,,,,,0,,,,,,,,,,,,,,,,,,,,1,1.0,1.0,0.0,0.0,1.0,0.0,0.0,0.0,0.0,1.0,0.0,0.0,0.0,0.0,1.0,1.0,1.0,0.0,0.0
R0654,남,22,20대,20~24,직장인,사무/기술직,경남,기타지역,비수도권,0,1,1,0,0,0,0,0,1,0,1,0,0,0,0,아메리카노,카페라떼,달콤한티,0,,,,,,,,,,,,,,,,,,,,1,1.0,1.0,0.0,0.0,1.0,1.0,0.0,0.0,0.0,0.0,0.0,0.0,0.0,0.0,0.0,0.0,0.0,0.0,0.0,1,1.0,1.0,0.0,0.0,0.0,0.0,0.0,0.0,0.0,0.0,0.0,1.0,0.0,0.0,0.0,0.0,0.0,0.0,0.0,1,1.0,1.0,1.0,0.0,0.0,0.0,0.0,0.0,0.0,0.0,0.0,1.0,0.0,0.0,0.0,0.0,0.0,0.0,0.0,0,,,,,,,,,,,,,,,,,,,,0,,,,,,,,,,,,,,,,,,,
R0655,여,41,40대,40~44,직장인,자유/전문직,세종,기타지역,비수도권,0,0,0,0,0,0,0,1,0,1,0,0,0,0,1,달콤한커피류,주스에이드,기본티,1,1.0,1.0,0.0,1.0,1.0,0.0,1.0,1.0,0.0,0.0,0.0,0.0,0.0,0.0,0.0,0.0,0.0,0.0,0.0,1,1.0,1.0,0.0,0.0,1.0,0.0,1.0,0.0,0.0,0.0,0.0,0.0,0.0,0.0,0.0,1.0,0.0,0.0,0.0,1,1.0,1.0,0.0,0.0,0.0,0.0,0.0,0.0,0.0,0.0,0.0,0.0,1.0,0.0,0.0,0.0,0.0,0.0,0.0,1,1.0,1.0,1.0,0.0,0.0,1.0,0.0,0.0,0.0,0.0,0.0,0.0,0.0,0.0,0.0,0.0,0.0,0.0,0.0,0,,,,,,,,,,,,,,,,,,,,1,1.0,1.0,0.0,0.0,1.0,0.0,0.0,0.0,0.0,0.0,0.0,0.0,0.0,0.0,0.0,0.0,0.0,0.0,0.0
R0656,여,41,40대,40~44,전업주부,전업주부,서울,서울,수도권,0,1,1,0,0,0,0,1,0,1,0,0,0,0,0,카페라떼,달콤한커피류,아메리카노,1,1.0,1.0,0.0,0.0,1.0,0.0,1.0,0.0,0.0,0.0,0.0,0.0,0.0,0.0,0.0,1.0,0.0,0.0,0.0,0,,,,,,,,,,,,,,,,,,,,0,,,,,,,,,,,,,,,,,,,,0,,,,,,,,,,,,,,,,,,,,1,1.0,0.0,0.0,0.0,0.0,0.0,0.0,0.0,0.0,0.0,0.0,0.0,0.0,0.0,0.0,0.0,0.0,0.0,0.0,0,,,,,,,,,,,,,,,,,,,
R0657,여,56,50대,55~59,직장인,사무/기술직,경기,서울외수도권,수도권,0,1,1,0,0,0,1,1,0,1,1,1,0,0,0,과일티에이드,카페라떼,아메리카노,1,1.0,1.0,0.0,1.0,0.0,0.0,1.0,0.0,0.0,0.0,0.0,0.0,0.0,0.0,1.0,0.0,0.0,0.0,0.0,1,1.0,0.0,0.0,0.0,0.0,0.0,1.0,0.0,0.0,0.0,1.0,1.0,0.0,0.0,0.0,0.0,0.0,0.0,0.0,0,,,,,,,,,,,,,,,,,,,,0,,,,,,,,,,,,,,,,,,,,0,,,,,,,,,,,,,,,,,,,,1,1.0,1.0,1.0,0.0,0.0,1.0,0.0,0.0,0.0,1.0,0.0,0.0,0.0,0.0,0.0,0.0,1.0,0.0,0.0
R0658,여,36,30대,35~39,대학(원)생,대학생,인천,서울외수도권,수도권,0,1,0,0,0,0,0,0,0,0,0,0,0,1,0,아메리카노,스무디쉐이크,,1,1.0,0.0,0.0,0.0,0.0,0.0,0.0,0.0,0.0,0.0,0.0,0.0,0.0,0.0,0.0,0.0,0.0,0.0,1.0,0,,,,,,,,,,,,,,,,,,,,1,1.0,0.0,0.0,0.0,0.0,0.0,1.0,0.0,0.0,0.0,0.0,0.0,0.0,0.0,0.0,0.0,0.0,0.0,0.0,0,,,,,,,,,,,,,,,,,,,,0,,,,,,,,,,,,,,,,,,,,1,1.0,1.0,1.0,0.0,0.0,1.0,0.0,1.0,0.0,0.0,0.0,0.0,0.0,0.0,0.0,0.0,0.0,0.0,0.0
R0659,남,25,20대,25~29,직장인,자유/전문직,광주,5대광역시,비수도권,0,1,1,0,0,0,0,0,0,0,0,0,0,0,0,아메리카노,카페라떼,,0,,,,,,,,,,,,,,,,,,,,0,,,,,,,,,,,,,,,,,,,,1,1.0,0.0,1.0,0.0,1.0,1.0,0.0,0.0,0.0,0.0,0.0,0.0,1.0,0.0,0.0,0.0,0.0,0.0,0.0,0,,,,,,,,,,,,,,,,,,,,0,,,,,,,,,,,,,,,,,,,,0,,,,,,,,,,,,,,,,,,,
R0660,여,55,50대,55~59,직장인,자유/전문직,광주,5대광역시,비수도권,0,0,0,0,0,0,1,1,0,1,0,0,0,0,0,달콤한커피류,기본티,드립핸드드립,1,1.0,1.0,0.0,1.0,0.0,0.0,0.0,0.0,0.0,0.0,0.0,0.0,0.0,0.0,0.0,0.0,0.0,0.0,0.0,1,1.0,0.0,1.0,0.0,1.0,1.0,1.0,0.0,0.0,0.0,0.0,0.0,0.0,0.0,0.0,0.0,0.0,0.0,0.0,0,,,,,,,,,,,,,,,,,,,,1,1.0,1.0,0.0,1.0,0.0,0.0,1.0,0.0,0.0,0.0,0.0,0.0,0.0,0.0,0.0,0.0,0.0,0.0,0.0,0,,,,,,,,,,,,,,,,,,,,0,,,,,,,,,,,,,,,,,,,
R0661,여,56,50대,55~59,전업주부,전업주부,대전,5대광역시,비수도권,0,1,1,0,0,0,0,0,0,0,0,0,0,0,0,아메리카노,카페라떼,,0,,,,,,,,,,,,,,,,,,,,1,1.0,1.0,1.0,1.0,0.0,0.0,0.0,0.0,0.0,0.0,0.0,1.0,0.0,0.0,0.0,0.0,0.0,0.0,0.0,1,1.0,1.0,0.0,0.0,0.0,0.0,0.0,0.0,0.0,1.0,1.0,0.0,0.0,0.0,0.0,0.0,0.0,0.0,0.0,0,,,,,,,,,,,,,,,,,,,,1,1.0,1.0,0.0,0.0,0.0,1.0,0.0,0.0,0.0,1.0,1.0,0.0,0.0,0.0,0.0,0.0,0.0,0.0,0.0,1,1.0,1.0,0.0,0.0,1.0,0.0,0.0,0.0,0.0,0.0,0.0,0.0,0.0,0.0,0.0,0.0,0.0,0.0,0.0
R0662,여,53,50대,50~54,직장인,경영/관리직,경기,서울외수도권,수도권,0,1,1,0,0,0,0,1,1,0,0,0,1,0,0,아메리카노,달콤한커피류,카페라떼,1,1.0,0.0,0.0,0.0,0.0,0.0,0.0,0.0,0.0,0.0,0.0,0.0,0.0,1.0,0.0,0.0,0.0,0.0,0.0,0,,,,,,,,,,,,,,,,,,,,0,,,,,,,,,,,,,,,,,,,,1,1.0,0.0,0.0,1.0,0.0,0.0,0.0,0.0,0.0,1.0,0.0,0.0,0.0,0.0,0.0,0.0,0.0,0.0,0.0,0,,,,,,,,,,,,,,,,,,,,0,,,,,,,,,,,,,,,,,,,
R0663,여,48,40대,45~49,직장인,사무/기술직,서울,서울,수도권,0,0,1,0,1,0,0,0,0,0,0,1,0,0,0,카페라떼,과일티에이드,콜드브루,0,,,,,,,,,,,,,,,,,,,,1,1.0,0.0,0.0,0.0,0.0,1.0,1.0,0.0,0.0,0.0,0.0,0.0,0.0,0.0,0.0,0.0,1.0,0.0,0.0,0,,,,,,,,,,,,,,,,,,,,0,,,,,,,,,,,,,,,,,,,,1,1.0,0.0,0.0,0.0,0.0,0.0,1.0,1.0,0.0,1.0,0.0,0.0,0.0,0.0,0.0,0.0,0.0,0.0,0.0,1,1.0,1.0,1.0,0.0,0.0,0.0,0.0,0.0,0.0,0.0,0.0,0.0,0.0,0.0,0.0,0.0,0.0,0.0,0.0
R0664,남,28,20대,25~29,직장인,기능/작업직,전북,기타지역,비수도권,1,1,1,0,0,0,0,0,0,0,0,0,0,0,1,카페라떼,아메리카노,주스에이드,0,,,,,,,,,,,,,,,,,,,,1,1.0,1.0,0.0,0.0,0.0,0.0,0.0,0.0,1.0,0.0,0.0,0.0,0.0,0.0,0.0,0.0,0.0,0.0,0.0,0,,,,,,,,,,,,,,,,,,,,1,1.0,0.0,0.0,0.0,0.0,1.0,0.0,1.0,0.0,0.0,1.0,0.0,0.0,0.0,0.0,0.0,0.0,0.0,0.0,1,1.0,0.0,0.0,0.0,1.0,0.0,0.0,0.0,0.0,1.0,0.0,0.0,0.0,0.0,0.0,0.0,0.0,0.0,0.0,1,1.0,1.0,0.0,0.0,0.0,0.0,0.0,0.0,1.0,0.0,0.0,0.0,0.0,0.0,0.0,0.0,0.0,0.0,0.0
R0665,남,46,40대,45~49,직장인,사무/기술직,대전,5대광역시,비수도권,0,1,0,0,0,0,0,1,0,0,0,0,0,0,0,아메리카노,달콤한커피류,,1,1.0,1.0,0.0,0.0,1.0,0.0,1.0,0.0,0.0,0.0,0.0,0.0,0.0,0.0,0.0,0.0,1.0,0.0,0.0,1,1.0,1.0,0.0,0.0,0.0,0.0,0.0,0.0,0.0,0.0,1.0,0.0,0.0,0.0,0.0,0.0,0.0,0.0,0.0,0,,,,,,,,,,,,,,,,,,,,0,,,,,,,,,,,,,,,,,,,,0,,,,,,,,,,,,,,,,,,,,0,,,,,,,,,,,,,,,,,,,
R0666,여,52,50대,50~54,대학(원)생,대학생,서울,서울,수도권,1,1,0,0,0,0,0,0,0,0,0,0,0,1,0,아메리카노,스무디쉐이크,에스프레소,0,,,,,,,,,,,,,,,,,,,,0,,,,,,,,,,,,,,,,,,,,1,1.0,0.0,0.0,1.0,1.0,0.0,0.0,0.0,0.0,0.0,0.0,0.0,0.0,0.0,0.0,0.0,0.0,0.0,0.0,0,,,,,,,,,,,,,,,,,,,,0,,,,,,,,,,,,,,,,,,,,1,1.0,1.0,0.0,0.0,0.0,0.0,1.0,0.0,0.0,0.0,0.0,0.0,0.0,0.0,0.0,0.0,0.0,0.0,0.0
R0667,여,26,20대,25~29,기타직업,판매/영업 서비스직,경기,서울외수도권,수도권,0,1,0,0,0,0,0,1,1,0,0,0,1,0,0,달콤한커피류,아메리카노,얼음갈린티,1,1.0,1.0,0.0,0.0,0.0,0.0,0.0,0.0,0.0,0.0,0.0,0.0,0.0,0.0,0.0,0.0,0.0,0.0,0.0,0,,,,,,,,,,,,,,,,,,,,1,1.0,1.0,0.0,0.0,0.0,0.0,0.0,0.0,0.0,0.0,1.0,0.0,0.0,0.0,0.0,0.0,0.0,1.0,0.0,0,,,,,,,,,,,,,,,,,,,,0,,,,,,,,,,,,,,,,,,,,1,1.0,1.0,0.0,0.0,0.0,0.0,1.0,0.0,1.0,0.0,0.0,0.0,0.0,0.0,0.0,0.0,0.0,0.0,0.0
R0668,남,46,40대,45~49,직장인,사무/기술직,충북,기타지역,비수도권,0,0,0,0,0,0,0,0,0,0,0,0,1,0,1,주스에이드,얼음갈린티,,0,,,,,,,,,,,,,,,,,,,,0,,,,,,,,,,,,,,,,,,,,0,,,,,,,,,,,,,,,,,,,,1,1.0,1.0,0.0,0.0,1.0,0.0,0.0,0.0,0.0,0.0,1.0,0.0,0.0,0.0,0.0,0.0,0.0,0.0,0.0,0,,,,,,,,,,,,,,,,,,,,1,1.0,1.0,0.0,0.0,0.0,0.0,0.0,0.0,0.0,0.0,0.0,0.0,0.0,0.0,1.0,0.0,0.0,0.0,0.0
R0669,남,31,30대,30~34,대학(원)생,대학생,충북,기타지역,비수도권,0,1,1,0,0,0,1,0,0,0,0,0,1,0,1,주스에이드,아메리카노,카페라떼,0,,,,,,,,,,,,,,,,,,,,0,,,,,,,,,,,,,,,,,,,,0,,,,,,,,,,,,,,,,,,,,1,1.0,0.0,0.0,0.0,0.0,1.0,0.0,0.0,0.0,0.0,0.0,0.0,0.0,0.0,0.0,0.0,0.0,0.0,0.0,0,,,,,,,,,,,,,,,,,,,,0,,,,,,,,,,,,,,,,,,,
R0670,남,33,30대,30~34,직장인,경영/관리직,울산,5대광역시,비수도권,0,0,1,0,0,0,0,0,0,0,0,0,0,0,1,카페라떼,주스에이드,,0,,,,,,,,,,,,,,,,,,,,1,1.0,0.0,0.0,0.0,0.0,0.0,0.0,0.0,0.0,1.0,0.0,0.0,0.0,0.0,0.0,1.0,0.0,0.0,0.0,0,,,,,,,,,,,,,,,,,,,,1,1.0,1.0,0.0,1.0,0.0,1.0,0.0,0.0,0.0,0.0,0.0,0.0,0.0,1.0,0.0,0.0,0.0,0.0,0.0,1,1.0,1.0,0.0,0.0,0.0,1.0,0.0,0.0,0.0,0.0,0.0,0.0,0.0,0.0,0.0,0.0,0.0,0.0,0.0,0,,,,,,,,,,,,,,,,,,,
R0671,여,20,20대,20~24,직장인,자유/전문직,서울,서울,수도권,0,0,1,1,0,0,0,1,1,0,0,0,0,0,0,달콤한커피류,카페라떼,얼음갈린커피,0,,,,,,,,,,,,,,,,,,,,1,1.0,1.0,0.0,0.0,0.0,0.0,0.0,0.0,0.0,1.0,0.0,0.0,0.0,0.0,0.0,0.0,0.0,0.0,0.0,0,,,,,,,,,,,,,,,,,,,,0,,,,,,,,,,,,,,,,,,,,0,,,,,,,,,,,,,,,,,,,,0,,,,,,,,,,,,,,,,,,,
R0672,남,49,40대,45~49,전업주부,전업주부,경남,기타지역,비수도권,0,1,0,0,1,0,0,0,1,0,0,1,0,0,0,아메리카노,얼음갈린커피,콜드브루,0,,,,,,,,,,,,,,,,,,,,0,,,,,,,,,,,,,,,,,,,,1,1.0,0.0,0.0,1.0,0.0,0.0,1.0,0.0,0.0,0.0,0.0,0.0,0.0,0.0,0.0,0.0,0.0,0.0,0.0,0,,,,,,,,,,,,,,,,,,,,0,,,,,,,,,,,,,,,,,,,,1,1.0,1.0,1.0,0.0,1.0,0.0,0.0,0.0,0.0,0.0,0.0,0.0,0.0,0.0,0.0,0.0,0.0,0.0,0.0
R0673,여,55,50대,55~59,직장인,자유/전문직,전남,기타지역,비수도권,0,0,0,0,1,0,0,1,1,1,0,0,0,0,0,달콤한커피류,콜드브루,기본티,0,,,,,,,,,,,,,,,,,,,,0,,,,,,,,,,,,,,,,,,,,1,1.0,1.0,0.0,0.0,1.0,0.0,0.0,0.0,0.0,1.0,0.0,0.0,0.0,0.0,0.0,0.0,0.0,0.0,0.0,0,,,,,,,,,,,,,,,,,,,,0,,,,,,,,,,,,,,,,,,,,0,,,,,,,,,,,,,,,,,,,
R0674,여,31,30대,30~34,직장인,사무/기술직,경남,기타지역,비수도권,0,0,1,0,1,1,0,0,1,0,1,1,0,0,1,콜드브루,과일티에이드,카페라떼,0,,,,,,,,,,,,,,,,,,,,1,1.0,0.0,0.0,1.0,0.0,0.0,0.0,0.0,0.0,0.0,0.0,0.0,0.0,0.0,0.0,0.0,0.0,1.0,0.0,0,,,,,,,,,,,,,,,,,,,,1,1.0,1.0,0.0,0.0,0.0,0.0,0.0,0.0,0.0,0.0,0.0,1.0,0.0,0.0,0.0,0.0,1.0,0.0,0.0,0,,,,,,,,,,,,,,,,,,,,0,,,,,,,,,,,,,,,,,,,
R0675,남,22,20대,20~24,직장인,사무/기술직,전북,기타지역,비수도권,0,1,0,0,0,0,0,1,1,0,0,0,0,0,1,주스에이드,아메리카노,달콤한커피류,0,,,,,,,,,,,,,,,,,,,,1,1.0,1.0,0.0,1.0,1.0,1.0,1.0,0.0,0.0,0.0,0.0,1.0,0.0,0.0,0.0,0.0,0.0,0.0,0.0,0,,,,,,,,,,,,,,,,,,,,0,,,,,,,,,,,,,,,,,,,,1,1.0,1.0,0.0,0.0,0.0,0.0,0.0,0.0,0.0,1.0,0.0,0.0,0.0,0.0,0.0,1.0,0.0,0.0,0.0,1,1.0,1.0,0.0,0.0,0.0,1.0,0.0,0.0,0.0,0.0,0.0,0.0,0.0,0.0,0.0,0.0,0.0,0.0,0.0
R0676,남,34,30대,30~34,직장인,판매/영업 서비스직,서울,서울,수도권,0,0,1,0,0,1,1,1,1,0,0,1,0,0,0,카페라떼,과일티에이드,달콤한커피류,0,,,,,,,,,,,,,,,,,,,,1,1.0,1.0,0.0,0.0,0.0,0.0,0.0,1.0,0.0,0.0,0.0,1.0,0.0,0.0,0.0,0.0,0.0,0.0,0.0,0,,,,,,,,,,,,,,,,,,,,0,,,,,,,,,,,,,,,,,,,,1,1.0,1.0,1.0,1.0,0.0,1.0,1.0,0.0,0.0,0.0,1.0,0.0,0.0,0.0,0.0,0.0,0.0,0.0,0.0,0,,,,,,,,,,,,,,,,,,,
R0677,남,39,30대,35~39,직장인,판매/영업 서비스직,경북,기타지역,비수도권,0,1,0,0,1,1,0,1,0,0,0,0,0,0,0,아메리카노,콜드브루라떼,달콤한커피류,1,1.0,1.0,0.0,0.0,0.0,0.0,0.0,0.0,0.0,0.0,0.0,0.0,0.0,0.0,0.0,0.0,0.0,0.0,0.0,0,,,,,,,,,,,,,,,,,,,,1,1.0,1.0,0.0,0.0,0.0,0.0,0.0,0.0,0.0,0.0,0.0,0.0,0.0,0.0,0.0,0.0,0.0,0.0,0.0,0,,,,,,,,,,,,,,,,,,,,0,,,,,,,,,,,,,,,,,,,,1,1.0,1.0,0.0,1.0,0.0,0.0,0.0,0.0,0.0,0.0,0.0,0.0,0.0,0.0,0.0,0.0,0.0,0.0,0.0
R0678,남,45,40대,45~49,기타직업,무직,서울,서울,수도권,0,1,0,0,0,0,0,0,0,0,0,0,0,1,0,아메리카노,스무디쉐이크,,0,,,,,,,,,,,,,,,,,,,,1,1.0,1.0,0.0,0.0,0.0,0.0,0.0,0.0,0.0,0.0,0.0,0.0,0.0,0.0,0.0,0.0,0.0,0.0,0.0,0,,,,,,,,,,,,,,,,,,,,1,1.0,1.0,0.0,0.0,0.0,0.0,0.0,1.0,0.0,1.0,0.0,0.0,0.0,0.0,0.0,0.0,0.0,0.0,0.0,1,1.0,1.0,0.0,0.0,0.0,0.0,0.0,0.0,0.0,0.0,0.0,0.0,0.0,0.0,1.0,0.0,0.0,0.0,0.0,1,1.0,0.0,0.0,0.0,0.0,0.0,1.0,0.0,0.0,0.0,0.0,0.0,0.0,0.0,0.0,0.0,0.0,0.0,0.0
R0679,남,23,20대,20~24,직장인,사무/기술직,충남,기타지역,비수도권,0,1,1,0,0,0,0,1,0,0,1,1,1,1,0,얼음갈린티,달콤한티,카페라떼,1,1.0,1.0,0.0,1.0,0.0,0.0,1.0,1.0,0.0,0.0,0.0,1.0,0.0,0.0,0.0,0.0,1.0,0.0,0.0,0,,,,,,,,,,,,,,,,,,,,1,1.0,0.0,0.0,0.0,0.0,0.0,0.0,0.0,0.0,0.0,0.0,0.0,0.0,0.0,0.0,0.0,0.0,0.0,0.0,1,1.0,0.0,0.0,0.0,0.0,1.0,1.0,0.0,0.0,0.0,0.0,1.0,0.0,0.0,0.0,0.0,1.0,0.0,0.0,1,1.0,1.0,0.0,0.0,0.0,0.0,0.0,0.0,0.0,0.0,0.0,0.0,0.0,0.0,0.0,0.0,0.0,0.0,0.0,0,,,,,,,,,,,,,,,,,,,
R0680,여,54,50대,50~54,기타직업,기타,경기,서울외수도권,수도권,0,1,0,0,0,0,1,1,0,0,0,1,0,0,1,아메리카노,과일티에이드,달콤한커피류,0,,,,,,,,,,,,,,,,,,,,0,,,,,,,,,,,,,,,,,,,,0,,,,,,,,,,,,,,,,,,,,0,,,,,,,,,,,,,,,,,,,,0,,,,,,,,,,,,,,,,,,,,0,,,,,,,,,,,,,,,,,,,
R0681,여,57,50대,55~59,기타직업,자유/전문직,울산,5대광역시,비수도권,0,0,1,0,0,0,0,1,0,1,0,0,0,0,0,카페라떼,달콤한커피류,기본티,0,,,,,,,,,,,,,,,,,,,,1,1.0,1.0,0.0,0.0,1.0,0.0,0.0,0.0,0.0,0.0,0.0,0.0,0.0,0.0,0.0,0.0,0.0,0.0,0.0,0,,,,,,,,,,,,,,,,,,,,0,,,,,,,,,,,,,,,,,,,,0,,,,,,,,,,,,,,,,,,,,0,,,,,,,,,,,,,,,,,,,
R0682,남,48,40대,45~49,전업주부,전업주부,경남,기타지역,비수도권,0,1,0,0,0,0,0,1,0,1,0,0,0,0,0,아메리카노,달콤한커피류,기본티,1,1.0,1.0,0.0,1.0,1.0,1.0,0.0,0.0,0.0,0.0,0.0,0.0,0.0,0.0,0.0,0.0,0.0,0.0,0.0,1,1.0,1.0,0.0,0.0,0.0,0.0,0.0,0.0,0.0,0.0,1.0,0.0,0.0,0.0,0.0,0.0,0.0,0.0,0.0,0,,,,,,,,,,,,,,,,,,,,0,,,,,,,,,,,,,,,,,,,,1,1.0,1.0,0.0,0.0,0.0,0.0,0.0,0.0,0.0,1.0,0.0,0.0,0.0,0.0,0.0,0.0,0.0,0.0,0.0,1,1.0,1.0,1.0,0.0,0.0,1.0,1.0,0.0,1.0,1.0,0.0,1.0,0.0,0.0,0.0,1.0,0.0,0.0,0.0
R0683,여,45,40대,45~49,기타직업,자영업,부산,5대광역시,비수도권,0,1,1,0,0,0,0,1,0,0,0,1,0,0,0,아메리카노,달콤한커피류,카페라떼,1,1.0,1.0,0.0,0.0,0.0,0.0,1.0,0.0,0.0,0.0,0.0,0.0,0.0,0.0,0.0,1.0,0.0,1.0,0.0,0,,,,,,,,,,,,,,,,,,,,0,,,,,,,,,,,,,,,,,,,,0,,,,,,,,,,,,,,,,,,,,0,,,,,,,,,,,,,,,,,,,,1,1.0,1.0,0.0,0.0,0.0,1.0,1.0,0.0,0.0,0.0,0.0,0.0,0.0,0.0,0.0,0.0,0.0,0.0,0.0
R0684,여,53,50대,50~54,전업주부,전업주부,전남,기타지역,비수도권,0,1,0,0,0,0,0,0,0,0,0,0,0,0,0,아메리카노,,,1,1.0,1.0,0.0,0.0,0.0,1.0,0.0,0.0,1.0,0.0,0.0,0.0,0.0,0.0,0.0,0.0,0.0,0.0,0.0,0,,,,,,,,,,,,,,,,,,,,0,,,,,,,,,,,,,,,,,,,,0,,,,,,,,,,,,,,,,,,,,0,,,,,,,,,,,,,,,,,,,,0,,,,,,,,,,,,,,,,,,,
R0685,여,32,30대,30~34,직장인,경영/관리직,서울,서울,수도권,0,0,0,0,0,0,0,0,0,1,0,0,0,0,0,기본티,,,1,1.0,0.0,0.0,0.0,0.0,0.0,0.0,0.0,0.0,0.0,0.0,0.0,0.0,0.0,0.0,0.0,0.0,0.0,0.0,0,,,,,,,,,,,,,,,,,,,,0,,,,,,,,,,,,,,,,,,,,0,,,,,,,,,,,,,,,,,,,,0,,,,,,,,,,,,,,,,,,,,0,,,,,,,,,,,,,,,,,,,
R0686,여,52,50대,50~54,대학(원)생,대학생,서울,서울,수도권,0,1,0,0,0,0,0,1,0,0,1,0,0,0,0,아메리카노,달콤한커피류,달콤한티,0,,,,,,,,,,,,,,,,,,,,0,,,,,,,,,,,,,,,,,,,,0,,,,,,,,,,,,,,,,,,,,0,,,,,,,,,,,,,,,,,,,,1,1.0,0.0,0.0,0.0,1.0,1.0,0.0,0.0,1.0,1.0,0.0,0.0,0.0,0.0,0.0,0.0,0.0,0.0,0.0,1,1.0,1.0,1.0,0.0,0.0,0.0,0.0,0.0,0.0,0.0,0.0,0.0,1.0,0.0,1.0,0.0,0.0,0.0,0.0
R0687,여,52,50대,50~54,기타직업,무직,경북,기타지역,비수도권,0,1,0,0,0,0,0,1,0,0,0,0,0,0,1,아메리카노,주스에이드,달콤한커피류,1,1.0,1.0,0.0,0.0,1.0,1.0,0.0,0.0,0.0,0.0,0.0,0.0,0.0,0.0,0.0,0.0,0.0,0.0,0.0,0,,,,,,,,,,,,,,,,,,,,1,1.0,1.0,0.0,0.0,0.0,0.0,0.0,0.0,0.0,1.0,0.0,1.0,0.0,0.0,0.0,1.0,0.0,0.0,0.0,1,1.0,1.0,0.0,0.0,0.0,1.0,0.0,0.0,0.0,0.0,0.0,1.0,0.0,0.0,0.0,0.0,0.0,0.0,0.0,1,1.0,0.0,0.0,0.0,0.0,0.0,1.0,0.0,0.0,0.0,0.0,0.0,0.0,0.0,0.0,0.0,0.0,0.0,0.0,1,1.0,1.0,0.0,0.0,0.0,1.0,0.0,0.0,0.0,0.0,0.0,0.0,0.0,0.0,0.0,1.0,1.0,0.0,0.0
R0688,남,52,50대,50~54,직장인,사무/기술직,경기,서울외수도권,수도권,0,0,0,0,0,0,0,0,0,0,0,0,0,0,0,,,,0,,,,,,,,,,,,,,,,,,,,0,,,,,,,,,,,,,,,,,,,,0,,,,,,,,,,,,,,,,,,,,0,,,,,,,,,,,,,,,,,,,,0,,,,,,,,,,,,,,,,,,,,1,1.0,1.0,0.0,1.0,1.0,0.0,0.0,0.0,0.0,0.0,0.0,0.0,0.0,0.0,0.0,0.0,0.0,0.0,0.0
R0689,여,57,50대,55~59,직장인,경영/관리직,경기,서울외수도권,수도권,0,1,1,0,0,0,0,1,0,0,0,0,0,0,0,아메리카노,카페라떼,달콤한커피류,1,1.0,1.0,0.0,1.0,1.0,0.0,0.0,0.0,0.0,0.0,0.0,0.0,0.0,0.0,0.0,0.0,1.0,0.0,0.0,0,,,,,,,,,,,,,,,,,,,,0,,,,,,,,,,,,,,,,,,,,0,,,,,,,,,,,,,,,,,,,,0,,,,,,,,,,,,,,,,,,,,0,,,,,,,,,,,,,,,,,,,
R0690,여,22,20대,20~24,직장인,경영/관리직,부산,5대광역시,비수도권,0,1,1,0,0,0,0,0,1,0,1,0,1,0,0,아메리카노,얼음갈린티,카페라떼,0,,,,,,,,,,,,,,,,,,,,1,1.0,0.0,0.0,0.0,0.0,0.0,0.0,0.0,0.0,0.0,0.0,1.0,0.0,0.0,0.0,0.0,0.0,0.0,0.0,0,,,,,,,,,,,,,,,,,,,,1,1.0,1.0,0.0,1.0,0.0,1.0,0.0,0.0,0.0,0.0,0.0,0.0,0.0,0.0,0.0,0.0,0.0,1.0,0.0,1,1.0,1.0,0.0,0.0,0.0,0.0,0.0,0.0,0.0,0.0,1.0,0.0,0.0,0.0,0.0,0.0,0.0,0.0,0.0,0,,,,,,,,,,,,,,,,,,,
R0691,남,34,30대,30~34,대학(원)생,대학생,서울,서울,수도권,0,0,1,0,0,0,1,0,0,0,0,0,0,0,0,드립핸드드립,카페라떼,,1,1.0,0.0,0.0,0.0,0.0,0.0,1.0,0.0,0.0,0.0,0.0,0.0,0.0,0.0,0.0,0.0,0.0,0.0,0.0,0,,,,,,,,,,,,,,,,,,,,0,,,,,,,,,,,,,,,,,,,,1,1.0,1.0,0.0,0.0,1.0,1.0,0.0,0.0,0.0,0.0,0.0,0.0,0.0,0.0,0.0,0.0,0.0,0.0,0.0,0,,,,,,,,,,,,,,,,,,,,1,1.0,1.0,0.0,0.0,0.0,0.0,0.0,0.0,1.0,0.0,0.0,1.0,0.0,0.0,0.0,0.0,0.0,0.0,0.0
R0692,남,51,50대,50~54,기타직업,자영업,강원,기타지역,비수도권,0,1,1,0,0,0,0,1,0,0,0,0,0,0,0,카페라떼,아메리카노,달콤한커피류,0,,,,,,,,,,,,,,,,,,,,0,,,,,,,,,,,,,,,,,,,,0,,,,,,,,,,,,,,,,,,,,0,,,,,,,,,,,,,,,,,,,,0,,,,,,,,,,,,,,,,,,,,1,1.0,1.0,1.0,0.0,0.0,1.0,0.0,0.0,0.0,0.0,0.0,0.0,0.0,0.0,0.0,0.0,0.0,0.0,0.0
R0693,남,59,50대,55~59,기타직업,기타,대전,5대광역시,비수도권,0,1,0,0,1,0,0,0,0,1,1,0,1,0,0,콜드브루,아메리카노,얼음갈린티,1,1.0,0.0,0.0,1.0,0.0,0.0,0.0,0.0,0.0,0.0,0.0,0.0,0.0,0.0,0.0,0.0,0.0,0.0,0.0,0,,,,,,,,,,,,,,,,,,,,0,,,,,,,,,,,,,,,,,,,,1,1.0,1.0,0.0,0.0,0.0,0.0,0.0,0.0,0.0,1.0,0.0,0.0,0.0,0.0,0.0,0.0,0.0,0.0,0.0,1,1.0,1.0,0.0,1.0,0.0,0.0,0.0,0.0,0.0,0.0,0.0,0.0,0.0,0.0,0.0,1.0,0.0,1.0,0.0,0,,,,,,,,,,,,,,,,,,,
R0694,여,26,20대,25~29,직장인,사무/기술직,강원,기타지역,비수도권,0,1,1,1,1,0,0,1,0,0,0,0,0,0,0,아메리카노,카페라떼,카푸치노,1,1.0,1.0,0.0,1.0,1.0,1.0,0.0,0.0,0.0,1.0,0.0,0.0,0.0,0.0,0.0,0.0,1.0,0.0,0.0,0,,,,,,,,,,,,,,,,,,,,0,,,,,,,,,,,,,,,,,,,,0,,,,,,,,,,,,,,,,,,,,0,,,,,,,,,,,,,,,,,,,,1,1.0,1.0,0.0,0.0,0.0,0.0,0.0,0.0,0.0,0.0,0.0,0.0,0.0,0.0,0.0,0.0,1.0,0.0,0.0
R0695,여,50,50대,50~54,직장인,사무/기술직,제주,기타지역,비수도권,1,0,0,0,0,0,0,0,0,1,0,0,0,0,0,에스프레소,기본티,,0,,,,,,,,,,,,,,,,,,,,0,,,,,,,,,,,,,,,,,,,,0,,,,,,,,,,,,,,,,,,,,0,,,,,,,,,,,,,,,,,,,,0,,,,,,,,,,,,,,,,,,,,1,1.0,1.0,0.0,0.0,0.0,0.0,0.0,0.0,0.0,0.0,0.0,0.0,0.0,0.0,0.0,0.0,0.0,0.0,0.0
R0696,여,20,20대,20~24,직장인,자유/전문직,강원,기타지역,비수도권,0,1,1,0,0,0,0,1,1,0,1,0,0,0,0,얼음갈린커피,달콤한커피류,아메리카노,0,,,,,,,,,,,,,,,,,,,,1,1.0,1.0,1.0,0.0,1.0,1.0,0.0,0.0,0.0,0.0,0.0,0.0,0.0,0.0,0.0,0.0,0.0,0.0,0.0,1,1.0,0.0,1.0,0.0,0.0,0.0,0.0,0.0,0.0,0.0,0.0,0.0,0.0,0.0,0.0,0.0,0.0,0.0,0.0,0,,,,,,,,,,,,,,,,,,,,0,,,,,,,,,,,,,,,,,,,,0,,,,,,,,,,,,,,,,,,,
R0697,남,54,50대,50~54,직장인,경영/관리직,경남,기타지역,비수도권,0,0,0,0,0,0,0,0,0,1,0,0,0,0,0,기본티,,,1,1.0,0.0,0.0,1.0,0.0,0.0,0.0,0.0,0.0,0.0,0.0,1.0,0.0,0.0,0.0,1.0,0.0,0.0,0.0,0,,,,,,,,,,,,,,,,,,,,0,,,,,,,,,,,,,,,,,,,,0,,,,,,,,,,,,,,,,,,,,1,1.0,0.0,0.0,0.0,0.0,1.0,0.0,1.0,0.0,0.0,0.0,0.0,0.0,0.0,0.0,0.0,0.0,0.0,0.0,1,1.0,1.0,0.0,0.0,0.0,0.0,0.0,0.0,0.0,0.0,0.0,0.0,0.0,0.0,0.0,0.0,0.0,0.0,0.0
R0698,여,51,50대,50~54,대학(원)생,대학생,강원,기타지역,비수도권,0,0,1,0,1,0,0,0,0,0,1,0,0,1,0,카페라떼,스무디쉐이크,콜드브루,0,,,,,,,,,,,,,,,,,,,,1,1.0,1.0,0.0,0.0,0.0,0.0,0.0,0.0,0.0,0.0,1.0,0.0,0.0,0.0,0.0,0.0,0.0,0.0,0.0,0,,,,,,,,,,,,,,,,,,,,0,,,,,,,,,,,,,,,,,,,,1,1.0,1.0,0.0,0.0,0.0,0.0,0.0,0.0,0.0,0.0,1.0,0.0,0.0,0.0,0.0,0.0,0.0,0.0,0.0,1,1.0,1.0,0.0,0.0,0.0,1.0,0.0,0.0,0.0,1.0,0.0,0.0,1.0,0.0,1.0,1.0,0.0,0.0,0.0
R0699,여,20,20대,20~24,전업주부,전업주부,서울,서울,수도권,0,1,0,0,0,0,0,0,0,0,1,0,0,0,0,아메리카노,달콤한티,,0,,,,,,,,,,,,,,,,,,,,1,1.0,0.0,0.0,0.0,1.0,0.0,0.0,1.0,0.0,0.0,0.0,1.0,0.0,0.0,0.0,0.0,0.0,0.0,0.0,0,,,,,,,,,,,,,,,,,,,,0,,,,,,,,,,,,,,,,,,,,0,,,,,,,,,,,,,,,,,,,,0,,,,,,,,,,,,,,,,,,,
R0700,남,21,20대,20~24,직장인,사무/기술직,충북,기타지역,비수도권,0,1,0,0,0,0,0,1,0,0,0,0,0,0,0,아메리카노,달콤한커피류,,0,,,,,,,,,,,,,,,,,,,,1,1.0,0.0,1.0,0.0,0.0,0.0,0.0,0.0,0.0,0.0,0.0,0.0,0.0,0.0,0.0,0.0,0.0,0.0,0.0,1,1.0,0.0,0.0,0.0,0.0,0.0,0.0,0.0,1.0,0.0,0.0,0.0,0.0,0.0,1.0,0.0,0.0,0.0,0.0,1,1.0,1.0,0.0,0.0,0.0,0.0,1.0,0.0,0.0,0.0,0.0,0.0,0.0,0.0,0.0,0.0,0.0,1.0,0.0,1,1.0,0.0,0.0,0.0,0.0,0.0,0.0,0.0,0.0,1.0,0.0,0.0,0.0,0.0,0.0,0.0,0.0,0.0,0.0,0,,,,,,,,,,,,,,,,,,,
R0701,여,54,50대,50~54,대학(원)생,대학생,서울,서울,수도권,0,0,1,0,0,0,0,0,0,0,1,0,0,1,0,스무디쉐이크,카페라떼,달콤한티,1,1.0,1.0,1.0,0.0,0.0,0.0,0.0,0.0,0.0,0.0,1.0,0.0,0.0,0.0,0.0,0.0,0.0,0.0,0.0,0,,,,,,,,,,,,,,,,,,,,0,,,,,,,,,,,,,,,,,,,,1,1.0,1.0,0.0,1.0,0.0,1.0,1.0,0.0,0.0,0.0,0.0,1.0,0.0,0.0,0.0,0.0,0.0,0.0,0.0,0,,,,,,,,,,,,,,,,,,,,0,,,,,,,,,,,,,,,,,,,
R0702,남,43,40대,40~44,직장인,사무/기술직,대전,5대광역시,비수도권,0,0,0,0,0,0,0,0,0,0,0,1,1,0,0,얼음갈린티,과일티에이드,,0,,,,,,,,,,,,,,,,,,,,0,,,,,,,,,,,,,,,,,,,,0,,,,,,,,,,,,,,,,,,,,0,,,,,,,,,,,,,,,,,,,,1,1.0,0.0,0.0,0.0,0.0,0.0,0.0,1.0,0.0,1.0,0.0,0.0,0.0,0.0,0.0,0.0,0.0,0.0,0.0,1,1.0,1.0,0.0,0.0,0.0,1.0,1.0,0.0,0.0,0.0,0.0,0.0,0.0,0.0,0.0,0.0,0.0,1.0,0.0
R0703,남,45,40대,45~49,직장인,사무/기술직,광주,5대광역시,비수도권,0,1,0,0,0,0,0,1,0,0,0,1,0,0,0,아메리카노,달콤한커피류,과일티에이드,1,1.0,1.0,0.0,1.0,1.0,1.0,0.0,0.0,0.0,0.0,0.0,0.0,0.0,0.0,0.0,0.0,0.0,0.0,0.0,0,,,,,,,,,,,,,,,,,,,,0,,,,,,,,,,,,,,,,,,,,1,1.0,0.0,0.0,0.0,0.0,0.0,0.0,0.0,0.0,0.0,1.0,0.0,0.0,0.0,0.0,0.0,1.0,0.0,0.0,0,,,,,,,,,,,,,,,,,,,,0,,,,,,,,,,,,,,,,,,,
R0704,남,53,50대,50~54,기타직업,기타,서울,서울,수도권,1,1,0,0,0,0,0,0,0,0,0,0,0,1,0,아메리카노,에스프레소,스무디쉐이크,0,,,,,,,,,,,,,,,,,,,,1,1.0,1.0,0.0,0.0,0.0,0.0,1.0,0.0,0.0,0.0,0.0,0.0,0.0,0.0,0.0,0.0,1.0,0.0,0.0,0,,,,,,,,,,,,,,,,,,,,0,,,,,,,,,,,,,,,,,,,,1,1.0,0.0,0.0,0.0,0.0,0.0,0.0,0.0,0.0,0.0,0.0,0.0,0.0,0.0,0.0,0.0,0.0,0.0,0.0,0,,,,,,,,,,,,,,,,,,,
R0705,여,58,50대,55~59,직장인,경영/관리직,대구,5대광역시,비수도권,0,0,1,0,0,1,0,1,0,0,0,0,1,1,1,카페라떼,달콤한커피류,얼음갈린티,1,1.0,0.0,0.0,1.0,0.0,0.0,0.0,0.0,0.0,0.0,1.0,0.0,0.0,0.0,0.0,0.0,0.0,0.0,0.0,0,,,,,,,,,,,,,,,,,,,,0,,,,,,,,,,,,,,,,,,,,0,,,,,,,,,,,,,,,,,,,,1,1.0,1.0,0.0,0.0,0.0,0.0,0.0,0.0,0.0,0.0,0.0,0.0,0.0,0.0,0.0,0.0,0.0,0.0,0.0,1,1.0,1.0,0.0,0.0,1.0,0.0,0.0,0.0,0.0,0.0,0.0,0.0,0.0,0.0,0.0,0.0,0.0,0.0,0.0
R0706,남,24,20대,20~24,직장인,자유/전문직,광주,5대광역시,비수도권,0,0,0,0,1,0,0,0,0,0,0,0,1,0,1,콜드브루,얼음갈린티,주스에이드,0,,,,,,,,,,,,,,,,,,,,1,1.0,0.0,0.0,0.0,0.0,0.0,0.0,0.0,0.0,1.0,0.0,0.0,0.0,0.0,0.0,0.0,0.0,1.0,0.0,1,1.0,1.0,0.0,0.0,1.0,0.0,1.0,0.0,0.0,0.0,0.0,0.0,0.0,0.0,0.0,0.0,0.0,0.0,0.0,0,,,,,,,,,,,,,,,,,,,,0,,,,,,,,,,,,,,,,,,,,1,1.0,1.0,0.0,0.0,0.0,1.0,0.0,0.0,0.0,0.0,0.0,1.0,0.0,0.0,0.0,0.0,0.0,0.0,0.0
R0707,남,46,40대,45~49,직장인,사무/기술직,서울,서울,수도권,1,1,1,0,0,0,0,0,0,1,0,0,0,0,0,아메리카노,기본티,카페라떼,0,,,,,,,,,,,,,,,,,,,,1,1.0,1.0,0.0,1.0,1.0,1.0,0.0,0.0,0.0,0.0,0.0,0.0,0.0,0.0,0.0,0.0,0.0,0.0,0.0,1,1.0,1.0,0.0,0.0,0.0,0.0,0.0,0.0,0.0,0.0,0.0,0.0,0.0,0.0,0.0,0.0,0.0,0.0,0.0,0,,,,,,,,,,,,,,,,,,,,0,,,,,,,,,,,,,,,,,,,,0,,,,,,,,,,,,,,,,,,,
R0708,여,30,30대,30~34,기타직업,기타,서울,서울,수도권,0,0,0,0,0,0,0,0,0,0,1,0,0,0,0,달콤한티,,,1,1.0,1.0,1.0,0.0,0.0,0.0,0.0,0.0,0.0,0.0,0.0,0.0,0.0,0.0,0.0,1.0,0.0,0.0,0.0,1,1.0,0.0,1.0,0.0,1.0,0.0,0.0,0.0,0.0,0.0,1.0,0.0,0.0,0.0,0.0,0.0,0.0,1.0,0.0,1,1.0,0.0,0.0,1.0,0.0,0.0,0.0,0.0,0.0,1.0,0.0,0.0,1.0,0.0,0.0,0.0,1.0,0.0,0.0,1,1.0,1.0,0.0,0.0,0.0,1.0,0.0,0.0,0.0,0.0,0.0,0.0,0.0,0.0,0.0,0.0,0.0,0.0,0.0,1,1.0,1.0,1.0,0.0,0.0,1.0,0.0,0.0,0.0,0.0,1.0,0.0,0.0,0.0,0.0,0.0,0.0,0.0,0.0,1,1.0,1.0,0.0,0.0,0.0,0.0,0.0,0.0,0.0,0.0,0.0,0.0,0.0,0.0,0.0,0.0,1.0,0.0,0.0
R0709,남,41,40대,40~44,직장인,사무/기술직,인천,서울외수도권,수도권,0,1,1,0,0,0,0,0,0,0,0,0,0,1,0,아메리카노,카페라떼,스무디쉐이크,0,,,,,,,,,,,,,,,,,,,,1,1.0,1.0,0.0,0.0,0.0,1.0,0.0,0.0,1.0,1.0,0.0,0.0,0.0,0.0,0.0,1.0,0.0,0.0,0.0,0,,,,,,,,,,,,,,,,,,,,0,,,,,,,,,,,,,,,,,,,,1,1.0,0.0,0.0,1.0,0.0,0.0,0.0,0.0,0.0,0.0,0.0,0.0,0.0,0.0,0.0,0.0,0.0,0.0,0.0,1,1.0,1.0,0.0,0.0,0.0,0.0,0.0,0.0,0.0,0.0,0.0,0.0,0.0,0.0,0.0,0.0,0.0,0.0,0.0
R0710,여,56,50대,55~59,직장인,사무/기술직,인천,서울외수도권,수도권,0,1,1,0,1,0,0,1,1,0,0,0,0,0,1,달콤한커피류,아메리카노,카페라떼,1,1.0,0.0,0.0,0.0,0.0,0.0,1.0,0.0,0.0,0.0,0.0,0.0,0.0,0.0,0.0,0.0,1.0,0.0,0.0,0,,,,,,,,,,,,,,,,,,,,0,,,,,,,,,,,,,,,,,,,,1,1.0,1.0,0.0,0.0,0.0,0.0,0.0,0.0,0.0,0.0,0.0,0.0,0.0,0.0,0.0,0.0,0.0,0.0,0.0,0,,,,,,,,,,,,,,,,,,,,0,,,,,,,,,,,,,,,,,,,
R0711,남,49,40대,45~49,직장인,사무/기술직,경기,서울외수도권,수도권,0,1,0,0,0,0,0,0,0,0,0,0,1,1,0,스무디쉐이크,아메리카노,얼음갈린티,0,,,,,,,,,,,,,,,,,,,,1,1.0,1.0,0.0,1.0,0.0,1.0,1.0,0.0,0.0,0.0,0.0,0.0,0.0,0.0,0.0,0.0,0.0,0.0,0.0,1,1.0,0.0,0.0,0.0,0.0,0.0,0.0,0.0,0.0,0.0,0.0,0.0,0.0,0.0,0.0,0.0,1.0,0.0,0.0,1,1.0,1.0,0.0,1.0,0.0,0.0,0.0,0.0,0.0,0.0,1.0,0.0,0.0,0.0,0.0,1.0,0.0,0.0,0.0,1,1.0,0.0,0.0,0.0,1.0,1.0,0.0,0.0,0.0,0.0,0.0,0.0,0.0,0.0,0.0,0.0,0.0,0.0,0.0,0,,,,,,,,,,,,,,,,,,,
R0712,남,52,50대,50~54,직장인,자영업,대전,5대광역시,비수도권,0,1,1,0,0,0,1,0,0,0,0,0,0,1,0,드립핸드드립,아메리카노,카페라떼,0,,,,,,,,,,,,,,,,,,,,0,,,,,,,,,,,,,,,,,,,,0,,,,,,,,,,,,,,,,,,,,1,1.0,1.0,1.0,0.0,1.0,0.0,0.0,0.0,0.0,0.0,0.0,0.0,0.0,0.0,0.0,0.0,0.0,0.0,0.0,0,,,,,,,,,,,,,,,,,,,,0,,,,,,,,,,,,,,,,,,,
R0713,남,33,30대,30~34,기타직업,기타,인천,서울외수도권,수도권,0,1,0,0,1,0,0,1,0,0,0,1,0,0,0,아메리카노,달콤한커피류,콜드브루,1,1.0,0.0,0.0,0.0,1.0,0.0,0.0,1.0,0.0,0.0,0.0,0.0,0.0,0.0,0.0,0.0,0.0,0.0,0.0,0,,,,,,,,,,,,,,,,,,,,0,,,,,,,,,,,,,,,,,,,,0,,,,,,,,,,,,,,,,,,,,1,1.0,0.0,0.0,0.0,0.0,1.0,0.0,0.0,0.0,0.0,0.0,0.0,0.0,0.0,1.0,1.0,0.0,0.0,0.0,1,1.0,1.0,1.0,0.0,0.0,1.0,0.0,0.0,0.0,0.0,0.0,0.0,0.0,0.0,0.0,0.0,0.0,0.0,0.0
R0714,여,55,50대,55~59,전업주부,전업주부,경기,서울외수도권,수도권,0,0,0,0,0,0,0,1,0,0,1,0,0,0,0,달콤한커피류,달콤한티,,0,,,,,,,,,,,,,,,,,,,,1,1.0,1.0,0.0,1.0,1.0,0.0,1.0,0.0,0.0,0.0,0.0,0.0,0.0,0.0,0.0,0.0,0.0,0.0,0.0,0,,,,,,,,,,,,,,,,,,,,0,,,,,,,,,,,,,,,,,,,,0,,,,,,,,,,,,,,,,,,,,0,,,,,,,,,,,,,,,,,,,
R0715,남,49,40대,45~49,직장인,경영/관리직,강원,기타지역,비수도권,0,1,0,0,0,0,0,0,1,0,0,1,0,0,1,아메리카노,주스에이드,과일티에이드,1,1.0,1.0,0.0,1.0,0.0,0.0,1.0,0.0,0.0,0.0,0.0,0.0,0.0,0.0,0.0,0.0,0.0,0.0,0.0,0,,,,,,,,,,,,,,,,,,,,1,1.0,0.0,0.0,0.0,0.0,0.0,0.0,0.0,0.0,0.0,0.0,1.0,1.0,0.0,0.0,0.0,0.0,0.0,0.0,0,,,,,,,,,,,,,,,,,,,,1,1.0,0.0,0.0,0.0,0.0,0.0,0.0,0.0,0.0,0.0,0.0,0.0,0.0,0.0,0.0,1.0,0.0,0.0,0.0,0,,,,,,,,,,,,,,,,,,,
R0716,여,49,40대,45~49,직장인,자유/전문직,대전,5대광역시,비수도권,0,1,0,0,0,0,0,0,0,0,0,0,0,0,0,아메리카노,,,1,1.0,1.0,1.0,0.0,0.0,0.0,0.0,0.0,1.0,0.0,0.0,0.0,0.0,0.0,0.0,0.0,0.0,0.0,0.0,1,1.0,1.0,0.0,0.0,0.0,1.0,0.0,0.0,0.0,0.0,0.0,0.0,0.0,0.0,0.0,0.0,0.0,0.0,0.0,1,1.0,0.0,0.0,1.0,0.0,1.0,0.0,0.0,0.0,1.0,0.0,0.0,0.0,0.0,0.0,0.0,0.0,0.0,0.0,1,1.0,1.0,1.0,1.0,0.0,0.0,1.0,0.0,0.0,1.0,0.0,0.0,0.0,0.0,0.0,0.0,0.0,0.0,0.0,1,1.0,0.0,1.0,0.0,0.0,0.0,0.0,0.0,0.0,1.0,0.0,0.0,0.0,0.0,0.0,0.0,0.0,0.0,0.0,0,,,,,,,,,,,,,,,,,,,
R0717,남,33,30대,30~34,직장인,자유/전문직,울산,5대광역시,비수도권,0,1,0,0,0,0,0,0,0,0,0,0,1,0,0,아메리카노,얼음갈린티,,0,,,,,,,,,,,,,,,,,,,,1,1.0,1.0,0.0,1.0,0.0,0.0,1.0,0.0,0.0,0.0,0.0,0.0,0.0,0.0,0.0,0.0,1.0,0.0,0.0,1,1.0,1.0,0.0,1.0,1.0,0.0,0.0,0.0,0.0,0.0,1.0,0.0,0.0,0.0,0.0,1.0,0.0,0.0,0.0,1,1.0,1.0,0.0,0.0,0.0,0.0,0.0,0.0,1.0,0.0,0.0,0.0,0.0,0.0,1.0,0.0,0.0,0.0,0.0,0,,,,,,,,,,,,,,,,,,,,0,,,,,,,,,,,,,,,,,,,
R0718,남,46,40대,45~49,직장인,사무/기술직,대구,5대광역시,비수도권,0,0,0,0,1,0,0,0,0,0,0,0,0,0,0,콜드브루,,,0,,,,,,,,,,,,,,,,,,,,1,1.0,1.0,0.0,0.0,1.0,1.0,1.0,0.0,0.0,0.0,0.0,1.0,0.0,0.0,1.0,0.0,0.0,0.0,0.0,1,1.0,1.0,0.0,0.0,1.0,1.0,0.0,0.0,0.0,0.0,0.0,0.0,0.0,0.0,0.0,0.0,0.0,0.0,0.0,0,,,,,,,,,,,,,,,,,,,,0,,,,,,,,,,,,,,,,,,,,0,,,,,,,,,,,,,,,,,,,
R0719,남,45,40대,45~49,직장인,자유/전문직,서울,서울,수도권,1,1,0,0,0,0,0,1,0,1,0,1,1,0,1,달콤한커피류,과일티에이드,아메리카노,1,1.0,1.0,0.0,1.0,0.0,1.0,0.0,0.0,0.0,0.0,0.0,0.0,0.0,0.0,1.0,1.0,1.0,0.0,0.0,1,1.0,1.0,0.0,1.0,1.0,0.0,0.0,0.0,0.0,0.0,0.0,0.0,0.0,0.0,0.0,0.0,0.0,0.0,0.0,0,,,,,,,,,,,,,,,,,,,,1,1.0,1.0,0.0,0.0,0.0,0.0,0.0,0.0,0.0,0.0,1.0,0.0,0.0,0.0,0.0,0.0,1.0,0.0,0.0,0,,,,,,,,,,,,,,,,,,,,1,1.0,1.0,0.0,0.0,1.0,0.0,0.0,1.0,0.0,0.0,0.0,0.0,0.0,0.0,0.0,0.0,0.0,0.0,0.0
R0720,여,28,20대,25~29,직장인,기능/작업직,전북,기타지역,비수도권,0,0,1,0,0,0,0,1,0,0,1,0,0,0,0,달콤한커피류,카페라떼,달콤한티,1,1.0,1.0,0.0,1.0,0.0,0.0,0.0,0.0,0.0,0.0,0.0,0.0,0.0,0.0,0.0,0.0,0.0,0.0,0.0,0,,,,,,,,,,,,,,,,,,,,1,1.0,0.0,0.0,1.0,0.0,0.0,0.0,0.0,0.0,0.0,0.0,0.0,0.0,0.0,0.0,0.0,0.0,0.0,0.0,1,1.0,0.0,0.0,0.0,0.0,1.0,1.0,0.0,0.0,0.0,0.0,0.0,0.0,1.0,0.0,0.0,0.0,0.0,0.0,0,,,,,,,,,,,,,,,,,,,,0,,,,,,,,,,,,,,,,,,,
R0721,남,46,40대,45~49,직장인,자유/전문직,서울,서울,수도권,1,0,0,0,0,0,0,0,0,0,0,0,0,0,0,에스프레소,,,0,,,,,,,,,,,,,,,,,,,,0,,,,,,,,,,,,,,,,,,,,0,,,,,,,,,,,,,,,,,,,,1,1.0,1.0,0.0,1.0,0.0,1.0,0.0,0.0,0.0,0.0,0.0,0.0,0.0,0.0,0.0,0.0,0.0,0.0,0.0,1,1.0,0.0,0.0,0.0,0.0,1.0,0.0,0.0,0.0,0.0,0.0,0.0,0.0,0.0,0.0,0.0,0.0,0.0,0.0,1,1.0,1.0,1.0,0.0,0.0,0.0,0.0,0.0,0.0,0.0,0.0,0.0,0.0,0.0,0.0,0.0,0.0,0.0,0.0
R0722,남,24,20대,20~24,직장인,사무/기술직,서울,서울,수도권,0,1,1,1,0,1,0,1,0,0,0,0,0,0,1,달콤한커피류,주스에이드,아메리카노,0,,,,,,,,,,,,,,,,,,,,1,1.0,1.0,0.0,1.0,0.0,0.0,0.0,0.0,0.0,0.0,0.0,1.0,0.0,0.0,0.0,0.0,0.0,0.0,0.0,0,,,,,,,,,,,,,,,,,,,,0,,,,,,,,,,,,,,,,,,,,1,1.0,1.0,0.0,1.0,0.0,1.0,0.0,0.0,0.0,0.0,0.0,1.0,0.0,0.0,0.0,0.0,1.0,0.0,0.0,0,,,,,,,,,,,,,,,,,,,
R0723,남,55,50대,55~59,직장인,사무/기술직,대구,5대광역시,비수도권,0,0,0,0,0,0,0,0,0,0,0,0,0,0,0,,,,1,1.0,0.0,0.0,1.0,0.0,0.0,0.0,0.0,0.0,1.0,0.0,1.0,0.0,0.0,0.0,0.0,0.0,0.0,0.0,1,1.0,1.0,0.0,1.0,0.0,1.0,0.0,0.0,0.0,0.0,0.0,0.0,0.0,0.0,0.0,0.0,0.0,0.0,0.0,1,1.0,1.0,0.0,0.0,0.0,1.0,0.0,0.0,0.0,0.0,0.0,0.0,0.0,0.0,0.0,0.0,0.0,1.0,1.0,0,,,,,,,,,,,,,,,,,,,,0,,,,,,,,,,,,,,,,,,,,1,1.0,1.0,0.0,0.0,0.0,0.0,1.0,0.0,0.0,0.0,0.0,0.0,0.0,0.0,0.0,0.0,0.0,0.0,0.0
R0724,여,24,20대,20~24,전업주부,전업주부,강원,기타지역,비수도권,0,0,0,1,0,0,0,1,0,0,0,1,1,0,0,달콤한커피류,얼음갈린티,과일티에이드,0,,,,,,,,,,,,,,,,,,,,1,1.0,1.0,0.0,0.0,0.0,0.0,0.0,0.0,0.0,0.0,1.0,1.0,0.0,0.0,0.0,0.0,0.0,0.0,0.0,1,1.0,0.0,0.0,0.0,1.0,1.0,0.0,0.0,0.0,0.0,1.0,0.0,0.0,0.0,0.0,1.0,0.0,1.0,0.0,1,1.0,0.0,0.0,0.0,0.0,0.0,0.0,0.0,0.0,0.0,0.0,0.0,0.0,0.0,0.0,0.0,0.0,0.0,0.0,0,,,,,,,,,,,,,,,,,,,,0,,,,,,,,,,,,,,,,,,,
R0725,남,26,20대,25~29,직장인,사무/기술직,서울,서울,수도권,0,1,0,0,0,0,0,0,0,0,0,0,1,0,0,아메리카노,얼음갈린티,,0,,,,,,,,,,,,,,,,,,,,1,1.0,0.0,0.0,0.0,0.0,0.0,0.0,0.0,0.0,0.0,0.0,0.0,0.0,0.0,0.0,1.0,1.0,0.0,0.0,1,1.0,0.0,0.0,0.0,0.0,0.0,0.0,0.0,0.0,0.0,1.0,0.0,0.0,0.0,0.0,1.0,0.0,0.0,0.0,1,1.0,0.0,0.0,0.0,0.0,0.0,0.0,1.0,0.0,1.0,1.0,1.0,0.0,0.0,0.0,0.0,1.0,0.0,0.0,0,,,,,,,,,,,,,,,,,,,,1,1.0,0.0,1.0,0.0,0.0,1.0,0.0,0.0,0.0,0.0,0.0,1.0,0.0,0.0,0.0,0.0,0.0,0.0,0.0
R0726,여,26,20대,25~29,대학(원)생,대학생,경기,서울외수도권,수도권,0,1,1,0,0,0,1,1,1,1,1,1,0,0,0,아메리카노,과일티에이드,카페라떼,0,,,,,,,,,,,,,,,,,,,,0,,,,,,,,,,,,,,,,,,,,1,1.0,1.0,0.0,0.0,0.0,0.0,1.0,0.0,0.0,1.0,0.0,0.0,0.0,0.0,0.0,1.0,1.0,0.0,0.0,1,1.0,1.0,0.0,0.0,1.0,0.0,0.0,1.0,0.0,0.0,0.0,0.0,0.0,0.0,0.0,0.0,0.0,0.0,0.0,1,1.0,0.0,0.0,0.0,0.0,1.0,0.0,0.0,1.0,0.0,1.0,0.0,0.0,0.0,0.0,0.0,0.0,0.0,0.0,0,,,,,,,,,,,,,,,,,,,
R0727,남,55,50대,55~59,직장인,사무/기술직,경기,서울외수도권,수도권,0,1,1,0,0,0,0,0,0,1,0,1,0,0,1,아메리카노,주스에이드,카페라떼,0,,,,,,,,,,,,,,,,,,,,0,,,,,,,,,,,,,,,,,,,,0,,,,,,,,,,,,,,,,,,,,1,1.0,1.0,0.0,0.0,1.0,0.0,1.0,0.0,0.0,0.0,0.0,0.0,0.0,0.0,0.0,0.0,1.0,0.0,0.0,0,,,,,,,,,,,,,,,,,,,,0,,,,,,,,,,,,,,,,,,,
R0728,남,57,50대,55~59,직장인,사무/기술직,충남,기타지역,비수도권,0,1,1,0,0,0,0,0,1,0,0,0,1,0,0,아메리카노,카페라떼,얼음갈린티,0,,,,,,,,,,,,,,,,,,,,1,1.0,0.0,0.0,0.0,0.0,1.0,0.0,0.0,0.0,0.0,0.0,0.0,0.0,0.0,0.0,0.0,0.0,0.0,0.0,1,1.0,1.0,0.0,0.0,0.0,1.0,0.0,0.0,0.0,0.0,0.0,0.0,0.0,0.0,1.0,0.0,0.0,0.0,0.0,0,,,,,,,,,,,,,,,,,,,,0,,,,,,,,,,,,,,,,,,,,0,,,,,,,,,,,,,,,,,,,
R0729,여,39,30대,35~39,기타직업,자영업,경북,기타지역,비수도권,0,1,0,0,0,0,0,0,0,0,0,1,0,0,0,아메리카노,과일티에이드,,0,,,,,,,,,,,,,,,,,,,,1,1.0,1.0,0.0,0.0,0.0,0.0,0.0,0.0,0.0,0.0,1.0,0.0,0.0,0.0,0.0,0.0,0.0,0.0,0.0,1,1.0,0.0,0.0,1.0,0.0,0.0,0.0,0.0,0.0,0.0,0.0,0.0,0.0,0.0,0.0,0.0,0.0,1.0,0.0,1,1.0,1.0,0.0,0.0,1.0,0.0,0.0,0.0,0.0,0.0,0.0,0.0,0.0,0.0,0.0,0.0,0.0,0.0,0.0,0,,,,,,,,,,,,,,,,,,,,0,,,,,,,,,,,,,,,,,,,
R0730,남,30,30대,30~34,직장인,자유/전문직,경기,서울외수도권,수도권,0,0,0,0,0,0,0,0,0,0,0,0,0,0,0,,,,1,1.0,0.0,0.0,0.0,0.0,0.0,0.0,0.0,0.0,0.0,0.0,0.0,0.0,0.0,0.0,0.0,1.0,0.0,0.0,0,,,,,,,,,,,,,,,,,,,,0,,,,,,,,,,,,,,,,,,,,1,1.0,1.0,0.0,1.0,0.0,1.0,0.0,0.0,0.0,0.0,0.0,0.0,0.0,0.0,0.0,0.0,0.0,0.0,0.0,0,,,,,,,,,,,,,,,,,,,,0,,,,,,,,,,,,,,,,,,,
R0731,여,35,30대,35~39,대학(원)생,대학생,서울,서울,수도권,0,1,0,0,0,1,0,0,0,0,1,1,1,1,0,과일티에이드,얼음갈린티,아메리카노,1,1.0,1.0,0.0,0.0,0.0,1.0,1.0,0.0,0.0,0.0,0.0,1.0,0.0,0.0,0.0,0.0,0.0,0.0,0.0,0,,,,,,,,,,,,,,,,,,,,0,,,,,,,,,,,,,,,,,,,,1,1.0,1.0,1.0,0.0,0.0,1.0,0.0,0.0,0.0,0.0,0.0,0.0,0.0,0.0,0.0,0.0,0.0,0.0,0.0,1,1.0,0.0,0.0,0.0,0.0,1.0,0.0,0.0,0.0,0.0,0.0,0.0,0.0,0.0,0.0,0.0,1.0,1.0,1.0,0,,,,,,,,,,,,,,,,,,,
R0732,남,39,30대,35~39,직장인,자유/전문직,경북,기타지역,비수도권,0,1,0,1,0,0,0,1,0,0,0,0,0,0,0,아메리카노,달콤한커피류,카푸치노,0,,,,,,,,,,,,,,,,,,,,0,,,,,,,,,,,,,,,,,,,,1,1.0,1.0,0.0,1.0,0.0,0.0,0.0,0.0,0.0,0.0,0.0,0.0,0.0,0.0,0.0,0.0,0.0,0.0,0.0,0,,,,,,,,,,,,,,,,,,,,0,,,,,,,,,,,,,,,,,,,,0,,,,,,,,,,,,,,,,,,,
R0733,남,38,30대,35~39,직장인,사무/기술직,경북,기타지역,비수도권,0,1,0,0,0,0,0,0,0,0,0,0,0,0,0,아메리카노,,,0,,,,,,,,,,,,,,,,,,,,1,1.0,1.0,0.0,1.0,0.0,0.0,0.0,0.0,0.0,1.0,0.0,0.0,0.0,0.0,0.0,0.0,0.0,0.0,0.0,0,,,,,,,,,,,,,,,,,,,,0,,,,,,,,,,,,,,,,,,,,1,1.0,0.0,0.0,0.0,0.0,0.0,0.0,0.0,0.0,0.0,0.0,0.0,0.0,0.0,0.0,0.0,0.0,0.0,0.0,0,,,,,,,,,,,,,,,,,,,
R0734,여,23,20대,20~24,직장인,자영업,서울,서울,수도권,0,1,0,0,0,0,0,0,0,0,0,0,0,0,0,아메리카노,,,0,,,,,,,,,,,,,,,,,,,,1,1.0,1.0,0.0,0.0,0.0,1.0,1.0,0.0,0.0,0.0,0.0,1.0,0.0,0.0,0.0,0.0,0.0,0.0,0.0,1,1.0,0.0,1.0,0.0,0.0,1.0,0.0,0.0,0.0,0.0,0.0,0.0,0.0,0.0,0.0,0.0,0.0,0.0,0.0,0,,,,,,,,,,,,,,,,,,,,0,,,,,,,,,,,,,,,,,,,,0,,,,,,,,,,,,,,,,,,,
R0735,남,34,30대,30~34,직장인,자유/전문직,서울,서울,수도권,0,1,0,1,1,0,0,0,0,1,0,1,0,0,0,아메리카노,기본티,콜드브루,1,1.0,0.0,0.0,1.0,0.0,1.0,0.0,0.0,0.0,1.0,0.0,0.0,0.0,0.0,0.0,0.0,0.0,0.0,0.0,1,1.0,1.0,0.0,0.0,0.0,1.0,0.0,0.0,0.0,0.0,0.0,0.0,0.0,0.0,0.0,0.0,1.0,1.0,0.0,0,,,,,,,,,,,,,,,,,,,,0,,,,,,,,,,,,,,,,,,,,0,,,,,,,,,,,,,,,,,,,,0,,,,,,,,,,,,,,,,,,,
R0736,남,21,20대,20~24,직장인,사무/기술직,경기,서울외수도권,수도권,0,1,1,0,0,0,0,0,0,0,0,0,0,0,0,아메리카노,카페라떼,,0,,,,,,,,,,,,,,,,,,,,0,,,,,,,,,,,,,,,,,,,,0,,,,,,,,,,,,,,,,,,,,0,,,,,,,,,,,,,,,,,,,,1,1.0,1.0,0.0,0.0,0.0,0.0,0.0,0.0,0.0,1.0,0.0,1.0,0.0,0.0,0.0,0.0,0.0,0.0,0.0,0,,,,,,,,,,,,,,,,,,,
R0737,여,42,40대,40~44,기타직업,기타,경기,서울외수도권,수도권,0,1,0,0,0,1,0,1,1,0,0,1,0,0,1,달콤한커피류,콜드브루라떼,얼음갈린커피,1,1.0,0.0,0.0,0.0,1.0,1.0,1.0,0.0,0.0,0.0,0.0,0.0,0.0,0.0,0.0,0.0,0.0,0.0,0.0,0,,,,,,,,,,,,,,,,,,,,1,1.0,1.0,0.0,0.0,0.0,1.0,0.0,0.0,0.0,0.0,1.0,1.0,0.0,0.0,0.0,1.0,0.0,0.0,0.0,0,,,,,,,,,,,,,,,,,,,,1,1.0,0.0,0.0,0.0,0.0,0.0,0.0,1.0,1.0,0.0,0.0,0.0,0.0,0.0,0.0,0.0,0.0,0.0,0.0,0,,,,,,,,,,,,,,,,,,,
R0738,남,24,20대,20~24,기타직업,자유/전문직,서울,서울,수도권,0,0,0,0,0,0,0,0,1,0,0,0,0,1,0,스무디쉐이크,얼음갈린커피,,0,,,,,,,,,,,,,,,,,,,,1,1.0,1.0,1.0,0.0,0.0,0.0,0.0,0.0,0.0,0.0,0.0,0.0,0.0,0.0,0.0,0.0,0.0,0.0,0.0,0,,,,,,,,,,,,,,,,,,,,1,1.0,1.0,0.0,0.0,0.0,0.0,0.0,0.0,0.0,0.0,1.0,0.0,0.0,0.0,0.0,0.0,0.0,0.0,0.0,1,1.0,0.0,0.0,0.0,0.0,0.0,0.0,0.0,0.0,0.0,0.0,0.0,0.0,0.0,0.0,0.0,0.0,0.0,0.0,0,,,,,,,,,,,,,,,,,,,
R0739,여,59,50대,55~59,대학(원)생,대학생,충북,기타지역,비수도권,0,1,0,0,1,0,0,0,0,0,0,1,0,0,0,아메리카노,콜드브루,과일티에이드,1,1.0,1.0,0.0,0.0,1.0,1.0,0.0,0.0,0.0,0.0,0.0,0.0,0.0,0.0,0.0,0.0,0.0,0.0,0.0,1,1.0,0.0,0.0,1.0,0.0,0.0,0.0,0.0,0.0,1.0,0.0,0.0,0.0,0.0,0.0,0.0,0.0,0.0,0.0,0,,,,,,,,,,,,,,,,,,,,0,,,,,,,,,,,,,,,,,,,,1,1.0,1.0,0.0,0.0,0.0,1.0,0.0,1.0,0.0,0.0,0.0,0.0,0.0,0.0,0.0,0.0,0.0,0.0,0.0,1,1.0,1.0,0.0,0.0,0.0,1.0,1.0,0.0,0.0,0.0,0.0,0.0,0.0,0.0,0.0,1.0,0.0,0.0,1.0
R0740,남,30,30대,30~34,전업주부,전업주부,광주,5대광역시,비수도권,0,0,1,0,0,0,0,0,0,0,0,0,0,1,0,스무디쉐이크,카페라떼,,0,,,,,,,,,,,,,,,,,,,,1,1.0,1.0,0.0,0.0,0.0,0.0,1.0,0.0,0.0,1.0,0.0,0.0,0.0,0.0,0.0,0.0,1.0,0.0,0.0,0,,,,,,,,,,,,,,,,,,,,1,1.0,1.0,0.0,0.0,0.0,0.0,1.0,0.0,0.0,0.0,0.0,1.0,0.0,0.0,0.0,0.0,0.0,0.0,0.0,1,1.0,1.0,0.0,0.0,0.0,1.0,0.0,0.0,0.0,0.0,0.0,0.0,0.0,0.0,0.0,0.0,0.0,0.0,0.0,0,,,,,,,,,,,,,,,,,,,
R0741,여,50,50대,50~54,직장인,사무/기술직,경기,서울외수도권,수도권,0,0,0,1,0,0,0,0,1,0,1,0,0,0,1,주스에이드,달콤한티,얼음갈린커피,1,1.0,1.0,0.0,0.0,0.0,0.0,1.0,0.0,0.0,0.0,1.0,0.0,0.0,0.0,0.0,0.0,0.0,0.0,0.0,1,1.0,1.0,0.0,0.0,0.0,1.0,0.0,0.0,0.0,0.0,0.0,0.0,1.0,0.0,0.0,0.0,0.0,0.0,0.0,1,1.0,0.0,0.0,1.0,0.0,1.0,0.0,0.0,0.0,1.0,0.0,0.0,0.0,0.0,0.0,0.0,0.0,0.0,0.0,1,1.0,0.0,0.0,0.0,0.0,1.0,0.0,1.0,0.0,1.0,0.0,0.0,0.0,0.0,0.0,0.0,0.0,0.0,0.0,1,1.0,0.0,0.0,0.0,0.0,1.0,0.0,0.0,0.0,0.0,0.0,1.0,0.0,0.0,1.0,0.0,0.0,0.0,0.0,1,1.0,1.0,0.0,0.0,0.0,1.0,0.0,0.0,0.0,0.0,0.0,0.0,0.0,1.0,0.0,0.0,0.0,0.0,0.0
R0742,남,25,20대,25~29,직장인,자영업,대구,5대광역시,비수도권,0,1,0,0,1,0,0,0,0,0,0,1,0,0,0,콜드브루,아메리카노,과일티에이드,1,1.0,1.0,0.0,0.0,0.0,1.0,0.0,1.0,0.0,0.0,0.0,0.0,0.0,0.0,0.0,0.0,0.0,0.0,1.0,1,1.0,1.0,0.0,0.0,0.0,0.0,0.0,0.0,0.0,1.0,1.0,0.0,0.0,0.0,0.0,0.0,1.0,0.0,0.0,0,,,,,,,,,,,,,,,,,,,,0,,,,,,,,,,,,,,,,,,,,0,,,,,,,,,,,,,,,,,,,,1,1.0,1.0,1.0,0.0,0.0,0.0,1.0,0.0,0.0,0.0,0.0,0.0,0.0,0.0,0.0,1.0,0.0,0.0,0.0
R0743,남,43,40대,40~44,직장인,기능/작업직,충북,기타지역,비수도권,0,1,0,0,0,1,0,1,1,0,0,0,0,0,1,아메리카노,달콤한커피류,콜드브루라떼,1,1.0,0.0,1.0,1.0,0.0,0.0,0.0,0.0,1.0,1.0,0.0,0.0,0.0,0.0,0.0,0.0,0.0,0.0,0.0,0,,,,,,,,,,,,,,,,,,,,0,,,,,,,,,,,,,,,,,,,,0,,,,,,,,,,,,,,,,,,,,1,1.0,0.0,0.0,0.0,0.0,0.0,0.0,0.0,0.0,0.0,0.0,0.0,0.0,0.0,0.0,0.0,0.0,0.0,0.0,1,1.0,1.0,1.0,0.0,0.0,1.0,0.0,0.0,0.0,0.0,0.0,0.0,0.0,0.0,0.0,0.0,0.0,0.0,0.0
R0744,여,35,30대,35~39,전업주부,전업주부,대구,5대광역시,비수도권,0,1,1,0,0,0,0,0,0,0,0,0,0,1,1,카페라떼,스무디쉐이크,아메리카노,0,,,,,,,,,,,,,,,,,,,,0,,,,,,,,,,,,,,,,,,,,0,,,,,,,,,,,,,,,,,,,,1,1.0,0.0,0.0,0.0,0.0,0.0,0.0,0.0,0.0,1.0,0.0,0.0,0.0,0.0,0.0,0.0,0.0,0.0,0.0,0,,,,,,,,,,,,,,,,,,,,1,1.0,1.0,1.0,1.0,0.0,0.0,1.0,0.0,0.0,0.0,0.0,0.0,1.0,0.0,0.0,0.0,0.0,0.0,0.0
R0745,여,34,30대,30~34,직장인,기능/작업직,경기,서울외수도권,수도권,0,1,0,0,0,0,0,0,0,1,1,0,0,0,0,아메리카노,달콤한티,기본티,0,,,,,,,,,,,,,,,,,,,,0,,,,,,,,,,,,,,,,,,,,1,1.0,0.0,0.0,0.0,0.0,1.0,1.0,0.0,0.0,1.0,0.0,0.0,0.0,0.0,0.0,0.0,0.0,0.0,0.0,0,,,,,,,,,,,,,,,,,,,,0,,,,,,,,,,,,,,,,,,,,1,1.0,1.0,1.0,0.0,0.0,0.0,0.0,0.0,0.0,0.0,0.0,0.0,0.0,0.0,0.0,0.0,0.0,0.0,0.0
R0746,남,45,40대,45~49,전업주부,전업주부,대구,5대광역시,비수도권,0,1,1,0,0,1,0,0,0,0,0,0,0,0,0,아메리카노,카페라떼,콜드브루라떼,1,1.0,1.0,0.0,0.0,0.0,0.0,0.0,1.0,0.0,0.0,0.0,0.0,0.0,0.0,0.0,0.0,0.0,0.0,0.0,0,,,,,,,,,,,,,,,,,,,,0,,,,,,,,,,,,,,,,,,,,0,,,,,,,,,,,,,,,,,,,,0,,,,,,,,,,,,,,,,,,,,1,1.0,0.0,0.0,0.0,0.0,0.0,0.0,0.0,0.0,0.0,0.0,0.0,0.0,0.0,0.0,0.0,0.0,0.0,0.0
R0747,남,28,20대,25~29,기타직업,자유/전문직,경기,서울외수도권,수도권,0,1,1,0,0,0,1,1,0,0,0,0,1,0,0,아메리카노,드립핸드드립,얼음갈린티,0,,,,,,,,,,,,,,,,,,,,1,1.0,1.0,0.0,0.0,0.0,0.0,1.0,0.0,0.0,0.0,0.0,0.0,0.0,0.0,0.0,0.0,0.0,0.0,0.0,0,,,,,,,,,,,,,,,,,,,,1,1.0,1.0,0.0,0.0,0.0,0.0,0.0,0.0,0.0,0.0,0.0,0.0,0.0,0.0,0.0,0.0,0.0,0.0,0.0,0,,,,,,,,,,,,,,,,,,,,0,,,,,,,,,,,,,,,,,,,
R0748,남,39,30대,35~39,직장인,사무/기술직,경기,서울외수도권,수도권,0,1,0,0,0,0,1,1,1,0,0,0,1,1,1,드립핸드드립,달콤한커피류,아메리카노,1,1.0,0.0,0.0,0.0,1.0,1.0,0.0,0.0,0.0,0.0,0.0,0.0,0.0,0.0,0.0,0.0,1.0,0.0,0.0,0,,,,,,,,,,,,,,,,,,,,0,,,,,,,,,,,,,,,,,,,,0,,,,,,,,,,,,,,,,,,,,0,,,,,,,,,,,,,,,,,,,,1,1.0,1.0,1.0,0.0,0.0,0.0,0.0,0.0,0.0,0.0,0.0,0.0,0.0,0.0,0.0,0.0,0.0,0.0,0.0
R0749,남,27,20대,25~29,직장인,사무/기술직,경기,서울외수도권,수도권,1,0,0,0,0,0,0,0,0,0,0,0,0,0,0,에스프레소,,,0,,,,,,,,,,,,,,,,,,,,1,1.0,1.0,0.0,0.0,0.0,0.0,1.0,0.0,0.0,0.0,0.0,0.0,0.0,0.0,0.0,0.0,0.0,0.0,0.0,1,1.0,1.0,0.0,1.0,0.0,0.0,1.0,0.0,0.0,0.0,0.0,0.0,0.0,0.0,0.0,1.0,0.0,0.0,0.0,1,1.0,0.0,0.0,0.0,0.0,0.0,0.0,0.0,0.0,0.0,0.0,0.0,0.0,0.0,0.0,0.0,0.0,0.0,0.0,0,,,,,,,,,,,,,,,,,,,,0,,,,,,,,,,,,,,,,,,,
R0750,남,33,30대,30~34,기타직업,기타,서울,서울,수도권,0,1,0,1,0,0,0,0,0,0,0,0,1,0,0,아메리카노,카푸치노,얼음갈린티,0,,,,,,,,,,,,,,,,,,,,0,,,,,,,,,,,,,,,,,,,,0,,,,,,,,,,,,,,,,,,,,0,,,,,,,,,,,,,,,,,,,,0,,,,,,,,,,,,,,,,,,,,1,1.0,1.0,0.0,1.0,0.0,0.0,1.0,0.0,0.0,0.0,0.0,0.0,0.0,0.0,0.0,0.0,0.0,0.0,0.0
R0751,여,59,50대,55~59,기타직업,판매/영업 서비스직,경기,서울외수도권,수도권,0,1,0,0,0,0,0,0,0,0,0,0,0,0,0,아메리카노,,,1,1.0,1.0,0.0,0.0,0.0,0.0,0.0,0.0,0.0,0.0,1.0,0.0,0.0,0.0,0.0,0.0,0.0,0.0,0.0,1,1.0,1.0,1.0,0.0,0.0,1.0,0.0,0.0,0.0,0.0,0.0,0.0,0.0,0.0,0.0,0.0,0.0,0.0,0.0,1,1.0,1.0,0.0,1.0,0.0,0.0,0.0,0.0,0.0,0.0,0.0,0.0,0.0,0.0,0.0,1.0,0.0,0.0,0.0,1,1.0,1.0,0.0,0.0,0.0,0.0,0.0,0.0,0.0,0.0,0.0,0.0,0.0,0.0,0.0,1.0,0.0,0.0,0.0,0,,,,,,,,,,,,,,,,,,,,0,,,,,,,,,,,,,,,,,,,
R0752,남,47,40대,45~49,기타직업,경영/관리직,전북,기타지역,비수도권,0,1,0,0,1,0,0,0,0,0,0,0,0,1,0,콜드브루,아메리카노,스무디쉐이크,0,,,,,,,,,,,,,,,,,,,,0,,,,,,,,,,,,,,,,,,,,0,,,,,,,,,,,,,,,,,,,,0,,,,,,,,,,,,,,,,,,,,1,1.0,0.0,1.0,0.0,0.0,1.0,0.0,0.0,0.0,0.0,1.0,0.0,0.0,0.0,0.0,0.0,0.0,0.0,0.0,1,1.0,1.0,0.0,0.0,0.0,0.0,0.0,0.0,0.0,0.0,0.0,0.0,0.0,0.0,1.0,0.0,0.0,0.0,0.0
R0753,여,55,50대,55~59,기타직업,무직,경기,서울외수도권,수도권,1,1,1,0,0,0,0,1,0,0,1,1,0,0,0,과일티에이드,아메리카노,달콤한커피류,1,1.0,0.0,0.0,0.0,0.0,0.0,0.0,0.0,0.0,0.0,0.0,0.0,0.0,0.0,0.0,0.0,0.0,0.0,0.0,0,,,,,,,,,,,,,,,,,,,,0,,,,,,,,,,,,,,,,,,,,0,,,,,,,,,,,,,,,,,,,,0,,,,,,,,,,,,,,,,,,,,0,,,,,,,,,,,,,,,,,,,
R0754,남,32,30대,30~34,직장인,자유/전문직,광주,5대광역시,비수도권,0,0,0,0,0,0,0,1,1,1,1,0,0,0,0,달콤한커피류,얼음갈린커피,달콤한티,0,,,,,,,,,,,,,,,,,,,,0,,,,,,,,,,,,,,,,,,,,0,,,,,,,,,,,,,,,,,,,,1,1.0,0.0,0.0,1.0,0.0,1.0,1.0,0.0,0.0,0.0,0.0,0.0,0.0,0.0,0.0,0.0,0.0,1.0,0.0,1,1.0,0.0,1.0,1.0,0.0,0.0,0.0,0.0,0.0,0.0,0.0,0.0,0.0,0.0,0.0,0.0,0.0,1.0,0.0,1,1.0,0.0,0.0,0.0,1.0,0.0,1.0,0.0,0.0,0.0,0.0,1.0,0.0,0.0,0.0,0.0,0.0,0.0,0.0
R0755,남,20,20대,20~24,직장인,사무/기술직,경남,기타지역,비수도권,0,0,0,1,1,0,0,0,0,0,0,1,0,1,0,스무디쉐이크,콜드브루,카푸치노,0,,,,,,,,,,,,,,,,,,,,1,1.0,0.0,0.0,0.0,0.0,0.0,0.0,0.0,0.0,0.0,0.0,0.0,0.0,0.0,0.0,1.0,1.0,0.0,0.0,1,1.0,1.0,0.0,0.0,0.0,0.0,1.0,0.0,0.0,0.0,0.0,0.0,0.0,0.0,0.0,0.0,0.0,0.0,0.0,0,,,,,,,,,,,,,,,,,,,,0,,,,,,,,,,,,,,,,,,,,0,,,,,,,,,,,,,,,,,,,
R0756,남,48,40대,45~49,직장인,사무/기술직,경북,기타지역,비수도권,1,1,1,0,1,0,0,1,0,0,0,1,0,0,0,아메리카노,카페라떼,달콤한커피류,0,,,,,,,,,,,,,,,,,,,,0,,,,,,,,,,,,,,,,,,,,1,1.0,0.0,0.0,0.0,0.0,0.0,0.0,0.0,0.0,0.0,0.0,0.0,0.0,0.0,1.0,0.0,1.0,1.0,0.0,0,,,,,,,,,,,,,,,,,,,,1,1.0,0.0,0.0,0.0,0.0,0.0,0.0,0.0,0.0,0.0,0.0,0.0,0.0,0.0,0.0,0.0,1.0,0.0,0.0,0,,,,,,,,,,,,,,,,,,,
R0757,남,22,20대,20~24,전업주부,전업주부,경기,서울외수도권,수도권,0,1,0,0,0,0,0,0,1,0,1,0,0,0,0,아메리카노,얼음갈린커피,달콤한티,1,1.0,1.0,0.0,0.0,1.0,0.0,0.0,0.0,0.0,0.0,0.0,0.0,0.0,0.0,0.0,1.0,0.0,0.0,0.0,0,,,,,,,,,,,,,,,,,,,,0,,,,,,,,,,,,,,,,,,,,1,1.0,0.0,0.0,1.0,1.0,0.0,1.0,0.0,0.0,0.0,0.0,0.0,0.0,0.0,0.0,0.0,0.0,1.0,0.0,1,1.0,1.0,0.0,0.0,0.0,0.0,0.0,1.0,1.0,0.0,0.0,1.0,0.0,0.0,0.0,0.0,0.0,0.0,0.0,0,,,,,,,,,,,,,,,,,,,
R0758,여,28,20대,25~29,기타직업,판매/영업 서비스직,강원,기타지역,비수도권,0,1,0,0,0,0,0,0,0,0,1,0,0,0,0,달콤한티,아메리카노,,0,,,,,,,,,,,,,,,,,,,,1,1.0,0.0,0.0,0.0,0.0,0.0,0.0,0.0,0.0,0.0,0.0,0.0,0.0,0.0,1.0,0.0,0.0,0.0,0.0,0,,,,,,,,,,,,,,,,,,,,0,,,,,,,,,,,,,,,,,,,,1,1.0,1.0,0.0,0.0,0.0,0.0,0.0,0.0,0.0,1.0,0.0,0.0,0.0,0.0,0.0,0.0,0.0,0.0,0.0,1,1.0,1.0,0.0,1.0,1.0,0.0,0.0,0.0,1.0,0.0,0.0,0.0,0.0,0.0,0.0,0.0,0.0,0.0,0.0
R0759,여,28,20대,25~29,기타직업,기타,서울,서울,수도권,0,1,1,0,0,0,0,1,0,0,0,0,1,0,0,아메리카노,달콤한커피류,얼음갈린티,1,1.0,0.0,0.0,0.0,1.0,1.0,1.0,0.0,0.0,0.0,0.0,0.0,0.0,0.0,0.0,0.0,0.0,0.0,0.0,0,,,,,,,,,,,,,,,,,,,,0,,,,,,,,,,,,,,,,,,,,0,,,,,,,,,,,,,,,,,,,,0,,,,,,,,,,,,,,,,,,,,0,,,,,,,,,,,,,,,,,,,
R0760,여,55,50대,55~59,직장인,사무/기술직,경기,서울외수도권,수도권,0,0,1,0,0,0,1,0,0,0,0,1,0,0,0,카페라떼,과일티에이드,드립핸드드립,0,,,,,,,,,,,,,,,,,,,,1,1.0,1.0,0.0,0.0,0.0,1.0,0.0,0.0,0.0,0.0,0.0,0.0,0.0,0.0,0.0,0.0,0.0,0.0,0.0,0,,,,,,,,,,,,,,,,,,,,0,,,,,,,,,,,,,,,,,,,,0,,,,,,,,,,,,,,,,,,,,0,,,,,,,,,,,,,,,,,,,
R0761,남,49,40대,45~49,전업주부,전업주부,경북,기타지역,비수도권,0,1,1,0,0,0,0,0,0,0,0,0,0,0,1,카페라떼,아메리카노,주스에이드,1,1.0,1.0,0.0,0.0,1.0,0.0,0.0,0.0,1.0,0.0,0.0,0.0,0.0,0.0,0.0,0.0,0.0,0.0,0.0,1,1.0,0.0,0.0,0.0,0.0,0.0,0.0,0.0,0.0,0.0,0.0,0.0,0.0,0.0,0.0,0.0,0.0,1.0,0.0,0,,,,,,,,,,,,,,,,,,,,0,,,,,,,,,,,,,,,,,,,,0,,,,,,,,,,,,,,,,,,,,1,1.0,1.0,0.0,1.0,0.0,0.0,0.0,0.0,0.0,0.0,0.0,0.0,0.0,0.0,0.0,0.0,0.0,0.0,0.0
R0762,남,30,30대,30~34,대학(원)생,대학생,광주,5대광역시,비수도권,0,1,0,1,0,0,0,0,0,0,0,0,0,1,0,아메리카노,스무디쉐이크,카푸치노,0,,,,,,,,,,,,,,,,,,,,1,1.0,1.0,0.0,0.0,1.0,0.0,0.0,1.0,0.0,1.0,0.0,0.0,0.0,0.0,0.0,1.0,1.0,0.0,0.0,0,,,,,,,,,,,,,,,,,,,,1,1.0,1.0,0.0,1.0,0.0,1.0,1.0,0.0,0.0,0.0,0.0,0.0,0.0,0.0,0.0,0.0,0.0,0.0,0.0,0,,,,,,,,,,,,,,,,,,,,1,1.0,1.0,0.0,1.0,0.0,1.0,0.0,0.0,0.0,1.0,0.0,0.0,0.0,0.0,0.0,0.0,0.0,1.0,0.0
R0763,여,59,50대,55~59,전업주부,전업주부,서울,서울,수도권,0,1,0,0,0,0,0,0,1,1,0,1,1,1,0,아메리카노,얼음갈린티,스무디쉐이크,0,,,,,,,,,,,,,,,,,,,,1,1.0,1.0,0.0,0.0,1.0,0.0,0.0,0.0,0.0,0.0,0.0,0.0,0.0,0.0,0.0,0.0,0.0,0.0,0.0,1,1.0,0.0,0.0,1.0,0.0,1.0,0.0,0.0,0.0,0.0,0.0,0.0,0.0,0.0,0.0,0.0,0.0,1.0,0.0,0,,,,,,,,,,,,,,,,,,,,0,,,,,,,,,,,,,,,,,,,,1,1.0,1.0,0.0,0.0,0.0,1.0,1.0,0.0,0.0,0.0,0.0,0.0,0.0,0.0,0.0,0.0,0.0,0.0,0.0
R0764,여,42,40대,40~44,기타직업,자영업,전남,기타지역,비수도권,0,1,0,0,0,1,0,1,0,0,1,1,1,0,1,주스에이드,달콤한커피류,과일티에이드,0,,,,,,,,,,,,,,,,,,,,0,,,,,,,,,,,,,,,,,,,,0,,,,,,,,,,,,,,,,,,,,0,,,,,,,,,,,,,,,,,,,,1,1.0,0.0,0.0,0.0,0.0,0.0,0.0,1.0,0.0,0.0,0.0,0.0,0.0,0.0,1.0,0.0,0.0,0.0,0.0,1,1.0,1.0,0.0,1.0,0.0,1.0,1.0,0.0,0.0,0.0,0.0,0.0,0.0,0.0,0.0,0.0,0.0,0.0,0.0
R0765,여,27,20대,25~29,기타직업,경영/관리직,서울,서울,수도권,0,1,0,0,1,0,0,0,1,0,0,0,0,0,0,콜드브루,아메리카노,얼음갈린커피,0,,,,,,,,,,,,,,,,,,,,1,1.0,1.0,1.0,0.0,0.0,0.0,1.0,0.0,0.0,0.0,0.0,0.0,0.0,0.0,0.0,0.0,0.0,0.0,1.0,0,,,,,,,,,,,,,,,,,,,,1,1.0,0.0,0.0,0.0,0.0,0.0,0.0,0.0,0.0,1.0,0.0,0.0,0.0,0.0,0.0,1.0,0.0,0.0,0.0,1,1.0,1.0,0.0,1.0,0.0,0.0,0.0,1.0,0.0,0.0,0.0,1.0,0.0,0.0,0.0,0.0,0.0,0.0,0.0,1,1.0,1.0,0.0,0.0,1.0,0.0,0.0,0.0,0.0,0.0,0.0,0.0,0.0,0.0,0.0,0.0,0.0,0.0,0.0
R0766,남,30,30대,30~34,기타직업,기타,경기,서울외수도권,수도권,1,1,0,0,0,1,0,0,1,1,0,0,0,1,0,기본티,아메리카노,스무디쉐이크,1,1.0,1.0,0.0,0.0,0.0,0.0,0.0,0.0,0.0,0.0,0.0,0.0,0.0,0.0,0.0,0.0,0.0,0.0,0.0,0,,,,,,,,,,,,,,,,,,,,0,,,,,,,,,,,,,,,,,,,,1,1.0,0.0,0.0,0.0,0.0,0.0,0.0,0.0,0.0,1.0,0.0,0.0,0.0,0.0,0.0,0.0,1.0,0.0,0.0,0,,,,,,,,,,,,,,,,,,,,0,,,,,,,,,,,,,,,,,,,
R0767,여,43,40대,40~44,직장인,자유/전문직,경기,서울외수도권,수도권,0,1,0,0,1,0,0,0,0,0,1,1,0,0,0,아메리카노,과일티에이드,콜드브루,0,,,,,,,,,,,,,,,,,,,,0,,,,,,,,,,,,,,,,,,,,0,,,,,,,,,,,,,,,,,,,,1,1.0,0.0,0.0,0.0,0.0,0.0,1.0,0.0,0.0,0.0,0.0,0.0,0.0,0.0,0.0,0.0,0.0,0.0,0.0,1,1.0,1.0,0.0,1.0,0.0,0.0,0.0,0.0,0.0,0.0,0.0,0.0,0.0,0.0,0.0,0.0,0.0,0.0,0.0,0,,,,,,,,,,,,,,,,,,,
R0768,여,28,20대,25~29,직장인,사무/기술직,서울,서울,수도권,0,1,1,0,0,1,0,1,0,0,0,0,0,0,0,아메리카노,달콤한커피류,카페라떼,1,1.0,1.0,0.0,0.0,1.0,0.0,1.0,1.0,0.0,0.0,0.0,0.0,0.0,0.0,0.0,0.0,0.0,0.0,0.0,0,,,,,,,,,,,,,,,,,,,,0,,,,,,,,,,,,,,,,,,,,1,1.0,1.0,0.0,0.0,1.0,0.0,0.0,0.0,0.0,0.0,0.0,0.0,1.0,0.0,0.0,0.0,0.0,0.0,0.0,1,1.0,0.0,0.0,0.0,0.0,0.0,0.0,0.0,0.0,1.0,0.0,0.0,0.0,0.0,0.0,0.0,0.0,0.0,0.0,1,1.0,1.0,0.0,0.0,0.0,1.0,0.0,1.0,0.0,0.0,0.0,0.0,0.0,0.0,0.0,0.0,0.0,0.0,0.0
R0769,여,36,30대,35~39,기타직업,기타,경기,서울외수도권,수도권,0,1,1,0,0,0,0,0,0,0,1,0,0,0,0,카페라떼,아메리카노,달콤한티,1,1.0,1.0,0.0,0.0,0.0,0.0,0.0,0.0,0.0,0.0,0.0,0.0,0.0,0.0,1.0,0.0,0.0,0.0,0.0,0,,,,,,,,,,,,,,,,,,,,1,1.0,0.0,0.0,0.0,0.0,0.0,1.0,0.0,0.0,0.0,0.0,0.0,0.0,0.0,0.0,0.0,0.0,0.0,0.0,1,1.0,0.0,0.0,0.0,0.0,0.0,0.0,0.0,0.0,1.0,0.0,0.0,0.0,0.0,0.0,0.0,0.0,0.0,0.0,1,1.0,0.0,0.0,1.0,0.0,1.0,0.0,0.0,0.0,0.0,0.0,0.0,0.0,0.0,0.0,0.0,0.0,0.0,0.0,0,,,,,,,,,,,,,,,,,,,
R0770,남,45,40대,45~49,직장인,자유/전문직,경북,기타지역,비수도권,0,1,0,0,0,0,0,1,0,0,0,0,0,0,0,아메리카노,달콤한커피류,,0,,,,,,,,,,,,,,,,,,,,1,1.0,1.0,0.0,0.0,0.0,0.0,0.0,0.0,0.0,0.0,0.0,0.0,0.0,0.0,0.0,0.0,0.0,0.0,0.0,0,,,,,,,,,,,,,,,,,,,,1,1.0,1.0,0.0,0.0,0.0,1.0,0.0,1.0,1.0,0.0,0.0,0.0,0.0,0.0,0.0,0.0,0.0,0.0,0.0,0,,,,,,,,,,,,,,,,,,,,0,,,,,,,,,,,,,,,,,,,
R0771,여,45,40대,45~49,대학(원)생,대학생,부산,5대광역시,비수도권,0,1,0,0,0,1,0,0,0,1,1,0,0,1,0,아메리카노,달콤한티,기본티,0,,,,,,,,,,,,,,,,,,,,0,,,,,,,,,,,,,,,,,,,,0,,,,,,,,,,,,,,,,,,,,1,1.0,1.0,0.0,0.0,1.0,1.0,1.0,0.0,0.0,1.0,0.0,0.0,0.0,0.0,0.0,0.0,0.0,0.0,0.0,0,,,,,,,,,,,,,,,,,,,,1,1.0,1.0,1.0,0.0,0.0,1.0,1.0,0.0,1.0,0.0,0.0,0.0,0.0,0.0,0.0,0.0,0.0,0.0,0.0
R0772,남,37,30대,35~39,기타직업,기타,경기,서울외수도권,수도권,0,1,1,1,0,0,1,0,1,0,1,0,0,0,0,달콤한티,아메리카노,얼음갈린커피,0,,,,,,,,,,,,,,,,,,,,1,1.0,1.0,1.0,1.0,0.0,0.0,0.0,0.0,0.0,0.0,1.0,0.0,0.0,0.0,0.0,0.0,1.0,0.0,0.0,0,,,,,,,,,,,,,,,,,,,,0,,,,,,,,,,,,,,,,,,,,0,,,,,,,,,,,,,,,,,,,,0,,,,,,,,,,,,,,,,,,,
R0773,여,42,40대,40~44,기타직업,기능/작업직,충북,기타지역,비수도권,0,0,0,0,0,1,0,1,0,1,1,1,0,0,0,과일티에이드,달콤한커피류,기본티,1,1.0,0.0,0.0,0.0,0.0,0.0,0.0,0.0,0.0,0.0,0.0,0.0,0.0,0.0,0.0,0.0,0.0,1.0,0.0,1,1.0,1.0,0.0,0.0,1.0,0.0,1.0,0.0,0.0,0.0,0.0,0.0,0.0,0.0,0.0,0.0,1.0,0.0,0.0,0,,,,,,,,,,,,,,,,,,,,0,,,,,,,,,,,,,,,,,,,,0,,,,,,,,,,,,,,,,,,,,0,,,,,,,,,,,,,,,,,,,
R0774,여,32,30대,30~34,직장인,사무/기술직,서울,서울,수도권,0,1,1,0,0,0,1,0,0,0,1,0,0,0,1,아메리카노,주스에이드,드립핸드드립,0,,,,,,,,,,,,,,,,,,,,1,1.0,1.0,0.0,0.0,0.0,0.0,1.0,0.0,0.0,0.0,0.0,0.0,0.0,0.0,0.0,0.0,0.0,0.0,0.0,1,1.0,1.0,0.0,1.0,0.0,0.0,0.0,0.0,1.0,0.0,0.0,0.0,0.0,0.0,0.0,0.0,0.0,0.0,0.0,1,1.0,1.0,0.0,1.0,0.0,0.0,0.0,0.0,0.0,0.0,0.0,0.0,0.0,0.0,0.0,0.0,0.0,0.0,0.0,1,1.0,1.0,0.0,0.0,1.0,0.0,0.0,0.0,0.0,0.0,0.0,0.0,0.0,0.0,0.0,0.0,0.0,0.0,0.0,0,,,,,,,,,,,,,,,,,,,
R0775,남,20,20대,20~24,직장인,자유/전문직,대전,5대광역시,비수도권,0,1,1,0,0,0,1,0,0,0,0,0,1,0,0,얼음갈린티,아메리카노,카페라떼,0,,,,,,,,,,,,,,,,,,,,1,1.0,0.0,0.0,0.0,0.0,0.0,0.0,0.0,0.0,0.0,0.0,0.0,0.0,0.0,0.0,0.0,0.0,0.0,0.0,1,1.0,1.0,0.0,0.0,0.0,1.0,1.0,0.0,0.0,0.0,0.0,0.0,0.0,0.0,0.0,0.0,0.0,0.0,1.0,1,1.0,1.0,0.0,1.0,0.0,0.0,0.0,0.0,0.0,0.0,0.0,0.0,0.0,0.0,0.0,0.0,0.0,0.0,0.0,0,,,,,,,,,,,,,,,,,,,,1,1.0,1.0,0.0,0.0,1.0,1.0,0.0,0.0,0.0,0.0,0.0,0.0,0.0,0.0,0.0,0.0,0.0,0.0,0.0
R0776,여,31,30대,30~34,직장인,사무/기술직,경남,기타지역,비수도권,0,1,0,0,0,1,0,1,0,0,1,0,1,0,1,아메리카노,달콤한커피류,얼음갈린티,0,,,,,,,,,,,,,,,,,,,,0,,,,,,,,,,,,,,,,,,,,0,,,,,,,,,,,,,,,,,,,,1,1.0,1.0,0.0,0.0,0.0,0.0,0.0,1.0,0.0,0.0,0.0,0.0,0.0,0.0,0.0,0.0,0.0,0.0,0.0,0,,,,,,,,,,,,,,,,,,,,1,1.0,1.0,0.0,0.0,0.0,0.0,1.0,0.0,0.0,0.0,0.0,0.0,0.0,0.0,0.0,0.0,0.0,0.0,0.0
R0777,여,33,30대,30~34,기타직업,기타,부산,5대광역시,비수도권,0,1,1,0,0,0,0,1,0,0,1,1,0,0,0,아메리카노,달콤한커피류,카페라떼,0,,,,,,,,,,,,,,,,,,,,0,,,,,,,,,,,,,,,,,,,,1,1.0,1.0,1.0,0.0,0.0,0.0,0.0,0.0,0.0,0.0,0.0,0.0,0.0,0.0,0.0,0.0,0.0,1.0,0.0,0,,,,,,,,,,,,,,,,,,,,1,1.0,0.0,0.0,0.0,0.0,0.0,0.0,0.0,0.0,0.0,0.0,0.0,0.0,0.0,0.0,0.0,0.0,0.0,0.0,0,,,,,,,,,,,,,,,,,,,
R0778,남,38,30대,35~39,직장인,사무/기술직,경기,서울외수도권,수도권,0,1,0,0,0,0,1,1,1,0,0,1,0,0,0,아메리카노,과일티에이드,달콤한커피류,1,1.0,1.0,0.0,0.0,0.0,1.0,1.0,0.0,0.0,0.0,0.0,0.0,0.0,0.0,0.0,0.0,0.0,0.0,0.0,0,,,,,,,,,,,,,,,,,,,,0,,,,,,,,,,,,,,,,,,,,1,1.0,0.0,0.0,0.0,0.0,0.0,0.0,0.0,1.0,0.0,0.0,0.0,0.0,0.0,0.0,0.0,1.0,0.0,0.0,1,1.0,1.0,0.0,0.0,0.0,0.0,0.0,0.0,0.0,1.0,1.0,0.0,0.0,0.0,0.0,0.0,0.0,0.0,0.0,0,,,,,,,,,,,,,,,,,,,
R0779,남,27,20대,25~29,직장인,사무/기술직,서울,서울,수도권,0,1,0,0,0,0,0,1,0,0,0,0,1,0,0,아메리카노,달콤한커피류,얼음갈린티,0,,,,,,,,,,,,,,,,,,,,0,,,,,,,,,,,,,,,,,,,,1,1.0,1.0,0.0,0.0,0.0,0.0,0.0,0.0,0.0,1.0,0.0,1.0,0.0,0.0,0.0,0.0,0.0,0.0,0.0,1,1.0,1.0,0.0,1.0,0.0,0.0,0.0,0.0,0.0,0.0,0.0,0.0,0.0,0.0,0.0,1.0,0.0,0.0,0.0,1,1.0,0.0,0.0,0.0,0.0,0.0,1.0,0.0,0.0,0.0,0.0,0.0,0.0,0.0,0.0,0.0,0.0,0.0,1.0,0,,,,,,,,,,,,,,,,,,,
R0780,여,20,20대,20~24,대학(원)생,대학생,경기,서울외수도권,수도권,0,0,0,0,1,0,0,1,0,0,0,0,0,0,0,달콤한커피류,콜드브루,,1,1.0,1.0,0.0,0.0,1.0,0.0,0.0,0.0,0.0,0.0,0.0,0.0,0.0,0.0,0.0,0.0,0.0,0.0,0.0,1,1.0,1.0,0.0,1.0,0.0,0.0,0.0,0.0,0.0,0.0,0.0,0.0,0.0,0.0,0.0,0.0,1.0,0.0,0.0,1,1.0,1.0,0.0,1.0,1.0,0.0,0.0,0.0,0.0,0.0,0.0,0.0,0.0,0.0,0.0,0.0,0.0,0.0,0.0,0,,,,,,,,,,,,,,,,,,,,1,1.0,0.0,0.0,0.0,0.0,1.0,0.0,0.0,0.0,0.0,0.0,0.0,0.0,0.0,0.0,0.0,0.0,0.0,0.0,0,,,,,,,,,,,,,,,,,,,
R0781,남,21,20대,20~24,기타직업,기타,경기,서울외수도권,수도권,1,1,0,0,0,0,1,1,0,0,0,1,0,0,0,아메리카노,드립핸드드립,에스프레소,0,,,,,,,,,,,,,,,,,,,,0,,,,,,,,,,,,,,,,,,,,0,,,,,,,,,,,,,,,,,,,,0,,,,,,,,,,,,,,,,,,,,0,,,,,,,,,,,,,,,,,,,,0,,,,,,,,,,,,,,,,,,,
R0782,남,52,50대,50~54,직장인,자영업,충남,기타지역,비수도권,0,0,1,0,0,1,0,1,0,1,0,0,0,0,0,달콤한커피류,카페라떼,기본티,0,,,,,,,,,,,,,,,,,,,,0,,,,,,,,,,,,,,,,,,,,0,,,,,,,,,,,,,,,,,,,,0,,,,,,,,,,,,,,,,,,,,0,,,,,,,,,,,,,,,,,,,,0,,,,,,,,,,,,,,,,,,,
R0783,여,50,50대,50~54,직장인,사무/기술직,경기,서울외수도권,수도권,0,1,0,0,0,0,0,0,0,0,0,0,0,0,1,아메리카노,주스에이드,,0,,,,,,,,,,,,,,,,,,,,1,1.0,1.0,0.0,1.0,0.0,0.0,1.0,0.0,0.0,0.0,0.0,1.0,0.0,0.0,0.0,0.0,0.0,1.0,0.0,0,,,,,,,,,,,,,,,,,,,,0,,,,,,,,,,,,,,,,,,,,0,,,,,,,,,,,,,,,,,,,,1,1.0,1.0,0.0,0.0,0.0,1.0,0.0,1.0,0.0,0.0,0.0,0.0,0.0,0.0,0.0,0.0,0.0,0.0,0.0
R0784,남,50,50대,50~54,대학(원)생,대학생,서울,서울,수도권,0,1,0,0,0,0,0,0,0,0,1,0,0,1,0,달콤한티,아메리카노,스무디쉐이크,1,1.0,0.0,0.0,0.0,1.0,0.0,0.0,0.0,0.0,0.0,1.0,0.0,0.0,0.0,0.0,0.0,0.0,0.0,0.0,0,,,,,,,,,,,,,,,,,,,,0,,,,,,,,,,,,,,,,,,,,1,1.0,1.0,0.0,1.0,0.0,0.0,0.0,0.0,0.0,0.0,1.0,0.0,0.0,0.0,0.0,0.0,0.0,0.0,0.0,1,1.0,1.0,0.0,0.0,0.0,0.0,0.0,0.0,0.0,1.0,0.0,0.0,0.0,0.0,0.0,0.0,0.0,0.0,0.0,0,,,,,,,,,,,,,,,,,,,
R0785,남,37,30대,35~39,전업주부,전업주부,경기,서울외수도권,수도권,0,1,1,0,0,0,0,0,0,0,0,0,0,0,0,카페라떼,아메리카노,,0,,,,,,,,,,,,,,,,,,,,0,,,,,,,,,,,,,,,,,,,,0,,,,,,,,,,,,,,,,,,,,0,,,,,,,,,,,,,,,,,,,,0,,,,,,,,,,,,,,,,,,,,1,1.0,1.0,0.0,0.0,0.0,1.0,0.0,0.0,0.0,0.0,1.0,0.0,0.0,0.0,0.0,0.0,0.0,0.0,0.0
R0786,여,32,30대,30~34,직장인,기능/작업직,서울,서울,수도권,0,1,0,1,0,0,1,0,0,0,0,0,1,1,0,스무디쉐이크,아메리카노,얼음갈린티,1,1.0,0.0,0.0,1.0,0.0,0.0,0.0,0.0,0.0,0.0,0.0,1.0,0.0,0.0,1.0,0.0,0.0,0.0,0.0,1,1.0,0.0,0.0,0.0,1.0,0.0,0.0,0.0,0.0,0.0,0.0,0.0,0.0,0.0,0.0,0.0,1.0,0.0,0.0,0,,,,,,,,,,,,,,,,,,,,1,1.0,1.0,0.0,0.0,0.0,1.0,0.0,0.0,0.0,0.0,1.0,0.0,0.0,0.0,0.0,1.0,0.0,0.0,0.0,0,,,,,,,,,,,,,,,,,,,,1,1.0,1.0,0.0,1.0,0.0,1.0,0.0,0.0,0.0,0.0,0.0,0.0,0.0,0.0,0.0,0.0,0.0,0.0,0.0
R0787,남,38,30대,35~39,전업주부,전업주부,서울,서울,수도권,0,1,0,0,0,0,1,0,0,0,0,1,0,1,0,아메리카노,과일티에이드,드립핸드드립,1,1.0,1.0,0.0,0.0,1.0,0.0,0.0,0.0,0.0,0.0,0.0,0.0,0.0,0.0,0.0,1.0,0.0,0.0,0.0,1,1.0,1.0,0.0,0.0,0.0,0.0,1.0,0.0,0.0,0.0,0.0,0.0,1.0,0.0,0.0,0.0,0.0,0.0,0.0,0,,,,,,,,,,,,,,,,,,,,0,,,,,,,,,,,,,,,,,,,,0,,,,,,,,,,,,,,,,,,,,0,,,,,,,,,,,,,,,,,,,
R0788,남,47,40대,45~49,대학(원)생,대학원생,경기,서울외수도권,수도권,0,1,0,0,0,0,0,0,0,0,0,1,0,1,0,아메리카노,스무디쉐이크,과일티에이드,0,,,,,,,,,,,,,,,,,,,,0,,,,,,,,,,,,,,,,,,,,1,1.0,1.0,0.0,0.0,0.0,0.0,0.0,0.0,0.0,0.0,0.0,0.0,0.0,0.0,0.0,0.0,0.0,0.0,0.0,1,1.0,0.0,1.0,0.0,0.0,1.0,0.0,0.0,0.0,0.0,0.0,0.0,0.0,0.0,0.0,0.0,0.0,0.0,0.0,0,,,,,,,,,,,,,,,,,,,,1,1.0,1.0,0.0,0.0,0.0,0.0,0.0,0.0,0.0,0.0,0.0,0.0,0.0,0.0,0.0,0.0,0.0,0.0,0.0
R0789,여,28,20대,25~29,직장인,자유/전문직,전남,기타지역,비수도권,0,1,1,0,0,0,0,1,1,0,0,0,1,0,0,카페라떼,아메리카노,얼음갈린티,0,,,,,,,,,,,,,,,,,,,,1,1.0,0.0,1.0,0.0,0.0,0.0,1.0,0.0,0.0,0.0,1.0,0.0,0.0,0.0,0.0,0.0,0.0,0.0,0.0,0,,,,,,,,,,,,,,,,,,,,1,1.0,1.0,1.0,0.0,0.0,0.0,1.0,0.0,0.0,0.0,1.0,0.0,0.0,0.0,0.0,0.0,0.0,0.0,0.0,1,1.0,1.0,0.0,1.0,0.0,0.0,0.0,0.0,0.0,1.0,0.0,1.0,0.0,0.0,0.0,0.0,0.0,0.0,0.0,0,,,,,,,,,,,,,,,,,,,
R0790,남,29,20대,25~29,기타직업,기능/작업직,광주,5대광역시,비수도권,0,1,0,0,0,0,0,1,0,0,0,1,0,1,0,과일티에이드,아메리카노,달콤한커피류,0,,,,,,,,,,,,,,,,,,,,0,,,,,,,,,,,,,,,,,,,,1,1.0,1.0,0.0,1.0,0.0,1.0,0.0,0.0,0.0,0.0,0.0,0.0,0.0,0.0,0.0,1.0,0.0,0.0,0.0,1,1.0,1.0,0.0,0.0,0.0,0.0,1.0,1.0,0.0,0.0,0.0,0.0,0.0,0.0,0.0,0.0,0.0,0.0,0.0,0,,,,,,,,,,,,,,,,,,,,0,,,,,,,,,,,,,,,,,,,
R0791,남,57,50대,55~59,대학(원)생,대학생,경남,기타지역,비수도권,0,1,0,0,0,0,0,1,0,0,0,0,1,0,0,아메리카노,달콤한커피류,얼음갈린티,0,,,,,,,,,,,,,,,,,,,,0,,,,,,,,,,,,,,,,,,,,0,,,,,,,,,,,,,,,,,,,,1,1.0,1.0,0.0,0.0,0.0,0.0,0.0,0.0,0.0,0.0,0.0,1.0,0.0,0.0,0.0,0.0,1.0,0.0,0.0,0,,,,,,,,,,,,,,,,,,,,1,1.0,0.0,0.0,0.0,0.0,0.0,0.0,0.0,1.0,0.0,1.0,0.0,0.0,0.0,0.0,0.0,0.0,0.0,0.0
R0792,여,56,50대,55~59,기타직업,무직,경기,서울외수도권,수도권,0,1,1,0,0,0,0,1,0,0,0,0,0,1,0,아메리카노,카페라떼,달콤한커피류,0,,,,,,,,,,,,,,,,,,,,0,,,,,,,,,,,,,,,,,,,,0,,,,,,,,,,,,,,,,,,,,0,,,,,,,,,,,,,,,,,,,,0,,,,,,,,,,,,,,,,,,,,0,,,,,,,,,,,,,,,,,,,
R0793,여,28,20대,25~29,직장인,기능/작업직,대구,5대광역시,비수도권,0,1,1,0,0,0,0,0,0,0,1,0,0,0,0,카페라떼,아메리카노,달콤한티,0,,,,,,,,,,,,,,,,,,,,1,1.0,1.0,1.0,0.0,0.0,1.0,0.0,0.0,0.0,0.0,0.0,0.0,0.0,0.0,0.0,0.0,0.0,0.0,0.0,1,1.0,1.0,0.0,0.0,0.0,1.0,1.0,0.0,0.0,1.0,0.0,0.0,0.0,0.0,0.0,0.0,0.0,0.0,0.0,0,,,,,,,,,,,,,,,,,,,,1,1.0,0.0,1.0,0.0,0.0,0.0,1.0,0.0,1.0,1.0,0.0,0.0,0.0,0.0,1.0,1.0,0.0,0.0,0.0,1,1.0,1.0,0.0,0.0,0.0,0.0,1.0,0.0,0.0,0.0,1.0,0.0,0.0,1.0,0.0,0.0,0.0,0.0,0.0
R0794,남,58,50대,55~59,직장인,사무/기술직,서울,서울,수도권,0,1,1,0,0,0,0,1,1,1,0,1,0,1,0,달콤한커피류,아메리카노,카페라떼,1,1.0,0.0,0.0,0.0,1.0,0.0,1.0,0.0,0.0,1.0,0.0,1.0,0.0,0.0,0.0,0.0,1.0,0.0,0.0,1,1.0,1.0,0.0,1.0,1.0,1.0,0.0,0.0,0.0,0.0,0.0,0.0,0.0,0.0,0.0,0.0,0.0,0.0,0.0,1,1.0,0.0,1.0,0.0,0.0,0.0,0.0,0.0,0.0,0.0,0.0,0.0,1.0,0.0,0.0,0.0,0.0,0.0,0.0,1,1.0,1.0,1.0,0.0,0.0,0.0,0.0,0.0,0.0,0.0,0.0,0.0,0.0,0.0,0.0,0.0,1.0,0.0,0.0,0,,,,,,,,,,,,,,,,,,,,1,1.0,0.0,1.0,0.0,0.0,0.0,0.0,0.0,0.0,0.0,0.0,0.0,0.0,0.0,1.0,0.0,0.0,0.0,0.0
R0795,남,49,40대,45~49,전업주부,전업주부,서울,서울,수도권,0,0,0,0,0,0,0,1,0,0,0,0,0,0,1,달콤한커피류,주스에이드,,0,,,,,,,,,,,,,,,,,,,,0,,,,,,,,,,,,,,,,,,,,0,,,,,,,,,,,,,,,,,,,,1,1.0,0.0,0.0,1.0,0.0,0.0,1.0,0.0,0.0,0.0,0.0,0.0,1.0,0.0,0.0,1.0,0.0,0.0,0.0,0,,,,,,,,,,,,,,,,,,,,0,,,,,,,,,,,,,,,,,,,
R0796,여,42,40대,40~44,직장인,경영/관리직,경기,서울외수도권,수도권,0,1,1,0,0,0,0,1,0,1,1,1,0,0,0,달콤한티,카페라떼,과일티에이드,0,,,,,,,,,,,,,,,,,,,,0,,,,,,,,,,,,,,,,,,,,0,,,,,,,,,,,,,,,,,,,,1,1.0,0.0,0.0,0.0,0.0,0.0,0.0,1.0,0.0,0.0,1.0,0.0,0.0,0.0,1.0,0.0,0.0,0.0,0.0,0,,,,,,,,,,,,,,,,,,,,0,,,,,,,,,,,,,,,,,,,
R0797,남,35,30대,35~39,직장인,경영/관리직,광주,5대광역시,비수도권,0,0,1,0,0,0,0,0,0,0,1,1,0,0,0,카페라떼,과일티에이드,달콤한티,1,1.0,1.0,0.0,0.0,0.0,0.0,0.0,0.0,0.0,0.0,0.0,0.0,0.0,0.0,0.0,0.0,0.0,0.0,0.0,0,,,,,,,,,,,,,,,,,,,,1,1.0,1.0,0.0,0.0,1.0,1.0,0.0,0.0,0.0,0.0,0.0,0.0,0.0,0.0,0.0,0.0,1.0,0.0,0.0,0,,,,,,,,,,,,,,,,,,,,1,1.0,1.0,0.0,1.0,0.0,0.0,1.0,0.0,0.0,0.0,0.0,0.0,0.0,0.0,0.0,0.0,0.0,0.0,0.0,0,,,,,,,,,,,,,,,,,,,
R0798,남,51,50대,50~54,직장인,사무/기술직,서울,서울,수도권,1,0,1,0,0,1,0,0,0,0,0,1,0,0,0,카페라떼,과일티에이드,에스프레소,1,1.0,0.0,0.0,0.0,1.0,1.0,0.0,0.0,0.0,0.0,0.0,0.0,0.0,0.0,0.0,0.0,0.0,0.0,0.0,1,1.0,0.0,0.0,0.0,1.0,0.0,0.0,0.0,0.0,0.0,0.0,0.0,0.0,0.0,0.0,0.0,0.0,0.0,0.0,1,1.0,1.0,0.0,0.0,0.0,0.0,0.0,0.0,0.0,0.0,0.0,0.0,0.0,0.0,0.0,0.0,0.0,0.0,0.0,1,1.0,1.0,0.0,1.0,0.0,0.0,0.0,0.0,0.0,0.0,0.0,0.0,0.0,0.0,0.0,1.0,0.0,0.0,0.0,1,1.0,1.0,0.0,0.0,0.0,1.0,0.0,0.0,0.0,0.0,0.0,0.0,0.0,0.0,0.0,0.0,0.0,0.0,0.0,0,,,,,,,,,,,,,,,,,,,
R0799,여,51,50대,50~54,대학(원)생,대학생,경남,기타지역,비수도권,0,1,1,0,1,0,0,1,0,1,1,1,1,1,0,아메리카노,달콤한커피류,카페라떼,0,,,,,,,,,,,,,,,,,,,,0,,,,,,,,,,,,,,,,,,,,0,,,,,,,,,,,,,,,,,,,,1,1.0,1.0,0.0,0.0,0.0,0.0,0.0,0.0,0.0,0.0,0.0,1.0,0.0,0.0,0.0,0.0,0.0,0.0,0.0,0,,,,,,,,,,,,,,,,,,,,1,1.0,1.0,1.0,0.0,0.0,1.0,0.0,0.0,0.0,0.0,0.0,0.0,0.0,0.0,0.0,0.0,0.0,0.0,0.0
R0800,남,54,50대,50~54,직장인,자영업,서울,서울,수도권,0,0,0,1,0,0,0,0,0,0,0,0,1,0,1,얼음갈린티,주스에이드,카푸치노,1,1.0,0.0,1.0,0.0,0.0,1.0,1.0,0.0,0.0,0.0,0.0,0.0,0.0,0.0,0.0,0.0,0.0,0.0,1.0,1,1.0,0.0,0.0,1.0,0.0,0.0,0.0,0.0,0.0,0.0,0.0,0.0,0.0,0.0,0.0,0.0,0.0,0.0,0.0,1,1.0,1.0,0.0,1.0,0.0,0.0,0.0,0.0,0.0,0.0,0.0,0.0,0.0,0.0,0.0,0.0,0.0,0.0,0.0,1,1.0,1.0,1.0,0.0,0.0,0.0,0.0,0.0,0.0,0.0,0.0,0.0,0.0,0.0,0.0,0.0,1.0,0.0,0.0,1,1.0,0.0,0.0,0.0,0.0,1.0,0.0,0.0,0.0,1.0,0.0,0.0,0.0,0.0,1.0,0.0,0.0,0.0,0.0,1,1.0,0.0,0.0,0.0,1.0,0.0,0.0,0.0,0.0,0.0,0.0,0.0,0.0,0.0,0.0,0.0,0.0,0.0,0.0
R0801,여,32,30대,30~34,직장인,사무/기술직,부산,5대광역시,비수도권,0,1,1,0,0,0,0,0,0,0,0,0,0,0,0,카페라떼,아메리카노,,0,,,,,,,,,,,,,,,,,,,,0,,,,,,,,,,,,,,,,,,,,1,1.0,0.0,0.0,0.0,0.0,0.0,1.0,0.0,0.0,0.0,0.0,0.0,0.0,0.0,0.0,0.0,0.0,0.0,0.0,0,,,,,,,,,,,,,,,,,,,,0,,,,,,,,,,,,,,,,,,,,1,1.0,1.0,0.0,0.0,0.0,1.0,0.0,0.0,0.0,1.0,0.0,0.0,0.0,0.0,0.0,0.0,0.0,0.0,0.0
R0802,남,21,20대,20~24,직장인,자영업,전북,기타지역,비수도권,0,0,0,0,0,1,0,0,0,0,0,0,0,0,0,콜드브루라떼,,,0,,,,,,,,,,,,,,,,,,,,1,1.0,1.0,0.0,0.0,0.0,0.0,0.0,0.0,0.0,0.0,0.0,0.0,0.0,0.0,0.0,0.0,0.0,0.0,0.0,1,1.0,0.0,1.0,0.0,0.0,0.0,0.0,0.0,0.0,0.0,0.0,1.0,0.0,0.0,0.0,0.0,0.0,0.0,0.0,1,1.0,0.0,0.0,0.0,0.0,0.0,0.0,0.0,0.0,0.0,0.0,0.0,0.0,0.0,0.0,0.0,0.0,0.0,0.0,1,1.0,1.0,0.0,0.0,0.0,0.0,1.0,0.0,0.0,0.0,0.0,0.0,0.0,0.0,0.0,0.0,0.0,0.0,0.0,0,,,,,,,,,,,,,,,,,,,
R0803,남,36,30대,35~39,직장인,판매/영업 서비스직,경기,서울외수도권,수도권,0,0,0,0,0,0,1,0,0,0,0,0,0,0,0,드립핸드드립,,,1,1.0,0.0,0.0,0.0,1.0,0.0,0.0,0.0,0.0,0.0,0.0,0.0,0.0,0.0,0.0,0.0,0.0,0.0,0.0,1,1.0,1.0,0.0,0.0,0.0,1.0,0.0,0.0,0.0,0.0,1.0,0.0,0.0,0.0,0.0,0.0,0.0,0.0,0.0,1,1.0,1.0,0.0,1.0,0.0,1.0,0.0,0.0,0.0,1.0,0.0,0.0,0.0,0.0,0.0,0.0,0.0,0.0,0.0,1,1.0,1.0,1.0,0.0,0.0,0.0,1.0,0.0,0.0,0.0,0.0,0.0,0.0,0.0,0.0,0.0,0.0,0.0,0.0,1,1.0,1.0,0.0,0.0,0.0,1.0,0.0,0.0,0.0,1.0,0.0,0.0,0.0,0.0,0.0,0.0,0.0,0.0,0.0,0,,,,,,,,,,,,,,,,,,,
R0804,남,53,50대,50~54,기타직업,무직,서울,서울,수도권,0,1,0,0,1,0,0,0,0,0,0,0,0,0,0,아메리카노,콜드브루,,1,1.0,1.0,0.0,1.0,0.0,0.0,0.0,0.0,0.0,0.0,0.0,0.0,0.0,0.0,0.0,0.0,0.0,0.0,0.0,0,,,,,,,,,,,,,,,,,,,,0,,,,,,,,,,,,,,,,,,,,0,,,,,,,,,,,,,,,,,,,,1,1.0,1.0,0.0,0.0,0.0,0.0,1.0,0.0,0.0,0.0,0.0,0.0,0.0,0.0,0.0,0.0,0.0,0.0,0.0,1,1.0,1.0,0.0,0.0,0.0,0.0,0.0,0.0,0.0,0.0,0.0,1.0,0.0,0.0,0.0,0.0,0.0,0.0,0.0
R0805,남,55,50대,55~59,직장인,사무/기술직,부산,5대광역시,비수도권,0,1,1,0,0,0,1,0,0,0,0,1,0,0,0,아메리카노,과일티에이드,카페라떼,0,,,,,,,,,,,,,,,,,,,,0,,,,,,,,,,,,,,,,,,,,0,,,,,,,,,,,,,,,,,,,,1,1.0,0.0,0.0,0.0,0.0,0.0,0.0,0.0,1.0,0.0,0.0,0.0,0.0,0.0,0.0,1.0,0.0,0.0,0.0,1,1.0,0.0,0.0,0.0,0.0,0.0,1.0,1.0,0.0,0.0,0.0,0.0,0.0,0.0,0.0,0.0,0.0,1.0,0.0,1,1.0,1.0,0.0,0.0,0.0,1.0,0.0,0.0,1.0,0.0,0.0,0.0,0.0,0.0,0.0,1.0,0.0,0.0,0.0
R0806,여,36,30대,35~39,직장인,사무/기술직,부산,5대광역시,비수도권,0,0,1,0,1,0,0,0,0,0,0,0,0,0,0,콜드브루,카페라떼,,1,1.0,1.0,0.0,0.0,0.0,1.0,0.0,0.0,0.0,0.0,0.0,0.0,0.0,0.0,1.0,0.0,0.0,0.0,0.0,1,1.0,1.0,1.0,0.0,1.0,1.0,0.0,0.0,0.0,1.0,1.0,0.0,0.0,0.0,0.0,0.0,0.0,0.0,0.0,1,1.0,0.0,0.0,0.0,0.0,0.0,1.0,0.0,0.0,0.0,0.0,0.0,1.0,0.0,0.0,0.0,0.0,0.0,0.0,1,1.0,1.0,0.0,1.0,0.0,0.0,0.0,0.0,0.0,0.0,0.0,1.0,0.0,0.0,0.0,0.0,0.0,0.0,0.0,0,,,,,,,,,,,,,,,,,,,,1,1.0,1.0,1.0,0.0,0.0,0.0,0.0,0.0,0.0,0.0,0.0,1.0,0.0,0.0,0.0,0.0,0.0,1.0,0.0
R0807,여,33,30대,30~34,직장인,자유/전문직,인천,서울외수도권,수도권,0,1,0,0,0,0,0,1,0,0,1,0,0,1,0,달콤한커피류,아메리카노,스무디쉐이크,0,,,,,,,,,,,,,,,,,,,,0,,,,,,,,,,,,,,,,,,,,0,,,,,,,,,,,,,,,,,,,,1,1.0,0.0,0.0,1.0,0.0,1.0,1.0,0.0,0.0,1.0,0.0,0.0,0.0,0.0,0.0,0.0,0.0,0.0,0.0,0,,,,,,,,,,,,,,,,,,,,0,,,,,,,,,,,,,,,,,,,
R0808,여,20,20대,20~24,전업주부,전업주부,경기,서울외수도권,수도권,0,1,0,0,0,0,0,0,0,0,1,0,1,0,0,아메리카노,달콤한티,얼음갈린티,0,,,,,,,,,,,,,,,,,,,,0,,,,,,,,,,,,,,,,,,,,0,,,,,,,,,,,,,,,,,,,,0,,,,,,,,,,,,,,,,,,,,0,,,,,,,,,,,,,,,,,,,,1,1.0,1.0,0.0,0.0,0.0,0.0,1.0,0.0,0.0,1.0,0.0,0.0,1.0,0.0,0.0,0.0,0.0,0.0,0.0
R0809,여,44,40대,40~44,직장인,사무/기술직,인천,서울외수도권,수도권,0,1,1,0,0,0,0,0,0,0,0,1,0,0,1,과일티에이드,아메리카노,카페라떼,0,,,,,,,,,,,,,,,,,,,,0,,,,,,,,,,,,,,,,,,,,1,1.0,1.0,0.0,0.0,0.0,1.0,1.0,0.0,0.0,0.0,0.0,0.0,0.0,0.0,0.0,0.0,1.0,0.0,0.0,0,,,,,,,,,,,,,,,,,,,,0,,,,,,,,,,,,,,,,,,,,0,,,,,,,,,,,,,,,,,,,
R0810,여,46,40대,45~49,직장인,사무/기술직,서울,서울,수도권,0,1,0,1,1,0,0,1,0,0,1,0,0,0,0,달콤한커피류,아메리카노,콜드브루,0,,,,,,,,,,,,,,,,,,,,1,1.0,1.0,0.0,1.0,0.0,0.0,1.0,0.0,1.0,1.0,0.0,1.0,0.0,0.0,0.0,0.0,0.0,1.0,0.0,0,,,,,,,,,,,,,,,,,,,,1,1.0,1.0,0.0,0.0,0.0,0.0,0.0,0.0,0.0,1.0,0.0,0.0,0.0,0.0,0.0,0.0,0.0,0.0,0.0,0,,,,,,,,,,,,,,,,,,,,0,,,,,,,,,,,,,,,,,,,
R0811,남,31,30대,30~34,대학(원)생,대학생,충북,기타지역,비수도권,0,1,1,0,0,0,0,0,0,0,0,1,0,0,0,아메리카노,과일티에이드,카페라떼,1,1.0,0.0,0.0,0.0,1.0,0.0,0.0,0.0,0.0,0.0,0.0,0.0,0.0,0.0,0.0,0.0,0.0,0.0,0.0,1,1.0,1.0,0.0,0.0,0.0,0.0,0.0,0.0,0.0,0.0,0.0,0.0,0.0,0.0,0.0,0.0,0.0,0.0,0.0,1,1.0,0.0,0.0,1.0,0.0,1.0,0.0,0.0,0.0,1.0,0.0,0.0,0.0,0.0,0.0,0.0,0.0,0.0,0.0,0,,,,,,,,,,,,,,,,,,,,0,,,,,,,,,,,,,,,,,,,,1,1.0,0.0,0.0,1.0,0.0,0.0,0.0,0.0,0.0,0.0,0.0,0.0,0.0,0.0,0.0,0.0,0.0,0.0,0.0
R0812,여,41,40대,40~44,직장인,사무/기술직,서울,서울,수도권,0,0,0,1,0,0,0,1,0,1,0,0,0,1,0,달콤한커피류,기본티,스무디쉐이크,0,,,,,,,,,,,,,,,,,,,,1,1.0,1.0,0.0,1.0,0.0,1.0,0.0,0.0,0.0,0.0,0.0,0.0,0.0,0.0,0.0,0.0,0.0,0.0,0.0,0,,,,,,,,,,,,,,,,,,,,0,,,,,,,,,,,,,,,,,,,,1,1.0,1.0,0.0,0.0,0.0,0.0,0.0,0.0,0.0,0.0,0.0,0.0,0.0,0.0,0.0,0.0,0.0,0.0,0.0,1,1.0,0.0,1.0,0.0,0.0,0.0,0.0,0.0,1.0,0.0,0.0,1.0,0.0,0.0,0.0,0.0,0.0,0.0,0.0
R0813,남,36,30대,35~39,직장인,사무/기술직,경기,서울외수도권,수도권,0,1,1,0,0,0,0,0,1,0,0,0,0,0,0,아메리카노,얼음갈린커피,카페라떼,0,,,,,,,,,,,,,,,,,,,,1,1.0,1.0,0.0,1.0,0.0,1.0,0.0,0.0,0.0,0.0,0.0,0.0,0.0,0.0,0.0,0.0,0.0,0.0,0.0,1,1.0,1.0,0.0,1.0,0.0,0.0,0.0,0.0,0.0,0.0,0.0,1.0,0.0,0.0,0.0,0.0,0.0,0.0,0.0,0,,,,,,,,,,,,,,,,,,,,0,,,,,,,,,,,,,,,,,,,,0,,,,,,,,,,,,,,,,,,,
R0814,여,56,50대,55~59,기타직업,무직,경남,기타지역,비수도권,0,1,0,0,0,0,1,0,0,0,1,0,1,0,0,달콤한티,드립핸드드립,얼음갈린티,0,,,,,,,,,,,,,,,,,,,,0,,,,,,,,,,,,,,,,,,,,1,1.0,1.0,0.0,0.0,1.0,0.0,0.0,0.0,0.0,1.0,0.0,0.0,1.0,0.0,0.0,0.0,0.0,0.0,0.0,1,1.0,1.0,0.0,0.0,1.0,0.0,1.0,0.0,0.0,1.0,0.0,0.0,0.0,0.0,0.0,0.0,0.0,0.0,0.0,0,,,,,,,,,,,,,,,,,,,,0,,,,,,,,,,,,,,,,,,,
R0815,여,34,30대,30~34,전업주부,전업주부,경기,서울외수도권,수도권,0,1,0,0,1,0,0,0,0,0,1,0,0,0,0,아메리카노,콜드브루,달콤한티,1,1.0,0.0,0.0,1.0,1.0,0.0,0.0,0.0,1.0,0.0,0.0,0.0,0.0,0.0,0.0,0.0,0.0,0.0,0.0,1,1.0,1.0,0.0,1.0,0.0,1.0,0.0,0.0,0.0,0.0,0.0,0.0,0.0,0.0,1.0,0.0,0.0,0.0,0.0,0,,,,,,,,,,,,,,,,,,,,0,,,,,,,,,,,,,,,,,,,,1,1.0,1.0,0.0,0.0,0.0,1.0,0.0,0.0,1.0,0.0,0.0,0.0,0.0,0.0,0.0,0.0,0.0,0.0,0.0,0,,,,,,,,,,,,,,,,,,,
R0816,남,51,50대,50~54,직장인,자유/전문직,서울,서울,수도권,0,0,1,0,0,0,0,0,0,0,0,0,0,1,0,카페라떼,스무디쉐이크,,1,1.0,1.0,0.0,0.0,1.0,0.0,1.0,1.0,0.0,0.0,0.0,0.0,0.0,0.0,0.0,0.0,0.0,0.0,0.0,1,1.0,1.0,0.0,0.0,0.0,1.0,0.0,0.0,0.0,0.0,0.0,0.0,0.0,0.0,0.0,0.0,0.0,0.0,0.0,0,,,,,,,,,,,,,,,,,,,,0,,,,,,,,,,,,,,,,,,,,1,1.0,0.0,0.0,0.0,0.0,1.0,1.0,0.0,0.0,0.0,0.0,0.0,0.0,0.0,0.0,0.0,0.0,0.0,0.0,0,,,,,,,,,,,,,,,,,,,
R0817,여,45,40대,45~49,직장인,사무/기술직,경남,기타지역,비수도권,0,0,0,0,0,0,0,1,0,1,0,0,0,0,0,달콤한커피류,기본티,,0,,,,,,,,,,,,,,,,,,,,1,1.0,1.0,0.0,0.0,0.0,0.0,0.0,0.0,0.0,0.0,0.0,0.0,0.0,0.0,0.0,0.0,0.0,0.0,0.0,1,1.0,0.0,1.0,1.0,1.0,1.0,1.0,0.0,0.0,0.0,0.0,0.0,0.0,0.0,0.0,0.0,0.0,0.0,0.0,0,,,,,,,,,,,,,,,,,,,,0,,,,,,,,,,,,,,,,,,,,0,,,,,,,,,,,,,,,,,,,
R0818,남,38,30대,35~39,직장인,자영업,경기,서울외수도권,수도권,0,1,0,0,0,0,0,1,0,1,0,0,0,0,0,기본티,아메리카노,달콤한커피류,1,1.0,0.0,0.0,1.0,0.0,0.0,0.0,0.0,0.0,0.0,0.0,0.0,0.0,0.0,0.0,0.0,0.0,0.0,0.0,1,1.0,0.0,0.0,1.0,0.0,0.0,1.0,0.0,0.0,0.0,0.0,0.0,0.0,0.0,0.0,0.0,0.0,1.0,0.0,1,1.0,1.0,0.0,0.0,0.0,1.0,0.0,1.0,0.0,1.0,0.0,0.0,0.0,0.0,0.0,0.0,1.0,0.0,0.0,0,,,,,,,,,,,,,,,,,,,,1,1.0,1.0,0.0,1.0,0.0,1.0,1.0,0.0,0.0,0.0,1.0,0.0,0.0,0.0,0.0,0.0,0.0,0.0,0.0,0,,,,,,,,,,,,,,,,,,,
R0819,남,40,40대,40~44,직장인,기능/작업직,경기,서울외수도권,수도권,0,1,0,0,0,0,0,0,0,0,0,0,1,0,0,아메리카노,얼음갈린티,,0,,,,,,,,,,,,,,,,,,,,1,1.0,1.0,0.0,0.0,0.0,1.0,0.0,0.0,0.0,0.0,0.0,1.0,0.0,0.0,0.0,0.0,0.0,0.0,0.0,0,,,,,,,,,,,,,,,,,,,,0,,,,,,,,,,,,,,,,,,,,0,,,,,,,,,,,,,,,,,,,,0,,,,,,,,,,,,,,,,,,,
R0820,남,41,40대,40~44,직장인,경영/관리직,경기,서울외수도권,수도권,0,0,0,0,0,0,0,0,0,0,0,0,0,0,0,,,,1,1.0,1.0,0.0,0.0,0.0,1.0,0.0,0.0,0.0,0.0,0.0,0.0,0.0,0.0,0.0,0.0,1.0,0.0,0.0,1,1.0,1.0,0.0,1.0,0.0,0.0,0.0,0.0,0.0,0.0,0.0,0.0,0.0,0.0,0.0,0.0,0.0,0.0,0.0,1,1.0,1.0,0.0,1.0,1.0,1.0,0.0,0.0,0.0,0.0,0.0,1.0,0.0,0.0,0.0,0.0,1.0,0.0,0.0,0,,,,,,,,,,,,,,,,,,,,1,1.0,0.0,0.0,0.0,0.0,0.0,0.0,0.0,0.0,0.0,0.0,0.0,0.0,0.0,0.0,0.0,0.0,0.0,0.0,1,1.0,1.0,0.0,0.0,0.0,0.0,0.0,0.0,0.0,1.0,0.0,0.0,0.0,0.0,0.0,0.0,1.0,0.0,0.0
R0821,여,58,50대,55~59,기타직업,무직,서울,서울,수도권,0,1,1,0,0,0,0,0,0,1,0,1,0,0,0,아메리카노,카페라떼,기본티,0,,,,,,,,,,,,,,,,,,,,1,1.0,1.0,0.0,1.0,0.0,0.0,0.0,0.0,0.0,0.0,0.0,0.0,0.0,0.0,0.0,0.0,1.0,0.0,0.0,1,1.0,1.0,1.0,0.0,0.0,0.0,0.0,0.0,0.0,0.0,0.0,1.0,0.0,0.0,0.0,0.0,0.0,0.0,1.0,1,1.0,1.0,0.0,0.0,0.0,0.0,0.0,0.0,0.0,1.0,0.0,0.0,0.0,0.0,1.0,0.0,0.0,0.0,0.0,1,1.0,0.0,0.0,0.0,1.0,1.0,1.0,0.0,1.0,0.0,1.0,0.0,0.0,0.0,0.0,0.0,0.0,0.0,0.0,0,,,,,,,,,,,,,,,,,,,
R0822,남,59,50대,55~59,직장인,사무/기술직,인천,서울외수도권,수도권,0,0,0,0,1,0,0,0,0,0,1,0,0,0,1,콜드브루,주스에이드,달콤한티,0,,,,,,,,,,,,,,,,,,,,0,,,,,,,,,,,,,,,,,,,,1,1.0,1.0,0.0,0.0,0.0,0.0,1.0,0.0,0.0,0.0,0.0,0.0,0.0,0.0,0.0,0.0,0.0,0.0,0.0,0,,,,,,,,,,,,,,,,,,,,1,1.0,1.0,0.0,0.0,0.0,1.0,0.0,0.0,0.0,0.0,0.0,0.0,0.0,0.0,0.0,0.0,0.0,0.0,0.0,1,1.0,1.0,0.0,0.0,1.0,0.0,0.0,0.0,0.0,0.0,0.0,0.0,0.0,0.0,0.0,0.0,0.0,0.0,0.0
R0823,여,39,30대,35~39,직장인,사무/기술직,전북,기타지역,비수도권,0,0,1,0,0,0,0,0,0,0,0,0,0,0,0,카페라떼,,,0,,,,,,,,,,,,,,,,,,,,1,1.0,0.0,0.0,0.0,0.0,0.0,1.0,0.0,0.0,0.0,0.0,0.0,0.0,0.0,0.0,0.0,0.0,0.0,0.0,0,,,,,,,,,,,,,,,,,,,,1,1.0,1.0,0.0,0.0,0.0,0.0,0.0,0.0,0.0,0.0,0.0,0.0,0.0,0.0,1.0,0.0,0.0,0.0,0.0,1,1.0,0.0,0.0,0.0,0.0,0.0,0.0,0.0,0.0,0.0,0.0,0.0,0.0,0.0,0.0,0.0,1.0,0.0,0.0,1,1.0,1.0,0.0,1.0,0.0,1.0,0.0,0.0,0.0,1.0,0.0,0.0,0.0,0.0,0.0,0.0,0.0,0.0,0.0
R0824,남,49,40대,45~49,직장인,자유/전문직,경기,서울외수도권,수도권,0,0,0,0,0,0,0,0,0,0,0,0,0,1,0,스무디쉐이크,,,0,,,,,,,,,,,,,,,,,,,,0,,,,,,,,,,,,,,,,,,,,1,1.0,1.0,0.0,0.0,0.0,0.0,0.0,0.0,0.0,0.0,0.0,0.0,0.0,0.0,0.0,0.0,0.0,0.0,0.0,1,1.0,1.0,0.0,1.0,0.0,0.0,0.0,0.0,0.0,0.0,0.0,0.0,0.0,0.0,0.0,0.0,0.0,0.0,0.0,0,,,,,,,,,,,,,,,,,,,,0,,,,,,,,,,,,,,,,,,,
R0825,남,46,40대,45~49,직장인,판매/영업 서비스직,충남,기타지역,비수도권,0,0,0,1,1,0,0,0,0,0,0,1,0,0,0,콜드브루,과일티에이드,카푸치노,1,1.0,1.0,0.0,0.0,0.0,0.0,0.0,0.0,1.0,0.0,0.0,0.0,0.0,0.0,0.0,0.0,0.0,0.0,0.0,0,,,,,,,,,,,,,,,,,,,,0,,,,,,,,,,,,,,,,,,,,1,1.0,1.0,0.0,0.0,0.0,1.0,0.0,0.0,0.0,1.0,0.0,0.0,0.0,0.0,0.0,0.0,0.0,0.0,0.0,1,1.0,1.0,0.0,0.0,0.0,0.0,0.0,1.0,0.0,0.0,0.0,0.0,1.0,0.0,0.0,0.0,0.0,0.0,0.0,0,,,,,,,,,,,,,,,,,,,
R0826,남,55,50대,55~59,직장인,자영업,경남,기타지역,비수도권,0,1,1,0,0,0,0,1,0,0,0,0,0,0,0,달콤한커피류,카페라떼,아메리카노,0,,,,,,,,,,,,,,,,,,,,0,,,,,,,,,,,,,,,,,,,,0,,,,,,,,,,,,,,,,,,,,0,,,,,,,,,,,,,,,,,,,,0,,,,,,,,,,,,,,,,,,,,1,1.0,1.0,0.0,0.0,0.0,0.0,0.0,1.0,0.0,0.0,0.0,0.0,0.0,0.0,0.0,0.0,0.0,0.0,0.0
R0827,여,21,20대,20~24,직장인,사무/기술직,서울,서울,수도권,0,1,0,0,0,1,0,1,0,0,0,1,1,0,0,과일티에이드,아메리카노,얼음갈린티,1,1.0,1.0,0.0,0.0,0.0,0.0,0.0,0.0,0.0,0.0,0.0,0.0,0.0,0.0,0.0,0.0,0.0,0.0,0.0,1,1.0,1.0,0.0,0.0,0.0,0.0,0.0,0.0,0.0,0.0,0.0,0.0,0.0,0.0,0.0,1.0,0.0,0.0,0.0,0,,,,,,,,,,,,,,,,,,,,0,,,,,,,,,,,,,,,,,,,,1,1.0,1.0,0.0,1.0,0.0,1.0,0.0,0.0,0.0,1.0,0.0,0.0,0.0,0.0,0.0,0.0,0.0,0.0,0.0,0,,,,,,,,,,,,,,,,,,,
R0828,여,53,50대,50~54,직장인,자유/전문직,대구,5대광역시,비수도권,0,1,0,0,0,1,0,1,0,0,0,0,0,0,1,아메리카노,달콤한커피류,주스에이드,0,,,,,,,,,,,,,,,,,,,,1,1.0,1.0,0.0,0.0,0.0,0.0,1.0,0.0,0.0,0.0,0.0,0.0,0.0,0.0,0.0,0.0,0.0,0.0,0.0,1,1.0,1.0,0.0,1.0,1.0,1.0,0.0,0.0,0.0,0.0,1.0,0.0,0.0,0.0,0.0,0.0,1.0,0.0,0.0,1,1.0,1.0,0.0,1.0,0.0,1.0,0.0,0.0,0.0,1.0,0.0,0.0,0.0,0.0,0.0,0.0,0.0,0.0,0.0,0,,,,,,,,,,,,,,,,,,,,1,1.0,1.0,0.0,0.0,0.0,0.0,0.0,1.0,0.0,0.0,0.0,0.0,0.0,0.0,0.0,0.0,0.0,0.0,0.0
R0829,남,33,30대,30~34,직장인,판매/영업 서비스직,광주,5대광역시,비수도권,0,1,1,0,0,0,0,0,0,0,0,0,0,1,0,아메리카노,스무디쉐이크,카페라떼,1,1.0,1.0,0.0,1.0,1.0,0.0,0.0,0.0,0.0,0.0,0.0,1.0,0.0,0.0,0.0,0.0,0.0,0.0,0.0,1,1.0,1.0,0.0,1.0,0.0,1.0,0.0,0.0,1.0,0.0,0.0,0.0,0.0,0.0,0.0,0.0,0.0,0.0,0.0,0,,,,,,,,,,,,,,,,,,,,1,1.0,1.0,0.0,0.0,0.0,0.0,0.0,0.0,0.0,0.0,0.0,0.0,0.0,0.0,0.0,0.0,0.0,0.0,0.0,0,,,,,,,,,,,,,,,,,,,,0,,,,,,,,,,,,,,,,,,,
R0830,남,22,20대,20~24,직장인,사무/기술직,경기,서울외수도권,수도권,0,1,1,0,1,0,0,0,0,0,0,0,0,0,0,아메리카노,카페라떼,콜드브루,1,1.0,1.0,0.0,1.0,1.0,0.0,0.0,0.0,0.0,0.0,0.0,0.0,0.0,0.0,0.0,0.0,0.0,0.0,0.0,0,,,,,,,,,,,,,,,,,,,,1,1.0,0.0,0.0,0.0,0.0,0.0,0.0,0.0,0.0,0.0,0.0,0.0,0.0,0.0,0.0,0.0,0.0,0.0,0.0,0,,,,,,,,,,,,,,,,,,,,1,1.0,0.0,0.0,0.0,0.0,1.0,1.0,0.0,1.0,0.0,0.0,0.0,0.0,0.0,0.0,0.0,0.0,0.0,0.0,0,,,,,,,,,,,,,,,,,,,
R0831,남,56,50대,55~59,직장인,판매/영업 서비스직,경기,서울외수도권,수도권,0,1,0,0,0,0,0,0,0,0,0,0,0,1,0,아메리카노,스무디쉐이크,,1,1.0,0.0,0.0,0.0,0.0,1.0,0.0,0.0,0.0,0.0,0.0,0.0,0.0,0.0,0.0,0.0,0.0,0.0,0.0,1,1.0,0.0,1.0,1.0,1.0,0.0,0.0,0.0,0.0,0.0,0.0,0.0,0.0,0.0,0.0,0.0,0.0,0.0,0.0,0,,,,,,,,,,,,,,,,,,,,1,1.0,1.0,0.0,0.0,0.0,0.0,0.0,0.0,0.0,0.0,0.0,0.0,0.0,0.0,0.0,0.0,0.0,0.0,0.0,1,1.0,1.0,0.0,1.0,0.0,0.0,0.0,0.0,0.0,0.0,0.0,0.0,0.0,0.0,0.0,0.0,0.0,0.0,0.0,0,,,,,,,,,,,,,,,,,,,
R0832,남,42,40대,40~44,전업주부,전업주부,부산,5대광역시,비수도권,0,1,0,0,1,0,0,0,0,0,0,0,1,0,1,아메리카노,얼음갈린티,주스에이드,1,1.0,0.0,0.0,0.0,0.0,0.0,0.0,0.0,0.0,0.0,0.0,0.0,0.0,0.0,0.0,0.0,0.0,0.0,0.0,0,,,,,,,,,,,,,,,,,,,,1,1.0,1.0,0.0,0.0,0.0,1.0,0.0,0.0,0.0,0.0,0.0,0.0,0.0,0.0,0.0,0.0,0.0,0.0,0.0,1,1.0,1.0,0.0,0.0,0.0,0.0,0.0,0.0,0.0,0.0,0.0,0.0,0.0,0.0,0.0,0.0,0.0,0.0,0.0,0,,,,,,,,,,,,,,,,,,,,0,,,,,,,,,,,,,,,,,,,
R0833,남,59,50대,55~59,직장인,기능/작업직,부산,5대광역시,비수도권,0,0,0,0,0,0,1,1,0,0,0,0,0,0,0,달콤한커피류,드립핸드드립,,0,,,,,,,,,,,,,,,,,,,,0,,,,,,,,,,,,,,,,,,,,0,,,,,,,,,,,,,,,,,,,,1,1.0,0.0,0.0,1.0,0.0,1.0,0.0,0.0,0.0,0.0,0.0,0.0,0.0,0.0,0.0,0.0,0.0,0.0,0.0,0,,,,,,,,,,,,,,,,,,,,0,,,,,,,,,,,,,,,,,,,
R0834,남,36,30대,35~39,직장인,사무/기술직,대전,5대광역시,비수도권,0,1,1,0,0,0,1,1,0,0,1,0,1,0,0,카페라떼,달콤한커피류,아메리카노,0,,,,,,,,,,,,,,,,,,,,0,,,,,,,,,,,,,,,,,,,,0,,,,,,,,,,,,,,,,,,,,0,,,,,,,,,,,,,,,,,,,,0,,,,,,,,,,,,,,,,,,,,1,1.0,1.0,1.0,0.0,1.0,0.0,0.0,1.0,0.0,0.0,1.0,0.0,0.0,0.0,0.0,0.0,0.0,0.0,0.0
R0835,남,37,30대,35~39,대학(원)생,대학생,서울,서울,수도권,0,1,0,0,0,0,0,0,0,0,0,1,0,0,1,아메리카노,주스에이드,과일티에이드,0,,,,,,,,,,,,,,,,,,,,1,1.0,0.0,0.0,0.0,1.0,1.0,0.0,0.0,0.0,1.0,0.0,0.0,0.0,0.0,0.0,0.0,0.0,0.0,0.0,1,1.0,1.0,0.0,0.0,0.0,0.0,0.0,0.0,0.0,0.0,0.0,0.0,0.0,0.0,0.0,1.0,0.0,1.0,0.0,0,,,,,,,,,,,,,,,,,,,,0,,,,,,,,,,,,,,,,,,,,0,,,,,,,,,,,,,,,,,,,
R0836,남,50,50대,50~54,기타직업,무직,경기,서울외수도권,수도권,0,0,0,0,1,0,0,0,0,0,0,0,0,0,1,주스에이드,콜드브루,,0,,,,,,,,,,,,,,,,,,,,0,,,,,,,,,,,,,,,,,,,,0,,,,,,,,,,,,,,,,,,,,1,1.0,1.0,1.0,0.0,0.0,0.0,0.0,0.0,1.0,0.0,0.0,0.0,0.0,0.0,0.0,0.0,0.0,0.0,0.0,1,1.0,1.0,0.0,1.0,0.0,0.0,0.0,1.0,0.0,0.0,0.0,0.0,0.0,0.0,0.0,0.0,0.0,0.0,0.0,0,,,,,,,,,,,,,,,,,,,
R0837,남,56,50대,55~59,기타직업,자영업,광주,5대광역시,비수도권,0,0,0,0,0,0,0,1,1,1,0,0,1,0,0,달콤한커피류,얼음갈린티,기본티,1,1.0,1.0,0.0,1.0,0.0,0.0,0.0,0.0,0.0,0.0,0.0,0.0,0.0,0.0,0.0,0.0,0.0,0.0,0.0,0,,,,,,,,,,,,,,,,,,,,0,,,,,,,,,,,,,,,,,,,,0,,,,,,,,,,,,,,,,,,,,0,,,,,,,,,,,,,,,,,,,,0,,,,,,,,,,,,,,,,,,,
R0838,남,30,30대,30~34,전업주부,전업주부,경기,서울외수도권,수도권,0,0,1,0,0,0,0,1,0,0,0,0,0,1,0,스무디쉐이크,카페라떼,달콤한커피류,1,1.0,0.0,0.0,0.0,0.0,0.0,0.0,0.0,0.0,0.0,0.0,0.0,0.0,0.0,0.0,0.0,0.0,0.0,0.0,1,1.0,0.0,0.0,1.0,1.0,1.0,0.0,0.0,0.0,1.0,0.0,0.0,0.0,0.0,0.0,0.0,1.0,0.0,0.0,0,,,,,,,,,,,,,,,,,,,,1,1.0,1.0,1.0,0.0,0.0,1.0,0.0,0.0,0.0,0.0,1.0,0.0,0.0,0.0,0.0,0.0,0.0,0.0,0.0,0,,,,,,,,,,,,,,,,,,,,0,,,,,,,,,,,,,,,,,,,
R0839,남,24,20대,20~24,직장인,사무/기술직,서울,서울,수도권,0,1,0,0,0,0,0,0,0,1,0,0,0,1,0,아메리카노,스무디쉐이크,기본티,0,,,,,,,,,,,,,,,,,,,,1,1.0,0.0,0.0,0.0,0.0,0.0,1.0,0.0,0.0,1.0,1.0,0.0,0.0,0.0,0.0,0.0,0.0,0.0,0.0,0,,,,,,,,,,,,,,,,,,,,0,,,,,,,,,,,,,,,,,,,,0,,,,,,,,,,,,,,,,,,,,1,1.0,1.0,0.0,0.0,0.0,1.0,0.0,0.0,0.0,0.0,0.0,0.0,0.0,0.0,0.0,0.0,0.0,0.0,0.0
R0840,여,49,40대,45~49,직장인,사무/기술직,경기,서울외수도권,수도권,0,0,1,0,0,0,0,0,0,0,0,1,1,1,1,스무디쉐이크,카페라떼,얼음갈린티,0,,,,,,,,,,,,,,,,,,,,1,1.0,1.0,1.0,1.0,0.0,1.0,0.0,0.0,0.0,0.0,0.0,0.0,0.0,0.0,0.0,0.0,0.0,0.0,0.0,1,1.0,1.0,0.0,0.0,1.0,0.0,0.0,1.0,0.0,0.0,0.0,0.0,0.0,0.0,0.0,0.0,0.0,0.0,0.0,0,,,,,,,,,,,,,,,,,,,,1,1.0,1.0,0.0,0.0,0.0,0.0,0.0,0.0,0.0,0.0,1.0,0.0,0.0,0.0,0.0,0.0,0.0,0.0,0.0,0,,,,,,,,,,,,,,,,,,,
R0841,여,53,50대,50~54,직장인,자유/전문직,대전,5대광역시,비수도권,0,1,0,1,0,0,0,0,0,0,1,0,0,0,0,아메리카노,달콤한티,카푸치노,0,,,,,,,,,,,,,,,,,,,,0,,,,,,,,,,,,,,,,,,,,0,,,,,,,,,,,,,,,,,,,,0,,,,,,,,,,,,,,,,,,,,1,1.0,1.0,0.0,0.0,0.0,0.0,1.0,0.0,0.0,0.0,0.0,0.0,0.0,0.0,0.0,0.0,0.0,0.0,0.0,1,1.0,1.0,1.0,0.0,0.0,0.0,0.0,0.0,0.0,0.0,0.0,0.0,0.0,0.0,0.0,0.0,0.0,0.0,0.0
R0842,남,43,40대,40~44,직장인,사무/기술직,대구,5대광역시,비수도권,0,1,0,0,0,1,0,0,0,0,0,0,0,0,0,아메리카노,콜드브루라떼,,1,1.0,0.0,0.0,1.0,0.0,0.0,0.0,0.0,0.0,0.0,0.0,0.0,0.0,0.0,0.0,0.0,0.0,0.0,0.0,0,,,,,,,,,,,,,,,,,,,,0,,,,,,,,,,,,,,,,,,,,1,1.0,0.0,0.0,0.0,0.0,1.0,0.0,0.0,1.0,0.0,0.0,0.0,0.0,0.0,0.0,0.0,0.0,1.0,0.0,0,,,,,,,,,,,,,,,,,,,,0,,,,,,,,,,,,,,,,,,,
R0843,여,44,40대,40~44,직장인,자유/전문직,경남,기타지역,비수도권,0,1,0,1,1,0,0,0,1,0,0,0,0,0,0,아메리카노,콜드브루,얼음갈린커피,0,,,,,,,,,,,,,,,,,,,,1,1.0,1.0,0.0,0.0,1.0,0.0,0.0,0.0,0.0,1.0,0.0,0.0,0.0,0.0,0.0,1.0,0.0,1.0,0.0,1,1.0,0.0,0.0,0.0,1.0,1.0,0.0,0.0,0.0,0.0,0.0,0.0,0.0,0.0,0.0,1.0,0.0,0.0,0.0,1,1.0,0.0,1.0,0.0,0.0,1.0,0.0,0.0,0.0,0.0,1.0,0.0,0.0,0.0,0.0,0.0,0.0,0.0,0.0,1,1.0,1.0,0.0,1.0,0.0,1.0,0.0,0.0,1.0,0.0,0.0,0.0,0.0,0.0,0.0,1.0,1.0,0.0,0.0,0,,,,,,,,,,,,,,,,,,,
R0844,남,27,20대,25~29,직장인,자유/전문직,서울,서울,수도권,0,1,0,0,0,0,0,0,1,0,1,0,0,0,0,아메리카노,달콤한티,얼음갈린커피,0,,,,,,,,,,,,,,,,,,,,0,,,,,,,,,,,,,,,,,,,,1,1.0,1.0,0.0,0.0,0.0,1.0,0.0,0.0,0.0,0.0,1.0,0.0,0.0,0.0,0.0,0.0,0.0,0.0,0.0,0,,,,,,,,,,,,,,,,,,,,0,,,,,,,,,,,,,,,,,,,,0,,,,,,,,,,,,,,,,,,,
R0845,여,21,20대,20~24,직장인,사무/기술직,부산,5대광역시,비수도권,0,1,0,0,0,0,0,0,1,0,0,0,1,1,1,스무디쉐이크,아메리카노,얼음갈린티,0,,,,,,,,,,,,,,,,,,,,1,1.0,1.0,0.0,0.0,1.0,0.0,1.0,0.0,1.0,0.0,0.0,0.0,0.0,0.0,0.0,0.0,0.0,0.0,0.0,1,1.0,0.0,0.0,0.0,0.0,0.0,0.0,0.0,0.0,0.0,0.0,0.0,0.0,0.0,0.0,1.0,0.0,0.0,0.0,1,1.0,1.0,0.0,1.0,0.0,0.0,0.0,0.0,0.0,0.0,0.0,0.0,0.0,0.0,0.0,0.0,0.0,0.0,0.0,1,1.0,0.0,0.0,0.0,0.0,1.0,1.0,0.0,0.0,0.0,0.0,0.0,0.0,0.0,0.0,0.0,0.0,0.0,0.0,1,1.0,0.0,0.0,0.0,0.0,1.0,0.0,0.0,0.0,0.0,0.0,0.0,0.0,0.0,0.0,0.0,0.0,0.0,0.0
R0846,여,44,40대,40~44,기타직업,자영업,경남,기타지역,비수도권,0,0,0,0,0,0,0,0,0,0,0,1,0,0,1,과일티에이드,주스에이드,,1,1.0,1.0,0.0,0.0,0.0,1.0,1.0,0.0,0.0,1.0,0.0,0.0,0.0,0.0,0.0,0.0,0.0,0.0,0.0,0,,,,,,,,,,,,,,,,,,,,1,1.0,1.0,0.0,1.0,0.0,0.0,0.0,0.0,0.0,1.0,0.0,0.0,0.0,0.0,0.0,1.0,0.0,0.0,0.0,1,1.0,0.0,1.0,0.0,0.0,0.0,0.0,0.0,0.0,1.0,0.0,0.0,0.0,0.0,0.0,0.0,0.0,0.0,0.0,0,,,,,,,,,,,,,,,,,,,,0,,,,,,,,,,,,,,,,,,,
R0847,여,31,30대,30~34,대학(원)생,대학생,경북,기타지역,비수도권,0,1,0,0,0,0,0,1,0,0,0,0,0,0,0,아메리카노,달콤한커피류,,0,,,,,,,,,,,,,,,,,,,,0,,,,,,,,,,,,,,,,,,,,0,,,,,,,,,,,,,,,,,,,,1,1.0,1.0,0.0,0.0,1.0,0.0,0.0,0.0,1.0,0.0,0.0,0.0,0.0,0.0,0.0,0.0,1.0,0.0,0.0,0,,,,,,,,,,,,,,,,,,,,1,1.0,1.0,0.0,0.0,0.0,1.0,0.0,0.0,0.0,0.0,0.0,0.0,0.0,0.0,0.0,1.0,0.0,0.0,0.0
R0848,남,42,40대,40~44,직장인,사무/기술직,제주,기타지역,비수도권,0,0,0,1,0,0,0,1,1,0,0,0,1,0,0,얼음갈린티,달콤한커피류,얼음갈린커피,0,,,,,,,,,,,,,,,,,,,,0,,,,,,,,,,,,,,,,,,,,1,1.0,1.0,0.0,0.0,1.0,0.0,0.0,0.0,1.0,1.0,0.0,0.0,0.0,0.0,0.0,0.0,0.0,0.0,0.0,0,,,,,,,,,,,,,,,,,,,,0,,,,,,,,,,,,,,,,,,,,0,,,,,,,,,,,,,,,,,,,
R0849,남,32,30대,30~34,직장인,자유/전문직,인천,서울외수도권,수도권,0,0,0,0,0,0,0,0,1,0,0,0,1,1,0,얼음갈린티,스무디쉐이크,얼음갈린커피,1,1.0,1.0,0.0,0.0,1.0,1.0,0.0,0.0,1.0,0.0,0.0,0.0,0.0,0.0,0.0,0.0,0.0,0.0,0.0,0,,,,,,,,,,,,,,,,,,,,1,1.0,0.0,0.0,0.0,0.0,0.0,0.0,0.0,0.0,0.0,0.0,0.0,0.0,0.0,0.0,0.0,0.0,0.0,0.0,1,1.0,0.0,0.0,0.0,0.0,0.0,0.0,0.0,0.0,0.0,0.0,0.0,0.0,0.0,0.0,0.0,0.0,0.0,0.0,0,,,,,,,,,,,,,,,,,,,,0,,,,,,,,,,,,,,,,,,,
R0850,남,44,40대,40~44,직장인,사무/기술직,경기,서울외수도권,수도권,0,1,1,0,0,0,0,0,0,0,1,0,0,1,1,아메리카노,카페라떼,주스에이드,1,1.0,0.0,0.0,1.0,0.0,0.0,1.0,0.0,0.0,0.0,0.0,0.0,0.0,0.0,0.0,0.0,0.0,0.0,0.0,1,1.0,0.0,0.0,0.0,0.0,0.0,0.0,0.0,0.0,0.0,0.0,0.0,0.0,0.0,0.0,0.0,1.0,0.0,0.0,0,,,,,,,,,,,,,,,,,,,,0,,,,,,,,,,,,,,,,,,,,1,1.0,1.0,0.0,0.0,0.0,1.0,0.0,0.0,1.0,1.0,0.0,0.0,0.0,0.0,0.0,0.0,0.0,0.0,0.0,0,,,,,,,,,,,,,,,,,,,
R0851,여,28,20대,25~29,전업주부,전업주부,경기,서울외수도권,수도권,0,1,1,0,0,0,1,0,0,1,0,1,0,0,0,아메리카노,드립핸드드립,카페라떼,1,1.0,0.0,0.0,1.0,0.0,0.0,0.0,0.0,0.0,1.0,0.0,0.0,0.0,0.0,0.0,0.0,1.0,0.0,0.0,0,,,,,,,,,,,,,,,,,,,,0,,,,,,,,,,,,,,,,,,,,0,,,,,,,,,,,,,,,,,,,,0,,,,,,,,,,,,,,,,,,,,1,1.0,1.0,0.0,0.0,0.0,0.0,1.0,0.0,0.0,0.0,0.0,0.0,0.0,0.0,0.0,0.0,0.0,0.0,0.0
R0852,여,21,20대,20~24,직장인,판매/영업 서비스직,경남,기타지역,비수도권,0,1,1,0,0,0,0,1,0,0,0,1,0,0,0,과일티에이드,아메리카노,달콤한커피류,0,,,,,,,,,,,,,,,,,,,,1,1.0,1.0,1.0,1.0,1.0,0.0,0.0,0.0,0.0,0.0,1.0,1.0,0.0,0.0,0.0,0.0,1.0,0.0,0.0,1,1.0,1.0,1.0,0.0,0.0,0.0,1.0,0.0,0.0,0.0,0.0,0.0,0.0,0.0,0.0,0.0,0.0,0.0,0.0,1,1.0,1.0,0.0,0.0,0.0,1.0,1.0,0.0,0.0,1.0,0.0,0.0,0.0,0.0,0.0,0.0,0.0,0.0,0.0,0,,,,,,,,,,,,,,,,,,,,1,1.0,1.0,0.0,1.0,0.0,1.0,0.0,0.0,0.0,0.0,1.0,0.0,0.0,0.0,0.0,0.0,0.0,0.0,0.0
R0853,남,32,30대,30~34,직장인,경영/관리직,강원,기타지역,비수도권,0,1,0,0,0,0,0,1,0,0,0,1,0,0,1,달콤한커피류,아메리카노,과일티에이드,1,1.0,1.0,0.0,1.0,0.0,0.0,1.0,0.0,0.0,0.0,0.0,0.0,0.0,0.0,0.0,0.0,0.0,0.0,0.0,0,,,,,,,,,,,,,,,,,,,,0,,,,,,,,,,,,,,,,,,,,1,1.0,1.0,0.0,0.0,0.0,0.0,0.0,0.0,0.0,0.0,0.0,1.0,0.0,0.0,0.0,0.0,0.0,0.0,0.0,1,1.0,0.0,0.0,0.0,1.0,0.0,0.0,0.0,0.0,0.0,0.0,0.0,0.0,0.0,0.0,0.0,1.0,0.0,0.0,1,1.0,1.0,0.0,0.0,0.0,1.0,1.0,0.0,0.0,0.0,1.0,0.0,0.0,0.0,0.0,0.0,0.0,0.0,0.0
R0854,남,51,50대,50~54,대학(원)생,대학생,광주,5대광역시,비수도권,0,1,0,0,1,1,0,0,0,0,0,1,0,0,0,콜드브루,아메리카노,과일티에이드,1,1.0,1.0,0.0,0.0,1.0,0.0,0.0,0.0,0.0,0.0,0.0,0.0,0.0,0.0,0.0,0.0,0.0,0.0,0.0,0,,,,,,,,,,,,,,,,,,,,0,,,,,,,,,,,,,,,,,,,,1,1.0,0.0,0.0,0.0,0.0,1.0,1.0,0.0,0.0,0.0,0.0,1.0,0.0,0.0,0.0,0.0,0.0,0.0,0.0,0,,,,,,,,,,,,,,,,,,,,0,,,,,,,,,,,,,,,,,,,
R0855,여,37,30대,35~39,직장인,사무/기술직,경북,기타지역,비수도권,0,1,0,0,0,0,0,0,0,0,0,0,0,1,0,아메리카노,스무디쉐이크,,0,,,,,,,,,,,,,,,,,,,,0,,,,,,,,,,,,,,,,,,,,0,,,,,,,,,,,,,,,,,,,,1,1.0,1.0,0.0,1.0,0.0,0.0,0.0,0.0,0.0,0.0,0.0,0.0,0.0,0.0,0.0,0.0,1.0,0.0,0.0,0,,,,,,,,,,,,,,,,,,,,1,1.0,1.0,1.0,0.0,1.0,0.0,0.0,0.0,1.0,0.0,0.0,0.0,0.0,0.0,0.0,1.0,1.0,0.0,0.0
R0856,남,33,30대,30~34,기타직업,무직,충북,기타지역,비수도권,0,0,0,0,0,1,1,0,0,0,0,0,0,1,0,스무디쉐이크,드립핸드드립,콜드브루라떼,0,,,,,,,,,,,,,,,,,,,,0,,,,,,,,,,,,,,,,,,,,1,1.0,0.0,0.0,0.0,1.0,0.0,1.0,0.0,0.0,0.0,0.0,0.0,0.0,0.0,0.0,0.0,0.0,0.0,0.0,0,,,,,,,,,,,,,,,,,,,,1,1.0,0.0,0.0,0.0,0.0,1.0,1.0,0.0,0.0,0.0,0.0,1.0,0.0,0.0,0.0,0.0,0.0,0.0,0.0,1,1.0,1.0,0.0,1.0,0.0,0.0,1.0,0.0,0.0,0.0,0.0,0.0,0.0,0.0,0.0,0.0,0.0,0.0,0.0
R0857,남,51,50대,50~54,기타직업,기타,인천,서울외수도권,수도권,0,0,1,0,0,0,0,1,0,0,0,0,0,0,0,달콤한커피류,카페라떼,,0,,,,,,,,,,,,,,,,,,,,1,1.0,1.0,0.0,0.0,0.0,1.0,0.0,0.0,0.0,0.0,0.0,0.0,0.0,0.0,0.0,0.0,0.0,1.0,0.0,0,,,,,,,,,,,,,,,,,,,,1,1.0,1.0,0.0,0.0,0.0,0.0,0.0,0.0,0.0,0.0,0.0,1.0,0.0,0.0,0.0,0.0,0.0,0.0,0.0,0,,,,,,,,,,,,,,,,,,,,1,1.0,0.0,0.0,0.0,0.0,0.0,1.0,0.0,1.0,0.0,0.0,0.0,0.0,0.0,0.0,1.0,0.0,0.0,0.0
R0858,여,27,20대,25~29,기타직업,기타,서울,서울,수도권,0,1,0,1,0,0,0,1,0,0,0,0,0,0,0,아메리카노,달콤한커피류,카푸치노,0,,,,,,,,,,,,,,,,,,,,1,1.0,0.0,0.0,0.0,0.0,0.0,1.0,0.0,0.0,0.0,0.0,0.0,0.0,0.0,0.0,0.0,1.0,0.0,0.0,1,1.0,1.0,0.0,0.0,1.0,1.0,1.0,0.0,0.0,1.0,0.0,0.0,0.0,0.0,0.0,0.0,1.0,0.0,0.0,0,,,,,,,,,,,,,,,,,,,,1,1.0,1.0,0.0,1.0,0.0,0.0,0.0,0.0,0.0,0.0,0.0,1.0,0.0,0.0,0.0,0.0,0.0,0.0,0.0,0,,,,,,,,,,,,,,,,,,,
R0859,남,29,20대,25~29,직장인,판매/영업 서비스직,서울,서울,수도권,0,1,0,0,0,0,0,0,0,0,0,0,1,0,0,얼음갈린티,아메리카노,,0,,,,,,,,,,,,,,,,,,,,0,,,,,,,,,,,,,,,,,,,,0,,,,,,,,,,,,,,,,,,,,0,,,,,,,,,,,,,,,,,,,,0,,,,,,,,,,,,,,,,,,,,0,,,,,,,,,,,,,,,,,,,
R0860,여,24,20대,20~24,대학(원)생,대학생,경기,서울외수도권,수도권,0,1,0,0,0,0,0,0,0,1,1,0,0,1,0,스무디쉐이크,아메리카노,기본티,1,1.0,1.0,1.0,1.0,0.0,0.0,0.0,0.0,0.0,0.0,1.0,0.0,0.0,0.0,1.0,0.0,0.0,0.0,0.0,0,,,,,,,,,,,,,,,,,,,,1,1.0,1.0,0.0,0.0,1.0,1.0,1.0,0.0,0.0,0.0,0.0,0.0,0.0,0.0,0.0,1.0,0.0,0.0,0.0,0,,,,,,,,,,,,,,,,,,,,1,1.0,1.0,1.0,0.0,0.0,0.0,0.0,0.0,0.0,0.0,0.0,0.0,0.0,0.0,0.0,0.0,0.0,0.0,1.0,1,1.0,1.0,0.0,0.0,0.0,0.0,1.0,0.0,0.0,1.0,0.0,0.0,0.0,0.0,0.0,0.0,0.0,0.0,0.0
R0861,여,20,20대,20~24,기타직업,기타,부산,5대광역시,비수도권,0,1,0,0,0,1,0,0,0,0,1,0,0,0,0,아메리카노,달콤한티,콜드브루라떼,1,1.0,1.0,0.0,0.0,0.0,0.0,1.0,0.0,0.0,0.0,0.0,0.0,0.0,0.0,0.0,0.0,0.0,0.0,0.0,1,1.0,1.0,0.0,0.0,1.0,1.0,0.0,0.0,0.0,0.0,0.0,0.0,0.0,0.0,0.0,0.0,0.0,0.0,0.0,0,,,,,,,,,,,,,,,,,,,,0,,,,,,,,,,,,,,,,,,,,1,1.0,0.0,0.0,0.0,0.0,1.0,1.0,0.0,0.0,0.0,0.0,0.0,0.0,0.0,0.0,0.0,0.0,0.0,0.0,1,1.0,1.0,0.0,0.0,0.0,0.0,0.0,0.0,0.0,0.0,0.0,1.0,0.0,0.0,0.0,0.0,0.0,0.0,0.0
R0862,여,48,40대,45~49,직장인,사무/기술직,대구,5대광역시,비수도권,0,1,0,0,0,0,0,1,1,0,0,0,0,0,0,아메리카노,달콤한커피류,얼음갈린커피,0,,,,,,,,,,,,,,,,,,,,0,,,,,,,,,,,,,,,,,,,,0,,,,,,,,,,,,,,,,,,,,0,,,,,,,,,,,,,,,,,,,,0,,,,,,,,,,,,,,,,,,,,1,1.0,1.0,0.0,0.0,0.0,1.0,0.0,0.0,0.0,0.0,1.0,0.0,0.0,0.0,0.0,0.0,0.0,0.0,0.0
R0863,여,44,40대,40~44,대학(원)생,대학생,서울,서울,수도권,0,1,0,0,0,0,1,0,1,0,0,0,1,0,0,아메리카노,얼음갈린티,드립핸드드립,1,1.0,1.0,0.0,1.0,0.0,0.0,0.0,0.0,0.0,0.0,0.0,0.0,0.0,0.0,0.0,0.0,1.0,0.0,0.0,0,,,,,,,,,,,,,,,,,,,,1,1.0,0.0,0.0,1.0,0.0,1.0,0.0,0.0,0.0,0.0,0.0,0.0,0.0,0.0,0.0,0.0,1.0,0.0,0.0,0,,,,,,,,,,,,,,,,,,,,0,,,,,,,,,,,,,,,,,,,,1,1.0,1.0,0.0,1.0,0.0,0.0,0.0,0.0,0.0,0.0,0.0,0.0,0.0,0.0,0.0,0.0,0.0,0.0,0.0
R0864,여,46,40대,45~49,직장인,경영/관리직,대구,5대광역시,비수도권,0,0,0,0,0,0,0,0,1,0,0,1,0,0,0,얼음갈린커피,과일티에이드,,1,1.0,1.0,0.0,0.0,1.0,0.0,0.0,0.0,0.0,1.0,0.0,0.0,0.0,0.0,0.0,0.0,0.0,0.0,0.0,1,1.0,1.0,0.0,0.0,0.0,1.0,1.0,0.0,0.0,1.0,0.0,1.0,0.0,0.0,0.0,1.0,0.0,0.0,0.0,0,,,,,,,,,,,,,,,,,,,,0,,,,,,,,,,,,,,,,,,,,0,,,,,,,,,,,,,,,,,,,,0,,,,,,,,,,,,,,,,,,,
R0865,여,35,30대,35~39,기타직업,경영/관리직,충북,기타지역,비수도권,0,1,0,0,0,0,0,0,1,1,0,1,0,0,0,아메리카노,과일티에이드,얼음갈린커피,1,1.0,0.0,0.0,0.0,0.0,0.0,0.0,0.0,0.0,0.0,0.0,0.0,0.0,0.0,1.0,0.0,0.0,1.0,0.0,0,,,,,,,,,,,,,,,,,,,,1,1.0,1.0,0.0,0.0,1.0,0.0,0.0,0.0,0.0,1.0,0.0,0.0,0.0,0.0,0.0,0.0,0.0,0.0,0.0,0,,,,,,,,,,,,,,,,,,,,1,1.0,1.0,1.0,0.0,0.0,1.0,1.0,0.0,1.0,0.0,0.0,0.0,0.0,0.0,0.0,0.0,0.0,0.0,0.0,0,,,,,,,,,,,,,,,,,,,
R0866,남,56,50대,55~59,전업주부,전업주부,서울,서울,수도권,0,0,0,0,0,0,0,0,0,0,1,0,1,1,0,얼음갈린티,달콤한티,스무디쉐이크,1,1.0,1.0,1.0,0.0,0.0,0.0,1.0,0.0,0.0,0.0,0.0,0.0,0.0,0.0,0.0,0.0,0.0,0.0,0.0,0,,,,,,,,,,,,,,,,,,,,1,1.0,1.0,0.0,1.0,0.0,0.0,1.0,0.0,0.0,0.0,0.0,0.0,0.0,0.0,0.0,0.0,0.0,0.0,0.0,1,1.0,1.0,0.0,1.0,0.0,0.0,0.0,1.0,0.0,0.0,0.0,0.0,0.0,0.0,0.0,0.0,0.0,0.0,0.0,0,,,,,,,,,,,,,,,,,,,,0,,,,,,,,,,,,,,,,,,,
R0867,남,27,20대,25~29,직장인,사무/기술직,경기,서울외수도권,수도권,0,0,1,0,0,1,0,0,1,0,1,1,1,0,0,카페라떼,과일티에이드,얼음갈린티,0,,,,,,,,,,,,,,,,,,,,0,,,,,,,,,,,,,,,,,,,,0,,,,,,,,,,,,,,,,,,,,1,1.0,1.0,0.0,0.0,0.0,0.0,0.0,0.0,0.0,0.0,0.0,0.0,0.0,0.0,0.0,0.0,0.0,0.0,0.0,0,,,,,,,,,,,,,,,,,,,,1,1.0,0.0,0.0,0.0,0.0,0.0,0.0,1.0,0.0,1.0,1.0,0.0,0.0,0.0,0.0,0.0,0.0,0.0,0.0
R0868,남,36,30대,35~39,직장인,경영/관리직,경기,서울외수도권,수도권,0,1,0,0,0,0,0,0,0,1,0,0,1,1,0,얼음갈린티,아메리카노,스무디쉐이크,1,1.0,1.0,0.0,1.0,0.0,1.0,0.0,0.0,0.0,0.0,0.0,0.0,0.0,0.0,0.0,0.0,0.0,0.0,0.0,1,1.0,1.0,1.0,0.0,1.0,0.0,0.0,0.0,0.0,0.0,0.0,0.0,0.0,0.0,0.0,0.0,0.0,0.0,0.0,0,,,,,,,,,,,,,,,,,,,,1,1.0,0.0,0.0,0.0,0.0,1.0,0.0,0.0,0.0,0.0,0.0,0.0,0.0,0.0,0.0,0.0,0.0,0.0,0.0,0,,,,,,,,,,,,,,,,,,,,1,1.0,1.0,0.0,0.0,0.0,0.0,0.0,0.0,0.0,0.0,0.0,0.0,1.0,0.0,0.0,0.0,0.0,0.0,0.0
R0869,여,40,40대,40~44,기타직업,자영업,세종,기타지역,비수도권,0,1,1,0,0,0,0,0,0,1,0,0,0,0,0,아메리카노,카페라떼,기본티,1,1.0,1.0,0.0,0.0,0.0,0.0,0.0,0.0,0.0,0.0,0.0,0.0,0.0,0.0,0.0,0.0,0.0,0.0,0.0,0,,,,,,,,,,,,,,,,,,,,0,,,,,,,,,,,,,,,,,,,,1,1.0,1.0,1.0,0.0,0.0,0.0,0.0,0.0,0.0,0.0,1.0,0.0,0.0,0.0,0.0,0.0,0.0,0.0,0.0,1,1.0,1.0,0.0,0.0,0.0,0.0,0.0,0.0,0.0,0.0,0.0,0.0,0.0,0.0,0.0,0.0,1.0,0.0,0.0,0,,,,,,,,,,,,,,,,,,,
R0870,여,51,50대,50~54,직장인,자영업,충남,기타지역,비수도권,0,1,0,0,0,0,0,0,1,0,1,0,0,0,1,아메리카노,달콤한티,얼음갈린커피,1,1.0,1.0,1.0,0.0,1.0,1.0,0.0,0.0,0.0,0.0,0.0,1.0,0.0,0.0,0.0,0.0,0.0,0.0,0.0,1,1.0,1.0,0.0,0.0,0.0,0.0,1.0,1.0,0.0,0.0,0.0,0.0,0.0,0.0,0.0,0.0,0.0,0.0,0.0,1,1.0,1.0,0.0,0.0,1.0,0.0,0.0,0.0,0.0,1.0,0.0,0.0,0.0,0.0,0.0,0.0,0.0,0.0,0.0,0,,,,,,,,,,,,,,,,,,,,1,1.0,1.0,0.0,0.0,0.0,0.0,0.0,0.0,0.0,0.0,0.0,0.0,0.0,0.0,0.0,0.0,0.0,0.0,0.0,0,,,,,,,,,,,,,,,,,,,
R0871,남,43,40대,40~44,직장인,사무/기술직,서울,서울,수도권,0,0,1,0,0,0,0,0,0,0,0,0,1,0,0,카페라떼,얼음갈린티,,0,,,,,,,,,,,,,,,,,,,,0,,,,,,,,,,,,,,,,,,,,1,1.0,1.0,0.0,0.0,0.0,0.0,0.0,0.0,0.0,0.0,0.0,1.0,0.0,0.0,0.0,0.0,0.0,0.0,0.0,0,,,,,,,,,,,,,,,,,,,,0,,,,,,,,,,,,,,,,,,,,1,1.0,1.0,1.0,0.0,0.0,0.0,0.0,0.0,0.0,0.0,0.0,0.0,0.0,0.0,0.0,0.0,0.0,0.0,0.0
R0872,여,51,50대,50~54,기타직업,자영업,경기,서울외수도권,수도권,0,0,0,0,0,0,0,0,0,0,1,1,0,0,0,과일티에이드,달콤한티,,1,1.0,1.0,0.0,0.0,1.0,1.0,1.0,1.0,0.0,0.0,0.0,0.0,0.0,0.0,1.0,0.0,0.0,0.0,0.0,1,1.0,0.0,0.0,1.0,0.0,0.0,1.0,0.0,0.0,0.0,0.0,0.0,0.0,0.0,0.0,0.0,1.0,0.0,0.0,0,,,,,,,,,,,,,,,,,,,,1,1.0,1.0,0.0,0.0,0.0,0.0,0.0,0.0,0.0,0.0,0.0,0.0,0.0,0.0,0.0,0.0,0.0,0.0,0.0,0,,,,,,,,,,,,,,,,,,,,0,,,,,,,,,,,,,,,,,,,
R0873,남,29,20대,25~29,직장인,판매/영업 서비스직,울산,5대광역시,비수도권,0,1,0,0,0,1,1,0,0,0,0,0,0,0,1,아메리카노,주스에이드,드립핸드드립,0,,,,,,,,,,,,,,,,,,,,1,1.0,0.0,0.0,1.0,1.0,0.0,1.0,0.0,0.0,0.0,1.0,0.0,0.0,0.0,0.0,1.0,0.0,0.0,0.0,0,,,,,,,,,,,,,,,,,,,,0,,,,,,,,,,,,,,,,,,,,0,,,,,,,,,,,,,,,,,,,,1,1.0,1.0,1.0,0.0,1.0,0.0,0.0,0.0,0.0,0.0,1.0,0.0,0.0,0.0,0.0,0.0,0.0,0.0,0.0
R0874,여,37,30대,35~39,직장인,경영/관리직,경남,기타지역,비수도권,0,0,1,0,0,0,1,0,0,0,0,1,0,0,1,과일티에이드,카페라떼,주스에이드,1,1.0,0.0,0.0,0.0,0.0,0.0,0.0,0.0,0.0,0.0,0.0,0.0,0.0,0.0,1.0,0.0,0.0,0.0,0.0,1,1.0,0.0,0.0,0.0,0.0,0.0,0.0,0.0,0.0,0.0,0.0,0.0,0.0,0.0,0.0,0.0,0.0,0.0,0.0,0,,,,,,,,,,,,,,,,,,,,0,,,,,,,,,,,,,,,,,,,,0,,,,,,,,,,,,,,,,,,,,1,1.0,1.0,0.0,0.0,0.0,0.0,0.0,0.0,0.0,0.0,0.0,0.0,0.0,0.0,0.0,0.0,1.0,0.0,0.0
R0875,여,45,40대,45~49,대학(원)생,대학생,충남,기타지역,비수도권,0,1,0,0,0,0,0,1,1,0,1,0,1,0,0,아메리카노,달콤한티,달콤한커피류,1,1.0,1.0,0.0,0.0,1.0,0.0,0.0,0.0,0.0,0.0,1.0,0.0,0.0,0.0,0.0,0.0,0.0,0.0,0.0,0,,,,,,,,,,,,,,,,,,,,0,,,,,,,,,,,,,,,,,,,,1,1.0,1.0,0.0,0.0,1.0,0.0,1.0,0.0,0.0,0.0,0.0,0.0,0.0,0.0,0.0,0.0,0.0,0.0,0.0,0,,,,,,,,,,,,,,,,,,,,0,,,,,,,,,,,,,,,,,,,
R0876,여,30,30대,30~34,대학(원)생,대학생,강원,기타지역,비수도권,0,1,0,0,0,1,0,0,0,0,0,0,0,1,1,주스에이드,아메리카노,스무디쉐이크,0,,,,,,,,,,,,,,,,,,,,0,,,,,,,,,,,,,,,,,,,,0,,,,,,,,,,,,,,,,,,,,0,,,,,,,,,,,,,,,,,,,,0,,,,,,,,,,,,,,,,,,,,0,,,,,,,,,,,,,,,,,,,
R0877,남,48,40대,45~49,전업주부,전업주부,서울,서울,수도권,0,1,0,0,0,1,0,0,0,0,1,0,0,0,0,아메리카노,콜드브루라떼,달콤한티,0,,,,,,,,,,,,,,,,,,,,1,1.0,1.0,0.0,0.0,1.0,1.0,0.0,0.0,0.0,0.0,0.0,0.0,0.0,0.0,0.0,0.0,0.0,0.0,0.0,0,,,,,,,,,,,,,,,,,,,,0,,,,,,,,,,,,,,,,,,,,1,1.0,1.0,1.0,0.0,0.0,0.0,0.0,0.0,0.0,0.0,0.0,1.0,0.0,0.0,0.0,1.0,0.0,0.0,0.0,1,1.0,0.0,1.0,0.0,0.0,0.0,0.0,0.0,0.0,0.0,0.0,0.0,0.0,0.0,0.0,0.0,0.0,0.0,0.0
R0878,남,46,40대,45~49,전업주부,전업주부,서울,서울,수도권,0,1,1,0,0,1,1,0,0,0,1,0,0,0,0,카페라떼,아메리카노,달콤한티,1,1.0,1.0,0.0,1.0,1.0,1.0,0.0,0.0,0.0,0.0,0.0,0.0,0.0,0.0,0.0,0.0,0.0,0.0,0.0,0,,,,,,,,,,,,,,,,,,,,0,,,,,,,,,,,,,,,,,,,,1,1.0,0.0,0.0,0.0,0.0,0.0,0.0,0.0,0.0,0.0,0.0,0.0,0.0,0.0,0.0,0.0,0.0,0.0,0.0,0,,,,,,,,,,,,,,,,,,,,0,,,,,,,,,,,,,,,,,,,
R0879,남,23,20대,20~24,직장인,자유/전문직,서울,서울,수도권,0,1,0,0,0,0,0,0,0,0,0,0,0,0,0,아메리카노,,,1,1.0,1.0,0.0,0.0,1.0,0.0,0.0,0.0,0.0,0.0,0.0,0.0,0.0,0.0,0.0,0.0,0.0,0.0,0.0,1,1.0,1.0,0.0,0.0,0.0,1.0,1.0,0.0,0.0,0.0,0.0,0.0,0.0,0.0,0.0,0.0,0.0,0.0,0.0,1,1.0,1.0,0.0,0.0,1.0,0.0,0.0,0.0,0.0,0.0,0.0,1.0,0.0,0.0,0.0,0.0,0.0,0.0,0.0,0,,,,,,,,,,,,,,,,,,,,0,,,,,,,,,,,,,,,,,,,,0,,,,,,,,,,,,,,,,,,,
R0880,여,45,40대,45~49,기타직업,자유/전문직,경기,서울외수도권,수도권,0,0,1,0,0,1,1,0,1,1,1,0,0,0,0,얼음갈린커피,카페라떼,달콤한티,1,1.0,0.0,1.0,0.0,1.0,0.0,0.0,0.0,0.0,0.0,0.0,0.0,0.0,0.0,0.0,0.0,0.0,0.0,0.0,0,,,,,,,,,,,,,,,,,,,,0,,,,,,,,,,,,,,,,,,,,1,1.0,1.0,0.0,0.0,0.0,0.0,0.0,0.0,0.0,0.0,0.0,1.0,0.0,0.0,0.0,0.0,0.0,0.0,0.0,0,,,,,,,,,,,,,,,,,,,,1,1.0,1.0,1.0,0.0,1.0,1.0,1.0,0.0,0.0,0.0,1.0,0.0,0.0,0.0,0.0,0.0,0.0,0.0,0.0
R0881,남,42,40대,40~44,직장인,사무/기술직,경기,서울외수도권,수도권,0,1,1,0,1,0,1,1,0,1,0,0,0,0,0,달콤한커피류,아메리카노,기본티,1,1.0,1.0,0.0,0.0,0.0,1.0,0.0,0.0,0.0,0.0,0.0,0.0,0.0,0.0,0.0,0.0,0.0,0.0,0.0,0,,,,,,,,,,,,,,,,,,,,0,,,,,,,,,,,,,,,,,,,,1,1.0,1.0,0.0,0.0,0.0,0.0,0.0,0.0,0.0,0.0,1.0,0.0,0.0,0.0,1.0,0.0,0.0,0.0,0.0,0,,,,,,,,,,,,,,,,,,,,0,,,,,,,,,,,,,,,,,,,
R0882,남,48,40대,45~49,직장인,경영/관리직,서울,서울,수도권,0,1,0,0,0,0,0,1,0,0,1,0,1,0,1,얼음갈린티,아메리카노,달콤한커피류,1,1.0,0.0,0.0,0.0,0.0,0.0,0.0,0.0,0.0,0.0,0.0,0.0,0.0,0.0,0.0,0.0,1.0,0.0,0.0,0,,,,,,,,,,,,,,,,,,,,0,,,,,,,,,,,,,,,,,,,,0,,,,,,,,,,,,,,,,,,,,1,1.0,1.0,0.0,0.0,0.0,1.0,0.0,0.0,0.0,0.0,1.0,0.0,0.0,0.0,0.0,0.0,0.0,1.0,0.0,0,,,,,,,,,,,,,,,,,,,
R0883,여,30,30대,30~34,직장인,사무/기술직,경기,서울외수도권,수도권,0,0,1,0,1,0,1,1,0,1,0,0,0,0,1,카페라떼,달콤한커피류,기본티,0,,,,,,,,,,,,,,,,,,,,0,,,,,,,,,,,,,,,,,,,,1,1.0,0.0,0.0,0.0,0.0,0.0,1.0,0.0,0.0,0.0,0.0,1.0,0.0,0.0,0.0,0.0,0.0,0.0,0.0,0,,,,,,,,,,,,,,,,,,,,0,,,,,,,,,,,,,,,,,,,,0,,,,,,,,,,,,,,,,,,,
R0884,남,33,30대,30~34,기타직업,자유/전문직,인천,서울외수도권,수도권,0,1,0,0,0,0,0,0,0,0,0,1,0,1,0,아메리카노,과일티에이드,스무디쉐이크,1,1.0,1.0,0.0,0.0,0.0,0.0,0.0,0.0,1.0,0.0,0.0,0.0,0.0,0.0,0.0,0.0,0.0,0.0,0.0,0,,,,,,,,,,,,,,,,,,,,1,1.0,0.0,0.0,1.0,1.0,0.0,0.0,0.0,0.0,0.0,0.0,0.0,1.0,0.0,0.0,0.0,0.0,0.0,0.0,1,1.0,0.0,0.0,1.0,0.0,1.0,1.0,1.0,0.0,0.0,0.0,0.0,0.0,0.0,1.0,0.0,0.0,0.0,0.0,1,1.0,0.0,0.0,0.0,1.0,0.0,0.0,0.0,0.0,0.0,0.0,0.0,0.0,0.0,0.0,0.0,0.0,0.0,0.0,0,,,,,,,,,,,,,,,,,,,
R0885,남,27,20대,25~29,기타직업,무직,광주,5대광역시,비수도권,0,1,0,0,0,0,0,0,0,0,0,1,1,1,0,아메리카노,과일티에이드,얼음갈린티,1,1.0,1.0,0.0,0.0,0.0,0.0,0.0,0.0,0.0,0.0,0.0,0.0,0.0,0.0,0.0,0.0,1.0,0.0,0.0,0,,,,,,,,,,,,,,,,,,,,1,1.0,0.0,1.0,0.0,0.0,1.0,0.0,0.0,0.0,0.0,0.0,0.0,0.0,0.0,0.0,0.0,0.0,0.0,0.0,0,,,,,,,,,,,,,,,,,,,,0,,,,,,,,,,,,,,,,,,,,0,,,,,,,,,,,,,,,,,,,
R0886,여,51,50대,50~54,직장인,사무/기술직,경기,서울외수도권,수도권,0,1,0,0,0,1,0,0,0,0,0,0,1,0,1,아메리카노,얼음갈린티,주스에이드,0,,,,,,,,,,,,,,,,,,,,1,1.0,1.0,1.0,1.0,0.0,0.0,0.0,0.0,0.0,0.0,0.0,0.0,0.0,0.0,0.0,0.0,0.0,0.0,0.0,0,,,,,,,,,,,,,,,,,,,,1,1.0,1.0,0.0,0.0,0.0,1.0,0.0,0.0,0.0,0.0,0.0,0.0,0.0,0.0,0.0,0.0,0.0,0.0,0.0,0,,,,,,,,,,,,,,,,,,,,1,1.0,1.0,0.0,1.0,0.0,0.0,0.0,0.0,1.0,0.0,0.0,1.0,0.0,0.0,0.0,0.0,0.0,0.0,0.0
R0887,여,34,30대,30~34,직장인,사무/기술직,인천,서울외수도권,수도권,0,1,1,0,0,0,0,1,0,0,0,1,0,1,0,과일티에이드,아메리카노,카페라떼,0,,,,,,,,,,,,,,,,,,,,0,,,,,,,,,,,,,,,,,,,,0,,,,,,,,,,,,,,,,,,,,0,,,,,,,,,,,,,,,,,,,,0,,,,,,,,,,,,,,,,,,,,0,,,,,,,,,,,,,,,,,,,
R0888,여,26,20대,25~29,기타직업,무직,서울,서울,수도권,0,0,1,0,0,0,0,1,0,0,0,0,0,0,1,달콤한커피류,주스에이드,카페라떼,0,,,,,,,,,,,,,,,,,,,,1,1.0,1.0,1.0,0.0,1.0,0.0,0.0,0.0,0.0,0.0,0.0,1.0,0.0,0.0,0.0,0.0,1.0,0.0,0.0,1,1.0,0.0,0.0,0.0,0.0,0.0,1.0,0.0,0.0,0.0,0.0,0.0,0.0,0.0,0.0,0.0,1.0,0.0,0.0,1,1.0,0.0,0.0,0.0,0.0,1.0,1.0,0.0,0.0,1.0,0.0,0.0,0.0,0.0,1.0,0.0,0.0,0.0,0.0,1,1.0,1.0,0.0,0.0,0.0,1.0,1.0,0.0,0.0,0.0,0.0,1.0,0.0,0.0,0.0,0.0,0.0,0.0,0.0,1,1.0,1.0,0.0,0.0,0.0,0.0,1.0,0.0,0.0,0.0,0.0,0.0,0.0,0.0,0.0,0.0,0.0,0.0,0.0
R0889,여,35,30대,35~39,직장인,기능/작업직,경기,서울외수도권,수도권,0,1,1,0,1,0,0,0,0,1,0,1,0,0,1,카페라떼,기본티,아메리카노,0,,,,,,,,,,,,,,,,,,,,1,1.0,0.0,0.0,0.0,0.0,1.0,0.0,0.0,1.0,0.0,0.0,0.0,0.0,0.0,0.0,0.0,0.0,0.0,0.0,0,,,,,,,,,,,,,,,,,,,,0,,,,,,,,,,,,,,,,,,,,0,,,,,,,,,,,,,,,,,,,,0,,,,,,,,,,,,,,,,,,,
R0890,여,47,40대,45~49,직장인,사무/기술직,전남,기타지역,비수도권,0,1,1,0,0,0,1,1,0,0,0,0,0,0,1,카페라떼,아메리카노,달콤한커피류,0,,,,,,,,,,,,,,,,,,,,0,,,,,,,,,,,,,,,,,,,,0,,,,,,,,,,,,,,,,,,,,0,,,,,,,,,,,,,,,,,,,,0,,,,,,,,,,,,,,,,,,,,0,,,,,,,,,,,,,,,,,,,
R0891,여,32,30대,30~34,직장인,판매/영업 서비스직,서울,서울,수도권,0,1,1,0,0,1,0,0,0,0,1,1,1,0,0,아메리카노,과일티에이드,카페라떼,0,,,,,,,,,,,,,,,,,,,,0,,,,,,,,,,,,,,,,,,,,1,1.0,1.0,0.0,0.0,0.0,0.0,0.0,0.0,0.0,1.0,1.0,0.0,0.0,0.0,0.0,0.0,0.0,0.0,1.0,1,1.0,1.0,1.0,0.0,0.0,0.0,0.0,1.0,0.0,0.0,0.0,0.0,0.0,0.0,0.0,0.0,0.0,0.0,0.0,0,,,,,,,,,,,,,,,,,,,,0,,,,,,,,,,,,,,,,,,,
R0892,남,55,50대,55~59,기타직업,기타,대전,5대광역시,비수도권,0,1,1,0,1,0,0,1,0,0,1,1,1,0,0,달콤한커피류,아메리카노,달콤한티,0,,,,,,,,,,,,,,,,,,,,1,1.0,0.0,0.0,0.0,0.0,0.0,1.0,0.0,0.0,0.0,1.0,0.0,0.0,0.0,0.0,0.0,0.0,0.0,0.0,0,,,,,,,,,,,,,,,,,,,,1,1.0,1.0,1.0,0.0,1.0,0.0,1.0,0.0,0.0,1.0,0.0,1.0,0.0,0.0,0.0,0.0,0.0,0.0,0.0,0,,,,,,,,,,,,,,,,,,,,0,,,,,,,,,,,,,,,,,,,
R0893,여,31,30대,30~34,직장인,사무/기술직,서울,서울,수도권,0,1,0,0,0,0,0,0,0,0,1,1,0,1,0,아메리카노,달콤한티,과일티에이드,0,,,,,,,,,,,,,,,,,,,,0,,,,,,,,,,,,,,,,,,,,1,1.0,0.0,0.0,0.0,0.0,1.0,0.0,0.0,0.0,1.0,0.0,0.0,0.0,0.0,0.0,0.0,0.0,0.0,1.0,1,1.0,0.0,0.0,0.0,0.0,0.0,1.0,0.0,0.0,0.0,0.0,0.0,0.0,0.0,0.0,1.0,0.0,0.0,0.0,0,,,,,,,,,,,,,,,,,,,,0,,,,,,,,,,,,,,,,,,,
R0894,남,58,50대,55~59,직장인,자유/전문직,경기,서울외수도권,수도권,1,1,0,0,0,0,0,0,0,0,0,0,0,0,0,아메리카노,에스프레소,,1,1.0,0.0,0.0,0.0,1.0,0.0,0.0,0.0,1.0,1.0,0.0,0.0,0.0,0.0,0.0,0.0,1.0,1.0,0.0,1,1.0,0.0,0.0,0.0,0.0,0.0,0.0,0.0,0.0,0.0,0.0,0.0,0.0,0.0,0.0,0.0,0.0,0.0,0.0,0,,,,,,,,,,,,,,,,,,,,0,,,,,,,,,,,,,,,,,,,,0,,,,,,,,,,,,,,,,,,,,1,1.0,1.0,0.0,0.0,0.0,1.0,0.0,0.0,1.0,0.0,0.0,0.0,0.0,0.0,0.0,0.0,0.0,0.0,0.0
R0895,여,29,20대,25~29,직장인,사무/기술직,전남,기타지역,비수도권,0,1,0,0,0,0,0,0,0,0,0,1,0,0,0,아메리카노,과일티에이드,,0,,,,,,,,,,,,,,,,,,,,1,1.0,1.0,1.0,0.0,0.0,0.0,1.0,0.0,0.0,0.0,0.0,0.0,0.0,0.0,0.0,1.0,0.0,0.0,0.0,1,1.0,1.0,1.0,0.0,0.0,0.0,0.0,0.0,0.0,0.0,0.0,0.0,0.0,0.0,0.0,0.0,0.0,0.0,0.0,0,,,,,,,,,,,,,,,,,,,,0,,,,,,,,,,,,,,,,,,,,0,,,,,,,,,,,,,,,,,,,
R0896,남,36,30대,35~39,직장인,사무/기술직,서울,서울,수도권,0,0,1,0,0,0,0,1,0,0,1,0,0,0,0,달콤한커피류,달콤한티,카페라떼,1,1.0,0.0,0.0,1.0,1.0,0.0,0.0,0.0,0.0,0.0,1.0,0.0,0.0,0.0,0.0,0.0,1.0,0.0,0.0,0,,,,,,,,,,,,,,,,,,,,1,1.0,0.0,0.0,1.0,1.0,0.0,0.0,0.0,0.0,0.0,0.0,0.0,0.0,0.0,0.0,0.0,0.0,1.0,0.0,1,1.0,1.0,0.0,0.0,0.0,0.0,0.0,0.0,1.0,0.0,0.0,0.0,0.0,0.0,0.0,0.0,0.0,0.0,0.0,1,1.0,0.0,0.0,0.0,0.0,0.0,0.0,1.0,0.0,0.0,1.0,0.0,0.0,0.0,0.0,0.0,0.0,0.0,0.0,0,,,,,,,,,,,,,,,,,,,
R0897,여,41,40대,40~44,직장인,자유/전문직,충남,기타지역,비수도권,0,0,0,0,0,1,0,1,0,0,0,1,0,0,0,콜드브루라떼,과일티에이드,달콤한커피류,1,1.0,1.0,0.0,0.0,0.0,1.0,0.0,0.0,0.0,0.0,0.0,0.0,0.0,0.0,0.0,0.0,1.0,0.0,0.0,0,,,,,,,,,,,,,,,,,,,,0,,,,,,,,,,,,,,,,,,,,0,,,,,,,,,,,,,,,,,,,,0,,,,,,,,,,,,,,,,,,,,0,,,,,,,,,,,,,,,,,,,
R0898,남,28,20대,25~29,대학(원)생,대학생,경남,기타지역,비수도권,0,0,0,0,1,0,0,1,0,0,0,0,0,0,1,달콤한커피류,주스에이드,콜드브루,1,1.0,1.0,0.0,0.0,0.0,0.0,0.0,0.0,0.0,0.0,0.0,0.0,0.0,0.0,0.0,0.0,1.0,0.0,0.0,0,,,,,,,,,,,,,,,,,,,,0,,,,,,,,,,,,,,,,,,,,0,,,,,,,,,,,,,,,,,,,,1,1.0,1.0,0.0,0.0,0.0,0.0,0.0,0.0,0.0,0.0,0.0,0.0,0.0,0.0,0.0,0.0,0.0,0.0,0.0,0,,,,,,,,,,,,,,,,,,,
R0899,여,31,30대,30~34,직장인,사무/기술직,경북,기타지역,비수도권,0,0,0,0,0,0,0,0,0,0,0,0,1,0,1,얼음갈린티,주스에이드,,1,1.0,1.0,0.0,0.0,0.0,0.0,0.0,0.0,0.0,0.0,0.0,0.0,0.0,0.0,0.0,0.0,1.0,0.0,0.0,0,,,,,,,,,,,,,,,,,,,,1,1.0,1.0,1.0,0.0,0.0,0.0,0.0,0.0,0.0,0.0,0.0,1.0,0.0,0.0,0.0,0.0,0.0,0.0,0.0,0,,,,,,,,,,,,,,,,,,,,0,,,,,,,,,,,,,,,,,,,,1,1.0,1.0,0.0,0.0,0.0,0.0,0.0,0.0,0.0,1.0,0.0,0.0,0.0,0.0,0.0,0.0,0.0,0.0,0.0
R0900,여,39,30대,35~39,직장인,사무/기술직,대구,5대광역시,비수도권,0,1,1,0,0,0,0,1,0,1,0,0,0,0,0,달콤한커피류,아메리카노,카페라떼,0,,,,,,,,,,,,,,,,,,,,0,,,,,,,,,,,,,,,,,,,,0,,,,,,,,,,,,,,,,,,,,0,,,,,,,,,,,,,,,,,,,,0,,,,,,,,,,,,,,,,,,,,0,,,,,,,,,,,,,,,,,,,
R0901,여,51,50대,50~54,직장인,자영업,경기,서울외수도권,수도권,1,0,0,0,0,0,0,0,1,1,1,0,1,0,0,기본티,달콤한티,얼음갈린커피,0,,,,,,,,,,,,,,,,,,,,0,,,,,,,,,,,,,,,,,,,,1,1.0,0.0,0.0,0.0,0.0,0.0,1.0,0.0,0.0,1.0,0.0,1.0,0.0,0.0,0.0,0.0,0.0,0.0,0.0,1,1.0,1.0,0.0,0.0,0.0,0.0,1.0,0.0,0.0,0.0,0.0,0.0,0.0,0.0,0.0,0.0,0.0,0.0,0.0,1,1.0,1.0,0.0,0.0,0.0,0.0,0.0,0.0,1.0,0.0,0.0,0.0,0.0,0.0,0.0,0.0,0.0,0.0,0.0,0,,,,,,,,,,,,,,,,,,,
R0902,남,44,40대,40~44,직장인,자유/전문직,경기,서울외수도권,수도권,0,1,1,0,0,0,0,0,0,0,0,0,0,1,0,아메리카노,스무디쉐이크,카페라떼,0,,,,,,,,,,,,,,,,,,,,0,,,,,,,,,,,,,,,,,,,,0,,,,,,,,,,,,,,,,,,,,1,1.0,1.0,0.0,0.0,0.0,1.0,0.0,1.0,0.0,1.0,0.0,0.0,0.0,0.0,0.0,0.0,0.0,0.0,0.0,0,,,,,,,,,,,,,,,,,,,,1,1.0,1.0,0.0,0.0,0.0,0.0,0.0,0.0,0.0,0.0,0.0,0.0,0.0,0.0,0.0,0.0,0.0,0.0,0.0
R0903,여,52,50대,50~54,전업주부,전업주부,대구,5대광역시,비수도권,0,1,1,0,0,0,0,0,1,0,0,0,0,0,0,카페라떼,아메리카노,얼음갈린커피,0,,,,,,,,,,,,,,,,,,,,0,,,,,,,,,,,,,,,,,,,,0,,,,,,,,,,,,,,,,,,,,1,1.0,1.0,0.0,1.0,0.0,0.0,0.0,0.0,0.0,0.0,0.0,0.0,0.0,0.0,0.0,0.0,0.0,0.0,0.0,1,1.0,0.0,1.0,1.0,0.0,1.0,0.0,0.0,0.0,1.0,0.0,1.0,1.0,0.0,0.0,1.0,0.0,0.0,0.0,0,,,,,,,,,,,,,,,,,,,
R0904,남,48,40대,45~49,직장인,사무/기술직,부산,5대광역시,비수도권,0,1,0,1,0,0,1,0,0,0,0,0,0,0,0,아메리카노,드립핸드드립,카푸치노,0,,,,,,,,,,,,,,,,,,,,0,,,,,,,,,,,,,,,,,,,,1,1.0,1.0,0.0,0.0,0.0,1.0,0.0,0.0,0.0,1.0,0.0,0.0,0.0,0.0,0.0,0.0,0.0,0.0,0.0,1,1.0,0.0,0.0,1.0,1.0,0.0,0.0,0.0,0.0,1.0,1.0,0.0,0.0,0.0,0.0,0.0,0.0,0.0,0.0,1,1.0,1.0,0.0,0.0,0.0,0.0,1.0,0.0,0.0,0.0,0.0,0.0,0.0,0.0,0.0,0.0,0.0,0.0,0.0,0,,,,,,,,,,,,,,,,,,,
R0905,여,52,50대,50~54,직장인,판매/영업 서비스직,대구,5대광역시,비수도권,0,1,1,0,1,1,1,0,0,0,1,0,1,1,0,카페라떼,아메리카노,콜드브루,1,1.0,1.0,0.0,0.0,1.0,0.0,0.0,0.0,0.0,1.0,0.0,0.0,0.0,0.0,0.0,0.0,0.0,0.0,0.0,0,,,,,,,,,,,,,,,,,,,,0,,,,,,,,,,,,,,,,,,,,0,,,,,,,,,,,,,,,,,,,,0,,,,,,,,,,,,,,,,,,,,0,,,,,,,,,,,,,,,,,,,
R0906,여,31,30대,30~34,전업주부,전업주부,부산,5대광역시,비수도권,0,1,0,0,0,0,0,0,0,1,0,0,0,0,0,아메리카노,기본티,,0,,,,,,,,,,,,,,,,,,,,0,,,,,,,,,,,,,,,,,,,,0,,,,,,,,,,,,,,,,,,,,0,,,,,,,,,,,,,,,,,,,,0,,,,,,,,,,,,,,,,,,,,0,,,,,,,,,,,,,,,,,,,
R0907,남,44,40대,40~44,대학(원)생,대학생,대전,5대광역시,비수도권,0,1,0,0,0,0,0,1,0,0,0,0,0,0,0,아메리카노,달콤한커피류,,0,,,,,,,,,,,,,,,,,,,,0,,,,,,,,,,,,,,,,,,,,1,1.0,1.0,0.0,0.0,1.0,1.0,1.0,0.0,0.0,0.0,0.0,0.0,0.0,0.0,0.0,0.0,0.0,0.0,0.0,1,1.0,1.0,1.0,0.0,0.0,1.0,0.0,0.0,0.0,0.0,0.0,0.0,0.0,0.0,0.0,0.0,0.0,0.0,0.0,1,1.0,0.0,0.0,0.0,0.0,0.0,0.0,0.0,0.0,0.0,0.0,0.0,0.0,0.0,0.0,0.0,0.0,0.0,0.0,1,1.0,1.0,0.0,0.0,0.0,1.0,0.0,0.0,0.0,0.0,1.0,0.0,0.0,0.0,0.0,0.0,0.0,0.0,0.0
R0908,남,56,50대,55~59,대학(원)생,대학생,충북,기타지역,비수도권,0,1,0,0,0,0,1,1,0,0,0,0,1,0,0,아메리카노,달콤한커피류,드립핸드드립,1,1.0,1.0,0.0,0.0,0.0,0.0,0.0,1.0,0.0,0.0,0.0,0.0,0.0,0.0,0.0,0.0,0.0,0.0,0.0,1,1.0,0.0,0.0,0.0,0.0,0.0,0.0,0.0,1.0,0.0,0.0,1.0,0.0,0.0,0.0,0.0,0.0,0.0,0.0,0,,,,,,,,,,,,,,,,,,,,0,,,,,,,,,,,,,,,,,,,,0,,,,,,,,,,,,,,,,,,,,1,1.0,1.0,0.0,1.0,0.0,1.0,0.0,0.0,1.0,0.0,1.0,0.0,0.0,0.0,0.0,0.0,0.0,0.0,0.0
R0909,남,38,30대,35~39,대학(원)생,대학생,경기,서울외수도권,수도권,0,1,0,0,0,0,0,1,0,0,0,0,0,0,0,달콤한커피류,아메리카노,,0,,,,,,,,,,,,,,,,,,,,1,1.0,1.0,0.0,0.0,0.0,1.0,0.0,0.0,0.0,0.0,1.0,0.0,0.0,0.0,0.0,0.0,0.0,0.0,0.0,1,1.0,0.0,0.0,0.0,0.0,1.0,1.0,0.0,0.0,0.0,0.0,0.0,0.0,0.0,0.0,1.0,0.0,0.0,0.0,1,1.0,0.0,0.0,0.0,0.0,0.0,0.0,0.0,0.0,1.0,0.0,1.0,0.0,0.0,0.0,0.0,0.0,0.0,0.0,0,,,,,,,,,,,,,,,,,,,,0,,,,,,,,,,,,,,,,,,,
R0910,남,54,50대,50~54,직장인,기능/작업직,서울,서울,수도권,0,1,0,0,0,0,0,0,0,0,0,0,0,0,0,아메리카노,,,0,,,,,,,,,,,,,,,,,,,,1,1.0,1.0,0.0,0.0,1.0,0.0,1.0,0.0,0.0,0.0,0.0,0.0,0.0,0.0,0.0,0.0,0.0,0.0,0.0,0,,,,,,,,,,,,,,,,,,,,0,,,,,,,,,,,,,,,,,,,,1,1.0,0.0,0.0,1.0,0.0,0.0,0.0,0.0,0.0,0.0,0.0,0.0,0.0,0.0,1.0,0.0,0.0,0.0,0.0,1,1.0,1.0,0.0,0.0,0.0,0.0,1.0,0.0,0.0,1.0,1.0,0.0,0.0,0.0,0.0,0.0,1.0,0.0,0.0
R0911,여,50,50대,50~54,직장인,사무/기술직,서울,서울,수도권,0,0,0,0,1,0,0,0,0,0,0,0,0,0,1,주스에이드,콜드브루,,1,1.0,1.0,0.0,0.0,0.0,0.0,0.0,0.0,0.0,0.0,0.0,0.0,0.0,0.0,0.0,1.0,0.0,0.0,1.0,1,1.0,0.0,0.0,0.0,0.0,1.0,1.0,0.0,0.0,0.0,1.0,0.0,0.0,0.0,0.0,0.0,0.0,0.0,0.0,0,,,,,,,,,,,,,,,,,,,,1,1.0,1.0,0.0,1.0,0.0,0.0,0.0,1.0,0.0,0.0,0.0,0.0,1.0,0.0,0.0,0.0,0.0,0.0,0.0,0,,,,,,,,,,,,,,,,,,,,1,1.0,0.0,0.0,0.0,1.0,0.0,0.0,0.0,1.0,0.0,0.0,0.0,0.0,0.0,0.0,0.0,0.0,0.0,0.0
R0912,남,31,30대,30~34,직장인,자영업,울산,5대광역시,비수도권,0,1,0,0,0,0,0,0,0,0,0,0,0,0,0,아메리카노,,,1,1.0,1.0,0.0,0.0,0.0,0.0,0.0,0.0,0.0,1.0,0.0,0.0,0.0,0.0,0.0,0.0,0.0,0.0,0.0,0,,,,,,,,,,,,,,,,,,,,1,1.0,1.0,0.0,0.0,0.0,0.0,0.0,0.0,0.0,0.0,0.0,0.0,0.0,0.0,0.0,0.0,0.0,0.0,0.0,0,,,,,,,,,,,,,,,,,,,,0,,,,,,,,,,,,,,,,,,,,1,1.0,0.0,0.0,0.0,0.0,0.0,0.0,0.0,0.0,0.0,0.0,0.0,0.0,0.0,1.0,0.0,0.0,0.0,0.0
R0913,여,24,20대,20~24,직장인,사무/기술직,대전,5대광역시,비수도권,0,1,1,0,0,0,0,1,0,0,0,0,0,1,1,아메리카노,스무디쉐이크,카페라떼,0,,,,,,,,,,,,,,,,,,,,1,1.0,1.0,0.0,0.0,0.0,1.0,0.0,0.0,0.0,1.0,0.0,0.0,0.0,0.0,0.0,0.0,0.0,0.0,0.0,0,,,,,,,,,,,,,,,,,,,,1,1.0,0.0,0.0,1.0,0.0,0.0,1.0,0.0,0.0,0.0,0.0,0.0,0.0,0.0,0.0,0.0,0.0,0.0,0.0,1,1.0,1.0,0.0,0.0,0.0,0.0,0.0,0.0,0.0,1.0,1.0,1.0,0.0,0.0,0.0,0.0,0.0,0.0,0.0,0,,,,,,,,,,,,,,,,,,,
R0914,여,46,40대,45~49,직장인,자유/전문직,경북,기타지역,비수도권,0,1,1,1,0,0,0,0,0,0,0,0,1,0,0,아메리카노,카페라떼,얼음갈린티,0,,,,,,,,,,,,,,,,,,,,0,,,,,,,,,,,,,,,,,,,,1,1.0,1.0,0.0,0.0,1.0,0.0,0.0,0.0,0.0,1.0,0.0,0.0,0.0,0.0,0.0,0.0,0.0,0.0,0.0,1,1.0,0.0,0.0,0.0,0.0,0.0,1.0,0.0,0.0,0.0,0.0,0.0,0.0,0.0,1.0,1.0,0.0,0.0,0.0,1,1.0,1.0,0.0,0.0,0.0,0.0,1.0,0.0,0.0,1.0,0.0,0.0,0.0,0.0,0.0,0.0,0.0,0.0,0.0,0,,,,,,,,,,,,,,,,,,,
R0915,여,42,40대,40~44,기타직업,무직,경기,서울외수도권,수도권,0,1,0,0,1,0,1,1,0,0,0,0,0,0,1,달콤한커피류,아메리카노,주스에이드,1,1.0,1.0,0.0,1.0,0.0,0.0,1.0,0.0,0.0,1.0,0.0,1.0,0.0,0.0,0.0,0.0,0.0,0.0,0.0,0,,,,,,,,,,,,,,,,,,,,1,1.0,1.0,0.0,1.0,1.0,1.0,0.0,0.0,0.0,0.0,0.0,0.0,0.0,0.0,0.0,0.0,0.0,0.0,0.0,1,1.0,1.0,0.0,0.0,1.0,0.0,1.0,0.0,1.0,0.0,0.0,0.0,0.0,0.0,0.0,0.0,0.0,0.0,0.0,1,1.0,1.0,0.0,0.0,0.0,0.0,0.0,0.0,1.0,0.0,1.0,0.0,0.0,0.0,0.0,0.0,0.0,0.0,0.0,0,,,,,,,,,,,,,,,,,,,
R0916,여,54,50대,50~54,기타직업,자유/전문직,인천,서울외수도권,수도권,0,1,0,0,0,0,0,1,0,0,0,1,0,0,0,아메리카노,달콤한커피류,과일티에이드,0,,,,,,,,,,,,,,,,,,,,1,1.0,1.0,0.0,1.0,0.0,1.0,1.0,0.0,0.0,1.0,0.0,0.0,0.0,0.0,0.0,0.0,0.0,0.0,0.0,0,,,,,,,,,,,,,,,,,,,,0,,,,,,,,,,,,,,,,,,,,1,1.0,1.0,0.0,0.0,0.0,0.0,0.0,0.0,0.0,1.0,1.0,0.0,0.0,0.0,0.0,0.0,0.0,0.0,0.0,1,1.0,1.0,0.0,0.0,1.0,1.0,1.0,0.0,0.0,0.0,0.0,0.0,0.0,0.0,0.0,0.0,0.0,0.0,0.0
R0917,남,24,20대,20~24,직장인,사무/기술직,경기,서울외수도권,수도권,0,1,0,0,0,0,0,0,0,0,0,0,0,0,1,아메리카노,주스에이드,,0,,,,,,,,,,,,,,,,,,,,0,,,,,,,,,,,,,,,,,,,,1,1.0,0.0,0.0,0.0,0.0,0.0,1.0,0.0,0.0,0.0,0.0,0.0,0.0,0.0,0.0,0.0,0.0,0.0,0.0,0,,,,,,,,,,,,,,,,,,,,0,,,,,,,,,,,,,,,,,,,,0,,,,,,,,,,,,,,,,,,,
R0918,여,55,50대,55~59,직장인,사무/기술직,경기,서울외수도권,수도권,0,1,1,0,0,0,0,0,1,1,1,1,0,0,0,아메리카노,기본티,얼음갈린커피,1,1.0,1.0,0.0,1.0,0.0,0.0,0.0,0.0,0.0,0.0,0.0,1.0,0.0,0.0,0.0,0.0,0.0,0.0,0.0,0,,,,,,,,,,,,,,,,,,,,1,1.0,0.0,0.0,0.0,0.0,0.0,0.0,0.0,0.0,0.0,1.0,1.0,1.0,0.0,0.0,0.0,0.0,0.0,0.0,0,,,,,,,,,,,,,,,,,,,,0,,,,,,,,,,,,,,,,,,,,0,,,,,,,,,,,,,,,,,,,
R0919,여,58,50대,55~59,직장인,사무/기술직,서울,서울,수도권,0,1,0,0,0,1,0,0,1,0,0,1,0,1,0,아메리카노,스무디쉐이크,콜드브루라떼,1,1.0,1.0,0.0,0.0,1.0,1.0,0.0,0.0,0.0,0.0,0.0,0.0,0.0,0.0,0.0,0.0,0.0,0.0,0.0,0,,,,,,,,,,,,,,,,,,,,1,1.0,1.0,0.0,1.0,0.0,1.0,0.0,0.0,0.0,0.0,0.0,0.0,0.0,0.0,0.0,0.0,0.0,0.0,0.0,1,1.0,0.0,1.0,0.0,0.0,1.0,1.0,0.0,1.0,0.0,0.0,0.0,0.0,0.0,0.0,0.0,0.0,0.0,1.0,1,1.0,1.0,0.0,0.0,0.0,0.0,0.0,0.0,1.0,0.0,0.0,0.0,0.0,0.0,0.0,0.0,0.0,0.0,0.0,1,1.0,1.0,0.0,0.0,1.0,0.0,1.0,0.0,0.0,0.0,0.0,0.0,0.0,0.0,0.0,0.0,0.0,0.0,0.0
R0920,남,57,50대,55~59,기타직업,기타,서울,서울,수도권,0,0,1,0,1,0,0,0,0,0,1,1,0,1,1,콜드브루,카페라떼,주스에이드,1,1.0,0.0,0.0,0.0,1.0,0.0,0.0,0.0,0.0,0.0,0.0,0.0,0.0,0.0,0.0,0.0,1.0,0.0,0.0,1,1.0,0.0,0.0,0.0,0.0,0.0,0.0,0.0,0.0,0.0,0.0,0.0,0.0,0.0,0.0,0.0,0.0,0.0,0.0,1,1.0,0.0,0.0,0.0,0.0,1.0,0.0,0.0,0.0,0.0,0.0,0.0,0.0,0.0,0.0,1.0,0.0,0.0,0.0,0,,,,,,,,,,,,,,,,,,,,1,1.0,0.0,0.0,0.0,0.0,0.0,0.0,0.0,0.0,1.0,0.0,1.0,0.0,0.0,1.0,0.0,0.0,0.0,0.0,1,1.0,1.0,0.0,0.0,0.0,0.0,0.0,0.0,1.0,0.0,0.0,0.0,0.0,0.0,0.0,0.0,1.0,0.0,0.0
R0921,남,36,30대,35~39,기타직업,경영/관리직,서울,서울,수도권,0,1,0,0,0,0,0,1,0,0,1,1,0,0,1,아메리카노,달콤한티,과일티에이드,0,,,,,,,,,,,,,,,,,,,,1,1.0,1.0,1.0,1.0,1.0,1.0,0.0,0.0,1.0,0.0,0.0,1.0,0.0,0.0,0.0,0.0,0.0,0.0,0.0,0,,,,,,,,,,,,,,,,,,,,0,,,,,,,,,,,,,,,,,,,,0,,,,,,,,,,,,,,,,,,,,0,,,,,,,,,,,,,,,,,,,
R0922,여,39,30대,35~39,직장인,자유/전문직,강원,기타지역,비수도권,0,0,0,0,0,0,0,1,0,0,0,0,1,0,1,주스에이드,달콤한커피류,얼음갈린티,1,1.0,0.0,0.0,0.0,1.0,0.0,0.0,0.0,0.0,0.0,0.0,0.0,0.0,0.0,0.0,0.0,0.0,0.0,0.0,1,1.0,1.0,0.0,1.0,0.0,0.0,1.0,0.0,0.0,0.0,0.0,0.0,0.0,0.0,0.0,0.0,0.0,0.0,0.0,1,1.0,1.0,0.0,0.0,0.0,1.0,0.0,0.0,0.0,0.0,0.0,0.0,0.0,0.0,0.0,0.0,1.0,0.0,0.0,0,,,,,,,,,,,,,,,,,,,,0,,,,,,,,,,,,,,,,,,,,0,,,,,,,,,,,,,,,,,,,
R0923,남,56,50대,55~59,직장인,농/임/어/축산업,서울,서울,수도권,0,1,1,0,0,0,0,1,0,0,0,0,0,0,0,아메리카노,달콤한커피류,카페라떼,0,,,,,,,,,,,,,,,,,,,,0,,,,,,,,,,,,,,,,,,,,1,1.0,1.0,0.0,0.0,0.0,0.0,0.0,0.0,0.0,0.0,0.0,0.0,0.0,0.0,0.0,0.0,0.0,0.0,1.0,1,1.0,1.0,0.0,0.0,0.0,0.0,0.0,0.0,1.0,0.0,0.0,0.0,0.0,0.0,0.0,0.0,0.0,0.0,0.0,0,,,,,,,,,,,,,,,,,,,,1,1.0,1.0,0.0,1.0,0.0,0.0,0.0,1.0,0.0,0.0,0.0,0.0,0.0,0.0,0.0,0.0,0.0,0.0,0.0
R0924,여,53,50대,50~54,기타직업,자유/전문직,서울,서울,수도권,0,1,1,0,0,0,0,1,0,0,0,0,0,1,1,카페라떼,달콤한커피류,아메리카노,1,1.0,0.0,0.0,1.0,0.0,0.0,0.0,0.0,0.0,0.0,0.0,0.0,0.0,0.0,0.0,0.0,0.0,0.0,0.0,1,1.0,0.0,0.0,0.0,0.0,1.0,0.0,0.0,0.0,0.0,0.0,0.0,0.0,0.0,0.0,0.0,0.0,0.0,0.0,1,1.0,1.0,0.0,0.0,0.0,0.0,0.0,0.0,0.0,0.0,0.0,0.0,0.0,0.0,0.0,0.0,0.0,0.0,0.0,1,1.0,0.0,0.0,0.0,1.0,1.0,1.0,0.0,0.0,0.0,0.0,0.0,0.0,0.0,0.0,0.0,0.0,0.0,0.0,1,1.0,0.0,0.0,0.0,0.0,0.0,0.0,0.0,0.0,0.0,0.0,1.0,0.0,0.0,0.0,0.0,0.0,0.0,0.0,0,,,,,,,,,,,,,,,,,,,
R0925,남,49,40대,45~49,직장인,사무/기술직,서울,서울,수도권,0,1,1,0,0,0,0,0,0,0,0,0,0,1,0,카페라떼,아메리카노,스무디쉐이크,0,,,,,,,,,,,,,,,,,,,,0,,,,,,,,,,,,,,,,,,,,0,,,,,,,,,,,,,,,,,,,,1,1.0,1.0,0.0,0.0,0.0,1.0,0.0,0.0,0.0,0.0,0.0,0.0,0.0,0.0,0.0,0.0,0.0,0.0,0.0,0,,,,,,,,,,,,,,,,,,,,0,,,,,,,,,,,,,,,,,,,
R0926,남,38,30대,35~39,전업주부,전업주부,대구,5대광역시,비수도권,0,1,1,0,1,1,0,0,0,0,1,1,1,0,0,아메리카노,카페라떼,달콤한티,0,,,,,,,,,,,,,,,,,,,,1,1.0,0.0,0.0,0.0,0.0,0.0,1.0,0.0,0.0,0.0,0.0,1.0,0.0,0.0,0.0,0.0,0.0,0.0,0.0,1,1.0,1.0,0.0,0.0,0.0,0.0,1.0,0.0,0.0,0.0,0.0,0.0,0.0,1.0,0.0,0.0,0.0,0.0,0.0,0,,,,,,,,,,,,,,,,,,,,0,,,,,,,,,,,,,,,,,,,,0,,,,,,,,,,,,,,,,,,,
R0927,여,46,40대,45~49,직장인,사무/기술직,제주,기타지역,비수도권,0,1,0,0,0,0,0,0,0,0,1,1,0,0,0,아메리카노,과일티에이드,달콤한티,1,1.0,0.0,1.0,0.0,0.0,0.0,1.0,0.0,0.0,1.0,0.0,0.0,0.0,0.0,0.0,0.0,0.0,0.0,0.0,0,,,,,,,,,,,,,,,,,,,,0,,,,,,,,,,,,,,,,,,,,1,1.0,0.0,0.0,1.0,0.0,0.0,0.0,0.0,1.0,0.0,0.0,0.0,0.0,0.0,0.0,0.0,0.0,0.0,0.0,1,1.0,1.0,0.0,0.0,0.0,0.0,0.0,0.0,0.0,1.0,0.0,1.0,0.0,0.0,0.0,0.0,0.0,0.0,0.0,0,,,,,,,,,,,,,,,,,,,
R0928,여,45,40대,45~49,직장인,사무/기술직,대전,5대광역시,비수도권,0,0,0,1,1,0,0,0,0,0,0,0,1,0,0,카푸치노,콜드브루,얼음갈린티,0,,,,,,,,,,,,,,,,,,,,1,1.0,1.0,0.0,0.0,0.0,0.0,0.0,0.0,0.0,0.0,0.0,0.0,0.0,0.0,0.0,1.0,0.0,0.0,0.0,0,,,,,,,,,,,,,,,,,,,,1,1.0,1.0,0.0,1.0,0.0,0.0,1.0,0.0,0.0,1.0,0.0,0.0,0.0,0.0,0.0,0.0,0.0,0.0,0.0,0,,,,,,,,,,,,,,,,,,,,1,1.0,1.0,0.0,0.0,0.0,0.0,0.0,0.0,0.0,0.0,0.0,0.0,0.0,0.0,0.0,0.0,0.0,0.0,0.0
R0929,여,22,20대,20~24,직장인,사무/기술직,서울,서울,수도권,0,0,1,0,0,0,0,0,1,0,0,0,0,0,0,카페라떼,얼음갈린커피,,0,,,,,,,,,,,,,,,,,,,,0,,,,,,,,,,,,,,,,,,,,0,,,,,,,,,,,,,,,,,,,,0,,,,,,,,,,,,,,,,,,,,0,,,,,,,,,,,,,,,,,,,,0,,,,,,,,,,,,,,,,,,,
R0930,남,28,20대,25~29,직장인,사무/기술직,경북,기타지역,비수도권,0,1,0,0,0,0,0,0,0,0,1,0,0,1,0,스무디쉐이크,아메리카노,달콤한티,1,1.0,0.0,0.0,1.0,1.0,0.0,0.0,0.0,0.0,0.0,0.0,0.0,0.0,0.0,0.0,0.0,0.0,0.0,0.0,1,1.0,1.0,0.0,0.0,0.0,0.0,0.0,0.0,0.0,0.0,0.0,0.0,0.0,0.0,0.0,0.0,0.0,0.0,0.0,1,1.0,1.0,0.0,1.0,0.0,0.0,0.0,0.0,0.0,0.0,0.0,0.0,0.0,0.0,0.0,0.0,0.0,0.0,0.0,0,,,,,,,,,,,,,,,,,,,,1,1.0,1.0,1.0,1.0,0.0,0.0,1.0,0.0,1.0,0.0,0.0,0.0,0.0,0.0,0.0,0.0,0.0,0.0,0.0,0,,,,,,,,,,,,,,,,,,,
R0931,여,54,50대,50~54,기타직업,자유/전문직,경기,서울외수도권,수도권,1,0,1,0,0,0,0,1,0,0,0,0,0,1,1,스무디쉐이크,달콤한커피류,카페라떼,0,,,,,,,,,,,,,,,,,,,,1,1.0,0.0,0.0,1.0,0.0,0.0,0.0,0.0,0.0,0.0,0.0,0.0,0.0,0.0,0.0,0.0,0.0,0.0,0.0,1,1.0,0.0,0.0,0.0,0.0,0.0,1.0,0.0,0.0,1.0,0.0,0.0,0.0,0.0,0.0,0.0,0.0,0.0,0.0,1,1.0,0.0,0.0,0.0,0.0,1.0,0.0,0.0,0.0,0.0,0.0,0.0,0.0,0.0,0.0,0.0,0.0,0.0,0.0,0,,,,,,,,,,,,,,,,,,,,1,1.0,0.0,0.0,0.0,0.0,0.0,0.0,0.0,0.0,1.0,0.0,0.0,0.0,0.0,0.0,0.0,0.0,0.0,0.0
R0932,남,31,30대,30~34,직장인,사무/기술직,경남,기타지역,비수도권,0,0,0,0,1,0,1,1,0,0,0,0,0,0,1,달콤한커피류,주스에이드,드립핸드드립,0,,,,,,,,,,,,,,,,,,,,0,,,,,,,,,,,,,,,,,,,,1,1.0,0.0,1.0,1.0,0.0,0.0,0.0,0.0,0.0,0.0,0.0,0.0,0.0,0.0,0.0,0.0,0.0,0.0,0.0,1,1.0,0.0,0.0,0.0,0.0,1.0,0.0,1.0,0.0,0.0,0.0,0.0,0.0,0.0,0.0,0.0,0.0,0.0,0.0,1,1.0,1.0,0.0,0.0,0.0,1.0,0.0,0.0,0.0,0.0,1.0,1.0,0.0,0.0,0.0,0.0,0.0,0.0,0.0,0,,,,,,,,,,,,,,,,,,,
R0933,남,38,30대,35~39,직장인,경영/관리직,전남,기타지역,비수도권,1,1,1,0,0,0,0,0,0,0,0,1,0,0,0,과일티에이드,에스프레소,아메리카노,1,1.0,1.0,0.0,0.0,1.0,0.0,0.0,0.0,0.0,1.0,0.0,0.0,0.0,0.0,1.0,0.0,0.0,0.0,0.0,0,,,,,,,,,,,,,,,,,,,,0,,,,,,,,,,,,,,,,,,,,0,,,,,,,,,,,,,,,,,,,,1,1.0,1.0,0.0,0.0,0.0,0.0,0.0,0.0,0.0,0.0,0.0,1.0,0.0,0.0,0.0,0.0,0.0,0.0,0.0,0,,,,,,,,,,,,,,,,,,,
R0934,여,46,40대,45~49,직장인,자영업,서울,서울,수도권,0,1,0,0,0,0,0,1,0,0,0,0,1,0,0,아메리카노,달콤한커피류,얼음갈린티,0,,,,,,,,,,,,,,,,,,,,0,,,,,,,,,,,,,,,,,,,,0,,,,,,,,,,,,,,,,,,,,0,,,,,,,,,,,,,,,,,,,,1,1.0,1.0,0.0,0.0,0.0,1.0,0.0,0.0,0.0,0.0,0.0,0.0,0.0,0.0,0.0,0.0,0.0,0.0,0.0,0,,,,,,,,,,,,,,,,,,,
R0935,여,36,30대,35~39,기타직업,기타,경기,서울외수도권,수도권,0,0,0,0,0,0,0,0,1,0,0,0,0,0,0,얼음갈린커피,,,0,,,,,,,,,,,,,,,,,,,,1,1.0,0.0,0.0,1.0,0.0,0.0,0.0,0.0,0.0,0.0,1.0,0.0,1.0,0.0,0.0,0.0,1.0,0.0,0.0,1,1.0,1.0,0.0,0.0,1.0,0.0,0.0,0.0,0.0,0.0,0.0,0.0,0.0,0.0,0.0,0.0,0.0,0.0,0.0,0,,,,,,,,,,,,,,,,,,,,1,1.0,0.0,0.0,1.0,0.0,0.0,0.0,1.0,0.0,0.0,1.0,0.0,0.0,0.0,0.0,0.0,1.0,0.0,0.0,1,1.0,0.0,1.0,0.0,0.0,0.0,0.0,0.0,0.0,0.0,0.0,0.0,0.0,0.0,0.0,0.0,0.0,0.0,0.0
R0936,남,59,50대,55~59,직장인,사무/기술직,서울,서울,수도권,0,0,0,0,0,0,0,1,0,0,0,0,0,0,1,주스에이드,달콤한커피류,,0,,,,,,,,,,,,,,,,,,,,1,1.0,0.0,0.0,0.0,0.0,0.0,0.0,0.0,0.0,0.0,0.0,0.0,0.0,0.0,1.0,0.0,0.0,0.0,0.0,0,,,,,,,,,,,,,,,,,,,,1,1.0,1.0,0.0,0.0,0.0,0.0,1.0,0.0,0.0,0.0,0.0,0.0,0.0,0.0,0.0,0.0,0.0,0.0,0.0,0,,,,,,,,,,,,,,,,,,,,1,1.0,1.0,0.0,1.0,0.0,0.0,0.0,0.0,0.0,0.0,0.0,0.0,0.0,0.0,0.0,0.0,1.0,0.0,0.0
R0937,남,58,50대,55~59,직장인,경영/관리직,경기,서울외수도권,수도권,0,0,0,0,1,0,0,0,0,0,0,0,0,0,1,주스에이드,콜드브루,,0,,,,,,,,,,,,,,,,,,,,1,1.0,0.0,0.0,0.0,0.0,0.0,0.0,0.0,0.0,0.0,0.0,0.0,0.0,0.0,0.0,0.0,0.0,0.0,0.0,0,,,,,,,,,,,,,,,,,,,,1,1.0,0.0,0.0,0.0,0.0,1.0,0.0,0.0,0.0,0.0,0.0,0.0,0.0,0.0,1.0,0.0,0.0,0.0,0.0,0,,,,,,,,,,,,,,,,,,,,1,1.0,1.0,0.0,0.0,0.0,0.0,0.0,0.0,0.0,0.0,0.0,0.0,0.0,0.0,0.0,0.0,0.0,0.0,0.0
R0938,남,42,40대,40~44,전업주부,전업주부,서울,서울,수도권,0,1,0,0,0,0,0,0,1,0,1,0,0,0,0,아메리카노,달콤한티,얼음갈린커피,1,1.0,1.0,0.0,1.0,1.0,0.0,0.0,0.0,0.0,0.0,0.0,0.0,0.0,0.0,0.0,0.0,1.0,0.0,0.0,1,1.0,0.0,1.0,0.0,0.0,0.0,1.0,0.0,0.0,0.0,0.0,0.0,0.0,0.0,0.0,0.0,0.0,0.0,0.0,1,1.0,1.0,0.0,0.0,0.0,0.0,0.0,0.0,0.0,0.0,0.0,0.0,0.0,1.0,0.0,0.0,0.0,0.0,0.0,1,1.0,0.0,0.0,0.0,0.0,1.0,0.0,1.0,0.0,0.0,0.0,0.0,0.0,0.0,0.0,0.0,0.0,0.0,0.0,0,,,,,,,,,,,,,,,,,,,,0,,,,,,,,,,,,,,,,,,,
R0939,여,47,40대,45~49,직장인,자유/전문직,서울,서울,수도권,0,1,0,0,1,0,0,0,0,0,0,1,0,0,1,아메리카노,과일티에이드,콜드브루,0,,,,,,,,,,,,,,,,,,,,0,,,,,,,,,,,,,,,,,,,,0,,,,,,,,,,,,,,,,,,,,1,1.0,0.0,1.0,0.0,0.0,1.0,0.0,0.0,0.0,0.0,0.0,0.0,0.0,0.0,0.0,0.0,0.0,0.0,0.0,0,,,,,,,,,,,,,,,,,,,,0,,,,,,,,,,,,,,,,,,,
R0940,남,46,40대,45~49,직장인,판매/영업 서비스직,경기,서울외수도권,수도권,0,1,1,0,0,0,0,0,0,0,0,0,0,0,0,카페라떼,아메리카노,,1,1.0,1.0,0.0,0.0,0.0,0.0,0.0,0.0,0.0,0.0,0.0,0.0,0.0,0.0,0.0,0.0,0.0,0.0,0.0,0,,,,,,,,,,,,,,,,,,,,1,1.0,0.0,0.0,1.0,1.0,1.0,0.0,0.0,0.0,0.0,0.0,0.0,0.0,0.0,0.0,0.0,0.0,0.0,0.0,1,1.0,0.0,0.0,0.0,1.0,0.0,1.0,0.0,0.0,1.0,0.0,0.0,0.0,0.0,0.0,0.0,0.0,0.0,0.0,0,,,,,,,,,,,,,,,,,,,,0,,,,,,,,,,,,,,,,,,,
R0941,여,54,50대,50~54,직장인,사무/기술직,대구,5대광역시,비수도권,0,0,1,0,0,0,0,0,1,0,1,1,1,0,0,카페라떼,달콤한티,얼음갈린티,1,1.0,0.0,0.0,0.0,0.0,0.0,0.0,1.0,0.0,0.0,0.0,0.0,0.0,0.0,0.0,0.0,0.0,0.0,0.0,0,,,,,,,,,,,,,,,,,,,,1,1.0,1.0,0.0,1.0,0.0,0.0,0.0,0.0,0.0,0.0,0.0,1.0,0.0,0.0,0.0,0.0,0.0,0.0,0.0,0,,,,,,,,,,,,,,,,,,,,0,,,,,,,,,,,,,,,,,,,,1,1.0,1.0,0.0,0.0,1.0,0.0,0.0,0.0,0.0,0.0,0.0,0.0,0.0,0.0,1.0,0.0,0.0,0.0,0.0
R0942,남,49,40대,45~49,전업주부,전업주부,대구,5대광역시,비수도권,0,1,1,0,0,0,0,0,0,0,0,0,0,0,0,아메리카노,카페라떼,,0,,,,,,,,,,,,,,,,,,,,1,1.0,1.0,0.0,0.0,1.0,0.0,0.0,0.0,0.0,0.0,0.0,0.0,0.0,0.0,0.0,0.0,0.0,0.0,0.0,0,,,,,,,,,,,,,,,,,,,,0,,,,,,,,,,,,,,,,,,,,0,,,,,,,,,,,,,,,,,,,,0,,,,,,,,,,,,,,,,,,,
R0943,남,28,20대,25~29,직장인,판매/영업 서비스직,전북,기타지역,비수도권,0,1,1,0,1,0,0,0,0,0,0,0,0,0,0,카페라떼,아메리카노,콜드브루,0,,,,,,,,,,,,,,,,,,,,0,,,,,,,,,,,,,,,,,,,,0,,,,,,,,,,,,,,,,,,,,1,1.0,1.0,0.0,0.0,0.0,1.0,0.0,0.0,1.0,0.0,0.0,0.0,0.0,0.0,0.0,0.0,0.0,0.0,0.0,1,1.0,1.0,0.0,0.0,0.0,0.0,0.0,0.0,0.0,0.0,0.0,0.0,0.0,0.0,0.0,0.0,0.0,0.0,0.0,0,,,,,,,,,,,,,,,,,,,
R0944,남,30,30대,30~34,직장인,경영/관리직,서울,서울,수도권,0,1,0,0,0,0,0,0,0,0,0,1,0,0,1,과일티에이드,아메리카노,주스에이드,1,1.0,0.0,0.0,1.0,1.0,1.0,0.0,0.0,0.0,0.0,0.0,0.0,0.0,0.0,0.0,1.0,0.0,0.0,0.0,0,,,,,,,,,,,,,,,,,,,,1,1.0,1.0,0.0,1.0,1.0,0.0,0.0,0.0,0.0,0.0,0.0,0.0,0.0,0.0,0.0,0.0,0.0,0.0,0.0,0,,,,,,,,,,,,,,,,,,,,0,,,,,,,,,,,,,,,,,,,,0,,,,,,,,,,,,,,,,,,,
R0945,여,54,50대,50~54,직장인,경영/관리직,인천,서울외수도권,수도권,0,1,0,1,0,0,0,1,1,0,1,0,0,0,1,아메리카노,달콤한커피류,얼음갈린커피,0,,,,,,,,,,,,,,,,,,,,0,,,,,,,,,,,,,,,,,,,,0,,,,,,,,,,,,,,,,,,,,1,1.0,1.0,0.0,1.0,0.0,0.0,1.0,0.0,0.0,0.0,0.0,0.0,0.0,0.0,0.0,1.0,0.0,0.0,0.0,0,,,,,,,,,,,,,,,,,,,,1,1.0,1.0,0.0,0.0,0.0,0.0,0.0,0.0,0.0,0.0,0.0,0.0,0.0,0.0,0.0,0.0,0.0,0.0,0.0
R0946,남,44,40대,40~44,직장인,사무/기술직,경기,서울외수도권,수도권,0,1,0,0,0,0,1,0,0,0,0,1,0,0,0,아메리카노,과일티에이드,드립핸드드립,0,,,,,,,,,,,,,,,,,,,,1,1.0,1.0,0.0,0.0,0.0,0.0,1.0,0.0,0.0,0.0,0.0,0.0,0.0,0.0,0.0,0.0,1.0,0.0,0.0,1,1.0,0.0,0.0,1.0,0.0,0.0,0.0,0.0,0.0,0.0,0.0,0.0,0.0,0.0,0.0,0.0,1.0,0.0,0.0,0,,,,,,,,,,,,,,,,,,,,0,,,,,,,,,,,,,,,,,,,,0,,,,,,,,,,,,,,,,,,,
R0947,남,45,40대,45~49,직장인,경영/관리직,경기,서울외수도권,수도권,0,1,1,0,1,0,0,0,0,0,0,0,1,0,0,얼음갈린티,아메리카노,카페라떼,1,1.0,1.0,0.0,1.0,0.0,1.0,0.0,0.0,0.0,0.0,0.0,0.0,0.0,0.0,0.0,0.0,0.0,0.0,0.0,0,,,,,,,,,,,,,,,,,,,,0,,,,,,,,,,,,,,,,,,,,0,,,,,,,,,,,,,,,,,,,,0,,,,,,,,,,,,,,,,,,,,0,,,,,,,,,,,,,,,,,,,
R0948,남,41,40대,40~44,전업주부,전업주부,경북,기타지역,비수도권,1,1,0,0,0,0,0,0,0,0,0,1,1,1,0,아메리카노,스무디쉐이크,과일티에이드,0,,,,,,,,,,,,,,,,,,,,1,1.0,1.0,0.0,1.0,0.0,0.0,0.0,0.0,1.0,0.0,0.0,0.0,0.0,0.0,0.0,0.0,0.0,0.0,0.0,1,1.0,1.0,0.0,0.0,0.0,0.0,1.0,0.0,0.0,0.0,0.0,0.0,0.0,0.0,0.0,0.0,0.0,0.0,0.0,0,,,,,,,,,,,,,,,,,,,,0,,,,,,,,,,,,,,,,,,,,1,1.0,1.0,0.0,0.0,0.0,1.0,0.0,0.0,0.0,0.0,1.0,0.0,0.0,0.0,0.0,0.0,0.0,0.0,0.0
R0949,여,39,30대,35~39,직장인,사무/기술직,대전,5대광역시,비수도권,0,1,1,0,0,0,0,0,1,0,0,1,0,1,1,아메리카노,카페라떼,과일티에이드,1,1.0,1.0,0.0,1.0,0.0,1.0,1.0,0.0,0.0,0.0,0.0,0.0,0.0,0.0,0.0,0.0,0.0,0.0,0.0,0,,,,,,,,,,,,,,,,,,,,1,1.0,0.0,0.0,0.0,0.0,0.0,1.0,0.0,0.0,0.0,0.0,0.0,0.0,0.0,0.0,0.0,0.0,0.0,0.0,0,,,,,,,,,,,,,,,,,,,,1,1.0,1.0,1.0,1.0,0.0,0.0,0.0,0.0,1.0,0.0,0.0,0.0,0.0,0.0,0.0,0.0,0.0,0.0,0.0,0,,,,,,,,,,,,,,,,,,,
R0950,남,25,20대,25~29,직장인,사무/기술직,광주,5대광역시,비수도권,0,1,0,0,0,0,0,0,0,0,0,0,1,0,0,아메리카노,얼음갈린티,,0,,,,,,,,,,,,,,,,,,,,1,1.0,0.0,0.0,0.0,0.0,0.0,0.0,0.0,0.0,0.0,1.0,0.0,0.0,0.0,0.0,0.0,1.0,0.0,0.0,1,1.0,1.0,1.0,0.0,0.0,1.0,0.0,0.0,0.0,0.0,1.0,0.0,0.0,0.0,0.0,0.0,0.0,0.0,0.0,0,,,,,,,,,,,,,,,,,,,,0,,,,,,,,,,,,,,,,,,,,0,,,,,,,,,,,,,,,,,,,
R0951,남,51,50대,50~54,직장인,기능/작업직,부산,5대광역시,비수도권,1,1,1,0,0,0,1,0,0,0,0,1,0,0,1,과일티에이드,아메리카노,카페라떼,1,1.0,1.0,0.0,0.0,0.0,0.0,1.0,0.0,0.0,0.0,0.0,0.0,1.0,0.0,0.0,0.0,1.0,0.0,0.0,1,1.0,0.0,0.0,1.0,0.0,1.0,0.0,0.0,0.0,0.0,0.0,0.0,0.0,0.0,0.0,0.0,0.0,0.0,0.0,1,1.0,0.0,0.0,0.0,0.0,0.0,0.0,0.0,0.0,0.0,1.0,0.0,0.0,0.0,0.0,0.0,0.0,0.0,0.0,1,1.0,0.0,0.0,0.0,0.0,1.0,0.0,0.0,0.0,0.0,0.0,1.0,0.0,0.0,0.0,0.0,1.0,1.0,0.0,0,,,,,,,,,,,,,,,,,,,,0,,,,,,,,,,,,,,,,,,,
R0952,여,51,50대,50~54,전업주부,전업주부,경기,서울외수도권,수도권,1,0,1,0,0,1,0,1,0,0,0,0,0,0,0,달콤한커피류,카페라떼,에스프레소,0,,,,,,,,,,,,,,,,,,,,0,,,,,,,,,,,,,,,,,,,,1,1.0,1.0,1.0,0.0,1.0,1.0,0.0,0.0,0.0,0.0,0.0,0.0,0.0,0.0,0.0,0.0,0.0,0.0,0.0,0,,,,,,,,,,,,,,,,,,,,0,,,,,,,,,,,,,,,,,,,,0,,,,,,,,,,,,,,,,,,,
R0953,여,51,50대,50~54,직장인,사무/기술직,인천,서울외수도권,수도권,0,1,0,0,0,0,0,0,0,0,1,0,1,0,1,달콤한티,주스에이드,아메리카노,0,,,,,,,,,,,,,,,,,,,,1,1.0,0.0,0.0,1.0,0.0,0.0,0.0,0.0,0.0,0.0,0.0,0.0,0.0,0.0,0.0,0.0,1.0,1.0,0.0,1,1.0,1.0,0.0,0.0,0.0,0.0,0.0,1.0,0.0,0.0,0.0,0.0,0.0,0.0,0.0,0.0,0.0,0.0,0.0,1,1.0,0.0,0.0,0.0,0.0,1.0,0.0,0.0,0.0,0.0,1.0,0.0,0.0,0.0,0.0,0.0,0.0,0.0,0.0,0,,,,,,,,,,,,,,,,,,,,1,1.0,1.0,0.0,0.0,0.0,0.0,1.0,1.0,0.0,1.0,0.0,1.0,1.0,0.0,0.0,0.0,0.0,0.0,0.0
R0954,여,50,50대,50~54,기타직업,기타,충북,기타지역,비수도권,0,1,1,0,1,0,0,0,0,0,0,0,0,0,0,아메리카노,카페라떼,콜드브루,1,1.0,1.0,0.0,0.0,0.0,1.0,1.0,0.0,1.0,0.0,0.0,0.0,0.0,0.0,0.0,0.0,0.0,0.0,0.0,1,1.0,1.0,0.0,0.0,0.0,0.0,0.0,0.0,0.0,0.0,0.0,1.0,0.0,0.0,0.0,0.0,0.0,0.0,0.0,0,,,,,,,,,,,,,,,,,,,,1,1.0,1.0,0.0,0.0,0.0,0.0,1.0,0.0,0.0,1.0,1.0,0.0,0.0,0.0,0.0,0.0,0.0,1.0,0.0,0,,,,,,,,,,,,,,,,,,,,1,1.0,0.0,1.0,0.0,1.0,1.0,1.0,0.0,0.0,0.0,0.0,0.0,0.0,0.0,0.0,0.0,0.0,0.0,0.0
R0955,여,47,40대,45~49,기타직업,자영업,경북,기타지역,비수도권,0,0,1,0,0,0,0,0,0,0,0,0,0,0,0,카페라떼,,,0,,,,,,,,,,,,,,,,,,,,0,,,,,,,,,,,,,,,,,,,,0,,,,,,,,,,,,,,,,,,,,0,,,,,,,,,,,,,,,,,,,,1,1.0,1.0,1.0,0.0,0.0,0.0,0.0,0.0,0.0,0.0,1.0,0.0,0.0,0.0,0.0,0.0,0.0,0.0,0.0,0,,,,,,,,,,,,,,,,,,,
R0956,여,47,40대,45~49,대학(원)생,대학생,전북,기타지역,비수도권,0,0,1,0,0,0,0,0,0,0,0,0,0,1,0,카페라떼,스무디쉐이크,,1,1.0,1.0,0.0,1.0,0.0,0.0,1.0,0.0,0.0,0.0,1.0,1.0,0.0,0.0,0.0,0.0,0.0,0.0,0.0,0,,,,,,,,,,,,,,,,,,,,0,,,,,,,,,,,,,,,,,,,,0,,,,,,,,,,,,,,,,,,,,0,,,,,,,,,,,,,,,,,,,,1,1.0,1.0,0.0,0.0,0.0,1.0,1.0,0.0,1.0,0.0,0.0,0.0,0.0,0.0,0.0,0.0,0.0,0.0,0.0
R0957,여,25,20대,25~29,전업주부,전업주부,경기,서울외수도권,수도권,0,1,0,0,0,1,1,0,0,0,1,1,1,0,0,얼음갈린티,아메리카노,과일티에이드,0,,,,,,,,,,,,,,,,,,,,0,,,,,,,,,,,,,,,,,,,,0,,,,,,,,,,,,,,,,,,,,1,1.0,0.0,0.0,1.0,0.0,0.0,0.0,0.0,0.0,1.0,0.0,0.0,0.0,0.0,0.0,0.0,1.0,0.0,0.0,0,,,,,,,,,,,,,,,,,,,,0,,,,,,,,,,,,,,,,,,,
R0958,여,42,40대,40~44,직장인,사무/기술직,대구,5대광역시,비수도권,0,0,1,0,0,0,0,0,0,0,0,1,0,1,0,카페라떼,과일티에이드,스무디쉐이크,0,,,,,,,,,,,,,,,,,,,,0,,,,,,,,,,,,,,,,,,,,0,,,,,,,,,,,,,,,,,,,,0,,,,,,,,,,,,,,,,,,,,0,,,,,,,,,,,,,,,,,,,,1,1.0,0.0,0.0,0.0,0.0,1.0,1.0,0.0,0.0,1.0,0.0,0.0,0.0,0.0,0.0,0.0,0.0,0.0,0.0
R0959,남,24,20대,20~24,직장인,자유/전문직,경기,서울외수도권,수도권,0,1,0,0,0,0,0,0,0,1,0,0,1,0,0,아메리카노,얼음갈린티,기본티,0,,,,,,,,,,,,,,,,,,,,0,,,,,,,,,,,,,,,,,,,,0,,,,,,,,,,,,,,,,,,,,0,,,,,,,,,,,,,,,,,,,,0,,,,,,,,,,,,,,,,,,,,0,,,,,,,,,,,,,,,,,,,
R0960,여,53,50대,50~54,대학(원)생,대학생,충북,기타지역,비수도권,0,1,1,0,0,0,0,1,0,1,0,0,0,1,1,아메리카노,달콤한커피류,주스에이드,0,,,,,,,,,,,,,,,,,,,,0,,,,,,,,,,,,,,,,,,,,0,,,,,,,,,,,,,,,,,,,,0,,,,,,,,,,,,,,,,,,,,0,,,,,,,,,,,,,,,,,,,,1,1.0,1.0,0.0,0.0,0.0,0.0,0.0,0.0,0.0,1.0,0.0,0.0,0.0,0.0,0.0,1.0,1.0,0.0,0.0
R0961,남,45,40대,45~49,직장인,자유/전문직,전북,기타지역,비수도권,0,0,0,0,0,0,0,1,0,0,0,1,0,0,1,달콤한커피류,주스에이드,과일티에이드,1,1.0,0.0,0.0,0.0,0.0,1.0,1.0,0.0,1.0,1.0,0.0,0.0,0.0,0.0,0.0,0.0,0.0,0.0,0.0,0,,,,,,,,,,,,,,,,,,,,1,1.0,1.0,0.0,1.0,0.0,0.0,0.0,0.0,1.0,0.0,0.0,0.0,0.0,0.0,0.0,0.0,0.0,0.0,0.0,1,1.0,0.0,0.0,0.0,0.0,1.0,0.0,0.0,0.0,1.0,0.0,1.0,0.0,0.0,0.0,0.0,0.0,0.0,0.0,0,,,,,,,,,,,,,,,,,,,,0,,,,,,,,,,,,,,,,,,,
R0962,남,59,50대,55~59,직장인,자유/전문직,대전,5대광역시,비수도권,0,0,0,0,0,0,0,0,0,0,0,0,0,0,0,,,,0,,,,,,,,,,,,,,,,,,,,0,,,,,,,,,,,,,,,,,,,,0,,,,,,,,,,,,,,,,,,,,0,,,,,,,,,,,,,,,,,,,,0,,,,,,,,,,,,,,,,,,,,1,1.0,0.0,0.0,0.0,0.0,0.0,0.0,0.0,0.0,0.0,0.0,0.0,0.0,0.0,0.0,0.0,0.0,0.0,0.0
R0963,남,52,50대,50~54,대학(원)생,대학생,경기,서울외수도권,수도권,0,1,0,0,0,0,0,1,0,0,0,0,0,1,0,스무디쉐이크,달콤한커피류,아메리카노,1,1.0,1.0,0.0,0.0,0.0,0.0,0.0,0.0,0.0,0.0,0.0,0.0,0.0,0.0,0.0,0.0,0.0,0.0,1.0,0,,,,,,,,,,,,,,,,,,,,0,,,,,,,,,,,,,,,,,,,,1,1.0,1.0,1.0,0.0,0.0,1.0,1.0,1.0,0.0,0.0,0.0,0.0,0.0,0.0,0.0,0.0,0.0,0.0,0.0,0,,,,,,,,,,,,,,,,,,,,1,1.0,1.0,1.0,0.0,0.0,1.0,0.0,0.0,0.0,0.0,0.0,0.0,0.0,0.0,0.0,0.0,0.0,0.0,0.0
R0964,남,49,40대,45~49,전업주부,전업주부,충남,기타지역,비수도권,0,1,0,0,0,1,0,0,0,0,0,1,0,1,1,아메리카노,주스에이드,과일티에이드,0,,,,,,,,,,,,,,,,,,,,0,,,,,,,,,,,,,,,,,,,,1,1.0,1.0,0.0,0.0,0.0,1.0,0.0,0.0,0.0,1.0,0.0,0.0,0.0,0.0,0.0,0.0,0.0,0.0,0.0,0,,,,,,,,,,,,,,,,,,,,0,,,,,,,,,,,,,,,,,,,,0,,,,,,,,,,,,,,,,,,,
R0965,여,41,40대,40~44,전업주부,전업주부,광주,5대광역시,비수도권,0,1,0,0,0,0,0,1,1,0,0,0,0,1,1,주스에이드,달콤한커피류,스무디쉐이크,0,,,,,,,,,,,,,,,,,,,,0,,,,,,,,,,,,,,,,,,,,1,1.0,0.0,0.0,0.0,1.0,1.0,1.0,0.0,0.0,0.0,0.0,0.0,0.0,0.0,0.0,0.0,1.0,0.0,0.0,1,1.0,1.0,0.0,0.0,0.0,1.0,0.0,0.0,0.0,0.0,0.0,0.0,0.0,0.0,0.0,0.0,0.0,0.0,0.0,1,1.0,1.0,1.0,0.0,0.0,0.0,0.0,0.0,0.0,1.0,0.0,0.0,0.0,0.0,0.0,0.0,0.0,0.0,0.0,1,1.0,1.0,0.0,0.0,0.0,1.0,1.0,0.0,0.0,0.0,0.0,0.0,0.0,0.0,0.0,0.0,0.0,0.0,0.0
R0966,여,21,20대,20~24,직장인,판매/영업 서비스직,서울,서울,수도권,0,1,0,0,0,0,0,0,0,0,1,1,0,0,1,과일티에이드,주스에이드,아메리카노,1,1.0,0.0,0.0,0.0,0.0,0.0,0.0,0.0,0.0,0.0,0.0,0.0,0.0,0.0,0.0,0.0,0.0,0.0,0.0,0,,,,,,,,,,,,,,,,,,,,0,,,,,,,,,,,,,,,,,,,,1,1.0,1.0,0.0,0.0,0.0,0.0,0.0,0.0,0.0,0.0,0.0,0.0,0.0,0.0,0.0,1.0,1.0,0.0,0.0,1,1.0,0.0,1.0,1.0,0.0,0.0,0.0,0.0,0.0,1.0,0.0,0.0,0.0,0.0,0.0,0.0,1.0,0.0,0.0,0,,,,,,,,,,,,,,,,,,,
R0967,남,22,20대,20~24,직장인,기능/작업직,대구,5대광역시,비수도권,0,1,0,0,0,0,0,0,0,0,0,0,0,1,0,아메리카노,스무디쉐이크,,0,,,,,,,,,,,,,,,,,,,,0,,,,,,,,,,,,,,,,,,,,0,,,,,,,,,,,,,,,,,,,,1,1.0,0.0,0.0,1.0,0.0,0.0,0.0,0.0,0.0,0.0,0.0,0.0,0.0,0.0,0.0,1.0,0.0,0.0,0.0,0,,,,,,,,,,,,,,,,,,,,1,1.0,0.0,0.0,1.0,0.0,0.0,1.0,0.0,0.0,0.0,0.0,1.0,0.0,0.0,0.0,0.0,1.0,0.0,0.0
R0968,남,30,30대,30~34,직장인,사무/기술직,경기,서울외수도권,수도권,0,0,1,0,0,0,0,1,0,0,0,0,0,0,0,카페라떼,달콤한커피류,,0,,,,,,,,,,,,,,,,,,,,0,,,,,,,,,,,,,,,,,,,,1,1.0,1.0,1.0,0.0,1.0,0.0,0.0,0.0,0.0,1.0,0.0,0.0,0.0,0.0,0.0,0.0,0.0,0.0,0.0,1,1.0,1.0,0.0,0.0,0.0,0.0,0.0,0.0,0.0,0.0,0.0,0.0,0.0,0.0,0.0,0.0,0.0,0.0,0.0,0,,,,,,,,,,,,,,,,,,,,1,1.0,1.0,0.0,0.0,0.0,1.0,0.0,0.0,0.0,0.0,0.0,0.0,0.0,0.0,0.0,0.0,0.0,0.0,0.0
R0969,남,48,40대,45~49,기타직업,기타,대전,5대광역시,비수도권,0,0,0,0,0,0,0,0,0,0,0,0,0,1,0,스무디쉐이크,,,0,,,,,,,,,,,,,,,,,,,,0,,,,,,,,,,,,,,,,,,,,1,1.0,0.0,0.0,0.0,0.0,1.0,0.0,0.0,0.0,1.0,0.0,0.0,0.0,0.0,0.0,0.0,0.0,0.0,0.0,1,1.0,0.0,0.0,0.0,0.0,0.0,0.0,0.0,0.0,0.0,0.0,0.0,0.0,0.0,0.0,0.0,0.0,0.0,0.0,0,,,,,,,,,,,,,,,,,,,,1,1.0,1.0,0.0,0.0,0.0,0.0,0.0,0.0,0.0,0.0,0.0,0.0,0.0,0.0,0.0,0.0,0.0,0.0,0.0
R0970,여,43,40대,40~44,직장인,자유/전문직,인천,서울외수도권,수도권,0,0,1,1,0,0,0,1,0,1,0,1,1,0,0,카페라떼,얼음갈린티,달콤한커피류,0,,,,,,,,,,,,,,,,,,,,0,,,,,,,,,,,,,,,,,,,,1,1.0,1.0,0.0,0.0,0.0,0.0,0.0,0.0,0.0,0.0,0.0,0.0,0.0,0.0,1.0,0.0,0.0,0.0,0.0,1,1.0,0.0,0.0,0.0,0.0,1.0,1.0,1.0,0.0,1.0,1.0,0.0,0.0,0.0,0.0,0.0,0.0,0.0,0.0,0,,,,,,,,,,,,,,,,,,,,0,,,,,,,,,,,,,,,,,,,
R0971,남,50,50대,50~54,직장인,사무/기술직,서울,서울,수도권,0,1,1,0,0,0,0,0,0,0,0,1,0,0,0,과일티에이드,아메리카노,카페라떼,0,,,,,,,,,,,,,,,,,,,,0,,,,,,,,,,,,,,,,,,,,1,1.0,0.0,0.0,1.0,0.0,0.0,0.0,0.0,0.0,0.0,0.0,1.0,0.0,0.0,0.0,0.0,0.0,0.0,0.0,1,1.0,0.0,0.0,1.0,1.0,0.0,1.0,0.0,0.0,0.0,1.0,0.0,0.0,0.0,0.0,0.0,0.0,0.0,0.0,0,,,,,,,,,,,,,,,,,,,,0,,,,,,,,,,,,,,,,,,,
R0972,남,37,30대,35~39,기타직업,기타,대전,5대광역시,비수도권,0,1,1,0,0,0,0,1,0,0,0,0,0,0,0,아메리카노,달콤한커피류,카페라떼,0,,,,,,,,,,,,,,,,,,,,1,1.0,1.0,0.0,0.0,0.0,0.0,1.0,0.0,0.0,0.0,0.0,0.0,0.0,0.0,0.0,0.0,0.0,0.0,0.0,0,,,,,,,,,,,,,,,,,,,,0,,,,,,,,,,,,,,,,,,,,1,1.0,0.0,0.0,0.0,0.0,0.0,0.0,0.0,0.0,1.0,0.0,0.0,0.0,0.0,0.0,0.0,0.0,0.0,0.0,0,,,,,,,,,,,,,,,,,,,
R0973,남,58,50대,55~59,직장인,사무/기술직,부산,5대광역시,비수도권,0,0,1,0,0,0,0,1,0,1,0,0,0,1,0,달콤한커피류,스무디쉐이크,카페라떼,0,,,,,,,,,,,,,,,,,,,,1,1.0,1.0,0.0,1.0,0.0,0.0,0.0,0.0,0.0,1.0,0.0,1.0,0.0,0.0,0.0,0.0,0.0,0.0,0.0,0,,,,,,,,,,,,,,,,,,,,0,,,,,,,,,,,,,,,,,,,,1,1.0,0.0,0.0,0.0,0.0,1.0,0.0,0.0,0.0,1.0,0.0,1.0,0.0,0.0,0.0,0.0,0.0,0.0,0.0,0,,,,,,,,,,,,,,,,,,,
R0974,여,30,30대,30~34,기타직업,기능/작업직,강원,기타지역,비수도권,0,1,0,0,0,0,0,0,0,0,0,0,0,0,1,아메리카노,주스에이드,,0,,,,,,,,,,,,,,,,,,,,0,,,,,,,,,,,,,,,,,,,,0,,,,,,,,,,,,,,,,,,,,0,,,,,,,,,,,,,,,,,,,,0,,,,,,,,,,,,,,,,,,,,1,1.0,1.0,0.0,0.0,0.0,1.0,0.0,0.0,0.0,0.0,0.0,0.0,0.0,0.0,0.0,0.0,0.0,0.0,0.0
R0975,남,49,40대,45~49,직장인,사무/기술직,경남,기타지역,비수도권,0,1,1,0,0,0,0,1,0,0,0,0,0,1,0,아메리카노,카페라떼,스무디쉐이크,0,,,,,,,,,,,,,,,,,,,,0,,,,,,,,,,,,,,,,,,,,1,1.0,0.0,0.0,0.0,0.0,0.0,0.0,0.0,1.0,0.0,0.0,0.0,0.0,0.0,0.0,1.0,0.0,0.0,0.0,0,,,,,,,,,,,,,,,,,,,,0,,,,,,,,,,,,,,,,,,,,0,,,,,,,,,,,,,,,,,,,
R0976,여,26,20대,25~29,직장인,자영업,대구,5대광역시,비수도권,0,1,1,0,0,0,1,1,0,0,0,1,0,0,1,달콤한커피류,카페라떼,아메리카노,1,1.0,1.0,0.0,0.0,1.0,1.0,1.0,0.0,0.0,0.0,0.0,0.0,0.0,0.0,0.0,0.0,0.0,0.0,0.0,0,,,,,,,,,,,,,,,,,,,,0,,,,,,,,,,,,,,,,,,,,0,,,,,,,,,,,,,,,,,,,,0,,,,,,,,,,,,,,,,,,,,0,,,,,,,,,,,,,,,,,,,
R0977,여,49,40대,45~49,직장인,사무/기술직,광주,5대광역시,비수도권,0,1,0,0,0,1,0,0,0,1,0,1,0,0,0,아메리카노,과일티에이드,기본티,0,,,,,,,,,,,,,,,,,,,,0,,,,,,,,,,,,,,,,,,,,0,,,,,,,,,,,,,,,,,,,,1,1.0,0.0,0.0,0.0,0.0,1.0,0.0,0.0,0.0,0.0,0.0,0.0,0.0,0.0,0.0,0.0,0.0,0.0,0.0,0,,,,,,,,,,,,,,,,,,,,0,,,,,,,,,,,,,,,,,,,
R0978,여,56,50대,55~59,기타직업,판매/영업 서비스직,경기,서울외수도권,수도권,0,1,1,0,0,0,0,0,0,0,0,0,0,1,0,아메리카노,카페라떼,스무디쉐이크,1,1.0,1.0,0.0,0.0,0.0,1.0,1.0,1.0,0.0,0.0,0.0,0.0,0.0,0.0,0.0,0.0,0.0,0.0,0.0,0,,,,,,,,,,,,,,,,,,,,0,,,,,,,,,,,,,,,,,,,,0,,,,,,,,,,,,,,,,,,,,0,,,,,,,,,,,,,,,,,,,,0,,,,,,,,,,,,,,,,,,,
R0979,여,55,50대,55~59,기타직업,경영/관리직,서울,서울,수도권,0,0,0,0,1,0,0,1,1,1,0,1,0,1,0,과일티에이드,스무디쉐이크,달콤한커피류,0,,,,,,,,,,,,,,,,,,,,1,1.0,1.0,1.0,0.0,0.0,1.0,0.0,0.0,0.0,0.0,0.0,1.0,0.0,0.0,0.0,0.0,0.0,0.0,0.0,0,,,,,,,,,,,,,,,,,,,,1,1.0,1.0,0.0,0.0,0.0,1.0,1.0,0.0,0.0,1.0,0.0,0.0,0.0,0.0,0.0,0.0,0.0,0.0,0.0,0,,,,,,,,,,,,,,,,,,,,0,,,,,,,,,,,,,,,,,,,
R0980,남,40,40대,40~44,직장인,자유/전문직,전북,기타지역,비수도권,0,1,1,0,0,0,0,1,0,0,0,0,0,0,0,카페라떼,아메리카노,달콤한커피류,0,,,,,,,,,,,,,,,,,,,,0,,,,,,,,,,,,,,,,,,,,0,,,,,,,,,,,,,,,,,,,,1,1.0,1.0,0.0,0.0,0.0,0.0,0.0,0.0,0.0,1.0,0.0,0.0,0.0,0.0,0.0,0.0,1.0,0.0,0.0,0,,,,,,,,,,,,,,,,,,,,0,,,,,,,,,,,,,,,,,,,
R0981,남,32,30대,30~34,직장인,사무/기술직,경기,서울외수도권,수도권,0,1,1,0,0,0,0,0,0,0,0,0,0,0,0,아메리카노,카페라떼,,1,1.0,0.0,0.0,1.0,0.0,0.0,1.0,0.0,0.0,0.0,0.0,0.0,0.0,0.0,0.0,0.0,0.0,0.0,0.0,1,1.0,1.0,0.0,0.0,0.0,0.0,1.0,0.0,0.0,1.0,0.0,0.0,0.0,0.0,0.0,0.0,0.0,0.0,0.0,0,,,,,,,,,,,,,,,,,,,,0,,,,,,,,,,,,,,,,,,,,0,,,,,,,,,,,,,,,,,,,,0,,,,,,,,,,,,,,,,,,,
R0982,남,56,50대,55~59,직장인,사무/기술직,경기,서울외수도권,수도권,0,0,0,0,0,0,0,0,0,0,0,0,0,0,0,,,,1,1.0,1.0,0.0,0.0,0.0,0.0,1.0,1.0,0.0,0.0,0.0,0.0,0.0,0.0,0.0,0.0,1.0,0.0,0.0,0,,,,,,,,,,,,,,,,,,,,0,,,,,,,,,,,,,,,,,,,,0,,,,,,,,,,,,,,,,,,,,0,,,,,,,,,,,,,,,,,,,,1,1.0,1.0,0.0,0.0,1.0,1.0,1.0,0.0,0.0,0.0,0.0,0.0,0.0,0.0,0.0,0.0,0.0,0.0,0.0
R0983,남,39,30대,35~39,대학(원)생,대학생,서울,서울,수도권,0,1,0,0,1,0,0,0,0,0,0,0,0,1,0,아메리카노,콜드브루,스무디쉐이크,0,,,,,,,,,,,,,,,,,,,,0,,,,,,,,,,,,,,,,,,,,0,,,,,,,,,,,,,,,,,,,,1,1.0,1.0,0.0,0.0,0.0,0.0,0.0,0.0,0.0,0.0,0.0,0.0,0.0,0.0,0.0,0.0,1.0,0.0,0.0,0,,,,,,,,,,,,,,,,,,,,0,,,,,,,,,,,,,,,,,,,
R0984,여,27,20대,25~29,전업주부,전업주부,울산,5대광역시,비수도권,0,1,1,1,0,0,0,1,0,0,0,0,0,0,1,아메리카노,주스에이드,달콤한커피류,1,1.0,1.0,0.0,0.0,0.0,0.0,0.0,0.0,0.0,0.0,0.0,0.0,0.0,0.0,0.0,1.0,0.0,0.0,0.0,0,,,,,,,,,,,,,,,,,,,,1,1.0,1.0,1.0,0.0,0.0,1.0,0.0,0.0,0.0,0.0,0.0,1.0,0.0,0.0,0.0,0.0,0.0,0.0,0.0,1,1.0,1.0,0.0,0.0,1.0,0.0,0.0,0.0,1.0,0.0,0.0,0.0,0.0,0.0,1.0,0.0,1.0,0.0,0.0,0,,,,,,,,,,,,,,,,,,,,0,,,,,,,,,,,,,,,,,,,
R0985,남,32,30대,30~34,직장인,자유/전문직,경기,서울외수도권,수도권,0,1,0,0,1,0,0,0,0,0,0,0,0,0,0,아메리카노,콜드브루,,0,,,,,,,,,,,,,,,,,,,,0,,,,,,,,,,,,,,,,,,,,0,,,,,,,,,,,,,,,,,,,,0,,,,,,,,,,,,,,,,,,,,0,,,,,,,,,,,,,,,,,,,,1,1.0,1.0,0.0,0.0,0.0,1.0,0.0,1.0,0.0,1.0,0.0,1.0,0.0,0.0,0.0,0.0,0.0,0.0,0.0
R0986,남,48,40대,45~49,기타직업,자영업,경북,기타지역,비수도권,0,1,0,0,0,0,0,0,0,1,1,0,0,1,0,아메리카노,스무디쉐이크,기본티,0,,,,,,,,,,,,,,,,,,,,1,1.0,0.0,0.0,0.0,0.0,0.0,0.0,0.0,0.0,1.0,0.0,0.0,0.0,0.0,0.0,0.0,0.0,0.0,0.0,1,1.0,1.0,1.0,0.0,0.0,1.0,0.0,0.0,0.0,0.0,0.0,1.0,0.0,0.0,0.0,0.0,0.0,0.0,0.0,0,,,,,,,,,,,,,,,,,,,,0,,,,,,,,,,,,,,,,,,,,1,1.0,1.0,0.0,0.0,1.0,0.0,1.0,0.0,0.0,0.0,0.0,0.0,0.0,0.0,0.0,0.0,0.0,0.0,0.0
R0987,남,44,40대,40~44,직장인,판매/영업 서비스직,경남,기타지역,비수도권,0,1,1,0,0,0,0,0,1,0,0,0,0,0,0,아메리카노,카페라떼,얼음갈린커피,1,1.0,0.0,0.0,0.0,1.0,0.0,0.0,0.0,1.0,0.0,0.0,0.0,0.0,0.0,0.0,0.0,0.0,0.0,0.0,0,,,,,,,,,,,,,,,,,,,,1,1.0,1.0,0.0,1.0,0.0,1.0,0.0,0.0,0.0,0.0,0.0,0.0,0.0,0.0,0.0,0.0,0.0,0.0,0.0,1,1.0,1.0,0.0,0.0,0.0,0.0,0.0,1.0,0.0,0.0,0.0,0.0,0.0,0.0,0.0,1.0,0.0,0.0,0.0,0,,,,,,,,,,,,,,,,,,,,0,,,,,,,,,,,,,,,,,,,
R0988,여,34,30대,30~34,직장인,사무/기술직,강원,기타지역,비수도권,0,0,0,0,0,1,0,0,0,0,1,0,0,1,0,달콤한티,스무디쉐이크,콜드브루라떼,1,1.0,1.0,0.0,0.0,0.0,0.0,0.0,0.0,0.0,0.0,0.0,0.0,0.0,0.0,1.0,0.0,0.0,0.0,0.0,1,1.0,1.0,0.0,1.0,0.0,1.0,0.0,0.0,0.0,0.0,0.0,0.0,0.0,0.0,0.0,0.0,1.0,0.0,0.0,0,,,,,,,,,,,,,,,,,,,,0,,,,,,,,,,,,,,,,,,,,0,,,,,,,,,,,,,,,,,,,,0,,,,,,,,,,,,,,,,,,,
R0989,여,33,30대,30~34,직장인,자유/전문직,경기,서울외수도권,수도권,0,1,0,0,0,0,1,1,0,0,0,0,0,0,0,아메리카노,달콤한커피류,드립핸드드립,1,1.0,1.0,1.0,0.0,0.0,0.0,0.0,0.0,0.0,0.0,1.0,0.0,0.0,0.0,0.0,0.0,0.0,0.0,0.0,0,,,,,,,,,,,,,,,,,,,,1,1.0,1.0,0.0,0.0,0.0,0.0,0.0,0.0,0.0,0.0,0.0,0.0,0.0,0.0,0.0,0.0,0.0,0.0,0.0,1,1.0,1.0,0.0,0.0,0.0,0.0,0.0,0.0,0.0,0.0,0.0,0.0,0.0,0.0,0.0,0.0,0.0,0.0,0.0,0,,,,,,,,,,,,,,,,,,,,0,,,,,,,,,,,,,,,,,,,
R0990,남,34,30대,30~34,직장인,사무/기술직,서울,서울,수도권,1,1,1,1,0,0,0,1,0,0,0,0,0,0,0,달콤한커피류,아메리카노,카페라떼,0,,,,,,,,,,,,,,,,,,,,1,1.0,1.0,0.0,0.0,0.0,0.0,0.0,0.0,0.0,0.0,1.0,0.0,0.0,0.0,0.0,0.0,0.0,0.0,0.0,0,,,,,,,,,,,,,,,,,,,,1,1.0,1.0,1.0,1.0,0.0,0.0,0.0,0.0,0.0,1.0,0.0,0.0,0.0,0.0,0.0,0.0,0.0,1.0,0.0,1,1.0,1.0,0.0,0.0,0.0,0.0,0.0,0.0,0.0,1.0,0.0,0.0,0.0,0.0,0.0,0.0,1.0,0.0,0.0,1,1.0,1.0,0.0,0.0,0.0,1.0,1.0,0.0,0.0,0.0,0.0,0.0,0.0,1.0,0.0,0.0,0.0,0.0,0.0
R0991,남,57,50대,55~59,직장인,사무/기술직,경기,서울외수도권,수도권,0,1,1,0,0,0,0,1,0,1,0,0,0,0,0,아메리카노,카페라떼,달콤한커피류,0,,,,,,,,,,,,,,,,,,,,0,,,,,,,,,,,,,,,,,,,,1,1.0,0.0,0.0,0.0,1.0,1.0,0.0,0.0,0.0,0.0,0.0,0.0,0.0,0.0,0.0,0.0,0.0,0.0,0.0,0,,,,,,,,,,,,,,,,,,,,0,,,,,,,,,,,,,,,,,,,,1,1.0,1.0,0.0,0.0,1.0,1.0,0.0,0.0,0.0,0.0,0.0,0.0,0.0,0.0,0.0,0.0,0.0,0.0,0.0
R0992,여,22,20대,20~24,직장인,사무/기술직,경기,서울외수도권,수도권,0,0,0,0,0,0,0,1,0,0,1,0,0,1,0,스무디쉐이크,달콤한티,달콤한커피류,0,,,,,,,,,,,,,,,,,,,,0,,,,,,,,,,,,,,,,,,,,1,1.0,1.0,1.0,1.0,0.0,0.0,1.0,0.0,0.0,0.0,0.0,0.0,0.0,0.0,1.0,0.0,0.0,0.0,0.0,0,,,,,,,,,,,,,,,,,,,,0,,,,,,,,,,,,,,,,,,,,1,1.0,0.0,0.0,0.0,0.0,0.0,0.0,1.0,0.0,0.0,0.0,0.0,0.0,0.0,0.0,0.0,0.0,0.0,0.0
R0993,여,43,40대,40~44,직장인,사무/기술직,대전,5대광역시,비수도권,0,1,0,0,0,0,0,1,0,0,0,0,1,0,0,달콤한커피류,아메리카노,얼음갈린티,1,1.0,1.0,0.0,0.0,0.0,1.0,0.0,0.0,0.0,0.0,0.0,0.0,1.0,0.0,1.0,0.0,0.0,0.0,0.0,1,1.0,0.0,0.0,0.0,0.0,1.0,0.0,0.0,0.0,0.0,0.0,0.0,0.0,0.0,0.0,0.0,0.0,0.0,0.0,0,,,,,,,,,,,,,,,,,,,,1,1.0,1.0,0.0,0.0,0.0,1.0,0.0,0.0,0.0,0.0,1.0,0.0,0.0,0.0,0.0,0.0,0.0,0.0,0.0,1,1.0,1.0,0.0,0.0,0.0,0.0,0.0,0.0,0.0,1.0,0.0,0.0,0.0,0.0,0.0,0.0,0.0,0.0,0.0,0,,,,,,,,,,,,,,,,,,,
R0994,남,51,50대,50~54,직장인,사무/기술직,서울,서울,수도권,0,0,0,0,1,0,0,1,0,0,0,1,0,1,0,과일티에이드,달콤한커피류,스무디쉐이크,0,,,,,,,,,,,,,,,,,,,,0,,,,,,,,,,,,,,,,,,,,1,1.0,0.0,0.0,0.0,1.0,0.0,0.0,0.0,0.0,0.0,0.0,0.0,0.0,0.0,0.0,0.0,0.0,0.0,0.0,1,1.0,1.0,1.0,0.0,0.0,0.0,0.0,0.0,0.0,0.0,0.0,0.0,0.0,0.0,0.0,0.0,0.0,0.0,0.0,1,1.0,1.0,0.0,0.0,0.0,0.0,0.0,0.0,0.0,0.0,0.0,0.0,0.0,0.0,0.0,0.0,0.0,0.0,0.0,0,,,,,,,,,,,,,,,,,,,
R0995,남,45,40대,45~49,직장인,경영/관리직,충북,기타지역,비수도권,0,0,0,0,0,0,0,0,0,0,1,1,0,0,0,달콤한티,과일티에이드,,1,1.0,1.0,0.0,1.0,1.0,0.0,0.0,0.0,0.0,0.0,0.0,0.0,0.0,0.0,0.0,0.0,0.0,0.0,0.0,1,1.0,0.0,0.0,0.0,0.0,0.0,1.0,0.0,0.0,0.0,1.0,1.0,0.0,0.0,0.0,0.0,0.0,0.0,0.0,0,,,,,,,,,,,,,,,,,,,,0,,,,,,,,,,,,,,,,,,,,0,,,,,,,,,,,,,,,,,,,,0,,,,,,,,,,,,,,,,,,,
R0996,남,31,30대,30~34,기타직업,기타,서울,서울,수도권,0,0,1,1,0,0,0,0,0,0,1,0,0,0,1,주스에이드,카페라떼,달콤한티,0,,,,,,,,,,,,,,,,,,,,1,1.0,1.0,0.0,0.0,0.0,0.0,0.0,0.0,0.0,0.0,0.0,0.0,0.0,0.0,0.0,0.0,0.0,0.0,0.0,0,,,,,,,,,,,,,,,,,,,,1,1.0,1.0,0.0,1.0,0.0,1.0,1.0,0.0,1.0,1.0,0.0,0.0,0.0,0.0,0.0,0.0,0.0,0.0,0.0,1,1.0,1.0,0.0,1.0,0.0,0.0,0.0,0.0,0.0,0.0,0.0,0.0,0.0,0.0,0.0,0.0,0.0,1.0,0.0,0,,,,,,,,,,,,,,,,,,,
R0997,남,51,50대,50~54,직장인,사무/기술직,경북,기타지역,비수도권,0,1,1,0,0,0,0,0,0,0,0,0,0,0,0,카페라떼,아메리카노,,1,1.0,1.0,0.0,0.0,0.0,0.0,1.0,0.0,0.0,0.0,1.0,1.0,0.0,0.0,0.0,1.0,0.0,0.0,0.0,1,1.0,0.0,0.0,0.0,1.0,0.0,0.0,0.0,0.0,0.0,0.0,0.0,0.0,0.0,0.0,0.0,0.0,0.0,0.0,0,,,,,,,,,,,,,,,,,,,,0,,,,,,,,,,,,,,,,,,,,0,,,,,,,,,,,,,,,,,,,,0,,,,,,,,,,,,,,,,,,,
R0998,남,28,20대,25~29,직장인,사무/기술직,경기,서울외수도권,수도권,0,0,0,0,0,0,0,0,0,0,0,0,0,0,0,,,,0,,,,,,,,,,,,,,,,,,,,0,,,,,,,,,,,,,,,,,,,,1,1.0,1.0,0.0,0.0,1.0,0.0,0.0,0.0,0.0,0.0,0.0,0.0,0.0,0.0,0.0,0.0,0.0,0.0,1.0,0,,,,,,,,,,,,,,,,,,,,0,,,,,,,,,,,,,,,,,,,,1,1.0,1.0,0.0,1.0,0.0,0.0,0.0,1.0,0.0,0.0,0.0,0.0,0.0,0.0,0.0,0.0,0.0,0.0,0.0
R0999,여,58,50대,55~59,직장인,사무/기술직,부산,5대광역시,비수도권,0,1,1,0,0,0,1,0,1,0,0,0,1,0,0,드립핸드드립,아메리카노,카페라떼,0,,,,,,,,,,,,,,,,,,,,0,,,,,,,,,,,,,,,,,,,,0,,,,,,,,,,,,,,,,,,,,0,,,,,,,,,,,,,,,,,,,,1,1.0,1.0,1.0,0.0,0.0,0.0,0.0,0.0,0.0,0.0,0.0,0.0,0.0,0.0,1.0,0.0,0.0,0.0,0.0,0,,,,,,,,,,,,,,,,,,,
R1000,여,44,40대,40~44,전업주부,전업주부,대구,5대광역시,비수도권,0,1,1,0,0,0,0,1,1,0,0,0,0,0,0,달콤한커피류,카페라떼,아메리카노,0,,,,,,,,,,,,,,,,,,,,1,1.0,1.0,0.0,0.0,0.0,0.0,0.0,0.0,1.0,0.0,0.0,0.0,0.0,0.0,0.0,0.0,0.0,0.0,0.0,1,1.0,0.0,0.0,0.0,0.0,0.0,0.0,0.0,0.0,0.0,0.0,0.0,0.0,0.0,1.0,0.0,0.0,0.0,0.0,1,1.0,1.0,0.0,0.0,0.0,0.0,0.0,0.0,0.0,0.0,0.0,0.0,0.0,0.0,0.0,0.0,0.0,0.0,0.0,0,,,,,,,,,,,,,,,,,,,,0,,,,,,,,,,,,,,,,,,,
R1001,여,50,50대,50~54,기타직업,판매/영업 서비스직,부산,5대광역시,비수도권,0,0,1,0,0,0,1,1,0,0,1,0,0,0,0,카페라떼,달콤한커피류,달콤한티,0,,,,,,,,,,,,,,,,,,,,0,,,,,,,,,,,,,,,,,,,,0,,,,,,,,,,,,,,,,,,,,0,,,,,,,,,,,,,,,,,,,,1,1.0,0.0,0.0,0.0,1.0,0.0,0.0,0.0,0.0,0.0,1.0,0.0,0.0,1.0,0.0,1.0,0.0,0.0,0.0,0,,,,,,,,,,,,,,,,,,,
R1002,남,53,50대,50~54,기타직업,기능/작업직,서울,서울,수도권,0,0,0,1,0,0,0,1,0,0,0,0,0,1,1,달콤한커피류,주스에이드,스무디쉐이크,1,1.0,1.0,0.0,0.0,1.0,0.0,0.0,0.0,0.0,0.0,0.0,0.0,0.0,0.0,0.0,0.0,0.0,0.0,0.0,1,1.0,0.0,0.0,0.0,0.0,1.0,0.0,0.0,0.0,0.0,0.0,0.0,0.0,0.0,0.0,0.0,1.0,1.0,0.0,0,,,,,,,,,,,,,,,,,,,,0,,,,,,,,,,,,,,,,,,,,1,1.0,0.0,1.0,0.0,0.0,0.0,0.0,0.0,0.0,0.0,0.0,0.0,0.0,0.0,0.0,0.0,0.0,0.0,0.0,0,,,,,,,,,,,,,,,,,,,
R1003,남,30,30대,30~34,직장인,판매/영업 서비스직,대전,5대광역시,비수도권,0,0,1,0,0,0,0,0,0,0,0,0,0,0,0,카페라떼,,,1,1.0,0.0,0.0,1.0,0.0,0.0,0.0,0.0,0.0,0.0,0.0,0.0,0.0,0.0,0.0,0.0,0.0,0.0,0.0,0,,,,,,,,,,,,,,,,,,,,1,1.0,0.0,0.0,0.0,0.0,0.0,0.0,0.0,0.0,0.0,0.0,0.0,0.0,0.0,0.0,0.0,0.0,0.0,0.0,0,,,,,,,,,,,,,,,,,,,,1,1.0,1.0,0.0,1.0,0.0,0.0,0.0,0.0,0.0,0.0,1.0,0.0,0.0,0.0,0.0,0.0,0.0,0.0,0.0,1,1.0,1.0,0.0,0.0,0.0,0.0,0.0,0.0,0.0,1.0,0.0,0.0,0.0,0.0,0.0,0.0,1.0,0.0,0.0
R1004,남,56,50대,55~59,청소년,고등학생,경북,기타지역,비수도권,0,1,0,0,0,0,0,0,0,0,0,1,1,0,0,과일티에이드,아메리카노,얼음갈린티,0,,,,,,,,,,,,,,,,,,,,1,1.0,1.0,0.0,0.0,0.0,0.0,1.0,0.0,0.0,0.0,0.0,0.0,1.0,0.0,0.0,0.0,0.0,0.0,0.0,0,,,,,,,,,,,,,,,,,,,,1,1.0,1.0,1.0,1.0,0.0,0.0,0.0,0.0,0.0,1.0,1.0,0.0,0.0,0.0,0.0,0.0,0.0,0.0,0.0,0,,,,,,,,,,,,,,,,,,,,0,,,,,,,,,,,,,,,,,,,
R1005,남,25,20대,25~29,대학(원)생,대학생,경기,서울외수도권,수도권,0,1,0,0,0,0,1,1,0,0,0,1,0,0,1,아메리카노,달콤한커피류,주스에이드,0,,,,,,,,,,,,,,,,,,,,0,,,,,,,,,,,,,,,,,,,,1,1.0,0.0,0.0,0.0,0.0,0.0,0.0,0.0,0.0,1.0,0.0,0.0,0.0,0.0,0.0,0.0,0.0,0.0,0.0,0,,,,,,,,,,,,,,,,,,,,1,1.0,1.0,0.0,0.0,1.0,0.0,0.0,0.0,0.0,0.0,1.0,0.0,0.0,0.0,0.0,0.0,0.0,0.0,0.0,0,,,,,,,,,,,,,,,,,,,
R1006,여,53,50대,50~54,전업주부,전업주부,서울,서울,수도권,0,0,1,0,1,0,1,0,0,1,0,0,1,0,1,얼음갈린티,카페라떼,기본티,1,1.0,1.0,0.0,0.0,0.0,0.0,0.0,0.0,0.0,1.0,0.0,0.0,0.0,0.0,0.0,0.0,1.0,0.0,1.0,0,,,,,,,,,,,,,,,,,,,,0,,,,,,,,,,,,,,,,,,,,1,1.0,0.0,0.0,0.0,0.0,1.0,0.0,0.0,0.0,0.0,0.0,0.0,0.0,0.0,0.0,0.0,0.0,0.0,0.0,1,1.0,1.0,0.0,0.0,0.0,1.0,1.0,0.0,0.0,0.0,0.0,0.0,0.0,0.0,0.0,0.0,0.0,0.0,0.0,0,,,,,,,,,,,,,,,,,,,
R1007,남,31,30대,30~34,직장인,경영/관리직,인천,서울외수도권,수도권,0,1,1,0,0,0,0,0,1,0,0,0,0,0,0,카페라떼,아메리카노,얼음갈린커피,1,1.0,0.0,1.0,0.0,0.0,0.0,0.0,0.0,0.0,0.0,0.0,0.0,0.0,0.0,0.0,0.0,0.0,0.0,0.0,1,1.0,1.0,0.0,1.0,0.0,0.0,0.0,0.0,0.0,1.0,0.0,0.0,0.0,0.0,0.0,0.0,0.0,1.0,0.0,0,,,,,,,,,,,,,,,,,,,,1,1.0,1.0,1.0,1.0,0.0,0.0,0.0,0.0,0.0,0.0,0.0,1.0,0.0,0.0,0.0,0.0,0.0,0.0,0.0,0,,,,,,,,,,,,,,,,,,,,1,1.0,1.0,0.0,0.0,0.0,0.0,0.0,0.0,0.0,0.0,0.0,0.0,0.0,0.0,0.0,1.0,0.0,0.0,0.0
R1008,여,42,40대,40~44,전업주부,전업주부,경기,서울외수도권,수도권,0,1,1,0,0,0,0,0,0,1,0,1,0,0,0,카페라떼,아메리카노,기본티,0,,,,,,,,,,,,,,,,,,,,0,,,,,,,,,,,,,,,,,,,,0,,,,,,,,,,,,,,,,,,,,1,1.0,1.0,0.0,0.0,0.0,1.0,0.0,0.0,1.0,1.0,0.0,0.0,0.0,0.0,0.0,0.0,0.0,0.0,0.0,1,1.0,0.0,0.0,1.0,0.0,1.0,0.0,0.0,0.0,0.0,0.0,0.0,0.0,0.0,0.0,0.0,0.0,0.0,0.0,0,,,,,,,,,,,,,,,,,,,
R1009,여,45,40대,45~49,기타직업,자영업,충남,기타지역,비수도권,0,1,0,0,0,0,1,0,0,0,0,0,0,0,1,아메리카노,주스에이드,드립핸드드립,0,,,,,,,,,,,,,,,,,,,,0,,,,,,,,,,,,,,,,,,,,1,1.0,0.0,1.0,0.0,0.0,0.0,0.0,0.0,0.0,0.0,0.0,1.0,0.0,0.0,0.0,1.0,0.0,0.0,0.0,0,,,,,,,,,,,,,,,,,,,,0,,,,,,,,,,,,,,,,,,,,0,,,,,,,,,,,,,,,,,,,
R1010,여,57,50대,55~59,기타직업,기타,서울,서울,수도권,0,0,1,0,0,0,0,0,0,0,1,1,0,0,0,카페라떼,과일티에이드,달콤한티,0,,,,,,,,,,,,,,,,,,,,1,1.0,1.0,0.0,1.0,1.0,1.0,0.0,0.0,0.0,0.0,0.0,1.0,0.0,0.0,0.0,0.0,0.0,1.0,0.0,0,,,,,,,,,,,,,,,,,,,,0,,,,,,,,,,,,,,,,,,,,0,,,,,,,,,,,,,,,,,,,,1,1.0,1.0,0.0,0.0,0.0,0.0,0.0,0.0,0.0,0.0,0.0,0.0,0.0,0.0,0.0,0.0,0.0,0.0,0.0
R1011,남,25,20대,25~29,직장인,기능/작업직,서울,서울,수도권,0,0,1,0,1,0,0,0,0,0,0,0,0,0,0,카페라떼,콜드브루,,1,1.0,0.0,1.0,0.0,0.0,0.0,0.0,0.0,0.0,0.0,0.0,0.0,0.0,0.0,0.0,0.0,1.0,0.0,0.0,1,1.0,1.0,0.0,0.0,0.0,1.0,1.0,0.0,0.0,0.0,1.0,0.0,0.0,0.0,0.0,0.0,0.0,0.0,0.0,0,,,,,,,,,,,,,,,,,,,,0,,,,,,,,,,,,,,,,,,,,0,,,,,,,,,,,,,,,,,,,,0,,,,,,,,,,,,,,,,,,,
R1012,여,46,40대,45~49,직장인,사무/기술직,부산,5대광역시,비수도권,0,1,0,1,0,0,0,1,0,0,1,1,0,0,0,아메리카노,달콤한티,과일티에이드,1,1.0,0.0,0.0,1.0,0.0,0.0,0.0,0.0,0.0,0.0,0.0,0.0,0.0,0.0,0.0,0.0,0.0,0.0,0.0,1,1.0,0.0,0.0,0.0,0.0,0.0,1.0,0.0,0.0,0.0,0.0,0.0,0.0,0.0,0.0,0.0,0.0,0.0,0.0,0,,,,,,,,,,,,,,,,,,,,1,1.0,1.0,0.0,0.0,0.0,0.0,0.0,0.0,0.0,0.0,0.0,0.0,0.0,0.0,0.0,0.0,1.0,0.0,0.0,0,,,,,,,,,,,,,,,,,,,,0,,,,,,,,,,,,,,,,,,,
R1013,남,52,50대,50~54,직장인,판매/영업 서비스직,서울,서울,수도권,0,1,0,0,1,0,0,0,0,0,0,0,0,0,0,아메리카노,콜드브루,,0,,,,,,,,,,,,,,,,,,,,0,,,,,,,,,,,,,,,,,,,,0,,,,,,,,,,,,,,,,,,,,0,,,,,,,,,,,,,,,,,,,,0,,,,,,,,,,,,,,,,,,,,0,,,,,,,,,,,,,,,,,,,
R1014,여,57,50대,55~59,직장인,사무/기술직,경기,서울외수도권,수도권,0,1,0,0,0,0,1,0,0,0,0,0,0,0,0,아메리카노,드립핸드드립,,0,,,,,,,,,,,,,,,,,,,,1,1.0,1.0,0.0,0.0,0.0,0.0,1.0,0.0,0.0,0.0,1.0,0.0,0.0,0.0,0.0,0.0,1.0,0.0,0.0,0,,,,,,,,,,,,,,,,,,,,0,,,,,,,,,,,,,,,,,,,,1,1.0,1.0,0.0,0.0,0.0,1.0,0.0,1.0,0.0,0.0,0.0,0.0,0.0,0.0,0.0,1.0,0.0,0.0,0.0,1,1.0,0.0,0.0,0.0,0.0,0.0,0.0,0.0,0.0,0.0,1.0,0.0,0.0,0.0,0.0,0.0,0.0,0.0,0.0
R1015,남,48,40대,45~49,대학(원)생,대학생,부산,5대광역시,비수도권,0,0,0,0,0,0,0,0,1,0,1,0,0,0,0,얼음갈린커피,달콤한티,,1,1.0,1.0,0.0,0.0,1.0,0.0,1.0,0.0,0.0,0.0,0.0,0.0,0.0,0.0,0.0,0.0,0.0,0.0,0.0,0,,,,,,,,,,,,,,,,,,,,1,1.0,1.0,0.0,0.0,0.0,1.0,0.0,0.0,0.0,0.0,0.0,0.0,0.0,0.0,0.0,0.0,1.0,1.0,0.0,1,1.0,1.0,0.0,0.0,0.0,0.0,1.0,0.0,0.0,0.0,0.0,0.0,0.0,0.0,0.0,0.0,0.0,0.0,0.0,0,,,,,,,,,,,,,,,,,,,,0,,,,,,,,,,,,,,,,,,,
R1016,남,48,40대,45~49,직장인,자유/전문직,서울,서울,수도권,0,1,0,0,0,1,0,0,0,0,0,0,0,0,1,아메리카노,주스에이드,콜드브루라떼,0,,,,,,,,,,,,,,,,,,,,1,1.0,1.0,0.0,0.0,1.0,0.0,1.0,0.0,0.0,0.0,0.0,0.0,0.0,0.0,0.0,0.0,0.0,0.0,0.0,1,1.0,1.0,0.0,0.0,0.0,1.0,0.0,0.0,0.0,1.0,0.0,0.0,0.0,0.0,0.0,0.0,0.0,0.0,0.0,0,,,,,,,,,,,,,,,,,,,,0,,,,,,,,,,,,,,,,,,,,1,1.0,1.0,0.0,0.0,0.0,0.0,0.0,0.0,0.0,0.0,0.0,0.0,1.0,0.0,0.0,0.0,0.0,0.0,0.0
R1017,여,48,40대,45~49,직장인,사무/기술직,전남,기타지역,비수도권,0,1,1,0,0,0,0,0,0,0,1,1,0,0,0,아메리카노,카페라떼,과일티에이드,1,1.0,1.0,0.0,0.0,0.0,1.0,0.0,0.0,0.0,1.0,0.0,0.0,0.0,0.0,0.0,0.0,0.0,0.0,0.0,0,,,,,,,,,,,,,,,,,,,,1,1.0,0.0,1.0,0.0,0.0,0.0,0.0,0.0,0.0,0.0,0.0,1.0,0.0,0.0,0.0,0.0,0.0,0.0,0.0,1,1.0,1.0,0.0,0.0,0.0,0.0,0.0,0.0,0.0,1.0,1.0,0.0,0.0,0.0,0.0,0.0,0.0,0.0,0.0,1,1.0,0.0,0.0,0.0,1.0,0.0,0.0,0.0,0.0,1.0,1.0,0.0,0.0,0.0,0.0,0.0,0.0,0.0,0.0,0,,,,,,,,,,,,,,,,,,,
R1018,여,30,30대,30~34,직장인,자영업,경북,기타지역,비수도권,0,1,1,0,0,0,0,1,1,1,0,0,0,1,0,아메리카노,카페라떼,달콤한커피류,1,1.0,1.0,0.0,0.0,0.0,0.0,0.0,0.0,0.0,0.0,0.0,0.0,0.0,0.0,0.0,0.0,0.0,0.0,0.0,0,,,,,,,,,,,,,,,,,,,,1,1.0,1.0,0.0,0.0,0.0,1.0,1.0,0.0,0.0,0.0,0.0,0.0,0.0,0.0,0.0,0.0,0.0,0.0,0.0,1,1.0,0.0,0.0,0.0,0.0,1.0,0.0,0.0,0.0,0.0,0.0,0.0,0.0,0.0,0.0,0.0,0.0,0.0,0.0,1,1.0,1.0,1.0,0.0,0.0,1.0,0.0,0.0,0.0,1.0,0.0,0.0,0.0,0.0,0.0,1.0,0.0,0.0,0.0,1,1.0,1.0,0.0,0.0,1.0,1.0,0.0,0.0,0.0,1.0,0.0,0.0,0.0,0.0,0.0,0.0,0.0,0.0,0.0
R1019,여,48,40대,45~49,기타직업,자유/전문직,서울,서울,수도권,0,1,1,0,0,0,0,0,0,0,0,0,0,1,0,아메리카노,카페라떼,스무디쉐이크,0,,,,,,,,,,,,,,,,,,,,0,,,,,,,,,,,,,,,,,,,,0,,,,,,,,,,,,,,,,,,,,0,,,,,,,,,,,,,,,,,,,,0,,,,,,,,,,,,,,,,,,,,0,,,,,,,,,,,,,,,,,,,
R1020,여,55,50대,55~59,직장인,자영업,경기,서울외수도권,수도권,0,1,1,0,0,0,0,1,0,0,0,0,1,0,1,얼음갈린티,달콤한커피류,카페라떼,0,,,,,,,,,,,,,,,,,,,,1,1.0,1.0,0.0,0.0,1.0,0.0,0.0,1.0,0.0,0.0,0.0,0.0,0.0,0.0,0.0,0.0,0.0,0.0,0.0,1,1.0,0.0,0.0,0.0,0.0,0.0,0.0,0.0,0.0,0.0,0.0,0.0,0.0,0.0,0.0,0.0,0.0,0.0,0.0,0,,,,,,,,,,,,,,,,,,,,1,1.0,0.0,0.0,1.0,0.0,0.0,0.0,0.0,0.0,0.0,1.0,0.0,0.0,0.0,0.0,0.0,0.0,0.0,0.0,1,1.0,1.0,0.0,0.0,0.0,0.0,1.0,0.0,0.0,1.0,0.0,0.0,0.0,0.0,0.0,0.0,0.0,0.0,0.0
R1021,남,34,30대,30~34,전업주부,전업주부,서울,서울,수도권,0,1,0,0,0,0,0,0,0,0,0,0,0,0,0,아메리카노,,,0,,,,,,,,,,,,,,,,,,,,0,,,,,,,,,,,,,,,,,,,,1,1.0,1.0,0.0,0.0,0.0,0.0,0.0,1.0,0.0,1.0,0.0,0.0,0.0,0.0,0.0,0.0,1.0,0.0,0.0,1,1.0,0.0,0.0,0.0,0.0,0.0,0.0,0.0,0.0,1.0,0.0,0.0,0.0,0.0,0.0,0.0,0.0,0.0,0.0,1,1.0,1.0,0.0,0.0,0.0,1.0,0.0,0.0,0.0,1.0,0.0,0.0,0.0,0.0,0.0,0.0,0.0,0.0,0.0,0,,,,,,,,,,,,,,,,,,,
R1022,남,48,40대,45~49,직장인,사무/기술직,서울,서울,수도권,0,1,1,0,0,0,0,0,1,0,1,0,0,0,0,아메리카노,얼음갈린커피,카페라떼,0,,,,,,,,,,,,,,,,,,,,1,1.0,1.0,0.0,0.0,0.0,1.0,0.0,0.0,0.0,0.0,0.0,1.0,0.0,0.0,0.0,0.0,0.0,0.0,0.0,1,1.0,1.0,0.0,0.0,0.0,0.0,0.0,0.0,0.0,0.0,1.0,1.0,0.0,0.0,0.0,0.0,0.0,0.0,0.0,0,,,,,,,,,,,,,,,,,,,,1,1.0,1.0,0.0,0.0,1.0,0.0,0.0,0.0,1.0,1.0,0.0,1.0,0.0,0.0,0.0,0.0,0.0,0.0,0.0,0,,,,,,,,,,,,,,,,,,,
R1023,남,24,20대,20~24,직장인,판매/영업 서비스직,인천,서울외수도권,수도권,0,1,0,0,0,0,1,0,0,0,0,1,0,0,0,드립핸드드립,아메리카노,과일티에이드,1,1.0,1.0,1.0,0.0,0.0,1.0,0.0,0.0,0.0,0.0,0.0,1.0,0.0,0.0,0.0,0.0,0.0,0.0,0.0,0,,,,,,,,,,,,,,,,,,,,1,1.0,1.0,0.0,0.0,1.0,0.0,0.0,0.0,0.0,1.0,0.0,0.0,0.0,0.0,0.0,0.0,0.0,0.0,0.0,0,,,,,,,,,,,,,,,,,,,,0,,,,,,,,,,,,,,,,,,,,0,,,,,,,,,,,,,,,,,,,
R1024,여,24,20대,20~24,직장인,사무/기술직,대구,5대광역시,비수도권,0,1,1,0,1,0,0,0,0,1,1,1,0,1,0,아메리카노,과일티에이드,스무디쉐이크,0,,,,,,,,,,,,,,,,,,,,0,,,,,,,,,,,,,,,,,,,,0,,,,,,,,,,,,,,,,,,,,1,1.0,0.0,0.0,0.0,1.0,1.0,0.0,0.0,0.0,0.0,0.0,0.0,0.0,0.0,0.0,0.0,0.0,0.0,0.0,1,1.0,1.0,0.0,0.0,0.0,0.0,0.0,0.0,0.0,0.0,0.0,0.0,0.0,0.0,0.0,0.0,0.0,0.0,0.0,0,,,,,,,,,,,,,,,,,,,
R1025,여,57,50대,55~59,직장인,판매/영업 서비스직,전북,기타지역,비수도권,0,1,1,0,0,0,0,1,0,0,0,0,1,0,0,달콤한커피류,아메리카노,카페라떼,0,,,,,,,,,,,,,,,,,,,,1,1.0,0.0,0.0,0.0,1.0,0.0,1.0,0.0,0.0,0.0,0.0,0.0,0.0,0.0,0.0,0.0,0.0,0.0,0.0,1,1.0,0.0,0.0,1.0,0.0,0.0,1.0,0.0,0.0,0.0,0.0,0.0,0.0,0.0,0.0,0.0,0.0,0.0,0.0,0,,,,,,,,,,,,,,,,,,,,0,,,,,,,,,,,,,,,,,,,,0,,,,,,,,,,,,,,,,,,,
R1026,남,45,40대,45~49,직장인,사무/기술직,경기,서울외수도권,수도권,0,1,1,1,1,0,0,1,0,0,0,0,0,1,1,아메리카노,콜드브루,달콤한커피류,0,,,,,,,,,,,,,,,,,,,,1,1.0,1.0,1.0,1.0,0.0,0.0,1.0,0.0,0.0,0.0,0.0,0.0,0.0,0.0,0.0,0.0,0.0,0.0,0.0,0,,,,,,,,,,,,,,,,,,,,1,1.0,0.0,0.0,0.0,0.0,0.0,0.0,1.0,0.0,0.0,0.0,0.0,0.0,0.0,0.0,0.0,0.0,0.0,0.0,0,,,,,,,,,,,,,,,,,,,,1,1.0,1.0,0.0,1.0,0.0,0.0,1.0,0.0,0.0,0.0,0.0,0.0,0.0,0.0,0.0,0.0,0.0,0.0,0.0
R1027,남,42,40대,40~44,전업주부,전업주부,전북,기타지역,비수도권,0,1,0,0,0,0,1,1,0,0,0,0,0,0,0,아메리카노,달콤한커피류,드립핸드드립,0,,,,,,,,,,,,,,,,,,,,0,,,,,,,,,,,,,,,,,,,,1,1.0,1.0,0.0,0.0,0.0,1.0,1.0,0.0,0.0,1.0,0.0,1.0,0.0,0.0,0.0,0.0,0.0,0.0,0.0,0,,,,,,,,,,,,,,,,,,,,1,1.0,0.0,0.0,0.0,0.0,1.0,0.0,0.0,0.0,0.0,0.0,0.0,0.0,0.0,0.0,0.0,0.0,0.0,0.0,1,1.0,1.0,0.0,0.0,0.0,0.0,0.0,0.0,0.0,1.0,0.0,0.0,0.0,0.0,0.0,0.0,0.0,0.0,0.0
R1028,남,21,20대,20~24,전업주부,전업주부,강원,기타지역,비수도권,0,1,1,0,0,0,0,0,0,0,0,1,0,0,0,아메리카노,과일티에이드,카페라떼,1,1.0,1.0,1.0,0.0,0.0,1.0,0.0,0.0,0.0,0.0,1.0,0.0,0.0,0.0,0.0,0.0,0.0,0.0,0.0,1,1.0,0.0,0.0,0.0,0.0,0.0,0.0,0.0,0.0,1.0,0.0,0.0,0.0,0.0,0.0,0.0,0.0,0.0,0.0,1,1.0,0.0,0.0,0.0,0.0,0.0,0.0,0.0,0.0,0.0,0.0,0.0,0.0,0.0,0.0,0.0,1.0,0.0,0.0,0,,,,,,,,,,,,,,,,,,,,1,1.0,1.0,0.0,0.0,0.0,0.0,1.0,0.0,0.0,0.0,0.0,0.0,0.0,0.0,0.0,0.0,0.0,0.0,0.0,0,,,,,,,,,,,,,,,,,,,
R1029,남,49,40대,45~49,직장인,사무/기술직,서울,서울,수도권,0,1,1,0,0,0,1,0,0,1,1,0,0,0,0,달콤한티,카페라떼,아메리카노,1,1.0,0.0,0.0,1.0,0.0,0.0,0.0,0.0,0.0,0.0,0.0,0.0,0.0,0.0,0.0,0.0,0.0,0.0,0.0,0,,,,,,,,,,,,,,,,,,,,0,,,,,,,,,,,,,,,,,,,,0,,,,,,,,,,,,,,,,,,,,1,1.0,0.0,0.0,1.0,0.0,0.0,0.0,0.0,0.0,0.0,1.0,0.0,0.0,0.0,1.0,0.0,0.0,0.0,0.0,0,,,,,,,,,,,,,,,,,,,
R1030,남,56,50대,55~59,기타직업,기타,인천,서울외수도권,수도권,0,1,0,0,0,0,0,1,0,0,0,0,0,0,0,아메리카노,달콤한커피류,,1,1.0,1.0,0.0,0.0,1.0,1.0,1.0,0.0,0.0,0.0,0.0,0.0,0.0,0.0,1.0,0.0,1.0,0.0,0.0,0,,,,,,,,,,,,,,,,,,,,1,1.0,1.0,0.0,0.0,0.0,1.0,1.0,0.0,0.0,0.0,0.0,0.0,0.0,0.0,0.0,0.0,0.0,0.0,0.0,0,,,,,,,,,,,,,,,,,,,,0,,,,,,,,,,,,,,,,,,,,0,,,,,,,,,,,,,,,,,,,
R1031,여,22,20대,20~24,직장인,판매/영업 서비스직,경기,서울외수도권,수도권,0,1,0,0,1,0,0,0,1,0,0,0,0,1,0,얼음갈린커피,아메리카노,스무디쉐이크,0,,,,,,,,,,,,,,,,,,,,0,,,,,,,,,,,,,,,,,,,,0,,,,,,,,,,,,,,,,,,,,0,,,,,,,,,,,,,,,,,,,,0,,,,,,,,,,,,,,,,,,,,0,,,,,,,,,,,,,,,,,,,
R1032,여,35,30대,35~39,기타직업,경영/관리직,대구,5대광역시,비수도권,0,0,1,0,1,0,0,1,0,0,0,1,0,0,0,달콤한커피류,과일티에이드,카페라떼,1,1.0,1.0,0.0,1.0,0.0,0.0,0.0,0.0,0.0,1.0,1.0,0.0,0.0,0.0,0.0,0.0,0.0,0.0,0.0,0,,,,,,,,,,,,,,,,,,,,1,1.0,0.0,0.0,0.0,0.0,0.0,1.0,0.0,0.0,0.0,0.0,0.0,0.0,0.0,0.0,0.0,0.0,0.0,0.0,0,,,,,,,,,,,,,,,,,,,,0,,,,,,,,,,,,,,,,,,,,1,1.0,0.0,0.0,0.0,0.0,0.0,1.0,0.0,0.0,0.0,0.0,0.0,0.0,0.0,1.0,0.0,0.0,0.0,0.0
R1033,남,21,20대,20~24,직장인,자유/전문직,부산,5대광역시,비수도권,0,1,1,0,0,0,0,0,0,1,0,0,0,0,0,아메리카노,카페라떼,기본티,0,,,,,,,,,,,,,,,,,,,,1,1.0,0.0,0.0,0.0,0.0,1.0,0.0,0.0,0.0,0.0,0.0,1.0,0.0,0.0,0.0,0.0,0.0,0.0,0.0,1,1.0,0.0,1.0,1.0,1.0,1.0,0.0,0.0,0.0,0.0,0.0,0.0,0.0,0.0,0.0,0.0,0.0,0.0,0.0,1,1.0,0.0,0.0,1.0,0.0,1.0,1.0,0.0,0.0,0.0,0.0,0.0,0.0,0.0,0.0,1.0,0.0,0.0,0.0,1,1.0,0.0,0.0,0.0,1.0,0.0,0.0,0.0,0.0,0.0,0.0,1.0,0.0,0.0,0.0,0.0,0.0,0.0,0.0,1,1.0,1.0,0.0,0.0,0.0,1.0,0.0,0.0,0.0,0.0,0.0,0.0,0.0,0.0,0.0,0.0,0.0,0.0,1.0
R1034,남,31,30대,30~34,직장인,경영/관리직,대구,5대광역시,비수도권,0,1,0,0,0,0,0,1,0,0,0,0,0,0,0,아메리카노,달콤한커피류,,0,,,,,,,,,,,,,,,,,,,,1,1.0,0.0,0.0,0.0,0.0,0.0,0.0,0.0,0.0,0.0,0.0,0.0,0.0,0.0,0.0,0.0,1.0,0.0,0.0,0,,,,,,,,,,,,,,,,,,,,0,,,,,,,,,,,,,,,,,,,,0,,,,,,,,,,,,,,,,,,,,0,,,,,,,,,,,,,,,,,,,
R1035,남,25,20대,25~29,기타직업,기타,광주,5대광역시,비수도권,0,1,1,0,0,0,0,0,0,0,0,0,1,1,0,아메리카노,얼음갈린티,카페라떼,1,1.0,1.0,0.0,0.0,0.0,1.0,0.0,0.0,0.0,1.0,0.0,0.0,0.0,0.0,1.0,0.0,0.0,1.0,0.0,0,,,,,,,,,,,,,,,,,,,,1,1.0,1.0,0.0,0.0,0.0,1.0,0.0,0.0,0.0,1.0,0.0,0.0,0.0,0.0,0.0,0.0,0.0,0.0,0.0,0,,,,,,,,,,,,,,,,,,,,0,,,,,,,,,,,,,,,,,,,,0,,,,,,,,,,,,,,,,,,,
R1036,남,37,30대,35~39,대학(원)생,대학생,경기,서울외수도권,수도권,0,0,0,0,0,0,0,0,1,0,0,0,0,0,0,얼음갈린커피,,,0,,,,,,,,,,,,,,,,,,,,0,,,,,,,,,,,,,,,,,,,,0,,,,,,,,,,,,,,,,,,,,1,1.0,1.0,0.0,0.0,0.0,0.0,1.0,0.0,1.0,0.0,0.0,0.0,0.0,0.0,0.0,0.0,0.0,0.0,0.0,0,,,,,,,,,,,,,,,,,,,,0,,,,,,,,,,,,,,,,,,,
R1037,남,44,40대,40~44,기타직업,기타,경기,서울외수도권,수도권,0,1,0,0,0,0,0,0,0,0,0,0,1,0,1,아메리카노,얼음갈린티,주스에이드,0,,,,,,,,,,,,,,,,,,,,1,1.0,1.0,0.0,0.0,1.0,0.0,0.0,0.0,0.0,0.0,0.0,0.0,0.0,0.0,0.0,1.0,0.0,0.0,0.0,1,1.0,0.0,0.0,0.0,0.0,0.0,1.0,0.0,0.0,0.0,0.0,0.0,0.0,0.0,0.0,0.0,0.0,1.0,0.0,0,,,,,,,,,,,,,,,,,,,,1,1.0,0.0,0.0,0.0,1.0,0.0,0.0,0.0,0.0,0.0,0.0,0.0,0.0,0.0,0.0,0.0,0.0,0.0,0.0,0,,,,,,,,,,,,,,,,,,,
R1038,남,31,30대,30~34,대학(원)생,대학생,대전,5대광역시,비수도권,0,1,0,0,0,0,0,0,0,0,0,0,0,1,0,스무디쉐이크,아메리카노,,1,1.0,1.0,0.0,0.0,0.0,1.0,0.0,0.0,0.0,1.0,1.0,0.0,0.0,0.0,0.0,0.0,0.0,0.0,0.0,1,1.0,1.0,0.0,1.0,1.0,1.0,0.0,0.0,0.0,0.0,0.0,0.0,0.0,0.0,0.0,0.0,0.0,0.0,0.0,1,1.0,1.0,0.0,0.0,0.0,0.0,0.0,0.0,0.0,0.0,0.0,0.0,0.0,0.0,0.0,0.0,0.0,0.0,0.0,0,,,,,,,,,,,,,,,,,,,,1,1.0,0.0,0.0,0.0,0.0,1.0,0.0,0.0,0.0,0.0,0.0,0.0,0.0,0.0,0.0,0.0,0.0,0.0,0.0,0,,,,,,,,,,,,,,,,,,,
R1039,남,28,20대,25~29,직장인,사무/기술직,대전,5대광역시,비수도권,0,1,1,0,0,1,0,0,0,1,0,0,0,1,0,아메리카노,카페라떼,기본티,1,1.0,1.0,1.0,0.0,1.0,0.0,0.0,0.0,0.0,1.0,1.0,0.0,0.0,0.0,0.0,0.0,0.0,0.0,0.0,0,,,,,,,,,,,,,,,,,,,,1,1.0,0.0,0.0,0.0,0.0,0.0,0.0,0.0,0.0,0.0,0.0,1.0,0.0,0.0,0.0,0.0,0.0,0.0,0.0,1,1.0,1.0,0.0,1.0,0.0,1.0,0.0,1.0,0.0,0.0,0.0,0.0,0.0,0.0,0.0,0.0,0.0,0.0,0.0,0,,,,,,,,,,,,,,,,,,,,1,1.0,0.0,0.0,0.0,0.0,0.0,1.0,0.0,0.0,0.0,1.0,0.0,1.0,0.0,0.0,0.0,0.0,0.0,0.0
R1040,여,44,40대,40~44,직장인,사무/기술직,경기,서울외수도권,수도권,0,0,0,0,0,0,1,0,0,0,0,0,1,1,0,스무디쉐이크,얼음갈린티,드립핸드드립,1,1.0,0.0,1.0,1.0,0.0,0.0,1.0,0.0,0.0,1.0,0.0,0.0,0.0,0.0,0.0,0.0,0.0,0.0,0.0,0,,,,,,,,,,,,,,,,,,,,1,1.0,1.0,0.0,0.0,0.0,0.0,0.0,0.0,0.0,0.0,1.0,0.0,0.0,0.0,0.0,0.0,0.0,0.0,0.0,0,,,,,,,,,,,,,,,,,,,,1,1.0,0.0,0.0,0.0,0.0,1.0,0.0,0.0,0.0,0.0,0.0,1.0,0.0,0.0,0.0,0.0,0.0,0.0,0.0,1,1.0,1.0,0.0,1.0,0.0,0.0,0.0,0.0,0.0,0.0,0.0,0.0,1.0,0.0,0.0,0.0,0.0,0.0,0.0
R1041,여,57,50대,55~59,대학(원)생,대학생,서울,서울,수도권,0,0,0,1,0,0,0,1,0,0,1,0,0,0,0,달콤한커피류,달콤한티,카푸치노,0,,,,,,,,,,,,,,,,,,,,0,,,,,,,,,,,,,,,,,,,,1,1.0,1.0,0.0,0.0,0.0,0.0,0.0,0.0,0.0,0.0,0.0,0.0,0.0,0.0,0.0,0.0,0.0,0.0,0.0,0,,,,,,,,,,,,,,,,,,,,0,,,,,,,,,,,,,,,,,,,,0,,,,,,,,,,,,,,,,,,,
R1042,남,36,30대,35~39,직장인,사무/기술직,울산,5대광역시,비수도권,0,1,0,0,0,0,0,0,0,0,0,1,1,0,0,아메리카노,과일티에이드,얼음갈린티,1,1.0,1.0,0.0,0.0,0.0,0.0,0.0,0.0,0.0,0.0,0.0,0.0,0.0,0.0,0.0,0.0,0.0,0.0,0.0,0,,,,,,,,,,,,,,,,,,,,0,,,,,,,,,,,,,,,,,,,,1,1.0,1.0,0.0,0.0,0.0,0.0,0.0,1.0,1.0,0.0,1.0,0.0,0.0,0.0,0.0,0.0,0.0,0.0,0.0,0,,,,,,,,,,,,,,,,,,,,0,,,,,,,,,,,,,,,,,,,
R1043,남,25,20대,25~29,기타직업,자유/전문직,경남,기타지역,비수도권,0,0,1,0,0,0,0,0,0,0,1,0,0,0,0,카페라떼,달콤한티,,1,1.0,1.0,0.0,0.0,0.0,1.0,0.0,0.0,0.0,0.0,0.0,0.0,0.0,0.0,0.0,0.0,0.0,0.0,0.0,0,,,,,,,,,,,,,,,,,,,,1,1.0,1.0,0.0,0.0,0.0,0.0,0.0,0.0,0.0,0.0,1.0,0.0,0.0,0.0,0.0,0.0,0.0,0.0,0.0,1,1.0,1.0,0.0,0.0,0.0,1.0,1.0,0.0,0.0,0.0,0.0,0.0,1.0,0.0,0.0,0.0,0.0,0.0,0.0,0,,,,,,,,,,,,,,,,,,,,0,,,,,,,,,,,,,,,,,,,
R1044,남,27,20대,25~29,직장인,사무/기술직,경남,기타지역,비수도권,0,1,1,0,0,0,0,1,0,0,0,1,0,0,0,달콤한커피류,카페라떼,과일티에이드,1,1.0,1.0,1.0,1.0,0.0,0.0,1.0,0.0,0.0,1.0,1.0,1.0,0.0,0.0,0.0,1.0,0.0,0.0,0.0,0,,,,,,,,,,,,,,,,,,,,1,1.0,1.0,1.0,0.0,0.0,1.0,0.0,0.0,0.0,0.0,0.0,0.0,0.0,0.0,0.0,1.0,1.0,0.0,0.0,1,1.0,1.0,0.0,1.0,1.0,1.0,1.0,0.0,1.0,0.0,0.0,0.0,0.0,0.0,0.0,0.0,0.0,0.0,0.0,0,,,,,,,,,,,,,,,,,,,,0,,,,,,,,,,,,,,,,,,,
R1045,여,44,40대,40~44,전업주부,전업주부,경기,서울외수도권,수도권,0,1,0,1,0,0,0,1,0,1,0,1,0,0,1,아메리카노,기본티,주스에이드,0,,,,,,,,,,,,,,,,,,,,0,,,,,,,,,,,,,,,,,,,,0,,,,,,,,,,,,,,,,,,,,0,,,,,,,,,,,,,,,,,,,,0,,,,,,,,,,,,,,,,,,,,1,1.0,1.0,0.0,0.0,0.0,0.0,0.0,0.0,0.0,0.0,0.0,0.0,0.0,0.0,0.0,0.0,0.0,0.0,0.0
R1046,남,59,50대,55~59,직장인,사무/기술직,경기,서울외수도권,수도권,0,1,0,0,1,0,0,0,0,0,0,1,1,0,0,아메리카노,콜드브루,과일티에이드,0,,,,,,,,,,,,,,,,,,,,0,,,,,,,,,,,,,,,,,,,,1,1.0,1.0,0.0,0.0,0.0,1.0,0.0,0.0,0.0,0.0,0.0,0.0,0.0,0.0,0.0,0.0,0.0,0.0,0.0,0,,,,,,,,,,,,,,,,,,,,0,,,,,,,,,,,,,,,,,,,,1,1.0,1.0,1.0,0.0,0.0,0.0,0.0,0.0,0.0,1.0,0.0,1.0,0.0,0.0,0.0,0.0,0.0,0.0,0.0
R1047,남,46,40대,45~49,직장인,기능/작업직,서울,서울,수도권,0,0,0,0,0,0,0,1,0,0,1,1,0,0,1,과일티에이드,달콤한티,달콤한커피류,0,,,,,,,,,,,,,,,,,,,,0,,,,,,,,,,,,,,,,,,,,0,,,,,,,,,,,,,,,,,,,,0,,,,,,,,,,,,,,,,,,,,1,1.0,0.0,0.0,0.0,0.0,0.0,0.0,0.0,0.0,0.0,0.0,0.0,0.0,0.0,0.0,0.0,1.0,0.0,0.0,0,,,,,,,,,,,,,,,,,,,
R1048,여,54,50대,50~54,직장인,사무/기술직,서울,서울,수도권,0,0,0,0,0,1,0,1,0,1,0,1,0,0,0,과일티에이드,달콤한커피류,기본티,1,1.0,0.0,0.0,1.0,1.0,0.0,0.0,0.0,0.0,0.0,0.0,0.0,0.0,0.0,0.0,0.0,0.0,0.0,0.0,1,1.0,1.0,0.0,1.0,1.0,1.0,0.0,0.0,0.0,0.0,0.0,0.0,0.0,0.0,0.0,0.0,0.0,0.0,0.0,1,1.0,1.0,1.0,0.0,0.0,1.0,0.0,0.0,1.0,1.0,0.0,0.0,0.0,0.0,0.0,0.0,0.0,0.0,0.0,0,,,,,,,,,,,,,,,,,,,,1,1.0,0.0,0.0,0.0,0.0,1.0,0.0,1.0,0.0,0.0,0.0,0.0,0.0,0.0,0.0,0.0,0.0,0.0,0.0,0,,,,,,,,,,,,,,,,,,,
R1049,남,59,50대,55~59,기타직업,경영/관리직,경기,서울외수도권,수도권,0,0,0,0,0,0,0,0,0,0,0,1,0,0,1,주스에이드,과일티에이드,,0,,,,,,,,,,,,,,,,,,,,0,,,,,,,,,,,,,,,,,,,,0,,,,,,,,,,,,,,,,,,,,1,1.0,1.0,0.0,0.0,0.0,0.0,0.0,0.0,0.0,0.0,0.0,0.0,0.0,0.0,0.0,0.0,0.0,0.0,0.0,0,,,,,,,,,,,,,,,,,,,,1,1.0,1.0,0.0,0.0,0.0,0.0,1.0,0.0,0.0,0.0,0.0,0.0,0.0,0.0,0.0,0.0,0.0,0.0,0.0
R1050,여,31,30대,30~34,기타직업,자유/전문직,경기,서울외수도권,수도권,0,1,1,0,0,1,0,1,0,1,0,1,0,1,1,과일티에이드,카페라떼,아메리카노,0,,,,,,,,,,,,,,,,,,,,1,1.0,1.0,0.0,0.0,0.0,0.0,1.0,0.0,0.0,0.0,0.0,0.0,0.0,0.0,0.0,0.0,0.0,0.0,0.0,1,1.0,0.0,0.0,0.0,1.0,0.0,0.0,0.0,0.0,0.0,0.0,0.0,0.0,0.0,0.0,0.0,0.0,0.0,0.0,1,1.0,0.0,0.0,0.0,0.0,0.0,0.0,0.0,0.0,1.0,1.0,0.0,0.0,0.0,0.0,0.0,1.0,0.0,0.0,0,,,,,,,,,,,,,,,,,,,,0,,,,,,,,,,,,,,,,,,,
R1051,남,44,40대,40~44,직장인,사무/기술직,광주,5대광역시,비수도권,0,1,1,0,0,1,0,0,0,0,0,0,0,0,1,아메리카노,카페라떼,주스에이드,0,,,,,,,,,,,,,,,,,,,,0,,,,,,,,,,,,,,,,,,,,0,,,,,,,,,,,,,,,,,,,,0,,,,,,,,,,,,,,,,,,,,1,1.0,0.0,0.0,0.0,0.0,1.0,1.0,0.0,0.0,0.0,0.0,0.0,0.0,0.0,0.0,0.0,1.0,0.0,0.0,1,1.0,1.0,0.0,0.0,0.0,0.0,0.0,0.0,0.0,0.0,0.0,0.0,0.0,0.0,1.0,1.0,0.0,0.0,0.0
R1052,남,53,50대,50~54,기타직업,자영업,인천,서울외수도권,수도권,0,0,0,0,0,0,0,0,0,0,0,0,0,0,0,,,,0,,,,,,,,,,,,,,,,,,,,0,,,,,,,,,,,,,,,,,,,,0,,,,,,,,,,,,,,,,,,,,0,,,,,,,,,,,,,,,,,,,,0,,,,,,,,,,,,,,,,,,,,0,,,,,,,,,,,,,,,,,,,
R1053,남,30,30대,30~34,직장인,사무/기술직,인천,서울외수도권,수도권,0,1,0,0,0,0,0,0,0,1,0,0,0,0,1,아메리카노,기본티,주스에이드,0,,,,,,,,,,,,,,,,,,,,1,1.0,1.0,0.0,0.0,0.0,0.0,0.0,0.0,0.0,1.0,0.0,0.0,0.0,0.0,0.0,1.0,0.0,0.0,0.0,0,,,,,,,,,,,,,,,,,,,,1,1.0,0.0,0.0,1.0,0.0,0.0,1.0,0.0,0.0,0.0,0.0,0.0,0.0,0.0,0.0,0.0,0.0,0.0,0.0,1,1.0,0.0,0.0,0.0,0.0,1.0,0.0,0.0,0.0,0.0,1.0,1.0,0.0,0.0,0.0,0.0,0.0,0.0,0.0,0,,,,,,,,,,,,,,,,,,,
R1054,여,44,40대,40~44,직장인,자유/전문직,부산,5대광역시,비수도권,0,0,1,0,0,0,0,1,0,0,0,0,1,0,0,카페라떼,얼음갈린티,달콤한커피류,1,1.0,0.0,0.0,0.0,0.0,0.0,0.0,0.0,0.0,0.0,0.0,0.0,0.0,0.0,0.0,1.0,0.0,0.0,0.0,1,1.0,0.0,1.0,0.0,0.0,0.0,1.0,0.0,0.0,0.0,1.0,0.0,0.0,0.0,0.0,0.0,0.0,0.0,0.0,0,,,,,,,,,,,,,,,,,,,,0,,,,,,,,,,,,,,,,,,,,1,1.0,0.0,0.0,0.0,0.0,0.0,0.0,0.0,0.0,1.0,0.0,0.0,0.0,0.0,0.0,0.0,1.0,0.0,0.0,0,,,,,,,,,,,,,,,,,,,
R1055,남,28,20대,25~29,전업주부,전업주부,경북,기타지역,비수도권,0,0,0,0,0,0,0,0,0,0,0,1,1,0,0,과일티에이드,얼음갈린티,,0,,,,,,,,,,,,,,,,,,,,1,1.0,1.0,0.0,0.0,0.0,0.0,0.0,0.0,0.0,0.0,0.0,1.0,0.0,0.0,1.0,0.0,0.0,0.0,0.0,1,1.0,1.0,0.0,0.0,0.0,0.0,0.0,0.0,0.0,0.0,0.0,1.0,1.0,0.0,0.0,0.0,0.0,0.0,0.0,1,1.0,1.0,0.0,0.0,1.0,0.0,0.0,0.0,0.0,0.0,0.0,0.0,0.0,0.0,0.0,0.0,0.0,0.0,0.0,0,,,,,,,,,,,,,,,,,,,,1,1.0,1.0,0.0,0.0,0.0,0.0,0.0,0.0,0.0,1.0,0.0,0.0,0.0,0.0,0.0,1.0,0.0,0.0,0.0
R1056,여,48,40대,45~49,직장인,자영업,대전,5대광역시,비수도권,0,0,0,0,0,0,0,0,0,0,0,0,0,0,1,주스에이드,,,0,,,,,,,,,,,,,,,,,,,,1,1.0,0.0,0.0,0.0,0.0,0.0,0.0,0.0,1.0,0.0,0.0,0.0,0.0,0.0,0.0,0.0,0.0,0.0,0.0,0,,,,,,,,,,,,,,,,,,,,1,1.0,1.0,0.0,0.0,0.0,0.0,0.0,0.0,0.0,0.0,0.0,0.0,0.0,0.0,0.0,0.0,0.0,0.0,0.0,0,,,,,,,,,,,,,,,,,,,,1,1.0,1.0,0.0,1.0,0.0,0.0,0.0,0.0,1.0,1.0,0.0,0.0,0.0,0.0,0.0,0.0,0.0,0.0,0.0
R1057,여,42,40대,40~44,직장인,사무/기술직,경기,서울외수도권,수도권,0,1,1,0,0,0,0,0,1,1,0,0,0,1,0,스무디쉐이크,카페라떼,아메리카노,1,1.0,1.0,0.0,0.0,1.0,0.0,0.0,0.0,0.0,1.0,0.0,0.0,0.0,0.0,0.0,0.0,0.0,0.0,0.0,1,1.0,1.0,0.0,0.0,0.0,0.0,0.0,0.0,0.0,1.0,0.0,0.0,0.0,0.0,0.0,0.0,0.0,0.0,0.0,0,,,,,,,,,,,,,,,,,,,,0,,,,,,,,,,,,,,,,,,,,0,,,,,,,,,,,,,,,,,,,,0,,,,,,,,,,,,,,,,,,,
R1058,남,30,30대,30~34,직장인,자유/전문직,서울,서울,수도권,0,1,0,0,0,0,1,0,1,0,0,0,0,0,0,아메리카노,드립핸드드립,얼음갈린커피,1,1.0,1.0,0.0,1.0,0.0,1.0,0.0,0.0,0.0,0.0,0.0,0.0,0.0,0.0,0.0,0.0,0.0,0.0,0.0,0,,,,,,,,,,,,,,,,,,,,0,,,,,,,,,,,,,,,,,,,,1,1.0,1.0,1.0,0.0,0.0,0.0,0.0,0.0,0.0,0.0,0.0,0.0,0.0,0.0,1.0,0.0,0.0,0.0,0.0,0,,,,,,,,,,,,,,,,,,,,0,,,,,,,,,,,,,,,,,,,
R1059,남,27,20대,25~29,기타직업,무직,울산,5대광역시,비수도권,0,1,0,0,0,0,1,1,0,0,0,0,0,0,0,달콤한커피류,아메리카노,드립핸드드립,1,1.0,1.0,0.0,1.0,0.0,1.0,0.0,0.0,0.0,0.0,0.0,0.0,0.0,0.0,0.0,0.0,0.0,0.0,0.0,1,1.0,1.0,0.0,0.0,0.0,0.0,0.0,0.0,0.0,0.0,0.0,0.0,0.0,0.0,0.0,0.0,0.0,0.0,0.0,0,,,,,,,,,,,,,,,,,,,,1,1.0,1.0,0.0,0.0,1.0,0.0,0.0,1.0,0.0,0.0,0.0,0.0,0.0,0.0,0.0,0.0,0.0,0.0,0.0,1,1.0,0.0,0.0,0.0,0.0,0.0,0.0,0.0,0.0,0.0,0.0,0.0,0.0,0.0,0.0,0.0,1.0,0.0,0.0,1,1.0,1.0,1.0,0.0,0.0,1.0,1.0,0.0,0.0,0.0,0.0,0.0,0.0,0.0,0.0,0.0,0.0,0.0,0.0
R1060,남,25,20대,25~29,직장인,사무/기술직,광주,5대광역시,비수도권,0,1,1,0,0,0,0,1,1,0,0,0,0,0,0,아메리카노,달콤한커피류,카페라떼,1,1.0,1.0,0.0,1.0,1.0,0.0,0.0,0.0,0.0,1.0,0.0,0.0,0.0,0.0,0.0,0.0,0.0,0.0,0.0,1,1.0,1.0,0.0,1.0,0.0,1.0,0.0,0.0,0.0,0.0,0.0,0.0,0.0,0.0,0.0,0.0,0.0,1.0,0.0,0,,,,,,,,,,,,,,,,,,,,1,1.0,0.0,1.0,0.0,0.0,1.0,1.0,0.0,0.0,1.0,0.0,0.0,0.0,0.0,0.0,0.0,0.0,0.0,0.0,0,,,,,,,,,,,,,,,,,,,,0,,,,,,,,,,,,,,,,,,,
R1061,남,55,50대,55~59,직장인,사무/기술직,경기,서울외수도권,수도권,0,1,0,0,1,0,0,0,1,0,1,0,0,1,0,콜드브루,아메리카노,얼음갈린커피,1,1.0,1.0,0.0,1.0,0.0,0.0,0.0,1.0,0.0,0.0,0.0,0.0,0.0,0.0,0.0,0.0,1.0,0.0,0.0,0,,,,,,,,,,,,,,,,,,,,0,,,,,,,,,,,,,,,,,,,,0,,,,,,,,,,,,,,,,,,,,0,,,,,,,,,,,,,,,,,,,,1,1.0,1.0,0.0,0.0,1.0,1.0,0.0,0.0,0.0,0.0,0.0,0.0,0.0,0.0,0.0,0.0,0.0,0.0,0.0
R1062,남,50,50대,50~54,기타직업,무직,서울,서울,수도권,0,0,1,0,0,0,0,0,1,0,0,0,0,0,0,얼음갈린커피,카페라떼,,0,,,,,,,,,,,,,,,,,,,,1,1.0,1.0,0.0,0.0,0.0,0.0,0.0,0.0,0.0,0.0,0.0,0.0,0.0,0.0,0.0,0.0,0.0,0.0,0.0,1,1.0,1.0,0.0,0.0,0.0,0.0,0.0,0.0,0.0,0.0,1.0,0.0,0.0,0.0,0.0,0.0,0.0,0.0,0.0,1,1.0,1.0,1.0,1.0,0.0,1.0,1.0,0.0,0.0,1.0,0.0,0.0,0.0,0.0,0.0,0.0,0.0,0.0,0.0,1,1.0,0.0,0.0,1.0,0.0,0.0,0.0,0.0,0.0,0.0,0.0,0.0,0.0,0.0,0.0,0.0,0.0,0.0,0.0,1,1.0,1.0,0.0,0.0,0.0,1.0,1.0,0.0,0.0,0.0,0.0,0.0,0.0,0.0,0.0,0.0,0.0,0.0,0.0
R1063,남,29,20대,25~29,전업주부,전업주부,전북,기타지역,비수도권,0,0,1,0,0,1,0,0,0,0,0,0,1,0,0,얼음갈린티,카페라떼,콜드브루라떼,0,,,,,,,,,,,,,,,,,,,,1,1.0,0.0,0.0,0.0,0.0,0.0,0.0,0.0,0.0,0.0,0.0,0.0,0.0,0.0,0.0,0.0,0.0,1.0,0.0,0,,,,,,,,,,,,,,,,,,,,1,1.0,1.0,0.0,0.0,0.0,1.0,0.0,0.0,0.0,0.0,0.0,0.0,0.0,0.0,0.0,0.0,0.0,0.0,0.0,1,1.0,1.0,0.0,0.0,1.0,0.0,0.0,1.0,0.0,0.0,0.0,0.0,0.0,0.0,0.0,0.0,0.0,0.0,0.0,0,,,,,,,,,,,,,,,,,,,
R1064,남,33,30대,30~34,전업주부,전업주부,서울,서울,수도권,0,1,0,1,0,1,1,1,1,0,0,0,0,0,0,아메리카노,얼음갈린커피,달콤한커피류,1,1.0,1.0,0.0,0.0,0.0,0.0,0.0,0.0,0.0,0.0,0.0,0.0,0.0,0.0,0.0,0.0,0.0,0.0,0.0,0,,,,,,,,,,,,,,,,,,,,1,1.0,1.0,0.0,0.0,0.0,0.0,0.0,0.0,0.0,0.0,0.0,0.0,0.0,0.0,0.0,0.0,0.0,0.0,0.0,0,,,,,,,,,,,,,,,,,,,,0,,,,,,,,,,,,,,,,,,,,0,,,,,,,,,,,,,,,,,,,
R1065,남,57,50대,55~59,직장인,사무/기술직,서울,서울,수도권,0,0,0,0,0,0,1,0,0,1,0,0,0,1,0,스무디쉐이크,기본티,드립핸드드립,1,1.0,1.0,0.0,1.0,0.0,1.0,0.0,0.0,0.0,0.0,0.0,0.0,0.0,0.0,1.0,0.0,0.0,0.0,0.0,0,,,,,,,,,,,,,,,,,,,,0,,,,,,,,,,,,,,,,,,,,1,1.0,1.0,0.0,1.0,0.0,0.0,0.0,0.0,0.0,0.0,0.0,0.0,0.0,0.0,0.0,0.0,0.0,0.0,0.0,0,,,,,,,,,,,,,,,,,,,,0,,,,,,,,,,,,,,,,,,,
R1066,남,44,40대,40~44,직장인,사무/기술직,서울,서울,수도권,0,0,0,1,1,0,0,0,0,1,0,0,0,0,0,카푸치노,기본티,콜드브루,0,,,,,,,,,,,,,,,,,,,,0,,,,,,,,,,,,,,,,,,,,0,,,,,,,,,,,,,,,,,,,,0,,,,,,,,,,,,,,,,,,,,1,1.0,0.0,1.0,0.0,0.0,1.0,1.0,0.0,0.0,0.0,0.0,0.0,0.0,0.0,0.0,0.0,0.0,0.0,0.0,1,1.0,1.0,1.0,0.0,0.0,0.0,0.0,0.0,0.0,0.0,0.0,0.0,0.0,0.0,0.0,0.0,0.0,0.0,0.0
R1067,남,29,20대,25~29,직장인,사무/기술직,서울,서울,수도권,0,0,1,0,0,0,1,0,0,0,1,0,0,0,0,카페라떼,드립핸드드립,달콤한티,0,,,,,,,,,,,,,,,,,,,,0,,,,,,,,,,,,,,,,,,,,1,1.0,0.0,0.0,0.0,0.0,1.0,0.0,0.0,0.0,1.0,0.0,1.0,0.0,0.0,0.0,0.0,0.0,0.0,0.0,0,,,,,,,,,,,,,,,,,,,,1,1.0,1.0,0.0,0.0,0.0,0.0,0.0,0.0,0.0,0.0,0.0,0.0,0.0,0.0,0.0,1.0,0.0,0.0,0.0,1,1.0,1.0,0.0,0.0,0.0,0.0,0.0,0.0,0.0,1.0,1.0,0.0,0.0,0.0,0.0,0.0,0.0,0.0,0.0
R1068,남,36,30대,35~39,전업주부,전업주부,경기,서울외수도권,수도권,0,0,0,1,0,0,0,1,0,0,0,0,0,0,0,달콤한커피류,카푸치노,,0,,,,,,,,,,,,,,,,,,,,0,,,,,,,,,,,,,,,,,,,,0,,,,,,,,,,,,,,,,,,,,0,,,,,,,,,,,,,,,,,,,,1,1.0,1.0,0.0,0.0,1.0,0.0,1.0,0.0,0.0,0.0,0.0,0.0,0.0,0.0,0.0,0.0,0.0,0.0,0.0,1,1.0,0.0,0.0,0.0,0.0,0.0,0.0,0.0,0.0,0.0,0.0,0.0,0.0,0.0,0.0,0.0,0.0,0.0,0.0
R1069,여,41,40대,40~44,직장인,사무/기술직,인천,서울외수도권,수도권,0,1,0,0,0,0,0,1,0,0,0,1,1,0,1,주스에이드,아메리카노,달콤한커피류,0,,,,,,,,,,,,,,,,,,,,0,,,,,,,,,,,,,,,,,,,,0,,,,,,,,,,,,,,,,,,,,0,,,,,,,,,,,,,,,,,,,,1,1.0,0.0,0.0,0.0,0.0,1.0,0.0,0.0,0.0,0.0,0.0,0.0,0.0,0.0,0.0,0.0,1.0,0.0,0.0,0,,,,,,,,,,,,,,,,,,,
R1070,남,59,50대,55~59,직장인,자유/전문직,경기,서울외수도권,수도권,0,1,0,0,0,0,0,0,0,0,1,0,0,0,0,아메리카노,달콤한티,,0,,,,,,,,,,,,,,,,,,,,0,,,,,,,,,,,,,,,,,,,,0,,,,,,,,,,,,,,,,,,,,0,,,,,,,,,,,,,,,,,,,,0,,,,,,,,,,,,,,,,,,,,0,,,,,,,,,,,,,,,,,,,
R1071,남,57,50대,55~59,기타직업,경영/관리직,경기,서울외수도권,수도권,0,1,1,0,0,0,0,1,1,0,0,1,0,0,1,달콤한커피류,아메리카노,카페라떼,1,1.0,0.0,0.0,0.0,1.0,0.0,0.0,0.0,0.0,0.0,0.0,0.0,0.0,0.0,0.0,1.0,0.0,0.0,0.0,0,,,,,,,,,,,,,,,,,,,,0,,,,,,,,,,,,,,,,,,,,1,1.0,0.0,0.0,0.0,0.0,0.0,0.0,0.0,0.0,1.0,0.0,0.0,0.0,0.0,0.0,0.0,0.0,0.0,0.0,0,,,,,,,,,,,,,,,,,,,,0,,,,,,,,,,,,,,,,,,,
R1072,남,56,50대,55~59,대학(원)생,대학생,경북,기타지역,비수도권,0,0,1,0,0,0,0,1,0,0,0,0,0,1,0,카페라떼,달콤한커피류,스무디쉐이크,0,,,,,,,,,,,,,,,,,,,,1,1.0,1.0,0.0,0.0,0.0,0.0,1.0,0.0,0.0,1.0,0.0,1.0,0.0,0.0,0.0,0.0,1.0,1.0,0.0,1,1.0,1.0,0.0,0.0,0.0,1.0,1.0,0.0,0.0,0.0,0.0,0.0,0.0,0.0,0.0,0.0,0.0,0.0,0.0,0,,,,,,,,,,,,,,,,,,,,0,,,,,,,,,,,,,,,,,,,,0,,,,,,,,,,,,,,,,,,,
R1073,남,40,40대,40~44,직장인,사무/기술직,경기,서울외수도권,수도권,0,1,1,0,0,0,0,1,0,0,0,0,0,0,1,주스에이드,아메리카노,카페라떼,0,,,,,,,,,,,,,,,,,,,,1,1.0,1.0,0.0,0.0,1.0,0.0,0.0,0.0,0.0,0.0,0.0,0.0,0.0,0.0,0.0,0.0,0.0,1.0,0.0,1,1.0,1.0,0.0,0.0,0.0,0.0,0.0,0.0,0.0,1.0,1.0,0.0,0.0,0.0,0.0,0.0,0.0,0.0,0.0,1,1.0,1.0,0.0,0.0,0.0,0.0,0.0,0.0,0.0,0.0,0.0,1.0,0.0,0.0,0.0,0.0,0.0,0.0,0.0,0,,,,,,,,,,,,,,,,,,,,0,,,,,,,,,,,,,,,,,,,
R1074,여,29,20대,25~29,기타직업,판매/영업 서비스직,광주,5대광역시,비수도권,0,1,0,0,0,0,0,0,0,1,0,0,0,0,0,아메리카노,기본티,,0,,,,,,,,,,,,,,,,,,,,1,1.0,0.0,0.0,0.0,0.0,1.0,0.0,0.0,0.0,0.0,0.0,0.0,1.0,0.0,0.0,0.0,0.0,1.0,0.0,0,,,,,,,,,,,,,,,,,,,,0,,,,,,,,,,,,,,,,,,,,0,,,,,,,,,,,,,,,,,,,,0,,,,,,,,,,,,,,,,,,,
R1075,여,42,40대,40~44,직장인,기능/작업직,경남,기타지역,비수도권,0,1,1,0,0,0,0,0,0,0,1,0,1,1,0,아메리카노,얼음갈린티,카페라떼,0,,,,,,,,,,,,,,,,,,,,0,,,,,,,,,,,,,,,,,,,,1,1.0,1.0,0.0,0.0,1.0,0.0,0.0,0.0,0.0,0.0,0.0,0.0,0.0,0.0,0.0,1.0,0.0,0.0,0.0,0,,,,,,,,,,,,,,,,,,,,0,,,,,,,,,,,,,,,,,,,,0,,,,,,,,,,,,,,,,,,,
R1076,여,25,20대,25~29,직장인,자유/전문직,대전,5대광역시,비수도권,0,0,1,0,0,0,0,0,0,0,0,0,1,0,0,카페라떼,얼음갈린티,,0,,,,,,,,,,,,,,,,,,,,1,1.0,1.0,0.0,0.0,0.0,0.0,0.0,0.0,0.0,1.0,0.0,0.0,0.0,0.0,0.0,0.0,1.0,0.0,0.0,0,,,,,,,,,,,,,,,,,,,,1,1.0,1.0,1.0,0.0,0.0,0.0,1.0,0.0,1.0,1.0,1.0,0.0,0.0,0.0,0.0,0.0,0.0,0.0,0.0,0,,,,,,,,,,,,,,,,,,,,0,,,,,,,,,,,,,,,,,,,
R1077,여,28,20대,25~29,직장인,자유/전문직,충남,기타지역,비수도권,0,0,0,0,0,1,0,1,0,0,0,1,1,0,0,얼음갈린티,과일티에이드,달콤한커피류,1,1.0,1.0,0.0,0.0,0.0,1.0,0.0,0.0,0.0,0.0,0.0,0.0,0.0,0.0,0.0,0.0,0.0,0.0,0.0,1,1.0,1.0,0.0,0.0,0.0,0.0,0.0,0.0,0.0,1.0,0.0,0.0,0.0,0.0,0.0,0.0,0.0,0.0,0.0,1,1.0,1.0,0.0,0.0,0.0,0.0,0.0,0.0,0.0,0.0,0.0,0.0,0.0,0.0,0.0,0.0,0.0,1.0,0.0,1,1.0,0.0,0.0,0.0,0.0,1.0,0.0,1.0,0.0,1.0,1.0,0.0,1.0,0.0,0.0,0.0,0.0,0.0,0.0,0,,,,,,,,,,,,,,,,,,,,0,,,,,,,,,,,,,,,,,,,
R1078,남,49,40대,45~49,기타직업,무직,경기,서울외수도권,수도권,0,1,0,0,0,0,0,0,0,0,0,0,1,1,0,얼음갈린티,아메리카노,스무디쉐이크,1,1.0,1.0,0.0,1.0,0.0,1.0,1.0,0.0,0.0,0.0,1.0,0.0,0.0,0.0,0.0,0.0,0.0,0.0,0.0,0,,,,,,,,,,,,,,,,,,,,1,1.0,1.0,0.0,0.0,0.0,0.0,0.0,0.0,0.0,0.0,0.0,0.0,0.0,0.0,0.0,0.0,1.0,0.0,0.0,1,1.0,1.0,0.0,0.0,0.0,1.0,1.0,1.0,0.0,0.0,0.0,0.0,0.0,0.0,0.0,0.0,0.0,0.0,0.0,1,1.0,0.0,0.0,0.0,0.0,1.0,0.0,0.0,0.0,0.0,0.0,0.0,0.0,0.0,0.0,0.0,0.0,0.0,0.0,0,,,,,,,,,,,,,,,,,,,
R1079,남,27,20대,25~29,기타직업,판매/영업 서비스직,광주,5대광역시,비수도권,0,1,0,0,0,0,0,0,0,0,0,0,0,0,0,아메리카노,,,0,,,,,,,,,,,,,,,,,,,,0,,,,,,,,,,,,,,,,,,,,1,1.0,1.0,0.0,0.0,1.0,0.0,0.0,0.0,0.0,0.0,0.0,0.0,0.0,0.0,0.0,0.0,0.0,0.0,0.0,1,1.0,1.0,0.0,1.0,0.0,0.0,0.0,0.0,0.0,1.0,0.0,0.0,0.0,0.0,0.0,0.0,0.0,0.0,0.0,1,1.0,0.0,0.0,0.0,0.0,0.0,0.0,1.0,0.0,0.0,0.0,1.0,0.0,0.0,0.0,0.0,1.0,0.0,0.0,1,1.0,1.0,0.0,0.0,0.0,1.0,0.0,0.0,1.0,0.0,0.0,0.0,0.0,0.0,0.0,0.0,0.0,0.0,0.0
R1080,여,58,50대,55~59,직장인,사무/기술직,경기,서울외수도권,수도권,0,1,1,0,0,0,0,1,0,0,0,0,0,0,1,주스에이드,아메리카노,카페라떼,0,,,,,,,,,,,,,,,,,,,,0,,,,,,,,,,,,,,,,,,,,0,,,,,,,,,,,,,,,,,,,,0,,,,,,,,,,,,,,,,,,,,1,1.0,1.0,0.0,0.0,0.0,1.0,0.0,0.0,0.0,0.0,0.0,0.0,0.0,0.0,0.0,0.0,0.0,0.0,0.0,0,,,,,,,,,,,,,,,,,,,
R1081,남,40,40대,40~44,전업주부,전업주부,경기,서울외수도권,수도권,0,1,0,0,0,0,0,0,0,0,0,0,0,0,0,아메리카노,,,0,,,,,,,,,,,,,,,,,,,,0,,,,,,,,,,,,,,,,,,,,0,,,,,,,,,,,,,,,,,,,,1,1.0,1.0,0.0,0.0,0.0,1.0,0.0,0.0,0.0,1.0,0.0,0.0,0.0,0.0,0.0,0.0,0.0,0.0,0.0,0,,,,,,,,,,,,,,,,,,,,1,1.0,1.0,0.0,1.0,0.0,0.0,1.0,0.0,0.0,0.0,0.0,0.0,0.0,0.0,0.0,0.0,0.0,0.0,0.0
R1082,남,31,30대,30~34,전업주부,전업주부,전북,기타지역,비수도권,0,1,0,0,0,0,0,0,0,0,0,0,0,1,0,아메리카노,스무디쉐이크,,0,,,,,,,,,,,,,,,,,,,,1,1.0,1.0,0.0,0.0,1.0,0.0,1.0,0.0,0.0,0.0,0.0,0.0,0.0,0.0,0.0,0.0,1.0,0.0,0.0,1,1.0,1.0,0.0,0.0,0.0,1.0,1.0,0.0,0.0,0.0,0.0,0.0,1.0,0.0,0.0,0.0,0.0,0.0,0.0,0,,,,,,,,,,,,,,,,,,,,0,,,,,,,,,,,,,,,,,,,,0,,,,,,,,,,,,,,,,,,,
R1083,남,23,20대,20~24,대학(원)생,대학생,경기,서울외수도권,수도권,0,1,0,0,1,0,0,1,0,0,0,0,0,0,1,달콤한커피류,주스에이드,아메리카노,0,,,,,,,,,,,,,,,,,,,,0,,,,,,,,,,,,,,,,,,,,1,1.0,1.0,0.0,0.0,0.0,0.0,0.0,0.0,0.0,0.0,0.0,0.0,0.0,0.0,0.0,0.0,0.0,0.0,0.0,0,,,,,,,,,,,,,,,,,,,,0,,,,,,,,,,,,,,,,,,,,0,,,,,,,,,,,,,,,,,,,
R1084,여,43,40대,40~44,기타직업,기능/작업직,대구,5대광역시,비수도권,0,1,1,0,1,0,0,0,0,0,0,0,0,0,1,아메리카노,카페라떼,콜드브루,1,1.0,1.0,0.0,0.0,0.0,0.0,0.0,0.0,0.0,0.0,0.0,1.0,0.0,0.0,0.0,0.0,0.0,0.0,0.0,0,,,,,,,,,,,,,,,,,,,,0,,,,,,,,,,,,,,,,,,,,1,1.0,0.0,0.0,0.0,1.0,1.0,0.0,0.0,1.0,0.0,1.0,0.0,0.0,0.0,0.0,0.0,0.0,1.0,0.0,1,1.0,1.0,0.0,0.0,0.0,1.0,0.0,0.0,1.0,0.0,0.0,0.0,0.0,0.0,0.0,0.0,0.0,0.0,0.0,0,,,,,,,,,,,,,,,,,,,
R1085,여,43,40대,40~44,직장인,기능/작업직,서울,서울,수도권,0,1,0,0,0,0,0,0,0,1,0,1,0,0,0,아메리카노,기본티,과일티에이드,0,,,,,,,,,,,,,,,,,,,,0,,,,,,,,,,,,,,,,,,,,0,,,,,,,,,,,,,,,,,,,,1,1.0,0.0,0.0,0.0,0.0,0.0,0.0,0.0,0.0,1.0,0.0,0.0,0.0,0.0,0.0,0.0,0.0,0.0,0.0,1,1.0,1.0,0.0,0.0,0.0,1.0,1.0,0.0,0.0,0.0,0.0,0.0,0.0,0.0,0.0,0.0,0.0,0.0,0.0,0,,,,,,,,,,,,,,,,,,,
R1086,남,54,50대,50~54,직장인,자영업,충북,기타지역,비수도권,0,0,1,0,1,0,0,0,0,0,0,0,0,0,1,카페라떼,주스에이드,콜드브루,0,,,,,,,,,,,,,,,,,,,,0,,,,,,,,,,,,,,,,,,,,1,1.0,1.0,0.0,1.0,0.0,0.0,0.0,0.0,0.0,0.0,0.0,0.0,0.0,0.0,0.0,0.0,0.0,0.0,0.0,1,1.0,1.0,1.0,0.0,1.0,0.0,0.0,0.0,0.0,0.0,1.0,0.0,0.0,0.0,0.0,0.0,0.0,0.0,0.0,1,1.0,1.0,0.0,0.0,0.0,1.0,1.0,0.0,0.0,0.0,0.0,0.0,0.0,0.0,0.0,0.0,0.0,0.0,0.0,0,,,,,,,,,,,,,,,,,,,
R1087,남,41,40대,40~44,직장인,사무/기술직,충남,기타지역,비수도권,0,1,1,0,1,0,0,0,0,0,0,0,0,0,0,아메리카노,카페라떼,콜드브루,1,1.0,1.0,0.0,0.0,0.0,0.0,0.0,0.0,1.0,0.0,0.0,0.0,1.0,0.0,0.0,1.0,0.0,0.0,0.0,0,,,,,,,,,,,,,,,,,,,,0,,,,,,,,,,,,,,,,,,,,0,,,,,,,,,,,,,,,,,,,,0,,,,,,,,,,,,,,,,,,,,1,1.0,1.0,0.0,1.0,1.0,1.0,0.0,0.0,0.0,0.0,0.0,0.0,0.0,0.0,0.0,0.0,0.0,0.0,0.0
R1088,남,48,40대,45~49,직장인,사무/기술직,서울,서울,수도권,0,1,0,1,0,0,0,0,0,0,0,0,1,0,1,얼음갈린티,주스에이드,아메리카노,1,1.0,1.0,0.0,0.0,1.0,0.0,0.0,0.0,0.0,0.0,0.0,0.0,0.0,0.0,0.0,0.0,0.0,0.0,0.0,1,1.0,1.0,0.0,0.0,0.0,0.0,1.0,0.0,0.0,0.0,0.0,0.0,0.0,0.0,0.0,0.0,0.0,1.0,0.0,1,1.0,0.0,0.0,1.0,0.0,1.0,0.0,0.0,0.0,0.0,0.0,0.0,0.0,0.0,0.0,0.0,0.0,0.0,0.0,1,1.0,0.0,1.0,0.0,0.0,1.0,1.0,0.0,0.0,0.0,0.0,0.0,0.0,0.0,0.0,0.0,0.0,0.0,0.0,1,1.0,0.0,0.0,0.0,0.0,0.0,0.0,0.0,0.0,1.0,0.0,0.0,0.0,0.0,0.0,0.0,0.0,0.0,0.0,0,,,,,,,,,,,,,,,,,,,
R1089,남,37,30대,35~39,대학(원)생,대학생,경남,기타지역,비수도권,0,1,0,1,1,0,0,0,0,0,0,0,1,0,0,아메리카노,콜드브루,얼음갈린티,0,,,,,,,,,,,,,,,,,,,,0,,,,,,,,,,,,,,,,,,,,0,,,,,,,,,,,,,,,,,,,,0,,,,,,,,,,,,,,,,,,,,1,1.0,0.0,0.0,0.0,0.0,0.0,0.0,0.0,0.0,1.0,0.0,0.0,0.0,0.0,0.0,0.0,0.0,0.0,0.0,0,,,,,,,,,,,,,,,,,,,
R1090,남,27,20대,25~29,직장인,자영업,경기,서울외수도권,수도권,0,0,0,0,0,0,0,0,0,0,0,0,0,0,0,,,,0,,,,,,,,,,,,,,,,,,,,1,1.0,1.0,0.0,1.0,0.0,0.0,0.0,0.0,0.0,0.0,0.0,1.0,0.0,0.0,0.0,1.0,0.0,0.0,0.0,0,,,,,,,,,,,,,,,,,,,,0,,,,,,,,,,,,,,,,,,,,0,,,,,,,,,,,,,,,,,,,,0,,,,,,,,,,,,,,,,,,,
R1091,남,43,40대,40~44,기타직업,판매/영업 서비스직,경기,서울외수도권,수도권,1,1,0,0,0,0,0,0,0,0,1,0,0,0,0,달콤한티,아메리카노,에스프레소,0,,,,,,,,,,,,,,,,,,,,1,1.0,1.0,0.0,0.0,0.0,1.0,0.0,0.0,0.0,0.0,0.0,1.0,1.0,0.0,0.0,0.0,0.0,0.0,0.0,1,1.0,1.0,0.0,0.0,1.0,1.0,0.0,0.0,0.0,0.0,1.0,1.0,0.0,0.0,0.0,0.0,0.0,0.0,0.0,1,1.0,0.0,1.0,0.0,1.0,1.0,0.0,0.0,0.0,0.0,0.0,0.0,0.0,0.0,0.0,0.0,0.0,0.0,0.0,1,1.0,1.0,0.0,0.0,0.0,0.0,0.0,0.0,0.0,0.0,0.0,0.0,0.0,0.0,0.0,0.0,0.0,0.0,0.0,1,1.0,0.0,0.0,0.0,1.0,1.0,0.0,0.0,1.0,0.0,0.0,0.0,0.0,0.0,0.0,0.0,0.0,0.0,0.0
R1092,여,24,20대,20~24,기타직업,기타,경기,서울외수도권,수도권,0,1,0,0,0,0,0,0,0,0,0,0,0,1,0,아메리카노,스무디쉐이크,,0,,,,,,,,,,,,,,,,,,,,0,,,,,,,,,,,,,,,,,,,,1,1.0,0.0,0.0,0.0,1.0,0.0,0.0,0.0,0.0,0.0,0.0,0.0,0.0,0.0,0.0,0.0,0.0,0.0,0.0,0,,,,,,,,,,,,,,,,,,,,0,,,,,,,,,,,,,,,,,,,,1,1.0,1.0,1.0,0.0,0.0,1.0,0.0,0.0,0.0,1.0,0.0,0.0,0.0,0.0,0.0,0.0,0.0,0.0,0.0
R1093,여,41,40대,40~44,직장인,기능/작업직,충남,기타지역,비수도권,0,1,1,0,0,0,0,0,1,0,0,0,0,0,0,카페라떼,아메리카노,얼음갈린커피,1,1.0,1.0,0.0,0.0,0.0,0.0,0.0,0.0,0.0,0.0,0.0,0.0,0.0,0.0,0.0,0.0,0.0,0.0,0.0,0,,,,,,,,,,,,,,,,,,,,1,1.0,1.0,0.0,0.0,0.0,0.0,0.0,0.0,0.0,0.0,0.0,1.0,0.0,0.0,0.0,0.0,0.0,0.0,0.0,1,1.0,0.0,0.0,0.0,0.0,1.0,0.0,0.0,0.0,0.0,0.0,0.0,0.0,0.0,0.0,1.0,0.0,0.0,0.0,0,,,,,,,,,,,,,,,,,,,,1,1.0,1.0,0.0,0.0,0.0,0.0,0.0,0.0,0.0,0.0,1.0,1.0,0.0,0.0,0.0,0.0,0.0,0.0,0.0
R1094,남,57,50대,55~59,직장인,사무/기술직,세종,기타지역,비수도권,0,1,1,0,1,0,1,0,0,0,1,0,0,0,0,아메리카노,드립핸드드립,달콤한티,0,,,,,,,,,,,,,,,,,,,,0,,,,,,,,,,,,,,,,,,,,0,,,,,,,,,,,,,,,,,,,,0,,,,,,,,,,,,,,,,,,,,1,1.0,1.0,0.0,0.0,0.0,0.0,0.0,0.0,0.0,1.0,1.0,0.0,0.0,0.0,0.0,0.0,0.0,0.0,0.0,0,,,,,,,,,,,,,,,,,,,
R1095,남,37,30대,35~39,대학(원)생,대학생,서울,서울,수도권,0,1,0,0,0,0,0,0,0,0,0,0,1,0,1,주스에이드,아메리카노,얼음갈린티,1,1.0,1.0,0.0,1.0,1.0,0.0,0.0,0.0,0.0,1.0,0.0,0.0,0.0,0.0,0.0,0.0,0.0,0.0,0.0,0,,,,,,,,,,,,,,,,,,,,1,1.0,1.0,1.0,0.0,1.0,1.0,0.0,0.0,0.0,0.0,0.0,0.0,0.0,0.0,0.0,0.0,0.0,0.0,0.0,1,1.0,1.0,0.0,1.0,0.0,0.0,0.0,1.0,0.0,0.0,0.0,0.0,0.0,0.0,0.0,0.0,0.0,0.0,0.0,0,,,,,,,,,,,,,,,,,,,,1,1.0,0.0,0.0,0.0,0.0,1.0,1.0,0.0,0.0,0.0,0.0,0.0,0.0,0.0,0.0,0.0,1.0,0.0,0.0
R1096,여,35,30대,35~39,직장인,사무/기술직,서울,서울,수도권,0,1,0,0,0,0,0,1,0,0,0,0,0,0,0,아메리카노,달콤한커피류,,1,1.0,0.0,0.0,0.0,0.0,0.0,0.0,0.0,1.0,0.0,0.0,0.0,0.0,0.0,0.0,0.0,1.0,0.0,0.0,0,,,,,,,,,,,,,,,,,,,,1,1.0,0.0,0.0,0.0,0.0,0.0,1.0,0.0,0.0,0.0,0.0,0.0,0.0,0.0,0.0,1.0,0.0,0.0,0.0,1,1.0,1.0,0.0,0.0,0.0,0.0,1.0,0.0,0.0,0.0,1.0,0.0,0.0,0.0,0.0,0.0,0.0,0.0,0.0,0,,,,,,,,,,,,,,,,,,,,1,1.0,1.0,1.0,0.0,0.0,0.0,0.0,0.0,0.0,0.0,0.0,0.0,0.0,0.0,0.0,0.0,0.0,0.0,0.0
R1097,남,39,30대,35~39,대학(원)생,대학원생,서울,서울,수도권,0,1,0,0,0,0,0,1,0,0,0,0,0,0,0,달콤한커피류,아메리카노,,0,,,,,,,,,,,,,,,,,,,,1,1.0,1.0,1.0,0.0,0.0,1.0,0.0,0.0,0.0,0.0,0.0,0.0,0.0,0.0,0.0,0.0,0.0,0.0,0.0,0,,,,,,,,,,,,,,,,,,,,1,1.0,1.0,0.0,0.0,0.0,0.0,0.0,0.0,0.0,0.0,0.0,0.0,0.0,0.0,1.0,0.0,0.0,0.0,0.0,0,,,,,,,,,,,,,,,,,,,,0,,,,,,,,,,,,,,,,,,,
R1098,남,32,30대,30~34,기타직업,기능/작업직,경북,기타지역,비수도권,0,0,0,0,1,0,0,0,0,0,0,0,0,0,0,콜드브루,,,1,1.0,1.0,0.0,1.0,1.0,0.0,1.0,0.0,0.0,1.0,0.0,0.0,1.0,0.0,0.0,0.0,0.0,0.0,0.0,0,,,,,,,,,,,,,,,,,,,,0,,,,,,,,,,,,,,,,,,,,1,1.0,0.0,1.0,1.0,0.0,0.0,1.0,0.0,0.0,1.0,0.0,0.0,0.0,0.0,0.0,0.0,0.0,0.0,0.0,1,1.0,0.0,0.0,0.0,0.0,1.0,0.0,0.0,0.0,0.0,0.0,0.0,0.0,0.0,0.0,0.0,0.0,0.0,0.0,1,1.0,0.0,0.0,0.0,0.0,0.0,0.0,1.0,0.0,0.0,0.0,0.0,0.0,0.0,1.0,0.0,1.0,1.0,0.0
R1099,여,55,50대,55~59,대학(원)생,대학생,경남,기타지역,비수도권,0,1,0,0,0,0,0,0,0,0,0,1,0,0,0,아메리카노,과일티에이드,,1,1.0,1.0,1.0,1.0,0.0,0.0,0.0,0.0,0.0,0.0,0.0,0.0,0.0,1.0,0.0,0.0,0.0,0.0,0.0,1,1.0,1.0,0.0,0.0,0.0,0.0,0.0,0.0,0.0,0.0,0.0,0.0,0.0,0.0,0.0,1.0,0.0,0.0,0.0,0,,,,,,,,,,,,,,,,,,,,1,1.0,1.0,0.0,0.0,0.0,0.0,0.0,0.0,0.0,0.0,0.0,0.0,0.0,0.0,0.0,0.0,0.0,0.0,0.0,1,1.0,0.0,0.0,0.0,0.0,0.0,0.0,0.0,0.0,0.0,0.0,0.0,0.0,0.0,0.0,0.0,0.0,0.0,0.0,0,,,,,,,,,,,,,,,,,,,
R1100,남,39,30대,35~39,직장인,사무/기술직,경기,서울외수도권,수도권,0,1,0,0,1,1,0,1,0,0,0,0,0,0,0,달콤한커피류,아메리카노,콜드브루,0,,,,,,,,,,,,,,,,,,,,1,1.0,1.0,0.0,0.0,0.0,0.0,0.0,0.0,0.0,0.0,0.0,0.0,0.0,0.0,0.0,0.0,0.0,1.0,0.0,0,,,,,,,,,,,,,,,,,,,,1,1.0,0.0,0.0,0.0,0.0,0.0,1.0,0.0,0.0,0.0,0.0,0.0,0.0,0.0,0.0,0.0,0.0,0.0,0.0,0,,,,,,,,,,,,,,,,,,,,0,,,,,,,,,,,,,,,,,,,
R1101,여,25,20대,25~29,직장인,사무/기술직,경기,서울외수도권,수도권,0,0,1,1,1,0,0,1,0,1,1,0,0,0,0,달콤한티,달콤한커피류,카페라떼,0,,,,,,,,,,,,,,,,,,,,0,,,,,,,,,,,,,,,,,,,,1,1.0,0.0,0.0,1.0,0.0,1.0,0.0,0.0,0.0,0.0,0.0,0.0,0.0,0.0,0.0,0.0,0.0,0.0,0.0,0,,,,,,,,,,,,,,,,,,,,1,1.0,0.0,0.0,0.0,0.0,0.0,0.0,0.0,0.0,0.0,1.0,0.0,0.0,0.0,0.0,0.0,0.0,0.0,0.0,0,,,,,,,,,,,,,,,,,,,
R1102,남,41,40대,40~44,전업주부,전업주부,서울,서울,수도권,0,1,0,0,0,0,0,0,0,0,0,0,0,1,0,아메리카노,스무디쉐이크,,0,,,,,,,,,,,,,,,,,,,,0,,,,,,,,,,,,,,,,,,,,0,,,,,,,,,,,,,,,,,,,,0,,,,,,,,,,,,,,,,,,,,1,1.0,0.0,0.0,0.0,0.0,0.0,0.0,0.0,0.0,0.0,0.0,0.0,0.0,0.0,0.0,0.0,0.0,1.0,0.0,0,,,,,,,,,,,,,,,,,,,
R1103,여,41,40대,40~44,기타직업,무직,경기,서울외수도권,수도권,0,1,0,0,1,0,0,0,1,0,1,0,1,1,0,스무디쉐이크,아메리카노,얼음갈린티,0,,,,,,,,,,,,,,,,,,,,0,,,,,,,,,,,,,,,,,,,,0,,,,,,,,,,,,,,,,,,,,0,,,,,,,,,,,,,,,,,,,,0,,,,,,,,,,,,,,,,,,,,0,,,,,,,,,,,,,,,,,,,
R1104,여,27,20대,25~29,직장인,자영업,부산,5대광역시,비수도권,0,0,0,1,0,0,0,1,1,0,1,1,1,0,0,달콤한티,과일티에이드,카푸치노,0,,,,,,,,,,,,,,,,,,,,0,,,,,,,,,,,,,,,,,,,,1,1.0,1.0,0.0,0.0,1.0,1.0,1.0,0.0,0.0,0.0,0.0,0.0,0.0,0.0,0.0,0.0,0.0,0.0,0.0,1,1.0,0.0,1.0,1.0,0.0,0.0,1.0,0.0,0.0,0.0,0.0,0.0,0.0,0.0,0.0,0.0,0.0,0.0,0.0,0,,,,,,,,,,,,,,,,,,,,0,,,,,,,,,,,,,,,,,,,
R1105,남,44,40대,40~44,직장인,경영/관리직,전남,기타지역,비수도권,0,1,0,0,0,0,0,1,0,0,0,0,0,0,0,아메리카노,달콤한커피류,,1,1.0,1.0,0.0,0.0,1.0,0.0,0.0,0.0,0.0,0.0,0.0,0.0,0.0,0.0,0.0,0.0,0.0,0.0,0.0,0,,,,,,,,,,,,,,,,,,,,1,1.0,0.0,0.0,1.0,1.0,1.0,0.0,0.0,0.0,0.0,0.0,0.0,0.0,0.0,0.0,0.0,0.0,0.0,0.0,0,,,,,,,,,,,,,,,,,,,,0,,,,,,,,,,,,,,,,,,,,0,,,,,,,,,,,,,,,,,,,
R1106,여,50,50대,50~54,기타직업,기타,광주,5대광역시,비수도권,0,1,1,0,0,0,0,1,0,0,0,1,0,0,0,아메리카노,카페라떼,과일티에이드,0,,,,,,,,,,,,,,,,,,,,0,,,,,,,,,,,,,,,,,,,,0,,,,,,,,,,,,,,,,,,,,1,1.0,0.0,1.0,0.0,0.0,0.0,0.0,0.0,0.0,0.0,0.0,1.0,0.0,0.0,0.0,0.0,0.0,0.0,0.0,1,1.0,1.0,0.0,0.0,1.0,0.0,0.0,0.0,0.0,1.0,0.0,0.0,0.0,0.0,0.0,0.0,0.0,0.0,0.0,1,1.0,1.0,0.0,0.0,0.0,0.0,0.0,0.0,0.0,0.0,0.0,0.0,0.0,0.0,0.0,0.0,0.0,0.0,0.0
R1107,여,30,30대,30~34,직장인,사무/기술직,부산,5대광역시,비수도권,0,0,1,0,0,0,0,0,0,0,0,0,0,0,1,주스에이드,카페라떼,,1,1.0,1.0,1.0,1.0,0.0,0.0,1.0,0.0,0.0,0.0,0.0,0.0,0.0,0.0,0.0,0.0,0.0,0.0,0.0,1,1.0,1.0,0.0,0.0,1.0,0.0,0.0,0.0,0.0,0.0,0.0,0.0,0.0,0.0,0.0,0.0,0.0,0.0,0.0,0,,,,,,,,,,,,,,,,,,,,0,,,,,,,,,,,,,,,,,,,,1,1.0,0.0,0.0,0.0,0.0,0.0,0.0,1.0,0.0,0.0,0.0,1.0,0.0,0.0,0.0,0.0,0.0,0.0,0.0,1,1.0,1.0,0.0,0.0,0.0,0.0,0.0,0.0,0.0,0.0,0.0,0.0,0.0,0.0,1.0,0.0,0.0,0.0,1.0
R1108,여,33,30대,30~34,직장인,사무/기술직,서울,서울,수도권,0,1,1,0,0,0,0,1,0,0,0,0,1,0,0,아메리카노,카페라떼,얼음갈린티,0,,,,,,,,,,,,,,,,,,,,0,,,,,,,,,,,,,,,,,,,,1,1.0,1.0,0.0,1.0,0.0,0.0,0.0,0.0,0.0,0.0,1.0,0.0,0.0,0.0,0.0,0.0,0.0,0.0,0.0,1,1.0,0.0,0.0,1.0,0.0,0.0,0.0,0.0,0.0,0.0,1.0,0.0,0.0,0.0,0.0,0.0,0.0,0.0,0.0,0,,,,,,,,,,,,,,,,,,,,0,,,,,,,,,,,,,,,,,,,
R1109,남,53,50대,50~54,전업주부,전업주부,인천,서울외수도권,수도권,0,0,1,0,1,0,1,0,0,0,0,0,0,0,0,콜드브루,카페라떼,드립핸드드립,0,,,,,,,,,,,,,,,,,,,,1,1.0,1.0,0.0,0.0,1.0,0.0,0.0,0.0,0.0,0.0,0.0,0.0,0.0,0.0,0.0,0.0,0.0,0.0,0.0,1,1.0,1.0,1.0,0.0,1.0,1.0,0.0,0.0,1.0,0.0,0.0,0.0,0.0,0.0,0.0,0.0,1.0,0.0,0.0,0,,,,,,,,,,,,,,,,,,,,0,,,,,,,,,,,,,,,,,,,,0,,,,,,,,,,,,,,,,,,,
R1110,여,58,50대,55~59,직장인,경영/관리직,서울,서울,수도권,0,1,1,0,0,0,0,1,0,0,0,0,0,0,1,아메리카노,달콤한커피류,카페라떼,0,,,,,,,,,,,,,,,,,,,,1,1.0,1.0,0.0,1.0,0.0,0.0,1.0,0.0,0.0,0.0,0.0,0.0,0.0,0.0,0.0,0.0,0.0,0.0,0.0,0,,,,,,,,,,,,,,,,,,,,0,,,,,,,,,,,,,,,,,,,,0,,,,,,,,,,,,,,,,,,,,1,1.0,1.0,0.0,1.0,0.0,1.0,0.0,0.0,0.0,0.0,0.0,0.0,0.0,0.0,1.0,0.0,0.0,0.0,0.0
R1111,여,54,50대,50~54,직장인,사무/기술직,대전,5대광역시,비수도권,0,1,0,0,0,0,0,0,0,0,0,0,0,0,1,아메리카노,주스에이드,,0,,,,,,,,,,,,,,,,,,,,0,,,,,,,,,,,,,,,,,,,,0,,,,,,,,,,,,,,,,,,,,0,,,,,,,,,,,,,,,,,,,,0,,,,,,,,,,,,,,,,,,,,0,,,,,,,,,,,,,,,,,,,
R1112,여,26,20대,25~29,직장인,사무/기술직,서울,서울,수도권,0,1,1,1,0,0,1,0,0,0,0,0,0,1,0,스무디쉐이크,아메리카노,카페라떼,1,1.0,1.0,0.0,1.0,0.0,0.0,0.0,0.0,0.0,0.0,0.0,0.0,0.0,0.0,0.0,0.0,0.0,0.0,0.0,0,,,,,,,,,,,,,,,,,,,,0,,,,,,,,,,,,,,,,,,,,0,,,,,,,,,,,,,,,,,,,,1,1.0,1.0,0.0,0.0,0.0,0.0,0.0,0.0,0.0,0.0,0.0,0.0,0.0,0.0,0.0,0.0,0.0,0.0,0.0,1,1.0,0.0,1.0,0.0,0.0,0.0,0.0,0.0,0.0,0.0,0.0,0.0,0.0,0.0,0.0,0.0,0.0,0.0,0.0
R1113,여,29,20대,25~29,기타직업,기타,서울,서울,수도권,0,1,0,0,0,0,1,0,1,0,0,0,0,0,0,아메리카노,드립핸드드립,얼음갈린커피,0,,,,,,,,,,,,,,,,,,,,1,1.0,1.0,0.0,1.0,1.0,0.0,0.0,0.0,0.0,0.0,0.0,0.0,0.0,0.0,0.0,0.0,0.0,0.0,0.0,0,,,,,,,,,,,,,,,,,,,,0,,,,,,,,,,,,,,,,,,,,0,,,,,,,,,,,,,,,,,,,,0,,,,,,,,,,,,,,,,,,,
R1114,남,46,40대,45~49,직장인,자영업,서울,서울,수도권,0,1,1,0,0,0,0,0,0,0,0,0,0,0,1,아메리카노,주스에이드,카페라떼,0,,,,,,,,,,,,,,,,,,,,0,,,,,,,,,,,,,,,,,,,,0,,,,,,,,,,,,,,,,,,,,0,,,,,,,,,,,,,,,,,,,,0,,,,,,,,,,,,,,,,,,,,0,,,,,,,,,,,,,,,,,,,
R1115,남,40,40대,40~44,직장인,사무/기술직,경기,서울외수도권,수도권,0,0,0,0,1,0,0,0,0,0,0,0,0,0,0,콜드브루,,,0,,,,,,,,,,,,,,,,,,,,0,,,,,,,,,,,,,,,,,,,,1,1.0,1.0,0.0,1.0,0.0,0.0,1.0,0.0,0.0,1.0,0.0,0.0,0.0,0.0,0.0,0.0,0.0,0.0,1.0,0,,,,,,,,,,,,,,,,,,,,0,,,,,,,,,,,,,,,,,,,,0,,,,,,,,,,,,,,,,,,,
R1116,여,31,30대,30~34,직장인,사무/기술직,인천,서울외수도권,수도권,0,1,0,0,0,1,0,1,0,0,1,0,0,0,0,아메리카노,달콤한티,달콤한커피류,1,1.0,1.0,0.0,0.0,0.0,0.0,0.0,0.0,0.0,0.0,0.0,0.0,0.0,0.0,0.0,0.0,1.0,0.0,0.0,1,1.0,1.0,1.0,0.0,1.0,0.0,0.0,0.0,0.0,0.0,0.0,1.0,0.0,0.0,0.0,0.0,1.0,1.0,0.0,0,,,,,,,,,,,,,,,,,,,,0,,,,,,,,,,,,,,,,,,,,1,1.0,1.0,0.0,1.0,0.0,0.0,1.0,0.0,0.0,0.0,0.0,0.0,0.0,0.0,0.0,0.0,0.0,0.0,0.0,0,,,,,,,,,,,,,,,,,,,
R1117,남,44,40대,40~44,전업주부,전업주부,세종,기타지역,비수도권,0,1,1,0,0,0,0,0,0,0,1,1,0,0,0,카페라떼,아메리카노,달콤한티,1,1.0,0.0,0.0,0.0,0.0,0.0,0.0,0.0,0.0,0.0,0.0,0.0,0.0,0.0,0.0,0.0,0.0,0.0,0.0,1,1.0,0.0,1.0,0.0,0.0,0.0,0.0,0.0,0.0,0.0,0.0,0.0,1.0,0.0,0.0,0.0,0.0,0.0,0.0,1,1.0,0.0,1.0,0.0,0.0,0.0,0.0,0.0,0.0,0.0,0.0,0.0,0.0,0.0,0.0,0.0,0.0,0.0,0.0,0,,,,,,,,,,,,,,,,,,,,1,1.0,1.0,0.0,0.0,0.0,0.0,0.0,0.0,0.0,0.0,0.0,0.0,0.0,0.0,0.0,0.0,0.0,0.0,0.0,0,,,,,,,,,,,,,,,,,,,
R1118,남,49,40대,45~49,직장인,자유/전문직,세종,기타지역,비수도권,0,1,0,0,0,0,0,0,1,1,0,0,0,0,0,아메리카노,기본티,얼음갈린커피,0,,,,,,,,,,,,,,,,,,,,1,1.0,0.0,0.0,0.0,1.0,1.0,1.0,0.0,0.0,0.0,0.0,0.0,0.0,0.0,0.0,0.0,0.0,0.0,0.0,0,,,,,,,,,,,,,,,,,,,,0,,,,,,,,,,,,,,,,,,,,1,1.0,0.0,0.0,0.0,0.0,0.0,0.0,0.0,0.0,0.0,0.0,0.0,0.0,0.0,0.0,0.0,0.0,0.0,0.0,0,,,,,,,,,,,,,,,,,,,
R1119,남,26,20대,25~29,직장인,사무/기술직,서울,서울,수도권,0,1,1,0,0,0,1,0,0,0,0,0,1,1,1,드립핸드드립,아메리카노,스무디쉐이크,0,,,,,,,,,,,,,,,,,,,,0,,,,,,,,,,,,,,,,,,,,0,,,,,,,,,,,,,,,,,,,,0,,,,,,,,,,,,,,,,,,,,1,1.0,0.0,0.0,0.0,0.0,0.0,1.0,0.0,0.0,0.0,0.0,0.0,0.0,0.0,0.0,0.0,0.0,0.0,0.0,0,,,,,,,,,,,,,,,,,,,
R1120,남,24,20대,20~24,직장인,사무/기술직,서울,서울,수도권,0,1,1,0,1,0,0,0,0,0,0,1,0,1,0,아메리카노,콜드브루,카페라떼,1,1.0,1.0,0.0,1.0,0.0,0.0,0.0,0.0,0.0,0.0,0.0,0.0,0.0,0.0,1.0,0.0,0.0,0.0,0.0,0,,,,,,,,,,,,,,,,,,,,0,,,,,,,,,,,,,,,,,,,,1,1.0,1.0,0.0,0.0,0.0,0.0,0.0,0.0,0.0,0.0,0.0,0.0,0.0,0.0,0.0,0.0,0.0,0.0,0.0,0,,,,,,,,,,,,,,,,,,,,0,,,,,,,,,,,,,,,,,,,
R1121,남,55,50대,55~59,기타직업,자유/전문직,전남,기타지역,비수도권,0,1,0,0,0,0,0,0,0,0,0,0,0,0,0,아메리카노,,,1,1.0,0.0,0.0,1.0,0.0,1.0,0.0,0.0,0.0,0.0,1.0,0.0,0.0,0.0,0.0,0.0,0.0,0.0,0.0,1,1.0,1.0,0.0,0.0,1.0,0.0,0.0,0.0,0.0,0.0,1.0,1.0,0.0,0.0,0.0,0.0,0.0,0.0,0.0,1,1.0,1.0,0.0,0.0,0.0,0.0,0.0,0.0,0.0,0.0,0.0,0.0,0.0,0.0,0.0,1.0,0.0,0.0,0.0,0,,,,,,,,,,,,,,,,,,,,1,1.0,0.0,0.0,0.0,1.0,0.0,0.0,0.0,0.0,0.0,0.0,0.0,0.0,0.0,0.0,0.0,0.0,0.0,0.0,0,,,,,,,,,,,,,,,,,,,
R1122,남,59,50대,55~59,직장인,사무/기술직,경기,서울외수도권,수도권,0,1,0,0,0,0,1,1,0,0,1,0,1,0,0,아메리카노,얼음갈린티,달콤한커피류,1,1.0,1.0,0.0,1.0,0.0,0.0,0.0,0.0,0.0,0.0,0.0,0.0,0.0,0.0,0.0,0.0,0.0,0.0,0.0,0,,,,,,,,,,,,,,,,,,,,0,,,,,,,,,,,,,,,,,,,,1,1.0,1.0,1.0,0.0,0.0,0.0,1.0,0.0,0.0,0.0,0.0,0.0,0.0,0.0,0.0,0.0,0.0,0.0,0.0,1,1.0,0.0,0.0,0.0,0.0,1.0,0.0,0.0,0.0,0.0,0.0,0.0,0.0,0.0,0.0,1.0,0.0,0.0,0.0,0,,,,,,,,,,,,,,,,,,,
R1123,남,58,50대,55~59,직장인,자유/전문직,경기,서울외수도권,수도권,0,1,0,0,0,0,0,1,0,0,0,0,0,1,0,아메리카노,달콤한커피류,스무디쉐이크,0,,,,,,,,,,,,,,,,,,,,1,1.0,0.0,0.0,0.0,0.0,0.0,0.0,0.0,0.0,0.0,0.0,0.0,0.0,0.0,0.0,1.0,0.0,0.0,1.0,0,,,,,,,,,,,,,,,,,,,,0,,,,,,,,,,,,,,,,,,,,1,1.0,0.0,0.0,0.0,0.0,0.0,0.0,0.0,0.0,0.0,0.0,0.0,0.0,0.0,1.0,0.0,0.0,0.0,0.0,1,1.0,0.0,1.0,1.0,0.0,0.0,0.0,0.0,0.0,0.0,0.0,0.0,0.0,0.0,0.0,0.0,0.0,0.0,0.0
R1124,남,43,40대,40~44,기타직업,판매/영업 서비스직,경남,기타지역,비수도권,0,0,0,0,0,0,0,1,0,0,0,0,1,1,1,스무디쉐이크,달콤한커피류,주스에이드,1,1.0,1.0,0.0,0.0,0.0,0.0,0.0,0.0,0.0,0.0,0.0,0.0,0.0,0.0,0.0,0.0,0.0,0.0,0.0,1,1.0,1.0,0.0,1.0,0.0,0.0,1.0,0.0,0.0,0.0,0.0,0.0,0.0,0.0,0.0,0.0,0.0,0.0,0.0,0,,,,,,,,,,,,,,,,,,,,1,1.0,0.0,0.0,0.0,0.0,1.0,0.0,1.0,0.0,0.0,0.0,0.0,0.0,0.0,0.0,0.0,0.0,0.0,0.0,1,1.0,1.0,0.0,0.0,0.0,0.0,0.0,0.0,0.0,0.0,0.0,0.0,0.0,0.0,0.0,0.0,0.0,0.0,0.0,1,1.0,1.0,0.0,0.0,0.0,0.0,0.0,0.0,1.0,0.0,0.0,1.0,0.0,0.0,0.0,0.0,0.0,0.0,0.0
R1125,여,44,40대,40~44,직장인,사무/기술직,인천,서울외수도권,수도권,0,1,1,0,0,0,0,0,1,0,0,1,0,0,0,아메리카노,카페라떼,과일티에이드,0,,,,,,,,,,,,,,,,,,,,0,,,,,,,,,,,,,,,,,,,,0,,,,,,,,,,,,,,,,,,,,0,,,,,,,,,,,,,,,,,,,,0,,,,,,,,,,,,,,,,,,,,1,1.0,1.0,1.0,1.0,0.0,0.0,0.0,0.0,0.0,0.0,0.0,0.0,0.0,0.0,0.0,0.0,0.0,0.0,0.0
R1126,여,41,40대,40~44,기타직업,기타,경기,서울외수도권,수도권,0,0,1,0,0,0,0,1,1,0,0,1,0,0,1,카페라떼,얼음갈린커피,달콤한커피류,1,1.0,1.0,0.0,1.0,0.0,0.0,0.0,0.0,0.0,0.0,0.0,0.0,0.0,0.0,0.0,0.0,1.0,0.0,0.0,0,,,,,,,,,,,,,,,,,,,,0,,,,,,,,,,,,,,,,,,,,0,,,,,,,,,,,,,,,,,,,,0,,,,,,,,,,,,,,,,,,,,0,,,,,,,,,,,,,,,,,,,
R1127,남,44,40대,40~44,직장인,자유/전문직,서울,서울,수도권,0,1,0,0,0,0,0,0,0,0,0,1,0,0,0,아메리카노,과일티에이드,,0,,,,,,,,,,,,,,,,,,,,1,1.0,1.0,0.0,0.0,1.0,0.0,0.0,0.0,0.0,0.0,0.0,1.0,0.0,0.0,0.0,0.0,0.0,0.0,0.0,1,1.0,1.0,0.0,0.0,0.0,1.0,0.0,1.0,0.0,1.0,0.0,1.0,0.0,0.0,0.0,0.0,0.0,0.0,0.0,0,,,,,,,,,,,,,,,,,,,,1,1.0,0.0,1.0,0.0,0.0,1.0,0.0,0.0,1.0,0.0,0.0,0.0,0.0,0.0,1.0,0.0,0.0,0.0,0.0,0,,,,,,,,,,,,,,,,,,,
R1128,여,51,50대,50~54,기타직업,기타,서울,서울,수도권,0,0,1,1,1,1,1,0,0,0,0,0,1,0,0,카페라떼,얼음갈린티,콜드브루,0,,,,,,,,,,,,,,,,,,,,0,,,,,,,,,,,,,,,,,,,,0,,,,,,,,,,,,,,,,,,,,1,1.0,1.0,0.0,0.0,0.0,1.0,0.0,0.0,0.0,1.0,0.0,0.0,0.0,0.0,0.0,0.0,0.0,0.0,0.0,1,1.0,1.0,0.0,0.0,0.0,0.0,0.0,0.0,0.0,0.0,0.0,1.0,0.0,0.0,0.0,0.0,0.0,0.0,0.0,0,,,,,,,,,,,,,,,,,,,
R1129,남,39,30대,35~39,직장인,자유/전문직,인천,서울외수도권,수도권,0,1,0,0,0,0,0,0,1,0,0,0,0,1,0,아메리카노,스무디쉐이크,얼음갈린커피,0,,,,,,,,,,,,,,,,,,,,0,,,,,,,,,,,,,,,,,,,,0,,,,,,,,,,,,,,,,,,,,0,,,,,,,,,,,,,,,,,,,,1,1.0,1.0,0.0,0.0,0.0,0.0,0.0,0.0,1.0,0.0,0.0,0.0,0.0,0.0,0.0,0.0,0.0,0.0,0.0,1,1.0,1.0,0.0,0.0,0.0,1.0,0.0,0.0,0.0,0.0,0.0,1.0,0.0,0.0,0.0,0.0,0.0,1.0,0.0
R1130,여,21,20대,20~24,직장인,자영업,서울,서울,수도권,0,1,1,1,0,0,0,0,1,0,0,0,0,0,1,얼음갈린커피,아메리카노,카페라떼,1,1.0,1.0,0.0,1.0,0.0,0.0,0.0,0.0,0.0,0.0,1.0,0.0,0.0,0.0,0.0,0.0,0.0,0.0,0.0,0,,,,,,,,,,,,,,,,,,,,0,,,,,,,,,,,,,,,,,,,,0,,,,,,,,,,,,,,,,,,,,0,,,,,,,,,,,,,,,,,,,,0,,,,,,,,,,,,,,,,,,,
R1131,남,21,20대,20~24,직장인,자유/전문직,서울,서울,수도권,0,1,0,0,0,0,0,1,0,0,0,1,0,0,0,아메리카노,달콤한커피류,과일티에이드,0,,,,,,,,,,,,,,,,,,,,1,1.0,1.0,0.0,1.0,0.0,0.0,0.0,0.0,0.0,0.0,0.0,0.0,0.0,0.0,0.0,0.0,0.0,0.0,0.0,1,1.0,1.0,0.0,0.0,0.0,1.0,0.0,0.0,0.0,0.0,0.0,0.0,0.0,0.0,0.0,1.0,0.0,0.0,0.0,1,1.0,1.0,0.0,0.0,0.0,0.0,1.0,1.0,0.0,0.0,1.0,0.0,0.0,0.0,0.0,0.0,0.0,0.0,0.0,0,,,,,,,,,,,,,,,,,,,,0,,,,,,,,,,,,,,,,,,,
R1132,남,43,40대,40~44,직장인,자유/전문직,경북,기타지역,비수도권,0,1,0,0,0,0,0,0,0,1,0,1,0,0,1,아메리카노,과일티에이드,기본티,1,1.0,1.0,0.0,0.0,0.0,0.0,0.0,0.0,1.0,0.0,0.0,0.0,0.0,0.0,0.0,0.0,0.0,0.0,0.0,1,1.0,0.0,0.0,0.0,0.0,0.0,0.0,0.0,0.0,0.0,0.0,0.0,0.0,0.0,0.0,1.0,0.0,0.0,0.0,0,,,,,,,,,,,,,,,,,,,,1,1.0,0.0,1.0,0.0,1.0,0.0,0.0,0.0,0.0,1.0,0.0,0.0,0.0,0.0,0.0,0.0,0.0,0.0,0.0,1,1.0,0.0,1.0,0.0,0.0,1.0,0.0,0.0,0.0,0.0,0.0,0.0,0.0,0.0,0.0,0.0,0.0,0.0,0.0,0,,,,,,,,,,,,,,,,,,,
R1133,남,42,40대,40~44,직장인,판매/영업 서비스직,대전,5대광역시,비수도권,1,1,0,0,0,0,0,0,0,0,1,0,1,0,1,아메리카노,주스에이드,얼음갈린티,1,1.0,0.0,0.0,1.0,1.0,0.0,0.0,0.0,0.0,0.0,0.0,1.0,0.0,0.0,0.0,0.0,0.0,0.0,0.0,0,,,,,,,,,,,,,,,,,,,,0,,,,,,,,,,,,,,,,,,,,0,,,,,,,,,,,,,,,,,,,,0,,,,,,,,,,,,,,,,,,,,0,,,,,,,,,,,,,,,,,,,
R1134,남,46,40대,45~49,직장인,경영/관리직,대전,5대광역시,비수도권,0,1,0,0,1,0,0,0,0,0,0,0,0,0,0,아메리카노,콜드브루,,1,1.0,1.0,0.0,0.0,0.0,0.0,0.0,0.0,1.0,0.0,0.0,0.0,0.0,0.0,0.0,0.0,1.0,0.0,0.0,1,1.0,1.0,1.0,0.0,0.0,1.0,0.0,0.0,0.0,0.0,0.0,1.0,0.0,0.0,0.0,0.0,0.0,0.0,0.0,0,,,,,,,,,,,,,,,,,,,,0,,,,,,,,,,,,,,,,,,,,0,,,,,,,,,,,,,,,,,,,,1,1.0,1.0,1.0,0.0,0.0,0.0,1.0,0.0,0.0,0.0,0.0,0.0,0.0,0.0,0.0,0.0,0.0,0.0,0.0
R1135,남,44,40대,40~44,대학(원)생,대학생,울산,5대광역시,비수도권,0,0,0,0,0,0,0,0,0,1,0,0,1,1,0,기본티,스무디쉐이크,얼음갈린티,0,,,,,,,,,,,,,,,,,,,,0,,,,,,,,,,,,,,,,,,,,0,,,,,,,,,,,,,,,,,,,,0,,,,,,,,,,,,,,,,,,,,0,,,,,,,,,,,,,,,,,,,,0,,,,,,,,,,,,,,,,,,,
R1136,남,53,50대,50~54,기타직업,무직,대전,5대광역시,비수도권,0,1,0,1,1,0,0,1,0,1,0,0,0,0,0,달콤한커피류,아메리카노,카푸치노,1,1.0,1.0,0.0,1.0,1.0,0.0,0.0,0.0,0.0,0.0,0.0,0.0,0.0,0.0,0.0,0.0,0.0,0.0,0.0,0,,,,,,,,,,,,,,,,,,,,1,1.0,1.0,0.0,0.0,0.0,0.0,0.0,0.0,0.0,1.0,0.0,0.0,1.0,0.0,1.0,0.0,0.0,0.0,0.0,1,1.0,1.0,1.0,0.0,0.0,0.0,0.0,1.0,0.0,1.0,0.0,0.0,0.0,0.0,1.0,0.0,0.0,0.0,0.0,0,,,,,,,,,,,,,,,,,,,,1,1.0,1.0,0.0,0.0,0.0,1.0,0.0,1.0,0.0,1.0,0.0,0.0,0.0,0.0,0.0,0.0,0.0,0.0,0.0
R1137,남,38,30대,35~39,기타직업,기능/작업직,서울,서울,수도권,0,1,0,1,1,0,0,0,0,0,0,0,0,0,1,아메리카노,주스에이드,카푸치노,1,1.0,1.0,0.0,1.0,0.0,0.0,0.0,0.0,0.0,0.0,0.0,0.0,0.0,0.0,0.0,0.0,0.0,0.0,0.0,0,,,,,,,,,,,,,,,,,,,,0,,,,,,,,,,,,,,,,,,,,1,1.0,0.0,0.0,0.0,0.0,1.0,0.0,0.0,0.0,0.0,0.0,0.0,0.0,0.0,0.0,0.0,0.0,0.0,0.0,1,1.0,0.0,0.0,1.0,0.0,0.0,1.0,0.0,0.0,0.0,0.0,0.0,0.0,0.0,0.0,0.0,0.0,0.0,0.0,1,1.0,1.0,1.0,1.0,0.0,0.0,1.0,0.0,1.0,0.0,1.0,0.0,0.0,0.0,0.0,1.0,0.0,0.0,0.0
R1138,남,58,50대,55~59,전업주부,전업주부,경기,서울외수도권,수도권,0,0,0,0,0,0,0,0,0,0,0,1,0,0,0,과일티에이드,,,0,,,,,,,,,,,,,,,,,,,,0,,,,,,,,,,,,,,,,,,,,1,1.0,0.0,0.0,0.0,1.0,1.0,0.0,0.0,0.0,0.0,0.0,0.0,0.0,0.0,0.0,0.0,0.0,0.0,0.0,0,,,,,,,,,,,,,,,,,,,,1,1.0,1.0,0.0,0.0,1.0,0.0,0.0,0.0,0.0,0.0,0.0,0.0,0.0,0.0,0.0,1.0,0.0,0.0,0.0,0,,,,,,,,,,,,,,,,,,,
R1139,여,34,30대,30~34,직장인,판매/영업 서비스직,충남,기타지역,비수도권,0,1,0,0,0,1,0,0,0,0,0,0,0,1,0,아메리카노,스무디쉐이크,콜드브루라떼,0,,,,,,,,,,,,,,,,,,,,1,1.0,1.0,0.0,0.0,0.0,0.0,0.0,0.0,0.0,0.0,0.0,0.0,0.0,0.0,0.0,0.0,0.0,1.0,0.0,0,,,,,,,,,,,,,,,,,,,,0,,,,,,,,,,,,,,,,,,,,1,1.0,1.0,0.0,1.0,0.0,1.0,0.0,0.0,0.0,0.0,0.0,1.0,0.0,0.0,0.0,0.0,0.0,0.0,0.0,1,1.0,1.0,0.0,0.0,0.0,0.0,0.0,1.0,1.0,0.0,0.0,0.0,0.0,0.0,0.0,0.0,0.0,0.0,0.0
R1140,남,45,40대,45~49,직장인,판매/영업 서비스직,경남,기타지역,비수도권,0,0,1,0,0,0,0,0,0,0,0,1,0,0,0,카페라떼,과일티에이드,,1,1.0,1.0,1.0,1.0,1.0,1.0,0.0,0.0,0.0,0.0,0.0,0.0,0.0,0.0,0.0,0.0,0.0,1.0,0.0,0,,,,,,,,,,,,,,,,,,,,0,,,,,,,,,,,,,,,,,,,,0,,,,,,,,,,,,,,,,,,,,1,1.0,0.0,1.0,0.0,1.0,0.0,1.0,0.0,1.0,1.0,0.0,1.0,0.0,0.0,0.0,0.0,0.0,0.0,0.0,1,1.0,1.0,0.0,1.0,0.0,0.0,0.0,0.0,0.0,0.0,0.0,0.0,0.0,0.0,1.0,0.0,0.0,0.0,0.0
R1141,여,51,50대,50~54,전업주부,전업주부,대전,5대광역시,비수도권,0,1,0,0,0,0,0,0,0,0,0,0,0,0,0,아메리카노,,,0,,,,,,,,,,,,,,,,,,,,0,,,,,,,,,,,,,,,,,,,,1,1.0,1.0,1.0,1.0,1.0,1.0,0.0,0.0,0.0,0.0,0.0,1.0,1.0,0.0,0.0,0.0,0.0,0.0,0.0,1,1.0,1.0,0.0,0.0,0.0,0.0,0.0,1.0,0.0,0.0,0.0,0.0,0.0,0.0,1.0,0.0,1.0,0.0,1.0,0,,,,,,,,,,,,,,,,,,,,1,1.0,1.0,1.0,0.0,0.0,0.0,1.0,0.0,0.0,0.0,0.0,0.0,0.0,0.0,0.0,0.0,0.0,0.0,0.0
R1142,남,23,20대,20~24,직장인,사무/기술직,경기,서울외수도권,수도권,0,1,0,0,0,0,0,0,0,0,0,0,1,0,0,아메리카노,얼음갈린티,,1,1.0,0.0,0.0,0.0,0.0,0.0,0.0,0.0,0.0,0.0,0.0,0.0,1.0,0.0,0.0,0.0,0.0,0.0,0.0,0,,,,,,,,,,,,,,,,,,,,0,,,,,,,,,,,,,,,,,,,,0,,,,,,,,,,,,,,,,,,,,0,,,,,,,,,,,,,,,,,,,,0,,,,,,,,,,,,,,,,,,,
R1143,여,30,30대,30~34,대학(원)생,대학원생,서울,서울,수도권,0,0,1,0,0,0,1,0,0,0,0,0,0,0,0,카페라떼,드립핸드드립,,1,1.0,1.0,0.0,0.0,0.0,0.0,0.0,0.0,0.0,0.0,0.0,0.0,0.0,0.0,0.0,1.0,0.0,0.0,0.0,0,,,,,,,,,,,,,,,,,,,,1,1.0,1.0,0.0,1.0,1.0,0.0,1.0,0.0,0.0,0.0,0.0,1.0,0.0,0.0,0.0,0.0,0.0,0.0,0.0,0,,,,,,,,,,,,,,,,,,,,0,,,,,,,,,,,,,,,,,,,,0,,,,,,,,,,,,,,,,,,,
R1144,여,51,50대,50~54,직장인,사무/기술직,대구,5대광역시,비수도권,0,1,0,0,0,0,0,0,0,0,0,0,0,0,1,아메리카노,주스에이드,,0,,,,,,,,,,,,,,,,,,,,0,,,,,,,,,,,,,,,,,,,,1,1.0,0.0,0.0,0.0,0.0,0.0,0.0,0.0,0.0,0.0,0.0,0.0,0.0,0.0,0.0,0.0,0.0,0.0,0.0,1,1.0,1.0,0.0,0.0,1.0,0.0,0.0,0.0,0.0,1.0,0.0,1.0,0.0,0.0,0.0,0.0,0.0,1.0,0.0,1,1.0,0.0,0.0,0.0,1.0,0.0,0.0,0.0,0.0,0.0,0.0,0.0,0.0,0.0,0.0,0.0,0.0,0.0,0.0,0,,,,,,,,,,,,,,,,,,,
R1145,여,39,30대,35~39,직장인,사무/기술직,서울,서울,수도권,0,0,0,0,0,0,0,0,0,0,0,0,1,0,0,얼음갈린티,,,0,,,,,,,,,,,,,,,,,,,,0,,,,,,,,,,,,,,,,,,,,0,,,,,,,,,,,,,,,,,,,,0,,,,,,,,,,,,,,,,,,,,0,,,,,,,,,,,,,,,,,,,,1,1.0,1.0,0.0,0.0,0.0,1.0,0.0,0.0,0.0,0.0,0.0,0.0,0.0,0.0,0.0,0.0,0.0,0.0,0.0
R1146,여,34,30대,30~34,직장인,사무/기술직,부산,5대광역시,비수도권,0,1,0,1,0,0,0,1,1,0,0,0,0,0,0,아메리카노,얼음갈린커피,달콤한커피류,1,1.0,1.0,0.0,0.0,0.0,1.0,1.0,0.0,0.0,0.0,0.0,0.0,0.0,0.0,0.0,0.0,0.0,0.0,0.0,0,,,,,,,,,,,,,,,,,,,,0,,,,,,,,,,,,,,,,,,,,0,,,,,,,,,,,,,,,,,,,,1,1.0,1.0,0.0,0.0,1.0,1.0,0.0,0.0,0.0,0.0,0.0,0.0,0.0,0.0,0.0,0.0,0.0,0.0,1.0,1,1.0,1.0,0.0,0.0,1.0,0.0,0.0,0.0,0.0,0.0,0.0,0.0,0.0,0.0,0.0,1.0,0.0,0.0,0.0
R1147,남,59,50대,55~59,직장인,사무/기술직,경기,서울외수도권,수도권,0,1,0,0,1,1,0,0,1,1,0,0,0,0,0,아메리카노,얼음갈린커피,기본티,1,1.0,1.0,0.0,0.0,0.0,1.0,1.0,1.0,0.0,0.0,0.0,0.0,0.0,0.0,0.0,0.0,0.0,0.0,0.0,1,1.0,1.0,0.0,0.0,0.0,0.0,0.0,0.0,0.0,0.0,1.0,0.0,0.0,0.0,0.0,0.0,0.0,0.0,0.0,1,1.0,0.0,0.0,1.0,0.0,1.0,1.0,0.0,0.0,0.0,0.0,0.0,0.0,0.0,0.0,0.0,0.0,0.0,0.0,1,1.0,1.0,1.0,0.0,0.0,0.0,0.0,0.0,0.0,0.0,0.0,0.0,0.0,0.0,0.0,0.0,0.0,0.0,0.0,0,,,,,,,,,,,,,,,,,,,,1,1.0,0.0,0.0,0.0,1.0,0.0,0.0,0.0,0.0,1.0,0.0,0.0,0.0,0.0,0.0,0.0,0.0,0.0,0.0
R1148,여,39,30대,35~39,직장인,사무/기술직,울산,5대광역시,비수도권,0,0,1,0,0,0,0,0,1,0,0,0,0,0,0,얼음갈린커피,카페라떼,,0,,,,,,,,,,,,,,,,,,,,0,,,,,,,,,,,,,,,,,,,,0,,,,,,,,,,,,,,,,,,,,0,,,,,,,,,,,,,,,,,,,,0,,,,,,,,,,,,,,,,,,,,0,,,,,,,,,,,,,,,,,,,
R1149,남,25,20대,25~29,직장인,기능/작업직,경북,기타지역,비수도권,0,1,0,0,0,0,0,1,1,0,0,1,0,0,0,아메리카노,달콤한커피류,얼음갈린커피,1,1.0,1.0,0.0,1.0,0.0,0.0,0.0,0.0,0.0,0.0,0.0,0.0,1.0,0.0,0.0,0.0,0.0,0.0,0.0,0,,,,,,,,,,,,,,,,,,,,1,1.0,0.0,0.0,0.0,0.0,0.0,0.0,0.0,0.0,1.0,0.0,0.0,0.0,0.0,0.0,0.0,0.0,0.0,0.0,1,1.0,0.0,0.0,0.0,0.0,0.0,0.0,0.0,0.0,0.0,0.0,0.0,0.0,0.0,0.0,0.0,0.0,0.0,0.0,0,,,,,,,,,,,,,,,,,,,,0,,,,,,,,,,,,,,,,,,,
R1150,남,44,40대,40~44,직장인,사무/기술직,경기,서울외수도권,수도권,0,1,1,0,0,0,0,1,0,0,0,0,0,0,1,아메리카노,카페라떼,달콤한커피류,0,,,,,,,,,,,,,,,,,,,,0,,,,,,,,,,,,,,,,,,,,0,,,,,,,,,,,,,,,,,,,,0,,,,,,,,,,,,,,,,,,,,0,,,,,,,,,,,,,,,,,,,,0,,,,,,,,,,,,,,,,,,,
R1151,남,49,40대,45~49,전업주부,전업주부,경기,서울외수도권,수도권,0,0,0,0,0,0,1,1,0,0,0,0,1,0,0,달콤한커피류,드립핸드드립,얼음갈린티,0,,,,,,,,,,,,,,,,,,,,1,1.0,1.0,0.0,0.0,1.0,0.0,0.0,0.0,0.0,0.0,0.0,0.0,0.0,0.0,0.0,0.0,0.0,0.0,0.0,0,,,,,,,,,,,,,,,,,,,,1,1.0,1.0,0.0,0.0,0.0,1.0,0.0,0.0,0.0,0.0,0.0,0.0,0.0,0.0,0.0,0.0,0.0,0.0,0.0,0,,,,,,,,,,,,,,,,,,,,0,,,,,,,,,,,,,,,,,,,
R1152,남,41,40대,40~44,직장인,사무/기술직,경남,기타지역,비수도권,0,0,0,0,0,0,0,0,0,0,0,0,0,0,0,,,,1,1.0,0.0,1.0,0.0,1.0,0.0,1.0,0.0,0.0,0.0,0.0,0.0,0.0,0.0,0.0,1.0,1.0,0.0,0.0,1,1.0,1.0,1.0,0.0,0.0,0.0,0.0,0.0,1.0,0.0,1.0,0.0,0.0,0.0,0.0,0.0,0.0,0.0,0.0,0,,,,,,,,,,,,,,,,,,,,0,,,,,,,,,,,,,,,,,,,,0,,,,,,,,,,,,,,,,,,,,0,,,,,,,,,,,,,,,,,,,
R1153,여,34,30대,30~34,직장인,사무/기술직,서울,서울,수도권,0,0,1,0,1,0,0,0,0,0,0,1,0,1,1,카페라떼,콜드브루,주스에이드,1,1.0,1.0,0.0,0.0,0.0,0.0,0.0,0.0,0.0,0.0,1.0,0.0,0.0,0.0,0.0,0.0,0.0,0.0,0.0,1,1.0,1.0,0.0,0.0,1.0,0.0,0.0,0.0,0.0,0.0,1.0,0.0,0.0,0.0,0.0,0.0,0.0,1.0,0.0,0,,,,,,,,,,,,,,,,,,,,1,1.0,1.0,0.0,0.0,0.0,0.0,1.0,0.0,0.0,1.0,0.0,0.0,0.0,1.0,0.0,0.0,0.0,0.0,0.0,1,1.0,0.0,0.0,0.0,0.0,0.0,0.0,0.0,0.0,0.0,0.0,0.0,0.0,0.0,0.0,0.0,0.0,0.0,0.0,1,1.0,1.0,1.0,1.0,0.0,1.0,0.0,0.0,0.0,0.0,1.0,0.0,0.0,0.0,0.0,1.0,0.0,0.0,0.0
R1154,여,33,30대,30~34,직장인,사무/기술직,충북,기타지역,비수도권,0,1,1,0,1,0,0,0,0,0,1,0,0,0,0,아메리카노,카페라떼,달콤한티,0,,,,,,,,,,,,,,,,,,,,0,,,,,,,,,,,,,,,,,,,,1,1.0,0.0,0.0,0.0,0.0,0.0,0.0,0.0,0.0,0.0,0.0,0.0,0.0,0.0,0.0,0.0,0.0,0.0,0.0,0,,,,,,,,,,,,,,,,,,,,1,1.0,0.0,0.0,0.0,0.0,0.0,0.0,0.0,0.0,0.0,0.0,1.0,0.0,0.0,0.0,0.0,1.0,0.0,0.0,0,,,,,,,,,,,,,,,,,,,
R1155,남,56,50대,55~59,직장인,사무/기술직,부산,5대광역시,비수도권,0,1,0,0,0,0,0,0,0,1,0,0,0,0,0,아메리카노,기본티,,0,,,,,,,,,,,,,,,,,,,,1,1.0,1.0,0.0,0.0,0.0,1.0,0.0,0.0,0.0,0.0,0.0,0.0,0.0,0.0,0.0,0.0,0.0,0.0,0.0,0,,,,,,,,,,,,,,,,,,,,1,1.0,1.0,0.0,0.0,0.0,1.0,0.0,0.0,0.0,0.0,0.0,0.0,0.0,0.0,0.0,0.0,0.0,1.0,0.0,1,1.0,1.0,1.0,1.0,0.0,1.0,0.0,0.0,0.0,0.0,0.0,0.0,0.0,0.0,0.0,0.0,1.0,0.0,0.0,1,1.0,1.0,1.0,0.0,0.0,0.0,1.0,1.0,0.0,1.0,0.0,0.0,0.0,0.0,0.0,0.0,0.0,0.0,0.0
R1156,여,34,30대,30~34,직장인,경영/관리직,대구,5대광역시,비수도권,0,0,1,1,0,0,0,0,1,0,0,1,0,0,1,과일티에이드,주스에이드,카페라떼,0,,,,,,,,,,,,,,,,,,,,0,,,,,,,,,,,,,,,,,,,,0,,,,,,,,,,,,,,,,,,,,1,1.0,1.0,1.0,0.0,0.0,0.0,0.0,1.0,0.0,1.0,0.0,0.0,0.0,0.0,0.0,0.0,0.0,1.0,0.0,0,,,,,,,,,,,,,,,,,,,,1,1.0,0.0,0.0,0.0,0.0,1.0,0.0,0.0,0.0,0.0,0.0,0.0,0.0,0.0,0.0,0.0,0.0,0.0,0.0
R1157,남,44,40대,40~44,직장인,자유/전문직,부산,5대광역시,비수도권,0,1,1,0,0,0,0,0,1,0,0,0,0,0,0,아메리카노,카페라떼,얼음갈린커피,0,,,,,,,,,,,,,,,,,,,,0,,,,,,,,,,,,,,,,,,,,0,,,,,,,,,,,,,,,,,,,,0,,,,,,,,,,,,,,,,,,,,1,1.0,0.0,0.0,0.0,0.0,0.0,0.0,0.0,0.0,0.0,0.0,0.0,0.0,0.0,0.0,0.0,0.0,0.0,0.0,0,,,,,,,,,,,,,,,,,,,
R1158,여,20,20대,20~24,직장인,자영업,서울,서울,수도권,0,1,0,0,0,0,0,0,0,0,0,0,0,1,0,아메리카노,스무디쉐이크,,0,,,,,,,,,,,,,,,,,,,,0,,,,,,,,,,,,,,,,,,,,1,1.0,0.0,0.0,0.0,0.0,0.0,0.0,0.0,0.0,0.0,0.0,0.0,0.0,0.0,0.0,0.0,0.0,0.0,0.0,0,,,,,,,,,,,,,,,,,,,,0,,,,,,,,,,,,,,,,,,,,1,1.0,1.0,0.0,1.0,0.0,0.0,1.0,0.0,0.0,1.0,0.0,0.0,0.0,0.0,0.0,0.0,0.0,0.0,0.0
R1159,여,34,30대,30~34,직장인,사무/기술직,강원,기타지역,비수도권,0,1,1,0,0,0,1,0,0,0,0,0,0,0,0,아메리카노,카페라떼,드립핸드드립,0,,,,,,,,,,,,,,,,,,,,1,1.0,0.0,0.0,0.0,0.0,0.0,1.0,0.0,0.0,1.0,0.0,1.0,0.0,0.0,0.0,0.0,1.0,0.0,0.0,0,,,,,,,,,,,,,,,,,,,,0,,,,,,,,,,,,,,,,,,,,0,,,,,,,,,,,,,,,,,,,,1,1.0,1.0,0.0,1.0,1.0,1.0,0.0,0.0,1.0,0.0,0.0,0.0,0.0,0.0,0.0,0.0,0.0,0.0,0.0
R1160,남,59,50대,55~59,전업주부,전업주부,경기,서울외수도권,수도권,0,1,1,0,1,0,0,0,1,0,0,0,1,0,0,아메리카노,카페라떼,얼음갈린커피,0,,,,,,,,,,,,,,,,,,,,1,1.0,1.0,0.0,1.0,0.0,0.0,1.0,0.0,0.0,0.0,1.0,0.0,0.0,0.0,0.0,0.0,0.0,0.0,0.0,0,,,,,,,,,,,,,,,,,,,,1,1.0,0.0,0.0,1.0,1.0,0.0,0.0,0.0,0.0,1.0,0.0,0.0,0.0,0.0,0.0,0.0,0.0,0.0,0.0,1,1.0,0.0,0.0,0.0,0.0,0.0,1.0,1.0,0.0,0.0,1.0,1.0,1.0,0.0,0.0,0.0,0.0,0.0,0.0,0,,,,,,,,,,,,,,,,,,,
R1161,여,53,50대,50~54,직장인,판매/영업 서비스직,울산,5대광역시,비수도권,0,1,1,0,0,0,0,0,1,0,1,0,0,0,0,카페라떼,아메리카노,얼음갈린커피,0,,,,,,,,,,,,,,,,,,,,0,,,,,,,,,,,,,,,,,,,,0,,,,,,,,,,,,,,,,,,,,1,1.0,1.0,1.0,0.0,0.0,0.0,0.0,0.0,0.0,0.0,0.0,0.0,0.0,0.0,0.0,0.0,0.0,0.0,0.0,0,,,,,,,,,,,,,,,,,,,,1,1.0,1.0,1.0,0.0,0.0,0.0,0.0,1.0,1.0,0.0,0.0,0.0,0.0,0.0,0.0,0.0,1.0,0.0,0.0
R1162,남,59,50대,55~59,직장인,사무/기술직,경남,기타지역,비수도권,0,0,0,0,0,0,0,0,0,0,0,0,0,0,0,,,,0,,,,,,,,,,,,,,,,,,,,0,,,,,,,,,,,,,,,,,,,,1,1.0,0.0,0.0,0.0,0.0,0.0,0.0,0.0,0.0,0.0,0.0,0.0,0.0,0.0,0.0,0.0,0.0,0.0,0.0,1,1.0,0.0,0.0,0.0,0.0,1.0,1.0,0.0,0.0,0.0,0.0,0.0,0.0,0.0,0.0,0.0,0.0,0.0,0.0,0,,,,,,,,,,,,,,,,,,,,1,1.0,0.0,0.0,0.0,1.0,0.0,1.0,0.0,0.0,0.0,0.0,0.0,0.0,0.0,0.0,0.0,0.0,0.0,0.0
R1163,여,50,50대,50~54,직장인,사무/기술직,경기,서울외수도권,수도권,0,1,0,0,0,0,0,1,0,0,0,0,0,0,0,아메리카노,달콤한커피류,,0,,,,,,,,,,,,,,,,,,,,1,1.0,0.0,1.0,1.0,1.0,1.0,1.0,0.0,0.0,0.0,0.0,0.0,0.0,0.0,0.0,0.0,0.0,0.0,0.0,0,,,,,,,,,,,,,,,,,,,,1,1.0,0.0,0.0,0.0,0.0,0.0,0.0,1.0,0.0,0.0,0.0,0.0,0.0,0.0,0.0,0.0,0.0,0.0,0.0,0,,,,,,,,,,,,,,,,,,,,0,,,,,,,,,,,,,,,,,,,
R1164,남,59,50대,55~59,직장인,판매/영업 서비스직,서울,서울,수도권,0,0,0,0,0,0,1,0,1,1,0,1,0,0,0,드립핸드드립,얼음갈린커피,과일티에이드,0,,,,,,,,,,,,,,,,,,,,0,,,,,,,,,,,,,,,,,,,,1,1.0,1.0,0.0,0.0,0.0,1.0,0.0,0.0,0.0,1.0,1.0,0.0,0.0,0.0,0.0,0.0,0.0,0.0,0.0,0,,,,,,,,,,,,,,,,,,,,1,1.0,1.0,0.0,0.0,0.0,1.0,0.0,1.0,0.0,0.0,0.0,0.0,0.0,0.0,0.0,0.0,0.0,0.0,0.0,1,1.0,1.0,0.0,0.0,0.0,0.0,1.0,0.0,0.0,0.0,0.0,0.0,0.0,0.0,1.0,0.0,0.0,0.0,0.0
R1165,남,33,30대,30~34,직장인,판매/영업 서비스직,서울,서울,수도권,0,1,1,0,0,0,0,0,0,0,0,0,0,1,0,아메리카노,카페라떼,스무디쉐이크,0,,,,,,,,,,,,,,,,,,,,0,,,,,,,,,,,,,,,,,,,,1,1.0,0.0,0.0,0.0,0.0,0.0,0.0,0.0,0.0,1.0,0.0,0.0,0.0,0.0,0.0,0.0,1.0,0.0,0.0,0,,,,,,,,,,,,,,,,,,,,1,1.0,1.0,0.0,0.0,0.0,0.0,0.0,0.0,0.0,0.0,0.0,0.0,0.0,0.0,0.0,0.0,0.0,0.0,0.0,0,,,,,,,,,,,,,,,,,,,
R1166,남,58,50대,55~59,기타직업,자유/전문직,인천,서울외수도권,수도권,0,1,1,0,0,0,0,1,0,0,1,0,0,0,0,달콤한티,아메리카노,카페라떼,0,,,,,,,,,,,,,,,,,,,,1,1.0,1.0,1.0,0.0,0.0,0.0,0.0,0.0,0.0,0.0,1.0,0.0,0.0,0.0,0.0,0.0,0.0,1.0,0.0,1,1.0,1.0,0.0,1.0,1.0,0.0,0.0,0.0,0.0,0.0,0.0,0.0,1.0,0.0,0.0,0.0,0.0,0.0,0.0,1,1.0,1.0,0.0,0.0,0.0,0.0,1.0,1.0,0.0,0.0,0.0,0.0,0.0,0.0,0.0,0.0,0.0,0.0,0.0,0,,,,,,,,,,,,,,,,,,,,0,,,,,,,,,,,,,,,,,,,
R1167,여,34,30대,30~34,전업주부,전업주부,부산,5대광역시,비수도권,0,1,0,0,0,0,0,0,1,1,0,0,1,1,1,아메리카노,주스에이드,기본티,0,,,,,,,,,,,,,,,,,,,,0,,,,,,,,,,,,,,,,,,,,0,,,,,,,,,,,,,,,,,,,,0,,,,,,,,,,,,,,,,,,,,1,1.0,0.0,0.0,0.0,0.0,1.0,0.0,0.0,0.0,0.0,0.0,0.0,0.0,0.0,0.0,0.0,1.0,0.0,0.0,0,,,,,,,,,,,,,,,,,,,
R1168,남,22,20대,20~24,직장인,사무/기술직,경남,기타지역,비수도권,0,1,0,0,0,0,0,0,0,0,0,1,0,1,0,스무디쉐이크,과일티에이드,아메리카노,1,1.0,1.0,0.0,1.0,0.0,1.0,0.0,0.0,0.0,0.0,0.0,0.0,0.0,0.0,0.0,0.0,1.0,0.0,0.0,1,1.0,1.0,0.0,0.0,0.0,0.0,0.0,0.0,0.0,0.0,0.0,0.0,0.0,0.0,0.0,0.0,0.0,0.0,0.0,0,,,,,,,,,,,,,,,,,,,,1,1.0,0.0,0.0,0.0,1.0,0.0,0.0,0.0,0.0,0.0,0.0,0.0,0.0,0.0,0.0,0.0,0.0,0.0,0.0,0,,,,,,,,,,,,,,,,,,,,0,,,,,,,,,,,,,,,,,,,
R1169,남,46,40대,45~49,대학(원)생,대학생,서울,서울,수도권,0,1,1,0,0,0,0,0,0,0,0,1,0,1,1,스무디쉐이크,아메리카노,주스에이드,0,,,,,,,,,,,,,,,,,,,,1,1.0,0.0,0.0,1.0,0.0,0.0,1.0,0.0,1.0,0.0,0.0,0.0,0.0,0.0,0.0,0.0,1.0,0.0,0.0,1,1.0,0.0,0.0,1.0,0.0,0.0,0.0,0.0,0.0,0.0,1.0,0.0,0.0,0.0,0.0,0.0,0.0,0.0,0.0,0,,,,,,,,,,,,,,,,,,,,1,1.0,1.0,0.0,1.0,0.0,1.0,0.0,0.0,0.0,0.0,1.0,0.0,0.0,0.0,0.0,0.0,0.0,0.0,0.0,0,,,,,,,,,,,,,,,,,,,
R1170,여,42,40대,40~44,직장인,자유/전문직,서울,서울,수도권,1,1,0,0,0,0,0,0,0,1,0,0,0,1,0,에스프레소,아메리카노,스무디쉐이크,0,,,,,,,,,,,,,,,,,,,,1,1.0,0.0,0.0,0.0,0.0,1.0,0.0,0.0,0.0,0.0,0.0,1.0,0.0,0.0,1.0,0.0,0.0,0.0,0.0,0,,,,,,,,,,,,,,,,,,,,1,1.0,1.0,0.0,1.0,0.0,1.0,0.0,0.0,1.0,0.0,0.0,1.0,0.0,0.0,0.0,0.0,0.0,0.0,0.0,1,1.0,0.0,0.0,0.0,0.0,0.0,0.0,0.0,0.0,0.0,0.0,1.0,0.0,0.0,0.0,0.0,0.0,0.0,0.0,1,1.0,1.0,0.0,0.0,0.0,0.0,1.0,0.0,0.0,0.0,0.0,0.0,0.0,0.0,0.0,1.0,0.0,0.0,0.0
R1171,여,54,50대,50~54,직장인,사무/기술직,서울,서울,수도권,0,1,1,1,0,0,0,0,1,1,0,0,0,0,1,아메리카노,주스에이드,기본티,0,,,,,,,,,,,,,,,,,,,,0,,,,,,,,,,,,,,,,,,,,1,1.0,1.0,0.0,0.0,0.0,0.0,0.0,0.0,0.0,0.0,0.0,0.0,0.0,0.0,0.0,0.0,0.0,0.0,0.0,0,,,,,,,,,,,,,,,,,,,,0,,,,,,,,,,,,,,,,,,,,0,,,,,,,,,,,,,,,,,,,
R1172,여,56,50대,55~59,직장인,자유/전문직,전남,기타지역,비수도권,0,1,1,1,0,0,0,0,0,0,1,0,0,0,0,카페라떼,아메리카노,달콤한티,0,,,,,,,,,,,,,,,,,,,,0,,,,,,,,,,,,,,,,,,,,1,1.0,0.0,0.0,1.0,1.0,0.0,0.0,0.0,0.0,0.0,0.0,1.0,0.0,1.0,0.0,0.0,0.0,0.0,0.0,0,,,,,,,,,,,,,,,,,,,,1,1.0,0.0,1.0,0.0,0.0,0.0,0.0,0.0,0.0,0.0,0.0,0.0,0.0,0.0,0.0,0.0,0.0,0.0,0.0,0,,,,,,,,,,,,,,,,,,,
R1173,여,59,50대,55~59,직장인,사무/기술직,충남,기타지역,비수도권,0,1,0,0,0,0,0,0,0,0,1,0,0,0,0,아메리카노,달콤한티,,1,1.0,1.0,0.0,0.0,1.0,0.0,1.0,0.0,0.0,0.0,1.0,0.0,0.0,0.0,0.0,0.0,0.0,0.0,0.0,0,,,,,,,,,,,,,,,,,,,,0,,,,,,,,,,,,,,,,,,,,1,1.0,1.0,0.0,0.0,0.0,0.0,0.0,0.0,0.0,0.0,0.0,0.0,0.0,0.0,0.0,0.0,0.0,0.0,0.0,0,,,,,,,,,,,,,,,,,,,,1,1.0,1.0,1.0,0.0,0.0,0.0,0.0,0.0,0.0,0.0,0.0,0.0,0.0,0.0,0.0,1.0,0.0,0.0,0.0
R1174,여,22,20대,20~24,직장인,사무/기술직,대구,5대광역시,비수도권,0,0,0,0,0,0,0,0,0,0,0,1,0,1,0,스무디쉐이크,과일티에이드,,1,1.0,0.0,0.0,0.0,0.0,0.0,0.0,0.0,0.0,0.0,0.0,0.0,0.0,0.0,0.0,0.0,1.0,0.0,0.0,0,,,,,,,,,,,,,,,,,,,,0,,,,,,,,,,,,,,,,,,,,0,,,,,,,,,,,,,,,,,,,,1,1.0,1.0,0.0,0.0,0.0,0.0,0.0,0.0,0.0,0.0,0.0,0.0,0.0,0.0,0.0,0.0,0.0,0.0,0.0,0,,,,,,,,,,,,,,,,,,,
R1175,남,49,40대,45~49,직장인,사무/기술직,대전,5대광역시,비수도권,0,1,0,0,0,0,0,0,0,0,0,0,0,0,0,아메리카노,,,0,,,,,,,,,,,,,,,,,,,,0,,,,,,,,,,,,,,,,,,,,0,,,,,,,,,,,,,,,,,,,,0,,,,,,,,,,,,,,,,,,,,0,,,,,,,,,,,,,,,,,,,,0,,,,,,,,,,,,,,,,,,,
R1176,남,20,20대,20~24,직장인,사무/기술직,전남,기타지역,비수도권,0,1,1,0,0,0,0,0,0,0,0,0,0,1,0,카페라떼,아메리카노,스무디쉐이크,0,,,,,,,,,,,,,,,,,,,,1,1.0,1.0,0.0,1.0,0.0,0.0,1.0,0.0,0.0,0.0,0.0,0.0,0.0,0.0,0.0,0.0,0.0,1.0,0.0,0,,,,,,,,,,,,,,,,,,,,0,,,,,,,,,,,,,,,,,,,,1,1.0,0.0,0.0,1.0,0.0,0.0,0.0,0.0,0.0,0.0,0.0,0.0,0.0,0.0,0.0,0.0,0.0,1.0,0.0,0,,,,,,,,,,,,,,,,,,,
R1177,여,29,20대,25~29,직장인,기능/작업직,인천,서울외수도권,수도권,0,1,0,0,0,0,0,1,0,0,1,1,1,0,1,달콤한커피류,아메리카노,과일티에이드,0,,,,,,,,,,,,,,,,,,,,1,1.0,1.0,0.0,0.0,1.0,0.0,0.0,0.0,0.0,0.0,0.0,0.0,0.0,0.0,0.0,0.0,0.0,0.0,0.0,1,1.0,0.0,0.0,0.0,0.0,0.0,0.0,0.0,0.0,1.0,0.0,0.0,0.0,0.0,0.0,1.0,0.0,1.0,0.0,1,1.0,0.0,0.0,0.0,0.0,0.0,0.0,0.0,0.0,0.0,0.0,1.0,0.0,0.0,0.0,0.0,0.0,0.0,0.0,1,1.0,0.0,0.0,1.0,1.0,0.0,0.0,0.0,0.0,0.0,0.0,0.0,0.0,0.0,0.0,0.0,0.0,1.0,0.0,1,1.0,1.0,0.0,0.0,0.0,1.0,1.0,0.0,0.0,1.0,0.0,0.0,0.0,0.0,0.0,0.0,0.0,0.0,0.0
R1178,여,54,50대,50~54,직장인,사무/기술직,대전,5대광역시,비수도권,0,1,0,0,0,0,0,1,0,0,0,1,1,0,1,아메리카노,달콤한커피류,주스에이드,0,,,,,,,,,,,,,,,,,,,,1,1.0,1.0,1.0,0.0,0.0,1.0,0.0,0.0,0.0,0.0,0.0,0.0,0.0,0.0,0.0,0.0,0.0,0.0,0.0,1,1.0,1.0,0.0,0.0,0.0,0.0,0.0,0.0,0.0,0.0,0.0,0.0,0.0,0.0,0.0,0.0,0.0,1.0,0.0,1,1.0,0.0,0.0,0.0,0.0,0.0,0.0,0.0,0.0,0.0,0.0,0.0,0.0,0.0,0.0,1.0,1.0,0.0,0.0,0,,,,,,,,,,,,,,,,,,,,0,,,,,,,,,,,,,,,,,,,
R1179,남,46,40대,45~49,직장인,사무/기술직,서울,서울,수도권,0,1,0,0,0,0,0,0,0,0,0,0,1,0,0,아메리카노,얼음갈린티,,0,,,,,,,,,,,,,,,,,,,,0,,,,,,,,,,,,,,,,,,,,0,,,,,,,,,,,,,,,,,,,,0,,,,,,,,,,,,,,,,,,,,0,,,,,,,,,,,,,,,,,,,,0,,,,,,,,,,,,,,,,,,,
R1180,남,33,30대,30~34,전업주부,전업주부,충남,기타지역,비수도권,0,1,0,0,0,0,0,0,0,0,0,0,1,0,0,아메리카노,얼음갈린티,,1,1.0,1.0,0.0,0.0,1.0,0.0,0.0,0.0,0.0,0.0,0.0,0.0,0.0,0.0,0.0,0.0,0.0,0.0,0.0,0,,,,,,,,,,,,,,,,,,,,1,1.0,1.0,0.0,0.0,0.0,1.0,0.0,0.0,0.0,0.0,1.0,0.0,0.0,0.0,0.0,0.0,0.0,0.0,0.0,0,,,,,,,,,,,,,,,,,,,,0,,,,,,,,,,,,,,,,,,,,1,1.0,1.0,0.0,0.0,0.0,0.0,1.0,0.0,0.0,1.0,0.0,0.0,0.0,0.0,0.0,0.0,0.0,0.0,0.0
R1181,여,48,40대,45~49,직장인,자유/전문직,경남,기타지역,비수도권,0,1,0,0,0,0,0,1,1,0,1,0,0,0,0,아메리카노,달콤한커피류,얼음갈린커피,0,,,,,,,,,,,,,,,,,,,,0,,,,,,,,,,,,,,,,,,,,0,,,,,,,,,,,,,,,,,,,,0,,,,,,,,,,,,,,,,,,,,0,,,,,,,,,,,,,,,,,,,,1,1.0,1.0,0.0,0.0,0.0,0.0,0.0,0.0,1.0,0.0,0.0,0.0,0.0,0.0,0.0,0.0,0.0,0.0,0.0
R1182,남,25,20대,25~29,직장인,사무/기술직,울산,5대광역시,비수도권,0,1,0,0,0,0,0,0,0,0,0,0,0,0,0,아메리카노,,,1,1.0,1.0,0.0,1.0,0.0,0.0,0.0,0.0,0.0,0.0,0.0,0.0,0.0,0.0,0.0,0.0,0.0,0.0,0.0,0,,,,,,,,,,,,,,,,,,,,1,1.0,1.0,0.0,0.0,1.0,0.0,0.0,0.0,0.0,1.0,0.0,0.0,0.0,0.0,0.0,0.0,0.0,0.0,0.0,0,,,,,,,,,,,,,,,,,,,,1,1.0,1.0,0.0,0.0,1.0,0.0,0.0,0.0,0.0,0.0,0.0,0.0,0.0,0.0,0.0,0.0,0.0,0.0,0.0,0,,,,,,,,,,,,,,,,,,,
R1183,남,35,30대,35~39,직장인,사무/기술직,인천,서울외수도권,수도권,0,0,1,0,0,0,0,1,0,0,1,0,0,0,0,카페라떼,달콤한티,달콤한커피류,0,,,,,,,,,,,,,,,,,,,,0,,,,,,,,,,,,,,,,,,,,0,,,,,,,,,,,,,,,,,,,,0,,,,,,,,,,,,,,,,,,,,0,,,,,,,,,,,,,,,,,,,,1,1.0,1.0,0.0,0.0,0.0,0.0,0.0,0.0,0.0,0.0,1.0,0.0,0.0,0.0,0.0,0.0,0.0,0.0,0.0
R1184,남,50,50대,50~54,기타직업,자유/전문직,경기,서울외수도권,수도권,0,1,0,0,0,0,0,0,0,0,0,0,0,1,0,아메리카노,스무디쉐이크,,0,,,,,,,,,,,,,,,,,,,,0,,,,,,,,,,,,,,,,,,,,1,1.0,1.0,0.0,1.0,0.0,0.0,1.0,1.0,0.0,0.0,0.0,0.0,0.0,0.0,0.0,0.0,0.0,1.0,0.0,1,1.0,0.0,1.0,0.0,0.0,1.0,0.0,0.0,0.0,0.0,0.0,0.0,0.0,0.0,0.0,0.0,0.0,0.0,0.0,0,,,,,,,,,,,,,,,,,,,,0,,,,,,,,,,,,,,,,,,,
R1185,남,54,50대,50~54,직장인,자유/전문직,경기,서울외수도권,수도권,0,1,0,0,0,0,0,1,0,0,0,0,0,0,0,아메리카노,달콤한커피류,,0,,,,,,,,,,,,,,,,,,,,1,1.0,1.0,0.0,1.0,0.0,0.0,0.0,0.0,0.0,1.0,0.0,0.0,0.0,0.0,0.0,0.0,0.0,0.0,0.0,1,1.0,0.0,0.0,0.0,1.0,1.0,0.0,0.0,0.0,0.0,0.0,0.0,0.0,0.0,0.0,1.0,0.0,0.0,0.0,0,,,,,,,,,,,,,,,,,,,,1,1.0,1.0,1.0,0.0,0.0,0.0,0.0,0.0,0.0,0.0,0.0,0.0,0.0,0.0,1.0,0.0,0.0,0.0,0.0,0,,,,,,,,,,,,,,,,,,,
R1186,여,30,30대,30~34,직장인,자유/전문직,경기,서울외수도권,수도권,0,1,0,0,0,0,0,0,0,0,0,1,0,0,0,아메리카노,과일티에이드,,0,,,,,,,,,,,,,,,,,,,,1,1.0,0.0,0.0,0.0,0.0,1.0,0.0,0.0,0.0,0.0,0.0,0.0,0.0,0.0,0.0,0.0,1.0,0.0,0.0,0,,,,,,,,,,,,,,,,,,,,0,,,,,,,,,,,,,,,,,,,,1,1.0,0.0,0.0,1.0,0.0,0.0,0.0,0.0,0.0,0.0,0.0,0.0,0.0,0.0,0.0,0.0,0.0,0.0,0.0,1,1.0,1.0,1.0,1.0,0.0,0.0,0.0,0.0,0.0,0.0,0.0,0.0,0.0,0.0,0.0,1.0,1.0,0.0,0.0
R1187,여,54,50대,50~54,직장인,사무/기술직,서울,서울,수도권,0,0,1,0,0,0,0,0,0,0,0,1,1,0,0,얼음갈린티,카페라떼,과일티에이드,0,,,,,,,,,,,,,,,,,,,,1,1.0,1.0,1.0,0.0,0.0,1.0,1.0,0.0,0.0,1.0,0.0,0.0,0.0,0.0,0.0,0.0,0.0,0.0,0.0,0,,,,,,,,,,,,,,,,,,,,1,1.0,1.0,0.0,0.0,1.0,0.0,0.0,0.0,0.0,0.0,0.0,0.0,0.0,0.0,0.0,0.0,0.0,0.0,0.0,0,,,,,,,,,,,,,,,,,,,,1,1.0,1.0,0.0,0.0,1.0,1.0,0.0,0.0,1.0,0.0,0.0,0.0,0.0,0.0,0.0,0.0,0.0,0.0,0.0
R1188,남,23,20대,20~24,직장인,자유/전문직,서울,서울,수도권,0,1,0,0,0,1,1,1,0,0,0,0,0,0,0,아메리카노,달콤한커피류,드립핸드드립,0,,,,,,,,,,,,,,,,,,,,0,,,,,,,,,,,,,,,,,,,,0,,,,,,,,,,,,,,,,,,,,1,1.0,0.0,0.0,0.0,0.0,1.0,0.0,0.0,1.0,0.0,0.0,1.0,0.0,0.0,0.0,0.0,0.0,0.0,0.0,1,1.0,0.0,0.0,0.0,0.0,0.0,0.0,0.0,1.0,1.0,0.0,0.0,0.0,0.0,0.0,1.0,0.0,0.0,0.0,1,1.0,1.0,0.0,0.0,0.0,0.0,1.0,0.0,0.0,0.0,0.0,0.0,0.0,0.0,0.0,0.0,0.0,0.0,0.0
R1189,여,48,40대,45~49,직장인,사무/기술직,대구,5대광역시,비수도권,0,1,1,0,0,1,1,0,1,0,1,0,0,0,0,카페라떼,달콤한티,얼음갈린커피,1,1.0,1.0,0.0,0.0,0.0,0.0,0.0,0.0,0.0,0.0,0.0,0.0,0.0,0.0,0.0,0.0,0.0,0.0,0.0,0,,,,,,,,,,,,,,,,,,,,1,1.0,1.0,0.0,0.0,0.0,0.0,0.0,0.0,0.0,0.0,0.0,1.0,0.0,0.0,0.0,0.0,0.0,0.0,0.0,0,,,,,,,,,,,,,,,,,,,,1,1.0,1.0,0.0,1.0,0.0,0.0,0.0,1.0,0.0,0.0,1.0,0.0,0.0,0.0,0.0,0.0,0.0,0.0,0.0,0,,,,,,,,,,,,,,,,,,,
R1190,여,42,40대,40~44,전업주부,전업주부,경기,서울외수도권,수도권,0,1,0,0,0,0,0,1,1,1,0,1,0,0,0,얼음갈린커피,아메리카노,달콤한커피류,1,1.0,0.0,0.0,1.0,0.0,0.0,0.0,0.0,0.0,0.0,0.0,0.0,0.0,0.0,0.0,0.0,1.0,0.0,0.0,0,,,,,,,,,,,,,,,,,,,,0,,,,,,,,,,,,,,,,,,,,0,,,,,,,,,,,,,,,,,,,,1,1.0,0.0,0.0,0.0,0.0,1.0,0.0,0.0,0.0,0.0,0.0,0.0,0.0,0.0,0.0,0.0,0.0,0.0,0.0,0,,,,,,,,,,,,,,,,,,,
R1191,남,49,40대,45~49,직장인,자유/전문직,인천,서울외수도권,수도권,0,0,0,0,0,0,0,0,0,0,0,0,0,0,0,,,,0,,,,,,,,,,,,,,,,,,,,0,,,,,,,,,,,,,,,,,,,,0,,,,,,,,,,,,,,,,,,,,0,,,,,,,,,,,,,,,,,,,,0,,,,,,,,,,,,,,,,,,,,0,,,,,,,,,,,,,,,,,,,
R1192,남,31,30대,30~34,기타직업,판매/영업 서비스직,충남,기타지역,비수도권,0,0,1,0,0,0,0,0,0,1,1,0,0,0,0,달콤한티,카페라떼,기본티,1,1.0,1.0,0.0,0.0,0.0,1.0,0.0,1.0,0.0,0.0,0.0,0.0,0.0,0.0,0.0,0.0,0.0,0.0,0.0,0,,,,,,,,,,,,,,,,,,,,0,,,,,,,,,,,,,,,,,,,,0,,,,,,,,,,,,,,,,,,,,0,,,,,,,,,,,,,,,,,,,,0,,,,,,,,,,,,,,,,,,,
R1193,여,26,20대,25~29,기타직업,자영업,서울,서울,수도권,0,0,1,0,0,1,0,1,0,0,1,1,1,0,0,카페라떼,달콤한커피류,콜드브루라떼,1,1.0,1.0,0.0,0.0,1.0,1.0,0.0,1.0,0.0,0.0,1.0,0.0,0.0,0.0,0.0,1.0,0.0,0.0,0.0,0,,,,,,,,,,,,,,,,,,,,0,,,,,,,,,,,,,,,,,,,,0,,,,,,,,,,,,,,,,,,,,0,,,,,,,,,,,,,,,,,,,,0,,,,,,,,,,,,,,,,,,,
R1194,남,38,30대,35~39,기타직업,기타,서울,서울,수도권,0,1,0,1,1,0,0,0,0,0,0,1,0,0,1,아메리카노,콜드브루,주스에이드,1,1.0,1.0,0.0,0.0,1.0,0.0,0.0,0.0,0.0,0.0,0.0,0.0,0.0,0.0,1.0,0.0,0.0,0.0,0.0,1,1.0,0.0,0.0,0.0,1.0,0.0,0.0,0.0,0.0,0.0,0.0,0.0,0.0,0.0,0.0,0.0,0.0,1.0,0.0,1,1.0,1.0,0.0,0.0,0.0,0.0,0.0,0.0,0.0,0.0,1.0,0.0,0.0,0.0,0.0,0.0,0.0,0.0,0.0,1,1.0,1.0,0.0,0.0,1.0,1.0,1.0,1.0,0.0,0.0,0.0,0.0,0.0,0.0,0.0,0.0,0.0,0.0,0.0,0,,,,,,,,,,,,,,,,,,,,1,1.0,0.0,0.0,0.0,0.0,0.0,0.0,0.0,0.0,1.0,0.0,0.0,0.0,0.0,0.0,0.0,0.0,0.0,0.0
R1195,남,52,50대,50~54,직장인,사무/기술직,경기,서울외수도권,수도권,0,0,0,0,0,0,0,0,1,1,0,0,0,0,1,기본티,주스에이드,얼음갈린커피,0,,,,,,,,,,,,,,,,,,,,0,,,,,,,,,,,,,,,,,,,,0,,,,,,,,,,,,,,,,,,,,1,1.0,1.0,0.0,0.0,0.0,0.0,1.0,0.0,0.0,0.0,0.0,0.0,0.0,0.0,0.0,0.0,0.0,0.0,0.0,1,1.0,0.0,0.0,1.0,0.0,1.0,0.0,0.0,0.0,0.0,0.0,0.0,0.0,0.0,0.0,0.0,0.0,0.0,0.0,0,,,,,,,,,,,,,,,,,,,
R1196,남,44,40대,40~44,직장인,기능/작업직,대구,5대광역시,비수도권,0,0,1,0,0,1,0,1,0,0,0,0,0,0,1,카페라떼,달콤한커피류,주스에이드,1,1.0,0.0,0.0,0.0,0.0,0.0,0.0,0.0,0.0,1.0,0.0,0.0,0.0,0.0,0.0,0.0,0.0,0.0,0.0,1,1.0,0.0,0.0,0.0,0.0,1.0,0.0,0.0,1.0,0.0,0.0,0.0,0.0,0.0,0.0,0.0,1.0,0.0,0.0,1,1.0,0.0,0.0,0.0,0.0,1.0,1.0,0.0,0.0,0.0,0.0,0.0,1.0,0.0,0.0,0.0,1.0,1.0,0.0,1,1.0,1.0,0.0,0.0,0.0,0.0,0.0,0.0,1.0,0.0,0.0,0.0,0.0,0.0,0.0,0.0,0.0,0.0,0.0,0,,,,,,,,,,,,,,,,,,,,1,1.0,0.0,0.0,1.0,1.0,0.0,1.0,0.0,0.0,0.0,1.0,1.0,0.0,0.0,0.0,0.0,0.0,0.0,0.0
R1197,여,38,30대,35~39,직장인,사무/기술직,대구,5대광역시,비수도권,0,0,0,0,0,0,0,1,0,0,0,1,0,1,1,달콤한커피류,과일티에이드,스무디쉐이크,1,1.0,0.0,0.0,1.0,0.0,1.0,1.0,0.0,0.0,0.0,1.0,0.0,0.0,0.0,0.0,0.0,0.0,1.0,0.0,0,,,,,,,,,,,,,,,,,,,,0,,,,,,,,,,,,,,,,,,,,0,,,,,,,,,,,,,,,,,,,,1,1.0,1.0,0.0,0.0,0.0,1.0,0.0,1.0,0.0,0.0,0.0,0.0,0.0,0.0,0.0,0.0,0.0,0.0,0.0,0,,,,,,,,,,,,,,,,,,,
R1198,남,37,30대,35~39,직장인,사무/기술직,경기,서울외수도권,수도권,0,1,0,0,0,0,0,1,0,1,0,0,1,0,0,얼음갈린티,아메리카노,달콤한커피류,0,,,,,,,,,,,,,,,,,,,,1,1.0,1.0,0.0,0.0,0.0,0.0,0.0,0.0,0.0,0.0,0.0,0.0,0.0,0.0,0.0,0.0,1.0,0.0,0.0,0,,,,,,,,,,,,,,,,,,,,0,,,,,,,,,,,,,,,,,,,,0,,,,,,,,,,,,,,,,,,,,0,,,,,,,,,,,,,,,,,,,
R1199,여,33,30대,30~34,직장인,사무/기술직,서울,서울,수도권,0,1,1,0,1,0,0,1,0,0,0,0,1,0,0,아메리카노,달콤한커피류,카페라떼,0,,,,,,,,,,,,,,,,,,,,0,,,,,,,,,,,,,,,,,,,,0,,,,,,,,,,,,,,,,,,,,0,,,,,,,,,,,,,,,,,,,,1,1.0,1.0,0.0,1.0,1.0,0.0,0.0,0.0,0.0,0.0,0.0,0.0,0.0,0.0,0.0,1.0,0.0,0.0,0.0,1,1.0,1.0,1.0,0.0,0.0,1.0,0.0,1.0,0.0,0.0,0.0,0.0,0.0,0.0,0.0,0.0,0.0,0.0,0.0
R1200,여,51,50대,50~54,기타직업,무직,서울,서울,수도권,0,1,1,0,0,0,0,1,1,1,0,0,0,0,1,아메리카노,얼음갈린커피,달콤한커피류,0,,,,,,,,,,,,,,,,,,,,1,1.0,0.0,0.0,1.0,1.0,0.0,0.0,0.0,0.0,0.0,0.0,0.0,0.0,0.0,0.0,0.0,1.0,0.0,0.0,0,,,,,,,,,,,,,,,,,,,,0,,,,,,,,,,,,,,,,,,,,0,,,,,,,,,,,,,,,,,,,,0,,,,,,,,,,,,,,,,,,,
R1201,여,36,30대,35~39,직장인,자유/전문직,서울,서울,수도권,0,1,1,0,0,0,0,1,0,0,1,0,0,0,0,아메리카노,달콤한티,카페라떼,0,,,,,,,,,,,,,,,,,,,,0,,,,,,,,,,,,,,,,,,,,0,,,,,,,,,,,,,,,,,,,,1,1.0,1.0,0.0,1.0,0.0,0.0,0.0,0.0,1.0,0.0,0.0,0.0,0.0,0.0,0.0,0.0,1.0,0.0,0.0,0,,,,,,,,,,,,,,,,,,,,1,1.0,1.0,0.0,1.0,0.0,0.0,0.0,0.0,0.0,0.0,0.0,0.0,0.0,0.0,0.0,0.0,0.0,0.0,0.0
R1202,남,31,30대,30~34,직장인,사무/기술직,강원,기타지역,비수도권,0,1,0,0,0,0,0,0,0,0,0,0,0,0,1,아메리카노,주스에이드,,0,,,,,,,,,,,,,,,,,,,,1,1.0,1.0,0.0,0.0,0.0,1.0,0.0,0.0,0.0,0.0,0.0,0.0,0.0,0.0,0.0,0.0,0.0,0.0,0.0,0,,,,,,,,,,,,,,,,,,,,0,,,,,,,,,,,,,,,,,,,,1,1.0,0.0,0.0,0.0,0.0,1.0,0.0,0.0,0.0,0.0,0.0,0.0,0.0,0.0,0.0,0.0,0.0,0.0,0.0,1,1.0,1.0,1.0,0.0,0.0,0.0,1.0,0.0,0.0,0.0,0.0,0.0,0.0,0.0,0.0,1.0,0.0,0.0,0.0
R1203,여,45,40대,45~49,직장인,사무/기술직,경기,서울외수도권,수도권,0,1,0,0,0,0,0,0,0,0,0,0,0,0,1,주스에이드,아메리카노,,0,,,,,,,,,,,,,,,,,,,,0,,,,,,,,,,,,,,,,,,,,1,1.0,0.0,0.0,0.0,0.0,0.0,0.0,1.0,0.0,1.0,0.0,0.0,0.0,0.0,0.0,0.0,0.0,0.0,0.0,0,,,,,,,,,,,,,,,,,,,,0,,,,,,,,,,,,,,,,,,,,0,,,,,,,,,,,,,,,,,,,
R1204,여,31,30대,30~34,전업주부,전업주부,서울,서울,수도권,0,0,0,1,0,0,0,0,0,1,1,0,0,0,1,주스에이드,달콤한티,카푸치노,0,,,,,,,,,,,,,,,,,,,,1,1.0,1.0,1.0,0.0,1.0,1.0,1.0,0.0,0.0,0.0,0.0,0.0,0.0,0.0,0.0,0.0,0.0,0.0,0.0,0,,,,,,,,,,,,,,,,,,,,1,1.0,1.0,0.0,0.0,0.0,0.0,0.0,1.0,0.0,0.0,1.0,0.0,0.0,0.0,0.0,0.0,0.0,0.0,0.0,1,1.0,0.0,0.0,0.0,0.0,0.0,1.0,0.0,0.0,0.0,0.0,0.0,0.0,0.0,0.0,0.0,1.0,0.0,0.0,0,,,,,,,,,,,,,,,,,,,
R1205,남,20,20대,20~24,기타직업,무직,경기,서울외수도권,수도권,0,1,0,0,0,1,1,0,0,0,0,0,0,1,0,아메리카노,콜드브루라떼,스무디쉐이크,0,,,,,,,,,,,,,,,,,,,,1,1.0,0.0,0.0,0.0,0.0,0.0,0.0,0.0,0.0,0.0,0.0,0.0,0.0,0.0,0.0,1.0,0.0,0.0,0.0,1,1.0,1.0,0.0,1.0,0.0,0.0,0.0,0.0,0.0,0.0,1.0,0.0,0.0,0.0,0.0,1.0,0.0,0.0,0.0,0,,,,,,,,,,,,,,,,,,,,0,,,,,,,,,,,,,,,,,,,,0,,,,,,,,,,,,,,,,,,,
R1206,여,40,40대,40~44,직장인,사무/기술직,대구,5대광역시,비수도권,0,1,1,0,0,0,0,1,0,1,0,0,0,1,0,아메리카노,달콤한커피류,카페라떼,1,1.0,0.0,0.0,0.0,1.0,0.0,1.0,0.0,0.0,1.0,0.0,0.0,0.0,0.0,0.0,0.0,0.0,0.0,0.0,0,,,,,,,,,,,,,,,,,,,,0,,,,,,,,,,,,,,,,,,,,0,,,,,,,,,,,,,,,,,,,,0,,,,,,,,,,,,,,,,,,,,1,1.0,1.0,0.0,0.0,1.0,0.0,1.0,0.0,0.0,0.0,0.0,0.0,0.0,0.0,0.0,0.0,0.0,0.0,0.0
R1207,여,55,50대,55~59,직장인,사무/기술직,강원,기타지역,비수도권,0,0,1,0,0,0,0,0,1,1,0,0,0,0,1,카페라떼,얼음갈린커피,주스에이드,0,,,,,,,,,,,,,,,,,,,,1,1.0,0.0,0.0,0.0,0.0,0.0,0.0,0.0,0.0,0.0,0.0,0.0,0.0,0.0,0.0,0.0,0.0,0.0,0.0,0,,,,,,,,,,,,,,,,,,,,1,1.0,1.0,0.0,1.0,0.0,1.0,1.0,0.0,0.0,0.0,0.0,0.0,0.0,0.0,0.0,0.0,0.0,0.0,0.0,0,,,,,,,,,,,,,,,,,,,,0,,,,,,,,,,,,,,,,,,,
R1208,남,21,20대,20~24,직장인,자영업,부산,5대광역시,비수도권,0,1,0,0,0,0,0,1,0,0,1,0,0,0,0,아메리카노,달콤한커피류,달콤한티,0,,,,,,,,,,,,,,,,,,,,0,,,,,,,,,,,,,,,,,,,,0,,,,,,,,,,,,,,,,,,,,0,,,,,,,,,,,,,,,,,,,,1,1.0,0.0,0.0,0.0,0.0,1.0,0.0,0.0,0.0,0.0,0.0,0.0,0.0,0.0,0.0,0.0,0.0,0.0,0.0,0,,,,,,,,,,,,,,,,,,,
R1209,남,24,20대,20~24,기타직업,무직,충남,기타지역,비수도권,1,1,0,1,0,0,1,0,1,0,0,1,0,0,1,아메리카노,드립핸드드립,얼음갈린커피,1,1.0,1.0,0.0,0.0,1.0,0.0,0.0,0.0,0.0,0.0,0.0,0.0,0.0,0.0,0.0,0.0,0.0,0.0,0.0,0,,,,,,,,,,,,,,,,,,,,1,1.0,1.0,0.0,0.0,1.0,0.0,0.0,0.0,0.0,1.0,0.0,0.0,0.0,0.0,0.0,0.0,0.0,0.0,0.0,1,1.0,1.0,1.0,0.0,1.0,0.0,0.0,0.0,0.0,0.0,0.0,1.0,0.0,0.0,0.0,0.0,0.0,0.0,0.0,0,,,,,,,,,,,,,,,,,,,,1,1.0,1.0,0.0,1.0,0.0,0.0,0.0,0.0,0.0,0.0,0.0,0.0,0.0,0.0,0.0,0.0,0.0,0.0,0.0
R1210,여,44,40대,40~44,전업주부,전업주부,경기,서울외수도권,수도권,0,0,1,0,0,0,0,1,0,0,1,0,1,0,0,달콤한커피류,카페라떼,얼음갈린티,0,,,,,,,,,,,,,,,,,,,,0,,,,,,,,,,,,,,,,,,,,1,1.0,1.0,0.0,0.0,0.0,1.0,1.0,0.0,1.0,0.0,0.0,1.0,0.0,0.0,0.0,0.0,1.0,0.0,0.0,0,,,,,,,,,,,,,,,,,,,,0,,,,,,,,,,,,,,,,,,,,0,,,,,,,,,,,,,,,,,,,
R1211,남,42,40대,40~44,직장인,자유/전문직,인천,서울외수도권,수도권,0,0,0,0,0,0,0,0,0,0,1,0,0,0,0,달콤한티,,,0,,,,,,,,,,,,,,,,,,,,0,,,,,,,,,,,,,,,,,,,,1,1.0,1.0,0.0,0.0,0.0,0.0,1.0,0.0,0.0,0.0,0.0,0.0,0.0,0.0,0.0,1.0,0.0,0.0,0.0,1,1.0,1.0,0.0,0.0,0.0,0.0,0.0,0.0,1.0,0.0,0.0,0.0,0.0,0.0,0.0,0.0,0.0,0.0,0.0,0,,,,,,,,,,,,,,,,,,,,0,,,,,,,,,,,,,,,,,,,
R1212,여,44,40대,40~44,직장인,자유/전문직,경기,서울외수도권,수도권,0,0,1,0,0,0,0,1,0,0,0,0,1,0,0,얼음갈린티,달콤한커피류,카페라떼,0,,,,,,,,,,,,,,,,,,,,0,,,,,,,,,,,,,,,,,,,,0,,,,,,,,,,,,,,,,,,,,0,,,,,,,,,,,,,,,,,,,,1,1.0,1.0,0.0,0.0,0.0,1.0,0.0,0.0,0.0,0.0,0.0,0.0,0.0,0.0,0.0,0.0,0.0,0.0,0.0,1,1.0,1.0,1.0,0.0,0.0,0.0,0.0,0.0,1.0,0.0,1.0,0.0,0.0,0.0,0.0,0.0,0.0,0.0,0.0
R1213,남,27,20대,25~29,직장인,사무/기술직,경남,기타지역,비수도권,0,1,0,0,0,0,1,0,0,0,0,0,0,1,0,아메리카노,스무디쉐이크,드립핸드드립,1,1.0,1.0,1.0,0.0,1.0,0.0,1.0,0.0,0.0,0.0,0.0,0.0,0.0,0.0,0.0,0.0,0.0,0.0,0.0,1,1.0,1.0,1.0,0.0,0.0,0.0,0.0,0.0,0.0,0.0,0.0,0.0,0.0,0.0,0.0,0.0,1.0,0.0,0.0,0,,,,,,,,,,,,,,,,,,,,1,1.0,0.0,0.0,0.0,1.0,0.0,0.0,0.0,0.0,0.0,0.0,0.0,0.0,0.0,0.0,1.0,0.0,0.0,0.0,0,,,,,,,,,,,,,,,,,,,,0,,,,,,,,,,,,,,,,,,,
R1214,여,49,40대,45~49,대학(원)생,대학생,경기,서울외수도권,수도권,1,1,1,0,0,0,0,1,1,0,0,1,0,0,0,얼음갈린커피,아메리카노,카페라떼,1,1.0,1.0,0.0,0.0,0.0,0.0,1.0,0.0,0.0,1.0,0.0,1.0,0.0,0.0,0.0,0.0,0.0,1.0,0.0,0,,,,,,,,,,,,,,,,,,,,1,1.0,1.0,0.0,1.0,0.0,1.0,0.0,0.0,0.0,0.0,0.0,0.0,0.0,0.0,0.0,0.0,0.0,0.0,0.0,1,1.0,1.0,0.0,0.0,0.0,0.0,0.0,0.0,0.0,0.0,0.0,0.0,0.0,0.0,0.0,0.0,0.0,0.0,0.0,1,1.0,1.0,1.0,0.0,0.0,1.0,1.0,0.0,0.0,0.0,1.0,0.0,0.0,0.0,0.0,0.0,0.0,1.0,0.0,1,1.0,0.0,0.0,0.0,0.0,1.0,0.0,0.0,0.0,0.0,0.0,0.0,0.0,0.0,0.0,0.0,0.0,0.0,0.0
R1215,여,50,50대,50~54,기타직업,판매/영업 서비스직,경기,서울외수도권,수도권,0,1,1,0,0,1,0,0,1,1,0,1,0,0,0,아메리카노,카페라떼,기본티,0,,,,,,,,,,,,,,,,,,,,0,,,,,,,,,,,,,,,,,,,,0,,,,,,,,,,,,,,,,,,,,0,,,,,,,,,,,,,,,,,,,,0,,,,,,,,,,,,,,,,,,,,0,,,,,,,,,,,,,,,,,,,
R1216,여,43,40대,40~44,직장인,사무/기술직,서울,서울,수도권,0,0,0,0,0,0,0,1,0,0,0,0,0,0,0,달콤한커피류,,,0,,,,,,,,,,,,,,,,,,,,0,,,,,,,,,,,,,,,,,,,,0,,,,,,,,,,,,,,,,,,,,0,,,,,,,,,,,,,,,,,,,,1,1.0,0.0,0.0,1.0,0.0,0.0,0.0,0.0,0.0,0.0,0.0,0.0,0.0,0.0,0.0,0.0,0.0,1.0,0.0,0,,,,,,,,,,,,,,,,,,,
R1217,여,47,40대,45~49,직장인,사무/기술직,서울,서울,수도권,0,1,1,0,0,0,0,1,0,1,0,0,0,0,0,카페라떼,아메리카노,달콤한커피류,1,1.0,0.0,0.0,0.0,0.0,1.0,0.0,0.0,0.0,0.0,0.0,0.0,0.0,0.0,0.0,0.0,1.0,0.0,0.0,1,1.0,1.0,1.0,1.0,1.0,0.0,0.0,0.0,0.0,0.0,1.0,0.0,0.0,0.0,0.0,0.0,0.0,0.0,0.0,0,,,,,,,,,,,,,,,,,,,,1,1.0,1.0,1.0,1.0,0.0,0.0,0.0,0.0,0.0,1.0,0.0,0.0,0.0,0.0,0.0,0.0,0.0,0.0,0.0,0,,,,,,,,,,,,,,,,,,,,1,1.0,1.0,0.0,0.0,0.0,1.0,0.0,0.0,0.0,0.0,0.0,0.0,0.0,0.0,0.0,0.0,0.0,0.0,0.0
R1218,남,41,40대,40~44,직장인,사무/기술직,인천,서울외수도권,수도권,0,1,0,0,1,0,0,1,0,0,0,1,0,0,0,아메리카노,달콤한커피류,콜드브루,0,,,,,,,,,,,,,,,,,,,,1,1.0,1.0,0.0,0.0,1.0,0.0,0.0,0.0,0.0,0.0,0.0,0.0,0.0,0.0,0.0,1.0,0.0,1.0,0.0,1,1.0,1.0,1.0,0.0,0.0,0.0,0.0,0.0,0.0,0.0,0.0,0.0,0.0,0.0,0.0,0.0,0.0,1.0,0.0,1,1.0,0.0,0.0,0.0,0.0,0.0,0.0,0.0,0.0,0.0,0.0,0.0,0.0,0.0,0.0,0.0,0.0,0.0,0.0,1,1.0,0.0,1.0,0.0,0.0,0.0,0.0,0.0,0.0,1.0,0.0,1.0,0.0,0.0,1.0,0.0,0.0,0.0,0.0,0,,,,,,,,,,,,,,,,,,,
R1219,남,51,50대,50~54,직장인,자영업,서울,서울,수도권,0,0,0,0,0,0,0,1,0,0,0,0,1,0,0,얼음갈린티,달콤한커피류,,1,1.0,0.0,0.0,0.0,0.0,0.0,0.0,0.0,0.0,0.0,0.0,0.0,0.0,0.0,0.0,0.0,0.0,0.0,0.0,0,,,,,,,,,,,,,,,,,,,,1,1.0,1.0,1.0,0.0,1.0,0.0,0.0,0.0,0.0,0.0,0.0,1.0,0.0,0.0,0.0,0.0,0.0,0.0,0.0,0,,,,,,,,,,,,,,,,,,,,0,,,,,,,,,,,,,,,,,,,,1,1.0,1.0,1.0,0.0,0.0,0.0,1.0,0.0,1.0,0.0,0.0,0.0,0.0,0.0,0.0,0.0,1.0,0.0,0.0
R1220,여,58,50대,55~59,전업주부,전업주부,충남,기타지역,비수도권,0,0,1,0,0,0,0,1,0,0,0,0,0,0,1,달콤한커피류,주스에이드,카페라떼,1,1.0,1.0,1.0,0.0,0.0,0.0,0.0,0.0,0.0,0.0,0.0,0.0,0.0,0.0,0.0,0.0,0.0,0.0,0.0,0,,,,,,,,,,,,,,,,,,,,0,,,,,,,,,,,,,,,,,,,,1,1.0,1.0,0.0,1.0,0.0,0.0,0.0,0.0,0.0,0.0,0.0,0.0,0.0,0.0,0.0,0.0,0.0,0.0,0.0,1,1.0,1.0,0.0,0.0,0.0,0.0,0.0,0.0,0.0,0.0,0.0,0.0,0.0,0.0,0.0,0.0,0.0,0.0,0.0,0,,,,,,,,,,,,,,,,,,,
R1221,여,50,50대,50~54,직장인,사무/기술직,서울,서울,수도권,0,1,1,0,0,0,0,1,0,0,0,0,0,0,1,달콤한커피류,주스에이드,아메리카노,1,1.0,1.0,0.0,1.0,0.0,0.0,0.0,0.0,0.0,1.0,0.0,0.0,0.0,0.0,0.0,0.0,0.0,0.0,0.0,1,1.0,1.0,0.0,1.0,1.0,0.0,0.0,0.0,0.0,0.0,0.0,1.0,0.0,0.0,0.0,0.0,0.0,1.0,0.0,0,,,,,,,,,,,,,,,,,,,,0,,,,,,,,,,,,,,,,,,,,0,,,,,,,,,,,,,,,,,,,,1,1.0,1.0,0.0,0.0,0.0,0.0,1.0,0.0,0.0,0.0,0.0,0.0,0.0,0.0,0.0,0.0,0.0,0.0,0.0
R1222,남,49,40대,45~49,직장인,자유/전문직,서울,서울,수도권,0,1,1,0,0,0,0,0,0,0,0,1,1,0,0,과일티에이드,아메리카노,카페라떼,0,,,,,,,,,,,,,,,,,,,,1,1.0,1.0,0.0,1.0,0.0,0.0,1.0,0.0,1.0,0.0,0.0,1.0,0.0,0.0,0.0,0.0,0.0,0.0,0.0,1,1.0,1.0,1.0,1.0,1.0,0.0,0.0,0.0,1.0,1.0,0.0,0.0,0.0,0.0,0.0,0.0,0.0,0.0,0.0,0,,,,,,,,,,,,,,,,,,,,0,,,,,,,,,,,,,,,,,,,,0,,,,,,,,,,,,,,,,,,,
R1223,남,45,40대,45~49,기타직업,무직,경기,서울외수도권,수도권,0,1,1,0,0,0,0,0,1,1,0,1,0,0,0,얼음갈린커피,카페라떼,아메리카노,1,1.0,1.0,0.0,0.0,1.0,0.0,0.0,0.0,0.0,0.0,0.0,0.0,0.0,0.0,0.0,0.0,0.0,0.0,0.0,0,,,,,,,,,,,,,,,,,,,,1,1.0,0.0,0.0,1.0,0.0,0.0,1.0,0.0,0.0,0.0,0.0,0.0,0.0,0.0,0.0,0.0,0.0,1.0,0.0,0,,,,,,,,,,,,,,,,,,,,1,1.0,1.0,1.0,0.0,0.0,0.0,0.0,0.0,0.0,1.0,0.0,0.0,0.0,0.0,0.0,0.0,0.0,0.0,0.0,0,,,,,,,,,,,,,,,,,,,
R1224,여,48,40대,45~49,기타직업,자유/전문직,세종,기타지역,비수도권,0,1,1,0,1,0,0,1,0,0,0,0,0,0,0,카페라떼,아메리카노,달콤한커피류,0,,,,,,,,,,,,,,,,,,,,0,,,,,,,,,,,,,,,,,,,,0,,,,,,,,,,,,,,,,,,,,0,,,,,,,,,,,,,,,,,,,,1,1.0,0.0,1.0,0.0,0.0,1.0,1.0,0.0,0.0,0.0,0.0,0.0,0.0,0.0,0.0,0.0,0.0,0.0,0.0,1,1.0,1.0,1.0,0.0,0.0,0.0,1.0,0.0,0.0,1.0,0.0,0.0,0.0,1.0,0.0,0.0,0.0,0.0,0.0
R1225,여,53,50대,50~54,직장인,경영/관리직,서울,서울,수도권,0,1,0,0,0,0,0,1,1,1,0,1,0,0,1,기본티,아메리카노,달콤한커피류,1,1.0,1.0,1.0,0.0,0.0,1.0,0.0,0.0,0.0,0.0,0.0,0.0,0.0,0.0,0.0,0.0,0.0,0.0,0.0,0,,,,,,,,,,,,,,,,,,,,0,,,,,,,,,,,,,,,,,,,,0,,,,,,,,,,,,,,,,,,,,1,1.0,0.0,0.0,0.0,0.0,0.0,0.0,0.0,0.0,0.0,0.0,0.0,0.0,0.0,0.0,0.0,0.0,0.0,0.0,1,1.0,0.0,1.0,0.0,0.0,1.0,1.0,0.0,1.0,0.0,0.0,0.0,0.0,0.0,0.0,0.0,0.0,0.0,0.0
R1226,남,47,40대,45~49,기타직업,기타,경북,기타지역,비수도권,0,0,0,1,0,0,0,0,0,0,0,0,1,0,0,얼음갈린티,카푸치노,,0,,,,,,,,,,,,,,,,,,,,1,1.0,1.0,0.0,0.0,0.0,0.0,1.0,0.0,0.0,0.0,0.0,0.0,0.0,0.0,0.0,0.0,1.0,0.0,0.0,0,,,,,,,,,,,,,,,,,,,,0,,,,,,,,,,,,,,,,,,,,0,,,,,,,,,,,,,,,,,,,,1,1.0,1.0,0.0,0.0,0.0,0.0,0.0,0.0,0.0,0.0,0.0,0.0,0.0,0.0,0.0,0.0,0.0,0.0,0.0
R1227,여,35,30대,35~39,직장인,사무/기술직,경기,서울외수도권,수도권,0,1,0,0,0,0,1,0,0,0,0,0,0,0,0,아메리카노,드립핸드드립,,0,,,,,,,,,,,,,,,,,,,,1,1.0,0.0,0.0,0.0,0.0,0.0,0.0,0.0,0.0,0.0,0.0,0.0,0.0,0.0,0.0,0.0,0.0,0.0,0.0,1,1.0,0.0,1.0,0.0,0.0,0.0,0.0,0.0,0.0,0.0,1.0,1.0,0.0,0.0,0.0,0.0,0.0,1.0,0.0,0,,,,,,,,,,,,,,,,,,,,1,1.0,1.0,0.0,0.0,0.0,0.0,1.0,0.0,0.0,0.0,0.0,1.0,0.0,0.0,0.0,0.0,0.0,0.0,0.0,0,,,,,,,,,,,,,,,,,,,
R1228,남,41,40대,40~44,직장인,사무/기술직,서울,서울,수도권,0,0,0,0,1,0,0,0,0,0,1,0,1,0,0,콜드브루,달콤한티,얼음갈린티,1,1.0,1.0,1.0,0.0,0.0,0.0,1.0,0.0,0.0,0.0,0.0,0.0,0.0,0.0,0.0,0.0,0.0,0.0,0.0,1,1.0,1.0,0.0,1.0,0.0,1.0,0.0,0.0,0.0,0.0,0.0,0.0,0.0,0.0,0.0,0.0,0.0,0.0,0.0,0,,,,,,,,,,,,,,,,,,,,0,,,,,,,,,,,,,,,,,,,,1,1.0,0.0,1.0,0.0,0.0,1.0,0.0,0.0,0.0,0.0,0.0,0.0,0.0,0.0,0.0,0.0,0.0,0.0,0.0,1,1.0,1.0,0.0,0.0,0.0,0.0,1.0,0.0,0.0,0.0,0.0,0.0,0.0,0.0,0.0,0.0,0.0,0.0,0.0
R1229,여,31,30대,30~34,직장인,사무/기술직,경기,서울외수도권,수도권,0,0,0,1,1,0,0,1,1,0,0,0,1,0,1,주스에이드,달콤한커피류,콜드브루,0,,,,,,,,,,,,,,,,,,,,0,,,,,,,,,,,,,,,,,,,,0,,,,,,,,,,,,,,,,,,,,1,1.0,1.0,0.0,0.0,0.0,0.0,0.0,0.0,0.0,0.0,0.0,0.0,0.0,0.0,0.0,0.0,0.0,0.0,0.0,1,1.0,1.0,1.0,0.0,0.0,1.0,0.0,0.0,0.0,0.0,0.0,0.0,0.0,0.0,0.0,0.0,0.0,0.0,0.0,1,1.0,0.0,0.0,0.0,0.0,0.0,0.0,0.0,0.0,0.0,0.0,1.0,0.0,0.0,0.0,1.0,0.0,0.0,0.0
R1230,남,36,30대,35~39,직장인,판매/영업 서비스직,인천,서울외수도권,수도권,1,0,0,0,0,0,1,0,0,0,0,1,1,0,0,얼음갈린티,과일티에이드,드립핸드드립,1,1.0,1.0,0.0,1.0,0.0,0.0,0.0,0.0,0.0,0.0,0.0,0.0,0.0,0.0,0.0,0.0,1.0,0.0,0.0,1,1.0,1.0,1.0,0.0,1.0,0.0,0.0,0.0,0.0,0.0,0.0,0.0,0.0,0.0,0.0,0.0,1.0,0.0,0.0,0,,,,,,,,,,,,,,,,,,,,1,1.0,1.0,0.0,1.0,0.0,0.0,1.0,0.0,0.0,0.0,0.0,0.0,0.0,0.0,0.0,0.0,1.0,0.0,0.0,1,1.0,0.0,0.0,0.0,1.0,0.0,0.0,0.0,0.0,0.0,0.0,0.0,0.0,0.0,0.0,0.0,0.0,1.0,0.0,1,1.0,1.0,0.0,0.0,0.0,0.0,0.0,0.0,1.0,0.0,0.0,0.0,0.0,0.0,0.0,0.0,0.0,0.0,0.0
R1231,남,57,50대,55~59,직장인,사무/기술직,서울,서울,수도권,1,1,0,0,0,0,1,0,0,0,0,0,1,1,0,스무디쉐이크,얼음갈린티,아메리카노,1,1.0,0.0,0.0,0.0,1.0,0.0,0.0,0.0,0.0,0.0,0.0,0.0,0.0,0.0,1.0,0.0,0.0,0.0,0.0,1,1.0,1.0,0.0,0.0,0.0,0.0,1.0,0.0,0.0,1.0,0.0,0.0,0.0,0.0,0.0,0.0,0.0,0.0,0.0,0,,,,,,,,,,,,,,,,,,,,1,1.0,1.0,0.0,0.0,0.0,0.0,0.0,0.0,0.0,0.0,0.0,0.0,0.0,0.0,1.0,0.0,0.0,0.0,0.0,1,1.0,0.0,0.0,0.0,0.0,0.0,0.0,0.0,1.0,0.0,0.0,0.0,0.0,0.0,0.0,0.0,0.0,0.0,0.0,0,,,,,,,,,,,,,,,,,,,
R1232,남,32,30대,30~34,전업주부,전업주부,서울,서울,수도권,0,1,0,0,1,0,0,0,0,0,1,1,1,0,0,아메리카노,콜드브루,과일티에이드,0,,,,,,,,,,,,,,,,,,,,0,,,,,,,,,,,,,,,,,,,,1,1.0,1.0,0.0,0.0,0.0,1.0,0.0,0.0,0.0,1.0,0.0,1.0,0.0,0.0,0.0,0.0,1.0,0.0,0.0,0,,,,,,,,,,,,,,,,,,,,0,,,,,,,,,,,,,,,,,,,,0,,,,,,,,,,,,,,,,,,,
R1233,여,52,50대,50~54,직장인,사무/기술직,경기,서울외수도권,수도권,0,1,0,0,0,0,0,1,1,0,0,1,1,0,1,아메리카노,얼음갈린티,주스에이드,0,,,,,,,,,,,,,,,,,,,,0,,,,,,,,,,,,,,,,,,,,1,1.0,0.0,0.0,0.0,0.0,1.0,1.0,0.0,0.0,0.0,0.0,0.0,0.0,0.0,0.0,0.0,0.0,0.0,0.0,0,,,,,,,,,,,,,,,,,,,,0,,,,,,,,,,,,,,,,,,,,0,,,,,,,,,,,,,,,,,,,
R1234,남,25,20대,25~29,기타직업,기능/작업직,서울,서울,수도권,0,1,0,0,1,0,1,0,0,0,0,0,0,1,1,아메리카노,스무디쉐이크,주스에이드,0,,,,,,,,,,,,,,,,,,,,1,1.0,0.0,0.0,0.0,0.0,0.0,0.0,0.0,0.0,0.0,0.0,0.0,0.0,0.0,0.0,0.0,0.0,0.0,0.0,0,,,,,,,,,,,,,,,,,,,,1,1.0,0.0,1.0,0.0,1.0,0.0,0.0,0.0,0.0,1.0,0.0,0.0,0.0,0.0,0.0,0.0,0.0,0.0,0.0,0,,,,,,,,,,,,,,,,,,,,1,1.0,0.0,0.0,0.0,1.0,0.0,1.0,0.0,0.0,1.0,1.0,0.0,0.0,0.0,0.0,0.0,0.0,0.0,0.0
R1235,여,42,40대,40~44,기타직업,자유/전문직,경기,서울외수도권,수도권,0,1,1,0,0,1,0,1,0,1,1,1,0,0,0,달콤한커피류,아메리카노,카페라떼,0,,,,,,,,,,,,,,,,,,,,1,1.0,1.0,1.0,1.0,1.0,0.0,1.0,0.0,0.0,0.0,0.0,0.0,0.0,0.0,0.0,0.0,0.0,0.0,0.0,0,,,,,,,,,,,,,,,,,,,,1,1.0,1.0,0.0,0.0,0.0,0.0,0.0,0.0,0.0,0.0,0.0,0.0,0.0,0.0,0.0,0.0,0.0,0.0,0.0,0,,,,,,,,,,,,,,,,,,,,0,,,,,,,,,,,,,,,,,,,
R1236,여,27,20대,25~29,직장인,사무/기술직,충북,기타지역,비수도권,0,0,0,0,0,0,0,1,0,0,1,1,0,0,0,과일티에이드,달콤한커피류,달콤한티,1,1.0,1.0,0.0,0.0,0.0,0.0,0.0,0.0,0.0,0.0,0.0,1.0,0.0,0.0,0.0,0.0,0.0,0.0,0.0,0,,,,,,,,,,,,,,,,,,,,0,,,,,,,,,,,,,,,,,,,,0,,,,,,,,,,,,,,,,,,,,0,,,,,,,,,,,,,,,,,,,,1,1.0,1.0,0.0,0.0,0.0,0.0,0.0,0.0,0.0,0.0,0.0,0.0,0.0,0.0,0.0,0.0,0.0,0.0,1.0
R1237,여,27,20대,25~29,직장인,사무/기술직,경북,기타지역,비수도권,0,1,0,0,0,1,0,1,0,0,0,0,0,0,0,달콤한커피류,아메리카노,콜드브루라떼,0,,,,,,,,,,,,,,,,,,,,0,,,,,,,,,,,,,,,,,,,,1,1.0,0.0,0.0,0.0,0.0,0.0,0.0,0.0,0.0,0.0,0.0,0.0,0.0,0.0,0.0,0.0,1.0,0.0,0.0,0,,,,,,,,,,,,,,,,,,,,0,,,,,,,,,,,,,,,,,,,,0,,,,,,,,,,,,,,,,,,,
R1238,남,52,50대,50~54,직장인,기능/작업직,경기,서울외수도권,수도권,0,1,0,0,0,0,0,0,1,0,0,0,0,0,1,주스에이드,아메리카노,얼음갈린커피,0,,,,,,,,,,,,,,,,,,,,1,1.0,1.0,1.0,0.0,0.0,0.0,0.0,1.0,0.0,0.0,0.0,0.0,0.0,0.0,0.0,0.0,0.0,0.0,0.0,0,,,,,,,,,,,,,,,,,,,,0,,,,,,,,,,,,,,,,,,,,1,1.0,0.0,0.0,0.0,0.0,0.0,1.0,0.0,0.0,0.0,0.0,0.0,0.0,0.0,0.0,1.0,0.0,0.0,0.0,0,,,,,,,,,,,,,,,,,,,
R1239,남,20,20대,20~24,직장인,사무/기술직,서울,서울,수도권,0,0,1,0,1,0,0,0,1,0,0,0,0,0,0,콜드브루,얼음갈린커피,카페라떼,0,,,,,,,,,,,,,,,,,,,,1,1.0,1.0,0.0,0.0,0.0,0.0,1.0,0.0,0.0,0.0,0.0,0.0,0.0,0.0,0.0,0.0,0.0,0.0,0.0,1,1.0,1.0,0.0,1.0,0.0,0.0,1.0,0.0,0.0,0.0,0.0,0.0,0.0,0.0,0.0,0.0,0.0,0.0,0.0,1,1.0,1.0,0.0,0.0,0.0,0.0,0.0,0.0,0.0,0.0,0.0,0.0,0.0,0.0,0.0,0.0,0.0,0.0,0.0,0,,,,,,,,,,,,,,,,,,,,0,,,,,,,,,,,,,,,,,,,
R1240,여,57,50대,55~59,직장인,사무/기술직,전남,기타지역,비수도권,0,1,1,0,0,0,0,1,0,0,0,0,0,1,0,아메리카노,카페라떼,달콤한커피류,0,,,,,,,,,,,,,,,,,,,,0,,,,,,,,,,,,,,,,,,,,0,,,,,,,,,,,,,,,,,,,,0,,,,,,,,,,,,,,,,,,,,1,1.0,1.0,0.0,0.0,0.0,0.0,0.0,1.0,0.0,0.0,0.0,0.0,0.0,0.0,0.0,0.0,0.0,0.0,0.0,0,,,,,,,,,,,,,,,,,,,
R1241,여,42,40대,40~44,직장인,사무/기술직,서울,서울,수도권,0,1,0,0,0,0,0,1,0,0,1,0,0,1,0,아메리카노,달콤한커피류,스무디쉐이크,0,,,,,,,,,,,,,,,,,,,,0,,,,,,,,,,,,,,,,,,,,0,,,,,,,,,,,,,,,,,,,,1,1.0,0.0,0.0,0.0,0.0,0.0,0.0,0.0,0.0,1.0,0.0,0.0,1.0,0.0,0.0,1.0,0.0,0.0,0.0,0,,,,,,,,,,,,,,,,,,,,0,,,,,,,,,,,,,,,,,,,
R1242,남,59,50대,55~59,직장인,사무/기술직,서울,서울,수도권,0,1,0,0,0,0,1,0,0,1,0,0,0,0,0,아메리카노,기본티,드립핸드드립,0,,,,,,,,,,,,,,,,,,,,0,,,,,,,,,,,,,,,,,,,,1,1.0,0.0,0.0,1.0,0.0,1.0,0.0,0.0,0.0,0.0,0.0,0.0,1.0,0.0,0.0,1.0,0.0,0.0,0.0,0,,,,,,,,,,,,,,,,,,,,0,,,,,,,,,,,,,,,,,,,,1,1.0,1.0,1.0,0.0,0.0,0.0,0.0,0.0,1.0,0.0,0.0,0.0,0.0,0.0,0.0,1.0,0.0,1.0,0.0
R1243,여,50,50대,50~54,기타직업,무직,경기,서울외수도권,수도권,0,1,1,0,0,0,0,0,0,0,0,0,1,0,0,얼음갈린티,아메리카노,카페라떼,1,1.0,0.0,0.0,0.0,0.0,1.0,0.0,0.0,0.0,0.0,0.0,1.0,0.0,0.0,0.0,0.0,0.0,0.0,0.0,1,1.0,1.0,0.0,1.0,0.0,1.0,1.0,0.0,0.0,0.0,0.0,1.0,0.0,0.0,0.0,0.0,0.0,0.0,0.0,0,,,,,,,,,,,,,,,,,,,,0,,,,,,,,,,,,,,,,,,,,0,,,,,,,,,,,,,,,,,,,,0,,,,,,,,,,,,,,,,,,,
R1244,남,51,50대,50~54,직장인,사무/기술직,대전,5대광역시,비수도권,0,0,0,0,0,0,0,1,0,0,0,0,0,0,0,달콤한커피류,,,0,,,,,,,,,,,,,,,,,,,,0,,,,,,,,,,,,,,,,,,,,0,,,,,,,,,,,,,,,,,,,,1,1.0,1.0,1.0,0.0,0.0,1.0,1.0,0.0,0.0,1.0,0.0,0.0,0.0,0.0,0.0,0.0,0.0,0.0,0.0,1,1.0,1.0,0.0,0.0,0.0,0.0,0.0,0.0,0.0,0.0,0.0,0.0,0.0,0.0,0.0,0.0,0.0,0.0,0.0,1,1.0,1.0,0.0,0.0,0.0,0.0,1.0,0.0,0.0,1.0,0.0,0.0,0.0,0.0,0.0,0.0,0.0,0.0,0.0
R1245,남,45,40대,45~49,직장인,사무/기술직,강원,기타지역,비수도권,0,1,0,0,0,0,1,0,0,0,0,1,0,1,0,아메리카노,과일티에이드,드립핸드드립,0,,,,,,,,,,,,,,,,,,,,1,1.0,0.0,0.0,0.0,0.0,1.0,0.0,0.0,0.0,0.0,0.0,0.0,0.0,0.0,0.0,1.0,0.0,0.0,0.0,1,1.0,0.0,0.0,1.0,0.0,0.0,0.0,0.0,0.0,0.0,0.0,0.0,0.0,0.0,1.0,0.0,0.0,0.0,0.0,0,,,,,,,,,,,,,,,,,,,,0,,,,,,,,,,,,,,,,,,,,1,1.0,1.0,0.0,0.0,1.0,1.0,1.0,0.0,0.0,0.0,0.0,0.0,0.0,0.0,0.0,1.0,0.0,0.0,0.0
R1246,남,54,50대,50~54,직장인,사무/기술직,대구,5대광역시,비수도권,0,1,1,1,0,0,0,1,0,0,1,0,1,0,0,아메리카노,카페라떼,얼음갈린티,1,1.0,1.0,0.0,1.0,1.0,0.0,1.0,0.0,0.0,0.0,0.0,0.0,0.0,0.0,0.0,0.0,0.0,0.0,0.0,1,1.0,1.0,0.0,0.0,1.0,0.0,0.0,0.0,0.0,0.0,0.0,0.0,0.0,0.0,0.0,0.0,0.0,0.0,0.0,1,1.0,0.0,1.0,0.0,0.0,1.0,0.0,0.0,0.0,0.0,0.0,1.0,0.0,0.0,0.0,0.0,0.0,1.0,0.0,0,,,,,,,,,,,,,,,,,,,,1,1.0,0.0,0.0,1.0,0.0,0.0,0.0,0.0,0.0,0.0,0.0,0.0,0.0,0.0,0.0,0.0,1.0,0.0,0.0,0,,,,,,,,,,,,,,,,,,,
R1247,남,21,20대,20~24,전업주부,전업주부,세종,기타지역,비수도권,0,0,1,0,0,0,0,1,0,0,0,0,0,0,0,카페라떼,달콤한커피류,,0,,,,,,,,,,,,,,,,,,,,0,,,,,,,,,,,,,,,,,,,,0,,,,,,,,,,,,,,,,,,,,0,,,,,,,,,,,,,,,,,,,,0,,,,,,,,,,,,,,,,,,,,1,1.0,1.0,0.0,1.0,0.0,0.0,0.0,0.0,0.0,0.0,0.0,0.0,0.0,0.0,0.0,0.0,0.0,0.0,0.0
R1248,여,47,40대,45~49,기타직업,무직,인천,서울외수도권,수도권,0,1,0,0,0,0,0,0,0,0,0,1,0,0,1,아메리카노,과일티에이드,주스에이드,1,1.0,1.0,0.0,1.0,1.0,0.0,0.0,0.0,0.0,0.0,0.0,1.0,0.0,0.0,0.0,0.0,0.0,0.0,0.0,0,,,,,,,,,,,,,,,,,,,,0,,,,,,,,,,,,,,,,,,,,0,,,,,,,,,,,,,,,,,,,,0,,,,,,,,,,,,,,,,,,,,1,1.0,0.0,1.0,1.0,0.0,0.0,0.0,0.0,0.0,0.0,0.0,0.0,0.0,0.0,0.0,0.0,1.0,0.0,0.0
R1249,남,56,50대,55~59,대학(원)생,대학생,서울,서울,수도권,0,1,0,0,0,0,0,1,0,0,1,0,0,0,0,아메리카노,달콤한커피류,달콤한티,1,1.0,1.0,0.0,1.0,1.0,0.0,0.0,0.0,0.0,0.0,0.0,0.0,0.0,0.0,0.0,0.0,1.0,0.0,0.0,0,,,,,,,,,,,,,,,,,,,,0,,,,,,,,,,,,,,,,,,,,0,,,,,,,,,,,,,,,,,,,,1,1.0,0.0,0.0,0.0,0.0,1.0,0.0,0.0,1.0,0.0,0.0,1.0,0.0,0.0,0.0,0.0,0.0,0.0,0.0,1,1.0,1.0,1.0,1.0,0.0,0.0,0.0,0.0,0.0,1.0,0.0,0.0,1.0,0.0,0.0,0.0,0.0,0.0,0.0
R1250,남,40,40대,40~44,직장인,자유/전문직,인천,서울외수도권,수도권,0,0,0,0,0,0,0,1,0,0,1,0,0,0,0,달콤한커피류,달콤한티,,0,,,,,,,,,,,,,,,,,,,,0,,,,,,,,,,,,,,,,,,,,0,,,,,,,,,,,,,,,,,,,,0,,,,,,,,,,,,,,,,,,,,1,1.0,0.0,0.0,1.0,0.0,0.0,1.0,0.0,0.0,1.0,0.0,0.0,0.0,0.0,0.0,0.0,0.0,0.0,0.0,0,,,,,,,,,,,,,,,,,,,
R1251,여,50,50대,50~54,직장인,자유/전문직,서울,서울,수도권,0,0,0,0,0,0,0,0,0,0,0,0,0,1,0,스무디쉐이크,,,1,1.0,1.0,0.0,0.0,0.0,0.0,1.0,0.0,0.0,1.0,0.0,0.0,0.0,0.0,0.0,0.0,0.0,0.0,0.0,0,,,,,,,,,,,,,,,,,,,,0,,,,,,,,,,,,,,,,,,,,1,1.0,0.0,0.0,0.0,0.0,0.0,1.0,0.0,0.0,1.0,0.0,0.0,0.0,0.0,1.0,0.0,0.0,0.0,0.0,0,,,,,,,,,,,,,,,,,,,,0,,,,,,,,,,,,,,,,,,,
R1252,남,57,50대,55~59,대학(원)생,대학생,충남,기타지역,비수도권,0,1,0,0,1,0,0,0,1,0,1,0,0,0,0,아메리카노,얼음갈린커피,콜드브루,1,1.0,1.0,0.0,0.0,1.0,0.0,0.0,0.0,0.0,0.0,0.0,1.0,0.0,0.0,0.0,0.0,0.0,1.0,0.0,0,,,,,,,,,,,,,,,,,,,,0,,,,,,,,,,,,,,,,,,,,0,,,,,,,,,,,,,,,,,,,,0,,,,,,,,,,,,,,,,,,,,0,,,,,,,,,,,,,,,,,,,
R1253,여,53,50대,50~54,기타직업,기능/작업직,충남,기타지역,비수도권,0,1,1,0,0,0,0,0,0,0,0,0,1,0,0,카페라떼,아메리카노,얼음갈린티,0,,,,,,,,,,,,,,,,,,,,0,,,,,,,,,,,,,,,,,,,,1,1.0,1.0,0.0,0.0,1.0,1.0,0.0,0.0,0.0,0.0,0.0,0.0,0.0,0.0,0.0,0.0,0.0,0.0,0.0,1,1.0,0.0,0.0,0.0,0.0,0.0,0.0,1.0,0.0,0.0,0.0,0.0,0.0,0.0,1.0,0.0,0.0,1.0,0.0,1,1.0,0.0,1.0,0.0,0.0,0.0,0.0,0.0,0.0,0.0,0.0,1.0,0.0,0.0,1.0,0.0,0.0,0.0,0.0,0,,,,,,,,,,,,,,,,,,,
R1254,여,34,30대,30~34,직장인,사무/기술직,대구,5대광역시,비수도권,0,0,0,0,0,0,0,0,0,0,1,1,1,0,0,얼음갈린티,과일티에이드,달콤한티,0,,,,,,,,,,,,,,,,,,,,0,,,,,,,,,,,,,,,,,,,,1,1.0,1.0,0.0,1.0,0.0,0.0,0.0,0.0,0.0,0.0,0.0,0.0,0.0,0.0,0.0,0.0,1.0,0.0,0.0,0,,,,,,,,,,,,,,,,,,,,0,,,,,,,,,,,,,,,,,,,,1,1.0,1.0,0.0,0.0,0.0,1.0,0.0,0.0,0.0,0.0,0.0,0.0,0.0,0.0,0.0,0.0,0.0,0.0,0.0
R1255,여,29,20대,25~29,직장인,사무/기술직,경기,서울외수도권,수도권,0,1,0,0,0,0,0,1,0,1,0,0,0,0,0,기본티,아메리카노,달콤한커피류,0,,,,,,,,,,,,,,,,,,,,0,,,,,,,,,,,,,,,,,,,,0,,,,,,,,,,,,,,,,,,,,1,1.0,0.0,1.0,0.0,0.0,0.0,0.0,0.0,0.0,0.0,0.0,0.0,0.0,0.0,0.0,0.0,1.0,0.0,0.0,0,,,,,,,,,,,,,,,,,,,,1,1.0,1.0,0.0,0.0,0.0,0.0,1.0,0.0,0.0,0.0,0.0,0.0,0.0,0.0,0.0,0.0,0.0,0.0,0.0
R1256,여,35,30대,35~39,전업주부,전업주부,서울,서울,수도권,0,1,0,0,0,0,0,0,0,0,0,1,0,0,1,과일티에이드,아메리카노,주스에이드,1,1.0,1.0,0.0,0.0,0.0,1.0,0.0,0.0,0.0,0.0,0.0,0.0,0.0,0.0,0.0,0.0,0.0,0.0,0.0,0,,,,,,,,,,,,,,,,,,,,0,,,,,,,,,,,,,,,,,,,,1,1.0,0.0,0.0,0.0,0.0,0.0,1.0,0.0,0.0,0.0,1.0,0.0,0.0,0.0,0.0,0.0,0.0,0.0,0.0,1,1.0,1.0,0.0,0.0,0.0,0.0,0.0,0.0,0.0,0.0,0.0,0.0,0.0,0.0,0.0,0.0,0.0,0.0,0.0,1,1.0,0.0,0.0,0.0,1.0,1.0,0.0,0.0,0.0,0.0,0.0,0.0,0.0,0.0,0.0,0.0,0.0,0.0,0.0
R1257,여,59,50대,55~59,기타직업,기능/작업직,경기,서울외수도권,수도권,0,1,0,0,0,0,0,0,1,0,0,0,1,0,0,얼음갈린티,아메리카노,얼음갈린커피,0,,,,,,,,,,,,,,,,,,,,0,,,,,,,,,,,,,,,,,,,,0,,,,,,,,,,,,,,,,,,,,1,1.0,1.0,1.0,0.0,0.0,0.0,0.0,1.0,0.0,0.0,0.0,1.0,0.0,0.0,0.0,0.0,0.0,0.0,0.0,1,1.0,0.0,0.0,0.0,0.0,0.0,1.0,0.0,0.0,0.0,0.0,0.0,0.0,0.0,0.0,0.0,0.0,0.0,0.0,0,,,,,,,,,,,,,,,,,,,
R1258,남,52,50대,50~54,기타직업,기능/작업직,경기,서울외수도권,수도권,0,1,0,0,0,0,0,0,0,0,0,0,1,1,0,아메리카노,스무디쉐이크,얼음갈린티,0,,,,,,,,,,,,,,,,,,,,0,,,,,,,,,,,,,,,,,,,,0,,,,,,,,,,,,,,,,,,,,0,,,,,,,,,,,,,,,,,,,,1,1.0,1.0,0.0,0.0,1.0,0.0,0.0,0.0,0.0,0.0,0.0,0.0,0.0,0.0,0.0,0.0,0.0,0.0,0.0,0,,,,,,,,,,,,,,,,,,,
R1259,여,51,50대,50~54,직장인,사무/기술직,충남,기타지역,비수도권,0,1,1,1,1,0,0,0,1,0,0,0,1,0,1,얼음갈린티,카페라떼,아메리카노,1,1.0,1.0,0.0,0.0,0.0,1.0,0.0,0.0,0.0,0.0,0.0,0.0,0.0,0.0,0.0,0.0,0.0,0.0,0.0,1,1.0,1.0,0.0,0.0,0.0,0.0,0.0,0.0,0.0,0.0,0.0,0.0,0.0,0.0,0.0,0.0,0.0,0.0,0.0,1,1.0,1.0,1.0,0.0,0.0,1.0,0.0,0.0,0.0,0.0,0.0,0.0,0.0,0.0,0.0,0.0,0.0,0.0,0.0,0,,,,,,,,,,,,,,,,,,,,1,1.0,0.0,0.0,1.0,0.0,1.0,0.0,0.0,0.0,0.0,0.0,0.0,0.0,0.0,0.0,0.0,0.0,0.0,0.0,0,,,,,,,,,,,,,,,,,,,
R1260,남,47,40대,45~49,직장인,사무/기술직,경기,서울외수도권,수도권,0,1,0,0,0,0,0,0,0,0,1,0,0,1,0,아메리카노,스무디쉐이크,달콤한티,0,,,,,,,,,,,,,,,,,,,,0,,,,,,,,,,,,,,,,,,,,0,,,,,,,,,,,,,,,,,,,,0,,,,,,,,,,,,,,,,,,,,0,,,,,,,,,,,,,,,,,,,,0,,,,,,,,,,,,,,,,,,,
R1261,남,24,20대,20~24,직장인,사무/기술직,경기,서울외수도권,수도권,0,0,1,0,0,0,0,1,0,0,0,1,0,0,1,주스에이드,달콤한커피류,카페라떼,0,,,,,,,,,,,,,,,,,,,,0,,,,,,,,,,,,,,,,,,,,0,,,,,,,,,,,,,,,,,,,,0,,,,,,,,,,,,,,,,,,,,0,,,,,,,,,,,,,,,,,,,,0,,,,,,,,,,,,,,,,,,,
R1262,여,46,40대,45~49,기타직업,기능/작업직,전북,기타지역,비수도권,1,1,1,0,0,0,0,1,0,1,0,0,0,1,0,아메리카노,카페라떼,스무디쉐이크,0,,,,,,,,,,,,,,,,,,,,1,1.0,1.0,0.0,1.0,0.0,0.0,1.0,0.0,0.0,0.0,0.0,0.0,0.0,0.0,0.0,0.0,0.0,0.0,0.0,1,1.0,1.0,0.0,1.0,1.0,1.0,0.0,0.0,0.0,0.0,0.0,0.0,0.0,0.0,0.0,0.0,0.0,0.0,0.0,1,1.0,0.0,0.0,0.0,0.0,0.0,0.0,0.0,0.0,0.0,0.0,0.0,0.0,0.0,0.0,0.0,0.0,0.0,0.0,0,,,,,,,,,,,,,,,,,,,,0,,,,,,,,,,,,,,,,,,,
R1263,남,50,50대,50~54,전업주부,전업주부,경기,서울외수도권,수도권,1,0,0,0,0,0,0,0,0,0,0,0,0,0,0,에스프레소,,,1,1.0,1.0,0.0,0.0,0.0,0.0,0.0,0.0,0.0,0.0,0.0,0.0,0.0,0.0,0.0,1.0,0.0,0.0,0.0,1,1.0,1.0,0.0,1.0,0.0,1.0,0.0,0.0,0.0,0.0,0.0,0.0,0.0,0.0,0.0,1.0,0.0,0.0,0.0,0,,,,,,,,,,,,,,,,,,,,0,,,,,,,,,,,,,,,,,,,,0,,,,,,,,,,,,,,,,,,,,0,,,,,,,,,,,,,,,,,,,
R1264,여,25,20대,25~29,직장인,자영업,부산,5대광역시,비수도권,0,1,0,0,0,0,0,1,0,0,0,0,0,0,0,아메리카노,달콤한커피류,,0,,,,,,,,,,,,,,,,,,,,1,1.0,1.0,1.0,0.0,1.0,0.0,0.0,0.0,0.0,0.0,0.0,0.0,0.0,0.0,0.0,0.0,0.0,0.0,0.0,0,,,,,,,,,,,,,,,,,,,,1,1.0,1.0,0.0,0.0,0.0,0.0,0.0,0.0,0.0,1.0,0.0,0.0,0.0,0.0,0.0,0.0,0.0,0.0,0.0,0,,,,,,,,,,,,,,,,,,,,0,,,,,,,,,,,,,,,,,,,
R1265,남,23,20대,20~24,직장인,경영/관리직,부산,5대광역시,비수도권,0,1,0,0,1,0,1,1,1,1,1,0,0,0,0,달콤한커피류,아메리카노,기본티,0,,,,,,,,,,,,,,,,,,,,1,1.0,0.0,0.0,0.0,0.0,0.0,0.0,0.0,0.0,0.0,0.0,0.0,0.0,0.0,0.0,0.0,0.0,0.0,0.0,0,,,,,,,,,,,,,,,,,,,,1,1.0,1.0,0.0,1.0,0.0,0.0,0.0,0.0,0.0,0.0,1.0,0.0,0.0,0.0,1.0,0.0,0.0,0.0,0.0,0,,,,,,,,,,,,,,,,,,,,0,,,,,,,,,,,,,,,,,,,
R1266,여,45,40대,45~49,직장인,사무/기술직,경기,서울외수도권,수도권,0,1,1,0,1,0,0,1,0,0,1,1,0,1,0,아메리카노,과일티에이드,콜드브루,0,,,,,,,,,,,,,,,,,,,,0,,,,,,,,,,,,,,,,,,,,1,1.0,1.0,0.0,0.0,0.0,0.0,0.0,0.0,0.0,0.0,0.0,0.0,0.0,0.0,0.0,1.0,0.0,0.0,0.0,1,1.0,1.0,0.0,0.0,0.0,0.0,0.0,0.0,0.0,1.0,0.0,0.0,0.0,0.0,0.0,1.0,0.0,0.0,0.0,0,,,,,,,,,,,,,,,,,,,,1,1.0,1.0,0.0,0.0,1.0,0.0,0.0,0.0,0.0,1.0,0.0,1.0,0.0,1.0,0.0,0.0,0.0,0.0,0.0
R1267,남,51,50대,50~54,직장인,사무/기술직,경남,기타지역,비수도권,0,1,0,0,0,0,0,0,0,0,1,0,0,0,1,아메리카노,달콤한티,주스에이드,0,,,,,,,,,,,,,,,,,,,,0,,,,,,,,,,,,,,,,,,,,0,,,,,,,,,,,,,,,,,,,,1,1.0,1.0,0.0,0.0,0.0,0.0,0.0,0.0,0.0,0.0,0.0,0.0,0.0,0.0,0.0,0.0,0.0,0.0,0.0,0,,,,,,,,,,,,,,,,,,,,1,1.0,1.0,0.0,0.0,0.0,0.0,0.0,0.0,0.0,1.0,0.0,0.0,0.0,0.0,0.0,1.0,0.0,0.0,0.0
R1268,남,50,50대,50~54,직장인,자영업,경남,기타지역,비수도권,0,1,0,0,0,0,0,1,0,1,1,0,0,0,0,아메리카노,달콤한커피류,달콤한티,1,1.0,1.0,0.0,0.0,1.0,0.0,0.0,0.0,0.0,0.0,1.0,0.0,0.0,0.0,0.0,1.0,0.0,0.0,0.0,0,,,,,,,,,,,,,,,,,,,,0,,,,,,,,,,,,,,,,,,,,1,1.0,0.0,0.0,1.0,0.0,0.0,1.0,0.0,1.0,1.0,0.0,0.0,0.0,0.0,0.0,0.0,0.0,0.0,0.0,0,,,,,,,,,,,,,,,,,,,,0,,,,,,,,,,,,,,,,,,,
R1269,남,36,30대,35~39,기타직업,기타,부산,5대광역시,비수도권,0,1,1,0,1,0,0,0,0,0,0,0,1,0,0,아메리카노,얼음갈린티,카페라떼,1,1.0,1.0,0.0,1.0,0.0,1.0,0.0,0.0,0.0,0.0,0.0,1.0,0.0,0.0,0.0,0.0,0.0,0.0,0.0,0,,,,,,,,,,,,,,,,,,,,1,1.0,1.0,1.0,0.0,0.0,0.0,0.0,0.0,0.0,0.0,0.0,1.0,0.0,0.0,0.0,0.0,0.0,0.0,0.0,0,,,,,,,,,,,,,,,,,,,,0,,,,,,,,,,,,,,,,,,,,1,1.0,1.0,1.0,0.0,0.0,0.0,0.0,0.0,0.0,0.0,0.0,0.0,0.0,0.0,0.0,0.0,1.0,0.0,0.0
R1270,남,28,20대,25~29,직장인,사무/기술직,서울,서울,수도권,0,1,0,0,0,0,0,0,0,0,0,0,0,0,0,아메리카노,,,1,1.0,1.0,0.0,0.0,0.0,0.0,0.0,0.0,0.0,0.0,0.0,0.0,0.0,0.0,0.0,0.0,0.0,0.0,0.0,1,1.0,1.0,0.0,1.0,0.0,1.0,0.0,0.0,0.0,1.0,0.0,0.0,0.0,0.0,0.0,0.0,1.0,0.0,0.0,0,,,,,,,,,,,,,,,,,,,,0,,,,,,,,,,,,,,,,,,,,0,,,,,,,,,,,,,,,,,,,,0,,,,,,,,,,,,,,,,,,,
R1271,남,54,50대,50~54,대학(원)생,대학생,충북,기타지역,비수도권,0,1,1,0,0,1,0,1,0,0,0,1,0,0,0,아메리카노,과일티에이드,달콤한커피류,0,,,,,,,,,,,,,,,,,,,,0,,,,,,,,,,,,,,,,,,,,0,,,,,,,,,,,,,,,,,,,,0,,,,,,,,,,,,,,,,,,,,0,,,,,,,,,,,,,,,,,,,,0,,,,,,,,,,,,,,,,,,,
R1272,남,55,50대,55~59,직장인,판매/영업 서비스직,대구,5대광역시,비수도권,0,1,0,0,0,1,0,0,0,0,1,0,0,0,1,아메리카노,주스에이드,달콤한티,1,1.0,1.0,1.0,0.0,0.0,0.0,0.0,0.0,0.0,0.0,0.0,0.0,0.0,1.0,0.0,0.0,0.0,0.0,0.0,0,,,,,,,,,,,,,,,,,,,,0,,,,,,,,,,,,,,,,,,,,1,1.0,0.0,0.0,0.0,0.0,1.0,0.0,0.0,0.0,1.0,0.0,0.0,0.0,0.0,0.0,0.0,0.0,0.0,0.0,0,,,,,,,,,,,,,,,,,,,,0,,,,,,,,,,,,,,,,,,,
R1273,여,28,20대,25~29,직장인,자유/전문직,서울,서울,수도권,0,1,1,0,0,0,0,1,0,0,1,0,0,1,0,카페라떼,달콤한커피류,아메리카노,1,1.0,0.0,0.0,0.0,0.0,0.0,0.0,0.0,0.0,0.0,0.0,0.0,0.0,0.0,0.0,0.0,0.0,0.0,0.0,0,,,,,,,,,,,,,,,,,,,,0,,,,,,,,,,,,,,,,,,,,0,,,,,,,,,,,,,,,,,,,,0,,,,,,,,,,,,,,,,,,,,1,1.0,1.0,0.0,0.0,0.0,0.0,0.0,0.0,0.0,0.0,0.0,0.0,0.0,0.0,0.0,1.0,0.0,0.0,0.0
R1274,남,47,40대,45~49,직장인,경영/관리직,대구,5대광역시,비수도권,1,1,0,0,0,0,0,0,0,0,0,0,1,0,0,아메리카노,얼음갈린티,에스프레소,0,,,,,,,,,,,,,,,,,,,,0,,,,,,,,,,,,,,,,,,,,0,,,,,,,,,,,,,,,,,,,,0,,,,,,,,,,,,,,,,,,,,1,1.0,1.0,0.0,0.0,1.0,0.0,0.0,0.0,0.0,0.0,0.0,0.0,0.0,0.0,0.0,0.0,1.0,0.0,0.0,0,,,,,,,,,,,,,,,,,,,
R1275,남,54,50대,50~54,직장인,경영/관리직,서울,서울,수도권,0,1,1,0,0,0,0,1,0,0,0,0,0,0,0,아메리카노,카페라떼,달콤한커피류,1,1.0,1.0,0.0,0.0,1.0,1.0,0.0,0.0,0.0,0.0,0.0,0.0,0.0,0.0,0.0,0.0,0.0,0.0,0.0,0,,,,,,,,,,,,,,,,,,,,0,,,,,,,,,,,,,,,,,,,,0,,,,,,,,,,,,,,,,,,,,1,1.0,1.0,0.0,0.0,0.0,1.0,0.0,0.0,0.0,0.0,0.0,0.0,0.0,0.0,0.0,1.0,0.0,0.0,0.0,0,,,,,,,,,,,,,,,,,,,
R1276,남,52,50대,50~54,직장인,자유/전문직,경기,서울외수도권,수도권,0,1,1,0,0,0,0,1,0,0,0,0,0,0,0,아메리카노,달콤한커피류,카페라떼,0,,,,,,,,,,,,,,,,,,,,1,1.0,0.0,0.0,1.0,1.0,0.0,0.0,0.0,0.0,0.0,1.0,0.0,0.0,0.0,0.0,0.0,0.0,0.0,0.0,1,1.0,0.0,0.0,0.0,0.0,0.0,0.0,0.0,0.0,1.0,0.0,0.0,0.0,0.0,0.0,0.0,0.0,0.0,0.0,0,,,,,,,,,,,,,,,,,,,,0,,,,,,,,,,,,,,,,,,,,0,,,,,,,,,,,,,,,,,,,
R1277,여,52,50대,50~54,기타직업,자영업,서울,서울,수도권,0,1,1,0,0,0,0,0,0,0,0,0,0,0,0,카페라떼,아메리카노,,1,1.0,1.0,0.0,0.0,0.0,0.0,0.0,0.0,0.0,0.0,1.0,1.0,0.0,0.0,0.0,0.0,1.0,0.0,0.0,0,,,,,,,,,,,,,,,,,,,,0,,,,,,,,,,,,,,,,,,,,0,,,,,,,,,,,,,,,,,,,,0,,,,,,,,,,,,,,,,,,,,0,,,,,,,,,,,,,,,,,,,
R1278,여,59,50대,55~59,직장인,사무/기술직,충북,기타지역,비수도권,0,0,1,0,1,0,0,0,0,0,1,0,0,0,0,카페라떼,콜드브루,달콤한티,1,1.0,0.0,0.0,0.0,1.0,1.0,1.0,0.0,0.0,1.0,0.0,0.0,0.0,0.0,0.0,1.0,0.0,0.0,0.0,0,,,,,,,,,,,,,,,,,,,,0,,,,,,,,,,,,,,,,,,,,0,,,,,,,,,,,,,,,,,,,,1,1.0,1.0,0.0,1.0,0.0,0.0,0.0,0.0,0.0,0.0,0.0,0.0,0.0,0.0,0.0,0.0,0.0,0.0,0.0,1,1.0,0.0,0.0,1.0,0.0,1.0,0.0,1.0,0.0,0.0,0.0,0.0,0.0,0.0,0.0,0.0,0.0,0.0,0.0
R1279,남,31,30대,30~34,기타직업,기능/작업직,울산,5대광역시,비수도권,0,1,0,0,0,0,0,1,0,0,0,1,0,0,0,달콤한커피류,아메리카노,과일티에이드,1,1.0,1.0,0.0,0.0,0.0,0.0,0.0,0.0,0.0,0.0,0.0,0.0,0.0,0.0,0.0,0.0,0.0,0.0,0.0,0,,,,,,,,,,,,,,,,,,,,0,,,,,,,,,,,,,,,,,,,,0,,,,,,,,,,,,,,,,,,,,0,,,,,,,,,,,,,,,,,,,,1,1.0,1.0,0.0,1.0,0.0,0.0,1.0,0.0,0.0,0.0,1.0,0.0,0.0,0.0,0.0,0.0,0.0,0.0,0.0
R1280,남,54,50대,50~54,직장인,사무/기술직,경기,서울외수도권,수도권,0,1,0,0,0,0,0,1,0,0,0,0,0,0,0,아메리카노,달콤한커피류,,0,,,,,,,,,,,,,,,,,,,,1,1.0,1.0,1.0,0.0,0.0,0.0,0.0,0.0,0.0,0.0,0.0,0.0,0.0,0.0,0.0,1.0,0.0,0.0,0.0,1,1.0,1.0,0.0,0.0,1.0,0.0,1.0,0.0,0.0,0.0,1.0,1.0,0.0,0.0,0.0,0.0,0.0,0.0,0.0,1,1.0,1.0,0.0,0.0,0.0,0.0,0.0,0.0,0.0,0.0,0.0,0.0,0.0,0.0,0.0,1.0,0.0,0.0,0.0,0,,,,,,,,,,,,,,,,,,,,1,1.0,1.0,0.0,1.0,0.0,1.0,0.0,0.0,0.0,0.0,0.0,0.0,0.0,0.0,0.0,1.0,0.0,0.0,0.0
R1281,남,44,40대,40~44,직장인,판매/영업 서비스직,인천,서울외수도권,수도권,0,1,1,0,0,0,1,1,1,0,0,0,0,1,0,달콤한커피류,아메리카노,카페라떼,0,,,,,,,,,,,,,,,,,,,,1,1.0,1.0,0.0,1.0,1.0,0.0,0.0,0.0,0.0,0.0,0.0,0.0,0.0,0.0,0.0,1.0,0.0,0.0,0.0,1,1.0,1.0,0.0,0.0,1.0,0.0,0.0,0.0,1.0,1.0,0.0,0.0,0.0,0.0,0.0,0.0,0.0,0.0,0.0,0,,,,,,,,,,,,,,,,,,,,1,1.0,1.0,0.0,0.0,0.0,0.0,0.0,0.0,1.0,0.0,1.0,0.0,0.0,0.0,0.0,0.0,0.0,0.0,0.0,1,1.0,1.0,0.0,0.0,0.0,0.0,0.0,0.0,1.0,0.0,0.0,0.0,0.0,0.0,0.0,0.0,0.0,0.0,0.0
R1282,남,34,30대,30~34,직장인,사무/기술직,전북,기타지역,비수도권,0,1,1,0,0,0,1,0,0,0,1,1,0,1,0,아메리카노,카페라떼,과일티에이드,1,1.0,0.0,0.0,0.0,1.0,0.0,0.0,0.0,1.0,0.0,0.0,0.0,0.0,0.0,0.0,0.0,0.0,0.0,0.0,0,,,,,,,,,,,,,,,,,,,,0,,,,,,,,,,,,,,,,,,,,1,1.0,1.0,0.0,1.0,0.0,0.0,0.0,0.0,0.0,0.0,0.0,0.0,0.0,0.0,0.0,0.0,0.0,0.0,0.0,0,,,,,,,,,,,,,,,,,,,,1,1.0,1.0,1.0,0.0,0.0,1.0,0.0,0.0,0.0,0.0,0.0,0.0,0.0,0.0,0.0,0.0,0.0,0.0,0.0
R1283,여,53,50대,50~54,대학(원)생,대학생,인천,서울외수도권,수도권,0,1,1,0,0,0,0,0,1,0,0,0,0,0,0,아메리카노,카페라떼,얼음갈린커피,0,,,,,,,,,,,,,,,,,,,,0,,,,,,,,,,,,,,,,,,,,0,,,,,,,,,,,,,,,,,,,,0,,,,,,,,,,,,,,,,,,,,0,,,,,,,,,,,,,,,,,,,,1,1.0,1.0,1.0,0.0,0.0,0.0,0.0,0.0,0.0,1.0,0.0,0.0,0.0,0.0,0.0,0.0,0.0,0.0,0.0
R1284,남,26,20대,25~29,직장인,사무/기술직,강원,기타지역,비수도권,0,1,0,0,0,0,0,1,0,0,1,0,0,0,0,달콤한티,아메리카노,달콤한커피류,1,1.0,1.0,0.0,0.0,0.0,0.0,1.0,0.0,0.0,0.0,0.0,0.0,0.0,0.0,0.0,0.0,0.0,0.0,0.0,1,1.0,1.0,0.0,0.0,0.0,0.0,0.0,0.0,0.0,0.0,0.0,1.0,0.0,0.0,0.0,0.0,0.0,0.0,0.0,0,,,,,,,,,,,,,,,,,,,,1,1.0,1.0,0.0,0.0,1.0,0.0,1.0,0.0,1.0,0.0,0.0,0.0,1.0,0.0,0.0,0.0,0.0,0.0,0.0,1,1.0,0.0,0.0,1.0,0.0,0.0,1.0,0.0,0.0,1.0,0.0,0.0,0.0,0.0,1.0,0.0,0.0,0.0,0.0,1,1.0,1.0,0.0,0.0,0.0,1.0,0.0,0.0,0.0,0.0,0.0,0.0,0.0,0.0,0.0,1.0,0.0,0.0,0.0
R1285,여,20,20대,20~24,기타직업,자유/전문직,광주,5대광역시,비수도권,0,1,1,0,0,0,0,0,1,1,0,1,0,1,0,스무디쉐이크,카페라떼,아메리카노,0,,,,,,,,,,,,,,,,,,,,1,1.0,1.0,0.0,0.0,0.0,0.0,0.0,0.0,0.0,0.0,0.0,0.0,0.0,0.0,0.0,0.0,0.0,1.0,0.0,1,1.0,1.0,0.0,1.0,0.0,1.0,0.0,0.0,0.0,0.0,0.0,0.0,0.0,0.0,0.0,0.0,0.0,0.0,0.0,1,1.0,1.0,0.0,0.0,0.0,1.0,0.0,0.0,0.0,0.0,0.0,0.0,0.0,0.0,0.0,0.0,0.0,0.0,0.0,1,1.0,0.0,1.0,1.0,1.0,1.0,0.0,0.0,0.0,0.0,0.0,0.0,0.0,0.0,0.0,0.0,0.0,0.0,0.0,1,1.0,1.0,0.0,1.0,1.0,0.0,1.0,0.0,0.0,0.0,0.0,0.0,0.0,0.0,0.0,0.0,0.0,0.0,0.0
R1286,남,49,40대,45~49,대학(원)생,대학생,경기,서울외수도권,수도권,0,0,1,0,0,0,0,1,1,0,0,1,0,0,0,달콤한커피류,얼음갈린커피,카페라떼,0,,,,,,,,,,,,,,,,,,,,0,,,,,,,,,,,,,,,,,,,,0,,,,,,,,,,,,,,,,,,,,1,1.0,0.0,0.0,0.0,0.0,0.0,0.0,0.0,0.0,0.0,0.0,1.0,0.0,0.0,0.0,0.0,0.0,1.0,0.0,0,,,,,,,,,,,,,,,,,,,,1,1.0,1.0,1.0,0.0,0.0,1.0,1.0,0.0,0.0,1.0,0.0,0.0,0.0,0.0,0.0,0.0,0.0,0.0,0.0
R1287,남,45,40대,45~49,직장인,자영업,서울,서울,수도권,1,0,1,0,0,0,0,0,0,0,1,0,0,0,0,카페라떼,달콤한티,에스프레소,1,1.0,1.0,0.0,1.0,1.0,0.0,0.0,0.0,0.0,1.0,0.0,0.0,0.0,0.0,0.0,0.0,0.0,0.0,0.0,0,,,,,,,,,,,,,,,,,,,,1,1.0,1.0,0.0,0.0,0.0,1.0,1.0,0.0,0.0,0.0,0.0,0.0,0.0,0.0,0.0,0.0,0.0,0.0,1.0,0,,,,,,,,,,,,,,,,,,,,1,1.0,0.0,0.0,0.0,0.0,1.0,0.0,0.0,0.0,0.0,1.0,0.0,0.0,0.0,0.0,0.0,0.0,0.0,0.0,0,,,,,,,,,,,,,,,,,,,
R1288,남,42,40대,40~44,직장인,사무/기술직,경북,기타지역,비수도권,0,1,1,0,1,0,0,1,0,0,0,0,0,0,1,달콤한커피류,아메리카노,카페라떼,0,,,,,,,,,,,,,,,,,,,,0,,,,,,,,,,,,,,,,,,,,1,1.0,0.0,0.0,1.0,0.0,0.0,1.0,0.0,0.0,0.0,0.0,1.0,0.0,0.0,0.0,0.0,0.0,0.0,0.0,0,,,,,,,,,,,,,,,,,,,,0,,,,,,,,,,,,,,,,,,,,0,,,,,,,,,,,,,,,,,,,
R1289,남,40,40대,40~44,기타직업,무직,충남,기타지역,비수도권,0,1,0,0,0,0,0,0,0,1,1,0,0,0,0,아메리카노,달콤한티,기본티,0,,,,,,,,,,,,,,,,,,,,0,,,,,,,,,,,,,,,,,,,,1,1.0,1.0,0.0,0.0,1.0,0.0,0.0,0.0,0.0,0.0,0.0,0.0,0.0,0.0,0.0,0.0,0.0,0.0,0.0,0,,,,,,,,,,,,,,,,,,,,0,,,,,,,,,,,,,,,,,,,,1,1.0,1.0,0.0,0.0,0.0,0.0,0.0,0.0,0.0,0.0,1.0,0.0,0.0,0.0,0.0,0.0,0.0,0.0,0.0
R1290,남,49,40대,45~49,직장인,사무/기술직,서울,서울,수도권,0,1,0,0,0,0,0,1,0,0,0,0,0,1,1,달콤한커피류,주스에이드,아메리카노,0,,,,,,,,,,,,,,,,,,,,1,1.0,0.0,0.0,0.0,0.0,0.0,0.0,0.0,0.0,0.0,0.0,0.0,0.0,0.0,0.0,0.0,0.0,0.0,0.0,0,,,,,,,,,,,,,,,,,,,,1,1.0,0.0,0.0,0.0,0.0,1.0,0.0,0.0,1.0,0.0,0.0,0.0,0.0,0.0,0.0,0.0,0.0,0.0,0.0,0,,,,,,,,,,,,,,,,,,,,0,,,,,,,,,,,,,,,,,,,
R1291,남,25,20대,25~29,직장인,사무/기술직,광주,5대광역시,비수도권,0,1,0,0,0,0,0,0,1,0,0,0,0,0,0,아메리카노,얼음갈린커피,,0,,,,,,,,,,,,,,,,,,,,1,1.0,0.0,1.0,0.0,1.0,0.0,0.0,0.0,0.0,0.0,0.0,0.0,0.0,0.0,0.0,0.0,1.0,0.0,0.0,0,,,,,,,,,,,,,,,,,,,,0,,,,,,,,,,,,,,,,,,,,1,1.0,0.0,1.0,0.0,0.0,1.0,0.0,0.0,0.0,0.0,0.0,0.0,0.0,0.0,0.0,0.0,0.0,0.0,0.0,0,,,,,,,,,,,,,,,,,,,
R1292,남,57,50대,55~59,직장인,사무/기술직,광주,5대광역시,비수도권,0,0,1,1,0,0,0,1,0,0,0,0,0,0,0,달콤한커피류,카페라떼,카푸치노,1,1.0,1.0,1.0,1.0,1.0,0.0,1.0,0.0,0.0,0.0,0.0,0.0,0.0,0.0,0.0,0.0,1.0,0.0,0.0,1,1.0,1.0,0.0,0.0,0.0,0.0,0.0,1.0,0.0,0.0,0.0,0.0,0.0,0.0,0.0,0.0,0.0,1.0,0.0,1,1.0,1.0,0.0,1.0,1.0,1.0,0.0,0.0,0.0,0.0,0.0,0.0,0.0,0.0,0.0,0.0,0.0,0.0,0.0,1,1.0,0.0,1.0,0.0,0.0,0.0,0.0,0.0,0.0,0.0,0.0,0.0,0.0,0.0,0.0,0.0,0.0,0.0,0.0,0,,,,,,,,,,,,,,,,,,,,1,1.0,1.0,0.0,0.0,0.0,0.0,1.0,0.0,0.0,1.0,1.0,1.0,0.0,0.0,0.0,0.0,0.0,0.0,0.0
R1293,남,44,40대,40~44,직장인,사무/기술직,대구,5대광역시,비수도권,0,0,0,0,1,0,1,0,0,0,0,1,0,0,0,과일티에이드,콜드브루,드립핸드드립,0,,,,,,,,,,,,,,,,,,,,0,,,,,,,,,,,,,,,,,,,,1,1.0,0.0,1.0,0.0,0.0,0.0,0.0,0.0,0.0,0.0,0.0,0.0,0.0,0.0,0.0,0.0,0.0,0.0,0.0,0,,,,,,,,,,,,,,,,,,,,0,,,,,,,,,,,,,,,,,,,,0,,,,,,,,,,,,,,,,,,,
R1294,남,41,40대,40~44,직장인,자유/전문직,경기,서울외수도권,수도권,0,1,1,0,0,0,0,0,0,0,0,1,0,0,0,아메리카노,과일티에이드,카페라떼,0,,,,,,,,,,,,,,,,,,,,0,,,,,,,,,,,,,,,,,,,,0,,,,,,,,,,,,,,,,,,,,1,1.0,1.0,0.0,1.0,1.0,0.0,0.0,0.0,0.0,0.0,0.0,0.0,0.0,0.0,0.0,0.0,0.0,0.0,0.0,1,1.0,1.0,0.0,0.0,0.0,1.0,0.0,0.0,0.0,1.0,0.0,0.0,0.0,0.0,0.0,1.0,0.0,0.0,0.0,0,,,,,,,,,,,,,,,,,,,
R1295,여,31,30대,30~34,직장인,자유/전문직,경기,서울외수도권,수도권,0,1,0,0,0,0,0,1,1,0,0,0,0,0,1,달콤한커피류,아메리카노,얼음갈린커피,0,,,,,,,,,,,,,,,,,,,,1,1.0,0.0,0.0,0.0,0.0,0.0,0.0,0.0,0.0,0.0,0.0,1.0,1.0,0.0,0.0,0.0,0.0,0.0,0.0,1,1.0,1.0,0.0,0.0,0.0,0.0,0.0,0.0,0.0,0.0,1.0,0.0,0.0,0.0,0.0,0.0,0.0,0.0,0.0,1,1.0,1.0,0.0,1.0,0.0,0.0,0.0,0.0,0.0,1.0,0.0,0.0,0.0,0.0,0.0,0.0,1.0,1.0,0.0,1,1.0,0.0,0.0,0.0,0.0,1.0,0.0,0.0,0.0,0.0,0.0,0.0,0.0,0.0,0.0,0.0,0.0,0.0,0.0,1,1.0,0.0,1.0,0.0,0.0,0.0,0.0,0.0,0.0,0.0,0.0,1.0,1.0,0.0,0.0,0.0,0.0,0.0,0.0
R1296,남,58,50대,55~59,기타직업,경영/관리직,인천,서울외수도권,수도권,0,1,0,0,0,0,0,1,0,0,0,0,0,0,0,아메리카노,달콤한커피류,,0,,,,,,,,,,,,,,,,,,,,1,1.0,1.0,0.0,0.0,0.0,1.0,0.0,0.0,0.0,0.0,0.0,1.0,0.0,0.0,0.0,0.0,0.0,0.0,0.0,1,1.0,1.0,0.0,1.0,1.0,0.0,0.0,1.0,0.0,1.0,0.0,1.0,0.0,0.0,0.0,0.0,0.0,0.0,0.0,1,1.0,1.0,0.0,0.0,0.0,1.0,0.0,1.0,0.0,0.0,0.0,1.0,0.0,0.0,0.0,0.0,0.0,0.0,0.0,0,,,,,,,,,,,,,,,,,,,,0,,,,,,,,,,,,,,,,,,,
R1297,여,24,20대,20~24,직장인,사무/기술직,세종,기타지역,비수도권,0,1,0,0,1,0,0,1,1,0,0,0,0,0,1,아메리카노,달콤한커피류,콜드브루,1,1.0,0.0,0.0,0.0,0.0,1.0,0.0,0.0,0.0,0.0,0.0,0.0,0.0,0.0,0.0,1.0,0.0,0.0,0.0,0,,,,,,,,,,,,,,,,,,,,1,1.0,1.0,0.0,0.0,0.0,0.0,0.0,0.0,1.0,0.0,0.0,0.0,0.0,0.0,0.0,0.0,0.0,0.0,0.0,1,1.0,0.0,0.0,0.0,0.0,0.0,0.0,1.0,0.0,0.0,0.0,0.0,0.0,0.0,0.0,0.0,0.0,0.0,0.0,0,,,,,,,,,,,,,,,,,,,,0,,,,,,,,,,,,,,,,,,,
R1298,남,44,40대,40~44,직장인,사무/기술직,제주,기타지역,비수도권,0,1,0,0,0,0,0,0,0,0,0,0,1,1,0,아메리카노,얼음갈린티,스무디쉐이크,1,1.0,1.0,0.0,1.0,0.0,0.0,0.0,0.0,0.0,0.0,0.0,0.0,0.0,0.0,0.0,0.0,0.0,0.0,0.0,1,1.0,1.0,0.0,0.0,0.0,0.0,1.0,0.0,0.0,0.0,0.0,0.0,0.0,0.0,0.0,0.0,1.0,0.0,0.0,0,,,,,,,,,,,,,,,,,,,,1,1.0,1.0,0.0,1.0,1.0,0.0,0.0,0.0,0.0,0.0,0.0,1.0,0.0,0.0,0.0,0.0,0.0,0.0,0.0,0,,,,,,,,,,,,,,,,,,,,0,,,,,,,,,,,,,,,,,,,
R1299,남,43,40대,40~44,기타직업,경영/관리직,부산,5대광역시,비수도권,1,1,1,0,1,0,0,0,1,0,0,0,0,0,0,아메리카노,카페라떼,콜드브루,0,,,,,,,,,,,,,,,,,,,,0,,,,,,,,,,,,,,,,,,,,1,1.0,1.0,1.0,0.0,1.0,0.0,0.0,0.0,0.0,0.0,0.0,0.0,0.0,0.0,0.0,0.0,0.0,0.0,0.0,0,,,,,,,,,,,,,,,,,,,,0,,,,,,,,,,,,,,,,,,,,0,,,,,,,,,,,,,,,,,,,
R1300,남,41,40대,40~44,직장인,자유/전문직,경기,서울외수도권,수도권,0,1,0,1,0,0,0,0,0,0,0,0,1,0,0,아메리카노,얼음갈린티,카푸치노,0,,,,,,,,,,,,,,,,,,,,0,,,,,,,,,,,,,,,,,,,,1,1.0,0.0,1.0,0.0,0.0,0.0,0.0,0.0,0.0,0.0,0.0,0.0,0.0,0.0,0.0,0.0,0.0,0.0,0.0,0,,,,,,,,,,,,,,,,,,,,0,,,,,,,,,,,,,,,,,,,,1,1.0,1.0,1.0,0.0,0.0,0.0,0.0,0.0,1.0,1.0,0.0,0.0,0.0,0.0,0.0,0.0,0.0,0.0,0.0
R1301,남,59,50대,55~59,직장인,사무/기술직,충남,기타지역,비수도권,1,0,0,0,1,0,0,0,0,0,0,1,0,0,1,과일티에이드,콜드브루,주스에이드,1,1.0,1.0,0.0,1.0,1.0,1.0,1.0,0.0,0.0,0.0,0.0,0.0,0.0,0.0,0.0,0.0,0.0,0.0,0.0,1,1.0,1.0,1.0,0.0,1.0,0.0,0.0,0.0,0.0,0.0,0.0,0.0,0.0,0.0,0.0,0.0,0.0,0.0,0.0,1,1.0,1.0,0.0,0.0,0.0,0.0,1.0,0.0,0.0,0.0,0.0,0.0,0.0,0.0,0.0,1.0,0.0,0.0,0.0,0,,,,,,,,,,,,,,,,,,,,0,,,,,,,,,,,,,,,,,,,,0,,,,,,,,,,,,,,,,,,,
R1302,남,59,50대,55~59,직장인,사무/기술직,서울,서울,수도권,0,0,1,0,0,0,0,1,1,0,1,0,0,0,1,얼음갈린커피,카페라떼,달콤한커피류,0,,,,,,,,,,,,,,,,,,,,0,,,,,,,,,,,,,,,,,,,,0,,,,,,,,,,,,,,,,,,,,0,,,,,,,,,,,,,,,,,,,,1,1.0,0.0,0.0,0.0,1.0,0.0,0.0,0.0,0.0,0.0,1.0,0.0,0.0,0.0,0.0,0.0,0.0,0.0,0.0,0,,,,,,,,,,,,,,,,,,,
R1303,남,30,30대,30~34,직장인,사무/기술직,서울,서울,수도권,0,0,0,1,0,0,0,1,0,0,0,1,0,0,0,달콤한커피류,과일티에이드,카푸치노,0,,,,,,,,,,,,,,,,,,,,1,1.0,0.0,0.0,0.0,0.0,1.0,1.0,0.0,0.0,0.0,0.0,0.0,0.0,0.0,0.0,0.0,0.0,0.0,0.0,0,,,,,,,,,,,,,,,,,,,,0,,,,,,,,,,,,,,,,,,,,1,1.0,0.0,1.0,0.0,0.0,0.0,0.0,1.0,0.0,0.0,0.0,0.0,0.0,0.0,0.0,0.0,1.0,0.0,0.0,0,,,,,,,,,,,,,,,,,,,
R1304,남,55,50대,55~59,직장인,사무/기술직,인천,서울외수도권,수도권,0,1,0,0,0,0,0,0,0,0,0,0,0,0,0,아메리카노,,,0,,,,,,,,,,,,,,,,,,,,0,,,,,,,,,,,,,,,,,,,,1,1.0,1.0,0.0,0.0,1.0,0.0,0.0,0.0,0.0,0.0,0.0,0.0,0.0,0.0,0.0,0.0,0.0,0.0,0.0,1,1.0,0.0,0.0,1.0,0.0,0.0,0.0,0.0,0.0,0.0,0.0,0.0,0.0,0.0,0.0,0.0,0.0,0.0,0.0,0,,,,,,,,,,,,,,,,,,,,1,1.0,1.0,0.0,0.0,0.0,1.0,0.0,1.0,0.0,1.0,1.0,0.0,0.0,0.0,0.0,0.0,0.0,0.0,0.0
R1305,여,58,50대,55~59,기타직업,무직,서울,서울,수도권,0,1,0,0,0,0,0,0,0,0,0,1,1,0,0,아메리카노,과일티에이드,얼음갈린티,1,1.0,1.0,0.0,0.0,0.0,0.0,1.0,0.0,0.0,0.0,0.0,0.0,0.0,0.0,0.0,0.0,1.0,0.0,0.0,0,,,,,,,,,,,,,,,,,,,,0,,,,,,,,,,,,,,,,,,,,0,,,,,,,,,,,,,,,,,,,,1,1.0,1.0,0.0,1.0,0.0,0.0,0.0,0.0,0.0,0.0,0.0,0.0,0.0,0.0,0.0,0.0,0.0,0.0,0.0,1,1.0,1.0,0.0,0.0,0.0,1.0,0.0,1.0,0.0,0.0,0.0,0.0,0.0,0.0,0.0,0.0,0.0,0.0,0.0
R1306,남,58,50대,55~59,기타직업,자영업,전북,기타지역,비수도권,0,1,0,0,0,1,0,0,0,0,0,0,0,1,0,아메리카노,스무디쉐이크,콜드브루라떼,0,,,,,,,,,,,,,,,,,,,,0,,,,,,,,,,,,,,,,,,,,0,,,,,,,,,,,,,,,,,,,,0,,,,,,,,,,,,,,,,,,,,0,,,,,,,,,,,,,,,,,,,,1,1.0,1.0,0.0,1.0,0.0,0.0,0.0,1.0,0.0,0.0,0.0,0.0,0.0,0.0,0.0,0.0,0.0,0.0,0.0
R1307,여,22,20대,20~24,전업주부,전업주부,대전,5대광역시,비수도권,0,1,0,0,1,0,0,1,0,1,0,1,0,0,1,아메리카노,콜드브루,달콤한커피류,0,,,,,,,,,,,,,,,,,,,,1,1.0,1.0,0.0,0.0,0.0,0.0,1.0,0.0,0.0,0.0,0.0,0.0,0.0,0.0,0.0,0.0,0.0,0.0,0.0,0,,,,,,,,,,,,,,,,,,,,1,1.0,0.0,0.0,0.0,0.0,1.0,0.0,0.0,0.0,1.0,0.0,0.0,0.0,0.0,0.0,0.0,0.0,0.0,0.0,0,,,,,,,,,,,,,,,,,,,,1,1.0,0.0,0.0,0.0,0.0,0.0,0.0,0.0,1.0,0.0,0.0,0.0,0.0,0.0,0.0,0.0,0.0,0.0,0.0
R1308,여,32,30대,30~34,기타직업,무직,울산,5대광역시,비수도권,0,1,1,0,0,0,0,0,1,0,1,1,0,0,0,달콤한티,카페라떼,아메리카노,0,,,,,,,,,,,,,,,,,,,,1,1.0,1.0,1.0,0.0,0.0,0.0,1.0,0.0,0.0,0.0,0.0,0.0,0.0,0.0,0.0,0.0,0.0,0.0,0.0,0,,,,,,,,,,,,,,,,,,,,1,1.0,0.0,0.0,0.0,0.0,1.0,0.0,0.0,0.0,0.0,1.0,0.0,0.0,0.0,0.0,0.0,0.0,0.0,0.0,0,,,,,,,,,,,,,,,,,,,,1,1.0,1.0,0.0,1.0,0.0,0.0,0.0,0.0,0.0,1.0,0.0,1.0,0.0,0.0,1.0,0.0,1.0,0.0,0.0
R1309,남,59,50대,55~59,기타직업,기타,경기,서울외수도권,수도권,0,0,0,0,0,0,0,0,0,0,0,1,0,0,1,과일티에이드,주스에이드,,0,,,,,,,,,,,,,,,,,,,,1,1.0,1.0,0.0,0.0,1.0,0.0,0.0,0.0,0.0,0.0,0.0,0.0,0.0,0.0,0.0,0.0,0.0,0.0,0.0,0,,,,,,,,,,,,,,,,,,,,0,,,,,,,,,,,,,,,,,,,,1,1.0,0.0,0.0,0.0,0.0,1.0,0.0,0.0,0.0,0.0,0.0,0.0,0.0,0.0,0.0,0.0,0.0,0.0,0.0,0,,,,,,,,,,,,,,,,,,,
R1310,남,46,40대,45~49,직장인,사무/기술직,경기,서울외수도권,수도권,1,1,0,1,1,0,0,0,1,1,0,1,0,0,0,기본티,아메리카노,카푸치노,0,,,,,,,,,,,,,,,,,,,,1,1.0,1.0,1.0,0.0,1.0,1.0,0.0,0.0,0.0,0.0,0.0,1.0,0.0,0.0,0.0,0.0,1.0,0.0,0.0,0,,,,,,,,,,,,,,,,,,,,0,,,,,,,,,,,,,,,,,,,,0,,,,,,,,,,,,,,,,,,,,1,1.0,0.0,0.0,1.0,0.0,0.0,1.0,0.0,0.0,1.0,0.0,0.0,0.0,0.0,0.0,1.0,1.0,0.0,0.0
R1311,여,30,30대,30~34,직장인,사무/기술직,경기,서울외수도권,수도권,0,0,1,0,0,0,0,1,0,0,0,0,0,0,0,카페라떼,달콤한커피류,,0,,,,,,,,,,,,,,,,,,,,0,,,,,,,,,,,,,,,,,,,,0,,,,,,,,,,,,,,,,,,,,0,,,,,,,,,,,,,,,,,,,,1,1.0,0.0,0.0,0.0,0.0,0.0,1.0,0.0,0.0,1.0,0.0,0.0,0.0,0.0,0.0,0.0,0.0,0.0,0.0,0,,,,,,,,,,,,,,,,,,,
R1312,여,29,20대,25~29,직장인,사무/기술직,경기,서울외수도권,수도권,0,1,0,0,0,0,0,0,1,0,1,0,0,0,0,아메리카노,달콤한티,얼음갈린커피,1,1.0,0.0,1.0,0.0,0.0,1.0,0.0,0.0,0.0,0.0,1.0,0.0,0.0,0.0,1.0,0.0,0.0,0.0,0.0,1,1.0,0.0,0.0,0.0,0.0,0.0,1.0,0.0,0.0,0.0,0.0,0.0,0.0,0.0,0.0,0.0,0.0,0.0,0.0,0,,,,,,,,,,,,,,,,,,,,0,,,,,,,,,,,,,,,,,,,,0,,,,,,,,,,,,,,,,,,,,0,,,,,,,,,,,,,,,,,,,
R1313,여,47,40대,45~49,직장인,자영업,서울,서울,수도권,1,1,1,0,0,0,0,1,0,0,0,0,1,0,0,달콤한커피류,얼음갈린티,아메리카노,0,,,,,,,,,,,,,,,,,,,,1,1.0,0.0,0.0,1.0,0.0,0.0,0.0,0.0,0.0,0.0,0.0,0.0,0.0,0.0,0.0,0.0,1.0,0.0,0.0,1,1.0,1.0,0.0,0.0,0.0,0.0,0.0,0.0,0.0,1.0,0.0,0.0,0.0,0.0,0.0,0.0,0.0,0.0,0.0,0,,,,,,,,,,,,,,,,,,,,0,,,,,,,,,,,,,,,,,,,,1,1.0,1.0,0.0,0.0,0.0,0.0,1.0,0.0,0.0,0.0,0.0,0.0,0.0,0.0,0.0,0.0,1.0,0.0,0.0
R1314,여,31,30대,30~34,대학(원)생,대학원생,인천,서울외수도권,수도권,0,0,1,0,0,0,0,0,0,0,0,0,1,0,0,카페라떼,얼음갈린티,,1,1.0,1.0,0.0,0.0,1.0,0.0,0.0,0.0,0.0,0.0,0.0,0.0,0.0,0.0,0.0,0.0,0.0,0.0,0.0,0,,,,,,,,,,,,,,,,,,,,1,1.0,0.0,1.0,0.0,1.0,0.0,0.0,0.0,0.0,1.0,0.0,0.0,0.0,0.0,1.0,0.0,0.0,0.0,0.0,0,,,,,,,,,,,,,,,,,,,,1,1.0,1.0,1.0,1.0,0.0,1.0,1.0,0.0,0.0,0.0,0.0,1.0,1.0,0.0,0.0,0.0,0.0,0.0,0.0,0,,,,,,,,,,,,,,,,,,,
R1315,남,33,30대,30~34,직장인,사무/기술직,부산,5대광역시,비수도권,0,1,1,0,0,0,1,0,0,0,0,0,1,0,0,아메리카노,카페라떼,얼음갈린티,0,,,,,,,,,,,,,,,,,,,,1,1.0,0.0,1.0,0.0,0.0,1.0,0.0,0.0,0.0,0.0,0.0,0.0,0.0,0.0,0.0,0.0,1.0,0.0,1.0,0,,,,,,,,,,,,,,,,,,,,0,,,,,,,,,,,,,,,,,,,,0,,,,,,,,,,,,,,,,,,,,1,1.0,1.0,0.0,0.0,0.0,0.0,0.0,0.0,1.0,0.0,0.0,0.0,0.0,0.0,0.0,0.0,0.0,0.0,0.0
R1316,남,59,50대,55~59,전업주부,전업주부,경기,서울외수도권,수도권,0,1,0,0,0,0,0,1,0,0,0,0,0,0,0,아메리카노,달콤한커피류,,0,,,,,,,,,,,,,,,,,,,,0,,,,,,,,,,,,,,,,,,,,0,,,,,,,,,,,,,,,,,,,,1,1.0,0.0,0.0,0.0,0.0,1.0,0.0,0.0,1.0,0.0,0.0,0.0,0.0,0.0,0.0,0.0,0.0,0.0,0.0,1,1.0,0.0,1.0,1.0,0.0,0.0,0.0,0.0,0.0,1.0,0.0,0.0,0.0,0.0,0.0,0.0,0.0,0.0,0.0,1,1.0,0.0,0.0,0.0,0.0,0.0,0.0,0.0,0.0,1.0,0.0,0.0,0.0,0.0,0.0,0.0,0.0,0.0,0.0
R1317,남,33,30대,30~34,직장인,사무/기술직,경기,서울외수도권,수도권,0,1,0,0,0,1,0,1,0,0,0,1,1,0,0,달콤한커피류,아메리카노,과일티에이드,1,1.0,0.0,0.0,1.0,0.0,0.0,0.0,0.0,0.0,0.0,0.0,1.0,0.0,0.0,0.0,0.0,0.0,0.0,0.0,1,1.0,0.0,1.0,0.0,0.0,1.0,0.0,0.0,0.0,0.0,0.0,1.0,0.0,0.0,0.0,1.0,0.0,0.0,0.0,1,1.0,0.0,1.0,1.0,0.0,0.0,0.0,0.0,0.0,0.0,1.0,0.0,0.0,0.0,0.0,0.0,0.0,0.0,0.0,0,,,,,,,,,,,,,,,,,,,,0,,,,,,,,,,,,,,,,,,,,1,1.0,0.0,0.0,0.0,0.0,0.0,1.0,0.0,0.0,0.0,0.0,1.0,0.0,0.0,0.0,0.0,0.0,0.0,0.0
R1318,남,42,40대,40~44,기타직업,무직,경남,기타지역,비수도권,0,1,1,0,1,0,0,1,0,0,0,0,0,0,1,달콤한커피류,아메리카노,카페라떼,0,,,,,,,,,,,,,,,,,,,,0,,,,,,,,,,,,,,,,,,,,1,1.0,1.0,0.0,0.0,0.0,1.0,0.0,0.0,0.0,0.0,0.0,0.0,0.0,0.0,1.0,0.0,0.0,1.0,0.0,0,,,,,,,,,,,,,,,,,,,,1,1.0,0.0,0.0,0.0,0.0,0.0,0.0,0.0,1.0,0.0,1.0,0.0,0.0,0.0,0.0,0.0,0.0,0.0,0.0,1,1.0,1.0,0.0,0.0,0.0,0.0,0.0,0.0,0.0,1.0,0.0,0.0,0.0,0.0,0.0,0.0,0.0,0.0,0.0
R1319,여,29,20대,25~29,직장인,자유/전문직,경북,기타지역,비수도권,0,0,1,0,0,0,0,0,0,0,1,0,0,0,1,달콤한티,카페라떼,주스에이드,0,,,,,,,,,,,,,,,,,,,,0,,,,,,,,,,,,,,,,,,,,1,1.0,0.0,0.0,0.0,1.0,1.0,0.0,0.0,0.0,0.0,0.0,0.0,0.0,0.0,0.0,0.0,0.0,0.0,0.0,0,,,,,,,,,,,,,,,,,,,,0,,,,,,,,,,,,,,,,,,,,0,,,,,,,,,,,,,,,,,,,
R1320,여,46,40대,45~49,전업주부,전업주부,충북,기타지역,비수도권,0,1,0,0,1,0,0,0,0,0,0,0,0,0,1,아메리카노,콜드브루,주스에이드,0,,,,,,,,,,,,,,,,,,,,1,1.0,1.0,0.0,0.0,0.0,0.0,0.0,0.0,0.0,0.0,0.0,1.0,0.0,0.0,0.0,0.0,0.0,0.0,0.0,0,,,,,,,,,,,,,,,,,,,,1,1.0,0.0,1.0,0.0,1.0,0.0,0.0,0.0,0.0,0.0,0.0,0.0,0.0,0.0,0.0,0.0,0.0,0.0,0.0,0,,,,,,,,,,,,,,,,,,,,0,,,,,,,,,,,,,,,,,,,
R1321,남,57,50대,55~59,직장인,사무/기술직,경기,서울외수도권,수도권,0,1,0,0,0,0,0,1,1,0,0,0,0,0,0,아메리카노,얼음갈린커피,달콤한커피류,1,1.0,0.0,0.0,1.0,0.0,0.0,0.0,0.0,0.0,0.0,0.0,0.0,0.0,0.0,0.0,0.0,0.0,0.0,0.0,0,,,,,,,,,,,,,,,,,,,,0,,,,,,,,,,,,,,,,,,,,0,,,,,,,,,,,,,,,,,,,,1,1.0,1.0,0.0,0.0,1.0,0.0,0.0,0.0,0.0,1.0,0.0,0.0,0.0,0.0,0.0,1.0,0.0,0.0,0.0,0,,,,,,,,,,,,,,,,,,,
R1322,여,20,20대,20~24,직장인,기능/작업직,인천,서울외수도권,수도권,0,1,0,0,0,0,0,0,0,0,0,1,0,0,1,아메리카노,주스에이드,과일티에이드,1,1.0,0.0,0.0,1.0,0.0,0.0,0.0,0.0,0.0,0.0,0.0,0.0,0.0,0.0,0.0,0.0,0.0,0.0,0.0,0,,,,,,,,,,,,,,,,,,,,0,,,,,,,,,,,,,,,,,,,,1,1.0,1.0,1.0,0.0,0.0,0.0,1.0,0.0,0.0,0.0,0.0,0.0,0.0,0.0,0.0,0.0,0.0,0.0,0.0,1,1.0,1.0,1.0,0.0,0.0,0.0,0.0,0.0,0.0,0.0,0.0,0.0,0.0,0.0,0.0,0.0,0.0,0.0,0.0,0,,,,,,,,,,,,,,,,,,,
R1323,남,38,30대,35~39,대학(원)생,대학생,서울,서울,수도권,0,1,0,0,0,1,0,0,0,0,0,1,1,0,0,아메리카노,과일티에이드,얼음갈린티,0,,,,,,,,,,,,,,,,,,,,0,,,,,,,,,,,,,,,,,,,,1,1.0,0.0,1.0,1.0,0.0,0.0,0.0,0.0,0.0,0.0,0.0,0.0,0.0,0.0,0.0,0.0,0.0,0.0,0.0,1,1.0,1.0,0.0,0.0,0.0,0.0,0.0,0.0,0.0,0.0,0.0,0.0,0.0,0.0,0.0,0.0,0.0,0.0,0.0,0,,,,,,,,,,,,,,,,,,,,0,,,,,,,,,,,,,,,,,,,
R1324,남,35,30대,35~39,직장인,사무/기술직,서울,서울,수도권,0,0,1,0,0,0,0,0,0,0,0,0,1,1,0,스무디쉐이크,카페라떼,얼음갈린티,0,,,,,,,,,,,,,,,,,,,,0,,,,,,,,,,,,,,,,,,,,0,,,,,,,,,,,,,,,,,,,,1,1.0,0.0,0.0,0.0,0.0,0.0,0.0,1.0,0.0,0.0,0.0,0.0,0.0,0.0,0.0,0.0,1.0,0.0,0.0,1,1.0,1.0,0.0,0.0,0.0,0.0,0.0,0.0,0.0,1.0,0.0,0.0,0.0,0.0,0.0,0.0,0.0,0.0,0.0,1,1.0,1.0,0.0,1.0,0.0,0.0,0.0,0.0,0.0,0.0,0.0,0.0,0.0,0.0,0.0,0.0,0.0,0.0,0.0
R1325,남,52,50대,50~54,직장인,자유/전문직,충남,기타지역,비수도권,0,0,1,0,0,0,1,0,0,0,0,0,0,0,0,카페라떼,드립핸드드립,,0,,,,,,,,,,,,,,,,,,,,0,,,,,,,,,,,,,,,,,,,,0,,,,,,,,,,,,,,,,,,,,0,,,,,,,,,,,,,,,,,,,,0,,,,,,,,,,,,,,,,,,,,1,1.0,1.0,1.0,0.0,0.0,1.0,0.0,0.0,0.0,0.0,0.0,0.0,0.0,0.0,0.0,0.0,0.0,0.0,0.0
R1326,남,30,30대,30~34,대학(원)생,대학생,경남,기타지역,비수도권,0,0,0,0,0,0,0,0,1,0,0,0,0,1,0,스무디쉐이크,얼음갈린커피,,1,1.0,1.0,0.0,0.0,1.0,1.0,0.0,0.0,1.0,0.0,0.0,0.0,0.0,0.0,0.0,0.0,0.0,0.0,0.0,0,,,,,,,,,,,,,,,,,,,,1,1.0,0.0,0.0,0.0,0.0,1.0,0.0,0.0,0.0,1.0,0.0,0.0,0.0,0.0,0.0,0.0,0.0,0.0,0.0,1,1.0,0.0,0.0,0.0,0.0,1.0,0.0,0.0,1.0,0.0,0.0,0.0,0.0,0.0,0.0,0.0,0.0,0.0,0.0,0,,,,,,,,,,,,,,,,,,,,0,,,,,,,,,,,,,,,,,,,
R1327,남,22,20대,20~24,직장인,자영업,대전,5대광역시,비수도권,0,1,1,0,0,0,1,0,0,1,1,0,0,1,0,아메리카노,카페라떼,달콤한티,1,1.0,1.0,0.0,0.0,0.0,0.0,0.0,0.0,0.0,0.0,0.0,0.0,0.0,0.0,0.0,0.0,1.0,0.0,0.0,1,1.0,0.0,0.0,0.0,0.0,1.0,0.0,0.0,0.0,0.0,0.0,0.0,0.0,0.0,0.0,0.0,0.0,0.0,0.0,1,1.0,1.0,0.0,0.0,1.0,0.0,0.0,0.0,1.0,0.0,0.0,0.0,0.0,0.0,0.0,0.0,0.0,0.0,0.0,0,,,,,,,,,,,,,,,,,,,,1,1.0,1.0,0.0,0.0,0.0,0.0,0.0,0.0,0.0,1.0,0.0,0.0,0.0,0.0,0.0,0.0,0.0,0.0,0.0,0,,,,,,,,,,,,,,,,,,,
R1328,남,30,30대,30~34,직장인,자유/전문직,인천,서울외수도권,수도권,0,0,0,0,0,0,0,0,0,1,0,1,0,0,0,과일티에이드,기본티,,0,,,,,,,,,,,,,,,,,,,,0,,,,,,,,,,,,,,,,,,,,1,1.0,1.0,0.0,0.0,1.0,0.0,0.0,0.0,0.0,1.0,0.0,1.0,0.0,0.0,0.0,0.0,0.0,0.0,0.0,0,,,,,,,,,,,,,,,,,,,,0,,,,,,,,,,,,,,,,,,,,0,,,,,,,,,,,,,,,,,,,
R1329,남,40,40대,40~44,직장인,사무/기술직,부산,5대광역시,비수도권,0,1,1,0,0,1,0,0,0,0,0,0,0,0,0,카페라떼,아메리카노,콜드브루라떼,0,,,,,,,,,,,,,,,,,,,,0,,,,,,,,,,,,,,,,,,,,0,,,,,,,,,,,,,,,,,,,,0,,,,,,,,,,,,,,,,,,,,0,,,,,,,,,,,,,,,,,,,,0,,,,,,,,,,,,,,,,,,,
R1330,여,39,30대,35~39,대학(원)생,대학생,경기,서울외수도권,수도권,0,1,0,0,0,0,0,0,0,0,0,1,0,0,1,주스에이드,아메리카노,과일티에이드,1,1.0,1.0,0.0,1.0,1.0,0.0,0.0,0.0,0.0,0.0,0.0,0.0,0.0,0.0,0.0,0.0,0.0,0.0,0.0,0,,,,,,,,,,,,,,,,,,,,1,1.0,1.0,0.0,0.0,0.0,0.0,1.0,0.0,0.0,0.0,0.0,0.0,0.0,0.0,0.0,0.0,0.0,1.0,0.0,0,,,,,,,,,,,,,,,,,,,,0,,,,,,,,,,,,,,,,,,,,0,,,,,,,,,,,,,,,,,,,
R1331,남,59,50대,55~59,직장인,자유/전문직,서울,서울,수도권,0,1,1,0,0,0,0,0,0,0,0,0,0,1,0,카페라떼,아메리카노,스무디쉐이크,0,,,,,,,,,,,,,,,,,,,,0,,,,,,,,,,,,,,,,,,,,1,1.0,1.0,0.0,0.0,1.0,1.0,1.0,0.0,0.0,1.0,0.0,0.0,0.0,0.0,0.0,1.0,0.0,0.0,0.0,0,,,,,,,,,,,,,,,,,,,,0,,,,,,,,,,,,,,,,,,,,0,,,,,,,,,,,,,,,,,,,
R1332,남,51,50대,50~54,직장인,자유/전문직,경북,기타지역,비수도권,0,1,1,0,1,1,1,1,0,1,0,0,0,0,1,달콤한커피류,아메리카노,카페라떼,0,,,,,,,,,,,,,,,,,,,,0,,,,,,,,,,,,,,,,,,,,1,1.0,0.0,0.0,1.0,0.0,0.0,1.0,0.0,0.0,1.0,0.0,0.0,0.0,0.0,0.0,0.0,0.0,0.0,0.0,1,1.0,1.0,0.0,0.0,0.0,0.0,0.0,0.0,1.0,0.0,0.0,1.0,0.0,0.0,0.0,0.0,1.0,0.0,0.0,1,1.0,1.0,0.0,0.0,0.0,0.0,0.0,0.0,0.0,0.0,0.0,0.0,0.0,0.0,0.0,0.0,0.0,0.0,0.0,1,1.0,1.0,0.0,0.0,0.0,0.0,0.0,0.0,0.0,1.0,0.0,1.0,0.0,0.0,0.0,0.0,0.0,0.0,0.0
R1333,남,38,30대,35~39,기타직업,자유/전문직,경기,서울외수도권,수도권,0,1,1,0,0,0,0,0,1,0,0,0,0,0,0,아메리카노,카페라떼,얼음갈린커피,0,,,,,,,,,,,,,,,,,,,,1,1.0,0.0,0.0,0.0,0.0,0.0,1.0,0.0,0.0,0.0,0.0,0.0,0.0,0.0,0.0,0.0,0.0,0.0,0.0,0,,,,,,,,,,,,,,,,,,,,0,,,,,,,,,,,,,,,,,,,,0,,,,,,,,,,,,,,,,,,,,1,1.0,1.0,0.0,0.0,0.0,1.0,0.0,0.0,0.0,0.0,0.0,0.0,0.0,0.0,0.0,0.0,1.0,0.0,0.0
R1334,여,29,20대,25~29,전업주부,전업주부,경기,서울외수도권,수도권,0,1,0,0,0,0,0,0,0,0,0,0,0,0,1,아메리카노,주스에이드,,1,1.0,0.0,0.0,0.0,0.0,0.0,0.0,0.0,0.0,0.0,0.0,1.0,0.0,0.0,0.0,0.0,0.0,0.0,0.0,1,1.0,1.0,1.0,0.0,1.0,0.0,0.0,0.0,0.0,0.0,0.0,1.0,0.0,0.0,0.0,0.0,0.0,1.0,0.0,1,1.0,1.0,0.0,0.0,0.0,0.0,1.0,1.0,0.0,0.0,0.0,0.0,0.0,0.0,0.0,0.0,0.0,0.0,0.0,0,,,,,,,,,,,,,,,,,,,,1,1.0,0.0,1.0,0.0,0.0,1.0,0.0,0.0,0.0,1.0,1.0,0.0,0.0,0.0,0.0,0.0,0.0,0.0,0.0,1,1.0,1.0,1.0,1.0,0.0,1.0,0.0,0.0,1.0,0.0,0.0,1.0,0.0,0.0,0.0,0.0,0.0,0.0,0.0
R1335,여,34,30대,30~34,대학(원)생,대학생,경기,서울외수도권,수도권,0,1,0,1,0,0,1,1,0,0,0,0,0,0,0,아메리카노,달콤한커피류,드립핸드드립,1,1.0,0.0,0.0,0.0,0.0,1.0,0.0,0.0,0.0,0.0,0.0,1.0,0.0,0.0,0.0,0.0,0.0,0.0,0.0,0,,,,,,,,,,,,,,,,,,,,0,,,,,,,,,,,,,,,,,,,,1,1.0,0.0,1.0,0.0,0.0,1.0,1.0,1.0,0.0,0.0,0.0,0.0,0.0,0.0,0.0,1.0,0.0,0.0,0.0,0,,,,,,,,,,,,,,,,,,,,0,,,,,,,,,,,,,,,,,,,
R1336,남,50,50대,50~54,직장인,판매/영업 서비스직,대구,5대광역시,비수도권,0,1,0,0,0,0,0,0,0,0,0,0,0,0,0,아메리카노,,,1,1.0,1.0,1.0,0.0,0.0,0.0,0.0,0.0,0.0,1.0,0.0,0.0,0.0,0.0,0.0,0.0,0.0,0.0,0.0,1,1.0,1.0,0.0,0.0,0.0,1.0,1.0,0.0,0.0,1.0,0.0,0.0,0.0,0.0,0.0,0.0,0.0,0.0,0.0,0,,,,,,,,,,,,,,,,,,,,0,,,,,,,,,,,,,,,,,,,,0,,,,,,,,,,,,,,,,,,,,0,,,,,,,,,,,,,,,,,,,
R1337,남,56,50대,55~59,대학(원)생,대학생,광주,5대광역시,비수도권,0,1,0,0,0,0,0,0,0,0,1,0,0,0,1,아메리카노,주스에이드,달콤한티,0,,,,,,,,,,,,,,,,,,,,0,,,,,,,,,,,,,,,,,,,,1,1.0,1.0,0.0,0.0,1.0,0.0,0.0,0.0,0.0,0.0,0.0,0.0,0.0,0.0,0.0,0.0,1.0,0.0,0.0,1,1.0,1.0,0.0,0.0,0.0,0.0,0.0,0.0,0.0,0.0,0.0,0.0,0.0,0.0,0.0,0.0,0.0,0.0,0.0,1,1.0,1.0,0.0,0.0,0.0,1.0,0.0,0.0,0.0,0.0,1.0,0.0,0.0,0.0,0.0,0.0,0.0,0.0,0.0,1,1.0,0.0,0.0,0.0,0.0,0.0,0.0,0.0,0.0,1.0,0.0,0.0,0.0,0.0,0.0,0.0,1.0,0.0,0.0
R1338,남,28,20대,25~29,기타직업,기타,전남,기타지역,비수도권,0,0,0,0,0,0,0,0,0,0,0,0,0,1,0,스무디쉐이크,,,0,,,,,,,,,,,,,,,,,,,,0,,,,,,,,,,,,,,,,,,,,1,1.0,0.0,0.0,1.0,0.0,0.0,0.0,0.0,0.0,0.0,0.0,1.0,0.0,0.0,0.0,0.0,0.0,0.0,0.0,0,,,,,,,,,,,,,,,,,,,,1,1.0,0.0,0.0,0.0,0.0,1.0,0.0,0.0,0.0,0.0,0.0,0.0,0.0,0.0,0.0,0.0,0.0,0.0,0.0,0,,,,,,,,,,,,,,,,,,,
R1339,여,32,30대,30~34,직장인,사무/기술직,경기,서울외수도권,수도권,0,1,1,0,0,1,1,0,0,0,1,1,0,0,0,아메리카노,과일티에이드,카페라떼,0,,,,,,,,,,,,,,,,,,,,0,,,,,,,,,,,,,,,,,,,,0,,,,,,,,,,,,,,,,,,,,1,1.0,1.0,0.0,0.0,0.0,0.0,1.0,1.0,0.0,0.0,0.0,0.0,0.0,0.0,0.0,0.0,0.0,0.0,0.0,0,,,,,,,,,,,,,,,,,,,,0,,,,,,,,,,,,,,,,,,,
R1340,여,51,50대,50~54,직장인,사무/기술직,대전,5대광역시,비수도권,0,1,1,0,0,0,0,1,0,1,0,0,0,0,0,아메리카노,카페라떼,기본티,1,1.0,0.0,0.0,0.0,0.0,0.0,0.0,0.0,0.0,0.0,0.0,0.0,0.0,0.0,0.0,0.0,0.0,0.0,0.0,1,1.0,0.0,0.0,1.0,1.0,1.0,1.0,0.0,0.0,0.0,1.0,0.0,0.0,0.0,0.0,0.0,0.0,0.0,1.0,0,,,,,,,,,,,,,,,,,,,,1,1.0,1.0,1.0,1.0,0.0,1.0,1.0,0.0,1.0,0.0,0.0,0.0,0.0,0.0,1.0,0.0,0.0,0.0,0.0,0,,,,,,,,,,,,,,,,,,,,1,1.0,1.0,0.0,1.0,0.0,1.0,1.0,0.0,0.0,1.0,1.0,0.0,0.0,0.0,0.0,0.0,0.0,0.0,0.0
R1341,여,59,50대,55~59,기타직업,기능/작업직,경기,서울외수도권,수도권,0,1,0,0,0,0,1,0,0,0,1,0,0,0,1,아메리카노,주스에이드,달콤한티,1,1.0,1.0,0.0,0.0,0.0,0.0,1.0,0.0,0.0,0.0,0.0,1.0,0.0,0.0,0.0,0.0,1.0,0.0,0.0,0,,,,,,,,,,,,,,,,,,,,0,,,,,,,,,,,,,,,,,,,,0,,,,,,,,,,,,,,,,,,,,0,,,,,,,,,,,,,,,,,,,,0,,,,,,,,,,,,,,,,,,,
R1342,남,25,20대,25~29,직장인,자유/전문직,서울,서울,수도권,0,0,1,0,0,0,0,1,0,0,0,0,0,0,0,달콤한커피류,카페라떼,,0,,,,,,,,,,,,,,,,,,,,1,1.0,0.0,0.0,0.0,1.0,1.0,1.0,0.0,0.0,0.0,0.0,0.0,0.0,0.0,0.0,0.0,0.0,0.0,0.0,1,1.0,1.0,1.0,1.0,1.0,0.0,0.0,0.0,1.0,1.0,0.0,0.0,0.0,0.0,0.0,0.0,0.0,0.0,0.0,1,1.0,0.0,0.0,1.0,0.0,1.0,0.0,0.0,0.0,0.0,0.0,0.0,0.0,0.0,0.0,0.0,0.0,0.0,0.0,1,1.0,1.0,0.0,0.0,0.0,0.0,1.0,0.0,0.0,0.0,0.0,0.0,0.0,0.0,0.0,0.0,0.0,0.0,0.0,0,,,,,,,,,,,,,,,,,,,
R1343,여,42,40대,40~44,기타직업,무직,서울,서울,수도권,0,0,1,0,0,1,0,1,1,0,0,1,0,0,1,과일티에이드,카페라떼,달콤한커피류,0,,,,,,,,,,,,,,,,,,,,1,1.0,1.0,0.0,0.0,0.0,0.0,0.0,0.0,0.0,1.0,0.0,0.0,0.0,0.0,0.0,0.0,0.0,0.0,0.0,0,,,,,,,,,,,,,,,,,,,,0,,,,,,,,,,,,,,,,,,,,0,,,,,,,,,,,,,,,,,,,,1,1.0,1.0,0.0,0.0,0.0,0.0,0.0,0.0,0.0,0.0,0.0,0.0,0.0,0.0,0.0,0.0,0.0,0.0,0.0
R1344,남,34,30대,30~34,직장인,사무/기술직,충남,기타지역,비수도권,0,1,0,0,1,0,0,1,0,0,0,0,0,0,0,달콤한커피류,아메리카노,콜드브루,0,,,,,,,,,,,,,,,,,,,,0,,,,,,,,,,,,,,,,,,,,1,1.0,1.0,0.0,0.0,0.0,0.0,1.0,0.0,0.0,0.0,0.0,0.0,0.0,0.0,0.0,0.0,0.0,0.0,0.0,1,1.0,1.0,0.0,0.0,0.0,0.0,0.0,0.0,1.0,1.0,0.0,0.0,0.0,0.0,0.0,0.0,0.0,0.0,0.0,0,,,,,,,,,,,,,,,,,,,,1,1.0,1.0,0.0,1.0,0.0,1.0,0.0,1.0,1.0,0.0,0.0,0.0,0.0,0.0,0.0,0.0,0.0,0.0,0.0
R1345,여,59,50대,55~59,직장인,자유/전문직,대구,5대광역시,비수도권,0,1,0,0,0,0,0,0,0,0,0,0,0,0,0,아메리카노,,,0,,,,,,,,,,,,,,,,,,,,0,,,,,,,,,,,,,,,,,,,,0,,,,,,,,,,,,,,,,,,,,0,,,,,,,,,,,,,,,,,,,,1,1.0,1.0,0.0,0.0,0.0,1.0,1.0,0.0,0.0,0.0,0.0,0.0,0.0,0.0,0.0,0.0,0.0,0.0,0.0,1,1.0,1.0,1.0,0.0,0.0,0.0,0.0,0.0,0.0,0.0,0.0,0.0,0.0,0.0,0.0,0.0,0.0,0.0,0.0
R1346,여,54,50대,50~54,기타직업,무직,부산,5대광역시,비수도권,0,1,1,0,0,0,0,0,0,0,1,1,0,1,0,아메리카노,과일티에이드,카페라떼,1,1.0,1.0,0.0,1.0,0.0,0.0,1.0,0.0,0.0,0.0,1.0,0.0,0.0,0.0,1.0,0.0,1.0,0.0,0.0,1,1.0,1.0,0.0,0.0,0.0,0.0,0.0,0.0,0.0,0.0,0.0,1.0,0.0,0.0,0.0,0.0,0.0,0.0,0.0,0,,,,,,,,,,,,,,,,,,,,0,,,,,,,,,,,,,,,,,,,,1,1.0,0.0,0.0,0.0,0.0,0.0,0.0,0.0,0.0,0.0,0.0,0.0,0.0,0.0,0.0,0.0,1.0,0.0,0.0,0,,,,,,,,,,,,,,,,,,,
R1347,남,45,40대,45~49,기타직업,무직,서울,서울,수도권,0,0,1,0,1,0,0,0,0,0,0,0,0,1,0,카페라떼,콜드브루,스무디쉐이크,0,,,,,,,,,,,,,,,,,,,,0,,,,,,,,,,,,,,,,,,,,0,,,,,,,,,,,,,,,,,,,,1,1.0,1.0,0.0,0.0,0.0,0.0,0.0,0.0,0.0,0.0,0.0,0.0,0.0,0.0,0.0,0.0,0.0,0.0,0.0,0,,,,,,,,,,,,,,,,,,,,0,,,,,,,,,,,,,,,,,,,
R1348,여,48,40대,45~49,직장인,사무/기술직,인천,서울외수도권,수도권,0,1,0,0,0,0,0,0,0,0,0,0,0,1,0,스무디쉐이크,아메리카노,,1,1.0,0.0,0.0,0.0,0.0,0.0,0.0,0.0,1.0,0.0,0.0,0.0,0.0,0.0,0.0,0.0,0.0,0.0,1.0,1,1.0,0.0,0.0,1.0,1.0,0.0,0.0,0.0,0.0,1.0,0.0,0.0,0.0,0.0,0.0,0.0,1.0,0.0,0.0,1,1.0,1.0,1.0,0.0,1.0,1.0,0.0,0.0,0.0,0.0,0.0,0.0,0.0,0.0,0.0,0.0,0.0,0.0,0.0,0,,,,,,,,,,,,,,,,,,,,1,1.0,1.0,0.0,0.0,0.0,1.0,0.0,0.0,0.0,0.0,0.0,0.0,0.0,0.0,0.0,0.0,0.0,0.0,0.0,1,1.0,1.0,0.0,0.0,0.0,0.0,0.0,0.0,0.0,0.0,0.0,1.0,0.0,0.0,0.0,0.0,0.0,0.0,0.0
R1349,여,46,40대,45~49,직장인,사무/기술직,서울,서울,수도권,0,1,1,0,0,0,0,1,0,1,0,1,1,0,0,아메리카노,카페라떼,달콤한커피류,0,,,,,,,,,,,,,,,,,,,,1,1.0,1.0,0.0,0.0,0.0,0.0,1.0,0.0,0.0,0.0,0.0,0.0,0.0,0.0,0.0,0.0,0.0,0.0,0.0,0,,,,,,,,,,,,,,,,,,,,0,,,,,,,,,,,,,,,,,,,,0,,,,,,,,,,,,,,,,,,,,0,,,,,,,,,,,,,,,,,,,
R1350,남,49,40대,45~49,직장인,사무/기술직,경남,기타지역,비수도권,0,1,0,0,0,0,0,0,0,0,0,0,1,0,0,아메리카노,얼음갈린티,,1,1.0,0.0,0.0,0.0,0.0,0.0,1.0,0.0,0.0,0.0,0.0,0.0,0.0,0.0,0.0,0.0,0.0,0.0,0.0,1,1.0,1.0,0.0,1.0,0.0,1.0,0.0,0.0,0.0,1.0,0.0,0.0,0.0,0.0,0.0,1.0,0.0,0.0,0.0,1,1.0,1.0,0.0,1.0,0.0,0.0,0.0,0.0,0.0,0.0,0.0,0.0,0.0,0.0,0.0,0.0,0.0,0.0,0.0,0,,,,,,,,,,,,,,,,,,,,1,1.0,0.0,0.0,0.0,0.0,1.0,0.0,0.0,0.0,0.0,0.0,0.0,0.0,0.0,0.0,0.0,0.0,0.0,0.0,0,,,,,,,,,,,,,,,,,,,
R1351,여,48,40대,45~49,직장인,사무/기술직,제주,기타지역,비수도권,0,1,1,1,0,0,0,0,0,0,0,0,0,1,0,카푸치노,스무디쉐이크,아메리카노,0,,,,,,,,,,,,,,,,,,,,0,,,,,,,,,,,,,,,,,,,,0,,,,,,,,,,,,,,,,,,,,1,1.0,1.0,0.0,0.0,0.0,1.0,0.0,0.0,0.0,0.0,0.0,0.0,0.0,0.0,0.0,0.0,0.0,0.0,0.0,0,,,,,,,,,,,,,,,,,,,,0,,,,,,,,,,,,,,,,,,,
R1352,여,30,30대,30~34,직장인,사무/기술직,대구,5대광역시,비수도권,0,1,0,0,0,0,0,1,0,0,0,1,1,0,0,아메리카노,달콤한커피류,과일티에이드,0,,,,,,,,,,,,,,,,,,,,1,1.0,1.0,0.0,0.0,0.0,0.0,1.0,0.0,0.0,0.0,0.0,0.0,0.0,0.0,0.0,0.0,0.0,0.0,0.0,1,1.0,1.0,0.0,0.0,0.0,0.0,0.0,0.0,0.0,0.0,1.0,1.0,0.0,0.0,0.0,0.0,0.0,0.0,0.0,0,,,,,,,,,,,,,,,,,,,,0,,,,,,,,,,,,,,,,,,,,1,1.0,1.0,1.0,0.0,0.0,1.0,1.0,0.0,0.0,1.0,0.0,0.0,0.0,0.0,0.0,0.0,0.0,0.0,0.0
R1353,여,22,20대,20~24,직장인,판매/영업 서비스직,경북,기타지역,비수도권,0,0,0,0,0,0,0,0,0,0,1,0,0,0,1,주스에이드,달콤한티,,0,,,,,,,,,,,,,,,,,,,,0,,,,,,,,,,,,,,,,,,,,0,,,,,,,,,,,,,,,,,,,,1,1.0,0.0,0.0,1.0,0.0,0.0,0.0,0.0,0.0,1.0,0.0,0.0,0.0,0.0,0.0,0.0,0.0,0.0,0.0,0,,,,,,,,,,,,,,,,,,,,0,,,,,,,,,,,,,,,,,,,
R1354,남,44,40대,40~44,전업주부,전업주부,전북,기타지역,비수도권,1,0,0,1,0,0,0,0,0,0,0,0,0,0,1,에스프레소,주스에이드,카푸치노,1,1.0,1.0,0.0,0.0,0.0,0.0,0.0,0.0,0.0,0.0,0.0,0.0,0.0,0.0,0.0,0.0,0.0,0.0,0.0,0,,,,,,,,,,,,,,,,,,,,1,1.0,0.0,1.0,0.0,0.0,0.0,0.0,0.0,0.0,0.0,0.0,0.0,0.0,0.0,0.0,1.0,0.0,0.0,0.0,1,1.0,1.0,0.0,0.0,0.0,0.0,0.0,0.0,0.0,0.0,0.0,0.0,0.0,0.0,0.0,1.0,0.0,0.0,0.0,0,,,,,,,,,,,,,,,,,,,,0,,,,,,,,,,,,,,,,,,,
R1355,남,28,20대,25~29,직장인,사무/기술직,대구,5대광역시,비수도권,0,1,0,0,0,0,0,1,0,0,0,1,0,0,0,아메리카노,달콤한커피류,과일티에이드,1,1.0,1.0,0.0,0.0,0.0,0.0,0.0,0.0,0.0,0.0,0.0,0.0,0.0,0.0,0.0,0.0,0.0,0.0,0.0,0,,,,,,,,,,,,,,,,,,,,0,,,,,,,,,,,,,,,,,,,,0,,,,,,,,,,,,,,,,,,,,1,1.0,0.0,0.0,0.0,0.0,1.0,0.0,0.0,0.0,1.0,0.0,0.0,0.0,0.0,0.0,0.0,0.0,0.0,0.0,1,1.0,1.0,0.0,0.0,0.0,0.0,0.0,0.0,1.0,0.0,0.0,0.0,0.0,0.0,0.0,0.0,0.0,0.0,0.0
R1356,여,57,50대,55~59,직장인,판매/영업 서비스직,울산,5대광역시,비수도권,0,1,1,0,0,0,0,0,1,1,1,1,0,0,0,얼음갈린커피,카페라떼,아메리카노,0,,,,,,,,,,,,,,,,,,,,0,,,,,,,,,,,,,,,,,,,,0,,,,,,,,,,,,,,,,,,,,0,,,,,,,,,,,,,,,,,,,,0,,,,,,,,,,,,,,,,,,,,0,,,,,,,,,,,,,,,,,,,
R1357,남,35,30대,35~39,대학(원)생,대학생,전남,기타지역,비수도권,0,1,0,0,0,1,0,0,0,0,0,0,0,0,0,아메리카노,콜드브루라떼,,0,,,,,,,,,,,,,,,,,,,,0,,,,,,,,,,,,,,,,,,,,1,1.0,1.0,0.0,0.0,0.0,0.0,0.0,0.0,0.0,0.0,0.0,1.0,0.0,0.0,1.0,0.0,0.0,0.0,0.0,1,1.0,1.0,0.0,0.0,0.0,0.0,0.0,1.0,0.0,0.0,0.0,0.0,0.0,0.0,0.0,0.0,0.0,0.0,0.0,0,,,,,,,,,,,,,,,,,,,,0,,,,,,,,,,,,,,,,,,,
R1358,남,59,50대,55~59,전업주부,전업주부,서울,서울,수도권,0,0,0,0,0,0,0,1,0,1,0,1,0,0,0,달콤한커피류,과일티에이드,기본티,0,,,,,,,,,,,,,,,,,,,,1,1.0,1.0,1.0,1.0,0.0,0.0,0.0,0.0,0.0,0.0,0.0,0.0,0.0,0.0,0.0,0.0,0.0,0.0,0.0,0,,,,,,,,,,,,,,,,,,,,0,,,,,,,,,,,,,,,,,,,,0,,,,,,,,,,,,,,,,,,,,1,1.0,0.0,0.0,0.0,1.0,1.0,1.0,1.0,0.0,0.0,0.0,0.0,0.0,0.0,0.0,0.0,0.0,0.0,0.0
R1359,여,23,20대,20~24,직장인,자유/전문직,서울,서울,수도권,0,0,1,0,0,0,0,1,0,0,0,0,0,0,1,카페라떼,달콤한커피류,주스에이드,1,1.0,1.0,0.0,0.0,0.0,0.0,0.0,0.0,0.0,0.0,0.0,0.0,0.0,1.0,0.0,0.0,0.0,1.0,0.0,0,,,,,,,,,,,,,,,,,,,,1,1.0,0.0,0.0,0.0,1.0,0.0,1.0,0.0,0.0,0.0,0.0,0.0,0.0,0.0,0.0,0.0,0.0,0.0,0.0,0,,,,,,,,,,,,,,,,,,,,0,,,,,,,,,,,,,,,,,,,,0,,,,,,,,,,,,,,,,,,,
R1360,여,49,40대,45~49,직장인,자유/전문직,경남,기타지역,비수도권,0,1,1,0,0,0,0,1,0,0,0,1,0,0,0,카페라떼,달콤한커피류,아메리카노,0,,,,,,,,,,,,,,,,,,,,1,1.0,0.0,1.0,0.0,0.0,0.0,0.0,0.0,0.0,0.0,0.0,0.0,0.0,0.0,0.0,0.0,0.0,0.0,0.0,0,,,,,,,,,,,,,,,,,,,,0,,,,,,,,,,,,,,,,,,,,0,,,,,,,,,,,,,,,,,,,,0,,,,,,,,,,,,,,,,,,,
R1361,남,56,50대,55~59,기타직업,무직,부산,5대광역시,비수도권,0,1,0,0,0,0,1,0,0,0,0,0,0,0,0,아메리카노,드립핸드드립,,1,1.0,1.0,0.0,1.0,0.0,1.0,1.0,1.0,0.0,1.0,0.0,0.0,0.0,0.0,0.0,0.0,0.0,1.0,0.0,1,1.0,1.0,0.0,1.0,0.0,0.0,0.0,0.0,0.0,0.0,0.0,0.0,0.0,0.0,0.0,0.0,0.0,0.0,0.0,0,,,,,,,,,,,,,,,,,,,,1,1.0,1.0,0.0,0.0,0.0,0.0,0.0,0.0,1.0,1.0,0.0,0.0,0.0,0.0,0.0,0.0,0.0,0.0,0.0,0,,,,,,,,,,,,,,,,,,,,1,1.0,1.0,0.0,0.0,0.0,0.0,0.0,0.0,0.0,0.0,0.0,0.0,0.0,0.0,0.0,0.0,0.0,1.0,0.0
R1362,여,43,40대,40~44,직장인,사무/기술직,대구,5대광역시,비수도권,0,1,0,0,0,0,0,0,0,0,0,1,0,0,0,아메리카노,과일티에이드,,1,1.0,1.0,0.0,0.0,0.0,1.0,1.0,0.0,0.0,0.0,0.0,0.0,0.0,1.0,0.0,0.0,0.0,0.0,0.0,0,,,,,,,,,,,,,,,,,,,,0,,,,,,,,,,,,,,,,,,,,1,1.0,1.0,1.0,1.0,0.0,0.0,0.0,0.0,0.0,0.0,0.0,0.0,0.0,0.0,0.0,0.0,0.0,0.0,0.0,0,,,,,,,,,,,,,,,,,,,,0,,,,,,,,,,,,,,,,,,,
R1363,남,58,50대,55~59,전업주부,전업주부,경기,서울외수도권,수도권,0,0,0,0,0,0,0,0,0,0,0,1,0,0,1,과일티에이드,주스에이드,,1,1.0,0.0,0.0,1.0,1.0,0.0,0.0,0.0,0.0,0.0,0.0,1.0,0.0,0.0,0.0,0.0,0.0,0.0,0.0,1,1.0,1.0,0.0,0.0,0.0,0.0,0.0,0.0,0.0,0.0,0.0,0.0,0.0,0.0,0.0,0.0,0.0,0.0,0.0,1,1.0,1.0,1.0,0.0,0.0,0.0,0.0,0.0,0.0,0.0,0.0,0.0,0.0,1.0,0.0,0.0,0.0,0.0,0.0,1,1.0,1.0,0.0,0.0,0.0,0.0,0.0,0.0,0.0,1.0,0.0,0.0,0.0,0.0,0.0,0.0,0.0,0.0,0.0,0,,,,,,,,,,,,,,,,,,,,1,1.0,1.0,0.0,0.0,0.0,0.0,1.0,0.0,0.0,1.0,0.0,0.0,0.0,1.0,0.0,1.0,0.0,0.0,0.0
R1364,남,47,40대,45~49,직장인,자유/전문직,서울,서울,수도권,0,1,0,0,0,0,0,0,0,0,0,0,1,0,0,아메리카노,얼음갈린티,,1,1.0,0.0,0.0,1.0,0.0,0.0,0.0,0.0,0.0,0.0,0.0,0.0,0.0,0.0,0.0,0.0,0.0,0.0,0.0,0,,,,,,,,,,,,,,,,,,,,1,1.0,1.0,0.0,0.0,0.0,1.0,0.0,0.0,0.0,0.0,0.0,1.0,0.0,0.0,0.0,0.0,0.0,0.0,0.0,0,,,,,,,,,,,,,,,,,,,,0,,,,,,,,,,,,,,,,,,,,0,,,,,,,,,,,,,,,,,,,
R1365,여,35,30대,35~39,직장인,사무/기술직,경기,서울외수도권,수도권,1,1,0,0,0,0,0,1,0,0,0,0,0,0,0,아메리카노,달콤한커피류,에스프레소,0,,,,,,,,,,,,,,,,,,,,1,1.0,1.0,0.0,0.0,0.0,0.0,0.0,0.0,0.0,0.0,1.0,0.0,0.0,0.0,0.0,0.0,0.0,0.0,0.0,0,,,,,,,,,,,,,,,,,,,,1,1.0,1.0,0.0,0.0,0.0,1.0,0.0,0.0,0.0,1.0,0.0,0.0,0.0,0.0,0.0,0.0,0.0,0.0,0.0,1,1.0,1.0,0.0,0.0,0.0,1.0,0.0,0.0,0.0,0.0,0.0,0.0,0.0,0.0,0.0,0.0,0.0,0.0,0.0,0,,,,,,,,,,,,,,,,,,,
R1366,여,50,50대,50~54,직장인,사무/기술직,세종,기타지역,비수도권,0,1,0,0,0,0,0,0,0,0,0,0,0,0,0,아메리카노,,,0,,,,,,,,,,,,,,,,,,,,1,1.0,0.0,0.0,0.0,0.0,0.0,0.0,0.0,0.0,0.0,0.0,0.0,0.0,0.0,0.0,0.0,0.0,0.0,0.0,0,,,,,,,,,,,,,,,,,,,,0,,,,,,,,,,,,,,,,,,,,1,1.0,0.0,0.0,0.0,0.0,1.0,0.0,0.0,0.0,0.0,0.0,1.0,0.0,0.0,0.0,0.0,0.0,0.0,0.0,1,1.0,1.0,0.0,1.0,0.0,1.0,1.0,0.0,0.0,0.0,1.0,1.0,0.0,0.0,0.0,0.0,0.0,0.0,0.0
R1367,여,27,20대,25~29,직장인,사무/기술직,경기,서울외수도권,수도권,0,1,0,0,1,0,0,1,0,1,0,1,0,0,0,아메리카노,과일티에이드,콜드브루,0,,,,,,,,,,,,,,,,,,,,0,,,,,,,,,,,,,,,,,,,,0,,,,,,,,,,,,,,,,,,,,0,,,,,,,,,,,,,,,,,,,,0,,,,,,,,,,,,,,,,,,,,1,1.0,1.0,1.0,0.0,0.0,0.0,0.0,0.0,0.0,0.0,0.0,0.0,0.0,0.0,1.0,0.0,0.0,0.0,0.0
R1368,여,40,40대,40~44,직장인,사무/기술직,서울,서울,수도권,0,0,0,0,0,0,0,0,0,1,0,1,0,1,0,과일티에이드,스무디쉐이크,기본티,0,,,,,,,,,,,,,,,,,,,,1,1.0,1.0,0.0,1.0,0.0,1.0,1.0,0.0,0.0,0.0,0.0,0.0,0.0,0.0,0.0,0.0,1.0,0.0,0.0,0,,,,,,,,,,,,,,,,,,,,1,1.0,1.0,0.0,0.0,0.0,1.0,0.0,1.0,0.0,0.0,0.0,0.0,0.0,0.0,0.0,0.0,0.0,0.0,0.0,0,,,,,,,,,,,,,,,,,,,,1,1.0,1.0,0.0,0.0,0.0,0.0,0.0,0.0,0.0,1.0,0.0,0.0,0.0,0.0,0.0,0.0,1.0,0.0,0.0
R1369,여,55,50대,55~59,직장인,사무/기술직,경기,서울외수도권,수도권,0,1,1,0,0,1,0,0,0,0,0,0,1,0,1,얼음갈린티,아메리카노,콜드브루라떼,1,1.0,0.0,0.0,0.0,1.0,0.0,1.0,0.0,0.0,0.0,0.0,0.0,0.0,0.0,0.0,0.0,1.0,0.0,0.0,0,,,,,,,,,,,,,,,,,,,,1,1.0,1.0,1.0,0.0,0.0,0.0,1.0,0.0,0.0,1.0,0.0,0.0,0.0,0.0,0.0,0.0,0.0,0.0,0.0,0,,,,,,,,,,,,,,,,,,,,1,1.0,0.0,0.0,0.0,0.0,0.0,0.0,1.0,0.0,0.0,0.0,1.0,1.0,0.0,0.0,1.0,0.0,0.0,0.0,1,1.0,1.0,0.0,0.0,0.0,1.0,0.0,0.0,0.0,1.0,0.0,0.0,0.0,0.0,0.0,1.0,0.0,0.0,0.0
R1370,남,45,40대,45~49,직장인,사무/기술직,경기,서울외수도권,수도권,1,0,0,0,1,0,0,0,0,0,0,0,0,0,0,콜드브루,에스프레소,,0,,,,,,,,,,,,,,,,,,,,0,,,,,,,,,,,,,,,,,,,,1,1.0,1.0,1.0,0.0,1.0,1.0,0.0,0.0,0.0,0.0,0.0,0.0,0.0,0.0,0.0,1.0,1.0,0.0,0.0,0,,,,,,,,,,,,,,,,,,,,1,1.0,0.0,0.0,0.0,0.0,1.0,0.0,0.0,1.0,0.0,0.0,0.0,0.0,0.0,0.0,0.0,0.0,0.0,0.0,1,1.0,1.0,0.0,0.0,0.0,0.0,0.0,0.0,0.0,0.0,0.0,0.0,0.0,0.0,0.0,1.0,0.0,0.0,0.0
R1371,남,48,40대,45~49,직장인,자유/전문직,충북,기타지역,비수도권,0,0,0,0,0,0,0,0,0,0,0,0,0,0,0,,,,1,1.0,1.0,0.0,0.0,1.0,1.0,0.0,0.0,0.0,0.0,1.0,0.0,0.0,0.0,0.0,0.0,0.0,0.0,0.0,0,,,,,,,,,,,,,,,,,,,,0,,,,,,,,,,,,,,,,,,,,1,1.0,1.0,0.0,0.0,0.0,1.0,0.0,0.0,1.0,0.0,0.0,0.0,0.0,0.0,0.0,0.0,0.0,0.0,0.0,0,,,,,,,,,,,,,,,,,,,,1,1.0,1.0,0.0,0.0,0.0,0.0,0.0,0.0,0.0,0.0,0.0,0.0,0.0,1.0,0.0,0.0,0.0,0.0,0.0
R1372,남,23,20대,20~24,기타직업,기타,부산,5대광역시,비수도권,0,1,0,0,0,0,0,0,0,0,0,0,0,0,1,아메리카노,주스에이드,,1,1.0,1.0,0.0,0.0,0.0,0.0,1.0,0.0,0.0,1.0,0.0,0.0,0.0,0.0,0.0,0.0,1.0,0.0,0.0,1,1.0,0.0,0.0,1.0,0.0,0.0,0.0,0.0,0.0,0.0,0.0,0.0,0.0,0.0,0.0,0.0,0.0,0.0,0.0,1,1.0,1.0,1.0,1.0,0.0,0.0,0.0,0.0,0.0,0.0,0.0,0.0,0.0,0.0,0.0,0.0,0.0,0.0,0.0,1,1.0,1.0,0.0,0.0,0.0,0.0,0.0,0.0,0.0,0.0,0.0,0.0,0.0,0.0,0.0,0.0,0.0,0.0,0.0,1,1.0,0.0,0.0,0.0,0.0,0.0,0.0,0.0,0.0,0.0,0.0,0.0,0.0,0.0,0.0,0.0,0.0,0.0,0.0,0,,,,,,,,,,,,,,,,,,,
R1373,여,29,20대,25~29,직장인,자유/전문직,인천,서울외수도권,수도권,0,1,0,0,0,0,0,0,0,0,0,1,0,0,0,아메리카노,과일티에이드,,1,1.0,1.0,0.0,1.0,0.0,0.0,1.0,0.0,0.0,0.0,0.0,0.0,0.0,0.0,0.0,0.0,0.0,0.0,0.0,0,,,,,,,,,,,,,,,,,,,,0,,,,,,,,,,,,,,,,,,,,1,1.0,1.0,0.0,0.0,0.0,0.0,1.0,1.0,1.0,1.0,1.0,0.0,0.0,0.0,0.0,0.0,0.0,0.0,0.0,1,1.0,1.0,1.0,1.0,0.0,1.0,0.0,0.0,0.0,1.0,0.0,0.0,0.0,0.0,0.0,0.0,0.0,0.0,0.0,0,,,,,,,,,,,,,,,,,,,
R1374,남,52,50대,50~54,직장인,자유/전문직,부산,5대광역시,비수도권,0,1,1,0,0,0,0,0,0,1,0,0,1,0,0,아메리카노,얼음갈린티,카페라떼,0,,,,,,,,,,,,,,,,,,,,1,1.0,1.0,0.0,0.0,1.0,1.0,0.0,0.0,1.0,0.0,0.0,0.0,0.0,0.0,0.0,0.0,0.0,1.0,0.0,0,,,,,,,,,,,,,,,,,,,,1,1.0,0.0,0.0,1.0,0.0,0.0,0.0,0.0,0.0,0.0,0.0,0.0,0.0,0.0,0.0,0.0,0.0,0.0,0.0,0,,,,,,,,,,,,,,,,,,,,0,,,,,,,,,,,,,,,,,,,
R1375,남,48,40대,45~49,전업주부,전업주부,광주,5대광역시,비수도권,0,1,0,1,0,0,0,1,0,0,0,0,0,0,0,달콤한커피류,아메리카노,카푸치노,0,,,,,,,,,,,,,,,,,,,,1,1.0,1.0,0.0,0.0,0.0,0.0,1.0,0.0,0.0,0.0,0.0,0.0,0.0,0.0,0.0,0.0,0.0,0.0,0.0,0,,,,,,,,,,,,,,,,,,,,0,,,,,,,,,,,,,,,,,,,,0,,,,,,,,,,,,,,,,,,,,0,,,,,,,,,,,,,,,,,,,
R1376,여,26,20대,25~29,기타직업,기타,울산,5대광역시,비수도권,0,0,0,0,0,0,0,1,0,0,1,0,0,0,1,주스에이드,달콤한커피류,달콤한티,0,,,,,,,,,,,,,,,,,,,,0,,,,,,,,,,,,,,,,,,,,1,1.0,1.0,0.0,0.0,0.0,0.0,0.0,0.0,0.0,0.0,1.0,0.0,0.0,0.0,0.0,0.0,1.0,0.0,0.0,1,1.0,1.0,0.0,1.0,0.0,0.0,0.0,0.0,0.0,0.0,0.0,1.0,0.0,0.0,0.0,0.0,0.0,0.0,0.0,0,,,,,,,,,,,,,,,,,,,,1,1.0,1.0,0.0,1.0,0.0,0.0,0.0,0.0,0.0,0.0,0.0,0.0,0.0,0.0,0.0,0.0,0.0,0.0,0.0
R1377,여,34,30대,30~34,대학(원)생,대학생,대구,5대광역시,비수도권,0,1,1,0,0,0,0,0,0,1,0,1,1,0,1,아메리카노,카페라떼,주스에이드,0,,,,,,,,,,,,,,,,,,,,1,1.0,1.0,0.0,0.0,1.0,0.0,0.0,0.0,0.0,0.0,0.0,0.0,0.0,0.0,0.0,0.0,0.0,0.0,0.0,0,,,,,,,,,,,,,,,,,,,,0,,,,,,,,,,,,,,,,,,,,0,,,,,,,,,,,,,,,,,,,,0,,,,,,,,,,,,,,,,,,,
R1378,남,38,30대,35~39,기타직업,경영/관리직,경남,기타지역,비수도권,0,1,0,0,0,0,0,0,0,0,0,0,1,1,0,아메리카노,스무디쉐이크,얼음갈린티,1,1.0,1.0,0.0,0.0,0.0,0.0,1.0,0.0,1.0,0.0,0.0,0.0,0.0,0.0,0.0,0.0,0.0,0.0,0.0,0,,,,,,,,,,,,,,,,,,,,0,,,,,,,,,,,,,,,,,,,,1,1.0,1.0,0.0,1.0,0.0,1.0,0.0,0.0,0.0,0.0,0.0,0.0,0.0,0.0,0.0,0.0,0.0,0.0,0.0,1,1.0,0.0,1.0,0.0,1.0,0.0,1.0,0.0,0.0,0.0,0.0,1.0,0.0,0.0,0.0,0.0,1.0,0.0,0.0,1,1.0,1.0,0.0,0.0,0.0,1.0,0.0,0.0,0.0,1.0,0.0,0.0,0.0,0.0,0.0,0.0,0.0,0.0,0.0
R1379,여,46,40대,45~49,직장인,사무/기술직,서울,서울,수도권,0,1,0,0,0,0,0,1,0,0,0,0,0,0,0,아메리카노,달콤한커피류,,0,,,,,,,,,,,,,,,,,,,,1,1.0,1.0,0.0,1.0,0.0,0.0,1.0,0.0,0.0,0.0,0.0,0.0,0.0,0.0,0.0,0.0,0.0,1.0,0.0,0,,,,,,,,,,,,,,,,,,,,1,1.0,0.0,0.0,0.0,0.0,1.0,0.0,0.0,0.0,0.0,1.0,0.0,0.0,0.0,0.0,0.0,0.0,0.0,0.0,0,,,,,,,,,,,,,,,,,,,,0,,,,,,,,,,,,,,,,,,,
R1380,여,37,30대,35~39,대학(원)생,대학생,서울,서울,수도권,0,1,0,0,0,0,0,0,0,1,0,0,0,0,0,아메리카노,기본티,,0,,,,,,,,,,,,,,,,,,,,0,,,,,,,,,,,,,,,,,,,,0,,,,,,,,,,,,,,,,,,,,0,,,,,,,,,,,,,,,,,,,,1,1.0,1.0,0.0,0.0,1.0,1.0,0.0,0.0,0.0,1.0,0.0,0.0,0.0,0.0,0.0,0.0,0.0,0.0,0.0,0,,,,,,,,,,,,,,,,,,,
R1381,남,51,50대,50~54,직장인,자유/전문직,서울,서울,수도권,0,1,1,0,0,0,0,0,0,0,0,1,1,0,0,카페라떼,아메리카노,얼음갈린티,0,,,,,,,,,,,,,,,,,,,,0,,,,,,,,,,,,,,,,,,,,0,,,,,,,,,,,,,,,,,,,,0,,,,,,,,,,,,,,,,,,,,0,,,,,,,,,,,,,,,,,,,,0,,,,,,,,,,,,,,,,,,,
R1382,여,48,40대,45~49,직장인,사무/기술직,대전,5대광역시,비수도권,0,1,1,0,0,0,0,0,0,0,0,0,1,0,1,카페라떼,아메리카노,얼음갈린티,0,,,,,,,,,,,,,,,,,,,,1,1.0,1.0,0.0,0.0,0.0,0.0,0.0,0.0,0.0,1.0,0.0,0.0,0.0,0.0,0.0,0.0,0.0,1.0,0.0,0,,,,,,,,,,,,,,,,,,,,0,,,,,,,,,,,,,,,,,,,,0,,,,,,,,,,,,,,,,,,,,0,,,,,,,,,,,,,,,,,,,
R1383,남,31,30대,30~34,대학(원)생,대학생,경기,서울외수도권,수도권,0,1,1,1,0,0,0,0,0,1,0,0,0,0,1,아메리카노,카페라떼,기본티,0,,,,,,,,,,,,,,,,,,,,1,1.0,1.0,0.0,0.0,0.0,0.0,0.0,0.0,0.0,0.0,0.0,0.0,0.0,0.0,0.0,0.0,0.0,0.0,0.0,1,1.0,0.0,0.0,0.0,0.0,0.0,0.0,0.0,0.0,0.0,0.0,1.0,0.0,0.0,0.0,0.0,0.0,0.0,0.0,1,1.0,1.0,1.0,0.0,0.0,1.0,0.0,0.0,0.0,0.0,0.0,0.0,0.0,0.0,0.0,0.0,0.0,0.0,0.0,0,,,,,,,,,,,,,,,,,,,,0,,,,,,,,,,,,,,,,,,,
R1384,여,40,40대,40~44,직장인,사무/기술직,인천,서울외수도권,수도권,0,0,1,1,0,0,0,0,0,0,0,1,0,0,0,과일티에이드,카페라떼,카푸치노,0,,,,,,,,,,,,,,,,,,,,0,,,,,,,,,,,,,,,,,,,,1,1.0,1.0,0.0,0.0,0.0,0.0,1.0,1.0,0.0,1.0,0.0,0.0,0.0,0.0,0.0,0.0,0.0,0.0,0.0,1,1.0,0.0,0.0,1.0,0.0,0.0,0.0,0.0,0.0,1.0,0.0,1.0,0.0,0.0,0.0,0.0,0.0,0.0,0.0,1,1.0,1.0,0.0,0.0,0.0,1.0,0.0,0.0,0.0,1.0,0.0,0.0,0.0,0.0,0.0,0.0,0.0,0.0,0.0,0,,,,,,,,,,,,,,,,,,,
R1385,남,47,40대,45~49,직장인,사무/기술직,경기,서울외수도권,수도권,0,0,1,0,1,0,0,0,1,0,0,0,1,0,0,카페라떼,얼음갈린커피,얼음갈린티,1,1.0,0.0,0.0,1.0,1.0,0.0,0.0,0.0,0.0,0.0,1.0,0.0,0.0,0.0,0.0,0.0,0.0,0.0,0.0,1,1.0,1.0,1.0,0.0,1.0,0.0,0.0,0.0,0.0,1.0,0.0,0.0,0.0,0.0,0.0,0.0,0.0,0.0,0.0,1,1.0,0.0,0.0,0.0,0.0,0.0,1.0,0.0,0.0,0.0,1.0,0.0,0.0,0.0,0.0,0.0,0.0,0.0,0.0,0,,,,,,,,,,,,,,,,,,,,0,,,,,,,,,,,,,,,,,,,,1,1.0,1.0,1.0,0.0,0.0,0.0,0.0,0.0,0.0,0.0,0.0,0.0,0.0,0.0,0.0,0.0,0.0,0.0,0.0
R1386,여,47,40대,45~49,직장인,자유/전문직,경기,서울외수도권,수도권,0,1,1,0,0,0,0,1,1,0,0,0,0,0,0,아메리카노,달콤한커피류,카페라떼,0,,,,,,,,,,,,,,,,,,,,0,,,,,,,,,,,,,,,,,,,,1,1.0,1.0,0.0,1.0,0.0,0.0,0.0,0.0,0.0,0.0,0.0,1.0,0.0,0.0,0.0,0.0,0.0,0.0,0.0,0,,,,,,,,,,,,,,,,,,,,0,,,,,,,,,,,,,,,,,,,,1,1.0,1.0,0.0,0.0,1.0,0.0,0.0,0.0,0.0,1.0,0.0,0.0,0.0,0.0,0.0,0.0,0.0,0.0,0.0
R1387,남,46,40대,45~49,직장인,사무/기술직,경기,서울외수도권,수도권,1,1,1,0,0,0,0,1,1,0,0,0,0,1,0,달콤한커피류,카페라떼,아메리카노,1,1.0,1.0,0.0,1.0,1.0,0.0,0.0,0.0,0.0,0.0,0.0,0.0,0.0,0.0,0.0,0.0,0.0,0.0,0.0,1,1.0,1.0,0.0,0.0,0.0,0.0,0.0,0.0,0.0,1.0,1.0,0.0,0.0,0.0,0.0,0.0,0.0,1.0,0.0,0,,,,,,,,,,,,,,,,,,,,0,,,,,,,,,,,,,,,,,,,,1,1.0,0.0,1.0,0.0,0.0,1.0,0.0,0.0,0.0,0.0,0.0,0.0,0.0,0.0,0.0,0.0,0.0,0.0,0.0,0,,,,,,,,,,,,,,,,,,,
R1388,남,51,50대,50~54,직장인,사무/기술직,서울,서울,수도권,0,0,0,1,0,1,1,0,0,0,0,1,0,0,1,과일티에이드,주스에이드,카푸치노,0,,,,,,,,,,,,,,,,,,,,0,,,,,,,,,,,,,,,,,,,,0,,,,,,,,,,,,,,,,,,,,1,1.0,1.0,0.0,1.0,0.0,1.0,1.0,0.0,1.0,1.0,0.0,0.0,0.0,0.0,0.0,0.0,1.0,0.0,0.0,0,,,,,,,,,,,,,,,,,,,,0,,,,,,,,,,,,,,,,,,,
R1389,여,59,50대,55~59,직장인,경영/관리직,대구,5대광역시,비수도권,0,1,1,1,0,0,0,0,1,0,0,0,1,1,0,스무디쉐이크,카페라떼,아메리카노,0,,,,,,,,,,,,,,,,,,,,1,1.0,1.0,0.0,1.0,0.0,0.0,0.0,0.0,0.0,0.0,0.0,0.0,0.0,0.0,0.0,0.0,0.0,0.0,0.0,0,,,,,,,,,,,,,,,,,,,,0,,,,,,,,,,,,,,,,,,,,0,,,,,,,,,,,,,,,,,,,,1,1.0,0.0,0.0,0.0,0.0,1.0,0.0,0.0,0.0,1.0,0.0,0.0,0.0,0.0,1.0,1.0,0.0,0.0,0.0
R1390,남,47,40대,45~49,직장인,사무/기술직,광주,5대광역시,비수도권,0,0,1,1,1,0,0,1,0,0,0,0,1,0,0,달콤한커피류,콜드브루,카페라떼,0,,,,,,,,,,,,,,,,,,,,0,,,,,,,,,,,,,,,,,,,,1,1.0,1.0,0.0,0.0,0.0,0.0,0.0,0.0,0.0,1.0,0.0,0.0,0.0,0.0,0.0,0.0,1.0,0.0,0.0,1,1.0,1.0,0.0,0.0,0.0,0.0,0.0,0.0,0.0,0.0,0.0,0.0,0.0,0.0,0.0,0.0,0.0,0.0,0.0,0,,,,,,,,,,,,,,,,,,,,0,,,,,,,,,,,,,,,,,,,
R1391,여,21,20대,20~24,전업주부,전업주부,경기,서울외수도권,수도권,0,1,0,0,1,0,0,0,0,0,1,0,0,0,0,아메리카노,달콤한티,콜드브루,0,,,,,,,,,,,,,,,,,,,,1,1.0,1.0,0.0,0.0,0.0,0.0,0.0,0.0,0.0,0.0,0.0,0.0,0.0,0.0,0.0,0.0,0.0,0.0,0.0,1,1.0,0.0,0.0,1.0,0.0,0.0,0.0,0.0,0.0,0.0,0.0,0.0,0.0,0.0,0.0,0.0,0.0,0.0,0.0,1,1.0,1.0,0.0,0.0,0.0,1.0,0.0,0.0,0.0,0.0,0.0,0.0,0.0,0.0,0.0,0.0,0.0,0.0,0.0,0,,,,,,,,,,,,,,,,,,,,0,,,,,,,,,,,,,,,,,,,
R1392,남,47,40대,45~49,직장인,자유/전문직,서울,서울,수도권,0,1,0,0,0,0,0,0,0,0,1,0,0,0,0,아메리카노,달콤한티,,0,,,,,,,,,,,,,,,,,,,,0,,,,,,,,,,,,,,,,,,,,1,1.0,1.0,1.0,0.0,0.0,0.0,0.0,0.0,0.0,0.0,0.0,0.0,0.0,0.0,0.0,0.0,0.0,0.0,0.0,0,,,,,,,,,,,,,,,,,,,,0,,,,,,,,,,,,,,,,,,,,0,,,,,,,,,,,,,,,,,,,
R1393,여,58,50대,55~59,기타직업,자유/전문직,전남,기타지역,비수도권,0,1,1,0,0,0,0,0,0,1,0,0,0,0,0,아메리카노,카페라떼,기본티,1,1.0,1.0,0.0,1.0,1.0,0.0,0.0,0.0,0.0,0.0,0.0,0.0,0.0,0.0,0.0,0.0,0.0,0.0,0.0,0,,,,,,,,,,,,,,,,,,,,1,1.0,1.0,0.0,0.0,1.0,1.0,1.0,0.0,0.0,0.0,1.0,0.0,0.0,0.0,0.0,0.0,0.0,0.0,0.0,0,,,,,,,,,,,,,,,,,,,,1,1.0,0.0,1.0,1.0,0.0,1.0,0.0,0.0,0.0,1.0,0.0,0.0,0.0,0.0,0.0,0.0,0.0,0.0,0.0,0,,,,,,,,,,,,,,,,,,,
R1394,여,42,40대,40~44,기타직업,기타,서울,서울,수도권,0,1,0,0,0,0,0,1,0,1,0,1,0,0,0,달콤한커피류,아메리카노,과일티에이드,0,,,,,,,,,,,,,,,,,,,,0,,,,,,,,,,,,,,,,,,,,1,1.0,0.0,1.0,0.0,1.0,0.0,0.0,0.0,0.0,0.0,0.0,0.0,0.0,0.0,0.0,0.0,0.0,0.0,0.0,1,1.0,1.0,1.0,1.0,0.0,0.0,0.0,0.0,0.0,0.0,0.0,0.0,0.0,0.0,0.0,0.0,0.0,0.0,0.0,1,1.0,0.0,1.0,0.0,0.0,0.0,0.0,0.0,0.0,0.0,0.0,0.0,0.0,0.0,0.0,0.0,0.0,0.0,0.0,0,,,,,,,,,,,,,,,,,,,
R1395,여,35,30대,35~39,대학(원)생,대학생,서울,서울,수도권,0,1,0,0,0,0,1,1,0,0,0,0,0,0,0,아메리카노,달콤한커피류,드립핸드드립,1,1.0,0.0,0.0,0.0,1.0,0.0,0.0,0.0,0.0,0.0,0.0,0.0,0.0,0.0,0.0,0.0,0.0,0.0,0.0,0,,,,,,,,,,,,,,,,,,,,0,,,,,,,,,,,,,,,,,,,,1,1.0,0.0,0.0,0.0,0.0,0.0,0.0,0.0,0.0,0.0,0.0,0.0,0.0,0.0,0.0,0.0,0.0,0.0,0.0,1,1.0,0.0,0.0,0.0,0.0,0.0,0.0,0.0,0.0,0.0,0.0,0.0,0.0,0.0,0.0,1.0,0.0,0.0,0.0,0,,,,,,,,,,,,,,,,,,,
R1396,여,30,30대,30~34,직장인,사무/기술직,대구,5대광역시,비수도권,0,1,1,0,0,0,0,0,1,0,0,0,0,1,0,카페라떼,아메리카노,스무디쉐이크,1,1.0,1.0,0.0,0.0,0.0,0.0,0.0,0.0,1.0,1.0,0.0,0.0,0.0,0.0,0.0,0.0,0.0,0.0,0.0,0,,,,,,,,,,,,,,,,,,,,0,,,,,,,,,,,,,,,,,,,,1,1.0,0.0,0.0,0.0,0.0,0.0,1.0,0.0,0.0,0.0,1.0,0.0,0.0,0.0,1.0,0.0,1.0,0.0,0.0,1,1.0,1.0,0.0,0.0,0.0,0.0,0.0,0.0,0.0,0.0,1.0,1.0,0.0,0.0,0.0,0.0,0.0,1.0,0.0,0,,,,,,,,,,,,,,,,,,,
R1397,여,52,50대,50~54,직장인,사무/기술직,전북,기타지역,비수도권,0,0,1,0,0,0,0,0,0,0,0,0,0,0,0,카페라떼,,,1,1.0,1.0,1.0,0.0,1.0,0.0,0.0,0.0,0.0,0.0,0.0,0.0,0.0,0.0,0.0,0.0,1.0,0.0,0.0,0,,,,,,,,,,,,,,,,,,,,1,1.0,0.0,0.0,0.0,0.0,1.0,0.0,0.0,0.0,0.0,0.0,0.0,0.0,0.0,0.0,0.0,0.0,0.0,0.0,0,,,,,,,,,,,,,,,,,,,,0,,,,,,,,,,,,,,,,,,,,0,,,,,,,,,,,,,,,,,,,
R1398,여,39,30대,35~39,기타직업,자영업,서울,서울,수도권,1,1,0,0,0,0,0,1,0,0,0,0,1,0,1,아메리카노,달콤한커피류,에스프레소,0,,,,,,,,,,,,,,,,,,,,1,1.0,1.0,1.0,1.0,0.0,0.0,0.0,0.0,0.0,1.0,0.0,0.0,0.0,0.0,0.0,1.0,0.0,0.0,0.0,1,1.0,0.0,0.0,0.0,0.0,1.0,0.0,0.0,0.0,0.0,0.0,1.0,1.0,0.0,0.0,0.0,0.0,0.0,0.0,0,,,,,,,,,,,,,,,,,,,,0,,,,,,,,,,,,,,,,,,,,1,1.0,1.0,1.0,0.0,0.0,1.0,0.0,0.0,0.0,1.0,0.0,0.0,0.0,0.0,0.0,0.0,0.0,0.0,0.0
R1399,남,28,20대,25~29,직장인,사무/기술직,충북,기타지역,비수도권,0,1,1,1,1,0,0,0,0,0,0,0,0,0,1,주스에이드,아메리카노,콜드브루,0,,,,,,,,,,,,,,,,,,,,1,1.0,1.0,0.0,1.0,0.0,0.0,0.0,0.0,0.0,0.0,1.0,0.0,0.0,0.0,1.0,0.0,0.0,0.0,0.0,0,,,,,,,,,,,,,,,,,,,,0,,,,,,,,,,,,,,,,,,,,0,,,,,,,,,,,,,,,,,,,,1,1.0,1.0,1.0,1.0,0.0,0.0,0.0,0.0,1.0,0.0,1.0,1.0,0.0,0.0,0.0,0.0,0.0,0.0,0.0
R1400,남,57,50대,55~59,직장인,사무/기술직,강원,기타지역,비수도권,0,1,1,1,0,0,0,1,0,0,0,0,1,0,1,카페라떼,아메리카노,달콤한커피류,0,,,,,,,,,,,,,,,,,,,,1,1.0,1.0,0.0,0.0,0.0,0.0,0.0,0.0,0.0,0.0,0.0,0.0,0.0,0.0,0.0,0.0,1.0,0.0,0.0,1,1.0,0.0,0.0,1.0,0.0,0.0,0.0,0.0,0.0,0.0,0.0,0.0,1.0,0.0,0.0,0.0,0.0,0.0,0.0,0,,,,,,,,,,,,,,,,,,,,1,1.0,0.0,0.0,1.0,0.0,1.0,0.0,0.0,1.0,0.0,0.0,0.0,0.0,0.0,0.0,0.0,0.0,0.0,0.0,0,,,,,,,,,,,,,,,,,,,
R1401,남,52,50대,50~54,직장인,경영/관리직,서울,서울,수도권,0,1,0,0,0,1,0,1,0,0,0,0,0,0,0,아메리카노,달콤한커피류,콜드브루라떼,0,,,,,,,,,,,,,,,,,,,,0,,,,,,,,,,,,,,,,,,,,1,1.0,1.0,0.0,0.0,0.0,1.0,1.0,0.0,0.0,0.0,0.0,0.0,0.0,0.0,0.0,0.0,0.0,0.0,0.0,1,1.0,0.0,0.0,0.0,0.0,0.0,1.0,0.0,0.0,0.0,0.0,0.0,0.0,0.0,0.0,0.0,0.0,0.0,0.0,0,,,,,,,,,,,,,,,,,,,,1,1.0,0.0,0.0,0.0,0.0,1.0,1.0,0.0,1.0,0.0,0.0,1.0,0.0,0.0,0.0,0.0,0.0,0.0,0.0
R1402,남,39,30대,35~39,기타직업,판매/영업 서비스직,경기,서울외수도권,수도권,0,1,0,0,0,0,0,0,0,0,0,0,0,0,0,아메리카노,,,0,,,,,,,,,,,,,,,,,,,,0,,,,,,,,,,,,,,,,,,,,0,,,,,,,,,,,,,,,,,,,,1,1.0,1.0,0.0,0.0,0.0,0.0,0.0,0.0,0.0,0.0,0.0,0.0,0.0,0.0,0.0,0.0,0.0,0.0,0.0,1,1.0,0.0,0.0,0.0,0.0,0.0,0.0,0.0,0.0,0.0,0.0,0.0,1.0,0.0,0.0,0.0,0.0,0.0,0.0,0,,,,,,,,,,,,,,,,,,,
R1403,여,37,30대,35~39,직장인,사무/기술직,인천,서울외수도권,수도권,1,0,1,0,0,0,0,0,0,1,0,0,0,0,0,기본티,카페라떼,에스프레소,1,1.0,1.0,0.0,0.0,1.0,0.0,0.0,0.0,0.0,0.0,0.0,0.0,0.0,0.0,0.0,0.0,1.0,0.0,0.0,0,,,,,,,,,,,,,,,,,,,,0,,,,,,,,,,,,,,,,,,,,0,,,,,,,,,,,,,,,,,,,,1,1.0,0.0,1.0,0.0,0.0,0.0,0.0,0.0,0.0,0.0,0.0,0.0,0.0,0.0,0.0,0.0,0.0,0.0,0.0,0,,,,,,,,,,,,,,,,,,,
R1404,여,20,20대,20~24,기타직업,기능/작업직,경기,서울외수도권,수도권,0,0,1,0,0,1,0,1,0,0,1,0,0,1,0,달콤한티,달콤한커피류,카페라떼,0,,,,,,,,,,,,,,,,,,,,1,1.0,1.0,0.0,1.0,1.0,1.0,0.0,0.0,0.0,0.0,1.0,0.0,0.0,0.0,0.0,0.0,0.0,0.0,0.0,0,,,,,,,,,,,,,,,,,,,,0,,,,,,,,,,,,,,,,,,,,0,,,,,,,,,,,,,,,,,,,,0,,,,,,,,,,,,,,,,,,,
R1405,여,20,20대,20~24,기타직업,자유/전문직,서울,서울,수도권,0,0,0,0,0,0,1,0,0,0,1,1,1,0,1,과일티에이드,주스에이드,얼음갈린티,1,1.0,1.0,0.0,0.0,0.0,0.0,1.0,0.0,0.0,0.0,0.0,0.0,0.0,0.0,0.0,0.0,0.0,0.0,0.0,0,,,,,,,,,,,,,,,,,,,,0,,,,,,,,,,,,,,,,,,,,0,,,,,,,,,,,,,,,,,,,,1,1.0,0.0,0.0,0.0,0.0,0.0,1.0,0.0,0.0,1.0,0.0,0.0,0.0,0.0,0.0,0.0,0.0,0.0,0.0,0,,,,,,,,,,,,,,,,,,,
R1406,남,24,20대,20~24,기타직업,판매/영업 서비스직,서울,서울,수도권,0,1,0,0,1,0,0,0,1,0,0,1,0,0,1,주스에이드,아메리카노,얼음갈린커피,1,1.0,1.0,0.0,0.0,1.0,0.0,0.0,0.0,0.0,0.0,0.0,0.0,0.0,0.0,0.0,0.0,0.0,0.0,0.0,0,,,,,,,,,,,,,,,,,,,,1,1.0,0.0,1.0,1.0,0.0,1.0,0.0,0.0,0.0,0.0,1.0,0.0,0.0,0.0,0.0,1.0,0.0,0.0,0.0,0,,,,,,,,,,,,,,,,,,,,1,1.0,1.0,0.0,0.0,0.0,0.0,0.0,0.0,0.0,1.0,0.0,1.0,0.0,0.0,1.0,0.0,0.0,0.0,0.0,1,1.0,1.0,0.0,0.0,0.0,0.0,0.0,0.0,0.0,0.0,0.0,0.0,0.0,0.0,0.0,0.0,0.0,0.0,0.0
R1407,여,46,40대,45~49,기타직업,무직,인천,서울외수도권,수도권,0,0,1,1,0,0,0,1,0,1,1,0,0,0,0,카페라떼,달콤한티,카푸치노,1,1.0,0.0,0.0,1.0,1.0,0.0,0.0,0.0,1.0,0.0,0.0,0.0,0.0,0.0,0.0,0.0,0.0,0.0,0.0,1,1.0,1.0,1.0,0.0,0.0,1.0,0.0,0.0,0.0,0.0,0.0,0.0,0.0,0.0,0.0,0.0,0.0,0.0,0.0,0,,,,,,,,,,,,,,,,,,,,0,,,,,,,,,,,,,,,,,,,,1,1.0,1.0,0.0,1.0,0.0,0.0,0.0,0.0,0.0,0.0,0.0,0.0,0.0,0.0,0.0,0.0,0.0,0.0,0.0,0,,,,,,,,,,,,,,,,,,,
R1408,여,48,40대,45~49,직장인,사무/기술직,부산,5대광역시,비수도권,0,1,0,0,0,0,0,0,0,0,0,0,0,0,0,아메리카노,,,0,,,,,,,,,,,,,,,,,,,,0,,,,,,,,,,,,,,,,,,,,0,,,,,,,,,,,,,,,,,,,,0,,,,,,,,,,,,,,,,,,,,1,1.0,1.0,0.0,1.0,0.0,1.0,0.0,0.0,0.0,0.0,0.0,0.0,0.0,0.0,0.0,0.0,0.0,0.0,0.0,1,1.0,1.0,0.0,1.0,1.0,0.0,0.0,0.0,0.0,0.0,0.0,0.0,0.0,0.0,0.0,0.0,0.0,0.0,0.0
R1409,남,40,40대,40~44,대학(원)생,대학생,부산,5대광역시,비수도권,0,1,0,1,0,0,0,1,0,0,0,1,0,0,0,달콤한커피류,아메리카노,과일티에이드,0,,,,,,,,,,,,,,,,,,,,1,1.0,1.0,0.0,0.0,1.0,0.0,0.0,0.0,0.0,0.0,0.0,0.0,0.0,0.0,0.0,0.0,0.0,1.0,0.0,0,,,,,,,,,,,,,,,,,,,,1,1.0,1.0,0.0,1.0,0.0,1.0,1.0,0.0,0.0,0.0,0.0,1.0,0.0,0.0,0.0,0.0,0.0,0.0,0.0,0,,,,,,,,,,,,,,,,,,,,0,,,,,,,,,,,,,,,,,,,
R1410,여,48,40대,45~49,직장인,사무/기술직,인천,서울외수도권,수도권,0,1,1,0,0,0,0,1,0,0,1,1,0,1,1,아메리카노,달콤한티,달콤한커피류,1,1.0,1.0,0.0,1.0,0.0,0.0,0.0,0.0,0.0,1.0,0.0,0.0,0.0,0.0,0.0,0.0,0.0,0.0,0.0,1,1.0,1.0,1.0,0.0,0.0,1.0,0.0,0.0,0.0,0.0,0.0,1.0,0.0,0.0,0.0,0.0,0.0,0.0,0.0,0,,,,,,,,,,,,,,,,,,,,1,1.0,0.0,0.0,0.0,0.0,1.0,0.0,0.0,0.0,0.0,0.0,0.0,0.0,0.0,0.0,0.0,0.0,0.0,0.0,1,1.0,1.0,1.0,0.0,0.0,0.0,0.0,1.0,0.0,0.0,0.0,0.0,0.0,0.0,0.0,0.0,0.0,0.0,0.0,0,,,,,,,,,,,,,,,,,,,
R1411,여,49,40대,45~49,직장인,자유/전문직,전남,기타지역,비수도권,0,1,1,0,1,0,1,1,0,0,1,0,1,1,1,달콤한커피류,아메리카노,콜드브루,1,1.0,1.0,0.0,0.0,0.0,1.0,0.0,1.0,0.0,0.0,0.0,0.0,0.0,0.0,1.0,0.0,0.0,0.0,0.0,0,,,,,,,,,,,,,,,,,,,,0,,,,,,,,,,,,,,,,,,,,1,1.0,1.0,0.0,1.0,0.0,0.0,1.0,0.0,0.0,1.0,0.0,0.0,1.0,0.0,0.0,0.0,0.0,0.0,1.0,1,1.0,0.0,0.0,1.0,0.0,1.0,0.0,0.0,0.0,0.0,0.0,0.0,0.0,0.0,0.0,0.0,0.0,0.0,0.0,0,,,,,,,,,,,,,,,,,,,
R1412,여,53,50대,50~54,직장인,자유/전문직,경기,서울외수도권,수도권,0,1,0,0,0,0,1,1,0,0,0,1,1,0,0,과일티에이드,달콤한커피류,아메리카노,0,,,,,,,,,,,,,,,,,,,,1,1.0,1.0,0.0,0.0,0.0,0.0,0.0,0.0,0.0,0.0,0.0,0.0,0.0,0.0,0.0,0.0,0.0,1.0,0.0,1,1.0,0.0,0.0,1.0,0.0,0.0,0.0,0.0,0.0,0.0,0.0,0.0,0.0,0.0,0.0,0.0,1.0,0.0,0.0,1,1.0,1.0,0.0,0.0,0.0,1.0,0.0,1.0,0.0,0.0,0.0,0.0,0.0,0.0,0.0,0.0,0.0,0.0,0.0,0,,,,,,,,,,,,,,,,,,,,0,,,,,,,,,,,,,,,,,,,
R1413,여,49,40대,45~49,직장인,사무/기술직,서울,서울,수도권,0,1,0,0,0,0,0,1,0,0,0,0,0,0,0,아메리카노,달콤한커피류,,0,,,,,,,,,,,,,,,,,,,,0,,,,,,,,,,,,,,,,,,,,0,,,,,,,,,,,,,,,,,,,,1,1.0,1.0,0.0,0.0,0.0,0.0,0.0,0.0,0.0,0.0,0.0,0.0,0.0,0.0,0.0,0.0,0.0,0.0,0.0,0,,,,,,,,,,,,,,,,,,,,1,1.0,0.0,1.0,0.0,0.0,0.0,1.0,0.0,0.0,0.0,0.0,0.0,0.0,0.0,0.0,0.0,0.0,0.0,0.0
R1414,여,22,20대,20~24,기타직업,기능/작업직,경기,서울외수도권,수도권,0,0,0,0,0,0,0,1,0,1,0,1,1,0,0,달콤한커피류,얼음갈린티,기본티,0,,,,,,,,,,,,,,,,,,,,1,1.0,1.0,0.0,0.0,0.0,0.0,0.0,0.0,0.0,0.0,0.0,0.0,0.0,0.0,0.0,0.0,0.0,0.0,0.0,0,,,,,,,,,,,,,,,,,,,,0,,,,,,,,,,,,,,,,,,,,0,,,,,,,,,,,,,,,,,,,,0,,,,,,,,,,,,,,,,,,,
R1415,여,34,30대,30~34,직장인,사무/기술직,서울,서울,수도권,0,1,0,0,0,0,0,0,0,0,1,1,0,0,1,아메리카노,과일티에이드,주스에이드,0,,,,,,,,,,,,,,,,,,,,0,,,,,,,,,,,,,,,,,,,,0,,,,,,,,,,,,,,,,,,,,1,1.0,1.0,0.0,0.0,0.0,0.0,1.0,0.0,1.0,0.0,0.0,0.0,0.0,0.0,0.0,1.0,0.0,0.0,0.0,1,1.0,1.0,0.0,0.0,0.0,0.0,1.0,0.0,0.0,0.0,0.0,0.0,0.0,0.0,0.0,0.0,0.0,0.0,0.0,0,,,,,,,,,,,,,,,,,,,
R1416,남,58,50대,55~59,전업주부,전업주부,서울,서울,수도권,1,1,1,0,0,0,0,0,0,0,0,0,1,0,0,아메리카노,얼음갈린티,카페라떼,0,,,,,,,,,,,,,,,,,,,,0,,,,,,,,,,,,,,,,,,,,0,,,,,,,,,,,,,,,,,,,,1,1.0,1.0,0.0,0.0,0.0,0.0,0.0,0.0,0.0,0.0,0.0,0.0,0.0,0.0,1.0,0.0,0.0,0.0,0.0,0,,,,,,,,,,,,,,,,,,,,1,1.0,1.0,0.0,0.0,0.0,0.0,0.0,0.0,0.0,0.0,0.0,0.0,0.0,0.0,0.0,0.0,0.0,0.0,0.0
R1417,여,47,40대,45~49,직장인,사무/기술직,광주,5대광역시,비수도권,0,1,0,0,0,0,0,0,0,0,0,0,0,1,0,아메리카노,스무디쉐이크,,0,,,,,,,,,,,,,,,,,,,,0,,,,,,,,,,,,,,,,,,,,0,,,,,,,,,,,,,,,,,,,,1,1.0,0.0,0.0,0.0,0.0,0.0,1.0,0.0,0.0,0.0,0.0,1.0,0.0,0.0,0.0,0.0,1.0,0.0,0.0,0,,,,,,,,,,,,,,,,,,,,0,,,,,,,,,,,,,,,,,,,
R1418,남,47,40대,45~49,기타직업,기타,대전,5대광역시,비수도권,0,1,0,0,0,0,0,1,0,0,0,0,0,1,0,아메리카노,달콤한커피류,스무디쉐이크,1,1.0,1.0,0.0,0.0,0.0,0.0,1.0,0.0,0.0,0.0,0.0,0.0,0.0,0.0,0.0,0.0,0.0,0.0,0.0,1,1.0,0.0,0.0,0.0,0.0,0.0,0.0,0.0,0.0,1.0,1.0,1.0,0.0,0.0,0.0,0.0,0.0,0.0,0.0,0,,,,,,,,,,,,,,,,,,,,0,,,,,,,,,,,,,,,,,,,,1,1.0,0.0,0.0,0.0,0.0,1.0,1.0,0.0,1.0,0.0,0.0,0.0,0.0,0.0,0.0,0.0,0.0,0.0,0.0,1,1.0,1.0,0.0,0.0,0.0,0.0,1.0,0.0,0.0,0.0,0.0,1.0,0.0,0.0,0.0,0.0,0.0,0.0,0.0
R1419,남,58,50대,55~59,직장인,사무/기술직,경기,서울외수도권,수도권,0,1,0,0,0,0,0,1,0,0,0,0,0,0,1,달콤한커피류,아메리카노,주스에이드,1,1.0,1.0,0.0,1.0,1.0,0.0,0.0,1.0,0.0,0.0,0.0,0.0,0.0,0.0,0.0,0.0,0.0,0.0,0.0,1,1.0,0.0,1.0,1.0,1.0,1.0,0.0,0.0,0.0,0.0,1.0,0.0,1.0,0.0,0.0,0.0,0.0,0.0,0.0,0,,,,,,,,,,,,,,,,,,,,1,1.0,1.0,0.0,0.0,0.0,0.0,1.0,0.0,1.0,0.0,0.0,0.0,1.0,0.0,0.0,0.0,0.0,0.0,0.0,0,,,,,,,,,,,,,,,,,,,,0,,,,,,,,,,,,,,,,,,,
R1420,여,54,50대,50~54,직장인,사무/기술직,경기,서울외수도권,수도권,0,0,0,0,0,1,0,0,0,0,1,0,0,0,0,달콤한티,콜드브루라떼,,0,,,,,,,,,,,,,,,,,,,,0,,,,,,,,,,,,,,,,,,,,1,1.0,1.0,0.0,0.0,0.0,1.0,0.0,0.0,0.0,0.0,0.0,0.0,0.0,0.0,0.0,1.0,0.0,0.0,0.0,0,,,,,,,,,,,,,,,,,,,,0,,,,,,,,,,,,,,,,,,,,0,,,,,,,,,,,,,,,,,,,
R1421,남,32,30대,30~34,직장인,사무/기술직,경기,서울외수도권,수도권,0,1,0,0,0,1,0,1,0,0,1,0,0,1,0,달콤한커피류,아메리카노,스무디쉐이크,0,,,,,,,,,,,,,,,,,,,,0,,,,,,,,,,,,,,,,,,,,0,,,,,,,,,,,,,,,,,,,,0,,,,,,,,,,,,,,,,,,,,0,,,,,,,,,,,,,,,,,,,,0,,,,,,,,,,,,,,,,,,,
R1422,남,23,20대,20~24,전업주부,전업주부,경기,서울외수도권,수도권,0,0,0,0,0,1,0,1,0,1,0,1,0,1,0,달콤한커피류,과일티에이드,스무디쉐이크,0,,,,,,,,,,,,,,,,,,,,0,,,,,,,,,,,,,,,,,,,,1,1.0,0.0,0.0,0.0,1.0,0.0,0.0,0.0,0.0,0.0,0.0,0.0,0.0,0.0,0.0,0.0,0.0,0.0,0.0,0,,,,,,,,,,,,,,,,,,,,0,,,,,,,,,,,,,,,,,,,,1,1.0,0.0,0.0,0.0,0.0,1.0,0.0,0.0,0.0,0.0,0.0,1.0,0.0,0.0,0.0,0.0,0.0,0.0,0.0
R1423,여,43,40대,40~44,직장인,사무/기술직,경기,서울외수도권,수도권,0,1,1,1,1,0,1,1,0,0,0,0,0,1,0,아메리카노,카페라떼,스무디쉐이크,0,,,,,,,,,,,,,,,,,,,,1,1.0,0.0,0.0,0.0,0.0,0.0,1.0,0.0,0.0,0.0,0.0,0.0,0.0,0.0,0.0,1.0,0.0,0.0,0.0,0,,,,,,,,,,,,,,,,,,,,0,,,,,,,,,,,,,,,,,,,,0,,,,,,,,,,,,,,,,,,,,1,1.0,1.0,0.0,0.0,0.0,0.0,0.0,0.0,0.0,0.0,0.0,0.0,0.0,0.0,0.0,0.0,0.0,0.0,0.0
R1424,여,28,20대,25~29,직장인,자영업,서울,서울,수도권,0,1,0,0,0,0,0,1,0,0,1,0,0,0,0,아메리카노,달콤한티,달콤한커피류,1,1.0,1.0,0.0,0.0,1.0,1.0,0.0,0.0,1.0,0.0,0.0,0.0,0.0,0.0,0.0,0.0,0.0,1.0,0.0,1,1.0,1.0,1.0,0.0,0.0,0.0,0.0,0.0,0.0,0.0,0.0,0.0,1.0,0.0,0.0,0.0,0.0,0.0,0.0,1,1.0,1.0,0.0,0.0,0.0,0.0,1.0,0.0,0.0,1.0,0.0,0.0,0.0,0.0,0.0,0.0,0.0,0.0,0.0,1,1.0,1.0,0.0,0.0,0.0,1.0,0.0,0.0,0.0,1.0,0.0,0.0,0.0,0.0,0.0,0.0,0.0,0.0,0.0,0,,,,,,,,,,,,,,,,,,,,0,,,,,,,,,,,,,,,,,,,
R1425,여,51,50대,50~54,직장인,사무/기술직,서울,서울,수도권,0,1,0,0,0,0,0,0,0,0,0,1,0,0,0,과일티에이드,아메리카노,,0,,,,,,,,,,,,,,,,,,,,0,,,,,,,,,,,,,,,,,,,,1,1.0,1.0,1.0,0.0,0.0,0.0,1.0,0.0,0.0,0.0,0.0,0.0,0.0,0.0,0.0,0.0,0.0,0.0,0.0,0,,,,,,,,,,,,,,,,,,,,1,1.0,0.0,0.0,0.0,0.0,0.0,0.0,0.0,0.0,0.0,0.0,0.0,0.0,0.0,0.0,0.0,0.0,0.0,0.0,1,1.0,1.0,0.0,0.0,0.0,0.0,1.0,0.0,0.0,1.0,1.0,0.0,0.0,0.0,0.0,0.0,0.0,0.0,0.0
R1426,여,48,40대,45~49,직장인,사무/기술직,서울,서울,수도권,0,1,1,0,0,0,0,1,0,1,0,0,1,0,0,아메리카노,달콤한커피류,카페라떼,0,,,,,,,,,,,,,,,,,,,,1,1.0,1.0,0.0,0.0,0.0,0.0,1.0,0.0,0.0,0.0,0.0,0.0,0.0,0.0,0.0,0.0,0.0,0.0,0.0,0,,,,,,,,,,,,,,,,,,,,1,1.0,1.0,0.0,1.0,0.0,0.0,0.0,1.0,0.0,0.0,0.0,0.0,0.0,0.0,0.0,1.0,0.0,0.0,0.0,1,1.0,1.0,1.0,0.0,0.0,0.0,0.0,0.0,1.0,0.0,1.0,0.0,0.0,0.0,0.0,0.0,0.0,0.0,0.0,1,1.0,1.0,1.0,0.0,0.0,0.0,0.0,0.0,0.0,0.0,0.0,0.0,0.0,0.0,0.0,0.0,0.0,0.0,0.0
R1427,여,54,50대,50~54,직장인,자유/전문직,경남,기타지역,비수도권,0,1,1,0,0,0,0,1,0,0,0,0,0,1,0,아메리카노,달콤한커피류,카페라떼,0,,,,,,,,,,,,,,,,,,,,0,,,,,,,,,,,,,,,,,,,,0,,,,,,,,,,,,,,,,,,,,1,1.0,1.0,0.0,0.0,0.0,0.0,0.0,0.0,0.0,0.0,0.0,0.0,0.0,0.0,0.0,0.0,0.0,0.0,0.0,1,1.0,1.0,0.0,0.0,1.0,0.0,0.0,0.0,0.0,0.0,0.0,0.0,0.0,0.0,0.0,0.0,0.0,0.0,0.0,0,,,,,,,,,,,,,,,,,,,
R1428,남,23,20대,20~24,직장인,자영업,경남,기타지역,비수도권,0,1,1,0,1,0,0,0,1,0,0,0,0,1,0,아메리카노,얼음갈린커피,카페라떼,0,,,,,,,,,,,,,,,,,,,,0,,,,,,,,,,,,,,,,,,,,0,,,,,,,,,,,,,,,,,,,,1,1.0,1.0,0.0,1.0,0.0,1.0,0.0,0.0,0.0,0.0,0.0,0.0,0.0,0.0,0.0,0.0,0.0,0.0,0.0,0,,,,,,,,,,,,,,,,,,,,1,1.0,0.0,0.0,0.0,0.0,0.0,0.0,0.0,0.0,0.0,0.0,0.0,0.0,0.0,0.0,0.0,0.0,0.0,0.0
R1429,남,49,40대,45~49,기타직업,기타,인천,서울외수도권,수도권,0,1,1,1,0,1,0,0,0,0,0,0,1,1,0,스무디쉐이크,아메리카노,얼음갈린티,1,1.0,1.0,0.0,1.0,1.0,0.0,0.0,0.0,0.0,0.0,0.0,0.0,0.0,0.0,0.0,0.0,0.0,0.0,0.0,0,,,,,,,,,,,,,,,,,,,,0,,,,,,,,,,,,,,,,,,,,1,1.0,1.0,0.0,0.0,0.0,1.0,0.0,0.0,0.0,0.0,0.0,0.0,0.0,0.0,0.0,0.0,0.0,0.0,0.0,0,,,,,,,,,,,,,,,,,,,,0,,,,,,,,,,,,,,,,,,,
R1430,여,46,40대,45~49,기타직업,기타,경기,서울외수도권,수도권,0,0,0,0,0,0,0,1,0,0,0,0,1,0,1,얼음갈린티,달콤한커피류,주스에이드,1,1.0,1.0,0.0,1.0,1.0,1.0,0.0,0.0,0.0,1.0,1.0,0.0,0.0,0.0,1.0,0.0,0.0,0.0,0.0,0,,,,,,,,,,,,,,,,,,,,0,,,,,,,,,,,,,,,,,,,,1,1.0,1.0,0.0,0.0,0.0,0.0,0.0,0.0,0.0,0.0,0.0,0.0,0.0,0.0,0.0,0.0,0.0,0.0,0.0,1,1.0,0.0,0.0,0.0,0.0,0.0,1.0,0.0,1.0,0.0,0.0,0.0,0.0,0.0,0.0,0.0,0.0,0.0,0.0,0,,,,,,,,,,,,,,,,,,,
R1431,여,35,30대,35~39,직장인,사무/기술직,경기,서울외수도권,수도권,0,1,1,1,0,0,0,1,0,0,0,0,0,0,0,카페라떼,아메리카노,달콤한커피류,0,,,,,,,,,,,,,,,,,,,,0,,,,,,,,,,,,,,,,,,,,1,1.0,1.0,1.0,0.0,1.0,0.0,0.0,0.0,0.0,0.0,0.0,0.0,0.0,0.0,0.0,0.0,1.0,0.0,0.0,0,,,,,,,,,,,,,,,,,,,,1,1.0,0.0,0.0,0.0,0.0,1.0,0.0,0.0,0.0,0.0,0.0,0.0,0.0,0.0,0.0,0.0,0.0,0.0,0.0,0,,,,,,,,,,,,,,,,,,,
R1432,남,54,50대,50~54,직장인,사무/기술직,경기,서울외수도권,수도권,0,0,0,0,0,0,0,1,0,0,1,0,0,0,1,달콤한커피류,달콤한티,주스에이드,0,,,,,,,,,,,,,,,,,,,,1,1.0,1.0,0.0,0.0,0.0,0.0,0.0,0.0,0.0,0.0,0.0,0.0,0.0,0.0,0.0,0.0,0.0,0.0,0.0,1,1.0,1.0,1.0,0.0,0.0,1.0,0.0,0.0,0.0,0.0,0.0,0.0,0.0,1.0,0.0,0.0,0.0,0.0,0.0,0,,,,,,,,,,,,,,,,,,,,0,,,,,,,,,,,,,,,,,,,,0,,,,,,,,,,,,,,,,,,,
R1433,여,50,50대,50~54,직장인,사무/기술직,경기,서울외수도권,수도권,0,1,1,0,0,0,0,1,1,0,1,0,0,0,0,카페라떼,아메리카노,달콤한커피류,0,,,,,,,,,,,,,,,,,,,,0,,,,,,,,,,,,,,,,,,,,1,1.0,1.0,1.0,0.0,1.0,0.0,0.0,0.0,0.0,0.0,1.0,0.0,0.0,0.0,0.0,0.0,0.0,0.0,0.0,1,1.0,0.0,0.0,1.0,0.0,1.0,0.0,1.0,0.0,0.0,0.0,0.0,0.0,0.0,0.0,0.0,0.0,0.0,0.0,1,1.0,1.0,0.0,0.0,0.0,0.0,0.0,0.0,0.0,0.0,0.0,0.0,0.0,0.0,0.0,0.0,0.0,0.0,0.0,0,,,,,,,,,,,,,,,,,,,
R1434,여,30,30대,30~34,직장인,기능/작업직,울산,5대광역시,비수도권,0,1,0,0,0,0,0,1,0,0,0,0,0,1,0,아메리카노,달콤한커피류,스무디쉐이크,0,,,,,,,,,,,,,,,,,,,,0,,,,,,,,,,,,,,,,,,,,0,,,,,,,,,,,,,,,,,,,,1,1.0,0.0,0.0,0.0,0.0,1.0,1.0,0.0,0.0,0.0,0.0,0.0,0.0,0.0,0.0,0.0,1.0,0.0,0.0,1,1.0,0.0,0.0,0.0,0.0,0.0,0.0,0.0,1.0,1.0,0.0,0.0,0.0,0.0,0.0,0.0,0.0,0.0,0.0,0,,,,,,,,,,,,,,,,,,,
R1435,남,46,40대,45~49,직장인,사무/기술직,광주,5대광역시,비수도권,0,0,1,0,0,0,0,0,0,0,0,0,0,0,0,카페라떼,,,1,1.0,1.0,0.0,1.0,0.0,0.0,0.0,0.0,0.0,0.0,0.0,0.0,0.0,0.0,0.0,1.0,0.0,0.0,0.0,0,,,,,,,,,,,,,,,,,,,,1,1.0,0.0,0.0,0.0,1.0,0.0,1.0,0.0,0.0,0.0,1.0,0.0,0.0,0.0,0.0,0.0,1.0,0.0,0.0,1,1.0,1.0,0.0,0.0,0.0,0.0,1.0,0.0,0.0,0.0,0.0,0.0,0.0,0.0,1.0,0.0,0.0,0.0,0.0,1,1.0,1.0,0.0,1.0,0.0,0.0,0.0,0.0,0.0,0.0,0.0,0.0,0.0,0.0,0.0,0.0,0.0,0.0,0.0,0,,,,,,,,,,,,,,,,,,,
R1436,남,41,40대,40~44,직장인,사무/기술직,대구,5대광역시,비수도권,0,1,1,0,0,0,0,0,1,1,0,0,0,0,0,아메리카노,카페라떼,기본티,0,,,,,,,,,,,,,,,,,,,,1,1.0,1.0,0.0,1.0,0.0,0.0,0.0,0.0,0.0,0.0,0.0,0.0,0.0,0.0,0.0,0.0,0.0,1.0,0.0,0,,,,,,,,,,,,,,,,,,,,1,1.0,0.0,0.0,1.0,0.0,0.0,1.0,0.0,0.0,0.0,0.0,0.0,0.0,0.0,0.0,0.0,0.0,0.0,0.0,1,1.0,1.0,0.0,0.0,0.0,0.0,0.0,0.0,0.0,1.0,0.0,0.0,0.0,0.0,0.0,0.0,0.0,0.0,0.0,0,,,,,,,,,,,,,,,,,,,
R1437,여,55,50대,55~59,직장인,사무/기술직,인천,서울외수도권,수도권,0,1,1,0,0,1,1,1,0,0,1,0,0,0,0,아메리카노,달콤한커피류,드립핸드드립,0,,,,,,,,,,,,,,,,,,,,0,,,,,,,,,,,,,,,,,,,,0,,,,,,,,,,,,,,,,,,,,0,,,,,,,,,,,,,,,,,,,,1,1.0,0.0,0.0,0.0,0.0,0.0,1.0,1.0,1.0,0.0,0.0,0.0,0.0,0.0,0.0,0.0,0.0,0.0,0.0,0,,,,,,,,,,,,,,,,,,,
R1438,여,59,50대,55~59,직장인,사무/기술직,제주,기타지역,비수도권,0,0,0,0,1,0,0,0,0,1,1,0,1,0,0,콜드브루,달콤한티,얼음갈린티,0,,,,,,,,,,,,,,,,,,,,0,,,,,,,,,,,,,,,,,,,,0,,,,,,,,,,,,,,,,,,,,0,,,,,,,,,,,,,,,,,,,,1,1.0,1.0,0.0,1.0,0.0,1.0,0.0,1.0,0.0,0.0,1.0,0.0,0.0,0.0,0.0,0.0,0.0,0.0,0.0,0,,,,,,,,,,,,,,,,,,,
R1439,남,49,40대,45~49,전업주부,전업주부,대구,5대광역시,비수도권,0,1,0,0,0,0,0,0,0,0,0,1,0,0,0,아메리카노,과일티에이드,,1,1.0,1.0,0.0,0.0,1.0,0.0,0.0,0.0,0.0,0.0,0.0,0.0,0.0,0.0,0.0,0.0,0.0,0.0,0.0,0,,,,,,,,,,,,,,,,,,,,1,1.0,0.0,0.0,0.0,0.0,1.0,0.0,0.0,1.0,1.0,0.0,0.0,0.0,0.0,1.0,0.0,0.0,0.0,0.0,0,,,,,,,,,,,,,,,,,,,,1,1.0,0.0,0.0,0.0,0.0,0.0,0.0,0.0,0.0,1.0,0.0,1.0,0.0,0.0,0.0,0.0,0.0,0.0,0.0,0,,,,,,,,,,,,,,,,,,,
R1440,남,50,50대,50~54,전업주부,전업주부,경남,기타지역,비수도권,0,0,1,0,1,1,0,1,0,0,1,0,0,0,0,달콤한커피류,카페라떼,달콤한티,0,,,,,,,,,,,,,,,,,,,,1,1.0,1.0,0.0,0.0,0.0,0.0,0.0,0.0,0.0,0.0,1.0,1.0,1.0,0.0,0.0,1.0,0.0,0.0,0.0,0,,,,,,,,,,,,,,,,,,,,1,1.0,1.0,0.0,0.0,0.0,0.0,1.0,0.0,0.0,0.0,0.0,0.0,0.0,0.0,0.0,0.0,0.0,0.0,0.0,0,,,,,,,,,,,,,,,,,,,,1,1.0,1.0,0.0,0.0,0.0,0.0,1.0,0.0,0.0,0.0,0.0,0.0,0.0,0.0,0.0,0.0,0.0,0.0,0.0
R1441,남,39,30대,35~39,직장인,사무/기술직,대구,5대광역시,비수도권,0,1,1,0,0,0,0,0,0,0,0,0,0,0,1,주스에이드,아메리카노,카페라떼,0,,,,,,,,,,,,,,,,,,,,0,,,,,,,,,,,,,,,,,,,,1,1.0,0.0,0.0,0.0,0.0,0.0,1.0,0.0,0.0,0.0,1.0,0.0,0.0,0.0,0.0,0.0,0.0,0.0,0.0,1,1.0,1.0,0.0,0.0,0.0,0.0,0.0,0.0,1.0,0.0,0.0,0.0,0.0,0.0,0.0,0.0,0.0,0.0,0.0,1,1.0,1.0,0.0,0.0,0.0,1.0,1.0,0.0,0.0,0.0,0.0,1.0,0.0,0.0,0.0,0.0,0.0,0.0,1.0,0,,,,,,,,,,,,,,,,,,,
R1442,여,52,50대,50~54,직장인,사무/기술직,부산,5대광역시,비수도권,0,1,1,0,0,0,0,1,0,0,0,0,1,0,0,아메리카노,카페라떼,달콤한커피류,0,,,,,,,,,,,,,,,,,,,,0,,,,,,,,,,,,,,,,,,,,0,,,,,,,,,,,,,,,,,,,,1,1.0,1.0,0.0,0.0,0.0,0.0,0.0,0.0,0.0,0.0,0.0,0.0,1.0,0.0,0.0,0.0,0.0,0.0,0.0,0,,,,,,,,,,,,,,,,,,,,0,,,,,,,,,,,,,,,,,,,
R1443,남,21,20대,20~24,기타직업,판매/영업 서비스직,서울,서울,수도권,0,1,0,0,0,0,0,0,0,0,0,0,0,0,0,아메리카노,,,0,,,,,,,,,,,,,,,,,,,,1,1.0,1.0,0.0,0.0,0.0,1.0,0.0,0.0,0.0,0.0,0.0,0.0,0.0,0.0,0.0,0.0,0.0,0.0,0.0,1,1.0,0.0,0.0,1.0,0.0,1.0,0.0,0.0,0.0,0.0,0.0,0.0,0.0,0.0,0.0,0.0,0.0,0.0,0.0,0,,,,,,,,,,,,,,,,,,,,0,,,,,,,,,,,,,,,,,,,,0,,,,,,,,,,,,,,,,,,,
R1444,남,44,40대,40~44,직장인,자유/전문직,경기,서울외수도권,수도권,0,1,0,1,0,0,0,0,0,1,0,0,0,0,0,기본티,아메리카노,카푸치노,0,,,,,,,,,,,,,,,,,,,,0,,,,,,,,,,,,,,,,,,,,0,,,,,,,,,,,,,,,,,,,,1,1.0,1.0,0.0,0.0,0.0,0.0,0.0,1.0,0.0,0.0,0.0,0.0,0.0,0.0,0.0,0.0,0.0,0.0,0.0,0,,,,,,,,,,,,,,,,,,,,1,1.0,1.0,0.0,0.0,0.0,0.0,0.0,0.0,0.0,0.0,0.0,1.0,0.0,0.0,1.0,0.0,1.0,0.0,0.0
R1445,여,57,50대,55~59,직장인,사무/기술직,부산,5대광역시,비수도권,0,1,1,0,1,0,0,1,0,0,0,0,0,1,0,아메리카노,카페라떼,달콤한커피류,1,1.0,1.0,0.0,1.0,1.0,0.0,1.0,0.0,0.0,0.0,0.0,0.0,0.0,0.0,0.0,0.0,0.0,0.0,0.0,1,1.0,0.0,0.0,0.0,0.0,0.0,0.0,0.0,0.0,0.0,0.0,0.0,0.0,0.0,0.0,0.0,0.0,0.0,0.0,1,1.0,0.0,0.0,0.0,0.0,0.0,0.0,0.0,0.0,0.0,0.0,0.0,0.0,0.0,0.0,0.0,0.0,0.0,0.0,1,1.0,0.0,0.0,0.0,0.0,0.0,0.0,0.0,0.0,0.0,0.0,0.0,0.0,0.0,0.0,0.0,1.0,0.0,0.0,1,1.0,1.0,0.0,0.0,0.0,0.0,0.0,0.0,0.0,0.0,0.0,0.0,0.0,0.0,0.0,0.0,0.0,0.0,0.0,1,1.0,1.0,1.0,0.0,0.0,1.0,0.0,0.0,0.0,0.0,0.0,1.0,0.0,0.0,0.0,1.0,1.0,0.0,0.0
R1446,남,46,40대,45~49,기타직업,기타,경북,기타지역,비수도권,0,1,0,0,0,0,0,1,0,0,0,0,0,1,0,아메리카노,달콤한커피류,스무디쉐이크,1,1.0,0.0,0.0,0.0,1.0,0.0,1.0,0.0,0.0,0.0,0.0,0.0,0.0,0.0,0.0,0.0,0.0,0.0,0.0,1,1.0,1.0,0.0,1.0,0.0,0.0,1.0,0.0,0.0,0.0,0.0,1.0,0.0,0.0,1.0,0.0,0.0,0.0,0.0,0,,,,,,,,,,,,,,,,,,,,1,1.0,1.0,1.0,0.0,0.0,0.0,0.0,0.0,0.0,0.0,0.0,1.0,0.0,0.0,0.0,0.0,0.0,0.0,0.0,0,,,,,,,,,,,,,,,,,,,,0,,,,,,,,,,,,,,,,,,,
R1447,남,46,40대,45~49,전업주부,전업주부,대전,5대광역시,비수도권,0,1,0,1,0,0,0,0,0,0,0,0,0,0,0,아메리카노,카푸치노,,1,1.0,1.0,1.0,1.0,0.0,0.0,0.0,0.0,0.0,0.0,0.0,1.0,0.0,0.0,0.0,0.0,0.0,0.0,0.0,0,,,,,,,,,,,,,,,,,,,,0,,,,,,,,,,,,,,,,,,,,1,1.0,0.0,0.0,0.0,0.0,0.0,0.0,1.0,0.0,0.0,0.0,0.0,0.0,0.0,0.0,0.0,0.0,0.0,0.0,1,1.0,0.0,1.0,0.0,0.0,0.0,0.0,0.0,0.0,0.0,0.0,0.0,0.0,0.0,0.0,0.0,0.0,0.0,0.0,1,1.0,1.0,0.0,0.0,0.0,1.0,0.0,0.0,0.0,0.0,0.0,0.0,0.0,0.0,0.0,0.0,0.0,0.0,0.0
R1448,남,57,50대,55~59,직장인,사무/기술직,대전,5대광역시,비수도권,0,1,0,1,0,0,0,0,1,0,0,1,0,1,0,과일티에이드,아메리카노,스무디쉐이크,0,,,,,,,,,,,,,,,,,,,,1,1.0,1.0,0.0,0.0,0.0,0.0,0.0,0.0,0.0,0.0,0.0,0.0,0.0,0.0,0.0,0.0,0.0,0.0,0.0,0,,,,,,,,,,,,,,,,,,,,1,1.0,0.0,0.0,0.0,0.0,0.0,0.0,0.0,0.0,0.0,0.0,0.0,0.0,0.0,0.0,0.0,0.0,0.0,0.0,0,,,,,,,,,,,,,,,,,,,,1,1.0,1.0,1.0,0.0,0.0,0.0,0.0,0.0,0.0,0.0,0.0,0.0,0.0,0.0,0.0,0.0,0.0,0.0,0.0
R1449,남,39,30대,35~39,직장인,사무/기술직,서울,서울,수도권,0,0,1,0,0,0,0,1,0,0,0,1,0,0,1,카페라떼,주스에이드,과일티에이드,1,1.0,1.0,1.0,1.0,1.0,0.0,0.0,0.0,0.0,0.0,0.0,0.0,0.0,0.0,0.0,0.0,1.0,0.0,0.0,1,1.0,1.0,0.0,0.0,0.0,1.0,0.0,0.0,1.0,0.0,0.0,0.0,0.0,0.0,0.0,1.0,0.0,0.0,0.0,1,1.0,1.0,0.0,0.0,1.0,1.0,0.0,0.0,0.0,1.0,0.0,0.0,0.0,0.0,0.0,0.0,0.0,0.0,0.0,1,1.0,1.0,0.0,0.0,1.0,0.0,1.0,0.0,1.0,0.0,0.0,0.0,0.0,0.0,0.0,0.0,0.0,0.0,0.0,1,1.0,1.0,0.0,0.0,0.0,0.0,0.0,0.0,0.0,0.0,0.0,0.0,0.0,0.0,0.0,0.0,0.0,0.0,0.0,0,,,,,,,,,,,,,,,,,,,
R1450,남,41,40대,40~44,직장인,기능/작업직,경기,서울외수도권,수도권,0,1,0,0,0,0,0,1,0,0,0,1,0,1,0,달콤한커피류,아메리카노,스무디쉐이크,1,1.0,1.0,0.0,0.0,0.0,0.0,0.0,0.0,0.0,0.0,0.0,0.0,0.0,0.0,0.0,0.0,0.0,0.0,0.0,1,1.0,1.0,0.0,0.0,0.0,1.0,1.0,0.0,0.0,0.0,1.0,0.0,0.0,0.0,0.0,0.0,1.0,1.0,0.0,0,,,,,,,,,,,,,,,,,,,,1,1.0,0.0,0.0,0.0,0.0,0.0,0.0,0.0,1.0,0.0,1.0,1.0,0.0,0.0,0.0,0.0,0.0,0.0,0.0,0,,,,,,,,,,,,,,,,,,,,0,,,,,,,,,,,,,,,,,,,
R1451,남,59,50대,55~59,기타직업,기타,경기,서울외수도권,수도권,0,0,0,0,0,0,0,0,0,0,0,0,0,0,0,,,,0,,,,,,,,,,,,,,,,,,,,1,1.0,1.0,0.0,0.0,1.0,0.0,0.0,0.0,0.0,0.0,0.0,0.0,0.0,0.0,0.0,0.0,0.0,0.0,1.0,1,1.0,1.0,0.0,0.0,0.0,0.0,1.0,0.0,0.0,0.0,0.0,1.0,0.0,0.0,0.0,0.0,1.0,0.0,0.0,1,1.0,1.0,0.0,0.0,0.0,0.0,0.0,1.0,0.0,1.0,0.0,0.0,0.0,0.0,0.0,0.0,0.0,0.0,0.0,0,,,,,,,,,,,,,,,,,,,,0,,,,,,,,,,,,,,,,,,,
R1452,남,23,20대,20~24,직장인,자영업,서울,서울,수도권,0,0,0,0,1,0,0,1,1,0,0,0,0,0,0,콜드브루,달콤한커피류,얼음갈린커피,1,1.0,1.0,0.0,1.0,0.0,0.0,0.0,0.0,0.0,0.0,0.0,0.0,0.0,0.0,0.0,0.0,0.0,0.0,0.0,0,,,,,,,,,,,,,,,,,,,,1,1.0,1.0,0.0,0.0,1.0,1.0,0.0,0.0,0.0,0.0,1.0,0.0,0.0,0.0,0.0,0.0,0.0,1.0,1.0,1,1.0,0.0,0.0,1.0,0.0,0.0,0.0,0.0,0.0,0.0,0.0,0.0,0.0,0.0,0.0,0.0,0.0,0.0,0.0,1,1.0,1.0,0.0,0.0,0.0,0.0,0.0,0.0,0.0,0.0,0.0,0.0,0.0,0.0,0.0,0.0,1.0,0.0,0.0,1,1.0,1.0,0.0,0.0,0.0,0.0,0.0,0.0,0.0,0.0,1.0,0.0,0.0,0.0,0.0,0.0,0.0,0.0,0.0
R1453,남,52,50대,50~54,직장인,사무/기술직,서울,서울,수도권,0,1,0,0,0,0,0,0,0,0,0,0,0,0,0,아메리카노,,,1,1.0,1.0,0.0,0.0,0.0,0.0,0.0,0.0,0.0,0.0,0.0,0.0,0.0,0.0,0.0,0.0,0.0,0.0,0.0,0,,,,,,,,,,,,,,,,,,,,0,,,,,,,,,,,,,,,,,,,,0,,,,,,,,,,,,,,,,,,,,0,,,,,,,,,,,,,,,,,,,,0,,,,,,,,,,,,,,,,,,,
R1454,남,30,30대,30~34,직장인,사무/기술직,인천,서울외수도권,수도권,0,1,0,0,0,0,0,0,0,1,1,0,0,0,1,주스에이드,기본티,아메리카노,0,,,,,,,,,,,,,,,,,,,,0,,,,,,,,,,,,,,,,,,,,0,,,,,,,,,,,,,,,,,,,,0,,,,,,,,,,,,,,,,,,,,0,,,,,,,,,,,,,,,,,,,,0,,,,,,,,,,,,,,,,,,,
R1455,여,55,50대,55~59,직장인,경영/관리직,대전,5대광역시,비수도권,0,1,1,1,0,0,0,1,0,0,0,0,0,0,0,아메리카노,달콤한커피류,카페라떼,0,,,,,,,,,,,,,,,,,,,,1,1.0,0.0,1.0,0.0,1.0,0.0,0.0,0.0,0.0,0.0,0.0,0.0,0.0,0.0,0.0,0.0,0.0,0.0,0.0,0,,,,,,,,,,,,,,,,,,,,0,,,,,,,,,,,,,,,,,,,,1,1.0,1.0,0.0,0.0,0.0,0.0,0.0,0.0,1.0,0.0,0.0,0.0,0.0,0.0,0.0,0.0,0.0,0.0,0.0,0,,,,,,,,,,,,,,,,,,,
R1456,여,58,50대,55~59,대학(원)생,대학생,충북,기타지역,비수도권,0,0,0,0,0,1,0,1,1,0,0,0,0,0,0,달콤한커피류,얼음갈린커피,콜드브루라떼,0,,,,,,,,,,,,,,,,,,,,0,,,,,,,,,,,,,,,,,,,,0,,,,,,,,,,,,,,,,,,,,1,1.0,1.0,0.0,0.0,0.0,0.0,0.0,0.0,0.0,1.0,0.0,0.0,0.0,0.0,0.0,0.0,0.0,0.0,0.0,0,,,,,,,,,,,,,,,,,,,,1,1.0,1.0,1.0,0.0,0.0,1.0,0.0,0.0,1.0,1.0,0.0,0.0,0.0,0.0,0.0,0.0,0.0,0.0,0.0
R1457,여,52,50대,50~54,직장인,경영/관리직,인천,서울외수도권,수도권,0,0,1,0,0,0,0,0,0,0,0,0,0,0,0,카페라떼,,,0,,,,,,,,,,,,,,,,,,,,0,,,,,,,,,,,,,,,,,,,,0,,,,,,,,,,,,,,,,,,,,0,,,,,,,,,,,,,,,,,,,,1,1.0,1.0,0.0,0.0,0.0,1.0,0.0,0.0,1.0,0.0,0.0,0.0,0.0,0.0,0.0,0.0,0.0,1.0,0.0,0,,,,,,,,,,,,,,,,,,,
R1458,남,44,40대,40~44,직장인,자유/전문직,경북,기타지역,비수도권,0,0,1,0,0,0,1,0,0,0,0,0,0,0,0,카페라떼,드립핸드드립,,0,,,,,,,,,,,,,,,,,,,,1,1.0,0.0,0.0,0.0,0.0,0.0,0.0,0.0,0.0,0.0,0.0,0.0,0.0,0.0,0.0,0.0,0.0,0.0,0.0,1,1.0,1.0,0.0,0.0,0.0,0.0,0.0,0.0,0.0,0.0,0.0,0.0,0.0,0.0,0.0,0.0,0.0,0.0,0.0,0,,,,,,,,,,,,,,,,,,,,0,,,,,,,,,,,,,,,,,,,,0,,,,,,,,,,,,,,,,,,,
R1459,여,47,40대,45~49,대학(원)생,대학생,전남,기타지역,비수도권,0,0,0,0,0,1,0,0,0,0,0,1,0,0,0,과일티에이드,콜드브루라떼,,0,,,,,,,,,,,,,,,,,,,,0,,,,,,,,,,,,,,,,,,,,0,,,,,,,,,,,,,,,,,,,,1,1.0,1.0,0.0,0.0,0.0,0.0,1.0,0.0,0.0,0.0,0.0,0.0,0.0,0.0,0.0,0.0,0.0,0.0,0.0,1,1.0,1.0,0.0,1.0,0.0,0.0,0.0,0.0,0.0,0.0,1.0,0.0,0.0,0.0,0.0,0.0,0.0,0.0,0.0,0,,,,,,,,,,,,,,,,,,,
R1460,남,50,50대,50~54,직장인,자유/전문직,경기,서울외수도권,수도권,0,1,0,0,0,0,0,0,0,1,1,1,0,0,0,아메리카노,달콤한티,과일티에이드,0,,,,,,,,,,,,,,,,,,,,0,,,,,,,,,,,,,,,,,,,,0,,,,,,,,,,,,,,,,,,,,0,,,,,,,,,,,,,,,,,,,,0,,,,,,,,,,,,,,,,,,,,1,1.0,1.0,0.0,0.0,0.0,0.0,0.0,0.0,0.0,0.0,0.0,1.0,0.0,0.0,0.0,0.0,1.0,0.0,0.0
R1461,남,49,40대,45~49,기타직업,자영업,경기,서울외수도권,수도권,1,1,0,0,0,0,0,1,0,0,1,0,0,0,0,아메리카노,달콤한커피류,달콤한티,1,1.0,1.0,0.0,0.0,1.0,0.0,0.0,0.0,0.0,0.0,0.0,0.0,0.0,0.0,0.0,0.0,0.0,0.0,0.0,0,,,,,,,,,,,,,,,,,,,,0,,,,,,,,,,,,,,,,,,,,0,,,,,,,,,,,,,,,,,,,,0,,,,,,,,,,,,,,,,,,,,0,,,,,,,,,,,,,,,,,,,
R1462,남,37,30대,35~39,기타직업,기타,대구,5대광역시,비수도권,0,1,1,0,0,0,0,0,0,0,0,0,0,0,0,아메리카노,카페라떼,,1,1.0,1.0,0.0,0.0,1.0,0.0,0.0,0.0,0.0,0.0,0.0,0.0,0.0,0.0,0.0,0.0,1.0,0.0,0.0,0,,,,,,,,,,,,,,,,,,,,0,,,,,,,,,,,,,,,,,,,,0,,,,,,,,,,,,,,,,,,,,1,1.0,0.0,0.0,0.0,0.0,0.0,1.0,0.0,0.0,0.0,0.0,0.0,0.0,0.0,0.0,1.0,0.0,0.0,0.0,0,,,,,,,,,,,,,,,,,,,
R1463,남,23,20대,20~24,직장인,자유/전문직,대구,5대광역시,비수도권,0,1,0,0,1,1,0,0,1,0,0,0,0,0,0,얼음갈린커피,아메리카노,콜드브루,0,,,,,,,,,,,,,,,,,,,,0,,,,,,,,,,,,,,,,,,,,0,,,,,,,,,,,,,,,,,,,,1,1.0,1.0,0.0,0.0,0.0,1.0,0.0,0.0,0.0,0.0,0.0,0.0,0.0,0.0,0.0,0.0,0.0,0.0,0.0,0,,,,,,,,,,,,,,,,,,,,0,,,,,,,,,,,,,,,,,,,
R1464,남,54,50대,50~54,직장인,자유/전문직,경기,서울외수도권,수도권,0,1,0,0,0,0,0,0,0,0,1,1,0,0,0,아메리카노,과일티에이드,달콤한티,0,,,,,,,,,,,,,,,,,,,,1,1.0,1.0,1.0,1.0,1.0,0.0,1.0,0.0,0.0,0.0,1.0,0.0,0.0,0.0,0.0,0.0,0.0,0.0,0.0,0,,,,,,,,,,,,,,,,,,,,0,,,,,,,,,,,,,,,,,,,,1,1.0,0.0,0.0,0.0,0.0,0.0,1.0,1.0,0.0,0.0,0.0,0.0,0.0,0.0,1.0,0.0,0.0,0.0,0.0,1,1.0,1.0,0.0,0.0,0.0,0.0,1.0,0.0,0.0,0.0,0.0,0.0,0.0,0.0,0.0,0.0,1.0,0.0,0.0
R1465,남,38,30대,35~39,전업주부,전업주부,부산,5대광역시,비수도권,0,1,0,0,0,0,0,0,0,0,0,1,0,0,0,아메리카노,과일티에이드,,0,,,,,,,,,,,,,,,,,,,,0,,,,,,,,,,,,,,,,,,,,1,1.0,1.0,0.0,1.0,1.0,1.0,0.0,0.0,1.0,0.0,0.0,0.0,0.0,0.0,0.0,0.0,0.0,0.0,0.0,0,,,,,,,,,,,,,,,,,,,,1,1.0,1.0,1.0,1.0,0.0,0.0,0.0,0.0,0.0,1.0,0.0,0.0,0.0,0.0,0.0,0.0,0.0,0.0,0.0,0,,,,,,,,,,,,,,,,,,,
R1466,남,30,30대,30~34,직장인,사무/기술직,충북,기타지역,비수도권,0,0,0,0,1,0,1,1,0,0,0,0,0,1,0,스무디쉐이크,달콤한커피류,드립핸드드립,1,1.0,1.0,0.0,1.0,0.0,0.0,0.0,0.0,0.0,0.0,0.0,0.0,0.0,0.0,0.0,0.0,1.0,0.0,0.0,0,,,,,,,,,,,,,,,,,,,,1,1.0,1.0,0.0,0.0,0.0,0.0,0.0,1.0,0.0,0.0,0.0,0.0,0.0,0.0,0.0,0.0,0.0,0.0,0.0,0,,,,,,,,,,,,,,,,,,,,0,,,,,,,,,,,,,,,,,,,,0,,,,,,,,,,,,,,,,,,,
R1467,여,45,40대,45~49,기타직업,경영/관리직,서울,서울,수도권,0,1,0,0,0,0,0,1,0,0,0,0,1,1,0,달콤한커피류,아메리카노,스무디쉐이크,0,,,,,,,,,,,,,,,,,,,,0,,,,,,,,,,,,,,,,,,,,1,1.0,1.0,0.0,1.0,0.0,1.0,0.0,0.0,0.0,0.0,0.0,1.0,0.0,0.0,0.0,0.0,0.0,0.0,0.0,1,1.0,1.0,0.0,1.0,1.0,1.0,0.0,0.0,0.0,1.0,0.0,0.0,0.0,0.0,0.0,0.0,0.0,0.0,0.0,1,1.0,1.0,1.0,1.0,0.0,0.0,0.0,0.0,1.0,0.0,0.0,0.0,0.0,0.0,0.0,0.0,0.0,0.0,0.0,1,1.0,0.0,0.0,0.0,0.0,0.0,0.0,0.0,0.0,1.0,0.0,0.0,0.0,0.0,0.0,0.0,0.0,0.0,0.0
R1468,남,32,30대,30~34,직장인,사무/기술직,전북,기타지역,비수도권,0,1,1,0,0,0,0,0,0,0,0,0,0,0,1,아메리카노,카페라떼,주스에이드,0,,,,,,,,,,,,,,,,,,,,0,,,,,,,,,,,,,,,,,,,,0,,,,,,,,,,,,,,,,,,,,0,,,,,,,,,,,,,,,,,,,,1,1.0,1.0,0.0,0.0,0.0,0.0,0.0,0.0,0.0,0.0,0.0,0.0,0.0,0.0,0.0,0.0,0.0,0.0,0.0,1,1.0,1.0,1.0,1.0,0.0,0.0,1.0,0.0,0.0,0.0,0.0,0.0,0.0,0.0,1.0,0.0,0.0,0.0,0.0
R1469,여,31,30대,30~34,직장인,기능/작업직,충남,기타지역,비수도권,0,1,0,0,0,0,0,1,0,0,0,0,1,1,0,아메리카노,달콤한커피류,얼음갈린티,1,1.0,1.0,1.0,1.0,0.0,0.0,0.0,0.0,0.0,0.0,0.0,0.0,0.0,0.0,0.0,0.0,0.0,0.0,0.0,0,,,,,,,,,,,,,,,,,,,,0,,,,,,,,,,,,,,,,,,,,0,,,,,,,,,,,,,,,,,,,,1,1.0,0.0,0.0,0.0,0.0,0.0,0.0,0.0,0.0,0.0,0.0,0.0,0.0,0.0,0.0,0.0,0.0,0.0,0.0,0,,,,,,,,,,,,,,,,,,,
R1470,여,47,40대,45~49,직장인,사무/기술직,충남,기타지역,비수도권,0,0,0,0,0,0,0,0,0,0,0,1,0,0,0,과일티에이드,,,0,,,,,,,,,,,,,,,,,,,,0,,,,,,,,,,,,,,,,,,,,0,,,,,,,,,,,,,,,,,,,,0,,,,,,,,,,,,,,,,,,,,0,,,,,,,,,,,,,,,,,,,,1,1.0,1.0,0.0,1.0,0.0,0.0,0.0,0.0,0.0,0.0,0.0,0.0,0.0,0.0,0.0,0.0,0.0,0.0,0.0
R1471,여,27,20대,25~29,직장인,사무/기술직,충북,기타지역,비수도권,0,0,0,0,1,0,0,0,0,0,0,0,0,0,0,콜드브루,,,0,,,,,,,,,,,,,,,,,,,,0,,,,,,,,,,,,,,,,,,,,1,1.0,1.0,0.0,0.0,0.0,0.0,0.0,0.0,1.0,0.0,0.0,0.0,0.0,0.0,0.0,0.0,1.0,0.0,0.0,1,1.0,0.0,0.0,1.0,0.0,0.0,0.0,0.0,0.0,0.0,0.0,0.0,0.0,0.0,0.0,1.0,0.0,0.0,0.0,0,,,,,,,,,,,,,,,,,,,,0,,,,,,,,,,,,,,,,,,,
R1472,남,50,50대,50~54,직장인,사무/기술직,제주,기타지역,비수도권,0,0,1,0,0,0,0,0,0,0,1,1,1,0,0,달콤한티,카페라떼,과일티에이드,0,,,,,,,,,,,,,,,,,,,,1,1.0,1.0,0.0,0.0,0.0,1.0,0.0,0.0,0.0,0.0,1.0,0.0,0.0,0.0,0.0,0.0,0.0,0.0,0.0,1,1.0,0.0,0.0,1.0,1.0,0.0,0.0,0.0,0.0,0.0,0.0,0.0,0.0,0.0,0.0,0.0,1.0,0.0,0.0,1,1.0,1.0,0.0,1.0,0.0,1.0,0.0,0.0,0.0,0.0,0.0,0.0,0.0,0.0,0.0,0.0,0.0,0.0,0.0,0,,,,,,,,,,,,,,,,,,,,0,,,,,,,,,,,,,,,,,,,
R1473,남,32,30대,30~34,직장인,사무/기술직,서울,서울,수도권,1,1,0,0,0,0,0,0,0,0,0,0,1,0,0,얼음갈린티,아메리카노,에스프레소,1,1.0,1.0,0.0,0.0,1.0,0.0,0.0,0.0,0.0,0.0,0.0,0.0,0.0,0.0,0.0,0.0,0.0,0.0,0.0,1,1.0,0.0,0.0,0.0,0.0,0.0,0.0,0.0,1.0,0.0,0.0,0.0,0.0,0.0,0.0,0.0,0.0,0.0,0.0,0,,,,,,,,,,,,,,,,,,,,0,,,,,,,,,,,,,,,,,,,,0,,,,,,,,,,,,,,,,,,,,1,1.0,1.0,0.0,0.0,0.0,0.0,0.0,0.0,1.0,0.0,0.0,0.0,0.0,0.0,0.0,0.0,0.0,0.0,0.0
R1474,여,36,30대,35~39,기타직업,경영/관리직,경기,서울외수도권,수도권,1,1,1,0,0,0,0,1,1,0,1,1,0,1,0,아메리카노,얼음갈린커피,카페라떼,0,,,,,,,,,,,,,,,,,,,,0,,,,,,,,,,,,,,,,,,,,0,,,,,,,,,,,,,,,,,,,,0,,,,,,,,,,,,,,,,,,,,1,1.0,0.0,0.0,1.0,0.0,0.0,0.0,0.0,0.0,0.0,0.0,0.0,0.0,0.0,0.0,0.0,0.0,0.0,0.0,1,1.0,0.0,1.0,0.0,0.0,0.0,1.0,0.0,0.0,1.0,0.0,1.0,0.0,0.0,0.0,0.0,1.0,0.0,0.0
R1475,여,46,40대,45~49,직장인,사무/기술직,서울,서울,수도권,0,1,1,0,0,1,0,0,0,0,0,0,0,0,0,아메리카노,카페라떼,콜드브루라떼,1,1.0,1.0,0.0,1.0,0.0,0.0,0.0,0.0,0.0,0.0,0.0,0.0,0.0,0.0,0.0,0.0,1.0,0.0,0.0,1,1.0,1.0,0.0,0.0,1.0,1.0,0.0,0.0,1.0,0.0,1.0,1.0,0.0,0.0,0.0,0.0,0.0,0.0,0.0,0,,,,,,,,,,,,,,,,,,,,0,,,,,,,,,,,,,,,,,,,,0,,,,,,,,,,,,,,,,,,,,1,1.0,1.0,1.0,1.0,0.0,0.0,0.0,0.0,0.0,1.0,0.0,0.0,1.0,0.0,0.0,0.0,0.0,0.0,0.0
R1476,여,50,50대,50~54,직장인,자유/전문직,부산,5대광역시,비수도권,0,1,0,0,0,0,0,0,0,0,0,0,0,0,1,아메리카노,주스에이드,,0,,,,,,,,,,,,,,,,,,,,1,1.0,0.0,0.0,1.0,0.0,0.0,0.0,0.0,0.0,0.0,0.0,0.0,0.0,0.0,0.0,0.0,0.0,0.0,0.0,0,,,,,,,,,,,,,,,,,,,,0,,,,,,,,,,,,,,,,,,,,1,1.0,0.0,0.0,0.0,0.0,0.0,1.0,0.0,0.0,0.0,1.0,0.0,0.0,0.0,0.0,0.0,0.0,0.0,0.0,0,,,,,,,,,,,,,,,,,,,
R1477,남,36,30대,35~39,직장인,판매/영업 서비스직,대구,5대광역시,비수도권,0,0,0,0,0,0,0,0,0,0,0,0,0,1,1,주스에이드,스무디쉐이크,,0,,,,,,,,,,,,,,,,,,,,0,,,,,,,,,,,,,,,,,,,,0,,,,,,,,,,,,,,,,,,,,0,,,,,,,,,,,,,,,,,,,,1,1.0,0.0,1.0,1.0,0.0,0.0,0.0,0.0,0.0,0.0,0.0,1.0,0.0,0.0,0.0,0.0,0.0,0.0,0.0,1,1.0,1.0,0.0,0.0,0.0,0.0,0.0,0.0,0.0,0.0,0.0,0.0,0.0,0.0,0.0,0.0,0.0,0.0,0.0
R1478,남,53,50대,50~54,직장인,사무/기술직,충남,기타지역,비수도권,0,0,0,0,0,0,0,0,1,0,1,0,0,0,0,달콤한티,얼음갈린커피,,0,,,,,,,,,,,,,,,,,,,,0,,,,,,,,,,,,,,,,,,,,0,,,,,,,,,,,,,,,,,,,,1,1.0,1.0,0.0,1.0,1.0,1.0,0.0,0.0,0.0,0.0,0.0,0.0,0.0,0.0,0.0,0.0,1.0,0.0,0.0,0,,,,,,,,,,,,,,,,,,,,0,,,,,,,,,,,,,,,,,,,
R1479,여,45,40대,45~49,직장인,사무/기술직,대전,5대광역시,비수도권,0,0,1,0,0,0,0,1,0,0,0,0,0,0,0,달콤한커피류,카페라떼,,0,,,,,,,,,,,,,,,,,,,,1,1.0,1.0,1.0,0.0,0.0,1.0,0.0,0.0,0.0,0.0,0.0,0.0,0.0,0.0,0.0,0.0,0.0,0.0,0.0,0,,,,,,,,,,,,,,,,,,,,1,1.0,0.0,0.0,0.0,0.0,1.0,0.0,0.0,0.0,1.0,0.0,0.0,0.0,0.0,0.0,0.0,0.0,0.0,0.0,0,,,,,,,,,,,,,,,,,,,,1,1.0,1.0,0.0,0.0,0.0,1.0,0.0,0.0,1.0,0.0,0.0,0.0,1.0,0.0,0.0,0.0,0.0,0.0,0.0
R1480,남,52,50대,50~54,직장인,자영업,전북,기타지역,비수도권,1,0,1,0,0,0,0,0,0,0,1,0,1,0,1,얼음갈린티,달콤한티,카페라떼,0,,,,,,,,,,,,,,,,,,,,1,1.0,1.0,0.0,1.0,1.0,0.0,0.0,0.0,0.0,0.0,1.0,1.0,0.0,0.0,0.0,0.0,0.0,1.0,0.0,0,,,,,,,,,,,,,,,,,,,,0,,,,,,,,,,,,,,,,,,,,1,1.0,0.0,0.0,0.0,0.0,1.0,0.0,0.0,0.0,0.0,0.0,0.0,0.0,0.0,0.0,0.0,0.0,0.0,0.0,1,1.0,1.0,0.0,0.0,0.0,1.0,0.0,0.0,0.0,1.0,0.0,0.0,0.0,0.0,0.0,0.0,0.0,0.0,0.0
R1481,남,45,40대,45~49,직장인,사무/기술직,서울,서울,수도권,0,1,1,0,0,0,0,0,0,0,0,0,0,0,0,아메리카노,카페라떼,,1,1.0,1.0,0.0,0.0,0.0,1.0,1.0,0.0,0.0,0.0,0.0,0.0,0.0,0.0,0.0,0.0,0.0,0.0,0.0,0,,,,,,,,,,,,,,,,,,,,0,,,,,,,,,,,,,,,,,,,,0,,,,,,,,,,,,,,,,,,,,1,1.0,1.0,0.0,0.0,0.0,0.0,1.0,0.0,0.0,0.0,0.0,1.0,0.0,0.0,0.0,0.0,0.0,0.0,0.0,0,,,,,,,,,,,,,,,,,,,
R1482,남,20,20대,20~24,직장인,사무/기술직,경기,서울외수도권,수도권,0,1,0,0,0,0,0,1,0,0,0,1,0,0,0,아메리카노,달콤한커피류,과일티에이드,1,1.0,1.0,0.0,0.0,0.0,0.0,0.0,0.0,0.0,0.0,0.0,0.0,0.0,0.0,0.0,0.0,0.0,0.0,0.0,0,,,,,,,,,,,,,,,,,,,,1,1.0,1.0,0.0,0.0,1.0,0.0,1.0,0.0,0.0,0.0,0.0,0.0,0.0,0.0,0.0,0.0,0.0,0.0,0.0,0,,,,,,,,,,,,,,,,,,,,0,,,,,,,,,,,,,,,,,,,,1,1.0,1.0,0.0,0.0,0.0,0.0,1.0,0.0,1.0,0.0,0.0,0.0,0.0,0.0,0.0,0.0,0.0,0.0,0.0
R1483,남,32,30대,30~34,직장인,자유/전문직,인천,서울외수도권,수도권,0,1,1,0,1,0,1,0,0,0,1,0,0,0,1,아메리카노,주스에이드,카페라떼,0,,,,,,,,,,,,,,,,,,,,0,,,,,,,,,,,,,,,,,,,,0,,,,,,,,,,,,,,,,,,,,0,,,,,,,,,,,,,,,,,,,,0,,,,,,,,,,,,,,,,,,,,0,,,,,,,,,,,,,,,,,,,
R1484,남,58,50대,55~59,직장인,자유/전문직,경기,서울외수도권,수도권,0,0,0,0,0,0,0,0,0,1,1,0,0,0,0,기본티,달콤한티,,1,1.0,1.0,0.0,1.0,1.0,0.0,0.0,0.0,0.0,0.0,0.0,0.0,0.0,1.0,0.0,1.0,0.0,0.0,0.0,0,,,,,,,,,,,,,,,,,,,,0,,,,,,,,,,,,,,,,,,,,1,1.0,0.0,0.0,0.0,0.0,0.0,1.0,0.0,0.0,0.0,0.0,0.0,0.0,0.0,0.0,0.0,0.0,0.0,0.0,0,,,,,,,,,,,,,,,,,,,,0,,,,,,,,,,,,,,,,,,,
R1485,남,34,30대,30~34,직장인,경영/관리직,경기,서울외수도권,수도권,0,1,1,0,0,0,0,0,0,0,0,0,0,1,0,스무디쉐이크,아메리카노,카페라떼,1,1.0,1.0,1.0,0.0,0.0,0.0,0.0,0.0,0.0,0.0,1.0,0.0,0.0,0.0,0.0,0.0,0.0,0.0,0.0,1,1.0,0.0,0.0,0.0,0.0,1.0,0.0,0.0,0.0,0.0,1.0,1.0,1.0,0.0,0.0,0.0,0.0,0.0,0.0,1,1.0,1.0,0.0,0.0,0.0,0.0,0.0,0.0,0.0,0.0,0.0,0.0,0.0,0.0,0.0,0.0,1.0,0.0,0.0,0,,,,,,,,,,,,,,,,,,,,0,,,,,,,,,,,,,,,,,,,,1,1.0,0.0,0.0,1.0,1.0,0.0,0.0,0.0,0.0,0.0,0.0,1.0,0.0,0.0,0.0,1.0,0.0,0.0,0.0
R1486,여,25,20대,25~29,직장인,사무/기술직,충북,기타지역,비수도권,0,0,1,0,0,0,0,0,0,0,0,1,0,0,1,카페라떼,주스에이드,과일티에이드,0,,,,,,,,,,,,,,,,,,,,1,1.0,1.0,0.0,1.0,1.0,1.0,1.0,0.0,0.0,1.0,0.0,0.0,0.0,0.0,0.0,0.0,0.0,1.0,0.0,1,1.0,0.0,0.0,0.0,1.0,0.0,0.0,0.0,0.0,0.0,1.0,0.0,0.0,0.0,0.0,0.0,0.0,0.0,0.0,0,,,,,,,,,,,,,,,,,,,,0,,,,,,,,,,,,,,,,,,,,0,,,,,,,,,,,,,,,,,,,
R1487,여,29,20대,25~29,대학(원)생,대학생,경기,서울외수도권,수도권,0,1,1,0,0,0,0,0,0,0,0,0,0,0,0,아메리카노,카페라떼,,0,,,,,,,,,,,,,,,,,,,,0,,,,,,,,,,,,,,,,,,,,0,,,,,,,,,,,,,,,,,,,,1,1.0,1.0,0.0,0.0,0.0,0.0,1.0,0.0,0.0,0.0,0.0,0.0,0.0,0.0,0.0,0.0,0.0,0.0,0.0,0,,,,,,,,,,,,,,,,,,,,0,,,,,,,,,,,,,,,,,,,
R1488,여,51,50대,50~54,직장인,사무/기술직,충북,기타지역,비수도권,0,1,0,0,0,0,1,1,0,0,0,0,0,0,0,아메리카노,달콤한커피류,드립핸드드립,1,1.0,1.0,0.0,1.0,0.0,0.0,0.0,0.0,0.0,0.0,0.0,0.0,0.0,0.0,0.0,0.0,0.0,0.0,0.0,0,,,,,,,,,,,,,,,,,,,,0,,,,,,,,,,,,,,,,,,,,0,,,,,,,,,,,,,,,,,,,,1,1.0,0.0,1.0,0.0,0.0,0.0,0.0,0.0,1.0,0.0,0.0,0.0,0.0,0.0,0.0,0.0,0.0,0.0,0.0,0,,,,,,,,,,,,,,,,,,,
R1489,남,21,20대,20~24,대학(원)생,대학생,경기,서울외수도권,수도권,1,0,0,0,0,0,1,1,0,0,0,0,0,0,0,달콤한커피류,드립핸드드립,에스프레소,0,,,,,,,,,,,,,,,,,,,,0,,,,,,,,,,,,,,,,,,,,0,,,,,,,,,,,,,,,,,,,,1,1.0,1.0,1.0,0.0,0.0,1.0,0.0,1.0,0.0,1.0,0.0,0.0,0.0,0.0,0.0,1.0,0.0,0.0,0.0,0,,,,,,,,,,,,,,,,,,,,1,1.0,0.0,0.0,0.0,0.0,1.0,0.0,0.0,0.0,0.0,0.0,0.0,0.0,0.0,0.0,0.0,0.0,0.0,0.0
R1490,여,29,20대,25~29,직장인,경영/관리직,서울,서울,수도권,0,0,0,0,0,0,0,0,0,0,0,1,0,0,0,과일티에이드,,,1,1.0,0.0,0.0,1.0,0.0,0.0,0.0,0.0,0.0,0.0,0.0,0.0,0.0,0.0,0.0,1.0,0.0,0.0,0.0,1,1.0,1.0,0.0,0.0,0.0,1.0,1.0,0.0,0.0,0.0,0.0,0.0,0.0,0.0,0.0,0.0,0.0,0.0,0.0,1,1.0,0.0,0.0,0.0,0.0,1.0,1.0,1.0,0.0,1.0,0.0,0.0,0.0,0.0,0.0,0.0,0.0,0.0,0.0,0,,,,,,,,,,,,,,,,,,,,1,1.0,0.0,0.0,1.0,0.0,0.0,0.0,0.0,0.0,0.0,0.0,1.0,0.0,0.0,0.0,0.0,0.0,1.0,0.0,0,,,,,,,,,,,,,,,,,,,
R1491,남,33,30대,30~34,직장인,사무/기술직,서울,서울,수도권,0,1,0,0,0,0,0,1,0,0,0,0,1,0,0,달콤한커피류,아메리카노,얼음갈린티,0,,,,,,,,,,,,,,,,,,,,1,1.0,0.0,0.0,0.0,1.0,1.0,1.0,0.0,0.0,1.0,1.0,0.0,0.0,0.0,0.0,0.0,0.0,0.0,0.0,1,1.0,1.0,0.0,0.0,1.0,0.0,0.0,0.0,0.0,0.0,0.0,1.0,0.0,0.0,0.0,0.0,0.0,0.0,0.0,0,,,,,,,,,,,,,,,,,,,,0,,,,,,,,,,,,,,,,,,,,1,1.0,1.0,1.0,1.0,0.0,0.0,0.0,0.0,0.0,0.0,0.0,0.0,0.0,0.0,0.0,0.0,0.0,0.0,1.0
R1492,여,37,30대,35~39,직장인,자유/전문직,경남,기타지역,비수도권,0,1,1,0,1,0,0,0,0,0,0,0,0,0,0,콜드브루,아메리카노,카페라떼,0,,,,,,,,,,,,,,,,,,,,0,,,,,,,,,,,,,,,,,,,,1,1.0,1.0,0.0,1.0,1.0,0.0,0.0,0.0,0.0,0.0,1.0,0.0,0.0,0.0,0.0,0.0,0.0,0.0,0.0,1,1.0,1.0,0.0,1.0,0.0,1.0,1.0,0.0,1.0,0.0,0.0,0.0,0.0,0.0,0.0,0.0,0.0,0.0,0.0,0,,,,,,,,,,,,,,,,,,,,1,1.0,1.0,0.0,0.0,0.0,0.0,0.0,0.0,0.0,0.0,0.0,0.0,0.0,0.0,0.0,0.0,0.0,0.0,0.0
R1493,여,48,40대,45~49,대학(원)생,대학원생,부산,5대광역시,비수도권,0,0,0,0,0,0,0,0,0,0,1,1,0,0,1,달콤한티,과일티에이드,주스에이드,0,,,,,,,,,,,,,,,,,,,,0,,,,,,,,,,,,,,,,,,,,0,,,,,,,,,,,,,,,,,,,,1,1.0,1.0,0.0,0.0,0.0,1.0,1.0,0.0,0.0,0.0,0.0,0.0,0.0,0.0,0.0,0.0,0.0,0.0,0.0,1,1.0,1.0,0.0,0.0,0.0,0.0,0.0,0.0,1.0,1.0,0.0,0.0,0.0,0.0,0.0,0.0,0.0,0.0,0.0,0,,,,,,,,,,,,,,,,,,,
R1494,여,50,50대,50~54,직장인,기능/작업직,경기,서울외수도권,수도권,0,1,0,0,0,0,0,0,0,0,0,0,1,1,0,아메리카노,얼음갈린티,스무디쉐이크,1,1.0,1.0,1.0,0.0,1.0,0.0,1.0,0.0,0.0,0.0,0.0,0.0,0.0,0.0,0.0,0.0,0.0,0.0,0.0,0,,,,,,,,,,,,,,,,,,,,1,1.0,0.0,0.0,1.0,0.0,0.0,0.0,0.0,0.0,0.0,0.0,0.0,0.0,0.0,0.0,0.0,0.0,0.0,0.0,1,1.0,0.0,0.0,0.0,0.0,0.0,0.0,1.0,0.0,1.0,0.0,0.0,0.0,0.0,0.0,0.0,0.0,0.0,0.0,1,1.0,0.0,0.0,0.0,0.0,0.0,0.0,0.0,0.0,0.0,0.0,1.0,0.0,0.0,0.0,0.0,0.0,0.0,0.0,0,,,,,,,,,,,,,,,,,,,
R1495,여,50,50대,50~54,직장인,사무/기술직,충남,기타지역,비수도권,0,1,0,1,0,0,0,1,0,0,0,1,0,0,1,달콤한커피류,주스에이드,아메리카노,0,,,,,,,,,,,,,,,,,,,,0,,,,,,,,,,,,,,,,,,,,1,1.0,1.0,1.0,0.0,0.0,1.0,0.0,0.0,0.0,0.0,0.0,0.0,0.0,0.0,0.0,0.0,0.0,0.0,0.0,0,,,,,,,,,,,,,,,,,,,,0,,,,,,,,,,,,,,,,,,,,1,1.0,1.0,0.0,0.0,0.0,0.0,0.0,0.0,0.0,0.0,0.0,0.0,0.0,0.0,0.0,0.0,0.0,0.0,0.0
R1496,여,26,20대,25~29,기타직업,기타,부산,5대광역시,비수도권,0,1,0,0,0,0,1,1,1,0,0,0,0,0,0,달콤한커피류,아메리카노,드립핸드드립,0,,,,,,,,,,,,,,,,,,,,0,,,,,,,,,,,,,,,,,,,,0,,,,,,,,,,,,,,,,,,,,0,,,,,,,,,,,,,,,,,,,,1,1.0,0.0,0.0,0.0,0.0,1.0,0.0,0.0,0.0,1.0,0.0,1.0,0.0,0.0,0.0,0.0,0.0,0.0,0.0,0,,,,,,,,,,,,,,,,,,,
R1497,남,58,50대,55~59,직장인,사무/기술직,대전,5대광역시,비수도권,0,1,1,0,0,0,0,1,0,1,0,0,0,1,0,기본티,달콤한커피류,카페라떼,1,1.0,1.0,0.0,1.0,0.0,0.0,1.0,0.0,0.0,1.0,0.0,0.0,0.0,0.0,0.0,0.0,0.0,0.0,0.0,0,,,,,,,,,,,,,,,,,,,,0,,,,,,,,,,,,,,,,,,,,0,,,,,,,,,,,,,,,,,,,,0,,,,,,,,,,,,,,,,,,,,0,,,,,,,,,,,,,,,,,,,
R1498,여,42,40대,40~44,직장인,사무/기술직,서울,서울,수도권,0,1,0,1,0,0,0,0,0,0,0,1,1,0,1,아메리카노,과일티에이드,카푸치노,1,1.0,1.0,0.0,0.0,0.0,0.0,0.0,0.0,0.0,0.0,0.0,0.0,0.0,0.0,0.0,0.0,0.0,0.0,0.0,0,,,,,,,,,,,,,,,,,,,,0,,,,,,,,,,,,,,,,,,,,1,1.0,0.0,0.0,1.0,1.0,0.0,0.0,0.0,0.0,1.0,0.0,0.0,0.0,0.0,0.0,0.0,1.0,0.0,0.0,0,,,,,,,,,,,,,,,,,,,,0,,,,,,,,,,,,,,,,,,,
R1499,여,26,20대,25~29,기타직업,기타,경기,서울외수도권,수도권,0,1,1,0,0,0,0,0,1,1,0,0,0,0,0,아메리카노,카페라떼,기본티,0,,,,,,,,,,,,,,,,,,,,0,,,,,,,,,,,,,,,,,,,,0,,,,,,,,,,,,,,,,,,,,1,1.0,1.0,0.0,0.0,0.0,1.0,0.0,0.0,0.0,1.0,0.0,0.0,0.0,0.0,0.0,0.0,0.0,0.0,0.0,1,1.0,1.0,0.0,0.0,0.0,0.0,0.0,0.0,0.0,0.0,0.0,0.0,0.0,0.0,0.0,0.0,0.0,0.0,0.0,0,,,,,,,,,,,,,,,,,,,
R1500,남,58,50대,55~59,직장인,사무/기술직,광주,5대광역시,비수도권,0,0,0,0,0,0,0,1,0,0,1,0,0,0,0,달콤한커피류,달콤한티,,0,,,,,,,,,,,,,,,,,,,,1,1.0,1.0,0.0,0.0,0.0,0.0,1.0,0.0,0.0,1.0,0.0,0.0,0.0,0.0,0.0,0.0,0.0,0.0,0.0,0,,,,,,,,,,,,,,,,,,,,1,1.0,1.0,0.0,0.0,0.0,1.0,0.0,0.0,1.0,0.0,0.0,0.0,0.0,0.0,0.0,0.0,0.0,1.0,0.0,0,,,,,,,,,,,,,,,,,,,,0,,,,,,,,,,,,,,,,,,,
R1501,여,54,50대,50~54,직장인,자유/전문직,서울,서울,수도권,0,1,0,0,0,0,0,0,1,0,0,1,0,0,0,아메리카노,과일티에이드,얼음갈린커피,1,1.0,1.0,0.0,1.0,0.0,1.0,0.0,1.0,0.0,1.0,1.0,0.0,0.0,0.0,0.0,0.0,0.0,0.0,0.0,0,,,,,,,,,,,,,,,,,,,,1,1.0,1.0,0.0,0.0,1.0,0.0,0.0,0.0,0.0,0.0,0.0,0.0,0.0,0.0,0.0,0.0,0.0,0.0,0.0,0,,,,,,,,,,,,,,,,,,,,1,1.0,0.0,1.0,0.0,0.0,0.0,0.0,1.0,0.0,0.0,1.0,0.0,0.0,0.0,0.0,1.0,0.0,0.0,0.0,1,1.0,0.0,0.0,0.0,0.0,0.0,1.0,0.0,0.0,0.0,0.0,0.0,0.0,0.0,0.0,0.0,0.0,0.0,0.0
R1502,남,42,40대,40~44,직장인,사무/기술직,경기,서울외수도권,수도권,0,1,0,0,0,0,0,0,0,1,0,0,0,0,0,아메리카노,기본티,,0,,,,,,,,,,,,,,,,,,,,1,1.0,1.0,0.0,1.0,0.0,1.0,0.0,0.0,0.0,0.0,0.0,0.0,0.0,0.0,0.0,0.0,1.0,0.0,0.0,0,,,,,,,,,,,,,,,,,,,,0,,,,,,,,,,,,,,,,,,,,1,1.0,1.0,0.0,1.0,1.0,1.0,1.0,0.0,0.0,1.0,0.0,1.0,0.0,0.0,1.0,0.0,0.0,0.0,0.0,1,1.0,1.0,1.0,0.0,0.0,0.0,1.0,0.0,0.0,0.0,0.0,0.0,0.0,0.0,0.0,1.0,1.0,0.0,0.0
R1503,여,32,30대,30~34,직장인,사무/기술직,광주,5대광역시,비수도권,0,1,0,0,0,0,0,1,1,1,0,0,1,0,1,아메리카노,기본티,얼음갈린티,0,,,,,,,,,,,,,,,,,,,,1,1.0,1.0,0.0,0.0,0.0,0.0,0.0,0.0,0.0,0.0,0.0,0.0,0.0,0.0,0.0,0.0,0.0,0.0,0.0,0,,,,,,,,,,,,,,,,,,,,1,1.0,1.0,0.0,0.0,0.0,1.0,1.0,1.0,0.0,0.0,0.0,0.0,0.0,0.0,0.0,0.0,0.0,0.0,0.0,1,1.0,0.0,0.0,0.0,1.0,0.0,0.0,0.0,0.0,0.0,0.0,1.0,0.0,0.0,0.0,0.0,0.0,0.0,0.0,0,,,,,,,,,,,,,,,,,,,
R1504,남,30,30대,30~34,대학(원)생,대학생,서울,서울,수도권,0,1,1,0,0,0,0,1,0,1,0,1,1,0,0,카페라떼,달콤한커피류,아메리카노,1,1.0,0.0,0.0,0.0,0.0,0.0,0.0,0.0,0.0,0.0,0.0,0.0,0.0,0.0,0.0,0.0,1.0,0.0,0.0,0,,,,,,,,,,,,,,,,,,,,0,,,,,,,,,,,,,,,,,,,,1,1.0,0.0,0.0,0.0,0.0,0.0,0.0,0.0,0.0,0.0,0.0,0.0,0.0,0.0,0.0,0.0,0.0,0.0,0.0,1,1.0,1.0,0.0,0.0,0.0,1.0,0.0,0.0,0.0,0.0,0.0,0.0,0.0,0.0,0.0,1.0,0.0,0.0,0.0,0,,,,,,,,,,,,,,,,,,,
R1505,남,46,40대,45~49,직장인,기능/작업직,서울,서울,수도권,0,0,1,0,0,0,0,1,0,0,0,0,0,0,1,카페라떼,달콤한커피류,주스에이드,1,1.0,1.0,0.0,0.0,0.0,0.0,0.0,0.0,1.0,0.0,0.0,0.0,0.0,0.0,0.0,0.0,0.0,0.0,0.0,0,,,,,,,,,,,,,,,,,,,,1,1.0,1.0,0.0,1.0,0.0,1.0,0.0,0.0,0.0,0.0,0.0,0.0,0.0,0.0,0.0,0.0,0.0,0.0,0.0,0,,,,,,,,,,,,,,,,,,,,0,,,,,,,,,,,,,,,,,,,,1,1.0,1.0,1.0,0.0,0.0,1.0,0.0,0.0,1.0,0.0,0.0,0.0,0.0,0.0,0.0,0.0,0.0,0.0,0.0
R1506,남,22,20대,20~24,직장인,자영업,서울,서울,수도권,0,1,0,0,0,0,0,0,0,0,1,0,0,1,0,스무디쉐이크,아메리카노,달콤한티,0,,,,,,,,,,,,,,,,,,,,1,1.0,1.0,0.0,1.0,0.0,0.0,0.0,0.0,0.0,0.0,0.0,0.0,1.0,0.0,0.0,0.0,0.0,0.0,0.0,0,,,,,,,,,,,,,,,,,,,,0,,,,,,,,,,,,,,,,,,,,1,1.0,1.0,0.0,1.0,0.0,0.0,0.0,0.0,0.0,0.0,1.0,0.0,0.0,0.0,0.0,0.0,0.0,0.0,0.0,0,,,,,,,,,,,,,,,,,,,
R1507,남,27,20대,25~29,직장인,사무/기술직,서울,서울,수도권,0,1,0,0,0,0,0,0,0,1,0,1,0,0,0,기본티,아메리카노,과일티에이드,0,,,,,,,,,,,,,,,,,,,,1,1.0,1.0,0.0,0.0,1.0,1.0,1.0,0.0,0.0,0.0,0.0,0.0,0.0,0.0,0.0,0.0,0.0,0.0,0.0,0,,,,,,,,,,,,,,,,,,,,0,,,,,,,,,,,,,,,,,,,,1,1.0,1.0,0.0,0.0,0.0,1.0,0.0,1.0,0.0,0.0,0.0,0.0,0.0,0.0,1.0,1.0,0.0,0.0,0.0,1,1.0,0.0,0.0,0.0,0.0,1.0,1.0,0.0,0.0,0.0,1.0,0.0,0.0,0.0,0.0,0.0,0.0,0.0,0.0
R1508,남,42,40대,40~44,직장인,사무/기술직,서울,서울,수도권,0,1,0,0,0,0,0,1,1,0,0,1,0,1,0,아메리카노,달콤한커피류,얼음갈린커피,0,,,,,,,,,,,,,,,,,,,,0,,,,,,,,,,,,,,,,,,,,1,1.0,1.0,0.0,1.0,0.0,0.0,0.0,0.0,0.0,0.0,0.0,0.0,0.0,0.0,0.0,0.0,0.0,0.0,0.0,0,,,,,,,,,,,,,,,,,,,,1,1.0,0.0,0.0,1.0,0.0,0.0,0.0,0.0,0.0,0.0,0.0,0.0,0.0,0.0,0.0,0.0,0.0,0.0,0.0,1,1.0,0.0,0.0,0.0,0.0,1.0,1.0,0.0,0.0,0.0,0.0,0.0,0.0,0.0,0.0,0.0,1.0,0.0,0.0
R1509,여,49,40대,45~49,대학(원)생,대학생,경기,서울외수도권,수도권,0,1,1,0,0,0,0,1,1,0,1,0,1,0,0,아메리카노,달콤한커피류,얼음갈린커피,1,1.0,1.0,0.0,1.0,0.0,0.0,0.0,0.0,0.0,0.0,0.0,1.0,0.0,0.0,1.0,0.0,0.0,0.0,0.0,0,,,,,,,,,,,,,,,,,,,,1,1.0,0.0,0.0,1.0,0.0,0.0,0.0,0.0,0.0,0.0,1.0,0.0,0.0,0.0,0.0,0.0,0.0,0.0,0.0,0,,,,,,,,,,,,,,,,,,,,0,,,,,,,,,,,,,,,,,,,,0,,,,,,,,,,,,,,,,,,,
R1510,여,33,30대,30~34,대학(원)생,대학생,서울,서울,수도권,0,1,1,1,0,0,0,0,0,0,1,0,0,1,0,아메리카노,스무디쉐이크,달콤한티,1,1.0,1.0,0.0,0.0,0.0,0.0,0.0,0.0,0.0,0.0,0.0,0.0,0.0,0.0,0.0,0.0,0.0,0.0,0.0,1,1.0,1.0,0.0,0.0,1.0,0.0,0.0,0.0,0.0,0.0,0.0,0.0,0.0,0.0,0.0,0.0,0.0,0.0,0.0,1,1.0,0.0,0.0,0.0,0.0,0.0,0.0,0.0,0.0,0.0,0.0,0.0,0.0,0.0,0.0,0.0,0.0,0.0,0.0,1,1.0,1.0,0.0,0.0,0.0,0.0,0.0,0.0,0.0,0.0,0.0,0.0,0.0,0.0,0.0,1.0,0.0,0.0,0.0,1,1.0,1.0,0.0,0.0,0.0,0.0,0.0,0.0,0.0,0.0,0.0,1.0,0.0,0.0,0.0,0.0,0.0,0.0,0.0,0,,,,,,,,,,,,,,,,,,,
R1511,여,56,50대,55~59,직장인,자유/전문직,서울,서울,수도권,0,1,1,0,0,0,0,0,0,0,1,1,1,0,0,아메리카노,카페라떼,과일티에이드,0,,,,,,,,,,,,,,,,,,,,1,1.0,1.0,0.0,0.0,0.0,1.0,0.0,0.0,0.0,0.0,1.0,0.0,0.0,0.0,0.0,1.0,0.0,0.0,0.0,0,,,,,,,,,,,,,,,,,,,,0,,,,,,,,,,,,,,,,,,,,0,,,,,,,,,,,,,,,,,,,,0,,,,,,,,,,,,,,,,,,,
R1512,남,25,20대,25~29,대학(원)생,대학생,대전,5대광역시,비수도권,0,1,1,0,0,0,0,0,0,0,1,0,0,0,1,아메리카노,카페라떼,달콤한티,0,,,,,,,,,,,,,,,,,,,,0,,,,,,,,,,,,,,,,,,,,0,,,,,,,,,,,,,,,,,,,,1,1.0,1.0,0.0,0.0,0.0,0.0,0.0,0.0,0.0,0.0,0.0,0.0,0.0,0.0,0.0,0.0,1.0,0.0,0.0,0,,,,,,,,,,,,,,,,,,,,1,1.0,1.0,0.0,1.0,0.0,1.0,0.0,0.0,0.0,0.0,0.0,0.0,0.0,0.0,0.0,0.0,0.0,0.0,0.0
R1513,여,53,50대,50~54,직장인,경영/관리직,경북,기타지역,비수도권,0,1,0,0,1,0,0,0,0,0,0,0,0,1,0,아메리카노,콜드브루,스무디쉐이크,0,,,,,,,,,,,,,,,,,,,,0,,,,,,,,,,,,,,,,,,,,1,1.0,0.0,0.0,1.0,0.0,0.0,0.0,0.0,1.0,0.0,0.0,0.0,0.0,0.0,0.0,0.0,0.0,0.0,0.0,0,,,,,,,,,,,,,,,,,,,,1,1.0,0.0,0.0,0.0,0.0,0.0,0.0,0.0,0.0,0.0,0.0,0.0,0.0,0.0,0.0,0.0,0.0,0.0,0.0,1,1.0,1.0,0.0,1.0,0.0,1.0,0.0,0.0,0.0,1.0,0.0,0.0,0.0,0.0,0.0,0.0,0.0,0.0,0.0
R1514,여,53,50대,50~54,직장인,사무/기술직,대구,5대광역시,비수도권,0,1,0,0,0,0,0,1,0,0,0,1,1,0,1,달콤한커피류,주스에이드,아메리카노,0,,,,,,,,,,,,,,,,,,,,0,,,,,,,,,,,,,,,,,,,,0,,,,,,,,,,,,,,,,,,,,1,1.0,1.0,1.0,1.0,1.0,0.0,0.0,1.0,0.0,0.0,0.0,0.0,0.0,0.0,0.0,1.0,0.0,0.0,0.0,0,,,,,,,,,,,,,,,,,,,,0,,,,,,,,,,,,,,,,,,,
R1515,여,20,20대,20~24,직장인,판매/영업 서비스직,인천,서울외수도권,수도권,0,1,0,0,1,0,0,0,1,0,1,1,1,0,0,아메리카노,달콤한티,얼음갈린커피,0,,,,,,,,,,,,,,,,,,,,0,,,,,,,,,,,,,,,,,,,,0,,,,,,,,,,,,,,,,,,,,0,,,,,,,,,,,,,,,,,,,,1,1.0,1.0,0.0,0.0,0.0,0.0,0.0,0.0,0.0,1.0,0.0,1.0,0.0,0.0,0.0,1.0,0.0,0.0,0.0,0,,,,,,,,,,,,,,,,,,,
R1516,남,40,40대,40~44,기타직업,경영/관리직,충북,기타지역,비수도권,0,1,0,0,0,0,0,0,0,0,0,0,0,0,0,아메리카노,,,0,,,,,,,,,,,,,,,,,,,,0,,,,,,,,,,,,,,,,,,,,0,,,,,,,,,,,,,,,,,,,,0,,,,,,,,,,,,,,,,,,,,1,1.0,0.0,1.0,0.0,0.0,0.0,0.0,1.0,0.0,1.0,0.0,0.0,0.0,0.0,0.0,0.0,0.0,0.0,0.0,0,,,,,,,,,,,,,,,,,,,
R1517,여,33,30대,30~34,기타직업,기타,전남,기타지역,비수도권,0,1,0,0,0,0,0,0,0,0,0,0,0,0,0,아메리카노,,,1,1.0,1.0,0.0,0.0,1.0,0.0,0.0,0.0,0.0,0.0,0.0,0.0,0.0,0.0,0.0,1.0,0.0,0.0,0.0,0,,,,,,,,,,,,,,,,,,,,0,,,,,,,,,,,,,,,,,,,,0,,,,,,,,,,,,,,,,,,,,1,1.0,1.0,1.0,1.0,0.0,0.0,0.0,0.0,0.0,0.0,0.0,0.0,0.0,0.0,1.0,0.0,0.0,0.0,0.0,0,,,,,,,,,,,,,,,,,,,
R1518,여,36,30대,35~39,직장인,판매/영업 서비스직,서울,서울,수도권,0,0,0,0,1,0,0,0,0,0,0,0,0,0,0,콜드브루,,,0,,,,,,,,,,,,,,,,,,,,0,,,,,,,,,,,,,,,,,,,,0,,,,,,,,,,,,,,,,,,,,0,,,,,,,,,,,,,,,,,,,,0,,,,,,,,,,,,,,,,,,,,0,,,,,,,,,,,,,,,,,,,
R1519,남,36,30대,35~39,전업주부,전업주부,경남,기타지역,비수도권,0,1,1,0,1,0,0,0,0,0,0,0,1,0,0,아메리카노,카페라떼,얼음갈린티,1,1.0,1.0,0.0,0.0,0.0,1.0,0.0,0.0,0.0,0.0,0.0,0.0,0.0,0.0,0.0,0.0,0.0,0.0,0.0,0,,,,,,,,,,,,,,,,,,,,1,1.0,1.0,0.0,0.0,0.0,0.0,0.0,0.0,0.0,1.0,1.0,0.0,0.0,0.0,0.0,0.0,0.0,0.0,0.0,1,1.0,0.0,0.0,0.0,1.0,0.0,0.0,0.0,0.0,0.0,0.0,0.0,0.0,0.0,0.0,0.0,0.0,0.0,0.0,1,1.0,0.0,0.0,0.0,0.0,1.0,0.0,1.0,0.0,0.0,0.0,0.0,0.0,0.0,0.0,1.0,0.0,0.0,0.0,1,1.0,1.0,1.0,0.0,0.0,1.0,0.0,0.0,0.0,0.0,1.0,0.0,0.0,0.0,0.0,0.0,0.0,0.0,0.0
R1520,남,46,40대,45~49,직장인,사무/기술직,광주,5대광역시,비수도권,0,1,0,0,0,0,0,0,0,1,0,0,0,1,0,아메리카노,스무디쉐이크,기본티,0,,,,,,,,,,,,,,,,,,,,0,,,,,,,,,,,,,,,,,,,,0,,,,,,,,,,,,,,,,,,,,0,,,,,,,,,,,,,,,,,,,,0,,,,,,,,,,,,,,,,,,,,0,,,,,,,,,,,,,,,,,,,
R1521,여,42,40대,40~44,직장인,사무/기술직,서울,서울,수도권,0,1,1,0,1,0,0,0,0,1,0,0,1,0,0,카페라떼,얼음갈린티,아메리카노,0,,,,,,,,,,,,,,,,,,,,0,,,,,,,,,,,,,,,,,,,,1,1.0,1.0,0.0,0.0,1.0,0.0,0.0,0.0,0.0,0.0,0.0,1.0,0.0,0.0,0.0,0.0,1.0,0.0,0.0,0,,,,,,,,,,,,,,,,,,,,0,,,,,,,,,,,,,,,,,,,,1,1.0,1.0,0.0,0.0,0.0,1.0,1.0,0.0,0.0,0.0,0.0,0.0,0.0,0.0,0.0,1.0,0.0,0.0,0.0
R1522,남,35,30대,35~39,대학(원)생,대학생,제주,기타지역,비수도권,0,0,0,0,0,0,0,1,0,0,0,0,0,0,0,달콤한커피류,,,1,1.0,1.0,0.0,0.0,0.0,1.0,0.0,0.0,0.0,0.0,0.0,0.0,0.0,0.0,0.0,0.0,0.0,0.0,0.0,1,1.0,1.0,1.0,0.0,1.0,1.0,0.0,0.0,1.0,0.0,0.0,0.0,0.0,0.0,0.0,0.0,0.0,0.0,0.0,0,,,,,,,,,,,,,,,,,,,,0,,,,,,,,,,,,,,,,,,,,0,,,,,,,,,,,,,,,,,,,,0,,,,,,,,,,,,,,,,,,,
R1523,여,30,30대,30~34,직장인,사무/기술직,인천,서울외수도권,수도권,0,1,1,1,0,0,0,1,0,0,1,0,0,0,0,카푸치노,아메리카노,달콤한티,0,,,,,,,,,,,,,,,,,,,,1,1.0,1.0,0.0,1.0,0.0,1.0,1.0,0.0,0.0,0.0,0.0,0.0,0.0,0.0,0.0,0.0,0.0,0.0,0.0,0,,,,,,,,,,,,,,,,,,,,0,,,,,,,,,,,,,,,,,,,,0,,,,,,,,,,,,,,,,,,,,0,,,,,,,,,,,,,,,,,,,
R1524,남,43,40대,40~44,직장인,판매/영업 서비스직,서울,서울,수도권,0,1,1,0,0,0,0,1,0,0,0,0,1,1,0,아메리카노,카페라떼,달콤한커피류,0,,,,,,,,,,,,,,,,,,,,1,1.0,1.0,0.0,1.0,0.0,1.0,1.0,0.0,0.0,0.0,0.0,0.0,0.0,0.0,0.0,0.0,0.0,0.0,0.0,0,,,,,,,,,,,,,,,,,,,,0,,,,,,,,,,,,,,,,,,,,0,,,,,,,,,,,,,,,,,,,,0,,,,,,,,,,,,,,,,,,,
R1525,남,44,40대,40~44,직장인,경영/관리직,충남,기타지역,비수도권,0,1,1,0,0,0,0,1,1,0,0,0,0,0,0,아메리카노,달콤한커피류,카페라떼,1,1.0,1.0,0.0,1.0,0.0,0.0,0.0,0.0,0.0,0.0,0.0,0.0,0.0,0.0,0.0,0.0,0.0,0.0,0.0,0,,,,,,,,,,,,,,,,,,,,1,1.0,0.0,0.0,0.0,0.0,0.0,0.0,0.0,0.0,0.0,0.0,0.0,0.0,0.0,0.0,0.0,0.0,0.0,0.0,0,,,,,,,,,,,,,,,,,,,,1,1.0,0.0,0.0,0.0,0.0,0.0,0.0,0.0,1.0,0.0,0.0,1.0,0.0,0.0,0.0,1.0,0.0,0.0,0.0,0,,,,,,,,,,,,,,,,,,,
R1526,여,56,50대,55~59,직장인,경영/관리직,인천,서울외수도권,수도권,0,1,0,1,0,0,0,0,0,0,0,0,0,0,1,아메리카노,주스에이드,카푸치노,1,1.0,1.0,0.0,1.0,0.0,1.0,0.0,0.0,0.0,0.0,0.0,0.0,0.0,0.0,0.0,1.0,0.0,0.0,0.0,0,,,,,,,,,,,,,,,,,,,,0,,,,,,,,,,,,,,,,,,,,0,,,,,,,,,,,,,,,,,,,,0,,,,,,,,,,,,,,,,,,,,0,,,,,,,,,,,,,,,,,,,
R1527,여,53,50대,50~54,직장인,사무/기술직,울산,5대광역시,비수도권,0,1,1,0,0,0,0,0,0,0,0,0,0,0,1,카페라떼,아메리카노,주스에이드,1,1.0,1.0,0.0,0.0,1.0,0.0,0.0,0.0,0.0,0.0,0.0,0.0,0.0,0.0,0.0,0.0,0.0,0.0,0.0,0,,,,,,,,,,,,,,,,,,,,1,1.0,1.0,1.0,0.0,0.0,0.0,1.0,0.0,0.0,0.0,0.0,1.0,0.0,0.0,0.0,1.0,0.0,0.0,0.0,1,1.0,1.0,0.0,0.0,0.0,1.0,0.0,0.0,1.0,0.0,1.0,0.0,0.0,0.0,0.0,0.0,0.0,0.0,0.0,1,1.0,0.0,0.0,0.0,0.0,1.0,0.0,0.0,1.0,0.0,0.0,0.0,0.0,0.0,0.0,0.0,0.0,0.0,0.0,0,,,,,,,,,,,,,,,,,,,
R1528,여,43,40대,40~44,기타직업,자유/전문직,강원,기타지역,비수도권,0,1,1,0,0,0,0,0,0,0,1,0,0,0,0,아메리카노,카페라떼,달콤한티,1,1.0,0.0,0.0,0.0,0.0,0.0,0.0,0.0,0.0,0.0,0.0,1.0,0.0,0.0,0.0,0.0,0.0,0.0,0.0,0,,,,,,,,,,,,,,,,,,,,0,,,,,,,,,,,,,,,,,,,,0,,,,,,,,,,,,,,,,,,,,1,1.0,0.0,0.0,0.0,0.0,1.0,0.0,0.0,0.0,0.0,0.0,0.0,0.0,0.0,0.0,0.0,0.0,0.0,0.0,0,,,,,,,,,,,,,,,,,,,
R1529,남,30,30대,30~34,직장인,사무/기술직,경기,서울외수도권,수도권,0,1,0,0,1,0,0,0,0,0,0,0,0,0,1,아메리카노,주스에이드,콜드브루,0,,,,,,,,,,,,,,,,,,,,1,1.0,1.0,0.0,1.0,0.0,1.0,0.0,0.0,0.0,1.0,0.0,1.0,0.0,0.0,0.0,0.0,0.0,0.0,0.0,0,,,,,,,,,,,,,,,,,,,,0,,,,,,,,,,,,,,,,,,,,1,1.0,0.0,0.0,0.0,0.0,0.0,0.0,0.0,0.0,0.0,0.0,0.0,0.0,0.0,0.0,1.0,0.0,0.0,0.0,1,1.0,1.0,0.0,0.0,0.0,0.0,0.0,0.0,0.0,0.0,0.0,1.0,0.0,0.0,0.0,0.0,1.0,0.0,0.0
R1530,남,30,30대,30~34,직장인,사무/기술직,인천,서울외수도권,수도권,0,1,1,0,0,0,0,0,0,0,0,0,0,1,0,아메리카노,스무디쉐이크,카페라떼,0,,,,,,,,,,,,,,,,,,,,0,,,,,,,,,,,,,,,,,,,,0,,,,,,,,,,,,,,,,,,,,0,,,,,,,,,,,,,,,,,,,,0,,,,,,,,,,,,,,,,,,,,0,,,,,,,,,,,,,,,,,,,
R1531,여,55,50대,55~59,직장인,경영/관리직,경기,서울외수도권,수도권,1,0,1,1,0,0,0,0,1,0,0,1,0,0,1,카페라떼,과일티에이드,얼음갈린커피,0,,,,,,,,,,,,,,,,,,,,0,,,,,,,,,,,,,,,,,,,,1,1.0,1.0,0.0,0.0,0.0,0.0,1.0,0.0,0.0,1.0,0.0,0.0,0.0,0.0,0.0,0.0,0.0,0.0,0.0,0,,,,,,,,,,,,,,,,,,,,0,,,,,,,,,,,,,,,,,,,,1,1.0,1.0,1.0,0.0,0.0,0.0,0.0,0.0,0.0,0.0,0.0,0.0,0.0,0.0,0.0,0.0,0.0,0.0,0.0
R1532,남,32,30대,30~34,직장인,사무/기술직,전남,기타지역,비수도권,0,0,0,0,0,0,0,1,0,0,0,1,0,0,0,달콤한커피류,과일티에이드,,1,1.0,1.0,0.0,0.0,1.0,1.0,0.0,0.0,0.0,0.0,1.0,1.0,0.0,0.0,1.0,0.0,0.0,0.0,0.0,1,1.0,1.0,0.0,1.0,1.0,0.0,0.0,0.0,0.0,0.0,0.0,1.0,0.0,0.0,0.0,1.0,0.0,0.0,0.0,1,1.0,0.0,0.0,0.0,0.0,0.0,0.0,0.0,0.0,1.0,1.0,0.0,0.0,0.0,0.0,0.0,0.0,0.0,0.0,1,1.0,0.0,0.0,1.0,0.0,0.0,0.0,0.0,0.0,0.0,0.0,0.0,1.0,0.0,0.0,0.0,0.0,0.0,0.0,0,,,,,,,,,,,,,,,,,,,,1,1.0,1.0,1.0,0.0,0.0,1.0,0.0,0.0,0.0,0.0,0.0,0.0,0.0,0.0,0.0,0.0,0.0,0.0,0.0
R1533,남,32,30대,30~34,기타직업,무직,충북,기타지역,비수도권,0,1,0,0,0,0,1,1,0,0,0,0,0,0,0,달콤한커피류,드립핸드드립,아메리카노,0,,,,,,,,,,,,,,,,,,,,0,,,,,,,,,,,,,,,,,,,,1,1.0,0.0,0.0,0.0,0.0,1.0,1.0,0.0,0.0,0.0,0.0,0.0,0.0,0.0,0.0,0.0,0.0,0.0,0.0,0,,,,,,,,,,,,,,,,,,,,1,1.0,0.0,0.0,0.0,0.0,0.0,0.0,0.0,0.0,0.0,0.0,1.0,0.0,0.0,0.0,1.0,0.0,0.0,0.0,0,,,,,,,,,,,,,,,,,,,
R1534,여,39,30대,35~39,직장인,사무/기술직,서울,서울,수도권,0,0,1,1,0,0,0,0,1,0,0,0,0,1,0,카페라떼,얼음갈린커피,스무디쉐이크,0,,,,,,,,,,,,,,,,,,,,1,1.0,1.0,0.0,1.0,0.0,0.0,0.0,0.0,0.0,0.0,0.0,0.0,0.0,0.0,0.0,0.0,0.0,0.0,0.0,0,,,,,,,,,,,,,,,,,,,,1,1.0,0.0,0.0,0.0,0.0,0.0,0.0,0.0,0.0,0.0,0.0,0.0,0.0,0.0,0.0,1.0,0.0,0.0,0.0,0,,,,,,,,,,,,,,,,,,,,0,,,,,,,,,,,,,,,,,,,
R1535,남,47,40대,45~49,직장인,사무/기술직,충남,기타지역,비수도권,0,1,1,1,0,0,0,0,0,0,1,0,0,0,0,아메리카노,카페라떼,달콤한티,0,,,,,,,,,,,,,,,,,,,,1,1.0,1.0,0.0,0.0,0.0,0.0,0.0,0.0,0.0,0.0,0.0,0.0,0.0,0.0,0.0,0.0,1.0,0.0,0.0,1,1.0,0.0,0.0,0.0,0.0,1.0,0.0,1.0,0.0,1.0,0.0,1.0,0.0,0.0,0.0,0.0,0.0,1.0,0.0,1,1.0,1.0,0.0,0.0,0.0,0.0,0.0,0.0,1.0,0.0,0.0,0.0,0.0,0.0,0.0,0.0,0.0,0.0,0.0,0,,,,,,,,,,,,,,,,,,,,1,1.0,1.0,0.0,0.0,0.0,0.0,0.0,0.0,0.0,1.0,0.0,0.0,0.0,0.0,1.0,0.0,0.0,0.0,0.0
R1536,여,26,20대,25~29,대학(원)생,대학생,광주,5대광역시,비수도권,0,1,1,0,0,0,0,1,0,0,0,0,0,0,0,달콤한커피류,아메리카노,카페라떼,0,,,,,,,,,,,,,,,,,,,,1,1.0,1.0,0.0,0.0,0.0,1.0,1.0,0.0,0.0,0.0,0.0,0.0,0.0,0.0,0.0,0.0,0.0,1.0,0.0,1,1.0,0.0,0.0,0.0,0.0,0.0,0.0,0.0,0.0,1.0,0.0,0.0,0.0,0.0,0.0,0.0,0.0,0.0,0.0,0,,,,,,,,,,,,,,,,,,,,1,1.0,1.0,0.0,0.0,0.0,0.0,0.0,0.0,0.0,0.0,0.0,0.0,0.0,0.0,0.0,0.0,0.0,0.0,0.0,0,,,,,,,,,,,,,,,,,,,
R1537,여,38,30대,35~39,직장인,사무/기술직,강원,기타지역,비수도권,0,0,0,0,0,0,1,0,0,0,0,0,0,0,0,드립핸드드립,,,1,1.0,1.0,0.0,0.0,1.0,0.0,1.0,0.0,0.0,0.0,0.0,0.0,0.0,0.0,0.0,0.0,0.0,0.0,0.0,0,,,,,,,,,,,,,,,,,,,,1,1.0,1.0,0.0,0.0,1.0,0.0,0.0,1.0,0.0,0.0,0.0,0.0,0.0,0.0,0.0,0.0,1.0,0.0,0.0,0,,,,,,,,,,,,,,,,,,,,0,,,,,,,,,,,,,,,,,,,,0,,,,,,,,,,,,,,,,,,,
R1538,남,23,20대,20~24,직장인,사무/기술직,전남,기타지역,비수도권,0,0,0,0,0,0,0,1,0,1,0,1,0,0,0,달콤한커피류,기본티,과일티에이드,0,,,,,,,,,,,,,,,,,,,,0,,,,,,,,,,,,,,,,,,,,0,,,,,,,,,,,,,,,,,,,,0,,,,,,,,,,,,,,,,,,,,1,1.0,1.0,0.0,0.0,0.0,0.0,0.0,1.0,0.0,0.0,0.0,1.0,1.0,0.0,0.0,0.0,0.0,0.0,0.0,0,,,,,,,,,,,,,,,,,,,
R1539,여,54,50대,50~54,직장인,자영업,경북,기타지역,비수도권,0,1,0,0,1,0,1,0,0,1,0,0,0,0,0,콜드브루,아메리카노,기본티,0,,,,,,,,,,,,,,,,,,,,1,1.0,1.0,0.0,0.0,0.0,0.0,1.0,0.0,0.0,0.0,0.0,0.0,0.0,0.0,0.0,0.0,1.0,0.0,0.0,0,,,,,,,,,,,,,,,,,,,,0,,,,,,,,,,,,,,,,,,,,0,,,,,,,,,,,,,,,,,,,,0,,,,,,,,,,,,,,,,,,,
R1540,여,39,30대,35~39,직장인,판매/영업 서비스직,서울,서울,수도권,0,0,1,1,0,0,0,0,0,0,0,0,0,1,0,카페라떼,스무디쉐이크,카푸치노,0,,,,,,,,,,,,,,,,,,,,0,,,,,,,,,,,,,,,,,,,,1,1.0,1.0,1.0,1.0,0.0,0.0,0.0,0.0,0.0,0.0,0.0,0.0,0.0,0.0,0.0,0.0,0.0,0.0,0.0,1,1.0,1.0,0.0,1.0,0.0,1.0,0.0,0.0,0.0,0.0,1.0,1.0,0.0,0.0,0.0,0.0,0.0,0.0,0.0,1,1.0,1.0,0.0,0.0,0.0,0.0,0.0,0.0,0.0,0.0,0.0,0.0,0.0,0.0,0.0,0.0,0.0,0.0,0.0,0,,,,,,,,,,,,,,,,,,,
R1541,여,31,30대,30~34,직장인,사무/기술직,부산,5대광역시,비수도권,0,1,1,0,0,0,0,1,0,0,0,1,0,0,0,아메리카노,카페라떼,달콤한커피류,1,1.0,1.0,0.0,1.0,1.0,1.0,0.0,0.0,0.0,0.0,0.0,0.0,0.0,0.0,0.0,0.0,0.0,0.0,0.0,0,,,,,,,,,,,,,,,,,,,,0,,,,,,,,,,,,,,,,,,,,1,1.0,0.0,0.0,1.0,0.0,1.0,0.0,0.0,0.0,0.0,0.0,0.0,0.0,0.0,0.0,0.0,0.0,0.0,0.0,1,1.0,0.0,0.0,0.0,0.0,1.0,0.0,0.0,0.0,1.0,0.0,0.0,0.0,0.0,0.0,0.0,0.0,0.0,0.0,1,1.0,0.0,0.0,1.0,0.0,1.0,1.0,0.0,0.0,1.0,0.0,0.0,0.0,0.0,0.0,0.0,0.0,0.0,0.0
R1542,남,48,40대,45~49,직장인,자유/전문직,경북,기타지역,비수도권,0,1,1,0,0,0,0,0,0,0,0,0,0,0,0,아메리카노,카페라떼,,0,,,,,,,,,,,,,,,,,,,,1,1.0,0.0,0.0,0.0,0.0,1.0,1.0,0.0,0.0,0.0,0.0,0.0,0.0,0.0,0.0,0.0,0.0,0.0,0.0,0,,,,,,,,,,,,,,,,,,,,1,1.0,1.0,0.0,0.0,1.0,1.0,1.0,0.0,0.0,0.0,0.0,0.0,0.0,0.0,0.0,0.0,0.0,0.0,0.0,0,,,,,,,,,,,,,,,,,,,,1,1.0,1.0,0.0,0.0,0.0,0.0,0.0,0.0,0.0,0.0,0.0,0.0,0.0,0.0,0.0,1.0,0.0,0.0,0.0
R1543,여,44,40대,40~44,대학(원)생,대학생,경남,기타지역,비수도권,0,1,0,0,0,0,0,1,0,0,0,1,0,0,0,아메리카노,과일티에이드,달콤한커피류,1,1.0,1.0,0.0,1.0,0.0,0.0,0.0,0.0,0.0,0.0,0.0,0.0,0.0,0.0,0.0,0.0,1.0,1.0,0.0,0,,,,,,,,,,,,,,,,,,,,0,,,,,,,,,,,,,,,,,,,,1,1.0,1.0,0.0,0.0,0.0,0.0,0.0,0.0,0.0,1.0,0.0,0.0,0.0,0.0,0.0,0.0,0.0,0.0,0.0,1,1.0,1.0,0.0,0.0,1.0,0.0,0.0,0.0,0.0,0.0,0.0,0.0,1.0,0.0,0.0,0.0,0.0,0.0,0.0,0,,,,,,,,,,,,,,,,,,,
R1544,여,26,20대,25~29,직장인,자영업,대구,5대광역시,비수도권,0,1,1,0,0,0,0,0,0,0,0,1,0,1,0,아메리카노,카페라떼,과일티에이드,0,,,,,,,,,,,,,,,,,,,,0,,,,,,,,,,,,,,,,,,,,1,1.0,1.0,1.0,0.0,1.0,0.0,0.0,0.0,0.0,1.0,0.0,0.0,0.0,0.0,0.0,0.0,0.0,0.0,0.0,1,1.0,1.0,0.0,1.0,0.0,0.0,0.0,0.0,0.0,1.0,0.0,0.0,0.0,0.0,0.0,0.0,0.0,0.0,0.0,1,1.0,1.0,0.0,0.0,1.0,0.0,0.0,0.0,0.0,0.0,0.0,0.0,0.0,0.0,0.0,0.0,0.0,0.0,0.0,1,1.0,0.0,1.0,0.0,0.0,1.0,0.0,0.0,0.0,0.0,0.0,1.0,0.0,0.0,0.0,0.0,0.0,0.0,0.0
R1545,여,51,50대,50~54,기타직업,무직,서울,서울,수도권,0,1,0,0,0,0,0,0,0,1,0,1,0,1,1,아메리카노,스무디쉐이크,주스에이드,0,,,,,,,,,,,,,,,,,,,,1,1.0,1.0,1.0,1.0,0.0,0.0,0.0,0.0,0.0,0.0,0.0,1.0,0.0,0.0,0.0,0.0,1.0,0.0,0.0,1,1.0,0.0,0.0,0.0,0.0,0.0,0.0,1.0,0.0,0.0,0.0,1.0,0.0,1.0,0.0,1.0,0.0,0.0,0.0,1,1.0,0.0,0.0,0.0,0.0,1.0,0.0,1.0,0.0,0.0,0.0,0.0,0.0,0.0,0.0,0.0,0.0,0.0,0.0,0,,,,,,,,,,,,,,,,,,,,1,1.0,1.0,0.0,1.0,0.0,1.0,1.0,0.0,0.0,1.0,0.0,0.0,0.0,0.0,0.0,0.0,1.0,0.0,0.0
R1546,여,50,50대,50~54,기타직업,자유/전문직,광주,5대광역시,비수도권,0,1,1,0,0,1,1,0,0,0,0,0,0,0,0,아메리카노,카페라떼,콜드브루라떼,0,,,,,,,,,,,,,,,,,,,,1,1.0,0.0,0.0,0.0,0.0,0.0,1.0,0.0,0.0,0.0,1.0,0.0,0.0,0.0,0.0,0.0,0.0,0.0,0.0,0,,,,,,,,,,,,,,,,,,,,1,1.0,1.0,0.0,0.0,0.0,1.0,0.0,0.0,1.0,0.0,0.0,0.0,0.0,0.0,0.0,0.0,0.0,0.0,0.0,1,1.0,1.0,0.0,0.0,0.0,0.0,0.0,0.0,1.0,0.0,0.0,0.0,0.0,0.0,0.0,0.0,0.0,0.0,0.0,1,1.0,1.0,0.0,0.0,0.0,1.0,1.0,0.0,0.0,0.0,0.0,0.0,0.0,0.0,0.0,0.0,0.0,0.0,0.0
R1547,남,40,40대,40~44,직장인,사무/기술직,충북,기타지역,비수도권,1,0,0,0,0,0,0,0,0,0,0,0,0,0,0,에스프레소,,,0,,,,,,,,,,,,,,,,,,,,0,,,,,,,,,,,,,,,,,,,,1,1.0,1.0,1.0,0.0,1.0,0.0,1.0,0.0,0.0,0.0,1.0,0.0,0.0,0.0,0.0,0.0,0.0,0.0,0.0,0,,,,,,,,,,,,,,,,,,,,1,1.0,0.0,0.0,0.0,1.0,0.0,0.0,0.0,0.0,0.0,0.0,0.0,0.0,0.0,0.0,0.0,0.0,0.0,0.0,0,,,,,,,,,,,,,,,,,,,
R1548,남,54,50대,50~54,직장인,사무/기술직,경기,서울외수도권,수도권,0,1,0,0,0,0,0,1,1,0,0,0,0,1,0,아메리카노,스무디쉐이크,달콤한커피류,1,1.0,1.0,0.0,0.0,1.0,0.0,0.0,0.0,0.0,0.0,0.0,0.0,0.0,0.0,0.0,0.0,0.0,0.0,0.0,1,1.0,1.0,0.0,0.0,0.0,0.0,0.0,0.0,0.0,1.0,0.0,1.0,0.0,0.0,0.0,1.0,1.0,0.0,0.0,0,,,,,,,,,,,,,,,,,,,,0,,,,,,,,,,,,,,,,,,,,0,,,,,,,,,,,,,,,,,,,,1,1.0,1.0,0.0,0.0,1.0,0.0,0.0,0.0,0.0,0.0,0.0,0.0,0.0,0.0,0.0,0.0,0.0,0.0,0.0
R1549,남,43,40대,40~44,직장인,사무/기술직,서울,서울,수도권,0,1,0,0,0,0,0,0,0,0,0,0,1,0,0,얼음갈린티,아메리카노,,0,,,,,,,,,,,,,,,,,,,,1,1.0,0.0,0.0,0.0,0.0,1.0,0.0,0.0,0.0,0.0,0.0,0.0,0.0,0.0,0.0,0.0,1.0,0.0,0.0,0,,,,,,,,,,,,,,,,,,,,1,1.0,0.0,0.0,1.0,0.0,0.0,0.0,0.0,1.0,0.0,1.0,0.0,0.0,0.0,0.0,0.0,0.0,0.0,0.0,1,1.0,0.0,0.0,0.0,0.0,1.0,0.0,0.0,0.0,0.0,0.0,1.0,0.0,0.0,0.0,0.0,0.0,0.0,0.0,0,,,,,,,,,,,,,,,,,,,
R1550,여,47,40대,45~49,전업주부,전업주부,광주,5대광역시,비수도권,0,1,1,0,0,0,0,1,1,1,0,0,1,0,0,얼음갈린커피,달콤한커피류,아메리카노,0,,,,,,,,,,,,,,,,,,,,0,,,,,,,,,,,,,,,,,,,,0,,,,,,,,,,,,,,,,,,,,1,1.0,1.0,0.0,0.0,0.0,1.0,1.0,0.0,0.0,0.0,0.0,0.0,0.0,0.0,0.0,0.0,0.0,0.0,0.0,0,,,,,,,,,,,,,,,,,,,,1,1.0,1.0,0.0,1.0,0.0,1.0,0.0,0.0,0.0,0.0,0.0,0.0,0.0,0.0,0.0,0.0,0.0,0.0,0.0
R1551,남,47,40대,45~49,직장인,사무/기술직,경기,서울외수도권,수도권,0,1,0,0,0,0,0,1,0,0,0,0,0,0,0,달콤한커피류,아메리카노,,0,,,,,,,,,,,,,,,,,,,,0,,,,,,,,,,,,,,,,,,,,1,1.0,1.0,0.0,0.0,1.0,0.0,0.0,0.0,0.0,0.0,0.0,0.0,0.0,0.0,0.0,0.0,0.0,0.0,0.0,0,,,,,,,,,,,,,,,,,,,,0,,,,,,,,,,,,,,,,,,,,1,1.0,1.0,0.0,0.0,1.0,0.0,0.0,0.0,0.0,0.0,1.0,0.0,0.0,0.0,1.0,0.0,1.0,0.0,0.0
R1552,남,30,30대,30~34,대학(원)생,대학생,경기,서울외수도권,수도권,0,1,1,0,1,0,1,1,0,0,0,0,0,0,0,아메리카노,카페라떼,드립핸드드립,1,1.0,1.0,0.0,1.0,0.0,0.0,1.0,0.0,0.0,0.0,0.0,0.0,0.0,0.0,0.0,0.0,0.0,0.0,1.0,0,,,,,,,,,,,,,,,,,,,,0,,,,,,,,,,,,,,,,,,,,1,1.0,1.0,0.0,0.0,1.0,0.0,0.0,0.0,1.0,1.0,0.0,0.0,0.0,0.0,0.0,0.0,0.0,0.0,0.0,1,1.0,1.0,0.0,0.0,0.0,1.0,0.0,0.0,0.0,0.0,0.0,0.0,0.0,0.0,0.0,0.0,0.0,0.0,1.0,0,,,,,,,,,,,,,,,,,,,
R1553,여,45,40대,45~49,직장인,사무/기술직,경기,서울외수도권,수도권,0,0,0,0,0,0,0,1,1,0,1,0,0,1,1,달콤한커피류,스무디쉐이크,주스에이드,1,1.0,1.0,0.0,1.0,1.0,1.0,1.0,1.0,0.0,0.0,0.0,1.0,0.0,0.0,0.0,0.0,0.0,0.0,0.0,1,1.0,0.0,0.0,0.0,0.0,0.0,0.0,0.0,0.0,0.0,0.0,0.0,0.0,0.0,0.0,0.0,0.0,0.0,0.0,0,,,,,,,,,,,,,,,,,,,,1,1.0,1.0,0.0,0.0,1.0,1.0,0.0,0.0,0.0,1.0,0.0,0.0,0.0,0.0,0.0,0.0,0.0,0.0,0.0,1,1.0,0.0,0.0,0.0,0.0,1.0,0.0,0.0,0.0,0.0,0.0,0.0,0.0,0.0,0.0,0.0,0.0,0.0,0.0,0,,,,,,,,,,,,,,,,,,,
R1554,여,21,20대,20~24,직장인,사무/기술직,서울,서울,수도권,0,1,1,1,0,0,0,1,0,0,0,1,0,0,0,달콤한커피류,과일티에이드,아메리카노,0,,,,,,,,,,,,,,,,,,,,0,,,,,,,,,,,,,,,,,,,,1,1.0,0.0,0.0,0.0,0.0,0.0,0.0,0.0,0.0,0.0,0.0,0.0,0.0,1.0,0.0,0.0,0.0,0.0,1.0,1,1.0,0.0,0.0,0.0,1.0,0.0,0.0,0.0,1.0,0.0,0.0,0.0,0.0,0.0,0.0,0.0,0.0,0.0,0.0,1,1.0,0.0,0.0,1.0,1.0,0.0,0.0,0.0,1.0,1.0,0.0,0.0,0.0,0.0,0.0,0.0,1.0,0.0,0.0,0,,,,,,,,,,,,,,,,,,,
R1555,남,36,30대,35~39,대학(원)생,대학생,경기,서울외수도권,수도권,0,0,1,0,0,0,0,0,0,0,0,0,1,0,0,얼음갈린티,카페라떼,,0,,,,,,,,,,,,,,,,,,,,0,,,,,,,,,,,,,,,,,,,,0,,,,,,,,,,,,,,,,,,,,0,,,,,,,,,,,,,,,,,,,,1,1.0,0.0,1.0,0.0,0.0,0.0,0.0,1.0,0.0,0.0,0.0,0.0,0.0,0.0,0.0,0.0,0.0,0.0,0.0,0,,,,,,,,,,,,,,,,,,,
R1556,여,20,20대,20~24,대학(원)생,대학생,서울,서울,수도권,1,0,1,0,0,0,0,0,0,0,0,0,0,0,0,카페라떼,에스프레소,,0,,,,,,,,,,,,,,,,,,,,1,1.0,0.0,0.0,0.0,0.0,0.0,0.0,0.0,0.0,0.0,0.0,0.0,0.0,0.0,0.0,0.0,0.0,0.0,0.0,1,1.0,1.0,0.0,0.0,1.0,0.0,0.0,0.0,0.0,0.0,0.0,1.0,0.0,0.0,0.0,0.0,1.0,0.0,0.0,0,,,,,,,,,,,,,,,,,,,,0,,,,,,,,,,,,,,,,,,,,1,1.0,1.0,0.0,0.0,0.0,0.0,0.0,0.0,0.0,0.0,0.0,0.0,0.0,0.0,0.0,0.0,0.0,0.0,0.0
R1557,남,25,20대,25~29,직장인,사무/기술직,경기,서울외수도권,수도권,0,1,0,0,0,0,0,0,0,0,0,0,0,0,1,아메리카노,주스에이드,,0,,,,,,,,,,,,,,,,,,,,1,1.0,0.0,0.0,1.0,0.0,1.0,1.0,0.0,0.0,0.0,0.0,1.0,0.0,0.0,0.0,0.0,0.0,0.0,1.0,1,1.0,1.0,0.0,0.0,0.0,0.0,0.0,0.0,0.0,1.0,0.0,0.0,0.0,0.0,0.0,0.0,0.0,0.0,0.0,1,1.0,0.0,0.0,0.0,0.0,1.0,1.0,0.0,0.0,0.0,0.0,1.0,0.0,0.0,0.0,0.0,0.0,0.0,0.0,1,1.0,1.0,0.0,0.0,1.0,0.0,0.0,0.0,0.0,0.0,0.0,0.0,0.0,0.0,0.0,0.0,0.0,0.0,0.0,1,1.0,1.0,0.0,0.0,0.0,0.0,0.0,0.0,0.0,0.0,0.0,0.0,0.0,0.0,0.0,0.0,0.0,0.0,0.0
R1558,남,28,20대,25~29,직장인,사무/기술직,경기,서울외수도권,수도권,0,1,0,0,0,0,0,1,0,0,0,0,0,1,1,주스에이드,달콤한커피류,아메리카노,0,,,,,,,,,,,,,,,,,,,,0,,,,,,,,,,,,,,,,,,,,0,,,,,,,,,,,,,,,,,,,,0,,,,,,,,,,,,,,,,,,,,0,,,,,,,,,,,,,,,,,,,,1,1.0,1.0,0.0,1.0,0.0,0.0,1.0,0.0,0.0,0.0,0.0,0.0,0.0,0.0,0.0,0.0,0.0,0.0,0.0
R1559,여,25,20대,25~29,직장인,기능/작업직,경기,서울외수도권,수도권,0,1,1,0,1,0,0,0,0,0,0,1,0,1,0,콜드브루,아메리카노,스무디쉐이크,0,,,,,,,,,,,,,,,,,,,,0,,,,,,,,,,,,,,,,,,,,0,,,,,,,,,,,,,,,,,,,,0,,,,,,,,,,,,,,,,,,,,0,,,,,,,,,,,,,,,,,,,,0,,,,,,,,,,,,,,,,,,,
R1560,여,30,30대,30~34,직장인,자유/전문직,서울,서울,수도권,0,1,1,0,0,0,1,1,1,0,0,0,0,0,0,달콤한커피류,드립핸드드립,카페라떼,0,,,,,,,,,,,,,,,,,,,,1,1.0,1.0,0.0,1.0,0.0,0.0,0.0,0.0,0.0,1.0,1.0,0.0,0.0,0.0,0.0,0.0,0.0,0.0,0.0,0,,,,,,,,,,,,,,,,,,,,0,,,,,,,,,,,,,,,,,,,,0,,,,,,,,,,,,,,,,,,,,0,,,,,,,,,,,,,,,,,,,
R1561,남,55,50대,55~59,대학(원)생,대학생,경기,서울외수도권,수도권,0,1,0,0,1,0,0,0,0,1,0,0,0,0,0,아메리카노,기본티,콜드브루,1,1.0,0.0,0.0,0.0,0.0,0.0,0.0,0.0,0.0,0.0,0.0,0.0,0.0,0.0,0.0,0.0,1.0,0.0,0.0,0,,,,,,,,,,,,,,,,,,,,0,,,,,,,,,,,,,,,,,,,,0,,,,,,,,,,,,,,,,,,,,0,,,,,,,,,,,,,,,,,,,,1,1.0,1.0,0.0,0.0,0.0,0.0,0.0,1.0,0.0,1.0,1.0,1.0,0.0,0.0,0.0,0.0,0.0,0.0,0.0
R1562,남,23,20대,20~24,직장인,사무/기술직,강원,기타지역,비수도권,0,0,1,0,0,0,0,0,0,1,0,0,0,1,0,스무디쉐이크,기본티,카페라떼,1,1.0,0.0,0.0,1.0,1.0,1.0,0.0,0.0,0.0,1.0,0.0,0.0,0.0,0.0,0.0,0.0,0.0,0.0,0.0,1,1.0,1.0,0.0,0.0,0.0,0.0,0.0,0.0,0.0,0.0,0.0,0.0,0.0,0.0,0.0,0.0,0.0,0.0,1.0,0,,,,,,,,,,,,,,,,,,,,1,1.0,1.0,1.0,0.0,0.0,0.0,0.0,0.0,0.0,0.0,0.0,0.0,0.0,1.0,0.0,0.0,0.0,0.0,0.0,1,1.0,1.0,1.0,1.0,0.0,0.0,0.0,0.0,0.0,0.0,1.0,0.0,1.0,0.0,0.0,0.0,0.0,0.0,0.0,1,1.0,1.0,0.0,0.0,0.0,1.0,0.0,0.0,0.0,0.0,0.0,0.0,0.0,0.0,0.0,0.0,0.0,0.0,0.0
R1563,남,26,20대,25~29,직장인,사무/기술직,대전,5대광역시,비수도권,0,1,1,0,1,0,1,0,1,0,0,1,1,0,0,아메리카노,카페라떼,과일티에이드,0,,,,,,,,,,,,,,,,,,,,0,,,,,,,,,,,,,,,,,,,,1,1.0,0.0,1.0,0.0,0.0,0.0,0.0,0.0,0.0,1.0,0.0,0.0,0.0,0.0,0.0,0.0,0.0,0.0,0.0,0,,,,,,,,,,,,,,,,,,,,1,1.0,0.0,0.0,0.0,0.0,0.0,0.0,0.0,0.0,1.0,1.0,0.0,0.0,0.0,0.0,0.0,0.0,0.0,0.0,1,1.0,1.0,0.0,0.0,0.0,1.0,0.0,0.0,1.0,0.0,0.0,0.0,0.0,0.0,0.0,0.0,0.0,0.0,0.0
R1564,여,43,40대,40~44,직장인,자유/전문직,세종,기타지역,비수도권,0,1,1,0,0,0,0,1,0,1,1,0,0,0,0,아메리카노,기본티,달콤한커피류,1,1.0,1.0,0.0,1.0,0.0,0.0,0.0,0.0,1.0,0.0,0.0,0.0,0.0,0.0,1.0,0.0,0.0,0.0,0.0,1,1.0,0.0,1.0,0.0,0.0,0.0,0.0,0.0,0.0,0.0,0.0,0.0,0.0,0.0,0.0,0.0,0.0,0.0,0.0,0,,,,,,,,,,,,,,,,,,,,0,,,,,,,,,,,,,,,,,,,,1,1.0,1.0,0.0,0.0,0.0,0.0,0.0,0.0,0.0,0.0,0.0,0.0,0.0,0.0,0.0,1.0,0.0,0.0,0.0,0,,,,,,,,,,,,,,,,,,,
R1565,여,47,40대,45~49,기타직업,기타,세종,기타지역,비수도권,0,0,1,0,0,0,1,0,0,0,0,0,0,0,0,카페라떼,드립핸드드립,,1,1.0,1.0,0.0,0.0,0.0,1.0,0.0,1.0,0.0,1.0,0.0,0.0,0.0,0.0,0.0,0.0,0.0,0.0,0.0,1,1.0,1.0,0.0,0.0,1.0,0.0,1.0,0.0,0.0,0.0,0.0,0.0,0.0,0.0,0.0,0.0,0.0,0.0,0.0,0,,,,,,,,,,,,,,,,,,,,0,,,,,,,,,,,,,,,,,,,,0,,,,,,,,,,,,,,,,,,,,1,1.0,1.0,0.0,1.0,0.0,1.0,0.0,0.0,0.0,0.0,0.0,0.0,0.0,0.0,0.0,1.0,0.0,0.0,0.0
R1566,남,55,50대,55~59,직장인,사무/기술직,경북,기타지역,비수도권,0,0,1,0,1,0,0,0,0,0,0,0,0,1,0,콜드브루,카페라떼,스무디쉐이크,1,1.0,1.0,0.0,1.0,0.0,0.0,1.0,0.0,0.0,0.0,0.0,0.0,0.0,0.0,0.0,0.0,0.0,0.0,0.0,1,1.0,1.0,1.0,0.0,1.0,1.0,0.0,0.0,0.0,1.0,0.0,1.0,0.0,0.0,0.0,0.0,0.0,0.0,0.0,0,,,,,,,,,,,,,,,,,,,,0,,,,,,,,,,,,,,,,,,,,1,1.0,0.0,0.0,0.0,0.0,1.0,0.0,0.0,0.0,0.0,0.0,0.0,0.0,0.0,1.0,0.0,0.0,0.0,0.0,1,1.0,0.0,0.0,0.0,0.0,0.0,0.0,1.0,0.0,0.0,0.0,0.0,0.0,0.0,0.0,0.0,0.0,0.0,0.0
R1567,남,45,40대,45~49,직장인,판매/영업 서비스직,인천,서울외수도권,수도권,1,0,0,0,1,0,0,0,0,0,0,0,0,0,1,콜드브루,에스프레소,주스에이드,1,1.0,1.0,0.0,0.0,0.0,0.0,0.0,0.0,0.0,0.0,0.0,0.0,0.0,0.0,1.0,0.0,0.0,0.0,0.0,0,,,,,,,,,,,,,,,,,,,,0,,,,,,,,,,,,,,,,,,,,0,,,,,,,,,,,,,,,,,,,,0,,,,,,,,,,,,,,,,,,,,0,,,,,,,,,,,,,,,,,,,
R1568,여,32,30대,30~34,전업주부,전업주부,경기,서울외수도권,수도권,0,1,1,0,0,0,0,0,0,0,1,0,0,1,0,아메리카노,카페라떼,스무디쉐이크,0,,,,,,,,,,,,,,,,,,,,0,,,,,,,,,,,,,,,,,,,,0,,,,,,,,,,,,,,,,,,,,1,1.0,1.0,0.0,0.0,0.0,1.0,0.0,1.0,0.0,1.0,0.0,0.0,1.0,0.0,0.0,0.0,0.0,0.0,0.0,1,1.0,0.0,1.0,0.0,1.0,0.0,0.0,0.0,1.0,0.0,0.0,0.0,0.0,0.0,0.0,0.0,0.0,0.0,0.0,0,,,,,,,,,,,,,,,,,,,
R1569,여,53,50대,50~54,직장인,판매/영업 서비스직,경기,서울외수도권,수도권,0,0,1,0,0,0,0,0,0,1,0,0,1,0,1,카페라떼,주스에이드,기본티,0,,,,,,,,,,,,,,,,,,,,0,,,,,,,,,,,,,,,,,,,,1,1.0,1.0,0.0,1.0,0.0,1.0,0.0,0.0,0.0,0.0,1.0,0.0,0.0,0.0,0.0,1.0,0.0,0.0,0.0,0,,,,,,,,,,,,,,,,,,,,1,1.0,0.0,0.0,1.0,0.0,1.0,0.0,0.0,0.0,0.0,0.0,0.0,0.0,0.0,0.0,0.0,0.0,0.0,0.0,0,,,,,,,,,,,,,,,,,,,
R1570,남,34,30대,30~34,전업주부,전업주부,세종,기타지역,비수도권,0,1,0,0,0,0,0,0,1,0,1,0,0,0,0,아메리카노,얼음갈린커피,달콤한티,0,,,,,,,,,,,,,,,,,,,,1,1.0,0.0,0.0,0.0,0.0,1.0,0.0,0.0,0.0,0.0,1.0,0.0,0.0,0.0,0.0,1.0,0.0,0.0,0.0,0,,,,,,,,,,,,,,,,,,,,0,,,,,,,,,,,,,,,,,,,,0,,,,,,,,,,,,,,,,,,,,1,1.0,0.0,0.0,0.0,0.0,0.0,1.0,0.0,0.0,0.0,0.0,0.0,0.0,0.0,0.0,0.0,0.0,0.0,0.0
R1571,여,59,50대,55~59,기타직업,기타,서울,서울,수도권,0,0,0,0,1,0,0,1,0,0,1,0,0,0,1,콜드브루,달콤한커피류,달콤한티,0,,,,,,,,,,,,,,,,,,,,1,1.0,0.0,0.0,1.0,1.0,1.0,0.0,0.0,0.0,1.0,0.0,0.0,0.0,0.0,0.0,1.0,0.0,0.0,0.0,0,,,,,,,,,,,,,,,,,,,,1,1.0,1.0,0.0,0.0,0.0,0.0,0.0,0.0,0.0,0.0,0.0,0.0,0.0,0.0,0.0,0.0,1.0,0.0,0.0,1,1.0,1.0,0.0,1.0,0.0,1.0,0.0,0.0,0.0,0.0,0.0,0.0,0.0,0.0,0.0,0.0,0.0,0.0,0.0,1,1.0,1.0,0.0,0.0,0.0,1.0,0.0,0.0,0.0,0.0,0.0,0.0,0.0,0.0,0.0,0.0,0.0,0.0,0.0
R1572,여,46,40대,45~49,직장인,사무/기술직,인천,서울외수도권,수도권,0,1,0,0,0,0,0,1,0,0,0,0,0,1,0,아메리카노,달콤한커피류,스무디쉐이크,1,1.0,1.0,0.0,0.0,0.0,0.0,1.0,0.0,0.0,0.0,0.0,0.0,0.0,0.0,0.0,0.0,0.0,0.0,0.0,0,,,,,,,,,,,,,,,,,,,,0,,,,,,,,,,,,,,,,,,,,1,1.0,0.0,0.0,0.0,0.0,0.0,1.0,0.0,0.0,1.0,0.0,0.0,0.0,0.0,0.0,0.0,0.0,0.0,0.0,0,,,,,,,,,,,,,,,,,,,,0,,,,,,,,,,,,,,,,,,,
R1573,남,43,40대,40~44,직장인,판매/영업 서비스직,서울,서울,수도권,1,1,0,0,0,0,1,0,0,0,0,0,0,0,1,아메리카노,드립핸드드립,주스에이드,0,,,,,,,,,,,,,,,,,,,,0,,,,,,,,,,,,,,,,,,,,0,,,,,,,,,,,,,,,,,,,,1,1.0,1.0,0.0,0.0,1.0,0.0,0.0,0.0,0.0,0.0,0.0,0.0,0.0,0.0,0.0,0.0,0.0,1.0,0.0,0,,,,,,,,,,,,,,,,,,,,0,,,,,,,,,,,,,,,,,,,
R1574,남,47,40대,45~49,대학(원)생,대학생,경기,서울외수도권,수도권,0,0,0,0,1,0,0,0,0,0,0,0,0,0,1,주스에이드,콜드브루,,0,,,,,,,,,,,,,,,,,,,,0,,,,,,,,,,,,,,,,,,,,1,1.0,1.0,0.0,0.0,0.0,0.0,0.0,0.0,0.0,0.0,1.0,0.0,0.0,0.0,1.0,0.0,0.0,0.0,0.0,1,1.0,1.0,0.0,0.0,0.0,0.0,0.0,0.0,0.0,0.0,1.0,0.0,0.0,0.0,0.0,0.0,0.0,0.0,0.0,1,1.0,1.0,1.0,0.0,0.0,1.0,0.0,0.0,0.0,1.0,0.0,0.0,0.0,0.0,0.0,1.0,0.0,0.0,0.0,0,,,,,,,,,,,,,,,,,,,
R1575,여,56,50대,55~59,직장인,사무/기술직,대전,5대광역시,비수도권,0,1,0,0,0,0,0,0,0,0,0,0,0,0,0,아메리카노,,,0,,,,,,,,,,,,,,,,,,,,1,1.0,1.0,0.0,1.0,1.0,0.0,0.0,0.0,0.0,1.0,0.0,0.0,0.0,0.0,0.0,0.0,0.0,0.0,0.0,1,1.0,0.0,0.0,0.0,0.0,0.0,1.0,0.0,0.0,1.0,0.0,0.0,1.0,0.0,0.0,1.0,0.0,0.0,0.0,1,1.0,1.0,0.0,0.0,0.0,1.0,0.0,0.0,0.0,0.0,0.0,0.0,0.0,0.0,0.0,0.0,0.0,0.0,0.0,1,1.0,0.0,0.0,0.0,0.0,0.0,0.0,1.0,1.0,0.0,0.0,0.0,0.0,0.0,0.0,0.0,0.0,0.0,0.0,0,,,,,,,,,,,,,,,,,,,
R1576,여,39,30대,35~39,직장인,자유/전문직,서울,서울,수도권,0,0,1,0,0,0,0,1,0,0,1,0,0,1,1,달콤한커피류,달콤한티,카페라떼,0,,,,,,,,,,,,,,,,,,,,1,1.0,0.0,0.0,0.0,0.0,0.0,0.0,0.0,0.0,0.0,0.0,0.0,0.0,0.0,0.0,0.0,0.0,0.0,0.0,0,,,,,,,,,,,,,,,,,,,,0,,,,,,,,,,,,,,,,,,,,1,1.0,1.0,0.0,0.0,0.0,0.0,0.0,0.0,0.0,0.0,0.0,0.0,0.0,0.0,0.0,0.0,0.0,0.0,0.0,0,,,,,,,,,,,,,,,,,,,
R1577,남,39,30대,35~39,직장인,자유/전문직,서울,서울,수도권,0,1,0,0,0,0,0,0,0,0,1,1,0,0,0,달콤한티,아메리카노,과일티에이드,0,,,,,,,,,,,,,,,,,,,,0,,,,,,,,,,,,,,,,,,,,0,,,,,,,,,,,,,,,,,,,,0,,,,,,,,,,,,,,,,,,,,0,,,,,,,,,,,,,,,,,,,,1,1.0,1.0,0.0,0.0,0.0,0.0,0.0,0.0,0.0,0.0,0.0,0.0,0.0,0.0,0.0,1.0,0.0,0.0,0.0
R1578,남,42,40대,40~44,직장인,판매/영업 서비스직,서울,서울,수도권,0,1,0,0,0,0,0,1,0,0,0,0,1,0,0,아메리카노,달콤한커피류,얼음갈린티,1,1.0,1.0,1.0,0.0,0.0,1.0,1.0,0.0,0.0,0.0,0.0,0.0,0.0,0.0,0.0,0.0,0.0,0.0,0.0,0,,,,,,,,,,,,,,,,,,,,0,,,,,,,,,,,,,,,,,,,,0,,,,,,,,,,,,,,,,,,,,1,1.0,0.0,0.0,0.0,0.0,0.0,0.0,0.0,0.0,0.0,1.0,1.0,0.0,0.0,0.0,0.0,0.0,0.0,0.0,1,1.0,0.0,0.0,1.0,0.0,0.0,0.0,0.0,0.0,1.0,0.0,1.0,0.0,0.0,0.0,0.0,0.0,0.0,0.0
R1579,남,49,40대,45~49,전업주부,전업주부,서울,서울,수도권,0,1,1,0,0,0,0,1,0,1,1,0,0,0,0,기본티,아메리카노,달콤한티,0,,,,,,,,,,,,,,,,,,,,0,,,,,,,,,,,,,,,,,,,,1,1.0,0.0,0.0,1.0,0.0,0.0,1.0,0.0,0.0,0.0,1.0,0.0,0.0,0.0,0.0,0.0,0.0,0.0,0.0,1,1.0,1.0,0.0,0.0,0.0,0.0,0.0,1.0,0.0,0.0,0.0,0.0,0.0,0.0,0.0,0.0,0.0,0.0,0.0,0,,,,,,,,,,,,,,,,,,,,0,,,,,,,,,,,,,,,,,,,
R1580,여,24,20대,20~24,직장인,사무/기술직,전남,기타지역,비수도권,0,0,0,0,1,0,0,1,0,1,0,0,1,1,0,얼음갈린티,기본티,달콤한커피류,0,,,,,,,,,,,,,,,,,,,,1,1.0,0.0,0.0,1.0,0.0,0.0,0.0,0.0,0.0,0.0,0.0,0.0,0.0,0.0,0.0,0.0,0.0,0.0,0.0,0,,,,,,,,,,,,,,,,,,,,0,,,,,,,,,,,,,,,,,,,,1,1.0,0.0,0.0,0.0,0.0,1.0,0.0,0.0,0.0,0.0,0.0,0.0,0.0,0.0,0.0,0.0,1.0,0.0,0.0,1,1.0,1.0,1.0,0.0,0.0,0.0,0.0,0.0,0.0,0.0,0.0,0.0,0.0,0.0,0.0,0.0,0.0,0.0,0.0
R1581,여,25,20대,25~29,직장인,자유/전문직,인천,서울외수도권,수도권,0,1,1,0,0,0,0,1,1,0,0,0,0,0,0,아메리카노,카페라떼,얼음갈린커피,0,,,,,,,,,,,,,,,,,,,,0,,,,,,,,,,,,,,,,,,,,1,1.0,1.0,0.0,0.0,0.0,1.0,0.0,0.0,0.0,1.0,0.0,0.0,0.0,0.0,0.0,0.0,0.0,0.0,0.0,0,,,,,,,,,,,,,,,,,,,,0,,,,,,,,,,,,,,,,,,,,1,1.0,1.0,0.0,0.0,0.0,1.0,0.0,0.0,0.0,0.0,0.0,0.0,0.0,0.0,0.0,0.0,0.0,0.0,0.0
R1582,여,50,50대,50~54,직장인,사무/기술직,충남,기타지역,비수도권,0,1,1,0,0,0,0,0,0,0,0,0,0,0,0,아메리카노,카페라떼,,0,,,,,,,,,,,,,,,,,,,,1,1.0,1.0,0.0,0.0,0.0,0.0,0.0,0.0,0.0,0.0,0.0,0.0,0.0,0.0,0.0,0.0,1.0,0.0,0.0,1,1.0,1.0,1.0,0.0,1.0,1.0,0.0,0.0,0.0,1.0,0.0,0.0,0.0,0.0,0.0,0.0,0.0,0.0,0.0,0,,,,,,,,,,,,,,,,,,,,0,,,,,,,,,,,,,,,,,,,,1,1.0,1.0,0.0,0.0,1.0,1.0,1.0,0.0,0.0,0.0,0.0,0.0,0.0,0.0,0.0,0.0,0.0,1.0,0.0
R1583,여,36,30대,35~39,직장인,경영/관리직,대전,5대광역시,비수도권,0,1,0,0,0,0,0,1,0,0,0,1,0,1,0,과일티에이드,아메리카노,달콤한커피류,0,,,,,,,,,,,,,,,,,,,,0,,,,,,,,,,,,,,,,,,,,1,1.0,1.0,0.0,0.0,0.0,0.0,1.0,0.0,1.0,0.0,0.0,1.0,0.0,0.0,0.0,0.0,0.0,0.0,0.0,0,,,,,,,,,,,,,,,,,,,,0,,,,,,,,,,,,,,,,,,,,0,,,,,,,,,,,,,,,,,,,
R1584,남,50,50대,50~54,직장인,사무/기술직,경북,기타지역,비수도권,0,0,1,0,0,0,0,1,0,0,0,0,0,0,0,달콤한커피류,카페라떼,,1,1.0,1.0,0.0,1.0,1.0,1.0,0.0,0.0,0.0,0.0,0.0,0.0,0.0,0.0,0.0,0.0,0.0,0.0,0.0,0,,,,,,,,,,,,,,,,,,,,1,1.0,1.0,0.0,0.0,0.0,0.0,0.0,0.0,0.0,0.0,1.0,0.0,1.0,0.0,1.0,0.0,0.0,0.0,0.0,1,1.0,1.0,0.0,0.0,0.0,0.0,0.0,1.0,0.0,1.0,0.0,0.0,0.0,0.0,0.0,0.0,0.0,0.0,0.0,0,,,,,,,,,,,,,,,,,,,,0,,,,,,,,,,,,,,,,,,,
R1585,남,27,20대,25~29,직장인,사무/기술직,울산,5대광역시,비수도권,0,1,0,1,1,0,0,0,0,0,1,0,1,0,0,얼음갈린티,콜드브루,달콤한티,0,,,,,,,,,,,,,,,,,,,,0,,,,,,,,,,,,,,,,,,,,1,1.0,1.0,1.0,1.0,1.0,0.0,0.0,0.0,1.0,0.0,0.0,0.0,0.0,0.0,0.0,0.0,0.0,0.0,0.0,1,1.0,0.0,1.0,0.0,0.0,0.0,0.0,0.0,0.0,0.0,0.0,0.0,0.0,0.0,0.0,1.0,0.0,0.0,0.0,0,,,,,,,,,,,,,,,,,,,,1,1.0,1.0,0.0,0.0,0.0,0.0,0.0,0.0,0.0,1.0,0.0,1.0,0.0,0.0,0.0,0.0,0.0,0.0,0.0
R1586,여,30,30대,30~34,직장인,경영/관리직,전남,기타지역,비수도권,0,1,0,0,1,0,0,0,0,0,1,1,0,0,1,과일티에이드,아메리카노,달콤한티,1,1.0,1.0,0.0,0.0,1.0,0.0,0.0,0.0,0.0,0.0,0.0,1.0,0.0,0.0,0.0,0.0,1.0,0.0,0.0,0,,,,,,,,,,,,,,,,,,,,1,1.0,0.0,0.0,0.0,1.0,0.0,0.0,0.0,0.0,0.0,0.0,0.0,0.0,0.0,0.0,0.0,0.0,0.0,0.0,0,,,,,,,,,,,,,,,,,,,,0,,,,,,,,,,,,,,,,,,,,1,1.0,1.0,0.0,0.0,0.0,1.0,0.0,0.0,0.0,1.0,0.0,1.0,0.0,0.0,0.0,0.0,0.0,0.0,0.0
R1587,남,20,20대,20~24,직장인,사무/기술직,경기,서울외수도권,수도권,0,1,0,0,0,0,0,0,0,0,0,0,0,0,1,아메리카노,주스에이드,,0,,,,,,,,,,,,,,,,,,,,1,1.0,0.0,0.0,0.0,0.0,0.0,1.0,0.0,0.0,0.0,0.0,0.0,0.0,0.0,0.0,0.0,0.0,0.0,0.0,1,1.0,1.0,0.0,1.0,1.0,0.0,1.0,0.0,0.0,1.0,1.0,0.0,0.0,0.0,0.0,0.0,0.0,0.0,0.0,0,,,,,,,,,,,,,,,,,,,,1,1.0,0.0,0.0,1.0,0.0,1.0,1.0,0.0,0.0,0.0,0.0,0.0,0.0,0.0,0.0,0.0,0.0,0.0,0.0,0,,,,,,,,,,,,,,,,,,,
R1588,여,26,20대,25~29,대학(원)생,대학생,서울,서울,수도권,0,1,1,0,0,0,0,1,0,0,0,1,0,1,0,스무디쉐이크,과일티에이드,아메리카노,0,,,,,,,,,,,,,,,,,,,,1,1.0,1.0,0.0,1.0,0.0,1.0,0.0,0.0,0.0,0.0,1.0,0.0,0.0,0.0,0.0,0.0,0.0,0.0,0.0,0,,,,,,,,,,,,,,,,,,,,0,,,,,,,,,,,,,,,,,,,,1,1.0,1.0,0.0,0.0,1.0,1.0,0.0,0.0,0.0,0.0,0.0,0.0,0.0,0.0,0.0,1.0,0.0,0.0,0.0,0,,,,,,,,,,,,,,,,,,,
R1589,여,27,20대,25~29,기타직업,무직,경기,서울외수도권,수도권,0,1,0,0,0,0,0,0,1,0,0,1,0,0,0,아메리카노,얼음갈린커피,과일티에이드,1,1.0,1.0,0.0,0.0,0.0,0.0,1.0,0.0,0.0,0.0,0.0,0.0,1.0,0.0,0.0,0.0,0.0,0.0,0.0,0,,,,,,,,,,,,,,,,,,,,0,,,,,,,,,,,,,,,,,,,,0,,,,,,,,,,,,,,,,,,,,0,,,,,,,,,,,,,,,,,,,,1,1.0,1.0,0.0,0.0,0.0,0.0,0.0,0.0,0.0,0.0,0.0,0.0,0.0,0.0,1.0,0.0,0.0,0.0,0.0
R1590,남,42,40대,40~44,직장인,사무/기술직,서울,서울,수도권,0,0,1,0,1,0,0,0,0,0,0,0,0,1,0,카페라떼,콜드브루,스무디쉐이크,1,1.0,1.0,0.0,0.0,0.0,1.0,0.0,0.0,0.0,0.0,0.0,0.0,0.0,0.0,0.0,0.0,0.0,0.0,0.0,1,1.0,1.0,0.0,1.0,1.0,1.0,0.0,0.0,0.0,0.0,0.0,0.0,0.0,0.0,0.0,0.0,0.0,0.0,0.0,1,1.0,0.0,0.0,0.0,1.0,1.0,0.0,1.0,0.0,0.0,1.0,1.0,0.0,0.0,0.0,0.0,0.0,0.0,0.0,0,,,,,,,,,,,,,,,,,,,,1,1.0,1.0,0.0,0.0,0.0,0.0,1.0,0.0,0.0,1.0,0.0,0.0,0.0,0.0,0.0,0.0,0.0,0.0,0.0,1,1.0,1.0,0.0,1.0,0.0,0.0,0.0,0.0,0.0,1.0,0.0,1.0,0.0,0.0,0.0,0.0,0.0,0.0,0.0
R1591,여,29,20대,25~29,전업주부,전업주부,서울,서울,수도권,0,0,0,0,1,0,0,0,1,0,0,0,0,0,1,콜드브루,주스에이드,얼음갈린커피,1,1.0,1.0,1.0,0.0,0.0,0.0,0.0,0.0,0.0,0.0,0.0,0.0,0.0,0.0,0.0,0.0,0.0,0.0,0.0,1,1.0,1.0,1.0,1.0,0.0,0.0,0.0,0.0,0.0,0.0,1.0,1.0,0.0,0.0,0.0,0.0,0.0,0.0,0.0,0,,,,,,,,,,,,,,,,,,,,0,,,,,,,,,,,,,,,,,,,,0,,,,,,,,,,,,,,,,,,,,0,,,,,,,,,,,,,,,,,,,
R1592,남,32,30대,30~34,직장인,사무/기술직,인천,서울외수도권,수도권,0,1,0,0,1,0,0,1,0,0,0,1,0,0,1,달콤한커피류,아메리카노,주스에이드,0,,,,,,,,,,,,,,,,,,,,0,,,,,,,,,,,,,,,,,,,,1,1.0,0.0,0.0,0.0,1.0,1.0,0.0,0.0,0.0,0.0,0.0,0.0,0.0,0.0,0.0,0.0,0.0,0.0,0.0,0,,,,,,,,,,,,,,,,,,,,0,,,,,,,,,,,,,,,,,,,,0,,,,,,,,,,,,,,,,,,,
R1593,남,51,50대,50~54,직장인,사무/기술직,충북,기타지역,비수도권,0,0,1,0,1,0,0,0,0,0,0,0,1,0,0,카페라떼,얼음갈린티,콜드브루,1,1.0,1.0,0.0,1.0,0.0,0.0,1.0,0.0,0.0,1.0,0.0,0.0,0.0,0.0,1.0,0.0,0.0,0.0,0.0,0,,,,,,,,,,,,,,,,,,,,1,1.0,1.0,0.0,0.0,0.0,0.0,0.0,0.0,0.0,0.0,0.0,0.0,0.0,0.0,0.0,0.0,0.0,0.0,0.0,1,1.0,1.0,0.0,0.0,0.0,0.0,0.0,0.0,0.0,0.0,0.0,0.0,0.0,0.0,0.0,0.0,1.0,0.0,0.0,0,,,,,,,,,,,,,,,,,,,,0,,,,,,,,,,,,,,,,,,,
R1594,남,43,40대,40~44,기타직업,기타,충북,기타지역,비수도권,0,1,0,0,0,1,0,1,0,0,0,0,0,0,0,달콤한커피류,아메리카노,콜드브루라떼,0,,,,,,,,,,,,,,,,,,,,1,1.0,0.0,1.0,1.0,1.0,0.0,0.0,0.0,0.0,1.0,0.0,1.0,0.0,0.0,0.0,0.0,0.0,0.0,0.0,0,,,,,,,,,,,,,,,,,,,,1,1.0,1.0,0.0,0.0,0.0,0.0,0.0,0.0,0.0,0.0,0.0,0.0,0.0,0.0,0.0,0.0,0.0,0.0,0.0,0,,,,,,,,,,,,,,,,,,,,0,,,,,,,,,,,,,,,,,,,
R1595,여,36,30대,35~39,직장인,기능/작업직,경기,서울외수도권,수도권,0,0,0,0,0,0,0,1,0,0,0,1,0,0,0,달콤한커피류,과일티에이드,,0,,,,,,,,,,,,,,,,,,,,0,,,,,,,,,,,,,,,,,,,,0,,,,,,,,,,,,,,,,,,,,0,,,,,,,,,,,,,,,,,,,,1,1.0,0.0,0.0,0.0,0.0,1.0,0.0,0.0,1.0,0.0,0.0,0.0,0.0,0.0,0.0,0.0,0.0,0.0,0.0,1,1.0,1.0,0.0,0.0,0.0,0.0,1.0,0.0,0.0,0.0,0.0,0.0,0.0,0.0,0.0,0.0,0.0,0.0,0.0
R1596,남,29,20대,25~29,직장인,농/임/어/축산업,서울,서울,수도권,0,1,0,0,0,0,0,0,0,1,0,0,0,0,0,기본티,아메리카노,,1,1.0,0.0,0.0,0.0,0.0,1.0,1.0,0.0,0.0,1.0,0.0,0.0,0.0,0.0,0.0,0.0,0.0,0.0,0.0,0,,,,,,,,,,,,,,,,,,,,0,,,,,,,,,,,,,,,,,,,,1,1.0,0.0,0.0,0.0,0.0,0.0,1.0,0.0,1.0,0.0,0.0,0.0,0.0,0.0,0.0,0.0,0.0,0.0,0.0,0,,,,,,,,,,,,,,,,,,,,0,,,,,,,,,,,,,,,,,,,
R1597,여,34,30대,30~34,직장인,경영/관리직,서울,서울,수도권,0,0,0,0,0,0,0,0,0,0,0,1,1,0,0,과일티에이드,얼음갈린티,,0,,,,,,,,,,,,,,,,,,,,1,1.0,1.0,0.0,0.0,0.0,1.0,1.0,0.0,0.0,0.0,0.0,0.0,0.0,0.0,0.0,0.0,0.0,0.0,0.0,1,1.0,1.0,0.0,0.0,0.0,0.0,1.0,0.0,0.0,0.0,0.0,0.0,0.0,0.0,0.0,1.0,0.0,0.0,0.0,0,,,,,,,,,,,,,,,,,,,,0,,,,,,,,,,,,,,,,,,,,1,1.0,1.0,1.0,0.0,0.0,0.0,0.0,0.0,0.0,0.0,0.0,0.0,0.0,0.0,0.0,0.0,0.0,0.0,0.0
R1598,남,25,20대,25~29,기타직업,기타,서울,서울,수도권,0,1,0,0,0,0,0,0,0,0,0,0,0,0,0,아메리카노,,,0,,,,,,,,,,,,,,,,,,,,0,,,,,,,,,,,,,,,,,,,,1,1.0,1.0,0.0,0.0,0.0,0.0,0.0,0.0,0.0,1.0,0.0,0.0,0.0,0.0,0.0,0.0,0.0,0.0,0.0,1,1.0,0.0,0.0,0.0,1.0,0.0,1.0,0.0,1.0,0.0,0.0,0.0,0.0,0.0,0.0,0.0,0.0,0.0,0.0,0,,,,,,,,,,,,,,,,,,,,1,1.0,1.0,0.0,0.0,0.0,0.0,0.0,0.0,0.0,0.0,0.0,0.0,0.0,0.0,0.0,0.0,0.0,0.0,0.0
R1599,남,36,30대,35~39,직장인,사무/기술직,경기,서울외수도권,수도권,1,1,0,1,0,0,0,0,0,0,0,0,0,1,1,아메리카노,스무디쉐이크,주스에이드,1,1.0,1.0,0.0,0.0,0.0,1.0,0.0,0.0,0.0,0.0,0.0,0.0,0.0,0.0,0.0,0.0,0.0,0.0,0.0,0,,,,,,,,,,,,,,,,,,,,1,1.0,1.0,0.0,0.0,0.0,0.0,0.0,0.0,0.0,0.0,0.0,0.0,0.0,0.0,0.0,0.0,0.0,0.0,0.0,0,,,,,,,,,,,,,,,,,,,,0,,,,,,,,,,,,,,,,,,,,0,,,,,,,,,,,,,,,,,,,
R1600,남,27,20대,25~29,대학(원)생,대학생,경기,서울외수도권,수도권,0,0,1,1,0,0,0,0,0,0,0,1,1,0,0,카페라떼,과일티에이드,얼음갈린티,0,,,,,,,,,,,,,,,,,,,,0,,,,,,,,,,,,,,,,,,,,0,,,,,,,,,,,,,,,,,,,,1,1.0,0.0,0.0,1.0,0.0,0.0,0.0,0.0,0.0,0.0,0.0,0.0,0.0,0.0,0.0,0.0,1.0,0.0,0.0,0,,,,,,,,,,,,,,,,,,,,0,,,,,,,,,,,,,,,,,,,
R1601,여,22,20대,20~24,직장인,기능/작업직,경북,기타지역,비수도권,0,1,0,0,1,0,0,1,0,0,1,0,0,0,0,달콤한티,아메리카노,달콤한커피류,1,1.0,1.0,0.0,0.0,1.0,1.0,0.0,0.0,0.0,0.0,0.0,0.0,0.0,0.0,0.0,0.0,0.0,0.0,0.0,0,,,,,,,,,,,,,,,,,,,,0,,,,,,,,,,,,,,,,,,,,0,,,,,,,,,,,,,,,,,,,,0,,,,,,,,,,,,,,,,,,,,0,,,,,,,,,,,,,,,,,,,
R1602,남,26,20대,25~29,대학(원)생,대학생,부산,5대광역시,비수도권,0,0,0,1,0,0,0,0,1,0,0,0,0,0,1,카푸치노,얼음갈린커피,주스에이드,0,,,,,,,,,,,,,,,,,,,,0,,,,,,,,,,,,,,,,,,,,0,,,,,,,,,,,,,,,,,,,,0,,,,,,,,,,,,,,,,,,,,0,,,,,,,,,,,,,,,,,,,,1,1.0,1.0,0.0,0.0,0.0,0.0,0.0,0.0,0.0,0.0,0.0,0.0,0.0,0.0,0.0,0.0,0.0,0.0,0.0
R1603,남,31,30대,30~34,직장인,자영업,강원,기타지역,비수도권,0,1,0,0,0,0,0,1,0,1,0,1,0,0,1,과일티에이드,아메리카노,달콤한커피류,0,,,,,,,,,,,,,,,,,,,,1,1.0,1.0,0.0,0.0,0.0,0.0,0.0,0.0,0.0,0.0,0.0,0.0,0.0,0.0,0.0,0.0,0.0,0.0,0.0,1,1.0,0.0,0.0,0.0,1.0,0.0,1.0,0.0,0.0,0.0,0.0,0.0,0.0,0.0,0.0,0.0,0.0,0.0,0.0,0,,,,,,,,,,,,,,,,,,,,0,,,,,,,,,,,,,,,,,,,,0,,,,,,,,,,,,,,,,,,,
R1604,여,22,20대,20~24,직장인,사무/기술직,경남,기타지역,비수도권,0,1,0,0,0,0,0,1,0,0,0,0,1,0,0,아메리카노,달콤한커피류,얼음갈린티,1,1.0,0.0,0.0,0.0,0.0,1.0,1.0,0.0,0.0,0.0,0.0,1.0,0.0,0.0,0.0,0.0,0.0,0.0,0.0,1,1.0,1.0,0.0,0.0,0.0,1.0,1.0,0.0,0.0,0.0,0.0,1.0,0.0,0.0,0.0,0.0,1.0,0.0,0.0,0,,,,,,,,,,,,,,,,,,,,1,1.0,1.0,0.0,0.0,0.0,0.0,0.0,0.0,0.0,1.0,0.0,0.0,0.0,0.0,0.0,0.0,0.0,0.0,0.0,0,,,,,,,,,,,,,,,,,,,,1,1.0,1.0,1.0,1.0,0.0,0.0,0.0,0.0,0.0,0.0,0.0,0.0,0.0,0.0,1.0,0.0,0.0,0.0,0.0
R1605,여,20,20대,20~24,직장인,사무/기술직,경남,기타지역,비수도권,1,0,1,1,0,0,0,0,1,0,0,0,0,1,0,카페라떼,스무디쉐이크,카푸치노,1,1.0,1.0,0.0,0.0,0.0,0.0,0.0,0.0,0.0,1.0,0.0,0.0,0.0,0.0,0.0,0.0,0.0,0.0,0.0,1,1.0,1.0,0.0,1.0,1.0,0.0,1.0,0.0,0.0,0.0,0.0,0.0,0.0,0.0,0.0,0.0,0.0,0.0,0.0,0,,,,,,,,,,,,,,,,,,,,1,1.0,0.0,0.0,0.0,0.0,0.0,0.0,1.0,0.0,0.0,0.0,0.0,0.0,0.0,0.0,0.0,0.0,0.0,0.0,0,,,,,,,,,,,,,,,,,,,,0,,,,,,,,,,,,,,,,,,,
R1606,남,59,50대,55~59,대학(원)생,대학생,충북,기타지역,비수도권,0,1,0,0,0,0,0,0,0,1,0,1,1,0,0,아메리카노,과일티에이드,얼음갈린티,0,,,,,,,,,,,,,,,,,,,,0,,,,,,,,,,,,,,,,,,,,0,,,,,,,,,,,,,,,,,,,,1,1.0,0.0,0.0,0.0,0.0,0.0,1.0,0.0,0.0,0.0,0.0,0.0,0.0,0.0,0.0,1.0,0.0,0.0,0.0,1,1.0,0.0,0.0,1.0,1.0,0.0,0.0,0.0,0.0,1.0,0.0,1.0,0.0,0.0,0.0,1.0,0.0,0.0,0.0,0,,,,,,,,,,,,,,,,,,,
R1607,여,26,20대,25~29,직장인,사무/기술직,세종,기타지역,비수도권,0,1,1,0,1,0,0,1,0,0,1,1,0,0,0,아메리카노,달콤한커피류,카페라떼,0,,,,,,,,,,,,,,,,,,,,1,1.0,1.0,0.0,0.0,0.0,0.0,1.0,0.0,0.0,0.0,0.0,0.0,0.0,0.0,0.0,0.0,0.0,0.0,0.0,0,,,,,,,,,,,,,,,,,,,,0,,,,,,,,,,,,,,,,,,,,0,,,,,,,,,,,,,,,,,,,,0,,,,,,,,,,,,,,,,,,,
R1608,남,28,20대,25~29,직장인,기능/작업직,경기,서울외수도권,수도권,0,0,1,0,0,0,0,0,0,0,0,0,1,0,1,얼음갈린티,카페라떼,주스에이드,1,1.0,1.0,0.0,0.0,0.0,0.0,0.0,0.0,1.0,0.0,1.0,0.0,0.0,0.0,0.0,0.0,0.0,0.0,0.0,0,,,,,,,,,,,,,,,,,,,,0,,,,,,,,,,,,,,,,,,,,0,,,,,,,,,,,,,,,,,,,,0,,,,,,,,,,,,,,,,,,,,1,1.0,1.0,0.0,0.0,0.0,0.0,0.0,0.0,0.0,0.0,0.0,1.0,0.0,0.0,0.0,0.0,0.0,0.0,0.0
R1609,남,27,20대,25~29,대학(원)생,대학원생,서울,서울,수도권,0,1,0,0,0,0,0,0,1,0,0,0,0,1,0,아메리카노,스무디쉐이크,얼음갈린커피,0,,,,,,,,,,,,,,,,,,,,1,1.0,1.0,0.0,0.0,0.0,0.0,0.0,0.0,0.0,0.0,1.0,0.0,0.0,0.0,0.0,0.0,0.0,0.0,0.0,0,,,,,,,,,,,,,,,,,,,,1,1.0,0.0,1.0,0.0,0.0,0.0,1.0,1.0,0.0,0.0,1.0,0.0,0.0,0.0,1.0,0.0,0.0,0.0,0.0,1,1.0,1.0,0.0,0.0,0.0,1.0,1.0,0.0,0.0,0.0,0.0,0.0,0.0,0.0,1.0,1.0,0.0,0.0,0.0,1,1.0,1.0,0.0,0.0,0.0,0.0,0.0,0.0,0.0,0.0,1.0,1.0,0.0,0.0,0.0,0.0,1.0,0.0,0.0
R1610,남,49,40대,45~49,직장인,사무/기술직,서울,서울,수도권,0,1,0,0,0,1,1,0,0,0,0,0,0,1,0,아메리카노,스무디쉐이크,드립핸드드립,1,1.0,0.0,1.0,0.0,0.0,0.0,0.0,0.0,0.0,0.0,0.0,0.0,0.0,0.0,0.0,0.0,0.0,0.0,0.0,0,,,,,,,,,,,,,,,,,,,,0,,,,,,,,,,,,,,,,,,,,0,,,,,,,,,,,,,,,,,,,,1,1.0,1.0,0.0,0.0,0.0,0.0,1.0,0.0,0.0,0.0,0.0,0.0,0.0,0.0,0.0,0.0,0.0,0.0,0.0,0,,,,,,,,,,,,,,,,,,,
R1611,여,43,40대,40~44,직장인,사무/기술직,부산,5대광역시,비수도권,0,1,0,0,1,0,0,0,1,0,0,0,0,1,1,아메리카노,주스에이드,얼음갈린커피,1,1.0,1.0,0.0,1.0,1.0,0.0,1.0,1.0,0.0,0.0,0.0,0.0,0.0,0.0,0.0,0.0,0.0,1.0,0.0,0,,,,,,,,,,,,,,,,,,,,0,,,,,,,,,,,,,,,,,,,,0,,,,,,,,,,,,,,,,,,,,1,1.0,1.0,0.0,0.0,0.0,0.0,0.0,0.0,0.0,0.0,0.0,0.0,0.0,0.0,0.0,0.0,0.0,0.0,0.0,0,,,,,,,,,,,,,,,,,,,
R1612,여,52,50대,50~54,기타직업,기타,부산,5대광역시,비수도권,0,0,1,0,0,0,0,1,0,0,0,0,0,0,0,달콤한커피류,카페라떼,,1,1.0,1.0,0.0,1.0,0.0,0.0,0.0,0.0,0.0,0.0,1.0,0.0,0.0,0.0,0.0,0.0,0.0,0.0,0.0,0,,,,,,,,,,,,,,,,,,,,0,,,,,,,,,,,,,,,,,,,,0,,,,,,,,,,,,,,,,,,,,0,,,,,,,,,,,,,,,,,,,,0,,,,,,,,,,,,,,,,,,,
R1613,여,25,20대,25~29,직장인,사무/기술직,서울,서울,수도권,0,0,0,0,0,0,0,1,0,0,0,0,0,0,0,달콤한커피류,,,0,,,,,,,,,,,,,,,,,,,,0,,,,,,,,,,,,,,,,,,,,1,1.0,0.0,0.0,0.0,1.0,0.0,0.0,0.0,0.0,0.0,0.0,1.0,0.0,0.0,0.0,0.0,0.0,0.0,0.0,0,,,,,,,,,,,,,,,,,,,,0,,,,,,,,,,,,,,,,,,,,1,1.0,1.0,0.0,0.0,0.0,0.0,0.0,0.0,0.0,0.0,0.0,0.0,0.0,0.0,0.0,0.0,0.0,0.0,0.0
R1614,여,40,40대,40~44,직장인,자영업,서울,서울,수도권,0,1,1,0,0,0,0,0,0,0,0,0,0,0,0,카페라떼,아메리카노,,0,,,,,,,,,,,,,,,,,,,,0,,,,,,,,,,,,,,,,,,,,0,,,,,,,,,,,,,,,,,,,,0,,,,,,,,,,,,,,,,,,,,0,,,,,,,,,,,,,,,,,,,,0,,,,,,,,,,,,,,,,,,,
R1615,여,25,20대,25~29,직장인,사무/기술직,경기,서울외수도권,수도권,0,0,1,0,0,0,0,0,0,1,0,1,0,0,1,기본티,카페라떼,과일티에이드,0,,,,,,,,,,,,,,,,,,,,0,,,,,,,,,,,,,,,,,,,,0,,,,,,,,,,,,,,,,,,,,1,1.0,1.0,1.0,0.0,0.0,0.0,0.0,1.0,0.0,0.0,0.0,0.0,0.0,0.0,1.0,1.0,0.0,0.0,0.0,1,1.0,0.0,0.0,0.0,0.0,0.0,1.0,1.0,0.0,0.0,0.0,0.0,0.0,0.0,0.0,0.0,1.0,0.0,0.0,0,,,,,,,,,,,,,,,,,,,
R1616,남,26,20대,25~29,대학(원)생,대학생,대전,5대광역시,비수도권,0,1,0,0,1,0,0,0,0,0,0,1,0,1,1,주스에이드,콜드브루,아메리카노,0,,,,,,,,,,,,,,,,,,,,0,,,,,,,,,,,,,,,,,,,,1,1.0,1.0,0.0,0.0,0.0,1.0,0.0,0.0,1.0,1.0,1.0,0.0,0.0,1.0,0.0,0.0,0.0,0.0,0.0,1,1.0,1.0,0.0,0.0,0.0,0.0,0.0,0.0,0.0,0.0,0.0,0.0,0.0,0.0,0.0,0.0,0.0,0.0,0.0,0,,,,,,,,,,,,,,,,,,,,0,,,,,,,,,,,,,,,,,,,
R1617,남,38,30대,35~39,대학(원)생,대학생,서울,서울,수도권,0,1,0,0,0,0,0,0,1,0,0,0,1,0,0,아메리카노,얼음갈린커피,얼음갈린티,1,1.0,1.0,0.0,0.0,1.0,0.0,0.0,0.0,0.0,0.0,1.0,0.0,0.0,0.0,0.0,0.0,0.0,0.0,0.0,0,,,,,,,,,,,,,,,,,,,,0,,,,,,,,,,,,,,,,,,,,1,1.0,0.0,0.0,0.0,0.0,0.0,0.0,0.0,0.0,0.0,0.0,1.0,0.0,0.0,0.0,0.0,0.0,0.0,0.0,1,1.0,0.0,0.0,0.0,0.0,1.0,0.0,1.0,0.0,0.0,0.0,0.0,0.0,0.0,0.0,0.0,0.0,0.0,0.0,0,,,,,,,,,,,,,,,,,,,
R1618,남,45,40대,45~49,직장인,자유/전문직,경북,기타지역,비수도권,0,1,0,0,0,0,0,0,0,0,1,0,0,0,0,아메리카노,달콤한티,,0,,,,,,,,,,,,,,,,,,,,1,1.0,0.0,0.0,0.0,0.0,0.0,0.0,0.0,0.0,1.0,0.0,0.0,0.0,0.0,0.0,1.0,0.0,0.0,0.0,0,,,,,,,,,,,,,,,,,,,,1,1.0,0.0,0.0,0.0,0.0,1.0,0.0,0.0,0.0,0.0,0.0,0.0,0.0,0.0,0.0,1.0,1.0,0.0,0.0,0,,,,,,,,,,,,,,,,,,,,0,,,,,,,,,,,,,,,,,,,
R1619,남,35,30대,35~39,직장인,사무/기술직,경기,서울외수도권,수도권,0,0,0,0,0,0,0,1,0,0,0,0,0,0,0,달콤한커피류,,,1,1.0,1.0,1.0,0.0,0.0,0.0,0.0,0.0,1.0,0.0,0.0,0.0,0.0,0.0,0.0,0.0,0.0,0.0,0.0,1,1.0,1.0,0.0,1.0,1.0,0.0,0.0,0.0,0.0,0.0,0.0,0.0,0.0,0.0,0.0,0.0,0.0,0.0,0.0,1,1.0,1.0,0.0,0.0,0.0,0.0,0.0,0.0,0.0,1.0,1.0,0.0,0.0,0.0,0.0,0.0,0.0,1.0,0.0,0,,,,,,,,,,,,,,,,,,,,0,,,,,,,,,,,,,,,,,,,,0,,,,,,,,,,,,,,,,,,,
R1620,남,31,30대,30~34,직장인,자유/전문직,제주,기타지역,비수도권,0,1,0,0,0,0,0,0,0,0,0,0,0,0,0,아메리카노,,,0,,,,,,,,,,,,,,,,,,,,0,,,,,,,,,,,,,,,,,,,,0,,,,,,,,,,,,,,,,,,,,0,,,,,,,,,,,,,,,,,,,,0,,,,,,,,,,,,,,,,,,,,1,1.0,0.0,1.0,0.0,1.0,0.0,0.0,0.0,0.0,1.0,1.0,1.0,0.0,0.0,0.0,0.0,0.0,0.0,0.0
R1621,남,55,50대,55~59,기타직업,기타,세종,기타지역,비수도권,0,1,1,0,0,0,0,1,0,0,0,0,0,0,0,달콤한커피류,카페라떼,아메리카노,1,1.0,0.0,0.0,1.0,0.0,0.0,0.0,0.0,0.0,0.0,0.0,0.0,0.0,0.0,0.0,0.0,0.0,0.0,0.0,1,1.0,0.0,0.0,0.0,0.0,0.0,1.0,0.0,0.0,1.0,0.0,0.0,0.0,0.0,0.0,0.0,1.0,0.0,0.0,0,,,,,,,,,,,,,,,,,,,,0,,,,,,,,,,,,,,,,,,,,0,,,,,,,,,,,,,,,,,,,,1,1.0,1.0,0.0,0.0,1.0,0.0,0.0,0.0,0.0,0.0,0.0,0.0,0.0,0.0,0.0,0.0,0.0,0.0,0.0
R1622,여,41,40대,40~44,직장인,판매/영업 서비스직,인천,서울외수도권,수도권,0,1,1,0,0,1,0,1,0,0,0,1,0,0,1,아메리카노,주스에이드,달콤한커피류,0,,,,,,,,,,,,,,,,,,,,0,,,,,,,,,,,,,,,,,,,,1,1.0,1.0,0.0,0.0,0.0,0.0,1.0,0.0,0.0,0.0,0.0,0.0,0.0,0.0,0.0,0.0,0.0,0.0,0.0,0,,,,,,,,,,,,,,,,,,,,1,1.0,1.0,1.0,0.0,0.0,0.0,0.0,0.0,0.0,1.0,0.0,1.0,0.0,0.0,0.0,0.0,0.0,0.0,0.0,1,1.0,1.0,0.0,0.0,0.0,0.0,0.0,0.0,1.0,0.0,0.0,0.0,0.0,0.0,0.0,0.0,0.0,0.0,0.0
R1623,여,38,30대,35~39,대학(원)생,대학생,부산,5대광역시,비수도권,0,0,1,0,0,0,0,1,0,0,0,0,0,0,0,달콤한커피류,카페라떼,,0,,,,,,,,,,,,,,,,,,,,1,1.0,0.0,0.0,0.0,1.0,0.0,0.0,0.0,0.0,1.0,0.0,0.0,0.0,0.0,0.0,1.0,0.0,0.0,0.0,0,,,,,,,,,,,,,,,,,,,,0,,,,,,,,,,,,,,,,,,,,0,,,,,,,,,,,,,,,,,,,,0,,,,,,,,,,,,,,,,,,,
R1624,여,28,20대,25~29,기타직업,자유/전문직,충남,기타지역,비수도권,0,1,0,0,0,0,0,0,0,0,0,0,0,0,0,아메리카노,,,0,,,,,,,,,,,,,,,,,,,,1,1.0,1.0,0.0,0.0,0.0,1.0,1.0,0.0,0.0,1.0,0.0,0.0,0.0,1.0,0.0,0.0,0.0,0.0,0.0,1,1.0,0.0,0.0,0.0,1.0,0.0,1.0,0.0,0.0,0.0,0.0,0.0,1.0,0.0,0.0,1.0,0.0,0.0,0.0,1,1.0,1.0,0.0,0.0,0.0,1.0,1.0,0.0,0.0,0.0,0.0,0.0,0.0,0.0,0.0,0.0,0.0,0.0,0.0,0,,,,,,,,,,,,,,,,,,,,1,1.0,1.0,0.0,0.0,0.0,1.0,0.0,0.0,0.0,0.0,0.0,0.0,0.0,0.0,0.0,0.0,0.0,0.0,0.0
R1625,여,49,40대,45~49,직장인,자영업,경기,서울외수도권,수도권,0,1,1,0,0,0,0,1,0,0,0,1,0,1,1,카페라떼,스무디쉐이크,아메리카노,0,,,,,,,,,,,,,,,,,,,,1,1.0,1.0,1.0,0.0,1.0,0.0,0.0,0.0,0.0,0.0,0.0,0.0,1.0,0.0,0.0,0.0,0.0,0.0,0.0,1,1.0,1.0,0.0,0.0,1.0,0.0,0.0,0.0,0.0,0.0,1.0,0.0,0.0,0.0,0.0,0.0,0.0,0.0,0.0,1,1.0,1.0,0.0,0.0,0.0,0.0,1.0,0.0,0.0,1.0,0.0,0.0,0.0,0.0,0.0,0.0,0.0,0.0,0.0,0,,,,,,,,,,,,,,,,,,,,0,,,,,,,,,,,,,,,,,,,
R1626,여,44,40대,40~44,직장인,자유/전문직,서울,서울,수도권,0,1,0,0,1,0,1,1,0,1,0,0,1,0,1,콜드브루,아메리카노,주스에이드,1,1.0,1.0,0.0,0.0,0.0,0.0,1.0,0.0,0.0,0.0,0.0,0.0,0.0,0.0,0.0,0.0,0.0,0.0,0.0,0,,,,,,,,,,,,,,,,,,,,1,1.0,0.0,0.0,1.0,0.0,0.0,0.0,0.0,1.0,0.0,0.0,0.0,0.0,0.0,0.0,0.0,0.0,0.0,0.0,1,1.0,1.0,0.0,0.0,0.0,0.0,0.0,0.0,0.0,0.0,0.0,1.0,0.0,0.0,0.0,1.0,0.0,0.0,0.0,1,1.0,1.0,0.0,0.0,0.0,0.0,0.0,0.0,0.0,0.0,0.0,0.0,0.0,0.0,0.0,0.0,1.0,0.0,0.0,1,1.0,1.0,1.0,0.0,0.0,0.0,0.0,1.0,0.0,0.0,0.0,1.0,0.0,0.0,0.0,0.0,0.0,0.0,0.0
R1627,여,38,30대,35~39,청소년,고등학생,충북,기타지역,비수도권,0,0,0,0,0,0,0,0,0,0,0,1,0,0,0,과일티에이드,,,1,1.0,1.0,0.0,0.0,0.0,1.0,0.0,0.0,0.0,0.0,0.0,0.0,0.0,0.0,0.0,0.0,0.0,0.0,0.0,0,,,,,,,,,,,,,,,,,,,,0,,,,,,,,,,,,,,,,,,,,1,1.0,0.0,0.0,0.0,0.0,0.0,0.0,0.0,0.0,0.0,0.0,0.0,0.0,0.0,0.0,0.0,0.0,0.0,0.0,1,1.0,1.0,0.0,0.0,0.0,1.0,0.0,0.0,1.0,0.0,0.0,0.0,0.0,0.0,0.0,0.0,0.0,0.0,0.0,0,,,,,,,,,,,,,,,,,,,
R1628,여,51,50대,50~54,기타직업,기타,광주,5대광역시,비수도권,0,1,1,0,0,0,0,0,0,0,1,0,0,1,0,카페라떼,스무디쉐이크,아메리카노,1,1.0,0.0,0.0,1.0,0.0,0.0,0.0,0.0,0.0,0.0,0.0,0.0,0.0,0.0,0.0,0.0,1.0,0.0,0.0,1,1.0,1.0,0.0,0.0,0.0,1.0,1.0,0.0,0.0,0.0,0.0,0.0,0.0,0.0,0.0,0.0,0.0,0.0,0.0,0,,,,,,,,,,,,,,,,,,,,1,1.0,1.0,0.0,0.0,0.0,0.0,0.0,0.0,0.0,1.0,0.0,0.0,0.0,0.0,0.0,0.0,0.0,0.0,0.0,0,,,,,,,,,,,,,,,,,,,,1,1.0,0.0,0.0,0.0,0.0,0.0,0.0,0.0,0.0,0.0,0.0,0.0,0.0,0.0,0.0,0.0,1.0,0.0,0.0
R1629,남,47,40대,45~49,대학(원)생,대학생,광주,5대광역시,비수도권,0,1,0,0,0,0,0,0,0,0,0,1,0,0,1,아메리카노,주스에이드,과일티에이드,0,,,,,,,,,,,,,,,,,,,,1,1.0,0.0,0.0,0.0,0.0,0.0,0.0,0.0,0.0,0.0,0.0,0.0,0.0,0.0,0.0,0.0,0.0,1.0,0.0,0,,,,,,,,,,,,,,,,,,,,1,1.0,0.0,1.0,0.0,0.0,1.0,0.0,0.0,0.0,0.0,0.0,1.0,0.0,0.0,0.0,0.0,0.0,0.0,0.0,1,1.0,0.0,0.0,0.0,1.0,0.0,0.0,0.0,0.0,0.0,0.0,0.0,0.0,0.0,0.0,0.0,0.0,0.0,0.0,0,,,,,,,,,,,,,,,,,,,
R1630,남,55,50대,55~59,직장인,사무/기술직,서울,서울,수도권,0,0,0,0,1,0,0,0,0,1,0,0,0,0,0,기본티,콜드브루,,1,1.0,1.0,0.0,0.0,0.0,0.0,0.0,0.0,0.0,0.0,0.0,0.0,0.0,0.0,0.0,0.0,0.0,0.0,0.0,1,1.0,1.0,0.0,0.0,0.0,0.0,1.0,0.0,0.0,0.0,0.0,0.0,0.0,0.0,0.0,0.0,0.0,1.0,0.0,0,,,,,,,,,,,,,,,,,,,,0,,,,,,,,,,,,,,,,,,,,0,,,,,,,,,,,,,,,,,,,,1,1.0,1.0,0.0,0.0,1.0,1.0,0.0,1.0,1.0,1.0,0.0,1.0,0.0,0.0,0.0,0.0,0.0,0.0,0.0
R1631,여,48,40대,45~49,기타직업,판매/영업 서비스직,울산,5대광역시,비수도권,0,0,1,0,0,0,0,0,0,0,0,0,0,0,1,카페라떼,주스에이드,,0,,,,,,,,,,,,,,,,,,,,0,,,,,,,,,,,,,,,,,,,,1,1.0,1.0,0.0,1.0,0.0,0.0,0.0,0.0,0.0,0.0,0.0,0.0,0.0,0.0,0.0,0.0,0.0,0.0,0.0,1,1.0,1.0,1.0,0.0,0.0,1.0,0.0,0.0,1.0,0.0,0.0,0.0,0.0,0.0,0.0,0.0,0.0,0.0,0.0,0,,,,,,,,,,,,,,,,,,,,0,,,,,,,,,,,,,,,,,,,
R1632,여,45,40대,45~49,직장인,사무/기술직,서울,서울,수도권,0,1,0,0,0,1,0,0,0,1,0,1,0,0,0,아메리카노,과일티에이드,콜드브루라떼,1,1.0,1.0,0.0,0.0,0.0,0.0,0.0,0.0,0.0,1.0,0.0,0.0,0.0,0.0,0.0,0.0,0.0,0.0,0.0,0,,,,,,,,,,,,,,,,,,,,0,,,,,,,,,,,,,,,,,,,,0,,,,,,,,,,,,,,,,,,,,0,,,,,,,,,,,,,,,,,,,,1,1.0,1.0,1.0,0.0,1.0,0.0,0.0,0.0,0.0,0.0,0.0,0.0,0.0,0.0,0.0,0.0,0.0,0.0,0.0
R1633,남,43,40대,40~44,기타직업,기타,경기,서울외수도권,수도권,0,0,0,0,0,0,0,0,0,0,1,0,0,1,1,달콤한티,스무디쉐이크,주스에이드,1,1.0,1.0,0.0,0.0,0.0,0.0,0.0,0.0,0.0,1.0,0.0,0.0,0.0,0.0,0.0,0.0,0.0,0.0,0.0,0,,,,,,,,,,,,,,,,,,,,1,1.0,1.0,0.0,0.0,0.0,1.0,1.0,0.0,0.0,0.0,0.0,0.0,0.0,0.0,0.0,1.0,1.0,0.0,0.0,0,,,,,,,,,,,,,,,,,,,,1,1.0,0.0,0.0,0.0,0.0,1.0,0.0,0.0,0.0,1.0,0.0,0.0,0.0,0.0,0.0,0.0,0.0,0.0,0.0,0,,,,,,,,,,,,,,,,,,,
R1634,남,52,50대,50~54,직장인,사무/기술직,서울,서울,수도권,1,0,1,0,0,0,0,0,1,1,0,0,0,0,0,카페라떼,기본티,에스프레소,1,1.0,1.0,0.0,0.0,1.0,0.0,0.0,0.0,0.0,0.0,0.0,1.0,0.0,0.0,0.0,0.0,0.0,0.0,0.0,1,1.0,1.0,0.0,1.0,1.0,1.0,0.0,0.0,0.0,1.0,0.0,0.0,0.0,0.0,0.0,0.0,0.0,1.0,0.0,0,,,,,,,,,,,,,,,,,,,,0,,,,,,,,,,,,,,,,,,,,0,,,,,,,,,,,,,,,,,,,,1,1.0,1.0,0.0,0.0,0.0,0.0,0.0,0.0,0.0,0.0,0.0,0.0,0.0,1.0,0.0,0.0,0.0,0.0,0.0
R1635,남,24,20대,20~24,직장인,자유/전문직,서울,서울,수도권,0,1,0,0,0,0,0,0,0,0,0,1,1,0,0,아메리카노,얼음갈린티,과일티에이드,0,,,,,,,,,,,,,,,,,,,,0,,,,,,,,,,,,,,,,,,,,1,1.0,0.0,0.0,0.0,0.0,0.0,0.0,0.0,0.0,0.0,0.0,0.0,0.0,0.0,0.0,0.0,0.0,0.0,0.0,0,,,,,,,,,,,,,,,,,,,,0,,,,,,,,,,,,,,,,,,,,0,,,,,,,,,,,,,,,,,,,
R1636,남,51,50대,50~54,기타직업,기타,경기,서울외수도권,수도권,0,1,1,0,0,0,0,0,1,1,0,0,0,1,0,스무디쉐이크,아메리카노,카페라떼,1,1.0,1.0,1.0,1.0,0.0,0.0,0.0,0.0,0.0,0.0,0.0,0.0,0.0,0.0,0.0,0.0,0.0,0.0,0.0,0,,,,,,,,,,,,,,,,,,,,1,1.0,1.0,1.0,1.0,0.0,0.0,0.0,0.0,0.0,0.0,0.0,0.0,0.0,0.0,0.0,0.0,1.0,0.0,0.0,1,1.0,0.0,0.0,0.0,0.0,0.0,0.0,0.0,0.0,0.0,0.0,1.0,0.0,0.0,0.0,0.0,0.0,0.0,0.0,0,,,,,,,,,,,,,,,,,,,,0,,,,,,,,,,,,,,,,,,,
R1637,남,33,30대,30~34,기타직업,무직,경기,서울외수도권,수도권,0,0,0,0,0,0,0,0,0,0,1,0,1,0,0,얼음갈린티,달콤한티,,0,,,,,,,,,,,,,,,,,,,,1,1.0,1.0,0.0,0.0,1.0,1.0,1.0,0.0,0.0,0.0,0.0,0.0,0.0,0.0,0.0,0.0,0.0,0.0,0.0,1,1.0,0.0,0.0,0.0,0.0,1.0,1.0,0.0,0.0,0.0,0.0,0.0,0.0,0.0,0.0,0.0,0.0,0.0,0.0,0,,,,,,,,,,,,,,,,,,,,0,,,,,,,,,,,,,,,,,,,,1,1.0,1.0,0.0,0.0,0.0,0.0,1.0,0.0,0.0,0.0,0.0,0.0,0.0,0.0,0.0,0.0,0.0,0.0,0.0
R1638,여,54,50대,50~54,직장인,경영/관리직,서울,서울,수도권,1,0,0,0,0,0,0,1,0,0,1,0,0,1,1,달콤한커피류,주스에이드,스무디쉐이크,0,,,,,,,,,,,,,,,,,,,,0,,,,,,,,,,,,,,,,,,,,1,1.0,1.0,0.0,0.0,0.0,0.0,0.0,0.0,0.0,1.0,0.0,1.0,0.0,0.0,0.0,1.0,0.0,0.0,0.0,1,1.0,1.0,1.0,0.0,0.0,1.0,0.0,0.0,1.0,0.0,1.0,0.0,0.0,0.0,0.0,0.0,0.0,0.0,0.0,1,1.0,1.0,0.0,1.0,0.0,0.0,0.0,0.0,1.0,0.0,0.0,0.0,0.0,0.0,0.0,0.0,0.0,0.0,0.0,0,,,,,,,,,,,,,,,,,,,
R1639,여,59,50대,55~59,직장인,자영업,부산,5대광역시,비수도권,0,0,1,0,0,0,0,1,0,0,1,0,0,1,0,달콤한티,카페라떼,달콤한커피류,0,,,,,,,,,,,,,,,,,,,,0,,,,,,,,,,,,,,,,,,,,0,,,,,,,,,,,,,,,,,,,,0,,,,,,,,,,,,,,,,,,,,0,,,,,,,,,,,,,,,,,,,,0,,,,,,,,,,,,,,,,,,,
R1640,남,37,30대,35~39,직장인,사무/기술직,서울,서울,수도권,0,1,0,0,0,1,0,0,0,0,0,0,0,0,1,아메리카노,주스에이드,콜드브루라떼,0,,,,,,,,,,,,,,,,,,,,0,,,,,,,,,,,,,,,,,,,,1,1.0,1.0,0.0,0.0,0.0,1.0,0.0,0.0,0.0,0.0,0.0,0.0,0.0,0.0,1.0,0.0,1.0,0.0,0.0,0,,,,,,,,,,,,,,,,,,,,0,,,,,,,,,,,,,,,,,,,,1,1.0,1.0,0.0,1.0,0.0,0.0,0.0,0.0,0.0,0.0,0.0,0.0,0.0,0.0,1.0,1.0,0.0,0.0,0.0
R1641,남,57,50대,55~59,직장인,경영/관리직,울산,5대광역시,비수도권,0,1,1,0,0,0,0,0,1,0,0,0,0,0,0,아메리카노,카페라떼,얼음갈린커피,1,1.0,0.0,0.0,0.0,1.0,1.0,0.0,0.0,1.0,0.0,0.0,0.0,0.0,0.0,0.0,0.0,0.0,0.0,0.0,0,,,,,,,,,,,,,,,,,,,,1,1.0,1.0,0.0,0.0,0.0,1.0,0.0,0.0,0.0,0.0,0.0,0.0,0.0,0.0,0.0,0.0,0.0,0.0,0.0,1,1.0,1.0,0.0,0.0,0.0,0.0,0.0,0.0,0.0,0.0,0.0,0.0,0.0,0.0,1.0,0.0,1.0,0.0,0.0,0,,,,,,,,,,,,,,,,,,,,0,,,,,,,,,,,,,,,,,,,
R1642,여,48,40대,45~49,직장인,사무/기술직,서울,서울,수도권,0,0,1,0,0,0,0,1,0,0,0,0,0,0,0,카페라떼,달콤한커피류,,0,,,,,,,,,,,,,,,,,,,,0,,,,,,,,,,,,,,,,,,,,0,,,,,,,,,,,,,,,,,,,,1,1.0,1.0,0.0,1.0,0.0,0.0,1.0,0.0,0.0,0.0,0.0,0.0,0.0,0.0,0.0,0.0,0.0,0.0,0.0,1,1.0,0.0,0.0,0.0,0.0,0.0,0.0,0.0,0.0,0.0,1.0,0.0,0.0,0.0,0.0,0.0,0.0,0.0,0.0,1,1.0,1.0,0.0,0.0,0.0,1.0,0.0,0.0,0.0,0.0,0.0,0.0,0.0,0.0,1.0,0.0,0.0,0.0,0.0
R1643,남,51,50대,50~54,직장인,자유/전문직,경기,서울외수도권,수도권,0,0,0,1,1,0,0,0,1,0,0,1,0,0,1,콜드브루,과일티에이드,주스에이드,0,,,,,,,,,,,,,,,,,,,,1,1.0,1.0,0.0,0.0,0.0,0.0,0.0,0.0,0.0,1.0,0.0,0.0,0.0,0.0,0.0,0.0,0.0,0.0,0.0,1,1.0,0.0,0.0,1.0,1.0,0.0,0.0,0.0,0.0,0.0,0.0,0.0,0.0,0.0,0.0,0.0,0.0,0.0,0.0,0,,,,,,,,,,,,,,,,,,,,0,,,,,,,,,,,,,,,,,,,,1,1.0,1.0,0.0,1.0,0.0,1.0,0.0,0.0,0.0,0.0,0.0,0.0,0.0,0.0,0.0,0.0,0.0,0.0,0.0
R1644,남,35,30대,35~39,전업주부,전업주부,서울,서울,수도권,0,1,0,0,1,0,0,0,0,0,0,0,1,0,1,얼음갈린티,주스에이드,아메리카노,0,,,,,,,,,,,,,,,,,,,,0,,,,,,,,,,,,,,,,,,,,1,1.0,0.0,0.0,0.0,0.0,0.0,1.0,0.0,0.0,0.0,0.0,0.0,0.0,0.0,0.0,0.0,0.0,0.0,0.0,0,,,,,,,,,,,,,,,,,,,,0,,,,,,,,,,,,,,,,,,,,0,,,,,,,,,,,,,,,,,,,
R1645,남,40,40대,40~44,기타직업,기타,서울,서울,수도권,0,1,0,1,0,0,0,0,0,0,0,0,0,0,0,아메리카노,카푸치노,,1,1.0,1.0,0.0,1.0,1.0,0.0,1.0,0.0,0.0,0.0,0.0,0.0,0.0,0.0,0.0,0.0,0.0,0.0,0.0,0,,,,,,,,,,,,,,,,,,,,0,,,,,,,,,,,,,,,,,,,,0,,,,,,,,,,,,,,,,,,,,0,,,,,,,,,,,,,,,,,,,,0,,,,,,,,,,,,,,,,,,,
R1646,여,42,40대,40~44,기타직업,자영업,경남,기타지역,비수도권,0,1,0,0,0,0,0,1,0,0,0,1,0,0,0,과일티에이드,달콤한커피류,아메리카노,1,1.0,0.0,0.0,0.0,1.0,0.0,1.0,0.0,0.0,0.0,0.0,0.0,0.0,0.0,0.0,0.0,0.0,0.0,0.0,0,,,,,,,,,,,,,,,,,,,,0,,,,,,,,,,,,,,,,,,,,0,,,,,,,,,,,,,,,,,,,,1,1.0,0.0,0.0,0.0,0.0,0.0,0.0,0.0,0.0,0.0,0.0,0.0,0.0,0.0,0.0,0.0,0.0,0.0,0.0,0,,,,,,,,,,,,,,,,,,,
R1647,여,58,50대,55~59,기타직업,무직,대구,5대광역시,비수도권,0,1,1,0,0,0,0,1,0,0,1,1,1,0,1,얼음갈린티,주스에이드,아메리카노,0,,,,,,,,,,,,,,,,,,,,0,,,,,,,,,,,,,,,,,,,,1,1.0,1.0,0.0,0.0,0.0,1.0,0.0,0.0,0.0,0.0,0.0,0.0,0.0,0.0,0.0,0.0,0.0,1.0,0.0,1,1.0,1.0,0.0,0.0,0.0,1.0,0.0,0.0,0.0,0.0,1.0,0.0,0.0,0.0,0.0,1.0,0.0,0.0,0.0,0,,,,,,,,,,,,,,,,,,,,0,,,,,,,,,,,,,,,,,,,
R1648,남,22,20대,20~24,직장인,자유/전문직,경북,기타지역,비수도권,0,1,1,0,0,0,0,0,0,1,0,1,0,0,0,아메리카노,카페라떼,기본티,1,1.0,1.0,0.0,0.0,1.0,0.0,0.0,0.0,1.0,0.0,0.0,0.0,0.0,0.0,1.0,0.0,0.0,0.0,0.0,0,,,,,,,,,,,,,,,,,,,,0,,,,,,,,,,,,,,,,,,,,0,,,,,,,,,,,,,,,,,,,,1,1.0,0.0,0.0,0.0,0.0,0.0,0.0,0.0,0.0,1.0,0.0,0.0,0.0,0.0,0.0,0.0,0.0,0.0,0.0,1,1.0,1.0,1.0,0.0,0.0,1.0,0.0,0.0,1.0,0.0,0.0,0.0,0.0,0.0,0.0,0.0,0.0,0.0,0.0
R1649,여,24,20대,20~24,직장인,기능/작업직,충남,기타지역,비수도권,0,1,0,0,0,0,1,0,0,1,0,0,0,0,0,아메리카노,드립핸드드립,기본티,1,1.0,1.0,0.0,1.0,1.0,0.0,1.0,0.0,0.0,0.0,0.0,0.0,0.0,0.0,0.0,0.0,0.0,0.0,0.0,0,,,,,,,,,,,,,,,,,,,,1,1.0,0.0,0.0,0.0,0.0,0.0,0.0,1.0,0.0,0.0,0.0,0.0,0.0,0.0,0.0,0.0,0.0,0.0,0.0,0,,,,,,,,,,,,,,,,,,,,1,1.0,1.0,1.0,1.0,0.0,1.0,0.0,0.0,0.0,0.0,0.0,0.0,0.0,0.0,0.0,0.0,0.0,0.0,0.0,1,1.0,1.0,0.0,0.0,0.0,1.0,0.0,0.0,0.0,0.0,0.0,0.0,0.0,0.0,0.0,0.0,1.0,0.0,0.0
R1650,여,35,30대,35~39,직장인,사무/기술직,대구,5대광역시,비수도권,0,0,0,0,0,0,0,0,0,1,1,1,0,0,0,달콤한티,기본티,과일티에이드,0,,,,,,,,,,,,,,,,,,,,0,,,,,,,,,,,,,,,,,,,,0,,,,,,,,,,,,,,,,,,,,1,1.0,0.0,0.0,0.0,0.0,1.0,1.0,0.0,0.0,0.0,1.0,0.0,0.0,0.0,0.0,0.0,1.0,0.0,0.0,0,,,,,,,,,,,,,,,,,,,,1,1.0,0.0,0.0,0.0,0.0,0.0,0.0,0.0,1.0,0.0,0.0,0.0,0.0,0.0,0.0,0.0,0.0,0.0,0.0
R1651,남,26,20대,25~29,직장인,사무/기술직,전남,기타지역,비수도권,0,1,1,0,0,0,0,1,0,0,1,0,0,0,0,카페라떼,아메리카노,달콤한커피류,0,,,,,,,,,,,,,,,,,,,,0,,,,,,,,,,,,,,,,,,,,1,1.0,1.0,0.0,0.0,0.0,1.0,1.0,0.0,0.0,1.0,1.0,0.0,0.0,0.0,0.0,0.0,0.0,0.0,0.0,0,,,,,,,,,,,,,,,,,,,,1,1.0,1.0,0.0,0.0,0.0,0.0,0.0,0.0,0.0,0.0,0.0,0.0,0.0,0.0,0.0,0.0,0.0,0.0,0.0,1,1.0,0.0,0.0,0.0,0.0,0.0,0.0,0.0,0.0,0.0,1.0,0.0,0.0,0.0,0.0,1.0,0.0,0.0,0.0
R1652,남,26,20대,25~29,직장인,사무/기술직,서울,서울,수도권,0,1,1,0,0,0,1,0,1,0,0,1,1,0,0,아메리카노,카페라떼,얼음갈린커피,1,1.0,1.0,0.0,0.0,1.0,0.0,0.0,0.0,1.0,0.0,0.0,1.0,0.0,0.0,0.0,0.0,0.0,0.0,0.0,0,,,,,,,,,,,,,,,,,,,,0,,,,,,,,,,,,,,,,,,,,0,,,,,,,,,,,,,,,,,,,,1,1.0,1.0,0.0,0.0,0.0,0.0,0.0,0.0,0.0,0.0,0.0,0.0,0.0,0.0,0.0,0.0,0.0,0.0,0.0,1,1.0,1.0,1.0,0.0,0.0,1.0,0.0,0.0,0.0,0.0,0.0,0.0,0.0,0.0,0.0,0.0,0.0,0.0,0.0
R1653,여,29,20대,25~29,기타직업,자유/전문직,경기,서울외수도권,수도권,0,1,0,0,0,0,1,0,0,0,0,0,0,0,0,아메리카노,드립핸드드립,,0,,,,,,,,,,,,,,,,,,,,0,,,,,,,,,,,,,,,,,,,,0,,,,,,,,,,,,,,,,,,,,1,1.0,0.0,0.0,0.0,1.0,1.0,0.0,0.0,0.0,0.0,0.0,0.0,0.0,0.0,0.0,0.0,0.0,0.0,0.0,0,,,,,,,,,,,,,,,,,,,,0,,,,,,,,,,,,,,,,,,,
R1654,남,57,50대,55~59,전업주부,전업주부,충북,기타지역,비수도권,0,1,1,1,0,0,0,0,0,0,0,0,0,0,0,아메리카노,카페라떼,카푸치노,0,,,,,,,,,,,,,,,,,,,,1,1.0,0.0,0.0,0.0,0.0,0.0,1.0,1.0,0.0,0.0,0.0,0.0,0.0,0.0,0.0,0.0,0.0,0.0,0.0,0,,,,,,,,,,,,,,,,,,,,0,,,,,,,,,,,,,,,,,,,,0,,,,,,,,,,,,,,,,,,,,0,,,,,,,,,,,,,,,,,,,
R1655,남,27,20대,25~29,직장인,사무/기술직,경기,서울외수도권,수도권,0,1,0,0,1,0,0,0,1,0,0,0,0,0,0,아메리카노,콜드브루,얼음갈린커피,0,,,,,,,,,,,,,,,,,,,,0,,,,,,,,,,,,,,,,,,,,0,,,,,,,,,,,,,,,,,,,,1,1.0,0.0,1.0,0.0,0.0,0.0,0.0,0.0,1.0,1.0,0.0,0.0,0.0,0.0,0.0,0.0,0.0,0.0,0.0,1,1.0,0.0,0.0,0.0,0.0,0.0,1.0,0.0,0.0,0.0,0.0,0.0,0.0,0.0,0.0,0.0,0.0,0.0,0.0,1,1.0,1.0,1.0,0.0,0.0,0.0,0.0,0.0,0.0,0.0,0.0,0.0,0.0,0.0,0.0,0.0,0.0,0.0,0.0
R1656,남,43,40대,40~44,직장인,자유/전문직,경기,서울외수도권,수도권,0,1,0,0,0,0,1,0,0,0,0,0,0,1,0,아메리카노,스무디쉐이크,드립핸드드립,1,1.0,1.0,0.0,0.0,0.0,1.0,0.0,0.0,0.0,0.0,0.0,0.0,0.0,0.0,0.0,0.0,0.0,0.0,0.0,0,,,,,,,,,,,,,,,,,,,,0,,,,,,,,,,,,,,,,,,,,0,,,,,,,,,,,,,,,,,,,,0,,,,,,,,,,,,,,,,,,,,1,1.0,1.0,1.0,1.0,1.0,1.0,0.0,0.0,0.0,0.0,1.0,0.0,0.0,0.0,0.0,1.0,0.0,0.0,0.0
R1657,남,58,50대,55~59,직장인,기능/작업직,인천,서울외수도권,수도권,0,1,0,0,0,0,0,0,0,0,0,1,1,0,0,아메리카노,얼음갈린티,과일티에이드,1,1.0,1.0,0.0,1.0,1.0,0.0,0.0,0.0,0.0,0.0,0.0,0.0,0.0,0.0,0.0,0.0,1.0,0.0,0.0,1,1.0,1.0,0.0,0.0,0.0,0.0,0.0,0.0,0.0,0.0,0.0,0.0,0.0,0.0,0.0,0.0,0.0,0.0,0.0,0,,,,,,,,,,,,,,,,,,,,0,,,,,,,,,,,,,,,,,,,,1,1.0,1.0,1.0,1.0,0.0,0.0,0.0,0.0,1.0,1.0,0.0,0.0,0.0,0.0,0.0,0.0,0.0,0.0,0.0,0,,,,,,,,,,,,,,,,,,,
R1658,여,53,50대,50~54,직장인,사무/기술직,경기,서울외수도권,수도권,0,1,1,0,0,0,0,0,0,0,0,0,1,1,0,아메리카노,스무디쉐이크,카페라떼,0,,,,,,,,,,,,,,,,,,,,0,,,,,,,,,,,,,,,,,,,,1,1.0,0.0,0.0,0.0,0.0,1.0,0.0,0.0,0.0,0.0,0.0,0.0,0.0,0.0,0.0,0.0,0.0,0.0,0.0,0,,,,,,,,,,,,,,,,,,,,0,,,,,,,,,,,,,,,,,,,,0,,,,,,,,,,,,,,,,,,,
R1659,남,37,30대,35~39,기타직업,판매/영업 서비스직,서울,서울,수도권,0,1,1,0,0,0,1,0,0,0,0,0,0,0,0,아메리카노,카페라떼,드립핸드드립,0,,,,,,,,,,,,,,,,,,,,0,,,,,,,,,,,,,,,,,,,,0,,,,,,,,,,,,,,,,,,,,1,1.0,1.0,0.0,0.0,0.0,0.0,0.0,1.0,0.0,1.0,0.0,0.0,0.0,0.0,0.0,0.0,0.0,0.0,0.0,0,,,,,,,,,,,,,,,,,,,,0,,,,,,,,,,,,,,,,,,,
R1660,여,50,50대,50~54,전업주부,전업주부,경기,서울외수도권,수도권,0,1,1,0,1,0,0,0,0,0,0,1,0,0,0,아메리카노,과일티에이드,콜드브루,0,,,,,,,,,,,,,,,,,,,,1,1.0,1.0,1.0,1.0,0.0,0.0,0.0,0.0,0.0,0.0,0.0,0.0,0.0,0.0,0.0,0.0,0.0,0.0,0.0,0,,,,,,,,,,,,,,,,,,,,0,,,,,,,,,,,,,,,,,,,,0,,,,,,,,,,,,,,,,,,,,1,1.0,1.0,0.0,0.0,0.0,1.0,0.0,0.0,1.0,1.0,1.0,1.0,0.0,0.0,0.0,0.0,0.0,0.0,0.0
R1661,남,34,30대,30~34,대학(원)생,대학생,대구,5대광역시,비수도권,0,1,1,0,1,0,0,1,0,1,0,0,0,0,0,카페라떼,아메리카노,달콤한커피류,0,,,,,,,,,,,,,,,,,,,,0,,,,,,,,,,,,,,,,,,,,1,1.0,1.0,0.0,1.0,1.0,1.0,0.0,0.0,0.0,0.0,0.0,0.0,0.0,0.0,1.0,0.0,0.0,0.0,0.0,0,,,,,,,,,,,,,,,,,,,,1,1.0,1.0,0.0,0.0,0.0,1.0,0.0,0.0,0.0,1.0,0.0,0.0,0.0,0.0,0.0,0.0,0.0,0.0,0.0,0,,,,,,,,,,,,,,,,,,,
R1662,남,59,50대,55~59,직장인,사무/기술직,경기,서울외수도권,수도권,0,1,0,0,1,0,0,1,0,0,1,0,0,1,0,아메리카노,콜드브루,스무디쉐이크,0,,,,,,,,,,,,,,,,,,,,1,1.0,0.0,0.0,0.0,0.0,0.0,0.0,0.0,0.0,0.0,0.0,0.0,0.0,0.0,0.0,0.0,1.0,0.0,0.0,1,1.0,0.0,0.0,0.0,0.0,0.0,1.0,1.0,0.0,0.0,0.0,1.0,0.0,0.0,0.0,0.0,0.0,0.0,0.0,0,,,,,,,,,,,,,,,,,,,,0,,,,,,,,,,,,,,,,,,,,1,1.0,0.0,0.0,0.0,0.0,0.0,1.0,0.0,1.0,0.0,0.0,0.0,0.0,0.0,1.0,0.0,0.0,0.0,0.0
R1663,여,57,50대,55~59,기타직업,자영업,경기,서울외수도권,수도권,0,1,0,0,0,0,0,1,0,0,0,0,0,0,1,주스에이드,달콤한커피류,아메리카노,0,,,,,,,,,,,,,,,,,,,,1,1.0,0.0,0.0,0.0,0.0,0.0,0.0,0.0,0.0,0.0,0.0,1.0,0.0,0.0,0.0,1.0,1.0,0.0,0.0,1,1.0,1.0,0.0,0.0,0.0,1.0,1.0,0.0,0.0,0.0,0.0,0.0,0.0,0.0,0.0,0.0,0.0,0.0,0.0,1,1.0,0.0,1.0,0.0,0.0,0.0,0.0,0.0,0.0,0.0,0.0,0.0,0.0,0.0,0.0,0.0,0.0,0.0,0.0,0,,,,,,,,,,,,,,,,,,,,1,1.0,1.0,0.0,0.0,0.0,1.0,0.0,0.0,1.0,0.0,0.0,0.0,0.0,0.0,0.0,0.0,0.0,0.0,0.0
R1664,여,47,40대,45~49,직장인,기능/작업직,서울,서울,수도권,0,1,1,0,1,0,0,1,0,0,1,1,0,0,0,아메리카노,달콤한커피류,과일티에이드,1,1.0,1.0,0.0,0.0,0.0,1.0,0.0,0.0,0.0,0.0,0.0,0.0,0.0,0.0,0.0,0.0,0.0,0.0,0.0,1,1.0,1.0,1.0,0.0,0.0,1.0,1.0,0.0,0.0,0.0,0.0,1.0,0.0,0.0,0.0,0.0,0.0,0.0,0.0,0,,,,,,,,,,,,,,,,,,,,1,1.0,0.0,0.0,0.0,1.0,1.0,0.0,0.0,0.0,0.0,0.0,0.0,0.0,0.0,0.0,0.0,0.0,0.0,0.0,1,1.0,0.0,0.0,0.0,0.0,1.0,0.0,0.0,0.0,0.0,1.0,0.0,0.0,0.0,0.0,0.0,0.0,0.0,0.0,0,,,,,,,,,,,,,,,,,,,
R1665,남,39,30대,35~39,직장인,경영/관리직,서울,서울,수도권,0,0,0,0,0,0,0,1,0,0,1,0,0,1,0,달콤한커피류,스무디쉐이크,달콤한티,0,,,,,,,,,,,,,,,,,,,,0,,,,,,,,,,,,,,,,,,,,1,1.0,0.0,0.0,0.0,0.0,1.0,0.0,0.0,0.0,0.0,0.0,0.0,0.0,0.0,0.0,0.0,0.0,0.0,0.0,0,,,,,,,,,,,,,,,,,,,,0,,,,,,,,,,,,,,,,,,,,1,1.0,1.0,1.0,0.0,0.0,1.0,0.0,0.0,0.0,0.0,1.0,0.0,0.0,0.0,0.0,1.0,0.0,0.0,0.0
R1666,남,40,40대,40~44,대학(원)생,대학생,경남,기타지역,비수도권,0,1,1,0,0,0,0,1,0,0,0,0,0,0,0,달콤한커피류,카페라떼,아메리카노,0,,,,,,,,,,,,,,,,,,,,0,,,,,,,,,,,,,,,,,,,,1,1.0,1.0,0.0,0.0,1.0,0.0,0.0,0.0,0.0,0.0,0.0,0.0,0.0,0.0,0.0,0.0,1.0,0.0,0.0,0,,,,,,,,,,,,,,,,,,,,1,1.0,1.0,0.0,0.0,0.0,0.0,0.0,0.0,0.0,0.0,1.0,0.0,1.0,0.0,0.0,0.0,0.0,0.0,0.0,1,1.0,1.0,1.0,0.0,0.0,0.0,1.0,0.0,0.0,0.0,0.0,1.0,0.0,0.0,0.0,0.0,0.0,0.0,0.0
R1667,남,33,30대,30~34,직장인,사무/기술직,서울,서울,수도권,0,1,0,0,0,0,0,1,0,0,0,1,0,0,0,아메리카노,달콤한커피류,과일티에이드,1,1.0,1.0,0.0,0.0,0.0,0.0,1.0,0.0,0.0,0.0,0.0,0.0,0.0,0.0,0.0,0.0,0.0,0.0,0.0,0,,,,,,,,,,,,,,,,,,,,0,,,,,,,,,,,,,,,,,,,,0,,,,,,,,,,,,,,,,,,,,1,1.0,1.0,0.0,0.0,0.0,0.0,1.0,0.0,0.0,0.0,0.0,0.0,0.0,0.0,0.0,0.0,0.0,0.0,0.0,0,,,,,,,,,,,,,,,,,,,
R1668,여,47,40대,45~49,직장인,경영/관리직,부산,5대광역시,비수도권,0,1,1,0,0,0,1,1,0,0,1,0,0,1,1,달콤한커피류,아메리카노,주스에이드,0,,,,,,,,,,,,,,,,,,,,0,,,,,,,,,,,,,,,,,,,,0,,,,,,,,,,,,,,,,,,,,1,1.0,1.0,0.0,0.0,0.0,0.0,0.0,0.0,1.0,0.0,0.0,0.0,0.0,0.0,0.0,0.0,0.0,0.0,0.0,0,,,,,,,,,,,,,,,,,,,,0,,,,,,,,,,,,,,,,,,,
R1669,남,45,40대,45~49,직장인,자유/전문직,경기,서울외수도권,수도권,0,1,1,0,0,1,0,0,0,0,0,0,0,0,0,아메리카노,카페라떼,콜드브루라떼,1,1.0,0.0,0.0,1.0,1.0,1.0,0.0,0.0,0.0,0.0,0.0,0.0,0.0,0.0,0.0,0.0,0.0,0.0,0.0,1,1.0,1.0,0.0,0.0,1.0,0.0,0.0,0.0,0.0,0.0,0.0,0.0,0.0,0.0,0.0,0.0,0.0,0.0,0.0,0,,,,,,,,,,,,,,,,,,,,0,,,,,,,,,,,,,,,,,,,,0,,,,,,,,,,,,,,,,,,,,1,1.0,0.0,1.0,0.0,0.0,0.0,0.0,0.0,0.0,0.0,0.0,0.0,0.0,0.0,0.0,0.0,0.0,0.0,0.0
R1670,여,41,40대,40~44,직장인,사무/기술직,경기,서울외수도권,수도권,0,1,0,0,0,0,0,1,0,0,1,0,0,0,0,아메리카노,달콤한커피류,달콤한티,0,,,,,,,,,,,,,,,,,,,,0,,,,,,,,,,,,,,,,,,,,1,1.0,1.0,0.0,1.0,0.0,1.0,0.0,0.0,0.0,0.0,0.0,1.0,0.0,0.0,0.0,0.0,0.0,0.0,0.0,1,1.0,1.0,0.0,0.0,0.0,1.0,1.0,0.0,0.0,0.0,1.0,0.0,0.0,1.0,0.0,0.0,0.0,0.0,0.0,0,,,,,,,,,,,,,,,,,,,,0,,,,,,,,,,,,,,,,,,,
R1671,남,50,50대,50~54,기타직업,판매/영업 서비스직,서울,서울,수도권,0,1,0,0,0,0,0,1,0,0,0,1,1,0,0,아메리카노,과일티에이드,달콤한커피류,1,1.0,1.0,0.0,0.0,0.0,0.0,1.0,0.0,0.0,0.0,0.0,0.0,0.0,0.0,0.0,0.0,0.0,0.0,0.0,1,1.0,0.0,0.0,1.0,0.0,0.0,0.0,0.0,0.0,0.0,0.0,0.0,0.0,0.0,0.0,0.0,0.0,0.0,0.0,1,1.0,1.0,0.0,0.0,1.0,0.0,1.0,0.0,0.0,0.0,1.0,0.0,0.0,0.0,0.0,0.0,0.0,0.0,0.0,0,,,,,,,,,,,,,,,,,,,,1,1.0,0.0,0.0,1.0,0.0,0.0,0.0,1.0,0.0,0.0,0.0,0.0,0.0,0.0,0.0,0.0,0.0,0.0,0.0,0,,,,,,,,,,,,,,,,,,,
R1672,남,25,20대,25~29,직장인,자유/전문직,경남,기타지역,비수도권,0,1,0,0,0,0,0,0,0,0,0,0,0,1,0,아메리카노,스무디쉐이크,,1,1.0,1.0,0.0,1.0,1.0,0.0,0.0,0.0,0.0,0.0,0.0,0.0,1.0,0.0,0.0,0.0,0.0,0.0,0.0,0,,,,,,,,,,,,,,,,,,,,0,,,,,,,,,,,,,,,,,,,,0,,,,,,,,,,,,,,,,,,,,0,,,,,,,,,,,,,,,,,,,,0,,,,,,,,,,,,,,,,,,,
R1673,남,27,20대,25~29,직장인,판매/영업 서비스직,광주,5대광역시,비수도권,0,1,0,0,0,0,0,0,0,0,0,1,0,0,0,아메리카노,과일티에이드,,1,1.0,1.0,0.0,0.0,1.0,0.0,0.0,0.0,0.0,0.0,0.0,0.0,0.0,0.0,1.0,0.0,0.0,0.0,0.0,0,,,,,,,,,,,,,,,,,,,,1,1.0,1.0,0.0,0.0,0.0,1.0,0.0,0.0,0.0,0.0,0.0,0.0,0.0,0.0,0.0,0.0,0.0,0.0,0.0,0,,,,,,,,,,,,,,,,,,,,0,,,,,,,,,,,,,,,,,,,,0,,,,,,,,,,,,,,,,,,,
R1674,여,34,30대,30~34,직장인,사무/기술직,서울,서울,수도권,0,1,0,0,0,0,1,0,0,0,0,0,0,0,0,아메리카노,드립핸드드립,,0,,,,,,,,,,,,,,,,,,,,1,1.0,1.0,0.0,0.0,1.0,0.0,1.0,0.0,0.0,0.0,0.0,0.0,0.0,0.0,0.0,0.0,1.0,0.0,0.0,0,,,,,,,,,,,,,,,,,,,,0,,,,,,,,,,,,,,,,,,,,0,,,,,,,,,,,,,,,,,,,,1,1.0,1.0,0.0,0.0,1.0,0.0,0.0,0.0,0.0,0.0,1.0,0.0,0.0,0.0,0.0,0.0,0.0,0.0,0.0
R1675,여,38,30대,35~39,직장인,사무/기술직,경기,서울외수도권,수도권,0,1,1,0,0,0,0,0,0,1,1,0,0,0,0,달콤한티,기본티,카페라떼,1,1.0,0.0,0.0,0.0,0.0,0.0,0.0,0.0,0.0,0.0,0.0,0.0,0.0,0.0,1.0,0.0,0.0,0.0,0.0,1,1.0,1.0,0.0,0.0,0.0,0.0,1.0,0.0,0.0,0.0,1.0,1.0,0.0,0.0,0.0,0.0,0.0,0.0,0.0,1,1.0,0.0,0.0,0.0,0.0,0.0,0.0,0.0,1.0,0.0,0.0,0.0,0.0,0.0,0.0,0.0,0.0,0.0,0.0,1,1.0,1.0,1.0,0.0,0.0,1.0,1.0,0.0,0.0,0.0,0.0,0.0,0.0,0.0,0.0,0.0,1.0,0.0,0.0,1,1.0,0.0,0.0,0.0,0.0,1.0,0.0,0.0,0.0,0.0,0.0,0.0,0.0,0.0,0.0,0.0,0.0,1.0,0.0,1,1.0,1.0,0.0,0.0,0.0,0.0,1.0,0.0,0.0,0.0,0.0,0.0,0.0,0.0,0.0,0.0,0.0,0.0,0.0
R1676,여,36,30대,35~39,직장인,사무/기술직,서울,서울,수도권,0,1,1,0,0,0,0,1,0,0,0,1,0,1,0,달콤한커피류,아메리카노,과일티에이드,0,,,,,,,,,,,,,,,,,,,,0,,,,,,,,,,,,,,,,,,,,0,,,,,,,,,,,,,,,,,,,,1,1.0,0.0,0.0,0.0,0.0,0.0,0.0,0.0,0.0,0.0,1.0,0.0,0.0,0.0,0.0,0.0,0.0,0.0,0.0,0,,,,,,,,,,,,,,,,,,,,1,1.0,1.0,1.0,0.0,0.0,0.0,1.0,0.0,0.0,0.0,0.0,0.0,0.0,0.0,0.0,0.0,0.0,0.0,0.0
R1677,남,25,20대,25~29,직장인,경영/관리직,경기,서울외수도권,수도권,0,0,0,0,0,0,0,0,1,0,0,0,1,0,1,얼음갈린커피,얼음갈린티,주스에이드,1,1.0,1.0,0.0,0.0,0.0,0.0,0.0,0.0,0.0,0.0,0.0,0.0,0.0,0.0,0.0,0.0,0.0,0.0,0.0,1,1.0,0.0,0.0,1.0,0.0,0.0,1.0,0.0,0.0,0.0,1.0,0.0,0.0,0.0,0.0,0.0,1.0,0.0,0.0,1,1.0,1.0,0.0,0.0,0.0,1.0,0.0,0.0,0.0,0.0,0.0,0.0,0.0,0.0,0.0,1.0,0.0,0.0,0.0,0,,,,,,,,,,,,,,,,,,,,0,,,,,,,,,,,,,,,,,,,,1,1.0,1.0,0.0,0.0,1.0,0.0,0.0,0.0,0.0,0.0,0.0,0.0,0.0,0.0,0.0,0.0,0.0,0.0,0.0
R1678,여,56,50대,55~59,대학(원)생,대학생,경기,서울외수도권,수도권,0,1,1,0,0,0,0,0,1,0,0,1,0,1,0,아메리카노,스무디쉐이크,카페라떼,1,1.0,1.0,0.0,0.0,0.0,0.0,0.0,0.0,0.0,0.0,0.0,0.0,0.0,0.0,0.0,0.0,0.0,0.0,1.0,1,1.0,0.0,0.0,1.0,0.0,0.0,0.0,0.0,0.0,0.0,0.0,1.0,0.0,0.0,0.0,0.0,0.0,0.0,0.0,1,1.0,0.0,0.0,1.0,0.0,1.0,0.0,0.0,0.0,1.0,0.0,0.0,0.0,0.0,0.0,0.0,0.0,0.0,0.0,1,1.0,1.0,1.0,1.0,0.0,0.0,1.0,1.0,1.0,0.0,0.0,0.0,0.0,0.0,0.0,0.0,0.0,0.0,0.0,1,1.0,0.0,0.0,0.0,0.0,0.0,0.0,0.0,0.0,0.0,1.0,0.0,0.0,0.0,0.0,0.0,0.0,0.0,1.0,1,1.0,1.0,0.0,0.0,0.0,0.0,0.0,0.0,1.0,1.0,0.0,0.0,0.0,0.0,0.0,0.0,0.0,0.0,0.0
R1679,남,59,50대,55~59,직장인,자유/전문직,경남,기타지역,비수도권,0,1,1,0,0,0,0,1,1,0,0,0,0,0,0,카페라떼,달콤한커피류,아메리카노,0,,,,,,,,,,,,,,,,,,,,1,1.0,1.0,0.0,0.0,1.0,0.0,0.0,0.0,0.0,1.0,0.0,0.0,0.0,0.0,0.0,0.0,0.0,1.0,0.0,1,1.0,1.0,0.0,0.0,1.0,1.0,0.0,1.0,0.0,0.0,0.0,0.0,0.0,0.0,0.0,0.0,1.0,0.0,1.0,1,1.0,1.0,0.0,0.0,0.0,0.0,0.0,1.0,0.0,0.0,0.0,0.0,0.0,0.0,0.0,0.0,0.0,0.0,0.0,0,,,,,,,,,,,,,,,,,,,,0,,,,,,,,,,,,,,,,,,,
R1680,남,54,50대,50~54,직장인,사무/기술직,대전,5대광역시,비수도권,0,1,0,1,0,0,0,0,0,0,0,0,0,0,0,아메리카노,카푸치노,,0,,,,,,,,,,,,,,,,,,,,1,1.0,1.0,0.0,0.0,0.0,0.0,0.0,0.0,0.0,0.0,0.0,0.0,0.0,0.0,0.0,0.0,0.0,1.0,0.0,1,1.0,0.0,0.0,0.0,0.0,0.0,0.0,0.0,0.0,1.0,0.0,0.0,0.0,0.0,0.0,0.0,0.0,0.0,0.0,1,1.0,0.0,0.0,0.0,0.0,0.0,0.0,0.0,0.0,0.0,1.0,0.0,0.0,0.0,0.0,0.0,0.0,0.0,0.0,0,,,,,,,,,,,,,,,,,,,,1,1.0,1.0,0.0,0.0,0.0,1.0,0.0,0.0,1.0,1.0,0.0,0.0,0.0,0.0,0.0,0.0,0.0,0.0,0.0
R1681,남,54,50대,50~54,직장인,사무/기술직,경북,기타지역,비수도권,0,1,0,0,0,1,1,1,0,0,0,0,0,0,0,아메리카노,달콤한커피류,드립핸드드립,0,,,,,,,,,,,,,,,,,,,,0,,,,,,,,,,,,,,,,,,,,0,,,,,,,,,,,,,,,,,,,,1,1.0,1.0,0.0,0.0,0.0,1.0,0.0,0.0,0.0,0.0,0.0,0.0,0.0,0.0,0.0,1.0,0.0,0.0,0.0,0,,,,,,,,,,,,,,,,,,,,1,1.0,1.0,0.0,0.0,0.0,0.0,1.0,0.0,0.0,0.0,0.0,0.0,0.0,0.0,0.0,0.0,0.0,0.0,0.0
R1682,남,50,50대,50~54,직장인,자영업,경남,기타지역,비수도권,0,1,1,0,1,0,0,1,1,0,0,1,0,1,0,얼음갈린커피,콜드브루,아메리카노,0,,,,,,,,,,,,,,,,,,,,0,,,,,,,,,,,,,,,,,,,,0,,,,,,,,,,,,,,,,,,,,1,1.0,1.0,0.0,0.0,1.0,1.0,0.0,0.0,0.0,0.0,0.0,0.0,0.0,0.0,0.0,0.0,0.0,0.0,0.0,0,,,,,,,,,,,,,,,,,,,,0,,,,,,,,,,,,,,,,,,,
R1683,남,57,50대,55~59,기타직업,무직,서울,서울,수도권,0,1,0,0,0,0,0,0,1,0,0,0,0,0,0,아메리카노,얼음갈린커피,,0,,,,,,,,,,,,,,,,,,,,0,,,,,,,,,,,,,,,,,,,,1,1.0,1.0,0.0,0.0,0.0,0.0,0.0,0.0,0.0,0.0,0.0,0.0,0.0,0.0,0.0,0.0,0.0,0.0,0.0,0,,,,,,,,,,,,,,,,,,,,1,1.0,1.0,0.0,0.0,0.0,1.0,0.0,0.0,0.0,0.0,0.0,0.0,0.0,0.0,0.0,0.0,0.0,0.0,0.0,1,1.0,1.0,0.0,0.0,1.0,1.0,1.0,0.0,1.0,0.0,0.0,0.0,0.0,0.0,0.0,0.0,0.0,0.0,0.0
R1684,여,35,30대,35~39,직장인,경영/관리직,대전,5대광역시,비수도권,0,1,1,0,0,0,0,1,0,0,0,0,1,1,0,아메리카노,스무디쉐이크,카페라떼,1,1.0,1.0,0.0,1.0,0.0,0.0,1.0,0.0,1.0,0.0,0.0,0.0,0.0,0.0,0.0,1.0,0.0,0.0,0.0,0,,,,,,,,,,,,,,,,,,,,0,,,,,,,,,,,,,,,,,,,,1,1.0,0.0,1.0,0.0,0.0,0.0,0.0,0.0,0.0,0.0,0.0,0.0,0.0,0.0,0.0,0.0,0.0,0.0,0.0,0,,,,,,,,,,,,,,,,,,,,0,,,,,,,,,,,,,,,,,,,
R1685,여,57,50대,55~59,직장인,판매/영업 서비스직,서울,서울,수도권,0,1,1,0,0,0,0,0,0,0,0,1,0,0,0,아메리카노,과일티에이드,카페라떼,0,,,,,,,,,,,,,,,,,,,,0,,,,,,,,,,,,,,,,,,,,1,1.0,0.0,0.0,1.0,1.0,1.0,1.0,0.0,0.0,0.0,0.0,0.0,0.0,0.0,0.0,0.0,0.0,1.0,0.0,0,,,,,,,,,,,,,,,,,,,,1,1.0,0.0,0.0,0.0,0.0,0.0,0.0,0.0,0.0,1.0,0.0,1.0,0.0,0.0,0.0,0.0,0.0,0.0,0.0,0,,,,,,,,,,,,,,,,,,,
R1686,남,26,20대,25~29,기타직업,자유/전문직,경기,서울외수도권,수도권,0,0,1,0,0,0,0,0,0,0,0,1,0,1,1,카페라떼,과일티에이드,스무디쉐이크,0,,,,,,,,,,,,,,,,,,,,1,1.0,1.0,0.0,0.0,0.0,0.0,0.0,0.0,0.0,0.0,0.0,1.0,0.0,0.0,1.0,0.0,0.0,1.0,0.0,0,,,,,,,,,,,,,,,,,,,,0,,,,,,,,,,,,,,,,,,,,1,1.0,1.0,0.0,0.0,0.0,0.0,0.0,0.0,0.0,0.0,0.0,0.0,0.0,0.0,0.0,0.0,0.0,0.0,0.0,0,,,,,,,,,,,,,,,,,,,
R1687,남,36,30대,35~39,전업주부,전업주부,경기,서울외수도권,수도권,0,0,0,0,1,0,0,0,0,0,0,0,0,1,0,콜드브루,스무디쉐이크,,0,,,,,,,,,,,,,,,,,,,,0,,,,,,,,,,,,,,,,,,,,0,,,,,,,,,,,,,,,,,,,,0,,,,,,,,,,,,,,,,,,,,1,1.0,0.0,0.0,0.0,0.0,1.0,0.0,0.0,1.0,0.0,0.0,0.0,0.0,0.0,0.0,0.0,1.0,0.0,0.0,0,,,,,,,,,,,,,,,,,,,
R1688,남,50,50대,50~54,기타직업,기타,서울,서울,수도권,0,1,0,0,0,0,0,0,0,0,1,1,1,0,0,아메리카노,달콤한티,얼음갈린티,1,1.0,1.0,0.0,1.0,1.0,0.0,0.0,0.0,0.0,1.0,0.0,0.0,0.0,0.0,0.0,0.0,0.0,0.0,0.0,0,,,,,,,,,,,,,,,,,,,,0,,,,,,,,,,,,,,,,,,,,0,,,,,,,,,,,,,,,,,,,,1,1.0,0.0,0.0,0.0,0.0,1.0,0.0,0.0,0.0,0.0,0.0,0.0,0.0,0.0,0.0,0.0,0.0,0.0,0.0,1,1.0,1.0,0.0,1.0,0.0,0.0,0.0,0.0,0.0,0.0,0.0,0.0,0.0,0.0,0.0,1.0,0.0,0.0,0.0
R1689,여,48,40대,45~49,직장인,사무/기술직,서울,서울,수도권,0,1,1,0,0,0,0,1,0,1,0,0,0,0,1,아메리카노,달콤한커피류,주스에이드,1,1.0,0.0,0.0,0.0,0.0,0.0,1.0,0.0,0.0,0.0,0.0,0.0,0.0,0.0,0.0,0.0,0.0,0.0,0.0,1,1.0,1.0,0.0,0.0,0.0,0.0,0.0,0.0,0.0,0.0,0.0,0.0,0.0,0.0,1.0,0.0,0.0,0.0,0.0,0,,,,,,,,,,,,,,,,,,,,1,1.0,0.0,0.0,0.0,0.0,1.0,0.0,0.0,0.0,0.0,0.0,0.0,0.0,0.0,0.0,0.0,0.0,0.0,0.0,1,1.0,0.0,0.0,1.0,0.0,0.0,1.0,0.0,0.0,0.0,1.0,0.0,0.0,0.0,0.0,0.0,0.0,0.0,0.0,0,,,,,,,,,,,,,,,,,,,
R1690,여,45,40대,45~49,직장인,사무/기술직,대구,5대광역시,비수도권,0,0,0,0,0,0,0,1,1,0,0,1,0,0,0,달콤한커피류,얼음갈린커피,과일티에이드,0,,,,,,,,,,,,,,,,,,,,1,1.0,0.0,0.0,0.0,1.0,0.0,1.0,0.0,0.0,0.0,1.0,0.0,0.0,0.0,0.0,0.0,0.0,0.0,0.0,0,,,,,,,,,,,,,,,,,,,,1,1.0,1.0,0.0,1.0,0.0,0.0,0.0,1.0,0.0,1.0,0.0,1.0,0.0,0.0,0.0,0.0,0.0,0.0,0.0,1,1.0,0.0,0.0,0.0,0.0,0.0,0.0,0.0,0.0,0.0,0.0,0.0,0.0,0.0,0.0,0.0,0.0,0.0,0.0,0,,,,,,,,,,,,,,,,,,,
R1691,여,45,40대,45~49,직장인,사무/기술직,경기,서울외수도권,수도권,0,1,1,1,0,0,0,1,0,0,0,0,1,0,1,달콤한커피류,아메리카노,얼음갈린티,1,1.0,1.0,0.0,0.0,1.0,1.0,0.0,0.0,0.0,0.0,0.0,0.0,0.0,0.0,0.0,0.0,0.0,0.0,0.0,0,,,,,,,,,,,,,,,,,,,,0,,,,,,,,,,,,,,,,,,,,1,1.0,1.0,0.0,0.0,0.0,0.0,1.0,0.0,0.0,0.0,1.0,0.0,0.0,0.0,0.0,0.0,0.0,0.0,0.0,1,1.0,1.0,0.0,0.0,0.0,0.0,0.0,0.0,1.0,0.0,0.0,0.0,0.0,0.0,1.0,0.0,0.0,0.0,0.0,1,1.0,0.0,1.0,1.0,0.0,0.0,0.0,0.0,0.0,0.0,0.0,0.0,0.0,0.0,0.0,0.0,1.0,0.0,0.0
R1692,남,40,40대,40~44,기타직업,자영업,서울,서울,수도권,1,1,1,0,0,0,0,0,0,1,0,0,1,1,0,아메리카노,기본티,얼음갈린티,0,,,,,,,,,,,,,,,,,,,,1,1.0,0.0,1.0,0.0,0.0,0.0,0.0,0.0,0.0,0.0,0.0,0.0,0.0,0.0,0.0,0.0,0.0,0.0,0.0,0,,,,,,,,,,,,,,,,,,,,1,1.0,1.0,1.0,0.0,0.0,1.0,0.0,0.0,0.0,0.0,0.0,0.0,0.0,0.0,0.0,0.0,0.0,0.0,0.0,0,,,,,,,,,,,,,,,,,,,,0,,,,,,,,,,,,,,,,,,,
R1693,남,58,50대,55~59,직장인,사무/기술직,광주,5대광역시,비수도권,0,0,0,0,0,0,0,1,0,0,0,0,0,1,0,달콤한커피류,스무디쉐이크,,0,,,,,,,,,,,,,,,,,,,,0,,,,,,,,,,,,,,,,,,,,0,,,,,,,,,,,,,,,,,,,,0,,,,,,,,,,,,,,,,,,,,1,1.0,1.0,0.0,1.0,0.0,0.0,0.0,0.0,0.0,0.0,0.0,0.0,0.0,0.0,0.0,1.0,0.0,0.0,0.0,1,1.0,1.0,0.0,0.0,0.0,0.0,1.0,0.0,1.0,0.0,0.0,0.0,0.0,0.0,0.0,0.0,0.0,0.0,0.0
R1694,여,26,20대,25~29,전업주부,전업주부,서울,서울,수도권,0,0,1,0,0,0,0,1,0,1,0,1,1,1,1,카페라떼,주스에이드,달콤한커피류,0,,,,,,,,,,,,,,,,,,,,0,,,,,,,,,,,,,,,,,,,,1,1.0,1.0,0.0,0.0,0.0,1.0,0.0,0.0,0.0,0.0,0.0,0.0,0.0,0.0,0.0,0.0,0.0,0.0,0.0,1,1.0,0.0,0.0,1.0,0.0,0.0,1.0,0.0,0.0,0.0,0.0,0.0,0.0,0.0,0.0,1.0,0.0,0.0,0.0,1,1.0,1.0,0.0,0.0,0.0,0.0,1.0,0.0,0.0,0.0,0.0,0.0,0.0,0.0,0.0,1.0,0.0,0.0,0.0,0,,,,,,,,,,,,,,,,,,,
R1695,여,29,20대,25~29,전업주부,전업주부,광주,5대광역시,비수도권,0,1,0,0,0,0,0,0,0,1,1,0,0,0,0,아메리카노,기본티,달콤한티,0,,,,,,,,,,,,,,,,,,,,0,,,,,,,,,,,,,,,,,,,,0,,,,,,,,,,,,,,,,,,,,1,1.0,0.0,0.0,0.0,0.0,1.0,0.0,0.0,0.0,0.0,0.0,0.0,0.0,0.0,0.0,0.0,0.0,0.0,0.0,1,1.0,0.0,0.0,0.0,0.0,0.0,0.0,0.0,0.0,0.0,0.0,0.0,0.0,0.0,0.0,1.0,0.0,0.0,0.0,1,1.0,1.0,1.0,0.0,0.0,0.0,1.0,0.0,0.0,0.0,0.0,0.0,0.0,0.0,0.0,1.0,0.0,0.0,0.0
R1696,여,44,40대,40~44,기타직업,무직,부산,5대광역시,비수도권,1,1,1,0,0,0,0,0,0,0,0,0,0,0,1,아메리카노,카페라떼,주스에이드,0,,,,,,,,,,,,,,,,,,,,1,1.0,1.0,0.0,0.0,0.0,1.0,1.0,0.0,0.0,0.0,0.0,0.0,0.0,0.0,0.0,1.0,0.0,0.0,0.0,1,1.0,0.0,1.0,0.0,0.0,0.0,0.0,0.0,0.0,1.0,0.0,0.0,0.0,0.0,0.0,0.0,0.0,0.0,0.0,1,1.0,0.0,0.0,0.0,0.0,1.0,1.0,0.0,1.0,0.0,0.0,0.0,0.0,0.0,0.0,0.0,0.0,0.0,0.0,1,1.0,1.0,0.0,0.0,0.0,0.0,1.0,0.0,0.0,0.0,0.0,0.0,0.0,0.0,0.0,0.0,0.0,0.0,0.0,1,1.0,0.0,0.0,1.0,0.0,1.0,0.0,0.0,0.0,1.0,0.0,0.0,0.0,0.0,0.0,0.0,0.0,0.0,0.0
R1697,남,32,30대,30~34,직장인,사무/기술직,서울,서울,수도권,0,1,0,1,0,0,0,1,0,1,1,0,0,0,1,아메리카노,달콤한커피류,달콤한티,1,1.0,0.0,0.0,0.0,0.0,0.0,0.0,0.0,0.0,0.0,0.0,1.0,0.0,0.0,0.0,1.0,0.0,0.0,0.0,1,1.0,1.0,1.0,0.0,0.0,1.0,0.0,1.0,0.0,0.0,0.0,1.0,0.0,0.0,0.0,0.0,1.0,0.0,0.0,1,1.0,1.0,0.0,0.0,1.0,1.0,0.0,0.0,0.0,0.0,0.0,0.0,0.0,0.0,0.0,1.0,1.0,0.0,0.0,0,,,,,,,,,,,,,,,,,,,,0,,,,,,,,,,,,,,,,,,,,0,,,,,,,,,,,,,,,,,,,
R1698,여,50,50대,50~54,직장인,경영/관리직,대전,5대광역시,비수도권,0,0,0,0,0,0,0,0,1,0,0,0,0,0,0,얼음갈린커피,,,0,,,,,,,,,,,,,,,,,,,,1,1.0,1.0,0.0,0.0,0.0,1.0,0.0,0.0,0.0,1.0,0.0,0.0,0.0,0.0,0.0,0.0,0.0,0.0,0.0,1,1.0,0.0,0.0,0.0,1.0,1.0,0.0,0.0,0.0,0.0,0.0,0.0,0.0,0.0,0.0,0.0,0.0,0.0,0.0,1,1.0,1.0,0.0,0.0,1.0,0.0,0.0,0.0,0.0,0.0,0.0,0.0,0.0,0.0,0.0,0.0,0.0,0.0,0.0,0,,,,,,,,,,,,,,,,,,,,0,,,,,,,,,,,,,,,,,,,
R1699,남,38,30대,35~39,전업주부,전업주부,전북,기타지역,비수도권,0,1,0,0,0,0,0,0,0,0,0,1,1,1,0,얼음갈린티,과일티에이드,아메리카노,0,,,,,,,,,,,,,,,,,,,,1,1.0,0.0,0.0,0.0,0.0,1.0,0.0,0.0,0.0,0.0,0.0,0.0,0.0,0.0,1.0,0.0,0.0,0.0,0.0,0,,,,,,,,,,,,,,,,,,,,1,1.0,1.0,0.0,1.0,0.0,1.0,1.0,0.0,0.0,0.0,0.0,0.0,0.0,0.0,0.0,1.0,0.0,0.0,0.0,0,,,,,,,,,,,,,,,,,,,,1,1.0,0.0,1.0,0.0,1.0,1.0,1.0,0.0,0.0,0.0,0.0,0.0,0.0,0.0,1.0,0.0,0.0,0.0,0.0
R1700,남,59,50대,55~59,대학(원)생,대학생,전북,기타지역,비수도권,0,0,0,0,1,0,0,0,0,0,0,1,0,0,0,과일티에이드,콜드브루,,1,1.0,1.0,0.0,1.0,1.0,0.0,0.0,0.0,0.0,0.0,0.0,0.0,0.0,0.0,1.0,0.0,0.0,0.0,0.0,0,,,,,,,,,,,,,,,,,,,,0,,,,,,,,,,,,,,,,,,,,0,,,,,,,,,,,,,,,,,,,,0,,,,,,,,,,,,,,,,,,,,0,,,,,,,,,,,,,,,,,,,
R1701,여,38,30대,35~39,전업주부,전업주부,충남,기타지역,비수도권,0,0,0,0,0,0,0,0,0,1,1,0,1,0,0,얼음갈린티,기본티,달콤한티,0,,,,,,,,,,,,,,,,,,,,0,,,,,,,,,,,,,,,,,,,,1,1.0,1.0,0.0,1.0,0.0,0.0,0.0,0.0,0.0,0.0,0.0,0.0,0.0,0.0,0.0,0.0,0.0,0.0,0.0,1,1.0,1.0,0.0,0.0,0.0,1.0,0.0,0.0,0.0,1.0,0.0,0.0,0.0,0.0,1.0,0.0,1.0,0.0,0.0,0,,,,,,,,,,,,,,,,,,,,0,,,,,,,,,,,,,,,,,,,
R1702,남,41,40대,40~44,직장인,기능/작업직,서울,서울,수도권,0,1,1,0,1,0,0,0,0,0,0,0,0,0,1,콜드브루,아메리카노,카페라떼,1,1.0,1.0,0.0,0.0,0.0,0.0,0.0,0.0,0.0,1.0,1.0,0.0,0.0,0.0,0.0,1.0,0.0,0.0,0.0,1,1.0,1.0,0.0,0.0,0.0,0.0,0.0,0.0,0.0,0.0,0.0,0.0,0.0,0.0,0.0,0.0,0.0,0.0,0.0,0,,,,,,,,,,,,,,,,,,,,1,1.0,1.0,0.0,0.0,0.0,1.0,0.0,0.0,0.0,0.0,1.0,0.0,0.0,0.0,0.0,0.0,0.0,0.0,0.0,0,,,,,,,,,,,,,,,,,,,,0,,,,,,,,,,,,,,,,,,,
R1703,남,42,40대,40~44,기타직업,무직,서울,서울,수도권,0,1,0,0,0,0,0,0,0,0,0,1,0,0,0,아메리카노,과일티에이드,,0,,,,,,,,,,,,,,,,,,,,0,,,,,,,,,,,,,,,,,,,,1,1.0,1.0,0.0,1.0,0.0,0.0,1.0,0.0,0.0,0.0,0.0,0.0,0.0,0.0,0.0,0.0,0.0,1.0,0.0,1,1.0,1.0,1.0,1.0,0.0,1.0,0.0,1.0,0.0,1.0,0.0,0.0,1.0,0.0,0.0,0.0,0.0,0.0,0.0,1,1.0,0.0,0.0,0.0,0.0,0.0,1.0,0.0,0.0,1.0,1.0,0.0,0.0,0.0,0.0,0.0,0.0,0.0,0.0,0,,,,,,,,,,,,,,,,,,,
R1704,여,20,20대,20~24,직장인,사무/기술직,전북,기타지역,비수도권,0,1,1,0,1,0,0,1,0,0,0,0,0,0,0,아메리카노,카페라떼,달콤한커피류,0,,,,,,,,,,,,,,,,,,,,1,1.0,1.0,0.0,0.0,0.0,0.0,0.0,0.0,0.0,0.0,0.0,0.0,0.0,0.0,0.0,1.0,0.0,0.0,0.0,1,1.0,0.0,0.0,0.0,0.0,1.0,1.0,0.0,0.0,0.0,0.0,0.0,0.0,0.0,0.0,0.0,0.0,0.0,0.0,1,1.0,1.0,0.0,0.0,0.0,1.0,0.0,0.0,0.0,1.0,0.0,0.0,0.0,0.0,0.0,1.0,0.0,0.0,0.0,0,,,,,,,,,,,,,,,,,,,,1,1.0,1.0,0.0,1.0,0.0,1.0,0.0,0.0,0.0,1.0,0.0,0.0,0.0,0.0,0.0,0.0,0.0,0.0,0.0
R1705,여,51,50대,50~54,직장인,사무/기술직,대구,5대광역시,비수도권,0,1,0,0,1,0,0,1,0,0,0,0,0,1,0,아메리카노,달콤한커피류,콜드브루,1,1.0,1.0,0.0,0.0,0.0,1.0,0.0,0.0,0.0,0.0,0.0,0.0,0.0,0.0,0.0,0.0,1.0,0.0,0.0,1,1.0,1.0,0.0,0.0,1.0,0.0,0.0,0.0,0.0,1.0,0.0,1.0,0.0,0.0,0.0,0.0,1.0,0.0,1.0,1,1.0,0.0,0.0,0.0,1.0,1.0,1.0,0.0,0.0,0.0,0.0,0.0,0.0,0.0,0.0,0.0,0.0,0.0,0.0,0,,,,,,,,,,,,,,,,,,,,0,,,,,,,,,,,,,,,,,,,,0,,,,,,,,,,,,,,,,,,,
R1706,남,49,40대,45~49,대학(원)생,대학생,경기,서울외수도권,수도권,0,1,1,0,0,0,0,0,0,0,0,0,0,0,0,아메리카노,카페라떼,,1,1.0,1.0,0.0,0.0,1.0,0.0,1.0,0.0,0.0,0.0,0.0,0.0,0.0,0.0,0.0,0.0,0.0,0.0,0.0,0,,,,,,,,,,,,,,,,,,,,0,,,,,,,,,,,,,,,,,,,,0,,,,,,,,,,,,,,,,,,,,1,1.0,1.0,0.0,0.0,0.0,0.0,0.0,0.0,0.0,1.0,0.0,0.0,0.0,0.0,1.0,0.0,0.0,0.0,0.0,0,,,,,,,,,,,,,,,,,,,
R1707,남,21,20대,20~24,기타직업,기타,충남,기타지역,비수도권,0,0,0,0,0,0,0,1,0,0,0,0,0,0,0,달콤한커피류,,,1,1.0,1.0,0.0,0.0,1.0,0.0,0.0,0.0,0.0,0.0,0.0,0.0,0.0,0.0,0.0,0.0,0.0,0.0,0.0,1,1.0,1.0,0.0,1.0,0.0,0.0,0.0,0.0,0.0,0.0,0.0,0.0,0.0,0.0,0.0,0.0,0.0,0.0,0.0,1,1.0,1.0,1.0,0.0,0.0,1.0,0.0,0.0,0.0,0.0,0.0,0.0,0.0,0.0,0.0,0.0,0.0,0.0,0.0,0,,,,,,,,,,,,,,,,,,,,1,1.0,1.0,0.0,0.0,1.0,0.0,0.0,0.0,0.0,0.0,0.0,0.0,0.0,0.0,0.0,0.0,0.0,0.0,0.0,0,,,,,,,,,,,,,,,,,,,
R1708,남,26,20대,25~29,기타직업,자영업,경남,기타지역,비수도권,0,1,0,0,0,0,0,0,0,0,0,1,0,0,0,아메리카노,과일티에이드,,0,,,,,,,,,,,,,,,,,,,,1,1.0,1.0,0.0,0.0,0.0,0.0,0.0,0.0,0.0,0.0,1.0,0.0,0.0,0.0,0.0,0.0,0.0,0.0,0.0,1,1.0,0.0,0.0,0.0,0.0,1.0,0.0,0.0,0.0,0.0,0.0,0.0,0.0,0.0,0.0,0.0,0.0,0.0,0.0,1,1.0,1.0,0.0,0.0,0.0,0.0,0.0,0.0,0.0,0.0,0.0,0.0,0.0,0.0,0.0,0.0,1.0,0.0,0.0,1,1.0,1.0,1.0,0.0,1.0,0.0,0.0,1.0,1.0,0.0,0.0,0.0,0.0,0.0,0.0,0.0,0.0,0.0,0.0,0,,,,,,,,,,,,,,,,,,,
R1709,남,40,40대,40~44,전업주부,전업주부,서울,서울,수도권,0,1,0,0,1,0,0,0,0,0,0,0,0,0,0,아메리카노,콜드브루,,0,,,,,,,,,,,,,,,,,,,,0,,,,,,,,,,,,,,,,,,,,0,,,,,,,,,,,,,,,,,,,,1,1.0,0.0,0.0,0.0,0.0,0.0,1.0,0.0,0.0,0.0,0.0,0.0,0.0,0.0,0.0,0.0,0.0,0.0,0.0,1,1.0,0.0,0.0,0.0,0.0,0.0,0.0,0.0,0.0,0.0,0.0,0.0,0.0,0.0,0.0,0.0,0.0,0.0,0.0,0,,,,,,,,,,,,,,,,,,,
R1710,남,26,20대,25~29,직장인,사무/기술직,경남,기타지역,비수도권,0,1,1,0,0,0,0,0,0,0,0,1,0,0,0,아메리카노,과일티에이드,카페라떼,1,1.0,0.0,0.0,1.0,0.0,0.0,0.0,0.0,0.0,0.0,0.0,0.0,0.0,0.0,1.0,0.0,0.0,0.0,0.0,1,1.0,1.0,0.0,1.0,1.0,0.0,0.0,0.0,0.0,0.0,0.0,0.0,0.0,0.0,0.0,1.0,0.0,1.0,0.0,0,,,,,,,,,,,,,,,,,,,,0,,,,,,,,,,,,,,,,,,,,0,,,,,,,,,,,,,,,,,,,,1,1.0,1.0,0.0,0.0,0.0,0.0,0.0,0.0,1.0,0.0,0.0,0.0,0.0,0.0,0.0,0.0,0.0,0.0,0.0
R1711,여,32,30대,30~34,직장인,사무/기술직,부산,5대광역시,비수도권,0,0,1,0,0,0,0,1,0,0,0,0,0,0,0,달콤한커피류,카페라떼,,0,,,,,,,,,,,,,,,,,,,,0,,,,,,,,,,,,,,,,,,,,0,,,,,,,,,,,,,,,,,,,,1,1.0,1.0,0.0,0.0,0.0,0.0,0.0,0.0,0.0,0.0,0.0,0.0,0.0,0.0,0.0,0.0,0.0,0.0,0.0,1,1.0,1.0,0.0,0.0,0.0,0.0,0.0,0.0,0.0,1.0,0.0,0.0,0.0,0.0,0.0,0.0,0.0,0.0,0.0,0,,,,,,,,,,,,,,,,,,,
R1712,여,42,40대,40~44,직장인,자유/전문직,서울,서울,수도권,0,1,0,0,1,0,0,0,0,0,1,0,0,0,0,아메리카노,달콤한티,콜드브루,0,,,,,,,,,,,,,,,,,,,,1,1.0,1.0,0.0,0.0,0.0,1.0,0.0,0.0,1.0,0.0,1.0,0.0,0.0,0.0,0.0,0.0,0.0,0.0,0.0,0,,,,,,,,,,,,,,,,,,,,1,1.0,0.0,0.0,0.0,0.0,0.0,0.0,0.0,0.0,1.0,1.0,0.0,0.0,0.0,0.0,0.0,0.0,0.0,0.0,0,,,,,,,,,,,,,,,,,,,,0,,,,,,,,,,,,,,,,,,,
R1713,남,28,20대,25~29,전업주부,전업주부,경기,서울외수도권,수도권,0,0,0,0,0,0,0,0,1,0,0,1,1,0,1,과일티에이드,얼음갈린커피,얼음갈린티,0,,,,,,,,,,,,,,,,,,,,1,1.0,1.0,0.0,1.0,0.0,0.0,1.0,0.0,0.0,0.0,0.0,0.0,0.0,0.0,0.0,0.0,0.0,0.0,0.0,0,,,,,,,,,,,,,,,,,,,,1,1.0,1.0,0.0,0.0,0.0,0.0,0.0,0.0,0.0,0.0,0.0,0.0,0.0,0.0,0.0,0.0,0.0,0.0,0.0,1,1.0,0.0,0.0,0.0,1.0,0.0,0.0,0.0,0.0,0.0,1.0,0.0,0.0,0.0,0.0,0.0,0.0,1.0,1.0,1,1.0,1.0,1.0,0.0,0.0,1.0,0.0,0.0,0.0,1.0,0.0,0.0,0.0,0.0,0.0,0.0,0.0,0.0,0.0
R1714,남,23,20대,20~24,직장인,사무/기술직,경남,기타지역,비수도권,0,1,0,0,0,0,0,0,0,0,0,1,0,0,0,아메리카노,과일티에이드,,0,,,,,,,,,,,,,,,,,,,,1,1.0,1.0,0.0,0.0,1.0,1.0,1.0,0.0,0.0,0.0,0.0,0.0,0.0,0.0,0.0,1.0,0.0,0.0,0.0,1,1.0,1.0,0.0,0.0,0.0,0.0,0.0,0.0,0.0,0.0,1.0,0.0,0.0,0.0,0.0,0.0,0.0,0.0,0.0,0,,,,,,,,,,,,,,,,,,,,0,,,,,,,,,,,,,,,,,,,,1,1.0,0.0,0.0,0.0,0.0,0.0,1.0,0.0,1.0,0.0,1.0,0.0,0.0,0.0,0.0,1.0,0.0,0.0,0.0
R1715,여,55,50대,55~59,직장인,사무/기술직,대구,5대광역시,비수도권,0,1,1,0,0,0,0,0,0,1,0,1,0,0,0,아메리카노,카페라떼,과일티에이드,1,1.0,1.0,1.0,0.0,0.0,1.0,1.0,0.0,0.0,0.0,1.0,0.0,0.0,0.0,0.0,0.0,0.0,0.0,0.0,1,1.0,1.0,0.0,0.0,0.0,0.0,0.0,0.0,0.0,0.0,0.0,0.0,0.0,0.0,0.0,0.0,0.0,0.0,0.0,0,,,,,,,,,,,,,,,,,,,,1,1.0,0.0,0.0,0.0,0.0,1.0,0.0,1.0,0.0,0.0,0.0,0.0,0.0,0.0,0.0,0.0,0.0,0.0,0.0,0,,,,,,,,,,,,,,,,,,,,0,,,,,,,,,,,,,,,,,,,
R1716,여,29,20대,25~29,전업주부,전업주부,경기,서울외수도권,수도권,0,0,0,0,1,0,0,0,0,0,0,0,0,0,1,콜드브루,주스에이드,,1,1.0,0.0,0.0,0.0,1.0,0.0,1.0,0.0,0.0,1.0,0.0,0.0,0.0,0.0,0.0,0.0,0.0,0.0,0.0,1,1.0,1.0,0.0,0.0,0.0,0.0,0.0,0.0,0.0,0.0,0.0,0.0,0.0,0.0,0.0,0.0,1.0,1.0,0.0,0,,,,,,,,,,,,,,,,,,,,0,,,,,,,,,,,,,,,,,,,,0,,,,,,,,,,,,,,,,,,,,0,,,,,,,,,,,,,,,,,,,
R1717,남,44,40대,40~44,직장인,경영/관리직,경기,서울외수도권,수도권,0,0,0,0,0,0,1,0,0,0,0,0,0,0,0,드립핸드드립,,,1,1.0,1.0,0.0,1.0,0.0,0.0,0.0,0.0,0.0,0.0,0.0,0.0,0.0,0.0,0.0,0.0,0.0,0.0,0.0,0,,,,,,,,,,,,,,,,,,,,1,1.0,0.0,0.0,1.0,0.0,0.0,0.0,0.0,0.0,0.0,0.0,1.0,0.0,0.0,0.0,0.0,0.0,0.0,0.0,0,,,,,,,,,,,,,,,,,,,,1,1.0,0.0,0.0,0.0,0.0,0.0,0.0,0.0,0.0,1.0,0.0,0.0,1.0,0.0,1.0,0.0,1.0,0.0,0.0,0,,,,,,,,,,,,,,,,,,,
R1718,여,27,20대,25~29,직장인,사무/기술직,부산,5대광역시,비수도권,0,1,0,0,0,0,0,0,0,0,0,0,0,0,0,아메리카노,,,1,1.0,1.0,0.0,0.0,0.0,1.0,0.0,1.0,0.0,0.0,0.0,0.0,0.0,0.0,0.0,0.0,1.0,0.0,0.0,0,,,,,,,,,,,,,,,,,,,,0,,,,,,,,,,,,,,,,,,,,1,1.0,1.0,0.0,0.0,0.0,0.0,0.0,0.0,0.0,0.0,0.0,0.0,0.0,0.0,0.0,0.0,0.0,0.0,0.0,1,1.0,0.0,0.0,1.0,1.0,0.0,0.0,0.0,1.0,0.0,0.0,0.0,0.0,0.0,0.0,0.0,0.0,0.0,0.0,1,1.0,1.0,0.0,0.0,0.0,0.0,0.0,0.0,0.0,0.0,0.0,0.0,0.0,0.0,0.0,0.0,0.0,0.0,0.0
R1719,여,27,20대,25~29,직장인,사무/기술직,부산,5대광역시,비수도권,0,1,1,1,0,0,0,1,1,0,0,0,0,0,0,아메리카노,달콤한커피류,얼음갈린커피,0,,,,,,,,,,,,,,,,,,,,1,1.0,1.0,1.0,0.0,0.0,1.0,0.0,0.0,0.0,1.0,0.0,1.0,0.0,0.0,0.0,0.0,0.0,0.0,0.0,1,1.0,1.0,0.0,0.0,0.0,0.0,1.0,0.0,0.0,0.0,0.0,1.0,0.0,0.0,0.0,0.0,0.0,0.0,0.0,0,,,,,,,,,,,,,,,,,,,,0,,,,,,,,,,,,,,,,,,,,0,,,,,,,,,,,,,,,,,,,
R1720,남,21,20대,20~24,대학(원)생,대학생,충남,기타지역,비수도권,0,1,1,0,0,0,0,0,0,0,0,1,0,0,1,카페라떼,아메리카노,주스에이드,0,,,,,,,,,,,,,,,,,,,,1,1.0,1.0,0.0,0.0,0.0,0.0,0.0,0.0,0.0,0.0,1.0,0.0,0.0,0.0,0.0,0.0,0.0,0.0,0.0,1,1.0,0.0,0.0,0.0,0.0,0.0,0.0,0.0,0.0,0.0,0.0,0.0,0.0,0.0,0.0,1.0,0.0,0.0,0.0,0,,,,,,,,,,,,,,,,,,,,0,,,,,,,,,,,,,,,,,,,,0,,,,,,,,,,,,,,,,,,,
R1721,남,48,40대,45~49,직장인,경영/관리직,경북,기타지역,비수도권,0,1,0,0,0,1,0,1,0,0,0,0,1,0,0,아메리카노,달콤한커피류,얼음갈린티,0,,,,,,,,,,,,,,,,,,,,1,1.0,0.0,0.0,0.0,1.0,0.0,1.0,0.0,1.0,0.0,0.0,0.0,0.0,0.0,0.0,0.0,0.0,0.0,0.0,1,1.0,1.0,0.0,0.0,1.0,1.0,0.0,0.0,0.0,0.0,0.0,0.0,0.0,0.0,0.0,0.0,0.0,0.0,0.0,0,,,,,,,,,,,,,,,,,,,,1,1.0,0.0,0.0,1.0,0.0,0.0,0.0,0.0,0.0,0.0,0.0,0.0,0.0,0.0,0.0,0.0,0.0,0.0,0.0,0,,,,,,,,,,,,,,,,,,,
R1722,남,29,20대,25~29,전업주부,전업주부,서울,서울,수도권,1,1,0,1,0,0,0,0,0,0,0,0,0,0,0,아메리카노,카푸치노,에스프레소,0,,,,,,,,,,,,,,,,,,,,1,1.0,0.0,0.0,0.0,1.0,0.0,0.0,0.0,0.0,0.0,0.0,0.0,0.0,0.0,0.0,0.0,1.0,0.0,0.0,1,1.0,1.0,0.0,0.0,1.0,1.0,0.0,0.0,0.0,1.0,0.0,1.0,0.0,0.0,0.0,1.0,0.0,0.0,0.0,0,,,,,,,,,,,,,,,,,,,,1,1.0,1.0,1.0,0.0,0.0,0.0,1.0,0.0,0.0,0.0,0.0,0.0,0.0,0.0,0.0,0.0,0.0,0.0,0.0,0,,,,,,,,,,,,,,,,,,,
R1723,남,40,40대,40~44,직장인,사무/기술직,경기,서울외수도권,수도권,1,1,0,0,0,0,0,1,0,0,0,0,0,0,0,아메리카노,달콤한커피류,에스프레소,0,,,,,,,,,,,,,,,,,,,,1,1.0,0.0,0.0,0.0,0.0,1.0,0.0,0.0,0.0,1.0,0.0,0.0,0.0,0.0,0.0,0.0,1.0,0.0,0.0,1,1.0,1.0,0.0,0.0,1.0,0.0,1.0,0.0,1.0,1.0,0.0,0.0,0.0,0.0,0.0,0.0,0.0,0.0,0.0,0,,,,,,,,,,,,,,,,,,,,0,,,,,,,,,,,,,,,,,,,,1,1.0,1.0,0.0,0.0,0.0,0.0,0.0,0.0,0.0,0.0,0.0,0.0,0.0,0.0,0.0,0.0,1.0,0.0,0.0
R1724,남,43,40대,40~44,기타직업,무직,대구,5대광역시,비수도권,0,1,0,0,1,0,0,1,0,0,0,1,0,0,0,아메리카노,과일티에이드,콜드브루,0,,,,,,,,,,,,,,,,,,,,0,,,,,,,,,,,,,,,,,,,,0,,,,,,,,,,,,,,,,,,,,0,,,,,,,,,,,,,,,,,,,,0,,,,,,,,,,,,,,,,,,,,1,1.0,1.0,0.0,0.0,0.0,0.0,0.0,0.0,0.0,0.0,0.0,0.0,0.0,0.0,0.0,0.0,1.0,0.0,0.0
R1725,남,30,30대,30~34,직장인,사무/기술직,대전,5대광역시,비수도권,0,1,0,0,0,0,0,0,0,0,0,0,0,0,1,주스에이드,아메리카노,,0,,,,,,,,,,,,,,,,,,,,0,,,,,,,,,,,,,,,,,,,,0,,,,,,,,,,,,,,,,,,,,0,,,,,,,,,,,,,,,,,,,,1,1.0,0.0,0.0,1.0,0.0,0.0,0.0,0.0,0.0,1.0,0.0,0.0,0.0,0.0,0.0,0.0,0.0,0.0,0.0,0,,,,,,,,,,,,,,,,,,,
R1726,남,57,50대,55~59,직장인,경영/관리직,경남,기타지역,비수도권,1,1,1,1,0,0,0,0,0,0,0,0,0,1,0,아메리카노,스무디쉐이크,카페라떼,0,,,,,,,,,,,,,,,,,,,,0,,,,,,,,,,,,,,,,,,,,1,1.0,0.0,0.0,0.0,0.0,0.0,0.0,0.0,0.0,0.0,0.0,0.0,0.0,0.0,0.0,0.0,0.0,0.0,0.0,0,,,,,,,,,,,,,,,,,,,,1,1.0,1.0,0.0,0.0,0.0,0.0,0.0,0.0,0.0,1.0,1.0,0.0,0.0,0.0,0.0,0.0,0.0,0.0,0.0,0,,,,,,,,,,,,,,,,,,,
R1727,여,24,20대,20~24,기타직업,기타,충북,기타지역,비수도권,0,1,0,0,0,0,0,0,0,0,1,0,0,0,0,아메리카노,달콤한티,,1,1.0,1.0,1.0,0.0,0.0,1.0,1.0,0.0,0.0,1.0,0.0,0.0,0.0,0.0,0.0,0.0,0.0,0.0,0.0,1,1.0,1.0,0.0,0.0,0.0,0.0,0.0,0.0,0.0,0.0,0.0,0.0,0.0,0.0,0.0,0.0,0.0,0.0,0.0,0,,,,,,,,,,,,,,,,,,,,1,1.0,1.0,0.0,0.0,0.0,0.0,0.0,0.0,0.0,0.0,0.0,0.0,0.0,0.0,0.0,0.0,0.0,0.0,0.0,1,1.0,0.0,0.0,0.0,1.0,1.0,1.0,0.0,0.0,0.0,0.0,0.0,0.0,0.0,1.0,0.0,0.0,0.0,0.0,1,1.0,1.0,1.0,1.0,0.0,0.0,0.0,0.0,0.0,0.0,1.0,0.0,0.0,0.0,0.0,0.0,0.0,0.0,0.0
R1728,남,55,50대,55~59,직장인,판매/영업 서비스직,경남,기타지역,비수도권,0,0,1,0,0,0,0,1,1,0,0,0,0,0,1,달콤한커피류,주스에이드,얼음갈린커피,0,,,,,,,,,,,,,,,,,,,,1,1.0,1.0,0.0,0.0,0.0,0.0,0.0,0.0,0.0,0.0,0.0,0.0,0.0,0.0,0.0,0.0,1.0,0.0,0.0,1,1.0,1.0,1.0,0.0,0.0,1.0,0.0,0.0,0.0,0.0,0.0,1.0,1.0,0.0,0.0,0.0,0.0,0.0,0.0,1,1.0,0.0,0.0,0.0,0.0,0.0,0.0,0.0,1.0,0.0,0.0,0.0,0.0,0.0,0.0,0.0,1.0,0.0,0.0,0,,,,,,,,,,,,,,,,,,,,1,1.0,0.0,0.0,0.0,0.0,0.0,0.0,0.0,0.0,1.0,0.0,0.0,0.0,0.0,0.0,0.0,0.0,0.0,0.0
R1729,남,51,50대,50~54,직장인,사무/기술직,제주,기타지역,비수도권,0,0,1,0,0,0,0,0,1,0,0,1,0,0,0,카페라떼,과일티에이드,얼음갈린커피,1,1.0,0.0,0.0,1.0,0.0,0.0,0.0,0.0,0.0,1.0,0.0,0.0,0.0,0.0,0.0,0.0,0.0,0.0,0.0,0,,,,,,,,,,,,,,,,,,,,1,1.0,0.0,0.0,1.0,1.0,0.0,0.0,0.0,0.0,0.0,1.0,1.0,0.0,0.0,1.0,0.0,0.0,0.0,0.0,0,,,,,,,,,,,,,,,,,,,,1,1.0,1.0,0.0,0.0,0.0,1.0,0.0,0.0,0.0,0.0,0.0,0.0,0.0,0.0,0.0,0.0,0.0,0.0,0.0,1,1.0,1.0,0.0,0.0,0.0,1.0,0.0,0.0,0.0,0.0,0.0,0.0,0.0,0.0,0.0,0.0,0.0,0.0,1.0
R1730,여,59,50대,55~59,직장인,경영/관리직,경기,서울외수도권,수도권,0,1,1,0,0,0,0,0,0,0,0,0,1,0,0,아메리카노,카페라떼,얼음갈린티,0,,,,,,,,,,,,,,,,,,,,1,1.0,1.0,0.0,0.0,0.0,1.0,0.0,1.0,0.0,1.0,0.0,0.0,0.0,0.0,0.0,0.0,0.0,0.0,0.0,0,,,,,,,,,,,,,,,,,,,,0,,,,,,,,,,,,,,,,,,,,0,,,,,,,,,,,,,,,,,,,,0,,,,,,,,,,,,,,,,,,,
R1731,여,36,30대,35~39,직장인,사무/기술직,경북,기타지역,비수도권,0,0,1,0,1,0,0,0,0,0,0,0,0,0,0,콜드브루,카페라떼,,1,1.0,0.0,1.0,0.0,1.0,0.0,0.0,0.0,0.0,0.0,0.0,1.0,0.0,0.0,0.0,0.0,0.0,0.0,0.0,0,,,,,,,,,,,,,,,,,,,,0,,,,,,,,,,,,,,,,,,,,1,1.0,0.0,1.0,0.0,0.0,1.0,0.0,0.0,0.0,0.0,0.0,0.0,0.0,0.0,0.0,1.0,0.0,0.0,0.0,1,1.0,1.0,0.0,0.0,0.0,1.0,0.0,0.0,0.0,0.0,0.0,0.0,1.0,0.0,0.0,0.0,0.0,0.0,0.0,0,,,,,,,,,,,,,,,,,,,
R1732,여,53,50대,50~54,직장인,사무/기술직,인천,서울외수도권,수도권,0,1,1,0,0,0,0,0,0,0,0,0,0,0,0,아메리카노,카페라떼,,1,1.0,1.0,0.0,0.0,0.0,0.0,0.0,0.0,0.0,0.0,0.0,0.0,0.0,0.0,0.0,0.0,0.0,0.0,0.0,1,1.0,1.0,0.0,1.0,0.0,0.0,0.0,0.0,0.0,0.0,0.0,0.0,0.0,0.0,0.0,0.0,1.0,0.0,0.0,1,1.0,0.0,0.0,0.0,0.0,0.0,0.0,0.0,0.0,0.0,0.0,0.0,0.0,0.0,0.0,0.0,0.0,1.0,0.0,0,,,,,,,,,,,,,,,,,,,,0,,,,,,,,,,,,,,,,,,,,0,,,,,,,,,,,,,,,,,,,
R1733,남,48,40대,45~49,대학(원)생,대학생,대전,5대광역시,비수도권,0,0,1,0,1,0,0,0,0,0,0,0,0,0,0,카페라떼,콜드브루,,1,1.0,1.0,0.0,1.0,0.0,1.0,0.0,1.0,0.0,0.0,0.0,0.0,0.0,0.0,0.0,1.0,0.0,0.0,0.0,1,1.0,1.0,0.0,0.0,0.0,0.0,0.0,0.0,0.0,0.0,0.0,0.0,0.0,0.0,0.0,0.0,0.0,1.0,0.0,0,,,,,,,,,,,,,,,,,,,,0,,,,,,,,,,,,,,,,,,,,1,1.0,0.0,0.0,0.0,0.0,0.0,0.0,0.0,0.0,0.0,0.0,0.0,0.0,0.0,0.0,0.0,0.0,0.0,0.0,1,1.0,1.0,0.0,1.0,0.0,0.0,0.0,0.0,0.0,0.0,0.0,0.0,0.0,0.0,0.0,0.0,0.0,0.0,0.0
R1734,여,41,40대,40~44,직장인,자유/전문직,대구,5대광역시,비수도권,0,1,0,0,0,0,0,0,0,1,0,1,0,1,0,아메리카노,기본티,스무디쉐이크,0,,,,,,,,,,,,,,,,,,,,0,,,,,,,,,,,,,,,,,,,,0,,,,,,,,,,,,,,,,,,,,0,,,,,,,,,,,,,,,,,,,,1,1.0,1.0,0.0,1.0,0.0,0.0,1.0,0.0,0.0,0.0,0.0,0.0,0.0,0.0,0.0,0.0,0.0,0.0,0.0,1,1.0,0.0,0.0,0.0,0.0,1.0,0.0,0.0,0.0,1.0,0.0,0.0,0.0,0.0,0.0,0.0,0.0,0.0,0.0
R1735,남,36,30대,35~39,기타직업,무직,경기,서울외수도권,수도권,0,1,0,0,0,0,0,1,0,0,0,1,0,0,1,아메리카노,달콤한커피류,과일티에이드,0,,,,,,,,,,,,,,,,,,,,0,,,,,,,,,,,,,,,,,,,,0,,,,,,,,,,,,,,,,,,,,0,,,,,,,,,,,,,,,,,,,,1,1.0,1.0,0.0,1.0,0.0,1.0,0.0,0.0,0.0,0.0,0.0,0.0,0.0,0.0,0.0,0.0,1.0,0.0,0.0,1,1.0,1.0,0.0,0.0,0.0,0.0,0.0,0.0,0.0,1.0,0.0,0.0,0.0,0.0,0.0,0.0,0.0,0.0,0.0
R1736,여,38,30대,35~39,기타직업,자유/전문직,경남,기타지역,비수도권,1,1,1,0,0,0,0,0,0,1,0,0,0,0,1,아메리카노,카페라떼,주스에이드,1,1.0,1.0,0.0,0.0,0.0,0.0,0.0,0.0,0.0,0.0,0.0,0.0,0.0,0.0,0.0,0.0,1.0,0.0,0.0,0,,,,,,,,,,,,,,,,,,,,0,,,,,,,,,,,,,,,,,,,,0,,,,,,,,,,,,,,,,,,,,1,1.0,1.0,0.0,0.0,1.0,0.0,0.0,0.0,0.0,0.0,0.0,0.0,0.0,0.0,0.0,0.0,0.0,0.0,0.0,0,,,,,,,,,,,,,,,,,,,
R1737,여,58,50대,55~59,전업주부,전업주부,세종,기타지역,비수도권,0,0,0,0,0,0,0,1,0,0,0,0,0,0,1,달콤한커피류,주스에이드,,1,1.0,0.0,0.0,1.0,0.0,0.0,0.0,0.0,0.0,0.0,0.0,0.0,0.0,0.0,0.0,0.0,1.0,0.0,0.0,0,,,,,,,,,,,,,,,,,,,,0,,,,,,,,,,,,,,,,,,,,1,1.0,0.0,1.0,0.0,1.0,0.0,1.0,1.0,0.0,0.0,0.0,0.0,0.0,0.0,0.0,0.0,0.0,0.0,0.0,1,1.0,1.0,0.0,0.0,0.0,1.0,0.0,0.0,0.0,0.0,0.0,1.0,0.0,0.0,0.0,0.0,0.0,0.0,0.0,0,,,,,,,,,,,,,,,,,,,
R1738,여,43,40대,40~44,기타직업,무직,서울,서울,수도권,0,1,1,0,0,1,0,0,0,1,0,0,0,1,0,카페라떼,아메리카노,스무디쉐이크,0,,,,,,,,,,,,,,,,,,,,0,,,,,,,,,,,,,,,,,,,,0,,,,,,,,,,,,,,,,,,,,0,,,,,,,,,,,,,,,,,,,,1,1.0,0.0,0.0,1.0,1.0,1.0,0.0,0.0,0.0,0.0,0.0,0.0,0.0,0.0,0.0,0.0,0.0,0.0,0.0,0,,,,,,,,,,,,,,,,,,,
R1739,여,53,50대,50~54,직장인,자영업,경기,서울외수도권,수도권,0,1,0,0,0,0,0,1,0,1,0,0,0,0,1,달콤한커피류,아메리카노,기본티,1,1.0,1.0,0.0,0.0,0.0,0.0,0.0,0.0,0.0,0.0,0.0,0.0,0.0,0.0,0.0,0.0,0.0,0.0,0.0,0,,,,,,,,,,,,,,,,,,,,1,1.0,1.0,0.0,0.0,1.0,1.0,1.0,0.0,0.0,0.0,0.0,0.0,0.0,0.0,0.0,0.0,0.0,0.0,0.0,0,,,,,,,,,,,,,,,,,,,,0,,,,,,,,,,,,,,,,,,,,0,,,,,,,,,,,,,,,,,,,
R1740,남,37,30대,35~39,직장인,사무/기술직,경기,서울외수도권,수도권,1,1,0,0,1,0,0,0,1,0,0,0,0,0,1,아메리카노,콜드브루,얼음갈린커피,0,,,,,,,,,,,,,,,,,,,,1,1.0,1.0,0.0,0.0,0.0,1.0,0.0,0.0,0.0,0.0,0.0,0.0,1.0,0.0,0.0,0.0,0.0,0.0,0.0,0,,,,,,,,,,,,,,,,,,,,0,,,,,,,,,,,,,,,,,,,,1,1.0,1.0,0.0,1.0,0.0,0.0,0.0,0.0,0.0,0.0,0.0,0.0,0.0,0.0,0.0,1.0,0.0,0.0,0.0,0,,,,,,,,,,,,,,,,,,,
R1741,남,53,50대,50~54,직장인,사무/기술직,경기,서울외수도권,수도권,0,0,0,0,0,0,0,0,0,1,0,1,0,0,0,과일티에이드,기본티,,1,1.0,1.0,0.0,1.0,1.0,1.0,0.0,0.0,0.0,1.0,0.0,0.0,0.0,0.0,0.0,0.0,0.0,0.0,0.0,0,,,,,,,,,,,,,,,,,,,,0,,,,,,,,,,,,,,,,,,,,1,1.0,0.0,0.0,0.0,0.0,0.0,1.0,0.0,1.0,0.0,1.0,0.0,0.0,0.0,0.0,0.0,0.0,0.0,0.0,0,,,,,,,,,,,,,,,,,,,,0,,,,,,,,,,,,,,,,,,,
R1742,여,32,30대,30~34,직장인,사무/기술직,서울,서울,수도권,0,1,0,0,0,0,0,0,0,0,0,1,0,0,1,주스에이드,과일티에이드,아메리카노,0,,,,,,,,,,,,,,,,,,,,0,,,,,,,,,,,,,,,,,,,,1,1.0,1.0,0.0,0.0,1.0,0.0,0.0,0.0,0.0,0.0,0.0,0.0,0.0,0.0,0.0,0.0,0.0,0.0,0.0,0,,,,,,,,,,,,,,,,,,,,0,,,,,,,,,,,,,,,,,,,,0,,,,,,,,,,,,,,,,,,,
R1743,여,20,20대,20~24,직장인,사무/기술직,광주,5대광역시,비수도권,0,1,1,0,1,0,0,1,1,0,1,0,0,0,0,아메리카노,콜드브루,달콤한커피류,1,1.0,1.0,0.0,0.0,0.0,0.0,0.0,0.0,0.0,1.0,1.0,0.0,0.0,0.0,0.0,0.0,0.0,0.0,0.0,0,,,,,,,,,,,,,,,,,,,,1,1.0,1.0,0.0,0.0,1.0,1.0,0.0,0.0,0.0,0.0,0.0,0.0,0.0,1.0,0.0,0.0,0.0,0.0,0.0,0,,,,,,,,,,,,,,,,,,,,1,1.0,0.0,0.0,0.0,0.0,1.0,0.0,0.0,0.0,0.0,1.0,0.0,0.0,0.0,0.0,0.0,0.0,0.0,0.0,0,,,,,,,,,,,,,,,,,,,
R1744,여,55,50대,55~59,직장인,사무/기술직,경기,서울외수도권,수도권,0,1,0,1,0,0,0,0,0,0,0,0,0,1,0,아메리카노,스무디쉐이크,카푸치노,0,,,,,,,,,,,,,,,,,,,,0,,,,,,,,,,,,,,,,,,,,1,1.0,0.0,0.0,0.0,0.0,1.0,0.0,0.0,0.0,0.0,0.0,0.0,0.0,0.0,0.0,0.0,0.0,0.0,0.0,0,,,,,,,,,,,,,,,,,,,,1,1.0,1.0,0.0,0.0,1.0,1.0,0.0,0.0,0.0,0.0,0.0,0.0,0.0,0.0,0.0,0.0,0.0,0.0,0.0,1,1.0,1.0,1.0,0.0,0.0,0.0,0.0,1.0,0.0,0.0,0.0,0.0,0.0,0.0,1.0,0.0,0.0,0.0,0.0
R1745,남,39,30대,35~39,기타직업,기타,경북,기타지역,비수도권,0,1,0,0,0,0,0,0,0,0,0,0,0,0,0,아메리카노,,,0,,,,,,,,,,,,,,,,,,,,0,,,,,,,,,,,,,,,,,,,,0,,,,,,,,,,,,,,,,,,,,0,,,,,,,,,,,,,,,,,,,,1,1.0,1.0,0.0,0.0,0.0,1.0,1.0,0.0,0.0,0.0,0.0,0.0,0.0,0.0,0.0,0.0,0.0,0.0,0.0,1,1.0,1.0,0.0,0.0,1.0,1.0,0.0,0.0,0.0,1.0,0.0,1.0,0.0,0.0,0.0,0.0,0.0,0.0,0.0
R1746,여,27,20대,25~29,직장인,경영/관리직,경남,기타지역,비수도권,0,1,1,0,0,1,0,0,0,1,0,0,0,0,0,아메리카노,카페라떼,기본티,1,1.0,1.0,0.0,0.0,1.0,1.0,1.0,0.0,0.0,0.0,0.0,0.0,0.0,0.0,0.0,0.0,0.0,0.0,0.0,1,1.0,0.0,1.0,0.0,0.0,1.0,0.0,0.0,0.0,0.0,0.0,0.0,0.0,0.0,0.0,0.0,0.0,0.0,1.0,1,1.0,1.0,0.0,0.0,0.0,0.0,0.0,0.0,0.0,0.0,0.0,0.0,0.0,0.0,0.0,1.0,0.0,0.0,1.0,1,1.0,1.0,0.0,1.0,0.0,0.0,1.0,0.0,0.0,1.0,0.0,0.0,0.0,0.0,0.0,0.0,0.0,0.0,0.0,0,,,,,,,,,,,,,,,,,,,,0,,,,,,,,,,,,,,,,,,,
R1747,남,59,50대,55~59,기타직업,기능/작업직,경기,서울외수도권,수도권,0,1,0,0,0,0,0,0,0,0,1,0,0,1,0,아메리카노,스무디쉐이크,달콤한티,0,,,,,,,,,,,,,,,,,,,,0,,,,,,,,,,,,,,,,,,,,1,1.0,0.0,0.0,0.0,1.0,0.0,0.0,0.0,0.0,0.0,0.0,0.0,0.0,0.0,0.0,0.0,0.0,0.0,0.0,1,1.0,1.0,0.0,0.0,0.0,0.0,0.0,0.0,0.0,0.0,0.0,0.0,0.0,0.0,0.0,0.0,1.0,0.0,0.0,0,,,,,,,,,,,,,,,,,,,,0,,,,,,,,,,,,,,,,,,,
R1748,여,35,30대,35~39,직장인,자유/전문직,서울,서울,수도권,0,0,1,0,0,0,0,1,0,0,0,1,0,0,1,카페라떼,달콤한커피류,과일티에이드,0,,,,,,,,,,,,,,,,,,,,0,,,,,,,,,,,,,,,,,,,,0,,,,,,,,,,,,,,,,,,,,0,,,,,,,,,,,,,,,,,,,,0,,,,,,,,,,,,,,,,,,,,1,1.0,0.0,0.0,0.0,0.0,0.0,0.0,0.0,1.0,0.0,0.0,0.0,0.0,0.0,0.0,0.0,0.0,0.0,0.0
R1749,남,34,30대,30~34,전업주부,전업주부,경기,서울외수도권,수도권,0,1,0,0,0,0,1,1,0,0,0,0,0,0,0,달콤한커피류,아메리카노,드립핸드드립,0,,,,,,,,,,,,,,,,,,,,0,,,,,,,,,,,,,,,,,,,,0,,,,,,,,,,,,,,,,,,,,0,,,,,,,,,,,,,,,,,,,,1,1.0,1.0,0.0,1.0,0.0,0.0,0.0,0.0,1.0,0.0,0.0,1.0,0.0,0.0,0.0,0.0,0.0,0.0,0.0,1,1.0,0.0,1.0,0.0,1.0,0.0,1.0,0.0,0.0,0.0,0.0,0.0,0.0,0.0,0.0,0.0,0.0,1.0,0.0
R1750,남,34,30대,30~34,기타직업,무직,강원,기타지역,비수도권,0,0,0,0,0,0,0,0,0,0,1,0,1,0,0,달콤한티,얼음갈린티,,0,,,,,,,,,,,,,,,,,,,,0,,,,,,,,,,,,,,,,,,,,0,,,,,,,,,,,,,,,,,,,,1,1.0,1.0,0.0,0.0,0.0,1.0,0.0,0.0,0.0,1.0,0.0,0.0,0.0,0.0,0.0,0.0,0.0,0.0,0.0,1,1.0,0.0,0.0,1.0,0.0,0.0,1.0,0.0,1.0,1.0,0.0,0.0,0.0,0.0,0.0,0.0,0.0,0.0,0.0,0,,,,,,,,,,,,,,,,,,,
R1751,여,48,40대,45~49,전업주부,전업주부,전남,기타지역,비수도권,0,0,1,0,0,0,0,1,0,0,0,1,0,0,0,달콤한커피류,과일티에이드,카페라떼,0,,,,,,,,,,,,,,,,,,,,0,,,,,,,,,,,,,,,,,,,,1,1.0,1.0,0.0,0.0,0.0,1.0,0.0,0.0,0.0,1.0,1.0,0.0,0.0,0.0,0.0,1.0,0.0,0.0,0.0,1,1.0,1.0,0.0,0.0,0.0,0.0,0.0,0.0,0.0,0.0,0.0,0.0,0.0,0.0,0.0,0.0,0.0,0.0,0.0,0,,,,,,,,,,,,,,,,,,,,0,,,,,,,,,,,,,,,,,,,
R1752,여,24,20대,20~24,직장인,자유/전문직,서울,서울,수도권,0,1,1,0,0,0,0,1,0,0,1,0,1,0,0,아메리카노,달콤한티,달콤한커피류,0,,,,,,,,,,,,,,,,,,,,0,,,,,,,,,,,,,,,,,,,,0,,,,,,,,,,,,,,,,,,,,1,1.0,1.0,0.0,1.0,0.0,1.0,0.0,0.0,0.0,0.0,0.0,0.0,0.0,0.0,0.0,0.0,0.0,0.0,0.0,0,,,,,,,,,,,,,,,,,,,,0,,,,,,,,,,,,,,,,,,,
R1753,여,42,40대,40~44,직장인,사무/기술직,대구,5대광역시,비수도권,0,1,1,0,0,0,0,0,0,0,1,0,0,0,1,아메리카노,달콤한티,카페라떼,0,,,,,,,,,,,,,,,,,,,,1,1.0,1.0,1.0,0.0,0.0,0.0,0.0,0.0,0.0,0.0,0.0,0.0,0.0,0.0,0.0,0.0,0.0,0.0,0.0,1,1.0,0.0,0.0,0.0,0.0,1.0,0.0,0.0,0.0,0.0,0.0,0.0,0.0,1.0,0.0,0.0,0.0,0.0,0.0,0,,,,,,,,,,,,,,,,,,,,0,,,,,,,,,,,,,,,,,,,,0,,,,,,,,,,,,,,,,,,,
R1754,남,29,20대,25~29,기타직업,자영업,서울,서울,수도권,0,0,0,0,0,0,0,0,0,0,0,1,0,0,0,과일티에이드,,,1,1.0,1.0,0.0,0.0,0.0,0.0,0.0,0.0,0.0,1.0,0.0,0.0,0.0,0.0,0.0,0.0,0.0,0.0,0.0,1,1.0,1.0,1.0,0.0,0.0,0.0,0.0,0.0,0.0,0.0,0.0,0.0,0.0,0.0,0.0,0.0,1.0,0.0,0.0,0,,,,,,,,,,,,,,,,,,,,0,,,,,,,,,,,,,,,,,,,,0,,,,,,,,,,,,,,,,,,,,0,,,,,,,,,,,,,,,,,,,
R1755,여,48,40대,45~49,직장인,사무/기술직,세종,기타지역,비수도권,0,0,1,0,0,0,0,1,1,0,0,1,0,0,0,달콤한커피류,카페라떼,과일티에이드,1,1.0,0.0,0.0,1.0,1.0,1.0,0.0,0.0,0.0,0.0,0.0,0.0,0.0,0.0,0.0,0.0,1.0,0.0,0.0,0,,,,,,,,,,,,,,,,,,,,0,,,,,,,,,,,,,,,,,,,,0,,,,,,,,,,,,,,,,,,,,0,,,,,,,,,,,,,,,,,,,,0,,,,,,,,,,,,,,,,,,,
R1756,남,56,50대,55~59,직장인,사무/기술직,충남,기타지역,비수도권,0,0,0,0,0,0,0,1,0,0,0,0,0,0,0,달콤한커피류,,,0,,,,,,,,,,,,,,,,,,,,1,1.0,1.0,0.0,1.0,0.0,0.0,0.0,0.0,0.0,1.0,1.0,1.0,0.0,0.0,0.0,0.0,1.0,0.0,0.0,1,1.0,0.0,0.0,0.0,0.0,1.0,1.0,0.0,0.0,0.0,0.0,0.0,0.0,0.0,0.0,1.0,0.0,0.0,0.0,1,1.0,0.0,0.0,1.0,1.0,0.0,0.0,0.0,0.0,0.0,0.0,0.0,0.0,0.0,0.0,0.0,0.0,0.0,0.0,0,,,,,,,,,,,,,,,,,,,,1,1.0,1.0,1.0,0.0,0.0,1.0,1.0,0.0,0.0,0.0,0.0,0.0,0.0,0.0,1.0,0.0,0.0,0.0,0.0
R1757,여,43,40대,40~44,직장인,경영/관리직,서울,서울,수도권,0,1,0,0,0,0,0,0,1,0,1,0,0,0,0,얼음갈린커피,아메리카노,달콤한티,1,1.0,1.0,0.0,0.0,0.0,0.0,1.0,0.0,0.0,0.0,0.0,0.0,0.0,0.0,0.0,0.0,1.0,0.0,0.0,0,,,,,,,,,,,,,,,,,,,,0,,,,,,,,,,,,,,,,,,,,0,,,,,,,,,,,,,,,,,,,,0,,,,,,,,,,,,,,,,,,,,0,,,,,,,,,,,,,,,,,,,
R1758,남,26,20대,25~29,전업주부,전업주부,광주,5대광역시,비수도권,1,1,0,0,0,0,1,1,0,0,1,0,0,1,0,아메리카노,드립핸드드립,스무디쉐이크,1,1.0,0.0,0.0,0.0,1.0,1.0,0.0,0.0,0.0,1.0,1.0,1.0,0.0,0.0,0.0,0.0,0.0,0.0,0.0,1,1.0,1.0,0.0,1.0,0.0,0.0,0.0,0.0,0.0,0.0,0.0,0.0,0.0,0.0,0.0,0.0,0.0,0.0,0.0,1,1.0,1.0,1.0,0.0,0.0,0.0,0.0,0.0,0.0,0.0,0.0,0.0,0.0,0.0,0.0,1.0,0.0,0.0,0.0,0,,,,,,,,,,,,,,,,,,,,0,,,,,,,,,,,,,,,,,,,,0,,,,,,,,,,,,,,,,,,,
R1759,여,58,50대,55~59,직장인,자영업,서울,서울,수도권,1,1,0,0,0,0,0,1,0,0,1,0,0,1,0,아메리카노,스무디쉐이크,에스프레소,1,1.0,1.0,0.0,0.0,1.0,0.0,0.0,0.0,0.0,0.0,0.0,0.0,0.0,1.0,0.0,1.0,0.0,0.0,0.0,1,1.0,1.0,0.0,0.0,0.0,0.0,0.0,0.0,0.0,0.0,1.0,0.0,0.0,0.0,0.0,0.0,0.0,0.0,0.0,0,,,,,,,,,,,,,,,,,,,,0,,,,,,,,,,,,,,,,,,,,1,1.0,0.0,0.0,0.0,0.0,1.0,1.0,0.0,0.0,1.0,0.0,0.0,0.0,0.0,0.0,0.0,0.0,0.0,0.0,0,,,,,,,,,,,,,,,,,,,
R1760,여,58,50대,55~59,직장인,기능/작업직,경기,서울외수도권,수도권,0,1,1,0,0,0,0,0,0,0,0,1,1,0,0,아메리카노,얼음갈린티,카페라떼,1,1.0,1.0,0.0,0.0,0.0,0.0,0.0,0.0,0.0,0.0,0.0,1.0,0.0,0.0,0.0,0.0,0.0,0.0,0.0,1,1.0,1.0,0.0,0.0,0.0,0.0,0.0,0.0,0.0,0.0,0.0,0.0,0.0,0.0,0.0,0.0,0.0,0.0,0.0,0,,,,,,,,,,,,,,,,,,,,1,1.0,1.0,0.0,1.0,0.0,1.0,0.0,0.0,0.0,0.0,0.0,0.0,0.0,0.0,0.0,0.0,0.0,0.0,0.0,0,,,,,,,,,,,,,,,,,,,,0,,,,,,,,,,,,,,,,,,,
R1761,남,40,40대,40~44,직장인,자유/전문직,부산,5대광역시,비수도권,1,1,0,0,1,0,0,0,0,0,0,0,0,0,0,아메리카노,콜드브루,에스프레소,0,,,,,,,,,,,,,,,,,,,,1,1.0,1.0,0.0,0.0,0.0,0.0,1.0,0.0,0.0,0.0,0.0,1.0,0.0,0.0,0.0,0.0,0.0,0.0,0.0,0,,,,,,,,,,,,,,,,,,,,0,,,,,,,,,,,,,,,,,,,,0,,,,,,,,,,,,,,,,,,,,0,,,,,,,,,,,,,,,,,,,
R1762,남,25,20대,25~29,직장인,기능/작업직,울산,5대광역시,비수도권,1,1,0,0,0,0,0,0,0,0,0,0,0,0,0,아메리카노,에스프레소,,1,1.0,1.0,0.0,1.0,1.0,1.0,0.0,0.0,0.0,0.0,0.0,0.0,0.0,0.0,0.0,0.0,0.0,0.0,1.0,0,,,,,,,,,,,,,,,,,,,,0,,,,,,,,,,,,,,,,,,,,0,,,,,,,,,,,,,,,,,,,,0,,,,,,,,,,,,,,,,,,,,0,,,,,,,,,,,,,,,,,,,
R1763,남,40,40대,40~44,기타직업,판매/영업 서비스직,서울,서울,수도권,0,1,1,1,0,0,0,1,0,0,0,0,1,0,0,아메리카노,얼음갈린티,카페라떼,0,,,,,,,,,,,,,,,,,,,,1,1.0,0.0,0.0,0.0,0.0,1.0,1.0,0.0,0.0,0.0,0.0,0.0,0.0,0.0,0.0,0.0,0.0,0.0,0.0,0,,,,,,,,,,,,,,,,,,,,0,,,,,,,,,,,,,,,,,,,,0,,,,,,,,,,,,,,,,,,,,1,1.0,1.0,0.0,1.0,1.0,0.0,0.0,0.0,0.0,0.0,0.0,1.0,0.0,0.0,0.0,0.0,0.0,0.0,0.0
R1764,남,48,40대,45~49,직장인,사무/기술직,경남,기타지역,비수도권,0,0,1,0,0,0,0,1,0,1,0,1,0,1,0,달콤한커피류,카페라떼,과일티에이드,0,,,,,,,,,,,,,,,,,,,,1,1.0,1.0,0.0,1.0,1.0,1.0,1.0,0.0,0.0,0.0,1.0,1.0,0.0,0.0,0.0,0.0,0.0,0.0,1.0,1,1.0,0.0,0.0,0.0,1.0,0.0,0.0,0.0,0.0,0.0,0.0,0.0,0.0,0.0,0.0,0.0,0.0,0.0,0.0,1,1.0,0.0,0.0,1.0,0.0,0.0,1.0,0.0,0.0,0.0,0.0,0.0,0.0,0.0,0.0,0.0,0.0,0.0,0.0,0,,,,,,,,,,,,,,,,,,,,0,,,,,,,,,,,,,,,,,,,
R1765,여,56,50대,55~59,직장인,자유/전문직,경기,서울외수도권,수도권,0,1,0,0,0,0,0,1,0,0,1,0,0,0,0,아메리카노,달콤한커피류,달콤한티,0,,,,,,,,,,,,,,,,,,,,0,,,,,,,,,,,,,,,,,,,,0,,,,,,,,,,,,,,,,,,,,1,1.0,1.0,0.0,0.0,1.0,0.0,1.0,1.0,0.0,0.0,0.0,0.0,0.0,0.0,0.0,0.0,0.0,0.0,0.0,1,1.0,0.0,1.0,0.0,0.0,0.0,0.0,0.0,1.0,1.0,0.0,0.0,0.0,0.0,0.0,0.0,1.0,0.0,0.0,1,1.0,0.0,0.0,0.0,0.0,1.0,0.0,0.0,0.0,0.0,1.0,0.0,0.0,0.0,0.0,0.0,0.0,0.0,0.0
R1766,여,51,50대,50~54,직장인,자영업,광주,5대광역시,비수도권,1,1,1,0,0,0,0,1,1,0,0,0,1,0,1,아메리카노,주스에이드,카페라떼,0,,,,,,,,,,,,,,,,,,,,0,,,,,,,,,,,,,,,,,,,,1,1.0,1.0,0.0,1.0,0.0,0.0,1.0,0.0,0.0,0.0,0.0,0.0,0.0,0.0,0.0,0.0,0.0,0.0,0.0,0,,,,,,,,,,,,,,,,,,,,0,,,,,,,,,,,,,,,,,,,,0,,,,,,,,,,,,,,,,,,,
R1767,남,54,50대,50~54,대학(원)생,대학원생,전북,기타지역,비수도권,0,1,0,0,0,0,0,0,0,0,1,0,0,0,0,아메리카노,달콤한티,,1,1.0,1.0,1.0,0.0,1.0,0.0,1.0,0.0,1.0,0.0,0.0,0.0,0.0,0.0,0.0,0.0,0.0,0.0,0.0,0,,,,,,,,,,,,,,,,,,,,0,,,,,,,,,,,,,,,,,,,,1,1.0,1.0,0.0,0.0,0.0,0.0,0.0,0.0,0.0,0.0,0.0,0.0,0.0,0.0,1.0,0.0,0.0,0.0,0.0,1,1.0,1.0,0.0,0.0,0.0,1.0,0.0,0.0,0.0,0.0,0.0,0.0,0.0,0.0,0.0,0.0,0.0,0.0,0.0,0,,,,,,,,,,,,,,,,,,,
R1768,남,33,30대,30~34,기타직업,무직,서울,서울,수도권,0,1,0,0,0,0,0,0,0,0,0,1,0,0,1,아메리카노,과일티에이드,주스에이드,1,1.0,0.0,0.0,0.0,0.0,0.0,0.0,0.0,1.0,0.0,0.0,0.0,0.0,0.0,1.0,0.0,0.0,0.0,0.0,0,,,,,,,,,,,,,,,,,,,,0,,,,,,,,,,,,,,,,,,,,0,,,,,,,,,,,,,,,,,,,,1,1.0,0.0,0.0,1.0,0.0,0.0,1.0,0.0,0.0,1.0,0.0,0.0,0.0,0.0,0.0,1.0,0.0,0.0,0.0,1,1.0,0.0,0.0,0.0,0.0,1.0,0.0,0.0,0.0,1.0,0.0,0.0,0.0,0.0,0.0,0.0,0.0,0.0,0.0
R1769,남,21,20대,20~24,직장인,판매/영업 서비스직,광주,5대광역시,비수도권,0,1,1,0,0,0,0,0,0,0,0,0,0,0,0,아메리카노,카페라떼,,0,,,,,,,,,,,,,,,,,,,,1,1.0,0.0,0.0,0.0,1.0,0.0,0.0,0.0,0.0,0.0,0.0,0.0,0.0,0.0,0.0,0.0,0.0,0.0,0.0,0,,,,,,,,,,,,,,,,,,,,1,1.0,0.0,0.0,0.0,0.0,1.0,1.0,0.0,0.0,0.0,0.0,0.0,0.0,0.0,1.0,0.0,0.0,0.0,0.0,0,,,,,,,,,,,,,,,,,,,,0,,,,,,,,,,,,,,,,,,,
R1770,남,58,50대,55~59,기타직업,경영/관리직,광주,5대광역시,비수도권,0,1,1,0,0,0,0,0,0,0,0,0,0,1,0,아메리카노,카페라떼,스무디쉐이크,0,,,,,,,,,,,,,,,,,,,,0,,,,,,,,,,,,,,,,,,,,1,1.0,0.0,0.0,0.0,0.0,0.0,0.0,0.0,0.0,0.0,0.0,0.0,0.0,0.0,0.0,0.0,0.0,0.0,0.0,1,1.0,1.0,0.0,0.0,0.0,1.0,0.0,0.0,0.0,1.0,0.0,0.0,0.0,0.0,0.0,0.0,0.0,0.0,0.0,1,1.0,1.0,0.0,0.0,0.0,1.0,0.0,0.0,0.0,1.0,0.0,0.0,0.0,0.0,0.0,0.0,0.0,0.0,0.0,0,,,,,,,,,,,,,,,,,,,
R1771,남,47,40대,45~49,직장인,사무/기술직,서울,서울,수도권,0,1,0,1,0,0,0,1,0,1,0,0,0,0,0,아메리카노,달콤한커피류,기본티,1,1.0,1.0,0.0,0.0,1.0,0.0,0.0,0.0,0.0,0.0,1.0,0.0,0.0,0.0,1.0,1.0,0.0,0.0,0.0,0,,,,,,,,,,,,,,,,,,,,0,,,,,,,,,,,,,,,,,,,,1,1.0,1.0,0.0,0.0,0.0,0.0,0.0,0.0,0.0,0.0,0.0,0.0,0.0,0.0,0.0,0.0,0.0,0.0,0.0,1,1.0,0.0,1.0,0.0,1.0,0.0,0.0,0.0,0.0,0.0,0.0,0.0,0.0,0.0,0.0,0.0,0.0,0.0,0.0,1,1.0,1.0,0.0,0.0,0.0,0.0,0.0,0.0,0.0,0.0,0.0,0.0,0.0,0.0,0.0,0.0,1.0,0.0,0.0
R1772,여,32,30대,30~34,직장인,사무/기술직,인천,서울외수도권,수도권,0,1,0,0,1,0,1,0,1,0,0,0,0,1,0,아메리카노,콜드브루,얼음갈린커피,0,,,,,,,,,,,,,,,,,,,,0,,,,,,,,,,,,,,,,,,,,0,,,,,,,,,,,,,,,,,,,,1,1.0,1.0,0.0,0.0,0.0,0.0,1.0,0.0,0.0,0.0,0.0,0.0,0.0,0.0,0.0,0.0,0.0,0.0,0.0,0,,,,,,,,,,,,,,,,,,,,1,1.0,1.0,1.0,0.0,1.0,1.0,0.0,0.0,0.0,1.0,1.0,0.0,0.0,0.0,1.0,0.0,0.0,0.0,0.0
R1773,남,24,20대,20~24,직장인,자유/전문직,강원,기타지역,비수도권,0,0,1,0,1,0,0,0,0,0,0,0,1,0,1,얼음갈린티,카페라떼,주스에이드,1,1.0,1.0,0.0,1.0,0.0,0.0,0.0,0.0,0.0,0.0,0.0,1.0,0.0,0.0,0.0,0.0,0.0,0.0,0.0,0,,,,,,,,,,,,,,,,,,,,0,,,,,,,,,,,,,,,,,,,,0,,,,,,,,,,,,,,,,,,,,1,1.0,1.0,0.0,0.0,0.0,0.0,0.0,0.0,0.0,1.0,0.0,0.0,0.0,0.0,0.0,0.0,0.0,0.0,0.0,0,,,,,,,,,,,,,,,,,,,
R1774,여,21,20대,20~24,대학(원)생,대학생,서울,서울,수도권,0,0,0,0,0,0,0,1,0,0,0,0,0,0,0,달콤한커피류,,,0,,,,,,,,,,,,,,,,,,,,1,1.0,0.0,0.0,0.0,1.0,1.0,0.0,0.0,0.0,0.0,0.0,0.0,0.0,0.0,0.0,0.0,0.0,1.0,0.0,0,,,,,,,,,,,,,,,,,,,,0,,,,,,,,,,,,,,,,,,,,0,,,,,,,,,,,,,,,,,,,,1,1.0,1.0,1.0,1.0,0.0,0.0,0.0,0.0,0.0,0.0,0.0,1.0,0.0,0.0,0.0,0.0,0.0,0.0,0.0
R1775,여,49,40대,45~49,직장인,사무/기술직,전북,기타지역,비수도권,0,1,1,0,0,0,0,0,0,0,0,0,0,0,0,카페라떼,아메리카노,,0,,,,,,,,,,,,,,,,,,,,1,1.0,1.0,0.0,1.0,0.0,0.0,0.0,0.0,0.0,0.0,0.0,0.0,0.0,0.0,0.0,0.0,0.0,0.0,0.0,0,,,,,,,,,,,,,,,,,,,,1,1.0,0.0,0.0,1.0,0.0,1.0,1.0,0.0,0.0,0.0,0.0,0.0,0.0,0.0,0.0,0.0,0.0,0.0,0.0,1,1.0,1.0,0.0,0.0,0.0,1.0,0.0,0.0,0.0,0.0,0.0,1.0,0.0,0.0,1.0,0.0,0.0,0.0,0.0,0,,,,,,,,,,,,,,,,,,,
R1776,여,22,20대,20~24,직장인,사무/기술직,충남,기타지역,비수도권,0,1,1,0,0,0,1,0,1,0,1,0,0,0,1,얼음갈린커피,카페라떼,주스에이드,1,1.0,1.0,0.0,0.0,0.0,0.0,1.0,0.0,1.0,1.0,0.0,0.0,0.0,0.0,0.0,0.0,0.0,0.0,0.0,0,,,,,,,,,,,,,,,,,,,,1,1.0,1.0,0.0,1.0,0.0,1.0,0.0,0.0,0.0,0.0,0.0,0.0,0.0,0.0,0.0,0.0,0.0,0.0,0.0,0,,,,,,,,,,,,,,,,,,,,0,,,,,,,,,,,,,,,,,,,,0,,,,,,,,,,,,,,,,,,,
R1777,남,32,30대,30~34,직장인,사무/기술직,전북,기타지역,비수도권,0,0,0,0,1,1,0,1,0,0,0,1,0,0,1,콜드브루,주스에이드,달콤한커피류,0,,,,,,,,,,,,,,,,,,,,0,,,,,,,,,,,,,,,,,,,,0,,,,,,,,,,,,,,,,,,,,0,,,,,,,,,,,,,,,,,,,,1,1.0,1.0,1.0,0.0,0.0,0.0,0.0,0.0,0.0,0.0,0.0,0.0,0.0,0.0,0.0,0.0,0.0,0.0,0.0,0,,,,,,,,,,,,,,,,,,,
R1778,여,41,40대,40~44,기타직업,무직,서울,서울,수도권,0,0,1,0,0,0,0,1,0,0,0,0,0,0,0,카페라떼,달콤한커피류,,1,1.0,1.0,0.0,0.0,0.0,0.0,1.0,0.0,0.0,0.0,0.0,0.0,1.0,0.0,0.0,0.0,0.0,0.0,0.0,1,1.0,1.0,0.0,0.0,1.0,0.0,1.0,0.0,0.0,0.0,1.0,0.0,0.0,0.0,0.0,0.0,0.0,0.0,0.0,0,,,,,,,,,,,,,,,,,,,,0,,,,,,,,,,,,,,,,,,,,0,,,,,,,,,,,,,,,,,,,,1,1.0,1.0,0.0,0.0,1.0,0.0,0.0,0.0,0.0,0.0,0.0,0.0,0.0,0.0,0.0,0.0,1.0,0.0,0.0
R1779,남,53,50대,50~54,직장인,자유/전문직,서울,서울,수도권,0,0,1,0,0,0,0,0,0,0,0,0,0,1,1,카페라떼,주스에이드,스무디쉐이크,0,,,,,,,,,,,,,,,,,,,,1,1.0,1.0,0.0,1.0,0.0,1.0,0.0,0.0,0.0,0.0,0.0,0.0,0.0,0.0,0.0,0.0,0.0,0.0,0.0,0,,,,,,,,,,,,,,,,,,,,1,1.0,0.0,0.0,0.0,1.0,0.0,0.0,0.0,0.0,1.0,0.0,0.0,0.0,0.0,0.0,0.0,0.0,0.0,0.0,1,1.0,1.0,0.0,1.0,1.0,0.0,0.0,0.0,0.0,1.0,0.0,0.0,0.0,0.0,0.0,0.0,0.0,0.0,0.0,1,1.0,0.0,1.0,0.0,0.0,0.0,0.0,0.0,0.0,0.0,0.0,1.0,0.0,0.0,0.0,0.0,0.0,0.0,0.0
R1780,여,51,50대,50~54,직장인,자유/전문직,서울,서울,수도권,0,0,0,0,0,0,0,0,0,1,0,0,0,0,0,기본티,,,1,1.0,1.0,0.0,0.0,1.0,0.0,0.0,0.0,0.0,0.0,0.0,0.0,0.0,0.0,0.0,0.0,0.0,0.0,0.0,0,,,,,,,,,,,,,,,,,,,,1,1.0,1.0,0.0,1.0,0.0,1.0,0.0,0.0,0.0,0.0,0.0,1.0,0.0,0.0,0.0,0.0,0.0,0.0,0.0,0,,,,,,,,,,,,,,,,,,,,0,,,,,,,,,,,,,,,,,,,,0,,,,,,,,,,,,,,,,,,,
R1781,여,55,50대,55~59,직장인,자유/전문직,인천,서울외수도권,수도권,0,1,1,0,0,0,0,0,0,0,0,0,1,1,1,카페라떼,아메리카노,주스에이드,0,,,,,,,,,,,,,,,,,,,,0,,,,,,,,,,,,,,,,,,,,1,1.0,1.0,0.0,0.0,1.0,1.0,0.0,0.0,0.0,0.0,0.0,0.0,0.0,0.0,0.0,0.0,0.0,0.0,0.0,1,1.0,1.0,0.0,1.0,0.0,0.0,0.0,0.0,0.0,0.0,0.0,0.0,0.0,0.0,1.0,0.0,1.0,0.0,0.0,1,1.0,1.0,1.0,0.0,0.0,1.0,1.0,0.0,0.0,0.0,0.0,0.0,0.0,0.0,0.0,0.0,0.0,0.0,0.0,1,1.0,1.0,0.0,1.0,0.0,0.0,0.0,0.0,0.0,0.0,0.0,0.0,0.0,0.0,0.0,0.0,0.0,0.0,0.0
R1782,여,56,50대,55~59,직장인,자유/전문직,서울,서울,수도권,0,0,1,0,0,0,0,1,0,0,1,1,0,0,0,과일티에이드,카페라떼,달콤한커피류,1,1.0,0.0,0.0,0.0,1.0,1.0,1.0,0.0,0.0,0.0,0.0,0.0,0.0,0.0,0.0,0.0,0.0,0.0,0.0,0,,,,,,,,,,,,,,,,,,,,1,1.0,1.0,0.0,0.0,0.0,0.0,0.0,0.0,0.0,0.0,0.0,1.0,0.0,0.0,0.0,0.0,0.0,0.0,0.0,1,1.0,1.0,0.0,0.0,0.0,0.0,0.0,0.0,0.0,0.0,0.0,0.0,0.0,0.0,0.0,1.0,0.0,0.0,0.0,0,,,,,,,,,,,,,,,,,,,,1,1.0,1.0,0.0,0.0,0.0,0.0,0.0,0.0,0.0,1.0,0.0,0.0,0.0,0.0,0.0,0.0,0.0,0.0,0.0
R1783,여,53,50대,50~54,기타직업,경영/관리직,경기,서울외수도권,수도권,0,1,1,0,0,1,0,1,0,0,0,0,0,0,0,달콤한커피류,아메리카노,카페라떼,0,,,,,,,,,,,,,,,,,,,,1,1.0,1.0,0.0,0.0,0.0,0.0,0.0,0.0,0.0,1.0,1.0,0.0,0.0,0.0,0.0,1.0,0.0,1.0,0.0,1,1.0,1.0,0.0,0.0,0.0,0.0,0.0,0.0,0.0,0.0,1.0,0.0,0.0,0.0,0.0,0.0,0.0,0.0,0.0,1,1.0,1.0,0.0,0.0,0.0,1.0,0.0,0.0,0.0,0.0,0.0,0.0,0.0,0.0,0.0,1.0,0.0,0.0,0.0,1,1.0,1.0,0.0,0.0,1.0,0.0,0.0,0.0,0.0,0.0,0.0,0.0,0.0,0.0,0.0,0.0,0.0,0.0,0.0,0,,,,,,,,,,,,,,,,,,,
R1784,여,33,30대,30~34,직장인,사무/기술직,강원,기타지역,비수도권,0,0,0,0,0,0,0,1,0,0,1,0,0,0,0,달콤한커피류,달콤한티,,0,,,,,,,,,,,,,,,,,,,,0,,,,,,,,,,,,,,,,,,,,0,,,,,,,,,,,,,,,,,,,,0,,,,,,,,,,,,,,,,,,,,0,,,,,,,,,,,,,,,,,,,,1,1.0,0.0,0.0,0.0,0.0,0.0,0.0,0.0,0.0,0.0,1.0,0.0,0.0,0.0,0.0,0.0,0.0,0.0,0.0
R1785,여,51,50대,50~54,대학(원)생,대학생,인천,서울외수도권,수도권,1,1,0,0,0,0,1,1,1,0,1,0,0,0,0,아메리카노,얼음갈린커피,달콤한커피류,1,1.0,0.0,0.0,0.0,0.0,0.0,0.0,1.0,0.0,0.0,0.0,0.0,0.0,0.0,0.0,1.0,0.0,0.0,1.0,0,,,,,,,,,,,,,,,,,,,,1,1.0,0.0,1.0,1.0,1.0,0.0,1.0,0.0,0.0,0.0,0.0,0.0,0.0,0.0,0.0,0.0,0.0,0.0,0.0,1,1.0,1.0,0.0,0.0,0.0,0.0,0.0,0.0,0.0,0.0,0.0,1.0,0.0,0.0,0.0,0.0,0.0,0.0,0.0,0,,,,,,,,,,,,,,,,,,,,1,1.0,1.0,1.0,0.0,0.0,0.0,0.0,0.0,0.0,1.0,0.0,0.0,0.0,0.0,0.0,0.0,0.0,0.0,0.0
R1786,남,45,40대,45~49,직장인,사무/기술직,울산,5대광역시,비수도권,0,0,0,0,0,1,0,0,0,0,0,0,0,0,1,주스에이드,콜드브루라떼,,1,1.0,1.0,0.0,1.0,1.0,0.0,1.0,0.0,0.0,0.0,0.0,0.0,0.0,0.0,0.0,0.0,0.0,0.0,0.0,0,,,,,,,,,,,,,,,,,,,,1,1.0,1.0,1.0,0.0,0.0,0.0,1.0,0.0,0.0,0.0,0.0,0.0,0.0,0.0,0.0,0.0,0.0,0.0,0.0,1,1.0,1.0,0.0,0.0,1.0,0.0,1.0,0.0,0.0,1.0,0.0,0.0,0.0,0.0,0.0,0.0,0.0,0.0,0.0,1,1.0,0.0,1.0,1.0,0.0,0.0,0.0,0.0,0.0,0.0,0.0,1.0,0.0,0.0,0.0,0.0,0.0,0.0,0.0,0,,,,,,,,,,,,,,,,,,,
R1787,여,30,30대,30~34,직장인,기능/작업직,부산,5대광역시,비수도권,0,1,0,0,0,0,0,0,0,1,0,0,0,0,1,아메리카노,주스에이드,기본티,1,1.0,0.0,0.0,0.0,0.0,0.0,1.0,0.0,0.0,1.0,0.0,0.0,0.0,0.0,0.0,0.0,0.0,0.0,0.0,0,,,,,,,,,,,,,,,,,,,,0,,,,,,,,,,,,,,,,,,,,1,1.0,0.0,0.0,0.0,0.0,0.0,0.0,0.0,1.0,0.0,0.0,0.0,0.0,0.0,0.0,0.0,0.0,0.0,0.0,0,,,,,,,,,,,,,,,,,,,,0,,,,,,,,,,,,,,,,,,,
R1788,여,52,50대,50~54,직장인,사무/기술직,서울,서울,수도권,0,0,0,0,0,0,1,1,0,0,0,1,0,0,0,달콤한커피류,드립핸드드립,과일티에이드,0,,,,,,,,,,,,,,,,,,,,0,,,,,,,,,,,,,,,,,,,,0,,,,,,,,,,,,,,,,,,,,0,,,,,,,,,,,,,,,,,,,,0,,,,,,,,,,,,,,,,,,,,0,,,,,,,,,,,,,,,,,,,
R1789,남,33,30대,30~34,직장인,사무/기술직,충북,기타지역,비수도권,0,0,1,0,0,0,0,0,1,0,0,1,0,0,0,과일티에이드,카페라떼,얼음갈린커피,0,,,,,,,,,,,,,,,,,,,,0,,,,,,,,,,,,,,,,,,,,0,,,,,,,,,,,,,,,,,,,,1,1.0,1.0,0.0,0.0,0.0,1.0,0.0,0.0,0.0,1.0,0.0,0.0,0.0,0.0,0.0,0.0,0.0,0.0,0.0,0,,,,,,,,,,,,,,,,,,,,1,1.0,1.0,1.0,0.0,0.0,0.0,0.0,0.0,0.0,0.0,1.0,0.0,0.0,0.0,0.0,0.0,0.0,0.0,1.0
R1790,여,21,20대,20~24,직장인,사무/기술직,서울,서울,수도권,1,0,0,0,0,1,0,1,0,0,1,1,1,0,0,달콤한커피류,과일티에이드,얼음갈린티,1,1.0,0.0,0.0,0.0,0.0,0.0,1.0,0.0,0.0,0.0,0.0,1.0,0.0,0.0,0.0,0.0,0.0,0.0,0.0,1,1.0,1.0,0.0,0.0,0.0,1.0,0.0,0.0,0.0,0.0,0.0,0.0,0.0,0.0,0.0,0.0,0.0,0.0,0.0,0,,,,,,,,,,,,,,,,,,,,1,1.0,1.0,0.0,0.0,0.0,0.0,0.0,0.0,0.0,0.0,0.0,0.0,0.0,0.0,0.0,0.0,1.0,0.0,0.0,0,,,,,,,,,,,,,,,,,,,,1,1.0,0.0,1.0,0.0,0.0,0.0,1.0,0.0,0.0,1.0,0.0,0.0,0.0,0.0,0.0,0.0,0.0,0.0,0.0
R1791,남,39,30대,35~39,기타직업,무직,충북,기타지역,비수도권,0,1,0,0,1,0,0,0,0,1,0,0,1,1,0,아메리카노,콜드브루,기본티,0,,,,,,,,,,,,,,,,,,,,0,,,,,,,,,,,,,,,,,,,,1,1.0,0.0,0.0,1.0,1.0,0.0,0.0,0.0,0.0,0.0,0.0,0.0,0.0,0.0,0.0,1.0,0.0,0.0,0.0,1,1.0,1.0,0.0,1.0,0.0,0.0,0.0,0.0,0.0,1.0,0.0,0.0,0.0,0.0,0.0,0.0,0.0,0.0,0.0,0,,,,,,,,,,,,,,,,,,,,0,,,,,,,,,,,,,,,,,,,
R1792,여,43,40대,40~44,대학(원)생,대학생,충북,기타지역,비수도권,0,1,1,0,0,0,0,1,0,0,0,1,0,1,0,아메리카노,스무디쉐이크,카페라떼,0,,,,,,,,,,,,,,,,,,,,0,,,,,,,,,,,,,,,,,,,,0,,,,,,,,,,,,,,,,,,,,1,1.0,1.0,0.0,0.0,0.0,1.0,0.0,0.0,0.0,0.0,0.0,1.0,0.0,0.0,0.0,0.0,0.0,0.0,0.0,0,,,,,,,,,,,,,,,,,,,,0,,,,,,,,,,,,,,,,,,,
R1793,남,59,50대,55~59,직장인,사무/기술직,경기,서울외수도권,수도권,0,1,1,0,0,0,0,0,0,0,0,0,1,0,0,카페라떼,아메리카노,얼음갈린티,1,1.0,1.0,1.0,1.0,0.0,1.0,0.0,0.0,0.0,0.0,0.0,1.0,0.0,0.0,0.0,0.0,0.0,0.0,0.0,0,,,,,,,,,,,,,,,,,,,,0,,,,,,,,,,,,,,,,,,,,0,,,,,,,,,,,,,,,,,,,,0,,,,,,,,,,,,,,,,,,,,1,1.0,1.0,0.0,0.0,0.0,1.0,0.0,0.0,0.0,1.0,0.0,1.0,0.0,0.0,0.0,0.0,0.0,0.0,0.0
R1794,남,43,40대,40~44,직장인,사무/기술직,경남,기타지역,비수도권,0,1,1,0,1,0,0,0,1,0,0,0,1,1,0,카페라떼,아메리카노,스무디쉐이크,0,,,,,,,,,,,,,,,,,,,,1,1.0,1.0,0.0,0.0,0.0,1.0,0.0,0.0,1.0,0.0,0.0,0.0,0.0,0.0,0.0,0.0,0.0,0.0,0.0,0,,,,,,,,,,,,,,,,,,,,1,1.0,1.0,0.0,0.0,0.0,0.0,0.0,0.0,0.0,0.0,0.0,0.0,0.0,0.0,0.0,0.0,0.0,0.0,0.0,0,,,,,,,,,,,,,,,,,,,,1,1.0,1.0,0.0,1.0,0.0,1.0,0.0,1.0,1.0,0.0,0.0,0.0,0.0,0.0,0.0,0.0,0.0,0.0,0.0
R1795,여,44,40대,40~44,직장인,경영/관리직,경남,기타지역,비수도권,0,0,0,1,0,0,0,0,0,0,1,1,0,0,1,과일티에이드,달콤한티,주스에이드,0,,,,,,,,,,,,,,,,,,,,1,1.0,1.0,0.0,0.0,0.0,1.0,0.0,0.0,0.0,0.0,0.0,0.0,0.0,0.0,0.0,0.0,0.0,0.0,0.0,0,,,,,,,,,,,,,,,,,,,,0,,,,,,,,,,,,,,,,,,,,0,,,,,,,,,,,,,,,,,,,,0,,,,,,,,,,,,,,,,,,,
R1796,여,52,50대,50~54,기타직업,기능/작업직,서울,서울,수도권,0,0,0,0,0,0,0,0,0,0,0,0,0,0,0,,,,0,,,,,,,,,,,,,,,,,,,,0,,,,,,,,,,,,,,,,,,,,0,,,,,,,,,,,,,,,,,,,,0,,,,,,,,,,,,,,,,,,,,0,,,,,,,,,,,,,,,,,,,,0,,,,,,,,,,,,,,,,,,,
R1797,여,44,40대,40~44,직장인,사무/기술직,충남,기타지역,비수도권,0,1,1,0,0,0,0,1,0,0,0,0,0,0,0,카페라떼,아메리카노,달콤한커피류,1,1.0,0.0,0.0,1.0,0.0,0.0,1.0,0.0,0.0,0.0,1.0,1.0,0.0,0.0,1.0,0.0,1.0,0.0,0.0,1,1.0,0.0,0.0,0.0,0.0,0.0,1.0,0.0,0.0,0.0,0.0,1.0,0.0,0.0,0.0,0.0,0.0,0.0,0.0,1,1.0,1.0,0.0,1.0,0.0,0.0,0.0,0.0,0.0,0.0,0.0,0.0,0.0,0.0,0.0,0.0,0.0,0.0,0.0,0,,,,,,,,,,,,,,,,,,,,1,1.0,0.0,0.0,1.0,0.0,0.0,0.0,0.0,0.0,0.0,0.0,0.0,0.0,0.0,0.0,0.0,1.0,0.0,0.0,0,,,,,,,,,,,,,,,,,,,
R1798,남,22,20대,20~24,직장인,사무/기술직,경기,서울외수도권,수도권,0,1,0,0,0,0,0,0,0,0,0,0,0,0,0,아메리카노,,,0,,,,,,,,,,,,,,,,,,,,0,,,,,,,,,,,,,,,,,,,,0,,,,,,,,,,,,,,,,,,,,1,1.0,0.0,0.0,0.0,0.0,0.0,1.0,0.0,0.0,0.0,0.0,0.0,0.0,0.0,0.0,0.0,0.0,0.0,0.0,0,,,,,,,,,,,,,,,,,,,,0,,,,,,,,,,,,,,,,,,,
R1799,남,59,50대,55~59,직장인,사무/기술직,경남,기타지역,비수도권,0,0,1,0,0,0,0,1,0,1,0,0,0,0,0,달콤한커피류,카페라떼,기본티,0,,,,,,,,,,,,,,,,,,,,0,,,,,,,,,,,,,,,,,,,,0,,,,,,,,,,,,,,,,,,,,0,,,,,,,,,,,,,,,,,,,,0,,,,,,,,,,,,,,,,,,,,0,,,,,,,,,,,,,,,,,,,
R1800,남,30,30대,30~34,직장인,자유/전문직,대구,5대광역시,비수도권,0,1,0,0,1,0,0,0,0,0,0,0,1,0,1,아메리카노,주스에이드,얼음갈린티,0,,,,,,,,,,,,,,,,,,,,1,1.0,0.0,0.0,1.0,0.0,0.0,0.0,0.0,0.0,0.0,0.0,0.0,0.0,0.0,0.0,0.0,0.0,0.0,0.0,1,1.0,1.0,0.0,0.0,0.0,0.0,1.0,0.0,0.0,0.0,0.0,0.0,0.0,0.0,0.0,0.0,0.0,0.0,0.0,0,,,,,,,,,,,,,,,,,,,,0,,,,,,,,,,,,,,,,,,,,1,1.0,0.0,0.0,0.0,0.0,0.0,0.0,0.0,0.0,1.0,0.0,0.0,0.0,0.0,1.0,0.0,0.0,0.0,0.0
R1801,남,56,50대,55~59,직장인,사무/기술직,울산,5대광역시,비수도권,0,1,1,0,0,0,0,1,0,0,0,1,1,0,0,달콤한커피류,아메리카노,얼음갈린티,1,1.0,1.0,0.0,0.0,1.0,0.0,0.0,0.0,0.0,1.0,0.0,0.0,0.0,1.0,0.0,0.0,1.0,0.0,0.0,0,,,,,,,,,,,,,,,,,,,,0,,,,,,,,,,,,,,,,,,,,1,1.0,1.0,0.0,0.0,1.0,0.0,0.0,0.0,0.0,1.0,0.0,0.0,0.0,0.0,0.0,0.0,0.0,0.0,0.0,1,1.0,0.0,1.0,0.0,0.0,0.0,0.0,0.0,0.0,0.0,0.0,0.0,0.0,0.0,0.0,0.0,0.0,0.0,0.0,1,1.0,1.0,0.0,0.0,0.0,0.0,0.0,0.0,0.0,0.0,0.0,1.0,0.0,0.0,0.0,0.0,0.0,0.0,0.0
R1802,남,48,40대,45~49,직장인,사무/기술직,경기,서울외수도권,수도권,0,1,0,0,1,0,0,1,0,0,0,0,0,1,0,달콤한커피류,스무디쉐이크,아메리카노,1,1.0,1.0,0.0,0.0,0.0,0.0,1.0,0.0,0.0,1.0,0.0,1.0,0.0,0.0,0.0,0.0,0.0,0.0,0.0,0,,,,,,,,,,,,,,,,,,,,1,1.0,1.0,0.0,0.0,0.0,1.0,0.0,0.0,0.0,0.0,0.0,0.0,0.0,0.0,0.0,0.0,0.0,0.0,0.0,1,1.0,1.0,0.0,0.0,0.0,1.0,0.0,0.0,0.0,0.0,0.0,0.0,0.0,0.0,0.0,0.0,0.0,0.0,0.0,0,,,,,,,,,,,,,,,,,,,,1,1.0,1.0,0.0,1.0,1.0,0.0,0.0,0.0,1.0,0.0,0.0,0.0,0.0,0.0,0.0,0.0,0.0,0.0,0.0
R1803,여,59,50대,55~59,직장인,판매/영업 서비스직,충남,기타지역,비수도권,0,0,1,0,0,0,0,1,0,0,0,1,0,0,0,과일티에이드,카페라떼,달콤한커피류,1,1.0,0.0,0.0,0.0,1.0,1.0,0.0,0.0,0.0,0.0,1.0,0.0,0.0,0.0,0.0,0.0,0.0,0.0,0.0,0,,,,,,,,,,,,,,,,,,,,1,1.0,1.0,0.0,0.0,0.0,0.0,0.0,0.0,0.0,0.0,0.0,0.0,0.0,0.0,0.0,0.0,0.0,1.0,0.0,1,1.0,1.0,0.0,1.0,0.0,1.0,0.0,0.0,1.0,0.0,0.0,0.0,0.0,1.0,0.0,0.0,0.0,0.0,0.0,0,,,,,,,,,,,,,,,,,,,,1,1.0,1.0,0.0,0.0,0.0,1.0,1.0,0.0,0.0,0.0,0.0,0.0,0.0,0.0,0.0,0.0,1.0,0.0,0.0
R1804,여,58,50대,55~59,기타직업,무직,서울,서울,수도권,0,1,1,0,0,0,0,1,0,0,1,0,0,0,0,달콤한티,달콤한커피류,아메리카노,1,1.0,1.0,0.0,0.0,1.0,0.0,0.0,0.0,0.0,0.0,0.0,0.0,0.0,0.0,0.0,0.0,0.0,0.0,0.0,0,,,,,,,,,,,,,,,,,,,,0,,,,,,,,,,,,,,,,,,,,1,1.0,1.0,0.0,0.0,0.0,0.0,1.0,0.0,0.0,0.0,0.0,0.0,0.0,0.0,0.0,0.0,0.0,0.0,0.0,1,1.0,0.0,1.0,1.0,0.0,0.0,0.0,0.0,0.0,0.0,0.0,0.0,0.0,0.0,0.0,0.0,0.0,0.0,0.0,1,1.0,1.0,1.0,0.0,0.0,1.0,0.0,0.0,0.0,0.0,0.0,0.0,0.0,0.0,0.0,0.0,1.0,0.0,0.0
R1805,여,31,30대,30~34,기타직업,자영업,서울,서울,수도권,0,1,0,0,0,1,1,0,0,0,0,1,0,0,1,아메리카노,과일티에이드,주스에이드,0,,,,,,,,,,,,,,,,,,,,0,,,,,,,,,,,,,,,,,,,,0,,,,,,,,,,,,,,,,,,,,1,1.0,1.0,0.0,0.0,0.0,0.0,0.0,0.0,0.0,1.0,0.0,0.0,0.0,0.0,1.0,0.0,0.0,0.0,0.0,1,1.0,0.0,0.0,1.0,0.0,0.0,0.0,0.0,0.0,0.0,1.0,0.0,0.0,0.0,0.0,0.0,0.0,0.0,0.0,0,,,,,,,,,,,,,,,,,,,
R1806,여,49,40대,45~49,직장인,사무/기술직,서울,서울,수도권,0,1,0,0,0,0,0,1,0,0,0,0,0,0,0,아메리카노,달콤한커피류,,0,,,,,,,,,,,,,,,,,,,,1,1.0,0.0,0.0,1.0,0.0,1.0,0.0,0.0,0.0,0.0,0.0,0.0,0.0,0.0,0.0,0.0,1.0,0.0,0.0,1,1.0,1.0,0.0,0.0,0.0,0.0,0.0,0.0,0.0,0.0,0.0,1.0,0.0,0.0,0.0,0.0,0.0,0.0,0.0,0,,,,,,,,,,,,,,,,,,,,1,1.0,0.0,0.0,1.0,1.0,0.0,0.0,0.0,1.0,1.0,0.0,0.0,0.0,0.0,0.0,0.0,0.0,0.0,0.0,0,,,,,,,,,,,,,,,,,,,
R1807,여,56,50대,55~59,직장인,사무/기술직,부산,5대광역시,비수도권,0,1,0,0,0,0,0,1,0,1,0,1,0,0,0,아메리카노,과일티에이드,달콤한커피류,0,,,,,,,,,,,,,,,,,,,,1,1.0,0.0,0.0,0.0,0.0,0.0,0.0,0.0,0.0,0.0,1.0,0.0,0.0,0.0,0.0,0.0,1.0,0.0,0.0,0,,,,,,,,,,,,,,,,,,,,0,,,,,,,,,,,,,,,,,,,,0,,,,,,,,,,,,,,,,,,,,1,1.0,1.0,0.0,0.0,0.0,1.0,0.0,0.0,0.0,0.0,0.0,0.0,0.0,0.0,0.0,0.0,1.0,0.0,0.0
R1808,여,44,40대,40~44,직장인,자유/전문직,부산,5대광역시,비수도권,0,0,0,0,1,0,0,1,0,0,0,1,0,0,0,달콤한커피류,과일티에이드,콜드브루,0,,,,,,,,,,,,,,,,,,,,0,,,,,,,,,,,,,,,,,,,,1,1.0,1.0,0.0,0.0,0.0,1.0,0.0,0.0,0.0,1.0,0.0,1.0,0.0,0.0,0.0,0.0,0.0,0.0,0.0,0,,,,,,,,,,,,,,,,,,,,0,,,,,,,,,,,,,,,,,,,,0,,,,,,,,,,,,,,,,,,,
R1809,여,21,20대,20~24,직장인,자유/전문직,경기,서울외수도권,수도권,0,1,1,0,0,1,0,0,0,0,0,0,1,0,0,아메리카노,콜드브루라떼,카페라떼,1,1.0,1.0,0.0,1.0,1.0,0.0,0.0,1.0,1.0,0.0,0.0,0.0,0.0,0.0,0.0,0.0,0.0,0.0,0.0,0,,,,,,,,,,,,,,,,,,,,0,,,,,,,,,,,,,,,,,,,,0,,,,,,,,,,,,,,,,,,,,0,,,,,,,,,,,,,,,,,,,,1,1.0,0.0,1.0,1.0,1.0,1.0,0.0,0.0,0.0,0.0,0.0,0.0,0.0,0.0,0.0,0.0,0.0,0.0,0.0
R1810,여,36,30대,35~39,직장인,자유/전문직,전남,기타지역,비수도권,0,1,1,0,1,0,0,0,1,0,1,1,1,1,0,아메리카노,콜드브루,달콤한티,0,,,,,,,,,,,,,,,,,,,,0,,,,,,,,,,,,,,,,,,,,1,1.0,0.0,0.0,0.0,0.0,1.0,0.0,0.0,0.0,1.0,0.0,0.0,0.0,0.0,0.0,0.0,0.0,0.0,0.0,0,,,,,,,,,,,,,,,,,,,,0,,,,,,,,,,,,,,,,,,,,0,,,,,,,,,,,,,,,,,,,
R1811,남,30,30대,30~34,기타직업,기타,울산,5대광역시,비수도권,0,1,0,0,1,0,0,0,0,0,0,1,0,0,0,아메리카노,과일티에이드,콜드브루,0,,,,,,,,,,,,,,,,,,,,1,1.0,0.0,0.0,0.0,0.0,0.0,1.0,0.0,0.0,0.0,0.0,0.0,0.0,0.0,0.0,0.0,0.0,0.0,0.0,1,1.0,0.0,0.0,0.0,0.0,0.0,0.0,0.0,0.0,0.0,0.0,0.0,0.0,0.0,0.0,0.0,0.0,0.0,0.0,0,,,,,,,,,,,,,,,,,,,,0,,,,,,,,,,,,,,,,,,,,1,1.0,0.0,0.0,0.0,0.0,1.0,0.0,0.0,0.0,0.0,1.0,0.0,0.0,0.0,0.0,0.0,0.0,0.0,0.0
R1812,여,41,40대,40~44,기타직업,기타,부산,5대광역시,비수도권,0,0,0,0,0,0,0,0,0,0,0,0,0,0,0,,,,0,,,,,,,,,,,,,,,,,,,,1,1.0,0.0,0.0,0.0,1.0,0.0,1.0,0.0,0.0,0.0,0.0,0.0,0.0,0.0,0.0,1.0,0.0,0.0,0.0,0,,,,,,,,,,,,,,,,,,,,0,,,,,,,,,,,,,,,,,,,,0,,,,,,,,,,,,,,,,,,,,0,,,,,,,,,,,,,,,,,,,
R1813,여,54,50대,50~54,직장인,자유/전문직,충남,기타지역,비수도권,0,1,1,0,0,0,0,1,0,1,0,0,0,0,0,카페라떼,아메리카노,달콤한커피류,0,,,,,,,,,,,,,,,,,,,,0,,,,,,,,,,,,,,,,,,,,1,1.0,1.0,0.0,1.0,0.0,0.0,1.0,0.0,0.0,1.0,0.0,0.0,0.0,0.0,0.0,0.0,0.0,0.0,0.0,1,1.0,1.0,1.0,0.0,0.0,0.0,1.0,0.0,0.0,1.0,0.0,0.0,0.0,0.0,0.0,0.0,0.0,0.0,0.0,0,,,,,,,,,,,,,,,,,,,,1,1.0,1.0,0.0,0.0,0.0,0.0,0.0,0.0,0.0,1.0,0.0,0.0,0.0,0.0,0.0,1.0,0.0,0.0,0.0
R1814,남,20,20대,20~24,전업주부,전업주부,서울,서울,수도권,0,1,1,0,0,0,0,0,0,0,0,0,0,1,0,아메리카노,카페라떼,스무디쉐이크,0,,,,,,,,,,,,,,,,,,,,1,1.0,1.0,0.0,0.0,0.0,0.0,1.0,0.0,0.0,0.0,0.0,0.0,0.0,0.0,0.0,0.0,0.0,1.0,0.0,1,1.0,1.0,0.0,1.0,0.0,0.0,0.0,0.0,0.0,1.0,0.0,1.0,0.0,0.0,0.0,1.0,1.0,0.0,0.0,1,1.0,1.0,0.0,1.0,0.0,0.0,0.0,0.0,0.0,0.0,0.0,0.0,0.0,0.0,0.0,1.0,0.0,0.0,0.0,0,,,,,,,,,,,,,,,,,,,,1,1.0,1.0,1.0,0.0,0.0,1.0,0.0,0.0,0.0,1.0,1.0,0.0,0.0,0.0,0.0,0.0,0.0,0.0,0.0
R1815,여,50,50대,50~54,직장인,사무/기술직,대구,5대광역시,비수도권,0,1,0,0,0,0,0,0,0,0,0,1,0,0,0,과일티에이드,아메리카노,,1,1.0,1.0,0.0,1.0,0.0,1.0,1.0,0.0,1.0,1.0,0.0,0.0,0.0,0.0,0.0,0.0,0.0,0.0,0.0,1,1.0,1.0,0.0,0.0,0.0,0.0,0.0,0.0,0.0,0.0,0.0,1.0,0.0,1.0,0.0,0.0,0.0,0.0,0.0,0,,,,,,,,,,,,,,,,,,,,0,,,,,,,,,,,,,,,,,,,,0,,,,,,,,,,,,,,,,,,,,0,,,,,,,,,,,,,,,,,,,
R1816,여,28,20대,25~29,직장인,사무/기술직,서울,서울,수도권,0,1,0,1,0,0,1,0,1,0,1,0,0,1,1,스무디쉐이크,아메리카노,드립핸드드립,1,1.0,1.0,0.0,1.0,0.0,1.0,0.0,0.0,0.0,0.0,0.0,0.0,0.0,0.0,0.0,0.0,1.0,0.0,1.0,1,1.0,1.0,0.0,0.0,0.0,0.0,0.0,0.0,0.0,0.0,0.0,0.0,0.0,0.0,0.0,0.0,0.0,0.0,0.0,0,,,,,,,,,,,,,,,,,,,,0,,,,,,,,,,,,,,,,,,,,0,,,,,,,,,,,,,,,,,,,,0,,,,,,,,,,,,,,,,,,,
R1817,남,43,40대,40~44,직장인,판매/영업 서비스직,대구,5대광역시,비수도권,0,1,0,0,0,0,0,1,1,0,0,0,0,0,0,아메리카노,달콤한커피류,얼음갈린커피,0,,,,,,,,,,,,,,,,,,,,0,,,,,,,,,,,,,,,,,,,,1,1.0,0.0,0.0,0.0,0.0,0.0,1.0,0.0,0.0,0.0,0.0,0.0,0.0,0.0,0.0,0.0,0.0,0.0,0.0,0,,,,,,,,,,,,,,,,,,,,0,,,,,,,,,,,,,,,,,,,,0,,,,,,,,,,,,,,,,,,,
R1818,여,21,20대,20~24,기타직업,무직,대구,5대광역시,비수도권,0,1,1,1,0,0,0,0,0,1,1,0,0,0,0,아메리카노,카페라떼,달콤한티,0,,,,,,,,,,,,,,,,,,,,0,,,,,,,,,,,,,,,,,,,,1,1.0,0.0,0.0,1.0,0.0,0.0,0.0,0.0,0.0,0.0,0.0,0.0,0.0,0.0,0.0,0.0,1.0,0.0,0.0,0,,,,,,,,,,,,,,,,,,,,0,,,,,,,,,,,,,,,,,,,,1,1.0,1.0,0.0,0.0,0.0,0.0,0.0,0.0,0.0,1.0,1.0,1.0,0.0,0.0,0.0,1.0,0.0,0.0,0.0
R1819,남,57,50대,55~59,기타직업,기능/작업직,부산,5대광역시,비수도권,0,0,0,0,0,0,0,0,0,0,0,0,0,1,0,스무디쉐이크,,,1,1.0,0.0,0.0,1.0,0.0,0.0,0.0,0.0,0.0,0.0,0.0,0.0,0.0,0.0,0.0,1.0,0.0,0.0,0.0,0,,,,,,,,,,,,,,,,,,,,0,,,,,,,,,,,,,,,,,,,,0,,,,,,,,,,,,,,,,,,,,0,,,,,,,,,,,,,,,,,,,,1,1.0,1.0,0.0,0.0,1.0,1.0,0.0,0.0,0.0,0.0,0.0,0.0,0.0,0.0,0.0,0.0,0.0,0.0,0.0
R1820,여,31,30대,30~34,대학(원)생,대학생,강원,기타지역,비수도권,0,0,1,0,0,0,1,1,0,1,0,0,0,0,0,달콤한커피류,카페라떼,드립핸드드립,1,1.0,0.0,0.0,1.0,0.0,1.0,0.0,0.0,0.0,0.0,0.0,0.0,0.0,0.0,0.0,0.0,0.0,0.0,0.0,0,,,,,,,,,,,,,,,,,,,,0,,,,,,,,,,,,,,,,,,,,1,1.0,0.0,0.0,0.0,0.0,1.0,0.0,0.0,0.0,0.0,0.0,0.0,0.0,0.0,0.0,0.0,0.0,1.0,0.0,1,1.0,0.0,0.0,0.0,0.0,0.0,0.0,0.0,0.0,0.0,0.0,0.0,0.0,0.0,0.0,0.0,0.0,0.0,0.0,1,1.0,1.0,0.0,0.0,0.0,1.0,0.0,0.0,0.0,0.0,0.0,0.0,0.0,1.0,0.0,0.0,0.0,0.0,0.0
R1821,남,50,50대,50~54,직장인,사무/기술직,경기,서울외수도권,수도권,0,1,1,0,0,1,0,1,0,0,1,0,0,0,0,달콤한커피류,카페라떼,아메리카노,0,,,,,,,,,,,,,,,,,,,,0,,,,,,,,,,,,,,,,,,,,1,1.0,1.0,0.0,0.0,1.0,0.0,0.0,0.0,0.0,0.0,1.0,0.0,1.0,0.0,0.0,0.0,0.0,0.0,0.0,1,1.0,1.0,0.0,0.0,0.0,0.0,0.0,1.0,1.0,0.0,1.0,0.0,0.0,0.0,0.0,1.0,0.0,0.0,0.0,1,1.0,1.0,0.0,1.0,1.0,0.0,0.0,0.0,0.0,0.0,0.0,0.0,0.0,0.0,0.0,0.0,0.0,0.0,0.0,1,1.0,0.0,0.0,0.0,0.0,0.0,0.0,0.0,0.0,0.0,0.0,0.0,0.0,1.0,0.0,1.0,0.0,0.0,0.0
R1822,남,50,50대,50~54,직장인,사무/기술직,서울,서울,수도권,0,1,0,0,0,0,0,1,0,1,0,0,1,1,0,아메리카노,달콤한커피류,얼음갈린티,0,,,,,,,,,,,,,,,,,,,,0,,,,,,,,,,,,,,,,,,,,0,,,,,,,,,,,,,,,,,,,,0,,,,,,,,,,,,,,,,,,,,0,,,,,,,,,,,,,,,,,,,,0,,,,,,,,,,,,,,,,,,,
R1823,남,27,20대,25~29,직장인,자유/전문직,경북,기타지역,비수도권,0,0,1,0,1,0,0,1,0,0,1,0,1,0,0,달콤한커피류,카페라떼,얼음갈린티,1,1.0,1.0,0.0,0.0,0.0,1.0,0.0,0.0,0.0,0.0,0.0,0.0,0.0,0.0,0.0,0.0,0.0,0.0,0.0,1,1.0,0.0,0.0,1.0,0.0,0.0,0.0,0.0,1.0,0.0,1.0,0.0,0.0,0.0,0.0,0.0,0.0,0.0,1.0,0,,,,,,,,,,,,,,,,,,,,1,1.0,0.0,0.0,0.0,0.0,0.0,1.0,0.0,0.0,0.0,0.0,0.0,0.0,0.0,0.0,0.0,0.0,0.0,0.0,0,,,,,,,,,,,,,,,,,,,,0,,,,,,,,,,,,,,,,,,,
R1824,여,33,30대,30~34,기타직업,기타,경기,서울외수도권,수도권,0,0,1,0,0,0,0,1,0,0,0,0,0,0,0,카페라떼,달콤한커피류,,1,1.0,1.0,0.0,1.0,1.0,1.0,0.0,0.0,0.0,0.0,0.0,0.0,0.0,0.0,0.0,0.0,0.0,0.0,0.0,0,,,,,,,,,,,,,,,,,,,,0,,,,,,,,,,,,,,,,,,,,1,1.0,1.0,0.0,0.0,0.0,1.0,0.0,0.0,0.0,0.0,0.0,0.0,0.0,0.0,0.0,0.0,0.0,0.0,0.0,1,1.0,0.0,0.0,0.0,0.0,1.0,0.0,0.0,0.0,0.0,0.0,1.0,0.0,0.0,0.0,0.0,0.0,0.0,0.0,0,,,,,,,,,,,,,,,,,,,
R1825,여,55,50대,55~59,기타직업,판매/영업 서비스직,서울,서울,수도권,0,0,1,0,0,1,1,0,0,0,0,0,1,0,0,드립핸드드립,카페라떼,얼음갈린티,0,,,,,,,,,,,,,,,,,,,,0,,,,,,,,,,,,,,,,,,,,0,,,,,,,,,,,,,,,,,,,,0,,,,,,,,,,,,,,,,,,,,0,,,,,,,,,,,,,,,,,,,,1,1.0,1.0,0.0,0.0,0.0,1.0,1.0,0.0,1.0,0.0,0.0,0.0,0.0,0.0,0.0,0.0,0.0,0.0,0.0
R1826,여,37,30대,35~39,직장인,사무/기술직,서울,서울,수도권,0,0,0,0,1,0,0,1,0,0,0,1,1,0,1,달콤한커피류,주스에이드,과일티에이드,0,,,,,,,,,,,,,,,,,,,,0,,,,,,,,,,,,,,,,,,,,0,,,,,,,,,,,,,,,,,,,,1,1.0,0.0,0.0,0.0,0.0,1.0,0.0,0.0,0.0,0.0,0.0,0.0,0.0,0.0,0.0,0.0,0.0,0.0,0.0,0,,,,,,,,,,,,,,,,,,,,0,,,,,,,,,,,,,,,,,,,
R1827,여,46,40대,45~49,직장인,경영/관리직,서울,서울,수도권,0,1,1,0,0,0,0,0,1,1,0,0,1,1,0,아메리카노,기본티,얼음갈린커피,0,,,,,,,,,,,,,,,,,,,,0,,,,,,,,,,,,,,,,,,,,1,1.0,1.0,0.0,0.0,0.0,1.0,0.0,0.0,0.0,1.0,0.0,0.0,0.0,0.0,0.0,0.0,1.0,0.0,0.0,0,,,,,,,,,,,,,,,,,,,,0,,,,,,,,,,,,,,,,,,,,0,,,,,,,,,,,,,,,,,,,
R1828,남,34,30대,30~34,대학(원)생,대학생,충남,기타지역,비수도권,0,1,0,0,0,0,0,0,0,0,0,1,0,0,0,아메리카노,과일티에이드,,0,,,,,,,,,,,,,,,,,,,,0,,,,,,,,,,,,,,,,,,,,0,,,,,,,,,,,,,,,,,,,,1,1.0,1.0,0.0,1.0,0.0,1.0,1.0,0.0,0.0,0.0,0.0,0.0,0.0,0.0,0.0,0.0,0.0,0.0,0.0,0,,,,,,,,,,,,,,,,,,,,1,1.0,1.0,0.0,0.0,0.0,0.0,0.0,0.0,0.0,0.0,0.0,0.0,0.0,0.0,0.0,0.0,0.0,0.0,0.0
R1829,여,30,30대,30~34,기타직업,무직,대구,5대광역시,비수도권,0,1,0,0,0,0,0,1,0,1,0,0,0,0,0,달콤한커피류,아메리카노,기본티,1,1.0,1.0,0.0,0.0,1.0,0.0,1.0,0.0,0.0,0.0,0.0,1.0,0.0,0.0,0.0,0.0,0.0,0.0,0.0,0,,,,,,,,,,,,,,,,,,,,0,,,,,,,,,,,,,,,,,,,,0,,,,,,,,,,,,,,,,,,,,1,1.0,0.0,1.0,0.0,0.0,0.0,0.0,0.0,0.0,0.0,0.0,0.0,0.0,0.0,0.0,0.0,0.0,0.0,0.0,1,1.0,1.0,0.0,0.0,0.0,1.0,0.0,0.0,0.0,1.0,0.0,0.0,0.0,0.0,0.0,0.0,0.0,0.0,0.0
R1830,남,30,30대,30~34,직장인,사무/기술직,경기,서울외수도권,수도권,0,0,1,0,0,0,0,1,0,0,0,0,1,0,0,달콤한커피류,얼음갈린티,카페라떼,0,,,,,,,,,,,,,,,,,,,,0,,,,,,,,,,,,,,,,,,,,0,,,,,,,,,,,,,,,,,,,,0,,,,,,,,,,,,,,,,,,,,0,,,,,,,,,,,,,,,,,,,,1,1.0,1.0,0.0,0.0,0.0,0.0,1.0,0.0,0.0,1.0,0.0,0.0,0.0,0.0,0.0,0.0,0.0,1.0,0.0
R1831,남,30,30대,30~34,직장인,사무/기술직,강원,기타지역,비수도권,0,1,0,0,0,0,0,1,0,0,0,0,0,0,0,아메리카노,달콤한커피류,,1,1.0,0.0,0.0,1.0,0.0,0.0,1.0,0.0,1.0,0.0,0.0,0.0,0.0,0.0,0.0,1.0,0.0,0.0,0.0,0,,,,,,,,,,,,,,,,,,,,1,1.0,1.0,0.0,0.0,1.0,1.0,0.0,0.0,0.0,0.0,0.0,0.0,0.0,0.0,0.0,0.0,0.0,0.0,0.0,0,,,,,,,,,,,,,,,,,,,,0,,,,,,,,,,,,,,,,,,,,0,,,,,,,,,,,,,,,,,,,
R1832,여,54,50대,50~54,대학(원)생,대학생,경기,서울외수도권,수도권,0,1,0,0,0,0,0,0,0,0,0,0,0,0,0,아메리카노,,,0,,,,,,,,,,,,,,,,,,,,1,1.0,1.0,0.0,0.0,0.0,0.0,0.0,0.0,0.0,0.0,0.0,0.0,0.0,0.0,0.0,0.0,0.0,0.0,0.0,1,1.0,0.0,1.0,0.0,1.0,0.0,1.0,0.0,0.0,0.0,0.0,0.0,0.0,0.0,0.0,0.0,0.0,0.0,0.0,1,1.0,1.0,0.0,0.0,0.0,0.0,1.0,0.0,0.0,0.0,0.0,0.0,0.0,0.0,0.0,0.0,0.0,0.0,0.0,0,,,,,,,,,,,,,,,,,,,,0,,,,,,,,,,,,,,,,,,,
R1833,남,29,20대,25~29,대학(원)생,대학생,광주,5대광역시,비수도권,0,1,0,0,0,0,0,0,0,0,0,0,0,0,0,아메리카노,,,0,,,,,,,,,,,,,,,,,,,,1,1.0,1.0,0.0,1.0,1.0,0.0,0.0,0.0,0.0,0.0,1.0,0.0,0.0,0.0,0.0,0.0,0.0,0.0,0.0,0,,,,,,,,,,,,,,,,,,,,1,1.0,0.0,0.0,0.0,0.0,0.0,1.0,0.0,0.0,0.0,0.0,0.0,0.0,0.0,0.0,0.0,0.0,0.0,0.0,0,,,,,,,,,,,,,,,,,,,,0,,,,,,,,,,,,,,,,,,,
R1834,여,43,40대,40~44,전업주부,전업주부,서울,서울,수도권,0,0,1,0,0,1,0,0,0,0,1,0,0,0,0,카페라떼,달콤한티,콜드브루라떼,0,,,,,,,,,,,,,,,,,,,,0,,,,,,,,,,,,,,,,,,,,1,1.0,1.0,0.0,1.0,0.0,1.0,1.0,0.0,0.0,0.0,0.0,0.0,0.0,0.0,0.0,0.0,1.0,0.0,0.0,0,,,,,,,,,,,,,,,,,,,,1,1.0,0.0,0.0,0.0,0.0,0.0,1.0,0.0,0.0,0.0,0.0,0.0,0.0,0.0,0.0,1.0,0.0,0.0,0.0,1,1.0,1.0,1.0,1.0,0.0,0.0,0.0,0.0,0.0,0.0,0.0,0.0,0.0,0.0,0.0,0.0,0.0,0.0,0.0
R1835,남,29,20대,25~29,기타직업,기능/작업직,경기,서울외수도권,수도권,0,1,1,0,0,0,1,1,0,0,1,1,1,0,0,아메리카노,달콤한커피류,드립핸드드립,1,1.0,1.0,0.0,1.0,0.0,1.0,1.0,0.0,0.0,0.0,0.0,0.0,0.0,0.0,0.0,0.0,0.0,0.0,0.0,1,1.0,0.0,0.0,0.0,1.0,0.0,0.0,0.0,1.0,0.0,0.0,0.0,0.0,0.0,0.0,0.0,0.0,1.0,0.0,1,1.0,1.0,0.0,1.0,0.0,0.0,0.0,0.0,1.0,0.0,0.0,0.0,0.0,0.0,0.0,1.0,0.0,0.0,0.0,0,,,,,,,,,,,,,,,,,,,,0,,,,,,,,,,,,,,,,,,,,0,,,,,,,,,,,,,,,,,,,
R1836,남,55,50대,55~59,직장인,사무/기술직,대구,5대광역시,비수도권,0,1,0,0,0,0,1,0,0,0,0,0,0,0,0,아메리카노,드립핸드드립,,0,,,,,,,,,,,,,,,,,,,,0,,,,,,,,,,,,,,,,,,,,0,,,,,,,,,,,,,,,,,,,,1,1.0,1.0,0.0,1.0,0.0,0.0,1.0,0.0,0.0,1.0,0.0,0.0,0.0,0.0,0.0,0.0,1.0,0.0,0.0,0,,,,,,,,,,,,,,,,,,,,1,1.0,1.0,1.0,0.0,0.0,0.0,0.0,0.0,0.0,0.0,1.0,0.0,0.0,0.0,1.0,0.0,0.0,0.0,0.0
R1837,여,20,20대,20~24,직장인,사무/기술직,울산,5대광역시,비수도권,0,1,0,0,0,1,0,0,1,0,0,1,0,0,0,콜드브루라떼,아메리카노,과일티에이드,1,1.0,1.0,0.0,1.0,0.0,0.0,0.0,0.0,0.0,0.0,0.0,0.0,0.0,0.0,0.0,0.0,0.0,0.0,0.0,0,,,,,,,,,,,,,,,,,,,,0,,,,,,,,,,,,,,,,,,,,1,1.0,1.0,0.0,0.0,1.0,1.0,1.0,0.0,0.0,0.0,0.0,0.0,0.0,0.0,0.0,0.0,0.0,0.0,0.0,1,1.0,1.0,0.0,1.0,0.0,1.0,0.0,0.0,0.0,0.0,0.0,0.0,0.0,0.0,0.0,0.0,0.0,1.0,0.0,0,,,,,,,,,,,,,,,,,,,
R1838,남,33,30대,30~34,직장인,사무/기술직,전북,기타지역,비수도권,0,1,0,1,0,0,0,0,0,0,0,0,1,0,0,아메리카노,얼음갈린티,카푸치노,0,,,,,,,,,,,,,,,,,,,,1,1.0,1.0,0.0,0.0,0.0,0.0,0.0,0.0,1.0,0.0,0.0,0.0,0.0,0.0,0.0,0.0,0.0,0.0,0.0,0,,,,,,,,,,,,,,,,,,,,0,,,,,,,,,,,,,,,,,,,,0,,,,,,,,,,,,,,,,,,,,0,,,,,,,,,,,,,,,,,,,
R1839,여,57,50대,55~59,직장인,사무/기술직,광주,5대광역시,비수도권,0,0,0,0,1,0,1,0,0,1,1,0,0,1,1,스무디쉐이크,주스에이드,달콤한티,0,,,,,,,,,,,,,,,,,,,,1,1.0,1.0,1.0,0.0,0.0,0.0,1.0,0.0,0.0,0.0,0.0,0.0,0.0,0.0,0.0,0.0,0.0,1.0,0.0,1,1.0,0.0,0.0,0.0,0.0,0.0,1.0,0.0,0.0,0.0,0.0,0.0,0.0,0.0,0.0,0.0,0.0,0.0,0.0,1,1.0,1.0,0.0,0.0,0.0,0.0,1.0,0.0,0.0,0.0,0.0,0.0,0.0,0.0,0.0,0.0,0.0,0.0,0.0,1,1.0,1.0,0.0,0.0,0.0,0.0,0.0,0.0,0.0,1.0,0.0,0.0,0.0,0.0,0.0,0.0,0.0,0.0,0.0,0,,,,,,,,,,,,,,,,,,,
R1840,남,54,50대,50~54,기타직업,자영업,서울,서울,수도권,0,1,0,0,0,1,0,0,0,0,0,0,1,0,0,아메리카노,얼음갈린티,콜드브루라떼,0,,,,,,,,,,,,,,,,,,,,0,,,,,,,,,,,,,,,,,,,,0,,,,,,,,,,,,,,,,,,,,0,,,,,,,,,,,,,,,,,,,,0,,,,,,,,,,,,,,,,,,,,0,,,,,,,,,,,,,,,,,,,
R1841,남,50,50대,50~54,직장인,자유/전문직,충남,기타지역,비수도권,0,0,0,0,0,0,0,0,0,0,0,0,0,0,1,주스에이드,,,0,,,,,,,,,,,,,,,,,,,,1,1.0,0.0,1.0,0.0,1.0,1.0,1.0,0.0,0.0,0.0,0.0,0.0,0.0,0.0,0.0,0.0,0.0,0.0,0.0,0,,,,,,,,,,,,,,,,,,,,0,,,,,,,,,,,,,,,,,,,,1,1.0,0.0,0.0,0.0,0.0,0.0,0.0,0.0,0.0,0.0,0.0,0.0,0.0,0.0,0.0,0.0,0.0,0.0,0.0,1,1.0,1.0,0.0,0.0,1.0,0.0,1.0,0.0,1.0,0.0,0.0,0.0,0.0,0.0,0.0,0.0,0.0,0.0,0.0
R1842,여,25,20대,25~29,직장인,사무/기술직,경기,서울외수도권,수도권,0,1,0,0,1,0,0,0,0,0,0,0,1,0,0,아메리카노,얼음갈린티,콜드브루,0,,,,,,,,,,,,,,,,,,,,0,,,,,,,,,,,,,,,,,,,,1,1.0,0.0,0.0,0.0,0.0,0.0,1.0,0.0,0.0,0.0,0.0,0.0,0.0,0.0,0.0,0.0,0.0,0.0,0.0,1,1.0,1.0,0.0,1.0,0.0,1.0,1.0,0.0,0.0,0.0,0.0,0.0,0.0,0.0,1.0,0.0,0.0,0.0,0.0,0,,,,,,,,,,,,,,,,,,,,0,,,,,,,,,,,,,,,,,,,
R1843,여,52,50대,50~54,기타직업,자유/전문직,서울,서울,수도권,0,1,1,1,0,0,0,1,0,1,0,1,0,0,0,아메리카노,카푸치노,달콤한커피류,0,,,,,,,,,,,,,,,,,,,,0,,,,,,,,,,,,,,,,,,,,0,,,,,,,,,,,,,,,,,,,,1,1.0,1.0,0.0,1.0,1.0,1.0,0.0,1.0,0.0,0.0,0.0,1.0,0.0,0.0,0.0,0.0,0.0,0.0,0.0,1,1.0,1.0,0.0,0.0,0.0,1.0,0.0,0.0,0.0,0.0,1.0,0.0,0.0,0.0,0.0,0.0,0.0,0.0,0.0,1,1.0,1.0,0.0,0.0,0.0,1.0,0.0,0.0,0.0,0.0,0.0,0.0,0.0,0.0,1.0,0.0,0.0,0.0,0.0
R1844,남,56,50대,55~59,직장인,사무/기술직,서울,서울,수도권,0,0,0,0,0,0,0,0,0,1,0,1,1,0,1,주스에이드,기본티,얼음갈린티,0,,,,,,,,,,,,,,,,,,,,0,,,,,,,,,,,,,,,,,,,,1,1.0,1.0,0.0,0.0,0.0,0.0,0.0,0.0,0.0,0.0,0.0,0.0,0.0,0.0,0.0,0.0,0.0,0.0,0.0,0,,,,,,,,,,,,,,,,,,,,1,1.0,1.0,0.0,0.0,0.0,0.0,1.0,0.0,1.0,0.0,0.0,0.0,0.0,0.0,0.0,0.0,0.0,0.0,0.0,0,,,,,,,,,,,,,,,,,,,
R1845,여,29,20대,25~29,직장인,사무/기술직,경기,서울외수도권,수도권,0,1,0,0,0,0,0,1,0,0,0,0,0,0,0,아메리카노,달콤한커피류,,1,1.0,1.0,0.0,1.0,0.0,1.0,0.0,0.0,1.0,0.0,0.0,0.0,0.0,0.0,0.0,0.0,1.0,0.0,0.0,0,,,,,,,,,,,,,,,,,,,,1,1.0,0.0,0.0,0.0,0.0,0.0,0.0,0.0,0.0,0.0,0.0,0.0,0.0,0.0,0.0,0.0,0.0,0.0,0.0,1,1.0,1.0,0.0,0.0,0.0,0.0,0.0,0.0,0.0,1.0,1.0,0.0,0.0,0.0,0.0,0.0,0.0,0.0,0.0,1,1.0,1.0,1.0,0.0,0.0,0.0,1.0,0.0,0.0,0.0,0.0,0.0,0.0,0.0,0.0,0.0,0.0,0.0,0.0,1,1.0,1.0,0.0,0.0,1.0,0.0,0.0,0.0,0.0,0.0,0.0,0.0,0.0,0.0,0.0,0.0,0.0,0.0,0.0
R1846,여,41,40대,40~44,직장인,사무/기술직,경기,서울외수도권,수도권,0,1,1,0,0,0,0,1,0,0,1,1,0,0,0,아메리카노,달콤한티,과일티에이드,0,,,,,,,,,,,,,,,,,,,,1,1.0,1.0,1.0,0.0,0.0,0.0,0.0,0.0,0.0,0.0,0.0,0.0,0.0,0.0,0.0,0.0,0.0,0.0,0.0,0,,,,,,,,,,,,,,,,,,,,0,,,,,,,,,,,,,,,,,,,,1,1.0,1.0,0.0,0.0,0.0,0.0,0.0,0.0,0.0,0.0,0.0,0.0,0.0,0.0,0.0,0.0,0.0,1.0,0.0,0,,,,,,,,,,,,,,,,,,,
R1847,남,41,40대,40~44,직장인,사무/기술직,경기,서울외수도권,수도권,0,1,0,0,0,0,0,0,0,0,0,0,0,1,0,아메리카노,스무디쉐이크,,0,,,,,,,,,,,,,,,,,,,,1,1.0,0.0,0.0,1.0,0.0,1.0,0.0,0.0,0.0,0.0,0.0,0.0,0.0,0.0,0.0,0.0,0.0,0.0,0.0,1,1.0,1.0,0.0,0.0,0.0,1.0,0.0,0.0,0.0,1.0,0.0,1.0,0.0,0.0,0.0,0.0,0.0,0.0,0.0,1,1.0,1.0,0.0,0.0,0.0,0.0,0.0,0.0,0.0,0.0,0.0,0.0,0.0,0.0,0.0,0.0,1.0,0.0,0.0,0,,,,,,,,,,,,,,,,,,,,1,1.0,1.0,0.0,0.0,0.0,0.0,0.0,0.0,0.0,0.0,1.0,0.0,0.0,0.0,0.0,0.0,0.0,1.0,0.0
R1848,여,22,20대,20~24,기타직업,기타,인천,서울외수도권,수도권,0,1,0,1,0,1,0,0,0,1,0,1,0,0,0,아메리카노,기본티,과일티에이드,1,1.0,1.0,0.0,1.0,0.0,0.0,0.0,0.0,0.0,0.0,0.0,0.0,0.0,0.0,0.0,1.0,0.0,0.0,0.0,0,,,,,,,,,,,,,,,,,,,,1,1.0,1.0,0.0,0.0,1.0,1.0,0.0,0.0,0.0,0.0,0.0,0.0,0.0,0.0,0.0,0.0,0.0,0.0,0.0,1,1.0,1.0,0.0,0.0,0.0,0.0,0.0,0.0,0.0,0.0,0.0,0.0,0.0,0.0,0.0,0.0,0.0,0.0,0.0,1,1.0,0.0,0.0,0.0,0.0,0.0,0.0,0.0,0.0,0.0,1.0,0.0,0.0,0.0,0.0,0.0,0.0,0.0,0.0,0,,,,,,,,,,,,,,,,,,,
R1849,여,56,50대,55~59,직장인,사무/기술직,충북,기타지역,비수도권,0,1,0,0,0,0,0,1,0,0,0,0,0,0,0,아메리카노,달콤한커피류,,1,1.0,1.0,0.0,0.0,1.0,0.0,0.0,0.0,0.0,1.0,0.0,0.0,0.0,0.0,0.0,0.0,0.0,0.0,0.0,0,,,,,,,,,,,,,,,,,,,,0,,,,,,,,,,,,,,,,,,,,0,,,,,,,,,,,,,,,,,,,,0,,,,,,,,,,,,,,,,,,,,1,1.0,1.0,1.0,0.0,0.0,0.0,1.0,0.0,0.0,0.0,0.0,0.0,0.0,0.0,0.0,0.0,0.0,0.0,0.0
R1850,여,42,40대,40~44,직장인,사무/기술직,경기,서울외수도권,수도권,0,0,1,1,0,0,0,1,0,0,0,0,1,0,1,카페라떼,달콤한커피류,주스에이드,0,,,,,,,,,,,,,,,,,,,,1,1.0,0.0,0.0,1.0,1.0,0.0,0.0,0.0,0.0,0.0,0.0,1.0,0.0,0.0,1.0,0.0,0.0,0.0,0.0,0,,,,,,,,,,,,,,,,,,,,1,1.0,1.0,0.0,1.0,0.0,1.0,0.0,0.0,0.0,0.0,0.0,0.0,0.0,0.0,0.0,1.0,0.0,0.0,0.0,0,,,,,,,,,,,,,,,,,,,,0,,,,,,,,,,,,,,,,,,,
R1851,남,40,40대,40~44,직장인,사무/기술직,인천,서울외수도권,수도권,0,0,0,0,0,0,0,1,0,1,0,0,0,1,0,기본티,달콤한커피류,스무디쉐이크,1,1.0,1.0,0.0,0.0,1.0,0.0,0.0,0.0,0.0,0.0,0.0,1.0,0.0,0.0,0.0,1.0,0.0,0.0,0.0,0,,,,,,,,,,,,,,,,,,,,1,1.0,0.0,0.0,1.0,0.0,0.0,0.0,1.0,0.0,1.0,0.0,0.0,0.0,0.0,0.0,0.0,0.0,0.0,0.0,1,1.0,1.0,0.0,1.0,0.0,0.0,1.0,0.0,0.0,0.0,0.0,1.0,0.0,0.0,0.0,1.0,0.0,0.0,0.0,0,,,,,,,,,,,,,,,,,,,,0,,,,,,,,,,,,,,,,,,,
R1852,여,57,50대,55~59,직장인,사무/기술직,대구,5대광역시,비수도권,0,1,0,0,0,0,0,1,0,0,0,0,0,0,0,아메리카노,달콤한커피류,,0,,,,,,,,,,,,,,,,,,,,0,,,,,,,,,,,,,,,,,,,,0,,,,,,,,,,,,,,,,,,,,1,1.0,1.0,0.0,0.0,0.0,1.0,0.0,0.0,0.0,0.0,0.0,0.0,0.0,0.0,0.0,0.0,0.0,0.0,0.0,1,1.0,1.0,1.0,0.0,0.0,0.0,0.0,0.0,0.0,0.0,1.0,0.0,0.0,0.0,0.0,0.0,0.0,0.0,0.0,1,1.0,0.0,1.0,0.0,1.0,1.0,1.0,0.0,1.0,0.0,0.0,0.0,0.0,0.0,0.0,1.0,0.0,0.0,0.0
R1853,남,41,40대,40~44,직장인,사무/기술직,강원,기타지역,비수도권,0,1,0,0,0,0,0,0,0,0,0,0,0,0,0,아메리카노,,,0,,,,,,,,,,,,,,,,,,,,0,,,,,,,,,,,,,,,,,,,,0,,,,,,,,,,,,,,,,,,,,0,,,,,,,,,,,,,,,,,,,,0,,,,,,,,,,,,,,,,,,,,0,,,,,,,,,,,,,,,,,,,
R1854,남,30,30대,30~34,직장인,사무/기술직,인천,서울외수도권,수도권,0,1,0,0,0,0,1,1,0,0,1,1,0,0,0,과일티에이드,아메리카노,달콤한커피류,0,,,,,,,,,,,,,,,,,,,,1,1.0,1.0,0.0,0.0,0.0,0.0,0.0,0.0,0.0,0.0,0.0,0.0,0.0,0.0,0.0,0.0,0.0,1.0,0.0,0,,,,,,,,,,,,,,,,,,,,1,1.0,0.0,0.0,0.0,0.0,0.0,1.0,0.0,0.0,0.0,0.0,0.0,0.0,0.0,0.0,0.0,0.0,0.0,0.0,0,,,,,,,,,,,,,,,,,,,,1,1.0,1.0,0.0,0.0,0.0,1.0,0.0,0.0,0.0,0.0,0.0,0.0,0.0,0.0,0.0,1.0,0.0,0.0,0.0
R1855,남,55,50대,55~59,직장인,사무/기술직,경기,서울외수도권,수도권,0,1,1,0,0,0,0,0,0,0,0,0,0,1,0,아메리카노,스무디쉐이크,카페라떼,0,,,,,,,,,,,,,,,,,,,,1,1.0,0.0,0.0,0.0,0.0,0.0,0.0,0.0,0.0,1.0,1.0,0.0,0.0,0.0,0.0,0.0,0.0,0.0,0.0,1,1.0,1.0,0.0,0.0,0.0,0.0,0.0,0.0,0.0,0.0,0.0,0.0,0.0,0.0,0.0,0.0,0.0,0.0,0.0,0,,,,,,,,,,,,,,,,,,,,1,1.0,0.0,0.0,0.0,0.0,1.0,0.0,0.0,0.0,0.0,0.0,1.0,0.0,0.0,0.0,0.0,0.0,0.0,0.0,0,,,,,,,,,,,,,,,,,,,
R1856,여,33,30대,30~34,전업주부,전업주부,경남,기타지역,비수도권,0,1,1,0,0,0,0,0,0,1,1,1,0,0,0,아메리카노,카페라떼,달콤한티,0,,,,,,,,,,,,,,,,,,,,1,1.0,1.0,1.0,0.0,1.0,1.0,0.0,0.0,0.0,0.0,1.0,0.0,1.0,0.0,0.0,0.0,1.0,0.0,0.0,0,,,,,,,,,,,,,,,,,,,,0,,,,,,,,,,,,,,,,,,,,0,,,,,,,,,,,,,,,,,,,,1,1.0,0.0,0.0,0.0,0.0,0.0,0.0,0.0,1.0,1.0,0.0,0.0,0.0,0.0,0.0,0.0,0.0,0.0,0.0
R1857,여,54,50대,50~54,직장인,사무/기술직,대구,5대광역시,비수도권,0,1,1,0,0,0,0,1,0,0,0,0,1,1,0,아메리카노,얼음갈린티,카페라떼,0,,,,,,,,,,,,,,,,,,,,0,,,,,,,,,,,,,,,,,,,,1,1.0,0.0,0.0,1.0,1.0,0.0,0.0,0.0,0.0,0.0,0.0,0.0,0.0,0.0,0.0,0.0,0.0,0.0,0.0,1,1.0,1.0,0.0,0.0,0.0,1.0,0.0,0.0,0.0,0.0,0.0,0.0,0.0,0.0,0.0,0.0,0.0,0.0,0.0,1,1.0,1.0,0.0,0.0,0.0,0.0,0.0,0.0,0.0,0.0,0.0,0.0,0.0,0.0,0.0,0.0,0.0,0.0,0.0,1,1.0,0.0,1.0,0.0,0.0,1.0,0.0,0.0,0.0,0.0,0.0,0.0,0.0,0.0,0.0,0.0,0.0,0.0,0.0
R1858,남,53,50대,50~54,직장인,자유/전문직,광주,5대광역시,비수도권,0,0,0,0,1,0,0,1,1,0,0,0,1,0,0,얼음갈린티,달콤한커피류,콜드브루,0,,,,,,,,,,,,,,,,,,,,0,,,,,,,,,,,,,,,,,,,,0,,,,,,,,,,,,,,,,,,,,0,,,,,,,,,,,,,,,,,,,,0,,,,,,,,,,,,,,,,,,,,1,1.0,1.0,0.0,0.0,0.0,0.0,0.0,0.0,0.0,0.0,1.0,0.0,0.0,0.0,0.0,0.0,0.0,0.0,0.0
R1859,남,57,50대,55~59,직장인,사무/기술직,서울,서울,수도권,0,0,1,0,0,0,0,0,0,0,0,1,1,0,0,얼음갈린티,과일티에이드,카페라떼,1,1.0,1.0,0.0,1.0,0.0,1.0,1.0,0.0,0.0,0.0,0.0,0.0,0.0,0.0,0.0,0.0,0.0,0.0,0.0,1,1.0,1.0,0.0,0.0,0.0,1.0,0.0,0.0,0.0,0.0,0.0,0.0,0.0,0.0,0.0,0.0,1.0,0.0,0.0,0,,,,,,,,,,,,,,,,,,,,0,,,,,,,,,,,,,,,,,,,,0,,,,,,,,,,,,,,,,,,,,0,,,,,,,,,,,,,,,,,,,
R1860,여,37,30대,35~39,직장인,자영업,울산,5대광역시,비수도권,1,1,0,0,0,0,0,1,0,0,0,0,1,0,0,아메리카노,달콤한커피류,에스프레소,0,,,,,,,,,,,,,,,,,,,,0,,,,,,,,,,,,,,,,,,,,1,1.0,1.0,1.0,0.0,0.0,0.0,0.0,0.0,0.0,0.0,0.0,0.0,1.0,0.0,0.0,0.0,0.0,0.0,0.0,0,,,,,,,,,,,,,,,,,,,,0,,,,,,,,,,,,,,,,,,,,0,,,,,,,,,,,,,,,,,,,
R1861,남,38,30대,35~39,기타직업,기타,강원,기타지역,비수도권,0,0,1,0,1,0,0,0,1,0,0,0,0,1,0,카페라떼,스무디쉐이크,콜드브루,0,,,,,,,,,,,,,,,,,,,,0,,,,,,,,,,,,,,,,,,,,0,,,,,,,,,,,,,,,,,,,,0,,,,,,,,,,,,,,,,,,,,0,,,,,,,,,,,,,,,,,,,,1,1.0,1.0,0.0,0.0,0.0,0.0,0.0,0.0,0.0,0.0,0.0,0.0,0.0,0.0,0.0,1.0,0.0,0.0,0.0
R1862,남,49,40대,45~49,직장인,사무/기술직,울산,5대광역시,비수도권,0,0,0,0,0,0,0,0,1,0,0,1,0,1,0,과일티에이드,스무디쉐이크,얼음갈린커피,1,1.0,1.0,0.0,1.0,0.0,0.0,1.0,0.0,0.0,1.0,0.0,0.0,0.0,0.0,0.0,0.0,0.0,0.0,0.0,0,,,,,,,,,,,,,,,,,,,,0,,,,,,,,,,,,,,,,,,,,1,1.0,0.0,1.0,1.0,1.0,1.0,0.0,0.0,0.0,0.0,0.0,0.0,0.0,0.0,0.0,0.0,0.0,0.0,0.0,1,1.0,1.0,1.0,0.0,0.0,1.0,1.0,0.0,1.0,0.0,0.0,0.0,0.0,0.0,0.0,0.0,0.0,0.0,0.0,0,,,,,,,,,,,,,,,,,,,
R1863,여,41,40대,40~44,전업주부,전업주부,대전,5대광역시,비수도권,0,1,1,0,1,0,0,0,0,0,1,0,0,0,0,아메리카노,달콤한티,콜드브루,1,1.0,1.0,0.0,1.0,0.0,1.0,0.0,0.0,0.0,0.0,0.0,0.0,0.0,0.0,0.0,0.0,0.0,0.0,0.0,1,1.0,0.0,0.0,1.0,0.0,0.0,0.0,0.0,0.0,0.0,0.0,0.0,0.0,0.0,0.0,0.0,0.0,0.0,0.0,1,1.0,1.0,1.0,0.0,0.0,1.0,1.0,0.0,1.0,0.0,0.0,0.0,0.0,0.0,0.0,0.0,0.0,0.0,0.0,1,1.0,1.0,1.0,0.0,0.0,0.0,0.0,0.0,0.0,1.0,0.0,0.0,0.0,0.0,0.0,0.0,0.0,0.0,0.0,1,1.0,1.0,0.0,0.0,0.0,0.0,0.0,0.0,0.0,0.0,0.0,0.0,0.0,0.0,0.0,0.0,0.0,0.0,0.0,0,,,,,,,,,,,,,,,,,,,
R1864,여,54,50대,50~54,직장인,경영/관리직,경기,서울외수도권,수도권,0,1,0,0,1,0,0,1,0,0,0,0,1,0,1,아메리카노,얼음갈린티,달콤한커피류,1,1.0,0.0,0.0,0.0,0.0,0.0,0.0,0.0,1.0,0.0,0.0,0.0,0.0,0.0,0.0,0.0,1.0,0.0,0.0,1,1.0,0.0,0.0,0.0,0.0,1.0,1.0,0.0,0.0,1.0,0.0,0.0,0.0,0.0,0.0,0.0,0.0,0.0,0.0,1,1.0,0.0,0.0,0.0,0.0,0.0,0.0,1.0,0.0,0.0,0.0,0.0,0.0,0.0,0.0,1.0,0.0,0.0,0.0,0,,,,,,,,,,,,,,,,,,,,0,,,,,,,,,,,,,,,,,,,,0,,,,,,,,,,,,,,,,,,,
R1865,여,25,20대,25~29,직장인,사무/기술직,강원,기타지역,비수도권,0,1,1,0,0,0,0,0,0,0,1,1,0,0,0,아메리카노,과일티에이드,카페라떼,1,1.0,0.0,1.0,0.0,0.0,1.0,0.0,0.0,0.0,0.0,0.0,0.0,0.0,0.0,0.0,0.0,0.0,0.0,0.0,1,1.0,1.0,0.0,1.0,1.0,0.0,1.0,0.0,0.0,0.0,0.0,0.0,0.0,0.0,0.0,0.0,0.0,0.0,0.0,1,1.0,0.0,0.0,1.0,0.0,0.0,1.0,0.0,0.0,1.0,0.0,0.0,0.0,0.0,0.0,0.0,0.0,0.0,0.0,0,,,,,,,,,,,,,,,,,,,,1,1.0,0.0,0.0,0.0,0.0,0.0,0.0,0.0,0.0,0.0,0.0,1.0,1.0,0.0,0.0,0.0,0.0,0.0,0.0,1,1.0,0.0,0.0,0.0,0.0,0.0,0.0,0.0,0.0,1.0,0.0,0.0,0.0,0.0,0.0,1.0,0.0,0.0,0.0
R1866,남,38,30대,35~39,전업주부,전업주부,울산,5대광역시,비수도권,0,0,1,0,0,0,0,0,0,0,0,0,0,0,0,카페라떼,,,0,,,,,,,,,,,,,,,,,,,,1,1.0,1.0,0.0,0.0,0.0,1.0,0.0,0.0,0.0,0.0,0.0,0.0,0.0,0.0,0.0,0.0,0.0,0.0,0.0,1,1.0,1.0,0.0,0.0,1.0,0.0,0.0,0.0,0.0,0.0,0.0,0.0,0.0,0.0,0.0,0.0,0.0,0.0,0.0,1,1.0,1.0,1.0,0.0,0.0,1.0,1.0,0.0,1.0,0.0,0.0,0.0,0.0,0.0,0.0,0.0,0.0,0.0,0.0,0,,,,,,,,,,,,,,,,,,,,1,1.0,1.0,0.0,0.0,0.0,0.0,1.0,0.0,0.0,0.0,0.0,0.0,0.0,0.0,0.0,0.0,0.0,0.0,0.0
R1867,남,27,20대,25~29,직장인,사무/기술직,전북,기타지역,비수도권,0,0,1,0,0,0,0,1,0,1,0,1,0,0,0,달콤한커피류,카페라떼,기본티,1,1.0,1.0,0.0,1.0,0.0,0.0,0.0,0.0,0.0,0.0,0.0,0.0,0.0,0.0,0.0,0.0,0.0,0.0,0.0,0,,,,,,,,,,,,,,,,,,,,1,1.0,0.0,0.0,1.0,0.0,1.0,0.0,0.0,0.0,0.0,0.0,0.0,0.0,0.0,0.0,0.0,1.0,1.0,0.0,1,1.0,1.0,0.0,0.0,0.0,0.0,1.0,1.0,0.0,0.0,0.0,0.0,0.0,0.0,0.0,1.0,0.0,0.0,0.0,1,1.0,1.0,1.0,0.0,0.0,0.0,0.0,0.0,0.0,0.0,0.0,1.0,0.0,0.0,0.0,0.0,0.0,1.0,0.0,0,,,,,,,,,,,,,,,,,,,
R1868,남,40,40대,40~44,직장인,자유/전문직,대전,5대광역시,비수도권,0,1,0,0,1,0,0,0,0,0,0,0,0,1,0,아메리카노,스무디쉐이크,콜드브루,1,1.0,0.0,0.0,1.0,1.0,1.0,1.0,0.0,0.0,0.0,0.0,0.0,0.0,0.0,0.0,0.0,0.0,0.0,0.0,0,,,,,,,,,,,,,,,,,,,,1,1.0,1.0,1.0,1.0,1.0,1.0,0.0,0.0,0.0,0.0,0.0,1.0,0.0,0.0,0.0,0.0,1.0,0.0,0.0,0,,,,,,,,,,,,,,,,,,,,1,1.0,0.0,0.0,0.0,0.0,0.0,0.0,0.0,0.0,1.0,0.0,0.0,0.0,0.0,0.0,0.0,0.0,0.0,0.0,0,,,,,,,,,,,,,,,,,,,
R1869,남,53,50대,50~54,기타직업,판매/영업 서비스직,서울,서울,수도권,0,0,1,0,1,0,0,0,0,0,0,0,0,1,0,카페라떼,콜드브루,스무디쉐이크,0,,,,,,,,,,,,,,,,,,,,0,,,,,,,,,,,,,,,,,,,,1,1.0,1.0,0.0,1.0,0.0,0.0,0.0,0.0,0.0,0.0,0.0,0.0,1.0,0.0,0.0,1.0,0.0,0.0,0.0,1,1.0,0.0,0.0,0.0,0.0,0.0,0.0,0.0,0.0,0.0,0.0,0.0,0.0,0.0,0.0,0.0,1.0,0.0,0.0,0,,,,,,,,,,,,,,,,,,,,1,1.0,1.0,0.0,1.0,0.0,0.0,0.0,0.0,1.0,0.0,0.0,1.0,0.0,0.0,0.0,1.0,0.0,0.0,0.0
R1870,남,47,40대,45~49,직장인,사무/기술직,경기,서울외수도권,수도권,0,0,0,1,0,0,0,0,0,1,1,0,0,0,0,카푸치노,달콤한티,기본티,0,,,,,,,,,,,,,,,,,,,,0,,,,,,,,,,,,,,,,,,,,1,1.0,1.0,0.0,0.0,1.0,0.0,0.0,0.0,0.0,0.0,0.0,0.0,1.0,0.0,0.0,0.0,0.0,0.0,0.0,0,,,,,,,,,,,,,,,,,,,,0,,,,,,,,,,,,,,,,,,,,0,,,,,,,,,,,,,,,,,,,
R1871,여,46,40대,45~49,직장인,경영/관리직,서울,서울,수도권,0,0,0,0,1,0,0,0,0,0,0,1,0,0,0,콜드브루,과일티에이드,,0,,,,,,,,,,,,,,,,,,,,0,,,,,,,,,,,,,,,,,,,,0,,,,,,,,,,,,,,,,,,,,1,1.0,1.0,1.0,1.0,0.0,1.0,1.0,0.0,0.0,0.0,0.0,0.0,0.0,0.0,0.0,0.0,0.0,0.0,0.0,0,,,,,,,,,,,,,,,,,,,,1,1.0,1.0,0.0,0.0,0.0,0.0,0.0,0.0,0.0,0.0,1.0,0.0,0.0,0.0,0.0,0.0,0.0,0.0,0.0
R1872,여,56,50대,55~59,직장인,사무/기술직,경기,서울외수도권,수도권,0,1,1,1,1,0,1,1,0,0,0,0,0,1,0,카페라떼,달콤한커피류,카푸치노,1,1.0,1.0,0.0,1.0,1.0,0.0,1.0,0.0,0.0,0.0,1.0,1.0,0.0,0.0,0.0,0.0,0.0,0.0,0.0,0,,,,,,,,,,,,,,,,,,,,0,,,,,,,,,,,,,,,,,,,,1,1.0,1.0,0.0,0.0,0.0,0.0,0.0,0.0,0.0,1.0,0.0,0.0,0.0,0.0,0.0,0.0,0.0,0.0,0.0,0,,,,,,,,,,,,,,,,,,,,0,,,,,,,,,,,,,,,,,,,
R1873,여,47,40대,45~49,직장인,사무/기술직,경기,서울외수도권,수도권,0,1,0,0,0,0,0,0,1,0,0,1,0,1,0,과일티에이드,아메리카노,스무디쉐이크,0,,,,,,,,,,,,,,,,,,,,0,,,,,,,,,,,,,,,,,,,,0,,,,,,,,,,,,,,,,,,,,1,1.0,0.0,0.0,0.0,0.0,0.0,0.0,0.0,0.0,0.0,0.0,0.0,0.0,0.0,0.0,0.0,0.0,0.0,0.0,1,1.0,0.0,0.0,0.0,0.0,0.0,0.0,0.0,1.0,1.0,0.0,0.0,0.0,0.0,0.0,0.0,0.0,0.0,0.0,0,,,,,,,,,,,,,,,,,,,
R1874,남,43,40대,40~44,대학(원)생,대학생,서울,서울,수도권,0,1,1,0,1,0,1,0,0,0,0,0,0,0,0,아메리카노,카페라떼,드립핸드드립,0,,,,,,,,,,,,,,,,,,,,1,1.0,1.0,1.0,0.0,1.0,0.0,0.0,0.0,0.0,1.0,0.0,0.0,0.0,0.0,0.0,0.0,1.0,1.0,0.0,1,1.0,0.0,0.0,0.0,0.0,0.0,0.0,0.0,0.0,0.0,0.0,0.0,0.0,0.0,0.0,1.0,0.0,0.0,0.0,0,,,,,,,,,,,,,,,,,,,,0,,,,,,,,,,,,,,,,,,,,0,,,,,,,,,,,,,,,,,,,
R1875,남,25,20대,25~29,직장인,자영업,서울,서울,수도권,0,0,1,0,0,0,0,0,0,0,0,0,1,0,0,카페라떼,얼음갈린티,,0,,,,,,,,,,,,,,,,,,,,1,1.0,1.0,0.0,0.0,0.0,0.0,1.0,0.0,0.0,0.0,0.0,0.0,0.0,0.0,0.0,0.0,0.0,0.0,0.0,1,1.0,1.0,0.0,1.0,0.0,0.0,0.0,0.0,0.0,0.0,1.0,1.0,0.0,0.0,0.0,0.0,0.0,0.0,0.0,0,,,,,,,,,,,,,,,,,,,,0,,,,,,,,,,,,,,,,,,,,0,,,,,,,,,,,,,,,,,,,
R1876,여,48,40대,45~49,기타직업,무직,인천,서울외수도권,수도권,0,0,1,0,0,0,0,0,0,0,0,0,0,1,0,카페라떼,스무디쉐이크,,0,,,,,,,,,,,,,,,,,,,,0,,,,,,,,,,,,,,,,,,,,0,,,,,,,,,,,,,,,,,,,,0,,,,,,,,,,,,,,,,,,,,0,,,,,,,,,,,,,,,,,,,,1,1.0,1.0,0.0,1.0,0.0,0.0,1.0,0.0,0.0,0.0,0.0,0.0,0.0,0.0,0.0,0.0,0.0,0.0,0.0
R1877,여,49,40대,45~49,직장인,자영업,충북,기타지역,비수도권,0,1,0,0,0,0,0,0,0,1,0,0,0,0,0,아메리카노,기본티,,0,,,,,,,,,,,,,,,,,,,,1,1.0,0.0,0.0,1.0,0.0,0.0,1.0,0.0,0.0,1.0,0.0,0.0,0.0,0.0,0.0,0.0,0.0,0.0,0.0,0,,,,,,,,,,,,,,,,,,,,0,,,,,,,,,,,,,,,,,,,,0,,,,,,,,,,,,,,,,,,,,1,1.0,1.0,0.0,0.0,0.0,0.0,0.0,0.0,0.0,0.0,1.0,1.0,0.0,0.0,0.0,0.0,0.0,0.0,0.0
R1878,여,52,50대,50~54,대학(원)생,대학생,전북,기타지역,비수도권,0,0,0,0,0,0,0,1,0,0,0,0,0,0,0,달콤한커피류,,,1,1.0,1.0,0.0,0.0,0.0,0.0,0.0,0.0,0.0,0.0,0.0,0.0,1.0,0.0,0.0,0.0,0.0,0.0,0.0,0,,,,,,,,,,,,,,,,,,,,0,,,,,,,,,,,,,,,,,,,,0,,,,,,,,,,,,,,,,,,,,0,,,,,,,,,,,,,,,,,,,,0,,,,,,,,,,,,,,,,,,,
R1879,남,47,40대,45~49,직장인,자영업,경기,서울외수도권,수도권,0,0,0,0,0,1,0,0,0,1,0,0,0,0,0,기본티,콜드브루라떼,,1,1.0,1.0,0.0,1.0,1.0,0.0,0.0,0.0,1.0,0.0,0.0,0.0,0.0,0.0,0.0,1.0,1.0,0.0,0.0,1,1.0,1.0,0.0,1.0,0.0,1.0,0.0,0.0,0.0,0.0,0.0,0.0,0.0,0.0,0.0,0.0,0.0,0.0,0.0,1,1.0,1.0,0.0,0.0,0.0,1.0,0.0,0.0,0.0,0.0,0.0,0.0,0.0,0.0,0.0,1.0,0.0,0.0,0.0,1,1.0,0.0,0.0,0.0,0.0,0.0,0.0,0.0,0.0,0.0,0.0,0.0,0.0,0.0,0.0,0.0,0.0,0.0,0.0,0,,,,,,,,,,,,,,,,,,,,0,,,,,,,,,,,,,,,,,,,
R1880,여,39,30대,35~39,직장인,자유/전문직,인천,서울외수도권,수도권,0,1,0,0,0,0,0,1,0,1,0,0,0,0,0,아메리카노,달콤한커피류,기본티,0,,,,,,,,,,,,,,,,,,,,1,1.0,0.0,0.0,0.0,0.0,0.0,1.0,0.0,0.0,0.0,0.0,0.0,0.0,0.0,0.0,0.0,0.0,0.0,0.0,0,,,,,,,,,,,,,,,,,,,,1,1.0,1.0,0.0,1.0,0.0,0.0,0.0,1.0,0.0,0.0,0.0,0.0,0.0,0.0,0.0,0.0,0.0,0.0,0.0,1,1.0,1.0,0.0,1.0,0.0,0.0,0.0,0.0,0.0,0.0,0.0,1.0,0.0,0.0,0.0,0.0,0.0,0.0,0.0,0,,,,,,,,,,,,,,,,,,,
R1881,남,36,30대,35~39,전업주부,전업주부,경기,서울외수도권,수도권,0,1,0,0,1,0,0,0,0,0,0,0,0,0,0,아메리카노,콜드브루,,1,1.0,1.0,0.0,1.0,1.0,0.0,1.0,0.0,0.0,0.0,0.0,0.0,0.0,0.0,0.0,0.0,0.0,0.0,0.0,0,,,,,,,,,,,,,,,,,,,,1,1.0,0.0,0.0,0.0,0.0,1.0,0.0,1.0,0.0,0.0,0.0,0.0,0.0,0.0,0.0,0.0,0.0,0.0,0.0,1,1.0,0.0,0.0,0.0,0.0,0.0,0.0,0.0,0.0,0.0,0.0,1.0,0.0,0.0,0.0,0.0,0.0,0.0,0.0,0,,,,,,,,,,,,,,,,,,,,0,,,,,,,,,,,,,,,,,,,
R1882,여,29,20대,25~29,직장인,자유/전문직,경북,기타지역,비수도권,1,1,0,0,0,0,0,0,1,1,0,0,0,1,0,아메리카노,스무디쉐이크,기본티,1,1.0,0.0,1.0,0.0,1.0,0.0,0.0,0.0,0.0,0.0,0.0,0.0,0.0,0.0,0.0,0.0,0.0,0.0,0.0,1,1.0,1.0,0.0,1.0,0.0,0.0,0.0,0.0,0.0,0.0,1.0,1.0,0.0,0.0,0.0,0.0,1.0,1.0,0.0,0,,,,,,,,,,,,,,,,,,,,1,1.0,1.0,0.0,0.0,0.0,1.0,0.0,0.0,0.0,1.0,0.0,0.0,0.0,0.0,0.0,0.0,0.0,0.0,0.0,1,1.0,1.0,0.0,0.0,0.0,0.0,0.0,0.0,0.0,1.0,0.0,1.0,0.0,0.0,0.0,0.0,0.0,0.0,0.0,0,,,,,,,,,,,,,,,,,,,
R1883,여,35,30대,35~39,직장인,자유/전문직,경기,서울외수도권,수도권,0,0,1,0,0,1,1,0,0,0,1,1,0,0,0,드립핸드드립,과일티에이드,카페라떼,1,1.0,1.0,0.0,0.0,0.0,0.0,1.0,0.0,0.0,0.0,0.0,0.0,0.0,0.0,0.0,0.0,0.0,0.0,0.0,1,1.0,1.0,0.0,0.0,1.0,0.0,0.0,0.0,0.0,0.0,0.0,0.0,0.0,0.0,0.0,0.0,0.0,1.0,0.0,1,1.0,0.0,1.0,0.0,0.0,0.0,0.0,0.0,0.0,0.0,0.0,0.0,0.0,0.0,0.0,0.0,0.0,0.0,0.0,0,,,,,,,,,,,,,,,,,,,,1,1.0,1.0,0.0,0.0,1.0,0.0,0.0,0.0,0.0,0.0,0.0,0.0,0.0,0.0,0.0,0.0,0.0,0.0,0.0,1,1.0,1.0,1.0,1.0,0.0,0.0,0.0,0.0,0.0,0.0,0.0,0.0,0.0,0.0,0.0,0.0,0.0,0.0,0.0
R1884,여,30,30대,30~34,직장인,자유/전문직,대전,5대광역시,비수도권,0,0,0,0,0,0,0,0,0,1,0,1,0,0,0,기본티,과일티에이드,,1,1.0,1.0,0.0,0.0,0.0,1.0,0.0,0.0,0.0,0.0,0.0,0.0,0.0,0.0,0.0,0.0,0.0,0.0,0.0,0,,,,,,,,,,,,,,,,,,,,0,,,,,,,,,,,,,,,,,,,,0,,,,,,,,,,,,,,,,,,,,0,,,,,,,,,,,,,,,,,,,,1,1.0,1.0,0.0,0.0,0.0,0.0,0.0,0.0,0.0,1.0,0.0,0.0,0.0,0.0,0.0,1.0,0.0,0.0,0.0
R1885,남,41,40대,40~44,기타직업,무직,대전,5대광역시,비수도권,0,1,1,0,0,0,1,0,0,0,0,0,1,0,1,아메리카노,카페라떼,주스에이드,1,1.0,1.0,0.0,0.0,0.0,0.0,1.0,0.0,0.0,1.0,0.0,0.0,0.0,0.0,1.0,0.0,0.0,0.0,0.0,0,,,,,,,,,,,,,,,,,,,,1,1.0,0.0,1.0,1.0,1.0,0.0,1.0,0.0,0.0,0.0,0.0,0.0,0.0,0.0,0.0,0.0,0.0,0.0,0.0,1,1.0,1.0,0.0,0.0,0.0,0.0,0.0,0.0,0.0,1.0,0.0,0.0,0.0,0.0,0.0,0.0,0.0,1.0,0.0,0,,,,,,,,,,,,,,,,,,,,0,,,,,,,,,,,,,,,,,,,
R1886,남,54,50대,50~54,전업주부,전업주부,대전,5대광역시,비수도권,0,0,0,0,0,0,0,0,0,0,0,1,1,0,0,얼음갈린티,과일티에이드,,1,1.0,1.0,1.0,1.0,0.0,0.0,0.0,1.0,0.0,0.0,0.0,0.0,0.0,0.0,0.0,0.0,0.0,0.0,0.0,1,1.0,0.0,0.0,0.0,0.0,0.0,0.0,0.0,0.0,0.0,1.0,0.0,0.0,0.0,0.0,0.0,0.0,1.0,0.0,1,1.0,1.0,0.0,1.0,1.0,0.0,0.0,0.0,0.0,0.0,0.0,0.0,0.0,0.0,0.0,0.0,1.0,0.0,0.0,0,,,,,,,,,,,,,,,,,,,,0,,,,,,,,,,,,,,,,,,,,1,1.0,0.0,0.0,0.0,0.0,0.0,0.0,1.0,0.0,0.0,0.0,0.0,0.0,0.0,0.0,0.0,0.0,0.0,0.0
R1887,남,56,50대,55~59,직장인,자영업,서울,서울,수도권,1,0,0,0,0,0,0,0,0,0,1,0,1,0,1,얼음갈린티,에스프레소,주스에이드,1,1.0,1.0,0.0,1.0,0.0,0.0,0.0,0.0,0.0,0.0,0.0,0.0,0.0,0.0,1.0,0.0,1.0,0.0,0.0,1,1.0,1.0,0.0,0.0,0.0,0.0,1.0,0.0,0.0,0.0,0.0,1.0,0.0,0.0,0.0,0.0,0.0,0.0,0.0,0,,,,,,,,,,,,,,,,,,,,1,1.0,1.0,0.0,0.0,0.0,1.0,0.0,0.0,0.0,1.0,0.0,0.0,0.0,0.0,0.0,1.0,0.0,0.0,0.0,1,1.0,0.0,0.0,0.0,0.0,0.0,0.0,0.0,0.0,0.0,0.0,0.0,0.0,0.0,0.0,1.0,0.0,0.0,0.0,0,,,,,,,,,,,,,,,,,,,
R1888,남,33,30대,30~34,기타직업,무직,서울,서울,수도권,0,0,1,0,0,0,0,0,0,0,0,0,0,0,0,카페라떼,,,1,1.0,1.0,0.0,0.0,1.0,0.0,0.0,0.0,0.0,0.0,0.0,0.0,0.0,0.0,0.0,0.0,1.0,0.0,0.0,0,,,,,,,,,,,,,,,,,,,,0,,,,,,,,,,,,,,,,,,,,0,,,,,,,,,,,,,,,,,,,,0,,,,,,,,,,,,,,,,,,,,1,1.0,1.0,1.0,0.0,0.0,0.0,0.0,0.0,0.0,0.0,1.0,0.0,0.0,0.0,0.0,1.0,0.0,0.0,0.0
R1889,여,56,50대,55~59,전업주부,전업주부,전북,기타지역,비수도권,0,0,0,0,0,0,0,0,0,0,0,1,0,0,0,과일티에이드,,,1,1.0,0.0,0.0,1.0,0.0,0.0,1.0,0.0,0.0,0.0,0.0,0.0,0.0,0.0,0.0,0.0,0.0,0.0,0.0,0,,,,,,,,,,,,,,,,,,,,0,,,,,,,,,,,,,,,,,,,,0,,,,,,,,,,,,,,,,,,,,1,1.0,0.0,0.0,0.0,0.0,0.0,1.0,0.0,0.0,0.0,0.0,0.0,0.0,0.0,0.0,0.0,0.0,0.0,0.0,1,1.0,1.0,0.0,0.0,0.0,1.0,1.0,0.0,0.0,1.0,0.0,0.0,0.0,0.0,0.0,0.0,0.0,0.0,0.0
R1890,여,41,40대,40~44,대학(원)생,대학생,경기,서울외수도권,수도권,0,1,0,0,0,1,0,1,0,0,1,1,0,0,0,아메리카노,달콤한티,달콤한커피류,0,,,,,,,,,,,,,,,,,,,,1,1.0,1.0,0.0,0.0,0.0,1.0,0.0,0.0,0.0,0.0,0.0,1.0,0.0,0.0,0.0,0.0,0.0,0.0,0.0,1,1.0,0.0,0.0,1.0,0.0,1.0,1.0,0.0,0.0,1.0,1.0,0.0,0.0,0.0,0.0,0.0,0.0,0.0,0.0,0,,,,,,,,,,,,,,,,,,,,1,1.0,1.0,0.0,0.0,0.0,0.0,0.0,0.0,0.0,0.0,0.0,1.0,0.0,0.0,0.0,1.0,0.0,0.0,0.0,0,,,,,,,,,,,,,,,,,,,
R1891,여,21,20대,20~24,직장인,판매/영업 서비스직,경기,서울외수도권,수도권,0,1,1,0,1,0,0,1,0,0,0,0,1,0,0,아메리카노,카페라떼,달콤한커피류,0,,,,,,,,,,,,,,,,,,,,1,1.0,1.0,1.0,1.0,0.0,0.0,0.0,0.0,0.0,0.0,0.0,0.0,0.0,0.0,0.0,0.0,0.0,0.0,0.0,0,,,,,,,,,,,,,,,,,,,,0,,,,,,,,,,,,,,,,,,,,0,,,,,,,,,,,,,,,,,,,,1,1.0,1.0,0.0,0.0,0.0,1.0,0.0,0.0,0.0,0.0,1.0,0.0,0.0,0.0,0.0,0.0,0.0,0.0,0.0
R1892,남,36,30대,35~39,직장인,판매/영업 서비스직,경기,서울외수도권,수도권,0,1,0,0,0,0,1,1,0,0,0,0,1,0,0,아메리카노,달콤한커피류,얼음갈린티,0,,,,,,,,,,,,,,,,,,,,0,,,,,,,,,,,,,,,,,,,,1,1.0,1.0,0.0,0.0,0.0,0.0,0.0,0.0,0.0,0.0,0.0,0.0,1.0,0.0,0.0,0.0,0.0,0.0,0.0,0,,,,,,,,,,,,,,,,,,,,1,1.0,1.0,1.0,0.0,0.0,0.0,0.0,0.0,0.0,0.0,0.0,0.0,0.0,0.0,0.0,0.0,1.0,0.0,0.0,0,,,,,,,,,,,,,,,,,,,
R1893,여,34,30대,30~34,기타직업,기타,서울,서울,수도권,0,1,0,0,0,0,0,1,0,0,1,1,0,0,0,달콤한커피류,아메리카노,달콤한티,0,,,,,,,,,,,,,,,,,,,,0,,,,,,,,,,,,,,,,,,,,1,1.0,0.0,0.0,1.0,0.0,0.0,0.0,0.0,0.0,0.0,0.0,1.0,0.0,0.0,0.0,0.0,0.0,0.0,0.0,1,1.0,0.0,0.0,0.0,0.0,0.0,0.0,0.0,0.0,1.0,0.0,0.0,0.0,0.0,0.0,1.0,0.0,0.0,0.0,0,,,,,,,,,,,,,,,,,,,,1,1.0,0.0,0.0,0.0,0.0,0.0,1.0,0.0,0.0,0.0,0.0,1.0,0.0,0.0,1.0,0.0,0.0,0.0,0.0
R1894,여,31,30대,30~34,기타직업,기타,전남,기타지역,비수도권,0,0,1,0,1,0,0,1,0,0,0,0,0,0,0,카페라떼,달콤한커피류,콜드브루,1,1.0,1.0,0.0,1.0,1.0,0.0,0.0,0.0,0.0,0.0,0.0,0.0,0.0,0.0,0.0,0.0,1.0,0.0,0.0,1,1.0,1.0,0.0,1.0,0.0,0.0,0.0,0.0,0.0,0.0,0.0,0.0,0.0,0.0,0.0,0.0,0.0,0.0,0.0,1,1.0,0.0,1.0,0.0,0.0,1.0,1.0,0.0,0.0,0.0,0.0,0.0,0.0,0.0,0.0,0.0,0.0,0.0,0.0,0,,,,,,,,,,,,,,,,,,,,1,1.0,0.0,0.0,0.0,0.0,1.0,0.0,0.0,0.0,0.0,0.0,0.0,0.0,0.0,1.0,0.0,0.0,0.0,0.0,1,1.0,1.0,0.0,0.0,1.0,0.0,0.0,0.0,0.0,0.0,0.0,0.0,1.0,0.0,0.0,0.0,0.0,0.0,0.0
R1895,남,28,20대,25~29,직장인,자영업,서울,서울,수도권,0,0,0,0,0,0,0,1,0,0,0,0,0,0,0,달콤한커피류,,,1,1.0,0.0,0.0,1.0,0.0,0.0,0.0,0.0,0.0,0.0,0.0,0.0,0.0,0.0,0.0,0.0,0.0,0.0,0.0,0,,,,,,,,,,,,,,,,,,,,1,1.0,1.0,0.0,1.0,0.0,0.0,0.0,0.0,0.0,0.0,0.0,0.0,0.0,0.0,0.0,0.0,0.0,0.0,0.0,1,1.0,0.0,0.0,0.0,0.0,0.0,0.0,0.0,0.0,0.0,0.0,0.0,0.0,0.0,0.0,0.0,0.0,0.0,0.0,0,,,,,,,,,,,,,,,,,,,,0,,,,,,,,,,,,,,,,,,,
R1896,여,33,30대,30~34,직장인,사무/기술직,경기,서울외수도권,수도권,0,1,0,0,0,0,1,0,0,0,0,0,0,0,0,아메리카노,드립핸드드립,,1,1.0,1.0,0.0,1.0,0.0,1.0,1.0,0.0,0.0,1.0,0.0,0.0,0.0,0.0,0.0,0.0,0.0,0.0,0.0,0,,,,,,,,,,,,,,,,,,,,0,,,,,,,,,,,,,,,,,,,,1,1.0,0.0,1.0,1.0,0.0,1.0,1.0,0.0,1.0,0.0,0.0,0.0,0.0,0.0,0.0,0.0,0.0,0.0,0.0,1,1.0,1.0,0.0,0.0,1.0,0.0,0.0,0.0,0.0,0.0,0.0,1.0,0.0,0.0,0.0,1.0,0.0,0.0,0.0,0,,,,,,,,,,,,,,,,,,,
R1897,여,37,30대,35~39,직장인,사무/기술직,서울,서울,수도권,0,1,1,1,0,0,0,1,0,0,0,0,0,0,0,달콤한커피류,카페라떼,아메리카노,0,,,,,,,,,,,,,,,,,,,,1,1.0,1.0,0.0,1.0,1.0,0.0,0.0,0.0,0.0,0.0,1.0,0.0,0.0,0.0,1.0,0.0,0.0,0.0,0.0,1,1.0,1.0,0.0,0.0,0.0,0.0,0.0,0.0,0.0,1.0,0.0,0.0,0.0,0.0,0.0,0.0,0.0,0.0,0.0,0,,,,,,,,,,,,,,,,,,,,1,1.0,1.0,0.0,1.0,0.0,0.0,0.0,0.0,0.0,0.0,0.0,0.0,0.0,0.0,0.0,0.0,0.0,0.0,0.0,1,1.0,1.0,0.0,0.0,0.0,0.0,1.0,1.0,0.0,0.0,0.0,0.0,0.0,0.0,1.0,0.0,0.0,0.0,0.0
R1898,여,35,30대,35~39,직장인,경영/관리직,경기,서울외수도권,수도권,0,1,1,1,0,0,1,0,1,0,1,0,0,1,1,얼음갈린커피,드립핸드드립,아메리카노,1,1.0,1.0,0.0,1.0,0.0,0.0,0.0,0.0,0.0,1.0,0.0,0.0,0.0,0.0,0.0,0.0,0.0,0.0,0.0,1,1.0,1.0,0.0,0.0,1.0,0.0,0.0,0.0,0.0,0.0,0.0,0.0,0.0,0.0,0.0,0.0,1.0,0.0,0.0,0,,,,,,,,,,,,,,,,,,,,0,,,,,,,,,,,,,,,,,,,,0,,,,,,,,,,,,,,,,,,,,0,,,,,,,,,,,,,,,,,,,
R1899,남,44,40대,40~44,전업주부,전업주부,경북,기타지역,비수도권,0,1,0,0,0,0,0,1,0,0,0,0,0,0,0,아메리카노,달콤한커피류,,1,1.0,1.0,0.0,1.0,1.0,0.0,0.0,0.0,0.0,0.0,0.0,0.0,0.0,0.0,0.0,0.0,0.0,0.0,1.0,0,,,,,,,,,,,,,,,,,,,,1,1.0,1.0,0.0,0.0,1.0,0.0,0.0,0.0,0.0,0.0,0.0,1.0,0.0,0.0,0.0,0.0,0.0,0.0,0.0,1,1.0,1.0,0.0,0.0,0.0,0.0,0.0,0.0,0.0,0.0,1.0,0.0,0.0,0.0,0.0,0.0,0.0,0.0,0.0,0,,,,,,,,,,,,,,,,,,,,1,1.0,0.0,0.0,0.0,0.0,0.0,0.0,0.0,0.0,0.0,0.0,0.0,0.0,0.0,0.0,0.0,0.0,0.0,0.0
R1900,여,39,30대,35~39,직장인,사무/기술직,경기,서울외수도권,수도권,0,0,0,0,1,0,0,0,1,1,1,1,0,1,0,과일티에이드,달콤한티,스무디쉐이크,0,,,,,,,,,,,,,,,,,,,,0,,,,,,,,,,,,,,,,,,,,0,,,,,,,,,,,,,,,,,,,,0,,,,,,,,,,,,,,,,,,,,1,1.0,0.0,0.0,1.0,0.0,0.0,0.0,0.0,1.0,0.0,0.0,0.0,0.0,0.0,0.0,0.0,0.0,0.0,0.0,0,,,,,,,,,,,,,,,,,,,
R1901,남,38,30대,35~39,대학(원)생,대학생,서울,서울,수도권,0,1,1,0,0,0,0,0,0,0,0,0,0,0,0,아메리카노,카페라떼,,1,1.0,0.0,0.0,1.0,1.0,0.0,0.0,0.0,0.0,0.0,0.0,1.0,0.0,0.0,0.0,0.0,0.0,0.0,0.0,0,,,,,,,,,,,,,,,,,,,,1,1.0,0.0,1.0,0.0,0.0,1.0,0.0,0.0,0.0,0.0,0.0,0.0,0.0,0.0,0.0,0.0,0.0,0.0,0.0,0,,,,,,,,,,,,,,,,,,,,1,1.0,0.0,0.0,0.0,0.0,0.0,0.0,0.0,0.0,0.0,0.0,0.0,0.0,0.0,0.0,0.0,0.0,0.0,0.0,0,,,,,,,,,,,,,,,,,,,
R1902,남,51,50대,50~54,직장인,사무/기술직,인천,서울외수도권,수도권,0,1,0,0,0,0,0,0,0,0,0,0,1,0,1,아메리카노,주스에이드,얼음갈린티,0,,,,,,,,,,,,,,,,,,,,0,,,,,,,,,,,,,,,,,,,,0,,,,,,,,,,,,,,,,,,,,0,,,,,,,,,,,,,,,,,,,,0,,,,,,,,,,,,,,,,,,,,0,,,,,,,,,,,,,,,,,,,
R1903,남,54,50대,50~54,직장인,기능/작업직,경기,서울외수도권,수도권,0,1,0,1,0,0,1,1,0,0,1,0,0,0,1,아메리카노,달콤한커피류,카푸치노,0,,,,,,,,,,,,,,,,,,,,1,1.0,1.0,1.0,0.0,0.0,0.0,1.0,0.0,0.0,0.0,0.0,0.0,0.0,0.0,0.0,0.0,0.0,0.0,1.0,0,,,,,,,,,,,,,,,,,,,,1,1.0,1.0,0.0,0.0,0.0,0.0,0.0,0.0,1.0,0.0,0.0,0.0,0.0,0.0,0.0,0.0,1.0,0.0,0.0,0,,,,,,,,,,,,,,,,,,,,1,1.0,1.0,0.0,0.0,0.0,0.0,0.0,0.0,0.0,0.0,1.0,0.0,0.0,0.0,0.0,0.0,0.0,0.0,0.0
R1904,남,34,30대,30~34,직장인,사무/기술직,경남,기타지역,비수도권,1,1,1,0,1,0,0,0,0,0,0,1,0,0,0,카페라떼,과일티에이드,아메리카노,0,,,,,,,,,,,,,,,,,,,,0,,,,,,,,,,,,,,,,,,,,1,1.0,0.0,0.0,0.0,0.0,0.0,0.0,0.0,0.0,1.0,0.0,1.0,0.0,0.0,0.0,0.0,0.0,0.0,0.0,0,,,,,,,,,,,,,,,,,,,,1,1.0,1.0,0.0,1.0,0.0,1.0,0.0,0.0,0.0,0.0,0.0,0.0,0.0,0.0,0.0,0.0,0.0,0.0,0.0,0,,,,,,,,,,,,,,,,,,,
R1905,남,52,50대,50~54,전업주부,전업주부,부산,5대광역시,비수도권,0,1,0,0,1,0,0,1,0,0,0,0,0,0,0,아메리카노,달콤한커피류,콜드브루,0,,,,,,,,,,,,,,,,,,,,1,1.0,0.0,0.0,1.0,0.0,1.0,1.0,0.0,0.0,0.0,0.0,0.0,0.0,0.0,0.0,0.0,0.0,1.0,0.0,1,1.0,1.0,1.0,0.0,0.0,0.0,0.0,0.0,0.0,0.0,0.0,0.0,0.0,0.0,0.0,1.0,0.0,0.0,0.0,0,,,,,,,,,,,,,,,,,,,,0,,,,,,,,,,,,,,,,,,,,0,,,,,,,,,,,,,,,,,,,
R1906,여,51,50대,50~54,직장인,자유/전문직,경기,서울외수도권,수도권,0,0,1,0,0,0,0,1,0,0,0,0,0,0,1,카페라떼,주스에이드,달콤한커피류,1,1.0,0.0,0.0,0.0,1.0,0.0,0.0,0.0,1.0,1.0,0.0,1.0,0.0,0.0,0.0,0.0,0.0,0.0,0.0,0,,,,,,,,,,,,,,,,,,,,0,,,,,,,,,,,,,,,,,,,,1,1.0,0.0,0.0,0.0,0.0,0.0,0.0,0.0,0.0,0.0,0.0,0.0,0.0,0.0,0.0,1.0,0.0,0.0,0.0,1,1.0,0.0,0.0,1.0,0.0,0.0,0.0,0.0,0.0,0.0,0.0,0.0,0.0,0.0,0.0,0.0,0.0,0.0,0.0,1,1.0,1.0,1.0,0.0,0.0,1.0,0.0,0.0,0.0,0.0,0.0,0.0,0.0,0.0,0.0,0.0,0.0,0.0,0.0
R1907,여,31,30대,30~34,기타직업,자영업,충남,기타지역,비수도권,0,1,1,1,0,1,0,1,1,0,0,0,0,0,0,달콤한커피류,카페라떼,아메리카노,1,1.0,1.0,0.0,1.0,0.0,0.0,0.0,0.0,0.0,0.0,0.0,0.0,0.0,0.0,0.0,0.0,0.0,0.0,0.0,0,,,,,,,,,,,,,,,,,,,,0,,,,,,,,,,,,,,,,,,,,1,1.0,0.0,0.0,0.0,0.0,0.0,0.0,0.0,0.0,0.0,1.0,0.0,0.0,0.0,0.0,0.0,0.0,0.0,0.0,0,,,,,,,,,,,,,,,,,,,,0,,,,,,,,,,,,,,,,,,,
R1908,남,55,50대,55~59,대학(원)생,대학생,광주,5대광역시,비수도권,1,1,0,0,0,0,0,0,1,0,0,0,0,0,1,아메리카노,주스에이드,얼음갈린커피,1,1.0,0.0,0.0,1.0,0.0,0.0,0.0,0.0,0.0,0.0,0.0,1.0,0.0,0.0,0.0,0.0,0.0,1.0,0.0,0,,,,,,,,,,,,,,,,,,,,1,1.0,1.0,0.0,0.0,0.0,0.0,0.0,0.0,0.0,0.0,0.0,0.0,0.0,0.0,0.0,0.0,0.0,0.0,0.0,0,,,,,,,,,,,,,,,,,,,,1,1.0,1.0,0.0,0.0,0.0,0.0,0.0,0.0,0.0,1.0,0.0,0.0,0.0,0.0,0.0,0.0,0.0,0.0,0.0,1,1.0,1.0,0.0,0.0,0.0,0.0,0.0,0.0,0.0,0.0,1.0,0.0,0.0,0.0,0.0,0.0,0.0,0.0,0.0
R1909,여,58,50대,55~59,직장인,자유/전문직,서울,서울,수도권,0,1,1,0,0,1,0,0,1,0,0,0,0,0,0,아메리카노,카페라떼,얼음갈린커피,1,1.0,1.0,0.0,0.0,0.0,0.0,1.0,0.0,0.0,0.0,0.0,0.0,0.0,0.0,0.0,0.0,0.0,0.0,0.0,0,,,,,,,,,,,,,,,,,,,,1,1.0,1.0,0.0,1.0,1.0,1.0,0.0,0.0,0.0,0.0,1.0,0.0,0.0,0.0,0.0,0.0,0.0,0.0,0.0,0,,,,,,,,,,,,,,,,,,,,1,1.0,1.0,0.0,0.0,0.0,0.0,0.0,0.0,0.0,0.0,0.0,0.0,0.0,0.0,0.0,0.0,0.0,0.0,0.0,1,1.0,0.0,0.0,0.0,0.0,0.0,1.0,1.0,0.0,1.0,0.0,0.0,0.0,0.0,0.0,0.0,0.0,0.0,0.0
R1910,여,58,50대,55~59,직장인,경영/관리직,서울,서울,수도권,0,1,1,0,0,0,0,1,0,1,0,0,0,1,0,아메리카노,달콤한커피류,카페라떼,0,,,,,,,,,,,,,,,,,,,,0,,,,,,,,,,,,,,,,,,,,0,,,,,,,,,,,,,,,,,,,,0,,,,,,,,,,,,,,,,,,,,1,1.0,0.0,0.0,0.0,0.0,0.0,0.0,0.0,1.0,0.0,0.0,0.0,0.0,0.0,0.0,0.0,0.0,0.0,0.0,0,,,,,,,,,,,,,,,,,,,
R1911,남,29,20대,25~29,직장인,사무/기술직,경기,서울외수도권,수도권,0,1,1,0,1,0,1,0,0,0,0,0,0,0,0,아메리카노,드립핸드드립,콜드브루,0,,,,,,,,,,,,,,,,,,,,1,1.0,1.0,0.0,0.0,1.0,0.0,0.0,0.0,0.0,0.0,0.0,0.0,0.0,0.0,0.0,1.0,1.0,0.0,0.0,1,1.0,1.0,0.0,1.0,0.0,0.0,1.0,0.0,0.0,0.0,0.0,0.0,0.0,0.0,0.0,0.0,0.0,0.0,0.0,1,1.0,1.0,0.0,0.0,0.0,1.0,0.0,0.0,0.0,0.0,0.0,0.0,0.0,0.0,0.0,0.0,0.0,0.0,0.0,0,,,,,,,,,,,,,,,,,,,,0,,,,,,,,,,,,,,,,,,,
R1912,여,54,50대,50~54,직장인,사무/기술직,서울,서울,수도권,0,1,1,0,0,0,0,0,0,0,0,0,1,0,1,아메리카노,카페라떼,주스에이드,0,,,,,,,,,,,,,,,,,,,,0,,,,,,,,,,,,,,,,,,,,0,,,,,,,,,,,,,,,,,,,,0,,,,,,,,,,,,,,,,,,,,1,1.0,0.0,0.0,0.0,0.0,0.0,1.0,0.0,0.0,0.0,0.0,0.0,0.0,0.0,0.0,0.0,0.0,0.0,0.0,0,,,,,,,,,,,,,,,,,,,
R1913,여,56,50대,55~59,기타직업,무직,서울,서울,수도권,1,0,0,0,1,0,0,0,0,0,0,1,1,0,0,콜드브루,얼음갈린티,과일티에이드,0,,,,,,,,,,,,,,,,,,,,1,1.0,0.0,0.0,0.0,0.0,0.0,0.0,0.0,0.0,0.0,0.0,0.0,1.0,0.0,0.0,0.0,0.0,0.0,0.0,0,,,,,,,,,,,,,,,,,,,,0,,,,,,,,,,,,,,,,,,,,1,1.0,0.0,0.0,0.0,0.0,0.0,0.0,0.0,0.0,0.0,0.0,0.0,0.0,0.0,0.0,0.0,0.0,0.0,0.0,0,,,,,,,,,,,,,,,,,,,
R1914,여,53,50대,50~54,기타직업,기타,경기,서울외수도권,수도권,0,0,0,0,0,0,0,0,0,0,0,1,0,1,0,과일티에이드,스무디쉐이크,,0,,,,,,,,,,,,,,,,,,,,0,,,,,,,,,,,,,,,,,,,,0,,,,,,,,,,,,,,,,,,,,1,1.0,0.0,1.0,0.0,0.0,0.0,0.0,0.0,0.0,1.0,0.0,0.0,0.0,0.0,0.0,1.0,0.0,0.0,0.0,0,,,,,,,,,,,,,,,,,,,,0,,,,,,,,,,,,,,,,,,,
R1915,남,25,20대,25~29,직장인,판매/영업 서비스직,울산,5대광역시,비수도권,0,0,1,0,0,0,0,0,0,1,0,0,0,0,0,카페라떼,기본티,,1,1.0,0.0,0.0,0.0,0.0,0.0,0.0,0.0,0.0,0.0,0.0,0.0,0.0,0.0,0.0,0.0,0.0,0.0,0.0,1,1.0,1.0,0.0,1.0,1.0,0.0,0.0,0.0,0.0,0.0,0.0,0.0,0.0,0.0,0.0,0.0,0.0,0.0,0.0,1,1.0,1.0,0.0,1.0,1.0,1.0,0.0,0.0,0.0,0.0,0.0,1.0,0.0,0.0,0.0,0.0,0.0,0.0,0.0,0,,,,,,,,,,,,,,,,,,,,1,1.0,1.0,1.0,0.0,0.0,1.0,0.0,0.0,0.0,1.0,0.0,0.0,0.0,0.0,1.0,0.0,0.0,0.0,0.0,0,,,,,,,,,,,,,,,,,,,
R1916,남,49,40대,45~49,직장인,경영/관리직,부산,5대광역시,비수도권,0,0,1,0,0,0,0,1,0,0,0,0,0,1,0,스무디쉐이크,달콤한커피류,카페라떼,0,,,,,,,,,,,,,,,,,,,,1,1.0,1.0,1.0,0.0,0.0,1.0,1.0,0.0,0.0,0.0,0.0,0.0,0.0,0.0,0.0,1.0,0.0,0.0,0.0,1,1.0,1.0,1.0,0.0,0.0,1.0,0.0,0.0,0.0,0.0,0.0,0.0,0.0,0.0,0.0,0.0,1.0,0.0,0.0,1,1.0,1.0,0.0,0.0,0.0,0.0,0.0,0.0,0.0,0.0,0.0,0.0,0.0,0.0,0.0,0.0,0.0,0.0,0.0,0,,,,,,,,,,,,,,,,,,,,1,1.0,1.0,1.0,0.0,0.0,0.0,0.0,0.0,0.0,0.0,0.0,0.0,0.0,0.0,0.0,0.0,0.0,0.0,0.0
R1917,여,46,40대,45~49,전업주부,전업주부,부산,5대광역시,비수도권,1,0,1,0,0,0,0,1,0,0,1,1,0,0,0,달콤한커피류,달콤한티,에스프레소,0,,,,,,,,,,,,,,,,,,,,0,,,,,,,,,,,,,,,,,,,,1,1.0,1.0,0.0,0.0,0.0,0.0,1.0,0.0,1.0,0.0,0.0,0.0,0.0,0.0,0.0,0.0,0.0,0.0,0.0,0,,,,,,,,,,,,,,,,,,,,1,1.0,1.0,0.0,0.0,0.0,0.0,0.0,0.0,1.0,0.0,0.0,0.0,0.0,0.0,0.0,0.0,0.0,0.0,0.0,0,,,,,,,,,,,,,,,,,,,
R1918,남,41,40대,40~44,직장인,판매/영업 서비스직,전남,기타지역,비수도권,0,0,0,0,0,0,0,1,0,1,0,1,1,0,0,얼음갈린티,달콤한커피류,과일티에이드,0,,,,,,,,,,,,,,,,,,,,0,,,,,,,,,,,,,,,,,,,,0,,,,,,,,,,,,,,,,,,,,0,,,,,,,,,,,,,,,,,,,,0,,,,,,,,,,,,,,,,,,,,1,1.0,1.0,1.0,0.0,0.0,0.0,0.0,0.0,1.0,0.0,0.0,0.0,0.0,0.0,0.0,0.0,0.0,0.0,0.0
R1919,여,38,30대,35~39,기타직업,기타,서울,서울,수도권,0,1,0,0,0,1,0,0,1,0,0,0,0,0,1,얼음갈린커피,아메리카노,주스에이드,1,1.0,0.0,0.0,1.0,0.0,0.0,0.0,0.0,0.0,0.0,0.0,0.0,0.0,0.0,0.0,0.0,1.0,0.0,0.0,0,,,,,,,,,,,,,,,,,,,,0,,,,,,,,,,,,,,,,,,,,0,,,,,,,,,,,,,,,,,,,,1,1.0,0.0,0.0,0.0,1.0,1.0,0.0,0.0,0.0,1.0,0.0,0.0,0.0,0.0,0.0,0.0,0.0,0.0,0.0,0,,,,,,,,,,,,,,,,,,,
R1920,남,27,20대,25~29,직장인,경영/관리직,서울,서울,수도권,0,1,0,0,0,0,0,1,0,0,0,1,0,0,0,달콤한커피류,아메리카노,과일티에이드,1,1.0,0.0,0.0,0.0,0.0,0.0,1.0,0.0,0.0,0.0,0.0,1.0,0.0,0.0,0.0,1.0,1.0,0.0,0.0,1,1.0,1.0,0.0,1.0,0.0,0.0,0.0,0.0,0.0,1.0,0.0,0.0,0.0,0.0,0.0,0.0,0.0,0.0,0.0,0,,,,,,,,,,,,,,,,,,,,0,,,,,,,,,,,,,,,,,,,,0,,,,,,,,,,,,,,,,,,,,0,,,,,,,,,,,,,,,,,,,
R1921,남,28,20대,25~29,기타직업,기타,울산,5대광역시,비수도권,1,0,0,0,0,0,0,1,0,0,0,0,0,0,0,달콤한커피류,에스프레소,,0,,,,,,,,,,,,,,,,,,,,1,1.0,0.0,1.0,0.0,0.0,0.0,1.0,0.0,0.0,0.0,0.0,0.0,0.0,0.0,0.0,1.0,1.0,0.0,0.0,0,,,,,,,,,,,,,,,,,,,,1,1.0,0.0,0.0,0.0,0.0,0.0,0.0,0.0,0.0,0.0,0.0,0.0,0.0,0.0,0.0,0.0,0.0,0.0,0.0,1,1.0,0.0,0.0,1.0,0.0,0.0,0.0,0.0,0.0,0.0,0.0,0.0,0.0,0.0,0.0,0.0,0.0,0.0,0.0,0,,,,,,,,,,,,,,,,,,,
R1922,여,41,40대,40~44,직장인,사무/기술직,경기,서울외수도권,수도권,0,1,0,0,0,0,0,1,0,0,1,1,0,0,1,달콤한커피류,아메리카노,달콤한티,1,1.0,1.0,0.0,1.0,0.0,1.0,0.0,0.0,0.0,0.0,1.0,0.0,0.0,0.0,0.0,0.0,0.0,0.0,0.0,0,,,,,,,,,,,,,,,,,,,,0,,,,,,,,,,,,,,,,,,,,0,,,,,,,,,,,,,,,,,,,,0,,,,,,,,,,,,,,,,,,,,0,,,,,,,,,,,,,,,,,,,
R1923,남,35,30대,35~39,기타직업,기타,대전,5대광역시,비수도권,0,1,0,0,0,0,0,1,1,0,0,0,0,0,1,아메리카노,달콤한커피류,얼음갈린커피,0,,,,,,,,,,,,,,,,,,,,0,,,,,,,,,,,,,,,,,,,,1,1.0,1.0,0.0,0.0,1.0,0.0,0.0,1.0,0.0,0.0,1.0,1.0,0.0,0.0,0.0,0.0,0.0,0.0,0.0,1,1.0,0.0,0.0,0.0,0.0,0.0,0.0,0.0,0.0,0.0,0.0,1.0,0.0,0.0,0.0,0.0,0.0,0.0,0.0,1,1.0,1.0,0.0,0.0,0.0,0.0,0.0,0.0,0.0,0.0,1.0,0.0,0.0,0.0,0.0,0.0,0.0,0.0,0.0,0,,,,,,,,,,,,,,,,,,,
R1924,여,29,20대,25~29,기타직업,무직,전남,기타지역,비수도권,0,1,0,0,0,0,0,0,0,0,1,0,1,0,1,아메리카노,달콤한티,얼음갈린티,1,1.0,1.0,1.0,0.0,0.0,1.0,0.0,0.0,0.0,0.0,0.0,0.0,0.0,0.0,0.0,0.0,0.0,0.0,0.0,0,,,,,,,,,,,,,,,,,,,,1,1.0,1.0,0.0,0.0,0.0,1.0,0.0,0.0,0.0,1.0,0.0,1.0,0.0,0.0,1.0,0.0,0.0,0.0,0.0,0,,,,,,,,,,,,,,,,,,,,0,,,,,,,,,,,,,,,,,,,,1,1.0,1.0,0.0,0.0,0.0,1.0,0.0,0.0,0.0,0.0,0.0,0.0,0.0,0.0,0.0,0.0,0.0,0.0,0.0
R1925,남,51,50대,50~54,전업주부,전업주부,서울,서울,수도권,0,0,0,0,0,0,0,1,0,0,0,0,0,0,0,달콤한커피류,,,0,,,,,,,,,,,,,,,,,,,,1,1.0,0.0,0.0,1.0,0.0,0.0,1.0,0.0,0.0,0.0,0.0,0.0,0.0,0.0,0.0,1.0,1.0,0.0,0.0,0,,,,,,,,,,,,,,,,,,,,0,,,,,,,,,,,,,,,,,,,,0,,,,,,,,,,,,,,,,,,,,0,,,,,,,,,,,,,,,,,,,
R1926,여,53,50대,50~54,직장인,자유/전문직,서울,서울,수도권,0,0,0,0,0,1,0,0,0,0,1,0,0,0,0,콜드브루라떼,달콤한티,,0,,,,,,,,,,,,,,,,,,,,0,,,,,,,,,,,,,,,,,,,,0,,,,,,,,,,,,,,,,,,,,0,,,,,,,,,,,,,,,,,,,,0,,,,,,,,,,,,,,,,,,,,0,,,,,,,,,,,,,,,,,,,
R1927,여,52,50대,50~54,기타직업,자유/전문직,서울,서울,수도권,0,0,0,0,0,1,0,1,0,1,0,1,0,1,1,달콤한커피류,스무디쉐이크,과일티에이드,1,1.0,0.0,0.0,0.0,0.0,0.0,0.0,0.0,0.0,0.0,1.0,0.0,0.0,0.0,0.0,0.0,0.0,0.0,0.0,1,1.0,1.0,0.0,0.0,0.0,1.0,0.0,0.0,0.0,0.0,0.0,1.0,0.0,0.0,0.0,0.0,0.0,0.0,0.0,1,1.0,1.0,0.0,1.0,0.0,1.0,0.0,0.0,0.0,0.0,0.0,0.0,0.0,0.0,0.0,0.0,0.0,0.0,0.0,0,,,,,,,,,,,,,,,,,,,,0,,,,,,,,,,,,,,,,,,,,0,,,,,,,,,,,,,,,,,,,
R1928,여,32,30대,30~34,전업주부,전업주부,서울,서울,수도권,0,1,0,0,0,0,0,0,0,0,0,0,0,0,0,아메리카노,,,0,,,,,,,,,,,,,,,,,,,,1,1.0,1.0,0.0,0.0,0.0,0.0,0.0,0.0,0.0,1.0,0.0,0.0,0.0,0.0,0.0,0.0,0.0,0.0,0.0,0,,,,,,,,,,,,,,,,,,,,0,,,,,,,,,,,,,,,,,,,,0,,,,,,,,,,,,,,,,,,,,0,,,,,,,,,,,,,,,,,,,
R1929,여,31,30대,30~34,직장인,사무/기술직,부산,5대광역시,비수도권,0,1,0,0,0,0,0,0,0,0,0,1,1,0,0,아메리카노,얼음갈린티,과일티에이드,0,,,,,,,,,,,,,,,,,,,,0,,,,,,,,,,,,,,,,,,,,1,1.0,1.0,0.0,0.0,0.0,0.0,1.0,0.0,0.0,0.0,0.0,0.0,0.0,0.0,0.0,0.0,0.0,0.0,0.0,1,1.0,0.0,1.0,0.0,1.0,0.0,0.0,1.0,1.0,0.0,0.0,0.0,0.0,0.0,0.0,0.0,0.0,0.0,0.0,0,,,,,,,,,,,,,,,,,,,,0,,,,,,,,,,,,,,,,,,,
R1930,여,48,40대,45~49,직장인,사무/기술직,전남,기타지역,비수도권,0,0,0,0,0,0,0,0,0,0,0,0,0,1,0,스무디쉐이크,,,0,,,,,,,,,,,,,,,,,,,,1,1.0,1.0,1.0,0.0,1.0,0.0,0.0,0.0,0.0,0.0,0.0,0.0,0.0,0.0,0.0,0.0,0.0,0.0,0.0,1,1.0,0.0,1.0,1.0,0.0,0.0,0.0,0.0,0.0,1.0,0.0,0.0,0.0,0.0,0.0,0.0,0.0,0.0,0.0,0,,,,,,,,,,,,,,,,,,,,0,,,,,,,,,,,,,,,,,,,,0,,,,,,,,,,,,,,,,,,,
R1931,남,47,40대,45~49,직장인,사무/기술직,경기,서울외수도권,수도권,0,1,1,0,0,0,1,0,0,0,0,0,0,0,1,아메리카노,주스에이드,카페라떼,1,1.0,1.0,0.0,0.0,0.0,1.0,0.0,0.0,0.0,0.0,1.0,0.0,0.0,0.0,1.0,0.0,1.0,0.0,0.0,0,,,,,,,,,,,,,,,,,,,,0,,,,,,,,,,,,,,,,,,,,1,1.0,1.0,0.0,0.0,0.0,0.0,0.0,0.0,0.0,0.0,0.0,0.0,0.0,0.0,0.0,0.0,0.0,0.0,0.0,1,1.0,0.0,0.0,1.0,0.0,1.0,0.0,0.0,0.0,0.0,0.0,0.0,0.0,0.0,0.0,0.0,0.0,1.0,0.0,1,1.0,1.0,0.0,0.0,1.0,1.0,0.0,0.0,0.0,0.0,0.0,0.0,0.0,0.0,1.0,0.0,0.0,0.0,0.0
R1932,여,26,20대,25~29,직장인,사무/기술직,충남,기타지역,비수도권,0,0,0,0,1,0,0,0,0,0,0,1,0,0,0,과일티에이드,콜드브루,,0,,,,,,,,,,,,,,,,,,,,1,1.0,1.0,0.0,0.0,0.0,0.0,0.0,0.0,0.0,0.0,0.0,0.0,0.0,0.0,0.0,0.0,1.0,0.0,0.0,1,1.0,0.0,0.0,0.0,0.0,1.0,1.0,0.0,0.0,0.0,0.0,0.0,0.0,0.0,0.0,0.0,0.0,0.0,1.0,0,,,,,,,,,,,,,,,,,,,,1,1.0,0.0,0.0,0.0,0.0,0.0,0.0,0.0,0.0,0.0,1.0,1.0,0.0,0.0,0.0,1.0,0.0,0.0,0.0,0,,,,,,,,,,,,,,,,,,,
R1933,남,25,20대,25~29,직장인,사무/기술직,충남,기타지역,비수도권,1,0,1,0,0,0,0,0,1,0,0,1,1,0,0,과일티에이드,얼음갈린커피,얼음갈린티,0,,,,,,,,,,,,,,,,,,,,0,,,,,,,,,,,,,,,,,,,,0,,,,,,,,,,,,,,,,,,,,0,,,,,,,,,,,,,,,,,,,,0,,,,,,,,,,,,,,,,,,,,1,1.0,1.0,0.0,0.0,1.0,1.0,1.0,0.0,1.0,0.0,0.0,0.0,0.0,0.0,0.0,0.0,0.0,0.0,0.0
R1934,남,50,50대,50~54,직장인,기능/작업직,서울,서울,수도권,0,0,0,0,0,1,0,0,0,1,1,0,0,0,0,기본티,달콤한티,콜드브루라떼,0,,,,,,,,,,,,,,,,,,,,1,1.0,1.0,0.0,1.0,0.0,0.0,1.0,0.0,0.0,0.0,1.0,0.0,0.0,0.0,0.0,0.0,0.0,0.0,0.0,1,1.0,1.0,0.0,0.0,0.0,0.0,0.0,0.0,0.0,0.0,0.0,0.0,0.0,0.0,0.0,1.0,0.0,0.0,0.0,0,,,,,,,,,,,,,,,,,,,,1,1.0,0.0,0.0,0.0,0.0,1.0,0.0,0.0,0.0,1.0,0.0,0.0,1.0,0.0,1.0,0.0,0.0,0.0,0.0,1,1.0,1.0,0.0,0.0,0.0,1.0,1.0,0.0,0.0,0.0,0.0,0.0,0.0,0.0,0.0,0.0,1.0,0.0,0.0
R1935,여,58,50대,55~59,기타직업,무직,대전,5대광역시,비수도권,0,0,1,0,0,0,0,1,0,0,0,0,1,0,0,카페라떼,달콤한커피류,얼음갈린티,1,1.0,1.0,0.0,1.0,0.0,0.0,0.0,0.0,0.0,1.0,1.0,0.0,0.0,0.0,0.0,0.0,0.0,0.0,0.0,0,,,,,,,,,,,,,,,,,,,,0,,,,,,,,,,,,,,,,,,,,1,1.0,0.0,0.0,0.0,0.0,0.0,0.0,0.0,0.0,0.0,0.0,0.0,0.0,0.0,0.0,0.0,0.0,0.0,0.0,1,1.0,1.0,1.0,0.0,0.0,0.0,1.0,0.0,0.0,0.0,0.0,0.0,0.0,0.0,1.0,0.0,0.0,0.0,0.0,0,,,,,,,,,,,,,,,,,,,
R1936,남,32,30대,30~34,기타직업,자유/전문직,광주,5대광역시,비수도권,0,0,0,0,0,0,0,0,0,0,0,0,0,0,0,,,,0,,,,,,,,,,,,,,,,,,,,0,,,,,,,,,,,,,,,,,,,,1,1.0,1.0,0.0,0.0,1.0,0.0,0.0,0.0,0.0,0.0,0.0,0.0,0.0,0.0,0.0,0.0,1.0,0.0,0.0,0,,,,,,,,,,,,,,,,,,,,0,,,,,,,,,,,,,,,,,,,,1,1.0,0.0,1.0,0.0,1.0,0.0,0.0,0.0,0.0,0.0,1.0,0.0,0.0,0.0,0.0,0.0,0.0,0.0,0.0
R1937,여,23,20대,20~24,직장인,사무/기술직,대전,5대광역시,비수도권,0,1,0,0,0,0,0,0,1,0,0,0,1,0,0,얼음갈린티,아메리카노,얼음갈린커피,1,1.0,1.0,0.0,1.0,0.0,1.0,0.0,0.0,1.0,0.0,0.0,1.0,0.0,0.0,0.0,0.0,0.0,0.0,0.0,1,1.0,1.0,0.0,0.0,1.0,0.0,1.0,0.0,0.0,0.0,0.0,0.0,0.0,0.0,0.0,0.0,0.0,0.0,0.0,0,,,,,,,,,,,,,,,,,,,,0,,,,,,,,,,,,,,,,,,,,0,,,,,,,,,,,,,,,,,,,,0,,,,,,,,,,,,,,,,,,,
R1938,남,56,50대,55~59,기타직업,기타,세종,기타지역,비수도권,0,1,1,0,0,0,0,1,0,0,1,1,0,0,0,달콤한커피류,카페라떼,아메리카노,0,,,,,,,,,,,,,,,,,,,,0,,,,,,,,,,,,,,,,,,,,0,,,,,,,,,,,,,,,,,,,,1,1.0,1.0,0.0,0.0,0.0,0.0,0.0,0.0,0.0,1.0,0.0,1.0,1.0,0.0,0.0,0.0,0.0,0.0,0.0,0,,,,,,,,,,,,,,,,,,,,1,1.0,1.0,0.0,0.0,0.0,1.0,1.0,0.0,0.0,0.0,0.0,0.0,0.0,0.0,0.0,0.0,0.0,0.0,0.0
R1939,여,43,40대,40~44,직장인,사무/기술직,경기,서울외수도권,수도권,0,0,1,0,0,0,0,0,0,0,0,1,0,0,0,카페라떼,과일티에이드,,1,1.0,1.0,0.0,0.0,0.0,0.0,0.0,0.0,0.0,1.0,0.0,0.0,0.0,0.0,0.0,0.0,0.0,0.0,0.0,1,1.0,1.0,0.0,0.0,1.0,0.0,0.0,0.0,0.0,0.0,1.0,0.0,0.0,0.0,0.0,0.0,0.0,0.0,0.0,0,,,,,,,,,,,,,,,,,,,,0,,,,,,,,,,,,,,,,,,,,1,1.0,0.0,0.0,0.0,0.0,0.0,0.0,1.0,0.0,0.0,0.0,0.0,0.0,0.0,0.0,1.0,0.0,0.0,0.0,1,1.0,1.0,0.0,0.0,0.0,0.0,0.0,0.0,1.0,0.0,1.0,1.0,0.0,0.0,0.0,0.0,0.0,0.0,0.0
R1940,남,23,20대,20~24,기타직업,경영/관리직,경기,서울외수도권,수도권,0,1,0,0,0,0,0,1,0,0,0,0,1,0,0,아메리카노,달콤한커피류,얼음갈린티,0,,,,,,,,,,,,,,,,,,,,0,,,,,,,,,,,,,,,,,,,,0,,,,,,,,,,,,,,,,,,,,1,1.0,1.0,0.0,1.0,0.0,0.0,0.0,0.0,0.0,0.0,0.0,0.0,0.0,0.0,0.0,0.0,0.0,0.0,0.0,1,1.0,1.0,0.0,0.0,0.0,0.0,0.0,0.0,1.0,0.0,0.0,0.0,0.0,0.0,0.0,0.0,1.0,0.0,0.0,1,1.0,1.0,0.0,0.0,0.0,0.0,0.0,0.0,0.0,0.0,0.0,0.0,0.0,0.0,0.0,0.0,1.0,0.0,0.0
R1941,여,47,40대,45~49,기타직업,기타,부산,5대광역시,비수도권,0,1,1,0,0,0,0,0,0,1,0,1,0,0,0,카페라떼,아메리카노,기본티,0,,,,,,,,,,,,,,,,,,,,0,,,,,,,,,,,,,,,,,,,,0,,,,,,,,,,,,,,,,,,,,0,,,,,,,,,,,,,,,,,,,,0,,,,,,,,,,,,,,,,,,,,0,,,,,,,,,,,,,,,,,,,
R1942,남,41,40대,40~44,기타직업,자영업,서울,서울,수도권,0,1,0,0,1,0,0,1,0,0,0,1,0,0,0,아메리카노,콜드브루,달콤한커피류,1,1.0,0.0,0.0,1.0,0.0,0.0,0.0,0.0,0.0,0.0,0.0,0.0,0.0,0.0,0.0,0.0,0.0,0.0,0.0,1,1.0,1.0,0.0,0.0,1.0,0.0,1.0,0.0,0.0,0.0,0.0,0.0,0.0,0.0,0.0,0.0,0.0,0.0,0.0,0,,,,,,,,,,,,,,,,,,,,1,1.0,1.0,0.0,0.0,0.0,0.0,1.0,1.0,0.0,0.0,0.0,0.0,0.0,0.0,0.0,0.0,0.0,0.0,0.0,0,,,,,,,,,,,,,,,,,,,,0,,,,,,,,,,,,,,,,,,,
R1943,여,30,30대,30~34,직장인,사무/기술직,서울,서울,수도권,1,1,1,0,0,0,0,0,1,1,0,1,0,0,0,아메리카노,카페라떼,과일티에이드,0,,,,,,,,,,,,,,,,,,,,0,,,,,,,,,,,,,,,,,,,,1,1.0,1.0,0.0,0.0,0.0,1.0,1.0,0.0,0.0,0.0,0.0,0.0,0.0,0.0,0.0,0.0,1.0,0.0,0.0,0,,,,,,,,,,,,,,,,,,,,0,,,,,,,,,,,,,,,,,,,,0,,,,,,,,,,,,,,,,,,,
R1944,남,45,40대,45~49,직장인,사무/기술직,서울,서울,수도권,0,1,0,0,0,0,0,0,0,0,0,0,0,0,0,아메리카노,,,0,,,,,,,,,,,,,,,,,,,,1,1.0,1.0,0.0,0.0,1.0,0.0,0.0,0.0,0.0,0.0,0.0,0.0,0.0,0.0,0.0,0.0,0.0,0.0,0.0,1,1.0,1.0,0.0,1.0,0.0,1.0,0.0,0.0,0.0,0.0,0.0,0.0,0.0,0.0,0.0,0.0,0.0,0.0,0.0,1,1.0,0.0,0.0,0.0,0.0,0.0,0.0,0.0,0.0,0.0,0.0,0.0,0.0,0.0,0.0,0.0,0.0,0.0,0.0,0,,,,,,,,,,,,,,,,,,,,1,1.0,1.0,0.0,0.0,0.0,0.0,0.0,0.0,0.0,1.0,1.0,0.0,1.0,0.0,0.0,0.0,0.0,0.0,0.0
R1945,여,50,50대,50~54,대학(원)생,대학생,대구,5대광역시,비수도권,0,1,1,0,0,0,0,1,0,1,1,1,0,0,0,기본티,달콤한커피류,아메리카노,1,1.0,0.0,1.0,1.0,1.0,1.0,1.0,0.0,0.0,0.0,0.0,0.0,0.0,0.0,0.0,0.0,0.0,0.0,0.0,1,1.0,1.0,0.0,1.0,1.0,0.0,0.0,0.0,0.0,0.0,0.0,0.0,0.0,0.0,0.0,0.0,0.0,0.0,0.0,1,1.0,1.0,0.0,0.0,0.0,1.0,0.0,0.0,0.0,1.0,0.0,0.0,0.0,0.0,0.0,0.0,0.0,0.0,0.0,0,,,,,,,,,,,,,,,,,,,,1,1.0,1.0,0.0,0.0,0.0,0.0,0.0,0.0,0.0,0.0,1.0,0.0,0.0,0.0,1.0,0.0,0.0,0.0,0.0,1,1.0,1.0,0.0,0.0,0.0,0.0,0.0,0.0,0.0,0.0,1.0,1.0,0.0,0.0,0.0,0.0,0.0,0.0,0.0
R1946,남,51,50대,50~54,기타직업,자유/전문직,부산,5대광역시,비수도권,0,0,0,0,0,0,0,1,0,0,0,0,0,1,0,달콤한커피류,스무디쉐이크,,1,1.0,1.0,0.0,1.0,0.0,0.0,0.0,0.0,0.0,0.0,0.0,0.0,0.0,0.0,0.0,0.0,0.0,0.0,0.0,0,,,,,,,,,,,,,,,,,,,,1,1.0,1.0,1.0,0.0,1.0,1.0,1.0,0.0,0.0,0.0,0.0,0.0,0.0,0.0,0.0,0.0,0.0,0.0,0.0,0,,,,,,,,,,,,,,,,,,,,1,1.0,1.0,1.0,0.0,0.0,1.0,1.0,0.0,0.0,1.0,0.0,0.0,0.0,0.0,0.0,0.0,0.0,0.0,0.0,0,,,,,,,,,,,,,,,,,,,
R1947,남,29,20대,25~29,직장인,경영/관리직,서울,서울,수도권,0,1,1,0,0,0,0,0,0,0,0,0,1,0,0,얼음갈린티,아메리카노,카페라떼,0,,,,,,,,,,,,,,,,,,,,0,,,,,,,,,,,,,,,,,,,,0,,,,,,,,,,,,,,,,,,,,0,,,,,,,,,,,,,,,,,,,,0,,,,,,,,,,,,,,,,,,,,0,,,,,,,,,,,,,,,,,,,
R1948,남,52,50대,50~54,대학(원)생,대학생,서울,서울,수도권,0,1,1,0,0,0,0,1,0,0,0,1,1,0,1,아메리카노,달콤한커피류,카페라떼,0,,,,,,,,,,,,,,,,,,,,0,,,,,,,,,,,,,,,,,,,,0,,,,,,,,,,,,,,,,,,,,0,,,,,,,,,,,,,,,,,,,,1,1.0,0.0,0.0,0.0,0.0,0.0,0.0,0.0,0.0,0.0,0.0,0.0,0.0,0.0,0.0,0.0,0.0,0.0,0.0,0,,,,,,,,,,,,,,,,,,,
R1949,남,27,20대,25~29,기타직업,기타,서울,서울,수도권,0,1,0,0,0,0,0,0,0,1,0,0,0,0,0,아메리카노,기본티,,0,,,,,,,,,,,,,,,,,,,,0,,,,,,,,,,,,,,,,,,,,1,1.0,1.0,0.0,0.0,0.0,1.0,0.0,0.0,0.0,0.0,1.0,0.0,0.0,0.0,0.0,0.0,0.0,0.0,0.0,1,1.0,0.0,0.0,0.0,0.0,1.0,0.0,0.0,1.0,0.0,0.0,0.0,0.0,0.0,1.0,0.0,0.0,0.0,0.0,0,,,,,,,,,,,,,,,,,,,,0,,,,,,,,,,,,,,,,,,,
R1950,여,59,50대,55~59,직장인,자유/전문직,서울,서울,수도권,0,1,0,0,0,1,0,0,0,0,0,0,1,0,0,아메리카노,얼음갈린티,콜드브루라떼,0,,,,,,,,,,,,,,,,,,,,0,,,,,,,,,,,,,,,,,,,,0,,,,,,,,,,,,,,,,,,,,0,,,,,,,,,,,,,,,,,,,,0,,,,,,,,,,,,,,,,,,,,1,1.0,1.0,0.0,0.0,0.0,0.0,0.0,0.0,0.0,0.0,0.0,0.0,0.0,0.0,0.0,0.0,0.0,0.0,0.0
R1951,남,47,40대,45~49,직장인,판매/영업 서비스직,울산,5대광역시,비수도권,0,0,0,0,0,1,0,0,0,1,0,1,1,1,1,스무디쉐이크,콜드브루라떼,주스에이드,0,,,,,,,,,,,,,,,,,,,,0,,,,,,,,,,,,,,,,,,,,0,,,,,,,,,,,,,,,,,,,,1,1.0,1.0,0.0,0.0,0.0,0.0,0.0,0.0,0.0,0.0,0.0,1.0,0.0,0.0,0.0,0.0,0.0,0.0,0.0,1,1.0,1.0,0.0,0.0,1.0,0.0,0.0,0.0,0.0,0.0,0.0,0.0,0.0,0.0,0.0,0.0,0.0,0.0,0.0,1,1.0,0.0,0.0,0.0,0.0,0.0,0.0,0.0,1.0,0.0,0.0,0.0,0.0,0.0,0.0,0.0,0.0,0.0,0.0
R1952,여,42,40대,40~44,직장인,경영/관리직,울산,5대광역시,비수도권,0,1,1,0,0,0,0,1,0,0,1,0,0,0,0,카페라떼,달콤한커피류,아메리카노,0,,,,,,,,,,,,,,,,,,,,0,,,,,,,,,,,,,,,,,,,,1,1.0,1.0,0.0,0.0,1.0,0.0,0.0,0.0,0.0,0.0,0.0,0.0,0.0,0.0,0.0,0.0,0.0,0.0,0.0,0,,,,,,,,,,,,,,,,,,,,0,,,,,,,,,,,,,,,,,,,,1,1.0,1.0,1.0,1.0,0.0,0.0,0.0,0.0,0.0,0.0,0.0,0.0,0.0,0.0,0.0,0.0,0.0,0.0,0.0
R1953,남,35,30대,35~39,기타직업,기능/작업직,서울,서울,수도권,0,1,0,0,0,0,1,1,0,0,1,0,1,0,0,얼음갈린티,아메리카노,달콤한커피류,0,,,,,,,,,,,,,,,,,,,,1,1.0,1.0,0.0,0.0,0.0,0.0,0.0,0.0,0.0,0.0,0.0,0.0,0.0,0.0,0.0,0.0,1.0,0.0,0.0,0,,,,,,,,,,,,,,,,,,,,0,,,,,,,,,,,,,,,,,,,,0,,,,,,,,,,,,,,,,,,,,0,,,,,,,,,,,,,,,,,,,
R1954,남,31,30대,30~34,직장인,사무/기술직,경기,서울외수도권,수도권,0,1,1,0,0,0,0,0,0,0,0,0,0,0,0,아메리카노,카페라떼,,0,,,,,,,,,,,,,,,,,,,,0,,,,,,,,,,,,,,,,,,,,1,1.0,1.0,0.0,1.0,1.0,0.0,0.0,0.0,0.0,0.0,0.0,0.0,0.0,0.0,0.0,0.0,0.0,0.0,0.0,0,,,,,,,,,,,,,,,,,,,,1,1.0,1.0,0.0,1.0,0.0,0.0,0.0,0.0,0.0,0.0,0.0,0.0,0.0,0.0,0.0,0.0,0.0,0.0,0.0,0,,,,,,,,,,,,,,,,,,,
R1955,여,58,50대,55~59,직장인,자영업,서울,서울,수도권,0,1,0,0,0,0,0,1,0,0,0,0,0,0,0,아메리카노,달콤한커피류,,0,,,,,,,,,,,,,,,,,,,,1,1.0,1.0,0.0,0.0,0.0,0.0,0.0,0.0,0.0,0.0,0.0,0.0,0.0,0.0,0.0,0.0,0.0,0.0,0.0,1,1.0,1.0,0.0,0.0,0.0,1.0,0.0,0.0,0.0,0.0,0.0,0.0,0.0,0.0,0.0,0.0,0.0,0.0,0.0,0,,,,,,,,,,,,,,,,,,,,1,1.0,1.0,0.0,0.0,0.0,1.0,0.0,0.0,0.0,1.0,0.0,0.0,0.0,0.0,0.0,0.0,1.0,0.0,0.0,1,1.0,1.0,0.0,0.0,0.0,0.0,1.0,0.0,0.0,0.0,0.0,0.0,0.0,0.0,0.0,0.0,0.0,0.0,0.0
R1956,남,48,40대,45~49,전업주부,전업주부,경기,서울외수도권,수도권,0,0,0,0,0,0,1,0,0,0,0,0,0,1,0,드립핸드드립,스무디쉐이크,,0,,,,,,,,,,,,,,,,,,,,1,1.0,1.0,0.0,0.0,0.0,0.0,0.0,0.0,0.0,0.0,0.0,0.0,0.0,0.0,0.0,0.0,0.0,0.0,0.0,0,,,,,,,,,,,,,,,,,,,,0,,,,,,,,,,,,,,,,,,,,0,,,,,,,,,,,,,,,,,,,,0,,,,,,,,,,,,,,,,,,,
R1957,남,54,50대,50~54,직장인,사무/기술직,충북,기타지역,비수도권,1,1,1,0,0,0,0,0,0,0,0,0,1,0,1,아메리카노,에스프레소,주스에이드,0,,,,,,,,,,,,,,,,,,,,0,,,,,,,,,,,,,,,,,,,,1,1.0,1.0,0.0,0.0,0.0,0.0,0.0,0.0,0.0,0.0,1.0,0.0,0.0,0.0,0.0,0.0,0.0,0.0,0.0,0,,,,,,,,,,,,,,,,,,,,0,,,,,,,,,,,,,,,,,,,,0,,,,,,,,,,,,,,,,,,,
R1958,여,36,30대,35~39,직장인,사무/기술직,대구,5대광역시,비수도권,0,1,0,0,0,0,0,1,0,0,1,1,1,1,0,아메리카노,달콤한커피류,얼음갈린티,1,1.0,1.0,0.0,0.0,0.0,1.0,0.0,0.0,0.0,0.0,0.0,0.0,0.0,0.0,0.0,0.0,0.0,0.0,0.0,0,,,,,,,,,,,,,,,,,,,,0,,,,,,,,,,,,,,,,,,,,1,1.0,1.0,0.0,0.0,0.0,0.0,0.0,0.0,0.0,0.0,0.0,0.0,0.0,0.0,0.0,0.0,0.0,0.0,0.0,1,1.0,0.0,0.0,0.0,0.0,0.0,1.0,0.0,0.0,0.0,0.0,0.0,0.0,0.0,0.0,0.0,0.0,0.0,0.0,0,,,,,,,,,,,,,,,,,,,
R1959,남,32,30대,30~34,직장인,자영업,충북,기타지역,비수도권,0,1,1,0,0,0,1,0,0,0,0,0,0,0,0,아메리카노,카페라떼,드립핸드드립,0,,,,,,,,,,,,,,,,,,,,0,,,,,,,,,,,,,,,,,,,,0,,,,,,,,,,,,,,,,,,,,1,1.0,1.0,0.0,0.0,0.0,0.0,1.0,0.0,0.0,0.0,0.0,0.0,0.0,0.0,0.0,0.0,0.0,0.0,0.0,1,1.0,1.0,0.0,1.0,0.0,1.0,0.0,0.0,0.0,1.0,0.0,0.0,0.0,0.0,0.0,0.0,0.0,0.0,0.0,0,,,,,,,,,,,,,,,,,,,
R1960,여,48,40대,45~49,대학(원)생,대학생,경기,서울외수도권,수도권,0,1,1,0,0,0,0,0,0,0,0,0,1,0,1,카페라떼,아메리카노,얼음갈린티,0,,,,,,,,,,,,,,,,,,,,0,,,,,,,,,,,,,,,,,,,,0,,,,,,,,,,,,,,,,,,,,0,,,,,,,,,,,,,,,,,,,,0,,,,,,,,,,,,,,,,,,,,1,1.0,0.0,0.0,0.0,0.0,1.0,0.0,0.0,0.0,0.0,0.0,0.0,0.0,0.0,0.0,0.0,0.0,0.0,0.0
R1961,여,40,40대,40~44,기타직업,기타,부산,5대광역시,비수도권,0,1,0,0,0,1,0,1,0,0,1,0,0,0,0,아메리카노,달콤한커피류,달콤한티,1,1.0,1.0,0.0,0.0,1.0,0.0,1.0,0.0,0.0,1.0,0.0,0.0,0.0,0.0,0.0,0.0,0.0,0.0,0.0,0,,,,,,,,,,,,,,,,,,,,0,,,,,,,,,,,,,,,,,,,,1,1.0,0.0,0.0,0.0,0.0,1.0,1.0,0.0,0.0,1.0,0.0,0.0,0.0,0.0,0.0,0.0,0.0,0.0,0.0,0,,,,,,,,,,,,,,,,,,,,0,,,,,,,,,,,,,,,,,,,
R1962,남,21,20대,20~24,직장인,판매/영업 서비스직,경기,서울외수도권,수도권,0,0,0,0,0,0,1,0,0,0,0,0,1,0,0,드립핸드드립,얼음갈린티,,0,,,,,,,,,,,,,,,,,,,,0,,,,,,,,,,,,,,,,,,,,0,,,,,,,,,,,,,,,,,,,,1,1.0,1.0,0.0,0.0,0.0,0.0,1.0,0.0,0.0,1.0,0.0,1.0,0.0,1.0,0.0,0.0,0.0,0.0,0.0,1,1.0,0.0,0.0,0.0,0.0,1.0,1.0,0.0,0.0,1.0,0.0,0.0,0.0,0.0,0.0,0.0,1.0,0.0,0.0,1,1.0,1.0,0.0,1.0,0.0,0.0,0.0,0.0,0.0,1.0,0.0,0.0,0.0,0.0,0.0,0.0,0.0,0.0,0.0
R1963,여,53,50대,50~54,직장인,사무/기술직,광주,5대광역시,비수도권,0,0,1,0,0,0,0,1,0,0,0,1,0,1,0,과일티에이드,달콤한커피류,카페라떼,1,1.0,0.0,0.0,0.0,1.0,0.0,0.0,0.0,1.0,0.0,0.0,0.0,0.0,0.0,0.0,0.0,0.0,0.0,0.0,0,,,,,,,,,,,,,,,,,,,,0,,,,,,,,,,,,,,,,,,,,1,1.0,0.0,0.0,0.0,0.0,0.0,0.0,0.0,0.0,0.0,0.0,0.0,0.0,0.0,0.0,0.0,1.0,1.0,0.0,1,1.0,1.0,0.0,0.0,0.0,0.0,0.0,0.0,0.0,1.0,1.0,0.0,0.0,0.0,0.0,0.0,0.0,0.0,1.0,0,,,,,,,,,,,,,,,,,,,
R1964,여,47,40대,45~49,직장인,사무/기술직,서울,서울,수도권,0,1,1,0,0,0,0,0,0,0,0,0,1,0,0,아메리카노,카페라떼,얼음갈린티,0,,,,,,,,,,,,,,,,,,,,0,,,,,,,,,,,,,,,,,,,,1,1.0,0.0,0.0,0.0,0.0,0.0,0.0,0.0,0.0,1.0,0.0,0.0,0.0,0.0,0.0,0.0,0.0,0.0,0.0,1,1.0,1.0,1.0,0.0,0.0,0.0,0.0,0.0,1.0,1.0,0.0,0.0,0.0,0.0,1.0,0.0,0.0,1.0,0.0,0,,,,,,,,,,,,,,,,,,,,1,1.0,0.0,0.0,0.0,0.0,0.0,1.0,0.0,0.0,0.0,0.0,0.0,0.0,0.0,0.0,0.0,0.0,0.0,0.0
R1965,남,42,40대,40~44,대학(원)생,대학생,서울,서울,수도권,1,1,0,0,0,0,0,1,0,0,0,1,0,1,0,아메리카노,달콤한커피류,과일티에이드,0,,,,,,,,,,,,,,,,,,,,0,,,,,,,,,,,,,,,,,,,,1,1.0,0.0,0.0,0.0,0.0,1.0,0.0,0.0,0.0,0.0,1.0,1.0,0.0,0.0,0.0,0.0,1.0,0.0,0.0,0,,,,,,,,,,,,,,,,,,,,1,1.0,1.0,0.0,0.0,0.0,1.0,1.0,0.0,0.0,0.0,0.0,0.0,0.0,0.0,0.0,1.0,0.0,0.0,0.0,0,,,,,,,,,,,,,,,,,,,
R1966,여,28,20대,25~29,직장인,사무/기술직,부산,5대광역시,비수도권,0,1,1,0,0,0,0,0,0,0,0,1,0,0,0,아메리카노,카페라떼,과일티에이드,1,1.0,1.0,0.0,0.0,0.0,0.0,0.0,0.0,0.0,0.0,0.0,0.0,0.0,0.0,0.0,0.0,0.0,0.0,0.0,0,,,,,,,,,,,,,,,,,,,,1,1.0,1.0,0.0,0.0,0.0,0.0,1.0,0.0,0.0,1.0,0.0,0.0,0.0,0.0,0.0,0.0,0.0,0.0,0.0,0,,,,,,,,,,,,,,,,,,,,1,1.0,1.0,0.0,0.0,0.0,0.0,0.0,1.0,1.0,1.0,0.0,0.0,0.0,0.0,0.0,0.0,0.0,0.0,0.0,1,1.0,1.0,1.0,0.0,0.0,1.0,0.0,0.0,0.0,1.0,1.0,0.0,0.0,1.0,0.0,0.0,0.0,0.0,0.0
R1967,남,58,50대,55~59,직장인,사무/기술직,경기,서울외수도권,수도권,0,1,1,0,1,0,0,0,1,0,0,0,0,0,1,아메리카노,카페라떼,주스에이드,0,,,,,,,,,,,,,,,,,,,,0,,,,,,,,,,,,,,,,,,,,1,1.0,0.0,0.0,1.0,0.0,0.0,0.0,0.0,0.0,1.0,0.0,0.0,0.0,0.0,0.0,0.0,0.0,0.0,0.0,0,,,,,,,,,,,,,,,,,,,,0,,,,,,,,,,,,,,,,,,,,0,,,,,,,,,,,,,,,,,,,
R1968,남,43,40대,40~44,직장인,판매/영업 서비스직,경기,서울외수도권,수도권,0,1,0,0,0,0,0,0,0,0,0,0,1,0,0,아메리카노,얼음갈린티,,0,,,,,,,,,,,,,,,,,,,,0,,,,,,,,,,,,,,,,,,,,0,,,,,,,,,,,,,,,,,,,,0,,,,,,,,,,,,,,,,,,,,0,,,,,,,,,,,,,,,,,,,,1,1.0,1.0,0.0,0.0,0.0,0.0,1.0,0.0,0.0,0.0,0.0,0.0,0.0,0.0,0.0,0.0,0.0,0.0,0.0
R1969,남,52,50대,50~54,직장인,자영업,경북,기타지역,비수도권,0,0,0,0,0,0,0,0,0,0,0,0,0,0,1,주스에이드,,,0,,,,,,,,,,,,,,,,,,,,0,,,,,,,,,,,,,,,,,,,,0,,,,,,,,,,,,,,,,,,,,1,1.0,0.0,0.0,0.0,0.0,0.0,0.0,0.0,0.0,1.0,0.0,0.0,0.0,0.0,0.0,0.0,0.0,0.0,0.0,0,,,,,,,,,,,,,,,,,,,,0,,,,,,,,,,,,,,,,,,,
R1970,여,58,50대,55~59,기타직업,기타,서울,서울,수도권,0,1,1,0,0,0,0,0,0,1,1,0,0,1,0,카페라떼,아메리카노,달콤한티,1,1.0,1.0,0.0,1.0,0.0,1.0,0.0,0.0,0.0,0.0,0.0,0.0,0.0,0.0,0.0,0.0,0.0,0.0,0.0,1,1.0,0.0,0.0,0.0,0.0,1.0,1.0,0.0,0.0,0.0,0.0,0.0,0.0,0.0,0.0,0.0,0.0,0.0,0.0,0,,,,,,,,,,,,,,,,,,,,1,1.0,1.0,0.0,0.0,0.0,0.0,1.0,0.0,1.0,1.0,0.0,0.0,0.0,0.0,1.0,0.0,0.0,0.0,0.0,0,,,,,,,,,,,,,,,,,,,,0,,,,,,,,,,,,,,,,,,,
R1971,여,39,30대,35~39,기타직업,기타,인천,서울외수도권,수도권,0,1,1,0,0,0,0,0,0,0,0,0,0,0,0,카페라떼,아메리카노,,0,,,,,,,,,,,,,,,,,,,,0,,,,,,,,,,,,,,,,,,,,1,1.0,0.0,0.0,0.0,0.0,0.0,1.0,1.0,0.0,0.0,0.0,0.0,0.0,0.0,0.0,0.0,0.0,0.0,0.0,0,,,,,,,,,,,,,,,,,,,,0,,,,,,,,,,,,,,,,,,,,0,,,,,,,,,,,,,,,,,,,
R1972,여,34,30대,30~34,직장인,자유/전문직,경기,서울외수도권,수도권,0,0,1,0,0,0,0,1,0,0,0,0,0,0,0,카페라떼,달콤한커피류,,0,,,,,,,,,,,,,,,,,,,,0,,,,,,,,,,,,,,,,,,,,1,1.0,0.0,0.0,0.0,1.0,0.0,1.0,0.0,0.0,0.0,0.0,0.0,0.0,0.0,0.0,1.0,0.0,0.0,0.0,0,,,,,,,,,,,,,,,,,,,,0,,,,,,,,,,,,,,,,,,,,0,,,,,,,,,,,,,,,,,,,
R1973,여,44,40대,40~44,직장인,판매/영업 서비스직,경기,서울외수도권,수도권,0,1,0,0,0,0,0,0,0,0,0,0,0,0,0,아메리카노,,,0,,,,,,,,,,,,,,,,,,,,1,1.0,1.0,0.0,0.0,0.0,0.0,1.0,0.0,0.0,0.0,0.0,1.0,0.0,0.0,0.0,0.0,1.0,0.0,0.0,1,1.0,1.0,0.0,0.0,1.0,1.0,0.0,0.0,0.0,0.0,0.0,1.0,0.0,0.0,0.0,0.0,1.0,0.0,0.0,1,1.0,1.0,0.0,0.0,0.0,0.0,1.0,0.0,0.0,0.0,0.0,0.0,0.0,0.0,1.0,0.0,0.0,0.0,0.0,1,1.0,1.0,0.0,0.0,0.0,1.0,0.0,0.0,0.0,1.0,1.0,0.0,0.0,0.0,0.0,1.0,0.0,0.0,0.0,1,1.0,0.0,0.0,0.0,0.0,0.0,0.0,0.0,0.0,0.0,0.0,0.0,0.0,0.0,1.0,0.0,0.0,0.0,0.0
R1974,남,38,30대,35~39,직장인,자영업,경기,서울외수도권,수도권,0,1,1,0,0,0,0,0,1,0,1,0,0,0,0,달콤한티,아메리카노,카페라떼,0,,,,,,,,,,,,,,,,,,,,0,,,,,,,,,,,,,,,,,,,,0,,,,,,,,,,,,,,,,,,,,0,,,,,,,,,,,,,,,,,,,,1,1.0,1.0,0.0,1.0,0.0,1.0,0.0,0.0,0.0,0.0,0.0,1.0,0.0,0.0,0.0,0.0,0.0,0.0,0.0,0,,,,,,,,,,,,,,,,,,,
R1975,여,28,20대,25~29,직장인,사무/기술직,경남,기타지역,비수도권,0,1,1,0,0,0,0,1,1,0,0,0,0,0,1,아메리카노,카페라떼,달콤한커피류,0,,,,,,,,,,,,,,,,,,,,1,1.0,0.0,0.0,1.0,0.0,0.0,0.0,0.0,0.0,0.0,0.0,0.0,0.0,0.0,0.0,0.0,0.0,0.0,0.0,0,,,,,,,,,,,,,,,,,,,,1,1.0,1.0,0.0,0.0,0.0,0.0,0.0,0.0,0.0,0.0,0.0,0.0,0.0,0.0,0.0,0.0,0.0,0.0,0.0,0,,,,,,,,,,,,,,,,,,,,1,1.0,0.0,0.0,1.0,0.0,0.0,0.0,0.0,0.0,1.0,0.0,0.0,0.0,0.0,0.0,0.0,0.0,0.0,0.0
R1976,남,22,20대,20~24,직장인,기능/작업직,서울,서울,수도권,0,1,0,0,0,0,0,1,0,0,0,0,0,0,0,달콤한커피류,아메리카노,,1,1.0,1.0,0.0,0.0,0.0,1.0,0.0,0.0,0.0,0.0,0.0,0.0,0.0,0.0,0.0,0.0,0.0,0.0,0.0,1,1.0,1.0,0.0,0.0,0.0,0.0,1.0,0.0,0.0,0.0,0.0,0.0,0.0,0.0,0.0,1.0,0.0,0.0,0.0,0,,,,,,,,,,,,,,,,,,,,0,,,,,,,,,,,,,,,,,,,,0,,,,,,,,,,,,,,,,,,,,1,1.0,0.0,0.0,0.0,0.0,0.0,1.0,0.0,0.0,1.0,0.0,1.0,0.0,0.0,0.0,0.0,0.0,0.0,0.0
R1977,여,30,30대,30~34,직장인,사무/기술직,서울,서울,수도권,1,1,0,1,1,0,1,1,0,0,0,1,0,0,1,아메리카노,과일티에이드,달콤한커피류,1,1.0,1.0,0.0,0.0,0.0,1.0,1.0,0.0,0.0,1.0,0.0,0.0,0.0,0.0,0.0,0.0,0.0,0.0,0.0,1,1.0,0.0,0.0,1.0,1.0,0.0,0.0,0.0,0.0,0.0,0.0,0.0,0.0,0.0,0.0,0.0,0.0,0.0,0.0,0,,,,,,,,,,,,,,,,,,,,0,,,,,,,,,,,,,,,,,,,,0,,,,,,,,,,,,,,,,,,,,0,,,,,,,,,,,,,,,,,,,
R1978,여,23,20대,20~24,직장인,사무/기술직,경기,서울외수도권,수도권,1,1,0,1,0,0,0,1,0,0,0,1,1,0,0,달콤한커피류,과일티에이드,아메리카노,0,,,,,,,,,,,,,,,,,,,,0,,,,,,,,,,,,,,,,,,,,0,,,,,,,,,,,,,,,,,,,,0,,,,,,,,,,,,,,,,,,,,0,,,,,,,,,,,,,,,,,,,,1,1.0,0.0,0.0,1.0,1.0,0.0,1.0,0.0,0.0,0.0,0.0,0.0,0.0,0.0,0.0,0.0,0.0,1.0,0.0
R1979,남,43,40대,40~44,직장인,사무/기술직,부산,5대광역시,비수도권,0,0,0,0,1,0,0,0,0,0,0,0,0,0,0,콜드브루,,,0,,,,,,,,,,,,,,,,,,,,0,,,,,,,,,,,,,,,,,,,,1,1.0,1.0,0.0,1.0,0.0,1.0,0.0,0.0,0.0,0.0,1.0,0.0,0.0,0.0,0.0,0.0,1.0,1.0,1.0,1,1.0,0.0,1.0,0.0,0.0,0.0,0.0,1.0,0.0,1.0,0.0,0.0,0.0,0.0,0.0,0.0,0.0,0.0,0.0,0,,,,,,,,,,,,,,,,,,,,0,,,,,,,,,,,,,,,,,,,
R1980,남,35,30대,35~39,직장인,자영업,부산,5대광역시,비수도권,0,0,1,0,1,0,0,0,0,0,0,0,1,0,0,카페라떼,얼음갈린티,콜드브루,1,1.0,1.0,0.0,0.0,0.0,0.0,1.0,0.0,0.0,0.0,1.0,0.0,0.0,0.0,0.0,0.0,0.0,0.0,0.0,0,,,,,,,,,,,,,,,,,,,,0,,,,,,,,,,,,,,,,,,,,0,,,,,,,,,,,,,,,,,,,,1,1.0,1.0,1.0,0.0,0.0,1.0,0.0,0.0,0.0,0.0,0.0,0.0,0.0,0.0,0.0,0.0,0.0,0.0,0.0,0,,,,,,,,,,,,,,,,,,,
R1981,남,29,20대,25~29,직장인,사무/기술직,서울,서울,수도권,0,0,1,0,0,0,0,0,0,0,0,1,0,0,0,카페라떼,과일티에이드,,1,1.0,1.0,0.0,1.0,0.0,1.0,0.0,0.0,0.0,0.0,0.0,1.0,0.0,0.0,0.0,0.0,0.0,0.0,0.0,0,,,,,,,,,,,,,,,,,,,,0,,,,,,,,,,,,,,,,,,,,0,,,,,,,,,,,,,,,,,,,,0,,,,,,,,,,,,,,,,,,,,0,,,,,,,,,,,,,,,,,,,
R1982,남,23,20대,20~24,기타직업,자유/전문직,서울,서울,수도권,0,0,0,0,0,0,0,0,0,0,0,0,0,1,0,스무디쉐이크,,,1,1.0,1.0,0.0,1.0,0.0,1.0,1.0,0.0,0.0,1.0,0.0,0.0,0.0,0.0,0.0,0.0,1.0,0.0,0.0,0,,,,,,,,,,,,,,,,,,,,0,,,,,,,,,,,,,,,,,,,,0,,,,,,,,,,,,,,,,,,,,0,,,,,,,,,,,,,,,,,,,,1,1.0,0.0,1.0,1.0,0.0,0.0,1.0,0.0,0.0,0.0,0.0,0.0,0.0,0.0,0.0,0.0,0.0,0.0,0.0
R1983,남,23,20대,20~24,직장인,기능/작업직,충남,기타지역,비수도권,0,1,1,0,0,0,0,0,0,0,1,1,1,0,0,과일티에이드,아메리카노,얼음갈린티,0,,,,,,,,,,,,,,,,,,,,0,,,,,,,,,,,,,,,,,,,,1,1.0,0.0,0.0,0.0,0.0,0.0,0.0,0.0,0.0,1.0,0.0,0.0,0.0,0.0,0.0,0.0,0.0,1.0,0.0,1,1.0,1.0,0.0,0.0,0.0,0.0,1.0,0.0,0.0,1.0,0.0,0.0,0.0,0.0,0.0,0.0,0.0,0.0,0.0,0,,,,,,,,,,,,,,,,,,,,1,1.0,1.0,1.0,0.0,0.0,0.0,1.0,0.0,0.0,0.0,0.0,0.0,0.0,0.0,1.0,0.0,0.0,0.0,0.0
R1984,남,52,50대,50~54,직장인,경영/관리직,경남,기타지역,비수도권,0,1,0,0,0,0,1,1,0,0,0,0,0,0,0,아메리카노,달콤한커피류,드립핸드드립,0,,,,,,,,,,,,,,,,,,,,0,,,,,,,,,,,,,,,,,,,,0,,,,,,,,,,,,,,,,,,,,0,,,,,,,,,,,,,,,,,,,,1,1.0,1.0,0.0,0.0,0.0,1.0,0.0,0.0,0.0,0.0,0.0,1.0,0.0,0.0,0.0,0.0,0.0,0.0,0.0,0,,,,,,,,,,,,,,,,,,,
R1985,여,29,20대,25~29,직장인,사무/기술직,경남,기타지역,비수도권,0,0,1,0,0,0,0,0,1,0,0,0,1,0,1,주스에이드,카페라떼,얼음갈린커피,1,1.0,1.0,0.0,0.0,0.0,1.0,1.0,0.0,0.0,1.0,0.0,0.0,0.0,0.0,0.0,0.0,0.0,0.0,0.0,1,1.0,0.0,0.0,0.0,0.0,1.0,0.0,0.0,0.0,0.0,0.0,0.0,0.0,0.0,0.0,0.0,0.0,0.0,0.0,0,,,,,,,,,,,,,,,,,,,,0,,,,,,,,,,,,,,,,,,,,0,,,,,,,,,,,,,,,,,,,,1,1.0,1.0,0.0,0.0,0.0,0.0,0.0,0.0,0.0,0.0,0.0,0.0,0.0,0.0,0.0,0.0,0.0,0.0,0.0
R1986,남,29,20대,25~29,기타직업,기타,부산,5대광역시,비수도권,0,1,1,0,0,0,0,0,0,0,0,0,1,0,0,아메리카노,카페라떼,얼음갈린티,0,,,,,,,,,,,,,,,,,,,,1,1.0,0.0,0.0,0.0,1.0,0.0,1.0,0.0,0.0,0.0,0.0,0.0,0.0,0.0,0.0,0.0,1.0,0.0,0.0,1,1.0,1.0,1.0,0.0,0.0,0.0,0.0,0.0,0.0,0.0,1.0,1.0,1.0,0.0,0.0,0.0,0.0,1.0,0.0,0,,,,,,,,,,,,,,,,,,,,0,,,,,,,,,,,,,,,,,,,,0,,,,,,,,,,,,,,,,,,,
R1987,여,28,20대,25~29,직장인,자영업,경기,서울외수도권,수도권,0,0,0,0,0,0,0,1,0,0,1,0,0,0,1,달콤한커피류,달콤한티,주스에이드,1,1.0,1.0,0.0,1.0,0.0,0.0,0.0,0.0,0.0,0.0,0.0,0.0,1.0,0.0,0.0,0.0,0.0,0.0,0.0,0,,,,,,,,,,,,,,,,,,,,1,1.0,1.0,0.0,1.0,1.0,1.0,1.0,0.0,1.0,1.0,0.0,0.0,0.0,0.0,0.0,0.0,0.0,0.0,0.0,1,1.0,0.0,0.0,0.0,0.0,0.0,0.0,0.0,0.0,0.0,0.0,1.0,0.0,0.0,0.0,0.0,0.0,0.0,0.0,1,1.0,0.0,0.0,0.0,1.0,0.0,0.0,1.0,0.0,1.0,1.0,0.0,0.0,0.0,0.0,0.0,0.0,0.0,0.0,0,,,,,,,,,,,,,,,,,,,
R1988,여,51,50대,50~54,직장인,사무/기술직,경남,기타지역,비수도권,0,1,0,0,0,0,0,0,0,0,0,0,0,0,0,아메리카노,,,1,1.0,1.0,1.0,0.0,0.0,0.0,0.0,0.0,0.0,0.0,0.0,0.0,0.0,0.0,0.0,1.0,0.0,1.0,0.0,0,,,,,,,,,,,,,,,,,,,,1,1.0,1.0,0.0,1.0,0.0,0.0,1.0,0.0,0.0,1.0,0.0,1.0,0.0,0.0,0.0,0.0,1.0,0.0,0.0,0,,,,,,,,,,,,,,,,,,,,1,1.0,0.0,0.0,0.0,1.0,1.0,0.0,0.0,0.0,1.0,0.0,0.0,0.0,0.0,0.0,0.0,1.0,0.0,0.0,0,,,,,,,,,,,,,,,,,,,
R1989,여,42,40대,40~44,직장인,사무/기술직,울산,5대광역시,비수도권,0,1,0,0,0,0,0,0,1,1,0,1,1,0,0,기본티,아메리카노,얼음갈린티,1,1.0,1.0,0.0,1.0,0.0,0.0,1.0,0.0,0.0,0.0,0.0,0.0,0.0,0.0,0.0,0.0,0.0,0.0,0.0,0,,,,,,,,,,,,,,,,,,,,0,,,,,,,,,,,,,,,,,,,,1,1.0,0.0,0.0,0.0,0.0,0.0,0.0,0.0,1.0,1.0,0.0,0.0,0.0,0.0,0.0,0.0,0.0,0.0,0.0,0,,,,,,,,,,,,,,,,,,,,0,,,,,,,,,,,,,,,,,,,
R1990,여,39,30대,35~39,직장인,자유/전문직,서울,서울,수도권,0,1,1,0,0,0,0,0,0,0,0,0,0,0,0,카페라떼,아메리카노,,1,1.0,1.0,0.0,0.0,0.0,0.0,0.0,0.0,0.0,0.0,0.0,0.0,0.0,0.0,0.0,0.0,0.0,1.0,0.0,0,,,,,,,,,,,,,,,,,,,,1,1.0,0.0,0.0,1.0,0.0,0.0,0.0,0.0,0.0,0.0,1.0,0.0,0.0,0.0,1.0,0.0,0.0,0.0,0.0,1,1.0,0.0,0.0,0.0,0.0,0.0,0.0,0.0,0.0,1.0,0.0,0.0,0.0,0.0,0.0,0.0,0.0,0.0,0.0,1,1.0,0.0,0.0,1.0,0.0,1.0,0.0,0.0,0.0,0.0,0.0,0.0,0.0,0.0,0.0,0.0,0.0,0.0,0.0,0,,,,,,,,,,,,,,,,,,,
R1991,남,33,30대,30~34,대학(원)생,대학생,서울,서울,수도권,1,0,0,0,0,0,0,0,0,0,1,1,0,1,0,스무디쉐이크,과일티에이드,달콤한티,0,,,,,,,,,,,,,,,,,,,,1,1.0,1.0,0.0,0.0,1.0,0.0,0.0,0.0,0.0,1.0,0.0,0.0,0.0,0.0,0.0,0.0,0.0,0.0,0.0,1,1.0,1.0,0.0,0.0,1.0,1.0,0.0,0.0,0.0,0.0,0.0,0.0,0.0,0.0,0.0,0.0,0.0,0.0,0.0,1,1.0,0.0,0.0,1.0,0.0,0.0,0.0,0.0,1.0,0.0,0.0,0.0,0.0,0.0,0.0,0.0,0.0,0.0,0.0,0,,,,,,,,,,,,,,,,,,,,0,,,,,,,,,,,,,,,,,,,
R1992,여,40,40대,40~44,전업주부,전업주부,서울,서울,수도권,0,0,0,0,0,0,0,0,0,1,0,0,0,0,0,기본티,,,1,1.0,1.0,0.0,1.0,0.0,0.0,0.0,0.0,0.0,0.0,1.0,0.0,0.0,0.0,0.0,0.0,0.0,0.0,0.0,1,1.0,1.0,0.0,0.0,1.0,0.0,0.0,0.0,0.0,0.0,0.0,0.0,0.0,0.0,0.0,0.0,0.0,0.0,0.0,1,1.0,1.0,0.0,0.0,0.0,1.0,0.0,0.0,0.0,0.0,0.0,0.0,0.0,0.0,0.0,0.0,0.0,0.0,0.0,1,1.0,0.0,0.0,0.0,0.0,1.0,0.0,0.0,0.0,0.0,1.0,0.0,0.0,0.0,0.0,1.0,0.0,0.0,0.0,0,,,,,,,,,,,,,,,,,,,,0,,,,,,,,,,,,,,,,,,,
R1993,남,34,30대,30~34,직장인,사무/기술직,부산,5대광역시,비수도권,0,1,1,0,0,0,0,0,0,0,0,0,0,0,1,아메리카노,카페라떼,주스에이드,1,1.0,0.0,0.0,0.0,0.0,1.0,0.0,0.0,0.0,1.0,0.0,1.0,0.0,0.0,0.0,0.0,1.0,0.0,0.0,1,1.0,1.0,0.0,1.0,0.0,0.0,0.0,0.0,0.0,0.0,0.0,0.0,0.0,0.0,0.0,0.0,0.0,0.0,0.0,1,1.0,1.0,0.0,0.0,1.0,0.0,1.0,0.0,0.0,0.0,0.0,0.0,0.0,0.0,0.0,0.0,0.0,1.0,0.0,1,1.0,1.0,0.0,0.0,0.0,0.0,0.0,0.0,0.0,0.0,0.0,0.0,0.0,0.0,1.0,0.0,0.0,0.0,0.0,1,1.0,1.0,1.0,0.0,0.0,1.0,0.0,0.0,0.0,0.0,1.0,1.0,0.0,0.0,0.0,0.0,0.0,0.0,0.0,0,,,,,,,,,,,,,,,,,,,
R1994,남,42,40대,40~44,직장인,자유/전문직,경기,서울외수도권,수도권,0,1,0,0,0,0,0,0,0,0,0,1,0,0,0,아메리카노,과일티에이드,,0,,,,,,,,,,,,,,,,,,,,0,,,,,,,,,,,,,,,,,,,,1,1.0,1.0,0.0,1.0,0.0,1.0,0.0,0.0,1.0,0.0,1.0,0.0,0.0,0.0,0.0,0.0,0.0,0.0,0.0,1,1.0,1.0,0.0,0.0,0.0,1.0,0.0,0.0,0.0,1.0,1.0,0.0,0.0,0.0,0.0,0.0,0.0,0.0,0.0,0,,,,,,,,,,,,,,,,,,,,1,1.0,1.0,0.0,0.0,0.0,0.0,0.0,0.0,1.0,1.0,0.0,0.0,0.0,0.0,0.0,0.0,0.0,0.0,0.0
R1995,남,40,40대,40~44,직장인,자영업,경기,서울외수도권,수도권,0,0,1,0,0,0,0,0,0,0,0,0,0,0,1,카페라떼,주스에이드,,0,,,,,,,,,,,,,,,,,,,,0,,,,,,,,,,,,,,,,,,,,0,,,,,,,,,,,,,,,,,,,,1,1.0,1.0,0.0,0.0,0.0,0.0,0.0,0.0,0.0,0.0,0.0,0.0,0.0,0.0,0.0,0.0,0.0,0.0,0.0,0,,,,,,,,,,,,,,,,,,,,1,1.0,1.0,0.0,0.0,0.0,0.0,0.0,0.0,0.0,0.0,0.0,0.0,0.0,0.0,0.0,0.0,0.0,0.0,0.0
R1996,남,43,40대,40~44,기타직업,기능/작업직,경기,서울외수도권,수도권,0,0,0,0,0,0,0,0,1,1,1,1,0,0,0,얼음갈린커피,달콤한티,과일티에이드,0,,,,,,,,,,,,,,,,,,,,0,,,,,,,,,,,,,,,,,,,,1,1.0,1.0,0.0,0.0,0.0,0.0,1.0,0.0,0.0,1.0,1.0,1.0,0.0,0.0,0.0,0.0,0.0,0.0,0.0,0,,,,,,,,,,,,,,,,,,,,1,1.0,0.0,0.0,1.0,0.0,1.0,0.0,0.0,1.0,0.0,1.0,0.0,0.0,1.0,0.0,0.0,0.0,0.0,0.0,0,,,,,,,,,,,,,,,,,,,
R1997,여,43,40대,40~44,전업주부,전업주부,경기,서울외수도권,수도권,0,1,1,0,0,0,0,0,1,1,0,0,0,0,0,아메리카노,카페라떼,기본티,1,1.0,0.0,0.0,0.0,0.0,0.0,1.0,0.0,0.0,0.0,0.0,0.0,0.0,0.0,0.0,0.0,0.0,0.0,0.0,0,,,,,,,,,,,,,,,,,,,,1,1.0,1.0,0.0,0.0,0.0,0.0,0.0,0.0,0.0,1.0,0.0,1.0,0.0,0.0,0.0,0.0,0.0,0.0,0.0,1,1.0,1.0,0.0,0.0,0.0,1.0,0.0,0.0,0.0,0.0,0.0,0.0,0.0,0.0,0.0,0.0,0.0,0.0,0.0,1,1.0,1.0,0.0,0.0,0.0,0.0,0.0,1.0,0.0,1.0,0.0,0.0,0.0,0.0,0.0,0.0,1.0,0.0,0.0,0,,,,,,,,,,,,,,,,,,,
R1998,남,23,20대,20~24,기타직업,자영업,서울,서울,수도권,0,1,1,0,0,0,0,0,0,1,0,1,0,0,0,카페라떼,아메리카노,과일티에이드,1,1.0,0.0,0.0,0.0,1.0,1.0,0.0,0.0,0.0,0.0,0.0,0.0,0.0,0.0,0.0,0.0,0.0,0.0,0.0,0,,,,,,,,,,,,,,,,,,,,0,,,,,,,,,,,,,,,,,,,,1,1.0,0.0,0.0,1.0,1.0,1.0,1.0,0.0,0.0,0.0,0.0,0.0,0.0,0.0,0.0,0.0,0.0,0.0,0.0,1,1.0,0.0,0.0,0.0,1.0,0.0,0.0,0.0,0.0,1.0,0.0,0.0,0.0,1.0,0.0,0.0,0.0,0.0,0.0,1,1.0,1.0,1.0,1.0,0.0,0.0,0.0,1.0,0.0,0.0,0.0,0.0,0.0,0.0,0.0,0.0,0.0,0.0,0.0
R1999,남,32,30대,30~34,직장인,자영업,대구,5대광역시,비수도권,0,1,0,1,0,0,0,1,0,0,0,0,0,0,0,달콤한커피류,아메리카노,카푸치노,1,1.0,1.0,0.0,1.0,1.0,1.0,0.0,0.0,0.0,0.0,0.0,0.0,0.0,0.0,0.0,0.0,0.0,0.0,0.0,0,,,,,,,,,,,,,,,,,,,,1,1.0,1.0,0.0,1.0,0.0,0.0,0.0,0.0,0.0,1.0,0.0,0.0,0.0,0.0,0.0,0.0,0.0,0.0,0.0,0,,,,,,,,,,,,,,,,,,,,1,1.0,1.0,1.0,0.0,1.0,1.0,0.0,1.0,0.0,0.0,0.0,0.0,0.0,0.0,0.0,0.0,0.0,0.0,0.0,0,,,,,,,,,,,,,,,,,,,
R2000,여,34,30대,30~34,직장인,자영업,제주,기타지역,비수도권,0,0,0,0,0,0,0,1,0,0,0,0,0,0,0,달콤한커피류,,,1,1.0,0.0,0.0,1.0,1.0,0.0,0.0,0.0,0.0,0.0,0.0,0.0,0.0,0.0,0.0,0.0,0.0,0.0,0.0,0,,,,,,,,,,,,,,,,,,,,1,1.0,1.0,0.0,0.0,0.0,0.0,1.0,0.0,0.0,0.0,1.0,1.0,0.0,0.0,0.0,0.0,1.0,0.0,0.0,0,,,,,,,,,,,,,,,,,,,,1,1.0,1.0,0.0,0.0,0.0,0.0,0.0,0.0,0.0,0.0,0.0,0.0,0.0,0.0,0.0,0.0,0.0,0.0,0.0,1,1.0,1.0,0.0,0.0,0.0,0.0,1.0,0.0,0.0,0.0,0.0,0.0,0.0,0.0,0.0,0.0,0.0,0.0,0.0
