datetime,date,hour,month,season,temp_c,feels_like_c,precip_mm,snow_cm,humidity_pct,wind_mps,pm25_ugm3,pm10_ugm3,is_raining,is_snowing,temp_category,pm25_category
2025-01-01 00:00,2025-01-01,0,1,겨울,-7.8,-11.4,0.0,0.0,81,4.5,43,65,0,0,추움,나쁨
2025-01-01 01:00,2025-01-01,1,1,겨울,-7.4,-8.0,0.0,0.0,50,1.0,56,119,0,0,추움,나쁨
2025-01-01 02:00,2025-01-01,2,1,겨울,-1.8,-6.7,0.0,0.0,71,5.7,23,36,0,0,추움,보통
2025-01-01 03:00,2025-01-01,3,1,겨울,-8.3,-13.2,0.0,0.6,45,6.7,35,65,0,1,추움,보통
2025-01-01 04:00,2025-01-01,4,1,겨울,-4.0,-6.1,0.0,0.0,81,2.3,43,76,0,0,추움,나쁨
2025-01-01 05:00,2025-01-01,5,1,겨울,-2.8,-7.1,0.0,0.0,73,6.4,77,141,0,0,추움,매우나쁨
2025-01-01 06:00,2025-01-01,6,1,겨울,-7.6,-12.9,0.0,0.0,59,5.8,65,119,0,0,추움,나쁨
2025-01-01 07:00,2025-01-01,7,1,겨울,1.5,-1.2,0.0,0.0,69,3.8,41,70,0,0,쌀쌀함,나쁨
2025-01-01 08:00,2025-01-01,8,1,겨울,2.5,1.3,0.0,0.0,40,2.0,56,99,0,0,쌀쌀함,나쁨
2025-01-01 09:00,2025-01-01,9,1,겨울,-3.6,-6.2,0.0,0.0,85,3.6,48,74,0,0,추움,나쁨
2025-01-01 10:00,2025-01-01,10,1,겨울,6.2,4.2,0.0,0.0,67,1.8,29,46,0,0,쌀쌀함,보통
2025-01-01 11:00,2025-01-01,11,1,겨울,3.9,1.6,0.0,0.0,55,3.1,32,66,0,0,쌀쌀함,보통
2025-01-01 12:00,2025-01-01,12,1,겨울,1.9,-1.6,0.0,0.0,50,5.5,29,44,0,0,쌀쌀함,보통
2025-01-01 13:00,2025-01-01,13,1,겨울,-3.1,-8.4,0.0,0.0,77,7.6,43,92,0,0,추움,나쁨
2025-01-01 14:00,2025-01-01,14,1,겨울,1.2,-1.7,0.0,0.0,37,4.2,47,85,0,0,쌀쌀함,나쁨
2025-01-01 15:00,2025-01-01,15,1,겨울,-2.9,-6.3,0.0,0.0,84,5.4,18,35,0,0,추움,보통
2025-01-01 16:00,2025-01-01,16,1,겨울,-2.0,-6.1,0.0,0.0,32,5.4,60,114,0,0,추움,나쁨
2025-01-01 17:00,2025-01-01,17,1,겨울,0.9,-1.3,0.0,0.0,76,3.3,45,80,0,0,추움,나쁨
2025-01-01 18:00,2025-01-01,18,1,겨울,-4.4,-4.9,0.0,0.0,73,1.0,42,87,0,0,추움,나쁨
2025-01-01 19:00,2025-01-01,19,1,겨울,-0.7,-4.6,0.0,0.0,62,5.6,40,81,0,0,추움,나쁨
2025-01-01 20:00,2025-01-01,20,1,겨울,-3.4,-8.9,0.0,0.0,73,7.6,68,103,0,0,추움,나쁨
2025-01-01 21:00,2025-01-01,21,1,겨울,-9.7,-13.8,0.0,0.0,66,5.3,42,80,0,0,추움,나쁨
2025-01-01 22:00,2025-01-01,22,1,겨울,-8.5,-8.8,0.0,0.0,35,1.0,42,88,0,0,추움,나쁨
2025-01-01 23:00,2025-01-01,23,1,겨울,-11.4,-11.5,0.0,0.0,68,1.0,55,93,0,0,추움,나쁨
2025-01-02 00:00,2025-01-02,0,1,겨울,-11.3,-15.7,0.0,0.0,75,6.3,44,84,0,0,추움,나쁨
2025-01-02 01:00,2025-01-02,1,1,겨울,-4.8,-6.6,0.0,0.0,62,2.1,56,110,0,0,추움,나쁨
2025-01-02 02:00,2025-01-02,2,1,겨울,-3.8,-8.5,0.0,0.0,37,5.8,46,69,0,0,추움,나쁨
2025-01-02 03:00,2025-01-02,3,1,겨울,-3.6,-9.0,0.0,0.0,69,7.0,45,72,0,0,추움,나쁨
2025-01-02 04:00,2025-01-02,4,1,겨울,-9.3,-11.8,0.0,0.0,47,4.4,63,123,0,0,추움,나쁨
2025-01-02 05:00,2025-01-02,5,1,겨울,-1.3,-3.5,0.0,0.0,39,3.7,44,83,0,0,추움,나쁨
2025-01-02 06:00,2025-01-02,6,1,겨울,-7.1,-12.1,0.0,0.0,72,7.5,31,60,0,0,추움,보통
2025-01-02 07:00,2025-01-02,7,1,겨울,-1.0,-5.9,0.0,0.0,34,7.0,26,39,0,0,추움,보통
2025-01-02 08:00,2025-01-02,8,1,겨울,1.2,-1.2,0.0,0.0,87,3.4,45,78,0,0,쌀쌀함,나쁨
2025-01-02 09:00,2025-01-02,9,1,겨울,-2.1,-7.7,0.0,0.0,32,7.2,30,53,0,0,추움,보통
2025-01-02 10:00,2025-01-02,10,1,겨울,-3.8,-5.7,0.0,0.0,62,0.9,56,108,0,0,추움,나쁨
2025-01-02 11:00,2025-01-02,11,1,겨울,0.6,-1.3,0.0,0.0,72,4.5,49,98,0,0,추움,나쁨
2025-01-02 12:00,2025-01-02,12,1,겨울,2.0,1.4,0.0,0.0,78,1.1,40,63,0,0,쌀쌀함,나쁨
2025-01-02 13:00,2025-01-02,13,1,겨울,-2.3,-5.3,0.0,0.0,80,4.2,35,53,0,0,추움,보통
2025-01-02 14:00,2025-01-02,14,1,겨울,-0.7,-2.9,0.0,0.0,90,4.1,43,80,0,0,추움,나쁨
2025-01-02 15:00,2025-01-02,15,1,겨울,-0.8,-2.2,0.0,0.0,32,1.7,53,99,0,0,추움,나쁨
2025-01-02 16:00,2025-01-02,16,1,겨울,2.0,1.0,0.0,0.0,86,1.0,57,104,0,0,쌀쌀함,나쁨
2025-01-02 17:00,2025-01-02,17,1,겨울,-0.8,-4.6,0.0,0.0,51,4.7,27,45,0,0,추움,보통
2025-01-02 18:00,2025-01-02,18,1,겨울,-5.0,-6.1,0.0,0.0,44,1.6,73,151,0,0,추움,나쁨
2025-01-02 19:00,2025-01-02,19,1,겨울,-4.2,-6.9,0.0,0.0,38,4.7,35,67,0,0,추움,보통
2025-01-02 20:00,2025-01-02,20,1,겨울,-7.1,-9.9,0.0,0.0,39,4.1,27,58,0,0,추움,보통
2025-01-02 21:00,2025-01-02,21,1,겨울,-3.9,-5.8,0.0,0.0,53,3.0,68,149,0,0,추움,나쁨
2025-01-02 22:00,2025-01-02,22,1,겨울,-10.3,-15.8,0.0,0.0,79,7.8,63,130,0,0,추움,나쁨
2025-01-02 23:00,2025-01-02,23,1,겨울,-6.4,-9.0,0.0,0.0,40,4.6,59,97,0,0,추움,나쁨
2025-01-03 00:00,2025-01-03,0,1,겨울,-8.3,-10.9,0.0,0.0,50,4.0,34,60,0,0,추움,보통
2025-01-03 01:00,2025-01-03,1,1,겨울,-7.9,-8.9,0.0,0.0,85,1.6,61,126,0,0,추움,나쁨
2025-01-03 02:00,2025-01-03,2,1,겨울,-9.0,-11.9,0.0,0.0,85,5.8,43,90,0,0,추움,나쁨
2025-01-03 03:00,2025-01-03,3,1,겨울,-7.0,-8.4,0.0,0.0,78,2.3,24,47,0,0,추움,보통
2025-01-03 04:00,2025-01-03,4,1,겨울,-2.6,-5.2,0.0,0.0,79,3.0,34,73,0,0,추움,보통
2025-01-03 05:00,2025-01-03,5,1,겨울,0.9,-0.1,0.0,0.0,80,0.6,26,51,0,0,추움,보통
2025-01-03 06:00,2025-01-03,6,1,겨울,-2.1,-7.4,0.0,0.0,68,6.0,58,104,0,0,추움,나쁨
2025-01-03 07:00,2025-01-03,7,1,겨울,-1.9,-4.1,0.0,0.0,66,3.1,62,96,0,0,추움,나쁨
2025-01-03 08:00,2025-01-03,8,1,겨울,2.0,1.1,0.0,0.0,40,1.1,29,47,0,0,쌀쌀함,보통
2025-01-03 09:00,2025-01-03,9,1,겨울,3.6,1.5,0.0,0.0,68,3.0,42,78,0,0,쌀쌀함,나쁨
2025-01-03 10:00,2025-01-03,10,1,겨울,3.7,-1.0,0.0,0.0,32,6.5,50,106,0,0,쌀쌀함,나쁨
2025-01-03 11:00,2025-01-03,11,1,겨울,-2.2,-6.3,0.0,0.0,45,6.4,27,53,0,0,추움,보통
2025-01-03 12:00,2025-01-03,12,1,겨울,1.4,0.6,0.0,0.0,84,0.8,59,112,0,0,쌀쌀함,나쁨
2025-01-03 13:00,2025-01-03,13,1,겨울,0.8,-0.6,0.0,0.0,62,2.5,29,47,0,0,추움,보통
2025-01-03 14:00,2025-01-03,14,1,겨울,0.5,-3.9,0.0,0.0,79,5.7,24,49,0,0,추움,보통
2025-01-03 15:00,2025-01-03,15,1,겨울,3.3,1.4,0.0,0.0,44,3.5,32,56,0,0,쌀쌀함,보통
2025-01-03 16:00,2025-01-03,16,1,겨울,-2.8,-5.2,0.0,0.0,75,5.0,39,58,0,0,추움,나쁨
2025-01-03 17:00,2025-01-03,17,1,겨울,-4.4,-8.4,0.0,0.0,51,5.6,32,57,0,0,추움,보통
2025-01-03 18:00,2025-01-03,18,1,겨울,-4.1,-8.3,0.0,0.0,54,5.2,63,113,0,0,추움,나쁨
2025-01-03 19:00,2025-01-03,19,1,겨울,-1.6,-5.3,0.0,1.2,89,5.7,45,82,0,1,추움,나쁨
2025-01-03 20:00,2025-01-03,20,1,겨울,-2.3,-3.9,0.0,0.0,64,2.3,23,36,0,0,추움,보통
2025-01-03 21:00,2025-01-03,21,1,겨울,-3.4,-6.0,0.0,0.0,50,3.1,50,79,0,0,추움,나쁨
2025-01-03 22:00,2025-01-03,22,1,겨울,-8.5,-11.0,0.0,0.0,36,4.0,23,41,0,0,추움,보통
2025-01-03 23:00,2025-01-03,23,1,겨울,-10.0,-11.3,0.0,0.0,36,1.5,67,125,0,0,추움,나쁨
2025-01-04 00:00,2025-01-04,0,1,겨울,-2.5,-2.8,0.0,0.0,78,0.9,26,44,0,0,추움,보통
2025-01-04 01:00,2025-01-04,1,1,겨울,-3.7,-5.0,0.0,0.0,75,0.9,38,83,0,0,추움,나쁨
2025-01-04 02:00,2025-01-04,2,1,겨울,-3.9,-8.6,0.0,0.0,31,7.3,47,80,0,0,추움,나쁨
2025-01-04 03:00,2025-01-04,3,1,겨울,-1.5,-7.3,0.0,0.0,53,6.9,33,53,0,0,추움,보통
2025-01-04 04:00,2025-01-04,4,1,겨울,-7.6,-8.9,0.0,0.0,56,1.8,30,54,0,0,추움,보통
2025-01-04 05:00,2025-01-04,5,1,겨울,-6.2,-7.9,0.0,0.0,58,3.3,48,84,0,0,추움,나쁨
2025-01-04 06:00,2025-01-04,6,1,겨울,-8.5,-11.1,0.0,0.0,76,3.9,21,41,0,0,추움,보통
2025-01-04 07:00,2025-01-04,7,1,겨울,-9.0,-12.0,0.0,0.0,56,4.8,60,92,0,0,추움,나쁨
2025-01-04 08:00,2025-01-04,8,1,겨울,-2.7,-4.5,0.0,0.0,51,2.5,25,52,0,0,추움,보통
2025-01-04 09:00,2025-01-04,9,1,겨울,-1.6,-2.0,0.0,0.0,82,0.6,26,44,0,0,추움,보통
2025-01-04 10:00,2025-01-04,10,1,겨울,2.3,0.1,0.0,0.0,85,2.6,42,76,0,0,쌀쌀함,나쁨
2025-01-04 11:00,2025-01-04,11,1,겨울,2.4,0.1,0.0,0.0,90,2.6,11,18,0,0,쌀쌀함,좋음
2025-01-04 12:00,2025-01-04,12,1,겨울,0.4,-3.4,0.0,0.0,64,5.1,44,94,0,0,추움,나쁨
2025-01-04 13:00,2025-01-04,13,1,겨울,2.8,-0.5,0.0,0.0,90,4.8,34,55,0,0,쌀쌀함,보통
2025-01-04 14:00,2025-01-04,14,1,겨울,-0.6,-3.9,0.0,0.0,59,5.2,49,92,0,0,추움,나쁨
2025-01-04 15:00,2025-01-04,15,1,겨울,-3.3,-7.2,0.0,0.0,66,5.9,43,67,0,0,추움,나쁨
2025-01-04 16:00,2025-01-04,16,1,겨울,-1.0,-4.9,0.0,0.0,71,5.8,58,88,0,0,추움,나쁨
2025-01-04 17:00,2025-01-04,17,1,겨울,-3.8,-8.4,0.0,0.0,50,7.4,31,48,0,0,추움,보통
2025-01-04 18:00,2025-01-04,18,1,겨울,-5.3,-9.0,0.0,1.5,33,6.0,56,121,0,1,추움,나쁨
2025-01-04 19:00,2025-01-04,19,1,겨울,-0.7,-1.1,0.0,0.0,64,0.6,44,78,0,0,추움,나쁨
2025-01-04 20:00,2025-01-04,20,1,겨울,-5.8,-9.0,0.0,4.9,76,4.4,37,61,0,1,추움,나쁨
2025-01-04 21:00,2025-01-04,21,1,겨울,-12.2,-13.4,0.0,0.0,90,1.4,48,75,0,0,추움,나쁨
2025-01-04 22:00,2025-01-04,22,1,겨울,-5.7,-8.5,0.0,0.0,73,3.3,33,71,0,0,추움,보통
2025-01-04 23:00,2025-01-04,23,1,겨울,-8.3,-12.1,0.0,0.0,70,5.6,36,65,0,0,추움,나쁨
2025-01-05 00:00,2025-01-05,0,1,겨울,-10.6,-13.9,0.0,0.0,49,5.5,36,58,0,0,추움,나쁨
2025-01-05 01:00,2025-01-05,1,1,겨울,-6.3,-8.3,0.0,0.0,64,3.9,47,92,0,0,추움,나쁨
2025-01-05 02:00,2025-01-05,2,1,겨울,-9.1,-9.5,0.0,0.0,54,0.8,43,67,0,0,추움,나쁨
2025-01-05 03:00,2025-01-05,3,1,겨울,-9.2,-11.4,0.0,0.0,69,3.1,13,22,0,0,추움,좋음
2025-01-05 04:00,2025-01-05,4,1,겨울,-1.5,-4.5,0.0,0.0,56,4.9,66,111,0,0,추움,나쁨
2025-01-05 05:00,2025-01-05,5,1,겨울,2.6,0.7,0.0,0.0,46,3.9,70,119,0,0,쌀쌀함,나쁨
2025-01-05 06:00,2025-01-05,6,1,겨울,-2.9,-4.6,0.0,0.0,42,2.2,35,61,0,0,추움,보통
2025-01-05 07:00,2025-01-05,7,1,겨울,0.7,0.2,0.0,0.0,45,0.8,57,89,0,0,추움,나쁨
2025-01-05 08:00,2025-01-05,8,1,겨울,-0.8,-1.3,0.0,0.0,63,1.1,53,96,0,0,추움,나쁨
2025-01-05 09:00,2025-01-05,9,1,겨울,4.6,3.0,0.0,0.0,81,2.9,38,71,0,0,쌀쌀함,나쁨
2025-01-05 10:00,2025-01-05,10,1,겨울,0.9,-2.5,0.0,0.0,90,5.6,41,78,0,0,추움,나쁨
2025-01-05 11:00,2025-01-05,11,1,겨울,1.2,-1.5,0.0,0.0,89,4.3,61,127,0,0,쌀쌀함,나쁨
2025-01-05 12:00,2025-01-05,12,1,겨울,6.3,3.3,0.0,0.0,39,5.0,20,42,0,0,쌀쌀함,보통
2025-01-05 13:00,2025-01-05,13,1,겨울,2.0,1.2,0.0,0.0,44,1.0,57,99,0,0,쌀쌀함,나쁨
2025-01-05 14:00,2025-01-05,14,1,겨울,0.5,-1.9,0.0,0.0,50,3.9,63,103,0,0,추움,나쁨
2025-01-05 15:00,2025-01-05,15,1,겨울,-3.5,-8.2,0.0,0.0,81,6.3,35,56,0,0,추움,보통
2025-01-05 16:00,2025-01-05,16,1,겨울,-2.5,-7.8,0.0,0.0,86,7.2,67,146,0,0,추움,나쁨
2025-01-05 17:00,2025-01-05,17,1,겨울,1.4,-2.7,0.0,0.0,83,6.2,56,103,0,0,쌀쌀함,나쁨
2025-01-05 18:00,2025-01-05,18,1,겨울,-5.2,-8.3,0.0,0.0,31,4.6,61,121,0,0,추움,나쁨
2025-01-05 19:00,2025-01-05,19,1,겨울,0.2,-4.7,0.0,0.0,88,7.1,43,83,0,0,추움,나쁨
2025-01-05 20:00,2025-01-05,20,1,겨울,-4.8,-7.7,0.0,0.0,77,5.5,29,60,0,0,추움,보통
2025-01-05 21:00,2025-01-05,21,1,겨울,-7.2,-9.7,0.0,0.0,45,3.9,39,78,0,0,추움,나쁨
2025-01-05 22:00,2025-01-05,22,1,겨울,-11.9,-17.4,0.0,0.0,74,7.4,11,16,0,0,추움,좋음
2025-01-05 23:00,2025-01-05,23,1,겨울,-10.1,-15.9,0.0,0.0,62,7.4,32,51,0,0,추움,보통
2025-01-06 00:00,2025-01-06,0,1,겨울,-2.6,-4.8,0.0,3.9,59,2.7,54,82,0,1,추움,나쁨
2025-01-06 01:00,2025-01-06,1,1,겨울,-6.7,-11.5,0.0,3.0,71,5.5,32,68,0,1,추움,보통
2025-01-06 02:00,2025-01-06,2,1,겨울,-0.7,-3.4,0.0,0.0,87,1.7,50,97,0,0,추움,나쁨
2025-01-06 03:00,2025-01-06,3,1,겨울,-3.5,-7.5,0.0,0.0,32,5.3,75,164,0,0,추움,나쁨
2025-01-06 04:00,2025-01-06,4,1,겨울,-2.5,-7.4,0.0,0.0,86,6.6,36,62,0,0,추움,나쁨
2025-01-06 05:00,2025-01-06,5,1,겨울,-4.7,-8.4,0.0,0.0,47,5.3,49,86,0,0,추움,나쁨
2025-01-06 06:00,2025-01-06,6,1,겨울,1.0,-1.3,0.0,0.0,60,2.4,21,43,0,0,쌀쌀함,보통
2025-01-06 07:00,2025-01-06,7,1,겨울,-3.7,-6.2,0.0,3.3,56,2.7,59,111,0,1,추움,나쁨
2025-01-06 08:00,2025-01-06,8,1,겨울,-1.2,-7.4,0.0,0.5,68,7.6,59,105,0,1,추움,나쁨
2025-01-06 09:00,2025-01-06,9,1,겨울,2.4,-0.8,0.0,0.0,44,3.7,35,74,0,0,쌀쌀함,보통
2025-01-06 10:00,2025-01-06,10,1,겨울,-2.3,-5.5,0.0,0.0,69,4.3,30,62,0,0,추움,보통
2025-01-06 11:00,2025-01-06,11,1,겨울,2.6,0.2,0.0,0.0,87,2.8,38,69,0,0,쌀쌀함,나쁨
2025-01-06 12:00,2025-01-06,12,1,겨울,2.3,2.1,0.0,0.0,62,1.8,26,44,0,0,쌀쌀함,보통
2025-01-06 13:00,2025-01-06,13,1,겨울,-4.4,-7.7,0.0,0.0,65,4.9,53,88,0,0,추움,나쁨
2025-01-06 14:00,2025-01-06,14,1,겨울,0.7,-3.1,0.0,0.0,38,5.4,60,90,0,0,추움,나쁨
2025-01-06 15:00,2025-01-06,15,1,겨울,2.3,-0.5,0.0,0.0,40,4.8,46,86,0,0,쌀쌀함,나쁨
2025-01-06 16:00,2025-01-06,16,1,겨울,-0.9,-2.1,0.0,0.0,59,2.0,17,33,0,0,추움,보통
2025-01-06 17:00,2025-01-06,17,1,겨울,-3.7,-7.4,0.0,0.0,45,5.3,68,127,0,0,추움,나쁨
2025-01-06 18:00,2025-01-06,18,1,겨울,0.1,-5.0,0.0,0.0,51,7.2,52,111,0,0,추움,나쁨
2025-01-06 19:00,2025-01-06,19,1,겨울,0.1,-1.6,0.0,0.0,70,2.5,48,99,0,0,추움,나쁨
2025-01-06 20:00,2025-01-06,20,1,겨울,-0.7,-2.1,0.0,0.0,45,2.2,20,35,0,0,추움,보통
2025-01-06 21:00,2025-01-06,21,1,겨울,-6.1,-10.3,0.0,0.0,83,6.2,43,69,0,0,추움,나쁨
2025-01-06 22:00,2025-01-06,22,1,겨울,-1.9,-6.2,0.0,0.0,34,6.4,45,95,0,0,추움,나쁨
2025-01-06 23:00,2025-01-06,23,1,겨울,-6.5,-10.0,0.0,0.0,41,5.2,46,82,0,0,추움,나쁨
2025-01-07 00:00,2025-01-07,0,1,겨울,-12.2,-13.0,0.0,0.0,63,1.2,53,87,0,0,추움,나쁨
2025-01-07 01:00,2025-01-07,1,1,겨울,-11.3,-13.9,0.0,0.0,81,3.4,32,52,0,0,추움,보통
2025-01-07 02:00,2025-01-07,2,1,겨울,-6.8,-12.5,0.0,0.0,65,7.3,37,64,0,0,추움,나쁨
2025-01-07 03:00,2025-01-07,3,1,겨울,-8.7,-14.3,2.4,0.0,58,7.9,33,53,1,0,추움,보통
2025-01-07 04:00,2025-01-07,4,1,겨울,-5.7,-6.6,0.0,0.0,68,1.1,41,68,0,0,추움,나쁨
2025-01-07 05:00,2025-01-07,5,1,겨울,-1.1,-4.8,0.0,0.0,88,5.1,17,35,0,0,추움,보통
2025-01-07 06:00,2025-01-07,6,1,겨울,-1.4,-3.2,0.0,0.0,65,2.6,59,90,0,0,추움,나쁨
2025-01-07 07:00,2025-01-07,7,1,겨울,1.0,-3.5,0.0,0.0,78,6.2,52,86,0,0,쌀쌀함,나쁨
2025-01-07 08:00,2025-01-07,8,1,겨울,-4.3,-7.8,0.0,0.0,41,5.3,56,85,0,0,추움,나쁨
2025-01-07 09:00,2025-01-07,9,1,겨울,-3.4,-4.0,0.0,0.0,32,1.6,42,64,0,0,추움,나쁨
2025-01-07 10:00,2025-01-07,10,1,겨울,-1.8,-4.4,0.0,0.0,52,3.2,49,85,0,0,추움,나쁨
2025-01-07 11:00,2025-01-07,11,1,겨울,6.2,5.6,0.0,0.0,56,0.9,37,60,0,0,쌀쌀함,나쁨
2025-01-07 12:00,2025-01-07,12,1,겨울,4.3,-0.5,0.0,0.0,78,6.0,68,125,0,0,쌀쌀함,나쁨
2025-01-07 13:00,2025-01-07,13,1,겨울,-1.4,-6.0,0.0,0.0,82,6.5,26,51,0,0,추움,보통
2025-01-07 14:00,2025-01-07,14,1,겨울,-3.8,-6.6,0.0,0.0,50,2.9,24,46,0,0,추움,보통
2025-01-07 15:00,2025-01-07,15,1,겨울,2.8,1.4,0.0,0.0,31,1.9,42,90,0,0,쌀쌀함,나쁨
2025-01-07 16:00,2025-01-07,16,1,겨울,2.0,-2.7,0.0,0.0,59,7.4,47,103,0,0,쌀쌀함,나쁨
2025-01-07 17:00,2025-01-07,17,1,겨울,-0.6,-2.9,0.0,0.0,65,4.0,80,143,0,0,추움,매우나쁨
2025-01-07 18:00,2025-01-07,18,1,겨울,-5.4,-8.9,0.0,0.0,39,4.8,60,106,0,0,추움,나쁨
2025-01-07 19:00,2025-01-07,19,1,겨울,-7.7,-11.8,0.0,0.0,40,6.0,53,86,0,0,추움,나쁨
2025-01-07 20:00,2025-01-07,20,1,겨울,-5.2,-7.6,0.0,0.0,79,2.5,31,56,0,0,추움,보통
2025-01-07 21:00,2025-01-07,21,1,겨울,-5.0,-8.6,0.0,1.7,57,4.1,30,61,0,1,추움,보통
2025-01-07 22:00,2025-01-07,22,1,겨울,-9.9,-15.1,0.0,0.0,53,8.0,30,51,0,0,추움,보통
2025-01-07 23:00,2025-01-07,23,1,겨울,-9.4,-10.0,0.0,0.0,38,0.9,56,112,0,0,추움,나쁨
2025-01-08 00:00,2025-01-08,0,1,겨울,-14.4,-17.7,0.0,0.0,62,4.2,58,93,0,0,추움,나쁨
2025-01-08 01:00,2025-01-08,1,1,겨울,-2.0,-5.3,0.0,0.0,40,3.3,58,122,0,0,추움,나쁨
2025-01-08 02:00,2025-01-08,2,1,겨울,-6.9,-8.5,0.0,0.0,63,2.7,30,59,0,0,추움,보통
2025-01-08 03:00,2025-01-08,3,1,겨울,-4.6,-5.0,0.0,0.0,63,1.2,23,50,0,0,추움,보통
2025-01-08 04:00,2025-01-08,4,1,겨울,-7.7,-8.2,0.0,0.0,54,1.2,46,91,0,0,추움,나쁨
2025-01-08 05:00,2025-01-08,5,1,겨울,0.8,-0.0,0.0,0.0,74,1.6,51,101,0,0,추움,나쁨
2025-01-08 06:00,2025-01-08,6,1,겨울,-6.2,-7.8,0.0,0.0,86,1.3,48,76,0,0,추움,나쁨
2025-01-08 07:00,2025-01-08,7,1,겨울,2.7,-1.9,0.0,0.0,49,6.7,56,97,0,0,쌀쌀함,나쁨
2025-01-08 08:00,2025-01-08,8,1,겨울,-2.3,-5.7,0.0,0.0,61,5.1,57,99,0,0,추움,나쁨
2025-01-08 09:00,2025-01-08,9,1,겨울,0.1,-1.9,0.0,0.0,59,1.8,63,96,0,0,추움,나쁨
2025-01-08 10:00,2025-01-08,10,1,겨울,5.3,2.9,0.0,0.0,42,2.2,56,122,0,0,쌀쌀함,나쁨
2025-01-08 11:00,2025-01-08,11,1,겨울,0.6,-2.2,0.0,2.8,34,4.0,20,34,0,1,추움,보통
2025-01-08 12:00,2025-01-08,12,1,겨울,4.6,1.2,0.0,0.0,68,5.5,34,57,0,0,쌀쌀함,보통
2025-01-08 13:00,2025-01-08,13,1,겨울,-2.4,-4.3,0.0,0.0,40,3.8,41,73,0,0,추움,나쁨
2025-01-08 14:00,2025-01-08,14,1,겨울,2.8,0.6,0.0,0.0,87,3.3,72,133,0,0,쌀쌀함,나쁨
2025-01-08 15:00,2025-01-08,15,1,겨울,-0.2,-1.9,0.0,0.0,46,2.7,34,56,0,0,추움,보통
2025-01-08 16:00,2025-01-08,16,1,겨울,2.9,-0.4,0.0,0.0,67,6.0,40,68,0,0,쌀쌀함,나쁨
2025-01-08 17:00,2025-01-08,17,1,겨울,-0.3,-0.7,0.0,0.0,68,1.8,41,64,0,0,추움,나쁨
2025-01-08 18:00,2025-01-08,18,1,겨울,3.1,1.2,0.0,0.0,55,2.6,55,97,0,0,쌀쌀함,나쁨
2025-01-08 19:00,2025-01-08,19,1,겨울,-3.8,-7.4,0.0,0.0,52,5.7,40,71,0,0,추움,나쁨
2025-01-08 20:00,2025-01-08,20,1,겨울,-7.4,-8.0,0.5,0.0,57,1.4,49,87,1,0,추움,나쁨
2025-01-08 21:00,2025-01-08,21,1,겨울,-1.4,-6.1,0.0,0.0,57,6.1,24,37,0,0,추움,보통
2025-01-08 22:00,2025-01-08,22,1,겨울,-6.5,-8.3,0.0,0.0,31,3.5,46,99,0,0,추움,나쁨
2025-01-08 23:00,2025-01-08,23,1,겨울,-9.3,-10.9,0.0,0.0,58,2.2,62,110,0,0,추움,나쁨
2025-01-09 00:00,2025-01-09,0,1,겨울,-6.3,-9.2,0.0,0.0,59,5.4,53,99,0,0,추움,나쁨
2025-01-09 01:00,2025-01-09,1,1,겨울,-7.4,-9.6,0.0,0.0,45,3.2,41,84,0,0,추움,나쁨
2025-01-09 02:00,2025-01-09,2,1,겨울,-9.5,-14.3,0.0,3.4,61,7.4,57,99,0,1,추움,나쁨
2025-01-09 03:00,2025-01-09,3,1,겨울,-2.3,-2.2,0.0,0.0,80,0.5,57,97,0,0,추움,나쁨
2025-01-09 04:00,2025-01-09,4,1,겨울,-8.4,-9.9,0.0,0.0,85,2.1,51,89,0,0,추움,나쁨
2025-01-09 05:00,2025-01-09,5,1,겨울,-0.1,-1.2,0.0,0.0,87,1.4,55,102,0,0,추움,나쁨
2025-01-09 06:00,2025-01-09,6,1,겨울,-4.6,-6.2,0.0,0.0,44,2.0,60,95,0,0,추움,나쁨
2025-01-09 07:00,2025-01-09,7,1,겨울,2.0,-3.4,0.0,0.0,44,6.6,34,73,0,0,쌀쌀함,보통
2025-01-09 08:00,2025-01-09,8,1,겨울,-1.1,-4.8,0.0,0.0,32,5.2,35,62,0,0,추움,보통
2025-01-09 09:00,2025-01-09,9,1,겨울,2.9,0.8,0.0,0.0,36,2.8,54,81,0,0,쌀쌀함,나쁨
2025-01-09 10:00,2025-01-09,10,1,겨울,6.5,4.5,0.0,0.0,33,2.0,70,128,0,0,쌀쌀함,나쁨
2025-01-09 11:00,2025-01-09,11,1,겨울,3.2,-0.2,0.0,0.0,47,4.5,43,69,0,0,쌀쌀함,나쁨
2025-01-09 12:00,2025-01-09,12,1,겨울,-3.3,-5.4,0.0,0.0,47,3.3,29,61,0,0,추움,보통
2025-01-09 13:00,2025-01-09,13,1,겨울,4.1,0.5,0.0,0.0,44,4.8,63,125,0,0,쌀쌀함,나쁨
2025-01-09 14:00,2025-01-09,14,1,겨울,-1.9,-2.9,0.0,0.0,76,1.4,40,67,0,0,추움,나쁨
2025-01-09 15:00,2025-01-09,15,1,겨울,-3.3,-9.5,0.0,0.0,47,7.3,38,81,0,0,추움,나쁨
2025-01-09 16:00,2025-01-09,16,1,겨울,-3.9,-4.9,0.0,0.0,82,1.3,9,15,0,0,추움,좋음
2025-01-09 17:00,2025-01-09,17,1,겨울,1.9,0.1,0.0,0.0,37,1.2,42,74,0,0,쌀쌀함,나쁨
2025-01-09 18:00,2025-01-09,18,1,겨울,-7.9,-10.9,0.0,0.0,55,5.1,53,83,0,0,추움,나쁨
2025-01-09 19:00,2025-01-09,19,1,겨울,-9.9,-10.7,0.0,0.0,37,1.1,29,49,0,0,추움,보통
2025-01-09 20:00,2025-01-09,20,1,겨울,-6.0,-11.1,0.0,0.0,77,7.0,58,94,0,0,추움,나쁨
2025-01-09 21:00,2025-01-09,21,1,겨울,-10.1,-12.6,0.0,0.0,61,2.8,29,58,0,0,추움,보통
2025-01-09 22:00,2025-01-09,22,1,겨울,-9.7,-12.6,0.0,0.0,37,4.0,35,60,0,0,추움,보통
2025-01-09 23:00,2025-01-09,23,1,겨울,-3.8,-9.6,0.0,0.0,60,8.0,30,63,0,0,추움,보통
2025-01-10 00:00,2025-01-10,0,1,겨울,-5.9,-7.5,0.0,0.0,70,1.6,30,47,0,0,추움,보통
2025-01-10 01:00,2025-01-10,1,1,겨울,-11.0,-13.2,0.0,0.0,39,1.7,21,38,0,0,추움,보통
2025-01-10 02:00,2025-01-10,2,1,겨울,-5.6,-9.5,0.0,0.0,69,5.2,39,77,0,0,추움,나쁨
2025-01-10 03:00,2025-01-10,3,1,겨울,-3.6,-6.4,0.0,0.0,73,4.4,38,68,0,0,추움,나쁨
2025-01-10 04:00,2025-01-10,4,1,겨울,-9.1,-13.5,0.0,0.0,85,7.3,39,74,0,0,추움,나쁨
2025-01-10 05:00,2025-01-10,5,1,겨울,-3.1,-6.8,0.0,4.9,84,4.5,47,101,0,1,추움,나쁨
2025-01-10 06:00,2025-01-10,6,1,겨울,0.7,-3.8,0.0,0.0,57,6.3,18,35,0,0,추움,보통
2025-01-10 07:00,2025-01-10,7,1,겨울,0.1,-2.7,0.0,0.0,38,4.9,51,82,0,0,추움,나쁨
2025-01-10 08:00,2025-01-10,8,1,겨울,0.7,-0.5,0.0,0.0,57,1.9,52,101,0,0,추움,나쁨
2025-01-10 09:00,2025-01-10,9,1,겨울,-2.3,-5.1,0.0,0.0,69,3.1,41,74,0,0,추움,나쁨
2025-01-10 10:00,2025-01-10,10,1,겨울,5.9,2.1,0.0,0.0,34,5.1,52,97,0,0,쌀쌀함,나쁨
2025-01-10 11:00,2025-01-10,11,1,겨울,4.0,2.9,0.0,0.0,85,0.9,42,82,0,0,쌀쌀함,나쁨
2025-01-10 12:00,2025-01-10,12,1,겨울,5.0,-0.2,0.0,0.0,71,7.3,71,119,0,0,쌀쌀함,나쁨
2025-01-10 13:00,2025-01-10,13,1,겨울,0.6,-0.2,0.0,0.0,45,3.1,60,104,0,0,추움,나쁨
2025-01-10 14:00,2025-01-10,14,1,겨울,5.1,-0.5,0.0,0.0,64,7.1,56,116,0,0,쌀쌀함,나쁨
2025-01-10 15:00,2025-01-10,15,1,겨울,0.6,-4.6,0.0,0.0,46,7.2,23,38,0,0,추움,보통
2025-01-10 16:00,2025-01-10,16,1,겨울,1.9,-0.2,0.0,0.0,80,2.9,44,91,0,0,쌀쌀함,나쁨
2025-01-10 17:00,2025-01-10,17,1,겨울,-6.7,-7.4,0.0,0.0,32,0.8,54,92,0,0,추움,나쁨
2025-01-10 18:00,2025-01-10,18,1,겨울,-3.3,-5.8,0.0,0.0,31,2.7,58,98,0,0,추움,나쁨
2025-01-10 19:00,2025-01-10,19,1,겨울,-5.6,-8.5,0.0,0.0,48,3.6,43,68,0,0,추움,나쁨
2025-01-10 20:00,2025-01-10,20,1,겨울,-4.6,-4.7,0.0,0.0,30,0.7,74,133,0,0,추움,나쁨
2025-01-10 21:00,2025-01-10,21,1,겨울,-10.9,-14.8,0.0,0.0,73,4.7,51,105,0,0,추움,나쁨
2025-01-10 22:00,2025-01-10,22,1,겨울,-9.6,-10.7,0.0,4.6,66,2.1,35,63,0,1,추움,보통
2025-01-10 23:00,2025-01-10,23,1,겨울,-3.0,-7.9,0.0,0.0,37,7.9,34,54,0,0,추움,보통
2025-01-11 00:00,2025-01-11,0,1,겨울,-6.5,-9.6,0.0,0.0,72,5.1,52,78,0,0,추움,나쁨
2025-01-11 01:00,2025-01-11,1,1,겨울,-7.1,-9.1,0.0,3.7,71,3.7,57,100,0,1,추움,나쁨
2025-01-11 02:00,2025-01-11,2,1,겨울,-7.0,-8.2,0.0,0.0,58,2.5,53,85,0,0,추움,나쁨
2025-01-11 03:00,2025-01-11,3,1,겨울,-9.5,-13.4,0.0,0.0,83,5.9,42,63,0,0,추움,나쁨
2025-01-11 04:00,2025-01-11,4,1,겨울,-8.1,-10.5,0.0,0.0,80,2.8,61,123,0,0,추움,나쁨
2025-01-11 05:00,2025-01-11,5,1,겨울,-5.8,-7.0,0.0,0.0,66,2.1,23,47,0,0,추움,보통
2025-01-11 06:00,2025-01-11,6,1,겨울,-1.9,-6.8,0.0,1.6,71,6.7,36,66,0,1,추움,나쁨
2025-01-11 07:00,2025-01-11,7,1,겨울,-4.6,-9.2,0.0,0.0,46,6.8,47,95,0,0,추움,나쁨
2025-01-11 08:00,2025-01-11,8,1,겨울,0.0,-4.6,0.0,0.0,60,6.9,57,92,0,0,추움,나쁨
2025-01-11 09:00,2025-01-11,9,1,겨울,-0.6,-5.2,0.0,0.0,38,6.2,52,113,0,0,추움,나쁨
2025-01-11 10:00,2025-01-11,10,1,겨울,-3.7,-4.4,0.0,0.0,38,2.1,29,51,0,0,추움,보통
2025-01-11 11:00,2025-01-11,11,1,겨울,6.4,1.8,0.0,0.0,49,5.4,61,101,0,0,쌀쌀함,나쁨
2025-01-11 12:00,2025-01-11,12,1,겨울,2.8,0.9,0.0,0.0,33,2.0,67,131,0,0,쌀쌀함,나쁨
2025-01-11 13:00,2025-01-11,13,1,겨울,4.4,1.3,0.0,0.0,61,5.3,71,126,0,0,쌀쌀함,나쁨
2025-01-11 14:00,2025-01-11,14,1,겨울,5.9,4.3,0.0,0.0,61,1.8,50,98,0,0,쌀쌀함,나쁨
2025-01-11 15:00,2025-01-11,15,1,겨울,-3.7,-8.8,0.0,0.0,55,7.1,77,162,0,0,추움,매우나쁨
2025-01-11 16:00,2025-01-11,16,1,겨울,-4.8,-6.3,0.0,0.0,80,2.5,54,100,0,0,추움,나쁨
2025-01-11 17:00,2025-01-11,17,1,겨울,0.6,-3.3,0.0,0.0,88,6.1,50,92,0,0,추움,나쁨
2025-01-11 18:00,2025-01-11,18,1,겨울,-1.5,-5.0,0.0,0.0,90,5.7,46,72,0,0,추움,나쁨
2025-01-11 19:00,2025-01-11,19,1,겨울,-2.4,-2.9,0.0,0.0,77,1.7,34,70,0,0,추움,보통
2025-01-11 20:00,2025-01-11,20,1,겨울,-9.3,-12.8,0.0,0.0,37,5.4,40,76,0,0,추움,나쁨
2025-01-11 21:00,2025-01-11,21,1,겨울,-1.5,-2.4,0.0,0.0,76,1.4,46,83,0,0,추움,나쁨
2025-01-11 22:00,2025-01-11,22,1,겨울,-11.7,-13.5,0.0,0.0,33,3.2,39,81,0,0,추움,나쁨
2025-01-11 23:00,2025-01-11,23,1,겨울,-10.2,-14.2,0.0,0.0,65,6.9,45,87,0,0,추움,나쁨
2025-01-12 00:00,2025-01-12,0,1,겨울,-3.9,-4.9,0.0,0.0,84,0.8,12,20,0,0,추움,좋음
2025-01-12 01:00,2025-01-12,1,1,겨울,-13.5,-19.3,0.0,0.0,70,8.0,60,122,0,0,추움,나쁨
2025-01-12 02:00,2025-01-12,2,1,겨울,-3.3,-8.0,0.0,0.0,50,6.7,19,33,0,0,추움,보통
2025-01-12 03:00,2025-01-12,3,1,겨울,-7.8,-12.0,0.0,0.0,55,5.2,47,89,0,0,추움,나쁨
2025-01-12 04:00,2025-01-12,4,1,겨울,-2.5,-7.2,0.0,0.0,66,7.3,46,85,0,0,추움,나쁨
2025-01-12 05:00,2025-01-12,5,1,겨울,0.3,-3.3,0.0,0.0,83,5.7,43,69,0,0,추움,나쁨
2025-01-12 06:00,2025-01-12,6,1,겨울,-2.2,-6.5,0.0,0.0,36,6.0,35,64,0,0,추움,보통
2025-01-12 07:00,2025-01-12,7,1,겨울,0.2,-1.4,0.0,0.0,56,2.0,57,117,0,0,추움,나쁨
2025-01-12 08:00,2025-01-12,8,1,겨울,-2.1,-4.5,0.0,0.0,57,5.2,53,89,0,0,추움,나쁨
2025-01-12 09:00,2025-01-12,9,1,겨울,1.3,-2.7,0.0,0.0,41,5.0,56,93,0,0,쌀쌀함,나쁨
2025-01-12 10:00,2025-01-12,10,1,겨울,5.6,1.8,0.0,0.0,63,5.7,35,65,0,0,쌀쌀함,보통
2025-01-12 11:00,2025-01-12,11,1,겨울,5.2,1.5,0.0,0.0,85,6.2,61,99,0,0,쌀쌀함,나쁨
2025-01-12 12:00,2025-01-12,12,1,겨울,-1.7,-3.1,0.0,0.0,63,1.8,29,61,0,0,추움,보통
2025-01-12 13:00,2025-01-12,13,1,겨울,3.0,2.2,0.0,0.0,80,0.7,49,86,0,0,쌀쌀함,나쁨
2025-01-12 14:00,2025-01-12,14,1,겨울,-0.5,-4.1,0.0,0.0,71,5.8,27,49,0,0,추움,보통
2025-01-12 15:00,2025-01-12,15,1,겨울,-3.4,-4.2,0.0,0.0,69,0.9,56,97,0,0,추움,나쁨
2025-01-12 16:00,2025-01-12,16,1,겨울,0.4,-5.8,0.0,0.0,52,8.0,30,61,0,0,추움,보통
2025-01-12 17:00,2025-01-12,17,1,겨울,-3.5,-5.7,0.0,0.0,45,3.7,61,107,0,0,추움,나쁨
2025-01-12 18:00,2025-01-12,18,1,겨울,-4.5,-7.8,0.0,0.0,80,4.7,18,31,0,0,추움,보통
2025-01-12 19:00,2025-01-12,19,1,겨울,-5.7,-6.2,0.0,0.0,79,0.5,25,47,0,0,추움,보통
2025-01-12 20:00,2025-01-12,20,1,겨울,-3.8,-4.6,0.0,0.0,57,1.4,41,65,0,0,추움,나쁨
2025-01-12 21:00,2025-01-12,21,1,겨울,-3.8,-4.5,0.0,0.0,58,0.5,46,78,0,0,추움,나쁨
2025-01-12 22:00,2025-01-12,22,1,겨울,-5.8,-9.4,0.0,0.0,88,5.4,65,98,0,0,추움,나쁨
2025-01-12 23:00,2025-01-12,23,1,겨울,-12.0,-13.7,0.0,0.0,51,2.6,46,97,0,0,추움,나쁨
2025-01-13 00:00,2025-01-13,0,1,겨울,-3.8,-9.3,0.0,0.0,42,7.3,54,97,0,0,추움,나쁨
2025-01-13 01:00,2025-01-13,1,1,겨울,-8.7,-10.2,0.0,0.0,72,1.3,29,62,0,0,추움,보통
2025-01-13 02:00,2025-01-13,2,1,겨울,-6.9,-10.5,0.0,0.0,72,5.4,39,76,0,0,추움,나쁨
2025-01-13 03:00,2025-01-13,3,1,겨울,-5.4,-8.9,0.0,0.0,89,5.1,31,53,0,0,추움,보통
2025-01-13 04:00,2025-01-13,4,1,겨울,-5.2,-8.0,0.0,0.0,72,4.7,41,77,0,0,추움,나쁨
2025-01-13 05:00,2025-01-13,5,1,겨울,-9.2,-13.1,0.0,2.1,84,5.1,45,76,0,1,추움,나쁨
2025-01-13 06:00,2025-01-13,6,1,겨울,-3.1,-3.4,0.0,0.0,57,0.8,34,60,0,0,추움,보통
2025-01-13 07:00,2025-01-13,7,1,겨울,-1.3,-1.3,0.0,0.0,41,0.6,51,102,0,0,추움,나쁨
2025-01-13 08:00,2025-01-13,8,1,겨울,-0.7,-6.0,0.0,0.0,65,7.5,54,110,0,0,추움,나쁨
2025-01-13 09:00,2025-01-13,9,1,겨울,-3.3,-4.5,0.0,0.0,63,1.6,15,25,0,0,추움,좋음
2025-01-13 10:00,2025-01-13,10,1,겨울,-1.8,-3.6,0.0,0.0,37,2.4,25,47,0,0,추움,보통
2025-01-13 11:00,2025-01-13,11,1,겨울,2.7,-0.4,0.0,0.0,73,4.5,32,64,0,0,쌀쌀함,보통
2025-01-13 12:00,2025-01-13,12,1,겨울,-0.1,-4.1,0.0,2.2,41,5.7,35,66,0,1,추움,보통
2025-01-13 13:00,2025-01-13,13,1,겨울,4.1,2.5,0.0,0.0,87,1.1,44,79,0,0,쌀쌀함,나쁨
2025-01-13 14:00,2025-01-13,14,1,겨울,0.1,-3.5,0.0,0.0,32,4.9,46,72,0,0,추움,나쁨
2025-01-13 15:00,2025-01-13,15,1,겨울,1.5,-3.1,0.0,0.0,76,5.3,27,53,0,0,쌀쌀함,보통
2025-01-13 16:00,2025-01-13,16,1,겨울,2.0,2.0,0.0,0.0,50,0.7,39,59,0,0,쌀쌀함,나쁨
2025-01-13 17:00,2025-01-13,17,1,겨울,2.7,0.2,0.0,0.0,65,5.3,33,53,0,0,쌀쌀함,보통
2025-01-13 18:00,2025-01-13,18,1,겨울,-6.9,-10.9,0.0,0.0,53,6.1,60,111,0,0,추움,나쁨
2025-01-13 19:00,2025-01-13,19,1,겨울,-6.9,-7.4,0.0,0.0,90,1.2,40,71,0,0,추움,나쁨
2025-01-13 20:00,2025-01-13,20,1,겨울,-4.0,-8.6,0.0,0.0,34,6.7,33,60,0,0,추움,보통
2025-01-13 21:00,2025-01-13,21,1,겨울,-5.3,-9.0,0.0,0.0,38,4.9,54,94,0,0,추움,나쁨
2025-01-13 22:00,2025-01-13,22,1,겨울,-5.5,-8.2,0.0,0.0,62,4.3,35,74,0,0,추움,보통
2025-01-13 23:00,2025-01-13,23,1,겨울,-9.1,-12.5,0.0,0.0,42,5.1,18,31,0,0,추움,보통
2025-01-14 00:00,2025-01-14,0,1,겨울,-12.5,-14.5,0.0,0.0,41,4.0,38,63,0,0,추움,나쁨
2025-01-14 01:00,2025-01-14,1,1,겨울,-5.9,-9.8,0.0,0.0,80,5.9,33,63,0,0,추움,보통
2025-01-14 02:00,2025-01-14,2,1,겨울,-6.0,-12.0,0.0,0.0,78,7.9,25,48,0,0,추움,보통
2025-01-14 03:00,2025-01-14,3,1,겨울,-4.4,-8.8,0.0,0.0,78,7.4,47,86,0,0,추움,나쁨
2025-01-14 04:00,2025-01-14,4,1,겨울,-8.1,-12.2,0.0,0.0,90,6.0,46,89,0,0,추움,나쁨
2025-01-14 05:00,2025-01-14,5,1,겨울,-1.5,-2.2,0.0,0.0,87,0.5,47,93,0,0,추움,나쁨
2025-01-14 06:00,2025-01-14,6,1,겨울,-4.9,-6.3,0.0,0.0,53,0.9,78,163,0,0,추움,매우나쁨
2025-01-14 07:00,2025-01-14,7,1,겨울,0.3,-4.5,0.0,2.8,41,6.5,37,74,0,1,추움,나쁨
2025-01-14 08:00,2025-01-14,8,1,겨울,-5.5,-7.9,0.0,0.0,47,3.8,8,16,0,0,추움,좋음
2025-01-14 09:00,2025-01-14,9,1,겨울,-3.5,-4.3,0.0,0.0,43,0.5,35,64,0,0,추움,보통
2025-01-14 10:00,2025-01-14,10,1,겨울,2.7,1.8,0.0,0.0,75,2.2,36,63,0,0,쌀쌀함,나쁨
2025-01-14 11:00,2025-01-14,11,1,겨울,1.5,-3.4,0.0,0.0,33,7.2,50,108,0,0,쌀쌀함,나쁨
2025-01-14 12:00,2025-01-14,12,1,겨울,-1.9,-7.4,0.0,0.0,66,7.4,58,88,0,0,추움,나쁨
2025-01-14 13:00,2025-01-14,13,1,겨울,2.1,1.0,0.0,0.0,88,1.7,47,94,0,0,쌀쌀함,나쁨
2025-01-14 14:00,2025-01-14,14,1,겨울,4.0,-1.4,0.0,0.0,68,6.7,13,24,0,0,쌀쌀함,좋음
2025-01-14 15:00,2025-01-14,15,1,겨울,5.8,3.5,0.0,0.0,41,2.2,38,80,0,0,쌀쌀함,나쁨
2025-01-14 16:00,2025-01-14,16,1,겨울,3.5,2.5,0.0,0.0,89,2.5,40,62,0,0,쌀쌀함,나쁨
2025-01-14 17:00,2025-01-14,17,1,겨울,1.1,-1.0,0.0,0.0,48,2.4,23,46,0,0,쌀쌀함,보통
2025-01-14 18:00,2025-01-14,18,1,겨울,-1.7,-7.4,0.0,0.0,59,7.7,55,117,0,0,추움,나쁨
2025-01-14 19:00,2025-01-14,19,1,겨울,-7.5,-11.3,0.0,0.0,50,4.5,37,56,0,0,추움,나쁨
2025-01-14 20:00,2025-01-14,20,1,겨울,-4.7,-8.8,0.0,0.0,59,5.9,30,58,0,0,추움,보통
2025-01-14 21:00,2025-01-14,21,1,겨울,-6.5,-8.6,0.0,0.0,58,4.0,42,69,0,0,추움,나쁨
2025-01-14 22:00,2025-01-14,22,1,겨울,-7.1,-8.8,0.0,0.0,68,2.7,29,44,0,0,추움,보통
2025-01-14 23:00,2025-01-14,23,1,겨울,-13.1,-17.8,0.0,3.4,55,6.9,45,84,0,1,추움,나쁨
2025-01-15 00:00,2025-01-15,0,1,겨울,-6.3,-11.0,0.0,0.0,67,6.7,55,92,0,0,추움,나쁨
2025-01-15 01:00,2025-01-15,1,1,겨울,-4.9,-10.1,0.0,0.0,41,6.9,40,77,0,0,추움,나쁨
2025-01-15 02:00,2025-01-15,2,1,겨울,-10.7,-15.1,0.0,0.0,42,6.0,28,51,0,0,추움,보통
2025-01-15 03:00,2025-01-15,3,1,겨울,-8.5,-8.6,0.0,0.0,38,0.6,24,42,0,0,추움,보통
2025-01-15 04:00,2025-01-15,4,1,겨울,-6.3,-11.1,0.0,0.0,59,6.0,47,81,0,0,추움,나쁨
2025-01-15 05:00,2025-01-15,5,1,겨울,0.4,-1.3,0.0,0.0,49,1.0,32,51,0,0,추움,보통
2025-01-15 06:00,2025-01-15,6,1,겨울,-1.5,-2.0,0.0,0.0,75,1.4,39,70,0,0,추움,나쁨
2025-01-15 07:00,2025-01-15,7,1,겨울,-0.3,-4.3,0.0,0.0,51,4.9,32,70,0,0,추움,보통
2025-01-15 08:00,2025-01-15,8,1,겨울,5.0,3.2,0.0,0.0,85,2.5,37,72,0,0,쌀쌀함,나쁨
2025-01-15 09:00,2025-01-15,9,1,겨울,-1.1,-1.8,0.0,4.7,33,2.1,60,126,0,1,추움,나쁨
2025-01-15 10:00,2025-01-15,10,1,겨울,1.5,-1.2,0.0,0.0,77,2.6,33,65,0,0,쌀쌀함,보통
2025-01-15 11:00,2025-01-15,11,1,겨울,-1.9,-4.5,0.0,0.0,50,2.6,43,76,0,0,추움,나쁨
2025-01-15 12:00,2025-01-15,12,1,겨울,2.1,-1.3,0.0,0.0,79,4.4,28,44,0,0,쌀쌀함,보통
2025-01-15 13:00,2025-01-15,13,1,겨울,4.7,0.9,0.0,0.0,52,6.0,36,65,0,0,쌀쌀함,나쁨
2025-01-15 14:00,2025-01-15,14,1,겨울,0.5,-3.3,0.0,0.0,73,5.8,38,77,0,0,추움,나쁨
2025-01-15 15:00,2025-01-15,15,1,겨울,-4.1,-6.0,0.0,0.0,69,2.6,38,74,0,0,추움,나쁨
2025-01-15 16:00,2025-01-15,16,1,겨울,-5.7,-8.6,0.0,0.0,78,3.2,42,70,0,0,추움,나쁨
2025-01-15 17:00,2025-01-15,17,1,겨울,-3.8,-4.4,0.0,0.0,75,1.5,28,59,0,0,추움,보통
2025-01-15 18:00,2025-01-15,18,1,겨울,0.1,-2.6,0.0,0.0,52,4.6,40,61,0,0,추움,나쁨
2025-01-15 19:00,2025-01-15,19,1,겨울,-7.0,-11.1,0.0,0.0,67,6.7,66,106,0,0,추움,나쁨
2025-01-15 20:00,2025-01-15,20,1,겨울,-9.8,-11.9,0.0,0.0,78,3.7,31,60,0,0,추움,보통
2025-01-15 21:00,2025-01-15,21,1,겨울,-2.8,-4.6,0.0,0.0,84,2.0,56,84,0,0,추움,나쁨
2025-01-15 22:00,2025-01-15,22,1,겨울,-3.4,-6.7,0.0,0.0,33,5.0,76,149,0,0,추움,매우나쁨
2025-01-15 23:00,2025-01-15,23,1,겨울,-9.5,-12.2,0.0,0.0,32,3.9,41,63,0,0,추움,나쁨
2025-01-16 00:00,2025-01-16,0,1,겨울,-3.6,-8.1,0.0,0.0,51,6.1,65,132,0,0,추움,나쁨
2025-01-16 01:00,2025-01-16,1,1,겨울,-10.0,-11.5,0.0,0.0,90,2.4,25,52,0,0,추움,보통
2025-01-16 02:00,2025-01-16,2,1,겨울,-8.2,-13.4,0.0,0.0,67,7.1,63,106,0,0,추움,나쁨
2025-01-16 03:00,2025-01-16,3,1,겨울,-8.9,-10.9,0.0,0.0,41,4.6,48,89,0,0,추움,나쁨
2025-01-16 04:00,2025-01-16,4,1,겨울,-3.2,-8.7,0.0,0.0,75,6.9,63,135,0,0,추움,나쁨
2025-01-16 05:00,2025-01-16,5,1,겨울,-3.2,-5.3,0.0,0.0,58,3.5,31,58,0,0,추움,보통
2025-01-16 06:00,2025-01-16,6,1,겨울,-3.2,-6.1,0.0,0.0,68,4.4,47,82,0,0,추움,나쁨
2025-01-16 07:00,2025-01-16,7,1,겨울,-2.2,-3.4,0.0,0.0,81,2.2,27,48,0,0,추움,보통
2025-01-16 08:00,2025-01-16,8,1,겨울,1.1,-1.5,0.0,0.0,41,3.2,40,65,0,0,쌀쌀함,나쁨
2025-01-16 09:00,2025-01-16,9,1,겨울,-0.1,-1.7,0.0,0.0,46,1.7,19,32,0,0,추움,보통
2025-01-16 10:00,2025-01-16,10,1,겨울,-2.7,-6.2,0.0,0.0,85,6.3,43,75,0,0,추움,나쁨
2025-01-16 11:00,2025-01-16,11,1,겨울,5.3,1.6,0.0,0.0,84,5.7,32,49,0,0,쌀쌀함,보통
2025-01-16 12:00,2025-01-16,12,1,겨울,-2.1,-4.1,0.0,0.0,53,3.2,34,68,0,0,추움,보통
2025-01-16 13:00,2025-01-16,13,1,겨울,-0.6,-2.9,0.0,0.0,53,3.5,57,115,0,0,추움,나쁨
2025-01-16 14:00,2025-01-16,14,1,겨울,2.3,-2.5,0.0,0.0,72,7.3,9,17,0,0,쌀쌀함,좋음
2025-01-16 15:00,2025-01-16,15,1,겨울,1.2,-2.2,0.0,0.0,73,3.4,30,59,0,0,쌀쌀함,보통
2025-01-16 16:00,2025-01-16,16,1,겨울,-0.4,-3.7,0.0,0.0,30,4.6,30,60,0,0,추움,보통
2025-01-16 17:00,2025-01-16,17,1,겨울,-5.9,-9.2,1.6,0.0,68,5.2,50,76,1,0,추움,나쁨
2025-01-16 18:00,2025-01-16,18,1,겨울,-4.7,-6.1,0.0,0.0,80,1.3,62,112,0,0,추움,나쁨
2025-01-16 19:00,2025-01-16,19,1,겨울,-4.4,-7.0,0.0,0.0,37,4.0,41,78,0,0,추움,나쁨
2025-01-16 20:00,2025-01-16,20,1,겨울,-2.7,-6.5,0.0,0.0,63,5.8,37,70,0,0,추움,나쁨
2025-01-16 21:00,2025-01-16,21,1,겨울,-9.7,-11.1,0.0,0.0,90,1.5,61,130,0,0,추움,나쁨
2025-01-16 22:00,2025-01-16,22,1,겨울,-4.2,-6.9,0.0,0.0,86,4.6,51,82,0,0,추움,나쁨
2025-01-16 23:00,2025-01-16,23,1,겨울,-3.9,-5.0,0.0,0.0,73,1.3,44,91,0,0,추움,나쁨
2025-01-17 00:00,2025-01-17,0,1,겨울,-9.9,-11.0,0.0,0.3,36,2.0,61,130,0,1,추움,나쁨
2025-01-17 01:00,2025-01-17,1,1,겨울,-10.6,-11.8,0.0,0.0,44,1.3,46,84,0,0,추움,나쁨
2025-01-17 02:00,2025-01-17,2,1,겨울,-11.4,-12.2,0.0,0.0,72,0.6,35,75,0,0,추움,보통
2025-01-17 03:00,2025-01-17,3,1,겨울,-8.3,-9.2,0.0,0.0,62,0.7,63,125,0,0,추움,나쁨
2025-01-17 04:00,2025-01-17,4,1,겨울,-3.1,-6.4,0.0,0.0,35,4.1,50,81,0,0,추움,나쁨
2025-01-17 05:00,2025-01-17,5,1,겨울,-1.0,-6.6,0.0,0.0,87,7.6,35,70,0,0,추움,보통
2025-01-17 06:00,2025-01-17,6,1,겨울,-2.9,-5.8,0.0,4.9,75,4.3,29,45,0,1,추움,보통
2025-01-17 07:00,2025-01-17,7,1,겨울,2.3,-2.7,0.0,0.0,59,6.3,43,91,0,0,쌀쌀함,나쁨
2025-01-17 08:00,2025-01-17,8,1,겨울,-0.7,-3.0,0.0,0.0,44,2.9,48,93,0,0,추움,나쁨
2025-01-17 09:00,2025-01-17,9,1,겨울,2.6,-1.1,0.0,0.0,66,4.7,40,85,0,0,쌀쌀함,나쁨
2025-01-17 10:00,2025-01-17,10,1,겨울,-2.5,-7.8,0.0,0.0,89,7.8,36,74,0,0,추움,나쁨
2025-01-17 11:00,2025-01-17,11,1,겨울,3.7,1.4,0.0,0.0,69,3.0,45,92,0,0,쌀쌀함,나쁨
2025-01-17 12:00,2025-01-17,12,1,겨울,-0.3,-1.4,0.0,0.0,87,1.7,70,117,0,0,추움,나쁨
2025-01-17 13:00,2025-01-17,13,1,겨울,5.6,3.6,0.0,0.0,36,2.5,50,94,0,0,쌀쌀함,나쁨
2025-01-17 14:00,2025-01-17,14,1,겨울,6.2,1.1,0.0,0.0,85,6.7,53,95,0,0,쌀쌀함,나쁨
2025-01-17 15:00,2025-01-17,15,1,겨울,3.6,-0.7,0.0,0.0,37,6.0,43,80,0,0,쌀쌀함,나쁨
2025-01-17 16:00,2025-01-17,16,1,겨울,-2.7,-7.2,0.0,0.0,34,4.8,51,110,0,0,추움,나쁨
2025-01-17 17:00,2025-01-17,17,1,겨울,-1.4,-4.7,0.0,0.0,40,5.4,45,76,0,0,추움,나쁨
2025-01-17 18:00,2025-01-17,18,1,겨울,-0.2,-2.7,0.0,0.0,81,2.5,55,97,0,0,추움,나쁨
2025-01-17 19:00,2025-01-17,19,1,겨울,-2.2,-5.1,0.0,3.4,57,3.3,42,88,0,1,추움,나쁨
2025-01-17 20:00,2025-01-17,20,1,겨울,-1.2,-2.9,0.0,0.0,88,2.9,53,105,0,0,추움,나쁨
2025-01-17 21:00,2025-01-17,21,1,겨울,-6.5,-10.2,0.0,0.0,70,5.6,46,78,0,0,추움,나쁨
2025-01-17 22:00,2025-01-17,22,1,겨울,-7.2,-12.7,0.0,0.0,57,7.6,56,100,0,0,추움,나쁨
2025-01-17 23:00,2025-01-17,23,1,겨울,-4.5,-6.2,0.0,0.0,83,3.1,25,42,0,0,추움,보통
2025-01-18 00:00,2025-01-18,0,1,겨울,-9.2,-14.7,0.0,0.0,59,7.1,39,83,0,0,추움,나쁨
2025-01-18 01:00,2025-01-18,1,1,겨울,-6.2,-8.3,0.0,0.0,36,1.5,73,157,0,0,추움,나쁨
2025-01-18 02:00,2025-01-18,2,1,겨울,-3.2,-6.4,0.0,0.0,79,4.6,71,153,0,0,추움,나쁨
2025-01-18 03:00,2025-01-18,3,1,겨울,-1.0,-1.5,0.0,0.0,35,1.3,83,158,0,0,추움,매우나쁨
2025-01-18 04:00,2025-01-18,4,1,겨울,-2.2,-4.2,0.0,0.0,30,2.1,52,88,0,0,추움,나쁨
2025-01-18 05:00,2025-01-18,5,1,겨울,-0.3,-0.3,0.0,0.0,77,0.9,40,64,0,0,추움,나쁨
2025-01-18 06:00,2025-01-18,6,1,겨울,-0.0,0.2,0.0,0.0,42,0.9,58,108,0,0,추움,나쁨
2025-01-18 07:00,2025-01-18,7,1,겨울,-0.7,-4.6,0.0,0.0,59,5.5,37,74,0,0,추움,나쁨
2025-01-18 08:00,2025-01-18,8,1,겨울,3.5,1.2,0.0,0.0,68,3.1,60,131,0,0,쌀쌀함,나쁨
2025-01-18 09:00,2025-01-18,9,1,겨울,0.9,-2.9,0.0,0.0,55,6.2,29,52,0,0,추움,보통
2025-01-18 10:00,2025-01-18,10,1,겨울,-1.7,-3.5,0.0,0.0,33,1.9,56,109,0,0,추움,나쁨
2025-01-18 11:00,2025-01-18,11,1,겨울,2.1,0.2,0.0,0.0,31,2.9,20,34,0,0,쌀쌀함,보통
2025-01-18 12:00,2025-01-18,12,1,겨울,-3.3,-6.3,0.0,0.0,38,5.0,45,90,0,0,추움,나쁨
2025-01-18 13:00,2025-01-18,13,1,겨울,5.3,3.2,0.0,0.0,51,2.9,71,118,0,0,쌀쌀함,나쁨
2025-01-18 14:00,2025-01-18,14,1,겨울,-2.9,-8.5,0.0,0.0,39,7.6,17,31,0,0,추움,보통
2025-01-18 15:00,2025-01-18,15,1,겨울,-1.6,-6.6,0.0,0.0,74,6.7,50,87,0,0,추움,나쁨
2025-01-18 16:00,2025-01-18,16,1,겨울,-5.9,-9.3,0.0,0.4,41,4.9,37,61,0,1,추움,나쁨
2025-01-18 17:00,2025-01-18,17,1,겨울,-3.3,-3.8,0.0,0.0,64,0.9,69,120,0,0,추움,나쁨
2025-01-18 18:00,2025-01-18,18,1,겨울,-2.6,-3.8,0.0,4.2,76,1.3,17,35,0,1,추움,보통
2025-01-18 19:00,2025-01-18,19,1,겨울,-3.6,-3.7,0.0,0.0,47,0.7,24,40,0,0,추움,보통
2025-01-18 20:00,2025-01-18,20,1,겨울,-3.4,-8.1,0.0,1.3,62,6.9,80,154,0,1,추움,매우나쁨
2025-01-18 21:00,2025-01-18,21,1,겨울,-9.4,-12.2,0.0,0.0,60,4.0,38,82,0,0,추움,나쁨
2025-01-18 22:00,2025-01-18,22,1,겨울,-4.4,-9.0,0.0,4.2,37,6.3,42,74,0,1,추움,나쁨
2025-01-18 23:00,2025-01-18,23,1,겨울,-4.6,-5.3,0.0,0.0,58,1.8,38,72,0,0,추움,나쁨
2025-01-19 00:00,2025-01-19,0,1,겨울,-6.1,-7.1,0.0,0.0,78,2.9,54,89,0,0,추움,나쁨
2025-01-19 01:00,2025-01-19,1,1,겨울,-3.8,-4.3,0.0,0.0,64,0.8,39,70,0,0,추움,나쁨
2025-01-19 02:00,2025-01-19,2,1,겨울,-10.2,-11.8,0.0,0.0,65,1.8,41,68,0,0,추움,나쁨
2025-01-19 03:00,2025-01-19,3,1,겨울,-6.1,-10.2,0.0,0.0,33,6.9,30,51,0,0,추움,보통
2025-01-19 04:00,2025-01-19,4,1,겨울,-1.5,-5.5,0.0,0.0,87,6.6,47,96,0,0,추움,나쁨
2025-01-19 05:00,2025-01-19,5,1,겨울,-4.5,-9.5,0.0,0.0,36,6.9,51,89,0,0,추움,나쁨
2025-01-19 06:00,2025-01-19,6,1,겨울,-6.4,-9.6,0.0,0.0,45,5.3,61,133,0,0,추움,나쁨
2025-01-19 07:00,2025-01-19,7,1,겨울,0.5,-2.6,0.0,2.3,88,4.1,53,101,0,1,추움,나쁨
2025-01-19 08:00,2025-01-19,8,1,겨울,-2.3,-6.2,0.0,0.0,60,5.8,50,80,0,0,추움,나쁨
2025-01-19 09:00,2025-01-19,9,1,겨울,-2.5,-6.4,0.0,0.0,50,4.8,43,78,0,0,추움,나쁨
2025-01-19 10:00,2025-01-19,10,1,겨울,4.3,-0.7,0.0,0.0,49,7.1,65,113,0,0,쌀쌀함,나쁨
2025-01-19 11:00,2025-01-19,11,1,겨울,2.8,1.9,0.0,0.0,69,0.7,25,47,0,0,쌀쌀함,보통
2025-01-19 12:00,2025-01-19,12,1,겨울,-1.4,-6.1,0.0,0.0,84,8.0,36,70,0,0,추움,나쁨
2025-01-19 13:00,2025-01-19,13,1,겨울,-0.6,-2.2,0.0,0.0,51,3.5,37,58,0,0,추움,나쁨
2025-01-19 14:00,2025-01-19,14,1,겨울,-4.5,-5.7,0.0,0.0,30,3.2,32,63,0,0,추움,보통
2025-01-19 15:00,2025-01-19,15,1,겨울,-2.4,-5.4,0.0,0.0,37,4.0,48,103,0,0,추움,나쁨
2025-01-19 16:00,2025-01-19,16,1,겨울,-5.8,-10.7,0.0,0.0,57,7.9,41,79,0,0,추움,나쁨
2025-01-19 17:00,2025-01-19,17,1,겨울,-1.7,-5.3,0.0,0.0,55,6.0,54,83,0,0,추움,나쁨
2025-01-19 18:00,2025-01-19,18,1,겨울,-5.0,-6.0,0.0,0.0,47,1.1,28,44,0,0,추움,보통
2025-01-19 19:00,2025-01-19,19,1,겨울,-5.2,-7.9,0.0,0.0,79,4.5,46,76,0,0,추움,나쁨
2025-01-19 20:00,2025-01-19,20,1,겨울,-6.0,-7.5,0.0,0.0,58,1.7,66,129,0,0,추움,나쁨
2025-01-19 21:00,2025-01-19,21,1,겨울,-5.1,-5.0,0.0,0.0,42,0.6,31,53,0,0,추움,보통
2025-01-19 22:00,2025-01-19,22,1,겨울,-5.4,-6.4,0.0,0.0,75,1.8,36,76,0,0,추움,나쁨
2025-01-19 23:00,2025-01-19,23,1,겨울,-10.3,-12.4,0.0,0.0,68,1.2,48,86,0,0,추움,나쁨
2025-01-20 00:00,2025-01-20,0,1,겨울,-2.9,-7.5,0.0,0.0,55,6.6,34,58,0,0,추움,보통
2025-01-20 01:00,2025-01-20,1,1,겨울,-11.4,-16.5,0.0,0.0,79,6.0,34,58,0,0,추움,보통
2025-01-20 02:00,2025-01-20,2,1,겨울,-6.8,-8.8,0.0,0.0,39,1.7,36,73,0,0,추움,나쁨
2025-01-20 03:00,2025-01-20,3,1,겨울,-11.5,-14.8,0.0,0.0,39,5.0,40,60,0,0,추움,나쁨
2025-01-20 04:00,2025-01-20,4,1,겨울,-4.4,-7.1,0.0,0.0,82,3.0,32,61,0,0,추움,보통
2025-01-20 05:00,2025-01-20,5,1,겨울,1.1,-3.0,0.0,0.0,44,7.1,88,161,0,0,쌀쌀함,매우나쁨
2025-01-20 06:00,2025-01-20,6,1,겨울,1.5,0.2,0.0,0.0,54,2.5,30,57,0,0,쌀쌀함,보통
2025-01-20 07:00,2025-01-20,7,1,겨울,-0.1,-2.1,0.0,4.8,50,1.6,41,61,0,1,추움,나쁨
2025-01-20 08:00,2025-01-20,8,1,겨울,-1.5,-6.3,0.0,0.0,55,7.7,71,124,0,0,추움,나쁨
2025-01-20 09:00,2025-01-20,9,1,겨울,-1.0,-2.3,0.0,0.0,59,1.6,45,77,0,0,추움,나쁨
2025-01-20 10:00,2025-01-20,10,1,겨울,4.6,-1.5,0.0,0.0,63,6.7,46,73,0,0,쌀쌀함,나쁨
2025-01-20 11:00,2025-01-20,11,1,겨울,1.9,-2.3,0.0,0.0,30,5.7,15,24,0,0,쌀쌀함,좋음
2025-01-20 12:00,2025-01-20,12,1,겨울,3.6,2.3,0.0,0.0,60,2.3,56,98,0,0,쌀쌀함,나쁨
2025-01-20 13:00,2025-01-20,13,1,겨울,0.6,-1.9,0.0,0.0,50,1.3,52,103,0,0,추움,나쁨
2025-01-20 14:00,2025-01-20,14,1,겨울,1.0,-2.3,0.0,0.0,57,4.7,44,77,0,0,쌀쌀함,나쁨
2025-01-20 15:00,2025-01-20,15,1,겨울,-1.7,-4.4,0.0,0.0,69,3.6,30,64,0,0,추움,보통
2025-01-20 16:00,2025-01-20,16,1,겨울,2.2,-3.5,0.0,0.0,35,7.7,36,66,0,0,쌀쌀함,나쁨
2025-01-20 17:00,2025-01-20,17,1,겨울,-1.7,-6.7,0.0,0.0,69,7.2,43,68,0,0,추움,나쁨
2025-01-20 18:00,2025-01-20,18,1,겨울,-3.8,-7.2,0.0,0.0,48,5.1,59,104,0,0,추움,나쁨
2025-01-20 19:00,2025-01-20,19,1,겨울,-1.4,-3.7,0.0,0.0,68,2.5,49,83,0,0,추움,나쁨
2025-01-20 20:00,2025-01-20,20,1,겨울,-1.2,-5.2,0.0,0.0,40,4.4,12,19,0,0,추움,좋음
2025-01-20 21:00,2025-01-20,21,1,겨울,-7.0,-9.3,0.0,4.1,76,2.5,20,42,0,1,추움,보통
2025-01-20 22:00,2025-01-20,22,1,겨울,-6.3,-8.9,0.0,0.0,54,4.5,36,56,0,0,추움,나쁨
2025-01-20 23:00,2025-01-20,23,1,겨울,-4.2,-5.7,0.0,0.0,62,1.9,60,96,0,0,추움,나쁨
2025-01-21 00:00,2025-01-21,0,1,겨울,-5.2,-9.5,0.0,0.0,59,5.9,19,29,0,0,추움,보통
2025-01-21 01:00,2025-01-21,1,1,겨울,-12.3,-17.7,0.0,0.0,88,8.0,43,75,0,0,추움,나쁨
2025-01-21 02:00,2025-01-21,2,1,겨울,-8.3,-12.7,0.0,0.0,86,6.1,38,66,0,0,추움,나쁨
2025-01-21 03:00,2025-01-21,3,1,겨울,-1.7,-7.3,0.0,0.0,32,7.8,40,80,0,0,추움,나쁨
2025-01-21 04:00,2025-01-21,4,1,겨울,-4.6,-4.5,0.0,0.0,34,1.0,59,105,0,0,추움,나쁨
2025-01-21 05:00,2025-01-21,5,1,겨울,-8.1,-8.8,0.0,0.0,57,1.2,61,113,0,0,추움,나쁨
2025-01-21 06:00,2025-01-21,6,1,겨울,-8.6,-11.8,0.0,0.0,45,5.1,46,79,0,0,추움,나쁨
2025-01-21 07:00,2025-01-21,7,1,겨울,-6.3,-9.7,0.0,0.0,50,4.5,17,35,0,0,추움,보통
2025-01-21 08:00,2025-01-21,8,1,겨울,-4.0,-8.6,0.0,0.0,43,6.4,58,111,0,0,추움,나쁨
2025-01-21 09:00,2025-01-21,9,1,겨울,-1.3,-2.5,0.0,0.0,39,2.9,62,130,0,0,추움,나쁨
2025-01-21 10:00,2025-01-21,10,1,겨울,-0.7,-1.8,0.0,0.0,41,1.8,31,47,0,0,추움,보통
2025-01-21 11:00,2025-01-21,11,1,겨울,2.3,-2.0,0.0,0.0,33,5.7,31,57,0,0,쌀쌀함,보통
2025-01-21 12:00,2025-01-21,12,1,겨울,3.5,-1.0,0.0,0.0,89,6.9,66,106,0,0,쌀쌀함,나쁨
2025-01-21 13:00,2025-01-21,13,1,겨울,1.8,-2.4,0.0,0.0,35,6.2,31,59,0,0,쌀쌀함,보통
2025-01-21 14:00,2025-01-21,14,1,겨울,4.3,2.9,0.0,0.0,79,2.3,60,110,0,0,쌀쌀함,나쁨
2025-01-21 15:00,2025-01-21,15,1,겨울,-0.9,-3.1,0.0,0.0,80,3.7,50,75,0,0,추움,나쁨
2025-01-21 16:00,2025-01-21,16,1,겨울,4.4,-0.7,0.0,0.0,73,8.0,56,97,0,0,쌀쌀함,나쁨
2025-01-21 17:00,2025-01-21,17,1,겨울,0.6,0.6,0.0,0.0,57,0.9,45,73,0,0,추움,나쁨
2025-01-21 18:00,2025-01-21,18,1,겨울,2.5,2.2,0.0,0.0,67,1.4,55,86,0,0,쌀쌀함,나쁨
2025-01-21 19:00,2025-01-21,19,1,겨울,-8.6,-12.2,0.0,0.0,33,6.0,18,34,0,0,추움,보통
2025-01-21 20:00,2025-01-21,20,1,겨울,-1.7,-5.0,0.0,0.0,66,6.8,30,45,0,0,추움,보통
2025-01-21 21:00,2025-01-21,21,1,겨울,-8.3,-10.0,0.0,0.0,63,1.8,31,50,0,0,추움,보통
2025-01-21 22:00,2025-01-21,22,1,겨울,-8.6,-11.4,0.0,0.0,59,4.7,35,74,0,0,추움,보통
2025-01-21 23:00,2025-01-21,23,1,겨울,-11.4,-15.5,0.0,0.0,34,4.7,43,76,0,0,추움,나쁨
2025-01-22 00:00,2025-01-22,0,1,겨울,-7.0,-10.7,0.0,0.0,72,4.9,51,106,0,0,추움,나쁨
2025-01-22 01:00,2025-01-22,1,1,겨울,-9.3,-12.3,0.0,0.0,37,4.2,54,89,0,0,추움,나쁨
2025-01-22 02:00,2025-01-22,2,1,겨울,-5.8,-9.2,0.0,0.1,87,5.5,22,38,0,1,추움,보통
2025-01-22 03:00,2025-01-22,3,1,겨울,-11.8,-17.0,0.0,0.0,81,7.3,46,96,0,0,추움,나쁨
2025-01-22 04:00,2025-01-22,4,1,겨울,-0.4,-2.2,0.0,0.0,41,2.2,35,55,0,0,추움,보통
2025-01-22 05:00,2025-01-22,5,1,겨울,-3.6,-7.7,0.0,0.0,72,6.0,30,62,0,0,추움,보통
2025-01-22 06:00,2025-01-22,6,1,겨울,-4.3,-8.5,0.0,4.2,46,5.9,65,117,0,1,추움,나쁨
2025-01-22 07:00,2025-01-22,7,1,겨울,1.8,-0.9,0.0,0.0,82,4.0,39,68,0,0,쌀쌀함,나쁨
2025-01-22 08:00,2025-01-22,8,1,겨울,-1.6,-5.8,0.0,0.0,77,6.7,46,80,0,0,추움,나쁨
2025-01-22 09:00,2025-01-22,9,1,겨울,3.8,3.4,0.0,0.0,47,0.8,32,70,0,0,쌀쌀함,보통
2025-01-22 10:00,2025-01-22,10,1,겨울,1.1,-2.0,0.0,0.0,72,6.0,53,104,0,0,쌀쌀함,나쁨
2025-01-22 11:00,2025-01-22,11,1,겨울,4.0,0.3,0.0,0.0,39,6.9,37,57,0,0,쌀쌀함,나쁨
2025-01-22 12:00,2025-01-22,12,1,겨울,-1.7,-3.7,0.0,0.0,64,4.2,33,51,0,0,추움,보통
2025-01-22 13:00,2025-01-22,13,1,겨울,-1.4,-5.8,0.0,0.0,47,5.9,34,62,0,0,추움,보통
2025-01-22 14:00,2025-01-22,14,1,겨울,4.0,-0.2,0.0,0.0,43,6.3,56,100,0,0,쌀쌀함,나쁨
2025-01-22 15:00,2025-01-22,15,1,겨울,-0.5,-3.2,0.0,0.0,52,3.8,68,146,0,0,추움,나쁨
2025-01-22 16:00,2025-01-22,16,1,겨울,3.3,1.9,0.0,0.0,47,1.0,54,95,0,0,쌀쌀함,나쁨
2025-01-22 17:00,2025-01-22,17,1,겨울,1.4,-2.7,0.0,0.0,48,7.0,19,33,0,0,쌀쌀함,보통
2025-01-22 18:00,2025-01-22,18,1,겨울,-5.3,-9.5,0.0,0.0,72,6.4,39,80,0,0,추움,나쁨
2025-01-22 19:00,2025-01-22,19,1,겨울,-9.7,-11.1,0.0,0.0,51,1.6,81,174,0,0,추움,매우나쁨
2025-01-22 20:00,2025-01-22,20,1,겨울,-5.1,-8.9,0.0,0.0,89,6.0,50,93,0,0,추움,나쁨
2025-01-22 21:00,2025-01-22,21,1,겨울,-4.8,-7.3,0.0,0.0,45,3.1,39,82,0,0,추움,나쁨
2025-01-22 22:00,2025-01-22,22,1,겨울,-10.2,-12.1,0.0,2.9,66,3.1,47,73,0,1,추움,나쁨
2025-01-22 23:00,2025-01-22,23,1,겨울,-7.3,-12.3,0.0,0.0,89,7.5,26,56,0,0,추움,보통
2025-01-23 00:00,2025-01-23,0,1,겨울,-2.1,-5.9,0.0,0.0,56,4.5,41,69,0,0,추움,나쁨
2025-01-23 01:00,2025-01-23,1,1,겨울,-13.5,-18.5,0.1,0.0,81,6.8,34,67,1,0,추움,보통
2025-01-23 02:00,2025-01-23,2,1,겨울,-7.2,-9.1,0.0,0.0,59,2.7,39,80,0,0,추움,나쁨
2025-01-23 03:00,2025-01-23,3,1,겨울,-7.3,-11.8,0.0,0.0,56,5.7,53,111,0,0,추움,나쁨
2025-01-23 04:00,2025-01-23,4,1,겨울,-9.7,-11.2,0.0,0.0,36,1.2,60,92,0,0,추움,나쁨
2025-01-23 05:00,2025-01-23,5,1,겨울,-4.2,-6.2,0.0,0.0,61,1.9,30,55,0,0,추움,보통
2025-01-23 06:00,2025-01-23,6,1,겨울,2.5,0.9,0.0,0.0,49,1.4,24,47,0,0,쌀쌀함,보통
2025-01-23 07:00,2025-01-23,7,1,겨울,-1.1,-3.7,0.0,0.0,55,3.2,50,108,0,0,추움,나쁨
2025-01-23 08:00,2025-01-23,8,1,겨울,-3.4,-5.1,0.0,0.0,62,1.8,49,79,0,0,추움,나쁨
2025-01-23 09:00,2025-01-23,9,1,겨울,1.4,-0.4,0.0,0.0,37,2.1,53,85,0,0,쌀쌀함,나쁨
2025-01-23 10:00,2025-01-23,10,1,겨울,-2.3,-4.5,0.0,0.0,42,3.4,28,50,0,0,추움,보통
2025-01-23 11:00,2025-01-23,11,1,겨울,2.6,0.8,0.0,0.0,65,2.2,55,102,0,0,쌀쌀함,나쁨
2025-01-23 12:00,2025-01-23,12,1,겨울,2.1,-2.6,0.0,0.0,45,6.7,35,59,0,0,쌀쌀함,보통
2025-01-23 13:00,2025-01-23,13,1,겨울,1.2,-1.9,0.0,0.0,81,4.5,57,117,0,0,쌀쌀함,나쁨
2025-01-23 14:00,2025-01-23,14,1,겨울,3.7,-1.5,0.0,0.0,38,5.9,52,80,0,0,쌀쌀함,나쁨
2025-01-23 15:00,2025-01-23,15,1,겨울,-4.1,-4.7,0.0,0.0,45,0.9,46,77,0,0,추움,나쁨
2025-01-23 16:00,2025-01-23,16,1,겨울,-0.8,-6.0,0.0,0.0,85,7.5,32,67,0,0,추움,보통
2025-01-23 17:00,2025-01-23,17,1,겨울,-3.2,-3.4,0.0,0.0,64,0.9,28,60,0,0,추움,보통
2025-01-23 18:00,2025-01-23,18,1,겨울,-0.1,-3.7,0.0,0.0,88,4.5,34,53,0,0,추움,보통
2025-01-23 19:00,2025-01-23,19,1,겨울,-0.7,-5.4,0.0,0.0,90,7.0,30,57,0,0,추움,보통
2025-01-23 20:00,2025-01-23,20,1,겨울,-10.6,-15.0,0.0,0.0,72,6.4,48,73,0,0,추움,나쁨
2025-01-23 21:00,2025-01-23,21,1,겨울,-4.0,-8.0,0.0,0.0,52,7.6,41,74,0,0,추움,나쁨
2025-01-23 22:00,2025-01-23,22,1,겨울,-4.3,-6.8,0.0,0.0,31,3.5,47,73,0,0,추움,나쁨
2025-01-23 23:00,2025-01-23,23,1,겨울,-9.0,-11.8,0.0,0.3,42,4.1,42,84,0,1,추움,나쁨
2025-01-24 00:00,2025-01-24,0,1,겨울,-4.5,-5.9,0.0,0.0,47,1.7,46,92,0,0,추움,나쁨
2025-01-24 01:00,2025-01-24,1,1,겨울,-7.8,-12.2,0.0,0.0,78,6.5,45,85,0,0,추움,나쁨
2025-01-24 02:00,2025-01-24,2,1,겨울,-10.9,-12.7,0.0,0.0,50,1.9,43,86,0,0,추움,나쁨
2025-01-24 03:00,2025-01-24,3,1,겨울,-2.0,-3.6,0.0,0.0,89,2.7,48,80,0,0,추움,나쁨
2025-01-24 04:00,2025-01-24,4,1,겨울,-3.0,-6.1,0.0,0.0,43,6.0,26,46,0,0,추움,보통
2025-01-24 05:00,2025-01-24,5,1,겨울,0.1,-2.6,0.0,0.0,76,3.1,31,60,0,0,추움,보통
2025-01-24 06:00,2025-01-24,6,1,겨울,-3.7,-8.6,0.0,0.0,84,6.3,34,64,0,0,추움,보통
2025-01-24 07:00,2025-01-24,7,1,겨울,-3.0,-5.8,0.0,0.0,56,3.0,7,11,0,0,추움,좋음
2025-01-24 08:00,2025-01-24,8,1,겨울,2.3,0.8,0.0,0.0,35,1.7,68,132,0,0,쌀쌀함,나쁨
2025-01-24 09:00,2025-01-24,9,1,겨울,7.4,4.8,0.0,0.0,52,3.4,33,72,0,0,쌀쌀함,보통
2025-01-24 10:00,2025-01-24,10,1,겨울,2.4,-0.6,0.0,0.0,49,4.0,46,79,0,0,쌀쌀함,나쁨
2025-01-24 11:00,2025-01-24,11,1,겨울,2.1,1.0,0.0,0.0,49,2.4,38,59,0,0,쌀쌀함,나쁨
2025-01-24 12:00,2025-01-24,12,1,겨울,5.4,3.1,0.0,0.0,34,2.7,33,50,0,0,쌀쌀함,보통
2025-01-24 13:00,2025-01-24,13,1,겨울,2.8,-0.4,0.0,0.0,53,3.6,29,58,0,0,쌀쌀함,보통
2025-01-24 14:00,2025-01-24,14,1,겨울,0.1,-3.2,0.0,0.0,69,6.5,51,93,0,0,추움,나쁨
2025-01-24 15:00,2025-01-24,15,1,겨울,1.1,-0.0,0.0,0.0,48,1.2,51,92,0,0,쌀쌀함,나쁨
2025-01-24 16:00,2025-01-24,16,1,겨울,-3.7,-6.5,0.0,0.0,66,5.4,46,97,0,0,추움,나쁨
2025-01-24 17:00,2025-01-24,17,1,겨울,-0.6,-3.3,0.0,0.0,83,3.2,61,107,0,0,추움,나쁨
2025-01-24 18:00,2025-01-24,18,1,겨울,-5.4,-10.3,0.0,3.1,75,7.7,53,95,0,1,추움,나쁨
2025-01-24 19:00,2025-01-24,19,1,겨울,-4.9,-11.1,0.0,4.6,85,7.5,38,74,0,1,추움,나쁨
2025-01-24 20:00,2025-01-24,20,1,겨울,-4.4,-6.9,0.0,0.0,34,3.2,45,73,0,0,추움,나쁨
2025-01-24 21:00,2025-01-24,21,1,겨울,-9.7,-11.8,0.0,0.0,75,2.5,40,64,0,0,추움,나쁨
2025-01-24 22:00,2025-01-24,22,1,겨울,-6.2,-7.4,0.0,0.0,88,1.8,72,112,0,0,추움,나쁨
2025-01-24 23:00,2025-01-24,23,1,겨울,-4.4,-11.0,0.0,0.0,37,7.5,47,75,0,0,추움,나쁨
2025-01-25 00:00,2025-01-25,0,1,겨울,-6.0,-11.1,0.0,0.0,78,7.3,13,24,0,0,추움,좋음
2025-01-25 01:00,2025-01-25,1,1,겨울,-4.7,-8.1,0.0,0.0,61,5.0,75,158,0,0,추움,나쁨
2025-01-25 02:00,2025-01-25,2,1,겨울,-6.6,-8.9,0.0,0.0,72,4.2,24,43,0,0,추움,보통
2025-01-25 03:00,2025-01-25,3,1,겨울,-3.6,-7.4,0.0,4.3,46,6.2,74,119,0,1,추움,나쁨
2025-01-25 04:00,2025-01-25,4,1,겨울,-4.6,-5.6,0.0,0.0,65,1.8,45,69,0,0,추움,나쁨
2025-01-25 05:00,2025-01-25,5,1,겨울,-7.6,-7.7,0.0,0.0,34,0.6,46,99,0,0,추움,나쁨
2025-01-25 06:00,2025-01-25,6,1,겨울,-2.7,-5.2,0.0,0.0,75,3.3,50,94,0,0,추움,나쁨
2025-01-25 07:00,2025-01-25,7,1,겨울,-4.8,-7.0,0.0,0.0,66,3.1,42,66,0,0,추움,나쁨
2025-01-25 08:00,2025-01-25,8,1,겨울,-4.8,-7.8,0.0,0.0,59,4.6,54,94,0,0,추움,나쁨
2025-01-25 09:00,2025-01-25,9,1,겨울,6.0,4.3,0.0,0.0,59,2.5,40,65,0,0,쌀쌀함,나쁨
2025-01-25 10:00,2025-01-25,10,1,겨울,0.1,-3.7,0.0,0.0,61,5.3,24,48,0,0,추움,보통
2025-01-25 11:00,2025-01-25,11,1,겨울,1.7,0.1,0.0,0.0,82,2.3,50,102,0,0,쌀쌀함,나쁨
2025-01-25 12:00,2025-01-25,12,1,겨울,7.2,3.7,0.0,0.0,30,5.6,49,75,0,0,쌀쌀함,나쁨
2025-01-25 13:00,2025-01-25,13,1,겨울,-4.3,-7.2,0.0,0.0,70,3.6,45,94,0,0,추움,나쁨
2025-01-25 14:00,2025-01-25,14,1,겨울,6.8,1.7,0.0,0.0,50,8.0,62,111,0,0,쌀쌀함,나쁨
2025-01-25 15:00,2025-01-25,15,1,겨울,2.7,1.7,0.0,0.0,80,0.5,51,105,0,0,쌀쌀함,나쁨
2025-01-25 16:00,2025-01-25,16,1,겨울,4.6,0.0,0.0,0.0,41,6.7,52,79,0,0,쌀쌀함,나쁨
2025-01-25 17:00,2025-01-25,17,1,겨울,-5.6,-7.9,0.0,0.0,30,4.6,47,94,0,0,추움,나쁨
2025-01-25 18:00,2025-01-25,18,1,겨울,-5.5,-7.1,0.0,0.0,79,1.3,31,54,0,0,추움,보통
2025-01-25 19:00,2025-01-25,19,1,겨울,-2.7,-4.5,0.0,0.0,36,3.8,36,69,0,0,추움,나쁨
2025-01-25 20:00,2025-01-25,20,1,겨울,0.4,-5.2,0.0,0.0,42,7.1,46,76,0,0,추움,나쁨
2025-01-25 21:00,2025-01-25,21,1,겨울,-4.5,-4.8,0.0,0.0,33,1.3,35,62,0,0,추움,보통
2025-01-25 22:00,2025-01-25,22,1,겨울,-8.2,-9.3,0.0,0.0,77,2.5,52,109,0,0,추움,나쁨
2025-01-25 23:00,2025-01-25,23,1,겨울,-3.5,-6.8,0.0,0.0,38,4.6,54,96,0,0,추움,나쁨
2025-01-26 00:00,2025-01-26,0,1,겨울,-3.8,-8.8,0.0,0.0,58,7.6,54,110,0,0,추움,나쁨
2025-01-26 01:00,2025-01-26,1,1,겨울,-5.4,-10.1,0.0,0.0,66,6.5,65,120,0,0,추움,나쁨
2025-01-26 02:00,2025-01-26,2,1,겨울,-6.2,-7.2,0.0,0.0,71,1.0,32,51,0,0,추움,보통
2025-01-26 03:00,2025-01-26,3,1,겨울,-4.7,-9.3,0.0,0.0,77,6.6,15,31,0,0,추움,좋음
2025-01-26 04:00,2025-01-26,4,1,겨울,-2.2,-3.0,0.0,0.0,38,2.3,45,77,0,0,추움,나쁨
2025-01-26 05:00,2025-01-26,5,1,겨울,-3.4,-8.7,0.0,0.0,52,7.1,60,92,0,0,추움,나쁨
2025-01-26 06:00,2025-01-26,6,1,겨울,-1.8,-6.5,0.0,0.0,44,5.6,35,62,0,0,추움,보통
2025-01-26 07:00,2025-01-26,7,1,겨울,3.6,-1.5,0.0,0.0,32,7.4,42,76,0,0,쌀쌀함,나쁨
2025-01-26 08:00,2025-01-26,8,1,겨울,0.7,-0.6,0.0,0.0,48,3.2,46,76,0,0,추움,나쁨
2025-01-26 09:00,2025-01-26,9,1,겨울,4.7,2.6,0.0,0.0,57,5.1,42,80,0,0,쌀쌀함,나쁨
2025-01-26 10:00,2025-01-26,10,1,겨울,1.8,-3.1,0.0,0.0,63,6.4,52,78,0,0,쌀쌀함,나쁨
2025-01-26 11:00,2025-01-26,11,1,겨울,6.7,6.9,0.0,0.0,83,0.5,46,71,0,0,쌀쌀함,나쁨
2025-01-26 12:00,2025-01-26,12,1,겨울,4.9,1.8,0.0,0.0,78,3.6,24,52,0,0,쌀쌀함,보통
2025-01-26 13:00,2025-01-26,13,1,겨울,6.2,2.1,0.0,0.0,30,5.9,71,125,0,0,쌀쌀함,나쁨
2025-01-26 14:00,2025-01-26,14,1,겨울,-1.4,-4.6,0.0,0.0,55,4.3,55,117,0,0,추움,나쁨
2025-01-26 15:00,2025-01-26,15,1,겨울,-0.4,-3.3,0.0,0.0,69,5.2,46,81,0,0,추움,나쁨
2025-01-26 16:00,2025-01-26,16,1,겨울,-5.3,-6.9,0.0,0.0,49,1.5,47,103,0,0,추움,나쁨
2025-01-26 17:00,2025-01-26,17,1,겨울,0.6,-3.2,0.0,0.0,72,5.4,30,57,0,0,추움,보통
2025-01-26 18:00,2025-01-26,18,1,겨울,-0.7,-1.6,0.0,0.0,49,1.6,27,40,0,0,추움,보통
2025-01-26 19:00,2025-01-26,19,1,겨울,0.5,-1.0,0.0,0.0,48,1.4,32,61,0,0,추움,보통
2025-01-26 20:00,2025-01-26,20,1,겨울,-3.2,-6.3,0.0,0.0,55,4.8,56,86,0,0,추움,나쁨
2025-01-26 21:00,2025-01-26,21,1,겨울,-2.5,-3.4,0.0,0.0,81,0.6,71,148,0,0,추움,나쁨
2025-01-26 22:00,2025-01-26,22,1,겨울,-7.2,-10.0,0.0,0.0,72,2.9,59,115,0,0,추움,나쁨
2025-01-26 23:00,2025-01-26,23,1,겨울,-10.4,-15.3,0.0,0.0,56,7.3,41,70,0,0,추움,나쁨
2025-01-27 00:00,2025-01-27,0,1,겨울,-10.5,-13.7,0.0,0.0,34,4.5,54,116,0,0,추움,나쁨
2025-01-27 01:00,2025-01-27,1,1,겨울,-5.5,-9.9,0.0,0.0,35,6.0,66,109,0,0,추움,나쁨
2025-01-27 02:00,2025-01-27,2,1,겨울,-4.4,-5.8,0.0,0.0,59,2.5,34,61,0,0,추움,보통
2025-01-27 03:00,2025-01-27,3,1,겨울,-10.1,-11.7,0.0,0.0,58,2.2,62,129,0,0,추움,나쁨
2025-01-27 04:00,2025-01-27,4,1,겨울,-7.0,-7.6,0.0,0.0,81,1.5,56,96,0,0,추움,나쁨
2025-01-27 05:00,2025-01-27,5,1,겨울,-6.9,-8.3,0.0,0.0,50,1.3,33,53,0,0,추움,보통
2025-01-27 06:00,2025-01-27,6,1,겨울,-6.6,-11.0,0.0,0.0,59,5.6,54,105,0,0,추움,나쁨
2025-01-27 07:00,2025-01-27,7,1,겨울,2.3,-0.9,0.0,0.0,67,4.3,77,115,0,0,쌀쌀함,매우나쁨
2025-01-27 08:00,2025-01-27,8,1,겨울,4.4,3.4,0.0,0.0,50,1.9,41,72,0,0,쌀쌀함,나쁨
2025-01-27 09:00,2025-01-27,9,1,겨울,-2.6,-8.3,0.0,0.0,81,6.4,60,121,0,0,추움,나쁨
2025-01-27 10:00,2025-01-27,10,1,겨울,3.6,-0.8,0.0,0.0,39,7.3,41,90,0,0,쌀쌀함,나쁨
2025-01-27 11:00,2025-01-27,11,1,겨울,5.7,3.0,0.0,0.0,44,4.0,59,114,0,0,쌀쌀함,나쁨
2025-01-27 12:00,2025-01-27,12,1,겨울,-3.0,-5.2,0.0,0.0,56,3.2,34,58,0,0,추움,보통
2025-01-27 13:00,2025-01-27,13,1,겨울,3.8,4.6,0.0,0.0,45,0.9,39,75,0,0,쌀쌀함,나쁨
2025-01-27 14:00,2025-01-27,14,1,겨울,2.8,-0.8,0.0,0.0,57,5.4,50,86,0,0,쌀쌀함,나쁨
2025-01-27 15:00,2025-01-27,15,1,겨울,5.8,5.0,0.0,0.0,54,1.2,64,137,0,0,쌀쌀함,나쁨
2025-01-27 16:00,2025-01-27,16,1,겨울,-5.9,-10.4,0.0,0.0,88,6.3,65,141,0,0,추움,나쁨
2025-01-27 17:00,2025-01-27,17,1,겨울,1.0,-1.6,0.0,0.0,44,3.8,39,60,0,0,쌀쌀함,나쁨
2025-01-27 18:00,2025-01-27,18,1,겨울,1.6,-2.4,0.0,0.0,43,5.3,59,100,0,0,쌀쌀함,나쁨
2025-01-27 19:00,2025-01-27,19,1,겨울,-6.8,-11.4,0.0,0.0,81,6.9,57,92,0,0,추움,나쁨
2025-01-27 20:00,2025-01-27,20,1,겨울,-3.4,-4.2,0.0,0.0,79,1.8,70,127,0,0,추움,나쁨
2025-01-27 21:00,2025-01-27,21,1,겨울,-9.2,-13.4,0.0,0.0,42,6.9,39,83,0,0,추움,나쁨
2025-01-27 22:00,2025-01-27,22,1,겨울,-11.7,-12.7,0.0,0.0,78,2.4,36,71,0,0,추움,나쁨
2025-01-27 23:00,2025-01-27,23,1,겨울,-8.2,-9.7,4.3,0.0,50,2.1,65,140,1,0,추움,나쁨
2025-01-28 00:00,2025-01-28,0,1,겨울,-5.8,-8.8,0.0,0.0,86,4.6,28,54,0,0,추움,보통
2025-01-28 01:00,2025-01-28,1,1,겨울,-6.1,-9.7,0.0,0.0,64,6.3,37,76,0,0,추움,나쁨
2025-01-28 02:00,2025-01-28,2,1,겨울,-10.2,-14.7,0.0,0.0,90,7.0,34,60,0,0,추움,보통
2025-01-28 03:00,2025-01-28,3,1,겨울,-2.1,-6.4,0.0,0.0,60,6.5,51,97,0,0,추움,나쁨
2025-01-28 04:00,2025-01-28,4,1,겨울,-1.9,-5.8,0.0,0.0,33,5.7,34,63,0,0,추움,보통
2025-01-28 05:00,2025-01-28,5,1,겨울,-5.9,-8.4,0.0,0.0,82,3.2,33,71,0,0,추움,보통
2025-01-28 06:00,2025-01-28,6,1,겨울,-4.1,-7.5,0.0,0.0,90,4.5,53,84,0,0,추움,나쁨
2025-01-28 07:00,2025-01-28,7,1,겨울,-2.1,-7.8,0.0,0.0,31,7.8,69,145,0,0,추움,나쁨
2025-01-28 08:00,2025-01-28,8,1,겨울,-0.7,-1.8,0.0,4.1,51,2.4,55,84,0,1,추움,나쁨
2025-01-28 09:00,2025-01-28,9,1,겨울,2.3,2.0,0.0,0.0,81,0.5,54,82,0,0,쌀쌀함,나쁨
2025-01-28 10:00,2025-01-28,10,1,겨울,3.3,1.2,0.0,0.0,69,3.5,44,92,0,0,쌀쌀함,나쁨
2025-01-28 11:00,2025-01-28,11,1,겨울,7.4,6.2,0.0,0.0,64,2.9,50,83,0,0,쌀쌀함,나쁨
2025-01-28 12:00,2025-01-28,12,1,겨울,8.2,7.2,0.0,0.0,70,2.1,40,60,0,0,선선함,나쁨
2025-01-28 13:00,2025-01-28,13,1,겨울,5.0,2.7,0.0,0.0,76,3.2,38,57,0,0,쌀쌀함,나쁨
2025-01-28 14:00,2025-01-28,14,1,겨울,3.1,-1.8,0.0,0.0,30,6.9,26,41,0,0,쌀쌀함,보통
2025-01-28 15:00,2025-01-28,15,1,겨울,3.2,-1.0,0.0,0.0,34,6.4,41,71,0,0,쌀쌀함,나쁨
2025-01-28 16:00,2025-01-28,16,1,겨울,1.3,-3.1,0.0,0.0,39,6.4,44,95,0,0,쌀쌀함,나쁨
2025-01-28 17:00,2025-01-28,17,1,겨울,-2.6,-5.6,0.0,0.0,69,5.5,59,113,0,0,추움,나쁨
2025-01-28 18:00,2025-01-28,18,1,겨울,1.4,-1.6,0.0,0.0,40,4.9,47,94,0,0,쌀쌀함,나쁨
2025-01-28 19:00,2025-01-28,19,1,겨울,-1.8,-7.5,0.0,0.0,86,7.0,42,82,0,0,추움,나쁨
2025-01-28 20:00,2025-01-28,20,1,겨울,-9.2,-10.8,0.0,0.0,32,2.2,23,40,0,0,추움,보통
2025-01-28 21:00,2025-01-28,21,1,겨울,-2.0,-3.8,0.0,0.0,30,2.8,18,29,0,0,추움,보통
2025-01-28 22:00,2025-01-28,22,1,겨울,-6.4,-10.2,0.0,0.0,61,5.1,44,79,0,0,추움,나쁨
2025-01-28 23:00,2025-01-28,23,1,겨울,-5.2,-9.5,0.0,0.0,68,6.0,39,85,0,0,추움,나쁨
2025-01-29 00:00,2025-01-29,0,1,겨울,-8.0,-10.2,0.0,0.0,35,2.1,46,89,0,0,추움,나쁨
2025-01-29 01:00,2025-01-29,1,1,겨울,-10.5,-12.6,0.0,0.0,70,2.9,35,52,0,0,추움,보통
2025-01-29 02:00,2025-01-29,2,1,겨울,-10.0,-10.0,0.0,0.0,30,0.6,50,86,0,0,추움,나쁨
2025-01-29 03:00,2025-01-29,3,1,겨울,-2.3,-6.8,0.0,0.0,68,7.6,29,51,0,0,추움,보통
2025-01-29 04:00,2025-01-29,4,1,겨울,-2.3,-5.0,0.0,0.0,36,3.9,60,107,0,0,추움,나쁨
2025-01-29 05:00,2025-01-29,5,1,겨울,-6.1,-11.7,0.0,0.0,34,8.0,61,124,0,0,추움,나쁨
2025-01-29 06:00,2025-01-29,6,1,겨울,-5.9,-7.5,0.0,0.0,62,1.9,5,10,0,0,추움,좋음
2025-01-29 07:00,2025-01-29,7,1,겨울,2.0,-2.5,0.0,0.0,32,7.3,42,79,0,0,쌀쌀함,나쁨
2025-01-29 08:00,2025-01-29,8,1,겨울,2.2,-2.6,0.0,0.0,79,7.8,23,47,0,0,쌀쌀함,보통
2025-01-29 09:00,2025-01-29,9,1,겨울,1.7,-3.6,0.0,0.0,66,7.6,43,76,0,0,쌀쌀함,나쁨
2025-01-29 10:00,2025-01-29,10,1,겨울,0.3,-4.3,0.0,0.0,59,6.7,21,44,0,0,추움,보통
2025-01-29 11:00,2025-01-29,11,1,겨울,0.6,-0.4,0.0,0.0,40,1.4,8,12,0,0,추움,좋음
2025-01-29 12:00,2025-01-29,12,1,겨울,1.2,-1.2,0.0,0.0,85,3.9,44,77,0,0,쌀쌀함,나쁨
2025-01-29 13:00,2025-01-29,13,1,겨울,4.3,-0.5,0.0,0.0,60,6.8,49,83,0,0,쌀쌀함,나쁨
2025-01-29 14:00,2025-01-29,14,1,겨울,3.3,2.5,0.0,0.0,30,1.6,46,83,0,0,쌀쌀함,나쁨
2025-01-29 15:00,2025-01-29,15,1,겨울,1.5,-3.5,0.0,0.0,81,6.4,72,126,0,0,쌀쌀함,나쁨
2025-01-29 16:00,2025-01-29,16,1,겨울,3.7,1.1,0.0,0.0,56,3.1,55,115,0,0,쌀쌀함,나쁨
2025-01-29 17:00,2025-01-29,17,1,겨울,-0.1,-0.4,0.0,0.0,69,1.2,38,72,0,0,추움,나쁨
2025-01-29 18:00,2025-01-29,18,1,겨울,-2.5,-6.1,0.0,0.0,72,4.6,29,54,0,0,추움,보통
2025-01-29 19:00,2025-01-29,19,1,겨울,-1.7,-4.5,0.0,0.0,37,5.7,36,66,0,0,추움,나쁨
2025-01-29 20:00,2025-01-29,20,1,겨울,-6.1,-11.1,0.0,0.0,67,7.3,37,79,0,0,추움,나쁨
2025-01-29 21:00,2025-01-29,21,1,겨울,-6.6,-10.1,0.0,0.0,38,5.3,51,92,0,0,추움,나쁨
2025-01-29 22:00,2025-01-29,22,1,겨울,-6.5,-9.0,0.0,0.0,41,3.3,38,59,0,0,추움,나쁨
2025-01-29 23:00,2025-01-29,23,1,겨울,-4.0,-8.2,0.0,0.0,83,6.1,48,93,0,0,추움,나쁨
2025-01-30 00:00,2025-01-30,0,1,겨울,-9.5,-12.7,0.0,0.0,78,4.5,51,108,0,0,추움,나쁨
2025-01-30 01:00,2025-01-30,1,1,겨울,-12.5,-14.1,0.0,0.0,39,1.8,46,90,0,0,추움,나쁨
2025-01-30 02:00,2025-01-30,2,1,겨울,-5.2,-6.1,0.0,0.0,61,1.1,38,68,0,0,추움,나쁨
2025-01-30 03:00,2025-01-30,3,1,겨울,-9.7,-14.9,0.0,0.0,81,6.6,51,95,0,0,추움,나쁨
2025-01-30 04:00,2025-01-30,4,1,겨울,-9.1,-11.2,0.0,0.0,61,3.8,61,94,0,0,추움,나쁨
2025-01-30 05:00,2025-01-30,5,1,겨울,-8.1,-10.5,0.0,0.0,86,4.5,13,24,0,0,추움,좋음
2025-01-30 06:00,2025-01-30,6,1,겨울,-6.4,-9.5,0.0,3.9,86,5.0,71,130,0,1,추움,나쁨
2025-01-30 07:00,2025-01-30,7,1,겨울,-1.2,-5.2,0.0,0.0,85,5.7,31,57,0,0,추움,보통
2025-01-30 08:00,2025-01-30,8,1,겨울,-4.6,-5.5,0.0,0.0,30,1.7,23,38,0,0,추움,보통
2025-01-30 09:00,2025-01-30,9,1,겨울,2.6,-1.7,0.0,0.0,41,6.7,56,86,0,0,쌀쌀함,나쁨
2025-01-30 10:00,2025-01-30,10,1,겨울,5.5,5.2,0.0,0.0,35,1.6,48,104,0,0,쌀쌀함,나쁨
2025-01-30 11:00,2025-01-30,11,1,겨울,2.5,-2.4,0.0,0.0,32,6.3,46,90,0,0,쌀쌀함,나쁨
2025-01-30 12:00,2025-01-30,12,1,겨울,-1.1,-4.1,0.0,0.0,68,4.3,53,103,0,0,추움,나쁨
2025-01-30 13:00,2025-01-30,13,1,겨울,7.2,1.5,0.0,0.0,36,7.0,54,90,0,0,쌀쌀함,나쁨
2025-01-30 14:00,2025-01-30,14,1,겨울,-0.6,-2.7,0.0,0.0,72,3.0,52,78,0,0,추움,나쁨
2025-01-30 15:00,2025-01-30,15,1,겨울,-5.1,-6.6,0.0,0.0,50,3.0,45,75,0,0,추움,나쁨
2025-01-30 16:00,2025-01-30,16,1,겨울,-0.8,-3.9,0.0,0.4,64,4.1,5,8,0,1,추움,좋음
2025-01-30 17:00,2025-01-30,17,1,겨울,-2.6,-7.8,0.0,0.0,58,6.0,54,108,0,0,추움,나쁨
2025-01-30 18:00,2025-01-30,18,1,겨울,-7.7,-8.6,0.0,0.0,50,1.7,52,110,0,0,추움,나쁨
2025-01-30 19:00,2025-01-30,19,1,겨울,0.4,-1.8,0.0,0.0,37,2.5,35,71,0,0,추움,보통
2025-01-30 20:00,2025-01-30,20,1,겨울,-1.6,-3.7,0.0,0.0,77,1.9,35,71,0,0,추움,보통
2025-01-30 21:00,2025-01-30,21,1,겨울,-7.2,-8.8,0.0,0.0,48,2.2,51,89,0,0,추움,나쁨
2025-01-30 22:00,2025-01-30,22,1,겨울,-5.8,-9.2,0.0,1.9,48,4.7,36,55,0,1,추움,나쁨
2025-01-30 23:00,2025-01-30,23,1,겨울,-9.7,-14.0,0.0,0.0,44,5.7,24,43,0,0,추움,보통
2025-01-31 00:00,2025-01-31,0,1,겨울,-8.6,-11.2,0.0,0.0,69,4.4,23,44,0,0,추움,보통
2025-01-31 01:00,2025-01-31,1,1,겨울,-11.4,-15.0,0.0,4.4,76,4.3,49,102,0,1,추움,나쁨
2025-01-31 02:00,2025-01-31,2,1,겨울,-8.8,-13.5,0.0,0.0,56,6.4,48,88,0,0,추움,나쁨
2025-01-31 03:00,2025-01-31,3,1,겨울,-8.3,-13.6,0.0,0.0,46,7.6,64,124,0,0,추움,나쁨
2025-01-31 04:00,2025-01-31,4,1,겨울,-5.2,-8.5,0.0,0.0,70,4.5,30,48,0,0,추움,보통
2025-01-31 05:00,2025-01-31,5,1,겨울,-7.7,-8.7,0.0,0.0,72,3.5,58,122,0,0,추움,나쁨
2025-01-31 06:00,2025-01-31,6,1,겨울,1.7,-2.2,0.0,0.0,85,5.8,43,75,0,0,쌀쌀함,나쁨
2025-01-31 07:00,2025-01-31,7,1,겨울,-5.1,-10.2,0.0,0.0,68,6.5,28,49,0,0,추움,보통
2025-01-31 08:00,2025-01-31,8,1,겨울,-0.2,-2.7,0.0,0.0,40,3.0,48,91,0,0,추움,나쁨
2025-01-31 09:00,2025-01-31,9,1,겨울,3.3,2.9,0.0,0.0,38,1.5,52,88,0,0,쌀쌀함,나쁨
2025-01-31 10:00,2025-01-31,10,1,겨울,1.0,-2.3,0.0,0.0,64,4.7,69,141,0,0,쌀쌀함,나쁨
2025-01-31 11:00,2025-01-31,11,1,겨울,-1.0,-3.6,0.0,0.0,49,3.6,28,59,0,0,추움,보통
2025-01-31 12:00,2025-01-31,12,1,겨울,7.8,5.1,0.0,0.0,47,3.8,20,37,0,0,쌀쌀함,보통
2025-01-31 13:00,2025-01-31,13,1,겨울,-0.9,-2.2,0.0,0.0,59,2.6,58,118,0,0,추움,나쁨
2025-01-31 14:00,2025-01-31,14,1,겨울,6.3,5.3,0.0,0.0,73,1.3,36,65,0,0,쌀쌀함,나쁨
2025-01-31 15:00,2025-01-31,15,1,겨울,1.2,-2.5,0.0,0.0,75,5.1,46,90,0,0,쌀쌀함,나쁨
2025-01-31 16:00,2025-01-31,16,1,겨울,-3.4,-4.4,0.0,0.0,32,1.7,39,78,0,0,추움,나쁨
2025-01-31 17:00,2025-01-31,17,1,겨울,1.5,-3.5,0.0,0.0,38,6.4,46,77,0,0,쌀쌀함,나쁨
2025-01-31 18:00,2025-01-31,18,1,겨울,-2.7,-7.7,0.0,0.0,55,6.8,25,51,0,0,추움,보통
2025-01-31 19:00,2025-01-31,19,1,겨울,-4.1,-7.7,0.0,0.0,45,5.1,88,163,0,0,추움,매우나쁨
2025-01-31 20:00,2025-01-31,20,1,겨울,-4.1,-7.7,0.0,0.0,62,3.7,39,68,0,0,추움,나쁨
2025-01-31 21:00,2025-01-31,21,1,겨울,-12.1,-13.6,0.0,0.0,35,2.1,40,62,0,0,추움,나쁨
2025-01-31 22:00,2025-01-31,22,1,겨울,-7.6,-10.6,0.0,0.0,79,4.6,29,44,0,0,추움,보통
2025-01-31 23:00,2025-01-31,23,1,겨울,-6.0,-10.7,0.0,0.0,41,5.9,45,76,0,0,추움,나쁨
2025-02-01 00:00,2025-02-01,0,2,겨울,-8.4,-10.5,0.0,0.0,69,3.5,56,112,0,0,추움,나쁨
2025-02-01 01:00,2025-02-01,1,2,겨울,-7.0,-8.5,0.0,0.0,31,0.8,54,81,0,0,추움,나쁨
2025-02-01 02:00,2025-02-01,2,2,겨울,-4.7,-7.9,0.0,2.6,57,5.1,46,95,0,1,추움,나쁨
2025-02-01 03:00,2025-02-01,3,2,겨울,-7.2,-11.7,0.0,0.0,82,6.6,36,69,0,0,추움,나쁨
2025-02-01 04:00,2025-02-01,4,2,겨울,2.7,-0.8,0.0,0.0,31,5.6,55,110,0,0,쌀쌀함,나쁨
2025-02-01 05:00,2025-02-01,5,2,겨울,1.8,-2.4,0.0,0.0,59,7.1,45,78,0,0,쌀쌀함,나쁨
2025-02-01 06:00,2025-02-01,6,2,겨울,-5.9,-7.7,0.0,0.0,61,2.4,29,63,0,0,추움,보통
2025-02-01 07:00,2025-02-01,7,2,겨울,-1.3,-5.2,0.0,0.0,50,5.2,36,77,0,0,추움,나쁨
2025-02-01 08:00,2025-02-01,8,2,겨울,0.7,-0.4,0.0,0.0,53,1.1,42,88,0,0,추움,나쁨
2025-02-01 09:00,2025-02-01,9,2,겨울,-2.2,-7.1,0.0,0.0,60,7.8,41,76,0,0,추움,나쁨
2025-02-01 10:00,2025-02-01,10,2,겨울,7.5,4.0,0.0,0.0,68,6.2,7,14,0,0,쌀쌀함,좋음
2025-02-01 11:00,2025-02-01,11,2,겨울,6.2,2.0,0.0,0.0,31,6.2,56,112,0,0,쌀쌀함,나쁨
2025-02-01 12:00,2025-02-01,12,2,겨울,5.5,3.8,0.0,0.0,74,2.0,51,83,0,0,쌀쌀함,나쁨
2025-02-01 13:00,2025-02-01,13,2,겨울,9.1,6.3,0.0,0.0,88,3.6,41,63,0,0,선선함,나쁨
2025-02-01 14:00,2025-02-01,14,2,겨울,6.6,1.6,0.0,0.0,61,7.0,53,80,0,0,쌀쌀함,나쁨
2025-02-01 15:00,2025-02-01,15,2,겨울,0.6,-2.7,0.0,0.0,46,5.3,50,89,0,0,추움,나쁨
2025-02-01 16:00,2025-02-01,16,2,겨울,1.8,-1.2,0.0,0.0,43,4.4,44,75,0,0,쌀쌀함,나쁨
2025-02-01 17:00,2025-02-01,17,2,겨울,7.8,4.5,0.0,0.0,45,4.2,45,85,0,0,쌀쌀함,나쁨
2025-02-01 18:00,2025-02-01,18,2,겨울,-2.1,-5.4,0.0,0.0,48,5.4,42,73,0,0,추움,나쁨
2025-02-01 19:00,2025-02-01,19,2,겨울,3.2,-1.9,0.0,0.0,77,6.9,54,104,0,0,쌀쌀함,나쁨
2025-02-01 20:00,2025-02-01,20,2,겨울,-4.7,-7.5,0.0,0.0,49,4.2,47,91,0,0,추움,나쁨
2025-02-01 21:00,2025-02-01,21,2,겨울,0.1,-4.7,0.0,3.6,49,6.1,60,91,0,1,추움,나쁨
2025-02-01 22:00,2025-02-01,22,2,겨울,-10.2,-12.3,0.0,0.0,68,3.2,47,95,0,0,추움,나쁨
2025-02-01 23:00,2025-02-01,23,2,겨울,-6.0,-10.5,0.0,0.0,35,6.3,42,80,0,0,추움,나쁨
2025-02-02 00:00,2025-02-02,0,2,겨울,-0.7,-6.1,0.0,0.0,69,7.1,57,117,0,0,추움,나쁨
2025-02-02 01:00,2025-02-02,1,2,겨울,0.1,-1.3,0.0,1.0,70,1.3,47,85,0,1,추움,나쁨
2025-02-02 02:00,2025-02-02,2,2,겨울,-1.7,-4.5,0.0,0.0,33,3.1,41,80,0,0,추움,나쁨
2025-02-02 03:00,2025-02-02,3,2,겨울,-2.4,-5.8,0.0,0.0,60,4.5,36,75,0,0,추움,나쁨
2025-02-02 04:00,2025-02-02,4,2,겨울,-1.3,-5.5,0.0,0.0,58,4.4,65,129,0,0,추움,나쁨
2025-02-02 05:00,2025-02-02,5,2,겨울,2.4,1.6,0.0,0.0,78,0.7,60,99,0,0,쌀쌀함,나쁨
2025-02-02 06:00,2025-02-02,6,2,겨울,1.2,-4.3,0.0,0.0,44,7.9,51,105,0,0,쌀쌀함,나쁨
2025-02-02 07:00,2025-02-02,7,2,겨울,4.7,1.0,0.0,0.0,78,6.6,37,60,0,0,쌀쌀함,나쁨
2025-02-02 08:00,2025-02-02,8,2,겨울,5.9,3.0,0.0,0.0,86,5.1,83,151,0,0,쌀쌀함,매우나쁨
2025-02-02 09:00,2025-02-02,9,2,겨울,0.2,-1.0,0.0,0.0,53,0.5,72,126,0,0,추움,나쁨
2025-02-02 10:00,2025-02-02,10,2,겨울,5.1,2.6,0.0,0.0,52,4.6,67,129,0,0,쌀쌀함,나쁨
2025-02-02 11:00,2025-02-02,11,2,겨울,0.9,-4.6,0.0,0.0,68,6.2,56,111,0,0,추움,나쁨
2025-02-02 12:00,2025-02-02,12,2,겨울,4.4,-1.2,0.0,0.0,71,7.8,46,94,0,0,쌀쌀함,나쁨
2025-02-02 13:00,2025-02-02,13,2,겨울,7.8,5.2,0.0,0.0,46,4.3,60,131,0,0,쌀쌀함,나쁨
2025-02-02 14:00,2025-02-02,14,2,겨울,6.4,2.4,0.0,0.0,80,4.2,54,107,0,0,쌀쌀함,나쁨
2025-02-02 15:00,2025-02-02,15,2,겨울,-0.7,-5.0,0.0,0.0,31,6.1,54,102,0,0,추움,나쁨
2025-02-02 16:00,2025-02-02,16,2,겨울,5.0,2.7,0.0,0.0,43,3.5,43,77,0,0,쌀쌀함,나쁨
2025-02-02 17:00,2025-02-02,17,2,겨울,4.0,-0.4,0.0,0.0,67,6.1,49,106,0,0,쌀쌀함,나쁨
2025-02-02 18:00,2025-02-02,18,2,겨울,3.5,-0.6,0.0,0.0,56,5.1,40,75,0,0,쌀쌀함,나쁨
2025-02-02 19:00,2025-02-02,19,2,겨울,-0.3,-1.2,0.0,0.0,67,2.0,62,102,0,0,추움,나쁨
2025-02-02 20:00,2025-02-02,20,2,겨울,-4.8,-10.9,0.0,0.0,51,7.3,46,78,0,0,추움,나쁨
2025-02-02 21:00,2025-02-02,21,2,겨울,-1.6,-5.4,0.0,0.0,82,5.8,83,144,0,0,추움,매우나쁨
2025-02-02 22:00,2025-02-02,22,2,겨울,-9.9,-14.2,0.0,0.0,34,5.6,41,90,0,0,추움,나쁨
2025-02-02 23:00,2025-02-02,23,2,겨울,-10.6,-14.3,0.0,0.0,35,5.8,52,100,0,0,추움,나쁨
2025-02-03 00:00,2025-02-03,0,2,겨울,-2.7,-5.6,0.0,0.0,68,5.0,76,134,0,0,추움,매우나쁨
2025-02-03 01:00,2025-02-03,1,2,겨울,1.2,-0.7,0.0,0.0,40,2.9,37,75,0,0,쌀쌀함,나쁨
2025-02-03 02:00,2025-02-03,2,2,겨울,-5.9,-8.6,0.0,0.0,50,5.1,67,128,0,0,추움,나쁨
2025-02-03 03:00,2025-02-03,3,2,겨울,-0.1,-5.2,0.0,0.0,72,6.9,35,71,0,0,추움,보통
2025-02-03 04:00,2025-02-03,4,2,겨울,1.9,0.8,0.0,0.0,81,0.6,51,109,0,0,쌀쌀함,나쁨
2025-02-03 05:00,2025-02-03,5,2,겨울,1.9,-4.4,0.0,0.0,39,8.0,48,73,0,0,쌀쌀함,나쁨
2025-02-03 06:00,2025-02-03,6,2,겨울,-0.3,-1.6,0.0,0.0,44,1.5,47,94,0,0,추움,나쁨
2025-02-03 07:00,2025-02-03,7,2,겨울,2.5,-1.8,0.0,0.0,32,6.5,72,127,0,0,쌀쌀함,나쁨
2025-02-03 08:00,2025-02-03,8,2,겨울,2.1,-3.1,0.0,0.0,86,6.5,70,136,0,0,쌀쌀함,나쁨
2025-02-03 09:00,2025-02-03,9,2,겨울,4.7,-0.0,0.0,0.0,34,6.7,60,128,0,0,쌀쌀함,나쁨
2025-02-03 10:00,2025-02-03,10,2,겨울,8.3,8.5,0.0,0.0,32,1.6,48,80,0,0,선선함,나쁨
2025-02-03 11:00,2025-02-03,11,2,겨울,1.3,-0.9,0.0,0.0,42,1.8,24,37,0,0,쌀쌀함,보통
2025-02-03 12:00,2025-02-03,12,2,겨울,9.7,9.2,0.0,0.0,75,1.6,60,91,0,0,선선함,나쁨
2025-02-03 13:00,2025-02-03,13,2,겨울,8.2,2.5,0.0,0.0,79,7.6,49,78,0,0,선선함,나쁨
2025-02-03 14:00,2025-02-03,14,2,겨울,1.7,-1.7,0.0,0.0,90,4.5,38,81,0,0,쌀쌀함,나쁨
2025-02-03 15:00,2025-02-03,15,2,겨울,8.0,7.3,0.0,0.0,43,0.9,53,113,0,0,선선함,나쁨
2025-02-03 16:00,2025-02-03,16,2,겨울,1.8,-1.3,0.0,0.0,64,3.9,53,102,0,0,쌀쌀함,나쁨
2025-02-03 17:00,2025-02-03,17,2,겨울,0.4,-1.8,0.0,0.0,85,2.2,47,94,0,0,추움,나쁨
2025-02-03 18:00,2025-02-03,18,2,겨울,2.9,-1.3,0.0,0.0,65,6.1,56,98,0,0,쌀쌀함,나쁨
2025-02-03 19:00,2025-02-03,19,2,겨울,-2.1,-7.0,0.0,0.0,30,7.7,85,155,0,0,추움,매우나쁨
2025-02-03 20:00,2025-02-03,20,2,겨울,-8.3,-13.4,0.0,0.0,58,7.2,45,83,0,0,추움,나쁨
2025-02-03 21:00,2025-02-03,21,2,겨울,-2.1,-3.1,0.0,2.3,31,1.5,66,117,0,1,추움,나쁨
2025-02-03 22:00,2025-02-03,22,2,겨울,-4.7,-8.7,0.0,0.0,53,4.9,84,149,0,0,추움,매우나쁨
2025-02-03 23:00,2025-02-03,23,2,겨울,-4.6,-7.8,0.0,0.0,42,5.8,57,124,0,0,추움,나쁨
2025-02-04 00:00,2025-02-04,0,2,겨울,-5.8,-6.2,0.0,0.0,32,1.2,54,103,0,0,추움,나쁨
2025-02-04 01:00,2025-02-04,1,2,겨울,-10.2,-14.7,0.0,0.0,43,5.8,66,132,0,0,추움,나쁨
2025-02-04 02:00,2025-02-04,2,2,겨울,-9.8,-12.9,0.0,3.3,41,3.4,51,101,0,1,추움,나쁨
2025-02-04 03:00,2025-02-04,3,2,겨울,-8.6,-12.8,0.0,0.0,42,5.4,56,107,0,0,추움,나쁨
2025-02-04 04:00,2025-02-04,4,2,겨울,-3.8,-7.6,0.0,0.0,54,5.9,30,61,0,0,추움,보통
2025-02-04 05:00,2025-02-04,5,2,겨울,-0.4,-5.4,0.0,0.0,33,7.6,48,101,0,0,추움,나쁨
2025-02-04 06:00,2025-02-04,6,2,겨울,-4.6,-10.0,0.0,0.0,60,6.8,71,141,0,0,추움,나쁨
2025-02-04 07:00,2025-02-04,7,2,겨울,-3.4,-9.4,0.0,0.0,32,7.8,51,81,0,0,추움,나쁨
2025-02-04 08:00,2025-02-04,8,2,겨울,0.5,-3.8,0.0,3.5,53,6.8,79,133,0,1,추움,매우나쁨
2025-02-04 09:00,2025-02-04,9,2,겨울,-1.3,-3.0,0.0,2.5,55,2.5,51,92,0,1,추움,나쁨
2025-02-04 10:00,2025-02-04,10,2,겨울,2.2,-2.7,0.0,0.0,51,6.8,62,115,0,0,쌀쌀함,나쁨
2025-02-04 11:00,2025-02-04,11,2,겨울,6.3,3.5,0.0,0.0,35,4.2,38,76,0,0,쌀쌀함,나쁨
2025-02-04 12:00,2025-02-04,12,2,겨울,5.2,4.0,0.0,0.0,55,2.2,47,83,0,0,쌀쌀함,나쁨
2025-02-04 13:00,2025-02-04,13,2,겨울,2.6,0.4,0.0,0.0,84,2.8,44,77,0,0,쌀쌀함,나쁨
2025-02-04 14:00,2025-02-04,14,2,겨울,8.2,6.4,0.0,0.0,82,2.0,51,80,0,0,선선함,나쁨
2025-02-04 15:00,2025-02-04,15,2,겨울,5.8,1.0,0.0,0.0,84,7.9,60,98,0,0,쌀쌀함,나쁨
2025-02-04 16:00,2025-02-04,16,2,겨울,5.0,-0.6,0.0,0.0,40,6.6,42,66,0,0,쌀쌀함,나쁨
2025-02-04 17:00,2025-02-04,17,2,겨울,-3.9,-9.4,0.0,0.0,74,7.0,32,70,0,0,추움,보통
2025-02-04 18:00,2025-02-04,18,2,겨울,-2.9,-4.6,0.0,0.0,58,1.9,50,103,0,0,추움,나쁨
2025-02-04 19:00,2025-02-04,19,2,겨울,-2.6,-8.0,0.0,0.0,33,5.8,60,99,0,0,추움,나쁨
2025-02-04 20:00,2025-02-04,20,2,겨울,-4.4,-8.4,0.0,0.0,58,4.7,73,147,0,0,추움,나쁨
2025-02-04 21:00,2025-02-04,21,2,겨울,-5.2,-5.6,0.0,0.0,43,1.2,32,69,0,0,추움,보통
2025-02-04 22:00,2025-02-04,22,2,겨울,-8.0,-13.4,0.0,0.0,61,6.2,22,39,0,0,추움,보통
2025-02-04 23:00,2025-02-04,23,2,겨울,-0.6,-3.2,0.0,0.0,67,4.4,42,81,0,0,추움,나쁨
2025-02-05 00:00,2025-02-05,0,2,겨울,-0.8,-4.1,0.0,0.0,41,4.2,70,130,0,0,추움,나쁨
2025-02-05 01:00,2025-02-05,1,2,겨울,0.1,-0.5,0.0,0.0,78,2.0,32,53,0,0,추움,보통
2025-02-05 02:00,2025-02-05,2,2,겨울,-2.0,-3.3,0.0,2.7,41,2.3,41,70,0,1,추움,나쁨
2025-02-05 03:00,2025-02-05,3,2,겨울,1.1,-0.6,0.0,0.0,77,1.3,74,152,0,0,쌀쌀함,나쁨
2025-02-05 04:00,2025-02-05,4,2,겨울,-1.7,-2.9,0.0,0.0,47,1.2,45,93,0,0,추움,나쁨
2025-02-05 05:00,2025-02-05,5,2,겨울,-5.3,-8.6,0.0,0.0,43,4.5,49,102,0,0,추움,나쁨
2025-02-05 06:00,2025-02-05,6,2,겨울,-0.3,-4.3,0.0,0.0,85,5.7,53,108,0,0,추움,나쁨
2025-02-05 07:00,2025-02-05,7,2,겨울,0.3,-3.7,0.0,0.0,31,4.6,61,113,0,0,추움,나쁨
2025-02-05 08:00,2025-02-05,8,2,겨울,1.6,-1.1,0.0,0.0,38,3.4,47,97,0,0,쌀쌀함,나쁨
2025-02-05 09:00,2025-02-05,9,2,겨울,8.3,5.0,0.0,0.0,34,5.4,22,39,0,0,선선함,보통
2025-02-05 10:00,2025-02-05,10,2,겨울,4.6,0.4,0.0,0.0,30,5.5,48,76,0,0,쌀쌀함,나쁨
2025-02-05 11:00,2025-02-05,11,2,겨울,0.9,-4.1,0.0,0.0,75,6.4,55,87,0,0,추움,나쁨
2025-02-05 12:00,2025-02-05,12,2,겨울,5.6,3.9,0.0,0.0,84,1.3,7,13,0,0,쌀쌀함,좋음
2025-02-05 13:00,2025-02-05,13,2,겨울,10.1,6.7,0.0,0.0,76,6.3,68,102,0,0,선선함,나쁨
2025-02-05 14:00,2025-02-05,14,2,겨울,1.1,-0.7,0.0,0.0,43,2.5,46,100,0,0,쌀쌀함,나쁨
2025-02-05 15:00,2025-02-05,15,2,겨울,3.8,0.3,0.0,0.0,31,5.3,25,44,0,0,쌀쌀함,보통
2025-02-05 16:00,2025-02-05,16,2,겨울,1.6,-0.0,0.0,0.0,79,3.8,43,73,0,0,쌀쌀함,나쁨
2025-02-05 17:00,2025-02-05,17,2,겨울,3.9,3.4,0.0,0.0,34,1.8,76,150,0,0,쌀쌀함,매우나쁨
2025-02-05 18:00,2025-02-05,18,2,겨울,-2.3,-7.2,0.0,0.3,66,7.3,61,98,0,1,추움,나쁨
2025-02-05 19:00,2025-02-05,19,2,겨울,2.1,-1.7,0.0,0.0,61,5.0,52,91,0,0,쌀쌀함,나쁨
2025-02-05 20:00,2025-02-05,20,2,겨울,-8.0,-10.7,0.0,0.0,66,3.1,48,97,0,0,추움,나쁨
2025-02-05 21:00,2025-02-05,21,2,겨울,-5.1,-8.3,0.0,0.0,76,4.1,17,26,0,0,추움,보통
2025-02-05 22:00,2025-02-05,22,2,겨울,-6.2,-11.1,0.0,0.0,50,7.9,49,77,0,0,추움,나쁨
2025-02-05 23:00,2025-02-05,23,2,겨울,0.0,-2.1,0.0,0.0,81,3.3,64,134,0,0,추움,나쁨
2025-02-06 00:00,2025-02-06,0,2,겨울,-5.0,-8.3,0.0,0.0,50,3.9,37,63,0,0,추움,나쁨
2025-02-06 01:00,2025-02-06,1,2,겨울,-0.6,-3.5,0.0,0.0,60,3.7,58,93,0,0,추움,나쁨
2025-02-06 02:00,2025-02-06,2,2,겨울,-6.3,-8.1,0.0,0.0,33,2.6,38,63,0,0,추움,나쁨
2025-02-06 03:00,2025-02-06,3,2,겨울,-1.1,-4.9,0.0,0.0,49,4.8,59,90,0,0,추움,나쁨
2025-02-06 04:00,2025-02-06,4,2,겨울,0.2,0.1,0.0,0.0,55,1.7,30,55,0,0,추움,보통
2025-02-06 05:00,2025-02-06,5,2,겨울,-1.9,-3.5,0.0,0.7,55,1.2,55,101,0,1,추움,나쁨
2025-02-06 06:00,2025-02-06,6,2,겨울,3.7,0.3,0.0,0.0,81,5.5,29,44,0,0,쌀쌀함,보통
2025-02-06 07:00,2025-02-06,7,2,겨울,4.1,2.6,0.0,0.0,89,2.4,26,49,0,0,쌀쌀함,보통
2025-02-06 08:00,2025-02-06,8,2,겨울,2.6,-0.5,0.0,0.0,33,4.1,42,82,0,0,쌀쌀함,나쁨
2025-02-06 09:00,2025-02-06,9,2,겨울,3.5,1.8,0.0,0.0,55,1.8,45,82,0,0,쌀쌀함,나쁨
2025-02-06 10:00,2025-02-06,10,2,겨울,0.1,-4.9,0.0,0.0,39,6.5,51,107,0,0,추움,나쁨
2025-02-06 11:00,2025-02-06,11,2,겨울,-0.5,-5.8,0.0,0.0,41,7.3,35,57,0,0,추움,보통
2025-02-06 12:00,2025-02-06,12,2,겨울,0.9,-4.1,0.0,0.0,61,7.8,42,89,0,0,추움,나쁨
2025-02-06 13:00,2025-02-06,13,2,겨울,-1.5,-3.8,0.0,0.0,66,2.2,49,88,0,0,추움,나쁨
2025-02-06 14:00,2025-02-06,14,2,겨울,4.1,3.6,0.0,0.0,56,1.1,67,110,0,0,쌀쌀함,나쁨
2025-02-06 15:00,2025-02-06,15,2,겨울,1.5,-1.8,0.0,0.0,90,5.8,66,137,0,0,쌀쌀함,나쁨
2025-02-06 16:00,2025-02-06,16,2,겨울,-2.2,-4.3,0.0,0.0,85,3.0,51,101,0,0,추움,나쁨
2025-02-06 17:00,2025-02-06,17,2,겨울,1.0,-3.8,0.0,0.0,87,7.4,72,116,0,0,쌀쌀함,나쁨
2025-02-06 18:00,2025-02-06,18,2,겨울,0.8,-1.1,0.0,0.0,30,3.0,48,80,0,0,추움,나쁨
2025-02-06 19:00,2025-02-06,19,2,겨울,-6.0,-8.8,0.0,0.0,51,3.8,83,165,0,0,추움,매우나쁨
2025-02-06 20:00,2025-02-06,20,2,겨울,-2.8,-6.4,0.0,0.0,31,5.8,71,120,0,0,추움,나쁨
2025-02-06 21:00,2025-02-06,21,2,겨울,-2.6,-7.9,0.0,4.3,73,7.6,43,77,0,1,추움,나쁨
2025-02-06 22:00,2025-02-06,22,2,겨울,-2.0,-7.7,0.0,0.0,90,8.0,40,65,0,0,추움,나쁨
2025-02-06 23:00,2025-02-06,23,2,겨울,-8.5,-11.8,0.0,0.0,68,3.3,46,86,0,0,추움,나쁨
2025-02-07 00:00,2025-02-07,0,2,겨울,-9.2,-10.2,0.0,0.0,51,1.4,66,110,0,0,추움,나쁨
2025-02-07 01:00,2025-02-07,1,2,겨울,0.7,0.1,0.0,0.0,71,2.1,38,73,0,0,추움,나쁨
2025-02-07 02:00,2025-02-07,2,2,겨울,-6.2,-10.8,0.0,0.0,73,7.0,58,116,0,0,추움,나쁨
2025-02-07 03:00,2025-02-07,3,2,겨울,-4.5,-8.0,0.0,0.0,30,4.6,54,82,0,0,추움,나쁨
2025-02-07 04:00,2025-02-07,4,2,겨울,0.3,-3.7,0.0,2.6,72,6.5,69,139,0,1,추움,나쁨
2025-02-07 05:00,2025-02-07,5,2,겨울,0.8,-1.5,0.0,0.0,62,4.0,35,56,0,0,추움,보통
2025-02-07 06:00,2025-02-07,6,2,겨울,1.4,0.3,0.0,0.0,75,2.1,44,85,0,0,쌀쌀함,나쁨
2025-02-07 07:00,2025-02-07,7,2,겨울,-2.3,-6.1,0.0,0.0,53,6.1,37,69,0,0,추움,나쁨
2025-02-07 08:00,2025-02-07,8,2,겨울,6.0,-0.1,0.0,0.0,54,7.7,67,135,0,0,쌀쌀함,나쁨
2025-02-07 09:00,2025-02-07,9,2,겨울,0.6,-0.2,0.0,0.0,58,1.7,81,122,0,0,추움,매우나쁨
2025-02-07 10:00,2025-02-07,10,2,겨울,6.4,2.9,0.0,0.0,33,4.2,60,105,0,0,쌀쌀함,나쁨
2025-02-07 11:00,2025-02-07,11,2,겨울,6.9,1.4,0.0,0.0,83,6.9,63,115,0,0,쌀쌀함,나쁨
2025-02-07 12:00,2025-02-07,12,2,겨울,8.5,7.7,0.0,0.0,49,2.0,39,78,0,0,선선함,나쁨
2025-02-07 13:00,2025-02-07,13,2,겨울,-0.2,-2.9,0.0,0.0,40,2.8,69,143,0,0,추움,나쁨
2025-02-07 14:00,2025-02-07,14,2,겨울,4.6,3.4,0.0,0.0,57,1.8,36,55,0,0,쌀쌀함,나쁨
2025-02-07 15:00,2025-02-07,15,2,겨울,6.0,3.6,0.0,0.0,81,3.3,50,79,0,0,쌀쌀함,나쁨
2025-02-07 16:00,2025-02-07,16,2,겨울,2.2,2.1,0.0,0.0,65,1.4,40,68,0,0,쌀쌀함,나쁨
2025-02-07 17:00,2025-02-07,17,2,겨울,3.4,0.3,0.0,0.0,70,6.0,45,78,0,0,쌀쌀함,나쁨
2025-02-07 18:00,2025-02-07,18,2,겨울,2.4,-1.3,0.0,0.0,57,5.4,58,100,0,0,쌀쌀함,나쁨
2025-02-07 19:00,2025-02-07,19,2,겨울,-5.2,-6.1,0.0,0.0,75,1.6,70,150,0,0,추움,나쁨
2025-02-07 20:00,2025-02-07,20,2,겨울,-3.2,-6.3,0.0,0.0,74,5.1,33,71,0,0,추움,보통
2025-02-07 21:00,2025-02-07,21,2,겨울,-5.4,-7.3,0.0,0.0,52,2.2,38,66,0,0,추움,나쁨
2025-02-07 22:00,2025-02-07,22,2,겨울,-7.7,-8.7,0.0,1.3,69,1.7,53,114,0,1,추움,나쁨
2025-02-07 23:00,2025-02-07,23,2,겨울,-10.1,-12.1,0.0,0.0,63,3.5,49,91,0,0,추움,나쁨
2025-02-08 00:00,2025-02-08,0,2,겨울,-9.0,-11.6,0.0,0.0,48,3.5,54,81,0,0,추움,나쁨
2025-02-08 01:00,2025-02-08,1,2,겨울,-2.0,-3.2,0.0,0.0,70,2.9,39,59,0,0,추움,나쁨
2025-02-08 02:00,2025-02-08,2,2,겨울,-2.6,-6.8,0.0,0.0,48,5.7,41,68,0,0,추움,나쁨
2025-02-08 03:00,2025-02-08,3,2,겨울,0.0,-4.7,0.0,3.1,66,6.0,34,71,0,1,추움,보통
2025-02-08 04:00,2025-02-08,4,2,겨울,1.3,-2.2,0.0,0.0,90,4.5,56,107,0,0,쌀쌀함,나쁨
2025-02-08 05:00,2025-02-08,5,2,겨울,2.7,0.9,0.0,0.0,77,2.6,41,78,0,0,쌀쌀함,나쁨
2025-02-08 06:00,2025-02-08,6,2,겨울,-2.6,-4.7,0.0,0.0,80,2.6,59,109,0,0,추움,나쁨
2025-02-08 07:00,2025-02-08,7,2,겨울,2.1,1.2,0.0,0.0,81,2.0,60,96,0,0,쌀쌀함,나쁨
2025-02-08 08:00,2025-02-08,8,2,겨울,3.5,0.2,0.0,0.0,77,5.1,53,108,0,0,쌀쌀함,나쁨
2025-02-08 09:00,2025-02-08,9,2,겨울,-1.3,-5.2,0.0,0.0,50,6.7,68,117,0,0,추움,나쁨
2025-02-08 10:00,2025-02-08,10,2,겨울,6.2,4.7,0.0,0.0,36,1.7,61,111,0,0,쌀쌀함,나쁨
2025-02-08 11:00,2025-02-08,11,2,겨울,4.6,3.2,0.0,0.0,79,1.7,70,147,0,0,쌀쌀함,나쁨
2025-02-08 12:00,2025-02-08,12,2,겨울,7.4,5.7,0.0,0.0,88,1.8,38,79,0,0,쌀쌀함,나쁨
2025-02-08 13:00,2025-02-08,13,2,겨울,9.6,4.5,0.0,0.0,60,7.2,64,133,0,0,선선함,나쁨
2025-02-08 14:00,2025-02-08,14,2,겨울,4.8,2.5,0.0,0.0,61,2.6,54,117,0,0,쌀쌀함,나쁨
2025-02-08 15:00,2025-02-08,15,2,겨울,7.9,3.1,0.0,0.0,88,7.3,48,79,0,0,쌀쌀함,나쁨
2025-02-08 16:00,2025-02-08,16,2,겨울,-1.3,-6.9,0.0,0.0,51,8.0,76,145,0,0,추움,매우나쁨
2025-02-08 17:00,2025-02-08,17,2,겨울,1.7,-1.9,0.0,0.0,54,4.8,39,78,0,0,쌀쌀함,나쁨
2025-02-08 18:00,2025-02-08,18,2,겨울,-0.8,-0.9,0.0,0.0,78,1.0,50,87,0,0,추움,나쁨
2025-02-08 19:00,2025-02-08,19,2,겨울,-5.5,-9.0,0.0,0.0,50,4.6,52,100,0,0,추움,나쁨
2025-02-08 20:00,2025-02-08,20,2,겨울,2.9,-2.3,0.0,0.0,48,7.2,46,94,0,0,쌀쌀함,나쁨
2025-02-08 21:00,2025-02-08,21,2,겨울,-3.7,-9.1,0.0,3.1,83,7.4,62,128,0,1,추움,나쁨
2025-02-08 22:00,2025-02-08,22,2,겨울,-3.8,-6.1,0.0,0.0,37,4.1,74,114,0,0,추움,나쁨
2025-02-08 23:00,2025-02-08,23,2,겨울,-2.8,-7.4,0.0,0.0,83,6.7,66,144,0,0,추움,나쁨
2025-02-09 00:00,2025-02-09,0,2,겨울,-2.0,-7.1,0.0,0.0,55,7.6,32,49,0,0,추움,보통
2025-02-09 01:00,2025-02-09,1,2,겨울,-3.6,-5.3,0.0,0.0,69,1.8,38,70,0,0,추움,나쁨
2025-02-09 02:00,2025-02-09,2,2,겨울,-6.8,-11.0,0.0,0.0,32,6.0,64,121,0,0,추움,나쁨
2025-02-09 03:00,2025-02-09,3,2,겨울,-5.7,-11.4,0.0,0.0,54,7.0,36,59,0,0,추움,나쁨
2025-02-09 04:00,2025-02-09,4,2,겨울,-6.5,-9.1,0.0,1.7,87,2.9,48,94,0,1,추움,나쁨
2025-02-09 05:00,2025-02-09,5,2,겨울,-1.3,-1.9,0.0,0.0,60,1.7,34,51,0,0,추움,보통
2025-02-09 06:00,2025-02-09,6,2,겨울,-0.9,-1.8,1.5,0.0,42,0.6,19,34,1,0,추움,보통
2025-02-09 07:00,2025-02-09,7,2,겨울,-0.0,0.1,0.0,0.0,79,1.1,22,33,0,0,추움,보통
2025-02-09 08:00,2025-02-09,8,2,겨울,0.3,-0.1,0.0,0.0,43,1.0,39,60,0,0,추움,나쁨
2025-02-09 09:00,2025-02-09,9,2,겨울,6.7,3.5,0.0,0.0,64,4.5,59,128,0,0,쌀쌀함,나쁨
2025-02-09 10:00,2025-02-09,10,2,겨울,6.8,5.0,0.0,0.0,48,2.6,52,114,0,0,쌀쌀함,나쁨
2025-02-09 11:00,2025-02-09,11,2,겨울,9.3,8.6,0.0,0.0,47,2.9,54,92,0,0,선선함,나쁨
2025-02-09 12:00,2025-02-09,12,2,겨울,0.1,-2.8,0.0,0.0,84,4.7,56,117,0,0,추움,나쁨
2025-02-09 13:00,2025-02-09,13,2,겨울,1.8,-0.8,0.0,0.0,81,4.0,48,85,0,0,쌀쌀함,나쁨
2025-02-09 14:00,2025-02-09,14,2,겨울,7.9,2.9,0.0,0.0,85,6.9,66,101,0,0,쌀쌀함,나쁨
2025-02-09 15:00,2025-02-09,15,2,겨울,1.4,-0.7,0.0,0.0,53,4.3,52,112,0,0,쌀쌀함,나쁨
2025-02-09 16:00,2025-02-09,16,2,겨울,5.3,4.9,0.0,0.0,85,1.0,52,79,0,0,쌀쌀함,나쁨
2025-02-09 17:00,2025-02-09,17,2,겨울,-1.4,-2.3,0.0,0.0,80,1.7,74,148,0,0,추움,나쁨
2025-02-09 18:00,2025-02-09,18,2,겨울,1.7,-2.6,0.0,0.0,66,6.3,45,81,0,0,쌀쌀함,나쁨
2025-02-09 19:00,2025-02-09,19,2,겨울,-2.8,-5.6,0.0,0.0,48,3.9,53,96,0,0,추움,나쁨
2025-02-09 20:00,2025-02-09,20,2,겨울,-4.7,-7.9,0.0,0.0,34,3.8,53,91,0,0,추움,나쁨
2025-02-09 21:00,2025-02-09,21,2,겨울,-8.0,-11.3,0.0,0.0,76,4.6,70,145,0,0,추움,나쁨
2025-02-09 22:00,2025-02-09,22,2,겨울,-4.0,-7.9,0.0,0.0,45,6.2,67,147,0,0,추움,나쁨
2025-02-09 23:00,2025-02-09,23,2,겨울,-1.5,-6.4,0.0,0.0,77,7.0,33,65,0,0,추움,보통
2025-02-10 00:00,2025-02-10,0,2,겨울,-6.4,-12.0,0.0,0.0,56,7.0,37,78,0,0,추움,나쁨
2025-02-10 01:00,2025-02-10,1,2,겨울,-4.2,-7.9,0.0,0.0,30,6.0,51,88,0,0,추움,나쁨
2025-02-10 02:00,2025-02-10,2,2,겨울,-2.0,-7.1,0.0,0.0,77,7.6,51,102,0,0,추움,나쁨
2025-02-10 03:00,2025-02-10,3,2,겨울,-7.5,-12.3,0.0,0.0,78,6.0,78,124,0,0,추움,매우나쁨
2025-02-10 04:00,2025-02-10,4,2,겨울,-2.6,-7.1,0.0,0.0,58,6.9,59,120,0,0,추움,나쁨
2025-02-10 05:00,2025-02-10,5,2,겨울,-5.2,-7.8,0.0,0.0,46,4.8,49,102,0,0,추움,나쁨
2025-02-10 06:00,2025-02-10,6,2,겨울,1.4,-4.6,0.0,0.0,70,6.5,59,97,0,0,쌀쌀함,나쁨
2025-02-10 07:00,2025-02-10,7,2,겨울,4.3,-0.8,0.0,0.0,32,7.0,29,60,0,0,쌀쌀함,보통
2025-02-10 08:00,2025-02-10,8,2,겨울,4.4,0.5,0.0,0.0,81,5.2,55,95,0,0,쌀쌀함,나쁨
2025-02-10 09:00,2025-02-10,9,2,겨울,-1.0,-3.1,0.0,0.0,78,2.8,59,98,0,0,추움,나쁨
2025-02-10 10:00,2025-02-10,10,2,겨울,0.8,-2.5,0.0,0.0,51,4.8,18,27,0,0,추움,보통
2025-02-10 11:00,2025-02-10,11,2,겨울,6.0,3.7,0.0,0.0,80,3.5,36,59,0,0,쌀쌀함,나쁨
2025-02-10 12:00,2025-02-10,12,2,겨울,8.9,8.5,0.0,0.0,72,0.9,47,73,0,0,선선함,나쁨
2025-02-10 13:00,2025-02-10,13,2,겨울,5.9,0.8,0.0,0.0,55,7.2,35,64,0,0,쌀쌀함,보통
2025-02-10 14:00,2025-02-10,14,2,겨울,1.8,-3.3,0.0,0.0,52,7.1,48,89,0,0,쌀쌀함,나쁨
2025-02-10 15:00,2025-02-10,15,2,겨울,2.4,0.8,0.0,0.0,65,2.1,49,79,0,0,쌀쌀함,나쁨
2025-02-10 16:00,2025-02-10,16,2,겨울,0.4,-4.2,0.0,0.0,46,7.0,28,56,0,0,추움,보통
2025-02-10 17:00,2025-02-10,17,2,겨울,1.0,-2.5,0.0,0.0,37,5.9,49,86,0,0,쌀쌀함,나쁨
2025-02-10 18:00,2025-02-10,18,2,겨울,2.1,-1.5,0.0,0.0,47,5.0,57,122,0,0,쌀쌀함,나쁨
2025-02-10 19:00,2025-02-10,19,2,겨울,0.7,-4.9,0.0,0.0,66,7.6,72,124,0,0,추움,나쁨
2025-02-10 20:00,2025-02-10,20,2,겨울,-6.5,-11.7,0.0,0.0,34,5.9,27,57,0,0,추움,보통
2025-02-10 21:00,2025-02-10,21,2,겨울,-7.9,-8.9,0.0,0.0,73,1.2,34,54,0,0,추움,보통
2025-02-10 22:00,2025-02-10,22,2,겨울,-4.3,-6.7,0.0,0.0,33,2.2,57,88,0,0,추움,나쁨
2025-02-10 23:00,2025-02-10,23,2,겨울,-2.6,-7.9,0.0,0.0,39,7.9,79,156,0,0,추움,매우나쁨
2025-02-11 00:00,2025-02-11,0,2,겨울,-3.2,-4.3,0.0,0.0,32,2.4,42,68,0,0,추움,나쁨
2025-02-11 01:00,2025-02-11,1,2,겨울,-7.3,-9.8,0.0,0.0,85,4.5,52,98,0,0,추움,나쁨
2025-02-11 02:00,2025-02-11,2,2,겨울,-3.1,-4.7,0.0,0.0,33,2.9,42,79,0,0,추움,나쁨
2025-02-11 03:00,2025-02-11,3,2,겨울,-7.1,-9.5,0.0,0.0,85,3.4,17,32,0,0,추움,보통
2025-02-11 04:00,2025-02-11,4,2,겨울,-2.5,-7.4,0.0,0.0,88,7.4,35,63,0,0,추움,보통
2025-02-11 05:00,2025-02-11,5,2,겨울,1.4,1.6,0.0,0.0,65,0.8,61,125,0,0,쌀쌀함,나쁨
2025-02-11 06:00,2025-02-11,6,2,겨울,6.2,4.8,0.0,0.0,37,1.3,47,93,0,0,쌀쌀함,나쁨
2025-02-11 07:00,2025-02-11,7,2,겨울,-2.9,-7.9,0.0,0.0,61,6.5,43,86,0,0,추움,나쁨
2025-02-11 08:00,2025-02-11,8,2,겨울,2.3,-0.5,0.0,0.0,31,4.6,47,82,0,0,쌀쌀함,나쁨
2025-02-11 09:00,2025-02-11,9,2,겨울,7.3,5.4,0.0,0.0,67,3.2,42,88,0,0,쌀쌀함,나쁨
2025-02-11 10:00,2025-02-11,10,2,겨울,2.1,-3.0,0.0,0.0,61,7.1,25,37,0,0,쌀쌀함,보통
2025-02-11 11:00,2025-02-11,11,2,겨울,6.5,4.4,0.0,0.0,43,3.0,30,51,0,0,쌀쌀함,보통
2025-02-11 12:00,2025-02-11,12,2,겨울,6.3,1.6,0.0,0.0,89,6.3,45,97,0,0,쌀쌀함,나쁨
2025-02-11 13:00,2025-02-11,13,2,겨울,2.3,0.1,4.7,0.0,36,2.8,44,73,1,0,쌀쌀함,나쁨
2025-02-11 14:00,2025-02-11,14,2,겨울,0.3,-3.1,0.0,0.0,76,6.4,25,51,0,0,추움,보통
2025-02-11 15:00,2025-02-11,15,2,겨울,1.9,1.3,0.0,0.0,74,0.6,59,106,0,0,쌀쌀함,나쁨
2025-02-11 16:00,2025-02-11,16,2,겨울,1.6,-0.5,0.0,0.0,37,2.9,62,98,0,0,쌀쌀함,나쁨
2025-02-11 17:00,2025-02-11,17,2,겨울,1.0,-0.2,0.0,0.0,32,1.7,63,132,0,0,쌀쌀함,나쁨
2025-02-11 18:00,2025-02-11,18,2,겨울,4.7,0.2,0.0,0.0,69,6.9,51,97,0,0,쌀쌀함,나쁨
2025-02-11 19:00,2025-02-11,19,2,겨울,-6.2,-7.8,0.0,0.0,72,2.0,66,102,0,0,추움,나쁨
2025-02-11 20:00,2025-02-11,20,2,겨울,-1.9,-4.8,0.0,0.0,69,3.7,44,88,0,0,추움,나쁨
2025-02-11 21:00,2025-02-11,21,2,겨울,-1.2,-5.9,0.0,0.0,86,6.4,30,59,0,0,추움,보통
2025-02-11 22:00,2025-02-11,22,2,겨울,-3.6,-4.9,0.0,2.4,65,1.7,35,68,0,1,추움,보통
2025-02-11 23:00,2025-02-11,23,2,겨울,-9.8,-12.3,0.0,0.0,74,4.8,83,131,0,0,추움,매우나쁨
2025-02-12 00:00,2025-02-12,0,2,겨울,-1.5,-5.2,0.0,0.0,42,6.2,42,67,0,0,추움,나쁨
2025-02-12 01:00,2025-02-12,1,2,겨울,-6.7,-10.8,0.0,0.0,82,5.5,33,50,0,0,추움,보통
2025-02-12 02:00,2025-02-12,2,2,겨울,-1.2,-5.7,0.0,0.0,61,6.5,49,90,0,0,추움,나쁨
2025-02-12 03:00,2025-02-12,3,2,겨울,-0.4,-2.6,0.0,4.9,66,2.4,66,116,0,1,추움,나쁨
2025-02-12 04:00,2025-02-12,4,2,겨울,-2.7,-6.4,0.0,0.0,51,5.6,57,113,0,0,추움,나쁨
2025-02-12 05:00,2025-02-12,5,2,겨울,-3.1,-6.1,0.0,0.0,76,4.1,50,106,0,0,추움,나쁨
2025-02-12 06:00,2025-02-12,6,2,겨울,3.0,-1.9,0.0,0.0,31,6.6,62,111,0,0,쌀쌀함,나쁨
2025-02-12 07:00,2025-02-12,7,2,겨울,4.1,1.1,0.0,0.0,62,5.1,50,81,0,0,쌀쌀함,나쁨
2025-02-12 08:00,2025-02-12,8,2,겨울,-0.9,-2.9,0.0,2.5,35,3.2,32,60,0,1,추움,보통
2025-02-12 09:00,2025-02-12,9,2,겨울,0.2,-1.6,0.0,0.0,32,2.6,37,62,0,0,추움,나쁨
2025-02-12 10:00,2025-02-12,10,2,겨울,-1.4,-4.4,0.0,0.0,43,3.7,60,92,0,0,추움,나쁨
2025-02-12 11:00,2025-02-12,11,2,겨울,4.2,-0.3,0.0,0.0,73,5.5,29,61,0,0,쌀쌀함,보통
2025-02-12 12:00,2025-02-12,12,2,겨울,6.5,2.3,0.0,0.0,81,6.6,42,72,0,0,쌀쌀함,나쁨
2025-02-12 13:00,2025-02-12,13,2,겨울,5.1,3.9,0.0,0.0,68,2.2,60,116,0,0,쌀쌀함,나쁨
2025-02-12 14:00,2025-02-12,14,2,겨울,5.4,4.3,0.0,0.0,72,1.0,41,77,0,0,쌀쌀함,나쁨
2025-02-12 15:00,2025-02-12,15,2,겨울,7.2,3.4,0.0,0.0,56,5.1,67,113,0,0,쌀쌀함,나쁨
2025-02-12 16:00,2025-02-12,16,2,겨울,3.5,-1.7,0.0,0.0,68,6.5,40,85,0,0,쌀쌀함,나쁨
2025-02-12 17:00,2025-02-12,17,2,겨울,4.5,1.9,0.0,0.0,59,3.7,38,69,0,0,쌀쌀함,나쁨
2025-02-12 18:00,2025-02-12,18,2,겨울,2.8,-1.0,0.0,0.0,57,5.1,70,128,0,0,쌀쌀함,나쁨
2025-02-12 19:00,2025-02-12,19,2,겨울,-3.2,-4.1,0.0,0.0,64,1.8,29,59,0,0,추움,보통
2025-02-12 20:00,2025-02-12,20,2,겨울,-5.4,-7.2,0.0,0.0,30,2.6,11,18,0,0,추움,좋음
2025-02-12 21:00,2025-02-12,21,2,겨울,-1.7,-4.2,0.0,1.0,61,3.2,37,74,0,1,추움,나쁨
2025-02-12 22:00,2025-02-12,22,2,겨울,-8.5,-10.0,0.0,3.6,31,2.4,49,83,0,1,추움,나쁨
2025-02-12 23:00,2025-02-12,23,2,겨울,-8.7,-10.5,0.0,0.0,37,3.3,50,92,0,0,추움,나쁨
2025-02-13 00:00,2025-02-13,0,2,겨울,-5.9,-8.3,0.0,0.0,52,3.1,63,96,0,0,추움,나쁨
2025-02-13 01:00,2025-02-13,1,2,겨울,-1.8,-3.2,0.0,0.0,73,2.0,49,96,0,0,추움,나쁨
2025-02-13 02:00,2025-02-13,2,2,겨울,-8.3,-13.0,0.0,0.0,69,6.5,33,51,0,0,추움,보통
2025-02-13 03:00,2025-02-13,3,2,겨울,-10.1,-12.1,0.0,0.0,37,4.8,43,72,0,0,추움,나쁨
2025-02-13 04:00,2025-02-13,4,2,겨울,-5.9,-10.0,0.0,0.0,52,5.4,35,60,0,0,추움,보통
2025-02-13 05:00,2025-02-13,5,2,겨울,-3.0,-6.9,0.0,0.0,68,5.0,39,80,0,0,추움,나쁨
2025-02-13 06:00,2025-02-13,6,2,겨울,3.4,0.6,0.0,0.0,43,4.7,61,110,0,0,쌀쌀함,나쁨
2025-02-13 07:00,2025-02-13,7,2,겨울,1.3,1.0,0.0,0.0,74,1.0,49,74,0,0,쌀쌀함,나쁨
2025-02-13 08:00,2025-02-13,8,2,겨울,1.3,-2.2,0.0,0.0,51,3.9,51,79,0,0,쌀쌀함,나쁨
2025-02-13 09:00,2025-02-13,9,2,겨울,8.0,6.5,0.0,0.0,84,1.9,74,114,0,0,선선함,나쁨
2025-02-13 10:00,2025-02-13,10,2,겨울,4.4,1.2,0.0,0.0,34,4.6,53,82,0,0,쌀쌀함,나쁨
2025-02-13 11:00,2025-02-13,11,2,겨울,0.7,-1.1,0.0,0.0,80,2.1,32,61,0,0,추움,보통
2025-02-13 12:00,2025-02-13,12,2,겨울,9.0,6.9,0.0,0.0,47,2.8,39,63,0,0,선선함,나쁨
2025-02-13 13:00,2025-02-13,13,2,겨울,4.6,3.2,0.0,0.0,85,3.4,50,91,0,0,쌀쌀함,나쁨
2025-02-13 14:00,2025-02-13,14,2,겨울,0.4,-0.6,0.0,0.0,43,1.5,27,49,0,0,추움,보통
2025-02-13 15:00,2025-02-13,15,2,겨울,0.8,-4.9,0.0,0.0,60,7.6,66,140,0,0,추움,나쁨
2025-02-13 16:00,2025-02-13,16,2,겨울,0.1,-3.2,0.0,0.0,72,4.1,38,60,0,0,추움,나쁨
2025-02-13 17:00,2025-02-13,17,2,겨울,0.5,-4.2,0.0,0.0,63,6.6,32,54,0,0,추움,보통
2025-02-13 18:00,2025-02-13,18,2,겨울,-3.4,-6.1,0.0,0.0,62,3.8,52,108,0,0,추움,나쁨
2025-02-13 19:00,2025-02-13,19,2,겨울,-5.1,-11.0,0.0,0.0,47,7.4,75,158,0,0,추움,나쁨
2025-02-13 20:00,2025-02-13,20,2,겨울,1.8,-3.4,0.0,0.0,45,7.4,56,113,0,0,쌀쌀함,나쁨
2025-02-13 21:00,2025-02-13,21,2,겨울,0.6,-0.6,0.0,0.0,77,1.5,67,142,0,0,추움,나쁨
2025-02-13 22:00,2025-02-13,22,2,겨울,-4.5,-6.8,0.0,0.0,88,2.0,52,97,0,0,추움,나쁨
2025-02-13 23:00,2025-02-13,23,2,겨울,-5.6,-10.9,0.0,0.0,47,7.5,43,91,0,0,추움,나쁨
2025-02-14 00:00,2025-02-14,0,2,겨울,-1.6,-3.3,0.0,0.0,71,2.9,48,84,0,0,추움,나쁨
2025-02-14 01:00,2025-02-14,1,2,겨울,-8.7,-11.0,0.0,0.0,55,5.0,54,101,0,0,추움,나쁨
2025-02-14 02:00,2025-02-14,2,2,겨울,-7.5,-12.0,0.0,0.0,80,6.6,59,104,0,0,추움,나쁨
2025-02-14 03:00,2025-02-14,3,2,겨울,0.5,-0.5,0.0,0.0,46,1.8,35,61,0,0,추움,보통
2025-02-14 04:00,2025-02-14,4,2,겨울,3.8,2.7,0.0,0.0,77,1.8,41,75,0,0,쌀쌀함,나쁨
2025-02-14 05:00,2025-02-14,5,2,겨울,-5.2,-5.7,0.0,0.0,83,0.8,65,141,0,0,추움,나쁨
2025-02-14 06:00,2025-02-14,6,2,겨울,-0.9,-3.7,1.2,0.0,90,4.2,75,152,1,0,추움,나쁨
2025-02-14 07:00,2025-02-14,7,2,겨울,1.9,-2.1,0.0,0.0,58,6.6,76,129,0,0,쌀쌀함,매우나쁨
2025-02-14 08:00,2025-02-14,8,2,겨울,5.4,0.6,0.0,0.0,32,7.0,87,137,0,0,쌀쌀함,매우나쁨
2025-02-14 09:00,2025-02-14,9,2,겨울,8.7,4.2,0.0,0.0,79,6.9,70,139,0,0,선선함,나쁨
2025-02-14 10:00,2025-02-14,10,2,겨울,3.0,0.2,0.0,0.0,55,4.8,18,29,0,0,쌀쌀함,보통
2025-02-14 11:00,2025-02-14,11,2,겨울,1.2,-3.8,0.0,0.0,47,6.6,67,106,0,0,쌀쌀함,나쁨
2025-02-14 12:00,2025-02-14,12,2,겨울,7.6,6.4,0.0,0.0,31,1.9,36,64,0,0,쌀쌀함,나쁨
2025-02-14 13:00,2025-02-14,13,2,겨울,8.4,4.3,0.0,0.0,35,5.8,58,127,0,0,선선함,나쁨
2025-02-14 14:00,2025-02-14,14,2,겨울,5.1,1.9,0.0,0.0,69,5.1,34,73,0,0,쌀쌀함,보통
2025-02-14 15:00,2025-02-14,15,2,겨울,7.5,3.9,0.0,0.0,56,5.0,54,110,0,0,쌀쌀함,나쁨
2025-02-14 16:00,2025-02-14,16,2,겨울,-0.7,-1.7,0.0,0.0,80,1.4,58,101,0,0,추움,나쁨
2025-02-14 17:00,2025-02-14,17,2,겨울,4.8,0.3,0.0,0.0,69,7.8,60,130,0,0,쌀쌀함,나쁨
2025-02-14 18:00,2025-02-14,18,2,겨울,1.8,1.3,0.0,0.0,87,2.0,29,57,0,0,쌀쌀함,보통
2025-02-14 19:00,2025-02-14,19,2,겨울,-0.8,-3.7,0.0,0.0,51,5.1,59,123,0,0,추움,나쁨
2025-02-14 20:00,2025-02-14,20,2,겨울,-5.1,-7.4,0.0,0.0,32,3.8,56,97,0,0,추움,나쁨
2025-02-14 21:00,2025-02-14,21,2,겨울,-2.3,-6.0,0.0,0.0,67,5.2,37,75,0,0,추움,나쁨
2025-02-14 22:00,2025-02-14,22,2,겨울,-4.5,-4.5,0.0,0.0,47,0.9,79,153,0,0,추움,매우나쁨
2025-02-14 23:00,2025-02-14,23,2,겨울,-4.6,-5.5,0.0,0.0,69,0.8,55,99,0,0,추움,나쁨
2025-02-15 00:00,2025-02-15,0,2,겨울,-2.5,-2.9,0.0,0.0,50,1.0,41,66,0,0,추움,나쁨
2025-02-15 01:00,2025-02-15,1,2,겨울,-6.2,-9.9,0.0,0.0,66,5.0,45,96,0,0,추움,나쁨
2025-02-15 02:00,2025-02-15,2,2,겨울,-3.6,-3.5,0.0,0.0,46,0.6,61,127,0,0,추움,나쁨
2025-02-15 03:00,2025-02-15,3,2,겨울,-1.3,-6.6,0.0,0.0,45,7.8,32,68,0,0,추움,보통
2025-02-15 04:00,2025-02-15,4,2,겨울,0.8,-2.1,0.0,0.0,51,4.4,29,44,0,0,추움,보통
2025-02-15 05:00,2025-02-15,5,2,겨울,-2.2,-4.0,0.0,0.0,82,1.0,56,91,0,0,추움,나쁨
2025-02-15 06:00,2025-02-15,6,2,겨울,2.8,1.4,0.0,0.0,56,1.7,33,71,0,0,쌀쌀함,보통
2025-02-15 07:00,2025-02-15,7,2,겨울,6.9,5.5,0.0,0.0,43,2.5,90,152,0,0,쌀쌀함,매우나쁨
2025-02-15 08:00,2025-02-15,8,2,겨울,5.1,1.1,0.0,0.0,88,4.9,63,115,0,0,쌀쌀함,나쁨
2025-02-15 09:00,2025-02-15,9,2,겨울,-0.2,-2.0,0.0,0.0,63,3.2,64,123,0,0,추움,나쁨
2025-02-15 10:00,2025-02-15,10,2,겨울,6.0,5.6,0.0,0.0,73,0.8,66,123,0,0,쌀쌀함,나쁨
2025-02-15 11:00,2025-02-15,11,2,겨울,6.2,3.7,0.0,0.0,40,4.0,52,84,0,0,쌀쌀함,나쁨
2025-02-15 12:00,2025-02-15,12,2,겨울,8.0,5.3,0.0,0.0,79,3.6,36,67,0,0,선선함,나쁨
2025-02-15 13:00,2025-02-15,13,2,겨울,8.3,3.2,0.0,0.0,61,7.2,39,85,0,0,선선함,나쁨
2025-02-15 14:00,2025-02-15,14,2,겨울,2.9,2.1,0.0,0.0,47,0.7,62,103,0,0,쌀쌀함,나쁨
2025-02-15 15:00,2025-02-15,15,2,겨울,3.2,2.0,0.0,0.0,66,2.3,41,72,0,0,쌀쌀함,나쁨
2025-02-15 16:00,2025-02-15,16,2,겨울,3.7,1.6,0.0,0.0,56,4.0,31,56,0,0,쌀쌀함,보통
2025-02-15 17:00,2025-02-15,17,2,겨울,-2.7,-8.6,0.0,0.0,46,7.4,62,110,0,0,추움,나쁨
2025-02-15 18:00,2025-02-15,18,2,겨울,-1.7,-6.8,0.0,0.0,79,7.7,73,130,0,0,추움,나쁨
2025-02-15 19:00,2025-02-15,19,2,겨울,3.6,1.2,0.0,0.0,74,2.6,32,67,0,0,쌀쌀함,보통
2025-02-15 20:00,2025-02-15,20,2,겨울,-0.6,-2.4,0.0,0.0,38,2.0,59,117,0,0,추움,나쁨
2025-02-15 21:00,2025-02-15,21,2,겨울,-7.7,-13.2,0.0,0.0,52,7.2,52,102,0,0,추움,나쁨
2025-02-15 22:00,2025-02-15,22,2,겨울,-9.6,-10.7,2.3,0.0,56,1.5,61,93,1,0,추움,나쁨
2025-02-15 23:00,2025-02-15,23,2,겨울,-0.0,-4.2,0.0,0.0,71,7.1,53,92,0,0,추움,나쁨
2025-02-16 00:00,2025-02-16,0,2,겨울,-4.1,-6.9,0.0,0.0,64,3.8,58,97,0,0,추움,나쁨
2025-02-16 01:00,2025-02-16,1,2,겨울,-7.0,-7.6,0.0,0.0,51,0.6,54,114,0,0,추움,나쁨
2025-02-16 02:00,2025-02-16,2,2,겨울,-5.5,-6.3,0.0,0.0,32,1.8,67,109,0,0,추움,나쁨
2025-02-16 03:00,2025-02-16,3,2,겨울,-1.0,-5.3,0.0,0.0,71,5.7,57,118,0,0,추움,나쁨
2025-02-16 04:00,2025-02-16,4,2,겨울,-4.6,-5.3,0.0,0.0,78,0.7,44,88,0,0,추움,나쁨
2025-02-16 05:00,2025-02-16,5,2,겨울,2.1,-2.5,0.0,0.0,42,6.9,19,30,0,0,쌀쌀함,보통
2025-02-16 06:00,2025-02-16,6,2,겨울,1.1,-3.6,0.0,0.0,49,5.1,55,93,0,0,쌀쌀함,나쁨
2025-02-16 07:00,2025-02-16,7,2,겨울,-2.4,-6.4,0.0,0.0,34,5.0,41,67,0,0,추움,나쁨
2025-02-16 08:00,2025-02-16,8,2,겨울,0.5,-4.6,0.0,0.0,83,7.1,36,62,0,0,추움,나쁨
2025-02-16 09:00,2025-02-16,9,2,겨울,8.1,6.1,0.0,0.0,32,3.5,40,83,0,0,선선함,나쁨
2025-02-16 10:00,2025-02-16,10,2,겨울,4.3,1.5,0.0,0.0,82,5.1,57,113,0,0,쌀쌀함,나쁨
2025-02-16 11:00,2025-02-16,11,2,겨울,3.7,-1.8,0.0,0.0,81,7.9,75,143,0,0,쌀쌀함,나쁨
2025-02-16 12:00,2025-02-16,12,2,겨울,9.7,9.0,0.0,0.0,89,0.7,73,121,0,0,선선함,나쁨
2025-02-16 13:00,2025-02-16,13,2,겨울,4.4,2.3,0.0,0.0,36,2.8,75,119,0,0,쌀쌀함,나쁨
2025-02-16 14:00,2025-02-16,14,2,겨울,5.4,-0.2,0.0,0.0,53,7.3,56,112,0,0,쌀쌀함,나쁨
2025-02-16 15:00,2025-02-16,15,2,겨울,1.4,-4.1,0.0,0.0,88,7.4,42,67,0,0,쌀쌀함,나쁨
2025-02-16 16:00,2025-02-16,16,2,겨울,-1.0,-4.4,0.0,0.0,71,5.5,45,70,0,0,추움,나쁨
2025-02-16 17:00,2025-02-16,17,2,겨울,-0.2,-4.7,0.0,0.0,75,7.2,46,82,0,0,추움,나쁨
2025-02-16 18:00,2025-02-16,18,2,겨울,-3.8,-8.4,0.0,0.0,88,5.8,59,106,0,0,추움,나쁨
2025-02-16 19:00,2025-02-16,19,2,겨울,-2.1,-3.9,0.0,0.0,32,2.1,47,84,0,0,추움,나쁨
2025-02-16 20:00,2025-02-16,20,2,겨울,-0.5,-3.8,0.0,0.0,65,4.3,50,99,0,0,추움,나쁨
2025-02-16 21:00,2025-02-16,21,2,겨울,-0.8,-2.3,0.0,0.0,85,2.6,53,107,0,0,추움,나쁨
2025-02-16 22:00,2025-02-16,22,2,겨울,-6.6,-7.5,0.0,0.0,89,1.2,50,77,0,0,추움,나쁨
2025-02-16 23:00,2025-02-16,23,2,겨울,-8.6,-10.8,0.0,0.0,38,4.1,22,44,0,0,추움,보통
2025-02-17 00:00,2025-02-17,0,2,겨울,-9.5,-11.1,0.0,0.0,41,1.7,58,120,0,0,추움,나쁨
2025-02-17 01:00,2025-02-17,1,2,겨울,-4.3,-4.8,0.0,0.0,79,0.8,62,122,0,0,추움,나쁨
2025-02-17 02:00,2025-02-17,2,2,겨울,-7.9,-11.5,0.0,0.0,59,5.2,57,113,0,0,추움,나쁨
2025-02-17 03:00,2025-02-17,3,2,겨울,-1.7,-5.5,0.0,0.0,71,5.7,50,104,0,0,추움,나쁨
2025-02-17 04:00,2025-02-17,4,2,겨울,-1.1,-3.3,0.0,0.0,40,3.5,22,41,0,0,추움,보통
2025-02-17 05:00,2025-02-17,5,2,겨울,-4.0,-7.4,0.0,0.0,32,6.1,86,164,0,0,추움,매우나쁨
2025-02-17 06:00,2025-02-17,6,2,겨울,4.4,3.2,0.0,0.0,87,1.3,33,60,0,0,쌀쌀함,보통
2025-02-17 07:00,2025-02-17,7,2,겨울,-3.0,-6.6,0.0,0.0,48,4.8,43,75,0,0,추움,나쁨
2025-02-17 08:00,2025-02-17,8,2,겨울,5.6,0.3,0.0,0.0,75,6.7,44,81,0,0,쌀쌀함,나쁨
2025-02-17 09:00,2025-02-17,9,2,겨울,2.0,-1.2,0.0,0.0,66,5.7,68,102,0,0,쌀쌀함,나쁨
2025-02-17 10:00,2025-02-17,10,2,겨울,7.3,4.3,0.0,0.0,81,4.4,49,91,0,0,쌀쌀함,나쁨
2025-02-17 11:00,2025-02-17,11,2,겨울,8.5,5.4,0.0,0.0,39,3.8,48,94,0,0,선선함,나쁨
2025-02-17 12:00,2025-02-17,12,2,겨울,3.6,-0.2,0.0,0.0,61,4.5,45,88,0,0,쌀쌀함,나쁨
2025-02-17 13:00,2025-02-17,13,2,겨울,8.5,6.6,0.0,0.0,39,2.8,45,95,0,0,선선함,나쁨
2025-02-17 14:00,2025-02-17,14,2,겨울,8.4,4.3,0.0,0.0,81,5.7,56,113,0,0,선선함,나쁨
2025-02-17 15:00,2025-02-17,15,2,겨울,2.7,-0.1,0.0,0.0,46,3.9,52,108,0,0,쌀쌀함,나쁨
2025-02-17 16:00,2025-02-17,16,2,겨울,0.6,-4.0,0.0,0.0,88,6.0,50,104,0,0,추움,나쁨
2025-02-17 17:00,2025-02-17,17,2,겨울,3.4,1.0,0.4,0.0,42,2.5,72,121,1,0,쌀쌀함,나쁨
2025-02-17 18:00,2025-02-17,18,2,겨울,4.3,2.1,0.0,0.0,80,2.2,48,102,0,0,쌀쌀함,나쁨
2025-02-17 19:00,2025-02-17,19,2,겨울,2.6,-0.2,0.0,0.0,48,3.5,78,150,0,0,쌀쌀함,매우나쁨
2025-02-17 20:00,2025-02-17,20,2,겨울,-2.8,-5.8,0.0,0.0,32,3.6,36,60,0,0,추움,나쁨
2025-02-17 21:00,2025-02-17,21,2,겨울,-0.6,-4.2,0.0,0.0,37,5.2,37,70,0,0,추움,나쁨
2025-02-17 22:00,2025-02-17,22,2,겨울,-2.9,-4.0,0.0,0.0,37,0.5,87,137,0,0,추움,매우나쁨
2025-02-17 23:00,2025-02-17,23,2,겨울,-3.0,-4.4,0.0,0.0,54,2.1,50,98,0,0,추움,나쁨
2025-02-18 00:00,2025-02-18,0,2,겨울,-4.0,-6.1,0.0,0.0,90,2.5,65,138,0,0,추움,나쁨
2025-02-18 01:00,2025-02-18,1,2,겨울,-2.0,-7.3,0.0,0.0,79,7.8,32,64,0,0,추움,보통
2025-02-18 02:00,2025-02-18,2,2,겨울,-2.3,-4.2,0.0,0.0,58,1.9,51,79,0,0,추움,나쁨
2025-02-18 03:00,2025-02-18,3,2,겨울,-7.3,-10.0,0.0,0.0,78,3.2,46,92,0,0,추움,나쁨
2025-02-18 04:00,2025-02-18,4,2,겨울,0.2,-1.2,0.0,0.0,76,2.4,48,82,0,0,추움,나쁨
2025-02-18 05:00,2025-02-18,5,2,겨울,-2.8,-4.4,0.0,0.0,65,2.9,65,102,0,0,추움,나쁨
2025-02-18 06:00,2025-02-18,6,2,겨울,3.9,1.4,0.0,0.0,34,3.2,49,97,0,0,쌀쌀함,나쁨
2025-02-18 07:00,2025-02-18,7,2,겨울,2.1,-0.2,0.0,0.0,51,4.3,52,90,0,0,쌀쌀함,나쁨
2025-02-18 08:00,2025-02-18,8,2,겨울,4.0,-0.9,0.0,0.0,84,7.1,62,109,0,0,쌀쌀함,나쁨
2025-02-18 09:00,2025-02-18,9,2,겨울,8.4,3.2,0.0,0.0,40,6.5,52,91,0,0,선선함,나쁨
2025-02-18 10:00,2025-02-18,10,2,겨울,1.6,-4.9,0.0,0.0,53,7.7,85,177,0,0,쌀쌀함,매우나쁨
2025-02-18 11:00,2025-02-18,11,2,겨울,3.3,0.5,0.0,0.0,32,4.0,62,109,0,0,쌀쌀함,나쁨
2025-02-18 12:00,2025-02-18,12,2,겨울,-0.9,-5.5,0.0,0.0,54,5.7,48,73,0,0,추움,나쁨
2025-02-18 13:00,2025-02-18,13,2,겨울,5.7,5.5,0.0,0.0,36,0.6,65,124,0,0,쌀쌀함,나쁨
2025-02-18 14:00,2025-02-18,14,2,겨울,9.5,7.8,0.0,0.0,35,2.3,65,130,0,0,선선함,나쁨
2025-02-18 15:00,2025-02-18,15,2,겨울,2.9,-2.0,0.0,0.0,87,7.7,47,82,0,0,쌀쌀함,나쁨
2025-02-18 16:00,2025-02-18,16,2,겨울,4.1,2.5,0.0,0.0,64,2.5,50,83,0,0,쌀쌀함,나쁨
2025-02-18 17:00,2025-02-18,17,2,겨울,4.6,1.9,0.0,0.0,88,3.3,67,117,0,0,쌀쌀함,나쁨
2025-02-18 18:00,2025-02-18,18,2,겨울,-0.0,-2.6,0.0,0.0,41,3.6,48,78,0,0,추움,나쁨
2025-02-18 19:00,2025-02-18,19,2,겨울,3.2,-2.0,0.0,0.0,69,7.0,34,73,0,0,쌀쌀함,보통
2025-02-18 20:00,2025-02-18,20,2,겨울,2.0,-3.2,0.0,0.0,55,7.5,49,92,0,0,쌀쌀함,나쁨
2025-02-18 21:00,2025-02-18,21,2,겨울,-5.9,-11.9,0.0,0.0,30,7.6,41,73,0,0,추움,나쁨
2025-02-18 22:00,2025-02-18,22,2,겨울,-1.3,-1.7,0.0,0.0,50,1.4,68,108,0,0,추움,나쁨
2025-02-18 23:00,2025-02-18,23,2,겨울,-2.7,-8.1,0.0,0.0,79,7.3,64,135,0,0,추움,나쁨
2025-02-19 00:00,2025-02-19,0,2,겨울,-2.8,-8.1,0.0,0.0,33,7.2,55,108,0,0,추움,나쁨
2025-02-19 01:00,2025-02-19,1,2,겨울,-3.3,-5.3,0.0,0.0,71,3.4,27,54,0,0,추움,보통
2025-02-19 02:00,2025-02-19,2,2,겨울,-10.4,-13.2,0.0,0.0,67,3.0,44,73,0,0,추움,나쁨
2025-02-19 03:00,2025-02-19,3,2,겨울,-1.2,-5.6,0.0,0.0,31,6.6,52,89,0,0,추움,나쁨
2025-02-19 04:00,2025-02-19,4,2,겨울,-6.5,-6.7,0.0,0.0,74,2.3,45,73,0,0,추움,나쁨
2025-02-19 05:00,2025-02-19,5,2,겨울,4.5,2.8,0.0,0.0,40,2.7,51,85,0,0,쌀쌀함,나쁨
2025-02-19 06:00,2025-02-19,6,2,겨울,2.7,0.0,0.0,0.0,75,4.0,26,41,0,0,쌀쌀함,보통
2025-02-19 07:00,2025-02-19,7,2,겨울,-2.6,-7.2,0.0,0.0,74,6.9,87,180,0,0,추움,매우나쁨
2025-02-19 08:00,2025-02-19,8,2,겨울,-0.8,-6.1,0.0,0.0,69,8.0,68,133,0,0,추움,나쁨
2025-02-19 09:00,2025-02-19,9,2,겨울,8.4,4.8,0.0,0.0,36,4.8,47,75,0,0,선선함,나쁨
2025-02-19 10:00,2025-02-19,10,2,겨울,8.5,5.0,0.0,0.0,57,5.0,78,164,0,0,선선함,매우나쁨
2025-02-19 11:00,2025-02-19,11,2,겨울,5.1,2.1,0.0,0.0,82,3.9,37,69,0,0,쌀쌀함,나쁨
2025-02-19 12:00,2025-02-19,12,2,겨울,5.7,3.5,0.0,0.0,86,1.8,58,112,0,0,쌀쌀함,나쁨
2025-02-19 13:00,2025-02-19,13,2,겨울,3.2,2.1,0.0,0.0,59,2.7,45,90,0,0,쌀쌀함,나쁨
2025-02-19 14:00,2025-02-19,14,2,겨울,-1.1,-3.9,0.0,0.0,42,4.4,72,145,0,0,추움,나쁨
2025-02-19 15:00,2025-02-19,15,2,겨울,1.7,-0.7,0.0,0.0,66,3.0,61,95,0,0,쌀쌀함,나쁨
2025-02-19 16:00,2025-02-19,16,2,겨울,-2.6,-6.1,0.0,2.9,57,4.0,72,119,0,1,추움,나쁨
2025-02-19 17:00,2025-02-19,17,2,겨울,-2.2,-5.9,0.0,0.0,41,5.3,54,116,0,0,추움,나쁨
2025-02-19 18:00,2025-02-19,18,2,겨울,-3.2,-6.0,0.0,0.0,44,4.4,18,32,0,0,추움,보통
2025-02-19 19:00,2025-02-19,19,2,겨울,-3.5,-6.0,0.0,0.0,70,3.9,49,76,0,0,추움,나쁨
2025-02-19 20:00,2025-02-19,20,2,겨울,0.4,-4.4,0.0,0.2,34,6.5,53,111,0,1,추움,나쁨
2025-02-19 21:00,2025-02-19,21,2,겨울,-3.7,-5.3,0.0,0.0,47,2.7,42,68,0,0,추움,나쁨
2025-02-19 22:00,2025-02-19,22,2,겨울,-1.7,-2.4,0.0,0.0,89,2.2,36,74,0,0,추움,나쁨
2025-02-19 23:00,2025-02-19,23,2,겨울,-7.9,-8.9,0.0,0.0,30,1.0,69,138,0,0,추움,나쁨
2025-02-20 00:00,2025-02-20,0,2,겨울,-1.0,-5.1,0.0,0.0,84,4.5,66,119,0,0,추움,나쁨
2025-02-20 01:00,2025-02-20,1,2,겨울,-4.6,-5.4,0.0,0.0,86,0.7,35,55,0,0,추움,보통
2025-02-20 02:00,2025-02-20,2,2,겨울,-0.7,-5.9,0.0,0.0,33,7.5,28,61,0,0,추움,보통
2025-02-20 03:00,2025-02-20,3,2,겨울,1.4,-4.7,0.0,0.0,89,7.3,60,93,0,0,쌀쌀함,나쁨
2025-02-20 04:00,2025-02-20,4,2,겨울,-2.8,-5.7,0.0,0.0,66,3.8,43,67,0,0,추움,나쁨
2025-02-20 05:00,2025-02-20,5,2,겨울,-1.4,-3.9,0.0,0.0,81,3.6,21,39,0,0,추움,보통
2025-02-20 06:00,2025-02-20,6,2,겨울,-3.4,-3.4,0.0,0.0,53,0.5,27,47,0,0,추움,보통
2025-02-20 07:00,2025-02-20,7,2,겨울,1.0,-1.8,0.0,3.7,51,3.6,50,100,0,1,쌀쌀함,나쁨
2025-02-20 08:00,2025-02-20,8,2,겨울,-1.8,-2.8,0.0,0.0,50,1.4,64,111,0,0,추움,나쁨
2025-02-20 09:00,2025-02-20,9,2,겨울,-0.3,-3.9,0.0,0.0,33,5.2,26,50,0,0,추움,보통
2025-02-20 10:00,2025-02-20,10,2,겨울,4.7,0.2,0.0,0.0,37,6.8,52,111,0,0,쌀쌀함,나쁨
2025-02-20 11:00,2025-02-20,11,2,겨울,7.6,4.9,0.0,0.0,82,5.0,86,181,0,0,쌀쌀함,매우나쁨
2025-02-20 12:00,2025-02-20,12,2,겨울,10.0,5.2,0.0,0.0,56,6.5,20,38,0,0,선선함,보통
2025-02-20 13:00,2025-02-20,13,2,겨울,7.7,5.8,0.0,0.0,83,2.8,30,56,0,0,쌀쌀함,보통
2025-02-20 14:00,2025-02-20,14,2,겨울,3.1,0.6,0.0,0.0,89,2.6,37,72,0,0,쌀쌀함,나쁨
2025-02-20 15:00,2025-02-20,15,2,겨울,-1.3,-4.2,0.0,0.0,46,5.2,31,55,0,0,추움,보통
2025-02-20 16:00,2025-02-20,16,2,겨울,4.0,0.2,0.0,0.0,51,4.8,79,163,0,0,쌀쌀함,매우나쁨
2025-02-20 17:00,2025-02-20,17,2,겨울,1.1,-4.1,0.0,0.0,85,7.3,46,77,0,0,쌀쌀함,나쁨
2025-02-20 18:00,2025-02-20,18,2,겨울,-1.7,-4.7,0.0,0.0,63,6.2,47,72,0,0,추움,나쁨
2025-02-20 19:00,2025-02-20,19,2,겨울,1.9,1.0,0.0,0.0,55,2.7,52,102,0,0,쌀쌀함,나쁨
2025-02-20 20:00,2025-02-20,20,2,겨울,-5.1,-8.2,0.0,0.0,76,4.1,5,8,0,0,추움,좋음
2025-02-20 21:00,2025-02-20,21,2,겨울,-8.0,-12.7,0.0,3.4,78,6.6,34,59,0,1,추움,보통
2025-02-20 22:00,2025-02-20,22,2,겨울,-2.9,-5.0,0.0,4.5,78,3.2,73,115,0,1,추움,나쁨
2025-02-20 23:00,2025-02-20,23,2,겨울,-8.0,-12.3,0.0,0.0,45,6.7,67,116,0,0,추움,나쁨
2025-02-21 00:00,2025-02-21,0,2,겨울,-9.4,-9.9,0.0,0.0,80,1.1,45,94,0,0,추움,나쁨
2025-02-21 01:00,2025-02-21,1,2,겨울,-7.4,-9.8,0.0,0.0,36,3.8,34,69,0,0,추움,보통
2025-02-21 02:00,2025-02-21,2,2,겨울,-4.0,-5.1,0.0,0.0,36,1.2,42,81,0,0,추움,나쁨
2025-02-21 03:00,2025-02-21,3,2,겨울,1.2,-1.0,0.0,0.0,62,2.7,64,99,0,0,쌀쌀함,나쁨
2025-02-21 04:00,2025-02-21,4,2,겨울,-6.7,-11.6,0.0,0.0,71,7.1,53,100,0,0,추움,나쁨
2025-02-21 05:00,2025-02-21,5,2,겨울,-2.5,-5.9,0.0,0.0,32,5.3,65,115,0,0,추움,나쁨
2025-02-21 06:00,2025-02-21,6,2,겨울,1.4,-1.1,0.0,0.0,37,2.7,35,71,0,0,쌀쌀함,보통
2025-02-21 07:00,2025-02-21,7,2,겨울,5.7,1.5,0.0,0.0,53,6.2,49,102,0,0,쌀쌀함,나쁨
2025-02-21 08:00,2025-02-21,8,2,겨울,-0.5,-2.7,0.0,0.0,43,2.7,72,123,0,0,추움,나쁨
2025-02-21 09:00,2025-02-21,9,2,겨울,1.8,-1.6,0.0,0.0,54,4.6,36,57,0,0,쌀쌀함,나쁨
2025-02-21 10:00,2025-02-21,10,2,겨울,1.2,-2.0,0.0,0.0,78,5.1,26,46,0,0,쌀쌀함,보통
2025-02-21 11:00,2025-02-21,11,2,겨울,2.3,-3.8,0.0,0.0,35,7.9,68,136,0,0,쌀쌀함,나쁨
2025-02-21 12:00,2025-02-21,12,2,겨울,4.0,-0.2,0.0,0.0,54,6.8,52,81,0,0,쌀쌀함,나쁨
2025-02-21 13:00,2025-02-21,13,2,겨울,5.9,2.1,0.0,0.0,59,4.0,54,109,0,0,쌀쌀함,나쁨
2025-02-21 14:00,2025-02-21,14,2,겨울,0.1,-1.6,0.0,0.0,50,2.6,32,65,0,0,추움,보통
2025-02-21 15:00,2025-02-21,15,2,겨울,4.3,1.9,0.0,0.0,72,4.9,36,78,0,0,쌀쌀함,나쁨
2025-02-21 16:00,2025-02-21,16,2,겨울,5.3,-0.4,0.0,0.0,32,7.6,47,84,0,0,쌀쌀함,나쁨
2025-02-21 17:00,2025-02-21,17,2,겨울,-0.1,-3.6,0.0,0.0,57,5.3,33,61,0,0,추움,보통
2025-02-21 18:00,2025-02-21,18,2,겨울,-4.3,-6.6,0.0,0.0,63,4.5,67,113,0,0,추움,나쁨
2025-02-21 19:00,2025-02-21,19,2,겨울,-1.8,-5.5,0.0,0.0,78,5.4,75,151,0,0,추움,나쁨
2025-02-21 20:00,2025-02-21,20,2,겨울,-4.5,-5.6,0.0,0.0,59,2.2,61,93,0,0,추움,나쁨
2025-02-21 21:00,2025-02-21,21,2,겨울,-1.3,-5.3,0.0,0.0,67,5.7,38,61,0,0,추움,나쁨
2025-02-21 22:00,2025-02-21,22,2,겨울,0.1,-1.1,0.0,0.0,32,1.7,56,121,0,0,추움,나쁨
2025-02-21 23:00,2025-02-21,23,2,겨울,-7.5,-10.5,0.0,0.0,67,4.4,28,57,0,0,추움,보통
2025-02-22 00:00,2025-02-22,0,2,겨울,-1.8,-5.5,0.0,0.0,33,5.5,60,94,0,0,추움,나쁨
2025-02-22 01:00,2025-02-22,1,2,겨울,-3.3,-8.1,0.0,0.0,43,7.2,55,114,0,0,추움,나쁨
2025-02-22 02:00,2025-02-22,2,2,겨울,-5.6,-6.3,0.0,0.0,72,0.9,45,85,0,0,추움,나쁨
2025-02-22 03:00,2025-02-22,3,2,겨울,-5.0,-10.6,0.0,0.8,54,7.8,58,90,0,1,추움,나쁨
2025-02-22 04:00,2025-02-22,4,2,겨울,1.8,-0.8,0.0,0.0,37,3.1,41,87,0,0,쌀쌀함,나쁨
2025-02-22 05:00,2025-02-22,5,2,겨울,5.2,1.4,0.0,0.0,73,5.5,53,82,0,0,쌀쌀함,나쁨
2025-02-22 06:00,2025-02-22,6,2,겨울,-3.0,-6.2,0.0,0.0,50,3.9,86,177,0,0,추움,매우나쁨
2025-02-22 07:00,2025-02-22,7,2,겨울,4.6,4.1,0.0,0.0,63,1.5,76,115,0,0,쌀쌀함,매우나쁨
2025-02-22 08:00,2025-02-22,8,2,겨울,-0.6,-1.6,0.0,0.0,59,1.3,50,107,0,0,추움,나쁨
2025-02-22 09:00,2025-02-22,9,2,겨울,-1.1,-4.8,0.0,0.0,80,3.7,41,85,0,0,추움,나쁨
2025-02-22 10:00,2025-02-22,10,2,겨울,1.1,-0.1,0.0,0.0,73,1.5,48,103,0,0,쌀쌀함,나쁨
2025-02-22 11:00,2025-02-22,11,2,겨울,3.3,-1.1,0.0,0.0,72,6.2,39,83,0,0,쌀쌀함,나쁨
2025-02-22 12:00,2025-02-22,12,2,겨울,6.1,2.9,0.0,0.0,70,4.6,46,98,0,0,쌀쌀함,나쁨
2025-02-22 13:00,2025-02-22,13,2,겨울,9.6,7.7,0.0,0.0,78,2.8,32,57,0,0,선선함,보통
2025-02-22 14:00,2025-02-22,14,2,겨울,3.9,4.3,0.0,0.0,39,1.3,53,95,0,0,쌀쌀함,나쁨
2025-02-22 15:00,2025-02-22,15,2,겨울,1.9,-2.8,0.0,0.0,77,6.2,56,90,0,0,쌀쌀함,나쁨
2025-02-22 16:00,2025-02-22,16,2,겨울,5.3,3.0,0.0,0.0,59,4.9,30,61,0,0,쌀쌀함,보통
2025-02-22 17:00,2025-02-22,17,2,겨울,3.7,1.3,0.0,0.0,86,3.5,52,89,0,0,쌀쌀함,나쁨
2025-02-22 18:00,2025-02-22,18,2,겨울,-1.3,-4.5,0.0,0.0,52,4.7,50,109,0,0,추움,나쁨
2025-02-22 19:00,2025-02-22,19,2,겨울,2.3,-3.1,0.0,0.0,47,7.4,52,95,0,0,쌀쌀함,나쁨
2025-02-22 20:00,2025-02-22,20,2,겨울,-5.2,-10.2,0.0,0.0,87,7.9,56,105,0,0,추움,나쁨
2025-02-22 21:00,2025-02-22,21,2,겨울,-3.4,-5.7,0.0,0.0,70,2.8,56,90,0,0,추움,나쁨
2025-02-22 22:00,2025-02-22,22,2,겨울,-6.4,-11.2,0.0,0.0,67,7.2,67,101,0,0,추움,나쁨
2025-02-22 23:00,2025-02-22,23,2,겨울,-4.8,-7.4,0.0,0.0,72,2.9,71,130,0,0,추움,나쁨
2025-02-23 00:00,2025-02-23,0,2,겨울,-3.0,-8.1,0.0,0.0,64,6.9,65,110,0,0,추움,나쁨
2025-02-23 01:00,2025-02-23,1,2,겨울,-4.4,-8.0,0.0,0.0,55,5.8,48,98,0,0,추움,나쁨
2025-02-23 02:00,2025-02-23,2,2,겨울,-6.8,-10.7,0.0,0.0,36,5.8,43,70,0,0,추움,나쁨
2025-02-23 03:00,2025-02-23,3,2,겨울,-7.9,-10.1,0.0,0.0,86,3.2,55,92,0,0,추움,나쁨
2025-02-23 04:00,2025-02-23,4,2,겨울,2.5,-1.4,0.0,0.0,32,7.1,57,108,0,0,쌀쌀함,나쁨
2025-02-23 05:00,2025-02-23,5,2,겨울,-2.7,-2.3,0.0,0.0,76,0.6,47,84,0,0,추움,나쁨
2025-02-23 06:00,2025-02-23,6,2,겨울,1.9,-1.4,0.0,0.0,54,5.0,75,117,0,0,쌀쌀함,나쁨
2025-02-23 07:00,2025-02-23,7,2,겨울,3.2,0.1,0.0,0.0,63,5.3,48,96,0,0,쌀쌀함,나쁨
2025-02-23 08:00,2025-02-23,8,2,겨울,8.4,7.3,0.1,0.0,70,3.0,61,119,1,0,선선함,나쁨
2025-02-23 09:00,2025-02-23,9,2,겨울,1.0,-0.9,0.0,0.0,48,2.3,54,110,0,0,쌀쌀함,나쁨
2025-02-23 10:00,2025-02-23,10,2,겨울,7.4,6.7,0.0,0.0,30,1.0,47,95,0,0,쌀쌀함,나쁨
2025-02-23 11:00,2025-02-23,11,2,겨울,5.1,2.8,0.0,0.0,33,2.8,37,79,0,0,쌀쌀함,나쁨
2025-02-23 12:00,2025-02-23,12,2,겨울,1.7,-3.0,0.0,0.0,82,7.2,42,78,0,0,쌀쌀함,나쁨
2025-02-23 13:00,2025-02-23,13,2,겨울,11.5,10.3,0.0,0.0,45,2.8,69,124,0,0,선선함,나쁨
2025-02-23 14:00,2025-02-23,14,2,겨울,1.6,-2.0,0.0,0.0,55,4.7,25,48,0,0,쌀쌀함,보통
2025-02-23 15:00,2025-02-23,15,2,겨울,6.2,3.1,0.0,0.0,47,3.2,53,97,0,0,쌀쌀함,나쁨
2025-02-23 16:00,2025-02-23,16,2,겨울,-0.7,-4.9,0.0,0.0,64,6.0,52,95,0,0,추움,나쁨
2025-02-23 17:00,2025-02-23,17,2,겨울,1.6,-1.5,0.0,0.0,66,4.0,20,30,0,0,쌀쌀함,보통
2025-02-23 18:00,2025-02-23,18,2,겨울,4.0,1.9,0.0,0.0,78,3.2,35,54,0,0,쌀쌀함,보통
2025-02-23 19:00,2025-02-23,19,2,겨울,-3.9,-4.8,0.0,0.0,86,2.1,61,101,0,0,추움,나쁨
2025-02-23 20:00,2025-02-23,20,2,겨울,-4.2,-6.0,0.0,0.0,54,4.2,52,81,0,0,추움,나쁨
2025-02-23 21:00,2025-02-23,21,2,겨울,-1.1,-6.2,0.0,0.0,83,6.9,65,111,0,0,추움,나쁨
2025-02-23 22:00,2025-02-23,22,2,겨울,0.9,-2.0,0.0,0.0,67,3.6,40,76,0,0,추움,나쁨
2025-02-23 23:00,2025-02-23,23,2,겨울,0.6,-3.5,0.0,0.0,75,7.3,57,123,0,0,추움,나쁨
2025-02-24 00:00,2025-02-24,0,2,겨울,-4.3,-7.4,0.0,0.0,63,4.9,46,92,0,0,추움,나쁨
2025-02-24 01:00,2025-02-24,1,2,겨울,-6.9,-10.1,0.0,0.0,82,5.0,31,54,0,0,추움,보통
2025-02-24 02:00,2025-02-24,2,2,겨울,-0.5,-4.6,0.0,0.0,53,6.0,25,45,0,0,추움,보통
2025-02-24 03:00,2025-02-24,3,2,겨울,-5.3,-8.4,0.0,0.0,43,5.0,59,127,0,0,추움,나쁨
2025-02-24 04:00,2025-02-24,4,2,겨울,-3.2,-8.7,0.0,0.0,30,7.4,30,60,0,0,추움,보통
2025-02-24 05:00,2025-02-24,5,2,겨울,-2.8,-7.2,0.0,0.0,68,6.2,39,72,0,0,추움,나쁨
2025-02-24 06:00,2025-02-24,6,2,겨울,-3.3,-8.3,0.0,0.0,55,7.1,52,91,0,0,추움,나쁨
2025-02-24 07:00,2025-02-24,7,2,겨울,3.9,2.2,0.0,0.0,61,2.8,19,41,0,0,쌀쌀함,보통
2025-02-24 08:00,2025-02-24,8,2,겨울,-0.4,-4.3,0.0,0.0,34,6.3,26,49,0,0,추움,보통
2025-02-24 09:00,2025-02-24,9,2,겨울,9.6,4.4,0.0,0.0,70,7.9,31,51,0,0,선선함,보통
2025-02-24 10:00,2025-02-24,10,2,겨울,5.6,3.3,0.0,0.0,85,3.2,48,73,0,0,쌀쌀함,나쁨
2025-02-24 11:00,2025-02-24,11,2,겨울,0.4,-2.4,0.0,0.0,30,5.2,70,149,0,0,추움,나쁨
2025-02-24 12:00,2025-02-24,12,2,겨울,4.0,3.7,0.0,0.0,79,1.5,55,102,0,0,쌀쌀함,나쁨
2025-02-24 13:00,2025-02-24,13,2,겨울,3.7,1.3,0.0,0.0,64,4.2,54,88,0,0,쌀쌀함,나쁨
2025-02-24 14:00,2025-02-24,14,2,겨울,5.8,3.4,0.0,0.0,38,4.4,57,104,0,0,쌀쌀함,나쁨
2025-02-24 15:00,2025-02-24,15,2,겨울,5.8,3.6,0.0,0.0,42,4.0,82,126,0,0,쌀쌀함,매우나쁨
2025-02-24 16:00,2025-02-24,16,2,겨울,6.9,4.7,0.0,0.0,35,3.4,30,50,0,0,쌀쌀함,보통
2025-02-24 17:00,2025-02-24,17,2,겨울,0.7,-0.8,0.0,0.0,76,2.2,60,123,0,0,추움,나쁨
2025-02-24 18:00,2025-02-24,18,2,겨울,4.8,3.4,0.0,0.0,84,2.0,51,79,0,0,쌀쌀함,나쁨
2025-02-24 19:00,2025-02-24,19,2,겨울,-6.5,-10.9,0.0,0.0,64,5.8,65,138,0,0,추움,나쁨
2025-02-24 20:00,2025-02-24,20,2,겨울,1.6,-1.2,0.0,0.0,56,4.5,62,111,0,0,쌀쌀함,나쁨
2025-02-24 21:00,2025-02-24,21,2,겨울,-3.2,-6.3,0.0,0.0,58,4.5,66,142,0,0,추움,나쁨
2025-02-24 22:00,2025-02-24,22,2,겨울,-6.1,-7.8,0.0,0.0,67,1.5,52,98,0,0,추움,나쁨
2025-02-24 23:00,2025-02-24,23,2,겨울,-4.8,-8.4,0.0,0.0,75,3.4,49,96,0,0,추움,나쁨
2025-02-25 00:00,2025-02-25,0,2,겨울,-8.4,-8.6,0.0,0.0,90,1.3,49,88,0,0,추움,나쁨
2025-02-25 01:00,2025-02-25,1,2,겨울,0.7,-0.8,0.0,0.0,88,2.8,63,132,0,0,추움,나쁨
2025-02-25 02:00,2025-02-25,2,2,겨울,-8.1,-11.6,0.0,0.0,59,4.3,39,65,0,0,추움,나쁨
2025-02-25 03:00,2025-02-25,3,2,겨울,-5.8,-10.2,0.0,0.0,78,6.6,53,109,0,0,추움,나쁨
2025-02-25 04:00,2025-02-25,4,2,겨울,-3.6,-9.0,0.0,0.0,70,7.2,44,87,0,0,추움,나쁨
2025-02-25 05:00,2025-02-25,5,2,겨울,0.1,-0.6,0.0,0.0,54,0.6,50,96,0,0,추움,나쁨
2025-02-25 06:00,2025-02-25,6,2,겨울,1.4,-0.4,0.0,0.0,72,3.1,49,82,0,0,쌀쌀함,나쁨
2025-02-25 07:00,2025-02-25,7,2,겨울,2.1,-0.3,0.0,0.0,76,3.6,59,124,0,0,쌀쌀함,나쁨
2025-02-25 08:00,2025-02-25,8,2,겨울,-3.1,-7.6,0.0,0.0,78,5.6,45,76,0,0,추움,나쁨
2025-02-25 09:00,2025-02-25,9,2,겨울,5.8,1.6,0.0,0.0,60,6.1,45,68,0,0,쌀쌀함,나쁨
2025-02-25 10:00,2025-02-25,10,2,겨울,3.6,-2.4,0.0,0.0,42,7.1,60,109,0,0,쌀쌀함,나쁨
2025-02-25 11:00,2025-02-25,11,2,겨울,5.9,0.8,0.0,0.0,58,7.1,28,53,0,0,쌀쌀함,보통
2025-02-25 12:00,2025-02-25,12,2,겨울,5.4,0.7,0.0,0.0,46,7.6,57,118,0,0,쌀쌀함,나쁨
2025-02-25 13:00,2025-02-25,13,2,겨울,7.7,2.4,0.0,0.0,59,7.6,56,113,0,0,쌀쌀함,나쁨
2025-02-25 14:00,2025-02-25,14,2,겨울,6.2,0.8,0.0,0.0,62,6.7,67,122,0,0,쌀쌀함,나쁨
2025-02-25 15:00,2025-02-25,15,2,겨울,5.9,0.7,0.0,0.0,67,6.2,51,85,0,0,쌀쌀함,나쁨
2025-02-25 16:00,2025-02-25,16,2,겨울,4.4,4.1,0.0,0.0,54,1.5,38,61,0,0,쌀쌀함,나쁨
2025-02-25 17:00,2025-02-25,17,2,겨울,4.2,2.5,0.0,0.0,45,2.7,78,129,0,0,쌀쌀함,매우나쁨
2025-02-25 18:00,2025-02-25,18,2,겨울,-3.0,-3.7,0.0,0.0,36,0.8,66,124,0,0,추움,나쁨
2025-02-25 19:00,2025-02-25,19,2,겨울,-6.2,-9.0,0.0,0.0,66,3.6,59,124,0,0,추움,나쁨
2025-02-25 20:00,2025-02-25,20,2,겨울,-2.4,-6.0,0.0,0.0,42,6.1,49,81,0,0,추움,나쁨
2025-02-25 21:00,2025-02-25,21,2,겨울,1.6,1.3,0.0,0.0,39,1.8,65,133,0,0,쌀쌀함,나쁨
2025-02-25 22:00,2025-02-25,22,2,겨울,-8.5,-10.1,0.5,0.0,37,1.5,35,64,1,0,추움,보통
2025-02-25 23:00,2025-02-25,23,2,겨울,-8.4,-12.5,0.0,0.0,49,7.1,45,73,0,0,추움,나쁨
2025-02-26 00:00,2025-02-26,0,2,겨울,-4.7,-9.8,0.0,0.0,79,7.3,46,70,0,0,추움,나쁨
2025-02-26 01:00,2025-02-26,1,2,겨울,-1.2,-6.1,0.0,0.0,36,6.9,42,65,0,0,추움,나쁨
2025-02-26 02:00,2025-02-26,2,2,겨울,-5.1,-8.6,0.0,0.0,75,5.0,75,127,0,0,추움,나쁨
2025-02-26 03:00,2025-02-26,3,2,겨울,0.2,-1.3,0.0,0.0,68,3.0,44,90,0,0,추움,나쁨
2025-02-26 04:00,2025-02-26,4,2,겨울,-0.5,-3.6,0.0,0.0,50,3.3,37,69,0,0,추움,나쁨
2025-02-26 05:00,2025-02-26,5,2,겨울,-2.4,-3.3,0.0,0.0,76,1.6,70,126,0,0,추움,나쁨
2025-02-26 06:00,2025-02-26,6,2,겨울,-3.1,-7.3,0.0,0.0,33,5.3,55,103,0,0,추움,나쁨
2025-02-26 07:00,2025-02-26,7,2,겨울,4.6,4.7,0.0,0.0,33,0.6,37,59,0,0,쌀쌀함,나쁨
2025-02-26 08:00,2025-02-26,8,2,겨울,-1.9,-2.0,0.0,0.0,80,1.6,44,84,0,0,추움,나쁨
2025-02-26 09:00,2025-02-26,9,2,겨울,0.5,-5.2,0.0,0.0,31,7.5,64,121,0,0,추움,나쁨
2025-02-26 10:00,2025-02-26,10,2,겨울,2.8,0.1,0.0,0.0,69,2.1,49,103,0,0,쌀쌀함,나쁨
2025-02-26 11:00,2025-02-26,11,2,겨울,7.9,5.0,0.0,0.0,55,2.6,45,78,0,0,쌀쌀함,나쁨
2025-02-26 12:00,2025-02-26,12,2,겨울,6.1,0.7,0.0,0.0,69,7.2,47,101,0,0,쌀쌀함,나쁨
2025-02-26 13:00,2025-02-26,13,2,겨울,3.9,2.6,0.0,0.0,30,2.4,83,166,0,0,쌀쌀함,매우나쁨
2025-02-26 14:00,2025-02-26,14,2,겨울,3.8,3.8,0.0,0.0,46,1.1,77,127,0,0,쌀쌀함,매우나쁨
2025-02-26 15:00,2025-02-26,15,2,겨울,4.2,0.9,0.0,0.0,53,5.4,50,89,0,0,쌀쌀함,나쁨
2025-02-26 16:00,2025-02-26,16,2,겨울,3.1,1.5,0.0,0.0,67,2.3,46,79,0,0,쌀쌀함,나쁨
2025-02-26 17:00,2025-02-26,17,2,겨울,-2.7,-6.4,0.0,0.0,41,5.2,43,73,0,0,추움,나쁨
2025-02-26 18:00,2025-02-26,18,2,겨울,-4.7,-6.1,0.0,0.0,31,1.3,24,46,0,0,추움,보통
2025-02-26 19:00,2025-02-26,19,2,겨울,1.7,-2.0,0.0,0.0,38,4.5,33,53,0,0,쌀쌀함,보통
2025-02-26 20:00,2025-02-26,20,2,겨울,-1.8,-2.3,0.0,0.0,51,1.7,41,82,0,0,추움,나쁨
2025-02-26 21:00,2025-02-26,21,2,겨울,-1.0,-6.8,0.0,0.0,53,7.3,44,91,0,0,추움,나쁨
2025-02-26 22:00,2025-02-26,22,2,겨울,-5.9,-9.0,0.0,0.0,38,4.2,41,83,0,0,추움,나쁨
2025-02-26 23:00,2025-02-26,23,2,겨울,-0.8,-2.7,0.0,0.8,47,2.9,28,49,0,1,추움,보통
2025-02-27 00:00,2025-02-27,0,2,겨울,-2.1,-6.8,0.0,0.0,31,7.8,80,140,0,0,추움,매우나쁨
2025-02-27 01:00,2025-02-27,1,2,겨울,-6.7,-9.3,0.0,0.0,81,3.5,74,151,0,0,추움,나쁨
2025-02-27 02:00,2025-02-27,2,2,겨울,-3.7,-7.5,0.0,0.0,34,5.5,21,40,0,0,추움,보통
2025-02-27 03:00,2025-02-27,3,2,겨울,-3.2,-6.1,0.0,0.0,82,3.6,78,168,0,0,추움,매우나쁨
2025-02-27 04:00,2025-02-27,4,2,겨울,1.6,-0.4,0.0,0.0,32,2.7,40,78,0,0,쌀쌀함,나쁨
2025-02-27 05:00,2025-02-27,5,2,겨울,-3.8,-4.7,0.0,0.0,36,1.8,66,101,0,0,추움,나쁨
2025-02-27 06:00,2025-02-27,6,2,겨울,-4.6,-8.1,0.0,0.0,67,5.5,75,130,0,0,추움,나쁨
2025-02-27 07:00,2025-02-27,7,2,겨울,-1.9,-5.7,0.0,0.0,31,6.2,44,81,0,0,추움,나쁨
2025-02-27 08:00,2025-02-27,8,2,겨울,0.9,-1.6,0.0,0.0,82,3.9,61,94,0,0,추움,나쁨
2025-02-27 09:00,2025-02-27,9,2,겨울,4.0,0.2,0.0,0.0,34,5.7,80,172,0,0,쌀쌀함,매우나쁨
2025-02-27 10:00,2025-02-27,10,2,겨울,1.6,-2.6,0.0,0.0,60,6.5,48,95,0,0,쌀쌀함,나쁨
2025-02-27 11:00,2025-02-27,11,2,겨울,4.9,3.3,0.0,0.0,86,2.1,53,79,0,0,쌀쌀함,나쁨
2025-02-27 12:00,2025-02-27,12,2,겨울,4.6,2.2,0.0,0.0,40,2.9,7,15,0,0,쌀쌀함,좋음
2025-02-27 13:00,2025-02-27,13,2,겨울,3.1,-0.9,0.0,0.0,68,5.7,47,87,0,0,쌀쌀함,나쁨
2025-02-27 14:00,2025-02-27,14,2,겨울,0.1,-1.5,0.0,0.0,51,3.2,49,75,0,0,추움,나쁨
2025-02-27 15:00,2025-02-27,15,2,겨울,6.3,4.3,0.0,0.0,56,3.3,52,81,0,0,쌀쌀함,나쁨
2025-02-27 16:00,2025-02-27,16,2,겨울,4.6,2.8,0.0,0.0,58,2.9,38,79,0,0,쌀쌀함,나쁨
2025-02-27 17:00,2025-02-27,17,2,겨울,2.6,-2.5,0.0,0.0,68,7.8,46,72,0,0,쌀쌀함,나쁨
2025-02-27 18:00,2025-02-27,18,2,겨울,4.4,1.5,0.0,0.0,31,2.9,55,88,0,0,쌀쌀함,나쁨
2025-02-27 19:00,2025-02-27,19,2,겨울,-5.1,-6.2,0.0,0.0,85,1.9,53,111,0,0,추움,나쁨
2025-02-27 20:00,2025-02-27,20,2,겨울,0.2,-2.7,0.0,0.0,31,4.8,74,116,0,0,추움,나쁨
2025-02-27 21:00,2025-02-27,21,2,겨울,-6.3,-8.7,0.0,0.4,58,3.2,16,24,0,1,추움,보통
2025-02-27 22:00,2025-02-27,22,2,겨울,-7.1,-10.0,0.0,0.0,82,5.0,31,50,0,0,추움,보통
2025-02-27 23:00,2025-02-27,23,2,겨울,-8.0,-8.6,0.0,0.0,41,0.7,45,87,0,0,추움,나쁨
2025-02-28 00:00,2025-02-28,0,2,겨울,-6.9,-11.1,0.0,0.0,46,6.9,79,120,0,0,추움,매우나쁨
2025-02-28 01:00,2025-02-28,1,2,겨울,-3.2,-4.7,0.0,0.0,68,1.4,59,103,0,0,추움,나쁨
2025-02-28 02:00,2025-02-28,2,2,겨울,-3.8,-6.1,0.0,1.6,30,2.9,58,105,0,1,추움,나쁨
2025-02-28 03:00,2025-02-28,3,2,겨울,-1.7,-4.5,0.0,0.0,73,2.7,32,56,0,0,추움,보통
2025-02-28 04:00,2025-02-28,4,2,겨울,-0.1,-2.6,0.0,3.3,50,4.0,57,87,0,1,추움,나쁨
2025-02-28 05:00,2025-02-28,5,2,겨울,-6.1,-6.6,0.0,0.0,73,1.0,65,115,0,0,추움,나쁨
2025-02-28 06:00,2025-02-28,6,2,겨울,-0.9,-4.2,0.0,0.0,88,5.6,53,87,0,0,추움,나쁨
2025-02-28 07:00,2025-02-28,7,2,겨울,2.1,2.0,0.0,0.0,81,0.8,48,94,0,0,쌀쌀함,나쁨
2025-02-28 08:00,2025-02-28,8,2,겨울,1.7,1.1,0.0,0.0,63,1.2,25,51,0,0,쌀쌀함,보통
2025-02-28 09:00,2025-02-28,9,2,겨울,2.1,-0.3,0.0,0.0,62,3.7,36,78,0,0,쌀쌀함,나쁨
2025-02-28 10:00,2025-02-28,10,2,겨울,7.4,5.7,0.0,0.0,35,1.1,87,179,0,0,쌀쌀함,매우나쁨
2025-02-28 11:00,2025-02-28,11,2,겨울,9.2,6.2,0.0,0.0,60,4.4,72,145,0,0,선선함,나쁨
2025-02-28 12:00,2025-02-28,12,2,겨울,7.7,5.3,0.0,0.0,35,2.6,25,44,0,0,쌀쌀함,보통
2025-02-28 13:00,2025-02-28,13,2,겨울,9.0,7.8,0.0,0.0,67,2.8,48,73,0,0,선선함,나쁨
2025-02-28 14:00,2025-02-28,14,2,겨울,6.6,1.7,0.0,0.0,46,7.1,36,74,0,0,쌀쌀함,나쁨
2025-02-28 15:00,2025-02-28,15,2,겨울,2.3,-4.0,0.0,0.0,35,7.9,43,89,0,0,쌀쌀함,나쁨
2025-02-28 16:00,2025-02-28,16,2,겨울,4.6,4.4,0.0,0.0,72,0.7,35,67,0,0,쌀쌀함,보통
2025-02-28 17:00,2025-02-28,17,2,겨울,-0.8,-3.1,0.0,0.3,77,2.9,68,140,0,1,추움,나쁨
2025-02-28 18:00,2025-02-28,18,2,겨울,-3.2,-6.7,0.0,0.1,50,4.8,53,112,0,1,추움,나쁨
2025-02-28 19:00,2025-02-28,19,2,겨울,3.1,2.5,0.0,0.0,88,2.7,64,103,0,0,쌀쌀함,나쁨
2025-02-28 20:00,2025-02-28,20,2,겨울,-7.9,-11.5,0.0,0.0,83,5.6,56,121,0,0,추움,나쁨
2025-02-28 21:00,2025-02-28,21,2,겨울,-0.7,-1.0,0.0,0.0,84,1.2,42,79,0,0,추움,나쁨
2025-02-28 22:00,2025-02-28,22,2,겨울,-7.7,-11.4,0.0,0.0,45,6.4,43,87,0,0,추움,나쁨
2025-02-28 23:00,2025-02-28,23,2,겨울,-0.6,-4.5,0.0,3.5,47,7.0,41,73,0,1,추움,나쁨
2025-03-01 00:00,2025-03-01,0,3,봄,5.6,2.3,0.0,0.0,38,4.8,46,69,0,0,쌀쌀함,나쁨
2025-03-01 01:00,2025-03-01,1,3,봄,-0.2,-1.7,0.0,0.0,55,1.3,46,87,0,0,추움,나쁨
2025-03-01 02:00,2025-03-01,2,3,봄,0.7,-3.2,0.0,0.0,60,6.2,69,146,0,0,추움,나쁨
2025-03-01 03:00,2025-03-01,3,3,봄,5.1,5.0,0.0,0.0,83,0.8,44,73,0,0,쌀쌀함,나쁨
2025-03-01 04:00,2025-03-01,4,3,봄,4.4,3.6,0.0,0.0,63,1.7,52,79,0,0,쌀쌀함,나쁨
2025-03-01 05:00,2025-03-01,5,3,봄,8.0,8.1,0.0,0.0,35,1.2,69,150,0,0,선선함,나쁨
2025-03-01 06:00,2025-03-01,6,3,봄,9.1,4.7,0.0,0.0,55,6.7,57,123,0,0,선선함,나쁨
2025-03-01 07:00,2025-03-01,7,3,봄,11.2,7.7,0.0,0.0,35,5.4,24,46,0,0,선선함,보통
2025-03-01 08:00,2025-03-01,8,3,봄,11.5,5.9,0.0,0.0,88,6.9,38,67,0,0,선선함,나쁨
2025-03-01 09:00,2025-03-01,9,3,봄,9.0,6.9,0.0,0.0,78,3.0,60,101,0,0,선선함,나쁨
2025-03-01 10:00,2025-03-01,10,3,봄,10.6,6.9,0.0,0.0,79,6.3,54,95,0,0,선선함,나쁨
2025-03-01 11:00,2025-03-01,11,3,봄,4.4,2.9,0.0,0.0,38,1.0,49,85,0,0,쌀쌀함,나쁨
2025-03-01 12:00,2025-03-01,12,3,봄,7.5,5.8,0.0,0.0,57,1.5,57,102,0,0,쌀쌀함,나쁨
2025-03-01 13:00,2025-03-01,13,3,봄,11.6,8.1,0.0,0.0,78,4.0,63,123,0,0,선선함,나쁨
2025-03-01 14:00,2025-03-01,14,3,봄,7.0,5.0,0.0,0.0,77,4.3,63,111,0,0,쌀쌀함,나쁨
2025-03-01 15:00,2025-03-01,15,3,봄,11.4,7.8,0.0,0.0,54,5.9,35,65,0,0,선선함,보통
2025-03-01 16:00,2025-03-01,16,3,봄,7.8,2.8,0.0,0.0,65,6.1,38,74,0,0,쌀쌀함,나쁨
2025-03-01 17:00,2025-03-01,17,3,봄,10.8,7.2,0.0,0.0,77,4.6,71,154,0,0,선선함,나쁨
2025-03-01 18:00,2025-03-01,18,3,봄,8.8,7.0,0.0,0.0,41,2.4,61,94,0,0,선선함,나쁨
2025-03-01 19:00,2025-03-01,19,3,봄,4.8,1.5,0.0,0.0,44,5.2,62,104,0,0,쌀쌀함,나쁨
2025-03-01 20:00,2025-03-01,20,3,봄,-0.6,-2.3,0.0,0.0,67,2.1,46,73,0,0,추움,나쁨
2025-03-01 21:00,2025-03-01,21,3,봄,6.2,1.2,0.0,0.0,83,8.0,56,117,0,0,쌀쌀함,나쁨
2025-03-01 22:00,2025-03-01,22,3,봄,4.1,2.3,0.0,0.0,63,2.4,67,140,0,0,쌀쌀함,나쁨
2025-03-01 23:00,2025-03-01,23,3,봄,-1.3,-4.8,0.0,0.0,49,5.8,46,82,0,0,추움,나쁨
2025-03-02 00:00,2025-03-02,0,3,봄,7.5,6.6,0.0,0.0,62,1.3,29,54,0,0,쌀쌀함,보통
2025-03-02 01:00,2025-03-02,1,3,봄,-3.4,-6.7,0.0,0.0,49,5.6,67,108,0,0,추움,나쁨
2025-03-02 02:00,2025-03-02,2,3,봄,6.6,2.1,0.0,0.0,69,5.4,47,78,0,0,쌀쌀함,나쁨
2025-03-02 03:00,2025-03-02,3,3,봄,3.9,-1.6,0.0,0.0,46,7.8,44,81,0,0,쌀쌀함,나쁨
2025-03-02 04:00,2025-03-02,4,3,봄,7.8,4.2,0.0,0.0,36,5.5,72,135,0,0,쌀쌀함,나쁨
2025-03-02 05:00,2025-03-02,5,3,봄,8.4,2.5,0.0,0.0,74,7.1,46,82,0,0,선선함,나쁨
2025-03-02 06:00,2025-03-02,6,3,봄,5.1,0.5,0.0,0.0,34,6.6,55,107,0,0,쌀쌀함,나쁨
2025-03-02 07:00,2025-03-02,7,3,봄,5.5,1.3,0.0,0.0,35,5.7,82,133,0,0,쌀쌀함,매우나쁨
2025-03-02 08:00,2025-03-02,8,3,봄,14.2,11.5,0.0,0.0,87,2.1,38,79,0,0,선선함,나쁨
2025-03-02 09:00,2025-03-02,9,3,봄,10.1,4.6,0.0,0.0,32,6.8,68,128,0,0,선선함,나쁨
2025-03-02 10:00,2025-03-02,10,3,봄,10.9,7.8,0.0,0.0,45,4.4,55,97,0,0,선선함,나쁨
2025-03-02 11:00,2025-03-02,11,3,봄,7.7,2.9,0.0,0.0,58,7.2,50,81,0,0,쌀쌀함,나쁨
2025-03-02 12:00,2025-03-02,12,3,봄,12.1,7.9,0.0,0.0,38,6.8,50,108,0,0,선선함,나쁨
2025-03-02 13:00,2025-03-02,13,3,봄,9.8,5.6,0.0,0.0,36,5.7,27,55,0,0,선선함,보통
2025-03-02 14:00,2025-03-02,14,3,봄,8.6,8.4,0.0,0.0,74,0.9,51,107,0,0,선선함,나쁨
2025-03-02 15:00,2025-03-02,15,3,봄,12.0,11.1,0.0,0.0,35,2.2,17,31,0,0,선선함,보통
2025-03-02 16:00,2025-03-02,16,3,봄,7.1,4.1,0.0,0.0,47,3.8,56,87,0,0,쌀쌀함,나쁨
2025-03-02 17:00,2025-03-02,17,3,봄,6.3,3.5,0.0,0.0,54,3.8,54,86,0,0,쌀쌀함,나쁨
2025-03-02 18:00,2025-03-02,18,3,봄,-0.6,-3.0,0.0,0.0,36,3.4,62,127,0,0,추움,나쁨
2025-03-02 19:00,2025-03-02,19,3,봄,1.3,0.3,0.0,0.0,43,1.4,52,94,0,0,쌀쌀함,나쁨
2025-03-02 20:00,2025-03-02,20,3,봄,2.5,0.1,0.0,0.0,77,3.3,57,103,0,0,쌀쌀함,나쁨
2025-03-02 21:00,2025-03-02,21,3,봄,-2.2,-7.1,0.0,0.0,73,6.4,70,136,0,0,추움,나쁨
2025-03-02 22:00,2025-03-02,22,3,봄,3.7,0.8,0.0,0.0,84,5.2,49,98,0,0,쌀쌀함,나쁨
2025-03-02 23:00,2025-03-02,23,3,봄,2.9,0.2,0.0,0.0,35,3.9,38,67,0,0,쌀쌀함,나쁨
2025-03-03 00:00,2025-03-03,0,3,봄,4.5,3.3,0.0,0.0,34,1.3,43,69,0,0,쌀쌀함,나쁨
2025-03-03 01:00,2025-03-03,1,3,봄,3.1,-2.9,0.0,0.0,45,7.8,60,112,0,0,쌀쌀함,나쁨
2025-03-03 02:00,2025-03-03,2,3,봄,-2.4,-5.4,0.0,0.0,52,5.7,42,70,0,0,추움,나쁨
2025-03-03 03:00,2025-03-03,3,3,봄,2.1,0.3,0.0,0.0,89,2.2,43,92,0,0,쌀쌀함,나쁨
2025-03-03 04:00,2025-03-03,4,3,봄,2.6,-0.8,0.0,0.0,68,4.8,77,143,0,0,쌀쌀함,매우나쁨
2025-03-03 05:00,2025-03-03,5,3,봄,4.6,-0.3,0.0,0.0,45,7.2,39,61,0,0,쌀쌀함,나쁨
2025-03-03 06:00,2025-03-03,6,3,봄,2.4,-0.9,0.0,0.0,45,4.1,64,105,0,0,쌀쌀함,나쁨
2025-03-03 07:00,2025-03-03,7,3,봄,7.6,2.6,0.0,0.0,60,7.4,56,101,0,0,쌀쌀함,나쁨
2025-03-03 08:00,2025-03-03,8,3,봄,9.9,8.3,0.0,0.0,85,2.4,48,96,0,0,선선함,나쁨
2025-03-03 09:00,2025-03-03,9,3,봄,15.1,13.0,0.0,0.0,60,2.7,88,191,0,0,따뜻함,매우나쁨
2025-03-03 10:00,2025-03-03,10,3,봄,17.3,13.5,0.0,0.0,78,5.2,65,128,0,0,따뜻함,나쁨
2025-03-03 11:00,2025-03-03,11,3,봄,16.3,11.3,0.0,0.0,71,5.2,56,97,0,0,따뜻함,나쁨
2025-03-03 12:00,2025-03-03,12,3,봄,10.5,7.6,0.0,0.0,81,4.4,55,100,0,0,선선함,나쁨
2025-03-03 13:00,2025-03-03,13,3,봄,9.8,5.0,0.0,0.0,46,6.1,77,153,0,0,선선함,매우나쁨
2025-03-03 14:00,2025-03-03,14,3,봄,9.9,7.3,0.0,0.0,72,4.6,67,116,0,0,선선함,나쁨
2025-03-03 15:00,2025-03-03,15,3,봄,10.3,8.7,0.0,0.0,56,2.7,54,109,0,0,선선함,나쁨
2025-03-03 16:00,2025-03-03,16,3,봄,3.3,-0.9,0.0,0.0,65,6.0,34,56,0,0,쌀쌀함,보통
2025-03-03 17:00,2025-03-03,17,3,봄,8.1,7.0,0.0,0.0,33,2.8,44,81,0,0,선선함,나쁨
2025-03-03 18:00,2025-03-03,18,3,봄,7.8,5.5,0.0,0.0,52,4.3,58,109,0,0,쌀쌀함,나쁨
2025-03-03 19:00,2025-03-03,19,3,봄,4.3,1.5,0.0,0.0,59,3.3,65,130,0,0,쌀쌀함,나쁨
2025-03-03 20:00,2025-03-03,20,3,봄,7.9,6.2,0.0,0.0,66,2.7,68,141,0,0,쌀쌀함,나쁨
2025-03-03 21:00,2025-03-03,21,3,봄,0.4,-0.1,0.0,0.0,79,1.7,40,67,0,0,추움,나쁨
2025-03-03 22:00,2025-03-03,22,3,봄,-5.1,-6.6,0.0,0.0,42,2.1,62,108,0,0,추움,나쁨
2025-03-03 23:00,2025-03-03,23,3,봄,3.7,-0.7,0.0,0.0,53,6.3,35,66,0,0,쌀쌀함,보통
2025-03-04 00:00,2025-03-04,0,3,봄,2.3,0.3,0.0,0.0,45,2.5,44,81,0,0,쌀쌀함,나쁨
2025-03-04 01:00,2025-03-04,1,3,봄,2.8,-1.5,0.0,0.0,71,7.6,66,113,0,0,쌀쌀함,나쁨
2025-03-04 02:00,2025-03-04,2,3,봄,2.4,-2.3,0.0,0.0,36,6.2,44,81,0,0,쌀쌀함,나쁨
2025-03-04 03:00,2025-03-04,3,3,봄,0.6,-4.1,0.0,0.0,37,7.3,74,132,0,0,추움,나쁨
2025-03-04 04:00,2025-03-04,4,3,봄,3.8,1.7,0.0,0.0,51,2.2,56,94,0,0,쌀쌀함,나쁨
2025-03-04 05:00,2025-03-04,5,3,봄,8.6,3.3,0.0,0.0,66,7.6,37,63,0,0,선선함,나쁨
2025-03-04 06:00,2025-03-04,6,3,봄,6.8,2.4,0.0,0.0,43,6.0,43,73,0,0,쌀쌀함,나쁨
2025-03-04 07:00,2025-03-04,7,3,봄,8.1,6.7,0.0,0.0,71,1.4,53,84,0,0,선선함,나쁨
2025-03-04 08:00,2025-03-04,8,3,봄,6.8,6.2,0.0,0.0,67,1.0,40,81,0,0,쌀쌀함,나쁨
2025-03-04 09:00,2025-03-04,9,3,봄,6.6,2.2,0.0,0.0,81,6.9,68,133,0,0,쌀쌀함,나쁨
2025-03-04 10:00,2025-03-04,10,3,봄,10.8,9.1,1.1,0.0,90,3.0,60,116,1,0,선선함,나쁨
2025-03-04 11:00,2025-03-04,11,3,봄,9.9,7.9,0.0,0.0,80,3.0,60,91,0,0,선선함,나쁨
2025-03-04 12:00,2025-03-04,12,3,봄,9.1,8.5,0.0,0.0,59,1.2,79,145,0,0,선선함,매우나쁨
2025-03-04 13:00,2025-03-04,13,3,봄,9.4,7.4,0.0,0.0,50,2.9,63,138,0,0,선선함,나쁨
2025-03-04 14:00,2025-03-04,14,3,봄,14.1,13.5,0.0,0.0,43,1.5,60,130,0,0,선선함,나쁨
2025-03-04 15:00,2025-03-04,15,3,봄,13.6,7.4,0.0,0.0,30,8.0,46,72,0,0,선선함,나쁨
2025-03-04 16:00,2025-03-04,16,3,봄,9.1,8.1,0.0,0.0,43,1.6,61,108,0,0,선선함,나쁨
2025-03-04 17:00,2025-03-04,17,3,봄,5.9,0.0,0.0,0.0,55,7.7,51,86,0,0,쌀쌀함,나쁨
2025-03-04 18:00,2025-03-04,18,3,봄,11.6,10.3,0.0,0.0,62,1.4,61,96,0,0,선선함,나쁨
2025-03-04 19:00,2025-03-04,19,3,봄,6.6,2.6,0.0,0.0,42,5.2,56,122,0,0,쌀쌀함,나쁨
2025-03-04 20:00,2025-03-04,20,3,봄,6.4,1.1,0.0,0.0,64,7.5,56,101,0,0,쌀쌀함,나쁨
2025-03-04 21:00,2025-03-04,21,3,봄,2.4,-2.0,0.0,0.0,48,5.7,56,108,0,0,쌀쌀함,나쁨
2025-03-04 22:00,2025-03-04,22,3,봄,5.3,3.3,0.0,0.0,46,2.2,48,84,0,0,쌀쌀함,나쁨
2025-03-04 23:00,2025-03-04,23,3,봄,2.1,-1.6,0.0,0.0,48,6.3,40,68,0,0,쌀쌀함,나쁨
2025-03-05 00:00,2025-03-05,0,3,봄,-1.0,-2.1,0.0,0.0,61,2.0,64,111,0,0,추움,나쁨
2025-03-05 01:00,2025-03-05,1,3,봄,5.5,1.4,0.0,0.0,80,5.0,48,92,0,0,쌀쌀함,나쁨
2025-03-05 02:00,2025-03-05,2,3,봄,3.5,1.1,0.0,0.0,56,3.7,66,134,0,0,쌀쌀함,나쁨
2025-03-05 03:00,2025-03-05,3,3,봄,2.6,1.0,0.0,0.0,65,3.6,49,77,0,0,쌀쌀함,나쁨
2025-03-05 04:00,2025-03-05,4,3,봄,1.9,-2.8,0.0,0.0,47,7.5,47,70,0,0,쌀쌀함,나쁨
2025-03-05 05:00,2025-03-05,5,3,봄,3.2,0.5,0.0,0.0,74,4.0,63,135,0,0,쌀쌀함,나쁨
2025-03-05 06:00,2025-03-05,6,3,봄,6.7,3.6,0.0,0.0,49,3.4,46,72,0,0,쌀쌀함,나쁨
2025-03-05 07:00,2025-03-05,7,3,봄,12.5,6.9,0.0,0.0,65,7.3,46,94,0,0,선선함,나쁨
2025-03-05 08:00,2025-03-05,8,3,봄,7.5,3.1,0.0,0.0,39,7.1,64,103,0,0,쌀쌀함,나쁨
2025-03-05 09:00,2025-03-05,9,3,봄,5.4,-0.4,0.0,0.0,49,7.8,35,68,0,0,쌀쌀함,보통
2025-03-05 10:00,2025-03-05,10,3,봄,13.0,10.7,0.0,0.0,32,2.7,51,77,0,0,선선함,나쁨
2025-03-05 11:00,2025-03-05,11,3,봄,10.6,10.4,0.0,0.0,85,1.2,50,80,0,0,선선함,나쁨
2025-03-05 12:00,2025-03-05,12,3,봄,15.0,11.1,0.0,0.0,33,5.8,34,61,0,0,따뜻함,보통
2025-03-05 13:00,2025-03-05,13,3,봄,7.2,2.4,0.0,0.0,67,6.7,62,114,0,0,쌀쌀함,나쁨
2025-03-05 14:00,2025-03-05,14,3,봄,12.2,8.4,0.0,0.0,60,4.6,67,136,0,0,선선함,나쁨
2025-03-05 15:00,2025-03-05,15,3,봄,14.3,12.8,0.0,0.0,32,1.0,45,77,0,0,선선함,나쁨
2025-03-05 16:00,2025-03-05,16,3,봄,12.1,7.6,0.0,0.0,36,5.4,58,102,0,0,선선함,나쁨
2025-03-05 17:00,2025-03-05,17,3,봄,9.2,4.5,0.0,0.0,65,6.6,54,104,0,0,선선함,나쁨
2025-03-05 18:00,2025-03-05,18,3,봄,3.5,3.0,0.0,0.0,34,1.3,55,94,0,0,쌀쌀함,나쁨
2025-03-05 19:00,2025-03-05,19,3,봄,2.8,2.1,0.0,0.0,32,3.1,65,109,0,0,쌀쌀함,나쁨
2025-03-05 20:00,2025-03-05,20,3,봄,9.2,6.0,0.0,0.0,73,5.2,64,126,0,0,선선함,나쁨
2025-03-05 21:00,2025-03-05,21,3,봄,2.9,-1.8,0.0,0.0,73,6.1,37,55,0,0,쌀쌀함,나쁨
2025-03-05 22:00,2025-03-05,22,3,봄,-1.4,-5.4,0.0,4.8,49,5.0,57,101,0,1,추움,나쁨
2025-03-05 23:00,2025-03-05,23,3,봄,-3.3,-9.8,0.0,0.0,87,7.8,53,107,0,0,추움,나쁨
2025-03-06 00:00,2025-03-06,0,3,봄,-0.5,-5.5,0.0,0.0,44,7.0,72,133,0,0,추움,나쁨
2025-03-06 01:00,2025-03-06,1,3,봄,-1.1,-3.2,0.0,0.0,55,3.8,52,105,0,0,추움,나쁨
2025-03-06 02:00,2025-03-06,2,3,봄,6.5,1.5,0.0,0.0,82,7.5,54,114,0,0,쌀쌀함,나쁨
2025-03-06 03:00,2025-03-06,3,3,봄,0.8,-3.8,0.0,0.0,75,7.2,49,78,0,0,추움,나쁨
2025-03-06 04:00,2025-03-06,4,3,봄,-0.6,-1.8,0.0,0.0,59,2.8,49,105,0,0,추움,나쁨
2025-03-06 05:00,2025-03-06,5,3,봄,3.7,-1.2,0.0,0.0,56,7.0,14,23,0,0,쌀쌀함,좋음
2025-03-06 06:00,2025-03-06,6,3,봄,9.0,4.5,0.0,0.0,63,7.8,55,114,0,0,선선함,나쁨
2025-03-06 07:00,2025-03-06,7,3,봄,3.9,2.4,0.0,0.0,30,3.3,41,78,0,0,쌀쌀함,나쁨
2025-03-06 08:00,2025-03-06,8,3,봄,8.6,5.0,0.0,0.0,47,5.1,47,76,0,0,선선함,나쁨
2025-03-06 09:00,2025-03-06,9,3,봄,13.8,8.4,0.0,0.0,41,7.9,98,172,0,0,선선함,매우나쁨
2025-03-06 10:00,2025-03-06,10,3,봄,13.3,9.7,0.0,0.0,86,4.6,48,87,0,0,선선함,나쁨
2025-03-06 11:00,2025-03-06,11,3,봄,9.7,8.7,0.0,0.0,89,1.6,71,134,0,0,선선함,나쁨
2025-03-06 12:00,2025-03-06,12,3,봄,7.6,5.0,0.0,0.0,33,3.7,47,91,0,0,쌀쌀함,나쁨
2025-03-06 13:00,2025-03-06,13,3,봄,7.5,2.8,0.0,0.0,88,6.8,26,46,0,0,쌀쌀함,보통
2025-03-06 14:00,2025-03-06,14,3,봄,12.8,11.3,0.0,0.0,67,1.4,46,77,0,0,선선함,나쁨
2025-03-06 15:00,2025-03-06,15,3,봄,11.2,6.9,0.0,0.0,78,5.1,68,134,0,0,선선함,나쁨
2025-03-06 16:00,2025-03-06,16,3,봄,9.5,7.4,0.0,0.0,45,3.5,50,77,0,0,선선함,나쁨
2025-03-06 17:00,2025-03-06,17,3,봄,10.9,10.1,0.0,0.0,82,1.0,57,123,0,0,선선함,나쁨
2025-03-06 18:00,2025-03-06,18,3,봄,8.0,5.9,0.0,0.0,42,2.8,60,110,0,0,선선함,나쁨
2025-03-06 19:00,2025-03-06,19,3,봄,5.1,2.9,0.0,0.0,75,2.9,58,119,0,0,쌀쌀함,나쁨
2025-03-06 20:00,2025-03-06,20,3,봄,2.1,-0.5,0.0,0.0,36,3.7,73,146,0,0,쌀쌀함,나쁨
2025-03-06 21:00,2025-03-06,21,3,봄,4.1,0.5,0.0,0.0,33,4.9,57,100,0,0,쌀쌀함,나쁨
2025-03-06 22:00,2025-03-06,22,3,봄,4.4,3.3,0.0,0.0,70,0.9,67,142,0,0,쌀쌀함,나쁨
2025-03-06 23:00,2025-03-06,23,3,봄,1.9,-0.3,0.0,0.0,31,3.3,73,152,0,0,쌀쌀함,나쁨
2025-03-07 00:00,2025-03-07,0,3,봄,3.4,-0.1,0.0,0.0,75,5.0,66,142,0,0,쌀쌀함,나쁨
2025-03-07 01:00,2025-03-07,1,3,봄,-0.1,-5.3,0.0,0.0,69,6.4,31,59,0,0,추움,보통
2025-03-07 02:00,2025-03-07,2,3,봄,5.9,0.2,0.0,0.0,63,7.4,51,80,0,0,쌀쌀함,나쁨
2025-03-07 03:00,2025-03-07,3,3,봄,3.7,-0.7,0.0,0.0,41,6.1,55,102,0,0,쌀쌀함,나쁨
2025-03-07 04:00,2025-03-07,4,3,봄,-1.3,-4.3,0.0,3.7,56,4.6,38,68,0,1,추움,나쁨
2025-03-07 05:00,2025-03-07,5,3,봄,3.1,-0.2,0.0,0.0,76,4.9,61,98,0,0,쌀쌀함,나쁨
2025-03-07 06:00,2025-03-07,6,3,봄,2.6,0.1,0.0,0.0,69,3.7,34,70,0,0,쌀쌀함,보통
2025-03-07 07:00,2025-03-07,7,3,봄,4.1,-0.8,0.0,0.0,32,7.8,80,167,0,0,쌀쌀함,매우나쁨
2025-03-07 08:00,2025-03-07,8,3,봄,5.1,1.6,0.0,0.0,66,5.7,29,51,0,0,쌀쌀함,보통
2025-03-07 09:00,2025-03-07,9,3,봄,8.3,5.6,0.0,0.0,82,3.9,55,83,0,0,선선함,나쁨
2025-03-07 10:00,2025-03-07,10,3,봄,12.5,8.0,0.0,0.0,82,6.5,11,21,0,0,선선함,좋음
2025-03-07 11:00,2025-03-07,11,3,봄,9.9,5.2,0.0,0.0,48,7.0,65,140,0,0,선선함,나쁨
2025-03-07 12:00,2025-03-07,12,3,봄,5.8,3.5,0.0,0.0,31,2.0,40,80,0,0,쌀쌀함,나쁨
2025-03-07 13:00,2025-03-07,13,3,봄,14.9,12.3,0.0,0.0,56,5.0,58,112,0,0,선선함,나쁨
2025-03-07 14:00,2025-03-07,14,3,봄,9.6,7.8,0.0,0.0,54,3.2,27,55,0,0,선선함,보통
2025-03-07 15:00,2025-03-07,15,3,봄,11.2,7.0,0.0,0.0,86,5.7,44,68,0,0,선선함,나쁨
2025-03-07 16:00,2025-03-07,16,3,봄,3.4,1.1,0.0,0.0,55,4.5,69,132,0,0,쌀쌀함,나쁨
2025-03-07 17:00,2025-03-07,17,3,봄,6.7,3.5,0.0,0.0,78,5.1,56,122,0,0,쌀쌀함,나쁨
2025-03-07 18:00,2025-03-07,18,3,봄,11.1,7.6,0.0,0.0,59,5.5,44,76,0,0,선선함,나쁨
2025-03-07 19:00,2025-03-07,19,3,봄,3.1,1.6,0.0,0.0,46,2.1,65,129,0,0,쌀쌀함,나쁨
2025-03-07 20:00,2025-03-07,20,3,봄,1.8,-1.8,0.0,0.0,32,5.8,49,74,0,0,쌀쌀함,나쁨
2025-03-07 21:00,2025-03-07,21,3,봄,3.2,-0.7,0.0,0.0,80,5.4,75,139,0,0,쌀쌀함,나쁨
2025-03-07 22:00,2025-03-07,22,3,봄,7.2,3.0,0.0,0.0,81,4.7,65,121,0,0,쌀쌀함,나쁨
2025-03-07 23:00,2025-03-07,23,3,봄,5.2,4.3,0.0,0.0,46,2.2,77,160,0,0,쌀쌀함,매우나쁨
2025-03-08 00:00,2025-03-08,0,3,봄,-1.8,-3.5,0.0,0.0,79,4.1,45,82,0,0,추움,나쁨
2025-03-08 01:00,2025-03-08,1,3,봄,0.5,-2.3,0.0,0.0,40,4.8,96,187,0,0,추움,매우나쁨
2025-03-08 02:00,2025-03-08,2,3,봄,4.6,2.9,0.0,0.0,41,1.8,37,62,0,0,쌀쌀함,나쁨
2025-03-08 03:00,2025-03-08,3,3,봄,0.0,-5.9,0.0,0.0,52,7.9,25,47,0,0,추움,보통
2025-03-08 04:00,2025-03-08,4,3,봄,5.9,1.9,0.0,0.0,80,6.4,79,172,0,0,쌀쌀함,매우나쁨
2025-03-08 05:00,2025-03-08,5,3,봄,2.6,-0.1,0.0,0.0,46,2.8,57,97,0,0,쌀쌀함,나쁨
2025-03-08 06:00,2025-03-08,6,3,봄,1.4,-3.5,0.0,0.0,83,7.9,39,70,0,0,쌀쌀함,나쁨
2025-03-08 07:00,2025-03-08,7,3,봄,5.2,1.6,0.0,0.0,33,5.8,91,189,0,0,쌀쌀함,매우나쁨
2025-03-08 08:00,2025-03-08,8,3,봄,11.2,7.4,0.0,0.0,73,5.7,44,88,0,0,선선함,나쁨
2025-03-08 09:00,2025-03-08,9,3,봄,12.4,6.5,0.0,0.0,51,7.5,54,108,0,0,선선함,나쁨
2025-03-08 10:00,2025-03-08,10,3,봄,6.5,1.2,0.0,0.0,71,7.3,63,103,0,0,쌀쌀함,나쁨
2025-03-08 11:00,2025-03-08,11,3,봄,8.4,5.0,0.0,0.0,79,5.9,39,67,0,0,선선함,나쁨
2025-03-08 12:00,2025-03-08,12,3,봄,11.4,7.9,0.0,0.0,61,5.4,64,103,0,0,선선함,나쁨
2025-03-08 13:00,2025-03-08,13,3,봄,13.6,13.1,0.0,0.0,73,0.6,42,91,0,0,선선함,나쁨
2025-03-08 14:00,2025-03-08,14,3,봄,14.9,8.9,0.0,0.0,58,8.0,41,73,0,0,선선함,나쁨
2025-03-08 15:00,2025-03-08,15,3,봄,11.3,10.1,0.0,0.0,46,0.8,77,118,0,0,선선함,매우나쁨
2025-03-08 16:00,2025-03-08,16,3,봄,13.1,8.9,0.0,0.0,39,5.7,76,120,0,0,선선함,매우나쁨
2025-03-08 17:00,2025-03-08,17,3,봄,7.3,2.5,0.0,0.0,60,5.9,55,95,0,0,쌀쌀함,나쁨
2025-03-08 18:00,2025-03-08,18,3,봄,8.5,3.1,0.0,0.0,39,7.7,37,72,0,0,선선함,나쁨
2025-03-08 19:00,2025-03-08,19,3,봄,10.5,8.0,0.0,0.0,67,3.3,25,52,0,0,선선함,보통
2025-03-08 20:00,2025-03-08,20,3,봄,8.9,7.9,0.0,0.0,65,2.2,50,94,0,0,선선함,나쁨
2025-03-08 21:00,2025-03-08,21,3,봄,2.7,-0.9,0.0,0.0,56,4.8,61,133,0,0,쌀쌀함,나쁨
2025-03-08 22:00,2025-03-08,22,3,봄,1.4,-2.5,0.0,0.0,70,5.0,56,115,0,0,쌀쌀함,나쁨
2025-03-08 23:00,2025-03-08,23,3,봄,1.0,-1.7,0.0,0.0,32,3.2,44,94,0,0,쌀쌀함,나쁨
2025-03-09 00:00,2025-03-09,0,3,봄,-0.8,-5.1,0.0,0.0,67,6.4,75,156,0,0,추움,나쁨
2025-03-09 01:00,2025-03-09,1,3,봄,6.6,2.1,0.0,0.0,69,6.8,64,113,0,0,쌀쌀함,나쁨
2025-03-09 02:00,2025-03-09,2,3,봄,0.8,-3.4,0.0,0.0,80,5.2,56,101,0,0,추움,나쁨
2025-03-09 03:00,2025-03-09,3,3,봄,4.3,1.3,0.0,0.0,77,5.1,46,87,0,0,쌀쌀함,나쁨
2025-03-09 04:00,2025-03-09,4,3,봄,3.0,2.2,0.0,0.0,51,1.6,40,87,0,0,쌀쌀함,나쁨
2025-03-09 05:00,2025-03-09,5,3,봄,4.0,1.0,0.0,0.0,83,5.9,50,107,0,0,쌀쌀함,나쁨
2025-03-09 06:00,2025-03-09,6,3,봄,0.9,-2.8,1.5,0.0,72,6.1,30,56,1,0,추움,보통
2025-03-09 07:00,2025-03-09,7,3,봄,2.3,1.6,0.0,0.0,70,0.7,77,148,0,0,쌀쌀함,매우나쁨
2025-03-09 08:00,2025-03-09,8,3,봄,9.1,7.2,0.0,0.0,71,3.7,48,103,0,0,선선함,나쁨
2025-03-09 09:00,2025-03-09,9,3,봄,4.7,0.3,0.0,0.0,58,6.8,56,113,0,0,쌀쌀함,나쁨
2025-03-09 10:00,2025-03-09,10,3,봄,8.9,7.1,0.0,0.0,52,3.4,26,47,0,0,선선함,보통
2025-03-09 11:00,2025-03-09,11,3,봄,9.7,6.0,0.0,0.0,58,4.6,61,116,0,0,선선함,나쁨
2025-03-09 12:00,2025-03-09,12,3,봄,12.9,8.6,0.0,0.0,45,7.2,67,136,0,0,선선함,나쁨
2025-03-09 13:00,2025-03-09,13,3,봄,5.9,5.5,0.0,0.0,43,1.7,84,153,0,0,쌀쌀함,매우나쁨
2025-03-09 14:00,2025-03-09,14,3,봄,6.8,2.9,0.0,0.0,55,5.2,74,114,0,0,쌀쌀함,나쁨
2025-03-09 15:00,2025-03-09,15,3,봄,13.5,12.5,0.0,0.0,39,1.9,58,123,0,0,선선함,나쁨
2025-03-09 16:00,2025-03-09,16,3,봄,13.1,11.1,0.0,0.0,54,2.1,48,98,0,0,선선함,나쁨
2025-03-09 17:00,2025-03-09,17,3,봄,2.7,-0.9,0.0,0.0,81,5.0,47,71,0,0,쌀쌀함,나쁨
2025-03-09 18:00,2025-03-09,18,3,봄,7.7,4.8,0.0,0.0,35,3.8,59,107,0,0,쌀쌀함,나쁨
2025-03-09 19:00,2025-03-09,19,3,봄,4.0,-1.8,0.0,0.0,34,7.0,42,79,0,0,쌀쌀함,나쁨
2025-03-09 20:00,2025-03-09,20,3,봄,0.7,0.3,0.0,0.0,30,0.6,40,79,0,0,추움,나쁨
2025-03-09 21:00,2025-03-09,21,3,봄,3.1,-1.1,0.0,0.0,56,5.9,54,101,0,0,쌀쌀함,나쁨
2025-03-09 22:00,2025-03-09,22,3,봄,-0.6,-1.9,0.0,0.0,52,1.1,48,99,0,0,추움,나쁨
2025-03-09 23:00,2025-03-09,23,3,봄,-2.9,-4.2,0.0,0.0,36,2.1,65,111,0,0,추움,나쁨
2025-03-10 00:00,2025-03-10,0,3,봄,-2.4,-7.3,0.0,0.0,56,6.5,35,69,0,0,추움,보통
2025-03-10 01:00,2025-03-10,1,3,봄,1.6,-2.9,0.0,0.0,32,6.5,41,64,0,0,쌀쌀함,나쁨
2025-03-10 02:00,2025-03-10,2,3,봄,-3.0,-4.8,0.0,0.0,65,2.6,55,110,0,0,추움,나쁨
2025-03-10 03:00,2025-03-10,3,3,봄,2.7,1.5,0.0,0.0,41,2.1,40,78,0,0,쌀쌀함,나쁨
2025-03-10 04:00,2025-03-10,4,3,봄,5.8,2.4,0.0,0.0,58,4.6,49,102,0,0,쌀쌀함,나쁨
2025-03-10 05:00,2025-03-10,5,3,봄,3.1,-0.7,0.0,0.0,35,5.8,35,70,0,0,쌀쌀함,보통
2025-03-10 06:00,2025-03-10,6,3,봄,4.6,2.7,0.0,0.0,89,3.6,42,64,0,0,쌀쌀함,나쁨
2025-03-10 07:00,2025-03-10,7,3,봄,2.9,3.2,0.0,0.0,56,1.1,71,115,0,0,쌀쌀함,나쁨
2025-03-10 08:00,2025-03-10,8,3,봄,11.2,6.8,0.0,0.0,84,7.5,73,146,0,0,선선함,나쁨
2025-03-10 09:00,2025-03-10,9,3,봄,12.7,6.5,0.0,0.0,44,7.7,51,88,0,0,선선함,나쁨
2025-03-10 10:00,2025-03-10,10,3,봄,7.5,6.4,0.0,0.0,58,1.2,73,113,0,0,쌀쌀함,나쁨
2025-03-10 11:00,2025-03-10,11,3,봄,10.8,10.1,0.0,0.0,79,1.9,51,95,0,0,선선함,나쁨
2025-03-10 12:00,2025-03-10,12,3,봄,8.2,7.2,0.0,0.0,44,2.4,42,86,0,0,선선함,나쁨
2025-03-10 13:00,2025-03-10,13,3,봄,13.0,12.4,0.0,0.0,41,0.7,74,139,0,0,선선함,나쁨
2025-03-10 14:00,2025-03-10,14,3,봄,12.7,7.6,0.0,0.0,53,6.3,98,163,0,0,선선함,매우나쁨
2025-03-10 15:00,2025-03-10,15,3,봄,12.1,10.3,0.0,0.0,63,2.3,100,205,0,0,선선함,매우나쁨
2025-03-10 16:00,2025-03-10,16,3,봄,3.7,1.5,0.0,0.0,59,3.9,84,154,0,0,쌀쌀함,매우나쁨
2025-03-10 17:00,2025-03-10,17,3,봄,8.9,5.5,0.0,0.0,83,4.7,29,52,0,0,선선함,보통
2025-03-10 18:00,2025-03-10,18,3,봄,7.7,6.2,0.0,0.0,35,1.7,73,117,0,0,쌀쌀함,나쁨
2025-03-10 19:00,2025-03-10,19,3,봄,7.1,1.7,0.0,0.0,30,7.0,69,113,0,0,쌀쌀함,나쁨
2025-03-10 20:00,2025-03-10,20,3,봄,2.6,-2.1,0.0,0.0,72,6.0,43,85,0,0,쌀쌀함,나쁨
2025-03-10 21:00,2025-03-10,21,3,봄,7.0,4.6,0.0,0.0,60,3.5,67,122,0,0,쌀쌀함,나쁨
2025-03-10 22:00,2025-03-10,22,3,봄,0.3,-4.6,0.0,0.0,41,6.4,64,121,0,0,추움,나쁨
2025-03-10 23:00,2025-03-10,23,3,봄,-5.4,-6.4,0.0,0.0,62,2.0,29,45,0,0,추움,보통
2025-03-11 00:00,2025-03-11,0,3,봄,1.0,-1.5,0.0,0.0,33,3.7,44,68,0,0,쌀쌀함,나쁨
2025-03-11 01:00,2025-03-11,1,3,봄,2.2,1.0,0.0,0.0,48,2.4,38,76,0,0,쌀쌀함,나쁨
2025-03-11 02:00,2025-03-11,2,3,봄,5.6,5.0,0.0,0.0,34,0.9,84,160,0,0,쌀쌀함,매우나쁨
2025-03-11 03:00,2025-03-11,3,3,봄,2.3,2.2,0.0,0.0,72,0.7,90,156,0,0,쌀쌀함,매우나쁨
2025-03-11 04:00,2025-03-11,4,3,봄,5.1,0.2,0.0,0.0,45,7.3,75,123,0,0,쌀쌀함,나쁨
2025-03-11 05:00,2025-03-11,5,3,봄,7.9,5.7,0.0,0.0,33,3.0,89,184,0,0,쌀쌀함,매우나쁨
2025-03-11 06:00,2025-03-11,6,3,봄,8.9,6.1,0.0,0.0,79,5.0,58,102,0,0,선선함,나쁨
2025-03-11 07:00,2025-03-11,7,3,봄,3.1,-0.0,0.0,0.0,39,3.2,60,102,0,0,쌀쌀함,나쁨
2025-03-11 08:00,2025-03-11,8,3,봄,5.1,1.2,0.0,0.0,59,6.2,54,89,0,0,쌀쌀함,나쁨
2025-03-11 09:00,2025-03-11,9,3,봄,12.3,11.0,0.0,0.0,35,3.5,52,84,0,0,선선함,나쁨
2025-03-11 10:00,2025-03-11,10,3,봄,10.6,4.3,0.0,0.0,71,7.1,68,119,0,0,선선함,나쁨
2025-03-11 11:00,2025-03-11,11,3,봄,13.7,8.8,0.0,0.0,74,7.1,27,45,0,0,선선함,보통
2025-03-11 12:00,2025-03-11,12,3,봄,14.7,10.8,0.0,0.0,70,5.8,28,50,0,0,선선함,보통
2025-03-11 13:00,2025-03-11,13,3,봄,10.3,7.1,0.0,0.0,32,3.4,49,89,0,0,선선함,나쁨
2025-03-11 14:00,2025-03-11,14,3,봄,16.1,11.1,0.0,0.0,88,6.5,42,80,0,0,따뜻함,나쁨
2025-03-11 15:00,2025-03-11,15,3,봄,10.1,9.7,0.0,0.0,59,0.9,24,50,0,0,선선함,보통
2025-03-11 16:00,2025-03-11,16,3,봄,2.4,0.1,0.0,0.0,53,3.2,78,148,0,0,쌀쌀함,매우나쁨
2025-03-11 17:00,2025-03-11,17,3,봄,5.8,0.6,0.0,0.0,43,7.9,93,176,0,0,쌀쌀함,매우나쁨
2025-03-11 18:00,2025-03-11,18,3,봄,7.1,5.4,0.0,0.0,60,2.6,73,138,0,0,쌀쌀함,나쁨
2025-03-11 19:00,2025-03-11,19,3,봄,8.1,3.3,0.0,0.0,73,6.6,52,85,0,0,선선함,나쁨
2025-03-11 20:00,2025-03-11,20,3,봄,9.1,5.0,0.0,0.0,80,5.3,63,132,0,0,선선함,나쁨
2025-03-11 21:00,2025-03-11,21,3,봄,7.6,5.7,0.0,0.0,71,2.5,57,105,0,0,쌀쌀함,나쁨
2025-03-11 22:00,2025-03-11,22,3,봄,-0.9,-6.4,0.0,0.0,85,7.5,50,103,0,0,추움,나쁨
2025-03-11 23:00,2025-03-11,23,3,봄,4.7,0.7,0.0,0.0,84,6.6,32,57,0,0,쌀쌀함,보통
2025-03-12 00:00,2025-03-12,0,3,봄,-0.0,-5.7,0.0,0.0,41,7.1,49,81,0,0,추움,나쁨
2025-03-12 01:00,2025-03-12,1,3,봄,4.8,2.0,0.0,0.0,51,4.0,59,123,0,0,쌀쌀함,나쁨
2025-03-12 02:00,2025-03-12,2,3,봄,2.2,-0.5,0.0,0.0,72,4.4,45,87,0,0,쌀쌀함,나쁨
2025-03-12 03:00,2025-03-12,3,3,봄,-3.5,-8.3,0.2,0.0,62,6.9,62,134,1,0,추움,나쁨
2025-03-12 04:00,2025-03-12,4,3,봄,4.8,-0.3,0.0,0.0,88,6.6,64,129,0,0,쌀쌀함,나쁨
2025-03-12 05:00,2025-03-12,5,3,봄,7.0,3.2,0.0,0.0,70,6.2,47,87,0,0,쌀쌀함,나쁨
2025-03-12 06:00,2025-03-12,6,3,봄,10.5,5.4,0.0,0.0,64,7.5,50,86,0,0,선선함,나쁨
2025-03-12 07:00,2025-03-12,7,3,봄,8.5,6.1,0.0,0.0,35,3.8,30,62,0,0,선선함,보통
2025-03-12 08:00,2025-03-12,8,3,봄,10.7,9.5,0.0,0.0,87,1.6,61,119,0,0,선선함,나쁨
2025-03-12 09:00,2025-03-12,9,3,봄,13.7,10.8,0.0,0.0,44,4.4,46,79,0,0,선선함,나쁨
2025-03-12 10:00,2025-03-12,10,3,봄,10.5,4.0,0.0,0.0,57,7.6,47,75,0,0,선선함,나쁨
2025-03-12 11:00,2025-03-12,11,3,봄,7.1,5.5,0.0,0.0,84,1.8,79,167,0,0,쌀쌀함,매우나쁨
2025-03-12 12:00,2025-03-12,12,3,봄,16.1,13.8,0.0,0.0,61,4.6,42,65,0,0,따뜻함,나쁨
2025-03-12 13:00,2025-03-12,13,3,봄,14.5,11.9,0.0,0.0,73,3.7,78,169,0,0,선선함,매우나쁨
2025-03-12 14:00,2025-03-12,14,3,봄,10.1,8.8,0.0,0.0,50,2.5,72,139,0,0,선선함,나쁨
2025-03-12 15:00,2025-03-12,15,3,봄,12.4,9.7,0.0,0.0,86,4.4,59,122,0,0,선선함,나쁨
2025-03-12 16:00,2025-03-12,16,3,봄,8.1,3.7,0.0,0.0,80,7.0,65,111,0,0,선선함,나쁨
2025-03-12 17:00,2025-03-12,17,3,봄,10.7,7.2,0.0,0.0,78,4.0,55,117,0,0,선선함,나쁨
2025-03-12 18:00,2025-03-12,18,3,봄,3.8,-0.4,0.0,0.0,40,6.7,54,102,0,0,쌀쌀함,나쁨
2025-03-12 19:00,2025-03-12,19,3,봄,6.4,0.3,0.0,0.0,73,7.4,86,184,0,0,쌀쌀함,매우나쁨
2025-03-12 20:00,2025-03-12,20,3,봄,6.8,3.3,0.0,0.0,72,5.1,58,108,0,0,쌀쌀함,나쁨
2025-03-12 21:00,2025-03-12,21,3,봄,-1.2,-4.4,0.0,0.0,89,5.0,59,98,0,0,추움,나쁨
2025-03-12 22:00,2025-03-12,22,3,봄,2.2,1.1,0.0,0.0,76,1.8,47,99,0,0,쌀쌀함,나쁨
2025-03-12 23:00,2025-03-12,23,3,봄,-2.2,-7.0,0.0,0.0,64,6.4,57,120,0,0,추움,나쁨
2025-03-13 00:00,2025-03-13,0,3,봄,1.1,-4.3,0.0,0.0,43,7.8,43,75,0,0,쌀쌀함,나쁨
2025-03-13 01:00,2025-03-13,1,3,봄,4.5,3.7,0.0,0.0,82,1.2,47,88,0,0,쌀쌀함,나쁨
2025-03-13 02:00,2025-03-13,2,3,봄,-5.3,-6.7,1.5,0.0,70,1.4,58,119,1,0,추움,나쁨
2025-03-13 03:00,2025-03-13,3,3,봄,6.8,1.2,0.0,0.0,81,7.8,53,105,0,0,쌀쌀함,나쁨
2025-03-13 04:00,2025-03-13,4,3,봄,-0.3,-1.0,0.0,2.1,88,1.3,50,86,0,1,추움,나쁨
2025-03-13 05:00,2025-03-13,5,3,봄,0.6,-1.5,0.0,5.0,67,2.9,41,77,0,1,추움,나쁨
2025-03-13 06:00,2025-03-13,6,3,봄,4.4,1.5,0.0,0.0,76,4.8,60,111,0,0,쌀쌀함,나쁨
2025-03-13 07:00,2025-03-13,7,3,봄,2.8,1.7,0.0,0.0,59,2.3,55,117,0,0,쌀쌀함,나쁨
2025-03-13 08:00,2025-03-13,8,3,봄,7.1,6.1,0.0,0.0,47,0.5,50,90,0,0,쌀쌀함,나쁨
2025-03-13 09:00,2025-03-13,9,3,봄,9.0,4.8,0.0,0.0,66,3.9,61,101,0,0,선선함,나쁨
2025-03-13 10:00,2025-03-13,10,3,봄,8.1,3.2,0.0,0.0,57,5.4,55,113,0,0,선선함,나쁨
2025-03-13 11:00,2025-03-13,11,3,봄,16.0,14.1,0.0,0.0,66,1.6,53,81,0,0,따뜻함,나쁨
2025-03-13 12:00,2025-03-13,12,3,봄,10.7,4.0,0.0,0.0,78,8.0,72,117,0,0,선선함,나쁨
2025-03-13 13:00,2025-03-13,13,3,봄,13.3,10.7,0.0,0.0,73,3.6,71,110,0,0,선선함,나쁨
2025-03-13 14:00,2025-03-13,14,3,봄,9.3,9.4,0.0,0.0,31,1.4,65,116,0,0,선선함,나쁨
2025-03-13 15:00,2025-03-13,15,3,봄,7.4,5.7,0.0,0.0,48,1.8,51,79,0,0,쌀쌀함,나쁨
2025-03-13 16:00,2025-03-13,16,3,봄,11.2,10.3,0.0,0.0,68,1.2,47,87,0,0,선선함,나쁨
2025-03-13 17:00,2025-03-13,17,3,봄,11.6,10.5,0.0,0.0,48,0.8,76,122,0,0,선선함,매우나쁨
2025-03-13 18:00,2025-03-13,18,3,봄,10.7,4.3,0.0,0.0,83,7.9,79,166,0,0,선선함,매우나쁨
2025-03-13 19:00,2025-03-13,19,3,봄,1.3,-3.2,0.0,0.0,63,5.2,80,130,0,0,쌀쌀함,매우나쁨
2025-03-13 20:00,2025-03-13,20,3,봄,0.4,-0.3,0.0,0.0,88,1.3,28,48,0,0,추움,보통
2025-03-13 21:00,2025-03-13,21,3,봄,3.8,2.0,0.0,0.0,34,3.7,65,113,0,0,쌀쌀함,나쁨
2025-03-13 22:00,2025-03-13,22,3,봄,1.9,-1.1,0.0,0.0,41,4.7,40,83,0,0,쌀쌀함,나쁨
2025-03-13 23:00,2025-03-13,23,3,봄,-3.7,-6.9,0.0,0.0,80,4.1,67,102,0,0,추움,나쁨
2025-03-14 00:00,2025-03-14,0,3,봄,-1.1,-2.2,0.0,0.0,65,0.9,71,139,0,0,추움,나쁨
2025-03-14 01:00,2025-03-14,1,3,봄,-3.2,-7.3,0.0,0.0,76,4.9,42,77,0,0,추움,나쁨
2025-03-14 02:00,2025-03-14,2,3,봄,-3.2,-7.4,0.0,0.0,32,7.1,63,111,0,0,추움,나쁨
2025-03-14 03:00,2025-03-14,3,3,봄,1.3,-2.3,0.0,0.0,76,5.1,56,94,0,0,쌀쌀함,나쁨
2025-03-14 04:00,2025-03-14,4,3,봄,7.4,3.1,0.0,0.0,37,6.9,57,94,0,0,쌀쌀함,나쁨
2025-03-14 05:00,2025-03-14,5,3,봄,-1.4,-4.4,0.0,0.0,83,5.6,46,86,0,0,추움,나쁨
2025-03-14 06:00,2025-03-14,6,3,봄,6.4,1.2,0.0,0.0,45,7.0,51,91,0,0,쌀쌀함,나쁨
2025-03-14 07:00,2025-03-14,7,3,봄,3.9,0.6,0.0,0.0,88,5.3,49,93,0,0,쌀쌀함,나쁨
2025-03-14 08:00,2025-03-14,8,3,봄,6.7,4.6,0.0,0.0,64,3.5,52,85,0,0,쌀쌀함,나쁨
2025-03-14 09:00,2025-03-14,9,3,봄,4.8,4.2,0.0,0.0,31,2.2,43,77,0,0,쌀쌀함,나쁨
2025-03-14 10:00,2025-03-14,10,3,봄,12.3,9.4,0.0,0.0,86,4.2,48,99,0,0,선선함,나쁨
2025-03-14 11:00,2025-03-14,11,3,봄,14.0,13.1,0.0,0.0,84,0.6,44,93,0,0,선선함,나쁨
2025-03-14 12:00,2025-03-14,12,3,봄,10.6,7.7,0.0,0.0,65,4.4,46,72,0,0,선선함,나쁨
2025-03-14 13:00,2025-03-14,13,3,봄,14.3,9.3,0.0,0.0,58,7.3,30,54,0,0,선선함,보통
2025-03-14 14:00,2025-03-14,14,3,봄,11.4,8.6,0.0,0.0,77,3.4,66,115,0,0,선선함,나쁨
2025-03-14 15:00,2025-03-14,15,3,봄,8.6,6.1,0.0,0.0,85,3.8,79,170,0,0,선선함,매우나쁨
2025-03-14 16:00,2025-03-14,16,3,봄,3.1,-1.0,0.0,0.0,62,5.1,54,108,0,0,쌀쌀함,나쁨
2025-03-14 17:00,2025-03-14,17,3,봄,7.4,1.0,0.0,0.0,87,7.8,51,86,0,0,쌀쌀함,나쁨
2025-03-14 18:00,2025-03-14,18,3,봄,0.2,-2.6,0.0,0.0,52,5.1,70,109,0,0,추움,나쁨
2025-03-14 19:00,2025-03-14,19,3,봄,3.9,-0.5,0.0,0.0,61,6.3,79,168,0,0,쌀쌀함,매우나쁨
2025-03-14 20:00,2025-03-14,20,3,봄,3.3,3.9,0.0,0.0,66,1.3,49,74,0,0,쌀쌀함,나쁨
2025-03-14 21:00,2025-03-14,21,3,봄,2.9,-1.8,0.0,0.0,33,6.1,37,76,0,0,쌀쌀함,나쁨
2025-03-14 22:00,2025-03-14,22,3,봄,2.5,-1.2,0.0,0.0,44,3.9,62,128,0,0,쌀쌀함,나쁨
2025-03-14 23:00,2025-03-14,23,3,봄,2.7,0.2,0.0,0.0,41,3.5,64,112,0,0,쌀쌀함,나쁨
2025-03-15 00:00,2025-03-15,0,3,봄,3.6,2.7,0.0,0.0,51,1.0,65,99,0,0,쌀쌀함,나쁨
2025-03-15 01:00,2025-03-15,1,3,봄,-2.0,-1.9,0.0,0.0,55,0.9,38,63,0,0,추움,나쁨
2025-03-15 02:00,2025-03-15,2,3,봄,-0.7,-6.4,0.0,0.0,41,7.7,57,99,0,0,추움,나쁨
2025-03-15 03:00,2025-03-15,3,3,봄,1.6,-4.6,0.0,0.0,70,7.8,39,83,0,0,쌀쌀함,나쁨
2025-03-15 04:00,2025-03-15,4,3,봄,4.7,-0.6,0.0,0.0,61,7.9,60,104,0,0,쌀쌀함,나쁨
2025-03-15 05:00,2025-03-15,5,3,봄,3.6,0.6,0.0,0.0,80,5.3,54,102,0,0,쌀쌀함,나쁨
2025-03-15 06:00,2025-03-15,6,3,봄,0.6,-1.3,0.0,0.0,49,3.7,70,133,0,0,추움,나쁨
2025-03-15 07:00,2025-03-15,7,3,봄,6.6,1.3,0.0,0.0,62,7.7,64,100,0,0,쌀쌀함,나쁨
2025-03-15 08:00,2025-03-15,8,3,봄,13.7,12.8,0.0,0.0,73,2.8,58,98,0,0,선선함,나쁨
2025-03-15 09:00,2025-03-15,9,3,봄,13.5,12.2,0.0,0.0,69,2.3,67,130,0,0,선선함,나쁨
2025-03-15 10:00,2025-03-15,10,3,봄,4.3,0.7,0.0,0.0,51,3.5,63,120,0,0,쌀쌀함,나쁨
2025-03-15 11:00,2025-03-15,11,3,봄,13.5,7.9,0.0,0.0,30,7.4,58,109,0,0,선선함,나쁨
2025-03-15 12:00,2025-03-15,12,3,봄,9.4,5.4,0.0,0.0,46,5.1,31,61,0,0,선선함,보통
2025-03-15 13:00,2025-03-15,13,3,봄,14.9,13.6,0.0,0.0,51,2.1,62,132,0,0,선선함,나쁨
2025-03-15 14:00,2025-03-15,14,3,봄,10.4,6.1,0.0,0.0,33,5.4,72,155,0,0,선선함,나쁨
2025-03-15 15:00,2025-03-15,15,3,봄,14.3,9.6,0.0,0.0,53,7.3,61,101,0,0,선선함,나쁨
2025-03-15 16:00,2025-03-15,16,3,봄,12.3,6.7,0.0,0.0,46,7.3,63,115,0,0,선선함,나쁨
2025-03-15 17:00,2025-03-15,17,3,봄,10.4,10.3,0.0,0.0,57,0.6,46,94,0,0,선선함,나쁨
2025-03-15 18:00,2025-03-15,18,3,봄,1.2,1.2,0.0,0.0,83,1.1,62,96,0,0,쌀쌀함,나쁨
2025-03-15 19:00,2025-03-15,19,3,봄,3.5,0.7,0.0,0.0,83,3.1,44,90,0,0,쌀쌀함,나쁨
2025-03-15 20:00,2025-03-15,20,3,봄,4.3,1.4,0.0,0.0,32,4.2,29,43,0,0,쌀쌀함,보통
2025-03-15 21:00,2025-03-15,21,3,봄,-0.4,-1.2,0.0,0.0,69,1.5,57,108,0,0,추움,나쁨
2025-03-15 22:00,2025-03-15,22,3,봄,4.0,0.9,0.0,0.0,41,3.8,80,133,0,0,쌀쌀함,매우나쁨
2025-03-15 23:00,2025-03-15,23,3,봄,-2.4,-4.7,0.0,0.0,63,3.5,29,60,0,0,추움,보통
2025-03-16 00:00,2025-03-16,0,3,봄,-0.2,-4.8,0.0,0.0,58,6.3,79,161,0,0,추움,매우나쁨
2025-03-16 01:00,2025-03-16,1,3,봄,-0.8,-4.0,0.0,0.0,78,4.0,58,115,0,0,추움,나쁨
2025-03-16 02:00,2025-03-16,2,3,봄,-3.4,-4.7,0.0,0.0,87,2.1,24,50,0,0,추움,보통
2025-03-16 03:00,2025-03-16,3,3,봄,0.2,-0.1,0.0,0.0,57,1.0,43,75,0,0,추움,나쁨
2025-03-16 04:00,2025-03-16,4,3,봄,5.6,1.0,0.0,0.0,31,6.5,65,115,0,0,쌀쌀함,나쁨
2025-03-16 05:00,2025-03-16,5,3,봄,4.5,1.6,0.0,0.0,47,4.5,70,140,0,0,쌀쌀함,나쁨
2025-03-16 06:00,2025-03-16,6,3,봄,1.0,0.1,0.0,0.0,83,1.1,53,113,0,0,쌀쌀함,나쁨
2025-03-16 07:00,2025-03-16,7,3,봄,9.7,6.6,0.0,0.0,36,4.2,46,98,0,0,선선함,나쁨
2025-03-16 08:00,2025-03-16,8,3,봄,7.1,2.0,0.0,0.0,55,7.2,75,133,0,0,쌀쌀함,나쁨
2025-03-16 09:00,2025-03-16,9,3,봄,11.1,8.1,0.0,0.0,86,3.4,72,157,0,0,선선함,나쁨
2025-03-16 10:00,2025-03-16,10,3,봄,6.9,4.7,0.0,0.0,48,2.5,48,86,0,0,쌀쌀함,나쁨
2025-03-16 11:00,2025-03-16,11,3,봄,13.3,11.2,0.0,0.0,31,3.0,49,78,0,0,선선함,나쁨
2025-03-16 12:00,2025-03-16,12,3,봄,13.3,10.6,0.0,0.0,33,4.0,55,90,0,0,선선함,나쁨
2025-03-16 13:00,2025-03-16,13,3,봄,5.5,0.8,0.0,0.0,66,6.7,55,107,0,0,쌀쌀함,나쁨
2025-03-16 14:00,2025-03-16,14,3,봄,9.8,4.7,0.0,0.0,70,7.9,49,90,0,0,선선함,나쁨
2025-03-16 15:00,2025-03-16,15,3,봄,9.0,4.9,0.0,0.0,43,5.4,78,160,0,0,선선함,매우나쁨
2025-03-16 16:00,2025-03-16,16,3,봄,3.6,2.5,0.0,0.0,53,2.8,68,114,0,0,쌀쌀함,나쁨
2025-03-16 17:00,2025-03-16,17,3,봄,3.3,-1.5,0.3,0.0,72,5.6,42,78,1,0,쌀쌀함,나쁨
2025-03-16 18:00,2025-03-16,18,3,봄,6.0,1.7,0.0,0.0,67,5.9,39,82,0,0,쌀쌀함,나쁨
2025-03-16 19:00,2025-03-16,19,3,봄,5.8,-0.3,0.0,0.0,84,7.8,43,65,0,0,쌀쌀함,나쁨
2025-03-16 20:00,2025-03-16,20,3,봄,3.5,4.3,0.0,0.0,45,0.6,69,149,0,0,쌀쌀함,나쁨
2025-03-16 21:00,2025-03-16,21,3,봄,0.3,-2.6,0.0,0.0,38,4.9,70,114,0,0,추움,나쁨
2025-03-16 22:00,2025-03-16,22,3,봄,-1.5,-1.9,0.0,0.0,32,0.8,30,47,0,0,추움,보통
2025-03-16 23:00,2025-03-16,23,3,봄,5.0,3.0,0.0,0.0,85,3.8,83,182,0,0,쌀쌀함,매우나쁨
2025-03-17 00:00,2025-03-17,0,3,봄,2.7,-2.6,0.0,0.0,64,6.7,51,102,0,0,쌀쌀함,나쁨
2025-03-17 01:00,2025-03-17,1,3,봄,0.6,-3.6,0.0,0.0,82,5.5,64,102,0,0,추움,나쁨
2025-03-17 02:00,2025-03-17,2,3,봄,3.7,0.0,0.0,0.0,84,5.5,73,119,0,0,쌀쌀함,나쁨
2025-03-17 03:00,2025-03-17,3,3,봄,1.3,0.0,0.0,0.0,30,1.8,46,75,0,0,쌀쌀함,나쁨
2025-03-17 04:00,2025-03-17,4,3,봄,5.0,0.0,0.0,0.0,51,6.3,55,101,0,0,쌀쌀함,나쁨
2025-03-17 05:00,2025-03-17,5,3,봄,3.5,1.4,0.0,0.0,81,4.6,64,127,0,0,쌀쌀함,나쁨
2025-03-17 06:00,2025-03-17,6,3,봄,6.6,2.4,0.0,0.0,56,6.2,31,55,0,0,쌀쌀함,보통
2025-03-17 07:00,2025-03-17,7,3,봄,10.2,6.0,0.0,0.0,84,6.1,48,83,0,0,선선함,나쁨
2025-03-17 08:00,2025-03-17,8,3,봄,4.5,0.4,0.0,0.0,64,6.0,54,87,0,0,쌀쌀함,나쁨
2025-03-17 09:00,2025-03-17,9,3,봄,7.3,4.6,0.0,0.0,37,3.4,68,127,0,0,쌀쌀함,나쁨
2025-03-17 10:00,2025-03-17,10,3,봄,12.2,9.1,0.0,0.0,57,4.4,58,103,0,0,선선함,나쁨
2025-03-17 11:00,2025-03-17,11,3,봄,12.7,9.3,0.0,0.0,42,4.8,55,83,0,0,선선함,나쁨
2025-03-17 12:00,2025-03-17,12,3,봄,5.6,0.4,0.0,0.0,33,6.6,62,96,0,0,쌀쌀함,나쁨
2025-03-17 13:00,2025-03-17,13,3,봄,6.7,3.7,0.0,0.0,53,4.7,64,132,0,0,쌀쌀함,나쁨
2025-03-17 14:00,2025-03-17,14,3,봄,7.2,2.5,0.0,0.0,60,7.2,53,104,0,0,쌀쌀함,나쁨
2025-03-17 15:00,2025-03-17,15,3,봄,7.6,6.2,0.0,0.0,86,2.2,40,74,0,0,쌀쌀함,나쁨
2025-03-17 16:00,2025-03-17,16,3,봄,8.8,3.4,0.0,0.0,39,7.6,27,52,0,0,선선함,보통
2025-03-17 17:00,2025-03-17,17,3,봄,13.5,12.1,0.0,0.0,79,2.3,48,75,0,0,선선함,나쁨
2025-03-17 18:00,2025-03-17,18,3,봄,1.8,1.9,0.0,0.0,82,1.1,62,97,0,0,쌀쌀함,나쁨
2025-03-17 19:00,2025-03-17,19,3,봄,7.6,3.9,1.2,0.0,34,5.8,37,73,1,0,쌀쌀함,나쁨
2025-03-17 20:00,2025-03-17,20,3,봄,-1.1,-2.4,0.0,0.8,87,2.3,38,72,0,1,추움,나쁨
2025-03-17 21:00,2025-03-17,21,3,봄,9.0,6.1,0.0,0.0,75,3.9,65,125,0,0,선선함,나쁨
2025-03-17 22:00,2025-03-17,22,3,봄,1.0,-1.8,0.0,0.0,32,3.1,69,130,0,0,쌀쌀함,나쁨
2025-03-17 23:00,2025-03-17,23,3,봄,2.6,2.5,0.0,0.0,41,0.5,72,139,0,0,쌀쌀함,나쁨
2025-03-18 00:00,2025-03-18,0,3,봄,-2.2,-5.0,0.0,0.0,77,4.5,30,56,0,0,추움,보통
2025-03-18 01:00,2025-03-18,1,3,봄,4.0,-1.1,0.0,0.0,62,7.4,52,103,0,0,쌀쌀함,나쁨
2025-03-18 02:00,2025-03-18,2,3,봄,4.5,1.7,0.0,0.0,79,3.7,66,131,0,0,쌀쌀함,나쁨
2025-03-18 03:00,2025-03-18,3,3,봄,4.6,3.7,0.0,0.0,65,0.6,37,58,0,0,쌀쌀함,나쁨
2025-03-18 04:00,2025-03-18,4,3,봄,0.2,-5.6,0.0,0.0,55,7.0,39,63,0,0,추움,나쁨
2025-03-18 05:00,2025-03-18,5,3,봄,2.9,-0.3,0.0,0.0,81,4.7,51,108,0,0,쌀쌀함,나쁨
2025-03-18 06:00,2025-03-18,6,3,봄,3.6,0.3,0.0,0.0,32,4.3,42,88,0,0,쌀쌀함,나쁨
2025-03-18 07:00,2025-03-18,7,3,봄,11.8,6.9,0.0,0.0,68,6.8,72,131,0,0,선선함,나쁨
2025-03-18 08:00,2025-03-18,8,3,봄,12.5,7.5,0.0,0.0,86,8.0,56,97,0,0,선선함,나쁨
2025-03-18 09:00,2025-03-18,9,3,봄,5.3,5.6,0.0,0.0,50,0.5,47,101,0,0,쌀쌀함,나쁨
2025-03-18 10:00,2025-03-18,10,3,봄,5.9,5.2,0.0,0.0,42,1.3,41,69,0,0,쌀쌀함,나쁨
2025-03-18 11:00,2025-03-18,11,3,봄,10.1,9.0,0.0,0.0,61,1.8,58,99,0,0,선선함,나쁨
2025-03-18 12:00,2025-03-18,12,3,봄,10.3,8.8,0.0,0.0,87,2.6,58,90,0,0,선선함,나쁨
2025-03-18 13:00,2025-03-18,13,3,봄,11.1,9.6,0.0,0.0,53,2.3,45,74,0,0,선선함,나쁨
2025-03-18 14:00,2025-03-18,14,3,봄,12.7,8.8,0.0,0.0,78,6.5,52,108,0,0,선선함,나쁨
2025-03-18 15:00,2025-03-18,15,3,봄,6.1,5.0,0.0,0.0,62,2.8,50,109,0,0,쌀쌀함,나쁨
2025-03-18 16:00,2025-03-18,16,3,봄,3.1,-0.4,0.0,0.0,84,5.9,34,62,0,0,쌀쌀함,보통
2025-03-18 17:00,2025-03-18,17,3,봄,9.1,8.4,0.0,0.0,33,1.0,58,89,0,0,선선함,나쁨
2025-03-18 18:00,2025-03-18,18,3,봄,11.4,7.0,0.0,0.0,57,6.2,57,113,0,0,선선함,나쁨
2025-03-18 19:00,2025-03-18,19,3,봄,3.0,-1.6,0.0,0.0,75,7.4,59,128,0,0,쌀쌀함,나쁨
2025-03-18 20:00,2025-03-18,20,3,봄,-0.8,-2.3,0.0,0.0,51,2.3,66,107,0,0,추움,나쁨
2025-03-18 21:00,2025-03-18,21,3,봄,-2.2,-3.9,0.0,0.0,48,2.6,56,107,0,0,추움,나쁨
2025-03-18 22:00,2025-03-18,22,3,봄,4.6,1.4,0.0,0.0,80,5.0,60,110,0,0,쌀쌀함,나쁨
2025-03-18 23:00,2025-03-18,23,3,봄,0.2,-0.5,0.0,0.0,64,1.2,55,105,0,0,추움,나쁨
2025-03-19 00:00,2025-03-19,0,3,봄,-0.4,-1.0,0.0,0.0,76,1.0,30,49,0,0,추움,보통
2025-03-19 01:00,2025-03-19,1,3,봄,1.7,-0.4,0.0,0.0,85,2.6,49,89,0,0,쌀쌀함,나쁨
2025-03-19 02:00,2025-03-19,2,3,봄,2.7,-2.6,0.0,0.0,63,7.4,65,124,0,0,쌀쌀함,나쁨
2025-03-19 03:00,2025-03-19,3,3,봄,4.8,1.5,0.0,0.0,73,5.0,48,89,0,0,쌀쌀함,나쁨
2025-03-19 04:00,2025-03-19,4,3,봄,3.4,-0.8,0.0,0.0,90,5.3,50,109,0,0,쌀쌀함,나쁨
2025-03-19 05:00,2025-03-19,5,3,봄,3.9,2.4,0.0,0.0,40,2.1,50,79,0,0,쌀쌀함,나쁨
2025-03-19 06:00,2025-03-19,6,3,봄,3.0,-2.0,0.0,0.0,71,6.5,90,148,0,0,쌀쌀함,매우나쁨
2025-03-19 07:00,2025-03-19,7,3,봄,6.3,3.4,0.0,0.0,64,5.3,45,69,0,0,쌀쌀함,나쁨
2025-03-19 08:00,2025-03-19,8,3,봄,12.3,10.7,0.0,0.0,35,1.6,31,66,0,0,선선함,보통
2025-03-19 09:00,2025-03-19,9,3,봄,12.8,10.5,0.0,0.0,73,3.2,31,57,0,0,선선함,보통
2025-03-19 10:00,2025-03-19,10,3,봄,6.6,3.7,0.0,0.0,87,4.5,58,94,0,0,쌀쌀함,나쁨
2025-03-19 11:00,2025-03-19,11,3,봄,9.9,8.5,0.0,0.0,39,2.7,44,84,0,0,선선함,나쁨
2025-03-19 12:00,2025-03-19,12,3,봄,8.8,7.4,0.0,0.0,53,2.9,50,83,0,0,선선함,나쁨
2025-03-19 13:00,2025-03-19,13,3,봄,14.6,14.5,0.0,0.0,58,0.7,63,119,0,0,선선함,나쁨
2025-03-19 14:00,2025-03-19,14,3,봄,14.4,10.0,0.0,0.0,45,5.5,65,142,0,0,선선함,나쁨
2025-03-19 15:00,2025-03-19,15,3,봄,5.0,1.4,0.0,0.0,43,3.9,44,83,0,0,쌀쌀함,나쁨
2025-03-19 16:00,2025-03-19,16,3,봄,13.0,12.4,0.0,0.0,37,0.9,84,167,0,0,선선함,매우나쁨
2025-03-19 17:00,2025-03-19,17,3,봄,8.8,5.5,0.0,0.0,40,4.5,78,149,0,0,선선함,매우나쁨
2025-03-19 18:00,2025-03-19,18,3,봄,0.0,-2.3,0.0,0.0,77,3.2,79,150,0,0,추움,매우나쁨
2025-03-19 19:00,2025-03-19,19,3,봄,7.4,2.1,0.0,0.0,62,7.5,62,121,0,0,쌀쌀함,나쁨
2025-03-19 20:00,2025-03-19,20,3,봄,1.2,-3.8,0.0,0.0,67,7.4,58,98,0,0,쌀쌀함,나쁨
2025-03-19 21:00,2025-03-19,21,3,봄,7.3,3.4,0.0,0.0,82,5.6,58,114,0,0,쌀쌀함,나쁨
2025-03-19 22:00,2025-03-19,22,3,봄,4.1,-1.5,0.0,0.0,31,7.6,69,128,0,0,쌀쌀함,나쁨
2025-03-19 23:00,2025-03-19,23,3,봄,-1.1,-2.0,0.0,0.0,84,0.9,28,52,0,0,추움,보통
2025-03-20 00:00,2025-03-20,0,3,봄,2.7,2.0,0.0,0.0,67,1.8,73,112,0,0,쌀쌀함,나쁨
2025-03-20 01:00,2025-03-20,1,3,봄,-2.2,-7.6,0.0,0.0,37,7.3,68,137,0,0,추움,나쁨
2025-03-20 02:00,2025-03-20,2,3,봄,4.8,0.1,0.0,0.0,40,6.9,60,126,0,0,쌀쌀함,나쁨
2025-03-20 03:00,2025-03-20,3,3,봄,6.3,5.6,0.0,0.0,50,1.2,69,110,0,0,쌀쌀함,나쁨
2025-03-20 04:00,2025-03-20,4,3,봄,3.6,-1.6,0.0,0.0,81,6.5,60,116,0,0,쌀쌀함,나쁨
2025-03-20 05:00,2025-03-20,5,3,봄,6.1,3.0,0.0,0.0,70,4.7,44,84,0,0,쌀쌀함,나쁨
2025-03-20 06:00,2025-03-20,6,3,봄,7.3,3.6,0.0,0.0,57,5.6,61,111,0,0,쌀쌀함,나쁨
2025-03-20 07:00,2025-03-20,7,3,봄,6.3,2.8,0.0,0.0,49,4.4,64,112,0,0,쌀쌀함,나쁨
2025-03-20 08:00,2025-03-20,8,3,봄,3.3,-2.0,0.0,0.0,39,7.5,43,72,0,0,쌀쌀함,나쁨
2025-03-20 09:00,2025-03-20,9,3,봄,5.9,2.1,0.0,0.0,79,6.1,51,77,0,0,쌀쌀함,나쁨
2025-03-20 10:00,2025-03-20,10,3,봄,12.6,10.3,0.0,0.0,45,2.8,53,111,0,0,선선함,나쁨
2025-03-20 11:00,2025-03-20,11,3,봄,14.1,9.8,0.0,0.0,76,6.4,45,83,0,0,선선함,나쁨
2025-03-20 12:00,2025-03-20,12,3,봄,13.6,8.2,0.0,0.0,80,7.6,77,160,0,0,선선함,매우나쁨
2025-03-20 13:00,2025-03-20,13,3,봄,8.5,7.7,0.0,0.0,81,0.8,60,125,0,0,선선함,나쁨
2025-03-20 14:00,2025-03-20,14,3,봄,9.0,6.2,0.0,0.0,57,3.5,51,89,0,0,선선함,나쁨
2025-03-20 15:00,2025-03-20,15,3,봄,8.0,6.5,0.0,0.0,54,2.5,75,144,0,0,선선함,나쁨
2025-03-20 16:00,2025-03-20,16,3,봄,2.2,-3.1,0.0,0.0,80,7.5,50,80,0,0,쌀쌀함,나쁨
2025-03-20 17:00,2025-03-20,17,3,봄,8.9,4.9,0.0,0.0,67,6.2,5,7,0,0,선선함,좋음
2025-03-20 18:00,2025-03-20,18,3,봄,6.9,1.5,0.0,0.0,76,6.8,30,63,0,0,쌀쌀함,보통
2025-03-20 19:00,2025-03-20,19,3,봄,3.6,1.6,0.0,0.0,33,1.8,53,104,0,0,쌀쌀함,나쁨
2025-03-20 20:00,2025-03-20,20,3,봄,-2.0,-4.8,0.0,0.0,67,4.7,70,140,0,0,추움,나쁨
2025-03-20 21:00,2025-03-20,21,3,봄,3.9,2.1,0.0,0.0,90,1.5,69,125,0,0,쌀쌀함,나쁨
2025-03-20 22:00,2025-03-20,22,3,봄,-2.4,-4.4,0.0,0.0,71,3.3,45,80,0,0,추움,나쁨
2025-03-20 23:00,2025-03-20,23,3,봄,2.8,0.3,0.0,0.0,71,3.2,57,96,0,0,쌀쌀함,나쁨
2025-03-21 00:00,2025-03-21,0,3,봄,-0.2,-4.9,0.0,0.0,79,6.9,47,87,0,0,추움,나쁨
2025-03-21 01:00,2025-03-21,1,3,봄,-2.1,-7.1,0.0,0.0,59,6.8,40,66,0,0,추움,나쁨
2025-03-21 02:00,2025-03-21,2,3,봄,4.3,2.6,0.0,0.0,81,2.5,72,139,0,0,쌀쌀함,나쁨
2025-03-21 03:00,2025-03-21,3,3,봄,4.9,1.7,0.0,0.0,51,4.2,74,147,0,0,쌀쌀함,나쁨
2025-03-21 04:00,2025-03-21,4,3,봄,1.8,-2.7,0.0,0.0,67,5.5,42,90,0,0,쌀쌀함,나쁨
2025-03-21 05:00,2025-03-21,5,3,봄,9.9,8.3,0.0,0.0,58,1.6,58,114,0,0,선선함,나쁨
2025-03-21 06:00,2025-03-21,6,3,봄,10.7,7.4,0.0,0.0,34,4.1,36,59,0,0,선선함,나쁨
2025-03-21 07:00,2025-03-21,7,3,봄,12.0,9.2,0.0,0.0,40,3.6,59,99,0,0,선선함,나쁨
2025-03-21 08:00,2025-03-21,8,3,봄,4.5,1.3,0.0,0.0,57,5.5,64,131,0,0,쌀쌀함,나쁨
2025-03-21 09:00,2025-03-21,9,3,봄,9.9,7.6,0.0,0.0,81,3.7,63,120,0,0,선선함,나쁨
2025-03-21 10:00,2025-03-21,10,3,봄,10.9,8.6,0.0,0.0,55,3.6,76,146,0,0,선선함,매우나쁨
2025-03-21 11:00,2025-03-21,11,3,봄,7.0,4.0,0.0,0.0,44,4.0,60,116,0,0,쌀쌀함,나쁨
2025-03-21 12:00,2025-03-21,12,3,봄,15.6,11.8,0.0,0.0,34,5.4,58,102,0,0,따뜻함,나쁨
2025-03-21 13:00,2025-03-21,13,3,봄,10.4,6.6,0.0,0.0,39,4.7,67,132,0,0,선선함,나쁨
2025-03-21 14:00,2025-03-21,14,3,봄,13.4,10.7,0.0,0.0,59,3.9,51,77,0,0,선선함,나쁨
2025-03-21 15:00,2025-03-21,15,3,봄,8.3,4.2,0.0,0.0,81,6.2,42,83,0,0,선선함,나쁨
2025-03-21 16:00,2025-03-21,16,3,봄,10.3,4.8,0.0,0.0,82,7.7,32,49,0,0,선선함,보통
2025-03-21 17:00,2025-03-21,17,3,봄,9.1,6.9,0.0,0.0,61,2.0,59,98,0,0,선선함,나쁨
2025-03-21 18:00,2025-03-21,18,3,봄,8.1,6.8,0.0,0.0,54,2.4,23,44,0,0,선선함,보통
2025-03-21 19:00,2025-03-21,19,3,봄,4.3,2.2,0.0,0.0,43,2.2,61,94,0,0,쌀쌀함,나쁨
2025-03-21 20:00,2025-03-21,20,3,봄,-0.1,-4.6,0.0,0.0,68,7.3,53,105,0,0,추움,나쁨
2025-03-21 21:00,2025-03-21,21,3,봄,9.0,4.7,0.0,0.0,57,7.7,52,99,0,0,선선함,나쁨
2025-03-21 22:00,2025-03-21,22,3,봄,-3.0,-6.9,0.0,0.0,55,6.0,82,155,0,0,추움,매우나쁨
2025-03-21 23:00,2025-03-21,23,3,봄,5.4,4.5,0.0,0.0,66,1.6,27,54,0,0,쌀쌀함,보통
2025-03-22 00:00,2025-03-22,0,3,봄,1.1,-2.0,0.0,0.0,47,5.0,30,60,0,0,쌀쌀함,보통
2025-03-22 01:00,2025-03-22,1,3,봄,4.3,-0.6,0.0,0.0,60,6.8,27,52,0,0,쌀쌀함,보통
2025-03-22 02:00,2025-03-22,2,3,봄,0.2,-2.7,0.0,0.0,39,4.9,46,71,0,0,추움,나쁨
2025-03-22 03:00,2025-03-22,3,3,봄,-0.7,-5.9,0.0,0.0,67,7.4,52,93,0,0,추움,나쁨
2025-03-22 04:00,2025-03-22,4,3,봄,2.2,-3.0,0.0,0.0,42,7.6,78,163,0,0,쌀쌀함,매우나쁨
2025-03-22 05:00,2025-03-22,5,3,봄,1.4,-0.6,0.0,0.0,48,3.6,28,56,0,0,쌀쌀함,보통
2025-03-22 06:00,2025-03-22,6,3,봄,4.1,1.5,0.0,0.0,86,3.8,24,49,0,0,쌀쌀함,보통
2025-03-22 07:00,2025-03-22,7,3,봄,6.0,2.0,0.0,0.0,39,6.3,60,99,0,0,쌀쌀함,나쁨
2025-03-22 08:00,2025-03-22,8,3,봄,3.6,2.8,0.0,0.0,62,0.8,72,141,0,0,쌀쌀함,나쁨
2025-03-22 09:00,2025-03-22,9,3,봄,7.1,6.3,0.0,0.0,30,0.8,53,82,0,0,쌀쌀함,나쁨
2025-03-22 10:00,2025-03-22,10,3,봄,12.3,7.7,0.0,0.0,32,7.3,64,100,0,0,선선함,나쁨
2025-03-22 11:00,2025-03-22,11,3,봄,13.7,9.7,0.0,0.0,33,5.2,38,69,0,0,선선함,나쁨
2025-03-22 12:00,2025-03-22,12,3,봄,11.5,7.4,8.7,0.0,87,6.6,50,77,1,0,선선함,나쁨
2025-03-22 13:00,2025-03-22,13,3,봄,11.3,8.4,0.0,0.0,79,3.3,49,96,0,0,선선함,나쁨
2025-03-22 14:00,2025-03-22,14,3,봄,6.7,3.9,0.0,0.0,87,3.4,91,154,0,0,쌀쌀함,매우나쁨
2025-03-22 15:00,2025-03-22,15,3,봄,14.4,11.6,0.0,0.0,48,2.1,41,79,0,0,선선함,나쁨
2025-03-22 16:00,2025-03-22,16,3,봄,7.6,2.8,0.0,0.0,30,6.2,35,64,0,0,쌀쌀함,보통
2025-03-22 17:00,2025-03-22,17,3,봄,8.7,5.0,0.0,0.0,59,4.7,51,110,0,0,선선함,나쁨
2025-03-22 18:00,2025-03-22,18,3,봄,6.8,4.3,0.0,0.0,55,4.4,44,92,0,0,쌀쌀함,나쁨
2025-03-22 19:00,2025-03-22,19,3,봄,-0.2,-3.5,0.0,0.0,47,3.7,46,93,0,0,추움,나쁨
2025-03-22 20:00,2025-03-22,20,3,봄,4.1,2.4,0.0,0.0,67,3.0,32,67,0,0,쌀쌀함,보통
2025-03-22 21:00,2025-03-22,21,3,봄,4.0,-0.3,0.0,0.0,87,5.4,54,93,0,0,쌀쌀함,나쁨
2025-03-22 22:00,2025-03-22,22,3,봄,3.5,1.1,0.0,0.0,43,4.1,35,69,0,0,쌀쌀함,보통
2025-03-22 23:00,2025-03-22,23,3,봄,1.0,-4.3,0.0,0.0,82,7.2,93,167,0,0,쌀쌀함,매우나쁨
2025-03-23 00:00,2025-03-23,0,3,봄,4.3,4.2,0.0,0.0,81,0.6,55,101,0,0,쌀쌀함,나쁨
2025-03-23 01:00,2025-03-23,1,3,봄,4.3,1.1,0.0,0.0,47,5.1,74,143,0,0,쌀쌀함,나쁨
2025-03-23 02:00,2025-03-23,2,3,봄,4.5,1.2,0.0,0.0,32,4.4,33,63,0,0,쌀쌀함,보통
2025-03-23 03:00,2025-03-23,3,3,봄,0.1,-3.3,0.0,0.0,64,5.3,41,61,0,0,추움,나쁨
2025-03-23 04:00,2025-03-23,4,3,봄,-1.0,-3.7,0.0,0.0,64,5.1,53,89,0,0,추움,나쁨
2025-03-23 05:00,2025-03-23,5,3,봄,5.2,4.8,0.0,0.0,86,0.5,37,69,0,0,쌀쌀함,나쁨
2025-03-23 06:00,2025-03-23,6,3,봄,4.8,4.3,0.0,0.0,37,0.8,58,107,0,0,쌀쌀함,나쁨
2025-03-23 07:00,2025-03-23,7,3,봄,8.6,5.1,0.0,0.0,77,6.0,32,62,0,0,선선함,보통
2025-03-23 08:00,2025-03-23,8,3,봄,12.9,10.0,0.0,0.0,40,5.0,84,126,0,0,선선함,매우나쁨
2025-03-23 09:00,2025-03-23,9,3,봄,10.9,9.2,0.0,0.0,34,2.3,52,105,0,0,선선함,나쁨
2025-03-23 10:00,2025-03-23,10,3,봄,8.6,3.2,0.0,0.0,75,7.9,31,47,0,0,선선함,보통
2025-03-23 11:00,2025-03-23,11,3,봄,10.7,8.4,0.0,0.0,46,3.7,77,151,0,0,선선함,매우나쁨
2025-03-23 12:00,2025-03-23,12,3,봄,9.0,8.7,0.0,0.0,65,0.5,33,63,0,0,선선함,보통
2025-03-23 13:00,2025-03-23,13,3,봄,13.6,11.0,0.0,0.0,72,3.7,45,93,0,0,선선함,나쁨
2025-03-23 14:00,2025-03-23,14,3,봄,9.4,6.9,0.0,0.0,64,4.5,63,137,0,0,선선함,나쁨
2025-03-23 15:00,2025-03-23,15,3,봄,10.8,8.6,0.0,0.0,89,3.1,46,90,0,0,선선함,나쁨
2025-03-23 16:00,2025-03-23,16,3,봄,14.0,12.9,0.0,0.0,30,2.5,45,75,0,0,선선함,나쁨
2025-03-23 17:00,2025-03-23,17,3,봄,2.0,-3.9,0.0,0.0,77,7.4,30,55,0,0,쌀쌀함,보통
2025-03-23 18:00,2025-03-23,18,3,봄,10.1,7.7,0.0,0.0,78,2.6,63,132,0,0,선선함,나쁨
2025-03-23 19:00,2025-03-23,19,3,봄,5.8,3.0,0.0,0.0,60,2.8,93,153,0,0,쌀쌀함,매우나쁨
2025-03-23 20:00,2025-03-23,20,3,봄,6.7,2.4,0.0,0.0,32,5.6,66,126,0,0,쌀쌀함,나쁨
2025-03-23 21:00,2025-03-23,21,3,봄,5.3,4.0,0.0,0.0,58,2.0,44,81,0,0,쌀쌀함,나쁨
2025-03-23 22:00,2025-03-23,22,3,봄,0.4,-1.0,0.0,0.0,82,2.4,35,73,0,0,추움,보통
2025-03-23 23:00,2025-03-23,23,3,봄,2.4,-1.5,0.0,0.0,51,6.3,38,78,0,0,쌀쌀함,나쁨
2025-03-24 00:00,2025-03-24,0,3,봄,-1.8,-5.5,0.0,0.0,86,5.0,58,125,0,0,추움,나쁨
2025-03-24 01:00,2025-03-24,1,3,봄,-2.3,-4.0,0.0,0.0,41,1.6,41,85,0,0,추움,나쁨
2025-03-24 02:00,2025-03-24,2,3,봄,3.8,-2.6,0.0,0.0,79,7.9,55,104,0,0,쌀쌀함,나쁨
2025-03-24 03:00,2025-03-24,3,3,봄,-2.2,-5.6,0.0,0.0,81,5.4,36,55,0,0,추움,나쁨
2025-03-24 04:00,2025-03-24,4,3,봄,1.3,-1.4,0.0,0.0,69,3.3,59,89,0,0,쌀쌀함,나쁨
2025-03-24 05:00,2025-03-24,5,3,봄,8.7,3.7,0.0,0.0,70,5.6,61,129,0,0,선선함,나쁨
2025-03-24 06:00,2025-03-24,6,3,봄,9.5,8.7,0.0,0.0,87,1.0,33,64,0,0,선선함,보통
2025-03-24 07:00,2025-03-24,7,3,봄,10.5,4.6,0.0,0.0,49,8.0,55,104,0,0,선선함,나쁨
2025-03-24 08:00,2025-03-24,8,3,봄,5.3,-0.3,0.0,0.0,89,7.9,56,86,0,0,쌀쌀함,나쁨
2025-03-24 09:00,2025-03-24,9,3,봄,5.0,0.1,0.0,0.0,37,7.1,63,95,0,0,쌀쌀함,나쁨
2025-03-24 10:00,2025-03-24,10,3,봄,13.9,12.8,0.0,0.0,50,2.3,51,80,0,0,선선함,나쁨
2025-03-24 11:00,2025-03-24,11,3,봄,10.1,5.3,0.0,0.0,39,6.7,75,147,0,0,선선함,나쁨
2025-03-24 12:00,2025-03-24,12,3,봄,6.5,3.0,0.0,0.0,60,5.0,35,53,0,0,쌀쌀함,보통
2025-03-24 13:00,2025-03-24,13,3,봄,11.0,9.3,0.0,0.0,36,1.8,70,148,0,0,선선함,나쁨
2025-03-24 14:00,2025-03-24,14,3,봄,9.1,7.1,0.0,0.0,81,3.4,67,111,0,0,선선함,나쁨
2025-03-24 15:00,2025-03-24,15,3,봄,8.0,4.1,0.0,0.0,35,6.7,90,176,0,0,선선함,매우나쁨
2025-03-24 16:00,2025-03-24,16,3,봄,9.1,5.6,0.0,0.0,81,4.2,61,112,0,0,선선함,나쁨
2025-03-24 17:00,2025-03-24,17,3,봄,10.3,9.3,0.0,0.0,82,1.0,69,127,0,0,선선함,나쁨
2025-03-24 18:00,2025-03-24,18,3,봄,7.6,2.5,0.0,0.0,55,5.8,45,79,0,0,쌀쌀함,나쁨
2025-03-24 19:00,2025-03-24,19,3,봄,3.3,1.7,0.0,0.0,42,2.5,32,59,0,0,쌀쌀함,보통
2025-03-24 20:00,2025-03-24,20,3,봄,2.9,-0.2,0.0,0.0,79,4.1,69,138,0,0,쌀쌀함,나쁨
2025-03-24 21:00,2025-03-24,21,3,봄,0.7,-1.1,0.0,0.0,44,3.4,58,110,0,0,추움,나쁨
2025-03-24 22:00,2025-03-24,22,3,봄,5.7,4.4,0.0,0.0,74,2.4,57,110,0,0,쌀쌀함,나쁨
2025-03-24 23:00,2025-03-24,23,3,봄,3.0,-2.8,0.0,0.0,41,7.7,27,47,0,0,쌀쌀함,보통
2025-03-25 00:00,2025-03-25,0,3,봄,-2.5,-3.5,0.0,0.0,41,1.7,63,108,0,0,추움,나쁨
2025-03-25 01:00,2025-03-25,1,3,봄,-0.6,-5.4,0.0,0.0,56,6.9,60,97,0,0,추움,나쁨
2025-03-25 02:00,2025-03-25,2,3,봄,1.9,-0.7,0.0,0.0,64,3.1,77,138,0,0,쌀쌀함,매우나쁨
2025-03-25 03:00,2025-03-25,3,3,봄,0.7,-2.4,0.0,0.0,54,5.5,48,85,0,0,추움,나쁨
2025-03-25 04:00,2025-03-25,4,3,봄,4.4,1.5,0.9,0.0,79,5.3,42,91,1,0,쌀쌀함,나쁨
2025-03-25 05:00,2025-03-25,5,3,봄,-1.1,-5.9,0.0,0.0,79,7.2,42,71,0,0,추움,나쁨
2025-03-25 06:00,2025-03-25,6,3,봄,0.3,-2.2,0.0,0.0,82,3.4,49,87,0,0,추움,나쁨
2025-03-25 07:00,2025-03-25,7,3,봄,8.3,5.6,0.7,0.0,61,3.8,76,120,1,0,선선함,매우나쁨
2025-03-25 08:00,2025-03-25,8,3,봄,5.2,4.4,0.0,0.0,85,2.1,48,97,0,0,쌀쌀함,나쁨
2025-03-25 09:00,2025-03-25,9,3,봄,4.5,1.6,0.0,0.0,51,6.5,15,29,0,0,쌀쌀함,좋음
2025-03-25 10:00,2025-03-25,10,3,봄,14.1,8.9,0.0,0.0,55,6.7,56,120,0,0,선선함,나쁨
2025-03-25 11:00,2025-03-25,11,3,봄,7.3,3.9,0.0,0.0,59,4.8,74,111,0,0,쌀쌀함,나쁨
2025-03-25 12:00,2025-03-25,12,3,봄,12.4,10.3,0.0,0.0,84,3.5,52,95,0,0,선선함,나쁨
2025-03-25 13:00,2025-03-25,13,3,봄,7.9,3.9,0.0,0.0,85,6.2,42,66,0,0,쌀쌀함,나쁨
2025-03-25 14:00,2025-03-25,14,3,봄,10.4,9.8,0.0,0.0,85,1.8,83,180,0,0,선선함,매우나쁨
2025-03-25 15:00,2025-03-25,15,3,봄,13.3,10.2,0.0,0.0,37,5.5,81,162,0,0,선선함,매우나쁨
2025-03-25 16:00,2025-03-25,16,3,봄,14.0,8.9,0.0,0.0,58,7.0,39,68,0,0,선선함,나쁨
2025-03-25 17:00,2025-03-25,17,3,봄,2.7,-1.9,0.0,0.0,73,7.7,34,54,0,0,쌀쌀함,보통
2025-03-25 18:00,2025-03-25,18,3,봄,4.8,2.3,0.0,0.0,37,4.3,73,127,0,0,쌀쌀함,나쁨
2025-03-25 19:00,2025-03-25,19,3,봄,3.7,1.6,0.0,0.0,36,1.7,40,75,0,0,쌀쌀함,나쁨
2025-03-25 20:00,2025-03-25,20,3,봄,0.9,-1.7,0.0,0.0,80,3.3,44,79,0,0,추움,나쁨
2025-03-25 21:00,2025-03-25,21,3,봄,6.6,4.1,0.0,0.0,34,3.0,40,81,0,0,쌀쌀함,나쁨
2025-03-25 22:00,2025-03-25,22,3,봄,5.2,3.8,0.0,0.0,33,1.5,74,130,0,0,쌀쌀함,나쁨
2025-03-25 23:00,2025-03-25,23,3,봄,7.4,5.6,0.0,0.0,70,2.2,56,94,0,0,쌀쌀함,나쁨
2025-03-26 00:00,2025-03-26,0,3,봄,-1.7,-3.6,0.0,0.0,46,2.4,52,101,0,0,추움,나쁨
2025-03-26 01:00,2025-03-26,1,3,봄,1.2,-2.7,0.0,0.0,35,5.1,42,88,0,0,쌀쌀함,나쁨
2025-03-26 02:00,2025-03-26,2,3,봄,7.7,4.5,0.0,0.0,52,6.0,70,124,0,0,쌀쌀함,나쁨
2025-03-26 03:00,2025-03-26,3,3,봄,-0.7,-4.5,0.0,0.0,53,4.8,68,104,0,0,추움,나쁨
2025-03-26 04:00,2025-03-26,4,3,봄,4.0,0.2,0.0,0.0,51,5.9,69,151,0,0,쌀쌀함,나쁨
2025-03-26 05:00,2025-03-26,5,3,봄,-0.7,-5.5,0.0,0.0,82,6.3,37,63,0,0,추움,나쁨
2025-03-26 06:00,2025-03-26,6,3,봄,5.1,0.7,0.0,0.0,82,6.7,32,66,0,0,쌀쌀함,보통
2025-03-26 07:00,2025-03-26,7,3,봄,3.5,-1.9,0.0,0.0,82,6.8,59,98,0,0,쌀쌀함,나쁨
2025-03-26 08:00,2025-03-26,8,3,봄,9.7,5.1,0.0,0.0,75,6.1,64,133,0,0,선선함,나쁨
2025-03-26 09:00,2025-03-26,9,3,봄,10.0,9.5,0.0,0.0,73,2.3,64,109,0,0,선선함,나쁨
2025-03-26 10:00,2025-03-26,10,3,봄,11.4,8.2,0.0,0.0,53,4.9,80,175,0,0,선선함,매우나쁨
2025-03-26 11:00,2025-03-26,11,3,봄,12.9,10.8,0.0,0.0,48,3.3,51,110,0,0,선선함,나쁨
2025-03-26 12:00,2025-03-26,12,3,봄,12.3,11.7,0.0,0.0,84,1.1,75,116,0,0,선선함,나쁨
2025-03-26 13:00,2025-03-26,13,3,봄,17.3,17.1,0.0,0.0,57,0.6,27,45,0,0,따뜻함,보통
2025-03-26 14:00,2025-03-26,14,3,봄,14.3,11.6,0.0,0.0,30,3.0,35,53,0,0,선선함,보통
2025-03-26 15:00,2025-03-26,15,3,봄,9.4,6.2,0.0,0.0,54,4.1,60,104,0,0,선선함,나쁨
2025-03-26 16:00,2025-03-26,16,3,봄,4.7,-0.3,0.0,0.0,40,7.0,59,112,0,0,쌀쌀함,나쁨
2025-03-26 17:00,2025-03-26,17,3,봄,9.7,6.2,0.0,0.0,78,4.5,66,133,0,0,선선함,나쁨
2025-03-26 18:00,2025-03-26,18,3,봄,7.5,5.6,0.0,0.0,85,3.8,83,177,0,0,쌀쌀함,매우나쁨
2025-03-26 19:00,2025-03-26,19,3,봄,4.0,-0.1,0.0,0.0,50,5.0,55,88,0,0,쌀쌀함,나쁨
2025-03-26 20:00,2025-03-26,20,3,봄,6.2,3.1,0.0,0.0,84,3.0,55,117,0,0,쌀쌀함,나쁨
2025-03-26 21:00,2025-03-26,21,3,봄,-1.7,-6.7,0.0,0.0,56,7.4,50,100,0,0,추움,나쁨
2025-03-26 22:00,2025-03-26,22,3,봄,9.4,7.7,0.0,0.0,59,2.9,51,82,0,0,선선함,나쁨
2025-03-26 23:00,2025-03-26,23,3,봄,5.8,0.4,0.0,0.0,37,6.9,73,146,0,0,쌀쌀함,나쁨
2025-03-27 00:00,2025-03-27,0,3,봄,1.8,0.7,0.0,0.0,30,1.9,52,96,0,0,쌀쌀함,나쁨
2025-03-27 01:00,2025-03-27,1,3,봄,-4.0,-5.1,0.0,0.0,79,1.9,61,110,0,0,추움,나쁨
2025-03-27 02:00,2025-03-27,2,3,봄,2.6,-1.2,0.0,0.0,72,6.6,52,87,0,0,쌀쌀함,나쁨
2025-03-27 03:00,2025-03-27,3,3,봄,-2.4,-2.6,0.0,0.0,50,1.0,57,114,0,0,추움,나쁨
2025-03-27 04:00,2025-03-27,4,3,봄,5.2,0.5,0.0,0.0,56,7.0,69,121,0,0,쌀쌀함,나쁨
2025-03-27 05:00,2025-03-27,5,3,봄,8.4,4.4,0.0,0.0,80,5.0,62,97,0,0,선선함,나쁨
2025-03-27 06:00,2025-03-27,6,3,봄,9.8,6.3,0.0,0.0,51,5.1,84,154,0,0,선선함,매우나쁨
2025-03-27 07:00,2025-03-27,7,3,봄,7.4,4.1,0.0,0.0,70,6.2,56,111,0,0,쌀쌀함,나쁨
2025-03-27 08:00,2025-03-27,8,3,봄,10.4,7.5,0.0,0.0,87,4.4,69,151,0,0,선선함,나쁨
2025-03-27 09:00,2025-03-27,9,3,봄,14.4,9.6,0.0,0.0,67,6.7,31,49,0,0,선선함,보통
2025-03-27 10:00,2025-03-27,10,3,봄,16.6,12.1,0.0,0.0,40,7.0,60,101,0,0,따뜻함,나쁨
2025-03-27 11:00,2025-03-27,11,3,봄,13.2,12.1,0.0,0.0,50,2.1,61,94,0,0,선선함,나쁨
2025-03-27 12:00,2025-03-27,12,3,봄,8.9,3.8,0.0,0.0,45,6.6,44,78,0,0,선선함,나쁨
2025-03-27 13:00,2025-03-27,13,3,봄,11.6,8.8,0.0,0.0,71,4.0,75,135,0,0,선선함,나쁨
2025-03-27 14:00,2025-03-27,14,3,봄,7.0,5.3,0.0,0.0,45,2.4,60,112,0,0,쌀쌀함,나쁨
2025-03-27 15:00,2025-03-27,15,3,봄,13.4,8.4,0.0,0.0,58,7.7,45,96,0,0,선선함,나쁨
2025-03-27 16:00,2025-03-27,16,3,봄,7.0,5.2,0.0,0.0,77,2.2,69,131,0,0,쌀쌀함,나쁨
2025-03-27 17:00,2025-03-27,17,3,봄,6.3,3.3,0.0,0.0,71,3.2,83,178,0,0,쌀쌀함,매우나쁨
2025-03-27 18:00,2025-03-27,18,3,봄,3.4,-2.0,0.0,0.0,38,7.6,39,72,0,0,쌀쌀함,나쁨
2025-03-27 19:00,2025-03-27,19,3,봄,5.0,1.7,0.0,0.0,48,5.1,67,140,0,0,쌀쌀함,나쁨
2025-03-27 20:00,2025-03-27,20,3,봄,8.9,4.6,0.0,0.0,84,6.8,69,143,0,0,선선함,나쁨
2025-03-27 21:00,2025-03-27,21,3,봄,-4.1,-8.7,0.0,0.0,74,6.5,36,75,0,0,추움,나쁨
2025-03-27 22:00,2025-03-27,22,3,봄,7.8,6.8,0.0,0.0,42,1.5,55,112,0,0,쌀쌀함,나쁨
2025-03-27 23:00,2025-03-27,23,3,봄,-2.1,-7.2,0.0,0.0,75,7.1,40,70,0,0,추움,나쁨
2025-03-28 00:00,2025-03-28,0,3,봄,-4.6,-10.8,0.0,0.0,46,7.9,72,150,0,0,추움,나쁨
2025-03-28 01:00,2025-03-28,1,3,봄,-0.9,-5.5,2.4,0.0,53,7.0,77,131,1,0,추움,매우나쁨
2025-03-28 02:00,2025-03-28,2,3,봄,-3.5,-4.6,0.0,0.0,71,1.2,61,119,0,0,추움,나쁨
2025-03-28 03:00,2025-03-28,3,3,봄,6.0,1.4,0.0,0.0,77,6.7,82,176,0,0,쌀쌀함,매우나쁨
2025-03-28 04:00,2025-03-28,4,3,봄,-0.7,-6.5,0.0,0.0,32,6.9,42,69,0,0,추움,나쁨
2025-03-28 05:00,2025-03-28,5,3,봄,2.5,1.6,0.0,0.0,70,1.7,74,160,0,0,쌀쌀함,나쁨
2025-03-28 06:00,2025-03-28,6,3,봄,10.6,6.6,0.0,0.0,54,5.4,25,43,0,0,선선함,보통
2025-03-28 07:00,2025-03-28,7,3,봄,12.5,11.1,0.0,0.0,30,2.5,55,91,0,0,선선함,나쁨
2025-03-28 08:00,2025-03-28,8,3,봄,7.4,3.6,0.0,0.0,47,5.8,61,113,0,0,쌀쌀함,나쁨
2025-03-28 09:00,2025-03-28,9,3,봄,6.8,5.1,0.0,0.0,71,1.3,70,112,0,0,쌀쌀함,나쁨
2025-03-28 10:00,2025-03-28,10,3,봄,7.3,1.4,0.0,0.0,40,7.5,49,91,0,0,쌀쌀함,나쁨
2025-03-28 11:00,2025-03-28,11,3,봄,12.9,8.5,0.0,0.0,34,6.0,55,105,0,0,선선함,나쁨
2025-03-28 12:00,2025-03-28,12,3,봄,8.7,6.0,0.0,0.0,32,3.9,65,136,0,0,선선함,나쁨
2025-03-28 13:00,2025-03-28,13,3,봄,11.9,8.3,0.0,0.0,52,5.4,34,69,0,0,선선함,보통
2025-03-28 14:00,2025-03-28,14,3,봄,13.0,9.4,0.0,0.0,46,4.3,71,147,0,0,선선함,나쁨
2025-03-28 15:00,2025-03-28,15,3,봄,10.3,9.7,0.0,0.0,50,1.6,62,107,0,0,선선함,나쁨
2025-03-28 16:00,2025-03-28,16,3,봄,8.4,5.1,0.0,0.0,43,3.0,78,159,0,0,선선함,매우나쁨
2025-03-28 17:00,2025-03-28,17,3,봄,8.7,5.8,0.0,0.0,36,5.5,55,92,0,0,선선함,나쁨
2025-03-28 18:00,2025-03-28,18,3,봄,5.7,4.2,0.0,0.0,68,1.7,68,117,0,0,쌀쌀함,나쁨
2025-03-28 19:00,2025-03-28,19,3,봄,0.8,-2.0,0.0,1.5,59,4.1,71,107,0,1,추움,나쁨
2025-03-28 20:00,2025-03-28,20,3,봄,2.0,0.8,0.0,0.0,84,1.6,60,99,0,0,쌀쌀함,나쁨
2025-03-28 21:00,2025-03-28,21,3,봄,6.0,-0.1,0.0,0.0,86,7.6,45,81,0,0,쌀쌀함,나쁨
2025-03-28 22:00,2025-03-28,22,3,봄,-3.4,-4.5,0.0,0.0,43,1.4,50,79,0,0,추움,나쁨
2025-03-28 23:00,2025-03-28,23,3,봄,-0.0,-4.2,0.0,0.0,35,6.9,105,190,0,0,추움,매우나쁨
2025-03-29 00:00,2025-03-29,0,3,봄,1.4,0.1,0.0,0.0,35,1.2,50,96,0,0,쌀쌀함,나쁨
2025-03-29 01:00,2025-03-29,1,3,봄,1.5,1.2,0.0,0.0,38,1.7,66,144,0,0,쌀쌀함,나쁨
2025-03-29 02:00,2025-03-29,2,3,봄,4.9,3.1,0.0,0.0,85,3.0,75,123,0,0,쌀쌀함,나쁨
2025-03-29 03:00,2025-03-29,3,3,봄,1.6,-1.9,0.0,0.0,60,5.8,71,133,0,0,쌀쌀함,나쁨
2025-03-29 04:00,2025-03-29,4,3,봄,0.2,-1.0,0.0,0.0,82,1.9,62,112,0,0,추움,나쁨
2025-03-29 05:00,2025-03-29,5,3,봄,5.8,3.4,0.0,0.0,68,2.6,52,113,0,0,쌀쌀함,나쁨
2025-03-29 06:00,2025-03-29,6,3,봄,1.0,-2.4,0.0,0.0,86,3.2,64,107,0,0,쌀쌀함,나쁨
2025-03-29 07:00,2025-03-29,7,3,봄,4.2,-0.2,0.0,0.0,44,6.2,37,63,0,0,쌀쌀함,나쁨
2025-03-29 08:00,2025-03-29,8,3,봄,11.9,8.7,0.0,0.0,86,4.4,63,111,0,0,선선함,나쁨
2025-03-29 09:00,2025-03-29,9,3,봄,5.7,-0.2,0.0,0.0,81,7.0,34,67,0,0,쌀쌀함,보통
2025-03-29 10:00,2025-03-29,10,3,봄,4.4,3.2,0.0,0.0,57,1.0,71,140,0,0,쌀쌀함,나쁨
2025-03-29 11:00,2025-03-29,11,3,봄,14.5,12.0,0.0,0.0,78,2.9,54,95,0,0,선선함,나쁨
2025-03-29 12:00,2025-03-29,12,3,봄,13.5,11.0,0.0,0.0,77,2.7,46,92,0,0,선선함,나쁨
2025-03-29 13:00,2025-03-29,13,3,봄,16.6,11.7,0.0,0.0,70,6.1,29,45,0,0,따뜻함,보통
2025-03-29 14:00,2025-03-29,14,3,봄,7.4,5.5,0.0,0.0,82,2.9,52,79,0,0,쌀쌀함,나쁨
2025-03-29 15:00,2025-03-29,15,3,봄,6.3,3.5,0.0,0.0,87,3.6,60,128,0,0,쌀쌀함,나쁨
2025-03-29 16:00,2025-03-29,16,3,봄,12.6,10.7,0.0,0.0,83,3.2,24,40,0,0,선선함,보통
2025-03-29 17:00,2025-03-29,17,3,봄,13.4,7.6,0.0,0.0,62,7.7,54,105,0,0,선선함,나쁨
2025-03-29 18:00,2025-03-29,18,3,봄,9.1,4.2,0.0,0.0,69,6.8,62,120,0,0,선선함,나쁨
2025-03-29 19:00,2025-03-29,19,3,봄,3.6,-0.1,0.0,0.0,33,6.3,45,69,0,0,쌀쌀함,나쁨
2025-03-29 20:00,2025-03-29,20,3,봄,0.6,-4.2,0.0,0.0,80,6.2,61,131,0,0,추움,나쁨
2025-03-29 21:00,2025-03-29,21,3,봄,3.0,0.6,0.0,0.0,60,3.3,62,124,0,0,쌀쌀함,나쁨
2025-03-29 22:00,2025-03-29,22,3,봄,2.2,-0.8,0.0,0.0,81,5.1,57,121,0,0,쌀쌀함,나쁨
2025-03-29 23:00,2025-03-29,23,3,봄,-1.2,-4.9,0.0,0.0,50,5.2,48,92,0,0,추움,나쁨
2025-03-30 00:00,2025-03-30,0,3,봄,1.4,-1.5,0.0,0.0,45,4.5,45,75,0,0,쌀쌀함,나쁨
2025-03-30 01:00,2025-03-30,1,3,봄,5.0,0.3,0.0,0.0,72,5.9,45,74,0,0,쌀쌀함,나쁨
2025-03-30 02:00,2025-03-30,2,3,봄,3.0,-0.9,0.0,0.0,42,5.1,53,111,0,0,쌀쌀함,나쁨
2025-03-30 03:00,2025-03-30,3,3,봄,6.0,3.7,0.0,0.0,69,2.7,56,121,0,0,쌀쌀함,나쁨
2025-03-30 04:00,2025-03-30,4,3,봄,1.9,-0.9,0.0,0.0,62,4.2,45,86,0,0,쌀쌀함,나쁨
2025-03-30 05:00,2025-03-30,5,3,봄,7.1,2.0,0.0,0.0,89,7.9,62,99,0,0,쌀쌀함,나쁨
2025-03-30 06:00,2025-03-30,6,3,봄,9.7,8.6,0.0,0.0,80,1.9,23,41,0,0,선선함,보통
2025-03-30 07:00,2025-03-30,7,3,봄,5.1,2.2,0.0,0.0,68,4.3,30,62,0,0,쌀쌀함,보통
2025-03-30 08:00,2025-03-30,8,3,봄,8.9,8.2,0.0,0.0,38,1.4,48,72,0,0,선선함,나쁨
2025-03-30 09:00,2025-03-30,9,3,봄,13.9,12.6,0.0,0.0,69,2.2,42,85,0,0,선선함,나쁨
2025-03-30 10:00,2025-03-30,10,3,봄,12.1,6.0,0.0,0.0,81,7.9,66,105,0,0,선선함,나쁨
2025-03-30 11:00,2025-03-30,11,3,봄,11.8,8.1,0.0,0.0,71,4.2,5,8,0,0,선선함,좋음
2025-03-30 12:00,2025-03-30,12,3,봄,7.0,4.8,0.0,0.0,60,3.4,49,74,0,0,쌀쌀함,나쁨
2025-03-30 13:00,2025-03-30,13,3,봄,8.8,3.5,0.0,0.0,47,6.7,54,100,0,0,선선함,나쁨
2025-03-30 14:00,2025-03-30,14,3,봄,14.0,12.2,0.0,0.0,32,1.8,73,152,0,0,선선함,나쁨
2025-03-30 15:00,2025-03-30,15,3,봄,8.5,6.5,0.0,0.0,43,3.3,58,92,0,0,선선함,나쁨
2025-03-30 16:00,2025-03-30,16,3,봄,10.0,9.2,0.0,0.0,75,0.5,62,95,0,0,선선함,나쁨
2025-03-30 17:00,2025-03-30,17,3,봄,2.4,-0.5,0.0,0.0,47,3.1,58,100,0,0,쌀쌀함,나쁨
2025-03-30 18:00,2025-03-30,18,3,봄,6.8,2.2,0.0,0.0,53,6.4,67,129,0,0,쌀쌀함,나쁨
2025-03-30 19:00,2025-03-30,19,3,봄,6.6,2.0,0.0,0.0,55,6.5,89,191,0,0,쌀쌀함,매우나쁨
2025-03-30 20:00,2025-03-30,20,3,봄,4.4,0.5,0.0,0.0,89,5.0,78,141,0,0,쌀쌀함,매우나쁨
2025-03-30 21:00,2025-03-30,21,3,봄,0.8,-4.6,0.0,0.0,70,6.4,90,154,0,0,추움,매우나쁨
2025-03-30 22:00,2025-03-30,22,3,봄,7.1,5.2,0.0,0.0,34,3.4,63,123,0,0,쌀쌀함,나쁨
2025-03-30 23:00,2025-03-30,23,3,봄,3.1,-0.7,0.0,0.0,62,4.9,53,84,0,0,쌀쌀함,나쁨
2025-03-31 00:00,2025-03-31,0,3,봄,2.7,-0.9,0.0,0.0,65,6.2,78,153,0,0,쌀쌀함,매우나쁨
2025-03-31 01:00,2025-03-31,1,3,봄,-0.7,-5.1,0.0,0.0,55,7.1,35,74,0,0,추움,보통
2025-03-31 02:00,2025-03-31,2,3,봄,-2.3,-4.0,0.0,0.0,71,2.9,40,76,0,0,추움,나쁨
2025-03-31 03:00,2025-03-31,3,3,봄,7.5,4.4,0.0,0.0,61,4.8,64,101,0,0,쌀쌀함,나쁨
2025-03-31 04:00,2025-03-31,4,3,봄,7.4,5.8,0.0,0.0,74,2.4,35,72,0,0,쌀쌀함,보통
2025-03-31 05:00,2025-03-31,5,3,봄,7.3,5.6,0.0,0.0,61,2.0,73,122,0,0,쌀쌀함,나쁨
2025-03-31 06:00,2025-03-31,6,3,봄,4.6,-0.7,0.0,0.0,71,7.9,50,88,0,0,쌀쌀함,나쁨
2025-03-31 07:00,2025-03-31,7,3,봄,7.9,5.9,0.0,0.0,76,2.9,74,133,0,0,쌀쌀함,나쁨
2025-03-31 08:00,2025-03-31,8,3,봄,6.9,3.4,0.0,0.0,33,5.2,24,44,0,0,쌀쌀함,보통
2025-03-31 09:00,2025-03-31,9,3,봄,10.3,9.7,0.0,0.0,47,0.8,81,158,0,0,선선함,매우나쁨
2025-03-31 10:00,2025-03-31,10,3,봄,13.7,9.4,0.0,0.0,42,5.9,56,97,0,0,선선함,나쁨
2025-03-31 11:00,2025-03-31,11,3,봄,12.3,9.3,0.0,0.0,67,4.1,50,107,0,0,선선함,나쁨
2025-03-31 12:00,2025-03-31,12,3,봄,8.5,2.9,0.0,0.0,58,7.6,70,148,0,0,선선함,나쁨
2025-03-31 13:00,2025-03-31,13,3,봄,8.5,7.9,0.0,0.0,66,1.6,31,57,0,0,선선함,보통
2025-03-31 14:00,2025-03-31,14,3,봄,9.0,4.6,0.0,0.0,32,5.4,35,54,0,0,선선함,보통
2025-03-31 15:00,2025-03-31,15,3,봄,11.3,6.2,0.0,0.0,84,6.9,65,114,0,0,선선함,나쁨
2025-03-31 16:00,2025-03-31,16,3,봄,5.5,5.0,0.0,0.0,85,1.6,57,110,0,0,쌀쌀함,나쁨
2025-03-31 17:00,2025-03-31,17,3,봄,2.5,1.8,0.0,0.0,65,0.6,58,125,0,0,쌀쌀함,나쁨
2025-03-31 18:00,2025-03-31,18,3,봄,4.2,-0.2,0.0,0.0,62,6.1,44,77,0,0,쌀쌀함,나쁨
2025-03-31 19:00,2025-03-31,19,3,봄,7.9,6.4,0.0,0.0,70,2.5,22,33,0,0,쌀쌀함,보통
2025-03-31 20:00,2025-03-31,20,3,봄,-0.1,-1.9,0.0,0.0,82,3.0,53,95,0,0,추움,나쁨
2025-03-31 21:00,2025-03-31,21,3,봄,8.4,3.0,0.0,0.0,73,7.6,25,38,0,0,선선함,보통
2025-03-31 22:00,2025-03-31,22,3,봄,2.5,-0.1,0.0,0.0,63,3.5,40,75,0,0,쌀쌀함,나쁨
2025-03-31 23:00,2025-03-31,23,3,봄,3.6,-1.9,0.0,0.0,45,7.7,63,130,0,0,쌀쌀함,나쁨
2025-04-01 00:00,2025-04-01,0,4,봄,1.5,-3.8,0.0,0.0,53,7.6,32,61,0,0,쌀쌀함,보통
2025-04-01 01:00,2025-04-01,1,4,봄,9.8,8.0,0.0,0.0,62,1.6,45,81,0,0,선선함,나쁨
2025-04-01 02:00,2025-04-01,2,4,봄,11.7,9.7,0.0,0.0,90,3.6,65,101,0,0,선선함,나쁨
2025-04-01 03:00,2025-04-01,3,4,봄,10.9,10.5,0.0,0.0,89,0.9,28,44,0,0,선선함,보통
2025-04-01 04:00,2025-04-01,4,4,봄,4.9,3.7,0.0,0.0,32,2.7,56,88,0,0,쌀쌀함,나쁨
2025-04-01 05:00,2025-04-01,5,4,봄,11.6,9.3,0.0,0.0,68,3.9,20,38,0,0,선선함,보통
2025-04-01 06:00,2025-04-01,6,4,봄,14.7,13.2,0.0,0.0,88,1.2,37,61,0,0,선선함,나쁨
2025-04-01 07:00,2025-04-01,7,4,봄,14.1,9.2,0.0,0.0,49,7.2,24,45,0,0,선선함,보통
2025-04-01 08:00,2025-04-01,8,4,봄,11.3,7.6,0.0,0.0,75,5.3,37,74,0,0,선선함,나쁨
2025-04-01 09:00,2025-04-01,9,4,봄,17.1,14.6,0.0,0.0,57,2.9,23,50,0,0,따뜻함,보통
2025-04-01 10:00,2025-04-01,10,4,봄,12.9,9.6,0.0,0.0,73,4.9,48,72,0,0,선선함,나쁨
2025-04-01 11:00,2025-04-01,11,4,봄,18.3,15.3,0.0,0.0,31,5.7,28,55,0,0,따뜻함,보통
2025-04-01 12:00,2025-04-01,12,4,봄,22.4,19.0,0.0,0.0,48,4.5,42,84,0,0,따뜻함,나쁨
2025-04-01 13:00,2025-04-01,13,4,봄,16.8,13.0,0.0,0.0,51,5.5,42,71,0,0,따뜻함,나쁨
2025-04-01 14:00,2025-04-01,14,4,봄,22.5,17.5,0.0,0.0,79,6.7,41,80,0,0,따뜻함,나쁨
2025-04-01 15:00,2025-04-01,15,4,봄,19.7,13.6,0.0,0.0,90,7.4,15,32,0,0,따뜻함,좋음
2025-04-01 16:00,2025-04-01,16,4,봄,12.3,9.6,0.0,0.0,54,3.7,61,125,0,0,선선함,나쁨
2025-04-01 17:00,2025-04-01,17,4,봄,11.7,6.1,0.0,0.0,74,7.3,42,78,0,0,선선함,나쁨
2025-04-01 18:00,2025-04-01,18,4,봄,15.8,12.9,0.0,0.0,68,4.0,48,86,0,0,따뜻함,나쁨
2025-04-01 19:00,2025-04-01,19,4,봄,11.1,9.4,0.0,0.0,42,2.5,58,103,0,0,선선함,나쁨
2025-04-01 20:00,2025-04-01,20,4,봄,14.7,13.0,0.0,0.0,57,1.8,34,65,0,0,선선함,보통
2025-04-01 21:00,2025-04-01,21,4,봄,3.2,-1.1,0.0,0.0,78,5.2,41,77,0,0,쌀쌀함,나쁨
2025-04-01 22:00,2025-04-01,22,4,봄,10.0,5.1,0.0,0.0,63,6.0,35,55,0,0,선선함,보통
2025-04-01 23:00,2025-04-01,23,4,봄,12.3,6.9,0.0,0.0,37,7.8,50,105,0,0,선선함,나쁨
2025-04-02 00:00,2025-04-02,0,4,봄,7.0,6.1,0.0,0.0,88,1.6,32,63,0,0,쌀쌀함,보통
2025-04-02 01:00,2025-04-02,1,4,봄,5.1,2.0,0.0,0.0,35,4.8,51,110,0,0,쌀쌀함,나쁨
2025-04-02 02:00,2025-04-02,2,4,봄,12.6,10.5,0.0,0.0,39,3.1,30,61,0,0,선선함,보통
2025-04-02 03:00,2025-04-02,3,4,봄,13.2,9.2,0.0,0.0,47,7.8,50,81,0,0,선선함,나쁨
2025-04-02 04:00,2025-04-02,4,4,봄,7.7,6.4,0.0,0.0,84,1.0,32,61,0,0,쌀쌀함,보통
2025-04-02 05:00,2025-04-02,5,4,봄,14.4,13.5,0.0,0.0,53,1.8,49,89,0,0,선선함,나쁨
2025-04-02 06:00,2025-04-02,6,4,봄,18.4,16.9,0.0,0.0,49,2.6,46,70,0,0,따뜻함,나쁨
2025-04-02 07:00,2025-04-02,7,4,봄,10.6,6.1,0.0,0.0,58,6.0,41,85,0,0,선선함,나쁨
2025-04-02 08:00,2025-04-02,8,4,봄,15.6,13.3,0.0,0.0,82,2.7,43,79,0,0,따뜻함,나쁨
2025-04-02 09:00,2025-04-02,9,4,봄,18.5,14.8,0.0,0.0,44,4.8,58,114,0,0,따뜻함,나쁨
2025-04-02 10:00,2025-04-02,10,4,봄,14.5,13.4,0.0,0.0,83,2.7,33,57,0,0,선선함,보통
2025-04-02 11:00,2025-04-02,11,4,봄,22.5,20.7,0.0,0.0,65,2.5,38,76,0,0,따뜻함,나쁨
2025-04-02 12:00,2025-04-02,12,4,봄,13.4,8.7,0.0,0.0,75,7.9,29,57,0,0,선선함,보통
2025-04-02 13:00,2025-04-02,13,4,봄,21.2,20.1,0.0,0.0,49,1.5,39,75,0,0,따뜻함,나쁨
2025-04-02 14:00,2025-04-02,14,4,봄,18.6,16.7,0.0,0.0,49,2.2,42,69,0,0,따뜻함,나쁨
2025-04-02 15:00,2025-04-02,15,4,봄,15.7,10.5,0.0,0.0,66,6.4,44,92,0,0,따뜻함,나쁨
2025-04-02 16:00,2025-04-02,16,4,봄,12.3,6.6,0.0,0.0,65,6.9,57,90,0,0,선선함,나쁨
2025-04-02 17:00,2025-04-02,17,4,봄,15.0,10.3,0.0,0.0,70,6.6,43,75,0,0,따뜻함,나쁨
2025-04-02 18:00,2025-04-02,18,4,봄,15.6,12.4,0.0,0.0,61,5.4,5,8,0,0,따뜻함,좋음
2025-04-02 19:00,2025-04-02,19,4,봄,10.9,7.0,0.0,0.0,74,5.4,46,92,0,0,선선함,나쁨
2025-04-02 20:00,2025-04-02,20,4,봄,10.0,9.1,0.0,0.0,51,0.8,57,96,0,0,선선함,나쁨
2025-04-02 21:00,2025-04-02,21,4,봄,13.8,10.0,0.0,0.0,79,5.9,49,74,0,0,선선함,나쁨
2025-04-02 22:00,2025-04-02,22,4,봄,4.9,-0.2,0.0,0.0,42,6.9,54,93,0,0,쌀쌀함,나쁨
2025-04-02 23:00,2025-04-02,23,4,봄,5.4,1.5,0.0,0.0,69,6.3,19,31,0,0,쌀쌀함,보통
2025-04-03 00:00,2025-04-03,0,4,봄,5.3,0.9,0.0,0.0,30,6.9,25,46,0,0,쌀쌀함,보통
2025-04-03 01:00,2025-04-03,1,4,봄,4.0,-0.5,0.0,0.0,75,7.0,59,111,0,0,쌀쌀함,나쁨
2025-04-03 02:00,2025-04-03,2,4,봄,11.6,7.3,0.0,0.0,38,7.2,35,54,0,0,선선함,보통
2025-04-03 03:00,2025-04-03,3,4,봄,10.1,6.3,0.0,0.0,65,4.1,29,53,0,0,선선함,보통
2025-04-03 04:00,2025-04-03,4,4,봄,11.8,6.2,0.0,0.0,58,6.8,25,50,0,0,선선함,보통
2025-04-03 05:00,2025-04-03,5,4,봄,16.4,10.9,0.0,0.0,31,6.9,82,133,0,0,따뜻함,매우나쁨
2025-04-03 06:00,2025-04-03,6,4,봄,12.6,11.7,0.0,0.0,49,1.1,34,60,0,0,선선함,보통
2025-04-03 07:00,2025-04-03,7,4,봄,13.7,10.0,0.0,0.0,35,4.5,26,54,0,0,선선함,보통
2025-04-03 08:00,2025-04-03,8,4,봄,21.4,20.4,0.0,0.0,69,2.6,50,84,0,0,따뜻함,나쁨
2025-04-03 09:00,2025-04-03,9,4,봄,18.3,16.3,0.0,0.0,46,3.1,46,83,0,0,따뜻함,나쁨
2025-04-03 10:00,2025-04-03,10,4,봄,20.2,15.2,2.2,0.0,32,6.6,45,95,1,0,따뜻함,나쁨
2025-04-03 11:00,2025-04-03,11,4,봄,20.3,15.8,0.0,0.0,77,7.8,13,27,0,0,따뜻함,좋음
2025-04-03 12:00,2025-04-03,12,4,봄,18.9,18.2,0.0,0.0,56,0.7,27,52,0,0,따뜻함,보통
2025-04-03 13:00,2025-04-03,13,4,봄,20.9,19.9,0.0,0.0,35,1.1,68,119,0,0,따뜻함,나쁨
2025-04-03 14:00,2025-04-03,14,4,봄,21.0,17.5,0.0,0.0,52,4.7,49,98,0,0,따뜻함,나쁨
2025-04-03 15:00,2025-04-03,15,4,봄,15.9,10.2,0.0,0.0,64,7.5,5,9,0,0,따뜻함,좋음
2025-04-03 16:00,2025-04-03,16,4,봄,13.1,8.5,0.0,0.0,57,7.1,23,40,0,0,선선함,보통
2025-04-03 17:00,2025-04-03,17,4,봄,16.7,16.5,0.0,0.0,34,0.9,43,84,0,0,따뜻함,나쁨
2025-04-03 18:00,2025-04-03,18,4,봄,7.4,4.8,0.0,0.0,78,3.5,41,82,0,0,쌀쌀함,나쁨
2025-04-03 19:00,2025-04-03,19,4,봄,11.3,8.3,0.0,0.0,62,4.8,50,101,0,0,선선함,나쁨
2025-04-03 20:00,2025-04-03,20,4,봄,8.1,6.2,0.0,0.0,76,3.1,38,59,0,0,선선함,나쁨
2025-04-03 21:00,2025-04-03,21,4,봄,6.8,4.7,0.0,0.0,74,3.9,31,59,0,0,쌀쌀함,보통
2025-04-03 22:00,2025-04-03,22,4,봄,2.1,-2.5,0.0,0.0,88,7.2,25,46,0,0,쌀쌀함,보통
2025-04-03 23:00,2025-04-03,23,4,봄,5.1,1.7,0.0,0.0,52,4.7,32,58,0,0,쌀쌀함,보통
2025-04-04 00:00,2025-04-04,0,4,봄,10.4,6.3,0.0,0.0,38,6.3,59,123,0,0,선선함,나쁨
2025-04-04 01:00,2025-04-04,1,4,봄,8.9,4.1,0.0,0.0,70,7.8,53,103,0,0,선선함,나쁨
2025-04-04 02:00,2025-04-04,2,4,봄,11.0,5.3,0.0,0.0,86,7.8,45,69,0,0,선선함,나쁨
2025-04-04 03:00,2025-04-04,3,4,봄,5.5,3.4,0.0,0.0,85,2.6,11,23,0,0,쌀쌀함,좋음
2025-04-04 04:00,2025-04-04,4,4,봄,5.8,1.0,0.0,0.0,81,7.3,41,68,0,0,쌀쌀함,나쁨
2025-04-04 05:00,2025-04-04,5,4,봄,10.3,5.0,0.0,0.0,30,6.8,35,66,0,0,선선함,보통
2025-04-04 06:00,2025-04-04,6,4,봄,13.8,9.8,0.0,0.0,45,6.2,32,63,0,0,선선함,보통
2025-04-04 07:00,2025-04-04,7,4,봄,10.1,8.7,0.0,0.0,71,2.3,36,61,0,0,선선함,나쁨
2025-04-04 08:00,2025-04-04,8,4,봄,13.0,8.6,0.0,0.0,71,6.6,42,66,0,0,선선함,나쁨
2025-04-04 09:00,2025-04-04,9,4,봄,11.7,10.1,0.0,0.0,75,1.6,26,49,0,0,선선함,보통
2025-04-04 10:00,2025-04-04,10,4,봄,21.7,20.5,0.0,0.0,40,2.2,36,77,0,0,따뜻함,나쁨
2025-04-04 11:00,2025-04-04,11,4,봄,19.6,13.5,0.0,0.0,85,7.5,62,128,0,0,따뜻함,나쁨
2025-04-04 12:00,2025-04-04,12,4,봄,19.0,16.5,0.0,0.0,41,4.9,34,63,0,0,따뜻함,보통
2025-04-04 13:00,2025-04-04,13,4,봄,13.6,10.7,0.0,0.0,52,3.6,32,68,0,0,선선함,보통
2025-04-04 14:00,2025-04-04,14,4,봄,19.1,18.8,0.0,0.0,45,0.8,33,58,0,0,따뜻함,보통
2025-04-04 15:00,2025-04-04,15,4,봄,10.7,6.4,0.0,0.0,84,5.7,48,72,0,0,선선함,나쁨
2025-04-04 16:00,2025-04-04,16,4,봄,18.9,17.8,0.0,0.0,47,1.2,27,49,0,0,따뜻함,보통
2025-04-04 17:00,2025-04-04,17,4,봄,18.8,17.1,0.0,0.0,80,1.5,47,95,0,0,따뜻함,나쁨
2025-04-04 18:00,2025-04-04,18,4,봄,10.2,8.8,0.0,0.0,52,2.7,35,76,0,0,선선함,보통
2025-04-04 19:00,2025-04-04,19,4,봄,15.5,14.3,0.0,0.0,80,1.6,36,78,0,0,따뜻함,나쁨
2025-04-04 20:00,2025-04-04,20,4,봄,7.9,4.5,0.0,0.0,66,5.4,50,87,0,0,쌀쌀함,나쁨
2025-04-04 21:00,2025-04-04,21,4,봄,8.3,5.7,0.0,0.0,84,4.1,61,120,0,0,선선함,나쁨
2025-04-04 22:00,2025-04-04,22,4,봄,5.6,0.4,0.0,0.0,72,8.0,39,73,0,0,쌀쌀함,나쁨
2025-04-04 23:00,2025-04-04,23,4,봄,9.3,7.4,0.0,0.0,62,3.6,42,81,0,0,선선함,나쁨
2025-04-05 00:00,2025-04-05,0,4,봄,9.5,5.4,0.0,0.0,61,5.9,20,30,0,0,선선함,보통
2025-04-05 01:00,2025-04-05,1,4,봄,6.4,4.8,0.0,0.0,79,3.6,35,60,0,0,쌀쌀함,보통
2025-04-05 02:00,2025-04-05,2,4,봄,8.1,5.7,0.0,0.0,32,2.7,54,97,0,0,선선함,나쁨
2025-04-05 03:00,2025-04-05,3,4,봄,12.3,10.3,0.0,0.0,48,2.8,51,76,0,0,선선함,나쁨
2025-04-05 04:00,2025-04-05,4,4,봄,8.3,4.4,0.0,0.0,72,5.1,37,63,0,0,선선함,나쁨
2025-04-05 05:00,2025-04-05,5,4,봄,11.0,7.7,0.0,0.0,63,5.0,47,95,0,0,선선함,나쁨
2025-04-05 06:00,2025-04-05,6,4,봄,15.0,11.8,0.0,0.0,89,5.5,58,95,0,0,따뜻함,나쁨
2025-04-05 07:00,2025-04-05,7,4,봄,18.5,13.6,0.0,0.0,72,7.0,45,78,0,0,따뜻함,나쁨
2025-04-05 08:00,2025-04-05,8,4,봄,13.0,12.3,0.0,0.0,89,1.2,52,108,0,0,선선함,나쁨
2025-04-05 09:00,2025-04-05,9,4,봄,19.7,17.7,0.0,0.0,82,3.1,36,72,0,0,따뜻함,나쁨
2025-04-05 10:00,2025-04-05,10,4,봄,19.5,14.2,0.0,0.0,39,7.5,55,108,0,0,따뜻함,나쁨
2025-04-05 11:00,2025-04-05,11,4,봄,15.6,14.2,0.0,0.0,43,2.7,46,100,0,0,따뜻함,나쁨
2025-04-05 12:00,2025-04-05,12,4,봄,19.5,17.9,0.0,0.0,85,2.8,39,62,0,0,따뜻함,나쁨
2025-04-05 13:00,2025-04-05,13,4,봄,20.5,18.1,4.2,0.0,35,3.1,41,69,1,0,따뜻함,나쁨
2025-04-05 14:00,2025-04-05,14,4,봄,19.5,15.0,0.0,0.0,34,7.9,61,107,0,0,따뜻함,나쁨
2025-04-05 15:00,2025-04-05,15,4,봄,18.7,17.7,0.0,0.0,55,1.0,31,48,0,0,따뜻함,보통
2025-04-05 16:00,2025-04-05,16,4,봄,15.0,10.9,0.0,0.0,90,7.6,53,114,0,0,따뜻함,나쁨
2025-04-05 17:00,2025-04-05,17,4,봄,15.3,13.4,0.0,0.0,32,2.9,55,95,0,0,따뜻함,나쁨
2025-04-05 18:00,2025-04-05,18,4,봄,11.7,7.3,0.0,0.0,54,5.8,35,71,0,0,선선함,보통
2025-04-05 19:00,2025-04-05,19,4,봄,13.2,12.8,0.0,0.0,52,0.7,66,143,0,0,선선함,나쁨
2025-04-05 20:00,2025-04-05,20,4,봄,8.8,5.6,0.0,0.0,36,4.9,61,106,0,0,선선함,나쁨
2025-04-05 21:00,2025-04-05,21,4,봄,5.0,2.8,0.0,0.0,71,3.3,28,55,0,0,쌀쌀함,보통
2025-04-05 22:00,2025-04-05,22,4,봄,4.4,-1.2,0.0,0.0,56,7.5,31,63,0,0,쌀쌀함,보통
2025-04-05 23:00,2025-04-05,23,4,봄,12.2,5.9,0.0,0.0,72,7.7,39,69,0,0,선선함,나쁨
2025-04-06 00:00,2025-04-06,0,4,봄,4.5,4.7,0.0,0.0,51,0.5,35,70,0,0,쌀쌀함,보통
2025-04-06 01:00,2025-04-06,1,4,봄,9.4,5.3,0.0,0.0,79,6.8,46,72,0,0,선선함,나쁨
2025-04-06 02:00,2025-04-06,2,4,봄,4.8,0.8,0.0,0.0,48,7.2,47,75,0,0,쌀쌀함,나쁨
2025-04-06 03:00,2025-04-06,3,4,봄,13.2,10.4,0.0,0.0,39,3.5,40,77,0,0,선선함,나쁨
2025-04-06 04:00,2025-04-06,4,4,봄,6.8,5.5,0.0,0.0,80,2.6,61,101,0,0,쌀쌀함,나쁨
2025-04-06 05:00,2025-04-06,5,4,봄,8.6,6.0,0.0,0.0,40,3.1,45,95,0,0,선선함,나쁨
2025-04-06 06:00,2025-04-06,6,4,봄,15.1,14.1,0.0,0.0,82,0.9,64,112,0,0,따뜻함,나쁨
2025-04-06 07:00,2025-04-06,7,4,봄,13.6,12.8,0.0,0.0,79,2.2,38,82,0,0,선선함,나쁨
2025-04-06 08:00,2025-04-06,8,4,봄,14.0,11.3,0.0,0.0,40,2.9,54,115,0,0,선선함,나쁨
2025-04-06 09:00,2025-04-06,9,4,봄,20.7,19.1,0.0,0.0,43,1.2,80,158,0,0,따뜻함,매우나쁨
2025-04-06 10:00,2025-04-06,10,4,봄,17.7,15.8,0.0,0.0,60,2.6,30,62,0,0,따뜻함,보통
2025-04-06 11:00,2025-04-06,11,4,봄,14.7,11.2,0.0,0.0,52,3.7,46,83,0,0,선선함,나쁨
2025-04-06 12:00,2025-04-06,12,4,봄,22.6,18.5,0.0,0.0,87,6.5,48,99,0,0,따뜻함,나쁨
2025-04-06 13:00,2025-04-06,13,4,봄,20.0,19.8,0.0,0.0,87,1.2,23,41,0,0,따뜻함,보통
2025-04-06 14:00,2025-04-06,14,4,봄,17.4,12.1,0.0,0.0,56,7.3,43,86,0,0,따뜻함,나쁨
2025-04-06 15:00,2025-04-06,15,4,봄,16.7,14.8,0.0,0.0,84,2.2,61,132,0,0,따뜻함,나쁨
2025-04-06 16:00,2025-04-06,16,4,봄,17.6,14.7,0.0,0.0,30,5.5,28,46,0,0,따뜻함,보통
2025-04-06 17:00,2025-04-06,17,4,봄,13.9,12.8,0.0,0.0,44,0.8,39,76,0,0,선선함,나쁨
2025-04-06 18:00,2025-04-06,18,4,봄,9.3,8.4,0.0,0.0,61,0.9,49,106,0,0,선선함,나쁨
2025-04-06 19:00,2025-04-06,19,4,봄,10.3,8.5,0.0,0.0,77,3.4,37,72,0,0,선선함,나쁨
2025-04-06 20:00,2025-04-06,20,4,봄,12.1,7.8,0.0,0.0,44,6.0,23,40,0,0,선선함,보통
2025-04-06 21:00,2025-04-06,21,4,봄,9.1,5.6,0.0,0.0,35,4.3,37,70,0,0,선선함,나쁨
2025-04-06 22:00,2025-04-06,22,4,봄,12.3,7.4,0.0,0.0,82,7.0,26,45,0,0,선선함,보통
2025-04-06 23:00,2025-04-06,23,4,봄,13.7,10.7,0.0,0.0,72,4.1,9,15,0,0,선선함,좋음
2025-04-07 00:00,2025-04-07,0,4,봄,14.6,9.8,0.0,0.0,80,6.3,32,58,0,0,선선함,보통
2025-04-07 01:00,2025-04-07,1,4,봄,7.3,5.8,0.0,0.0,83,1.8,30,64,0,0,쌀쌀함,보통
2025-04-07 02:00,2025-04-07,2,4,봄,12.6,10.2,0.0,0.0,55,3.1,18,35,0,0,선선함,보통
2025-04-07 03:00,2025-04-07,3,4,봄,6.3,5.9,0.0,0.0,60,1.2,53,98,0,0,쌀쌀함,나쁨
2025-04-07 04:00,2025-04-07,4,4,봄,6.8,3.0,0.0,0.0,67,5.5,42,68,0,0,쌀쌀함,나쁨
2025-04-07 05:00,2025-04-07,5,4,봄,9.0,4.9,0.0,0.0,41,5.9,62,109,0,0,선선함,나쁨
2025-04-07 06:00,2025-04-07,6,4,봄,10.4,5.9,0.0,0.0,61,6.3,48,104,0,0,선선함,나쁨
2025-04-07 07:00,2025-04-07,7,4,봄,17.6,13.6,0.0,0.0,69,5.9,57,114,0,0,따뜻함,나쁨
2025-04-07 08:00,2025-04-07,8,4,봄,19.0,13.7,0.0,0.0,61,6.1,44,83,0,0,따뜻함,나쁨
2025-04-07 09:00,2025-04-07,9,4,봄,11.0,5.2,0.0,0.0,46,6.7,36,61,0,0,선선함,나쁨
2025-04-07 10:00,2025-04-07,10,4,봄,14.6,8.8,0.0,0.0,41,7.9,25,38,0,0,선선함,보통
2025-04-07 11:00,2025-04-07,11,4,봄,16.3,10.8,0.0,0.0,66,7.4,37,62,0,0,따뜻함,나쁨
2025-04-07 12:00,2025-04-07,12,4,봄,17.3,16.1,0.0,0.0,75,1.5,38,65,0,0,따뜻함,나쁨
2025-04-07 13:00,2025-04-07,13,4,봄,22.3,19.6,0.0,0.0,49,4.4,51,98,0,0,따뜻함,나쁨
2025-04-07 14:00,2025-04-07,14,4,봄,17.9,17.1,0.0,0.0,49,1.3,47,101,0,0,따뜻함,나쁨
2025-04-07 15:00,2025-04-07,15,4,봄,16.9,16.6,0.0,0.0,61,0.7,54,93,0,0,따뜻함,나쁨
2025-04-07 16:00,2025-04-07,16,4,봄,15.5,13.6,0.0,0.0,90,1.2,43,91,0,0,따뜻함,나쁨
2025-04-07 17:00,2025-04-07,17,4,봄,11.4,8.5,0.0,0.0,41,4.9,48,101,0,0,선선함,나쁨
2025-04-07 18:00,2025-04-07,18,4,봄,11.8,7.2,0.0,0.0,86,6.3,38,68,0,0,선선함,나쁨
2025-04-07 19:00,2025-04-07,19,4,봄,8.2,4.9,0.0,0.0,71,5.9,38,81,0,0,선선함,나쁨
2025-04-07 20:00,2025-04-07,20,4,봄,8.3,5.8,0.0,0.0,75,4.2,31,57,0,0,선선함,보통
2025-04-07 21:00,2025-04-07,21,4,봄,11.1,7.8,0.0,0.0,72,5.1,39,66,0,0,선선함,나쁨
2025-04-07 22:00,2025-04-07,22,4,봄,8.0,6.7,0.0,0.0,65,1.4,53,100,0,0,선선함,나쁨
2025-04-07 23:00,2025-04-07,23,4,봄,10.7,8.3,0.0,0.0,37,2.4,20,43,0,0,선선함,보통
2025-04-08 00:00,2025-04-08,0,4,봄,6.8,4.7,0.0,0.0,80,3.8,64,135,0,0,쌀쌀함,나쁨
2025-04-08 01:00,2025-04-08,1,4,봄,7.7,7.8,0.0,0.0,49,0.7,33,57,0,0,쌀쌀함,보통
2025-04-08 02:00,2025-04-08,2,4,봄,10.4,6.3,0.0,0.0,35,6.1,26,55,0,0,선선함,보통
2025-04-08 03:00,2025-04-08,3,4,봄,12.0,10.4,0.0,0.0,47,1.6,25,39,0,0,선선함,보통
2025-04-08 04:00,2025-04-08,4,4,봄,8.2,4.1,0.0,0.0,54,5.9,36,75,0,0,선선함,나쁨
2025-04-08 05:00,2025-04-08,5,4,봄,9.7,9.4,0.0,0.0,30,1.4,65,135,0,0,선선함,나쁨
2025-04-08 06:00,2025-04-08,6,4,봄,13.1,9.6,0.0,0.0,87,4.7,50,88,0,0,선선함,나쁨
2025-04-08 07:00,2025-04-08,7,4,봄,18.9,16.4,0.0,0.0,67,4.1,24,51,0,0,따뜻함,보통
2025-04-08 08:00,2025-04-08,8,4,봄,11.9,11.2,0.0,0.0,75,1.5,27,57,0,0,선선함,보통
2025-04-08 09:00,2025-04-08,9,4,봄,10.5,8.6,0.0,0.0,38,3.1,37,80,0,0,선선함,나쁨
2025-04-08 10:00,2025-04-08,10,4,봄,19.4,17.5,0.0,0.0,75,1.8,43,82,0,0,따뜻함,나쁨
2025-04-08 11:00,2025-04-08,11,4,봄,22.9,20.8,0.0,0.0,46,2.5,52,86,0,0,따뜻함,나쁨
2025-04-08 12:00,2025-04-08,12,4,봄,14.0,12.7,0.0,0.0,39,1.6,75,148,0,0,선선함,나쁨
2025-04-08 13:00,2025-04-08,13,4,봄,13.8,10.2,0.0,0.0,38,5.4,33,52,0,0,선선함,보통
2025-04-08 14:00,2025-04-08,14,4,봄,12.8,9.7,0.0,0.0,43,4.1,48,84,0,0,선선함,나쁨
2025-04-08 15:00,2025-04-08,15,4,봄,12.4,8.8,0.0,0.0,43,5.2,43,74,0,0,선선함,나쁨
2025-04-08 16:00,2025-04-08,16,4,봄,12.2,7.8,0.0,0.0,32,5.6,57,94,0,0,선선함,나쁨
2025-04-08 17:00,2025-04-08,17,4,봄,18.8,18.0,0.0,0.0,84,0.8,52,85,0,0,따뜻함,나쁨
2025-04-08 18:00,2025-04-08,18,4,봄,9.0,6.1,0.0,0.0,39,4.0,32,61,0,0,선선함,보통
2025-04-08 19:00,2025-04-08,19,4,봄,12.4,8.6,0.0,0.0,85,6.1,18,28,0,0,선선함,보통
2025-04-08 20:00,2025-04-08,20,4,봄,11.5,8.5,0.0,0.0,79,4.4,52,79,0,0,선선함,나쁨
2025-04-08 21:00,2025-04-08,21,4,봄,8.4,4.0,0.0,0.0,61,6.4,23,34,0,0,선선함,보통
2025-04-08 22:00,2025-04-08,22,4,봄,11.5,9.3,0.0,0.0,68,2.8,39,60,0,0,선선함,나쁨
2025-04-08 23:00,2025-04-08,23,4,봄,10.1,6.8,0.0,0.0,54,5.5,53,101,0,0,선선함,나쁨
2025-04-09 00:00,2025-04-09,0,4,봄,2.4,1.0,0.0,0.0,73,2.1,25,48,0,0,쌀쌀함,보통
2025-04-09 01:00,2025-04-09,1,4,봄,4.2,2.6,0.0,0.0,57,3.5,38,58,0,0,쌀쌀함,나쁨
2025-04-09 02:00,2025-04-09,2,4,봄,11.0,8.9,2.5,0.0,56,2.8,34,62,1,0,선선함,보통
2025-04-09 03:00,2025-04-09,3,4,봄,10.1,6.7,0.0,0.0,32,5.2,79,123,0,0,선선함,매우나쁨
2025-04-09 04:00,2025-04-09,4,4,봄,15.6,10.8,0.0,0.0,81,6.7,41,79,0,0,따뜻함,나쁨
2025-04-09 05:00,2025-04-09,5,4,봄,9.8,5.3,0.0,0.0,89,7.0,22,41,0,0,선선함,보통
2025-04-09 06:00,2025-04-09,6,4,봄,8.6,4.3,0.0,0.0,75,5.3,38,71,0,0,선선함,나쁨
2025-04-09 07:00,2025-04-09,7,4,봄,11.8,10.6,0.0,0.0,33,1.2,30,60,0,0,선선함,보통
2025-04-09 08:00,2025-04-09,8,4,봄,14.2,11.5,0.0,0.0,36,3.5,69,136,0,0,선선함,나쁨
2025-04-09 09:00,2025-04-09,9,4,봄,18.6,16.7,0.0,0.0,35,3.0,18,32,0,0,따뜻함,보통
2025-04-09 10:00,2025-04-09,10,4,봄,21.3,20.4,0.0,0.0,46,1.9,21,45,0,0,따뜻함,보통
2025-04-09 11:00,2025-04-09,11,4,봄,16.0,11.3,0.0,0.0,60,6.1,58,112,0,0,따뜻함,나쁨
2025-04-09 12:00,2025-04-09,12,4,봄,17.6,15.3,0.0,0.0,45,3.9,42,83,0,0,따뜻함,나쁨
2025-04-09 13:00,2025-04-09,13,4,봄,18.0,15.3,0.0,0.0,38,2.9,45,68,0,0,따뜻함,나쁨
2025-04-09 14:00,2025-04-09,14,4,봄,20.4,18.0,0.0,0.0,86,2.8,62,130,0,0,따뜻함,나쁨
2025-04-09 15:00,2025-04-09,15,4,봄,22.1,18.6,0.0,0.0,54,5.0,66,137,0,0,따뜻함,나쁨
2025-04-09 16:00,2025-04-09,16,4,봄,13.5,12.0,0.0,0.0,35,1.1,56,110,0,0,선선함,나쁨
2025-04-09 17:00,2025-04-09,17,4,봄,10.2,8.8,0.0,0.0,83,1.6,25,49,0,0,선선함,보통
2025-04-09 18:00,2025-04-09,18,4,봄,9.0,5.1,0.0,0.0,43,5.9,34,51,0,0,선선함,보통
2025-04-09 19:00,2025-04-09,19,4,봄,14.3,10.5,0.0,0.0,87,5.8,50,101,0,0,선선함,나쁨
2025-04-09 20:00,2025-04-09,20,4,봄,9.3,3.9,0.0,0.0,77,6.9,65,114,0,0,선선함,나쁨
2025-04-09 21:00,2025-04-09,21,4,봄,6.4,4.2,0.0,0.0,36,3.7,25,45,0,0,쌀쌀함,보통
2025-04-09 22:00,2025-04-09,22,4,봄,9.8,8.4,0.0,0.0,57,2.0,26,39,0,0,선선함,보통
2025-04-09 23:00,2025-04-09,23,4,봄,6.1,4.4,0.0,0.0,81,1.9,53,98,0,0,쌀쌀함,나쁨
2025-04-10 00:00,2025-04-10,0,4,봄,2.2,2.0,0.0,0.0,56,0.9,29,62,0,0,쌀쌀함,보통
2025-04-10 01:00,2025-04-10,1,4,봄,6.4,5.5,0.0,0.0,37,2.4,25,41,0,0,쌀쌀함,보통
2025-04-10 02:00,2025-04-10,2,4,봄,4.7,2.2,0.0,0.0,45,3.7,44,76,0,0,쌀쌀함,나쁨
2025-04-10 03:00,2025-04-10,3,4,봄,7.6,4.0,0.0,0.0,55,5.5,40,80,0,0,쌀쌀함,나쁨
2025-04-10 04:00,2025-04-10,4,4,봄,15.5,14.2,0.0,0.0,65,2.3,36,66,0,0,따뜻함,나쁨
2025-04-10 05:00,2025-04-10,5,4,봄,9.2,5.4,0.0,0.0,42,6.1,19,34,0,0,선선함,보통
2025-04-10 06:00,2025-04-10,6,4,봄,11.2,10.5,0.0,0.0,49,1.2,19,41,0,0,선선함,보통
2025-04-10 07:00,2025-04-10,7,4,봄,11.7,10.8,0.0,0.0,53,1.7,39,65,0,0,선선함,나쁨
2025-04-10 08:00,2025-04-10,8,4,봄,19.6,17.6,0.0,0.0,63,1.8,51,106,0,0,따뜻함,나쁨
2025-04-10 09:00,2025-04-10,9,4,봄,18.5,15.5,0.0,0.0,86,5.4,30,47,0,0,따뜻함,보통
2025-04-10 10:00,2025-04-10,10,4,봄,18.7,18.7,0.0,0.0,76,1.0,58,95,0,0,따뜻함,나쁨
2025-04-10 11:00,2025-04-10,11,4,봄,18.8,17.8,0.0,0.0,62,0.9,63,123,0,0,따뜻함,나쁨
2025-04-10 12:00,2025-04-10,12,4,봄,17.2,12.6,0.0,0.0,70,5.7,48,96,0,0,따뜻함,나쁨
2025-04-10 13:00,2025-04-10,13,4,봄,17.7,15.8,0.0,0.0,50,2.7,19,40,0,0,따뜻함,보통
2025-04-10 14:00,2025-04-10,14,4,봄,20.2,14.3,0.0,0.0,50,8.0,39,85,0,0,따뜻함,나쁨
2025-04-10 15:00,2025-04-10,15,4,봄,12.0,10.7,0.0,0.0,47,1.8,68,120,0,0,선선함,나쁨
2025-04-10 16:00,2025-04-10,16,4,봄,12.5,7.0,0.0,0.0,88,6.8,24,44,0,0,선선함,보통
2025-04-10 17:00,2025-04-10,17,4,봄,10.7,6.8,0.0,0.0,30,6.3,47,95,0,0,선선함,나쁨
2025-04-10 18:00,2025-04-10,18,4,봄,16.9,14.7,0.0,0.0,45,2.3,22,45,0,0,따뜻함,보통
2025-04-10 19:00,2025-04-10,19,4,봄,6.8,3.6,0.0,0.0,77,4.8,46,87,0,0,쌀쌀함,나쁨
2025-04-10 20:00,2025-04-10,20,4,봄,11.8,8.0,0.0,0.0,34,5.7,56,87,0,0,선선함,나쁨
2025-04-10 21:00,2025-04-10,21,4,봄,4.3,2.5,0.0,0.0,51,3.6,30,45,0,0,쌀쌀함,보통
2025-04-10 22:00,2025-04-10,22,4,봄,7.9,4.2,0.0,0.0,59,5.8,27,53,0,0,쌀쌀함,보통
2025-04-10 23:00,2025-04-10,23,4,봄,4.4,0.2,0.0,0.0,87,5.1,35,67,0,0,쌀쌀함,보통
2025-04-11 00:00,2025-04-11,0,4,봄,10.3,7.1,0.0,0.0,87,4.3,37,68,0,0,선선함,나쁨
2025-04-11 01:00,2025-04-11,1,4,봄,11.2,9.7,0.0,0.0,34,3.3,36,74,0,0,선선함,나쁨
2025-04-11 02:00,2025-04-11,2,4,봄,8.1,3.4,0.0,0.0,56,7.3,68,148,0,0,선선함,나쁨
2025-04-11 03:00,2025-04-11,3,4,봄,5.3,3.2,0.0,0.0,89,2.0,40,61,0,0,쌀쌀함,나쁨
2025-04-11 04:00,2025-04-11,4,4,봄,6.3,5.3,0.0,0.0,87,1.1,39,75,0,0,쌀쌀함,나쁨
2025-04-11 05:00,2025-04-11,5,4,봄,8.7,5.6,0.0,0.0,45,5.1,23,38,0,0,선선함,보통
2025-04-11 06:00,2025-04-11,6,4,봄,12.1,9.9,0.0,0.0,43,2.7,27,58,0,0,선선함,보통
2025-04-11 07:00,2025-04-11,7,4,봄,9.6,8.2,0.0,0.0,30,2.1,39,64,0,0,선선함,나쁨
2025-04-11 08:00,2025-04-11,8,4,봄,19.6,16.0,0.0,0.0,83,4.5,16,33,0,0,따뜻함,보통
2025-04-11 09:00,2025-04-11,9,4,봄,14.7,12.5,0.0,0.0,87,2.8,52,84,0,0,선선함,나쁨
2025-04-11 10:00,2025-04-11,10,4,봄,20.6,16.3,0.0,0.0,68,5.2,49,92,0,0,따뜻함,나쁨
2025-04-11 11:00,2025-04-11,11,4,봄,18.2,15.4,0.0,0.0,48,4.1,43,78,0,0,따뜻함,나쁨
2025-04-11 12:00,2025-04-11,12,4,봄,21.9,21.1,0.0,0.0,68,1.5,48,82,0,0,따뜻함,나쁨
2025-04-11 13:00,2025-04-11,13,4,봄,19.6,17.4,0.0,0.0,43,3.3,26,40,0,0,따뜻함,보통
2025-04-11 14:00,2025-04-11,14,4,봄,16.5,12.4,0.0,0.0,56,6.2,41,84,0,0,따뜻함,나쁨
2025-04-11 15:00,2025-04-11,15,4,봄,15.6,14.3,0.0,0.0,88,2.8,16,25,0,0,따뜻함,보통
2025-04-11 16:00,2025-04-11,16,4,봄,19.5,17.8,0.0,0.0,33,1.2,38,78,0,0,따뜻함,나쁨
2025-04-11 17:00,2025-04-11,17,4,봄,18.6,13.2,0.0,0.0,32,7.7,29,43,0,0,따뜻함,보통
2025-04-11 18:00,2025-04-11,18,4,봄,10.6,9.8,0.0,0.0,87,1.9,55,117,0,0,선선함,나쁨
2025-04-11 19:00,2025-04-11,19,4,봄,9.7,7.6,0.0,0.0,68,3.4,51,99,0,0,선선함,나쁨
2025-04-11 20:00,2025-04-11,20,4,봄,7.1,1.5,0.0,0.0,38,7.0,44,91,0,0,쌀쌀함,나쁨
2025-04-11 21:00,2025-04-11,21,4,봄,4.4,-0.2,0.0,0.0,86,4.5,47,81,0,0,쌀쌀함,나쁨
2025-04-11 22:00,2025-04-11,22,4,봄,11.3,7.5,0.0,0.0,55,5.4,36,69,0,0,선선함,나쁨
2025-04-11 23:00,2025-04-11,23,4,봄,5.7,4.9,0.0,0.0,61,2.4,46,99,0,0,쌀쌀함,나쁨
2025-04-12 00:00,2025-04-12,0,4,봄,3.2,0.3,0.0,0.0,47,4.6,59,105,0,0,쌀쌀함,나쁨
2025-04-12 01:00,2025-04-12,1,4,봄,14.0,13.5,0.0,0.0,32,1.0,44,71,0,0,선선함,나쁨
2025-04-12 02:00,2025-04-12,2,4,봄,9.3,4.8,0.0,0.0,56,5.3,48,85,0,0,선선함,나쁨
2025-04-12 03:00,2025-04-12,3,4,봄,6.2,6.0,0.0,0.0,57,1.0,44,71,0,0,쌀쌀함,나쁨
2025-04-12 04:00,2025-04-12,4,4,봄,15.6,15.1,0.0,0.0,52,0.6,24,47,0,0,따뜻함,보통
2025-04-12 05:00,2025-04-12,5,4,봄,11.0,9.2,0.0,0.0,30,2.7,91,174,0,0,선선함,매우나쁨
2025-04-12 06:00,2025-04-12,6,4,봄,14.2,12.1,0.0,0.0,71,2.8,49,100,0,0,선선함,나쁨
2025-04-12 07:00,2025-04-12,7,4,봄,13.6,10.7,0.0,0.0,60,3.2,42,78,0,0,선선함,나쁨
2025-04-12 08:00,2025-04-12,8,4,봄,11.3,10.3,0.0,0.0,75,0.6,46,86,0,0,선선함,나쁨
2025-04-12 09:00,2025-04-12,9,4,봄,21.2,16.1,0.0,0.0,74,7.2,28,42,0,0,따뜻함,보통
2025-04-12 10:00,2025-04-12,10,4,봄,12.0,9.8,0.0,0.0,64,2.2,34,51,0,0,선선함,보통
2025-04-12 11:00,2025-04-12,11,4,봄,18.4,16.9,0.0,0.0,43,2.9,35,63,0,0,따뜻함,보통
2025-04-12 12:00,2025-04-12,12,4,봄,12.8,12.2,0.0,0.0,82,1.6,29,52,0,0,선선함,보통
2025-04-12 13:00,2025-04-12,13,4,봄,14.6,14.2,0.0,0.0,35,0.6,47,80,0,0,선선함,나쁨
2025-04-12 14:00,2025-04-12,14,4,봄,14.9,15.0,0.0,0.0,64,0.8,9,19,0,0,선선함,좋음
2025-04-12 15:00,2025-04-12,15,4,봄,11.6,9.1,0.0,0.0,85,4.7,32,58,0,0,선선함,보통
2025-04-12 16:00,2025-04-12,16,4,봄,13.9,12.4,0.0,0.0,67,1.4,31,56,0,0,선선함,보통
2025-04-12 17:00,2025-04-12,17,4,봄,14.5,9.9,0.0,0.0,69,6.2,42,90,0,0,선선함,나쁨
2025-04-12 18:00,2025-04-12,18,4,봄,18.7,13.7,0.0,0.0,82,5.7,49,83,0,0,따뜻함,나쁨
2025-04-12 19:00,2025-04-12,19,4,봄,13.4,9.9,0.0,0.0,75,4.9,20,37,0,0,선선함,보통
2025-04-12 20:00,2025-04-12,20,4,봄,5.1,-1.5,0.0,0.0,68,7.8,62,114,0,0,쌀쌀함,나쁨
2025-04-12 21:00,2025-04-12,21,4,봄,5.9,0.1,0.0,0.0,35,7.8,30,45,0,0,쌀쌀함,보통
2025-04-12 22:00,2025-04-12,22,4,봄,7.4,4.9,0.0,0.0,43,4.3,35,55,0,0,쌀쌀함,보통
2025-04-12 23:00,2025-04-12,23,4,봄,11.9,9.9,0.0,0.0,59,3.1,37,72,0,0,선선함,나쁨
2025-04-13 00:00,2025-04-13,0,4,봄,4.8,-1.1,0.0,0.0,40,7.3,41,76,0,0,쌀쌀함,나쁨
2025-04-13 01:00,2025-04-13,1,4,봄,12.7,8.6,0.0,0.0,47,6.6,64,113,0,0,선선함,나쁨
2025-04-13 02:00,2025-04-13,2,4,봄,8.9,4.9,0.0,0.0,41,4.9,51,104,0,0,선선함,나쁨
2025-04-13 03:00,2025-04-13,3,4,봄,7.9,4.2,0.0,0.0,84,5.6,20,40,0,0,쌀쌀함,보통
2025-04-13 04:00,2025-04-13,4,4,봄,15.3,10.2,0.0,0.0,43,6.3,31,58,0,0,따뜻함,보통
2025-04-13 05:00,2025-04-13,5,4,봄,9.8,8.9,0.0,0.0,45,1.3,18,31,0,0,선선함,보통
2025-04-13 06:00,2025-04-13,6,4,봄,9.9,6.6,0.0,0.0,59,4.9,49,88,0,0,선선함,나쁨
2025-04-13 07:00,2025-04-13,7,4,봄,18.1,17.4,0.0,0.0,70,0.7,44,80,0,0,따뜻함,나쁨
2025-04-13 08:00,2025-04-13,8,4,봄,20.6,18.9,0.0,0.0,59,3.2,54,109,0,0,따뜻함,나쁨
2025-04-13 09:00,2025-04-13,9,4,봄,18.5,14.9,0.0,0.0,69,4.9,54,94,0,0,따뜻함,나쁨
2025-04-13 10:00,2025-04-13,10,4,봄,15.1,11.0,0.0,0.0,54,6.6,45,74,0,0,따뜻함,나쁨
2025-04-13 11:00,2025-04-13,11,4,봄,13.2,9.4,0.0,0.0,63,6.0,56,84,0,0,선선함,나쁨
2025-04-13 12:00,2025-04-13,12,4,봄,15.5,12.0,0.0,0.0,52,5.2,26,52,0,0,따뜻함,보통
2025-04-13 13:00,2025-04-13,13,4,봄,18.9,17.7,0.0,0.0,41,0.9,59,109,0,0,따뜻함,나쁨
2025-04-13 14:00,2025-04-13,14,4,봄,21.7,20.2,1.9,0.0,58,2.5,40,72,1,0,따뜻함,나쁨
2025-04-13 15:00,2025-04-13,15,4,봄,11.5,8.8,0.0,0.0,33,4.0,58,93,0,0,선선함,나쁨
2025-04-13 16:00,2025-04-13,16,4,봄,17.2,11.9,0.0,0.0,46,6.4,20,42,0,0,따뜻함,보통
2025-04-13 17:00,2025-04-13,17,4,봄,18.4,15.1,0.0,0.0,46,3.8,26,44,0,0,따뜻함,보통
2025-04-13 18:00,2025-04-13,18,4,봄,16.1,15.7,0.0,0.0,45,1.5,10,18,0,0,따뜻함,좋음
2025-04-13 19:00,2025-04-13,19,4,봄,14.2,11.2,0.0,0.0,58,4.0,58,118,0,0,선선함,나쁨
2025-04-13 20:00,2025-04-13,20,4,봄,11.5,6.3,0.0,0.0,56,6.3,50,86,0,0,선선함,나쁨
2025-04-13 21:00,2025-04-13,21,4,봄,14.0,10.7,0.0,0.0,38,3.8,39,60,0,0,선선함,나쁨
2025-04-13 22:00,2025-04-13,22,4,봄,13.1,11.7,0.0,0.0,54,2.1,43,89,0,0,선선함,나쁨
2025-04-13 23:00,2025-04-13,23,4,봄,4.4,2.3,0.0,0.0,57,4.1,40,82,0,0,쌀쌀함,나쁨
2025-04-14 00:00,2025-04-14,0,4,봄,10.5,9.4,0.0,0.0,69,2.9,31,66,0,0,선선함,보통
2025-04-14 01:00,2025-04-14,1,4,봄,4.7,0.4,0.0,0.0,86,5.8,61,106,0,0,쌀쌀함,나쁨
2025-04-14 02:00,2025-04-14,2,4,봄,9.1,4.0,0.0,0.0,30,7.1,12,23,0,0,선선함,좋음
2025-04-14 03:00,2025-04-14,3,4,봄,12.7,8.8,0.0,0.0,55,5.3,11,23,0,0,선선함,좋음
2025-04-14 04:00,2025-04-14,4,4,봄,7.5,5.0,0.0,0.0,48,2.1,73,137,0,0,쌀쌀함,나쁨
2025-04-14 05:00,2025-04-14,5,4,봄,14.0,12.4,0.0,0.0,49,1.9,39,65,0,0,선선함,나쁨
2025-04-14 06:00,2025-04-14,6,4,봄,9.2,4.3,0.0,0.0,51,6.7,36,70,0,0,선선함,나쁨
2025-04-14 07:00,2025-04-14,7,4,봄,13.4,12.0,0.0,0.0,64,2.5,58,106,0,0,선선함,나쁨
2025-04-14 08:00,2025-04-14,8,4,봄,16.3,14.0,0.0,0.0,50,2.8,37,74,0,0,따뜻함,나쁨
2025-04-14 09:00,2025-04-14,9,4,봄,20.5,18.8,0.0,0.0,70,3.9,43,67,0,0,따뜻함,나쁨
2025-04-14 10:00,2025-04-14,10,4,봄,20.6,20.3,0.0,0.0,76,1.0,43,65,0,0,따뜻함,나쁨
2025-04-14 11:00,2025-04-14,11,4,봄,13.2,10.2,0.0,0.0,79,5.2,20,41,0,0,선선함,보통
2025-04-14 12:00,2025-04-14,12,4,봄,16.6,13.4,0.0,0.0,38,4.2,30,51,0,0,따뜻함,보통
2025-04-14 13:00,2025-04-14,13,4,봄,22.4,17.9,0.0,0.0,88,5.8,59,91,0,0,따뜻함,나쁨
2025-04-14 14:00,2025-04-14,14,4,봄,16.4,12.2,0.0,0.0,34,6.0,50,105,0,0,따뜻함,나쁨
2025-04-14 15:00,2025-04-14,15,4,봄,13.3,10.8,0.0,0.0,58,4.1,44,89,0,0,선선함,나쁨
2025-04-14 16:00,2025-04-14,16,4,봄,12.6,9.6,0.0,0.0,35,4.6,50,96,0,0,선선함,나쁨
2025-04-14 17:00,2025-04-14,17,4,봄,15.0,13.6,0.0,0.0,75,1.9,49,94,0,0,따뜻함,나쁨
2025-04-14 18:00,2025-04-14,18,4,봄,11.7,8.6,0.0,0.0,70,4.0,65,123,0,0,선선함,나쁨
2025-04-14 19:00,2025-04-14,19,4,봄,9.9,5.9,0.0,0.0,67,5.4,29,50,0,0,선선함,보통
2025-04-14 20:00,2025-04-14,20,4,봄,10.9,10.3,0.0,0.0,58,0.6,59,118,0,0,선선함,나쁨
2025-04-14 21:00,2025-04-14,21,4,봄,9.7,7.9,0.0,0.0,36,2.4,39,60,0,0,선선함,나쁨
2025-04-14 22:00,2025-04-14,22,4,봄,11.4,5.9,0.0,0.0,40,8.0,20,40,0,0,선선함,보통
2025-04-14 23:00,2025-04-14,23,4,봄,6.8,5.0,0.0,0.0,65,2.7,47,80,0,0,쌀쌀함,나쁨
2025-04-15 00:00,2025-04-15,0,4,봄,4.2,0.5,0.0,0.0,43,3.8,24,42,0,0,쌀쌀함,보통
2025-04-15 01:00,2025-04-15,1,4,봄,6.4,0.9,0.0,0.0,68,7.3,62,95,0,0,쌀쌀함,나쁨
2025-04-15 02:00,2025-04-15,2,4,봄,6.5,5.4,0.0,0.0,62,2.1,38,67,0,0,쌀쌀함,나쁨
2025-04-15 03:00,2025-04-15,3,4,봄,9.6,8.3,0.0,0.0,51,1.9,47,93,0,0,선선함,나쁨
2025-04-15 04:00,2025-04-15,4,4,봄,8.8,5.6,0.0,0.0,85,4.2,35,63,0,0,선선함,보통
2025-04-15 05:00,2025-04-15,5,4,봄,17.6,17.0,0.0,0.0,81,1.1,30,50,0,0,따뜻함,보통
2025-04-15 06:00,2025-04-15,6,4,봄,16.7,12.2,0.0,0.0,45,6.7,44,83,0,0,따뜻함,나쁨
2025-04-15 07:00,2025-04-15,7,4,봄,18.5,14.1,0.0,0.0,58,6.7,46,87,0,0,따뜻함,나쁨
2025-04-15 08:00,2025-04-15,8,4,봄,14.8,9.4,0.0,0.0,69,7.7,45,86,0,0,선선함,나쁨
2025-04-15 09:00,2025-04-15,9,4,봄,18.8,14.4,0.0,0.0,84,5.1,28,56,0,0,따뜻함,보통
2025-04-15 10:00,2025-04-15,10,4,봄,22.0,18.8,0.0,0.0,40,3.1,40,75,0,0,따뜻함,나쁨
2025-04-15 11:00,2025-04-15,11,4,봄,23.6,18.0,0.0,0.0,34,7.6,55,96,0,0,더움,나쁨
2025-04-15 12:00,2025-04-15,12,4,봄,21.4,16.4,0.0,0.0,33,7.2,9,15,0,0,따뜻함,좋음
2025-04-15 13:00,2025-04-15,13,4,봄,20.7,19.5,0.0,0.0,40,3.1,21,39,0,0,따뜻함,보통
2025-04-15 14:00,2025-04-15,14,4,봄,20.7,18.7,0.0,0.0,80,3.4,47,90,0,0,따뜻함,나쁨
2025-04-15 15:00,2025-04-15,15,4,봄,22.0,17.5,0.0,0.0,86,6.6,54,107,0,0,따뜻함,나쁨
2025-04-15 16:00,2025-04-15,16,4,봄,20.3,18.9,0.0,0.0,77,1.7,11,16,0,0,따뜻함,좋음
2025-04-15 17:00,2025-04-15,17,4,봄,9.0,2.9,0.0,0.0,49,7.9,30,65,0,0,선선함,보통
2025-04-15 18:00,2025-04-15,18,4,봄,9.5,4.6,0.0,0.0,77,6.5,36,74,0,0,선선함,나쁨
2025-04-15 19:00,2025-04-15,19,4,봄,15.0,13.6,0.0,0.0,63,1.7,11,20,0,0,따뜻함,좋음
2025-04-15 20:00,2025-04-15,20,4,봄,13.5,10.9,0.0,0.0,43,3.9,18,36,0,0,선선함,보통
2025-04-15 21:00,2025-04-15,21,4,봄,13.1,10.1,0.0,0.0,60,4.6,25,39,0,0,선선함,보통
2025-04-15 22:00,2025-04-15,22,4,봄,8.3,5.1,0.0,0.0,31,4.1,9,18,0,0,선선함,좋음
2025-04-15 23:00,2025-04-15,23,4,봄,12.4,10.9,0.0,0.0,50,2.7,26,50,0,0,선선함,보통
2025-04-16 00:00,2025-04-16,0,4,봄,8.3,7.1,0.0,0.0,44,1.1,92,173,0,0,선선함,매우나쁨
2025-04-16 01:00,2025-04-16,1,4,봄,2.5,-1.2,0.0,0.0,42,4.4,61,111,0,0,쌀쌀함,나쁨
2025-04-16 02:00,2025-04-16,2,4,봄,8.5,5.6,0.0,0.0,31,4.1,39,63,0,0,선선함,나쁨
2025-04-16 03:00,2025-04-16,3,4,봄,11.0,8.6,0.0,0.0,79,2.5,16,25,0,0,선선함,보통
2025-04-16 04:00,2025-04-16,4,4,봄,13.4,7.7,0.0,0.0,83,7.6,13,28,0,0,선선함,좋음
2025-04-16 05:00,2025-04-16,5,4,봄,11.1,10.2,0.0,0.0,89,1.6,25,48,0,0,선선함,보통
2025-04-16 06:00,2025-04-16,6,4,봄,9.0,6.2,0.0,0.0,37,3.9,30,63,0,0,선선함,보통
2025-04-16 07:00,2025-04-16,7,4,봄,14.2,13.4,0.0,0.0,42,1.6,19,32,0,0,선선함,보통
2025-04-16 08:00,2025-04-16,8,4,봄,17.2,11.3,0.0,0.0,49,7.4,22,43,0,0,따뜻함,보통
2025-04-16 09:00,2025-04-16,9,4,봄,12.0,11.3,0.0,0.0,43,1.7,19,36,0,0,선선함,보통
2025-04-16 10:00,2025-04-16,10,4,봄,16.3,12.5,0.0,0.0,62,4.4,33,54,0,0,따뜻함,보통
2025-04-16 11:00,2025-04-16,11,4,봄,16.8,12.2,0.0,0.0,45,6.7,49,77,0,0,따뜻함,나쁨
2025-04-16 12:00,2025-04-16,12,4,봄,19.3,18.3,0.0,0.0,44,1.4,59,107,0,0,따뜻함,나쁨
2025-04-16 13:00,2025-04-16,13,4,봄,13.7,8.5,0.0,0.0,56,7.9,5,8,0,0,선선함,좋음
2025-04-16 14:00,2025-04-16,14,4,봄,13.8,10.8,0.0,0.0,45,4.3,50,104,0,0,선선함,나쁨
2025-04-16 15:00,2025-04-16,15,4,봄,12.8,11.0,0.0,0.0,64,2.7,48,80,0,0,선선함,나쁨
2025-04-16 16:00,2025-04-16,16,4,봄,12.5,9.5,0.0,0.0,37,4.4,52,97,0,0,선선함,나쁨
2025-04-16 17:00,2025-04-16,17,4,봄,12.5,11.4,0.0,0.0,65,2.1,43,73,0,0,선선함,나쁨
2025-04-16 18:00,2025-04-16,18,4,봄,10.6,5.4,0.0,0.0,47,6.9,37,71,0,0,선선함,나쁨
2025-04-16 19:00,2025-04-16,19,4,봄,10.8,5.8,0.0,0.0,53,6.5,67,107,0,0,선선함,나쁨
2025-04-16 20:00,2025-04-16,20,4,봄,12.7,10.8,0.0,0.0,51,3.2,20,36,0,0,선선함,보통
2025-04-16 21:00,2025-04-16,21,4,봄,12.4,9.9,0.0,0.0,43,3.2,21,36,0,0,선선함,보통
2025-04-16 22:00,2025-04-16,22,4,봄,13.4,11.9,0.0,0.0,81,2.1,53,82,0,0,선선함,나쁨
2025-04-16 23:00,2025-04-16,23,4,봄,5.1,2.5,0.0,0.0,71,2.6,38,65,0,0,쌀쌀함,나쁨
2025-04-17 00:00,2025-04-17,0,4,봄,11.2,9.8,0.0,0.0,86,2.1,29,59,0,0,선선함,보통
2025-04-17 01:00,2025-04-17,1,4,봄,8.9,8.0,0.0,0.0,74,2.4,34,61,0,0,선선함,보통
2025-04-17 02:00,2025-04-17,2,4,봄,10.8,5.5,0.0,0.0,59,6.7,26,43,0,0,선선함,보통
2025-04-17 03:00,2025-04-17,3,4,봄,13.0,9.4,0.0,0.0,71,4.9,23,36,0,0,선선함,보통
2025-04-17 04:00,2025-04-17,4,4,봄,12.9,11.7,0.0,0.0,45,2.4,51,80,0,0,선선함,나쁨
2025-04-17 05:00,2025-04-17,5,4,봄,6.8,5.4,0.0,0.0,50,1.9,65,109,0,0,쌀쌀함,나쁨
2025-04-17 06:00,2025-04-17,6,4,봄,17.5,14.2,0.0,0.0,69,3.8,29,50,0,0,따뜻함,보통
2025-04-17 07:00,2025-04-17,7,4,봄,18.5,13.5,0.0,0.0,53,6.0,26,42,0,0,따뜻함,보통
2025-04-17 08:00,2025-04-17,8,4,봄,16.9,13.1,0.0,0.0,76,5.4,42,63,0,0,따뜻함,나쁨
2025-04-17 09:00,2025-04-17,9,4,봄,14.0,9.4,0.0,0.0,39,7.1,65,133,0,0,선선함,나쁨
2025-04-17 10:00,2025-04-17,10,4,봄,21.8,18.4,0.0,0.0,40,5.1,40,72,0,0,따뜻함,나쁨
2025-04-17 11:00,2025-04-17,11,4,봄,18.1,12.2,0.0,0.0,89,7.8,35,65,0,0,따뜻함,보통
2025-04-17 12:00,2025-04-17,12,4,봄,18.6,13.4,0.0,0.0,42,6.7,50,99,0,0,따뜻함,나쁨
2025-04-17 13:00,2025-04-17,13,4,봄,22.9,18.2,0.0,0.0,33,8.0,54,106,0,0,따뜻함,나쁨
2025-04-17 14:00,2025-04-17,14,4,봄,21.7,20.6,0.0,0.0,88,2.6,31,61,0,0,따뜻함,보통
2025-04-17 15:00,2025-04-17,15,4,봄,20.3,16.0,0.0,0.0,85,6.4,52,105,0,0,따뜻함,나쁨
2025-04-17 16:00,2025-04-17,16,4,봄,11.9,9.5,0.0,0.0,32,3.4,40,70,0,0,선선함,나쁨
2025-04-17 17:00,2025-04-17,17,4,봄,11.4,6.8,0.0,0.0,74,5.5,24,50,0,0,선선함,보통
2025-04-17 18:00,2025-04-17,18,4,봄,8.9,7.0,0.0,0.0,35,3.2,48,84,0,0,선선함,나쁨
2025-04-17 19:00,2025-04-17,19,4,봄,8.4,6.2,0.0,0.0,37,3.1,27,43,0,0,선선함,보통
2025-04-17 20:00,2025-04-17,20,4,봄,4.4,0.6,0.0,0.0,71,7.8,55,113,0,0,쌀쌀함,나쁨
2025-04-17 21:00,2025-04-17,21,4,봄,5.8,1.0,0.0,0.0,54,6.2,35,76,0,0,쌀쌀함,보통
2025-04-17 22:00,2025-04-17,22,4,봄,9.1,7.1,0.0,0.0,54,2.4,43,92,0,0,선선함,나쁨
2025-04-17 23:00,2025-04-17,23,4,봄,12.3,7.2,0.0,0.0,46,7.6,39,60,0,0,선선함,나쁨
2025-04-18 00:00,2025-04-18,0,4,봄,4.2,3.3,0.0,0.0,35,1.4,30,46,0,0,쌀쌀함,보통
2025-04-18 01:00,2025-04-18,1,4,봄,11.3,9.6,0.0,0.0,53,1.8,5,9,0,0,선선함,좋음
2025-04-18 02:00,2025-04-18,2,4,봄,11.7,9.7,0.0,0.0,85,3.0,26,48,0,0,선선함,보통
2025-04-18 03:00,2025-04-18,3,4,봄,12.6,13.1,0.0,0.0,65,0.6,24,37,0,0,선선함,보통
2025-04-18 04:00,2025-04-18,4,4,봄,7.3,2.0,0.0,0.0,36,7.9,17,36,0,0,쌀쌀함,보통
2025-04-18 05:00,2025-04-18,5,4,봄,6.3,1.6,0.0,0.0,78,6.6,12,23,0,0,쌀쌀함,좋음
2025-04-18 06:00,2025-04-18,6,4,봄,9.2,5.4,0.0,0.0,90,5.5,48,84,0,0,선선함,나쁨
2025-04-18 07:00,2025-04-18,7,4,봄,16.8,14.1,0.0,0.0,40,3.8,35,74,0,0,따뜻함,보통
2025-04-18 08:00,2025-04-18,8,4,봄,15.9,12.9,0.0,0.0,56,5.2,5,8,0,0,따뜻함,좋음
2025-04-18 09:00,2025-04-18,9,4,봄,15.9,9.8,0.0,0.0,64,7.9,47,91,0,0,따뜻함,나쁨
2025-04-18 10:00,2025-04-18,10,4,봄,16.9,13.2,0.0,0.0,89,5.1,6,9,0,0,따뜻함,좋음
2025-04-18 11:00,2025-04-18,11,4,봄,13.9,8.9,0.0,0.0,64,6.4,40,61,0,0,선선함,나쁨
2025-04-18 12:00,2025-04-18,12,4,봄,19.3,18.1,0.0,0.0,43,1.7,34,73,0,0,따뜻함,보통
2025-04-18 13:00,2025-04-18,13,4,봄,17.7,15.0,0.0,0.0,51,4.2,46,94,0,0,따뜻함,나쁨
2025-04-18 14:00,2025-04-18,14,4,봄,13.0,9.2,0.0,0.0,78,5.5,52,82,0,0,선선함,나쁨
2025-04-18 15:00,2025-04-18,15,4,봄,13.5,8.9,0.0,0.0,75,5.7,59,112,0,0,선선함,나쁨
2025-04-18 16:00,2025-04-18,16,4,봄,19.8,19.5,0.0,0.0,72,0.7,51,102,0,0,따뜻함,나쁨
2025-04-18 17:00,2025-04-18,17,4,봄,14.2,13.0,0.0,0.0,40,1.6,34,67,0,0,선선함,보통
2025-04-18 18:00,2025-04-18,18,4,봄,13.0,11.4,0.0,0.0,41,2.8,16,31,0,0,선선함,보통
2025-04-18 19:00,2025-04-18,19,4,봄,8.2,2.4,0.0,0.0,34,7.2,37,73,0,0,선선함,나쁨
2025-04-18 20:00,2025-04-18,20,4,봄,9.7,4.9,0.0,0.0,78,5.6,44,70,0,0,선선함,나쁨
2025-04-18 21:00,2025-04-18,21,4,봄,8.1,3.9,0.0,0.0,87,5.3,43,78,0,0,선선함,나쁨
2025-04-18 22:00,2025-04-18,22,4,봄,8.6,8.6,0.0,0.0,87,1.5,18,37,0,0,선선함,보통
2025-04-18 23:00,2025-04-18,23,4,봄,7.2,3.7,0.0,0.0,89,4.1,43,67,0,0,쌀쌀함,나쁨
2025-04-19 00:00,2025-04-19,0,4,봄,5.4,4.6,0.0,0.0,86,1.2,34,67,0,0,쌀쌀함,보통
2025-04-19 01:00,2025-04-19,1,4,봄,3.8,-0.1,0.0,0.0,62,6.0,68,130,0,0,쌀쌀함,나쁨
2025-04-19 02:00,2025-04-19,2,4,봄,5.3,0.8,0.0,0.0,54,5.5,46,98,0,0,쌀쌀함,나쁨
2025-04-19 03:00,2025-04-19,3,4,봄,7.6,4.4,0.0,0.0,37,3.3,42,71,0,0,쌀쌀함,나쁨
2025-04-19 04:00,2025-04-19,4,4,봄,13.9,13.7,0.0,0.0,55,1.3,58,99,0,0,선선함,나쁨
2025-04-19 05:00,2025-04-19,5,4,봄,9.3,3.9,0.0,0.0,57,7.7,70,129,0,0,선선함,나쁨
2025-04-19 06:00,2025-04-19,6,4,봄,9.6,7.7,0.0,0.0,35,3.8,55,98,0,0,선선함,나쁨
2025-04-19 07:00,2025-04-19,7,4,봄,8.7,7.7,0.0,0.0,42,1.0,33,49,0,0,선선함,보통
2025-04-19 08:00,2025-04-19,8,4,봄,15.7,14.6,0.0,0.0,56,2.0,43,77,0,0,따뜻함,나쁨
2025-04-19 09:00,2025-04-19,9,4,봄,15.2,10.5,0.0,0.0,80,5.8,48,102,0,0,따뜻함,나쁨
2025-04-19 10:00,2025-04-19,10,4,봄,16.5,12.3,0.0,0.0,43,7.4,29,54,0,0,따뜻함,보통
2025-04-19 11:00,2025-04-19,11,4,봄,15.2,12.6,0.0,0.0,47,4.1,60,113,0,0,따뜻함,나쁨
2025-04-19 12:00,2025-04-19,12,4,봄,17.7,13.5,0.0,0.0,67,7.0,11,18,0,0,따뜻함,좋음
2025-04-19 13:00,2025-04-19,13,4,봄,15.3,12.1,0.0,0.0,81,3.9,31,56,0,0,따뜻함,보통
2025-04-19 14:00,2025-04-19,14,4,봄,13.4,12.3,0.0,0.0,76,1.0,22,41,0,0,선선함,보통
2025-04-19 15:00,2025-04-19,15,4,봄,12.8,10.2,0.0,0.0,82,2.8,35,59,0,0,선선함,보통
2025-04-19 16:00,2025-04-19,16,4,봄,13.0,7.7,0.0,0.0,57,7.0,33,69,0,0,선선함,보통
2025-04-19 17:00,2025-04-19,17,4,봄,13.5,10.3,0.0,0.0,63,5.9,38,69,0,0,선선함,나쁨
2025-04-19 18:00,2025-04-19,18,4,봄,12.1,6.5,0.0,0.0,78,6.6,48,93,0,0,선선함,나쁨
2025-04-19 19:00,2025-04-19,19,4,봄,9.2,8.6,0.0,0.0,67,0.6,27,47,0,0,선선함,보통
2025-04-19 20:00,2025-04-19,20,4,봄,5.7,4.1,0.0,0.0,55,3.3,44,73,0,0,쌀쌀함,나쁨
2025-04-19 21:00,2025-04-19,21,4,봄,15.0,10.5,0.0,0.0,78,6.5,9,17,0,0,따뜻함,좋음
2025-04-19 22:00,2025-04-19,22,4,봄,12.4,9.6,0.0,0.0,42,4.9,43,88,0,0,선선함,나쁨
2025-04-19 23:00,2025-04-19,23,4,봄,11.4,9.4,0.0,0.0,34,3.0,49,77,0,0,선선함,나쁨
2025-04-20 00:00,2025-04-20,0,4,봄,8.9,7.9,0.0,0.0,52,1.9,44,96,0,0,선선함,나쁨
2025-04-20 01:00,2025-04-20,1,4,봄,5.4,0.8,0.0,0.0,84,6.1,46,90,0,0,쌀쌀함,나쁨
2025-04-20 02:00,2025-04-20,2,4,봄,13.7,10.8,0.0,0.0,35,3.7,43,90,0,0,선선함,나쁨
2025-04-20 03:00,2025-04-20,3,4,봄,5.0,3.8,0.0,0.0,50,2.1,24,38,0,0,쌀쌀함,보통
2025-04-20 04:00,2025-04-20,4,4,봄,8.0,6.9,0.0,0.0,42,1.5,16,25,0,0,선선함,보통
2025-04-20 05:00,2025-04-20,5,4,봄,7.6,4.7,0.0,0.0,88,4.1,27,46,0,0,쌀쌀함,보통
2025-04-20 06:00,2025-04-20,6,4,봄,13.1,11.6,0.0,0.0,52,1.4,39,72,0,0,선선함,나쁨
2025-04-20 07:00,2025-04-20,7,4,봄,17.5,15.1,0.0,0.0,64,2.1,15,24,0,0,따뜻함,좋음
2025-04-20 08:00,2025-04-20,8,4,봄,16.6,11.4,0.0,0.0,47,5.8,22,41,0,0,따뜻함,보통
2025-04-20 09:00,2025-04-20,9,4,봄,17.1,13.5,0.0,0.0,50,5.5,21,39,0,0,따뜻함,보통
2025-04-20 10:00,2025-04-20,10,4,봄,16.6,11.8,0.0,0.0,33,6.7,39,60,0,0,따뜻함,나쁨
2025-04-20 11:00,2025-04-20,11,4,봄,13.4,8.5,0.0,0.0,38,6.8,51,82,0,0,선선함,나쁨
2025-04-20 12:00,2025-04-20,12,4,봄,18.4,17.1,0.0,0.0,59,1.4,22,36,0,0,따뜻함,보통
2025-04-20 13:00,2025-04-20,13,4,봄,21.4,20.7,0.0,0.0,80,1.3,17,26,0,0,따뜻함,보통
2025-04-20 14:00,2025-04-20,14,4,봄,15.2,10.3,0.0,0.0,90,6.6,38,63,0,0,따뜻함,나쁨
2025-04-20 15:00,2025-04-20,15,4,봄,16.3,15.6,0.0,0.0,47,0.9,5,7,0,0,따뜻함,좋음
2025-04-20 16:00,2025-04-20,16,4,봄,15.0,10.2,0.0,0.0,66,6.5,43,73,0,0,따뜻함,나쁨
2025-04-20 17:00,2025-04-20,17,4,봄,15.1,10.3,0.0,0.0,54,7.0,17,32,0,0,따뜻함,보통
2025-04-20 18:00,2025-04-20,18,4,봄,15.0,11.3,0.0,0.0,37,5.7,24,39,0,0,따뜻함,보통
2025-04-20 19:00,2025-04-20,19,4,봄,12.3,8.9,0.0,0.0,73,4.2,21,33,0,0,선선함,보통
2025-04-20 20:00,2025-04-20,20,4,봄,14.5,9.7,0.0,0.0,35,5.9,28,45,0,0,선선함,보통
2025-04-20 21:00,2025-04-20,21,4,봄,7.9,7.2,0.0,0.0,64,0.7,63,101,0,0,쌀쌀함,나쁨
2025-04-20 22:00,2025-04-20,22,4,봄,4.6,1.6,0.0,0.0,75,4.8,40,62,0,0,쌀쌀함,나쁨
2025-04-20 23:00,2025-04-20,23,4,봄,7.6,5.3,0.0,0.0,88,3.3,38,67,0,0,쌀쌀함,나쁨
2025-04-21 00:00,2025-04-21,0,4,봄,10.8,5.3,0.0,0.0,51,6.8,44,72,0,0,선선함,나쁨
2025-04-21 01:00,2025-04-21,1,4,봄,9.8,4.4,0.0,0.0,49,6.9,20,31,0,0,선선함,보통
2025-04-21 02:00,2025-04-21,2,4,봄,13.9,9.7,0.0,0.0,46,6.0,54,83,0,0,선선함,나쁨
2025-04-21 03:00,2025-04-21,3,4,봄,11.5,8.0,0.0,0.0,39,4.9,47,84,0,0,선선함,나쁨
2025-04-21 04:00,2025-04-21,4,4,봄,9.7,6.2,0.2,0.0,74,5.0,12,26,1,0,선선함,좋음
2025-04-21 05:00,2025-04-21,5,4,봄,13.7,13.0,0.0,0.0,74,1.2,14,30,0,0,선선함,좋음
2025-04-21 06:00,2025-04-21,6,4,봄,15.1,11.9,0.0,0.0,83,4.2,29,52,0,0,따뜻함,보통
2025-04-21 07:00,2025-04-21,7,4,봄,9.4,4.9,0.0,0.0,76,6.7,39,83,0,0,선선함,나쁨
2025-04-21 08:00,2025-04-21,8,4,봄,14.4,11.3,0.0,0.0,54,3.7,59,120,0,0,선선함,나쁨
2025-04-21 09:00,2025-04-21,9,4,봄,14.7,10.5,0.0,0.0,46,5.4,60,90,0,0,선선함,나쁨
2025-04-21 10:00,2025-04-21,10,4,봄,14.0,9.5,0.0,0.0,48,6.7,38,70,0,0,선선함,나쁨
2025-04-21 11:00,2025-04-21,11,4,봄,14.3,9.1,0.0,0.0,54,7.6,31,47,0,0,선선함,보통
2025-04-21 12:00,2025-04-21,12,4,봄,11.4,6.0,0.0,0.0,76,7.5,54,92,0,0,선선함,나쁨
2025-04-21 13:00,2025-04-21,13,4,봄,15.6,13.2,0.0,0.0,36,3.2,54,82,0,0,따뜻함,나쁨
2025-04-21 14:00,2025-04-21,14,4,봄,15.1,12.5,0.0,0.0,45,3.3,62,126,0,0,따뜻함,나쁨
2025-04-21 15:00,2025-04-21,15,4,봄,21.4,19.7,0.0,0.0,41,3.0,41,74,0,0,따뜻함,나쁨
2025-04-21 16:00,2025-04-21,16,4,봄,16.6,16.2,0.0,0.0,54,2.0,24,41,0,0,따뜻함,보통
2025-04-21 17:00,2025-04-21,17,4,봄,17.5,12.6,0.0,0.0,33,7.6,17,37,0,0,따뜻함,보통
2025-04-21 18:00,2025-04-21,18,4,봄,16.5,11.3,0.0,0.0,31,6.4,45,97,0,0,따뜻함,나쁨
2025-04-21 19:00,2025-04-21,19,4,봄,9.4,8.3,0.0,0.0,37,0.7,31,64,0,0,선선함,보통
2025-04-21 20:00,2025-04-21,20,4,봄,12.2,7.9,0.0,0.0,86,6.8,31,66,0,0,선선함,보통
2025-04-21 21:00,2025-04-21,21,4,봄,8.7,6.7,0.0,0.0,75,3.1,25,42,0,0,선선함,보통
2025-04-21 22:00,2025-04-21,22,4,봄,14.6,10.4,0.0,0.0,72,5.5,25,54,0,0,선선함,보통
2025-04-21 23:00,2025-04-21,23,4,봄,4.1,3.2,0.0,0.0,77,1.0,41,84,0,0,쌀쌀함,나쁨
2025-04-22 00:00,2025-04-22,0,4,봄,5.9,5.0,0.0,0.0,81,1.9,36,62,0,0,쌀쌀함,나쁨
2025-04-22 01:00,2025-04-22,1,4,봄,6.3,5.5,0.0,0.0,77,1.4,42,81,0,0,쌀쌀함,나쁨
2025-04-22 02:00,2025-04-22,2,4,봄,8.1,2.7,0.0,0.0,72,7.8,31,65,0,0,선선함,보통
2025-04-22 03:00,2025-04-22,3,4,봄,9.8,8.7,0.0,0.0,59,0.5,44,83,0,0,선선함,나쁨
2025-04-22 04:00,2025-04-22,4,4,봄,10.2,5.9,0.0,0.0,30,6.6,67,108,0,0,선선함,나쁨
2025-04-22 05:00,2025-04-22,5,4,봄,9.9,6.5,0.0,0.0,37,4.3,32,55,0,0,선선함,보통
2025-04-22 06:00,2025-04-22,6,4,봄,15.4,14.9,0.0,0.0,67,1.7,39,70,0,0,따뜻함,나쁨
2025-04-22 07:00,2025-04-22,7,4,봄,19.7,14.7,0.0,0.0,32,7.4,59,99,0,0,따뜻함,나쁨
2025-04-22 08:00,2025-04-22,8,4,봄,11.5,6.7,0.0,0.0,36,7.1,34,64,0,0,선선함,보통
2025-04-22 09:00,2025-04-22,9,4,봄,19.3,19.2,0.0,0.0,36,0.7,44,89,0,0,따뜻함,나쁨
2025-04-22 10:00,2025-04-22,10,4,봄,15.5,13.8,0.0,0.0,37,2.5,36,61,0,0,따뜻함,나쁨
2025-04-22 11:00,2025-04-22,11,4,봄,17.9,12.4,0.0,0.0,78,7.5,17,33,0,0,따뜻함,보통
2025-04-22 12:00,2025-04-22,12,4,봄,16.9,15.3,0.0,0.0,53,1.5,51,107,0,0,따뜻함,나쁨
2025-04-22 13:00,2025-04-22,13,4,봄,19.8,15.6,0.0,0.0,68,5.2,53,80,0,0,따뜻함,나쁨
2025-04-22 14:00,2025-04-22,14,4,봄,19.2,16.1,0.0,0.0,88,4.0,34,52,0,0,따뜻함,보통
2025-04-22 15:00,2025-04-22,15,4,봄,15.7,11.7,0.0,0.0,45,6.1,44,94,0,0,따뜻함,나쁨
2025-04-22 16:00,2025-04-22,16,4,봄,20.2,19.9,0.0,0.0,87,1.0,46,71,0,0,따뜻함,나쁨
2025-04-22 17:00,2025-04-22,17,4,봄,17.4,16.1,0.0,0.0,54,2.6,43,80,0,0,따뜻함,나쁨
2025-04-22 18:00,2025-04-22,18,4,봄,14.8,13.6,0.0,0.0,70,1.1,61,115,0,0,선선함,나쁨
2025-04-22 19:00,2025-04-22,19,4,봄,13.6,13.4,0.0,0.0,63,0.9,61,102,0,0,선선함,나쁨
2025-04-22 20:00,2025-04-22,20,4,봄,12.3,6.5,0.0,0.0,75,7.9,54,98,0,0,선선함,나쁨
2025-04-22 21:00,2025-04-22,21,4,봄,10.9,5.5,0.0,0.0,54,7.2,5,9,0,0,선선함,좋음
2025-04-22 22:00,2025-04-22,22,4,봄,9.4,6.8,0.0,0.0,74,3.9,46,99,0,0,선선함,나쁨
2025-04-22 23:00,2025-04-22,23,4,봄,7.2,3.6,0.0,0.0,63,5.3,64,97,0,0,쌀쌀함,나쁨
2025-04-23 00:00,2025-04-23,0,4,봄,9.8,8.0,0.0,0.0,31,2.2,16,26,0,0,선선함,보통
2025-04-23 01:00,2025-04-23,1,4,봄,9.1,6.6,0.0,0.0,82,3.7,32,54,0,0,선선함,보통
2025-04-23 02:00,2025-04-23,2,4,봄,13.3,9.8,0.0,0.0,68,4.7,33,59,0,0,선선함,보통
2025-04-23 03:00,2025-04-23,3,4,봄,9.5,8.2,0.0,0.0,55,1.8,33,61,0,0,선선함,보통
2025-04-23 04:00,2025-04-23,4,4,봄,8.2,5.9,0.0,0.0,35,3.6,36,68,0,0,선선함,나쁨
2025-04-23 05:00,2025-04-23,5,4,봄,16.5,13.6,0.0,0.0,84,3.8,38,71,0,0,따뜻함,나쁨
2025-04-23 06:00,2025-04-23,6,4,봄,13.8,10.3,0.0,0.0,83,6.1,30,45,0,0,선선함,보통
2025-04-23 07:00,2025-04-23,7,4,봄,12.2,11.8,0.0,0.0,77,1.1,59,114,0,0,선선함,나쁨
2025-04-23 08:00,2025-04-23,8,4,봄,11.8,10.4,0.0,0.0,62,2.0,32,49,0,0,선선함,보통
2025-04-23 09:00,2025-04-23,9,4,봄,21.5,19.6,0.0,0.0,57,1.9,43,90,0,0,따뜻함,나쁨
2025-04-23 10:00,2025-04-23,10,4,봄,23.8,19.5,0.0,0.0,31,6.7,44,91,0,0,더움,나쁨
2025-04-23 11:00,2025-04-23,11,4,봄,14.3,12.8,0.0,0.0,82,3.1,17,25,0,0,선선함,보통
2025-04-23 12:00,2025-04-23,12,4,봄,17.9,15.9,0.0,0.0,31,3.8,31,52,0,0,따뜻함,보통
2025-04-23 13:00,2025-04-23,13,4,봄,18.9,15.9,0.0,0.0,76,3.5,53,116,0,0,따뜻함,나쁨
2025-04-23 14:00,2025-04-23,14,4,봄,14.3,9.9,0.0,0.0,61,7.0,23,38,0,0,선선함,보통
2025-04-23 15:00,2025-04-23,15,4,봄,12.6,12.1,0.0,0.0,32,2.1,55,112,0,0,선선함,나쁨
2025-04-23 16:00,2025-04-23,16,4,봄,17.3,14.4,0.0,0.0,77,4.3,31,54,0,0,따뜻함,보통
2025-04-23 17:00,2025-04-23,17,4,봄,15.9,13.2,0.0,0.0,83,3.1,49,84,0,0,따뜻함,나쁨
2025-04-23 18:00,2025-04-23,18,4,봄,14.2,12.6,0.0,0.0,56,2.9,37,67,0,0,선선함,나쁨
2025-04-23 19:00,2025-04-23,19,4,봄,12.2,7.2,0.0,0.0,39,6.5,49,92,0,0,선선함,나쁨
2025-04-23 20:00,2025-04-23,20,4,봄,16.3,14.1,0.0,0.0,34,3.1,19,41,0,0,따뜻함,보통
2025-04-23 21:00,2025-04-23,21,4,봄,9.4,5.4,0.0,0.0,72,5.6,30,51,0,0,선선함,보통
2025-04-23 22:00,2025-04-23,22,4,봄,5.9,4.2,0.0,0.0,40,3.0,27,50,0,0,쌀쌀함,보통
2025-04-23 23:00,2025-04-23,23,4,봄,11.4,9.3,0.0,0.0,49,3.4,73,121,0,0,선선함,나쁨
2025-04-24 00:00,2025-04-24,0,4,봄,11.6,7.3,0.0,0.0,63,5.6,55,88,0,0,선선함,나쁨
2025-04-24 01:00,2025-04-24,1,4,봄,4.9,4.5,0.0,0.0,66,2.2,51,96,0,0,쌀쌀함,나쁨
2025-04-24 02:00,2025-04-24,2,4,봄,12.4,9.1,0.0,0.0,90,4.5,44,81,0,0,선선함,나쁨
2025-04-24 03:00,2025-04-24,3,4,봄,9.1,4.3,0.0,0.0,78,6.8,31,57,0,0,선선함,보통
2025-04-24 04:00,2025-04-24,4,4,봄,11.3,5.8,0.0,0.0,85,6.8,45,92,0,0,선선함,나쁨
2025-04-24 05:00,2025-04-24,5,4,봄,9.6,5.6,0.0,0.0,71,5.1,56,85,0,0,선선함,나쁨
2025-04-24 06:00,2025-04-24,6,4,봄,8.2,5.2,0.0,0.0,65,4.8,51,83,0,0,선선함,나쁨
2025-04-24 07:00,2025-04-24,7,4,봄,13.0,11.4,0.0,0.0,51,1.7,46,94,0,0,선선함,나쁨
2025-04-24 08:00,2025-04-24,8,4,봄,17.1,11.4,0.0,0.0,90,7.8,47,92,0,0,따뜻함,나쁨
2025-04-24 09:00,2025-04-24,9,4,봄,11.9,6.7,6.9,0.0,37,6.3,19,29,1,0,선선함,보통
2025-04-24 10:00,2025-04-24,10,4,봄,22.1,19.6,0.0,0.0,48,2.9,15,27,0,0,따뜻함,좋음
2025-04-24 11:00,2025-04-24,11,4,봄,14.2,12.9,0.0,0.0,62,1.1,44,83,0,0,선선함,나쁨
2025-04-24 12:00,2025-04-24,12,4,봄,15.4,13.5,0.0,0.0,58,3.2,42,89,0,0,따뜻함,나쁨
2025-04-24 13:00,2025-04-24,13,4,봄,19.2,17.1,0.0,0.0,86,4.1,6,10,0,0,따뜻함,좋음
2025-04-24 14:00,2025-04-24,14,4,봄,18.2,16.9,0.0,0.0,50,1.4,26,44,0,0,따뜻함,보통
2025-04-24 15:00,2025-04-24,15,4,봄,15.6,13.6,0.0,0.0,72,2.5,22,39,0,0,따뜻함,보통
2025-04-24 16:00,2025-04-24,16,4,봄,19.7,18.4,0.0,0.0,55,2.2,65,120,0,0,따뜻함,나쁨
2025-04-24 17:00,2025-04-24,17,4,봄,14.1,10.6,0.0,0.0,34,5.6,73,160,0,0,선선함,나쁨
2025-04-24 18:00,2025-04-24,18,4,봄,11.0,7.3,0.0,0.0,87,6.3,31,65,0,0,선선함,보통
2025-04-24 19:00,2025-04-24,19,4,봄,7.3,6.1,0.0,0.0,62,0.9,17,31,0,0,쌀쌀함,보통
2025-04-24 20:00,2025-04-24,20,4,봄,11.9,8.4,0.0,0.0,57,5.0,41,66,0,0,선선함,나쁨
2025-04-24 21:00,2025-04-24,21,4,봄,12.5,9.5,0.0,0.0,47,4.4,20,36,0,0,선선함,보통
2025-04-24 22:00,2025-04-24,22,4,봄,11.2,5.8,0.0,0.0,45,7.7,43,76,0,0,선선함,나쁨
2025-04-24 23:00,2025-04-24,23,4,봄,8.7,7.7,0.0,0.0,68,0.8,11,19,0,0,선선함,좋음
2025-04-25 00:00,2025-04-25,0,4,봄,10.7,6.9,0.0,0.0,68,4.3,42,81,0,0,선선함,나쁨
2025-04-25 01:00,2025-04-25,1,4,봄,11.5,9.0,0.0,0.0,80,3.7,38,74,0,0,선선함,나쁨
2025-04-25 02:00,2025-04-25,2,4,봄,6.8,5.5,0.0,0.0,36,1.3,50,107,0,0,쌀쌀함,나쁨
2025-04-25 03:00,2025-04-25,3,4,봄,10.0,10.4,0.0,0.0,53,1.1,47,96,0,0,선선함,나쁨
2025-04-25 04:00,2025-04-25,4,4,봄,12.0,6.2,0.0,0.0,85,7.4,25,46,0,0,선선함,보통
2025-04-25 05:00,2025-04-25,5,4,봄,13.6,12.8,0.0,0.0,33,1.7,71,111,0,0,선선함,나쁨
2025-04-25 06:00,2025-04-25,6,4,봄,8.5,6.2,0.0,0.0,82,4.3,29,53,0,0,선선함,보통
2025-04-25 07:00,2025-04-25,7,4,봄,13.0,11.4,0.0,0.0,32,1.3,34,60,0,0,선선함,보통
2025-04-25 08:00,2025-04-25,8,4,봄,13.7,10.4,0.0,0.0,33,3.7,46,87,0,0,선선함,나쁨
2025-04-25 09:00,2025-04-25,9,4,봄,18.4,14.7,0.0,0.0,59,5.5,38,57,0,0,따뜻함,나쁨
2025-04-25 10:00,2025-04-25,10,4,봄,15.2,10.9,0.0,0.0,69,6.2,48,79,0,0,따뜻함,나쁨
2025-04-25 11:00,2025-04-25,11,4,봄,16.9,14.9,0.0,0.0,37,2.0,50,103,0,0,따뜻함,나쁨
2025-04-25 12:00,2025-04-25,12,4,봄,16.1,14.9,0.0,0.0,41,0.9,26,51,0,0,따뜻함,보통
2025-04-25 13:00,2025-04-25,13,4,봄,11.9,8.1,0.0,0.0,63,4.2,25,40,0,0,선선함,보통
2025-04-25 14:00,2025-04-25,14,4,봄,19.4,17.7,0.0,0.0,73,3.9,11,18,0,0,따뜻함,좋음
2025-04-25 15:00,2025-04-25,15,4,봄,22.0,19.9,0.0,0.0,70,3.1,17,29,0,0,따뜻함,보통
2025-04-25 16:00,2025-04-25,16,4,봄,16.3,9.8,0.0,0.0,55,7.8,45,84,0,0,따뜻함,나쁨
2025-04-25 17:00,2025-04-25,17,4,봄,19.5,14.1,0.0,0.0,52,6.6,33,66,0,0,따뜻함,보통
2025-04-25 18:00,2025-04-25,18,4,봄,12.4,8.2,0.0,0.0,89,6.0,29,61,0,0,선선함,보통
2025-04-25 19:00,2025-04-25,19,4,봄,10.9,8.3,0.0,0.0,30,2.7,35,63,0,0,선선함,보통
2025-04-25 20:00,2025-04-25,20,4,봄,12.9,8.3,0.0,0.0,33,7.7,50,101,0,0,선선함,나쁨
2025-04-25 21:00,2025-04-25,21,4,봄,12.9,10.3,0.0,0.0,77,4.4,35,71,0,0,선선함,보통
2025-04-25 22:00,2025-04-25,22,4,봄,7.2,7.1,0.0,0.0,69,1.0,45,87,0,0,쌀쌀함,나쁨
2025-04-25 23:00,2025-04-25,23,4,봄,4.3,0.0,0.0,0.0,80,6.0,39,69,0,0,쌀쌀함,나쁨
2025-04-26 00:00,2025-04-26,0,4,봄,8.4,3.4,0.0,0.0,63,7.2,43,90,0,0,선선함,나쁨
2025-04-26 01:00,2025-04-26,1,4,봄,9.3,4.5,0.0,0.0,71,7.6,56,118,0,0,선선함,나쁨
2025-04-26 02:00,2025-04-26,2,4,봄,11.4,7.3,0.0,0.0,90,5.9,20,43,0,0,선선함,보통
2025-04-26 03:00,2025-04-26,3,4,봄,11.5,10.5,0.0,0.0,75,2.3,61,128,0,0,선선함,나쁨
2025-04-26 04:00,2025-04-26,4,4,봄,9.1,6.2,0.0,0.0,51,5.8,15,31,0,0,선선함,좋음
2025-04-26 05:00,2025-04-26,5,4,봄,9.0,7.0,0.0,0.0,59,4.7,14,22,0,0,선선함,좋음
2025-04-26 06:00,2025-04-26,6,4,봄,13.9,11.6,0.0,0.0,68,2.4,57,106,0,0,선선함,나쁨
2025-04-26 07:00,2025-04-26,7,4,봄,13.7,12.3,0.0,0.0,72,2.0,18,28,0,0,선선함,보통
2025-04-26 08:00,2025-04-26,8,4,봄,18.9,14.5,0.0,0.0,59,7.2,59,90,0,0,따뜻함,나쁨
2025-04-26 09:00,2025-04-26,9,4,봄,12.5,7.0,0.0,0.0,74,7.2,43,83,0,0,선선함,나쁨
2025-04-26 10:00,2025-04-26,10,4,봄,22.0,15.9,0.0,0.0,75,7.8,35,59,0,0,따뜻함,보통
2025-04-26 11:00,2025-04-26,11,4,봄,15.7,10.6,0.0,0.0,84,6.7,28,58,0,0,따뜻함,보통
2025-04-26 12:00,2025-04-26,12,4,봄,18.4,14.0,0.0,0.0,30,6.6,67,129,0,0,따뜻함,나쁨
2025-04-26 13:00,2025-04-26,13,4,봄,16.5,11.7,0.0,0.0,61,4.6,19,30,0,0,따뜻함,보통
2025-04-26 14:00,2025-04-26,14,4,봄,21.5,20.8,0.0,0.0,66,0.9,71,113,0,0,따뜻함,나쁨
2025-04-26 15:00,2025-04-26,15,4,봄,11.2,7.4,0.0,0.0,68,4.5,31,57,0,0,선선함,보통
2025-04-26 16:00,2025-04-26,16,4,봄,15.1,12.2,0.0,0.0,86,4.1,58,111,0,0,따뜻함,나쁨
2025-04-26 17:00,2025-04-26,17,4,봄,18.2,16.5,0.0,0.0,79,3.8,58,106,0,0,따뜻함,나쁨
2025-04-26 18:00,2025-04-26,18,4,봄,10.7,7.7,0.0,0.0,73,3.0,28,47,0,0,선선함,보통
2025-04-26 19:00,2025-04-26,19,4,봄,14.5,13.3,0.0,0.0,35,2.4,60,127,0,0,선선함,나쁨
2025-04-26 20:00,2025-04-26,20,4,봄,15.5,12.1,0.0,0.0,84,4.9,48,92,0,0,따뜻함,나쁨
2025-04-26 21:00,2025-04-26,21,4,봄,11.2,6.2,0.0,0.0,86,6.3,45,95,0,0,선선함,나쁨
2025-04-26 22:00,2025-04-26,22,4,봄,5.9,2.8,0.0,0.0,50,4.0,43,87,0,0,쌀쌀함,나쁨
2025-04-26 23:00,2025-04-26,23,4,봄,3.5,0.5,0.0,0.0,38,4.2,5,8,0,0,쌀쌀함,좋음
2025-04-27 00:00,2025-04-27,0,4,봄,3.0,1.1,0.0,0.0,63,2.5,35,63,0,0,쌀쌀함,보통
2025-04-27 01:00,2025-04-27,1,4,봄,9.0,6.2,0.0,0.0,88,3.6,9,17,0,0,선선함,좋음
2025-04-27 02:00,2025-04-27,2,4,봄,6.9,4.9,0.0,0.0,59,2.7,30,64,0,0,쌀쌀함,보통
2025-04-27 03:00,2025-04-27,3,4,봄,15.5,10.6,0.0,0.0,80,6.2,32,58,0,0,따뜻함,보통
2025-04-27 04:00,2025-04-27,4,4,봄,5.6,4.5,0.0,0.0,43,0.9,6,11,0,0,쌀쌀함,좋음
2025-04-27 05:00,2025-04-27,5,4,봄,7.0,3.7,0.0,0.0,52,4.8,42,85,0,0,쌀쌀함,나쁨
2025-04-27 06:00,2025-04-27,6,4,봄,13.8,11.8,0.0,0.0,42,2.7,34,74,0,0,선선함,보통
2025-04-27 07:00,2025-04-27,7,4,봄,14.5,9.3,0.0,0.0,39,7.0,38,59,0,0,선선함,나쁨
2025-04-27 08:00,2025-04-27,8,4,봄,15.2,12.4,0.0,0.0,51,3.9,13,25,0,0,따뜻함,좋음
2025-04-27 09:00,2025-04-27,9,4,봄,16.1,13.1,0.0,0.0,78,4.8,14,25,0,0,따뜻함,좋음
2025-04-27 10:00,2025-04-27,10,4,봄,17.3,16.1,0.0,0.0,34,2.3,64,124,0,0,따뜻함,나쁨
2025-04-27 11:00,2025-04-27,11,4,봄,15.2,13.2,0.0,0.0,62,2.8,62,121,0,0,따뜻함,나쁨
2025-04-27 12:00,2025-04-27,12,4,봄,23.2,21.7,0.0,0.0,58,0.7,62,134,0,0,더움,나쁨
2025-04-27 13:00,2025-04-27,13,4,봄,20.3,16.3,0.0,0.0,30,6.8,56,87,0,0,따뜻함,나쁨
2025-04-27 14:00,2025-04-27,14,4,봄,18.8,13.5,0.0,0.0,87,7.5,62,93,0,0,따뜻함,나쁨
2025-04-27 15:00,2025-04-27,15,4,봄,20.3,17.2,0.0,0.0,60,4.8,66,121,0,0,따뜻함,나쁨
2025-04-27 16:00,2025-04-27,16,4,봄,17.5,15.8,0.0,0.0,32,2.1,9,16,0,0,따뜻함,좋음
2025-04-27 17:00,2025-04-27,17,4,봄,8.5,4.4,0.0,0.0,70,6.3,17,34,0,0,선선함,보통
2025-04-27 18:00,2025-04-27,18,4,봄,13.9,9.8,0.0,0.0,74,6.3,50,81,0,0,선선함,나쁨
2025-04-27 19:00,2025-04-27,19,4,봄,9.4,8.7,0.0,0.0,86,0.8,51,78,0,0,선선함,나쁨
2025-04-27 20:00,2025-04-27,20,4,봄,7.1,1.9,0.0,0.0,71,7.1,41,65,0,0,쌀쌀함,나쁨
2025-04-27 21:00,2025-04-27,21,4,봄,9.5,6.3,0.0,0.0,78,4.4,43,87,0,0,선선함,나쁨
2025-04-27 22:00,2025-04-27,22,4,봄,5.2,1.6,0.0,0.0,49,5.4,53,98,0,0,쌀쌀함,나쁨
2025-04-27 23:00,2025-04-27,23,4,봄,5.7,3.8,0.0,0.0,42,2.5,17,32,0,0,쌀쌀함,보통
2025-04-28 00:00,2025-04-28,0,4,봄,10.0,6.3,0.0,0.0,85,5.4,31,57,0,0,선선함,보통
2025-04-28 01:00,2025-04-28,1,4,봄,9.7,7.1,0.0,0.0,53,4.8,25,49,0,0,선선함,보통
2025-04-28 02:00,2025-04-28,2,4,봄,8.7,6.9,0.0,0.0,40,2.7,56,85,0,0,선선함,나쁨
2025-04-28 03:00,2025-04-28,3,4,봄,7.6,7.1,0.0,0.0,51,0.7,34,67,0,0,쌀쌀함,보통
2025-04-28 04:00,2025-04-28,4,4,봄,8.9,5.2,0.0,0.0,84,6.0,45,67,0,0,선선함,나쁨
2025-04-28 05:00,2025-04-28,5,4,봄,15.4,10.9,0.0,0.0,66,7.0,35,71,0,0,따뜻함,보통
2025-04-28 06:00,2025-04-28,6,4,봄,15.8,12.0,0.0,0.0,84,5.7,48,77,0,0,따뜻함,나쁨
2025-04-28 07:00,2025-04-28,7,4,봄,17.0,16.2,0.0,0.0,37,1.0,73,148,0,0,따뜻함,나쁨
2025-04-28 08:00,2025-04-28,8,4,봄,19.1,16.5,0.0,0.0,59,4.4,44,84,0,0,따뜻함,나쁨
2025-04-28 09:00,2025-04-28,9,4,봄,17.4,13.1,0.0,0.0,85,5.6,15,32,0,0,따뜻함,좋음
2025-04-28 10:00,2025-04-28,10,4,봄,13.5,9.6,0.0,0.0,57,6.6,16,28,0,0,선선함,보통
2025-04-28 11:00,2025-04-28,11,4,봄,17.8,16.0,0.0,0.0,39,2.7,19,29,0,0,따뜻함,보통
2025-04-28 12:00,2025-04-28,12,4,봄,21.4,19.1,0.0,0.0,74,1.0,52,97,0,0,따뜻함,나쁨
2025-04-28 13:00,2025-04-28,13,4,봄,14.6,11.2,0.0,0.0,81,6.0,34,63,0,0,선선함,보통
2025-04-28 14:00,2025-04-28,14,4,봄,20.1,15.8,0.0,0.0,31,6.4,30,51,0,0,따뜻함,보통
2025-04-28 15:00,2025-04-28,15,4,봄,12.6,11.3,0.0,0.0,35,1.8,33,52,0,0,선선함,보통
2025-04-28 16:00,2025-04-28,16,4,봄,16.4,11.8,0.0,0.0,44,6.1,47,97,0,0,따뜻함,나쁨
2025-04-28 17:00,2025-04-28,17,4,봄,14.2,8.7,1.8,0.0,45,7.5,37,76,1,0,선선함,나쁨
2025-04-28 18:00,2025-04-28,18,4,봄,10.9,8.7,0.0,0.0,40,3.0,50,99,0,0,선선함,나쁨
2025-04-28 19:00,2025-04-28,19,4,봄,8.9,5.5,0.0,0.0,43,5.3,45,72,0,0,선선함,나쁨
2025-04-28 20:00,2025-04-28,20,4,봄,13.8,9.1,0.0,0.0,80,6.5,41,71,0,0,선선함,나쁨
2025-04-28 21:00,2025-04-28,21,4,봄,10.3,7.2,0.0,0.0,81,5.1,48,105,0,0,선선함,나쁨
2025-04-28 22:00,2025-04-28,22,4,봄,7.9,4.3,0.0,0.0,79,6.2,36,67,0,0,쌀쌀함,나쁨
2025-04-28 23:00,2025-04-28,23,4,봄,7.7,2.0,0.0,0.0,30,6.7,44,71,0,0,쌀쌀함,나쁨
2025-04-29 00:00,2025-04-29,0,4,봄,6.9,1.8,0.0,0.0,75,7.4,36,59,0,0,쌀쌀함,나쁨
2025-04-29 01:00,2025-04-29,1,4,봄,12.7,7.2,0.0,0.0,46,7.2,28,50,0,0,선선함,보통
2025-04-29 02:00,2025-04-29,2,4,봄,7.1,5.6,0.0,0.0,61,1.8,21,35,0,0,쌀쌀함,보통
2025-04-29 03:00,2025-04-29,3,4,봄,11.0,6.8,0.0,0.0,71,6.4,36,67,0,0,선선함,나쁨
2025-04-29 04:00,2025-04-29,4,4,봄,8.0,3.2,0.0,0.0,90,6.6,51,84,0,0,선선함,나쁨
2025-04-29 05:00,2025-04-29,5,4,봄,12.7,11.3,0.0,0.0,49,1.2,18,38,0,0,선선함,보통
2025-04-29 06:00,2025-04-29,6,4,봄,13.5,11.9,0.0,0.0,61,2.5,51,102,0,0,선선함,나쁨
2025-04-29 07:00,2025-04-29,7,4,봄,15.8,12.6,0.0,0.0,37,4.6,45,89,0,0,따뜻함,나쁨
2025-04-29 08:00,2025-04-29,8,4,봄,17.1,12.8,0.0,0.0,71,6.4,67,124,0,0,따뜻함,나쁨
2025-04-29 09:00,2025-04-29,9,4,봄,20.7,17.6,0.0,0.0,69,4.1,37,76,0,0,따뜻함,나쁨
2025-04-29 10:00,2025-04-29,10,4,봄,15.0,13.6,0.0,0.0,46,1.4,48,104,0,0,따뜻함,나쁨
2025-04-29 11:00,2025-04-29,11,4,봄,22.9,20.0,0.0,0.0,64,4.4,22,34,0,0,따뜻함,보통
2025-04-29 12:00,2025-04-29,12,4,봄,18.3,14.1,0.0,0.0,32,6.0,49,104,0,0,따뜻함,나쁨
2025-04-29 13:00,2025-04-29,13,4,봄,19.8,15.4,0.0,0.0,68,6.7,49,100,0,0,따뜻함,나쁨
2025-04-29 14:00,2025-04-29,14,4,봄,19.1,18.0,0.0,0.0,37,1.5,74,130,0,0,따뜻함,나쁨
2025-04-29 15:00,2025-04-29,15,4,봄,15.8,10.8,0.0,0.0,87,6.5,39,73,0,0,따뜻함,나쁨
2025-04-29 16:00,2025-04-29,16,4,봄,20.4,18.9,0.0,0.0,61,1.4,31,54,0,0,따뜻함,보통
2025-04-29 17:00,2025-04-29,17,4,봄,15.6,11.5,0.5,0.0,43,6.1,42,78,1,0,따뜻함,나쁨
2025-04-29 18:00,2025-04-29,18,4,봄,7.7,4.3,0.0,0.0,46,4.7,40,85,0,0,쌀쌀함,나쁨
2025-04-29 19:00,2025-04-29,19,4,봄,12.9,10.1,0.0,0.0,44,4.6,39,75,0,0,선선함,나쁨
2025-04-29 20:00,2025-04-29,20,4,봄,6.6,2.7,0.0,0.0,33,6.1,29,58,0,0,쌀쌀함,보통
2025-04-29 21:00,2025-04-29,21,4,봄,13.2,7.4,0.0,0.0,80,7.4,35,53,0,0,선선함,보통
2025-04-29 22:00,2025-04-29,22,4,봄,10.8,8.9,0.0,0.0,75,2.5,54,83,0,0,선선함,나쁨
2025-04-29 23:00,2025-04-29,23,4,봄,3.2,-0.0,0.0,0.0,30,3.6,34,52,0,0,쌀쌀함,보통
2025-04-30 00:00,2025-04-30,0,4,봄,4.4,0.0,0.0,0.0,56,6.8,39,77,0,0,쌀쌀함,나쁨
2025-04-30 01:00,2025-04-30,1,4,봄,2.6,-1.0,0.0,0.0,39,4.4,51,99,0,0,쌀쌀함,나쁨
2025-04-30 02:00,2025-04-30,2,4,봄,8.2,5.3,0.0,0.0,77,2.8,37,80,0,0,선선함,나쁨
2025-04-30 03:00,2025-04-30,3,4,봄,8.7,5.2,0.0,0.0,87,4.8,18,31,0,0,선선함,보통
2025-04-30 04:00,2025-04-30,4,4,봄,12.4,11.1,0.0,0.0,63,2.2,61,125,0,0,선선함,나쁨
2025-04-30 05:00,2025-04-30,5,4,봄,10.3,9.5,0.0,0.0,78,1.9,20,39,0,0,선선함,보통
2025-04-30 06:00,2025-04-30,6,4,봄,17.0,15.9,0.0,0.0,35,2.0,25,40,0,0,따뜻함,보통
2025-04-30 07:00,2025-04-30,7,4,봄,19.2,17.0,0.0,0.0,59,3.0,46,90,0,0,따뜻함,나쁨
2025-04-30 08:00,2025-04-30,8,4,봄,10.2,8.8,0.0,0.0,32,2.3,25,51,0,0,선선함,보통
2025-04-30 09:00,2025-04-30,9,4,봄,20.4,20.7,0.0,0.0,41,0.5,22,34,0,0,따뜻함,보통
2025-04-30 10:00,2025-04-30,10,4,봄,17.0,15.0,0.0,0.0,86,2.0,27,41,0,0,따뜻함,보통
2025-04-30 11:00,2025-04-30,11,4,봄,17.8,14.9,0.0,0.0,69,4.7,46,86,0,0,따뜻함,나쁨
2025-04-30 12:00,2025-04-30,12,4,봄,21.1,16.8,0.0,0.0,32,4.8,40,87,0,0,따뜻함,나쁨
2025-04-30 13:00,2025-04-30,13,4,봄,12.5,8.5,0.0,0.0,45,4.8,34,55,0,0,선선함,보통
2025-04-30 14:00,2025-04-30,14,4,봄,17.3,13.3,0.0,0.0,38,4.9,71,151,0,0,따뜻함,나쁨
2025-04-30 15:00,2025-04-30,15,4,봄,21.2,17.7,0.0,0.0,90,4.6,48,84,0,0,따뜻함,나쁨
2025-04-30 16:00,2025-04-30,16,4,봄,16.0,11.4,0.0,0.0,86,6.5,36,62,0,0,따뜻함,나쁨
2025-04-30 17:00,2025-04-30,17,4,봄,17.9,13.8,0.0,0.0,86,5.6,25,42,0,0,따뜻함,보통
2025-04-30 18:00,2025-04-30,18,4,봄,17.4,14.2,0.0,0.0,33,4.2,42,88,0,0,따뜻함,나쁨
2025-04-30 19:00,2025-04-30,19,4,봄,16.8,14.4,0.0,0.0,41,4.9,46,90,0,0,따뜻함,나쁨
2025-04-30 20:00,2025-04-30,20,4,봄,7.7,6.7,0.0,0.0,53,2.3,16,25,0,0,쌀쌀함,보통
2025-04-30 21:00,2025-04-30,21,4,봄,11.7,5.8,0.0,0.0,77,7.0,57,91,0,0,선선함,나쁨
2025-04-30 22:00,2025-04-30,22,4,봄,12.3,9.9,0.0,0.0,43,3.8,41,89,0,0,선선함,나쁨
2025-04-30 23:00,2025-04-30,23,4,봄,5.1,-0.5,0.0,0.0,41,7.8,42,81,0,0,쌀쌀함,나쁨
2025-05-01 00:00,2025-05-01,0,5,봄,18.3,14.1,0.0,0.0,44,6.3,46,84,0,0,따뜻함,나쁨
2025-05-01 01:00,2025-05-01,1,5,봄,14.9,12.3,0.0,0.0,73,5.0,34,63,0,0,선선함,보통
2025-05-01 02:00,2025-05-01,2,5,봄,13.8,10.3,0.0,0.0,85,5.9,16,30,0,0,선선함,보통
2025-05-01 03:00,2025-05-01,3,5,봄,13.3,9.1,0.0,0.0,65,6.2,52,112,0,0,선선함,나쁨
2025-05-01 04:00,2025-05-01,4,5,봄,13.9,12.5,0.0,0.0,78,1.9,53,94,0,0,선선함,나쁨
2025-05-01 05:00,2025-05-01,5,5,봄,20.1,15.0,0.0,0.0,59,7.6,22,38,0,0,따뜻함,보통
2025-05-01 06:00,2025-05-01,6,5,봄,13.9,10.5,0.0,0.0,71,4.3,33,51,0,0,선선함,보통
2025-05-01 07:00,2025-05-01,7,5,봄,21.6,18.5,0.0,0.0,59,5.2,13,20,0,0,따뜻함,좋음
2025-05-01 08:00,2025-05-01,8,5,봄,17.8,16.1,0.0,0.0,49,2.0,62,136,0,0,따뜻함,나쁨
2025-05-01 09:00,2025-05-01,9,5,봄,18.5,15.7,0.0,0.0,54,3.4,30,62,0,0,따뜻함,보통
2025-05-01 10:00,2025-05-01,10,5,봄,22.1,21.0,0.0,0.0,50,0.8,43,93,0,0,따뜻함,나쁨
2025-05-01 11:00,2025-05-01,11,5,봄,17.4,16.0,0.0,0.0,37,3.0,29,57,0,0,따뜻함,보통
2025-05-01 12:00,2025-05-01,12,5,봄,24.6,21.8,0.0,0.0,84,4.6,42,69,0,0,더움,나쁨
2025-05-01 13:00,2025-05-01,13,5,봄,26.6,24.4,0.0,0.0,56,3.7,40,71,0,0,더움,나쁨
2025-05-01 14:00,2025-05-01,14,5,봄,27.1,24.0,0.0,0.0,63,4.7,57,117,0,0,더움,나쁨
2025-05-01 15:00,2025-05-01,15,5,봄,20.3,16.4,0.0,0.0,73,5.6,17,31,0,0,따뜻함,보통
2025-05-01 16:00,2025-05-01,16,5,봄,19.3,14.5,0.0,0.0,81,7.3,15,31,0,0,따뜻함,좋음
2025-05-01 17:00,2025-05-01,17,5,봄,23.1,20.9,0.0,0.0,57,3.5,40,60,0,0,더움,나쁨
2025-05-01 18:00,2025-05-01,18,5,봄,13.3,12.7,0.0,0.0,50,1.1,30,61,0,0,선선함,보통
2025-05-01 19:00,2025-05-01,19,5,봄,20.4,15.2,0.0,0.0,56,7.5,29,45,0,0,따뜻함,보통
2025-05-01 20:00,2025-05-01,20,5,봄,11.8,11.0,0.0,0.0,56,2.8,24,43,0,0,선선함,보통
2025-05-01 21:00,2025-05-01,21,5,봄,20.1,15.8,0.0,0.0,32,6.0,37,64,0,0,따뜻함,나쁨
2025-05-01 22:00,2025-05-01,22,5,봄,17.1,15.1,0.0,0.0,80,2.5,23,41,0,0,따뜻함,보통
2025-05-01 23:00,2025-05-01,23,5,봄,10.7,7.9,0.0,0.0,74,3.8,19,33,0,0,선선함,보통
2025-05-02 00:00,2025-05-02,0,5,봄,11.9,6.9,0.0,0.0,86,7.4,33,71,0,0,선선함,보통
2025-05-02 01:00,2025-05-02,1,5,봄,15.8,13.4,0.0,0.0,69,3.5,5,9,0,0,따뜻함,좋음
2025-05-02 02:00,2025-05-02,2,5,봄,15.6,11.7,0.0,0.0,90,5.0,18,28,0,0,따뜻함,보통
2025-05-02 03:00,2025-05-02,3,5,봄,15.9,13.6,0.0,0.0,82,2.6,37,65,0,0,따뜻함,나쁨
2025-05-02 04:00,2025-05-02,4,5,봄,14.2,11.9,0.0,0.0,39,3.1,45,91,0,0,선선함,나쁨
2025-05-02 05:00,2025-05-02,5,5,봄,11.9,8.3,0.0,0.0,65,5.1,30,65,0,0,선선함,보통
2025-05-02 06:00,2025-05-02,6,5,봄,15.4,13.3,0.0,0.0,71,2.8,26,45,0,0,따뜻함,보통
2025-05-02 07:00,2025-05-02,7,5,봄,17.5,16.4,0.0,0.0,67,2.7,20,41,0,0,따뜻함,보통
2025-05-02 08:00,2025-05-02,8,5,봄,20.7,15.1,0.0,0.0,88,8.0,37,78,0,0,따뜻함,나쁨
2025-05-02 09:00,2025-05-02,9,5,봄,27.1,25.9,1.2,0.0,90,2.6,27,47,1,0,더움,보통
2025-05-02 10:00,2025-05-02,10,5,봄,24.3,22.6,0.0,0.0,42,1.4,13,26,0,0,더움,좋음
2025-05-02 11:00,2025-05-02,11,5,봄,18.9,14.0,0.0,0.0,33,7.8,51,108,0,0,따뜻함,나쁨
2025-05-02 12:00,2025-05-02,12,5,봄,25.7,22.7,0.0,0.0,56,3.4,56,85,0,0,더움,나쁨
2025-05-02 13:00,2025-05-02,13,5,봄,25.0,23.8,0.0,0.0,70,1.2,58,97,0,0,더움,나쁨
2025-05-02 14:00,2025-05-02,14,5,봄,29.3,27.2,0.0,0.0,44,2.3,47,93,0,0,더움,나쁨
2025-05-02 15:00,2025-05-02,15,5,봄,19.3,17.2,0.0,0.0,66,2.9,33,70,0,0,따뜻함,보통
2025-05-02 16:00,2025-05-02,16,5,봄,17.7,16.4,0.0,0.0,66,2.8,38,61,0,0,따뜻함,나쁨
2025-05-02 17:00,2025-05-02,17,5,봄,19.2,17.3,0.0,0.0,69,3.5,20,35,0,0,따뜻함,보통
2025-05-02 18:00,2025-05-02,18,5,봄,19.8,18.4,0.0,0.0,30,1.3,5,8,0,0,따뜻함,좋음
2025-05-02 19:00,2025-05-02,19,5,봄,16.0,15.5,0.0,0.0,49,0.8,19,37,0,0,따뜻함,보통
2025-05-02 20:00,2025-05-02,20,5,봄,21.6,20.8,0.0,0.0,53,1.2,5,10,0,0,따뜻함,좋음
2025-05-02 21:00,2025-05-02,21,5,봄,12.0,7.1,0.0,0.0,90,7.3,32,70,0,0,선선함,보통
2025-05-02 22:00,2025-05-02,22,5,봄,14.2,11.8,0.0,0.0,69,3.2,34,60,0,0,선선함,보통
2025-05-02 23:00,2025-05-02,23,5,봄,13.6,11.6,0.0,0.0,45,3.6,60,112,0,0,선선함,나쁨
2025-05-03 00:00,2025-05-03,0,5,봄,8.5,4.9,0.0,0.0,34,5.6,32,58,0,0,선선함,보통
2025-05-03 01:00,2025-05-03,1,5,봄,12.5,8.0,0.0,0.0,87,5.3,8,16,0,0,선선함,좋음
2025-05-03 02:00,2025-05-03,2,5,봄,10.7,10.0,0.0,0.0,85,1.2,26,52,0,0,선선함,보통
2025-05-03 03:00,2025-05-03,3,5,봄,16.5,15.1,0.0,0.0,85,1.8,33,52,0,0,따뜻함,보통
2025-05-03 04:00,2025-05-03,4,5,봄,19.8,17.7,0.0,0.0,54,4.0,45,83,0,0,따뜻함,나쁨
2025-05-03 05:00,2025-05-03,5,5,봄,16.2,16.3,0.0,0.0,36,1.5,40,74,0,0,따뜻함,나쁨
2025-05-03 06:00,2025-05-03,6,5,봄,20.6,15.8,0.0,0.0,42,7.4,46,80,0,0,따뜻함,나쁨
2025-05-03 07:00,2025-05-03,7,5,봄,17.3,14.5,0.0,0.0,76,3.4,36,57,0,0,따뜻함,나쁨
2025-05-03 08:00,2025-05-03,8,5,봄,20.8,17.2,0.0,0.0,52,5.6,40,78,0,0,따뜻함,나쁨
2025-05-03 09:00,2025-05-03,9,5,봄,22.4,18.4,0.0,0.0,63,5.1,18,35,0,0,따뜻함,보통
2025-05-03 10:00,2025-05-03,10,5,봄,25.5,23.4,0.0,0.0,64,3.2,36,63,0,0,더움,나쁨
2025-05-03 11:00,2025-05-03,11,5,봄,20.1,19.2,0.0,0.0,43,0.8,43,85,0,0,따뜻함,나쁨
2025-05-03 12:00,2025-05-03,12,5,봄,21.0,20.4,0.0,0.0,87,1.8,44,69,0,0,따뜻함,나쁨
2025-05-03 13:00,2025-05-03,13,5,봄,25.9,24.7,0.0,0.0,40,2.1,20,31,0,0,더움,보통
2025-05-03 14:00,2025-05-03,14,5,봄,21.4,15.2,0.0,0.0,75,8.0,50,89,0,0,따뜻함,나쁨
2025-05-03 15:00,2025-05-03,15,5,봄,21.0,19.4,0.0,0.0,77,2.8,47,84,0,0,따뜻함,나쁨
2025-05-03 16:00,2025-05-03,16,5,봄,18.1,13.4,0.0,0.0,90,7.1,34,68,0,0,따뜻함,보통
2025-05-03 17:00,2025-05-03,17,5,봄,20.4,20.2,0.0,0.0,43,0.7,27,50,0,0,따뜻함,보통
2025-05-03 18:00,2025-05-03,18,5,봄,20.6,17.2,0.0,0.0,35,4.8,36,64,0,0,따뜻함,나쁨
2025-05-03 19:00,2025-05-03,19,5,봄,16.3,13.2,0.0,0.0,74,5.7,27,42,0,0,따뜻함,보통
2025-05-03 20:00,2025-05-03,20,5,봄,14.1,9.5,0.0,0.0,49,7.2,40,62,0,0,선선함,나쁨
2025-05-03 21:00,2025-05-03,21,5,봄,17.6,13.5,0.0,0.0,69,6.3,23,42,0,0,따뜻함,보통
2025-05-03 22:00,2025-05-03,22,5,봄,16.0,14.2,0.0,0.0,52,1.7,21,44,0,0,따뜻함,보통
2025-05-03 23:00,2025-05-03,23,5,봄,13.3,8.6,0.0,0.0,41,5.7,11,23,0,0,선선함,좋음
2025-05-04 00:00,2025-05-04,0,5,봄,13.3,9.9,0.0,0.0,48,5.7,53,94,0,0,선선함,나쁨
2025-05-04 01:00,2025-05-04,1,5,봄,12.3,11.2,0.0,0.0,85,1.7,30,58,0,0,선선함,보통
2025-05-04 02:00,2025-05-04,2,5,봄,8.5,7.1,0.0,0.0,43,2.8,47,97,0,0,선선함,나쁨
2025-05-04 03:00,2025-05-04,3,5,봄,16.0,11.8,0.0,0.0,82,5.7,5,9,0,0,따뜻함,좋음
2025-05-04 04:00,2025-05-04,4,5,봄,20.9,18.5,0.0,0.0,48,3.8,39,82,0,0,따뜻함,나쁨
2025-05-04 05:00,2025-05-04,5,5,봄,13.6,13.3,0.0,0.0,85,1.5,29,44,0,0,선선함,보통
2025-05-04 06:00,2025-05-04,6,5,봄,21.1,19.6,0.0,0.0,64,1.7,28,45,0,0,따뜻함,보통
2025-05-04 07:00,2025-05-04,7,5,봄,22.2,19.8,0.0,0.0,82,1.8,81,152,0,0,따뜻함,매우나쁨
2025-05-04 08:00,2025-05-04,8,5,봄,25.4,24.6,0.0,0.0,34,0.6,5,10,0,0,더움,좋음
2025-05-04 09:00,2025-05-04,9,5,봄,18.1,14.3,0.0,0.0,87,3.8,67,142,0,0,따뜻함,나쁨
2025-05-04 10:00,2025-05-04,10,5,봄,27.2,24.1,0.0,0.0,65,5.0,47,89,0,0,더움,나쁨
2025-05-04 11:00,2025-05-04,11,5,봄,20.2,15.5,0.0,0.0,83,5.6,6,11,0,0,따뜻함,좋음
2025-05-04 12:00,2025-05-04,12,5,봄,24.0,24.1,0.0,0.0,89,0.6,49,95,0,0,더움,나쁨
2025-05-04 13:00,2025-05-04,13,5,봄,20.3,18.7,0.0,0.0,61,0.6,46,73,0,0,따뜻함,나쁨
2025-05-04 14:00,2025-05-04,14,5,봄,22.8,19.8,0.0,0.0,86,2.1,37,68,0,0,따뜻함,나쁨
2025-05-04 15:00,2025-05-04,15,5,봄,25.9,24.4,0.0,0.0,38,2.3,24,47,0,0,더움,보통
2025-05-04 16:00,2025-05-04,16,5,봄,19.8,17.5,0.0,0.0,36,4.2,14,21,0,0,따뜻함,좋음
2025-05-04 17:00,2025-05-04,17,5,봄,17.6,17.4,0.0,0.0,41,0.6,20,30,0,0,따뜻함,보통
2025-05-04 18:00,2025-05-04,18,5,봄,19.0,16.3,0.0,0.0,65,3.7,27,48,0,0,따뜻함,보통
2025-05-04 19:00,2025-05-04,19,5,봄,11.4,7.8,0.0,0.0,46,4.4,57,105,0,0,선선함,나쁨
2025-05-04 20:00,2025-05-04,20,5,봄,18.3,17.4,0.0,0.0,47,0.8,29,58,0,0,따뜻함,보통
2025-05-04 21:00,2025-05-04,21,5,봄,13.8,8.4,0.0,0.0,85,7.4,41,62,0,0,선선함,나쁨
2025-05-04 22:00,2025-05-04,22,5,봄,16.2,12.2,0.0,0.0,50,6.2,59,129,0,0,따뜻함,나쁨
2025-05-04 23:00,2025-05-04,23,5,봄,13.8,11.2,0.0,0.0,36,2.6,34,71,0,0,선선함,보통
2025-05-05 00:00,2025-05-05,0,5,봄,19.2,14.4,0.0,0.0,74,5.9,37,58,0,0,따뜻함,나쁨
2025-05-05 01:00,2025-05-05,1,5,봄,11.9,8.5,0.0,0.0,34,5.3,39,75,0,0,선선함,나쁨
2025-05-05 02:00,2025-05-05,2,5,봄,21.3,19.7,0.0,0.0,37,2.4,44,66,0,0,따뜻함,나쁨
2025-05-05 03:00,2025-05-05,3,5,봄,9.2,6.8,0.0,0.0,69,4.7,30,52,0,0,선선함,보통
2025-05-05 04:00,2025-05-05,4,5,봄,15.1,11.7,0.0,0.0,77,5.1,51,93,0,0,따뜻함,나쁨
2025-05-05 05:00,2025-05-05,5,5,봄,22.3,21.3,0.0,0.0,83,2.6,40,69,0,0,따뜻함,나쁨
2025-05-05 06:00,2025-05-05,6,5,봄,16.4,15.2,0.0,0.0,30,1.5,29,49,0,0,따뜻함,보통
2025-05-05 07:00,2025-05-05,7,5,봄,15.9,15.6,0.0,0.0,35,0.7,18,29,0,0,따뜻함,보통
2025-05-05 08:00,2025-05-05,8,5,봄,20.0,15.7,0.0,0.0,32,6.2,53,104,0,0,따뜻함,나쁨
2025-05-05 09:00,2025-05-05,9,5,봄,21.8,19.8,0.0,0.0,63,3.7,34,73,0,0,따뜻함,보통
2025-05-05 10:00,2025-05-05,10,5,봄,21.8,20.9,0.0,0.0,50,0.9,37,59,0,0,따뜻함,나쁨
2025-05-05 11:00,2025-05-05,11,5,봄,27.6,23.7,0.0,0.0,30,4.8,33,51,0,0,더움,보통
2025-05-05 12:00,2025-05-05,12,5,봄,26.0,25.0,0.0,0.0,47,1.8,31,52,0,0,더움,보통
2025-05-05 13:00,2025-05-05,13,5,봄,22.7,20.3,0.0,0.0,61,2.0,14,26,0,0,따뜻함,좋음
2025-05-05 14:00,2025-05-05,14,5,봄,17.9,13.4,0.0,0.0,34,6.3,28,42,0,0,따뜻함,보통
2025-05-05 15:00,2025-05-05,15,5,봄,18.4,17.8,0.0,0.0,86,1.4,50,109,0,0,따뜻함,나쁨
2025-05-05 16:00,2025-05-05,16,5,봄,20.7,17.5,0.0,0.0,90,4.8,24,39,0,0,따뜻함,보통
2025-05-05 17:00,2025-05-05,17,5,봄,17.8,15.0,0.0,0.0,52,5.0,32,63,0,0,따뜻함,보통
2025-05-05 18:00,2025-05-05,18,5,봄,21.8,18.1,0.0,0.0,82,5.4,16,32,0,0,따뜻함,보통
2025-05-05 19:00,2025-05-05,19,5,봄,17.9,15.8,0.0,0.0,90,2.5,39,74,0,0,따뜻함,나쁨
2025-05-05 20:00,2025-05-05,20,5,봄,10.9,10.1,0.0,0.0,30,1.2,37,64,0,0,선선함,나쁨
2025-05-05 21:00,2025-05-05,21,5,봄,18.3,15.9,0.0,0.0,81,4.2,37,76,0,0,따뜻함,나쁨
2025-05-05 22:00,2025-05-05,22,5,봄,14.5,10.0,0.0,0.0,30,6.5,31,55,0,0,선선함,보통
2025-05-05 23:00,2025-05-05,23,5,봄,7.2,6.6,0.0,0.0,49,0.9,19,34,0,0,쌀쌀함,보통
2025-05-06 00:00,2025-05-06,0,5,봄,14.8,10.5,0.0,0.0,64,6.3,45,80,0,0,선선함,나쁨
2025-05-06 01:00,2025-05-06,1,5,봄,15.9,15.1,0.0,0.0,55,1.8,36,71,0,0,따뜻함,나쁨
2025-05-06 02:00,2025-05-06,2,5,봄,16.3,13.3,0.0,0.0,59,5.1,35,55,0,0,따뜻함,보통
2025-05-06 03:00,2025-05-06,3,5,봄,10.0,7.2,0.0,0.0,56,3.5,59,113,0,0,선선함,나쁨
2025-05-06 04:00,2025-05-06,4,5,봄,14.3,12.5,0.0,0.0,80,3.2,5,9,0,0,선선함,좋음
2025-05-06 05:00,2025-05-06,5,5,봄,17.6,15.2,0.0,0.0,49,4.1,32,58,0,0,따뜻함,보통
2025-05-06 06:00,2025-05-06,6,5,봄,18.1,17.3,0.0,0.0,65,2.5,61,128,0,0,따뜻함,나쁨
2025-05-06 07:00,2025-05-06,7,5,봄,22.6,20.3,0.0,0.0,80,3.5,45,96,0,0,따뜻함,나쁨
2025-05-06 08:00,2025-05-06,8,5,봄,16.9,12.9,0.0,0.0,74,5.8,33,51,0,0,따뜻함,보통
2025-05-06 09:00,2025-05-06,9,5,봄,23.5,22.4,0.0,0.0,59,1.1,32,70,0,0,더움,보통
2025-05-06 10:00,2025-05-06,10,5,봄,26.9,21.1,0.0,0.0,60,7.6,19,32,0,0,더움,보통
2025-05-06 11:00,2025-05-06,11,5,봄,18.8,17.4,0.0,0.0,64,1.7,28,46,0,0,따뜻함,보통
2025-05-06 12:00,2025-05-06,12,5,봄,19.3,16.4,0.0,0.0,65,4.7,67,143,0,0,따뜻함,나쁨
2025-05-06 13:00,2025-05-06,13,5,봄,20.7,19.5,0.0,0.0,48,1.6,29,48,0,0,따뜻함,보통
2025-05-06 14:00,2025-05-06,14,5,봄,22.3,20.7,0.0,0.0,45,2.5,34,56,0,0,따뜻함,보통
2025-05-06 15:00,2025-05-06,15,5,봄,20.5,15.8,0.0,0.0,66,6.9,26,51,0,0,따뜻함,보통
2025-05-06 16:00,2025-05-06,16,5,봄,19.2,12.8,0.0,0.0,49,7.6,21,38,0,0,따뜻함,보통
2025-05-06 17:00,2025-05-06,17,5,봄,20.2,15.7,0.0,0.0,81,5.8,57,97,0,0,따뜻함,나쁨
2025-05-06 18:00,2025-05-06,18,5,봄,18.8,18.4,0.0,0.0,44,0.7,24,37,0,0,따뜻함,보통
2025-05-06 19:00,2025-05-06,19,5,봄,14.4,12.1,0.0,0.0,83,3.8,69,138,0,0,선선함,나쁨
2025-05-06 20:00,2025-05-06,20,5,봄,16.7,16.0,0.0,0.0,44,1.6,12,18,0,0,따뜻함,좋음
2025-05-06 21:00,2025-05-06,21,5,봄,18.1,14.1,0.0,0.0,51,5.9,21,32,0,0,따뜻함,보통
2025-05-06 22:00,2025-05-06,22,5,봄,15.4,13.8,0.0,0.0,42,2.5,38,57,0,0,따뜻함,나쁨
2025-05-06 23:00,2025-05-06,23,5,봄,16.0,12.5,0.0,0.0,58,5.2,46,99,0,0,따뜻함,나쁨
2025-05-07 00:00,2025-05-07,0,5,봄,7.5,5.5,0.0,0.0,81,2.1,28,50,0,0,쌀쌀함,보통
2025-05-07 01:00,2025-05-07,1,5,봄,17.3,11.8,0.0,0.0,77,7.5,35,68,0,0,따뜻함,보통
2025-05-07 02:00,2025-05-07,2,5,봄,10.1,4.7,0.0,0.0,61,7.6,40,79,0,0,선선함,나쁨
2025-05-07 03:00,2025-05-07,3,5,봄,11.1,5.9,0.0,0.0,53,7.3,38,64,0,0,선선함,나쁨
2025-05-07 04:00,2025-05-07,4,5,봄,12.3,10.3,0.0,0.0,58,4.1,26,50,0,0,선선함,보통
2025-05-07 05:00,2025-05-07,5,5,봄,18.7,16.5,0.0,0.0,47,2.0,49,102,0,0,따뜻함,나쁨
2025-05-07 06:00,2025-05-07,6,5,봄,22.2,19.7,0.0,0.0,47,2.3,36,78,0,0,따뜻함,나쁨
2025-05-07 07:00,2025-05-07,7,5,봄,19.8,14.6,0.0,0.0,30,7.1,13,20,0,0,따뜻함,좋음
2025-05-07 08:00,2025-05-07,8,5,봄,21.8,20.6,0.0,0.0,82,2.9,32,58,0,0,따뜻함,보통
2025-05-07 09:00,2025-05-07,9,5,봄,24.5,23.2,0.0,0.0,60,1.9,45,94,0,0,더움,나쁨
2025-05-07 10:00,2025-05-07,10,5,봄,16.3,12.4,0.0,0.0,74,6.1,26,54,0,0,따뜻함,보통
2025-05-07 11:00,2025-05-07,11,5,봄,24.1,19.3,0.0,0.0,69,7.8,24,52,0,0,더움,보통
2025-05-07 12:00,2025-05-07,12,5,봄,21.5,19.7,0.0,0.0,48,3.5,53,110,0,0,따뜻함,나쁨
2025-05-07 13:00,2025-05-07,13,5,봄,18.8,14.9,0.0,0.0,30,5.1,58,124,0,0,따뜻함,나쁨
2025-05-07 14:00,2025-05-07,14,5,봄,25.4,25.1,0.0,0.0,38,1.0,51,100,0,0,더움,나쁨
2025-05-07 15:00,2025-05-07,15,5,봄,19.3,19.6,0.0,0.0,66,0.9,33,59,0,0,따뜻함,보통
2025-05-07 16:00,2025-05-07,16,5,봄,23.3,20.9,0.0,0.0,34,2.7,36,69,0,0,더움,나쁨
2025-05-07 17:00,2025-05-07,17,5,봄,16.7,15.7,0.0,0.0,66,1.9,48,100,0,0,따뜻함,나쁨
2025-05-07 18:00,2025-05-07,18,5,봄,14.5,12.8,0.0,0.0,68,3.2,29,47,0,0,선선함,보통
2025-05-07 19:00,2025-05-07,19,5,봄,20.1,15.8,0.0,0.0,88,6.9,5,10,0,0,따뜻함,좋음
2025-05-07 20:00,2025-05-07,20,5,봄,13.6,8.2,0.0,0.0,43,8.0,66,117,0,0,선선함,나쁨
2025-05-07 21:00,2025-05-07,21,5,봄,15.7,15.2,0.0,0.0,53,2.1,25,44,0,0,따뜻함,보통
2025-05-07 22:00,2025-05-07,22,5,봄,9.6,5.1,0.0,0.0,58,6.6,36,54,0,0,선선함,나쁨
2025-05-07 23:00,2025-05-07,23,5,봄,14.8,9.2,0.0,0.0,77,7.7,32,66,0,0,선선함,보통
2025-05-08 00:00,2025-05-08,0,5,봄,12.0,8.8,2.6,0.0,79,2.3,39,79,1,0,선선함,나쁨
2025-05-08 01:00,2025-05-08,1,5,봄,12.9,10.1,0.0,0.0,41,5.0,29,59,0,0,선선함,보통
2025-05-08 02:00,2025-05-08,2,5,봄,12.5,8.5,0.0,0.0,66,5.5,58,110,0,0,선선함,나쁨
2025-05-08 03:00,2025-05-08,3,5,봄,10.3,8.5,0.0,0.0,41,3.0,22,46,0,0,선선함,보통
2025-05-08 04:00,2025-05-08,4,5,봄,12.5,8.1,0.0,0.0,45,6.6,26,53,0,0,선선함,보통
2025-05-08 05:00,2025-05-08,5,5,봄,14.1,11.8,0.0,0.0,84,4.7,42,71,0,0,선선함,나쁨
2025-05-08 06:00,2025-05-08,6,5,봄,13.8,13.2,0.0,0.0,50,0.9,24,39,0,0,선선함,보통
2025-05-08 07:00,2025-05-08,7,5,봄,23.2,21.5,0.0,0.0,64,3.7,48,88,0,0,더움,나쁨
2025-05-08 08:00,2025-05-08,8,5,봄,21.3,17.9,0.0,0.0,40,5.7,5,7,0,0,따뜻함,좋음
2025-05-08 09:00,2025-05-08,9,5,봄,20.5,19.9,0.0,0.0,67,0.9,57,91,0,0,따뜻함,나쁨
2025-05-08 10:00,2025-05-08,10,5,봄,27.6,21.9,0.0,0.0,70,7.8,43,74,0,0,더움,나쁨
2025-05-08 11:00,2025-05-08,11,5,봄,25.4,24.3,0.0,0.0,44,2.1,15,25,0,0,더움,좋음
2025-05-08 12:00,2025-05-08,12,5,봄,18.2,14.4,0.0,0.0,51,5.5,48,90,0,0,따뜻함,나쁨
2025-05-08 13:00,2025-05-08,13,5,봄,17.9,17.0,0.0,0.0,31,1.1,37,79,0,0,따뜻함,나쁨
2025-05-08 14:00,2025-05-08,14,5,봄,21.6,16.4,0.0,0.0,31,7.7,31,51,0,0,따뜻함,보통
2025-05-08 15:00,2025-05-08,15,5,봄,21.7,18.7,0.0,0.0,33,3.5,61,120,0,0,따뜻함,나쁨
2025-05-08 16:00,2025-05-08,16,5,봄,19.4,16.9,0.0,0.0,90,4.2,17,36,0,0,따뜻함,보통
2025-05-08 17:00,2025-05-08,17,5,봄,16.7,13.0,0.0,0.0,53,4.9,22,43,0,0,따뜻함,보통
2025-05-08 18:00,2025-05-08,18,5,봄,16.1,12.2,0.0,0.0,30,5.7,17,32,0,0,따뜻함,보통
2025-05-08 19:00,2025-05-08,19,5,봄,14.8,13.3,0.0,0.0,68,2.1,15,30,0,0,선선함,좋음
2025-05-08 20:00,2025-05-08,20,5,봄,13.4,11.0,0.0,0.0,84,4.8,51,95,0,0,선선함,나쁨
2025-05-08 21:00,2025-05-08,21,5,봄,12.7,10.9,0.0,0.0,49,3.2,9,18,0,0,선선함,좋음
2025-05-08 22:00,2025-05-08,22,5,봄,8.9,3.1,0.0,0.0,49,6.8,35,68,0,0,선선함,보통
2025-05-08 23:00,2025-05-08,23,5,봄,15.0,13.0,0.0,0.0,74,3.6,5,8,0,0,따뜻함,좋음
2025-05-09 00:00,2025-05-09,0,5,봄,17.9,14.9,0.0,0.0,33,4.8,46,82,0,0,따뜻함,나쁨
2025-05-09 01:00,2025-05-09,1,5,봄,12.0,10.5,7.2,0.0,58,1.8,20,43,1,0,선선함,보통
2025-05-09 02:00,2025-05-09,2,5,봄,10.6,8.7,0.0,0.0,41,2.8,20,43,0,0,선선함,보통
2025-05-09 03:00,2025-05-09,3,5,봄,12.4,7.5,0.0,0.0,85,6.1,52,93,0,0,선선함,나쁨
2025-05-09 04:00,2025-05-09,4,5,봄,18.3,16.0,0.0,0.0,90,2.2,44,81,0,0,따뜻함,나쁨
2025-05-09 05:00,2025-05-09,5,5,봄,12.7,8.4,0.0,0.0,44,6.5,32,66,0,0,선선함,보통
2025-05-09 06:00,2025-05-09,6,5,봄,20.6,20.1,0.0,0.0,81,1.1,14,27,0,0,따뜻함,좋음
2025-05-09 07:00,2025-05-09,7,5,봄,23.5,22.3,0.0,0.0,30,1.2,40,75,0,0,더움,나쁨
2025-05-09 08:00,2025-05-09,8,5,봄,24.4,19.7,0.0,0.0,53,6.4,49,83,0,0,더움,나쁨
2025-05-09 09:00,2025-05-09,9,5,봄,21.8,16.5,0.0,0.0,34,7.5,10,15,0,0,따뜻함,좋음
2025-05-09 10:00,2025-05-09,10,5,봄,18.6,12.7,0.0,0.0,64,7.2,46,98,0,0,따뜻함,나쁨
2025-05-09 11:00,2025-05-09,11,5,봄,25.3,22.0,0.0,0.0,43,5.1,45,85,0,0,더움,나쁨
2025-05-09 12:00,2025-05-09,12,5,봄,25.6,23.7,0.0,0.0,34,3.5,60,97,0,0,더움,나쁨
2025-05-09 13:00,2025-05-09,13,5,봄,26.7,24.3,0.0,0.0,57,3.0,21,40,0,0,더움,보통
2025-05-09 14:00,2025-05-09,14,5,봄,19.0,16.6,0.0,0.0,72,3.2,36,68,0,0,따뜻함,나쁨
2025-05-09 15:00,2025-05-09,15,5,봄,27.1,25.3,0.0,0.0,89,2.9,36,76,0,0,더움,나쁨
2025-05-09 16:00,2025-05-09,16,5,봄,26.6,20.9,0.0,0.0,49,7.7,17,36,0,0,더움,보통
2025-05-09 17:00,2025-05-09,17,5,봄,20.1,17.0,0.0,0.0,40,4.3,26,49,0,0,따뜻함,보통
2025-05-09 18:00,2025-05-09,18,5,봄,16.3,13.9,0.0,0.0,61,4.5,37,63,0,0,따뜻함,나쁨
2025-05-09 19:00,2025-05-09,19,5,봄,17.9,17.2,0.0,0.0,48,1.6,32,50,0,0,따뜻함,보통
2025-05-09 20:00,2025-05-09,20,5,봄,14.8,13.5,0.0,0.0,87,1.3,33,69,0,0,선선함,보통
2025-05-09 21:00,2025-05-09,21,5,봄,14.9,15.0,0.0,0.0,60,0.7,47,100,0,0,선선함,나쁨
2025-05-09 22:00,2025-05-09,22,5,봄,16.1,13.4,0.0,0.0,51,3.3,39,76,0,0,따뜻함,나쁨
2025-05-09 23:00,2025-05-09,23,5,봄,13.4,11.6,0.0,0.0,55,1.9,14,25,0,0,선선함,좋음
2025-05-10 00:00,2025-05-10,0,5,봄,9.8,7.1,0.0,0.0,61,3.8,29,45,0,0,선선함,보통
2025-05-10 01:00,2025-05-10,1,5,봄,11.8,8.3,0.0,0.0,41,5.0,63,135,0,0,선선함,나쁨
2025-05-10 02:00,2025-05-10,2,5,봄,16.4,11.4,0.0,0.0,76,7.3,46,82,0,0,따뜻함,나쁨
2025-05-10 03:00,2025-05-10,3,5,봄,16.9,15.3,0.0,0.0,60,1.6,25,48,0,0,따뜻함,보통
2025-05-10 04:00,2025-05-10,4,5,봄,17.4,12.6,0.0,0.0,85,5.8,26,51,0,0,따뜻함,보통
2025-05-10 05:00,2025-05-10,5,5,봄,15.9,12.2,0.0,0.0,77,4.8,21,45,0,0,따뜻함,보통
2025-05-10 06:00,2025-05-10,6,5,봄,22.6,19.5,0.0,0.0,49,4.9,44,80,0,0,따뜻함,나쁨
2025-05-10 07:00,2025-05-10,7,5,봄,24.4,21.3,0.0,0.0,71,4.8,46,88,0,0,더움,나쁨
2025-05-10 08:00,2025-05-10,8,5,봄,23.3,17.8,0.0,0.0,40,7.6,36,71,0,0,더움,나쁨
2025-05-10 09:00,2025-05-10,9,5,봄,26.6,21.4,0.0,0.0,45,7.5,30,54,0,0,더움,보통
2025-05-10 10:00,2025-05-10,10,5,봄,25.0,24.3,0.0,0.0,53,1.3,44,77,0,0,더움,나쁨
2025-05-10 11:00,2025-05-10,11,5,봄,26.5,23.0,0.0,0.0,67,4.6,18,34,0,0,더움,보통
2025-05-10 12:00,2025-05-10,12,5,봄,26.6,21.5,0.0,0.0,77,7.0,42,71,0,0,더움,나쁨
2025-05-10 13:00,2025-05-10,13,5,봄,24.3,21.8,0.0,0.0,30,3.6,34,73,0,0,더움,보통
2025-05-10 14:00,2025-05-10,14,5,봄,21.4,17.0,0.0,0.0,48,6.6,45,90,0,0,따뜻함,나쁨
2025-05-10 15:00,2025-05-10,15,5,봄,21.9,16.9,0.0,0.0,52,6.9,9,14,0,0,따뜻함,좋음
2025-05-10 16:00,2025-05-10,16,5,봄,21.1,17.3,0.0,0.0,43,5.8,47,94,0,0,따뜻함,나쁨
2025-05-10 17:00,2025-05-10,17,5,봄,23.6,17.7,0.0,0.0,32,7.3,39,60,0,0,더움,나쁨
2025-05-10 18:00,2025-05-10,18,5,봄,19.7,13.6,0.0,0.0,36,6.9,30,49,0,0,따뜻함,보통
2025-05-10 19:00,2025-05-10,19,5,봄,19.0,15.2,0.0,0.0,75,4.2,36,78,0,0,따뜻함,나쁨
2025-05-10 20:00,2025-05-10,20,5,봄,17.3,12.9,0.0,0.0,44,6.1,13,21,0,0,따뜻함,좋음
2025-05-10 21:00,2025-05-10,21,5,봄,10.8,5.5,3.5,0.0,59,6.5,35,73,1,0,선선함,보통
2025-05-10 22:00,2025-05-10,22,5,봄,14.2,12.6,0.0,0.0,80,3.1,58,127,0,0,선선함,나쁨
2025-05-10 23:00,2025-05-10,23,5,봄,16.4,13.2,0.0,0.0,64,4.6,50,97,0,0,따뜻함,나쁨
2025-05-11 00:00,2025-05-11,0,5,봄,14.8,13.9,0.0,0.0,53,2.1,33,71,0,0,선선함,보통
2025-05-11 01:00,2025-05-11,1,5,봄,10.8,7.0,0.0,0.0,58,4.5,26,43,0,0,선선함,보통
2025-05-11 02:00,2025-05-11,2,5,봄,13.1,10.0,0.0,0.0,73,5.1,18,39,0,0,선선함,보통
2025-05-11 03:00,2025-05-11,3,5,봄,17.7,14.0,0.0,0.0,77,4.5,52,105,0,0,따뜻함,나쁨
2025-05-11 04:00,2025-05-11,4,5,봄,20.0,18.6,0.0,0.0,41,0.5,15,27,0,0,따뜻함,좋음
2025-05-11 05:00,2025-05-11,5,5,봄,14.2,9.7,0.0,0.0,46,6.4,30,50,0,0,선선함,보통
2025-05-11 06:00,2025-05-11,6,5,봄,14.9,14.8,0.0,0.0,49,0.8,37,73,0,0,선선함,나쁨
2025-05-11 07:00,2025-05-11,7,5,봄,21.2,21.3,0.0,0.0,52,1.2,12,26,0,0,따뜻함,좋음
2025-05-11 08:00,2025-05-11,8,5,봄,25.1,23.4,0.0,0.0,65,3.2,51,77,0,0,더움,나쁨
2025-05-11 09:00,2025-05-11,9,5,봄,24.1,19.1,0.0,0.0,41,6.9,40,79,0,0,더움,나쁨
2025-05-11 10:00,2025-05-11,10,5,봄,19.2,17.2,0.0,0.0,40,2.9,32,51,0,0,따뜻함,보통
2025-05-11 11:00,2025-05-11,11,5,봄,19.2,13.9,0.0,0.0,78,7.9,13,27,0,0,따뜻함,좋음
2025-05-11 12:00,2025-05-11,12,5,봄,18.4,16.9,0.0,0.0,39,2.6,34,65,0,0,따뜻함,보통
2025-05-11 13:00,2025-05-11,13,5,봄,21.8,16.8,0.0,0.0,60,7.9,34,73,0,0,따뜻함,보통
2025-05-11 14:00,2025-05-11,14,5,봄,19.1,14.9,0.0,0.0,62,5.5,49,92,0,0,따뜻함,나쁨
2025-05-11 15:00,2025-05-11,15,5,봄,16.3,14.3,0.0,0.0,59,2.6,65,141,0,0,따뜻함,나쁨
2025-05-11 16:00,2025-05-11,16,5,봄,21.7,18.0,0.0,0.0,59,6.1,20,37,0,0,따뜻함,보통
2025-05-11 17:00,2025-05-11,17,5,봄,21.0,20.3,2.5,0.0,30,1.4,29,60,1,0,따뜻함,보통
2025-05-11 18:00,2025-05-11,18,5,봄,22.5,18.4,0.0,0.0,52,7.0,34,68,0,0,따뜻함,보통
2025-05-11 19:00,2025-05-11,19,5,봄,13.6,13.5,0.0,0.0,67,1.5,25,48,0,0,선선함,보통
2025-05-11 20:00,2025-05-11,20,5,봄,16.7,12.0,0.0,0.0,74,6.4,36,72,0,0,따뜻함,나쁨
2025-05-11 21:00,2025-05-11,21,5,봄,10.7,6.6,0.0,0.0,38,6.0,21,38,0,0,선선함,보통
2025-05-11 22:00,2025-05-11,22,5,봄,12.9,8.7,0.0,0.0,84,6.2,44,80,0,0,선선함,나쁨
2025-05-11 23:00,2025-05-11,23,5,봄,15.9,14.1,0.0,0.0,56,1.8,51,87,0,0,따뜻함,나쁨
2025-05-12 00:00,2025-05-12,0,5,봄,13.6,9.0,0.0,0.0,51,5.8,37,69,0,0,선선함,나쁨
2025-05-12 01:00,2025-05-12,1,5,봄,17.8,12.6,0.0,0.0,65,6.3,26,48,0,0,따뜻함,보통
2025-05-12 02:00,2025-05-12,2,5,봄,8.6,6.7,0.0,0.0,79,2.3,32,52,0,0,선선함,보통
2025-05-12 03:00,2025-05-12,3,5,봄,11.2,10.3,0.0,0.0,46,0.5,19,30,0,0,선선함,보통
2025-05-12 04:00,2025-05-12,4,5,봄,7.8,2.5,0.0,0.0,64,7.4,32,67,0,0,쌀쌀함,보통
2025-05-12 05:00,2025-05-12,5,5,봄,19.8,15.5,0.0,0.0,47,4.9,39,58,0,0,따뜻함,나쁨
2025-05-12 06:00,2025-05-12,6,5,봄,13.3,11.5,0.0,0.0,53,3.2,46,99,0,0,선선함,나쁨
2025-05-12 07:00,2025-05-12,7,5,봄,18.4,13.7,0.0,0.0,49,6.5,25,54,0,0,따뜻함,보통
2025-05-12 08:00,2025-05-12,8,5,봄,17.7,17.7,0.0,0.0,88,0.8,20,35,0,0,따뜻함,보통
2025-05-12 09:00,2025-05-12,9,5,봄,26.6,20.3,0.0,0.0,68,7.7,52,103,0,0,더움,나쁨
2025-05-12 10:00,2025-05-12,10,5,봄,19.9,16.2,0.0,0.0,57,5.8,38,80,0,0,따뜻함,나쁨
2025-05-12 11:00,2025-05-12,11,5,봄,21.1,20.5,0.0,0.0,37,1.2,75,162,0,0,따뜻함,나쁨
2025-05-12 12:00,2025-05-12,12,5,봄,27.5,26.4,0.0,0.0,85,1.9,36,71,0,0,더움,나쁨
2025-05-12 13:00,2025-05-12,13,5,봄,21.9,17.1,0.0,0.0,79,7.2,58,117,0,0,따뜻함,나쁨
2025-05-12 14:00,2025-05-12,14,5,봄,18.7,17.1,0.0,0.0,34,2.3,58,100,0,0,따뜻함,나쁨
2025-05-12 15:00,2025-05-12,15,5,봄,19.9,17.3,0.0,0.0,69,4.2,32,54,0,0,따뜻함,보통
2025-05-12 16:00,2025-05-12,16,5,봄,21.5,20.0,0.0,0.0,71,2.3,19,35,0,0,따뜻함,보통
2025-05-12 17:00,2025-05-12,17,5,봄,15.6,11.8,0.0,0.0,62,5.3,41,68,0,0,따뜻함,나쁨
2025-05-12 18:00,2025-05-12,18,5,봄,20.6,15.7,0.0,0.0,81,7.3,45,76,0,0,따뜻함,나쁨
2025-05-12 19:00,2025-05-12,19,5,봄,13.8,8.3,0.0,0.0,30,7.0,45,69,0,0,선선함,나쁨
2025-05-12 20:00,2025-05-12,20,5,봄,13.2,9.8,0.0,0.0,71,3.8,18,35,0,0,선선함,보통
2025-05-12 21:00,2025-05-12,21,5,봄,10.5,6.4,0.0,0.0,59,5.3,25,42,0,0,선선함,보통
2025-05-12 22:00,2025-05-12,22,5,봄,9.2,6.9,0.0,0.0,42,2.4,18,29,0,0,선선함,보통
2025-05-12 23:00,2025-05-12,23,5,봄,11.3,10.5,0.0,0.0,89,1.0,50,98,0,0,선선함,나쁨
2025-05-13 00:00,2025-05-13,0,5,봄,11.8,8.0,0.0,0.0,56,5.2,16,28,0,0,선선함,보통
2025-05-13 01:00,2025-05-13,1,5,봄,9.8,8.3,0.0,0.0,43,1.9,42,71,0,0,선선함,나쁨
2025-05-13 02:00,2025-05-13,2,5,봄,14.9,13.8,0.0,0.0,52,1.1,15,32,0,0,선선함,좋음
2025-05-13 03:00,2025-05-13,3,5,봄,13.0,9.5,0.0,0.0,32,3.8,29,56,0,0,선선함,보통
2025-05-13 04:00,2025-05-13,4,5,봄,14.3,9.6,0.0,0.0,72,6.1,16,30,0,0,선선함,보통
2025-05-13 05:00,2025-05-13,5,5,봄,14.4,10.6,0.0,0.0,62,6.4,22,34,0,0,선선함,보통
2025-05-13 06:00,2025-05-13,6,5,봄,14.3,12.8,0.0,0.0,76,2.2,30,49,0,0,선선함,보통
2025-05-13 07:00,2025-05-13,7,5,봄,20.5,15.7,0.0,0.0,87,7.3,28,42,0,0,따뜻함,보통
2025-05-13 08:00,2025-05-13,8,5,봄,16.8,13.5,0.0,0.0,33,5.1,62,109,0,0,따뜻함,나쁨
2025-05-13 09:00,2025-05-13,9,5,봄,20.9,18.2,0.0,0.0,31,3.5,15,25,0,0,따뜻함,좋음
2025-05-13 10:00,2025-05-13,10,5,봄,25.1,24.5,0.0,0.0,33,1.1,48,83,0,0,더움,나쁨
2025-05-13 11:00,2025-05-13,11,5,봄,23.8,19.8,0.0,0.0,53,5.6,47,71,0,0,더움,나쁨
2025-05-13 12:00,2025-05-13,12,5,봄,18.6,16.7,0.0,0.0,48,1.9,56,100,0,0,따뜻함,나쁨
2025-05-13 13:00,2025-05-13,13,5,봄,16.9,11.9,0.0,0.0,90,7.0,32,48,0,0,따뜻함,보통
2025-05-13 14:00,2025-05-13,14,5,봄,21.7,21.6,0.0,0.0,64,0.9,40,78,0,0,따뜻함,나쁨
2025-05-13 15:00,2025-05-13,15,5,봄,20.9,16.9,0.0,0.0,51,5.5,60,99,0,0,따뜻함,나쁨
2025-05-13 16:00,2025-05-13,16,5,봄,24.0,21.5,0.0,0.0,42,3.1,35,61,0,0,더움,보통
2025-05-13 17:00,2025-05-13,17,5,봄,22.2,17.4,0.0,0.0,48,7.7,33,53,0,0,따뜻함,보통
2025-05-13 18:00,2025-05-13,18,5,봄,22.6,19.3,0.0,0.0,40,3.8,36,70,0,0,따뜻함,나쁨
2025-05-13 19:00,2025-05-13,19,5,봄,17.7,14.4,0.0,0.0,70,5.3,42,73,0,0,따뜻함,나쁨
2025-05-13 20:00,2025-05-13,20,5,봄,16.8,12.3,0.0,0.0,50,6.1,44,71,0,0,따뜻함,나쁨
2025-05-13 21:00,2025-05-13,21,5,봄,17.5,15.3,0.0,0.0,51,2.7,50,78,0,0,따뜻함,나쁨
2025-05-13 22:00,2025-05-13,22,5,봄,12.7,7.5,0.0,0.0,70,7.3,27,43,0,0,선선함,보통
2025-05-13 23:00,2025-05-13,23,5,봄,10.1,5.1,0.0,0.0,69,7.0,32,63,0,0,선선함,보통
2025-05-14 00:00,2025-05-14,0,5,봄,11.0,10.4,0.0,0.0,47,0.6,62,103,0,0,선선함,나쁨
2025-05-14 01:00,2025-05-14,1,5,봄,12.6,10.7,0.0,0.0,45,2.6,5,10,0,0,선선함,좋음
2025-05-14 02:00,2025-05-14,2,5,봄,9.0,4.5,0.0,0.0,87,6.4,14,25,0,0,선선함,좋음
2025-05-14 03:00,2025-05-14,3,5,봄,15.4,13.6,0.0,0.0,82,3.3,37,69,0,0,따뜻함,나쁨
2025-05-14 04:00,2025-05-14,4,5,봄,21.0,16.8,0.0,0.0,47,7.0,50,107,0,0,따뜻함,나쁨
2025-05-14 05:00,2025-05-14,5,5,봄,17.6,13.7,0.0,0.0,84,6.9,39,82,0,0,따뜻함,나쁨
2025-05-14 06:00,2025-05-14,6,5,봄,13.1,11.5,0.0,0.0,48,1.9,56,113,0,0,선선함,나쁨
2025-05-14 07:00,2025-05-14,7,5,봄,19.8,15.3,0.0,0.0,61,6.1,28,45,0,0,따뜻함,보통
2025-05-14 08:00,2025-05-14,8,5,봄,20.0,18.6,0.0,0.0,80,3.9,22,43,0,0,따뜻함,보통
2025-05-14 09:00,2025-05-14,9,5,봄,21.0,15.2,0.0,0.0,73,7.9,30,60,0,0,따뜻함,보통
2025-05-14 10:00,2025-05-14,10,5,봄,22.4,22.3,0.0,0.0,35,1.1,40,64,0,0,따뜻함,나쁨
2025-05-14 11:00,2025-05-14,11,5,봄,25.5,20.2,0.0,0.0,32,6.5,40,66,0,0,더움,나쁨
2025-05-14 12:00,2025-05-14,12,5,봄,22.4,17.4,0.0,0.0,55,6.6,16,27,0,0,따뜻함,보통
2025-05-14 13:00,2025-05-14,13,5,봄,18.1,15.2,0.0,0.0,49,4.4,5,9,0,0,따뜻함,좋음
2025-05-14 14:00,2025-05-14,14,5,봄,19.3,15.7,0.0,0.0,72,6.6,39,59,0,0,따뜻함,나쁨
2025-05-14 15:00,2025-05-14,15,5,봄,20.7,18.0,0.0,0.0,87,4.1,58,95,0,0,따뜻함,나쁨
2025-05-14 16:00,2025-05-14,16,5,봄,20.2,19.4,0.0,0.0,63,1.4,35,58,0,0,따뜻함,보통
2025-05-14 17:00,2025-05-14,17,5,봄,18.7,15.5,0.0,0.0,86,4.7,50,97,0,0,따뜻함,나쁨
2025-05-14 18:00,2025-05-14,18,5,봄,20.8,20.1,0.0,0.0,89,1.4,32,55,0,0,따뜻함,보통
2025-05-14 19:00,2025-05-14,19,5,봄,18.6,13.9,0.0,0.0,78,6.9,20,34,0,0,따뜻함,보통
2025-05-14 20:00,2025-05-14,20,5,봄,18.0,17.3,0.0,0.0,68,1.5,56,94,0,0,따뜻함,나쁨
2025-05-14 21:00,2025-05-14,21,5,봄,19.0,18.3,0.0,0.0,80,1.3,33,52,0,0,따뜻함,보통
2025-05-14 22:00,2025-05-14,22,5,봄,19.7,16.1,0.0,0.0,33,4.3,18,29,0,0,따뜻함,보통
2025-05-14 23:00,2025-05-14,23,5,봄,14.8,10.1,2.3,0.0,36,6.7,21,42,1,0,선선함,보통
2025-05-15 00:00,2025-05-15,0,5,봄,9.2,7.8,0.0,0.0,49,1.5,57,112,0,0,선선함,나쁨
2025-05-15 01:00,2025-05-15,1,5,봄,9.3,4.4,0.0,0.0,70,7.5,16,24,0,0,선선함,보통
2025-05-15 02:00,2025-05-15,2,5,봄,13.8,10.3,0.0,0.0,53,5.3,16,33,0,0,선선함,보통
2025-05-15 03:00,2025-05-15,3,5,봄,14.9,13.0,0.0,0.0,35,1.9,21,34,0,0,선선함,보통
2025-05-15 04:00,2025-05-15,4,5,봄,15.0,9.9,0.0,0.0,82,7.8,31,57,0,0,따뜻함,보통
2025-05-15 05:00,2025-05-15,5,5,봄,16.4,14.1,0.0,0.0,69,4.1,24,43,0,0,따뜻함,보통
2025-05-15 06:00,2025-05-15,6,5,봄,22.1,17.8,0.0,0.0,31,6.8,58,89,0,0,따뜻함,나쁨
2025-05-15 07:00,2025-05-15,7,5,봄,22.8,17.8,0.0,0.0,81,7.2,41,63,0,0,따뜻함,나쁨
2025-05-15 08:00,2025-05-15,8,5,봄,20.0,14.4,0.0,0.0,58,7.3,9,19,0,0,따뜻함,좋음
2025-05-15 09:00,2025-05-15,9,5,봄,16.2,11.7,0.0,0.0,71,7.2,5,10,0,0,따뜻함,좋음
2025-05-15 10:00,2025-05-15,10,5,봄,25.4,24.6,0.0,0.0,78,1.4,55,107,0,0,더움,나쁨
2025-05-15 11:00,2025-05-15,11,5,봄,26.2,20.8,0.0,0.0,36,7.3,10,19,0,0,더움,좋음
2025-05-15 12:00,2025-05-15,12,5,봄,21.9,17.1,0.0,0.0,63,5.5,5,10,0,0,따뜻함,좋음
2025-05-15 13:00,2025-05-15,13,5,봄,25.1,23.5,0.0,0.0,76,2.7,31,59,0,0,더움,보통
2025-05-15 14:00,2025-05-15,14,5,봄,18.0,16.8,0.0,0.0,52,1.3,40,84,0,0,따뜻함,나쁨
2025-05-15 15:00,2025-05-15,15,5,봄,23.9,18.3,0.0,0.0,83,7.8,11,16,0,0,더움,좋음
2025-05-15 16:00,2025-05-15,16,5,봄,18.2,14.5,0.0,0.0,63,3.9,39,85,0,0,따뜻함,나쁨
2025-05-15 17:00,2025-05-15,17,5,봄,15.4,12.1,0.0,0.0,83,4.2,22,46,0,0,따뜻함,보통
2025-05-15 18:00,2025-05-15,18,5,봄,21.9,20.2,0.0,0.0,82,2.5,35,62,0,0,따뜻함,보통
2025-05-15 19:00,2025-05-15,19,5,봄,15.0,10.9,0.0,0.0,51,4.5,45,87,0,0,따뜻함,나쁨
2025-05-15 20:00,2025-05-15,20,5,봄,13.7,13.7,0.0,0.0,48,1.1,44,88,0,0,선선함,나쁨
2025-05-15 21:00,2025-05-15,21,5,봄,10.6,6.0,0.0,0.0,74,6.3,27,56,0,0,선선함,보통
2025-05-15 22:00,2025-05-15,22,5,봄,17.9,14.9,0.0,0.0,44,3.8,35,58,0,0,따뜻함,보통
2025-05-15 23:00,2025-05-15,23,5,봄,17.2,15.4,0.0,0.0,83,2.8,41,68,0,0,따뜻함,나쁨
2025-05-16 00:00,2025-05-16,0,5,봄,13.5,10.9,0.0,0.0,35,3.5,55,117,0,0,선선함,나쁨
2025-05-16 01:00,2025-05-16,1,5,봄,8.5,4.7,0.0,0.0,63,4.1,35,74,0,0,선선함,보통
2025-05-16 02:00,2025-05-16,2,5,봄,16.8,13.8,0.0,0.0,40,4.4,60,97,0,0,따뜻함,나쁨
2025-05-16 03:00,2025-05-16,3,5,봄,15.2,12.3,0.0,0.0,76,5.6,22,33,0,0,따뜻함,보통
2025-05-16 04:00,2025-05-16,4,5,봄,11.0,6.9,0.0,0.0,61,5.4,48,90,0,0,선선함,나쁨
2025-05-16 05:00,2025-05-16,5,5,봄,12.8,7.4,0.0,0.0,48,7.2,41,88,0,0,선선함,나쁨
2025-05-16 06:00,2025-05-16,6,5,봄,18.5,16.5,0.0,0.0,53,1.2,67,107,0,0,따뜻함,나쁨
2025-05-16 07:00,2025-05-16,7,5,봄,23.9,22.1,0.0,0.0,76,2.6,30,52,0,0,더움,보통
2025-05-16 08:00,2025-05-16,8,5,봄,22.8,20.8,0.0,0.0,73,2.9,10,18,0,0,따뜻함,좋음
2025-05-16 09:00,2025-05-16,9,5,봄,26.2,21.5,0.0,0.0,64,6.4,39,62,0,0,더움,나쁨
2025-05-16 10:00,2025-05-16,10,5,봄,16.8,15.6,0.0,0.0,77,1.8,24,43,0,0,따뜻함,보통
2025-05-16 11:00,2025-05-16,11,5,봄,19.9,16.0,0.0,0.0,43,5.4,44,70,0,0,따뜻함,나쁨
2025-05-16 12:00,2025-05-16,12,5,봄,21.2,17.5,0.0,0.0,81,4.4,12,26,0,0,따뜻함,좋음
2025-05-16 13:00,2025-05-16,13,5,봄,26.5,22.8,0.0,0.0,52,6.1,30,60,0,0,더움,보통
2025-05-16 14:00,2025-05-16,14,5,봄,22.9,17.9,0.0,0.0,61,7.3,31,57,0,0,따뜻함,보통
2025-05-16 15:00,2025-05-16,15,5,봄,26.2,25.9,0.0,0.0,78,2.2,42,63,0,0,더움,나쁨
2025-05-16 16:00,2025-05-16,16,5,봄,24.9,18.9,0.0,0.0,47,7.6,46,70,0,0,더움,나쁨
2025-05-16 17:00,2025-05-16,17,5,봄,18.4,17.0,0.0,0.0,88,2.0,27,46,0,0,따뜻함,보통
2025-05-16 18:00,2025-05-16,18,5,봄,12.7,8.1,0.0,0.0,55,6.4,27,55,0,0,선선함,보통
2025-05-16 19:00,2025-05-16,19,5,봄,14.4,9.4,0.0,0.0,30,6.7,27,42,0,0,선선함,보통
2025-05-16 20:00,2025-05-16,20,5,봄,16.0,10.8,0.0,0.0,79,7.2,41,87,0,0,따뜻함,나쁨
2025-05-16 21:00,2025-05-16,21,5,봄,11.8,11.2,0.0,0.0,56,0.8,40,73,0,0,선선함,나쁨
2025-05-16 22:00,2025-05-16,22,5,봄,11.6,7.1,0.0,0.0,80,7.8,25,52,0,0,선선함,보통
2025-05-16 23:00,2025-05-16,23,5,봄,13.2,11.8,0.0,0.0,70,1.4,29,63,0,0,선선함,보통
2025-05-17 00:00,2025-05-17,0,5,봄,6.5,1.2,0.0,0.0,78,6.8,45,68,0,0,쌀쌀함,나쁨
2025-05-17 01:00,2025-05-17,1,5,봄,16.0,15.5,0.0,0.0,73,1.5,23,38,0,0,따뜻함,보통
2025-05-17 02:00,2025-05-17,2,5,봄,15.0,9.8,0.0,0.0,40,7.6,17,35,0,0,따뜻함,보통
2025-05-17 03:00,2025-05-17,3,5,봄,15.8,11.1,0.0,0.0,40,6.0,39,61,0,0,따뜻함,나쁨
2025-05-17 04:00,2025-05-17,4,5,봄,16.6,15.5,0.0,0.0,40,1.7,21,37,0,0,따뜻함,보통
2025-05-17 05:00,2025-05-17,5,5,봄,13.1,9.6,0.0,0.0,34,4.5,34,58,0,0,선선함,보통
2025-05-17 06:00,2025-05-17,6,5,봄,22.5,21.9,0.0,0.0,58,1.8,30,59,0,0,따뜻함,보통
2025-05-17 07:00,2025-05-17,7,5,봄,17.8,15.5,0.0,0.0,78,3.3,5,7,0,0,따뜻함,좋음
2025-05-17 08:00,2025-05-17,8,5,봄,21.9,16.9,0.0,0.0,38,7.1,34,71,0,0,따뜻함,보통
2025-05-17 09:00,2025-05-17,9,5,봄,16.5,13.4,0.0,0.0,62,5.5,47,99,0,0,따뜻함,나쁨
2025-05-17 10:00,2025-05-17,10,5,봄,25.8,21.0,0.0,0.0,50,6.8,10,17,0,0,더움,좋음
2025-05-17 11:00,2025-05-17,11,5,봄,27.4,25.2,0.0,0.0,88,4.8,15,24,0,0,더움,좋음
2025-05-17 12:00,2025-05-17,12,5,봄,24.5,23.9,0.0,0.0,33,0.7,21,44,0,0,더움,보통
2025-05-17 13:00,2025-05-17,13,5,봄,19.1,16.7,0.0,0.0,59,5.1,20,39,0,0,따뜻함,보통
2025-05-17 14:00,2025-05-17,14,5,봄,23.1,22.5,0.0,0.0,44,0.7,19,31,0,0,더움,보통
2025-05-17 15:00,2025-05-17,15,5,봄,18.0,13.7,0.0,0.0,51,6.0,26,45,0,0,따뜻함,보통
2025-05-17 16:00,2025-05-17,16,5,봄,23.1,19.2,0.0,0.0,57,5.5,49,101,0,0,더움,나쁨
2025-05-17 17:00,2025-05-17,17,5,봄,12.9,11.1,0.0,0.0,60,1.9,34,63,0,0,선선함,보통
2025-05-17 18:00,2025-05-17,18,5,봄,16.3,11.7,0.0,0.0,66,5.6,17,30,0,0,따뜻함,보통
2025-05-17 19:00,2025-05-17,19,5,봄,20.3,16.5,0.0,0.0,65,4.6,35,75,0,0,따뜻함,보통
2025-05-17 20:00,2025-05-17,20,5,봄,19.8,17.9,0.0,0.0,42,4.1,40,82,0,0,따뜻함,나쁨
2025-05-17 21:00,2025-05-17,21,5,봄,16.1,13.2,0.0,0.0,61,4.3,29,48,0,0,따뜻함,보통
2025-05-17 22:00,2025-05-17,22,5,봄,17.5,15.0,0.0,0.0,72,3.4,34,64,0,0,따뜻함,보통
2025-05-17 23:00,2025-05-17,23,5,봄,13.2,10.2,0.0,0.0,83,4.6,29,62,0,0,선선함,보통
2025-05-18 00:00,2025-05-18,0,5,봄,14.4,13.2,0.0,0.0,80,3.0,38,81,0,0,선선함,나쁨
2025-05-18 01:00,2025-05-18,1,5,봄,12.9,9.5,0.0,0.0,38,5.2,17,33,0,0,선선함,보통
2025-05-18 02:00,2025-05-18,2,5,봄,13.3,12.0,0.0,0.0,70,1.2,10,21,0,0,선선함,좋음
2025-05-18 03:00,2025-05-18,3,5,봄,9.0,5.7,0.0,0.0,52,5.3,29,47,0,0,선선함,보통
2025-05-18 04:00,2025-05-18,4,5,봄,12.9,9.5,0.0,0.0,32,4.8,29,56,0,0,선선함,보통
2025-05-18 05:00,2025-05-18,5,5,봄,12.9,9.0,0.0,0.0,78,5.0,14,21,0,0,선선함,좋음
2025-05-18 06:00,2025-05-18,6,5,봄,20.4,17.8,0.0,0.0,90,2.6,23,49,0,0,따뜻함,보통
2025-05-18 07:00,2025-05-18,7,5,봄,20.4,15.0,0.0,0.0,47,7.1,32,56,0,0,따뜻함,보통
2025-05-18 08:00,2025-05-18,8,5,봄,21.8,20.4,0.0,0.0,72,1.5,56,98,0,0,따뜻함,나쁨
2025-05-18 09:00,2025-05-18,9,5,봄,23.7,22.7,0.0,0.0,84,1.5,29,52,0,0,더움,보통
2025-05-18 10:00,2025-05-18,10,5,봄,25.6,20.3,0.0,0.0,84,7.4,44,81,0,0,더움,나쁨
2025-05-18 11:00,2025-05-18,11,5,봄,21.2,19.4,0.0,0.0,65,2.5,54,91,0,0,따뜻함,나쁨
2025-05-18 12:00,2025-05-18,12,5,봄,23.4,21.1,0.0,0.0,75,3.9,50,105,0,0,더움,나쁨
2025-05-18 13:00,2025-05-18,13,5,봄,25.6,20.9,0.0,0.0,52,5.5,30,63,0,0,더움,보통
2025-05-18 14:00,2025-05-18,14,5,봄,18.1,14.9,0.0,0.0,46,3.8,51,91,0,0,따뜻함,나쁨
2025-05-18 15:00,2025-05-18,15,5,봄,26.8,23.2,0.0,0.0,79,3.3,45,94,0,0,더움,나쁨
2025-05-18 16:00,2025-05-18,16,5,봄,18.1,15.5,0.0,0.0,52,4.7,49,105,0,0,따뜻함,나쁨
2025-05-18 17:00,2025-05-18,17,5,봄,19.0,17.0,0.0,0.0,56,2.7,32,61,0,0,따뜻함,보통
2025-05-18 18:00,2025-05-18,18,5,봄,15.8,16.0,0.0,0.0,67,1.4,51,83,0,0,따뜻함,나쁨
2025-05-18 19:00,2025-05-18,19,5,봄,22.9,17.6,0.0,0.0,84,7.7,39,62,0,0,따뜻함,나쁨
2025-05-18 20:00,2025-05-18,20,5,봄,14.9,10.7,0.0,0.0,40,6.8,46,72,0,0,선선함,나쁨
2025-05-18 21:00,2025-05-18,21,5,봄,9.9,8.8,0.0,0.0,38,1.7,24,49,0,0,선선함,보통
2025-05-18 22:00,2025-05-18,22,5,봄,9.0,4.2,0.0,0.0,85,6.3,19,37,0,0,선선함,보통
2025-05-18 23:00,2025-05-18,23,5,봄,10.7,9.3,0.0,0.0,53,2.6,56,97,0,0,선선함,나쁨
2025-05-19 00:00,2025-05-19,0,5,봄,14.6,10.6,0.0,0.0,42,5.4,27,59,0,0,선선함,보통
2025-05-19 01:00,2025-05-19,1,5,봄,14.9,13.4,0.0,0.0,88,2.4,40,86,0,0,선선함,나쁨
2025-05-19 02:00,2025-05-19,2,5,봄,14.7,12.4,0.0,0.0,57,3.5,63,137,0,0,선선함,나쁨
2025-05-19 03:00,2025-05-19,3,5,봄,15.2,10.5,0.0,0.0,42,7.1,40,61,0,0,따뜻함,나쁨
2025-05-19 04:00,2025-05-19,4,5,봄,19.0,16.5,0.0,0.0,87,4.4,48,102,0,0,따뜻함,나쁨
2025-05-19 05:00,2025-05-19,5,5,봄,18.7,17.7,0.0,0.0,42,2.1,48,102,0,0,따뜻함,나쁨
2025-05-19 06:00,2025-05-19,6,5,봄,19.4,18.3,0.0,0.0,66,2.4,35,76,0,0,따뜻함,보통
2025-05-19 07:00,2025-05-19,7,5,봄,24.1,22.9,0.0,0.0,37,0.5,53,90,0,0,더움,나쁨
2025-05-19 08:00,2025-05-19,8,5,봄,24.2,18.7,0.0,0.0,76,7.2,45,94,0,0,더움,나쁨
2025-05-19 09:00,2025-05-19,9,5,봄,21.8,18.9,0.0,0.0,69,4.1,48,99,0,0,따뜻함,나쁨
2025-05-19 10:00,2025-05-19,10,5,봄,25.2,21.4,0.0,0.0,54,4.6,46,84,0,0,더움,나쁨
2025-05-19 11:00,2025-05-19,11,5,봄,23.1,22.4,0.0,0.0,49,1.6,23,47,0,0,더움,보통
2025-05-19 12:00,2025-05-19,12,5,봄,25.1,23.1,0.0,0.0,54,1.7,46,82,0,0,더움,나쁨
2025-05-19 13:00,2025-05-19,13,5,봄,26.9,23.8,0.0,0.0,52,5.1,10,21,0,0,더움,좋음
2025-05-19 14:00,2025-05-19,14,5,봄,19.8,16.8,0.0,0.0,59,4.4,51,101,0,0,따뜻함,나쁨
2025-05-19 15:00,2025-05-19,15,5,봄,22.6,19.8,0.0,0.0,40,4.3,40,72,0,0,따뜻함,나쁨
2025-05-19 16:00,2025-05-19,16,5,봄,17.8,15.5,0.0,0.0,75,3.4,15,24,0,0,따뜻함,좋음
2025-05-19 17:00,2025-05-19,17,5,봄,20.4,16.3,0.0,0.0,83,5.9,37,64,0,0,따뜻함,나쁨
2025-05-19 18:00,2025-05-19,18,5,봄,19.8,17.0,0.0,0.0,62,4.7,30,45,0,0,따뜻함,보통
2025-05-19 19:00,2025-05-19,19,5,봄,13.8,10.3,0.0,0.0,70,5.0,49,106,0,0,선선함,나쁨
2025-05-19 20:00,2025-05-19,20,5,봄,14.5,13.9,0.0,0.0,58,1.1,42,79,0,0,선선함,나쁨
2025-05-19 21:00,2025-05-19,21,5,봄,14.8,9.2,0.0,0.0,36,6.9,26,46,0,0,선선함,보통
2025-05-19 22:00,2025-05-19,22,5,봄,9.9,8.8,0.0,0.0,57,1.2,40,68,0,0,선선함,나쁨
2025-05-19 23:00,2025-05-19,23,5,봄,8.8,4.3,0.0,0.0,76,5.0,23,38,0,0,선선함,보통
2025-05-20 00:00,2025-05-20,0,5,봄,11.4,7.9,0.0,0.0,75,4.0,54,104,0,0,선선함,나쁨
2025-05-20 01:00,2025-05-20,1,5,봄,8.0,6.2,0.0,0.0,73,1.8,27,47,0,0,선선함,보통
2025-05-20 02:00,2025-05-20,2,5,봄,15.3,12.4,0.0,0.0,73,3.9,50,85,0,0,따뜻함,나쁨
2025-05-20 03:00,2025-05-20,3,5,봄,14.5,11.2,0.0,0.0,34,4.0,16,30,0,0,선선함,보통
2025-05-20 04:00,2025-05-20,4,5,봄,16.0,11.4,0.0,0.0,74,6.3,5,7,0,0,따뜻함,좋음
2025-05-20 05:00,2025-05-20,5,5,봄,20.4,14.5,0.0,0.0,52,7.9,29,62,0,0,따뜻함,보통
2025-05-20 06:00,2025-05-20,6,5,봄,22.4,21.0,0.0,0.0,89,2.9,47,82,0,0,따뜻함,나쁨
2025-05-20 07:00,2025-05-20,7,5,봄,25.1,24.8,0.0,0.0,84,1.0,26,53,0,0,더움,보통
2025-05-20 08:00,2025-05-20,8,5,봄,21.9,19.9,0.0,0.0,44,4.2,29,54,0,0,따뜻함,보통
2025-05-20 09:00,2025-05-20,9,5,봄,16.0,10.9,0.0,0.0,65,7.3,18,31,0,0,따뜻함,보통
2025-05-20 10:00,2025-05-20,10,5,봄,27.7,23.0,0.0,0.0,35,5.8,27,46,0,0,더움,보통
2025-05-20 11:00,2025-05-20,11,5,봄,25.4,20.5,0.0,0.0,73,5.7,23,40,0,0,더움,보통
2025-05-20 12:00,2025-05-20,12,5,봄,21.6,20.3,0.0,0.0,75,1.6,32,65,0,0,따뜻함,보통
2025-05-20 13:00,2025-05-20,13,5,봄,27.8,25.9,0.2,0.0,48,2.0,59,122,1,0,더움,나쁨
2025-05-20 14:00,2025-05-20,14,5,봄,17.5,16.6,0.0,0.0,75,3.0,27,52,0,0,따뜻함,보통
2025-05-20 15:00,2025-05-20,15,5,봄,24.0,20.0,0.0,0.0,63,5.2,15,29,0,0,더움,좋음
2025-05-20 16:00,2025-05-20,16,5,봄,20.3,18.0,0.0,0.0,88,3.6,5,9,0,0,따뜻함,좋음
2025-05-20 17:00,2025-05-20,17,5,봄,23.3,20.8,0.0,0.0,32,3.3,56,96,0,0,더움,나쁨
2025-05-20 18:00,2025-05-20,18,5,봄,15.8,14.7,0.0,0.0,37,1.6,54,89,0,0,따뜻함,나쁨
2025-05-20 19:00,2025-05-20,19,5,봄,13.2,11.8,0.0,0.0,51,2.5,40,82,0,0,선선함,나쁨
2025-05-20 20:00,2025-05-20,20,5,봄,14.5,10.4,0.0,0.0,57,7.7,55,95,0,0,선선함,나쁨
2025-05-20 21:00,2025-05-20,21,5,봄,11.2,6.5,0.0,0.0,66,7.0,14,25,0,0,선선함,좋음
2025-05-20 22:00,2025-05-20,22,5,봄,9.0,7.3,0.0,0.0,43,2.4,21,40,0,0,선선함,보통
2025-05-20 23:00,2025-05-20,23,5,봄,15.4,12.4,0.0,0.0,64,4.7,42,71,0,0,따뜻함,나쁨
2025-05-21 00:00,2025-05-21,0,5,봄,11.5,7.1,0.0,0.0,87,6.2,54,102,0,0,선선함,나쁨
2025-05-21 01:00,2025-05-21,1,5,봄,15.6,13.2,0.0,0.0,85,3.6,68,125,0,0,따뜻함,나쁨
2025-05-21 02:00,2025-05-21,2,5,봄,11.2,12.4,0.0,0.0,54,0.6,29,47,0,0,선선함,보통
2025-05-21 03:00,2025-05-21,3,5,봄,16.8,14.4,0.0,0.0,74,4.0,58,106,0,0,따뜻함,나쁨
2025-05-21 04:00,2025-05-21,4,5,봄,15.3,13.9,0.0,0.0,56,1.7,38,78,0,0,따뜻함,나쁨
2025-05-21 05:00,2025-05-21,5,5,봄,15.1,13.6,0.0,0.0,39,3.2,40,86,0,0,따뜻함,나쁨
2025-05-21 06:00,2025-05-21,6,5,봄,20.7,16.3,0.0,0.0,45,6.9,41,64,0,0,따뜻함,나쁨
2025-05-21 07:00,2025-05-21,7,5,봄,23.8,22.6,0.0,0.0,30,2.4,29,56,0,0,더움,보통
2025-05-21 08:00,2025-05-21,8,5,봄,18.5,14.8,0.0,0.0,53,4.3,21,45,0,0,따뜻함,보통
2025-05-21 09:00,2025-05-21,9,5,봄,17.6,15.2,0.0,0.0,72,3.3,38,83,0,0,따뜻함,나쁨
2025-05-21 10:00,2025-05-21,10,5,봄,21.5,17.9,0.0,0.0,45,6.2,51,81,0,0,따뜻함,나쁨
2025-05-21 11:00,2025-05-21,11,5,봄,18.4,18.2,0.0,0.0,89,0.6,21,42,0,0,따뜻함,보통
2025-05-21 12:00,2025-05-21,12,5,봄,21.5,18.8,0.0,0.0,64,4.6,57,98,0,0,따뜻함,나쁨
2025-05-21 13:00,2025-05-21,13,5,봄,24.4,24.0,0.0,0.0,78,1.1,51,109,0,0,더움,나쁨
2025-05-21 14:00,2025-05-21,14,5,봄,22.4,17.5,0.0,0.0,89,7.1,40,76,0,0,따뜻함,나쁨
2025-05-21 15:00,2025-05-21,15,5,봄,21.8,16.6,0.0,0.0,65,7.5,39,82,0,0,따뜻함,나쁨
2025-05-21 16:00,2025-05-21,16,5,봄,22.4,19.1,0.0,0.0,68,6.9,48,94,0,0,따뜻함,나쁨
2025-05-21 17:00,2025-05-21,17,5,봄,16.0,11.1,0.0,0.0,78,5.7,37,71,0,0,따뜻함,나쁨
2025-05-21 18:00,2025-05-21,18,5,봄,21.3,18.2,0.0,0.0,30,4.4,27,52,0,0,따뜻함,보통
2025-05-21 19:00,2025-05-21,19,5,봄,14.4,9.5,0.0,0.0,63,7.8,10,15,0,0,선선함,좋음
2025-05-21 20:00,2025-05-21,20,5,봄,15.8,15.0,0.0,0.0,56,1.3,65,134,0,0,따뜻함,나쁨
2025-05-21 21:00,2025-05-21,21,5,봄,19.8,15.0,0.0,0.0,40,6.2,11,17,0,0,따뜻함,좋음
2025-05-21 22:00,2025-05-21,22,5,봄,17.1,11.7,0.0,0.0,57,7.9,37,55,0,0,따뜻함,나쁨
2025-05-21 23:00,2025-05-21,23,5,봄,11.4,10.2,0.0,0.0,49,1.6,62,130,0,0,선선함,나쁨
2025-05-22 00:00,2025-05-22,0,5,봄,12.6,12.1,0.0,0.0,45,0.9,31,65,0,0,선선함,보통
2025-05-22 01:00,2025-05-22,1,5,봄,8.7,5.3,0.0,0.0,87,4.9,45,95,0,0,선선함,나쁨
2025-05-22 02:00,2025-05-22,2,5,봄,17.4,12.0,0.6,0.0,43,6.7,51,80,1,0,따뜻함,나쁨
2025-05-22 03:00,2025-05-22,3,5,봄,17.5,16.5,0.0,0.0,39,0.7,54,95,0,0,따뜻함,나쁨
2025-05-22 04:00,2025-05-22,4,5,봄,20.9,18.4,0.0,0.0,73,4.7,5,10,0,0,따뜻함,좋음
2025-05-22 05:00,2025-05-22,5,5,봄,15.6,10.9,0.0,0.0,80,7.1,12,25,0,0,따뜻함,좋음
2025-05-22 06:00,2025-05-22,6,5,봄,15.1,13.2,0.0,0.0,36,2.6,39,71,0,0,따뜻함,나쁨
2025-05-22 07:00,2025-05-22,7,5,봄,17.8,13.8,0.0,0.0,51,6.8,46,72,0,0,따뜻함,나쁨
2025-05-22 08:00,2025-05-22,8,5,봄,16.4,16.3,0.0,0.0,49,1.3,35,62,0,0,따뜻함,보통
2025-05-22 09:00,2025-05-22,9,5,봄,21.0,18.7,0.0,0.0,88,3.4,17,35,0,0,따뜻함,보통
2025-05-22 10:00,2025-05-22,10,5,봄,21.7,17.7,0.0,0.0,48,6.7,36,59,0,0,따뜻함,나쁨
2025-05-22 11:00,2025-05-22,11,5,봄,21.2,16.6,0.0,0.0,67,6.0,57,104,0,0,따뜻함,나쁨
2025-05-22 12:00,2025-05-22,12,5,봄,27.5,27.4,0.7,0.0,90,1.4,44,82,1,0,더움,나쁨
2025-05-22 13:00,2025-05-22,13,5,봄,20.5,14.6,0.0,0.0,32,6.9,51,78,0,0,따뜻함,나쁨
2025-05-22 14:00,2025-05-22,14,5,봄,25.8,23.2,0.0,0.0,83,4.8,50,75,0,0,더움,나쁨
2025-05-22 15:00,2025-05-22,15,5,봄,19.3,18.3,0.0,0.0,73,1.0,37,67,0,0,따뜻함,나쁨
2025-05-22 16:00,2025-05-22,16,5,봄,23.3,17.6,0.0,0.0,33,7.9,29,53,0,0,더움,보통
2025-05-22 17:00,2025-05-22,17,5,봄,23.9,22.2,0.0,0.0,68,2.3,27,51,0,0,더움,보통
2025-05-22 18:00,2025-05-22,18,5,봄,14.1,9.7,0.0,0.0,89,6.8,33,68,0,0,선선함,보통
2025-05-22 19:00,2025-05-22,19,5,봄,19.8,15.8,0.0,0.0,83,5.7,48,102,0,0,따뜻함,나쁨
2025-05-22 20:00,2025-05-22,20,5,봄,10.3,8.2,0.0,0.0,73,3.5,25,49,0,0,선선함,보통
2025-05-22 21:00,2025-05-22,21,5,봄,14.7,10.7,0.0,0.0,39,6.1,52,79,0,0,선선함,나쁨
2025-05-22 22:00,2025-05-22,22,5,봄,11.0,8.5,0.0,0.0,80,3.1,76,151,0,0,선선함,매우나쁨
2025-05-22 23:00,2025-05-22,23,5,봄,14.8,9.6,0.0,0.0,50,7.3,35,63,0,0,선선함,보통
2025-05-23 00:00,2025-05-23,0,5,봄,7.7,3.9,0.0,0.0,69,4.9,27,40,0,0,쌀쌀함,보통
2025-05-23 01:00,2025-05-23,1,5,봄,11.5,9.5,0.0,0.0,45,3.3,29,61,0,0,선선함,보통
2025-05-23 02:00,2025-05-23,2,5,봄,14.8,13.4,0.0,0.0,79,3.3,52,110,0,0,선선함,나쁨
2025-05-23 03:00,2025-05-23,3,5,봄,15.7,10.9,2.5,0.0,69,7.5,43,93,1,0,따뜻함,나쁨
2025-05-23 04:00,2025-05-23,4,5,봄,13.2,11.0,0.0,0.0,32,2.0,61,119,0,0,선선함,나쁨
2025-05-23 05:00,2025-05-23,5,5,봄,13.3,11.9,0.0,0.0,34,1.6,27,52,0,0,선선함,보통
2025-05-23 06:00,2025-05-23,6,5,봄,20.5,15.6,0.0,0.0,46,5.9,47,85,0,0,따뜻함,나쁨
2025-05-23 07:00,2025-05-23,7,5,봄,18.6,18.2,0.0,0.0,32,0.6,28,45,0,0,따뜻함,보통
2025-05-23 08:00,2025-05-23,8,5,봄,19.5,17.3,0.0,0.0,61,3.0,27,53,0,0,따뜻함,보통
2025-05-23 09:00,2025-05-23,9,5,봄,21.8,15.8,0.0,0.0,47,8.0,14,25,0,0,따뜻함,좋음
2025-05-23 10:00,2025-05-23,10,5,봄,28.6,26.4,0.0,0.0,45,4.0,42,92,0,0,더움,나쁨
2025-05-23 11:00,2025-05-23,11,5,봄,24.8,22.9,0.0,0.0,77,2.8,45,86,0,0,더움,나쁨
2025-05-23 12:00,2025-05-23,12,5,봄,23.1,18.2,0.0,0.0,86,7.1,40,83,0,0,더움,나쁨
2025-05-23 13:00,2025-05-23,13,5,봄,19.1,18.6,0.0,0.0,31,1.0,70,140,0,0,따뜻함,나쁨
2025-05-23 14:00,2025-05-23,14,5,봄,21.7,16.9,0.0,0.0,82,6.2,49,84,0,0,따뜻함,나쁨
2025-05-23 15:00,2025-05-23,15,5,봄,18.0,17.0,0.0,0.0,77,0.9,40,64,0,0,따뜻함,나쁨
2025-05-23 16:00,2025-05-23,16,5,봄,16.3,13.8,0.0,0.0,47,3.0,34,59,0,0,따뜻함,보통
2025-05-23 17:00,2025-05-23,17,5,봄,19.5,13.9,0.0,0.0,73,7.7,38,59,0,0,따뜻함,나쁨
2025-05-23 18:00,2025-05-23,18,5,봄,11.5,9.0,0.0,0.0,66,3.8,49,88,0,0,선선함,나쁨
2025-05-23 19:00,2025-05-23,19,5,봄,14.9,14.5,0.0,0.0,48,1.2,48,101,0,0,선선함,나쁨
2025-05-23 20:00,2025-05-23,20,5,봄,9.7,5.3,0.0,0.0,79,5.5,5,8,0,0,선선함,좋음
2025-05-23 21:00,2025-05-23,21,5,봄,13.1,12.1,0.0,0.0,44,1.9,5,10,0,0,선선함,좋음
2025-05-23 22:00,2025-05-23,22,5,봄,11.9,8.2,0.0,0.0,79,6.0,43,94,0,0,선선함,나쁨
2025-05-23 23:00,2025-05-23,23,5,봄,10.6,5.0,0.0,0.0,86,7.7,58,109,0,0,선선함,나쁨
2025-05-24 00:00,2025-05-24,0,5,봄,14.9,12.7,0.0,0.0,60,4.2,28,43,0,0,선선함,보통
2025-05-24 01:00,2025-05-24,1,5,봄,18.1,13.4,0.0,0.0,62,6.8,40,69,0,0,따뜻함,나쁨
2025-05-24 02:00,2025-05-24,2,5,봄,8.9,7.3,0.0,0.0,74,2.1,19,29,0,0,선선함,보통
2025-05-24 03:00,2025-05-24,3,5,봄,8.7,6.2,0.0,0.0,45,3.0,25,49,0,0,선선함,보통
2025-05-24 04:00,2025-05-24,4,5,봄,12.0,10.9,0.0,0.0,64,1.7,54,109,0,0,선선함,나쁨
2025-05-24 05:00,2025-05-24,5,5,봄,17.5,12.1,0.0,0.0,63,7.2,38,73,0,0,따뜻함,나쁨
2025-05-24 06:00,2025-05-24,6,5,봄,19.2,17.4,0.0,0.0,48,1.8,44,92,0,0,따뜻함,나쁨
2025-05-24 07:00,2025-05-24,7,5,봄,21.4,15.7,0.0,0.0,50,7.5,26,55,0,0,따뜻함,보통
2025-05-24 08:00,2025-05-24,8,5,봄,21.8,18.9,0.0,0.0,86,5.1,52,81,0,0,따뜻함,나쁨
2025-05-24 09:00,2025-05-24,9,5,봄,26.3,24.4,0.0,0.0,35,3.0,34,65,0,0,더움,보통
2025-05-24 10:00,2025-05-24,10,5,봄,21.5,16.5,0.0,0.0,57,7.0,47,89,0,0,따뜻함,나쁨
2025-05-24 11:00,2025-05-24,11,5,봄,20.3,20.1,0.0,0.0,36,0.6,36,57,0,0,따뜻함,나쁨
2025-05-24 12:00,2025-05-24,12,5,봄,18.8,14.1,0.0,0.0,56,6.2,29,47,0,0,따뜻함,보통
2025-05-24 13:00,2025-05-24,13,5,봄,26.7,25.1,0.0,0.0,78,3.1,49,95,0,0,더움,나쁨
2025-05-24 14:00,2025-05-24,14,5,봄,20.1,16.3,0.0,0.0,35,5.8,19,39,0,0,따뜻함,보통
2025-05-24 15:00,2025-05-24,15,5,봄,17.5,11.6,0.0,0.0,82,7.1,56,108,0,0,따뜻함,나쁨
2025-05-24 16:00,2025-05-24,16,5,봄,20.0,16.2,0.0,0.0,54,5.7,57,106,0,0,따뜻함,나쁨
2025-05-24 17:00,2025-05-24,17,5,봄,21.6,19.6,0.0,0.0,66,3.1,27,52,0,0,따뜻함,보통
2025-05-24 18:00,2025-05-24,18,5,봄,14.4,9.9,0.0,0.0,46,5.0,26,39,0,0,선선함,보통
2025-05-24 19:00,2025-05-24,19,5,봄,15.5,12.5,0.0,0.0,90,4.9,22,39,0,0,따뜻함,보통
2025-05-24 20:00,2025-05-24,20,5,봄,18.5,13.6,0.0,0.0,40,7.8,34,63,0,0,따뜻함,보통
2025-05-24 21:00,2025-05-24,21,5,봄,18.2,12.3,0.0,0.0,85,8.0,43,69,0,0,따뜻함,나쁨
2025-05-24 22:00,2025-05-24,22,5,봄,11.3,7.0,0.0,0.0,40,4.4,41,62,0,0,선선함,나쁨
2025-05-24 23:00,2025-05-24,23,5,봄,14.7,12.9,0.0,0.0,67,1.3,25,40,0,0,선선함,보통
2025-05-25 00:00,2025-05-25,0,5,봄,17.5,16.0,0.0,0.0,67,1.9,5,9,0,0,따뜻함,좋음
2025-05-25 01:00,2025-05-25,1,5,봄,15.9,9.7,0.0,0.0,31,7.8,47,82,0,0,따뜻함,나쁨
2025-05-25 02:00,2025-05-25,2,5,봄,15.0,11.2,0.0,0.0,86,4.8,41,81,0,0,따뜻함,나쁨
2025-05-25 03:00,2025-05-25,3,5,봄,12.7,12.2,0.0,0.0,68,1.1,56,111,0,0,선선함,나쁨
2025-05-25 04:00,2025-05-25,4,5,봄,11.1,10.0,0.0,0.0,50,2.3,50,86,0,0,선선함,나쁨
2025-05-25 05:00,2025-05-25,5,5,봄,20.4,18.5,0.0,0.0,73,4.1,21,45,0,0,따뜻함,보통
2025-05-25 06:00,2025-05-25,6,5,봄,15.7,14.2,0.0,0.0,38,1.8,34,65,0,0,따뜻함,보통
2025-05-25 07:00,2025-05-25,7,5,봄,18.6,14.8,0.0,0.0,83,4.5,35,70,0,0,따뜻함,보통
2025-05-25 08:00,2025-05-25,8,5,봄,23.1,18.6,0.0,0.0,85,6.6,14,23,0,0,더움,좋음
2025-05-25 09:00,2025-05-25,9,5,봄,18.5,14.1,0.0,0.0,73,5.4,37,65,0,0,따뜻함,나쁨
2025-05-25 10:00,2025-05-25,10,5,봄,19.2,15.9,0.0,0.0,85,4.2,45,83,0,0,따뜻함,나쁨
2025-05-25 11:00,2025-05-25,11,5,봄,21.2,15.5,0.0,0.0,50,7.7,53,95,0,0,따뜻함,나쁨
2025-05-25 12:00,2025-05-25,12,5,봄,20.9,17.0,0.0,0.0,44,6.6,40,71,0,0,따뜻함,나쁨
2025-05-25 13:00,2025-05-25,13,5,봄,24.5,23.0,0.0,0.0,68,2.4,14,22,0,0,더움,좋음
2025-05-25 14:00,2025-05-25,14,5,봄,20.7,17.3,0.0,0.0,60,4.2,47,80,0,0,따뜻함,나쁨
2025-05-25 15:00,2025-05-25,15,5,봄,17.7,14.1,0.0,0.0,37,5.3,49,88,0,0,따뜻함,나쁨
2025-05-25 16:00,2025-05-25,16,5,봄,18.6,15.7,0.0,0.0,57,3.6,47,94,0,0,따뜻함,나쁨
2025-05-25 17:00,2025-05-25,17,5,봄,18.0,15.3,0.0,0.0,82,4.5,13,25,0,0,따뜻함,좋음
2025-05-25 18:00,2025-05-25,18,5,봄,16.2,13.4,0.0,0.0,52,5.6,34,63,0,0,따뜻함,보통
2025-05-25 19:00,2025-05-25,19,5,봄,17.1,12.6,0.0,0.0,44,6.7,42,76,0,0,따뜻함,나쁨
2025-05-25 20:00,2025-05-25,20,5,봄,16.6,15.0,0.0,0.0,57,3.5,55,87,0,0,따뜻함,나쁨
2025-05-25 21:00,2025-05-25,21,5,봄,17.1,14.3,0.0,0.0,74,4.3,22,39,0,0,따뜻함,보통
2025-05-25 22:00,2025-05-25,22,5,봄,19.0,15.6,0.0,0.0,50,5.2,40,75,0,0,따뜻함,나쁨
2025-05-25 23:00,2025-05-25,23,5,봄,20.4,16.8,0.0,0.0,35,5.6,77,122,0,0,따뜻함,매우나쁨
2025-05-26 00:00,2025-05-26,0,5,봄,12.5,9.7,0.0,0.0,80,3.4,50,103,0,0,선선함,나쁨
2025-05-26 01:00,2025-05-26,1,5,봄,12.1,10.2,0.0,0.0,84,3.4,42,70,0,0,선선함,나쁨
2025-05-26 02:00,2025-05-26,2,5,봄,13.6,8.3,0.0,0.0,42,7.0,50,105,0,0,선선함,나쁨
2025-05-26 03:00,2025-05-26,3,5,봄,12.1,5.2,0.0,0.0,69,7.8,43,94,0,0,선선함,나쁨
2025-05-26 04:00,2025-05-26,4,5,봄,11.9,7.0,0.0,0.0,47,7.1,39,67,0,0,선선함,나쁨
2025-05-26 05:00,2025-05-26,5,5,봄,21.6,19.2,0.0,0.0,65,2.9,27,44,0,0,따뜻함,보통
2025-05-26 06:00,2025-05-26,6,5,봄,16.6,12.2,0.0,0.0,71,5.1,15,30,0,0,따뜻함,좋음
2025-05-26 07:00,2025-05-26,7,5,봄,18.5,16.5,0.0,0.0,78,2.3,54,93,0,0,따뜻함,나쁨
2025-05-26 08:00,2025-05-26,8,5,봄,22.1,21.5,0.0,0.0,86,2.1,36,75,0,0,따뜻함,나쁨
2025-05-26 09:00,2025-05-26,9,5,봄,24.0,22.2,0.0,0.0,50,2.5,27,58,0,0,더움,보통
2025-05-26 10:00,2025-05-26,10,5,봄,24.1,21.6,0.0,0.0,82,4.0,38,60,0,0,더움,나쁨
2025-05-26 11:00,2025-05-26,11,5,봄,24.9,23.8,0.0,0.0,47,1.8,39,64,0,0,더움,나쁨
2025-05-26 12:00,2025-05-26,12,5,봄,24.8,19.6,0.0,0.0,66,6.2,45,75,0,0,더움,나쁨
2025-05-26 13:00,2025-05-26,13,5,봄,18.5,15.1,0.0,0.0,64,3.4,47,76,0,0,따뜻함,나쁨
2025-05-26 14:00,2025-05-26,14,5,봄,23.6,22.8,0.0,0.0,68,1.0,25,53,0,0,더움,보통
2025-05-26 15:00,2025-05-26,15,5,봄,18.0,15.6,0.0,0.0,47,3.8,24,43,0,0,따뜻함,보통
2025-05-26 16:00,2025-05-26,16,5,봄,18.1,13.4,0.0,0.0,33,7.0,29,53,0,0,따뜻함,보통
2025-05-26 17:00,2025-05-26,17,5,봄,22.3,18.6,0.0,0.0,45,5.6,23,43,0,0,따뜻함,보통
2025-05-26 18:00,2025-05-26,18,5,봄,19.0,19.2,0.0,0.0,36,0.6,48,81,0,0,따뜻함,나쁨
2025-05-26 19:00,2025-05-26,19,5,봄,18.9,14.0,0.0,0.0,66,7.7,21,39,0,0,따뜻함,보통
2025-05-26 20:00,2025-05-26,20,5,봄,16.9,10.7,2.1,0.0,81,7.9,33,66,1,0,따뜻함,보통
2025-05-26 21:00,2025-05-26,21,5,봄,12.5,7.0,0.0,0.0,30,7.6,16,28,0,0,선선함,보통
2025-05-26 22:00,2025-05-26,22,5,봄,13.5,8.8,0.0,0.0,47,5.6,5,10,0,0,선선함,좋음
2025-05-26 23:00,2025-05-26,23,5,봄,8.8,6.5,0.0,0.0,46,3.1,39,62,0,0,선선함,나쁨
2025-05-27 00:00,2025-05-27,0,5,봄,9.9,7.4,0.0,0.0,53,2.9,59,114,0,0,선선함,나쁨
2025-05-27 01:00,2025-05-27,1,5,봄,16.7,14.6,0.0,0.0,33,3.0,32,48,0,0,따뜻함,보통
2025-05-27 02:00,2025-05-27,2,5,봄,15.7,12.1,0.0,0.0,69,4.8,42,67,0,0,따뜻함,나쁨
2025-05-27 03:00,2025-05-27,3,5,봄,8.1,4.1,0.0,0.0,90,5.8,45,77,0,0,선선함,나쁨
2025-05-27 04:00,2025-05-27,4,5,봄,11.4,9.4,0.0,0.0,77,2.3,38,71,0,0,선선함,나쁨
2025-05-27 05:00,2025-05-27,5,5,봄,22.2,18.1,0.0,0.0,73,4.4,8,16,0,0,따뜻함,좋음
2025-05-27 06:00,2025-05-27,6,5,봄,14.8,13.0,0.0,0.0,55,2.4,39,59,0,0,선선함,나쁨
2025-05-27 07:00,2025-05-27,7,5,봄,14.8,13.6,0.0,0.0,71,3.1,41,65,0,0,선선함,나쁨
2025-05-27 08:00,2025-05-27,8,5,봄,21.7,20.6,0.0,0.0,49,1.4,34,67,0,0,따뜻함,보통
2025-05-27 09:00,2025-05-27,9,5,봄,26.7,22.9,0.0,0.0,43,5.4,29,54,0,0,더움,보통
2025-05-27 10:00,2025-05-27,10,5,봄,25.9,22.4,0.0,0.0,36,3.8,32,61,0,0,더움,보통
2025-05-27 11:00,2025-05-27,11,5,봄,25.5,23.7,0.0,0.0,50,2.3,14,29,0,0,더움,좋음
2025-05-27 12:00,2025-05-27,12,5,봄,24.2,22.2,0.0,0.0,54,3.3,26,51,0,0,더움,보통
2025-05-27 13:00,2025-05-27,13,5,봄,24.8,21.9,0.0,0.0,88,4.9,55,97,0,0,더움,나쁨
2025-05-27 14:00,2025-05-27,14,5,봄,17.8,16.3,0.0,0.0,65,2.4,24,42,0,0,따뜻함,보통
2025-05-27 15:00,2025-05-27,15,5,봄,20.4,15.4,0.0,0.0,43,6.8,43,78,0,0,따뜻함,나쁨
2025-05-27 16:00,2025-05-27,16,5,봄,23.9,24.4,0.0,0.0,44,1.6,26,47,0,0,더움,보통
2025-05-27 17:00,2025-05-27,17,5,봄,16.9,13.9,0.0,0.0,34,4.6,39,65,0,0,따뜻함,나쁨
2025-05-27 18:00,2025-05-27,18,5,봄,15.9,11.1,0.0,0.0,85,7.5,39,70,0,0,따뜻함,나쁨
2025-05-27 19:00,2025-05-27,19,5,봄,17.9,14.7,0.0,0.0,86,4.5,31,63,0,0,따뜻함,보통
2025-05-27 20:00,2025-05-27,20,5,봄,13.5,12.8,0.0,0.0,77,1.7,35,69,0,0,선선함,보통
2025-05-27 21:00,2025-05-27,21,5,봄,12.5,11.6,0.0,0.0,32,1.1,32,51,0,0,선선함,보통
2025-05-27 22:00,2025-05-27,22,5,봄,12.7,8.2,0.0,0.0,38,5.1,35,73,0,0,선선함,보통
2025-05-27 23:00,2025-05-27,23,5,봄,12.2,8.3,0.0,0.0,54,5.8,5,10,0,0,선선함,좋음
2025-05-28 00:00,2025-05-28,0,5,봄,11.2,8.3,0.0,0.0,83,3.3,67,128,0,0,선선함,나쁨
2025-05-28 01:00,2025-05-28,1,5,봄,13.5,10.7,0.0,0.0,72,3.7,17,29,0,0,선선함,보통
2025-05-28 02:00,2025-05-28,2,5,봄,16.8,13.6,0.0,0.0,69,3.6,44,87,0,0,따뜻함,나쁨
2025-05-28 03:00,2025-05-28,3,5,봄,16.0,11.0,0.0,0.0,87,7.7,9,16,0,0,따뜻함,좋음
2025-05-28 04:00,2025-05-28,4,5,봄,12.1,8.8,0.0,0.0,40,5.3,11,23,0,0,선선함,좋음
2025-05-28 05:00,2025-05-28,5,5,봄,15.1,11.4,0.0,0.0,60,5.5,35,70,0,0,따뜻함,보통
2025-05-28 06:00,2025-05-28,6,5,봄,17.0,13.9,0.0,0.0,46,4.7,37,63,0,0,따뜻함,나쁨
2025-05-28 07:00,2025-05-28,7,5,봄,20.7,15.8,0.0,0.0,67,6.8,37,61,0,0,따뜻함,나쁨
2025-05-28 08:00,2025-05-28,8,5,봄,15.3,14.4,0.0,0.0,49,2.4,20,34,0,0,따뜻함,보통
2025-05-28 09:00,2025-05-28,9,5,봄,22.7,20.1,0.0,0.0,34,2.9,11,20,0,0,따뜻함,좋음
2025-05-28 10:00,2025-05-28,10,5,봄,18.0,17.7,0.0,0.0,70,0.6,35,73,0,0,따뜻함,보통
2025-05-28 11:00,2025-05-28,11,5,봄,20.6,20.1,0.0,0.0,57,1.3,39,64,0,0,따뜻함,나쁨
2025-05-28 12:00,2025-05-28,12,5,봄,21.6,17.6,0.0,0.0,32,6.3,28,56,0,0,따뜻함,보통
2025-05-28 13:00,2025-05-28,13,5,봄,21.9,19.8,0.0,0.0,61,3.3,21,43,0,0,따뜻함,보통
2025-05-28 14:00,2025-05-28,14,5,봄,20.6,19.3,0.0,0.0,46,2.8,50,82,0,0,따뜻함,나쁨
2025-05-28 15:00,2025-05-28,15,5,봄,24.7,20.7,0.0,0.0,56,6.4,23,46,0,0,더움,보통
2025-05-28 16:00,2025-05-28,16,5,봄,18.6,16.4,0.0,0.0,61,3.8,37,60,0,0,따뜻함,나쁨
2025-05-28 17:00,2025-05-28,17,5,봄,21.7,17.4,0.0,0.0,74,6.3,62,103,0,0,따뜻함,나쁨
2025-05-28 18:00,2025-05-28,18,5,봄,19.9,19.4,0.0,0.0,89,0.8,50,82,0,0,따뜻함,나쁨
2025-05-28 19:00,2025-05-28,19,5,봄,17.2,11.8,0.0,0.0,32,7.5,48,81,0,0,따뜻함,나쁨
2025-05-28 20:00,2025-05-28,20,5,봄,19.5,17.5,0.0,0.0,54,2.9,19,32,0,0,따뜻함,보통
2025-05-28 21:00,2025-05-28,21,5,봄,16.0,12.8,0.0,0.0,38,4.5,58,90,0,0,따뜻함,나쁨
2025-05-28 22:00,2025-05-28,22,5,봄,13.4,10.1,0.0,0.0,43,5.4,19,31,0,0,선선함,보통
2025-05-28 23:00,2025-05-28,23,5,봄,7.7,5.5,0.0,0.0,68,4.7,29,57,0,0,쌀쌀함,보통
2025-05-29 00:00,2025-05-29,0,5,봄,13.9,11.6,0.0,0.0,43,4.2,30,46,0,0,선선함,보통
2025-05-29 01:00,2025-05-29,1,5,봄,11.2,7.4,0.0,0.0,66,5.6,13,24,0,0,선선함,좋음
2025-05-29 02:00,2025-05-29,2,5,봄,14.3,10.6,0.0,0.0,87,6.2,10,17,0,0,선선함,좋음
2025-05-29 03:00,2025-05-29,3,5,봄,13.7,10.8,0.0,0.0,46,3.5,56,98,0,0,선선함,나쁨
2025-05-29 04:00,2025-05-29,4,5,봄,18.8,16.9,0.0,0.0,79,2.8,37,67,0,0,따뜻함,나쁨
2025-05-29 05:00,2025-05-29,5,5,봄,15.9,15.1,0.0,0.0,82,0.6,44,68,0,0,따뜻함,나쁨
2025-05-29 06:00,2025-05-29,6,5,봄,20.5,18.6,0.0,0.0,64,2.5,44,71,0,0,따뜻함,나쁨
2025-05-29 07:00,2025-05-29,7,5,봄,17.8,15.5,0.7,0.0,84,3.3,60,95,1,0,따뜻함,나쁨
2025-05-29 08:00,2025-05-29,8,5,봄,20.6,15.9,0.0,0.0,79,6.4,52,89,0,0,따뜻함,나쁨
2025-05-29 09:00,2025-05-29,9,5,봄,25.2,21.0,0.0,0.0,64,6.0,28,48,0,0,더움,보통
2025-05-29 10:00,2025-05-29,10,5,봄,21.6,20.7,0.0,0.0,73,1.1,37,57,0,0,따뜻함,나쁨
2025-05-29 11:00,2025-05-29,11,5,봄,20.2,17.6,0.0,0.0,56,4.4,44,66,0,0,따뜻함,나쁨
2025-05-29 12:00,2025-05-29,12,5,봄,22.4,17.5,0.0,0.0,43,5.5,5,8,0,0,따뜻함,좋음
2025-05-29 13:00,2025-05-29,13,5,봄,18.4,13.7,0.0,0.0,46,6.4,13,23,0,0,따뜻함,좋음
2025-05-29 14:00,2025-05-29,14,5,봄,25.4,22.5,0.0,0.0,80,4.7,59,89,0,0,더움,나쁨
2025-05-29 15:00,2025-05-29,15,5,봄,20.6,19.3,0.0,0.0,86,1.5,37,67,0,0,따뜻함,나쁨
2025-05-29 16:00,2025-05-29,16,5,봄,21.1,18.7,0.0,0.0,81,3.3,25,44,0,0,따뜻함,보통
2025-05-29 17:00,2025-05-29,17,5,봄,12.9,10.7,0.0,0.0,30,2.6,27,44,0,0,선선함,보통
2025-05-29 18:00,2025-05-29,18,5,봄,21.1,17.6,0.0,0.0,56,5.6,34,52,0,0,따뜻함,보통
2025-05-29 19:00,2025-05-29,19,5,봄,14.8,14.1,0.0,0.0,89,2.0,21,32,0,0,선선함,보통
2025-05-29 20:00,2025-05-29,20,5,봄,18.8,16.2,0.0,0.0,50,3.4,21,41,0,0,따뜻함,보통
2025-05-29 21:00,2025-05-29,21,5,봄,15.9,15.3,0.0,0.0,65,0.9,30,56,0,0,따뜻함,보통
2025-05-29 22:00,2025-05-29,22,5,봄,12.5,11.5,0.0,0.0,64,1.1,34,69,0,0,선선함,보통
2025-05-29 23:00,2025-05-29,23,5,봄,16.1,12.1,0.0,0.0,75,5.4,28,52,0,0,따뜻함,보통
2025-05-30 00:00,2025-05-30,0,5,봄,10.0,5.9,0.0,0.0,46,4.9,49,94,0,0,선선함,나쁨
2025-05-30 01:00,2025-05-30,1,5,봄,9.4,5.1,0.0,0.0,58,5.0,37,79,0,0,선선함,나쁨
2025-05-30 02:00,2025-05-30,2,5,봄,14.4,10.8,0.0,0.0,46,3.9,14,26,0,0,선선함,좋음
2025-05-30 03:00,2025-05-30,3,5,봄,19.9,15.0,0.0,0.0,81,6.4,12,19,0,0,따뜻함,좋음
2025-05-30 04:00,2025-05-30,4,5,봄,20.1,15.0,1.2,0.0,31,6.1,8,12,1,0,따뜻함,좋음
2025-05-30 05:00,2025-05-30,5,5,봄,21.4,20.3,0.0,0.0,30,2.9,28,58,0,0,따뜻함,보통
2025-05-30 06:00,2025-05-30,6,5,봄,23.9,20.9,0.0,0.0,71,4.1,25,48,0,0,더움,보통
2025-05-30 07:00,2025-05-30,7,5,봄,21.7,20.1,0.0,0.0,88,3.2,51,97,0,0,따뜻함,나쁨
2025-05-30 08:00,2025-05-30,8,5,봄,24.7,22.9,0.0,0.0,63,2.3,42,81,0,0,더움,나쁨
2025-05-30 09:00,2025-05-30,9,5,봄,17.3,13.1,0.0,0.0,66,6.4,33,62,0,0,따뜻함,보통
2025-05-30 10:00,2025-05-30,10,5,봄,25.4,24.6,0.6,0.0,46,2.0,53,100,1,0,더움,나쁨
2025-05-30 11:00,2025-05-30,11,5,봄,21.4,18.5,0.0,0.0,34,4.2,13,22,0,0,따뜻함,좋음
2025-05-30 12:00,2025-05-30,12,5,봄,22.3,19.9,0.0,0.0,47,3.9,39,80,0,0,따뜻함,나쁨
2025-05-30 13:00,2025-05-30,13,5,봄,20.3,14.8,0.0,0.0,80,7.1,60,102,0,0,따뜻함,나쁨
2025-05-30 14:00,2025-05-30,14,5,봄,20.3,15.9,0.0,0.0,80,6.3,44,88,0,0,따뜻함,나쁨
2025-05-30 15:00,2025-05-30,15,5,봄,17.8,16.8,0.0,0.0,50,1.3,17,32,0,0,따뜻함,보통
2025-05-30 16:00,2025-05-30,16,5,봄,23.6,22.6,0.0,0.0,55,2.4,63,105,0,0,더움,나쁨
2025-05-30 17:00,2025-05-30,17,5,봄,21.0,17.3,0.0,0.0,71,5.8,25,44,0,0,따뜻함,보통
2025-05-30 18:00,2025-05-30,18,5,봄,19.1,14.1,0.0,0.0,46,7.7,30,49,0,0,따뜻함,보통
2025-05-30 19:00,2025-05-30,19,5,봄,18.1,12.7,0.0,0.0,49,7.8,32,48,0,0,따뜻함,보통
2025-05-30 20:00,2025-05-30,20,5,봄,19.4,15.4,0.0,0.0,59,6.1,42,63,0,0,따뜻함,나쁨
2025-05-30 21:00,2025-05-30,21,5,봄,11.9,9.1,0.0,0.0,70,3.8,36,63,0,0,선선함,나쁨
2025-05-30 22:00,2025-05-30,22,5,봄,17.7,16.7,0.0,0.0,66,1.1,32,57,0,0,따뜻함,보통
2025-05-30 23:00,2025-05-30,23,5,봄,9.0,7.4,0.0,0.0,54,3.7,23,39,0,0,선선함,보통
2025-05-31 00:00,2025-05-31,0,5,봄,14.6,13.2,0.0,0.0,42,1.9,11,17,0,0,선선함,좋음
2025-05-31 01:00,2025-05-31,1,5,봄,11.3,9.5,0.0,0.0,30,1.7,30,47,0,0,선선함,보통
2025-05-31 02:00,2025-05-31,2,5,봄,18.4,15.6,0.0,0.0,60,4.3,54,107,0,0,따뜻함,나쁨
2025-05-31 03:00,2025-05-31,3,5,봄,9.0,6.1,0.0,0.0,48,4.0,37,80,0,0,선선함,나쁨
2025-05-31 04:00,2025-05-31,4,5,봄,17.2,15.5,0.0,0.0,30,1.1,14,21,0,0,따뜻함,좋음
2025-05-31 05:00,2025-05-31,5,5,봄,14.5,9.7,0.0,0.0,39,6.0,28,55,0,0,선선함,보통
2025-05-31 06:00,2025-05-31,6,5,봄,20.3,16.5,0.0,0.0,80,5.6,52,83,0,0,따뜻함,나쁨
2025-05-31 07:00,2025-05-31,7,5,봄,24.9,23.9,0.0,0.0,85,1.7,44,72,0,0,더움,나쁨
2025-05-31 08:00,2025-05-31,8,5,봄,21.1,19.2,0.0,0.0,32,1.9,40,68,0,0,따뜻함,나쁨
2025-05-31 09:00,2025-05-31,9,5,봄,18.3,13.7,0.0,0.0,84,6.6,31,49,0,0,따뜻함,보통
2025-05-31 10:00,2025-05-31,10,5,봄,22.9,18.8,0.7,0.0,90,5.9,18,30,1,0,따뜻함,보통
2025-05-31 11:00,2025-05-31,11,5,봄,24.4,21.4,0.0,0.0,58,6.6,44,87,0,0,더움,나쁨
2025-05-31 12:00,2025-05-31,12,5,봄,26.2,24.7,0.0,0.0,55,1.8,35,57,0,0,더움,보통
2025-05-31 13:00,2025-05-31,13,5,봄,20.5,15.0,0.0,0.0,81,7.3,27,44,0,0,따뜻함,보통
2025-05-31 14:00,2025-05-31,14,5,봄,26.2,24.5,0.0,0.0,68,1.6,26,41,0,0,더움,보통
2025-05-31 15:00,2025-05-31,15,5,봄,24.8,21.4,0.0,0.0,85,3.9,33,64,0,0,더움,보통
2025-05-31 16:00,2025-05-31,16,5,봄,19.4,16.9,0.0,0.0,62,3.6,28,51,0,0,따뜻함,보통
2025-05-31 17:00,2025-05-31,17,5,봄,18.9,17.3,0.0,0.0,41,2.8,24,42,0,0,따뜻함,보통
2025-05-31 18:00,2025-05-31,18,5,봄,20.0,18.2,0.0,0.0,71,2.1,12,21,0,0,따뜻함,좋음
2025-05-31 19:00,2025-05-31,19,5,봄,20.4,14.5,0.0,0.0,80,7.3,81,134,0,0,따뜻함,매우나쁨
2025-05-31 20:00,2025-05-31,20,5,봄,13.3,11.5,0.0,0.0,51,3.0,7,13,0,0,선선함,좋음
2025-05-31 21:00,2025-05-31,21,5,봄,15.4,14.8,0.0,0.0,77,1.0,50,83,0,0,따뜻함,나쁨
2025-05-31 22:00,2025-05-31,22,5,봄,8.4,2.3,0.0,0.0,31,7.5,56,115,0,0,선선함,나쁨
2025-05-31 23:00,2025-05-31,23,5,봄,17.8,12.6,0.0,0.0,89,7.5,41,89,0,0,따뜻함,나쁨
2025-06-01 00:00,2025-06-01,0,6,여름,19.4,14.4,0.0,0.0,40,6.5,40,77,0,0,따뜻함,나쁨
2025-06-01 01:00,2025-06-01,1,6,여름,12.9,11.1,0.0,0.0,44,3.1,19,34,0,0,선선함,보통
2025-06-01 02:00,2025-06-01,2,6,여름,20.2,20.5,0.0,0.0,32,1.1,14,21,0,0,따뜻함,좋음
2025-06-01 03:00,2025-06-01,3,6,여름,21.1,17.0,0.0,0.0,36,5.2,5,10,0,0,따뜻함,좋음
2025-06-01 04:00,2025-06-01,4,6,여름,24.6,23.4,0.0,0.0,50,3.0,16,34,0,0,더움,보통
2025-06-01 05:00,2025-06-01,5,6,여름,22.0,17.2,0.0,0.0,86,6.5,15,29,0,0,따뜻함,좋음
2025-06-01 06:00,2025-06-01,6,6,여름,20.0,17.4,0.0,0.0,31,3.7,29,51,0,0,따뜻함,보통
2025-06-01 07:00,2025-06-01,7,6,여름,26.5,24.5,0.0,0.0,72,3.5,24,37,0,0,더움,보통
2025-06-01 08:00,2025-06-01,8,6,여름,25.5,22.4,0.0,0.0,88,5.4,47,73,0,0,더움,나쁨
2025-06-01 09:00,2025-06-01,9,6,여름,26.5,24.0,0.0,0.0,79,2.5,32,48,0,0,더움,보통
2025-06-01 10:00,2025-06-01,10,6,여름,23.6,22.7,0.0,0.0,88,0.9,22,48,0,0,더움,보통
2025-06-01 11:00,2025-06-01,11,6,여름,33.1,28.1,0.0,0.0,59,6.7,5,10,0,0,매우더움,좋음
2025-06-01 12:00,2025-06-01,12,6,여름,24.5,24.5,0.0,0.0,53,1.3,26,51,0,0,더움,보통
2025-06-01 13:00,2025-06-01,13,6,여름,23.2,17.8,0.0,0.0,46,7.9,25,44,0,0,더움,보통
2025-06-01 14:00,2025-06-01,14,6,여름,23.1,18.5,0.0,0.0,82,6.7,8,13,0,0,더움,좋음
2025-06-01 15:00,2025-06-01,15,6,여름,22.8,19.8,0.0,0.0,48,3.6,5,10,0,0,따뜻함,좋음
2025-06-01 16:00,2025-06-01,16,6,여름,27.4,22.7,0.0,0.0,86,7.7,11,19,0,0,더움,좋음
2025-06-01 17:00,2025-06-01,17,6,여름,27.9,23.1,0.0,0.0,68,7.5,42,70,0,0,더움,나쁨
2025-06-01 18:00,2025-06-01,18,6,여름,27.3,24.4,0.0,0.0,52,3.1,20,31,0,0,더움,보통
2025-06-01 19:00,2025-06-01,19,6,여름,21.5,17.7,0.0,0.0,52,6.7,21,43,0,0,따뜻함,보통
2025-06-01 20:00,2025-06-01,20,6,여름,21.7,19.6,0.0,0.0,89,3.7,5,9,0,0,따뜻함,좋음
2025-06-01 21:00,2025-06-01,21,6,여름,15.2,9.8,0.0,0.0,81,7.1,23,50,0,0,따뜻함,보통
2025-06-01 22:00,2025-06-01,22,6,여름,24.5,18.7,0.0,0.0,81,7.9,39,66,0,0,더움,나쁨
2025-06-01 23:00,2025-06-01,23,6,여름,16.2,12.0,0.5,0.0,49,6.3,41,84,1,0,따뜻함,나쁨
2025-06-02 00:00,2025-06-02,0,6,여름,20.2,14.6,0.0,0.0,35,7.1,36,65,0,0,따뜻함,나쁨
2025-06-02 01:00,2025-06-02,1,6,여름,19.3,16.9,0.0,0.0,76,3.2,27,52,0,0,따뜻함,보통
2025-06-02 02:00,2025-06-02,2,6,여름,20.4,16.6,0.0,0.0,42,5.6,24,46,0,0,따뜻함,보통
2025-06-02 03:00,2025-06-02,3,6,여름,22.7,19.1,0.0,0.0,81,5.2,5,8,0,0,따뜻함,좋음
2025-06-02 04:00,2025-06-02,4,6,여름,21.9,16.3,0.0,0.0,45,7.2,30,59,0,0,따뜻함,보통
2025-06-02 05:00,2025-06-02,5,6,여름,25.0,23.6,0.0,0.0,74,1.7,50,82,0,0,더움,나쁨
2025-06-02 06:00,2025-06-02,6,6,여름,25.0,22.2,0.0,0.0,43,3.6,29,55,0,0,더움,보통
2025-06-02 07:00,2025-06-02,7,6,여름,25.4,22.7,0.0,0.0,58,4.3,28,56,0,0,더움,보통
2025-06-02 08:00,2025-06-02,8,6,여름,28.4,25.9,0.0,0.0,44,3.5,21,33,0,0,더움,보통
2025-06-02 09:00,2025-06-02,9,6,여름,25.0,21.9,0.0,0.0,80,4.9,40,73,0,0,더움,나쁨
2025-06-02 10:00,2025-06-02,10,6,여름,24.6,23.0,0.0,0.0,44,2.2,25,50,0,0,더움,보통
2025-06-02 11:00,2025-06-02,11,6,여름,22.7,17.5,0.0,0.0,76,7.3,31,49,0,0,따뜻함,보통
2025-06-02 12:00,2025-06-02,12,6,여름,30.8,28.2,0.0,0.0,84,4.1,32,53,0,0,매우더움,보통
2025-06-02 13:00,2025-06-02,13,6,여름,28.7,27.9,0.0,0.0,34,0.7,5,10,0,0,더움,좋음
2025-06-02 14:00,2025-06-02,14,6,여름,29.2,23.8,0.0,0.0,50,7.6,36,64,0,0,더움,나쁨
2025-06-02 15:00,2025-06-02,15,6,여름,27.8,22.6,0.0,0.0,47,7.3,15,31,0,0,더움,좋음
2025-06-02 16:00,2025-06-02,16,6,여름,21.6,19.3,0.0,0.0,63,2.7,5,10,0,0,따뜻함,좋음
2025-06-02 17:00,2025-06-02,17,6,여름,26.1,24.4,0.0,0.0,33,1.3,17,36,0,0,더움,보통
2025-06-02 18:00,2025-06-02,18,6,여름,26.7,23.3,0.0,0.0,62,5.0,26,50,0,0,더움,보통
2025-06-02 19:00,2025-06-02,19,6,여름,24.3,22.6,0.0,0.0,75,1.8,7,11,0,0,더움,좋음
2025-06-02 20:00,2025-06-02,20,6,여름,23.0,19.6,0.0,0.0,79,4.1,44,68,0,0,더움,나쁨
2025-06-02 21:00,2025-06-02,21,6,여름,17.8,14.1,0.0,0.0,61,5.1,23,42,0,0,따뜻함,보통
2025-06-02 22:00,2025-06-02,22,6,여름,14.2,11.8,0.0,0.0,52,3.2,13,23,0,0,선선함,좋음
2025-06-02 23:00,2025-06-02,23,6,여름,19.1,13.9,0.0,0.0,42,7.7,5,7,0,0,따뜻함,좋음
2025-06-03 00:00,2025-06-03,0,6,여름,18.2,15.5,0.0,0.0,40,3.2,17,32,0,0,따뜻함,보통
2025-06-03 01:00,2025-06-03,1,6,여름,17.3,12.9,0.0,0.0,44,6.1,38,74,0,0,따뜻함,나쁨
2025-06-03 02:00,2025-06-03,2,6,여름,17.2,15.8,4.0,0.0,36,1.7,19,34,1,0,따뜻함,보통
2025-06-03 03:00,2025-06-03,3,6,여름,14.8,14.7,0.0,0.0,45,1.5,29,55,0,0,선선함,보통
2025-06-03 04:00,2025-06-03,4,6,여름,19.0,13.7,0.0,0.0,59,7.3,17,34,0,0,따뜻함,보통
2025-06-03 05:00,2025-06-03,5,6,여름,19.2,13.2,0.0,0.0,78,7.3,5,8,0,0,따뜻함,좋음
2025-06-03 06:00,2025-06-03,6,6,여름,18.3,17.1,0.0,0.0,78,2.3,13,21,0,0,따뜻함,좋음
2025-06-03 07:00,2025-06-03,7,6,여름,21.7,15.4,0.0,0.0,31,7.8,17,25,0,0,따뜻함,보통
2025-06-03 08:00,2025-06-03,8,6,여름,27.0,25.2,0.0,0.0,79,2.3,58,126,0,0,더움,나쁨
2025-06-03 09:00,2025-06-03,9,6,여름,26.2,22.3,0.0,0.0,73,6.8,50,97,0,0,더움,나쁨
2025-06-03 10:00,2025-06-03,10,6,여름,25.6,23.3,4.1,0.0,43,3.8,32,58,1,0,더움,보통
2025-06-03 11:00,2025-06-03,11,6,여름,22.5,21.4,0.0,0.0,59,1.0,8,15,0,0,따뜻함,좋음
2025-06-03 12:00,2025-06-03,12,6,여름,22.3,21.5,0.0,0.0,67,1.7,5,9,0,0,따뜻함,좋음
2025-06-03 13:00,2025-06-03,13,6,여름,28.1,22.5,0.0,0.0,44,7.5,10,20,0,0,더움,좋음
2025-06-03 14:00,2025-06-03,14,6,여름,24.4,22.8,0.0,0.0,62,1.9,18,35,0,0,더움,보통
2025-06-03 15:00,2025-06-03,15,6,여름,28.9,25.8,0.0,0.0,44,4.0,55,101,0,0,더움,나쁨
2025-06-03 16:00,2025-06-03,16,6,여름,23.3,18.4,0.0,0.0,48,7.4,6,11,0,0,더움,좋음
2025-06-03 17:00,2025-06-03,17,6,여름,26.4,23.5,0.0,0.0,85,4.3,13,25,0,0,더움,좋음
2025-06-03 18:00,2025-06-03,18,6,여름,27.1,25.3,0.0,0.0,33,1.1,18,32,0,0,더움,보통
2025-06-03 19:00,2025-06-03,19,6,여름,17.9,17.1,0.0,0.0,56,1.0,16,24,0,0,따뜻함,보통
2025-06-03 20:00,2025-06-03,20,6,여름,18.0,13.1,0.0,0.0,51,6.9,47,99,0,0,따뜻함,나쁨
2025-06-03 21:00,2025-06-03,21,6,여름,16.5,14.6,0.0,0.0,40,3.6,18,37,0,0,따뜻함,보통
2025-06-03 22:00,2025-06-03,22,6,여름,18.8,17.0,0.0,0.0,32,2.3,30,51,0,0,따뜻함,보통
2025-06-03 23:00,2025-06-03,23,6,여름,22.1,19.6,0.0,0.0,45,3.9,44,94,0,0,따뜻함,나쁨
2025-06-04 00:00,2025-06-04,0,6,여름,20.1,16.6,0.0,0.0,76,5.1,25,43,0,0,따뜻함,보통
2025-06-04 01:00,2025-06-04,1,6,여름,19.8,16.3,0.0,0.0,59,6.7,18,30,0,0,따뜻함,보통
2025-06-04 02:00,2025-06-04,2,6,여름,18.3,18.0,0.0,0.0,88,0.7,44,74,0,0,따뜻함,나쁨
2025-06-04 03:00,2025-06-04,3,6,여름,15.0,13.6,0.0,0.0,87,1.2,18,35,0,0,따뜻함,보통
2025-06-04 04:00,2025-06-04,4,6,여름,13.6,8.7,0.0,0.0,64,7.1,14,26,0,0,선선함,좋음
2025-06-04 05:00,2025-06-04,5,6,여름,24.2,19.4,0.0,0.0,54,6.3,14,25,0,0,더움,좋음
2025-06-04 06:00,2025-06-04,6,6,여름,20.9,17.7,0.0,0.0,72,4.4,27,51,0,0,따뜻함,보통
2025-06-04 07:00,2025-06-04,7,6,여름,24.0,23.7,0.0,0.0,52,1.6,44,78,0,0,더움,나쁨
2025-06-04 08:00,2025-06-04,8,6,여름,23.4,22.5,0.0,0.0,72,1.4,17,35,0,0,더움,보통
2025-06-04 09:00,2025-06-04,9,6,여름,23.9,21.8,0.0,0.0,74,2.6,23,42,0,0,더움,보통
2025-06-04 10:00,2025-06-04,10,6,여름,25.7,24.7,0.0,0.0,85,1.6,39,62,0,0,더움,나쁨
2025-06-04 11:00,2025-06-04,11,6,여름,24.2,19.6,0.0,0.0,83,6.3,19,29,0,0,더움,보통
2025-06-04 12:00,2025-06-04,12,6,여름,28.5,26.5,0.0,0.0,58,2.6,44,70,0,0,더움,나쁨
2025-06-04 13:00,2025-06-04,13,6,여름,21.9,18.8,0.0,0.0,68,5.5,37,62,0,0,따뜻함,나쁨
2025-06-04 14:00,2025-06-04,14,6,여름,25.2,19.3,0.0,0.0,76,7.3,36,67,0,0,더움,나쁨
2025-06-04 15:00,2025-06-04,15,6,여름,30.5,29.8,0.0,0.0,61,1.2,24,42,0,0,매우더움,보통
2025-06-04 16:00,2025-06-04,16,6,여름,31.1,26.0,0.0,0.0,65,7.1,12,22,0,0,매우더움,좋음
2025-06-04 17:00,2025-06-04,17,6,여름,26.7,22.7,0.0,0.0,54,5.1,25,42,0,0,더움,보통
2025-06-04 18:00,2025-06-04,18,6,여름,25.1,23.2,0.0,0.0,60,2.2,13,28,0,0,더움,좋음
2025-06-04 19:00,2025-06-04,19,6,여름,18.5,15.8,0.0,0.0,33,4.5,24,47,0,0,따뜻함,보통
2025-06-04 20:00,2025-06-04,20,6,여름,15.7,13.5,0.0,0.0,44,3.2,20,41,0,0,따뜻함,보통
2025-06-04 21:00,2025-06-04,21,6,여름,16.5,12.1,0.0,0.0,36,6.1,45,69,0,0,따뜻함,나쁨
2025-06-04 22:00,2025-06-04,22,6,여름,22.2,21.2,0.0,0.0,83,1.2,29,56,0,0,따뜻함,보통
2025-06-04 23:00,2025-06-04,23,6,여름,21.1,20.7,0.0,0.0,32,0.9,56,117,0,0,따뜻함,나쁨
2025-06-05 00:00,2025-06-05,0,6,여름,14.6,13.9,0.0,0.0,55,0.7,17,33,0,0,선선함,보통
2025-06-05 01:00,2025-06-05,1,6,여름,18.3,14.8,0.0,0.0,61,4.7,29,60,0,0,따뜻함,보통
2025-06-05 02:00,2025-06-05,2,6,여름,14.5,14.4,0.8,0.0,78,2.1,22,45,1,0,선선함,보통
2025-06-05 03:00,2025-06-05,3,6,여름,22.2,20.1,0.0,0.0,87,2.7,27,53,0,0,따뜻함,보통
2025-06-05 04:00,2025-06-05,4,6,여름,16.4,13.2,0.0,0.0,61,3.9,18,32,0,0,따뜻함,보통
2025-06-05 05:00,2025-06-05,5,6,여름,21.9,20.4,0.0,0.0,66,2.9,60,98,0,0,따뜻함,나쁨
2025-06-05 06:00,2025-06-05,6,6,여름,27.9,26.7,0.0,0.0,84,1.2,16,30,0,0,더움,보통
2025-06-05 07:00,2025-06-05,7,6,여름,27.4,27.0,0.0,0.0,85,0.5,5,7,0,0,더움,좋음
2025-06-05 08:00,2025-06-05,8,6,여름,29.3,24.8,0.0,0.0,74,5.8,37,60,0,0,더움,나쁨
2025-06-05 09:00,2025-06-05,9,6,여름,26.7,24.8,0.0,0.0,75,2.9,31,58,0,0,더움,보통
2025-06-05 10:00,2025-06-05,10,6,여름,31.3,27.1,0.0,0.0,55,4.8,51,92,0,0,매우더움,나쁨
2025-06-05 11:00,2025-06-05,11,6,여름,31.2,26.5,0.0,0.0,49,6.8,20,36,0,0,매우더움,보통
2025-06-05 12:00,2025-06-05,12,6,여름,29.6,24.6,0.0,0.0,87,7.3,50,104,0,0,더움,나쁨
2025-06-05 13:00,2025-06-05,13,6,여름,28.3,28.0,0.0,0.0,76,1.8,48,92,0,0,더움,나쁨
2025-06-05 14:00,2025-06-05,14,6,여름,29.3,26.9,0.0,0.0,53,4.0,12,23,0,0,더움,좋음
2025-06-05 15:00,2025-06-05,15,6,여름,24.4,23.1,0.0,0.0,55,2.1,21,44,0,0,더움,보통
2025-06-05 16:00,2025-06-05,16,6,여름,21.8,21.5,0.0,0.0,72,1.6,20,32,0,0,따뜻함,보통
2025-06-05 17:00,2025-06-05,17,6,여름,25.4,23.1,0.0,0.0,40,3.5,66,136,0,0,더움,나쁨
2025-06-05 18:00,2025-06-05,18,6,여름,24.5,23.6,0.0,0.0,62,1.4,44,94,0,0,더움,나쁨
2025-06-05 19:00,2025-06-05,19,6,여름,24.7,20.4,0.0,0.0,58,6.0,21,42,0,0,더움,보통
2025-06-05 20:00,2025-06-05,20,6,여름,22.9,17.7,0.0,0.0,75,6.9,28,53,0,0,따뜻함,보통
2025-06-05 21:00,2025-06-05,21,6,여름,17.7,17.0,0.0,0.0,67,0.9,32,60,0,0,따뜻함,보통
2025-06-05 22:00,2025-06-05,22,6,여름,24.4,24.4,0.0,0.0,51,0.8,27,57,0,0,더움,보통
2025-06-05 23:00,2025-06-05,23,6,여름,18.8,14.1,0.0,0.0,37,5.8,5,9,0,0,따뜻함,좋음
2025-06-06 00:00,2025-06-06,0,6,여름,19.3,16.3,0.0,0.0,81,4.0,12,23,0,0,따뜻함,좋음
2025-06-06 01:00,2025-06-06,1,6,여름,14.1,10.9,0.0,0.0,76,3.5,5,10,0,0,선선함,좋음
2025-06-06 02:00,2025-06-06,2,6,여름,20.8,15.3,0.0,0.0,75,7.4,5,9,0,0,따뜻함,좋음
2025-06-06 03:00,2025-06-06,3,6,여름,22.7,22.3,0.0,0.0,37,0.9,38,69,0,0,따뜻함,나쁨
2025-06-06 04:00,2025-06-06,4,6,여름,20.6,19.4,0.0,0.0,63,2.6,18,28,0,0,따뜻함,보통
2025-06-06 05:00,2025-06-06,5,6,여름,25.3,21.3,0.0,0.0,54,5.5,23,50,0,0,더움,보통
2025-06-06 06:00,2025-06-06,6,6,여름,26.8,25.5,0.0,0.0,68,1.1,45,93,0,0,더움,나쁨
2025-06-06 07:00,2025-06-06,7,6,여름,26.0,22.8,0.0,0.0,89,3.6,25,54,0,0,더움,보통
2025-06-06 08:00,2025-06-06,8,6,여름,24.7,23.3,0.0,0.0,40,2.6,48,82,0,0,더움,나쁨
2025-06-06 09:00,2025-06-06,9,6,여름,24.3,19.3,0.0,0.0,86,7.2,25,43,0,0,더움,보통
2025-06-06 10:00,2025-06-06,10,6,여름,23.2,19.4,0.0,0.0,80,4.4,32,69,0,0,더움,보통
2025-06-06 11:00,2025-06-06,11,6,여름,25.9,22.5,0.0,0.0,34,3.8,10,18,0,0,더움,좋음
2025-06-06 12:00,2025-06-06,12,6,여름,25.6,24.7,0.0,0.0,79,1.9,14,22,0,0,더움,좋음
2025-06-06 13:00,2025-06-06,13,6,여름,25.8,22.8,0.0,0.0,77,4.2,40,79,0,0,더움,나쁨
2025-06-06 14:00,2025-06-06,14,6,여름,24.0,21.5,0.0,0.0,85,3.1,28,47,0,0,더움,보통
2025-06-06 15:00,2025-06-06,15,6,여름,26.1,25.3,0.0,0.0,57,0.9,38,69,0,0,더움,나쁨
2025-06-06 16:00,2025-06-06,16,6,여름,25.3,23.4,0.0,0.0,44,2.5,44,85,0,0,더움,나쁨
2025-06-06 17:00,2025-06-06,17,6,여름,27.7,27.4,0.0,0.0,60,1.3,43,76,0,0,더움,나쁨
2025-06-06 18:00,2025-06-06,18,6,여름,18.6,17.2,0.0,0.0,58,1.3,22,34,0,0,따뜻함,보통
2025-06-06 19:00,2025-06-06,19,6,여름,23.3,19.3,0.0,0.0,46,5.8,45,96,0,0,더움,나쁨
2025-06-06 20:00,2025-06-06,20,6,여름,22.1,18.6,0.0,0.0,85,5.0,42,74,0,0,따뜻함,나쁨
2025-06-06 21:00,2025-06-06,21,6,여름,24.2,24.2,0.0,0.0,89,0.9,21,43,0,0,더움,보통
2025-06-06 22:00,2025-06-06,22,6,여름,19.6,18.7,0.0,0.0,62,2.3,5,10,0,0,따뜻함,좋음
2025-06-06 23:00,2025-06-06,23,6,여름,19.0,18.4,0.0,0.0,75,0.7,15,29,0,0,따뜻함,좋음
2025-06-07 00:00,2025-06-07,0,6,여름,21.0,15.9,0.0,0.0,78,6.7,38,61,0,0,따뜻함,나쁨
2025-06-07 01:00,2025-06-07,1,6,여름,19.3,14.3,0.0,0.0,63,7.0,28,55,0,0,따뜻함,보통
2025-06-07 02:00,2025-06-07,2,6,여름,15.4,11.2,1.5,0.0,72,7.2,11,19,1,0,따뜻함,좋음
2025-06-07 03:00,2025-06-07,3,6,여름,20.0,17.1,0.0,0.0,52,5.0,41,82,0,0,따뜻함,나쁨
2025-06-07 04:00,2025-06-07,4,6,여름,26.7,23.6,0.0,0.0,77,4.2,28,52,0,0,더움,보통
2025-06-07 05:00,2025-06-07,5,6,여름,18.0,13.2,0.0,0.0,80,5.9,25,47,0,0,따뜻함,보통
2025-06-07 06:00,2025-06-07,6,6,여름,21.0,16.6,0.0,0.0,60,6.4,36,60,0,0,따뜻함,나쁨
2025-06-07 07:00,2025-06-07,7,6,여름,22.2,17.5,2.3,0.0,53,6.5,17,29,1,0,따뜻함,보통
2025-06-07 08:00,2025-06-07,8,6,여름,28.6,27.2,0.7,0.0,54,3.0,22,41,1,0,더움,보통
2025-06-07 09:00,2025-06-07,9,6,여름,29.9,27.8,0.0,0.0,43,3.3,22,33,0,0,더움,보통
2025-06-07 10:00,2025-06-07,10,6,여름,23.2,21.0,0.0,0.0,82,3.2,35,56,0,0,더움,보통
2025-06-07 11:00,2025-06-07,11,6,여름,29.0,25.1,0.0,0.0,45,4.7,32,61,0,0,더움,보통
2025-06-07 12:00,2025-06-07,12,6,여름,30.5,26.3,0.0,0.0,82,4.4,5,7,0,0,매우더움,좋음
2025-06-07 13:00,2025-06-07,13,6,여름,26.7,25.6,0.0,0.0,47,2.0,32,58,0,0,더움,보통
2025-06-07 14:00,2025-06-07,14,6,여름,22.5,17.2,0.0,0.0,68,7.9,37,61,0,0,따뜻함,나쁨
2025-06-07 15:00,2025-06-07,15,6,여름,25.5,25.1,0.0,0.0,32,0.9,14,29,0,0,더움,좋음
2025-06-07 16:00,2025-06-07,16,6,여름,28.7,26.0,5.4,0.0,40,4.3,52,109,1,0,더움,나쁨
2025-06-07 17:00,2025-06-07,17,6,여름,26.0,21.0,0.0,0.0,43,6.6,19,38,0,0,더움,보통
2025-06-07 18:00,2025-06-07,18,6,여름,23.8,19.0,0.0,0.0,44,6.3,19,35,0,0,더움,보통
2025-06-07 19:00,2025-06-07,19,6,여름,19.8,16.8,0.0,0.0,53,3.0,9,16,0,0,따뜻함,좋음
2025-06-07 20:00,2025-06-07,20,6,여름,21.6,20.2,0.0,0.0,35,3.2,17,36,0,0,따뜻함,보통
2025-06-07 21:00,2025-06-07,21,6,여름,19.2,15.1,0.0,0.0,47,5.1,37,60,0,0,따뜻함,나쁨
2025-06-07 22:00,2025-06-07,22,6,여름,18.0,14.0,0.0,0.0,64,5.0,25,40,0,0,따뜻함,보통
2025-06-07 23:00,2025-06-07,23,6,여름,22.6,21.4,0.0,0.0,36,1.8,5,8,0,0,따뜻함,좋음
2025-06-08 00:00,2025-06-08,0,6,여름,16.4,12.2,0.0,0.0,83,5.2,21,33,0,0,따뜻함,보통
2025-06-08 01:00,2025-06-08,1,6,여름,22.1,20.7,0.0,0.0,64,3.1,8,13,0,0,따뜻함,좋음
2025-06-08 02:00,2025-06-08,2,6,여름,15.6,13.0,0.0,0.0,75,3.8,34,61,0,0,따뜻함,보통
2025-06-08 03:00,2025-06-08,3,6,여름,16.7,15.6,0.0,0.0,73,2.8,40,68,0,0,따뜻함,나쁨
2025-06-08 04:00,2025-06-08,4,6,여름,18.9,13.7,0.0,0.0,53,7.6,24,38,0,0,따뜻함,보통
2025-06-08 05:00,2025-06-08,5,6,여름,24.8,20.4,0.0,0.0,50,6.3,31,57,0,0,더움,보통
2025-06-08 06:00,2025-06-08,6,6,여름,23.7,19.4,0.0,0.0,36,7.2,5,9,0,0,더움,좋음
2025-06-08 07:00,2025-06-08,7,6,여름,25.2,21.1,0.0,0.0,87,4.9,30,45,0,0,더움,보통
2025-06-08 08:00,2025-06-08,8,6,여름,24.4,21.3,0.0,0.0,49,3.6,15,26,0,0,더움,좋음
2025-06-08 09:00,2025-06-08,9,6,여름,20.8,17.8,0.0,0.0,69,5.8,43,70,0,0,따뜻함,나쁨
2025-06-08 10:00,2025-06-08,10,6,여름,28.0,27.2,0.0,0.0,38,0.8,36,60,0,0,더움,나쁨
2025-06-08 11:00,2025-06-08,11,6,여름,30.6,30.4,0.0,0.0,53,1.2,25,51,0,0,매우더움,보통
2025-06-08 12:00,2025-06-08,12,6,여름,26.2,25.2,0.0,0.0,53,1.3,33,52,0,0,더움,보통
2025-06-08 13:00,2025-06-08,13,6,여름,26.7,22.2,0.0,0.0,67,6.8,30,46,0,0,더움,보통
2025-06-08 14:00,2025-06-08,14,6,여름,28.4,24.6,0.0,0.0,79,4.9,18,32,0,0,더움,보통
2025-06-08 15:00,2025-06-08,15,6,여름,25.3,24.8,0.0,0.0,53,1.2,14,21,0,0,더움,좋음
2025-06-08 16:00,2025-06-08,16,6,여름,29.4,28.9,0.0,0.0,35,1.7,48,95,0,0,더움,나쁨
2025-06-08 17:00,2025-06-08,17,6,여름,28.2,24.7,0.0,0.0,60,5.6,7,15,0,0,더움,좋음
2025-06-08 18:00,2025-06-08,18,6,여름,21.4,21.1,0.0,0.0,69,1.3,43,74,0,0,따뜻함,나쁨
2025-06-08 19:00,2025-06-08,19,6,여름,18.4,13.3,0.0,0.0,52,7.1,22,39,0,0,따뜻함,보통
2025-06-08 20:00,2025-06-08,20,6,여름,15.9,11.5,0.0,0.0,89,5.7,27,51,0,0,따뜻함,보통
2025-06-08 21:00,2025-06-08,21,6,여름,23.4,22.5,0.0,0.0,82,0.9,19,29,0,0,더움,보통
2025-06-08 22:00,2025-06-08,22,6,여름,17.9,12.2,0.0,0.0,72,7.4,14,29,0,0,따뜻함,좋음
2025-06-08 23:00,2025-06-08,23,6,여름,17.2,12.1,0.0,0.0,65,6.3,36,78,0,0,따뜻함,나쁨
2025-06-09 00:00,2025-06-09,0,6,여름,18.8,15.0,0.0,0.0,76,5.1,39,71,0,0,따뜻함,나쁨
2025-06-09 01:00,2025-06-09,1,6,여름,20.4,16.9,0.0,0.0,90,4.0,26,52,0,0,따뜻함,보통
2025-06-09 02:00,2025-06-09,2,6,여름,22.0,17.2,0.0,0.0,52,7.4,21,38,0,0,따뜻함,보통
2025-06-09 03:00,2025-06-09,3,6,여름,18.3,16.7,0.0,0.0,42,3.3,6,12,0,0,따뜻함,좋음
2025-06-09 04:00,2025-06-09,4,6,여름,23.2,19.6,0.0,0.0,32,5.3,5,10,0,0,더움,좋음
2025-06-09 05:00,2025-06-09,5,6,여름,18.2,17.1,0.0,0.0,73,2.5,19,30,0,0,따뜻함,보통
2025-06-09 06:00,2025-06-09,6,6,여름,27.3,25.2,0.0,0.0,84,2.7,43,86,0,0,더움,나쁨
2025-06-09 07:00,2025-06-09,7,6,여름,20.4,15.5,0.0,0.0,75,7.5,68,121,0,0,따뜻함,나쁨
2025-06-09 08:00,2025-06-09,8,6,여름,27.4,26.8,0.0,0.0,71,0.7,23,48,0,0,더움,보통
2025-06-09 09:00,2025-06-09,9,6,여름,25.7,21.3,1.2,0.0,83,5.4,18,35,1,0,더움,보통
2025-06-09 10:00,2025-06-09,10,6,여름,27.9,22.9,0.0,0.0,80,6.2,5,10,0,0,더움,좋음
2025-06-09 11:00,2025-06-09,11,6,여름,27.1,25.2,0.0,0.0,57,1.7,22,41,0,0,더움,보통
2025-06-09 12:00,2025-06-09,12,6,여름,23.3,19.2,0.0,0.0,31,5.8,44,71,0,0,더움,나쁨
2025-06-09 13:00,2025-06-09,13,6,여름,22.7,21.3,0.0,0.0,66,0.7,10,15,0,0,따뜻함,좋음
2025-06-09 14:00,2025-06-09,14,6,여름,31.0,26.9,0.0,0.0,31,6.0,5,10,0,0,매우더움,좋음
2025-06-09 15:00,2025-06-09,15,6,여름,28.8,27.9,0.0,0.0,69,1.0,39,81,0,0,더움,나쁨
2025-06-09 16:00,2025-06-09,16,6,여름,26.7,22.1,0.0,0.0,39,6.7,8,15,0,0,더움,좋음
2025-06-09 17:00,2025-06-09,17,6,여름,27.8,27.8,0.0,0.0,44,0.8,22,36,0,0,더움,보통
2025-06-09 18:00,2025-06-09,18,6,여름,24.4,22.6,0.0,0.0,82,3.2,29,52,0,0,더움,보통
2025-06-09 19:00,2025-06-09,19,6,여름,19.0,15.5,0.0,0.0,42,5.0,12,24,0,0,따뜻함,좋음
2025-06-09 20:00,2025-06-09,20,6,여름,25.4,22.4,0.0,0.0,37,5.2,24,42,0,0,더움,보통
2025-06-09 21:00,2025-06-09,21,6,여름,21.3,17.1,0.0,0.0,77,5.0,5,7,0,0,따뜻함,좋음
2025-06-09 22:00,2025-06-09,22,6,여름,15.9,14.9,0.0,0.0,33,1.9,5,10,0,0,따뜻함,좋음
2025-06-09 23:00,2025-06-09,23,6,여름,18.8,18.7,0.0,0.0,73,0.8,48,81,0,0,따뜻함,나쁨
2025-06-10 00:00,2025-06-10,0,6,여름,23.6,22.7,0.0,0.0,46,1.7,41,85,0,0,더움,나쁨
2025-06-10 01:00,2025-06-10,1,6,여름,23.8,19.8,0.0,0.0,38,4.2,29,57,0,0,더움,보통
2025-06-10 02:00,2025-06-10,2,6,여름,18.7,15.4,0.0,0.0,34,4.8,24,39,0,0,따뜻함,보통
2025-06-10 03:00,2025-06-10,3,6,여름,24.9,22.0,0.0,0.0,36,3.6,14,25,0,0,더움,좋음
2025-06-10 04:00,2025-06-10,4,6,여름,23.7,21.6,0.0,0.0,39,3.1,29,61,0,0,더움,보통
2025-06-10 05:00,2025-06-10,5,6,여름,19.3,16.7,0.0,0.0,87,4.6,24,42,0,0,따뜻함,보통
2025-06-10 06:00,2025-06-10,6,6,여름,23.7,21.9,0.0,0.0,45,2.9,25,41,0,0,더움,보통
2025-06-10 07:00,2025-06-10,7,6,여름,22.6,17.8,0.0,0.0,68,6.6,19,38,0,0,따뜻함,보통
2025-06-10 08:00,2025-06-10,8,6,여름,26.2,23.2,0.0,0.0,52,4.4,12,21,0,0,더움,좋음
2025-06-10 09:00,2025-06-10,9,6,여름,28.7,27.5,0.0,0.0,54,1.3,25,50,0,0,더움,보통
2025-06-10 10:00,2025-06-10,10,6,여름,23.6,20.9,0.0,0.0,71,4.1,19,30,0,0,더움,보통
2025-06-10 11:00,2025-06-10,11,6,여름,25.4,21.9,0.0,0.0,82,5.8,10,21,0,0,더움,좋음
2025-06-10 12:00,2025-06-10,12,6,여름,23.4,18.8,0.0,0.0,45,5.0,28,46,0,0,더움,보통
2025-06-10 13:00,2025-06-10,13,6,여름,28.4,26.8,0.0,0.0,89,0.8,24,44,0,0,더움,보통
2025-06-10 14:00,2025-06-10,14,6,여름,23.0,21.2,0.0,0.0,73,3.0,5,9,0,0,더움,좋음
2025-06-10 15:00,2025-06-10,15,6,여름,22.7,19.9,0.0,0.0,50,4.8,22,34,0,0,따뜻함,보통
2025-06-10 16:00,2025-06-10,16,6,여름,23.6,21.0,0.0,0.0,72,3.8,59,105,0,0,더움,나쁨
2025-06-10 17:00,2025-06-10,17,6,여름,28.8,26.3,0.0,0.0,80,2.8,5,9,0,0,더움,좋음
2025-06-10 18:00,2025-06-10,18,6,여름,23.6,21.4,0.0,0.0,33,4.2,14,27,0,0,더움,좋음
2025-06-10 19:00,2025-06-10,19,6,여름,20.1,17.5,0.0,0.0,68,4.1,5,7,0,0,따뜻함,좋음
2025-06-10 20:00,2025-06-10,20,6,여름,23.8,21.9,0.0,0.0,90,2.9,36,62,0,0,더움,나쁨
2025-06-10 21:00,2025-06-10,21,6,여름,22.6,17.1,0.0,0.0,33,7.4,19,32,0,0,따뜻함,보통
2025-06-10 22:00,2025-06-10,22,6,여름,22.1,19.1,0.0,0.0,35,4.1,25,37,0,0,따뜻함,보통
2025-06-10 23:00,2025-06-10,23,6,여름,20.0,19.8,0.0,0.0,36,1.2,14,27,0,0,따뜻함,좋음
2025-06-11 00:00,2025-06-11,0,6,여름,15.9,10.7,0.0,0.0,59,7.0,9,13,0,0,따뜻함,좋음
2025-06-11 01:00,2025-06-11,1,6,여름,21.2,16.9,0.0,0.0,64,5.4,12,20,0,0,따뜻함,좋음
2025-06-11 02:00,2025-06-11,2,6,여름,22.9,21.4,0.0,0.0,88,3.6,19,39,0,0,따뜻함,보통
2025-06-11 03:00,2025-06-11,3,6,여름,20.6,16.2,0.0,0.0,58,5.5,40,73,0,0,따뜻함,나쁨
2025-06-11 04:00,2025-06-11,4,6,여름,19.7,17.5,0.0,0.0,37,3.1,5,7,0,0,따뜻함,좋음
2025-06-11 05:00,2025-06-11,5,6,여름,19.5,17.7,0.0,0.0,58,2.6,31,58,0,0,따뜻함,보통
2025-06-11 06:00,2025-06-11,6,6,여름,26.4,19.9,1.9,0.0,69,7.9,48,85,1,0,더움,나쁨
2025-06-11 07:00,2025-06-11,7,6,여름,23.5,20.4,0.0,0.0,88,4.4,47,83,0,0,더움,나쁨
2025-06-11 08:00,2025-06-11,8,6,여름,19.8,17.0,0.0,0.0,85,4.5,29,49,0,0,따뜻함,보통
2025-06-11 09:00,2025-06-11,9,6,여름,28.0,27.0,0.0,0.0,33,1.1,12,22,0,0,더움,좋음
2025-06-11 10:00,2025-06-11,10,6,여름,22.2,19.9,0.0,0.0,81,3.0,39,84,0,0,따뜻함,나쁨
2025-06-11 11:00,2025-06-11,11,6,여름,29.8,28.3,0.0,0.0,43,0.9,53,83,0,0,더움,나쁨
2025-06-11 12:00,2025-06-11,12,6,여름,32.2,30.1,0.0,0.0,31,2.5,40,83,0,0,매우더움,나쁨
2025-06-11 13:00,2025-06-11,13,6,여름,31.6,27.3,0.0,0.0,69,5.5,5,7,0,0,매우더움,좋음
2025-06-11 14:00,2025-06-11,14,6,여름,27.1,23.7,0.0,0.0,39,4.3,15,28,0,0,더움,좋음
2025-06-11 15:00,2025-06-11,15,6,여름,30.3,27.9,0.0,0.0,35,3.4,15,27,0,0,매우더움,좋음
2025-06-11 16:00,2025-06-11,16,6,여름,29.2,25.5,0.0,0.0,65,4.6,43,86,0,0,더움,나쁨
2025-06-11 17:00,2025-06-11,17,6,여름,20.3,16.6,0.0,0.0,89,6.9,5,7,0,0,따뜻함,좋음
2025-06-11 18:00,2025-06-11,18,6,여름,17.9,14.7,0.0,0.0,57,5.4,55,102,0,0,따뜻함,나쁨
2025-06-11 19:00,2025-06-11,19,6,여름,27.0,23.9,0.0,0.0,68,4.4,48,77,0,0,더움,나쁨
2025-06-11 20:00,2025-06-11,20,6,여름,21.1,19.4,3.0,0.0,57,2.5,14,24,1,0,따뜻함,좋음
2025-06-11 21:00,2025-06-11,21,6,여름,20.1,19.4,0.0,0.0,74,1.5,15,23,0,0,따뜻함,좋음
2025-06-11 22:00,2025-06-11,22,6,여름,13.4,9.7,0.0,0.0,79,6.8,24,39,0,0,선선함,보통
2025-06-11 23:00,2025-06-11,23,6,여름,15.1,9.9,0.0,0.0,56,7.3,11,17,0,0,따뜻함,좋음
2025-06-12 00:00,2025-06-12,0,6,여름,20.6,15.7,0.0,0.0,86,6.9,37,66,0,0,따뜻함,나쁨
2025-06-12 01:00,2025-06-12,1,6,여름,18.2,13.2,0.0,0.0,71,7.0,31,49,0,0,따뜻함,보통
2025-06-12 02:00,2025-06-12,2,6,여름,20.0,15.5,0.0,0.0,83,6.3,32,50,0,0,따뜻함,보통
2025-06-12 03:00,2025-06-12,3,6,여름,19.7,15.0,0.0,0.0,60,6.7,59,123,0,0,따뜻함,나쁨
2025-06-12 04:00,2025-06-12,4,6,여름,24.6,19.8,0.0,0.0,45,6.5,38,60,0,0,더움,나쁨
2025-06-12 05:00,2025-06-12,5,6,여름,24.7,19.7,0.0,0.0,54,7.3,5,7,0,0,더움,좋음
2025-06-12 06:00,2025-06-12,6,6,여름,18.1,15.5,0.0,0.0,77,3.9,30,55,0,0,따뜻함,보통
2025-06-12 07:00,2025-06-12,7,6,여름,24.2,19.4,0.0,0.0,90,6.8,52,108,0,0,더움,나쁨
2025-06-12 08:00,2025-06-12,8,6,여름,28.0,27.7,0.0,0.0,33,0.9,16,24,0,0,더움,보통
2025-06-12 09:00,2025-06-12,9,6,여름,27.5,27.6,0.0,0.0,43,0.9,18,32,0,0,더움,보통
2025-06-12 10:00,2025-06-12,10,6,여름,32.0,28.7,0.0,0.0,37,6.0,18,28,0,0,매우더움,보통
2025-06-12 11:00,2025-06-12,11,6,여름,29.5,23.5,0.0,0.0,85,7.8,17,36,0,0,더움,보통
2025-06-12 12:00,2025-06-12,12,6,여름,28.8,23.7,0.0,0.0,79,7.7,38,74,0,0,더움,나쁨
2025-06-12 13:00,2025-06-12,13,6,여름,30.4,29.3,0.0,0.0,67,2.5,23,40,0,0,매우더움,보통
2025-06-12 14:00,2025-06-12,14,6,여름,26.9,21.8,0.0,0.0,54,6.3,7,11,0,0,더움,좋음
2025-06-12 15:00,2025-06-12,15,6,여름,23.4,22.5,0.0,0.0,44,1.1,15,28,0,0,더움,좋음
2025-06-12 16:00,2025-06-12,16,6,여름,30.7,29.0,0.0,0.0,40,1.1,19,35,0,0,매우더움,보통
2025-06-12 17:00,2025-06-12,17,6,여름,28.4,24.4,0.0,0.0,87,5.9,8,13,0,0,더움,좋음
2025-06-12 18:00,2025-06-12,18,6,여름,21.0,18.9,0.0,0.0,39,3.9,35,72,0,0,따뜻함,보통
2025-06-12 19:00,2025-06-12,19,6,여름,19.8,14.9,0.0,0.0,70,6.7,9,15,0,0,따뜻함,좋음
2025-06-12 20:00,2025-06-12,20,6,여름,23.3,21.6,0.0,0.0,61,1.9,39,84,0,0,더움,나쁨
2025-06-12 21:00,2025-06-12,21,6,여름,19.8,17.9,2.4,0.0,70,2.8,42,77,1,0,따뜻함,나쁨
2025-06-12 22:00,2025-06-12,22,6,여름,17.2,14.2,0.0,0.0,64,5.1,13,25,0,0,따뜻함,좋음
2025-06-12 23:00,2025-06-12,23,6,여름,19.1,18.6,0.0,0.0,55,0.8,11,18,0,0,따뜻함,좋음
2025-06-13 00:00,2025-06-13,0,6,여름,19.0,14.9,0.0,0.0,55,5.5,40,82,0,0,따뜻함,나쁨
2025-06-13 01:00,2025-06-13,1,6,여름,14.5,11.6,0.0,0.0,81,3.5,55,111,0,0,선선함,나쁨
2025-06-13 02:00,2025-06-13,2,6,여름,18.2,17.9,0.0,0.0,37,1.1,43,92,0,0,따뜻함,나쁨
2025-06-13 03:00,2025-06-13,3,6,여름,17.7,11.8,0.0,0.0,90,7.3,25,48,0,0,따뜻함,보통
2025-06-13 04:00,2025-06-13,4,6,여름,22.4,19.2,0.0,0.0,90,4.4,34,56,0,0,따뜻함,보통
2025-06-13 05:00,2025-06-13,5,6,여름,26.6,21.1,0.0,0.0,89,7.3,56,88,0,0,더움,나쁨
2025-06-13 06:00,2025-06-13,6,6,여름,24.0,19.1,0.0,0.0,70,7.2,13,20,0,0,더움,좋음
2025-06-13 07:00,2025-06-13,7,6,여름,23.9,19.3,0.0,0.0,58,7.1,12,24,0,0,더움,좋음
2025-06-13 08:00,2025-06-13,8,6,여름,21.7,18.9,0.0,0.0,80,4.2,45,68,0,0,따뜻함,나쁨
2025-06-13 09:00,2025-06-13,9,6,여름,22.9,18.7,0.0,0.0,30,6.2,35,52,0,0,따뜻함,보통
2025-06-13 10:00,2025-06-13,10,6,여름,26.2,26.4,0.0,0.0,64,0.5,21,43,0,0,더움,보통
2025-06-13 11:00,2025-06-13,11,6,여름,26.6,26.4,0.0,0.0,33,0.6,34,73,0,0,더움,보통
2025-06-13 12:00,2025-06-13,12,6,여름,30.9,29.1,0.0,0.0,79,1.4,15,26,0,0,매우더움,좋음
2025-06-13 13:00,2025-06-13,13,6,여름,27.5,24.5,0.0,0.0,51,4.4,5,9,0,0,더움,좋음
2025-06-13 14:00,2025-06-13,14,6,여름,28.7,28.4,0.0,0.0,52,0.8,14,23,0,0,더움,좋음
2025-06-13 15:00,2025-06-13,15,6,여름,31.7,28.7,0.0,0.0,56,3.7,27,42,0,0,매우더움,보통
2025-06-13 16:00,2025-06-13,16,6,여름,29.3,26.8,0.0,0.0,83,3.7,35,68,0,0,더움,보통
2025-06-13 17:00,2025-06-13,17,6,여름,23.1,18.1,0.0,0.0,63,6.5,28,59,0,0,더움,보통
2025-06-13 18:00,2025-06-13,18,6,여름,27.6,22.4,0.0,0.0,30,7.5,36,54,0,0,더움,나쁨
2025-06-13 19:00,2025-06-13,19,6,여름,19.0,17.8,0.0,0.0,82,2.2,25,41,0,0,따뜻함,보통
2025-06-13 20:00,2025-06-13,20,6,여름,22.1,16.1,0.0,0.0,66,7.4,33,63,0,0,따뜻함,보통
2025-06-13 21:00,2025-06-13,21,6,여름,16.4,16.5,0.0,0.0,56,1.1,23,43,0,0,따뜻함,보통
2025-06-13 22:00,2025-06-13,22,6,여름,14.6,11.2,0.0,0.0,85,5.3,26,42,0,0,선선함,보통
2025-06-13 23:00,2025-06-13,23,6,여름,13.0,7.4,0.0,0.0,65,7.9,16,32,0,0,선선함,보통
2025-06-14 00:00,2025-06-14,0,6,여름,16.2,12.7,0.0,0.0,80,5.8,22,37,0,0,따뜻함,보통
2025-06-14 01:00,2025-06-14,1,6,여름,21.2,20.0,0.0,0.0,72,1.4,5,10,0,0,따뜻함,좋음
2025-06-14 02:00,2025-06-14,2,6,여름,20.0,16.5,0.0,0.0,81,5.7,48,98,0,0,따뜻함,나쁨
2025-06-14 03:00,2025-06-14,3,6,여름,15.0,14.6,0.0,0.0,33,1.6,44,77,0,0,따뜻함,나쁨
2025-06-14 04:00,2025-06-14,4,6,여름,20.4,16.7,0.0,0.0,59,5.3,30,63,0,0,따뜻함,보통
2025-06-14 05:00,2025-06-14,5,6,여름,19.1,14.9,0.0,0.0,33,4.6,5,9,0,0,따뜻함,좋음
2025-06-14 06:00,2025-06-14,6,6,여름,16.3,10.5,0.0,0.0,86,7.9,33,69,0,0,따뜻함,보통
2025-06-14 07:00,2025-06-14,7,6,여름,22.4,16.9,0.0,0.0,88,7.9,33,63,0,0,따뜻함,보통
2025-06-14 08:00,2025-06-14,8,6,여름,25.1,21.2,0.0,0.0,65,6.3,66,128,0,0,더움,나쁨
2025-06-14 09:00,2025-06-14,9,6,여름,32.9,27.4,0.0,0.0,75,8.0,37,71,0,0,매우더움,나쁨
2025-06-14 10:00,2025-06-14,10,6,여름,32.4,29.4,2.6,0.0,59,5.4,23,41,1,0,매우더움,보통
2025-06-14 11:00,2025-06-14,11,6,여름,30.5,27.7,0.0,0.0,68,2.3,15,31,0,0,매우더움,좋음
2025-06-14 12:00,2025-06-14,12,6,여름,32.8,28.7,0.0,0.0,55,5.7,24,38,0,0,매우더움,보통
2025-06-14 13:00,2025-06-14,13,6,여름,32.6,30.4,0.0,0.0,80,3.2,17,25,0,0,매우더움,보통
2025-06-14 14:00,2025-06-14,14,6,여름,26.9,25.7,0.0,0.0,49,1.1,47,102,0,0,더움,나쁨
2025-06-14 15:00,2025-06-14,15,6,여름,31.4,29.1,0.0,0.0,54,2.9,40,73,0,0,매우더움,나쁨
2025-06-14 16:00,2025-06-14,16,6,여름,25.3,25.1,0.0,0.0,52,1.2,11,16,0,0,더움,좋음
2025-06-14 17:00,2025-06-14,17,6,여름,23.8,22.0,0.0,0.0,67,1.9,14,28,0,0,더움,좋음
2025-06-14 18:00,2025-06-14,18,6,여름,22.3,19.7,0.3,0.0,65,3.9,30,64,1,0,따뜻함,보통
2025-06-14 19:00,2025-06-14,19,6,여름,17.5,11.9,0.0,0.0,63,7.0,50,100,0,0,따뜻함,나쁨
2025-06-14 20:00,2025-06-14,20,6,여름,17.3,14.3,0.0,0.0,66,4.5,23,36,0,0,따뜻함,보통
2025-06-14 21:00,2025-06-14,21,6,여름,15.2,11.6,0.0,0.0,59,5.7,26,39,0,0,따뜻함,보통
2025-06-14 22:00,2025-06-14,22,6,여름,14.6,12.0,0.0,0.0,44,3.1,5,8,0,0,선선함,좋음
2025-06-14 23:00,2025-06-14,23,6,여름,18.5,14.5,0.0,0.0,59,5.4,20,34,0,0,따뜻함,보통
2025-06-15 00:00,2025-06-15,0,6,여름,12.2,8.3,0.0,0.0,76,5.9,11,19,0,0,선선함,좋음
2025-06-15 01:00,2025-06-15,1,6,여름,16.0,14.4,0.0,0.0,88,2.8,5,10,0,0,따뜻함,좋음
2025-06-15 02:00,2025-06-15,2,6,여름,18.2,16.7,0.0,0.0,67,1.3,16,27,0,0,따뜻함,보통
2025-06-15 03:00,2025-06-15,3,6,여름,19.2,14.9,0.0,0.0,55,6.7,5,9,0,0,따뜻함,좋음
2025-06-15 04:00,2025-06-15,4,6,여름,23.6,19.7,0.0,0.0,60,6.4,15,30,0,0,더움,좋음
2025-06-15 05:00,2025-06-15,5,6,여름,23.0,19.0,2.1,0.0,38,6.0,20,40,1,0,더움,보통
2025-06-15 06:00,2025-06-15,6,6,여름,19.2,14.5,0.0,0.0,44,6.1,25,54,0,0,따뜻함,보통
2025-06-15 07:00,2025-06-15,7,6,여름,28.6,24.0,0.0,0.0,77,7.1,5,7,0,0,더움,좋음
2025-06-15 08:00,2025-06-15,8,6,여름,28.7,28.1,0.0,0.0,54,1.4,35,67,0,0,더움,보통
2025-06-15 09:00,2025-06-15,9,6,여름,25.9,23.0,0.0,0.0,83,3.7,37,62,0,0,더움,나쁨
2025-06-15 10:00,2025-06-15,10,6,여름,25.9,23.7,0.0,0.0,71,2.6,5,9,0,0,더움,좋음
2025-06-15 11:00,2025-06-15,11,6,여름,28.1,27.9,0.0,0.0,68,0.6,15,29,0,0,더움,좋음
2025-06-15 12:00,2025-06-15,12,6,여름,32.0,29.8,0.0,0.0,62,2.9,30,50,0,0,매우더움,보통
2025-06-15 13:00,2025-06-15,13,6,여름,31.0,27.9,0.0,0.0,34,5.0,31,59,0,0,매우더움,보통
2025-06-15 14:00,2025-06-15,14,6,여름,31.6,28.9,0.0,0.0,82,3.2,5,10,0,0,매우더움,좋음
2025-06-15 15:00,2025-06-15,15,6,여름,25.1,21.0,0.0,0.0,69,4.8,37,56,0,0,더움,나쁨
2025-06-15 16:00,2025-06-15,16,6,여름,27.4,23.0,0.0,0.0,86,6.4,18,37,0,0,더움,보통
2025-06-15 17:00,2025-06-15,17,6,여름,23.1,21.2,0.0,0.0,79,2.6,28,50,0,0,더움,보통
2025-06-15 18:00,2025-06-15,18,6,여름,20.2,16.3,0.0,0.0,30,5.0,5,9,0,0,따뜻함,좋음
2025-06-15 19:00,2025-06-15,19,6,여름,19.8,15.9,0.3,0.0,82,4.8,43,73,1,0,따뜻함,나쁨
2025-06-15 20:00,2025-06-15,20,6,여름,20.1,18.7,0.0,0.0,71,1.9,5,9,0,0,따뜻함,좋음
2025-06-15 21:00,2025-06-15,21,6,여름,18.0,13.2,0.0,0.0,64,6.9,21,36,0,0,따뜻함,보통
2025-06-15 22:00,2025-06-15,22,6,여름,16.9,12.7,0.0,0.0,57,6.2,50,78,0,0,따뜻함,나쁨
2025-06-15 23:00,2025-06-15,23,6,여름,17.4,12.9,0.0,0.0,64,5.3,23,34,0,0,따뜻함,보통
2025-06-16 00:00,2025-06-16,0,6,여름,15.1,10.7,0.0,0.0,40,5.4,20,40,0,0,따뜻함,보통
2025-06-16 01:00,2025-06-16,1,6,여름,20.9,18.5,0.0,0.0,81,4.2,27,45,0,0,따뜻함,보통
2025-06-16 02:00,2025-06-16,2,6,여름,23.8,19.6,0.0,0.0,63,6.2,27,51,0,0,더움,보통
2025-06-16 03:00,2025-06-16,3,6,여름,23.3,23.2,0.0,0.0,68,0.9,37,65,0,0,더움,나쁨
2025-06-16 04:00,2025-06-16,4,6,여름,15.4,14.7,0.0,0.0,35,1.7,5,8,0,0,따뜻함,좋음
2025-06-16 05:00,2025-06-16,5,6,여름,24.6,23.3,0.0,0.0,67,2.0,5,8,0,0,더움,좋음
2025-06-16 06:00,2025-06-16,6,6,여름,22.3,19.5,0.0,0.0,59,4.7,39,72,0,0,따뜻함,나쁨
2025-06-16 07:00,2025-06-16,7,6,여름,27.8,22.6,0.0,0.0,45,6.4,28,56,0,0,더움,보통
2025-06-16 08:00,2025-06-16,8,6,여름,20.9,17.8,0.0,0.0,30,3.5,20,34,0,0,따뜻함,보통
2025-06-16 09:00,2025-06-16,9,6,여름,23.9,20.0,0.0,0.0,76,5.5,11,18,0,0,더움,좋음
2025-06-16 10:00,2025-06-16,10,6,여름,20.4,18.5,0.0,0.0,52,2.9,45,87,0,0,따뜻함,나쁨
2025-06-16 11:00,2025-06-16,11,6,여름,27.7,23.8,0.0,0.0,38,6.6,23,46,0,0,더움,보통
2025-06-16 12:00,2025-06-16,12,6,여름,28.6,23.9,3.7,0.0,60,6.6,55,87,1,0,더움,나쁨
2025-06-16 13:00,2025-06-16,13,6,여름,25.1,21.6,0.0,0.0,89,5.0,24,49,0,0,더움,보통
2025-06-16 14:00,2025-06-16,14,6,여름,24.1,22.2,0.0,0.0,37,2.9,14,29,0,0,더움,좋음
2025-06-16 15:00,2025-06-16,15,6,여름,31.0,26.9,0.0,0.0,57,6.5,11,19,0,0,매우더움,좋음
2025-06-16 16:00,2025-06-16,16,6,여름,22.6,21.2,0.0,0.0,55,2.0,38,65,0,0,따뜻함,나쁨
2025-06-16 17:00,2025-06-16,17,6,여름,21.0,18.1,0.0,0.0,48,4.3,38,77,0,0,따뜻함,나쁨
2025-06-16 18:00,2025-06-16,18,6,여름,18.3,13.9,0.0,0.0,48,5.6,11,21,0,0,따뜻함,좋음
2025-06-16 19:00,2025-06-16,19,6,여름,25.4,21.2,0.0,0.0,30,6.9,41,64,0,0,더움,나쁨
2025-06-16 20:00,2025-06-16,20,6,여름,23.2,19.0,0.0,0.0,83,4.9,41,79,0,0,더움,나쁨
2025-06-16 21:00,2025-06-16,21,6,여름,17.9,14.5,0.0,0.0,53,5.0,14,28,0,0,따뜻함,좋음
2025-06-16 22:00,2025-06-16,22,6,여름,20.5,18.8,0.0,0.0,70,3.6,25,52,0,0,따뜻함,보통
2025-06-16 23:00,2025-06-16,23,6,여름,23.0,18.2,0.0,0.0,54,7.5,43,81,0,0,더움,나쁨
2025-06-17 00:00,2025-06-17,0,6,여름,20.8,16.8,0.0,0.0,64,5.5,36,70,0,0,따뜻함,나쁨
2025-06-17 01:00,2025-06-17,1,6,여름,16.3,13.9,0.0,0.0,57,2.9,41,83,0,0,따뜻함,나쁨
2025-06-17 02:00,2025-06-17,2,6,여름,20.4,20.3,0.0,0.0,46,0.9,6,9,0,0,따뜻함,좋음
2025-06-17 03:00,2025-06-17,3,6,여름,15.3,11.2,0.0,0.0,36,5.1,15,24,0,0,따뜻함,좋음
2025-06-17 04:00,2025-06-17,4,6,여름,15.1,11.8,0.0,0.0,51,4.8,21,46,0,0,따뜻함,보통
2025-06-17 05:00,2025-06-17,5,6,여름,23.3,18.4,0.0,0.0,33,7.9,29,60,0,0,더움,보통
2025-06-17 06:00,2025-06-17,6,6,여름,23.0,22.2,0.0,0.0,61,0.6,23,40,0,0,더움,보통
2025-06-17 07:00,2025-06-17,7,6,여름,29.9,26.1,0.0,0.0,83,6.4,27,44,0,0,더움,보통
2025-06-17 08:00,2025-06-17,8,6,여름,25.3,24.5,0.0,0.0,88,1.9,27,59,0,0,더움,보통
2025-06-17 09:00,2025-06-17,9,6,여름,30.2,29.3,0.0,0.0,64,1.2,36,63,0,0,매우더움,나쁨
2025-06-17 10:00,2025-06-17,10,6,여름,25.1,24.5,0.0,0.0,62,1.2,31,61,0,0,더움,보통
2025-06-17 11:00,2025-06-17,11,6,여름,25.2,20.5,0.0,0.0,80,6.8,14,29,0,0,더움,좋음
2025-06-17 12:00,2025-06-17,12,6,여름,28.0,26.9,0.0,0.0,46,1.2,37,69,0,0,더움,나쁨
2025-06-17 13:00,2025-06-17,13,6,여름,23.8,22.0,0.0,0.0,41,2.8,34,64,0,0,더움,보통
2025-06-17 14:00,2025-06-17,14,6,여름,32.2,26.7,0.0,0.0,90,7.5,37,68,0,0,매우더움,나쁨
2025-06-17 15:00,2025-06-17,15,6,여름,26.6,24.6,0.0,0.0,54,2.2,14,27,0,0,더움,좋음
2025-06-17 16:00,2025-06-17,16,6,여름,27.7,22.1,0.0,0.0,73,7.5,5,10,0,0,더움,좋음
2025-06-17 17:00,2025-06-17,17,6,여름,25.4,23.0,0.0,0.0,47,2.3,33,49,0,0,더움,보통
2025-06-17 18:00,2025-06-17,18,6,여름,27.0,22.0,0.0,0.0,54,7.8,15,23,0,0,더움,좋음
2025-06-17 19:00,2025-06-17,19,6,여름,19.2,17.2,0.2,0.0,88,2.6,5,10,1,0,따뜻함,좋음
2025-06-17 20:00,2025-06-17,20,6,여름,24.4,20.9,0.0,0.0,39,4.6,15,23,0,0,더움,좋음
2025-06-17 21:00,2025-06-17,21,6,여름,20.6,16.5,0.4,0.0,61,6.1,37,58,1,0,따뜻함,나쁨
2025-06-17 22:00,2025-06-17,22,6,여름,17.3,13.1,0.0,0.0,76,6.6,36,56,0,0,따뜻함,나쁨
2025-06-17 23:00,2025-06-17,23,6,여름,20.3,14.4,0.0,0.0,40,7.8,45,84,0,0,따뜻함,나쁨
2025-06-18 00:00,2025-06-18,0,6,여름,19.2,17.0,0.0,0.0,33,1.7,35,72,0,0,따뜻함,보통
2025-06-18 01:00,2025-06-18,1,6,여름,14.7,10.7,0.0,0.0,69,5.3,21,40,0,0,선선함,보통
2025-06-18 02:00,2025-06-18,2,6,여름,24.3,19.8,0.0,0.0,39,6.1,32,65,0,0,더움,보통
2025-06-18 03:00,2025-06-18,3,6,여름,14.1,9.9,0.0,0.0,62,5.3,22,41,0,0,선선함,보통
2025-06-18 04:00,2025-06-18,4,6,여름,14.3,10.7,0.0,0.0,84,4.4,5,9,0,0,선선함,좋음
2025-06-18 05:00,2025-06-18,5,6,여름,25.1,19.1,1.8,0.0,84,7.8,43,93,1,0,더움,나쁨
2025-06-18 06:00,2025-06-18,6,6,여름,23.7,21.6,0.0,0.0,33,3.0,19,29,0,0,더움,보통
2025-06-18 07:00,2025-06-18,7,6,여름,19.7,15.9,4.0,0.0,55,4.4,51,101,1,0,따뜻함,나쁨
2025-06-18 08:00,2025-06-18,8,6,여름,22.1,19.8,0.0,0.0,36,3.4,39,79,0,0,따뜻함,나쁨
2025-06-18 09:00,2025-06-18,9,6,여름,26.4,22.5,0.0,0.0,56,5.2,5,9,0,0,더움,좋음
2025-06-18 10:00,2025-06-18,10,6,여름,26.6,24.2,0.0,0.0,34,3.5,33,59,0,0,더움,보통
2025-06-18 11:00,2025-06-18,11,6,여름,33.3,28.7,0.0,0.0,52,6.7,26,42,0,0,매우더움,보통
2025-06-18 12:00,2025-06-18,12,6,여름,28.8,26.4,0.0,0.0,72,3.3,25,51,0,0,더움,보통
2025-06-18 13:00,2025-06-18,13,6,여름,25.9,23.7,0.0,0.0,38,2.7,14,28,0,0,더움,좋음
2025-06-18 14:00,2025-06-18,14,6,여름,32.3,29.6,0.0,0.0,81,3.4,27,54,0,0,매우더움,보통
2025-06-18 15:00,2025-06-18,15,6,여름,27.9,25.5,0.0,0.0,63,3.5,52,89,0,0,더움,나쁨
2025-06-18 16:00,2025-06-18,16,6,여름,28.7,25.8,0.0,0.0,70,3.7,13,24,0,0,더움,좋음
2025-06-18 17:00,2025-06-18,17,6,여름,21.0,17.7,0.0,0.0,76,3.7,5,10,0,0,따뜻함,좋음
2025-06-18 18:00,2025-06-18,18,6,여름,18.1,16.3,0.0,0.0,77,2.0,21,41,0,0,따뜻함,보통
2025-06-18 19:00,2025-06-18,19,6,여름,19.7,18.2,0.0,0.0,45,1.4,37,72,0,0,따뜻함,나쁨
2025-06-18 20:00,2025-06-18,20,6,여름,18.2,15.8,0.0,0.0,30,3.3,27,48,0,0,따뜻함,보통
2025-06-18 21:00,2025-06-18,21,6,여름,19.6,15.7,0.0,0.0,30,5.9,27,57,0,0,따뜻함,보통
2025-06-18 22:00,2025-06-18,22,6,여름,16.5,14.7,0.0,0.0,88,2.0,33,64,0,0,따뜻함,보통
2025-06-18 23:00,2025-06-18,23,6,여름,20.9,20.0,0.0,0.0,50,1.5,22,37,0,0,따뜻함,보통
2025-06-19 00:00,2025-06-19,0,6,여름,22.3,20.6,0.0,0.0,72,2.2,27,43,0,0,따뜻함,보통
2025-06-19 01:00,2025-06-19,1,6,여름,14.7,9.6,0.0,0.0,59,6.7,19,30,0,0,선선함,보통
2025-06-19 02:00,2025-06-19,2,6,여름,15.7,15.3,0.0,0.0,33,1.5,40,65,0,0,따뜻함,나쁨
2025-06-19 03:00,2025-06-19,3,6,여름,19.5,13.8,0.0,0.0,76,7.5,53,88,0,0,따뜻함,나쁨
2025-06-19 04:00,2025-06-19,4,6,여름,23.2,19.8,0.0,0.0,77,4.8,5,9,0,0,더움,좋음
2025-06-19 05:00,2025-06-19,5,6,여름,19.2,15.6,0.0,0.0,46,3.9,24,49,0,0,따뜻함,보통
2025-06-19 06:00,2025-06-19,6,6,여름,19.6,15.8,0.0,0.0,32,5.1,40,60,0,0,따뜻함,나쁨
2025-06-19 07:00,2025-06-19,7,6,여름,23.6,20.5,0.0,0.0,76,5.2,12,21,0,0,더움,좋음
2025-06-19 08:00,2025-06-19,8,6,여름,30.0,29.7,0.0,0.0,34,2.0,48,87,0,0,매우더움,나쁨
2025-06-19 09:00,2025-06-19,9,6,여름,25.6,23.0,0.0,0.0,81,3.8,11,18,0,0,더움,좋음
2025-06-19 10:00,2025-06-19,10,6,여름,32.1,30.5,0.0,0.0,90,3.2,21,36,0,0,매우더움,보통
2025-06-19 11:00,2025-06-19,11,6,여름,33.2,32.6,0.0,0.0,34,0.7,56,90,0,0,매우더움,나쁨
2025-06-19 12:00,2025-06-19,12,6,여름,24.0,23.0,0.0,0.0,65,3.1,31,59,0,0,더움,보통
2025-06-19 13:00,2025-06-19,13,6,여름,27.6,22.5,0.0,0.0,84,7.0,14,22,0,0,더움,좋음
2025-06-19 14:00,2025-06-19,14,6,여름,24.8,21.8,0.0,0.0,88,5.6,31,66,0,0,더움,보통
2025-06-19 15:00,2025-06-19,15,6,여름,30.1,24.8,0.0,0.0,64,7.4,5,7,0,0,매우더움,좋음
2025-06-19 16:00,2025-06-19,16,6,여름,27.5,25.3,0.0,0.0,82,2.8,12,20,0,0,더움,좋음
2025-06-19 17:00,2025-06-19,17,6,여름,27.7,23.2,0.0,0.0,61,6.6,36,60,0,0,더움,나쁨
2025-06-19 18:00,2025-06-19,18,6,여름,22.4,18.2,0.0,0.0,66,6.7,29,58,0,0,따뜻함,보통
2025-06-19 19:00,2025-06-19,19,6,여름,21.8,16.3,0.0,0.0,43,7.6,16,25,0,0,따뜻함,보통
2025-06-19 20:00,2025-06-19,20,6,여름,23.8,22.9,0.0,0.0,67,1.1,31,59,0,0,더움,보통
2025-06-19 21:00,2025-06-19,21,6,여름,20.5,16.3,0.0,0.0,74,6.4,20,30,0,0,따뜻함,보통
2025-06-19 22:00,2025-06-19,22,6,여름,16.1,13.9,0.0,0.0,69,2.6,27,48,0,0,따뜻함,보통
2025-06-19 23:00,2025-06-19,23,6,여름,15.9,13.0,0.0,0.0,65,5.3,46,79,0,0,따뜻함,나쁨
2025-06-20 00:00,2025-06-20,0,6,여름,22.9,20.7,0.0,0.0,51,3.3,29,52,0,0,따뜻함,보통
2025-06-20 01:00,2025-06-20,1,6,여름,14.4,11.2,0.0,0.0,37,4.5,40,61,0,0,선선함,나쁨
2025-06-20 02:00,2025-06-20,2,6,여름,19.5,16.3,0.0,0.0,83,5.0,36,78,0,0,따뜻함,나쁨
2025-06-20 03:00,2025-06-20,3,6,여름,22.7,21.8,0.0,0.0,45,2.7,33,54,0,0,따뜻함,보통
2025-06-20 04:00,2025-06-20,4,6,여름,16.9,12.2,0.0,0.0,55,7.1,15,32,0,0,따뜻함,좋음
2025-06-20 05:00,2025-06-20,5,6,여름,17.5,12.7,0.0,0.0,49,8.0,31,56,0,0,따뜻함,보통
2025-06-20 06:00,2025-06-20,6,6,여름,25.3,23.9,0.0,0.0,69,2.5,18,33,0,0,더움,보통
2025-06-20 07:00,2025-06-20,7,6,여름,21.5,18.9,0.0,0.0,34,3.4,38,60,0,0,따뜻함,나쁨
2025-06-20 08:00,2025-06-20,8,6,여름,24.1,20.1,0.0,0.0,69,5.7,24,41,0,0,더움,보통
2025-06-20 09:00,2025-06-20,9,6,여름,27.8,26.5,0.0,0.0,62,1.0,42,83,0,0,더움,나쁨
2025-06-20 10:00,2025-06-20,10,6,여름,25.8,22.5,0.0,0.0,63,5.0,30,63,0,0,더움,보통
2025-06-20 11:00,2025-06-20,11,6,여름,22.5,19.1,0.0,0.0,39,6.1,53,95,0,0,따뜻함,나쁨
2025-06-20 12:00,2025-06-20,12,6,여름,30.1,26.1,0.0,0.0,44,5.7,35,65,0,0,매우더움,보통
2025-06-20 13:00,2025-06-20,13,6,여름,30.0,26.6,0.0,0.0,65,5.1,18,36,0,0,매우더움,보통
2025-06-20 14:00,2025-06-20,14,6,여름,26.2,23.0,0.0,0.0,50,4.5,5,8,0,0,더움,좋음
2025-06-20 15:00,2025-06-20,15,6,여름,28.8,26.9,0.0,0.0,35,3.0,27,58,0,0,더움,보통
2025-06-20 16:00,2025-06-20,16,6,여름,26.5,25.8,0.0,0.0,83,0.6,31,65,0,0,더움,보통
2025-06-20 17:00,2025-06-20,17,6,여름,26.7,21.7,0.0,0.0,42,6.8,36,64,0,0,더움,나쁨
2025-06-20 18:00,2025-06-20,18,6,여름,23.3,17.9,0.0,0.0,81,6.7,29,46,0,0,더움,보통
2025-06-20 19:00,2025-06-20,19,6,여름,20.2,16.8,0.0,0.0,34,6.2,30,49,0,0,따뜻함,보통
2025-06-20 20:00,2025-06-20,20,6,여름,19.6,15.8,0.0,0.0,81,4.7,27,42,0,0,따뜻함,보통
2025-06-20 21:00,2025-06-20,21,6,여름,22.6,18.7,0.0,0.0,33,5.8,52,103,0,0,따뜻함,나쁨
2025-06-20 22:00,2025-06-20,22,6,여름,18.3,13.7,0.0,0.0,82,6.6,18,38,0,0,따뜻함,보통
2025-06-20 23:00,2025-06-20,23,6,여름,18.3,14.2,0.0,0.0,41,6.3,5,8,0,0,따뜻함,좋음
2025-06-21 00:00,2025-06-21,0,6,여름,18.8,16.9,0.0,0.0,35,2.5,26,43,0,0,따뜻함,보통
2025-06-21 01:00,2025-06-21,1,6,여름,11.1,7.9,0.0,0.0,83,4.8,34,69,0,0,선선함,보통
2025-06-21 02:00,2025-06-21,2,6,여름,21.6,20.7,0.0,0.0,54,1.7,62,105,0,0,따뜻함,나쁨
2025-06-21 03:00,2025-06-21,3,6,여름,23.6,20.4,0.0,0.0,86,5.8,19,34,0,0,더움,보통
2025-06-21 04:00,2025-06-21,4,6,여름,23.1,21.3,0.0,0.0,66,1.4,39,62,0,0,더움,나쁨
2025-06-21 05:00,2025-06-21,5,6,여름,23.4,18.2,0.0,0.0,66,6.5,23,46,0,0,더움,보통
2025-06-21 06:00,2025-06-21,6,6,여름,17.3,12.7,0.0,0.0,73,6.8,18,31,0,0,따뜻함,보통
2025-06-21 07:00,2025-06-21,7,6,여름,21.7,16.8,0.0,0.0,44,7.7,41,83,0,0,따뜻함,나쁨
2025-06-21 08:00,2025-06-21,8,6,여름,24.9,21.0,0.0,0.0,34,6.3,64,128,0,0,더움,나쁨
2025-06-21 09:00,2025-06-21,9,6,여름,21.3,18.1,0.0,0.0,50,4.8,5,10,0,0,따뜻함,좋음
2025-06-21 10:00,2025-06-21,10,6,여름,30.4,28.6,2.6,0.0,75,3.5,9,16,1,0,매우더움,좋음
2025-06-21 11:00,2025-06-21,11,6,여름,27.8,24.7,0.0,0.0,60,5.5,21,32,0,0,더움,보통
2025-06-21 12:00,2025-06-21,12,6,여름,27.1,23.3,0.0,0.0,43,6.1,26,54,0,0,더움,보통
2025-06-21 13:00,2025-06-21,13,6,여름,31.6,28.9,0.0,0.0,79,4.2,23,43,0,0,매우더움,보통
2025-06-21 14:00,2025-06-21,14,6,여름,21.8,19.2,0.0,0.0,65,2.6,41,68,0,0,따뜻함,나쁨
2025-06-21 15:00,2025-06-21,15,6,여름,24.6,23.8,0.0,0.0,71,1.1,15,25,0,0,더움,좋음
2025-06-21 16:00,2025-06-21,16,6,여름,21.0,19.6,0.0,0.0,73,1.8,19,41,0,0,따뜻함,보통
2025-06-21 17:00,2025-06-21,17,6,여름,28.1,26.4,0.0,0.0,41,2.0,35,70,0,0,더움,보통
2025-06-21 18:00,2025-06-21,18,6,여름,25.6,23.5,0.0,0.0,64,2.6,21,40,0,0,더움,보통
2025-06-21 19:00,2025-06-21,19,6,여름,23.8,19.2,0.0,0.0,77,5.7,30,46,0,0,더움,보통
2025-06-21 20:00,2025-06-21,20,6,여름,17.2,12.1,0.0,0.0,67,7.0,19,37,0,0,따뜻함,보통
2025-06-21 21:00,2025-06-21,21,6,여름,13.0,12.5,0.0,0.0,35,1.4,46,74,0,0,선선함,나쁨
2025-06-21 22:00,2025-06-21,22,6,여름,16.3,15.5,0.0,0.0,40,1.9,31,56,0,0,따뜻함,보통
2025-06-21 23:00,2025-06-21,23,6,여름,14.7,12.8,0.0,0.0,45,1.9,29,55,0,0,선선함,보통
2025-06-22 00:00,2025-06-22,0,6,여름,21.1,15.0,0.0,0.0,45,7.8,24,40,0,0,따뜻함,보통
2025-06-22 01:00,2025-06-22,1,6,여름,17.8,16.9,0.0,0.0,51,2.1,18,36,0,0,따뜻함,보통
2025-06-22 02:00,2025-06-22,2,6,여름,15.5,10.2,0.0,0.0,53,6.8,21,33,0,0,따뜻함,보통
2025-06-22 03:00,2025-06-22,3,6,여름,15.2,12.0,0.0,0.0,77,4.8,8,14,0,0,따뜻함,좋음
2025-06-22 04:00,2025-06-22,4,6,여름,25.9,22.3,0.0,0.0,86,5.2,18,27,0,0,더움,보통
2025-06-22 05:00,2025-06-22,5,6,여름,23.7,19.6,0.0,0.0,60,6.2,12,25,0,0,더움,좋음
2025-06-22 06:00,2025-06-22,6,6,여름,20.7,15.5,0.0,0.0,49,6.0,24,36,0,0,따뜻함,보통
2025-06-22 07:00,2025-06-22,7,6,여름,24.8,23.7,0.0,0.0,72,2.1,17,32,0,0,더움,보통
2025-06-22 08:00,2025-06-22,8,6,여름,25.3,24.0,0.0,0.0,40,3.1,5,9,0,0,더움,좋음
2025-06-22 09:00,2025-06-22,9,6,여름,28.9,28.1,0.0,0.0,81,1.1,32,49,0,0,더움,보통
2025-06-22 10:00,2025-06-22,10,6,여름,31.1,25.6,2.6,0.0,62,7.2,46,73,1,0,매우더움,나쁨
2025-06-22 11:00,2025-06-22,11,6,여름,24.8,20.4,6.2,0.0,57,7.5,51,98,1,0,더움,나쁨
2025-06-22 12:00,2025-06-22,12,6,여름,30.2,27.8,0.0,0.0,58,4.0,40,70,0,0,매우더움,나쁨
2025-06-22 13:00,2025-06-22,13,6,여름,27.5,25.5,0.0,0.0,55,2.7,30,55,0,0,더움,보통
2025-06-22 14:00,2025-06-22,14,6,여름,31.7,30.6,0.0,0.0,32,3.1,12,25,0,0,매우더움,좋음
2025-06-22 15:00,2025-06-22,15,6,여름,27.6,24.5,0.0,0.0,31,4.1,16,31,0,0,더움,보통
2025-06-22 16:00,2025-06-22,16,6,여름,29.6,26.9,0.0,0.0,86,4.1,55,118,0,0,더움,나쁨
2025-06-22 17:00,2025-06-22,17,6,여름,25.6,21.3,0.0,0.0,71,7.1,33,54,0,0,더움,보통
2025-06-22 18:00,2025-06-22,18,6,여름,19.3,12.7,0.0,0.0,37,7.4,36,54,0,0,따뜻함,나쁨
2025-06-22 19:00,2025-06-22,19,6,여름,20.4,19.7,0.0,0.0,67,1.5,35,54,0,0,따뜻함,보통
2025-06-22 20:00,2025-06-22,20,6,여름,21.3,20.0,0.0,0.0,83,2.3,17,34,0,0,따뜻함,보통
2025-06-22 21:00,2025-06-22,21,6,여름,15.8,10.5,0.0,0.0,49,7.6,58,126,0,0,따뜻함,나쁨
2025-06-22 22:00,2025-06-22,22,6,여름,20.2,18.2,0.0,0.0,57,2.7,12,24,0,0,따뜻함,좋음
2025-06-22 23:00,2025-06-22,23,6,여름,20.0,16.2,0.0,0.0,65,5.0,41,67,0,0,따뜻함,나쁨
2025-06-23 00:00,2025-06-23,0,6,여름,19.9,15.8,0.0,0.0,45,4.9,15,24,0,0,따뜻함,좋음
2025-06-23 01:00,2025-06-23,1,6,여름,22.7,22.0,0.0,0.0,41,2.3,40,80,0,0,따뜻함,나쁨
2025-06-23 02:00,2025-06-23,2,6,여름,21.5,19.4,0.0,0.0,83,3.1,54,86,0,0,따뜻함,나쁨
2025-06-23 03:00,2025-06-23,3,6,여름,17.5,12.9,0.0,0.0,82,6.5,57,99,0,0,따뜻함,나쁨
2025-06-23 04:00,2025-06-23,4,6,여름,18.7,13.2,0.0,0.0,80,8.0,5,9,0,0,따뜻함,좋음
2025-06-23 05:00,2025-06-23,5,6,여름,22.4,17.3,0.0,0.0,62,6.7,26,49,0,0,따뜻함,보통
2025-06-23 06:00,2025-06-23,6,6,여름,26.8,25.7,0.0,0.0,77,2.1,15,28,0,0,더움,좋음
2025-06-23 07:00,2025-06-23,7,6,여름,26.9,24.5,0.0,0.0,51,3.2,27,41,0,0,더움,보통
2025-06-23 08:00,2025-06-23,8,6,여름,28.5,24.5,0.0,0.0,60,6.0,38,57,0,0,더움,나쁨
2025-06-23 09:00,2025-06-23,9,6,여름,29.7,27.0,0.0,0.0,79,3.2,40,63,0,0,더움,나쁨
2025-06-23 10:00,2025-06-23,10,6,여름,27.5,23.7,0.0,0.0,39,5.1,27,47,0,0,더움,보통
2025-06-23 11:00,2025-06-23,11,6,여름,31.2,26.1,0.0,0.0,67,7.8,5,9,0,0,매우더움,좋음
2025-06-23 12:00,2025-06-23,12,6,여름,30.2,26.1,0.0,0.0,38,6.6,33,59,0,0,매우더움,보통
2025-06-23 13:00,2025-06-23,13,6,여름,28.6,24.2,0.0,0.0,71,7.0,13,24,0,0,더움,좋음
2025-06-23 14:00,2025-06-23,14,6,여름,22.7,21.8,0.0,0.0,38,2.7,40,81,0,0,따뜻함,나쁨
2025-06-23 15:00,2025-06-23,15,6,여름,28.2,27.0,0.0,0.0,43,2.2,30,62,0,0,더움,보통
2025-06-23 16:00,2025-06-23,16,6,여름,21.7,19.3,0.0,0.0,86,2.7,8,12,0,0,따뜻함,좋음
2025-06-23 17:00,2025-06-23,17,6,여름,23.0,17.9,0.0,0.0,46,7.7,74,160,0,0,더움,나쁨
2025-06-23 18:00,2025-06-23,18,6,여름,25.0,20.4,0.0,0.0,46,7.3,35,66,0,0,더움,보통
2025-06-23 19:00,2025-06-23,19,6,여름,24.2,23.5,0.0,0.0,51,0.7,23,46,0,0,더움,보통
2025-06-23 20:00,2025-06-23,20,6,여름,16.1,16.3,0.0,0.0,38,0.9,29,50,0,0,따뜻함,보통
2025-06-23 21:00,2025-06-23,21,6,여름,23.7,21.8,0.0,0.0,89,3.4,7,15,0,0,더움,좋음
2025-06-23 22:00,2025-06-23,22,6,여름,13.3,8.4,0.0,0.0,59,6.7,23,35,0,0,선선함,보통
2025-06-23 23:00,2025-06-23,23,6,여름,19.6,17.2,0.0,0.0,55,3.6,25,40,0,0,따뜻함,보통
2025-06-24 00:00,2025-06-24,0,6,여름,21.6,18.5,0.0,0.0,47,4.2,31,61,0,0,따뜻함,보통
2025-06-24 01:00,2025-06-24,1,6,여름,12.8,8.2,0.0,0.0,63,5.6,5,8,0,0,선선함,좋음
2025-06-24 02:00,2025-06-24,2,6,여름,15.9,11.5,0.0,0.0,56,6.0,28,60,0,0,따뜻함,보통
2025-06-24 03:00,2025-06-24,3,6,여름,25.0,19.9,0.0,0.0,45,8.0,44,70,0,0,더움,나쁨
2025-06-24 04:00,2025-06-24,4,6,여름,21.2,18.9,0.0,0.0,74,3.9,5,8,0,0,따뜻함,좋음
2025-06-24 05:00,2025-06-24,5,6,여름,23.9,20.7,0.0,0.0,78,4.7,16,34,0,0,더움,보통
2025-06-24 06:00,2025-06-24,6,6,여름,25.3,22.0,0.0,0.0,76,4.7,39,73,0,0,더움,나쁨
2025-06-24 07:00,2025-06-24,7,6,여름,18.7,16.2,0.0,0.0,72,4.9,7,11,0,0,따뜻함,좋음
2025-06-24 08:00,2025-06-24,8,6,여름,29.0,28.1,0.0,0.0,41,2.2,68,142,0,0,더움,나쁨
2025-06-24 09:00,2025-06-24,9,6,여름,23.4,22.5,0.0,0.0,80,1.1,23,41,0,0,더움,보통
2025-06-24 10:00,2025-06-24,10,6,여름,26.1,21.3,0.0,0.0,45,7.4,43,92,0,0,더움,나쁨
2025-06-24 11:00,2025-06-24,11,6,여름,30.6,30.1,0.0,0.0,63,0.5,25,46,0,0,매우더움,보통
2025-06-24 12:00,2025-06-24,12,6,여름,28.9,25.8,0.0,0.0,46,3.9,5,8,0,0,더움,좋음
2025-06-24 13:00,2025-06-24,13,6,여름,30.7,26.2,0.0,0.0,83,7.0,19,38,0,0,매우더움,보통
2025-06-24 14:00,2025-06-24,14,6,여름,32.9,31.2,0.0,0.0,75,3.6,24,39,0,0,매우더움,보통
2025-06-24 15:00,2025-06-24,15,6,여름,26.8,23.7,0.0,0.0,50,4.0,24,50,0,0,더움,보통
2025-06-24 16:00,2025-06-24,16,6,여름,27.3,23.2,0.0,0.0,47,6.3,9,14,0,0,더움,좋음
2025-06-24 17:00,2025-06-24,17,6,여름,22.4,19.7,0.0,0.0,55,4.6,27,54,0,0,따뜻함,보통
2025-06-24 18:00,2025-06-24,18,6,여름,23.6,20.2,0.0,0.0,61,4.9,16,27,0,0,더움,보통
2025-06-24 19:00,2025-06-24,19,6,여름,23.2,20.4,0.0,0.0,59,4.2,5,10,0,0,더움,좋음
2025-06-24 20:00,2025-06-24,20,6,여름,17.7,16.8,0.0,0.0,88,1.1,15,26,0,0,따뜻함,좋음
2025-06-24 21:00,2025-06-24,21,6,여름,17.9,17.1,0.0,0.0,41,0.7,29,54,0,0,따뜻함,보통
2025-06-24 22:00,2025-06-24,22,6,여름,18.1,16.8,0.0,0.0,36,2.1,35,71,0,0,따뜻함,보통
2025-06-24 23:00,2025-06-24,23,6,여름,20.0,14.9,0.0,0.0,62,7.0,11,24,0,0,따뜻함,좋음
2025-06-25 00:00,2025-06-25,0,6,여름,19.1,16.6,0.0,0.0,79,3.6,33,64,0,0,따뜻함,보통
2025-06-25 01:00,2025-06-25,1,6,여름,16.3,12.8,0.0,0.0,64,5.2,21,33,0,0,따뜻함,보통
2025-06-25 02:00,2025-06-25,2,6,여름,22.6,20.9,0.0,0.0,55,3.3,54,88,0,0,따뜻함,나쁨
2025-06-25 03:00,2025-06-25,3,6,여름,18.1,18.0,0.0,0.0,40,0.5,17,30,0,0,따뜻함,보통
2025-06-25 04:00,2025-06-25,4,6,여름,19.8,17.0,0.0,0.0,87,4.1,28,51,0,0,따뜻함,보통
2025-06-25 05:00,2025-06-25,5,6,여름,22.6,16.9,0.0,0.0,33,6.8,37,68,0,0,따뜻함,나쁨
2025-06-25 06:00,2025-06-25,6,6,여름,22.6,21.0,0.0,0.0,36,2.5,32,56,0,0,따뜻함,보통
2025-06-25 07:00,2025-06-25,7,6,여름,19.6,16.2,0.0,0.0,48,5.0,30,57,0,0,따뜻함,보통
2025-06-25 08:00,2025-06-25,8,6,여름,23.9,20.9,0.0,0.0,30,4.2,24,51,0,0,더움,보통
2025-06-25 09:00,2025-06-25,9,6,여름,28.1,26.9,0.0,0.0,63,1.3,11,19,0,0,더움,좋음
2025-06-25 10:00,2025-06-25,10,6,여름,26.3,24.9,0.0,0.0,30,2.4,14,21,0,0,더움,좋음
2025-06-25 11:00,2025-06-25,11,6,여름,23.2,21.9,0.0,0.0,38,1.8,51,84,0,0,더움,나쁨
2025-06-25 12:00,2025-06-25,12,6,여름,30.0,27.4,0.0,0.0,31,4.8,8,17,0,0,매우더움,좋음
2025-06-25 13:00,2025-06-25,13,6,여름,23.7,22.4,0.0,0.0,72,2.4,9,18,0,0,더움,좋음
2025-06-25 14:00,2025-06-25,14,6,여름,26.5,22.2,0.0,0.0,83,7.0,29,51,0,0,더움,보통
2025-06-25 15:00,2025-06-25,15,6,여름,28.5,24.5,0.0,0.0,63,6.4,5,10,0,0,더움,좋음
2025-06-25 16:00,2025-06-25,16,6,여름,24.9,21.2,0.0,0.0,56,4.5,19,34,0,0,더움,보통
2025-06-25 17:00,2025-06-25,17,6,여름,24.9,21.5,0.0,0.0,35,5.2,42,71,0,0,더움,나쁨
2025-06-25 18:00,2025-06-25,18,6,여름,23.9,21.1,0.0,0.0,44,4.0,15,24,0,0,더움,좋음
2025-06-25 19:00,2025-06-25,19,6,여름,21.7,18.1,0.0,0.0,49,5.9,29,58,0,0,따뜻함,보통
2025-06-25 20:00,2025-06-25,20,6,여름,23.3,17.9,0.0,0.0,41,6.8,5,8,0,0,더움,좋음
2025-06-25 21:00,2025-06-25,21,6,여름,15.6,14.3,3.4,0.0,37,1.2,33,72,1,0,따뜻함,보통
2025-06-25 22:00,2025-06-25,22,6,여름,21.0,20.3,0.0,0.0,70,0.6,15,28,0,0,따뜻함,좋음
2025-06-25 23:00,2025-06-25,23,6,여름,14.7,10.0,0.0,0.0,46,6.6,13,25,0,0,선선함,좋음
2025-06-26 00:00,2025-06-26,0,6,여름,20.8,17.3,0.0,0.0,60,5.5,23,39,0,0,따뜻함,보통
2025-06-26 01:00,2025-06-26,1,6,여름,16.8,11.8,0.0,0.0,72,7.0,8,13,0,0,따뜻함,좋음
2025-06-26 02:00,2025-06-26,2,6,여름,19.7,15.7,0.0,0.0,69,5.2,51,111,0,0,따뜻함,나쁨
2025-06-26 03:00,2025-06-26,3,6,여름,15.6,16.0,0.0,0.0,69,1.1,27,41,0,0,따뜻함,보통
2025-06-26 04:00,2025-06-26,4,6,여름,21.5,17.1,0.0,0.0,65,6.8,51,107,0,0,따뜻함,나쁨
2025-06-26 05:00,2025-06-26,5,6,여름,14.8,12.2,0.0,0.0,79,2.4,25,49,0,0,선선함,보통
2025-06-26 06:00,2025-06-26,6,6,여름,20.3,15.4,0.0,0.0,34,7.2,32,52,0,0,따뜻함,보통
2025-06-26 07:00,2025-06-26,7,6,여름,27.5,25.4,0.0,0.0,78,2.5,15,29,0,0,더움,좋음
2025-06-26 08:00,2025-06-26,8,6,여름,27.4,23.9,0.0,0.0,38,6.9,5,8,0,0,더움,좋음
2025-06-26 09:00,2025-06-26,9,6,여름,26.8,25.4,0.0,0.0,48,2.7,14,23,0,0,더움,좋음
2025-06-26 10:00,2025-06-26,10,6,여름,28.7,27.5,0.0,0.0,68,1.7,5,8,0,0,더움,좋음
2025-06-26 11:00,2025-06-26,11,6,여름,25.2,24.0,0.0,0.0,63,1.6,23,45,0,0,더움,보통
2025-06-26 12:00,2025-06-26,12,6,여름,23.7,21.7,0.0,0.0,67,2.9,54,114,0,0,더움,나쁨
2025-06-26 13:00,2025-06-26,13,6,여름,27.8,26.6,0.0,0.0,54,2.8,17,27,0,0,더움,보통
2025-06-26 14:00,2025-06-26,14,6,여름,30.8,30.1,0.0,0.0,51,1.3,37,61,0,0,매우더움,나쁨
2025-06-26 15:00,2025-06-26,15,6,여름,27.3,26.3,0.0,0.0,31,2.6,49,98,0,0,더움,나쁨
2025-06-26 16:00,2025-06-26,16,6,여름,27.7,22.3,0.0,0.0,31,7.9,38,68,0,0,더움,나쁨
2025-06-26 17:00,2025-06-26,17,6,여름,22.7,18.3,0.0,0.0,34,6.7,30,49,0,0,따뜻함,보통
2025-06-26 18:00,2025-06-26,18,6,여름,19.8,15.4,0.0,0.0,68,6.0,35,67,0,0,따뜻함,보통
2025-06-26 19:00,2025-06-26,19,6,여름,18.5,14.1,0.0,0.0,49,5.6,48,104,0,0,따뜻함,나쁨
2025-06-26 20:00,2025-06-26,20,6,여름,25.2,20.8,0.0,0.0,55,6.8,41,85,0,0,더움,나쁨
2025-06-26 21:00,2025-06-26,21,6,여름,18.3,15.4,0.0,0.0,35,2.4,25,46,0,0,따뜻함,보통
2025-06-26 22:00,2025-06-26,22,6,여름,22.0,20.6,0.0,0.0,41,1.5,14,29,0,0,따뜻함,좋음
2025-06-26 23:00,2025-06-26,23,6,여름,20.7,16.7,0.0,0.0,45,6.1,14,26,0,0,따뜻함,좋음
2025-06-27 00:00,2025-06-27,0,6,여름,23.0,21.8,0.0,0.0,31,1.6,25,54,0,0,더움,보통
2025-06-27 01:00,2025-06-27,1,6,여름,20.3,16.0,1.5,0.0,69,6.9,54,109,1,0,따뜻함,나쁨
2025-06-27 02:00,2025-06-27,2,6,여름,19.6,14.1,0.0,0.0,68,7.5,39,78,0,0,따뜻함,나쁨
2025-06-27 03:00,2025-06-27,3,6,여름,18.3,12.8,0.0,0.0,63,8.0,20,36,0,0,따뜻함,보통
2025-06-27 04:00,2025-06-27,4,6,여름,22.5,18.3,0.0,0.0,53,6.7,26,46,0,0,따뜻함,보통
2025-06-27 05:00,2025-06-27,5,6,여름,27.6,24.9,0.0,0.0,67,1.6,9,13,0,0,더움,좋음
2025-06-27 06:00,2025-06-27,6,6,여름,21.9,17.8,0.0,0.0,61,6.0,49,93,0,0,따뜻함,나쁨
2025-06-27 07:00,2025-06-27,7,6,여름,24.0,21.8,0.0,0.0,74,3.0,21,34,0,0,더움,보통
2025-06-27 08:00,2025-06-27,8,6,여름,22.6,18.8,0.0,0.0,87,4.9,67,144,0,0,따뜻함,나쁨
2025-06-27 09:00,2025-06-27,9,6,여름,30.0,26.7,0.0,0.0,56,4.0,6,9,0,0,매우더움,좋음
2025-06-27 10:00,2025-06-27,10,6,여름,23.0,20.7,0.0,0.0,66,3.7,40,81,0,0,더움,나쁨
2025-06-27 11:00,2025-06-27,11,6,여름,32.4,30.2,0.0,0.0,53,3.3,12,19,0,0,매우더움,좋음
2025-06-27 12:00,2025-06-27,12,6,여름,29.9,28.3,0.0,0.0,63,0.6,13,20,0,0,더움,좋음
2025-06-27 13:00,2025-06-27,13,6,여름,25.7,22.4,0.0,0.0,50,5.6,14,29,0,0,더움,좋음
2025-06-27 14:00,2025-06-27,14,6,여름,31.2,31.4,0.0,0.0,88,0.7,18,36,0,0,매우더움,보통
2025-06-27 15:00,2025-06-27,15,6,여름,26.4,24.1,0.0,0.0,77,4.0,5,9,0,0,더움,좋음
2025-06-27 16:00,2025-06-27,16,6,여름,23.7,18.8,0.0,0.0,81,7.0,19,38,0,0,더움,보통
2025-06-27 17:00,2025-06-27,17,6,여름,23.2,17.6,0.0,0.0,63,7.6,35,68,0,0,더움,보통
2025-06-27 18:00,2025-06-27,18,6,여름,24.0,21.3,0.0,0.0,84,3.5,10,18,0,0,더움,좋음
2025-06-27 19:00,2025-06-27,19,6,여름,22.3,20.9,0.0,0.0,83,0.7,44,85,0,0,따뜻함,나쁨
2025-06-27 20:00,2025-06-27,20,6,여름,16.8,11.1,0.0,0.0,88,8.0,5,9,0,0,따뜻함,좋음
2025-06-27 21:00,2025-06-27,21,6,여름,24.3,21.9,0.0,0.0,89,2.9,5,8,0,0,더움,좋음
2025-06-27 22:00,2025-06-27,22,6,여름,22.6,21.9,0.0,0.0,82,0.7,24,46,0,0,따뜻함,보통
2025-06-27 23:00,2025-06-27,23,6,여름,16.4,14.5,0.0,0.0,69,1.9,20,35,0,0,따뜻함,보통
2025-06-28 00:00,2025-06-28,0,6,여름,20.8,15.6,0.0,0.0,50,7.8,14,25,0,0,따뜻함,좋음
2025-06-28 01:00,2025-06-28,1,6,여름,16.6,13.1,0.0,0.0,83,4.9,26,49,0,0,따뜻함,보통
2025-06-28 02:00,2025-06-28,2,6,여름,17.2,12.8,0.0,0.0,82,5.7,6,11,0,0,따뜻함,좋음
2025-06-28 03:00,2025-06-28,3,6,여름,24.8,23.1,0.0,0.0,37,2.4,22,41,0,0,더움,보통
2025-06-28 04:00,2025-06-28,4,6,여름,23.0,17.8,0.0,0.0,61,7.1,26,46,0,0,더움,보통
2025-06-28 05:00,2025-06-28,5,6,여름,17.3,16.2,0.0,0.0,44,1.6,5,9,0,0,따뜻함,좋음
2025-06-28 06:00,2025-06-28,6,6,여름,20.0,15.0,0.0,0.0,30,6.3,29,58,0,0,따뜻함,보통
2025-06-28 07:00,2025-06-28,7,6,여름,28.4,23.3,0.0,0.0,31,7.3,34,72,0,0,더움,보통
2025-06-28 08:00,2025-06-28,8,6,여름,26.4,24.4,0.0,0.0,56,2.2,43,90,0,0,더움,나쁨
2025-06-28 09:00,2025-06-28,9,6,여름,23.7,23.3,0.0,0.0,90,0.7,5,8,0,0,더움,좋음
2025-06-28 10:00,2025-06-28,10,6,여름,22.4,20.5,0.0,0.0,41,2.2,30,52,0,0,따뜻함,보통
2025-06-28 11:00,2025-06-28,11,6,여름,29.3,23.8,0.0,0.0,63,6.6,38,69,0,0,더움,나쁨
2025-06-28 12:00,2025-06-28,12,6,여름,27.4,21.9,0.0,0.0,32,7.9,28,56,0,0,더움,보통
2025-06-28 13:00,2025-06-28,13,6,여름,25.5,24.0,0.0,0.0,46,2.7,41,79,0,0,더움,나쁨
2025-06-28 14:00,2025-06-28,14,6,여름,30.1,29.4,0.0,0.0,57,1.4,32,53,0,0,매우더움,보통
2025-06-28 15:00,2025-06-28,15,6,여름,22.0,20.8,0.0,0.0,31,2.8,5,7,0,0,따뜻함,좋음
2025-06-28 16:00,2025-06-28,16,6,여름,21.3,15.7,0.0,0.0,50,7.6,43,68,0,0,따뜻함,나쁨
2025-06-28 17:00,2025-06-28,17,6,여름,28.0,24.1,0.0,0.0,34,5.8,21,36,0,0,더움,보통
2025-06-28 18:00,2025-06-28,18,6,여름,22.0,18.8,0.0,0.0,61,5.2,10,21,0,0,따뜻함,좋음
2025-06-28 19:00,2025-06-28,19,6,여름,25.5,23.6,0.0,0.0,43,3.7,19,36,0,0,더움,보통
2025-06-28 20:00,2025-06-28,20,6,여름,20.2,18.1,0.0,0.0,32,3.7,10,21,0,0,따뜻함,좋음
2025-06-28 21:00,2025-06-28,21,6,여름,23.3,22.8,0.0,0.0,45,1.0,38,59,0,0,더움,나쁨
2025-06-28 22:00,2025-06-28,22,6,여름,18.2,15.8,0.0,0.0,82,3.3,19,39,0,0,따뜻함,보통
2025-06-28 23:00,2025-06-28,23,6,여름,14.6,13.9,0.0,0.0,85,0.7,42,77,0,0,선선함,나쁨
2025-06-29 00:00,2025-06-29,0,6,여름,18.3,15.5,0.0,0.0,47,4.2,5,8,0,0,따뜻함,좋음
2025-06-29 01:00,2025-06-29,1,6,여름,20.6,15.4,0.0,0.0,36,7.0,33,52,0,0,따뜻함,보통
2025-06-29 02:00,2025-06-29,2,6,여름,14.0,10.3,0.0,0.0,61,5.1,40,62,0,0,선선함,나쁨
2025-06-29 03:00,2025-06-29,3,6,여름,15.7,11.8,0.0,0.0,37,4.8,8,16,0,0,따뜻함,좋음
2025-06-29 04:00,2025-06-29,4,6,여름,18.5,13.4,0.0,0.0,63,6.5,5,10,0,0,따뜻함,좋음
2025-06-29 05:00,2025-06-29,5,6,여름,24.1,21.1,0.0,0.0,79,4.0,32,62,0,0,더움,보통
2025-06-29 06:00,2025-06-29,6,6,여름,22.4,21.3,0.0,0.0,72,1.4,5,10,0,0,따뜻함,좋음
2025-06-29 07:00,2025-06-29,7,6,여름,29.4,25.2,0.0,0.0,63,4.6,41,62,0,0,더움,나쁨
2025-06-29 08:00,2025-06-29,8,6,여름,21.9,20.4,0.0,0.0,36,3.0,27,46,0,0,따뜻함,보통
2025-06-29 09:00,2025-06-29,9,6,여름,29.9,26.8,0.0,0.0,50,3.5,25,42,0,0,더움,보통
2025-06-29 10:00,2025-06-29,10,6,여름,26.1,23.7,0.0,0.0,48,5.1,26,51,0,0,더움,보통
2025-06-29 11:00,2025-06-29,11,6,여름,23.2,22.1,0.0,0.0,55,1.7,26,44,0,0,더움,보통
2025-06-29 12:00,2025-06-29,12,6,여름,28.2,25.9,0.0,0.0,63,4.0,26,53,0,0,더움,보통
2025-06-29 13:00,2025-06-29,13,6,여름,22.6,20.8,0.0,0.0,71,2.4,41,86,0,0,따뜻함,나쁨
2025-06-29 14:00,2025-06-29,14,6,여름,31.1,30.4,0.0,0.0,56,1.1,22,42,0,0,매우더움,보통
2025-06-29 15:00,2025-06-29,15,6,여름,26.6,23.5,0.0,0.0,58,3.6,31,52,0,0,더움,보통
2025-06-29 16:00,2025-06-29,16,6,여름,27.6,23.4,0.0,0.0,68,6.8,17,35,0,0,더움,보통
2025-06-29 17:00,2025-06-29,17,6,여름,20.1,18.8,0.0,0.0,41,1.6,16,24,0,0,따뜻함,보통
2025-06-29 18:00,2025-06-29,18,6,여름,20.6,16.1,0.0,0.0,88,6.7,22,39,0,0,따뜻함,보통
2025-06-29 19:00,2025-06-29,19,6,여름,21.2,19.7,0.0,0.0,35,3.0,39,75,0,0,따뜻함,나쁨
2025-06-29 20:00,2025-06-29,20,6,여름,18.0,12.1,0.0,0.0,74,7.2,15,29,0,0,따뜻함,좋음
2025-06-29 21:00,2025-06-29,21,6,여름,18.9,16.8,0.0,0.0,73,3.3,36,76,0,0,따뜻함,나쁨
2025-06-29 22:00,2025-06-29,22,6,여름,21.2,18.7,0.0,0.0,64,3.1,45,91,0,0,따뜻함,나쁨
2025-06-29 23:00,2025-06-29,23,6,여름,14.7,11.5,0.0,0.0,79,3.3,31,51,0,0,선선함,보통
2025-06-30 00:00,2025-06-30,0,6,여름,14.2,9.1,0.0,0.0,46,7.2,45,92,0,0,선선함,나쁨
2025-06-30 01:00,2025-06-30,1,6,여름,15.2,15.4,0.0,0.0,77,0.8,30,48,0,0,따뜻함,보통
2025-06-30 02:00,2025-06-30,2,6,여름,17.3,12.6,0.0,0.0,56,7.3,21,38,0,0,따뜻함,보통
2025-06-30 03:00,2025-06-30,3,6,여름,21.0,14.7,0.0,0.0,86,7.3,36,54,0,0,따뜻함,나쁨
2025-06-30 04:00,2025-06-30,4,6,여름,24.8,24.3,0.0,0.0,54,1.1,10,19,0,0,더움,좋음
2025-06-30 05:00,2025-06-30,5,6,여름,17.6,16.4,0.0,0.0,39,1.9,10,16,0,0,따뜻함,좋음
2025-06-30 06:00,2025-06-30,6,6,여름,20.9,19.3,0.0,0.0,69,3.6,5,10,0,0,따뜻함,좋음
2025-06-30 07:00,2025-06-30,7,6,여름,28.2,27.3,0.0,0.0,69,2.0,5,7,0,0,더움,좋음
2025-06-30 08:00,2025-06-30,8,6,여름,30.5,30.3,0.0,0.0,67,0.7,14,27,0,0,매우더움,좋음
2025-06-30 09:00,2025-06-30,9,6,여름,28.9,28.6,0.0,0.0,38,1.9,16,29,0,0,더움,보통
2025-06-30 10:00,2025-06-30,10,6,여름,30.6,25.3,0.0,0.0,67,6.6,28,50,0,0,매우더움,보통
2025-06-30 11:00,2025-06-30,11,6,여름,28.3,24.4,0.0,0.0,46,4.5,5,9,0,0,더움,좋음
2025-06-30 12:00,2025-06-30,12,6,여름,30.3,27.8,0.0,0.0,80,3.9,27,50,0,0,매우더움,보통
2025-06-30 13:00,2025-06-30,13,6,여름,29.3,27.3,0.0,0.0,55,3.7,5,9,0,0,더움,좋음
2025-06-30 14:00,2025-06-30,14,6,여름,28.4,25.4,0.0,0.0,67,4.2,7,14,0,0,더움,좋음
2025-06-30 15:00,2025-06-30,15,6,여름,24.4,23.0,0.0,0.0,44,2.7,26,47,0,0,더움,보통
2025-06-30 16:00,2025-06-30,16,6,여름,22.4,19.0,0.0,0.0,53,5.3,26,50,0,0,따뜻함,보통
2025-06-30 17:00,2025-06-30,17,6,여름,20.7,20.1,0.0,0.0,80,0.8,53,85,0,0,따뜻함,나쁨
2025-06-30 18:00,2025-06-30,18,6,여름,27.8,28.1,0.0,0.0,58,0.8,25,50,0,0,더움,보통
2025-06-30 19:00,2025-06-30,19,6,여름,20.1,15.8,0.0,0.0,81,6.0,5,10,0,0,따뜻함,좋음
2025-06-30 20:00,2025-06-30,20,6,여름,18.8,13.8,0.0,0.0,71,6.6,31,55,0,0,따뜻함,보통
2025-06-30 21:00,2025-06-30,21,6,여름,16.4,12.7,0.0,0.0,74,4.7,41,66,0,0,따뜻함,나쁨
2025-06-30 22:00,2025-06-30,22,6,여름,18.5,15.3,0.0,0.0,66,4.9,41,62,0,0,따뜻함,나쁨
2025-06-30 23:00,2025-06-30,23,6,여름,21.3,15.4,0.0,0.0,37,7.9,30,50,0,0,따뜻함,보통
2025-07-01 00:00,2025-07-01,0,7,여름,22.8,18.7,0.0,0.0,86,6.3,53,112,0,0,따뜻함,나쁨
2025-07-01 01:00,2025-07-01,1,7,여름,20.5,18.1,0.0,0.0,55,3.6,28,45,0,0,따뜻함,보통
2025-07-01 02:00,2025-07-01,2,7,여름,23.4,19.9,0.0,0.0,49,6.2,31,56,0,0,더움,보통
2025-07-01 03:00,2025-07-01,3,7,여름,26.6,21.9,0.0,0.0,75,6.8,5,9,0,0,더움,좋음
2025-07-01 04:00,2025-07-01,4,7,여름,26.9,22.3,0.0,0.0,88,6.0,5,9,0,0,더움,좋음
2025-07-01 05:00,2025-07-01,5,7,여름,30.3,26.7,0.0,0.0,33,4.9,41,70,0,0,매우더움,나쁨
2025-07-01 06:00,2025-07-01,6,7,여름,24.7,20.9,0.0,0.0,84,7.1,48,102,0,0,더움,나쁨
2025-07-01 07:00,2025-07-01,7,7,여름,26.6,22.8,0.0,0.0,79,5.8,38,66,0,0,더움,나쁨
2025-07-01 08:00,2025-07-01,8,7,여름,25.9,21.9,0.0,0.0,46,6.7,24,42,0,0,더움,보통
2025-07-01 09:00,2025-07-01,9,7,여름,32.3,28.9,0.0,0.0,35,5.5,16,25,0,0,매우더움,보통
2025-07-01 10:00,2025-07-01,10,7,여름,31.8,26.3,0.0,0.0,67,7.5,18,34,0,0,매우더움,보통
2025-07-01 11:00,2025-07-01,11,7,여름,27.6,26.5,0.0,0.0,70,1.6,21,33,0,0,더움,보통
2025-07-01 12:00,2025-07-01,12,7,여름,31.7,27.4,0.0,0.0,49,6.2,30,50,0,0,매우더움,보통
2025-07-01 13:00,2025-07-01,13,7,여름,29.4,24.9,0.0,0.0,54,5.5,14,23,0,0,더움,좋음
2025-07-01 14:00,2025-07-01,14,7,여름,34.5,32.0,0.0,0.0,87,3.4,37,57,0,0,매우더움,나쁨
2025-07-01 15:00,2025-07-01,15,7,여름,30.4,30.5,0.0,0.0,36,0.6,31,57,0,0,매우더움,보통
2025-07-01 16:00,2025-07-01,16,7,여름,33.0,30.6,0.0,0.0,48,3.3,17,34,0,0,매우더움,보통
2025-07-01 17:00,2025-07-01,17,7,여름,31.4,28.4,0.1,0.0,59,4.7,12,18,1,0,매우더움,좋음
2025-07-01 18:00,2025-07-01,18,7,여름,33.9,32.2,0.0,0.0,34,2.6,33,50,0,0,매우더움,보통
2025-07-01 19:00,2025-07-01,19,7,여름,26.6,25.0,0.0,0.0,67,1.5,6,10,0,0,더움,좋음
2025-07-01 20:00,2025-07-01,20,7,여름,20.1,18.7,0.0,0.0,76,1.9,5,9,0,0,따뜻함,좋음
2025-07-01 21:00,2025-07-01,21,7,여름,24.0,21.0,0.0,0.0,90,5.7,30,59,0,0,더움,보통
2025-07-01 22:00,2025-07-01,22,7,여름,21.7,18.1,0.0,0.0,34,4.1,43,65,0,0,따뜻함,나쁨
2025-07-01 23:00,2025-07-01,23,7,여름,25.3,22.6,0.0,0.0,79,3.1,16,31,0,0,더움,보통
2025-07-02 00:00,2025-07-02,0,7,여름,24.9,23.9,0.0,0.0,38,1.0,6,11,0,0,더움,좋음
2025-07-02 01:00,2025-07-02,1,7,여름,24.5,22.9,0.0,0.0,76,1.8,5,7,0,0,더움,좋음
2025-07-02 02:00,2025-07-02,2,7,여름,26.1,22.0,0.0,0.0,71,5.4,31,55,0,0,더움,보통
2025-07-02 03:00,2025-07-02,3,7,여름,27.7,25.4,0.0,0.0,66,3.0,5,8,0,0,더움,좋음
2025-07-02 04:00,2025-07-02,4,7,여름,22.6,19.0,0.0,0.0,72,6.1,11,21,0,0,따뜻함,좋음
2025-07-02 05:00,2025-07-02,5,7,여름,30.9,29.4,0.0,0.0,85,2.9,6,11,0,0,매우더움,좋음
2025-07-02 06:00,2025-07-02,6,7,여름,26.8,25.9,0.0,0.0,43,1.8,26,52,0,0,더움,보통
2025-07-02 07:00,2025-07-02,7,7,여름,33.3,27.6,0.0,0.0,53,7.8,8,13,0,0,매우더움,좋음
2025-07-02 08:00,2025-07-02,8,7,여름,26.3,21.7,0.0,0.0,79,6.0,5,8,0,0,더움,좋음
2025-07-02 09:00,2025-07-02,9,7,여름,33.6,32.9,0.0,0.0,66,0.9,5,10,0,0,매우더움,좋음
2025-07-02 10:00,2025-07-02,10,7,여름,35.3,32.2,0.2,0.0,84,5.0,5,10,1,0,매우더움,좋음
2025-07-02 11:00,2025-07-02,11,7,여름,27.5,25.5,0.2,0.0,88,2.9,21,34,1,0,더움,보통
2025-07-02 12:00,2025-07-02,12,7,여름,28.9,26.6,0.0,0.0,63,2.9,34,57,0,0,더움,보통
2025-07-02 13:00,2025-07-02,13,7,여름,30.2,29.3,0.0,0.0,81,0.5,9,18,0,0,매우더움,좋음
2025-07-02 14:00,2025-07-02,14,7,여름,29.0,26.3,0.0,0.0,35,3.6,29,52,0,0,더움,보통
2025-07-02 15:00,2025-07-02,15,7,여름,32.8,31.3,0.0,0.0,40,2.2,30,62,0,0,매우더움,보통
2025-07-02 16:00,2025-07-02,16,7,여름,31.5,26.5,0.0,0.0,35,6.9,20,32,0,0,매우더움,보통
2025-07-02 17:00,2025-07-02,17,7,여름,32.2,31.5,0.0,0.0,50,0.8,11,18,0,0,매우더움,좋음
2025-07-02 18:00,2025-07-02,18,7,여름,28.0,26.2,0.0,0.0,59,3.4,14,21,0,0,더움,좋음
2025-07-02 19:00,2025-07-02,19,7,여름,25.4,22.1,0.0,0.0,44,5.8,12,20,0,0,더움,좋음
2025-07-02 20:00,2025-07-02,20,7,여름,28.3,23.9,0.0,0.0,87,5.6,18,32,0,0,더움,보통
2025-07-02 21:00,2025-07-02,21,7,여름,20.9,15.1,0.0,0.0,43,7.7,11,16,0,0,따뜻함,좋음
2025-07-02 22:00,2025-07-02,22,7,여름,22.4,19.9,0.0,0.0,57,4.2,29,49,0,0,따뜻함,보통
2025-07-02 23:00,2025-07-02,23,7,여름,18.1,14.5,0.0,0.0,86,4.6,37,60,0,0,따뜻함,나쁨
2025-07-03 00:00,2025-07-03,0,7,여름,20.7,19.2,0.0,0.0,30,2.2,13,23,0,0,따뜻함,좋음
2025-07-03 01:00,2025-07-03,1,7,여름,21.6,20.8,0.0,0.0,86,1.3,29,57,0,0,따뜻함,보통
2025-07-03 02:00,2025-07-03,2,7,여름,18.9,18.6,0.0,0.0,53,1.5,42,82,0,0,따뜻함,나쁨
2025-07-03 03:00,2025-07-03,3,7,여름,27.1,26.0,0.0,0.0,52,0.9,23,43,0,0,더움,보통
2025-07-03 04:00,2025-07-03,4,7,여름,24.5,21.2,0.0,0.0,51,5.4,33,53,0,0,더움,보통
2025-07-03 05:00,2025-07-03,5,7,여름,27.7,26.0,0.0,0.0,53,2.9,27,47,0,0,더움,보통
2025-07-03 06:00,2025-07-03,6,7,여름,22.3,21.2,0.0,0.0,35,2.3,8,13,0,0,따뜻함,좋음
2025-07-03 07:00,2025-07-03,7,7,여름,23.3,18.6,0.0,0.0,50,7.5,27,56,0,0,더움,보통
2025-07-03 08:00,2025-07-03,8,7,여름,25.3,19.6,0.0,0.0,67,7.8,28,42,0,0,더움,보통
2025-07-03 09:00,2025-07-03,9,7,여름,32.8,28.2,0.0,0.0,70,6.0,18,38,0,0,매우더움,보통
2025-07-03 10:00,2025-07-03,10,7,여름,36.1,31.5,0.0,0.0,57,7.5,8,13,0,0,매우더움,좋음
2025-07-03 11:00,2025-07-03,11,7,여름,30.0,28.0,0.0,0.0,81,2.7,19,37,0,0,매우더움,보통
2025-07-03 12:00,2025-07-03,12,7,여름,33.0,29.8,0.0,0.0,40,4.9,24,52,0,0,매우더움,보통
2025-07-03 13:00,2025-07-03,13,7,여름,31.5,31.0,0.0,0.0,50,1.2,11,19,0,0,매우더움,좋음
2025-07-03 14:00,2025-07-03,14,7,여름,26.8,26.2,0.0,0.0,89,1.9,8,12,0,0,더움,좋음
2025-07-03 15:00,2025-07-03,15,7,여름,31.9,29.3,3.4,0.0,69,5.5,41,83,1,0,매우더움,나쁨
2025-07-03 16:00,2025-07-03,16,7,여름,23.6,22.1,0.0,0.0,77,3.3,36,70,0,0,더움,나쁨
2025-07-03 17:00,2025-07-03,17,7,여름,29.3,26.5,0.0,0.0,58,4.3,7,11,0,0,더움,좋음
2025-07-03 18:00,2025-07-03,18,7,여름,28.8,24.7,0.0,0.0,72,7.0,29,46,0,0,더움,보통
2025-07-03 19:00,2025-07-03,19,7,여름,29.9,27.9,0.0,0.0,50,2.8,5,9,0,0,더움,좋음
2025-07-03 20:00,2025-07-03,20,7,여름,19.6,15.9,0.0,0.0,87,4.3,22,38,0,0,따뜻함,보통
2025-07-03 21:00,2025-07-03,21,7,여름,23.6,18.7,0.0,0.0,77,7.9,11,18,0,0,더움,좋음
2025-07-03 22:00,2025-07-03,22,7,여름,25.0,22.9,0.0,0.0,39,3.8,19,31,0,0,더움,보통
2025-07-03 23:00,2025-07-03,23,7,여름,20.5,15.2,0.0,0.0,71,7.9,36,73,0,0,따뜻함,나쁨
2025-07-04 00:00,2025-07-04,0,7,여름,21.6,16.2,0.0,0.0,88,7.5,41,87,0,0,따뜻함,나쁨
2025-07-04 01:00,2025-07-04,1,7,여름,19.9,18.1,0.0,0.0,82,2.5,16,34,0,0,따뜻함,보통
2025-07-04 02:00,2025-07-04,2,7,여름,19.6,14.3,0.0,0.0,38,7.9,5,8,0,0,따뜻함,좋음
2025-07-04 03:00,2025-07-04,3,7,여름,24.6,19.9,0.0,0.0,48,6.3,5,8,0,0,더움,좋음
2025-07-04 04:00,2025-07-04,4,7,여름,24.7,22.0,0.0,0.0,83,4.3,41,82,0,0,더움,나쁨
2025-07-04 05:00,2025-07-04,5,7,여름,25.5,23.9,0.0,0.0,88,1.9,25,48,0,0,더움,보통
2025-07-04 06:00,2025-07-04,6,7,여름,24.2,23.0,0.0,0.0,82,1.1,32,57,0,0,더움,보통
2025-07-04 07:00,2025-07-04,7,7,여름,30.4,29.2,0.0,0.0,72,1.5,21,44,0,0,매우더움,보통
2025-07-04 08:00,2025-07-04,8,7,여름,30.4,25.3,0.0,0.0,53,6.9,14,28,0,0,매우더움,좋음
2025-07-04 09:00,2025-07-04,9,7,여름,33.0,29.9,0.0,0.0,61,5.5,24,47,0,0,매우더움,보통
2025-07-04 10:00,2025-07-04,10,7,여름,32.3,30.5,0.0,0.0,40,2.2,19,40,0,0,매우더움,보통
2025-07-04 11:00,2025-07-04,11,7,여름,29.7,24.6,0.0,0.0,90,7.1,6,12,0,0,더움,좋음
2025-07-04 12:00,2025-07-04,12,7,여름,32.6,28.3,0.0,0.0,60,5.7,8,15,0,0,매우더움,좋음
2025-07-04 13:00,2025-07-04,13,7,여름,26.9,26.5,0.0,0.0,46,0.5,47,79,0,0,더움,나쁨
2025-07-04 14:00,2025-07-04,14,7,여름,30.5,25.2,0.0,0.0,78,7.0,17,27,0,0,매우더움,보통
2025-07-04 15:00,2025-07-04,15,7,여름,27.1,22.1,0.0,0.0,72,6.4,16,25,0,0,더움,보통
2025-07-04 16:00,2025-07-04,16,7,여름,34.8,34.0,0.0,0.0,53,1.3,38,59,0,0,매우더움,나쁨
2025-07-04 17:00,2025-07-04,17,7,여름,24.7,25.2,0.0,0.0,73,1.0,5,9,0,0,더움,좋음
2025-07-04 18:00,2025-07-04,18,7,여름,32.2,27.8,0.0,0.0,45,5.3,20,41,0,0,매우더움,보통
2025-07-04 19:00,2025-07-04,19,7,여름,27.8,26.3,0.0,0.0,63,2.8,5,8,0,0,더움,좋음
2025-07-04 20:00,2025-07-04,20,7,여름,26.1,22.8,0.0,0.0,49,4.4,50,81,0,0,더움,나쁨
2025-07-04 21:00,2025-07-04,21,7,여름,20.5,17.1,0.0,0.0,34,6.4,12,24,0,0,따뜻함,좋음
2025-07-04 22:00,2025-07-04,22,7,여름,26.3,23.6,0.0,0.0,31,3.4,5,8,0,0,더움,좋음
2025-07-04 23:00,2025-07-04,23,7,여름,19.5,13.9,0.0,0.0,61,7.1,5,10,0,0,따뜻함,좋음
2025-07-05 00:00,2025-07-05,0,7,여름,21.8,19.0,0.0,0.0,81,4.7,20,33,0,0,따뜻함,보통
2025-07-05 01:00,2025-07-05,1,7,여름,25.2,21.1,4.9,0.0,65,6.4,19,28,1,0,더움,보통
2025-07-05 02:00,2025-07-05,2,7,여름,26.7,23.9,0.0,0.0,68,3.2,9,18,0,0,더움,좋음
2025-07-05 03:00,2025-07-05,3,7,여름,25.3,23.7,0.0,0.0,70,1.8,5,10,0,0,더움,좋음
2025-07-05 04:00,2025-07-05,4,7,여름,25.0,23.6,0.9,0.0,74,2.0,48,101,1,0,더움,나쁨
2025-07-05 05:00,2025-07-05,5,7,여름,21.7,20.1,0.0,0.0,46,0.9,24,37,0,0,따뜻함,보통
2025-07-05 06:00,2025-07-05,6,7,여름,24.4,20.3,0.0,0.0,88,6.2,46,90,0,0,더움,나쁨
2025-07-05 07:00,2025-07-05,7,7,여름,28.7,23.5,0.0,0.0,64,6.9,5,10,0,0,더움,좋음
2025-07-05 08:00,2025-07-05,8,7,여름,32.1,26.3,0.0,0.0,80,7.4,20,36,0,0,매우더움,보통
2025-07-05 09:00,2025-07-05,9,7,여름,33.7,31.8,0.0,0.0,67,3.2,33,66,0,0,매우더움,보통
2025-07-05 10:00,2025-07-05,10,7,여름,28.9,24.4,0.0,0.0,34,6.3,38,79,0,0,더움,나쁨
2025-07-05 11:00,2025-07-05,11,7,여름,36.2,34.2,0.0,0.0,77,4.1,11,20,0,0,매우더움,좋음
2025-07-05 12:00,2025-07-05,12,7,여름,25.0,20.8,0.0,0.0,34,5.7,39,62,0,0,더움,나쁨
2025-07-05 13:00,2025-07-05,13,7,여름,32.5,26.2,0.0,0.0,67,7.4,11,23,0,0,매우더움,좋음
2025-07-05 14:00,2025-07-05,14,7,여름,26.8,24.3,0.0,0.0,32,3.9,33,61,0,0,더움,보통
2025-07-05 15:00,2025-07-05,15,7,여름,29.3,24.7,0.0,0.0,48,6.8,20,35,0,0,더움,보통
2025-07-05 16:00,2025-07-05,16,7,여름,30.2,28.8,0.0,0.0,43,1.5,16,31,0,0,매우더움,보통
2025-07-05 17:00,2025-07-05,17,7,여름,32.8,31.5,0.0,0.0,82,3.3,5,9,0,0,매우더움,좋음
2025-07-05 18:00,2025-07-05,18,7,여름,26.8,26.6,0.0,0.0,75,0.7,19,41,0,0,더움,보통
2025-07-05 19:00,2025-07-05,19,7,여름,27.0,22.6,0.0,0.0,72,7.3,31,50,0,0,더움,보통
2025-07-05 20:00,2025-07-05,20,7,여름,27.0,26.0,0.0,0.0,87,1.4,33,65,0,0,더움,보통
2025-07-05 21:00,2025-07-05,21,7,여름,27.3,25.2,0.0,0.0,83,2.7,18,34,0,0,더움,보통
2025-07-05 22:00,2025-07-05,22,7,여름,23.0,20.1,0.0,0.0,88,3.0,10,20,0,0,더움,좋음
2025-07-05 23:00,2025-07-05,23,7,여름,28.3,25.2,0.0,0.0,66,4.8,30,46,0,0,더움,보통
2025-07-06 00:00,2025-07-06,0,7,여름,18.0,17.6,0.0,0.0,41,0.6,71,115,0,0,따뜻함,나쁨
2025-07-06 01:00,2025-07-06,1,7,여름,18.3,13.2,0.0,0.0,86,7.3,42,76,0,0,따뜻함,나쁨
2025-07-06 02:00,2025-07-06,2,7,여름,25.8,23.1,0.0,0.0,42,3.9,6,11,0,0,더움,좋음
2025-07-06 03:00,2025-07-06,3,7,여름,24.7,23.6,0.0,0.0,34,1.8,10,15,0,0,더움,좋음
2025-07-06 04:00,2025-07-06,4,7,여름,26.1,24.0,0.0,0.0,31,3.4,19,40,0,0,더움,보통
2025-07-06 05:00,2025-07-06,5,7,여름,23.1,18.5,0.0,0.0,38,6.6,30,48,0,0,더움,보통
2025-07-06 06:00,2025-07-06,6,7,여름,30.0,27.3,0.0,0.0,33,3.4,13,27,0,0,매우더움,좋음
2025-07-06 07:00,2025-07-06,7,7,여름,32.4,27.6,0.0,0.0,59,5.6,39,80,0,0,매우더움,나쁨
2025-07-06 08:00,2025-07-06,8,7,여름,25.3,24.9,0.0,0.0,39,0.7,13,22,0,0,더움,좋음
2025-07-06 09:00,2025-07-06,9,7,여름,27.9,26.3,0.0,0.0,78,1.7,40,79,0,0,더움,나쁨
2025-07-06 10:00,2025-07-06,10,7,여름,28.6,23.2,0.0,0.0,78,7.9,7,13,0,0,더움,좋음
2025-07-06 11:00,2025-07-06,11,7,여름,28.0,23.0,0.0,0.0,75,6.7,31,48,0,0,더움,보통
2025-07-06 12:00,2025-07-06,12,7,여름,29.4,28.5,0.0,0.0,46,0.6,9,15,0,0,더움,좋음
2025-07-06 13:00,2025-07-06,13,7,여름,31.0,29.7,0.0,0.0,68,1.9,5,10,0,0,매우더움,좋음
2025-07-06 14:00,2025-07-06,14,7,여름,27.1,22.9,3.2,0.0,74,5.2,25,38,1,0,더움,보통
2025-07-06 15:00,2025-07-06,15,7,여름,35.0,33.5,0.0,0.0,83,0.6,11,18,0,0,매우더움,좋음
2025-07-06 16:00,2025-07-06,16,7,여름,26.9,21.3,0.0,0.0,76,7.7,8,15,0,0,더움,좋음
2025-07-06 17:00,2025-07-06,17,7,여름,30.0,27.4,0.0,0.0,88,4.1,5,10,0,0,매우더움,좋음
2025-07-06 18:00,2025-07-06,18,7,여름,31.8,27.4,0.0,0.0,65,5.2,25,38,0,0,매우더움,보통
2025-07-06 19:00,2025-07-06,19,7,여름,28.2,27.7,0.0,0.0,69,1.0,31,51,0,0,더움,보통
2025-07-06 20:00,2025-07-06,20,7,여름,24.9,19.8,0.0,0.0,62,7.1,17,36,0,0,더움,보통
2025-07-06 21:00,2025-07-06,21,7,여름,20.3,14.9,0.0,0.0,83,7.4,10,15,0,0,따뜻함,좋음
2025-07-06 22:00,2025-07-06,22,7,여름,21.3,20.1,0.0,0.0,81,1.7,14,29,0,0,따뜻함,좋음
2025-07-06 23:00,2025-07-06,23,7,여름,21.3,18.5,1.1,0.0,45,3.6,34,73,1,0,따뜻함,보통
2025-07-07 00:00,2025-07-07,0,7,여름,25.1,22.2,0.0,0.0,33,5.6,5,10,0,0,더움,좋음
2025-07-07 01:00,2025-07-07,1,7,여름,24.0,22.7,0.0,0.0,39,2.3,25,38,0,0,더움,보통
2025-07-07 02:00,2025-07-07,2,7,여름,20.3,15.7,0.0,0.0,67,7.2,15,23,0,0,따뜻함,좋음
2025-07-07 03:00,2025-07-07,3,7,여름,28.2,24.3,0.0,0.0,57,7.0,36,71,0,0,더움,나쁨
2025-07-07 04:00,2025-07-07,4,7,여름,29.5,27.0,0.0,0.0,81,4.6,34,55,0,0,더움,보통
2025-07-07 05:00,2025-07-07,5,7,여름,19.9,17.9,0.0,0.0,81,3.0,16,25,0,0,따뜻함,보통
2025-07-07 06:00,2025-07-07,6,7,여름,26.3,21.8,0.0,0.0,56,6.0,8,16,0,0,더움,좋음
2025-07-07 07:00,2025-07-07,7,7,여름,31.3,29.2,0.0,0.0,32,3.9,19,31,0,0,매우더움,보통
2025-07-07 08:00,2025-07-07,8,7,여름,23.1,21.6,0.0,0.0,66,1.9,15,28,0,0,더움,좋음
2025-07-07 09:00,2025-07-07,9,7,여름,27.6,23.7,0.0,0.0,53,5.9,5,7,0,0,더움,좋음
2025-07-07 10:00,2025-07-07,10,7,여름,26.5,21.7,0.0,0.0,36,6.8,7,14,0,0,더움,좋음
2025-07-07 11:00,2025-07-07,11,7,여름,34.1,30.7,0.0,0.0,82,5.9,21,44,0,0,매우더움,보통
2025-07-07 12:00,2025-07-07,12,7,여름,29.1,23.3,0.0,0.0,64,7.2,24,41,0,0,더움,보통
2025-07-07 13:00,2025-07-07,13,7,여름,34.0,33.3,0.0,0.0,71,0.7,31,46,0,0,매우더움,보통
2025-07-07 14:00,2025-07-07,14,7,여름,26.2,24.8,0.0,0.0,43,1.0,30,48,0,0,더움,보통
2025-07-07 15:00,2025-07-07,15,7,여름,28.5,27.6,0.0,0.0,86,1.5,15,29,0,0,더움,좋음
2025-07-07 16:00,2025-07-07,16,7,여름,29.7,25.2,0.0,0.0,59,6.9,8,12,0,0,더움,좋음
2025-07-07 17:00,2025-07-07,17,7,여름,32.6,31.2,0.0,0.0,56,2.6,10,19,0,0,매우더움,좋음
2025-07-07 18:00,2025-07-07,18,7,여름,27.4,25.9,0.0,0.0,54,1.4,51,86,0,0,더움,나쁨
2025-07-07 19:00,2025-07-07,19,7,여름,23.2,20.8,0.0,0.0,68,2.7,26,49,0,0,더움,보통
2025-07-07 20:00,2025-07-07,20,7,여름,23.3,19.3,0.0,0.0,74,5.5,27,45,0,0,더움,보통
2025-07-07 21:00,2025-07-07,21,7,여름,21.8,16.7,0.0,0.0,31,7.9,33,60,0,0,따뜻함,보통
2025-07-07 22:00,2025-07-07,22,7,여름,17.3,12.7,0.0,0.0,88,6.4,6,11,0,0,따뜻함,좋음
2025-07-07 23:00,2025-07-07,23,7,여름,26.9,25.3,0.0,0.0,55,1.8,5,10,0,0,더움,좋음
2025-07-08 00:00,2025-07-08,0,7,여름,16.2,11.8,0.0,0.0,55,4.8,36,70,0,0,따뜻함,나쁨
2025-07-08 01:00,2025-07-08,1,7,여름,18.1,15.1,0.0,0.0,59,4.1,27,56,0,0,따뜻함,보통
2025-07-08 02:00,2025-07-08,2,7,여름,27.5,26.6,0.0,0.0,43,1.9,32,56,0,0,더움,보통
2025-07-08 03:00,2025-07-08,3,7,여름,25.4,21.4,0.0,0.0,50,6.2,5,8,0,0,더움,좋음
2025-07-08 04:00,2025-07-08,4,7,여름,23.0,22.3,0.0,0.0,42,1.0,20,42,0,0,더움,보통
2025-07-08 05:00,2025-07-08,5,7,여름,24.0,22.3,0.0,0.0,66,3.4,5,8,0,0,더움,좋음
2025-07-08 06:00,2025-07-08,6,7,여름,26.3,21.4,0.0,0.0,49,6.2,18,38,0,0,더움,보통
2025-07-08 07:00,2025-07-08,7,7,여름,25.5,20.6,0.0,0.0,68,6.9,48,100,0,0,더움,나쁨
2025-07-08 08:00,2025-07-08,8,7,여름,23.9,22.2,0.0,0.0,42,3.1,29,47,0,0,더움,보통
2025-07-08 09:00,2025-07-08,9,7,여름,34.5,29.4,0.0,0.0,74,6.6,30,48,0,0,매우더움,보통
2025-07-08 10:00,2025-07-08,10,7,여름,35.5,30.8,0.0,0.0,56,6.5,22,47,0,0,매우더움,보통
2025-07-08 11:00,2025-07-08,11,7,여름,29.4,25.0,0.0,0.0,72,5.6,19,36,0,0,더움,보통
2025-07-08 12:00,2025-07-08,12,7,여름,29.0,25.9,0.0,0.0,83,5.7,5,9,0,0,더움,좋음
2025-07-08 13:00,2025-07-08,13,7,여름,29.2,24.2,0.0,0.0,42,7.0,18,38,0,0,더움,보통
2025-07-08 14:00,2025-07-08,14,7,여름,34.9,29.9,0.0,0.0,33,7.3,22,41,0,0,매우더움,보통
2025-07-08 15:00,2025-07-08,15,7,여름,32.6,32.8,0.0,0.0,46,0.7,26,56,0,0,매우더움,보통
2025-07-08 16:00,2025-07-08,16,7,여름,31.2,29.5,0.0,0.0,38,4.5,34,66,0,0,매우더움,보통
2025-07-08 17:00,2025-07-08,17,7,여름,30.2,26.9,0.0,0.0,80,3.6,5,9,0,0,매우더움,좋음
2025-07-08 18:00,2025-07-08,18,7,여름,31.5,29.7,0.0,0.0,58,2.6,25,49,0,0,매우더움,보통
2025-07-08 19:00,2025-07-08,19,7,여름,27.4,25.4,0.0,0.0,52,2.8,8,16,0,0,더움,좋음
2025-07-08 20:00,2025-07-08,20,7,여름,26.8,25.8,0.0,0.0,59,1.1,19,29,0,0,더움,보통
2025-07-08 21:00,2025-07-08,21,7,여름,27.3,26.7,0.0,0.0,45,1.0,24,36,0,0,더움,보통
2025-07-08 22:00,2025-07-08,22,7,여름,22.1,16.8,0.0,0.0,85,7.0,73,123,0,0,따뜻함,나쁨
2025-07-08 23:00,2025-07-08,23,7,여름,26.1,24.2,0.0,0.0,55,1.7,52,109,0,0,더움,나쁨
2025-07-09 00:00,2025-07-09,0,7,여름,21.4,16.2,0.0,0.0,48,7.5,16,28,0,0,따뜻함,보통
2025-07-09 01:00,2025-07-09,1,7,여름,17.5,14.1,0.0,0.0,38,3.3,27,41,0,0,따뜻함,보통
2025-07-09 02:00,2025-07-09,2,7,여름,21.8,15.8,0.0,0.0,55,6.7,38,67,0,0,따뜻함,나쁨
2025-07-09 03:00,2025-07-09,3,7,여름,24.1,18.9,0.0,0.0,31,7.3,27,43,0,0,더움,보통
2025-07-09 04:00,2025-07-09,4,7,여름,19.4,17.5,0.0,0.0,66,2.2,16,29,0,0,따뜻함,보통
2025-07-09 05:00,2025-07-09,5,7,여름,29.6,27.5,0.0,0.0,39,2.4,23,45,0,0,더움,보통
2025-07-09 06:00,2025-07-09,6,7,여름,19.8,14.1,0.0,0.0,35,7.7,13,27,0,0,따뜻함,좋음
2025-07-09 07:00,2025-07-09,7,7,여름,26.7,21.3,0.0,0.0,59,7.3,20,30,0,0,더움,보통
2025-07-09 08:00,2025-07-09,8,7,여름,27.3,25.1,0.0,0.0,70,4.4,20,38,0,0,더움,보통
2025-07-09 09:00,2025-07-09,9,7,여름,25.8,22.9,0.0,0.0,80,4.1,10,18,0,0,더움,좋음
2025-07-09 10:00,2025-07-09,10,7,여름,32.1,29.0,0.0,0.0,59,4.8,5,10,0,0,매우더움,좋음
2025-07-09 11:00,2025-07-09,11,7,여름,25.4,20.9,0.0,0.0,45,6.0,13,26,0,0,더움,좋음
2025-07-09 12:00,2025-07-09,12,7,여름,27.7,22.9,0.0,0.0,48,5.8,5,9,0,0,더움,좋음
2025-07-09 13:00,2025-07-09,13,7,여름,32.2,30.3,0.0,0.0,50,1.5,17,27,0,0,매우더움,보통
2025-07-09 14:00,2025-07-09,14,7,여름,30.4,25.4,0.8,0.0,57,6.7,27,51,1,0,매우더움,보통
2025-07-09 15:00,2025-07-09,15,7,여름,27.3,22.6,0.0,0.0,45,6.7,56,109,0,0,더움,나쁨
2025-07-09 16:00,2025-07-09,16,7,여름,35.1,34.5,0.2,0.0,57,0.6,6,10,1,0,매우더움,좋음
2025-07-09 17:00,2025-07-09,17,7,여름,29.9,26.4,0.0,0.0,68,5.8,29,50,0,0,더움,보통
2025-07-09 18:00,2025-07-09,18,7,여름,21.8,16.1,0.0,0.0,69,7.9,5,9,0,0,따뜻함,좋음
2025-07-09 19:00,2025-07-09,19,7,여름,22.4,19.2,0.0,0.0,58,5.8,35,76,0,0,따뜻함,보통
2025-07-09 20:00,2025-07-09,20,7,여름,20.3,18.1,0.0,0.0,82,2.2,7,10,0,0,따뜻함,좋음
2025-07-09 21:00,2025-07-09,21,7,여름,27.0,25.2,0.0,0.0,75,4.6,23,44,0,0,더움,보통
2025-07-09 22:00,2025-07-09,22,7,여름,17.1,14.5,0.0,0.0,51,3.3,5,8,0,0,따뜻함,좋음
2025-07-09 23:00,2025-07-09,23,7,여름,20.0,19.5,0.0,0.0,84,0.7,9,18,0,0,따뜻함,좋음
2025-07-10 00:00,2025-07-10,0,7,여름,23.8,20.2,0.0,0.0,38,5.6,8,16,0,0,더움,좋음
2025-07-10 01:00,2025-07-10,1,7,여름,25.7,22.1,0.0,0.0,89,5.2,5,7,0,0,더움,좋음
2025-07-10 02:00,2025-07-10,2,7,여름,25.6,24.8,0.0,0.0,78,1.0,8,12,0,0,더움,좋음
2025-07-10 03:00,2025-07-10,3,7,여름,25.2,23.5,0.0,0.0,61,2.5,5,8,0,0,더움,좋음
2025-07-10 04:00,2025-07-10,4,7,여름,28.1,26.7,0.0,0.0,47,1.5,10,18,0,0,더움,좋음
2025-07-10 05:00,2025-07-10,5,7,여름,28.7,23.6,0.0,0.0,90,6.6,5,8,0,0,더움,좋음
2025-07-10 06:00,2025-07-10,6,7,여름,25.5,22.4,0.0,0.0,69,3.8,25,44,0,0,더움,보통
2025-07-10 07:00,2025-07-10,7,7,여름,26.9,25.1,0.0,0.0,82,2.7,24,48,0,0,더움,보통
2025-07-10 08:00,2025-07-10,8,7,여름,25.7,22.1,0.0,0.0,83,5.0,11,18,0,0,더움,좋음
2025-07-10 09:00,2025-07-10,9,7,여름,25.2,23.3,0.0,0.0,40,2.9,40,63,0,0,더움,나쁨
2025-07-10 10:00,2025-07-10,10,7,여름,27.5,22.1,0.0,0.0,32,7.9,5,9,0,0,더움,좋음
2025-07-10 11:00,2025-07-10,11,7,여름,28.7,26.0,1.2,0.0,36,4.0,5,10,1,0,더움,좋음
2025-07-10 12:00,2025-07-10,12,7,여름,32.2,30.4,0.0,0.0,31,2.6,6,12,0,0,매우더움,좋음
2025-07-10 13:00,2025-07-10,13,7,여름,27.8,24.3,0.0,0.0,60,4.6,19,34,0,0,더움,보통
2025-07-10 14:00,2025-07-10,14,7,여름,33.3,31.9,0.0,0.0,34,2.2,38,81,0,0,매우더움,나쁨
2025-07-10 15:00,2025-07-10,15,7,여름,27.8,22.5,0.0,0.0,88,6.9,19,36,0,0,더움,보통
2025-07-10 16:00,2025-07-10,16,7,여름,28.8,26.8,0.0,0.0,79,2.8,20,31,0,0,더움,보통
2025-07-10 17:00,2025-07-10,17,7,여름,24.3,20.2,0.0,0.0,49,5.6,13,25,0,0,더움,좋음
2025-07-10 18:00,2025-07-10,18,7,여름,23.3,22.3,0.0,0.0,33,1.7,42,82,0,0,더움,나쁨
2025-07-10 19:00,2025-07-10,19,7,여름,26.0,24.6,0.0,0.0,47,2.5,20,32,0,0,더움,보통
2025-07-10 20:00,2025-07-10,20,7,여름,29.5,27.1,0.0,0.0,56,3.2,35,66,0,0,더움,보통
2025-07-10 21:00,2025-07-10,21,7,여름,22.7,17.4,0.0,0.0,40,7.7,25,53,0,0,따뜻함,보통
2025-07-10 22:00,2025-07-10,22,7,여름,20.1,14.0,0.0,0.0,76,7.7,24,36,0,0,따뜻함,보통
2025-07-10 23:00,2025-07-10,23,7,여름,22.1,20.7,0.0,0.0,75,1.6,55,113,0,0,따뜻함,나쁨
2025-07-11 00:00,2025-07-11,0,7,여름,16.1,10.6,0.0,0.0,68,7.3,9,18,0,0,따뜻함,좋음
2025-07-11 01:00,2025-07-11,1,7,여름,19.2,16.5,0.0,0.0,45,4.2,24,36,0,0,따뜻함,보통
2025-07-11 02:00,2025-07-11,2,7,여름,16.8,13.3,0.0,0.0,82,4.4,5,9,0,0,따뜻함,좋음
2025-07-11 03:00,2025-07-11,3,7,여름,28.0,22.6,0.0,0.0,45,7.7,25,53,0,0,더움,보통
2025-07-11 04:00,2025-07-11,4,7,여름,23.6,19.4,0.0,0.0,68,5.9,5,7,0,0,더움,좋음
2025-07-11 05:00,2025-07-11,5,7,여름,24.4,22.7,0.0,0.0,85,3.4,35,63,0,0,더움,보통
2025-07-11 06:00,2025-07-11,6,7,여름,31.0,29.6,0.0,0.0,53,1.8,22,37,0,0,매우더움,보통
2025-07-11 07:00,2025-07-11,7,7,여름,31.4,27.6,0.0,0.0,64,4.9,12,18,0,0,매우더움,좋음
2025-07-11 08:00,2025-07-11,8,7,여름,31.5,29.7,0.0,0.0,86,3.5,19,36,0,0,매우더움,보통
2025-07-11 09:00,2025-07-11,9,7,여름,30.5,29.7,0.0,0.0,43,0.7,54,104,0,0,매우더움,나쁨
2025-07-11 10:00,2025-07-11,10,7,여름,32.3,27.8,0.0,0.0,90,7.4,5,8,0,0,매우더움,좋음
2025-07-11 11:00,2025-07-11,11,7,여름,35.5,31.9,0.0,0.0,36,4.9,28,58,0,0,매우더움,보통
2025-07-11 12:00,2025-07-11,12,7,여름,28.5,28.5,0.0,0.0,51,0.9,51,100,0,0,더움,나쁨
2025-07-11 13:00,2025-07-11,13,7,여름,32.5,32.3,0.0,0.0,36,2.1,10,17,0,0,매우더움,좋음
2025-07-11 14:00,2025-07-11,14,7,여름,29.3,26.2,0.0,0.0,67,4.2,5,8,0,0,더움,좋음
2025-07-11 15:00,2025-07-11,15,7,여름,30.7,28.2,0.0,0.0,40,2.8,10,20,0,0,매우더움,좋음
2025-07-11 16:00,2025-07-11,16,7,여름,23.1,18.0,0.0,0.0,76,7.4,5,9,0,0,더움,좋음
2025-07-11 17:00,2025-07-11,17,7,여름,24.5,23.9,0.0,0.0,64,1.2,36,69,0,0,더움,나쁨
2025-07-11 18:00,2025-07-11,18,7,여름,25.0,19.3,0.0,0.0,77,7.8,21,45,0,0,더움,보통
2025-07-11 19:00,2025-07-11,19,7,여름,21.2,19.0,0.0,0.0,38,2.2,42,87,0,0,따뜻함,나쁨
2025-07-11 20:00,2025-07-11,20,7,여름,20.3,18.7,0.0,0.0,78,2.4,27,46,0,0,따뜻함,보통
2025-07-11 21:00,2025-07-11,21,7,여름,27.2,26.3,0.0,0.0,68,0.8,32,58,0,0,더움,보통
2025-07-11 22:00,2025-07-11,22,7,여름,24.5,23.1,0.0,0.0,42,3.4,5,7,0,0,더움,좋음
2025-07-11 23:00,2025-07-11,23,7,여름,19.5,18.5,0.0,0.0,83,0.6,12,22,0,0,따뜻함,좋음
2025-07-12 00:00,2025-07-12,0,7,여름,24.8,22.9,0.0,0.0,53,2.6,15,27,0,0,더움,좋음
2025-07-12 01:00,2025-07-12,1,7,여름,16.5,15.7,0.0,0.0,35,2.2,36,71,0,0,따뜻함,나쁨
2025-07-12 02:00,2025-07-12,2,7,여름,21.4,16.0,0.0,0.0,48,7.5,19,41,0,0,따뜻함,보통
2025-07-12 03:00,2025-07-12,3,7,여름,16.9,11.9,0.0,0.0,75,7.7,5,10,0,0,따뜻함,좋음
2025-07-12 04:00,2025-07-12,4,7,여름,25.4,19.6,0.0,0.0,65,7.2,25,44,0,0,더움,보통
2025-07-12 05:00,2025-07-12,5,7,여름,26.6,22.6,0.0,0.0,42,6.5,5,7,0,0,더움,좋음
2025-07-12 06:00,2025-07-12,6,7,여름,24.5,21.2,0.0,0.0,47,5.5,32,53,0,0,더움,보통
2025-07-12 07:00,2025-07-12,7,7,여름,29.0,25.5,0.0,0.0,33,3.9,24,49,0,0,더움,보통
2025-07-12 08:00,2025-07-12,8,7,여름,28.8,26.6,0.0,0.0,72,3.9,12,19,0,0,더움,좋음
2025-07-12 09:00,2025-07-12,9,7,여름,26.9,23.0,0.0,0.0,83,7.1,30,63,0,0,더움,보통
2025-07-12 10:00,2025-07-12,10,7,여름,31.6,30.4,0.0,0.0,60,1.0,24,38,0,0,매우더움,보통
2025-07-12 11:00,2025-07-12,11,7,여름,35.5,32.3,0.7,0.0,49,4.9,5,9,1,0,매우더움,좋음
2025-07-12 12:00,2025-07-12,12,7,여름,29.7,26.9,0.0,0.0,63,2.8,20,30,0,0,더움,보통
2025-07-12 13:00,2025-07-12,13,7,여름,33.4,32.1,0.0,0.0,59,2.1,41,71,0,0,매우더움,나쁨
2025-07-12 14:00,2025-07-12,14,7,여름,29.9,25.5,0.0,0.0,66,7.6,47,93,0,0,더움,나쁨
2025-07-12 15:00,2025-07-12,15,7,여름,26.7,21.2,0.0,0.0,83,6.7,5,9,0,0,더움,좋음
2025-07-12 16:00,2025-07-12,16,7,여름,30.5,26.7,0.0,0.0,35,5.7,5,7,0,0,매우더움,좋음
2025-07-12 17:00,2025-07-12,17,7,여름,30.2,26.7,0.0,0.0,73,4.2,24,47,0,0,매우더움,보통
2025-07-12 18:00,2025-07-12,18,7,여름,28.3,22.9,0.0,0.0,51,7.5,6,11,0,0,더움,좋음
2025-07-12 19:00,2025-07-12,19,7,여름,20.2,19.4,0.0,0.0,41,1.0,18,32,0,0,따뜻함,보통
2025-07-12 20:00,2025-07-12,20,7,여름,26.7,22.4,0.0,0.0,81,6.5,5,9,0,0,더움,좋음
2025-07-12 21:00,2025-07-12,21,7,여름,24.9,22.8,0.0,0.0,69,3.3,33,71,0,0,더움,보통
2025-07-12 22:00,2025-07-12,22,7,여름,22.3,19.2,0.0,0.0,55,3.9,22,33,0,0,따뜻함,보통
2025-07-12 23:00,2025-07-12,23,7,여름,22.6,18.7,0.0,0.0,43,4.8,11,20,0,0,따뜻함,좋음
2025-07-13 00:00,2025-07-13,0,7,여름,25.3,24.5,0.0,0.0,52,1.7,18,32,0,0,더움,보통
2025-07-13 01:00,2025-07-13,1,7,여름,21.1,20.8,0.0,0.0,35,0.8,8,16,0,0,따뜻함,좋음
2025-07-13 02:00,2025-07-13,2,7,여름,28.8,24.5,0.0,0.0,82,6.4,23,47,0,0,더움,보통
2025-07-13 03:00,2025-07-13,3,7,여름,19.3,14.7,0.0,0.0,88,7.6,18,38,0,0,따뜻함,보통
2025-07-13 04:00,2025-07-13,4,7,여름,20.0,16.0,0.0,0.0,88,5.2,25,39,0,0,따뜻함,보통
2025-07-13 05:00,2025-07-13,5,7,여름,22.8,18.3,0.0,0.0,73,5.5,33,72,0,0,따뜻함,보통
2025-07-13 06:00,2025-07-13,6,7,여름,25.4,21.1,0.0,0.0,40,7.4,5,7,0,0,더움,좋음
2025-07-13 07:00,2025-07-13,7,7,여름,33.6,31.1,0.0,0.0,44,4.3,47,99,0,0,매우더움,나쁨
2025-07-13 08:00,2025-07-13,8,7,여름,26.8,22.5,0.0,0.0,48,6.2,43,74,0,0,더움,나쁨
2025-07-13 09:00,2025-07-13,9,7,여름,35.1,31.5,0.0,0.0,76,5.8,33,58,0,0,매우더움,보통
2025-07-13 10:00,2025-07-13,10,7,여름,28.4,27.4,0.0,0.0,74,2.5,31,57,0,0,더움,보통
2025-07-13 11:00,2025-07-13,11,7,여름,34.8,34.8,0.0,0.0,58,1.0,39,83,0,0,매우더움,나쁨
2025-07-13 12:00,2025-07-13,12,7,여름,35.2,32.7,0.0,0.0,54,2.7,36,63,0,0,매우더움,나쁨
2025-07-13 13:00,2025-07-13,13,7,여름,34.3,33.0,0.0,0.0,38,1.4,5,10,0,0,매우더움,좋음
2025-07-13 14:00,2025-07-13,14,7,여름,27.4,23.9,3.2,0.0,66,4.4,33,63,1,0,더움,보통
2025-07-13 15:00,2025-07-13,15,7,여름,36.6,31.7,0.0,0.0,49,6.3,25,47,0,0,매우더움,보통
2025-07-13 16:00,2025-07-13,16,7,여름,30.9,28.4,0.0,0.0,72,2.6,17,34,0,0,매우더움,보통
2025-07-13 17:00,2025-07-13,17,7,여름,32.5,29.8,0.0,0.0,72,3.8,11,17,0,0,매우더움,좋음
2025-07-13 18:00,2025-07-13,18,7,여름,26.0,21.2,0.0,0.0,33,7.2,10,20,0,0,더움,좋음
2025-07-13 19:00,2025-07-13,19,7,여름,29.4,26.3,0.0,0.0,52,3.7,23,41,0,0,더움,보통
2025-07-13 20:00,2025-07-13,20,7,여름,28.3,25.9,0.0,0.0,42,2.3,10,17,0,0,더움,좋음
2025-07-13 21:00,2025-07-13,21,7,여름,20.8,16.2,0.0,0.0,86,6.1,32,63,0,0,따뜻함,보통
2025-07-13 22:00,2025-07-13,22,7,여름,17.9,13.7,0.0,0.0,87,7.3,5,7,0,0,따뜻함,좋음
2025-07-13 23:00,2025-07-13,23,7,여름,17.9,17.1,0.0,0.0,82,1.3,23,35,0,0,따뜻함,보통
2025-07-14 00:00,2025-07-14,0,7,여름,25.8,21.1,0.0,0.0,71,6.9,26,47,0,0,더움,보통
2025-07-14 01:00,2025-07-14,1,7,여름,20.5,18.4,1.0,0.0,71,3.3,18,39,1,0,따뜻함,보통
2025-07-14 02:00,2025-07-14,2,7,여름,18.3,15.1,0.0,0.0,89,4.1,37,75,0,0,따뜻함,나쁨
2025-07-14 03:00,2025-07-14,3,7,여름,24.1,23.7,0.0,0.0,87,0.8,6,11,0,0,더움,좋음
2025-07-14 04:00,2025-07-14,4,7,여름,22.6,16.8,0.0,0.0,85,7.5,14,22,0,0,따뜻함,좋음
2025-07-14 05:00,2025-07-14,5,7,여름,22.7,21.4,0.0,0.0,59,2.4,30,49,0,0,따뜻함,보통
2025-07-14 06:00,2025-07-14,6,7,여름,26.8,23.5,0.0,0.0,71,4.9,26,55,0,0,더움,보통
2025-07-14 07:00,2025-07-14,7,7,여름,33.2,30.0,0.0,0.0,31,5.6,38,68,0,0,매우더움,나쁨
2025-07-14 08:00,2025-07-14,8,7,여름,32.7,29.0,2.3,0.0,67,4.4,5,10,1,0,매우더움,좋음
2025-07-14 09:00,2025-07-14,9,7,여름,30.0,26.7,0.0,0.0,88,6.1,27,53,0,0,매우더움,보통
2025-07-14 10:00,2025-07-14,10,7,여름,34.6,32.8,0.0,0.0,85,2.5,5,10,0,0,매우더움,좋음
2025-07-14 11:00,2025-07-14,11,7,여름,25.7,20.7,3.2,0.0,85,7.6,32,65,1,0,더움,보통
2025-07-14 12:00,2025-07-14,12,7,여름,29.3,26.1,0.0,0.0,51,4.1,38,63,0,0,더움,나쁨
2025-07-14 13:00,2025-07-14,13,7,여름,30.9,30.1,0.0,0.0,45,2.3,45,73,0,0,매우더움,나쁨
2025-07-14 14:00,2025-07-14,14,7,여름,29.5,26.1,0.0,0.0,76,4.3,37,58,0,0,더움,나쁨
2025-07-14 15:00,2025-07-14,15,7,여름,25.3,24.0,0.0,0.0,84,1.2,10,20,0,0,더움,좋음
2025-07-14 16:00,2025-07-14,16,7,여름,28.5,28.5,0.0,0.0,64,1.5,5,7,0,0,더움,좋음
2025-07-14 17:00,2025-07-14,17,7,여름,33.9,32.7,0.0,0.0,30,2.4,24,37,0,0,매우더움,보통
2025-07-14 18:00,2025-07-14,18,7,여름,23.7,23.3,0.0,0.0,71,1.5,22,41,0,0,더움,보통
2025-07-14 19:00,2025-07-14,19,7,여름,24.6,21.9,0.0,0.0,39,2.4,30,53,0,0,더움,보통
2025-07-14 20:00,2025-07-14,20,7,여름,20.8,15.1,0.0,0.0,90,7.9,12,21,0,0,따뜻함,좋음
2025-07-14 21:00,2025-07-14,21,7,여름,26.3,26.3,0.0,0.0,88,1.0,14,30,0,0,더움,좋음
2025-07-14 22:00,2025-07-14,22,7,여름,26.5,24.9,0.0,0.0,66,3.6,5,9,0,0,더움,좋음
2025-07-14 23:00,2025-07-14,23,7,여름,20.5,17.9,0.0,0.0,35,4.0,5,10,0,0,따뜻함,좋음
2025-07-15 00:00,2025-07-15,0,7,여름,23.5,23.2,0.0,0.0,61,0.7,28,48,0,0,더움,보통
2025-07-15 01:00,2025-07-15,1,7,여름,23.7,20.1,0.0,0.0,61,5.3,11,18,0,0,더움,좋음
2025-07-15 02:00,2025-07-15,2,7,여름,25.1,19.5,0.1,0.0,71,7.5,17,37,1,0,더움,보통
2025-07-15 03:00,2025-07-15,3,7,여름,22.3,18.1,0.0,0.0,85,4.5,5,9,0,0,따뜻함,좋음
2025-07-15 04:00,2025-07-15,4,7,여름,24.0,18.9,0.0,0.0,82,7.4,5,8,0,0,더움,좋음
2025-07-15 05:00,2025-07-15,5,7,여름,27.6,22.7,0.0,0.0,43,7.0,5,9,0,0,더움,좋음
2025-07-15 06:00,2025-07-15,6,7,여름,29.0,25.1,0.0,0.0,39,5.0,14,25,0,0,더움,좋음
2025-07-15 07:00,2025-07-15,7,7,여름,26.7,25.3,0.0,0.0,33,0.9,38,62,0,0,더움,나쁨
2025-07-15 08:00,2025-07-15,8,7,여름,28.2,27.6,0.0,0.0,57,1.2,8,16,0,0,더움,좋음
2025-07-15 09:00,2025-07-15,9,7,여름,36.1,35.1,0.0,0.0,68,1.7,32,56,0,0,매우더움,보통
2025-07-15 10:00,2025-07-15,10,7,여름,31.9,30.5,0.0,0.0,40,2.9,9,15,0,0,매우더움,좋음
2025-07-15 11:00,2025-07-15,11,7,여름,30.9,25.0,0.0,0.0,86,7.8,30,54,0,0,매우더움,보통
2025-07-15 12:00,2025-07-15,12,7,여름,28.4,25.1,0.0,0.0,41,3.8,11,23,0,0,더움,좋음
2025-07-15 13:00,2025-07-15,13,7,여름,32.0,26.3,0.0,0.0,48,7.9,15,28,0,0,매우더움,좋음
2025-07-15 14:00,2025-07-15,14,7,여름,28.6,24.3,0.0,0.0,74,6.8,21,32,0,0,더움,보통
2025-07-15 15:00,2025-07-15,15,7,여름,33.3,31.3,0.0,0.0,70,2.4,6,9,0,0,매우더움,좋음
2025-07-15 16:00,2025-07-15,16,7,여름,30.3,26.4,0.0,0.0,63,5.9,35,58,0,0,매우더움,보통
2025-07-15 17:00,2025-07-15,17,7,여름,26.7,24.9,0.0,0.0,72,4.5,19,34,0,0,더움,보통
2025-07-15 18:00,2025-07-15,18,7,여름,31.1,28.4,0.0,0.0,84,3.9,11,23,0,0,매우더움,좋음
2025-07-15 19:00,2025-07-15,19,7,여름,30.1,25.0,0.0,0.0,68,6.9,28,46,0,0,매우더움,보통
2025-07-15 20:00,2025-07-15,20,7,여름,22.4,19.1,0.0,0.0,80,4.8,14,27,0,0,따뜻함,좋음
2025-07-15 21:00,2025-07-15,21,7,여름,20.5,17.3,0.0,0.0,38,4.8,18,30,0,0,따뜻함,보통
2025-07-15 22:00,2025-07-15,22,7,여름,18.4,15.3,0.0,0.0,46,4.0,12,23,0,0,따뜻함,좋음
2025-07-15 23:00,2025-07-15,23,7,여름,22.4,19.4,0.0,0.0,60,5.3,21,32,0,0,따뜻함,보통
2025-07-16 00:00,2025-07-16,0,7,여름,20.0,18.8,0.0,0.0,87,2.4,19,36,0,0,따뜻함,보통
2025-07-16 01:00,2025-07-16,1,7,여름,21.6,19.6,0.0,0.0,79,2.4,5,10,0,0,따뜻함,좋음
2025-07-16 02:00,2025-07-16,2,7,여름,23.4,19.3,0.0,0.0,54,6.3,43,81,0,0,더움,나쁨
2025-07-16 03:00,2025-07-16,3,7,여름,20.2,17.6,0.0,0.0,81,4.0,5,8,0,0,따뜻함,좋음
2025-07-16 04:00,2025-07-16,4,7,여름,23.1,18.6,0.0,0.0,83,6.7,15,32,0,0,더움,좋음
2025-07-16 05:00,2025-07-16,5,7,여름,24.1,22.8,0.0,0.0,85,2.3,5,7,0,0,더움,좋음
2025-07-16 06:00,2025-07-16,6,7,여름,25.4,24.1,0.0,0.0,54,1.8,18,37,0,0,더움,보통
2025-07-16 07:00,2025-07-16,7,7,여름,29.3,25.9,0.0,0.0,63,4.9,24,45,0,0,더움,보통
2025-07-16 08:00,2025-07-16,8,7,여름,32.9,29.9,0.0,0.0,63,4.6,22,33,0,0,매우더움,보통
2025-07-16 09:00,2025-07-16,9,7,여름,30.7,28.2,0.0,0.0,60,4.6,29,59,0,0,매우더움,보통
2025-07-16 10:00,2025-07-16,10,7,여름,30.5,25.0,0.0,0.0,77,7.1,17,26,0,0,매우더움,보통
2025-07-16 11:00,2025-07-16,11,7,여름,33.4,28.8,0.0,0.0,88,6.8,40,72,0,0,매우더움,나쁨
2025-07-16 12:00,2025-07-16,12,7,여름,28.7,24.8,0.0,0.0,83,5.0,31,64,0,0,더움,보통
2025-07-16 13:00,2025-07-16,13,7,여름,29.0,27.2,0.0,0.0,64,2.5,8,16,0,0,더움,좋음
2025-07-16 14:00,2025-07-16,14,7,여름,29.9,29.3,0.0,0.0,79,0.6,41,70,0,0,더움,나쁨
2025-07-16 15:00,2025-07-16,15,7,여름,32.4,28.4,0.0,0.0,79,4.7,17,29,0,0,매우더움,보통
2025-07-16 16:00,2025-07-16,16,7,여름,24.8,21.1,0.0,0.0,74,5.7,26,42,0,0,더움,보통
2025-07-16 17:00,2025-07-16,17,7,여름,27.8,24.7,0.0,0.0,45,4.9,6,10,0,0,더움,좋음
2025-07-16 18:00,2025-07-16,18,7,여름,29.5,26.5,0.0,0.0,56,4.9,33,60,0,0,더움,보통
2025-07-16 19:00,2025-07-16,19,7,여름,24.6,21.3,0.0,0.0,31,4.7,5,9,0,0,더움,좋음
2025-07-16 20:00,2025-07-16,20,7,여름,22.2,21.0,0.0,0.0,65,2.3,10,16,0,0,따뜻함,좋음
2025-07-16 21:00,2025-07-16,21,7,여름,18.2,12.4,0.0,0.0,73,7.1,12,23,0,0,따뜻함,좋음
2025-07-16 22:00,2025-07-16,22,7,여름,21.9,21.4,0.0,0.0,76,0.7,5,10,0,0,따뜻함,좋음
2025-07-16 23:00,2025-07-16,23,7,여름,21.1,19.7,0.0,0.0,90,1.2,7,14,0,0,따뜻함,좋음
2025-07-17 00:00,2025-07-17,0,7,여름,22.1,19.5,0.0,0.0,37,3.9,42,85,0,0,따뜻함,나쁨
2025-07-17 01:00,2025-07-17,1,7,여름,27.1,23.4,0.0,0.0,80,4.8,49,90,0,0,더움,나쁨
2025-07-17 02:00,2025-07-17,2,7,여름,24.0,21.2,0.0,0.0,54,3.1,21,42,0,0,더움,보통
2025-07-17 03:00,2025-07-17,3,7,여름,25.4,23.9,0.0,0.0,40,2.2,17,25,0,0,더움,보통
2025-07-17 04:00,2025-07-17,4,7,여름,26.4,24.6,0.0,0.0,88,1.9,5,7,0,0,더움,좋음
2025-07-17 05:00,2025-07-17,5,7,여름,19.6,14.8,0.0,0.0,30,7.1,5,10,0,0,따뜻함,좋음
2025-07-17 06:00,2025-07-17,6,7,여름,22.2,21.8,0.0,0.0,60,1.1,14,26,0,0,따뜻함,좋음
2025-07-17 07:00,2025-07-17,7,7,여름,27.9,26.5,0.0,0.0,30,1.8,37,60,0,0,더움,나쁨
2025-07-17 08:00,2025-07-17,8,7,여름,29.3,26.6,0.0,0.0,45,4.1,13,23,0,0,더움,좋음
2025-07-17 09:00,2025-07-17,9,7,여름,30.9,31.0,0.0,0.0,72,1.0,5,9,0,0,매우더움,좋음
2025-07-17 10:00,2025-07-17,10,7,여름,32.7,27.4,0.0,0.0,34,6.7,15,22,0,0,매우더움,좋음
2025-07-17 11:00,2025-07-17,11,7,여름,29.2,28.2,0.0,0.0,75,1.4,10,16,0,0,더움,좋음
2025-07-17 12:00,2025-07-17,12,7,여름,33.6,32.7,0.0,0.0,32,0.9,54,104,0,0,매우더움,나쁨
2025-07-17 13:00,2025-07-17,13,7,여름,34.1,33.0,0.0,0.0,32,1.7,34,54,0,0,매우더움,보통
2025-07-17 14:00,2025-07-17,14,7,여름,27.4,23.2,0.0,0.0,42,6.0,17,31,0,0,더움,보통
2025-07-17 15:00,2025-07-17,15,7,여름,31.5,28.2,0.0,0.0,52,5.5,38,69,0,0,매우더움,나쁨
2025-07-17 16:00,2025-07-17,16,7,여름,27.7,26.6,0.0,0.0,79,1.4,19,29,0,0,더움,보통
2025-07-17 17:00,2025-07-17,17,7,여름,27.9,26.3,0.0,0.0,38,2.7,23,48,0,0,더움,보통
2025-07-17 18:00,2025-07-17,18,7,여름,27.0,26.7,0.0,0.0,60,0.8,5,9,0,0,더움,좋음
2025-07-17 19:00,2025-07-17,19,7,여름,25.1,23.9,0.0,0.0,81,1.3,5,9,0,0,더움,좋음
2025-07-17 20:00,2025-07-17,20,7,여름,27.3,22.9,0.0,0.0,46,6.6,33,57,0,0,더움,보통
2025-07-17 21:00,2025-07-17,21,7,여름,19.0,12.4,0.0,0.0,51,7.9,5,8,0,0,따뜻함,좋음
2025-07-17 22:00,2025-07-17,22,7,여름,26.8,25.6,0.0,0.0,68,1.9,42,72,0,0,더움,나쁨
2025-07-17 23:00,2025-07-17,23,7,여름,27.2,21.2,0.0,0.0,90,7.5,20,34,0,0,더움,보통
2025-07-18 00:00,2025-07-18,0,7,여름,17.4,14.0,0.0,0.0,54,4.4,38,72,0,0,따뜻함,나쁨
2025-07-18 01:00,2025-07-18,1,7,여름,22.4,18.2,0.0,0.0,62,6.7,6,12,0,0,따뜻함,좋음
2025-07-18 02:00,2025-07-18,2,7,여름,26.1,21.0,0.0,0.0,31,7.6,23,42,0,0,더움,보통
2025-07-18 03:00,2025-07-18,3,7,여름,24.3,21.1,0.0,0.0,74,5.5,40,87,0,0,더움,나쁨
2025-07-18 04:00,2025-07-18,4,7,여름,20.5,19.5,0.0,0.0,53,0.7,23,38,0,0,따뜻함,보통
2025-07-18 05:00,2025-07-18,5,7,여름,30.6,28.1,0.0,0.0,69,3.8,19,29,0,0,매우더움,보통
2025-07-18 06:00,2025-07-18,6,7,여름,22.3,20.8,0.0,0.0,89,1.8,5,9,0,0,따뜻함,좋음
2025-07-18 07:00,2025-07-18,7,7,여름,23.3,18.8,0.0,0.0,47,7.1,11,21,0,0,더움,좋음
2025-07-18 08:00,2025-07-18,8,7,여름,25.8,24.6,0.0,0.0,42,1.2,21,43,0,0,더움,보통
2025-07-18 09:00,2025-07-18,9,7,여름,28.2,23.7,0.0,0.0,77,7.3,42,63,0,0,더움,나쁨
2025-07-18 10:00,2025-07-18,10,7,여름,30.8,24.8,0.0,0.0,76,8.0,33,67,0,0,매우더움,보통
2025-07-18 11:00,2025-07-18,11,7,여름,33.0,31.9,0.0,0.0,69,1.8,5,9,0,0,매우더움,좋음
2025-07-18 12:00,2025-07-18,12,7,여름,30.0,25.3,0.0,0.0,43,7.0,14,22,0,0,매우더움,좋음
2025-07-18 13:00,2025-07-18,13,7,여름,27.2,23.7,0.0,0.0,79,4.4,26,48,0,0,더움,보통
2025-07-18 14:00,2025-07-18,14,7,여름,34.7,33.8,0.0,0.0,40,3.2,26,45,0,0,매우더움,보통
2025-07-18 15:00,2025-07-18,15,7,여름,32.7,27.2,0.0,0.0,76,7.6,5,8,0,0,매우더움,좋음
2025-07-18 16:00,2025-07-18,16,7,여름,24.6,22.3,0.0,0.0,36,2.8,20,42,0,0,더움,보통
2025-07-18 17:00,2025-07-18,17,7,여름,29.4,26.1,0.0,0.0,43,4.4,31,65,0,0,더움,보통
2025-07-18 18:00,2025-07-18,18,7,여름,29.5,26.0,0.0,0.0,69,5.8,37,58,0,0,더움,나쁨
2025-07-18 19:00,2025-07-18,19,7,여름,27.6,22.9,0.0,0.0,81,6.1,16,31,0,0,더움,보통
2025-07-18 20:00,2025-07-18,20,7,여름,23.6,20.5,0.0,0.0,55,3.0,5,10,0,0,더움,좋음
2025-07-18 21:00,2025-07-18,21,7,여름,26.8,27.3,0.0,0.0,84,0.7,22,42,0,0,더움,보통
2025-07-18 22:00,2025-07-18,22,7,여름,23.9,22.3,0.0,0.0,81,1.8,19,41,0,0,더움,보통
2025-07-18 23:00,2025-07-18,23,7,여름,25.0,19.4,0.0,0.0,34,7.6,25,37,0,0,더움,보통
2025-07-19 00:00,2025-07-19,0,7,여름,18.2,14.4,0.0,0.0,74,6.0,34,69,0,0,따뜻함,보통
2025-07-19 01:00,2025-07-19,1,7,여름,21.8,21.5,2.8,0.0,51,1.2,5,9,1,0,따뜻함,좋음
2025-07-19 02:00,2025-07-19,2,7,여름,22.0,17.0,0.0,0.0,85,7.3,27,48,0,0,따뜻함,보통
2025-07-19 03:00,2025-07-19,3,7,여름,18.0,13.9,0.0,0.0,35,7.1,29,52,0,0,따뜻함,보통
2025-07-19 04:00,2025-07-19,4,7,여름,25.3,20.9,0.5,0.0,40,6.9,11,17,1,0,더움,좋음
2025-07-19 05:00,2025-07-19,5,7,여름,21.9,20.8,0.0,0.0,45,1.5,21,34,0,0,따뜻함,보통
2025-07-19 06:00,2025-07-19,6,7,여름,25.6,23.2,0.0,0.0,37,4.0,26,45,0,0,더움,보통
2025-07-19 07:00,2025-07-19,7,7,여름,27.9,22.7,0.0,0.0,44,7.0,45,71,0,0,더움,나쁨
2025-07-19 08:00,2025-07-19,8,7,여름,29.0,26.7,0.0,0.0,62,1.7,29,50,0,0,더움,보통
2025-07-19 09:00,2025-07-19,9,7,여름,33.6,28.6,0.0,0.0,45,7.2,5,8,0,0,매우더움,좋음
2025-07-19 10:00,2025-07-19,10,7,여름,27.1,23.0,0.0,0.0,58,5.1,5,9,0,0,더움,좋음
2025-07-19 11:00,2025-07-19,11,7,여름,28.4,23.0,0.0,0.0,62,8.0,37,77,0,0,더움,나쁨
2025-07-19 12:00,2025-07-19,12,7,여름,29.5,24.9,0.0,0.0,30,6.9,28,47,0,0,더움,보통
2025-07-19 13:00,2025-07-19,13,7,여름,29.0,23.1,0.0,0.0,51,7.6,5,8,0,0,더움,좋음
2025-07-19 14:00,2025-07-19,14,7,여름,32.8,28.2,0.0,0.0,36,7.2,5,7,0,0,매우더움,좋음
2025-07-19 15:00,2025-07-19,15,7,여름,34.1,33.1,0.0,0.0,48,1.4,33,55,0,0,매우더움,보통
2025-07-19 16:00,2025-07-19,16,7,여름,34.7,30.9,0.0,0.0,55,4.9,17,27,0,0,매우더움,보통
2025-07-19 17:00,2025-07-19,17,7,여름,30.5,27.5,0.0,0.0,78,4.5,36,72,0,0,매우더움,나쁨
2025-07-19 18:00,2025-07-19,18,7,여름,23.3,21.5,0.0,0.0,81,2.3,5,9,0,0,더움,좋음
2025-07-19 19:00,2025-07-19,19,7,여름,23.4,23.3,0.0,0.0,68,0.7,23,40,0,0,더움,보통
2025-07-19 20:00,2025-07-19,20,7,여름,28.8,24.7,0.0,0.0,60,6.7,5,10,0,0,더움,좋음
2025-07-19 21:00,2025-07-19,21,7,여름,19.1,16.2,0.0,0.0,32,4.4,28,60,0,0,따뜻함,보통
2025-07-19 22:00,2025-07-19,22,7,여름,23.9,19.9,0.0,0.0,47,6.8,5,8,0,0,더움,좋음
2025-07-19 23:00,2025-07-19,23,7,여름,19.6,14.9,0.0,0.0,57,7.9,18,38,0,0,따뜻함,보통
2025-07-20 00:00,2025-07-20,0,7,여름,24.9,19.6,0.0,0.0,88,7.0,11,23,0,0,더움,좋음
2025-07-20 01:00,2025-07-20,1,7,여름,25.3,20.1,0.0,0.0,79,7.6,22,46,0,0,더움,보통
2025-07-20 02:00,2025-07-20,2,7,여름,25.4,24.2,0.0,0.0,39,1.6,42,91,0,0,더움,나쁨
2025-07-20 03:00,2025-07-20,3,7,여름,24.7,21.3,0.0,0.0,77,4.2,41,86,0,0,더움,나쁨
2025-07-20 04:00,2025-07-20,4,7,여름,21.4,16.0,0.0,0.0,38,7.8,5,7,0,0,따뜻함,좋음
2025-07-20 05:00,2025-07-20,5,7,여름,26.2,20.4,0.0,0.0,67,7.6,5,8,0,0,더움,좋음
2025-07-20 06:00,2025-07-20,6,7,여름,25.5,22.6,0.0,0.0,65,4.6,9,14,0,0,더움,좋음
2025-07-20 07:00,2025-07-20,7,7,여름,26.6,26.7,0.0,0.0,78,1.4,5,9,0,0,더움,좋음
2025-07-20 08:00,2025-07-20,8,7,여름,26.0,23.4,0.0,0.0,85,3.7,45,89,0,0,더움,나쁨
2025-07-20 09:00,2025-07-20,9,7,여름,24.9,20.9,0.0,0.0,76,5.9,47,83,0,0,더움,나쁨
2025-07-20 10:00,2025-07-20,10,7,여름,32.7,27.7,0.0,0.0,71,7.3,28,57,0,0,매우더움,보통
2025-07-20 11:00,2025-07-20,11,7,여름,28.4,23.7,0.0,0.0,70,7.2,23,36,0,0,더움,보통
2025-07-20 12:00,2025-07-20,12,7,여름,26.6,24.4,0.0,0.0,30,3.0,9,19,0,0,더움,좋음
2025-07-20 13:00,2025-07-20,13,7,여름,35.0,32.8,0.0,0.0,35,3.1,5,10,0,0,매우더움,좋음
2025-07-20 14:00,2025-07-20,14,7,여름,25.8,23.5,0.0,0.0,39,2.5,13,25,0,0,더움,좋음
2025-07-20 15:00,2025-07-20,15,7,여름,31.9,31.7,0.0,0.0,48,0.5,14,29,0,0,매우더움,좋음
2025-07-20 16:00,2025-07-20,16,7,여름,26.9,26.4,0.0,0.0,88,0.7,23,42,0,0,더움,보통
2025-07-20 17:00,2025-07-20,17,7,여름,25.6,22.8,0.0,0.0,33,5.2,14,22,0,0,더움,좋음
2025-07-20 18:00,2025-07-20,18,7,여름,30.2,28.1,0.0,0.0,43,3.7,32,68,0,0,매우더움,보통
2025-07-20 19:00,2025-07-20,19,7,여름,29.8,26.4,0.0,0.0,75,4.7,18,34,0,0,더움,보통
2025-07-20 20:00,2025-07-20,20,7,여름,23.0,18.2,0.0,0.0,48,7.3,5,9,0,0,더움,좋음
2025-07-20 21:00,2025-07-20,21,7,여름,27.5,22.4,0.0,0.0,34,7.7,19,37,0,0,더움,보통
2025-07-20 22:00,2025-07-20,22,7,여름,20.7,15.3,0.0,0.0,85,7.4,5,7,0,0,따뜻함,좋음
2025-07-20 23:00,2025-07-20,23,7,여름,18.2,13.2,0.0,0.0,88,6.2,14,27,0,0,따뜻함,좋음
2025-07-21 00:00,2025-07-21,0,7,여름,22.3,20.3,0.0,0.0,78,2.5,27,47,0,0,따뜻함,보통
2025-07-21 01:00,2025-07-21,1,7,여름,16.0,11.2,0.0,0.0,50,6.1,23,36,0,0,따뜻함,보통
2025-07-21 02:00,2025-07-21,2,7,여름,19.0,13.8,0.0,0.0,72,7.3,16,24,0,0,따뜻함,보통
2025-07-21 03:00,2025-07-21,3,7,여름,24.1,23.0,0.0,0.0,50,1.2,19,35,0,0,더움,보통
2025-07-21 04:00,2025-07-21,4,7,여름,23.2,21.3,0.0,0.0,57,1.8,37,81,0,0,더움,나쁨
2025-07-21 05:00,2025-07-21,5,7,여름,24.6,19.0,0.0,0.0,57,7.3,8,13,0,0,더움,좋음
2025-07-21 06:00,2025-07-21,6,7,여름,31.5,30.3,0.0,0.0,76,1.4,21,43,0,0,매우더움,보통
2025-07-21 07:00,2025-07-21,7,7,여름,31.1,25.9,0.0,0.0,34,6.8,20,33,0,0,매우더움,보통
2025-07-21 08:00,2025-07-21,8,7,여름,28.3,22.7,0.0,0.0,49,7.8,22,36,0,0,더움,보통
2025-07-21 09:00,2025-07-21,9,7,여름,34.5,30.9,0.0,0.0,30,6.0,6,12,0,0,매우더움,좋음
2025-07-21 10:00,2025-07-21,10,7,여름,27.4,23.9,0.0,0.0,36,5.4,5,8,0,0,더움,좋음
2025-07-21 11:00,2025-07-21,11,7,여름,27.5,26.7,0.0,0.0,53,2.3,5,10,0,0,더움,좋음
2025-07-21 12:00,2025-07-21,12,7,여름,34.9,31.5,0.0,0.0,33,6.7,5,10,0,0,매우더움,좋음
2025-07-21 13:00,2025-07-21,13,7,여름,30.8,28.0,0.0,0.0,89,3.0,5,10,0,0,매우더움,좋음
2025-07-21 14:00,2025-07-21,14,7,여름,34.6,31.6,0.0,0.0,85,3.9,51,109,0,0,매우더움,나쁨
2025-07-21 15:00,2025-07-21,15,7,여름,34.5,34.4,0.0,0.0,64,1.6,10,21,0,0,매우더움,좋음
2025-07-21 16:00,2025-07-21,16,7,여름,32.1,30.6,0.0,0.0,54,2.9,24,50,0,0,매우더움,보통
2025-07-21 17:00,2025-07-21,17,7,여름,30.8,27.6,0.0,0.0,78,3.8,16,33,0,0,매우더움,보통
2025-07-21 18:00,2025-07-21,18,7,여름,22.9,22.7,0.0,0.0,30,1.3,24,39,0,0,따뜻함,보통
2025-07-21 19:00,2025-07-21,19,7,여름,25.4,22.7,0.0,0.0,68,4.6,42,80,0,0,더움,나쁨
2025-07-21 20:00,2025-07-21,20,7,여름,21.8,20.5,0.0,0.0,76,2.7,22,39,0,0,따뜻함,보통
2025-07-21 21:00,2025-07-21,21,7,여름,20.2,17.1,0.1,0.0,88,3.8,14,27,1,0,따뜻함,좋음
2025-07-21 22:00,2025-07-21,22,7,여름,24.1,20.9,0.0,0.0,79,4.6,6,11,0,0,더움,좋음
2025-07-21 23:00,2025-07-21,23,7,여름,20.7,17.3,0.0,0.0,43,4.6,15,30,0,0,따뜻함,좋음
2025-07-22 00:00,2025-07-22,0,7,여름,18.3,17.7,0.0,0.0,60,1.1,48,72,0,0,따뜻함,나쁨
2025-07-22 01:00,2025-07-22,1,7,여름,19.8,17.0,0.0,0.0,65,5.0,21,43,0,0,따뜻함,보통
2025-07-22 02:00,2025-07-22,2,7,여름,29.5,27.5,0.0,0.0,57,3.0,20,39,0,0,더움,보통
2025-07-22 03:00,2025-07-22,3,7,여름,21.2,20.4,0.0,0.0,75,0.9,5,10,0,0,따뜻함,좋음
2025-07-22 04:00,2025-07-22,4,7,여름,26.3,21.2,0.0,0.0,57,7.4,5,9,0,0,더움,좋음
2025-07-22 05:00,2025-07-22,5,7,여름,23.4,21.7,0.0,0.0,81,3.2,36,70,0,0,더움,나쁨
2025-07-22 06:00,2025-07-22,6,7,여름,30.4,26.6,0.2,0.0,74,5.5,5,9,1,0,매우더움,좋음
2025-07-22 07:00,2025-07-22,7,7,여름,22.8,17.3,7.4,0.0,81,7.9,18,33,1,0,따뜻함,보통
2025-07-22 08:00,2025-07-22,8,7,여름,33.5,28.0,0.0,0.0,71,6.8,39,76,0,0,매우더움,나쁨
2025-07-22 09:00,2025-07-22,9,7,여름,25.9,22.1,0.0,0.0,80,5.3,22,44,0,0,더움,보통
2025-07-22 10:00,2025-07-22,10,7,여름,34.9,32.2,0.0,0.0,79,1.9,16,34,0,0,매우더움,보통
2025-07-22 11:00,2025-07-22,11,7,여름,36.3,35.5,0.0,0.0,80,1.1,25,48,0,0,매우더움,보통
2025-07-22 12:00,2025-07-22,12,7,여름,36.9,32.9,0.0,0.0,71,5.9,25,52,0,0,매우더움,보통
2025-07-22 13:00,2025-07-22,13,7,여름,34.0,33.7,0.0,0.0,38,1.2,20,33,0,0,매우더움,보통
2025-07-22 14:00,2025-07-22,14,7,여름,30.1,27.8,0.0,0.0,76,3.6,25,41,0,0,매우더움,보통
2025-07-22 15:00,2025-07-22,15,7,여름,32.9,28.7,0.0,0.0,53,6.0,34,59,0,0,매우더움,보통
2025-07-22 16:00,2025-07-22,16,7,여름,27.1,24.2,0.0,0.0,49,4.5,5,9,0,0,더움,좋음
2025-07-22 17:00,2025-07-22,17,7,여름,32.4,28.3,0.0,0.0,88,7.3,23,46,0,0,매우더움,보통
2025-07-22 18:00,2025-07-22,18,7,여름,29.7,24.7,0.0,0.0,32,8.0,26,41,0,0,더움,보통
2025-07-22 19:00,2025-07-22,19,7,여름,27.5,23.5,0.0,0.0,49,7.4,11,23,0,0,더움,좋음
2025-07-22 20:00,2025-07-22,20,7,여름,21.2,19.6,0.8,0.0,52,2.7,7,14,1,0,따뜻함,좋음
2025-07-22 21:00,2025-07-22,21,7,여름,19.8,17.8,0.0,0.0,78,2.1,10,21,0,0,따뜻함,좋음
2025-07-22 22:00,2025-07-22,22,7,여름,25.2,21.7,0.0,0.0,70,5.2,10,18,0,0,더움,좋음
2025-07-22 23:00,2025-07-22,23,7,여름,20.8,16.1,0.0,0.0,73,6.6,22,40,0,0,따뜻함,보통
2025-07-23 00:00,2025-07-23,0,7,여름,25.6,21.9,0.0,0.0,36,6.1,25,51,0,0,더움,보통
2025-07-23 01:00,2025-07-23,1,7,여름,20.9,17.4,0.0,0.0,61,6.1,22,35,0,0,따뜻함,보통
2025-07-23 02:00,2025-07-23,2,7,여름,27.6,22.0,0.0,0.0,30,7.4,40,79,0,0,더움,나쁨
2025-07-23 03:00,2025-07-23,3,7,여름,24.8,22.2,0.0,0.0,61,3.1,24,39,0,0,더움,보통
2025-07-23 04:00,2025-07-23,4,7,여름,25.0,23.9,0.0,0.0,90,2.0,39,59,0,0,더움,나쁨
2025-07-23 05:00,2025-07-23,5,7,여름,25.0,24.5,0.0,0.0,51,1.5,7,13,0,0,더움,좋음
2025-07-23 06:00,2025-07-23,6,7,여름,31.5,29.8,0.0,0.0,61,2.3,17,27,0,0,매우더움,보통
2025-07-23 07:00,2025-07-23,7,7,여름,32.6,29.2,0.0,0.0,69,5.0,24,37,0,0,매우더움,보통
2025-07-23 08:00,2025-07-23,8,7,여름,32.6,28.8,0.0,0.0,59,6.2,41,77,0,0,매우더움,나쁨
2025-07-23 09:00,2025-07-23,9,7,여름,33.0,31.2,0.0,0.0,56,2.4,27,53,0,0,매우더움,보통
2025-07-23 10:00,2025-07-23,10,7,여름,35.1,32.4,0.0,0.0,75,4.5,5,10,0,0,매우더움,좋음
2025-07-23 11:00,2025-07-23,11,7,여름,33.6,29.4,0.2,0.0,38,5.5,23,38,1,0,매우더움,보통
2025-07-23 12:00,2025-07-23,12,7,여름,33.3,29.8,0.0,0.0,60,4.8,8,13,0,0,매우더움,좋음
2025-07-23 13:00,2025-07-23,13,7,여름,35.5,30.4,0.0,0.0,68,6.8,5,10,0,0,매우더움,좋음
2025-07-23 14:00,2025-07-23,14,7,여름,35.9,31.8,0.0,0.0,74,5.6,12,25,0,0,매우더움,좋음
2025-07-23 15:00,2025-07-23,15,7,여름,36.1,35.9,0.0,0.0,40,1.4,9,15,0,0,매우더움,좋음
2025-07-23 16:00,2025-07-23,16,7,여름,32.0,31.0,0.0,0.0,81,0.9,12,25,0,0,매우더움,좋음
2025-07-23 17:00,2025-07-23,17,7,여름,29.0,23.7,0.0,0.0,39,7.6,29,48,0,0,더움,보통
2025-07-23 18:00,2025-07-23,18,7,여름,27.7,22.3,0.0,0.0,65,7.4,37,78,0,0,더움,나쁨
2025-07-23 19:00,2025-07-23,19,7,여름,26.3,21.2,0.0,0.0,53,6.5,9,15,0,0,더움,좋음
2025-07-23 20:00,2025-07-23,20,7,여름,19.1,13.6,0.0,0.0,60,7.4,15,30,0,0,따뜻함,좋음
2025-07-23 21:00,2025-07-23,21,7,여름,18.2,16.0,0.0,0.0,43,3.1,15,28,0,0,따뜻함,좋음
2025-07-23 22:00,2025-07-23,22,7,여름,26.4,21.7,0.0,0.0,66,7.1,26,54,0,0,더움,보통
2025-07-23 23:00,2025-07-23,23,7,여름,18.7,15.5,0.0,0.0,31,4.3,22,41,0,0,따뜻함,보통
2025-07-24 00:00,2025-07-24,0,7,여름,22.8,18.7,0.0,0.0,43,6.4,7,10,0,0,따뜻함,좋음
2025-07-24 01:00,2025-07-24,1,7,여름,22.1,19.5,0.0,0.0,68,5.2,25,51,0,0,따뜻함,보통
2025-07-24 02:00,2025-07-24,2,7,여름,23.6,20.7,0.0,0.0,60,5.5,35,76,0,0,더움,보통
2025-07-24 03:00,2025-07-24,3,7,여름,18.6,14.1,0.0,0.0,89,6.4,5,9,0,0,따뜻함,좋음
2025-07-24 04:00,2025-07-24,4,7,여름,21.2,20.1,0.0,0.0,42,0.6,23,46,0,0,따뜻함,보통
2025-07-24 05:00,2025-07-24,5,7,여름,20.5,18.7,0.0,0.0,58,1.2,5,8,0,0,따뜻함,좋음
2025-07-24 06:00,2025-07-24,6,7,여름,27.8,22.8,0.0,0.0,51,6.1,30,57,0,0,더움,보통
2025-07-24 07:00,2025-07-24,7,7,여름,27.6,23.1,0.0,0.0,89,6.5,40,79,0,0,더움,나쁨
2025-07-24 08:00,2025-07-24,8,7,여름,31.1,31.3,0.0,0.0,47,0.8,36,55,0,0,매우더움,나쁨
2025-07-24 09:00,2025-07-24,9,7,여름,27.2,22.8,0.0,0.0,82,6.3,8,16,0,0,더움,좋음
2025-07-24 10:00,2025-07-24,10,7,여름,33.1,27.4,0.0,0.0,68,7.7,22,41,0,0,매우더움,보통
2025-07-24 11:00,2025-07-24,11,7,여름,37.0,32.9,0.0,0.0,80,6.2,5,9,0,0,매우더움,좋음
2025-07-24 12:00,2025-07-24,12,7,여름,26.6,22.7,0.0,0.0,34,4.2,40,69,0,0,더움,나쁨
2025-07-24 13:00,2025-07-24,13,7,여름,32.9,31.9,0.0,0.0,76,1.3,43,74,0,0,매우더움,나쁨
2025-07-24 14:00,2025-07-24,14,7,여름,29.2,25.0,0.0,0.0,85,6.7,5,8,0,0,더움,좋음
2025-07-24 15:00,2025-07-24,15,7,여름,27.0,22.4,0.0,0.0,51,7.0,18,30,0,0,더움,보통
2025-07-24 16:00,2025-07-24,16,7,여름,28.2,22.5,0.0,0.0,39,8.0,17,25,0,0,더움,보통
2025-07-24 17:00,2025-07-24,17,7,여름,26.6,21.3,0.0,0.0,37,7.4,33,68,0,0,더움,보통
2025-07-24 18:00,2025-07-24,18,7,여름,31.7,28.9,0.0,0.0,84,4.2,5,10,0,0,매우더움,좋음
2025-07-24 19:00,2025-07-24,19,7,여름,25.8,21.1,0.0,0.0,46,6.1,39,84,0,0,더움,나쁨
2025-07-24 20:00,2025-07-24,20,7,여름,26.1,25.1,0.0,0.0,67,2.3,22,47,0,0,더움,보통
2025-07-24 21:00,2025-07-24,21,7,여름,18.0,12.8,0.0,0.0,74,7.2,38,64,0,0,따뜻함,나쁨
2025-07-24 22:00,2025-07-24,22,7,여름,21.1,20.5,0.0,0.0,46,1.3,5,10,0,0,따뜻함,좋음
2025-07-24 23:00,2025-07-24,23,7,여름,17.6,13.8,0.0,0.0,70,5.7,12,24,0,0,따뜻함,좋음
2025-07-25 00:00,2025-07-25,0,7,여름,20.2,17.0,0.0,0.0,83,2.7,11,17,0,0,따뜻함,좋음
2025-07-25 01:00,2025-07-25,1,7,여름,25.4,22.0,0.0,0.0,88,3.3,5,8,0,0,더움,좋음
2025-07-25 02:00,2025-07-25,2,7,여름,26.4,25.3,0.0,0.0,68,0.6,20,32,0,0,더움,보통
2025-07-25 03:00,2025-07-25,3,7,여름,22.8,23.2,0.0,0.0,72,0.7,34,59,0,0,따뜻함,보통
2025-07-25 04:00,2025-07-25,4,7,여름,28.0,28.2,0.0,0.0,43,0.7,16,31,0,0,더움,보통
2025-07-25 05:00,2025-07-25,5,7,여름,27.2,23.2,0.0,0.0,49,6.9,5,9,0,0,더움,좋음
2025-07-25 06:00,2025-07-25,6,7,여름,27.1,26.8,0.0,0.0,76,0.6,30,47,0,0,더움,보통
2025-07-25 07:00,2025-07-25,7,7,여름,33.9,29.7,0.0,0.0,83,6.5,43,73,0,0,매우더움,나쁨
2025-07-25 08:00,2025-07-25,8,7,여름,29.4,25.1,0.0,0.0,70,7.0,23,43,0,0,더움,보통
2025-07-25 09:00,2025-07-25,9,7,여름,34.1,32.3,0.0,0.0,77,3.1,21,39,0,0,매우더움,보통
2025-07-25 10:00,2025-07-25,10,7,여름,30.6,25.3,0.0,0.0,83,7.5,16,32,0,0,매우더움,보통
2025-07-25 11:00,2025-07-25,11,7,여름,33.1,31.2,0.0,0.0,69,1.8,5,9,0,0,매우더움,좋음
2025-07-25 12:00,2025-07-25,12,7,여름,27.8,24.4,0.0,0.0,66,4.6,21,31,0,0,더움,보통
2025-07-25 13:00,2025-07-25,13,7,여름,28.4,24.6,0.0,0.0,39,4.4,5,7,0,0,더움,좋음
2025-07-25 14:00,2025-07-25,14,7,여름,28.4,24.8,0.0,0.0,88,5.8,19,28,0,0,더움,보통
2025-07-25 15:00,2025-07-25,15,7,여름,28.1,23.9,0.0,0.0,70,6.6,5,8,0,0,더움,좋음
2025-07-25 16:00,2025-07-25,16,7,여름,32.7,28.4,0.0,0.0,47,7.1,21,42,0,0,매우더움,보통
2025-07-25 17:00,2025-07-25,17,7,여름,31.8,26.2,0.0,0.0,62,7.5,7,10,0,0,매우더움,좋음
2025-07-25 18:00,2025-07-25,18,7,여름,22.7,17.6,0.0,0.0,77,7.2,38,79,0,0,따뜻함,나쁨
2025-07-25 19:00,2025-07-25,19,7,여름,29.3,27.9,0.0,0.0,53,1.3,27,50,0,0,더움,보통
2025-07-25 20:00,2025-07-25,20,7,여름,28.7,27.5,0.0,0.0,55,1.5,13,28,0,0,더움,좋음
2025-07-25 21:00,2025-07-25,21,7,여름,18.3,16.7,0.0,0.0,45,1.7,5,10,0,0,따뜻함,좋음
2025-07-25 22:00,2025-07-25,22,7,여름,27.4,25.3,0.0,0.0,73,4.1,19,35,0,0,더움,보통
2025-07-25 23:00,2025-07-25,23,7,여름,19.9,16.2,0.0,0.0,57,5.5,37,64,0,0,따뜻함,나쁨
2025-07-26 00:00,2025-07-26,0,7,여름,26.1,24.1,0.0,0.0,48,3.2,32,58,0,0,더움,보통
2025-07-26 01:00,2025-07-26,1,7,여름,21.6,18.0,0.0,0.0,46,5.1,5,10,0,0,따뜻함,좋음
2025-07-26 02:00,2025-07-26,2,7,여름,22.8,19.9,0.0,0.0,80,4.4,7,14,0,0,따뜻함,좋음
2025-07-26 03:00,2025-07-26,3,7,여름,26.9,24.9,0.0,0.0,84,2.7,17,26,0,0,더움,보통
2025-07-26 04:00,2025-07-26,4,7,여름,25.6,20.9,0.0,0.0,63,5.4,24,44,0,0,더움,보통
2025-07-26 05:00,2025-07-26,5,7,여름,29.2,25.0,0.0,0.0,78,5.0,23,42,0,0,더움,보통
2025-07-26 06:00,2025-07-26,6,7,여름,24.0,21.4,0.0,0.0,45,4.0,41,61,0,0,더움,나쁨
2025-07-26 07:00,2025-07-26,7,7,여름,23.1,21.5,0.0,0.0,68,2.6,27,48,0,0,더움,보통
2025-07-26 08:00,2025-07-26,8,7,여름,29.5,25.4,0.0,0.0,51,6.1,18,32,0,0,더움,보통
2025-07-26 09:00,2025-07-26,9,7,여름,28.1,24.5,0.0,0.0,49,5.0,5,7,0,0,더움,좋음
2025-07-26 10:00,2025-07-26,10,7,여름,31.5,28.2,0.0,0.0,77,3.9,17,29,0,0,매우더움,보통
2025-07-26 11:00,2025-07-26,11,7,여름,27.2,23.3,0.0,0.0,56,6.9,26,45,0,0,더움,보통
2025-07-26 12:00,2025-07-26,12,7,여름,35.9,35.5,0.0,0.0,32,0.8,23,39,0,0,매우더움,보통
2025-07-26 13:00,2025-07-26,13,7,여름,28.1,25.5,0.0,0.0,67,2.0,5,10,0,0,더움,좋음
2025-07-26 14:00,2025-07-26,14,7,여름,35.4,31.8,0.0,0.0,85,5.4,8,14,0,0,매우더움,좋음
2025-07-26 15:00,2025-07-26,15,7,여름,25.4,24.6,0.0,0.0,30,0.6,5,9,0,0,더움,좋음
2025-07-26 16:00,2025-07-26,16,7,여름,31.2,29.8,0.0,0.0,43,3.0,19,38,0,0,매우더움,보통
2025-07-26 17:00,2025-07-26,17,7,여름,30.8,28.6,0.4,0.0,87,3.3,27,41,1,0,매우더움,보통
2025-07-26 18:00,2025-07-26,18,7,여름,22.4,19.9,0.0,0.0,31,3.8,5,10,0,0,따뜻함,좋음
2025-07-26 19:00,2025-07-26,19,7,여름,31.4,29.2,0.0,0.0,43,3.5,32,53,0,0,매우더움,보통
2025-07-26 20:00,2025-07-26,20,7,여름,28.4,27.9,0.0,0.0,62,1.4,52,84,0,0,더움,나쁨
2025-07-26 21:00,2025-07-26,21,7,여름,22.3,20.6,0.0,0.0,37,0.7,25,41,0,0,따뜻함,보통
2025-07-26 22:00,2025-07-26,22,7,여름,23.8,21.2,0.0,0.0,53,4.1,28,61,0,0,더움,보통
2025-07-26 23:00,2025-07-26,23,7,여름,18.3,17.1,0.0,0.0,90,1.8,21,41,0,0,따뜻함,보통
2025-07-27 00:00,2025-07-27,0,7,여름,20.2,18.9,0.0,0.0,75,1.9,15,23,0,0,따뜻함,좋음
2025-07-27 01:00,2025-07-27,1,7,여름,19.1,16.7,0.0,0.0,84,5.4,23,49,0,0,따뜻함,보통
2025-07-27 02:00,2025-07-27,2,7,여름,21.6,16.4,0.0,0.0,68,7.4,20,41,0,0,따뜻함,보통
2025-07-27 03:00,2025-07-27,3,7,여름,26.1,24.8,0.0,0.0,63,1.4,5,10,0,0,더움,좋음
2025-07-27 04:00,2025-07-27,4,7,여름,22.0,18.7,0.0,0.0,90,4.3,34,58,0,0,따뜻함,보통
2025-07-27 05:00,2025-07-27,5,7,여름,29.3,28.7,0.0,0.0,65,0.8,5,8,0,0,더움,좋음
2025-07-27 06:00,2025-07-27,6,7,여름,26.8,22.7,0.0,0.0,36,5.7,9,19,0,0,더움,좋음
2025-07-27 07:00,2025-07-27,7,7,여름,33.4,31.2,0.0,0.0,46,2.7,41,90,0,0,매우더움,나쁨
2025-07-27 08:00,2025-07-27,8,7,여름,23.3,17.0,0.0,0.0,40,7.9,26,55,0,0,더움,보통
2025-07-27 09:00,2025-07-27,9,7,여름,27.0,22.3,0.0,0.0,39,6.5,5,7,0,0,더움,좋음
2025-07-27 10:00,2025-07-27,10,7,여름,24.6,21.9,0.0,0.0,80,4.7,22,43,0,0,더움,보통
2025-07-27 11:00,2025-07-27,11,7,여름,31.5,26.8,0.0,0.0,82,6.2,32,53,0,0,매우더움,보통
2025-07-27 12:00,2025-07-27,12,7,여름,32.0,31.7,0.0,0.0,68,0.6,24,47,0,0,매우더움,보통
2025-07-27 13:00,2025-07-27,13,7,여름,29.7,23.8,0.0,0.0,39,7.1,41,74,0,0,더움,나쁨
2025-07-27 14:00,2025-07-27,14,7,여름,34.7,31.1,0.0,0.0,43,5.6,21,41,0,0,매우더움,보통
2025-07-27 15:00,2025-07-27,15,7,여름,29.8,27.9,0.0,0.0,47,2.5,10,19,0,0,더움,좋음
2025-07-27 16:00,2025-07-27,16,7,여름,28.5,23.6,0.0,0.0,83,6.0,35,71,0,0,더움,보통
2025-07-27 17:00,2025-07-27,17,7,여름,26.6,22.7,0.0,0.0,39,4.7,24,43,0,0,더움,보통
2025-07-27 18:00,2025-07-27,18,7,여름,30.8,26.4,0.0,0.0,74,4.8,25,46,0,0,매우더움,보통
2025-07-27 19:00,2025-07-27,19,7,여름,24.9,21.2,0.0,0.0,36,4.5,11,18,0,0,더움,좋음
2025-07-27 20:00,2025-07-27,20,7,여름,19.6,17.2,0.0,0.0,34,3.8,42,65,0,0,따뜻함,나쁨
2025-07-27 21:00,2025-07-27,21,7,여름,28.1,27.6,0.0,0.0,75,1.6,47,82,0,0,더움,나쁨
2025-07-27 22:00,2025-07-27,22,7,여름,22.5,18.8,0.0,0.0,80,6.0,5,8,0,0,따뜻함,좋음
2025-07-27 23:00,2025-07-27,23,7,여름,23.9,22.2,0.0,0.0,71,3.0,10,15,0,0,더움,좋음
2025-07-28 00:00,2025-07-28,0,7,여름,24.3,23.7,0.0,0.0,57,1.3,5,10,0,0,더움,좋음
2025-07-28 01:00,2025-07-28,1,7,여름,25.5,22.1,0.0,0.0,61,5.2,6,10,0,0,더움,좋음
2025-07-28 02:00,2025-07-28,2,7,여름,22.1,20.1,0.0,0.0,78,3.2,17,35,0,0,따뜻함,보통
2025-07-28 03:00,2025-07-28,3,7,여름,25.2,21.2,0.0,0.0,77,5.1,11,22,0,0,더움,좋음
2025-07-28 04:00,2025-07-28,4,7,여름,23.1,19.5,0.0,0.0,69,4.8,43,75,0,0,더움,나쁨
2025-07-28 05:00,2025-07-28,5,7,여름,24.7,22.6,0.0,0.0,69,2.4,18,35,0,0,더움,보통
2025-07-28 06:00,2025-07-28,6,7,여름,26.5,24.3,0.0,0.0,32,2.2,5,8,0,0,더움,좋음
2025-07-28 07:00,2025-07-28,7,7,여름,30.0,28.0,0.0,0.0,42,2.2,15,26,0,0,매우더움,좋음
2025-07-28 08:00,2025-07-28,8,7,여름,29.0,26.0,0.0,0.0,90,4.3,12,25,0,0,더움,좋음
2025-07-28 09:00,2025-07-28,9,7,여름,33.2,28.1,0.0,0.0,66,6.7,10,16,0,0,매우더움,좋음
2025-07-28 10:00,2025-07-28,10,7,여름,27.9,25.7,0.0,0.0,61,3.1,29,51,0,0,더움,보통
2025-07-28 11:00,2025-07-28,11,7,여름,33.2,29.0,0.0,0.0,34,5.7,40,62,0,0,매우더움,나쁨
2025-07-28 12:00,2025-07-28,12,7,여름,29.4,26.5,0.0,0.0,78,4.4,5,9,0,0,더움,좋음
2025-07-28 13:00,2025-07-28,13,7,여름,27.9,23.1,0.0,0.0,88,7.0,21,42,0,0,더움,보통
2025-07-28 14:00,2025-07-28,14,7,여름,34.3,31.1,0.0,0.0,60,3.8,45,67,0,0,매우더움,나쁨
2025-07-28 15:00,2025-07-28,15,7,여름,33.1,32.3,0.0,0.0,54,0.9,31,50,0,0,매우더움,보통
2025-07-28 16:00,2025-07-28,16,7,여름,33.0,31.5,0.0,0.0,74,2.9,23,34,0,0,매우더움,보통
2025-07-28 17:00,2025-07-28,17,7,여름,26.7,21.9,0.0,0.0,58,6.7,35,65,0,0,더움,보통
2025-07-28 18:00,2025-07-28,18,7,여름,27.6,27.6,0.0,0.0,63,1.0,22,35,0,0,더움,보통
2025-07-28 19:00,2025-07-28,19,7,여름,29.3,28.5,0.0,0.0,76,1.3,11,23,0,0,더움,좋음
2025-07-28 20:00,2025-07-28,20,7,여름,18.9,14.2,0.0,0.0,51,6.8,5,8,0,0,따뜻함,좋음
2025-07-28 21:00,2025-07-28,21,7,여름,28.4,26.2,0.0,0.0,85,2.1,20,38,0,0,더움,보통
2025-07-28 22:00,2025-07-28,22,7,여름,25.9,21.1,0.0,0.0,66,6.0,5,7,0,0,더움,좋음
2025-07-28 23:00,2025-07-28,23,7,여름,26.4,21.5,0.0,0.0,46,7.5,26,48,0,0,더움,보통
2025-07-29 00:00,2025-07-29,0,7,여름,23.9,19.8,0.0,0.0,53,5.3,5,10,0,0,더움,좋음
2025-07-29 01:00,2025-07-29,1,7,여름,21.8,17.9,0.0,0.0,74,4.9,8,15,0,0,따뜻함,좋음
2025-07-29 02:00,2025-07-29,2,7,여름,23.9,21.7,0.0,0.0,31,4.2,23,37,0,0,더움,보통
2025-07-29 03:00,2025-07-29,3,7,여름,19.2,18.7,0.0,0.0,70,1.1,16,32,0,0,따뜻함,보통
2025-07-29 04:00,2025-07-29,4,7,여름,26.2,22.4,0.0,0.0,51,5.5,14,26,0,0,더움,좋음
2025-07-29 05:00,2025-07-29,5,7,여름,26.2,21.8,0.0,0.0,46,6.5,36,57,0,0,더움,나쁨
2025-07-29 06:00,2025-07-29,6,7,여름,25.0,19.3,0.0,0.0,45,6.3,33,66,0,0,더움,보통
2025-07-29 07:00,2025-07-29,7,7,여름,26.9,25.4,0.0,0.0,58,2.9,5,8,0,0,더움,좋음
2025-07-29 08:00,2025-07-29,8,7,여름,24.9,19.8,0.0,0.0,77,7.2,24,42,0,0,더움,보통
2025-07-29 09:00,2025-07-29,9,7,여름,28.6,23.8,0.0,0.0,59,7.4,5,7,0,0,더움,좋음
2025-07-29 10:00,2025-07-29,10,7,여름,32.5,27.6,0.0,0.0,87,6.7,5,10,0,0,매우더움,좋음
2025-07-29 11:00,2025-07-29,11,7,여름,28.9,22.9,0.0,0.0,45,7.8,10,15,0,0,더움,좋음
2025-07-29 12:00,2025-07-29,12,7,여름,32.8,28.5,0.0,0.0,39,5.8,14,26,0,0,매우더움,좋음
2025-07-29 13:00,2025-07-29,13,7,여름,26.7,22.0,0.0,0.0,79,7.4,28,46,0,0,더움,보통
2025-07-29 14:00,2025-07-29,14,7,여름,29.9,25.8,0.0,0.0,77,5.8,25,37,0,0,더움,보통
2025-07-29 15:00,2025-07-29,15,7,여름,27.6,25.8,0.2,0.0,56,2.9,5,9,1,0,더움,좋음
2025-07-29 16:00,2025-07-29,16,7,여름,31.5,27.1,0.0,0.0,72,7.0,31,67,0,0,매우더움,보통
2025-07-29 17:00,2025-07-29,17,7,여름,29.7,27.3,0.0,0.0,33,3.0,49,99,0,0,더움,나쁨
2025-07-29 18:00,2025-07-29,18,7,여름,24.2,21.4,0.0,0.0,71,3.5,27,56,0,0,더움,보통
2025-07-29 19:00,2025-07-29,19,7,여름,22.4,19.7,0.0,0.0,50,4.3,51,101,0,0,따뜻함,나쁨
2025-07-29 20:00,2025-07-29,20,7,여름,28.7,24.7,0.0,0.0,60,5.4,8,14,0,0,더움,좋음
2025-07-29 21:00,2025-07-29,21,7,여름,27.7,27.5,0.0,0.0,49,0.5,15,30,0,0,더움,좋음
2025-07-29 22:00,2025-07-29,22,7,여름,28.0,27.0,0.0,0.0,36,1.7,7,10,0,0,더움,좋음
2025-07-29 23:00,2025-07-29,23,7,여름,20.5,18.7,0.0,0.0,87,2.2,5,9,0,0,따뜻함,좋음
2025-07-30 00:00,2025-07-30,0,7,여름,21.8,20.9,0.0,0.0,74,1.4,44,93,0,0,따뜻함,나쁨
2025-07-30 01:00,2025-07-30,1,7,여름,23.7,21.1,0.0,0.0,72,4.8,5,10,0,0,더움,좋음
2025-07-30 02:00,2025-07-30,2,7,여름,18.2,13.7,0.0,0.0,47,5.5,17,33,0,0,따뜻함,보통
2025-07-30 03:00,2025-07-30,3,7,여름,27.7,25.5,0.0,0.0,81,3.2,17,27,0,0,더움,보통
2025-07-30 04:00,2025-07-30,4,7,여름,21.6,15.7,0.0,0.0,84,7.2,13,22,0,0,따뜻함,좋음
2025-07-30 05:00,2025-07-30,5,7,여름,29.7,29.6,0.0,0.0,46,0.8,16,30,0,0,더움,보통
2025-07-30 06:00,2025-07-30,6,7,여름,27.1,26.0,0.0,0.0,80,1.9,17,32,0,0,더움,보통
2025-07-30 07:00,2025-07-30,7,7,여름,28.4,25.0,0.0,0.0,83,5.3,10,15,0,0,더움,좋음
2025-07-30 08:00,2025-07-30,8,7,여름,26.3,25.8,0.0,0.0,65,1.4,5,10,0,0,더움,좋음
2025-07-30 09:00,2025-07-30,9,7,여름,27.2,24.7,0.0,0.0,38,3.1,6,11,0,0,더움,좋음
2025-07-30 10:00,2025-07-30,10,7,여름,30.9,28.2,0.0,0.0,82,2.8,5,10,0,0,매우더움,좋음
2025-07-30 11:00,2025-07-30,11,7,여름,37.0,33.3,0.0,0.0,88,5.7,6,9,0,0,매우더움,좋음
2025-07-30 12:00,2025-07-30,12,7,여름,32.9,30.2,0.0,0.0,71,4.1,38,82,0,0,매우더움,나쁨
2025-07-30 13:00,2025-07-30,13,7,여름,28.2,24.7,0.0,0.0,55,5.1,19,30,0,0,더움,보통
2025-07-30 14:00,2025-07-30,14,7,여름,36.4,34.3,0.0,0.0,34,3.3,9,16,0,0,매우더움,좋음
2025-07-30 15:00,2025-07-30,15,7,여름,25.3,21.5,0.0,0.0,53,6.2,11,21,0,0,더움,좋음
2025-07-30 16:00,2025-07-30,16,7,여름,24.6,21.7,0.0,0.0,38,4.2,28,51,0,0,더움,보통
2025-07-30 17:00,2025-07-30,17,7,여름,30.0,25.3,0.0,0.0,33,7.9,5,9,0,0,매우더움,좋음
2025-07-30 18:00,2025-07-30,18,7,여름,31.1,25.5,0.0,0.0,53,7.5,21,40,0,0,매우더움,보통
2025-07-30 19:00,2025-07-30,19,7,여름,20.8,15.8,0.0,0.0,51,7.9,10,20,0,0,따뜻함,좋음
2025-07-30 20:00,2025-07-30,20,7,여름,27.6,24.4,0.0,0.0,48,5.4,27,54,0,0,더움,보통
2025-07-30 21:00,2025-07-30,21,7,여름,28.7,27.3,0.0,0.0,55,1.4,24,44,0,0,더움,보통
2025-07-30 22:00,2025-07-30,22,7,여름,20.4,20.7,0.0,0.0,61,0.8,44,72,0,0,따뜻함,나쁨
2025-07-30 23:00,2025-07-30,23,7,여름,17.6,14.3,0.0,0.0,61,5.0,32,55,0,0,따뜻함,보통
2025-07-31 00:00,2025-07-31,0,7,여름,23.5,22.1,0.0,0.0,73,1.1,10,17,0,0,더움,좋음
2025-07-31 01:00,2025-07-31,1,7,여름,25.4,21.4,0.0,0.0,71,7.4,35,76,0,0,더움,보통
2025-07-31 02:00,2025-07-31,2,7,여름,24.1,20.3,0.0,0.0,53,3.9,13,20,0,0,더움,좋음
2025-07-31 03:00,2025-07-31,3,7,여름,21.2,16.9,0.0,0.0,87,5.5,53,83,0,0,따뜻함,나쁨
2025-07-31 04:00,2025-07-31,4,7,여름,28.2,23.9,0.0,0.0,58,5.5,17,34,0,0,더움,보통
2025-07-31 05:00,2025-07-31,5,7,여름,21.8,17.2,0.0,0.0,35,6.3,5,7,0,0,따뜻함,좋음
2025-07-31 06:00,2025-07-31,6,7,여름,30.6,25.8,0.0,0.0,41,7.4,32,61,0,0,매우더움,보통
2025-07-31 07:00,2025-07-31,7,7,여름,32.5,31.5,0.0,0.0,89,1.6,32,50,0,0,매우더움,보통
2025-07-31 08:00,2025-07-31,8,7,여름,32.2,29.1,0.0,0.0,41,4.6,39,58,0,0,매우더움,나쁨
2025-07-31 09:00,2025-07-31,9,7,여름,31.9,30.5,0.0,0.0,79,2.9,26,43,0,0,매우더움,보통
2025-07-31 10:00,2025-07-31,10,7,여름,32.7,30.9,0.0,0.0,84,3.0,14,24,0,0,매우더움,좋음
2025-07-31 11:00,2025-07-31,11,7,여름,34.5,31.8,0.0,0.0,63,4.2,16,32,0,0,매우더움,보통
2025-07-31 12:00,2025-07-31,12,7,여름,30.3,27.3,0.0,0.0,79,3.7,41,66,0,0,매우더움,나쁨
2025-07-31 13:00,2025-07-31,13,7,여름,36.2,31.2,0.0,0.0,38,6.7,5,10,0,0,매우더움,좋음
2025-07-31 14:00,2025-07-31,14,7,여름,35.8,33.6,0.0,0.0,42,3.6,19,37,0,0,매우더움,보통
2025-07-31 15:00,2025-07-31,15,7,여름,29.4,26.1,1.8,0.0,33,4.3,30,46,1,0,더움,보통
2025-07-31 16:00,2025-07-31,16,7,여름,28.0,24.1,0.0,0.0,62,5.7,25,50,0,0,더움,보통
2025-07-31 17:00,2025-07-31,17,7,여름,26.4,24.9,0.0,0.0,88,2.4,11,21,0,0,더움,좋음
2025-07-31 18:00,2025-07-31,18,7,여름,23.0,19.6,0.0,0.0,53,4.7,39,80,0,0,더움,나쁨
2025-07-31 19:00,2025-07-31,19,7,여름,25.7,19.8,0.0,0.0,72,7.6,5,7,0,0,더움,좋음
2025-07-31 20:00,2025-07-31,20,7,여름,29.8,26.8,0.0,0.0,46,4.6,18,32,0,0,더움,보통
2025-07-31 21:00,2025-07-31,21,7,여름,19.5,15.8,0.0,0.0,38,5.0,18,35,0,0,따뜻함,보통
2025-07-31 22:00,2025-07-31,22,7,여름,23.4,22.9,0.0,0.0,30,0.7,20,31,0,0,더움,보통
2025-07-31 23:00,2025-07-31,23,7,여름,25.6,22.3,0.0,0.0,83,4.9,35,76,0,0,더움,보통
2025-08-01 00:00,2025-08-01,0,8,여름,22.5,19.2,0.0,0.0,56,3.5,5,7,0,0,따뜻함,좋음
2025-08-01 01:00,2025-08-01,1,8,여름,19.0,16.5,0.0,0.0,76,4.7,19,34,0,0,따뜻함,보통
2025-08-01 02:00,2025-08-01,2,8,여름,28.2,27.1,0.0,0.0,32,1.1,26,40,0,0,더움,보통
2025-08-01 03:00,2025-08-01,3,8,여름,23.2,18.4,0.0,0.0,90,6.2,14,29,0,0,더움,좋음
2025-08-01 04:00,2025-08-01,4,8,여름,20.2,16.4,0.0,0.0,44,5.4,29,47,0,0,따뜻함,보통
2025-08-01 05:00,2025-08-01,5,8,여름,22.3,18.4,0.0,0.0,43,6.2,5,9,0,0,따뜻함,좋음
2025-08-01 06:00,2025-08-01,6,8,여름,22.6,19.2,0.0,0.0,65,4.7,10,15,0,0,따뜻함,좋음
2025-08-01 07:00,2025-08-01,7,8,여름,26.1,22.7,0.0,0.0,70,4.3,49,87,0,0,더움,나쁨
2025-08-01 08:00,2025-08-01,8,8,여름,32.1,27.0,0.0,0.0,39,7.6,5,8,0,0,매우더움,좋음
2025-08-01 09:00,2025-08-01,9,8,여름,28.1,28.1,0.0,0.0,59,1.1,39,59,0,0,더움,나쁨
2025-08-01 10:00,2025-08-01,10,8,여름,27.3,25.0,0.0,0.0,54,3.3,5,10,0,0,더움,좋음
2025-08-01 11:00,2025-08-01,11,8,여름,32.6,32.5,0.0,0.0,64,0.6,5,7,0,0,매우더움,좋음
2025-08-01 12:00,2025-08-01,12,8,여름,29.1,24.7,0.0,0.0,59,6.5,9,13,0,0,더움,좋음
2025-08-01 13:00,2025-08-01,13,8,여름,34.4,29.8,0.0,0.0,55,6.5,5,10,0,0,매우더움,좋음
2025-08-01 14:00,2025-08-01,14,8,여름,32.0,30.2,0.0,0.0,55,4.4,5,7,0,0,매우더움,좋음
2025-08-01 15:00,2025-08-01,15,8,여름,35.9,32.2,0.0,0.0,62,4.6,6,9,0,0,매우더움,좋음
2025-08-01 16:00,2025-08-01,16,8,여름,34.3,35.3,0.0,0.0,30,0.9,36,60,0,0,매우더움,나쁨
2025-08-01 17:00,2025-08-01,17,8,여름,26.3,22.9,0.0,0.0,31,4.2,12,22,0,0,더움,좋음
2025-08-01 18:00,2025-08-01,18,8,여름,28.3,27.3,0.0,0.0,41,0.6,56,87,0,0,더움,나쁨
2025-08-01 19:00,2025-08-01,19,8,여름,30.8,30.4,0.0,0.0,65,1.1,34,51,0,0,매우더움,보통
2025-08-01 20:00,2025-08-01,20,8,여름,24.9,24.4,0.0,0.0,83,0.8,5,8,0,0,더움,좋음
2025-08-01 21:00,2025-08-01,21,8,여름,25.5,22.0,0.0,0.0,70,4.5,6,9,0,0,더움,좋음
2025-08-01 22:00,2025-08-01,22,8,여름,27.1,23.5,0.0,0.0,70,5.4,19,29,0,0,더움,보통
2025-08-01 23:00,2025-08-01,23,8,여름,23.9,22.0,0.0,0.0,72,2.5,15,25,0,0,더움,좋음
2025-08-02 00:00,2025-08-02,0,8,여름,26.6,25.7,0.0,0.0,74,1.0,16,31,0,0,더움,보통
2025-08-02 01:00,2025-08-02,1,8,여름,23.5,18.0,0.0,0.0,64,7.7,9,16,0,0,더움,좋음
2025-08-02 02:00,2025-08-02,2,8,여름,27.8,23.9,0.0,0.0,37,6.8,37,75,0,0,더움,나쁨
2025-08-02 03:00,2025-08-02,3,8,여름,30.0,24.5,0.0,0.0,67,7.6,5,9,0,0,매우더움,좋음
2025-08-02 04:00,2025-08-02,4,8,여름,25.8,25.2,0.0,0.0,39,1.5,5,8,0,0,더움,좋음
2025-08-02 05:00,2025-08-02,5,8,여름,26.7,25.9,0.0,0.0,78,3.0,30,65,0,0,더움,보통
2025-08-02 06:00,2025-08-02,6,8,여름,23.8,18.0,0.0,0.0,72,8.0,20,41,0,0,더움,보통
2025-08-02 07:00,2025-08-02,7,8,여름,26.8,24.8,0.0,0.0,67,1.4,5,9,0,0,더움,좋음
2025-08-02 08:00,2025-08-02,8,8,여름,31.7,31.1,0.0,0.0,82,1.6,23,40,0,0,매우더움,보통
2025-08-02 09:00,2025-08-02,9,8,여름,31.1,26.9,0.0,0.0,56,7.3,19,29,0,0,매우더움,보통
2025-08-02 10:00,2025-08-02,10,8,여름,37.5,36.8,0.0,0.0,51,1.4,16,31,0,0,매우더움,보통
2025-08-02 11:00,2025-08-02,11,8,여름,29.3,24.7,0.0,0.0,39,6.4,15,23,0,0,더움,좋음
2025-08-02 12:00,2025-08-02,12,8,여름,32.6,27.2,0.0,0.0,71,7.9,43,81,0,0,매우더움,나쁨
2025-08-02 13:00,2025-08-02,13,8,여름,28.9,24.4,0.0,0.0,48,5.6,38,65,0,0,더움,나쁨
2025-08-02 14:00,2025-08-02,14,8,여름,27.6,25.0,0.0,0.0,56,3.4,28,44,0,0,더움,보통
2025-08-02 15:00,2025-08-02,15,8,여름,30.6,25.9,0.0,0.0,51,6.4,37,59,0,0,매우더움,나쁨
2025-08-02 16:00,2025-08-02,16,8,여름,29.2,24.5,0.0,0.0,78,6.2,7,13,0,0,더움,좋음
2025-08-02 17:00,2025-08-02,17,8,여름,31.5,30.6,0.0,0.0,90,0.8,5,8,0,0,매우더움,좋음
2025-08-02 18:00,2025-08-02,18,8,여름,31.8,30.7,0.0,0.0,73,1.0,36,72,0,0,매우더움,나쁨
2025-08-02 19:00,2025-08-02,19,8,여름,28.5,26.2,0.0,0.0,48,3.8,5,9,0,0,더움,좋음
2025-08-02 20:00,2025-08-02,20,8,여름,29.5,26.6,0.0,0.0,31,4.1,8,16,0,0,더움,좋음
2025-08-02 21:00,2025-08-02,21,8,여름,28.4,23.8,0.0,0.0,74,6.3,10,16,0,0,더움,좋음
2025-08-02 22:00,2025-08-02,22,8,여름,24.8,23.0,0.0,0.0,57,3.2,16,34,0,0,더움,보통
2025-08-02 23:00,2025-08-02,23,8,여름,26.2,25.4,0.0,0.0,79,1.5,7,12,0,0,더움,좋음
2025-08-03 00:00,2025-08-03,0,8,여름,23.2,19.9,0.0,0.0,88,4.3,45,93,0,0,더움,나쁨
2025-08-03 01:00,2025-08-03,1,8,여름,27.8,23.6,0.0,0.0,53,6.0,11,17,0,0,더움,좋음
2025-08-03 02:00,2025-08-03,2,8,여름,25.0,23.7,0.0,0.0,37,2.0,41,82,0,0,더움,나쁨
2025-08-03 03:00,2025-08-03,3,8,여름,26.3,24.5,0.0,0.0,87,2.8,5,8,0,0,더움,좋음
2025-08-03 04:00,2025-08-03,4,8,여름,28.7,24.6,0.0,0.0,40,5.4,24,50,0,0,더움,보통
2025-08-03 05:00,2025-08-03,5,8,여름,29.1,24.8,0.0,0.0,64,7.5,5,8,0,0,더움,좋음
2025-08-03 06:00,2025-08-03,6,8,여름,25.7,23.1,0.0,0.0,88,3.5,6,11,0,0,더움,좋음
2025-08-03 07:00,2025-08-03,7,8,여름,28.4,27.0,0.0,0.0,37,0.6,5,9,0,0,더움,좋음
2025-08-03 08:00,2025-08-03,8,8,여름,34.3,33.8,0.0,0.0,47,0.7,5,8,0,0,매우더움,좋음
2025-08-03 09:00,2025-08-03,9,8,여름,30.8,25.7,0.0,0.0,67,7.1,37,74,0,0,매우더움,나쁨
2025-08-03 10:00,2025-08-03,10,8,여름,28.8,24.1,0.0,0.0,56,7.9,41,84,0,0,더움,나쁨
2025-08-03 11:00,2025-08-03,11,8,여름,33.8,30.4,0.0,0.0,63,5.2,5,7,0,0,매우더움,좋음
2025-08-03 12:00,2025-08-03,12,8,여름,35.9,30.3,0.0,0.0,73,7.5,40,81,0,0,매우더움,나쁨
2025-08-03 13:00,2025-08-03,13,8,여름,37.6,36.0,0.0,0.0,58,1.1,33,69,0,0,매우더움,보통
2025-08-03 14:00,2025-08-03,14,8,여름,38.7,35.7,0.0,0.0,45,4.7,23,40,0,0,매우더움,보통
2025-08-03 15:00,2025-08-03,15,8,여름,27.3,22.4,0.0,0.0,77,6.7,5,8,0,0,더움,좋음
2025-08-03 16:00,2025-08-03,16,8,여름,25.6,20.0,0.0,0.0,43,7.9,18,33,0,0,더움,보통
2025-08-03 17:00,2025-08-03,17,8,여름,26.4,21.9,0.0,0.0,60,5.4,45,68,0,0,더움,나쁨
2025-08-03 18:00,2025-08-03,18,8,여름,28.6,26.9,0.0,0.0,71,2.7,22,34,0,0,더움,보통
2025-08-03 19:00,2025-08-03,19,8,여름,30.1,26.8,0.0,0.0,71,6.0,11,20,0,0,매우더움,좋음
2025-08-03 20:00,2025-08-03,20,8,여름,20.8,18.9,0.0,0.0,58,4.3,15,31,0,0,따뜻함,좋음
2025-08-03 21:00,2025-08-03,21,8,여름,18.1,14.0,0.0,0.0,46,5.1,19,34,0,0,따뜻함,보통
2025-08-03 22:00,2025-08-03,22,8,여름,23.3,21.8,0.0,0.0,78,2.6,9,18,0,0,더움,좋음
2025-08-03 23:00,2025-08-03,23,8,여름,23.0,21.7,0.0,0.0,67,2.1,9,16,0,0,더움,좋음
2025-08-04 00:00,2025-08-04,0,8,여름,19.1,12.7,0.0,0.0,53,7.9,21,32,0,0,따뜻함,보통
2025-08-04 01:00,2025-08-04,1,8,여름,24.1,21.3,0.0,0.0,35,3.6,57,106,0,0,더움,나쁨
2025-08-04 02:00,2025-08-04,2,8,여름,28.9,24.9,0.0,0.0,79,6.3,18,35,0,0,더움,보통
2025-08-04 03:00,2025-08-04,3,8,여름,24.7,19.9,0.0,0.0,51,5.1,5,8,0,0,더움,좋음
2025-08-04 04:00,2025-08-04,4,8,여름,26.1,21.1,0.0,0.0,55,6.1,12,24,0,0,더움,좋음
2025-08-04 05:00,2025-08-04,5,8,여름,22.9,19.5,0.0,0.0,38,5.9,44,82,0,0,따뜻함,나쁨
2025-08-04 06:00,2025-08-04,6,8,여름,25.7,21.3,0.0,0.0,59,6.9,5,7,0,0,더움,좋음
2025-08-04 07:00,2025-08-04,7,8,여름,23.5,21.6,0.0,0.0,74,2.6,16,28,0,0,더움,보통
2025-08-04 08:00,2025-08-04,8,8,여름,27.6,24.2,0.6,0.0,40,4.5,14,22,1,0,더움,좋음
2025-08-04 09:00,2025-08-04,9,8,여름,33.6,31.1,0.0,0.0,76,3.6,21,39,0,0,매우더움,보통
2025-08-04 10:00,2025-08-04,10,8,여름,35.7,33.3,0.0,0.0,79,3.4,5,10,0,0,매우더움,좋음
2025-08-04 11:00,2025-08-04,11,8,여름,35.2,32.5,0.0,0.0,67,2.9,5,10,0,0,매우더움,좋음
2025-08-04 12:00,2025-08-04,12,8,여름,37.1,30.9,0.0,0.0,81,7.6,16,34,0,0,매우더움,보통
2025-08-04 13:00,2025-08-04,13,8,여름,32.8,27.6,0.0,0.0,66,7.2,15,28,0,0,매우더움,좋음
2025-08-04 14:00,2025-08-04,14,8,여름,27.2,26.2,0.0,0.0,82,1.8,36,55,0,0,더움,나쁨
2025-08-04 15:00,2025-08-04,15,8,여름,37.3,35.7,0.0,0.0,55,1.5,26,52,0,0,매우더움,보통
2025-08-04 16:00,2025-08-04,16,8,여름,31.4,30.5,0.0,0.0,33,1.4,44,91,0,0,매우더움,나쁨
2025-08-04 17:00,2025-08-04,17,8,여름,23.2,18.6,0.0,0.0,58,6.7,7,12,0,0,더움,좋음
2025-08-04 18:00,2025-08-04,18,8,여름,28.8,27.0,0.0,0.0,65,2.6,24,50,0,0,더움,보통
2025-08-04 19:00,2025-08-04,19,8,여름,31.4,25.9,0.0,0.0,34,7.5,24,51,0,0,매우더움,보통
2025-08-04 20:00,2025-08-04,20,8,여름,26.0,20.4,2.5,0.0,57,7.5,39,82,1,0,더움,나쁨
2025-08-04 21:00,2025-08-04,21,8,여름,21.5,16.0,3.4,0.0,60,7.4,5,9,1,0,따뜻함,좋음
2025-08-04 22:00,2025-08-04,22,8,여름,26.4,21.5,0.0,0.0,71,5.3,5,10,0,0,더움,좋음
2025-08-04 23:00,2025-08-04,23,8,여름,24.0,21.2,0.0,0.0,40,4.6,5,7,0,0,더움,좋음
2025-08-05 00:00,2025-08-05,0,8,여름,20.4,17.1,1.4,0.0,31,5.6,36,59,1,0,따뜻함,나쁨
2025-08-05 01:00,2025-08-05,1,8,여름,23.1,19.5,0.0,0.0,61,5.8,8,16,0,0,더움,좋음
2025-08-05 02:00,2025-08-05,2,8,여름,22.4,20.2,0.0,0.0,87,3.5,19,37,0,0,따뜻함,보통
2025-08-05 03:00,2025-08-05,3,8,여름,28.2,26.6,0.0,0.0,49,1.6,30,60,0,0,더움,보통
2025-08-05 04:00,2025-08-05,4,8,여름,21.3,20.1,0.0,0.0,72,1.7,5,8,0,0,따뜻함,좋음
2025-08-05 05:00,2025-08-05,5,8,여름,29.7,26.8,0.0,0.0,84,4.1,5,10,0,0,더움,좋음
2025-08-05 06:00,2025-08-05,6,8,여름,32.1,29.8,0.0,0.0,64,2.1,8,12,0,0,매우더움,좋음
2025-08-05 07:00,2025-08-05,7,8,여름,25.0,21.8,0.0,0.0,83,3.7,5,10,0,0,더움,좋음
2025-08-05 08:00,2025-08-05,8,8,여름,29.0,24.6,0.0,0.0,45,5.6,6,9,0,0,더움,좋음
2025-08-05 09:00,2025-08-05,9,8,여름,27.0,25.7,0.0,0.0,35,2.2,53,80,0,0,더움,나쁨
2025-08-05 10:00,2025-08-05,10,8,여름,36.9,36.0,0.0,0.0,48,0.8,13,23,0,0,매우더움,좋음
2025-08-05 11:00,2025-08-05,11,8,여름,34.1,29.8,0.0,0.0,36,6.2,27,53,0,0,매우더움,보통
2025-08-05 12:00,2025-08-05,12,8,여름,35.8,35.0,0.0,0.0,56,1.3,17,26,0,0,매우더움,보통
2025-08-05 13:00,2025-08-05,13,8,여름,37.1,33.2,0.0,0.0,57,6.3,32,57,0,0,매우더움,보통
2025-08-05 14:00,2025-08-05,14,8,여름,30.8,26.8,0.0,0.0,67,6.1,26,42,0,0,매우더움,보통
2025-08-05 15:00,2025-08-05,15,8,여름,28.9,26.4,0.0,0.0,55,3.8,11,22,0,0,더움,좋음
2025-08-05 16:00,2025-08-05,16,8,여름,27.1,21.9,0.0,0.0,48,7.0,31,47,0,0,더움,보통
2025-08-05 17:00,2025-08-05,17,8,여름,24.2,22.2,0.0,0.0,54,3.4,5,8,0,0,더움,좋음
2025-08-05 18:00,2025-08-05,18,8,여름,30.3,27.4,0.0,0.0,82,4.3,13,19,0,0,매우더움,좋음
2025-08-05 19:00,2025-08-05,19,8,여름,30.0,24.7,0.0,0.0,55,6.0,26,48,0,0,매우더움,보통
2025-08-05 20:00,2025-08-05,20,8,여름,24.0,22.1,0.0,0.0,90,2.7,5,9,0,0,더움,좋음
2025-08-05 21:00,2025-08-05,21,8,여름,22.6,19.1,0.0,0.0,59,5.6,5,9,0,0,따뜻함,좋음
2025-08-05 22:00,2025-08-05,22,8,여름,18.7,16.7,0.0,0.0,45,1.1,42,70,0,0,따뜻함,나쁨
2025-08-05 23:00,2025-08-05,23,8,여름,25.9,23.7,0.0,0.0,56,3.0,5,10,0,0,더움,좋음
2025-08-06 00:00,2025-08-06,0,8,여름,22.4,19.9,0.0,0.0,89,4.9,5,8,0,0,따뜻함,좋음
2025-08-06 01:00,2025-08-06,1,8,여름,18.6,15.5,0.0,0.0,55,4.6,42,71,0,0,따뜻함,나쁨
2025-08-06 02:00,2025-08-06,2,8,여름,23.4,19.9,0.0,0.0,88,4.4,5,7,0,0,더움,좋음
2025-08-06 03:00,2025-08-06,3,8,여름,25.3,22.8,0.0,0.0,36,3.5,26,53,0,0,더움,보통
2025-08-06 04:00,2025-08-06,4,8,여름,21.5,20.4,0.0,0.0,46,1.7,10,21,0,0,따뜻함,좋음
2025-08-06 05:00,2025-08-06,5,8,여름,23.8,20.5,0.0,0.0,44,6.2,5,9,0,0,더움,좋음
2025-08-06 06:00,2025-08-06,6,8,여름,26.8,22.7,0.0,0.0,34,6.5,6,10,0,0,더움,좋음
2025-08-06 07:00,2025-08-06,7,8,여름,25.1,24.8,0.0,0.0,88,0.7,23,36,0,0,더움,보통
2025-08-06 08:00,2025-08-06,8,8,여름,25.9,25.2,0.0,0.0,53,0.9,15,27,0,0,더움,좋음
2025-08-06 09:00,2025-08-06,9,8,여름,34.2,31.8,0.0,0.0,55,2.4,25,42,0,0,매우더움,보통
2025-08-06 10:00,2025-08-06,10,8,여름,36.2,34.0,0.0,0.0,90,2.5,26,41,0,0,매우더움,보통
2025-08-06 11:00,2025-08-06,11,8,여름,27.6,24.9,0.0,0.0,49,3.6,24,41,0,0,더움,보통
2025-08-06 12:00,2025-08-06,12,8,여름,28.2,25.8,0.0,0.0,86,2.6,52,113,0,0,더움,나쁨
2025-08-06 13:00,2025-08-06,13,8,여름,36.9,34.2,0.0,0.0,73,3.4,10,17,0,0,매우더움,좋음
2025-08-06 14:00,2025-08-06,14,8,여름,32.5,28.8,0.0,0.0,43,5.4,13,20,0,0,매우더움,좋음
2025-08-06 15:00,2025-08-06,15,8,여름,35.8,34.1,0.0,0.0,60,2.6,13,27,0,0,매우더움,좋음
2025-08-06 16:00,2025-08-06,16,8,여름,34.9,32.9,0.0,0.0,67,3.5,7,12,0,0,매우더움,좋음
2025-08-06 17:00,2025-08-06,17,8,여름,29.5,26.0,0.0,0.0,48,4.8,21,38,0,0,더움,보통
2025-08-06 18:00,2025-08-06,18,8,여름,26.6,21.4,0.0,0.0,74,7.9,23,35,0,0,더움,보통
2025-08-06 19:00,2025-08-06,19,8,여름,23.4,22.1,0.0,0.0,56,0.9,5,9,0,0,더움,좋음
2025-08-06 20:00,2025-08-06,20,8,여름,29.0,24.9,0.0,0.0,33,6.2,25,43,0,0,더움,보통
2025-08-06 21:00,2025-08-06,21,8,여름,24.3,21.5,0.0,0.0,63,4.6,17,26,0,0,더움,보통
2025-08-06 22:00,2025-08-06,22,8,여름,19.1,14.2,0.0,0.0,45,7.3,49,76,0,0,따뜻함,나쁨
2025-08-06 23:00,2025-08-06,23,8,여름,24.5,20.9,0.0,0.0,75,3.4,5,8,0,0,더움,좋음
2025-08-07 00:00,2025-08-07,0,8,여름,24.3,22.2,0.0,0.0,30,3.8,15,26,0,0,더움,좋음
2025-08-07 01:00,2025-08-07,1,8,여름,24.3,24.3,0.0,0.0,46,0.5,48,98,0,0,더움,나쁨
2025-08-07 02:00,2025-08-07,2,8,여름,21.0,15.4,5.3,0.0,68,7.1,28,59,1,0,따뜻함,보통
2025-08-07 03:00,2025-08-07,3,8,여름,20.6,17.6,0.0,0.0,53,4.4,29,57,0,0,따뜻함,보통
2025-08-07 04:00,2025-08-07,4,8,여름,28.2,25.5,0.0,0.0,32,3.2,9,19,0,0,더움,좋음
2025-08-07 05:00,2025-08-07,5,8,여름,28.0,27.2,0.0,0.0,55,1.5,14,21,0,0,더움,좋음
2025-08-07 06:00,2025-08-07,6,8,여름,22.8,20.0,0.0,0.0,58,3.6,11,18,0,0,따뜻함,좋음
2025-08-07 07:00,2025-08-07,7,8,여름,25.6,22.2,0.0,0.0,77,4.1,5,10,0,0,더움,좋음
2025-08-07 08:00,2025-08-07,8,8,여름,28.3,24.3,0.0,0.0,77,6.3,8,15,0,0,더움,좋음
2025-08-07 09:00,2025-08-07,9,8,여름,30.8,26.2,0.0,0.0,40,5.7,30,47,0,0,매우더움,보통
2025-08-07 10:00,2025-08-07,10,8,여름,34.8,30.4,0.0,0.0,61,6.7,24,36,0,0,매우더움,보통
2025-08-07 11:00,2025-08-07,11,8,여름,33.4,30.4,0.0,0.0,40,4.6,20,38,0,0,매우더움,보통
2025-08-07 12:00,2025-08-07,12,8,여름,31.3,30.3,0.0,0.0,89,0.8,8,16,0,0,매우더움,좋음
2025-08-07 13:00,2025-08-07,13,8,여름,33.1,30.0,0.0,0.0,83,3.6,35,76,0,0,매우더움,보통
2025-08-07 14:00,2025-08-07,14,8,여름,38.0,33.1,0.0,0.0,68,6.8,19,32,0,0,매우더움,보통
2025-08-07 15:00,2025-08-07,15,8,여름,31.4,27.6,0.0,0.0,59,4.7,31,56,0,0,매우더움,보통
2025-08-07 16:00,2025-08-07,16,8,여름,31.0,29.9,0.0,0.0,83,1.7,5,9,0,0,매우더움,좋음
2025-08-07 17:00,2025-08-07,17,8,여름,26.2,24.5,0.0,0.0,74,2.4,5,9,0,0,더움,좋음
2025-08-07 18:00,2025-08-07,18,8,여름,31.8,29.1,0.0,0.0,36,2.6,5,9,0,0,매우더움,좋음
2025-08-07 19:00,2025-08-07,19,8,여름,25.0,20.6,0.0,0.0,37,5.7,17,26,0,0,더움,보통
2025-08-07 20:00,2025-08-07,20,8,여름,25.8,23.1,0.0,0.0,59,3.7,26,45,0,0,더움,보통
2025-08-07 21:00,2025-08-07,21,8,여름,25.6,22.8,0.0,0.0,65,4.1,19,37,0,0,더움,보통
2025-08-07 22:00,2025-08-07,22,8,여름,26.3,24.1,0.0,0.0,42,1.5,18,37,0,0,더움,보통
2025-08-07 23:00,2025-08-07,23,8,여름,25.7,21.2,0.0,0.0,63,6.8,9,17,0,0,더움,좋음
2025-08-08 00:00,2025-08-08,0,8,여름,19.6,17.5,0.0,0.0,80,2.6,5,10,0,0,따뜻함,좋음
2025-08-08 01:00,2025-08-08,1,8,여름,21.2,16.8,0.0,0.0,30,6.7,21,45,0,0,따뜻함,보통
2025-08-08 02:00,2025-08-08,2,8,여름,23.5,20.4,0.0,0.0,48,4.0,31,58,0,0,더움,보통
2025-08-08 03:00,2025-08-08,3,8,여름,28.6,22.7,0.0,0.0,52,7.3,17,34,0,0,더움,보통
2025-08-08 04:00,2025-08-08,4,8,여름,27.2,22.8,0.0,0.0,62,6.2,17,35,0,0,더움,보통
2025-08-08 05:00,2025-08-08,5,8,여름,29.6,24.5,0.0,0.0,62,6.9,5,9,0,0,더움,좋음
2025-08-08 06:00,2025-08-08,6,8,여름,25.3,22.0,0.0,0.0,39,4.6,5,8,0,0,더움,좋음
2025-08-08 07:00,2025-08-08,7,8,여름,28.7,23.8,0.0,0.0,67,7.3,24,37,0,0,더움,보통
2025-08-08 08:00,2025-08-08,8,8,여름,28.7,27.8,0.0,0.0,61,0.7,49,80,0,0,더움,나쁨
2025-08-08 09:00,2025-08-08,9,8,여름,28.7,27.7,0.0,0.0,72,2.9,35,72,0,0,더움,보통
2025-08-08 10:00,2025-08-08,10,8,여름,34.5,29.7,0.0,0.0,73,6.9,50,99,0,0,매우더움,나쁨
2025-08-08 11:00,2025-08-08,11,8,여름,37.0,32.1,0.0,0.0,68,6.2,18,38,0,0,매우더움,보통
2025-08-08 12:00,2025-08-08,12,8,여름,28.9,28.3,0.0,0.0,59,1.5,47,88,0,0,더움,나쁨
2025-08-08 13:00,2025-08-08,13,8,여름,33.8,33.3,0.0,0.0,45,1.0,9,16,0,0,매우더움,좋음
2025-08-08 14:00,2025-08-08,14,8,여름,29.1,28.5,0.0,0.0,39,1.9,44,72,0,0,더움,나쁨
2025-08-08 15:00,2025-08-08,15,8,여름,33.4,29.5,0.0,0.0,66,6.0,46,88,0,0,매우더움,나쁨
2025-08-08 16:00,2025-08-08,16,8,여름,33.2,32.9,0.0,0.0,85,1.7,19,41,0,0,매우더움,보통
2025-08-08 17:00,2025-08-08,17,8,여름,31.1,30.1,0.0,0.0,88,2.0,50,97,0,0,매우더움,나쁨
2025-08-08 18:00,2025-08-08,18,8,여름,26.2,22.6,0.0,0.0,66,4.0,34,69,0,0,더움,보통
2025-08-08 19:00,2025-08-08,19,8,여름,23.5,22.6,0.0,0.0,36,2.5,10,15,0,0,더움,좋음
2025-08-08 20:00,2025-08-08,20,8,여름,22.6,18.9,0.0,0.0,76,5.9,9,15,0,0,따뜻함,좋음
2025-08-08 21:00,2025-08-08,21,8,여름,29.0,23.5,0.0,0.0,43,7.8,7,11,0,0,더움,좋음
2025-08-08 22:00,2025-08-08,22,8,여름,27.7,25.2,0.0,0.0,49,3.6,17,32,0,0,더움,보통
2025-08-08 23:00,2025-08-08,23,8,여름,23.2,19.3,0.0,0.0,51,5.4,5,9,0,0,더움,좋음
2025-08-09 00:00,2025-08-09,0,8,여름,21.0,18.3,0.0,0.0,51,3.8,25,49,0,0,따뜻함,보통
2025-08-09 01:00,2025-08-09,1,8,여름,24.7,20.5,0.0,0.0,46,5.3,5,8,0,0,더움,좋음
2025-08-09 02:00,2025-08-09,2,8,여름,24.2,22.9,0.0,0.0,90,1.8,17,29,0,0,더움,보통
2025-08-09 03:00,2025-08-09,3,8,여름,22.8,21.7,0.0,0.0,89,2.1,26,40,0,0,따뜻함,보통
2025-08-09 04:00,2025-08-09,4,8,여름,32.1,28.7,0.0,0.0,52,5.1,20,39,0,0,매우더움,보통
2025-08-09 05:00,2025-08-09,5,8,여름,24.8,23.6,0.0,0.0,50,2.0,17,36,0,0,더움,보통
2025-08-09 06:00,2025-08-09,6,8,여름,26.7,22.8,0.0,0.0,73,6.0,5,9,0,0,더움,좋음
2025-08-09 07:00,2025-08-09,7,8,여름,24.0,18.6,0.0,0.0,54,6.8,55,99,0,0,더움,나쁨
2025-08-09 08:00,2025-08-09,8,8,여름,35.2,30.4,0.0,0.0,87,6.8,12,18,0,0,매우더움,좋음
2025-08-09 09:00,2025-08-09,9,8,여름,31.2,28.3,0.0,0.0,41,4.7,5,8,0,0,매우더움,좋음
2025-08-09 10:00,2025-08-09,10,8,여름,33.7,33.0,0.0,0.0,81,2.4,22,42,0,0,매우더움,보통
2025-08-09 11:00,2025-08-09,11,8,여름,29.0,24.6,0.0,0.0,55,6.7,10,20,0,0,더움,좋음
2025-08-09 12:00,2025-08-09,12,8,여름,31.6,28.7,0.0,0.0,70,4.0,30,61,0,0,매우더움,보통
2025-08-09 13:00,2025-08-09,13,8,여름,31.4,31.2,0.0,0.0,50,1.2,32,69,0,0,매우더움,보통
2025-08-09 14:00,2025-08-09,14,8,여름,28.3,24.7,0.0,0.0,40,5.1,34,59,0,0,더움,보통
2025-08-09 15:00,2025-08-09,15,8,여름,27.6,24.3,0.0,0.0,60,4.5,53,84,0,0,더움,나쁨
2025-08-09 16:00,2025-08-09,16,8,여름,35.6,34.5,0.0,0.0,34,1.4,22,45,0,0,매우더움,보통
2025-08-09 17:00,2025-08-09,17,8,여름,31.4,29.8,0.0,0.0,42,3.0,5,8,0,0,매우더움,좋음
2025-08-09 18:00,2025-08-09,18,8,여름,24.2,20.0,0.0,0.0,43,6.3,18,35,0,0,더움,보통
2025-08-09 19:00,2025-08-09,19,8,여름,27.3,25.2,0.0,0.0,83,2.2,22,43,0,0,더움,보통
2025-08-09 20:00,2025-08-09,20,8,여름,21.8,20.7,0.0,0.0,58,1.5,7,11,0,0,따뜻함,좋음
2025-08-09 21:00,2025-08-09,21,8,여름,24.3,23.4,0.0,0.0,55,2.0,19,37,0,0,더움,보통
2025-08-09 22:00,2025-08-09,22,8,여름,28.0,25.7,0.0,0.0,51,3.0,5,9,0,0,더움,좋음
2025-08-09 23:00,2025-08-09,23,8,여름,18.8,13.8,0.0,0.0,82,7.6,7,12,0,0,따뜻함,좋음
2025-08-10 00:00,2025-08-10,0,8,여름,22.3,20.3,0.0,0.0,50,1.2,19,29,0,0,따뜻함,보통
2025-08-10 01:00,2025-08-10,1,8,여름,22.9,18.8,0.0,0.0,42,5.8,5,10,0,0,따뜻함,좋음
2025-08-10 02:00,2025-08-10,2,8,여름,24.4,20.1,0.0,0.0,55,5.9,5,8,0,0,더움,좋음
2025-08-10 03:00,2025-08-10,3,8,여름,28.4,25.7,0.0,0.0,40,4.6,9,18,0,0,더움,좋음
2025-08-10 04:00,2025-08-10,4,8,여름,23.0,21.2,0.0,0.0,37,3.3,10,15,0,0,더움,좋음
2025-08-10 05:00,2025-08-10,5,8,여름,26.2,20.5,0.0,0.0,74,7.4,37,76,0,0,더움,나쁨
2025-08-10 06:00,2025-08-10,6,8,여름,24.2,21.7,0.0,0.0,46,3.0,28,55,0,0,더움,보통
2025-08-10 07:00,2025-08-10,7,8,여름,27.9,24.5,0.0,0.0,54,5.2,5,7,0,0,더움,좋음
2025-08-10 08:00,2025-08-10,8,8,여름,32.1,26.8,0.0,0.0,87,7.8,11,18,0,0,매우더움,좋음
2025-08-10 09:00,2025-08-10,9,8,여름,31.9,29.5,0.0,0.0,38,3.3,16,27,0,0,매우더움,보통
2025-08-10 10:00,2025-08-10,10,8,여름,36.5,32.8,0.0,0.0,88,5.9,38,68,0,0,매우더움,나쁨
2025-08-10 11:00,2025-08-10,11,8,여름,29.3,25.7,0.0,0.0,36,5.6,20,33,0,0,더움,보통
2025-08-10 12:00,2025-08-10,12,8,여름,32.5,30.2,0.0,0.0,56,3.5,8,16,0,0,매우더움,좋음
2025-08-10 13:00,2025-08-10,13,8,여름,36.2,36.2,0.0,0.0,53,0.7,50,89,0,0,매우더움,나쁨
2025-08-10 14:00,2025-08-10,14,8,여름,30.3,29.5,0.0,0.0,70,1.6,15,32,0,0,매우더움,좋음
2025-08-10 15:00,2025-08-10,15,8,여름,32.9,26.8,0.0,0.0,67,7.5,6,10,0,0,매우더움,좋음
2025-08-10 16:00,2025-08-10,16,8,여름,35.3,33.1,0.0,0.0,62,2.8,26,43,0,0,매우더움,보통
2025-08-10 17:00,2025-08-10,17,8,여름,32.9,31.0,0.0,0.0,33,1.5,18,33,0,0,매우더움,보통
2025-08-10 18:00,2025-08-10,18,8,여름,23.2,18.3,0.0,0.0,52,6.0,27,56,0,0,더움,보통
2025-08-10 19:00,2025-08-10,19,8,여름,24.1,20.1,0.0,0.0,45,6.4,25,54,0,0,더움,보통
2025-08-10 20:00,2025-08-10,20,8,여름,23.6,20.7,0.0,0.0,50,4.4,28,55,0,0,더움,보통
2025-08-10 21:00,2025-08-10,21,8,여름,28.6,24.5,0.0,0.0,70,5.6,36,55,0,0,더움,나쁨
2025-08-10 22:00,2025-08-10,22,8,여름,23.2,19.8,0.0,0.0,80,5.7,5,8,0,0,더움,좋음
2025-08-10 23:00,2025-08-10,23,8,여름,26.4,22.7,0.0,0.0,77,6.1,28,50,0,0,더움,보통
2025-08-11 00:00,2025-08-11,0,8,여름,28.0,26.4,0.0,0.0,52,1.4,5,9,0,0,더움,좋음
2025-08-11 01:00,2025-08-11,1,8,여름,21.3,15.9,0.0,0.0,57,7.9,9,16,0,0,따뜻함,좋음
2025-08-11 02:00,2025-08-11,2,8,여름,20.6,15.0,0.0,0.0,30,7.5,22,42,0,0,따뜻함,보통
2025-08-11 03:00,2025-08-11,3,8,여름,25.3,23.3,0.0,0.0,79,4.0,27,51,0,0,더움,보통
2025-08-11 04:00,2025-08-11,4,8,여름,29.6,27.9,0.0,0.0,57,4.2,37,73,0,0,더움,나쁨
2025-08-11 05:00,2025-08-11,5,8,여름,28.9,25.5,0.0,0.0,90,4.9,24,40,0,0,더움,보통
2025-08-11 06:00,2025-08-11,6,8,여름,28.0,22.8,0.0,0.0,87,6.8,21,34,0,0,더움,보통
2025-08-11 07:00,2025-08-11,7,8,여름,33.4,33.1,0.0,0.0,54,1.1,23,41,0,0,매우더움,보통
2025-08-11 08:00,2025-08-11,8,8,여름,27.3,24.0,0.0,0.0,86,5.0,43,77,0,0,더움,나쁨
2025-08-11 09:00,2025-08-11,9,8,여름,29.1,25.1,0.0,0.0,58,6.7,10,19,0,0,더움,좋음
2025-08-11 10:00,2025-08-11,10,8,여름,33.2,28.4,0.0,0.0,89,6.7,30,49,0,0,매우더움,보통
2025-08-11 11:00,2025-08-11,11,8,여름,33.3,31.5,0.0,0.0,55,1.7,6,12,0,0,매우더움,좋음
2025-08-11 12:00,2025-08-11,12,8,여름,34.1,32.3,0.0,0.0,65,2.3,35,62,0,0,매우더움,보통
2025-08-11 13:00,2025-08-11,13,8,여름,37.0,33.7,0.0,0.0,66,4.6,13,20,0,0,매우더움,좋음
2025-08-11 14:00,2025-08-11,14,8,여름,29.5,26.9,0.0,0.0,55,3.0,7,13,0,0,더움,좋음
2025-08-11 15:00,2025-08-11,15,8,여름,36.5,33.2,0.0,0.0,75,6.4,5,8,0,0,매우더움,좋음
2025-08-11 16:00,2025-08-11,16,8,여름,26.5,23.4,0.0,0.0,74,4.8,21,37,0,0,더움,보통
2025-08-11 17:00,2025-08-11,17,8,여름,33.5,32.5,0.0,0.0,79,3.1,43,68,0,0,매우더움,나쁨
2025-08-11 18:00,2025-08-11,18,8,여름,22.7,18.7,0.0,0.0,46,6.1,29,62,0,0,따뜻함,보통
2025-08-11 19:00,2025-08-11,19,8,여름,27.2,26.1,0.0,0.0,55,2.6,37,75,0,0,더움,나쁨
2025-08-11 20:00,2025-08-11,20,8,여름,30.6,29.6,0.0,0.0,49,1.9,30,57,0,0,매우더움,보통
2025-08-11 21:00,2025-08-11,21,8,여름,26.7,23.9,0.0,0.0,79,3.3,21,41,0,0,더움,보통
2025-08-11 22:00,2025-08-11,22,8,여름,27.8,23.7,0.0,0.0,42,6.4,26,42,0,0,더움,보통
2025-08-11 23:00,2025-08-11,23,8,여름,25.2,24.5,0.0,0.0,48,0.6,5,9,0,0,더움,좋음
2025-08-12 00:00,2025-08-12,0,8,여름,26.3,20.9,0.0,0.0,59,7.6,22,40,0,0,더움,보통
2025-08-12 01:00,2025-08-12,1,8,여름,21.8,16.6,0.0,0.0,86,6.5,38,76,0,0,따뜻함,나쁨
2025-08-12 02:00,2025-08-12,2,8,여름,26.3,23.6,0.0,0.0,61,3.6,12,25,0,0,더움,좋음
2025-08-12 03:00,2025-08-12,3,8,여름,24.9,21.4,0.0,0.0,85,5.7,33,70,0,0,더움,보통
2025-08-12 04:00,2025-08-12,4,8,여름,31.1,30.5,0.0,0.0,80,0.9,35,60,0,0,매우더움,보통
2025-08-12 05:00,2025-08-12,5,8,여름,23.9,22.9,0.0,0.0,33,1.4,34,65,0,0,더움,보통
2025-08-12 06:00,2025-08-12,6,8,여름,25.5,25.5,0.0,0.0,62,0.5,49,98,0,0,더움,나쁨
2025-08-12 07:00,2025-08-12,7,8,여름,26.9,23.7,0.0,0.0,78,4.5,30,49,0,0,더움,보통
2025-08-12 08:00,2025-08-12,8,8,여름,28.3,24.0,0.0,0.0,41,7.2,30,49,0,0,더움,보통
2025-08-12 09:00,2025-08-12,9,8,여름,28.6,24.2,0.0,0.0,31,6.2,21,34,0,0,더움,보통
2025-08-12 10:00,2025-08-12,10,8,여름,37.1,34.7,0.0,0.0,68,4.2,5,10,0,0,매우더움,좋음
2025-08-12 11:00,2025-08-12,11,8,여름,36.2,33.0,0.0,0.0,74,4.7,5,10,0,0,매우더움,좋음
2025-08-12 12:00,2025-08-12,12,8,여름,31.7,27.5,0.0,0.0,87,6.7,16,31,0,0,매우더움,보통
2025-08-12 13:00,2025-08-12,13,8,여름,35.5,31.2,2.8,0.0,84,5.2,17,31,1,0,매우더움,보통
2025-08-12 14:00,2025-08-12,14,8,여름,35.1,32.8,0.0,0.0,47,2.4,22,47,0,0,매우더움,보통
2025-08-12 15:00,2025-08-12,15,8,여름,28.9,27.1,0.0,0.0,70,2.2,27,49,0,0,더움,보통
2025-08-12 16:00,2025-08-12,16,8,여름,30.6,28.7,0.0,0.0,90,2.8,11,22,0,0,매우더움,좋음
2025-08-12 17:00,2025-08-12,17,8,여름,30.2,24.9,0.0,0.0,38,7.5,5,8,0,0,매우더움,좋음
2025-08-12 18:00,2025-08-12,18,8,여름,23.6,20.3,0.0,0.0,78,4.5,20,38,0,0,더움,보통
2025-08-12 19:00,2025-08-12,19,8,여름,24.4,21.3,0.0,0.0,51,5.3,41,79,0,0,더움,나쁨
2025-08-12 20:00,2025-08-12,20,8,여름,22.1,20.6,0.0,0.0,40,2.1,26,50,0,0,따뜻함,보통
2025-08-12 21:00,2025-08-12,21,8,여름,21.2,17.8,0.0,0.0,55,5.1,34,54,0,0,따뜻함,보통
2025-08-12 22:00,2025-08-12,22,8,여름,20.3,18.2,0.0,0.0,47,2.3,19,33,0,0,따뜻함,보통
2025-08-12 23:00,2025-08-12,23,8,여름,23.6,18.3,0.0,0.0,85,6.7,5,7,0,0,더움,좋음
2025-08-13 00:00,2025-08-13,0,8,여름,22.6,20.6,0.0,0.0,38,3.6,26,49,0,0,따뜻함,보통
2025-08-13 01:00,2025-08-13,1,8,여름,24.7,22.6,0.0,0.0,52,3.5,14,27,0,0,더움,좋음
2025-08-13 02:00,2025-08-13,2,8,여름,25.5,21.1,0.0,0.0,32,6.5,35,54,0,0,더움,보통
2025-08-13 03:00,2025-08-13,3,8,여름,17.6,14.9,0.0,0.0,82,3.5,51,98,0,0,따뜻함,나쁨
2025-08-13 04:00,2025-08-13,4,8,여름,30.4,26.2,0.0,0.0,65,7.2,8,16,0,0,매우더움,좋음
2025-08-13 05:00,2025-08-13,5,8,여름,28.3,27.2,0.0,0.0,31,1.9,17,33,0,0,더움,보통
2025-08-13 06:00,2025-08-13,6,8,여름,27.2,24.5,0.0,0.0,90,4.1,19,30,0,0,더움,보통
2025-08-13 07:00,2025-08-13,7,8,여름,30.6,27.8,0.0,0.0,90,4.1,14,28,0,0,매우더움,좋음
2025-08-13 08:00,2025-08-13,8,8,여름,27.5,24.4,0.0,0.0,51,4.7,11,22,0,0,더움,좋음
2025-08-13 09:00,2025-08-13,9,8,여름,30.1,26.8,0.0,0.0,34,5.7,32,50,0,0,매우더움,보통
2025-08-13 10:00,2025-08-13,10,8,여름,33.2,27.5,0.0,0.0,44,6.7,24,43,0,0,매우더움,보통
2025-08-13 11:00,2025-08-13,11,8,여름,36.1,31.2,0.0,0.0,58,6.5,5,8,0,0,매우더움,좋음
2025-08-13 12:00,2025-08-13,12,8,여름,35.5,31.2,0.0,0.0,76,6.3,12,19,0,0,매우더움,좋음
2025-08-13 13:00,2025-08-13,13,8,여름,35.3,31.8,0.0,0.0,73,5.6,19,34,0,0,매우더움,보통
2025-08-13 14:00,2025-08-13,14,8,여름,28.5,24.5,0.0,0.0,50,6.8,5,10,0,0,더움,좋음
2025-08-13 15:00,2025-08-13,15,8,여름,33.9,28.5,0.0,0.0,56,6.3,12,20,0,0,매우더움,좋음
2025-08-13 16:00,2025-08-13,16,8,여름,28.6,26.7,0.5,0.0,85,2.3,10,17,1,0,더움,좋음
2025-08-13 17:00,2025-08-13,17,8,여름,28.8,27.7,0.0,0.0,85,1.7,22,35,0,0,더움,보통
2025-08-13 18:00,2025-08-13,18,8,여름,30.9,30.1,0.0,0.0,34,0.6,12,21,0,0,매우더움,좋음
2025-08-13 19:00,2025-08-13,19,8,여름,27.6,25.4,0.0,0.0,55,3.8,5,7,0,0,더움,좋음
2025-08-13 20:00,2025-08-13,20,8,여름,23.2,18.8,0.0,0.0,43,7.3,11,24,0,0,더움,좋음
2025-08-13 21:00,2025-08-13,21,8,여름,18.1,13.3,0.0,0.0,37,6.1,41,63,0,0,따뜻함,나쁨
2025-08-13 22:00,2025-08-13,22,8,여름,26.4,20.8,0.0,0.0,74,8.0,6,11,0,0,더움,좋음
2025-08-13 23:00,2025-08-13,23,8,여름,22.5,21.9,0.0,0.0,80,0.7,50,100,0,0,따뜻함,나쁨
2025-08-14 00:00,2025-08-14,0,8,여름,22.5,19.0,0.0,0.0,60,5.6,5,9,0,0,따뜻함,좋음
2025-08-14 01:00,2025-08-14,1,8,여름,17.5,14.1,0.0,0.0,37,4.3,5,10,0,0,따뜻함,좋음
2025-08-14 02:00,2025-08-14,2,8,여름,23.0,22.1,0.0,0.0,39,1.6,25,50,0,0,더움,보통
2025-08-14 03:00,2025-08-14,3,8,여름,22.4,21.4,2.1,0.0,88,1.1,30,52,1,0,따뜻함,보통
2025-08-14 04:00,2025-08-14,4,8,여름,22.1,19.8,0.0,0.0,58,3.9,35,56,0,0,따뜻함,보통
2025-08-14 05:00,2025-08-14,5,8,여름,27.7,22.7,0.0,0.0,89,6.2,14,23,0,0,더움,좋음
2025-08-14 06:00,2025-08-14,6,8,여름,26.9,23.0,0.0,0.0,62,4.9,32,70,0,0,더움,보통
2025-08-14 07:00,2025-08-14,7,8,여름,30.3,25.4,0.0,0.0,67,7.5,5,10,0,0,매우더움,좋음
2025-08-14 08:00,2025-08-14,8,8,여름,25.5,25.8,0.0,0.0,78,0.7,29,63,0,0,더움,보통
2025-08-14 09:00,2025-08-14,9,8,여름,27.6,26.7,0.0,0.0,71,1.5,15,29,0,0,더움,좋음
2025-08-14 10:00,2025-08-14,10,8,여름,30.9,25.6,0.0,0.0,73,7.8,23,46,0,0,매우더움,보통
2025-08-14 11:00,2025-08-14,11,8,여름,36.8,36.2,0.0,0.0,76,1.3,35,71,0,0,매우더움,보통
2025-08-14 12:00,2025-08-14,12,8,여름,28.6,24.0,0.0,0.0,75,6.8,47,83,0,0,더움,나쁨
2025-08-14 13:00,2025-08-14,13,8,여름,38.8,33.6,0.0,0.0,85,7.4,14,24,0,0,매우더움,좋음
2025-08-14 14:00,2025-08-14,14,8,여름,31.4,28.3,0.0,0.0,67,4.4,14,29,0,0,매우더움,좋음
2025-08-14 15:00,2025-08-14,15,8,여름,31.1,27.2,0.0,0.0,59,5.0,16,30,0,0,매우더움,보통
2025-08-14 16:00,2025-08-14,16,8,여름,27.6,25.2,0.0,0.0,57,4.8,5,9,0,0,더움,좋음
2025-08-14 17:00,2025-08-14,17,8,여름,27.1,24.2,0.0,0.0,57,3.7,42,89,0,0,더움,나쁨
2025-08-14 18:00,2025-08-14,18,8,여름,27.0,22.3,0.0,0.0,56,6.8,17,27,0,0,더움,보통
2025-08-14 19:00,2025-08-14,19,8,여름,31.6,26.3,0.0,0.0,85,7.4,22,45,0,0,매우더움,보통
2025-08-14 20:00,2025-08-14,20,8,여름,24.1,19.3,0.0,0.0,45,7.9,11,24,0,0,더움,좋음
2025-08-14 21:00,2025-08-14,21,8,여름,19.7,17.5,0.0,0.0,87,3.2,5,10,0,0,따뜻함,좋음
2025-08-14 22:00,2025-08-14,22,8,여름,23.8,21.8,0.0,0.0,69,2.2,23,48,0,0,더움,보통
2025-08-14 23:00,2025-08-14,23,8,여름,18.4,18.3,0.0,0.0,71,0.9,29,55,0,0,따뜻함,보통
2025-08-15 00:00,2025-08-15,0,8,여름,22.4,21.3,0.0,0.0,41,3.0,5,7,0,0,따뜻함,좋음
2025-08-15 01:00,2025-08-15,1,8,여름,18.5,16.7,0.0,0.0,74,3.9,51,94,0,0,따뜻함,나쁨
2025-08-15 02:00,2025-08-15,2,8,여름,25.6,20.6,0.0,0.0,49,6.3,31,46,0,0,더움,보통
2025-08-15 03:00,2025-08-15,3,8,여름,25.9,23.5,0.0,0.0,37,3.1,5,8,0,0,더움,좋음
2025-08-15 04:00,2025-08-15,4,8,여름,27.1,25.8,0.0,0.0,88,2.0,11,23,0,0,더움,좋음
2025-08-15 05:00,2025-08-15,5,8,여름,33.3,29.7,0.0,0.0,67,6.7,11,23,0,0,매우더움,좋음
2025-08-15 06:00,2025-08-15,6,8,여름,29.8,26.0,0.0,0.0,67,5.0,8,14,0,0,더움,좋음
2025-08-15 07:00,2025-08-15,7,8,여름,33.5,31.6,0.0,0.0,60,3.2,8,15,0,0,매우더움,좋음
2025-08-15 08:00,2025-08-15,8,8,여름,31.1,28.6,0.0,0.0,75,1.9,23,34,0,0,매우더움,보통
2025-08-15 09:00,2025-08-15,9,8,여름,29.5,25.1,0.0,0.0,86,6.7,5,9,0,0,더움,좋음
2025-08-15 10:00,2025-08-15,10,8,여름,33.9,30.2,0.0,0.0,85,4.9,20,30,0,0,매우더움,보통
2025-08-15 11:00,2025-08-15,11,8,여름,35.1,31.5,0.0,0.0,80,4.4,5,8,0,0,매우더움,좋음
2025-08-15 12:00,2025-08-15,12,8,여름,31.8,28.8,0.0,0.0,89,4.9,26,46,0,0,매우더움,보통
2025-08-15 13:00,2025-08-15,13,8,여름,29.8,28.0,0.0,0.0,81,2.7,35,74,0,0,더움,보통
2025-08-15 14:00,2025-08-15,14,8,여름,36.5,33.4,0.0,0.0,76,4.8,44,84,0,0,매우더움,나쁨
2025-08-15 15:00,2025-08-15,15,8,여름,32.3,27.9,0.0,0.0,46,6.0,15,28,0,0,매우더움,좋음
2025-08-15 16:00,2025-08-15,16,8,여름,27.9,22.3,0.0,0.0,62,7.5,13,21,0,0,더움,좋음
2025-08-15 17:00,2025-08-15,17,8,여름,24.4,22.4,0.0,0.0,90,2.5,5,10,0,0,더움,좋음
2025-08-15 18:00,2025-08-15,18,8,여름,28.3,24.0,0.0,0.0,74,5.0,39,65,0,0,더움,나쁨
2025-08-15 19:00,2025-08-15,19,8,여름,23.8,21.8,0.0,0.0,41,3.3,11,20,0,0,더움,좋음
2025-08-15 20:00,2025-08-15,20,8,여름,22.8,17.4,0.0,0.0,56,6.6,23,49,0,0,따뜻함,보통
2025-08-15 21:00,2025-08-15,21,8,여름,20.0,19.1,0.0,0.0,73,1.5,15,26,0,0,따뜻함,좋음
2025-08-15 22:00,2025-08-15,22,8,여름,29.5,25.6,0.0,0.0,33,5.4,6,10,0,0,더움,좋음
2025-08-15 23:00,2025-08-15,23,8,여름,20.8,18.8,0.0,0.0,51,2.4,6,10,0,0,따뜻함,좋음
2025-08-16 00:00,2025-08-16,0,8,여름,25.7,20.6,0.0,0.0,31,7.0,20,35,0,0,더움,보통
2025-08-16 01:00,2025-08-16,1,8,여름,22.8,20.7,0.0,0.0,43,2.5,30,65,0,0,따뜻함,보통
2025-08-16 02:00,2025-08-16,2,8,여름,24.6,23.6,0.0,0.0,76,1.2,40,78,0,0,더움,나쁨
2025-08-16 03:00,2025-08-16,3,8,여름,22.5,20.4,0.0,0.0,34,4.2,25,49,0,0,따뜻함,보통
2025-08-16 04:00,2025-08-16,4,8,여름,28.5,24.3,0.0,0.0,57,6.4,41,74,0,0,더움,나쁨
2025-08-16 05:00,2025-08-16,5,8,여름,24.8,22.8,0.0,0.0,73,2.3,10,20,0,0,더움,좋음
2025-08-16 06:00,2025-08-16,6,8,여름,27.8,23.3,0.0,0.0,86,7.3,13,21,0,0,더움,좋음
2025-08-16 07:00,2025-08-16,7,8,여름,25.7,24.2,2.2,0.0,47,2.5,42,81,1,0,더움,나쁨
2025-08-16 08:00,2025-08-16,8,8,여름,33.2,28.3,0.0,0.0,38,6.9,38,80,0,0,매우더움,나쁨
2025-08-16 09:00,2025-08-16,9,8,여름,30.9,28.7,0.0,0.0,78,2.0,37,68,0,0,매우더움,나쁨
2025-08-16 10:00,2025-08-16,10,8,여름,31.7,27.5,0.0,0.0,66,6.1,16,30,0,0,매우더움,보통
2025-08-16 11:00,2025-08-16,11,8,여름,37.2,33.2,0.0,0.0,68,5.9,15,25,0,0,매우더움,좋음
2025-08-16 12:00,2025-08-16,12,8,여름,29.3,28.1,0.0,0.0,63,2.2,36,68,0,0,더움,나쁨
2025-08-16 13:00,2025-08-16,13,8,여름,30.2,28.3,0.0,0.0,36,3.0,12,24,0,0,매우더움,좋음
2025-08-16 14:00,2025-08-16,14,8,여름,32.9,27.9,0.0,0.0,87,7.3,5,9,0,0,매우더움,좋음
2025-08-16 15:00,2025-08-16,15,8,여름,34.9,30.7,0.0,0.0,48,4.1,19,34,0,0,매우더움,보통
2025-08-16 16:00,2025-08-16,16,8,여름,30.0,30.3,0.0,0.0,62,0.7,13,26,0,0,매우더움,좋음
2025-08-16 17:00,2025-08-16,17,8,여름,30.0,28.0,0.0,0.0,78,2.9,46,100,0,0,매우더움,나쁨
2025-08-16 18:00,2025-08-16,18,8,여름,28.4,28.0,0.0,0.0,90,1.9,5,9,0,0,더움,좋음
2025-08-16 19:00,2025-08-16,19,8,여름,25.9,23.9,0.0,0.0,84,4.1,5,8,0,0,더움,좋음
2025-08-16 20:00,2025-08-16,20,8,여름,19.5,14.5,0.0,0.0,56,7.2,21,43,0,0,따뜻함,보통
2025-08-16 21:00,2025-08-16,21,8,여름,30.2,26.1,0.0,0.0,60,5.6,20,34,0,0,매우더움,보통
2025-08-16 22:00,2025-08-16,22,8,여름,24.6,21.6,0.0,0.0,58,2.9,22,41,0,0,더움,보통
2025-08-16 23:00,2025-08-16,23,8,여름,18.1,16.8,0.0,0.0,43,2.5,5,7,0,0,따뜻함,좋음
2025-08-17 00:00,2025-08-17,0,8,여름,21.9,19.3,0.0,0.0,36,4.5,8,16,0,0,따뜻함,좋음
2025-08-17 01:00,2025-08-17,1,8,여름,27.1,27.0,0.0,0.0,37,0.7,33,56,0,0,더움,보통
2025-08-17 02:00,2025-08-17,2,8,여름,19.9,19.6,0.0,0.0,43,0.6,31,54,0,0,따뜻함,보통
2025-08-17 03:00,2025-08-17,3,8,여름,31.1,30.5,0.0,0.0,30,0.8,39,67,0,0,매우더움,나쁨
2025-08-17 04:00,2025-08-17,4,8,여름,22.5,18.8,0.0,0.0,61,5.4,16,26,0,0,따뜻함,보통
2025-08-17 05:00,2025-08-17,5,8,여름,27.2,26.1,0.0,0.0,50,1.9,36,68,0,0,더움,나쁨
2025-08-17 06:00,2025-08-17,6,8,여름,24.9,20.1,0.0,0.0,39,6.0,9,14,0,0,더움,좋음
2025-08-17 07:00,2025-08-17,7,8,여름,29.9,28.9,0.0,0.0,55,1.0,29,62,0,0,더움,보통
2025-08-17 08:00,2025-08-17,8,8,여름,29.3,26.9,0.0,0.0,33,3.8,20,32,0,0,더움,보통
2025-08-17 09:00,2025-08-17,9,8,여름,30.6,30.3,0.0,0.0,48,0.7,48,84,0,0,매우더움,나쁨
2025-08-17 10:00,2025-08-17,10,8,여름,32.5,30.5,0.0,0.0,66,3.1,13,26,0,0,매우더움,좋음
2025-08-17 11:00,2025-08-17,11,8,여름,31.9,31.0,0.0,0.0,53,0.9,14,22,0,0,매우더움,좋음
2025-08-17 12:00,2025-08-17,12,8,여름,27.3,25.6,0.0,0.0,84,2.5,5,8,0,0,더움,좋음
2025-08-17 13:00,2025-08-17,13,8,여름,35.0,31.6,0.0,0.0,69,5.2,5,8,0,0,매우더움,좋음
2025-08-17 14:00,2025-08-17,14,8,여름,32.5,28.6,0.0,0.0,87,6.3,15,28,0,0,매우더움,좋음
2025-08-17 15:00,2025-08-17,15,8,여름,32.1,30.3,0.0,0.0,43,2.6,15,30,0,0,매우더움,좋음
2025-08-17 16:00,2025-08-17,16,8,여름,27.7,23.4,0.0,0.0,78,6.2,5,10,0,0,더움,좋음
2025-08-17 17:00,2025-08-17,17,8,여름,30.3,26.0,0.0,0.0,87,5.9,7,13,0,0,매우더움,좋음
2025-08-17 18:00,2025-08-17,18,8,여름,27.8,25.3,1.6,0.0,73,3.2,9,16,1,0,더움,좋음
2025-08-17 19:00,2025-08-17,19,8,여름,23.9,23.4,0.0,0.0,36,1.0,5,10,0,0,더움,좋음
2025-08-17 20:00,2025-08-17,20,8,여름,23.9,22.3,0.0,0.0,84,2.7,5,10,0,0,더움,좋음
2025-08-17 21:00,2025-08-17,21,8,여름,24.2,22.6,0.0,0.0,68,2.1,5,9,0,0,더움,좋음
2025-08-17 22:00,2025-08-17,22,8,여름,24.2,23.0,0.0,0.0,70,1.7,7,13,0,0,더움,좋음
2025-08-17 23:00,2025-08-17,23,8,여름,22.8,19.2,0.0,0.0,42,4.5,5,10,0,0,따뜻함,좋음
2025-08-18 00:00,2025-08-18,0,8,여름,21.8,16.3,0.0,0.0,37,7.9,39,79,0,0,따뜻함,나쁨
2025-08-18 01:00,2025-08-18,1,8,여름,23.1,21.6,0.0,0.0,76,0.6,17,31,0,0,더움,보통
2025-08-18 02:00,2025-08-18,2,8,여름,21.0,15.3,0.0,0.0,41,6.5,37,59,0,0,따뜻함,나쁨
2025-08-18 03:00,2025-08-18,3,8,여름,24.3,22.5,0.0,0.0,38,2.0,15,30,0,0,더움,좋음
2025-08-18 04:00,2025-08-18,4,8,여름,20.1,19.4,0.0,0.0,57,1.2,5,9,0,0,따뜻함,좋음
2025-08-18 05:00,2025-08-18,5,8,여름,27.9,26.8,0.0,0.0,46,3.1,24,50,0,0,더움,보통
2025-08-18 06:00,2025-08-18,6,8,여름,26.2,23.6,0.0,0.0,69,5.0,39,75,0,0,더움,나쁨
2025-08-18 07:00,2025-08-18,7,8,여름,29.2,28.2,0.0,0.0,86,1.0,40,81,0,0,더움,나쁨
2025-08-18 08:00,2025-08-18,8,8,여름,32.9,30.3,0.0,0.0,66,3.3,49,101,0,0,매우더움,나쁨
2025-08-18 09:00,2025-08-18,9,8,여름,31.4,27.0,0.0,0.0,36,6.3,12,18,0,0,매우더움,좋음
2025-08-18 10:00,2025-08-18,10,8,여름,28.3,24.3,0.0,0.0,90,5.2,18,34,0,0,더움,보통
2025-08-18 11:00,2025-08-18,11,8,여름,27.9,25.6,0.0,0.0,60,3.3,29,61,0,0,더움,보통
2025-08-18 12:00,2025-08-18,12,8,여름,34.6,29.8,0.0,0.0,85,6.3,8,13,0,0,매우더움,좋음
2025-08-18 13:00,2025-08-18,13,8,여름,35.8,31.8,0.0,0.0,41,5.2,5,9,0,0,매우더움,좋음
2025-08-18 14:00,2025-08-18,14,8,여름,28.7,26.3,0.0,0.0,51,4.2,25,37,0,0,더움,보통
2025-08-18 15:00,2025-08-18,15,8,여름,31.5,30.7,0.0,0.0,77,1.6,19,38,0,0,매우더움,보통
2025-08-18 16:00,2025-08-18,16,8,여름,27.0,23.8,0.0,0.0,30,4.6,5,10,0,0,더움,좋음
2025-08-18 17:00,2025-08-18,17,8,여름,33.1,29.2,0.0,0.0,56,6.5,28,50,0,0,매우더움,보통
2025-08-18 18:00,2025-08-18,18,8,여름,32.2,27.0,0.0,0.0,89,6.8,31,48,0,0,매우더움,보통
2025-08-18 19:00,2025-08-18,19,8,여름,21.7,15.5,0.0,0.0,46,7.5,37,55,0,0,따뜻함,나쁨
2025-08-18 20:00,2025-08-18,20,8,여름,29.8,28.0,0.0,0.0,58,2.7,33,58,0,0,더움,보통
2025-08-18 21:00,2025-08-18,21,8,여름,28.6,26.7,0.0,0.0,58,3.7,21,35,0,0,더움,보통
2025-08-18 22:00,2025-08-18,22,8,여름,21.2,16.4,0.0,0.0,66,7.4,20,36,0,0,따뜻함,보통
2025-08-18 23:00,2025-08-18,23,8,여름,21.1,18.8,0.0,0.0,88,3.8,13,21,0,0,따뜻함,좋음
2025-08-19 00:00,2025-08-19,0,8,여름,20.5,18.3,1.1,0.0,69,3.0,26,42,1,0,따뜻함,보통
2025-08-19 01:00,2025-08-19,1,8,여름,20.6,20.3,0.0,0.0,78,0.7,23,38,0,0,따뜻함,보통
2025-08-19 02:00,2025-08-19,2,8,여름,24.4,22.6,0.0,0.0,46,3.4,26,46,0,0,더움,보통
2025-08-19 03:00,2025-08-19,3,8,여름,28.2,25.1,0.0,0.0,51,4.3,14,30,0,0,더움,좋음
2025-08-19 04:00,2025-08-19,4,8,여름,27.9,23.7,0.0,0.0,40,6.8,12,18,0,0,더움,좋음
2025-08-19 05:00,2025-08-19,5,8,여름,23.2,20.6,0.0,0.0,37,3.9,5,10,0,0,더움,좋음
2025-08-19 06:00,2025-08-19,6,8,여름,26.4,23.1,0.0,0.0,54,3.6,29,45,0,0,더움,보통
2025-08-19 07:00,2025-08-19,7,8,여름,27.9,25.4,0.0,0.0,49,3.5,5,8,0,0,더움,좋음
2025-08-19 08:00,2025-08-19,8,8,여름,29.5,28.1,0.1,0.0,71,2.9,14,24,1,0,더움,좋음
2025-08-19 09:00,2025-08-19,9,8,여름,37.2,36.6,0.0,0.0,90,1.7,22,36,0,0,매우더움,보통
2025-08-19 10:00,2025-08-19,10,8,여름,33.4,31.8,0.0,0.0,72,2.2,11,21,0,0,매우더움,좋음
2025-08-19 11:00,2025-08-19,11,8,여름,34.3,34.1,0.0,0.0,30,0.8,26,47,0,0,매우더움,보통
2025-08-19 12:00,2025-08-19,12,8,여름,30.9,26.4,0.0,0.0,52,6.4,10,16,0,0,매우더움,좋음
2025-08-19 13:00,2025-08-19,13,8,여름,36.5,35.5,0.0,0.0,80,2.8,25,45,0,0,매우더움,보통
2025-08-19 14:00,2025-08-19,14,8,여름,31.6,27.6,0.0,0.0,39,4.5,13,27,0,0,매우더움,좋음
2025-08-19 15:00,2025-08-19,15,8,여름,26.1,23.4,0.0,0.0,63,3.0,5,9,0,0,더움,좋음
2025-08-19 16:00,2025-08-19,16,8,여름,34.8,30.4,0.0,0.0,51,6.5,22,42,0,0,매우더움,보통
2025-08-19 17:00,2025-08-19,17,8,여름,30.8,25.8,0.0,0.0,35,7.9,5,8,0,0,매우더움,좋음
2025-08-19 18:00,2025-08-19,18,8,여름,28.3,24.8,0.0,0.0,42,7.2,32,59,0,0,더움,보통
2025-08-19 19:00,2025-08-19,19,8,여름,28.2,27.6,0.0,0.0,37,0.7,26,47,0,0,더움,보통
2025-08-19 20:00,2025-08-19,20,8,여름,29.1,26.6,0.0,0.0,64,4.9,19,33,0,0,더움,보통
2025-08-19 21:00,2025-08-19,21,8,여름,19.1,15.0,0.0,0.0,64,6.7,49,85,0,0,따뜻함,나쁨
2025-08-19 22:00,2025-08-19,22,8,여름,26.8,25.0,0.0,0.0,42,2.2,17,30,0,0,더움,보통
2025-08-19 23:00,2025-08-19,23,8,여름,28.1,23.0,0.0,0.0,53,7.2,25,40,0,0,더움,보통
2025-08-20 00:00,2025-08-20,0,8,여름,23.6,22.5,0.0,0.0,86,0.9,5,8,0,0,더움,좋음
2025-08-20 01:00,2025-08-20,1,8,여름,22.9,16.5,0.0,0.0,42,7.6,5,9,0,0,따뜻함,좋음
2025-08-20 02:00,2025-08-20,2,8,여름,21.5,17.4,0.0,0.0,82,7.9,40,61,0,0,따뜻함,나쁨
2025-08-20 03:00,2025-08-20,3,8,여름,22.1,19.0,0.0,0.0,69,4.8,9,17,0,0,따뜻함,좋음
2025-08-20 04:00,2025-08-20,4,8,여름,24.5,23.8,0.0,0.0,68,0.9,36,78,0,0,더움,나쁨
2025-08-20 05:00,2025-08-20,5,8,여름,23.8,23.1,0.0,0.0,79,1.1,15,23,0,0,더움,좋음
2025-08-20 06:00,2025-08-20,6,8,여름,31.7,29.5,0.0,0.0,59,4.5,30,64,0,0,매우더움,보통
2025-08-20 07:00,2025-08-20,7,8,여름,26.2,22.0,0.0,0.0,72,5.1,49,85,0,0,더움,나쁨
2025-08-20 08:00,2025-08-20,8,8,여름,24.3,19.7,0.0,0.0,52,6.4,5,9,0,0,더움,좋음
2025-08-20 09:00,2025-08-20,9,8,여름,34.6,30.4,0.0,0.0,31,6.8,36,75,0,0,매우더움,나쁨
2025-08-20 10:00,2025-08-20,10,8,여름,33.9,29.3,1.7,0.0,33,6.2,44,88,1,0,매우더움,나쁨
2025-08-20 11:00,2025-08-20,11,8,여름,31.2,26.2,0.0,0.0,42,7.9,40,86,0,0,매우더움,나쁨
2025-08-20 12:00,2025-08-20,12,8,여름,28.6,24.2,0.0,0.0,36,6.4,38,75,0,0,더움,나쁨
2025-08-20 13:00,2025-08-20,13,8,여름,34.4,32.5,0.0,0.0,30,2.5,33,69,0,0,매우더움,보통
2025-08-20 14:00,2025-08-20,14,8,여름,33.6,31.5,0.0,0.0,78,2.1,11,20,0,0,매우더움,좋음
2025-08-20 15:00,2025-08-20,15,8,여름,32.5,26.1,0.0,0.0,37,7.8,19,30,0,0,매우더움,보통
2025-08-20 16:00,2025-08-20,16,8,여름,34.9,31.5,0.0,0.0,72,4.6,17,32,0,0,매우더움,보통
2025-08-20 17:00,2025-08-20,17,8,여름,33.8,32.6,0.0,0.0,88,3.3,19,41,0,0,매우더움,보통
2025-08-20 18:00,2025-08-20,18,8,여름,27.8,26.1,0.0,0.0,64,2.0,34,52,0,0,더움,보통
2025-08-20 19:00,2025-08-20,19,8,여름,22.0,19.9,0.8,0.0,83,5.2,14,21,1,0,따뜻함,좋음
2025-08-20 20:00,2025-08-20,20,8,여름,26.2,22.9,0.0,0.0,38,5.2,5,10,0,0,더움,좋음
2025-08-20 21:00,2025-08-20,21,8,여름,26.1,24.7,0.0,0.0,38,2.6,25,42,0,0,더움,보통
2025-08-20 22:00,2025-08-20,22,8,여름,25.4,24.5,0.0,0.0,66,1.3,11,18,0,0,더움,좋음
2025-08-20 23:00,2025-08-20,23,8,여름,21.8,16.7,0.0,0.0,85,7.1,32,52,0,0,따뜻함,보통
2025-08-21 00:00,2025-08-21,0,8,여름,18.9,15.6,0.0,0.0,45,4.1,20,31,0,0,따뜻함,보통
2025-08-21 01:00,2025-08-21,1,8,여름,21.1,17.1,0.0,0.0,62,4.6,5,8,0,0,따뜻함,좋음
2025-08-21 02:00,2025-08-21,2,8,여름,18.8,17.7,0.0,0.0,39,2.1,10,20,0,0,따뜻함,좋음
2025-08-21 03:00,2025-08-21,3,8,여름,25.1,19.6,0.0,0.0,69,7.6,18,34,0,0,더움,보통
2025-08-21 04:00,2025-08-21,4,8,여름,22.4,20.4,0.0,0.0,65,2.4,5,10,0,0,따뜻함,좋음
2025-08-21 05:00,2025-08-21,5,8,여름,22.5,19.3,0.0,0.0,81,4.0,20,35,0,0,따뜻함,보통
2025-08-21 06:00,2025-08-21,6,8,여름,27.2,24.9,0.0,0.0,78,3.7,5,9,0,0,더움,좋음
2025-08-21 07:00,2025-08-21,7,8,여름,33.7,31.7,0.0,0.0,54,1.8,13,21,0,0,매우더움,좋음
2025-08-21 08:00,2025-08-21,8,8,여름,31.9,27.5,0.0,0.0,59,5.1,5,8,0,0,매우더움,좋음
2025-08-21 09:00,2025-08-21,9,8,여름,37.1,34.1,0.0,0.0,38,4.8,9,15,0,0,매우더움,좋음
2025-08-21 10:00,2025-08-21,10,8,여름,31.6,29.9,0.0,0.0,71,1.4,5,10,0,0,매우더움,좋음
2025-08-21 11:00,2025-08-21,11,8,여름,28.6,28.4,0.0,0.0,69,1.1,21,45,0,0,더움,보통
2025-08-21 12:00,2025-08-21,12,8,여름,33.7,30.8,0.0,0.0,58,4.4,16,24,0,0,매우더움,보통
2025-08-21 13:00,2025-08-21,13,8,여름,33.7,30.4,1.6,0.0,76,3.6,33,68,1,0,매우더움,보통
2025-08-21 14:00,2025-08-21,14,8,여름,31.8,29.2,0.0,0.0,57,3.7,22,39,0,0,매우더움,보통
2025-08-21 15:00,2025-08-21,15,8,여름,35.9,32.5,0.0,0.0,72,5.4,9,15,0,0,매우더움,좋음
2025-08-21 16:00,2025-08-21,16,8,여름,30.0,27.4,0.0,0.0,64,3.5,24,42,0,0,매우더움,보통
2025-08-21 17:00,2025-08-21,17,8,여름,34.6,31.3,0.0,0.0,72,4.8,41,63,0,0,매우더움,나쁨
2025-08-21 18:00,2025-08-21,18,8,여름,33.0,30.3,0.0,0.0,76,4.4,38,65,0,0,매우더움,나쁨
2025-08-21 19:00,2025-08-21,19,8,여름,25.7,20.8,0.0,0.0,69,7.1,5,8,0,0,더움,좋음
2025-08-21 20:00,2025-08-21,20,8,여름,27.4,23.8,0.0,0.0,90,5.5,10,16,0,0,더움,좋음
2025-08-21 21:00,2025-08-21,21,8,여름,23.7,20.4,0.0,0.0,49,4.9,64,137,0,0,더움,나쁨
2025-08-21 22:00,2025-08-21,22,8,여름,28.2,24.5,0.0,0.0,64,4.6,5,9,0,0,더움,좋음
2025-08-21 23:00,2025-08-21,23,8,여름,21.4,19.5,0.0,0.0,58,3.5,22,35,0,0,따뜻함,보통
2025-08-22 00:00,2025-08-22,0,8,여름,18.6,15.6,0.0,0.0,30,4.7,18,28,0,0,따뜻함,보통
2025-08-22 01:00,2025-08-22,1,8,여름,20.2,15.1,0.0,0.0,56,6.7,9,14,0,0,따뜻함,좋음
2025-08-22 02:00,2025-08-22,2,8,여름,23.0,20.6,0.0,0.0,39,3.9,43,88,0,0,더움,나쁨
2025-08-22 03:00,2025-08-22,3,8,여름,20.2,18.2,0.1,0.0,32,3.1,19,29,1,0,따뜻함,보통
2025-08-22 04:00,2025-08-22,4,8,여름,21.9,21.1,0.0,0.0,30,0.6,5,9,0,0,따뜻함,좋음
2025-08-22 05:00,2025-08-22,5,8,여름,25.0,23.3,0.0,0.0,85,2.9,18,30,0,0,더움,보통
2025-08-22 06:00,2025-08-22,6,8,여름,25.0,21.7,0.0,0.0,75,4.2,19,29,0,0,더움,보통
2025-08-22 07:00,2025-08-22,7,8,여름,32.1,29.4,0.0,0.0,70,2.4,38,73,0,0,매우더움,나쁨
2025-08-22 08:00,2025-08-22,8,8,여름,26.6,23.6,0.0,0.0,72,5.3,32,67,0,0,더움,보통
2025-08-22 09:00,2025-08-22,9,8,여름,31.0,26.7,0.0,0.0,35,7.0,26,42,0,0,매우더움,보통
2025-08-22 10:00,2025-08-22,10,8,여름,31.5,29.0,0.0,0.0,55,3.0,46,88,0,0,매우더움,나쁨
2025-08-22 11:00,2025-08-22,11,8,여름,35.6,32.7,0.0,0.0,83,3.9,24,43,0,0,매우더움,보통
2025-08-22 12:00,2025-08-22,12,8,여름,32.3,29.2,0.0,0.0,64,3.6,23,50,0,0,매우더움,보통
2025-08-22 13:00,2025-08-22,13,8,여름,36.8,34.9,0.0,0.0,90,2.5,23,47,0,0,매우더움,보통
2025-08-22 14:00,2025-08-22,14,8,여름,30.9,24.6,0.0,0.0,75,8.0,5,10,0,0,매우더움,좋음
2025-08-22 15:00,2025-08-22,15,8,여름,31.6,28.1,0.0,0.0,64,4.7,5,9,0,0,매우더움,좋음
2025-08-22 16:00,2025-08-22,16,8,여름,30.9,28.4,0.0,0.0,84,3.1,24,52,0,0,매우더움,보통
2025-08-22 17:00,2025-08-22,17,8,여름,33.2,28.7,0.0,0.0,74,6.4,15,29,0,0,매우더움,좋음
2025-08-22 18:00,2025-08-22,18,8,여름,24.6,23.4,0.0,0.0,68,1.3,10,20,0,0,더움,좋음
2025-08-22 19:00,2025-08-22,19,8,여름,24.9,21.8,0.0,0.0,71,4.6,22,47,0,0,더움,보통
2025-08-22 20:00,2025-08-22,20,8,여름,19.8,17.4,0.0,0.0,81,3.1,42,71,0,0,따뜻함,나쁨
2025-08-22 21:00,2025-08-22,21,8,여름,26.7,23.9,0.0,0.0,49,5.6,41,83,0,0,더움,나쁨
2025-08-22 22:00,2025-08-22,22,8,여름,27.2,25.4,0.0,0.0,46,2.4,5,9,0,0,더움,좋음
2025-08-22 23:00,2025-08-22,23,8,여름,22.9,22.8,0.0,0.0,82,0.8,30,65,0,0,따뜻함,보통
2025-08-23 00:00,2025-08-23,0,8,여름,22.6,22.2,0.0,0.0,63,1.2,9,17,0,0,따뜻함,좋음
2025-08-23 01:00,2025-08-23,1,8,여름,22.5,22.2,0.0,0.0,50,0.8,30,62,0,0,따뜻함,보통
2025-08-23 02:00,2025-08-23,2,8,여름,24.0,22.6,0.0,0.0,84,2.5,5,10,0,0,더움,좋음
2025-08-23 03:00,2025-08-23,3,8,여름,22.0,17.1,0.0,0.0,63,7.5,19,31,0,0,따뜻함,보통
2025-08-23 04:00,2025-08-23,4,8,여름,30.7,26.0,0.0,0.0,61,6.4,26,46,0,0,매우더움,보통
2025-08-23 05:00,2025-08-23,5,8,여름,26.7,23.7,0.0,0.0,59,3.9,42,82,0,0,더움,나쁨
2025-08-23 06:00,2025-08-23,6,8,여름,29.0,25.4,0.0,0.0,76,5.5,23,38,0,0,더움,보통
2025-08-23 07:00,2025-08-23,7,8,여름,25.4,23.0,0.0,0.0,43,3.5,10,21,0,0,더움,좋음
2025-08-23 08:00,2025-08-23,8,8,여름,31.4,26.9,0.0,0.0,79,5.8,25,54,0,0,매우더움,보통
2025-08-23 09:00,2025-08-23,9,8,여름,27.2,21.9,0.0,0.0,66,6.9,5,7,0,0,더움,좋음
2025-08-23 10:00,2025-08-23,10,8,여름,35.8,31.7,0.0,0.0,77,5.6,10,17,0,0,매우더움,좋음
2025-08-23 11:00,2025-08-23,11,8,여름,28.5,23.5,1.3,0.0,44,7.4,43,69,1,0,더움,나쁨
2025-08-23 12:00,2025-08-23,12,8,여름,33.6,32.3,0.0,0.0,70,1.7,35,73,0,0,매우더움,보통
2025-08-23 13:00,2025-08-23,13,8,여름,32.4,28.2,0.0,0.0,69,6.2,44,90,0,0,매우더움,나쁨
2025-08-23 14:00,2025-08-23,14,8,여름,29.3,27.1,0.0,0.0,76,5.5,45,89,0,0,더움,나쁨
2025-08-23 15:00,2025-08-23,15,8,여름,31.0,26.6,0.0,0.0,75,7.0,48,74,0,0,매우더움,나쁨
2025-08-23 16:00,2025-08-23,16,8,여름,27.2,26.5,0.0,0.0,70,1.0,39,83,0,0,더움,나쁨
2025-08-23 17:00,2025-08-23,17,8,여름,32.3,27.8,2.9,0.0,57,6.8,5,10,1,0,매우더움,좋음
2025-08-23 18:00,2025-08-23,18,8,여름,27.3,26.0,0.0,0.0,67,1.3,16,24,0,0,더움,보통
2025-08-23 19:00,2025-08-23,19,8,여름,26.8,26.8,0.0,0.0,43,0.6,18,33,0,0,더움,보통
2025-08-23 20:00,2025-08-23,20,8,여름,21.1,16.3,0.0,0.0,70,6.3,30,65,0,0,따뜻함,보통
2025-08-23 21:00,2025-08-23,21,8,여름,23.7,20.0,0.0,0.0,39,4.1,23,36,0,0,더움,보통
2025-08-23 22:00,2025-08-23,22,8,여름,25.0,19.8,0.0,0.0,69,6.1,5,7,0,0,더움,좋음
2025-08-23 23:00,2025-08-23,23,8,여름,23.5,18.7,0.0,0.0,81,7.9,30,62,0,0,더움,보통
2025-08-24 00:00,2025-08-24,0,8,여름,27.8,25.0,0.0,0.0,61,4.5,17,31,0,0,더움,보통
2025-08-24 01:00,2025-08-24,1,8,여름,25.1,23.9,1.9,0.0,73,1.7,19,41,1,0,더움,보통
2025-08-24 02:00,2025-08-24,2,8,여름,19.9,20.2,0.0,0.0,60,1.0,31,65,0,0,따뜻함,보통
2025-08-24 03:00,2025-08-24,3,8,여름,28.7,26.7,0.0,0.0,68,1.4,10,17,0,0,더움,좋음
2025-08-24 04:00,2025-08-24,4,8,여름,25.4,23.1,0.0,0.0,76,2.2,35,57,0,0,더움,보통
2025-08-24 05:00,2025-08-24,5,8,여름,27.3,21.6,0.0,0.0,68,7.2,5,10,0,0,더움,좋음
2025-08-24 06:00,2025-08-24,6,8,여름,32.1,29.4,0.0,0.0,47,3.9,25,42,0,0,매우더움,보통
2025-08-24 07:00,2025-08-24,7,8,여름,26.4,24.1,0.0,0.0,63,3.5,27,54,0,0,더움,보통
2025-08-24 08:00,2025-08-24,8,8,여름,31.6,27.8,0.0,0.0,84,7.3,15,25,0,0,매우더움,좋음
2025-08-24 09:00,2025-08-24,9,8,여름,29.9,27.5,0.0,0.0,71,5.2,11,17,0,0,더움,좋음
2025-08-24 10:00,2025-08-24,10,8,여름,32.6,30.0,0.0,0.0,72,3.7,41,77,0,0,매우더움,나쁨
2025-08-24 11:00,2025-08-24,11,8,여름,30.2,29.0,0.0,0.0,35,1.0,42,63,0,0,매우더움,나쁨
2025-08-24 12:00,2025-08-24,12,8,여름,37.4,36.0,0.0,0.0,66,2.2,31,57,0,0,매우더움,보통
2025-08-24 13:00,2025-08-24,13,8,여름,36.2,34.7,0.0,0.0,30,1.5,23,36,0,0,매우더움,보통
2025-08-24 14:00,2025-08-24,14,8,여름,31.6,27.3,0.0,0.0,65,5.7,46,75,0,0,매우더움,나쁨
2025-08-24 15:00,2025-08-24,15,8,여름,30.7,26.9,0.0,0.0,48,6.1,19,34,0,0,매우더움,보통
2025-08-24 16:00,2025-08-24,16,8,여름,32.9,31.1,0.0,0.0,39,2.1,49,104,0,0,매우더움,나쁨
2025-08-24 17:00,2025-08-24,17,8,여름,34.1,30.7,0.0,0.0,75,4.0,47,102,0,0,매우더움,나쁨
2025-08-24 18:00,2025-08-24,18,8,여름,25.7,21.2,0.0,0.0,52,6.0,49,83,0,0,더움,나쁨
2025-08-24 19:00,2025-08-24,19,8,여름,29.2,27.8,0.0,0.0,42,2.1,26,53,0,0,더움,보통
2025-08-24 20:00,2025-08-24,20,8,여름,27.0,24.4,0.0,0.0,55,3.9,5,10,0,0,더움,좋음
2025-08-24 21:00,2025-08-24,21,8,여름,18.7,15.6,0.0,0.0,55,3.3,12,22,0,0,따뜻함,좋음
2025-08-24 22:00,2025-08-24,22,8,여름,19.9,19.3,0.0,0.0,88,0.8,5,10,0,0,따뜻함,좋음
2025-08-24 23:00,2025-08-24,23,8,여름,19.7,17.1,0.0,0.0,73,2.6,29,60,0,0,따뜻함,보통
2025-08-25 00:00,2025-08-25,0,8,여름,24.6,21.4,0.0,0.0,89,4.8,28,57,0,0,더움,보통
2025-08-25 01:00,2025-08-25,1,8,여름,25.4,21.0,0.0,0.0,90,6.3,10,20,0,0,더움,좋음
2025-08-25 02:00,2025-08-25,2,8,여름,24.8,22.2,0.0,0.0,41,3.6,25,47,0,0,더움,보통
2025-08-25 03:00,2025-08-25,3,8,여름,20.4,17.9,0.0,0.0,81,4.7,63,112,0,0,따뜻함,나쁨
2025-08-25 04:00,2025-08-25,4,8,여름,23.9,23.0,0.0,0.0,45,1.5,49,107,0,0,더움,나쁨
2025-08-25 05:00,2025-08-25,5,8,여름,28.4,26.2,0.0,0.0,66,3.4,15,27,0,0,더움,좋음
2025-08-25 06:00,2025-08-25,6,8,여름,28.3,22.1,0.0,0.0,67,7.6,17,33,0,0,더움,보통
2025-08-25 07:00,2025-08-25,7,8,여름,32.3,27.3,0.0,0.0,59,7.5,30,53,0,0,매우더움,보통
2025-08-25 08:00,2025-08-25,8,8,여름,26.5,22.6,0.0,0.0,70,3.7,42,85,0,0,더움,나쁨
2025-08-25 09:00,2025-08-25,9,8,여름,27.5,23.5,0.0,0.0,77,7.2,31,67,0,0,더움,보통
2025-08-25 10:00,2025-08-25,10,8,여름,32.1,28.9,0.0,0.0,53,4.1,5,8,0,0,매우더움,좋음
2025-08-25 11:00,2025-08-25,11,8,여름,30.1,27.6,0.0,0.0,37,3.8,24,47,0,0,매우더움,보통
2025-08-25 12:00,2025-08-25,12,8,여름,31.5,31.7,0.0,0.0,55,0.6,28,46,0,0,매우더움,보통
2025-08-25 13:00,2025-08-25,13,8,여름,31.9,28.2,0.0,0.0,88,5.3,12,18,0,0,매우더움,좋음
2025-08-25 14:00,2025-08-25,14,8,여름,27.5,22.3,0.0,0.0,44,6.8,5,10,0,0,더움,좋음
2025-08-25 15:00,2025-08-25,15,8,여름,34.1,32.1,0.0,0.0,60,3.6,20,31,0,0,매우더움,보통
2025-08-25 16:00,2025-08-25,16,8,여름,32.4,27.7,0.0,0.0,69,6.4,41,76,0,0,매우더움,나쁨
2025-08-25 17:00,2025-08-25,17,8,여름,34.5,33.3,0.0,0.0,40,1.1,7,14,0,0,매우더움,좋음
2025-08-25 18:00,2025-08-25,18,8,여름,30.9,26.4,0.0,0.0,45,7.9,9,15,0,0,매우더움,좋음
2025-08-25 19:00,2025-08-25,19,8,여름,27.0,22.8,0.0,0.0,39,5.6,9,17,0,0,더움,좋음
2025-08-25 20:00,2025-08-25,20,8,여름,22.1,18.1,0.0,0.0,30,5.8,5,10,0,0,따뜻함,좋음
2025-08-25 21:00,2025-08-25,21,8,여름,19.1,14.9,0.0,0.0,68,6.7,15,27,0,0,따뜻함,좋음
2025-08-25 22:00,2025-08-25,22,8,여름,20.4,15.8,0.0,0.0,90,6.7,22,45,0,0,따뜻함,보통
2025-08-25 23:00,2025-08-25,23,8,여름,18.2,15.1,0.0,0.0,78,4.0,27,42,0,0,따뜻함,보통
2025-08-26 00:00,2025-08-26,0,8,여름,27.5,25.0,0.0,0.0,37,1.7,12,21,0,0,더움,좋음
2025-08-26 01:00,2025-08-26,1,8,여름,25.4,24.2,0.0,0.0,73,1.6,9,16,0,0,더움,좋음
2025-08-26 02:00,2025-08-26,2,8,여름,23.6,20.3,0.0,0.0,48,4.8,5,9,0,0,더움,좋음
2025-08-26 03:00,2025-08-26,3,8,여름,24.7,23.7,0.0,0.0,84,1.2,30,55,0,0,더움,보통
2025-08-26 04:00,2025-08-26,4,8,여름,25.8,25.3,0.0,0.0,55,1.2,15,24,0,0,더움,좋음
2025-08-26 05:00,2025-08-26,5,8,여름,23.5,22.9,0.0,0.0,75,1.4,5,9,0,0,더움,좋음
2025-08-26 06:00,2025-08-26,6,8,여름,28.5,27.8,0.8,0.0,85,1.9,35,70,1,0,더움,보통
2025-08-26 07:00,2025-08-26,7,8,여름,33.9,33.5,0.0,0.0,61,1.0,6,10,0,0,매우더움,좋음
2025-08-26 08:00,2025-08-26,8,8,여름,32.3,28.1,0.0,0.0,80,3.5,16,31,0,0,매우더움,보통
2025-08-26 09:00,2025-08-26,9,8,여름,31.8,29.8,0.0,0.0,66,2.5,5,10,0,0,매우더움,좋음
2025-08-26 10:00,2025-08-26,10,8,여름,37.3,36.2,0.0,0.0,65,2.5,6,9,0,0,매우더움,좋음
2025-08-26 11:00,2025-08-26,11,8,여름,28.8,27.3,0.0,0.0,59,1.7,25,50,0,0,더움,보통
2025-08-26 12:00,2025-08-26,12,8,여름,31.7,30.7,0.0,0.0,39,0.8,15,30,0,0,매우더움,좋음
2025-08-26 13:00,2025-08-26,13,8,여름,29.4,26.6,0.0,0.0,46,3.1,18,34,0,0,더움,보통
2025-08-26 14:00,2025-08-26,14,8,여름,33.2,28.6,0.0,0.0,50,6.8,39,68,0,0,매우더움,나쁨
2025-08-26 15:00,2025-08-26,15,8,여름,30.0,25.5,0.0,0.0,81,7.0,5,9,0,0,매우더움,좋음
2025-08-26 16:00,2025-08-26,16,8,여름,35.5,32.7,0.0,0.0,33,3.9,12,25,0,0,매우더움,좋음
2025-08-26 17:00,2025-08-26,17,8,여름,28.2,23.6,0.0,0.0,42,7.7,5,8,0,0,더움,좋음
2025-08-26 18:00,2025-08-26,18,8,여름,26.9,21.0,0.0,0.0,30,8.0,5,9,0,0,더움,좋음
2025-08-26 19:00,2025-08-26,19,8,여름,27.4,25.1,0.0,0.0,50,2.8,5,8,0,0,더움,좋음
2025-08-26 20:00,2025-08-26,20,8,여름,22.5,21.1,0.0,0.0,82,3.1,5,10,0,0,따뜻함,좋음
2025-08-26 21:00,2025-08-26,21,8,여름,19.5,17.7,3.1,0.0,74,1.6,26,42,1,0,따뜻함,보통
2025-08-26 22:00,2025-08-26,22,8,여름,25.9,24.5,0.0,0.0,47,2.6,20,38,0,0,더움,보통
2025-08-26 23:00,2025-08-26,23,8,여름,22.6,17.2,0.0,0.0,69,7.4,16,33,0,0,따뜻함,보통
2025-08-27 00:00,2025-08-27,0,8,여름,21.0,15.9,0.0,0.0,55,7.1,31,60,0,0,따뜻함,보통
2025-08-27 01:00,2025-08-27,1,8,여름,20.7,16.5,0.0,0.0,38,5.4,5,8,0,0,따뜻함,좋음
2025-08-27 02:00,2025-08-27,2,8,여름,19.6,16.3,0.0,0.0,46,4.0,33,62,0,0,따뜻함,보통
2025-08-27 03:00,2025-08-27,3,8,여름,26.0,24.2,0.0,0.0,67,3.0,5,10,0,0,더움,좋음
2025-08-27 04:00,2025-08-27,4,8,여름,29.4,28.7,0.0,0.0,52,1.2,5,9,0,0,더움,좋음
2025-08-27 05:00,2025-08-27,5,8,여름,21.5,18.8,0.0,0.0,30,3.6,17,33,0,0,따뜻함,보통
2025-08-27 06:00,2025-08-27,6,8,여름,27.3,24.0,0.7,0.0,62,5.6,11,21,1,0,더움,좋음
2025-08-27 07:00,2025-08-27,7,8,여름,34.1,29.6,0.0,0.0,49,5.5,49,105,0,0,매우더움,나쁨
2025-08-27 08:00,2025-08-27,8,8,여름,31.0,25.0,0.0,0.0,76,7.9,51,98,0,0,매우더움,나쁨
2025-08-27 09:00,2025-08-27,9,8,여름,29.8,26.4,0.0,0.0,35,5.1,20,38,0,0,더움,보통
2025-08-27 10:00,2025-08-27,10,8,여름,33.0,26.6,0.0,0.0,64,7.8,12,25,0,0,매우더움,좋음
2025-08-27 11:00,2025-08-27,11,8,여름,33.7,28.7,0.0,0.0,61,6.5,36,75,0,0,매우더움,나쁨
2025-08-27 12:00,2025-08-27,12,8,여름,30.7,26.6,0.0,0.0,83,3.7,15,23,0,0,매우더움,좋음
2025-08-27 13:00,2025-08-27,13,8,여름,36.8,35.5,0.0,0.0,39,2.9,5,8,0,0,매우더움,좋음
2025-08-27 14:00,2025-08-27,14,8,여름,36.3,32.9,0.0,0.0,68,5.5,22,39,0,0,매우더움,보통
2025-08-27 15:00,2025-08-27,15,8,여름,29.8,29.2,0.0,0.0,79,1.1,13,20,0,0,더움,좋음
2025-08-27 16:00,2025-08-27,16,8,여름,26.3,22.6,0.0,0.0,64,5.3,26,52,0,0,더움,보통
2025-08-27 17:00,2025-08-27,17,8,여름,31.0,29.9,0.0,0.0,38,0.6,30,48,0,0,매우더움,보통
2025-08-27 18:00,2025-08-27,18,8,여름,23.5,19.8,0.0,0.0,40,5.3,35,58,0,0,더움,보통
2025-08-27 19:00,2025-08-27,19,8,여름,27.4,24.6,0.0,0.0,36,4.4,5,10,0,0,더움,좋음
2025-08-27 20:00,2025-08-27,20,8,여름,26.2,24.8,0.0,0.0,58,3.1,29,53,0,0,더움,보통
2025-08-27 21:00,2025-08-27,21,8,여름,21.6,19.1,0.0,0.0,63,3.4,9,15,0,0,따뜻함,좋음
2025-08-27 22:00,2025-08-27,22,8,여름,19.5,18.3,0.0,0.0,47,1.4,36,60,0,0,따뜻함,나쁨
2025-08-27 23:00,2025-08-27,23,8,여름,20.2,17.5,0.0,0.0,67,5.2,27,47,0,0,따뜻함,보통
2025-08-28 00:00,2025-08-28,0,8,여름,24.3,20.6,0.0,0.0,78,4.2,7,11,0,0,더움,좋음
2025-08-28 01:00,2025-08-28,1,8,여름,19.9,19.5,0.0,0.0,36,1.8,7,11,0,0,따뜻함,좋음
2025-08-28 02:00,2025-08-28,2,8,여름,25.0,20.2,0.0,0.0,75,7.1,9,16,0,0,더움,좋음
2025-08-28 03:00,2025-08-28,3,8,여름,28.0,23.7,0.0,0.0,41,5.7,8,14,0,0,더움,좋음
2025-08-28 04:00,2025-08-28,4,8,여름,24.1,22.4,0.0,0.0,59,2.2,34,68,0,0,더움,보통
2025-08-28 05:00,2025-08-28,5,8,여름,23.1,17.6,0.0,0.0,75,7.7,5,8,0,0,더움,좋음
2025-08-28 06:00,2025-08-28,6,8,여름,23.4,21.9,0.0,0.0,40,2.1,30,61,0,0,더움,보통
2025-08-28 07:00,2025-08-28,7,8,여름,32.5,31.3,0.0,0.0,34,0.8,16,30,0,0,매우더움,보통
2025-08-28 08:00,2025-08-28,8,8,여름,33.8,31.6,0.0,0.0,86,3.0,16,31,0,0,매우더움,보통
2025-08-28 09:00,2025-08-28,9,8,여름,37.0,34.9,0.0,0.0,77,2.5,8,15,0,0,매우더움,좋음
2025-08-28 10:00,2025-08-28,10,8,여름,32.9,28.4,1.5,0.0,62,7.7,5,10,1,0,매우더움,좋음
2025-08-28 11:00,2025-08-28,11,8,여름,35.0,34.2,0.0,0.0,33,0.8,41,62,0,0,매우더움,나쁨
2025-08-28 12:00,2025-08-28,12,8,여름,37.4,35.6,2.7,0.0,42,3.3,5,9,1,0,매우더움,좋음
2025-08-28 13:00,2025-08-28,13,8,여름,33.8,33.0,0.0,0.0,68,1.4,6,12,0,0,매우더움,좋음
2025-08-28 14:00,2025-08-28,14,8,여름,32.4,29.1,0.0,0.0,87,4.7,24,42,0,0,매우더움,보통
2025-08-28 15:00,2025-08-28,15,8,여름,34.6,33.9,0.0,0.0,38,1.8,21,39,0,0,매우더움,보통
2025-08-28 16:00,2025-08-28,16,8,여름,32.6,31.1,6.4,0.0,83,0.6,35,74,1,0,매우더움,보통
2025-08-28 17:00,2025-08-28,17,8,여름,31.4,27.0,0.0,0.0,31,6.4,17,34,0,0,매우더움,보통
2025-08-28 18:00,2025-08-28,18,8,여름,26.3,22.1,0.0,0.0,68,6.7,7,15,0,0,더움,좋음
2025-08-28 19:00,2025-08-28,19,8,여름,27.1,25.1,0.0,0.0,55,3.2,13,25,0,0,더움,좋음
2025-08-28 20:00,2025-08-28,20,8,여름,23.4,22.7,1.3,0.0,42,0.6,5,8,1,0,더움,좋음
2025-08-28 21:00,2025-08-28,21,8,여름,24.3,19.2,0.0,0.0,64,7.2,5,8,0,0,더움,좋음
2025-08-28 22:00,2025-08-28,22,8,여름,27.8,27.5,0.0,0.0,52,1.9,29,46,0,0,더움,보통
2025-08-28 23:00,2025-08-28,23,8,여름,23.5,17.7,0.0,0.0,63,7.6,44,66,0,0,더움,나쁨
2025-08-29 00:00,2025-08-29,0,8,여름,24.0,23.9,0.0,0.0,53,0.6,24,46,0,0,더움,보통
2025-08-29 01:00,2025-08-29,1,8,여름,23.5,19.3,0.0,0.0,70,5.7,34,73,0,0,더움,보통
2025-08-29 02:00,2025-08-29,2,8,여름,21.9,20.8,0.0,0.0,42,1.4,5,9,0,0,따뜻함,좋음
2025-08-29 03:00,2025-08-29,3,8,여름,23.2,22.3,0.0,0.0,48,1.4,22,43,0,0,더움,보통
2025-08-29 04:00,2025-08-29,4,8,여름,23.4,19.5,0.0,0.0,47,4.5,66,115,0,0,더움,나쁨
2025-08-29 05:00,2025-08-29,5,8,여름,28.0,24.7,0.0,0.0,70,4.7,5,8,0,0,더움,좋음
2025-08-29 06:00,2025-08-29,6,8,여름,31.3,28.2,0.0,0.0,62,3.6,32,57,0,0,매우더움,보통
2025-08-29 07:00,2025-08-29,7,8,여름,29.6,23.8,0.0,0.0,36,7.6,7,14,0,0,더움,좋음
2025-08-29 08:00,2025-08-29,8,8,여름,27.2,25.5,0.0,0.0,35,1.8,17,35,0,0,더움,보통
2025-08-29 09:00,2025-08-29,9,8,여름,36.0,34.4,0.0,0.0,79,3.2,5,9,0,0,매우더움,좋음
2025-08-29 10:00,2025-08-29,10,8,여름,31.1,27.1,0.0,0.0,73,6.4,17,33,0,0,매우더움,보통
2025-08-29 11:00,2025-08-29,11,8,여름,33.2,30.7,0.0,0.0,30,2.4,5,7,0,0,매우더움,좋음
2025-08-29 12:00,2025-08-29,12,8,여름,37.3,35.7,0.0,0.0,71,1.7,24,39,0,0,매우더움,보통
2025-08-29 13:00,2025-08-29,13,8,여름,32.2,29.4,0.0,0.0,40,3.8,5,9,0,0,매우더움,좋음
2025-08-29 14:00,2025-08-29,14,8,여름,34.3,30.3,0.0,0.0,54,5.2,10,16,0,0,매우더움,좋음
2025-08-29 15:00,2025-08-29,15,8,여름,26.3,21.8,0.0,0.0,65,6.1,55,113,0,0,더움,나쁨
2025-08-29 16:00,2025-08-29,16,8,여름,27.9,24.9,0.0,0.0,65,4.8,24,42,0,0,더움,보통
2025-08-29 17:00,2025-08-29,17,8,여름,30.9,28.3,0.0,0.0,49,3.4,20,37,0,0,매우더움,보통
2025-08-29 18:00,2025-08-29,18,8,여름,25.0,21.2,0.0,0.0,61,4.6,8,13,0,0,더움,좋음
2025-08-29 19:00,2025-08-29,19,8,여름,23.8,20.5,2.6,0.0,35,4.7,24,49,1,0,더움,보통
2025-08-29 20:00,2025-08-29,20,8,여름,26.3,25.7,0.0,0.0,85,1.4,11,23,0,0,더움,좋음
2025-08-29 21:00,2025-08-29,21,8,여름,23.2,20.9,0.0,0.0,61,2.9,49,91,0,0,더움,나쁨
2025-08-29 22:00,2025-08-29,22,8,여름,23.5,17.9,0.0,0.0,87,7.6,34,73,0,0,더움,보통
2025-08-29 23:00,2025-08-29,23,8,여름,25.2,22.4,0.0,0.0,62,3.8,48,83,0,0,더움,나쁨
2025-08-30 00:00,2025-08-30,0,8,여름,27.3,24.0,0.0,0.0,55,4.9,19,41,0,0,더움,보통
2025-08-30 01:00,2025-08-30,1,8,여름,25.9,24.5,0.0,0.0,66,2.5,14,27,0,0,더움,좋음
2025-08-30 02:00,2025-08-30,2,8,여름,25.0,21.5,0.0,0.0,76,5.7,30,57,0,0,더움,보통
2025-08-30 03:00,2025-08-30,3,8,여름,27.9,22.9,0.0,0.0,53,6.6,5,7,0,0,더움,좋음
2025-08-30 04:00,2025-08-30,4,8,여름,22.8,19.2,0.0,0.0,41,4.5,5,9,0,0,따뜻함,좋음
2025-08-30 05:00,2025-08-30,5,8,여름,25.3,22.7,0.0,0.0,71,4.7,18,30,0,0,더움,보통
2025-08-30 06:00,2025-08-30,6,8,여름,29.3,24.7,0.0,0.0,65,6.9,18,36,0,0,더움,보통
2025-08-30 07:00,2025-08-30,7,8,여름,33.2,29.2,0.8,0.0,49,5.3,9,16,1,0,매우더움,좋음
2025-08-30 08:00,2025-08-30,8,8,여름,32.4,27.3,0.0,0.0,90,7.8,35,72,0,0,매우더움,보통
2025-08-30 09:00,2025-08-30,9,8,여름,30.8,26.5,0.0,0.0,84,5.9,8,17,0,0,매우더움,좋음
2025-08-30 10:00,2025-08-30,10,8,여름,27.9,27.4,0.0,0.0,84,0.9,19,34,0,0,더움,보통
2025-08-30 11:00,2025-08-30,11,8,여름,28.2,24.9,0.0,0.0,71,4.0,18,27,0,0,더움,보통
2025-08-30 12:00,2025-08-30,12,8,여름,34.9,32.4,0.0,0.0,32,3.9,22,43,0,0,매우더움,보통
2025-08-30 13:00,2025-08-30,13,8,여름,38.5,37.0,0.0,0.0,38,2.0,16,34,0,0,매우더움,보통
2025-08-30 14:00,2025-08-30,14,8,여름,36.6,30.6,0.0,0.0,70,7.8,20,36,0,0,매우더움,보통
2025-08-30 15:00,2025-08-30,15,8,여름,27.4,21.6,0.0,0.0,43,7.2,15,31,0,0,더움,좋음
2025-08-30 16:00,2025-08-30,16,8,여름,37.6,33.2,0.0,0.0,39,6.1,55,112,0,0,매우더움,나쁨
2025-08-30 17:00,2025-08-30,17,8,여름,26.1,25.2,0.0,0.0,37,2.0,23,42,0,0,더움,보통
2025-08-30 18:00,2025-08-30,18,8,여름,25.5,23.8,0.0,0.0,42,1.0,29,61,0,0,더움,보통
2025-08-30 19:00,2025-08-30,19,8,여름,29.5,25.4,0.0,0.0,86,5.3,29,53,0,0,더움,보통
2025-08-30 20:00,2025-08-30,20,8,여름,26.7,24.1,0.0,0.0,33,2.5,7,12,0,0,더움,좋음
2025-08-30 21:00,2025-08-30,21,8,여름,28.3,25.2,0.0,0.0,81,5.2,18,34,0,0,더움,보통
2025-08-30 22:00,2025-08-30,22,8,여름,19.5,14.6,0.0,0.0,42,6.6,33,67,0,0,따뜻함,보통
2025-08-30 23:00,2025-08-30,23,8,여름,28.4,24.5,0.0,0.0,71,5.6,15,27,0,0,더움,좋음
2025-08-31 00:00,2025-08-31,0,8,여름,20.8,18.9,0.0,0.0,35,3.0,30,59,0,0,따뜻함,보통
2025-08-31 01:00,2025-08-31,1,8,여름,19.1,15.5,0.0,0.0,65,4.8,42,75,0,0,따뜻함,나쁨
2025-08-31 02:00,2025-08-31,2,8,여름,23.7,20.2,0.0,0.0,71,5.5,16,33,0,0,더움,보통
2025-08-31 03:00,2025-08-31,3,8,여름,29.1,25.7,0.0,0.0,31,6.4,6,12,0,0,더움,좋음
2025-08-31 04:00,2025-08-31,4,8,여름,25.2,24.3,0.0,0.0,65,0.9,12,20,0,0,더움,좋음
2025-08-31 05:00,2025-08-31,5,8,여름,22.7,20.1,0.0,0.0,83,3.6,23,39,0,0,따뜻함,보통
2025-08-31 06:00,2025-08-31,6,8,여름,29.7,28.1,0.0,0.0,54,2.8,5,7,0,0,더움,좋음
2025-08-31 07:00,2025-08-31,7,8,여름,24.9,21.2,0.0,0.0,32,4.1,38,69,0,0,더움,나쁨
2025-08-31 08:00,2025-08-31,8,8,여름,34.4,31.5,0.0,0.0,87,3.6,16,25,0,0,매우더움,보통
2025-08-31 09:00,2025-08-31,9,8,여름,33.9,31.6,0.0,0.0,71,3.3,19,35,0,0,매우더움,보통
2025-08-31 10:00,2025-08-31,10,8,여름,32.4,31.0,0.0,0.0,87,1.9,21,40,0,0,매우더움,보통
2025-08-31 11:00,2025-08-31,11,8,여름,31.3,29.2,0.0,0.0,74,2.6,5,7,0,0,매우더움,좋음
2025-08-31 12:00,2025-08-31,12,8,여름,33.5,30.4,5.8,0.0,53,4.8,5,8,1,0,매우더움,좋음
2025-08-31 13:00,2025-08-31,13,8,여름,30.1,27.6,0.0,0.0,38,4.5,22,42,0,0,매우더움,보통
2025-08-31 14:00,2025-08-31,14,8,여름,30.8,28.0,0.0,0.0,89,4.1,13,23,0,0,매우더움,좋음
2025-08-31 15:00,2025-08-31,15,8,여름,32.4,28.0,0.0,0.0,50,5.5,36,66,0,0,매우더움,나쁨
2025-08-31 16:00,2025-08-31,16,8,여름,30.5,27.3,0.0,0.0,89,3.6,9,15,0,0,매우더움,좋음
2025-08-31 17:00,2025-08-31,17,8,여름,33.0,30.7,0.0,0.0,55,3.2,32,51,0,0,매우더움,보통
2025-08-31 18:00,2025-08-31,18,8,여름,31.9,27.9,0.0,0.0,32,6.4,18,29,0,0,매우더움,보통
2025-08-31 19:00,2025-08-31,19,8,여름,25.3,22.5,0.0,0.0,76,4.1,41,79,0,0,더움,나쁨
2025-08-31 20:00,2025-08-31,20,8,여름,27.9,25.6,0.0,0.0,77,2.9,5,8,0,0,더움,좋음
2025-08-31 21:00,2025-08-31,21,8,여름,29.7,27.8,0.0,0.0,80,2.3,21,32,0,0,더움,보통
2025-08-31 22:00,2025-08-31,22,8,여름,24.8,20.0,0.4,0.0,46,7.6,22,44,1,0,더움,보통
2025-08-31 23:00,2025-08-31,23,8,여름,24.5,22.3,0.0,0.0,67,3.1,5,9,0,0,더움,좋음
2025-09-01 00:00,2025-09-01,0,9,가을,18.0,12.0,0.0,0.0,68,7.0,40,63,0,0,따뜻함,나쁨
2025-09-01 01:00,2025-09-01,1,9,가을,17.7,14.6,0.0,0.0,71,3.1,29,49,0,0,따뜻함,보통
2025-09-01 02:00,2025-09-01,2,9,가을,21.4,17.0,0.0,0.0,62,5.6,23,36,0,0,따뜻함,보통
2025-09-01 03:00,2025-09-01,3,9,가을,18.7,14.3,0.0,0.0,40,5.4,23,42,0,0,따뜻함,보통
2025-09-01 04:00,2025-09-01,4,9,가을,18.6,13.1,0.0,0.0,39,7.7,56,101,0,0,따뜻함,나쁨
2025-09-01 05:00,2025-09-01,5,9,가을,24.1,23.6,0.0,0.0,78,1.5,19,31,0,0,더움,보통
2025-09-01 06:00,2025-09-01,6,9,가을,20.0,19.2,0.0,0.0,58,0.6,37,62,0,0,따뜻함,나쁨
2025-09-01 07:00,2025-09-01,7,9,가을,22.5,19.4,0.0,0.0,53,5.2,30,51,0,0,따뜻함,보통
2025-09-01 08:00,2025-09-01,8,9,가을,24.4,18.3,0.0,0.0,32,7.7,35,69,0,0,더움,보통
2025-09-01 09:00,2025-09-01,9,9,가을,26.1,21.7,0.0,0.0,78,5.9,38,69,0,0,더움,나쁨
2025-09-01 10:00,2025-09-01,10,9,가을,26.2,20.5,0.0,0.0,38,7.3,5,10,0,0,더움,좋음
2025-09-01 11:00,2025-09-01,11,9,가을,29.8,25.3,0.0,0.0,42,6.0,34,65,0,0,더움,보통
2025-09-01 12:00,2025-09-01,12,9,가을,21.9,18.8,0.0,0.0,87,4.4,47,79,0,0,따뜻함,나쁨
2025-09-01 13:00,2025-09-01,13,9,가을,22.9,22.7,1.8,0.0,63,1.6,18,28,1,0,따뜻함,보통
2025-09-01 14:00,2025-09-01,14,9,가을,21.1,16.2,0.0,0.0,78,7.1,5,8,0,0,따뜻함,좋음
2025-09-01 15:00,2025-09-01,15,9,가을,27.9,23.9,0.0,0.0,66,4.9,55,94,0,0,더움,나쁨
2025-09-01 16:00,2025-09-01,16,9,가을,23.1,20.1,0.0,0.0,68,4.3,11,19,0,0,더움,좋음
2025-09-01 17:00,2025-09-01,17,9,가을,24.4,19.6,0.0,0.0,85,6.8,43,81,0,0,더움,나쁨
2025-09-01 18:00,2025-09-01,18,9,가을,26.2,25.8,0.0,0.0,36,0.7,30,59,0,0,더움,보통
2025-09-01 19:00,2025-09-01,19,9,가을,21.1,20.7,0.0,0.0,64,0.7,5,8,0,0,따뜻함,좋음
2025-09-01 20:00,2025-09-01,20,9,가을,20.6,17.8,0.0,0.0,82,4.0,58,104,0,0,따뜻함,나쁨
2025-09-01 21:00,2025-09-01,21,9,가을,16.1,11.2,0.0,0.0,60,7.2,12,22,0,0,따뜻함,좋음
2025-09-01 22:00,2025-09-01,22,9,가을,13.6,12.5,0.0,0.0,77,2.1,12,21,0,0,선선함,좋음
2025-09-01 23:00,2025-09-01,23,9,가을,19.6,15.4,0.0,0.0,61,6.9,5,7,0,0,따뜻함,좋음
2025-09-02 00:00,2025-09-02,0,9,가을,21.4,17.0,0.0,0.0,74,7.3,25,38,0,0,따뜻함,보통
2025-09-02 01:00,2025-09-02,1,9,가을,12.7,10.6,0.0,0.0,30,2.9,32,60,0,0,선선함,보통
2025-09-02 02:00,2025-09-02,2,9,가을,14.2,9.2,0.0,0.0,39,7.2,32,64,0,0,선선함,보통
2025-09-02 03:00,2025-09-02,3,9,가을,22.5,20.6,0.0,0.0,47,2.6,5,7,0,0,따뜻함,좋음
2025-09-02 04:00,2025-09-02,4,9,가을,22.4,17.6,0.0,0.0,89,6.4,20,41,0,0,따뜻함,보통
2025-09-02 05:00,2025-09-02,5,9,가을,24.0,18.3,0.0,0.0,63,6.9,13,19,0,0,더움,좋음
2025-09-02 06:00,2025-09-02,6,9,가을,23.6,19.4,0.0,0.0,86,6.4,5,8,0,0,더움,좋음
2025-09-02 07:00,2025-09-02,7,9,가을,25.6,24.5,0.0,0.0,57,1.9,14,22,0,0,더움,좋음
2025-09-02 08:00,2025-09-02,8,9,가을,22.0,20.6,0.0,0.0,36,3.2,38,67,0,0,따뜻함,나쁨
2025-09-02 09:00,2025-09-02,9,9,가을,30.3,26.6,0.0,0.0,37,6.6,15,32,0,0,매우더움,좋음
2025-09-02 10:00,2025-09-02,10,9,가을,28.3,26.5,0.0,0.0,75,2.6,30,65,0,0,더움,보통
2025-09-02 11:00,2025-09-02,11,9,가을,30.3,25.8,0.0,0.0,62,6.0,38,62,0,0,매우더움,나쁨
2025-09-02 12:00,2025-09-02,12,9,가을,23.2,21.6,0.0,0.0,66,3.2,5,9,0,0,더움,좋음
2025-09-02 13:00,2025-09-02,13,9,가을,26.9,23.9,0.0,0.0,51,4.0,25,48,0,0,더움,보통
2025-09-02 14:00,2025-09-02,14,9,가을,32.3,28.8,0.0,0.0,81,4.2,37,59,0,0,매우더움,나쁨
2025-09-02 15:00,2025-09-02,15,9,가을,21.2,18.5,0.0,0.0,32,4.9,43,76,0,0,따뜻함,나쁨
2025-09-02 16:00,2025-09-02,16,9,가을,23.7,22.6,0.0,0.0,34,0.8,32,68,0,0,더움,보통
2025-09-02 17:00,2025-09-02,17,9,가을,26.6,25.0,0.0,0.0,43,0.8,13,26,0,0,더움,좋음
2025-09-02 18:00,2025-09-02,18,9,가을,27.5,21.4,0.0,0.0,81,7.5,38,57,0,0,더움,나쁨
2025-09-02 19:00,2025-09-02,19,9,가을,17.4,13.9,0.0,0.0,38,4.6,31,53,0,0,따뜻함,보통
2025-09-02 20:00,2025-09-02,20,9,가을,15.4,13.8,0.0,0.0,71,2.8,5,9,0,0,따뜻함,좋음
2025-09-02 21:00,2025-09-02,21,9,가을,13.2,11.0,0.0,0.0,62,3.3,65,97,0,0,선선함,나쁨
2025-09-02 22:00,2025-09-02,22,9,가을,13.4,11.3,0.0,0.0,60,3.8,32,59,0,0,선선함,보통
2025-09-02 23:00,2025-09-02,23,9,가을,16.1,14.7,0.0,0.0,88,1.1,31,67,0,0,따뜻함,보통
2025-09-03 00:00,2025-09-03,0,9,가을,17.3,12.5,0.0,0.0,79,6.3,30,62,0,0,따뜻함,보통
2025-09-03 01:00,2025-09-03,1,9,가을,14.8,9.6,0.0,0.0,76,7.5,33,60,0,0,선선함,보통
2025-09-03 02:00,2025-09-03,2,9,가을,12.5,7.9,0.0,0.0,89,6.4,23,43,0,0,선선함,보통
2025-09-03 03:00,2025-09-03,3,9,가을,19.2,16.9,0.0,0.0,36,4.2,30,62,0,0,따뜻함,보통
2025-09-03 04:00,2025-09-03,4,9,가을,14.6,13.1,0.0,0.0,51,2.9,14,22,0,0,선선함,좋음
2025-09-03 05:00,2025-09-03,5,9,가을,20.3,18.0,0.0,0.0,56,3.4,31,48,0,0,따뜻함,보통
2025-09-03 06:00,2025-09-03,6,9,가을,23.7,19.5,0.0,0.0,73,6.2,17,27,0,0,더움,보통
2025-09-03 07:00,2025-09-03,7,9,가을,24.1,23.3,0.0,0.0,71,1.1,25,41,0,0,더움,보통
2025-09-03 08:00,2025-09-03,8,9,가을,26.2,21.4,0.0,0.0,89,7.6,17,35,0,0,더움,보통
2025-09-03 09:00,2025-09-03,9,9,가을,30.0,25.6,0.0,0.0,77,5.8,36,73,0,0,매우더움,나쁨
2025-09-03 10:00,2025-09-03,10,9,가을,24.9,22.3,0.0,0.0,69,3.4,15,26,0,0,더움,좋음
2025-09-03 11:00,2025-09-03,11,9,가을,28.0,25.2,0.0,0.0,60,3.7,23,38,0,0,더움,보통
2025-09-03 12:00,2025-09-03,12,9,가을,25.9,21.7,0.0,0.0,65,7.0,41,87,0,0,더움,나쁨
2025-09-03 13:00,2025-09-03,13,9,가을,30.3,25.8,0.0,0.0,55,6.9,30,53,0,0,매우더움,보통
2025-09-03 14:00,2025-09-03,14,9,가을,23.9,17.5,0.0,0.0,41,8.0,26,50,0,0,더움,보통
2025-09-03 15:00,2025-09-03,15,9,가을,22.2,20.3,0.0,0.0,87,1.2,5,9,0,0,따뜻함,좋음
2025-09-03 16:00,2025-09-03,16,9,가을,27.5,24.9,0.0,0.0,76,5.2,9,18,0,0,더움,좋음
2025-09-03 17:00,2025-09-03,17,9,가을,24.5,22.7,0.0,0.0,55,2.0,18,37,0,0,더움,보통
2025-09-03 18:00,2025-09-03,18,9,가을,17.9,15.4,0.1,0.0,90,4.4,6,9,1,0,따뜻함,좋음
2025-09-03 19:00,2025-09-03,19,9,가을,21.3,19.6,0.0,0.0,85,3.3,8,13,0,0,따뜻함,좋음
2025-09-03 20:00,2025-09-03,20,9,가을,24.7,22.2,0.0,0.0,80,3.1,31,60,0,0,더움,보통
2025-09-03 21:00,2025-09-03,21,9,가을,21.1,18.6,0.0,0.0,32,5.0,25,51,0,0,따뜻함,보통
2025-09-03 22:00,2025-09-03,22,9,가을,20.5,16.9,0.0,0.0,69,4.9,21,38,0,0,따뜻함,보통
2025-09-03 23:00,2025-09-03,23,9,가을,16.9,11.7,0.0,0.0,43,7.2,39,69,0,0,따뜻함,나쁨
2025-09-04 00:00,2025-09-04,0,9,가을,14.5,13.3,0.0,0.0,47,1.2,14,28,0,0,선선함,좋음
2025-09-04 01:00,2025-09-04,1,9,가을,17.6,16.4,0.0,0.0,82,1.4,46,100,0,0,따뜻함,나쁨
2025-09-04 02:00,2025-09-04,2,9,가을,15.5,13.8,0.0,0.0,42,2.2,46,85,0,0,따뜻함,나쁨
2025-09-04 03:00,2025-09-04,3,9,가을,19.6,17.2,0.0,0.0,63,2.8,28,53,0,0,따뜻함,보통
2025-09-04 04:00,2025-09-04,4,9,가을,16.5,13.9,0.0,0.0,64,2.8,9,14,0,0,따뜻함,좋음
2025-09-04 05:00,2025-09-04,5,9,가을,20.1,19.2,0.0,0.0,69,1.4,23,46,0,0,따뜻함,보통
2025-09-04 06:00,2025-09-04,6,9,가을,21.6,21.1,0.0,0.0,83,0.5,28,52,0,0,따뜻함,보통
2025-09-04 07:00,2025-09-04,7,9,가을,21.6,18.2,0.0,0.0,48,5.0,41,67,0,0,따뜻함,나쁨
2025-09-04 08:00,2025-09-04,8,9,가을,24.7,20.1,0.0,0.0,49,5.8,27,41,0,0,더움,보통
2025-09-04 09:00,2025-09-04,9,9,가을,21.7,19.7,0.0,0.0,58,4.3,27,45,0,0,따뜻함,보통
2025-09-04 10:00,2025-09-04,10,9,가을,22.3,20.1,0.0,0.0,58,3.0,24,46,0,0,따뜻함,보통
2025-09-04 11:00,2025-09-04,11,9,가을,23.8,22.0,0.0,0.0,43,3.7,30,62,0,0,더움,보통
2025-09-04 12:00,2025-09-04,12,9,가을,25.0,21.0,0.0,0.0,68,4.9,14,23,0,0,더움,좋음
2025-09-04 13:00,2025-09-04,13,9,가을,22.6,20.5,0.0,0.0,65,3.2,37,64,0,0,따뜻함,나쁨
2025-09-04 14:00,2025-09-04,14,9,가을,23.2,22.5,0.0,0.0,58,0.6,10,17,0,0,더움,좋음
2025-09-04 15:00,2025-09-04,15,9,가을,21.8,21.0,0.0,0.0,34,1.0,27,55,0,0,따뜻함,보통
2025-09-04 16:00,2025-09-04,16,9,가을,22.7,19.8,0.0,0.0,52,3.2,27,59,0,0,따뜻함,보통
2025-09-04 17:00,2025-09-04,17,9,가을,18.4,17.9,0.0,0.0,69,1.1,43,67,0,0,따뜻함,나쁨
2025-09-04 18:00,2025-09-04,18,9,가을,22.7,20.1,0.0,0.0,86,2.7,32,69,0,0,따뜻함,보통
2025-09-04 19:00,2025-09-04,19,9,가을,19.5,15.3,0.0,0.0,84,7.3,54,115,0,0,따뜻함,나쁨
2025-09-04 20:00,2025-09-04,20,9,가을,23.8,21.4,0.0,0.0,34,4.0,51,93,0,0,더움,나쁨
2025-09-04 21:00,2025-09-04,21,9,가을,20.1,18.8,0.0,0.0,81,2.0,16,32,0,0,따뜻함,보통
2025-09-04 22:00,2025-09-04,22,9,가을,20.4,17.1,0.0,0.0,52,5.3,21,41,0,0,따뜻함,보통
2025-09-04 23:00,2025-09-04,23,9,가을,16.9,11.4,0.0,0.0,58,7.9,7,14,0,0,따뜻함,좋음
2025-09-05 00:00,2025-09-05,0,9,가을,19.2,17.6,0.0,0.0,72,1.5,25,37,0,0,따뜻함,보통
2025-09-05 01:00,2025-09-05,1,9,가을,18.4,11.9,0.0,0.0,79,7.9,10,18,0,0,따뜻함,좋음
2025-09-05 02:00,2025-09-05,2,9,가을,12.2,7.9,0.0,0.0,80,5.9,25,44,0,0,선선함,보통
2025-09-05 03:00,2025-09-05,3,9,가을,17.3,15.6,2.1,0.0,37,2.7,23,35,1,0,따뜻함,보통
2025-09-05 04:00,2025-09-05,4,9,가을,15.3,12.9,0.0,0.0,90,3.2,44,88,0,0,따뜻함,나쁨
2025-09-05 05:00,2025-09-05,5,9,가을,16.3,13.4,0.0,0.0,30,3.2,12,21,0,0,따뜻함,좋음
2025-09-05 06:00,2025-09-05,6,9,가을,27.7,22.4,0.0,0.0,78,7.5,15,28,0,0,더움,좋음
2025-09-05 07:00,2025-09-05,7,9,가을,24.1,22.9,0.0,0.0,67,1.4,46,92,0,0,더움,나쁨
2025-09-05 08:00,2025-09-05,8,9,가을,24.0,18.9,0.0,0.0,49,6.3,18,37,0,0,더움,보통
2025-09-05 09:00,2025-09-05,9,9,가을,24.3,21.6,0.0,0.0,58,2.9,5,10,0,0,더움,좋음
2025-09-05 10:00,2025-09-05,10,9,가을,24.0,19.6,0.0,0.0,43,5.6,37,56,0,0,더움,나쁨
2025-09-05 11:00,2025-09-05,11,9,가을,27.4,23.1,0.0,0.0,76,6.3,40,71,0,0,더움,나쁨
2025-09-05 12:00,2025-09-05,12,9,가을,31.7,26.4,0.0,0.0,73,6.4,24,43,0,0,매우더움,보통
2025-09-05 13:00,2025-09-05,13,9,가을,22.9,20.0,0.0,0.0,88,2.7,13,26,0,0,따뜻함,좋음
2025-09-05 14:00,2025-09-05,14,9,가을,25.8,21.9,0.0,0.0,31,4.8,40,72,0,0,더움,나쁨
2025-09-05 15:00,2025-09-05,15,9,가을,25.8,19.8,0.0,0.0,47,7.8,26,51,0,0,더움,보통
2025-09-05 16:00,2025-09-05,16,9,가을,26.0,23.6,0.0,0.0,49,2.6,18,38,0,0,더움,보통
2025-09-05 17:00,2025-09-05,17,9,가을,27.7,28.1,0.0,0.0,87,0.6,10,17,0,0,더움,좋음
2025-09-05 18:00,2025-09-05,18,9,가을,21.0,17.9,0.0,0.0,77,5.5,10,21,0,0,따뜻함,좋음
2025-09-05 19:00,2025-09-05,19,9,가을,20.6,14.9,0.0,0.0,56,7.8,18,30,0,0,따뜻함,보통
2025-09-05 20:00,2025-09-05,20,9,가을,19.1,13.9,0.0,0.0,66,7.9,30,59,0,0,따뜻함,보통
2025-09-05 21:00,2025-09-05,21,9,가을,20.7,18.6,0.0,0.0,74,3.2,19,39,0,0,따뜻함,보통
2025-09-05 22:00,2025-09-05,22,9,가을,12.6,9.3,0.0,0.0,86,4.8,5,9,0,0,선선함,좋음
2025-09-05 23:00,2025-09-05,23,9,가을,20.9,20.3,0.0,0.0,31,0.7,44,67,0,0,따뜻함,나쁨
2025-09-06 00:00,2025-09-06,0,9,가을,17.7,13.7,0.0,0.0,84,6.5,26,43,0,0,따뜻함,보통
2025-09-06 01:00,2025-09-06,1,9,가을,20.1,19.9,0.0,0.0,73,1.0,5,9,0,0,따뜻함,좋음
2025-09-06 02:00,2025-09-06,2,9,가을,15.7,14.2,0.0,0.0,77,1.7,9,15,0,0,따뜻함,좋음
2025-09-06 03:00,2025-09-06,3,9,가을,20.4,15.0,0.0,0.0,36,7.6,5,9,0,0,따뜻함,좋음
2025-09-06 04:00,2025-09-06,4,9,가을,14.0,10.6,2.6,0.0,87,5.0,34,72,1,0,선선함,보통
2025-09-06 05:00,2025-09-06,5,9,가을,24.5,23.4,0.0,0.0,32,1.4,15,32,0,0,더움,좋음
2025-09-06 06:00,2025-09-06,6,9,가을,24.9,21.7,0.0,0.0,77,3.5,39,68,0,0,더움,나쁨
2025-09-06 07:00,2025-09-06,7,9,가을,24.8,22.5,0.0,0.0,39,2.4,36,67,0,0,더움,나쁨
2025-09-06 08:00,2025-09-06,8,9,가을,23.3,21.4,0.0,0.0,45,3.5,6,9,0,0,더움,좋음
2025-09-06 09:00,2025-09-06,9,9,가을,30.5,29.3,0.0,0.0,30,2.5,31,50,0,0,매우더움,보통
2025-09-06 10:00,2025-09-06,10,9,가을,27.7,26.9,0.0,0.0,49,1.0,34,57,0,0,더움,보통
2025-09-06 11:00,2025-09-06,11,9,가을,32.1,27.4,0.0,0.0,63,7.1,39,74,0,0,매우더움,나쁨
2025-09-06 12:00,2025-09-06,12,9,가을,26.7,21.1,0.0,0.0,43,6.2,30,46,0,0,더움,보통
2025-09-06 13:00,2025-09-06,13,9,가을,31.1,26.6,0.0,0.0,32,6.5,42,85,0,0,매우더움,나쁨
2025-09-06 14:00,2025-09-06,14,9,가을,22.4,20.7,0.0,0.0,35,2.6,34,63,0,0,따뜻함,보통
2025-09-06 15:00,2025-09-06,15,9,가을,29.3,26.4,0.0,0.0,57,3.4,36,66,0,0,더움,나쁨
2025-09-06 16:00,2025-09-06,16,9,가을,18.6,15.1,0.0,0.0,45,4.4,5,8,0,0,따뜻함,좋음
2025-09-06 17:00,2025-09-06,17,9,가을,23.6,23.0,0.0,0.0,40,1.2,26,39,0,0,더움,보통
2025-09-06 18:00,2025-09-06,18,9,가을,21.4,18.6,0.0,0.0,48,4.0,25,52,0,0,따뜻함,보통
2025-09-06 19:00,2025-09-06,19,9,가을,22.4,21.3,0.0,0.0,85,3.1,38,80,0,0,따뜻함,나쁨
2025-09-06 20:00,2025-09-06,20,9,가을,16.4,14.4,0.0,0.0,77,2.4,19,37,0,0,따뜻함,보통
2025-09-06 21:00,2025-09-06,21,9,가을,20.6,17.8,0.0,0.0,33,4.8,18,33,0,0,따뜻함,보통
2025-09-06 22:00,2025-09-06,22,9,가을,19.8,17.5,0.0,0.0,49,3.2,49,97,0,0,따뜻함,나쁨
2025-09-06 23:00,2025-09-06,23,9,가을,14.6,10.8,0.0,0.0,61,5.3,20,42,0,0,선선함,보통
2025-09-07 00:00,2025-09-07,0,9,가을,20.5,20.2,0.0,0.0,84,0.7,19,39,0,0,따뜻함,보통
2025-09-07 01:00,2025-09-07,1,9,가을,20.9,15.0,0.0,0.0,85,7.9,7,10,0,0,따뜻함,좋음
2025-09-07 02:00,2025-09-07,2,9,가을,13.3,9.7,0.0,0.0,68,4.7,5,9,0,0,선선함,좋음
2025-09-07 03:00,2025-09-07,3,9,가을,21.7,21.9,0.0,0.0,46,0.6,23,42,0,0,따뜻함,보통
2025-09-07 04:00,2025-09-07,4,9,가을,20.1,15.5,0.0,0.0,81,6.2,5,9,0,0,따뜻함,좋음
2025-09-07 05:00,2025-09-07,5,9,가을,19.4,16.7,0.0,0.0,68,5.0,42,85,0,0,따뜻함,나쁨
2025-09-07 06:00,2025-09-07,6,9,가을,25.9,19.6,0.0,0.0,79,7.3,31,53,0,0,더움,보통
2025-09-07 07:00,2025-09-07,7,9,가을,28.2,25.6,0.0,0.0,54,3.2,26,45,0,0,더움,보통
2025-09-07 08:00,2025-09-07,8,9,가을,26.4,25.2,0.0,0.0,48,1.8,14,26,0,0,더움,좋음
2025-09-07 09:00,2025-09-07,9,9,가을,21.7,17.5,0.0,0.0,73,6.9,26,45,0,0,따뜻함,보통
2025-09-07 10:00,2025-09-07,10,9,가을,24.2,20.2,0.0,0.0,42,5.1,33,70,0,0,더움,보통
2025-09-07 11:00,2025-09-07,11,9,가을,30.1,26.3,0.0,0.0,80,5.4,15,32,0,0,매우더움,좋음
2025-09-07 12:00,2025-09-07,12,9,가을,24.7,20.0,0.0,0.0,40,6.7,36,59,0,0,더움,나쁨
2025-09-07 13:00,2025-09-07,13,9,가을,27.2,23.3,0.0,0.0,65,6.7,36,64,0,0,더움,나쁨
2025-09-07 14:00,2025-09-07,14,9,가을,23.4,19.2,0.0,0.0,45,5.6,26,40,0,0,더움,보통
2025-09-07 15:00,2025-09-07,15,9,가을,21.3,16.8,0.0,0.0,75,6.0,31,48,0,0,따뜻함,보통
2025-09-07 16:00,2025-09-07,16,9,가을,23.8,23.0,0.0,0.0,54,1.4,45,73,0,0,더움,나쁨
2025-09-07 17:00,2025-09-07,17,9,가을,19.5,15.5,0.0,0.0,46,6.5,5,10,0,0,따뜻함,좋음
2025-09-07 18:00,2025-09-07,18,9,가을,26.3,26.2,0.0,0.0,83,0.8,33,50,0,0,더움,보통
2025-09-07 19:00,2025-09-07,19,9,가을,17.7,14.6,0.0,0.0,81,4.1,15,25,0,0,따뜻함,좋음
2025-09-07 20:00,2025-09-07,20,9,가을,16.4,15.7,0.0,0.0,38,1.6,14,22,0,0,따뜻함,좋음
2025-09-07 21:00,2025-09-07,21,9,가을,16.3,13.5,0.0,0.0,67,3.5,37,57,0,0,따뜻함,나쁨
2025-09-07 22:00,2025-09-07,22,9,가을,18.0,15.6,0.0,0.0,62,3.5,58,91,0,0,따뜻함,나쁨
2025-09-07 23:00,2025-09-07,23,9,가을,16.7,14.7,0.0,0.0,90,2.7,34,55,0,0,따뜻함,보통
2025-09-08 00:00,2025-09-08,0,9,가을,13.6,12.3,0.0,0.0,55,1.8,23,49,0,0,선선함,보통
2025-09-08 01:00,2025-09-08,1,9,가을,12.8,9.6,0.0,0.0,50,4.2,12,20,0,0,선선함,좋음
2025-09-08 02:00,2025-09-08,2,9,가을,22.3,16.8,0.0,0.0,79,6.7,34,61,0,0,따뜻함,보통
2025-09-08 03:00,2025-09-08,3,9,가을,17.1,12.1,0.0,0.0,68,7.9,5,8,0,0,따뜻함,좋음
2025-09-08 04:00,2025-09-08,4,9,가을,15.0,9.4,0.0,0.0,60,7.9,30,63,0,0,따뜻함,보통
2025-09-08 05:00,2025-09-08,5,9,가을,15.8,10.4,0.0,0.0,35,7.0,10,17,0,0,따뜻함,좋음
2025-09-08 06:00,2025-09-08,6,9,가을,22.2,19.3,0.0,0.0,65,3.7,11,19,0,0,따뜻함,좋음
2025-09-08 07:00,2025-09-08,7,9,가을,20.9,18.3,0.0,0.0,66,3.8,5,9,0,0,따뜻함,좋음
2025-09-08 08:00,2025-09-08,8,9,가을,24.4,21.1,0.0,0.0,51,4.4,33,63,0,0,더움,보통
2025-09-08 09:00,2025-09-08,9,9,가을,20.3,16.4,0.0,0.0,87,5.0,29,47,0,0,따뜻함,보통
2025-09-08 10:00,2025-09-08,10,9,가을,28.5,26.8,0.0,0.0,49,0.9,36,76,0,0,더움,나쁨
2025-09-08 11:00,2025-09-08,11,9,가을,25.9,22.8,0.0,0.0,67,4.2,15,24,0,0,더움,좋음
2025-09-08 12:00,2025-09-08,12,9,가을,27.6,24.0,0.0,0.0,64,5.5,34,60,0,0,더움,보통
2025-09-08 13:00,2025-09-08,13,9,가을,25.0,20.9,0.0,0.0,73,5.2,57,111,0,0,더움,나쁨
2025-09-08 14:00,2025-09-08,14,9,가을,30.0,26.8,0.0,0.0,39,4.4,31,59,0,0,매우더움,보통
2025-09-08 15:00,2025-09-08,15,9,가을,30.4,28.1,0.0,0.0,88,3.4,38,80,0,0,매우더움,나쁨
2025-09-08 16:00,2025-09-08,16,9,가을,24.6,19.7,0.0,0.0,48,7.4,21,37,0,0,더움,보통
2025-09-08 17:00,2025-09-08,17,9,가을,18.6,17.2,0.0,0.0,35,2.0,16,24,0,0,따뜻함,보통
2025-09-08 18:00,2025-09-08,18,9,가을,22.8,19.8,0.0,0.0,75,3.5,22,36,0,0,따뜻함,보통
2025-09-08 19:00,2025-09-08,19,9,가을,23.4,19.9,0.0,0.0,41,5.3,28,50,0,0,더움,보통
2025-09-08 20:00,2025-09-08,20,9,가을,22.4,18.7,0.0,0.0,63,5.2,19,29,0,0,따뜻함,보통
2025-09-08 21:00,2025-09-08,21,9,가을,20.3,18.8,0.0,0.0,63,2.4,17,33,0,0,따뜻함,보통
2025-09-08 22:00,2025-09-08,22,9,가을,15.9,11.9,0.0,0.0,85,5.9,38,57,0,0,따뜻함,나쁨
2025-09-08 23:00,2025-09-08,23,9,가을,19.0,17.9,0.0,0.0,73,2.2,6,12,0,0,따뜻함,좋음
2025-09-09 00:00,2025-09-09,0,9,가을,15.3,11.5,0.0,0.0,44,5.9,12,21,0,0,따뜻함,좋음
2025-09-09 01:00,2025-09-09,1,9,가을,20.6,16.8,0.0,0.0,87,6.0,26,42,0,0,따뜻함,보통
2025-09-09 02:00,2025-09-09,2,9,가을,22.2,22.1,0.0,0.0,37,0.9,10,16,0,0,따뜻함,좋음
2025-09-09 03:00,2025-09-09,3,9,가을,23.4,20.4,0.0,0.0,77,4.3,30,57,0,0,더움,보통
2025-09-09 04:00,2025-09-09,4,9,가을,16.2,11.1,0.0,0.0,81,7.1,48,84,0,0,따뜻함,나쁨
2025-09-09 05:00,2025-09-09,5,9,가을,23.9,23.5,0.0,0.0,38,2.5,24,43,0,0,더움,보통
2025-09-09 06:00,2025-09-09,6,9,가을,24.0,23.4,0.0,0.0,88,0.9,39,80,0,0,더움,나쁨
2025-09-09 07:00,2025-09-09,7,9,가을,27.7,24.7,0.0,0.0,83,4.2,23,48,0,0,더움,보통
2025-09-09 08:00,2025-09-09,8,9,가을,28.7,25.3,0.0,0.0,59,5.0,32,63,0,0,더움,보통
2025-09-09 09:00,2025-09-09,9,9,가을,27.0,25.5,0.0,0.0,30,0.9,25,47,0,0,더움,보통
2025-09-09 10:00,2025-09-09,10,9,가을,31.4,28.9,0.0,0.0,78,2.8,44,86,0,0,매우더움,나쁨
2025-09-09 11:00,2025-09-09,11,9,가을,25.8,24.3,0.0,0.0,57,1.9,27,58,0,0,더움,보통
2025-09-09 12:00,2025-09-09,12,9,가을,24.5,23.6,0.0,0.0,76,1.0,29,53,0,0,더움,보통
2025-09-09 13:00,2025-09-09,13,9,가을,25.6,24.8,0.0,0.0,54,0.8,5,9,0,0,더움,좋음
2025-09-09 14:00,2025-09-09,14,9,가을,20.3,16.0,0.0,0.0,70,6.4,15,28,0,0,따뜻함,좋음
2025-09-09 15:00,2025-09-09,15,9,가을,22.0,18.9,0.0,0.0,71,3.7,47,75,0,0,따뜻함,나쁨
2025-09-09 16:00,2025-09-09,16,9,가을,27.7,25.3,0.0,0.0,38,2.7,15,26,0,0,더움,좋음
2025-09-09 17:00,2025-09-09,17,9,가을,25.1,21.3,0.0,0.0,78,4.2,55,115,0,0,더움,나쁨
2025-09-09 18:00,2025-09-09,18,9,가을,26.0,24.3,0.0,0.0,73,2.0,5,10,0,0,더움,좋음
2025-09-09 19:00,2025-09-09,19,9,가을,25.0,23.1,0.0,0.0,46,2.3,58,88,0,0,더움,나쁨
2025-09-09 20:00,2025-09-09,20,9,가을,20.9,15.5,0.0,0.0,88,7.5,19,36,0,0,따뜻함,보통
2025-09-09 21:00,2025-09-09,21,9,가을,20.7,16.2,0.0,0.0,44,6.4,5,9,0,0,따뜻함,좋음
2025-09-09 22:00,2025-09-09,22,9,가을,16.5,15.7,0.0,0.0,49,2.0,5,8,0,0,따뜻함,좋음
2025-09-09 23:00,2025-09-09,23,9,가을,17.3,16.1,0.0,0.0,34,2.3,33,61,0,0,따뜻함,보통
2025-09-10 00:00,2025-09-10,0,9,가을,13.3,9.2,0.0,0.0,66,5.4,51,108,0,0,선선함,나쁨
2025-09-10 01:00,2025-09-10,1,9,가을,13.1,12.9,0.0,0.0,40,1.1,25,54,0,0,선선함,보통
2025-09-10 02:00,2025-09-10,2,9,가을,21.6,17.4,0.0,0.0,54,5.5,32,49,0,0,따뜻함,보통
2025-09-10 03:00,2025-09-10,3,9,가을,22.0,17.7,0.0,0.0,61,7.1,5,8,0,0,따뜻함,좋음
2025-09-10 04:00,2025-09-10,4,9,가을,19.4,17.0,0.0,0.0,85,2.5,42,88,0,0,따뜻함,나쁨
2025-09-10 05:00,2025-09-10,5,9,가을,19.1,13.5,0.0,0.0,59,7.6,64,97,0,0,따뜻함,나쁨
2025-09-10 06:00,2025-09-10,6,9,가을,22.1,20.7,0.0,0.0,78,2.5,39,79,0,0,따뜻함,나쁨
2025-09-10 07:00,2025-09-10,7,9,가을,24.7,21.3,0.0,0.0,72,3.5,21,43,0,0,더움,보통
2025-09-10 08:00,2025-09-10,8,9,가을,18.9,17.5,0.0,0.0,49,1.6,32,62,0,0,따뜻함,보통
2025-09-10 09:00,2025-09-10,9,9,가을,22.2,18.4,0.0,0.0,68,4.8,29,57,0,0,따뜻함,보통
2025-09-10 10:00,2025-09-10,10,9,가을,28.2,22.0,0.0,0.0,53,7.4,25,42,0,0,더움,보통
2025-09-10 11:00,2025-09-10,11,9,가을,29.0,28.6,0.0,0.0,61,0.9,17,34,0,0,더움,보통
2025-09-10 12:00,2025-09-10,12,9,가을,31.5,27.6,0.0,0.0,53,4.8,39,71,0,0,매우더움,나쁨
2025-09-10 13:00,2025-09-10,13,9,가을,27.2,21.8,0.0,0.0,40,7.2,35,55,0,0,더움,보통
2025-09-10 14:00,2025-09-10,14,9,가을,22.9,21.7,0.0,0.0,53,2.0,30,65,0,0,따뜻함,보통
2025-09-10 15:00,2025-09-10,15,9,가을,23.2,20.8,0.0,0.0,33,3.7,45,91,0,0,더움,나쁨
2025-09-10 16:00,2025-09-10,16,9,가을,27.6,27.5,0.0,0.0,85,0.7,16,26,0,0,더움,보통
2025-09-10 17:00,2025-09-10,17,9,가을,23.5,18.1,0.0,0.0,81,7.8,34,53,0,0,더움,보통
2025-09-10 18:00,2025-09-10,18,9,가을,24.1,22.0,0.0,0.0,87,2.5,29,54,0,0,더움,보통
2025-09-10 19:00,2025-09-10,19,9,가을,17.7,17.5,0.0,0.0,80,1.3,58,107,0,0,따뜻함,나쁨
2025-09-10 20:00,2025-09-10,20,9,가을,19.0,15.1,0.0,0.0,58,6.5,20,36,0,0,따뜻함,보통
2025-09-10 21:00,2025-09-10,21,9,가을,17.2,14.1,0.0,0.0,67,4.3,13,20,0,0,따뜻함,좋음
2025-09-10 22:00,2025-09-10,22,9,가을,15.8,13.9,0.0,0.0,32,2.8,23,45,0,0,따뜻함,보통
2025-09-10 23:00,2025-09-10,23,9,가을,12.3,8.9,0.0,0.0,76,5.9,24,36,0,0,선선함,보통
2025-09-11 00:00,2025-09-11,0,9,가을,20.2,19.4,0.0,0.0,81,1.6,43,64,0,0,따뜻함,나쁨
2025-09-11 01:00,2025-09-11,1,9,가을,19.3,19.7,0.0,0.0,73,0.7,37,78,0,0,따뜻함,나쁨
2025-09-11 02:00,2025-09-11,2,9,가을,22.3,18.9,0.0,0.0,71,4.5,36,63,0,0,따뜻함,나쁨
2025-09-11 03:00,2025-09-11,3,9,가을,13.0,11.5,0.0,0.0,69,2.8,12,23,0,0,선선함,좋음
2025-09-11 04:00,2025-09-11,4,9,가을,15.3,13.8,0.0,0.0,59,2.7,5,7,0,0,따뜻함,좋음
2025-09-11 05:00,2025-09-11,5,9,가을,17.9,12.9,0.0,0.0,41,7.2,15,31,0,0,따뜻함,좋음
2025-09-11 06:00,2025-09-11,6,9,가을,22.1,17.4,0.0,0.0,60,6.8,32,58,0,0,따뜻함,보통
2025-09-11 07:00,2025-09-11,7,9,가을,20.5,19.1,0.0,0.0,57,3.7,31,53,0,0,따뜻함,보통
2025-09-11 08:00,2025-09-11,8,9,가을,20.2,18.9,0.0,0.0,52,0.8,20,38,0,0,따뜻함,보통
2025-09-11 09:00,2025-09-11,9,9,가을,22.6,21.5,0.0,0.0,76,0.9,31,56,0,0,따뜻함,보통
2025-09-11 10:00,2025-09-11,10,9,가을,25.3,23.8,0.0,0.0,30,2.6,11,18,0,0,더움,좋음
2025-09-11 11:00,2025-09-11,11,9,가을,23.7,23.0,0.0,0.0,33,1.1,13,24,0,0,더움,좋음
2025-09-11 12:00,2025-09-11,12,9,가을,26.8,22.8,0.0,0.0,64,5.2,27,44,0,0,더움,보통
2025-09-11 13:00,2025-09-11,13,9,가을,24.5,22.6,0.0,0.0,56,3.9,12,25,0,0,더움,좋음
2025-09-11 14:00,2025-09-11,14,9,가을,30.1,27.8,0.0,0.0,31,3.6,22,34,0,0,매우더움,보통
2025-09-11 15:00,2025-09-11,15,9,가을,20.9,17.4,0.0,0.0,56,4.4,44,94,0,0,따뜻함,나쁨
2025-09-11 16:00,2025-09-11,16,9,가을,25.3,24.6,0.0,0.0,35,2.0,26,53,0,0,더움,보통
2025-09-11 17:00,2025-09-11,17,9,가을,20.5,15.1,0.0,0.0,72,7.4,33,55,0,0,따뜻함,보통
2025-09-11 18:00,2025-09-11,18,9,가을,25.2,24.1,0.0,0.0,83,1.3,8,17,0,0,더움,좋음
2025-09-11 19:00,2025-09-11,19,9,가을,17.0,12.6,0.0,0.0,65,5.6,24,44,0,0,따뜻함,보통
2025-09-11 20:00,2025-09-11,20,9,가을,22.5,19.8,0.0,0.0,73,3.8,27,50,0,0,따뜻함,보통
2025-09-11 21:00,2025-09-11,21,9,가을,24.3,20.5,0.0,0.0,33,5.4,5,10,0,0,더움,좋음
2025-09-11 22:00,2025-09-11,22,9,가을,22.3,21.0,0.0,0.0,54,1.7,32,61,0,0,따뜻함,보통
2025-09-11 23:00,2025-09-11,23,9,가을,17.0,16.1,0.0,0.0,86,1.9,36,76,0,0,따뜻함,나쁨
2025-09-12 00:00,2025-09-12,0,9,가을,17.0,14.9,0.0,0.0,68,3.0,50,107,0,0,따뜻함,나쁨
2025-09-12 01:00,2025-09-12,1,9,가을,13.4,10.5,0.0,0.0,38,4.3,9,14,0,0,선선함,좋음
2025-09-12 02:00,2025-09-12,2,9,가을,21.1,19.6,0.0,0.0,62,1.7,12,21,0,0,따뜻함,좋음
2025-09-12 03:00,2025-09-12,3,9,가을,20.5,19.9,0.0,0.0,63,1.2,21,43,0,0,따뜻함,보통
2025-09-12 04:00,2025-09-12,4,9,가을,23.1,21.7,0.0,0.0,72,2.4,19,36,0,0,더움,보통
2025-09-12 05:00,2025-09-12,5,9,가을,25.0,21.0,0.0,0.0,46,5.6,46,83,0,0,더움,나쁨
2025-09-12 06:00,2025-09-12,6,9,가을,20.0,19.6,0.0,0.0,43,0.7,60,129,0,0,따뜻함,나쁨
2025-09-12 07:00,2025-09-12,7,9,가을,18.3,14.0,0.0,0.0,63,6.3,15,25,0,0,따뜻함,좋음
2025-09-12 08:00,2025-09-12,8,9,가을,29.8,26.5,0.0,0.0,55,4.6,14,28,0,0,더움,좋음
2025-09-12 09:00,2025-09-12,9,9,가을,27.6,24.2,0.0,0.0,81,4.5,35,62,0,0,더움,보통
2025-09-12 10:00,2025-09-12,10,9,가을,22.1,18.7,0.0,0.0,46,4.5,29,52,0,0,따뜻함,보통
2025-09-12 11:00,2025-09-12,11,9,가을,27.4,26.2,3.2,0.0,35,1.5,5,9,1,0,더움,좋음
2025-09-12 12:00,2025-09-12,12,9,가을,23.8,21.5,0.0,0.0,69,4.0,25,53,0,0,더움,보통
2025-09-12 13:00,2025-09-12,13,9,가을,28.8,26.4,0.0,0.0,72,3.1,7,12,0,0,더움,좋음
2025-09-12 14:00,2025-09-12,14,9,가을,29.6,28.5,0.0,0.0,65,2.2,21,42,0,0,더움,보통
2025-09-12 15:00,2025-09-12,15,9,가을,23.2,18.6,0.0,0.0,64,7.0,44,89,0,0,더움,나쁨
2025-09-12 16:00,2025-09-12,16,9,가을,21.4,19.5,0.0,0.0,84,2.1,42,70,0,0,따뜻함,나쁨
2025-09-12 17:00,2025-09-12,17,9,가을,24.2,19.7,0.0,0.0,78,4.6,32,66,0,0,더움,보통
2025-09-12 18:00,2025-09-12,18,9,가을,21.6,21.2,0.0,0.0,70,2.0,12,23,0,0,따뜻함,좋음
2025-09-12 19:00,2025-09-12,19,9,가을,22.3,21.9,0.0,0.0,79,0.6,49,102,0,0,따뜻함,나쁨
2025-09-12 20:00,2025-09-12,20,9,가을,16.8,14.0,0.0,0.0,86,4.9,41,88,0,0,따뜻함,나쁨
2025-09-12 21:00,2025-09-12,21,9,가을,15.4,12.1,0.0,0.0,62,4.3,20,31,0,0,따뜻함,보통
2025-09-12 22:00,2025-09-12,22,9,가을,13.9,12.2,0.0,0.0,47,1.7,5,10,0,0,선선함,좋음
2025-09-12 23:00,2025-09-12,23,9,가을,20.9,19.4,0.0,0.0,45,2.8,37,61,0,0,따뜻함,나쁨
2025-09-13 00:00,2025-09-13,0,9,가을,15.0,11.0,0.0,0.0,65,5.1,51,97,0,0,따뜻함,나쁨
2025-09-13 01:00,2025-09-13,1,9,가을,14.7,13.3,0.0,0.0,57,1.4,29,48,0,0,선선함,보통
2025-09-13 02:00,2025-09-13,2,9,가을,18.7,14.9,0.0,0.0,48,5.1,22,45,0,0,따뜻함,보통
2025-09-13 03:00,2025-09-13,3,9,가을,15.5,10.9,0.0,0.0,37,6.6,40,86,0,0,따뜻함,나쁨
2025-09-13 04:00,2025-09-13,4,9,가을,19.2,18.1,0.0,0.0,39,1.8,58,115,0,0,따뜻함,나쁨
2025-09-13 05:00,2025-09-13,5,9,가을,17.9,13.4,0.0,0.0,81,6.5,15,26,0,0,따뜻함,좋음
2025-09-13 06:00,2025-09-13,6,9,가을,20.1,16.0,0.0,0.0,72,5.5,11,22,0,0,따뜻함,좋음
2025-09-13 07:00,2025-09-13,7,9,가을,25.4,23.5,0.0,0.0,38,2.6,24,46,0,0,더움,보통
2025-09-13 08:00,2025-09-13,8,9,가을,22.6,20.8,0.0,0.0,53,1.9,8,15,0,0,따뜻함,좋음
2025-09-13 09:00,2025-09-13,9,9,가을,23.6,21.5,0.0,0.0,88,3.4,31,51,0,0,더움,보통
2025-09-13 10:00,2025-09-13,10,9,가을,23.0,21.7,0.0,0.0,72,2.0,15,24,0,0,더움,좋음
2025-09-13 11:00,2025-09-13,11,9,가을,24.1,20.1,0.0,0.0,40,6.1,33,54,0,0,더움,보통
2025-09-13 12:00,2025-09-13,12,9,가을,29.4,27.5,0.0,0.0,89,2.7,50,92,0,0,더움,나쁨
2025-09-13 13:00,2025-09-13,13,9,가을,26.4,22.2,0.0,0.0,40,6.8,41,87,0,0,더움,나쁨
2025-09-13 14:00,2025-09-13,14,9,가을,22.9,17.7,0.0,0.0,74,7.7,36,65,0,0,따뜻함,나쁨
2025-09-13 15:00,2025-09-13,15,9,가을,28.9,24.0,0.0,0.0,53,6.7,25,45,0,0,더움,보통
2025-09-13 16:00,2025-09-13,16,9,가을,26.1,21.7,0.0,0.0,42,5.0,23,38,0,0,더움,보통
2025-09-13 17:00,2025-09-13,17,9,가을,27.9,26.6,0.0,0.0,66,1.1,8,13,0,0,더움,좋음
2025-09-13 18:00,2025-09-13,18,9,가을,20.2,19.1,0.7,0.0,50,1.7,5,8,1,0,따뜻함,좋음
2025-09-13 19:00,2025-09-13,19,9,가을,24.3,22.0,0.0,0.0,41,3.4,47,81,0,0,더움,나쁨
2025-09-13 20:00,2025-09-13,20,9,가을,14.8,12.1,0.0,0.0,75,4.4,20,32,0,0,선선함,보통
2025-09-13 21:00,2025-09-13,21,9,가을,15.8,15.0,0.0,0.0,48,0.6,39,64,0,0,따뜻함,나쁨
2025-09-13 22:00,2025-09-13,22,9,가을,13.8,12.8,0.0,0.0,49,3.0,46,97,0,0,선선함,나쁨
2025-09-13 23:00,2025-09-13,23,9,가을,15.4,13.7,0.0,0.0,89,0.8,50,93,0,0,따뜻함,나쁨
2025-09-14 00:00,2025-09-14,0,9,가을,20.9,18.4,0.0,0.0,72,3.7,30,50,0,0,따뜻함,보통
2025-09-14 01:00,2025-09-14,1,9,가을,21.8,19.8,0.0,0.0,50,4.2,23,40,0,0,따뜻함,보통
2025-09-14 02:00,2025-09-14,2,9,가을,13.3,6.9,0.0,0.0,72,7.6,18,32,0,0,선선함,보통
2025-09-14 03:00,2025-09-14,3,9,가을,13.6,10.8,0.0,0.0,44,3.2,32,63,0,0,선선함,보통
2025-09-14 04:00,2025-09-14,4,9,가을,20.9,20.1,0.0,0.0,77,1.0,49,86,0,0,따뜻함,나쁨
2025-09-14 05:00,2025-09-14,5,9,가을,15.3,11.1,0.0,0.0,58,6.9,14,26,0,0,따뜻함,좋음
2025-09-14 06:00,2025-09-14,6,9,가을,20.7,17.6,0.0,0.0,54,5.0,15,32,0,0,따뜻함,좋음
2025-09-14 07:00,2025-09-14,7,9,가을,24.0,22.7,0.0,0.0,64,0.8,56,85,0,0,더움,나쁨
2025-09-14 08:00,2025-09-14,8,9,가을,21.3,17.7,0.0,0.0,60,6.4,30,59,0,0,따뜻함,보통
2025-09-14 09:00,2025-09-14,9,9,가을,28.2,26.1,0.0,0.0,77,4.7,18,33,0,0,더움,보통
2025-09-14 10:00,2025-09-14,10,9,가을,26.5,21.5,0.0,0.0,70,7.7,26,49,0,0,더움,보통
2025-09-14 11:00,2025-09-14,11,9,가을,26.9,26.5,0.0,0.0,33,0.6,39,68,0,0,더움,나쁨
2025-09-14 12:00,2025-09-14,12,9,가을,31.9,29.0,0.0,0.0,86,5.0,5,10,0,0,매우더움,좋음
2025-09-14 13:00,2025-09-14,13,9,가을,27.0,23.0,0.0,0.0,58,5.3,19,34,0,0,더움,보통
2025-09-14 14:00,2025-09-14,14,9,가을,28.7,24.1,0.0,0.0,61,7.1,40,62,0,0,더움,나쁨
2025-09-14 15:00,2025-09-14,15,9,가을,29.9,25.6,0.0,0.0,37,6.6,10,16,0,0,더움,좋음
2025-09-14 16:00,2025-09-14,16,9,가을,19.6,19.3,0.0,0.0,59,0.7,41,78,0,0,따뜻함,나쁨
2025-09-14 17:00,2025-09-14,17,9,가을,23.7,22.8,0.0,0.0,53,1.8,18,30,0,0,더움,보통
2025-09-14 18:00,2025-09-14,18,9,가을,23.1,18.0,0.0,0.0,70,7.3,31,46,0,0,더움,보통
2025-09-14 19:00,2025-09-14,19,9,가을,23.1,19.5,0.0,0.0,74,5.7,34,66,0,0,더움,보통
2025-09-14 20:00,2025-09-14,20,9,가을,15.9,10.3,0.0,0.0,54,6.3,34,68,0,0,따뜻함,보통
2025-09-14 21:00,2025-09-14,21,9,가을,14.3,8.6,0.0,0.0,75,7.9,5,10,0,0,선선함,좋음
2025-09-14 22:00,2025-09-14,22,9,가을,17.1,16.0,0.0,0.0,84,3.7,13,26,0,0,따뜻함,좋음
2025-09-14 23:00,2025-09-14,23,9,가을,13.3,9.6,0.0,0.0,56,5.7,45,92,0,0,선선함,나쁨
2025-09-15 00:00,2025-09-15,0,9,가을,22.1,19.0,0.0,0.0,47,4.6,18,33,0,0,따뜻함,보통
2025-09-15 01:00,2025-09-15,1,9,가을,13.1,10.5,0.0,0.0,88,4.5,9,15,0,0,선선함,좋음
2025-09-15 02:00,2025-09-15,2,9,가을,12.7,11.1,0.0,0.0,54,3.9,5,10,0,0,선선함,좋음
2025-09-15 03:00,2025-09-15,3,9,가을,16.7,14.3,0.0,0.0,62,4.3,5,7,0,0,따뜻함,좋음
2025-09-15 04:00,2025-09-15,4,9,가을,15.5,11.5,0.7,0.0,87,4.7,47,82,1,0,따뜻함,나쁨
2025-09-15 05:00,2025-09-15,5,9,가을,19.9,14.6,0.0,0.0,84,7.1,52,81,0,0,따뜻함,나쁨
2025-09-15 06:00,2025-09-15,6,9,가을,18.4,16.0,0.0,0.0,38,3.5,5,10,0,0,따뜻함,좋음
2025-09-15 07:00,2025-09-15,7,9,가을,24.0,20.0,0.0,0.0,50,6.2,39,70,0,0,더움,나쁨
2025-09-15 08:00,2025-09-15,8,9,가을,30.5,25.2,0.0,0.0,39,7.5,13,19,0,0,매우더움,좋음
2025-09-15 09:00,2025-09-15,9,9,가을,21.7,16.7,0.0,0.0,77,6.6,32,60,0,0,따뜻함,보통
2025-09-15 10:00,2025-09-15,10,9,가을,30.6,26.8,0.0,0.0,41,5.3,35,55,0,0,매우더움,보통
2025-09-15 11:00,2025-09-15,11,9,가을,30.7,26.0,0.0,0.0,55,7.2,23,42,0,0,매우더움,보통
2025-09-15 12:00,2025-09-15,12,9,가을,33.0,28.7,0.0,0.0,81,6.7,5,8,0,0,매우더움,좋음
2025-09-15 13:00,2025-09-15,13,9,가을,25.6,24.8,0.0,0.0,74,1.6,63,124,0,0,더움,나쁨
2025-09-15 14:00,2025-09-15,14,9,가을,22.3,20.9,0.0,0.0,39,1.5,51,91,0,0,따뜻함,나쁨
2025-09-15 15:00,2025-09-15,15,9,가을,24.5,20.5,0.0,0.0,50,6.0,21,41,0,0,더움,보통
2025-09-15 16:00,2025-09-15,16,9,가을,22.8,18.2,0.0,0.0,73,6.4,6,12,0,0,따뜻함,좋음
2025-09-15 17:00,2025-09-15,17,9,가을,20.3,19.0,0.0,0.0,87,2.3,54,94,0,0,따뜻함,나쁨
2025-09-15 18:00,2025-09-15,18,9,가을,16.8,16.4,0.0,0.0,34,0.6,8,16,0,0,따뜻함,좋음
2025-09-15 19:00,2025-09-15,19,9,가을,20.0,19.2,0.0,0.0,40,1.4,48,97,0,0,따뜻함,나쁨
2025-09-15 20:00,2025-09-15,20,9,가을,22.5,18.7,0.0,0.0,84,5.0,40,82,0,0,따뜻함,나쁨
2025-09-15 21:00,2025-09-15,21,9,가을,14.4,10.7,0.0,0.0,76,4.9,8,16,0,0,선선함,좋음
2025-09-15 22:00,2025-09-15,22,9,가을,14.4,14.1,0.0,0.0,32,1.3,19,35,0,0,선선함,보통
2025-09-15 23:00,2025-09-15,23,9,가을,20.8,18.6,0.0,0.0,41,3.1,35,68,0,0,따뜻함,보통
2025-09-16 00:00,2025-09-16,0,9,가을,14.6,10.5,0.0,0.0,54,5.3,20,42,0,0,선선함,보통
2025-09-16 01:00,2025-09-16,1,9,가을,16.9,11.3,0.0,0.0,45,7.4,5,8,0,0,따뜻함,좋음
2025-09-16 02:00,2025-09-16,2,9,가을,14.8,8.6,0.0,0.0,62,7.9,5,9,0,0,선선함,좋음
2025-09-16 03:00,2025-09-16,3,9,가을,17.8,12.3,0.0,0.0,41,7.9,5,9,0,0,따뜻함,좋음
2025-09-16 04:00,2025-09-16,4,9,가을,19.4,18.1,0.0,0.0,87,1.4,37,62,0,0,따뜻함,나쁨
2025-09-16 05:00,2025-09-16,5,9,가을,23.2,19.8,0.0,0.0,51,5.2,18,36,0,0,더움,보통
2025-09-16 06:00,2025-09-16,6,9,가을,23.8,20.5,0.0,0.0,40,4.0,20,40,0,0,더움,보통
2025-09-16 07:00,2025-09-16,7,9,가을,25.5,24.9,0.0,0.0,60,1.2,48,73,0,0,더움,나쁨
2025-09-16 08:00,2025-09-16,8,9,가을,27.9,27.1,0.0,0.0,47,1.2,39,85,0,0,더움,나쁨
2025-09-16 09:00,2025-09-16,9,9,가을,25.7,20.0,0.0,0.0,42,7.2,31,59,0,0,더움,보통
2025-09-16 10:00,2025-09-16,10,9,가을,23.7,21.6,0.0,0.0,84,3.5,6,9,0,0,더움,좋음
2025-09-16 11:00,2025-09-16,11,9,가을,25.8,25.0,0.0,0.0,34,1.4,17,25,0,0,더움,보통
2025-09-16 12:00,2025-09-16,12,9,가을,24.2,21.2,0.0,0.0,73,3.6,11,23,0,0,더움,좋음
2025-09-16 13:00,2025-09-16,13,9,가을,21.9,17.0,0.0,0.0,63,6.8,5,7,0,0,따뜻함,좋음
2025-09-16 14:00,2025-09-16,14,9,가을,22.7,19.8,6.9,0.0,43,3.9,29,49,1,0,따뜻함,보통
2025-09-16 15:00,2025-09-16,15,9,가을,26.7,26.9,0.0,0.0,51,1.3,32,52,0,0,더움,보통
2025-09-16 16:00,2025-09-16,16,9,가을,24.2,19.3,0.0,0.0,31,7.8,25,45,0,0,더움,보통
2025-09-16 17:00,2025-09-16,17,9,가을,20.7,19.2,0.0,0.0,54,2.4,30,58,0,0,따뜻함,보통
2025-09-16 18:00,2025-09-16,18,9,가을,23.0,18.1,0.0,0.0,51,7.7,38,62,0,0,더움,나쁨
2025-09-16 19:00,2025-09-16,19,9,가을,23.7,22.9,0.0,0.0,66,1.5,41,76,0,0,더움,나쁨
2025-09-16 20:00,2025-09-16,20,9,가을,17.5,13.2,0.0,0.0,42,6.7,30,55,0,0,따뜻함,보통
2025-09-16 21:00,2025-09-16,21,9,가을,21.8,20.4,0.0,0.0,60,2.5,38,76,0,0,따뜻함,나쁨
2025-09-16 22:00,2025-09-16,22,9,가을,19.0,13.6,0.0,0.0,33,7.7,10,16,0,0,따뜻함,좋음
2025-09-16 23:00,2025-09-16,23,9,가을,13.7,12.1,0.0,0.0,79,2.4,29,51,0,0,선선함,보통
2025-09-17 00:00,2025-09-17,0,9,가을,18.7,14.9,0.0,0.0,87,5.3,24,49,0,0,따뜻함,보통
2025-09-17 01:00,2025-09-17,1,9,가을,12.8,10.9,0.0,0.0,42,3.8,23,38,0,0,선선함,보통
2025-09-17 02:00,2025-09-17,2,9,가을,18.7,16.5,0.0,0.0,56,2.8,28,54,0,0,따뜻함,보통
2025-09-17 03:00,2025-09-17,3,9,가을,21.5,21.4,0.0,0.0,89,1.9,33,61,0,0,따뜻함,보통
2025-09-17 04:00,2025-09-17,4,9,가을,19.3,16.5,0.0,0.0,74,4.2,35,56,0,0,따뜻함,보통
2025-09-17 05:00,2025-09-17,5,9,가을,24.8,22.2,0.0,0.0,75,2.8,42,89,0,0,더움,나쁨
2025-09-17 06:00,2025-09-17,6,9,가을,22.0,17.2,0.0,0.0,42,7.6,21,32,0,0,따뜻함,보통
2025-09-17 07:00,2025-09-17,7,9,가을,26.4,22.3,0.0,0.0,73,7.3,47,83,0,0,더움,나쁨
2025-09-17 08:00,2025-09-17,8,9,가을,20.5,16.3,0.0,0.0,40,6.3,9,19,0,0,따뜻함,좋음
2025-09-17 09:00,2025-09-17,9,9,가을,26.0,22.6,0.0,0.0,40,4.7,27,52,0,0,더움,보통
2025-09-17 10:00,2025-09-17,10,9,가을,29.7,24.9,0.0,0.0,63,7.1,7,11,0,0,더움,좋음
2025-09-17 11:00,2025-09-17,11,9,가을,25.0,22.8,0.0,0.0,36,2.1,44,91,0,0,더움,나쁨
2025-09-17 12:00,2025-09-17,12,9,가을,30.7,25.6,0.0,0.0,82,7.9,51,76,0,0,매우더움,나쁨
2025-09-17 13:00,2025-09-17,13,9,가을,26.4,25.2,0.0,0.0,83,2.0,25,46,0,0,더움,보통
2025-09-17 14:00,2025-09-17,14,9,가을,22.3,17.5,0.0,0.0,34,5.3,17,29,0,0,따뜻함,보통
2025-09-17 15:00,2025-09-17,15,9,가을,20.5,18.2,0.0,0.0,68,3.8,8,17,0,0,따뜻함,좋음
2025-09-17 16:00,2025-09-17,16,9,가을,25.3,21.8,0.0,0.0,62,5.1,28,53,0,0,더움,보통
2025-09-17 17:00,2025-09-17,17,9,가을,20.3,16.7,0.0,0.0,67,5.3,23,44,0,0,따뜻함,보통
2025-09-17 18:00,2025-09-17,18,9,가을,26.8,26.0,0.0,0.0,84,1.1,42,80,0,0,더움,나쁨
2025-09-17 19:00,2025-09-17,19,9,가을,16.6,13.4,0.0,0.0,51,4.5,51,86,0,0,따뜻함,나쁨
2025-09-17 20:00,2025-09-17,20,9,가을,15.9,11.8,0.0,0.0,76,5.1,35,74,0,0,따뜻함,보통
2025-09-17 21:00,2025-09-17,21,9,가을,16.4,12.8,0.0,0.0,50,5.6,31,67,0,0,따뜻함,보통
2025-09-17 22:00,2025-09-17,22,9,가을,21.2,20.7,0.0,0.0,33,1.6,37,64,0,0,따뜻함,나쁨
2025-09-17 23:00,2025-09-17,23,9,가을,20.8,17.4,0.0,0.0,90,5.6,38,60,0,0,따뜻함,나쁨
2025-09-18 00:00,2025-09-18,0,9,가을,11.9,9.1,0.0,0.0,87,3.6,42,81,0,0,선선함,나쁨
2025-09-18 01:00,2025-09-18,1,9,가을,22.5,18.9,0.0,0.0,51,5.8,48,89,0,0,따뜻함,나쁨
2025-09-18 02:00,2025-09-18,2,9,가을,13.5,8.4,0.0,0.0,43,6.6,23,37,0,0,선선함,보통
2025-09-18 03:00,2025-09-18,3,9,가을,17.8,16.8,0.0,0.0,63,1.5,18,35,0,0,따뜻함,보통
2025-09-18 04:00,2025-09-18,4,9,가을,16.3,11.4,0.0,0.0,81,5.5,16,33,0,0,따뜻함,보통
2025-09-18 05:00,2025-09-18,5,9,가을,17.3,14.1,0.0,0.0,86,5.0,46,79,0,0,따뜻함,나쁨
2025-09-18 06:00,2025-09-18,6,9,가을,19.9,17.9,0.0,0.0,49,2.2,38,60,0,0,따뜻함,나쁨
2025-09-18 07:00,2025-09-18,7,9,가을,25.8,25.9,0.0,0.0,82,0.9,60,111,0,0,더움,나쁨
2025-09-18 08:00,2025-09-18,8,9,가을,22.4,19.3,0.0,0.0,83,4.4,24,37,0,0,따뜻함,보통
2025-09-18 09:00,2025-09-18,9,9,가을,24.0,21.8,0.0,0.0,39,2.7,21,32,0,0,더움,보통
2025-09-18 10:00,2025-09-18,10,9,가을,31.5,31.0,0.0,0.0,50,1.0,37,70,0,0,매우더움,나쁨
2025-09-18 11:00,2025-09-18,11,9,가을,26.7,22.5,3.0,0.0,75,4.2,40,80,1,0,더움,나쁨
2025-09-18 12:00,2025-09-18,12,9,가을,29.3,24.8,0.0,0.0,31,6.9,38,74,0,0,더움,나쁨
2025-09-18 13:00,2025-09-18,13,9,가을,31.4,29.4,0.0,0.0,60,2.9,39,67,0,0,매우더움,나쁨
2025-09-18 14:00,2025-09-18,14,9,가을,25.7,21.8,0.0,0.0,34,6.1,17,32,0,0,더움,보통
2025-09-18 15:00,2025-09-18,15,9,가을,20.2,16.0,0.0,0.0,72,5.5,36,57,0,0,따뜻함,나쁨
2025-09-18 16:00,2025-09-18,16,9,가을,21.3,17.3,0.0,0.0,59,5.6,30,53,0,0,따뜻함,보통
2025-09-18 17:00,2025-09-18,17,9,가을,19.2,14.9,0.0,0.0,81,5.5,51,109,0,0,따뜻함,나쁨
2025-09-18 18:00,2025-09-18,18,9,가을,16.6,14.0,0.0,0.0,68,2.3,7,14,0,0,따뜻함,좋음
2025-09-18 19:00,2025-09-18,19,9,가을,21.6,18.4,0.0,0.0,77,4.8,16,30,0,0,따뜻함,보통
2025-09-18 20:00,2025-09-18,20,9,가을,18.9,13.5,0.0,0.0,35,7.5,45,98,0,0,따뜻함,나쁨
2025-09-18 21:00,2025-09-18,21,9,가을,18.7,17.6,0.0,0.0,55,2.2,35,62,0,0,따뜻함,보통
2025-09-18 22:00,2025-09-18,22,9,가을,20.5,19.4,0.0,0.0,60,1.1,53,86,0,0,따뜻함,나쁨
2025-09-18 23:00,2025-09-18,23,9,가을,14.3,12.4,0.0,0.0,33,2.1,24,51,0,0,선선함,보통
2025-09-19 00:00,2025-09-19,0,9,가을,14.5,13.0,0.0,0.0,61,3.2,40,76,0,0,선선함,나쁨
2025-09-19 01:00,2025-09-19,1,9,가을,16.6,13.8,0.0,0.0,64,5.4,9,15,0,0,따뜻함,좋음
2025-09-19 02:00,2025-09-19,2,9,가을,14.6,11.8,0.0,0.0,49,5.7,25,43,0,0,선선함,보통
2025-09-19 03:00,2025-09-19,3,9,가을,16.2,16.5,0.0,0.0,82,0.5,51,81,0,0,따뜻함,나쁨
2025-09-19 04:00,2025-09-19,4,9,가을,17.3,17.5,0.0,0.0,87,0.9,51,96,0,0,따뜻함,나쁨
2025-09-19 05:00,2025-09-19,5,9,가을,22.7,18.3,0.0,0.0,56,6.5,26,54,0,0,따뜻함,보통
2025-09-19 06:00,2025-09-19,6,9,가을,20.3,19.2,0.0,0.0,37,1.3,12,24,0,0,따뜻함,좋음
2025-09-19 07:00,2025-09-19,7,9,가을,27.0,24.7,0.0,0.0,30,2.7,31,62,0,0,더움,보통
2025-09-19 08:00,2025-09-19,8,9,가을,29.6,25.6,0.0,0.0,56,6.6,35,67,0,0,더움,보통
2025-09-19 09:00,2025-09-19,9,9,가을,24.9,20.6,0.0,0.0,55,6.3,50,85,0,0,더움,나쁨
2025-09-19 10:00,2025-09-19,10,9,가을,28.1,26.9,0.0,0.0,84,1.5,46,100,0,0,더움,나쁨
2025-09-19 11:00,2025-09-19,11,9,가을,22.4,18.3,0.0,0.0,89,5.4,5,7,0,0,따뜻함,좋음
2025-09-19 12:00,2025-09-19,12,9,가을,31.8,29.1,0.0,0.0,87,3.3,26,41,0,0,매우더움,보통
2025-09-19 13:00,2025-09-19,13,9,가을,27.8,24.7,0.0,0.0,81,4.8,43,76,0,0,더움,나쁨
2025-09-19 14:00,2025-09-19,14,9,가을,22.2,20.9,0.0,0.0,48,0.9,21,43,0,0,따뜻함,보통
2025-09-19 15:00,2025-09-19,15,9,가을,26.2,23.2,0.0,0.0,46,2.6,29,47,0,0,더움,보통
2025-09-19 16:00,2025-09-19,16,9,가을,24.6,23.2,0.0,0.0,84,2.7,36,78,0,0,더움,나쁨
2025-09-19 17:00,2025-09-19,17,9,가을,23.7,19.9,0.0,0.0,39,4.5,50,76,0,0,더움,나쁨
2025-09-19 18:00,2025-09-19,18,9,가을,21.6,20.5,0.0,0.0,53,2.0,27,52,0,0,따뜻함,보통
2025-09-19 19:00,2025-09-19,19,9,가을,23.1,18.4,0.0,0.0,33,6.9,51,102,0,0,더움,나쁨
2025-09-19 20:00,2025-09-19,20,9,가을,21.3,18.3,0.0,0.0,78,4.9,22,35,0,0,따뜻함,보통
2025-09-19 21:00,2025-09-19,21,9,가을,21.1,16.9,0.0,0.0,89,5.3,49,77,0,0,따뜻함,나쁨
2025-09-19 22:00,2025-09-19,22,9,가을,22.7,21.8,0.0,0.0,85,1.7,26,55,0,0,따뜻함,보통
2025-09-19 23:00,2025-09-19,23,9,가을,16.7,13.3,0.0,0.0,41,4.5,23,47,0,0,따뜻함,보통
2025-09-20 00:00,2025-09-20,0,9,가을,14.8,12.4,0.0,0.0,67,3.5,33,51,0,0,선선함,보통
2025-09-20 01:00,2025-09-20,1,9,가을,18.9,16.2,0.0,0.0,43,3.7,33,60,0,0,따뜻함,보통
2025-09-20 02:00,2025-09-20,2,9,가을,20.2,18.1,0.0,0.0,62,2.8,27,53,0,0,따뜻함,보통
2025-09-20 03:00,2025-09-20,3,9,가을,20.4,19.4,0.0,0.0,63,1.9,24,42,0,0,따뜻함,보통
2025-09-20 04:00,2025-09-20,4,9,가을,19.9,16.9,1.8,0.0,66,4.3,20,41,1,0,따뜻함,보통
2025-09-20 05:00,2025-09-20,5,9,가을,24.0,19.8,0.0,0.0,52,5.7,37,68,0,0,더움,나쁨
2025-09-20 06:00,2025-09-20,6,9,가을,24.7,23.4,0.0,0.0,49,1.8,24,36,0,0,더움,보통
2025-09-20 07:00,2025-09-20,7,9,가을,27.8,25.9,0.0,0.0,84,2.4,29,46,0,0,더움,보통
2025-09-20 08:00,2025-09-20,8,9,가을,23.0,21.9,0.0,0.0,43,1.3,28,46,0,0,더움,보통
2025-09-20 09:00,2025-09-20,9,9,가을,23.4,21.6,0.0,0.0,72,3.1,53,110,0,0,더움,나쁨
2025-09-20 10:00,2025-09-20,10,9,가을,29.7,26.3,0.0,0.0,51,6.1,39,71,0,0,더움,나쁨
2025-09-20 11:00,2025-09-20,11,9,가을,25.6,22.4,0.0,0.0,51,4.6,27,45,0,0,더움,보통
2025-09-20 12:00,2025-09-20,12,9,가을,23.5,23.4,0.0,0.0,50,0.6,14,23,0,0,더움,좋음
2025-09-20 13:00,2025-09-20,13,9,가을,28.8,26.1,0.0,0.0,39,5.4,32,56,0,0,더움,보통
2025-09-20 14:00,2025-09-20,14,9,가을,28.9,23.1,0.0,0.0,68,7.5,19,39,0,0,더움,보통
2025-09-20 15:00,2025-09-20,15,9,가을,26.2,26.1,0.0,0.0,37,0.8,24,36,0,0,더움,보통
2025-09-20 16:00,2025-09-20,16,9,가을,28.0,25.2,0.0,0.0,34,3.4,32,68,0,0,더움,보통
2025-09-20 17:00,2025-09-20,17,9,가을,24.0,21.7,0.0,0.0,51,3.6,32,52,0,0,더움,보통
2025-09-20 18:00,2025-09-20,18,9,가을,20.9,18.2,0.0,0.0,59,3.9,19,37,0,0,따뜻함,보통
2025-09-20 19:00,2025-09-20,19,9,가을,27.0,26.3,0.0,0.0,70,1.1,46,88,0,0,더움,나쁨
2025-09-20 20:00,2025-09-20,20,9,가을,16.9,12.2,0.0,0.0,46,7.1,5,9,0,0,따뜻함,좋음
2025-09-20 21:00,2025-09-20,21,9,가을,17.0,16.5,0.0,0.0,63,1.0,41,76,0,0,따뜻함,나쁨
2025-09-20 22:00,2025-09-20,22,9,가을,19.6,15.7,0.0,0.0,79,5.1,41,90,0,0,따뜻함,나쁨
2025-09-20 23:00,2025-09-20,23,9,가을,13.6,9.8,0.0,0.0,84,5.9,52,91,0,0,선선함,나쁨
2025-09-21 00:00,2025-09-21,0,9,가을,12.6,9.7,0.0,0.0,47,4.8,37,81,0,0,선선함,나쁨
2025-09-21 01:00,2025-09-21,1,9,가을,21.8,20.8,0.0,0.0,38,3.3,24,42,0,0,따뜻함,보통
2025-09-21 02:00,2025-09-21,2,9,가을,15.9,14.4,0.0,0.0,62,3.1,34,68,0,0,따뜻함,보통
2025-09-21 03:00,2025-09-21,3,9,가을,19.8,14.2,0.0,0.0,70,8.0,29,50,0,0,따뜻함,보통
2025-09-21 04:00,2025-09-21,4,9,가을,20.1,16.1,0.0,0.0,70,5.9,30,55,0,0,따뜻함,보통
2025-09-21 05:00,2025-09-21,5,9,가을,18.3,13.9,0.0,0.0,30,6.0,30,65,0,0,따뜻함,보통
2025-09-21 06:00,2025-09-21,6,9,가을,20.3,16.1,0.5,0.0,62,6.4,11,22,1,0,따뜻함,좋음
2025-09-21 07:00,2025-09-21,7,9,가을,22.0,17.3,0.0,0.0,83,6.8,41,76,0,0,따뜻함,나쁨
2025-09-21 08:00,2025-09-21,8,9,가을,23.4,18.9,0.0,0.0,89,7.0,8,16,0,0,더움,좋음
2025-09-21 09:00,2025-09-21,9,9,가을,22.8,18.6,0.0,0.0,64,6.0,5,8,0,0,따뜻함,좋음
2025-09-21 10:00,2025-09-21,10,9,가을,22.6,17.7,0.0,0.0,73,6.6,5,9,0,0,따뜻함,좋음
2025-09-21 11:00,2025-09-21,11,9,가을,26.6,21.7,0.0,0.0,59,7.2,8,17,0,0,더움,좋음
2025-09-21 12:00,2025-09-21,12,9,가을,26.6,22.6,0.0,0.0,69,5.6,13,25,0,0,더움,좋음
2025-09-21 13:00,2025-09-21,13,9,가을,24.9,24.9,0.0,0.0,31,0.8,19,30,0,0,더움,보통
2025-09-21 14:00,2025-09-21,14,9,가을,32.9,27.8,0.0,0.0,64,6.8,19,38,0,0,매우더움,보통
2025-09-21 15:00,2025-09-21,15,9,가을,27.8,26.4,0.0,0.0,80,2.5,41,63,0,0,더움,나쁨
2025-09-21 16:00,2025-09-21,16,9,가을,27.3,25.3,0.0,0.0,54,3.9,41,73,0,0,더움,나쁨
2025-09-21 17:00,2025-09-21,17,9,가을,21.6,18.4,0.0,0.0,77,4.5,11,16,0,0,따뜻함,좋음
2025-09-21 18:00,2025-09-21,18,9,가을,17.8,17.6,0.0,0.0,57,1.1,38,74,0,0,따뜻함,나쁨
2025-09-21 19:00,2025-09-21,19,9,가을,23.4,19.0,0.0,0.0,41,7.7,17,32,0,0,더움,보통
2025-09-21 20:00,2025-09-21,20,9,가을,21.6,20.4,0.0,0.0,32,2.0,45,88,0,0,따뜻함,나쁨
2025-09-21 21:00,2025-09-21,21,9,가을,17.3,16.3,0.7,0.0,86,0.7,18,28,1,0,따뜻함,보통
2025-09-21 22:00,2025-09-21,22,9,가을,14.4,10.1,0.0,0.0,38,7.2,22,45,0,0,선선함,보통
2025-09-21 23:00,2025-09-21,23,9,가을,18.5,16.8,0.0,0.0,86,1.8,14,25,0,0,따뜻함,좋음
2025-09-22 00:00,2025-09-22,0,9,가을,11.8,11.8,0.0,0.0,72,0.7,30,54,0,0,선선함,보통
2025-09-22 01:00,2025-09-22,1,9,가을,14.2,11.2,0.0,0.0,89,4.3,11,19,0,0,선선함,좋음
2025-09-22 02:00,2025-09-22,2,9,가을,16.5,14.2,0.0,0.0,79,4.1,28,60,0,0,따뜻함,보통
2025-09-22 03:00,2025-09-22,3,9,가을,20.3,16.6,0.0,0.0,47,4.6,47,73,0,0,따뜻함,나쁨
2025-09-22 04:00,2025-09-22,4,9,가을,16.4,15.5,0.0,0.0,64,1.3,47,89,0,0,따뜻함,나쁨
2025-09-22 05:00,2025-09-22,5,9,가을,18.1,16.4,0.0,0.0,47,3.2,34,66,0,0,따뜻함,보통
2025-09-22 06:00,2025-09-22,6,9,가을,20.8,17.8,0.0,0.0,38,3.8,29,44,0,0,따뜻함,보통
2025-09-22 07:00,2025-09-22,7,9,가을,24.1,22.6,0.0,0.0,82,2.0,12,18,0,0,더움,좋음
2025-09-22 08:00,2025-09-22,8,9,가을,28.1,24.9,0.0,0.0,36,5.1,26,50,0,0,더움,보통
2025-09-22 09:00,2025-09-22,9,9,가을,27.4,23.2,0.0,0.0,50,5.6,46,96,0,0,더움,나쁨
2025-09-22 10:00,2025-09-22,10,9,가을,22.1,17.5,0.0,0.0,82,5.9,27,57,0,0,따뜻함,보통
2025-09-22 11:00,2025-09-22,11,9,가을,27.1,23.7,0.0,0.0,44,4.7,20,33,0,0,더움,보통
2025-09-22 12:00,2025-09-22,12,9,가을,27.0,24.9,0.0,0.0,44,2.8,20,40,0,0,더움,보통
2025-09-22 13:00,2025-09-22,13,9,가을,28.7,26.6,0.0,0.0,36,3.4,31,56,0,0,더움,보통
2025-09-22 14:00,2025-09-22,14,9,가을,31.3,26.6,0.0,0.0,78,7.3,33,62,0,0,매우더움,보통
2025-09-22 15:00,2025-09-22,15,9,가을,24.6,22.5,0.0,0.0,83,2.0,41,63,0,0,더움,나쁨
2025-09-22 16:00,2025-09-22,16,9,가을,26.2,22.6,0.0,0.0,31,5.6,5,8,0,0,더움,좋음
2025-09-22 17:00,2025-09-22,17,9,가을,25.6,20.8,0.0,0.0,31,7.5,31,49,0,0,더움,보통
2025-09-22 18:00,2025-09-22,18,9,가을,19.2,14.3,0.0,0.0,57,6.6,27,54,0,0,따뜻함,보통
2025-09-22 19:00,2025-09-22,19,9,가을,17.3,14.0,0.0,0.0,55,4.8,42,91,0,0,따뜻함,나쁨
2025-09-22 20:00,2025-09-22,20,9,가을,17.4,14.8,0.0,0.0,78,4.3,13,25,0,0,따뜻함,좋음
2025-09-22 21:00,2025-09-22,21,9,가을,18.3,15.2,0.0,0.0,55,4.1,34,63,0,0,따뜻함,보통
2025-09-22 22:00,2025-09-22,22,9,가을,19.9,15.3,0.0,0.0,37,6.1,21,37,0,0,따뜻함,보통
2025-09-22 23:00,2025-09-22,23,9,가을,17.4,16.5,0.0,0.0,66,0.7,23,45,0,0,따뜻함,보통
2025-09-23 00:00,2025-09-23,0,9,가을,12.1,10.8,0.0,0.0,52,2.6,21,31,0,0,선선함,보통
2025-09-23 01:00,2025-09-23,1,9,가을,12.6,7.7,0.0,0.0,53,7.7,20,41,0,0,선선함,보통
2025-09-23 02:00,2025-09-23,2,9,가을,16.1,11.9,0.0,0.0,41,5.2,33,49,0,0,따뜻함,보통
2025-09-23 03:00,2025-09-23,3,9,가을,19.5,16.4,0.0,0.0,67,4.6,15,31,0,0,따뜻함,좋음
2025-09-23 04:00,2025-09-23,4,9,가을,16.2,14.2,0.0,0.0,53,1.9,5,10,0,0,따뜻함,좋음
2025-09-23 05:00,2025-09-23,5,9,가을,21.9,20.5,0.0,0.0,54,2.5,27,42,0,0,따뜻함,보통
2025-09-23 06:00,2025-09-23,6,9,가을,21.5,18.9,0.0,0.0,82,3.7,36,69,0,0,따뜻함,나쁨
2025-09-23 07:00,2025-09-23,7,9,가을,20.0,15.7,0.0,0.0,76,6.0,10,17,0,0,따뜻함,좋음
2025-09-23 08:00,2025-09-23,8,9,가을,21.4,19.4,0.0,0.0,35,3.1,7,14,0,0,따뜻함,좋음
2025-09-23 09:00,2025-09-23,9,9,가을,20.3,15.7,0.0,0.0,66,6.8,27,58,0,0,따뜻함,보통
2025-09-23 10:00,2025-09-23,10,9,가을,21.7,16.5,0.0,0.0,90,7.0,30,65,0,0,따뜻함,보통
2025-09-23 11:00,2025-09-23,11,9,가을,22.9,18.3,0.0,0.0,82,7.9,34,65,0,0,따뜻함,보통
2025-09-23 12:00,2025-09-23,12,9,가을,31.4,27.3,0.0,0.0,72,6.3,55,99,0,0,매우더움,나쁨
2025-09-23 13:00,2025-09-23,13,9,가을,29.1,24.6,0.6,0.0,40,7.1,29,51,1,0,더움,보통
2025-09-23 14:00,2025-09-23,14,9,가을,26.1,22.5,0.0,0.0,52,5.4,44,80,0,0,더움,나쁨
2025-09-23 15:00,2025-09-23,15,9,가을,27.6,23.8,0.0,0.0,34,4.9,29,43,0,0,더움,보통
2025-09-23 16:00,2025-09-23,16,9,가을,20.9,18.6,0.0,0.0,48,3.6,35,66,0,0,따뜻함,보통
2025-09-23 17:00,2025-09-23,17,9,가을,24.7,23.1,0.0,0.0,48,2.2,35,74,0,0,더움,보통
2025-09-23 18:00,2025-09-23,18,9,가을,21.3,20.3,0.0,0.0,55,1.9,44,80,0,0,따뜻함,나쁨
2025-09-23 19:00,2025-09-23,19,9,가을,25.0,20.6,0.0,0.0,32,6.5,8,14,0,0,더움,좋음
2025-09-23 20:00,2025-09-23,20,9,가을,16.5,13.2,0.0,0.0,60,4.4,13,22,0,0,따뜻함,좋음
2025-09-23 21:00,2025-09-23,21,9,가을,22.1,22.1,0.0,0.0,85,0.8,15,31,0,0,따뜻함,좋음
2025-09-23 22:00,2025-09-23,22,9,가을,20.5,19.2,0.0,0.0,51,1.5,14,28,0,0,따뜻함,좋음
2025-09-23 23:00,2025-09-23,23,9,가을,21.0,18.8,0.0,0.0,72,2.8,21,38,0,0,따뜻함,보통
2025-09-24 00:00,2025-09-24,0,9,가을,12.0,8.8,0.0,0.0,58,3.7,41,75,0,0,선선함,나쁨
2025-09-24 01:00,2025-09-24,1,9,가을,19.7,18.8,0.0,0.0,46,2.2,23,42,0,0,따뜻함,보통
2025-09-24 02:00,2025-09-24,2,9,가을,19.2,16.4,0.0,0.0,55,4.9,22,35,0,0,따뜻함,보통
2025-09-24 03:00,2025-09-24,3,9,가을,20.3,18.6,0.0,0.0,59,2.3,42,70,0,0,따뜻함,나쁨
2025-09-24 04:00,2025-09-24,4,9,가을,16.3,14.7,0.0,0.0,49,1.7,11,23,0,0,따뜻함,좋음
2025-09-24 05:00,2025-09-24,5,9,가을,15.0,13.9,0.0,0.0,35,1.3,5,8,0,0,따뜻함,좋음
2025-09-24 06:00,2025-09-24,6,9,가을,23.6,21.4,0.0,0.0,76,2.8,24,39,0,0,더움,보통
2025-09-24 07:00,2025-09-24,7,9,가을,25.5,23.9,0.0,0.0,45,3.0,5,8,0,0,더움,좋음
2025-09-24 08:00,2025-09-24,8,9,가을,20.9,18.2,0.0,0.0,47,5.1,5,7,0,0,따뜻함,좋음
2025-09-24 09:00,2025-09-24,9,9,가을,22.1,18.9,0.0,0.0,39,4.1,41,70,0,0,따뜻함,나쁨
2025-09-24 10:00,2025-09-24,10,9,가을,27.4,25.7,0.0,0.0,59,1.8,27,45,0,0,더움,보통
2025-09-24 11:00,2025-09-24,11,9,가을,26.2,22.2,0.0,0.0,75,5.3,21,41,0,0,더움,보통
2025-09-24 12:00,2025-09-24,12,9,가을,32.1,29.2,0.0,0.0,84,5.3,38,72,0,0,매우더움,나쁨
2025-09-24 13:00,2025-09-24,13,9,가을,28.5,24.3,0.0,0.0,77,6.5,29,55,0,0,더움,보통
2025-09-24 14:00,2025-09-24,14,9,가을,28.0,24.2,0.0,0.0,35,5.1,36,78,0,0,더움,나쁨
2025-09-24 15:00,2025-09-24,15,9,가을,23.5,23.4,0.0,0.0,65,1.8,25,48,0,0,더움,보통
2025-09-24 16:00,2025-09-24,16,9,가을,19.7,18.5,0.0,0.0,81,2.7,14,24,0,0,따뜻함,좋음
2025-09-24 17:00,2025-09-24,17,9,가을,24.9,24.3,0.0,0.0,43,0.6,40,85,0,0,더움,나쁨
2025-09-24 18:00,2025-09-24,18,9,가을,23.9,20.2,0.0,0.0,32,4.9,26,53,0,0,더움,보통
2025-09-24 19:00,2025-09-24,19,9,가을,23.0,18.9,0.0,0.0,63,6.5,30,62,0,0,더움,보통
2025-09-24 20:00,2025-09-24,20,9,가을,17.1,14.5,0.0,0.0,62,3.1,24,48,0,0,따뜻함,보통
2025-09-24 21:00,2025-09-24,21,9,가을,20.4,16.8,0.0,0.0,70,4.6,47,101,0,0,따뜻함,나쁨
2025-09-24 22:00,2025-09-24,22,9,가을,19.3,17.0,0.0,0.0,47,4.4,9,19,0,0,따뜻함,좋음
2025-09-24 23:00,2025-09-24,23,9,가을,19.7,16.3,0.0,0.0,31,5.4,14,29,0,0,따뜻함,좋음
2025-09-25 00:00,2025-09-25,0,9,가을,15.6,10.5,0.0,0.0,36,7.8,19,36,0,0,따뜻함,보통
2025-09-25 01:00,2025-09-25,1,9,가을,16.4,11.1,0.0,0.0,40,7.7,5,7,0,0,따뜻함,좋음
2025-09-25 02:00,2025-09-25,2,9,가을,19.4,16.5,0.0,0.0,53,4.1,17,35,0,0,따뜻함,보통
2025-09-25 03:00,2025-09-25,3,9,가을,19.7,19.1,0.0,0.0,45,1.7,21,32,0,0,따뜻함,보통
2025-09-25 04:00,2025-09-25,4,9,가을,20.5,15.9,0.0,0.0,77,6.9,15,26,0,0,따뜻함,좋음
2025-09-25 05:00,2025-09-25,5,9,가을,27.5,23.4,0.0,0.0,54,5.1,33,56,0,0,더움,보통
2025-09-25 06:00,2025-09-25,6,9,가을,22.3,19.5,0.0,0.0,88,3.9,48,98,0,0,따뜻함,나쁨
2025-09-25 07:00,2025-09-25,7,9,가을,18.6,15.2,0.0,0.0,84,4.7,26,50,0,0,따뜻함,보통
2025-09-25 08:00,2025-09-25,8,9,가을,27.5,23.3,0.0,0.0,62,6.4,41,63,0,0,더움,나쁨
2025-09-25 09:00,2025-09-25,9,9,가을,25.1,22.1,0.0,0.0,82,4.4,5,9,0,0,더움,좋음
2025-09-25 10:00,2025-09-25,10,9,가을,25.1,23.0,0.0,0.0,67,2.7,24,38,0,0,더움,보통
2025-09-25 11:00,2025-09-25,11,9,가을,29.6,28.2,0.0,0.0,41,2.7,32,50,0,0,더움,보통
2025-09-25 12:00,2025-09-25,12,9,가을,24.4,24.4,0.0,0.0,62,0.5,29,54,0,0,더움,보통
2025-09-25 13:00,2025-09-25,13,9,가을,28.1,26.1,0.0,0.0,70,3.7,27,53,0,0,더움,보통
2025-09-25 14:00,2025-09-25,14,9,가을,23.1,20.1,0.0,0.0,90,4.0,31,63,0,0,더움,보통
2025-09-25 15:00,2025-09-25,15,9,가을,20.4,15.4,0.0,0.0,72,6.5,58,111,0,0,따뜻함,나쁨
2025-09-25 16:00,2025-09-25,16,9,가을,24.0,23.0,0.0,0.0,44,0.5,34,74,0,0,더움,보통
2025-09-25 17:00,2025-09-25,17,9,가을,18.0,15.9,0.0,0.0,48,3.2,25,48,0,0,따뜻함,보통
2025-09-25 18:00,2025-09-25,18,9,가을,19.7,16.8,0.0,0.0,68,3.6,5,9,0,0,따뜻함,좋음
2025-09-25 19:00,2025-09-25,19,9,가을,20.3,18.2,0.0,0.0,76,2.9,35,68,0,0,따뜻함,보통
2025-09-25 20:00,2025-09-25,20,9,가을,16.3,13.0,0.0,0.0,41,4.2,36,76,0,0,따뜻함,나쁨
2025-09-25 21:00,2025-09-25,21,9,가을,14.6,12.5,0.0,0.0,37,2.5,41,79,0,0,선선함,나쁨
2025-09-25 22:00,2025-09-25,22,9,가을,13.3,11.7,0.0,0.0,71,2.7,37,75,0,0,선선함,나쁨
2025-09-25 23:00,2025-09-25,23,9,가을,13.2,11.3,0.0,0.0,61,2.3,31,59,0,0,선선함,보통
2025-09-26 00:00,2025-09-26,0,9,가을,15.2,11.4,0.0,0.0,34,5.0,27,58,0,0,따뜻함,보통
2025-09-26 01:00,2025-09-26,1,9,가을,21.6,18.4,0.0,0.0,86,4.1,17,30,0,0,따뜻함,보통
2025-09-26 02:00,2025-09-26,2,9,가을,20.8,17.2,1.2,0.0,80,4.2,56,113,1,0,따뜻함,나쁨
2025-09-26 03:00,2025-09-26,3,9,가을,18.4,17.5,0.0,0.0,38,0.9,61,120,0,0,따뜻함,나쁨
2025-09-26 04:00,2025-09-26,4,9,가을,22.5,17.2,0.0,0.0,76,6.8,41,70,0,0,따뜻함,나쁨
2025-09-26 05:00,2025-09-26,5,9,가을,26.2,22.6,0.0,0.0,73,4.5,6,9,0,0,더움,좋음
2025-09-26 06:00,2025-09-26,6,9,가을,23.9,20.8,0.0,0.0,66,5.1,29,50,0,0,더움,보통
2025-09-26 07:00,2025-09-26,7,9,가을,22.3,21.3,0.0,0.0,66,0.9,10,19,0,0,따뜻함,좋음
2025-09-26 08:00,2025-09-26,8,9,가을,23.6,22.5,0.0,0.0,81,0.7,26,48,0,0,더움,보통
2025-09-26 09:00,2025-09-26,9,9,가을,27.4,26.2,0.0,0.0,67,1.7,8,13,0,0,더움,좋음
2025-09-26 10:00,2025-09-26,10,9,가을,26.3,23.2,0.0,0.0,58,4.4,39,75,0,0,더움,나쁨
2025-09-26 11:00,2025-09-26,11,9,가을,24.0,19.8,0.0,0.0,44,5.4,25,45,0,0,더움,보통
2025-09-26 12:00,2025-09-26,12,9,가을,22.5,23.0,0.0,0.0,32,0.6,20,34,0,0,따뜻함,보통
2025-09-26 13:00,2025-09-26,13,9,가을,24.0,22.9,0.0,0.0,38,0.9,19,36,0,0,더움,보통
2025-09-26 14:00,2025-09-26,14,9,가을,26.8,24.4,0.0,0.0,50,2.7,41,66,0,0,더움,나쁨
2025-09-26 15:00,2025-09-26,15,9,가을,29.3,28.9,0.0,0.0,33,1.6,5,10,0,0,더움,좋음
2025-09-26 16:00,2025-09-26,16,9,가을,24.0,19.9,0.0,0.0,68,6.5,23,43,0,0,더움,보통
2025-09-26 17:00,2025-09-26,17,9,가을,24.3,21.8,0.0,0.0,60,2.7,5,7,0,0,더움,좋음
2025-09-26 18:00,2025-09-26,18,9,가을,18.1,15.5,0.0,0.0,34,3.6,16,29,0,0,따뜻함,보통
2025-09-26 19:00,2025-09-26,19,9,가을,22.4,20.2,0.0,0.0,79,3.7,19,31,0,0,따뜻함,보통
2025-09-26 20:00,2025-09-26,20,9,가을,16.2,13.7,0.0,0.0,38,3.5,62,124,0,0,따뜻함,나쁨
2025-09-26 21:00,2025-09-26,21,9,가을,17.6,14.3,4.2,0.0,61,5.4,30,52,1,0,따뜻함,보통
2025-09-26 22:00,2025-09-26,22,9,가을,13.7,9.5,0.0,0.0,38,6.1,48,84,0,0,선선함,나쁨
2025-09-26 23:00,2025-09-26,23,9,가을,15.8,13.1,0.0,0.0,30,3.0,21,32,0,0,따뜻함,보통
2025-09-27 00:00,2025-09-27,0,9,가을,18.4,15.3,0.0,0.0,90,4.2,34,55,0,0,따뜻함,보통
2025-09-27 01:00,2025-09-27,1,9,가을,17.5,11.9,0.0,0.0,71,7.3,16,25,0,0,따뜻함,보통
2025-09-27 02:00,2025-09-27,2,9,가을,14.7,12.4,0.0,0.0,62,3.5,8,14,0,0,선선함,좋음
2025-09-27 03:00,2025-09-27,3,9,가을,20.0,16.8,0.0,0.0,47,5.0,42,67,0,0,따뜻함,나쁨
2025-09-27 04:00,2025-09-27,4,9,가을,20.8,14.3,0.0,0.0,47,7.7,47,93,0,0,따뜻함,나쁨
2025-09-27 05:00,2025-09-27,5,9,가을,23.7,18.8,0.0,0.0,54,6.0,44,94,0,0,더움,나쁨
2025-09-27 06:00,2025-09-27,6,9,가을,28.3,24.7,0.0,0.0,77,4.1,47,88,0,0,더움,나쁨
2025-09-27 07:00,2025-09-27,7,9,가을,22.4,19.6,0.0,0.0,52,3.3,17,26,0,0,따뜻함,보통
2025-09-27 08:00,2025-09-27,8,9,가을,24.8,21.3,0.0,0.0,32,4.5,35,72,0,0,더움,보통
2025-09-27 09:00,2025-09-27,9,9,가을,25.7,21.6,0.0,0.0,57,6.3,16,28,0,0,더움,보통
2025-09-27 10:00,2025-09-27,10,9,가을,23.2,21.6,0.0,0.0,33,2.0,39,62,0,0,더움,나쁨
2025-09-27 11:00,2025-09-27,11,9,가을,22.8,21.6,0.0,0.0,66,1.7,34,56,0,0,따뜻함,보통
2025-09-27 12:00,2025-09-27,12,9,가을,31.6,26.3,0.0,0.0,30,6.6,42,70,0,0,매우더움,나쁨
2025-09-27 13:00,2025-09-27,13,9,가을,22.7,17.7,0.0,0.0,51,7.4,39,71,0,0,따뜻함,나쁨
2025-09-27 14:00,2025-09-27,14,9,가을,29.9,24.9,0.0,0.0,48,7.9,29,57,0,0,더움,보통
2025-09-27 15:00,2025-09-27,15,9,가을,31.5,29.0,0.0,0.0,30,2.9,20,40,0,0,매우더움,보통
2025-09-27 16:00,2025-09-27,16,9,가을,22.9,21.5,0.0,0.0,41,3.2,33,69,0,0,따뜻함,보통
2025-09-27 17:00,2025-09-27,17,9,가을,16.6,12.2,0.0,0.0,89,6.7,13,21,0,0,따뜻함,좋음
2025-09-27 18:00,2025-09-27,18,9,가을,23.8,23.5,0.0,0.0,65,0.9,26,56,0,0,더움,보통
2025-09-27 19:00,2025-09-27,19,9,가을,17.2,13.4,0.0,0.0,75,5.7,37,60,0,0,따뜻함,나쁨
2025-09-27 20:00,2025-09-27,20,9,가을,18.1,14.6,0.0,0.0,82,6.2,27,50,0,0,따뜻함,보통
2025-09-27 21:00,2025-09-27,21,9,가을,19.9,16.9,0.0,0.0,55,4.3,31,47,0,0,따뜻함,보통
2025-09-27 22:00,2025-09-27,22,9,가을,15.2,12.0,0.0,0.0,79,3.6,44,81,0,0,따뜻함,나쁨
2025-09-27 23:00,2025-09-27,23,9,가을,20.9,16.6,0.0,0.0,37,5.9,35,76,0,0,따뜻함,보통
2025-09-28 00:00,2025-09-28,0,9,가을,24.6,23.3,0.0,0.0,85,1.4,22,47,0,0,더움,보통
2025-09-28 01:00,2025-09-28,1,9,가을,15.0,12.4,0.0,0.0,53,3.7,22,39,0,0,따뜻함,보통
2025-09-28 02:00,2025-09-28,2,9,가을,17.0,13.5,0.0,0.0,69,4.8,23,48,0,0,따뜻함,보통
2025-09-28 03:00,2025-09-28,3,9,가을,14.2,10.1,0.0,0.0,49,5.6,22,38,0,0,선선함,보통
2025-09-28 04:00,2025-09-28,4,9,가을,19.4,15.0,0.0,0.0,75,7.2,35,70,0,0,따뜻함,보통
2025-09-28 05:00,2025-09-28,5,9,가을,17.8,13.8,0.0,0.0,43,5.2,48,103,0,0,따뜻함,나쁨
2025-09-28 06:00,2025-09-28,6,9,가을,20.2,16.8,0.0,0.0,63,4.1,32,69,0,0,따뜻함,보통
2025-09-28 07:00,2025-09-28,7,9,가을,25.8,21.9,0.0,0.0,68,5.9,22,45,0,0,더움,보통
2025-09-28 08:00,2025-09-28,8,9,가을,27.5,25.4,0.0,0.0,53,2.0,32,49,0,0,더움,보통
2025-09-28 09:00,2025-09-28,9,9,가을,29.8,26.8,0.0,0.0,84,4.6,5,10,0,0,더움,좋음
2025-09-28 10:00,2025-09-28,10,9,가을,29.6,24.6,0.0,0.0,51,7.6,16,24,0,0,더움,보통
2025-09-28 11:00,2025-09-28,11,9,가을,21.1,19.5,0.0,0.0,67,1.1,15,29,0,0,따뜻함,좋음
2025-09-28 12:00,2025-09-28,12,9,가을,25.9,22.4,0.0,0.0,45,6.8,45,91,0,0,더움,나쁨
2025-09-28 13:00,2025-09-28,13,9,가을,26.9,23.4,0.0,0.0,32,5.5,5,8,0,0,더움,좋음
2025-09-28 14:00,2025-09-28,14,9,가을,23.7,22.1,0.0,0.0,89,2.6,49,75,0,0,더움,나쁨
2025-09-28 15:00,2025-09-28,15,9,가을,20.9,19.8,0.0,0.0,35,2.6,38,77,0,0,따뜻함,나쁨
2025-09-28 16:00,2025-09-28,16,9,가을,23.0,18.7,0.0,0.0,32,5.3,26,53,0,0,더움,보통
2025-09-28 17:00,2025-09-28,17,9,가을,28.0,22.2,0.0,0.0,45,7.5,35,53,0,0,더움,보통
2025-09-28 18:00,2025-09-28,18,9,가을,22.0,17.6,0.0,0.0,84,7.1,7,14,0,0,따뜻함,좋음
2025-09-28 19:00,2025-09-28,19,9,가을,19.7,17.9,0.0,0.0,82,3.4,20,43,0,0,따뜻함,보통
2025-09-28 20:00,2025-09-28,20,9,가을,21.1,19.5,0.0,0.0,70,1.9,30,53,0,0,따뜻함,보통
2025-09-28 21:00,2025-09-28,21,9,가을,19.7,17.0,0.0,0.0,38,4.5,18,38,0,0,따뜻함,보통
2025-09-28 22:00,2025-09-28,22,9,가을,19.7,16.4,0.0,0.0,34,6.0,14,25,0,0,따뜻함,좋음
2025-09-28 23:00,2025-09-28,23,9,가을,18.3,12.8,0.0,0.0,80,7.1,25,44,0,0,따뜻함,보통
2025-09-29 00:00,2025-09-29,0,9,가을,16.3,13.6,0.0,0.0,30,3.5,30,47,0,0,따뜻함,보통
2025-09-29 01:00,2025-09-29,1,9,가을,14.7,9.3,0.0,0.0,39,6.6,52,89,0,0,선선함,나쁨
2025-09-29 02:00,2025-09-29,2,9,가을,11.9,12.0,0.0,0.0,89,1.5,19,31,0,0,선선함,보통
2025-09-29 03:00,2025-09-29,3,9,가을,21.6,21.3,0.0,0.0,39,1.1,24,51,0,0,따뜻함,보통
2025-09-29 04:00,2025-09-29,4,9,가을,18.2,14.9,0.0,0.0,60,5.8,18,37,0,0,따뜻함,보통
2025-09-29 05:00,2025-09-29,5,9,가을,25.4,24.7,0.0,0.0,89,0.7,49,76,0,0,더움,나쁨
2025-09-29 06:00,2025-09-29,6,9,가을,24.9,19.2,0.0,0.0,41,8.0,38,76,0,0,더움,나쁨
2025-09-29 07:00,2025-09-29,7,9,가을,19.6,14.2,0.0,0.0,86,5.9,15,30,0,0,따뜻함,좋음
2025-09-29 08:00,2025-09-29,8,9,가을,22.2,20.6,0.0,0.0,61,3.0,34,64,0,0,따뜻함,보통
2025-09-29 09:00,2025-09-29,9,9,가을,20.8,20.0,0.0,0.0,69,2.1,45,68,0,0,따뜻함,나쁨
2025-09-29 10:00,2025-09-29,10,9,가을,25.0,22.3,0.0,0.0,44,4.2,51,96,0,0,더움,나쁨
2025-09-29 11:00,2025-09-29,11,9,가을,25.5,22.5,0.6,0.0,44,3.8,32,67,1,0,더움,보통
2025-09-29 12:00,2025-09-29,12,9,가을,26.8,22.5,0.0,0.0,36,6.6,23,46,0,0,더움,보통
2025-09-29 13:00,2025-09-29,13,9,가을,22.7,17.4,0.0,0.0,87,7.3,35,57,0,0,따뜻함,보통
2025-09-29 14:00,2025-09-29,14,9,가을,28.0,22.7,0.0,0.0,48,5.5,10,19,0,0,더움,좋음
2025-09-29 15:00,2025-09-29,15,9,가을,27.1,21.7,0.0,0.0,50,6.9,13,23,0,0,더움,좋음
2025-09-29 16:00,2025-09-29,16,9,가을,25.2,21.3,0.0,0.0,57,6.1,30,63,0,0,더움,보통
2025-09-29 17:00,2025-09-29,17,9,가을,20.1,15.9,0.0,0.0,37,5.0,50,103,0,0,따뜻함,나쁨
2025-09-29 18:00,2025-09-29,18,9,가을,23.0,22.9,0.0,0.0,54,0.9,19,40,0,0,더움,보통
2025-09-29 19:00,2025-09-29,19,9,가을,19.8,14.0,0.0,0.0,75,7.2,35,58,0,0,따뜻함,보통
2025-09-29 20:00,2025-09-29,20,9,가을,22.6,18.0,0.0,0.0,86,6.1,5,8,0,0,따뜻함,좋음
2025-09-29 21:00,2025-09-29,21,9,가을,17.1,12.2,0.0,0.0,38,7.2,28,54,0,0,따뜻함,보통
2025-09-29 22:00,2025-09-29,22,9,가을,14.2,12.0,0.0,0.0,58,4.4,30,61,0,0,선선함,보통
2025-09-29 23:00,2025-09-29,23,9,가을,14.6,8.7,0.0,0.0,64,7.1,23,46,0,0,선선함,보통
2025-09-30 00:00,2025-09-30,0,9,가을,16.6,11.7,0.0,0.0,80,7.9,25,46,0,0,따뜻함,보통
2025-09-30 01:00,2025-09-30,1,9,가을,14.5,12.3,0.0,0.0,68,2.7,16,32,0,0,선선함,보통
2025-09-30 02:00,2025-09-30,2,9,가을,17.6,16.1,0.0,0.0,65,1.7,27,51,0,0,따뜻함,보통
2025-09-30 03:00,2025-09-30,3,9,가을,19.3,16.4,0.0,0.0,40,2.7,41,66,0,0,따뜻함,나쁨
2025-09-30 04:00,2025-09-30,4,9,가을,22.0,19.9,0.0,0.0,50,2.4,5,8,0,0,따뜻함,좋음
2025-09-30 05:00,2025-09-30,5,9,가을,24.4,24.2,0.0,0.0,41,0.7,19,31,0,0,더움,보통
2025-09-30 06:00,2025-09-30,6,9,가을,26.5,23.5,0.0,0.0,58,3.7,34,73,0,0,더움,보통
2025-09-30 07:00,2025-09-30,7,9,가을,26.8,24.7,0.0,0.0,42,2.7,11,18,0,0,더움,좋음
2025-09-30 08:00,2025-09-30,8,9,가을,29.1,25.3,0.0,0.0,38,5.1,5,10,0,0,더움,좋음
2025-09-30 09:00,2025-09-30,9,9,가을,22.4,17.2,0.0,0.0,73,7.2,34,64,0,0,따뜻함,보통
2025-09-30 10:00,2025-09-30,10,9,가을,27.1,24.1,0.0,0.0,60,4.3,72,123,0,0,더움,나쁨
2025-09-30 11:00,2025-09-30,11,9,가을,25.8,22.3,0.0,0.0,31,5.4,17,34,0,0,더움,보통
2025-09-30 12:00,2025-09-30,12,9,가을,24.7,22.9,0.0,0.0,68,2.1,12,24,0,0,더움,좋음
2025-09-30 13:00,2025-09-30,13,9,가을,28.1,24.2,0.0,0.0,72,5.3,17,30,0,0,더움,보통
2025-09-30 14:00,2025-09-30,14,9,가을,30.2,26.5,0.9,0.0,48,5.0,21,41,1,0,매우더움,보통
2025-09-30 15:00,2025-09-30,15,9,가을,29.2,26.9,0.0,0.0,76,2.8,41,74,0,0,더움,나쁨
2025-09-30 16:00,2025-09-30,16,9,가을,21.1,16.8,0.0,0.0,84,5.1,11,20,0,0,따뜻함,좋음
2025-09-30 17:00,2025-09-30,17,9,가을,19.7,14.3,0.0,0.0,70,7.0,52,85,0,0,따뜻함,나쁨
2025-09-30 18:00,2025-09-30,18,9,가을,20.1,17.6,0.0,0.0,71,3.8,25,42,0,0,따뜻함,보통
2025-09-30 19:00,2025-09-30,19,9,가을,21.3,20.7,0.0,0.0,43,1.4,22,40,0,0,따뜻함,보통
2025-09-30 20:00,2025-09-30,20,9,가을,23.2,21.2,0.0,0.0,82,2.2,40,81,0,0,더움,나쁨
2025-09-30 21:00,2025-09-30,21,9,가을,18.9,18.5,0.0,0.0,62,1.3,33,69,0,0,따뜻함,보통
2025-09-30 22:00,2025-09-30,22,9,가을,16.4,14.5,0.0,0.0,42,3.3,30,45,0,0,따뜻함,보통
2025-09-30 23:00,2025-09-30,23,9,가을,16.7,14.2,0.0,0.0,47,3.5,8,12,0,0,따뜻함,좋음
2025-10-01 00:00,2025-10-01,0,10,가을,4.6,-0.7,0.0,0.0,42,6.9,31,47,0,0,쌀쌀함,보통
2025-10-01 01:00,2025-10-01,1,10,가을,5.8,4.1,0.0,0.0,51,2.2,44,91,0,0,쌀쌀함,나쁨
2025-10-01 02:00,2025-10-01,2,10,가을,11.1,10.7,0.0,0.0,82,0.9,42,92,0,0,선선함,나쁨
2025-10-01 03:00,2025-10-01,3,10,가을,8.1,5.8,0.0,0.0,67,3.2,15,32,0,0,선선함,좋음
2025-10-01 04:00,2025-10-01,4,10,가을,17.7,12.5,0.0,0.0,89,7.9,33,68,0,0,따뜻함,보통
2025-10-01 05:00,2025-10-01,5,10,가을,17.4,13.3,0.0,0.0,82,6.5,37,66,0,0,따뜻함,나쁨
2025-10-01 06:00,2025-10-01,6,10,가을,11.9,8.1,0.0,0.0,53,5.9,75,151,0,0,선선함,나쁨
2025-10-01 07:00,2025-10-01,7,10,가을,20.4,18.9,0.0,0.0,43,1.8,45,84,0,0,따뜻함,나쁨
2025-10-01 08:00,2025-10-01,8,10,가을,15.0,11.2,0.0,0.0,38,5.1,45,69,0,0,따뜻함,나쁨
2025-10-01 09:00,2025-10-01,9,10,가을,23.6,18.4,0.0,0.0,84,7.5,48,99,0,0,더움,나쁨
2025-10-01 10:00,2025-10-01,10,10,가을,17.8,13.6,0.0,0.0,86,6.6,35,67,0,0,따뜻함,보통
2025-10-01 11:00,2025-10-01,11,10,가을,14.7,11.4,0.0,0.0,34,5.0,44,68,0,0,선선함,나쁨
2025-10-01 12:00,2025-10-01,12,10,가을,23.3,20.0,0.0,0.0,75,3.2,23,38,0,0,더움,보통
2025-10-01 13:00,2025-10-01,13,10,가을,23.7,21.3,0.0,0.0,79,2.7,44,67,0,0,더움,나쁨
2025-10-01 14:00,2025-10-01,14,10,가을,18.1,16.8,0.0,0.0,73,2.5,39,68,0,0,따뜻함,나쁨
2025-10-01 15:00,2025-10-01,15,10,가을,21.4,18.9,0.0,0.0,67,4.1,19,40,0,0,따뜻함,보통
2025-10-01 16:00,2025-10-01,16,10,가을,16.9,11.9,0.0,0.0,33,7.0,47,93,0,0,따뜻함,나쁨
2025-10-01 17:00,2025-10-01,17,10,가을,15.9,11.5,0.0,0.0,64,5.6,30,50,0,0,따뜻함,보통
2025-10-01 18:00,2025-10-01,18,10,가을,17.9,15.9,0.0,0.0,67,1.6,17,33,0,0,따뜻함,보통
2025-10-01 19:00,2025-10-01,19,10,가을,10.7,7.7,0.0,0.0,66,5.1,50,105,0,0,선선함,나쁨
2025-10-01 20:00,2025-10-01,20,10,가을,17.5,14.0,0.0,0.0,63,4.5,47,87,0,0,따뜻함,나쁨
2025-10-01 21:00,2025-10-01,21,10,가을,9.5,7.7,0.0,0.0,70,3.4,29,61,0,0,선선함,보통
2025-10-01 22:00,2025-10-01,22,10,가을,9.8,4.3,0.0,0.0,87,7.5,37,67,0,0,선선함,나쁨
2025-10-01 23:00,2025-10-01,23,10,가을,11.2,8.7,0.0,0.0,43,3.0,42,91,0,0,선선함,나쁨
2025-10-02 00:00,2025-10-02,0,10,가을,12.8,8.3,0.0,0.0,69,7.1,13,24,0,0,선선함,좋음
2025-10-02 01:00,2025-10-02,1,10,가을,15.4,10.8,0.0,0.0,76,7.2,27,58,0,0,따뜻함,보통
2025-10-02 02:00,2025-10-02,2,10,가을,14.9,15.3,0.0,0.0,43,1.3,28,43,0,0,선선함,보통
2025-10-02 03:00,2025-10-02,3,10,가을,8.5,5.4,0.0,0.0,80,3.9,27,49,0,0,선선함,보통
2025-10-02 04:00,2025-10-02,4,10,가을,7.0,1.6,0.0,0.0,53,7.8,50,94,0,0,쌀쌀함,나쁨
2025-10-02 05:00,2025-10-02,5,10,가을,14.7,9.4,0.0,0.0,44,6.5,36,74,0,0,선선함,나쁨
2025-10-02 06:00,2025-10-02,6,10,가을,20.0,15.2,0.0,0.0,43,6.5,58,88,0,0,따뜻함,나쁨
2025-10-02 07:00,2025-10-02,7,10,가을,14.2,13.4,0.0,0.0,30,2.7,21,38,0,0,선선함,보통
2025-10-02 08:00,2025-10-02,8,10,가을,21.0,16.7,0.0,0.0,62,4.8,28,48,0,0,따뜻함,보통
2025-10-02 09:00,2025-10-02,9,10,가을,19.8,15.6,0.0,0.0,30,5.0,44,96,0,0,따뜻함,나쁨
2025-10-02 10:00,2025-10-02,10,10,가을,18.8,15.1,0.0,0.0,47,5.2,47,91,0,0,따뜻함,나쁨
2025-10-02 11:00,2025-10-02,11,10,가을,19.8,14.8,0.0,0.0,49,6.3,38,72,0,0,따뜻함,나쁨
2025-10-02 12:00,2025-10-02,12,10,가을,17.0,14.6,0.0,0.0,57,5.1,42,89,0,0,따뜻함,나쁨
2025-10-02 13:00,2025-10-02,13,10,가을,17.8,12.3,0.0,0.0,43,8.0,77,129,0,0,따뜻함,매우나쁨
2025-10-02 14:00,2025-10-02,14,10,가을,18.5,16.9,0.0,0.0,65,2.3,49,74,0,0,따뜻함,나쁨
2025-10-02 15:00,2025-10-02,15,10,가을,15.4,14.5,0.0,0.0,58,1.5,44,82,0,0,따뜻함,나쁨
2025-10-02 16:00,2025-10-02,16,10,가을,21.3,16.9,0.0,0.0,47,6.1,48,76,0,0,따뜻함,나쁨
2025-10-02 17:00,2025-10-02,17,10,가을,18.6,17.4,0.0,0.0,38,1.5,33,60,0,0,따뜻함,보통
2025-10-02 18:00,2025-10-02,18,10,가을,15.4,11.0,0.0,0.0,34,7.8,20,31,0,0,따뜻함,보통
2025-10-02 19:00,2025-10-02,19,10,가을,15.2,12.9,0.0,0.0,56,3.7,45,82,0,0,따뜻함,나쁨
2025-10-02 20:00,2025-10-02,20,10,가을,14.7,12.1,0.0,0.0,42,4.0,44,95,0,0,선선함,나쁨
2025-10-02 21:00,2025-10-02,21,10,가을,17.6,17.2,0.0,0.0,46,0.7,14,21,0,0,따뜻함,좋음
2025-10-02 22:00,2025-10-02,22,10,가을,8.3,5.9,0.0,0.0,38,3.6,18,39,0,0,선선함,보통
2025-10-02 23:00,2025-10-02,23,10,가을,15.7,12.4,0.0,0.0,61,4.7,25,52,0,0,따뜻함,보통
2025-10-03 00:00,2025-10-03,0,10,가을,13.6,11.5,0.0,0.0,38,2.2,33,52,0,0,선선함,보통
2025-10-03 01:00,2025-10-03,1,10,가을,13.8,9.6,0.0,0.0,32,6.8,34,53,0,0,선선함,보통
2025-10-03 02:00,2025-10-03,2,10,가을,13.4,13.0,0.0,0.0,80,1.4,51,111,0,0,선선함,나쁨
2025-10-03 03:00,2025-10-03,3,10,가을,9.3,10.1,0.0,0.0,53,0.6,41,78,0,0,선선함,나쁨
2025-10-03 04:00,2025-10-03,4,10,가을,12.5,9.0,0.0,0.0,90,6.0,13,19,0,0,선선함,좋음
2025-10-03 05:00,2025-10-03,5,10,가을,16.3,11.4,0.0,0.0,37,7.5,42,68,0,0,따뜻함,나쁨
2025-10-03 06:00,2025-10-03,6,10,가을,18.1,16.8,0.0,0.0,58,2.4,32,57,0,0,따뜻함,보통
2025-10-03 07:00,2025-10-03,7,10,가을,12.8,8.6,1.3,0.0,83,4.9,27,41,1,0,선선함,보통
2025-10-03 08:00,2025-10-03,8,10,가을,19.3,15.9,0.0,0.0,30,4.6,26,55,0,0,따뜻함,보통
2025-10-03 09:00,2025-10-03,9,10,가을,13.7,9.0,0.0,0.0,87,6.9,9,15,0,0,선선함,좋음
2025-10-03 10:00,2025-10-03,10,10,가을,22.5,19.9,0.0,0.0,88,2.5,66,110,0,0,따뜻함,나쁨
2025-10-03 11:00,2025-10-03,11,10,가을,15.6,14.0,0.0,0.0,33,1.9,66,142,0,0,따뜻함,나쁨
2025-10-03 12:00,2025-10-03,12,10,가을,16.0,12.0,0.0,0.0,43,6.0,11,22,0,0,따뜻함,좋음
2025-10-03 13:00,2025-10-03,13,10,가을,17.6,13.8,0.7,0.0,74,6.2,19,39,1,0,따뜻함,보통
2025-10-03 14:00,2025-10-03,14,10,가을,20.7,19.4,0.0,0.0,35,1.7,28,60,0,0,따뜻함,보통
2025-10-03 15:00,2025-10-03,15,10,가을,15.3,10.1,0.0,0.0,78,7.9,30,57,0,0,따뜻함,보통
2025-10-03 16:00,2025-10-03,16,10,가을,15.6,15.9,0.0,0.0,47,0.6,51,95,0,0,따뜻함,나쁨
2025-10-03 17:00,2025-10-03,17,10,가을,17.2,12.1,0.0,0.0,52,7.1,30,49,0,0,따뜻함,보통
2025-10-03 18:00,2025-10-03,18,10,가을,15.5,12.9,0.0,0.0,86,2.8,24,39,0,0,따뜻함,보통
2025-10-03 19:00,2025-10-03,19,10,가을,9.4,8.1,0.0,0.0,67,2.6,45,98,0,0,선선함,나쁨
2025-10-03 20:00,2025-10-03,20,10,가을,10.5,9.2,0.0,0.0,88,2.5,34,72,0,0,선선함,보통
2025-10-03 21:00,2025-10-03,21,10,가을,13.6,12.1,0.0,0.0,75,1.7,10,20,0,0,선선함,좋음
2025-10-03 22:00,2025-10-03,22,10,가을,13.4,13.1,0.0,0.0,56,1.1,35,60,0,0,선선함,보통
2025-10-03 23:00,2025-10-03,23,10,가을,12.5,9.7,0.0,0.0,49,5.6,47,85,0,0,선선함,나쁨
2025-10-04 00:00,2025-10-04,0,10,가을,9.9,7.9,0.0,0.0,87,2.4,46,99,0,0,선선함,나쁨
2025-10-04 01:00,2025-10-04,1,10,가을,15.6,10.6,0.0,0.0,77,6.9,35,75,0,0,따뜻함,보통
2025-10-04 02:00,2025-10-04,2,10,가을,6.7,2.9,0.0,0.0,33,6.3,49,105,0,0,쌀쌀함,나쁨
2025-10-04 03:00,2025-10-04,3,10,가을,5.6,3.0,0.0,0.0,48,4.9,39,64,0,0,쌀쌀함,나쁨
2025-10-04 04:00,2025-10-04,4,10,가을,12.3,8.9,0.0,0.0,43,3.5,44,87,0,0,선선함,나쁨
2025-10-04 05:00,2025-10-04,5,10,가을,9.9,8.0,0.0,0.0,59,1.8,45,92,0,0,선선함,나쁨
2025-10-04 06:00,2025-10-04,6,10,가을,18.2,14.7,0.0,0.0,79,5.7,76,167,0,0,따뜻함,매우나쁨
2025-10-04 07:00,2025-10-04,7,10,가을,20.2,18.1,0.0,0.0,60,2.8,54,106,0,0,따뜻함,나쁨
2025-10-04 08:00,2025-10-04,8,10,가을,14.4,9.2,0.0,0.0,79,7.0,42,76,0,0,선선함,나쁨
2025-10-04 09:00,2025-10-04,9,10,가을,15.0,13.1,0.0,0.0,42,3.3,37,80,0,0,따뜻함,나쁨
2025-10-04 10:00,2025-10-04,10,10,가을,17.1,11.8,0.0,0.0,32,6.7,24,44,0,0,따뜻함,보통
2025-10-04 11:00,2025-10-04,11,10,가을,21.1,16.1,0.0,0.0,83,7.0,47,75,0,0,따뜻함,나쁨
2025-10-04 12:00,2025-10-04,12,10,가을,13.0,9.1,0.0,0.0,48,4.6,25,38,0,0,선선함,보통
2025-10-04 13:00,2025-10-04,13,10,가을,16.7,11.8,6.1,0.0,45,5.8,47,72,1,0,따뜻함,나쁨
2025-10-04 14:00,2025-10-04,14,10,가을,18.9,14.0,0.0,0.0,49,5.8,40,60,0,0,따뜻함,나쁨
2025-10-04 15:00,2025-10-04,15,10,가을,16.1,13.2,3.6,0.0,47,3.8,5,9,1,0,따뜻함,좋음
2025-10-04 16:00,2025-10-04,16,10,가을,13.3,9.5,0.0,0.0,35,5.5,33,53,0,0,선선함,보통
2025-10-04 17:00,2025-10-04,17,10,가을,13.9,12.5,0.0,0.0,65,1.5,39,79,0,0,선선함,나쁨
2025-10-04 18:00,2025-10-04,18,10,가을,17.3,13.5,0.0,0.0,35,4.4,54,103,0,0,따뜻함,나쁨
2025-10-04 19:00,2025-10-04,19,10,가을,14.8,9.2,0.0,0.0,79,7.5,42,83,0,0,선선함,나쁨
2025-10-04 20:00,2025-10-04,20,10,가을,11.2,7.5,0.0,0.0,62,6.4,38,59,0,0,선선함,나쁨
2025-10-04 21:00,2025-10-04,21,10,가을,10.4,7.9,0.0,0.0,88,3.5,32,51,0,0,선선함,보통
2025-10-04 22:00,2025-10-04,22,10,가을,6.5,3.3,0.0,0.0,44,4.7,58,101,0,0,쌀쌀함,나쁨
2025-10-04 23:00,2025-10-04,23,10,가을,13.4,8.8,0.0,0.0,46,6.4,27,41,0,0,선선함,보통
2025-10-05 00:00,2025-10-05,0,10,가을,13.0,9.5,0.0,0.0,78,4.0,25,54,0,0,선선함,보통
2025-10-05 01:00,2025-10-05,1,10,가을,14.8,9.6,0.0,0.0,72,7.3,48,103,0,0,선선함,나쁨
2025-10-05 02:00,2025-10-05,2,10,가을,9.9,8.0,0.0,0.0,87,3.1,58,104,0,0,선선함,나쁨
2025-10-05 03:00,2025-10-05,3,10,가을,10.4,5.9,0.0,0.0,32,6.5,16,28,0,0,선선함,보통
2025-10-05 04:00,2025-10-05,4,10,가을,8.2,4.9,0.0,0.0,54,3.7,35,58,0,0,선선함,보통
2025-10-05 05:00,2025-10-05,5,10,가을,17.5,13.4,0.0,0.0,44,5.5,51,87,0,0,따뜻함,나쁨
2025-10-05 06:00,2025-10-05,6,10,가을,14.4,13.9,0.0,0.0,69,1.2,49,103,0,0,선선함,나쁨
2025-10-05 07:00,2025-10-05,7,10,가을,16.3,14.1,0.0,0.0,57,3.1,33,60,0,0,따뜻함,보통
2025-10-05 08:00,2025-10-05,8,10,가을,21.6,15.8,0.0,0.0,89,6.7,15,30,0,0,따뜻함,좋음
2025-10-05 09:00,2025-10-05,9,10,가을,19.9,14.2,0.0,0.0,72,7.1,34,68,0,0,따뜻함,보통
2025-10-05 10:00,2025-10-05,10,10,가을,21.6,17.4,0.0,0.0,41,6.0,52,99,0,0,따뜻함,나쁨
2025-10-05 11:00,2025-10-05,11,10,가을,23.2,19.4,0.0,0.0,65,5.7,30,46,0,0,더움,보통
2025-10-05 12:00,2025-10-05,12,10,가을,24.0,21.8,0.0,0.0,64,3.5,62,126,0,0,더움,나쁨
2025-10-05 13:00,2025-10-05,13,10,가을,16.5,12.8,0.0,0.0,50,5.4,50,103,0,0,따뜻함,나쁨
2025-10-05 14:00,2025-10-05,14,10,가을,22.0,17.1,0.0,0.0,85,6.8,67,105,0,0,따뜻함,나쁨
2025-10-05 15:00,2025-10-05,15,10,가을,19.8,19.5,0.0,0.0,47,0.6,60,102,0,0,따뜻함,나쁨
2025-10-05 16:00,2025-10-05,16,10,가을,14.7,11.3,0.0,0.0,72,5.1,45,72,0,0,선선함,나쁨
2025-10-05 17:00,2025-10-05,17,10,가을,16.9,14.9,0.0,0.0,76,3.1,24,46,0,0,따뜻함,보통
2025-10-05 18:00,2025-10-05,18,10,가을,19.7,17.6,0.0,0.0,44,2.8,46,73,0,0,따뜻함,나쁨
2025-10-05 19:00,2025-10-05,19,10,가을,10.0,7.4,0.0,0.0,57,3.9,28,43,0,0,선선함,보통
2025-10-05 20:00,2025-10-05,20,10,가을,12.7,8.8,0.0,0.0,32,6.1,35,60,0,0,선선함,보통
2025-10-05 21:00,2025-10-05,21,10,가을,11.4,7.6,0.0,0.0,81,4.8,28,46,0,0,선선함,보통
2025-10-05 22:00,2025-10-05,22,10,가을,11.5,10.2,0.0,0.0,69,3.1,40,61,0,0,선선함,나쁨
2025-10-05 23:00,2025-10-05,23,10,가을,14.1,11.5,0.0,0.0,36,4.0,35,62,0,0,선선함,보통
2025-10-06 00:00,2025-10-06,0,10,가을,6.9,2.4,0.0,0.0,65,5.2,34,70,0,0,쌀쌀함,보통
2025-10-06 01:00,2025-10-06,1,10,가을,9.6,7.6,0.0,0.0,89,3.2,19,37,0,0,선선함,보통
2025-10-06 02:00,2025-10-06,2,10,가을,13.9,9.1,0.0,0.0,37,7.2,32,48,0,0,선선함,보통
2025-10-06 03:00,2025-10-06,3,10,가을,7.7,4.7,0.0,0.0,76,4.8,14,25,0,0,쌀쌀함,좋음
2025-10-06 04:00,2025-10-06,4,10,가을,14.5,11.2,0.0,0.0,72,4.1,42,87,0,0,선선함,나쁨
2025-10-06 05:00,2025-10-06,5,10,가을,14.4,10.2,0.0,0.0,66,6.1,43,93,0,0,선선함,나쁨
2025-10-06 06:00,2025-10-06,6,10,가을,12.6,6.5,0.0,0.0,39,7.7,47,91,0,0,선선함,나쁨
2025-10-06 07:00,2025-10-06,7,10,가을,12.0,11.3,0.0,0.0,86,0.7,26,54,0,0,선선함,보통
2025-10-06 08:00,2025-10-06,8,10,가을,19.4,16.7,0.0,0.0,73,5.0,27,47,0,0,따뜻함,보통
2025-10-06 09:00,2025-10-06,9,10,가을,13.3,10.6,0.0,0.0,40,3.5,66,111,0,0,선선함,나쁨
2025-10-06 10:00,2025-10-06,10,10,가을,15.0,13.2,0.0,0.0,33,2.8,69,132,0,0,따뜻함,나쁨
2025-10-06 11:00,2025-10-06,11,10,가을,24.5,22.7,0.0,0.0,67,2.5,5,8,0,0,더움,좋음
2025-10-06 12:00,2025-10-06,12,10,가을,17.6,14.7,0.0,0.0,55,4.0,34,66,0,0,따뜻함,보통
2025-10-06 13:00,2025-10-06,13,10,가을,23.1,19.3,0.0,0.0,86,5.6,31,55,0,0,더움,보통
2025-10-06 14:00,2025-10-06,14,10,가을,18.8,17.7,0.0,0.0,30,2.0,48,79,0,0,따뜻함,나쁨
2025-10-06 15:00,2025-10-06,15,10,가을,20.2,15.5,0.0,0.0,49,6.2,50,93,0,0,따뜻함,나쁨
2025-10-06 16:00,2025-10-06,16,10,가을,19.2,16.4,0.0,0.0,67,3.5,9,15,0,0,따뜻함,좋음
2025-10-06 17:00,2025-10-06,17,10,가을,17.2,13.5,0.0,0.0,73,5.6,34,62,0,0,따뜻함,보통
2025-10-06 18:00,2025-10-06,18,10,가을,13.9,8.9,0.0,0.0,43,5.8,31,50,0,0,선선함,보통
2025-10-06 19:00,2025-10-06,19,10,가을,12.0,8.9,0.0,0.0,36,4.2,21,36,0,0,선선함,보통
2025-10-06 20:00,2025-10-06,20,10,가을,16.6,12.0,0.0,0.0,48,6.4,26,49,0,0,따뜻함,보통
2025-10-06 21:00,2025-10-06,21,10,가을,14.1,14.0,0.0,0.0,88,1.6,24,51,0,0,선선함,보통
2025-10-06 22:00,2025-10-06,22,10,가을,10.8,7.2,0.0,0.0,58,6.9,67,105,0,0,선선함,나쁨
2025-10-06 23:00,2025-10-06,23,10,가을,6.3,2.5,0.0,0.0,83,6.1,52,99,0,0,쌀쌀함,나쁨
2025-10-07 00:00,2025-10-07,0,10,가을,7.6,6.9,0.0,0.0,67,1.2,47,76,0,0,쌀쌀함,나쁨
2025-10-07 01:00,2025-10-07,1,10,가을,6.3,0.9,0.0,0.0,60,7.7,41,80,0,0,쌀쌀함,나쁨
2025-10-07 02:00,2025-10-07,2,10,가을,16.8,14.0,0.0,0.0,82,4.2,54,100,0,0,따뜻함,나쁨
2025-10-07 03:00,2025-10-07,3,10,가을,11.0,10.3,0.0,0.0,65,0.5,56,100,0,0,선선함,나쁨
2025-10-07 04:00,2025-10-07,4,10,가을,10.5,7.3,0.0,0.0,66,2.8,7,12,0,0,선선함,좋음
2025-10-07 05:00,2025-10-07,5,10,가을,9.9,6.9,0.0,0.0,81,4.6,44,66,0,0,선선함,나쁨
2025-10-07 06:00,2025-10-07,6,10,가을,20.4,19.2,0.0,0.0,62,0.9,45,78,0,0,따뜻함,나쁨
2025-10-07 07:00,2025-10-07,7,10,가을,13.4,13.2,0.0,0.0,59,1.9,50,97,0,0,선선함,나쁨
2025-10-07 08:00,2025-10-07,8,10,가을,17.2,14.6,0.0,0.0,78,4.6,51,81,0,0,따뜻함,나쁨
2025-10-07 09:00,2025-10-07,9,10,가을,23.6,23.0,0.0,0.0,50,1.7,49,107,0,0,더움,나쁨
2025-10-07 10:00,2025-10-07,10,10,가을,14.1,9.4,0.0,0.0,36,7.4,32,48,0,0,선선함,보통
2025-10-07 11:00,2025-10-07,11,10,가을,24.1,22.8,0.0,0.0,64,1.4,25,41,0,0,더움,보통
2025-10-07 12:00,2025-10-07,12,10,가을,15.8,11.4,0.0,0.0,73,6.9,43,67,0,0,따뜻함,나쁨
2025-10-07 13:00,2025-10-07,13,10,가을,24.2,21.2,0.0,0.0,52,5.1,46,82,0,0,더움,나쁨
2025-10-07 14:00,2025-10-07,14,10,가을,15.6,12.2,0.0,0.0,52,5.2,43,83,0,0,따뜻함,나쁨
2025-10-07 15:00,2025-10-07,15,10,가을,17.6,14.1,0.0,0.0,83,3.5,29,57,0,0,따뜻함,보통
2025-10-07 16:00,2025-10-07,16,10,가을,15.4,9.8,0.0,0.0,71,7.8,5,8,0,0,따뜻함,좋음
2025-10-07 17:00,2025-10-07,17,10,가을,13.0,9.1,0.0,0.0,84,5.2,42,66,0,0,선선함,나쁨
2025-10-07 18:00,2025-10-07,18,10,가을,12.8,9.1,0.0,0.0,70,4.9,20,33,0,0,선선함,보통
2025-10-07 19:00,2025-10-07,19,10,가을,11.4,8.3,0.0,0.0,69,4.2,39,72,0,0,선선함,나쁨
2025-10-07 20:00,2025-10-07,20,10,가을,14.4,10.6,0.0,0.0,82,4.0,54,111,0,0,선선함,나쁨
2025-10-07 21:00,2025-10-07,21,10,가을,15.6,11.0,0.0,0.0,86,6.0,29,53,0,0,따뜻함,보통
2025-10-07 22:00,2025-10-07,22,10,가을,11.0,9.3,0.0,0.0,89,2.4,41,81,0,0,선선함,나쁨
2025-10-07 23:00,2025-10-07,23,10,가을,4.9,3.0,0.0,0.0,38,3.2,27,43,0,0,쌀쌀함,보통
2025-10-08 00:00,2025-10-08,0,10,가을,13.1,11.5,0.0,0.0,31,1.7,35,58,0,0,선선함,보통
2025-10-08 01:00,2025-10-08,1,10,가을,12.4,9.1,0.0,0.0,89,5.9,30,53,0,0,선선함,보통
2025-10-08 02:00,2025-10-08,2,10,가을,6.8,6.3,0.0,0.0,85,0.8,60,94,0,0,쌀쌀함,나쁨
2025-10-08 03:00,2025-10-08,3,10,가을,8.2,6.2,0.0,0.0,61,3.9,62,126,0,0,선선함,나쁨
2025-10-08 04:00,2025-10-08,4,10,가을,17.1,13.6,0.0,0.0,37,5.6,46,85,0,0,따뜻함,나쁨
2025-10-08 05:00,2025-10-08,5,10,가을,13.0,12.7,0.0,0.0,60,0.7,24,43,0,0,선선함,보통
2025-10-08 06:00,2025-10-08,6,10,가을,12.0,8.7,0.0,0.0,82,4.7,45,82,0,0,선선함,나쁨
2025-10-08 07:00,2025-10-08,7,10,가을,18.2,12.4,0.0,0.0,70,7.9,51,90,0,0,따뜻함,나쁨
2025-10-08 08:00,2025-10-08,8,10,가을,22.3,17.2,0.0,0.0,58,7.7,37,67,0,0,따뜻함,나쁨
2025-10-08 09:00,2025-10-08,9,10,가을,18.9,15.0,0.0,0.0,65,4.7,24,51,0,0,따뜻함,보통
2025-10-08 10:00,2025-10-08,10,10,가을,23.1,19.7,0.0,0.0,56,3.8,25,48,0,0,더움,보통
2025-10-08 11:00,2025-10-08,11,10,가을,15.8,12.9,0.0,0.0,60,4.9,26,40,0,0,따뜻함,보통
2025-10-08 12:00,2025-10-08,12,10,가을,19.8,16.1,0.0,0.0,30,4.2,33,63,0,0,따뜻함,보통
2025-10-08 13:00,2025-10-08,13,10,가을,26.9,26.3,0.0,0.0,87,2.0,29,59,0,0,더움,보통
2025-10-08 14:00,2025-10-08,14,10,가을,15.3,14.8,0.0,0.0,36,1.0,52,105,0,0,따뜻함,나쁨
2025-10-08 15:00,2025-10-08,15,10,가을,12.1,11.5,0.0,0.0,63,0.6,36,74,0,0,선선함,나쁨
2025-10-08 16:00,2025-10-08,16,10,가을,18.2,16.9,0.0,0.0,78,1.3,35,58,0,0,따뜻함,보통
2025-10-08 17:00,2025-10-08,17,10,가을,13.7,10.2,0.0,0.0,73,5.7,38,78,0,0,선선함,나쁨
2025-10-08 18:00,2025-10-08,18,10,가을,11.8,9.4,0.0,0.0,52,3.2,45,79,0,0,선선함,나쁨
2025-10-08 19:00,2025-10-08,19,10,가을,15.4,11.1,0.0,0.0,36,5.3,55,101,0,0,따뜻함,나쁨
2025-10-08 20:00,2025-10-08,20,10,가을,14.1,12.6,0.0,0.0,51,3.5,22,43,0,0,선선함,보통
2025-10-08 21:00,2025-10-08,21,10,가을,10.0,6.5,0.0,0.0,66,3.2,23,36,0,0,선선함,보통
2025-10-08 22:00,2025-10-08,22,10,가을,7.7,5.8,0.0,0.0,64,1.7,39,59,0,0,쌀쌀함,나쁨
2025-10-08 23:00,2025-10-08,23,10,가을,8.8,4.7,0.0,0.0,35,6.3,52,106,0,0,선선함,나쁨
2025-10-09 00:00,2025-10-09,0,10,가을,6.0,0.4,0.0,0.0,33,6.5,21,35,0,0,쌀쌀함,보통
2025-10-09 01:00,2025-10-09,1,10,가을,7.1,2.8,0.0,0.0,43,7.1,59,104,0,0,쌀쌀함,나쁨
2025-10-09 02:00,2025-10-09,2,10,가을,10.7,5.7,0.0,0.0,41,7.9,19,30,0,0,선선함,보통
2025-10-09 03:00,2025-10-09,3,10,가을,5.6,2.8,0.0,0.0,90,2.9,49,75,0,0,쌀쌀함,나쁨
2025-10-09 04:00,2025-10-09,4,10,가을,10.7,10.7,0.0,0.0,80,0.6,39,84,0,0,선선함,나쁨
2025-10-09 05:00,2025-10-09,5,10,가을,10.5,7.4,0.0,0.0,36,3.4,18,30,0,0,선선함,보통
2025-10-09 06:00,2025-10-09,6,10,가을,12.1,7.3,0.0,0.0,62,5.6,40,70,0,0,선선함,나쁨
2025-10-09 07:00,2025-10-09,7,10,가을,22.5,20.2,0.0,0.0,43,4.1,34,60,0,0,따뜻함,보통
2025-10-09 08:00,2025-10-09,8,10,가을,22.0,17.6,0.0,0.0,51,5.8,21,34,0,0,따뜻함,보통
2025-10-09 09:00,2025-10-09,9,10,가을,18.5,16.0,0.0,0.0,75,3.3,37,64,0,0,따뜻함,나쁨
2025-10-09 10:00,2025-10-09,10,10,가을,20.6,17.1,0.0,0.0,54,4.2,46,69,0,0,따뜻함,나쁨
2025-10-09 11:00,2025-10-09,11,10,가을,14.2,11.8,0.0,0.0,67,4.8,50,78,0,0,선선함,나쁨
2025-10-09 12:00,2025-10-09,12,10,가을,19.4,18.4,0.0,0.0,84,1.9,28,50,0,0,따뜻함,보통
2025-10-09 13:00,2025-10-09,13,10,가을,20.0,17.0,0.0,0.0,40,5.2,19,36,0,0,따뜻함,보통
2025-10-09 14:00,2025-10-09,14,10,가을,23.5,18.6,0.0,0.0,30,7.1,55,85,0,0,더움,나쁨
2025-10-09 15:00,2025-10-09,15,10,가을,20.1,17.6,0.0,0.0,60,3.0,50,96,0,0,따뜻함,나쁨
2025-10-09 16:00,2025-10-09,16,10,가을,19.9,16.6,0.0,0.0,51,5.6,50,104,0,0,따뜻함,나쁨
2025-10-09 17:00,2025-10-09,17,10,가을,10.2,5.9,0.0,0.0,59,6.1,42,81,0,0,선선함,나쁨
2025-10-09 18:00,2025-10-09,18,10,가을,13.2,8.8,0.0,0.0,64,6.1,15,27,0,0,선선함,좋음
2025-10-09 19:00,2025-10-09,19,10,가을,13.0,10.6,0.0,0.0,62,2.4,50,88,0,0,선선함,나쁨
2025-10-09 20:00,2025-10-09,20,10,가을,8.4,7.5,0.0,0.0,43,2.4,57,121,0,0,선선함,나쁨
2025-10-09 21:00,2025-10-09,21,10,가을,14.8,10.0,0.0,0.0,90,7.8,21,39,0,0,선선함,보통
2025-10-09 22:00,2025-10-09,22,10,가을,12.8,9.6,0.0,0.0,60,4.0,66,101,0,0,선선함,나쁨
2025-10-09 23:00,2025-10-09,23,10,가을,13.8,12.0,0.0,0.0,55,1.1,35,71,0,0,선선함,보통
2025-10-10 00:00,2025-10-10,0,10,가을,7.9,1.7,0.0,0.0,80,7.6,39,80,0,0,쌀쌀함,나쁨
2025-10-10 01:00,2025-10-10,1,10,가을,7.0,3.7,0.0,0.0,71,4.8,26,49,0,0,쌀쌀함,보통
2025-10-10 02:00,2025-10-10,2,10,가을,8.5,4.2,0.0,0.0,59,5.8,42,64,0,0,선선함,나쁨
2025-10-10 03:00,2025-10-10,3,10,가을,7.3,5.8,0.0,0.0,77,2.7,28,46,0,0,쌀쌀함,보통
2025-10-10 04:00,2025-10-10,4,10,가을,16.5,14.5,0.0,0.0,80,4.1,36,59,0,0,따뜻함,나쁨
2025-10-10 05:00,2025-10-10,5,10,가을,15.1,11.0,0.0,0.0,59,4.0,44,80,0,0,따뜻함,나쁨
2025-10-10 06:00,2025-10-10,6,10,가을,19.6,17.1,0.0,0.0,70,3.5,35,62,0,0,따뜻함,보통
2025-10-10 07:00,2025-10-10,7,10,가을,17.7,13.1,0.0,0.0,35,6.6,41,63,0,0,따뜻함,나쁨
2025-10-10 08:00,2025-10-10,8,10,가을,21.2,16.1,0.0,0.0,70,6.6,41,73,0,0,따뜻함,나쁨
2025-10-10 09:00,2025-10-10,9,10,가을,18.7,14.5,0.0,0.0,90,4.7,59,115,0,0,따뜻함,나쁨
2025-10-10 10:00,2025-10-10,10,10,가을,15.2,12.4,0.0,0.0,38,5.4,17,35,0,0,따뜻함,보통
2025-10-10 11:00,2025-10-10,11,10,가을,22.2,19.5,0.0,0.0,57,4.7,9,15,0,0,따뜻함,좋음
2025-10-10 12:00,2025-10-10,12,10,가을,18.9,15.4,0.0,0.0,77,4.3,16,27,0,0,따뜻함,보통
2025-10-10 13:00,2025-10-10,13,10,가을,20.4,17.7,0.0,0.0,84,3.8,40,83,0,0,따뜻함,나쁨
2025-10-10 14:00,2025-10-10,14,10,가을,18.9,14.5,0.0,0.0,58,5.8,40,87,0,0,따뜻함,나쁨
2025-10-10 15:00,2025-10-10,15,10,가을,16.4,14.8,0.0,0.0,67,2.3,48,92,0,0,따뜻함,나쁨
2025-10-10 16:00,2025-10-10,16,10,가을,16.0,12.8,0.0,0.0,83,3.4,41,87,0,0,따뜻함,나쁨
2025-10-10 17:00,2025-10-10,17,10,가을,19.8,15.8,0.0,0.0,37,6.2,18,33,0,0,따뜻함,보통
2025-10-10 18:00,2025-10-10,18,10,가을,16.8,12.0,0.0,0.0,63,6.3,29,48,0,0,따뜻함,보통
2025-10-10 19:00,2025-10-10,19,10,가을,14.0,11.6,0.0,0.0,44,3.0,34,62,0,0,선선함,보통
2025-10-10 20:00,2025-10-10,20,10,가을,9.4,4.4,0.0,0.0,38,7.8,43,81,0,0,선선함,나쁨
2025-10-10 21:00,2025-10-10,21,10,가을,10.2,9.5,0.0,0.0,42,1.2,31,62,0,0,선선함,보통
2025-10-10 22:00,2025-10-10,22,10,가을,11.2,9.9,0.0,0.0,62,1.9,45,77,0,0,선선함,나쁨
2025-10-10 23:00,2025-10-10,23,10,가을,14.0,12.6,0.0,0.0,36,2.4,21,31,0,0,선선함,보통
2025-10-11 00:00,2025-10-11,0,10,가을,13.0,10.0,0.0,0.0,70,3.3,30,65,0,0,선선함,보통
2025-10-11 01:00,2025-10-11,1,10,가을,9.2,5.1,0.0,0.0,68,6.2,53,91,0,0,선선함,나쁨
2025-10-11 02:00,2025-10-11,2,10,가을,9.5,6.7,0.0,0.0,50,3.6,20,33,0,0,선선함,보통
2025-10-11 03:00,2025-10-11,3,10,가을,14.6,13.5,0.0,0.0,64,1.1,48,90,0,0,선선함,나쁨
2025-10-11 04:00,2025-10-11,4,10,가을,14.3,13.0,0.0,0.0,59,2.0,33,57,0,0,선선함,보통
2025-10-11 05:00,2025-10-11,5,10,가을,17.6,16.2,0.0,0.0,75,3.2,44,67,0,0,따뜻함,나쁨
2025-10-11 06:00,2025-10-11,6,10,가을,12.1,8.7,0.0,0.0,89,5.1,51,99,0,0,선선함,나쁨
2025-10-11 07:00,2025-10-11,7,10,가을,19.4,16.1,0.0,0.0,63,4.7,48,98,0,0,따뜻함,나쁨
2025-10-11 08:00,2025-10-11,8,10,가을,17.9,12.9,0.0,0.0,55,7.2,41,62,0,0,따뜻함,나쁨
2025-10-11 09:00,2025-10-11,9,10,가을,23.4,20.1,0.0,0.0,71,4.1,37,67,0,0,더움,나쁨
2025-10-11 10:00,2025-10-11,10,10,가을,18.1,16.2,0.0,0.0,63,2.8,46,94,0,0,따뜻함,나쁨
2025-10-11 11:00,2025-10-11,11,10,가을,19.2,15.7,0.0,0.0,33,5.4,38,70,0,0,따뜻함,나쁨
2025-10-11 12:00,2025-10-11,12,10,가을,18.0,17.0,0.0,0.0,31,1.5,32,64,0,0,따뜻함,보통
2025-10-11 13:00,2025-10-11,13,10,가을,20.1,16.0,0.0,0.0,46,6.0,46,85,0,0,따뜻함,나쁨
2025-10-11 14:00,2025-10-11,14,10,가을,23.6,21.8,0.0,0.0,90,3.4,60,92,0,0,더움,나쁨
2025-10-11 15:00,2025-10-11,15,10,가을,19.6,16.3,0.0,0.0,47,5.2,34,56,0,0,따뜻함,보통
2025-10-11 16:00,2025-10-11,16,10,가을,15.4,11.4,0.0,0.0,80,6.0,17,30,0,0,따뜻함,보통
2025-10-11 17:00,2025-10-11,17,10,가을,14.1,11.2,0.0,0.0,43,4.4,17,27,0,0,선선함,보통
2025-10-11 18:00,2025-10-11,18,10,가을,17.5,15.4,0.0,0.0,80,1.1,49,100,0,0,따뜻함,나쁨
2025-10-11 19:00,2025-10-11,19,10,가을,16.7,15.5,0.0,0.0,51,2.0,30,59,0,0,따뜻함,보통
2025-10-11 20:00,2025-10-11,20,10,가을,14.6,11.6,0.0,0.0,80,3.3,20,41,0,0,선선함,보통
2025-10-11 21:00,2025-10-11,21,10,가을,7.0,3.3,0.0,0.0,60,4.5,45,70,0,0,쌀쌀함,나쁨
2025-10-11 22:00,2025-10-11,22,10,가을,10.2,7.5,0.0,0.0,67,2.6,44,72,0,0,선선함,나쁨
2025-10-11 23:00,2025-10-11,23,10,가을,14.1,10.3,0.0,0.0,72,3.8,32,50,0,0,선선함,보통
2025-10-12 00:00,2025-10-12,0,10,가을,12.8,8.9,0.0,0.0,88,4.8,33,71,0,0,선선함,보통
2025-10-12 01:00,2025-10-12,1,10,가을,12.0,9.0,0.0,0.0,41,4.0,47,100,0,0,선선함,나쁨
2025-10-12 02:00,2025-10-12,2,10,가을,8.4,3.3,0.0,0.0,37,6.9,41,70,0,0,선선함,나쁨
2025-10-12 03:00,2025-10-12,3,10,가을,13.8,11.9,0.0,0.0,50,3.1,44,88,0,0,선선함,나쁨
2025-10-12 04:00,2025-10-12,4,10,가을,8.4,5.8,0.0,0.0,75,4.2,32,58,0,0,선선함,보통
2025-10-12 05:00,2025-10-12,5,10,가을,13.9,13.4,0.0,0.0,40,1.4,44,96,0,0,선선함,나쁨
2025-10-12 06:00,2025-10-12,6,10,가을,17.7,14.0,0.0,0.0,76,5.0,41,63,0,0,따뜻함,나쁨
2025-10-12 07:00,2025-10-12,7,10,가을,18.2,17.1,0.0,0.0,86,1.0,51,84,0,0,따뜻함,나쁨
2025-10-12 08:00,2025-10-12,8,10,가을,16.5,15.4,0.0,0.0,30,0.8,50,107,0,0,따뜻함,나쁨
2025-10-12 09:00,2025-10-12,9,10,가을,21.5,18.4,0.0,0.0,53,3.9,21,43,0,0,따뜻함,보통
2025-10-12 10:00,2025-10-12,10,10,가을,16.8,15.8,0.0,0.0,46,1.6,57,123,0,0,따뜻함,나쁨
2025-10-12 11:00,2025-10-12,11,10,가을,22.1,18.9,0.0,0.0,77,4.6,27,50,0,0,따뜻함,보통
2025-10-12 12:00,2025-10-12,12,10,가을,21.4,20.0,0.0,0.0,47,0.9,42,73,0,0,따뜻함,나쁨
2025-10-12 13:00,2025-10-12,13,10,가을,16.3,14.2,0.0,0.0,88,3.2,37,60,0,0,따뜻함,나쁨
2025-10-12 14:00,2025-10-12,14,10,가을,14.3,11.1,0.0,0.0,60,2.7,36,79,0,0,선선함,나쁨
2025-10-12 15:00,2025-10-12,15,10,가을,22.2,21.6,0.0,0.0,48,1.1,41,79,0,0,따뜻함,나쁨
2025-10-12 16:00,2025-10-12,16,10,가을,14.9,14.4,0.0,0.0,62,1.4,47,76,0,0,선선함,나쁨
2025-10-12 17:00,2025-10-12,17,10,가을,14.6,11.4,0.0,0.0,47,4.8,31,57,0,0,선선함,보통
2025-10-12 18:00,2025-10-12,18,10,가을,18.0,17.4,0.0,0.0,68,1.6,17,35,0,0,따뜻함,보통
2025-10-12 19:00,2025-10-12,19,10,가을,14.7,12.9,0.0,0.0,73,3.4,48,75,0,0,선선함,나쁨
2025-10-12 20:00,2025-10-12,20,10,가을,16.4,14.7,0.0,0.0,85,3.0,34,53,0,0,따뜻함,보통
2025-10-12 21:00,2025-10-12,21,10,가을,8.5,6.0,0.0,0.0,43,4.6,10,15,0,0,선선함,좋음
2025-10-12 22:00,2025-10-12,22,10,가을,10.2,7.3,0.0,0.0,76,4.3,60,104,0,0,선선함,나쁨
2025-10-12 23:00,2025-10-12,23,10,가을,11.1,10.4,0.0,0.0,43,0.6,13,23,0,0,선선함,좋음
2025-10-13 00:00,2025-10-13,0,10,가을,9.0,5.4,0.0,0.0,44,4.9,14,27,0,0,선선함,좋음
2025-10-13 01:00,2025-10-13,1,10,가을,6.8,6.5,0.0,0.0,39,0.6,43,66,0,0,쌀쌀함,나쁨
2025-10-13 02:00,2025-10-13,2,10,가을,16.6,12.7,0.0,0.0,35,6.3,39,66,0,0,따뜻함,나쁨
2025-10-13 03:00,2025-10-13,3,10,가을,10.4,6.6,0.0,0.0,78,5.3,42,65,0,0,선선함,나쁨
2025-10-13 04:00,2025-10-13,4,10,가을,14.5,9.4,0.0,0.0,80,7.9,73,155,0,0,선선함,나쁨
2025-10-13 05:00,2025-10-13,5,10,가을,14.1,10.3,0.0,0.0,80,5.8,43,87,0,0,선선함,나쁨
2025-10-13 06:00,2025-10-13,6,10,가을,17.7,13.1,0.0,0.0,40,6.8,47,92,0,0,따뜻함,나쁨
2025-10-13 07:00,2025-10-13,7,10,가을,20.1,20.3,0.0,0.0,83,0.5,41,71,0,0,따뜻함,나쁨
2025-10-13 08:00,2025-10-13,8,10,가을,14.1,13.1,0.0,0.0,61,1.7,33,58,0,0,선선함,보통
2025-10-13 09:00,2025-10-13,9,10,가을,18.7,17.9,0.0,0.0,31,1.0,48,96,0,0,따뜻함,나쁨
2025-10-13 10:00,2025-10-13,10,10,가을,16.0,13.6,0.0,0.0,61,2.5,48,101,0,0,따뜻함,나쁨
2025-10-13 11:00,2025-10-13,11,10,가을,19.3,16.6,0.0,0.0,78,3.8,42,87,0,0,따뜻함,나쁨
2025-10-13 12:00,2025-10-13,12,10,가을,25.1,19.4,0.0,0.0,85,7.5,37,56,0,0,더움,나쁨
2025-10-13 13:00,2025-10-13,13,10,가을,23.0,16.9,0.0,0.0,80,7.7,40,82,0,0,더움,나쁨
2025-10-13 14:00,2025-10-13,14,10,가을,25.4,21.3,0.0,0.0,66,6.4,50,104,0,0,더움,나쁨
2025-10-13 15:00,2025-10-13,15,10,가을,15.4,10.3,0.0,0.0,44,7.2,41,84,0,0,따뜻함,나쁨
2025-10-13 16:00,2025-10-13,16,10,가을,23.6,20.6,0.0,0.0,66,3.2,18,33,0,0,더움,보통
2025-10-13 17:00,2025-10-13,17,10,가을,10.8,5.7,0.0,0.0,76,7.2,37,79,0,0,선선함,나쁨
2025-10-13 18:00,2025-10-13,18,10,가을,17.4,18.0,0.0,0.0,86,0.9,11,19,0,0,따뜻함,좋음
2025-10-13 19:00,2025-10-13,19,10,가을,19.5,16.0,0.0,0.0,84,4.2,52,113,0,0,따뜻함,나쁨
2025-10-13 20:00,2025-10-13,20,10,가을,11.2,8.3,0.0,0.0,85,4.4,20,33,0,0,선선함,보통
2025-10-13 21:00,2025-10-13,21,10,가을,15.1,13.2,0.0,0.0,47,3.4,24,52,0,0,따뜻함,보통
2025-10-13 22:00,2025-10-13,22,10,가을,8.0,7.0,0.0,0.0,34,1.8,30,53,0,0,선선함,보통
2025-10-13 23:00,2025-10-13,23,10,가을,12.8,9.4,0.0,0.0,44,3.1,53,101,0,0,선선함,나쁨
2025-10-14 00:00,2025-10-14,0,10,가을,12.8,10.8,0.0,0.0,69,2.1,15,24,0,0,선선함,좋음
2025-10-14 01:00,2025-10-14,1,10,가을,11.3,7.4,0.0,0.0,82,6.0,46,73,0,0,선선함,나쁨
2025-10-14 02:00,2025-10-14,2,10,가을,13.1,10.3,0.0,0.0,66,4.2,38,65,0,0,선선함,나쁨
2025-10-14 03:00,2025-10-14,3,10,가을,10.5,8.6,0.0,0.0,51,3.3,8,13,0,0,선선함,좋음
2025-10-14 04:00,2025-10-14,4,10,가을,11.5,7.0,0.0,0.0,86,6.4,19,34,0,0,선선함,보통
2025-10-14 05:00,2025-10-14,5,10,가을,9.1,5.7,0.0,0.0,74,4.2,41,76,0,0,선선함,나쁨
2025-10-14 06:00,2025-10-14,6,10,가을,13.0,10.4,0.0,0.0,32,3.7,47,82,0,0,선선함,나쁨
2025-10-14 07:00,2025-10-14,7,10,가을,16.2,12.9,0.0,0.0,54,3.7,64,127,0,0,따뜻함,나쁨
2025-10-14 08:00,2025-10-14,8,10,가을,20.8,16.2,0.0,0.0,74,6.6,37,80,0,0,따뜻함,나쁨
2025-10-14 09:00,2025-10-14,9,10,가을,22.4,17.4,0.0,0.0,50,7.7,47,82,0,0,따뜻함,나쁨
2025-10-14 10:00,2025-10-14,10,10,가을,18.1,17.1,0.0,0.0,34,1.7,22,44,0,0,따뜻함,보통
2025-10-14 11:00,2025-10-14,11,10,가을,20.4,16.4,0.0,0.0,39,5.9,46,93,0,0,따뜻함,나쁨
2025-10-14 12:00,2025-10-14,12,10,가을,20.6,16.4,0.0,0.0,46,5.3,66,137,0,0,따뜻함,나쁨
2025-10-14 13:00,2025-10-14,13,10,가을,20.3,19.0,0.0,0.0,54,0.9,19,34,0,0,따뜻함,보통
2025-10-14 14:00,2025-10-14,14,10,가을,21.5,18.3,0.0,0.0,65,2.7,40,72,0,0,따뜻함,나쁨
2025-10-14 15:00,2025-10-14,15,10,가을,13.5,10.3,0.0,0.0,86,4.7,38,66,0,0,선선함,나쁨
2025-10-14 16:00,2025-10-14,16,10,가을,14.7,13.8,0.0,0.0,44,1.1,30,49,0,0,선선함,보통
2025-10-14 17:00,2025-10-14,17,10,가을,18.8,16.8,0.0,0.0,56,2.0,31,65,0,0,따뜻함,보통
2025-10-14 18:00,2025-10-14,18,10,가을,12.8,8.6,0.0,0.0,55,6.5,52,110,0,0,선선함,나쁨
2025-10-14 19:00,2025-10-14,19,10,가을,9.9,4.8,0.0,0.0,84,6.9,24,37,0,0,선선함,보통
2025-10-14 20:00,2025-10-14,20,10,가을,12.5,9.9,0.0,0.0,40,2.2,43,77,0,0,선선함,나쁨
2025-10-14 21:00,2025-10-14,21,10,가을,14.2,13.1,0.0,0.0,41,0.8,28,49,0,0,선선함,보통
2025-10-14 22:00,2025-10-14,22,10,가을,14.5,11.2,0.0,0.0,81,4.6,39,82,0,0,선선함,나쁨
2025-10-14 23:00,2025-10-14,23,10,가을,8.2,7.3,0.0,0.0,60,1.6,16,34,0,0,선선함,보통
2025-10-15 00:00,2025-10-15,0,10,가을,12.2,10.8,0.0,0.0,52,2.3,40,68,0,0,선선함,나쁨
2025-10-15 01:00,2025-10-15,1,10,가을,9.1,4.3,0.6,0.0,51,5.9,48,90,1,0,선선함,나쁨
2025-10-15 02:00,2025-10-15,2,10,가을,9.7,7.7,0.0,0.0,59,3.0,38,72,0,0,선선함,나쁨
2025-10-15 03:00,2025-10-15,3,10,가을,14.5,11.9,0.0,0.0,62,3.4,47,71,0,0,선선함,나쁨
2025-10-15 04:00,2025-10-15,4,10,가을,13.7,10.8,0.0,0.0,67,4.0,22,45,0,0,선선함,보통
2025-10-15 05:00,2025-10-15,5,10,가을,12.9,7.2,0.0,0.0,57,7.1,19,37,0,0,선선함,보통
2025-10-15 06:00,2025-10-15,6,10,가을,20.0,17.6,0.0,0.0,62,2.5,53,90,0,0,따뜻함,나쁨
2025-10-15 07:00,2025-10-15,7,10,가을,16.2,11.5,0.0,0.0,67,6.9,52,78,0,0,따뜻함,나쁨
2025-10-15 08:00,2025-10-15,8,10,가을,15.4,11.9,0.0,0.0,61,4.0,36,64,0,0,따뜻함,나쁨
2025-10-15 09:00,2025-10-15,9,10,가을,15.8,13.3,0.0,0.0,31,4.5,26,44,0,0,따뜻함,보통
2025-10-15 10:00,2025-10-15,10,10,가을,23.4,19.5,0.0,0.0,62,5.2,35,56,0,0,더움,보통
2025-10-15 11:00,2025-10-15,11,10,가을,17.5,15.1,0.0,0.0,36,3.2,33,51,0,0,따뜻함,보통
2025-10-15 12:00,2025-10-15,12,10,가을,23.3,18.3,0.0,0.0,39,7.0,50,78,0,0,더움,나쁨
2025-10-15 13:00,2025-10-15,13,10,가을,25.3,24.4,0.0,0.0,67,1.8,37,58,0,0,더움,나쁨
2025-10-15 14:00,2025-10-15,14,10,가을,22.0,18.5,0.0,0.0,81,5.4,31,62,0,0,따뜻함,보통
2025-10-15 15:00,2025-10-15,15,10,가을,12.3,11.8,0.0,0.0,52,0.8,37,77,0,0,선선함,나쁨
2025-10-15 16:00,2025-10-15,16,10,가을,18.0,12.8,0.0,0.0,50,6.3,35,65,0,0,따뜻함,보통
2025-10-15 17:00,2025-10-15,17,10,가을,18.2,13.9,0.0,0.0,36,6.4,31,52,0,0,따뜻함,보통
2025-10-15 18:00,2025-10-15,18,10,가을,13.9,10.8,0.0,0.0,77,5.4,33,70,0,0,선선함,보통
2025-10-15 19:00,2025-10-15,19,10,가을,15.7,10.4,0.0,0.0,75,7.7,13,20,0,0,따뜻함,좋음
2025-10-15 20:00,2025-10-15,20,10,가을,17.1,10.4,0.0,0.0,80,7.3,53,97,0,0,따뜻함,나쁨
2025-10-15 21:00,2025-10-15,21,10,가을,11.9,7.8,0.0,0.0,35,5.8,46,79,0,0,선선함,나쁨
2025-10-15 22:00,2025-10-15,22,10,가을,6.5,5.9,0.0,0.0,45,1.2,34,63,0,0,쌀쌀함,보통
2025-10-15 23:00,2025-10-15,23,10,가을,8.5,7.2,0.0,0.0,48,2.4,49,75,0,0,선선함,나쁨
2025-10-16 00:00,2025-10-16,0,10,가을,7.6,3.4,0.0,0.0,44,5.5,34,70,0,0,쌀쌀함,보통
2025-10-16 01:00,2025-10-16,1,10,가을,9.7,6.9,0.0,0.0,52,4.6,55,83,0,0,선선함,나쁨
2025-10-16 02:00,2025-10-16,2,10,가을,4.2,2.3,0.0,0.0,80,4.2,32,48,0,0,쌀쌀함,보통
2025-10-16 03:00,2025-10-16,3,10,가을,16.0,14.8,0.0,0.0,55,1.3,51,83,0,0,따뜻함,나쁨
2025-10-16 04:00,2025-10-16,4,10,가을,10.6,6.1,0.0,0.0,62,6.4,32,57,0,0,선선함,보통
2025-10-16 05:00,2025-10-16,5,10,가을,10.7,7.9,0.0,0.0,38,4.6,67,128,0,0,선선함,나쁨
2025-10-16 06:00,2025-10-16,6,10,가을,19.5,16.5,0.0,0.0,43,4.1,35,70,0,0,따뜻함,보통
2025-10-16 07:00,2025-10-16,7,10,가을,16.0,12.4,0.0,0.0,64,4.4,46,69,0,0,따뜻함,나쁨
2025-10-16 08:00,2025-10-16,8,10,가을,15.7,12.4,0.4,0.0,83,5.3,33,54,1,0,따뜻함,보통
2025-10-16 09:00,2025-10-16,9,10,가을,20.4,16.7,0.0,0.0,58,5.7,40,60,0,0,따뜻함,나쁨
2025-10-16 10:00,2025-10-16,10,10,가을,23.0,21.5,0.0,0.0,30,1.5,22,33,0,0,더움,보통
2025-10-16 11:00,2025-10-16,11,10,가을,24.6,20.7,0.0,0.0,57,5.6,46,71,0,0,더움,나쁨
2025-10-16 12:00,2025-10-16,12,10,가을,23.0,19.5,0.0,0.0,32,6.8,56,86,0,0,더움,나쁨
2025-10-16 13:00,2025-10-16,13,10,가을,24.1,19.4,0.0,0.0,68,7.4,50,75,0,0,더움,나쁨
2025-10-16 14:00,2025-10-16,14,10,가을,19.1,19.1,0.0,0.0,75,0.6,43,72,0,0,따뜻함,나쁨
2025-10-16 15:00,2025-10-16,15,10,가을,15.8,14.6,0.0,0.0,63,2.4,38,81,0,0,따뜻함,나쁨
2025-10-16 16:00,2025-10-16,16,10,가을,12.0,9.9,0.0,0.0,80,2.6,51,95,0,0,선선함,나쁨
2025-10-16 17:00,2025-10-16,17,10,가을,10.9,5.3,0.0,0.0,58,7.4,41,71,0,0,선선함,나쁨
2025-10-16 18:00,2025-10-16,18,10,가을,18.8,14.7,0.0,0.0,40,6.9,35,61,0,0,따뜻함,보통
2025-10-16 19:00,2025-10-16,19,10,가을,17.4,16.1,0.0,0.0,42,2.3,25,49,0,0,따뜻함,보통
2025-10-16 20:00,2025-10-16,20,10,가을,7.4,4.6,0.0,0.0,83,5.3,34,62,0,0,쌀쌀함,보통
2025-10-16 21:00,2025-10-16,21,10,가을,6.9,4.8,0.0,0.0,34,2.0,45,89,0,0,쌀쌀함,나쁨
2025-10-16 22:00,2025-10-16,22,10,가을,11.7,7.0,0.0,0.0,87,7.1,22,43,0,0,선선함,보통
2025-10-16 23:00,2025-10-16,23,10,가을,12.7,7.6,0.0,0.0,83,6.2,15,26,0,0,선선함,좋음
2025-10-17 00:00,2025-10-17,0,10,가을,8.8,5.5,0.0,0.0,78,4.5,54,90,0,0,선선함,나쁨
2025-10-17 01:00,2025-10-17,1,10,가을,13.5,12.4,0.0,0.0,52,2.4,31,49,0,0,선선함,보통
2025-10-17 02:00,2025-10-17,2,10,가을,13.4,13.1,0.0,0.0,79,0.8,33,50,0,0,선선함,보통
2025-10-17 03:00,2025-10-17,3,10,가을,15.6,11.1,0.0,0.0,74,5.9,28,56,0,0,따뜻함,보통
2025-10-17 04:00,2025-10-17,4,10,가을,10.0,5.5,0.0,0.0,71,7.4,44,86,0,0,선선함,나쁨
2025-10-17 05:00,2025-10-17,5,10,가을,11.3,7.6,0.0,0.0,83,6.0,52,78,0,0,선선함,나쁨
2025-10-17 06:00,2025-10-17,6,10,가을,14.5,10.6,0.0,0.0,57,6.3,41,66,0,0,선선함,나쁨
2025-10-17 07:00,2025-10-17,7,10,가을,16.1,15.4,0.0,0.0,62,0.8,55,117,0,0,따뜻함,나쁨
2025-10-17 08:00,2025-10-17,8,10,가을,13.0,11.9,0.0,0.0,48,0.6,28,54,0,0,선선함,보통
2025-10-17 09:00,2025-10-17,9,10,가을,15.1,9.4,0.0,0.0,56,6.7,49,85,0,0,따뜻함,나쁨
2025-10-17 10:00,2025-10-17,10,10,가을,20.4,19.2,0.0,0.0,81,1.9,60,104,0,0,따뜻함,나쁨
2025-10-17 11:00,2025-10-17,11,10,가을,19.5,15.5,0.0,0.0,49,5.8,66,132,0,0,따뜻함,나쁨
2025-10-17 12:00,2025-10-17,12,10,가을,19.6,17.4,0.0,0.0,51,3.6,51,81,0,0,따뜻함,나쁨
2025-10-17 13:00,2025-10-17,13,10,가을,22.9,21.8,0.0,0.0,90,1.2,54,90,0,0,따뜻함,나쁨
2025-10-17 14:00,2025-10-17,14,10,가을,14.3,11.4,0.0,0.0,60,3.0,42,88,0,0,선선함,나쁨
2025-10-17 15:00,2025-10-17,15,10,가을,18.4,15.9,0.0,0.0,63,3.9,18,37,0,0,따뜻함,보통
2025-10-17 16:00,2025-10-17,16,10,가을,22.5,19.2,0.0,0.0,83,4.9,43,88,0,0,따뜻함,나쁨
2025-10-17 17:00,2025-10-17,17,10,가을,16.0,13.0,0.0,0.0,54,4.0,47,80,0,0,따뜻함,나쁨
2025-10-17 18:00,2025-10-17,18,10,가을,13.5,9.0,0.0,0.0,30,6.2,34,69,0,0,선선함,보통
2025-10-17 19:00,2025-10-17,19,10,가을,16.1,11.2,0.0,0.0,74,6.0,31,59,0,0,따뜻함,보통
2025-10-17 20:00,2025-10-17,20,10,가을,19.3,18.6,0.0,0.0,60,0.9,41,79,0,0,따뜻함,나쁨
2025-10-17 21:00,2025-10-17,21,10,가을,15.9,15.0,0.0,0.0,44,1.0,50,99,0,0,따뜻함,나쁨
2025-10-17 22:00,2025-10-17,22,10,가을,15.2,12.7,0.0,0.0,51,1.2,6,13,0,0,따뜻함,좋음
2025-10-17 23:00,2025-10-17,23,10,가을,14.0,11.0,0.0,0.0,70,3.3,34,61,0,0,선선함,보통
2025-10-18 00:00,2025-10-18,0,10,가을,12.4,8.7,0.0,0.0,61,6.9,51,81,0,0,선선함,나쁨
2025-10-18 01:00,2025-10-18,1,10,가을,11.9,7.1,0.0,0.0,68,7.3,11,18,0,0,선선함,좋음
2025-10-18 02:00,2025-10-18,2,10,가을,10.1,5.5,0.0,0.0,38,7.8,37,57,0,0,선선함,나쁨
2025-10-18 03:00,2025-10-18,3,10,가을,15.2,14.1,0.0,0.0,38,1.6,34,58,0,0,따뜻함,보통
2025-10-18 04:00,2025-10-18,4,10,가을,13.0,9.6,0.0,0.0,58,6.1,26,45,0,0,선선함,보통
2025-10-18 05:00,2025-10-18,5,10,가을,14.5,12.6,0.0,0.0,71,3.4,41,77,0,0,선선함,나쁨
2025-10-18 06:00,2025-10-18,6,10,가을,11.6,9.9,0.0,0.0,38,1.5,14,28,0,0,선선함,좋음
2025-10-18 07:00,2025-10-18,7,10,가을,20.8,17.9,0.0,0.0,74,4.8,16,24,0,0,따뜻함,보통
2025-10-18 08:00,2025-10-18,8,10,가을,12.2,8.9,0.0,0.0,88,5.3,19,28,0,0,선선함,보통
2025-10-18 09:00,2025-10-18,9,10,가을,15.3,13.1,0.0,0.0,74,1.9,36,58,0,0,따뜻함,나쁨
2025-10-18 10:00,2025-10-18,10,10,가을,23.1,22.9,0.0,0.0,87,1.6,36,73,0,0,더움,나쁨
2025-10-18 11:00,2025-10-18,11,10,가을,23.4,19.6,0.0,0.0,47,6.5,34,66,0,0,더움,보통
2025-10-18 12:00,2025-10-18,12,10,가을,20.1,17.6,0.0,0.0,75,3.4,42,87,0,0,따뜻함,나쁨
2025-10-18 13:00,2025-10-18,13,10,가을,22.2,17.4,0.0,0.0,56,6.9,17,26,0,0,따뜻함,보통
2025-10-18 14:00,2025-10-18,14,10,가을,20.9,18.5,0.0,0.0,31,2.8,34,65,0,0,따뜻함,보통
2025-10-18 15:00,2025-10-18,15,10,가을,22.8,18.9,0.0,0.0,67,5.7,81,123,0,0,따뜻함,매우나쁨
2025-10-18 16:00,2025-10-18,16,10,가을,16.4,12.0,0.0,0.0,87,7.1,52,87,0,0,따뜻함,나쁨
2025-10-18 17:00,2025-10-18,17,10,가을,12.3,7.0,0.0,0.0,40,7.1,13,24,0,0,선선함,좋음
2025-10-18 18:00,2025-10-18,18,10,가을,15.8,11.3,0.0,0.0,57,6.6,61,101,0,0,따뜻함,나쁨
2025-10-18 19:00,2025-10-18,19,10,가을,11.9,7.1,0.0,0.0,67,5.8,25,50,0,0,선선함,보통
2025-10-18 20:00,2025-10-18,20,10,가을,8.6,4.6,0.0,0.0,58,5.4,35,55,0,0,선선함,보통
2025-10-18 21:00,2025-10-18,21,10,가을,9.4,8.8,0.0,0.0,61,1.8,49,99,0,0,선선함,나쁨
2025-10-18 22:00,2025-10-18,22,10,가을,16.3,14.0,0.0,0.0,58,2.9,32,69,0,0,따뜻함,보통
2025-10-18 23:00,2025-10-18,23,10,가을,9.2,3.7,0.0,0.0,78,6.6,33,61,0,0,선선함,보통
2025-10-19 00:00,2025-10-19,0,10,가을,11.1,5.2,0.0,0.0,37,7.4,56,122,0,0,선선함,나쁨
2025-10-19 01:00,2025-10-19,1,10,가을,11.8,7.3,0.0,0.0,38,6.3,48,84,0,0,선선함,나쁨
2025-10-19 02:00,2025-10-19,2,10,가을,10.5,4.9,0.0,0.0,73,7.6,38,74,0,0,선선함,나쁨
2025-10-19 03:00,2025-10-19,3,10,가을,12.2,7.8,0.0,0.0,30,6.9,11,20,0,0,선선함,좋음
2025-10-19 04:00,2025-10-19,4,10,가을,10.7,6.8,0.0,0.0,40,5.9,37,81,0,0,선선함,나쁨
2025-10-19 05:00,2025-10-19,5,10,가을,10.1,10.6,0.0,0.0,54,1.2,44,74,0,0,선선함,나쁨
2025-10-19 06:00,2025-10-19,6,10,가을,9.2,4.7,0.0,0.0,53,5.7,58,113,0,0,선선함,나쁨
2025-10-19 07:00,2025-10-19,7,10,가을,19.6,17.0,0.0,0.0,77,3.9,40,80,0,0,따뜻함,나쁨
2025-10-19 08:00,2025-10-19,8,10,가을,12.7,10.7,0.0,0.0,76,3.2,43,66,0,0,선선함,나쁨
2025-10-19 09:00,2025-10-19,9,10,가을,22.8,20.7,0.0,0.0,88,2.1,24,42,0,0,따뜻함,보통
2025-10-19 10:00,2025-10-19,10,10,가을,15.7,10.6,0.0,0.0,31,7.5,57,114,0,0,따뜻함,나쁨
2025-10-19 11:00,2025-10-19,11,10,가을,16.1,13.5,0.0,0.0,50,3.8,44,75,0,0,따뜻함,나쁨
2025-10-19 12:00,2025-10-19,12,10,가을,23.7,20.5,0.0,0.0,52,4.9,36,79,0,0,더움,나쁨
2025-10-19 13:00,2025-10-19,13,10,가을,15.4,13.0,0.0,0.0,49,3.3,44,75,0,0,따뜻함,나쁨
2025-10-19 14:00,2025-10-19,14,10,가을,17.9,14.9,0.0,0.0,88,4.8,38,79,0,0,따뜻함,나쁨
2025-10-19 15:00,2025-10-19,15,10,가을,16.3,11.4,0.0,0.0,68,7.6,39,79,0,0,따뜻함,나쁨
2025-10-19 16:00,2025-10-19,16,10,가을,18.4,16.0,0.0,0.0,63,3.4,30,59,0,0,따뜻함,보통
2025-10-19 17:00,2025-10-19,17,10,가을,15.3,13.0,0.0,0.0,35,4.2,39,83,0,0,따뜻함,나쁨
2025-10-19 18:00,2025-10-19,18,10,가을,12.0,8.8,0.0,0.0,40,4.3,52,87,0,0,선선함,나쁨
2025-10-19 19:00,2025-10-19,19,10,가을,11.5,10.2,0.0,0.0,81,1.3,56,103,0,0,선선함,나쁨
2025-10-19 20:00,2025-10-19,20,10,가을,14.9,9.6,0.0,0.0,76,8.0,38,69,0,0,선선함,나쁨
2025-10-19 21:00,2025-10-19,21,10,가을,15.1,11.2,0.0,0.0,47,5.7,60,108,0,0,따뜻함,나쁨
2025-10-19 22:00,2025-10-19,22,10,가을,13.4,10.8,0.0,0.0,61,4.2,44,96,0,0,선선함,나쁨
2025-10-19 23:00,2025-10-19,23,10,가을,9.1,7.5,0.0,0.0,88,2.9,26,49,0,0,선선함,보통
2025-10-20 00:00,2025-10-20,0,10,가을,13.3,13.0,0.0,0.0,59,1.4,43,85,0,0,선선함,나쁨
2025-10-20 01:00,2025-10-20,1,10,가을,10.3,8.8,0.0,0.0,62,1.3,44,81,0,0,선선함,나쁨
2025-10-20 02:00,2025-10-20,2,10,가을,5.0,0.9,0.0,0.0,82,6.7,63,137,0,0,쌀쌀함,나쁨
2025-10-20 03:00,2025-10-20,3,10,가을,10.6,8.4,0.0,0.0,49,3.9,63,105,0,0,선선함,나쁨
2025-10-20 04:00,2025-10-20,4,10,가을,16.3,15.2,0.0,0.0,52,0.6,32,68,0,0,따뜻함,보통
2025-10-20 05:00,2025-10-20,5,10,가을,16.0,14.2,0.0,0.0,54,3.5,16,31,0,0,따뜻함,보통
2025-10-20 06:00,2025-10-20,6,10,가을,14.2,12.7,0.0,0.0,76,2.7,19,34,0,0,선선함,보통
2025-10-20 07:00,2025-10-20,7,10,가을,12.2,5.9,0.0,0.0,45,7.9,42,83,0,0,선선함,나쁨
2025-10-20 08:00,2025-10-20,8,10,가을,17.6,16.6,0.0,0.0,60,1.6,70,108,0,0,따뜻함,나쁨
2025-10-20 09:00,2025-10-20,9,10,가을,17.8,16.5,0.0,0.0,78,0.6,40,86,0,0,따뜻함,나쁨
2025-10-20 10:00,2025-10-20,10,10,가을,20.9,15.3,0.0,0.0,47,8.0,16,33,0,0,따뜻함,보통
2025-10-20 11:00,2025-10-20,11,10,가을,18.0,16.9,0.0,0.0,58,2.2,45,75,0,0,따뜻함,나쁨
2025-10-20 12:00,2025-10-20,12,10,가을,22.7,17.3,0.0,0.0,52,6.9,49,95,0,0,따뜻함,나쁨
2025-10-20 13:00,2025-10-20,13,10,가을,15.8,14.9,0.0,0.0,33,1.2,30,61,0,0,따뜻함,보통
2025-10-20 14:00,2025-10-20,14,10,가을,23.5,19.0,0.0,0.0,59,5.6,40,64,0,0,더움,나쁨
2025-10-20 15:00,2025-10-20,15,10,가을,21.0,18.0,0.0,0.0,90,3.5,40,87,0,0,따뜻함,나쁨
2025-10-20 16:00,2025-10-20,16,10,가을,19.6,14.2,0.0,0.0,83,6.7,5,8,0,0,따뜻함,좋음
2025-10-20 17:00,2025-10-20,17,10,가을,16.0,14.7,0.0,0.0,63,1.2,44,94,0,0,따뜻함,나쁨
2025-10-20 18:00,2025-10-20,18,10,가을,11.4,10.8,0.0,0.0,84,0.7,35,57,0,0,선선함,보통
2025-10-20 19:00,2025-10-20,19,10,가을,18.2,13.9,0.0,0.0,74,4.9,39,69,0,0,따뜻함,나쁨
2025-10-20 20:00,2025-10-20,20,10,가을,16.1,14.0,0.0,0.0,51,2.5,36,55,0,0,따뜻함,나쁨
2025-10-20 21:00,2025-10-20,21,10,가을,11.9,11.6,0.0,0.0,37,1.1,24,48,0,0,선선함,보통
2025-10-20 22:00,2025-10-20,22,10,가을,13.4,11.7,0.0,0.0,73,2.9,50,75,0,0,선선함,나쁨
2025-10-20 23:00,2025-10-20,23,10,가을,10.2,8.8,0.0,0.0,82,2.7,37,63,0,0,선선함,나쁨
2025-10-21 00:00,2025-10-21,0,10,가을,9.0,4.2,0.0,0.0,82,7.4,29,57,0,0,선선함,보통
2025-10-21 01:00,2025-10-21,1,10,가을,8.8,5.3,0.0,0.0,31,6.2,45,82,0,0,선선함,나쁨
2025-10-21 02:00,2025-10-21,2,10,가을,6.5,1.1,0.0,0.0,39,7.2,34,69,0,0,쌀쌀함,보통
2025-10-21 03:00,2025-10-21,3,10,가을,12.9,9.5,0.0,0.0,47,4.5,25,49,0,0,선선함,보통
2025-10-21 04:00,2025-10-21,4,10,가을,13.0,8.9,0.0,0.0,39,5.6,38,73,0,0,선선함,나쁨
2025-10-21 05:00,2025-10-21,5,10,가을,17.0,13.9,0.0,0.0,39,4.8,38,80,0,0,따뜻함,나쁨
2025-10-21 06:00,2025-10-21,6,10,가을,14.8,10.7,0.0,0.0,78,4.0,44,82,0,0,선선함,나쁨
2025-10-21 07:00,2025-10-21,7,10,가을,17.0,14.3,0.0,0.0,41,2.8,27,51,0,0,따뜻함,보통
2025-10-21 08:00,2025-10-21,8,10,가을,19.6,17.3,0.0,0.0,41,3.5,39,65,0,0,따뜻함,나쁨
2025-10-21 09:00,2025-10-21,9,10,가을,20.1,14.6,0.0,0.0,37,7.8,18,32,0,0,따뜻함,보통
2025-10-21 10:00,2025-10-21,10,10,가을,22.4,18.9,0.0,0.0,46,5.4,45,67,0,0,따뜻함,나쁨
2025-10-21 11:00,2025-10-21,11,10,가을,19.4,18.1,0.0,0.0,88,1.5,9,17,0,0,따뜻함,좋음
2025-10-21 12:00,2025-10-21,12,10,가을,17.2,15.8,0.0,0.0,45,2.4,37,67,0,0,따뜻함,나쁨
2025-10-21 13:00,2025-10-21,13,10,가을,19.2,14.0,0.0,0.0,75,6.8,41,78,0,0,따뜻함,나쁨
2025-10-21 14:00,2025-10-21,14,10,가을,15.9,14.0,0.0,0.0,76,2.6,20,34,0,0,따뜻함,보통
2025-10-21 15:00,2025-10-21,15,10,가을,18.2,17.3,0.0,0.0,71,1.6,5,10,0,0,따뜻함,좋음
2025-10-21 16:00,2025-10-21,16,10,가을,12.6,10.1,0.0,0.0,63,3.8,56,96,0,0,선선함,나쁨
2025-10-21 17:00,2025-10-21,17,10,가을,13.9,10.8,0.0,0.0,56,4.2,12,20,0,0,선선함,좋음
2025-10-21 18:00,2025-10-21,18,10,가을,15.4,11.4,0.0,0.0,64,5.7,18,31,0,0,따뜻함,보통
2025-10-21 19:00,2025-10-21,19,10,가을,9.7,8.9,0.0,0.0,36,0.7,16,27,0,0,선선함,보통
2025-10-21 20:00,2025-10-21,20,10,가을,8.8,5.5,0.0,0.0,69,3.4,59,93,0,0,선선함,나쁨
2025-10-21 21:00,2025-10-21,21,10,가을,15.8,14.0,0.0,0.0,79,1.2,38,68,0,0,따뜻함,나쁨
2025-10-21 22:00,2025-10-21,22,10,가을,8.6,3.3,0.0,0.0,59,8.0,52,107,0,0,선선함,나쁨
2025-10-21 23:00,2025-10-21,23,10,가을,8.7,7.2,0.0,0.0,38,1.8,32,59,0,0,선선함,보통
2025-10-22 00:00,2025-10-22,0,10,가을,5.2,2.1,0.0,0.0,88,4.6,21,42,0,0,쌀쌀함,보통
2025-10-22 01:00,2025-10-22,1,10,가을,13.9,10.9,0.0,0.0,71,5.2,46,86,0,0,선선함,나쁨
2025-10-22 02:00,2025-10-22,2,10,가을,10.1,9.1,0.0,0.0,44,0.6,40,60,0,0,선선함,나쁨
2025-10-22 03:00,2025-10-22,3,10,가을,5.8,3.4,0.0,0.0,56,3.4,32,62,0,0,쌀쌀함,보통
2025-10-22 04:00,2025-10-22,4,10,가을,13.0,10.0,0.0,0.0,57,4.0,24,39,0,0,선선함,보통
2025-10-22 05:00,2025-10-22,5,10,가을,15.2,12.7,0.0,0.0,81,2.9,45,68,0,0,따뜻함,나쁨
2025-10-22 06:00,2025-10-22,6,10,가을,13.8,12.7,0.0,0.0,72,1.4,38,69,0,0,선선함,나쁨
2025-10-22 07:00,2025-10-22,7,10,가을,16.3,15.7,0.0,0.0,80,0.5,45,78,0,0,따뜻함,나쁨
2025-10-22 08:00,2025-10-22,8,10,가을,20.5,16.1,0.0,0.0,31,5.5,35,59,0,0,따뜻함,보통
2025-10-22 09:00,2025-10-22,9,10,가을,23.3,21.4,0.0,0.0,88,2.2,34,64,0,0,더움,보통
2025-10-22 10:00,2025-10-22,10,10,가을,20.7,14.9,0.0,0.0,63,7.3,16,24,0,0,따뜻함,보통
2025-10-22 11:00,2025-10-22,11,10,가을,22.7,16.5,0.0,0.0,77,7.9,14,26,0,0,따뜻함,좋음
2025-10-22 12:00,2025-10-22,12,10,가을,17.2,15.2,0.0,0.0,30,4.2,32,54,0,0,따뜻함,보통
2025-10-22 13:00,2025-10-22,13,10,가을,18.3,17.2,0.0,0.0,31,0.7,51,106,0,0,따뜻함,나쁨
2025-10-22 14:00,2025-10-22,14,10,가을,18.9,18.0,0.0,0.0,42,1.8,37,67,0,0,따뜻함,나쁨
2025-10-22 15:00,2025-10-22,15,10,가을,18.2,16.6,0.0,0.0,64,1.6,16,30,0,0,따뜻함,보통
2025-10-22 16:00,2025-10-22,16,10,가을,17.8,17.2,0.0,0.0,42,1.2,75,141,0,0,따뜻함,나쁨
2025-10-22 17:00,2025-10-22,17,10,가을,20.9,16.4,0.0,0.0,78,6.3,64,99,0,0,따뜻함,나쁨
2025-10-22 18:00,2025-10-22,18,10,가을,17.2,13.8,0.0,0.0,30,4.1,34,71,0,0,따뜻함,보통
2025-10-22 19:00,2025-10-22,19,10,가을,10.7,10.5,0.0,0.0,50,1.6,22,39,0,0,선선함,보통
2025-10-22 20:00,2025-10-22,20,10,가을,15.3,9.5,0.0,0.0,56,7.8,44,77,0,0,따뜻함,나쁨
2025-10-22 21:00,2025-10-22,21,10,가을,7.9,8.5,0.0,0.0,49,0.7,54,116,0,0,쌀쌀함,나쁨
2025-10-22 22:00,2025-10-22,22,10,가을,13.0,9.0,0.0,0.0,81,5.6,28,60,0,0,선선함,보통
2025-10-22 23:00,2025-10-22,23,10,가을,9.3,8.3,0.0,0.0,49,0.6,45,69,0,0,선선함,나쁨
2025-10-23 00:00,2025-10-23,0,10,가을,8.7,4.5,0.0,0.0,70,5.8,7,13,0,0,선선함,좋음
2025-10-23 01:00,2025-10-23,1,10,가을,14.9,10.6,0.0,0.0,68,6.1,22,47,0,0,선선함,보통
2025-10-23 02:00,2025-10-23,2,10,가을,9.2,6.5,0.0,0.0,35,3.9,55,101,0,0,선선함,나쁨
2025-10-23 03:00,2025-10-23,3,10,가을,10.1,6.5,0.0,0.0,89,5.5,29,57,0,0,선선함,보통
2025-10-23 04:00,2025-10-23,4,10,가을,15.1,9.8,0.0,0.0,88,7.1,37,69,0,0,따뜻함,나쁨
2025-10-23 05:00,2025-10-23,5,10,가을,9.5,4.6,0.0,0.0,89,6.3,31,55,0,0,선선함,보통
2025-10-23 06:00,2025-10-23,6,10,가을,17.3,16.5,0.0,0.0,83,0.9,40,85,0,0,따뜻함,나쁨
2025-10-23 07:00,2025-10-23,7,10,가을,13.2,9.5,0.0,0.0,33,4.6,58,101,0,0,선선함,나쁨
2025-10-23 08:00,2025-10-23,8,10,가을,21.6,20.5,0.0,0.0,32,0.7,72,155,0,0,따뜻함,나쁨
2025-10-23 09:00,2025-10-23,9,10,가을,13.7,8.7,0.0,0.0,34,7.6,5,9,0,0,선선함,좋음
2025-10-23 10:00,2025-10-23,10,10,가을,17.7,15.1,0.0,0.0,43,2.7,10,15,0,0,따뜻함,좋음
2025-10-23 11:00,2025-10-23,11,10,가을,25.0,23.7,0.0,0.0,90,1.0,30,64,0,0,더움,보통
2025-10-23 12:00,2025-10-23,12,10,가을,23.0,22.0,0.0,0.0,63,1.7,50,96,0,0,더움,나쁨
2025-10-23 13:00,2025-10-23,13,10,가을,17.4,15.2,0.0,0.0,33,2.2,25,44,0,0,따뜻함,보통
2025-10-23 14:00,2025-10-23,14,10,가을,24.5,22.7,0.0,0.0,68,3.0,29,60,0,0,더움,보통
2025-10-23 15:00,2025-10-23,15,10,가을,17.2,16.8,0.0,0.0,55,1.0,32,63,0,0,따뜻함,보통
2025-10-23 16:00,2025-10-23,16,10,가을,16.4,11.1,0.0,0.0,82,7.6,9,16,0,0,따뜻함,좋음
2025-10-23 17:00,2025-10-23,17,10,가을,17.7,14.2,0.0,0.0,66,6.3,25,38,0,0,따뜻함,보통
2025-10-23 18:00,2025-10-23,18,10,가을,11.5,11.0,0.0,0.0,76,0.7,19,38,0,0,선선함,보통
2025-10-23 19:00,2025-10-23,19,10,가을,10.2,7.5,0.0,0.0,41,5.1,40,87,0,0,선선함,나쁨
2025-10-23 20:00,2025-10-23,20,10,가을,6.6,0.7,0.0,0.0,60,7.8,27,46,0,0,쌀쌀함,보통
2025-10-23 21:00,2025-10-23,21,10,가을,6.8,4.0,0.0,0.0,76,4.5,36,73,0,0,쌀쌀함,나쁨
2025-10-23 22:00,2025-10-23,22,10,가을,11.1,6.6,0.0,0.0,59,7.4,35,56,0,0,선선함,보통
2025-10-23 23:00,2025-10-23,23,10,가을,10.6,5.2,0.0,0.0,73,7.5,57,124,0,0,선선함,나쁨
2025-10-24 00:00,2025-10-24,0,10,가을,8.3,4.6,0.0,0.0,31,5.1,42,84,0,0,선선함,나쁨
2025-10-24 01:00,2025-10-24,1,10,가을,14.6,11.6,0.0,0.0,70,5.2,58,116,0,0,선선함,나쁨
2025-10-24 02:00,2025-10-24,2,10,가을,15.8,15.3,0.0,0.0,80,1.4,72,118,0,0,따뜻함,나쁨
2025-10-24 03:00,2025-10-24,3,10,가을,13.0,10.2,0.0,0.0,61,4.8,60,94,0,0,선선함,나쁨
2025-10-24 04:00,2025-10-24,4,10,가을,7.4,4.3,0.0,0.0,70,4.3,21,33,0,0,쌀쌀함,보통
2025-10-24 05:00,2025-10-24,5,10,가을,11.9,9.3,0.0,0.0,65,4.1,28,48,0,0,선선함,보통
2025-10-24 06:00,2025-10-24,6,10,가을,18.3,16.7,0.0,0.0,56,1.4,35,54,0,0,따뜻함,보통
2025-10-24 07:00,2025-10-24,7,10,가을,14.7,14.1,0.0,0.0,61,1.7,32,61,0,0,선선함,보통
2025-10-24 08:00,2025-10-24,8,10,가을,21.2,16.5,0.0,0.0,81,6.4,31,60,0,0,따뜻함,보통
2025-10-24 09:00,2025-10-24,9,10,가을,14.2,11.4,0.0,0.0,55,2.7,48,74,0,0,선선함,나쁨
2025-10-24 10:00,2025-10-24,10,10,가을,20.5,19.1,0.0,0.0,49,1.8,29,59,0,0,따뜻함,보통
2025-10-24 11:00,2025-10-24,11,10,가을,19.2,15.3,0.0,0.0,74,3.9,26,56,0,0,따뜻함,보통
2025-10-24 12:00,2025-10-24,12,10,가을,18.7,12.9,0.0,0.0,56,8.0,48,87,0,0,따뜻함,나쁨
2025-10-24 13:00,2025-10-24,13,10,가을,24.8,25.0,0.0,0.0,67,0.7,29,57,0,0,더움,보통
2025-10-24 14:00,2025-10-24,14,10,가을,18.5,18.2,0.0,0.0,73,0.9,22,34,0,0,따뜻함,보통
2025-10-24 15:00,2025-10-24,15,10,가을,15.0,13.0,0.0,0.0,83,2.2,50,87,0,0,따뜻함,나쁨
2025-10-24 16:00,2025-10-24,16,10,가을,21.2,16.1,0.0,0.0,76,7.7,24,46,0,0,따뜻함,보통
2025-10-24 17:00,2025-10-24,17,10,가을,20.7,14.9,0.0,0.0,45,7.7,17,26,0,0,따뜻함,보통
2025-10-24 18:00,2025-10-24,18,10,가을,18.2,15.9,0.0,0.0,44,3.1,45,68,0,0,따뜻함,나쁨
2025-10-24 19:00,2025-10-24,19,10,가을,14.3,10.8,0.0,0.0,51,5.0,33,65,0,0,선선함,보통
2025-10-24 20:00,2025-10-24,20,10,가을,17.0,16.1,0.0,0.0,34,1.0,32,59,0,0,따뜻함,보통
2025-10-24 21:00,2025-10-24,21,10,가을,5.9,-0.2,0.0,0.0,49,7.5,39,81,0,0,쌀쌀함,나쁨
2025-10-24 22:00,2025-10-24,22,10,가을,5.8,1.1,0.0,0.0,78,6.4,63,126,0,0,쌀쌀함,나쁨
2025-10-24 23:00,2025-10-24,23,10,가을,6.0,5.4,0.0,0.0,37,0.6,43,85,0,0,쌀쌀함,나쁨
2025-10-25 00:00,2025-10-25,0,10,가을,12.7,9.1,0.0,0.0,44,4.1,9,14,0,0,선선함,좋음
2025-10-25 01:00,2025-10-25,1,10,가을,8.7,4.3,0.0,0.0,58,6.5,53,93,0,0,선선함,나쁨
2025-10-25 02:00,2025-10-25,2,10,가을,14.9,11.4,0.0,0.0,57,4.8,35,74,0,0,선선함,보통
2025-10-25 03:00,2025-10-25,3,10,가을,16.5,12.5,0.0,0.0,89,6.5,53,82,0,0,따뜻함,나쁨
2025-10-25 04:00,2025-10-25,4,10,가을,8.6,7.3,0.0,0.0,78,2.6,38,67,0,0,선선함,나쁨
2025-10-25 05:00,2025-10-25,5,10,가을,16.1,12.9,0.0,0.0,36,2.6,47,96,0,0,따뜻함,나쁨
2025-10-25 06:00,2025-10-25,6,10,가을,10.7,9.3,2.4,0.0,57,2.3,5,9,1,0,선선함,좋음
2025-10-25 07:00,2025-10-25,7,10,가을,12.7,12.2,0.0,0.0,66,1.1,33,58,0,0,선선함,보통
2025-10-25 08:00,2025-10-25,8,10,가을,23.3,17.7,0.0,0.0,66,7.6,16,32,0,0,더움,보통
2025-10-25 09:00,2025-10-25,9,10,가을,22.8,18.0,0.0,0.0,70,6.7,37,59,0,0,따뜻함,나쁨
2025-10-25 10:00,2025-10-25,10,10,가을,24.3,20.1,0.0,0.0,38,4.7,25,40,0,0,더움,보통
2025-10-25 11:00,2025-10-25,11,10,가을,16.3,13.0,0.0,0.0,56,4.3,64,133,0,0,따뜻함,나쁨
2025-10-25 12:00,2025-10-25,12,10,가을,18.2,15.2,0.0,0.0,71,3.3,42,81,0,0,따뜻함,나쁨
2025-10-25 13:00,2025-10-25,13,10,가을,20.5,15.2,0.0,0.0,90,7.7,32,50,0,0,따뜻함,보통
2025-10-25 14:00,2025-10-25,14,10,가을,21.1,18.7,0.0,0.0,78,3.7,46,98,0,0,따뜻함,나쁨
2025-10-25 15:00,2025-10-25,15,10,가을,20.9,19.3,0.0,0.0,50,1.5,39,68,0,0,따뜻함,나쁨
2025-10-25 16:00,2025-10-25,16,10,가을,15.4,11.9,0.0,0.0,33,5.1,57,95,0,0,따뜻함,나쁨
2025-10-25 17:00,2025-10-25,17,10,가을,14.6,14.2,0.0,0.0,47,0.9,37,80,0,0,선선함,나쁨
2025-10-25 18:00,2025-10-25,18,10,가을,14.4,11.7,0.0,0.0,56,3.1,33,51,0,0,선선함,보통
2025-10-25 19:00,2025-10-25,19,10,가을,11.8,10.5,0.0,0.0,42,0.8,57,112,0,0,선선함,나쁨
2025-10-25 20:00,2025-10-25,20,10,가을,14.7,12.3,0.0,0.0,42,3.0,55,108,0,0,선선함,나쁨
2025-10-25 21:00,2025-10-25,21,10,가을,11.3,8.3,0.0,0.0,33,4.7,58,112,0,0,선선함,나쁨
2025-10-25 22:00,2025-10-25,22,10,가을,6.0,3.0,0.0,0.0,64,3.5,49,95,0,0,쌀쌀함,나쁨
2025-10-25 23:00,2025-10-25,23,10,가을,12.6,11.6,0.0,0.0,56,1.0,33,72,0,0,선선함,보통
2025-10-26 00:00,2025-10-26,0,10,가을,10.1,9.8,0.0,0.0,65,1.5,38,81,0,0,선선함,나쁨
2025-10-26 01:00,2025-10-26,1,10,가을,9.2,3.8,0.0,0.0,53,7.7,27,58,0,0,선선함,보통
2025-10-26 02:00,2025-10-26,2,10,가을,15.8,11.7,0.0,0.0,39,6.5,37,63,0,0,따뜻함,나쁨
2025-10-26 03:00,2025-10-26,3,10,가을,14.0,12.9,0.0,0.0,82,1.4,33,66,0,0,선선함,보통
2025-10-26 04:00,2025-10-26,4,10,가을,14.5,12.0,0.0,0.0,36,3.3,47,83,0,0,선선함,나쁨
2025-10-26 05:00,2025-10-26,5,10,가을,14.1,10.5,0.0,0.0,47,4.4,22,45,0,0,선선함,보통
2025-10-26 06:00,2025-10-26,6,10,가을,14.3,9.3,0.0,0.0,48,7.4,47,82,0,0,선선함,나쁨
2025-10-26 07:00,2025-10-26,7,10,가을,20.0,18.7,0.0,0.0,68,2.0,46,72,0,0,따뜻함,나쁨
2025-10-26 08:00,2025-10-26,8,10,가을,20.7,19.0,0.0,0.0,38,1.8,34,57,0,0,따뜻함,보통
2025-10-26 09:00,2025-10-26,9,10,가을,14.4,13.5,0.0,0.0,64,0.7,40,86,0,0,선선함,나쁨
2025-10-26 10:00,2025-10-26,10,10,가을,14.0,11.0,0.0,0.0,49,4.4,22,44,0,0,선선함,보통
2025-10-26 11:00,2025-10-26,11,10,가을,25.2,21.0,0.0,0.0,88,7.2,51,96,0,0,더움,나쁨
2025-10-26 12:00,2025-10-26,12,10,가을,22.7,19.8,0.0,0.0,45,5.0,41,61,0,0,따뜻함,나쁨
2025-10-26 13:00,2025-10-26,13,10,가을,25.5,23.3,0.0,0.0,64,1.9,49,90,0,0,더움,나쁨
2025-10-26 14:00,2025-10-26,14,10,가을,21.5,16.2,0.0,0.0,31,7.3,22,39,0,0,따뜻함,보통
2025-10-26 15:00,2025-10-26,15,10,가을,18.8,15.7,0.0,0.0,50,5.2,42,74,0,0,따뜻함,나쁨
2025-10-26 16:00,2025-10-26,16,10,가을,15.8,13.3,0.0,0.0,47,3.5,46,100,0,0,따뜻함,나쁨
2025-10-26 17:00,2025-10-26,17,10,가을,12.0,10.1,0.0,0.0,82,1.7,23,43,0,0,선선함,보통
2025-10-26 18:00,2025-10-26,18,10,가을,15.9,10.8,0.0,0.0,55,7.7,33,70,0,0,따뜻함,보통
2025-10-26 19:00,2025-10-26,19,10,가을,10.5,9.1,0.0,0.0,60,2.1,20,33,0,0,선선함,보통
2025-10-26 20:00,2025-10-26,20,10,가을,11.8,8.8,0.0,0.0,32,4.2,28,58,0,0,선선함,보통
2025-10-26 21:00,2025-10-26,21,10,가을,6.6,5.1,0.0,0.0,78,2.5,40,86,0,0,쌀쌀함,나쁨
2025-10-26 22:00,2025-10-26,22,10,가을,9.2,9.1,0.0,0.0,63,0.6,14,21,0,0,선선함,좋음
2025-10-26 23:00,2025-10-26,23,10,가을,8.1,5.7,0.0,0.0,49,4.5,20,36,0,0,선선함,보통
2025-10-27 00:00,2025-10-27,0,10,가을,8.8,6.7,0.0,0.0,83,3.0,68,139,0,0,선선함,나쁨
2025-10-27 01:00,2025-10-27,1,10,가을,11.1,9.6,0.0,0.0,40,2.8,39,65,0,0,선선함,나쁨
2025-10-27 02:00,2025-10-27,2,10,가을,10.6,7.6,0.0,0.0,87,4.2,54,93,0,0,선선함,나쁨
2025-10-27 03:00,2025-10-27,3,10,가을,7.2,5.3,0.0,0.0,75,3.1,10,17,0,0,쌀쌀함,좋음
2025-10-27 04:00,2025-10-27,4,10,가을,15.0,11.4,0.0,0.0,46,5.6,33,64,0,0,따뜻함,보통
2025-10-27 05:00,2025-10-27,5,10,가을,14.1,11.7,0.0,0.0,90,4.0,5,9,0,0,선선함,좋음
2025-10-27 06:00,2025-10-27,6,10,가을,17.4,15.4,0.0,0.0,68,3.7,48,104,0,0,따뜻함,나쁨
2025-10-27 07:00,2025-10-27,7,10,가을,20.6,18.4,0.0,0.0,47,2.2,26,44,0,0,따뜻함,보통
2025-10-27 08:00,2025-10-27,8,10,가을,18.1,16.1,0.0,0.0,34,1.6,65,130,0,0,따뜻함,나쁨
2025-10-27 09:00,2025-10-27,9,10,가을,16.8,13.7,0.0,0.0,86,5.4,24,44,0,0,따뜻함,보통
2025-10-27 10:00,2025-10-27,10,10,가을,15.5,10.3,0.0,0.0,88,7.5,7,14,0,0,따뜻함,좋음
2025-10-27 11:00,2025-10-27,11,10,가을,16.5,12.1,0.0,0.0,79,6.4,46,87,0,0,따뜻함,나쁨
2025-10-27 12:00,2025-10-27,12,10,가을,21.0,20.2,0.0,0.0,86,1.5,46,92,0,0,따뜻함,나쁨
2025-10-27 13:00,2025-10-27,13,10,가을,19.9,18.1,0.0,0.0,56,1.7,55,90,0,0,따뜻함,나쁨
2025-10-27 14:00,2025-10-27,14,10,가을,15.7,10.7,0.0,0.0,75,7.1,45,89,0,0,따뜻함,나쁨
2025-10-27 15:00,2025-10-27,15,10,가을,23.4,18.3,0.0,0.0,42,7.6,68,147,0,0,더움,나쁨
2025-10-27 16:00,2025-10-27,16,10,가을,20.5,16.3,0.0,0.0,60,6.4,57,117,0,0,따뜻함,나쁨
2025-10-27 17:00,2025-10-27,17,10,가을,11.8,10.9,0.0,0.0,30,1.3,29,44,0,0,선선함,보통
2025-10-27 18:00,2025-10-27,18,10,가을,17.1,15.2,0.0,0.0,81,3.0,26,40,0,0,따뜻함,보통
2025-10-27 19:00,2025-10-27,19,10,가을,13.2,13.1,0.0,0.0,82,1.6,57,117,0,0,선선함,나쁨
2025-10-27 20:00,2025-10-27,20,10,가을,9.5,4.7,0.0,0.0,30,7.5,43,64,0,0,선선함,나쁨
2025-10-27 21:00,2025-10-27,21,10,가을,12.2,7.9,0.0,0.0,37,6.0,45,83,0,0,선선함,나쁨
2025-10-27 22:00,2025-10-27,22,10,가을,14.9,10.8,0.0,0.0,77,5.2,58,109,0,0,선선함,나쁨
2025-10-27 23:00,2025-10-27,23,10,가을,15.6,13.9,0.0,0.0,90,1.7,35,62,0,0,따뜻함,보통
2025-10-28 00:00,2025-10-28,0,10,가을,9.3,6.1,0.0,0.0,39,4.8,28,50,0,0,선선함,보통
2025-10-28 01:00,2025-10-28,1,10,가을,7.4,3.9,0.0,0.0,36,4.3,58,114,0,0,쌀쌀함,나쁨
2025-10-28 02:00,2025-10-28,2,10,가을,8.2,4.3,0.0,0.0,80,4.5,20,39,0,0,선선함,보통
2025-10-28 03:00,2025-10-28,3,10,가을,14.1,12.8,0.0,0.0,86,2.9,29,46,0,0,선선함,보통
2025-10-28 04:00,2025-10-28,4,10,가을,13.3,7.7,0.0,0.0,64,7.7,14,21,0,0,선선함,좋음
2025-10-28 05:00,2025-10-28,5,10,가을,15.3,15.0,0.0,0.0,52,0.8,63,105,0,0,따뜻함,나쁨
2025-10-28 06:00,2025-10-28,6,10,가을,17.4,14.3,0.0,0.0,79,4.9,32,56,0,0,따뜻함,보통
2025-10-28 07:00,2025-10-28,7,10,가을,18.4,17.6,0.0,0.0,45,0.9,46,79,0,0,따뜻함,나쁨
2025-10-28 08:00,2025-10-28,8,10,가을,20.4,19.0,0.0,0.0,82,1.2,61,104,0,0,따뜻함,나쁨
2025-10-28 09:00,2025-10-28,9,10,가을,18.6,17.2,0.0,0.0,63,1.1,23,36,0,0,따뜻함,보통
2025-10-28 10:00,2025-10-28,10,10,가을,18.2,15.6,0.0,0.0,45,2.9,27,48,0,0,따뜻함,보통
2025-10-28 11:00,2025-10-28,11,10,가을,21.0,17.3,0.0,0.0,62,4.9,28,51,0,0,따뜻함,보통
2025-10-28 12:00,2025-10-28,12,10,가을,16.6,11.9,0.0,0.0,74,6.4,59,97,0,0,따뜻함,나쁨
2025-10-28 13:00,2025-10-28,13,10,가을,20.8,19.9,0.0,0.0,33,1.4,28,60,0,0,따뜻함,보통
2025-10-28 14:00,2025-10-28,14,10,가을,17.1,13.9,0.0,0.0,42,4.6,35,65,0,0,따뜻함,보통
2025-10-28 15:00,2025-10-28,15,10,가을,15.8,13.9,0.0,0.0,71,3.6,40,75,0,0,따뜻함,나쁨
2025-10-28 16:00,2025-10-28,16,10,가을,17.1,14.1,0.0,0.0,61,4.6,23,49,0,0,따뜻함,보통
2025-10-28 17:00,2025-10-28,17,10,가을,14.2,10.5,0.0,0.0,76,5.0,42,63,0,0,선선함,나쁨
2025-10-28 18:00,2025-10-28,18,10,가을,17.5,15.1,0.0,0.0,61,2.7,56,101,0,0,따뜻함,나쁨
2025-10-28 19:00,2025-10-28,19,10,가을,9.7,9.5,0.0,0.0,55,0.9,51,104,0,0,선선함,나쁨
2025-10-28 20:00,2025-10-28,20,10,가을,16.4,14.3,0.0,0.0,69,2.8,54,105,0,0,따뜻함,나쁨
2025-10-28 21:00,2025-10-28,21,10,가을,8.8,7.2,0.0,0.0,41,2.6,58,126,0,0,선선함,나쁨
2025-10-28 22:00,2025-10-28,22,10,가을,11.3,8.4,0.0,0.0,86,4.6,43,79,0,0,선선함,나쁨
2025-10-28 23:00,2025-10-28,23,10,가을,12.9,10.1,0.0,0.0,61,4.1,31,52,0,0,선선함,보통
2025-10-29 00:00,2025-10-29,0,10,가을,14.0,12.6,0.0,0.0,87,3.0,39,77,0,0,선선함,나쁨
2025-10-29 01:00,2025-10-29,1,10,가을,7.9,5.6,0.0,0.0,54,1.5,64,112,0,0,쌀쌀함,나쁨
2025-10-29 02:00,2025-10-29,2,10,가을,7.5,5.8,0.0,0.0,85,1.3,45,97,0,0,쌀쌀함,나쁨
2025-10-29 03:00,2025-10-29,3,10,가을,5.8,4.0,0.0,0.0,51,2.8,10,16,0,0,쌀쌀함,좋음
2025-10-29 04:00,2025-10-29,4,10,가을,15.1,12.5,0.0,0.0,40,4.7,34,68,0,0,따뜻함,보통
2025-10-29 05:00,2025-10-29,5,10,가을,13.2,11.8,0.0,0.0,90,1.6,35,67,0,0,선선함,보통
2025-10-29 06:00,2025-10-29,6,10,가을,20.1,15.5,0.0,0.0,42,6.7,11,23,0,0,따뜻함,좋음
2025-10-29 07:00,2025-10-29,7,10,가을,15.2,11.5,0.0,0.0,45,4.7,33,59,0,0,따뜻함,보통
2025-10-29 08:00,2025-10-29,8,10,가을,14.8,10.8,0.0,0.0,66,4.9,49,102,0,0,선선함,나쁨
2025-10-29 09:00,2025-10-29,9,10,가을,17.1,12.3,0.0,0.0,30,7.0,51,87,0,0,따뜻함,나쁨
2025-10-29 10:00,2025-10-29,10,10,가을,14.5,9.6,0.0,0.0,86,7.3,39,67,0,0,선선함,나쁨
2025-10-29 11:00,2025-10-29,11,10,가을,15.9,13.8,0.0,0.0,56,3.4,33,65,0,0,따뜻함,보통
2025-10-29 12:00,2025-10-29,12,10,가을,18.7,18.5,0.0,0.0,82,1.0,42,89,0,0,따뜻함,나쁨
2025-10-29 13:00,2025-10-29,13,10,가을,16.7,12.3,0.0,0.0,86,5.2,49,97,0,0,따뜻함,나쁨
2025-10-29 14:00,2025-10-29,14,10,가을,18.2,13.2,0.0,0.0,83,6.4,24,50,0,0,따뜻함,보통
2025-10-29 15:00,2025-10-29,15,10,가을,19.7,18.3,0.0,0.0,76,3.0,23,49,0,0,따뜻함,보통
2025-10-29 16:00,2025-10-29,16,10,가을,12.5,9.4,0.0,0.0,44,3.8,26,56,0,0,선선함,보통
2025-10-29 17:00,2025-10-29,17,10,가을,12.6,11.6,0.0,0.0,32,1.0,43,65,0,0,선선함,나쁨
2025-10-29 18:00,2025-10-29,18,10,가을,13.2,8.3,0.0,0.0,42,7.6,40,83,0,0,선선함,나쁨
2025-10-29 19:00,2025-10-29,19,10,가을,16.2,11.2,0.0,0.0,73,7.0,51,110,0,0,따뜻함,나쁨
2025-10-29 20:00,2025-10-29,20,10,가을,14.6,11.7,0.0,0.0,59,5.5,27,40,0,0,선선함,보통
2025-10-29 21:00,2025-10-29,21,10,가을,10.8,7.3,0.0,0.0,32,5.2,49,95,0,0,선선함,나쁨
2025-10-29 22:00,2025-10-29,22,10,가을,9.1,5.5,0.0,0.0,65,4.7,53,110,0,0,선선함,나쁨
2025-10-29 23:00,2025-10-29,23,10,가을,14.5,12.1,0.0,0.0,40,3.7,24,41,0,0,선선함,보통
2025-10-30 00:00,2025-10-30,0,10,가을,10.2,9.8,0.0,0.0,40,0.7,47,95,0,0,선선함,나쁨
2025-10-30 01:00,2025-10-30,1,10,가을,8.3,5.7,0.0,0.0,68,4.3,17,31,0,0,선선함,보통
2025-10-30 02:00,2025-10-30,2,10,가을,13.9,14.0,0.0,0.0,85,0.9,35,64,0,0,선선함,보통
2025-10-30 03:00,2025-10-30,3,10,가을,14.6,10.5,0.0,0.0,49,3.8,25,49,0,0,선선함,보통
2025-10-30 04:00,2025-10-30,4,10,가을,12.6,8.0,0.0,0.0,59,6.0,28,51,0,0,선선함,보통
2025-10-30 05:00,2025-10-30,5,10,가을,17.2,14.1,0.0,0.0,57,5.1,48,74,0,0,따뜻함,나쁨
2025-10-30 06:00,2025-10-30,6,10,가을,14.9,10.5,0.0,0.0,90,6.4,16,30,0,0,선선함,보통
2025-10-30 07:00,2025-10-30,7,10,가을,12.3,8.8,0.0,0.0,43,4.5,25,51,0,0,선선함,보통
2025-10-30 08:00,2025-10-30,8,10,가을,18.8,15.0,0.0,0.0,85,4.7,41,82,0,0,따뜻함,나쁨
2025-10-30 09:00,2025-10-30,9,10,가을,17.2,15.4,0.0,0.0,30,1.6,53,94,0,0,따뜻함,나쁨
2025-10-30 10:00,2025-10-30,10,10,가을,20.7,16.9,0.0,0.0,31,5.9,21,39,0,0,따뜻함,보통
2025-10-30 11:00,2025-10-30,11,10,가을,16.7,13.8,0.0,0.0,64,2.7,34,70,0,0,따뜻함,보통
2025-10-30 12:00,2025-10-30,12,10,가을,15.9,15.1,0.0,0.0,64,1.0,53,100,0,0,따뜻함,나쁨
2025-10-30 13:00,2025-10-30,13,10,가을,17.8,18.1,0.0,0.0,89,1.3,45,97,0,0,따뜻함,나쁨
2025-10-30 14:00,2025-10-30,14,10,가을,18.6,14.6,0.0,0.0,34,5.6,35,61,0,0,따뜻함,보통
2025-10-30 15:00,2025-10-30,15,10,가을,14.9,11.9,0.0,0.0,63,3.6,31,51,0,0,선선함,보통
2025-10-30 16:00,2025-10-30,16,10,가을,16.0,14.4,0.0,0.0,32,1.4,21,43,0,0,따뜻함,보통
2025-10-30 17:00,2025-10-30,17,10,가을,13.7,11.2,0.0,0.0,81,2.8,38,62,0,0,선선함,나쁨
2025-10-30 18:00,2025-10-30,18,10,가을,12.6,11.8,0.0,0.0,72,1.6,22,37,0,0,선선함,보통
2025-10-30 19:00,2025-10-30,19,10,가을,10.2,8.6,0.0,0.0,58,1.7,39,72,0,0,선선함,나쁨
2025-10-30 20:00,2025-10-30,20,10,가을,15.3,11.8,0.0,0.0,89,4.1,35,63,0,0,따뜻함,보통
2025-10-30 21:00,2025-10-30,21,10,가을,5.2,4.1,0.0,0.0,64,1.4,42,76,0,0,쌀쌀함,나쁨
2025-10-30 22:00,2025-10-30,22,10,가을,11.7,10.2,0.0,0.0,66,1.5,40,72,0,0,선선함,나쁨
2025-10-30 23:00,2025-10-30,23,10,가을,12.9,9.3,0.0,0.0,73,5.8,29,47,0,0,선선함,보통
2025-10-31 00:00,2025-10-31,0,10,가을,7.2,4.7,0.0,0.0,47,4.1,42,69,0,0,쌀쌀함,나쁨
2025-10-31 01:00,2025-10-31,1,10,가을,7.2,5.3,0.0,0.0,55,3.2,48,97,0,0,쌀쌀함,나쁨
2025-10-31 02:00,2025-10-31,2,10,가을,10.0,8.0,0.0,0.0,45,3.2,29,56,0,0,선선함,보통
2025-10-31 03:00,2025-10-31,3,10,가을,16.9,13.7,0.0,0.0,83,4.7,51,102,0,0,따뜻함,나쁨
2025-10-31 04:00,2025-10-31,4,10,가을,10.7,6.9,0.0,0.0,76,6.3,43,82,0,0,선선함,나쁨
2025-10-31 05:00,2025-10-31,5,10,가을,10.0,6.1,0.0,0.0,52,4.9,59,99,0,0,선선함,나쁨
2025-10-31 06:00,2025-10-31,6,10,가을,10.9,5.5,0.0,0.0,85,6.7,56,110,0,0,선선함,나쁨
2025-10-31 07:00,2025-10-31,7,10,가을,18.8,15.2,0.0,0.0,68,6.0,17,26,0,0,따뜻함,보통
2025-10-31 08:00,2025-10-31,8,10,가을,18.1,15.2,0.0,0.0,42,4.2,52,104,0,0,따뜻함,나쁨
2025-10-31 09:00,2025-10-31,9,10,가을,17.6,14.2,0.0,0.0,43,5.4,32,56,0,0,따뜻함,보통
2025-10-31 10:00,2025-10-31,10,10,가을,21.3,17.8,0.0,0.0,45,5.1,24,40,0,0,따뜻함,보통
2025-10-31 11:00,2025-10-31,11,10,가을,15.7,10.5,0.0,0.0,58,6.8,44,76,0,0,따뜻함,나쁨
2025-10-31 12:00,2025-10-31,12,10,가을,15.2,11.3,0.0,0.0,65,3.8,32,61,0,0,따뜻함,보통
2025-10-31 13:00,2025-10-31,13,10,가을,23.7,18.5,0.0,0.0,47,8.0,43,72,0,0,더움,나쁨
2025-10-31 14:00,2025-10-31,14,10,가을,21.8,18.2,0.0,0.0,82,5.9,16,34,0,0,따뜻함,보통
2025-10-31 15:00,2025-10-31,15,10,가을,19.5,15.3,0.0,0.0,83,6.7,18,33,0,0,따뜻함,보통
2025-10-31 16:00,2025-10-31,16,10,가을,19.6,17.0,0.0,0.0,41,4.2,50,95,0,0,따뜻함,나쁨
2025-10-31 17:00,2025-10-31,17,10,가을,11.2,8.0,0.0,0.0,45,5.0,35,52,0,0,선선함,보통
2025-10-31 18:00,2025-10-31,18,10,가을,16.2,11.1,0.0,0.0,47,6.6,35,52,0,0,따뜻함,보통
2025-10-31 19:00,2025-10-31,19,10,가을,16.5,12.5,0.0,0.0,76,6.7,58,115,0,0,따뜻함,나쁨
2025-10-31 20:00,2025-10-31,20,10,가을,14.4,13.7,0.0,0.0,56,1.8,24,40,0,0,선선함,보통
2025-10-31 21:00,2025-10-31,21,10,가을,16.1,10.5,0.0,0.0,82,7.9,42,73,0,0,따뜻함,나쁨
2025-10-31 22:00,2025-10-31,22,10,가을,6.7,1.1,0.0,0.0,38,7.9,16,34,0,0,쌀쌀함,보통
2025-10-31 23:00,2025-10-31,23,10,가을,12.3,10.2,0.0,0.0,31,1.7,37,63,0,0,선선함,나쁨
2025-11-01 00:00,2025-11-01,0,11,가을,4.7,1.2,0.0,0.0,71,6.2,45,92,0,0,쌀쌀함,나쁨
2025-11-01 01:00,2025-11-01,1,11,가을,3.7,0.7,0.0,0.0,85,4.6,53,102,0,0,쌀쌀함,나쁨
2025-11-01 02:00,2025-11-01,2,11,가을,-2.0,-4.9,0.0,0.0,36,3.5,36,55,0,0,추움,나쁨
2025-11-01 03:00,2025-11-01,3,11,가을,5.2,1.1,0.0,0.0,71,6.3,61,94,0,0,쌀쌀함,나쁨
2025-11-01 04:00,2025-11-01,4,11,가을,0.1,-1.8,0.0,0.0,78,2.8,24,38,0,0,추움,보통
2025-11-01 05:00,2025-11-01,5,11,가을,9.5,4.3,0.0,0.0,75,7.2,33,62,0,0,선선함,보통
2025-11-01 06:00,2025-11-01,6,11,가을,5.5,3.4,0.0,0.0,32,3.5,45,83,0,0,쌀쌀함,나쁨
2025-11-01 07:00,2025-11-01,7,11,가을,13.2,12.3,0.0,0.0,70,1.6,61,126,0,0,선선함,나쁨
2025-11-01 08:00,2025-11-01,8,11,가을,9.0,4.5,0.0,0.0,42,6.8,59,94,0,0,선선함,나쁨
2025-11-01 09:00,2025-11-01,9,11,가을,7.0,1.0,0.0,0.0,44,7.2,56,109,0,0,쌀쌀함,나쁨
2025-11-01 10:00,2025-11-01,10,11,가을,11.3,9.0,0.0,0.0,83,2.5,62,123,0,0,선선함,나쁨
2025-11-01 11:00,2025-11-01,11,11,가을,10.3,6.5,0.0,0.0,37,6.5,62,125,0,0,선선함,나쁨
2025-11-01 12:00,2025-11-01,12,11,가을,11.3,7.1,0.0,0.0,55,5.6,23,43,0,0,선선함,보통
2025-11-01 13:00,2025-11-01,13,11,가을,15.3,12.4,0.0,0.0,69,3.4,45,75,0,0,따뜻함,나쁨
2025-11-01 14:00,2025-11-01,14,11,가을,14.4,11.7,0.0,0.0,32,3.0,49,89,0,0,선선함,나쁨
2025-11-01 15:00,2025-11-01,15,11,가을,5.6,2.4,0.0,0.0,67,4.3,90,166,0,0,쌀쌀함,매우나쁨
2025-11-01 16:00,2025-11-01,16,11,가을,15.7,13.0,0.0,0.0,49,3.7,46,87,0,0,따뜻함,나쁨
2025-11-01 17:00,2025-11-01,17,11,가을,8.7,6.3,0.0,0.0,64,4.0,47,80,0,0,선선함,나쁨
2025-11-01 18:00,2025-11-01,18,11,가을,7.3,5.4,0.0,0.0,58,2.7,46,98,0,0,쌀쌀함,나쁨
2025-11-01 19:00,2025-11-01,19,11,가을,8.6,5.6,0.0,0.0,55,4.3,68,102,0,0,선선함,나쁨
2025-11-01 20:00,2025-11-01,20,11,가을,3.8,0.7,0.0,0.0,55,3.8,43,69,0,0,쌀쌀함,나쁨
2025-11-01 21:00,2025-11-01,21,11,가을,4.4,1.2,0.0,0.0,56,4.8,47,86,0,0,쌀쌀함,나쁨
2025-11-01 22:00,2025-11-01,22,11,가을,5.9,4.9,1.5,0.0,82,1.1,39,68,1,0,쌀쌀함,나쁨
2025-11-01 23:00,2025-11-01,23,11,가을,5.1,4.2,0.0,0.0,55,1.8,37,79,0,0,쌀쌀함,나쁨
2025-11-02 00:00,2025-11-02,0,11,가을,-2.6,-3.4,0.0,0.6,30,1.6,36,74,0,1,추움,나쁨
2025-11-02 01:00,2025-11-02,1,11,가을,-1.2,-4.8,0.0,0.0,39,5.9,47,76,0,0,추움,나쁨
2025-11-02 02:00,2025-11-02,2,11,가을,5.5,4.3,0.0,0.0,40,1.9,48,72,0,0,쌀쌀함,나쁨
2025-11-02 03:00,2025-11-02,3,11,가을,5.8,6.0,0.0,0.0,42,0.7,76,151,0,0,쌀쌀함,매우나쁨
2025-11-02 04:00,2025-11-02,4,11,가을,7.6,3.3,0.0,0.0,71,5.0,31,52,0,0,쌀쌀함,보통
2025-11-02 05:00,2025-11-02,5,11,가을,4.5,1.6,0.0,0.0,88,4.3,21,38,0,0,쌀쌀함,보통
2025-11-02 06:00,2025-11-02,6,11,가을,10.4,5.2,0.0,0.0,90,6.5,24,47,0,0,선선함,보통
2025-11-02 07:00,2025-11-02,7,11,가을,7.2,3.4,0.0,0.0,60,5.8,46,80,0,0,쌀쌀함,나쁨
2025-11-02 08:00,2025-11-02,8,11,가을,8.7,2.8,0.0,0.0,40,7.6,68,118,0,0,선선함,나쁨
2025-11-02 09:00,2025-11-02,9,11,가을,7.1,1.9,0.0,0.0,74,6.9,61,110,0,0,쌀쌀함,나쁨
2025-11-02 10:00,2025-11-02,10,11,가을,16.9,14.0,0.0,0.0,80,4.3,67,137,0,0,따뜻함,나쁨
2025-11-02 11:00,2025-11-02,11,11,가을,6.9,4.1,0.0,0.0,37,3.6,17,29,0,0,쌀쌀함,보통
2025-11-02 12:00,2025-11-02,12,11,가을,16.1,16.1,0.0,0.0,55,0.6,67,103,0,0,따뜻함,나쁨
2025-11-02 13:00,2025-11-02,13,11,가을,15.8,13.0,0.0,0.0,61,4.9,17,29,0,0,따뜻함,보통
2025-11-02 14:00,2025-11-02,14,11,가을,10.6,7.9,0.0,0.0,36,3.8,52,97,0,0,선선함,나쁨
2025-11-02 15:00,2025-11-02,15,11,가을,12.4,9.9,0.0,0.0,49,3.5,44,77,0,0,선선함,나쁨
2025-11-02 16:00,2025-11-02,16,11,가을,7.4,4.0,0.0,0.0,44,6.8,37,56,0,0,쌀쌀함,나쁨
2025-11-02 17:00,2025-11-02,17,11,가을,11.3,7.9,0.0,0.0,77,5.3,39,72,0,0,선선함,나쁨
2025-11-02 18:00,2025-11-02,18,11,가을,11.7,7.1,0.0,0.0,86,6.7,36,78,0,0,선선함,나쁨
2025-11-02 19:00,2025-11-02,19,11,가을,3.3,-0.1,0.0,0.0,36,4.6,37,55,0,0,쌀쌀함,나쁨
2025-11-02 20:00,2025-11-02,20,11,가을,6.3,2.5,0.0,0.0,81,4.4,41,80,0,0,쌀쌀함,나쁨
2025-11-02 21:00,2025-11-02,21,11,가을,1.4,-0.8,0.0,0.0,68,4.0,61,126,0,0,쌀쌀함,나쁨
2025-11-02 22:00,2025-11-02,22,11,가을,8.5,8.2,0.0,0.0,44,1.0,45,76,0,0,선선함,나쁨
2025-11-02 23:00,2025-11-02,23,11,가을,6.0,1.3,0.0,0.0,65,7.1,21,36,0,0,쌀쌀함,보통
2025-11-03 00:00,2025-11-03,0,11,가을,5.2,-0.6,0.0,0.0,58,7.2,80,149,0,0,쌀쌀함,매우나쁨
2025-11-03 01:00,2025-11-03,1,11,가을,5.9,4.2,0.0,0.0,67,2.5,21,41,0,0,쌀쌀함,보통
2025-11-03 02:00,2025-11-03,2,11,가을,5.7,1.1,0.0,0.0,86,6.1,47,98,0,0,쌀쌀함,나쁨
2025-11-03 03:00,2025-11-03,3,11,가을,-0.3,-1.1,0.0,0.0,37,2.3,41,63,0,0,추움,나쁨
2025-11-03 04:00,2025-11-03,4,11,가을,6.9,2.5,0.0,0.0,46,5.8,52,83,0,0,쌀쌀함,나쁨
2025-11-03 05:00,2025-11-03,5,11,가을,2.3,-1.6,0.0,0.0,71,6.3,58,111,0,0,쌀쌀함,나쁨
2025-11-03 06:00,2025-11-03,6,11,가을,3.9,0.9,0.0,0.0,86,3.7,62,107,0,0,쌀쌀함,나쁨
2025-11-03 07:00,2025-11-03,7,11,가을,6.3,2.7,0.0,0.0,65,4.9,59,114,0,0,쌀쌀함,나쁨
2025-11-03 08:00,2025-11-03,8,11,가을,14.2,14.0,0.0,0.0,49,1.2,40,78,0,0,선선함,나쁨
2025-11-03 09:00,2025-11-03,9,11,가을,12.0,9.6,0.0,0.0,82,2.4,21,33,0,0,선선함,보통
2025-11-03 10:00,2025-11-03,10,11,가을,7.8,5.3,0.0,0.0,51,4.3,29,60,0,0,쌀쌀함,보통
2025-11-03 11:00,2025-11-03,11,11,가을,8.8,6.5,0.0,0.0,46,3.9,60,131,0,0,선선함,나쁨
2025-11-03 12:00,2025-11-03,12,11,가을,10.0,9.5,0.0,0.0,53,2.2,64,98,0,0,선선함,나쁨
2025-11-03 13:00,2025-11-03,13,11,가을,8.9,3.4,0.0,0.0,71,7.5,34,60,0,0,선선함,보통
2025-11-03 14:00,2025-11-03,14,11,가을,9.3,3.4,0.0,0.0,84,7.9,74,159,0,0,선선함,나쁨
2025-11-03 15:00,2025-11-03,15,11,가을,12.5,11.3,0.0,0.0,89,3.1,82,128,0,0,선선함,매우나쁨
2025-11-03 16:00,2025-11-03,16,11,가을,13.5,9.4,0.0,0.0,77,4.2,58,98,0,0,선선함,나쁨
2025-11-03 17:00,2025-11-03,17,11,가을,10.2,5.8,0.0,0.0,40,7.4,41,71,0,0,선선함,나쁨
2025-11-03 18:00,2025-11-03,18,11,가을,4.5,-1.9,0.0,0.0,81,7.2,56,98,0,0,쌀쌀함,나쁨
2025-11-03 19:00,2025-11-03,19,11,가을,3.3,-1.8,0.0,0.0,46,7.6,66,131,0,0,쌀쌀함,나쁨
2025-11-03 20:00,2025-11-03,20,11,가을,7.5,6.0,0.0,0.0,44,2.6,43,72,0,0,쌀쌀함,나쁨
2025-11-03 21:00,2025-11-03,21,11,가을,0.4,-1.8,0.0,0.0,62,2.5,59,92,0,0,추움,나쁨
2025-11-03 22:00,2025-11-03,22,11,가을,0.6,-4.0,0.0,0.0,89,7.2,47,97,0,0,추움,나쁨
2025-11-03 23:00,2025-11-03,23,11,가을,0.3,-5.2,0.0,0.0,68,7.6,57,119,0,0,추움,나쁨
2025-11-04 00:00,2025-11-04,0,11,가을,-1.2,-2.3,0.0,0.0,51,1.8,55,89,0,0,추움,나쁨
2025-11-04 01:00,2025-11-04,1,11,가을,4.6,1.5,0.0,0.0,78,5.4,36,54,0,0,쌀쌀함,나쁨
2025-11-04 02:00,2025-11-04,2,11,가을,-1.5,-3.5,0.0,0.0,55,3.2,63,120,0,0,추움,나쁨
2025-11-04 03:00,2025-11-04,3,11,가을,1.6,-2.7,0.0,0.0,89,5.8,45,75,0,0,쌀쌀함,나쁨
2025-11-04 04:00,2025-11-04,4,11,가을,5.1,0.1,0.0,0.0,42,7.3,62,124,0,0,쌀쌀함,나쁨
2025-11-04 05:00,2025-11-04,5,11,가을,5.9,4.1,0.0,0.0,67,1.5,53,98,0,0,쌀쌀함,나쁨
2025-11-04 06:00,2025-11-04,6,11,가을,11.3,10.1,0.0,0.0,66,1.2,43,72,0,0,선선함,나쁨
2025-11-04 07:00,2025-11-04,7,11,가을,6.7,6.1,0.0,0.0,32,1.6,69,120,0,0,쌀쌀함,나쁨
2025-11-04 08:00,2025-11-04,8,11,가을,9.3,5.2,0.0,0.0,73,5.6,50,101,0,0,선선함,나쁨
2025-11-04 09:00,2025-11-04,9,11,가을,14.4,9.8,0.0,0.0,60,6.8,51,103,0,0,선선함,나쁨
2025-11-04 10:00,2025-11-04,10,11,가을,17.5,14.4,0.0,0.0,75,4.2,55,118,0,0,따뜻함,나쁨
2025-11-04 11:00,2025-11-04,11,11,가을,15.1,12.7,0.0,0.0,77,3.0,60,105,0,0,따뜻함,나쁨
2025-11-04 12:00,2025-11-04,12,11,가을,8.7,4.2,0.0,0.0,57,6.3,32,62,0,0,선선함,보통
2025-11-04 13:00,2025-11-04,13,11,가을,7.1,5.4,0.0,0.0,48,2.5,43,76,0,0,쌀쌀함,나쁨
2025-11-04 14:00,2025-11-04,14,11,가을,6.8,2.4,0.0,0.0,51,6.1,57,119,0,0,쌀쌀함,나쁨
2025-11-04 15:00,2025-11-04,15,11,가을,12.4,7.3,0.0,0.0,86,8.0,46,95,0,0,선선함,나쁨
2025-11-04 16:00,2025-11-04,16,11,가을,3.5,0.7,0.0,0.0,63,3.3,41,74,0,0,쌀쌀함,나쁨
2025-11-04 17:00,2025-11-04,17,11,가을,11.6,8.6,0.0,0.0,80,4.3,38,76,0,0,선선함,나쁨
2025-11-04 18:00,2025-11-04,18,11,가을,4.1,-1.3,0.0,0.0,56,7.4,47,77,0,0,쌀쌀함,나쁨
2025-11-04 19:00,2025-11-04,19,11,가을,6.4,0.3,0.0,0.0,68,8.0,72,118,0,0,쌀쌀함,나쁨
2025-11-04 20:00,2025-11-04,20,11,가을,3.7,-0.8,0.0,0.0,74,6.9,50,90,0,0,쌀쌀함,나쁨
2025-11-04 21:00,2025-11-04,21,11,가을,4.0,1.6,0.0,0.0,63,4.4,47,91,0,0,쌀쌀함,나쁨
2025-11-04 22:00,2025-11-04,22,11,가을,1.5,-3.8,0.0,0.0,51,6.8,46,77,0,0,쌀쌀함,나쁨
2025-11-04 23:00,2025-11-04,23,11,가을,-1.2,-6.5,0.0,0.0,54,7.1,36,66,0,0,추움,나쁨
2025-11-05 00:00,2025-11-05,0,11,가을,0.6,-4.5,0.0,0.0,31,7.7,65,139,0,0,추움,나쁨
2025-11-05 01:00,2025-11-05,1,11,가을,4.8,0.1,0.0,0.0,35,6.1,52,84,0,0,쌀쌀함,나쁨
2025-11-05 02:00,2025-11-05,2,11,가을,6.3,4.1,0.0,0.0,82,2.4,51,83,0,0,쌀쌀함,나쁨
2025-11-05 03:00,2025-11-05,3,11,가을,1.3,0.4,0.0,0.0,73,1.4,48,95,0,0,쌀쌀함,나쁨
2025-11-05 04:00,2025-11-05,4,11,가을,5.8,1.2,0.0,0.0,33,6.2,44,96,0,0,쌀쌀함,나쁨
2025-11-05 05:00,2025-11-05,5,11,가을,8.0,4.0,0.0,0.0,48,5.1,56,115,0,0,선선함,나쁨
2025-11-05 06:00,2025-11-05,6,11,가을,10.9,6.9,0.0,0.0,38,4.8,39,65,0,0,선선함,나쁨
2025-11-05 07:00,2025-11-05,7,11,가을,7.0,4.7,0.0,0.0,43,2.1,48,88,0,0,쌀쌀함,나쁨
2025-11-05 08:00,2025-11-05,8,11,가을,11.6,10.1,0.0,0.0,78,1.0,60,113,0,0,선선함,나쁨
2025-11-05 09:00,2025-11-05,9,11,가을,14.1,11.7,0.0,0.0,66,3.5,40,80,0,0,선선함,나쁨
2025-11-05 10:00,2025-11-05,10,11,가을,12.8,8.1,0.0,0.0,64,7.7,57,103,0,0,선선함,나쁨
2025-11-05 11:00,2025-11-05,11,11,가을,12.1,6.4,0.0,0.0,55,7.6,54,116,0,0,선선함,나쁨
2025-11-05 12:00,2025-11-05,12,11,가을,11.4,7.0,0.0,0.0,78,6.2,53,113,0,0,선선함,나쁨
2025-11-05 13:00,2025-11-05,13,11,가을,15.7,10.6,0.0,0.0,60,6.6,58,124,0,0,따뜻함,나쁨
2025-11-05 14:00,2025-11-05,14,11,가을,11.2,8.6,0.0,0.0,31,3.9,51,93,0,0,선선함,나쁨
2025-11-05 15:00,2025-11-05,15,11,가을,9.1,5.4,0.0,0.0,37,4.1,46,92,0,0,선선함,나쁨
2025-11-05 16:00,2025-11-05,16,11,가을,13.9,8.6,0.0,0.0,42,7.1,58,95,0,0,선선함,나쁨
2025-11-05 17:00,2025-11-05,17,11,가을,8.2,8.3,0.0,0.0,84,1.0,33,62,0,0,선선함,보통
2025-11-05 18:00,2025-11-05,18,11,가을,7.2,5.2,0.0,0.0,65,3.6,49,84,0,0,쌀쌀함,나쁨
2025-11-05 19:00,2025-11-05,19,11,가을,10.3,8.9,0.0,0.0,87,1.7,40,63,0,0,선선함,나쁨
2025-11-05 20:00,2025-11-05,20,11,가을,3.2,2.2,0.0,0.0,52,1.6,31,62,0,0,쌀쌀함,보통
2025-11-05 21:00,2025-11-05,21,11,가을,4.0,0.2,0.0,0.0,44,5.1,56,106,0,0,쌀쌀함,나쁨
2025-11-05 22:00,2025-11-05,22,11,가을,7.5,3.5,0.0,0.0,72,5.5,53,90,0,0,쌀쌀함,나쁨
2025-11-05 23:00,2025-11-05,23,11,가을,0.7,-3.4,0.0,0.0,59,6.6,48,94,0,0,추움,나쁨
2025-11-06 00:00,2025-11-06,0,11,가을,0.5,-0.2,0.0,0.0,86,1.5,37,77,0,0,추움,나쁨
2025-11-06 01:00,2025-11-06,1,11,가을,0.4,-0.4,0.0,0.0,79,1.1,11,20,0,0,추움,좋음
2025-11-06 02:00,2025-11-06,2,11,가을,1.9,-1.8,0.0,0.0,45,5.4,81,145,0,0,쌀쌀함,매우나쁨
2025-11-06 03:00,2025-11-06,3,11,가을,8.1,6.2,0.0,0.0,59,2.7,38,60,0,0,선선함,나쁨
2025-11-06 04:00,2025-11-06,4,11,가을,6.6,3.4,0.0,0.0,89,4.5,52,112,0,0,쌀쌀함,나쁨
2025-11-06 05:00,2025-11-06,5,11,가을,3.1,1.3,0.0,0.0,71,3.8,65,138,0,0,쌀쌀함,나쁨
2025-11-06 06:00,2025-11-06,6,11,가을,10.8,6.7,0.0,0.0,76,6.3,32,49,0,0,선선함,보통
2025-11-06 07:00,2025-11-06,7,11,가을,11.4,6.0,0.0,0.0,62,6.8,57,89,0,0,선선함,나쁨
2025-11-06 08:00,2025-11-06,8,11,가을,8.1,4.2,0.0,0.0,46,5.4,41,84,0,0,선선함,나쁨
2025-11-06 09:00,2025-11-06,9,11,가을,8.1,2.5,0.0,0.0,46,7.5,49,106,0,0,선선함,나쁨
2025-11-06 10:00,2025-11-06,10,11,가을,13.1,8.3,0.0,0.0,60,6.7,47,85,0,0,선선함,나쁨
2025-11-06 11:00,2025-11-06,11,11,가을,13.6,12.8,0.0,0.0,39,1.2,45,96,0,0,선선함,나쁨
2025-11-06 12:00,2025-11-06,12,11,가을,13.4,11.6,0.0,0.0,87,3.1,45,98,0,0,선선함,나쁨
2025-11-06 13:00,2025-11-06,13,11,가을,7.3,2.1,0.0,0.0,34,7.6,62,135,0,0,쌀쌀함,나쁨
2025-11-06 14:00,2025-11-06,14,11,가을,12.3,7.7,0.0,0.0,71,7.9,55,108,0,0,선선함,나쁨
2025-11-06 15:00,2025-11-06,15,11,가을,6.1,2.7,0.0,0.0,59,5.1,52,98,0,0,쌀쌀함,나쁨
2025-11-06 16:00,2025-11-06,16,11,가을,13.7,9.4,0.0,0.0,41,6.7,81,134,0,0,선선함,매우나쁨
2025-11-06 17:00,2025-11-06,17,11,가을,7.8,7.3,1.0,0.0,55,2.1,60,90,1,0,쌀쌀함,나쁨
2025-11-06 18:00,2025-11-06,18,11,가을,8.3,4.7,0.0,0.0,76,4.3,51,84,0,0,선선함,나쁨
2025-11-06 19:00,2025-11-06,19,11,가을,6.8,1.2,0.0,0.0,45,7.6,54,105,0,0,쌀쌀함,나쁨
2025-11-06 20:00,2025-11-06,20,11,가을,7.2,4.1,0.0,0.0,73,4.1,83,172,0,0,쌀쌀함,매우나쁨
2025-11-06 21:00,2025-11-06,21,11,가을,-1.4,-4.3,0.0,0.0,53,4.3,29,53,0,0,추움,보통
2025-11-06 22:00,2025-11-06,22,11,가을,-3.0,-6.0,0.0,0.0,44,4.0,56,103,0,0,추움,나쁨
2025-11-06 23:00,2025-11-06,23,11,가을,4.5,1.4,0.0,0.0,76,4.3,45,93,0,0,쌀쌀함,나쁨
2025-11-07 00:00,2025-11-07,0,11,가을,0.7,-2.8,0.0,0.0,34,5.4,64,118,0,0,추움,나쁨
2025-11-07 01:00,2025-11-07,1,11,가을,6.2,2.0,0.0,0.0,76,6.6,49,100,0,0,쌀쌀함,나쁨
2025-11-07 02:00,2025-11-07,2,11,가을,0.6,-3.0,0.0,0.0,53,5.4,34,66,0,0,추움,보통
2025-11-07 03:00,2025-11-07,3,11,가을,0.5,-1.3,0.0,0.0,32,3.5,45,69,0,0,추움,나쁨
2025-11-07 04:00,2025-11-07,4,11,가을,2.1,-2.3,0.0,0.0,57,6.0,31,56,0,0,쌀쌀함,보통
2025-11-07 05:00,2025-11-07,5,11,가을,5.4,1.7,0.0,0.0,80,5.3,50,87,0,0,쌀쌀함,나쁨
2025-11-07 06:00,2025-11-07,6,11,가을,8.0,7.1,0.0,0.0,86,2.0,15,24,0,0,선선함,좋음
2025-11-07 07:00,2025-11-07,7,11,가을,12.0,9.5,0.0,0.0,58,3.6,52,81,0,0,선선함,나쁨
2025-11-07 08:00,2025-11-07,8,11,가을,9.8,5.4,0.0,0.0,87,6.5,31,51,0,0,선선함,보통
2025-11-07 09:00,2025-11-07,9,11,가을,14.3,14.1,0.0,0.0,82,1.1,68,143,0,0,선선함,나쁨
2025-11-07 10:00,2025-11-07,10,11,가을,13.7,9.6,0.0,0.0,40,5.8,76,120,0,0,선선함,매우나쁨
2025-11-07 11:00,2025-11-07,11,11,가을,9.4,5.6,0.0,0.0,75,5.9,24,43,0,0,선선함,보통
2025-11-07 12:00,2025-11-07,12,11,가을,12.3,10.4,0.0,0.0,42,3.3,14,27,0,0,선선함,좋음
2025-11-07 13:00,2025-11-07,13,11,가을,7.4,5.7,0.0,0.0,84,3.3,40,85,0,0,쌀쌀함,나쁨
2025-11-07 14:00,2025-11-07,14,11,가을,11.1,10.1,0.0,0.0,30,0.8,55,118,0,0,선선함,나쁨
2025-11-07 15:00,2025-11-07,15,11,가을,10.5,7.6,0.0,0.0,51,3.8,77,138,0,0,선선함,매우나쁨
2025-11-07 16:00,2025-11-07,16,11,가을,6.3,2.8,0.0,0.0,44,4.6,53,91,0,0,쌀쌀함,나쁨
2025-11-07 17:00,2025-11-07,17,11,가을,5.0,1.8,0.0,0.0,88,5.4,32,59,0,0,쌀쌀함,보통
2025-11-07 18:00,2025-11-07,18,11,가을,9.7,7.9,0.0,0.0,68,1.7,48,97,0,0,선선함,나쁨
2025-11-07 19:00,2025-11-07,19,11,가을,3.4,-1.1,0.0,0.0,60,5.9,39,61,0,0,쌀쌀함,나쁨
2025-11-07 20:00,2025-11-07,20,11,가을,2.2,-1.0,0.0,0.0,60,6.2,38,69,0,0,쌀쌀함,나쁨
2025-11-07 21:00,2025-11-07,21,11,가을,5.9,4.4,0.0,0.0,61,0.9,41,87,0,0,쌀쌀함,나쁨
2025-11-07 22:00,2025-11-07,22,11,가을,5.8,2.3,0.0,0.0,88,5.5,47,88,0,0,쌀쌀함,나쁨
2025-11-07 23:00,2025-11-07,23,11,가을,4.2,3.3,0.0,0.0,59,1.3,54,82,0,0,쌀쌀함,나쁨
2025-11-08 00:00,2025-11-08,0,11,가을,4.0,-0.4,0.0,0.0,46,5.4,54,82,0,0,쌀쌀함,나쁨
2025-11-08 01:00,2025-11-08,1,11,가을,-0.6,-4.0,0.0,0.0,43,5.3,47,87,0,0,추움,나쁨
2025-11-08 02:00,2025-11-08,2,11,가을,1.5,-3.6,0.0,0.0,56,6.3,61,123,0,0,쌀쌀함,나쁨
2025-11-08 03:00,2025-11-08,3,11,가을,6.2,4.2,0.0,0.0,79,2.7,44,96,0,0,쌀쌀함,나쁨
2025-11-08 04:00,2025-11-08,4,11,가을,9.6,7.9,0.0,0.0,81,2.4,65,139,0,0,선선함,나쁨
2025-11-08 05:00,2025-11-08,5,11,가을,0.9,-1.5,0.0,0.0,30,3.7,60,104,0,0,추움,나쁨
2025-11-08 06:00,2025-11-08,6,11,가을,5.9,2.4,0.0,0.0,75,4.3,42,81,0,0,쌀쌀함,나쁨
2025-11-08 07:00,2025-11-08,7,11,가을,9.6,4.2,0.0,0.0,77,7.2,42,74,0,0,선선함,나쁨
2025-11-08 08:00,2025-11-08,8,11,가을,11.3,7.8,0.0,0.0,70,5.9,37,63,0,0,선선함,나쁨
2025-11-08 09:00,2025-11-08,9,11,가을,6.4,4.2,0.0,0.0,38,3.1,63,98,0,0,쌀쌀함,나쁨
2025-11-08 10:00,2025-11-08,10,11,가을,17.0,16.1,0.0,0.0,76,1.6,56,103,0,0,따뜻함,나쁨
2025-11-08 11:00,2025-11-08,11,11,가을,10.7,7.8,0.0,0.0,47,4.0,42,87,0,0,선선함,나쁨
2025-11-08 12:00,2025-11-08,12,11,가을,9.3,4.5,0.0,0.0,40,7.8,39,67,0,0,선선함,나쁨
2025-11-08 13:00,2025-11-08,13,11,가을,9.9,8.0,0.0,0.0,37,1.6,69,138,0,0,선선함,나쁨
2025-11-08 14:00,2025-11-08,14,11,가을,10.1,6.4,0.0,0.0,68,4.6,52,79,0,0,선선함,나쁨
2025-11-08 15:00,2025-11-08,15,11,가을,12.8,11.7,0.0,0.0,84,1.9,45,75,0,0,선선함,나쁨
2025-11-08 16:00,2025-11-08,16,11,가을,7.4,4.1,0.0,0.0,87,4.7,18,29,0,0,쌀쌀함,보통
2025-11-08 17:00,2025-11-08,17,11,가을,3.6,0.7,0.0,0.0,44,4.7,42,65,0,0,쌀쌀함,나쁨
2025-11-08 18:00,2025-11-08,18,11,가을,13.7,10.3,0.0,0.0,34,3.5,53,111,0,0,선선함,나쁨
2025-11-08 19:00,2025-11-08,19,11,가을,5.3,4.5,0.0,0.0,30,1.6,46,82,0,0,쌀쌀함,나쁨
2025-11-08 20:00,2025-11-08,20,11,가을,3.8,-1.0,0.0,0.0,37,7.3,29,60,0,0,쌀쌀함,보통
2025-11-08 21:00,2025-11-08,21,11,가을,7.8,7.1,0.0,0.0,41,2.0,35,61,0,0,쌀쌀함,보통
2025-11-08 22:00,2025-11-08,22,11,가을,2.8,0.2,0.0,0.0,58,4.2,31,56,0,0,쌀쌀함,보통
2025-11-08 23:00,2025-11-08,23,11,가을,2.3,-1.6,0.0,0.0,51,4.9,53,91,0,0,쌀쌀함,나쁨
2025-11-09 00:00,2025-11-09,0,11,가을,-1.7,-4.5,0.0,0.0,76,5.0,26,42,0,0,추움,보통
2025-11-09 01:00,2025-11-09,1,11,가을,5.4,3.8,0.0,0.0,62,2.9,52,101,0,0,쌀쌀함,나쁨
2025-11-09 02:00,2025-11-09,2,11,가을,3.0,0.6,0.0,0.0,69,4.0,39,78,0,0,쌀쌀함,나쁨
2025-11-09 03:00,2025-11-09,3,11,가을,7.6,7.0,0.0,0.0,86,1.2,36,57,0,0,쌀쌀함,나쁨
2025-11-09 04:00,2025-11-09,4,11,가을,1.3,-3.1,0.0,0.0,69,5.5,43,80,0,0,쌀쌀함,나쁨
2025-11-09 05:00,2025-11-09,5,11,가을,7.6,6.5,0.0,0.0,32,2.0,36,61,0,0,쌀쌀함,나쁨
2025-11-09 06:00,2025-11-09,6,11,가을,11.1,7.9,0.0,0.0,48,4.5,36,76,0,0,선선함,나쁨
2025-11-09 07:00,2025-11-09,7,11,가을,8.9,5.0,0.0,0.0,40,5.7,55,86,0,0,선선함,나쁨
2025-11-09 08:00,2025-11-09,8,11,가을,8.6,4.3,0.0,0.0,64,6.6,48,89,0,0,선선함,나쁨
2025-11-09 09:00,2025-11-09,9,11,가을,13.5,10.6,0.0,0.0,62,4.9,29,53,0,0,선선함,보통
2025-11-09 10:00,2025-11-09,10,11,가을,10.0,5.0,0.0,0.0,45,7.8,40,68,0,0,선선함,나쁨
2025-11-09 11:00,2025-11-09,11,11,가을,12.8,9.7,0.0,0.0,68,4.4,54,107,0,0,선선함,나쁨
2025-11-09 12:00,2025-11-09,12,11,가을,14.3,14.1,0.0,0.0,60,1.1,51,93,0,0,선선함,나쁨
2025-11-09 13:00,2025-11-09,13,11,가을,14.2,13.1,0.0,0.0,73,2.0,29,59,0,0,선선함,보통
2025-11-09 14:00,2025-11-09,14,11,가을,13.0,9.8,0.0,0.0,60,4.2,75,122,0,0,선선함,나쁨
2025-11-09 15:00,2025-11-09,15,11,가을,7.4,2.6,0.0,0.0,54,7.6,42,86,0,0,쌀쌀함,나쁨
2025-11-09 16:00,2025-11-09,16,11,가을,11.5,6.4,0.0,0.0,67,7.9,45,77,0,0,선선함,나쁨
2025-11-09 17:00,2025-11-09,17,11,가을,6.5,2.1,0.0,0.0,42,5.6,43,76,0,0,쌀쌀함,나쁨
2025-11-09 18:00,2025-11-09,18,11,가을,1.7,-0.8,0.0,0.0,83,4.1,46,98,0,0,쌀쌀함,나쁨
2025-11-09 19:00,2025-11-09,19,11,가을,3.2,0.9,0.0,0.0,62,3.8,47,81,0,0,쌀쌀함,나쁨
2025-11-09 20:00,2025-11-09,20,11,가을,3.5,0.5,0.0,0.0,68,3.8,62,128,0,0,쌀쌀함,나쁨
2025-11-09 21:00,2025-11-09,21,11,가을,4.5,-0.8,0.0,0.0,80,6.7,46,91,0,0,쌀쌀함,나쁨
2025-11-09 22:00,2025-11-09,22,11,가을,3.5,-1.7,0.0,0.0,33,6.1,58,90,0,0,쌀쌀함,나쁨
2025-11-09 23:00,2025-11-09,23,11,가을,-3.3,-5.0,0.0,0.0,60,2.9,34,55,0,0,추움,보통
2025-11-10 00:00,2025-11-10,0,11,가을,1.7,-2.3,0.0,0.0,76,5.4,43,81,0,0,쌀쌀함,나쁨
2025-11-10 01:00,2025-11-10,1,11,가을,5.7,2.0,0.0,0.0,57,5.9,30,50,0,0,쌀쌀함,보통
2025-11-10 02:00,2025-11-10,2,11,가을,-4.1,-7.4,0.0,0.0,45,5.2,69,136,0,0,추움,나쁨
2025-11-10 03:00,2025-11-10,3,11,가을,4.4,3.6,0.0,0.0,83,1.5,67,143,0,0,쌀쌀함,나쁨
2025-11-10 04:00,2025-11-10,4,11,가을,3.8,3.2,0.0,0.0,60,1.4,50,92,0,0,쌀쌀함,나쁨
2025-11-10 05:00,2025-11-10,5,11,가을,5.0,4.4,0.0,0.0,86,1.8,23,46,0,0,쌀쌀함,보통
2025-11-10 06:00,2025-11-10,6,11,가을,8.1,6.1,0.0,0.0,38,2.0,67,145,0,0,선선함,나쁨
2025-11-10 07:00,2025-11-10,7,11,가을,6.6,3.9,0.0,0.0,63,5.3,35,66,0,0,쌀쌀함,보통
2025-11-10 08:00,2025-11-10,8,11,가을,6.7,3.4,0.0,0.0,49,4.6,38,62,0,0,쌀쌀함,나쁨
2025-11-10 09:00,2025-11-10,9,11,가을,12.2,9.3,0.0,0.0,59,3.7,44,87,0,0,선선함,나쁨
2025-11-10 10:00,2025-11-10,10,11,가을,7.8,2.8,0.0,0.0,62,7.2,30,52,0,0,쌀쌀함,보통
2025-11-10 11:00,2025-11-10,11,11,가을,10.1,4.9,0.0,0.0,36,6.9,26,39,0,0,선선함,보통
2025-11-10 12:00,2025-11-10,12,11,가을,16.9,12.1,0.0,0.0,38,6.5,35,71,0,0,따뜻함,보통
2025-11-10 13:00,2025-11-10,13,11,가을,13.8,10.7,0.0,0.0,89,5.6,44,82,0,0,선선함,나쁨
2025-11-10 14:00,2025-11-10,14,11,가을,12.0,9.4,0.8,0.0,42,4.0,51,94,1,0,선선함,나쁨
2025-11-10 15:00,2025-11-10,15,11,가을,9.5,4.2,0.0,0.0,62,7.7,66,140,0,0,선선함,나쁨
2025-11-10 16:00,2025-11-10,16,11,가을,9.9,4.5,0.0,0.0,47,7.6,63,122,0,0,선선함,나쁨
2025-11-10 17:00,2025-11-10,17,11,가을,13.8,8.7,0.0,0.0,69,7.5,86,150,0,0,선선함,매우나쁨
2025-11-10 18:00,2025-11-10,18,11,가을,1.9,-2.4,0.0,0.0,87,7.0,43,73,0,0,쌀쌀함,나쁨
2025-11-10 19:00,2025-11-10,19,11,가을,7.9,2.1,0.0,0.0,78,7.8,55,103,0,0,쌀쌀함,나쁨
2025-11-10 20:00,2025-11-10,20,11,가을,8.4,7.7,2.3,0.0,31,2.4,33,71,1,0,선선함,보통
2025-11-10 21:00,2025-11-10,21,11,가을,1.1,-2.4,0.0,0.0,59,5.1,76,142,0,0,쌀쌀함,매우나쁨
2025-11-10 22:00,2025-11-10,22,11,가을,2.0,-3.3,0.0,0.0,39,6.7,49,83,0,0,쌀쌀함,나쁨
2025-11-10 23:00,2025-11-10,23,11,가을,6.4,1.6,0.0,0.0,56,7.6,42,89,0,0,쌀쌀함,나쁨
2025-11-11 00:00,2025-11-11,0,11,가을,-2.9,-3.9,0.0,0.0,55,1.4,67,119,0,0,추움,나쁨
2025-11-11 01:00,2025-11-11,1,11,가을,0.1,-0.5,0.0,0.0,42,1.1,27,42,0,0,추움,보통
2025-11-11 02:00,2025-11-11,2,11,가을,0.0,-4.7,0.0,0.0,31,7.0,46,78,0,0,추움,나쁨
2025-11-11 03:00,2025-11-11,3,11,가을,5.8,5.2,0.0,0.0,75,0.9,57,107,0,0,쌀쌀함,나쁨
2025-11-11 04:00,2025-11-11,4,11,가을,3.5,-2.2,0.0,0.0,79,6.7,63,104,0,0,쌀쌀함,나쁨
2025-11-11 05:00,2025-11-11,5,11,가을,2.0,0.2,0.0,0.0,57,1.9,25,39,0,0,쌀쌀함,보통
2025-11-11 06:00,2025-11-11,6,11,가을,4.0,3.1,0.0,0.0,66,2.9,49,75,0,0,쌀쌀함,나쁨
2025-11-11 07:00,2025-11-11,7,11,가을,6.8,2.6,0.0,0.0,79,5.6,32,67,0,0,쌀쌀함,보통
2025-11-11 08:00,2025-11-11,8,11,가을,5.8,5.0,0.0,0.0,79,1.6,47,94,0,0,쌀쌀함,나쁨
2025-11-11 09:00,2025-11-11,9,11,가을,12.8,8.7,0.0,0.0,51,5.6,46,74,0,0,선선함,나쁨
2025-11-11 10:00,2025-11-11,10,11,가을,10.9,8.8,0.0,0.0,43,3.2,42,91,0,0,선선함,나쁨
2025-11-11 11:00,2025-11-11,11,11,가을,15.3,13.7,0.0,0.0,34,2.5,54,89,0,0,따뜻함,나쁨
2025-11-11 12:00,2025-11-11,12,11,가을,11.2,8.6,0.0,0.0,33,3.3,65,99,0,0,선선함,나쁨
2025-11-11 13:00,2025-11-11,13,11,가을,13.6,9.8,0.0,0.0,76,5.2,38,68,0,0,선선함,나쁨
2025-11-11 14:00,2025-11-11,14,11,가을,11.2,7.2,0.0,0.0,82,5.1,59,120,0,0,선선함,나쁨
2025-11-11 15:00,2025-11-11,15,11,가을,13.4,7.5,0.0,0.0,31,7.2,65,129,0,0,선선함,나쁨
2025-11-11 16:00,2025-11-11,16,11,가을,6.7,6.9,0.0,0.0,32,0.7,48,81,0,0,쌀쌀함,나쁨
2025-11-11 17:00,2025-11-11,17,11,가을,12.6,10.0,0.0,0.0,58,3.5,18,31,0,0,선선함,보통
2025-11-11 18:00,2025-11-11,18,11,가을,8.1,2.9,0.0,0.0,80,7.8,35,71,0,0,선선함,보통
2025-11-11 19:00,2025-11-11,19,11,가을,3.2,-0.8,0.0,0.0,45,5.5,56,95,0,0,쌀쌀함,나쁨
2025-11-11 20:00,2025-11-11,20,11,가을,7.1,5.2,0.0,0.0,39,3.4,39,61,0,0,쌀쌀함,나쁨
2025-11-11 21:00,2025-11-11,21,11,가을,3.1,-1.0,0.0,0.0,30,5.9,45,87,0,0,쌀쌀함,나쁨
2025-11-11 22:00,2025-11-11,22,11,가을,1.8,1.3,0.0,0.0,82,0.6,64,127,0,0,쌀쌀함,나쁨
2025-11-11 23:00,2025-11-11,23,11,가을,-1.4,-2.9,0.0,0.0,89,2.8,63,99,0,0,추움,나쁨
2025-11-12 00:00,2025-11-12,0,11,가을,-0.4,-2.3,0.0,0.0,75,2.6,46,75,0,0,추움,나쁨
2025-11-12 01:00,2025-11-12,1,11,가을,0.2,-3.8,0.0,0.0,44,7.0,42,83,0,0,추움,나쁨
2025-11-12 02:00,2025-11-12,2,11,가을,-1.0,-6.2,0.0,0.0,36,7.0,50,102,0,0,추움,나쁨
2025-11-12 03:00,2025-11-12,3,11,가을,3.3,-0.4,0.0,0.0,56,4.5,71,143,0,0,쌀쌀함,나쁨
2025-11-12 04:00,2025-11-12,4,11,가을,2.2,1.9,0.0,0.0,78,0.6,40,81,0,0,쌀쌀함,나쁨
2025-11-12 05:00,2025-11-12,5,11,가을,4.5,3.6,0.0,0.0,60,1.8,59,94,0,0,쌀쌀함,나쁨
2025-11-12 06:00,2025-11-12,6,11,가을,2.8,1.6,0.0,0.0,31,1.9,58,98,0,0,쌀쌀함,나쁨
2025-11-12 07:00,2025-11-12,7,11,가을,8.7,7.4,0.0,0.0,69,2.6,61,128,0,0,선선함,나쁨
2025-11-12 08:00,2025-11-12,8,11,가을,3.8,1.1,0.0,0.0,41,4.2,58,94,0,0,쌀쌀함,나쁨
2025-11-12 09:00,2025-11-12,9,11,가을,9.5,5.5,0.0,0.0,64,6.3,59,104,0,0,선선함,나쁨
2025-11-12 10:00,2025-11-12,10,11,가을,9.7,6.6,0.0,0.0,57,5.1,68,119,0,0,선선함,나쁨
2025-11-12 11:00,2025-11-12,11,11,가을,14.2,12.7,0.0,0.0,32,2.4,35,71,0,0,선선함,보통
2025-11-12 12:00,2025-11-12,12,11,가을,12.4,10.5,0.0,0.0,72,2.5,37,77,0,0,선선함,나쁨
2025-11-12 13:00,2025-11-12,13,11,가을,18.7,16.2,0.0,0.0,55,4.0,60,112,0,0,따뜻함,나쁨
2025-11-12 14:00,2025-11-12,14,11,가을,12.3,9.5,0.0,0.0,81,3.7,73,134,0,0,선선함,나쁨
2025-11-12 15:00,2025-11-12,15,11,가을,12.7,12.2,0.0,0.0,88,1.1,45,79,0,0,선선함,나쁨
2025-11-12 16:00,2025-11-12,16,11,가을,12.7,11.2,0.0,0.0,51,2.9,28,50,0,0,선선함,보통
2025-11-12 17:00,2025-11-12,17,11,가을,8.1,3.9,0.0,0.0,67,6.8,30,57,0,0,선선함,보통
2025-11-12 18:00,2025-11-12,18,11,가을,5.2,3.1,0.0,0.0,86,3.5,48,72,0,0,쌀쌀함,나쁨
2025-11-12 19:00,2025-11-12,19,11,가을,6.0,4.6,0.0,0.0,61,1.7,38,68,0,0,쌀쌀함,나쁨
2025-11-12 20:00,2025-11-12,20,11,가을,6.2,2.3,0.0,0.0,71,5.7,43,73,0,0,쌀쌀함,나쁨
2025-11-12 21:00,2025-11-12,21,11,가을,-0.4,-4.2,0.0,0.0,31,6.3,61,114,0,0,추움,나쁨
2025-11-12 22:00,2025-11-12,22,11,가을,2.4,-1.7,0.0,0.0,64,5.3,58,110,0,0,쌀쌀함,나쁨
2025-11-12 23:00,2025-11-12,23,11,가을,-2.5,-6.5,0.0,0.0,77,6.1,45,75,0,0,추움,나쁨
2025-11-13 00:00,2025-11-13,0,11,가을,-0.3,-1.1,0.0,0.0,85,1.0,53,82,0,0,추움,나쁨
2025-11-13 01:00,2025-11-13,1,11,가을,2.6,-3.0,0.0,0.0,87,6.8,47,99,0,0,쌀쌀함,나쁨
2025-11-13 02:00,2025-11-13,2,11,가을,-3.2,-6.3,0.0,0.0,45,3.9,42,83,0,0,추움,나쁨
2025-11-13 03:00,2025-11-13,3,11,가을,2.2,-1.3,0.0,0.0,58,5.7,75,139,0,0,쌀쌀함,나쁨
2025-11-13 04:00,2025-11-13,4,11,가을,2.7,1.2,0.0,0.0,71,3.2,27,41,0,0,쌀쌀함,보통
2025-11-13 05:00,2025-11-13,5,11,가을,11.2,7.0,0.0,0.0,35,7.0,26,42,0,0,선선함,보통
2025-11-13 06:00,2025-11-13,6,11,가을,9.5,7.2,0.0,0.0,37,3.2,38,78,0,0,선선함,나쁨
2025-11-13 07:00,2025-11-13,7,11,가을,5.6,3.1,0.0,0.0,53,2.1,27,44,0,0,쌀쌀함,보통
2025-11-13 08:00,2025-11-13,8,11,가을,6.2,5.8,0.0,0.0,43,1.1,43,71,0,0,쌀쌀함,나쁨
2025-11-13 09:00,2025-11-13,9,11,가을,10.2,7.6,0.0,0.0,70,3.6,78,135,0,0,선선함,매우나쁨
2025-11-13 10:00,2025-11-13,10,11,가을,8.2,3.4,0.0,0.0,55,7.5,60,114,0,0,선선함,나쁨
2025-11-13 11:00,2025-11-13,11,11,가을,13.2,7.6,0.1,0.0,52,6.9,60,100,1,0,선선함,나쁨
2025-11-13 12:00,2025-11-13,12,11,가을,10.6,6.7,0.0,0.0,49,4.5,50,88,0,0,선선함,나쁨
2025-11-13 13:00,2025-11-13,13,11,가을,9.5,6.9,0.0,0.0,82,3.9,24,40,0,0,선선함,보통
2025-11-13 14:00,2025-11-13,14,11,가을,13.0,7.9,0.0,0.0,41,6.5,18,33,0,0,선선함,보통
2025-11-13 15:00,2025-11-13,15,11,가을,11.7,10.1,0.0,0.0,76,2.7,62,120,0,0,선선함,나쁨
2025-11-13 16:00,2025-11-13,16,11,가을,9.7,6.2,0.0,0.0,76,4.4,39,71,0,0,선선함,나쁨
2025-11-13 17:00,2025-11-13,17,11,가을,7.7,4.2,0.0,0.0,42,5.9,40,62,0,0,쌀쌀함,나쁨
2025-11-13 18:00,2025-11-13,18,11,가을,5.2,2.4,0.0,0.0,43,4.8,46,72,0,0,쌀쌀함,나쁨
2025-11-13 19:00,2025-11-13,19,11,가을,7.7,2.1,0.0,0.0,59,7.1,27,50,0,0,쌀쌀함,보통
2025-11-13 20:00,2025-11-13,20,11,가을,0.6,-1.2,0.0,0.0,39,2.8,41,69,0,0,추움,나쁨
2025-11-13 21:00,2025-11-13,21,11,가을,7.7,6.4,0.0,0.0,63,2.8,33,65,0,0,쌀쌀함,보통
2025-11-13 22:00,2025-11-13,22,11,가을,3.6,2.8,0.0,0.0,87,1.1,59,127,0,0,쌀쌀함,나쁨
2025-11-13 23:00,2025-11-13,23,11,가을,-0.9,-6.3,0.0,0.0,58,7.5,66,112,0,0,추움,나쁨
2025-11-14 00:00,2025-11-14,0,11,가을,6.4,1.5,0.0,0.0,60,7.2,71,116,0,0,쌀쌀함,나쁨
2025-11-14 01:00,2025-11-14,1,11,가을,3.4,-1.7,0.0,0.0,57,7.7,45,91,0,0,쌀쌀함,나쁨
2025-11-14 02:00,2025-11-14,2,11,가을,0.3,-2.9,0.0,0.0,84,4.2,40,75,0,0,추움,나쁨
2025-11-14 03:00,2025-11-14,3,11,가을,1.7,-0.7,0.0,0.0,62,3.9,75,133,0,0,쌀쌀함,나쁨
2025-11-14 04:00,2025-11-14,4,11,가을,1.0,0.1,0.0,0.0,51,0.7,60,110,0,0,쌀쌀함,나쁨
2025-11-14 05:00,2025-11-14,5,11,가을,1.9,0.3,0.0,0.0,30,2.4,53,92,0,0,쌀쌀함,나쁨
2025-11-14 06:00,2025-11-14,6,11,가을,6.8,2.9,0.0,0.0,82,5.9,58,92,0,0,쌀쌀함,나쁨
2025-11-14 07:00,2025-11-14,7,11,가을,10.1,7.0,0.0,0.0,45,4.4,43,71,0,0,선선함,나쁨
2025-11-14 08:00,2025-11-14,8,11,가을,11.6,8.5,0.0,0.0,63,4.3,54,118,0,0,선선함,나쁨
2025-11-14 09:00,2025-11-14,9,11,가을,14.1,12.3,0.0,0.0,45,2.2,87,158,0,0,선선함,매우나쁨
2025-11-14 10:00,2025-11-14,10,11,가을,7.0,1.4,0.0,0.0,30,7.0,73,122,0,0,쌀쌀함,나쁨
2025-11-14 11:00,2025-11-14,11,11,가을,14.6,12.9,0.0,0.0,89,2.1,48,73,0,0,선선함,나쁨
2025-11-14 12:00,2025-11-14,12,11,가을,14.3,13.5,0.0,0.0,74,1.3,54,92,0,0,선선함,나쁨
2025-11-14 13:00,2025-11-14,13,11,가을,9.7,9.7,0.0,0.0,58,0.5,43,67,0,0,선선함,나쁨
2025-11-14 14:00,2025-11-14,14,11,가을,14.9,10.0,0.0,0.0,63,5.1,46,74,0,0,선선함,나쁨
2025-11-14 15:00,2025-11-14,15,11,가을,12.4,7.1,0.0,0.0,70,7.9,51,90,0,0,선선함,나쁨
2025-11-14 16:00,2025-11-14,16,11,가을,8.4,4.0,0.0,0.0,34,6.2,43,72,0,0,선선함,나쁨
2025-11-14 17:00,2025-11-14,17,11,가을,9.2,4.7,0.0,0.0,38,6.0,66,124,0,0,선선함,나쁨
2025-11-14 18:00,2025-11-14,18,11,가을,8.5,2.8,0.0,0.0,38,7.8,45,88,0,0,선선함,나쁨
2025-11-14 19:00,2025-11-14,19,11,가을,2.8,0.8,0.0,0.0,38,2.8,44,81,0,0,쌀쌀함,나쁨
2025-11-14 20:00,2025-11-14,20,11,가을,-0.9,-2.3,0.0,0.0,48,2.7,34,53,0,0,추움,보통
2025-11-14 21:00,2025-11-14,21,11,가을,-0.4,-5.0,0.0,0.0,87,7.1,47,74,0,0,추움,나쁨
2025-11-14 22:00,2025-11-14,22,11,가을,0.9,-3.1,0.0,0.0,86,5.2,25,39,0,0,추움,보통
2025-11-14 23:00,2025-11-14,23,11,가을,-1.8,-6.8,0.0,0.0,48,6.4,34,55,0,0,추움,보통
2025-11-15 00:00,2025-11-15,0,11,가을,-0.2,-2.5,0.0,0.0,47,3.9,75,150,0,0,추움,나쁨
2025-11-15 01:00,2025-11-15,1,11,가을,7.3,6.7,0.0,0.0,88,1.3,47,79,0,0,쌀쌀함,나쁨
2025-11-15 02:00,2025-11-15,2,11,가을,1.9,-2.8,0.1,0.0,45,7.1,54,82,1,0,쌀쌀함,나쁨
2025-11-15 03:00,2025-11-15,3,11,가을,0.2,-2.2,0.0,0.0,90,3.2,50,85,0,0,추움,나쁨
2025-11-15 04:00,2025-11-15,4,11,가을,4.4,0.6,0.0,0.0,87,5.5,30,58,0,0,쌀쌀함,보통
2025-11-15 05:00,2025-11-15,5,11,가을,2.0,-3.3,0.0,0.0,50,7.5,38,59,0,0,쌀쌀함,나쁨
2025-11-15 06:00,2025-11-15,6,11,가을,7.7,6.2,0.0,0.0,80,3.2,42,82,0,0,쌀쌀함,나쁨
2025-11-15 07:00,2025-11-15,7,11,가을,9.9,4.5,0.0,0.0,61,7.8,30,49,0,0,선선함,보통
2025-11-15 08:00,2025-11-15,8,11,가을,10.0,7.7,0.0,0.0,71,2.9,49,98,0,0,선선함,나쁨
2025-11-15 09:00,2025-11-15,9,11,가을,11.4,6.7,0.0,0.0,30,7.2,36,73,0,0,선선함,나쁨
2025-11-15 10:00,2025-11-15,10,11,가을,11.6,7.0,0.0,0.0,89,6.2,49,85,0,0,선선함,나쁨
2025-11-15 11:00,2025-11-15,11,11,가을,5.3,3.5,0.0,0.0,56,3.4,60,97,0,0,쌀쌀함,나쁨
2025-11-15 12:00,2025-11-15,12,11,가을,14.9,13.2,0.0,0.0,80,2.0,59,126,0,0,선선함,나쁨
2025-11-15 13:00,2025-11-15,13,11,가을,10.1,10.4,0.0,0.0,42,0.6,54,106,0,0,선선함,나쁨
2025-11-15 14:00,2025-11-15,14,11,가을,7.3,6.1,0.0,0.0,50,1.4,32,60,0,0,쌀쌀함,보통
2025-11-15 15:00,2025-11-15,15,11,가을,15.5,14.0,0.0,0.0,68,1.4,26,42,0,0,따뜻함,보통
2025-11-15 16:00,2025-11-15,16,11,가을,10.4,6.8,0.0,0.0,83,5.9,46,81,0,0,선선함,나쁨
2025-11-15 17:00,2025-11-15,17,11,가을,11.3,6.8,0.0,0.0,45,6.3,50,85,0,0,선선함,나쁨
2025-11-15 18:00,2025-11-15,18,11,가을,10.5,9.7,0.0,0.0,87,2.5,53,116,0,0,선선함,나쁨
2025-11-15 19:00,2025-11-15,19,11,가을,4.6,2.2,0.0,0.0,50,5.0,26,57,0,0,쌀쌀함,보통
2025-11-15 20:00,2025-11-15,20,11,가을,0.3,-0.6,0.0,0.0,84,0.7,66,135,0,0,추움,나쁨
2025-11-15 21:00,2025-11-15,21,11,가을,0.2,-3.2,0.0,0.0,88,5.0,63,115,0,0,추움,나쁨
2025-11-15 22:00,2025-11-15,22,11,가을,7.9,6.7,0.0,0.0,52,0.8,32,61,0,0,쌀쌀함,보통
2025-11-15 23:00,2025-11-15,23,11,가을,-3.0,-6.9,0.0,0.0,47,5.4,48,103,0,0,추움,나쁨
2025-11-16 00:00,2025-11-16,0,11,가을,2.4,0.1,0.0,0.0,32,3.9,41,64,0,0,쌀쌀함,나쁨
2025-11-16 01:00,2025-11-16,1,11,가을,-0.1,-3.3,0.0,0.0,69,4.4,33,64,0,0,추움,보통
2025-11-16 02:00,2025-11-16,2,11,가을,3.8,0.4,0.0,0.0,44,4.9,48,89,0,0,쌀쌀함,나쁨
2025-11-16 03:00,2025-11-16,3,11,가을,-1.3,-4.3,0.0,0.0,68,3.8,43,78,0,0,추움,나쁨
2025-11-16 04:00,2025-11-16,4,11,가을,3.5,2.3,0.0,0.0,87,2.0,53,98,0,0,쌀쌀함,나쁨
2025-11-16 05:00,2025-11-16,5,11,가을,5.5,3.1,0.0,0.0,77,5.0,60,115,0,0,쌀쌀함,나쁨
2025-11-16 06:00,2025-11-16,6,11,가을,10.2,9.6,0.0,0.0,79,1.3,72,154,0,0,선선함,나쁨
2025-11-16 07:00,2025-11-16,7,11,가을,8.6,4.8,0.0,0.0,71,5.3,46,98,0,0,선선함,나쁨
2025-11-16 08:00,2025-11-16,8,11,가을,12.6,10.1,2.2,0.0,38,2.7,55,111,1,0,선선함,나쁨
2025-11-16 09:00,2025-11-16,9,11,가을,7.1,2.2,0.0,0.0,71,7.4,41,63,0,0,쌀쌀함,나쁨
2025-11-16 10:00,2025-11-16,10,11,가을,12.9,10.1,0.0,0.0,68,4.5,91,137,0,0,선선함,매우나쁨
2025-11-16 11:00,2025-11-16,11,11,가을,9.6,4.4,0.0,0.0,32,7.1,45,97,0,0,선선함,나쁨
2025-11-16 12:00,2025-11-16,12,11,가을,14.0,11.4,0.0,0.0,65,4.5,56,87,0,0,선선함,나쁨
2025-11-16 13:00,2025-11-16,13,11,가을,15.5,13.8,0.0,0.0,65,1.9,65,101,0,0,따뜻함,나쁨
2025-11-16 14:00,2025-11-16,14,11,가을,7.3,4.2,0.0,0.0,64,5.0,54,81,0,0,쌀쌀함,나쁨
2025-11-16 15:00,2025-11-16,15,11,가을,11.0,8.3,0.0,0.0,81,3.8,49,107,0,0,선선함,나쁨
2025-11-16 16:00,2025-11-16,16,11,가을,12.5,8.9,0.0,0.0,60,4.6,16,28,0,0,선선함,보통
2025-11-16 17:00,2025-11-16,17,11,가을,8.4,5.6,0.0,0.0,66,4.3,56,88,0,0,선선함,나쁨
2025-11-16 18:00,2025-11-16,18,11,가을,10.7,10.6,0.0,0.0,39,0.8,43,83,0,0,선선함,나쁨
2025-11-16 19:00,2025-11-16,19,11,가을,3.0,-0.7,0.0,0.0,45,6.5,26,52,0,0,쌀쌀함,보통
2025-11-16 20:00,2025-11-16,20,11,가을,8.8,6.6,0.0,0.0,30,2.9,62,126,0,0,선선함,나쁨
2025-11-16 21:00,2025-11-16,21,11,가을,-0.5,-2.9,0.0,0.0,70,4.0,44,80,0,0,추움,나쁨
2025-11-16 22:00,2025-11-16,22,11,가을,3.6,2.6,0.0,0.0,70,2.0,67,141,0,0,쌀쌀함,나쁨
2025-11-16 23:00,2025-11-16,23,11,가을,2.0,-2.6,0.0,0.0,31,6.9,26,52,0,0,쌀쌀함,보통
2025-11-17 00:00,2025-11-17,0,11,가을,2.9,-0.0,0.0,0.0,50,3.4,57,124,0,0,쌀쌀함,나쁨
2025-11-17 01:00,2025-11-17,1,11,가을,1.6,-3.0,0.0,0.0,52,5.9,44,84,0,0,쌀쌀함,나쁨
2025-11-17 02:00,2025-11-17,2,11,가을,2.6,-1.9,0.0,0.0,36,5.5,49,80,0,0,쌀쌀함,나쁨
2025-11-17 03:00,2025-11-17,3,11,가을,-0.4,-5.3,0.0,0.0,32,7.5,28,44,0,0,추움,보통
2025-11-17 04:00,2025-11-17,4,11,가을,2.6,-2.2,0.0,0.0,85,7.3,49,84,0,0,쌀쌀함,나쁨
2025-11-17 05:00,2025-11-17,5,11,가을,9.3,5.5,0.0,0.0,54,5.0,51,108,0,0,선선함,나쁨
2025-11-17 06:00,2025-11-17,6,11,가을,3.9,-0.0,0.0,0.0,48,6.6,34,64,0,0,쌀쌀함,보통
2025-11-17 07:00,2025-11-17,7,11,가을,8.2,2.8,0.0,0.0,45,6.2,42,83,0,0,선선함,나쁨
2025-11-17 08:00,2025-11-17,8,11,가을,6.7,1.7,0.0,0.0,79,8.0,61,113,0,0,쌀쌀함,나쁨
2025-11-17 09:00,2025-11-17,9,11,가을,11.4,8.7,0.0,0.0,33,3.7,60,103,0,0,선선함,나쁨
2025-11-17 10:00,2025-11-17,10,11,가을,8.0,7.4,0.0,0.0,79,0.6,37,77,0,0,선선함,나쁨
2025-11-17 11:00,2025-11-17,11,11,가을,7.2,6.4,0.0,0.0,71,1.3,46,78,0,0,쌀쌀함,나쁨
2025-11-17 12:00,2025-11-17,12,11,가을,9.6,6.4,0.0,0.0,45,4.6,54,93,0,0,선선함,나쁨
2025-11-17 13:00,2025-11-17,13,11,가을,17.3,15.8,0.0,0.0,43,1.8,42,66,0,0,따뜻함,나쁨
2025-11-17 14:00,2025-11-17,14,11,가을,12.4,9.5,0.0,0.0,59,3.7,52,86,0,0,선선함,나쁨
2025-11-17 15:00,2025-11-17,15,11,가을,10.0,5.2,0.0,0.0,46,6.8,26,42,0,0,선선함,보통
2025-11-17 16:00,2025-11-17,16,11,가을,13.3,8.8,0.0,0.0,76,6.0,41,87,0,0,선선함,나쁨
2025-11-17 17:00,2025-11-17,17,11,가을,7.0,4.6,0.0,0.0,81,2.5,73,115,0,0,쌀쌀함,나쁨
2025-11-17 18:00,2025-11-17,18,11,가을,7.4,4.1,0.0,0.0,49,5.7,56,99,0,0,쌀쌀함,나쁨
2025-11-17 19:00,2025-11-17,19,11,가을,5.2,4.2,0.0,0.0,64,1.2,32,65,0,0,쌀쌀함,보통
2025-11-17 20:00,2025-11-17,20,11,가을,-1.0,-5.8,0.0,0.0,82,7.2,36,54,0,0,추움,나쁨
2025-11-17 21:00,2025-11-17,21,11,가을,2.6,-0.3,0.0,0.0,47,4.9,45,75,0,0,쌀쌀함,나쁨
2025-11-17 22:00,2025-11-17,22,11,가을,4.3,0.5,1.4,0.0,41,4.9,58,121,1,0,쌀쌀함,나쁨
2025-11-17 23:00,2025-11-17,23,11,가을,-1.3,-6.3,0.0,0.0,84,7.7,60,128,0,0,추움,나쁨
2025-11-18 00:00,2025-11-18,0,11,가을,5.3,4.3,0.0,0.0,34,2.0,60,100,0,0,쌀쌀함,나쁨
2025-11-18 01:00,2025-11-18,1,11,가을,-3.8,-8.1,0.0,0.0,48,7.3,40,86,0,0,추움,나쁨
2025-11-18 02:00,2025-11-18,2,11,가을,-1.4,-4.1,0.0,0.0,80,3.6,43,71,0,0,추움,나쁨
2025-11-18 03:00,2025-11-18,3,11,가을,0.2,-5.3,0.0,0.0,74,7.9,58,116,0,0,추움,나쁨
2025-11-18 04:00,2025-11-18,4,11,가을,2.6,0.6,0.0,0.0,65,1.9,61,105,0,0,쌀쌀함,나쁨
2025-11-18 05:00,2025-11-18,5,11,가을,9.4,5.0,0.0,0.0,53,6.4,31,54,0,0,선선함,보통
2025-11-18 06:00,2025-11-18,6,11,가을,9.6,6.7,0.0,0.0,63,4.5,51,93,0,0,선선함,나쁨
2025-11-18 07:00,2025-11-18,7,11,가을,6.3,3.8,0.0,0.0,85,3.9,67,146,0,0,쌀쌀함,나쁨
2025-11-18 08:00,2025-11-18,8,11,가을,7.6,6.1,0.0,0.0,80,3.3,36,60,0,0,쌀쌀함,나쁨
2025-11-18 09:00,2025-11-18,9,11,가을,10.1,4.9,0.0,0.0,81,6.7,46,91,0,0,선선함,나쁨
2025-11-18 10:00,2025-11-18,10,11,가을,6.9,5.7,0.0,0.0,81,1.6,44,70,0,0,쌀쌀함,나쁨
2025-11-18 11:00,2025-11-18,11,11,가을,15.8,12.5,0.0,0.0,43,4.3,36,78,0,0,따뜻함,나쁨
2025-11-18 12:00,2025-11-18,12,11,가을,9.1,5.3,0.0,0.0,63,5.5,47,95,0,0,선선함,나쁨
2025-11-18 13:00,2025-11-18,13,11,가을,13.4,10.9,0.0,0.0,78,4.1,34,66,0,0,선선함,보통
2025-11-18 14:00,2025-11-18,14,11,가을,7.7,6.1,0.0,0.0,62,2.7,26,48,0,0,쌀쌀함,보통
2025-11-18 15:00,2025-11-18,15,11,가을,14.1,12.6,0.0,0.0,47,2.2,43,68,0,0,선선함,나쁨
2025-11-18 16:00,2025-11-18,16,11,가을,8.6,6.5,0.0,0.0,81,1.8,67,108,0,0,선선함,나쁨
2025-11-18 17:00,2025-11-18,17,11,가을,8.7,8.2,0.0,0.0,55,0.7,66,136,0,0,선선함,나쁨
2025-11-18 18:00,2025-11-18,18,11,가을,9.3,6.4,0.0,0.0,83,3.5,52,79,0,0,선선함,나쁨
2025-11-18 19:00,2025-11-18,19,11,가을,3.2,-2.5,0.0,0.0,69,6.7,51,102,0,0,쌀쌀함,나쁨
2025-11-18 20:00,2025-11-18,20,11,가을,6.4,2.8,0.0,0.0,75,4.8,43,68,0,0,쌀쌀함,나쁨
2025-11-18 21:00,2025-11-18,21,11,가을,6.5,2.4,0.0,0.0,44,6.4,42,84,0,0,쌀쌀함,나쁨
2025-11-18 22:00,2025-11-18,22,11,가을,1.9,-2.1,0.0,0.0,39,5.8,48,104,0,0,쌀쌀함,나쁨
2025-11-18 23:00,2025-11-18,23,11,가을,-0.2,-4.1,0.0,0.0,55,5.5,30,55,0,0,추움,보통
2025-11-19 00:00,2025-11-19,0,11,가을,0.2,-2.3,0.0,0.0,34,4.3,43,82,0,0,추움,나쁨
2025-11-19 01:00,2025-11-19,1,11,가을,-0.2,-5.7,0.0,0.0,67,7.8,50,101,0,0,추움,나쁨
2025-11-19 02:00,2025-11-19,2,11,가을,-0.6,-5.8,0.0,0.0,78,7.1,54,96,0,0,추움,나쁨
2025-11-19 03:00,2025-11-19,3,11,가을,-0.0,-2.9,0.0,0.0,63,3.5,46,90,0,0,추움,나쁨
2025-11-19 04:00,2025-11-19,4,11,가을,4.0,2.1,0.0,0.0,76,1.8,52,81,0,0,쌀쌀함,나쁨
2025-11-19 05:00,2025-11-19,5,11,가을,8.1,4.0,0.0,0.0,61,6.3,29,45,0,0,선선함,보통
2025-11-19 06:00,2025-11-19,6,11,가을,10.4,5.9,0.0,0.0,44,6.5,39,59,0,0,선선함,나쁨
2025-11-19 07:00,2025-11-19,7,11,가을,6.5,2.4,0.0,0.0,66,5.1,60,111,0,0,쌀쌀함,나쁨
2025-11-19 08:00,2025-11-19,8,11,가을,11.8,6.4,0.0,0.0,32,7.9,19,35,0,0,선선함,보통
2025-11-19 09:00,2025-11-19,9,11,가을,4.7,2.6,0.0,0.0,53,3.5,44,76,0,0,쌀쌀함,나쁨
2025-11-19 10:00,2025-11-19,10,11,가을,9.5,6.3,0.0,0.0,64,4.7,46,98,0,0,선선함,나쁨
2025-11-19 11:00,2025-11-19,11,11,가을,11.6,7.3,0.0,0.0,68,6.8,36,72,0,0,선선함,나쁨
2025-11-19 12:00,2025-11-19,12,11,가을,16.5,13.5,0.0,0.0,33,3.8,32,61,0,0,따뜻함,보통
2025-11-19 13:00,2025-11-19,13,11,가을,14.8,13.0,0.0,0.0,54,3.0,64,99,0,0,선선함,나쁨
2025-11-19 14:00,2025-11-19,14,11,가을,12.0,8.0,0.0,0.0,69,6.8,45,76,0,0,선선함,나쁨
2025-11-19 15:00,2025-11-19,15,11,가을,13.6,9.0,0.0,0.0,90,6.6,60,91,0,0,선선함,나쁨
2025-11-19 16:00,2025-11-19,16,11,가을,7.2,5.1,0.0,0.0,70,2.7,68,148,0,0,쌀쌀함,나쁨
2025-11-19 17:00,2025-11-19,17,11,가을,10.0,5.1,0.0,0.0,87,7.0,29,44,0,0,선선함,보통
2025-11-19 18:00,2025-11-19,18,11,가을,9.0,7.5,0.0,0.0,64,1.9,25,45,0,0,선선함,보통
2025-11-19 19:00,2025-11-19,19,11,가을,5.6,3.5,0.0,0.0,73,2.7,35,57,0,0,쌀쌀함,보통
2025-11-19 20:00,2025-11-19,20,11,가을,8.4,7.3,0.0,0.0,70,1.3,63,128,0,0,선선함,나쁨
2025-11-19 21:00,2025-11-19,21,11,가을,7.3,3.2,0.0,0.0,80,5.8,46,83,0,0,쌀쌀함,나쁨
2025-11-19 22:00,2025-11-19,22,11,가을,5.7,-0.3,7.9,0.0,58,8.0,32,61,1,0,쌀쌀함,보통
2025-11-19 23:00,2025-11-19,23,11,가을,-1.1,-5.4,0.0,0.0,53,6.0,63,122,0,0,추움,나쁨
2025-11-20 00:00,2025-11-20,0,11,가을,0.8,-4.0,0.0,0.0,61,5.9,47,83,0,0,추움,나쁨
2025-11-20 01:00,2025-11-20,1,11,가을,-0.5,-3.8,0.0,0.0,70,5.1,51,102,0,0,추움,나쁨
2025-11-20 02:00,2025-11-20,2,11,가을,-0.1,-6.3,0.0,0.0,72,7.0,51,105,0,0,추움,나쁨
2025-11-20 03:00,2025-11-20,3,11,가을,-0.8,-4.1,0.0,0.0,47,5.7,52,101,0,0,추움,나쁨
2025-11-20 04:00,2025-11-20,4,11,가을,6.7,5.3,0.0,0.0,47,2.2,61,120,0,0,쌀쌀함,나쁨
2025-11-20 05:00,2025-11-20,5,11,가을,2.8,-0.3,0.0,0.0,77,5.4,46,96,0,0,쌀쌀함,나쁨
2025-11-20 06:00,2025-11-20,6,11,가을,2.4,0.1,0.0,0.0,75,2.8,51,87,0,0,쌀쌀함,나쁨
2025-11-20 07:00,2025-11-20,7,11,가을,14.1,13.4,0.0,0.0,47,2.6,49,107,0,0,선선함,나쁨
2025-11-20 08:00,2025-11-20,8,11,가을,15.4,14.0,0.0,0.0,79,1.2,67,126,0,0,따뜻함,나쁨
2025-11-20 09:00,2025-11-20,9,11,가을,8.7,8.3,0.0,0.0,51,1.1,55,112,0,0,선선함,나쁨
2025-11-20 10:00,2025-11-20,10,11,가을,8.6,6.3,0.0,0.0,80,3.4,51,102,0,0,선선함,나쁨
2025-11-20 11:00,2025-11-20,11,11,가을,12.4,7.1,0.0,0.0,57,7.6,75,140,0,0,선선함,나쁨
2025-11-20 12:00,2025-11-20,12,11,가을,13.1,10.7,0.0,0.0,67,4.4,41,69,0,0,선선함,나쁨
2025-11-20 13:00,2025-11-20,13,11,가을,14.4,10.3,0.0,0.0,73,5.8,62,130,0,0,선선함,나쁨
2025-11-20 14:00,2025-11-20,14,11,가을,8.5,6.6,0.0,0.0,31,2.2,41,87,0,0,선선함,나쁨
2025-11-20 15:00,2025-11-20,15,11,가을,14.0,12.7,0.0,0.0,61,2.3,40,84,0,0,선선함,나쁨
2025-11-20 16:00,2025-11-20,16,11,가을,8.4,3.1,0.0,0.0,59,7.1,60,125,0,0,선선함,나쁨
2025-11-20 17:00,2025-11-20,17,11,가을,8.1,5.7,0.0,0.0,89,3.9,46,82,0,0,선선함,나쁨
2025-11-20 18:00,2025-11-20,18,11,가을,10.5,9.7,0.0,0.0,36,0.5,84,160,0,0,선선함,매우나쁨
2025-11-20 19:00,2025-11-20,19,11,가을,10.0,5.2,0.0,0.0,70,7.2,49,89,0,0,선선함,나쁨
2025-11-20 20:00,2025-11-20,20,11,가을,2.2,-0.1,0.0,0.0,34,3.3,42,69,0,0,쌀쌀함,나쁨
2025-11-20 21:00,2025-11-20,21,11,가을,2.8,-0.8,0.0,0.0,49,4.6,48,75,0,0,쌀쌀함,나쁨
2025-11-20 22:00,2025-11-20,22,11,가을,2.7,0.7,0.0,0.0,79,2.5,50,87,0,0,쌀쌀함,나쁨
2025-11-20 23:00,2025-11-20,23,11,가을,-2.0,-5.9,0.0,0.0,72,6.4,8,13,0,0,추움,좋음
2025-11-21 00:00,2025-11-21,0,11,가을,1.2,-1.4,0.0,0.0,78,4.3,54,112,0,0,쌀쌀함,나쁨
2025-11-21 01:00,2025-11-21,1,11,가을,-0.4,-3.3,0.0,0.0,73,5.1,32,62,0,0,추움,보통
2025-11-21 02:00,2025-11-21,2,11,가을,-0.7,-3.8,0.0,4.6,55,4.5,47,102,0,1,추움,나쁨
2025-11-21 03:00,2025-11-21,3,11,가을,0.5,-3.3,0.0,0.0,62,5.2,50,109,0,0,추움,나쁨
2025-11-21 04:00,2025-11-21,4,11,가을,4.7,0.5,0.0,0.0,55,6.1,46,84,0,0,쌀쌀함,나쁨
2025-11-21 05:00,2025-11-21,5,11,가을,2.2,1.7,0.0,0.0,63,0.7,60,99,0,0,쌀쌀함,나쁨
2025-11-21 06:00,2025-11-21,6,11,가을,9.3,5.9,0.0,0.0,64,5.6,53,88,0,0,선선함,나쁨
2025-11-21 07:00,2025-11-21,7,11,가을,10.6,6.6,0.0,0.0,73,4.6,63,119,0,0,선선함,나쁨
2025-11-21 08:00,2025-11-21,8,11,가을,5.9,3.8,0.0,0.0,50,2.1,49,98,0,0,쌀쌀함,나쁨
2025-11-21 09:00,2025-11-21,9,11,가을,8.6,4.0,0.0,0.0,74,6.6,41,87,0,0,선선함,나쁨
2025-11-21 10:00,2025-11-21,10,11,가을,9.8,8.3,0.0,0.0,40,2.1,62,97,0,0,선선함,나쁨
2025-11-21 11:00,2025-11-21,11,11,가을,10.1,8.0,2.9,0.0,61,3.4,59,110,1,0,선선함,나쁨
2025-11-21 12:00,2025-11-21,12,11,가을,12.7,6.9,0.0,0.0,45,7.4,63,118,0,0,선선함,나쁨
2025-11-21 13:00,2025-11-21,13,11,가을,15.2,12.7,0.0,0.0,72,3.0,53,85,0,0,따뜻함,나쁨
2025-11-21 14:00,2025-11-21,14,11,가을,15.1,11.9,0.0,0.0,58,5.3,22,40,0,0,따뜻함,보통
2025-11-21 15:00,2025-11-21,15,11,가을,11.6,8.7,0.0,0.0,53,3.1,45,74,0,0,선선함,나쁨
2025-11-21 16:00,2025-11-21,16,11,가을,13.5,9.1,0.0,0.0,34,6.8,53,104,0,0,선선함,나쁨
2025-11-21 17:00,2025-11-21,17,11,가을,3.2,0.3,0.0,0.0,83,3.0,34,72,0,0,쌀쌀함,보통
2025-11-21 18:00,2025-11-21,18,11,가을,7.1,4.2,0.0,0.0,42,5.0,70,134,0,0,쌀쌀함,나쁨
2025-11-21 19:00,2025-11-21,19,11,가을,5.7,2.8,0.0,0.0,65,4.2,50,92,0,0,쌀쌀함,나쁨
2025-11-21 20:00,2025-11-21,20,11,가을,7.9,5.7,0.0,0.0,33,2.3,42,92,0,0,쌀쌀함,나쁨
2025-11-21 21:00,2025-11-21,21,11,가을,5.1,0.8,0.0,0.0,66,7.0,49,76,0,0,쌀쌀함,나쁨
2025-11-21 22:00,2025-11-21,22,11,가을,0.2,-0.8,0.0,0.0,88,2.4,38,70,0,0,추움,나쁨
2025-11-21 23:00,2025-11-21,23,11,가을,4.1,2.2,0.0,0.0,57,3.1,38,60,0,0,쌀쌀함,나쁨
2025-11-22 00:00,2025-11-22,0,11,가을,6.0,4.2,0.0,0.0,62,3.1,47,71,0,0,쌀쌀함,나쁨
2025-11-22 01:00,2025-11-22,1,11,가을,-0.3,-2.9,0.0,0.0,42,4.1,33,58,0,0,추움,보통
2025-11-22 02:00,2025-11-22,2,11,가을,-0.1,-4.4,0.0,0.0,83,6.1,40,72,0,0,추움,나쁨
2025-11-22 03:00,2025-11-22,3,11,가을,0.8,-2.1,0.0,0.0,74,4.9,27,46,0,0,추움,보통
2025-11-22 04:00,2025-11-22,4,11,가을,10.6,9.0,0.0,0.0,43,2.2,58,96,0,0,선선함,나쁨
2025-11-22 05:00,2025-11-22,5,11,가을,1.1,-3.6,0.0,0.0,60,6.9,48,87,0,0,쌀쌀함,나쁨
2025-11-22 06:00,2025-11-22,6,11,가을,5.0,1.7,0.0,0.0,52,5.3,52,110,0,0,쌀쌀함,나쁨
2025-11-22 07:00,2025-11-22,7,11,가을,7.1,2.6,0.0,0.0,48,6.5,29,62,0,0,쌀쌀함,보통
2025-11-22 08:00,2025-11-22,8,11,가을,13.5,12.1,0.0,0.0,31,2.8,40,83,0,0,선선함,나쁨
2025-11-22 09:00,2025-11-22,9,11,가을,9.9,6.8,0.0,0.0,76,5.1,9,15,0,0,선선함,좋음
2025-11-22 10:00,2025-11-22,10,11,가을,10.0,8.1,0.0,0.0,70,2.5,31,56,0,0,선선함,보통
2025-11-22 11:00,2025-11-22,11,11,가을,11.2,10.1,0.0,0.0,43,2.1,47,84,0,0,선선함,나쁨
2025-11-22 12:00,2025-11-22,12,11,가을,8.9,5.9,0.0,0.0,47,3.9,50,105,0,0,선선함,나쁨
2025-11-22 13:00,2025-11-22,13,11,가을,16.2,13.8,0.0,0.0,32,3.5,33,51,0,0,따뜻함,보통
2025-11-22 14:00,2025-11-22,14,11,가을,16.9,14.7,0.0,0.0,48,3.0,48,82,0,0,따뜻함,나쁨
2025-11-22 15:00,2025-11-22,15,11,가을,10.2,7.3,0.0,0.0,50,3.2,60,106,0,0,선선함,나쁨
2025-11-22 16:00,2025-11-22,16,11,가을,8.4,5.6,0.0,0.0,65,3.8,64,109,0,0,선선함,나쁨
2025-11-22 17:00,2025-11-22,17,11,가을,12.7,10.3,0.0,0.0,75,2.9,39,80,0,0,선선함,나쁨
2025-11-22 18:00,2025-11-22,18,11,가을,7.8,5.9,0.0,0.0,48,3.7,52,90,0,0,쌀쌀함,나쁨
2025-11-22 19:00,2025-11-22,19,11,가을,6.2,2.7,0.0,0.0,40,5.0,36,54,0,0,쌀쌀함,나쁨
2025-11-22 20:00,2025-11-22,20,11,가을,5.3,2.3,0.0,0.0,89,5.5,28,56,0,0,쌀쌀함,보통
2025-11-22 21:00,2025-11-22,21,11,가을,4.6,-0.7,0.0,0.0,70,7.2,69,135,0,0,쌀쌀함,나쁨
2025-11-22 22:00,2025-11-22,22,11,가을,4.3,0.8,0.0,0.0,79,3.6,29,44,0,0,쌀쌀함,보통
2025-11-22 23:00,2025-11-22,23,11,가을,5.5,0.7,0.0,0.0,65,7.8,20,31,0,0,쌀쌀함,보통
2025-11-23 00:00,2025-11-23,0,11,가을,3.5,2.6,0.0,0.0,61,2.2,33,64,0,0,쌀쌀함,보통
2025-11-23 01:00,2025-11-23,1,11,가을,3.2,3.0,0.0,0.0,36,0.7,41,63,0,0,쌀쌀함,나쁨
2025-11-23 02:00,2025-11-23,2,11,가을,-1.0,-2.1,0.0,0.0,81,2.7,41,84,0,0,추움,나쁨
2025-11-23 03:00,2025-11-23,3,11,가을,0.3,-5.3,0.0,3.8,60,7.9,30,54,0,1,추움,보통
2025-11-23 04:00,2025-11-23,4,11,가을,1.1,-1.9,0.0,0.0,34,3.8,57,120,0,0,쌀쌀함,나쁨
2025-11-23 05:00,2025-11-23,5,11,가을,4.8,4.4,0.0,0.0,62,0.9,10,20,0,0,쌀쌀함,좋음
2025-11-23 06:00,2025-11-23,6,11,가을,2.6,-0.8,0.0,0.0,74,5.3,47,95,0,0,쌀쌀함,나쁨
2025-11-23 07:00,2025-11-23,7,11,가을,3.2,2.6,0.0,0.0,43,1.6,68,138,0,0,쌀쌀함,나쁨
2025-11-23 08:00,2025-11-23,8,11,가을,11.3,7.4,0.0,0.0,85,6.1,48,102,0,0,선선함,나쁨
2025-11-23 09:00,2025-11-23,9,11,가을,5.9,-0.2,0.0,0.0,61,7.3,41,89,0,0,쌀쌀함,나쁨
2025-11-23 10:00,2025-11-23,10,11,가을,13.3,8.3,0.0,0.0,57,6.0,43,70,0,0,선선함,나쁨
2025-11-23 11:00,2025-11-23,11,11,가을,9.8,5.0,0.0,0.0,49,7.2,47,103,0,0,선선함,나쁨
2025-11-23 12:00,2025-11-23,12,11,가을,5.8,1.5,0.0,0.0,74,5.5,58,114,0,0,쌀쌀함,나쁨
2025-11-23 13:00,2025-11-23,13,11,가을,16.5,14.3,0.0,0.0,72,3.5,28,50,0,0,따뜻함,보통
2025-11-23 14:00,2025-11-23,14,11,가을,12.6,10.0,0.0,0.0,78,4.8,31,53,0,0,선선함,보통
2025-11-23 15:00,2025-11-23,15,11,가을,6.8,4.5,0.0,0.0,47,4.1,33,51,0,0,쌀쌀함,보통
2025-11-23 16:00,2025-11-23,16,11,가을,7.7,3.2,0.0,0.0,87,6.7,31,54,0,0,쌀쌀함,보통
2025-11-23 17:00,2025-11-23,17,11,가을,7.8,6.0,0.0,0.0,76,3.1,66,141,0,0,쌀쌀함,나쁨
2025-11-23 18:00,2025-11-23,18,11,가을,2.1,0.7,0.0,0.0,33,1.6,50,97,0,0,쌀쌀함,나쁨
2025-11-23 19:00,2025-11-23,19,11,가을,11.2,9.4,0.0,0.0,64,2.5,79,141,0,0,선선함,매우나쁨
2025-11-23 20:00,2025-11-23,20,11,가을,7.3,5.0,0.0,0.0,54,2.5,45,86,0,0,쌀쌀함,나쁨
2025-11-23 21:00,2025-11-23,21,11,가을,7.8,3.9,0.0,0.0,35,5.0,44,91,0,0,쌀쌀함,나쁨
2025-11-23 22:00,2025-11-23,22,11,가을,0.3,-4.7,0.0,0.0,62,7.1,32,52,0,0,추움,보통
2025-11-23 23:00,2025-11-23,23,11,가을,7.1,5.9,0.0,0.0,44,1.8,37,71,0,0,쌀쌀함,나쁨
2025-11-24 00:00,2025-11-24,0,11,가을,4.1,4.2,0.0,0.0,86,0.7,58,92,0,0,쌀쌀함,나쁨
2025-11-24 01:00,2025-11-24,1,11,가을,2.6,0.8,0.0,0.0,53,2.9,83,140,0,0,쌀쌀함,매우나쁨
2025-11-24 02:00,2025-11-24,2,11,가을,5.9,4.9,0.0,0.0,42,1.7,42,84,0,0,쌀쌀함,나쁨
2025-11-24 03:00,2025-11-24,3,11,가을,5.4,2.9,0.0,0.0,48,3.3,33,67,0,0,쌀쌀함,보통
2025-11-24 04:00,2025-11-24,4,11,가을,6.5,-0.1,0.0,0.0,36,7.6,53,112,0,0,쌀쌀함,나쁨
2025-11-24 05:00,2025-11-24,5,11,가을,5.5,5.9,0.0,0.0,46,0.9,38,78,0,0,쌀쌀함,나쁨
2025-11-24 06:00,2025-11-24,6,11,가을,4.6,1.3,0.0,0.0,30,4.9,57,98,0,0,쌀쌀함,나쁨
2025-11-24 07:00,2025-11-24,7,11,가을,8.8,4.7,0.0,0.0,53,7.1,32,54,0,0,선선함,보통
2025-11-24 08:00,2025-11-24,8,11,가을,14.0,9.2,0.0,0.0,52,6.6,70,131,0,0,선선함,나쁨
2025-11-24 09:00,2025-11-24,9,11,가을,15.2,10.6,0.0,0.0,36,6.4,52,108,0,0,따뜻함,나쁨
2025-11-24 10:00,2025-11-24,10,11,가을,10.6,7.4,0.0,0.0,81,4.6,52,95,0,0,선선함,나쁨
2025-11-24 11:00,2025-11-24,11,11,가을,14.7,11.7,0.0,0.0,43,4.0,40,84,0,0,선선함,나쁨
2025-11-24 12:00,2025-11-24,12,11,가을,17.5,13.0,0.0,0.0,66,5.0,37,69,0,0,따뜻함,나쁨
2025-11-24 13:00,2025-11-24,13,11,가을,9.9,8.9,0.0,0.0,86,2.6,16,35,0,0,선선함,보통
2025-11-24 14:00,2025-11-24,14,11,가을,12.7,11.3,0.0,0.0,37,2.7,40,68,0,0,선선함,나쁨
2025-11-24 15:00,2025-11-24,15,11,가을,8.1,5.1,0.0,0.0,46,4.4,37,57,0,0,선선함,나쁨
2025-11-24 16:00,2025-11-24,16,11,가을,13.8,9.6,0.0,0.0,71,5.2,61,121,0,0,선선함,나쁨
2025-11-24 17:00,2025-11-24,17,11,가을,9.5,7.7,0.0,0.0,62,3.0,55,87,0,0,선선함,나쁨
2025-11-24 18:00,2025-11-24,18,11,가을,11.6,9.3,0.0,0.0,49,3.5,34,62,0,0,선선함,보통
2025-11-24 19:00,2025-11-24,19,11,가을,8.2,2.7,0.0,0.0,61,7.2,19,38,0,0,선선함,보통
2025-11-24 20:00,2025-11-24,20,11,가을,3.3,0.6,0.0,0.0,39,5.1,46,86,0,0,쌀쌀함,나쁨
2025-11-24 21:00,2025-11-24,21,11,가을,7.3,3.6,0.0,0.0,81,6.1,65,104,0,0,쌀쌀함,나쁨
2025-11-24 22:00,2025-11-24,22,11,가을,-0.2,-3.0,0.0,0.0,78,3.9,55,114,0,0,추움,나쁨
2025-11-24 23:00,2025-11-24,23,11,가을,6.2,5.1,0.0,0.0,79,2.1,43,88,0,0,쌀쌀함,나쁨
2025-11-25 00:00,2025-11-25,0,11,가을,6.9,3.1,0.0,0.0,49,5.8,53,103,0,0,쌀쌀함,나쁨
2025-11-25 01:00,2025-11-25,1,11,가을,-0.7,-1.3,0.0,0.0,55,0.7,41,63,0,0,추움,나쁨
2025-11-25 02:00,2025-11-25,2,11,가을,1.2,-4.0,0.0,0.0,59,7.3,63,100,0,0,쌀쌀함,나쁨
2025-11-25 03:00,2025-11-25,3,11,가을,2.4,0.8,0.0,0.0,85,2.0,75,139,0,0,쌀쌀함,나쁨
2025-11-25 04:00,2025-11-25,4,11,가을,3.9,3.3,0.0,0.0,41,2.2,57,98,0,0,쌀쌀함,나쁨
2025-11-25 05:00,2025-11-25,5,11,가을,10.0,4.3,0.0,0.0,84,7.6,31,53,0,0,선선함,보통
2025-11-25 06:00,2025-11-25,6,11,가을,11.7,6.6,0.0,0.0,46,6.1,23,37,0,0,선선함,보통
2025-11-25 07:00,2025-11-25,7,11,가을,5.5,5.5,0.0,0.0,58,0.9,50,104,0,0,쌀쌀함,나쁨
2025-11-25 08:00,2025-11-25,8,11,가을,14.4,11.1,0.0,0.0,67,4.9,49,107,0,0,선선함,나쁨
2025-11-25 09:00,2025-11-25,9,11,가을,14.8,9.5,0.0,0.0,68,6.9,50,75,0,0,선선함,나쁨
2025-11-25 10:00,2025-11-25,10,11,가을,8.4,2.4,0.0,0.0,79,7.9,8,14,0,0,선선함,좋음
2025-11-25 11:00,2025-11-25,11,11,가을,10.7,6.0,0.0,0.0,30,6.9,46,73,0,0,선선함,나쁨
2025-11-25 12:00,2025-11-25,12,11,가을,8.6,5.3,0.0,0.0,37,4.5,43,69,0,0,선선함,나쁨
2025-11-25 13:00,2025-11-25,13,11,가을,9.3,7.0,0.0,0.0,73,3.2,52,88,0,0,선선함,나쁨
2025-11-25 14:00,2025-11-25,14,11,가을,7.1,4.3,1.1,0.0,66,3.9,56,100,1,0,쌀쌀함,나쁨
2025-11-25 15:00,2025-11-25,15,11,가을,13.7,9.8,0.0,0.0,34,4.8,42,81,0,0,선선함,나쁨
2025-11-25 16:00,2025-11-25,16,11,가을,6.0,4.4,0.0,0.0,63,1.4,22,38,0,0,쌀쌀함,보통
2025-11-25 17:00,2025-11-25,17,11,가을,11.7,9.7,0.0,0.0,46,2.1,37,75,0,0,선선함,나쁨
2025-11-25 18:00,2025-11-25,18,11,가을,11.5,8.5,0.0,0.0,86,4.8,65,101,0,0,선선함,나쁨
2025-11-25 19:00,2025-11-25,19,11,가을,10.3,6.9,0.0,0.0,62,4.4,44,95,0,0,선선함,나쁨
2025-11-25 20:00,2025-11-25,20,11,가을,4.8,1.9,0.0,0.0,88,3.6,49,80,0,0,쌀쌀함,나쁨
2025-11-25 21:00,2025-11-25,21,11,가을,-1.3,-2.2,0.0,0.0,83,1.9,66,112,0,0,추움,나쁨
2025-11-25 22:00,2025-11-25,22,11,가을,2.6,-0.2,0.0,0.0,31,5.8,59,112,0,0,쌀쌀함,나쁨
2025-11-25 23:00,2025-11-25,23,11,가을,4.4,0.9,0.0,0.0,71,4.8,65,127,0,0,쌀쌀함,나쁨
2025-11-26 00:00,2025-11-26,0,11,가을,-2.5,-3.8,0.0,0.6,69,2.8,61,122,0,1,추움,나쁨
2025-11-26 01:00,2025-11-26,1,11,가을,6.0,1.2,0.0,0.0,77,6.4,30,53,0,0,쌀쌀함,보통
2025-11-26 02:00,2025-11-26,2,11,가을,2.3,1.8,0.0,0.0,51,1.2,35,52,0,0,쌀쌀함,보통
2025-11-26 03:00,2025-11-26,3,11,가을,3.5,2.3,0.0,0.0,41,1.8,58,105,0,0,쌀쌀함,나쁨
2025-11-26 04:00,2025-11-26,4,11,가을,2.7,-0.4,0.0,0.0,79,3.5,49,95,0,0,쌀쌀함,나쁨
2025-11-26 05:00,2025-11-26,5,11,가을,11.0,9.4,0.0,0.0,63,2.5,49,73,0,0,선선함,나쁨
2025-11-26 06:00,2025-11-26,6,11,가을,7.7,6.2,0.0,0.0,70,2.6,50,90,0,0,쌀쌀함,나쁨
2025-11-26 07:00,2025-11-26,7,11,가을,11.2,6.2,0.0,0.0,87,7.4,65,128,0,0,선선함,나쁨
2025-11-26 08:00,2025-11-26,8,11,가을,12.7,11.2,0.0,0.0,69,2.1,18,35,0,0,선선함,보통
2025-11-26 09:00,2025-11-26,9,11,가을,6.4,2.1,0.0,0.0,88,5.7,44,72,0,0,쌀쌀함,나쁨
2025-11-26 10:00,2025-11-26,10,11,가을,11.9,8.0,0.0,0.0,56,7.0,46,77,0,0,선선함,나쁨
2025-11-26 11:00,2025-11-26,11,11,가을,13.6,9.7,0.0,0.0,48,5.0,64,116,0,0,선선함,나쁨
2025-11-26 12:00,2025-11-26,12,11,가을,9.3,3.7,0.0,0.0,76,6.5,60,108,0,0,선선함,나쁨
2025-11-26 13:00,2025-11-26,13,11,가을,11.6,6.6,0.0,0.0,47,7.4,49,91,0,0,선선함,나쁨
2025-11-26 14:00,2025-11-26,14,11,가을,7.8,3.1,0.0,0.0,76,7.4,37,67,0,0,쌀쌀함,나쁨
2025-11-26 15:00,2025-11-26,15,11,가을,12.7,9.3,0.0,0.0,36,4.7,47,89,0,0,선선함,나쁨
2025-11-26 16:00,2025-11-26,16,11,가을,11.2,5.7,0.0,0.0,83,7.8,87,175,0,0,선선함,매우나쁨
2025-11-26 17:00,2025-11-26,17,11,가을,5.5,3.8,0.0,0.0,82,2.1,61,106,0,0,쌀쌀함,나쁨
2025-11-26 18:00,2025-11-26,18,11,가을,2.7,-1.4,0.0,0.0,64,5.7,58,92,0,0,쌀쌀함,나쁨
2025-11-26 19:00,2025-11-26,19,11,가을,4.7,1.9,0.0,0.0,62,3.7,61,113,0,0,쌀쌀함,나쁨
2025-11-26 20:00,2025-11-26,20,11,가을,4.3,-0.6,0.0,0.0,67,7.8,41,85,0,0,쌀쌀함,나쁨
2025-11-26 21:00,2025-11-26,21,11,가을,4.4,3.5,0.0,0.0,57,2.5,55,84,0,0,쌀쌀함,나쁨
2025-11-26 22:00,2025-11-26,22,11,가을,2.3,2.1,0.0,0.0,37,0.8,81,122,0,0,쌀쌀함,매우나쁨
2025-11-26 23:00,2025-11-26,23,11,가을,4.8,3.1,0.0,0.0,69,2.6,58,126,0,0,쌀쌀함,나쁨
2025-11-27 00:00,2025-11-27,0,11,가을,-2.1,-6.5,0.0,0.0,50,6.4,32,55,0,0,추움,보통
2025-11-27 01:00,2025-11-27,1,11,가을,7.9,7.9,0.0,0.0,81,1.6,54,105,0,0,쌀쌀함,나쁨
2025-11-27 02:00,2025-11-27,2,11,가을,4.5,2.0,0.0,0.0,60,3.4,57,104,0,0,쌀쌀함,나쁨
2025-11-27 03:00,2025-11-27,3,11,가을,5.7,5.5,0.0,0.0,88,1.3,60,91,0,0,쌀쌀함,나쁨
2025-11-27 04:00,2025-11-27,4,11,가을,3.9,2.2,0.0,0.0,81,1.6,53,111,0,0,쌀쌀함,나쁨
2025-11-27 05:00,2025-11-27,5,11,가을,6.7,5.2,0.0,0.0,83,2.0,60,117,0,0,쌀쌀함,나쁨
2025-11-27 06:00,2025-11-27,6,11,가을,7.4,1.3,0.0,0.0,59,7.8,71,134,0,0,쌀쌀함,나쁨
2025-11-27 07:00,2025-11-27,7,11,가을,9.3,5.9,0.0,0.0,76,4.7,71,127,0,0,선선함,나쁨
2025-11-27 08:00,2025-11-27,8,11,가을,6.1,5.9,0.0,0.0,82,0.9,48,101,0,0,쌀쌀함,나쁨
2025-11-27 09:00,2025-11-27,9,11,가을,7.1,6.4,0.0,0.0,70,1.2,59,97,0,0,쌀쌀함,나쁨
2025-11-27 10:00,2025-11-27,10,11,가을,14.4,13.5,0.0,0.0,48,0.9,23,38,0,0,선선함,보통
2025-11-27 11:00,2025-11-27,11,11,가을,10.3,6.4,0.0,0.0,38,5.2,37,57,0,0,선선함,나쁨
2025-11-27 12:00,2025-11-27,12,11,가을,12.9,11.8,0.0,0.0,41,2.2,38,78,0,0,선선함,나쁨
2025-11-27 13:00,2025-11-27,13,11,가을,13.2,11.6,0.0,0.0,86,2.7,46,95,0,0,선선함,나쁨
2025-11-27 14:00,2025-11-27,14,11,가을,9.6,5.2,0.0,0.0,40,6.1,28,47,0,0,선선함,보통
2025-11-27 15:00,2025-11-27,15,11,가을,6.9,6.1,0.0,0.0,66,1.3,49,106,0,0,쌀쌀함,나쁨
2025-11-27 16:00,2025-11-27,16,11,가을,6.0,4.6,0.0,0.0,38,1.1,34,63,0,0,쌀쌀함,보통
2025-11-27 17:00,2025-11-27,17,11,가을,8.5,3.8,0.0,0.0,55,6.6,28,57,0,0,선선함,보통
2025-11-27 18:00,2025-11-27,18,11,가을,5.9,4.7,0.0,0.0,41,1.7,17,35,0,0,쌀쌀함,보통
2025-11-27 19:00,2025-11-27,19,11,가을,2.6,1.1,0.0,0.0,38,1.9,39,79,0,0,쌀쌀함,나쁨
2025-11-27 20:00,2025-11-27,20,11,가을,3.3,-1.9,0.0,0.0,80,6.1,52,89,0,0,쌀쌀함,나쁨
2025-11-27 21:00,2025-11-27,21,11,가을,4.7,0.2,0.0,0.0,63,7.1,54,93,0,0,쌀쌀함,나쁨
2025-11-27 22:00,2025-11-27,22,11,가을,-0.0,-0.3,0.0,0.0,50,1.0,56,94,0,0,추움,나쁨
2025-11-27 23:00,2025-11-27,23,11,가을,-3.1,-6.1,0.0,4.4,87,3.3,45,93,0,1,추움,나쁨
2025-11-28 00:00,2025-11-28,0,11,가을,0.9,-4.9,0.0,0.0,44,7.8,52,111,0,0,추움,나쁨
2025-11-28 01:00,2025-11-28,1,11,가을,-0.1,-3.5,0.0,0.0,55,3.6,44,94,0,0,추움,나쁨
2025-11-28 02:00,2025-11-28,2,11,가을,-2.4,-6.2,0.0,0.0,46,5.8,40,64,0,0,추움,나쁨
2025-11-28 03:00,2025-11-28,3,11,가을,3.1,-2.0,0.0,0.0,70,6.5,28,45,0,0,쌀쌀함,보통
2025-11-28 04:00,2025-11-28,4,11,가을,1.1,-3.6,0.0,0.0,39,6.3,36,76,0,0,쌀쌀함,나쁨
2025-11-28 05:00,2025-11-28,5,11,가을,10.1,5.6,0.0,0.0,74,5.4,34,68,0,0,선선함,보통
2025-11-28 06:00,2025-11-28,6,11,가을,5.6,1.4,0.0,0.0,40,6.0,59,112,0,0,쌀쌀함,나쁨
2025-11-28 07:00,2025-11-28,7,11,가을,12.3,7.8,0.0,0.0,68,7.7,36,61,0,0,선선함,나쁨
2025-11-28 08:00,2025-11-28,8,11,가을,6.4,6.3,0.0,0.0,58,0.8,57,104,0,0,쌀쌀함,나쁨
2025-11-28 09:00,2025-11-28,9,11,가을,7.7,5.0,0.0,0.0,65,3.8,43,75,0,0,쌀쌀함,나쁨
2025-11-28 10:00,2025-11-28,10,11,가을,9.3,6.7,0.0,0.0,75,3.5,68,140,0,0,선선함,나쁨
2025-11-28 11:00,2025-11-28,11,11,가을,15.2,15.3,0.0,0.0,80,0.6,31,60,0,0,따뜻함,보통
2025-11-28 12:00,2025-11-28,12,11,가을,13.8,12.8,0.0,0.0,73,3.0,27,52,0,0,선선함,보통
2025-11-28 13:00,2025-11-28,13,11,가을,9.0,2.9,0.0,0.0,42,7.9,59,127,0,0,선선함,나쁨
2025-11-28 14:00,2025-11-28,14,11,가을,8.8,6.0,0.0,0.0,75,4.0,55,112,0,0,선선함,나쁨
2025-11-28 15:00,2025-11-28,15,11,가을,9.2,3.4,0.0,0.0,40,7.2,46,96,0,0,선선함,나쁨
2025-11-28 16:00,2025-11-28,16,11,가을,5.2,4.1,0.0,0.0,42,3.1,54,116,0,0,쌀쌀함,나쁨
2025-11-28 17:00,2025-11-28,17,11,가을,5.9,1.0,0.0,0.0,57,7.5,42,69,0,0,쌀쌀함,나쁨
2025-11-28 18:00,2025-11-28,18,11,가을,10.2,5.2,0.0,0.0,50,7.2,46,85,0,0,선선함,나쁨
2025-11-28 19:00,2025-11-28,19,11,가을,9.2,5.5,0.0,0.0,50,6.6,17,31,0,0,선선함,보통
2025-11-28 20:00,2025-11-28,20,11,가을,5.2,0.2,0.0,0.0,43,6.7,50,107,0,0,쌀쌀함,나쁨
2025-11-28 21:00,2025-11-28,21,11,가을,2.7,1.9,0.0,0.0,59,1.7,32,56,0,0,쌀쌀함,보통
2025-11-28 22:00,2025-11-28,22,11,가을,3.7,-0.7,0.0,0.0,48,6.0,80,152,0,0,쌀쌀함,매우나쁨
2025-11-28 23:00,2025-11-28,23,11,가을,2.2,1.0,0.0,0.0,60,2.9,72,120,0,0,쌀쌀함,나쁨
2025-11-29 00:00,2025-11-29,0,11,가을,-2.0,-4.6,0.0,0.0,68,4.4,17,31,0,0,추움,보통
2025-11-29 01:00,2025-11-29,1,11,가을,4.9,2.7,0.0,0.0,77,3.8,36,78,0,0,쌀쌀함,나쁨
2025-11-29 02:00,2025-11-29,2,11,가을,2.0,0.3,0.0,0.0,63,2.6,40,82,0,0,쌀쌀함,나쁨
2025-11-29 03:00,2025-11-29,3,11,가을,-1.0,-4.4,0.0,0.0,64,4.7,32,68,0,0,추움,보통
2025-11-29 04:00,2025-11-29,4,11,가을,6.2,3.6,0.0,0.0,66,2.9,49,78,0,0,쌀쌀함,나쁨
2025-11-29 05:00,2025-11-29,5,11,가을,-0.3,-3.5,0.0,0.0,79,3.7,45,80,0,0,추움,나쁨
2025-11-29 06:00,2025-11-29,6,11,가을,3.8,0.8,0.0,0.0,74,4.0,63,103,0,0,쌀쌀함,나쁨
2025-11-29 07:00,2025-11-29,7,11,가을,8.0,6.1,0.0,0.0,44,4.5,77,127,0,0,선선함,매우나쁨
2025-11-29 08:00,2025-11-29,8,11,가을,12.6,11.5,0.0,0.0,75,0.6,26,52,0,0,선선함,보통
2025-11-29 09:00,2025-11-29,9,11,가을,11.4,7.6,0.0,0.0,55,4.9,66,132,0,0,선선함,나쁨
2025-11-29 10:00,2025-11-29,10,11,가을,12.9,7.3,0.0,0.0,40,7.7,41,71,0,0,선선함,나쁨
2025-11-29 11:00,2025-11-29,11,11,가을,14.6,11.3,0.0,0.0,72,6.8,56,114,0,0,선선함,나쁨
2025-11-29 12:00,2025-11-29,12,11,가을,14.1,12.8,0.0,0.0,60,1.7,70,116,0,0,선선함,나쁨
2025-11-29 13:00,2025-11-29,13,11,가을,17.6,13.6,0.0,0.0,52,6.4,55,87,0,0,따뜻함,나쁨
2025-11-29 14:00,2025-11-29,14,11,가을,15.0,12.6,0.0,0.0,46,3.3,53,97,0,0,따뜻함,나쁨
2025-11-29 15:00,2025-11-29,15,11,가을,10.6,4.7,0.0,0.0,81,7.9,45,78,0,0,선선함,나쁨
2025-11-29 16:00,2025-11-29,16,11,가을,9.7,6.6,0.0,0.0,58,6.5,64,96,0,0,선선함,나쁨
2025-11-29 17:00,2025-11-29,17,11,가을,8.4,3.3,0.0,0.0,75,7.5,41,65,0,0,선선함,나쁨
2025-11-29 18:00,2025-11-29,18,11,가을,6.1,2.8,0.0,0.0,32,4.9,58,113,0,0,쌀쌀함,나쁨
2025-11-29 19:00,2025-11-29,19,11,가을,10.8,5.1,0.0,0.0,86,7.9,60,96,0,0,선선함,나쁨
2025-11-29 20:00,2025-11-29,20,11,가을,1.7,1.4,0.0,0.0,43,1.0,40,83,0,0,쌀쌀함,나쁨
2025-11-29 21:00,2025-11-29,21,11,가을,2.2,-1.6,0.0,0.0,41,3.8,70,146,0,0,쌀쌀함,나쁨
2025-11-29 22:00,2025-11-29,22,11,가을,3.5,-1.5,0.0,0.0,30,6.5,56,92,0,0,쌀쌀함,나쁨
2025-11-29 23:00,2025-11-29,23,11,가을,-3.4,-7.9,0.0,0.0,31,4.6,50,91,0,0,추움,나쁨
2025-11-30 00:00,2025-11-30,0,11,가을,6.6,3.0,0.0,0.0,84,4.0,46,91,0,0,쌀쌀함,나쁨
2025-11-30 01:00,2025-11-30,1,11,가을,7.5,5.4,0.0,0.0,66,0.9,52,80,0,0,쌀쌀함,나쁨
2025-11-30 02:00,2025-11-30,2,11,가을,3.6,-1.7,0.0,0.0,46,7.1,42,67,0,0,쌀쌀함,나쁨
2025-11-30 03:00,2025-11-30,3,11,가을,2.9,-2.3,0.0,0.0,46,7.1,29,46,0,0,쌀쌀함,보통
2025-11-30 04:00,2025-11-30,4,11,가을,1.1,0.5,0.0,0.0,40,1.2,41,87,0,0,쌀쌀함,나쁨
2025-11-30 05:00,2025-11-30,5,11,가을,9.0,4.1,0.0,0.0,67,7.0,91,141,0,0,선선함,매우나쁨
2025-11-30 06:00,2025-11-30,6,11,가을,12.0,8.9,0.0,0.0,36,4.2,51,101,0,0,선선함,나쁨
2025-11-30 07:00,2025-11-30,7,11,가을,5.6,4.1,0.0,0.0,48,3.3,31,66,0,0,쌀쌀함,보통
2025-11-30 08:00,2025-11-30,8,11,가을,7.8,4.4,0.0,0.0,66,4.1,42,76,0,0,쌀쌀함,나쁨
2025-11-30 09:00,2025-11-30,9,11,가을,5.9,0.6,0.0,0.0,88,5.4,47,91,0,0,쌀쌀함,나쁨
2025-11-30 10:00,2025-11-30,10,11,가을,7.0,5.4,0.0,0.0,30,2.1,62,104,0,0,쌀쌀함,나쁨
2025-11-30 11:00,2025-11-30,11,11,가을,9.2,6.0,0.0,0.0,57,4.1,45,98,0,0,선선함,나쁨
2025-11-30 12:00,2025-11-30,12,11,가을,17.3,13.0,0.0,0.0,72,6.5,40,75,0,0,따뜻함,나쁨
2025-11-30 13:00,2025-11-30,13,11,가을,16.1,13.6,0.0,0.0,42,2.1,31,61,0,0,따뜻함,보통
2025-11-30 14:00,2025-11-30,14,11,가을,13.2,11.8,0.0,0.0,89,1.6,51,102,0,0,선선함,나쁨
2025-11-30 15:00,2025-11-30,15,11,가을,14.2,11.1,0.0,0.0,73,4.6,37,59,0,0,선선함,나쁨
2025-11-30 16:00,2025-11-30,16,11,가을,9.8,9.2,0.0,0.0,80,0.9,29,49,0,0,선선함,보통
2025-11-30 17:00,2025-11-30,17,11,가을,4.4,-0.7,0.0,0.0,44,6.0,53,98,0,0,쌀쌀함,나쁨
2025-11-30 18:00,2025-11-30,18,11,가을,7.8,6.9,0.0,0.0,32,2.5,43,87,0,0,쌀쌀함,나쁨
2025-11-30 19:00,2025-11-30,19,11,가을,4.6,2.1,0.0,0.0,76,3.4,56,92,0,0,쌀쌀함,나쁨
2025-11-30 20:00,2025-11-30,20,11,가을,5.3,4.3,0.0,0.0,76,0.8,54,93,0,0,쌀쌀함,나쁨
2025-11-30 21:00,2025-11-30,21,11,가을,4.9,4.5,0.0,0.0,73,1.4,43,91,0,0,쌀쌀함,나쁨
2025-11-30 22:00,2025-11-30,22,11,가을,4.6,2.7,0.0,0.0,81,2.0,53,108,0,0,쌀쌀함,나쁨
2025-11-30 23:00,2025-11-30,23,11,가을,5.3,0.6,0.0,0.0,38,5.6,74,159,0,0,쌀쌀함,나쁨
2025-12-01 00:00,2025-12-01,0,12,겨울,0.7,-3.1,0.0,0.0,38,6.1,35,76,0,0,추움,보통
2025-12-01 01:00,2025-12-01,1,12,겨울,-0.2,-5.6,0.0,0.0,71,7.4,40,78,0,0,추움,나쁨
2025-12-01 02:00,2025-12-01,2,12,겨울,-7.8,-8.2,0.0,0.0,82,1.6,53,83,0,0,추움,나쁨
2025-12-01 03:00,2025-12-01,3,12,겨울,-2.8,-7.0,0.0,0.0,85,5.1,57,86,0,0,추움,나쁨
2025-12-01 04:00,2025-12-01,4,12,겨울,-1.0,-5.3,0.0,0.0,58,5.7,61,94,0,0,추움,나쁨
2025-12-01 05:00,2025-12-01,5,12,겨울,-5.0,-9.4,0.0,0.0,59,5.8,39,68,0,0,추움,나쁨
2025-12-01 06:00,2025-12-01,6,12,겨울,-1.8,-3.9,0.0,0.0,72,3.5,66,102,0,0,추움,나쁨
2025-12-01 07:00,2025-12-01,7,12,겨울,-4.3,-7.1,0.0,0.0,53,5.1,56,92,0,0,추움,나쁨
2025-12-01 08:00,2025-12-01,8,12,겨울,1.3,1.4,0.0,0.0,51,1.1,50,92,0,0,쌀쌀함,나쁨
2025-12-01 09:00,2025-12-01,9,12,겨울,5.3,2.7,0.0,0.0,78,3.2,28,45,0,0,쌀쌀함,보통
2025-12-01 10:00,2025-12-01,10,12,겨울,5.9,4.8,0.0,0.0,57,1.6,67,117,0,0,쌀쌀함,나쁨
2025-12-01 11:00,2025-12-01,11,12,겨울,6.7,5.6,0.0,0.0,47,2.2,39,83,0,0,쌀쌀함,나쁨
2025-12-01 12:00,2025-12-01,12,12,겨울,2.2,-2.6,0.0,0.0,54,6.3,38,69,0,0,쌀쌀함,나쁨
2025-12-01 13:00,2025-12-01,13,12,겨울,1.7,-3.4,0.0,0.0,63,7.6,60,94,0,0,쌀쌀함,나쁨
2025-12-01 14:00,2025-12-01,14,12,겨울,-1.0,-2.6,0.0,0.0,56,2.8,55,103,0,0,추움,나쁨
2025-12-01 15:00,2025-12-01,15,12,겨울,1.8,-1.3,0.0,0.0,78,5.8,56,121,0,0,쌀쌀함,나쁨
2025-12-01 16:00,2025-12-01,16,12,겨울,4.3,-1.1,0.0,0.0,50,8.0,87,175,0,0,쌀쌀함,매우나쁨
2025-12-01 17:00,2025-12-01,17,12,겨울,2.3,0.4,0.0,0.0,32,3.0,40,64,0,0,쌀쌀함,나쁨
2025-12-01 18:00,2025-12-01,18,12,겨울,2.2,-2.7,0.0,0.0,65,6.9,70,105,0,0,쌀쌀함,나쁨
2025-12-01 19:00,2025-12-01,19,12,겨울,-3.2,-8.3,0.0,0.0,36,7.5,57,118,0,0,추움,나쁨
2025-12-01 20:00,2025-12-01,20,12,겨울,-6.3,-8.9,0.0,0.0,55,4.1,89,180,0,0,추움,매우나쁨
2025-12-01 21:00,2025-12-01,21,12,겨울,-4.6,-6.3,0.0,0.0,90,2.7,58,91,0,0,추움,나쁨
2025-12-01 22:00,2025-12-01,22,12,겨울,-8.4,-10.6,0.0,0.0,46,4.1,50,92,0,0,추움,나쁨
2025-12-01 23:00,2025-12-01,23,12,겨울,-9.5,-13.4,0.0,0.0,46,5.3,49,106,0,0,추움,나쁨
2025-12-02 00:00,2025-12-02,0,12,겨울,-7.8,-8.8,0.0,0.0,54,1.0,48,98,0,0,추움,나쁨
2025-12-02 01:00,2025-12-02,1,12,겨울,-7.3,-9.4,0.0,0.0,49,2.2,38,77,0,0,추움,나쁨
2025-12-02 02:00,2025-12-02,2,12,겨울,-10.3,-14.0,0.0,0.0,49,5.3,73,156,0,0,추움,나쁨
2025-12-02 03:00,2025-12-02,3,12,겨울,-3.3,-5.2,0.0,0.0,69,2.4,44,73,0,0,추움,나쁨
2025-12-02 04:00,2025-12-02,4,12,겨울,1.8,-1.8,0.0,0.0,37,5.3,49,91,0,0,쌀쌀함,나쁨
2025-12-02 05:00,2025-12-02,5,12,겨울,-3.3,-7.1,0.0,0.0,64,5.1,53,110,0,0,추움,나쁨
2025-12-02 06:00,2025-12-02,6,12,겨울,-5.3,-9.7,0.0,0.0,71,6.4,58,110,0,0,추움,나쁨
2025-12-02 07:00,2025-12-02,7,12,겨울,3.8,0.9,0.0,0.0,32,3.4,62,113,0,0,쌀쌀함,나쁨
2025-12-02 08:00,2025-12-02,8,12,겨울,-1.7,-4.7,0.0,0.0,66,4.8,75,139,0,0,추움,나쁨
2025-12-02 09:00,2025-12-02,9,12,겨울,1.2,-1.4,0.0,0.0,68,3.0,46,78,0,0,쌀쌀함,나쁨
2025-12-02 10:00,2025-12-02,10,12,겨울,6.5,5.3,0.0,0.0,70,1.9,57,104,0,0,쌀쌀함,나쁨
2025-12-02 11:00,2025-12-02,11,12,겨울,5.4,1.6,0.0,0.0,68,5.0,28,51,0,0,쌀쌀함,보통
2025-12-02 12:00,2025-12-02,12,12,겨울,2.5,-1.8,0.0,0.0,53,5.8,42,73,0,0,쌀쌀함,나쁨
2025-12-02 13:00,2025-12-02,13,12,겨울,8.2,3.6,0.0,0.0,77,6.5,52,94,0,0,선선함,나쁨
2025-12-02 14:00,2025-12-02,14,12,겨울,2.3,-1.7,0.0,0.0,66,4.9,48,86,0,0,쌀쌀함,나쁨
2025-12-02 15:00,2025-12-02,15,12,겨울,3.0,-1.1,0.0,0.0,86,5.5,69,104,0,0,쌀쌀함,나쁨
2025-12-02 16:00,2025-12-02,16,12,겨울,-1.0,-3.3,0.0,0.0,43,2.1,60,126,0,0,추움,나쁨
2025-12-02 17:00,2025-12-02,17,12,겨울,0.1,-4.3,0.0,0.0,58,5.8,57,109,0,0,추움,나쁨
2025-12-02 18:00,2025-12-02,18,12,겨울,-3.0,-8.8,0.0,0.0,90,6.8,45,67,0,0,추움,나쁨
2025-12-02 19:00,2025-12-02,19,12,겨울,6.3,4.8,0.0,0.0,65,2.9,50,99,0,0,쌀쌀함,나쁨
2025-12-02 20:00,2025-12-02,20,12,겨울,-1.6,-2.2,0.0,0.0,38,1.6,58,99,0,0,추움,나쁨
2025-12-02 21:00,2025-12-02,21,12,겨울,-0.9,-2.2,0.0,3.8,32,2.1,84,175,0,1,추움,매우나쁨
2025-12-02 22:00,2025-12-02,22,12,겨울,-0.8,-6.0,0.0,0.0,81,7.1,58,97,0,0,추움,나쁨
2025-12-02 23:00,2025-12-02,23,12,겨울,-5.0,-4.7,0.0,0.0,39,1.2,44,70,0,0,추움,나쁨
2025-12-03 00:00,2025-12-03,0,12,겨울,-1.7,-4.8,0.0,0.0,79,4.9,67,125,0,0,추움,나쁨
2025-12-03 01:00,2025-12-03,1,12,겨울,-0.8,-3.4,0.0,0.0,88,4.1,55,107,0,0,추움,나쁨
2025-12-03 02:00,2025-12-03,2,12,겨울,-6.1,-11.4,0.0,0.0,36,7.6,21,33,0,0,추움,보통
2025-12-03 03:00,2025-12-03,3,12,겨울,-7.2,-10.7,0.0,0.0,81,4.4,41,78,0,0,추움,나쁨
2025-12-03 04:00,2025-12-03,4,12,겨울,0.7,-0.8,0.0,0.0,69,2.2,52,107,0,0,추움,나쁨
2025-12-03 05:00,2025-12-03,5,12,겨울,-3.6,-4.7,0.0,0.0,76,0.7,46,79,0,0,추움,나쁨
2025-12-03 06:00,2025-12-03,6,12,겨울,-1.7,-6.7,0.0,0.0,47,7.3,56,91,0,0,추움,나쁨
2025-12-03 07:00,2025-12-03,7,12,겨울,5.7,0.8,0.0,0.0,48,7.4,58,107,0,0,쌀쌀함,나쁨
2025-12-03 08:00,2025-12-03,8,12,겨울,1.0,0.3,0.0,0.0,90,1.9,44,68,0,0,쌀쌀함,나쁨
2025-12-03 09:00,2025-12-03,9,12,겨울,2.3,0.5,0.0,0.0,66,2.1,64,117,0,0,쌀쌀함,나쁨
2025-12-03 10:00,2025-12-03,10,12,겨울,3.4,-0.4,0.0,0.0,63,5.3,78,148,0,0,쌀쌀함,매우나쁨
2025-12-03 11:00,2025-12-03,11,12,겨울,8.3,6.3,0.0,0.0,52,2.0,72,135,0,0,선선함,나쁨
2025-12-03 12:00,2025-12-03,12,12,겨울,8.3,7.0,0.0,0.0,75,2.6,59,90,0,0,선선함,나쁨
2025-12-03 13:00,2025-12-03,13,12,겨울,5.9,3.0,0.0,0.0,87,4.3,65,135,0,0,쌀쌀함,나쁨
2025-12-03 14:00,2025-12-03,14,12,겨울,2.7,-0.4,0.0,0.0,52,3.0,63,106,0,0,쌀쌀함,나쁨
2025-12-03 15:00,2025-12-03,15,12,겨울,3.1,-0.0,0.0,0.0,64,4.7,38,74,0,0,쌀쌀함,나쁨
2025-12-03 16:00,2025-12-03,16,12,겨울,3.2,-0.0,0.0,0.0,39,5.6,48,79,0,0,쌀쌀함,나쁨
2025-12-03 17:00,2025-12-03,17,12,겨울,-2.8,-6.6,0.0,0.0,72,7.3,43,74,0,0,추움,나쁨
2025-12-03 18:00,2025-12-03,18,12,겨울,-5.1,-8.5,0.0,0.0,65,5.7,54,96,0,0,추움,나쁨
2025-12-03 19:00,2025-12-03,19,12,겨울,-4.4,-6.7,0.0,0.0,76,3.9,70,141,0,0,추움,나쁨
2025-12-03 20:00,2025-12-03,20,12,겨울,-3.1,-7.1,0.0,0.0,61,5.8,44,88,0,0,추움,나쁨
2025-12-03 21:00,2025-12-03,21,12,겨울,-3.9,-5.8,0.0,0.0,48,2.5,32,66,0,0,추움,보통
2025-12-03 22:00,2025-12-03,22,12,겨울,-3.4,-5.9,0.0,0.0,51,2.9,50,85,0,0,추움,나쁨
2025-12-03 23:00,2025-12-03,23,12,겨울,-7.5,-9.9,0.0,0.0,77,3.4,74,156,0,0,추움,나쁨
2025-12-04 00:00,2025-12-04,0,12,겨울,-2.6,-3.7,0.0,0.0,51,1.5,38,82,0,0,추움,나쁨
2025-12-04 01:00,2025-12-04,1,12,겨울,-4.1,-6.0,0.0,0.0,75,3.1,54,83,0,0,추움,나쁨
2025-12-04 02:00,2025-12-04,2,12,겨울,-3.4,-3.6,0.0,0.0,58,1.9,30,60,0,0,추움,보통
2025-12-04 03:00,2025-12-04,3,12,겨울,-6.9,-11.1,0.0,0.0,68,6.0,42,80,0,0,추움,나쁨
2025-12-04 04:00,2025-12-04,4,12,겨울,-6.6,-10.0,0.0,0.0,34,5.8,44,68,0,0,추움,나쁨
2025-12-04 05:00,2025-12-04,5,12,겨울,-5.5,-7.5,0.0,0.0,31,1.6,70,152,0,0,추움,나쁨
2025-12-04 06:00,2025-12-04,6,12,겨울,1.6,-1.3,0.0,0.0,68,4.3,40,64,0,0,쌀쌀함,나쁨
2025-12-04 07:00,2025-12-04,7,12,겨울,-2.2,-4.6,0.0,0.0,69,4.1,73,139,0,0,추움,나쁨
2025-12-04 08:00,2025-12-04,8,12,겨울,4.5,4.2,0.0,0.0,45,1.1,71,146,0,0,쌀쌀함,나쁨
2025-12-04 09:00,2025-12-04,9,12,겨울,4.3,2.8,0.0,0.0,68,2.2,40,65,0,0,쌀쌀함,나쁨
2025-12-04 10:00,2025-12-04,10,12,겨울,2.0,1.4,0.0,0.0,30,0.8,61,126,0,0,쌀쌀함,나쁨
2025-12-04 11:00,2025-12-04,11,12,겨울,2.6,0.3,0.0,0.0,39,2.8,35,72,0,0,쌀쌀함,보통
2025-12-04 12:00,2025-12-04,12,12,겨울,11.3,6.6,0.0,0.0,42,6.9,61,132,0,0,선선함,나쁨
2025-12-04 13:00,2025-12-04,13,12,겨울,0.4,-2.3,0.0,0.8,54,4.4,72,151,0,1,추움,나쁨
2025-12-04 14:00,2025-12-04,14,12,겨울,9.0,9.0,0.0,0.0,80,0.9,47,82,0,0,선선함,나쁨
2025-12-04 15:00,2025-12-04,15,12,겨울,8.5,6.1,0.0,0.0,65,4.5,53,88,0,0,선선함,나쁨
2025-12-04 16:00,2025-12-04,16,12,겨울,-0.3,-0.9,0.0,0.0,78,0.7,20,35,0,0,추움,보통
2025-12-04 17:00,2025-12-04,17,12,겨울,6.3,1.7,0.0,0.0,62,6.7,72,120,0,0,쌀쌀함,나쁨
2025-12-04 18:00,2025-12-04,18,12,겨울,4.1,1.4,0.0,0.0,34,4.0,34,55,0,0,쌀쌀함,보통
2025-12-04 19:00,2025-12-04,19,12,겨울,-3.4,-7.6,0.0,0.0,90,5.1,51,111,0,0,추움,나쁨
2025-12-04 20:00,2025-12-04,20,12,겨울,-4.8,-9.5,0.0,0.0,61,6.3,56,92,0,0,추움,나쁨
2025-12-04 21:00,2025-12-04,21,12,겨울,-7.3,-8.8,0.0,0.0,80,3.0,67,133,0,0,추움,나쁨
2025-12-04 22:00,2025-12-04,22,12,겨울,-9.7,-12.8,0.0,0.0,62,4.7,48,96,0,0,추움,나쁨
2025-12-04 23:00,2025-12-04,23,12,겨울,-0.7,-3.4,0.0,0.0,55,4.9,63,95,0,0,추움,나쁨
2025-12-05 00:00,2025-12-05,0,12,겨울,-1.0,-4.6,0.0,0.0,41,4.8,46,91,0,0,추움,나쁨
2025-12-05 01:00,2025-12-05,1,12,겨울,-8.8,-11.1,0.0,0.0,54,3.4,30,62,0,0,추움,보통
2025-12-05 02:00,2025-12-05,2,12,겨울,-1.4,-2.7,0.0,0.9,54,2.0,70,122,0,1,추움,나쁨
2025-12-05 03:00,2025-12-05,3,12,겨울,1.0,-3.4,0.0,0.0,50,7.5,46,71,0,0,쌀쌀함,나쁨
2025-12-05 04:00,2025-12-05,4,12,겨울,-7.4,-10.6,0.0,0.0,39,4.0,42,90,0,0,추움,나쁨
2025-12-05 05:00,2025-12-05,5,12,겨울,2.5,0.1,0.0,0.0,73,2.4,43,86,0,0,쌀쌀함,나쁨
2025-12-05 06:00,2025-12-05,6,12,겨울,-3.2,-7.1,0.0,0.0,63,4.6,26,49,0,0,추움,보통
2025-12-05 07:00,2025-12-05,7,12,겨울,-2.7,-4.9,0.0,0.0,66,2.2,56,102,0,0,추움,나쁨
2025-12-05 08:00,2025-12-05,8,12,겨울,4.6,3.1,0.0,0.0,56,1.2,35,73,0,0,쌀쌀함,보통
2025-12-05 09:00,2025-12-05,9,12,겨울,4.8,0.2,0.0,0.0,41,5.7,72,152,0,0,쌀쌀함,나쁨
2025-12-05 10:00,2025-12-05,10,12,겨울,8.0,3.5,0.0,0.0,63,7.1,49,107,0,0,선선함,나쁨
2025-12-05 11:00,2025-12-05,11,12,겨울,4.1,-1.7,0.0,0.0,45,7.9,68,106,0,0,쌀쌀함,나쁨
2025-12-05 12:00,2025-12-05,12,12,겨울,6.1,2.2,0.0,0.0,81,6.3,35,60,0,0,쌀쌀함,보통
2025-12-05 13:00,2025-12-05,13,12,겨울,6.8,6.4,0.0,0.0,32,0.7,45,71,0,0,쌀쌀함,나쁨
2025-12-05 14:00,2025-12-05,14,12,겨울,8.2,3.5,0.0,0.0,68,7.7,66,104,0,0,선선함,나쁨
2025-12-05 15:00,2025-12-05,15,12,겨울,3.1,-2.2,0.0,0.0,42,6.6,69,104,0,0,쌀쌀함,나쁨
2025-12-05 16:00,2025-12-05,16,12,겨울,5.8,3.7,0.0,0.0,36,2.0,69,110,0,0,쌀쌀함,나쁨
2025-12-05 17:00,2025-12-05,17,12,겨울,4.0,1.1,0.0,0.0,84,4.5,58,95,0,0,쌀쌀함,나쁨
2025-12-05 18:00,2025-12-05,18,12,겨울,5.4,1.7,0.0,0.0,77,4.0,34,56,0,0,쌀쌀함,보통
2025-12-05 19:00,2025-12-05,19,12,겨울,-3.9,-8.0,0.0,0.0,32,6.2,65,106,0,0,추움,나쁨
2025-12-05 20:00,2025-12-05,20,12,겨울,-7.1,-9.4,0.0,2.3,78,3.7,35,76,0,1,추움,보통
2025-12-05 21:00,2025-12-05,21,12,겨울,-4.4,-7.6,0.0,0.0,85,4.6,42,90,0,0,추움,나쁨
2025-12-05 22:00,2025-12-05,22,12,겨울,-6.2,-9.7,0.0,0.0,76,4.3,62,114,0,0,추움,나쁨
2025-12-05 23:00,2025-12-05,23,12,겨울,-4.0,-7.4,0.0,0.0,48,5.8,42,83,0,0,추움,나쁨
2025-12-06 00:00,2025-12-06,0,12,겨울,-11.0,-16.2,0.0,0.0,59,6.6,45,93,0,0,추움,나쁨
2025-12-06 01:00,2025-12-06,1,12,겨울,-2.7,-5.0,0.0,0.0,48,4.1,47,82,0,0,추움,나쁨
2025-12-06 02:00,2025-12-06,2,12,겨울,-5.0,-10.2,0.0,0.0,79,7.8,66,114,0,0,추움,나쁨
2025-12-06 03:00,2025-12-06,3,12,겨울,-10.3,-14.1,0.0,0.0,64,6.0,64,131,0,0,추움,나쁨
2025-12-06 04:00,2025-12-06,4,12,겨울,-1.3,-3.6,0.0,0.0,82,3.1,85,184,0,0,추움,매우나쁨
2025-12-06 05:00,2025-12-06,5,12,겨울,-4.8,-6.0,0.0,0.0,40,1.0,60,131,0,0,추움,나쁨
2025-12-06 06:00,2025-12-06,6,12,겨울,-3.3,-6.4,0.9,0.0,72,4.3,67,133,1,0,추움,나쁨
2025-12-06 07:00,2025-12-06,7,12,겨울,-2.9,-8.3,0.0,0.0,35,7.2,39,61,0,0,추움,나쁨
2025-12-06 08:00,2025-12-06,8,12,겨울,8.6,3.9,0.0,0.0,63,6.5,66,120,0,0,선선함,나쁨
2025-12-06 09:00,2025-12-06,9,12,겨울,-1.2,-2.2,0.0,0.0,67,1.4,70,123,0,0,추움,나쁨
2025-12-06 10:00,2025-12-06,10,12,겨울,8.6,3.9,0.0,0.0,36,7.7,62,123,0,0,선선함,나쁨
2025-12-06 11:00,2025-12-06,11,12,겨울,4.3,-0.0,0.0,0.0,48,6.9,25,50,0,0,쌀쌀함,보통
2025-12-06 12:00,2025-12-06,12,12,겨울,2.9,-0.1,0.0,0.0,50,4.5,28,46,0,0,쌀쌀함,보통
2025-12-06 13:00,2025-12-06,13,12,겨울,3.8,1.5,0.0,0.0,53,2.2,43,66,0,0,쌀쌀함,나쁨
2025-12-06 14:00,2025-12-06,14,12,겨울,4.9,0.9,0.0,0.0,39,6.3,55,85,0,0,쌀쌀함,나쁨
2025-12-06 15:00,2025-12-06,15,12,겨울,4.3,-1.7,0.0,0.0,87,7.7,37,74,0,0,쌀쌀함,나쁨
2025-12-06 16:00,2025-12-06,16,12,겨울,2.6,-0.6,0.0,0.0,74,3.7,58,94,0,0,쌀쌀함,나쁨
2025-12-06 17:00,2025-12-06,17,12,겨울,-1.7,-6.1,0.0,0.0,45,6.3,49,83,0,0,추움,나쁨
2025-12-06 18:00,2025-12-06,18,12,겨울,-5.9,-7.0,0.0,3.3,80,1.0,58,114,0,1,추움,나쁨
2025-12-06 19:00,2025-12-06,19,12,겨울,-2.5,-4.5,0.0,0.0,84,3.2,56,116,0,0,추움,나쁨
2025-12-06 20:00,2025-12-06,20,12,겨울,-1.4,-5.3,0.0,0.0,68,5.7,39,66,0,0,추움,나쁨
2025-12-06 21:00,2025-12-06,21,12,겨울,-7.3,-10.9,0.0,0.0,61,4.8,59,112,0,0,추움,나쁨
2025-12-06 22:00,2025-12-06,22,12,겨울,-2.0,-6.2,0.0,0.0,35,6.9,61,116,0,0,추움,나쁨
2025-12-06 23:00,2025-12-06,23,12,겨울,-6.3,-9.5,0.0,0.0,43,4.9,43,81,0,0,추움,나쁨
2025-12-07 00:00,2025-12-07,0,12,겨울,-7.3,-8.6,0.0,0.0,53,2.6,50,96,0,0,추움,나쁨
2025-12-07 01:00,2025-12-07,1,12,겨울,-2.4,-3.9,0.0,0.0,40,1.7,43,74,0,0,추움,나쁨
2025-12-07 02:00,2025-12-07,2,12,겨울,-1.3,-5.2,0.3,0.0,41,6.1,44,80,1,0,추움,나쁨
2025-12-07 03:00,2025-12-07,3,12,겨울,0.8,-1.6,0.0,0.0,68,3.2,46,87,0,0,추움,나쁨
2025-12-07 04:00,2025-12-07,4,12,겨울,1.1,0.0,0.0,0.0,41,1.1,63,97,0,0,쌀쌀함,나쁨
2025-12-07 05:00,2025-12-07,5,12,겨울,0.3,-4.5,0.0,0.0,32,7.0,25,43,0,0,추움,보통
2025-12-07 06:00,2025-12-07,6,12,겨울,-3.9,-4.1,0.0,0.0,41,0.8,66,107,0,0,추움,나쁨
2025-12-07 07:00,2025-12-07,7,12,겨울,1.4,0.7,0.0,0.0,67,1.0,69,115,0,0,쌀쌀함,나쁨
2025-12-07 08:00,2025-12-07,8,12,겨울,6.3,2.5,0.0,0.0,35,5.2,57,93,0,0,쌀쌀함,나쁨
2025-12-07 09:00,2025-12-07,9,12,겨울,7.6,2.0,0.4,0.0,39,7.4,63,98,1,0,쌀쌀함,나쁨
2025-12-07 10:00,2025-12-07,10,12,겨울,-0.3,-1.2,0.0,0.0,60,2.1,70,146,0,0,추움,나쁨
2025-12-07 11:00,2025-12-07,11,12,겨울,2.3,-3.2,0.0,0.0,52,7.8,31,53,0,0,쌀쌀함,보통
2025-12-07 12:00,2025-12-07,12,12,겨울,4.1,-1.3,0.0,0.0,79,7.4,36,74,0,0,쌀쌀함,나쁨
2025-12-07 13:00,2025-12-07,13,12,겨울,1.3,-3.1,0.0,0.0,50,6.6,69,108,0,0,쌀쌀함,나쁨
2025-12-07 14:00,2025-12-07,14,12,겨울,7.6,7.6,0.0,0.0,55,1.1,65,142,0,0,쌀쌀함,나쁨
2025-12-07 15:00,2025-12-07,15,12,겨울,1.8,-3.0,0.0,0.0,66,7.6,67,129,0,0,쌀쌀함,나쁨
2025-12-07 16:00,2025-12-07,16,12,겨울,3.8,0.8,0.0,0.0,55,4.5,29,58,0,0,쌀쌀함,보통
2025-12-07 17:00,2025-12-07,17,12,겨울,-4.1,-7.1,0.0,0.0,53,3.0,69,117,0,0,추움,나쁨
2025-12-07 18:00,2025-12-07,18,12,겨울,-3.9,-7.9,0.0,0.0,88,4.9,17,33,0,0,추움,보통
2025-12-07 19:00,2025-12-07,19,12,겨울,-1.9,-2.5,0.0,0.0,89,1.2,71,119,0,0,추움,나쁨
2025-12-07 20:00,2025-12-07,20,12,겨울,-6.4,-10.3,0.0,0.0,85,5.2,66,111,0,0,추움,나쁨
2025-12-07 21:00,2025-12-07,21,12,겨울,-1.6,-5.3,0.0,0.0,45,4.7,52,98,0,0,추움,나쁨
2025-12-07 22:00,2025-12-07,22,12,겨울,-6.1,-10.7,0.0,0.0,72,6.6,34,61,0,0,추움,보통
2025-12-07 23:00,2025-12-07,23,12,겨울,-4.1,-7.6,0.0,0.0,58,4.5,71,124,0,0,추움,나쁨
2025-12-08 00:00,2025-12-08,0,12,겨울,-3.2,-5.0,0.0,0.0,64,2.6,56,84,0,0,추움,나쁨
2025-12-08 01:00,2025-12-08,1,12,겨울,-10.7,-11.6,0.0,0.0,77,0.7,41,89,0,0,추움,나쁨
2025-12-08 02:00,2025-12-08,2,12,겨울,-1.7,-6.2,0.0,0.0,69,6.0,54,114,0,0,추움,나쁨
2025-12-08 03:00,2025-12-08,3,12,겨울,-4.2,-5.1,0.0,0.0,57,1.4,43,67,0,0,추움,나쁨
2025-12-08 04:00,2025-12-08,4,12,겨울,-6.2,-7.0,0.0,0.0,48,0.8,43,87,0,0,추움,나쁨
2025-12-08 05:00,2025-12-08,5,12,겨울,1.5,-0.9,0.0,0.0,83,2.5,20,30,0,0,쌀쌀함,보통
2025-12-08 06:00,2025-12-08,6,12,겨울,2.1,2.0,0.0,0.0,70,1.1,67,115,0,0,쌀쌀함,나쁨
2025-12-08 07:00,2025-12-08,7,12,겨울,2.0,0.4,0.0,0.0,34,1.8,22,44,0,0,쌀쌀함,보통
2025-12-08 08:00,2025-12-08,8,12,겨울,-0.6,-3.8,0.0,0.0,52,4.8,64,100,0,0,추움,나쁨
2025-12-08 09:00,2025-12-08,9,12,겨울,4.6,-0.2,0.0,0.0,31,5.8,72,150,0,0,쌀쌀함,나쁨
2025-12-08 10:00,2025-12-08,10,12,겨울,2.5,-2.8,0.0,0.0,58,7.2,25,38,0,0,쌀쌀함,보통
2025-12-08 11:00,2025-12-08,11,12,겨울,5.8,2.3,0.0,0.0,86,5.0,62,101,0,0,쌀쌀함,나쁨
2025-12-08 12:00,2025-12-08,12,12,겨울,6.1,1.4,0.0,0.0,52,5.8,51,108,0,0,쌀쌀함,나쁨
2025-12-08 13:00,2025-12-08,13,12,겨울,2.8,-1.0,0.0,0.0,44,5.4,30,64,0,0,쌀쌀함,보통
2025-12-08 14:00,2025-12-08,14,12,겨울,3.9,-0.8,0.0,0.0,75,5.5,61,102,0,0,쌀쌀함,나쁨
2025-12-08 15:00,2025-12-08,15,12,겨울,5.5,2.9,0.0,0.0,31,4.0,52,90,0,0,쌀쌀함,나쁨
2025-12-08 16:00,2025-12-08,16,12,겨울,-0.4,-3.3,0.0,0.0,61,4.2,61,123,0,0,추움,나쁨
2025-12-08 17:00,2025-12-08,17,12,겨울,3.0,0.4,0.0,0.0,46,3.5,52,103,0,0,쌀쌀함,나쁨
2025-12-08 18:00,2025-12-08,18,12,겨울,1.7,-0.5,0.0,0.0,45,2.9,60,123,0,0,쌀쌀함,나쁨
2025-12-08 19:00,2025-12-08,19,12,겨울,3.1,2.5,0.0,0.0,74,0.8,73,137,0,0,쌀쌀함,나쁨
2025-12-08 20:00,2025-12-08,20,12,겨울,-7.5,-11.5,0.0,0.0,58,6.9,43,84,0,0,추움,나쁨
2025-12-08 21:00,2025-12-08,21,12,겨울,-3.6,-9.0,0.0,0.0,66,7.6,47,101,0,0,추움,나쁨
2025-12-08 22:00,2025-12-08,22,12,겨울,-6.9,-11.6,0.0,4.3,32,7.3,46,79,0,1,추움,나쁨
2025-12-08 23:00,2025-12-08,23,12,겨울,-7.3,-9.3,0.0,0.0,81,5.2,45,90,0,0,추움,나쁨
2025-12-09 00:00,2025-12-09,0,12,겨울,-3.4,-4.8,0.0,0.0,84,1.2,63,114,0,0,추움,나쁨
2025-12-09 01:00,2025-12-09,1,12,겨울,-6.6,-9.5,0.0,0.0,83,4.5,55,105,0,0,추움,나쁨
2025-12-09 02:00,2025-12-09,2,12,겨울,-2.0,-6.0,0.0,0.0,47,4.9,44,86,0,0,추움,나쁨
2025-12-09 03:00,2025-12-09,3,12,겨울,-5.1,-6.1,0.0,0.0,77,1.6,35,67,0,0,추움,보통
2025-12-09 04:00,2025-12-09,4,12,겨울,-0.0,-3.2,0.0,0.0,35,3.6,55,97,0,0,추움,나쁨
2025-12-09 05:00,2025-12-09,5,12,겨울,-2.9,-7.0,0.0,0.0,55,6.0,61,101,0,0,추움,나쁨
2025-12-09 06:00,2025-12-09,6,12,겨울,-4.5,-9.0,0.0,0.0,30,6.8,76,161,0,0,추움,매우나쁨
2025-12-09 07:00,2025-12-09,7,12,겨울,-0.4,-3.1,0.0,0.0,67,4.0,54,99,0,0,추움,나쁨
2025-12-09 08:00,2025-12-09,8,12,겨울,6.1,3.7,0.0,0.0,73,3.0,46,97,0,0,쌀쌀함,나쁨
2025-12-09 09:00,2025-12-09,9,12,겨울,2.0,-2.7,0.0,0.0,44,5.6,16,27,0,0,쌀쌀함,보통
2025-12-09 10:00,2025-12-09,10,12,겨울,0.0,-2.1,0.0,0.0,30,3.0,37,70,0,0,추움,나쁨
2025-12-09 11:00,2025-12-09,11,12,겨울,2.1,1.6,0.0,0.0,30,1.8,39,76,0,0,쌀쌀함,나쁨
2025-12-09 12:00,2025-12-09,12,12,겨울,3.2,1.2,0.0,0.0,50,3.8,63,106,0,0,쌀쌀함,나쁨
2025-12-09 13:00,2025-12-09,13,12,겨울,0.8,-2.9,0.0,0.0,43,5.1,50,86,0,0,추움,나쁨
2025-12-09 14:00,2025-12-09,14,12,겨울,0.3,-2.4,0.0,0.0,86,4.7,74,119,0,0,추움,나쁨
2025-12-09 15:00,2025-12-09,15,12,겨울,0.6,-0.9,0.0,0.0,36,2.0,49,106,0,0,추움,나쁨
2025-12-09 16:00,2025-12-09,16,12,겨울,5.7,2.5,0.0,0.0,68,4.4,51,111,0,0,쌀쌀함,나쁨
2025-12-09 17:00,2025-12-09,17,12,겨울,4.1,1.6,0.0,0.0,87,4.5,32,61,0,0,쌀쌀함,보통
2025-12-09 18:00,2025-12-09,18,12,겨울,1.4,-3.3,0.0,0.0,70,7.4,36,67,0,0,쌀쌀함,나쁨
2025-12-09 19:00,2025-12-09,19,12,겨울,-6.4,-12.2,0.0,0.0,34,7.3,47,84,0,0,추움,나쁨
2025-12-09 20:00,2025-12-09,20,12,겨울,1.4,-2.8,0.0,0.0,55,6.2,54,92,0,0,쌀쌀함,나쁨
2025-12-09 21:00,2025-12-09,21,12,겨울,-0.0,-4.4,0.0,0.0,73,6.9,51,87,0,0,추움,나쁨
2025-12-09 22:00,2025-12-09,22,12,겨울,-2.1,-6.1,0.0,0.0,75,5.8,50,84,0,0,추움,나쁨
2025-12-09 23:00,2025-12-09,23,12,겨울,-5.6,-6.3,0.0,0.0,84,2.7,60,94,0,0,추움,나쁨
2025-12-10 00:00,2025-12-10,0,12,겨울,-4.6,-10.9,0.0,2.0,56,7.8,44,70,0,1,추움,나쁨
2025-12-10 01:00,2025-12-10,1,12,겨울,-0.3,-1.4,0.0,0.0,77,0.9,24,47,0,0,추움,보통
2025-12-10 02:00,2025-12-10,2,12,겨울,-2.1,-3.9,0.0,0.0,50,3.1,42,91,0,0,추움,나쁨
2025-12-10 03:00,2025-12-10,3,12,겨울,0.8,-1.0,0.0,0.0,55,1.4,34,58,0,0,추움,보통
2025-12-10 04:00,2025-12-10,4,12,겨울,-7.2,-11.5,0.0,0.0,88,6.2,35,62,0,0,추움,보통
2025-12-10 05:00,2025-12-10,5,12,겨울,0.2,-2.4,0.0,0.0,43,5.2,61,95,0,0,추움,나쁨
2025-12-10 06:00,2025-12-10,6,12,겨울,-4.9,-5.7,0.0,0.0,42,1.7,51,105,0,0,추움,나쁨
2025-12-10 07:00,2025-12-10,7,12,겨울,4.9,0.4,0.0,0.0,43,5.1,61,106,0,0,쌀쌀함,나쁨
2025-12-10 08:00,2025-12-10,8,12,겨울,0.8,-2.2,0.0,0.0,53,4.8,67,144,0,0,추움,나쁨
2025-12-10 09:00,2025-12-10,9,12,겨울,-0.5,-4.5,0.0,0.0,33,5.7,42,67,0,0,추움,나쁨
2025-12-10 10:00,2025-12-10,10,12,겨울,2.2,-3.0,0.0,0.0,75,5.9,45,73,0,0,쌀쌀함,나쁨
2025-12-10 11:00,2025-12-10,11,12,겨울,-0.8,-4.4,0.0,0.0,68,6.0,45,75,0,0,추움,나쁨
2025-12-10 12:00,2025-12-10,12,12,겨울,3.0,1.5,0.0,0.0,39,2.5,39,79,0,0,쌀쌀함,나쁨
2025-12-10 13:00,2025-12-10,13,12,겨울,11.0,8.8,0.0,0.0,90,3.1,47,87,0,0,선선함,나쁨
2025-12-10 14:00,2025-12-10,14,12,겨울,1.8,-0.1,0.0,0.0,43,3.0,56,120,0,0,쌀쌀함,나쁨
2025-12-10 15:00,2025-12-10,15,12,겨울,1.4,0.4,0.0,0.0,35,1.9,82,146,0,0,쌀쌀함,매우나쁨
2025-12-10 16:00,2025-12-10,16,12,겨울,2.7,0.9,0.0,0.0,72,3.4,56,115,0,0,쌀쌀함,나쁨
2025-12-10 17:00,2025-12-10,17,12,겨울,-4.3,-5.2,0.0,0.0,58,2.0,57,115,0,0,추움,나쁨
2025-12-10 18:00,2025-12-10,18,12,겨울,4.6,-0.3,0.0,0.0,75,6.5,54,108,0,0,쌀쌀함,나쁨
2025-12-10 19:00,2025-12-10,19,12,겨울,2.5,-0.6,0.0,0.0,33,3.7,69,138,0,0,쌀쌀함,나쁨
2025-12-10 20:00,2025-12-10,20,12,겨울,1.3,0.6,0.0,0.0,78,1.2,62,124,0,0,쌀쌀함,나쁨
2025-12-10 21:00,2025-12-10,21,12,겨울,-7.9,-13.6,0.0,0.0,85,7.4,52,89,0,0,추움,나쁨
2025-12-10 22:00,2025-12-10,22,12,겨울,-6.4,-10.3,0.0,0.0,54,6.3,57,113,0,0,추움,나쁨
2025-12-10 23:00,2025-12-10,23,12,겨울,-3.5,-3.9,0.0,0.0,75,0.9,36,76,0,0,추움,나쁨
2025-12-11 00:00,2025-12-11,0,12,겨울,-4.9,-10.2,0.0,0.0,41,8.0,36,69,0,0,추움,나쁨
2025-12-11 01:00,2025-12-11,1,12,겨울,-8.7,-9.7,0.0,0.0,79,1.9,62,119,0,0,추움,나쁨
2025-12-11 02:00,2025-12-11,2,12,겨울,-2.5,-6.8,0.0,0.0,82,6.0,22,47,0,0,추움,보통
2025-12-11 03:00,2025-12-11,3,12,겨울,0.7,-3.1,0.0,0.0,37,6.5,72,113,0,0,추움,나쁨
2025-12-11 04:00,2025-12-11,4,12,겨울,-6.3,-8.5,0.0,0.0,48,2.8,26,50,0,0,추움,보통
2025-12-11 05:00,2025-12-11,5,12,겨울,1.7,-2.9,0.0,0.0,64,6.7,52,109,0,0,쌀쌀함,나쁨
2025-12-11 06:00,2025-12-11,6,12,겨울,-3.4,-8.2,0.0,0.0,52,7.1,41,69,0,0,추움,나쁨
2025-12-11 07:00,2025-12-11,7,12,겨울,-3.7,-6.9,0.0,0.0,82,4.5,21,32,0,0,추움,보통
2025-12-11 08:00,2025-12-11,8,12,겨울,1.9,-2.0,0.0,0.0,86,5.0,31,64,0,0,쌀쌀함,보통
2025-12-11 09:00,2025-12-11,9,12,겨울,3.0,0.3,0.0,0.0,75,3.7,40,61,0,0,쌀쌀함,나쁨
2025-12-11 10:00,2025-12-11,10,12,겨울,1.0,-1.0,0.0,0.0,49,2.0,67,126,0,0,쌀쌀함,나쁨
2025-12-11 11:00,2025-12-11,11,12,겨울,1.9,-0.9,0.0,0.0,80,4.7,45,84,0,0,쌀쌀함,나쁨
2025-12-11 12:00,2025-12-11,12,12,겨울,-0.2,-2.5,0.0,0.0,56,2.4,73,134,0,0,추움,나쁨
2025-12-11 13:00,2025-12-11,13,12,겨울,8.0,6.4,0.0,0.0,36,0.7,53,98,0,0,선선함,나쁨
2025-12-11 14:00,2025-12-11,14,12,겨울,0.8,-1.1,0.0,0.0,84,2.7,36,62,0,0,추움,나쁨
2025-12-11 15:00,2025-12-11,15,12,겨울,5.4,1.2,0.0,0.0,70,6.3,59,116,0,0,쌀쌀함,나쁨
2025-12-11 16:00,2025-12-11,16,12,겨울,-1.0,-3.4,0.0,0.0,48,4.4,77,162,0,0,추움,매우나쁨
2025-12-11 17:00,2025-12-11,17,12,겨울,2.1,-0.7,0.0,0.0,82,4.0,58,106,0,0,쌀쌀함,나쁨
2025-12-11 18:00,2025-12-11,18,12,겨울,3.7,1.0,0.0,0.0,49,4.1,33,69,0,0,쌀쌀함,보통
2025-12-11 19:00,2025-12-11,19,12,겨울,-2.7,-6.9,0.0,2.4,55,5.1,30,51,0,1,추움,보통
2025-12-11 20:00,2025-12-11,20,12,겨울,-5.9,-9.5,0.0,3.3,82,5.7,8,16,0,1,추움,좋음
2025-12-11 21:00,2025-12-11,21,12,겨울,-2.3,-9.1,0.0,0.0,88,7.6,76,117,0,0,추움,매우나쁨
2025-12-11 22:00,2025-12-11,22,12,겨울,-3.7,-8.3,0.0,0.0,50,6.8,47,95,0,0,추움,나쁨
2025-12-11 23:00,2025-12-11,23,12,겨울,-4.5,-6.9,0.0,0.0,73,3.3,50,95,0,0,추움,나쁨
2025-12-12 00:00,2025-12-12,0,12,겨울,-5.7,-8.0,0.0,1.7,65,4.2,49,91,0,1,추움,나쁨
2025-12-12 01:00,2025-12-12,1,12,겨울,-6.5,-7.3,0.0,0.0,64,1.6,56,93,0,0,추움,나쁨
2025-12-12 02:00,2025-12-12,2,12,겨울,-10.0,-10.5,0.0,0.0,55,1.1,52,101,0,0,추움,나쁨
2025-12-12 03:00,2025-12-12,3,12,겨울,-8.1,-11.6,0.0,0.0,62,4.1,52,86,0,0,추움,나쁨
2025-12-12 04:00,2025-12-12,4,12,겨울,-0.5,-2.8,0.0,0.0,84,2.9,38,71,0,0,추움,나쁨
2025-12-12 05:00,2025-12-12,5,12,겨울,-6.1,-11.0,0.0,0.0,58,5.7,40,74,0,0,추움,나쁨
2025-12-12 06:00,2025-12-12,6,12,겨울,-4.0,-6.6,0.0,0.0,45,3.8,62,121,0,0,추움,나쁨
2025-12-12 07:00,2025-12-12,7,12,겨울,3.8,2.9,0.0,0.0,45,1.7,41,67,0,0,쌀쌀함,나쁨
2025-12-12 08:00,2025-12-12,8,12,겨울,4.9,0.2,0.0,0.0,79,6.1,67,102,0,0,쌀쌀함,나쁨
2025-12-12 09:00,2025-12-12,9,12,겨울,1.7,-1.7,0.0,0.0,52,4.8,64,127,0,0,쌀쌀함,나쁨
2025-12-12 10:00,2025-12-12,10,12,겨울,4.6,1.2,0.0,0.0,55,4.8,36,57,0,0,쌀쌀함,나쁨
2025-12-12 11:00,2025-12-12,11,12,겨울,7.1,6.2,0.0,0.0,42,2.3,40,74,0,0,쌀쌀함,나쁨
2025-12-12 12:00,2025-12-12,12,12,겨울,8.4,6.0,0.0,0.0,85,3.0,68,126,0,0,선선함,나쁨
2025-12-12 13:00,2025-12-12,13,12,겨울,1.0,-2.2,0.0,0.0,68,3.3,45,86,0,0,쌀쌀함,나쁨
2025-12-12 14:00,2025-12-12,14,12,겨울,8.4,5.4,0.0,0.0,56,4.1,59,114,0,0,선선함,나쁨
2025-12-12 15:00,2025-12-12,15,12,겨울,1.9,-0.1,0.0,0.0,33,4.0,44,77,0,0,쌀쌀함,나쁨
2025-12-12 16:00,2025-12-12,16,12,겨울,5.5,0.7,0.0,0.0,31,6.9,59,103,0,0,쌀쌀함,나쁨
2025-12-12 17:00,2025-12-12,17,12,겨울,-0.4,-1.7,0.0,0.0,63,1.6,37,63,0,0,추움,나쁨
2025-12-12 18:00,2025-12-12,18,12,겨울,-0.2,-4.0,0.0,0.4,75,6.3,28,46,0,1,추움,보통
2025-12-12 19:00,2025-12-12,19,12,겨울,0.4,-2.8,0.0,0.0,56,4.5,38,71,0,0,추움,나쁨
2025-12-12 20:00,2025-12-12,20,12,겨울,-5.7,-8.7,0.0,0.0,56,4.8,53,84,0,0,추움,나쁨
2025-12-12 21:00,2025-12-12,21,12,겨울,-4.9,-5.5,0.0,0.0,58,0.8,49,103,0,0,추움,나쁨
2025-12-12 22:00,2025-12-12,22,12,겨울,-0.4,-1.5,0.0,0.0,31,1.1,47,101,0,0,추움,나쁨
2025-12-12 23:00,2025-12-12,23,12,겨울,-7.0,-8.9,0.0,0.0,56,2.7,30,46,0,0,추움,보통
2025-12-13 00:00,2025-12-13,0,12,겨울,-8.1,-8.8,0.0,0.0,77,1.2,49,101,0,0,추움,나쁨
2025-12-13 01:00,2025-12-13,1,12,겨울,-1.4,-2.4,0.0,0.0,71,2.0,45,82,0,0,추움,나쁨
2025-12-13 02:00,2025-12-13,2,12,겨울,-3.0,-4.7,0.0,0.0,32,1.2,42,82,0,0,추움,나쁨
2025-12-13 03:00,2025-12-13,3,12,겨울,-5.2,-7.6,0.0,0.0,59,3.8,58,121,0,0,추움,나쁨
2025-12-13 04:00,2025-12-13,4,12,겨울,-0.7,-1.3,0.0,0.0,55,0.7,58,104,0,0,추움,나쁨
2025-12-13 05:00,2025-12-13,5,12,겨울,-4.5,-7.4,0.0,0.0,38,4.2,46,85,0,0,추움,나쁨
2025-12-13 06:00,2025-12-13,6,12,겨울,-0.1,-4.8,0.0,0.0,30,6.9,36,54,0,0,추움,나쁨
2025-12-13 07:00,2025-12-13,7,12,겨울,-4.6,-6.9,0.0,0.0,90,3.7,37,74,0,0,추움,나쁨
2025-12-13 08:00,2025-12-13,8,12,겨울,1.0,-0.5,0.0,0.0,79,2.1,57,106,0,0,쌀쌀함,나쁨
2025-12-13 09:00,2025-12-13,9,12,겨울,3.3,1.2,0.0,0.0,63,4.2,47,94,0,0,쌀쌀함,나쁨
2025-12-13 10:00,2025-12-13,10,12,겨울,-0.6,-2.2,0.0,0.0,31,2.4,55,106,0,0,추움,나쁨
2025-12-13 11:00,2025-12-13,11,12,겨울,6.3,1.5,0.0,0.0,35,7.1,49,76,0,0,쌀쌀함,나쁨
2025-12-13 12:00,2025-12-13,12,12,겨울,6.3,2.9,0.0,0.0,35,4.5,66,123,0,0,쌀쌀함,나쁨
2025-12-13 13:00,2025-12-13,13,12,겨울,6.1,3.1,0.0,0.0,85,4.5,39,84,0,0,쌀쌀함,나쁨
2025-12-13 14:00,2025-12-13,14,12,겨울,4.7,4.0,0.0,0.0,54,1.6,54,114,0,0,쌀쌀함,나쁨
2025-12-13 15:00,2025-12-13,15,12,겨울,6.4,6.1,0.0,0.0,35,1.1,61,125,0,0,쌀쌀함,나쁨
2025-12-13 16:00,2025-12-13,16,12,겨울,0.5,-2.5,0.0,0.0,75,4.9,52,101,0,0,추움,나쁨
2025-12-13 17:00,2025-12-13,17,12,겨울,5.7,1.1,0.0,0.0,87,7.8,31,59,0,0,쌀쌀함,보통
2025-12-13 18:00,2025-12-13,18,12,겨울,2.8,-2.4,0.0,0.0,85,7.5,50,79,0,0,쌀쌀함,나쁨
2025-12-13 19:00,2025-12-13,19,12,겨울,-1.3,-5.6,0.0,0.0,60,7.4,52,101,0,0,추움,나쁨
2025-12-13 20:00,2025-12-13,20,12,겨울,0.9,-0.6,0.0,0.0,48,1.3,52,79,0,0,추움,나쁨
2025-12-13 21:00,2025-12-13,21,12,겨울,-1.8,-6.4,0.0,0.0,31,6.7,56,114,0,0,추움,나쁨
2025-12-13 22:00,2025-12-13,22,12,겨울,-9.6,-11.2,0.0,0.0,53,3.2,54,98,0,0,추움,나쁨
2025-12-13 23:00,2025-12-13,23,12,겨울,-6.5,-11.6,0.0,0.0,38,7.0,54,109,0,0,추움,나쁨
2025-12-14 00:00,2025-12-14,0,12,겨울,-1.9,-4.4,0.0,0.0,71,3.4,69,109,0,0,추움,나쁨
2025-12-14 01:00,2025-12-14,1,12,겨울,-10.0,-13.9,0.0,0.0,86,5.8,52,83,0,0,추움,나쁨
2025-12-14 02:00,2025-12-14,2,12,겨울,-3.5,-3.5,0.0,0.0,54,0.9,64,97,0,0,추움,나쁨
2025-12-14 03:00,2025-12-14,3,12,겨울,-2.7,-5.2,0.0,0.0,68,3.3,46,85,0,0,추움,나쁨
2025-12-14 04:00,2025-12-14,4,12,겨울,-1.2,-5.9,0.0,4.7,62,7.0,68,136,0,1,추움,나쁨
2025-12-14 05:00,2025-12-14,5,12,겨울,4.2,-2.3,0.0,0.0,85,7.8,61,106,0,0,쌀쌀함,나쁨
2025-12-14 06:00,2025-12-14,6,12,겨울,2.5,0.5,0.0,0.0,65,2.4,55,88,0,0,쌀쌀함,나쁨
2025-12-14 07:00,2025-12-14,7,12,겨울,5.0,1.8,0.0,0.0,74,3.8,54,91,0,0,쌀쌀함,나쁨
2025-12-14 08:00,2025-12-14,8,12,겨울,2.6,1.1,0.0,0.0,83,1.7,44,74,0,0,쌀쌀함,나쁨
2025-12-14 09:00,2025-12-14,9,12,겨울,4.9,-0.8,0.0,0.0,85,7.0,44,68,0,0,쌀쌀함,나쁨
2025-12-14 10:00,2025-12-14,10,12,겨울,5.8,2.4,0.0,0.0,30,5.0,74,148,0,0,쌀쌀함,나쁨
2025-12-14 11:00,2025-12-14,11,12,겨울,4.5,2.1,0.0,0.0,65,3.4,42,77,0,0,쌀쌀함,나쁨
2025-12-14 12:00,2025-12-14,12,12,겨울,9.7,6.5,0.0,0.0,75,5.1,27,49,0,0,선선함,보통
2025-12-14 13:00,2025-12-14,13,12,겨울,1.3,0.4,0.0,0.0,51,2.4,33,60,0,0,쌀쌀함,보통
2025-12-14 14:00,2025-12-14,14,12,겨울,4.6,2.8,0.0,0.0,62,1.8,44,69,0,0,쌀쌀함,나쁨
2025-12-14 15:00,2025-12-14,15,12,겨울,1.9,1.1,0.3,0.0,58,0.5,67,116,1,0,쌀쌀함,나쁨
2025-12-14 16:00,2025-12-14,16,12,겨울,7.1,1.7,0.0,0.0,51,7.8,30,63,0,0,쌀쌀함,보통
2025-12-14 17:00,2025-12-14,17,12,겨울,2.2,-1.5,0.0,0.0,47,4.1,73,112,0,0,쌀쌀함,나쁨
2025-12-14 18:00,2025-12-14,18,12,겨울,-3.4,-6.3,0.0,0.0,83,4.3,53,80,0,0,추움,나쁨
2025-12-14 19:00,2025-12-14,19,12,겨울,1.1,-5.5,0.0,0.0,38,8.0,41,76,0,0,쌀쌀함,나쁨
2025-12-14 20:00,2025-12-14,20,12,겨울,-5.2,-8.8,0.0,0.0,86,5.3,18,36,0,0,추움,보통
2025-12-14 21:00,2025-12-14,21,12,겨울,-2.8,-7.4,0.0,1.6,77,6.2,26,51,0,1,추움,보통
2025-12-14 22:00,2025-12-14,22,12,겨울,-6.9,-8.4,0.0,0.0,43,1.7,42,85,0,0,추움,나쁨
2025-12-14 23:00,2025-12-14,23,12,겨울,1.4,1.0,0.0,0.0,82,2.0,52,90,0,0,쌀쌀함,나쁨
2025-12-15 00:00,2025-12-15,0,12,겨울,-8.0,-9.5,0.0,0.0,63,2.3,20,34,0,0,추움,보통
2025-12-15 01:00,2025-12-15,1,12,겨울,-4.5,-8.7,0.0,0.0,47,6.9,54,109,0,0,추움,나쁨
2025-12-15 02:00,2025-12-15,2,12,겨울,-0.7,-2.8,0.0,0.0,41,2.1,41,70,0,0,추움,나쁨
2025-12-15 03:00,2025-12-15,3,12,겨울,-7.5,-8.0,0.0,0.0,42,1.0,53,99,0,0,추움,나쁨
2025-12-15 04:00,2025-12-15,4,12,겨울,0.6,-2.8,0.0,0.0,40,3.8,70,135,0,0,추움,나쁨
2025-12-15 05:00,2025-12-15,5,12,겨울,-5.7,-6.6,0.0,0.0,59,0.8,76,122,0,0,추움,매우나쁨
2025-12-15 06:00,2025-12-15,6,12,겨울,-0.4,-3.0,0.0,0.0,74,3.2,55,85,0,0,추움,나쁨
2025-12-15 07:00,2025-12-15,7,12,겨울,3.1,-1.4,0.0,0.0,37,7.1,32,52,0,0,쌀쌀함,보통
2025-12-15 08:00,2025-12-15,8,12,겨울,-0.7,-4.1,0.0,0.0,40,4.1,22,43,0,0,추움,보통
2025-12-15 09:00,2025-12-15,9,12,겨울,9.3,8.9,0.0,0.0,80,1.1,49,79,0,0,선선함,나쁨
2025-12-15 10:00,2025-12-15,10,12,겨울,4.1,2.4,0.0,0.0,63,2.6,59,115,0,0,쌀쌀함,나쁨
2025-12-15 11:00,2025-12-15,11,12,겨울,10.2,8.0,0.0,0.0,37,3.3,28,57,0,0,선선함,보통
2025-12-15 12:00,2025-12-15,12,12,겨울,3.5,-0.4,0.0,0.0,48,5.3,15,28,0,0,쌀쌀함,좋음
2025-12-15 13:00,2025-12-15,13,12,겨울,1.0,-0.6,0.0,0.0,61,2.7,39,62,0,0,쌀쌀함,나쁨
2025-12-15 14:00,2025-12-15,14,12,겨울,6.4,3.2,0.0,0.0,82,4.8,43,92,0,0,쌀쌀함,나쁨
2025-12-15 15:00,2025-12-15,15,12,겨울,2.9,0.9,0.0,0.0,41,3.0,57,113,0,0,쌀쌀함,나쁨
2025-12-15 16:00,2025-12-15,16,12,겨울,3.9,2.7,0.0,0.0,66,2.6,50,81,0,0,쌀쌀함,나쁨
2025-12-15 17:00,2025-12-15,17,12,겨울,-0.9,-3.8,0.0,0.0,78,5.7,36,71,0,0,추움,나쁨
2025-12-15 18:00,2025-12-15,18,12,겨울,1.2,-4.5,0.0,0.0,84,7.3,59,89,0,0,쌀쌀함,나쁨
2025-12-15 19:00,2025-12-15,19,12,겨울,-3.8,-4.0,0.0,0.0,57,0.7,30,57,0,0,추움,보통
2025-12-15 20:00,2025-12-15,20,12,겨울,2.1,1.1,0.0,0.0,40,1.5,37,74,0,0,쌀쌀함,나쁨
2025-12-15 21:00,2025-12-15,21,12,겨울,-6.6,-8.8,0.0,0.0,39,2.3,37,58,0,0,추움,나쁨
2025-12-15 22:00,2025-12-15,22,12,겨울,-3.3,-4.2,0.0,0.0,86,1.4,49,82,0,0,추움,나쁨
2025-12-15 23:00,2025-12-15,23,12,겨울,-8.7,-12.2,6.5,0.0,80,4.4,83,139,1,0,추움,매우나쁨
2025-12-16 00:00,2025-12-16,0,12,겨울,-3.4,-6.0,0.0,0.6,67,5.2,44,92,0,1,추움,나쁨
2025-12-16 01:00,2025-12-16,1,12,겨울,-6.4,-12.5,0.0,0.0,30,8.0,57,108,0,0,추움,나쁨
2025-12-16 02:00,2025-12-16,2,12,겨울,-3.7,-4.6,0.0,0.0,89,1.6,79,131,0,0,추움,매우나쁨
2025-12-16 03:00,2025-12-16,3,12,겨울,-7.2,-11.4,0.0,0.0,57,6.6,84,160,0,0,추움,매우나쁨
2025-12-16 04:00,2025-12-16,4,12,겨울,-3.7,-9.8,0.0,0.0,79,7.7,29,46,0,0,추움,보통
2025-12-16 05:00,2025-12-16,5,12,겨울,-0.3,-3.9,0.0,0.4,44,5.3,46,79,0,1,추움,나쁨
2025-12-16 06:00,2025-12-16,6,12,겨울,-1.6,-3.6,0.0,0.0,80,2.8,48,88,0,0,추움,나쁨
2025-12-16 07:00,2025-12-16,7,12,겨울,-1.1,-2.6,0.0,0.0,60,2.4,34,68,0,0,추움,보통
2025-12-16 08:00,2025-12-16,8,12,겨울,4.7,1.6,0.0,0.0,77,3.4,51,88,0,0,쌀쌀함,나쁨
2025-12-16 09:00,2025-12-16,9,12,겨울,2.3,-0.5,0.0,0.0,60,3.7,71,117,0,0,쌀쌀함,나쁨
2025-12-16 10:00,2025-12-16,10,12,겨울,2.6,-2.1,0.0,0.0,72,5.9,46,93,0,0,쌀쌀함,나쁨
2025-12-16 11:00,2025-12-16,11,12,겨울,4.9,1.8,0.0,0.0,89,5.9,73,126,0,0,쌀쌀함,나쁨
2025-12-16 12:00,2025-12-16,12,12,겨울,7.5,2.8,0.0,0.0,90,6.1,54,86,0,0,쌀쌀함,나쁨
2025-12-16 13:00,2025-12-16,13,12,겨울,6.6,1.3,0.0,0.0,60,7.5,62,98,0,0,쌀쌀함,나쁨
2025-12-16 14:00,2025-12-16,14,12,겨울,7.5,2.5,0.0,0.0,55,6.7,67,130,0,0,쌀쌀함,나쁨
2025-12-16 15:00,2025-12-16,15,12,겨울,-2.4,-4.1,0.0,0.0,59,2.2,83,143,0,0,추움,매우나쁨
2025-12-16 16:00,2025-12-16,16,12,겨울,0.4,-5.1,0.0,0.0,43,7.4,29,61,0,0,추움,보통
2025-12-16 17:00,2025-12-16,17,12,겨울,3.3,0.2,0.0,0.0,82,5.0,61,108,0,0,쌀쌀함,나쁨
2025-12-16 18:00,2025-12-16,18,12,겨울,2.8,2.4,0.0,0.0,50,1.6,48,93,0,0,쌀쌀함,나쁨
2025-12-16 19:00,2025-12-16,19,12,겨울,-1.2,-3.8,0.0,0.0,32,3.6,52,86,0,0,추움,나쁨
2025-12-16 20:00,2025-12-16,20,12,겨울,-7.1,-9.1,0.0,0.0,79,2.3,49,106,0,0,추움,나쁨
2025-12-16 21:00,2025-12-16,21,12,겨울,-1.3,-3.7,0.0,0.0,69,2.7,19,34,0,0,추움,보통
2025-12-16 22:00,2025-12-16,22,12,겨울,-4.4,-8.1,0.0,0.0,61,5.9,31,51,0,0,추움,보통
2025-12-16 23:00,2025-12-16,23,12,겨울,1.4,-4.1,0.0,0.0,43,7.1,41,89,0,0,쌀쌀함,나쁨
2025-12-17 00:00,2025-12-17,0,12,겨울,-0.5,-1.8,0.0,0.0,59,1.7,63,111,0,0,추움,나쁨
2025-12-17 01:00,2025-12-17,1,12,겨울,-1.4,-1.6,0.0,0.0,82,0.7,48,76,0,0,추움,나쁨
2025-12-17 02:00,2025-12-17,2,12,겨울,-7.9,-13.2,0.0,0.0,88,6.1,58,117,0,0,추움,나쁨
2025-12-17 03:00,2025-12-17,3,12,겨울,-7.3,-9.0,0.0,0.0,80,4.3,51,84,0,0,추움,나쁨
2025-12-17 04:00,2025-12-17,4,12,겨울,-2.6,-5.9,0.0,0.0,43,4.7,51,92,0,0,추움,나쁨
2025-12-17 05:00,2025-12-17,5,12,겨울,-7.9,-9.0,0.0,0.0,80,2.6,28,59,0,0,추움,보통
2025-12-17 06:00,2025-12-17,6,12,겨울,-1.5,-2.7,0.0,0.0,59,1.0,69,106,0,0,추움,나쁨
2025-12-17 07:00,2025-12-17,7,12,겨울,1.4,-2.2,0.0,0.0,61,5.9,52,94,0,0,쌀쌀함,나쁨
2025-12-17 08:00,2025-12-17,8,12,겨울,2.6,-0.6,0.0,0.0,37,4.8,58,104,0,0,쌀쌀함,나쁨
2025-12-17 09:00,2025-12-17,9,12,겨울,2.3,-1.5,0.0,0.0,54,5.1,35,73,0,0,쌀쌀함,보통
2025-12-17 10:00,2025-12-17,10,12,겨울,6.5,1.4,0.0,0.0,78,7.4,48,88,0,0,쌀쌀함,나쁨
2025-12-17 11:00,2025-12-17,11,12,겨울,8.0,5.6,2.1,0.0,86,2.8,46,83,1,0,선선함,나쁨
2025-12-17 12:00,2025-12-17,12,12,겨울,3.7,3.4,0.0,0.0,30,1.1,50,98,0,0,쌀쌀함,나쁨
2025-12-17 13:00,2025-12-17,13,12,겨울,0.7,-4.3,0.0,0.0,60,7.6,66,108,0,0,추움,나쁨
2025-12-17 14:00,2025-12-17,14,12,겨울,5.1,1.6,0.0,0.0,82,4.0,44,91,0,0,쌀쌀함,나쁨
2025-12-17 15:00,2025-12-17,15,12,겨울,4.8,3.5,0.0,0.0,90,2.3,58,114,0,0,쌀쌀함,나쁨
2025-12-17 16:00,2025-12-17,16,12,겨울,-0.9,-3.1,0.0,0.0,65,3.2,60,126,0,0,추움,나쁨
2025-12-17 17:00,2025-12-17,17,12,겨울,2.3,-2.0,0.0,0.0,52,6.4,62,131,0,0,쌀쌀함,나쁨
2025-12-17 18:00,2025-12-17,18,12,겨울,1.6,-3.0,0.0,0.0,72,6.6,31,64,0,0,쌀쌀함,보통
2025-12-17 19:00,2025-12-17,19,12,겨울,-2.0,-6.2,0.0,0.0,47,6.3,75,161,0,0,추움,나쁨
2025-12-17 20:00,2025-12-17,20,12,겨울,-5.2,-8.4,0.0,0.0,87,4.3,50,100,0,0,추움,나쁨
2025-12-17 21:00,2025-12-17,21,12,겨울,-0.1,-5.0,0.0,0.0,47,7.7,27,56,0,0,추움,보통
2025-12-17 22:00,2025-12-17,22,12,겨울,-2.4,-5.1,0.0,0.0,34,4.8,32,65,0,0,추움,보통
2025-12-17 23:00,2025-12-17,23,12,겨울,-2.3,-5.1,0.0,0.0,61,4.3,31,57,0,0,추움,보통
2025-12-18 00:00,2025-12-18,0,12,겨울,-2.7,-3.9,0.0,0.0,38,1.7,38,78,0,0,추움,나쁨
2025-12-18 01:00,2025-12-18,1,12,겨울,-1.2,-5.9,0.0,3.6,43,7.1,53,94,0,1,추움,나쁨
2025-12-18 02:00,2025-12-18,2,12,겨울,-7.6,-8.3,0.0,0.0,62,1.1,36,60,0,0,추움,나쁨
2025-12-18 03:00,2025-12-18,3,12,겨울,-7.9,-12.2,0.0,0.0,86,5.9,62,128,0,0,추움,나쁨
2025-12-18 04:00,2025-12-18,4,12,겨울,3.4,-2.2,0.0,0.0,74,7.8,30,56,0,0,쌀쌀함,보통
2025-12-18 05:00,2025-12-18,5,12,겨울,1.3,-2.1,0.0,0.0,41,3.7,46,101,0,0,쌀쌀함,나쁨
2025-12-18 06:00,2025-12-18,6,12,겨울,-3.3,-4.9,0.0,0.0,60,1.9,69,145,0,0,추움,나쁨
2025-12-18 07:00,2025-12-18,7,12,겨울,-2.9,-3.9,0.0,0.0,42,0.8,63,114,0,0,추움,나쁨
2025-12-18 08:00,2025-12-18,8,12,겨울,-2.3,-4.0,0.0,4.8,31,2.9,47,77,0,1,추움,나쁨
2025-12-18 09:00,2025-12-18,9,12,겨울,0.0,-3.8,0.0,0.0,85,5.7,49,88,0,0,추움,나쁨
2025-12-18 10:00,2025-12-18,10,12,겨울,4.3,0.4,0.0,0.0,71,7.0,48,81,0,0,쌀쌀함,나쁨
2025-12-18 11:00,2025-12-18,11,12,겨울,9.7,8.9,0.0,0.0,59,0.8,35,57,0,0,선선함,보통
2025-12-18 12:00,2025-12-18,12,12,겨울,2.8,-2.0,0.0,0.0,58,5.6,74,155,0,0,쌀쌀함,나쁨
2025-12-18 13:00,2025-12-18,13,12,겨울,8.5,7.4,0.0,0.0,88,1.6,34,66,0,0,선선함,보통
2025-12-18 14:00,2025-12-18,14,12,겨울,1.7,-4.0,0.0,0.0,80,7.9,60,100,0,0,쌀쌀함,나쁨
2025-12-18 15:00,2025-12-18,15,12,겨울,-0.2,-3.8,0.0,0.0,39,6.1,15,27,0,0,추움,좋음
2025-12-18 16:00,2025-12-18,16,12,겨울,7.3,3.3,0.0,0.0,37,6.0,72,153,0,0,쌀쌀함,나쁨
2025-12-18 17:00,2025-12-18,17,12,겨울,5.2,2.0,0.0,0.0,38,4.1,35,58,0,0,쌀쌀함,보통
2025-12-18 18:00,2025-12-18,18,12,겨울,-1.9,-3.7,0.0,0.0,77,2.9,25,46,0,0,추움,보통
2025-12-18 19:00,2025-12-18,19,12,겨울,0.3,-4.0,0.0,0.0,80,6.5,40,80,0,0,추움,나쁨
2025-12-18 20:00,2025-12-18,20,12,겨울,-2.2,-5.7,0.0,0.0,40,5.3,47,92,0,0,추움,나쁨
2025-12-18 21:00,2025-12-18,21,12,겨울,-1.2,-6.4,0.0,0.0,53,7.3,53,101,0,0,추움,나쁨
2025-12-18 22:00,2025-12-18,22,12,겨울,0.6,-3.4,0.0,4.2,62,6.8,47,71,0,1,추움,나쁨
2025-12-18 23:00,2025-12-18,23,12,겨울,-7.4,-13.4,0.0,0.0,71,7.0,53,94,0,0,추움,나쁨
2025-12-19 00:00,2025-12-19,0,12,겨울,-3.9,-8.7,0.0,0.0,31,7.3,69,122,0,0,추움,나쁨
2025-12-19 01:00,2025-12-19,1,12,겨울,-7.8,-9.0,0.0,0.0,79,2.9,78,117,0,0,추움,매우나쁨
2025-12-19 02:00,2025-12-19,2,12,겨울,3.6,-0.6,0.0,0.0,60,6.4,19,39,0,0,쌀쌀함,보통
2025-12-19 03:00,2025-12-19,3,12,겨울,-4.3,-7.3,0.0,2.3,56,4.8,39,60,0,1,추움,나쁨
2025-12-19 04:00,2025-12-19,4,12,겨울,0.8,-3.8,0.0,0.0,38,5.7,58,110,0,0,추움,나쁨
2025-12-19 05:00,2025-12-19,5,12,겨울,-7.0,-9.8,0.0,0.0,80,4.5,39,82,0,0,추움,나쁨
2025-12-19 06:00,2025-12-19,6,12,겨울,1.4,-1.6,0.0,0.0,50,3.5,80,123,0,0,쌀쌀함,매우나쁨
2025-12-19 07:00,2025-12-19,7,12,겨울,-0.7,-3.9,0.0,0.0,57,4.5,64,136,0,0,추움,나쁨
2025-12-19 08:00,2025-12-19,8,12,겨울,0.3,-3.5,0.0,0.0,57,6.5,61,115,0,0,추움,나쁨
2025-12-19 09:00,2025-12-19,9,12,겨울,3.2,2.1,0.0,0.0,90,2.6,50,104,0,0,쌀쌀함,나쁨
2025-12-19 10:00,2025-12-19,10,12,겨울,8.4,3.0,0.0,0.0,41,7.6,65,102,0,0,선선함,나쁨
2025-12-19 11:00,2025-12-19,11,12,겨울,3.8,1.3,0.0,0.0,64,3.8,63,104,0,0,쌀쌀함,나쁨
2025-12-19 12:00,2025-12-19,12,12,겨울,1.3,-3.9,0.0,0.0,66,7.7,57,122,0,0,쌀쌀함,나쁨
2025-12-19 13:00,2025-12-19,13,12,겨울,9.7,8.1,0.0,0.0,79,3.1,71,134,0,0,선선함,나쁨
2025-12-19 14:00,2025-12-19,14,12,겨울,8.1,2.7,0.0,0.0,79,7.6,61,115,0,0,선선함,나쁨
2025-12-19 15:00,2025-12-19,15,12,겨울,4.4,0.8,0.0,0.0,35,6.1,34,66,0,0,쌀쌀함,보통
2025-12-19 16:00,2025-12-19,16,12,겨울,5.3,4.4,0.0,0.0,63,2.4,36,73,0,0,쌀쌀함,나쁨
2025-12-19 17:00,2025-12-19,17,12,겨울,6.3,1.6,0.0,0.0,42,7.0,64,113,0,0,쌀쌀함,나쁨
2025-12-19 18:00,2025-12-19,18,12,겨울,-2.1,-5.7,0.0,0.0,58,4.1,50,109,0,0,추움,나쁨
2025-12-19 19:00,2025-12-19,19,12,겨울,-4.2,-5.0,0.0,0.0,55,1.2,52,94,0,0,추움,나쁨
2025-12-19 20:00,2025-12-19,20,12,겨울,-6.1,-9.3,0.0,0.0,45,5.0,42,89,0,0,추움,나쁨
2025-12-19 21:00,2025-12-19,21,12,겨울,0.7,-4.8,0.0,0.0,89,7.1,69,129,0,0,추움,나쁨
2025-12-19 22:00,2025-12-19,22,12,겨울,-7.6,-10.4,0.0,0.0,90,4.4,49,76,0,0,추움,나쁨
2025-12-19 23:00,2025-12-19,23,12,겨울,-0.6,-1.2,0.0,0.0,44,0.9,60,92,0,0,추움,나쁨
2025-12-20 00:00,2025-12-20,0,12,겨울,-1.4,-5.6,0.0,0.0,65,6.6,51,94,0,0,추움,나쁨
2025-12-20 01:00,2025-12-20,1,12,겨울,-4.1,-7.6,0.0,0.0,43,4.6,41,84,0,0,추움,나쁨
2025-12-20 02:00,2025-12-20,2,12,겨울,-4.4,-8.9,0.0,0.0,62,6.1,52,83,0,0,추움,나쁨
2025-12-20 03:00,2025-12-20,3,12,겨울,-4.5,-8.3,0.0,3.0,67,6.0,50,109,0,1,추움,나쁨
2025-12-20 04:00,2025-12-20,4,12,겨울,2.2,-0.5,0.0,0.0,77,2.8,50,97,0,0,쌀쌀함,나쁨
2025-12-20 05:00,2025-12-20,5,12,겨울,-1.8,-5.9,0.0,0.0,56,6.8,58,106,0,0,추움,나쁨
2025-12-20 06:00,2025-12-20,6,12,겨울,1.1,-1.4,0.0,0.0,72,4.1,34,62,0,0,쌀쌀함,보통
2025-12-20 07:00,2025-12-20,7,12,겨울,1.3,-1.5,0.0,0.0,80,3.9,37,69,0,0,쌀쌀함,나쁨
2025-12-20 08:00,2025-12-20,8,12,겨울,5.7,1.9,0.0,0.0,90,5.4,54,99,0,0,쌀쌀함,나쁨
2025-12-20 09:00,2025-12-20,9,12,겨울,-0.6,-5.5,0.0,0.0,81,5.3,52,101,0,0,추움,나쁨
2025-12-20 10:00,2025-12-20,10,12,겨울,3.3,0.7,0.0,0.0,80,4.7,45,79,0,0,쌀쌀함,나쁨
2025-12-20 11:00,2025-12-20,11,12,겨울,2.5,1.9,0.0,0.0,76,0.7,42,88,0,0,쌀쌀함,나쁨
2025-12-20 12:00,2025-12-20,12,12,겨울,7.3,4.8,0.0,0.0,52,4.2,63,103,0,0,쌀쌀함,나쁨
2025-12-20 13:00,2025-12-20,13,12,겨울,4.8,3.2,0.0,0.0,49,2.5,32,66,0,0,쌀쌀함,보통
2025-12-20 14:00,2025-12-20,14,12,겨울,2.5,1.4,0.0,0.0,64,2.2,32,67,0,0,쌀쌀함,보통
2025-12-20 15:00,2025-12-20,15,12,겨울,8.1,7.2,0.0,0.0,73,0.8,65,116,0,0,선선함,나쁨
2025-12-20 16:00,2025-12-20,16,12,겨울,4.8,2.9,0.0,0.0,43,3.1,31,62,0,0,쌀쌀함,보통
2025-12-20 17:00,2025-12-20,17,12,겨울,3.1,-0.9,0.0,0.0,57,5.5,67,123,0,0,쌀쌀함,나쁨
2025-12-20 18:00,2025-12-20,18,12,겨울,-0.6,-5.5,0.0,0.0,75,7.6,61,101,0,0,추움,나쁨
2025-12-20 19:00,2025-12-20,19,12,겨울,-6.0,-12.0,0.0,0.0,59,7.8,58,113,0,0,추움,나쁨
2025-12-20 20:00,2025-12-20,20,12,겨울,-5.3,-8.8,0.0,0.0,43,4.6,55,94,0,0,추움,나쁨
2025-12-20 21:00,2025-12-20,21,12,겨울,-6.7,-11.6,0.0,0.0,34,6.7,52,102,0,0,추움,나쁨
2025-12-20 22:00,2025-12-20,22,12,겨울,-0.9,-4.9,0.0,0.0,58,5.4,64,103,0,0,추움,나쁨
2025-12-20 23:00,2025-12-20,23,12,겨울,-0.7,-3.5,0.0,0.0,69,4.7,69,104,0,0,추움,나쁨
2025-12-21 00:00,2025-12-21,0,12,겨울,-6.1,-8.6,0.0,0.0,51,3.9,22,41,0,0,추움,보통
2025-12-21 01:00,2025-12-21,1,12,겨울,-0.3,-2.2,0.0,0.0,53,2.3,52,104,0,0,추움,나쁨
2025-12-21 02:00,2025-12-21,2,12,겨울,-4.7,-9.2,0.0,0.0,40,5.8,40,83,0,0,추움,나쁨
2025-12-21 03:00,2025-12-21,3,12,겨울,-6.1,-8.8,0.0,0.0,88,3.1,66,133,0,0,추움,나쁨
2025-12-21 04:00,2025-12-21,4,12,겨울,-7.4,-7.7,0.0,0.0,70,0.5,50,104,0,0,추움,나쁨
2025-12-21 05:00,2025-12-21,5,12,겨울,-2.1,-5.6,0.0,0.0,55,5.0,50,88,0,0,추움,나쁨
2025-12-21 06:00,2025-12-21,6,12,겨울,1.8,-1.7,0.0,0.0,88,4.3,30,63,0,0,쌀쌀함,보통
2025-12-21 07:00,2025-12-21,7,12,겨울,-0.5,-2.6,0.0,1.4,79,2.8,47,99,0,1,추움,나쁨
2025-12-21 08:00,2025-12-21,8,12,겨울,1.0,-3.5,0.0,0.0,81,6.9,74,121,0,0,쌀쌀함,나쁨
2025-12-21 09:00,2025-12-21,9,12,겨울,8.2,6.2,0.0,0.0,82,2.3,62,109,0,0,선선함,나쁨
2025-12-21 10:00,2025-12-21,10,12,겨울,8.9,7.2,0.0,0.0,63,1.9,38,66,0,0,선선함,나쁨
2025-12-21 11:00,2025-12-21,11,12,겨울,2.0,-0.1,0.0,0.0,76,3.5,64,139,0,0,쌀쌀함,나쁨
2025-12-21 12:00,2025-12-21,12,12,겨울,11.3,11.4,0.0,0.0,42,1.3,49,90,0,0,선선함,나쁨
2025-12-21 13:00,2025-12-21,13,12,겨울,11.0,6.7,0.0,0.0,85,6.8,62,102,0,0,선선함,나쁨
2025-12-21 14:00,2025-12-21,14,12,겨울,0.3,-1.3,0.0,0.0,67,2.6,63,118,0,0,추움,나쁨
2025-12-21 15:00,2025-12-21,15,12,겨울,6.5,3.1,0.0,0.0,55,5.5,78,165,0,0,쌀쌀함,매우나쁨
2025-12-21 16:00,2025-12-21,16,12,겨울,-1.5,-4.8,0.0,0.0,63,5.1,49,95,0,0,추움,나쁨
2025-12-21 17:00,2025-12-21,17,12,겨울,-0.2,-3.7,0.0,0.0,36,4.6,50,94,0,0,추움,나쁨
2025-12-21 18:00,2025-12-21,18,12,겨울,1.2,-0.8,0.0,0.0,76,3.2,43,85,0,0,쌀쌀함,나쁨
2025-12-21 19:00,2025-12-21,19,12,겨울,-0.5,-0.8,0.0,0.0,47,0.6,45,87,0,0,추움,나쁨
2025-12-21 20:00,2025-12-21,20,12,겨울,-5.5,-6.1,0.0,0.0,35,1.6,58,120,0,0,추움,나쁨
2025-12-21 21:00,2025-12-21,21,12,겨울,-3.9,-5.6,0.0,0.0,72,1.4,42,72,0,0,추움,나쁨
2025-12-21 22:00,2025-12-21,22,12,겨울,-7.5,-7.5,0.0,0.0,61,1.3,38,60,0,0,추움,나쁨
2025-12-21 23:00,2025-12-21,23,12,겨울,-5.4,-8.5,0.0,0.0,31,4.5,66,108,0,0,추움,나쁨
2025-12-22 00:00,2025-12-22,0,12,겨울,-6.9,-10.0,0.0,1.0,36,4.6,74,136,0,1,추움,나쁨
2025-12-22 01:00,2025-12-22,1,12,겨울,-6.7,-10.2,0.0,0.0,90,4.7,67,141,0,0,추움,나쁨
2025-12-22 02:00,2025-12-22,2,12,겨울,-8.8,-13.1,0.0,0.0,35,6.4,78,145,0,0,추움,매우나쁨
2025-12-22 03:00,2025-12-22,3,12,겨울,-5.5,-7.9,0.0,0.0,44,3.2,55,91,0,0,추움,나쁨
2025-12-22 04:00,2025-12-22,4,12,겨울,-3.8,-6.3,0.0,0.5,77,5.4,78,126,0,1,추움,매우나쁨
2025-12-22 05:00,2025-12-22,5,12,겨울,-4.3,-8.6,0.0,0.0,71,6.6,52,92,0,0,추움,나쁨
2025-12-22 06:00,2025-12-22,6,12,겨울,-4.5,-6.2,0.0,0.0,78,3.3,21,38,0,0,추움,보통
2025-12-22 07:00,2025-12-22,7,12,겨울,1.7,0.4,0.0,0.0,45,1.9,57,104,0,0,쌀쌀함,나쁨
2025-12-22 08:00,2025-12-22,8,12,겨울,4.2,0.8,0.0,0.0,85,5.2,45,86,0,0,쌀쌀함,나쁨
2025-12-22 09:00,2025-12-22,9,12,겨울,4.9,0.4,0.0,0.0,74,7.8,58,113,0,0,쌀쌀함,나쁨
2025-12-22 10:00,2025-12-22,10,12,겨울,7.8,6.4,0.0,0.0,57,3.2,47,98,0,0,쌀쌀함,나쁨
2025-12-22 11:00,2025-12-22,11,12,겨울,4.5,-0.4,0.0,0.0,63,7.9,39,79,0,0,쌀쌀함,나쁨
2025-12-22 12:00,2025-12-22,12,12,겨울,2.3,-1.7,0.0,0.0,53,6.3,50,81,0,0,쌀쌀함,나쁨
2025-12-22 13:00,2025-12-22,13,12,겨울,5.7,4.7,0.0,0.0,53,0.9,60,128,0,0,쌀쌀함,나쁨
2025-12-22 14:00,2025-12-22,14,12,겨울,4.1,2.4,0.0,0.0,36,0.9,69,133,0,0,쌀쌀함,나쁨
2025-12-22 15:00,2025-12-22,15,12,겨울,6.1,4.2,0.0,0.0,89,2.9,43,66,0,0,쌀쌀함,나쁨
2025-12-22 16:00,2025-12-22,16,12,겨울,5.1,1.6,0.0,0.0,60,5.5,55,118,0,0,쌀쌀함,나쁨
2025-12-22 17:00,2025-12-22,17,12,겨울,0.4,-0.6,0.0,0.0,76,1.9,40,83,0,0,추움,나쁨
2025-12-22 18:00,2025-12-22,18,12,겨울,1.1,-1.7,0.0,0.0,51,4.5,42,76,0,0,쌀쌀함,나쁨
2025-12-22 19:00,2025-12-22,19,12,겨울,-1.2,-5.6,0.0,0.0,77,5.6,52,94,0,0,추움,나쁨
2025-12-22 20:00,2025-12-22,20,12,겨울,-8.1,-10.5,0.0,0.0,59,2.6,54,99,0,0,추움,나쁨
2025-12-22 21:00,2025-12-22,21,12,겨울,-5.7,-8.0,0.0,0.0,65,3.3,40,75,0,0,추움,나쁨
2025-12-22 22:00,2025-12-22,22,12,겨울,-5.6,-6.5,0.0,0.0,58,3.4,74,137,0,0,추움,나쁨
2025-12-22 23:00,2025-12-22,23,12,겨울,-1.7,-3.9,0.0,0.0,43,2.8,42,83,0,0,추움,나쁨
2025-12-23 00:00,2025-12-23,0,12,겨울,-1.3,-6.8,0.0,0.0,51,7.8,47,93,0,0,추움,나쁨
2025-12-23 01:00,2025-12-23,1,12,겨울,-10.7,-14.7,0.0,0.0,66,5.6,76,162,0,0,추움,매우나쁨
2025-12-23 02:00,2025-12-23,2,12,겨울,-1.5,-3.9,0.0,0.0,75,2.1,21,32,0,0,추움,보통
2025-12-23 03:00,2025-12-23,3,12,겨울,0.6,-4.1,0.0,0.0,31,6.5,56,102,0,0,추움,나쁨
2025-12-23 04:00,2025-12-23,4,12,겨울,-7.2,-7.7,0.0,0.0,36,1.1,45,93,0,0,추움,나쁨
2025-12-23 05:00,2025-12-23,5,12,겨울,-4.2,-5.4,0.0,0.0,51,1.8,43,79,0,0,추움,나쁨
2025-12-23 06:00,2025-12-23,6,12,겨울,-0.3,-3.7,0.0,0.0,58,3.3,47,72,0,0,추움,나쁨
2025-12-23 07:00,2025-12-23,7,12,겨울,3.5,1.5,0.0,0.0,86,2.1,19,36,0,0,쌀쌀함,보통
2025-12-23 08:00,2025-12-23,8,12,겨울,-1.8,-2.8,0.0,0.0,41,0.6,30,50,0,0,추움,보통
2025-12-23 09:00,2025-12-23,9,12,겨울,8.0,6.1,0.0,0.0,85,3.3,43,82,0,0,선선함,나쁨
2025-12-23 10:00,2025-12-23,10,12,겨울,7.1,6.5,0.0,0.0,81,1.7,53,89,0,0,쌀쌀함,나쁨
2025-12-23 11:00,2025-12-23,11,12,겨울,9.9,9.9,0.0,0.0,45,0.6,44,67,0,0,선선함,나쁨
2025-12-23 12:00,2025-12-23,12,12,겨울,4.5,-0.2,0.0,0.0,78,5.4,50,109,0,0,쌀쌀함,나쁨
2025-12-23 13:00,2025-12-23,13,12,겨울,8.5,7.2,0.0,0.0,63,2.4,33,57,0,0,선선함,보통
2025-12-23 14:00,2025-12-23,14,12,겨울,8.2,4.9,0.0,0.0,33,4.2,36,68,0,0,선선함,나쁨
2025-12-23 15:00,2025-12-23,15,12,겨울,-1.2,-2.3,0.0,0.0,64,1.7,26,50,0,0,추움,보통
2025-12-23 16:00,2025-12-23,16,12,겨울,5.3,-0.1,0.0,0.0,46,7.8,34,52,0,0,쌀쌀함,보통
2025-12-23 17:00,2025-12-23,17,12,겨울,3.8,1.6,0.0,0.0,39,2.8,49,99,0,0,쌀쌀함,나쁨
2025-12-23 18:00,2025-12-23,18,12,겨울,2.3,1.5,0.0,0.0,79,0.6,73,140,0,0,쌀쌀함,나쁨
2025-12-23 19:00,2025-12-23,19,12,겨울,-1.4,-1.8,0.0,0.0,73,0.8,51,77,0,0,추움,나쁨
2025-12-23 20:00,2025-12-23,20,12,겨울,-0.8,-3.5,0.0,0.0,34,3.9,40,64,0,0,추움,나쁨
2025-12-23 21:00,2025-12-23,21,12,겨울,-2.4,-6.1,0.0,0.0,86,6.2,75,113,0,0,추움,나쁨
2025-12-23 22:00,2025-12-23,22,12,겨울,0.1,-3.4,0.0,2.8,32,4.4,66,125,0,1,추움,나쁨
2025-12-23 23:00,2025-12-23,23,12,겨울,-8.3,-9.7,0.0,0.0,50,3.2,66,136,0,0,추움,나쁨
2025-12-24 00:00,2025-12-24,0,12,겨울,-0.1,-3.5,0.0,0.0,76,5.4,35,67,0,0,추움,보통
2025-12-24 01:00,2025-12-24,1,12,겨울,-3.6,-6.8,0.0,0.0,46,2.8,61,115,0,0,추움,나쁨
2025-12-24 02:00,2025-12-24,2,12,겨울,-6.2,-10.3,0.0,0.0,45,5.6,54,106,0,0,추움,나쁨
2025-12-24 03:00,2025-12-24,3,12,겨울,-4.0,-6.2,0.0,0.0,50,3.4,78,133,0,0,추움,매우나쁨
2025-12-24 04:00,2025-12-24,4,12,겨울,-6.0,-9.3,0.0,0.0,41,5.0,32,68,0,0,추움,보통
2025-12-24 05:00,2025-12-24,5,12,겨울,-5.6,-10.4,0.0,0.0,47,6.7,47,101,0,0,추움,나쁨
2025-12-24 06:00,2025-12-24,6,12,겨울,-0.9,-3.1,0.0,0.0,42,2.7,54,102,0,0,추움,나쁨
2025-12-24 07:00,2025-12-24,7,12,겨울,1.3,0.3,0.0,0.0,49,1.9,72,115,0,0,쌀쌀함,나쁨
2025-12-24 08:00,2025-12-24,8,12,겨울,0.8,-1.2,0.0,0.0,76,3.3,61,133,0,0,추움,나쁨
2025-12-24 09:00,2025-12-24,9,12,겨울,5.2,5.6,0.0,0.0,75,0.9,68,126,0,0,쌀쌀함,나쁨
2025-12-24 10:00,2025-12-24,10,12,겨울,7.8,3.5,0.0,0.0,39,6.2,39,77,0,0,쌀쌀함,나쁨
2025-12-24 11:00,2025-12-24,11,12,겨울,0.8,-2.7,0.0,0.0,51,4.6,46,76,0,0,추움,나쁨
2025-12-24 12:00,2025-12-24,12,12,겨울,9.8,4.0,0.0,0.0,38,7.4,68,126,0,0,선선함,나쁨
2025-12-24 13:00,2025-12-24,13,12,겨울,0.2,-3.6,0.0,1.6,76,4.4,53,114,0,1,추움,나쁨
2025-12-24 14:00,2025-12-24,14,12,겨울,8.3,6.3,0.0,0.0,82,2.4,41,74,0,0,선선함,나쁨
2025-12-24 15:00,2025-12-24,15,12,겨울,8.8,8.0,0.0,0.0,41,1.0,51,89,0,0,선선함,나쁨
2025-12-24 16:00,2025-12-24,16,12,겨울,7.0,6.7,0.0,0.0,34,0.6,38,61,0,0,쌀쌀함,나쁨
2025-12-24 17:00,2025-12-24,17,12,겨울,-0.9,-5.7,0.0,0.0,52,7.1,27,51,0,0,추움,보통
2025-12-24 18:00,2025-12-24,18,12,겨울,-1.3,-6.1,0.0,0.0,50,7.3,54,84,0,0,추움,나쁨
2025-12-24 19:00,2025-12-24,19,12,겨울,-5.3,-8.8,0.0,0.0,83,6.3,45,82,0,0,추움,나쁨
2025-12-24 20:00,2025-12-24,20,12,겨울,0.2,-3.3,0.0,0.0,48,5.8,45,74,0,0,추움,나쁨
2025-12-24 21:00,2025-12-24,21,12,겨울,-5.7,-6.8,0.0,0.0,65,1.2,64,107,0,0,추움,나쁨
2025-12-24 22:00,2025-12-24,22,12,겨울,0.3,-2.0,0.0,0.0,60,4.3,46,89,0,0,추움,나쁨
2025-12-24 23:00,2025-12-24,23,12,겨울,0.4,-0.9,0.0,0.0,87,2.5,43,92,0,0,추움,나쁨
2025-12-25 00:00,2025-12-25,0,12,겨울,-1.3,-2.4,0.0,0.0,79,2.1,66,119,0,0,추움,나쁨
2025-12-25 01:00,2025-12-25,1,12,겨울,-5.4,-6.6,0.0,0.0,42,1.7,59,101,0,0,추움,나쁨
2025-12-25 02:00,2025-12-25,2,12,겨울,-5.8,-10.3,0.0,0.0,34,6.6,54,91,0,0,추움,나쁨
2025-12-25 03:00,2025-12-25,3,12,겨울,-9.0,-9.3,0.0,0.0,48,1.1,45,78,0,0,추움,나쁨
2025-12-25 04:00,2025-12-25,4,12,겨울,-3.4,-6.7,0.0,2.6,39,4.0,54,83,0,1,추움,나쁨
2025-12-25 05:00,2025-12-25,5,12,겨울,-0.6,-5.8,0.0,0.0,41,6.6,59,125,0,0,추움,나쁨
2025-12-25 06:00,2025-12-25,6,12,겨울,-2.6,-6.1,0.0,0.0,75,4.1,41,76,0,0,추움,나쁨
2025-12-25 07:00,2025-12-25,7,12,겨울,-2.9,-6.2,0.0,0.0,60,5.3,70,146,0,0,추움,나쁨
2025-12-25 08:00,2025-12-25,8,12,겨울,7.2,3.0,0.0,0.0,47,5.8,29,62,0,0,쌀쌀함,보통
2025-12-25 09:00,2025-12-25,9,12,겨울,2.2,-2.9,0.0,0.0,79,7.4,37,59,0,0,쌀쌀함,나쁨
2025-12-25 10:00,2025-12-25,10,12,겨울,0.8,-4.1,0.0,0.0,77,7.8,62,103,0,0,추움,나쁨
2025-12-25 11:00,2025-12-25,11,12,겨울,0.5,-3.6,0.0,0.0,85,6.1,32,70,0,0,추움,보통
2025-12-25 12:00,2025-12-25,12,12,겨울,6.7,2.3,0.0,0.0,61,5.1,45,85,0,0,쌀쌀함,나쁨
2025-12-25 13:00,2025-12-25,13,12,겨울,5.1,3.2,0.0,0.0,64,1.6,59,102,0,0,쌀쌀함,나쁨
2025-12-25 14:00,2025-12-25,14,12,겨울,0.6,-0.5,0.0,0.0,55,1.6,71,117,0,0,추움,나쁨
2025-12-25 15:00,2025-12-25,15,12,겨울,5.8,2.6,0.0,0.0,73,5.1,69,150,0,0,쌀쌀함,나쁨
2025-12-25 16:00,2025-12-25,16,12,겨울,5.1,1.0,0.0,0.0,56,6.1,49,97,0,0,쌀쌀함,나쁨
2025-12-25 17:00,2025-12-25,17,12,겨울,6.9,5.8,0.0,0.0,71,2.4,43,86,0,0,쌀쌀함,나쁨
2025-12-25 18:00,2025-12-25,18,12,겨울,-3.8,-5.2,0.0,0.0,79,2.1,41,80,0,0,추움,나쁨
2025-12-25 19:00,2025-12-25,19,12,겨울,-4.8,-9.9,0.0,0.0,69,7.5,18,37,0,0,추움,보통
2025-12-25 20:00,2025-12-25,20,12,겨울,1.5,-3.8,0.0,0.0,34,7.3,32,62,0,0,쌀쌀함,보통
2025-12-25 21:00,2025-12-25,21,12,겨울,-6.5,-7.8,0.0,0.0,44,2.5,61,131,0,0,추움,나쁨
2025-12-25 22:00,2025-12-25,22,12,겨울,-4.8,-7.5,0.0,0.0,48,3.6,52,114,0,0,추움,나쁨
2025-12-25 23:00,2025-12-25,23,12,겨울,-3.4,-6.0,0.0,0.0,54,4.2,12,26,0,0,추움,좋음
2025-12-26 00:00,2025-12-26,0,12,겨울,-4.4,-7.5,0.0,0.0,89,4.9,49,84,0,0,추움,나쁨
2025-12-26 01:00,2025-12-26,1,12,겨울,-5.3,-10.3,0.0,0.0,32,7.2,33,55,0,0,추움,보통
2025-12-26 02:00,2025-12-26,2,12,겨울,-5.8,-9.0,0.0,0.0,61,5.4,43,70,0,0,추움,나쁨
2025-12-26 03:00,2025-12-26,3,12,겨울,-3.7,-8.4,0.0,0.0,73,6.3,52,91,0,0,추움,나쁨
2025-12-26 04:00,2025-12-26,4,12,겨울,-7.1,-8.1,0.0,0.0,69,2.3,49,105,0,0,추움,나쁨
2025-12-26 05:00,2025-12-26,5,12,겨울,-4.9,-6.8,0.0,0.0,61,2.5,95,166,0,0,추움,매우나쁨
2025-12-26 06:00,2025-12-26,6,12,겨울,-5.0,-8.5,0.0,0.0,42,5.8,35,64,0,0,추움,보통
2025-12-26 07:00,2025-12-26,7,12,겨울,-2.6,-5.8,0.0,4.1,52,3.7,37,69,0,1,추움,나쁨
2025-12-26 08:00,2025-12-26,8,12,겨울,0.5,-2.3,0.0,0.0,58,3.9,63,112,0,0,추움,나쁨
2025-12-26 09:00,2025-12-26,9,12,겨울,6.3,2.5,0.0,0.0,43,6.1,59,98,0,0,쌀쌀함,나쁨
2025-12-26 10:00,2025-12-26,10,12,겨울,8.2,5.1,0.0,0.0,58,3.3,41,67,0,0,선선함,나쁨
2025-12-26 11:00,2025-12-26,11,12,겨울,9.0,6.7,0.0,0.0,55,3.5,34,60,0,0,선선함,보통
2025-12-26 12:00,2025-12-26,12,12,겨울,0.5,-2.1,0.0,0.0,37,4.1,70,112,0,0,추움,나쁨
2025-12-26 13:00,2025-12-26,13,12,겨울,3.6,2.7,0.0,0.0,47,2.1,71,107,0,0,쌀쌀함,나쁨
2025-12-26 14:00,2025-12-26,14,12,겨울,8.4,2.8,0.0,0.0,35,7.5,68,148,0,0,선선함,나쁨
2025-12-26 15:00,2025-12-26,15,12,겨울,4.1,2.4,0.0,0.0,89,1.1,58,121,0,0,쌀쌀함,나쁨
2025-12-26 16:00,2025-12-26,16,12,겨울,6.6,3.7,0.0,0.0,44,5.8,77,138,0,0,쌀쌀함,매우나쁨
2025-12-26 17:00,2025-12-26,17,12,겨울,5.3,1.0,0.0,0.0,38,4.8,18,34,0,0,쌀쌀함,보통
2025-12-26 18:00,2025-12-26,18,12,겨울,0.3,-1.0,0.0,0.0,81,2.6,34,71,0,0,추움,보통
2025-12-26 19:00,2025-12-26,19,12,겨울,-0.2,-3.0,0.0,0.0,72,4.7,32,63,0,0,추움,보통
2025-12-26 20:00,2025-12-26,20,12,겨울,-6.7,-12.1,0.0,0.0,54,7.5,75,112,0,0,추움,나쁨
2025-12-26 21:00,2025-12-26,21,12,겨울,2.7,1.6,0.0,0.0,62,1.5,41,70,0,0,쌀쌀함,나쁨
2025-12-26 22:00,2025-12-26,22,12,겨울,-9.7,-14.1,0.0,0.0,47,5.8,16,31,0,0,추움,보통
2025-12-26 23:00,2025-12-26,23,12,겨울,-2.8,-7.3,0.0,0.0,59,6.4,51,93,0,0,추움,나쁨
2025-12-27 00:00,2025-12-27,0,12,겨울,-5.5,-8.2,0.0,0.0,62,3.4,60,122,0,0,추움,나쁨
2025-12-27 01:00,2025-12-27,1,12,겨울,-1.7,-6.4,0.0,0.0,57,7.2,47,89,0,0,추움,나쁨
2025-12-27 02:00,2025-12-27,2,12,겨울,-4.3,-10.0,0.0,0.0,39,6.9,41,62,0,0,추움,나쁨
2025-12-27 03:00,2025-12-27,3,12,겨울,-7.2,-8.1,0.0,0.0,84,0.8,71,129,0,0,추움,나쁨
2025-12-27 04:00,2025-12-27,4,12,겨울,-6.0,-5.7,0.0,0.0,81,0.6,57,113,0,0,추움,나쁨
2025-12-27 05:00,2025-12-27,5,12,겨울,1.6,-1.3,0.0,0.0,66,4.0,63,123,0,0,쌀쌀함,나쁨
2025-12-27 06:00,2025-12-27,6,12,겨울,-0.9,-3.5,0.0,0.0,86,4.4,38,58,0,0,추움,나쁨
2025-12-27 07:00,2025-12-27,7,12,겨울,4.2,-1.1,0.0,0.0,42,7.6,35,76,0,0,쌀쌀함,보통
2025-12-27 08:00,2025-12-27,8,12,겨울,4.3,1.8,0.0,0.0,44,4.2,43,91,0,0,쌀쌀함,나쁨
2025-12-27 09:00,2025-12-27,9,12,겨울,2.6,1.3,0.0,0.0,44,1.4,78,122,0,0,쌀쌀함,매우나쁨
2025-12-27 10:00,2025-12-27,10,12,겨울,-1.4,-4.2,0.0,0.0,45,3.4,54,99,0,0,추움,나쁨
2025-12-27 11:00,2025-12-27,11,12,겨울,7.6,5.8,0.0,0.0,50,2.8,53,113,0,0,쌀쌀함,나쁨
2025-12-27 12:00,2025-12-27,12,12,겨울,5.0,3.7,0.0,0.0,53,2.2,68,124,0,0,쌀쌀함,나쁨
2025-12-27 13:00,2025-12-27,13,12,겨울,8.5,5.8,0.0,0.0,57,3.8,45,80,0,0,선선함,나쁨
2025-12-27 14:00,2025-12-27,14,12,겨울,1.4,-4.6,0.0,0.0,51,7.3,47,98,0,0,쌀쌀함,나쁨
2025-12-27 15:00,2025-12-27,15,12,겨울,-0.6,-5.3,0.0,0.0,50,7.1,74,134,0,0,추움,나쁨
2025-12-27 16:00,2025-12-27,16,12,겨울,3.7,-0.9,0.0,0.0,61,6.8,54,82,0,0,쌀쌀함,나쁨
2025-12-27 17:00,2025-12-27,17,12,겨울,1.9,1.3,0.0,0.0,66,0.5,48,82,0,0,쌀쌀함,나쁨
2025-12-27 18:00,2025-12-27,18,12,겨울,-2.2,-4.3,0.0,0.0,34,3.6,53,96,0,0,추움,나쁨
2025-12-27 19:00,2025-12-27,19,12,겨울,-1.6,-3.9,0.0,0.0,84,4.4,57,96,0,0,추움,나쁨
2025-12-27 20:00,2025-12-27,20,12,겨울,-6.7,-9.0,0.0,0.0,81,3.5,67,129,0,0,추움,나쁨
2025-12-27 21:00,2025-12-27,21,12,겨울,-8.4,-11.4,0.0,0.0,49,4.6,58,87,0,0,추움,나쁨
2025-12-27 22:00,2025-12-27,22,12,겨울,-8.3,-12.8,0.0,0.0,31,7.5,51,89,0,0,추움,나쁨
2025-12-27 23:00,2025-12-27,23,12,겨울,0.4,-2.2,0.0,0.0,53,3.1,52,103,0,0,추움,나쁨
2025-12-28 00:00,2025-12-28,0,12,겨울,-0.5,-3.5,0.0,0.0,73,4.5,61,97,0,0,추움,나쁨
2025-12-28 01:00,2025-12-28,1,12,겨울,1.3,-0.9,0.0,0.0,35,2.7,56,100,0,0,쌀쌀함,나쁨
2025-12-28 02:00,2025-12-28,2,12,겨울,-6.9,-12.6,0.0,0.0,65,7.5,19,30,0,0,추움,보통
2025-12-28 03:00,2025-12-28,3,12,겨울,-0.8,-1.0,0.0,0.0,53,1.9,81,121,0,0,추움,매우나쁨
2025-12-28 04:00,2025-12-28,4,12,겨울,0.9,-0.7,0.0,0.0,63,2.2,40,80,0,0,추움,나쁨
2025-12-28 05:00,2025-12-28,5,12,겨울,-6.5,-9.6,0.0,0.0,57,5.3,41,78,0,0,추움,나쁨
2025-12-28 06:00,2025-12-28,6,12,겨울,3.2,1.9,0.0,0.0,31,2.6,48,99,0,0,쌀쌀함,나쁨
2025-12-28 07:00,2025-12-28,7,12,겨울,5.0,0.1,0.0,0.0,73,5.7,51,81,0,0,쌀쌀함,나쁨
2025-12-28 08:00,2025-12-28,8,12,겨울,6.0,1.8,0.0,0.0,36,5.1,67,102,0,0,쌀쌀함,나쁨
2025-12-28 09:00,2025-12-28,9,12,겨울,0.0,-1.5,0.0,0.0,60,2.6,43,78,0,0,추움,나쁨
2025-12-28 10:00,2025-12-28,10,12,겨울,-2.0,-3.2,0.0,0.0,80,1.1,39,79,0,0,추움,나쁨
2025-12-28 11:00,2025-12-28,11,12,겨울,1.1,0.1,0.0,0.0,62,3.1,40,85,0,0,쌀쌀함,나쁨
2025-12-28 12:00,2025-12-28,12,12,겨울,0.8,-1.9,0.0,0.0,42,3.3,41,74,0,0,추움,나쁨
2025-12-28 13:00,2025-12-28,13,12,겨울,6.4,3.9,0.0,0.0,68,3.9,41,71,0,0,쌀쌀함,나쁨
2025-12-28 14:00,2025-12-28,14,12,겨울,7.1,3.1,0.0,0.0,52,5.5,62,123,0,0,쌀쌀함,나쁨
2025-12-28 15:00,2025-12-28,15,12,겨울,7.1,6.3,0.0,0.0,87,1.9,31,66,0,0,쌀쌀함,보통
2025-12-28 16:00,2025-12-28,16,12,겨울,-2.3,-4.8,0.0,0.0,40,4.0,72,126,0,0,추움,나쁨
2025-12-28 17:00,2025-12-28,17,12,겨울,0.1,-1.7,0.0,0.0,89,2.5,49,81,0,0,추움,나쁨
2025-12-28 18:00,2025-12-28,18,12,겨울,-1.6,-4.1,0.0,0.0,63,4.1,41,90,0,0,추움,나쁨
2025-12-28 19:00,2025-12-28,19,12,겨울,-1.4,-4.3,0.0,0.0,69,3.8,68,118,0,0,추움,나쁨
2025-12-28 20:00,2025-12-28,20,12,겨울,2.4,2.0,0.0,0.0,46,1.2,38,59,0,0,쌀쌀함,나쁨
2025-12-28 21:00,2025-12-28,21,12,겨울,-3.2,-7.8,0.0,0.0,67,7.3,56,116,0,0,추움,나쁨
2025-12-28 22:00,2025-12-28,22,12,겨울,-1.3,-3.8,0.0,0.0,81,3.7,64,97,0,0,추움,나쁨
2025-12-28 23:00,2025-12-28,23,12,겨울,-5.9,-8.7,0.0,0.0,85,3.5,52,104,0,0,추움,나쁨
2025-12-29 00:00,2025-12-29,0,12,겨울,0.7,-4.1,0.0,0.0,39,6.1,54,116,0,0,추움,나쁨
2025-12-29 01:00,2025-12-29,1,12,겨울,-4.6,-8.5,0.0,0.0,62,5.9,62,117,0,0,추움,나쁨
2025-12-29 02:00,2025-12-29,2,12,겨울,-2.9,-5.7,0.0,0.0,71,3.7,44,67,0,0,추움,나쁨
2025-12-29 03:00,2025-12-29,3,12,겨울,-4.2,-6.4,0.0,0.0,79,4.1,45,94,0,0,추움,나쁨
2025-12-29 04:00,2025-12-29,4,12,겨울,-5.3,-6.9,0.0,0.0,84,1.9,38,80,0,0,추움,나쁨
2025-12-29 05:00,2025-12-29,5,12,겨울,-1.3,-3.8,0.0,0.0,88,3.0,76,163,0,0,추움,매우나쁨
2025-12-29 06:00,2025-12-29,6,12,겨울,3.3,-0.9,0.0,0.0,42,6.6,78,127,0,0,쌀쌀함,매우나쁨
2025-12-29 07:00,2025-12-29,7,12,겨울,-1.7,-4.0,0.0,0.0,32,4.6,58,109,0,0,추움,나쁨
2025-12-29 08:00,2025-12-29,8,12,겨울,1.6,-0.3,0.0,0.0,56,2.0,80,164,0,0,쌀쌀함,매우나쁨
2025-12-29 09:00,2025-12-29,9,12,겨울,4.8,1.3,0.0,0.0,61,5.0,55,119,0,0,쌀쌀함,나쁨
2025-12-29 10:00,2025-12-29,10,12,겨울,6.2,4.2,0.0,0.0,56,3.4,72,124,0,0,쌀쌀함,나쁨
2025-12-29 11:00,2025-12-29,11,12,겨울,4.4,0.7,0.0,0.0,38,4.8,63,121,0,0,쌀쌀함,나쁨
2025-12-29 12:00,2025-12-29,12,12,겨울,6.1,3.5,0.0,0.0,58,2.3,41,64,0,0,쌀쌀함,나쁨
2025-12-29 13:00,2025-12-29,13,12,겨울,8.8,3.3,0.0,0.0,38,6.4,60,101,0,0,선선함,나쁨
2025-12-29 14:00,2025-12-29,14,12,겨울,1.3,-0.7,0.0,0.0,80,2.4,41,82,0,0,쌀쌀함,나쁨
2025-12-29 15:00,2025-12-29,15,12,겨울,2.1,-1.8,0.0,0.0,32,5.2,33,62,0,0,쌀쌀함,보통
2025-12-29 16:00,2025-12-29,16,12,겨울,5.9,5.2,0.0,0.0,65,1.7,61,93,0,0,쌀쌀함,나쁨
2025-12-29 17:00,2025-12-29,17,12,겨울,4.8,0.1,0.0,0.0,82,6.9,32,69,0,0,쌀쌀함,보통
2025-12-29 18:00,2025-12-29,18,12,겨울,-0.1,-1.0,0.0,0.0,67,1.0,57,107,0,0,추움,나쁨
2025-12-29 19:00,2025-12-29,19,12,겨울,-5.9,-7.2,0.0,0.0,73,1.1,66,124,0,0,추움,나쁨
2025-12-29 20:00,2025-12-29,20,12,겨울,1.0,-2.5,0.0,0.0,85,4.8,37,74,0,0,쌀쌀함,나쁨
2025-12-29 21:00,2025-12-29,21,12,겨울,-6.2,-9.6,0.0,0.0,55,4.0,35,70,0,0,추움,보통
2025-12-29 22:00,2025-12-29,22,12,겨울,-10.2,-11.6,0.0,0.0,78,2.4,69,146,0,0,추움,나쁨
2025-12-29 23:00,2025-12-29,23,12,겨울,0.3,-0.8,0.0,0.0,34,2.2,25,44,0,0,추움,보통
2025-12-30 00:00,2025-12-30,0,12,겨울,-6.1,-9.9,0.0,0.0,60,6.1,64,125,0,0,추움,나쁨
2025-12-30 01:00,2025-12-30,1,12,겨울,-7.8,-13.7,0.0,0.0,43,7.5,36,61,0,0,추움,나쁨
2025-12-30 02:00,2025-12-30,2,12,겨울,-4.3,-5.9,0.0,0.0,59,2.5,38,81,0,0,추움,나쁨
2025-12-30 03:00,2025-12-30,3,12,겨울,-6.3,-8.5,0.0,0.0,81,3.0,42,71,0,0,추움,나쁨
2025-12-30 04:00,2025-12-30,4,12,겨울,-8.6,-11.1,0.0,0.0,40,3.8,55,108,0,0,추움,나쁨
2025-12-30 05:00,2025-12-30,5,12,겨울,-3.4,-5.4,0.0,0.0,80,2.4,59,88,0,0,추움,나쁨
2025-12-30 06:00,2025-12-30,6,12,겨울,4.5,0.5,0.0,0.0,70,5.7,34,59,0,0,쌀쌀함,보통
2025-12-30 07:00,2025-12-30,7,12,겨울,2.5,0.6,0.0,0.0,57,2.2,55,85,0,0,쌀쌀함,나쁨
2025-12-30 08:00,2025-12-30,8,12,겨울,4.1,1.7,0.0,0.0,41,2.0,40,65,0,0,쌀쌀함,나쁨
2025-12-30 09:00,2025-12-30,9,12,겨울,3.4,-0.9,0.0,0.0,86,5.4,34,54,0,0,쌀쌀함,보통
2025-12-30 10:00,2025-12-30,10,12,겨울,7.6,2.7,0.0,0.0,66,8.0,17,34,0,0,쌀쌀함,보통
2025-12-30 11:00,2025-12-30,11,12,겨울,2.1,-0.8,0.0,0.0,76,4.5,72,125,0,0,쌀쌀함,나쁨
2025-12-30 12:00,2025-12-30,12,12,겨울,9.7,8.1,0.0,0.0,30,2.2,49,101,0,0,선선함,나쁨
2025-12-30 13:00,2025-12-30,13,12,겨울,3.5,1.0,0.0,0.0,60,3.4,43,89,0,0,쌀쌀함,나쁨
2025-12-30 14:00,2025-12-30,14,12,겨울,1.3,0.5,0.0,0.0,62,2.3,60,123,0,0,쌀쌀함,나쁨
2025-12-30 15:00,2025-12-30,15,12,겨울,-0.6,-5.3,0.0,0.0,72,6.6,34,74,0,0,추움,보통
2025-12-30 16:00,2025-12-30,16,12,겨울,1.6,0.5,0.0,0.0,69,3.1,28,52,0,0,쌀쌀함,보통
2025-12-30 17:00,2025-12-30,17,12,겨울,-0.9,-2.1,0.0,0.0,54,1.5,43,79,0,0,추움,나쁨
2025-12-30 18:00,2025-12-30,18,12,겨울,0.8,-4.7,0.0,0.0,33,7.0,54,104,0,0,추움,나쁨
2025-12-30 19:00,2025-12-30,19,12,겨울,1.3,-1.8,0.0,0.0,63,5.2,42,86,0,0,쌀쌀함,나쁨
2025-12-30 20:00,2025-12-30,20,12,겨울,-3.4,-4.4,0.0,0.0,64,0.8,61,106,0,0,추움,나쁨
2025-12-30 21:00,2025-12-30,21,12,겨울,-0.0,-1.3,0.0,0.0,86,0.5,23,45,0,0,추움,보통
2025-12-30 22:00,2025-12-30,22,12,겨울,-2.6,-8.3,0.0,0.0,56,7.8,47,88,0,0,추움,나쁨
2025-12-30 23:00,2025-12-30,23,12,겨울,-5.8,-7.9,0.0,0.0,76,2.5,81,135,0,0,추움,매우나쁨
2025-12-31 00:00,2025-12-31,0,12,겨울,-4.7,-4.9,0.0,0.0,76,0.9,55,109,0,0,추움,나쁨
2025-12-31 01:00,2025-12-31,1,12,겨울,-9.4,-11.6,0.0,0.0,61,3.1,33,61,0,0,추움,보통
2025-12-31 02:00,2025-12-31,2,12,겨울,-1.7,-2.5,0.0,0.0,53,1.2,38,61,0,0,추움,나쁨
2025-12-31 03:00,2025-12-31,3,12,겨울,-6.7,-8.4,0.0,0.0,46,1.9,38,65,0,0,추움,나쁨
2025-12-31 04:00,2025-12-31,4,12,겨울,-1.4,-6.6,0.0,0.0,87,7.5,51,76,0,0,추움,나쁨
2025-12-31 05:00,2025-12-31,5,12,겨울,1.2,-2.9,0.0,0.0,81,5.4,37,80,0,0,쌀쌀함,나쁨
2025-12-31 06:00,2025-12-31,6,12,겨울,-3.1,-8.6,0.0,0.0,60,7.7,38,70,0,0,추움,나쁨
2025-12-31 07:00,2025-12-31,7,12,겨울,-0.4,-1.2,0.0,1.2,57,2.2,50,82,0,1,추움,나쁨
2025-12-31 08:00,2025-12-31,8,12,겨울,6.5,3.0,0.0,0.0,42,5.7,78,131,0,0,쌀쌀함,매우나쁨
2025-12-31 09:00,2025-12-31,9,12,겨울,5.1,0.4,0.0,0.0,73,6.9,52,85,0,0,쌀쌀함,나쁨
2025-12-31 10:00,2025-12-31,10,12,겨울,2.6,-0.9,0.0,0.0,50,4.4,42,82,0,0,쌀쌀함,나쁨
2025-12-31 11:00,2025-12-31,11,12,겨울,3.1,0.4,0.0,0.0,56,5.0,78,154,0,0,쌀쌀함,매우나쁨
2025-12-31 12:00,2025-12-31,12,12,겨울,3.1,-1.9,0.0,0.0,77,7.4,48,80,0,0,쌀쌀함,나쁨
2025-12-31 13:00,2025-12-31,13,12,겨울,4.6,0.3,0.0,0.0,75,6.9,49,90,0,0,쌀쌀함,나쁨
2025-12-31 14:00,2025-12-31,14,12,겨울,3.9,3.7,0.0,0.0,39,1.6,36,62,0,0,쌀쌀함,나쁨
2025-12-31 15:00,2025-12-31,15,12,겨울,6.1,5.1,0.0,0.0,49,0.9,50,78,0,0,쌀쌀함,나쁨
2025-12-31 16:00,2025-12-31,16,12,겨울,1.8,-2.0,0.0,0.0,81,5.9,27,49,0,0,쌀쌀함,보통
2025-12-31 17:00,2025-12-31,17,12,겨울,-1.1,-5.6,0.0,0.0,49,7.6,56,119,0,0,추움,나쁨
2025-12-31 18:00,2025-12-31,18,12,겨울,-0.9,-3.4,0.0,0.0,66,3.3,49,104,0,0,추움,나쁨
2025-12-31 19:00,2025-12-31,19,12,겨울,0.9,-3.7,0.0,0.0,87,7.6,61,110,0,0,추움,나쁨
2025-12-31 20:00,2025-12-31,20,12,겨울,-4.0,-6.8,0.0,0.0,37,5.5,56,121,0,0,추움,나쁨
2025-12-31 21:00,2025-12-31,21,12,겨울,-0.8,-1.3,0.0,0.0,63,1.4,45,73,0,0,추움,나쁨
2025-12-31 22:00,2025-12-31,22,12,겨울,-5.7,-10.2,0.0,0.0,57,6.5,37,71,0,0,추움,나쁨
2025-12-31 23:00,2025-12-31,23,12,겨울,-3.4,-9.0,0.0,0.0,55,7.8,49,93,0,0,추움,나쁨
